股票代號,股票名稱,收盤價,開盤價,最高價,最低價,K值,D值,RSI,DIF,MACD,柱狀圖,BB上軌,BB中軌,BB下軌,成交量張,5日均量張,量比,市值億,本益比,每股配息,殖利率,交易日,更新時間
1101,台泥,25.0,24.75,25.2,24.6,59.64,65.52,69.23,0.15,-0.07,0.22,26.04,23.95,21.86,21742,31410,0.69,1923.3,15.39,1.0,4.0,2026-04-16,2026-04-16 09:04:43
1102,亞泥,35.5,35.45,35.55,35.05,63.04,72.77,66.13,0.17,0.09,0.07,36.13,35.04,33.96,9134,9543,0.96,1259.03,11.87,2.2,6.2,2026-04-16,2026-04-16 09:04:44
1103,嘉泥,13.9,13.85,14.0,13.85,71.81,71.08,54.55,0.04,0.0,0.03,13.99,13.71,13.44,227,248,0.91,91.57,16.55,0.55,3.96,2026-04-16,2026-04-16 09:04:46
1104,環泥,29.35,29.35,29.45,29.2,30.02,27.16,45.1,-0.07,-0.06,-0.01,29.79,29.4,29.01,331,642,0.52,201.54,11.51,1.7,5.79,2026-04-16,2026-04-16 09:04:47
1108,幸福,14.85,14.85,14.95,14.85,52.17,47.37,38.46,-0.05,-0.06,0.01,14.99,14.85,14.71,268,373,0.72,60.1,6.88,0.75,5.05,2026-04-16,2026-04-16 09:04:48
1109,信大,15.45,15.6,15.6,15.45,71.16,71.63,70.0,0.02,-0.01,0.03,15.54,15.32,15.11,170,119,1.43,52.71,15.0,0.9,5.83,2026-04-16,2026-04-16 09:04:49
1110,東泥,15.95,15.75,16.1,15.75,83.25,70.52,62.12,-0.07,-0.2,0.13,16.0,15.22,14.44,282,188,1.5,90.9,44.31,0.3,1.88,2026-04-16,2026-04-16 09:04:51
1201,味全,13.3,13.35,13.45,13.3,22.69,29.85,42.11,-0.19,-0.2,0.01,13.75,13.47,13.19,340,442,0.77,67.31,33.25,0.5,3.76,2026-04-16,2026-04-16 09:04:52
1203,味王,42.9,42.4,42.9,42.3,93.57,85.15,87.76,0.68,0.29,0.38,42.39,39.89,37.38,68,55,1.22,101.98,23.7,1.2,2.8,2026-04-16,2026-04-16 09:04:53
1210,大成,54.8,55.1,55.5,54.6,39.5,44.43,61.36,0.6,0.66,-0.06,55.28,54.27,53.27,1890,2212,0.85,458.52,12.69,2.83,5.16,2026-04-16,2026-04-16 09:04:54
1213,大飲,9.28,8.93,9.28,8.93,46.7,47.06,39.09,-0.14,-0.12,-0.02,10.14,9.62,9.1,36,13,2.76,5.25,,0.35,3.77,2026-04-16,2026-04-16 09:04:55
1215,卜蜂,144.0,144.0,144.0,141.5,72.89,67.37,46.0,-1.77,-2.24,0.47,152.03,143.7,135.37,1073,1166,0.92,424.5,13.87,7.0,4.86,2026-04-16,2026-04-16 09:04:57
1216,統一,73.0,72.8,73.3,72.4,68.97,63.79,68.85,0.19,-0.02,0.21,73.52,71.58,69.63,8504,10037,0.85,4147.87,21.22,3.0,4.11,2026-04-16,2026-04-16 09:04:58
1217,愛之味,10.35,10.4,10.4,10.35,58.57,54.66,64.29,-0.0,-0.02,0.02,10.41,10.27,10.13,450,467,0.96,51.18,24.64,0.25,2.42,2026-04-16,2026-04-16 09:04:59
1218,泰山,19.2,19.1,19.2,19.1,38.69,49.54,50.0,0.17,0.22,-0.06,19.57,19.28,18.99,702,838,0.84,93.37,14.77,1.35,7.03,2026-04-16,2026-04-16 09:05:00
1219,福壽,14.15,14.5,14.5,14.0,58.87,60.51,57.69,0.2,0.15,0.04,14.58,13.94,13.31,1175,1249,0.94,48.29,31.44,0.5,3.53,2026-04-16,2026-04-16 09:05:01
1220,台榮,12.75,12.75,12.8,12.6,65.41,52.59,61.54,-0.03,-0.07,0.04,12.82,12.55,12.29,82,161,0.51,22.49,159.38,0.7,5.49,2026-04-16,2026-04-16 09:05:03
1225,福懋油,34.05,34.1,34.25,33.8,76.99,67.36,66.04,0.74,0.6,0.14,34.24,32.32,30.4,173,297,0.58,82.49,21.02,0.14,0.41,2026-04-16,2026-04-16 09:05:04
1227,佳格,29.9,30.0,30.05,29.85,8.85,19.51,43.75,0.04,0.14,-0.1,30.94,30.29,29.64,677,723,0.94,271.62,22.48,1.4,4.68,2026-04-16,2026-04-16 09:05:05
1229,聯華,44.3,43.9,44.4,43.9,22.12,24.93,43.28,-0.14,-0.09,-0.06,45.47,44.56,43.66,1465,2047,0.72,792.4,17.24,1.3,2.93,2026-04-16,2026-04-16 09:05:07
1231,聯華食,90.4,89.9,90.9,89.9,22.47,35.22,43.33,0.13,0.4,-0.27,93.97,91.34,88.71,234,335,0.7,269.8,23.73,1.6,1.77,2026-04-16,2026-04-16 09:05:08
1232,大統益,150.5,150.0,150.5,149.5,77.26,64.23,50.0,0.16,0.16,0.0,151.01,149.9,148.79,82,93,0.89,240.76,18.24,7.0,4.65,2026-04-16,2026-04-16 09:05:09
1233,天仁,29.6,29.65,30.0,29.35,73.95,62.75,39.71,-0.51,-0.66,0.16,30.59,29.43,28.26,15,10,1.39,26.8,39.47,0.95,3.21,2026-04-16,2026-04-16 09:05:10
1234,黑松,36.25,36.1,36.35,36.05,57.38,40.89,61.11,-0.13,-0.2,0.07,36.32,35.91,35.51,136,123,1.11,145.68,18.12,1.65,4.55,2026-04-16,2026-04-16 09:05:12
1235,興泰,45.35,43.45,45.9,43.25,84.28,75.39,65.32,1.04,0.24,0.8,46.01,40.26,34.51,50,73,0.69,20.62,,0.5,1.1,2026-04-16,2026-04-16 09:05:13
1236,宏亞,26.95,26.9,27.15,26.65,63.7,47.89,56.92,-0.08,-0.17,0.09,27.56,26.38,25.21,55,59,0.93,23.36,,0.6,2.23,2026-04-16,2026-04-16 09:05:14
1256,鮮活果汁-KY,155.0,153.0,156.5,153.0,60.85,54.18,54.05,-1.26,-2.01,0.75,157.6,150.78,143.95,45,43,1.05,55.45,13.91,4.66,3.01,2026-04-16,2026-04-16 09:05:16
1301,台塑,54.5,53.0,54.5,51.7,76.12,65.69,70.44,1.49,0.67,0.82,53.74,48.08,42.42,40563,60821,0.67,3469.33,39.72,0.5,0.92,2026-04-16,2026-04-16 09:05:19
1303,南亞,90.5,89.8,91.2,86.2,81.13,73.94,66.29,2.37,1.15,1.23,92.28,80.85,69.43,92878,110711,0.84,7177.39,158.77,0.7,0.77,2026-04-16,2026-04-16 09:05:20
1304,台聚,15.25,15.4,15.55,15.2,15.38,27.91,54.04,0.66,0.95,-0.3,18.77,16.04,13.32,8146,19216,0.42,163.53,,0.2,1.31,2026-04-16,2026-04-16 09:05:21
1305,華夏,16.1,16.95,16.95,16.1,30.12,33.71,50.22,0.76,0.98,-0.22,19.02,16.9,14.79,10888,12190,0.89,93.55,,0.15,0.93,2026-04-16,2026-04-16 09:05:22
1307,三芳,32.05,32.05,32.3,31.9,45.6,31.49,36.99,-0.44,-0.33,-0.11,35.63,32.99,30.36,539,589,0.91,127.5,11.29,2.7,8.42,2026-04-16,2026-04-16 09:05:24
1308,亞聚,15.95,16.05,16.25,15.9,10.23,18.52,47.55,0.32,0.66,-0.34,19.55,17.2,14.86,3947,8734,0.45,94.7,59.07,0.25,1.57,2026-04-16,2026-04-16 09:05:25
1309,台達化,20.75,21.25,21.5,20.65,20.42,38.65,56.56,1.8,2.33,-0.53,27.41,21.64,15.87,10469,18206,0.58,82.5,,0.2,0.96,2026-04-16,2026-04-16 09:05:26
1310,台苯,10.15,10.4,10.4,10.15,16.23,18.9,45.95,-0.04,0.12,-0.17,12.26,11.03,9.81,5696,12754,0.45,53.58,39.04,,,2026-04-16,2026-04-16 09:05:27
1312,國喬,14.1,14.5,14.6,14.0,54.01,42.9,57.26,0.12,0.05,0.08,14.93,13.71,12.48,13925,26627,0.52,160.95,21.36,,,2026-04-16,2026-04-16 09:05:29
1313,聯成,12.35,12.65,12.85,12.15,44.47,37.4,50.86,0.11,0.17,-0.06,13.55,12.64,11.74,8250,9693,0.85,164.36,,0.15,1.21,2026-04-16,2026-04-16 09:05:30
1314,中石化,7.8,7.8,7.84,7.75,32.28,29.2,39.34,-0.15,-0.1,-0.06,8.7,8.17,7.64,15618,35976,0.43,295.22,4.48,,,2026-04-16,2026-04-16 09:05:31
1315,達新,64.7,64.7,64.9,64.2,36.18,39.68,58.82,0.14,-0.02,0.16,65.09,63.76,62.43,39,31,1.25,61.81,41.74,4.5,6.96,2026-04-16,2026-04-16 09:05:32
1316,上曜,12.2,12.25,12.45,12.15,41.87,32.99,39.39,-0.26,-0.31,0.05,12.76,12.27,11.77,2123,1463,1.45,40.46,55.45,,,2026-04-16,2026-04-16 09:05:33
1319,東陽,79.9,78.6,79.9,78.5,28.45,20.82,34.88,-3.39,-3.78,0.39,85.43,81.33,77.23,2116,3202,0.66,472.59,12.43,5.3,6.63,2026-04-16,2026-04-16 09:05:35
1321,大洋,33.1,33.25,33.35,33.0,32.47,32.0,35.71,-0.11,-0.05,-0.05,34.29,33.42,32.55,127,192,0.66,73.05,,0.38,1.15,2026-04-16,2026-04-16 09:05:36
1323,永裕,21.3,21.7,21.7,21.15,24.68,41.42,57.59,0.75,0.82,-0.07,24.42,20.96,17.49,105,208,0.51,19.44,81.92,0.9,4.23,2026-04-16,2026-04-16 09:05:37
1324,地球,11.4,11.4,11.85,11.3,22.63,37.68,57.81,0.24,0.25,-0.01,12.52,11.18,9.85,295,262,1.13,8.56,,0.2,1.75,2026-04-16,2026-04-16 09:05:38
1325,恆大,27.0,27.1,27.15,26.9,23.32,17.03,48.33,-0.36,-0.39,0.03,27.85,27.15,26.45,128,186,0.69,23.03,,0.3,1.11,2026-04-16,2026-04-16 09:05:40
1326,台化,52.1,50.6,52.5,49.95,66.26,57.59,66.09,2.0,1.35,0.65,52.7,46.47,40.24,34081,68846,0.5,3047.34,65.98,0.5,0.96,2026-04-16,2026-04-16 09:05:41
1337,再生-KY,5.62,5.7,5.71,5.6,21.41,20.69,37.84,-0.03,0.05,-0.08,6.58,6.03,5.47,801,880,0.91,15.12,,,,2026-04-16,2026-04-16 09:05:42
1338,廣華-KY,16.45,16.3,16.5,16.3,44.67,49.55,66.4,-0.1,-0.35,0.26,17.4,15.58,13.77,130,189,0.69,13.28,1.91,0.78,4.74,2026-04-16,2026-04-16 09:05:43
1339,昭輝,40.8,40.65,40.8,40.3,31.64,36.42,45.65,-0.33,-0.36,0.03,41.95,41.02,40.09,98,94,1.04,30.24,16.93,3.0,7.35,2026-04-16,2026-04-16 09:05:45
1340,勝悅-KY,6.45,6.46,6.49,6.4,13.59,18.43,26.6,-0.14,-0.11,-0.03,7.09,6.7,6.31,154,251,0.61,9.86,,,,2026-04-16,2026-04-16 09:05:46
1341,富林-KY,60.4,60.5,60.6,60.4,87.84,83.03,70.83,0.3,0.09,0.21,60.78,59.1,57.41,6,7,0.79,31.92,16.32,5.2,8.61,2026-04-16,2026-04-16 09:05:47
1342,八貫,92.0,88.8,92.0,88.8,86.53,76.65,68.18,0.18,-0.61,0.79,91.24,86.55,81.86,490,289,1.69,71.76,16.46,6.0,6.52,2026-04-16,2026-04-16 09:05:48
1402,遠東新,26.45,26.5,26.5,26.25,39.58,44.26,57.35,-0.29,-0.35,0.06,27.07,26.46,25.85,16929,15904,1.06,1415.63,17.06,1.6,6.05,2026-04-16,2026-04-16 09:05:49
1409,新纖,17.05,16.9,17.35,16.8,69.37,62.06,67.09,0.34,0.22,0.12,17.36,16.16,14.95,12114,14810,0.82,275.14,14.33,0.6,3.52,2026-04-16,2026-04-16 09:05:51
1410,南染,30.75,31.3,32.3,30.0,41.92,36.59,44.66,-0.31,-0.37,0.06,32.02,31.36,30.7,169,77,2.19,19.06,53.02,0.51,1.66,2026-04-16,2026-04-16 09:05:52
1413,宏洲,9.85,9.85,9.92,9.42,80.18,79.46,61.64,0.02,0.01,0.01,10.0,9.78,9.56,36,21,1.73,13.01,21.89,,,2026-04-16,2026-04-16 09:05:53
1414,東和,16.8,16.9,17.1,16.65,29.24,26.23,42.31,-0.61,-0.62,0.01,18.72,17.36,16.0,361,295,1.23,33.26,88.42,0.2,1.19,2026-04-16,2026-04-16 09:05:54
1416,廣豐,11.6,11.65,11.7,11.5,67.03,66.61,50.0,-0.01,-0.04,0.02,11.76,11.54,11.31,186,220,0.85,21.5,14.32,0.56,4.83,2026-04-16,2026-04-16 09:05:55
1417,嘉裕,9.04,9.06,9.08,8.99,31.86,37.11,34.15,0.05,0.07,-0.02,9.24,9.08,8.91,192,147,1.31,17.17,14.58,0.25,2.77,2026-04-16,2026-04-16 09:05:57
1418,東華,18.75,18.45,18.8,18.3,42.01,41.99,43.75,-0.14,-0.15,0.02,19.17,18.76,18.35,12,13,0.9,10.18,,,,2026-04-16,2026-04-16 09:05:58
1419,新紡,63.9,64.1,64.4,63.5,78.68,72.9,57.01,-0.43,-1.0,0.57,64.23,61.9,59.56,89,121,0.73,191.21,15.59,1.5,2.35,2026-04-16,2026-04-16 09:05:59
1423,利華,40.6,40.8,41.0,40.4,46.67,36.85,58.33,0.29,0.3,-0.01,40.45,40.04,39.62,109,60,1.81,40.46,9.38,0.8,1.97,2026-04-16,2026-04-16 09:06:00
1432,大魯閣,17.2,17.1,17.25,17.0,17.2,12.66,15.15,-0.24,-0.21,-0.04,18.37,17.62,16.86,163,250,0.65,18.58,2.86,2.0,11.63,2026-04-16,2026-04-16 09:06:02
1434,福懋,16.85,16.85,16.9,16.75,57.75,51.18,61.22,-0.03,-0.09,0.05,17.0,16.61,16.22,1926,2022,0.95,283.5,33.04,0.8,4.75,2026-04-16,2026-04-16 09:06:03
1435,中福,14.6,14.55,14.6,14.55,8.6,5.41,21.77,-1.65,-1.45,-0.2,20.85,16.68,12.51,3,1,1.88,20.41,,,,2026-04-16,2026-04-16 09:06:04
1436,華友聯,53.3,53.4,53.8,53.3,42.42,33.6,43.1,-0.8,-0.93,0.12,55.5,53.7,51.9,228,191,1.2,103.48,11.15,7.53,14.13,2026-04-16,2026-04-16 09:06:05
1437,勤益控,30.5,30.5,30.6,30.45,29.02,35.18,42.42,-0.28,-0.34,0.06,30.9,30.61,30.32,74,77,0.96,61.57,12.71,1.83,6.0,2026-04-16,2026-04-16 09:06:06
1438,三地開發,28.7,29.6,29.6,28.4,45.69,38.66,35.71,-0.57,-0.75,0.17,30.18,28.84,27.49,38,27,1.42,31.92,17.39,,,2026-04-16,2026-04-16 09:06:08
1439,雋揚,27.5,27.8,28.0,27.2,72.78,67.25,43.75,-0.2,-0.27,0.07,28.54,27.7,26.85,17,28,0.62,25.3,8.57,0.3,1.09,2026-04-16,2026-04-16 09:06:09
1440,南紡,13.55,13.6,13.8,13.55,71.91,57.74,65.31,0.09,-0.02,0.12,13.72,13.0,12.29,1452,2909,0.5,224.5,64.52,0.3,2.21,2026-04-16,2026-04-16 09:06:10
1441,大東,9.92,9.82,10.15,9.82,44.93,45.54,48.68,-0.04,-0.05,0.01,10.01,9.87,9.74,24,27,0.9,7.12,,,,2026-04-16,2026-04-16 09:06:11
1442,名軒,27.3,27.35,27.95,27.3,51.4,41.7,52.1,-0.26,-0.39,0.13,27.94,26.75,25.57,650,545,1.19,99.98,9.04,4.5,16.48,2026-04-16,2026-04-16 09:06:13
1443,立益物流,24.3,24.15,24.35,23.2,70.47,50.76,48.3,-0.49,-0.68,0.19,25.18,23.64,22.1,75,47,1.59,32.89,21.5,,,2026-04-16,2026-04-16 09:06:14
1444,力麗,6.71,6.68,6.74,6.63,75.23,64.34,73.11,0.1,0.04,0.05,6.73,6.36,6.0,1242,1529,0.81,66.05,23.96,,,2026-04-16,2026-04-16 09:06:15
1445,大宇,13.0,13.05,13.15,12.8,58.77,44.76,63.35,-0.05,-0.16,0.11,13.02,12.46,11.89,56,83,0.68,16.99,,0.5,3.85,2026-04-16,2026-04-16 09:06:16
1446,宏和,16.8,16.35,16.8,16.35,49.01,31.31,43.48,-0.04,-0.03,-0.01,17.37,16.72,16.06,123,137,0.9,23.14,10.37,2.0,11.9,2026-04-16,2026-04-16 09:06:18
1447,力鵬,5.44,5.32,5.44,5.26,79.05,61.85,70.33,-0.03,-0.06,0.03,5.55,5.22,4.89,1709,1544,1.11,45.89,15.11,,,2026-04-16,2026-04-16 09:06:19
1449,佳和,14.55,14.65,15.05,14.55,60.34,65.92,67.07,0.97,0.79,0.19,16.47,13.17,9.88,2730,6216,0.44,18.5,121.25,,,2026-04-16,2026-04-16 09:06:20
1451,年興,17.55,17.8,17.8,17.5,81.14,80.73,73.76,0.14,0.09,0.06,17.69,17.17,16.66,326,291,1.12,34.75,9.97,1.0,5.7,2026-04-16,2026-04-16 09:06:21
1452,宏益,11.95,11.85,12.05,11.85,39.26,48.43,78.12,0.16,0.11,0.05,12.35,11.57,10.78,126,89,1.42,15.85,6.04,0.5,4.18,2026-04-16,2026-04-16 09:06:23
1453,大將,12.2,12.2,12.4,12.2,29.08,25.55,41.67,-0.09,-0.1,0.01,12.5,12.25,12.0,77,78,0.99,13.82,305.0,,,2026-04-16,2026-04-16 09:06:24
1454,台富,13.3,13.0,13.45,12.85,54.67,37.51,58.14,-0.08,-0.14,0.06,13.19,12.85,12.5,117,56,2.07,16.24,,0.25,1.88,2026-04-16,2026-04-16 09:06:25
1455,集盛,9.18,8.87,9.18,8.8,65.41,43.47,58.14,0.01,0.0,0.01,9.45,8.85,8.25,1773,942,1.88,48.81,12.75,,,2026-04-16,2026-04-16 09:06:26
1456,怡華,14.75,14.6,14.95,14.5,38.01,38.72,49.02,0.27,0.27,-0.0,15.35,14.36,13.37,84,82,1.02,13.82,4.34,,,2026-04-16,2026-04-16 09:06:28
1457,宜進,15.0,15.0,15.1,14.9,31.47,34.01,42.11,0.05,0.09,-0.04,15.44,15.09,14.74,155,197,0.79,35.03,12.71,1.0,6.67,2026-04-16,2026-04-16 09:06:29
1459,聯發,11.75,11.75,11.8,11.7,45.88,37.43,55.0,-0.03,-0.05,0.01,11.8,11.68,11.56,93,119,0.78,37.3,8.45,,,2026-04-16,2026-04-16 09:06:30
1460,宏遠,6.96,7.0,7.05,6.94,34.82,39.41,35.05,0.04,0.07,-0.03,7.26,7.08,6.9,632,578,1.09,46.94,10.71,,,2026-04-16,2026-04-16 09:06:31
1463,強盛新,18.0,17.9,18.05,17.85,72.63,70.89,57.89,0.02,0.01,0.01,18.13,17.92,17.7,40,90,0.44,30.89,138.46,2.1,11.67,2026-04-16,2026-04-16 09:06:33
1464,得力,10.45,10.4,10.6,10.4,56.2,47.95,51.85,-0.11,-0.14,0.03,10.64,10.42,10.19,415,421,0.99,44.21,29.86,0.5,4.78,2026-04-16,2026-04-16 09:06:34
1465,偉全,13.1,12.9,13.2,12.9,79.49,68.94,89.29,0.13,0.02,0.11,12.89,12.28,11.67,185,111,1.67,13.57,,0.6,4.58,2026-04-16,2026-04-16 09:06:35
1466,聚隆,16.75,16.55,17.1,16.5,54.08,56.83,45.68,-0.1,-0.03,-0.07,18.09,17.0,15.91,265,256,1.03,18.62,,,,2026-04-16,2026-04-16 09:06:36
1467,南緯,7.0,7.03,7.08,7.0,35.08,43.74,40.43,-0.06,-0.07,0.01,7.15,7.06,6.97,463,278,1.66,16.35,,,,2026-04-16,2026-04-16 09:06:38
1468,昶和,12.0,12.05,12.15,11.95,74.64,77.37,52.27,-0.02,-0.1,0.08,12.71,12.04,11.38,56,89,0.62,19.25,57.14,,,2026-04-16,2026-04-16 09:06:39
1470,大統新創,23.3,23.35,23.55,22.95,58.65,50.65,57.98,-0.01,-0.16,0.14,23.35,22.3,21.25,16,16,1.01,19.98,29.87,1.01,4.33,2026-04-16,2026-04-16 09:06:40
1471,首利,12.0,11.95,12.15,11.9,27.17,22.32,31.51,-0.16,-0.06,-0.1,13.84,12.54,11.24,733,662,1.11,18.05,400.0,,,2026-04-16,2026-04-16 09:06:41
1472,三洋實業,94.9,96.0,96.0,94.6,47.39,46.31,38.71,0.8,1.13,-0.33,97.21,95.86,94.52,12,27,0.45,49.81,15.61,3.0,3.16,2026-04-16,2026-04-16 09:06:43
1473,台南,23.45,23.5,23.7,23.35,25.33,33.67,46.84,-0.22,-0.22,-0.01,24.32,23.77,23.22,156,77,2.0,34.27,41.14,2.0,8.53,2026-04-16,2026-04-16 09:06:44
1474,弘裕,10.5,10.35,10.5,10.3,86.94,68.63,80.0,0.06,-0.01,0.07,10.42,10.07,9.72,175,135,1.3,13.64,31.82,0.4,3.81,2026-04-16,2026-04-16 09:06:45
1475,業旺,28.5,28.5,28.7,28.1,80.21,81.51,67.05,0.19,-0.06,0.25,29.18,27.61,26.05,43,85,0.51,18.81,10.48,1.5,5.26,2026-04-16,2026-04-16 09:06:46
1476,儒鴻,346.0,340.0,348.0,338.5,72.91,53.13,50.0,-12.26,-15.61,3.35,379.1,342.12,305.15,755,1197,0.63,949.31,17.22,17.0,4.91,2026-04-16,2026-04-16 09:06:47
1477,聚陽,216.5,219.0,219.0,215.0,20.52,15.48,13.68,-18.14,-17.9,-0.25,287.03,238.53,190.02,1615,1508,1.07,534.09,14.83,15.0,6.93,2026-04-16,2026-04-16 09:06:48
1503,士電,196.0,196.5,197.5,192.0,72.15,58.9,48.51,-3.31,-5.14,1.83,207.49,190.6,173.71,1690,1719,0.98,1021.11,31.26,4.5,2.3,2026-04-16,2026-04-16 09:06:50
1504,東元,63.2,62.9,63.7,62.5,67.24,46.36,41.62,-3.09,-3.77,0.69,69.73,63.15,56.56,9222,9338,0.99,1481.81,26.12,2.2,3.48,2026-04-16,2026-04-16 09:06:51
1506,正道,11.05,11.25,11.25,11.05,53.78,49.97,40.62,-0.11,-0.13,0.02,11.54,11.22,10.9,147,135,1.09,33.19,184.17,,,2026-04-16,2026-04-16 09:06:52
1512,瑞利,7.44,7.39,7.48,7.35,25.46,22.96,42.46,-0.09,-0.08,-0.01,7.83,7.5,7.17,131,126,1.04,7.3,39.16,,,2026-04-16,2026-04-16 09:06:54
1513,中興電,155.0,151.0,155.0,150.5,78.17,63.45,44.44,-2.1,-3.02,0.92,162.54,151.8,141.06,4695,3357,1.4,765.81,19.21,4.6,2.97,2026-04-16,2026-04-16 09:06:55
1514,亞力,111.5,111.5,113.0,108.5,72.63,56.6,45.59,-2.25,-3.18,0.93,119.74,108.4,97.06,3437,2607,1.32,302.02,34.52,1.7,1.52,2026-04-16,2026-04-16 09:06:56
1515,力山,23.2,23.1,23.4,23.1,22.49,19.14,34.78,-0.65,-0.63,-0.02,25.23,23.85,22.48,243,396,0.61,42.1,23.92,1.0,4.31,2026-04-16,2026-04-16 09:06:57
1516,川飛,20.0,20.2,20.8,20.0,9.85,14.13,32.76,-0.62,-0.54,-0.08,22.89,20.91,18.93,32,30,1.08,8.0,500.0,,,2026-04-16,2026-04-16 09:06:59
1517,利奇,11.2,11.25,11.3,11.15,41.1,34.48,45.83,-0.12,-0.14,0.02,11.56,11.28,10.99,223,244,0.92,24.64,1.7,0.2,1.79,2026-04-16,2026-04-16 09:07:00
1519,華城,872.0,879.0,885.0,835.0,66.95,50.2,41.96,-20.49,-27.26,6.77,951.49,854.2,756.91,5437,2975,1.83,2754.48,62.55,9.0,1.03,2026-04-16,2026-04-16 09:07:01
1521,大億,25.2,25.2,25.25,25.1,33.46,34.15,55.1,-0.16,-0.23,0.08,25.43,24.96,24.48,25,28,0.9,19.21,28.97,1.0,3.97,2026-04-16,2026-04-16 09:07:02
1522,堤維西,33.2,32.8,33.35,32.8,76.24,57.02,51.45,-1.89,-2.49,0.6,34.11,32.45,30.78,841,811,1.04,103.57,19.3,3.0,9.04,2026-04-16,2026-04-16 09:07:04
1524,耿鼎,29.3,29.5,29.75,29.2,64.68,58.34,57.88,0.15,0.0,0.15,30.05,28.46,26.86,946,1286,0.74,48.44,15.03,1.4,4.78,2026-04-16,2026-04-16 09:07:05
1525,江申,60.7,62.1,62.1,60.7,21.8,31.36,50.0,-0.24,-0.09,-0.15,63.98,61.83,59.67,23,38,0.62,44.55,18.91,2.8,4.61,2026-04-16,2026-04-16 09:07:06
1526,日馳,16.85,16.8,17.2,16.75,49.36,33.41,44.44,-0.5,-0.58,0.08,17.92,16.93,15.95,110,131,0.84,10.11,,,,2026-04-16,2026-04-16 09:07:07
1527,鑽全,32.95,32.85,33.0,32.75,62.08,61.79,66.67,-0.07,-0.18,0.11,33.05,32.54,32.03,206,203,1.01,45.66,21.68,2.2,6.68,2026-04-16,2026-04-16 09:07:09
1528,恩德,29.8,31.3,31.75,29.1,76.17,74.9,75.95,1.44,0.92,0.52,30.6,25.54,20.48,52585,34605,1.52,57.02,,0.1,0.34,2026-04-16,2026-04-16 09:07:10
1529,樂事綠能,23.75,24.0,24.0,23.5,46.04,40.92,38.06,-0.5,-0.4,-0.1,27.62,24.61,21.61,536,945,0.57,36.84,23.51,0.2,0.84,2026-04-16,2026-04-16 09:07:11
1530,亞崴,28.4,27.35,28.95,27.35,74.74,62.04,75.68,-0.02,-0.25,0.23,27.61,26.61,25.62,62,37,1.69,26.86,47.33,1.53,5.39,2026-04-16,2026-04-16 09:07:12
1531,高林股,13.05,13.3,13.3,12.85,58.22,64.66,60.0,0.23,0.22,0.01,13.49,12.95,12.41,217,186,1.17,23.77,13.88,0.4,3.07,2026-04-16,2026-04-16 09:07:14
1532,勤美,22.15,21.85,22.25,21.85,60.24,53.81,49.06,-0.39,-0.48,0.09,22.81,22.07,21.33,687,652,1.05,92.2,22.6,1.73,7.81,2026-04-16,2026-04-16 09:07:15
1533,車王電,31.35,31.2,31.5,30.95,77.07,62.59,60.78,0.07,-0.14,0.21,31.63,30.24,28.85,175,133,1.31,30.89,54.05,,,2026-04-16,2026-04-16 09:07:16
1535,中宇,51.9,51.9,52.2,51.8,14.17,17.71,30.56,0.09,0.27,-0.19,53.65,52.62,51.59,69,77,0.9,64.22,13.01,3.0,5.78,2026-04-16,2026-04-16 09:07:17
1536,和大,50.8,51.7,51.8,50.8,62.14,51.04,46.73,-1.32,-1.85,0.52,53.15,50.17,47.19,984,1557,0.63,141.71,94.07,0.8,1.57,2026-04-16,2026-04-16 09:07:19
1537,廣隆,125.0,124.0,125.0,124.0,64.46,58.33,54.55,0.16,0.1,0.07,125.17,123.97,122.78,52,58,0.91,102.58,15.74,10.5,8.4,2026-04-16,2026-04-16 09:07:20
1538,正峰,12.6,12.15,12.65,12.15,20.73,16.7,10.0,-1.91,-2.2,0.29,17.13,13.78,10.43,49,17,2.84,4.07,,,,2026-04-16,2026-04-16 09:07:21
1539,巨庭,16.45,16.7,16.7,16.4,44.84,35.96,47.37,-0.26,-0.3,0.04,17.16,16.57,15.97,133,170,0.78,10.75,78.33,0.85,5.17,2026-04-16,2026-04-16 09:07:22
1540,喬福,22.2,22.3,22.3,21.95,50.13,41.63,49.28,-0.26,-0.34,0.08,22.53,22.06,21.6,270,297,0.91,18.98,20.0,1.6,7.21,2026-04-16,2026-04-16 09:07:24
1541,錩泰,25.3,25.65,26.4,25.3,43.58,50.07,48.8,0.12,0.21,-0.09,26.65,25.62,24.59,74,73,1.01,19.94,10.95,0.5,1.98,2026-04-16,2026-04-16 09:07:25
1558,伸興,93.8,92.9,93.9,92.9,67.12,49.82,50.0,-0.62,-0.91,0.29,94.37,92.85,91.33,50,34,1.48,60.53,17.05,6.0,6.4,2026-04-16,2026-04-16 09:07:26
1560,中砂,544.0,530.0,544.0,522.0,89.58,81.86,70.56,18.03,10.51,7.52,543.0,477.5,412.0,2818,2538,1.11,801.27,59.65,3.99,0.73,2026-04-16,2026-04-16 09:07:27
1563,巧新,42.8,42.5,43.25,42.4,51.53,41.05,61.29,-0.05,-0.37,0.32,43.86,41.48,39.1,421,620,0.68,92.91,30.14,2.27,5.3,2026-04-16,2026-04-16 09:07:29
1568,倉佑,25.3,25.35,25.55,25.2,85.55,79.93,84.15,0.63,0.28,0.35,25.34,23.15,20.96,213,460,0.46,26.08,18.6,1.2,4.74,2026-04-16,2026-04-16 09:07:30
1582,信錦,101.5,103.0,103.5,98.5,39.81,48.69,65.28,5.3,5.93,-0.63,113.47,97.72,81.98,5589,8754,0.64,146.43,29.59,5.5,5.42,2026-04-16,2026-04-16 09:07:31
1583,程泰,47.55,47.25,48.65,46.8,72.29,62.48,74.44,0.11,-0.35,0.46,46.59,44.52,42.44,36,31,1.16,52.02,12.35,3.03,6.37,2026-04-16,2026-04-16 09:07:32
1587,吉茂,35.0,35.0,35.65,34.7,25.46,34.55,47.53,-1.34,-1.62,0.28,37.37,35.44,33.51,354,455,0.78,28.02,94.59,0.5,1.43,2026-04-16,2026-04-16 09:07:34
1589,永冠-KY,5.54,5.54,5.54,5.54,0.51,2.21,0.87,-1.39,-1.55,0.16,9.0,6.73,4.46,0,0,,8.48,1.21,,,2026-04-15,2026-04-16 09:07:35
1590,亞德客-KY,1225.0,1220.0,1245.0,1180.0,86.57,79.19,79.94,29.16,4.09,25.07,1189.66,1041.05,892.44,1343,879,1.53,2450.0,29.2,20.01,1.63,2026-04-16,2026-04-16 09:07:36
1597,直得,117.0,119.5,122.5,115.5,88.93,87.32,74.74,8.96,5.64,3.32,117.79,92.11,66.42,6959,5402,1.29,102.1,128.57,0.7,0.6,2026-04-16,2026-04-16 09:07:38
1598,岱宇,20.4,20.05,20.7,20.0,67.9,60.05,65.33,0.09,-0.01,0.1,20.41,19.66,18.91,392,362,1.08,33.93,2.48,0.5,2.45,2026-04-16,2026-04-16 09:07:39
1603,華電,32.75,32.85,32.9,32.65,75.09,59.18,45.54,-0.97,-1.23,0.26,34.21,32.7,31.19,224,288,0.78,52.02,10.05,1.5,4.58,2026-04-16,2026-04-16 09:07:40
1604,聲寶,23.85,23.9,23.95,23.75,36.48,40.65,54.84,0.18,0.22,-0.04,24.11,23.77,23.42,1037,1124,0.92,89.14,14.03,1.5,6.29,2026-04-16,2026-04-16 09:07:42
1605,華新,32.1,32.65,32.65,32.0,63.59,57.7,51.45,-0.48,-0.85,0.37,33.37,31.37,29.37,14366,21192,0.68,1422.46,42.8,0.5,1.56,2026-04-16,2026-04-16 09:07:43
1608,華榮,33.45,33.5,33.5,33.1,80.01,65.66,60.95,-0.32,-0.65,0.33,33.91,32.33,30.74,1544,1875,0.82,141.9,6.1,1.0,2.99,2026-04-16,2026-04-16 09:07:44
1609,大亞,34.5,34.45,34.55,34.15,84.56,73.87,58.5,-0.74,-1.19,0.44,35.07,33.18,31.28,2184,2608,0.84,270.12,21.43,0.75,2.17,2026-04-16,2026-04-16 09:07:45
1611,中電,12.4,12.35,12.45,12.3,58.66,50.81,46.87,-0.02,-0.03,0.01,12.77,12.38,11.98,423,539,0.78,40.02,413.33,0.8,6.45,2026-04-16,2026-04-16 09:07:47
1612,宏泰,35.65,35.4,35.65,35.35,81.09,66.22,51.85,0.02,-0.08,0.1,36.07,35.16,34.24,508,521,0.97,112.68,12.96,2.1,5.89,2026-04-16,2026-04-16 09:07:48
1614,三洋電,32.25,32.1,32.4,32.0,68.94,54.46,47.37,-0.25,-0.36,0.11,32.81,32.05,31.3,65,74,0.88,83.51,33.59,0.58,1.8,2026-04-16,2026-04-16 09:07:49
1615,大山,47.65,47.1,47.8,47.1,84.07,73.08,60.25,0.04,-0.26,0.29,47.55,46.01,44.47,181,159,1.14,93.71,9.97,2.0,4.2,2026-04-16,2026-04-16 09:07:50
1616,億泰,23.7,23.75,23.95,23.65,67.4,54.27,41.18,-0.77,-0.96,0.19,24.65,23.66,22.67,438,370,1.18,44.91,15.29,1.8,7.59,2026-04-16,2026-04-16 09:07:52
1617,榮星,15.9,15.6,16.05,15.6,78.73,69.93,80.49,0.06,-0.11,0.16,15.69,14.89,14.08,305,164,1.86,25.09,23.38,0.5,3.14,2026-04-16,2026-04-16 09:07:53
1618,合機,39.2,39.55,39.55,39.05,60.85,43.77,42.17,-1.0,-1.18,0.19,41.66,39.39,37.12,474,566,0.84,75.54,9.38,1.5,3.83,2026-04-16,2026-04-16 09:07:54
1623,大東電,195.5,190.0,195.5,185.0,66.79,47.41,51.55,-5.05,-7.53,2.48,200.47,186.83,173.19,206,147,1.4,129.03,14.38,8.0,4.09,2026-04-16,2026-04-16 09:07:55
1626,艾美特-KY,10.95,10.05,10.95,9.99,39.76,21.74,68.42,-0.09,-0.17,0.08,10.63,10.16,9.69,575,204,2.81,16.41,,,,2026-04-16,2026-04-16 09:07:56
1702,南僑,36.95,37.2,37.25,36.65,51.22,56.21,70.0,-0.01,-0.17,0.16,37.07,36.11,35.14,283,336,0.84,91.67,32.99,2.5,6.77,2026-04-16,2026-04-16 09:07:58
1707,葡萄王,118.0,119.0,119.0,117.5,31.97,38.56,43.33,-0.63,-0.34,-0.29,122.94,120.15,117.36,169,256,0.66,174.8,14.44,6.0,5.08,2026-04-16,2026-04-16 09:07:59
1708,東鹼,39.95,41.0,41.0,39.95,30.73,29.53,45.02,0.43,0.9,-0.47,45.67,42.04,38.41,2438,4881,0.5,99.48,12.29,2.0,5.01,2026-04-16,2026-04-16 09:08:00
1709,和益,19.1,19.25,19.25,18.95,63.79,58.94,68.18,0.43,0.34,0.09,19.31,18.35,17.39,617,1501,0.41,91.11,15.53,0.8,4.19,2026-04-16,2026-04-16 09:08:01
1710,東聯,13.85,13.85,13.95,13.7,30.52,27.76,46.22,0.06,0.18,-0.12,15.76,14.45,13.13,2848,7627,0.37,121.47,14.43,,,2026-04-16,2026-04-16 09:08:03
1711,永光,43.6,43.8,45.85,42.5,75.54,63.07,56.07,2.88,2.67,0.22,45.19,39.24,33.29,46190,55963,0.83,238.82,,0.3,0.69,2026-04-16,2026-04-16 09:08:04
1712,興農,42.85,42.45,42.85,42.1,20.53,16.74,35.92,-0.36,-0.18,-0.17,45.27,43.69,42.11,501,696,0.72,180.18,16.48,2.5,5.83,2026-04-16,2026-04-16 09:08:05
1713,國化,48.3,48.4,48.75,48.0,74.91,61.7,51.77,0.1,-0.08,0.18,48.95,47.41,45.87,157,207,0.76,72.91,12.55,7.5,15.53,2026-04-16,2026-04-16 09:08:06
1714,和桐,9.86,9.93,9.93,9.82,43.96,45.11,55.5,0.12,0.1,0.02,10.2,9.73,9.26,2834,10575,0.27,96.79,19.72,0.21,2.13,2026-04-16,2026-04-16 09:08:07
1717,長興,76.1,79.1,79.4,75.2,80.01,78.79,69.32,4.54,2.83,1.71,83.36,66.98,50.6,58407,122475,0.48,892.08,53.97,1.0,1.31,2026-04-16,2026-04-16 09:08:09
1718,中纖,7.03,7.09,7.1,7.01,7.64,9.97,35.54,-0.06,0.0,-0.06,7.81,7.41,7.01,3242,5452,0.59,94.21,78.11,,,2026-04-16,2026-04-16 09:08:10
1720,生達,63.7,63.9,64.3,63.6,36.02,39.8,59.46,0.2,0.23,-0.03,64.44,63.24,62.04,236,201,1.18,113.83,12.3,2.8,4.4,2026-04-16,2026-04-16 09:08:11
1721,三晃,18.65,19.0,19.3,18.65,64.57,59.55,50.91,0.15,0.01,0.14,20.18,18.29,16.4,2613,4037,0.65,34.48,,,,2026-04-16,2026-04-16 09:08:12
1722,台肥,45.65,45.75,45.9,45.6,38.71,50.41,53.38,-0.14,-0.15,0.02,47.37,46.06,44.76,2246,2830,0.79,447.37,48.05,2.0,4.38,2026-04-16,2026-04-16 09:08:14
1723,中碳,81.5,81.9,83.0,80.8,37.72,36.83,63.72,2.05,2.31,-0.26,89.96,79.64,69.33,727,1355,0.54,189.2,30.75,4.5,5.52,2026-04-16,2026-04-16 09:08:15
1725,元禎,30.9,30.5,31.3,30.5,51.81,43.68,48.33,0.27,0.33,-0.06,34.29,31.13,27.97,99,234,0.43,56.19,20.2,1.25,4.05,2026-04-16,2026-04-16 09:08:16
1726,永記,76.4,76.0,76.4,76.0,70.8,50.32,66.67,-0.02,-0.16,0.14,76.16,75.45,74.73,43,40,1.08,123.77,13.92,3.6,4.71,2026-04-16,2026-04-16 09:08:17
1727,中華化,54.2,57.1,57.1,53.4,69.65,65.2,55.25,1.65,1.12,0.53,59.14,52.18,45.22,6279,10044,0.63,69.39,1355.0,0.5,0.92,2026-04-16,2026-04-16 09:08:19
1730,花仙子,52.8,52.6,52.8,52.5,29.94,32.38,50.0,-0.06,-0.05,-0.01,53.27,52.83,52.4,31,33,0.93,33.39,11.73,3.0,5.68,2026-04-16,2026-04-16 09:08:20
1731,美吾華,21.9,21.9,21.95,21.85,70.59,61.94,60.0,-0.01,-0.03,0.02,21.94,21.81,21.68,55,106,0.52,29.11,16.1,1.2,5.48,2026-04-16,2026-04-16 09:08:21
1732,毛寶,26.2,26.15,26.35,26.05,55.02,43.3,48.39,-0.2,-0.24,0.05,26.52,26.18,25.83,50,97,0.52,11.12,37.97,0.5,1.91,2026-04-16,2026-04-16 09:08:22
1733,五鼎,29.95,30.0,30.2,29.8,66.34,60.07,49.02,0.06,0.01,0.05,30.27,29.6,28.94,165,155,1.06,29.94,18.49,1.2,4.01,2026-04-16,2026-04-16 09:08:23
1734,杏輝,32.1,31.9,32.15,31.85,89.74,82.91,62.12,0.28,0.21,0.07,32.17,31.33,30.49,500,361,1.38,61.05,16.72,0.95,2.96,2026-04-16,2026-04-16 09:08:25
1735,日勝化,28.1,29.2,29.2,27.75,64.79,58.82,54.34,1.61,1.46,0.15,32.64,27.04,21.44,1371,3649,0.38,27.93,36.03,0.8,2.85,2026-04-16,2026-04-16 09:08:26
1736,喬山,120.0,117.0,121.0,117.0,17.58,20.84,41.77,-3.9,-3.8,-0.1,130.81,123.25,115.69,656,582,1.13,364.07,13.25,4.0,3.33,2026-04-16,2026-04-16 09:08:27
1737,臺鹽,32.2,32.2,32.25,32.15,86.06,87.01,69.23,0.15,0.1,0.04,32.29,31.83,31.36,88,93,0.95,64.4,16.18,1.3,4.04,2026-04-16,2026-04-16 09:08:29
1752,南光,35.6,35.55,35.8,35.5,25.12,23.56,34.29,-0.24,-0.23,-0.01,36.52,35.96,35.4,84,47,1.77,35.95,14.77,1.6,4.49,2026-04-16,2026-04-16 09:08:30
1760,寶齡富錦,65.0,64.0,65.0,63.5,42.36,44.03,56.99,0.56,0.49,0.07,65.69,63.52,61.34,278,179,1.55,55.73,29.41,1.8,2.77,2026-04-16,2026-04-16 09:08:31
1762,中化生,29.7,30.25,30.25,29.5,66.83,46.81,52.13,0.27,0.22,0.04,30.41,28.85,27.28,106,134,0.8,22.84,66.0,0.19,0.64,2026-04-16,2026-04-16 09:08:32
1773,勝一,155.5,158.5,158.5,153.5,85.88,78.28,63.16,2.05,0.49,1.56,158.87,147.35,135.83,1065,1334,0.8,466.5,22.94,2.5,1.61,2026-04-16,2026-04-16 09:08:33
1776,展宇,16.3,16.3,16.55,16.25,60.04,49.85,60.0,0.18,0.14,0.04,16.57,15.91,15.25,100,91,1.1,9.8,60.37,0.6,3.68,2026-04-16,2026-04-16 09:08:35
1783,和康生,41.95,41.8,42.2,41.8,24.2,28.53,35.96,-0.48,-0.4,-0.08,44.65,43.11,41.57,66,107,0.62,37.62,14.27,0.83,1.98,2026-04-16,2026-04-16 09:08:36
1786,科妍,64.9,138.0,145.5,135.0,91.75,82.03,81.45,15.15,10.49,4.66,140.82,103.4,65.98,12318,22560,0.55,48.56,29.77,1.91,2.94,2026-04-16,2026-04-16 09:08:37
1789,神隆,21.6,21.3,21.65,21.25,31.42,34.19,55.66,-0.11,-0.15,0.04,22.49,21.39,20.29,990,823,1.2,170.8,127.06,0.35,1.62,2026-04-16,2026-04-16 09:08:39
1795,美時,236.0,235.0,239.0,234.5,77.01,69.38,68.18,-7.37,-13.31,5.94,243.59,218.9,194.21,2236,3497,0.64,620.23,13.07,5.78,2.45,2026-04-16,2026-04-16 09:08:40
1799,易威,41.3,41.6,41.75,41.3,68.92,68.23,64.34,1.96,1.9,0.06,44.32,39.6,34.89,163,179,0.91,51.5,,,,2026-04-16,2026-04-16 09:08:41
1802,台玻,69.9,70.5,72.8,66.0,82.71,73.16,75.74,3.23,1.69,1.54,70.15,58.1,46.05,240441,201238,1.19,2032.73,20.8,,,2026-04-16,2026-04-16 09:08:43
1805,寶徠,11.0,10.95,11.1,10.85,78.73,71.78,50.0,-0.06,-0.12,0.06,11.76,10.88,10.0,46,84,0.55,14.85,55.0,,,2026-04-16,2026-04-16 09:08:44
1806,冠軍,8.44,8.48,8.48,8.36,34.53,25.56,42.53,-0.1,-0.11,0.01,8.73,8.47,8.22,310,266,1.17,32.62,29.1,1.0,11.85,2026-04-16,2026-04-16 09:08:45
1808,潤隆,30.35,30.25,30.5,30.15,15.64,19.13,40.59,-0.21,-0.17,-0.04,31.48,30.61,29.75,900,1245,0.72,271.04,22.32,2.22,7.31,2026-04-16,2026-04-16 09:08:46
1809,中釉,27.1,27.5,28.15,26.85,59.74,47.21,46.23,0.14,0.21,-0.07,31.7,27.43,23.16,3545,3706,0.96,45.27,142.63,0.25,0.92,2026-04-16,2026-04-16 09:08:48
1810,和成,18.05,17.5,18.3,17.5,65.14,53.39,53.42,-0.18,-0.27,0.09,18.19,17.48,16.76,1465,825,1.78,54.49,361.0,0.19,1.05,2026-04-16,2026-04-16 09:08:49
1817,凱撒衛,38.85,38.95,38.95,38.6,75.46,73.26,53.33,0.04,0.04,0.0,39.04,38.8,38.55,44,51,0.86,28.21,10.82,2.4,6.18,2026-04-16,2026-04-16 09:08:50
1903,士紙,49.45,49.15,49.85,48.95,45.32,45.87,48.68,-0.63,-0.77,0.14,50.82,49.62,48.42,165,210,0.78,128.59,38.33,,,2026-04-16,2026-04-16 09:08:51
1904,正隆,18.9,19.15,19.15,18.75,48.35,38.27,51.11,0.22,0.26,-0.04,20.32,18.86,17.4,1581,1717,0.92,209.46,25.54,0.45,2.38,2026-04-16,2026-04-16 09:08:52
1905,華紙,14.6,14.3,14.6,14.25,35.05,32.14,58.22,0.52,0.66,-0.14,17.83,14.2,10.57,3282,3172,1.03,161.01,,,,2026-04-16,2026-04-16 09:08:54
1906,寶隆,11.8,12.0,12.0,11.8,23.31,26.65,56.52,0.07,0.09,-0.02,13.18,11.77,10.36,85,189,0.45,17.82,1180.0,0.1,0.85,2026-04-16,2026-04-16 09:08:55
1907,永豐餘,25.95,26.4,26.45,25.9,29.29,29.41,61.54,0.28,0.27,0.01,27.47,25.66,23.85,924,1026,0.9,430.87,21.81,0.8,3.08,2026-04-16,2026-04-16 09:08:56
1909,榮成,9.69,9.65,9.79,9.65,16.22,20.81,52.61,0.04,0.06,-0.03,10.62,9.76,8.9,1590,2517,0.63,126.53,,,,2026-04-16,2026-04-16 09:08:57
2002,中鋼,19.95,20.25,20.25,19.85,69.23,73.88,58.67,0.15,0.06,0.09,20.55,19.6,18.65,46169,42186,1.09,3056.38,39.37,0.33,1.65,2026-04-16,2026-04-16 09:08:59
2006,東和鋼鐵,71.0,70.6,71.1,70.0,57.83,55.3,44.14,-0.09,-0.06,-0.03,73.26,70.64,68.03,2591,2481,1.04,518.45,11.02,4.3,6.06,2026-04-16,2026-04-16 09:09:00
2007,燁興,8.03,8.01,8.07,7.98,36.83,29.02,26.26,-0.04,-0.03,-0.02,8.7,8.19,7.68,347,349,0.99,42.61,,,,2026-04-16,2026-04-16 09:09:01
2008,高興昌,27.45,27.5,27.5,27.05,26.73,27.72,46.96,-0.32,-0.34,0.02,28.54,27.64,26.74,44,40,1.1,52.39,40.37,0.5,1.82,2026-04-16,2026-04-16 09:09:02
2009,第一銅,41.25,41.1,41.55,40.8,50.89,47.79,51.81,-0.72,-1.05,0.33,42.45,40.77,39.09,1322,1989,0.66,148.34,121.32,0.5,1.21,2026-04-16,2026-04-16 09:09:04
2010,春源,25.1,25.2,25.3,25.0,48.21,47.76,39.06,0.47,0.58,-0.1,25.73,25.14,24.54,1292,1950,0.66,162.56,10.82,1.3,5.18,2026-04-16,2026-04-16 09:09:05
2012,春雨,15.95,15.9,16.0,15.9,58.12,52.07,52.78,-0.11,-0.17,0.06,16.49,15.9,15.31,65,57,1.15,44.46,88.61,1.0,6.27,2026-04-16,2026-04-16 09:09:06
2013,中鋼構,44.1,44.3,44.5,43.8,35.04,31.58,37.04,0.15,0.25,-0.1,45.2,44.26,43.32,135,124,1.09,88.2,13.87,2.0,4.54,2026-04-16,2026-04-16 09:09:08
2014,中鴻,18.55,18.65,18.85,18.5,37.37,38.53,46.3,0.18,0.19,-0.02,19.25,18.5,17.74,5063,5149,0.98,266.29,55.37,,,2026-04-16,2026-04-16 09:09:09
2015,豐興,63.7,63.5,63.9,62.9,67.29,56.49,44.09,-0.09,-0.15,0.05,66.38,63.44,60.51,254,240,1.06,370.48,16.55,3.3,5.18,2026-04-16,2026-04-16 09:09:10
2017,官田鋼,9.43,9.51,9.6,9.43,7.61,11.94,21.9,-0.01,0.08,-0.09,10.56,9.94,9.31,687,852,0.81,40.3,,,,2026-04-16,2026-04-16 09:09:11
2020,美亞,23.4,23.35,23.4,23.2,61.1,67.84,63.69,0.29,0.26,0.03,23.92,22.95,21.97,1235,1268,0.97,62.49,10.99,1.8,7.69,2026-04-16,2026-04-16 09:09:13
2022,聚亨,8.86,8.92,8.95,8.86,12.92,21.41,29.63,-0.02,0.02,-0.04,9.56,9.12,8.67,808,1336,0.61,29.87,,,,2026-04-16,2026-04-16 09:09:14
2023,燁輝,14.0,14.05,14.05,13.85,30.95,32.29,35.29,-0.15,-0.12,-0.03,14.74,14.34,13.94,2931,2568,1.14,260.57,36.84,,,2026-04-16,2026-04-16 09:09:15
2024,志聯,14.65,14.65,14.65,14.45,32.55,25.89,42.86,-0.21,-0.24,0.03,15.18,14.74,14.3,16,19,0.82,14.28,,,,2026-04-16,2026-04-16 09:09:16
2025,千興,12.25,11.6,12.25,11.55,65.44,46.54,62.07,0.04,-0.04,0.08,12.47,11.52,10.56,326,211,1.55,21.15,,,,2026-04-16,2026-04-16 09:09:18
2027,大成鋼,37.3,37.65,37.65,37.2,34.8,42.89,53.21,0.23,0.23,0.0,38.9,37.48,36.07,14277,24391,0.59,877.98,13.0,1.1,2.95,2026-04-16,2026-04-16 09:09:19
2028,威致,19.5,19.2,19.55,19.2,74.27,50.63,67.31,0.16,0.03,0.13,19.45,18.5,17.55,186,182,1.02,63.18,69.64,0.6,3.08,2026-04-16,2026-04-16 09:09:20
2029,盛餘,20.75,20.8,20.8,20.7,55.02,41.01,56.76,-0.07,-0.14,0.06,20.87,20.55,20.22,135,145,0.93,66.64,28.04,1.25,6.02,2026-04-16,2026-04-16 09:09:21
2030,彰源,16.45,16.6,16.7,16.25,65.44,51.96,52.08,0.11,0.06,0.04,16.74,16.13,15.52,730,684,1.07,45.4,47.0,0.71,4.32,2026-04-16,2026-04-16 09:09:23
2031,新光鋼,41.0,40.9,41.1,40.8,69.67,70.25,61.11,0.47,0.44,0.03,41.52,40.43,39.34,725,686,1.06,131.67,12.5,2.5,6.1,2026-04-16,2026-04-16 09:09:24
2032,新鋼,16.45,16.85,16.85,16.4,53.09,47.64,57.11,0.25,0.23,0.02,17.03,16.17,15.32,501,482,1.04,21.47,29.38,0.5,3.04,2026-04-16,2026-04-16 09:09:25
2033,佳大,16.6,16.5,16.65,16.15,60.54,64.7,72.92,0.15,0.04,0.11,16.91,15.94,14.97,151,136,1.11,13.4,47.43,0.2,1.2,2026-04-16,2026-04-16 09:09:27
2034,允強,20.75,20.65,20.8,20.55,45.66,41.22,58.54,0.05,0.0,0.05,20.92,20.44,19.95,1033,1138,0.91,109.77,103.75,1.0,4.82,2026-04-16,2026-04-16 09:09:28
2038,海光,15.35,15.65,15.7,15.35,24.74,20.3,41.94,0.05,0.08,-0.03,16.06,15.49,14.91,586,386,1.52,29.8,,,,2026-04-16,2026-04-16 09:09:29
2049,上銀,279.0,285.0,289.0,275.5,75.12,66.07,70.7,9.93,4.77,5.15,277.0,241.18,205.35,13372,14328,0.93,987.08,65.03,2.4,0.86,2026-04-16,2026-04-16 09:09:30
2059,川湖,3445.0,3515.0,3570.0,3440.0,58.19,47.71,43.93,21.26,22.02,-0.76,3676.24,3418.0,3159.76,614,626,0.98,3282.98,34.18,32.2,0.93,2026-04-16,2026-04-16 09:09:32
2062,橋椿,21.9,22.2,22.35,21.85,79.19,73.32,69.41,0.29,0.07,0.22,22.35,20.84,19.33,407,429,0.95,43.8,56.15,1.8,8.22,2026-04-16,2026-04-16 09:09:33
2069,運錩,18.5,18.45,19.0,18.4,33.51,32.6,40.54,-0.09,-0.09,-0.01,18.98,18.61,18.24,245,214,1.15,30.78,11.42,0.9,4.86,2026-04-16,2026-04-16 09:09:34
2101,南港,36.45,36.75,36.85,36.15,49.68,56.37,59.7,0.71,0.57,0.14,37.96,35.34,32.71,1259,2300,0.55,263.56,36.09,0.7,1.92,2026-04-16,2026-04-16 09:09:35
2102,泰豐,19.2,19.25,19.45,19.15,31.79,52.94,48.94,0.04,0.07,-0.03,20.41,19.55,18.69,203,405,0.5,88.24,3.06,,,2026-04-16,2026-04-16 09:09:37
2103,台橡,19.35,19.45,19.45,19.05,39.43,37.99,51.38,0.09,0.21,-0.12,21.17,19.76,18.34,2598,3862,0.67,159.77,35.83,0.63,3.26,2026-04-16,2026-04-16 09:09:38
2104,國際中橡,11.5,11.55,11.6,11.35,10.82,11.49,39.22,-0.17,-0.08,-0.1,12.88,12.12,11.37,2346,3551,0.66,111.55,42.59,,,2026-04-16,2026-04-16 09:09:39
2105,正新,32.7,32.0,32.7,31.95,81.3,78.35,70.07,0.62,0.46,0.15,33.08,31.1,29.12,6996,9764,0.72,1059.94,21.8,2.4,7.34,2026-04-16,2026-04-16 09:09:40
2106,建大,18.65,18.6,18.65,18.35,55.99,49.77,64.62,-0.1,-0.19,0.09,18.89,18.22,17.55,513,686,0.75,178.09,143.46,1.1,5.9,2026-04-16,2026-04-16 09:09:41
2107,厚生,26.1,25.85,26.2,25.85,85.01,79.78,81.48,0.19,0.12,0.07,25.97,25.39,24.81,452,333,1.36,79.24,15.63,1.4,5.36,2026-04-16,2026-04-16 09:09:43
2108,南帝,26.0,26.1,26.2,25.75,51.79,48.73,61.54,0.48,0.49,-0.0,27.29,25.68,24.07,664,940,0.71,128.03,31.33,1.0,3.85,2026-04-16,2026-04-16 09:09:44
2109,華豐,14.75,14.7,14.75,14.65,62.9,59.38,56.25,0.06,0.06,0.0,14.83,14.68,14.54,74,110,0.68,41.2,12.72,1.3,8.81,2026-04-16,2026-04-16 09:09:45
2114,鑫永銓,89.3,89.6,89.6,88.8,71.11,61.96,57.14,-0.04,-0.2,0.16,89.45,88.44,87.43,13,29,0.45,69.65,15.5,5.0,5.6,2026-04-16,2026-04-16 09:09:46
2115,六暉-KY,21.6,21.6,22.0,21.3,44.18,44.68,54.17,-0.37,-0.49,0.12,21.76,21.49,21.21,257,87,2.95,22.54,13.67,1.5,6.94,2026-04-16,2026-04-16 09:09:47
2201,裕隆,27.25,27.3,28.0,27.2,34.68,24.35,46.32,-0.56,-0.64,0.08,28.56,27.39,26.23,6521,6016,1.08,289.52,29.3,0.56,2.06,2026-04-16,2026-04-16 09:09:49
2204,中華,55.0,55.2,55.3,54.6,30.21,29.05,51.11,-0.47,-0.48,0.02,56.64,55.12,53.59,1573,1167,1.35,304.49,10.05,3.6,6.55,2026-04-16,2026-04-16 09:09:50
2206,三陽工業,58.8,59.1,59.1,58.2,36.51,49.11,56.86,-0.06,-0.09,0.03,60.02,58.82,57.62,815,742,1.1,454.73,10.19,3.03,5.15,2026-04-16,2026-04-16 09:09:51
2207,和泰車,516.0,517.0,522.0,513.0,80.04,70.22,58.25,-1.54,-5.76,4.21,517.73,496.57,475.42,349,333,1.05,2874.65,15.23,20.0,3.88,2026-04-16,2026-04-16 09:09:52
2208,台船,20.8,20.5,21.2,20.5,28.4,20.23,32.89,-0.36,-0.37,0.01,22.09,20.86,19.62,4386,3799,1.15,265.1,,,,2026-04-16,2026-04-16 09:09:54
2211,長榮鋼,100.5,100.5,101.5,100.0,55.38,53.88,44.0,-0.36,-0.46,0.1,102.62,100.2,97.79,488,503,0.97,419.18,11.69,5.0,4.98,2026-04-16,2026-04-16 09:09:55
2227,裕日車,55.0,53.6,55.0,53.5,87.48,71.79,80.14,0.3,-0.3,0.6,53.47,50.73,47.99,115,57,2.0,165.0,42.31,3.9,7.09,2026-04-16,2026-04-16 09:09:56
2228,劍麟,90.6,91.4,91.9,90.6,63.64,66.91,55.78,-0.41,-1.01,0.6,92.59,89.35,86.12,117,165,0.71,72.28,17.8,9.0,9.93,2026-04-16,2026-04-16 09:09:57
2230,泰茂,30.6,30.35,30.8,30.05,34.69,29.39,37.63,-4.08,-5.27,1.19,34.69,31.69,28.69,248,244,1.02,20.82,,1.0,3.27,2026-04-16,2026-04-16 09:09:59
2231,為升,128.0,119.0,130.5,116.0,61.48,54.77,62.37,8.35,7.71,0.64,145.4,112.09,78.78,5232,1705,3.07,173.99,20.0,2.07,1.62,2026-04-16,2026-04-16 09:10:00
2233,宇隆,231.5,229.0,238.0,226.5,62.67,46.57,49.31,-0.97,-2.11,1.14,241.2,226.05,210.9,902,1157,0.78,139.57,34.6,7.0,3.02,2026-04-16,2026-04-16 09:10:01
2236,百達-KY,129.5,125.5,129.5,124.5,91.17,86.98,81.36,3.75,1.77,1.98,129.13,114.47,99.82,800,877,0.91,79.52,16.79,0.31,0.24,2026-04-16,2026-04-16 09:10:02
2239,英利-KY,23.55,23.45,24.0,23.4,57.38,47.2,62.35,-0.57,-0.81,0.25,24.09,23.07,22.04,76,94,0.81,27.72,3.08,,,2026-04-16,2026-04-16 09:10:04
2241,艾姆勒,27.9,28.6,28.6,27.75,37.06,26.59,33.97,-0.66,-0.63,-0.04,32.1,29.18,26.26,364,309,1.18,29.18,,,,2026-04-16,2026-04-16 09:10:05
2243,宏旭-KY,23.2,23.2,23.85,23.0,73.82,72.07,62.07,2.01,2.09,-0.07,24.11,21.29,18.46,930,1734,0.54,16.09,19.02,,,2026-04-16,2026-04-16 09:10:06
2247,汎德永業,236.0,238.0,238.0,234.5,34.42,44.66,44.44,-3.88,-4.99,1.12,242.02,236.93,231.83,96,66,1.45,190.47,13.39,25.0,10.59,2026-04-16,2026-04-16 09:10:07
2248,華勝-KY,52.8,53.2,53.7,52.8,79.65,66.19,66.36,0.88,0.41,0.46,53.6,49.99,46.39,42,137,0.31,25.13,9.94,2.73,5.17,2026-04-16,2026-04-16 09:10:08
2250,IKKA-KY,63.8,64.2,64.2,63.4,69.72,54.05,47.79,-1.11,-1.61,0.5,66.11,62.7,59.28,41,67,0.62,23.22,16.19,3.35,5.25,2026-04-16,2026-04-16 09:10:09
2254,巨鎧精密-創,69.6,69.5,70.1,69.4,51.55,35.3,44.71,0.64,0.99,-0.34,71.98,69.82,67.66,25,18,1.38,44.37,,,,2026-04-16,2026-04-16 09:10:11
2258,鴻華先進-創,28.25,28.45,29.7,28.05,54.11,46.17,36.53,-1.72,-2.07,0.35,31.89,28.63,25.37,1441,966,1.49,492.58,,,,2026-04-16,2026-04-16 09:10:12
2301,光寶科,161.0,161.5,162.5,159.5,73.96,64.38,52.63,-0.72,-2.31,1.6,167.88,154.35,140.82,18519,25706,0.72,3654.33,24.47,7.51,4.66,2026-04-16,2026-04-16 09:10:13
2302,麗正,18.3,18.25,18.6,18.25,61.77,54.17,44.59,-0.11,-0.16,0.05,19.22,18.19,17.17,574,483,1.19,30.43,37.35,0.58,3.17,2026-04-16,2026-04-16 09:10:14
2303,聯電,68.3,66.5,68.3,65.6,83.23,72.93,66.91,0.72,-0.29,1.01,65.07,59.06,53.05,282325,154672,1.83,8597.71,20.63,2.85,4.17,2026-04-16,2026-04-16 09:10:16
2305,全友,17.75,18.0,18.75,17.6,55.58,60.81,64.45,1.06,0.96,0.1,19.38,16.38,13.39,3844,8282,0.46,35.98,88.75,,,2026-04-16,2026-04-16 09:10:17
2308,台達電,1845.0,1835.0,1845.0,1785.0,90.83,84.33,69.28,115.17,87.93,27.24,1848.32,1562.25,1276.18,9622,9359,1.03,47924.68,80.11,7.0,0.38,2026-04-16,2026-04-16 09:10:18
2312,金寶,25.7,25.7,25.7,25.7,73.5,54.52,65.5,-0.11,-0.47,0.36,24.85,22.87,20.89,23699,16350,1.45,386.91,24.71,0.6,2.33,2026-04-16,2026-04-16 09:10:20
2313,華通,260.0,265.5,266.5,256.0,35.6,54.68,59.93,16.52,18.75,-2.23,300.01,252.97,205.94,50009,72519,0.69,3098.73,47.27,2.8,1.08,2026-04-16,2026-04-16 09:10:21
2314,台揚,14.05,13.8,14.05,13.8,31.53,24.17,34.96,-1.59,-1.31,-0.28,22.01,16.68,11.34,324,887,0.37,6.28,10.33,,,2026-04-16,2026-04-16 09:10:22
2316,楠梓電,114.5,115.5,116.0,111.0,74.35,67.65,59.76,4.05,2.5,1.55,121.31,106.05,90.8,5465,10689,0.51,207.74,8.56,0.5,0.44,2026-04-16,2026-04-16 09:10:23
2317,鴻海,207.0,207.5,211.0,206.0,79.75,71.77,57.29,-2.62,-4.87,2.25,211.55,199.82,188.1,45136,52741,0.86,28902.87,15.45,5.8,2.8,2026-04-16,2026-04-16 09:10:25
2321,東訊,13.35,13.2,13.35,13.1,36.18,38.25,32.5,-0.6,-0.52,-0.08,15.48,14.23,12.98,34,16,2.12,4.0,,,,2026-04-16,2026-04-16 09:10:26
2323,中環,10.9,10.85,11.05,10.85,36.81,30.13,34.43,-0.07,-0.01,-0.06,12.53,11.29,10.05,6344,5320,1.19,118.74,6.9,0.3,2.75,2026-04-16,2026-04-16 09:10:27
2324,仁寶,29.4,30.5,30.7,29.2,67.29,53.72,44.12,-0.37,-0.5,0.14,32.67,29.29,25.92,66910,39854,1.68,1281.0,21.46,1.1,3.74,2026-04-16,2026-04-16 09:10:28
2327,國巨*,325.0,320.0,331.5,304.5,87.88,79.22,78.76,12.19,4.27,7.93,323.17,273.38,223.58,68210,67895,1.0,6695.75,28.26,5.0,1.54,2026-04-16,2026-04-16 09:10:30
2328,廣宇,45.3,45.4,45.95,45.2,59.36,55.44,48.89,-0.63,-0.88,0.25,46.83,44.99,43.14,2748,2613,1.05,234.81,29.04,1.1,2.43,2026-04-16,2026-04-16 09:10:31
2329,華泰,60.5,58.6,62.0,58.5,78.34,64.97,62.16,0.9,-0.06,0.97,62.77,54.92,47.08,34499,29689,1.16,398.68,31.35,1.0,1.65,2026-04-16,2026-04-16 09:10:32
2330,台積電,2085.0,2080.0,2090.0,2055.0,93.78,88.33,73.08,55.24,28.61,26.63,2097.54,1895.0,1692.46,34427,34298,1.0,540693.1,31.42,24.0,1.15,2026-04-16,2026-04-16 09:10:33
2331,精英,22.15,21.95,22.3,21.9,61.45,44.91,47.17,-0.7,-0.88,0.18,23.74,21.98,20.22,1924,2025,0.95,123.46,15.82,0.21,0.95,2026-04-16,2026-04-16 09:10:35
2332,友訊,15.45,15.3,15.5,15.3,54.79,43.4,52.11,-0.05,-0.09,0.04,15.71,15.21,14.7,3566,2553,1.4,92.22,51.5,0.1,0.65,2026-04-16,2026-04-16 09:10:36
2337,旺宏,139.0,138.5,141.5,134.0,55.5,62.57,48.57,8.96,9.71,-0.75,163.53,139.93,116.32,144402,190154,0.76,2578.99,4.96,,,2026-04-16,2026-04-16 09:10:37
2338,光罩,46.35,44.6,46.5,44.6,49.09,39.78,42.46,-0.26,-0.08,-0.18,53.3,46.57,39.85,4204,3955,1.06,151.58,154.5,,,2026-04-16,2026-04-16 09:10:38
2340,台亞,32.25,29.65,32.25,28.95,83.36,72.91,62.95,0.86,0.44,0.42,31.69,28.02,24.35,11169,7030,1.59,141.21,58.64,,,2026-04-16,2026-04-16 09:10:40
2342,茂矽,30.05,29.9,30.35,29.75,58.07,44.48,43.12,-0.54,-0.66,0.11,33.29,30.13,26.97,1115,1043,1.07,47.34,16.33,0.3,1.0,2026-04-16,2026-04-16 09:10:41
2344,華邦電,89.6,90.6,90.9,88.3,32.66,40.28,38.21,-4.72,-4.56,-0.16,118.85,97.75,76.64,111821,132948,0.84,4032.0,101.82,0.5,0.56,2026-04-16,2026-04-16 09:10:42
2345,智邦,2035.0,2025.0,2050.0,1975.0,85.75,79.79,69.23,129.41,98.09,31.32,1981.41,1693.75,1406.09,3815,4586,0.83,11373.78,43.4,11.0,0.54,2026-04-16,2026-04-16 09:10:44
2347,聯強,82.2,82.2,83.1,81.8,79.93,76.67,56.89,2.56,2.55,0.01,83.51,79.46,75.4,3581,5254,0.68,1371.05,16.18,4.0,4.87,2026-04-16,2026-04-16 09:10:45
2348,海悅,78.5,79.0,80.3,78.0,43.71,41.37,45.64,0.52,0.67,-0.15,82.4,79.05,75.69,313,245,1.28,119.11,11.48,9.0,11.46,2026-04-16,2026-04-16 09:10:46
2349,錸德,14.15,13.75,14.5,13.7,69.04,54.2,53.52,-0.03,-0.12,0.09,14.99,13.58,12.16,10266,5358,1.92,98.16,13.22,,,2026-04-16,2026-04-16 09:10:47
2351,順德,122.0,121.5,123.0,119.5,77.8,80.72,68.5,8.85,7.3,1.55,129.69,106.81,83.93,3000,7408,0.41,222.21,73.94,2.5,2.05,2026-04-16,2026-04-16 09:10:48
2352,佳世達,25.25,25.1,25.45,25.0,83.3,73.09,64.95,0.06,-0.15,0.21,25.12,23.9,22.69,5263,4486,1.17,399.08,39.45,3.55,14.06,2026-04-16,2026-04-16 09:10:50
2353,宏碁,28.4,27.75,28.65,27.75,62.29,50.59,68.06,0.14,0.08,0.06,28.49,27.43,26.37,43968,22431,1.96,853.76,22.72,1.3,4.58,2026-04-16,2026-04-16 09:10:51
2354,鴻準,52.6,52.2,52.6,51.8,58.44,39.84,50.89,-0.99,-1.29,0.3,54.22,51.76,49.29,6855,6376,1.08,744.02,22.77,1.4,2.66,2026-04-16,2026-04-16 09:10:52
2355,敬鵬,51.8,52.1,52.7,50.7,32.74,46.59,69.86,2.55,2.75,-0.2,56.49,49.74,42.99,10526,24568,0.43,205.9,32.58,1.85,3.57,2026-04-16,2026-04-16 09:10:53
2356,英業達,45.0,44.8,45.45,44.2,80.54,74.06,61.67,0.34,-0.07,0.41,45.81,42.87,39.93,19198,19642,0.98,1614.36,18.67,1.7,3.78,2026-04-16,2026-04-16 09:10:55
2357,華碩,589.0,584.0,595.0,584.0,82.88,71.43,60.53,8.84,8.01,0.84,595.79,571.0,546.21,4185,3581,1.17,4374.86,9.9,34.0,5.77,2026-04-16,2026-04-16 09:10:56
2359,所羅門,115.0,116.5,118.0,113.5,62.24,51.06,49.18,-1.97,-3.01,1.05,118.83,112.53,106.22,1052,1454,0.72,197.08,94.26,1.0,0.87,2026-04-16,2026-04-16 09:10:57
2360,致茂,2050.0,2080.0,2110.0,1915.0,86.37,78.18,68.72,155.54,125.2,30.34,2018.13,1678.5,1338.87,6763,4245,1.59,8683.95,74.63,9.0,0.44,2026-04-16,2026-04-16 09:10:58
2362,藍天,38.3,38.45,38.7,38.1,62.79,62.22,49.61,0.01,-0.02,0.03,39.29,38.3,37.31,541,540,1.0,221.37,18.77,2.53,6.61,2026-04-16,2026-04-16 09:11:00
2363,矽統,53.3,49.0,53.3,49.0,68.79,47.23,59.48,-0.39,-0.85,0.46,52.68,48.78,44.89,22378,7164,3.12,274.49,34.84,0.5,0.94,2026-04-16,2026-04-16 09:11:01
2364,倫飛,63.8,63.8,63.8,63.2,36.62,39.67,56.41,0.21,0.0,0.21,66.0,62.54,59.08,96,124,0.77,33.42,15.3,2.0,3.13,2026-04-16,2026-04-16 09:11:02
2365,昆盈,34.3,34.9,34.9,33.5,59.78,50.13,54.92,-0.32,-0.77,0.44,35.79,32.72,29.66,2620,5548,0.47,75.98,107.19,0.6,1.75,2026-04-16,2026-04-16 09:11:03
2367,燿華,70.4,73.0,73.1,70.1,16.97,27.53,40.64,1.92,3.07,-1.15,78.6,73.62,68.63,30503,49970,0.61,497.2,103.53,0.7,0.99,2026-04-16,2026-04-16 09:11:05
2368,金像電,1165.0,1195.0,1200.0,1145.0,83.85,77.39,72.46,78.27,59.22,19.05,1184.4,988.9,793.4,4296,6737,0.64,5824.76,61.35,6.0,0.52,2026-04-16,2026-04-16 09:11:06
2369,菱生,31.1,31.65,32.3,31.0,64.85,57.36,44.07,0.67,0.71,-0.03,34.91,31.28,27.65,11701,15916,0.74,116.45,18.51,0.3,0.96,2026-04-16,2026-04-16 09:11:07
2371,大同,32.55,32.4,32.8,31.95,58.85,54.82,62.1,-0.35,-0.63,0.29,32.7,31.42,30.15,13553,15327,0.88,665.99,13.91,3.11,9.55,2026-04-16,2026-04-16 09:11:09
2373,震旦行,57.5,57.2,57.6,57.0,86.79,76.43,60.0,0.39,0.26,0.13,57.48,56.36,55.25,79,53,1.48,128.63,14.86,3.7,6.43,2026-04-16,2026-04-16 09:11:10
2374,佳能,72.2,72.6,73.6,71.8,70.5,60.21,50.34,-0.8,-1.52,0.72,74.17,70.15,66.12,3926,4080,0.96,243.01,29.83,0.6,0.83,2026-04-16,2026-04-16 09:11:11
2375,凱美,87.5,85.9,92.7,83.6,72.86,65.71,65.48,0.06,-1.67,1.74,88.12,79.28,70.44,8801,6591,1.34,95.09,23.52,1.5,1.71,2026-04-16,2026-04-16 09:11:12
2376,技嘉,281.0,280.0,286.0,275.0,86.04,76.33,75.27,10.12,5.01,5.11,279.95,244.7,209.45,15443,15172,1.02,1882.39,16.35,10.0,3.56,2026-04-16,2026-04-16 09:11:14
2377,微星,90.8,89.6,91.9,89.3,53.31,53.23,50.25,-0.91,-1.07,0.17,95.85,90.47,85.09,5773,5829,0.99,767.13,13.45,5.0,5.51,2026-04-16,2026-04-16 09:11:15
2379,瑞昱,540.0,535.0,540.0,530.0,93.2,88.07,77.13,12.51,7.37,5.14,536.19,496.85,457.51,5851,3625,1.61,2783.76,19.26,25.5,4.72,2026-04-16,2026-04-16 09:11:16
2380,虹光,5.41,5.22,5.5,5.22,44.25,33.87,36.51,-0.1,-0.02,-0.08,6.93,5.79,4.65,193,227,0.85,11.73,7.51,,,2026-04-16,2026-04-16 09:11:17
2382,廣達,318.5,314.5,318.5,311.0,75.15,77.41,66.67,8.44,5.49,2.95,327.48,296.0,264.52,18460,25179,0.73,12276.64,16.84,13.0,4.08,2026-04-16,2026-04-16 09:11:19
2383,台光電,3835.0,3950.0,3950.0,3760.0,89.75,84.51,74.5,326.76,250.03,76.73,3789.49,3044.0,2298.51,2864,3021,0.95,13741.61,94.06,16.58,0.43,2026-04-16,2026-04-16 09:11:20
2385,群光,126.0,125.5,127.5,125.0,79.4,75.21,60.71,0.79,0.43,0.36,126.56,122.67,118.79,4480,3213,1.39,876.11,14.11,7.2,5.71,2026-04-16,2026-04-16 09:11:21
2387,精元,40.1,40.15,40.5,40.1,59.85,60.6,46.99,0.32,0.43,-0.11,41.68,40.17,38.67,533,965,0.55,77.6,11.62,4.0,9.98,2026-04-16,2026-04-16 09:11:22
2388,威盛,61.4,62.4,64.8,60.6,79.13,68.98,69.55,2.19,1.25,0.94,60.61,54.05,47.49,17792,11295,1.58,341.26,511.67,0.2,0.33,2026-04-16,2026-04-16 09:11:24
2390,云辰,10.1,10.05,10.2,10.0,16.56,15.42,33.33,-0.04,-0.01,-0.03,11.01,10.35,9.69,566,417,1.36,19.45,,,,2026-04-16,2026-04-16 09:11:25
2392,正崴,36.85,36.55,37.4,36.5,59.31,42.58,52.8,-0.52,-0.79,0.27,37.84,35.41,32.99,2656,3346,0.79,170.55,7.84,2.5,6.78,2026-04-16,2026-04-16 09:11:26
2393,億光,72.6,71.4,72.7,71.2,82.74,74.58,60.96,2.39,2.37,0.02,72.65,69.19,65.73,2605,2478,1.05,321.9,16.03,5.31,7.31,2026-04-16,2026-04-16 09:11:27
2395,研華,355.0,353.0,362.0,351.5,76.35,68.39,61.75,5.58,4.33,1.25,359.06,337.45,315.84,3944,2718,1.45,3073.7,29.22,8.39,2.36,2026-04-16,2026-04-16 09:11:29
2397,友通,59.3,60.2,60.2,58.9,84.81,78.14,61.29,0.61,-0.13,0.74,60.94,56.13,51.33,174,174,1.0,67.89,23.91,3.4,5.73,2026-04-16,2026-04-16 09:11:30
2399,映泰,35.0,37.7,38.35,34.8,59.13,60.87,57.2,2.19,2.18,0.01,38.31,33.3,28.28,36254,18944,1.91,62.34,233.33,,,2026-04-16,2026-04-16 09:11:31
2401,凌陽,22.7,22.9,22.9,22.3,79.89,61.35,64.66,0.16,-0.19,0.35,22.53,20.64,18.74,3578,4430,0.81,133.57,11.29,,,2026-04-16,2026-04-16 09:11:32
2402,毅嘉,70.7,69.3,72.1,65.6,85.0,82.93,77.95,4.47,2.09,2.38,72.18,56.18,40.18,53998,45479,1.19,217.43,30.47,1.97,2.79,2026-04-16,2026-04-16 09:11:34
2404,漢唐,935.0,919.0,941.0,908.0,74.29,62.42,48.62,-14.74,-24.56,9.81,979.43,898.25,817.07,3866,3992,0.97,1766.09,19.57,28.0,2.99,2026-04-16,2026-04-16 09:11:35
2405,輔信,15.8,15.85,16.2,15.75,56.1,40.35,40.0,-0.07,-0.12,0.06,16.66,15.59,14.53,3034,1850,1.64,54.26,,0.17,1.08,2026-04-16,2026-04-16 09:11:36
2406,國碩,32.8,33.6,34.25,32.6,38.35,27.48,34.8,-0.23,0.01,-0.24,38.15,33.79,29.44,12460,13075,0.95,115.1,,,,2026-04-16,2026-04-16 09:11:37
2408,南亞科,213.5,212.5,216.5,208.5,41.08,41.53,45.0,-9.46,-10.88,1.42,258.55,221.55,184.55,52866,101161,0.52,6615.57,102.15,,,2026-04-16,2026-04-16 09:11:39
2409,友達,20.7,20.35,21.85,19.9,84.02,79.99,79.08,1.12,0.59,0.53,20.63,16.58,12.53,650456,597507,1.09,1562.25,23.0,1.2,5.8,2026-04-16,2026-04-16 09:11:40
2412,中華電,136.5,136.0,136.5,135.0,86.06,71.37,60.0,0.15,-0.04,0.19,136.76,134.68,132.59,10478,8272,1.27,10588.91,27.35,5.0,3.66,2026-04-16,2026-04-16 09:11:41
2413,環科,50.6,52.2,53.0,50.5,43.7,39.85,42.26,0.27,0.55,-0.28,59.01,52.76,46.51,2419,4485,0.54,64.44,123.41,0.5,0.99,2026-04-16,2026-04-16 09:11:42
2414,精技,45.65,45.2,45.75,45.2,84.72,70.34,73.2,0.63,0.45,0.18,45.44,43.74,42.04,380,386,0.98,73.83,14.49,2.5,5.48,2026-04-16,2026-04-16 09:11:44
2415,錩新,29.05,29.2,29.4,28.95,31.28,33.71,43.75,0.28,0.46,-0.18,30.71,29.53,28.36,134,198,0.67,26.14,16.05,1.2,4.13,2026-04-16,2026-04-16 09:11:45
2417,圓剛,40.95,40.5,41.0,39.9,85.87,81.15,71.48,1.21,0.53,0.69,42.38,36.95,31.52,869,1333,0.65,53.9,,0.2,0.49,2026-04-16,2026-04-16 09:11:46
2419,仲琦,37.75,35.4,38.5,35.2,51.52,52.65,66.16,1.58,1.38,0.19,38.77,33.6,28.43,35405,13457,2.63,121.3,42.42,,,2026-04-16,2026-04-16 09:11:48
2420,新巨,55.4,55.8,55.8,54.6,81.08,72.9,66.28,0.73,0.32,0.41,55.04,52.38,49.72,411,587,0.7,84.57,14.24,3.5,6.32,2026-04-16,2026-04-16 09:11:49
2421,建準,147.0,142.5,149.0,141.0,84.13,70.76,56.88,-0.21,-2.29,2.08,152.08,136.07,120.07,8616,4910,1.75,420.48,18.65,3.69,2.51,2026-04-16,2026-04-16 09:11:50
2423,固緯,50.8,51.5,51.5,49.9,63.65,55.89,58.33,0.3,-0.12,0.42,51.03,48.57,46.12,246,293,0.84,73.68,17.46,2.0,3.94,2026-04-16,2026-04-16 09:11:51
2424,隴華,22.8,23.3,24.4,22.65,9.37,12.74,45.07,-2.02,-2.03,0.01,29.04,25.54,22.04,378,155,2.43,13.9,,,,2026-04-16,2026-04-16 09:11:52
2425,承啟,31.05,31.4,31.95,31.05,69.5,53.13,59.41,0.27,-0.18,0.46,32.36,28.6,24.85,571,850,0.67,29.96,,0.15,0.48,2026-04-16,2026-04-16 09:11:54
2426,鼎元,53.2,50.0,53.9,50.0,83.23,80.13,69.54,6.3,5.01,1.29,54.09,39.62,25.16,3516,23578,0.15,159.93,43.61,0.1,0.19,2026-04-16,2026-04-16 09:11:55
2427,三商電,22.4,22.2,22.8,22.2,22.74,23.93,29.58,-0.67,-0.65,-0.01,24.31,23.14,21.98,778,694,1.12,44.35,15.56,0.7,3.12,2026-04-16,2026-04-16 09:11:56
2428,興勤,183.0,183.0,186.5,179.5,84.2,75.45,70.16,3.44,-0.63,4.07,184.96,162.03,139.09,1196,2500,0.48,234.45,15.61,6.1,3.33,2026-04-16,2026-04-16 09:11:57
2429,銘旺科,41.2,39.7,43.5,39.5,44.31,33.92,36.1,-3.54,-4.13,0.59,50.08,42.34,34.6,733,519,1.41,35.23,,,,2026-04-16,2026-04-16 09:11:59
2430,燦坤,21.7,21.75,21.75,21.65,38.21,49.89,38.89,-0.06,-0.05,-0.01,22.17,21.85,21.52,76,89,0.85,25.35,31.45,0.8,3.69,2026-04-16,2026-04-16 09:12:00
2431,聯昌,11.65,11.6,11.7,11.5,40.51,27.7,38.18,-0.5,-0.54,0.04,12.96,11.92,10.89,394,713,0.55,12.92,,,,2026-04-16,2026-04-16 09:12:01
2432,倚天酷碁-創,27.95,28.1,28.2,27.8,75.13,61.39,57.14,0.44,0.42,0.02,28.61,27.38,26.14,90,74,1.21,17.29,15.03,1.7,6.08,2026-04-16,2026-04-16 09:12:02
2433,互盛電,45.75,46.0,46.15,45.75,59.77,55.74,48.33,-0.15,-0.21,0.06,46.26,45.78,45.3,28,32,0.88,66.11,15.05,3.0,6.56,2026-04-16,2026-04-16 09:12:04
2434,統懋,29.4,29.3,29.6,29.3,77.07,70.81,55.88,-0.06,-0.12,0.06,29.58,29.21,28.83,14,15,0.91,10.88,1470.0,,,2026-04-16,2026-04-16 09:12:05
2436,偉詮電,63.1,61.5,63.3,61.0,64.36,56.47,49.83,0.86,1.03,-0.17,67.81,62.48,57.15,2960,3153,0.94,124.37,22.62,1.5,2.38,2026-04-16,2026-04-16 09:12:06
2438,翔耀,21.8,21.9,22.0,21.55,32.75,27.67,44.7,-0.14,-0.05,-0.09,24.07,22.13,20.19,181,211,0.85,13.56,,,,2026-04-16,2026-04-16 09:12:07
2439,美律,88.9,88.2,90.0,88.2,71.16,65.17,62.67,-0.27,-1.1,0.83,88.79,85.64,82.48,2743,1913,1.43,225.66,17.71,7.29,8.2,2026-04-16,2026-04-16 09:12:09
2440,太空梭,15.3,15.1,15.3,15.1,83.08,72.27,70.83,0.04,-0.1,0.14,15.44,14.63,13.82,259,297,0.87,21.28,,,,2026-04-16,2026-04-16 09:12:10
2441,超豐,89.5,89.9,93.1,88.8,50.7,53.87,45.65,0.27,0.36,-0.1,98.63,91.41,84.19,6279,7533,0.83,509.12,20.96,3.0,3.35,2026-04-16,2026-04-16 09:12:11
2442,新美齊,19.9,19.9,20.0,19.8,10.77,17.92,36.84,-0.13,-0.09,-0.04,21.05,20.42,19.79,3101,2634,1.18,55.95,4.65,0.08,0.4,2026-04-16,2026-04-16 09:12:12
2444,兆勁,12.65,12.9,12.9,12.5,41.67,26.06,36.54,-0.22,-0.19,-0.03,14.13,12.86,11.58,387,441,0.88,12.85,,,,2026-04-16,2026-04-16 09:12:13
2449,京元電子,283.5,293.0,295.0,281.5,63.64,59.66,48.19,-1.56,-3.39,1.83,319.03,285.5,251.97,24853,27354,0.91,3466.48,43.48,4.0,1.41,2026-04-16,2026-04-16 09:12:15
2450,神腦,30.25,30.1,30.3,30.1,82.52,72.35,72.5,0.19,0.08,0.11,30.27,29.46,28.65,198,200,0.99,78.12,17.59,1.55,5.12,2026-04-16,2026-04-16 09:12:16
2451,創見,247.0,249.0,253.0,242.0,58.92,58.7,46.52,0.95,0.88,0.07,306.4,251.45,196.5,4168,7163,0.58,1063.83,19.07,6.09,2.47,2026-04-16,2026-04-16 09:12:17
2453,凌群,56.0,54.6,56.1,54.2,81.03,66.77,59.14,0.17,-0.12,0.29,56.18,53.62,51.06,849,446,1.9,56.0,18.01,2.6,4.64,2026-04-16,2026-04-16 09:12:18
2454,聯發科,1895.0,1850.0,1930.0,1810.0,82.85,68.96,73.11,12.84,-26.65,39.48,1841.67,1615.25,1388.83,17830,12954,1.38,30246.29,28.69,53.5,2.82,2026-04-16,2026-04-16 09:12:20
2455,全新,290.0,280.0,291.5,280.0,54.35,60.16,58.25,18.99,19.51,-0.52,314.17,265.02,215.88,2413,8271,0.29,533.29,97.64,3.22,1.11,2026-04-16,2026-04-16 09:12:21
2457,飛宏,24.9,24.95,25.25,24.8,58.15,41.37,38.51,-0.98,-1.11,0.13,28.23,25.42,22.61,2210,2549,0.87,105.77,,,,2026-04-16,2026-04-16 09:12:22
2458,義隆,138.5,137.0,140.0,136.5,86.35,77.66,59.42,2.83,2.05,0.78,139.77,130.05,120.34,6465,4218,1.53,396.56,16.51,7.07,5.1,2026-04-16,2026-04-16 09:12:24
2459,敦吉,66.0,66.0,66.4,65.9,80.42,73.16,54.84,0.02,-0.13,0.14,66.61,65.61,64.61,86,78,1.1,69.69,12.82,4.0,6.06,2026-04-16,2026-04-16 09:12:25
2460,建通,37.3,34.0,37.75,32.2,94.43,88.86,93.66,2.64,1.42,1.22,36.12,27.78,19.44,4329,3343,1.29,63.11,36.57,,,2026-04-16,2026-04-16 09:12:26
2461,光群雷,17.5,17.55,17.7,17.2,24.26,36.76,50.51,0.33,0.39,-0.06,18.76,17.53,16.29,822,750,1.1,30.14,18.62,1.67,9.54,2026-04-16,2026-04-16 09:12:27
2462,良得電,22.0,21.85,22.15,21.8,43.22,33.71,40.0,-0.45,-0.52,0.07,23.11,22.11,21.11,424,307,1.38,33.17,81.48,0.81,3.68,2026-04-16,2026-04-16 09:12:29
2464,盟立,73.4,76.5,77.6,73.3,62.94,50.06,47.69,0.21,-0.26,0.47,78.94,71.53,64.11,4991,4824,1.03,151.54,21.78,0.35,0.48,2026-04-16,2026-04-16 09:12:30
2465,麗臺,58.8,59.7,62.6,58.4,61.29,61.63,58.51,1.19,0.77,0.43,65.85,57.54,49.22,1750,1658,1.06,55.24,105.0,,,2026-04-16,2026-04-16 09:12:31
2466,冠西電,65.0,65.0,66.8,64.6,89.9,82.61,70.16,3.4,1.45,1.94,67.71,54.42,41.12,948,2278,0.42,112.75,260.0,,,2026-04-16,2026-04-16 09:12:33
2467,志聖,515.0,525.0,525.0,497.0,72.49,78.39,73.46,47.99,39.48,8.52,566.09,435.55,305.01,1002,4101,0.24,784.64,100.98,5.0,0.97,2026-04-16,2026-04-16 09:12:34
2468,華經,35.05,35.0,35.35,34.55,68.11,47.28,35.51,-0.74,-0.76,0.02,40.78,35.9,31.03,285,329,0.87,24.52,28.04,0.9,2.57,2026-04-16,2026-04-16 09:12:35
2471,資通,54.8,51.9,54.9,51.6,73.58,62.87,60.34,0.33,0.16,0.17,54.2,52.03,49.87,843,303,2.78,25.9,15.31,3.06,5.58,2026-04-16,2026-04-16 09:12:36
2472,立隆電,179.0,178.0,180.0,170.0,86.44,85.59,82.5,14.6,9.42,5.19,179.2,139.95,100.7,8367,6320,1.32,294.88,20.6,3.1,1.73,2026-04-16,2026-04-16 09:12:38
2474,可成,197.5,200.5,201.5,197.5,80.87,80.0,70.0,1.6,0.29,1.31,199.08,190.78,182.47,2459,2096,1.17,1073.58,17.45,11.49,5.82,2026-04-16,2026-04-16 09:12:39
2476,鉅祥,107.5,110.5,110.5,105.0,82.38,79.83,80.7,6.05,3.63,2.42,109.64,90.86,72.08,5969,7204,0.83,234.08,25.78,3.5,3.26,2026-04-16,2026-04-16 09:12:40
2477,美隆電,23.9,23.9,24.1,23.9,47.98,47.75,44.44,-0.12,-0.13,0.01,24.58,23.99,23.39,133,175,0.76,37.9,14.23,1.4,5.86,2026-04-16,2026-04-16 09:12:41
2478,大毅,74.2,71.5,76.4,69.4,84.07,71.92,73.97,0.75,-0.75,1.5,74.27,64.19,54.1,6521,3778,1.73,105.91,21.7,1.82,2.45,2026-04-16,2026-04-16 09:12:43
2480,敦陽科,140.0,139.0,140.5,139.0,33.56,32.05,44.44,-0.77,-0.83,0.06,143.35,140.2,137.05,142,240,0.59,148.9,17.59,7.42,5.3,2026-04-16,2026-04-16 09:12:44
2481,強茂,107.5,101.0,108.0,100.5,71.95,62.96,59.73,2.79,2.07,0.72,107.52,96.3,85.08,48298,22680,2.13,410.77,34.57,1.8,1.67,2026-04-16,2026-04-16 09:12:45
2482,連宇,17.3,17.1,17.35,17.1,63.14,49.71,45.24,0.04,-0.03,0.07,17.85,16.86,15.88,175,171,1.02,13.47,,0.61,3.53,2026-04-16,2026-04-16 09:12:46
2483,百容,22.35,22.35,22.5,22.1,71.61,66.86,75.46,0.3,0.17,0.13,22.14,21.12,20.1,169,174,0.97,24.01,37.25,0.3,1.34,2026-04-16,2026-04-16 09:12:48
2484,希華,40.3,37.3,40.3,37.25,83.22,74.75,73.43,2.29,1.31,0.98,37.57,30.73,23.89,17494,23364,0.75,64.25,62.0,0.7,1.74,2026-04-16,2026-04-16 09:12:49
2485,兆赫,79.1,80.9,81.5,78.1,53.97,48.59,48.64,5.13,6.19,-1.06,84.24,77.65,71.07,28921,59436,0.49,251.29,,,,2026-04-16,2026-04-16 09:12:50
2486,一詮,185.5,186.0,186.0,183.0,78.38,76.56,63.72,12.36,9.12,3.24,197.14,160.32,123.51,1445,16226,0.09,426.57,843.18,0.5,0.27,2026-04-16,2026-04-16 09:12:51
2488,漢平,52.4,50.5,52.4,50.5,90.51,86.9,88.39,0.93,0.69,0.25,51.36,49.0,46.64,412,374,1.1,41.92,11.67,3.2,6.11,2026-04-16,2026-04-16 09:12:53
2489,瑞軒,44.0,43.3,45.0,42.0,71.63,72.51,66.91,2.79,2.05,0.74,48.87,37.9,26.92,7137,101979,0.07,268.4,36.36,1.0,2.27,2026-04-16,2026-04-16 09:12:54
2491,吉祥全,15.65,15.5,15.75,15.5,48.79,31.04,43.08,-0.41,-0.48,0.07,16.91,15.57,14.24,98,104,0.95,12.83,10.94,,,2026-04-16,2026-04-16 09:12:55
2492,華新科,148.5,143.5,154.0,138.5,78.88,65.56,68.52,2.23,-1.11,3.34,149.08,128.65,108.22,20804,19609,1.06,719.94,31.4,2.41,1.62,2026-04-16,2026-04-16 09:12:56
2493,揚博,147.0,152.5,152.5,141.5,88.35,78.98,73.29,8.05,3.42,4.63,145.5,117.28,89.05,8654,6803,1.27,262.84,33.79,4.0,2.72,2026-04-16,2026-04-16 09:12:58
2495,普安,43.6,44.8,45.0,41.3,86.33,73.67,65.9,2.27,1.26,1.01,43.98,36.77,29.56,30487,22755,1.34,119.27,38.93,1.3,2.98,2026-04-16,2026-04-16 09:12:59
2496,卓越,66.2,65.8,66.2,65.7,49.75,48.1,49.77,0.09,0.05,0.03,66.77,66.04,65.31,25,14,1.72,12.64,10.85,4.5,6.8,2026-04-16,2026-04-16 09:13:00
2497,怡利電,55.6,56.8,56.9,55.0,77.51,78.84,76.98,2.58,1.6,0.98,58.0,48.43,38.87,565,1087,0.52,72.77,23.56,2.0,3.6,2026-04-16,2026-04-16 09:13:01
2498,宏達電,41.4,41.5,42.15,41.25,57.56,46.45,51.91,-0.6,-0.88,0.28,42.38,40.52,38.67,6676,7086,0.94,346.14,5.79,,,2026-04-16,2026-04-16 09:13:03
2501,國建,24.75,25.0,25.05,24.45,84.56,71.61,57.29,0.38,0.2,0.18,25.0,23.54,22.08,2380,3138,0.76,286.99,8.75,1.0,4.04,2026-04-16,2026-04-16 09:13:04
2504,國產,35.9,36.4,36.4,35.9,39.23,39.49,27.94,-0.32,-0.23,-0.09,39.02,36.99,34.96,2395,2052,1.17,422.5,10.91,2.8,7.8,2026-04-16,2026-04-16 09:13:05
2505,國揚,18.8,19.0,19.35,18.7,27.5,39.87,40.0,-0.01,0.04,-0.05,19.66,19.2,18.75,826,385,2.14,71.44,7.97,1.0,5.32,2026-04-16,2026-04-16 09:13:07
2506,太設,8.98,9.03,9.04,8.91,73.24,70.27,44.44,0.01,0.0,0.0,9.12,8.97,8.82,136,155,0.87,32.47,449.0,0.2,2.23,2026-04-16,2026-04-16 09:13:08
2509,全坤建,14.5,14.35,14.75,14.35,79.47,76.73,58.62,-0.0,-0.05,0.05,14.54,14.23,13.93,196,182,1.08,32.56,,,,2026-04-16,2026-04-16 09:13:09
2511,太子,8.24,8.24,8.27,8.23,78.94,71.53,61.7,0.01,-0.02,0.02,8.27,8.14,8.01,592,973,0.61,133.71,24.97,0.3,3.64,2026-04-16,2026-04-16 09:13:10
2514,龍邦,13.5,13.5,13.65,13.45,41.79,36.83,42.11,-0.17,-0.21,0.04,13.68,13.52,13.36,95,132,0.72,48.35,7.3,,,2026-04-16,2026-04-16 09:13:11
2515,中工,13.65,13.7,14.05,13.45,53.1,42.17,47.06,-0.42,-0.47,0.05,14.41,13.58,12.76,13714,6699,2.05,219.48,35.0,,,2026-04-16,2026-04-16 09:13:13
2516,新建,13.65,13.85,14.0,13.55,64.09,57.39,39.62,-0.13,-0.17,0.05,14.54,13.82,13.1,288,262,1.1,30.89,11.1,,,2026-04-16,2026-04-16 09:13:14
2520,冠德,30.85,31.2,31.35,30.85,20.93,21.28,42.17,-0.31,-0.21,-0.1,32.82,31.61,30.4,996,1334,0.75,183.75,11.82,3.1,10.05,2026-04-16,2026-04-16 09:13:15
2524,京城,39.85,39.25,39.85,39.15,84.15,73.38,61.31,-0.23,-0.51,0.27,39.9,38.43,36.96,143,95,1.51,145.84,23.3,,,2026-04-16,2026-04-16 09:13:16
2527,宏璟,39.7,39.85,40.25,39.35,92.51,87.01,90.84,2.08,0.96,1.12,38.75,31.65,24.54,1201,2040,0.59,103.92,42.69,2.0,5.04,2026-04-16,2026-04-16 09:13:18
2528,皇普,24.45,24.5,24.65,24.3,33.06,25.5,35.29,-0.48,-0.45,-0.03,26.25,24.92,23.6,436,425,1.03,106.12,7.03,1.5,6.13,2026-04-16,2026-04-16 09:13:19
2530,華建,22.65,22.8,22.85,22.5,10.95,14.83,18.99,-0.81,-0.67,-0.14,26.14,24.24,22.35,905,1207,0.75,190.54,11.38,3.0,13.25,2026-04-16,2026-04-16 09:13:20
2534,宏盛,19.9,19.85,19.95,19.7,62.93,56.19,38.71,-0.05,-0.05,0.01,20.2,19.89,19.59,265,318,0.83,94.13,9.66,1.0,5.03,2026-04-16,2026-04-16 09:13:22
2535,達欣工,70.4,71.4,71.5,70.2,78.03,68.02,55.69,0.89,0.57,0.32,71.59,68.36,65.12,372,502,0.74,182.96,10.86,4.6,6.53,2026-04-16,2026-04-16 09:13:23
2536,宏普,22.4,22.5,22.5,22.25,41.72,40.8,50.0,-0.14,-0.18,0.04,22.67,22.35,22.02,109,215,0.51,74.55,7.04,0.5,2.23,2026-04-16,2026-04-16 09:13:24
2537,聯上發,10.4,10.45,10.5,10.35,60.25,60.34,48.0,0.02,-0.01,0.03,10.59,10.33,10.07,432,574,0.75,31.26,69.33,,,2026-04-16,2026-04-16 09:13:26
2538,基泰,10.05,10.1,10.15,10.05,27.15,27.68,40.0,-0.09,-0.11,0.02,10.24,10.09,9.94,237,347,0.68,44.73,29.56,0.7,6.97,2026-04-16,2026-04-16 09:13:27
2539,櫻花建,46.95,47.45,47.45,46.95,16.79,25.33,15.69,-0.29,-0.19,-0.1,48.85,47.92,46.98,1106,700,1.58,560.16,13.57,0.5,1.06,2026-04-16,2026-04-16 09:13:28
2540,愛山林,53.9,52.3,54.6,51.8,85.0,77.01,81.37,1.03,0.47,0.56,51.85,48.37,44.88,1745,1125,1.55,509.29,78.12,0.71,1.32,2026-04-16,2026-04-16 09:13:30
2542,興富發,35.3,35.5,35.9,35.3,40.35,53.96,43.1,-0.29,-0.33,0.05,36.92,35.82,34.71,4048,4598,0.88,752.57,16.81,2.0,5.67,2026-04-16,2026-04-16 09:13:31
2543,皇昌,57.7,57.9,58.3,57.6,19.96,13.7,20.0,-2.59,-2.38,-0.21,69.37,60.95,52.53,1002,1112,0.9,304.97,21.53,1.0,1.73,2026-04-16,2026-04-16 09:13:32
2545,皇翔,36.7,36.7,36.95,36.6,70.65,58.05,46.75,-0.11,-0.22,0.11,37.09,36.32,35.54,286,316,0.91,139.36,19.11,4.5,12.26,2026-04-16,2026-04-16 09:13:33
2546,根基,86.2,86.2,86.6,85.8,79.82,66.07,59.29,0.26,-0.5,0.76,88.02,83.0,77.98,107,137,0.78,112.51,9.13,3.2,3.71,2026-04-16,2026-04-16 09:13:34
2547,日勝生,10.85,10.9,10.95,10.8,59.72,52.13,47.83,-0.03,-0.05,0.03,11.11,10.77,10.44,1140,1857,0.61,112.31,3.82,0.58,5.35,2026-04-16,2026-04-16 09:13:36
2548,華固,128.5,130.0,130.5,127.5,75.53,73.25,61.36,3.65,3.34,0.32,131.76,123.2,114.64,1490,1711,0.87,410.58,14.62,5.5,4.28,2026-04-16,2026-04-16 09:13:37
2597,潤弘,150.5,151.5,153.0,150.5,28.45,42.43,41.86,-3.15,-3.65,0.5,156.33,152.7,149.07,584,519,1.13,467.63,14.01,6.42,4.27,2026-04-16,2026-04-16 09:13:38
2601,益航,5.72,5.73,5.78,5.7,20.41,15.26,35.42,-0.09,-0.05,-0.04,6.29,5.91,5.53,1247,1454,0.86,47.18,11.22,,,2026-04-16,2026-04-16 09:13:40
2603,長榮,201.5,203.0,204.5,200.0,41.48,41.18,42.11,-0.55,0.1,-0.65,215.38,204.62,193.87,13492,9477,1.42,4362.56,6.37,32.5,16.13,2026-04-16,2026-04-16 09:13:41
2605,新興,35.7,36.95,37.0,35.6,16.95,22.82,21.94,0.29,1.32,-1.03,44.99,40.35,35.71,11793,12283,0.96,208.97,24.62,1.3,3.64,2026-04-16,2026-04-16 09:13:42
2606,裕民,64.0,64.0,65.1,63.5,79.82,75.27,63.85,0.22,-0.38,0.6,63.3,59.9,56.51,4931,3863,1.28,540.84,14.88,3.2,5.0,2026-04-16,2026-04-16 09:13:43
2607,榮運,50.4,51.0,51.0,50.2,16.86,24.35,36.67,-1.02,-1.07,0.05,53.16,51.46,49.76,664,614,1.08,268.92,14.2,10.0,19.84,2026-04-16,2026-04-16 09:13:44
2608,嘉里大榮,31.1,31.2,31.2,31.05,58.53,54.47,52.38,-0.15,-0.23,0.07,31.25,30.91,30.56,253,210,1.21,145.24,15.79,1.65,5.31,2026-04-16,2026-04-16 09:13:46
2609,陽明,51.0,51.7,51.7,50.8,22.51,16.67,32.0,-1.55,-1.46,-0.09,56.79,52.7,48.62,12861,16978,0.76,1780.97,10.43,7.5,14.71,2026-04-16,2026-04-16 09:13:47
2610,華航,18.35,18.3,18.4,18.25,35.45,32.84,39.29,-0.39,-0.47,0.09,19.06,18.45,17.84,22491,29671,0.76,1116.02,7.71,0.8,4.36,2026-04-16,2026-04-16 09:13:48
2611,志信,15.0,15.0,15.1,14.9,71.47,60.27,66.55,0.18,0.05,0.13,15.2,14.24,13.28,606,1377,0.44,28.35,28.85,0.52,3.47,2026-04-16,2026-04-16 09:13:49
2612,中航,59.2,60.5,60.9,58.9,71.55,63.93,60.14,-0.52,-1.18,0.66,59.26,55.91,52.56,1525,978,1.56,116.91,10.86,2.1,3.55,2026-04-16,2026-04-16 09:13:51
2613,中櫃,23.1,23.25,23.3,23.0,41.02,31.81,40.32,-0.29,-0.25,-0.04,24.49,23.42,22.35,308,440,0.7,31.71,20.26,1.0,4.33,2026-04-16,2026-04-16 09:13:52
2614,東森,20.5,20.6,20.85,20.3,28.71,33.74,46.38,-0.09,-0.08,-0.01,21.13,20.57,20.02,594,800,0.74,67.09,10.3,0.25,1.22,2026-04-16,2026-04-16 09:13:53
2615,萬海,76.9,78.0,78.2,76.2,40.23,48.11,54.12,-0.15,-0.06,-0.09,80.86,77.26,73.66,8119,8476,0.96,2157.93,6.87,3.5,4.55,2026-04-16,2026-04-16 09:13:55
2616,山隆,15.45,15.9,15.9,15.45,30.81,26.65,40.32,-0.29,-0.08,-0.21,18.91,16.71,14.51,721,745,0.97,21.0,,0.3,1.94,2026-04-16,2026-04-16 09:13:56
2617,台航,31.25,31.5,31.65,31.05,64.38,54.88,55.7,-0.15,-0.21,0.07,31.93,30.67,29.42,657,777,0.85,130.4,9.86,1.5,4.8,2026-04-16,2026-04-16 09:13:57
2618,長榮航,35.25,35.0,35.25,34.9,67.12,60.69,46.55,-0.15,-0.26,0.1,35.78,34.99,34.19,16023,19135,0.84,1903.66,7.34,2.4,6.81,2026-04-16,2026-04-16 09:13:58
2630,亞航,48.7,47.05,50.0,46.95,40.47,23.55,46.35,-0.8,-0.88,0.08,51.0,47.89,44.78,2654,1210,2.19,102.0,48.7,0.9,1.85,2026-04-16,2026-04-16 09:13:59
2633,台灣高鐵,26.95,26.9,26.95,26.75,89.12,86.19,60.42,0.09,0.01,0.08,27.21,26.51,25.82,3298,4161,0.79,1516.82,23.03,1.05,3.9,2026-04-16,2026-04-16 09:14:01
2634,漢翔,49.7,47.75,51.7,47.75,45.95,31.03,43.3,-1.07,-1.38,0.3,51.55,48.33,45.12,13383,5364,2.49,468.11,63.72,1.38,2.78,2026-04-16,2026-04-16 09:14:02
2636,台驊控股,68.2,68.4,68.6,68.0,36.2,29.05,45.16,0.19,0.36,-0.17,70.25,68.64,67.03,330,261,1.26,93.41,8.81,6.0,8.8,2026-04-16,2026-04-16 09:14:03
2637,慧洋-KY,74.5,73.5,74.6,72.7,85.78,74.76,64.75,0.51,-0.05,0.56,73.43,69.9,66.36,4475,3026,1.48,556.07,13.82,5.0,6.71,2026-04-16,2026-04-16 09:14:04
2642,宅配通,23.0,22.9,23.0,22.9,21.43,20.32,35.48,-0.33,-0.35,0.02,23.83,23.3,22.78,44,69,0.63,21.96,31.94,0.5,2.17,2026-04-16,2026-04-16 09:14:06
2645,長榮航太,157.0,154.0,161.0,154.0,64.14,52.86,53.7,-1.72,-2.76,1.04,159.9,151.35,142.8,2022,1032,1.96,588.08,28.91,4.5,2.87,2026-04-16,2026-04-16 09:14:07
2646,星宇航空,21.25,21.0,21.35,21.0,59.71,43.27,40.48,-0.27,-0.32,0.05,21.74,21.23,20.71,4799,4073,1.18,639.36,236.11,,,2026-04-16,2026-04-16 09:14:08
2701,萬企,10.9,10.9,10.95,10.9,55.52,55.36,56.52,0.01,-0.03,0.03,10.93,10.74,10.56,102,147,0.7,49.05,19.46,0.28,2.57,2026-04-16,2026-04-16 09:14:09
2702,華園,16.55,17.1,17.1,15.85,92.05,94.31,89.91,1.17,0.71,0.47,16.82,13.16,9.49,596,777,0.77,25.92,,,,2026-04-16,2026-04-16 09:14:10
2704,國賓,43.3,43.0,43.5,43.0,61.58,56.48,66.67,0.05,-0.1,0.14,43.2,42.39,41.59,117,205,0.57,158.88,75.96,0.5,1.15,2026-04-16,2026-04-16 09:14:12
2705,六福,17.05,17.1,17.15,16.95,42.15,53.11,63.27,0.17,0.12,0.05,17.17,16.59,16.0,127,593,0.21,32.62,19.6,,,2026-04-16,2026-04-16 09:14:13
2706,第一店,12.75,12.7,12.8,12.7,74.15,67.5,65.22,0.02,-0.04,0.06,12.76,12.46,12.16,171,211,0.81,63.75,19.62,0.35,2.75,2026-04-16,2026-04-16 09:14:14
2707,晶華,180.0,181.0,181.0,179.5,48.88,63.82,68.47,1.43,0.81,0.62,183.27,176.8,170.32,965,526,1.83,229.33,15.82,10.75,5.97,2026-04-16,2026-04-16 09:14:16
2712,遠雄來,16.85,16.6,17.6,16.6,74.02,73.14,78.08,0.01,-0.31,0.32,16.68,15.18,13.68,38,48,0.79,17.69,,,,2026-04-16,2026-04-16 09:14:17
2722,夏都,24.9,24.9,25.15,24.85,60.72,61.68,68.93,0.22,-0.07,0.29,25.25,23.52,21.78,43,139,0.31,35.65,,0.15,0.6,2026-04-16,2026-04-16 09:14:18
2723,美食-KY,67.3,66.7,67.5,66.4,17.44,16.7,34.95,-1.14,-1.02,-0.12,71.48,69.01,66.54,293,435,0.67,121.14,10.77,3.0,4.46,2026-04-16,2026-04-16 09:14:19
2727,王品,225.5,228.0,228.0,225.0,22.63,27.33,28.3,0.79,1.54,-0.75,234.91,228.12,221.34,340,311,1.09,186.85,14.5,14.59,6.47,2026-04-16,2026-04-16 09:14:20
2731,雄獅,160.0,161.5,161.5,159.0,25.96,36.59,40.54,-2.28,-2.32,0.04,170.61,163.18,155.74,695,1367,0.51,149.24,9.23,7.5,4.69,2026-04-16,2026-04-16 09:14:22
2739,寒舍,36.8,36.9,36.9,35.75,72.65,70.94,67.07,0.62,0.3,0.32,36.87,34.52,32.18,344,750,0.46,33.68,15.66,1.0,2.72,2026-04-16,2026-04-16 09:14:23
2748,雲品,41.65,41.8,42.3,41.5,52.35,64.32,57.75,0.49,0.2,0.29,43.29,40.38,37.48,179,574,0.31,44.06,19.19,2.0,4.8,2026-04-16,2026-04-16 09:14:24
2753,八方雲集,183.0,184.5,184.5,183.0,66.76,53.34,53.57,-0.28,-0.7,0.42,184.59,181.28,177.96,163,153,1.06,121.96,14.45,10.0,5.46,2026-04-16,2026-04-16 09:14:25
2762,世界健身-KY,73.5,73.4,73.5,72.7,78.47,69.15,60.0,0.1,0.03,0.07,74.21,72.75,71.3,38,25,1.5,80.28,19.65,9.64,13.12,2026-04-16,2026-04-16 09:14:26
2801,彰銀,21.35,21.4,21.45,21.25,92.77,89.63,66.67,0.16,0.08,0.09,21.45,20.78,20.12,18864,16554,1.14,2512.05,14.23,0.5,2.34,2026-04-16,2026-04-16 09:14:28
2812,台中銀,20.65,20.75,20.85,20.6,33.53,52.92,51.61,0.06,0.07,-0.01,21.16,20.69,20.21,9195,10017,0.92,1243.47,13.5,0.39,1.89,2026-04-16,2026-04-16 09:14:29
2816,旺旺保,31.1,31.1,31.45,30.5,62.32,61.97,44.05,0.33,0.33,-0.0,31.88,31.09,30.3,383,279,1.37,69.54,6.7,1.5,4.82,2026-04-16,2026-04-16 09:14:30
2820,華票,17.3,17.2,17.35,17.15,85.76,82.04,81.25,0.09,0.05,0.04,17.23,16.88,16.54,1321,1035,1.28,232.33,12.91,0.78,4.51,2026-04-16,2026-04-16 09:14:31
2832,台產,49.0,48.6,49.25,48.6,78.1,74.25,63.11,-0.01,-0.27,0.27,48.83,47.45,46.07,307,196,1.56,124.23,12.56,7.14,14.57,2026-04-16,2026-04-16 09:14:33
2834,臺企銀,16.2,16.0,16.35,16.0,80.84,77.33,89.29,0.08,-0.03,0.11,15.79,15.22,14.65,80870,37053,2.18,1574.33,12.96,0.2,1.23,2026-04-16,2026-04-16 09:14:34
2836,高雄銀,12.25,12.3,12.35,12.2,67.87,64.53,62.5,-0.0,-0.02,0.02,12.27,12.15,12.03,2726,1631,1.67,218.83,18.28,0.3,2.45,2026-04-16,2026-04-16 09:14:35
2838,聯邦銀,21.25,21.2,21.5,21.1,76.9,76.05,63.46,0.33,0.32,0.01,21.45,20.65,19.86,1707,1744,0.98,922.37,16.47,0.35,1.65,2026-04-16,2026-04-16 09:14:36
2845,遠東銀,12.7,12.65,12.7,12.6,73.91,74.59,77.78,0.05,0.03,0.02,12.78,12.51,12.25,7984,5193,1.54,617.89,13.8,0.5,3.94,2026-04-16,2026-04-16 09:14:38
2849,安泰銀,13.95,13.9,14.1,13.8,88.26,83.8,68.89,0.15,0.04,0.1,13.93,13.23,12.53,315,190,1.65,273.09,17.66,0.38,2.72,2026-04-16,2026-04-16 09:14:39
2850,新產,124.5,128.0,128.0,123.5,82.08,84.1,75.76,2.32,1.43,0.89,126.75,119.12,111.5,401,449,0.89,393.37,10.14,7.15,5.74,2026-04-16,2026-04-16 09:14:40
2851,中再保,29.65,30.5,30.5,29.4,52.55,62.75,33.33,0.6,0.76,-0.16,31.84,30.83,29.83,9145,3301,2.77,237.32,8.1,1.9,6.41,2026-04-16,2026-04-16 09:14:41
2852,第一保,26.4,26.25,26.45,26.2,84.53,79.23,62.96,-0.1,-0.21,0.11,26.38,25.94,25.51,257,303,0.85,79.51,9.04,2.1,7.95,2026-04-16,2026-04-16 09:14:43
2855,統一證,33.5,32.85,33.6,32.65,64.38,50.56,56.91,0.49,0.51,-0.02,33.84,32.23,30.63,9157,6467,1.42,536.47,11.2,1.1,3.28,2026-04-16,2026-04-16 09:14:44
2867,三商壽,7.91,7.93,7.98,7.85,74.89,73.6,69.23,0.0,-0.03,0.04,7.94,7.7,7.46,9654,14140,0.68,466.65,39.55,,,2026-04-16,2026-04-16 09:14:45
2880,華南金,35.95,36.2,36.55,35.6,81.86,78.38,66.67,0.33,0.06,0.27,35.7,33.95,32.2,19784,16464,1.2,5003.15,18.92,1.25,3.48,2026-04-16,2026-04-16 09:14:46
2881,富邦金,87.9,87.3,88.4,87.2,48.87,51.92,45.54,-0.7,-0.89,0.18,89.63,87.8,85.97,20971,19501,1.08,12312.47,10.5,4.15,4.72,2026-04-16,2026-04-16 09:14:48
2882,國泰金,74.2,73.0,74.2,73.0,72.24,68.42,65.91,-0.1,-0.48,0.38,74.36,72.04,69.71,35283,25228,1.4,10884.55,10.51,3.5,4.72,2026-04-16,2026-04-16 09:14:49
2883,凱基金,21.15,20.95,21.25,20.85,74.59,72.88,59.3,0.34,0.28,0.06,21.65,20.34,19.03,35313,40157,0.88,3590.18,12.16,0.84,3.97,2026-04-16,2026-04-16 09:14:50
2884,玉山金,33.0,33.0,33.2,32.8,75.57,69.07,62.86,-0.08,-0.24,0.16,33.1,32.18,31.27,24529,29422,0.83,5337.42,15.57,1.2,3.64,2026-04-16,2026-04-16 09:14:51
2885,元大金,50.7,50.4,51.2,50.1,88.74,85.95,71.0,1.36,0.89,0.47,50.51,46.45,42.4,22461,24600,0.91,6758.89,18.5,1.5,2.96,2026-04-16,2026-04-16 09:14:53
2886,兆豐金,39.95,39.65,40.0,39.55,80.13,76.22,61.76,0.08,-0.03,0.11,40.03,39.16,38.3,19859,20894,0.95,5945.91,16.93,1.6,4.01,2026-04-16,2026-04-16 09:14:54
2887,台新新光金,24.95,24.65,25.1,24.6,80.19,74.97,55.95,0.15,0.12,0.03,25.12,24.31,23.49,51210,53011,0.97,6204.14,13.06,0.9,3.61,2026-04-16,2026-04-16 09:14:55
2889,國票金,15.45,15.3,15.55,15.25,59.66,42.99,23.94,-0.3,-0.31,0.01,17.14,15.69,14.24,2911,2316,1.26,561.39,24.52,0.3,1.94,2026-04-16,2026-04-16 09:14:56
2890,永豐金,33.3,33.3,33.65,33.1,86.64,84.06,64.95,0.52,0.39,0.13,33.7,32.09,30.47,18367,18677,0.98,4825.94,16.9,0.91,2.73,2026-04-16,2026-04-16 09:14:57
2891,中信金,53.4,53.0,53.7,52.5,31.68,46.03,52.63,0.42,0.53,-0.11,56.0,53.22,50.44,51652,46096,1.12,10507.95,13.15,2.3,4.31,2026-04-16,2026-04-16 09:14:59
2892,第一金,28.8,28.95,29.0,28.8,60.84,58.58,51.85,-0.07,-0.13,0.06,29.1,28.59,28.07,12334,15306,0.81,4141.29,15.4,0.95,3.3,2026-04-16,2026-04-16 09:15:00
2897,王道銀行,10.3,10.4,10.4,10.25,84.04,83.17,77.61,0.16,0.14,0.02,10.4,10.06,9.72,2870,3992,0.72,286.59,18.39,0.5,4.85,2026-04-16,2026-04-16 09:15:01
2901,欣欣,23.45,23.75,23.9,23.35,41.43,46.82,44.19,-0.08,-0.1,0.02,24.0,23.64,23.27,46,36,1.27,17.13,61.71,0.37,1.58,2026-04-16,2026-04-16 09:15:02
2903,遠百,23.05,23.1,23.15,22.95,56.93,52.61,57.14,0.04,0.05,-0.02,23.37,23.0,22.63,1546,2197,0.7,324.71,14.78,1.35,5.86,2026-04-16,2026-04-16 09:15:04
2904,匯僑,16.7,16.7,16.7,16.6,34.16,31.93,47.83,-0.09,-0.1,0.01,16.95,16.75,16.55,87,65,1.34,13.0,17.04,1.0,5.99,2026-04-16,2026-04-16 09:15:05
2905,三商,14.6,14.7,14.85,14.55,62.45,65.08,51.52,-0.14,-0.2,0.06,14.9,14.46,14.01,1389,883,1.57,153.78,20.56,0.3,2.05,2026-04-16,2026-04-16 09:15:06
2906,高林,13.0,13.0,13.0,12.95,54.9,47.02,30.77,0.06,0.08,-0.02,13.27,13.04,12.81,72,98,0.74,27.19,27.66,0.6,4.62,2026-04-16,2026-04-16 09:15:08
2908,特力,20.3,20.2,20.3,20.1,90.01,79.71,72.22,-0.0,-0.04,0.04,20.23,20.04,19.84,258,213,1.21,103.51,88.26,0.9,4.43,2026-04-16,2026-04-16 09:15:09
2910,統領,22.85,22.5,23.15,22.45,78.26,68.69,72.76,0.49,0.3,0.19,22.78,21.1,19.42,48,31,1.55,40.08,18.58,1.04,4.55,2026-04-16,2026-04-16 09:15:10
2911,麗嬰房,4.93,4.99,4.99,4.78,58.29,60.44,37.04,-0.04,-0.02,-0.01,5.23,5.08,4.94,227,98,2.31,5.18,2.29,,,2026-04-16,2026-04-16 09:15:11
2912,統一超,234.0,231.5,234.0,231.0,78.4,71.8,76.47,3.23,2.42,0.81,236.77,223.68,210.58,3074,2164,1.42,2432.72,21.79,9.0,3.85,2026-04-16,2026-04-16 09:15:13
2913,農林,12.35,12.3,12.4,12.25,42.07,29.02,52.63,-0.1,-0.12,0.02,12.57,12.29,12.01,1462,1565,0.93,97.56,,,,2026-04-16,2026-04-16 09:15:14
2915,潤泰全,45.6,46.35,46.8,45.5,18.18,29.87,37.4,-1.12,-1.1,-0.03,49.34,47.35,45.35,4713,2914,1.62,486.88,4.91,2.5,5.48,2026-04-16,2026-04-16 09:15:15
2923,鼎固-KY,27.05,25.5,27.05,24.15,92.86,81.93,85.12,0.95,-0.07,1.02,24.49,19.34,14.19,448,266,1.68,470.75,45.08,0.24,0.89,2026-04-16,2026-04-16 09:15:16
2929,淘帝-KY,6.26,6.25,6.32,6.2,59.18,55.95,50.65,-0.2,-0.25,0.05,6.55,6.26,5.98,137,171,0.8,6.85,0.5,,,2026-04-16,2026-04-16 09:15:17
2939,永邑-KY,24.75,24.35,24.75,24.05,24.85,30.22,32.0,0.03,0.34,-0.31,27.34,25.82,24.29,24,21,1.1,11.27,,,,2026-04-16,2026-04-16 09:15:19
2945,三商家購,42.2,42.45,42.45,42.1,77.91,75.17,61.4,0.32,0.13,0.19,42.55,41.07,39.6,14,14,0.97,28.48,19.81,1.5,3.55,2026-04-16,2026-04-16 09:15:20
3002,歐格,19.5,19.25,20.0,18.9,32.53,29.45,48.67,-0.46,-0.59,0.14,20.57,19.23,17.89,440,315,1.4,19.88,54.17,0.7,3.59,2026-04-16,2026-04-16 09:15:21
3003,健和興,54.5,53.9,54.9,53.6,82.01,69.63,64.77,1.0,0.51,0.49,54.41,50.74,47.08,1214,1211,1.0,84.83,55.05,2.0,3.67,2026-04-16,2026-04-16 09:15:22
3004,豐達科,115.5,116.0,118.0,114.5,78.13,76.99,66.45,2.84,1.09,1.75,120.98,106.02,91.07,383,566,0.68,74.22,19.98,2.55,2.21,2026-04-16,2026-04-16 09:15:24
3005,神基,98.4,97.9,99.2,97.4,28.07,23.79,19.21,-4.79,-4.04,-0.75,128.32,106.65,84.97,5079,4462,1.14,612.52,11.84,6.79,6.9,2026-04-16,2026-04-16 09:15:25
3006,晶豪科,157.0,156.5,160.5,154.5,36.04,32.54,36.05,-2.72,-1.53,-1.19,207.37,168.55,129.73,6966,13759,0.51,427.31,180.46,1.0,0.64,2026-04-16,2026-04-16 09:15:26
3008,大立光,2820.0,2835.0,2870.0,2750.0,84.52,75.29,85.29,92.46,18.56,73.89,2743.42,2331.65,1919.88,2883,2334,1.24,3688.51,17.95,80.0,2.84,2026-04-16,2026-04-16 09:15:27
3010,華立,130.5,136.0,136.5,129.5,77.75,74.12,52.63,2.13,1.23,0.9,139.07,127.2,115.33,1882,1856,1.01,338.57,14.95,5.3,4.06,2026-04-16,2026-04-16 09:15:29
3011,今皓,13.0,12.7,13.0,12.65,67.46,57.86,55.41,-0.01,-0.11,0.09,13.18,12.58,11.98,731,1012,0.72,16.27,,,,2026-04-16,2026-04-16 09:15:30
3013,晟銘電,105.0,105.0,108.5,104.0,67.67,60.36,58.77,0.06,-0.98,1.05,106.8,100.61,94.42,4560,2498,1.83,224.01,26.18,0.6,0.57,2026-04-16,2026-04-16 09:15:31
3014,聯陽,122.5,121.0,123.5,121.0,84.88,77.07,68.97,0.67,-0.03,0.7,121.75,117.62,113.5,1204,861,1.4,203.33,13.23,9.0,7.35,2026-04-16,2026-04-16 09:15:33
3015,全漢,51.3,50.7,51.3,50.5,64.99,56.35,51.25,-0.34,-0.5,0.17,51.97,50.65,49.34,237,201,1.18,96.07,27.73,3.0,5.85,2026-04-16,2026-04-16 09:15:34
3016,嘉晶,62.6,62.6,63.3,61.0,74.39,57.11,53.85,0.05,-0.89,0.94,67.18,57.98,48.78,2031,3129,0.65,180.63,894.29,0.5,0.8,2026-04-16,2026-04-16 09:15:35
3017,奇鋐,2440.0,2380.0,2515.0,2365.0,81.67,75.64,64.17,140.6,126.59,14.01,2435.45,2138.25,1841.05,4580,3443,1.33,9569.16,50.7,9.93,0.41,2026-04-16,2026-04-16 09:15:36
3018,隆銘綠能,11.0,10.9,11.0,10.9,12.07,10.28,25.0,-0.37,-0.29,-0.08,12.56,11.62,10.68,13,24,0.56,8.29,1.23,,,2026-04-16,2026-04-16 09:15:37
3019,亞光,129.0,128.0,131.0,128.0,62.71,54.88,51.56,-2.43,-3.67,1.25,134.97,126.58,118.18,2637,3091,0.85,360.22,19.85,4.0,3.1,2026-04-16,2026-04-16 09:15:38
3021,鴻名,16.35,16.5,16.7,16.05,78.04,68.65,61.43,0.0,-0.17,0.17,16.54,15.67,14.8,200,217,0.92,15.51,49.55,0.6,3.67,2026-04-16,2026-04-16 09:15:40
3022,威強電,68.4,67.8,68.9,67.6,84.26,70.62,67.38,1.32,0.64,0.68,69.96,64.19,58.41,950,1310,0.73,120.79,14.87,4.5,6.58,2026-04-16,2026-04-16 09:15:41
3023,信邦,279.5,270.0,280.0,269.5,76.96,71.8,64.78,9.3,8.98,0.32,283.64,262.9,242.16,2366,1481,1.6,670.99,21.47,10.25,3.67,2026-04-16,2026-04-16 09:15:42
3024,憶聲,10.4,10.05,10.45,10.05,52.78,44.4,57.31,-0.07,-0.09,0.03,10.7,10.24,9.77,2316,1401,1.65,28.82,38.52,0.4,3.85,2026-04-16,2026-04-16 09:15:43
3025,星通,63.2,64.8,65.3,63.2,69.23,67.06,54.0,0.68,0.22,0.46,66.64,61.48,56.31,514,706,0.73,35.86,18.48,3.3,5.22,2026-04-16,2026-04-16 09:15:44
3026,禾伸堂,240.5,228.0,245.0,226.0,93.09,90.69,84.74,28.78,19.49,9.28,239.85,159.93,80.0,4480,11583,0.39,398.97,36.94,5.5,2.29,2026-04-16,2026-04-16 09:15:46
3027,盛達,19.4,19.3,19.65,19.2,35.62,24.3,43.9,-0.74,-0.87,0.13,20.82,19.64,18.47,247,282,0.87,25.02,8.66,,,2026-04-16,2026-04-16 09:15:47
3028,增你強,63.2,62.8,64.3,62.1,72.77,69.78,67.74,3.02,2.04,0.98,65.0,55.77,46.54,3345,8710,0.38,149.94,20.13,2.1,3.32,2026-04-16,2026-04-16 09:15:48
3029,零壹,97.5,97.9,98.1,97.0,66.63,58.93,47.46,-2.58,-2.97,0.39,109.99,98.95,87.9,772,905,0.85,162.83,14.98,5.5,5.64,2026-04-16,2026-04-16 09:15:49
3030,德律,308.0,309.0,310.5,303.5,79.73,77.26,75.0,19.15,15.46,3.69,317.28,269.05,220.82,3294,9229,0.36,727.55,29.42,5.0,1.62,2026-04-16,2026-04-16 09:15:51
3031,佰鴻,33.0,31.6,33.0,31.3,91.96,83.0,79.25,2.72,1.73,0.98,32.7,25.19,17.67,11174,20587,0.54,57.16,30.56,1.0,3.03,2026-04-16,2026-04-16 09:15:52
3032,偉訓,62.7,61.0,62.7,61.0,28.93,25.67,43.39,-1.53,-1.63,0.1,66.84,63.46,60.09,594,628,0.95,71.03,,2.73,4.35,2026-04-16,2026-04-16 09:15:53
3033,威健,34.2,34.15,34.35,33.95,71.51,65.11,55.47,0.59,0.5,0.1,35.59,33.43,31.27,4077,4346,0.94,164.26,21.24,2.08,6.08,2026-04-16,2026-04-16 09:15:55
3034,聯詠,412.0,409.5,414.0,406.5,79.68,68.52,66.67,5.9,3.61,2.29,411.25,388.75,366.25,4090,3193,1.28,2507.07,15.34,28.0,6.8,2026-04-16,2026-04-16 09:15:56
3035,智原,156.5,152.0,159.0,150.5,75.67,64.57,55.0,-1.62,-3.03,1.41,162.99,150.25,137.51,5762,2899,1.99,407.76,55.89,3.0,1.92,2026-04-16,2026-04-16 09:15:57
3036,文曄,235.0,231.5,236.0,229.5,62.95,53.87,48.06,5.58,7.52,-1.94,253.39,232.4,211.41,6479,6522,0.99,2982.5,22.82,6.0,2.55,2026-04-16,2026-04-16 09:15:58
3037,欣興,645.0,620.0,646.0,606.0,82.03,78.3,69.86,47.22,40.97,6.25,681.25,553.27,425.3,6955,22601,0.31,10156.09,148.96,1.49,0.23,2026-04-16,2026-04-16 09:16:00
3038,全台,23.3,23.3,24.15,23.2,77.04,63.67,72.64,0.18,-0.16,0.34,23.11,21.16,19.21,1653,996,1.66,32.44,21.18,1.2,5.15,2026-04-16,2026-04-16 09:16:01
3040,遠見,46.2,46.4,47.2,46.2,9.12,18.59,27.23,0.14,0.85,-0.71,54.14,49.6,45.06,94,265,0.36,27.65,144.38,1.0,2.16,2026-04-16,2026-04-16 09:16:02
3041,揚智,22.4,22.3,22.55,22.25,59.63,41.57,39.29,-0.53,-0.61,0.08,24.22,22.54,20.86,579,624,0.93,31.41,23.09,,,2026-04-16,2026-04-16 09:16:03
3042,晶技,140.0,131.5,142.0,131.0,88.28,83.88,88.15,10.78,6.0,4.78,137.02,102.75,68.49,10547,27360,0.39,475.99,26.77,5.2,3.71,2026-04-16,2026-04-16 09:16:05
3043,科風,20.2,19.5,20.4,19.5,46.52,31.18,44.59,-0.48,-0.53,0.05,21.36,20.08,18.79,174,88,1.97,7.87,,,,2026-04-16,2026-04-16 09:16:06
3044,健鼎,410.5,405.0,415.0,400.5,81.18,73.02,71.84,7.69,1.75,5.93,402.31,365.3,328.29,6035,5438,1.11,2157.61,21.18,10.3,2.51,2026-04-16,2026-04-16 09:16:07
3045,台灣大,110.0,110.0,110.0,109.5,97.16,91.51,75.0,0.58,0.59,-0.01,110.35,109.53,108.7,7845,6903,1.14,3326.96,23.4,4.5,4.09,2026-04-16,2026-04-16 09:16:08
3046,建碁,49.0,48.7,49.8,48.7,77.23,68.81,71.43,0.06,-0.29,0.35,49.44,47.59,45.74,242,190,1.27,38.44,12.25,3.0,6.12,2026-04-16,2026-04-16 09:16:10
3047,訊舟,15.85,15.95,16.1,15.85,43.83,33.89,44.71,-0.29,-0.35,0.06,16.81,16.01,15.21,970,952,1.02,35.36,,0.3,1.89,2026-04-16,2026-04-16 09:16:11
3048,益登,39.3,40.45,40.45,39.25,69.42,59.21,53.76,0.08,-0.43,0.51,42.59,37.61,32.63,3151,6549,0.48,106.04,19.65,1.0,2.54,2026-04-16,2026-04-16 09:16:12
3049,精金,12.9,12.05,12.9,11.8,51.26,37.03,48.37,-0.08,0.06,-0.13,17.04,13.06,9.09,14566,10749,1.36,103.46,41.61,,,2026-04-16,2026-04-16 09:16:13
3050,鈺德,13.35,13.4,13.5,13.25,52.35,41.97,37.5,-0.05,-0.04,-0.01,14.28,13.46,12.63,704,670,1.05,20.69,333.75,0.5,3.75,2026-04-16,2026-04-16 09:16:14
3051,力特,20.75,20.7,20.95,20.45,66.43,54.57,49.5,-0.31,-0.45,0.14,21.42,20.45,19.47,523,787,0.66,34.24,20.54,1.52,7.33,2026-04-16,2026-04-16 09:16:16
3052,夆典,11.1,11.1,11.15,11.05,65.14,55.14,60.0,-0.07,-0.1,0.03,11.11,11.03,10.94,583,645,0.9,22.64,10.18,0.5,4.5,2026-04-16,2026-04-16 09:16:17
3054,立萬利,73.2,68.0,73.2,67.6,50.0,45.08,56.86,4.04,4.97,-0.93,85.95,70.5,55.05,517,704,0.73,59.04,37.73,,,2026-04-16,2026-04-16 09:16:18
3055,蔚華科,62.0,62.6,63.2,61.4,67.97,61.43,53.33,-0.27,-1.12,0.84,63.17,59.23,55.29,176,342,0.52,69.21,,1.0,1.61,2026-04-16,2026-04-16 09:16:19
3056,富華新,14.85,14.85,15.0,14.75,41.46,46.45,48.57,-0.29,-0.38,0.08,15.13,14.79,14.44,930,994,0.94,71.36,13.88,1.48,9.97,2026-04-16,2026-04-16 09:16:21
3057,喬鼎,18.1,18.8,18.8,18.1,67.0,62.77,60.54,0.38,0.04,0.34,19.27,16.87,14.48,490,627,0.78,12.28,45.25,,,2026-04-16,2026-04-16 09:16:22
3058,立德,9.3,9.07,9.45,9.05,21.45,12.84,42.91,-0.2,-0.17,-0.03,10.58,9.59,8.61,1283,1027,1.25,18.63,,,,2026-04-16,2026-04-16 09:16:23
3059,華晶科,37.1,36.8,37.5,36.8,68.53,59.18,48.33,-0.4,-0.56,0.16,38.37,36.75,35.14,1522,1401,1.09,113.95,30.16,1.0,2.7,2026-04-16,2026-04-16 09:16:24
3060,銘異,30.75,31.5,32.15,30.6,58.7,48.55,41.95,-0.21,-0.37,0.16,34.64,30.93,27.23,2261,2760,0.82,42.3,,0.35,1.14,2026-04-16,2026-04-16 09:16:26
3062,建漢,30.75,30.9,31.4,30.75,47.82,56.2,64.09,1.61,1.45,0.16,34.88,28.38,21.88,9230,22698,0.41,100.89,45.22,,,2026-04-16,2026-04-16 09:16:27
3071,協禧,30.0,31.65,31.8,30.0,64.0,53.58,53.97,1.09,0.98,0.11,31.13,28.52,25.92,1626,1828,0.89,33.0,52.63,0.81,2.7,2026-04-16,2026-04-16 09:16:29
3090,日電貿,108.5,107.5,110.0,104.0,79.67,70.73,73.07,2.82,1.01,1.81,108.51,96.94,85.37,7645,9815,0.78,312.01,20.06,4.2,3.87,2026-04-16,2026-04-16 09:16:31
3092,鴻碩,34.3,38.65,38.65,34.2,69.27,57.89,63.39,0.65,0.11,0.54,35.48,30.77,26.06,8510,2497,3.41,36.58,,,,2026-04-16,2026-04-16 09:16:32
3094,聯傑,25.15,23.15,25.15,22.9,64.06,51.5,63.71,-0.1,-0.31,0.21,24.49,23.16,21.82,1611,494,3.26,20.9,104.79,0.17,0.68,2026-04-16,2026-04-16 09:16:34
3105,穩懋,490.5,448.0,491.0,447.5,85.93,83.37,77.24,44.78,37.98,6.8,501.1,391.43,281.75,51172,39393,1.3,2079.43,123.55,1.0,0.2,2026-04-16,2026-04-16 09:16:36
3130,一零四,221.0,221.0,222.5,221.0,59.66,50.31,44.44,-0.64,-0.73,0.09,223.41,221.22,219.04,19,30,0.64,73.35,15.15,14.14,6.4,2026-04-16,2026-04-16 09:16:37
3135,凌航,122.0,125.0,125.0,120.0,76.12,66.93,46.55,0.32,-0.66,0.98,150.72,120.67,90.63,1131,1547,0.73,94.11,19.9,1.32,1.08,2026-04-16,2026-04-16 09:16:38
3138,耀登,175.0,177.5,179.0,170.5,52.89,52.04,49.66,-0.0,0.08,-0.08,190.18,176.28,162.37,1858,3174,0.59,86.94,116.67,2.56,1.46,2026-04-16,2026-04-16 09:16:40
3149,正達,42.1,42.75,42.85,41.85,32.25,27.22,44.68,-1.63,-1.64,0.01,47.19,43.69,40.18,2061,4032,0.51,95.24,,,,2026-04-16,2026-04-16 09:16:41
3150,鈺寶-創,19.4,18.5,19.4,18.5,59.87,51.29,50.5,0.37,0.19,0.18,19.92,17.78,15.65,81,67,1.21,8.61,,1.0,5.15,2026-04-16,2026-04-16 09:16:42
3164,景岳,17.95,18.2,18.2,17.95,63.6,66.22,61.82,0.17,0.14,0.03,18.18,17.68,17.17,30,42,0.73,15.44,27.2,0.8,4.46,2026-04-16,2026-04-16 09:16:43
3167,大量,670.0,680.0,715.0,670.0,89.32,89.58,81.99,95.55,70.8,24.76,732.79,464.3,195.81,735,955,0.77,592.98,83.85,1.0,0.15,2026-04-16,2026-04-16 09:16:45
3168,眾福科,47.7,48.5,48.5,47.0,85.01,79.31,82.8,1.49,0.73,0.76,47.34,42.46,37.58,68,151,0.46,35.82,18.42,3.04,6.37,2026-04-16,2026-04-16 09:16:46
3176,基亞,31.4,31.3,31.4,30.95,17.24,25.35,37.04,0.06,0.22,-0.15,34.08,32.36,30.64,243,243,1.0,43.74,,,,2026-04-16,2026-04-16 09:16:47
3189,景碩,393.5,389.0,402.5,377.5,72.29,67.33,62.0,21.72,21.25,0.48,408.46,360.65,312.84,43142,31595,1.37,2073.45,116.77,0.97,0.25,2026-04-16,2026-04-16 09:16:49
3209,全科,47.0,47.2,48.4,46.7,77.78,67.95,63.71,1.94,1.72,0.21,47.06,43.47,39.88,5652,4665,1.21,110.63,15.72,2.48,5.28,2026-04-16,2026-04-16 09:16:50
3229,晟鈦,27.95,27.95,27.95,27.95,85.39,68.71,81.25,1.06,0.12,0.94,25.99,20.81,15.63,455,807,0.56,17.96,,,,2026-04-16,2026-04-16 09:16:51
3231,緯創,134.0,134.0,135.5,131.5,71.85,69.31,59.38,0.72,-0.39,1.11,137.31,129.22,121.14,35427,36093,0.98,4261.75,15.93,3.8,2.84,2026-04-16,2026-04-16 09:16:52
3257,虹冠電,54.2,54.4,54.5,53.8,60.1,41.92,43.3,-1.41,-1.78,0.36,57.07,53.95,50.82,244,220,1.11,43.12,17.1,2.8,5.17,2026-04-16,2026-04-16 09:16:53
3259,鑫創,17.3,17.4,17.5,17.2,34.26,35.25,35.11,-0.17,-0.17,0.0,20.04,17.72,15.41,46,38,1.2,12.62,,,,2026-04-16,2026-04-16 09:16:55
3260,威剛,360.5,371.0,374.0,355.0,35.32,43.2,40.67,5.32,10.26,-4.94,473.01,389.4,305.79,15393,20985,0.73,1146.32,15.68,17.0,4.72,2026-04-16,2026-04-16 09:16:56
3266,昇陽,14.0,13.9,14.1,13.9,84.33,75.3,68.75,0.07,-0.02,0.1,13.95,13.42,12.89,115,85,1.35,49.32,24.14,0.75,5.36,2026-04-16,2026-04-16 09:16:58
3289,宜特,182.0,181.5,189.0,175.5,86.63,75.8,70.34,12.38,6.87,5.5,185.4,146.45,107.51,9821,9214,1.07,157.33,38.16,4.78,2.63,2026-04-16,2026-04-16 09:16:59
3296,勝德,21.55,21.45,21.85,21.45,51.42,51.52,48.72,-0.28,-0.35,0.07,22.02,21.63,21.23,113,65,1.72,20.84,35.33,,,2026-04-16,2026-04-16 09:17:00
3305,昇貿,121.0,120.0,125.0,118.5,80.81,73.7,74.03,2.95,0.85,2.1,122.57,108.5,94.43,9076,10098,0.9,168.64,40.33,2.25,1.86,2026-04-16,2026-04-16 09:17:02
3308,聯德,21.0,20.9,21.35,20.6,47.21,43.76,46.67,-0.48,-0.56,0.08,22.11,21.01,19.92,149,121,1.22,12.6,30.88,,,2026-04-16,2026-04-16 09:17:03
3311,閎暉,33.0,33.0,33.25,32.65,46.05,43.28,47.31,0.14,0.04,0.09,33.66,32.48,31.3,281,346,0.81,33.0,19.76,0.3,0.91,2026-04-16,2026-04-16 09:17:04
3312,弘憶股,41.85,41.7,43.05,41.35,76.08,64.86,73.36,0.99,0.2,0.79,40.98,36.74,32.5,4475,3037,1.47,76.43,24.47,1.39,3.32,2026-04-16,2026-04-16 09:17:05
3321,同泰,16.0,15.95,16.25,15.6,32.61,33.78,40.91,-0.26,-0.33,0.07,17.25,16.13,15.0,184,208,0.88,13.78,,,,2026-04-16,2026-04-16 09:17:07
3338,泰碩,64.5,65.1,66.4,64.1,64.23,48.25,56.46,1.26,1.05,0.2,65.88,61.31,56.74,1681,1624,1.03,56.0,36.03,2.01,3.12,2026-04-16,2026-04-16 09:17:08
3346,麗清,18.4,18.2,18.4,18.15,42.32,26.82,39.22,-0.49,-0.53,0.04,20.09,18.64,17.19,329,371,0.89,22.17,167.27,1.21,6.58,2026-04-16,2026-04-16 09:17:09
3356,奇偶,53.4,53.5,54.3,53.0,76.22,66.15,63.41,1.09,0.68,0.41,53.35,50.07,46.8,863,1056,0.82,42.69,8.61,4.0,7.49,2026-04-16,2026-04-16 09:17:10
3357,臺慶科,175.0,173.0,180.0,169.0,80.02,66.89,67.5,1.67,-1.39,3.06,173.9,155.15,136.4,6766,4164,1.62,178.56,18.52,5.0,2.86,2026-04-16,2026-04-16 09:17:12
3363,上詮,830.0,848.0,875.0,805.0,84.68,78.74,65.26,58.34,44.65,13.69,842.15,688.0,533.85,7096,5720,1.24,943.22,5187.5,,,2026-04-16,2026-04-16 09:17:13
3376,新日興,195.0,195.0,198.5,193.0,31.55,37.47,37.14,-2.99,-1.84,-1.15,229.11,206.18,183.24,3516,4979,0.71,381.74,121.12,6.0,3.08,2026-04-16,2026-04-16 09:17:14
3380,明泰,41.0,39.15,41.25,39.1,53.27,54.62,62.96,1.39,1.17,0.22,41.68,37.3,32.93,14309,8977,1.59,222.1,25.62,1.0,2.44,2026-04-16,2026-04-16 09:17:16
3406,玉晶光,511.0,510.0,518.0,502.0,68.67,62.01,65.58,15.89,8.35,7.54,509.43,459.43,409.42,1246,2540,0.49,576.12,15.59,18.0,3.52,2026-04-16,2026-04-16 09:17:17
3413,京鼎,315.5,316.5,316.5,312.0,64.03,59.47,44.94,3.99,2.54,1.45,326.32,306.27,286.23,1297,2546,0.51,346.48,15.22,10.98,3.48,2026-04-16,2026-04-16 09:17:18
3416,融程電,159.0,158.0,161.0,157.0,71.2,66.04,58.75,2.49,1.08,1.41,161.01,150.55,140.09,445,651,0.68,127.89,22.46,5.5,3.46,2026-04-16,2026-04-16 09:17:19
3419,譁裕,14.5,14.45,14.65,14.3,23.28,23.33,17.24,-0.28,-0.06,-0.21,17.18,15.67,14.15,360,606,0.59,17.47,27.36,,,2026-04-16,2026-04-16 09:17:20
3432,台端,16.35,16.4,16.45,16.3,40.33,34.24,29.55,-0.17,-0.15,-0.02,17.26,16.51,15.77,43,52,0.82,6.9,,,,2026-04-16,2026-04-16 09:17:22
3437,榮創,24.75,26.8,27.0,24.6,71.78,60.97,57.0,1.43,1.28,0.14,25.33,22.36,19.4,14370,9206,1.56,35.78,,,,2026-04-16,2026-04-16 09:17:23
3443,創意,3345.0,3165.0,3375.0,3140.0,89.68,80.83,75.74,157.23,60.51,96.72,3167.19,2596.25,2025.31,4234,3365,1.26,4482.67,119.72,16.0,0.48,2026-04-16,2026-04-16 09:17:24
3447,展達,39.5,40.0,40.0,39.4,63.7,44.39,50.72,-0.72,-0.97,0.25,41.87,39.22,36.57,169,237,0.71,30.59,24.84,1.1,2.78,2026-04-16,2026-04-16 09:17:25
3450,聯鈞,341.0,345.5,345.5,325.5,87.44,74.27,69.81,14.42,5.46,8.96,340.47,280.8,221.13,33878,26975,1.26,496.77,68.47,0.5,0.15,2026-04-16,2026-04-16 09:17:27
3454,晶睿,99.4,99.4,99.4,99.4,10.46,10.66,,0.03,0.04,-0.01,99.4,99.4,99.4,0,0,,86.05,16.19,2.3,2.31,2026-04-15,2026-04-16 09:17:28
3481,群創,27.25,28.2,28.9,27.2,69.57,62.54,58.16,0.33,0.12,0.2,28.34,25.81,23.28,558554,409269,1.36,2174.84,908.33,1.0,3.67,2026-04-16,2026-04-16 09:17:29
3494,誠研,8.32,8.39,8.43,8.22,70.66,52.56,57.14,-0.09,-0.15,0.07,8.46,8.08,7.7,115,87,1.32,7.89,,,,2026-04-16,2026-04-16 09:17:30
3498,陽程,81.4,82.2,82.2,80.3,62.59,64.03,52.77,5.12,4.96,0.16,87.02,76.63,66.24,2224,5841,0.38,49.17,169.58,,,2026-04-16,2026-04-16 09:17:32
3499,環天科,16.95,17.0,17.15,16.9,9.86,16.09,27.85,-0.16,0.01,-0.17,19.48,18.13,16.78,157,174,0.9,9.32,,,,2026-04-16,2026-04-16 09:17:34
3501,維熹,48.55,48.3,49.3,48.3,40.02,30.09,56.2,-0.48,-0.67,0.19,48.98,47.88,46.79,126,123,1.02,57.41,16.29,4.0,8.24,2026-04-16,2026-04-16 09:17:35
3504,揚明光,61.3,61.4,62.3,60.6,74.63,56.88,57.26,0.48,-0.53,1.0,62.94,55.6,48.27,620,1079,0.57,69.92,245.2,,,2026-04-16,2026-04-16 09:17:36
3508,位速,26.5,26.7,26.75,25.9,18.93,12.64,25.74,-3.6,-1.74,-1.85,55.61,36.76,17.9,924,1881,0.49,27.36,,,,2026-04-16,2026-04-16 09:17:37
3515,華擎,224.0,223.0,227.0,223.0,77.26,66.93,54.62,0.61,-1.4,2.02,228.18,214.6,201.02,512,740,0.69,276.74,14.77,5.3,2.37,2026-04-16,2026-04-16 09:17:39
3518,柏騰,26.2,24.25,26.2,24.15,78.29,56.89,70.5,0.54,0.07,0.47,24.68,21.72,18.75,4185,1387,3.02,26.9,,,,2026-04-16,2026-04-16 09:17:40
3521,台鋼建設,14.2,14.05,14.25,13.95,64.56,53.9,56.92,-0.1,-0.25,0.15,14.78,13.71,12.63,98,90,1.09,20.7,,,,2026-04-16,2026-04-16 09:17:41
3528,安馳,70.4,71.0,71.5,70.0,80.41,79.36,75.0,1.19,0.25,0.94,71.85,65.45,59.05,189,329,0.57,46.9,30.88,3.0,4.26,2026-04-16,2026-04-16 09:17:42
3530,晶相光,62.0,61.5,62.9,61.5,74.29,67.24,60.44,-0.13,-0.74,0.61,63.47,59.5,55.54,319,196,1.63,48.04,35.63,,,2026-04-16,2026-04-16 09:17:44
3532,台勝科,194.0,190.5,196.0,184.0,87.91,76.6,78.5,13.21,6.98,6.24,192.52,150.35,108.18,1988,6915,0.29,752.43,122.01,1.8,0.93,2026-04-16,2026-04-16 09:17:45
3533,嘉澤,2510.0,2430.0,2510.0,2380.0,79.24,69.0,65.52,158.66,144.1,14.56,2470.66,2163.5,1856.34,1689,1219,1.39,2809.54,35.83,41.72,1.66,2026-04-16,2026-04-16 09:17:46
3535,晶彩科,126.0,129.0,130.0,125.5,75.07,71.17,54.1,2.56,1.22,1.34,136.92,119.45,101.98,3941,12397,0.32,99.61,572.73,0.5,0.4,2026-04-16,2026-04-16 09:17:47
3543,州巧,43.05,44.0,44.2,42.75,11.65,13.25,22.02,-1.18,-0.65,-0.53,52.57,47.32,42.07,975,1272,0.77,47.04,,0.48,1.11,2026-04-16,2026-04-16 09:17:48
3545,敦泰,49.45,48.5,49.55,48.3,70.39,74.09,67.82,0.46,-0.02,0.48,52.16,46.74,41.32,991,1206,0.82,107.58,,1.74,3.52,2026-04-16,2026-04-16 09:17:50
3550,聯穎,19.55,19.8,20.1,19.45,65.61,61.57,58.82,0.5,0.39,0.11,20.65,18.8,16.94,2260,3609,0.63,21.03,,,,2026-04-16,2026-04-16 09:17:51
3555,博士旺,236.5,236.5,236.5,222.0,85.51,74.75,71.48,19.7,14.58,5.12,240.4,184.28,128.15,1076,810,1.33,94.6,183.33,,,2026-04-16,2026-04-16 09:17:53
3557,嘉威,31.45,31.6,31.65,30.9,72.35,68.29,60.67,-0.27,-0.54,0.27,31.53,30.57,29.61,37,61,0.61,26.52,3145.0,2.5,7.95,2026-04-16,2026-04-16 09:17:54
3563,牧德,948.0,958.0,966.0,932.0,83.64,79.47,75.63,76.76,68.76,8.0,975.29,810.4,645.51,3747,2949,1.27,606.35,60.19,5.55,0.59,2026-04-16,2026-04-16 09:17:55
3576,聯合再生,18.55,16.85,18.55,16.75,28.24,17.61,38.07,-0.78,-0.03,-0.75,26.36,20.99,15.62,47091,37688,1.25,301.76,14.27,,,2026-04-16,2026-04-16 09:17:56
3577,泓格,77.4,77.9,78.9,77.3,55.39,62.22,75.35,3.74,3.32,0.41,82.47,71.32,60.16,153,280,0.55,49.51,32.8,1.5,1.94,2026-04-16,2026-04-16 09:17:58
3583,辛耘,704.0,711.0,711.0,685.0,88.57,85.56,79.74,80.9,61.18,19.72,743.16,532.2,321.24,1119,4062,0.28,565.53,52.66,6.0,0.85,2026-04-16,2026-04-16 09:17:59
3588,通嘉,54.0,53.7,54.3,53.1,88.79,77.35,63.19,0.73,0.05,0.68,54.78,50.11,45.44,432,350,1.23,33.49,108.0,1.2,2.22,2026-04-16,2026-04-16 09:18:00
3591,艾笛森,23.7,24.3,24.45,23.6,78.58,75.03,70.07,1.02,0.78,0.25,23.99,21.51,19.03,3893,4343,0.9,33.65,41.58,0.74,3.12,2026-04-16,2026-04-16 09:18:01
3592,瑞鼎,232.5,230.5,233.0,229.5,83.81,75.78,70.0,2.39,0.81,1.57,234.95,221.4,207.85,461,439,1.05,176.36,12.98,22.2,9.55,2026-04-16,2026-04-16 09:18:03
3593,力銘,19.1,19.35,19.5,18.7,89.36,83.3,88.24,1.37,0.74,0.63,18.4,14.19,9.98,139,201,0.69,11.62,,,,2026-04-16,2026-04-16 09:18:04
3595,山太士,1935.0,1730.0,1955.0,1700.0,68.3,66.19,66.34,192.32,218.97,-26.65,1999.01,1711.75,1424.49,1244,889,1.4,656.22,436.79,1.0,0.05,2026-04-16,2026-04-16 09:18:05
3596,智易,176.5,177.5,178.0,175.0,84.69,76.22,57.27,-1.57,-2.69,1.11,189.68,171.65,153.63,1101,1610,0.68,388.92,14.2,9.0,5.1,2026-04-16,2026-04-16 09:18:07
3605,宏致,64.7,64.5,65.2,63.8,78.3,77.1,61.76,0.98,0.31,0.67,68.39,61.29,54.2,962,2153,0.45,105.47,16.01,0.72,1.11,2026-04-16,2026-04-16 09:18:08
3607,谷崧,14.8,14.95,15.35,14.8,56.62,53.04,56.0,0.13,0.06,0.07,14.96,14.39,13.82,242,411,0.59,18.01,740.0,0.7,4.73,2026-04-16,2026-04-16 09:18:09
3615,安可,32.45,32.65,33.1,32.15,45.28,39.72,52.96,0.23,0.39,-0.16,34.45,32.26,30.07,1019,1182,0.86,22.22,39.57,0.3,0.92,2026-04-16,2026-04-16 09:18:11
3617,碩天,189.5,191.5,192.0,187.5,81.69,67.85,67.03,0.11,-2.54,2.64,186.63,174.72,162.82,423,344,1.23,179.58,13.18,15.0,7.92,2026-04-16,2026-04-16 09:18:12
3622,洋華,56.5,57.0,57.0,56.2,47.47,33.78,33.33,-1.23,-1.27,0.03,60.94,57.44,53.93,254,348,0.73,85.5,9.29,3.0,5.31,2026-04-16,2026-04-16 09:18:13
3629,地心引力,18.0,17.2,18.0,17.2,34.06,36.82,47.52,-0.24,-0.11,-0.13,21.14,18.93,16.72,16,4,3.58,5.93,,,,2026-04-16,2026-04-16 09:18:15
3645,達邁,100.5,93.3,102.5,87.5,83.25,70.73,75.05,5.49,3.4,2.09,95.8,79.74,63.67,40681,26618,1.53,137.44,65.69,1.19,1.18,2026-04-16,2026-04-16 09:18:16
3652,精聯,27.95,28.1,28.2,27.9,80.22,70.38,68.18,0.02,-0.14,0.16,28.03,27.16,26.29,53,43,1.22,20.99,20.86,0.6,2.15,2026-04-16,2026-04-16 09:18:17
3653,健策,4380.0,4300.0,4430.0,4165.0,77.39,68.89,61.48,210.11,204.4,5.71,4299.04,3975.75,3652.46,1566,1123,1.39,6426.9,121.16,14.5,0.33,2026-04-16,2026-04-16 09:18:18
3661,世芯-KY,3475.0,3260.0,3530.0,3255.0,83.13,69.83,59.53,-4.76,-77.99,73.23,3544.54,3029.0,2513.46,5167,2472,2.09,2824.62,51.55,36.74,1.06,2026-04-16,2026-04-16 09:18:19
3665,貿聯-KY,2395.0,2430.0,2490.0,2385.0,86.9,85.43,83.91,188.4,147.2,41.2,2413.99,1963.0,1512.01,2645,2435,1.09,4669.29,51.74,10.51,0.44,2026-04-16,2026-04-16 09:18:21
3669,圓展,39.3,40.5,40.5,38.7,74.84,71.56,68.9,1.26,0.62,0.64,40.77,35.51,30.25,108,358,0.3,36.52,34.78,1.7,4.33,2026-04-16,2026-04-16 09:18:22
3673,TPK-KY,68.4,69.5,71.3,64.6,90.92,84.81,85.46,5.48,3.24,2.25,64.64,49.47,34.29,47495,19450,2.44,278.16,25.24,0.8,1.17,2026-04-16,2026-04-16 09:18:24
3679,新至陞,122.0,122.0,122.5,121.0,79.74,71.14,58.33,1.08,0.79,0.29,122.79,119.55,116.31,31,55,0.58,76.89,12.53,10.0,8.2,2026-04-16,2026-04-16 09:18:25
3686,達能,17.7,18.1,18.15,17.7,45.62,35.7,36.67,-0.42,-0.45,0.02,19.67,18.14,16.61,241,267,0.9,13.54,,,,2026-04-16,2026-04-16 09:18:26
3689,湧德,135.5,136.5,141.0,133.5,75.11,75.43,67.26,6.52,4.23,2.29,143.08,121.97,100.87,6949,8740,0.8,118.97,18.61,2.92,2.15,2026-04-16,2026-04-16 09:18:28
3693,營邦,602.0,604.0,615.0,576.0,75.7,76.14,65.1,42.79,35.28,7.51,635.64,534.0,432.36,3358,3755,0.89,258.8,39.14,11.0,1.83,2026-04-16,2026-04-16 09:18:29
3694,海華,61.3,60.4,61.7,60.4,77.44,66.62,63.94,0.67,-0.18,0.85,61.87,56.76,51.65,796,1412,0.56,94.98,15.36,1.48,2.41,2026-04-16,2026-04-16 09:18:30
3701,大眾控,63.4,67.3,68.0,62.7,61.86,46.91,55.35,0.57,-0.03,0.6,67.53,59.27,51.01,12664,9046,1.4,149.97,,0.2,0.32,2026-04-16,2026-04-16 09:18:32
3702,大聯大,98.2,98.5,98.5,95.6,70.64,61.01,55.17,5.1,5.17,-0.07,98.74,92.54,86.34,17509,24540,0.71,1648.83,17.57,3.2,3.26,2026-04-16,2026-04-16 09:18:33
3703,欣陸,22.0,22.1,22.2,21.95,24.02,26.56,21.95,-0.1,-0.07,-0.04,23.02,22.43,21.83,1144,1052,1.09,181.11,12.22,1.05,4.77,2026-04-16,2026-04-16 09:18:34
3704,合勤控,37.0,36.85,37.25,36.4,85.09,75.44,72.04,0.75,0.27,0.49,37.0,33.88,30.77,3268,4183,0.78,149.68,23.72,0.3,0.81,2026-04-16,2026-04-16 09:18:35
3705,永信,56.2,55.4,56.3,55.4,79.65,77.98,74.6,0.42,0.21,0.21,57.08,54.51,51.95,207,266,0.78,149.7,16.98,3.0,5.34,2026-04-16,2026-04-16 09:18:37
3706,神達,82.8,83.0,83.7,82.4,75.45,66.6,56.14,0.32,-0.38,0.7,85.62,79.56,73.49,9422,13908,0.68,1098.93,16.14,1.0,1.21,2026-04-16,2026-04-16 09:18:38
3708,上緯投控,118.5,114.5,119.0,113.5,31.07,25.44,47.44,-1.09,-0.69,-0.4,125.97,118.47,110.98,1102,767,1.44,108.74,19.95,2.35,1.98,2026-04-16,2026-04-16 09:18:39
3710,連展投控,6.22,6.23,6.3,6.2,23.19,28.0,53.85,-0.04,-0.03,-0.01,6.8,6.29,5.77,346,361,0.96,17.87,,,,2026-04-16,2026-04-16 09:18:41
3711,日月光投控,450.5,450.0,453.0,436.0,88.84,85.58,77.75,25.24,15.82,9.42,446.17,371.88,297.58,23500,22508,1.04,19735.76,51.49,5.3,1.18,2026-04-16,2026-04-16 09:18:42
3712,永崴投控,19.2,18.25,19.3,18.2,39.3,21.75,30.1,-1.61,-1.46,-0.15,26.01,20.73,15.44,1377,1296,1.06,47.28,,3.0,15.62,2026-04-16,2026-04-16 09:18:43
3714,富采,76.0,71.9,76.0,69.0,91.41,81.25,74.38,6.46,4.31,2.16,69.02,52.88,36.75,179812,66951,2.69,559.86,7600.0,0.9,1.18,2026-04-16,2026-04-16 09:18:44
3715,定穎投控,186.5,188.5,189.0,182.5,55.29,53.24,51.85,7.48,8.41,-0.93,200.18,182.88,165.57,15901,20814,0.76,528.87,68.82,1.5,0.8,2026-04-16,2026-04-16 09:18:46
3716,中化控股,33.0,33.05,33.05,32.75,44.02,33.98,47.62,-0.19,-0.21,0.02,33.44,32.98,32.53,141,134,1.05,48.36,13.87,1.02,3.09,2026-04-16,2026-04-16 09:18:47
3717,聯嘉投控,21.85,21.95,22.35,21.85,24.61,42.73,49.69,0.87,1.05,-0.17,24.19,21.67,19.16,1007,1419,0.71,45.41,,0.3,1.37,2026-04-16,2026-04-16 09:18:48
4102,永日,19.1,18.95,19.1,18.85,45.01,46.05,46.43,-0.15,-0.17,0.02,19.52,19.23,18.94,64,79,0.81,8.09,,1.15,6.02,2026-04-16,2026-04-16 09:18:49
4104,佳醫,79.4,78.8,79.4,78.8,88.94,84.72,76.79,0.47,0.22,0.25,79.56,77.31,75.06,213,232,0.92,149.56,17.22,4.3,5.42,2026-04-16,2026-04-16 09:18:51
4105,東洋,74.2,74.3,74.7,74.0,45.91,44.84,40.3,-0.79,-0.97,0.18,76.02,74.42,72.81,847,689,1.23,184.5,11.85,4.5,6.06,2026-04-16,2026-04-16 09:18:52
4106,雃博,22.55,22.45,22.55,22.35,83.58,71.7,57.14,-0.05,-0.1,0.04,22.58,22.32,22.07,80,63,1.27,22.76,18.95,0.8,3.55,2026-04-16,2026-04-16 09:18:53
4107,邦特,120.0,120.5,120.5,119.5,64.12,64.68,54.55,0.14,-0.21,0.35,121.76,118.72,115.69,28,53,0.52,83.16,15.5,5.0,4.17,2026-04-16,2026-04-16 09:18:55
4108,懷特,13.1,12.5,13.45,12.5,35.2,25.0,50.0,-0.26,-0.29,0.03,13.54,12.83,12.12,690,313,2.2,26.02,,,,2026-04-16,2026-04-16 09:18:56
4109,加捷生醫,12.35,12.35,12.4,12.25,12.64,10.48,17.39,-0.32,-0.3,-0.01,13.52,12.77,12.01,206,154,1.34,14.66,28.72,0.5,4.05,2026-04-16,2026-04-16 09:18:58
4111,濟生,29.45,29.25,29.45,29.25,81.03,79.88,60.0,-0.04,-0.08,0.04,29.63,29.31,28.98,67,88,0.76,17.62,10.83,1.0,3.4,2026-04-16,2026-04-16 09:19:00
4113,聯上,16.1,15.8,16.3,15.8,20.76,18.65,22.92,-0.82,-0.84,0.02,18.23,16.94,15.66,217,334,0.65,37.21,,0.85,5.28,2026-04-16,2026-04-16 09:19:01
4114,健喬,32.05,31.95,32.2,31.9,74.93,61.25,66.67,0.01,-0.13,0.14,31.85,31.18,30.51,865,1080,0.8,161.27,19.31,0.6,1.87,2026-04-16,2026-04-16 09:19:03
4115,善德生技,10.3,8.08,12.1,8.02,79.88,80.89,85.98,0.35,0.08,0.27,9.1,7.55,5.99,976,254,3.84,6.18,,,,2026-04-16,2026-04-16 09:19:05
4116,明基醫,41.35,40.05,41.6,40.05,76.09,66.3,76.92,-0.19,-0.45,0.26,40.56,39.63,38.71,89,38,2.35,18.43,23.63,1.65,3.99,2026-04-16,2026-04-16 09:19:06
4117,普生,4.15,4.3,4.3,4.3,42.04,41.98,,-0.97,-1.25,0.28,4.3,4.3,4.3,0,0,,2.94,,,,2026-04-15,2026-04-16 09:19:08
4119,旭富,50.0,50.0,50.9,49.8,12.05,20.96,33.8,-0.61,-0.39,-0.23,53.81,51.67,49.54,259,191,1.35,59.75,55.56,1.5,3.0,2026-04-16,2026-04-16 09:19:09
4120,友華,47.5,47.4,47.6,47.1,28.97,34.51,48.31,0.5,0.54,-0.04,48.08,46.83,45.59,70,23,3.05,41.2,,1.0,2.11,2026-04-16,2026-04-16 09:19:11
4121,優盛,15.55,15.5,15.7,15.4,19.27,14.98,35.56,-0.72,-0.73,0.01,17.64,16.03,14.42,146,148,0.98,12.87,,,,2026-04-16,2026-04-16 09:19:12
4123,晟德,41.65,41.7,42.05,41.35,38.23,27.93,50.0,-0.57,-0.61,0.04,43.49,41.3,39.1,2879,2814,1.02,315.79,3.64,0.76,1.82,2026-04-16,2026-04-16 09:19:14
4126,太醫,80.8,81.1,81.1,80.5,50.02,48.94,55.56,-0.16,-0.26,0.1,81.07,80.29,79.5,23,58,0.4,58.66,15.42,5.0,6.19,2026-04-16,2026-04-16 09:19:15
4127,天良,36.3,35.8,36.3,35.6,30.96,28.97,57.14,-0.01,-0.09,0.08,36.27,35.6,34.93,121,75,1.61,16.61,,,,2026-04-16,2026-04-16 09:19:17
4128,中天,17.75,17.35,18.0,17.3,44.2,35.61,58.73,-0.16,-0.29,0.13,17.59,17.03,16.47,3136,1953,1.61,104.4,,,,2026-04-16,2026-04-16 09:19:19
4129,聯合,105.0,108.0,108.0,103.5,68.74,58.8,57.08,-0.97,-1.74,0.77,108.79,102.65,96.52,336,281,1.19,101.26,18.52,4.0,3.81,2026-04-16,2026-04-16 09:19:20
4130,健亞,32.6,33.65,33.65,32.5,34.25,50.7,56.3,0.3,0.35,-0.05,35.53,32.79,30.05,628,1704,0.37,44.58,326.0,0.1,0.31,2026-04-16,2026-04-16 09:19:22
4131,浩泰,35.7,35.6,35.7,34.75,77.18,71.6,49.38,-0.44,-0.6,0.16,37.0,35.66,34.33,65,118,0.56,14.13,,,,2026-04-16,2026-04-16 09:19:23
4132,國鼎,3.47,4.85,5.09,4.5,17.49,11.61,18.45,-2.86,-2.73,-0.13,16.42,8.36,0.3,6377,4883,1.31,6.32,,,,2026-04-09,2026-04-16 09:19:25
4133,亞諾法,22.8,22.6,22.95,22.6,51.83,34.66,42.86,-0.34,-0.4,0.06,23.39,22.8,22.21,87,68,1.28,13.81,18.69,0.9,3.95,2026-04-16,2026-04-16 09:19:26
4137,麗豐-KY,110.0,110.0,111.0,109.5,75.95,66.5,57.14,0.26,-0.14,0.4,110.85,107.47,104.1,135,167,0.81,90.74,16.18,10.0,9.09,2026-04-16,2026-04-16 09:19:27
4138,曜亞,63.2,63.1,63.4,63.1,85.86,79.96,79.55,0.66,0.51,0.15,63.4,61.68,59.95,26,30,0.88,25.24,16.68,4.2,6.65,2026-04-16,2026-04-16 09:19:29
4139,馬光-KY,24.9,24.95,24.95,24.45,66.69,66.63,57.89,0.2,0.17,0.03,25.35,24.66,23.98,9,12,0.73,11.21,,,,2026-04-16,2026-04-16 09:19:30
4142,國光生,18.7,18.65,19.2,18.65,46.54,42.17,51.85,0.06,0.03,0.03,18.84,18.39,17.93,2621,1417,1.85,78.82,5.53,,,2026-04-16,2026-04-16 09:19:31
4147,中裕,53.4,53.7,54.1,53.1,29.43,41.8,44.9,0.18,0.24,-0.05,58.57,53.58,48.58,724,843,0.86,145.89,,,,2026-04-16,2026-04-16 09:19:33
4148,全宇生技-KY,38.4,39.1,39.2,38.1,10.94,20.03,28.1,0.01,0.65,-0.64,44.7,41.64,38.58,115,98,1.18,25.82,16.92,0.5,1.3,2026-04-16,2026-04-16 09:19:34
4150,優你康,6.3,5.83,6.41,5.47,64.05,50.51,54.56,-0.24,-0.37,0.13,6.61,5.52,4.43,1017,1295,0.79,9.27,,,,2026-04-16,2026-04-16 09:19:36
4153,鈺緯,32.2,32.2,32.2,31.75,17.18,21.38,23.4,-0.39,-0.36,-0.04,33.81,32.76,31.72,60,96,0.63,18.89,20.91,2.0,6.21,2026-04-16,2026-04-16 09:19:37
4154,樂威科-KY,14.0,13.75,14.05,13.75,35.3,40.98,62.31,0.49,0.49,-0.0,16.56,13.18,9.8,38,22,1.67,4.9,,,,2026-04-16,2026-04-16 09:19:39
4155,訊映,13.15,13.15,13.35,13.1,25.54,24.62,36.36,-0.19,-0.22,0.03,13.57,13.26,12.95,311,271,1.15,18.56,23.07,0.3,2.28,2026-04-16,2026-04-16 09:19:40
4157,太景*-KY,10.9,10.95,11.05,10.8,35.0,29.81,42.0,-0.32,-0.33,0.01,11.72,11.16,10.59,846,1649,0.51,77.59,181.67,,,2026-04-16,2026-04-16 09:19:42
4160,訊聯基因,44.6,44.45,44.85,44.45,44.19,52.79,37.5,-0.87,-1.03,0.16,46.25,45.18,44.11,24,28,0.88,11.9,55.75,1.85,4.15,2026-04-16,2026-04-16 09:19:43
4161,聿新科,24.2,24.25,24.55,24.2,26.3,32.31,33.33,-0.27,-0.26,-0.01,25.38,24.7,24.02,81,165,0.49,14.47,20.0,0.3,1.24,2026-04-16,2026-04-16 09:19:45
4162,智擎,58.9,58.2,59.1,58.2,47.48,42.9,55.56,-0.77,-1.13,0.36,59.39,57.99,56.59,362,290,1.25,83.45,21.9,6.0,10.19,2026-04-16,2026-04-16 09:19:47
4163,鐿鈦,108.0,108.5,109.5,107.0,57.05,65.34,65.52,1.99,2.0,-0.01,110.15,105.21,100.26,22,28,0.77,53.68,21.22,3.5,3.24,2026-04-16,2026-04-16 09:19:48
4164,承業醫,31.45,31.15,31.75,31.05,57.08,55.27,49.49,-0.22,-0.36,0.14,31.71,30.89,30.07,880,817,1.08,61.43,31.45,1.36,4.32,2026-04-16,2026-04-16 09:19:50
4166,友霖,25.1,25.6,25.6,25.0,23.86,28.0,30.93,0.01,0.01,0.0,26.98,25.36,23.74,360,234,1.54,61.0,27.89,,,2026-04-16,2026-04-16 09:19:51
4167,松瑞藥,19.9,19.95,20.1,19.85,9.97,13.89,40.0,-0.08,0.11,-0.18,21.87,20.75,19.63,747,1070,0.7,61.78,11.64,0.41,2.06,2026-04-16,2026-04-16 09:19:53
4168,醣聯,24.1,24.45,24.5,23.95,67.09,48.39,42.27,-0.34,-0.51,0.17,25.01,23.72,22.42,216,190,1.14,27.12,,,,2026-04-16,2026-04-16 09:19:54
4170,鑫品生醫,15.0,13.9,15.0,13.85,86.41,71.78,75.61,0.12,-0.16,0.27,14.5,13.01,11.52,137,80,1.71,6.57,,,,2026-04-16,2026-04-16 09:19:57
4171,瑞基,19.6,18.95,20.1,18.95,38.92,30.75,57.3,-0.18,-0.28,0.1,19.46,18.79,18.12,441,132,3.35,11.31,,,,2026-04-16,2026-04-16 09:19:59
4172,因華,15.25,15.2,16.5,14.7,49.62,36.62,58.0,-0.24,-0.39,0.15,15.5,14.2,12.91,590,420,1.4,18.24,,,,2026-04-16,2026-04-16 09:20:00
4173,久裕,19.8,19.55,19.95,19.55,51.16,44.53,60.22,-0.1,-0.15,0.05,19.72,19.5,19.28,296,241,1.23,14.77,17.07,1.04,5.25,2026-04-16,2026-04-16 09:20:02
4174,浩鼎,37.9,38.6,38.65,37.8,29.41,28.91,40.68,-1.02,-1.3,0.28,39.38,38.27,37.16,370,396,0.93,49.83,,,,2026-04-16,2026-04-16 09:20:04
4175,杏一,55.4,54.9,56.0,54.9,36.49,38.78,56.45,-0.02,-0.07,0.05,56.63,55.31,53.99,14,15,0.94,23.45,15.22,1.6,2.89,2026-04-16,2026-04-16 09:20:05
4178,永笙-KY,25.85,25.75,27.2,24.75,61.99,63.58,47.83,-0.32,-0.45,0.13,26.99,25.89,24.79,251,294,0.86,49.75,,,,2026-04-16,2026-04-16 09:20:07
4183,福永生技,15.3,15.25,15.3,15.25,16.62,32.45,46.94,-0.18,-0.12,-0.06,16.43,15.79,15.15,2,9,0.2,3.64,,0.67,4.38,2026-04-16,2026-04-16 09:20:08
4186,尖端醫,10.5,10.05,10.5,9.92,61.62,49.67,64.23,-0.11,-0.16,0.05,10.5,10.16,9.82,515,196,2.62,9.45,40.38,,,2026-04-16,2026-04-16 09:20:10
4188,安克,12.15,12.05,12.2,12.05,43.45,38.73,31.25,-0.32,-0.34,0.02,13.12,12.46,11.8,21,38,0.57,7.69,,,,2026-04-16,2026-04-16 09:20:12
4190,佐登-KY,27.0,27.4,27.4,27.0,50.53,37.89,32.5,-0.44,-0.48,0.04,28.39,27.43,26.48,38,42,0.92,16.11,20.0,0.5,1.85,2026-04-16,2026-04-16 09:20:13
4192,杏國,20.45,19.3,20.45,19.25,84.75,70.82,65.52,-0.21,-0.31,0.1,20.76,20.35,19.94,21,7,3.0,7.19,,,,2026-04-16,2026-04-16 09:20:15
4194,禾生技,8.45,7.23,9.0,6.68,71.74,67.56,71.52,0.04,-0.08,0.12,7.76,7.06,6.36,849,270,3.14,12.33,,,,2026-04-16,2026-04-16 09:20:16
4195,基米,34.95,29.1,35.5,29.1,76.11,67.28,90.18,1.43,0.82,0.61,31.44,26.77,22.1,4415,1422,3.1,25.32,,,,2026-04-16,2026-04-16 09:20:18
4197,暐世,10.75,8.94,11.6,8.94,61.66,53.46,64.52,-0.05,-0.15,0.1,10.13,9.15,8.18,374,132,2.84,3.24,,,,2026-04-16,2026-04-16 09:20:19
4198,欣大健康,40.15,39.75,40.2,38.7,72.13,76.56,69.93,0.72,0.7,0.03,41.1,38.76,36.41,11,9,1.12,9.68,,,,2026-04-16,2026-04-16 09:20:21
4205,中華食,77.1,77.0,77.1,76.8,23.75,23.55,51.43,-0.15,-0.04,-0.1,79.54,77.57,75.6,9,20,0.46,75.29,18.62,2.0,2.59,2026-04-16,2026-04-16 09:20:22
4207,環泰,17.85,18.0,18.0,17.8,34.36,44.38,29.12,-0.1,-0.03,-0.07,18.77,18.33,17.88,153,339,0.45,35.44,10.2,1.2,6.72,2026-04-16,2026-04-16 09:20:24
4303,信立,54.9,54.7,55.8,54.5,31.47,21.14,50.0,-0.66,-0.65,-0.01,57.65,55.09,52.54,1070,594,1.8,51.94,4.94,1.0,1.82,2026-04-16,2026-04-16 09:20:25
4304,勝昱,28.25,28.1,28.95,28.0,37.58,45.01,58.49,-0.24,-0.48,0.24,30.24,27.18,24.12,43,41,1.05,17.24,,,,2026-04-16,2026-04-16 09:20:27
4305,世坤,45.0,43.6,45.0,43.55,56.97,42.28,67.65,0.19,0.2,-0.0,44.71,43.84,42.98,8,5,1.38,24.76,11.81,3.2,7.11,2026-04-16,2026-04-16 09:20:29
4306,炎洲,13.8,13.85,13.9,13.75,48.42,44.0,59.46,0.08,0.04,0.04,14.05,13.61,13.17,928,1320,0.7,90.8,53.08,1.0,7.25,2026-04-16,2026-04-16 09:20:30
4401,東隆興,14.9,14.95,14.95,14.75,54.72,48.23,47.06,-0.15,-0.2,0.05,15.16,14.92,14.68,85,77,1.1,18.28,20.41,0.7,4.7,2026-04-16,2026-04-16 09:20:32
4402,郡都開發,16.5,16.4,16.9,16.0,33.29,41.63,42.25,-0.47,-0.47,0.0,17.69,17.05,16.41,53,51,1.04,11.22,,,,2026-04-16,2026-04-16 09:20:33
4406,新昕纖,9.98,9.85,9.98,9.78,52.18,36.04,38.67,-0.05,-0.03,-0.02,10.21,10.04,9.86,5,7,0.66,5.18,,,,2026-04-16,2026-04-16 09:20:35
4413,飛寶企業,17.9,17.6,17.9,17.6,69.31,57.35,51.61,-0.03,-0.06,0.03,18.36,17.81,17.26,6,11,0.54,5.61,34.42,0.2,1.12,2026-04-16,2026-04-16 09:20:37
4414,如興,10.95,11.15,11.3,10.95,6.48,15.89,19.51,0.06,0.2,-0.15,12.37,11.65,10.94,399,374,1.07,28.89,16.34,,,2026-04-16,2026-04-16 09:20:38
4416,三圓,13.75,13.2,14.25,13.0,43.41,29.98,57.36,-1.69,-2.13,0.44,15.36,13.58,11.8,538,308,1.74,9.43,,1.0,7.27,2026-04-16,2026-04-16 09:20:39
4417,金洲,47.95,47.8,48.35,47.8,17.25,20.24,23.48,-0.98,-0.71,-0.27,52.89,50.25,47.61,108,296,0.37,40.26,7.87,2.8,5.84,2026-04-16,2026-04-16 09:20:41
4419,皇家美食,45.1,45.05,45.1,44.6,11.61,25.02,44.83,-0.25,0.55,-0.8,55.52,48.39,41.27,9,5,1.67,76.29,,,,2026-04-16,2026-04-16 09:20:42
4420,光明,44.8,45.1,45.2,44.6,55.12,43.82,47.58,-0.69,-0.92,0.23,48.68,44.71,40.74,53,87,0.61,18.12,8.12,3.0,6.7,2026-04-16,2026-04-16 09:20:44
4426,利勤,8.64,8.61,8.77,8.58,26.6,18.4,25.61,-0.17,-0.15,-0.02,9.32,8.84,8.37,209,156,1.34,14.92,,,,2026-04-16,2026-04-16 09:20:45
4430,耀億,17.3,17.35,17.5,17.25,42.23,47.83,16.67,-0.2,-0.14,-0.06,18.45,17.94,17.44,25,21,1.18,9.74,,0.5,2.89,2026-04-16,2026-04-16 09:20:47
4431,敏成健康,17.75,17.65,17.75,17.6,40.84,24.74,48.0,-0.28,-0.25,-0.03,18.92,17.68,16.44,10,27,0.37,6.49,,,,2026-04-16,2026-04-16 09:20:48
4432,銘旺實,15.15,15.35,15.35,15.15,21.3,33.94,48.39,-0.11,-0.11,0.0,15.64,15.35,15.06,37,29,1.27,7.66,17.22,1.0,6.6,2026-04-16,2026-04-16 09:20:50
4433,興采,20.65,20.1,20.65,20.05,40.87,36.81,53.09,-0.19,-0.17,-0.02,21.58,20.85,20.12,23,36,0.66,12.48,19.67,1.0,4.84,2026-04-16,2026-04-16 09:20:52
4438,廣越,59.2,58.6,59.4,58.6,61.8,43.04,58.89,-1.41,-2.05,0.64,58.89,57.14,55.39,76,76,1.01,66.7,20.34,3.2,5.41,2026-04-16,2026-04-16 09:20:53
4439,冠星-KY,98.5,98.4,98.5,96.8,85.28,83.8,76.06,1.5,-0.47,1.97,100.73,88.68,76.62,7,45,0.16,37.53,13.66,2.0,2.03,2026-04-16,2026-04-16 09:20:54
4440,宜新實業,18.1,18.05,18.45,18.05,63.35,53.16,71.43,0.24,0.19,0.05,17.88,17.35,16.83,181,81,2.23,12.24,15.88,1.0,5.52,2026-04-16,2026-04-16 09:20:55
4441,振大環球,195.5,196.5,196.5,192.5,33.9,31.39,44.14,-8.54,-10.17,1.63,214.13,197.7,181.27,48,80,0.61,133.28,13.47,9.15,4.68,2026-04-16,2026-04-16 09:20:56
4442,竣邦-KY,57.7,58.5,58.5,57.6,12.27,23.42,34.09,0.09,0.67,-0.58,63.77,61.06,58.34,106,77,1.37,18.13,12.25,3.5,6.07,2026-04-16,2026-04-16 09:20:58
4502,健信,15.9,16.05,16.05,15.8,45.06,37.4,57.89,0.02,-0.0,0.02,15.98,15.8,15.62,34,25,1.33,8.94,,,,2026-04-16,2026-04-16 09:21:00
4503,金雨,40.7,41.25,41.25,40.65,76.9,82.04,66.67,0.83,0.53,0.3,42.47,38.87,35.27,114,177,0.64,31.87,29.71,,,2026-04-16,2026-04-16 09:21:01
4506,崇友,121.0,120.0,121.5,120.0,71.7,66.97,66.67,1.09,0.76,0.33,121.37,118.1,114.83,50,60,0.83,214.18,18.56,4.5,3.72,2026-04-16,2026-04-16 09:21:03
4510,高鋒,47.1,48.0,49.0,46.4,58.81,43.39,54.26,0.32,-0.29,0.61,47.24,43.31,39.39,2917,4188,0.7,51.32,,0.79,1.68,2026-04-16,2026-04-16 09:21:05
4513,福裕,16.6,16.55,16.95,16.55,42.29,27.89,35.71,-0.45,-0.43,-0.02,18.55,17.09,15.62,263,303,0.87,18.98,,,,2026-04-16,2026-04-16 09:21:06
4523,永彰,30.45,30.7,30.75,30.4,66.19,54.11,53.57,-0.28,-0.37,0.09,31.33,30.19,29.05,164,211,0.78,19.78,1.39,,,2026-04-16,2026-04-16 09:21:08
4526,東台,34.1,34.65,35.2,33.85,45.31,51.39,47.37,0.31,0.25,0.05,36.11,33.95,31.79,2134,2816,0.76,85.87,18.84,1.0,2.93,2026-04-16,2026-04-16 09:21:09
4527,方土霖,43.2,43.7,43.7,43.2,62.93,61.6,61.11,0.44,0.43,0.01,43.59,42.8,42.01,14,20,0.7,32.9,12.86,3.2,7.41,2026-04-16,2026-04-16 09:21:11
4528,江興鍛,17.1,17.3,17.3,17.1,32.98,29.55,45.48,-0.35,-0.35,-0.0,18.25,17.38,16.51,30,23,1.33,14.39,15.69,0.2,1.17,2026-04-16,2026-04-16 09:21:12
4529,淳紳,3.07,3.0,3.09,3.0,37.64,31.49,35.8,-0.08,-0.07,-0.01,3.46,3.21,2.96,21,59,0.35,2.6,,,,2026-04-16,2026-04-16 09:21:14
4530,宏易,28.55,28.4,28.55,28.0,33.61,36.76,48.04,-0.15,-0.12,-0.03,29.56,28.56,27.57,7,14,0.52,10.22,23.4,,,2026-04-16,2026-04-16 09:21:16
4532,瑞智,24.25,24.1,24.4,24.0,17.2,17.63,34.86,-0.08,0.03,-0.11,25.81,24.78,23.75,978,1351,0.72,117.61,11.89,1.5,6.19,2026-04-16,2026-04-16 09:21:17
4533,協易機,31.6,31.55,31.8,31.0,53.02,37.35,39.45,-0.51,-0.57,0.06,34.33,31.4,28.47,1597,2551,0.63,50.07,158.0,1.2,3.8,2026-04-16,2026-04-16 09:21:18
4534,慶騰,26.6,26.3,27.5,26.1,63.97,58.25,52.17,0.26,0.07,0.2,29.78,25.77,21.77,1059,2411,0.44,23.09,2660.0,,,2026-04-16,2026-04-16 09:21:20
4535,至興,28.55,28.65,28.65,27.9,88.62,87.74,71.11,0.04,-0.07,0.11,28.76,27.94,27.12,28,10,2.57,21.6,21.96,1.6,5.6,2026-04-16,2026-04-16 09:21:22
4536,拓凱,156.0,155.0,157.5,154.5,75.61,64.95,61.54,-1.28,-2.31,1.03,155.89,151.35,146.81,234,184,1.27,141.68,10.53,11.0,7.05,2026-04-16,2026-04-16 09:21:23
4537,旭東,160.0,160.5,161.5,156.0,84.87,85.56,86.2,20.19,12.49,7.7,168.95,106.12,43.29,428,901,0.47,126.14,126.98,0.5,0.31,2026-04-16,2026-04-16 09:21:25
4538,大詠城,18.9,19.15,19.15,18.75,51.48,51.02,57.14,0.06,0.09,-0.03,19.05,18.83,18.62,30,24,1.21,11.24,65.17,0.4,2.12,2026-04-16,2026-04-16 09:21:26
4540,全球傳動,52.9,54.0,54.4,51.4,81.37,68.11,69.74,1.13,-0.16,1.29,52.48,45.04,37.61,4731,7143,0.66,60.93,76.67,,,2026-04-16,2026-04-16 09:21:27
4541,晟田,48.15,47.6,49.7,47.3,81.26,72.5,69.0,1.02,0.25,0.76,47.61,42.98,38.36,4455,1764,2.52,32.57,23.84,0.75,1.56,2026-04-16,2026-04-16 09:21:29
4542,科嶠,171.5,173.0,178.5,171.0,61.01,57.69,49.1,4.97,6.07,-1.1,196.9,174.36,151.82,649,1202,0.54,59.25,135.04,0.93,0.54,2026-04-16,2026-04-16 09:21:31
4543,萬在,37.4,35.45,38.8,35.45,69.09,56.89,61.93,1.17,0.78,0.38,36.92,33.44,29.96,4081,1526,2.67,22.35,70.57,1.0,2.67,2026-04-16,2026-04-16 09:21:32
4544,春日,16.3,16.3,16.3,16.3,56.26,52.09,48.61,0.1,0.13,-0.03,16.99,16.39,15.78,1,10,0.1,9.83,60.37,1.1,6.75,2026-04-16,2026-04-16 09:21:34
4545,銘鈺,31.6,31.25,31.9,31.0,69.7,56.47,47.79,-0.58,-0.81,0.23,32.92,31.27,29.61,145,149,0.98,24.33,185.88,1.65,5.22,2026-04-16,2026-04-16 09:21:35
4546,長亨,141.0,149.0,149.5,135.5,71.19,64.81,62.5,2.05,0.23,1.82,141.27,131.05,120.83,102,143,0.71,47.62,46.08,,,2026-04-16,2026-04-16 09:21:37
4549,桓達,99.5,99.3,100.0,99.2,59.63,59.22,62.21,0.81,-0.23,1.04,105.02,94.06,83.09,107,149,0.72,56.72,30.06,4.02,4.04,2026-04-16,2026-04-16 09:21:39
4550,長佳,24.7,24.9,24.9,24.5,67.48,61.09,53.06,-0.25,-0.32,0.07,25.05,24.66,24.28,26,14,1.84,9.35,18.57,2.0,8.1,2026-04-16,2026-04-16 09:21:40
4551,智伸科,142.0,137.5,145.5,136.5,73.1,67.34,65.38,3.94,3.25,0.69,141.16,132.22,123.29,1140,636,1.79,163.62,23.55,4.2,2.96,2026-04-16,2026-04-16 09:21:41
4552,力達-KY,21.3,21.6,21.6,21.25,74.13,68.16,50.0,-0.32,-0.46,0.14,21.62,21.14,20.66,232,113,2.05,24.71,10.29,1.0,4.69,2026-04-16,2026-04-16 09:21:43
4553,盛復,30.0,31.0,37.65,28.5,49.81,38.2,67.34,1.76,0.86,0.9,28.16,20.62,13.08,548,230,2.38,9.91,,0.3,1.0,2026-04-16,2026-04-16 09:21:44
4554,橙的,29.95,30.0,30.3,29.7,65.8,58.72,64.71,0.6,0.55,0.05,29.82,29.05,28.28,74,80,0.93,7.89,14.19,0.35,1.17,2026-04-16,2026-04-16 09:21:46
4555,氣立,40.1,39.1,41.3,38.6,68.97,57.08,71.26,0.42,-0.13,0.55,38.91,36.31,33.72,1007,537,1.88,27.86,211.05,0.5,1.25,2026-04-16,2026-04-16 09:21:47
4556,旭然,29.8,27.45,29.8,27.1,59.75,41.78,51.66,-0.05,-0.15,0.1,30.07,27.88,25.7,311,125,2.48,12.61,32.39,0.3,1.01,2026-04-16,2026-04-16 09:21:49
4557,永新-KY,54.8,53.7,54.8,53.7,18.74,14.24,32.5,-2.75,-2.74,-0.0,62.97,57.61,52.26,44,93,0.47,26.29,8.46,6.5,11.86,2026-04-16,2026-04-16 09:21:50
4558,寶緯,19.8,20.1,20.35,19.6,32.22,28.57,55.26,0.14,0.15,-0.01,21.5,19.57,17.64,43,131,0.33,9.9,,0.5,2.53,2026-04-16,2026-04-16 09:21:52
4559,久裕興,7.8,7.77,8.1,7.7,50.42,51.6,50.67,0.01,0.01,-0.01,8.13,7.85,7.58,64,15,4.16,4.68,780.0,,,2026-04-16,2026-04-16 09:21:53
4560,強信-KY,33.5,33.3,33.7,33.05,61.09,50.81,72.09,0.12,0.02,0.1,33.54,32.77,31.99,378,263,1.44,22.81,11.09,1.2,3.58,2026-04-16,2026-04-16 09:21:54
4561,健椿,37.4,38.8,38.8,36.7,71.2,53.95,63.1,-0.17,-0.98,0.81,36.8,33.26,29.71,770,383,2.01,21.89,57.54,1.2,3.21,2026-04-16,2026-04-16 09:21:56
4562,穎漢,35.7,37.75,38.7,35.7,73.08,60.22,63.24,0.01,-0.86,0.87,35.96,31.83,27.7,3656,1883,1.94,31.25,,,,2026-04-16,2026-04-16 09:21:57
4563,百德,41.6,41.05,41.9,41.05,56.09,36.35,44.16,-1.76,-2.16,0.4,44.01,41.56,39.12,102,120,0.85,22.86,16.71,3.0,7.21,2026-04-16,2026-04-16 09:21:59
4564,元翎,19.65,19.25,19.75,19.2,72.21,53.77,48.39,-0.02,-0.03,0.01,20.43,19.19,17.95,1140,1039,1.1,45.74,,,,2026-04-16,2026-04-16 09:22:00
4565,宏偉,105.5,104.5,106.0,103.5,79.43,79.07,75.0,2.88,1.42,1.46,106.77,96.23,85.68,14,36,0.4,65.14,15.79,6.0,5.69,2026-04-16,2026-04-16 09:22:02
4566,時碩工業,69.9,70.6,72.5,69.5,71.65,66.1,64.04,3.24,1.79,1.45,72.65,61.65,50.66,1792,4773,0.38,76.79,51.78,0.68,0.97,2026-04-16,2026-04-16 09:22:03
4568,科際精密,41.45,40.25,41.45,40.25,27.74,30.37,38.3,-0.17,-0.11,-0.06,42.57,41.94,41.3,2,12,0.17,13.12,20.73,2.0,4.83,2026-04-16,2026-04-16 09:22:04
4569,六方科-KY,194.0,201.0,202.0,190.0,86.7,75.92,76.56,9.96,2.97,6.98,193.74,149.9,106.06,446,667,0.67,58.97,47.09,5.71,2.94,2026-04-16,2026-04-16 09:22:06
4570,傑生,66.0,65.5,66.0,65.0,82.34,73.78,50.0,-0.17,-0.34,0.17,67.34,65.66,63.97,10,5,1.75,29.04,56.9,3.0,4.55,2026-04-16,2026-04-16 09:22:07
4571,鈞興-KY,159.5,162.0,162.5,159.0,72.2,57.28,45.16,-2.87,-4.16,1.29,167.63,156.85,146.07,240,224,1.07,83.26,16.67,5.18,3.25,2026-04-16,2026-04-16 09:22:09
4572,駐龍,146.0,143.0,146.5,143.0,65.19,52.47,58.7,-0.35,-0.87,0.52,146.2,142.78,139.35,51,34,1.48,58.4,49.16,4.74,3.25,2026-04-16,2026-04-16 09:22:10
4573,高明鐵,480.5,442.0,496.5,442.0,77.74,75.45,71.38,68.86,53.3,15.56,491.67,327.2,162.73,1638,2245,0.73,200.35,,,,2026-04-16,2026-04-16 09:22:11
4575,銓寶,24.0,22.6,24.2,22.3,60.57,40.03,53.53,0.33,0.21,0.12,23.59,21.47,19.35,280,114,2.44,9.28,22.22,1.3,5.42,2026-04-16,2026-04-16 09:22:13
4576,大銀微系統,193.0,193.5,193.5,187.0,89.86,87.64,87.65,17.77,11.47,6.3,198.29,145.2,92.11,1597,9129,0.17,231.22,96.02,0.2,0.1,2026-04-16,2026-04-16 09:22:14
4577,達航科技,137.5,137.0,140.5,137.0,77.51,77.49,74.74,14.38,11.65,2.73,147.87,111.23,74.59,671,2920,0.23,67.56,,,,2026-04-16,2026-04-16 09:22:15
4580,捷流閥業,79.8,79.5,80.4,79.5,39.04,41.09,42.31,-0.26,-0.29,0.03,80.83,79.96,79.09,68,48,1.39,37.35,16.02,5.0,6.27,2026-04-16,2026-04-16 09:22:17
4581,光隆精密-KY,50.4,50.5,50.5,50.1,83.18,75.77,65.22,0.05,-0.14,0.19,50.6,49.46,48.31,12,13,0.87,17.09,13.3,3.2,6.35,2026-04-16,2026-04-16 09:22:18
4582,聚恆,29.9,29.75,30.1,29.7,23.66,25.47,18.52,0.07,0.43,-0.35,32.83,31.31,29.79,84,98,0.86,19.91,19.54,0.2,0.67,2026-04-16,2026-04-16 09:22:20
4583,台灣精銳,737.0,750.0,751.0,722.0,84.75,75.13,67.85,14.18,2.66,11.52,725.41,657.67,589.93,407,316,1.29,590.86,61.31,10.0,1.36,2026-04-16,2026-04-16 09:22:21
4584,君帆,41.2,41.9,41.9,41.15,28.35,33.02,41.57,-0.74,-0.72,-0.02,44.1,42.47,40.84,5,15,0.32,12.36,12.05,2.2,5.34,2026-04-16,2026-04-16 09:22:23
4585,達明,312.0,320.0,322.0,312.0,60.33,54.11,54.38,-3.31,-7.26,3.96,320.71,300.85,280.99,283,457,0.62,326.38,215.17,,,2026-04-16,2026-04-16 09:22:24
4587,寶元數控,60.6,47.45,70.0,47.45,70.59,58.19,51.38,5.08,3.52,1.56,57.02,37.68,18.34,1043,381,2.74,20.0,,,,2026-04-16,2026-04-16 09:22:25
4588,玖鼎電力,61.0,60.5,61.6,60.3,68.34,53.67,54.46,-0.37,-0.92,0.56,62.06,59.1,56.14,54,135,0.4,26.22,19.18,3.0,4.92,2026-04-16,2026-04-16 09:22:27
4589,碩陽電機,36.1,36.55,36.65,35.75,44.19,46.31,44.12,0.27,0.33,-0.06,39.18,36.81,34.44,21,19,1.08,9.3,47.5,0.5,1.39,2026-04-16,2026-04-16 09:22:28
4590,富田-創,76.7,76.0,77.5,75.7,74.35,65.43,56.57,-0.43,-1.19,0.77,77.74,74.14,70.54,182,181,1.0,42.06,28.3,3.0,3.91,2026-04-16,2026-04-16 09:22:29
4609,唐鋒,4.06,4.4,4.4,3.96,20.42,42.06,17.39,-0.16,-0.07,-0.1,5.66,5.0,4.33,157,44,3.55,1.95,,,,2026-04-16,2026-04-16 09:22:31
4702,中美實,10.0,9.98,10.1,9.95,27.24,20.15,42.19,-0.0,0.02,-0.02,10.3,10.09,9.89,177,106,1.67,7.23,11.36,,,2026-04-16,2026-04-16 09:22:33
4706,大恭,32.45,31.7,32.5,31.3,54.29,57.53,68.57,0.39,0.24,0.15,32.06,30.58,29.09,38,19,1.96,25.65,92.71,0.7,2.16,2026-04-16,2026-04-16 09:22:34
4707,磐亞,14.25,14.6,14.8,14.0,86.4,81.05,89.69,0.89,0.57,0.32,14.25,11.65,9.05,5680,6018,0.94,57.53,16.01,0.25,1.75,2026-04-16,2026-04-16 09:22:36
4711,永純,15.35,15.4,15.6,15.35,38.19,29.04,35.29,-0.09,-0.02,-0.06,16.97,15.77,14.57,105,89,1.17,9.37,102.33,0.5,3.26,2026-04-16,2026-04-16 09:22:38
4714,永捷,15.7,14.5,15.7,14.35,70.83,56.14,63.41,-0.24,-0.42,0.18,15.39,14.48,13.56,5612,1828,3.07,27.96,,0.2,1.27,2026-04-16,2026-04-16 09:22:39
4716,大立,15.35,15.7,15.85,15.25,70.63,61.65,65.57,0.16,-0.04,0.2,15.69,14.49,13.28,836,850,0.98,14.49,,0.2,1.3,2026-04-16,2026-04-16 09:22:41
4720,德淵,21.55,22.0,22.4,21.2,83.81,76.31,68.28,1.08,0.68,0.4,21.57,18.39,15.22,7540,9327,0.81,24.68,29.12,1.0,4.64,2026-04-16,2026-04-16 09:22:42
4721,美琪瑪,89.4,86.3,91.6,85.6,83.36,74.46,78.97,4.01,2.55,1.46,85.44,75.26,65.07,8005,3971,2.02,67.04,29.7,2.36,2.64,2026-04-16,2026-04-16 09:22:44
4722,國精化,177.0,183.5,184.5,175.0,67.58,62.98,52.6,0.02,-1.34,1.36,189.02,172.57,156.13,1507,2493,0.6,180.28,89.39,1.4,0.79,2026-04-16,2026-04-16 09:22:45
4724,宣捷幹細胞,12.95,13.0,13.0,12.45,45.79,38.95,26.67,-0.53,-0.49,-0.03,14.92,13.61,12.3,165,110,1.5,12.43,,,,2026-04-16,2026-04-16 09:22:47
4726,永昕,30.35,29.85,30.6,29.85,16.49,13.78,37.36,-0.61,-0.55,-0.06,32.73,31.11,29.49,324,297,1.09,62.93,,,,2026-04-16,2026-04-16 09:22:48
4728,雙美,400.0,397.5,400.0,397.0,77.08,67.82,75.04,5.23,3.06,2.17,403.42,385.3,367.19,14,8,1.72,217.85,30.03,12.1,3.02,2026-04-16,2026-04-16 09:22:50
4729,熒茂,20.5,20.2,20.9,20.1,60.35,46.0,51.22,-0.33,-0.48,0.14,21.07,20.04,19.01,483,208,2.32,16.24,128.12,0.5,2.44,2026-04-16,2026-04-16 09:22:52
4732,彥臣,19.45,19.3,19.5,19.1,34.78,30.46,44.62,-0.13,-0.12,-0.01,20.04,19.55,19.07,58,48,1.2,9.38,,,,2026-04-16,2026-04-16 09:22:53
4735,豪展,30.6,30.65,30.65,30.55,23.98,38.46,45.73,0.03,-0.03,0.06,31.47,30.57,29.67,18,16,1.11,11.78,12.44,2.0,6.54,2026-04-16,2026-04-16 09:22:55
4736,泰博,126.0,126.0,126.5,125.5,77.22,68.02,57.14,0.0,-0.45,0.45,127.42,124.1,120.78,210,171,1.23,120.17,8.39,10.0,7.94,2026-04-16,2026-04-16 09:22:56
4737,華廣,68.9,68.6,69.0,67.4,52.3,57.75,60.87,2.55,2.87,-0.32,73.01,67.15,61.28,82,250,0.33,53.25,22.08,,,2026-04-16,2026-04-16 09:22:58
4738,大同精化,8.2,7.25,8.42,6.6,74.41,57.88,65.16,0.24,-0.02,0.26,7.42,5.87,4.32,3471,1409,2.46,6.36,43.16,,,2026-04-16,2026-04-16 09:22:59
4739,康普,89.4,87.0,93.0,86.9,74.55,64.29,56.83,2.98,2.35,0.63,91.63,83.22,74.82,4735,4647,1.02,111.44,63.4,0.94,1.05,2026-04-16,2026-04-16 09:23:00
4741,泓瀚,57.0,52.8,57.3,52.4,88.37,89.64,90.88,7.99,6.24,1.76,61.39,38.86,16.33,316,477,0.66,19.84,196.55,1.2,2.11,2026-04-16,2026-04-16 09:23:02
4743,合一,55.7,54.9,56.0,54.5,59.16,50.43,62.11,-0.51,-1.03,0.52,55.63,53.19,50.75,2196,1606,1.37,267.01,,,,2026-04-16,2026-04-16 09:23:04
4744,皇將,31.85,32.85,33.2,31.35,13.03,22.63,39.5,-0.07,0.61,-0.67,39.25,35.39,31.53,687,646,1.06,17.04,13.05,0.4,1.26,2026-04-16,2026-04-16 09:23:05
4745,合富-KY,19.75,19.85,19.9,19.35,64.02,68.05,61.19,-0.09,-0.24,0.15,20.42,19.42,18.42,141,595,0.24,15.3,,,,2026-04-16,2026-04-16 09:23:07
4746,台耀,53.6,53.4,54.1,53.4,33.61,29.8,42.74,-0.63,-0.55,-0.08,56.72,54.17,51.62,775,919,0.84,64.46,14.73,3.0,5.6,2026-04-16,2026-04-16 09:23:08
4747,強生,54.1,54.5,54.8,54.0,29.25,36.29,45.71,-0.43,-0.46,0.02,55.95,54.74,53.53,24,32,0.75,24.55,45.46,1.75,3.23,2026-04-16,2026-04-16 09:23:10
4749,新應材,891.0,918.0,918.0,876.0,71.33,64.53,49.17,0.84,-6.91,7.75,952.4,871.05,789.7,2845,2212,1.29,826.25,78.85,5.99,0.67,2026-04-16,2026-04-16 09:23:11
4754,國碳科,37.7,37.45,37.8,37.45,51.49,38.91,47.5,-0.19,-0.24,0.05,38.1,37.54,36.97,35,26,1.37,11.42,13.27,2.0,5.31,2026-04-16,2026-04-16 09:23:13
4755,三福化,143.5,153.0,153.0,142.0,55.63,47.93,41.0,0.69,0.67,0.02,153.86,143.9,133.94,1199,998,1.2,144.51,38.89,3.5,2.44,2026-04-16,2026-04-16 09:23:14
4760,勤凱,266.0,268.0,273.5,263.5,85.23,85.79,78.56,22.45,15.33,7.12,282.3,213.7,145.1,677,1573,0.43,85.7,38.16,4.5,1.69,2026-04-16,2026-04-16 09:23:16
4763,材料*-KY,47.2,48.5,48.6,45.15,57.93,38.2,62.55,-0.49,-1.03,0.54,47.64,43.86,40.07,26805,10462,2.56,466.88,7.75,5.41,11.46,2026-04-16,2026-04-16 09:23:17
4764,雙鍵,193.5,190.0,195.0,185.0,88.38,81.4,78.38,12.91,5.91,7.0,194.46,145.75,97.04,1608,5860,0.27,165.52,159.92,1.0,0.52,2026-04-16,2026-04-16 09:23:18
4765,磐采,26.5,29.9,31.55,25.3,76.78,76.6,66.67,3.25,2.55,0.69,28.71,21.24,13.77,518,314,1.65,8.52,,,,2026-04-16,2026-04-16 09:23:20
4766,南寶,345.5,352.0,352.0,343.0,66.98,61.69,51.94,7.42,4.46,2.95,365.74,332.2,298.66,801,1835,0.44,416.57,17.1,19.0,5.5,2026-04-16,2026-04-16 09:23:21
4767,誠泰科技,27.9,27.65,27.9,27.25,73.63,51.27,67.16,0.45,0.16,0.29,27.41,25.7,23.98,10,36,0.3,8.76,22.5,1.8,6.45,2026-04-16,2026-04-16 09:23:22
4768,晶呈科技,479.0,488.0,488.0,467.0,51.15,49.26,48.5,9.2,8.12,1.07,525.16,471.5,417.84,1433,2089,0.69,227.47,1228.21,4.0,0.84,2026-04-16,2026-04-16 09:23:24
4770,上品,227.5,228.5,229.5,226.0,59.55,61.37,55.06,-0.69,-2.02,1.33,237.46,222.33,207.2,213,302,0.71,181.95,22.37,6.0,2.64,2026-04-16,2026-04-16 09:23:25
4771,望隼,195.5,192.5,197.5,192.5,77.57,66.24,51.61,2.64,2.28,0.36,199.47,189.53,179.58,220,176,1.25,114.42,15.57,5.52,2.82,2026-04-16,2026-04-16 09:23:26
4772,台特化,308.0,315.5,315.5,301.0,71.12,63.79,54.03,-4.08,-7.68,3.6,320.93,295.82,270.72,2773,2332,1.19,454.86,74.4,2.0,0.65,2026-04-16,2026-04-16 09:23:28
4773,高福,39.0,37.7,37.7,37.7,96.41,95.52,100.0,0.18,-0.35,0.53,43.86,34.85,25.83,0,0,,28.36,29.55,1.0,2.56,2026-04-09,2026-04-16 09:23:30
4804,大略-KY,3.27,3.27,3.27,3.27,4.07,13.43,28.75,-0.58,-0.36,-0.22,6.76,4.87,2.98,0,380,0.0,2.35,,,,2026-04-15,2026-04-16 09:23:31
4806,桂田文創,10.15,10.4,10.4,10.1,18.56,27.91,37.21,-0.28,-0.2,-0.08,12.1,10.89,9.68,7,27,0.26,10.14,,,,2026-04-16,2026-04-16 09:23:33
4807,日成-KY,15.0,15.0,15.05,14.9,50.36,38.91,39.74,-0.48,-0.61,0.13,16.61,15.12,13.64,68,122,0.56,7.35,3.51,,,2026-04-16,2026-04-16 09:23:34
4903,聯光通,49.05,49.35,50.1,48.4,73.24,59.46,48.17,1.32,1.12,0.2,50.94,46.47,42.01,6201,8704,0.71,51.67,48.09,0.3,0.61,2026-04-16,2026-04-16 09:23:36
4904,遠傳,95.8,95.5,96.1,95.2,81.3,74.66,57.26,0.74,0.52,0.22,96.01,93.58,91.15,5332,5216,1.02,3455.53,25.21,3.56,3.72,2026-04-16,2026-04-16 09:23:37
4905,台聯電,93.1,91.0,93.1,90.4,63.39,48.16,60.54,4.08,4.23,-0.15,94.98,83.96,72.94,357,111,3.2,27.24,33.85,1.5,1.61,2026-04-16,2026-04-16 09:23:39
4906,正文,39.05,39.85,40.15,38.9,55.46,63.79,64.41,2.73,2.73,-0.0,43.09,36.75,30.41,24869,54189,0.46,166.98,21.69,1.5,3.84,2026-04-16,2026-04-16 09:23:40
4907,富宇,40.65,41.0,41.0,40.3,36.94,50.92,50.41,-0.04,-0.08,0.04,41.69,40.74,39.79,38,63,0.61,48.03,33.32,1.8,4.43,2026-04-16,2026-04-16 09:23:41
4908,前鼎,155.0,147.0,155.0,147.0,86.52,75.04,74.4,12.57,8.51,4.06,149.05,116.25,83.45,4113,9662,0.43,121.24,78.68,1.75,1.13,2026-04-16,2026-04-16 09:23:43
4909,新復興,63.3,64.5,64.9,63.1,79.03,72.18,63.96,0.72,-0.22,0.94,65.05,58.46,51.87,2112,4113,0.51,59.09,,6.0,9.48,2026-04-16,2026-04-16 09:23:45
4911,德英,37.45,37.4,37.5,37.4,24.78,36.32,58.24,0.3,0.18,0.12,40.89,36.79,32.69,15,27,0.56,23.86,17.18,0.76,2.03,2026-04-16,2026-04-16 09:23:46
4912,聯德控股-KY,90.0,89.6,90.3,88.6,43.0,30.82,49.83,-0.75,-0.91,0.16,93.09,89.34,85.6,279,306,0.91,60.38,45.69,1.21,1.34,2026-04-16,2026-04-16 09:23:47
4915,致伸,74.6,74.3,74.6,73.8,79.62,72.26,60.31,-0.23,-0.75,0.52,74.97,72.55,70.13,2184,2444,0.89,351.47,13.25,4.2,5.63,2026-04-16,2026-04-16 09:23:48
4916,事欣科,65.2,61.6,66.3,61.6,74.19,55.28,60.76,-0.17,-0.92,0.75,64.69,58.86,53.04,20800,6636,3.13,80.45,41.53,0.38,0.58,2026-04-16,2026-04-16 09:23:50
4919,新唐,117.5,105.5,117.5,101.0,77.63,60.15,60.02,6.83,5.64,1.19,114.5,98.21,81.92,25464,27952,0.91,493.22,51.76,0.4,0.34,2026-04-16,2026-04-16 09:23:51
4923,力士,36.05,36.1,36.15,35.7,49.92,51.76,47.01,0.73,0.84,-0.12,39.25,36.25,33.26,36,54,0.67,11.8,,,,2026-04-16,2026-04-16 09:23:52
4924,欣厚-KY,10.05,10.3,10.3,9.98,48.65,42.64,39.13,-0.13,-0.15,0.03,10.81,10.3,9.79,104,183,0.57,3.74,26.45,,,2026-04-16,2026-04-16 09:23:54
4925,智微,101.5,105.5,105.5,99.6,49.58,48.45,42.65,4.33,5.18,-0.85,113.76,103.06,92.36,411,856,0.48,71.72,,,,2026-04-16,2026-04-16 09:23:56
4927,泰鼎-KY,47.6,47.85,49.0,47.0,63.38,61.73,60.74,1.55,1.04,0.51,49.88,44.08,38.28,11881,23504,0.51,126.11,5.94,,,2026-04-16,2026-04-16 09:23:57
4930,燦星網,19.2,19.3,19.3,19.15,27.0,25.26,43.33,-0.3,-0.33,0.03,19.76,19.43,19.1,45,100,0.45,15.36,32.0,0.6,3.12,2026-04-16,2026-04-16 09:23:58
4931,新盛力,140.5,139.0,142.0,139.0,51.89,40.08,37.0,-0.98,-1.73,0.76,149.92,138.2,126.48,3030,3872,0.78,92.12,45.03,2.0,1.42,2026-04-16,2026-04-16 09:23:59
4933,友輝,60.1,59.9,60.3,59.4,68.5,63.54,60.82,0.41,0.17,0.24,62.41,58.94,55.47,137,223,0.61,49.47,10.45,5.99,9.97,2026-04-16,2026-04-16 09:24:01
4934,太極,16.4,16.6,16.75,16.4,44.23,28.51,34.23,-0.51,-0.43,-0.08,19.65,17.13,14.62,1057,1211,0.87,36.9,,,,2026-04-16,2026-04-16 09:24:02
4935,茂林-KY,37.8,36.45,38.15,36.45,53.38,38.14,56.11,-0.28,-0.46,0.18,38.39,36.41,34.44,215,124,1.73,48.71,28.42,2.2,5.82,2026-04-16,2026-04-16 09:24:03
4938,和碩,80.1,79.5,80.3,79.2,58.61,53.54,57.46,1.47,1.64,-0.16,81.48,78.41,75.34,12916,11953,1.08,2148.41,15.0,4.0,4.99,2026-04-16,2026-04-16 09:24:05
4939,亞電,37.45,34.1,37.45,33.45,89.11,75.37,75.24,0.28,-0.81,1.09,35.13,30.14,25.15,14748,7361,2.0,36.78,,0.5,1.34,2026-04-16,2026-04-16 09:24:06
4942,嘉彰,38.4,38.35,38.6,38.3,52.54,52.33,60.47,0.1,0.07,0.03,38.84,38.01,37.18,133,81,1.63,54.67,12.63,2.0,5.21,2026-04-16,2026-04-16 09:24:07
4943,康控-KY,10.2,10.5,10.5,10.2,26.32,37.72,32.0,-0.34,-0.27,-0.07,11.9,11.05,10.2,41,31,1.32,12.92,0.84,,,2026-04-16,2026-04-16 09:24:08
4946,辣椒,113.0,108.5,114.5,108.0,59.49,44.9,38.57,-5.78,-5.7,-0.08,136.84,116.45,96.06,69,58,1.18,10.0,35.99,,,2026-04-16,2026-04-16 09:24:10
4949,有成精密,88.4,88.1,88.8,86.3,81.31,80.69,72.58,8.93,7.12,1.82,94.1,72.39,50.68,1338,8529,0.16,59.61,46.77,1.4,1.58,2026-04-16,2026-04-16 09:24:11
4950,金耘國際,16.8,16.5,16.85,16.3,73.27,71.25,63.69,0.2,-0.01,0.21,17.57,15.61,13.66,17,25,0.68,9.7,,,,2026-04-16,2026-04-16 09:24:13
4951,精拓科,71.9,70.5,72.0,70.5,59.31,57.08,62.86,0.56,0.3,0.26,73.21,69.34,65.46,192,143,1.34,24.55,12.27,3.2,4.45,2026-04-16,2026-04-16 09:24:15
4952,凌通,42.2,42.05,42.4,41.75,74.36,61.94,49.76,-0.19,-0.38,0.2,44.39,41.19,37.99,198,263,0.76,45.92,40.97,2.25,5.33,2026-04-16,2026-04-16 09:24:16
4953,緯軟,119.0,118.0,120.0,117.5,76.01,68.3,59.62,0.37,-0.55,0.92,121.03,114.53,108.02,406,305,1.33,84.66,14.25,3.99,3.35,2026-04-16,2026-04-16 09:24:18
4956,光鋐,45.25,46.25,46.75,42.2,88.44,78.23,67.61,3.72,2.83,0.89,44.12,36.09,28.07,35461,17259,2.05,45.43,26.46,,,2026-04-16,2026-04-16 09:24:19
4958,臻鼎-KY,256.5,255.5,260.0,252.0,74.73,76.57,68.15,17.53,15.25,2.28,273.81,228.2,182.59,23052,26228,0.88,2744.91,37.89,3.45,1.35,2026-04-16,2026-04-16 09:24:20
4960,誠美材,30.85,30.7,30.85,30.45,79.46,58.82,59.55,1.88,1.51,0.37,30.27,24.59,18.92,11286,27590,0.41,174.53,,,,2026-04-16,2026-04-16 09:24:21
4961,天鈺,156.0,152.0,156.0,152.0,65.7,64.02,75.44,2.21,1.49,0.72,158.32,148.12,137.93,1432,1026,1.4,186.82,16.25,12.87,8.25,2026-04-16,2026-04-16 09:24:23
4966,譜瑞-KY,555.0,534.0,568.0,532.0,80.36,69.01,68.93,6.16,-3.08,9.25,549.51,498.1,446.68,1760,1329,1.32,423.82,16.19,18.19,3.28,2026-04-16,2026-04-16 09:24:24
4967,十銓,213.0,216.5,218.5,211.0,39.29,42.56,29.95,-0.33,1.33,-1.65,269.46,229.3,189.14,3948,6661,0.59,180.97,16.46,3.0,1.41,2026-04-16,2026-04-16 09:24:25
4968,立積,110.5,107.5,111.0,107.5,67.83,53.59,52.86,-1.41,-2.33,0.92,111.51,106.15,100.79,1572,947,1.66,101.89,41.7,1.1,1.0,2026-04-16,2026-04-16 09:24:27
4971,IET-KY,698.0,711.0,711.0,671.0,89.59,88.94,73.96,63.68,54.11,9.56,754.34,573.15,391.96,323,414,0.78,279.1,428.22,,,2026-04-16,2026-04-16 09:24:28
4972,湯石照明,17.0,17.0,17.05,16.95,9.0,12.84,21.74,-0.21,-0.14,-0.07,18.12,17.52,16.92,21,49,0.43,9.67,,0.8,4.71,2026-04-16,2026-04-16 09:24:30
4973,廣穎,76.8,76.9,79.7,75.6,67.42,68.43,56.75,4.72,4.68,0.04,92.86,73.99,55.12,2944,6610,0.45,50.22,36.75,1.0,1.3,2026-04-16,2026-04-16 09:24:31
4974,亞泰,70.8,70.2,71.0,70.1,50.35,36.6,42.65,-0.63,-0.73,0.1,72.64,70.75,68.86,148,148,1.0,51.33,13.88,5.45,7.7,2026-04-16,2026-04-16 09:24:33
4976,佳凌,29.9,30.0,30.25,29.6,66.48,55.63,56.69,-0.14,-0.43,0.3,30.43,28.64,26.85,620,679,0.91,41.95,19.8,,,2026-04-16,2026-04-16 09:24:34
4977,眾達-KY,214.5,204.0,214.5,204.0,67.86,53.89,56.94,8.9,8.65,0.25,209.81,191.4,172.99,7589,12268,0.62,171.57,48.42,2.25,1.05,2026-04-16,2026-04-16 09:24:35
4979,華星光,586.0,551.0,586.0,537.0,93.5,83.23,74.43,37.61,20.52,17.1,538.25,421.62,305.0,32754,15342,2.13,825.32,109.94,1.54,0.26,2026-04-16,2026-04-16 09:24:37
4980,佐臻,31.55,30.85,32.3,29.45,86.83,83.64,74.37,0.79,0.19,0.6,30.97,27.2,23.43,165,164,1.01,14.22,286.82,,,2026-04-16,2026-04-16 09:24:39
4987,科誠,81.4,81.4,81.5,81.4,69.59,64.03,75.0,0.21,0.23,-0.02,81.48,81.21,80.95,23,16,1.46,25.95,12.92,5.2,6.39,2026-04-16,2026-04-16 09:24:40
4989,榮科,105.0,98.6,107.0,93.1,91.53,79.62,88.46,7.59,3.97,3.62,97.48,73.8,50.11,63808,42487,1.5,144.67,,,,2026-04-16,2026-04-16 09:24:41
4991,環宇-KY,600.0,609.0,609.0,572.0,84.96,83.73,75.71,69.61,56.07,13.54,637.29,471.1,304.91,1054,3014,0.35,719.58,5000.0,,,2026-04-16,2026-04-16 09:24:43
4994,傳奇,99.3,96.0,100.0,95.5,46.38,53.5,67.0,0.2,-0.31,0.51,103.18,95.83,88.48,37,27,1.38,65.92,50.92,9.0,9.06,2026-04-16,2026-04-16 09:24:44
4995,晶達,42.15,42.5,42.5,41.9,71.87,57.62,65.57,0.19,0.07,0.13,41.98,41.15,40.32,32,33,0.95,17.88,18.99,4.0,9.49,2026-04-16,2026-04-16 09:24:46
4999,鑫禾,20.8,20.8,21.0,20.8,6.98,8.43,8.33,-0.44,-0.42,-0.02,22.48,21.53,20.58,151,127,1.19,15.31,15.52,1.0,4.81,2026-04-16,2026-04-16 09:24:47
5007,三星,57.5,57.7,57.9,57.1,85.07,85.2,75.25,0.86,0.57,0.29,58.47,55.46,52.45,59,43,1.36,169.59,19.04,3.0,5.22,2026-04-16,2026-04-16 09:24:48
5009,榮剛,31.2,31.15,31.5,31.15,9.05,10.53,30.1,-0.68,-0.55,-0.13,34.99,32.59,30.19,1489,1769,0.84,174.21,15.29,1.2,3.85,2026-04-16,2026-04-16 09:24:50
5011,久陽,15.0,13.65,15.0,13.1,63.82,39.84,64.1,0.04,-0.03,0.07,14.86,13.65,12.44,1646,644,2.55,15.1,,0.2,1.33,2026-04-16,2026-04-16 09:24:52
5013,強新,30.5,31.0,31.0,30.1,75.66,70.63,55.22,0.23,0.07,0.16,31.22,29.79,28.35,18,22,0.81,40.69,21.03,0.8,2.62,2026-04-16,2026-04-16 09:24:53
5014,建錩,10.15,10.15,10.2,10.1,23.12,19.93,33.33,-0.17,-0.16,-0.01,10.83,10.38,9.94,113,297,0.38,18.6,,0.3,2.96,2026-04-16,2026-04-16 09:24:55
5015,華祺,24.65,25.05,25.4,24.5,18.74,23.82,25.0,-0.55,-0.53,-0.02,26.71,25.74,24.77,121,44,2.7,14.95,410.83,2.3,9.33,2026-04-16,2026-04-16 09:24:57
5016,松和,31.15,31.0,32.9,30.7,42.54,50.49,65.49,1.51,1.43,0.08,34.44,28.55,22.66,1114,821,1.36,15.46,20.77,1.2,3.85,2026-04-16,2026-04-16 09:24:58
5201,凱衛,39.4,39.5,39.6,39.05,69.77,63.01,46.91,-0.32,-0.45,0.13,39.85,39.23,38.6,26,44,0.59,15.24,,1.26,3.2,2026-04-16,2026-04-16 09:25:00
5202,力新,12.9,12.8,13.0,12.75,36.77,23.44,22.5,-0.46,-0.48,0.01,14.74,13.35,11.96,186,179,1.04,11.49,,0.5,3.88,2026-04-16,2026-04-16 09:25:01
5203,訊連,65.6,64.4,66.1,64.4,52.63,35.72,58.91,-1.37,-2.14,0.77,64.98,63.03,61.08,331,244,1.36,52.05,18.48,3.9,5.95,2026-04-16,2026-04-16 09:25:03
5205,中茂,26.0,26.9,26.9,25.15,37.5,49.24,28.64,-0.19,0.04,-0.23,30.74,28.69,26.64,13,6,2.18,3.51,,,,2026-04-16,2026-04-16 09:25:04
5206,坤悅,25.4,27.85,27.9,25.35,23.02,37.42,23.28,-0.43,-0.28,-0.15,29.89,28.39,26.89,1153,255,4.51,43.57,7.38,0.5,1.97,2026-04-16,2026-04-16 09:25:06
5209,新鼎,165.0,166.0,166.0,164.5,27.83,32.2,34.48,-1.01,-0.91,-0.1,170.22,166.85,163.48,39,41,0.95,46.9,10.8,11.33,6.87,2026-04-16,2026-04-16 09:25:08
5210,寶碩,22.1,22.25,22.4,22.05,32.72,38.94,47.14,0.17,0.17,-0.0,22.84,22.2,21.56,82,216,0.38,18.16,30.27,,,2026-04-16,2026-04-16 09:25:09
5211,蒙恬,22.9,24.2,24.65,22.9,64.99,52.89,50.75,-0.33,-0.62,0.29,23.81,21.92,20.02,184,95,1.93,7.33,,,,2026-04-16,2026-04-16 09:25:11
5212,凌網,48.25,48.5,48.9,48.05,16.88,24.06,42.36,-0.07,0.24,-0.31,52.39,50.1,47.8,40,29,1.41,16.71,10.2,4.2,8.7,2026-04-16,2026-04-16 09:25:12
5213,亞昕,26.5,26.75,26.9,26.5,24.09,35.65,35.42,0.18,0.31,-0.13,27.47,26.98,26.48,830,541,1.53,190.78,8.66,1.24,4.68,2026-04-16,2026-04-16 09:25:14
5215,科嘉-KY,38.25,38.4,38.4,38.2,72.62,55.58,53.09,0.0,-0.11,0.11,39.07,37.64,36.21,42,59,0.71,24.61,18.94,2.5,6.54,2026-04-16,2026-04-16 09:25:15
5220,萬達光電,20.2,20.0,20.2,20.0,60.61,63.24,68.85,0.22,0.12,0.11,20.32,19.42,18.52,23,93,0.25,7.95,,0.5,2.48,2026-04-16,2026-04-16 09:25:16
5222,全訊,131.5,130.0,135.5,130.0,72.45,55.69,48.93,-1.56,-2.62,1.06,140.02,127.11,114.19,949,948,1.0,119.74,52.6,2.5,1.9,2026-04-16,2026-04-16 09:25:18
5223,安力-KY,26.45,25.65,27.1,25.1,32.05,20.88,40.78,-0.85,-0.78,-0.07,28.73,26.64,24.56,101,48,2.11,11.78,,,,2026-04-16,2026-04-16 09:25:19
5225,東科-KY,78.5,77.9,79.2,77.6,17.66,14.8,30.44,-2.41,-2.45,0.04,86.87,80.95,75.03,289,295,0.98,61.75,7.72,7.21,9.18,2026-04-16,2026-04-16 09:25:20
5227,立凱-KY,21.9,21.85,21.95,21.65,12.95,9.98,11.11,-0.91,-0.8,-0.12,25.98,23.34,20.7,112,143,0.78,14.89,128.82,,,2026-04-16,2026-04-16 09:25:22
5228,鈺鎧,33.75,31.8,33.75,31.2,84.39,70.22,79.02,1.85,0.88,0.97,31.69,25.76,19.82,2025,2251,0.9,12.84,,,,2026-04-16,2026-04-16 09:25:23
5230,雷笛克光學,17.8,19.05,19.05,17.6,65.94,54.51,63.33,-0.01,-0.17,0.16,17.75,16.65,15.55,1349,458,2.94,9.74,12.19,0.51,2.87,2026-04-16,2026-04-16 09:25:25
5234,達興材料,429.5,420.0,430.0,412.0,88.14,77.97,70.23,11.17,4.1,7.07,430.37,376.84,323.32,1266,1048,1.21,441.17,58.44,6.5,1.51,2026-04-16,2026-04-16 09:25:26
5236,凌陽創新,146.0,141.5,146.5,141.0,89.02,79.42,66.67,4.07,2.68,1.39,145.5,132.53,119.55,482,287,1.68,87.61,17.02,7.73,5.29,2026-04-16,2026-04-16 09:25:28
5240,建騰,29.95,28.55,29.95,28.25,80.89,68.55,71.57,1.58,1.35,0.23,28.89,25.96,23.03,42,56,0.76,7.96,59.9,0.4,1.34,2026-04-16,2026-04-16 09:25:30
5243,乙盛-KY,122.0,128.0,128.0,122.0,81.51,85.91,90.83,12.21,7.94,4.27,134.53,92.42,50.32,1869,5202,0.36,205.61,27.85,1.5,1.23,2026-04-16,2026-04-16 09:25:31
5244,弘凱,42.0,41.7,42.3,40.55,63.6,52.38,51.59,0.79,0.53,0.26,42.24,39.16,36.09,1585,1467,1.08,28.66,84.0,1.5,3.57,2026-04-16,2026-04-16 09:25:32
5245,智晶,24.8,26.0,26.7,24.8,49.12,35.44,48.21,-0.68,-0.86,0.18,26.38,24.42,22.45,283,140,2.01,10.74,,,,2026-04-16,2026-04-16 09:25:33
5246,勵威,337.5,280.0,345.0,280.0,78.69,59.58,78.56,36.24,23.77,12.47,277.04,178.3,79.56,3734,2906,1.28,149.91,,,,2026-04-16,2026-04-16 09:25:35
5248,景傳,34.05,31.1,34.2,29.9,79.55,60.42,77.4,1.59,0.25,1.35,30.22,22.36,14.5,1211,776,1.56,8.34,,1.1,3.23,2026-04-16,2026-04-16 09:25:37
5251,天鉞電,30.1,30.65,30.65,30.1,70.39,56.43,42.0,-0.48,-0.7,0.22,31.63,29.78,27.93,114,108,1.06,10.15,1003.33,,,2026-04-16,2026-04-16 09:25:38
5254,欣訊科技,34.9,35.75,36.0,33.5,81.89,77.35,66.87,0.35,0.06,0.29,34.09,32.22,30.34,58,31,1.84,7.89,15.58,2.0,5.73,2026-04-16,2026-04-16 09:25:40
5258,虹堡,50.6,49.3,51.3,48.35,72.54,60.14,63.25,-0.41,-1.11,0.7,49.67,46.83,43.99,951,580,1.64,55.45,12.05,2.52,4.98,2026-04-16,2026-04-16 09:25:41
5262,立達,52.7,56.4,56.4,50.0,38.15,48.4,36.73,1.32,2.19,-0.87,63.86,57.62,51.38,513,277,1.85,27.77,39.33,2.67,5.07,2026-04-16,2026-04-16 09:25:43
5263,智崴,95.9,94.1,97.0,93.6,56.63,52.69,54.17,-1.52,-2.25,0.73,99.75,94.21,88.68,175,173,1.01,67.95,25.51,0.94,0.98,2026-04-16,2026-04-16 09:25:44
5267,龍翩,36.8,34.2,36.95,32.75,87.11,71.59,77.27,1.47,0.59,0.88,33.75,28.27,22.8,443,192,2.31,9.24,50.41,3.01,8.18,2026-04-16,2026-04-16 09:25:46
5269,祥碩,1290.0,1185.0,1290.0,1180.0,79.41,60.81,61.62,-9.98,-29.69,19.71,1273.66,1148.5,1023.34,2260,1134,1.99,960.93,17.82,30.0,2.33,2026-04-16,2026-04-16 09:25:47
5271,紘通,28.35,31.05,34.15,23.6,66.88,55.04,69.98,3.0,2.13,0.87,26.62,18.97,11.32,10813,7323,1.48,17.99,,,,2026-04-16,2026-04-16 09:25:49
5272,笙科,22.15,22.55,22.55,22.0,39.27,30.31,52.26,0.02,0.1,-0.08,23.95,22.37,20.8,207,196,1.06,12.24,,,,2026-04-16,2026-04-16 09:25:50
5274,信驊,14480.0,13640.0,14890.0,13630.0,83.5,75.93,74.71,881.76,683.4,198.36,13941.81,12041.0,10140.19,315,281,1.12,5473.83,139.15,52.0,0.36,2026-04-16,2026-04-16 09:25:52
5276,達輝-KY,15.25,15.3,15.9,15.25,30.52,35.2,51.92,-0.04,-0.05,0.01,15.91,15.38,14.85,20,8,2.42,6.02,13.5,0.6,3.93,2026-04-16,2026-04-16 09:25:53
5278,尚凡*,23.95,24.05,24.35,23.95,26.62,22.04,49.34,-0.73,-0.82,0.09,25.98,24.29,22.61,359,443,0.81,71.85,22.81,0.67,2.8,2026-04-16,2026-04-16 09:25:55
5283,禾聯碩,55.4,55.0,55.9,55.0,73.01,59.08,43.6,-0.68,-0.89,0.2,57.13,55.14,53.15,138,104,1.32,48.53,9.91,0.7,1.26,2026-04-16,2026-04-16 09:25:56
5284,jpp-KY,317.0,329.0,329.0,314.5,78.83,74.28,60.73,11.61,7.57,4.03,322.95,288.6,254.25,1618,2857,0.57,167.67,26.33,1.48,0.47,2026-04-16,2026-04-16 09:25:58
5285,界霖,52.0,51.4,52.0,51.2,64.9,71.91,63.57,0.79,0.33,0.46,53.64,49.41,45.19,145,291,0.5,53.06,33.99,2.0,3.85,2026-04-16,2026-04-16 09:25:59
5287,數字,162.5,162.5,163.0,161.5,52.86,53.3,59.14,0.4,0.39,0.0,163.93,161.6,159.27,86,70,1.23,98.0,11.78,10.25,6.31,2026-04-16,2026-04-16 09:26:00
5288,豐祥-KY,161.0,165.5,166.0,158.0,75.05,79.79,69.52,5.0,1.98,3.02,164.95,144.88,124.8,370,629,0.59,112.27,13.25,8.51,5.29,2026-04-16,2026-04-16 09:26:02
5289,宜鼎,1085.0,1125.0,1135.0,1065.0,68.45,70.19,54.83,54.4,49.76,4.63,1323.26,1065.15,807.04,3582,3580,1.0,1042.04,50.35,9.38,0.86,2026-04-16,2026-04-16 09:26:03
5291,邑昇,72.2,73.8,74.3,71.5,41.71,42.16,48.24,5.11,5.94,-0.83,83.43,71.08,58.72,1405,2789,0.5,28.8,232.9,,,2026-04-16,2026-04-16 09:26:05
5292,華懋,227.5,238.5,242.5,221.0,47.51,40.69,52.77,8.42,8.78,-0.36,256.46,218.88,181.29,850,498,1.71,95.8,23.05,4.09,1.8,2026-04-16,2026-04-16 09:26:06
5297,廣化,139.5,117.5,147.5,112.5,78.47,69.44,73.4,18.75,13.9,4.85,128.05,84.54,41.03,3309,3535,0.94,51.83,340.24,0.9,0.65,2026-04-16,2026-04-16 09:26:08
5299,杰力,81.9,80.2,82.7,80.2,82.56,75.16,60.26,1.3,0.98,0.32,82.21,78.28,74.35,219,158,1.38,41.68,18.0,3.66,4.47,2026-04-16,2026-04-16 09:26:09
5301,寶得利,9.4,9.4,9.4,9.4,45.9,52.83,62.09,-0.21,-0.27,0.06,9.68,9.39,9.1,2,13,0.2,6.19,,,,2026-04-16,2026-04-16 09:26:11
5302,太欣,10.9,11.0,11.1,10.9,46.29,39.15,38.46,-0.18,-0.17,-0.01,12.08,11.18,10.29,384,439,0.87,17.43,,,,2026-04-16,2026-04-16 09:26:13
5306,桂盟,85.5,85.4,85.5,84.5,35.44,26.77,30.34,-1.14,-1.05,-0.09,90.17,86.7,83.22,125,127,0.98,107.73,11.68,3.75,4.39,2026-04-16,2026-04-16 09:26:14
5309,系統電,59.2,59.3,60.9,58.8,48.5,32.34,43.21,-1.23,-1.54,0.3,62.09,58.35,54.61,6415,3990,1.61,120.11,227.69,0.7,1.18,2026-04-16,2026-04-16 09:26:15
5310,天剛,25.5,26.0,26.0,25.5,38.27,41.44,44.34,-0.26,-0.2,-0.06,27.07,26.16,25.25,32,18,1.69,7.38,49.04,,,2026-04-16,2026-04-16 09:26:17
5312,寶島科,98.5,97.4,98.9,97.4,62.36,58.6,55.42,-0.08,-0.25,0.17,99.03,97.62,96.2,41,29,1.39,59.16,15.39,7.5,7.61,2026-04-16,2026-04-16 09:26:18
5314,世紀*,81.0,78.5,82.9,78.5,49.09,43.18,60.5,-0.74,-1.55,0.8,82.52,76.84,71.16,9489,4312,2.2,236.52,14.59,0.27,0.33,2026-04-16,2026-04-16 09:26:20
5315,光聯,22.9,22.8,23.1,22.75,70.67,61.45,41.67,-0.18,-0.25,0.07,23.37,22.85,22.33,760,343,2.22,24.35,12.12,1.5,6.55,2026-04-16,2026-04-16 09:26:21
5321,美而快,23.95,23.95,24.35,23.8,25.91,33.32,49.71,-0.56,-0.72,0.15,25.7,24.4,23.11,60,213,0.29,12.74,,,,2026-04-16,2026-04-16 09:26:23
5324,士開,11.95,11.95,11.95,11.85,55.49,71.84,94.12,0.32,0.33,-0.01,12.54,11.64,10.74,430,372,1.15,27.05,,,,2026-04-16,2026-04-16 09:26:24
5328,華容,27.2,26.75,28.45,26.1,67.44,56.33,57.92,-0.02,-0.38,0.36,28.9,25.37,21.85,11017,10101,1.09,46.98,69.74,0.6,2.21,2026-04-16,2026-04-16 09:26:26
5340,建榮,125.0,115.5,125.0,114.5,75.99,68.26,67.48,3.43,2.22,1.21,124.73,109.63,94.53,10720,10111,1.06,243.62,105.04,0.2,0.16,2026-04-16,2026-04-16 09:26:28
5344,立衛,14.75,14.75,14.95,14.6,76.12,63.67,52.86,0.08,-0.05,0.13,15.05,14.04,13.04,71,68,1.04,11.72,,,,2026-04-16,2026-04-16 09:26:29
5345,馥鴻,23.4,23.2,23.4,23.2,84.83,87.9,73.68,0.11,0.06,0.05,24.05,23.13,22.21,5,4,1.04,8.84,,,,2026-04-16,2026-04-16 09:26:31
5347,世界,132.5,133.0,139.5,130.0,72.07,68.49,56.91,2.29,0.81,1.49,134.58,121.28,107.97,48363,23652,2.04,2549.83,31.4,4.5,3.4,2026-04-16,2026-04-16 09:26:32
5348,正能量智能,17.0,17.0,17.0,17.0,13.94,33.56,35.71,-0.04,-0.03,-0.01,17.4,17.08,16.75,14,6,2.12,2.51,,,,2026-04-16,2026-04-16 09:26:34
5351,鈺創,66.5,68.5,68.9,66.4,33.73,38.49,39.5,0.84,1.66,-0.82,82.97,71.6,60.23,9330,16011,0.58,216.52,,,,2026-04-16,2026-04-16 09:26:35
5353,台林,24.95,25.0,25.1,24.9,53.46,53.58,54.35,0.03,-0.04,0.07,25.29,24.81,24.34,83,54,1.55,18.9,18.21,1.3,5.21,2026-04-16,2026-04-16 09:26:37
5355,佳總,6.49,6.45,6.49,6.36,47.14,42.7,32.97,-0.2,-0.19,-0.01,7.39,6.74,6.09,9,45,0.2,10.78,,,,2026-04-16,2026-04-16 09:26:39
5356,協益,25.9,25.9,25.95,25.7,77.18,68.76,73.33,0.16,0.02,0.14,25.85,25.0,24.14,125,164,0.76,26.69,58.86,2.3,8.88,2026-04-16,2026-04-16 09:26:40
5364,力麗店,11.35,11.4,11.5,11.3,46.29,48.59,44.59,-0.26,-0.31,0.05,12.15,11.58,11.01,59,410,0.14,7.25,,,,2026-04-16,2026-04-16 09:26:42
5371,中光電,78.6,75.7,80.9,75.6,55.03,41.07,54.27,-1.66,-2.34,0.68,79.15,75.3,71.46,10465,4805,2.18,314.17,82.74,1.5,1.91,2026-04-16,2026-04-16 09:26:43
5381,光譜,24.8,24.25,24.9,24.15,8.97,4.85,13.73,-1.45,-1.3,-0.14,30.29,26.92,23.54,627,719,0.87,43.81,29.88,,,2026-04-16,2026-04-16 09:26:45
5386,青雲,355.0,411.5,412.5,351.5,77.13,72.8,54.99,26.13,25.12,1.01,434.51,332.75,230.99,5187,1326,3.91,128.09,41.38,0.59,0.17,2026-04-16,2026-04-16 09:26:46
5388,中磊,83.5,83.1,83.9,82.7,67.69,66.54,65.99,1.72,0.82,0.9,86.53,77.91,69.29,2749,6827,0.4,250.27,21.14,2.5,2.99,2026-04-16,2026-04-16 09:26:48
5392,能率,39.0,39.7,39.85,39.0,64.59,50.66,51.42,-0.91,-1.46,0.55,40.31,37.49,34.66,1521,2169,0.7,68.46,,0.2,0.51,2026-04-16,2026-04-16 09:26:49
5398,慕康生醫,21.3,20.75,21.3,20.7,30.32,32.0,53.15,-0.15,-0.01,-0.14,23.92,21.71,19.51,34,230,0.15,10.54,60.86,,,2026-04-16,2026-04-16 09:26:51
5403,中菲,94.4,94.0,94.5,93.5,29.27,24.07,31.06,-2.32,-1.77,-0.56,105.91,99.25,92.58,94,278,0.34,73.81,11.36,6.5,6.89,2026-04-16,2026-04-16 09:26:53
5410,國眾,32.3,32.2,32.35,32.05,64.52,57.04,79.69,0.38,0.13,0.25,32.39,30.69,28.99,210,721,0.29,29.73,13.98,1.5,4.64,2026-04-16,2026-04-16 09:26:54
5425,台半,59.8,59.5,61.3,59.1,67.32,56.41,43.81,-0.33,-0.74,0.42,62.78,57.5,52.22,11037,4138,2.67,146.23,28.89,2.02,3.38,2026-04-16,2026-04-16 09:26:56
5426,振發,19.55,19.1,19.65,19.1,41.76,42.11,47.83,-0.13,-0.12,-0.01,20.14,19.54,18.93,560,372,1.51,28.11,37.6,0.5,2.56,2026-04-16,2026-04-16 09:26:58
5432,新門,133.5,132.5,133.5,132.0,35.42,36.91,47.62,-4.3,-5.05,0.75,142.83,134.62,126.42,28,46,0.61,27.62,58.04,1.5,1.12,2026-04-16,2026-04-16 09:26:59
5434,崇越,417.5,420.0,420.0,405.5,93.34,86.92,83.03,21.77,12.35,9.42,424.11,349.23,274.34,1204,1601,0.75,803.08,19.53,11.99,2.87,2026-04-16,2026-04-16 09:27:01
5438,東友,19.25,19.05,19.3,18.95,38.2,26.48,35.38,-0.52,-0.55,0.04,20.51,19.48,18.45,92,102,0.91,21.66,37.75,0.65,3.38,2026-04-16,2026-04-16 09:27:02
5439,高技,392.5,401.0,408.0,382.0,85.79,77.76,76.71,23.29,11.17,12.11,388.31,309.93,231.54,13950,13531,1.03,364.93,29.12,2.2,0.56,2026-04-16,2026-04-16 09:27:04
5443,均豪,114.0,118.0,118.0,112.0,69.83,68.49,63.25,5.07,4.15,0.92,119.81,106.6,93.38,4975,12299,0.4,183.88,44.88,2.2,1.93,2026-04-16,2026-04-16 09:27:05
5450,南良,14.05,14.1,14.2,14.0,12.65,23.71,36.36,-0.09,-0.04,-0.04,14.73,14.41,14.09,101,55,1.83,17.2,108.08,0.5,3.56,2026-04-16,2026-04-16 09:27:07
5452,佶優,34.55,33.4,34.8,33.2,61.46,50.75,44.94,0.15,0.21,-0.05,37.75,34.16,30.56,2294,2446,0.94,51.05,104.7,0.25,0.72,2026-04-16,2026-04-16 09:27:09
5455,昇益,24.2,23.8,24.2,23.8,56.52,64.78,53.97,-0.48,-0.7,0.23,24.31,23.74,23.18,3,24,0.13,15.85,6.99,,,2026-04-16,2026-04-16 09:27:10
5457,宣德,37.95,38.25,38.35,37.75,71.59,73.48,66.67,0.85,0.44,0.42,39.75,36.04,32.33,702,1608,0.44,74.55,15.06,1.28,3.37,2026-04-16,2026-04-16 09:27:12
5460,同協,14.9,14.95,15.1,14.9,50.19,37.74,50.0,-0.06,-0.11,0.04,15.07,14.73,14.4,55,34,1.58,8.76,,,,2026-04-16,2026-04-16 09:27:13
5464,霖宏,29.8,30.3,30.75,29.8,67.11,67.21,77.61,0.64,0.51,0.13,29.93,28.47,27.01,334,298,1.12,21.18,,1.0,3.36,2026-04-16,2026-04-16 09:27:15
5465,富驊,26.05,25.9,26.25,25.9,58.16,45.51,50.0,-0.55,-0.7,0.15,26.89,25.83,24.78,96,104,0.93,38.47,20.35,1.8,6.91,2026-04-16,2026-04-16 09:27:16
5468,凱鈺,18.35,18.35,18.6,18.15,32.65,33.67,36.84,0.21,0.21,0.01,19.66,18.47,17.29,39,96,0.41,10.81,,,,2026-04-16,2026-04-16 09:27:18
5469,瀚宇博,91.7,92.0,94.8,90.9,74.42,65.28,65.02,0.24,-1.26,1.5,93.23,85.05,76.87,4829,5711,0.85,445.61,15.21,2.52,2.75,2026-04-16,2026-04-16 09:27:19
5471,松翰,41.6,41.7,41.7,41.0,85.63,72.02,55.05,0.12,-0.1,0.22,43.65,40.16,36.67,689,498,1.38,69.84,58.59,1.0,2.4,2026-04-16,2026-04-16 09:27:20
5474,聰泰,145.0,145.5,146.5,144.0,81.46,73.91,62.35,-0.08,-2.22,2.14,147.37,135.97,124.58,195,267,0.73,57.65,26.46,4.0,2.76,2026-04-16,2026-04-16 09:27:22
5475,德宏,335.0,330.0,344.0,311.5,90.33,88.53,85.39,35.68,27.55,8.13,339.88,246.97,154.07,4726,4367,1.08,425.88,,,,2026-04-16,2026-04-16 09:27:24
5478,智冠,100.0,99.0,100.5,99.0,54.94,42.24,52.9,-0.06,0.2,-0.26,104.73,100.65,96.57,175,174,1.01,149.83,12.67,7.5,7.5,2026-04-16,2026-04-16 09:27:25
5481,新華,22.8,21.7,22.9,21.5,35.13,26.91,47.44,-0.01,-0.03,0.02,23.16,22.05,20.93,495,190,2.6,15.14,,,,2026-04-16,2026-04-16 09:27:27
5483,中美晶,127.0,123.0,127.0,121.5,80.95,63.73,63.24,1.65,0.01,1.64,130.75,116.7,102.65,12776,11314,1.13,780.0,18.98,3.5,2.76,2026-04-16,2026-04-16 09:27:28
5484,慧友,38.8,39.3,39.6,38.8,11.92,25.73,44.34,0.01,0.43,-0.42,44.56,40.97,37.38,422,733,0.58,25.92,56.23,,,2026-04-16,2026-04-16 09:27:30
5487,通泰,29.05,28.75,29.25,28.55,87.86,79.82,70.37,0.15,-0.03,0.18,28.83,27.88,26.94,20,22,0.91,7.04,,,,2026-04-16,2026-04-16 09:27:31
5488,松普,10.2,10.1,10.25,10.1,47.75,55.43,48.45,0.1,0.09,0.01,10.52,10.16,9.79,161,478,0.34,9.34,92.73,,,2026-04-16,2026-04-16 09:27:33
5489,彩富,40.9,41.0,41.15,40.8,62.3,63.53,63.01,0.21,0.05,0.16,41.52,40.17,38.82,46,90,0.51,40.68,20.55,1.82,4.45,2026-04-16,2026-04-16 09:27:34
5490,同亨,26.3,26.05,26.4,26.05,13.72,13.11,29.6,-0.2,0.01,-0.21,29.47,27.35,25.24,251,354,0.71,24.5,15.65,0.35,1.33,2026-04-16,2026-04-16 09:27:36
5493,三聯,83.5,84.1,84.4,82.9,60.72,46.66,53.81,-0.66,-1.41,0.75,87.74,81.1,74.45,364,258,1.41,36.48,19.98,2.6,3.11,2026-04-16,2026-04-16 09:27:38
5498,凱崴,69.3,64.2,69.3,62.8,77.69,68.27,68.44,1.55,0.31,1.24,69.89,59.78,49.67,26151,23941,1.09,133.95,,0.15,0.22,2026-04-16,2026-04-16 09:27:39
5508,永信建,50.9,51.0,51.5,50.7,40.52,32.44,41.07,-1.13,-1.31,0.18,54.03,51.41,48.78,368,377,0.98,110.67,16.58,14.5,28.49,2026-04-16,2026-04-16 09:27:41
5511,德昌,71.2,71.1,71.7,70.6,13.22,19.05,26.25,0.27,0.92,-0.64,76.41,73.69,70.97,344,239,1.44,80.77,6.73,3.8,5.34,2026-04-16,2026-04-16 09:27:43
5512,力麒,7.86,7.85,7.87,7.83,28.64,22.26,32.61,-0.04,-0.03,-0.01,8.04,7.91,7.77,867,723,1.2,59.72,56.14,0.18,2.29,2026-04-16,2026-04-16 09:27:44
5514,三豐,16.55,16.15,16.55,16.15,63.54,59.78,59.26,0.05,0.01,0.04,16.4,16.02,15.65,10,15,0.63,37.51,,,,2026-04-15,2026-04-16 09:27:46
5515,建國,42.55,44.2,44.3,42.3,85.24,79.25,68.53,1.99,1.41,0.58,43.68,38.59,33.5,1195,2089,0.57,85.78,9.54,2.15,5.05,2026-04-16,2026-04-16 09:27:47
5516,雙喜,12.1,12.1,12.25,12.0,10.95,16.26,36.73,-0.42,-0.4,-0.01,13.31,12.66,12.0,32,74,0.44,6.24,75.63,,,2026-04-16,2026-04-16 09:27:48
5519,隆大,33.45,33.4,33.7,33.25,59.29,49.81,42.31,0.13,0.19,-0.06,34.16,33.48,32.81,624,494,1.26,73.32,6.8,3.0,8.97,2026-04-16,2026-04-16 09:27:50
5520,力泰,80.4,80.4,80.4,80.4,13.61,26.38,46.32,-0.37,-0.04,-0.32,85.03,82.56,80.08,1,7,0.23,48.22,8.18,7.0,8.71,2026-04-16,2026-04-16 09:27:52
5521,工信,12.35,12.4,12.45,12.0,30.54,26.88,26.67,-1.51,-1.8,0.29,14.01,12.82,11.62,5752,5499,1.05,60.8,23.75,0.15,1.21,2026-04-16,2026-04-16 09:27:53
5522,遠雄,70.5,71.0,71.1,69.9,33.28,48.03,39.29,0.75,1.06,-0.31,74.64,71.43,68.23,653,1114,0.59,551.03,9.48,5.5,7.8,2026-04-16,2026-04-16 09:27:54
5523,豐謙,30.5,30.3,30.5,30.3,85.51,85.33,71.74,0.11,-0.04,0.15,30.87,29.74,28.62,15,13,1.15,47.28,,0.5,1.64,2026-04-16,2026-04-16 09:27:56
5525,順天,25.2,25.15,25.4,25.05,73.71,64.49,41.18,-0.09,-0.14,0.05,26.01,25.26,24.5,85,93,0.91,77.44,18.0,0.75,2.98,2026-04-16,2026-04-16 09:27:57
5529,鉅陞,24.8,24.8,24.95,24.75,42.48,51.0,35.23,-0.38,-0.32,-0.06,27.34,25.87,24.4,11,23,0.5,25.26,12.34,,,2026-04-16,2026-04-16 09:27:59
5530,龍巖,45.0,45.4,45.55,44.9,12.22,15.6,34.56,-1.2,-1.11,-0.09,48.6,46.52,44.44,171,510,0.34,189.04,16.42,,,2026-04-16,2026-04-16 09:28:04
5531,鄉林,8.85,8.85,8.85,8.76,56.46,48.38,41.82,-0.04,-0.03,-0.0,9.03,8.9,8.76,345,539,0.64,86.52,,,,2026-04-16,2026-04-16 09:28:05
5533,皇鼎,14.75,14.65,14.85,14.6,66.26,56.81,68.42,0.07,0.05,0.02,14.7,14.46,14.22,293,167,1.75,42.07,26.34,1.0,6.78,2026-04-16,2026-04-16 09:28:06
5534,長虹,79.6,81.8,82.3,79.5,51.76,64.22,56.68,1.2,1.01,0.19,84.23,79.2,74.18,1285,1262,1.02,251.0,13.47,5.42,6.81,2026-04-16,2026-04-16 09:28:08
5536,聖暉*,790.0,837.0,837.0,771.0,71.06,58.29,48.52,21.24,12.29,8.95,818.5,732.85,647.2,3851,3250,1.18,980.24,27.86,5.5,0.7,2026-04-16,2026-04-16 09:28:09
5538,東明-KY,31.85,31.7,32.15,31.6,79.39,69.14,75.95,0.12,-0.17,0.29,31.8,30.29,28.79,41,42,0.98,64.08,10.55,1.5,4.71,2026-04-16,2026-04-16 09:28:11
5543,桓鼎-KY,26.8,26.5,26.8,26.2,46.65,43.59,38.98,-0.18,-0.15,-0.02,28.57,27.46,26.34,41,18,2.21,12.52,3.88,0.09,0.34,2026-04-16,2026-04-16 09:28:12
5546,永固-KY,17.15,16.95,17.4,16.6,76.84,67.64,50.0,-0.65,-0.88,0.23,17.49,16.82,16.14,71,26,2.71,14.12,,2.0,11.66,2026-04-16,2026-04-16 09:28:13
5547,久舜,22.2,22.2,22.25,22.2,20.9,18.42,39.47,-0.27,-0.3,0.03,22.93,22.45,21.96,38,50,0.76,10.05,7.28,0.72,3.24,2026-04-16,2026-04-16 09:28:15
5548,安倉,24.4,24.35,24.6,24.35,10.28,21.24,50.0,0.27,0.37,-0.1,26.13,24.68,23.24,75,72,1.05,14.11,12.14,1.4,5.74,2026-04-16,2026-04-16 09:28:17
5601,台聯櫃,36.95,36.95,36.95,36.1,87.58,80.59,54.26,0.03,-0.04,0.07,37.29,36.52,35.75,3,6,0.44,23.94,87.98,0.35,0.95,2026-04-16,2026-04-16 09:28:18
5603,陸海,16.85,16.8,16.85,16.7,31.75,23.81,33.33,-0.24,-0.24,0.0,17.63,17.09,16.55,105,72,1.46,17.67,42.12,1.0,5.93,2026-04-16,2026-04-16 09:28:20
5604,中連,34.4,34.2,34.4,34.2,25.82,34.14,44.12,-0.23,-0.24,0.01,35.11,34.68,34.25,26,20,1.27,37.42,40.47,2.0,5.81,2026-04-16,2026-04-16 09:28:22
5607,遠雄港,48.3,49.3,49.3,48.3,74.24,68.69,60.54,-0.26,-0.67,0.41,49.03,46.73,44.42,440,487,0.9,178.98,17.44,1.1,2.28,2026-04-16,2026-04-16 09:28:23
5608,四維航,16.4,16.8,16.9,16.4,36.9,33.5,41.27,-0.24,-0.27,0.03,17.27,16.53,15.79,1557,1411,1.1,63.84,1.48,,,2026-04-16,2026-04-16 09:28:24
5609,中菲行,79.6,79.0,79.8,79.0,65.6,58.92,59.52,0.04,-0.01,0.05,79.93,79.0,78.08,157,139,1.13,112.03,10.03,5.2,6.53,2026-04-16,2026-04-16 09:28:26
5701,劍湖山,3.58,3.43,3.59,3.43,57.83,55.77,59.7,-0.04,-0.06,0.02,3.73,3.55,3.38,35,72,0.49,5.12,,,,2026-04-16,2026-04-16 09:28:27
5703,亞都,14.95,14.85,14.95,14.3,62.22,66.59,63.1,0.14,-0.04,0.19,15.16,13.96,12.76,13,41,0.32,10.5,28.21,,,2026-04-16,2026-04-16 09:28:29
5704,老爺知,22.2,22.15,22.45,22.0,43.63,50.61,55.56,-0.02,-0.15,0.13,22.65,21.95,21.25,84,165,0.51,13.07,61.67,,,2026-04-16,2026-04-16 09:28:31
5706,鳳凰,53.1,53.0,53.4,52.4,36.51,43.73,53.66,0.65,0.56,0.09,54.74,52.12,49.49,389,1117,0.35,44.48,15.71,2.75,5.18,2026-04-16,2026-04-16 09:28:32
5859,遠壽,15.85,15.55,15.9,15.5,70.34,73.26,46.43,0.02,0.02,-0.0,16.06,15.88,15.7,92,111,0.83,229.87,4.97,0.37,2.33,2026-04-16,2026-04-16 09:28:33
5863,瑞興銀,11.35,10.8,11.4,10.8,67.24,62.72,48.44,-0.08,-0.1,0.02,11.81,11.32,10.84,69,54,1.26,36.34,13.67,0.4,3.52,2026-04-16,2026-04-16 09:28:35
5864,致和證,25.25,25.45,25.5,25.0,78.69,61.31,50.37,0.21,0.15,0.06,26.04,24.48,22.92,1421,2400,0.59,114.76,9.9,0.4,1.58,2026-04-16,2026-04-16 09:28:37
5871,中租-KY,116.5,118.0,118.5,115.0,72.67,60.94,68.63,2.3,1.56,0.75,116.0,109.22,102.45,9321,9314,1.0,1993.81,10.36,6.1,5.24,2026-04-16,2026-04-16 09:28:38
5876,上海商銀,39.75,39.7,39.75,39.4,80.7,77.07,53.7,0.06,0.01,0.05,39.94,39.43,38.92,5294,5884,0.9,1927.97,12.99,1.8,4.53,2026-04-16,2026-04-16 09:28:39
5878,台名,41.1,41.0,41.1,41.0,23.19,20.08,31.82,-0.13,-0.11,-0.02,41.86,41.32,40.78,6,13,0.49,10.28,14.37,2.3,5.6,2026-04-16,2026-04-16 09:28:41
5880,合庫金,23.9,23.9,23.95,23.8,67.97,75.74,64.1,0.13,0.07,0.06,24.34,23.5,22.65,11132,12959,0.86,3747.74,17.57,0.7,2.93,2026-04-16,2026-04-16 09:28:42
5906,台南-KY,49.5,49.5,49.5,49.5,90.35,91.44,64.49,-0.07,-0.47,0.4,50.25,47.9,45.55,1,1,0.63,17.69,50.51,0.8,1.62,2026-04-16,2026-04-16 09:28:43
5907,大洋-KY,5.73,5.64,5.88,5.64,25.73,24.95,39.33,-0.04,-0.03,-0.02,6.0,5.82,5.63,263,272,0.97,10.99,,,,2026-04-16,2026-04-16 09:28:44
6005,群益證,28.0,28.0,28.25,27.9,34.86,44.88,48.36,-0.1,-0.12,0.02,29.11,28.11,27.1,11467,13547,0.85,607.85,10.61,1.5,5.36,2026-04-16,2026-04-16 09:28:46
6015,宏遠證,13.05,13.1,13.15,13.0,70.96,58.05,45.65,0.0,-0.0,0.01,13.47,12.98,12.48,2055,1989,1.03,51.31,18.38,0.55,4.21,2026-04-16,2026-04-16 09:28:47
6016,康和證,17.1,17.2,17.25,17.0,70.07,56.92,46.25,0.03,0.04,-0.01,17.91,17.04,16.17,2474,3609,0.69,117.41,8.64,0.23,1.35,2026-04-16,2026-04-16 09:28:49
6020,大展證,19.15,19.3,19.3,19.15,14.45,30.35,55.46,0.06,0.1,-0.03,19.69,19.28,18.87,7,6,1.21,48.33,49.1,0.27,1.41,2026-04-16,2026-04-16 09:28:50
6021,美好證,28.75,28.8,29.8,28.05,68.49,61.07,46.16,-0.22,-0.3,0.09,29.93,28.49,27.04,354,330,1.07,89.85,7.77,2.0,6.96,2026-04-16,2026-04-16 09:28:52
6023,元大期,100.0,99.5,100.0,99.3,65.83,66.59,77.14,1.22,0.97,0.25,101.29,96.97,92.64,285,200,1.43,319.98,11.83,4.8,4.8,2026-04-16,2026-04-16 09:28:54
6024,群益期,56.5,56.7,57.0,56.2,59.46,69.32,64.29,0.79,0.84,-0.05,57.58,55.83,54.08,348,322,1.08,141.21,10.33,2.83,5.01,2026-04-16,2026-04-16 09:28:55
6026,福邦證,14.8,14.85,14.95,14.8,54.02,56.62,47.06,0.1,0.1,-0.01,15.13,14.75,14.38,868,1257,0.69,58.63,8.6,1.1,7.43,2026-04-16,2026-04-16 09:28:56
6027,德信,11.3,11.4,11.4,10.8,30.23,32.29,56.05,0.36,0.35,0.01,12.31,10.62,8.94,111,165,0.67,17.6,10.87,,,2026-04-16,2026-04-16 09:28:58
6028,公勝保經,81.4,81.7,82.0,81.1,26.67,33.16,19.61,-4.77,-4.37,-0.4,104.35,88.87,73.39,37,48,0.77,20.35,10.41,6.0,7.37,2026-04-16,2026-04-16 09:28:59
6035,悠遊卡,51.1,51.6,53.6,51.1,39.26,44.27,43.79,-0.22,-0.06,-0.16,56.46,53.77,51.07,15,6,2.4,36.39,12.37,2.95,5.77,2026-04-16,2026-04-16 09:29:01
6101,寬魚國際,40.1,40.6,40.6,39.2,73.19,76.81,66.67,0.6,0.41,0.19,40.83,38.68,36.52,86,127,0.68,45.96,,,,2026-04-16,2026-04-16 09:29:03
6103,合邦,41.9,41.8,41.9,41.7,42.84,35.48,37.62,0.22,0.85,-0.63,50.88,44.4,37.92,3,11,0.27,5.7,,0.19,0.45,2026-04-16,2026-04-16 09:29:04
6104,創惟,92.8,87.3,94.3,87.3,54.89,46.41,52.44,-0.44,-0.86,0.42,93.25,88.95,84.65,2787,1131,2.46,84.57,17.12,4.5,4.85,2026-04-16,2026-04-16 09:29:06
6108,競國,17.8,17.35,18.0,17.25,75.44,61.83,72.13,0.4,0.3,0.1,17.59,16.62,15.65,979,798,1.23,27.5,5.99,1.0,5.62,2026-04-16,2026-04-16 09:29:07
6109,亞元,11.9,12.0,12.2,11.9,47.94,54.42,49.4,-0.02,-0.04,0.03,12.59,11.95,11.32,330,428,0.77,8.35,,,,2026-04-16,2026-04-16 09:29:09
6111,光聚晶電,47.25,45.6,47.7,45.1,93.14,87.7,76.84,0.49,-0.01,0.5,46.4,43.51,40.63,1425,616,2.31,45.49,,,,2026-04-16,2026-04-16 09:29:10
6112,邁達特,47.45,47.0,47.7,47.0,76.84,70.42,61.23,0.25,-0.06,0.31,49.48,45.75,42.02,424,496,0.86,89.38,26.22,0.6,1.26,2026-04-16,2026-04-16 09:29:11
6113,亞矽,23.0,23.7,23.7,22.2,80.25,72.04,63.51,0.37,-0.07,0.44,23.09,20.59,18.09,1359,926,1.47,12.09,,0.5,2.17,2026-04-16,2026-04-16 09:29:13
6114,久威,29.45,29.5,29.55,29.45,30.36,18.16,28.07,-0.39,-0.4,0.01,31.11,29.86,28.62,12,26,0.47,12.93,9.29,0.5,1.7,2026-04-16,2026-04-16 09:29:15
6115,鎰勝,47.8,47.65,48.0,47.45,82.88,74.47,72.97,0.16,0.05,0.1,47.67,47.06,46.44,251,152,1.66,89.7,16.83,3.2,6.69,2026-04-16,2026-04-16 09:29:16
6116,彩晶,9.27,9.03,9.53,8.97,71.98,59.15,66.67,0.04,-0.08,0.12,9.2,8.5,7.81,57154,30978,1.84,265.0,34.33,,,2026-04-16,2026-04-16 09:29:17
6117,迎廣,81.2,81.1,82.2,80.8,81.52,70.67,70.22,1.76,0.43,1.34,82.14,73.76,65.39,620,1187,0.52,75.15,22.37,2.17,2.67,2026-04-16,2026-04-16 09:29:18
6118,建達,17.1,17.15,17.4,17.1,30.08,21.52,37.8,-0.36,-0.36,-0.0,18.53,17.48,16.43,178,242,0.74,15.54,42.75,,,2026-04-16,2026-04-16 09:29:20
6120,達運,15.05,15.45,15.6,15.0,81.94,73.43,65.52,0.47,0.21,0.25,15.39,13.54,11.7,8033,9467,0.85,90.15,,0.28,1.86,2026-04-16,2026-04-16 09:29:21
6121,新普,348.5,352.5,354.0,348.0,71.75,72.62,51.33,2.13,1.65,0.48,357.1,346.7,336.3,507,430,1.18,644.62,11.43,30.0,8.61,2026-04-16,2026-04-16 09:29:23
6122,擎邦,50.3,50.8,50.8,50.1,45.74,51.49,46.62,-0.37,-0.45,0.08,52.26,50.63,48.99,333,304,1.1,38.5,10.66,3.27,6.5,2026-04-16,2026-04-16 09:29:25
6123,上奇,42.25,42.3,42.55,42.05,20.94,33.01,40.86,-0.31,-0.23,-0.08,44.19,43.02,41.84,95,86,1.1,25.56,15.53,5.05,11.95,2026-04-16,2026-04-16 09:29:26
6124,業強,31.7,30.95,33.0,30.95,53.77,48.09,50.4,-0.22,-0.3,0.08,34.25,31.08,27.92,101,93,1.09,57.85,,,,2026-04-16,2026-04-16 09:29:28
6125,廣運,56.5,56.7,57.0,56.1,71.06,48.29,42.95,-1.83,-2.36,0.53,62.15,55.99,49.83,1146,1617,0.71,146.34,565.0,0.7,1.24,2026-04-16,2026-04-16 09:29:29
6126,信音,33.1,33.0,34.8,32.95,70.03,64.99,59.05,-0.38,-0.8,0.42,34.32,31.38,28.44,5736,1769,3.24,41.9,47.29,0.76,2.3,2026-04-16,2026-04-16 09:29:31
6127,九豪,51.3,47.9,52.1,46.4,70.33,56.14,67.11,2.25,1.43,0.82,49.76,43.02,36.29,42326,40468,1.05,55.45,109.15,0.4,0.78,2026-04-16,2026-04-16 09:29:33
6128,上福,21.0,20.9,21.15,20.6,49.14,31.86,50.22,-0.53,-0.63,0.1,21.88,20.81,19.75,124,166,0.75,26.79,,0.5,2.38,2026-04-16,2026-04-16 09:29:34
6129,普誠,16.3,16.2,16.5,16.2,84.81,75.03,56.48,0.18,0.07,0.12,17.32,15.71,14.1,411,543,0.76,29.49,,,,2026-04-16,2026-04-16 09:29:35
6130,上亞科技,24.1,25.05,25.05,24.0,29.39,34.42,34.44,-2.4,-2.61,0.21,31.65,27.29,22.93,773,382,2.02,10.68,,,,2026-04-16,2026-04-16 09:29:37
6133,金橋,23.0,23.55,23.65,23.0,50.81,47.51,47.01,-0.23,-0.3,0.07,25.07,23.2,21.33,1772,2520,0.7,26.91,31.94,0.3,1.3,2026-04-16,2026-04-16 09:29:38
6134,萬旭,31.95,32.5,32.8,31.8,68.6,63.95,57.89,0.42,0.05,0.37,34.17,30.57,26.98,728,1642,0.44,26.16,266.25,0.2,0.63,2026-04-16,2026-04-16 09:29:40
6136,富爾特,24.0,24.6,24.65,24.0,47.47,57.87,42.86,0.1,0.1,-0.01,24.63,24.26,23.88,594,277,2.14,27.73,26.97,1.15,4.79,2026-04-16,2026-04-16 09:29:41
6138,茂達,223.5,222.5,225.5,222.5,77.01,65.59,47.3,-1.78,-3.06,1.27,234.93,220.82,206.72,267,273,0.98,165.43,17.54,8.6,3.85,2026-04-16,2026-04-16 09:29:43
6139,亞翔,669.0,638.0,673.0,633.0,80.56,65.2,52.11,19.66,9.36,10.3,681.7,589.1,496.5,8039,7485,1.07,1574.36,22.02,13.89,2.08,2026-04-16,2026-04-16 09:29:44
6140,訊達,19.1,18.0,19.5,17.95,49.61,30.71,41.61,-1.04,-1.14,0.1,21.67,19.07,16.48,287,163,1.76,10.49,,,,2026-04-16,2026-04-16 09:29:45
6141,柏承,28.4,28.4,28.4,28.4,85.66,72.25,66.46,2.0,1.76,0.23,28.37,23.3,18.23,1884,2629,0.72,32.19,11.14,,,2026-04-16,2026-04-16 09:29:47
6142,友勁,9.36,9.26,9.39,9.17,30.66,20.65,30.73,-0.15,-0.11,-0.04,10.39,9.63,8.86,359,615,0.58,30.96,,,,2026-04-16,2026-04-16 09:29:48
6143,振曜,94.8,94.1,95.9,93.5,56.77,45.27,52.95,-0.9,-1.42,0.52,96.16,92.36,88.56,1259,1092,1.15,81.58,14.74,6.0,6.33,2026-04-16,2026-04-16 09:29:49
6144,得利影,16.35,16.95,16.95,16.0,43.67,47.58,45.28,-0.22,-0.24,0.02,17.0,16.61,16.22,7,18,0.39,6.26,,,,2026-04-16,2026-04-16 09:29:51
6146,耕興,216.0,214.0,216.0,210.5,84.5,71.16,68.89,4.54,2.94,1.6,212.51,198.8,185.09,549,766,0.72,220.03,20.13,10.1,4.68,2026-04-16,2026-04-16 09:29:53
6147,頎邦,114.0,107.5,114.5,102.0,89.63,89.92,75.35,13.48,10.54,2.94,121.34,85.56,49.78,23552,36095,0.65,848.84,30.98,3.75,3.29,2026-04-16,2026-04-16 09:29:54
6148,驊宏資,33.2,32.7,33.4,32.2,45.96,35.67,39.12,-0.48,-0.35,-0.13,37.7,34.1,30.49,294,256,1.15,15.47,24.41,1.23,3.7,2026-04-16,2026-04-16 09:29:56
6150,撼訊,53.6,53.9,54.4,53.6,16.59,20.76,29.66,-1.31,-1.1,-0.21,61.69,56.69,51.69,150,234,0.64,25.91,20.86,0.6,1.12,2026-04-16,2026-04-16 09:29:58
6151,晉倫,35.5,36.1,36.6,35.5,71.99,74.6,68.45,1.79,1.37,0.42,37.31,32.12,26.93,347,879,0.4,19.62,30.6,1.5,4.23,2026-04-16,2026-04-16 09:29:59
6152,百一,17.7,17.8,18.2,17.6,65.77,57.9,42.66,0.05,0.07,-0.03,20.16,17.77,15.38,2809,5440,0.52,29.69,,,,2026-04-16,2026-04-16 09:30:00
6153,嘉聯益,17.45,17.9,17.9,17.4,70.81,65.71,57.38,0.3,0.21,0.09,18.05,16.86,15.67,3231,4880,0.66,111.01,4.7,,,2026-04-16,2026-04-16 09:30:02
6154,順發,13.3,13.25,13.3,13.25,30.95,27.08,33.33,-0.07,-0.06,-0.01,13.67,13.42,13.18,30,31,0.94,10.65,26.08,0.6,4.51,2026-04-16,2026-04-16 09:30:03
6155,鈞寶,52.6,49.2,53.6,47.75,75.6,63.0,68.03,0.55,-0.52,1.07,52.34,45.96,39.59,7533,5067,1.49,46.3,72.05,1.0,1.9,2026-04-16,2026-04-16 09:30:05
6156,松上,20.15,20.35,20.35,20.05,79.19,70.39,58.21,-0.15,-0.29,0.14,20.16,19.57,18.99,453,577,0.79,21.74,45.8,1.0,4.96,2026-04-16,2026-04-16 09:30:06
6158,禾昌,18.3,18.2,18.3,18.1,67.5,70.27,60.0,-0.31,-0.45,0.14,18.51,18.1,17.69,47,45,1.05,10.05,166.36,1.01,5.52,2026-04-16,2026-04-16 09:30:08
6160,欣技,15.65,15.75,15.75,15.55,42.04,31.7,39.58,-0.27,-0.28,0.01,16.96,15.96,14.97,77,93,0.83,10.72,,,,2026-04-16,2026-04-16 09:30:09
6161,捷波,42.2,42.0,42.4,41.85,78.34,64.02,57.14,-0.17,-0.47,0.3,42.77,40.96,39.16,73,83,0.88,23.73,15.63,3.0,7.11,2026-04-16,2026-04-16 09:30:11
6163,華電網,67.2,60.7,67.2,60.6,67.11,57.46,52.43,1.82,1.51,0.31,67.33,61.66,55.99,18476,8932,2.07,95.44,94.65,0.45,0.67,2026-04-16,2026-04-16 09:30:13
6164,華興,12.9,13.05,13.25,12.7,68.62,55.16,54.39,0.06,-0.02,0.08,13.33,12.36,11.39,1842,977,1.88,10.32,184.29,0.5,3.88,2026-04-16,2026-04-16 09:30:14
6165,浪凡,44.9,44.95,45.4,44.85,27.81,26.85,30.23,-0.02,0.2,-0.22,48.56,46.12,43.68,253,352,0.72,33.04,12.51,0.59,1.31,2026-04-16,2026-04-16 09:30:15
6166,凌華,70.5,72.8,72.9,69.3,72.89,66.22,71.43,1.97,0.41,1.57,70.99,61.73,52.48,1979,2622,0.76,153.5,30.13,0.93,1.32,2026-04-16,2026-04-16 09:30:16
6167,久正,14.35,14.3,14.65,14.25,66.26,57.03,49.55,0.27,0.27,-0.01,15.83,14.14,12.46,1149,1511,0.76,18.86,,1.33,9.27,2026-04-16,2026-04-16 09:30:18
6168,宏齊,28.2,28.0,28.8,27.1,70.74,64.64,55.29,1.52,1.36,0.17,29.15,25.43,21.71,16606,12040,1.38,58.02,564.0,,,2026-04-16,2026-04-16 09:30:19
6169,昱泉,16.9,17.5,17.5,16.9,54.36,46.23,54.35,-0.1,-0.22,0.12,17.41,16.75,16.09,17,23,0.78,3.95,,,,2026-04-16,2026-04-16 09:30:21
6170,統振,51.3,51.3,51.3,51.1,48.18,44.84,42.55,0.32,0.41,-0.09,52.51,51.44,50.37,113,189,0.6,49.89,11.58,3.11,6.06,2026-04-16,2026-04-16 09:30:22
6171,大城地產,26.25,26.4,26.4,26.0,10.01,9.61,26.42,-0.38,-0.31,-0.07,28.03,26.87,25.7,45,33,1.36,26.25,6.87,2.5,9.52,2026-04-16,2026-04-16 09:30:24
6173,信昌電,83.9,76.3,83.9,74.7,90.01,76.89,83.33,2.75,0.17,2.58,78.22,64.54,50.85,23904,16668,1.43,143.64,25.82,1.41,1.68,2026-04-16,2026-04-16 09:30:26
6174,安碁,27.3,24.9,27.3,24.85,75.0,60.43,77.95,0.89,0.43,0.46,25.83,22.77,19.71,3374,1340,2.52,13.65,41.36,0.4,1.47,2026-04-16,2026-04-16 09:30:27
6175,立敦,63.5,62.0,64.2,59.5,89.67,79.19,78.96,3.29,1.51,1.78,61.7,50.22,38.74,18142,12541,1.45,95.33,23.78,1.75,2.76,2026-04-16,2026-04-16 09:30:29
6176,瑞儀,90.7,90.2,92.1,89.9,42.81,34.33,45.39,-4.01,-4.8,0.79,94.78,91.59,88.4,4542,4284,1.06,417.44,9.75,3.5,3.86,2026-04-16,2026-04-16 09:30:30
6177,達麗,46.05,46.4,46.6,45.95,12.53,18.49,33.07,-0.33,-0.22,-0.11,48.62,47.23,45.84,692,848,0.82,217.3,12.12,3.5,7.6,2026-04-16,2026-04-16 09:30:31
6179,亞通,24.55,25.1,25.15,24.5,57.22,50.97,32.04,-0.56,-0.61,0.05,28.54,25.47,22.4,1201,1228,0.98,43.53,491.0,0.48,1.96,2026-04-16,2026-04-16 09:30:33
6180,橘子,42.15,41.3,42.2,41.2,23.94,27.95,39.69,-1.53,-1.63,0.1,44.94,43.05,41.15,516,478,1.08,73.97,,6.0,14.23,2026-04-16,2026-04-16 09:30:34
6182,合晶,37.0,37.05,37.45,36.0,79.0,65.34,58.76,0.41,-0.07,0.48,38.63,34.64,30.66,10283,12594,0.82,213.65,411.11,,,2026-04-16,2026-04-16 09:30:36
6183,關貿,94.9,94.5,95.1,94.3,78.79,63.71,58.95,-0.07,-0.4,0.33,94.43,92.82,91.21,40,33,1.21,142.35,24.4,3.2,3.37,2026-04-16,2026-04-16 09:30:37
6184,大豐電,47.65,47.7,47.7,47.2,55.33,49.28,40.0,-0.06,-0.07,0.01,48.0,47.68,47.37,68,49,1.38,72.53,20.9,3.19,6.69,2026-04-16,2026-04-16 09:30:39
6185,幃翔,14.05,14.0,14.2,13.9,51.13,44.86,57.14,-0.1,-0.13,0.03,14.36,14.01,13.67,185,170,1.09,21.06,63.86,0.39,2.78,2026-04-16,2026-04-16 09:30:40
6186,新潤,41.05,40.6,41.35,40.55,76.86,64.07,50.41,-0.71,-1.05,0.34,42.75,40.49,38.22,434,350,1.24,80.01,5.28,1.52,3.7,2026-04-16,2026-04-16 09:30:42
6187,萬潤,1105.0,1130.0,1175.0,1045.0,83.54,79.83,59.92,116.83,107.79,9.04,1141.53,919.8,698.07,6334,3849,1.65,1067.73,71.57,10.19,0.92,2026-04-16,2026-04-16 09:30:43
6188,廣明,87.5,87.5,88.4,86.6,41.89,35.23,36.49,-2.45,-2.64,0.19,97.5,89.96,82.41,1891,1985,0.95,243.56,24.31,5.2,5.94,2026-04-16,2026-04-16 09:30:45
6189,豐藝,47.4,47.2,47.65,47.2,79.36,63.2,48.77,0.25,0.06,0.19,48.24,46.25,44.26,684,615,1.11,125.03,17.56,4.0,8.44,2026-04-16,2026-04-16 09:30:46
6190,萬泰科,63.2,62.2,63.2,61.6,73.68,73.18,63.01,3.27,2.66,0.61,66.49,57.21,47.92,5547,11299,0.49,114.76,28.99,1.9,3.01,2026-04-16,2026-04-16 09:30:48
6191,精成科,105.0,104.5,106.5,103.0,74.54,63.81,61.57,0.3,-1.61,1.91,105.23,95.24,85.24,8827,11735,0.75,524.27,16.06,3.01,2.87,2026-04-16,2026-04-16 09:30:49
6192,巨路,122.0,121.0,122.5,120.5,78.79,68.6,57.89,-0.12,-0.64,0.52,122.65,118.55,114.45,292,248,1.18,117.31,12.27,5.8,4.75,2026-04-16,2026-04-16 09:30:50
6194,育富,33.3,33.45,33.45,33.3,66.04,66.42,53.19,0.23,0.11,0.12,33.77,32.71,31.64,23,48,0.48,15.98,15.21,2.1,6.31,2026-04-16,2026-04-16 09:30:52
6195,詩肯,24.5,24.6,24.6,24.3,34.68,29.96,40.74,-0.17,-0.16,-0.01,24.97,24.65,24.33,23,26,0.88,12.3,25.0,1.5,6.12,2026-04-16,2026-04-16 09:30:54
6196,帆宣,340.0,349.5,351.5,325.5,82.57,78.89,64.71,14.29,8.08,6.21,346.76,299.5,252.24,5486,3947,1.39,743.22,23.21,5.9,1.74,2026-04-16,2026-04-16 09:30:55
6197,佳必琪,180.0,183.5,185.5,179.0,72.01,64.88,53.33,4.26,4.12,0.14,198.72,176.53,154.33,3260,3034,1.07,219.75,21.69,7.0,3.89,2026-04-16,2026-04-16 09:30:56
6198,瑞築,21.55,21.25,21.9,21.25,57.84,67.58,45.07,-0.32,-0.47,0.15,22.47,21.78,21.1,15,9,1.67,36.94,,,,2026-04-16,2026-04-16 09:30:58
6199,天品,112.5,112.0,115.0,108.0,31.64,40.41,55.13,2.63,2.46,0.16,116.0,107.58,99.15,714,1022,0.7,69.48,362.9,,,2026-04-16,2026-04-16 09:30:59
6201,亞弘電,50.7,50.9,50.9,50.2,59.73,46.86,48.53,-0.53,-0.67,0.15,51.68,50.57,49.46,16,38,0.44,45.22,13.74,4.0,7.89,2026-04-16,2026-04-16 09:31:01
6202,盛群,53.5,52.9,54.4,51.8,80.16,65.82,54.78,-0.38,-0.83,0.45,57.2,50.62,44.05,3102,2230,1.39,123.26,70.39,,,2026-04-16,2026-04-16 09:31:02
6203,海韻電,64.9,65.0,65.2,64.5,35.92,44.89,43.44,-0.36,-0.14,-0.21,68.18,65.84,63.5,122,239,0.51,53.48,11.82,3.5,5.39,2026-04-16,2026-04-16 09:31:04
6204,艾華,64.8,65.3,67.9,64.6,57.74,49.86,59.79,-0.81,-1.9,1.09,65.91,61.26,56.6,122,244,0.5,14.97,54.92,0.3,0.46,2026-04-16,2026-04-16 09:31:05
6205,詮欣,68.2,69.0,69.8,67.1,85.49,71.41,63.03,2.88,1.32,1.56,69.04,58.19,47.34,1934,3553,0.54,55.06,36.86,1.63,2.39,2026-04-16,2026-04-16 09:31:06
6206,飛捷,106.5,104.5,107.5,104.0,72.97,61.94,60.78,1.7,1.4,0.3,106.65,101.27,95.89,1333,804,1.66,152.36,15.55,6.0,5.63,2026-04-16,2026-04-16 09:31:08
6207,雷科,57.2,56.7,58.9,56.5,76.68,62.23,53.11,0.67,-0.06,0.74,58.31,52.95,47.58,4184,2330,1.8,45.58,63.56,1.5,2.62,2026-04-16,2026-04-16 09:31:09
6208,日揚,75.4,75.0,75.4,73.0,89.92,79.37,89.15,5.29,3.02,2.27,69.07,53.29,37.51,5584,1680,3.32,71.22,30.16,2.0,2.65,2026-04-16,2026-04-16 09:31:11
6209,今國光,60.8,61.3,62.4,60.5,72.55,66.91,66.29,0.93,-0.51,1.43,64.06,55.04,46.01,3140,6161,0.51,106.52,67.56,0.5,0.82,2026-04-16,2026-04-16 09:31:12
6210,慶生,20.85,21.0,21.0,20.85,58.84,58.57,73.33,0.11,-0.05,0.16,20.85,20.01,19.16,23,48,0.47,7.31,,,,2026-04-16,2026-04-16 09:31:14
6214,精誠,123.5,120.0,123.5,119.5,94.42,85.18,77.55,2.03,0.42,1.61,121.55,112.0,102.45,2262,1192,1.9,309.78,15.65,5.2,4.21,2026-04-16,2026-04-16 09:31:17
6215,和椿,104.5,105.5,107.0,104.0,62.65,52.31,50.0,-1.33,-2.52,1.19,110.89,101.25,91.6,1032,2133,0.48,86.52,50.73,1.5,1.44,2026-04-16,2026-04-16 09:31:18
6216,居易,25.85,25.1,25.95,25.1,59.02,41.98,56.6,-0.26,-0.37,0.11,26.03,25.29,24.54,365,168,2.17,25.07,43.81,2.53,9.79,2026-04-16,2026-04-16 09:31:19
6217,中探針,226.5,226.0,226.5,211.0,63.56,70.0,68.98,28.13,27.5,0.63,243.18,193.0,142.82,2177,13909,0.16,258.25,56.91,,,2026-04-16,2026-04-16 09:31:21
6218,豪勉,38.2,35.5,38.2,35.4,86.43,84.66,73.96,3.37,2.27,1.1,39.62,29.02,18.42,1446,4276,0.34,24.55,,,,2026-04-16,2026-04-16 09:31:23
6219,富旺,14.45,14.2,14.55,14.15,38.07,30.93,41.46,-0.34,-0.38,0.04,15.08,14.52,13.95,392,384,1.02,18.06,2.8,0.67,4.64,2026-04-16,2026-04-16 09:31:24
6220,岳豐,34.25,35.95,35.95,34.15,66.77,72.79,63.68,0.22,0.01,0.21,36.53,33.39,30.25,730,751,0.97,50.16,42.28,0.7,2.04,2026-04-16,2026-04-16 09:31:26
6221,晉泰,26.8,26.7,26.95,26.55,70.58,69.45,54.43,-0.3,-0.47,0.17,27.65,26.53,25.41,88,143,0.62,45.18,11.45,1.2,4.48,2026-04-16,2026-04-16 09:31:27
6222,立軒,20.85,20.2,21.0,20.2,44.83,36.93,51.43,0.31,0.36,-0.04,21.14,20.71,20.29,15,27,0.56,14.72,,,,2026-04-16,2026-04-16 09:31:29
6223,旺矽,4915.0,4700.0,4935.0,4630.0,87.11,82.49,77.03,402.13,339.67,62.46,4890.54,4035.25,3179.96,1241,918,1.35,4815.78,146.19,16.01,0.33,2026-04-16,2026-04-16 09:31:31
6224,聚鼎,59.2,55.0,61.5,55.0,89.2,78.68,87.9,3.24,1.03,2.21,54.7,42.31,29.93,3140,2140,1.47,50.11,89.7,1.25,2.11,2026-04-16,2026-04-16 09:31:32
6225,天瀚,18.5,18.5,18.5,18.5,14.48,22.66,29.55,-0.51,-0.22,-0.29,23.13,20.13,17.14,2,20,0.1,5.14,,,,2026-04-16,2026-04-16 09:31:33
6226,光鼎,13.3,12.8,13.3,12.5,56.01,53.13,50.57,0.66,0.74,-0.08,14.73,12.96,11.19,2033,2803,0.73,15.37,,,,2026-04-16,2026-04-16 09:31:34
6227,茂綸,93.1,92.5,94.6,92.5,58.13,65.05,62.65,2.18,1.8,0.38,95.79,89.17,82.54,593,819,0.72,70.86,12.55,3.8,4.08,2026-04-16,2026-04-16 09:31:36
6228,全譜,25.0,25.0,25.0,25.0,69.68,63.45,56.41,0.08,-0.11,0.18,25.46,24.28,23.11,1,10,0.12,6.5,,,,2026-04-16,2026-04-16 09:31:37
6229,研通,24.7,25.05,25.2,23.9,66.3,53.28,72.37,0.47,-0.08,0.55,24.59,21.58,18.57,672,772,0.87,9.97,494.0,1.0,4.05,2026-04-16,2026-04-16 09:31:39
6230,尼得科超眾,155.0,164.5,164.5,154.5,66.74,55.54,49.55,-0.41,-0.6,0.19,177.4,153.55,129.7,173,166,1.05,133.83,24.22,0.22,0.14,2026-04-16,2026-04-16 09:31:40
6231,系微,261.5,256.0,263.5,253.0,38.23,42.84,37.75,9.97,13.18,-3.21,287.3,264.88,242.45,711,1098,0.65,119.38,39.5,6.5,2.49,2026-04-16,2026-04-16 09:31:42
6233,旺玖,26.5,26.75,26.85,26.4,61.73,46.63,42.61,-0.05,-0.06,0.01,29.44,26.54,23.63,304,437,0.7,20.94,,0.36,1.36,2026-04-16,2026-04-16 09:31:43
6234,高僑,33.8,32.95,33.85,32.35,80.09,69.24,65.16,1.33,0.78,0.55,33.4,29.52,25.64,4314,4279,1.01,33.93,676.0,0.45,1.33,2026-04-16,2026-04-16 09:31:45
6235,華孚,45.9,45.4,46.1,45.4,34.61,24.07,44.12,-1.64,-1.89,0.25,49.27,46.49,43.71,530,591,0.9,91.76,15.88,1.2,2.61,2026-04-16,2026-04-16 09:31:46
6236,中湛,18.0,18.0,18.0,18.0,0.0,0.22,0.0,-0.8,-0.54,-0.26,23.46,21.24,19.02,0,0,0.0,7.5,225.0,,,2026-04-15,2026-04-16 09:31:48
6237,驊訊,37.85,37.85,38.4,37.75,76.41,62.82,52.57,-0.22,-0.5,0.28,38.99,36.8,34.62,280,218,1.29,30.15,,0.25,0.66,2026-04-16,2026-04-16 09:31:49
6239,力成,212.5,210.5,217.0,208.5,56.65,61.81,55.36,-1.22,-4.36,3.13,222.24,203.22,184.21,9423,14370,0.66,1569.94,28.52,7.0,3.29,2026-04-16,2026-04-16 09:31:51
6240,松崗,18.55,17.9,18.55,17.9,38.74,35.33,47.13,-0.01,-0.03,0.02,19.18,18.56,17.94,6,11,0.53,4.24,,,,2026-04-16,2026-04-16 09:31:52
6241,易通展,10.25,10.1,10.3,10.05,11.03,13.56,11.63,-0.51,-0.39,-0.12,12.86,11.29,9.73,39,125,0.31,4.99,,,,2026-04-16,2026-04-16 09:31:54
6242,立康,38.35,38.0,38.35,38.0,57.25,43.06,60.98,0.03,-0.07,0.1,38.32,37.64,36.97,9,8,1.09,12.2,14.64,2.0,5.22,2026-04-16,2026-04-16 09:31:55
6243,迅杰,31.4,30.65,32.0,30.35,77.15,62.23,58.06,-0.54,-0.91,0.37,32.04,30.0,27.96,350,169,2.07,14.21,,1.2,3.82,2026-04-16,2026-04-16 09:31:57
6244,茂迪,28.8,29.05,30.45,28.6,57.82,38.88,46.29,-0.51,-0.63,0.12,32.83,28.08,23.33,18267,11421,1.6,111.47,205.71,0.36,1.25,2026-04-16,2026-04-16 09:31:58
6245,立端,78.9,78.4,78.9,76.6,90.8,85.28,76.96,2.99,2.06,0.93,78.55,70.66,62.77,1529,1602,0.95,115.67,18.26,4.0,5.07,2026-04-16,2026-04-16 09:32:00
6248,沛波,20.05,16.25,17.1,16.15,49.97,51.35,59.21,0.47,0.6,-0.14,17.36,16.49,15.63,99,54,1.82,19.54,13.19,1.8,8.98,2026-04-16,2026-04-16 09:32:02
6257,矽格,180.0,178.0,180.0,172.5,78.49,82.26,86.44,12.76,9.88,2.88,192.45,154.1,115.75,17974,17555,1.02,861.81,29.56,4.04,2.24,2026-04-16,2026-04-16 09:32:03
6259,百徽,24.25,23.35,24.55,22.85,86.93,75.19,84.97,1.11,0.43,0.69,22.42,18.38,14.35,3478,1657,2.1,6.61,35.14,0.1,0.41,2026-04-16,2026-04-16 09:32:05
6261,久元,78.6,79.2,81.0,78.0,66.63,73.38,62.77,2.53,1.97,0.57,84.83,74.47,64.12,1063,1894,0.56,101.0,18.71,4.0,5.09,2026-04-16,2026-04-16 09:32:06
6263,普萊德,131.5,131.5,132.0,131.0,80.0,77.18,67.44,1.79,0.96,0.84,131.78,125.72,119.67,53,101,0.53,82.19,15.9,7.9,6.01,2026-04-16,2026-04-16 09:32:08
6264,富裔,6.25,6.13,6.25,6.12,45.82,52.17,47.97,-0.11,-0.12,0.01,6.59,6.36,6.12,96,49,1.94,8.52,,,,2026-04-16,2026-04-16 09:32:10
6265,方土昶,38.65,39.7,40.2,38.6,47.28,45.43,42.82,-0.32,-0.43,0.11,47.05,40.22,33.39,3836,5636,0.68,45.67,56.84,,,2026-04-16,2026-04-16 09:32:11
6266,泰詠,28.1,27.95,28.25,27.95,50.09,41.35,35.42,-0.23,-0.2,-0.03,29.2,28.38,27.56,292,242,1.2,43.24,14.12,1.79,6.37,2026-04-16,2026-04-16 09:32:13
6269,台郡,63.6,62.1,63.7,61.2,57.76,59.68,54.1,1.09,0.91,0.18,66.2,61.2,56.19,2385,2739,0.87,203.88,38.19,,,2026-04-16,2026-04-16 09:32:14
6270,倍微,25.35,25.2,25.4,24.85,62.74,46.33,35.22,0.06,0.03,0.03,26.9,25.13,23.35,278,381,0.73,18.29,23.69,1.0,3.94,2026-04-16,2026-04-16 09:32:16
6271,同欣電,185.0,191.0,192.5,182.0,85.04,81.45,75.76,7.26,3.81,3.45,186.22,159.28,132.33,20180,13932,1.45,386.76,24.31,3.0,1.62,2026-04-16,2026-04-16 09:32:17
6272,驊陞,32.3,32.7,32.7,31.85,47.92,38.54,47.41,-1.38,-1.64,0.26,34.75,32.35,29.95,246,437,0.56,26.54,9.47,0.8,2.48,2026-04-16,2026-04-16 09:32:18
6274,台燿,960.0,945.0,983.0,910.0,93.87,91.61,87.3,98.67,65.48,33.19,946.96,672.75,398.54,15828,11654,1.36,2771.52,79.93,7.51,0.78,2026-04-16,2026-04-16 09:32:20
6275,元山,48.8,48.95,49.25,48.5,63.6,55.78,48.97,-0.5,-0.79,0.29,50.81,48.21,45.6,361,387,0.93,39.02,17.68,2.26,4.63,2026-04-16,2026-04-16 09:32:21
6276,安鈦克,31.85,31.1,32.2,31.0,25.29,22.78,38.94,-0.66,-0.57,-0.09,36.01,33.04,30.08,63,59,1.08,7.02,35.0,,,2026-04-16,2026-04-16 09:32:23
6277,宏正,70.7,69.8,71.1,69.8,41.93,46.83,67.18,2.57,2.55,0.02,77.36,66.84,56.32,266,368,0.72,84.47,23.26,4.8,6.79,2026-04-16,2026-04-16 09:32:24
6278,台表科,143.0,140.0,147.5,132.5,88.11,74.33,89.38,7.9,2.73,5.17,132.74,103.15,73.56,24542,20540,1.19,413.46,15.34,5.5,3.85,2026-04-16,2026-04-16 09:32:25
6279,胡連,107.0,106.0,107.5,105.5,34.98,22.31,30.3,-2.6,-2.42,-0.18,118.28,109.33,100.37,409,436,0.94,127.35,10.47,6.0,5.61,2026-04-16,2026-04-16 09:32:27
6281,全國電,53.0,52.4,53.2,52.4,14.41,10.17,17.57,-1.29,-0.94,-0.35,59.9,55.5,51.1,85,138,0.62,52.56,14.44,3.3,6.23,2026-04-16,2026-04-16 09:32:28
6282,康舒,50.1,51.2,52.4,50.0,67.53,55.1,56.15,0.15,-0.46,0.61,52.75,47.47,42.19,33770,37750,0.89,430.1,334.0,0.5,1.0,2026-04-16,2026-04-16 09:32:30
6283,淳安,22.1,22.8,22.8,22.05,67.69,58.4,67.42,0.05,-0.23,0.28,21.99,20.71,19.44,204,278,0.74,32.46,61.39,,,2026-04-16,2026-04-16 09:32:31
6284,佳邦,88.1,85.7,88.6,84.4,77.74,69.43,62.12,1.23,0.58,0.65,87.55,83.38,79.21,4194,2695,1.56,129.66,21.03,2.7,3.06,2026-04-16,2026-04-16 09:32:32
6285,啟碁,267.0,251.0,267.0,244.0,90.04,85.33,73.02,20.7,13.53,7.17,259.97,197.35,134.73,53368,44912,1.19,1291.38,42.58,4.8,1.8,2026-04-16,2026-04-16 09:32:34
6290,良維,226.5,227.0,240.0,225.5,70.61,63.46,54.89,3.5,2.28,1.22,237.04,213.47,189.91,16712,11181,1.49,381.61,27.22,5.0,2.21,2026-04-16,2026-04-16 09:32:35
6291,沛亨,414.5,425.0,431.0,407.0,68.08,72.92,58.77,33.26,30.52,2.74,433.24,368.96,304.67,1600,2524,0.63,215.54,63.09,6.0,1.45,2026-04-16,2026-04-16 09:32:37
6292,迅德,48.3,49.0,49.2,48.0,69.86,53.11,64.54,1.16,1.04,0.12,50.39,46.35,42.32,191,177,1.08,22.51,24.27,4.0,8.28,2026-04-16,2026-04-16 09:32:39
6294,智基,39.65,38.9,39.65,38.7,86.1,72.03,81.37,-0.03,-0.34,0.31,39.19,37.95,36.72,59,48,1.22,10.33,14.37,3.0,7.57,2026-04-16,2026-04-16 09:32:40
6405,悅城,35.95,36.45,38.0,35.8,45.72,55.84,66.18,1.36,1.13,0.22,39.43,33.38,27.33,1322,1239,1.07,23.66,,0.1,0.28,2026-04-16,2026-04-16 09:32:41
6407,相互,41.15,45.85,47.2,40.0,84.11,88.8,75.25,5.77,4.06,1.71,45.38,28.94,12.5,5690,7617,0.75,30.92,38.1,1.0,2.43,2026-04-16,2026-04-16 09:32:43
6409,旭隼,792.0,808.0,812.0,779.0,60.33,41.01,55.59,-19.01,-30.55,11.54,797.24,746.8,696.36,1463,1071,1.37,694.67,19.78,43.0,5.43,2026-04-16,2026-04-16 09:32:44
6411,晶焱,77.5,76.0,77.7,76.0,70.11,61.61,49.25,-0.77,-1.19,0.42,80.31,76.03,71.74,263,356,0.74,75.75,24.84,3.18,4.1,2026-04-16,2026-04-16 09:32:46
6412,群電,78.8,79.0,79.4,78.5,59.81,60.45,54.12,-1.11,-1.92,0.82,82.35,77.05,71.75,639,1420,0.45,315.81,15.3,3.7,4.7,2026-04-16,2026-04-16 09:32:47
6414,樺漢,300.0,296.0,300.0,295.0,88.86,79.65,77.68,4.82,1.45,3.37,298.06,276.6,255.14,1625,1646,0.99,437.66,15.02,12.2,4.07,2026-04-16,2026-04-16 09:32:48
6415,矽力*-KY,302.5,280.5,302.5,278.5,45.63,30.6,54.87,4.03,4.47,-0.44,301.45,283.51,265.56,10536,5555,1.9,1173.9,48.25,2.55,0.84,2026-04-16,2026-04-16 09:32:49
6416,瑞祺電通,80.6,81.2,81.2,80.3,71.19,58.93,52.05,-0.5,-0.75,0.26,82.55,79.84,77.13,155,184,0.85,59.12,18.79,2.9,3.6,2026-04-16,2026-04-16 09:32:51
6417,韋僑,121.0,109.5,121.0,108.0,86.57,71.92,78.57,1.45,-0.08,1.53,114.51,106.2,97.89,374,139,2.69,51.15,25.1,2.2,1.82,2026-04-16,2026-04-16 09:32:53
6418,詠昇,29.2,29.05,29.75,28.8,27.78,20.26,35.06,-1.02,-1.12,0.1,32.17,29.78,27.38,140,83,1.68,10.08,40.0,1.1,3.77,2026-04-16,2026-04-16 09:32:54
6419,京晨科,136.0,127.5,136.0,126.0,88.05,78.98,82.91,11.07,6.91,4.16,126.49,96.4,66.31,1127,796,1.42,17.9,14.21,2.7,1.99,2026-04-16,2026-04-16 09:32:56
6423,億而得,89.0,89.7,90.7,87.9,58.65,44.46,50.31,-0.45,-1.03,0.58,92.54,85.61,78.68,244,183,1.34,26.94,153.45,1.0,1.12,2026-04-16,2026-04-16 09:32:57
6425,易發,78.1,81.7,82.0,77.4,76.15,67.71,71.87,2.12,0.05,2.06,78.94,67.2,55.47,2967,4556,0.65,37.88,,1.0,1.28,2026-04-16,2026-04-16 09:32:59
6426,統新,206.5,199.0,216.0,196.5,82.16,79.81,67.91,15.48,11.2,4.28,216.05,169.57,123.1,3823,4643,0.82,79.52,,0.5,0.24,2026-04-16,2026-04-16 09:33:00
6428,淘米,13.0,12.8,13.0,12.7,78.68,57.26,63.33,0.12,0.06,0.06,12.9,12.16,11.43,17,5,3.27,2.3,18.57,,,2026-04-16,2026-04-16 09:33:02
6431,光麗-KY,21.05,20.6,21.6,20.6,19.67,26.53,52.22,-0.71,-0.71,-0.0,24.25,22.2,20.15,90,152,0.59,20.5,,,,2026-04-16,2026-04-16 09:33:03
6432,今展科,39.5,39.0,41.0,38.8,70.78,61.11,67.58,1.07,0.33,0.74,40.77,35.35,29.92,907,1749,0.52,13.16,82.29,1.4,3.54,2026-04-16,2026-04-16 09:33:04
6434,達輝光電,13.55,10.25,13.85,10.25,75.81,58.28,76.53,0.96,0.48,0.48,11.05,7.69,4.33,19625,8732,2.25,62.82,,,,2026-04-16,2026-04-16 09:33:06
6435,大中,164.0,163.5,166.0,161.5,73.54,63.68,44.25,2.74,2.82,-0.08,174.47,160.7,146.93,495,629,0.79,61.44,17.63,4.3,2.62,2026-04-16,2026-04-16 09:33:08
6438,迅得,176.5,176.5,177.5,174.0,54.98,58.54,46.81,5.97,6.21,-0.24,186.62,172.9,159.18,1466,2933,0.5,145.09,33.88,5.83,3.3,2026-04-16,2026-04-16 09:33:09
6441,廣錠,20.95,19.45,20.95,19.4,53.66,33.83,58.6,-0.43,-0.52,0.09,21.17,19.55,17.93,666,376,1.77,11.17,,,,2026-04-16,2026-04-16 09:33:10
6442,光聖,2075.0,2115.0,2140.0,2030.0,38.66,50.8,47.84,72.94,78.94,-6.0,2298.39,2057.0,1815.61,2822,3830,0.74,1615.87,91.09,8.62,0.42,2026-04-16,2026-04-16 09:33:12
6443,元晶,40.45,41.7,41.7,39.9,48.43,28.14,36.52,-1.81,-1.44,-0.37,51.04,42.16,33.28,11385,22621,0.5,207.43,18.64,,,2026-04-16,2026-04-16 09:33:13
6446,藥華藥,660.0,655.0,660.0,647.0,73.91,65.92,56.41,-2.82,-6.63,3.81,671.03,638.0,604.97,1338,1271,1.05,2449.66,48.6,0.99,0.15,2026-04-16,2026-04-16 09:33:14
6449,鈺邦,174.0,176.5,184.0,170.0,73.42,64.39,63.03,1.86,-1.09,2.95,176.05,159.43,142.8,1625,1486,1.09,158.16,24.0,3.48,2.0,2026-04-16,2026-04-16 09:33:15
6451,訊芯-KY,494.0,460.0,501.0,454.0,84.33,82.67,73.52,64.05,50.26,13.79,502.9,352.27,201.65,1098,6949,0.16,524.5,1829.63,0.36,0.07,2026-04-16,2026-04-16 09:33:17
6456,GIS-KY,76.8,70.2,77.1,65.1,84.8,65.47,69.9,3.16,1.71,1.46,71.94,59.75,47.56,50372,20268,2.49,256.57,27.63,,,2026-04-16,2026-04-16 09:33:18
6461,益得,18.0,18.1,18.2,18.0,21.35,27.86,41.56,-0.59,-0.66,0.07,19.27,18.43,17.6,84,138,0.61,32.11,,,,2026-04-16,2026-04-16 09:33:19
6462,神盾,116.5,107.5,116.5,106.5,72.83,62.85,67.34,0.69,-0.71,1.4,112.82,103.48,94.14,3533,1284,2.75,106.31,21.74,,,2026-04-16,2026-04-16 09:33:21
6464,台數科,76.2,76.5,76.8,76.2,38.8,50.14,47.62,-0.09,-0.1,0.01,77.28,76.47,75.66,35,25,1.36,98.13,18.19,3.22,4.23,2026-04-16,2026-04-16 09:33:22
6465,威潤,44.6,42.9,46.0,42.5,45.81,56.78,48.92,2.07,2.47,-0.39,48.81,44.89,40.97,316,670,0.47,19.04,51.86,0.2,0.45,2026-04-16,2026-04-16 09:33:24
6467,泰合,120.0,123.5,128.0,117.5,45.69,33.16,34.0,-3.69,-2.59,-1.1,144.53,127.67,110.82,290,499,0.58,62.85,,,,2026-04-16,2026-04-16 09:33:25
6469,大樹,81.2,79.5,81.2,79.5,31.27,26.57,51.02,-1.44,-1.58,0.14,83.16,81.03,78.9,627,671,0.93,121.56,20.87,2.92,3.6,2026-04-16,2026-04-16 09:33:27
6472,保瑞,425.5,430.0,440.0,423.5,28.12,22.21,36.19,-18.58,-18.92,0.35,501.65,445.1,388.55,911,871,1.05,541.69,12.68,11.67,2.74,2026-04-16,2026-04-16 09:33:29
6473,美賣*,9.9,8.13,12.1,8.13,43.74,48.55,72.29,0.21,0.11,0.1,9.16,8.26,7.37,765,300,2.54,3.96,,,,2026-04-16,2026-04-16 09:33:30
6474,華豫寧,36.9,36.9,37.3,36.8,61.68,52.43,64.0,0.22,0.12,0.1,36.82,36.05,35.28,62,46,1.34,19.38,10.73,2.5,6.78,2026-04-16,2026-04-16 09:33:32
6477,安集,34.75,34.45,35.5,34.45,52.69,36.04,45.99,-0.69,-0.78,0.09,37.67,34.49,31.32,838,677,1.24,43.02,1737.5,0.3,0.86,2026-04-16,2026-04-16 09:33:33
6482,弘煜科,31.35,31.05,31.35,31.05,17.79,17.75,31.51,-0.63,-0.69,0.06,33.69,31.86,30.02,49,33,1.48,8.98,13.57,1.0,3.19,2026-04-16,2026-04-16 09:33:35
6483,原創生醫,16.1,16.5,16.65,16.05,71.37,67.91,60.0,0.12,-0.06,0.18,16.91,15.48,14.04,165,336,0.49,10.68,,,,2026-04-16,2026-04-16 09:33:36
6485,點序,77.6,77.5,78.3,76.6,21.46,21.09,25.97,-3.12,-3.09,-0.03,94.65,82.93,71.21,410,459,0.89,35.11,109.3,0.5,0.64,2026-04-16,2026-04-16 09:33:38
6486,互動,88.4,87.5,88.5,87.0,59.59,59.77,62.98,0.92,0.75,0.17,89.05,85.87,82.69,255,306,0.83,44.99,15.45,5.87,6.64,2026-04-16,2026-04-16 09:33:39
6488,環球晶,540.0,518.0,543.0,503.0,82.14,66.93,75.0,14.66,2.58,12.08,531.92,458.5,385.08,8113,8857,0.92,2581.81,35.36,7.7,1.43,2026-04-16,2026-04-16 09:33:41
6491,晶碩,294.5,292.5,294.5,289.5,69.03,66.01,72.22,2.32,1.2,1.12,296.75,284.48,272.2,376,366,1.03,226.18,14.29,11.0,3.74,2026-04-16,2026-04-16 09:33:42
6492,生華科,54.5,53.3,55.6,52.7,71.22,55.86,51.74,0.12,-0.14,0.26,57.41,52.59,47.77,493,421,1.17,48.72,,,,2026-04-16,2026-04-16 09:33:43
6493,雷虎生,25.65,22.9,27.1,22.8,38.15,20.76,50.5,-1.06,-1.19,0.13,27.71,23.96,20.21,263,87,3.01,7.71,,0.2,0.78,2026-04-16,2026-04-16 09:33:45
6494,九齊,53.4,53.7,54.0,52.1,84.13,76.02,64.05,2.14,1.4,0.75,54.43,47.73,41.03,251,547,0.46,16.85,,2.36,4.42,2026-04-16,2026-04-16 09:33:46
6496,科懋,26.3,26.2,26.65,25.9,26.96,33.2,30.36,-0.16,-0.13,-0.03,27.46,26.69,25.92,13,7,1.79,12.29,,,,2026-04-16,2026-04-16 09:33:48
6498,久禾光,95.1,94.2,96.8,94.2,69.06,57.68,63.79,0.98,0.27,0.71,96.22,90.02,83.82,99,84,1.18,44.85,14.93,2.64,2.78,2026-04-16,2026-04-16 09:33:50
6499,益安,84.4,86.4,88.0,84.2,15.41,12.14,27.34,-2.82,-1.74,-1.07,115.45,94.23,73.01,582,587,0.99,81.82,28.61,,,2026-04-16,2026-04-16 09:33:51
6504,南六,41.3,41.8,41.8,40.8,40.58,51.81,58.17,0.37,0.24,0.12,42.94,40.78,38.62,46,44,1.05,29.98,14.75,1.0,2.42,2026-04-16,2026-04-16 09:33:53
6505,台塑化,55.1,54.8,55.8,54.1,49.11,41.25,51.63,-0.21,-0.05,-0.16,57.97,55.27,52.57,9627,16386,0.59,5248.8,52.98,0.8,1.45,2026-04-16,2026-04-16 09:33:54
6506,雙邦,16.95,16.9,17.2,16.9,65.08,63.1,70.83,0.18,0.17,0.01,16.93,16.63,16.33,131,189,0.69,13.96,16.46,0.8,4.72,2026-04-16,2026-04-16 09:33:55
6508,惠光,26.35,26.55,26.75,26.35,25.03,29.01,43.18,0.12,0.36,-0.25,28.74,27.53,26.31,81,84,0.97,22.8,97.59,1.0,3.8,2026-04-16,2026-04-16 09:33:57
6509,聚和,44.55,45.0,45.75,44.4,53.02,59.16,47.35,1.23,1.53,-0.3,47.38,45.04,42.7,2768,7386,0.37,87.56,16.32,1.32,2.96,2026-04-16,2026-04-16 09:33:59
6510,精測,3660.0,3800.0,3935.0,3530.0,70.36,66.65,62.4,13.56,-21.06,34.62,3757.31,3381.0,3004.69,1734,965,1.8,1200.08,120.87,7.8,0.21,2026-04-16,2026-04-16 09:34:00
6512,啟發電,19.45,19.6,19.6,19.45,10.02,18.12,43.33,-0.13,-0.11,-0.03,20.3,19.81,19.32,24,13,1.74,4.91,,,,2026-04-16,2026-04-16 09:34:02
6515,穎崴,9820.0,9750.0,9955.0,9390.0,84.87,73.23,62.12,800.53,697.61,102.92,9407.69,7920.75,6433.81,464,353,1.32,3539.29,212.42,25.0,0.25,2026-04-16,2026-04-16 09:34:03
6516,勤崴國際,61.3,61.8,61.8,60.6,41.43,44.3,44.9,-0.21,-0.33,0.12,62.58,61.44,60.3,35,44,0.81,34.23,40.6,2.21,3.61,2026-04-16,2026-04-16 09:34:05
6517,保勝光學,60.7,61.4,61.9,60.6,71.6,58.9,66.67,-0.28,-1.06,0.77,60.45,57.44,54.44,302,318,0.95,18.56,37.47,1.5,2.47,2026-04-16,2026-04-16 09:34:06
6518,康科特,26.8,26.1,26.85,26.1,66.45,62.36,69.81,0.35,0.24,0.11,26.88,25.75,24.62,20,22,0.89,8.93,13.33,1.5,5.6,2026-04-16,2026-04-16 09:34:08
6523,達爾膚,106.5,107.5,107.5,106.0,7.51,13.22,8.33,-1.48,-0.43,-1.05,120.81,114.88,108.95,123,136,0.9,47.98,13.74,8.0,7.51,2026-04-16,2026-04-16 09:34:09
6525,捷敏-KY,88.3,87.9,88.8,86.6,81.89,73.33,71.11,1.36,0.78,0.58,87.92,83.14,78.35,327,394,0.83,113.95,15.2,4.2,4.76,2026-04-16,2026-04-16 09:34:10
6526,達發,503.0,496.0,506.0,491.5,63.79,49.06,50.78,-0.65,-1.26,0.61,513.59,487.95,462.31,939,565,1.66,842.55,29.09,12.5,2.49,2026-04-16,2026-04-16 09:34:12
6527,明達醫,70.1,69.8,70.5,69.8,29.25,30.71,33.33,-1.03,-1.04,0.01,74.21,71.53,68.85,29,31,0.94,17.76,12.3,2.25,3.21,2026-04-16,2026-04-16 09:34:13
6530,創威,114.5,109.5,114.5,108.5,86.55,76.47,66.97,7.34,6.27,1.07,110.67,93.81,76.96,5808,6386,0.91,38.64,59.02,1.55,1.35,2026-04-16,2026-04-16 09:34:15
6531,愛普*,586.0,594.0,596.0,573.0,72.67,65.18,62.8,25.71,14.96,10.75,617.37,517.5,417.63,6435,8948,0.72,953.47,76.3,6.99,1.19,2026-04-16,2026-04-16 09:34:16
6532,瑞耘,78.5,78.9,79.6,76.6,57.64,57.88,52.3,3.84,3.96,-0.12,82.07,75.53,68.98,1058,1666,0.63,29.39,10.87,2.6,3.31,2026-04-16,2026-04-16 09:34:17
6533,晶心科,218.5,210.0,218.5,209.5,76.15,57.33,66.67,-1.29,-6.3,5.01,207.07,184.93,162.78,1494,945,1.58,110.67,26.18,,,2026-04-16,2026-04-16 09:34:19
6534,正瀚-創,98.7,100.5,101.5,96.2,78.63,83.31,64.72,4.65,3.68,0.96,103.2,90.54,77.89,471,375,1.25,101.46,21.93,4.8,4.86,2026-04-16,2026-04-16 09:34:20
6535,順藥,135.0,135.0,138.0,135.0,18.3,18.93,37.36,-6.39,-6.56,0.17,151.85,142.1,132.35,130,185,0.7,227.42,,,,2026-04-16,2026-04-16 09:34:21
6536,碩豐,27.8,17.5,29.2,16.1,73.25,52.4,89.43,1.07,-0.11,1.19,20.87,14.08,7.29,456,133,3.42,7.32,213.85,,,2026-04-16,2026-04-16 09:34:23
6538,倉和,74.0,70.9,74.9,70.9,37.45,32.94,64.22,1.12,1.16,-0.04,77.63,70.42,63.21,227,126,1.8,28.17,66.07,7.0,9.46,2026-04-16,2026-04-16 09:34:24
6539,麗彤,50.8,48.5,50.8,48.5,65.01,68.72,32.79,-1.03,-1.08,0.05,53.58,51.93,50.27,5,5,0.98,12.37,153.94,0.6,1.18,2026-04-16,2026-04-16 09:34:26
6541,泰福-KY,40.7,40.8,41.45,40.5,20.42,29.61,42.42,-1.15,-1.34,0.19,43.17,41.49,39.81,395,339,1.16,107.8,,,,2026-04-16,2026-04-16 09:34:27
6542,隆中,50.8,50.5,50.8,50.5,7.0,11.9,15.91,0.05,0.68,-0.63,59.3,54.21,49.11,3,11,0.26,20.83,2540.0,1.83,3.6,2026-04-16,2026-04-16 09:34:28
6543,普惠醫工,22.95,22.7,22.95,22.35,38.79,28.26,37.76,-0.96,-1.03,0.07,25.21,23.47,21.73,8,98,0.08,12.82,24.16,0.2,0.87,2026-04-16,2026-04-16 09:34:30
6546,正基,71.0,71.5,72.9,70.6,66.41,55.79,44.68,-0.68,-0.72,0.04,78.21,70.85,63.5,556,762,0.73,47.46,26.1,3.5,4.93,2026-04-16,2026-04-16 09:34:31
6547,高端疫苗,50.7,51.5,51.8,48.7,24.57,41.95,39.02,2.99,4.33,-1.34,64.72,54.43,44.14,4921,5862,0.84,166.68,34.73,,,2026-04-16,2026-04-16 09:34:33
6548,長科*,49.75,50.1,50.5,49.05,62.61,66.09,51.09,0.75,0.38,0.37,52.56,48.33,44.11,3753,8420,0.45,459.22,30.71,0.45,0.9,2026-04-16,2026-04-16 09:34:34
6549,景凱,8.1,7.4,8.2,7.4,40.23,38.81,61.37,0.03,-0.01,0.04,8.1,7.62,7.15,409,161,2.54,6.49,,,,2026-04-16,2026-04-16 09:34:36
6550,北極星藥業-KY,18.3,18.0,18.45,18.0,15.78,17.69,31.36,-2.2,-2.41,0.21,21.75,19.48,17.21,1022,1382,0.74,157.36,,,,2026-04-16,2026-04-16 09:34:37
6552,易華電,27.2,27.6,27.75,26.8,52.68,46.8,46.83,-0.25,-0.43,0.18,28.24,26.72,25.2,134,192,0.7,22.58,5.3,0.2,0.74,2026-04-16,2026-04-16 09:34:38
6555,榮炭,27.55,27.45,29.6,26.9,65.56,58.99,75.86,0.96,0.28,0.68,28.22,22.82,17.42,1123,623,1.8,32.85,,,,2026-04-16,2026-04-16 09:34:40
6556,勝品,69.0,69.5,69.5,69.0,72.38,63.58,69.33,0.27,-0.16,0.43,69.33,66.76,64.2,3,11,0.29,19.84,10.25,4.2,6.09,2026-04-16,2026-04-16 09:34:41
6558,興能高,29.75,29.85,29.85,29.5,75.8,53.62,49.71,-0.68,-1.08,0.4,30.56,28.6,26.64,300,472,0.64,27.9,30.99,0.3,1.01,2026-04-16,2026-04-16 09:34:42
6559,研晶,37.4,36.0,37.85,32.6,76.63,58.3,59.5,4.13,2.96,1.17,36.85,23.38,9.9,2652,1543,1.72,8.67,124.67,,,2026-04-16,2026-04-16 09:34:44
6560,欣普羅,38.5,38.3,38.75,37.85,27.45,24.71,35.76,-0.82,-0.71,-0.11,41.88,39.65,37.43,75,68,1.1,12.5,,,,2026-04-16,2026-04-16 09:34:45
6561,是方,373.5,372.5,374.5,370.0,80.87,69.12,58.02,4.23,2.83,1.4,372.69,358.02,343.36,124,106,1.17,287.44,23.82,14.2,3.8,2026-04-16,2026-04-16 09:34:47
6563,映智,29.1,28.1,29.15,26.95,85.9,74.04,68.51,0.33,-0.19,0.52,28.58,25.76,22.93,398,261,1.52,8.66,,,,2026-04-16,2026-04-16 09:34:49
6564,安特羅,18.8,18.75,18.85,18.15,68.12,60.83,52.29,0.06,-0.05,0.11,19.07,18.14,17.2,78,100,0.78,13.56,,,,2026-04-16,2026-04-16 09:34:50
6565,物聯,21.9,23.0,23.5,20.5,67.24,60.42,58.33,1.15,0.68,0.47,22.51,17.92,13.33,424,398,1.07,5.93,21.9,,,2026-04-16,2026-04-16 09:34:52
6568,宏觀,208.5,209.0,219.0,207.5,23.85,33.62,45.16,8.38,11.64,-3.26,230.94,213.75,196.56,693,1193,0.58,64.28,52.52,2.0,0.96,2026-04-16,2026-04-16 09:34:53
6569,醫揚,100.5,101.0,101.5,100.5,63.83,69.12,62.67,0.91,-0.0,0.92,103.81,96.64,89.47,46,59,0.78,39.27,35.02,3.96,3.94,2026-04-16,2026-04-16 09:34:55
6570,維田,40.25,40.3,40.3,39.8,79.13,65.36,60.75,0.18,-0.08,0.26,40.05,38.53,37.01,108,95,1.14,14.94,31.45,1.5,3.73,2026-04-16,2026-04-16 09:34:56
6572,博錸,13.0,7.8,13.2,7.48,83.73,73.47,78.93,0.53,-0.06,0.59,10.29,7.05,3.8,4886,1371,3.56,13.47,,,,2026-04-16,2026-04-16 09:34:58
6573,虹揚-KY,12.6,12.35,12.7,12.3,38.67,24.88,35.62,-0.48,-0.52,0.03,14.19,12.89,11.6,154,119,1.29,10.14,10.24,,,2026-04-16,2026-04-16 09:34:59
6574,霈方,103.0,99.7,103.0,99.0,28.7,18.39,14.71,1.62,4.36,-2.73,136.17,111.89,87.61,45,49,0.9,22.65,15.15,2.2,2.14,2026-04-16,2026-04-16 09:35:00
6576,逸達,77.0,76.2,77.0,76.1,43.71,49.92,37.21,-0.88,-1.02,0.14,78.3,77.33,76.37,151,120,1.25,121.3,,,,2026-04-16,2026-04-16 09:35:02
6577,勁豐,78.5,78.2,79.0,78.2,66.31,60.95,60.0,0.98,0.87,0.12,79.03,76.91,74.8,23,27,0.85,47.15,14.07,6.0,7.64,2026-04-16,2026-04-16 09:35:03
6578,達邦蛋白,17.8,17.8,17.8,17.6,41.33,44.22,50.0,-0.16,-0.2,0.05,18.07,17.82,17.57,63,64,0.98,12.81,,0.4,2.25,2026-04-16,2026-04-16 09:35:05
6579,研揚,118.0,117.0,119.0,117.0,63.65,58.75,56.41,1.17,0.95,0.22,118.93,115.62,112.32,178,215,0.83,199.95,21.15,5.15,4.36,2026-04-16,2026-04-16 09:35:06
6580,台睿,14.35,14.35,14.4,13.75,54.78,60.66,29.03,-0.87,-0.96,0.1,15.76,14.96,14.16,141,138,1.02,16.07,,,,2026-04-16,2026-04-16 09:35:08
6581,鋼聯,107.0,108.5,108.5,106.5,60.37,55.78,57.71,0.69,0.7,-0.01,108.01,106.42,104.84,22,25,0.9,119.06,17.4,5.3,4.95,2026-04-16,2026-04-16 09:35:09
6582,申豐,33.0,32.95,33.05,32.85,26.93,26.95,56.32,0.16,0.23,-0.07,34.76,32.91,31.07,44,64,0.69,35.04,,1.0,3.03,2026-04-16,2026-04-16 09:35:10
6583,友松,14.2,12.1,14.4,12.1,34.69,29.87,64.37,0.27,0.15,0.12,13.81,12.43,11.05,118,38,3.08,2.26,,2.0,14.08,2026-04-16,2026-04-16 09:35:11
6584,南俊國際,676.0,655.0,704.0,650.0,73.49,73.12,59.64,63.51,59.96,3.55,725.2,581.58,437.95,1645,828,1.99,470.78,127.31,1.5,0.22,2026-04-16,2026-04-16 09:35:13
6585,鼎基,90.9,92.3,92.7,90.9,11.26,21.76,46.02,0.98,1.49,-0.51,103.0,92.71,82.41,154,99,1.56,65.57,16.71,7.92,8.71,2026-04-16,2026-04-16 09:35:14
6586,醣基,61.0,59.3,68.3,55.0,85.45,81.05,93.48,5.52,1.91,3.61,51.34,30.32,9.3,4162,2492,1.67,130.55,,,,2026-04-16,2026-04-16 09:35:16
6588,東典光電,152.0,146.0,154.0,143.5,78.36,78.65,76.27,15.32,13.53,1.79,160.22,123.35,86.47,5215,6544,0.8,52.75,,,,2026-04-16,2026-04-16 09:35:17
6589,台康生技,51.3,52.2,52.4,51.0,9.94,13.06,21.6,-1.94,-1.54,-0.4,60.23,55.4,50.57,1203,1019,1.18,155.38,,,,2026-04-16,2026-04-16 09:35:19
6590,普鴻,69.9,69.9,69.9,69.9,47.71,47.2,43.04,0.09,0.12,-0.03,71.01,70.15,69.28,1,10,0.19,17.45,13.73,2.8,4.01,2026-04-16,2026-04-16 09:35:20
6591,動力-KY,58.2,57.8,58.6,57.8,36.68,28.39,30.4,-1.93,-1.81,-0.12,65.4,60.62,55.85,291,446,0.65,23.93,11.73,2.31,3.97,2026-04-16,2026-04-16 09:35:21
6592,和潤企業,64.8,64.5,65.1,64.4,77.8,59.44,50.57,0.48,0.43,0.06,65.69,63.55,61.4,429,454,0.94,403.8,13.76,3.0,4.63,2026-04-16,2026-04-16 09:35:23
6593,台灣銘板,37.35,38.0,38.0,37.35,40.73,39.88,43.43,-0.29,-0.29,0.01,38.81,37.58,36.34,51,33,1.52,11.55,,0.45,1.2,2026-04-16,2026-04-16 09:35:24
6595,光禹國際,31.8,31.75,31.8,30.4,69.2,65.61,41.89,-0.3,-0.29,-0.01,33.12,32.26,31.41,16,25,0.65,15.82,93.53,0.25,0.79,2026-04-16,2026-04-16 09:35:26
6597,立誠,57.5,103.5,103.5,101.5,56.64,41.13,24.68,-6.4,-6.34,-0.07,135.48,110.07,84.66,227,460,0.49,16.79,23.0,2.63,4.57,2026-04-16,2026-04-16 09:35:28
6598,ABC-KY,22.9,23.0,23.25,22.7,48.22,31.54,38.53,-0.46,-0.43,-0.02,25.16,23.31,21.46,137,137,1.0,23.54,,,,2026-04-16,2026-04-16 09:35:29
6599,普達系統,55.2,56.0,56.0,55.2,14.15,31.15,32.93,-1.13,-0.94,-0.19,60.09,57.4,54.7,1,1,0.96,11.59,20.6,2.22,4.02,2026-04-15,2026-04-16 09:35:30
6603,富強鑫,23.15,23.05,23.55,22.9,72.06,56.25,62.62,-0.39,-0.74,0.35,23.27,21.86,20.45,817,1137,0.72,38.44,37.95,0.3,1.3,2026-04-16,2026-04-16 09:35:32
6604,儒億,27.3,27.5,27.5,26.5,72.03,54.99,39.12,0.6,0.48,0.12,29.11,25.68,22.26,21,24,0.85,,,,,2026-04-16,2026-04-16 09:35:34
6605,帝寶,130.0,131.5,132.0,129.5,18.27,27.61,30.61,-1.86,-1.71,-0.15,139.61,134.7,129.79,529,467,1.13,215.56,9.43,9.0,6.92,2026-04-16,2026-04-16 09:35:35
6606,建德工業,24.7,24.4,24.8,24.4,52.25,48.95,62.75,-0.11,-0.21,0.11,24.73,24.18,23.62,84,62,1.36,27.25,22.87,1.03,4.17,2026-04-16,2026-04-16 09:35:36
6609,瀧澤科,39.0,39.8,40.1,39.0,39.21,33.35,62.5,0.4,0.21,0.19,42.71,37.63,32.55,208,292,0.71,28.26,,0.77,1.97,2026-04-16,2026-04-16 09:35:38
6610,安成生技,22.1,20.1,22.45,20.1,47.72,31.63,71.31,-0.02,-0.2,0.18,21.06,19.71,18.36,588,320,1.84,45.43,,,,2026-04-16,2026-04-16 09:35:39
6612,奈米醫材,70.0,69.0,70.0,69.0,47.94,38.34,48.24,-0.53,-0.7,0.16,70.87,69.5,68.12,28,23,1.22,33.14,64.81,0.3,0.43,2026-04-16,2026-04-16 09:35:41
6613,朋億*,236.0,245.0,250.0,233.0,77.33,72.86,60.66,9.67,6.14,3.52,239.97,212.62,185.28,747,783,0.95,183.61,17.73,12.0,5.08,2026-04-16,2026-04-16 09:35:42
6614,資拓宏宇,41.8,40.5,42.25,40.2,46.49,33.35,43.11,-0.95,-1.06,0.11,44.14,41.6,39.06,194,150,1.29,33.72,20.29,1.5,3.59,2026-04-16,2026-04-16 09:35:43
6615,慧智,33.7,34.0,34.0,33.6,41.36,31.84,39.53,-0.05,0.06,-0.11,35.1,34.26,33.43,25,22,1.13,7.28,,0.3,0.89,2026-04-16,2026-04-16 09:35:45
6616,特昇-KY,10.05,9.95,10.05,9.95,26.92,32.34,50.0,-0.03,-0.02,-0.01,10.34,10.09,9.84,6,46,0.13,3.57,,,,2026-04-16,2026-04-16 09:35:46
6617,共信-KY,68.0,67.2,68.0,67.0,50.25,44.81,51.19,-2.05,-2.34,0.29,72.42,68.15,63.87,170,181,0.94,82.36,,,,2026-04-16,2026-04-16 09:35:48
6618,永虹先進,19.0,17.8,19.5,17.65,42.21,31.0,46.05,-0.39,-0.45,0.06,19.75,18.48,17.22,1332,784,1.7,19.92,,,,2026-04-16,2026-04-16 09:35:50
6620,漢達,73.4,72.9,73.8,71.9,62.74,50.62,62.5,-1.25,-2.09,0.84,73.91,70.26,66.61,591,599,0.99,122.23,15.2,1.51,2.06,2026-04-16,2026-04-16 09:35:51
6621,華宇藥,12.65,12.65,12.7,12.35,25.41,29.64,23.08,-0.05,0.07,-0.12,13.8,13.24,12.67,169,128,1.31,4.56,,,,2026-04-16,2026-04-16 09:35:53
6622,百聿數碼,9.34,6.91,9.37,6.91,64.15,44.11,61.55,-0.2,-0.33,0.12,9.04,7.72,6.4,453,106,4.25,3.2,,,,2026-04-16,2026-04-16 09:35:54
6624,萬年清,57.8,57.0,57.8,57.0,47.77,47.55,38.05,-0.78,-0.8,0.02,61.28,58.74,56.2,8,34,0.24,12.07,160.56,0.55,0.95,2026-04-16,2026-04-16 09:35:56
6625,必應,77.3,77.3,78.3,76.7,82.16,75.47,65.76,0.4,-0.43,0.83,77.78,73.23,68.67,362,551,0.66,44.81,8.5,5.0,6.47,2026-04-16,2026-04-16 09:35:57
6629,泰金-KY,110.5,107.5,111.5,107.5,55.15,68.53,56.45,0.72,0.09,0.63,118.59,108.8,99.01,63,100,0.63,42.4,17.82,6.2,5.61,2026-04-16,2026-04-16 09:35:58
6634,欣耀,32.0,31.45,32.0,31.05,48.28,37.53,47.69,-1.08,-1.11,0.04,34.75,32.32,29.89,88,104,0.84,22.81,,,,2026-04-16,2026-04-16 09:36:00
6637,醫影,72.1,71.8,72.1,71.8,60.55,49.16,43.48,-0.76,-0.88,0.12,74.69,72.47,70.26,20,41,0.49,19.33,10.1,3.63,5.03,2026-04-16,2026-04-16 09:36:02
6638,沅聖,38.6,34.8,40.0,34.5,60.4,50.84,56.29,1.15,1.23,-0.08,38.52,35.11,31.71,111,36,3.02,11.58,,1.0,2.59,2026-04-16,2026-04-16 09:36:03
6640,均華,1625.0,7.44,8.0,7.11,39.37,28.86,47.5,-0.24,-0.19,-0.05,9.15,8.06,6.98,142,70,2.01,,,,,2026-04-16,2026-04-16 09:36:05
6641,基士德-KY,18.45,18.4,18.5,18.25,23.94,16.58,32.5,-0.48,-0.56,0.08,19.24,18.57,17.89,21,25,0.84,6.73,40.11,1.0,5.42,2026-04-16,2026-04-16 09:36:06
6642,富致,57.5,57.9,58.2,57.0,81.97,74.14,73.56,0.77,0.34,0.44,57.36,54.42,51.48,173,238,0.73,21.5,22.2,1.8,3.13,2026-04-16,2026-04-16 09:36:08
6643,M31,492.0,487.0,495.0,484.0,64.82,50.09,56.62,5.31,4.72,0.59,503.22,476.2,449.18,1044,1197,0.87,205.61,289.41,2.0,0.41,2026-04-16,2026-04-16 09:36:09
6645,金萬林-創,13.35,13.2,13.45,13.15,31.86,23.94,40.0,-0.61,-0.69,0.08,14.36,13.64,12.92,45,63,0.71,8.09,,,,2026-04-16,2026-04-16 09:36:11
6648,斯其大,18.55,18.7,18.9,18.05,31.67,37.41,37.19,-0.67,-0.76,0.09,20.34,18.91,17.48,90,59,1.52,8.81,,,,2026-04-16,2026-04-16 09:36:12
6649,台生材,40.25,39.55,40.25,39.5,13.53,23.35,42.43,-0.39,-0.09,-0.31,46.06,41.99,37.93,47,173,0.27,16.9,28.75,1.0,2.48,2026-04-16,2026-04-16 09:36:14
6650,帝圖,30.05,29.5,30.9,29.4,60.95,53.55,60.56,0.14,0.06,0.08,31.3,29.05,26.8,25,14,1.71,9.34,33.76,4.0,13.31,2026-04-16,2026-04-16 09:36:15
6651,全宇昕,91.9,91.6,92.5,91.5,92.84,89.17,57.2,0.85,0.29,0.55,95.11,89.05,82.98,19,77,0.25,31.8,14.59,4.0,4.35,2026-04-16,2026-04-16 09:36:17
6652,雅祥生醫,1.96,2.25,2.28,1.89,6.72,8.03,9.55,-1.19,-1.01,-0.19,8.0,4.18,0.37,7274,2007,3.62,2.69,,,,2026-04-09,2026-04-16 09:36:18
6654,天正國際,87.8,86.8,88.8,84.8,28.01,25.29,38.89,-1.36,-0.95,-0.41,93.94,89.63,85.32,12,43,0.28,32.72,8780.0,,,2026-04-16,2026-04-16 09:36:20
6655,科定,135.5,135.5,136.0,135.0,73.48,60.71,80.0,1.58,0.92,0.65,134.59,129.7,124.81,11,10,1.11,106.45,34.57,2.4,1.77,2026-04-16,2026-04-16 09:36:21
6657,華安,49.65,45.35,49.65,45.1,77.6,54.51,68.06,-0.31,-1.03,0.72,48.31,43.53,38.75,2018,583,3.46,43.65,,,,2026-04-16,2026-04-16 09:36:22
6658,聯策,78.0,80.0,80.0,78.0,64.09,69.24,64.6,4.7,4.31,0.39,83.38,72.61,61.85,878,2651,0.33,28.37,64.46,1.08,1.38,2026-04-16,2026-04-16 09:36:23
6659,天明製藥,19.95,20.1,20.75,19.05,47.6,42.48,48.85,-0.45,-0.54,0.09,20.85,19.94,19.04,104,70,1.49,,,,,2026-04-16,2026-04-16 09:36:25
6661,威健生技,18.2,18.4,18.8,18.2,39.29,34.89,38.57,-0.13,-0.08,-0.05,19.38,18.68,17.98,7,6,1.13,4.24,303.33,,,2026-04-16,2026-04-16 09:36:26
6662,樂斯科,30.4,30.0,30.4,30.0,56.72,59.86,64.62,0.17,-0.01,0.18,30.67,29.39,28.11,6,12,0.51,7.79,18.42,1.5,4.93,2026-04-16,2026-04-16 09:36:28
6664,群翊,434.0,431.0,444.5,420.0,88.08,85.61,85.85,36.27,24.32,11.95,447.16,334.68,222.19,3668,3910,0.94,263.9,30.03,9.93,2.29,2026-04-16,2026-04-16 09:36:30
6665,康聯生醫,22.1,21.1,22.1,21.0,80.74,65.17,66.04,0.09,-0.12,0.21,21.49,20.18,18.86,124,79,1.56,10.02,65.0,0.7,3.17,2026-04-16,2026-04-16 09:36:31
6666,羅麗芬-KY,41.2,41.75,41.75,41.2,71.0,66.94,46.88,-0.2,-0.43,0.23,42.38,41.05,39.72,13,14,0.92,19.52,17.02,2.0,4.85,2026-04-16,2026-04-16 09:36:32
6667,信紘科,282.5,282.0,283.0,276.5,83.35,68.29,69.33,4.5,0.05,4.45,275.06,250.22,225.39,3262,1619,2.01,139.21,20.68,8.43,2.98,2026-04-16,2026-04-16 09:36:34
6668,中揚光,35.1,35.15,35.75,35.1,66.27,56.08,60.14,-0.2,-0.47,0.27,35.39,33.96,32.52,258,235,1.1,37.6,71.63,,,2026-04-16,2026-04-16 09:36:35
6669,緯穎,3700.0,3780.0,3800.0,3690.0,75.03,68.13,47.06,-48.23,-87.47,39.24,3927.63,3594.0,3260.37,1378,1488,0.93,6876.11,13.93,74.0,2.0,2026-04-16,2026-04-16 09:36:36
6670,復盛應用,263.5,263.5,267.0,262.5,63.73,54.76,35.11,-2.29,-2.17,-0.12,282.27,267.18,252.08,362,418,0.87,367.28,11.87,19.65,7.46,2026-04-16,2026-04-16 09:36:37
6671,三能-KY,33.0,33.65,33.85,32.55,73.9,63.66,67.46,-0.44,-0.97,0.53,32.57,30.72,28.88,56,42,1.34,20.05,14.04,2.6,7.88,2026-04-16,2026-04-16 09:36:39
6672,騰輝電子-KY,160.0,151.5,160.5,148.0,88.9,82.62,79.35,13.26,11.05,2.21,161.84,131.16,100.49,11095,7350,1.51,114.3,33.33,3.35,2.09,2026-04-16,2026-04-16 09:36:40
6673,和詮,30.1,21.5,30.5,19.0,66.55,46.4,81.78,2.41,0.92,1.49,22.26,13.05,3.83,7983,3989,2.0,7.93,,,,2026-04-16,2026-04-16 09:36:41
6674,鋐寶科技,19.0,19.45,19.45,19.0,73.66,63.49,66.07,-0.04,-0.22,0.17,19.53,18.49,17.46,47,28,1.67,13.05,,,,2026-04-16,2026-04-16 09:36:43
6676,祥翊,14.05,14.05,14.25,13.6,41.3,39.97,44.19,-0.41,-0.44,0.03,15.33,14.29,13.24,165,180,0.91,21.03,,,,2026-04-16,2026-04-16 09:36:44
6677,瑩碩生技,21.0,19.1,21.5,19.1,40.79,26.79,62.6,-0.07,-0.17,0.1,20.45,19.34,18.24,172,101,1.71,11.73,,,,2026-04-16,2026-04-16 09:36:46
6679,鈺太,266.0,264.0,268.5,262.5,73.3,70.75,59.2,9.26,8.74,0.52,268.11,250.57,233.04,388,594,0.65,141.74,39.23,9.17,3.45,2026-04-16,2026-04-16 09:36:47
6680,鑫創電子,55.8,55.8,55.8,55.8,56.35,50.82,45.16,-1.44,-1.66,0.22,58.97,56.53,54.09,1,10,0.15,13.34,,3.05,5.47,2026-04-16,2026-04-16 09:36:49
6682,華旭先進,41.5,45.6,48.0,38.25,67.33,58.59,63.03,1.97,1.2,0.76,41.31,34.65,27.98,5788,4940,1.17,61.05,,,,2026-04-16,2026-04-16 09:36:51
6683,雍智科技,1890.0,1950.0,1950.0,1850.0,89.94,88.59,76.69,230.42,197.61,32.81,1979.35,1462.75,946.15,172,775,0.22,520.83,123.69,10.0,0.53,2026-04-16,2026-04-16 09:36:52
6684,安格,47.75,43.5,47.75,43.5,70.53,53.09,61.46,-0.44,-0.91,0.47,47.29,43.78,40.27,520,191,2.72,21.28,30.41,,,2026-04-16,2026-04-16 09:36:54
6689,伊雲谷,72.6,73.9,73.9,72.2,23.87,21.79,23.63,0.3,1.36,-1.06,86.8,77.25,67.7,329,385,0.85,49.22,31.57,2.0,2.75,2026-04-16,2026-04-16 09:36:55
6690,安碁資訊,170.5,170.0,172.0,170.0,71.38,62.05,57.14,0.72,0.39,0.33,174.07,168.03,161.98,51,56,0.91,51.15,16.81,9.0,5.28,2026-04-16,2026-04-16 09:36:56
6691,洋基工程,658.0,640.0,660.0,636.0,82.5,67.39,60.49,6.66,-1.69,8.35,658.93,602.8,546.67,786,838,0.94,793.53,26.59,16.0,2.43,2026-04-16,2026-04-16 09:36:58
6692,進能服,32.2,32.55,32.95,31.95,66.18,68.57,67.92,0.44,0.34,0.09,33.26,31.38,29.51,57,63,0.91,18.95,140.0,0.5,1.55,2026-04-16,2026-04-16 09:36:59
6693,廣閎科,141.5,150.0,150.0,139.0,83.13,84.5,77.69,13.54,10.49,3.05,154.41,117.9,81.39,1183,1627,0.73,63.74,45.5,2.0,1.41,2026-04-16,2026-04-16 09:37:01
6695,芯鼎,40.6,38.9,41.1,38.9,51.95,34.55,50.9,-0.57,-0.75,0.18,42.08,39.52,36.96,985,433,2.27,39.16,,,,2026-04-16,2026-04-16 09:37:02
6696,仁新,411.5,410.0,413.5,406.0,84.82,76.99,63.82,4.23,0.32,3.91,415.14,383.15,351.16,658,708,0.93,341.1,,,,2026-04-16,2026-04-16 09:37:03
6697,東捷資訊,40.8,40.6,40.8,40.25,28.73,37.56,32.81,-0.32,-0.22,-0.1,43.12,41.76,40.39,41,37,1.09,11.15,13.51,2.6,6.37,2026-04-16,2026-04-16 09:37:05
6698,旭暉應材,30.95,30.6,31.0,30.45,55.62,50.83,48.91,-0.45,-0.56,0.12,33.18,30.99,28.79,188,216,0.87,20.36,,,,2026-04-16,2026-04-16 09:37:06
6703,軒郁,114.5,113.5,115.0,113.0,38.89,51.07,46.88,1.89,2.4,-0.51,119.74,115.56,111.38,63,90,0.7,37.48,11.57,9.6,8.38,2026-04-16,2026-04-16 09:37:08
6704,國璽幹細胞,22.0,22.15,22.7,21.6,17.8,26.53,42.47,-0.32,-0.25,-0.07,24.1,22.72,21.34,165,168,0.99,21.11,,,,2026-04-16,2026-04-16 09:37:09
6705,振躍精密,70.0,66.6,73.0,66.6,46.87,42.3,47.53,1.51,1.83,-0.32,74.42,68.66,62.9,69,59,1.18,12.6,24.31,2.2,3.14,2026-04-16,2026-04-16 09:37:11
6706,惠特,147.0,151.5,153.0,143.0,78.6,68.82,61.27,5.8,2.88,2.92,149.47,127.4,105.33,13490,14823,0.91,115.47,24.46,,,2026-04-16,2026-04-16 09:37:12
6707,富基電通,28.95,28.5,29.75,27.45,84.55,74.75,58.6,0.92,0.68,0.24,30.44,26.2,21.95,581,523,1.11,17.08,55.67,,,2026-04-16,2026-04-16 09:37:14
6708,天擎,38.5,38.0,38.95,38.0,23.43,33.12,39.01,-0.47,-0.44,-0.02,40.89,39.36,37.82,22,24,0.92,11.01,154.0,,,2026-04-16,2026-04-16 09:37:15
6709,昱厚生技,26.0,26.4,26.5,25.9,23.59,25.59,13.83,-1.15,-1.06,-0.09,30.76,27.78,24.81,61,68,0.9,15.51,,,,2026-04-16,2026-04-16 09:37:17
6712,長聖,141.0,143.0,143.5,141.0,69.04,62.94,57.22,-0.84,-1.67,0.82,140.65,138.03,135.4,186,193,0.97,123.51,28.89,3.5,2.48,2026-04-16,2026-04-16 09:37:18
6715,嘉基,419.5,445.0,460.0,418.0,77.11,77.88,67.11,47.42,44.59,2.83,451.18,355.23,259.27,2416,2466,0.98,277.04,231.77,3.92,0.93,2026-04-16,2026-04-16 09:37:20
6716,應廣,75.9,75.1,76.8,73.4,75.55,68.68,57.94,0.45,-0.18,0.62,84.22,72.47,60.72,233,397,0.59,22.98,35.14,3.38,4.45,2026-04-16,2026-04-16 09:37:21
6719,力智,166.0,162.5,167.0,162.0,52.67,34.11,45.45,-4.02,-4.92,0.9,172.48,163.88,155.27,580,339,1.71,175.08,25.94,1.7,1.02,2026-04-16,2026-04-16 09:37:23
6720,久昌,163.5,164.0,164.0,162.5,27.24,31.1,48.45,0.95,1.84,-0.89,173.42,166.4,159.38,23,72,0.33,49.01,42.36,3.5,2.14,2026-04-16,2026-04-16 09:37:24
6721,信實,58.4,58.6,58.6,58.3,35.18,35.29,40.0,-0.58,-0.6,0.02,59.98,59.08,58.18,15,16,0.9,13.14,12.56,3.0,5.14,2026-04-16,2026-04-16 09:37:26
6722,輝創,40.7,40.95,40.95,40.35,70.38,59.75,49.63,-0.46,-0.75,0.29,41.28,39.9,38.53,106,94,1.12,35.98,14.08,1.5,3.69,2026-04-16,2026-04-16 09:37:27
6723,傑智環境,37.0,37.0,37.0,34.75,69.38,66.52,34.48,-1.02,-1.06,0.04,39.88,38.06,36.23,91,117,0.77,11.11,13.03,,,2026-04-16,2026-04-16 09:37:29
6725,矽科宏晟,375.5,385.0,403.0,370.0,84.23,78.19,71.5,28.75,17.46,11.29,373.95,285.8,197.65,4002,2912,1.37,139.42,29.11,8.0,2.13,2026-04-16,2026-04-16 09:37:30
6727,亞泰金屬,392.0,379.5,393.0,376.0,71.47,75.88,73.6,40.49,38.06,2.43,425.6,331.02,236.45,192,279,0.69,105.39,57.73,3.0,0.77,2026-04-16,2026-04-16 09:37:32
6728,上洋,118.0,120.0,120.0,117.0,41.0,47.55,48.28,-2.97,-3.53,0.56,124.41,119.03,113.64,18,28,0.67,35.53,12.28,8.0,6.78,2026-04-16,2026-04-16 09:37:33
6729,機光科技,61.0,60.5,63.1,59.0,63.07,46.83,35.82,-0.4,0.23,-0.63,76.9,62.44,47.98,221,207,1.07,15.35,87.14,0.95,1.56,2026-04-16,2026-04-16 09:37:35
6730,常廣,39.0,38.85,39.0,38.85,94.41,89.21,79.76,0.59,0.22,0.36,39.16,36.8,34.44,15,92,0.16,14.2,18.48,1.0,2.56,2026-04-16,2026-04-16 09:37:36
6732,昇佳電子,152.0,151.0,154.0,150.0,64.07,52.19,48.44,-4.0,-4.96,0.95,159.92,151.32,142.73,241,167,1.44,74.35,24.52,10.0,6.58,2026-04-16,2026-04-16 09:37:38
6733,博晟生醫,31.1,31.45,31.6,31.05,14.3,11.12,20.91,-1.22,-1.11,-0.11,35.71,32.95,30.19,122,186,0.66,38.78,,,,2026-04-16,2026-04-16 09:37:39
6734,安盛生,7.39,5.71,7.56,5.7,61.87,45.8,63.62,-0.24,-0.39,0.15,7.12,5.95,4.78,861,246,3.49,3.0,,,,2026-04-16,2026-04-16 09:37:41
6735,美達科技,69.0,72.1,72.1,68.0,73.63,74.08,64.5,3.5,2.06,1.44,74.39,61.51,48.62,207,307,0.68,31.87,215.62,1.8,2.61,2026-04-16,2026-04-16 09:37:42
6737,秀育,33.8,33.75,33.8,32.65,37.2,43.24,48.85,-1.21,-1.32,0.11,36.41,34.57,32.74,26,13,1.93,20.3,11.58,1.6,4.73,2026-04-16,2026-04-16 09:37:44
6738,鼎��,73.6,71.1,74.7,71.1,70.63,75.86,52.04,-0.2,-0.21,0.01,75.13,73.8,72.47,70,82,0.85,27.32,,,,2026-04-16,2026-04-16 09:37:45
6739,竹陞科技,1575.0,1670.0,1670.0,1565.0,82.76,80.21,68.84,139.15,118.31,20.84,1663.79,1327.0,990.21,1002,1120,0.89,367.53,97.89,5.0,0.32,2026-04-16,2026-04-16 09:37:47
6741,91APP*-KY,63.6,62.5,63.6,62.5,72.8,64.28,55.26,-0.14,-0.51,0.37,63.6,61.67,59.75,249,264,0.94,72.83,14.45,1.74,2.74,2026-04-16,2026-04-16 09:37:49
6742,澤米,43.4,43.6,43.7,43.1,77.45,62.69,62.42,-0.01,-0.47,0.45,43.58,41.19,38.81,297,491,0.6,30.59,,0.3,0.69,2026-04-16,2026-04-16 09:37:50
6743,安普新,23.05,23.4,24.0,23.05,38.8,40.82,43.64,-0.44,-0.57,0.13,25.42,23.6,21.78,318,324,0.98,34.0,32.46,1.5,6.51,2026-04-16,2026-04-16 09:37:51
6744,豐技生技,15.5,16.25,16.25,15.05,31.5,32.91,54.59,-0.24,-0.3,0.06,16.88,15.11,13.33,19,24,0.8,2.39,16.49,0.95,6.13,2026-04-16,2026-04-16 09:37:53
6748,亞果生醫,67.0,65.7,67.8,65.0,49.93,54.06,66.0,0.9,0.83,0.08,70.21,64.42,58.64,347,337,1.03,47.72,,,,2026-04-16,2026-04-16 09:37:54
6750,泰創工程,60.3,59.8,60.9,59.8,35.66,27.36,27.88,-1.06,-0.14,-0.93,74.72,64.81,54.9,171,315,0.54,26.96,15.46,2.0,3.32,2026-04-16,2026-04-16 09:37:56
6751,智聯服務,51.7,52.8,52.8,51.6,48.29,40.84,50.67,-0.8,-1.1,0.3,54.03,51.79,49.56,65,49,1.32,11.48,9.98,3.0,5.8,2026-04-16,2026-04-16 09:37:57
6752,叡揚,105.0,103.5,105.5,103.5,26.93,23.32,37.17,-2.48,-2.22,-0.26,116.54,108.0,99.45,60,48,1.25,39.0,14.29,4.5,4.29,2026-04-16,2026-04-16 09:37:59
6753,龍德造船,141.0,140.5,146.5,140.0,58.89,41.56,61.84,-0.68,-2.38,1.7,138.66,130.0,121.34,2844,1749,1.63,165.31,24.61,1.25,0.89,2026-04-16,2026-04-16 09:38:00
6754,匯僑設計,46.9,47.4,47.5,46.8,76.14,72.49,60.48,0.72,0.48,0.24,47.88,45.53,43.18,24,35,0.69,30.95,13.79,4.0,8.53,2026-04-16,2026-04-16 09:38:01
6755,連鋐科技,22.45,22.4,24.95,21.0,68.42,58.34,69.19,1.09,0.46,0.63,21.48,17.46,13.44,656,418,1.57,8.94,17.14,,,2026-04-16,2026-04-16 09:38:03
6756,威鋒電子,77.0,75.0,77.8,75.0,66.32,45.64,54.59,-0.76,-1.38,0.62,77.86,72.76,67.65,238,173,1.37,53.86,70.0,0.9,1.17,2026-04-16,2026-04-16 09:38:04
6757,台灣虎航,50.1,50.3,50.4,49.9,51.76,38.38,30.16,-2.04,-2.4,0.36,55.05,51.12,47.19,735,789,0.93,230.22,9.35,6.05,12.08,2026-04-16,2026-04-16 09:38:05
6758,冠亞,38.5,38.5,38.5,38.5,94.72,91.47,50.0,-0.15,-0.15,0.0,39.99,38.6,37.22,0,0,4.95,5.19,34.68,1.0,2.6,2026-04-16,2026-04-16 09:38:07
6761,穩得,194.5,197.0,199.5,191.0,69.44,64.58,56.42,10.6,7.85,2.75,205.39,173.25,141.11,1718,2649,0.65,67.65,27.16,6.0,3.08,2026-04-16,2026-04-16 09:38:08
6762,達亞,163.0,163.5,163.5,163.0,24.03,42.71,46.55,-0.99,-0.72,-0.26,172.72,165.62,158.53,5,3,1.58,57.33,243.28,0.3,0.18,2026-04-16,2026-04-16 09:38:10
6763,綠界科技*,49.35,49.3,49.6,48.95,63.77,50.2,53.54,-0.46,-0.88,0.43,50.29,48.0,45.71,323,398,0.81,90.82,11.75,1.65,3.34,2026-04-16,2026-04-16 09:38:11
6767,台微醫,28.0,28.0,28.0,28.0,75.15,79.89,52.94,-0.13,-0.17,0.04,28.65,28.0,27.36,8,14,0.57,10.97,,,,2026-04-16,2026-04-16 09:38:13
6768,志強-KY,85.7,83.8,86.2,83.7,35.3,22.12,38.93,-3.45,-3.47,0.02,98.28,88.03,77.79,646,637,1.01,171.48,12.93,6.18,7.21,2026-04-16,2026-04-16 09:38:14
6770,力積電,54.0,53.3,54.3,52.4,24.37,23.0,29.93,-3.0,-2.52,-0.48,75.06,59.9,44.75,85854,106005,0.81,2286.28,13.85,,,2026-04-16,2026-04-16 09:38:15
6771,平和環保-創,44.45,44.05,44.75,44.05,57.71,52.91,58.62,0.1,0.04,0.06,44.72,44.15,43.57,20,39,0.52,13.86,13.47,3.2,7.2,2026-04-16,2026-04-16 09:38:16
6775,穎台科技,30.9,30.1,33.45,29.25,56.84,43.95,73.75,1.11,0.59,0.52,28.77,25.03,21.3,1110,571,1.94,31.01,,,,2026-04-16,2026-04-16 09:38:18
6776,展碁國際,61.0,61.8,61.8,60.9,75.48,63.01,43.61,0.26,0.19,0.07,70.18,61.5,52.82,303,512,0.59,55.86,14.7,3.0,4.92,2026-04-16,2026-04-16 09:38:19
6780,學習王,28.25,28.25,28.25,28.25,0.16,0.82,28.79,-0.73,-0.6,-0.13,31.81,29.55,27.28,0,0,0.0,4.59,19.76,1.3,4.6,2026-04-15,2026-04-16 09:38:21
6781,AES-KY,1015.0,992.0,1040.0,990.0,37.31,25.65,34.1,-26.11,-29.46,3.35,1118.5,1019.45,920.4,1447,1010,1.43,867.0,26.61,12.5,1.23,2026-04-16,2026-04-16 09:38:22
6782,視陽,230.5,217.5,232.5,217.5,80.58,67.49,66.46,6.21,4.26,1.95,224.38,204.12,183.87,1394,554,2.52,145.21,16.49,5.1,2.21,2026-04-16,2026-04-16 09:38:23
6784,天凱科技,33.1,31.6,35.75,30.0,78.23,66.44,64.21,2.6,1.83,0.77,32.84,25.37,17.9,617,495,1.25,6.11,,,,2026-04-16,2026-04-16 09:38:25
6785,昱展新藥,172.5,167.5,178.0,167.5,13.71,16.59,47.11,-9.72,-12.14,2.42,189.43,172.45,155.47,94,69,1.37,115.23,,0.25,0.14,2026-04-16,2026-04-16 09:38:26
6786,芯測,95.6,92.1,96.3,91.0,58.93,66.76,55.91,4.17,3.35,0.82,102.51,89.06,75.61,617,1404,0.44,29.48,,,,2026-04-16,2026-04-16 09:38:28
6787,晶瑞光,34.85,33.0,35.2,32.8,60.91,55.32,67.03,2.1,1.59,0.51,36.27,28.03,19.8,3196,2106,1.52,28.23,,,,2026-04-16,2026-04-16 09:38:29
6788,華景電,392.0,391.0,398.0,381.0,65.3,60.1,47.27,10.8,10.33,0.47,407.6,376.55,345.5,1421,2835,0.5,151.86,22.75,10.0,2.55,2026-04-16,2026-04-16 09:38:31
6789,采鈺,414.0,418.0,430.0,409.0,85.1,78.42,77.39,18.72,9.55,9.17,409.11,344.02,278.94,8505,9815,0.87,1318.53,102.99,3.0,0.72,2026-04-16,2026-04-16 09:38:32
6790,永豐實,40.35,40.3,40.6,40.3,23.01,33.19,52.08,0.24,0.33,-0.09,41.24,40.36,39.48,154,188,0.82,107.79,13.36,2.55,6.32,2026-04-16,2026-04-16 09:38:33
6791,虎門科技,132.0,132.0,132.0,132.0,89.28,74.84,89.9,4.35,0.66,3.69,119.37,99.69,80.01,156,166,0.94,27.52,31.73,3.5,2.65,2026-04-16,2026-04-16 09:38:34
6792,詠業,60.6,59.0,61.2,59.0,80.8,63.61,62.42,0.38,-0.17,0.55,60.59,56.9,53.22,144,121,1.19,28.41,27.42,2.5,4.13,2026-04-16,2026-04-16 09:38:36
6793,天力離岸,6.0,6.45,6.49,5.86,55.94,46.42,41.94,-0.07,-0.06,-0.01,6.58,6.1,5.62,308,401,0.77,4.54,,,,2026-04-16,2026-04-16 09:38:37
6794,向榮生技,81.0,84.5,84.5,80.1,48.17,54.73,57.02,-0.29,-0.72,0.43,83.85,80.9,77.96,47,46,1.01,51.55,,,,2026-04-16,2026-04-16 09:38:38
6796,晉弘,77.7,76.0,77.7,75.5,56.97,36.15,65.92,-1.52,-2.33,0.81,76.67,73.09,69.5,80,60,1.35,31.26,388.5,0.49,0.63,2026-04-16,2026-04-16 09:38:40
6798,展逸,49.3,14.95,15.6,14.25,76.22,60.61,62.7,0.03,-0.15,0.18,15.35,14.25,13.15,93,107,0.87,9.65,,0.49,0.99,2026-04-16,2026-04-16 09:38:41
6799,來頡,79.3,78.3,79.3,77.5,70.56,57.96,51.37,-0.52,-1.07,0.55,82.1,77.25,72.4,126,159,0.79,34.45,21.85,1.99,2.51,2026-04-16,2026-04-16 09:38:42
6803,崑鼎,290.0,290.5,291.0,289.5,46.36,46.3,37.93,-1.62,-1.78,0.17,294.86,291.12,287.39,35,56,0.62,210.72,15.75,15.24,5.26,2026-04-16,2026-04-16 09:38:44
6804,明係,16.65,16.55,16.65,16.55,21.85,20.08,41.94,-0.07,-0.05,-0.02,17.12,16.79,16.47,14,21,0.67,7.91,,0.98,5.89,2026-04-16,2026-04-16 09:38:46
6805,富世達,1900.0,1860.0,1960.0,1845.0,45.21,39.16,49.7,28.59,43.35,-14.76,2000.06,1864.25,1728.44,2740,2420,1.13,1302.53,61.23,8.0,0.42,2026-04-16,2026-04-16 09:38:47
6806,森崴能源,22.45,21.85,22.45,21.85,14.77,8.39,20.32,-5.64,-4.24,-1.4,49.23,32.86,16.49,1340,2018,0.66,61.66,2.49,1.23,5.48,2026-04-16,2026-04-16 09:38:48
6807,峰源-KY,39.1,39.9,39.9,38.15,36.49,29.88,35.17,-0.79,-0.75,-0.04,41.34,39.75,38.15,39,47,0.82,21.11,8.39,2.5,6.39,2026-04-16,2026-04-16 09:38:49
6808,三鼎生技,32.15,31.3,32.7,31.0,26.92,31.6,33.33,-1.55,-1.61,0.06,36.09,33.37,30.65,296,163,1.82,24.75,38.27,0.53,1.65,2026-04-16,2026-04-16 09:38:51
6810,新穎生醫,17.65,17.0,17.75,17.0,82.18,78.03,61.7,-0.2,-0.33,0.13,17.9,17.36,16.82,55,60,0.91,8.73,,,,2026-04-16,2026-04-16 09:38:52
6811,宏碁資訊,195.0,193.0,196.0,193.0,77.13,63.31,58.21,-1.44,-2.87,1.43,196.5,188.57,180.65,61,81,0.75,80.83,13.72,10.5,5.38,2026-04-16,2026-04-16 09:38:54
6812,梭特,77.5,80.9,89.5,70.0,74.29,66.3,68.31,6.31,3.67,2.64,77.47,57.21,36.95,1797,1230,1.46,23.72,242.19,,,2026-04-16,2026-04-16 09:38:56
6814,路迦生醫,24.6,23.6,24.8,23.6,55.09,54.75,19.23,-0.68,-0.63,-0.05,27.47,25.69,23.91,21,20,1.06,10.36,,,,2026-04-16,2026-04-16 09:38:57
6815,晶鑽生醫,39.0,39.65,39.65,38.5,40.44,45.91,39.43,-2.69,-3.11,0.42,45.43,41.26,37.08,87,65,1.34,15.4,44.83,0.2,0.51,2026-04-16,2026-04-16 09:38:59
6816,捷智商訊,37.85,37.7,37.85,36.1,65.93,57.58,57.76,0.45,0.37,0.08,38.54,37.07,35.61,3,1,1.79,4.61,15.02,2.3,6.08,2026-04-16,2026-04-16 09:39:00
6817,溫士頓,68.8,66.6,68.8,65.8,35.35,35.78,41.54,-2.45,-2.48,0.04,73.6,70.26,66.92,45,40,1.11,12.67,10.83,7.0,10.17,2026-04-16,2026-04-16 09:39:02
6818,連騰,79.1,80.5,80.5,77.5,43.22,46.41,53.68,5.99,6.74,-0.75,89.72,75.64,61.57,234,409,0.57,20.17,44.19,1.5,1.9,2026-04-16,2026-04-16 09:39:03
6819,眾智,26.7,27.85,27.85,26.15,62.78,52.25,52.12,0.87,0.46,0.41,29.75,24.88,20.0,73,130,0.57,9.07,,,,2026-04-16,2026-04-16 09:39:05
6820,連訊,302.0,280.5,311.0,278.0,71.82,71.99,67.41,43.84,38.45,5.39,340.55,221.45,102.35,329,440,0.75,67.08,1006.67,2.0,0.66,2026-04-16,2026-04-16 09:39:06
6821,聯寶,61.4,64.2,66.3,60.5,69.72,73.29,62.48,6.55,5.59,0.97,73.66,52.86,32.06,2684,1821,1.47,18.79,54.82,1.13,1.84,2026-04-16,2026-04-16 09:39:08
6823,濾能,70.1,71.5,72.6,69.5,65.32,53.44,53.67,1.18,0.31,0.87,70.98,64.49,58.0,327,381,0.86,21.37,,,,2026-04-16,2026-04-16 09:39:09
6825,和暢科技,41.0,41.6,41.65,40.0,76.85,58.02,67.67,1.27,0.63,0.63,40.58,36.24,31.9,78,72,1.08,11.68,23.3,0.15,0.37,2026-04-16,2026-04-16 09:39:11
6826,和淞,563.0,555.0,572.0,541.0,55.67,55.09,42.98,7.63,9.4,-1.77,635.77,567.5,499.23,945,577,1.64,481.59,20.86,8.46,1.5,2026-04-16,2026-04-16 09:39:12
6827,巨生醫,10.8,10.5,10.8,10.2,63.47,48.67,53.79,-0.3,-0.39,0.09,11.35,10.32,9.3,91,136,0.67,8.58,,,,2026-04-16,2026-04-16 09:39:14
6829,千附精密,179.5,168.0,179.5,166.0,90.12,77.4,88.2,12.37,6.35,6.02,163.4,125.22,87.05,5382,4079,1.32,106.21,45.56,5.0,2.79,2026-04-16,2026-04-16 09:39:16
6830,汎銓,805.0,803.0,805.0,790.0,90.01,91.14,87.96,118.15,93.8,24.35,856.96,561.39,265.82,229,408,0.56,416.85,164.62,1.0,0.12,2026-04-16,2026-04-16 09:39:17
6831,邁科,432.0,427.5,443.0,421.5,73.73,81.34,68.43,34.57,32.44,2.13,471.11,389.22,307.33,1132,1339,0.85,292.51,87.45,3.0,0.69,2026-04-16,2026-04-16 09:39:18
6832,金鼎科,68.4,62.0,68.5,61.0,81.77,68.13,67.45,0.57,0.14,0.43,66.58,60.11,53.64,285,88,3.24,18.06,21.78,1.7,2.49,2026-04-16,2026-04-16 09:39:20
6833,太康精密,27.9,28.3,29.3,26.4,55.52,36.51,53.97,0.5,0.23,0.27,27.79,24.75,21.71,193,85,2.27,13.94,,,,2026-04-16,2026-04-16 09:39:21
6834,天二科技,37.0,39.25,39.7,37.0,77.23,74.33,74.61,1.76,1.0,0.76,38.27,32.67,27.07,1181,1875,0.63,32.73,74.0,0.5,1.35,2026-04-16,2026-04-16 09:39:22
6835,圓裕,38.85,39.7,39.75,38.1,76.29,75.23,50.36,0.13,-0.09,0.22,39.94,38.24,36.54,482,447,1.08,25.54,41.33,2.0,5.15,2026-04-16,2026-04-16 09:39:24
6838,台新藥,31.7,31.8,32.3,31.6,73.47,73.28,80.56,1.34,0.91,0.44,33.64,28.63,23.61,170,315,0.54,47.86,,,,2026-04-16,2026-04-16 09:39:25
6839,開陽能源,11.6,11.8,11.9,11.45,16.34,20.61,24.56,-0.31,-0.18,-0.13,13.99,12.68,11.36,116,92,1.26,9.51,,,,2026-04-16,2026-04-16 09:39:26
6840,東研信超,69.9,70.1,71.8,69.5,77.82,69.6,63.9,1.67,0.45,1.22,70.99,63.4,55.81,122,249,0.49,21.49,44.81,0.3,0.43,2026-04-16,2026-04-16 09:39:28
6841,長佳智能,58.9,58.9,59.3,58.5,13.66,14.85,14.75,-0.92,-0.87,-0.05,63.79,60.3,56.81,238,211,1.12,55.64,66.18,1.02,1.73,2026-04-16,2026-04-16 09:39:30
6842,一元素,94.8,93.6,97.7,90.0,72.6,60.71,63.79,5.88,5.76,0.12,96.53,85.32,74.11,681,549,1.24,21.8,104.18,,,2026-04-16,2026-04-16 09:39:31
6843,進典,47.15,46.0,48.2,46.0,71.78,60.62,46.81,-0.49,-0.74,0.25,49.18,46.55,43.93,26,12,2.11,15.7,22.24,2.0,4.24,2026-04-16,2026-04-16 09:39:33
6844,諾貝兒,62.9,63.0,63.0,62.8,58.66,67.84,33.33,-0.52,-0.55,0.03,64.66,63.85,63.03,6,5,1.07,23.54,26.77,5.1,8.11,2026-04-16,2026-04-16 09:39:34
6846,綠茵,71.1,71.0,72.4,70.7,61.24,61.31,50.91,-0.16,-0.29,0.13,71.78,71.0,70.23,19,17,1.08,19.22,15.63,3.6,5.06,2026-04-16,2026-04-16 09:39:36
6847,普瑞博,52.3,53.8,56.6,49.85,16.65,17.35,29.15,-5.12,-4.15,-0.96,79.29,62.9,46.5,80,32,2.47,7.44,,,,2026-04-16,2026-04-16 09:39:37
6848,拉法醫,18.8,17.9,18.95,17.9,89.65,85.29,81.13,0.5,0.17,0.33,18.38,16.1,13.82,119,86,1.38,2.68,13.82,0.3,1.6,2026-04-16,2026-04-16 09:39:39
6849,奇鼎科技,150.5,156.0,156.5,142.0,69.38,62.48,47.83,6.73,6.62,0.11,173.48,144.28,115.07,598,1043,0.57,,,,,2026-04-16,2026-04-16 09:39:40
6850,光鼎生技,37.5,38.5,38.55,37.5,21.42,24.99,27.22,-1.32,-1.2,-0.12,43.55,40.05,36.56,17,30,0.58,12.41,58.59,0.3,0.8,2026-04-16,2026-04-16 09:39:42
6854,錼創科技-KY創,153.5,158.0,158.0,152.0,57.67,46.99,51.3,4.18,3.18,1.0,159.15,144.6,130.05,717,1152,0.62,179.7,388.61,,,2026-04-16,2026-04-16 09:39:43
6855,數泓科,106.5,106.0,106.5,102.5,50.13,58.66,29.17,-1.34,-1.18,-0.16,114.6,110.25,105.9,70,23,2.96,24.76,13.67,6.0,5.63,2026-04-16,2026-04-16 09:39:45
6856,鑫傳,51.7,50.1,51.7,50.0,67.08,62.63,50.0,-0.44,-0.5,0.07,53.5,52.15,50.8,5,2,1.79,14.58,19.73,3.4,6.58,2026-04-16,2026-04-16 09:39:46
6857,宏�硒撢�,97.0,98.5,98.5,97.0,38.1,48.99,37.5,-0.49,-0.53,0.04,99.97,98.45,96.93,0,1,0.03,14.77,,,,2026-04-16,2026-04-16 09:39:48
6858,愛比科技,27.45,27.0,28.4,27.0,78.72,65.8,65.16,1.08,0.67,0.41,28.12,24.27,20.41,17,41,0.41,7.47,,,,2026-04-16,2026-04-16 09:39:49
6859,伯特光,118.5,117.5,120.5,117.5,62.34,46.31,41.3,-1.01,-0.76,-0.25,127.93,118.15,108.37,119,59,2.01,49.28,41.58,2.5,2.11,2026-04-16,2026-04-16 09:39:51
6861,睿生光電,148.0,155.0,155.0,145.5,71.91,56.13,48.61,4.05,4.45,-0.4,163.46,141.18,118.89,1926,1819,1.06,61.57,39.05,1.8,1.22,2026-04-16,2026-04-16 09:39:52
6862,三集瑞-KY,194.5,197.0,208.0,192.0,69.61,59.05,56.02,-0.35,-3.21,2.85,211.09,181.78,152.46,2204,1302,1.69,97.25,23.6,6.0,3.08,2026-04-16,2026-04-16 09:39:53
6863,永道-KY,102.0,99.5,102.5,99.5,78.49,66.68,72.95,-0.05,-2.17,2.12,100.37,91.86,83.34,80,137,0.58,76.39,34.0,5.5,5.39,2026-04-16,2026-04-16 09:39:55
6864,元樟生技,54.7,54.8,55.4,54.5,6.31,9.89,6.98,-2.4,-1.86,-0.53,70.06,61.04,52.02,44,38,1.17,20.52,,,,2026-04-16,2026-04-16 09:39:56
6865,偉康科技,36.35,36.5,36.5,35.35,27.03,31.23,59.88,-0.01,-0.08,0.07,40.81,36.15,31.49,26,45,0.57,5.68,24.07,1.4,3.85,2026-04-16,2026-04-16 09:39:58
6867,坦德科技,24.0,24.0,24.5,23.35,79.02,64.62,66.88,-0.03,-0.33,0.3,23.46,21.88,20.29,146,76,1.91,8.4,,3.59,14.96,2026-04-16,2026-04-16 09:39:59
6868,采威國際,39.25,38.65,39.8,38.0,82.3,77.35,80.95,2.87,1.53,1.34,38.22,29.0,19.77,58,143,0.41,9.83,40.05,1.2,3.06,2026-04-16,2026-04-16 09:40:01
6869,雲豹能源,86.5,87.4,87.4,86.1,42.75,25.58,36.12,-4.67,-4.98,0.31,99.18,88.58,77.97,369,578,0.64,115.4,8.46,5.01,5.79,2026-04-16,2026-04-16 09:40:02
6870,騰雲,192.5,192.0,196.5,191.0,63.27,54.09,55.96,-1.09,-2.08,0.98,196.33,188.12,179.92,102,93,1.1,44.94,28.31,4.22,2.19,2026-04-16,2026-04-16 09:40:04
6872,浩宇生醫,17.75,18.35,18.35,17.7,54.02,50.81,60.94,-0.14,-0.36,0.22,18.22,17.2,16.18,30,68,0.44,12.56,,,,2026-04-16,2026-04-16 09:40:05
6873,泓德能源,88.8,87.8,89.2,86.6,58.69,47.46,44.65,-3.83,-4.69,0.86,98.86,88.69,78.51,749,729,1.03,125.98,24.8,4.61,5.19,2026-04-16,2026-04-16 09:40:06
6874,倍力,94.0,88.7,96.7,88.7,60.12,49.86,56.6,3.13,3.51,-0.37,93.27,88.85,84.43,341,107,3.19,20.27,30.42,4.04,4.3,2026-04-16,2026-04-16 09:40:08
6875,國邑*,37.4,37.35,37.6,37.1,12.45,11.09,30.61,-1.08,-1.09,0.01,40.66,38.57,36.48,70,68,1.04,48.28,,,,2026-04-16,2026-04-16 09:40:10
6876,朗齊生醫*,20.5,21.15,21.4,19.95,15.77,15.28,14.29,-0.4,-0.16,-0.24,24.63,22.57,20.51,588,369,1.6,14.57,,,,2026-04-16,2026-04-16 09:40:11
6877,鏵友益,143.5,134.0,143.5,129.5,84.4,75.97,73.55,7.42,5.94,1.48,136.81,119.28,101.74,1451,857,1.69,67.4,243.22,0.1,0.07,2026-04-16,2026-04-16 09:40:13
6878,歐付寶,12.05,9.95,12.05,9.91,38.06,31.24,56.44,-0.29,-0.39,0.11,12.56,11.02,9.47,155,91,1.7,8.75,,,,2026-04-16,2026-04-16 09:40:14
6879,大江基因,36.3,34.8,36.5,34.8,56.13,39.6,55.56,-0.43,-0.55,0.12,37.29,34.86,32.44,20,12,1.61,9.6,23.88,2.0,5.51,2026-04-16,2026-04-16 09:40:16
6881,潤德,251.5,250.0,251.5,249.5,95.05,86.96,83.72,4.02,2.79,1.23,249.1,239.45,229.8,12,19,0.62,37.72,12.96,15.0,5.96,2026-04-16,2026-04-16 09:40:17
6882,甲尚,23.65,16.05,23.65,15.6,72.51,56.21,92.12,0.36,-0.58,0.94,18.7,13.85,8.99,1197,436,2.74,5.49,,0.5,2.11,2026-04-16,2026-04-16 09:40:19
6883,微電能源,19.7,15.1,20.65,15.1,57.44,32.33,73.89,-1.36,-2.32,0.96,17.63,14.0,10.38,512,156,3.27,15.03,,,,2026-04-16,2026-04-16 09:40:21
6884,海柏特,34.7,34.75,34.75,34.6,51.25,32.14,55.56,-0.25,-0.32,0.07,35.13,34.29,33.45,18,12,1.41,6.38,17.26,1.5,4.32,2026-04-16,2026-04-16 09:40:22
6885,全福生技,24.75,24.15,24.75,24.15,31.02,31.37,60.0,-0.41,-0.55,0.14,25.06,24.18,23.31,142,191,0.74,32.97,,,,2026-04-16,2026-04-16 09:40:24
6886,遠東生技,47.0,48.0,48.4,46.2,48.5,63.56,25.93,-0.37,-0.11,-0.26,50.93,49.23,47.52,2,3,0.6,14.93,25.54,1.0,2.13,2026-04-16,2026-04-16 09:40:25
6887,寶綠特-KY,42.4,42.0,42.6,42.0,13.93,14.63,46.59,-1.41,-1.57,0.15,46.51,43.4,40.3,18,29,0.64,31.43,9.36,3.96,9.34,2026-04-16,2026-04-16 09:40:26
6890,來億-KY,172.0,160.5,172.0,158.5,44.4,25.17,56.0,-7.34,-9.29,1.95,180.67,163.35,146.03,1322,712,1.86,428.97,13.29,9.0,5.23,2026-04-16,2026-04-16 09:40:27
6891,樂迦再生,48.75,43.65,49.15,42.85,93.2,83.75,94.87,4.1,1.59,2.51,43.84,29.1,14.36,4249,2830,1.5,,,,,2026-04-16,2026-04-16 09:40:29
6892,台寶生醫,26.55,26.4,26.75,26.2,32.89,32.57,34.12,-0.39,-0.33,-0.06,28.38,27.38,26.38,99,165,0.6,24.59,,,,2026-04-16,2026-04-16 09:40:30
6894,衛司特,362.5,358.5,371.0,357.5,52.86,55.02,47.11,17.69,18.86,-1.17,402.97,353.13,303.3,211,430,0.49,86.28,33.26,8.5,2.34,2026-04-16,2026-04-16 09:40:32
6895,宏碩系統,165.0,162.0,166.0,162.0,19.56,33.75,54.6,0.53,0.65,-0.12,182.31,165.92,149.53,65,94,0.69,56.27,45.83,2.9,1.76,2026-04-16,2026-04-16 09:40:33
6898,程曦資訊,118.0,114.0,118.0,112.0,70.01,57.37,60.0,-0.69,-1.32,0.62,118.08,113.72,109.37,38,38,1.01,34.24,21.89,5.3,4.49,2026-04-16,2026-04-16 09:40:35
6899,創為精密,54.5,55.5,55.5,54.1,52.83,58.4,64.29,0.9,0.65,0.26,56.55,52.56,48.56,48,43,1.1,22.83,15.27,2.43,4.46,2026-04-16,2026-04-16 09:40:36
6901,鑽石投資,14.8,14.75,15.15,14.5,63.18,47.46,63.64,-0.28,-0.46,0.18,14.7,14.05,13.39,1573,1230,1.28,126.21,,,,2026-04-16,2026-04-16 09:40:38
6902,GOGOLOOK,93.9,93.9,93.9,90.9,85.04,69.41,82.53,1.94,0.28,1.67,86.6,77.35,68.1,339,161,2.1,33.2,59.81,,,2026-04-16,2026-04-16 09:40:39
6903,巨漢,383.0,387.0,387.0,370.0,77.56,74.54,65.92,25.69,17.17,8.52,409.69,325.6,241.51,840,2614,0.32,252.2,36.17,8.0,2.09,2026-04-16,2026-04-16 09:40:40
6904,伯鑫,121.0,120.0,126.0,120.0,42.05,37.16,35.0,-1.38,-1.12,-0.26,126.92,121.9,116.88,10,6,1.69,22.39,22.32,5.0,4.13,2026-04-16,2026-04-16 09:40:42
6906,現觀科,67.4,67.1,67.8,66.7,34.35,40.35,45.22,-1.22,-1.39,0.17,70.46,68.08,65.7,45,46,0.97,21.73,36.04,3.33,4.94,2026-04-16,2026-04-16 09:40:43
6907,雅特力-KY,142.0,139.5,143.0,133.0,87.69,72.43,55.45,7.89,7.78,0.11,162.87,127.51,92.15,643,459,1.4,,,1.0,0.7,2026-04-16,2026-04-16 09:40:45
6909,創控,59.0,60.7,61.3,57.1,82.06,74.08,70.86,2.94,1.75,1.19,56.92,48.39,39.87,9326,4823,1.93,39.66,59.6,1.0,1.69,2026-04-16,2026-04-16 09:40:47
6910,德鴻,29.3,29.4,29.6,29.05,35.2,41.66,48.95,-0.4,-0.49,0.09,30.8,29.61,28.41,122,110,1.11,8.94,14.8,1.75,5.97,2026-04-16,2026-04-16 09:40:49
6911,群運,31.95,32.2,32.35,31.9,35.89,37.33,45.76,-0.38,-0.48,0.1,32.58,32.19,31.8,57,58,0.99,7.16,25.56,2.0,6.26,2026-04-16,2026-04-16 09:40:50
6912,益鈞環科*,18.6,17.85,18.7,17.7,56.71,54.54,48.65,-0.09,-0.07,-0.02,19.42,18.69,17.96,172,172,1.0,26.78,,,,2026-04-16,2026-04-16 09:40:52
6913,鴻呈,128.0,129.0,130.5,127.0,68.96,67.02,73.91,3.57,1.44,2.12,131.85,116.25,100.65,250,728,0.34,,,2.5,1.95,2026-04-16,2026-04-16 09:40:54
6914,阜爾運通,152.0,152.0,153.5,151.5,57.8,58.09,56.82,1.58,1.65,-0.07,154.51,150.55,146.59,63,73,0.87,100.66,15.88,6.0,3.95,2026-04-16,2026-04-16 09:40:55
6915,美強光,45.85,44.15,52.3,41.35,60.42,47.79,73.27,2.45,1.1,1.35,41.07,31.58,22.1,1513,730,2.07,16.19,,,,2026-04-16,2026-04-16 09:40:56
6916,華凌,19.0,19.2,19.2,18.85,65.13,46.94,57.5,0.06,-0.11,0.17,18.84,17.86,16.87,43,57,0.75,12.82,,0.28,1.47,2026-04-16,2026-04-16 09:40:58
6917,竟天,32.95,28.5,33.0,28.3,92.64,83.95,88.58,1.73,0.84,0.88,30.1,24.2,18.3,2939,1221,2.41,18.21,,,,2026-04-16,2026-04-16 09:40:59
6918,愛派司,74.7,75.5,75.6,74.7,22.08,18.24,27.68,-1.09,-0.67,-0.43,82.15,77.77,73.38,37,57,0.64,25.45,14.5,5.0,6.69,2026-04-16,2026-04-16 09:41:01
6919,康霈*,107.0,107.5,111.5,106.5,62.88,67.74,61.91,-5.56,-8.94,3.38,122.46,99.77,77.08,7128,9189,0.78,1665.31,19.93,,,2026-04-16,2026-04-16 09:41:02
6920,恆勁科技,81.9,85.4,85.5,79.1,81.04,77.17,85.45,11.56,7.31,4.25,85.1,51.91,18.71,5115,8157,0.63,169.71,,,,2026-04-16,2026-04-16 09:41:03
6921,嘉雨思-創,79.7,76.1,83.0,76.1,72.25,65.48,67.21,0.63,-0.44,1.07,77.69,71.7,65.72,130,75,1.72,25.37,227.71,,,2026-04-16,2026-04-16 09:41:05
6922,宸曜,167.0,165.5,168.0,165.5,80.73,67.52,52.44,1.19,0.09,1.1,171.09,160.95,150.81,78,59,1.33,45.35,24.56,4.79,2.87,2026-04-16,2026-04-16 09:41:06
6923,中台,76.1,77.8,77.8,75.8,52.84,45.67,30.97,-3.17,-3.67,0.5,83.22,77.47,71.72,126,140,0.9,69.62,25.12,4.02,5.28,2026-04-16,2026-04-16 09:41:07
6924,榮惠-KY創,81.6,79.9,82.4,79.9,61.66,57.38,75.66,2.89,3.23,-0.34,83.78,79.18,74.57,76,46,1.65,16.83,14.44,5.5,6.74,2026-04-16,2026-04-16 09:41:09
6925,意藍,72.4,71.8,72.4,70.0,25.61,15.82,36.41,-1.7,-1.71,0.01,79.37,73.33,67.29,75,68,1.09,14.48,23.28,2.0,2.76,2026-04-16,2026-04-16 09:41:10
6926,聖安生醫,66.7,66.7,66.7,66.7,51.99,56.75,46.67,-0.27,-0.2,-0.06,68.66,67.1,65.54,0,8,0.03,33.22,,,,2026-04-16,2026-04-16 09:41:12
6927,聯合聚晶,49.2,47.05,49.7,44.9,86.98,77.75,70.33,1.3,0.24,1.06,46.54,40.44,34.34,164,103,1.58,18.86,,0.25,0.51,2026-04-16,2026-04-16 09:41:13
6928,攸泰科技,48.05,50.0,50.0,47.8,59.33,46.85,59.07,-0.61,-0.99,0.38,48.62,46.63,44.65,191,177,1.08,41.32,,0.5,1.04,2026-04-16,2026-04-16 09:41:14
6929,佑全,30.5,30.8,30.8,30.0,40.67,34.48,40.1,-0.51,-0.49,-0.02,33.4,31.15,28.91,14,10,1.38,13.75,,,,2026-04-16,2026-04-16 09:41:16
6931,青松健康,50.2,50.1,50.2,49.9,44.26,45.57,44.35,-0.73,-0.86,0.13,52.98,50.9,48.81,108,142,0.76,33.21,36.12,0.96,1.91,2026-04-16,2026-04-16 09:41:17
6932,水星生醫*,8.09,7.03,8.89,6.91,39.43,34.88,51.6,-0.22,-0.22,0.01,8.37,7.74,7.11,1981,825,2.4,33.45,,,,2026-04-16,2026-04-16 09:41:19
6933,AMAX-KY,182.5,186.5,187.5,181.5,78.52,81.13,75.34,13.65,7.97,5.67,197.79,147.38,96.96,446,1252,0.36,77.32,37.17,2.0,1.1,2026-04-16,2026-04-16 09:41:20
6934,心誠鎂,97.6,95.7,100.0,95.5,77.46,67.92,73.5,-2.78,-6.48,3.71,93.35,80.57,67.79,555,245,2.26,35.11,,,,2026-04-16,2026-04-16 09:41:21
6935,王子製藥,31.8,30.55,31.8,30.3,68.82,55.25,77.27,0.44,0.03,0.41,30.94,28.52,26.1,106,88,1.21,11.9,12.18,,,2026-04-16,2026-04-16 09:41:23
6936,永鴻生技,35.5,35.65,35.65,35.4,79.3,76.88,73.08,0.13,-0.04,0.17,35.64,34.65,33.67,24,43,0.56,25.85,19.51,1.69,4.76,2026-04-16,2026-04-16 09:41:24
6937,天虹,303.5,315.0,317.5,300.0,75.95,70.71,64.48,14.47,9.26,5.21,317.87,269.75,221.63,1073,1565,0.69,204.79,100.5,2.1,0.69,2026-04-16,2026-04-16 09:41:25
6938,藍新資訊,83.7,83.5,83.7,82.0,70.89,70.04,51.67,0.57,0.57,-0.0,87.3,83.29,79.28,4,15,0.27,10.52,13.79,5.0,5.97,2026-04-16,2026-04-16 09:41:27
6939,啟弘生技,19.55,20.0,20.25,19.5,61.76,53.92,54.95,0.04,-0.03,0.07,20.02,19.31,18.6,39,32,1.22,6.85,,,,2026-04-16,2026-04-16 09:41:28
6940,格斯科技*,22.35,22.4,23.55,21.65,47.53,37.99,61.19,-0.4,-0.6,0.2,23.51,21.32,19.12,1435,1127,1.27,66.98,,,,2026-04-16,2026-04-16 09:41:30
6944,兆聯實業,902.0,937.0,942.0,897.0,73.56,74.65,64.66,43.86,35.69,8.17,967.56,839.4,711.24,1151,1292,0.89,691.72,28.7,14.0,1.55,2026-04-16,2026-04-16 09:41:31
6945,圓祥生技,202.5,194.0,208.5,192.0,37.21,27.3,30.92,3.34,4.76,-1.42,219.77,198.35,176.93,807,515,1.57,173.29,,,,2026-04-16,2026-04-16 09:41:32
6946,三地能源,12.9,12.65,13.3,12.65,49.46,50.34,28.69,0.25,0.38,-0.13,15.33,13.37,11.42,60,164,0.36,41.77,,,,2026-04-16,2026-04-16 09:41:34
6947,台鎔科技,80.4,80.8,81.1,79.7,82.82,75.32,68.37,0.48,0.06,0.42,81.3,78.25,75.19,267,273,0.98,75.84,114.86,0.6,0.75,2026-04-16,2026-04-16 09:41:35
6949,沛爾生醫-創,780.0,767.0,800.0,760.0,86.69,86.92,87.32,46.53,23.12,23.41,776.8,615.0,453.2,202,407,0.5,506.01,,,,2026-04-16,2026-04-16 09:41:37
6951,青新-創,82.2,79.6,82.3,79.6,80.97,67.35,65.88,0.73,0.57,0.16,80.98,79.2,77.42,186,83,2.23,37.81,15.36,3.8,4.62,2026-04-16,2026-04-16 09:41:38
6952,大武山,40.3,39.7,40.3,39.7,85.11,72.01,60.42,-0.41,-0.71,0.3,40.42,39.13,37.85,19,19,0.98,27.14,,2.0,4.96,2026-04-16,2026-04-16 09:41:39
6953,家碩,229.5,221.5,229.5,221.5,60.98,45.71,53.6,-1.09,-2.24,1.14,229.54,213.49,197.44,94,127,0.74,68.88,28.9,6.0,2.61,2026-04-16,2026-04-16 09:41:40
6955,邦睿生技-創,168.0,167.0,168.0,167.0,62.46,54.79,48.84,-0.05,-0.27,0.21,171.38,166.07,160.76,3,11,0.27,41.67,40.78,1.5,0.89,2026-04-16,2026-04-16 09:41:42
6957,裕慶-KY,166.5,160.5,173.0,160.0,53.61,42.89,54.32,-2.75,-4.25,1.5,166.03,159.15,152.27,127,117,1.09,91.29,16.36,13.16,7.9,2026-04-16,2026-04-16 09:41:43
6958,日盛台駿,20.05,20.0,20.3,19.65,90.81,91.67,98.31,0.77,0.53,0.23,20.15,18.04,15.92,286,369,0.78,88.88,,0.2,1.0,2026-04-16,2026-04-16 09:41:44
6959,兆捷科技,120.0,116.5,121.0,114.0,75.84,70.08,73.03,9.8,6.53,3.28,120.59,93.48,66.37,735,1240,0.59,47.0,,,,2026-04-16,2026-04-16 09:41:46
6961,旅天下,57.4,57.2,57.5,57.2,41.0,40.95,42.31,-0.51,-0.66,0.15,59.73,57.78,55.83,38,55,0.7,15.4,13.57,5.0,8.71,2026-04-16,2026-04-16 09:41:47
6962,奕力-KY,34.8,35.1,35.15,34.35,66.54,52.97,68.37,0.15,-0.22,0.37,35.56,32.73,29.91,2800,3140,0.89,171.35,12.17,2.0,5.75,2026-04-16,2026-04-16 09:41:48
6963,品元,26.55,26.6,26.6,26.55,6.76,12.91,29.41,-0.97,-0.9,-0.07,29.83,28.01,26.19,5,12,0.46,4.24,,,,2026-04-16,2026-04-16 09:41:50
6965,中傑-KY,89.3,89.1,89.3,88.7,83.53,87.71,85.92,1.49,1.15,0.33,90.13,85.99,81.85,41,60,0.69,139.63,25.51,6.0,6.72,2026-04-16,2026-04-16 09:41:51
6967,汎瑋材料,71.3,70.8,72.2,70.8,78.42,65.69,57.0,1.2,0.48,0.72,72.17,66.61,61.06,132,156,0.84,17.4,17.78,3.7,5.19,2026-04-16,2026-04-16 09:41:53
6968,萬達寵物,46.95,47.5,47.5,46.7,67.99,54.2,49.5,-0.42,-0.68,0.26,48.57,46.57,44.56,95,48,1.99,23.22,19.09,1.0,2.13,2026-04-16,2026-04-16 09:41:54
6969,成信實業*-創,29.35,29.4,29.8,29.35,49.89,44.68,63.64,-0.14,-0.37,0.23,29.5,28.52,27.54,68,96,0.71,12.87,,,,2026-04-16,2026-04-16 09:41:56
6971,惠民實業,29.35,29.45,29.5,29.35,41.21,32.63,33.33,-0.17,-0.16,-0.01,30.11,29.56,29.02,20,38,0.52,11.35,12.18,,,2026-04-16,2026-04-16 09:41:57
6972,博瑞達應材,25.85,26.25,26.25,24.05,65.23,47.43,41.43,-0.19,-0.14,-0.06,29.77,26.38,22.99,134,70,1.9,,,,,2026-04-16,2026-04-16 09:41:58
6976,育世博-KY,39.1,38.0,39.1,38.0,64.5,46.07,44.51,0.21,0.27,-0.06,40.44,37.95,35.46,99,47,2.1,,,,,2026-04-16,2026-04-16 09:42:00
6977,聯純,321.5,311.0,329.5,296.0,75.88,65.16,57.05,22.67,21.8,0.87,318.67,275.4,232.13,563,379,1.48,43.74,34.35,2.0,0.62,2026-04-16,2026-04-16 09:42:02
6979,勝釩,220.0,227.0,237.5,204.5,81.67,79.84,66.62,23.2,17.38,5.82,222.28,162.75,103.21,155,101,1.54,26.4,37.41,,,2026-04-16,2026-04-16 09:42:03
6980,鐳洋科技,196.0,183.0,201.5,172.0,78.18,61.64,67.55,11.19,6.09,5.1,188.13,151.2,114.27,981,756,1.3,56.84,,,,2026-04-16,2026-04-16 09:42:05
6982,大井泵浦,58.9,58.3,59.0,58.0,79.77,74.28,70.27,0.6,-0.53,1.13,59.29,53.65,48.0,39,119,0.33,23.96,981.67,2.1,3.57,2026-04-16,2026-04-16 09:42:06
6983,華洋精機,438.5,443.0,452.0,427.5,61.11,58.1,44.42,28.2,31.14,-2.94,565.69,433.81,301.94,58,175,0.33,69.72,98.54,3.0,0.68,2026-04-16,2026-04-16 09:42:08
6986,和迅,61.7,61.8,61.8,59.7,90.27,79.93,55.67,1.15,0.86,0.29,62.47,59.76,57.05,76,89,0.85,28.38,25.39,,,2026-04-16,2026-04-16 09:42:10
6987,寶晶能源*,19.8,19.4,19.9,19.4,33.01,24.46,39.68,-0.34,-0.29,-0.05,21.44,20.29,19.14,93,106,0.88,43.94,28.29,0.52,2.63,2026-04-16,2026-04-16 09:42:11
6988,威力暘-創,14.7,15.0,15.15,14.7,68.06,72.68,57.53,-0.18,-0.32,0.14,15.47,14.48,13.49,25,24,1.02,6.82,,0.45,3.06,2026-04-16,2026-04-16 09:42:13
6990,華鉬,101.5,102.0,103.0,95.1,62.72,55.88,55.57,16.01,14.1,1.92,119.3,76.75,34.2,388,685,0.57,,,,,2026-04-16,2026-04-16 09:42:14
6994,富威電力,69.3,68.8,70.7,68.2,54.2,38.83,39.74,-4.27,-4.73,0.46,79.73,70.59,61.45,467,494,0.95,50.15,11.2,0.95,1.37,2026-04-16,2026-04-16 09:42:15
6995,野獸國,53.0,52.8,53.9,52.7,54.88,40.05,31.33,-1.23,-1.24,0.01,58.73,54.29,49.85,22,17,1.3,13.43,39.55,0.15,0.28,2026-04-16,2026-04-16 09:42:17
6996,力領科技,182.5,189.5,189.5,180.0,75.8,67.69,68.42,3.17,1.4,1.77,182.26,170.28,158.29,283,227,1.24,76.66,15.17,10.0,5.48,2026-04-16,2026-04-16 09:42:18
6997,博弘,82.0,82.0,82.0,82.0,66.91,57.59,41.54,-0.59,-0.94,0.35,84.41,82.11,79.81,1,1,0.84,18.12,16.08,5.0,6.1,2026-04-16,2026-04-16 09:42:20
6999,瀚醫生技,30.0,29.45,30.0,29.3,87.17,75.28,57.84,-0.61,-0.82,0.21,30.37,29.34,28.31,10,2,4.15,6.6,29.41,0.6,2.0,2026-04-16,2026-04-16 09:42:22
7610,聯友金屬-創,647.0,643.0,681.0,630.0,94.8,93.7,89.15,81.72,55.63,26.08,641.66,423.8,205.94,939,1220,0.77,314.44,120.48,0.2,0.03,2026-04-16,2026-04-16 09:42:23
7631,聚賢研發-創,137.5,131.0,137.5,130.0,75.67,56.8,77.57,1.47,-0.98,2.45,127.92,115.04,102.16,181,133,1.35,27.7,21.28,3.0,2.18,2026-04-16,2026-04-16 09:42:24
7705,三商餐飲,35.15,35.2,35.2,34.85,49.14,40.35,55.17,-0.53,-0.72,0.19,35.59,34.93,34.26,36,41,0.86,23.22,18.31,3.8,10.81,2026-04-16,2026-04-16 09:42:25
7711,永擎,305.0,313.0,313.0,301.0,69.66,68.72,61.42,17.19,14.49,2.7,312.6,278.45,244.3,540,1126,0.48,218.79,24.17,9.0,2.95,2026-04-16,2026-04-16 09:42:27
7717,萊德光電-KY,836.0,905.0,905.0,830.0,68.08,75.79,66.61,64.76,54.99,9.77,978.01,765.3,552.59,925,927,1.0,207.14,137.73,,,2026-04-16,2026-04-16 09:42:29
7721,微程式,91.9,90.0,91.9,88.1,87.21,87.86,92.92,10.18,8.31,1.87,102.88,69.89,36.9,958,1006,0.95,50.89,167.09,2.0,2.18,2026-04-16,2026-04-16 09:42:30
7722,LINEPAY,310.0,305.5,312.0,305.5,39.85,32.76,41.52,-20.1,-24.68,4.58,338.55,314.02,289.5,88,99,0.89,210.8,43.06,1.5,0.48,2026-04-16,2026-04-16 09:42:31
7728,光焱科技,811.0,855.0,872.0,800.0,69.69,64.49,48.11,20.71,13.0,7.71,902.68,781.55,660.42,468,452,1.04,112.36,166.19,7.03,0.87,2026-04-16,2026-04-16 09:42:32
7730,暉盛-創,191.0,191.0,195.5,189.5,78.6,79.52,66.41,16.54,16.42,0.12,205.93,171.57,137.22,69,84,0.82,70.28,111.05,1.0,0.52,2026-04-16,2026-04-16 09:42:34
7732,金興精密,35.0,35.75,36.35,35.0,51.82,53.91,48.8,-0.19,-0.34,0.15,35.91,34.76,33.61,18,14,1.25,22.29,20.23,1.5,4.29,2026-04-16,2026-04-16 09:42:35
7736,虎山,80.6,79.9,80.7,78.1,37.22,41.02,54.24,-0.34,-0.43,0.09,82.64,80.33,78.01,28,30,0.92,60.91,16.02,3.8,4.71,2026-04-16,2026-04-16 09:42:36
7740,熙特爾-創,180.5,180.5,184.0,175.5,51.79,38.03,43.31,-1.53,-0.94,-0.59,198.6,181.47,164.35,199,374,0.53,96.03,36.99,2.05,1.14,2026-04-16,2026-04-16 09:42:37
7744,崴寶,486.0,491.0,491.0,475.0,58.51,55.83,58.28,13.62,12.62,1.0,509.41,464.45,419.49,104,158,0.66,155.52,30.02,5.0,1.03,2026-04-16,2026-04-16 09:42:39
7749,意騰-KY,412.0,409.5,416.5,404.0,76.22,54.97,55.56,-4.66,-10.45,5.79,438.91,386.48,334.04,269,261,1.03,191.52,36.92,7.0,1.7,2026-04-16,2026-04-16 09:42:40
7750,新代,1670.0,1675.0,1690.0,1610.0,89.11,85.29,81.94,106.94,77.9,29.04,1690.94,1405.39,1119.84,263,528,0.5,1198.19,49.32,16.0,0.96,2026-04-16,2026-04-16 09:42:41
7751,竑騰,1845.0,2060.0,2115.0,1815.0,69.69,76.23,63.3,188.84,184.14,4.7,2121.69,1706.46,1291.24,806,373,2.16,496.09,90.26,18.0,0.98,2026-04-16,2026-04-16 09:42:43
7765,中華資安,235.5,232.0,241.0,232.0,66.45,52.59,62.16,-3.25,-5.66,2.4,234.64,225.95,217.26,107,58,1.85,95.79,20.6,9.22,3.92,2026-04-16,2026-04-16 09:42:44
7769,鴻勁,4295.0,4265.0,4400.0,4235.0,74.2,71.26,64.24,58.66,17.33,41.34,4492.33,4014.0,3535.67,1077,981,1.1,7726.83,56.96,22.5,0.52,2026-04-16,2026-04-16 09:42:45
7780,大研生醫*,20.7,20.8,20.95,20.6,23.88,33.82,61.9,-0.11,-0.25,0.14,22.75,20.23,17.72,2034,2384,0.85,167.68,414.0,0.34,1.64,2026-04-16,2026-04-16 09:42:46
7786,東方風能,142.5,137.0,144.0,137.0,60.79,49.59,56.47,-2.14,-4.1,1.96,144.66,134.03,123.39,210,319,0.66,249.89,13.01,2.0,1.4,2026-04-16,2026-04-16 09:42:47
7788,松川精密,151.5,156.0,156.0,149.0,78.04,63.4,47.62,-2.62,-4.78,2.16,159.51,144.3,129.09,379,371,1.02,120.82,41.74,2.5,1.65,2026-04-16,2026-04-16 09:42:49
7791,皇家可口,65.6,65.8,66.2,65.5,35.65,35.27,44.58,-0.53,-0.58,0.05,68.32,66.2,64.07,40,72,0.55,52.48,11.71,3.81,5.81,2026-04-16,2026-04-16 09:42:50
7795,長廣,395.0,410.0,410.0,385.5,70.5,55.55,45.91,-1.04,-5.42,4.38,437.52,374.73,311.93,581,901,0.64,311.37,127.01,2.15,0.54,2026-04-16,2026-04-16 09:42:51
7799,禾榮科,395.5,390.0,403.0,385.0,76.72,61.89,51.48,-12.97,-19.44,6.47,430.1,377.07,324.05,341,498,0.69,624.87,41.32,,,2026-04-16,2026-04-16 09:42:52
7810,捷創科技,252.0,249.0,256.5,249.0,49.66,45.26,41.35,7.5,7.81,-0.3,285.19,247.28,209.36,179,247,0.72,51.03,40.65,4.0,1.59,2026-04-16,2026-04-16 09:42:54
7823,奧義賽博-KY創,80.0,79.9,80.0,78.7,58.82,54.19,29.29,-4.52,-5.79,1.27,84.38,81.24,78.1,20,22,0.91,26.79,,,,2026-04-16,2026-04-16 09:42:55
7846,德揚,90.5,78.4,90.5,78.4,77.83,70.12,67.88,8.42,7.67,0.75,89.25,73.55,57.86,94,83,1.13,31.14,61.99,1.0,1.1,2026-04-16,2026-04-16 09:42:57
7890,明曜科技,131.0,136.0,136.0,127.0,72.17,66.86,58.37,11.32,9.57,1.74,148.6,115.65,82.7,48,144,0.34,,,,,2026-04-16,2026-04-16 09:42:58
8011,台通,20.4,20.6,20.8,20.4,35.94,39.6,46.3,-0.03,-0.05,0.02,21.16,20.48,19.8,909,1116,0.82,33.85,15.69,1.4,6.86,2026-04-16,2026-04-16 09:42:59
8016,矽創,210.5,211.5,212.0,207.5,82.44,73.49,66.67,3.06,1.83,1.23,209.84,199.38,188.91,543,735,0.74,250.38,14.48,12.0,5.7,2026-04-16,2026-04-16 09:43:01
8021,尖點,355.0,351.0,360.0,347.0,84.8,82.67,77.35,28.45,19.08,9.37,360.86,279.25,197.64,4954,12335,0.4,514.9,130.51,1.2,0.34,2026-04-16,2026-04-16 09:43:02
8024,佑華,13.15,13.15,13.15,13.0,46.13,45.3,58.14,0.07,0.01,0.05,13.36,12.93,12.49,65,85,0.76,5.94,,,,2026-04-16,2026-04-16 09:43:04
8027,鈦昇,145.5,160.5,163.0,145.0,63.66,68.87,60.17,10.89,10.81,0.08,169.54,135.32,101.11,13589,10387,1.31,153.12,,,,2026-04-16,2026-04-16 09:43:05
8028,昇陽半導體,191.5,189.0,192.0,184.5,56.87,56.45,45.45,2.87,2.62,0.25,206.31,188.62,170.94,8999,11486,0.78,335.67,45.7,2.2,1.15,2026-04-16,2026-04-16 09:43:06
8032,光菱,36.75,37.35,37.4,36.55,69.18,56.57,64.02,0.14,-0.29,0.43,37.47,34.95,32.43,66,192,0.34,19.04,16.94,1.1,2.99,2026-04-16,2026-04-16 09:43:08
8033,雷虎,145.0,139.0,150.5,138.0,47.52,30.55,47.79,-2.68,-3.2,0.52,155.09,140.57,126.06,9891,4215,2.35,221.31,250.0,,,2026-04-16,2026-04-16 09:43:09
8034,榮群,25.65,25.05,26.65,25.05,53.74,49.5,58.33,0.04,-0.14,0.18,26.33,24.46,22.58,2617,1041,2.51,14.42,18.19,1.8,7.02,2026-04-16,2026-04-16 09:43:11
8038,長園科,41.1,41.1,41.95,41.0,63.31,54.42,43.78,-0.83,-1.18,0.34,44.36,41.04,37.73,342,398,0.86,25.6,44.67,,,2026-04-16,2026-04-16 09:43:12
8039,台虹,138.5,137.5,141.5,134.5,74.3,71.98,74.53,8.35,6.93,1.42,143.26,121.17,99.09,15466,22489,0.69,364.15,67.89,2.5,1.81,2026-04-16,2026-04-16 09:43:13
8040,九暘,63.6,61.0,64.1,57.2,77.96,58.23,78.03,1.91,0.53,1.38,58.34,50.42,42.5,3927,1818,2.16,61.32,,,,2026-04-16,2026-04-16 09:43:15
8042,金山電,66.0,64.3,69.6,62.7,73.5,62.54,70.61,1.78,0.2,1.58,65.37,56.42,47.47,8439,6958,1.21,85.45,74.16,1.5,2.27,2026-04-16,2026-04-16 09:43:16
8043,蜜望實,94.1,86.3,94.1,84.0,81.37,65.67,76.04,2.82,-0.04,2.86,89.14,73.72,58.3,12412,11538,1.08,75.19,56.35,0.8,0.85,2026-04-16,2026-04-16 09:43:18
8044,網家,24.05,24.65,24.65,23.2,58.03,38.89,53.44,-0.54,-0.88,0.34,24.29,22.96,21.63,1812,917,1.97,49.16,,,,2026-04-16,2026-04-16 09:43:20
8045,達運光電,75.0,77.5,78.5,75.0,46.97,35.52,49.79,-0.99,-1.26,0.27,79.6,74.73,69.87,286,212,1.35,71.28,117.19,1.97,2.63,2026-04-16,2026-04-16 09:43:21
8046,南電,721.0,665.0,721.0,651.0,84.34,79.68,74.39,53.0,46.04,6.95,715.56,594.15,472.74,21798,16614,1.31,4658.85,238.74,1.0,0.14,2026-04-16,2026-04-16 09:43:22
8047,星雲,56.0,57.0,58.2,56.0,68.12,61.32,48.7,1.32,1.21,0.1,60.33,54.8,49.27,175,244,0.72,23.33,,,,2026-04-16,2026-04-16 09:43:24
8048,德勝,62.4,62.0,63.5,61.0,81.26,65.52,57.59,0.3,-0.54,0.84,63.86,57.03,50.21,792,653,1.21,36.01,23.55,2.2,3.53,2026-04-16,2026-04-16 09:43:25
8049,晶采,25.6,25.55,25.9,25.55,60.44,53.69,53.57,-0.1,-0.18,0.08,25.8,25.3,24.81,121,151,0.81,30.28,15.06,2.0,7.81,2026-04-16,2026-04-16 09:43:27
8050,廣積,41.2,40.85,41.8,40.85,72.53,71.41,55.66,-0.15,-0.28,0.12,41.97,40.74,39.51,413,348,1.19,82.06,29.43,3.18,7.72,2026-04-16,2026-04-16 09:43:28
8054,安國,105.5,98.9,107.5,98.9,68.75,55.93,58.09,-2.09,-3.77,1.68,104.62,97.43,90.24,7333,3058,2.4,111.59,,,,2026-04-16,2026-04-16 09:43:30
8058,耐特,153.5,140.0,153.5,140.0,80.23,63.85,58.45,12.59,10.6,2.0,156.41,119.56,82.71,2464,1438,1.71,,,2.0,1.3,2026-04-16,2026-04-16 09:43:32
8059,凱碩,19.45,19.2,19.7,18.8,66.34,50.58,56.25,0.02,-0.16,0.18,20.37,18.56,16.75,502,600,0.84,37.74,,,,2026-04-16,2026-04-16 09:43:33
8064,東捷,75.3,75.6,79.7,74.5,60.64,62.12,57.4,5.09,4.82,0.27,81.85,70.46,59.06,11356,16522,0.69,139.17,55.37,0.6,0.8,2026-04-16,2026-04-16 09:43:35
8066,來思達,18.25,18.0,18.3,17.95,18.39,16.58,28.21,-0.38,-0.36,-0.02,19.45,18.69,17.92,232,111,2.09,6.69,,,,2026-04-16,2026-04-16 09:43:37
8067,志旭,13.3,13.5,13.5,13.1,15.74,22.7,33.33,-0.33,-0.23,-0.1,15.55,14.28,13.01,4,5,0.8,2.75,,,,2026-04-16,2026-04-16 09:43:38
8069,元太,155.0,23.2,23.5,22.9,71.54,55.41,56.62,-0.11,-0.41,0.3,23.76,21.83,19.89,534,603,0.89,,,,,2026-04-16,2026-04-16 09:43:40
8070,長華*,46.4,47.25,47.6,46.0,68.72,69.72,52.53,0.85,0.53,0.33,48.54,45.03,41.51,4726,5107,0.93,327.25,45.49,1.39,3.0,2026-04-16,2026-04-16 09:43:41
8071,能率網通,16.55,16.7,16.7,16.5,71.03,51.25,49.23,-0.17,-0.26,0.1,17.09,16.28,15.47,118,149,0.79,9.94,,,,2026-04-16,2026-04-16 09:43:43
8072,陞泰,29.9,29.05,30.35,29.0,71.37,61.87,63.53,0.07,-0.28,0.35,29.9,27.87,25.83,740,334,2.21,23.92,26.94,1.0,3.34,2026-04-16,2026-04-16 09:43:44
8074,鉅橡,69.7,68.7,72.9,66.8,82.11,74.64,69.39,2.03,0.44,1.58,72.49,60.79,49.1,10088,9111,1.11,56.44,52.01,1.0,1.43,2026-04-16,2026-04-16 09:43:46
8076,伍豐,23.4,23.35,23.65,23.25,26.78,23.26,33.58,-0.28,-0.14,-0.14,26.93,24.35,21.76,805,974,0.83,68.38,167.14,1.1,4.7,2026-04-16,2026-04-16 09:43:47
8077,洛碁,42.25,42.25,42.25,42.2,43.04,63.01,55.1,0.21,0.17,0.04,45.55,42.93,40.3,3,4,0.63,9.27,7.01,2.0,4.73,2026-04-16,2026-04-16 09:43:49
8080,泰霖,28.75,29.15,29.2,28.75,49.18,50.14,42.47,-0.51,-0.6,0.09,30.14,29.29,28.44,24,30,0.79,19.31,239.58,,,2026-04-16,2026-04-16 09:43:50
8081,致新,237.5,234.5,239.0,234.0,73.1,61.5,50.0,-0.51,-0.98,0.46,240.85,233.18,225.5,473,322,1.47,203.61,13.38,16.0,6.74,2026-04-16,2026-04-16 09:43:51
8083,瑞穎,173.5,174.0,175.0,172.0,83.52,74.11,61.11,0.56,-0.24,0.8,175.41,169.35,163.29,75,114,0.66,60.96,17.74,10.0,5.76,2026-04-16,2026-04-16 09:43:53
8084,巨虹,46.6,47.1,47.1,45.6,36.17,50.27,62.16,-0.79,-1.16,0.36,50.78,46.11,41.45,66,89,0.74,32.39,,,,2026-04-16,2026-04-16 09:43:55
8085,福華,15.25,15.15,15.35,15.0,36.2,28.01,38.27,-0.53,-0.53,-0.0,17.43,15.69,13.94,406,435,0.93,21.35,,,,2026-04-16,2026-04-16 09:43:56
8086,宏捷科,141.0,135.0,144.5,134.5,63.83,64.91,60.74,3.78,3.23,0.55,148.6,131.9,115.2,10637,7395,1.44,277.09,42.09,1.19,0.84,2026-04-16,2026-04-16 09:43:58
8087,麗升能源,35.95,35.4,35.95,35.2,63.03,63.77,57.87,0.7,0.48,0.22,36.84,34.36,31.89,37,115,0.32,13.73,,1.0,2.78,2026-04-16,2026-04-16 09:43:59
8088,品安,50.4,50.8,51.7,50.0,37.84,33.31,40.64,-1.05,-0.99,-0.06,60.26,52.55,44.84,1684,1858,0.91,30.7,29.82,0.5,0.99,2026-04-16,2026-04-16 09:44:01
8089,康全電訊,21.75,21.5,21.95,21.4,10.68,10.32,34.19,-0.93,-0.89,-0.04,24.9,22.91,20.92,142,232,0.61,14.35,,1.25,5.75,2026-04-16,2026-04-16 09:44:03
8091,翔名,178.5,187.5,187.5,178.5,79.63,82.42,69.4,11.73,9.56,2.18,194.43,159.8,125.17,1212,1348,0.9,94.18,32.28,8.0,4.48,2026-04-16,2026-04-16 09:44:04
8096,擎亞,94.9,20.3,20.3,19.9,52.97,55.65,52.86,0.16,0.13,0.03,20.92,19.86,18.79,25,37,0.68,141.73,107.84,0.5,0.53,2026-04-16,2026-04-16 09:44:08
8097,常珵,54.0,53.5,55.1,53.5,18.87,27.77,39.62,-0.52,-0.36,-0.16,58.42,55.66,52.91,105,116,0.91,33.64,,,,2026-04-16,2026-04-16 09:44:09
8098,慶康科技,427.5,461.5,473.5,419.5,72.49,62.77,62.0,37.31,28.7,8.62,434.13,347.85,261.57,376,416,0.9,54.09,29.0,9.0,2.11,2026-04-16,2026-04-16 09:44:11
8099,大世科,69.8,72.0,72.0,69.8,85.75,81.89,73.3,1.93,0.5,1.42,72.74,63.25,53.76,166,208,0.8,69.85,27.7,0.71,1.02,2026-04-16,2026-04-16 09:44:12
8101,華冠,14.3,14.3,14.3,14.3,38.59,33.35,54.84,-0.3,-0.33,0.03,14.72,13.99,13.27,2,6,0.41,6.86,15.21,,,2026-04-16,2026-04-16 09:44:14
8102,傑霖科技,61.7,59.2,61.8,59.0,88.73,83.46,62.03,1.92,1.14,0.78,62.84,55.07,47.3,50,36,1.36,14.41,27.67,1.9,3.08,2026-04-16,2026-04-16 09:44:15
8103,瀚荃,92.2,93.0,93.7,90.2,81.68,69.75,60.26,0.41,-1.15,1.57,93.48,84.88,76.28,2033,1782,1.14,59.9,23.64,5.13,5.56,2026-04-16,2026-04-16 09:44:17
8104,錸寶,38.0,37.0,38.35,35.5,71.04,49.54,64.39,0.02,-0.54,0.56,36.92,33.58,30.24,6420,2519,2.55,39.54,108.57,0.1,0.26,2026-04-16,2026-04-16 09:44:18
8105,凌巨,14.3,14.6,14.6,14.2,81.7,79.76,69.23,0.37,0.23,0.14,14.67,13.44,12.22,2547,3932,0.65,63.14,65.0,,,2026-04-16,2026-04-16 09:44:19
8107,大億金茂,12.75,12.7,12.8,12.7,39.09,31.22,28.57,-0.32,-0.35,0.03,13.56,12.99,12.43,78,83,0.93,9.56,,1.0,7.84,2026-04-16,2026-04-16 09:44:21
8109,博大,107.0,109.0,109.0,106.5,46.74,58.55,69.09,2.3,1.82,0.48,113.75,103.28,92.8,113,124,0.91,87.91,17.37,4.5,4.21,2026-04-16,2026-04-16 09:44:22
8110,華東,49.5,49.5,51.2,49.15,35.5,31.45,35.75,-2.85,-3.19,0.34,61.4,52.2,43.0,7893,8285,0.95,250.34,20.04,0.2,0.4,2026-04-16,2026-04-16 09:44:24
8111,立碁,72.0,72.5,73.6,71.4,78.18,63.75,67.8,0.91,-0.47,1.38,71.3,63.61,55.92,7187,6709,1.07,78.55,189.47,0.9,1.25,2026-04-16,2026-04-16 09:44:25
8112,至上,85.8,84.5,86.3,83.7,73.79,62.49,55.09,1.01,0.64,0.37,92.29,81.88,71.46,23251,18852,1.23,448.13,18.06,3.35,3.9,2026-04-16,2026-04-16 09:44:27
8114,振樺電,171.0,171.0,172.0,170.5,39.27,30.37,43.37,-2.46,-2.41,-0.05,184.69,172.53,160.36,283,417,0.68,130.52,9.39,7.76,4.54,2026-04-16,2026-04-16 09:44:28
8119,公信,13.15,16.0,16.6,11.15,68.41,57.95,69.58,1.08,0.41,0.67,12.98,8.78,4.57,4867,2690,1.81,8.37,,,,2026-04-16,2026-04-16 09:44:29
8121,越峰,27.55,25.5,27.55,25.5,79.7,63.96,64.44,-0.12,-0.56,0.43,26.8,24.57,22.35,1683,632,2.66,58.68,,,,2026-04-16,2026-04-16 09:44:31
8131,福懋科,61.7,62.1,63.8,61.5,51.55,47.65,47.14,-1.15,-1.45,0.3,67.5,62.31,57.12,4066,3961,1.03,272.85,45.37,1.45,2.35,2026-04-16,2026-04-16 09:44:32
8147,正淩,147.5,146.0,148.0,143.5,57.03,61.1,54.24,4.73,4.66,0.07,154.43,142.43,130.42,356,1137,0.31,60.59,51.22,1.99,1.35,2026-04-16,2026-04-16 09:44:34
8150,南茂,73.7,69.2,73.7,68.8,86.16,75.38,77.04,1.75,0.26,1.49,69.75,60.42,51.09,50398,25404,1.98,515.89,95.71,1.23,1.67,2026-04-16,2026-04-16 09:44:35
8155,博智,356.5,341.0,363.0,331.5,90.42,83.05,73.98,31.75,23.9,7.86,355.36,283.4,211.44,5915,5253,1.13,204.53,58.83,3.8,1.07,2026-04-16,2026-04-16 09:44:37
8162,微矽電子-創,41.9,42.8,42.95,41.7,55.51,56.51,62.57,1.05,0.73,0.31,43.58,39.96,36.34,220,449,0.49,28.79,26.86,1.0,2.39,2026-04-16,2026-04-16 09:44:38
8163,達方,28.3,27.85,28.7,27.85,74.27,59.33,51.02,-0.39,-0.57,0.18,28.85,27.7,26.55,1916,1023,1.87,78.11,55.49,2.0,7.07,2026-04-16,2026-04-16 09:44:39
8171,天宇,24.05,24.25,24.55,23.55,50.78,39.12,31.13,-0.74,-0.73,-0.01,27.27,25.03,22.79,174,159,1.09,26.87,11.79,,,2026-04-16,2026-04-16 09:44:41
8176,智捷,10.6,10.5,10.75,10.45,14.45,16.33,22.03,-0.22,-0.08,-0.14,13.47,11.6,9.73,171,269,0.64,7.35,26.5,,,2026-04-16,2026-04-16 09:44:42
8182,加高,35.5,33.15,35.5,32.95,76.85,66.01,73.98,1.44,0.74,0.7,33.73,28.85,23.97,3928,2342,1.68,38.0,80.68,2.0,5.63,2026-04-16,2026-04-16 09:44:44
8183,精星,35.75,35.55,36.3,35.1,79.43,67.62,57.99,0.04,-0.25,0.28,37.11,34.2,31.28,892,504,1.77,43.17,15.02,1.3,3.64,2026-04-16,2026-04-16 09:44:45
8201,無敵,13.55,13.4,13.7,13.4,73.53,65.75,55.17,-0.05,-0.19,0.14,14.07,13.02,11.97,44,146,0.31,8.45,,,,2026-04-16,2026-04-16 09:44:47
8210,勤誠,1020.0,1010.0,1045.0,1005.0,82.53,71.26,65.43,14.34,-2.15,16.49,991.61,902.2,812.79,4495,3683,1.22,1278.26,35.95,7.49,0.73,2026-04-16,2026-04-16 09:44:48
8213,志超,36.05,35.5,36.35,35.5,80.97,69.64,66.83,0.09,-0.31,0.4,35.69,33.56,31.44,1076,1065,1.01,95.3,16.02,1.38,3.83,2026-04-16,2026-04-16 09:44:49
8215,明基材,26.6,26.75,27.15,26.4,81.37,72.9,63.4,1.12,0.93,0.19,27.08,24.44,21.79,3734,4250,0.88,85.3,14.86,0.62,2.33,2026-04-16,2026-04-16 09:44:50
8222,寶一,37.7,36.6,39.0,36.5,51.28,31.47,53.23,-0.75,-1.09,0.34,38.82,35.86,32.91,1385,588,2.35,25.85,68.55,0.7,1.86,2026-04-16,2026-04-16 09:44:52
8227,巨有科技,136.0,126.5,136.0,126.0,82.41,70.05,62.64,-0.96,-2.72,1.76,132.78,123.15,113.52,1692,495,3.41,53.78,66.02,1.6,1.18,2026-04-16,2026-04-16 09:44:53
8234,新漢,61.4,61.7,62.6,61.1,51.86,38.22,37.5,-1.69,-1.93,0.24,68.8,62.47,56.14,320,487,0.66,86.71,157.44,0.6,0.98,2026-04-16,2026-04-16 09:44:55
8240,華宏,64.4,62.5,65.9,60.0,74.29,71.89,63.66,4.27,3.66,0.61,65.5,56.96,48.43,5306,8466,0.63,64.4,29.95,1.6,2.48,2026-04-16,2026-04-16 09:44:56
8249,菱光,50.0,50.5,50.7,49.8,70.31,57.52,48.28,-1.09,-1.58,0.49,52.38,49.39,46.39,424,489,0.87,67.49,12.56,2.02,4.04,2026-04-16,2026-04-16 09:44:58
8255,朋程,127.0,123.5,127.5,123.5,71.96,54.15,39.13,-0.67,-0.91,0.24,133.86,124.78,115.69,556,328,1.7,129.28,20.79,4.19,3.3,2026-04-16,2026-04-16 09:44:59
8261,富鼎,116.0,108.5,118.0,105.5,78.92,71.26,67.27,2.86,2.06,0.8,116.66,106.24,95.81,5777,2945,1.96,137.9,20.39,3.19,2.75,2026-04-16,2026-04-16 09:45:00
8271,宇瞻,163.5,160.0,165.0,157.5,72.85,65.81,51.93,4.13,4.25,-0.12,200.04,159.57,119.11,4833,7777,0.62,209.49,24.62,2.21,1.35,2026-04-16,2026-04-16 09:45:02
8272,全景軟體,71.0,71.0,71.5,70.5,15.88,20.12,25.45,-1.32,-1.26,-0.06,76.48,73.0,69.53,29,22,1.29,13.49,15.43,2.4,3.38,2026-04-16,2026-04-16 09:45:03
8279,生展,106.5,7.53,7.58,7.53,21.43,17.69,17.78,-0.33,-0.33,0.0,8.68,7.95,7.23,185,218,0.85,,,,,2026-04-16,2026-04-16 09:45:05
8284,三竹,63.6,63.6,63.6,63.6,42.96,51.0,43.75,0.19,0.21,-0.03,64.23,63.68,63.12,6,18,0.33,30.11,13.47,4.0,6.29,2026-04-16,2026-04-16 09:45:06
8289,泰藝,47.2,44.8,47.2,44.8,73.57,55.34,66.34,2.46,1.83,0.63,44.36,38.08,31.8,3232,5553,0.58,32.25,1180.0,0.3,0.64,2026-04-16,2026-04-16 09:45:08
8291,尚茂,13.5,13.6,13.6,13.5,15.07,14.36,11.63,-0.48,-0.49,0.01,15.4,13.96,12.51,20,8,2.5,2.36,,,,2026-04-16,2026-04-16 09:45:09
8298,威睿,55.5,49.0,58.0,49.0,71.9,61.5,49.2,4.38,3.53,0.85,58.44,42.53,26.63,320,115,2.78,14.23,346.88,0.2,0.36,2026-04-16,2026-04-16 09:45:11
8299,群聯,1585.0,1640.0,1660.0,1580.0,40.45,49.29,43.91,-49.49,-55.29,5.8,1960.41,1692.5,1424.59,8811,8716,1.01,3454.68,39.85,31.31,1.98,2026-04-16,2026-04-16 09:45:12
8329,台視,10.4,10.1,10.45,10.1,51.98,39.92,51.16,0.02,0.01,0.0,10.57,10.25,9.93,80,74,1.07,29.18,2.78,0.75,7.21,2026-04-16,2026-04-16 09:45:14
8341,日友,76.4,76.0,76.5,75.9,47.44,38.69,45.65,-0.36,-0.39,0.03,77.47,76.32,75.16,218,172,1.26,99.32,17.13,3.8,4.97,2026-04-16,2026-04-16 09:45:15
8342,益張,93.5,93.1,93.5,93.1,85.2,86.36,79.1,2.14,1.49,0.65,95.14,88.33,81.51,3,15,0.2,31.36,15.69,5.0,5.35,2026-04-16,2026-04-16 09:45:17
8345,超秦,56.4,56.2,56.4,56.2,66.63,66.51,67.94,1.06,1.03,0.03,59.1,55.26,51.41,5,9,0.63,29.33,12.42,1.0,1.77,2026-04-16,2026-04-16 09:45:18
8349,恒耀,43.8,43.05,44.35,42.7,66.64,66.49,59.9,0.51,0.21,0.3,45.02,42.33,39.65,212,336,0.63,91.46,22.81,1.82,4.16,2026-04-16,2026-04-16 09:45:20
8354,冠好,16.3,15.75,16.9,15.65,61.24,51.12,73.47,0.12,0.0,0.12,16.02,15.31,14.6,461,189,2.43,12.8,116.43,0.6,3.68,2026-04-16,2026-04-16 09:45:22
8358,金居,334.5,340.0,341.5,325.0,89.16,82.54,82.48,16.69,5.45,11.24,330.27,260.77,191.28,45641,45795,1.0,844.58,79.64,1.5,0.45,2026-04-16,2026-04-16 09:45:23
8359,錢櫃,69.2,69.9,69.9,68.7,65.1,65.14,28.85,1.36,1.73,-0.36,75.57,69.79,64.01,10,72,0.14,94.46,12.49,6.0,8.67,2026-04-16,2026-04-16 09:45:25
8367,建新國際,43.8,44.1,44.1,43.7,61.85,57.34,65.12,0.34,0.36,-0.02,43.72,43.23,42.74,34,52,0.65,40.37,11.56,2.85,6.51,2026-04-16,2026-04-16 09:45:26
8374,羅昇,82.6,86.3,91.5,82.4,77.71,70.62,66.32,0.54,-1.73,2.27,82.3,71.67,61.04,4324,2016,2.14,92.72,,0.45,0.54,2026-04-16,2026-04-16 09:45:27
8383,千附,56.8,54.7,57.5,54.7,88.56,78.63,82.18,2.95,1.82,1.13,54.95,46.94,38.94,4475,4000,1.12,64.08,16.8,2.5,4.4,2026-04-16,2026-04-16 09:45:29
8390,金益鼎,91.6,91.4,92.2,91.1,48.33,50.25,45.83,-1.29,-1.57,0.28,96.84,91.89,86.95,390,949,0.41,88.04,13.96,2.5,2.73,2026-04-16,2026-04-16 09:45:30
8401,白紗科,25.0,24.9,25.0,24.8,43.73,28.56,38.89,-0.44,-0.5,0.07,25.78,25.16,24.55,29,46,0.63,17.67,9.54,1.2,4.8,2026-04-16,2026-04-16 09:45:32
8403,盛弘,22.35,22.35,22.4,22.25,39.92,24.4,44.12,-0.2,-0.23,0.02,22.72,22.38,22.04,141,167,0.84,30.76,21.7,0.5,2.24,2026-04-16,2026-04-16 09:45:34
8404,百和興業-KY,18.1,18.5,18.5,18.05,31.17,20.66,36.36,-0.86,-0.97,0.12,19.83,18.54,17.25,441,482,0.91,76.01,12.75,0.15,0.83,2026-04-16,2026-04-16 09:45:35
8409,商之器,20.8,20.9,20.9,20.65,62.41,62.21,48.57,0.03,0.01,0.03,21.12,20.73,20.33,15,20,0.73,6.66,86.67,,,2026-04-16,2026-04-16 09:45:37
8410,森田,36.8,36.35,36.85,36.3,74.57,58.12,50.0,-0.15,-0.21,0.07,37.43,36.46,35.49,61,27,2.22,13.46,11.36,3.0,8.15,2026-04-16,2026-04-16 09:45:38
8411,福貞-KY,12.4,12.3,12.4,12.3,93.6,87.46,58.33,0.04,0.03,0.01,12.49,12.31,12.12,52,78,0.66,27.08,22.14,0.05,0.4,2026-04-16,2026-04-16 09:45:39
8415,大國鋼,33.7,33.8,33.85,33.7,19.38,32.2,53.13,0.03,0.05,-0.02,34.57,33.89,33.21,306,365,0.84,340.2,11.05,1.5,4.45,2026-04-16,2026-04-16 09:45:41
8416,實威,169.0,170.5,170.5,168.0,54.49,64.24,51.85,-0.57,-0.97,0.39,171.18,169.05,166.92,18,11,1.63,47.68,12.57,8.0,4.73,2026-04-16,2026-04-16 09:45:42
8421,旭源,13.5,13.45,13.6,13.45,24.0,28.59,45.83,0.01,0.05,-0.03,13.88,13.64,13.39,58,47,1.24,7.23,,,,2026-04-16,2026-04-16 09:45:44
8422,可寧衛*,29.9,29.6,30.1,29.35,34.66,28.52,47.66,-0.74,-1.0,0.25,30.36,29.33,28.31,12650,9718,1.3,339.9,26.94,0.99,3.31,2026-04-16,2026-04-16 09:45:45
8423,保綠-KY,18.2,18.35,18.4,18.2,28.38,25.99,44.74,-0.12,-0.08,-0.04,19.31,18.51,17.7,12,12,1.0,7.59,24.93,0.6,3.3,2026-04-16,2026-04-16 09:45:47
8424,惠普,74.3,74.2,74.3,74.2,31.31,33.66,43.75,-0.05,-0.01,-0.03,74.62,74.39,74.15,9,10,0.89,26.79,12.85,4.4,5.92,2026-04-16,2026-04-16 09:45:48
8426,紅木-KY,24.75,25.2,25.2,24.6,34.26,32.71,50.0,-0.41,-0.43,0.02,25.95,25.12,24.29,48,33,1.43,12.44,13.38,2.5,10.1,2026-04-16,2026-04-16 09:45:50
8429,金麗-KY,6.9,6.88,6.97,6.85,41.78,38.44,48.61,-0.08,-0.1,0.02,7.07,6.91,6.74,188,210,0.9,12.82,57.5,,,2026-04-16,2026-04-16 09:45:51
8431,匯鑽科,65.4,67.0,67.8,65.0,62.31,55.64,48.66,-0.15,-0.77,0.62,73.8,64.38,54.95,947,2066,0.46,30.91,,0.09,0.14,2026-04-16,2026-04-16 09:45:53
8432,東生華,51.2,51.5,51.5,51.2,33.55,34.52,50.0,-0.48,-0.62,0.14,52.0,51.34,50.67,13,21,0.63,19.66,14.14,2.12,4.14,2026-04-16,2026-04-16 09:45:55
8433,弘帆,59.0,57.1,59.5,56.6,46.29,45.7,57.32,1.23,1.41,-0.19,59.6,57.6,55.6,451,258,1.75,32.16,19.34,4.2,7.12,2026-04-16,2026-04-16 09:45:56
8435,鉅邁,57.5,57.5,57.8,57.3,43.96,30.6,53.66,0.2,0.21,-0.0,57.79,57.02,56.25,42,40,1.07,20.24,14.74,3.2,5.57,2026-04-16,2026-04-16 09:45:58
8436,大江,123.0,122.0,125.5,122.0,23.56,29.44,41.67,-1.64,-1.67,0.03,128.04,124.17,120.31,888,668,1.33,135.52,14.25,10.0,8.13,2026-04-16,2026-04-16 09:46:00
8437,大地-KY,12.4,12.1,12.4,12.1,31.76,21.5,33.33,-0.52,-0.58,0.06,13.25,12.65,12.06,86,106,0.81,5.83,1.35,1.02,8.23,2026-04-16,2026-04-16 09:46:02
8438,昶昕,85.6,87.3,88.1,84.1,69.16,75.54,77.87,6.19,4.7,1.49,93.61,73.07,52.53,2161,3866,0.56,59.87,40.96,1.3,1.52,2026-04-16,2026-04-16 09:46:03
8440,綠電,22.8,22.8,23.0,22.65,42.24,32.78,43.21,-0.55,-0.65,0.1,24.34,22.99,21.64,77,98,0.79,11.46,73.55,0.15,0.66,2026-04-16,2026-04-16 09:46:08
8442,威宏-KY,52.3,52.6,52.6,51.9,51.46,40.07,50.96,-2.5,-3.09,0.59,55.35,52.4,49.45,67,48,1.38,36.7,13.01,6.41,12.26,2026-04-16,2026-04-16 09:46:09
8443,阿瘦,12.05,11.75,12.1,11.75,71.25,64.85,61.11,0.08,0.08,-0.01,12.18,11.96,11.73,60,46,1.31,8.05,,0.2,1.66,2026-04-16,2026-04-16 09:46:10
8444,綠河-KY,5.3,5.19,5.61,5.19,9.97,12.1,16.86,-1.01,-0.68,-0.34,10.79,7.82,4.86,37,99,0.38,5.87,,,,2026-04-16,2026-04-16 09:46:12
8446,華研,90.7,91.0,91.1,90.2,64.87,53.03,49.76,0.5,0.6,-0.1,91.77,90.7,89.63,422,411,1.03,47.99,8.83,8.0,8.82,2026-04-16,2026-04-16 09:46:14
8450,霹靂,17.5,17.95,17.95,17.2,39.85,35.77,42.47,0.07,0.07,-0.0,18.28,17.48,16.67,28,42,0.66,8.98,,,,2026-04-16,2026-04-16 09:46:15
8454,富邦媒,179.5,180.0,183.0,179.5,48.72,60.68,50.0,-0.75,-1.17,0.42,183.92,179.53,175.13,498,461,1.08,475.63,15.91,12.19,6.79,2026-04-16,2026-04-16 09:46:16
8455,大拓-KY,19.95,19.95,19.95,19.95,35.94,41.29,22.37,-0.35,-0.26,-0.09,21.81,20.84,19.87,2,10,0.2,5.03,997.5,,,2026-04-16,2026-04-16 09:46:18
8458,影一,15.5,15.7,15.8,15.05,57.75,70.1,31.48,-0.17,0.03,-0.2,19.18,17.7,16.22,15,35,0.44,5.56,140.91,,,2026-04-16,2026-04-16 09:46:19
8462,柏文,142.0,141.0,143.0,141.0,58.1,47.15,50.0,-0.68,-0.83,0.16,146.37,141.3,136.23,127,98,1.3,112.59,17.11,4.2,2.96,2026-04-16,2026-04-16 09:46:20
8463,潤泰材,23.1,23.25,23.4,23.1,73.87,56.11,51.79,-0.7,-0.9,0.2,24.31,22.91,21.51,80,134,0.6,34.65,12.49,1.1,4.76,2026-04-16,2026-04-16 09:46:22
8464,億豐,370.0,365.0,372.5,361.0,69.69,65.1,61.41,-1.5,-5.28,3.78,384.43,354.68,324.93,548,875,0.63,1084.17,16.45,16.0,4.32,2026-04-16,2026-04-16 09:46:23
8466,美吉吉-KY,17.85,18.0,18.0,17.75,28.73,35.38,54.05,-0.6,-0.7,0.11,19.13,18.16,17.18,113,66,1.7,14.18,3.26,1.2,6.72,2026-04-16,2026-04-16 09:46:24
8467,波力-KY,157.0,156.5,160.0,156.5,64.01,50.15,59.18,-2.48,-4.15,1.67,158.09,151.7,145.31,25,38,0.67,75.95,15.92,4.06,2.59,2026-04-16,2026-04-16 09:46:25
8472,夠麻吉,75.6,78.6,78.9,72.8,38.58,42.82,41.98,1.69,2.68,-0.99,81.44,77.9,74.35,43,23,1.81,13.41,,,,2026-04-16,2026-04-16 09:46:27
8473,山林水,37.8,37.7,38.15,37.5,53.25,37.13,28.29,-0.23,-0.14,-0.09,41.08,38.3,35.52,405,436,0.93,68.44,15.3,0.73,1.93,2026-04-16,2026-04-16 09:46:28
8476,台境*,18.2,18.35,18.35,18.15,16.52,22.98,25.88,-0.23,-0.14,-0.09,20.21,19.05,17.89,342,476,0.72,29.35,35.0,1.02,5.6,2026-04-16,2026-04-16 09:46:29
8477,創業家,13.35,13.2,13.4,13.2,38.73,44.99,41.27,0.02,0.1,-0.08,14.21,13.71,13.21,24,47,0.51,8.57,,,,2026-04-16,2026-04-16 09:46:31
8478,東哥遊艇,169.5,169.0,172.0,168.0,58.98,50.44,55.42,-0.37,-2.15,1.78,170.86,162.35,153.84,135,239,0.57,159.28,13.08,5.0,2.95,2026-04-16,2026-04-16 09:46:32
8481,政伸,41.95,42.0,42.05,41.9,56.93,54.4,48.94,0.04,0.04,-0.0,42.29,41.92,41.54,37,20,1.82,27.94,12.95,2.55,6.08,2026-04-16,2026-04-16 09:46:33
8482,商億-KY,49.2,49.9,50.0,49.2,68.95,66.12,50.0,0.05,-0.17,0.22,50.58,48.36,46.14,18,9,1.84,51.7,21.39,4.36,8.86,2026-04-16,2026-04-16 09:46:34
8487,愛爾達-創,79.7,80.2,80.5,79.7,46.32,47.48,49.06,-0.28,-0.39,0.11,80.96,79.65,78.35,23,43,0.54,21.15,19.97,5.2,6.52,2026-04-16,2026-04-16 09:46:35
8488,吉源-KY,10.35,10.35,10.5,10.35,59.69,50.7,69.42,0.06,-0.0,0.06,10.22,9.87,9.52,19,88,0.22,7.61,,,,2026-04-16,2026-04-16 09:46:37
8489,三貝德,26.45,26.35,27.95,26.2,52.28,48.75,55.37,-0.79,-1.18,0.39,27.11,25.67,24.22,637,279,2.28,15.67,,,,2026-04-16,2026-04-16 09:46:38
8499,鼎炫-KY,270.0,285.0,285.0,268.5,71.82,72.11,55.35,-0.75,-4.01,3.26,283.89,262.02,240.16,200,134,1.49,111.15,26.65,8.06,2.99,2026-04-16,2026-04-16 09:46:39
8905,裕國,40.3,40.15,40.75,39.9,39.89,46.95,52.33,0.51,0.68,-0.17,40.6,40.09,39.58,65,23,2.78,46.47,66.07,1.0,2.48,2026-04-16,2026-04-16 09:46:41
8906,花王,28.7,28.65,28.7,28.55,16.66,24.66,33.33,-0.8,-0.91,0.1,30.25,29.42,28.58,24,46,0.52,12.1,,0.1,0.35,2026-04-16,2026-04-16 09:46:43
8908,欣雄,41.5,41.0,41.8,40.75,62.19,46.08,57.89,-0.12,-0.17,0.05,41.77,40.81,39.85,423,363,1.17,130.47,19.3,1.5,3.61,2026-04-16,2026-04-16 09:46:44
8916,光隆,47.9,47.9,47.95,47.55,66.69,64.92,83.33,0.02,-0.08,0.1,47.99,47.42,46.84,60,73,0.83,71.95,19.39,3.59,7.49,2026-04-16,2026-04-16 09:46:46
8917,欣泰,52.5,54.0,54.0,52.5,36.81,34.34,29.03,-1.05,-1.02,-0.02,56.96,54.22,51.48,18,20,0.92,85.39,23.54,2.2,4.19,2026-04-16,2026-04-16 09:46:48
8921,沈氏,17.4,17.75,17.8,17.35,38.49,37.5,36.84,-0.09,-0.11,0.02,17.81,17.35,16.88,21,14,1.47,8.11,,0.22,1.26,2026-04-16,2026-04-16 09:46:49
8923,時報,20.1,20.15,20.15,20.1,47.18,43.94,48.65,-0.0,0.01,-0.01,20.45,19.85,19.26,2,2,0.91,6.11,20.94,0.85,4.23,2026-04-15,2026-04-16 09:46:51
8924,大田,67.7,67.7,68.0,67.5,69.2,63.5,46.67,-0.4,-0.57,0.17,68.83,67.71,66.59,140,88,1.59,56.73,12.09,4.3,6.35,2026-04-16,2026-04-16 09:46:52
8926,台汽電,44.6,44.35,44.65,44.35,70.84,47.91,48.73,-0.25,-0.29,0.03,46.01,44.27,42.53,820,1408,0.58,335.57,18.82,2.04,4.57,2026-04-16,2026-04-16 09:46:53
8927,北基,23.6,23.1,23.6,23.1,30.4,34.36,52.5,-0.19,-0.2,0.01,24.45,23.51,22.58,246,537,0.46,99.96,67.43,0.3,1.27,2026-04-16,2026-04-16 09:46:55
8928,鉅明,22.65,22.85,22.85,22.65,28.51,26.46,36.62,-0.44,-0.45,0.01,23.9,23.2,22.5,26,24,1.1,11.52,16.06,1.7,7.51,2026-04-16,2026-04-16 09:46:57
8929,富堡,15.6,15.6,15.6,15.5,13.44,21.74,44.12,-0.16,-0.12,-0.04,16.51,15.9,15.3,30,24,1.26,7.89,,,,2026-04-16,2026-04-16 09:46:58
8930,青鋼,31.5,29.85,31.5,29.55,65.32,61.05,77.37,0.19,0.13,0.06,30.83,30.04,29.25,101,47,2.12,25.29,13.18,2.2,6.98,2026-04-16,2026-04-16 09:47:00
8931,大汽電,42.3,42.3,42.4,42.3,31.91,24.97,30.97,-1.01,-0.92,-0.09,46.32,43.49,40.65,7,31,0.22,51.71,22.62,2.0,4.73,2026-04-16,2026-04-16 09:47:02
8932,智通*,86.6,88.9,89.5,86.1,63.46,54.63,55.91,-1.42,-2.46,1.04,87.18,82.89,78.61,1450,1962,0.74,305.73,94.13,0.14,0.16,2026-04-16,2026-04-16 09:47:03
8933,愛地雅,6.57,6.53,6.62,6.51,16.84,18.4,51.61,-0.07,-0.06,-0.02,7.1,6.71,6.32,249,292,0.85,21.47,,,,2026-04-16,2026-04-16 09:47:05
8935,邦泰,19.0,19.25,19.45,18.95,49.75,45.2,56.82,-0.11,-0.22,0.11,20.09,18.67,17.25,253,436,0.58,21.56,,,,2026-04-16,2026-04-16 09:47:06
8936,國統,50.4,50.7,50.7,50.2,14.81,11.23,14.67,-0.72,-0.51,-0.21,56.05,52.09,48.13,1011,1673,0.6,125.03,12.41,2.0,3.97,2026-04-16,2026-04-16 09:47:08
8937,合騏*,31.5,33.85,33.85,30.4,17.56,22.41,19.72,-0.83,-0.33,-0.5,40.01,36.54,33.07,1280,719,1.78,133.79,,0.03,0.1,2026-04-16,2026-04-16 09:47:09
8938,明安,63.2,63.5,63.5,62.8,42.08,44.01,57.01,-0.22,-0.4,0.18,64.54,62.71,60.88,150,400,0.38,95.89,10.52,4.0,6.33,2026-04-16,2026-04-16 09:47:11
8940,新天地,18.0,18.55,18.55,18.0,40.61,36.12,41.18,-0.33,-0.36,0.03,19.2,18.42,17.63,60,58,1.03,12.15,32.73,,,2026-04-16,2026-04-16 09:47:12
8941,關中,45.05,46.1,46.2,44.6,52.37,59.26,47.66,-0.05,-0.03,-0.02,46.52,45.7,44.89,23,7,3.24,15.75,38.84,1.5,3.33,2026-04-16,2026-04-16 09:47:14
8942,森鉅,43.5,44.9,44.95,43.0,76.75,78.22,75.09,1.86,1.08,0.78,45.11,39.0,32.89,615,1514,0.41,86.5,23.77,3.5,8.05,2026-04-16,2026-04-16 09:47:15
8996,高力,1115.0,1100.0,1140.0,1050.0,77.3,78.29,79.27,70.26,47.44,22.81,1152.02,935.91,719.81,1627,3293,0.49,1035.69,125.14,4.56,0.41,2026-04-16,2026-04-16 09:47:16
9103,美德醫療-DR,5.04,38.2,38.25,38.05,84.86,82.53,66.67,0.01,-0.04,0.06,38.72,37.84,36.96,6,1,5.0,27.46,,,,2026-04-16,2026-04-16 09:47:18
9105,泰金寶-DR,5.94,5.78,5.94,5.63,44.43,25.76,63.16,-0.05,-0.08,0.03,5.87,5.55,5.23,32121,14079,2.28,620.73,29.7,0.15,2.53,2026-04-16,2026-04-16 09:47:19
9110,越南控-DR,3.07,3.06,3.08,3.0,42.29,33.45,42.17,-0.02,-0.01,-0.01,3.21,3.09,2.97,31,44,0.7,27.87,19.19,,,2026-04-16,2026-04-16 09:47:20
9136,巨騰-DR,9.46,9.8,9.98,9.46,55.09,41.31,35.68,0.06,0.12,-0.06,11.46,9.61,7.76,1336,1356,0.99,83.41,,,,2026-04-16,2026-04-16 09:47:22
9802,鈺齊-KY,81.0,78.6,81.0,78.6,67.14,46.11,51.96,-2.2,-2.87,0.67,83.66,78.9,74.14,1491,1189,1.25,162.8,13.8,5.1,6.3,2026-04-16,2026-04-16 09:47:23
9902,台火,14.9,14.45,14.95,14.45,67.24,48.94,62.16,-0.25,-0.38,0.13,14.81,14.42,14.03,188,139,1.36,14.61,,0.3,2.01,2026-04-16,2026-04-16 09:47:24
9904,寶成,28.1,28.15,28.3,28.05,22.0,29.61,42.42,-0.42,-0.43,0.01,29.09,28.49,27.9,11449,12630,0.91,828.05,6.89,1.7,6.05,2026-04-16,2026-04-16 09:47:25
9905,大華,21.6,21.35,21.65,21.3,72.6,64.53,62.96,0.18,0.16,0.02,21.59,21.1,20.62,233,109,2.14,65.88,16.62,1.2,5.56,2026-04-16,2026-04-16 09:47:27
9906,欣巴巴,42.0,42.8,43.45,41.9,62.56,55.64,45.39,-0.2,-0.38,0.18,44.17,41.68,39.19,67,71,0.94,37.96,466.67,6.5,15.48,2026-04-16,2026-04-16 09:47:28
9907,統一實,18.05,18.0,18.1,17.95,24.25,35.89,51.28,-0.06,-0.03,-0.03,18.68,18.2,17.72,2252,2646,0.85,285.04,13.27,0.97,5.37,2026-04-16,2026-04-16 09:47:29
9908,大台北,29.8,29.9,29.95,29.75,41.94,29.25,45.83,-0.14,-0.14,-0.0,30.23,29.91,29.6,355,502,0.71,149.26,17.33,1.2,4.03,2026-04-16,2026-04-16 09:47:31
9910,豐泰,78.1,77.4,78.5,76.9,23.85,20.1,39.34,-2.95,-3.18,0.22,83.71,79.74,75.77,2235,1952,1.14,771.22,15.31,5.1,6.53,2026-04-16,2026-04-16 09:47:32
9911,櫻花,84.2,85.0,85.0,84.1,52.48,60.84,40.54,0.32,0.47,-0.15,86.37,84.68,82.98,208,212,0.98,185.3,13.47,5.0,5.94,2026-04-16,2026-04-16 09:47:33
9912,偉聯,12.6,12.55,12.65,12.55,42.13,48.68,50.0,0.09,0.11,-0.02,12.79,12.62,12.44,18,57,0.33,6.83,,,,2026-04-16,2026-04-16 09:47:34
9914,美利達,62.3,60.6,62.7,60.6,38.9,27.51,32.9,-3.3,-3.44,0.15,71.07,64.43,57.8,1521,1921,0.79,186.27,15.57,4.0,6.42,2026-04-16,2026-04-16 09:47:35
9917,中保科,116.5,116.0,116.5,116.0,78.21,71.85,63.16,1.61,1.67,-0.06,116.89,114.38,111.86,449,471,0.95,517.32,17.21,5.2,4.46,2026-04-16,2026-04-16 09:47:37
9918,欣天然,43.5,43.3,43.55,42.9,25.74,22.78,34.0,-0.77,-0.15,-0.62,51.66,46.31,40.96,178,259,0.69,77.43,27.19,1.6,3.68,2026-04-16,2026-04-16 09:47:38
9919,康那香,15.05,15.1,15.2,15.0,10.54,9.65,32.0,-0.26,-0.23,-0.03,16.02,15.44,14.86,466,526,0.89,29.4,,0.2,1.33,2026-04-16,2026-04-16 09:47:39
9921,巨大,71.4,68.4,71.5,68.1,45.66,30.38,51.85,-2.35,-2.82,0.47,73.63,70.48,67.33,2425,1890,1.28,279.93,38.8,2.2,3.08,2026-04-16,2026-04-16 09:47:40
9924,福興,45.25,45.2,45.4,44.95,28.91,23.95,18.18,-0.44,-0.48,0.04,47.79,45.58,43.36,115,104,1.11,68.22,14.93,5.88,12.99,2026-04-16,2026-04-16 09:47:42
9925,新保,40.75,40.8,40.8,40.7,48.37,51.17,54.55,-0.01,-0.01,0.01,40.84,40.74,40.63,226,219,1.03,156.56,17.27,2.0,4.91,2026-04-16,2026-04-16 09:47:43
9926,新海,49.95,50.0,50.3,49.9,46.84,36.65,48.48,-0.13,-0.15,0.01,50.34,49.88,49.41,32,37,0.85,89.66,18.64,2.0,4.0,2026-04-16,2026-04-16 09:47:44
9927,泰銘,70.7,70.4,70.9,70.2,85.46,74.35,77.05,0.47,0.14,0.34,70.51,68.4,66.3,105,86,1.22,84.84,16.64,3.94,5.57,2026-04-16,2026-04-16 09:47:46
9928,中視,17.9,18.2,18.2,17.75,51.84,59.05,55.17,0.0,-0.01,0.01,18.16,17.91,17.66,96,78,1.23,12.66,,,,2026-04-16,2026-04-16 09:47:47
9929,秋雨,13.35,12.05,13.45,12.05,60.13,45.56,52.94,0.33,0.34,-0.01,14.3,12.64,10.99,67,49,1.37,13.52,,,,2026-04-16,2026-04-16 09:47:48
9930,中聯資源,70.9,70.8,70.9,70.5,67.66,63.7,53.66,0.11,0.04,0.07,71.29,70.38,69.48,64,53,1.21,176.21,14.35,4.0,5.64,2026-04-16,2026-04-16 09:47:49
9931,欣高,36.0,36.1,36.3,35.7,25.87,19.36,34.69,-0.76,-0.44,-0.32,42.1,37.86,33.63,119,251,0.48,43.33,14.75,1.8,5.0,2026-04-16,2026-04-16 09:47:51
9933,中鼎,37.95,39.15,40.3,37.0,50.82,38.31,43.0,0.92,0.89,0.03,38.86,35.93,32.99,17716,9736,1.82,340.31,22.06,1.0,2.64,2026-04-16,2026-04-16 09:47:52
9934,成霖,9.64,9.59,9.66,9.53,75.96,56.07,59.3,-0.04,-0.09,0.04,9.7,9.48,9.25,677,654,1.04,39.62,5.77,0.35,3.63,2026-04-16,2026-04-16 09:47:53
9935,慶豐富,19.25,18.95,19.45,18.9,50.69,37.31,36.96,-0.11,-0.08,-0.02,20.08,19.32,18.57,344,386,0.89,33.85,12.11,1.8,9.35,2026-04-16,2026-04-16 09:47:54
9937,全國,57.4,57.2,57.5,56.9,66.55,61.44,63.33,-0.14,-0.26,0.12,57.3,56.74,56.18,75,55,1.36,177.39,24.43,2.1,3.66,2026-04-16,2026-04-16 09:47:56
9938,百和,46.75,47.5,48.0,46.55,46.48,29.23,42.86,-0.95,-1.11,0.16,48.73,46.61,44.49,2571,1738,1.48,139.3,11.43,3.0,6.42,2026-04-16,2026-04-16 09:47:57
9939,宏全,114.5,112.5,114.5,112.5,34.57,25.54,35.14,-2.08,-1.66,-0.42,122.46,116.1,109.74,1492,2929,0.51,338.68,12.61,6.2,5.41,2026-04-16,2026-04-16 09:47:58
9940,信義,20.2,20.15,20.25,20.1,71.58,59.51,52.38,-0.19,-0.27,0.08,20.28,20.05,19.82,511,468,1.09,148.84,72.14,1.8,8.91,2026-04-16,2026-04-16 09:47:59
9941,裕融,77.8,77.4,78.3,77.2,60.8,44.39,48.96,-0.09,-0.14,0.05,79.4,77.03,74.65,1262,1319,0.96,447.84,10.63,4.38,5.63,2026-04-16,2026-04-16 09:48:00
9942,茂順,118.0,117.5,118.0,117.5,77.14,69.25,68.18,0.56,0.36,0.2,117.93,115.47,113.02,102,110,0.92,98.13,14.55,7.0,5.93,2026-04-16,2026-04-16 09:48:02
9943,好樂迪,57.2,57.5,57.5,57.1,28.72,29.76,26.19,-0.32,-0.28,-0.03,59.09,57.91,56.72,96,81,1.18,71.6,10.59,4.8,8.39,2026-04-16,2026-04-16 09:48:03
9944,新麗,16.65,16.5,16.65,16.5,91.83,82.11,63.16,0.01,-0.04,0.05,16.68,16.41,16.14,49,46,1.06,17.63,,0.3,1.8,2026-04-16,2026-04-16 09:48:04
9945,潤泰新,25.15,25.2,25.45,25.1,28.76,43.55,46.87,-0.61,-0.72,0.11,26.38,25.42,24.46,5131,5597,0.92,712.88,6.4,1.1,4.37,2026-04-16,2026-04-16 09:48:05
9946,三發地產,17.0,17.05,17.1,16.9,17.27,18.09,22.45,-0.16,-0.08,-0.08,18.75,17.63,16.5,527,478,1.1,55.15,11.18,1.04,6.12,2026-04-16,2026-04-16 09:48:07
9955,佳龍,32.05,32.6,32.65,32.0,67.14,56.27,52.63,-0.51,-0.72,0.22,34.11,31.61,29.12,364,500,0.73,33.47,59.35,,,2026-04-16,2026-04-16 09:48:08
9958,世紀鋼,106.5,104.5,107.0,104.5,25.8,22.21,29.41,-5.95,-5.45,-0.5,131.78,114.3,96.82,1247,1564,0.8,262.94,16.46,4.16,3.91,2026-04-16,2026-04-16 09:48:09
3349,寶德,27.8,27.35,27.95,27.3,68.85,68.33,70.25,-0.11,-0.29,0.19,29.06,26.91,24.76,205,144,1.42,12.81,,,,2026-04-16,2026-04-16 09:48:11
7709,榮田,74.2,79.2,79.9,74.1,60.96,61.5,67.59,5.11,4.53,0.58,84.48,67.35,50.23,683,803,0.85,29.01,30.29,2.3,3.1,2026-04-16,2026-04-16 09:48:12
3228,金麗科,134.5,131.5,139.0,131.5,46.93,46.41,61.39,1.07,0.66,0.41,140.05,129.7,119.35,619,316,1.96,96.18,,,,2026-04-16,2026-04-16 09:48:14
7770,君曜,48.2,46.7,48.35,46.7,30.48,27.67,49.75,-0.85,-0.76,-0.09,52.39,48.88,45.37,13,18,0.72,14.49,16.17,4.0,8.3,2026-04-16,2026-04-16 09:48:15
3552,同致,54.1,54.6,56.0,54.0,30.5,40.49,63.43,1.12,0.77,0.35,60.81,51.56,42.32,340,656,0.52,52.97,80.75,0.77,1.42,2026-04-16,2026-04-16 09:48:17
1294,漢田生技,80.9,80.2,81.0,80.2,28.5,33.52,46.85,-0.43,-0.24,-0.19,84.34,81.66,78.98,36,33,1.09,24.49,17.82,2.84,3.51,2026-04-16,2026-04-16 09:51:36
1593,祺驊,33.5,33.3,33.5,33.15,39.58,37.96,38.37,0.16,0.33,-0.17,34.89,33.81,32.72,25,27,0.95,13.33,15.37,1.6,4.78,2026-04-16,2026-04-16 09:51:38
3066,李洲,21.75,22.5,23.45,21.75,68.68,57.57,57.89,0.8,0.72,0.08,23.32,20.1,16.89,2594,1608,1.61,18.07,,,,2026-04-16,2026-04-16 09:51:39
3081,聯亞,2365.0,2350.0,2365.0,2260.0,88.16,86.25,79.36,256.57,214.54,42.03,2502.75,1846.5,1190.25,2178,3300,0.66,2188.13,517.51,0.5,0.02,2026-04-16,2026-04-16 09:51:41
3093,港建*,73.2,75.6,76.2,70.6,90.16,86.2,86.06,9.15,7.07,2.08,75.29,53.56,31.83,10730,7315,1.47,106.25,60.0,1.15,1.57,2026-04-16,2026-04-16 09:51:42
3163,波若威,1135.0,1220.0,1220.0,1135.0,78.82,83.47,63.8,123.73,110.79,12.94,1320.71,991.75,662.79,765,711,1.08,914.14,183.95,3.0,0.26,2026-04-16,2026-04-16 09:51:44
3205,佰研,61.9,60.2,62.3,60.1,49.15,52.61,71.18,2.61,2.4,0.21,66.21,56.96,47.7,451,450,1.0,41.81,,,,2026-04-16,2026-04-16 09:51:46
3221,台嘉碩,45.7,42.05,45.7,41.8,83.36,69.68,66.46,2.71,2.02,0.69,43.0,36.41,29.83,21109,14850,1.42,48.01,571.25,0.9,1.97,2026-04-16,2026-04-16 09:51:47
3234,光環,112.5,113.0,114.0,107.5,75.79,73.79,61.64,8.97,7.06,1.91,122.72,97.5,72.29,1957,6204,0.32,125.41,937.5,,,2026-04-16,2026-04-16 09:51:49
3491,昇達科,1750.0,1750.0,1765.0,1705.0,69.36,73.01,66.19,109.99,97.11,12.89,1917.66,1576.0,1234.34,1189,1742,0.68,1204.09,228.46,6.49,0.37,2026-04-16,2026-04-16 09:51:50
3587,閎康,334.0,312.5,334.0,312.5,83.33,78.19,70.99,27.23,17.88,9.35,329.74,251.9,174.06,4152,5195,0.8,230.17,56.32,6.92,2.07,2026-04-16,2026-04-16 09:51:52
3664,安瑞-KY,7.55,7.8,7.8,7.55,6.29,9.08,10.08,-1.58,-1.4,-0.18,14.51,10.29,6.07,49,75,0.66,5.43,,,,2026-04-16,2026-04-16 09:51:54
7547,碩網,70.9,71.9,71.9,69.8,14.24,20.19,41.61,2.37,3.82,-1.46,86.08,73.62,61.15,74,185,0.4,23.84,27.7,1.35,1.9,2026-04-16,2026-04-16 09:51:55
7712,博盛半導體,118.0,109.0,118.0,107.5,61.72,49.6,43.33,1.44,2.28,-0.85,128.14,114.62,101.11,626,382,1.64,38.42,21.89,4.0,3.39,2026-04-16,2026-04-16 09:51:57
7718,友鋮,48.25,48.9,49.0,48.25,60.65,50.63,50.5,0.29,0.32,-0.03,51.83,48.29,44.75,40,47,0.85,21.98,12.9,3.5,7.25,2026-04-16,2026-04-16 09:51:59
7734,印能科技,2280.0,2340.0,2400.0,2230.0,49.73,70.97,66.91,225.63,225.06,0.56,2804.49,2154.5,1504.51,534,244,2.18,632.7,68.49,21.72,0.95,2026-04-16,2026-04-16 09:52:00
