股票代號,股票名稱,收盤價,開盤價,最高價,最低價,K值,D值,RSI,DIF,MACD,柱狀圖,BB上軌,BB中軌,BB下軌,成交量張,5日均量張,量比,市值億,本益比,每股配息,殖利率,交易日,更新時間
0050,元大台灣50,106.7,106.55,107.0,106.15,91.54,83.16,54.68,0.32,-0.43,0.75,108.79,101.63,94.47,89145,74320,1.2,,32.35,,,2026-08-13,2026-08-13 07:31:36
0051,元大中型100,145.05,146.65,147.2,144.6,88.75,80.96,56.63,0.29,-1.14,1.43,148.16,137.07,125.98,50,51,0.99,,24.26,,,2026-08-13,2026-08-13 07:31:37
0052,富邦科技,62.4,62.5,62.7,62.1,90.14,81.87,54.24,0.08,-0.4,0.48,63.8,59.34,54.88,20357,18361,1.11,,33.78,,,2026-08-13,2026-08-13 07:31:37
0053,元大電子,243.15,243.8,244.4,242.75,91.16,82.93,55.41,0.72,-1.69,2.42,248.4,228.34,208.29,127,59,2.13,,35.74,,,2026-08-13,2026-08-13 07:31:38
0055,元大MSCI金融,43.72,43.89,43.89,43.35,66.25,71.91,58.71,0.66,0.7,-0.04,45.01,43.1,41.19,230,236,0.98,,17.57,,,2026-08-13,2026-08-13 07:31:39
0056,元大高股息,53.0,53.4,53.5,52.9,89.56,82.35,59.65,0.57,0.18,0.39,53.67,50.16,46.65,44566,34069,1.31,,20.73,,,2026-08-13,2026-08-13 07:31:40
0057,富邦摩台,319.1,318.8,320.35,317.95,91.84,84.19,55.43,1.14,-1.18,2.32,325.09,303.36,281.64,17,13,1.34,,32.07,,,2026-08-13,2026-08-13 07:31:41
0061,元大寶滬深,25.17,25.13,25.26,25.13,80.76,72.2,50.52,0.01,-0.05,0.06,25.45,24.79,24.12,108,288,0.37,,20.61,,,2026-08-13,2026-08-13 07:31:42
1101,台泥,24.05,24.55,24.7,24.0,60.09,58.22,52.81,0.21,0.21,0.0,24.85,24.13,23.42,37502,20787,1.8,1802.11,17.91,0.8,3.33,2026-08-13,2026-08-13 07:31:42
1102,亞泥,31.7,32.55,32.55,31.6,21.03,31.61,36.36,-0.17,-0.08,-0.1,33.51,32.77,32.03,19542,8838,2.21,1124.26,10.1,2.3,7.26,2026-08-13,2026-08-13 07:31:43
1103,嘉泥,13.15,13.4,13.4,13.05,47.31,41.39,50.0,0.03,0.03,-0.0,13.35,13.14,12.92,261,217,1.21,86.63,16.65,0.52,3.95,2026-08-13,2026-08-13 07:31:44
1104,環泥,26.55,26.7,26.75,26.45,25.98,25.0,43.9,-0.07,-0.07,-0.01,27.06,26.67,26.28,583,495,1.18,182.31,10.41,1.85,6.97,2026-08-13,2026-08-13 07:31:45
1108,幸福,11.75,11.75,11.8,11.65,36.77,47.65,34.62,-0.19,-0.18,-0.01,12.35,12.04,11.72,348,495,0.7,47.56,5.85,1.0,8.51,2026-08-13,2026-08-13 07:31:46
1109,信大,13.55,13.6,13.6,13.5,14.1,14.76,30.77,-0.07,-0.05,-0.02,13.97,13.7,13.43,97,84,1.14,46.23,17.15,0.9,6.64,2026-08-13,2026-08-13 07:31:47
1110,東泥,16.6,16.3,16.6,16.05,81.36,69.69,70.97,0.2,0.18,0.02,16.46,16.04,15.63,275,279,0.99,94.7,50.3,0.3,1.81,2026-08-13,2026-08-13 07:31:47
1201,味全,12.2,12.3,12.3,12.2,55.69,43.45,40.0,-0.03,-0.03,-0.01,12.56,12.26,11.95,190,241,0.79,61.74,32.11,0.21,1.72,2026-08-13,2026-08-13 07:31:48
1203,味王,46.0,46.6,46.6,43.2,36.89,42.38,44.16,0.43,0.86,-0.43,49.71,47.4,45.08,23,17,1.34,109.34,26.74,1.2,2.61,2026-08-13,2026-08-13 07:31:49
1210,大成,52.4,52.9,52.9,52.0,41.13,38.07,33.83,-0.19,-0.04,-0.15,55.45,53.58,51.71,2417,3408,0.71,438.43,12.45,3.0,5.73,2026-08-13,2026-08-13 07:31:50
1213,大飲,7.6,7.72,7.72,7.56,69.54,73.67,68.0,-0.02,-0.09,0.07,7.9,7.46,7.02,8,15,0.51,4.3,,0.35,4.61,2026-08-13,2026-08-13 07:31:51
1215,卜蜂,107.5,109.5,109.5,107.5,75.27,69.1,44.12,-1.37,-2.03,0.66,112.1,107.38,102.65,443,537,0.83,316.9,11.6,7.0,6.51,2026-08-13,2026-08-13 07:31:51
1216,統一,76.3,76.5,76.5,75.1,79.02,62.62,59.49,0.49,0.36,0.13,77.62,74.95,72.28,13837,14851,0.93,4335.38,20.68,3.0,3.93,2026-08-13,2026-08-13 07:31:52
1217,愛之味,9.89,9.95,9.95,9.89,46.45,34.7,40.43,-0.02,-0.02,-0.01,10.05,9.9,9.75,202,291,0.7,48.91,20.6,0.25,2.53,2026-08-13,2026-08-13 07:31:53
1218,泰山,15.55,15.75,15.75,15.55,37.36,34.7,43.33,-0.36,-0.4,0.03,16.66,15.92,15.18,589,899,0.65,75.62,10.1,1.32,8.49,2026-08-12,2026-08-13 07:31:54
1219,福壽,11.05,11.05,11.1,10.95,40.04,26.33,26.47,-0.34,-0.34,-0.0,12.27,11.31,10.35,306,431,0.71,37.71,24.02,0.5,4.52,2026-08-13,2026-08-13 07:31:55
1220,台榮,11.05,11.05,11.05,10.95,26.37,31.03,18.18,-0.08,-0.07,-0.01,11.45,11.23,11.02,159,79,2.01,19.49,1105.0,0.2,1.81,2026-08-13,2026-08-13 07:31:56
1225,福懋油,24.8,24.55,25.3,24.55,39.04,28.69,36.5,-0.96,-1.01,0.05,28.06,25.66,23.27,73,125,0.59,60.08,14.76,0.14,0.56,2026-08-13,2026-08-13 07:31:57
1227,佳格,28.9,28.9,28.95,28.6,34.53,32.74,45.31,0.12,0.21,-0.08,29.78,29.03,28.28,920,852,1.08,262.53,19.79,1.34,4.64,2026-08-13,2026-08-13 07:31:57
1229,聯華,41.3,41.7,41.8,41.05,64.09,51.82,45.68,0.26,0.22,0.04,42.24,40.86,39.49,1430,1772,0.81,753.53,16.2,1.8,4.36,2026-08-13,2026-08-13 07:31:58
1231,聯華食,80.7,82.1,82.1,80.7,38.89,32.35,42.96,0.41,0.52,-0.11,82.54,81.05,79.56,374,285,1.32,264.94,20.23,1.5,1.86,2026-08-13,2026-08-13 07:31:59
1232,大統益,154.5,155.5,155.5,152.0,47.55,45.29,51.52,1.41,1.86,-0.45,163.67,155.7,147.73,321,263,1.22,247.16,17.9,7.2,4.66,2026-08-13,2026-08-13 07:32:00
1233,天仁,27.6,28.0,28.0,27.6,17.16,25.07,10.0,-0.07,0.11,-0.17,29.59,28.7,27.8,9,24,0.39,24.99,33.66,0.2,0.72,2026-08-13,2026-08-13 07:32:01
1234,黑松,33.95,33.6,33.95,33.6,55.08,40.43,56.52,0.05,0.06,-0.01,34.17,33.69,33.21,131,128,1.02,136.44,20.21,1.65,4.86,2026-08-13,2026-08-13 07:32:02
1235,興泰,35.85,36.35,37.25,35.85,28.23,41.61,44.54,-0.27,-0.22,-0.05,37.75,36.58,35.41,15,6,2.45,16.3,,0.5,1.39,2026-08-13,2026-08-13 07:32:02
1236,宏亞,25.1,25.55,25.55,24.9,62.09,71.25,76.27,0.38,0.28,0.1,25.83,24.32,22.81,125,219,0.57,21.76,,1.65,6.57,2026-08-13,2026-08-13 07:32:03
1240,茂生農經,56.4,56.5,56.9,56.4,81.4,77.61,66.67,0.25,0.06,0.19,56.44,55.03,53.61,9,11,0.82,24.95,12.1,3.0,5.32,2026-08-13,2026-08-13 07:32:04
1256,鮮活果汁-KY,180.5,180.0,180.5,175.5,38.27,41.33,46.25,-0.95,-0.62,-0.33,189.77,181.62,173.48,53,42,1.25,64.57,13.26,6.6,3.66,2026-08-13,2026-08-13 07:32:05
1259,安心,62.4,61.8,62.6,61.8,81.47,74.03,67.12,0.85,0.6,0.25,62.12,59.88,57.64,16,20,0.82,20.21,27.86,1.2,1.92,2026-08-13,2026-08-13 07:32:06
1264,德麥,259.0,258.5,259.0,258.5,74.31,61.48,54.17,0.44,0.19,0.24,259.6,257.0,254.4,7,18,0.38,95.96,12.49,15.0,5.79,2026-08-13,2026-08-13 07:32:07
1268,漢來美食,180.0,181.5,181.5,180.0,71.43,69.18,61.43,3.09,2.07,1.02,184.79,174.07,163.36,16,73,0.22,76.0,15.53,7.5,4.17,2026-08-13,2026-08-13 07:32:08
1294,漢田生技,58.2,58.2,58.2,57.9,61.02,63.49,58.7,-0.25,-0.8,0.54,58.93,56.6,54.27,8,22,0.36,21.14,14.26,3.0,5.15,2026-08-13,2026-08-13 07:32:09
1295,生合,46.4,46.8,46.8,46.2,27.06,26.27,33.64,-0.68,-0.71,0.03,49.21,47.17,45.13,35,33,1.05,16.04,10.52,2.99,6.44,2026-08-13,2026-08-13 07:32:10
1301,台塑,57.5,57.9,59.8,57.5,55.53,43.04,34.52,-0.33,0.02,-0.35,65.78,58.2,50.63,33092,20694,1.6,3660.3,25.5,0.5,0.87,2026-08-13,2026-08-13 07:32:11
1303,南亞,189.0,191.0,195.0,184.0,78.87,73.46,56.28,4.8,4.04,0.76,214.33,178.62,142.92,95973,101722,0.94,14989.25,81.82,0.8,0.42,2026-08-13,2026-08-13 07:32:12
1304,台聚,12.2,12.15,12.35,12.05,80.22,64.9,40.28,-0.3,-0.39,0.09,13.6,12.08,10.56,2438,2365,1.03,130.82,,0.15,1.23,2026-08-13,2026-08-13 07:32:13
1305,華夏,11.95,11.85,12.15,11.8,79.89,65.98,42.19,-0.27,-0.36,0.09,12.93,11.72,10.5,2342,1337,1.75,69.44,,0.1,0.84,2026-08-13,2026-08-13 07:32:14
1307,三芳,30.55,30.9,31.0,30.5,35.94,48.33,36.43,-0.32,-0.23,-0.09,32.98,31.59,30.21,947,997,0.95,121.53,11.19,2.2,7.2,2026-08-13,2026-08-13 07:32:14
1308,亞聚,13.6,13.7,13.9,13.55,80.53,67.6,41.94,-0.13,-0.21,0.08,14.72,13.41,12.09,1427,1620,0.88,80.75,50.37,0.2,1.47,2026-08-13,2026-08-13 07:32:16
1309,台達化,13.0,13.2,13.3,12.95,73.54,58.56,29.07,-0.48,-0.53,0.06,15.26,13.38,11.5,1647,1314,1.25,51.69,,0.15,1.15,2026-08-13,2026-08-13 07:32:17
1310,台苯,8.14,8.11,8.23,8.06,75.19,60.49,29.87,-0.47,-0.5,0.02,10.74,8.52,6.31,3606,3411,1.06,42.97,31.31,,,2026-08-13,2026-08-13 07:32:17
1312,國喬,11.7,11.8,12.0,11.7,51.57,50.24,32.14,-0.37,-0.39,0.01,13.9,12.17,10.44,3005,4580,0.66,178.41,17.73,,,2026-08-13,2026-08-13 07:32:18
1313,聯成,11.95,11.5,12.0,11.5,74.42,60.71,50.0,-0.12,-0.21,0.09,12.68,11.38,10.07,4843,3107,1.56,159.04,,0.1,0.84,2026-08-13,2026-08-13 07:32:19
1314,中石化,7.66,7.8,7.82,7.64,46.07,44.55,32.37,-0.19,-0.18,-0.01,8.65,7.92,7.19,28379,25998,1.09,289.92,4.4,,,2026-08-13,2026-08-13 07:32:20
1315,達新,64.2,63.9,65.0,63.7,54.48,53.16,54.79,0.2,0.22,-0.02,64.8,63.89,62.99,101,56,1.8,61.33,41.69,4.5,7.01,2026-08-13,2026-08-13 07:32:21
1316,上曜,10.0,10.25,10.25,10.0,65.46,70.45,43.17,-0.08,-0.11,0.03,10.44,10.06,9.69,1650,1380,1.2,35.56,45.45,,,2026-08-13,2026-08-13 07:32:22
1319,東陽,79.2,79.4,79.5,78.1,92.72,84.27,76.69,0.26,-0.95,1.21,79.84,73.92,68.0,2780,3098,0.9,468.45,14.22,5.0,6.31,2026-08-13,2026-08-13 07:32:22
1321,大洋,32.35,32.3,32.75,32.05,62.09,54.4,52.78,0.19,0.21,-0.02,32.61,32.04,31.47,207,124,1.67,71.39,,0.38,1.17,2026-08-13,2026-08-13 07:32:23
1323,永裕,21.7,21.6,21.95,21.45,82.23,77.61,77.42,0.37,0.16,0.21,21.67,20.25,18.82,118,186,0.64,19.81,38.07,0.9,4.15,2026-08-13,2026-08-13 07:32:24
1324,地球,10.1,10.1,10.15,10.05,65.07,50.47,32.88,-0.09,-0.1,0.01,10.39,10.11,9.84,35,24,1.42,7.59,,0.2,1.98,2026-08-13,2026-08-13 07:32:25
1325,恆大,26.0,26.6,26.6,26.0,25.2,33.43,36.72,0.19,0.25,-0.06,28.13,26.51,24.88,343,392,0.88,22.17,,0.3,1.15,2026-08-13,2026-08-13 07:32:26
1326,台化,59.5,60.3,61.1,59.0,56.59,42.61,28.95,-0.65,-0.19,-0.45,71.45,61.65,51.86,21317,21114,1.01,3480.16,396.67,0.6,1.01,2026-08-13,2026-08-13 07:32:27
1336,台翰,16.05,16.5,16.5,15.95,65.22,56.1,55.06,0.23,0.15,0.07,16.65,15.37,14.08,343,501,0.69,12.46,44.58,0.26,1.62,2026-08-13,2026-08-13 07:32:28
1337,再生-KY,4.7,4.69,4.71,4.66,50.85,45.07,37.5,-0.08,-0.09,0.01,4.97,4.74,4.51,148,243,0.61,12.64,,,,2026-08-13,2026-08-13 07:32:28
1338,廣華-KY,14.85,14.8,14.95,14.65,40.04,44.99,30.43,-0.33,-0.3,-0.04,16.38,15.54,14.71,105,139,0.76,11.99,1.72,0.31,2.09,2026-08-13,2026-08-13 07:32:29
1339,昭輝,46.1,46.9,46.9,45.65,81.81,78.17,72.15,0.4,0.23,0.16,46.15,44.66,43.16,140,135,1.04,34.17,10.92,2.5,5.42,2026-08-13,2026-08-13 07:32:30
1340,勝悅-KY,5.19,5.31,5.31,5.16,46.39,40.37,42.03,-0.06,-0.09,0.02,5.36,5.17,4.98,112,237,0.47,7.94,,,,2026-08-13,2026-08-13 07:32:31
1341,富林-KY,60.7,58.8,60.8,58.8,64.63,59.13,58.89,0.33,0.17,0.16,60.14,58.81,57.48,14,16,0.87,32.08,14.91,4.0,6.59,2026-08-13,2026-08-13 07:32:32
1342,八貫,104.0,104.0,104.0,103.0,72.67,59.42,36.11,-2.11,-2.13,0.01,116.48,105.6,94.72,152,257,0.59,81.12,17.66,6.0,5.77,2026-08-13,2026-08-13 07:32:32
1402,遠東新,26.95,27.7,27.7,26.85,49.75,50.78,43.94,0.09,0.11,-0.03,27.71,27.24,26.77,21259,20812,1.02,1442.39,15.85,1.25,4.64,2026-08-13,2026-08-13 07:32:33
1409,新纖,25.15,25.0,25.5,24.65,85.02,74.74,59.68,-0.22,-0.65,0.43,26.02,23.0,19.97,15622,14130,1.11,402.38,21.13,0.9,3.58,2026-08-13,2026-08-13 07:32:34
1410,南染,26.0,25.9,26.2,25.7,54.87,53.53,47.06,-0.03,-0.03,0.0,27.38,26.01,24.64,20,46,0.45,16.12,49.06,0.2,0.77,2026-08-13,2026-08-13 07:32:35
1413,宏洲,9.46,9.3,9.5,9.3,52.81,41.59,37.86,-0.04,-0.01,-0.02,10.39,9.56,8.72,34,15,2.31,12.5,22.52,,,2026-08-13,2026-08-13 07:32:36
1414,東和,19.35,19.15,19.35,18.8,66.36,72.41,65.69,0.32,0.31,0.01,20.1,18.81,17.52,381,393,0.97,38.31,71.67,0.2,1.03,2026-08-13,2026-08-13 07:32:37
1416,廣豐,11.75,11.6,11.75,11.4,80.16,66.44,74.29,0.08,-0.0,0.08,11.46,10.97,10.47,1355,1423,0.95,21.78,13.51,0.57,4.85,2026-08-13,2026-08-13 07:32:37
1417,嘉裕,8.29,8.31,8.31,8.21,56.54,46.94,35.19,-0.04,-0.04,-0.0,8.55,8.34,8.13,125,104,1.2,15.75,18.02,0.25,3.02,2026-08-13,2026-08-13 07:32:38
1418,東華,18.0,17.9,18.15,17.85,22.45,23.28,32.5,-0.12,-0.08,-0.04,18.94,18.29,17.63,12,6,1.86,9.78,,,,2026-08-13,2026-08-13 07:32:39
1419,新紡,64.9,65.5,65.6,64.7,38.4,35.54,50.12,0.08,0.19,-0.11,67.63,65.25,62.87,39,49,0.8,194.2,4.95,1.8,2.77,2026-08-13,2026-08-13 07:32:40
1423,利華,35.5,35.95,35.95,35.3,52.99,42.69,48.33,-0.41,-0.5,0.09,36.7,35.83,34.95,15,17,0.88,35.38,9.49,3.6,10.14,2026-08-13,2026-08-13 07:32:41
1432,大魯閣,15.1,15.15,15.25,15.1,50.53,54.81,55.56,0.0,-0.01,0.02,15.27,15.08,14.88,75,140,0.53,16.31,2.78,2.0,13.25,2026-08-13,2026-08-13 07:32:42
1434,福懋,17.6,17.95,17.95,17.55,55.64,41.82,26.87,-0.02,0.06,-0.08,19.64,18.01,16.37,1332,1744,0.76,296.12,29.33,0.5,2.84,2026-08-13,2026-08-13 07:32:42
1435,中福,25.5,23.7,25.5,23.15,68.39,59.74,55.87,0.49,0.41,0.08,26.46,22.68,18.9,66,51,1.27,35.64,,,,2026-08-13,2026-08-13 07:32:43
1436,華友聯,37.2,37.85,37.9,37.05,70.65,58.8,43.95,-0.71,-0.92,0.21,40.53,37.35,34.17,137,215,0.64,72.22,9.14,5.05,13.58,2026-08-13,2026-08-13 07:32:44
1437,勤益控,31.5,30.55,31.7,30.55,60.74,47.48,61.78,0.16,0.14,0.02,31.42,30.46,29.51,303,186,1.62,63.43,11.5,0.96,3.05,2026-08-13,2026-08-13 07:32:45
1438,三地開發,22.4,22.4,22.6,22.35,23.4,30.66,57.41,0.14,0.17,-0.02,23.48,22.26,21.04,26,24,1.06,24.91,8.55,0.2,0.89,2026-08-13,2026-08-13 07:32:46
1439,雋揚,28.75,29.15,29.15,28.55,81.48,83.39,68.87,1.08,0.95,0.12,29.87,27.2,24.53,106,49,2.14,26.45,9.36,0.5,1.74,2026-08-13,2026-08-13 07:32:47
1440,南紡,13.65,13.75,13.95,13.45,80.26,69.02,69.57,0.12,-0.05,0.16,13.78,12.76,11.75,2163,3148,0.69,226.16,65.0,0.3,2.2,2026-08-13,2026-08-13 07:32:47
1441,大東,8.91,9.05,9.05,8.91,26.51,25.15,41.58,-0.08,-0.08,0.0,9.18,9.0,8.83,7,6,1.24,6.39,,,,2026-08-13,2026-08-13 07:32:48
1442,名軒,29.85,30.0,30.0,29.65,67.97,64.06,48.89,0.34,0.39,-0.05,30.52,29.67,28.83,104,188,0.55,109.31,15.31,4.5,15.08,2026-08-13,2026-08-13 07:32:49
1443,立益物流,25.55,25.9,25.9,25.25,33.75,37.27,42.53,-0.17,-0.12,-0.04,26.95,26.11,25.27,14,5,2.53,34.58,23.23,,,2026-08-13,2026-08-13 07:32:50
1444,力麗,7.22,7.24,7.3,7.12,56.4,43.34,24.0,-0.19,-0.17,-0.03,8.33,7.48,6.63,1049,1188,0.88,71.07,25.79,,,2026-08-13,2026-08-13 07:32:51
1445,大宇,10.2,10.4,10.4,10.15,12.64,18.6,34.21,-0.28,-0.24,-0.04,11.38,10.69,10.0,112,101,1.11,13.33,,0.5,4.9,2026-08-13,2026-08-13 07:32:52
1446,宏和,14.0,14.1,14.1,13.8,80.5,69.83,48.0,-0.2,-0.27,0.07,14.19,13.87,13.55,236,149,1.59,19.28,8.24,1.5,10.71,2026-08-13,2026-08-13 07:32:53
1447,力鵬,6.91,7.11,7.11,6.89,50.42,48.17,35.03,-0.15,-0.12,-0.04,8.02,7.21,6.4,1974,1820,1.08,58.29,19.19,,,2026-08-13,2026-08-13 07:32:54
1449,佳和,12.5,12.65,12.7,12.45,69.4,67.47,46.0,-0.25,-0.33,0.09,13.19,12.5,11.82,208,290,0.72,15.89,6.19,,,2026-08-13,2026-08-13 07:32:54
1451,年興,17.4,17.4,17.5,17.3,53.03,66.33,50.0,0.09,0.11,-0.03,17.68,17.46,17.24,96,138,0.7,34.45,19.55,1.0,5.75,2026-08-13,2026-08-13 07:32:55
1452,宏益,11.55,11.3,11.6,11.3,82.09,66.41,46.43,0.01,0.02,-0.01,11.73,11.4,11.07,169,92,1.83,15.32,5.83,0.2,1.73,2026-08-13,2026-08-13 07:32:56
1453,大將,11.4,11.3,11.85,11.2,56.99,52.53,60.0,-0.02,-0.05,0.03,11.33,11.14,10.96,80,70,1.15,12.91,114.0,,,2026-08-13,2026-08-13 07:32:57
1454,台富,12.7,12.95,12.95,12.7,38.13,51.2,54.84,-0.01,-0.01,-0.0,13.13,12.78,12.43,18,11,1.6,15.51,,0.1,0.79,2026-08-13,2026-08-13 07:32:58
1455,集盛,9.89,10.0,10.05,9.8,84.39,71.35,64.42,0.09,-0.05,0.15,9.97,9.09,8.22,1417,2273,0.62,52.58,13.74,0.16,1.62,2026-08-13,2026-08-13 07:32:59
1456,怡華,13.55,13.7,14.2,13.55,46.92,61.79,53.66,-0.03,-0.0,-0.03,14.36,13.9,13.44,74,56,1.31,12.7,3.93,,,2026-08-13,2026-08-13 07:32:59
1457,宜進,14.55,14.5,14.6,14.35,62.49,55.72,63.16,-0.0,-0.03,0.02,14.5,14.27,14.03,119,146,0.81,33.98,15.99,1.0,6.87,2026-08-13,2026-08-13 07:33:00
1459,聯發,14.05,14.55,14.65,13.6,48.77,42.11,35.04,0.04,0.11,-0.07,16.75,14.21,11.66,318,334,0.95,33.45,7.03,2.5,17.79,2026-08-13,2026-08-13 07:33:01
1460,宏遠,6.69,6.66,6.7,6.6,45.0,34.63,36.78,-0.13,-0.14,0.01,7.09,6.77,6.46,208,225,0.92,45.12,10.29,,,2026-08-13,2026-08-13 07:33:02
1463,強盛新,17.75,17.7,17.75,17.6,67.43,67.15,45.0,0.0,0.01,-0.01,18.05,17.83,17.6,24,30,0.78,30.46,,2.1,11.83,2026-08-13,2026-08-13 07:33:03
1464,得力,10.2,10.25,10.3,10.15,24.4,32.73,40.0,-0.01,0.01,-0.02,10.51,10.34,10.17,363,342,1.06,43.15,68.0,0.25,2.45,2026-08-13,2026-08-13 07:33:04
1465,偉全,12.15,12.25,12.3,12.0,39.36,47.27,37.47,-0.03,-0.01,-0.02,12.75,12.39,12.03,333,178,1.87,12.59,,0.3,2.47,2026-08-13,2026-08-13 07:33:04
1466,聚隆,16.3,16.6,16.95,16.15,68.21,63.33,42.22,-0.02,-0.0,-0.01,17.96,16.52,15.08,676,408,1.65,18.12,,,,2026-08-13,2026-08-13 07:33:05
1467,南緯,8.76,9.1,9.1,8.7,20.12,32.06,32.68,0.15,0.32,-0.17,10.74,9.67,8.61,568,439,1.29,20.21,,,,2026-08-13,2026-08-13 07:33:06
1468,昶和,13.5,13.35,13.5,12.9,42.5,47.21,60.0,0.22,0.3,-0.08,14.51,13.62,12.73,66,45,1.47,21.65,112.5,,,2026-08-13,2026-08-13 07:33:07
1470,大統新創,24.0,24.25,24.25,23.25,67.64,61.65,67.12,0.39,0.35,0.04,23.82,23.07,22.32,39,16,2.43,20.58,27.91,0.65,2.71,2026-08-13,2026-08-13 07:33:08
1471,首利,9.5,9.5,9.58,9.4,66.87,63.1,41.84,-0.24,-0.28,0.04,10.01,9.59,9.18,211,175,1.21,14.29,,,,2026-08-13,2026-08-13 07:33:08
1472,三洋實業,89.0,88.3,89.9,88.3,71.67,66.16,46.38,0.45,0.57,-0.12,89.85,88.95,88.05,54,20,2.65,46.71,15.03,6.0,6.74,2026-08-13,2026-08-13 07:33:09
1473,台南,19.95,20.0,20.15,19.85,74.86,67.65,39.39,-0.06,-0.08,0.03,20.42,20.0,19.59,80,58,1.37,29.16,1995.0,0.5,2.51,2026-08-13,2026-08-13 07:33:10
1474,弘裕,10.1,10.1,10.1,9.94,89.22,74.42,43.79,-0.01,-0.01,0.0,10.32,10.08,9.85,48,34,1.4,13.12,40.4,0.25,2.48,2026-08-13,2026-08-13 07:33:11
1475,業旺,25.95,27.55,27.55,25.95,48.02,64.13,42.22,-0.07,0.0,-0.07,27.7,27.01,26.32,87,42,2.04,17.13,10.18,1.5,5.78,2026-08-13,2026-08-13 07:33:12
1476,儒鴻,326.5,326.5,327.5,321.0,21.47,38.51,45.56,0.45,3.5,-3.05,361.3,341.2,321.1,1220,1774,0.69,895.81,15.82,15.0,4.59,2026-08-13,2026-08-13 07:33:13
1477,聚陽,219.5,218.5,219.5,215.5,51.06,59.93,57.38,0.36,0.25,0.11,226.19,219.05,211.91,2351,1906,1.23,541.49,15.91,15.0,6.83,2026-08-13,2026-08-13 07:33:14
1503,士電,201.5,201.0,206.0,200.5,70.47,64.24,46.88,-3.91,-5.39,1.48,210.19,196.91,183.64,2282,1433,1.59,1049.76,30.03,5.0,2.48,2026-08-13,2026-08-13 07:33:15
1504,東元,70.4,68.5,71.4,68.3,84.4,78.02,60.61,-0.05,-0.7,0.65,70.52,66.1,61.67,22891,8431,2.72,1651.15,29.46,2.0,2.84,2026-08-13,2026-08-13 07:33:16
1506,正道,10.3,10.35,10.35,10.05,58.69,53.45,35.29,-0.03,-0.01,-0.02,11.06,10.53,10.01,600,303,1.98,30.94,147.14,,,2026-08-13,2026-08-13 07:33:17
1512,瑞利,6.74,6.65,6.75,6.55,47.18,37.75,39.44,-0.06,-0.07,0.01,6.85,6.69,6.53,104,61,1.69,6.62,24.07,,,2026-08-13,2026-08-13 07:33:18
1513,中興電,171.0,168.5,177.0,166.5,77.8,72.98,65.12,0.12,-1.54,1.66,169.17,158.5,147.83,15429,5432,2.84,844.87,20.78,6.0,3.51,2026-08-13,2026-08-13 07:33:19
1514,亞力,102.5,103.0,104.5,102.5,78.95,75.62,53.56,-2.31,-3.38,1.07,106.23,100.13,94.03,2101,1403,1.5,283.19,31.06,2.0,1.95,2026-08-13,2026-08-13 07:33:20
1515,力山,30.5,31.8,31.8,30.5,58.15,51.88,39.88,-1.05,-0.83,-0.23,42.55,32.81,23.06,885,1309,0.68,55.35,31.44,0.6,1.97,2026-08-13,2026-08-13 07:33:21
1516,川飛,15.0,15.25,15.25,15.0,47.18,46.68,40.38,-0.8,-0.9,0.11,16.58,15.56,14.54,24,40,0.59,4.5,750.0,,,2026-08-13,2026-08-13 07:33:21
1517,利奇,11.65,12.05,12.05,11.6,45.32,43.12,54.12,0.23,0.22,0.01,12.22,11.6,10.99,1065,1381,0.77,25.63,1.77,0.2,1.72,2026-08-13,2026-08-13 07:33:22
1519,華城,720.0,724.0,736.0,713.0,87.28,82.7,70.66,9.99,-4.48,14.47,721.16,640.36,559.57,1691,1524,1.11,2501.78,54.63,11.0,1.53,2026-08-13,2026-08-13 07:33:23
1521,大億,25.55,25.5,25.9,25.1,69.55,60.18,53.85,-0.05,-0.1,0.05,25.67,25.23,24.79,35,18,1.92,19.48,35.99,0.75,2.94,2026-08-13,2026-08-13 07:33:24
1522,堤維西,27.95,28.5,28.55,27.9,43.95,53.63,50.68,-0.18,-0.24,0.06,29.42,28.21,27.01,440,820,0.54,87.19,199.64,1.2,4.29,2026-08-13,2026-08-13 07:33:25
1524,耿鼎,26.95,27.3,27.45,26.9,73.18,74.72,61.76,-0.27,-0.48,0.21,27.6,26.52,25.44,301,379,0.79,44.55,17.97,1.4,5.19,2026-08-13,2026-08-13 07:33:26
1525,江申,67.4,67.3,67.4,66.3,42.56,56.26,55.56,0.51,0.72,-0.21,69.2,67.77,66.33,41,13,3.02,49.47,42.39,2.8,4.15,2026-08-13,2026-08-13 07:33:26
1526,日馳,17.6,18.55,18.65,17.55,37.19,43.33,57.28,0.77,0.84,-0.07,19.54,17.77,16.0,916,1137,0.81,10.56,,,,2026-08-13,2026-08-13 07:33:27
1527,鑽全,32.75,33.05,33.2,32.65,72.38,73.52,66.94,0.17,0.13,0.04,32.86,32.35,31.84,265,156,1.7,45.38,35.99,1.5,4.58,2026-08-13,2026-08-13 07:33:28
1528,恩德,19.4,19.6,19.95,19.3,84.18,75.88,52.54,-0.87,-1.25,0.38,20.84,18.71,16.58,718,684,1.05,37.12,,0.1,0.52,2026-08-13,2026-08-13 07:33:29
1529,樂事綠能,17.0,17.15,17.3,17.0,50.81,49.34,28.79,-0.56,-0.59,0.03,19.07,17.57,16.07,284,322,0.88,30.63,16.5,0.5,2.94,2026-08-13,2026-08-13 07:33:30
1530,亞崴,29.05,30.0,30.0,28.8,60.1,50.62,54.89,0.33,0.22,0.11,29.08,27.91,26.74,65,65,0.99,29.95,52.82,0.1,0.34,2026-08-13,2026-08-13 07:33:31
1531,高林股,13.05,13.0,13.05,12.85,84.19,74.0,52.17,0.01,0.01,0.01,13.11,12.96,12.8,123,105,1.17,23.77,13.88,0.4,3.07,2026-08-13,2026-08-13 07:33:31
1532,勤美,21.9,22.2,22.2,21.7,71.25,60.5,39.62,-0.07,-0.07,0.01,22.62,21.92,21.22,289,303,0.95,91.16,19.04,0.8,3.65,2026-08-13,2026-08-13 07:33:32
1533,車王電,32.05,32.15,32.4,31.9,50.85,57.81,42.66,-0.8,-0.89,0.09,34.4,32.77,31.15,104,156,0.67,31.58,19.78,,,2026-08-13,2026-08-13 07:33:33
1535,中宇,46.15,46.35,46.45,46.1,49.04,43.97,54.88,-0.18,-0.24,0.06,47.05,46.06,45.07,32,47,0.68,57.11,11.89,3.0,6.5,2026-08-13,2026-08-13 07:33:34
1536,和大,51.1,52.9,53.1,51.0,73.43,69.99,50.63,0.17,-0.14,0.32,54.12,49.89,45.65,1260,1708,0.74,142.55,94.63,0.8,1.57,2026-08-13,2026-08-13 07:33:35
1537,廣隆,128.0,127.5,128.0,127.0,68.31,55.11,53.85,0.32,0.17,0.15,128.35,126.47,124.6,141,111,1.27,105.04,16.91,7.2,5.62,2026-08-13,2026-08-13 07:33:36
1538,正峰,9.2,9.2,9.2,9.2,46.08,78.83,24.36,-0.21,-0.21,0.01,10.59,10.01,9.43,1,0,5.0,2.97,,,,2026-08-13,2026-08-13 07:33:36
1539,巨庭,16.1,16.25,16.25,16.0,49.8,53.2,46.15,0.07,0.07,0.0,16.45,16.13,15.81,72,99,0.73,10.52,402.5,0.85,5.28,2026-08-13,2026-08-13 07:33:37
1540,喬福,19.2,19.85,19.95,19.1,39.78,52.34,36.83,-0.33,-0.3,-0.03,21.22,19.99,18.76,479,250,1.92,16.41,20.65,1.0,5.21,2026-08-13,2026-08-13 07:33:39
1541,錩泰,21.7,22.3,22.3,21.4,50.97,51.87,46.6,-0.0,-0.01,0.01,22.61,21.71,20.8,22,18,1.22,17.1,9.6,0.5,2.3,2026-08-13,2026-08-13 07:33:39
1558,伸興,96.9,97.5,97.9,96.6,89.04,84.86,77.97,2.1,1.54,0.55,96.74,91.55,86.36,118,130,0.91,62.54,17.68,5.0,5.16,2026-08-13,2026-08-13 07:33:40
1560,中砂,707.0,729.0,738.0,705.0,80.02,77.14,54.9,2.88,-4.6,7.49,742.53,669.6,596.67,1450,1382,1.05,1062.55,70.35,4.94,0.7,2026-08-13,2026-08-13 07:33:41
1563,巧新,63.0,65.3,65.3,62.6,79.7,67.59,51.84,0.06,-0.73,0.78,65.8,59.0,52.19,1583,2325,0.68,106.6,128.57,2.5,3.97,2026-08-13,2026-08-13 07:33:42
1565,精華,96.0,97.3,97.3,95.1,82.32,73.16,64.71,0.03,-0.47,0.5,96.04,93.33,90.61,83,123,0.68,48.4,13.95,5.8,6.04,2026-08-13,2026-08-13 07:33:44
1568,倉佑,30.1,29.0,30.3,28.8,84.43,73.05,58.82,-1.28,-1.86,0.58,30.66,28.34,26.02,521,297,1.75,31.03,22.46,1.0,3.32,2026-08-13,2026-08-13 07:33:44
1569,濱川,42.1,40.2,42.15,40.2,51.51,55.01,50.89,-1.1,-1.5,0.4,45.45,41.54,37.64,305,253,1.21,60.73,,,,2026-08-13,2026-08-13 07:33:45
1570,力肯,34.15,33.9,34.5,33.8,48.49,39.72,28.4,-1.49,-1.65,0.16,38.71,35.01,31.32,58,34,1.71,17.59,87.56,1.0,2.93,2026-08-13,2026-08-13 07:33:46
1580,新麥,109.5,110.5,110.5,109.0,32.81,42.97,35.0,-0.91,-0.77,-0.14,115.07,112.42,109.78,110,177,0.62,54.03,8.73,8.5,7.76,2026-08-13,2026-08-13 07:33:47
1582,信錦,75.1,75.7,76.4,74.8,90.22,83.16,62.03,-1.46,-3.08,1.62,77.25,70.23,63.21,588,706,0.83,108.35,27.51,3.0,3.99,2026-08-13,2026-08-13 07:33:48
1583,程泰,49.05,48.35,49.5,48.35,47.04,46.9,39.33,-0.14,-0.14,0.0,50.26,49.54,48.81,36,19,1.88,53.66,17.9,0.1,0.2,2026-08-13,2026-08-13 07:33:49
1584,精剛,17.95,18.0,18.2,17.85,65.46,52.98,33.33,-0.4,-0.46,0.05,20.23,18.23,16.23,218,513,0.43,40.38,69.04,0.26,1.45,2026-08-13,2026-08-13 07:33:50
1586,和勤,18.75,18.4,19.1,18.25,53.37,49.2,66.67,-0.21,-0.34,0.14,18.6,18.2,17.79,1426,506,2.82,23.68,133.93,0.29,1.55,2026-08-13,2026-08-13 07:33:51
1587,吉茂,24.5,24.65,24.85,24.4,68.45,60.2,48.35,-0.62,-0.77,0.15,25.55,24.5,23.46,252,163,1.55,19.61,61.25,0.5,2.04,2026-08-13,2026-08-13 07:33:52
1589,永冠-KY,5.54,5.54,5.54,5.54,,,,0.0,0.0,0.0,5.54,5.54,5.54,0,0,,8.48,1.21,,,2026-08-12,2026-08-13 07:33:52
1590,亞德客-KY,1470.0,1590.0,1595.0,1455.0,77.67,82.19,53.72,55.83,43.31,12.52,1632.36,1427.76,1223.17,1356,991,1.37,2940.0,32.22,29.11,1.98,2026-08-13,2026-08-13 07:33:53
1591,駿吉-KY,36.4,37.65,37.65,36.15,37.34,28.21,38.37,0.44,0.61,-0.17,43.98,36.84,29.69,151,190,0.8,13.85,,,,2026-08-13,2026-08-13 07:33:54
1593,祺驊,31.7,31.8,32.4,31.6,53.83,57.59,70.83,0.38,0.2,0.18,31.93,30.47,29.01,69,50,1.39,12.61,13.55,2.0,6.31,2026-08-13,2026-08-13 07:33:55
1595,川寶,65.9,65.5,70.8,65.5,77.08,74.3,67.93,-1.0,-3.18,2.18,68.92,57.23,45.54,524,431,1.21,35.56,,0.5,0.76,2026-08-13,2026-08-13 07:33:56
1597,直得,150.0,150.0,153.5,148.0,82.69,77.29,65.19,2.01,-2.19,4.19,157.54,130.57,103.61,2393,2867,0.83,130.89,127.12,0.7,0.47,2026-08-13,2026-08-13 07:33:57
1598,岱宇,20.2,20.65,20.65,20.1,59.29,53.83,55.17,0.2,0.18,0.03,20.77,20.09,19.41,249,244,1.02,33.01,2.45,0.5,2.48,2026-08-13,2026-08-13 07:33:58
1599,宏佳騰,23.75,23.65,24.0,23.6,31.9,36.38,54.39,0.08,0.09,-0.01,24.71,23.65,22.59,29,21,1.38,17.11,,0.51,2.15,2026-08-13,2026-08-13 07:33:59
1603,華電,30.15,30.1,30.15,29.65,87.02,80.52,60.87,0.03,-0.13,0.16,30.04,29.03,28.02,303,248,1.22,47.89,11.21,2.0,6.63,2026-08-13,2026-08-13 07:34:00
1604,聲寶,23.15,23.3,23.3,23.05,34.9,33.72,45.0,-0.05,-0.04,-0.01,23.56,23.26,22.96,261,157,1.66,86.53,14.12,1.5,6.48,2026-08-13,2026-08-13 07:34:01
1605,華新,39.3,40.3,41.0,39.15,86.75,82.48,68.38,1.01,0.01,1.0,39.96,33.79,27.62,57873,58324,0.99,1741.51,28.27,0.5,1.27,2026-08-13,2026-08-13 07:34:02
1608,華榮,36.8,37.95,37.95,36.6,84.64,83.07,70.12,1.49,0.66,0.84,38.5,31.85,25.2,10053,11146,0.9,156.11,6.72,2.0,5.43,2026-08-13,2026-08-13 07:34:02
1609,大亞,37.75,38.15,38.6,37.75,74.83,66.58,54.59,-0.08,-0.44,0.35,39.33,36.08,32.82,4470,5578,0.8,295.56,16.06,0.7,1.85,2026-08-13,2026-08-13 07:34:03
1611,中電,12.05,12.05,12.2,11.9,72.28,66.62,51.52,-0.2,-0.25,0.05,12.4,11.92,11.45,348,339,1.03,38.89,301.25,0.8,6.64,2026-08-13,2026-08-13 07:34:04
1612,宏泰,34.3,34.9,35.1,34.2,85.2,77.31,72.41,0.16,-0.45,0.6,34.29,31.43,28.57,934,1971,0.47,108.42,11.51,2.5,7.29,2026-08-13,2026-08-13 07:34:05
1614,三洋電,30.8,30.8,30.9,30.6,26.65,31.31,43.18,-0.05,-0.01,-0.05,31.42,31.07,30.73,64,60,1.05,79.75,23.51,0.97,3.15,2026-08-13,2026-08-13 07:34:06
1615,大山,44.15,44.8,44.8,43.35,62.46,53.24,60.0,0.16,-0.02,0.18,44.52,42.75,40.99,357,278,1.29,87.7,9.45,2.5,5.66,2026-08-13,2026-08-13 07:34:07
1616,億泰,19.7,20.15,20.15,19.55,78.39,73.98,56.58,-0.24,-0.38,0.15,20.62,19.38,18.15,354,318,1.11,37.33,16.02,1.36,6.9,2026-08-13,2026-08-13 07:34:08
1617,榮星,18.6,19.2,19.45,18.6,71.55,65.11,53.1,-0.19,-0.31,0.12,20.63,18.15,15.67,954,857,1.11,29.35,21.14,0.6,3.23,2026-08-13,2026-08-13 07:34:08
1618,合機,40.95,41.55,41.65,40.65,86.67,81.92,63.84,0.26,-0.21,0.47,41.34,38.69,36.04,859,1095,0.78,78.91,9.06,1.7,4.15,2026-08-13,2026-08-13 07:34:09
1623,大東電,214.0,212.0,214.0,212.0,52.52,41.51,43.42,-3.02,-3.14,0.12,223.86,214.15,204.44,65,64,1.02,141.24,14.39,8.0,3.74,2026-08-13,2026-08-13 07:34:10
1626,艾美特-KY,9.56,9.54,9.77,9.52,16.14,17.87,33.08,-0.21,-0.19,-0.02,10.22,9.82,9.41,92,59,1.54,14.32,,,,2026-08-13,2026-08-13 07:34:11
1702,南僑,32.85,33.3,33.3,32.75,18.06,25.14,42.65,0.11,0.24,-0.13,34.18,33.5,32.82,251,152,1.65,81.5,45.62,1.6,4.87,2026-08-13,2026-08-13 07:34:12
1707,葡萄王,88.7,89.4,89.4,88.5,26.84,27.89,36.0,-1.18,-1.27,0.1,92.48,90.23,87.98,364,302,1.2,131.4,11.17,6.0,6.76,2026-08-13,2026-08-13 07:34:13
1708,東鹼,49.3,49.8,50.0,49.15,55.87,51.88,37.59,-0.88,-0.73,-0.15,54.86,50.38,45.91,1899,2154,0.88,122.76,14.76,1.6,3.25,2026-08-13,2026-08-13 07:34:13
1709,和益,30.65,28.5,30.8,28.15,85.57,72.88,66.79,1.16,0.81,0.35,30.35,26.25,22.15,24642,8780,2.81,146.21,22.21,0.8,2.61,2026-08-13,2026-08-13 07:34:15
1710,東聯,14.8,15.3,15.5,14.7,78.95,67.83,42.28,-0.26,-0.36,0.11,17.54,14.72,11.9,3384,5107,0.66,129.8,15.42,,,2026-08-13,2026-08-13 07:34:16
1711,永光,39.7,39.5,39.95,39.0,86.85,77.02,60.57,-1.03,-2.11,1.08,41.51,35.63,29.75,4806,6428,0.75,217.46,,0.3,0.76,2026-08-13,2026-08-13 07:34:16
1712,興農,39.15,39.2,39.25,38.9,47.75,40.63,50.75,-0.11,-0.13,0.03,39.96,39.21,38.46,904,834,1.08,164.62,15.85,2.5,6.39,2026-08-13,2026-08-13 07:34:17
1713,國化,46.0,46.05,46.45,45.2,70.42,55.49,58.92,-0.02,-0.34,0.31,46.07,44.25,42.42,472,303,1.56,69.44,10.31,3.1,6.74,2026-08-13,2026-08-13 07:34:18
1714,和桐,16.7,17.4,17.55,16.55,84.02,76.19,60.34,0.14,-0.21,0.35,17.69,15.07,12.46,28675,31873,0.9,163.94,25.69,0.18,1.08,2026-08-13,2026-08-13 07:34:19
1717,長興,78.2,78.7,79.8,77.4,92.02,86.06,77.78,1.16,-1.24,2.4,77.11,64.35,51.6,28205,21853,1.29,926.08,53.2,1.0,1.28,2026-08-13,2026-08-13 07:34:20
1718,中纖,11.0,11.35,11.45,10.75,76.07,61.67,50.0,-0.35,-0.42,0.08,13.53,10.67,7.81,75415,39538,1.91,146.68,122.22,,,2026-08-13,2026-08-13 07:34:21
1720,生達,56.4,56.6,56.6,56.0,32.07,35.01,49.09,0.17,0.28,-0.1,57.76,56.59,55.42,256,267,0.96,110.86,11.53,2.0,3.55,2026-08-13,2026-08-13 07:34:22
1721,三晃,19.95,20.5,20.5,19.95,60.13,58.12,47.67,-0.92,-1.13,0.22,21.72,20.09,18.47,704,689,1.02,36.88,,,,2026-08-13,2026-08-13 07:34:23
1722,台肥,45.65,46.25,46.25,45.5,56.6,46.08,41.3,-0.41,-0.47,0.06,47.26,46.01,44.77,2613,1898,1.38,447.37,43.89,2.0,4.38,2026-08-13,2026-08-13 07:34:23
1723,中碳,83.6,85.1,85.1,83.4,53.41,53.16,38.34,0.01,0.13,-0.11,89.79,85.21,80.62,431,411,1.05,194.08,33.71,1.85,2.21,2026-08-13,2026-08-13 07:34:24
1725,元禎,31.1,31.3,31.35,30.8,75.12,73.83,65.69,-0.17,-0.46,0.29,31.17,29.81,28.44,20,34,0.6,56.55,19.2,1.07,3.44,2026-08-13,2026-08-13 07:34:25
1726,永記,78.0,77.6,78.3,77.5,60.16,50.75,67.86,0.58,0.59,-0.01,78.64,77.01,75.38,35,26,1.34,126.36,13.2,3.7,4.74,2026-08-13,2026-08-13 07:34:26
1727,中華化,76.4,79.6,80.8,76.2,72.15,68.05,50.51,-2.61,-3.85,1.23,85.08,74.6,64.11,2691,2258,1.19,97.81,206.49,0.15,0.2,2026-08-13,2026-08-13 07:34:27
1730,花仙子,51.5,51.5,51.7,51.5,70.51,64.45,50.0,0.15,0.16,-0.01,51.67,51.33,50.98,17,29,0.6,32.57,11.12,3.0,5.83,2026-08-13,2026-08-13 07:34:28
1731,美吾華,21.0,20.95,21.0,20.85,45.97,46.54,66.67,0.11,0.06,0.05,21.16,20.7,20.24,95,340,0.28,27.91,15.11,1.22,5.81,2026-08-13,2026-08-13 07:34:29
1732,毛寶,26.35,26.5,26.5,26.1,36.92,39.53,32.99,-0.01,0.04,-0.05,27.76,26.72,25.67,149,276,0.54,11.18,29.61,0.5,1.9,2026-08-13,2026-08-13 07:34:29
1733,五鼎,31.1,30.75,31.1,30.6,40.09,43.03,40.78,0.18,0.39,-0.22,32.63,31.64,30.65,118,238,0.5,31.08,17.18,1.3,4.18,2026-08-13,2026-08-13 07:34:30
1734,杏輝,31.85,31.7,31.9,31.5,62.49,61.67,62.86,0.5,0.53,-0.03,33.04,31.21,29.39,163,166,0.99,64.21,19.66,1.0,3.14,2026-08-13,2026-08-13 07:34:31
1735,日勝化,20.55,20.6,20.65,20.35,80.43,76.11,59.63,-0.29,-0.53,0.25,21.21,19.85,18.5,65,103,0.63,20.42,25.37,0.65,3.16,2026-08-13,2026-08-13 07:34:32
1736,喬山,140.5,139.5,141.5,134.5,75.52,70.72,56.1,4.6,3.5,1.1,146.66,131.58,116.5,1006,1377,0.73,426.27,17.07,4.5,3.2,2026-08-13,2026-08-13 07:34:33
1737,臺鹽,32.0,32.0,32.15,31.95,32.31,30.67,42.11,0.01,0.03,-0.02,32.26,32.02,31.77,114,209,0.55,64.0,16.24,1.4,4.38,2026-08-13,2026-08-13 07:34:34
1742,台蠟,17.65,17.4,17.7,17.4,62.51,68.82,64.2,0.57,0.56,0.0,18.94,17.1,15.26,28,63,0.44,16.36,,,,2026-08-13,2026-08-13 07:34:35
1752,南光,32.0,32.25,32.3,32.0,74.51,71.73,55.26,0.1,0.07,0.03,32.13,31.75,31.38,35,47,0.76,32.32,15.84,1.6,5.0,2026-08-13,2026-08-13 07:34:36
1760,寶齡富錦,59.0,58.9,59.3,58.7,40.51,36.56,35.21,-0.57,-0.55,-0.02,61.9,59.69,57.48,106,109,0.97,50.59,23.79,1.8,3.05,2026-08-13,2026-08-13 07:34:37
1762,中化生,35.1,35.35,35.35,34.6,68.39,62.68,51.85,-0.3,-0.71,0.41,37.08,34.06,31.04,211,421,0.5,27.0,78.0,0.19,0.54,2026-08-13,2026-08-13 07:34:38
1773,勝一,160.5,163.0,163.0,160.0,75.01,67.22,46.99,-3.01,-4.1,1.08,174.75,159.6,144.45,376,474,0.79,481.5,22.26,4.0,2.49,2026-08-13,2026-08-13 07:34:38
1776,展宇,17.3,17.1,17.4,16.95,71.52,60.62,48.65,-0.38,-0.46,0.08,18.11,17.18,16.24,82,66,1.24,10.4,36.04,0.6,3.47,2026-08-13,2026-08-13 07:34:39
1777,生泰,74.7,74.5,74.7,74.5,85.35,83.76,75.0,1.16,1.03,0.13,75.35,72.99,70.63,15,33,0.47,33.31,12.99,4.0,5.35,2026-08-13,2026-08-13 07:34:40
1780,立弘,23.45,23.0,23.5,22.85,62.58,60.01,54.93,-0.51,-0.65,0.14,24.34,23.27,22.2,76,83,0.91,25.58,21.13,1.25,5.33,2026-08-13,2026-08-13 07:34:41
1781,合世,11.0,11.1,11.1,11.0,25.24,37.87,37.84,-0.17,-0.12,-0.05,11.98,11.45,10.91,2,26,0.08,5.21,,,,2026-08-13,2026-08-13 07:34:42
1783,和康生,40.4,40.45,40.6,40.15,58.09,60.39,50.98,0.19,0.2,-0.01,40.96,40.24,39.52,79,101,0.78,36.24,13.47,2.0,4.95,2026-08-13,2026-08-13 07:34:43
1784,訊聯,62.2,62.0,62.5,61.6,84.43,76.83,63.11,-0.93,-1.69,0.76,63.21,59.58,55.96,92,86,1.07,30.97,64.12,0.88,1.41,2026-08-13,2026-08-13 07:34:44
1785,光洋科,109.0,107.5,112.0,107.0,59.78,66.85,52.45,-4.43,-6.15,1.72,120.24,106.99,93.73,11080,9466,1.17,649.62,21.54,2.0,1.83,2026-08-13,2026-08-13 07:34:45
1786,科妍,51.0,51.5,52.0,50.7,70.09,66.67,56.14,-0.49,-0.85,0.36,51.95,50.21,48.46,75,146,0.51,37.07,30.0,1.91,3.75,2026-08-13,2026-08-13 07:34:46
1788,杏昌,131.0,130.5,131.0,130.0,72.53,66.78,63.64,0.23,0.19,0.05,130.93,130.1,129.27,28,22,1.28,58.32,15.04,7.0,5.34,2026-08-13,2026-08-13 07:34:47
1789,神隆,18.85,19.05,19.05,18.75,39.86,35.74,38.24,-0.33,-0.29,-0.04,20.18,19.31,18.45,177,435,0.41,149.05,145.0,0.29,1.54,2026-08-13,2026-08-13 07:34:48
1795,美時,188.0,189.0,189.5,187.5,74.79,73.09,53.41,-1.3,-2.37,1.06,197.76,185.8,173.84,580,983,0.59,494.08,12.72,5.78,3.07,2026-08-13,2026-08-13 07:34:49
1796,金穎生技,31.4,30.7,31.4,30.7,71.37,66.97,51.98,-0.42,-0.57,0.15,32.47,30.88,29.29,7,11,0.62,13.02,82.63,0.7,2.23,2026-08-13,2026-08-13 07:34:50
1799,易威,30.2,30.1,30.35,29.85,6.94,8.54,32.6,-0.66,-0.3,-0.35,36.77,32.61,28.46,136,203,0.67,37.66,,,,2026-08-13,2026-08-13 07:34:51
1802,台玻,56.9,58.6,59.0,56.9,82.34,75.59,59.8,-1.58,-3.05,1.47,60.94,52.22,43.5,19882,26364,0.75,1654.69,437.69,,,2026-08-13,2026-08-13 07:34:52
1805,寶徠,9.96,10.1,10.1,9.96,82.34,81.76,46.98,-0.06,-0.08,0.02,10.29,10.0,9.72,56,56,0.99,13.44,76.62,,,2026-08-13,2026-08-13 07:34:53
1806,冠軍,7.97,7.97,8.02,7.94,26.89,26.71,30.91,-0.04,-0.03,-0.01,8.23,8.05,7.88,182,133,1.37,30.81,53.13,0.15,1.88,2026-08-13,2026-08-13 07:34:53
1808,潤隆,33.1,32.75,33.3,32.6,64.98,62.56,56.2,0.48,0.47,0.01,33.46,32.37,31.28,988,1464,0.68,295.59,12.93,1.5,4.53,2026-08-13,2026-08-13 07:34:54
1809,中釉,40.35,40.4,41.2,39.35,76.03,72.8,56.91,-1.19,-2.26,1.07,44.05,37.36,30.67,2516,3382,0.74,67.4,212.37,0.25,0.62,2026-08-13,2026-08-13 07:34:55
1810,和成,25.05,24.45,26.4,24.45,43.18,39.26,31.79,-0.06,0.27,-0.32,32.04,26.22,20.41,10214,5567,1.83,75.62,6.72,0.2,0.8,2026-08-13,2026-08-13 07:34:56
1813,寶利徠,11.5,11.4,11.55,11.4,44.87,44.12,39.29,-0.12,-0.11,-0.01,12.07,11.66,11.24,31,21,1.45,5.36,,,,2026-08-13,2026-08-13 07:34:58
1815,富喬,89.9,91.5,91.5,89.0,83.57,77.16,66.46,-0.39,-3.23,2.84,96.64,78.55,60.46,4001,18877,0.21,525.81,42.81,,,2026-08-13,2026-08-13 07:34:59
1817,凱撒衛,39.45,39.95,39.95,39.35,49.14,39.4,72.73,0.17,0.1,0.07,39.27,38.61,37.95,85,97,0.88,28.64,9.46,2.2,5.58,2026-08-13,2026-08-13 07:34:59
1903,士紙,47.6,48.05,48.05,47.4,53.56,45.91,31.43,-0.29,-0.28,-0.02,49.41,47.86,46.31,73,77,0.95,123.78,36.9,,,2026-08-13,2026-08-13 07:35:00
1904,正隆,24.65,25.3,25.85,24.3,85.55,79.26,76.67,0.67,0.27,0.4,24.84,22.14,19.44,5195,5329,0.97,273.19,20.2,0.45,1.83,2026-08-13,2026-08-13 07:35:01
1905,華紙,13.45,13.7,13.7,13.45,72.76,65.9,44.29,-0.34,-0.43,0.09,14.54,13.45,12.36,1675,1890,0.89,148.33,,,,2026-08-13,2026-08-13 07:35:02
1906,寶隆,11.45,11.6,12.0,11.4,64.53,66.04,60.38,0.08,0.01,0.07,11.63,11.09,10.55,328,234,1.4,17.29,,0.1,0.87,2026-08-13,2026-08-13 07:35:03
1907,永豐餘,29.9,30.0,30.2,29.7,65.17,74.06,73.68,0.88,0.87,0.01,31.17,29.09,27.01,1579,1795,0.88,496.45,21.21,1.0,3.34,2026-08-13,2026-08-13 07:35:04
1909,榮成,10.15,10.45,10.85,10.1,55.63,56.88,53.97,0.03,0.03,-0.0,10.22,10.05,9.88,10554,3915,2.7,131.89,,,,2026-08-13,2026-08-13 07:35:05
2002,中鋼,19.2,19.8,19.8,19.15,67.38,67.65,51.28,0.2,0.14,0.06,19.75,19.02,18.29,52019,64718,0.8,2926.42,49.21,0.15,0.78,2026-08-13,2026-08-13 07:35:06
2006,東和鋼鐵,85.4,83.9,85.5,83.1,78.1,82.97,70.99,4.19,3.41,0.79,90.57,77.42,64.26,2623,3931,0.67,623.6,12.92,4.3,5.04,2026-08-13,2026-08-13 07:35:07
2007,燁興,7.01,7.07,7.1,6.99,48.55,49.07,37.33,-0.05,-0.06,0.01,7.22,7.08,6.94,351,258,1.36,37.2,,,,2026-08-13,2026-08-13 07:35:07
2008,高興昌,31.05,31.05,31.2,30.6,40.76,40.34,50.57,0.29,0.36,-0.07,31.43,30.87,30.32,30,17,1.72,59.26,41.4,1.0,3.22,2026-08-13,2026-08-13 07:35:08
2009,第一銅,39.7,41.25,41.25,39.5,73.56,69.41,61.38,0.62,0.12,0.5,41.4,37.56,33.72,3139,3728,0.84,142.77,69.65,0.4,1.01,2026-08-13,2026-08-13 07:35:09
2010,春源,22.7,23.1,23.1,22.55,79.14,76.69,70.0,0.36,0.13,0.23,23.3,21.55,19.79,1241,2825,0.44,147.02,9.74,2.0,8.81,2026-08-13,2026-08-13 07:35:10
2012,春雨,15.15,15.15,15.15,14.8,26.32,24.14,37.5,-0.13,-0.05,-0.08,16.09,15.48,14.88,74,52,1.43,42.23,4.24,0.3,1.98,2026-08-13,2026-08-13 07:35:11
2013,中鋼構,41.3,41.65,41.65,41.05,50.38,51.8,55.56,0.09,0.02,0.07,41.59,40.94,40.29,73,140,0.53,82.6,12.87,2.4,5.81,2026-08-13,2026-08-13 07:35:12
2014,中鴻,17.3,17.6,17.65,17.2,61.59,59.8,48.21,0.04,-0.05,0.09,17.87,17.12,16.37,2186,4508,0.49,248.35,49.9,,,2026-08-13,2026-08-13 07:35:12
2015,豐興,63.6,64.0,64.0,63.5,36.24,44.47,49.09,0.41,0.62,-0.21,66.49,64.44,62.4,150,223,0.67,369.9,16.14,3.3,5.19,2026-08-13,2026-08-13 07:35:13
2017,官田鋼,8.83,9.0,9.0,8.83,54.8,56.06,45.95,-0.05,-0.07,0.02,9.13,8.85,8.58,343,384,0.9,37.65,,,,2026-08-13,2026-08-13 07:35:14
2020,美亞,21.0,21.4,21.4,21.0,37.0,48.54,45.28,-0.05,-0.06,0.0,21.57,21.21,20.84,298,405,0.74,56.08,10.82,1.8,8.57,2026-08-13,2026-08-13 07:35:15
2022,聚亨,7.7,7.83,7.85,7.6,63.93,67.05,46.24,-0.02,-0.04,0.02,7.89,7.68,7.47,586,567,1.03,25.96,,,,2026-08-13,2026-08-13 07:35:16
2023,燁輝,13.7,13.95,13.95,13.65,57.88,55.65,38.1,-0.0,-0.01,0.0,13.97,13.76,13.54,749,659,1.14,247.28,36.05,,,2026-08-13,2026-08-13 07:35:18
2024,志聯,13.4,13.6,13.6,13.4,30.04,29.65,41.67,-0.12,-0.1,-0.02,14.12,13.67,13.21,14,18,0.78,13.06,191.43,,,2026-08-13,2026-08-13 07:35:19
2025,千興,12.7,12.9,12.9,12.15,73.07,65.52,66.13,0.05,-0.08,0.14,12.94,12.04,11.13,737,964,0.76,21.93,79.38,,,2026-08-13,2026-08-13 07:35:19
2027,大成鋼,50.4,48.5,51.5,48.0,83.78,80.64,73.38,1.94,1.49,0.45,49.23,44.38,39.53,58602,23716,2.47,1185.53,14.96,1.5,2.98,2026-08-13,2026-08-13 07:35:20
2028,威致,15.8,15.7,15.8,15.5,73.99,59.81,53.85,-0.09,-0.16,0.06,15.89,15.5,15.1,225,149,1.52,51.2,43.89,0.2,1.27,2026-08-13,2026-08-13 07:35:21
2029,盛餘,21.4,21.65,21.65,21.3,88.79,81.77,65.85,0.23,0.15,0.08,21.41,20.74,20.06,244,383,0.64,68.73,35.08,0.6,2.8,2026-08-13,2026-08-13 07:35:22
2030,彰源,21.75,21.5,21.8,20.95,90.45,81.19,88.29,0.8,0.24,0.56,21.43,18.11,14.79,3697,5654,0.65,60.02,32.95,0.5,2.3,2026-08-13,2026-08-13 07:35:23
2031,新光鋼,45.95,45.8,46.5,45.45,81.37,74.41,69.73,1.68,0.96,0.73,46.89,41.03,35.18,2029,4800,0.42,147.57,10.08,2.5,5.44,2026-08-13,2026-08-13 07:35:23
2032,新鋼,17.2,17.4,17.55,17.1,72.06,69.43,63.53,0.21,-0.02,0.23,17.73,16.2,14.67,528,1158,0.46,22.45,20.0,0.5,2.91,2026-08-13,2026-08-13 07:35:24
2033,佳大,20.6,21.55,22.0,20.6,92.01,92.97,75.74,1.2,0.51,0.69,20.85,16.41,11.96,1353,1761,0.77,16.62,62.42,0.2,0.97,2026-08-13,2026-08-13 07:35:25
2034,允強,20.05,20.3,20.45,19.95,79.44,71.88,60.27,0.19,0.02,0.17,20.65,19.32,18.0,1013,2364,0.43,106.06,22.53,1.0,4.99,2026-08-13,2026-08-13 07:35:26
2035,唐榮,27.1,27.0,27.2,27.0,79.9,76.34,49.02,-0.15,-0.19,0.04,27.64,26.95,26.26,17,7,2.38,94.85,,,,2026-08-13,2026-08-13 07:35:27
2038,海光,12.85,12.95,13.2,12.75,67.05,62.52,52.17,-0.07,-0.17,0.1,13.19,12.56,11.94,349,415,0.84,24.95,,,,2026-08-13,2026-08-13 07:35:28
2049,上銀,381.0,383.0,404.5,377.5,78.11,77.32,67.71,13.53,6.19,7.34,400.71,332.4,264.09,13179,9859,1.34,1347.95,83.19,2.0,0.52,2026-08-13,2026-08-13 07:35:29
2059,川湖,12235.0,12235.0,12500.0,11840.0,92.45,89.4,80.57,1185.0,789.75,395.25,12784.82,9142.25,5499.68,288,461,0.63,11659.59,110.41,51.0,0.42,2026-08-13,2026-08-13 07:35:30
2061,風青,56.3,59.3,59.3,56.3,60.99,63.06,55.22,0.38,-0.05,0.43,62.19,55.2,48.22,2358,2504,0.94,32.3,,,,2026-08-13,2026-08-13 07:35:31
2062,橋椿,18.65,18.95,18.95,18.55,34.57,45.49,48.89,-0.09,-0.09,0.01,19.15,18.74,18.34,199,145,1.37,37.3,93.25,1.8,9.65,2026-08-13,2026-08-13 07:35:32
2063,世鎧,24.35,24.3,24.5,24.2,68.65,64.51,58.54,0.01,-0.09,0.09,24.58,24.02,23.45,19,27,0.72,11.71,17.03,8.0,32.85,2026-08-13,2026-08-13 07:35:33
2064,晉椿,12.55,12.3,12.55,12.3,72.07,49.21,46.43,-0.28,-0.38,0.1,13.26,12.27,11.27,2,15,0.13,8.74,,,,2026-08-13,2026-08-13 07:35:33
2065,世豐,36.1,35.8,36.2,35.8,79.15,76.42,72.28,0.83,0.21,0.63,36.57,32.73,28.88,38,204,0.19,22.93,30.08,1.5,4.16,2026-08-13,2026-08-13 07:35:34
2066,世德,58.4,60.3,60.3,57.3,48.6,58.85,38.19,-0.74,-0.71,-0.03,65.6,61.37,57.15,446,218,2.04,25.81,46.35,2.15,3.68,2026-08-13,2026-08-13 07:35:35
2067,嘉鋼,6.29,6.19,6.29,6.17,62.0,64.32,39.23,-0.05,-0.05,0.0,6.71,6.43,6.16,32,15,2.05,2.13,,,,2026-08-13,2026-08-13 07:35:36
2069,運錩,20.2,20.0,20.3,19.95,78.79,75.43,74.29,0.4,0.2,0.2,20.32,18.84,17.35,734,779,0.94,33.61,10.98,1.0,4.95,2026-08-13,2026-08-13 07:35:37
2070,精湛,62.8,63.5,63.9,62.1,84.76,75.24,69.44,0.61,-1.39,2.01,64.32,53.23,42.13,262,517,0.51,26.24,30.34,1.5,2.39,2026-08-13,2026-08-13 07:35:38
2072,世紀風電,151.5,152.0,153.5,150.5,22.28,37.21,58.59,-0.22,-0.76,0.55,163.73,150.38,137.02,315,368,0.86,290.88,10.31,7.08,4.67,2026-08-13,2026-08-13 07:35:39
2073,雄順,25.6,25.6,25.6,25.6,18.01,32.73,38.59,-0.12,0.14,-0.26,28.99,27.12,25.25,2,2,0.7,7.04,,0.3,1.17,2026-08-13,2026-08-13 07:35:40
2101,南港,34.25,34.8,34.8,34.05,52.78,60.42,59.54,0.34,0.28,0.05,35.23,33.67,32.1,1426,2466,0.58,246.9,11.49,0.7,2.04,2026-08-13,2026-08-13 07:35:41
2102,泰豐,18.9,19.05,19.1,18.7,35.74,33.26,47.5,0.03,0.08,-0.05,19.46,18.98,18.51,210,222,0.94,86.86,2.92,,,2026-08-13,2026-08-13 07:35:42
2103,台橡,28.1,27.55,28.2,26.9,85.23,75.94,68.32,1.25,0.58,0.67,28.64,23.6,18.57,11366,18893,0.6,232.02,41.94,0.27,0.96,2026-08-13,2026-08-13 07:35:42
2104,國際中橡,10.2,10.3,10.4,10.05,68.02,58.26,46.19,-0.06,-0.12,0.06,10.81,10.09,9.37,3284,3912,0.84,98.94,37.78,,,2026-08-13,2026-08-13 07:35:43
2105,正新,30.7,31.7,31.75,30.5,64.27,64.42,43.82,-0.06,-0.11,0.05,33.14,31.28,29.42,18482,7513,2.46,995.11,18.95,1.8,5.86,2026-08-13,2026-08-13 07:35:44
2106,建大,17.6,18.4,18.4,17.6,30.23,39.9,47.83,0.16,0.21,-0.05,18.68,18.11,17.54,2611,1717,1.52,168.06,97.78,0.65,3.69,2026-08-13,2026-08-13 07:35:45
2107,厚生,25.6,25.45,25.85,25.45,40.63,35.78,38.71,-0.03,0.01,-0.04,26.05,25.64,25.22,411,208,1.97,77.72,17.9,1.4,5.47,2026-08-13,2026-08-13 07:35:46
2108,南帝,30.3,31.0,31.1,30.25,83.59,75.29,64.49,0.42,0.05,0.37,30.57,28.21,25.85,1830,2176,0.84,149.2,35.23,1.0,3.3,2026-08-13,2026-08-13 07:35:47
2109,華豐,14.75,14.9,14.9,14.7,85.04,80.48,63.16,0.02,-0.01,0.03,14.79,14.51,14.24,76,91,0.84,41.2,12.29,1.3,8.81,2026-08-13,2026-08-13 07:35:48
2114,鑫永銓,88.3,88.4,88.8,88.1,83.45,77.63,55.81,-0.09,-0.2,0.11,88.55,87.69,86.82,25,29,0.88,68.87,15.41,5.0,5.66,2026-08-13,2026-08-13 07:35:49
2115,六暉-KY,23.0,23.05,23.05,22.85,79.48,74.27,72.09,0.43,0.35,0.08,23.11,22.16,21.2,84,96,0.88,24.01,18.11,1.5,6.52,2026-08-13,2026-08-13 07:35:50
2201,裕隆,28.7,28.65,29.1,28.55,62.6,48.95,58.16,0.02,-0.09,0.1,28.86,27.79,26.73,4125,2653,1.56,304.93,33.37,0.56,1.95,2026-08-13,2026-08-13 07:35:50
2204,中華,51.2,52.0,52.0,51.1,35.33,32.9,46.15,-0.29,-0.24,-0.05,53.07,51.76,50.45,965,1199,0.8,283.45,9.31,3.6,7.03,2026-08-13,2026-08-13 07:35:51
2206,三陽工業,60.9,60.9,60.9,59.8,25.59,31.68,48.18,0.31,0.6,-0.3,64.89,61.93,58.96,971,694,1.4,461.93,10.88,3.06,5.02,2026-08-13,2026-08-13 07:35:52
2207,和泰車,524.0,516.0,529.0,515.0,24.13,27.81,60.0,8.89,10.58,-1.68,548.73,510.23,471.72,440,287,1.54,2919.22,15.45,20.0,3.82,2026-08-13,2026-08-13 07:35:53
2208,台船,19.15,19.15,19.25,19.0,63.49,56.17,40.28,-0.12,-0.09,-0.03,20.72,19.29,17.87,1584,1743,0.91,244.07,,,,2026-08-13,2026-08-13 07:35:54
2211,長榮鋼,85.3,87.5,87.5,85.1,37.93,44.71,37.62,-0.31,-0.22,-0.09,89.23,87.51,85.79,2198,877,2.51,355.78,10.43,6.5,7.62,2026-08-13,2026-08-13 07:35:55
2221,大甲,53.7,50.5,54.0,50.5,84.24,68.93,61.58,0.72,0.1,0.62,54.7,47.87,41.04,729,380,1.92,22.73,23.15,1.5,2.79,2026-08-13,2026-08-13 07:35:56
2227,裕日車,48.6,48.85,48.9,48.4,13.23,22.72,27.94,-0.27,-0.08,-0.18,51.04,49.83,48.63,66,31,2.1,145.8,52.26,0.84,1.73,2026-08-13,2026-08-13 07:35:57
2228,劍麟,75.2,75.4,75.6,74.5,19.31,26.85,30.43,-1.38,-1.09,-0.29,81.24,77.72,74.2,113,155,0.73,59.99,18.12,4.5,5.98,2026-08-13,2026-08-13 07:35:58
2230,泰茂,25.5,26.05,26.05,25.25,70.34,76.93,67.69,0.63,0.14,0.48,27.78,23.64,19.5,94,198,0.48,17.09,,0.61,2.39,2026-08-13,2026-08-13 07:35:59
2231,為升,99.1,101.0,101.0,98.6,70.11,67.6,53.42,-1.55,-2.11,0.56,111.18,98.62,86.07,177,346,0.51,134.71,15.48,0.5,0.5,2026-08-13,2026-08-13 07:35:59
2233,宇隆,203.5,204.0,210.5,203.5,50.44,54.34,51.95,-9.24,-12.7,3.47,223.55,200.61,177.66,801,819,0.98,122.69,32.72,4.0,1.97,2026-08-13,2026-08-13 07:36:00
2235,謚源,27.15,27.2,27.3,27.0,81.36,82.09,51.28,-0.14,-0.22,0.07,28.41,27.43,26.45,8,4,1.87,9.74,38.79,1.5,5.52,2026-08-13,2026-08-13 07:36:01
2236,百達-KY,127.0,130.0,132.0,126.0,38.2,47.63,28.0,-6.06,-5.08,-0.98,160.38,140.03,119.67,532,564,0.94,77.98,16.47,0.31,0.24,2026-08-13,2026-08-13 07:36:02
2239,英利-KY,19.4,19.5,19.5,19.2,31.96,41.78,39.06,-0.52,-0.56,0.04,20.34,19.77,19.2,25,90,0.28,22.84,2.54,,,2026-08-13,2026-08-13 07:36:04
2241,艾姆勒,33.3,33.35,34.05,33.1,45.98,47.4,43.46,-1.67,-1.96,0.29,37.14,33.6,30.06,474,587,0.81,34.83,,,,2026-08-13,2026-08-13 07:36:04
2243,宏旭-KY,39.7,41.6,41.6,39.5,15.79,17.61,23.65,-2.37,-1.63,-0.74,55.85,45.49,35.13,311,257,1.21,27.54,15.94,,,2026-08-13,2026-08-13 07:36:05
2247,汎德永業,224.5,228.0,228.0,224.5,39.5,48.84,49.12,1.12,1.26,-0.14,232.59,225.82,219.06,66,38,1.71,181.19,14.93,33.0,14.7,2026-08-13,2026-08-13 07:36:06
2248,華勝-KY,57.7,56.6,57.8,56.6,27.28,29.73,38.22,0.01,0.57,-0.56,65.61,60.15,54.7,53,123,0.43,27.47,9.76,3.11,5.39,2026-08-13,2026-08-13 07:36:07
2250,IKKA-KY,60.0,60.3,60.6,60.0,77.79,68.77,46.45,-0.87,-1.2,0.32,63.8,59.59,55.39,66,54,1.22,21.83,17.44,3.35,5.58,2026-08-13,2026-08-13 07:36:08
2254,巨鎧精密-創,59.3,60.9,60.9,59.3,36.2,49.27,41.33,-0.02,0.07,-0.09,62.31,60.7,59.08,8,3,2.35,37.81,,,,2026-08-13,2026-08-13 07:36:09
2258,鴻華先進-創,31.95,31.9,32.0,31.4,62.85,46.09,49.31,-0.21,-0.28,0.06,33.2,31.4,29.6,398,479,0.83,557.31,,,,2026-08-13,2026-08-13 07:36:10
2301,光寶科,269.5,268.0,281.0,266.5,80.92,80.61,67.74,14.23,8.51,5.72,285.35,226.82,168.3,37956,36019,1.05,6117.04,39.93,10.0,3.71,2026-08-13,2026-08-13 07:36:11
2302,麗正,45.2,46.0,47.0,44.8,80.89,75.88,54.56,0.62,-0.07,0.69,47.99,41.07,34.14,5036,5156,0.98,75.17,57.22,0.35,0.77,2026-08-13,2026-08-13 07:36:11
2303,聯電,124.5,125.5,130.5,123.0,63.24,58.6,47.33,-5.65,-6.63,0.98,143.94,123.83,103.71,201183,142271,1.41,15611.73,18.89,2.61,2.1,2026-08-13,2026-08-13 07:36:12
2305,全友,30.55,27.95,30.55,27.95,35.59,29.12,46.33,-1.19,-1.0,-0.19,35.23,30.29,25.35,9337,7507,1.24,61.93,113.15,,,2026-08-13,2026-08-13 07:36:13
2308,台達電,1885.0,1845.0,1915.0,1845.0,82.01,71.53,55.49,-32.72,-71.29,38.56,1954.34,1715.0,1475.66,14077,11920,1.18,48963.69,69.74,11.6,0.62,2026-08-13,2026-08-13 07:36:14
2312,金寶,33.15,33.9,34.5,33.05,75.15,71.12,55.0,-0.13,-0.52,0.38,34.67,31.59,28.51,16709,15635,1.07,499.07,31.88,0.6,1.81,2026-08-13,2026-08-13 07:36:15
2313,華通,212.0,214.5,225.0,211.0,78.02,74.62,53.71,-3.57,-7.72,4.15,236.52,199.93,163.33,24646,25735,0.96,2541.29,37.72,2.78,1.31,2026-08-13,2026-08-13 07:36:16
2314,台揚,11.4,11.5,11.5,11.3,30.1,43.65,33.9,-0.53,-0.56,0.03,13.03,12.05,11.07,131,129,1.02,21.37,8.38,,,2026-08-13,2026-08-13 07:36:17
2316,楠梓電,164.0,163.5,170.0,163.0,67.08,68.78,54.55,-3.97,-6.83,2.86,176.15,155.03,133.9,2979,2708,1.1,297.55,10.64,2.0,1.22,2026-08-13,2026-08-13 07:36:18
2317,鴻海,262.0,274.5,274.5,261.0,80.94,82.98,55.25,5.17,3.05,2.12,274.83,251.47,228.12,95515,49806,1.92,36685.03,18.81,7.17,2.74,2026-08-13,2026-08-13 07:36:18
2321,東訊,15.85,15.5,15.9,15.5,77.83,68.27,66.67,0.26,0.23,0.03,16.22,15.23,14.23,12,12,0.96,4.75,,,,2026-08-13,2026-08-13 07:36:19
2323,中環,10.3,10.35,10.45,10.25,74.48,71.2,48.86,-0.16,-0.21,0.06,10.82,10.2,9.58,7579,4432,1.71,112.2,4.72,0.3,2.91,2026-08-13,2026-08-13 07:36:20
2324,仁寶,39.3,40.1,41.7,39.1,75.22,73.38,58.33,0.61,0.27,0.34,39.36,36.45,33.54,211206,93249,2.26,1673.05,29.77,1.1,2.8,2026-08-13,2026-08-13 07:36:21
2327,國巨*,662.0,631.0,662.0,626.0,81.74,65.64,52.01,-52.22,-70.14,17.93,736.26,597.67,459.09,46572,51509,0.9,13597.9,52.13,6.0,0.91,2026-08-13,2026-08-13 07:36:22
2328,廣宇,46.3,46.9,47.85,46.25,81.92,75.22,53.07,-0.64,-1.3,0.66,49.27,44.53,39.78,2347,3010,0.78,239.99,47.24,0.9,1.94,2026-08-13,2026-08-13 07:36:23
2329,華泰,44.6,46.2,46.2,44.55,80.66,75.85,48.65,-1.49,-2.15,0.66,48.56,43.61,38.66,2546,2043,1.25,293.89,22.19,1.0,2.24,2026-08-13,2026-08-13 07:36:23
2330,台積電,2435.0,2440.0,2445.0,2425.0,86.4,78.85,56.3,6.69,-4.26,10.95,2489.52,2354.5,2219.48,23011,19496,1.18,631453.22,28.48,28.0,1.15,2026-08-13,2026-08-13 07:36:24
2331,精英,19.1,19.4,19.55,19.1,64.71,67.91,48.7,-0.3,-0.42,0.12,20.55,19.16,17.77,1180,1447,0.82,106.46,38.98,0.21,1.1,2026-08-13,2026-08-13 07:36:25
2332,友訊,22.65,22.55,23.5,22.25,46.2,47.89,52.04,0.54,0.76,-0.22,24.73,22.58,20.42,36060,32235,1.12,135.16,75.5,0.1,0.44,2026-08-13,2026-08-13 07:36:26
2337,旺宏,136.5,140.0,141.5,136.0,85.56,77.37,56.13,-1.85,-5.81,3.95,146.28,121.22,96.15,88481,116303,0.76,2633.26,3.74,,,2026-08-13,2026-08-13 07:36:27
2338,光罩,40.7,41.0,41.7,40.5,82.05,73.66,50.14,-1.79,-2.43,0.63,44.9,39.73,34.55,1414,1023,1.38,133.1,135.67,,,2026-08-13,2026-08-13 07:36:28
2340,台亞,31.4,32.25,32.7,31.25,67.0,65.92,52.12,-0.89,-1.34,0.45,35.2,30.68,26.16,2349,2791,0.84,137.49,57.09,,,2026-08-13,2026-08-13 07:36:29
2342,茂矽,39.25,38.95,41.6,38.9,78.0,69.85,50.35,-2.2,-2.93,0.73,44.39,37.39,30.38,4154,2224,1.87,61.83,21.33,0.3,0.76,2026-08-13,2026-08-13 07:36:30
2344,華邦電,177.0,183.0,185.0,177.0,79.83,77.77,58.96,1.88,-2.4,4.28,191.92,157.28,122.63,226823,190416,1.19,7965.0,52.68,0.5,0.28,2026-08-13,2026-08-13 07:36:31
2345,智邦,2270.0,2275.0,2310.0,2235.0,41.51,49.6,52.59,-28.64,-42.99,14.35,2467.03,2188.87,1910.72,2997,3108,0.96,12687.21,43.24,15.0,0.66,2026-08-13,2026-08-13 07:36:31
2347,聯強,91.5,91.6,92.3,90.9,42.57,56.1,55.64,1.62,1.61,0.01,97.3,89.78,82.27,3181,4511,0.71,1526.17,15.91,4.2,4.59,2026-08-13,2026-08-13 07:36:32
2348,海悅,69.8,70.2,70.2,69.3,72.76,70.57,52.11,0.98,0.9,0.08,71.97,69.03,66.1,490,543,0.9,111.21,15.76,5.0,7.16,2026-08-13,2026-08-13 07:36:33
2349,錸德,11.1,11.2,11.2,11.0,85.21,76.44,46.67,-0.34,-0.47,0.12,11.65,10.95,10.25,1363,1286,1.06,77.0,10.37,,,2026-08-13,2026-08-13 07:36:34
2351,順德,173.0,173.0,180.0,173.0,76.29,73.1,58.2,-3.58,-6.99,3.41,186.24,160.14,134.04,2172,2582,0.84,315.1,80.47,1.03,0.6,2026-08-13,2026-08-13 07:36:35
2352,佳世達,28.7,29.2,29.25,28.7,63.3,61.53,47.13,-0.27,-0.38,0.1,30.49,28.64,26.79,4582,6743,0.68,453.61,48.64,1.0,3.48,2026-08-13,2026-08-13 07:36:36
2353,宏碁,31.55,32.2,32.5,31.5,83.56,76.52,60.87,-0.11,-0.51,0.4,31.93,29.89,27.85,26467,21315,1.24,948.46,24.08,1.3,4.12,2026-08-13,2026-08-13 07:36:37
2354,鴻準,62.8,63.6,63.8,61.9,78.5,77.49,66.67,1.76,0.9,0.86,64.56,57.42,50.29,17001,33775,0.5,888.3,29.76,1.5,2.39,2026-08-13,2026-08-13 07:36:37
2355,敬鵬,43.1,43.5,44.1,42.9,89.73,81.78,56.03,-1.52,-2.5,0.98,45.68,40.54,35.39,2632,2340,1.12,171.26,25.5,1.0,2.32,2026-08-13,2026-08-13 07:36:38
2356,英業達,68.8,69.5,72.6,68.2,76.22,75.65,57.82,1.25,0.51,0.74,70.03,63.06,56.09,71365,39439,1.81,2468.18,26.36,2.0,2.91,2026-08-13,2026-08-13 07:36:40
2357,華碩,937.0,937.0,937.0,937.0,88.22,82.08,73.71,41.57,30.15,11.41,903.42,787.4,671.38,3599,3328,1.08,6959.66,16.89,42.0,4.48,2026-08-13,2026-08-13 07:36:40
2359,所羅門,157.0,151.0,157.0,151.0,77.52,68.31,56.25,2.81,1.12,1.69,156.84,139.57,122.31,13553,10204,1.33,269.05,80.93,1.0,0.64,2026-08-13,2026-08-13 07:36:41
2360,致茂,2300.0,2335.0,2395.0,2255.0,75.83,65.61,59.32,21.43,-19.12,40.54,2270.45,2016.25,1762.05,3520,2464,1.43,9742.6,72.76,19.5,0.85,2026-08-13,2026-08-13 07:36:42
2362,藍天,47.9,49.2,49.25,47.75,66.61,68.68,59.45,1.5,1.07,0.43,51.06,44.91,38.76,2060,3529,0.58,276.86,21.67,2.0,4.18,2026-08-13,2026-08-13 07:36:43
2363,矽統,54.4,55.6,56.5,54.4,72.87,70.69,48.22,-1.88,-2.75,0.87,61.23,53.35,45.46,5545,7077,0.78,277.54,32.0,0.61,1.12,2026-08-13,2026-08-13 07:36:44
2364,倫飛,81.3,78.6,82.3,78.6,85.96,81.91,78.21,2.28,1.19,1.09,79.0,71.62,64.25,896,651,1.38,42.59,20.9,2.0,2.46,2026-08-13,2026-08-13 07:36:45
2365,昆盈,31.25,31.3,31.75,31.1,89.07,81.22,55.33,-0.26,-0.73,0.47,32.55,29.6,26.65,1149,1139,1.01,69.23,80.13,0.3,0.96,2026-08-13,2026-08-13 07:36:46
2367,燿華,45.0,46.0,46.4,45.0,89.16,80.74,56.54,-1.69,-3.05,1.36,48.63,41.52,34.41,8832,7700,1.15,317.81,15.57,0.2,0.44,2026-08-13,2026-08-13 07:36:47
2368,金像電,1010.0,1030.0,1045.0,994.0,79.09,72.75,59.28,-29.88,-60.54,30.66,1075.18,906.95,738.72,14388,15157,0.95,5104.32,45.5,9.8,0.97,2026-08-13,2026-08-13 07:36:47
2369,菱生,32.95,33.8,34.1,32.95,73.01,70.69,50.16,-1.03,-1.35,0.32,37.52,32.63,27.74,5675,5320,1.07,123.38,19.61,0.3,0.91,2026-08-13,2026-08-13 07:36:48
2371,大同,26.25,26.5,26.75,26.15,71.04,68.71,53.19,-0.26,-0.51,0.24,27.37,25.61,23.86,4744,9127,0.52,537.09,11.22,3.11,11.85,2026-08-13,2026-08-13 07:36:49
2373,震旦行,53.6,53.9,54.0,53.0,35.14,28.16,40.91,-0.16,-0.13,-0.02,54.42,53.69,52.96,41,23,1.81,119.91,13.81,3.7,6.9,2026-08-13,2026-08-13 07:36:50
2374,佳能,70.9,72.0,72.5,70.9,82.95,81.4,57.02,-0.35,-1.32,0.97,73.99,67.55,61.11,2070,3110,0.67,239.64,24.7,1.99,2.81,2026-08-13,2026-08-13 07:36:51
2375,凱美,139.5,130.0,139.5,130.0,79.87,65.33,56.67,-9.68,-12.88,3.21,149.86,126.51,103.16,12167,7449,1.63,151.6,42.53,1.2,0.86,2026-08-13,2026-08-13 07:36:52
2376,技嘉,393.5,385.5,395.0,379.5,92.0,84.88,71.33,11.39,5.08,6.31,378.93,336.52,294.1,18476,10282,1.8,2636.01,19.3,12.0,3.05,2026-08-13,2026-08-13 07:36:53
2377,微星,168.0,171.0,173.5,162.5,85.31,78.73,72.16,5.57,3.5,2.07,166.96,149.0,131.04,51164,24486,2.09,1419.36,17.68,4.2,2.5,2026-08-13,2026-08-13 07:36:53
2379,瑞昱,758.0,775.0,775.0,750.0,82.11,74.87,53.07,4.69,1.1,3.59,786.38,737.45,688.52,2038,2238,0.91,3887.5,27.88,25.5,3.36,2026-08-13,2026-08-13 07:36:54
2380,虹光,19.3,19.35,19.45,19.3,54.51,48.1,47.96,-0.26,-0.43,0.18,20.03,19.18,18.33,38,43,0.89,3.2,5.08,,,2026-08-13,2026-08-13 07:36:55
2382,廣達,325.0,328.0,328.5,320.5,79.85,65.09,48.61,-6.93,-10.28,3.36,342.35,312.73,283.1,19626,19429,1.01,13323.43,16.93,15.6,4.8,2026-08-13,2026-08-13 07:36:56
2383,台光電,5690.0,5875.0,5875.0,5655.0,88.9,85.59,68.16,134.93,16.5,118.43,5884.21,4961.75,4039.29,1566,1762,0.89,20388.46,124.13,25.0,0.44,2026-08-13,2026-08-13 07:36:57
2385,群光,106.0,106.0,108.0,105.5,57.67,52.39,48.65,-1.26,-1.84,0.58,107.63,104.35,101.07,5928,3854,1.54,777.36,12.13,7.2,6.79,2026-08-13,2026-08-13 07:36:58
2387,精元,36.95,37.0,37.2,36.9,19.1,32.14,28.41,-0.56,-0.53,-0.04,39.16,37.93,36.71,435,575,0.76,71.51,13.15,4.0,10.83,2026-08-13,2026-08-13 07:36:58
2388,威盛,76.1,78.1,79.6,75.7,59.39,67.53,51.51,1.55,1.16,0.39,84.52,74.53,64.54,4938,4728,1.04,416.35,422.78,0.05,0.07,2026-08-13,2026-08-13 07:36:59
2390,云辰,10.25,10.45,10.45,10.1,41.89,45.81,37.04,-0.35,-0.37,0.02,11.5,10.66,9.82,1065,532,2.0,19.74,,,,2026-08-13,2026-08-13 07:37:01
2392,正崴,39.15,40.5,40.55,38.8,81.87,77.79,65.2,0.69,0.07,0.62,40.01,35.99,31.96,2131,2302,0.93,181.2,8.33,1.0,2.55,2026-08-13,2026-08-13 07:37:01
2393,億光,65.2,64.4,65.6,63.9,88.07,77.81,61.14,0.17,-0.6,0.77,65.73,60.7,55.68,5285,3542,1.49,289.09,15.79,4.5,6.9,2026-08-13,2026-08-13 07:37:03
2395,研華,698.0,695.0,709.0,690.0,85.1,77.4,76.71,42.4,32.46,9.94,702.57,595.95,489.33,4150,5490,0.76,6065.94,54.4,11.16,1.6,2026-08-13,2026-08-13 07:37:03
2397,友通,65.9,67.2,67.5,65.8,87.56,81.35,63.67,2.27,1.1,1.17,69.66,59.53,49.4,589,1609,0.37,75.45,28.53,2.45,3.72,2026-08-13,2026-08-13 07:37:04
2399,映泰,44.4,45.2,45.75,43.95,90.42,84.77,62.57,-0.04,-1.38,1.34,46.79,38.62,30.44,5429,7461,0.73,79.08,28.65,,,2026-08-13,2026-08-13 07:37:05
2401,凌陽,27.2,28.2,28.25,27.1,74.02,71.0,46.03,-0.64,-0.88,0.24,29.93,26.94,23.95,4156,2889,1.44,160.05,13.53,,,2026-08-13,2026-08-13 07:37:06
2402,毅嘉,55.3,57.0,57.8,55.2,76.41,74.57,48.43,-1.37,-2.05,0.68,58.9,54.35,49.81,2051,1516,1.35,170.07,30.55,2.0,3.62,2026-08-13,2026-08-13 07:37:07
2404,漢唐,1130.0,1170.0,1175.0,1115.0,68.49,69.33,51.56,-10.28,-17.61,7.33,1220.33,1118.5,1016.67,2728,1419,1.92,2134.42,21.14,40.0,3.54,2026-08-13,2026-08-13 07:37:08
2405,輔信,15.85,16.1,16.2,15.7,52.91,61.31,43.04,-0.29,-0.35,0.06,17.15,16.06,14.98,1039,1037,1.0,54.43,,0.1,0.63,2026-08-13,2026-08-13 07:37:09
2406,國碩,31.5,32.05,32.5,31.5,52.74,56.91,42.63,-0.96,-1.15,0.19,34.8,31.64,28.48,6733,4775,1.41,110.54,,,,2026-08-13,2026-08-13 07:37:10
2408,南亞科,514.0,497.0,530.0,490.0,86.97,81.58,65.19,22.06,10.81,11.24,526.66,425.27,323.89,128409,99963,1.28,15926.95,47.55,1.35,0.26,2026-08-13,2026-08-13 07:37:11
2409,友達,25.75,26.55,26.9,25.75,64.5,66.38,53.47,-0.2,-0.48,0.28,27.09,24.77,22.45,128065,223484,0.57,1943.38,80.47,0.4,1.55,2026-08-13,2026-08-13 07:37:12
2412,中華電,136.0,135.5,136.0,135.0,14.64,18.6,33.33,-0.15,0.27,-0.42,141.55,138.25,134.95,8836,8369,1.06,10550.13,26.72,5.2,3.82,2026-08-13,2026-08-13 07:37:12
2413,環科,45.4,46.75,47.0,45.4,85.39,79.09,62.06,-0.35,-1.51,1.16,46.47,40.76,35.05,1011,1504,0.67,57.82,58.96,0.5,1.1,2026-08-13,2026-08-13 07:37:13
2414,精技,52.8,53.0,53.0,52.5,23.72,36.58,43.67,-0.6,-0.02,-0.58,60.2,55.68,51.17,238,778,0.31,85.4,15.09,3.0,5.68,2026-08-13,2026-08-13 07:37:14
2415,錩新,29.6,30.0,30.1,29.55,35.58,45.0,34.83,-0.83,-0.67,-0.16,34.9,31.68,28.46,589,276,2.13,26.64,15.5,1.2,4.05,2026-08-13,2026-08-13 07:37:15
2417,圓剛,45.45,45.05,45.8,44.8,86.17,79.47,64.69,0.2,-0.66,0.86,45.73,41.14,36.55,1708,3091,0.55,58.41,181.8,0.25,0.55,2026-08-13,2026-08-13 07:37:16
2419,仲琦,24.9,25.05,25.4,24.8,78.86,72.53,51.68,-0.67,-0.93,0.26,26.39,24.54,22.68,454,355,1.28,80.01,27.98,,,2026-08-13,2026-08-13 07:37:17
2420,新巨,57.7,57.4,58.0,57.2,78.21,68.83,55.21,-0.69,-1.15,0.46,59.01,55.95,52.9,432,532,0.81,88.08,14.68,3.0,5.2,2026-08-13,2026-08-13 07:37:17
2421,建準,149.5,152.0,154.0,149.5,77.94,80.15,66.96,3.21,0.65,2.56,158.15,136.5,114.85,2138,3391,0.63,427.63,17.53,5.24,3.51,2026-08-13,2026-08-13 07:37:19
2423,固緯,77.3,75.7,78.6,75.7,77.63,72.81,56.39,-0.08,-0.52,0.44,79.69,73.53,67.36,261,199,1.31,112.12,21.84,2.5,3.23,2026-08-13,2026-08-13 07:37:20
2424,隴華,8.98,8.98,8.98,8.98,78.87,74.73,60.7,-0.34,-0.57,0.23,9.21,8.41,7.61,3,12,0.26,5.35,,,,2026-08-13,2026-08-13 07:37:20
2425,承啟,41.95,41.75,42.5,41.1,31.92,52.27,42.15,1.04,1.77,-0.73,52.38,45.66,38.94,4804,10446,0.46,40.48,,0.1,0.24,2026-08-13,2026-08-13 07:37:21
2426,鼎元,68.6,69.3,74.5,68.1,81.68,77.71,57.76,0.01,-1.99,2.0,72.54,59.59,46.64,23261,18073,1.29,206.23,56.23,0.1,0.15,2026-08-13,2026-08-13 07:37:22
2427,三商電,21.75,21.8,21.85,21.55,32.11,37.77,38.96,-0.32,-0.25,-0.07,23.51,22.24,20.97,363,390,0.93,43.06,17.83,0.7,3.22,2026-08-13,2026-08-13 07:37:23
2428,興勤,259.5,255.0,266.0,255.0,83.14,71.31,57.87,-9.32,-14.28,4.97,271.34,235.35,199.36,5507,1875,2.94,332.45,23.72,6.1,2.35,2026-08-13,2026-08-13 07:37:24
2429,銘旺科,31.75,31.3,32.2,31.05,37.63,28.66,26.84,-3.02,-3.07,0.04,43.85,34.63,25.4,292,335,0.87,27.15,,,,2026-08-13,2026-08-13 07:37:25
2430,燦坤,17.25,17.25,17.25,17.1,71.91,55.15,41.67,-0.25,-0.31,0.06,18.13,17.27,16.41,26,61,0.43,20.15,36.7,0.8,4.64,2026-08-13,2026-08-13 07:37:25
2431,聯昌,10.35,10.35,10.4,10.2,68.79,65.83,41.78,-0.17,-0.2,0.03,10.85,10.4,9.94,139,238,0.59,11.48,,,,2026-08-13,2026-08-13 07:37:26
2432,倚天酷碁-創,28.15,28.5,28.5,28.15,40.52,54.05,47.06,0.11,0.15,-0.04,28.73,28.29,27.85,8,25,0.32,17.41,14.82,1.7,6.04,2026-08-13,2026-08-13 07:37:27
2433,互盛電,41.95,41.9,41.95,41.8,58.74,47.44,47.22,-0.0,-0.0,-0.0,42.1,41.89,41.67,18,18,0.99,60.62,13.84,2.7,6.44,2026-08-13,2026-08-13 07:37:28
2434,統懋,55.2,56.0,58.8,54.0,37.75,31.78,36.43,-1.26,0.12,-1.38,79.14,60.25,41.36,1846,950,1.94,20.42,,,,2026-08-13,2026-08-13 07:37:29
2436,偉詮電,71.2,67.6,72.9,67.6,89.19,82.46,69.64,0.62,-1.34,1.96,70.51,59.93,49.36,7892,7016,1.12,140.46,21.58,1.96,2.75,2026-08-13,2026-08-13 07:37:30
2438,翔耀,18.85,19.1,19.4,18.8,74.7,69.73,57.14,-0.48,-0.81,0.33,19.39,17.88,16.37,102,142,0.72,12.85,,,,2026-08-13,2026-08-13 07:37:31
2439,美律,81.5,81.3,82.0,81.3,62.82,53.01,43.52,-1.58,-1.86,0.28,84.65,81.93,79.21,842,1576,0.53,202.64,17.49,4.08,5.01,2026-08-13,2026-08-13 07:37:32
2440,太空梭,14.35,14.7,14.95,14.15,51.61,58.81,37.61,-0.36,-0.38,0.02,16.38,15.44,14.51,1907,587,3.25,19.96,,,,2026-08-13,2026-08-13 07:37:33
2441,超豐,125.5,127.0,129.5,125.5,82.8,76.7,54.61,-1.06,-3.08,2.02,138.31,117.83,97.36,4766,9043,0.53,706.37,27.11,3.01,2.4,2026-08-13,2026-08-13 07:37:34
2442,新美齊,19.55,19.65,19.65,19.45,77.63,67.68,54.55,0.05,0.01,0.05,19.69,19.28,18.87,1420,1261,1.13,63.58,3.93,2.0,10.23,2026-08-13,2026-08-13 07:37:34
2444,兆勁,11.15,11.5,11.7,10.7,60.56,56.27,48.21,-0.25,-0.36,0.11,11.63,11.07,10.52,444,271,1.64,11.33,,,,2026-08-13,2026-08-13 07:37:35
2449,京元電子,253.5,261.0,262.0,253.0,77.98,69.85,48.74,-8.84,-12.32,3.48,286.95,248.14,209.34,27308,22890,1.19,3254.64,36.27,1.0,0.39,2026-08-13,2026-08-13 07:37:36
2450,神腦,28.25,28.3,28.45,28.2,13.96,15.8,24.0,-0.16,-0.11,-0.04,29.02,28.57,28.12,122,145,0.84,72.96,18.59,1.55,5.49,2026-08-13,2026-08-13 07:37:37
2451,創見,302.0,298.0,305.0,294.5,83.1,82.0,66.24,8.69,4.89,3.8,320.27,270.68,221.08,6934,7030,0.99,1302.66,9.79,11.78,3.9,2026-08-13,2026-08-13 07:37:38
2453,凌群,51.7,52.7,52.9,51.7,37.98,55.58,50.0,-0.19,-0.27,0.08,53.96,52.05,50.13,458,211,2.17,51.7,16.57,2.8,5.42,2026-08-13,2026-08-13 07:37:39
2454,聯發科,4225.0,4130.0,4295.0,4115.0,83.65,79.57,62.03,52.86,-20.98,73.85,4338.9,3730.25,3121.6,12110,7266,1.67,67434.98,67.46,53.5,1.27,2026-08-13,2026-08-13 07:37:39
2455,全新,384.0,398.0,398.0,380.0,81.51,78.14,59.48,11.93,2.61,9.32,415.53,331.7,247.87,3699,6055,0.61,710.04,121.9,2.62,0.68,2026-08-13,2026-08-13 07:37:40
2457,飛宏,23.65,23.85,24.2,23.55,81.46,74.2,48.19,-0.86,-1.15,0.29,25.7,23.2,20.7,969,1015,0.95,100.46,,,,2026-08-13,2026-08-13 07:37:41
2458,義隆,145.0,147.0,147.5,145.0,23.96,25.01,29.82,-6.69,-5.52,-1.17,175.89,155.97,136.06,2570,3598,0.71,415.17,16.22,8.85,6.1,2026-08-13,2026-08-13 07:37:42
2459,敦吉,66.0,66.4,66.7,65.7,73.14,62.92,55.56,0.36,0.2,0.15,66.51,65.03,63.55,92,113,0.82,69.69,12.64,4.2,6.36,2026-08-13,2026-08-13 07:37:43
2460,建通,30.4,30.85,31.15,30.0,54.26,64.78,46.05,-0.72,-0.89,0.17,32.78,30.82,28.86,547,478,1.14,51.44,29.8,,,2026-08-13,2026-08-13 07:37:44
2461,光群雷,17.85,18.1,18.4,17.8,75.54,78.67,72.41,0.19,-0.06,0.25,18.01,16.47,14.93,971,1274,0.76,35.86,18.99,1.67,9.36,2026-08-13,2026-08-13 07:37:45
2462,良得電,19.55,19.95,19.95,19.4,47.67,41.81,32.26,-0.71,-0.79,0.08,21.12,20.0,18.88,219,175,1.25,29.48,279.29,0.2,1.02,2026-08-13,2026-08-13 07:37:46
2464,盟立,196.0,198.0,200.5,192.0,86.74,82.3,73.02,9.3,2.95,6.35,202.27,155.4,108.53,17163,22959,0.75,404.45,65.88,0.35,0.18,2026-08-13,2026-08-13 07:37:47
2465,麗臺,105.0,99.1,105.0,95.7,89.34,78.88,68.82,4.23,1.57,2.67,99.41,81.61,63.81,12831,7179,1.79,98.64,71.43,,,2026-08-13,2026-08-13 07:37:47
2466,冠西電,92.6,94.2,95.3,92.6,44.16,42.86,47.0,1.61,3.59,-1.98,120.11,99.35,78.59,676,1455,0.46,160.62,121.84,,,2026-08-13,2026-08-13 07:37:49
2467,志聖,548.0,565.0,572.0,546.0,79.37,72.65,55.63,-7.45,-15.82,8.37,578.93,517.5,456.07,1521,1293,1.18,865.83,107.87,5.5,1.0,2026-08-13,2026-08-13 07:37:49
2468,華經,35.0,34.85,35.05,34.75,60.94,55.39,50.5,-0.39,-0.63,0.23,36.75,34.34,31.94,165,214,0.77,24.49,27.34,0.9,2.57,2026-08-13,2026-08-13 07:37:50
2471,資通,50.3,50.1,50.3,49.5,89.46,82.41,63.79,0.18,-0.09,0.27,50.27,48.67,47.06,136,138,0.99,23.77,13.31,3.31,6.58,2026-08-13,2026-08-13 07:37:51
2472,立隆電,253.0,253.5,267.5,250.0,71.44,62.91,47.91,-22.21,-27.5,5.29,292.11,247.22,202.34,7018,4370,1.61,416.78,29.32,3.5,1.38,2026-08-13,2026-08-13 07:37:52
2474,可成,203.0,206.0,206.0,202.5,78.62,69.57,64.84,1.77,-1.15,2.92,206.27,189.6,172.93,2528,4569,0.55,1089.97,21.35,10.27,5.06,2026-08-13,2026-08-13 07:37:53
2476,鉅祥,123.0,126.0,126.5,121.5,86.48,83.99,57.68,0.78,-0.59,1.38,129.41,116.43,103.45,2041,1753,1.16,269.46,28.87,2.97,2.41,2026-08-13,2026-08-13 07:37:54
2477,美隆電,21.4,21.6,21.75,21.4,42.12,58.86,51.35,0.08,0.06,0.02,22.29,21.52,20.76,165,216,0.76,33.93,13.21,1.4,6.54,2026-08-13,2026-08-13 07:37:55
2478,大毅,130.0,131.0,141.0,129.5,69.14,61.34,49.08,-10.87,-13.85,2.99,149.28,124.17,99.06,23470,12303,1.91,185.55,35.33,2.0,1.54,2026-08-13,2026-08-13 07:37:56
2480,敦陽科,161.0,155.0,162.0,155.0,48.37,38.26,52.17,-0.05,0.08,-0.12,163.54,156.62,149.71,760,287,2.64,171.24,19.26,7.8,4.84,2026-08-13,2026-08-13 07:37:57
2481,強茂,143.0,140.5,152.5,140.0,78.32,72.42,51.74,-7.05,-9.57,2.52,159.79,135.05,110.31,36078,20834,1.73,546.42,45.54,1.8,1.26,2026-08-13,2026-08-13 07:37:57
2482,連宇,16.1,16.2,16.2,15.95,26.63,23.47,29.57,-0.37,-0.28,-0.09,18.7,16.87,15.05,213,165,1.29,12.54,,0.1,0.62,2026-08-13,2026-08-13 07:37:58
2483,百容,40.05,36.9,40.05,36.9,42.73,39.69,49.84,-2.64,-2.8,0.16,44.02,38.12,32.22,2330,1622,1.44,43.02,43.53,0.3,0.75,2026-08-13,2026-08-13 07:37:59
2484,希華,75.9,74.5,80.7,74.3,74.51,68.43,55.41,-0.07,-0.92,0.84,81.51,69.97,58.44,28228,19995,1.41,121.0,103.97,0.7,0.92,2026-08-13,2026-08-13 07:38:00
2485,兆赫,43.65,44.7,45.65,43.5,83.3,76.94,57.32,-1.96,-3.34,1.38,46.57,40.36,34.15,4575,5303,0.86,138.67,873.0,,,2026-08-13,2026-08-13 07:38:01
2486,一詮,231.5,231.5,241.5,230.0,71.37,69.06,54.58,-2.88,-6.96,4.08,255.64,218.4,181.16,6340,6349,1.0,552.09,453.92,0.5,0.22,2026-08-13,2026-08-13 07:38:02
2488,漢平,50.1,50.4,50.4,49.6,74.25,65.85,52.05,0.0,-0.16,0.16,50.98,49.44,47.91,103,123,0.83,40.08,10.96,3.0,5.99,2026-08-13,2026-08-13 07:38:03
2489,瑞軒,32.0,33.3,33.55,32.0,82.72,77.48,54.55,-1.34,-2.26,0.92,35.38,30.32,25.26,8284,10492,0.79,195.2,30.77,1.2,3.75,2026-08-13,2026-08-13 07:38:03
2491,吉祥全,34.9,35.4,35.85,34.65,87.96,78.31,63.49,0.24,-0.91,1.16,37.69,29.44,21.2,364,615,0.59,28.62,10.15,,,2026-08-13,2026-08-13 07:38:04
2492,華新科,316.5,299.0,316.5,298.0,84.3,71.41,59.02,-28.39,-41.91,13.52,329.83,266.5,203.17,26760,36882,0.73,1535.67,60.75,2.5,0.79,2026-08-13,2026-08-13 07:38:05
2493,揚博,236.0,243.0,245.0,230.0,83.62,75.09,56.89,-1.04,-5.71,4.67,263.05,215.18,167.3,4874,4541,1.07,421.97,56.19,4.0,1.69,2026-08-13,2026-08-13 07:38:06
2495,普安,39.7,40.5,40.95,39.55,83.56,77.26,55.61,-1.34,-2.19,0.85,41.7,37.08,32.45,1196,1688,0.71,108.6,35.13,0.8,2.02,2026-08-13,2026-08-13 07:38:07
2496,卓越,59.6,59.7,59.7,59.0,58.43,58.93,46.55,-0.72,-0.93,0.21,61.03,59.54,58.04,16,23,0.72,11.38,9.33,4.5,7.55,2026-08-13,2026-08-13 07:38:08
2497,怡利電,47.0,48.45,48.75,46.95,59.46,58.97,42.25,-2.03,-2.41,0.37,54.14,48.33,42.53,846,505,1.68,61.52,19.42,2.0,4.26,2026-08-13,2026-08-13 07:38:08
2498,宏達電,40.1,41.0,41.15,40.1,51.39,55.7,40.68,-0.79,-0.94,0.15,42.7,40.53,38.36,3458,3071,1.13,335.29,19.66,0.5,1.25,2026-08-13,2026-08-13 07:38:09
2501,國建,23.0,23.4,23.4,22.9,71.58,60.56,53.16,-0.01,-0.11,0.1,23.02,22.4,21.79,1267,1890,0.67,266.7,5.94,1.2,5.22,2026-08-13,2026-08-13 07:38:10
2504,國產,31.15,31.4,31.4,30.85,47.76,37.72,43.96,-0.31,-0.36,0.05,32.17,31.25,30.32,1477,2113,0.7,366.6,9.5,2.6,8.35,2026-08-13,2026-08-13 07:38:11
2505,國揚,17.95,18.25,18.25,17.95,69.16,66.89,55.26,0.01,-0.03,0.04,18.2,17.85,17.5,201,219,0.92,68.21,9.02,1.0,5.57,2026-08-13,2026-08-13 07:38:12
2506,太設,8.58,8.62,8.65,8.54,40.84,39.02,41.67,-0.03,-0.02,-0.01,8.8,8.65,8.5,194,144,1.34,31.02,,0.2,2.33,2026-08-13,2026-08-13 07:38:13
2509,全坤建,13.7,13.6,13.7,13.5,65.01,55.1,62.5,0.06,-0.0,0.07,13.66,13.22,12.79,66,121,0.54,30.76,,,,2026-08-13,2026-08-13 07:38:14
2511,太子,8.4,8.34,8.41,8.24,42.89,46.97,56.86,0.07,0.09,-0.02,8.55,8.3,8.04,1702,969,1.76,136.3,24.0,0.3,3.57,2026-08-13,2026-08-13 07:38:15
2514,龍邦,12.25,12.3,12.3,12.15,23.25,22.82,23.81,-0.22,-0.19,-0.03,13.1,12.58,12.05,106,90,1.18,43.87,7.04,,,2026-08-13,2026-08-13 07:38:16
2515,中工,12.0,12.05,12.1,11.95,44.97,48.58,48.15,-0.16,-0.19,0.03,12.38,11.99,11.6,4618,5868,0.79,202.62,26.67,,,2026-08-13,2026-08-13 07:38:17
2516,新建,14.05,13.95,14.05,13.9,47.24,44.13,46.43,0.07,0.09,-0.01,14.19,13.99,13.79,159,146,1.09,31.79,11.91,,,2026-08-13,2026-08-13 07:38:18
2520,冠德,35.3,35.25,35.45,34.9,78.6,60.58,65.68,0.43,0.25,0.18,35.33,33.67,32.01,1089,1773,0.61,208.14,14.77,1.62,4.59,2026-08-13,2026-08-13 07:38:19
2524,京城,35.3,35.0,36.4,34.4,34.68,27.27,51.8,-0.4,-0.34,-0.06,37.54,35.53,33.52,126,72,1.74,129.19,60.86,,,2026-08-13,2026-08-13 07:38:20
2527,宏璟,45.8,46.35,47.25,45.3,63.08,61.69,49.15,0.9,0.96,-0.07,51.55,45.97,40.39,956,1097,0.87,119.89,9.05,1.5,3.28,2026-08-13,2026-08-13 07:38:21
2528,皇普,20.4,20.6,20.6,20.25,71.78,71.55,60.69,0.34,0.25,0.1,20.88,19.71,18.54,164,382,0.43,102.22,10.2,1.3,6.37,2026-08-13,2026-08-13 07:38:22
2530,華建,19.5,19.45,19.6,19.25,28.18,25.45,44.79,-0.07,-0.01,-0.06,20.71,19.73,18.76,327,388,0.84,164.04,10.1,3.0,15.38,2026-08-13,2026-08-13 07:38:22
2534,宏盛,16.9,17.15,17.15,16.9,41.33,45.29,37.04,0.03,0.07,-0.04,17.38,17.13,16.88,336,219,1.53,79.94,16.41,1.5,8.88,2026-08-13,2026-08-13 07:38:23
2535,達欣工,87.5,89.8,89.8,87.5,36.87,50.59,48.91,0.23,0.24,-0.01,91.6,88.17,84.73,370,354,1.05,227.41,10.53,4.6,5.26,2026-08-13,2026-08-13 07:38:24
2536,宏普,21.45,21.45,21.55,21.15,87.62,71.94,83.33,0.43,0.04,0.39,21.36,18.98,16.6,2523,2331,1.08,70.1,6.5,2.0,9.32,2026-08-13,2026-08-13 07:38:25
2537,聯上發,11.0,11.05,11.05,10.85,50.45,51.97,47.62,0.01,0.02,-0.01,11.13,11.0,10.87,2142,953,2.25,33.06,34.38,,,2026-08-13,2026-08-13 07:38:26
2538,基泰,9.14,9.18,9.2,9.08,9.79,13.79,29.4,-0.07,-0.03,-0.03,9.65,9.35,9.05,480,306,1.57,40.68,26.11,0.5,5.47,2026-08-13,2026-08-13 07:38:27
2539,櫻花建,41.8,42.15,42.15,41.35,49.84,59.77,56.22,0.66,0.78,-0.12,43.98,41.74,39.5,1174,1261,0.93,498.72,14.77,0.6,1.44,2026-08-13,2026-08-13 07:38:27
2540,愛山林,44.8,44.5,45.05,43.75,18.03,24.98,43.67,-0.68,0.13,-0.81,54.48,48.7,42.93,789,2604,0.3,423.3,73.44,6.0,13.39,2026-08-13,2026-08-13 07:38:28
2542,興富發,46.4,45.0,46.4,44.9,89.26,79.54,68.64,0.41,0.23,0.18,45.69,44.16,42.64,16821,7364,2.28,979.94,14.28,2.0,4.31,2026-08-13,2026-08-13 07:38:29
2543,皇昌,39.65,41.15,41.75,39.2,74.95,67.78,58.63,0.16,-0.37,0.53,40.77,37.75,34.73,1881,1702,1.11,203.92,16.12,1.83,4.62,2026-08-13,2026-08-13 07:38:30
2545,皇翔,34.45,34.95,35.4,34.2,73.33,57.1,60.36,-0.19,-0.46,0.27,35.01,33.29,31.57,472,412,1.15,130.82,22.08,2.8,8.13,2026-08-13,2026-08-13 07:38:31
2546,根基,104.0,99.6,104.0,97.9,87.58,77.21,85.22,4.67,2.73,1.94,99.47,85.97,72.48,653,570,1.15,152.03,12.35,4.8,4.62,2026-08-13,2026-08-13 07:38:32
2547,日勝生,10.15,10.05,10.15,10.05,50.64,58.27,51.43,0.03,0.05,-0.02,10.67,10.3,9.93,2330,3890,0.6,105.06,1015.0,0.8,7.88,2026-08-13,2026-08-13 07:38:34
2548,華固,93.4,93.4,93.8,93.1,8.89,15.81,26.36,-1.22,-0.79,-0.43,101.15,96.84,92.53,1068,1504,0.71,313.35,8.79,7.62,8.16,2026-08-13,2026-08-13 07:38:36
2596,綠意,32.5,32.35,32.5,32.3,83.92,81.32,85.35,0.74,0.52,0.22,32.75,30.5,28.26,41,73,0.56,32.5,20.31,1.5,4.62,2026-08-13,2026-08-13 07:38:37
2597,潤弘,169.0,169.0,173.0,167.5,78.89,75.64,67.39,0.53,-0.39,0.92,169.27,163.3,157.33,535,252,2.12,525.11,14.88,9.67,5.72,2026-08-13,2026-08-13 07:38:37
2601,益航,6.18,6.16,6.21,6.12,27.62,31.47,34.01,-0.05,-0.0,-0.05,6.84,6.38,5.93,1060,1483,0.71,50.97,14.37,,,2026-08-13,2026-08-13 07:38:38
2603,長榮,215.5,215.0,217.0,214.0,78.49,78.36,63.01,4.49,3.33,1.16,217.42,205.72,194.03,6043,9487,0.64,4665.67,9.44,16.0,7.42,2026-08-13,2026-08-13 07:38:39
2605,新興,32.3,32.95,32.95,31.35,69.24,68.86,50.0,0.49,0.38,0.11,33.36,31.64,29.91,9608,5615,1.71,189.07,15.45,1.0,3.1,2026-08-13,2026-08-13 07:38:40
2606,裕民,65.5,68.0,68.0,65.1,75.71,77.65,55.24,1.0,0.61,0.39,67.94,63.76,59.57,3668,4444,0.83,553.51,12.6,2.8,4.27,2026-08-13,2026-08-13 07:38:41
2607,榮運,49.9,50.6,51.4,49.7,79.09,74.28,68.81,0.71,0.43,0.28,49.77,47.63,45.5,833,722,1.15,266.25,13.38,2.7,5.41,2026-08-13,2026-08-13 07:38:42
2608,嘉里大榮,28.55,28.75,28.75,28.4,15.09,15.25,29.73,-0.14,-0.05,-0.09,29.85,29.04,28.23,268,245,1.09,133.33,14.2,1.65,5.78,2026-08-13,2026-08-13 07:38:42
2609,陽明,51.4,51.9,52.0,50.9,71.81,67.16,49.06,0.44,0.36,0.08,52.32,50.76,49.2,17267,16700,1.03,1794.94,16.69,2.0,3.89,2026-08-13,2026-08-13 07:38:43
2610,華航,20.1,20.35,20.35,20.0,20.52,39.79,46.3,-0.07,0.19,-0.26,23.1,21.38,19.66,35941,54883,0.65,1222.45,7.91,0.81,4.03,2026-08-13,2026-08-13 07:38:44
2611,志信,14.6,14.0,14.6,14.0,78.47,62.74,55.71,0.03,-0.05,0.08,14.72,13.85,12.99,665,354,1.88,27.59,11.15,0.52,3.56,2026-08-13,2026-08-13 07:38:45
2612,中航,53.7,54.7,54.7,53.6,76.15,76.53,53.39,0.33,0.04,0.29,55.94,52.78,49.61,276,262,1.05,106.05,9.8,2.2,4.1,2026-08-13,2026-08-13 07:38:46
2613,中櫃,20.35,20.5,20.6,20.25,54.9,48.67,33.33,-0.29,-0.34,0.05,21.38,20.56,19.75,150,133,1.13,27.94,18.84,1.0,4.91,2026-08-13,2026-08-13 07:38:47
2614,東森,18.05,18.2,18.2,17.85,37.54,44.21,44.74,-0.1,-0.1,0.01,18.36,18.11,17.85,669,415,1.61,59.07,8.89,0.4,2.22,2026-08-13,2026-08-13 07:38:47
2615,萬海,87.5,88.1,88.8,86.5,68.37,65.19,51.94,1.78,1.71,0.07,89.15,84.97,80.8,12458,10931,1.14,2455.38,8.09,3.0,3.43,2026-08-13,2026-08-13 07:38:48
2616,山隆,13.5,13.4,13.5,13.4,72.62,58.13,44.76,0.02,0.01,0.01,13.56,13.37,13.17,123,106,1.16,18.35,,0.3,2.22,2026-08-13,2026-08-13 07:38:49
2617,台航,28.8,29.3,29.3,28.7,67.82,69.8,44.29,0.11,0.09,0.02,29.51,28.81,28.11,770,930,0.83,120.18,8.73,1.5,5.21,2026-08-13,2026-08-13 07:38:50
2618,長榮航,41.0,41.9,41.95,40.8,31.94,50.68,51.29,0.49,0.78,-0.29,44.52,42.3,40.08,32418,33643,0.96,2214.18,7.84,2.0,4.88,2026-08-13,2026-08-13 07:38:51
2630,亞航,48.3,47.9,49.0,47.9,40.32,38.37,32.82,-0.71,-0.3,-0.41,56.55,50.34,44.12,1363,1815,0.75,101.16,50.84,0.9,1.86,2026-08-13,2026-08-13 07:38:52
2633,台灣高鐵,25.95,25.85,25.95,25.7,34.26,27.53,47.06,0.1,0.15,-0.05,26.22,25.94,25.66,4983,4502,1.11,1460.54,21.45,1.15,4.43,2026-08-13,2026-08-13 07:38:52
2634,漢翔,64.2,63.0,65.0,62.9,62.04,51.59,47.32,1.23,1.56,-0.32,67.97,62.58,57.19,31834,20272,1.57,604.68,79.26,0.78,1.21,2026-08-13,2026-08-13 07:38:53
2636,台驊控股,67.5,68.2,68.2,67.1,69.85,62.85,61.25,0.59,0.36,0.23,68.25,65.58,62.92,156,307,0.51,92.45,9.88,5.0,7.41,2026-08-13,2026-08-13 07:38:54
2637,慧洋-KY,85.2,88.3,88.3,85.2,80.37,80.1,53.5,2.16,1.91,0.25,89.68,83.18,76.68,1686,2128,0.79,635.94,11.92,3.5,4.11,2026-08-13,2026-08-13 07:38:55
2640,大車隊,148.0,151.5,151.5,147.0,63.03,60.49,48.84,-0.26,-0.7,0.44,151.12,146.57,142.03,38,27,1.43,87.71,16.1,8.0,5.41,2026-08-13,2026-08-13 07:38:56
2641,正德,17.2,17.6,17.7,17.2,69.57,73.78,49.18,-0.07,-0.15,0.08,17.7,17.07,16.45,1294,974,1.33,56.82,7.85,0.5,2.91,2026-08-13,2026-08-13 07:38:57
2642,宅配通,20.35,20.15,20.4,20.15,45.08,38.95,44.44,-0.1,-0.12,0.03,20.78,20.38,19.97,39,29,1.32,19.43,28.26,0.5,2.46,2026-08-13,2026-08-13 07:38:58
2643,捷迅,61.5,61.1,61.7,61.0,72.6,79.99,65.96,0.56,0.24,0.32,64.72,60.44,56.16,96,37,2.57,21.52,11.87,4.5,7.32,2026-08-13,2026-08-13 07:38:59
2645,長榮航太,182.0,183.0,185.0,181.5,36.07,46.67,37.61,-3.57,-1.99,-1.59,214.18,192.5,170.82,2312,2240,1.03,681.72,33.46,5.0,2.75,2026-08-13,2026-08-13 07:39:00
2646,星宇航空,20.4,20.55,20.6,20.35,12.11,20.09,37.29,-0.14,-0.01,-0.13,22.06,21.25,20.45,5562,6036,0.92,613.78,226.67,,,2026-08-13,2026-08-13 07:39:01
2701,萬企,10.6,10.65,10.65,10.5,41.72,37.12,37.5,-0.03,-0.01,-0.02,10.99,10.72,10.45,167,58,2.89,47.7,18.6,0.28,2.64,2026-08-13,2026-08-13 07:39:02
2702,華園,12.4,12.45,12.45,12.3,45.45,41.75,25.0,-0.15,-0.14,-0.01,13.14,12.65,12.17,15,34,0.45,19.42,,,,2026-08-13,2026-08-13 07:39:02
2704,國賓,46.55,46.1,46.8,46.05,28.4,28.2,55.08,0.35,0.49,-0.14,47.98,46.17,44.35,124,84,1.48,170.8,26.15,0.5,1.07,2026-08-13,2026-08-13 07:39:03
2705,六福,16.0,16.0,16.1,15.95,27.42,36.67,31.58,-0.02,0.0,-0.02,16.4,16.17,15.94,89,60,1.47,30.61,17.98,,,2026-08-13,2026-08-13 07:39:04
2706,第一店,12.5,12.55,12.55,12.45,36.31,27.33,28.57,-0.03,-0.01,-0.02,12.94,12.62,12.31,31,49,0.64,62.5,18.66,0.35,2.8,2026-08-13,2026-08-13 07:39:05
2707,晶華,178.0,178.5,179.0,178.0,53.95,54.06,46.43,-0.05,-0.03,-0.02,181.47,178.82,176.18,111,153,0.72,226.78,12.78,10.75,6.04,2026-08-13,2026-08-13 07:39:06
2712,遠雄來,14.3,14.35,14.65,14.3,27.61,43.31,38.71,-0.13,-0.11,-0.02,15.19,14.69,14.19,16,6,2.5,15.02,,,,2026-08-13,2026-08-13 07:39:07
2718,全心投控,48.6,45.9,48.7,45.9,81.97,68.19,63.13,-0.5,-0.97,0.47,48.14,45.0,41.87,183,54,3.38,41.65,2.58,4.51,9.28,2026-08-13,2026-08-13 07:39:08
2719,燦星旅,21.0,21.05,21.05,21.0,26.19,27.27,20.0,-0.74,-0.73,-0.01,23.91,22.1,20.3,13,10,1.29,14.53,47.73,,,2026-08-13,2026-08-13 07:39:08
2722,夏都,21.85,21.95,21.95,21.5,47.93,51.81,48.72,-0.17,-0.22,0.05,22.56,21.85,21.13,53,29,1.81,31.28,,0.15,0.69,2026-08-13,2026-08-13 07:39:09
2723,美食-KY,61.1,61.9,61.9,61.0,31.53,36.78,45.05,-0.9,-0.96,0.06,63.96,62.21,60.45,366,257,1.42,109.98,9.98,3.0,4.91,2026-08-13,2026-08-13 07:39:10
2724,藝舍-KY,10.75,10.35,10.9,10.3,51.43,49.33,27.08,-0.28,-0.31,0.03,12.28,11.11,9.95,127,30,4.13,6.41,,,,2026-08-13,2026-08-13 07:39:11
2726,雅茗-KY,8.8,8.95,8.95,8.65,67.97,54.04,32.1,-0.12,-0.16,0.04,9.16,8.82,8.48,10,20,0.49,3.32,,,,2026-08-13,2026-08-13 07:39:12
2727,王品,230.5,234.0,234.0,230.0,54.27,56.42,59.43,2.52,1.85,0.68,240.47,228.05,215.63,484,779,0.62,190.99,14.27,16.12,6.99,2026-08-13,2026-08-13 07:39:13
2729,瓦城,161.0,162.0,162.0,160.5,35.14,36.2,47.62,0.34,0.27,0.08,163.69,160.07,156.46,9,7,1.32,68.64,27.62,6.93,4.3,2026-08-13,2026-08-13 07:39:14
2731,雄獅,145.0,145.5,145.5,144.0,39.38,47.76,50.0,-0.59,-0.78,0.19,147.35,145.15,142.95,473,421,1.12,135.25,8.57,12.8,8.83,2026-08-13,2026-08-13 07:39:15
2732,六角,63.2,63.5,63.6,63.2,49.17,59.39,41.25,-0.29,-0.3,0.01,65.48,63.92,62.36,36,25,1.45,28.25,34.54,8.0,12.66,2026-08-13,2026-08-13 07:39:16
2734,易飛網,14.9,14.95,15.1,14.85,71.61,67.08,46.15,-0.07,-0.12,0.05,15.46,14.86,14.27,66,58,1.14,8.53,,,,2026-08-13,2026-08-13 07:39:17
2736,富野,11.45,11.4,11.5,11.4,26.48,29.05,30.0,-0.12,-0.1,-0.01,11.98,11.65,11.32,42,40,1.04,9.16,,,,2026-08-13,2026-08-13 07:39:18
2739,寒舍,35.8,35.8,36.4,35.45,44.43,32.83,59.52,0.08,0.04,0.03,35.67,34.68,33.69,354,109,3.25,32.77,11.82,2.58,7.21,2026-08-13,2026-08-13 07:39:19
2740,華軒,30.25,30.75,30.75,28.45,29.0,31.93,24.29,-0.55,-0.16,-0.39,35.62,32.82,30.01,4,1,2.61,5.07,,,,2026-08-13,2026-08-13 07:39:20
2743,山富,55.7,56.8,57.3,55.3,21.27,24.06,29.91,-2.02,-2.08,0.07,62.02,58.34,54.66,171,95,1.8,26.08,28.71,2.0,3.59,2026-08-13,2026-08-13 07:39:21
2745,五福,88.5,88.4,88.5,88.1,63.7,55.64,32.52,-2.02,-2.2,0.18,96.82,90.23,83.64,54,82,0.66,29.92,9.96,7.5,8.47,2026-08-13,2026-08-13 07:39:22
2748,雲品,38.45,38.55,38.6,38.1,72.8,67.39,55.66,0.09,0.05,0.04,38.64,38.17,37.7,69,63,1.09,40.67,18.49,1.75,4.55,2026-08-13,2026-08-13 07:39:23
2751,王座,53.6,53.5,53.6,53.5,90.11,82.86,56.4,0.27,-0.06,0.33,54.24,51.9,49.57,2,10,0.22,10.59,11.58,4.0,7.46,2026-08-13,2026-08-13 07:39:24
2752,豆府,180.0,179.5,181.5,179.0,81.76,72.48,63.89,0.32,-0.37,0.69,180.44,175.78,171.11,27,8,3.23,48.05,11.8,13.5,7.5,2026-08-13,2026-08-13 07:39:24
2753,八方雲集,182.5,184.0,184.0,181.0,74.82,73.58,60.53,1.33,0.84,0.5,184.61,179.1,173.59,260,213,1.22,121.63,13.72,7.5,4.11,2026-08-13,2026-08-13 07:39:25
2754,亞洲藏壽司,69.0,71.6,71.6,68.5,65.03,72.74,54.66,0.78,0.58,0.2,72.24,68.86,65.47,160,112,1.42,32.34,16.83,1.0,1.45,2026-08-13,2026-08-13 07:39:26
2755,揚秦,104.5,104.0,104.5,104.0,72.84,60.33,45.45,-0.63,-0.93,0.29,105.94,103.45,100.96,43,50,0.87,48.68,20.17,3.45,3.3,2026-08-13,2026-08-13 07:39:27
2756,聯發國際,56.5,56.1,56.5,55.8,44.56,40.8,32.14,-0.82,-0.79,-0.03,60.32,57.69,55.07,18,23,0.79,13.7,15.44,6.0,10.62,2026-08-13,2026-08-13 07:39:28
2762,世界健身-KY,83.5,83.4,84.1,83.3,45.16,42.13,54.67,0.73,0.76,-0.03,85.62,82.77,79.92,82,80,1.02,91.2,15.78,9.59,11.49,2026-08-13,2026-08-13 07:39:29
2801,彰銀,23.55,23.75,23.8,23.3,41.38,44.59,58.89,0.33,0.39,-0.06,24.05,23.26,22.47,17711,18454,0.96,2840.18,15.19,0.8,3.4,2026-08-13,2026-08-13 07:39:30
2812,台中銀,18.65,18.75,18.75,18.55,31.54,34.44,46.09,0.02,0.07,-0.06,19.12,18.79,18.47,9176,11595,0.79,1198.28,12.77,0.39,2.09,2026-08-13,2026-08-13 07:39:31
2816,旺旺保,33.55,34.0,34.0,33.25,58.52,65.7,47.54,0.08,0.09,-0.02,34.2,33.69,33.17,575,289,1.99,75.02,7.23,1.5,4.47,2026-08-13,2026-08-13 07:39:31
2820,華票,16.25,16.3,16.3,16.15,11.88,16.73,35.0,-0.12,-0.09,-0.03,16.78,16.45,16.12,3067,2435,1.26,218.23,10.69,0.9,5.54,2026-08-13,2026-08-13 07:39:32
2832,台產,58.7,58.7,59.0,58.7,45.3,53.65,63.22,0.77,0.83,-0.06,60.09,57.69,55.29,145,89,1.62,148.83,15.05,3.5,5.96,2026-08-13,2026-08-13 07:39:33
2834,臺企銀,16.45,16.5,16.5,16.25,27.34,36.95,47.45,0.06,0.11,-0.05,16.83,16.58,16.33,42952,30273,1.42,1710.52,13.48,0.3,1.82,2026-08-13,2026-08-13 07:39:34
2836,高雄銀,11.9,11.95,11.95,11.85,30.88,25.22,33.42,-0.04,-0.0,-0.04,12.55,12.08,11.61,808,1160,0.7,220.04,16.3,0.4,3.36,2026-08-13,2026-08-13 07:39:35
2838,聯邦銀,20.15,20.05,20.15,19.8,23.81,29.88,47.17,-0.17,-0.1,-0.07,20.91,20.4,19.89,2451,2492,0.98,928.48,15.74,0.46,2.28,2026-08-13,2026-08-13 07:39:36
2845,遠東銀,13.2,13.2,13.25,13.1,14.83,19.25,42.11,0.01,0.05,-0.04,13.52,13.29,13.06,6859,5735,1.2,642.22,14.35,0.5,3.79,2026-08-13,2026-08-13 07:39:37
2849,安泰銀,14.45,14.55,14.6,14.45,18.49,28.12,43.75,0.04,0.14,-0.1,15.5,14.81,14.13,87,113,0.77,282.87,16.8,0.51,3.53,2026-08-13,2026-08-13 07:39:38
2850,新產,161.0,158.0,161.5,158.0,55.22,58.43,64.84,4.12,4.29,-0.16,167.94,155.43,142.91,313,226,1.38,508.7,13.11,7.27,4.52,2026-08-13,2026-08-13 07:39:39
2851,中再保,37.85,36.8,38.05,36.8,89.56,81.29,72.81,0.12,-0.16,0.28,37.27,35.41,33.55,2113,1384,1.53,302.95,10.34,2.2,5.81,2026-08-13,2026-08-13 07:39:39
2852,第一保,26.95,26.9,27.0,26.75,59.38,57.28,57.89,0.09,0.09,-0.0,27.04,26.73,26.42,163,215,0.76,81.16,9.23,1.66,6.16,2026-08-13,2026-08-13 07:39:40
2855,統一證,47.35,48.05,48.5,47.1,83.88,79.54,59.87,-0.1,-0.68,0.58,48.1,44.34,40.58,3823,4155,0.92,758.27,10.62,2.11,4.46,2026-08-13,2026-08-13 07:39:41
2867,三商壽,9.62,9.43,9.62,9.35,40.35,50.75,62.32,0.22,0.27,-0.05,10.02,9.51,8.99,12499,12366,1.01,567.53,48.1,,,2026-08-13,2026-08-13 07:39:42
2880,華南金,39.1,41.5,41.55,38.3,46.01,62.11,50.45,1.11,1.38,-0.27,43.31,40.52,37.73,72408,35690,2.03,5441.53,20.8,1.35,3.45,2026-08-13,2026-08-13 07:39:43
2881,富邦金,128.5,128.0,129.0,127.0,49.05,55.6,51.79,1.26,1.51,-0.24,131.56,126.97,122.39,8612,9958,0.86,17560.45,15.35,4.25,3.31,2026-08-13,2026-08-13 07:39:44
2882,國泰金,99.5,100.0,100.5,98.9,57.95,63.98,54.98,0.97,0.86,0.11,102.7,97.84,92.98,14432,15003,0.96,14595.86,14.09,3.5,3.52,2026-08-13,2026-08-13 07:39:44
2883,凱基金,31.5,31.4,31.5,30.85,79.32,75.11,55.86,0.63,0.63,-0.01,31.95,30.46,28.97,34310,28367,1.21,5347.08,18.1,1.0,3.17,2026-08-13,2026-08-13 07:39:45
2884,玉山金,37.3,37.0,37.3,36.35,39.63,51.53,61.16,0.78,0.97,-0.18,39.1,37.02,34.95,41180,29807,1.38,6039.62,17.59,1.4,3.75,2026-08-13,2026-08-13 07:39:46
2885,元大金,69.7,69.2,70.0,68.4,72.2,72.37,70.12,1.4,1.1,0.31,71.63,65.64,59.64,18960,15344,1.24,9291.81,25.44,1.8,2.58,2026-08-13,2026-08-13 07:39:47
2886,兆豐金,45.85,46.9,46.9,44.95,20.25,34.34,46.46,0.72,1.18,-0.46,50.88,47.91,44.94,71741,36107,1.99,6801.1,19.43,1.75,3.82,2026-08-13,2026-08-13 07:39:48
2887,台新新光金,36.2,35.7,36.3,35.25,83.77,79.03,59.19,0.9,0.95,-0.05,36.74,34.8,32.86,57400,40991,1.4,9091.61,19.15,1.0,2.76,2026-08-13,2026-08-13 07:39:49
2889,國票金,15.55,15.35,15.55,15.3,37.68,30.21,43.33,-0.02,0.03,-0.04,15.91,15.52,15.14,11371,5282,2.15,565.02,24.68,0.3,1.93,2026-08-13,2026-08-13 07:39:50
2890,永豐金,39.95,40.2,40.2,39.3,52.17,46.81,59.59,0.64,0.74,-0.1,40.5,39.02,37.54,18012,16000,1.13,5905.48,20.7,1.1,2.75,2026-08-13,2026-08-13 07:39:50
2891,中信金,66.5,66.3,66.5,65.2,81.79,80.5,64.95,0.47,0.12,0.35,67.66,64.25,60.84,27681,26361,1.05,13084.5,16.38,2.5,3.76,2026-08-13,2026-08-13 07:39:52
2892,第一金,33.15,33.35,33.35,32.65,29.21,40.26,50.93,0.42,0.66,-0.24,35.07,33.6,32.13,28038,47760,0.59,4766.79,17.73,1.3,3.92,2026-08-13,2026-08-13 07:39:52
2897,王道銀行,10.15,10.15,10.15,10.05,34.93,37.03,50.0,0.04,0.06,-0.02,10.38,10.13,9.88,2558,2745,0.93,282.42,16.11,0.52,5.12,2026-08-13,2026-08-13 07:39:53
2901,欣欣,23.5,23.65,24.0,23.5,30.73,42.14,36.23,-0.03,0.04,-0.07,24.61,24.09,23.57,14,5,2.4,17.17,57.32,0.37,1.57,2026-08-13,2026-08-13 07:39:54
2903,遠百,21.75,21.9,21.9,21.55,20.25,23.39,38.1,-0.06,-0.0,-0.06,22.61,22.16,21.71,7166,2188,3.27,306.4,13.51,1.25,5.75,2026-08-13,2026-08-13 07:39:55
2904,匯僑,12.85,12.95,13.0,12.8,24.12,29.6,21.74,-0.2,-0.15,-0.05,13.93,13.37,12.82,121,43,2.79,10.0,22.54,0.7,5.45,2026-08-13,2026-08-13 07:39:56
2905,三商,16.2,16.35,16.35,15.8,37.29,45.87,52.0,0.29,0.36,-0.07,17.15,16.24,15.32,1328,691,1.92,170.63,22.82,0.3,1.85,2026-08-13,2026-08-13 07:39:57
2906,高林,13.5,13.6,13.6,13.0,78.3,66.31,58.82,0.07,0.04,0.03,13.71,13.24,12.77,196,117,1.67,28.23,30.0,0.6,4.44,2026-08-13,2026-08-13 07:39:57
2908,特力,21.9,21.85,22.6,21.55,50.44,50.15,55.0,0.08,0.11,-0.02,22.24,21.81,21.38,276,139,1.97,111.67,54.75,0.55,2.51,2026-08-13,2026-08-13 07:39:58
2910,統領,23.6,25.4,25.4,23.55,11.06,16.81,50.21,0.11,0.38,-0.27,27.41,24.97,22.53,25,19,1.34,41.4,19.34,1.04,4.41,2026-08-13,2026-08-13 07:39:59
2911,麗嬰房,7.1,6.83,7.11,6.83,65.5,60.62,51.41,-0.11,-0.15,0.04,7.24,6.95,6.65,162,137,1.18,7.46,1.89,,,2026-08-13,2026-08-13 07:40:00
2912,統一超,217.0,220.0,220.0,216.0,13.96,16.15,21.95,-2.15,-0.82,-1.33,237.91,225.88,213.85,3947,2390,1.65,2255.98,19.85,9.0,4.15,2026-08-13,2026-08-13 07:40:01
2913,農林,10.95,11.0,11.05,10.9,52.3,44.79,41.67,-0.05,-0.05,-0.01,11.39,11.06,10.73,1584,1433,1.1,86.51,,,,2026-08-13,2026-08-13 07:40:02
2915,潤泰全,54.1,54.8,54.8,53.5,85.01,77.71,66.67,1.02,0.84,0.18,54.18,52.0,49.82,2689,2558,1.05,577.64,3.98,1.9,3.51,2026-08-13,2026-08-13 07:40:02
2916,滿心,40.75,41.1,41.1,40.65,73.24,78.46,66.67,0.07,-0.12,0.19,41.47,40.09,38.7,54,34,1.59,26.34,10.19,3.6,8.83,2026-08-13,2026-08-13 07:40:03
2923,鼎固-KY,27.3,27.7,28.0,26.7,11.72,13.1,38.1,-0.75,0.35,-1.1,40.8,32.19,23.58,129,144,0.9,475.1,45.5,0.24,0.88,2026-08-13,2026-08-13 07:40:04
2924,宏太-KY,16.95,16.95,16.95,16.95,50.49,45.74,37.29,-0.3,-0.21,-0.09,19.16,17.6,16.03,1,5,0.18,8.82,,,,2026-08-13,2026-08-13 07:40:06
2926,誠品生活,30.35,30.5,30.5,30.35,52.66,46.49,32.31,-0.65,-0.72,0.07,32.06,30.9,29.73,10,15,0.66,14.38,55.18,0.46,1.52,2026-08-13,2026-08-13 07:40:07
2929,淘帝-KY,5.87,5.83,5.89,5.75,59.61,43.36,51.92,-0.01,-0.04,0.03,6.1,5.75,5.4,157,517,0.3,6.43,0.46,,,2026-08-13,2026-08-13 07:40:08
2937,集雅社,47.8,46.1,47.8,46.1,77.84,63.13,50.82,-0.44,-0.58,0.14,48.74,46.43,44.11,16,13,1.2,20.81,12.65,2.1,4.39,2026-08-13,2026-08-13 07:40:09
2939,永邑-KY,19.4,19.6,19.85,19.4,53.43,44.82,55.88,-0.06,-0.23,0.16,20.39,19.18,17.96,11,38,0.29,8.84,,,,2026-08-13,2026-08-13 07:40:10
2941,米斯特,30.5,30.5,30.5,30.5,49.76,51.24,47.37,-0.4,-0.38,-0.03,32.86,31.68,30.51,1,0,5.0,4.69,11.25,2.28,7.48,2026-08-13,2026-08-13 07:40:11
2945,三商家購,40.15,40.05,40.8,40.05,22.34,39.96,34.33,-0.15,0.01,-0.17,42.24,41.16,40.09,9,31,0.3,27.1,17.92,1.5,3.74,2026-08-13,2026-08-13 07:40:12
2947,振宇五金,62.5,62.4,62.5,62.4,19.99,23.02,44.26,-2.21,-2.6,0.39,66.9,63.37,59.84,15,12,1.23,14.78,23.23,2.0,3.2,2026-08-13,2026-08-13 07:40:13
2948,寶陞,37.95,37.5,37.95,36.5,85.41,78.26,69.06,0.71,0.33,0.38,37.73,35.08,32.42,3,8,0.39,12.14,18.16,1.93,5.09,2026-08-13,2026-08-13 07:40:14
2949,欣新網,61.0,61.1,61.1,61.0,52.35,49.5,44.63,-1.42,-1.64,0.22,67.07,61.48,55.9,2,2,1.0,18.11,17.58,2.03,3.33,2026-08-12,2026-08-13 07:40:14
3002,歐格,17.0,17.4,17.7,17.0,69.03,63.11,43.94,-0.58,-0.75,0.17,18.56,16.88,15.2,70,113,0.62,17.33,50.0,0.33,1.94,2026-08-13,2026-08-13 07:40:15
3003,健和興,69.3,69.5,72.4,68.9,80.65,76.43,71.22,1.68,-0.05,1.73,70.95,60.15,49.35,1315,2654,0.5,107.87,68.61,1.0,1.44,2026-08-13,2026-08-13 07:40:16
3004,豐達科,128.0,127.0,130.0,125.5,46.51,37.95,41.76,-3.49,-3.0,-0.5,143.1,131.53,119.95,540,433,1.25,82.39,22.42,2.55,1.99,2026-08-13,2026-08-13 07:40:17
3005,神基,114.5,116.5,117.0,114.0,60.52,66.56,54.55,1.67,1.82,-0.15,118.1,113.12,108.15,3497,2737,1.28,714.83,14.17,6.79,5.93,2026-08-13,2026-08-13 07:40:18
3006,晶豪科,277.5,285.5,285.5,272.5,90.41,85.37,69.17,14.89,5.66,9.23,293.19,220.22,147.26,4076,10991,0.37,789.43,33.76,1.0,0.36,2026-08-13,2026-08-13 07:40:19
3008,大立光,4660.0,4655.0,4825.0,4545.0,75.26,70.89,67.37,118.52,55.86,62.66,4725.47,4135.36,3545.24,2184,1774,1.23,6095.2,29.98,93.5,2.01,2026-08-13,2026-08-13 07:40:20
3010,華立,131.0,133.5,134.0,130.0,85.32,81.69,67.12,1.73,-0.49,2.21,130.71,118.25,105.79,1078,1423,0.76,339.86,14.12,5.3,4.05,2026-08-13,2026-08-13 07:40:20
3011,今皓,11.15,11.3,11.35,11.0,22.38,28.38,35.48,-0.47,-0.5,0.03,12.37,11.71,11.05,1000,674,1.48,14.46,,,,2026-08-13,2026-08-13 07:40:21
3013,晟銘電,87.0,87.2,88.8,86.7,79.96,75.6,52.91,-3.35,-4.96,1.6,93.6,83.97,74.34,1259,1044,1.21,178.47,19.21,0.4,0.46,2026-08-13,2026-08-13 07:40:22
3014,聯陽,134.5,136.0,136.0,134.0,83.49,79.23,58.21,-0.75,-2.26,1.51,138.98,129.18,119.37,776,2093,0.37,223.24,14.52,8.5,6.32,2026-08-13,2026-08-13 07:40:23
3015,全漢,55.8,56.6,57.2,55.8,63.73,66.35,52.65,-0.76,-1.16,0.4,59.58,54.94,50.31,344,761,0.45,104.49,27.62,2.2,3.94,2026-08-13,2026-08-13 07:40:24
3016,嘉晶,104.0,106.0,111.0,103.5,81.41,76.09,55.92,-2.93,-5.44,2.51,116.45,96.28,76.1,10010,6357,1.57,301.97,253.66,0.5,0.48,2026-08-13,2026-08-13 07:40:25
3017,奇鋐,3200.0,3030.0,3200.0,2925.0,89.7,83.84,72.91,154.85,76.11,78.74,3138.05,2507.25,1876.45,10528,4894,2.15,12561.38,53.38,17.9,0.56,2026-08-13,2026-08-13 07:40:25
3018,隆銘綠能,13.65,13.0,13.65,13.0,21.11,20.17,52.91,0.33,0.58,-0.25,16.94,13.77,10.6,96,79,1.21,10.29,1.52,,,2026-08-13,2026-08-13 07:40:26
3019,亞光,139.0,138.5,140.5,138.5,79.88,72.88,56.57,-1.28,-2.84,1.56,142.89,132.15,121.41,2452,2905,0.84,388.15,20.53,4.6,3.31,2026-08-13,2026-08-13 07:40:27
3021,鴻名,20.85,21.85,21.95,20.8,58.3,55.2,44.83,-1.14,-1.4,0.25,22.87,21.03,19.2,157,133,1.19,19.74,35.95,0.6,2.88,2026-08-13,2026-08-13 07:40:28
3022,威強電,98.1,106.5,107.0,98.0,66.56,75.15,53.59,5.07,3.98,1.09,111.9,93.35,74.8,4969,6197,0.8,173.24,28.03,3.5,3.57,2026-08-13,2026-08-13 07:40:29
3023,信邦,312.0,321.0,321.0,311.0,82.11,80.31,69.03,3.13,-0.66,3.78,328.4,295.31,262.22,1187,1353,0.88,749.02,24.41,10.0,3.21,2026-08-13,2026-08-13 07:40:30
3024,憶聲,13.45,13.35,13.45,13.2,87.22,71.33,52.46,0.08,-0.02,0.1,14.2,12.96,11.72,1248,1112,1.12,37.28,149.44,0.22,1.64,2026-08-13,2026-08-13 07:40:31
3025,星通,57.0,57.5,57.5,56.5,81.71,72.87,52.72,-1.58,-2.33,0.75,58.82,55.06,51.29,167,214,0.78,32.34,14.39,3.2,5.61,2026-08-13,2026-08-13 07:40:32
3026,禾伸堂,691.0,706.0,752.0,690.0,81.73,70.05,54.31,-27.05,-50.01,22.96,765.2,584.98,404.75,24899,14827,1.68,1146.3,90.09,5.8,0.84,2026-08-13,2026-08-13 07:40:32
3027,盛達,18.3,18.4,18.7,18.2,58.4,61.87,39.74,-0.42,-0.48,0.06,19.82,18.56,17.3,147,158,0.93,23.61,8.17,,,2026-08-13,2026-08-13 07:40:33
3028,增你強,69.3,70.7,70.7,69.2,74.87,72.22,52.63,-0.73,-1.72,0.99,74.66,66.22,57.78,905,2126,0.43,164.41,13.86,2.95,4.26,2026-08-13,2026-08-13 07:40:34
3029,零壹,111.5,111.0,113.0,111.0,65.42,64.3,61.76,1.92,1.41,0.51,112.46,105.74,99.02,2206,1339,1.65,184.2,16.49,5.5,4.93,2026-08-13,2026-08-13 07:40:35
3030,德律,303.5,309.0,313.5,303.0,81.7,76.16,54.26,-2.58,-7.4,4.82,319.67,288.43,257.18,1226,1293,0.95,716.92,26.32,7.0,2.31,2026-08-13,2026-08-13 07:40:36
3031,佰鴻,23.2,23.3,23.7,23.15,82.07,73.34,48.13,-1.17,-1.53,0.36,26.0,22.93,19.86,348,411,0.85,40.18,20.9,1.0,4.31,2026-08-13,2026-08-13 07:40:37
3032,偉訓,80.9,81.5,82.8,78.8,46.68,54.17,54.09,0.43,0.13,0.3,86.11,79.25,72.39,764,564,1.35,91.65,,2.73,3.37,2026-08-13,2026-08-13 07:40:37
3033,威健,48.6,50.9,50.9,48.35,74.85,73.8,51.4,0.46,-0.1,0.56,51.97,46.55,41.13,14168,8545,1.66,234.6,21.13,1.92,3.95,2026-08-13,2026-08-13 07:40:38
3034,聯詠,538.0,542.0,545.0,531.0,55.17,62.43,61.07,13.23,10.95,2.28,568.57,513.3,458.03,3658,3071,1.19,3273.79,22.07,23.0,4.28,2026-08-13,2026-08-13 07:40:39
3035,智原,177.0,182.0,184.5,176.5,78.24,65.78,38.67,-6.78,-8.33,1.56,207.53,177.7,147.87,4076,3776,1.08,461.17,95.16,1.8,1.02,2026-08-13,2026-08-13 07:40:40
3036,文曄,215.0,220.5,221.5,215.0,64.72,69.82,53.78,2.07,-0.77,2.84,235.44,205.45,175.46,6959,18366,0.38,2731.76,15.18,7.8,3.63,2026-08-13,2026-08-13 07:40:41
3037,欣興,1000.0,1045.0,1045.0,976.0,86.39,83.83,65.57,27.92,5.11,22.82,1076.53,874.2,671.87,8879,9724,0.91,15928.7,142.86,1.98,0.2,2026-08-13,2026-08-13 07:40:42
3038,全台,20.5,20.55,20.6,20.45,41.69,57.59,46.94,-0.28,-0.35,0.07,21.19,20.58,19.97,201,181,1.11,29.53,21.58,1.2,5.85,2026-08-13,2026-08-13 07:40:43
3040,遠見,38.0,37.45,38.15,37.45,83.28,79.05,68.7,0.08,-0.21,0.28,39.26,36.86,34.45,58,69,0.85,23.93,,1.0,2.63,2026-08-13,2026-08-13 07:40:44
3041,揚智,23.25,23.8,23.95,23.0,67.23,66.78,47.76,-0.59,-0.88,0.29,25.16,22.82,20.49,721,969,0.74,33.04,23.97,,,2026-08-13,2026-08-13 07:40:45
3042,晶技,186.5,183.0,196.5,182.0,81.73,76.24,60.8,-1.56,-6.07,4.51,192.79,164.68,136.56,18438,13956,1.32,634.09,36.07,4.8,2.57,2026-08-13,2026-08-13 07:40:45
3043,科風,20.6,21.0,21.55,20.6,71.55,68.78,48.54,-0.32,-0.48,0.16,21.61,20.21,18.8,184,84,2.18,8.03,,,,2026-08-13,2026-08-13 07:40:46
3044,健鼎,495.0,502.0,524.0,485.5,87.84,81.35,73.39,2.25,-14.16,16.41,477.61,399.32,321.04,14118,5896,2.39,2601.75,24.16,12.7,2.57,2026-08-13,2026-08-13 07:40:47
3045,台灣大,108.5,109.0,109.5,108.0,12.87,19.35,22.22,-0.54,-0.12,-0.42,114.85,111.7,108.55,15590,10651,1.46,3320.13,22.42,4.74,4.37,2026-08-13,2026-08-13 07:40:48
3046,建碁,61.0,62.3,63.0,60.3,85.88,78.86,67.86,1.78,0.86,0.91,61.83,55.15,48.47,992,1082,0.92,47.85,14.91,3.0,4.92,2026-08-13,2026-08-13 07:40:49
3047,訊舟,14.35,14.35,14.5,14.25,65.58,64.24,46.51,-0.29,-0.34,0.05,15.48,14.47,13.45,518,458,1.13,32.04,,0.3,2.09,2026-08-13,2026-08-13 07:40:50
3048,益登,60.7,59.8,63.9,59.6,82.08,78.24,68.53,0.47,-1.17,1.64,63.35,52.46,41.56,9017,7247,1.24,163.79,21.91,1.0,1.65,2026-08-13,2026-08-13 07:40:51
3049,精金,11.35,11.2,11.8,11.1,75.06,69.63,55.13,-0.38,-0.58,0.2,11.86,10.66,9.46,7138,2803,2.55,91.03,36.61,,,2026-08-13,2026-08-13 07:40:52
3050,鈺德,11.45,11.5,11.5,11.2,86.29,77.94,52.34,-0.17,-0.26,0.09,11.74,11.14,10.54,627,523,1.2,17.75,,0.25,2.18,2026-08-13,2026-08-13 07:40:52
3051,力特,23.4,23.75,23.95,23.25,81.89,77.65,61.12,-0.36,-0.73,0.37,24.09,22.22,20.36,533,549,0.97,38.61,22.72,0.5,2.14,2026-08-13,2026-08-13 07:40:53
3052,夆典,11.25,11.05,11.3,11.05,78.95,65.9,76.19,0.04,-0.02,0.06,11.04,10.69,10.35,1615,512,3.15,22.95,11.97,0.5,4.44,2026-08-13,2026-08-13 07:40:54
3054,立萬利,48.6,48.3,49.1,48.3,44.84,46.04,32.82,-3.15,-3.46,0.31,57.07,50.82,44.57,55,98,0.56,39.2,10.08,0.8,1.65,2026-08-13,2026-08-13 07:40:55
3055,蔚華科,118.5,119.0,128.0,118.5,69.79,56.49,41.84,-6.54,-6.21,-0.32,174.24,122.46,70.68,4221,2208,1.91,133.59,,0.5,0.42,2026-08-13,2026-08-13 07:40:56
3056,富華新,13.85,14.2,14.2,13.7,53.56,62.35,44.0,0.01,0.02,-0.01,14.26,14.02,13.78,1222,695,1.76,65.86,4.56,0.62,4.48,2026-08-13,2026-08-13 07:40:57
3057,喬鼎,16.85,16.3,17.15,16.3,79.88,73.15,53.85,-0.41,-0.77,0.36,17.47,15.53,13.58,118,157,0.75,11.44,42.12,,,2026-08-13,2026-08-13 07:40:57
3058,立德,8.26,8.42,8.42,8.24,52.19,41.09,38.0,-0.2,-0.22,0.02,8.72,8.34,7.97,322,330,0.98,16.55,,,,2026-08-13,2026-08-13 07:40:58
3059,華晶科,40.75,41.15,41.3,40.75,82.85,74.88,53.55,-1.07,-1.52,0.45,42.69,39.84,37.0,1773,1579,1.12,125.35,33.13,1.0,2.45,2026-08-13,2026-08-13 07:40:59
3060,銘異,28.8,29.2,29.55,28.8,60.89,63.1,49.44,-0.95,-1.23,0.28,30.96,28.49,26.02,866,1128,0.77,39.62,,0.2,0.69,2026-08-13,2026-08-13 07:41:00
3062,建漢,21.0,21.3,21.5,21.0,86.65,79.7,51.56,-0.7,-1.03,0.33,22.27,20.51,18.76,1332,1254,1.06,68.46,,,,2026-08-13,2026-08-13 07:41:01
3064,泰偉,19.6,19.6,19.6,19.6,97.99,91.34,100.0,0.18,-0.01,0.19,20.19,18.62,17.04,0,0,,2.55,,,,2026-08-12,2026-08-13 07:41:02
3066,李洲,23.6,24.05,24.4,23.15,60.57,56.7,53.87,-0.12,-0.4,0.28,24.64,21.91,19.18,1413,1500,0.94,19.6,337.14,,,2026-08-13,2026-08-13 07:41:03
3067,全域,17.95,17.95,17.95,17.95,10.8,18.7,48.15,-0.1,-0.12,0.01,18.3,18.04,17.77,1,1,1.0,3.59,,,,2026-08-12,2026-08-13 07:41:04
3071,協禧,25.2,25.65,25.75,24.9,40.48,55.34,42.73,-0.94,-1.1,0.16,26.92,25.61,24.31,209,270,0.77,27.72,36.0,0.8,3.17,2026-08-13,2026-08-13 07:41:05
3073,天方能源,22.65,23.2,24.0,22.6,62.27,71.05,64.86,0.23,0.11,0.12,22.91,21.92,20.93,113,140,0.8,8.95,,,,2026-08-13,2026-08-13 07:41:06
3078,僑威,52.9,53.6,53.6,52.6,67.48,75.33,50.96,-0.11,-0.39,0.28,55.26,52.66,50.06,1176,769,1.53,120.29,10.86,4.0,7.56,2026-08-13,2026-08-13 07:41:07
3081,聯亞,2665.0,2840.0,2845.0,2640.0,89.58,86.25,73.63,199.32,83.53,115.78,2799.05,1942.75,1086.45,1865,2566,0.73,2712.14,391.34,3.0,0.11,2026-08-13,2026-08-13 07:41:08
3083,網龍,24.1,23.85,24.25,23.7,30.09,42.34,34.85,-0.52,-0.51,-0.01,25.98,25.12,24.26,299,121,2.46,20.84,39.51,0.33,1.37,2026-08-13,2026-08-13 07:41:09
3085,新零售,12.2,12.2,12.2,12.2,69.75,68.91,46.87,-0.05,-0.05,-0.0,12.51,12.1,11.69,2,3,0.69,8.42,,,,2026-08-13,2026-08-13 07:41:10
3086,華義*,26.8,27.6,27.6,26.75,29.85,38.59,36.65,-1.35,-1.48,0.13,30.72,28.02,25.31,118,129,0.92,73.09,,0.02,0.07,2026-08-13,2026-08-13 07:41:11
3088,艾訊,138.0,141.5,141.5,138.0,68.56,62.04,41.26,0.54,-0.57,1.11,154.77,134.66,114.56,801,1680,0.48,153.28,25.23,2.93,2.12,2026-08-13,2026-08-13 07:41:13
3090,日電貿,175.0,173.5,187.0,173.5,81.75,73.32,54.3,-17.47,-24.6,7.13,199.67,157.05,114.43,21409,18815,1.14,503.24,32.05,4.8,2.74,2026-08-13,2026-08-13 07:41:14
3092,鴻碩,23.95,25.3,25.3,23.85,59.86,56.48,46.4,-1.04,-1.35,0.31,25.12,23.62,22.13,176,119,1.48,25.54,,,,2026-08-13,2026-08-13 07:41:14
3093,港建*,49.25,49.3,50.2,48.7,84.07,75.45,52.14,-1.99,-3.06,1.07,51.61,46.57,41.54,362,348,1.04,71.49,56.61,1.15,2.34,2026-08-13,2026-08-13 07:41:16
3094,聯傑,38.8,37.15,39.55,36.9,79.16,72.62,57.34,-0.06,-0.48,0.42,39.97,35.76,31.54,4392,1901,2.31,32.25,155.2,0.25,0.64,2026-08-13,2026-08-13 07:41:17
3095,及成,37.55,37.55,37.55,37.55,41.17,51.11,37.41,-0.2,-0.28,0.07,39.54,38.0,36.46,1,2,0.5,3.75,,,,2026-08-13,2026-08-13 07:41:18
3105,穩懋,387.0,406.5,417.5,383.0,80.43,76.12,57.42,-4.99,-17.25,12.27,417.36,345.12,272.89,39541,26976,1.47,312.79,74.42,2.0,0.52,2026-08-13,2026-08-13 07:41:18
3114,好德,35.0,35.5,36.5,34.95,66.4,69.15,59.14,-0.53,-1.36,0.83,38.97,33.1,27.22,896,1772,0.51,22.55,13.26,1.2,3.43,2026-08-13,2026-08-13 07:41:19
3115,富榮綱,8.7,8.7,8.7,8.7,29.73,41.96,31.21,-0.02,0.05,-0.07,9.92,9.06,8.2,1,6,0.16,6.32,,,,2026-08-13,2026-08-13 07:41:20
3118,進階,31.7,31.8,31.8,31.7,40.52,47.04,48.28,0.06,0.06,0.0,32.31,31.85,31.4,2,6,0.43,10.29,13.43,2.2,6.94,2026-08-13,2026-08-13 07:41:21
3122,笙泉,26.1,26.2,26.6,26.05,76.8,70.44,53.69,-0.83,-1.24,0.4,27.27,25.19,23.1,83,71,1.17,10.64,,,,2026-08-13,2026-08-13 07:41:22
3128,昇銳,22.2,22.3,22.3,22.05,76.75,73.57,53.93,-0.34,-0.5,0.16,22.75,21.69,20.62,46,97,0.48,10.5,20.94,0.4,1.8,2026-08-13,2026-08-13 07:41:23
3130,一零四,210.5,213.0,213.5,209.5,53.74,37.15,65.52,0.07,-0.54,0.61,208.32,204.47,200.63,191,90,2.11,69.87,14.06,14.7,6.98,2026-08-13,2026-08-13 07:41:24
3131,弘塑,2635.0,2610.0,2730.0,2560.0,67.02,54.17,44.72,-158.71,-191.22,32.51,3079.96,2576.68,2073.39,857,740,1.16,740.86,51.57,46.08,1.75,2026-08-13,2026-08-13 07:41:25
3135,凌航,169.0,167.5,170.0,166.0,51.13,59.42,55.96,-0.65,-3.32,2.66,182.93,157.75,132.57,1753,2555,0.69,151.63,10.11,4.1,2.43,2026-08-13,2026-08-13 07:41:26
3138,耀登,97.6,98.9,100.5,97.6,79.31,75.14,49.31,-4.68,-6.77,2.09,106.1,95.18,84.25,164,187,0.87,48.5,57.75,1.55,1.59,2026-08-13,2026-08-13 07:41:27
3141,晶宏,75.6,75.8,76.6,75.1,68.0,75.09,64.41,1.86,0.65,1.22,82.67,69.18,55.69,584,1319,0.44,56.24,77.94,0.51,0.67,2026-08-13,2026-08-13 07:41:28
3147,大綜,234.0,234.0,236.5,231.0,39.35,48.93,52.59,-2.99,-4.36,1.37,259.24,228.9,198.56,526,898,0.59,102.23,26.29,6.5,2.78,2026-08-13,2026-08-13 07:41:29
3149,正達,68.3,68.9,70.5,68.3,57.39,48.1,47.33,-3.68,-4.39,0.71,77.76,68.41,59.06,8068,14401,0.56,164.53,,,,2026-08-13,2026-08-13 07:41:30
3150,鈺寶-創,17.75,18.15,18.55,17.75,81.88,75.63,58.56,-0.04,-0.32,0.28,18.33,16.67,15.01,33,51,0.64,7.88,,0.5,2.82,2026-08-13,2026-08-13 07:41:31
3152,璟德,231.0,233.5,236.0,230.5,73.2,65.96,54.17,-11.57,-16.42,4.85,238.79,221.16,203.53,124,122,1.01,159.43,14.02,7.11,3.08,2026-08-13,2026-08-13 07:41:32
3158,嘉實,83.6,83.4,84.0,83.3,75.56,79.14,60.0,0.11,-0.12,0.24,84.35,82.77,81.19,5,8,0.64,25.32,12.1,6.5,7.78,2026-08-13,2026-08-13 07:41:33
3162,精確,65.5,66.6,67.0,65.3,79.8,70.96,50.0,-2.93,-4.06,1.13,71.67,63.88,56.1,714,724,0.99,101.03,55.51,0.87,1.33,2026-08-13,2026-08-13 07:41:34
3163,波若威,717.0,740.0,740.0,715.0,78.45,73.96,60.99,13.35,-5.48,18.83,770.13,623.41,476.68,1613,5103,0.32,678.54,97.95,1.75,0.24,2026-08-13,2026-08-13 07:41:35
3164,景岳,16.2,16.5,16.5,16.2,53.68,56.51,45.24,-0.01,-0.01,0.0,16.61,16.35,16.1,29,29,0.99,13.93,31.15,0.8,4.94,2026-08-13,2026-08-13 07:41:36
3167,大量,674.0,699.0,699.0,670.0,72.71,68.37,54.91,-26.29,-43.43,17.14,812.25,628.73,445.2,458,1168,0.39,603.32,66.87,3.91,0.58,2026-08-13,2026-08-13 07:41:37
3168,眾福科,41.85,42.55,42.55,41.8,58.73,54.44,40.3,-0.43,-0.51,0.08,44.73,42.47,40.21,10,16,0.61,31.43,15.91,3.0,7.17,2026-08-13,2026-08-13 07:41:38
3169,亞信,102.0,103.5,104.0,101.0,59.8,62.55,50.0,-0.59,-1.1,0.51,107.33,100.95,94.56,78,76,1.03,64.37,29.39,3.2,3.14,2026-08-13,2026-08-13 07:41:39
3171,炎洲流通,64.1,64.0,64.2,63.6,46.59,53.52,43.68,-0.13,-0.05,-0.08,66.38,64.82,63.27,41,35,1.16,19.31,13.3,4.64,7.24,2026-08-13,2026-08-13 07:41:40
3176,基亞,34.15,33.9,34.6,33.7,76.33,64.11,56.57,-0.17,-0.39,0.22,35.01,33.0,30.99,422,330,1.28,47.57,,,,2026-08-13,2026-08-13 07:41:41
3178,公準,59.0,60.7,61.0,59.0,65.28,54.81,37.02,-1.92,-2.18,0.25,69.94,60.29,50.63,99,59,1.66,26.58,,0.5,0.85,2026-08-13,2026-08-13 07:41:42
3188,鑫龍騰,23.3,23.8,23.8,23.25,68.46,67.94,45.28,-0.14,-0.21,0.06,23.97,23.21,22.45,238,203,1.17,43.88,4.19,3.2,13.73,2026-08-13,2026-08-13 07:41:43
3189,景碩,851.0,866.0,872.0,813.0,90.62,84.9,64.46,29.78,12.76,17.02,930.13,745.2,560.27,4535,5977,0.76,4484.0,215.44,1.52,0.18,2026-08-13,2026-08-13 07:41:43
3191,雲嘉南,18.55,18.9,18.9,18.2,68.64,73.66,56.0,0.01,-0.08,0.09,19.29,18.24,17.19,22,34,0.65,8.09,80.65,,,2026-08-13,2026-08-13 07:41:44
3205,佰研,48.6,49.7,49.8,48.5,55.32,54.22,40.14,-0.61,-0.84,0.24,50.92,48.85,46.79,62,43,1.44,32.83,,,,2026-08-13,2026-08-13 07:41:45
3206,志豐,34.75,35.5,35.55,34.15,75.31,71.63,60.63,-0.23,-0.57,0.34,35.19,33.36,31.53,87,49,1.78,20.47,21.06,1.5,4.32,2026-08-13,2026-08-13 07:41:47
3207,耀勝,41.8,43.05,43.15,41.7,64.49,59.91,35.78,-4.07,-4.86,0.79,50.47,43.51,36.56,175,168,1.04,27.77,,,,2026-08-13,2026-08-13 07:41:48
3209,全科,56.0,56.3,56.8,55.5,41.32,53.21,44.97,-0.89,-1.1,0.21,59.82,56.42,53.03,3282,2329,1.41,131.82,15.69,2.48,4.43,2026-08-13,2026-08-13 07:41:48
3211,順達,406.5,417.0,419.0,405.0,85.44,72.3,54.61,-2.4,-13.25,10.86,434.64,356.27,277.91,9403,13452,0.7,627.58,40.77,11.47,2.82,2026-08-13,2026-08-13 07:41:49
3213,茂訊,135.0,135.0,136.0,133.0,67.03,70.13,58.23,2.82,2.01,0.81,141.69,128.55,115.41,314,560,0.56,79.22,19.07,7.0,5.19,2026-08-13,2026-08-13 07:41:50
3217,優群,142.0,147.5,148.0,141.5,55.82,56.99,36.71,-3.83,-4.78,0.96,155.03,145.57,136.12,1826,882,2.07,127.95,11.31,10.0,7.04,2026-08-13,2026-08-13 07:41:51
3218,大學光,136.5,139.5,139.5,135.5,65.12,71.67,49.21,1.16,0.75,0.41,145.67,137.85,130.03,688,405,1.7,115.65,12.09,7.75,5.68,2026-08-13,2026-08-13 07:41:52
3219,倚強科,72.8,75.8,77.4,72.6,72.67,69.53,64.38,0.67,-1.11,1.78,75.94,64.51,53.08,345,524,0.66,52.26,35.69,1.36,1.87,2026-08-13,2026-08-13 07:41:53
3221,台嘉碩,49.35,49.3,52.0,49.3,72.95,67.03,50.32,-1.35,-2.12,0.77,51.65,46.73,41.81,4654,2961,1.57,51.85,170.17,0.28,0.57,2026-08-13,2026-08-13 07:41:54
3224,三顧,36.0,36.3,36.6,36.0,59.83,65.5,48.92,-0.22,-0.52,0.3,37.04,35.21,33.38,32,31,1.04,28.13,,,,2026-08-13,2026-08-13 07:41:55
3226,龍鋒,51.6,51.5,51.6,50.0,71.11,73.11,81.76,1.46,1.18,0.28,53.95,48.74,43.53,54,34,1.58,33.25,,0.5,0.97,2026-08-13,2026-08-13 07:41:56
3227,原相,201.5,205.5,206.0,200.0,65.25,73.57,50.36,0.14,-1.46,1.6,217.27,197.53,177.78,1254,1440,0.87,306.11,18.4,10.01,4.97,2026-08-13,2026-08-13 07:41:57
3228,金麗科,149.0,148.5,155.0,148.0,69.05,60.23,42.86,-6.92,-8.57,1.64,166.88,148.4,129.92,363,220,1.65,106.55,,,,2026-08-13,2026-08-13 07:41:58
3229,晟鈦,53.0,55.9,55.9,51.4,85.5,81.41,72.5,2.93,1.56,1.37,55.01,44.35,33.68,1493,1479,1.01,34.06,883.33,,,2026-08-13,2026-08-13 07:41:59
3230,錦明,40.45,40.95,42.2,40.45,75.71,71.38,50.76,-0.6,-0.63,0.03,46.46,40.49,34.51,607,581,1.04,34.43,,0.35,0.87,2026-08-13,2026-08-13 07:42:00
3231,緯創,197.0,196.0,199.5,193.5,77.47,75.51,60.84,10.81,9.33,1.48,211.28,176.12,140.97,72179,56436,1.28,6264.7,20.78,5.5,2.79,2026-08-13,2026-08-13 07:42:00
3232,昱捷,20.0,19.9,20.35,19.8,65.44,51.12,46.8,-0.44,-0.56,0.11,20.83,19.58,18.32,40,22,1.8,9.31,86.96,0.5,2.5,2026-08-13,2026-08-13 07:42:01
3234,光環,141.0,133.5,146.0,133.5,87.16,78.05,68.72,3.4,-1.22,4.61,134.63,108.03,81.43,8143,3928,2.07,157.18,1175.0,,,2026-08-13,2026-08-13 07:42:02
3236,千如,47.3,46.0,49.0,46.0,78.94,69.99,59.64,-2.56,-3.76,1.19,49.76,43.04,36.32,7424,4637,1.6,49.67,112.62,0.5,1.06,2026-08-13,2026-08-13 07:42:03
3252,海灣,16.0,16.0,16.2,16.0,36.87,31.82,34.88,-0.37,-0.4,0.02,17.38,16.38,15.39,11,45,0.25,8.03,114.29,,,2026-08-13,2026-08-13 07:42:04
3257,虹冠電,51.3,52.1,52.7,51.2,67.35,65.37,48.62,-2.03,-2.49,0.47,54.71,51.35,47.99,247,230,1.07,40.82,18.65,2.8,5.46,2026-08-13,2026-08-13 07:42:05
3259,鑫創,14.1,14.0,14.1,14.0,21.11,30.26,22.22,-0.42,-0.37,-0.05,15.63,14.87,14.1,26,37,0.72,10.29,,,,2026-08-13,2026-08-13 07:42:06
3260,威剛,409.0,416.0,419.0,409.0,55.52,63.48,57.47,2.94,-0.19,3.13,429.54,391.23,352.91,8062,11722,0.69,1291.56,8.12,17.0,4.16,2026-08-13,2026-08-13 07:42:07
3264,欣銓,230.5,222.5,238.0,220.0,82.47,75.02,57.61,0.29,-4.6,4.89,240.31,202.68,165.04,16814,11898,1.41,1092.39,34.82,4.2,1.82,2026-08-13,2026-08-13 07:42:08
3265,台星科,181.0,179.5,190.5,178.5,81.95,74.53,60.53,0.08,-3.72,3.8,179.5,156.93,134.35,3543,1908,1.86,246.63,31.92,4.1,2.27,2026-08-13,2026-08-13 07:42:09
3266,昇陽,14.0,13.85,14.0,13.7,84.9,79.01,64.29,0.2,0.2,-0.01,14.12,13.74,13.36,84,32,2.6,49.32,22.22,0.5,3.57,2026-08-13,2026-08-13 07:42:10
3268,海德威,19.4,19.6,19.8,19.3,23.13,40.22,44.44,-0.11,0.0,-0.11,21.73,20.22,18.71,116,70,1.66,6.74,,,,2026-08-13,2026-08-13 07:42:11
3272,東碩,13.8,13.8,14.15,13.75,45.06,51.58,36.11,-0.46,-0.53,0.07,15.39,14.22,13.04,18,24,0.75,8.27,,,,2026-08-13,2026-08-13 07:42:12
3276,宇環,14.55,15.1,15.1,14.55,20.45,18.93,25.81,-0.38,-0.26,-0.12,18.01,15.73,13.44,137,222,0.62,10.14,72.75,0.06,0.41,2026-08-13,2026-08-13 07:42:13
3284,太普高,21.5,21.35,21.7,21.2,60.79,54.02,50.94,-0.8,-0.85,0.05,24.15,21.54,18.93,218,246,0.89,23.32,9.6,0.5,2.33,2026-08-13,2026-08-13 07:42:14
3285,微端,38.15,38.0,39.35,37.4,57.6,55.1,44.87,-0.38,-0.5,0.12,39.92,37.79,35.66,31,36,0.88,16.3,40.59,0.5,1.31,2026-08-13,2026-08-13 07:42:14
3287,廣寰科,35.7,38.0,38.0,34.45,87.04,84.08,78.6,0.66,-0.25,0.92,34.38,29.8,25.23,1413,450,3.14,15.7,12.57,1.5,4.2,2026-08-13,2026-08-13 07:42:15
3288,點晶,21.0,21.9,21.95,21.0,9.79,19.64,44.25,-0.05,0.53,-0.58,28.57,24.41,20.26,48,45,1.06,3.44,,,,2026-08-13,2026-08-13 07:42:16
3289,宜特,141.5,143.0,144.0,140.5,51.23,55.61,42.53,-4.64,-5.53,0.89,151.91,141.91,131.9,717,732,0.98,122.36,27.69,4.79,3.39,2026-08-13,2026-08-13 07:42:17
3290,東浦,57.2,57.0,57.8,56.4,77.22,60.12,41.94,-1.81,-2.13,0.32,64.23,56.22,48.22,529,533,0.99,51.6,13.21,1.5,2.62,2026-08-13,2026-08-13 07:42:19
3293,鈊象,762.0,772.0,777.0,750.0,58.55,74.19,66.25,15.27,12.59,2.68,822.0,749.8,677.6,2338,1803,1.3,2147.33,19.21,36.0,4.72,2026-08-13,2026-08-13 07:42:20
3294,英濟,31.65,32.2,32.3,31.65,79.63,74.73,56.65,-1.04,-1.55,0.51,33.25,30.36,27.48,287,347,0.83,41.78,,0.38,1.2,2026-08-13,2026-08-13 07:42:21
3296,勝德,23.7,23.5,23.85,23.3,73.85,56.19,31.87,-0.76,-0.8,0.04,27.06,23.96,20.85,31,22,1.4,22.92,182.31,,,2026-08-13,2026-08-13 07:42:22
3297,杭特,28.25,29.7,29.7,28.25,72.23,63.86,42.18,-0.63,-0.91,0.28,31.89,28.01,24.13,37,96,0.39,10.18,57.65,,,2026-08-13,2026-08-13 07:42:23
3303,岱稜,53.2,53.9,53.9,53.1,36.07,53.34,56.67,0.08,0.07,0.01,57.03,53.18,49.33,290,586,0.5,49.76,13.37,3.0,5.64,2026-08-13,2026-08-13 07:42:24
3305,昇貿,117.0,116.0,119.5,115.0,84.22,77.88,56.88,-2.05,-4.5,2.45,122.69,108.18,93.67,2240,2558,0.88,164.15,32.87,2.28,1.95,2026-08-13,2026-08-13 07:42:24
3306,鼎天,44.6,44.8,44.85,44.5,80.73,79.04,62.08,-0.13,-0.51,0.38,45.35,42.95,40.55,39,82,0.47,22.57,20.27,1.7,3.81,2026-08-13,2026-08-13 07:42:25
3308,聯德,19.5,19.5,19.9,19.5,37.65,45.36,39.29,-0.37,-0.4,0.02,20.79,19.76,18.73,29,30,0.96,11.7,177.27,,,2026-08-13,2026-08-13 07:42:26
3310,佳穎,68.6,69.8,69.8,68.2,59.75,71.64,56.99,0.48,0.21,0.26,70.13,67.54,64.96,11,29,0.38,43.08,50.07,3.5,5.1,2026-08-13,2026-08-13 07:42:27
3311,閎暉,32.7,32.25,33.05,32.25,51.99,43.31,40.88,-0.92,-1.01,0.09,34.78,32.9,31.02,156,166,0.94,32.7,20.19,0.6,1.83,2026-08-13,2026-08-13 07:42:28
3312,弘憶股,56.8,56.8,56.8,56.8,90.05,79.31,66.61,-0.36,-1.8,1.44,54.86,47.44,40.03,2174,1490,1.46,103.73,33.61,1.3,2.29,2026-08-13,2026-08-13 07:42:29
3313,斐成,10.25,10.55,10.55,10.25,27.03,24.4,27.08,-0.35,-0.33,-0.01,12.24,10.82,9.4,134,97,1.38,22.67,,,,2026-08-13,2026-08-13 07:42:30
3317,尼克森,70.6,70.6,73.5,70.4,72.86,63.77,42.2,-4.09,-4.72,0.62,83.94,71.02,58.1,853,574,1.48,63.54,39.01,0.5,0.71,2026-08-13,2026-08-13 07:42:31
3321,同泰,18.45,19.05,19.05,18.4,43.05,52.57,48.24,-0.5,-0.64,0.14,20.18,18.65,17.11,142,245,0.58,15.89,,,,2026-08-13,2026-08-13 07:42:32
3322,建舜電,11.6,11.5,11.65,11.5,62.1,52.74,40.28,-0.49,-0.58,0.1,12.8,11.62,10.43,226,282,0.8,15.96,,,,2026-08-13,2026-08-13 07:42:33
3323,加百裕,31.65,32.6,32.6,31.65,82.19,76.93,58.99,-0.35,-0.96,0.6,33.3,29.82,26.34,352,646,0.55,31.46,,0.5,1.58,2026-08-13,2026-08-13 07:42:34
3324,雙鴻,1035.0,1065.0,1080.0,1025.0,78.95,77.1,59.83,21.19,2.34,18.85,1086.55,945.8,805.05,4520,3282,1.38,947.8,30.14,11.9,1.15,2026-08-13,2026-08-13 07:42:35
3325,旭品,11.65,11.8,11.9,11.6,38.94,50.38,34.88,-0.22,-0.21,-0.01,12.77,12.05,11.32,138,76,1.82,12.83,,,,2026-08-13,2026-08-13 07:42:36
3332,幸康,62.5,62.5,62.5,62.5,61.06,64.17,46.25,-0.11,-0.22,0.12,65.79,62.43,59.07,1,3,0.29,30.07,15.94,2.0,3.2,2026-08-13,2026-08-13 07:42:37
3338,泰碩,64.6,64.3,65.3,64.0,77.61,71.82,51.01,-1.18,-1.82,0.64,70.04,63.1,56.16,344,351,0.98,56.09,44.25,1.3,2.01,2026-08-13,2026-08-13 07:42:38
3339,泰谷,38.05,38.5,38.75,37.8,59.51,62.5,57.34,-0.3,-1.07,0.77,41.41,36.05,30.68,1183,1819,0.65,25.98,,,,2026-08-13,2026-08-13 07:42:39
3346,麗清,21.35,21.45,21.75,20.85,87.57,77.79,55.56,-0.53,-0.84,0.31,22.25,20.33,18.4,393,288,1.36,25.72,29.25,0.11,0.52,2026-08-13,2026-08-13 07:42:39
3349,寶德,23.0,22.9,23.05,22.0,84.94,72.98,47.27,0.33,0.4,-0.07,23.89,22.84,21.8,188,142,1.32,10.6,,,,2026-08-13,2026-08-13 07:42:40
3354,律勝,20.6,21.2,21.2,20.6,63.56,62.44,41.89,-1.25,-1.54,0.29,23.15,20.89,18.64,151,97,1.56,14.44,,0.2,0.97,2026-08-13,2026-08-13 07:42:41
3356,奇偶,62.9,61.5,64.3,61.5,77.55,70.48,61.39,0.23,-0.37,0.6,61.43,57.39,53.35,1420,600,2.36,43.12,6.21,3.5,5.56,2026-08-13,2026-08-13 07:42:42
3357,臺慶科,253.5,230.5,253.5,229.5,89.36,78.35,68.83,-6.32,-13.77,7.45,242.83,210.15,177.47,3885,2963,1.31,258.66,25.81,5.08,2.0,2026-08-13,2026-08-13 07:42:43
3360,尚立,17.1,17.45,17.75,16.95,72.56,63.18,50.38,-0.5,-0.59,0.08,19.57,16.85,14.13,2508,1148,2.18,13.06,,,,2026-08-13,2026-08-13 07:42:44
3362,先進光,181.0,181.0,181.5,177.5,48.54,50.72,64.88,3.06,1.78,1.28,189.77,167.38,144.98,1481,964,1.54,266.88,,0.99,0.55,2026-08-13,2026-08-13 07:42:45
3363,上詮,600.0,654.0,656.0,598.0,77.0,75.15,51.76,0.63,-14.13,14.76,668.52,557.85,447.18,5664,3925,1.44,681.84,35.45,,,2026-08-13,2026-08-13 07:42:46
3372,典範,16.1,16.2,16.4,16.1,77.83,70.28,47.17,-0.7,-0.92,0.22,17.61,16.0,14.4,283,454,0.62,37.89,,,,2026-08-13,2026-08-13 07:42:47
3373,熱映,16.7,16.75,16.85,16.6,53.14,42.84,36.36,-0.04,-0.05,0.01,17.66,16.63,15.59,96,80,1.19,7.95,,0.1,0.6,2026-08-13,2026-08-13 07:42:48
3374,精材,325.0,333.5,341.0,324.5,66.11,60.98,41.27,0.73,1.43,-0.7,412.67,330.48,248.28,13685,12238,1.12,881.93,63.48,2.5,0.77,2026-08-13,2026-08-13 07:42:49
3376,新日興,189.5,193.0,195.0,188.5,79.48,74.41,55.42,-0.87,-3.28,2.41,198.05,180.35,162.65,1895,2528,0.75,371.0,300.79,4.0,2.11,2026-08-13,2026-08-13 07:42:50
3379,彬台,29.65,29.8,30.5,29.55,69.51,61.66,48.87,-0.68,-1.28,0.6,32.48,28.19,23.89,259,507,0.51,11.28,19.01,1.2,4.05,2026-08-13,2026-08-13 07:42:51
3380,明泰,28.3,28.9,29.0,28.3,50.08,52.49,42.92,-1.04,-1.18,0.14,31.32,28.84,26.35,1162,1237,0.94,153.31,17.69,0.5,1.77,2026-08-13,2026-08-13 07:42:52
3388,崇越電,76.3,78.6,78.9,74.8,77.13,73.93,55.56,-1.88,-2.96,1.07,76.96,72.91,68.86,1161,655,1.77,56.51,19.22,3.34,4.38,2026-08-13,2026-08-13 07:42:53
3390,旭軟,22.35,22.7,22.8,22.2,48.48,52.6,39.99,-0.89,-1.01,0.12,24.65,22.88,21.11,123,220,0.56,17.65,,0.2,0.89,2026-08-13,2026-08-13 07:42:54
3402,漢科,128.0,130.0,130.5,128.0,65.08,63.05,43.09,-2.6,-2.94,0.33,145.7,129.53,113.36,273,313,0.87,93.5,17.61,6.0,4.69,2026-08-13,2026-08-13 07:42:55
3406,玉晶光,629.0,585.0,635.0,572.0,84.55,74.15,71.86,-3.96,-20.94,16.97,601.92,520.98,440.03,6185,3178,1.95,709.15,19.09,17.0,2.7,2026-08-13,2026-08-13 07:42:56
3413,京鼎,302.0,305.5,309.0,300.5,38.7,45.58,38.03,-6.79,-5.02,-1.76,368.3,320.45,272.6,1407,1321,1.06,333.92,15.97,10.98,3.64,2026-08-13,2026-08-13 07:42:57
3416,融程電,188.0,189.0,190.5,187.0,70.77,70.25,53.1,4.06,2.46,1.6,198.96,177.12,155.29,347,752,0.46,151.32,26.74,5.1,2.71,2026-08-13,2026-08-13 07:42:58
3419,譁裕,12.0,12.05,12.1,11.85,56.08,57.15,45.45,-0.33,-0.4,0.07,12.63,12.12,11.61,103,134,0.77,14.46,22.64,,,2026-08-13,2026-08-13 07:42:59
3430,奇鈦科,119.0,116.5,119.0,114.5,83.26,73.53,55.98,-4.06,-6.37,2.31,131.96,111.65,91.33,1174,771,1.52,40.12,34.8,1.6,1.34,2026-08-13,2026-08-13 07:43:07
3432,台端,15.9,15.7,15.95,15.55,63.33,63.29,33.33,-0.51,-0.57,0.07,18.0,16.32,14.64,22,35,0.62,6.71,,,,2026-08-13,2026-08-13 07:43:08
3434,哲固,30.0,30.0,30.5,29.8,48.41,62.37,53.78,0.13,0.09,0.04,31.25,29.88,28.5,120,133,0.9,10.73,,0.44,1.47,2026-08-13,2026-08-13 07:43:09
3437,榮創,17.7,18.05,18.05,17.7,77.66,73.75,49.65,-0.66,-0.93,0.27,18.94,17.41,15.89,250,359,0.7,25.58,,,,2026-08-13,2026-08-13 07:43:09
3438,類比科,60.2,60.2,60.5,59.3,73.33,73.82,58.33,-0.75,-1.82,1.07,64.33,56.33,48.34,61,90,0.68,28.39,66.89,1.5,2.49,2026-08-13,2026-08-13 07:43:10
3441,聯一光,85.0,87.4,88.7,85.0,43.17,50.4,63.97,3.78,3.54,0.24,97.31,77.84,58.36,11554,10560,1.09,34.03,74.56,0.85,1.0,2026-08-13,2026-08-13 07:43:11
3443,創意,5540.0,5260.0,5580.0,5230.0,92.88,85.72,73.48,186.04,2.02,184.02,5340.71,4234.25,3127.79,2991,2489,1.2,7424.21,166.12,20.0,0.36,2026-08-13,2026-08-13 07:43:12
3444,利機,78.7,79.9,79.9,78.4,85.29,74.16,61.06,-1.56,-3.54,1.98,81.57,71.36,61.15,265,412,0.64,35.41,44.72,1.8,2.29,2026-08-13,2026-08-13 07:43:13
3447,展達,27.85,27.55,27.85,27.5,50.16,49.29,40.8,-1.75,-2.05,0.3,31.09,28.28,25.47,56,123,0.45,21.57,19.61,1.1,3.95,2026-08-13,2026-08-13 07:43:14
3450,聯鈞,527.0,525.0,543.0,499.5,84.02,76.47,61.66,8.04,-6.22,14.26,547.49,442.1,336.71,2531,7564,0.33,767.74,157.31,1.0,0.19,2026-08-13,2026-08-13 07:43:15
3455,由田,225.0,222.0,231.5,217.0,88.96,78.47,65.55,-2.59,-10.19,7.61,228.55,188.15,147.75,2765,1343,2.06,134.66,126.4,7.0,3.11,2026-08-13,2026-08-13 07:43:23
3465,進泰電子,29.9,30.05,30.05,29.7,54.96,53.66,42.86,-0.69,-0.76,0.07,30.9,30.19,29.48,12,28,0.45,10.77,,1.96,6.56,2026-08-13,2026-08-13 07:43:24
3466,德晉,25.5,25.45,25.9,25.35,46.07,34.27,25.93,-1.63,-1.76,0.13,31.03,26.77,22.51,89,148,0.6,19.86,,,,2026-08-13,2026-08-13 07:43:25
3467,台灣精材,45.8,46.0,46.5,45.7,59.78,50.06,34.26,-3.14,-3.6,0.46,53.69,47.48,41.27,70,82,0.85,14.25,68.36,0.5,1.09,2026-08-13,2026-08-13 07:43:26
3479,安勤,139.5,142.0,143.5,139.5,66.86,60.26,35.09,0.57,0.87,-0.3,155.68,140.7,125.72,718,978,0.73,100.71,21.83,4.62,3.31,2026-08-13,2026-08-13 07:43:27
3481,群創,49.4,51.5,51.9,49.4,73.95,70.85,49.82,-1.66,-2.31,0.65,55.05,48.49,41.93,195568,245883,0.8,3942.64,449.09,1.0,2.02,2026-08-13,2026-08-13 07:43:28
3483,力致,74.0,75.1,76.2,74.0,65.13,66.5,48.25,-2.07,-2.78,0.71,77.63,73.61,69.59,365,303,1.2,72.56,19.42,3.0,4.05,2026-08-13,2026-08-13 07:43:29
3484,崧騰,50.3,50.2,50.8,50.0,52.91,57.86,58.82,0.4,0.18,0.22,53.17,48.73,44.29,137,220,0.62,39.65,13.78,2.5,4.97,2026-08-13,2026-08-13 07:43:30
3485,敘豐,214.0,218.0,227.0,214.0,68.75,63.26,46.74,-14.32,-18.46,4.14,242.95,211.43,179.91,157,154,1.02,82.58,41.63,4.5,2.1,2026-08-13,2026-08-13 07:43:31
3489,森寶,25.9,26.1,26.1,25.75,87.2,89.09,95.3,1.68,1.27,0.41,28.79,22.37,15.95,723,519,1.39,23.43,,3.0,11.58,2026-08-13,2026-08-13 07:43:32
3490,單井,36.85,36.85,36.85,36.8,94.48,88.0,85.98,0.79,-0.29,1.07,34.4,28.88,23.37,3134,4375,0.72,20.27,13.8,0.5,1.36,2026-08-13,2026-08-13 07:43:33
3491,昇達科,1345.0,1360.0,1440.0,1325.0,76.71,69.45,58.43,-7.79,-45.09,37.3,1453.1,1198.28,943.46,2219,1712,1.3,925.43,147.64,6.8,0.51,2026-08-13,2026-08-13 07:43:34
3492,長盛,22.4,21.9,22.9,21.9,49.99,49.82,53.73,-0.11,-0.15,0.03,22.59,22.07,21.56,111,76,1.45,7.96,15.03,1.0,4.46,2026-08-13,2026-08-13 07:43:35
3494,誠研,7.11,7.34,7.34,7.02,53.94,44.71,35.63,-0.18,-0.2,0.03,7.59,7.19,6.78,65,52,1.25,6.74,,,,2026-08-13,2026-08-13 07:43:36
3498,陽程,144.0,144.0,144.0,144.0,91.37,80.99,68.49,3.16,-1.65,4.81,138.58,110.69,82.8,1759,2068,0.85,86.99,107.46,,,2026-08-13,2026-08-13 07:43:37
3499,環天科,13.0,12.8,13.0,12.8,71.35,64.03,36.73,-0.36,-0.4,0.04,14.18,13.22,12.26,46,23,1.93,7.15,,,,2026-08-13,2026-08-13 07:43:38
3501,維熹,39.75,40.35,40.35,39.55,76.02,71.0,69.82,0.17,-0.07,0.24,39.63,38.43,37.23,165,121,1.35,47.01,22.21,2.0,5.03,2026-08-13,2026-08-13 07:43:39
3504,揚明光,76.0,76.6,77.7,75.2,64.79,65.9,66.13,0.63,-0.52,1.15,81.58,69.38,57.19,971,1281,0.76,86.69,304.0,,,2026-08-13,2026-08-13 07:43:40
3508,位速,17.6,17.6,17.6,17.3,82.96,79.01,65.79,-0.05,-0.32,0.27,17.89,16.37,14.86,60,48,1.25,18.17,,,,2026-08-13,2026-08-13 07:43:40
3511,矽瑪,20.55,20.5,20.95,20.45,72.66,68.46,51.79,-0.65,-0.92,0.27,21.44,19.9,18.35,261,249,1.05,16.43,,,,2026-08-13,2026-08-13 07:43:41
3512,皇龍,19.7,19.6,19.75,19.45,88.19,87.52,52.38,0.14,0.15,-0.01,19.9,19.59,19.28,40,35,1.14,22.28,11.87,1.8,9.14,2026-08-13,2026-08-13 07:43:42
3515,華擎,236.0,227.0,237.0,226.0,86.96,78.86,71.85,2.54,-1.78,4.32,229.76,206.93,184.09,2214,1501,1.47,291.56,14.99,11.0,4.66,2026-08-13,2026-08-13 07:43:43
3516,亞帝歐,25.4,25.4,25.95,25.35,44.84,53.2,47.9,0.07,0.02,0.05,27.52,25.48,23.45,36,29,1.24,15.13,87.59,0.2,0.79,2026-08-13,2026-08-13 07:43:44
3518,柏騰,28.5,28.15,28.9,27.9,65.41,66.2,60.85,-0.35,-0.9,0.55,29.21,26.32,23.43,321,615,0.52,28.69,14.54,,,2026-08-13,2026-08-13 07:43:45
3520,華盈,18.25,18.3,18.45,18.1,48.9,57.23,55.56,0.45,0.41,0.03,19.35,17.59,15.84,323,384,0.84,12.56,,0.1,0.55,2026-08-13,2026-08-13 07:43:46
3521,台鋼建設,12.65,12.7,12.7,12.3,52.36,33.35,57.14,-0.07,-0.09,0.03,12.88,12.32,11.77,39,17,2.29,23.5,5.34,,,2026-08-13,2026-08-13 07:43:47
3522,御嵿,11.9,12.15,12.15,11.7,45.21,41.48,39.73,-0.29,-0.26,-0.03,13.41,12.27,11.14,54,83,0.65,12.39,,,,2026-08-13,2026-08-13 07:43:48
3523,迎輝,15.0,15.6,15.6,14.9,37.28,43.02,31.22,-0.19,-0.15,-0.03,17.67,15.62,13.57,18,11,1.53,9.64,,,,2026-08-13,2026-08-13 07:43:49
3526,凡甲,288.0,292.0,292.5,287.5,26.43,35.13,38.76,-7.72,-7.52,-0.2,316.88,297.75,278.62,333,472,0.7,188.99,17.96,16.84,5.85,2026-08-13,2026-08-13 07:43:50
3527,聚積,52.4,52.2,53.0,50.8,56.88,53.3,42.57,-1.93,-2.29,0.36,57.23,52.51,47.79,82,61,1.34,23.29,2.78,1.0,1.91,2026-08-13,2026-08-13 07:43:51
3528,安馳,90.0,90.0,91.9,89.3,82.19,80.83,59.92,-1.38,-2.82,1.44,93.74,85.69,77.63,430,416,1.03,59.96,29.32,1.38,1.53,2026-08-13,2026-08-13 07:43:52
3529,力旺,2700.0,2675.0,2800.0,2630.0,63.11,68.13,57.57,-11.15,-70.36,59.21,2883.86,2495.25,2106.64,1024,918,1.11,2016.55,98.54,20.5,0.76,2026-08-13,2026-08-13 07:43:53
3530,晶相光,56.7,57.0,57.8,56.7,78.01,67.8,47.67,-1.89,-2.57,0.68,60.08,55.4,50.73,134,126,1.06,43.93,28.07,0.8,1.41,2026-08-13,2026-08-13 07:43:54
3531,先益,21.7,21.4,21.7,21.4,48.83,49.81,40.35,-0.33,-0.26,-0.06,23.48,22.19,20.91,2,5,0.36,13.27,94.35,0.5,2.3,2026-08-12,2026-08-13 07:43:55
3532,台勝科,343.0,334.5,343.0,320.5,70.93,50.58,42.97,-22.34,-21.19,-1.15,477.74,344.73,211.71,5505,5477,1.01,1330.32,439.74,1.0,0.29,2026-08-13,2026-08-13 07:43:56
3533,嘉澤,1810.0,1940.0,1945.0,1810.0,52.99,65.51,44.04,-29.41,-44.16,14.75,2111.43,1904.82,1698.2,4523,1786,2.53,2031.23,25.44,34.93,1.93,2026-08-13,2026-08-13 07:43:57
3535,晶彩科,92.3,93.2,93.8,91.7,88.06,79.23,55.49,-3.9,-6.5,2.61,97.83,85.49,73.15,636,708,0.9,72.96,230.75,0.5,0.54,2026-08-13,2026-08-13 07:43:57
3537,堡達,58.6,57.0,61.0,56.8,82.06,75.79,61.19,-2.0,-3.48,1.48,59.04,52.49,45.95,3481,1743,2.0,32.96,22.98,2.0,3.41,2026-08-13,2026-08-13 07:43:58
3540,曜越,20.9,21.15,21.3,20.8,72.28,64.28,43.07,-0.62,-0.88,0.25,21.91,20.61,19.31,177,237,0.75,17.65,74.64,0.26,1.24,2026-08-13,2026-08-13 07:43:59
3541,西柏,22.15,22.3,22.7,22.15,72.13,54.52,57.58,-0.07,-0.23,0.17,22.44,21.29,20.13,41,37,1.1,12.34,,,,2026-08-13,2026-08-13 07:44:00
3543,州巧,40.1,39.7,41.65,39.45,86.14,84.02,86.24,2.17,1.08,1.09,40.94,32.14,23.34,2933,2855,1.03,43.81,,0.6,1.5,2026-08-13,2026-08-13 07:44:01
3545,敦泰,50.4,51.3,51.3,50.3,80.87,81.32,57.22,-0.55,-1.12,0.57,52.84,48.68,44.51,525,597,0.88,108.83,,0.81,1.61,2026-08-13,2026-08-13 07:44:02
3546,宇峻,73.6,73.0,73.6,72.8,47.43,55.85,44.35,-0.01,-0.06,0.05,76.26,73.77,71.27,125,175,0.72,45.15,22.79,2.0,2.72,2026-08-13,2026-08-13 07:44:03
3548,兆利,77.0,77.8,78.0,77.0,80.66,77.38,56.24,-1.2,-2.3,1.1,80.04,73.92,67.8,140,143,0.98,52.16,6.6,1.0,1.3,2026-08-13,2026-08-13 07:44:04
3550,聯穎,24.1,23.6,25.25,23.55,76.38,71.91,58.92,-0.72,-1.3,0.57,25.25,22.01,18.76,3768,3530,1.07,25.92,,,,2026-08-13,2026-08-13 07:44:05
3551,世禾,179.5,182.0,183.5,179.5,77.51,71.69,47.76,-4.28,-5.46,1.19,197.54,178.4,159.26,404,319,1.27,110.82,21.02,4.8,2.67,2026-08-13,2026-08-13 07:44:06
3552,同致,45.5,45.2,45.7,44.9,40.45,44.03,40.53,-0.66,-0.8,0.14,46.89,45.2,43.52,125,90,1.39,44.55,77.12,0.5,1.1,2026-08-13,2026-08-13 07:44:07
3555,博士旺,167.0,166.0,171.5,163.0,81.57,74.25,55.8,-2.57,-6.85,4.27,173.04,150.7,128.36,52,46,1.14,66.8,18.68,,,2026-08-13,2026-08-13 07:44:08
3556,禾瑞亞,64.9,65.1,66.3,64.6,82.65,78.3,57.36,-0.69,-1.5,0.81,67.94,61.64,55.35,339,389,0.87,41.34,22.38,1.95,3.0,2026-08-13,2026-08-13 07:44:09
3557,嘉威,24.95,25.15,25.35,24.95,31.89,46.15,38.97,-0.11,-0.0,-0.11,27.16,25.84,24.52,18,41,0.46,21.04,4.29,0.3,1.2,2026-08-13,2026-08-13 07:44:10
3558,神準,131.0,130.5,131.5,129.5,80.37,74.79,53.03,-0.67,-1.68,1.01,136.55,126.55,116.55,102,92,1.11,77.37,48.52,3.0,2.29,2026-08-13,2026-08-13 07:44:11
3563,牧德,703.0,730.0,730.0,702.0,82.4,77.91,55.0,-1.5,-13.16,11.66,730.83,652.2,573.57,535,518,1.03,449.64,44.98,13.0,1.85,2026-08-13,2026-08-13 07:44:12
3564,其陽,48.35,48.0,50.6,48.0,74.07,67.66,51.78,-0.18,-0.61,0.43,51.21,45.81,40.4,267,152,1.76,28.59,161.17,0.27,0.56,2026-08-13,2026-08-13 07:44:13
3567,逸昌,25.95,26.55,26.7,25.9,50.77,54.25,32.47,-0.48,-0.54,0.05,27.98,26.4,24.82,53,39,1.36,8.81,27.61,1.0,3.85,2026-08-13,2026-08-13 07:44:14
3570,大塚,164.5,164.0,164.5,164.0,57.26,63.91,46.88,-0.23,-0.42,0.2,166.81,163.6,160.39,35,39,0.9,28.12,12.02,9.7,5.9,2026-08-13,2026-08-13 07:44:15
3576,聯合再生,17.9,17.8,18.4,17.7,64.96,56.97,47.37,-0.02,-0.09,0.07,19.49,17.48,15.47,20276,10105,2.01,291.18,43.66,,,2026-08-13,2026-08-13 07:44:15
3577,泓格,129.0,133.0,136.0,129.0,56.56,56.84,38.71,0.47,1.08,-0.6,160.04,135.25,110.46,514,964,0.53,82.52,42.3,2.0,1.55,2026-08-13,2026-08-13 07:44:16
3580,友威科,79.7,80.4,82.1,79.4,80.18,74.14,49.88,-2.96,-4.2,1.24,87.2,77.7,68.21,349,341,1.02,31.44,56.93,1.2,1.51,2026-08-13,2026-08-13 07:44:17
3581,博磊,126.0,119.5,130.5,119.5,79.19,71.5,58.36,-4.85,-8.82,3.97,129.9,111.33,92.75,1182,755,1.56,64.27,94.03,0.6,0.48,2026-08-13,2026-08-13 07:44:18
3583,辛耘,719.0,737.0,759.0,718.0,76.5,71.44,51.25,-20.67,-29.81,9.14,790.83,703.14,615.46,1156,931,1.24,577.79,50.24,5.75,0.8,2026-08-13,2026-08-13 07:44:19
3587,閎康,250.0,256.5,257.5,250.0,53.17,57.03,48.64,-5.14,-8.72,3.59,280.38,244.41,208.45,636,639,1.0,174.57,34.06,4.21,1.68,2026-08-13,2026-08-13 07:44:20
3588,通嘉,55.4,56.0,56.9,55.4,67.64,66.86,51.39,-1.51,-2.37,0.86,59.74,53.37,47.0,203,304,0.67,34.34,90.82,0.5,0.9,2026-08-13,2026-08-13 07:44:21
3591,艾笛森,20.95,21.3,21.55,20.95,64.7,67.27,49.25,-0.62,-0.89,0.27,22.79,20.67,18.55,576,599,0.96,29.75,36.75,0.74,3.53,2026-08-13,2026-08-13 07:44:22
3592,瑞鼎,235.5,238.0,240.0,235.5,61.35,68.17,46.85,-3.14,-4.32,1.19,249.64,235.57,221.51,381,473,0.81,178.64,14.99,14.6,6.2,2026-08-13,2026-08-13 07:44:22
3593,力銘,12.0,12.1,12.1,12.0,38.33,38.02,18.64,-0.85,-0.82,-0.03,15.21,13.28,11.35,18,19,0.94,7.3,,,,2026-08-13,2026-08-13 07:44:24
3594,磐儀,55.6,56.7,56.9,55.0,64.24,68.33,52.48,1.57,1.24,0.33,62.2,53.64,45.09,1009,3379,0.3,53.03,84.24,0.4,0.72,2026-08-13,2026-08-13 07:44:25
3595,山太士,1490.0,1560.0,1560.0,1465.0,43.53,48.13,38.23,-117.15,-119.23,2.09,2107.56,1638.94,1170.31,266,434,0.61,606.37,314.35,1.0,0.07,2026-08-13,2026-08-13 07:44:26
3596,智易,166.0,170.0,170.5,165.5,19.57,36.27,34.17,-4.4,-3.17,-1.23,192.59,178.22,163.86,2107,1860,1.13,365.79,13.31,9.0,5.42,2026-08-13,2026-08-13 07:44:26
3597,映興,26.65,26.5,27.0,26.5,69.67,70.67,45.54,0.06,-0.03,0.09,27.75,26.39,25.03,34,39,0.87,10.39,111.04,0.4,1.5,2026-08-13,2026-08-13 07:44:27
3605,宏致,132.0,124.5,132.0,123.0,91.71,83.63,80.95,9.41,5.28,4.13,124.82,93.84,62.86,13814,11719,1.18,216.08,38.37,1.57,1.19,2026-08-13,2026-08-13 07:44:28
3607,谷崧,14.3,14.25,14.4,14.15,66.6,65.51,48.0,-0.31,-0.37,0.06,15.13,14.29,13.44,222,192,1.16,17.4,36.67,0.8,5.59,2026-08-13,2026-08-13 07:44:29
3609,三一東林,25.0,24.15,25.05,23.5,55.89,60.74,47.43,-0.58,-0.59,0.01,28.31,25.38,22.44,292,305,0.95,9.57,3.99,,,2026-08-13,2026-08-13 07:44:30
3611,鼎翰,188.5,189.0,189.0,187.0,78.47,80.27,54.05,0.78,0.26,0.52,190.8,185.5,180.2,32,40,0.8,89.51,9.35,10.0,5.31,2026-08-13,2026-08-13 07:44:31
3615,安可,37.05,37.2,39.0,37.05,71.94,64.35,49.4,-2.36,-3.02,0.66,41.85,36.31,30.76,1429,711,2.01,25.37,35.97,0.7,1.89,2026-08-13,2026-08-13 07:44:32
3617,碩天,238.0,238.0,238.0,234.0,90.8,85.91,68.66,7.18,5.03,2.15,244.59,216.92,189.24,392,398,0.98,225.54,16.88,9.94,4.18,2026-08-13,2026-08-13 07:44:33
3622,洋華,55.2,55.3,55.5,55.0,87.39,82.51,58.7,-0.09,-0.44,0.35,55.74,53.52,51.3,122,211,0.58,83.53,9.47,3.0,5.43,2026-08-13,2026-08-13 07:44:34
3623,富晶通,21.6,21.65,21.9,21.5,72.64,61.33,52.22,-0.38,-0.65,0.27,22.58,20.83,19.09,14,101,0.14,6.3,56.84,,,2026-08-13,2026-08-13 07:44:34
3624,光頡,95.1,88.5,95.1,88.5,88.2,73.78,57.95,-7.66,-11.63,3.97,104.14,79.21,54.29,7674,6343,1.21,111.59,46.39,1.1,1.16,2026-08-13,2026-08-13 07:44:35
3625,西勝,16.75,16.8,16.95,16.75,55.31,57.51,44.59,-0.0,0.02,-0.02,18.94,16.97,14.99,150,272,0.55,18.41,,,,2026-08-13,2026-08-13 07:44:36
3628,盈正,67.3,66.7,68.0,66.7,78.94,66.34,49.67,-0.67,-0.96,0.29,69.91,65.75,61.58,51,38,1.35,30.29,16.22,3.25,4.83,2026-08-13,2026-08-13 07:44:37
3629,地心引力,13.25,13.25,13.25,13.25,30.82,42.32,50.41,-0.32,-0.37,0.05,14.7,13.58,12.46,10,7,1.28,4.37,,,,2026-08-13,2026-08-13 07:44:38
3630,新鉅科,25.75,26.5,26.5,25.75,29.04,34.21,54.05,-0.51,-0.63,0.12,27.06,25.89,24.73,423,519,0.82,52.58,11.92,,,2026-08-13,2026-08-13 07:44:39
3631,晟楠,36.25,37.3,37.3,36.15,79.84,69.6,73.43,0.32,-0.24,0.56,35.51,32.7,29.89,216,129,1.68,29.66,,,,2026-08-13,2026-08-13 07:44:40
3632,研勤,7.56,7.5,7.56,7.5,21.32,28.83,44.24,-0.08,-0.04,-0.04,8.67,8.09,7.51,5,10,0.52,1.66,,,,2026-08-12,2026-08-13 07:44:41
3645,達邁,69.7,70.9,71.9,69.6,68.4,68.91,53.09,-3.02,-4.32,1.3,74.46,68.2,61.94,1740,1699,1.02,95.32,37.07,1.2,1.72,2026-08-13,2026-08-13 07:44:42
3646,艾恩特,23.45,23.3,23.45,23.2,54.73,49.71,64.0,0.01,-0.03,0.04,23.5,23.22,22.94,12,14,0.83,9.22,146.56,0.9,3.84,2026-08-13,2026-08-13 07:44:43
3652,精聯,38.0,37.2,38.2,36.5,84.86,72.25,69.55,1.03,0.03,1.0,38.55,32.22,25.89,2001,3351,0.6,28.54,27.14,1.2,3.16,2026-08-13,2026-08-13 07:44:44
3653,健策,4635.0,4500.0,4670.0,4415.0,85.02,79.59,71.87,265.68,167.71,97.98,4773.06,3784.19,2795.32,974,1135,0.86,6801.07,128.0,21.72,0.47,2026-08-13,2026-08-13 07:44:44
3661,世芯-KY,4190.0,4100.0,4225.0,4090.0,89.94,81.63,68.38,18.96,-115.8,134.75,4225.55,3484.5,2743.45,2844,2849,1.0,3439.63,62.62,36.74,0.88,2026-08-13,2026-08-13 07:44:46
3663,鑫科,64.3,66.1,66.5,64.3,64.9,62.64,46.56,-2.78,-3.62,0.84,73.43,63.85,54.27,463,596,0.78,69.76,714.44,0.4,0.62,2026-08-13,2026-08-13 07:44:47
3664,安瑞-KY,6.1,5.63,6.1,5.63,37.47,52.88,47.74,-0.17,-0.18,0.01,7.24,6.21,5.17,5,5,0.94,4.63,,,,2026-08-13,2026-08-13 07:44:47
3665,貿聯-KY,2205.0,2180.0,2275.0,2165.0,38.86,49.29,50.0,52.75,49.34,3.4,2458.04,2136.25,1814.46,2618,3680,0.71,4301.48,44.48,15.42,0.7,2026-08-13,2026-08-13 07:44:48
3666,光耀,25.1,25.1,25.1,25.1,66.32,69.42,55.56,-0.06,-0.1,0.04,25.39,25.0,24.61,18,54,0.33,22.47,,,,2026-08-13,2026-08-13 07:44:49
3669,圓展,39.2,39.6,40.45,38.9,40.38,38.9,44.4,0.81,0.85,-0.04,43.12,38.19,33.26,259,406,0.64,36.42,21.54,1.0,2.55,2026-08-13,2026-08-13 07:44:50
3672,康聯訊,12.5,12.7,12.7,12.2,36.47,38.74,45.78,-0.07,0.01,-0.08,13.73,12.87,12.01,13,14,0.93,5.1,,,,2026-08-13,2026-08-13 07:44:51
3673,TPK-KY,62.6,64.0,64.7,62.4,83.06,76.31,49.83,-2.41,-3.54,1.13,68.79,60.72,52.65,2928,3798,0.77,254.57,17.2,1.8,2.88,2026-08-13,2026-08-13 07:44:52
3675,德微,278.0,275.5,294.0,275.5,78.47,73.48,63.19,-13.86,-22.19,8.33,306.83,253.15,199.47,965,770,1.25,147.5,97.89,5.15,1.85,2026-08-13,2026-08-13 07:44:53
3679,新至陞,109.5,109.5,110.0,109.0,30.32,26.76,50.0,-0.28,-0.24,-0.04,112.46,109.78,107.09,27,55,0.49,69.01,12.94,9.0,8.22,2026-08-13,2026-08-13 07:44:54
3680,家登,472.0,460.0,480.0,459.0,82.6,72.89,52.68,-11.35,-18.51,7.16,506.4,441.8,377.2,1368,870,1.57,453.31,48.51,6.9,1.46,2026-08-13,2026-08-13 07:44:55
3684,榮昌,54.0,53.9,54.0,53.5,88.51,77.41,66.0,0.13,-0.58,0.71,54.53,50.73,46.92,57,65,0.87,16.36,15.47,2.77,5.13,2026-08-13,2026-08-13 07:44:56
3685,元創精密,38.3,38.05,39.0,37.0,63.34,62.1,42.82,1.29,1.37,-0.08,40.8,37.31,33.83,675,888,0.76,30.48,,,,2026-08-13,2026-08-13 07:44:56
3686,達能,14.9,14.8,15.1,14.6,47.91,45.04,43.53,-0.42,-0.5,0.08,16.04,14.98,13.93,112,73,1.53,11.4,,,,2026-08-13,2026-08-13 07:44:57
3687,歐買尬,65.7,66.5,66.5,65.7,37.28,36.32,28.47,-1.88,-1.89,0.01,74.91,67.92,60.93,51,56,0.92,19.75,18.66,2.0,3.04,2026-08-13,2026-08-13 07:44:58
3689,湧德,111.5,111.5,113.5,111.0,84.16,78.81,58.58,-0.53,-2.1,1.57,115.02,104.82,94.62,1442,1413,1.02,99.8,15.53,3.65,3.27,2026-08-13,2026-08-13 07:44:59
3691,碩禾,122.0,121.0,124.5,121.0,86.08,77.21,60.53,-4.67,-7.46,2.79,126.09,112.98,99.88,568,480,1.18,112.1,,,,2026-08-13,2026-08-13 07:45:00
3693,營邦,552.0,531.0,552.0,531.0,70.68,64.69,56.36,5.7,-2.55,8.25,561.33,485.07,408.82,997,1130,0.88,237.31,64.34,11.0,1.99,2026-08-13,2026-08-13 07:45:01
3694,海華,53.3,54.1,54.1,53.2,36.05,44.22,35.94,-1.72,-1.56,-0.16,63.9,56.4,48.89,707,1589,0.45,82.58,12.6,2.3,4.32,2026-08-13,2026-08-13 07:45:02
3701,大眾控,40.9,42.0,42.4,40.6,63.49,65.2,53.86,-0.55,-1.27,0.72,44.66,39.41,34.16,634,1629,0.39,96.78,,0.2,0.49,2026-08-13,2026-08-13 07:45:03
3702,大聯大,123.5,122.5,125.0,120.5,73.55,75.73,55.17,3.64,2.85,0.79,132.55,117.33,102.1,10891,11797,0.92,2073.72,16.1,3.64,2.95,2026-08-13,2026-08-13 07:45:04
3703,欣陸,20.0,20.05,20.1,19.95,14.75,22.69,16.67,-0.11,-0.03,-0.07,20.95,20.47,19.98,2041,2099,0.97,164.64,9.62,1.05,5.25,2026-08-13,2026-08-13 07:45:06
3704,合勤控,41.85,42.85,43.3,41.8,37.35,53.13,42.23,-0.29,-0.04,-0.25,50.64,45.19,39.74,3238,6411,0.51,169.3,36.39,0.4,0.96,2026-08-13,2026-08-13 07:45:06
3705,永信,54.4,54.0,54.4,53.9,62.9,43.92,51.02,-0.09,-0.13,0.03,55.02,53.94,52.87,167,166,1.01,144.9,18.32,3.0,5.51,2026-08-13,2026-08-13 07:45:07
3706,神達,91.7,93.0,93.5,91.4,73.78,73.39,50.82,0.81,0.61,0.2,95.09,90.15,85.21,9649,11443,0.84,1217.05,17.57,3.0,3.27,2026-08-13,2026-08-13 07:45:08
3707,漢磊,65.6,64.1,68.9,64.1,81.45,73.69,55.86,-3.24,-4.76,1.52,71.24,60.78,50.31,8473,4328,1.96,260.09,218.67,,,2026-08-13,2026-08-13 07:45:09
3708,上緯投控,103.0,104.0,106.0,102.5,81.98,73.86,54.52,-0.72,-2.37,1.65,107.01,97.03,87.05,1126,749,1.5,92.27,17.34,6.5,6.31,2026-08-13,2026-08-13 07:45:10
3709,鑫聯大投控,71.6,72.4,73.3,71.6,50.11,64.84,51.99,-0.04,-0.27,0.24,79.24,71.86,64.49,804,1427,0.56,91.99,7.3,2.16,3.02,2026-08-13,2026-08-13 07:45:11
3710,連展投控,5.24,5.06,5.25,5.06,65.82,46.2,39.13,-0.19,-0.22,0.03,5.84,5.28,4.72,292,275,1.06,15.05,,,,2026-08-13,2026-08-13 07:45:12
3711,日月光投控,626.0,627.0,638.0,623.0,79.59,75.31,51.98,-1.95,-8.04,6.09,682.23,597.85,513.47,19357,18947,1.02,32597.89,48.01,6.58,1.05,2026-08-13,2026-08-13 07:45:13
3712,永崴投控,22.2,23.25,23.25,21.7,85.05,87.35,69.19,1.17,0.66,0.51,23.01,18.95,14.89,1212,1043,1.16,54.67,,3.0,13.51,2026-08-13,2026-08-13 07:45:14
3713,新晶投控,14.6,14.05,14.65,14.05,72.52,75.5,56.9,0.02,-0.04,0.06,15.13,14.5,13.87,25,51,0.5,12.86,,,,2026-08-13,2026-08-13 07:45:15
3714,富采,58.6,58.9,59.6,58.3,85.08,78.7,56.92,-0.45,-1.76,1.31,61.67,53.41,45.16,5394,9986,0.54,431.68,5860.0,0.9,1.54,2026-08-13,2026-08-13 07:45:16
3715,定穎投控,117.5,119.0,122.0,117.5,69.45,67.55,50.69,-7.53,-11.03,3.5,133.56,113.47,93.37,6287,7199,0.87,333.2,117.5,1.08,0.92,2026-08-13,2026-08-13 07:45:17
3716,中化控股,35.25,34.95,35.5,34.65,79.32,63.93,65.55,0.34,0.04,0.31,35.71,33.5,31.29,331,741,0.45,51.76,12.07,1.0,2.84,2026-08-13,2026-08-13 07:45:18
3717,聯嘉投控,22.7,23.15,23.15,22.4,45.94,58.66,56.41,-0.16,-0.29,0.13,24.24,22.33,20.41,1519,3895,0.39,47.18,,0.3,1.32,2026-08-13,2026-08-13 07:45:18
4102,永日,19.1,19.0,19.15,18.9,64.51,45.79,33.33,-0.15,-0.08,-0.07,20.54,19.44,18.34,25,32,0.79,8.09,,1.15,6.02,2026-08-13,2026-08-13 07:45:19
4104,佳醫,71.3,71.5,71.5,70.9,69.43,57.56,54.35,0.2,0.14,0.06,71.9,70.76,69.62,105,163,0.65,134.31,15.7,4.3,6.03,2026-08-13,2026-08-13 07:45:21
4105,東洋,77.1,77.3,77.3,76.2,76.71,70.97,50.68,0.16,0.07,0.08,78.87,76.68,74.5,472,516,0.91,191.71,11.92,4.5,5.84,2026-08-13,2026-08-13 07:45:22
4106,雃博,24.75,24.8,24.9,24.55,69.22,68.4,58.48,0.44,0.36,0.07,25.17,24.03,22.89,120,268,0.45,24.98,17.43,1.0,4.04,2026-08-13,2026-08-13 07:45:22
4107,邦特,114.5,114.0,115.0,113.5,57.81,66.7,55.03,0.77,0.68,0.09,116.18,113.44,110.71,51,52,0.99,79.35,14.51,5.5,4.8,2026-08-13,2026-08-13 07:45:24
4108,懷特,11.2,11.1,11.25,11.0,30.11,24.43,29.63,-0.22,-0.22,-0.01,11.89,11.37,10.86,204,236,0.87,22.25,,,,2026-08-13,2026-08-13 07:45:25
4109,加捷生醫,11.2,11.25,11.25,11.15,28.41,27.69,28.57,-0.15,-0.15,0.0,11.7,11.34,10.99,65,136,0.48,13.3,24.35,0.2,1.79,2026-08-13,2026-08-13 07:45:25
4111,濟生,30.05,29.8,30.1,29.8,59.0,53.7,50.0,-0.04,-0.04,-0.0,30.18,29.96,29.74,65,84,0.78,17.98,10.12,1.3,4.33,2026-08-13,2026-08-13 07:45:26
4113,聯上,14.85,14.65,15.0,14.5,50.1,51.52,51.72,-0.08,-0.14,0.06,15.11,14.65,14.18,408,290,1.4,34.32,,0.85,5.72,2026-08-13,2026-08-13 07:45:27
4114,健喬,30.0,29.7,30.0,29.7,77.21,63.54,58.82,0.2,0.16,0.04,30.07,29.38,28.68,896,1107,0.81,163.32,20.13,0.85,2.83,2026-08-13,2026-08-13 07:45:28
4115,善德生技,7.69,7.69,7.69,7.69,63.16,71.57,56.38,-0.01,-0.02,0.01,8.17,7.71,7.25,5,8,0.68,4.61,,,,2026-08-13,2026-08-13 07:45:29
4116,明基醫,39.35,40.0,40.0,39.3,55.44,57.61,53.8,0.57,0.56,0.01,40.64,38.84,37.04,25,21,1.16,17.54,25.72,2.0,5.08,2026-08-13,2026-08-13 07:45:30
4117,普生,10.3,10.2,10.7,10.2,57.82,58.08,45.28,0.08,0.16,-0.08,10.85,10.5,10.15,70,71,0.98,7.29,1.38,,,2026-08-13,2026-08-13 07:45:31
4119,旭富,55.1,56.1,56.1,53.8,83.24,69.87,61.59,2.09,1.61,0.48,55.12,50.01,44.9,362,368,0.99,65.85,68.88,0.75,1.36,2026-08-13,2026-08-13 07:45:32
4120,友華,49.0,49.1,49.1,48.6,84.71,88.53,85.37,1.49,1.43,0.06,50.65,47.18,43.71,23,41,0.57,42.51,,4.0,8.16,2026-08-13,2026-08-13 07:45:34
4121,優盛,13.0,12.95,13.1,12.85,74.57,65.07,33.33,-0.1,-0.13,0.03,13.58,13.1,12.62,67,40,1.68,10.76,,,,2026-08-13,2026-08-13 07:45:35
4123,晟德,34.7,34.1,34.9,33.85,40.56,58.9,29.24,-0.34,0.0,-0.34,40.45,37.99,35.54,10453,4181,2.5,263.1,2.63,1.75,5.04,2026-08-13,2026-08-13 07:45:36
4126,太醫,77.1,77.2,77.3,77.1,73.29,66.93,58.82,0.19,0.08,0.1,77.81,76.49,75.17,18,42,0.44,55.97,15.9,4.5,5.84,2026-08-13,2026-08-13 07:45:37
4127,天良,83.0,89.8,89.9,83.0,73.57,74.95,55.98,4.09,3.46,0.63,92.42,79.72,67.02,282,262,1.07,37.98,592.86,,,2026-08-13,2026-08-13 07:45:38
4128,中天,15.0,14.75,15.15,14.7,70.89,59.76,51.35,-0.25,-0.32,0.07,15.74,14.72,13.69,1592,1189,1.34,88.23,,,,2026-08-13,2026-08-13 07:45:38
4129,聯合,87.7,86.1,87.7,85.9,75.14,58.01,47.54,-0.21,-0.52,0.31,89.52,85.83,82.14,78,62,1.25,84.58,19.15,4.5,5.13,2026-08-13,2026-08-13 07:45:40
4131,浩泰,32.2,32.0,32.25,31.5,23.65,29.38,22.0,-0.43,-0.24,-0.2,35.64,33.62,31.6,12,9,1.22,12.81,,,,2026-08-13,2026-08-13 07:45:42
4133,亞諾法,20.85,20.85,20.9,20.6,28.57,34.51,38.46,-0.02,0.05,-0.07,22.5,21.42,20.34,85,103,0.82,12.63,521.25,0.11,0.53,2026-08-13,2026-08-13 07:45:50
4137,麗豐-KY,93.7,94.5,94.8,93.4,36.35,49.96,46.23,-0.48,-0.51,0.03,96.3,94.91,93.53,191,175,1.09,77.3,12.44,10.0,10.67,2026-08-13,2026-08-13 07:45:51
4138,曜亞,50.9,51.3,51.3,50.7,57.33,64.19,44.83,-0.01,-0.05,0.04,51.46,51.0,50.53,35,16,2.19,20.32,14.22,4.2,8.25,2026-08-13,2026-08-13 07:45:52
4139,馬光-KY,35.0,36.0,36.0,34.95,29.42,44.02,36.39,1.53,2.45,-0.92,42.67,38.25,33.82,19,24,0.8,15.75,,,,2026-08-13,2026-08-13 07:45:53
4142,國光生,17.3,17.35,17.35,17.2,64.66,61.35,55.56,0.03,-0.05,0.07,17.66,17.03,16.4,788,1250,0.63,72.92,5.12,,,2026-08-13,2026-08-13 07:45:54
4147,中裕,65.2,66.5,67.8,64.9,76.18,69.26,62.89,0.63,-0.38,1.01,65.67,59.25,52.83,1621,2144,0.76,176.5,,,,2026-08-13,2026-08-13 07:45:55
4148,全宇生技-KY,32.55,33.65,34.5,31.2,66.39,65.3,60.29,0.48,0.26,0.22,32.71,31.04,29.37,169,111,1.51,21.89,15.14,1.0,3.07,2026-08-13,2026-08-13 07:45:55
4150,優你康,3.85,3.93,3.95,3.76,25.23,27.44,32.88,-0.3,-0.28,-0.02,5.05,4.25,3.45,218,775,0.28,5.67,,,,2026-08-13,2026-08-13 07:45:56
4153,鈺緯,32.8,33.1,33.1,32.65,51.86,57.68,70.27,0.6,0.51,0.09,33.41,31.87,30.32,14,17,0.79,19.24,21.3,2.0,6.1,2026-08-13,2026-08-13 07:45:57
4154,樂威科-KY,12.8,12.8,12.8,12.8,66.01,55.2,56.0,-0.07,-0.19,0.12,12.98,11.97,10.96,1,19,0.05,4.91,,,,2026-08-13,2026-08-13 07:45:58
4155,訊映,15.1,14.9,15.3,14.9,62.56,45.06,43.59,-0.16,-0.18,0.02,16.17,14.97,13.77,451,363,1.24,20.54,19.11,0.3,1.99,2026-08-13,2026-08-13 07:45:59
4157,太景*-KY,9.13,9.15,9.23,9.04,84.78,76.45,68.1,0.07,-0.05,0.12,9.18,8.48,7.79,768,1009,0.76,64.99,130.43,,,2026-08-13,2026-08-13 07:46:00
4160,訊聯基因,39.95,41.0,41.0,39.8,75.57,75.93,53.93,-0.09,-0.18,0.09,40.69,39.84,38.99,16,13,1.19,10.66,76.83,1.85,4.63,2026-08-13,2026-08-13 07:46:01
4161,聿新科,22.95,23.0,23.0,22.8,62.59,66.89,56.47,0.16,0.09,0.08,23.45,22.53,21.61,50,53,0.94,13.73,18.21,0.7,3.05,2026-08-13,2026-08-13 07:46:02
4162,智擎,63.6,63.0,64.0,62.7,69.44,60.86,39.82,0.23,0.48,-0.25,68.06,64.21,60.35,403,445,0.9,91.38,21.71,2.0,3.14,2026-08-13,2026-08-13 07:46:03
4163,鐿鈦,141.5,142.0,142.5,139.0,71.45,73.22,65.22,5.0,3.15,1.85,148.1,129.05,110.0,119,341,0.35,71.71,29.92,3.5,2.47,2026-08-13,2026-08-13 07:46:04
4164,承業醫,26.75,27.35,27.35,26.7,73.83,62.19,44.87,-0.38,-0.53,0.15,27.66,26.58,25.5,462,536,0.86,51.84,24.77,1.11,4.15,2026-08-13,2026-08-13 07:46:05
4166,友霖,24.5,24.35,24.55,24.3,25.21,27.26,44.32,-0.34,-0.24,-0.1,26.72,25.23,23.75,81,130,0.62,59.54,29.52,,,2026-08-13,2026-08-13 07:46:06
4167,松瑞藥,18.35,18.45,18.5,18.35,57.08,59.18,48.99,0.09,0.03,0.06,19.64,18.2,16.75,331,1204,0.28,60.84,24.8,0.8,4.36,2026-08-13,2026-08-13 07:46:07
4168,醣聯,22.8,22.85,22.95,22.7,57.58,64.22,45.28,-0.44,-0.54,0.1,23.79,22.92,22.04,92,99,0.93,25.65,,,,2026-08-13,2026-08-13 07:46:08
4169,泰宗,150.0,152.0,153.5,150.0,14.29,16.61,3.35,-19.48,-13.87,-5.62,294.72,196.46,98.2,123,219,0.56,99.65,84.75,0.32,0.21,2026-08-13,2026-08-13 07:46:09
4170,鑫品生醫,11.85,12.3,12.3,11.85,36.15,35.49,27.93,-0.21,-0.16,-0.05,14.42,12.63,10.83,6,9,0.72,5.19,5.41,,,2026-08-13,2026-08-13 07:46:10
4171,瑞基,17.2,17.25,17.4,17.0,54.26,40.4,30.85,-0.16,-0.09,-0.07,19.77,17.82,15.87,57,63,0.91,9.78,,,,2026-08-13,2026-08-13 07:46:11
4172,因華,11.3,11.3,11.3,10.85,60.34,42.42,50.67,-0.14,-0.16,0.02,12.0,11.35,10.71,113,139,0.81,13.51,,,,2026-08-13,2026-08-13 07:46:13
4173,久裕,17.35,17.45,17.45,17.3,31.15,39.36,29.63,-0.13,-0.11,-0.02,18.06,17.71,17.37,179,143,1.25,12.94,16.68,1.04,5.99,2026-08-13,2026-08-13 07:46:13
4174,浩鼎,26.75,26.5,27.15,26.5,53.38,47.08,44.52,-0.61,-0.73,0.12,28.6,26.65,24.7,302,290,1.04,35.2,,,,2026-08-13,2026-08-13 07:46:14
4175,杏一,50.4,50.7,51.0,50.2,53.95,53.83,51.85,-0.06,-0.09,0.03,50.74,50.1,49.47,18,12,1.39,21.33,16.58,3.0,5.95,2026-08-13,2026-08-13 07:46:15
4178,永笙-KY,18.05,17.7,18.3,17.7,42.57,44.44,45.0,-0.14,-0.12,-0.02,19.95,18.31,16.67,79,127,0.62,38.75,,,,2026-08-13,2026-08-13 07:46:16
4183,福永生技,14.5,14.75,14.8,14.3,79.03,84.04,38.89,0.08,0.14,-0.05,15.22,14.63,14.04,27,7,3.56,3.45,,0.67,4.62,2026-08-13,2026-08-13 07:46:17
4186,尖端醫,8.87,8.84,9.05,8.46,56.13,54.43,42.52,-0.24,-0.26,0.02,9.9,9.19,8.48,112,75,1.49,7.98,28.61,,,2026-08-13,2026-08-13 07:46:18
4188,安克,9.94,9.88,9.97,9.85,66.37,65.95,46.04,-0.12,-0.17,0.05,10.26,9.88,9.51,24,24,0.99,6.3,,,,2026-08-13,2026-08-13 07:46:20
4190,佐登-KY,24.55,25.0,25.0,24.55,48.49,57.85,32.56,-0.0,0.1,-0.1,26.41,25.35,24.29,22,10,2.19,14.59,18.19,0.5,2.04,2026-08-13,2026-08-13 07:46:20
4192,杏國,18.85,18.55,18.85,18.55,44.71,52.31,43.4,-0.3,-0.28,-0.02,19.71,19.19,18.68,5,14,0.4,6.63,,,,2026-08-13,2026-08-13 07:46:21
4194,禾生技,6.32,6.08,6.44,6.08,50.42,46.03,43.2,-0.18,-0.19,0.01,7.06,6.48,5.9,43,41,1.05,9.23,,,,2026-08-13,2026-08-13 07:46:22
4195,基米-創,15.0,15.2,15.2,14.85,24.89,22.42,30.51,-0.47,-0.47,-0.01,16.93,15.65,14.36,112,100,1.12,12.0,,,,2026-08-13,2026-08-13 07:46:24
4197,暐世,8.3,8.21,8.3,8.2,60.23,47.93,38.34,-0.18,-0.19,0.01,9.09,8.54,7.98,3,2,1.21,2.51,48.82,,,2026-08-13,2026-08-13 07:46:24
4198,欣大健康,41.5,42.4,42.4,40.15,63.14,53.59,54.17,0.25,0.28,-0.02,43.35,41.15,38.96,8,4,1.74,10.0,,,,2026-08-13,2026-08-13 07:46:26
4205,中華食,70.1,70.1,70.1,70.0,85.41,69.1,43.75,-0.03,-0.08,0.04,71.34,69.95,68.56,28,17,1.59,68.45,17.1,3.5,4.99,2026-08-13,2026-08-13 07:46:27
4207,環泰,20.95,21.0,21.0,20.65,89.57,80.79,76.74,0.24,0.12,0.12,20.75,19.93,19.11,384,326,1.18,41.59,10.69,1.2,5.73,2026-08-13,2026-08-13 07:46:28
4303,信立,47.6,47.0,48.5,46.9,85.77,79.78,66.31,0.28,-0.4,0.68,47.55,43.49,39.44,945,632,1.49,45.03,15.26,1.0,2.1,2026-08-13,2026-08-13 07:46:29
4304,勝昱,16.25,16.1,16.25,16.1,39.51,28.05,32.11,-1.17,-1.34,0.16,18.72,16.86,14.99,9,15,0.57,9.92,,,,2026-08-13,2026-08-13 07:46:30
4305,世坤,43.65,43.65,43.65,43.65,69.99,77.27,73.27,0.58,0.37,0.21,44.39,42.15,39.9,1,6,0.17,24.01,11.34,3.1,7.1,2026-08-13,2026-08-13 07:46:31
4306,炎洲,14.5,14.65,14.65,14.5,70.65,62.53,47.37,-0.08,-0.11,0.03,14.8,14.38,13.96,541,594,0.91,95.41,38.16,0.7,4.83,2026-08-13,2026-08-13 07:46:31
4401,東隆興,14.0,14.05,14.05,13.85,47.03,46.7,44.38,0.01,0.02,-0.01,14.49,13.99,13.5,26,27,0.99,17.18,19.72,0.6,4.29,2026-08-13,2026-08-13 07:46:32
4402,郡都開發,15.7,16.0,16.0,15.4,60.21,69.8,46.36,0.07,0.13,-0.06,17.14,16.25,15.36,29,12,2.37,10.67,,,,2026-08-13,2026-08-13 07:46:33
4406,新昕纖,10.05,10.1,10.1,10.05,47.02,39.12,54.62,0.05,0.04,0.01,10.38,9.98,9.58,5,9,0.52,5.22,,,,2026-08-13,2026-08-13 07:46:34
4413,飛寶企業,18.75,18.0,18.75,18.0,96.01,89.23,91.59,0.48,0.01,0.47,17.12,14.77,12.42,69,48,1.42,5.87,20.38,0.3,1.6,2026-08-13,2026-08-13 07:46:35
4414,如興,8.62,8.8,8.8,8.54,50.02,35.14,51.92,-0.03,-0.06,0.02,8.7,8.45,8.2,260,245,1.06,24.85,4.59,0.01,0.12,2026-08-13,2026-08-13 07:46:36
4416,三圓,10.35,10.45,10.55,10.3,46.7,48.47,41.94,-0.11,-0.15,0.04,10.78,10.39,10.01,118,154,0.76,7.55,12.03,1.0,9.66,2026-08-13,2026-08-13 07:46:37
4417,金洲,47.45,48.1,48.1,47.05,84.13,72.99,78.17,0.79,0.26,0.53,47.23,44.02,40.82,171,258,0.67,39.84,8.21,3.5,7.38,2026-08-13,2026-08-13 07:46:38
4419,皇家美食,46.85,46.85,46.85,46.85,85.18,79.8,72.37,0.06,-0.2,0.26,47.25,45.73,44.2,3,6,0.54,79.25,,,,2026-08-13,2026-08-13 07:46:39
4420,光明,36.8,36.0,36.9,36.0,71.0,55.94,66.67,-0.12,-0.39,0.27,36.43,35.24,34.05,26,20,1.31,14.89,44.88,3.0,8.15,2026-08-13,2026-08-13 07:46:40
4426,利勤,7.95,7.95,7.97,7.89,42.73,33.87,25.0,-0.07,-0.05,-0.02,8.42,8.08,7.74,40,89,0.46,13.73,,,,2026-08-13,2026-08-13 07:46:40
4430,耀億,17.9,17.55,18.15,17.55,46.53,47.67,64.81,0.15,0.08,0.07,18.07,17.25,16.42,30,63,0.49,10.07,,0.5,2.79,2026-08-13,2026-08-13 07:46:41
4431,敏成健康,18.65,18.6,18.7,18.15,78.87,62.16,63.46,0.33,0.21,0.12,18.69,17.64,16.58,39,69,0.57,6.81,,,,2026-08-13,2026-08-13 07:46:42
4432,銘旺實,16.4,16.35,16.75,16.35,65.51,58.32,57.69,0.04,-0.04,0.08,16.53,15.93,15.33,69,33,2.06,8.3,4.88,0.4,2.44,2026-08-13,2026-08-13 07:46:43
4433,興采,19.9,20.05,20.05,19.9,65.86,60.93,62.5,0.0,-0.06,0.06,20.04,19.63,19.22,5,15,0.34,12.03,22.61,1.0,5.03,2026-08-13,2026-08-13 07:46:44
4438,廣越,60.8,61.7,61.7,60.5,52.75,50.42,50.0,0.0,-0.01,0.02,61.63,60.83,60.03,58,108,0.54,68.5,14.72,2.3,3.78,2026-08-13,2026-08-13 07:46:45
4439,冠星-KY,101.0,100.5,101.5,100.5,42.18,59.0,55.46,1.91,2.34,-0.44,103.92,101.22,98.52,19,27,0.72,37.99,13.32,4.05,4.01,2026-08-13,2026-08-13 07:46:46
4440,宜新實業,17.5,17.2,17.55,17.15,34.6,44.05,50.0,0.01,-0.0,0.01,17.88,17.46,17.03,40,85,0.47,11.83,10.23,1.0,5.71,2026-08-13,2026-08-13 07:46:47
4441,振大環球,204.5,203.5,207.0,200.0,82.15,80.56,78.95,3.86,0.14,3.72,205.29,182.55,159.81,168,215,0.78,139.42,13.96,10.8,5.28,2026-08-13,2026-08-13 07:46:47
4442,竣邦-KY,53.5,53.5,54.8,53.3,11.55,18.79,41.76,0.22,1.33,-1.1,70.18,56.23,42.27,183,132,1.39,17.22,12.56,3.4,6.36,2026-08-13,2026-08-13 07:46:48
4502,健信,15.7,15.7,15.75,15.65,76.83,79.14,44.44,-0.01,-0.02,0.0,15.8,15.71,15.62,31,11,2.79,8.71,,,,2026-08-13,2026-08-13 07:46:49
4503,金雨,28.85,26.95,28.85,26.45,28.18,21.7,33.11,-3.03,-2.5,-0.53,40.37,32.67,24.96,815,886,0.92,22.59,13.23,,,2026-08-13,2026-08-13 07:46:51
4506,崇友,122.5,123.0,123.0,122.0,53.3,57.32,60.87,1.49,1.61,-0.13,124.82,121.19,117.56,38,55,0.71,216.84,17.63,5.3,4.33,2026-08-13,2026-08-13 07:46:52
4510,高鋒,45.7,45.3,46.5,44.9,86.39,76.0,68.89,0.25,-0.95,1.2,44.65,38.65,32.65,5149,2583,1.99,49.8,,0.79,1.73,2026-08-13,2026-08-13 07:46:53
4513,福裕,16.8,17.15,17.5,16.8,26.36,29.44,24.14,-0.28,-0.02,-0.26,22.35,18.65,14.95,944,880,1.07,19.21,,,,2026-08-13,2026-08-13 07:46:54
4523,永彰,24.7,25.45,25.45,24.5,56.93,70.4,59.34,-0.06,-0.18,0.12,26.29,24.84,23.39,303,108,2.78,16.04,1.04,2.64,10.69,2026-08-13,2026-08-13 07:46:55
4526,東台,31.2,31.75,32.05,31.2,86.04,78.04,55.83,-1.02,-1.67,0.65,33.12,29.59,26.05,1794,1499,1.2,78.57,30.29,1.0,3.21,2026-08-13,2026-08-13 07:46:56
4527,方土霖,40.85,41.15,41.15,40.85,80.44,66.8,72.37,0.27,0.01,0.26,41.0,39.53,38.06,21,26,0.82,31.11,11.64,3.0,7.34,2026-08-13,2026-08-13 07:46:57
4528,江興鍛,15.2,15.4,15.4,15.2,32.09,35.55,40.91,-0.09,-0.09,0.0,15.53,15.27,15.01,21,15,1.39,12.79,13.94,0.2,1.32,2026-08-13,2026-08-13 07:46:58
4529,淳紳,4.06,4.16,4.26,4.02,45.87,42.85,40.0,-0.1,-0.11,0.01,4.48,4.22,3.96,40,23,1.68,3.43,,,,2026-08-13,2026-08-13 07:46:59
4530,宏易,26.8,25.55,26.8,25.4,83.61,63.86,77.03,0.04,-0.18,0.22,26.78,25.13,23.48,10,4,2.62,9.59,23.93,,,2026-08-13,2026-08-13 07:47:00
4532,瑞智,23.7,24.0,24.0,23.7,33.8,46.12,39.71,-0.37,-0.36,-0.01,24.98,24.13,23.29,528,881,0.6,115.22,13.24,1.5,6.33,2026-08-13,2026-08-13 07:47:01
4533,協易機,28.2,27.05,29.45,27.0,80.42,71.11,60.28,-0.44,-0.99,0.55,28.24,25.33,22.43,3331,1608,2.07,44.68,940.0,1.2,4.26,2026-08-13,2026-08-13 07:47:02
4534,慶騰,33.1,34.5,34.9,33.0,62.52,60.31,34.66,-0.1,0.06,-0.16,42.61,34.96,27.32,818,1045,0.78,28.73,174.21,,,2026-08-13,2026-08-13 07:47:03
4535,至興,29.0,29.0,29.05,29.0,62.92,65.28,67.14,0.42,0.33,0.09,29.33,28.13,26.94,7,13,0.52,21.94,28.71,0.8,2.76,2026-08-13,2026-08-13 07:47:04
4536,拓凱,170.5,170.0,171.0,168.5,79.79,76.04,69.23,2.44,2.18,0.27,171.85,166.8,161.75,133,228,0.58,154.85,12.79,8.0,4.69,2026-08-13,2026-08-13 07:47:04
4537,旭東,127.5,136.0,136.0,125.5,62.04,68.42,40.9,-7.58,-8.86,1.28,178.14,137.78,97.43,119,77,1.53,100.52,76.81,0.5,0.39,2026-08-13,2026-08-13 07:47:06
4538,大詠城,17.75,17.3,17.75,17.3,68.43,56.93,68.42,-0.19,-0.24,0.05,18.19,17.56,16.94,23,23,1.0,10.56,63.39,1.0,5.63,2026-08-13,2026-08-13 07:47:07
4540,全球傳動,60.3,60.9,62.2,59.7,88.1,80.72,65.71,0.66,-1.09,1.75,63.19,52.38,41.58,4589,6682,0.69,69.46,118.24,,,2026-08-13,2026-08-13 07:47:08
4541,晟田,72.6,70.6,73.7,70.3,80.19,65.89,51.65,2.18,1.93,0.25,76.36,66.45,56.54,5152,4153,1.24,49.11,34.9,1.4,1.93,2026-08-13,2026-08-13 07:47:09
4542,科嶠,282.0,285.0,307.5,281.0,57.45,55.1,42.06,-17.26,-19.5,2.24,353.12,290.1,227.08,1320,966,1.37,97.53,227.42,0.93,0.33,2026-08-13,2026-08-13 07:47:09
4543,萬在,32.1,32.25,32.3,31.75,65.76,68.59,55.97,-0.71,-1.1,0.39,33.07,31.24,29.42,52,97,0.54,19.19,32.42,0.2,0.62,2026-08-13,2026-08-13 07:47:10
4544,春日,14.05,14.05,14.05,14.05,77.57,62.11,45.0,-0.07,-0.07,0.0,14.71,14.01,13.31,0,0,0.53,8.47,52.04,0.5,3.56,2026-08-13,2026-08-13 07:47:11
4545,銘鈺,32.6,33.65,33.95,32.6,50.31,56.99,44.25,-0.71,-0.85,0.14,34.68,32.88,31.09,80,66,1.2,25.1,8.03,0.13,0.4,2026-08-13,2026-08-13 07:47:12
4546,長亨,65.0,63.2,65.8,63.2,80.5,70.9,68.8,-9.2,-11.19,2.0,116.31,68.11,19.91,668,492,1.36,21.95,11.93,1.0,1.54,2026-08-07,2026-08-13 07:47:13
4549,桓達,97.0,93.0,97.7,93.0,77.91,71.28,57.8,-0.93,-1.87,0.94,96.16,91.11,86.05,198,95,2.07,55.29,31.91,3.0,3.09,2026-08-13,2026-08-13 07:47:14
4550,長佳,24.6,24.5,24.6,24.3,44.18,50.47,50.0,-0.1,-0.06,-0.03,25.19,24.54,23.9,24,13,1.77,9.31,13.9,1.22,4.96,2026-08-13,2026-08-13 07:47:15
4551,智伸科,174.0,174.0,182.0,174.0,65.26,58.57,47.44,-6.98,-8.37,1.39,188.46,169.31,150.17,3292,1988,1.66,200.49,26.13,4.2,2.41,2026-08-13,2026-08-13 07:47:16
4552,力達-KY,17.55,17.6,17.75,17.55,48.67,46.0,28.13,-0.55,-0.58,0.03,19.53,18.14,16.75,66,93,0.71,20.36,11.4,1.0,5.7,2026-08-13,2026-08-13 07:47:17
4553,盛復,16.2,16.55,16.55,16.2,48.87,54.67,41.1,-0.17,-0.19,0.02,17.22,16.68,16.14,6,1,3.31,5.35,,0.2,1.23,2026-08-13,2026-08-13 07:47:18
4554,橙的,32.5,33.3,33.3,32.2,64.96,64.52,64.15,0.13,-0.06,0.19,32.13,30.79,29.46,64,71,0.91,8.56,25.39,0.5,1.54,2026-08-13,2026-08-13 07:47:19
4555,氣立,51.0,51.4,52.7,50.1,82.56,71.96,62.04,0.5,-0.55,1.05,51.92,45.04,38.15,685,636,1.08,35.44,221.74,0.5,0.98,2026-08-13,2026-08-13 07:47:19
4556,旭然,90.9,100.0,101.0,90.9,61.8,46.36,28.9,-0.97,0.7,-1.67,137.78,100.28,62.79,1250,395,3.16,38.45,88.25,0.6,0.66,2026-08-13,2026-08-13 07:47:20
4557,永新-KY,49.85,49.95,50.2,49.7,57.23,46.45,32.48,0.07,0.24,-0.18,53.21,50.43,47.66,100,75,1.33,23.91,7.69,2.0,4.01,2026-08-13,2026-08-13 07:47:21
4559,久裕興,9.24,9.25,9.25,9.01,38.85,51.41,52.23,0.16,0.17,-0.01,10.37,9.43,8.48,4,228,0.02,5.54,54.35,,,2026-08-13,2026-08-13 07:47:24
4560,強信-KY,32.45,32.45,32.45,32.1,79.5,70.14,71.43,0.18,0.1,0.08,32.53,31.77,31.0,57,282,0.2,22.1,11.35,2.0,6.16,2026-08-13,2026-08-13 07:47:24
4561,健椿,45.65,48.2,48.2,45.4,86.7,81.08,71.53,1.17,-0.26,1.43,46.0,37.76,29.52,1432,886,1.62,26.72,72.46,0.2,0.44,2026-08-13,2026-08-13 07:47:25
4562,穎漢,33.05,34.05,35.1,32.35,72.3,67.49,56.0,-0.32,-0.89,0.56,34.22,31.11,28.01,509,645,0.79,28.93,,,,2026-08-13,2026-08-13 07:47:26
4563,百德,39.0,39.8,40.5,39.0,62.36,67.76,47.23,-0.6,-0.85,0.25,41.77,39.31,36.86,109,86,1.26,21.43,15.66,3.0,7.69,2026-08-13,2026-08-13 07:47:27
4564,元翎,16.9,16.85,17.05,16.7,67.28,49.7,40.86,-0.33,-0.3,-0.03,19.74,17.21,14.68,572,718,0.8,39.34,,,,2026-08-13,2026-08-13 07:47:28
4565,宏偉,120.5,118.5,121.0,118.0,37.43,41.9,54.55,0.93,1.14,-0.21,122.24,120.28,118.32,54,34,1.56,74.4,16.28,6.0,4.98,2026-08-13,2026-08-13 07:47:29
4566,時碩工業,75.5,72.5,79.2,72.4,62.03,59.18,55.38,2.04,1.53,0.5,77.5,69.6,61.69,6475,6764,0.96,83.18,81.18,0.68,0.9,2026-08-13,2026-08-13 07:47:30
4568,科際精密,39.65,40.0,40.0,39.25,70.61,75.62,53.85,0.17,0.1,0.07,40.44,39.55,38.66,13,8,1.52,12.66,27.34,1.98,4.99,2026-08-13,2026-08-13 07:47:31
4569,六方科-KY,163.0,164.5,166.0,163.0,67.24,71.47,65.22,0.11,-1.44,1.55,168.44,157.15,145.87,18,61,0.3,49.55,34.03,3.25,1.99,2026-08-13,2026-08-13 07:47:32
4570,傑生,70.3,70.2,70.5,70.1,70.26,62.21,74.68,0.81,0.46,0.35,70.01,66.7,63.39,14,6,2.19,30.93,27.25,3.0,4.27,2026-08-13,2026-08-13 07:47:33
4571,鈞興-KY,170.5,173.5,178.0,170.5,71.88,71.22,65.32,1.4,-1.85,3.24,177.39,156.85,136.31,370,599,0.62,88.52,18.99,5.27,3.09,2026-08-13,2026-08-13 07:47:34
4572,駐龍,139.0,140.0,140.0,139.0,34.5,47.43,38.46,-0.75,-0.51,-0.24,147.2,141.95,136.7,14,15,0.95,55.6,52.45,5.0,3.6,2026-08-13,2026-08-13 07:47:35
4573,高明鐵,397.5,405.0,426.0,392.5,81.43,78.43,53.27,3.91,-6.81,10.72,422.69,350.73,278.76,420,608,0.69,181.65,,,,2026-08-13,2026-08-13 07:47:36
4575,銓寶,24.1,23.2,24.1,23.2,89.87,78.96,58.82,-0.42,-0.75,0.33,24.0,22.57,21.13,10,8,1.24,9.32,22.31,1.3,5.39,2026-08-13,2026-08-13 07:47:37
4576,大銀微系統,224.0,228.0,235.5,222.5,78.41,75.5,63.6,3.9,-0.94,4.84,236.81,200.38,163.94,4160,3767,1.1,268.36,88.89,0.8,0.36,2026-08-13,2026-08-13 07:47:38
4577,達航科技,77.1,78.2,79.1,76.8,70.53,65.48,58.41,-2.24,-4.05,1.81,81.94,72.49,63.03,331,388,0.85,37.89,,,,2026-08-13,2026-08-13 07:47:39
4580,捷流閥業,78.7,79.5,79.6,78.5,62.42,58.39,59.73,0.24,-0.07,0.31,79.11,77.22,75.33,52,101,0.51,36.83,12.94,4.0,5.08,2026-08-13,2026-08-13 07:47:40
4581,光隆精密-KY,48.2,48.2,48.55,47.8,56.9,56.36,49.85,0.2,0.19,0.01,48.75,48.0,47.25,18,37,0.49,16.34,15.4,3.0,6.22,2026-08-13,2026-08-13 07:47:41
4582,聚恆-創,25.25,25.5,25.9,25.0,29.97,46.52,30.54,-0.12,0.15,-0.27,29.67,27.59,25.51,218,406,0.54,19.06,10.7,0.2,0.79,2026-08-13,2026-08-13 07:47:42
4583,台灣精銳,512.0,502.0,513.0,499.0,71.05,58.55,38.46,-26.77,-30.31,3.54,612.45,523.15,433.85,198,243,0.82,410.48,38.01,10.0,1.95,2026-08-13,2026-08-13 07:47:43
4584,君帆,38.6,39.6,39.6,38.6,43.36,61.83,51.2,0.21,0.14,0.07,39.99,38.5,37.0,4,7,0.57,11.58,12.82,2.0,5.18,2026-08-13,2026-08-13 07:47:44
4585,達明,309.5,311.5,318.5,309.5,67.23,63.6,54.82,-0.47,-3.54,3.07,321.41,299.1,276.79,248,426,0.58,323.76,225.91,1.0,0.32,2026-08-13,2026-08-13 07:47:44
4587,寶元數控,46.2,46.2,46.2,46.2,66.34,58.6,63.04,-1.57,-2.38,0.81,47.07,43.62,40.16,0,8,0.05,15.25,,,,2026-08-13,2026-08-13 07:47:45
4588,玖鼎電力,52.6,52.5,53.0,52.3,83.68,71.05,56.94,-0.47,-0.87,0.4,53.38,51.26,49.14,31,46,0.68,22.61,14.86,3.0,5.7,2026-08-13,2026-08-13 07:47:46
4589,碩陽電機,34.0,32.75,34.4,32.6,76.92,59.85,49.11,-1.09,-1.3,0.22,36.44,33.45,30.46,50,20,2.48,8.75,41.98,0.5,1.47,2026-08-13,2026-08-13 07:47:47
4590,富田-創,90.6,93.3,95.9,90.1,75.5,68.31,58.44,1.08,0.26,0.82,93.7,84.4,75.1,800,785,1.02,49.68,21.17,2.3,2.54,2026-08-13,2026-08-13 07:47:48
4609,唐鋒,4.78,4.78,4.78,4.78,37.0,40.35,44.86,-0.09,-0.07,-0.02,5.27,4.97,4.66,1,11,0.09,2.29,,,,2026-08-13,2026-08-13 07:47:49
4702,中美實,9.64,9.68,9.68,9.6,63.18,60.68,49.66,0.01,-0.01,0.03,9.87,9.52,9.18,43,57,0.76,6.97,6.38,0.5,5.19,2026-08-13,2026-08-13 07:47:50
4706,大恭,32.6,32.5,32.6,32.5,29.39,22.98,28.18,-0.03,-0.01,-0.03,34.23,32.56,30.89,6,8,0.73,25.76,75.81,0.3,0.92,2026-08-13,2026-08-13 07:47:51
4707,磐亞,32.45,34.0,34.95,32.0,75.22,65.75,45.29,0.23,0.13,0.1,40.0,31.14,22.29,9362,6879,1.36,131.01,34.89,0.25,0.77,2026-08-13,2026-08-13 07:47:52
4711,永純,16.55,16.5,16.9,16.45,75.05,72.47,54.72,-0.02,-0.12,0.09,16.84,16.14,15.44,147,120,1.23,10.1,44.73,0.5,3.02,2026-08-13,2026-08-13 07:47:53
4714,永捷,10.55,10.65,10.75,10.55,74.93,67.62,45.33,-0.35,-0.46,0.11,11.22,10.53,9.84,599,517,1.16,23.4,,0.19,1.8,2026-08-13,2026-08-13 07:47:54
4716,大立,17.35,17.55,17.9,17.3,48.54,51.8,45.63,-0.61,-0.72,0.11,19.08,17.49,15.89,1204,2463,0.49,16.38,,0.2,1.15,2026-08-13,2026-08-13 07:47:55
4720,德淵,19.8,20.2,20.35,19.8,79.32,73.95,50.45,-0.7,-0.98,0.28,21.06,19.49,17.93,298,375,0.8,22.67,32.46,0.4,2.02,2026-08-13,2026-08-13 07:47:56
4721,美琪瑪,74.3,75.5,76.0,74.3,82.08,76.85,50.2,-2.0,-3.22,1.22,77.97,71.42,64.87,310,331,0.94,55.71,18.91,2.3,3.1,2026-08-13,2026-08-13 07:47:57
4722,國精化,208.0,215.0,222.5,207.0,67.7,69.06,51.94,-7.87,-11.57,3.7,247.48,205.43,163.37,1351,1322,1.02,213.71,122.35,1.18,0.57,2026-08-13,2026-08-13 07:47:58
4724,宣捷幹細胞,8.95,8.95,9.36,8.52,55.32,51.21,35.5,-0.29,-0.33,0.03,9.93,9.28,8.63,48,96,0.5,8.59,,,,2026-08-13,2026-08-13 07:47:59
4726,永昕,24.35,24.8,24.8,24.25,38.16,39.29,40.91,-0.23,-0.28,0.05,25.16,24.59,24.02,123,123,1.0,50.41,,,,2026-08-13,2026-08-13 07:48:00
4728,雙美,388.5,398.0,399.0,388.5,49.78,57.28,56.96,2.21,1.61,0.6,392.67,382.7,372.73,18,6,2.91,211.59,29.32,12.1,3.11,2026-08-13,2026-08-13 07:48:01
4729,熒茂,19.8,20.25,20.25,19.75,78.84,78.91,56.83,-0.25,-0.51,0.25,20.73,19.22,17.71,124,119,1.04,15.69,220.0,0.5,2.53,2026-08-13,2026-08-13 07:48:02
4732,彥臣,16.6,16.6,16.7,16.6,82.19,66.32,51.11,-0.21,-0.34,0.13,17.17,16.28,15.39,12,10,1.26,8.02,,,,2026-08-13,2026-08-13 07:48:03
4735,豪展,38.0,40.1,40.8,37.95,85.08,82.2,80.36,1.38,0.52,0.86,36.86,31.81,26.75,463,311,1.49,14.63,11.31,2.6,6.84,2026-08-13,2026-08-13 07:48:04
4736,泰博,141.0,138.0,142.0,137.5,84.25,71.97,76.74,2.05,1.23,0.83,136.13,130.25,124.37,1361,440,3.09,132.6,7.77,10.0,7.09,2026-08-13,2026-08-13 07:48:05
4737,華廣,57.3,57.0,58.0,56.6,57.47,40.87,54.29,-0.25,-0.38,0.13,58.14,55.9,53.67,107,59,1.82,44.28,18.37,,,2026-08-13,2026-08-13 07:48:05
4738,大同精化,7.01,7.0,7.02,6.68,88.19,75.0,59.27,-0.08,-0.23,0.14,7.13,6.39,5.64,73,117,0.62,5.44,36.89,,,2026-08-13,2026-08-13 07:48:06
4739,康普,87.5,87.6,88.4,86.9,79.58,75.08,57.4,-2.88,-4.93,2.05,92.61,81.95,71.28,1241,2073,0.6,109.07,29.17,1.0,1.14,2026-08-13,2026-08-13 07:48:07
4741,泓瀚,43.8,44.55,44.8,42.6,60.77,62.58,44.5,-2.58,-3.31,0.73,48.61,43.95,39.29,99,99,1.0,15.25,87.6,0.3,0.68,2026-08-13,2026-08-13 07:48:08
4743,合一,47.95,47.3,47.95,46.65,77.39,69.0,54.71,-0.83,-1.32,0.49,50.29,45.93,41.57,1391,1374,1.01,229.86,,,,2026-08-13,2026-08-13 07:48:09
4744,皇將,29.35,29.0,30.0,29.0,57.72,45.7,48.99,-0.1,-0.11,0.01,31.74,28.82,25.9,107,42,2.55,16.28,14.32,1.0,3.41,2026-08-13,2026-08-13 07:48:10
4745,合富-KY,12.1,12.3,12.3,12.05,82.47,70.69,37.38,-0.55,-0.68,0.13,14.47,12.35,10.24,14,23,0.62,8.01,,,,2026-08-13,2026-08-13 07:48:11
4746,台耀,53.4,53.8,53.8,52.9,73.4,76.66,61.11,0.33,0.01,0.33,55.15,52.15,49.15,405,589,0.69,64.22,19.14,3.0,5.62,2026-08-13,2026-08-13 07:48:12
4747,強生,55.8,56.0,56.7,53.0,80.88,79.99,67.86,1.24,0.43,0.81,55.9,50.75,45.6,32,92,0.35,50.73,25.95,1.05,1.88,2026-08-13,2026-08-13 07:48:13
4749,新應材,798.0,824.0,824.0,795.0,76.01,73.76,52.91,-17.37,-29.47,12.1,870.65,777.0,683.35,537,654,0.82,755.97,63.23,8.0,1.0,2026-08-13,2026-08-13 07:48:14
4754,國碳科,38.55,38.2,38.75,38.2,75.81,65.66,72.6,0.25,0.06,0.19,38.05,36.84,35.64,148,66,2.25,11.67,14.6,2.3,5.97,2026-08-13,2026-08-13 07:48:15
4755,三福化,119.5,121.0,121.5,119.5,81.23,73.87,55.56,-3.11,-4.63,1.52,128.41,116.3,104.19,154,202,0.76,120.34,33.19,3.7,3.1,2026-08-13,2026-08-13 07:48:15
4760,勤凱,283.0,265.0,283.0,265.0,86.72,74.05,64.24,-10.39,-19.62,9.23,279.2,238.85,198.5,457,378,1.21,91.18,37.38,4.5,1.59,2026-08-13,2026-08-13 07:48:16
4763,材料*-KY,51.6,53.0,53.1,51.3,64.86,64.0,54.69,1.09,0.83,0.25,52.81,49.36,45.92,10340,12961,0.8,510.4,9.98,5.41,10.48,2026-08-13,2026-08-13 07:48:17
4764,雙鍵,245.0,252.5,256.5,243.5,32.12,28.95,39.18,-15.68,-14.11,-1.58,309.58,264.9,220.22,1351,1917,0.7,212.3,131.02,1.0,0.41,2026-08-13,2026-08-13 07:48:18
4765,磐采,15.8,16.05,16.1,15.8,65.15,55.11,59.09,-0.16,-0.7,0.54,17.81,13.98,10.14,19,65,0.3,5.08,,,,2026-08-13,2026-08-13 07:48:19
4766,南寶,340.0,342.5,345.0,338.5,86.03,77.33,58.06,-0.67,-4.36,3.69,347.89,326.35,304.81,284,254,1.12,409.94,16.42,18.0,5.29,2026-08-13,2026-08-13 07:48:20
4767,誠泰科技,26.45,26.5,26.5,26.45,82.63,83.22,51.43,0.09,0.08,0.01,26.72,26.32,25.93,8,12,0.64,8.31,18.89,1.1,4.16,2026-08-13,2026-08-13 07:48:21
4768,晶呈科技,325.5,326.0,329.0,319.5,85.33,73.35,49.7,-9.09,-16.79,7.7,339.04,300.45,261.86,228,313,0.73,154.57,79.58,0.85,0.26,2026-08-13,2026-08-13 07:48:22
4770,上品,224.0,223.0,228.0,222.0,64.43,52.14,45.98,0.12,-0.83,0.95,229.98,218.72,207.47,313,294,1.06,179.15,22.22,6.0,2.68,2026-08-13,2026-08-13 07:48:23
4771,望隼,201.5,202.0,205.5,199.5,80.29,79.6,68.69,3.09,1.23,1.86,208.09,191.22,174.35,272,407,0.67,118.3,15.6,6.97,3.46,2026-08-13,2026-08-13 07:48:24
4772,台特化,255.0,255.0,259.0,255.0,80.35,73.74,58.27,-2.92,-7.59,4.67,263.91,237.12,210.34,457,711,0.64,376.59,53.12,3.0,1.18,2026-08-13,2026-08-13 07:48:25
4804,大略-KY,3.27,3.27,3.27,3.27,,,,0.0,0.0,0.0,3.27,3.27,3.27,0,0,,2.35,,,,2026-08-12,2026-08-13 07:48:33
4806,桂田文創,9.53,9.95,9.95,9.14,68.37,79.23,36.26,-0.02,-0.01,-0.01,10.41,10.03,9.66,226,46,4.87,9.52,,,,2026-08-13,2026-08-13 07:48:34
4807,日成-KY,31.5,31.15,31.75,30.6,12.23,13.58,25.0,-1.67,-0.83,-0.84,42.54,36.5,30.45,130,240,0.54,15.43,18.31,,,2026-08-13,2026-08-13 07:48:35
4903,聯光通,37.5,37.45,38.15,37.2,52.38,62.19,48.47,-0.16,-0.39,0.23,42.02,37.17,32.32,827,1723,0.48,39.5,23.89,0.3,0.8,2026-08-13,2026-08-13 07:48:35
4904,遠傳,99.5,102.0,102.0,99.1,16.59,23.68,30.0,0.03,0.62,-0.59,107.63,103.22,98.82,7314,5257,1.39,3589.67,25.32,3.81,3.83,2026-08-13,2026-08-13 07:48:36
4905,台聯電,77.0,77.0,77.0,77.0,79.38,63.81,83.72,0.53,-0.67,1.2,72.64,67.12,61.6,49,29,1.69,22.53,18.64,1.5,1.95,2026-08-13,2026-08-13 07:48:37
4906,正文,36.6,37.1,37.75,36.6,79.32,71.84,56.19,-0.74,-1.45,0.71,38.79,34.23,29.67,4480,4529,0.99,156.5,20.33,0.47,1.28,2026-08-13,2026-08-13 07:48:38
4907,富宇,46.6,46.0,46.75,45.75,68.71,72.41,68.53,1.46,1.13,0.33,47.78,43.01,38.25,133,284,0.47,55.06,12.7,1.5,3.22,2026-08-13,2026-08-13 07:48:39
4908,前鼎,160.0,166.0,168.0,159.0,67.08,64.94,57.96,-3.19,-7.8,4.61,168.24,144.0,119.76,3175,2488,1.28,125.15,81.22,1.0,0.62,2026-08-13,2026-08-13 07:48:40
4909,新復興,39.0,39.6,39.95,39.0,84.64,79.2,54.8,-1.15,-1.8,0.64,40.66,37.68,34.7,198,200,0.99,36.41,,6.0,15.38,2026-08-13,2026-08-13 07:48:41
4911,德英,28.35,28.4,28.45,28.35,15.78,15.03,18.27,-0.38,-0.16,-0.23,32.25,29.69,27.13,9,20,0.45,19.51,16.68,1.17,4.13,2026-08-13,2026-08-13 07:48:42
4912,聯德控股-KY,92.9,94.2,94.4,91.6,85.97,82.75,64.6,1.33,0.09,1.23,95.01,86.0,76.98,364,381,0.96,62.24,41.47,4.0,4.31,2026-08-13,2026-08-13 07:48:43
4915,致伸,60.7,61.0,61.0,60.2,19.28,20.85,33.08,-1.84,-1.57,-0.27,67.77,63.45,59.13,3237,4087,0.79,286.43,11.43,4.57,7.53,2026-08-13,2026-08-13 07:48:44
4916,事欣科,101.5,103.5,105.0,101.5,59.47,63.96,48.86,-0.05,-0.52,0.47,111.98,100.87,89.77,2877,5132,0.56,125.57,18.42,0.5,0.49,2026-08-13,2026-08-13 07:48:44
4919,新唐,126.5,127.5,131.5,126.0,60.59,59.4,43.92,-9.17,-11.14,1.97,148.26,127.78,107.29,4254,3910,1.09,572.28,53.26,0.4,0.32,2026-08-13,2026-08-13 07:48:45
4923,力士,50.6,50.3,52.0,49.85,82.27,75.73,61.98,-0.74,-1.99,1.26,53.17,44.9,36.63,291,397,0.73,16.57,,,,2026-08-13,2026-08-13 07:48:46
4924,欣厚-KY,9.98,10.2,10.2,9.91,39.76,45.98,53.0,-0.42,-0.53,0.11,10.44,9.96,9.48,13,38,0.34,3.71,13.86,,,2026-08-13,2026-08-13 07:48:47
4925,智微,117.0,114.5,125.0,114.5,77.23,66.92,52.63,-6.67,-9.8,3.14,126.49,106.64,86.78,249,194,1.29,82.56,,,,2026-08-13,2026-08-13 07:48:48
4927,泰鼎-KY,34.55,35.1,35.15,34.3,81.21,71.29,50.79,-2.12,-3.09,0.97,38.51,32.99,27.48,1891,3560,0.53,91.54,4.31,,,2026-08-13,2026-08-13 07:48:49
4930,燦星網,16.1,15.8,16.15,15.8,57.47,48.34,45.45,-0.19,-0.23,0.05,16.83,16.25,15.67,65,38,1.72,12.88,,0.6,3.73,2026-08-13,2026-08-13 07:48:50
4931,新盛力,261.0,271.0,271.5,261.0,89.63,81.6,69.35,6.9,-2.77,9.67,265.42,208.95,152.48,2335,11664,0.2,171.13,80.8,2.5,0.96,2026-08-13,2026-08-13 07:48:51
4933,友輝,55.5,55.8,55.8,55.1,57.65,62.53,46.38,-1.23,-1.66,0.43,57.97,55.08,52.19,100,137,0.73,45.68,10.34,2.89,5.21,2026-08-13,2026-08-13 07:48:52
4934,太極,14.65,14.5,14.8,14.45,57.38,51.88,43.88,-0.56,-0.66,0.1,15.84,14.58,13.32,490,405,1.21,32.96,,,,2026-08-13,2026-08-13 07:48:53
4935,茂林-KY,35.35,35.0,36.0,35.0,59.76,55.46,49.48,-0.38,-0.49,0.11,36.03,35.02,34.0,100,47,2.11,45.55,25.99,1.0,2.83,2026-08-13,2026-08-13 07:48:53
4938,和碩,94.8,93.6,100.5,93.5,78.72,76.12,61.43,2.08,1.25,0.83,93.99,86.34,78.69,66759,21202,3.15,2542.58,21.94,4.01,4.23,2026-08-13,2026-08-13 07:48:54
4939,亞電,63.9,61.1,64.9,61.1,71.34,62.53,51.64,0.43,-0.15,0.58,73.8,60.35,46.9,14479,11689,1.24,62.75,,0.25,0.39,2026-08-13,2026-08-13 07:48:55
4942,嘉彰,33.3,33.95,33.95,32.65,45.24,46.09,31.45,-0.34,-0.3,-0.04,35.29,34.44,33.6,556,153,3.62,47.41,11.33,2.0,6.01,2026-08-13,2026-08-13 07:48:56
4943,康控-KY,8.65,8.69,8.69,8.21,58.96,56.8,46.23,-0.08,-0.07,-0.0,9.12,8.67,8.21,22,29,0.74,10.96,0.71,,,2026-08-13,2026-08-13 07:48:57
4946,辣椒,80.5,82.2,82.2,80.5,72.52,66.06,47.96,-3.89,-5.66,1.77,92.17,78.9,65.64,27,32,0.83,7.13,64.4,,,2026-08-13,2026-08-13 07:48:58
4949,有成精密,68.8,69.9,70.4,68.1,72.4,73.07,51.94,-1.95,-3.58,1.64,76.05,66.21,56.37,827,770,1.07,46.58,25.77,1.4,2.03,2026-08-13,2026-08-13 07:48:59
4950,金耘國際,16.4,15.6,16.4,15.6,65.45,54.18,48.0,-0.1,-0.14,0.03,16.67,15.91,15.15,20,12,1.58,9.47,38.14,,,2026-08-13,2026-08-13 07:49:00
4951,精拓科,80.7,80.6,82.1,80.2,63.92,61.81,44.44,-2.86,-4.0,1.14,83.64,79.21,74.79,165,161,1.03,27.56,12.81,4.5,5.58,2026-08-13,2026-08-13 07:49:01
4952,凌通,49.8,49.95,50.4,49.45,79.0,76.52,52.94,-0.84,-1.33,0.49,52.36,48.13,43.9,329,447,0.74,54.19,44.86,1.0,2.01,2026-08-13,2026-08-13 07:49:02
4953,緯致,125.5,126.5,128.0,125.5,52.89,58.03,52.63,0.5,0.25,0.25,130.87,123.95,117.03,226,243,0.93,89.51,13.72,5.14,4.1,2026-08-13,2026-08-13 07:49:03
4956,光鋐,31.1,31.8,32.2,31.1,71.5,69.65,54.23,-1.02,-1.8,0.78,33.68,29.27,24.87,753,1343,0.56,31.23,18.19,,,2026-08-13,2026-08-13 07:49:04
4958,臻鼎-KY,477.5,483.0,506.0,472.0,72.03,68.37,49.19,-18.43,-24.69,6.27,554.83,468.27,381.72,42053,38460,1.09,5154.23,64.09,3.42,0.72,2026-08-13,2026-08-13 07:49:05
4960,誠美材,21.95,22.75,22.95,21.7,79.27,70.93,54.68,-0.89,-1.46,0.57,23.07,20.67,18.26,8781,4275,2.05,124.18,,,,2026-08-13,2026-08-13 07:49:06
4961,天鈺,168.5,176.0,176.0,168.0,83.63,80.07,57.41,2.08,0.03,2.04,178.42,160.2,141.98,551,812,0.68,201.78,20.55,7.72,4.58,2026-08-13,2026-08-13 07:49:07
4966,譜瑞-KY,586.0,594.0,601.0,585.0,62.61,66.24,44.02,-11.91,-15.92,4.0,632.5,588.55,544.6,848,781,1.08,447.5,17.93,17.79,3.04,2026-08-13,2026-08-13 07:49:08
4967,十銓,280.5,283.0,284.5,279.5,87.1,87.14,77.43,10.27,3.42,6.85,300.23,241.03,181.82,4569,5192,0.88,238.32,7.95,8.62,3.07,2026-08-13,2026-08-13 07:49:09
4968,立積,96.0,97.8,98.2,96.0,46.23,57.29,47.87,-2.63,-3.25,0.62,103.45,96.52,89.59,363,393,0.93,88.52,32.54,1.6,1.67,2026-08-13,2026-08-13 07:49:10
4971,IET-KY,494.0,535.0,535.0,489.5,81.7,78.72,60.27,5.52,-12.5,18.02,528.21,419.02,309.84,724,1519,0.48,197.53,95.92,0.85,0.17,2026-08-13,2026-08-13 07:49:11
4972,湯石照明,16.75,16.85,16.85,16.75,79.62,73.95,76.92,-0.04,-0.07,0.03,16.91,16.6,16.29,5,8,0.6,9.36,,0.8,4.78,2026-08-13,2026-08-13 07:49:12
4973,廣穎,163.5,165.0,167.0,162.5,85.22,79.03,60.31,1.28,-2.35,3.63,170.22,143.85,117.48,3486,3075,1.13,106.75,17.54,1.0,0.61,2026-08-13,2026-08-13 07:49:13
4974,亞泰,70.2,70.1,70.6,69.9,90.92,85.83,61.47,0.02,-0.43,0.45,70.88,67.91,64.94,130,74,1.75,50.89,16.06,3.9,5.56,2026-08-13,2026-08-13 07:49:14
4976,佳凌,37.05,36.8,38.85,36.3,43.36,45.09,65.58,0.34,0.14,0.19,39.74,34.99,30.23,3674,2290,1.6,51.98,24.54,,,2026-08-13,2026-08-13 07:49:15
4977,眾達-KY,151.5,158.0,161.0,150.0,82.6,76.92,56.22,-1.61,-6.6,4.99,157.39,132.46,107.52,4301,3980,1.08,125.28,33.44,2.18,1.44,2026-08-13,2026-08-13 07:49:16
4979,華星光,564.0,579.0,615.0,560.0,86.44,84.17,67.12,24.6,3.35,21.24,580.62,436.8,292.98,26480,15020,1.76,795.56,104.64,2.15,0.38,2026-08-13,2026-08-13 07:49:17
4980,佐臻,41.4,43.05,43.1,40.0,50.67,58.58,45.7,-0.28,-0.34,0.07,45.84,42.54,39.23,44,78,0.57,18.66,376.36,,,2026-08-13,2026-08-13 07:49:18
4989,榮科,69.3,70.2,72.6,68.8,76.11,70.09,55.5,-3.63,-5.38,1.75,76.46,65.08,53.7,9832,8485,1.16,119.73,,,,2026-08-13,2026-08-13 07:49:26
4991,環宇-KY,478.0,503.0,512.0,478.0,78.24,77.55,57.38,0.03,-16.99,17.02,526.05,418.45,310.85,8649,6771,1.28,579.3,189.68,,,2026-08-13,2026-08-13 07:49:27
4994,傳奇,87.3,87.5,88.2,85.5,16.53,17.85,26.32,-1.09,-0.55,-0.54,95.88,90.51,85.14,18,13,1.4,57.95,56.32,3.0,3.44,2026-08-13,2026-08-13 07:49:28
4995,晶達,50.3,50.5,50.5,49.95,81.47,71.28,50.0,1.1,0.85,0.25,51.89,47.98,44.07,47,50,0.94,21.34,18.56,1.99,3.96,2026-08-13,2026-08-13 07:49:29
4999,鑫禾,19.0,18.8,19.2,18.8,69.94,52.68,46.48,-0.22,-0.31,0.09,19.85,18.96,18.07,35,77,0.46,13.99,14.18,0.25,1.32,2026-08-13,2026-08-13 07:49:29
5007,三星,56.3,56.5,56.5,56.3,66.69,61.37,42.86,0.01,0.02,-0.0,57.02,56.33,55.64,44,104,0.42,166.05,18.58,3.0,5.33,2026-08-13,2026-08-13 07:49:30
5009,榮剛,32.9,33.3,33.65,32.7,65.57,64.8,46.77,-0.17,-0.24,0.07,34.36,32.98,31.59,1859,1630,1.14,180.28,17.14,1.2,3.65,2026-08-13,2026-08-13 07:49:31
5011,久陽,18.5,18.6,19.15,18.35,66.24,53.45,40.71,-0.76,-0.86,0.1,20.8,18.61,16.43,365,232,1.57,18.62,,0.2,1.08,2026-08-13,2026-08-13 07:49:32
5013,強新,26.3,26.9,26.9,26.3,80.82,71.79,65.48,-0.06,-0.32,0.26,26.52,25.24,23.96,10,10,0.93,35.09,18.52,0.8,3.04,2026-08-13,2026-08-13 07:49:34
5014,建錩,10.25,10.2,10.3,10.1,37.38,46.4,41.31,0.03,0.05,-0.02,11.09,10.58,10.08,800,1159,0.69,18.78,,0.5,4.88,2026-08-13,2026-08-13 07:49:35
5015,華祺,22.05,22.15,22.15,22.05,74.91,72.9,62.71,-0.01,-0.16,0.15,22.21,21.5,20.78,6,33,0.18,13.37,,0.5,2.27,2026-08-13,2026-08-13 07:49:36
5016,松和,24.45,24.6,24.6,24.45,77.72,71.95,58.14,0.06,-0.03,0.08,24.6,24.05,23.49,17,11,1.51,12.13,16.98,1.0,4.09,2026-08-13,2026-08-13 07:49:37
5201,凱衛,25.75,25.5,26.0,25.45,27.0,32.67,31.33,-0.35,-0.29,-0.06,27.73,26.59,25.45,37,23,1.62,9.96,,0.5,1.94,2026-08-13,2026-08-13 07:49:38
5202,力新,12.2,12.45,12.45,12.2,55.8,53.64,44.07,-0.41,-0.51,0.09,13.37,12.32,11.28,114,128,0.89,10.87,,0.2,1.64,2026-08-13,2026-08-13 07:49:39
5203,訊連,61.2,62.4,62.4,61.2,50.16,55.42,44.68,-0.41,-0.46,0.05,64.74,61.97,59.19,152,226,0.68,47.33,17.0,3.69,6.03,2026-08-13,2026-08-13 07:49:40
5205,中茂,21.7,21.7,21.7,21.7,82.73,82.25,30.0,-0.31,-0.34,0.03,22.32,21.94,21.55,1,2,0.4,2.93,,,,2026-08-13,2026-08-13 07:49:41
5206,坤悅,22.5,22.6,22.95,22.4,82.47,78.7,73.33,0.45,0.18,0.27,22.75,20.88,19.02,165,170,0.97,40.52,4.72,1.0,4.44,2026-08-13,2026-08-13 07:49:42
5209,新鼎,162.0,164.5,164.5,162.0,82.83,80.29,70.21,1.27,0.23,1.04,162.94,155.75,148.56,20,40,0.52,46.09,9.56,12.95,7.99,2026-08-13,2026-08-13 07:49:43
5210,寶碩,28.35,28.65,29.4,28.3,45.45,36.98,46.15,-0.4,-0.4,0.0,30.19,28.76,27.32,129,154,0.84,23.3,30.82,,,2026-08-13,2026-08-13 07:49:44
5211,蒙恬,19.55,20.05,20.15,19.4,41.89,52.38,52.94,-0.09,-0.18,0.09,20.56,19.47,18.38,39,89,0.44,6.26,,,,2026-08-13,2026-08-13 07:49:45
5212,凌網,46.7,46.5,46.9,46.5,41.75,49.93,45.33,0.0,-0.01,0.01,47.89,47.1,46.31,12,4,2.76,16.17,9.81,4.2,8.99,2026-08-13,2026-08-13 07:49:47
5213,亞昕,21.0,21.0,21.1,20.6,22.22,17.33,23.68,-0.39,-0.36,-0.03,22.49,21.54,20.58,472,250,1.88,151.18,14.29,2.8,13.33,2026-08-13,2026-08-13 07:49:48
5215,科嘉-KY,39.9,38.4,40.75,38.4,62.39,55.45,62.9,-0.56,-0.81,0.25,39.71,38.54,37.38,173,94,1.83,25.67,16.42,2.0,5.01,2026-08-13,2026-08-13 07:49:48
5220,萬達光電,20.25,20.35,20.35,20.2,49.35,57.5,36.54,-0.13,-0.14,0.01,21.2,20.53,19.85,28,44,0.64,7.97,,0.3,1.48,2026-08-13,2026-08-13 07:49:49
5222,全訊,122.0,118.5,122.5,118.0,89.91,78.59,59.15,-0.67,-1.97,1.3,123.14,113.88,104.61,469,251,1.87,111.14,64.55,2.5,2.05,2026-08-13,2026-08-13 07:49:50
5223,安力-KY,23.7,23.35,23.8,23.35,82.65,76.84,59.3,-0.21,-0.4,0.19,24.2,23.16,22.11,23,15,1.49,10.56,,,,2026-08-13,2026-08-13 07:49:51
5225,東科-KY,62.0,62.0,62.4,61.0,15.61,31.39,25.57,-2.08,-0.83,-1.25,78.94,70.67,62.41,498,893,0.56,48.78,6.7,7.21,11.63,2026-08-13,2026-08-13 07:49:52
5227,立凱-KY,34.4,34.4,36.0,33.5,23.12,22.2,28.89,0.08,0.56,-0.48,42.11,35.98,29.85,1300,678,1.92,25.43,,,,2026-08-13,2026-08-13 07:49:53
5228,鈺鎧,43.3,43.65,45.65,43.15,74.53,68.79,55.0,-3.01,-4.26,1.24,46.07,40.61,35.14,712,758,0.94,16.48,48.65,,,2026-08-13,2026-08-13 07:49:54
5230,雷笛克光學,18.05,18.55,18.55,17.95,72.48,66.53,48.45,-0.35,-0.46,0.11,18.78,17.8,16.83,120,106,1.13,9.88,12.36,0.5,2.77,2026-08-13,2026-08-13 07:49:55
5234,達興材料,335.5,342.0,347.0,335.0,82.54,78.02,52.73,-9.0,-13.34,4.35,356.53,327.5,298.47,206,128,1.6,344.61,43.57,6.5,1.94,2026-08-13,2026-08-13 07:49:56
5236,凌陽創新,142.0,143.5,145.0,142.0,32.2,44.9,40.0,-3.98,-4.39,0.41,153.52,144.72,135.93,119,102,1.17,85.21,14.93,9.0,6.34,2026-08-13,2026-08-13 07:49:56
5240,建騰,19.0,19.45,20.5,18.85,81.95,80.25,66.18,-0.25,-0.83,0.58,19.45,17.0,14.56,100,51,1.93,5.05,38.0,1.4,7.37,2026-08-13,2026-08-13 07:49:58
5243,乙盛-KY,91.4,92.9,92.9,91.0,89.33,80.67,55.95,-1.97,-3.88,1.91,96.77,85.33,73.89,949,1077,0.88,154.04,18.81,2.2,2.41,2026-08-13,2026-08-13 07:49:59
5244,弘凱,33.95,34.1,34.1,33.65,91.57,84.06,60.2,-0.16,-0.69,0.53,34.74,31.86,28.99,76,110,0.69,23.17,,0.4,1.18,2026-08-13,2026-08-13 07:49:59
5245,智晶,23.95,24.45,24.45,23.95,62.97,52.2,56.16,-0.44,-0.69,0.25,24.62,23.24,21.86,18,46,0.39,10.37,,,,2026-08-13,2026-08-13 07:50:00
5246,勵威,84.2,88.6,91.0,82.2,51.85,58.52,45.2,-11.15,-14.3,3.15,110.05,89.9,69.76,576,419,1.37,37.4,,,,2026-08-13,2026-08-13 07:50:01
5248,景傳,36.15,36.75,36.9,35.8,26.92,29.63,31.79,-0.38,-0.0,-0.38,45.87,38.91,31.96,70,196,0.36,8.86,,1.1,3.04,2026-08-13,2026-08-13 07:50:02
5254,欣訊科技,38.65,37.8,38.65,37.8,66.2,56.72,60.0,-0.44,-0.97,0.53,39.23,36.54,33.85,7,39,0.2,8.74,16.45,2.0,5.17,2026-08-13,2026-08-13 07:50:04
5258,虹堡,49.95,51.2,51.2,49.5,42.03,51.7,43.62,-0.11,0.11,-0.22,55.14,51.84,48.54,412,514,0.8,54.73,15.09,2.52,5.05,2026-08-13,2026-08-13 07:50:05
5262,立達,45.3,44.05,45.3,43.85,54.14,58.63,58.31,0.41,-0.14,0.54,48.23,42.74,37.24,94,135,0.7,23.87,16.97,0.7,1.55,2026-08-13,2026-08-13 07:50:06
5263,智崴,89.9,91.0,91.4,89.5,38.06,48.71,33.16,-1.94,-1.96,0.01,97.58,93.3,89.03,319,185,1.72,64.19,23.91,0.93,1.03,2026-08-13,2026-08-13 07:50:07
5267,龍翩,49.8,50.0,50.0,47.6,70.78,63.61,48.89,-0.41,-1.21,0.79,52.75,46.75,40.75,48,59,0.82,12.46,49.8,1.0,2.01,2026-08-13,2026-08-13 07:50:08
5269,祥碩,1430.0,1450.0,1465.0,1430.0,76.93,67.02,55.7,1.15,-5.19,6.35,1481.2,1398.52,1315.83,959,702,1.37,1060.44,17.7,45.38,3.17,2026-08-13,2026-08-13 07:50:09
5271,紘通,10.7,11.3,11.3,10.7,21.8,30.09,44.79,-0.8,-0.95,0.15,12.46,11.23,9.99,284,215,1.32,6.79,356.67,,,2026-08-13,2026-08-13 07:50:09
5272,笙科,17.85,18.0,18.3,17.75,46.08,48.39,43.37,-0.6,-0.75,0.16,19.32,17.98,16.64,66,89,0.74,9.87,,,,2026-08-13,2026-08-13 07:50:10
5274,信驊,17490.0,17920.0,18085.0,17010.0,85.07,83.07,66.51,634.22,289.31,344.91,18181.42,15137.0,12092.58,341,217,1.57,7272.86,162.41,72.73,0.42,2026-08-13,2026-08-13 07:50:11
5276,達輝-KY,19.2,19.2,19.2,19.2,65.99,69.66,50.0,0.17,0.15,0.02,19.65,18.84,18.03,2,9,0.22,7.58,14.01,0.8,4.17,2026-08-13,2026-08-13 07:50:12
5278,尚凡*,24.6,24.65,24.65,24.3,79.97,78.64,62.5,0.16,0.1,0.05,25.2,24.26,23.33,56,66,0.86,72.14,25.36,0.72,2.93,2026-08-13,2026-08-13 07:50:13
5283,禾聯碩,56.6,55.5,56.7,54.3,69.51,60.42,71.79,0.37,0.17,0.2,55.52,53.74,51.97,299,95,3.12,49.58,9.63,0.7,1.24,2026-08-13,2026-08-13 07:50:14
5284,jpp-KY,300.5,303.5,304.5,299.0,66.63,68.61,56.23,-7.34,-12.65,5.31,320.37,288.75,257.13,171,267,0.64,158.94,22.0,5.0,1.66,2026-08-13,2026-08-13 07:50:15
5285,界霖,79.6,80.8,81.6,78.7,86.06,78.42,53.33,-2.44,-3.62,1.18,86.95,76.7,66.45,1236,794,1.56,81.22,37.9,1.5,1.88,2026-08-13,2026-08-13 07:50:16
5287,數字,156.0,154.5,157.0,154.0,67.89,50.53,76.67,0.58,-0.41,0.99,152.62,147.18,141.73,107,66,1.61,94.08,11.23,10.25,6.57,2026-08-13,2026-08-13 07:50:18
5288,豐祥-KY,189.5,192.0,192.0,188.5,68.47,72.41,52.13,3.72,3.3,0.42,198.28,186.13,173.99,135,200,0.68,132.08,15.77,6.5,3.43,2026-08-13,2026-08-13 07:50:18
5289,宜鼎,1535.0,1560.0,1560.0,1510.0,64.89,67.5,59.43,-1.08,-36.86,35.78,1626.0,1371.0,1116.0,2193,3582,0.61,1478.78,20.57,16.83,1.1,2026-08-13,2026-08-13 07:50:19
5291,邑昇,55.9,57.5,58.1,55.6,84.99,76.94,54.6,-0.32,-1.73,1.41,60.06,51.47,42.88,454,769,0.59,23.42,118.94,,,2026-08-13,2026-08-13 07:50:21
5292,華懋,190.0,187.5,192.0,187.5,86.39,76.68,72.07,0.02,-4.19,4.22,187.81,167.85,147.89,122,127,0.96,88.01,20.79,5.5,2.89,2026-08-13,2026-08-13 07:50:21
5297,廣化,71.1,73.5,73.5,69.7,61.89,63.34,51.75,-2.93,-4.54,1.61,79.26,69.75,60.25,339,459,0.74,26.77,173.41,0.3,0.42,2026-08-13,2026-08-13 07:50:22
5299,杰力,103.0,104.0,107.0,102.5,41.56,51.32,61.86,-1.15,-2.11,0.96,109.09,98.23,87.37,646,442,1.46,52.42,21.41,3.66,3.55,2026-08-13,2026-08-13 07:50:23
5301,寶得利,5.54,5.51,5.54,5.2,73.63,49.47,35.35,-0.23,-0.27,0.05,6.17,5.56,4.96,20,12,1.61,3.65,,,,2026-08-13,2026-08-13 07:50:24
5302,太欣,11.35,11.3,11.7,11.15,74.12,65.8,61.33,-0.21,-0.42,0.21,11.69,10.55,9.41,563,839,0.67,18.15,,,,2026-08-13,2026-08-13 07:50:26
5306,桂盟,95.9,97.9,97.9,95.0,75.17,70.83,64.04,2.23,1.69,0.54,99.04,92.66,86.28,184,335,0.55,120.83,15.77,5.17,5.39,2026-08-13,2026-08-13 07:50:26
5309,系統電,55.6,56.1,56.4,55.6,84.89,78.66,57.46,-1.4,-2.58,1.18,58.51,52.4,46.29,1557,2690,0.58,127.09,241.74,0.5,0.9,2026-08-13,2026-08-13 07:50:28
5310,天剛,25.0,24.05,25.0,24.0,65.51,68.33,58.54,0.15,0.14,0.0,25.64,24.82,24.0,8,3,2.47,7.24,357.14,,,2026-08-12,2026-08-13 07:50:29
5312,寶島科,89.4,89.0,89.7,88.7,46.39,39.06,23.19,-0.27,-0.08,-0.19,97.43,90.45,83.47,34,71,0.49,53.69,15.2,6.5,7.27,2026-08-13,2026-08-13 07:50:30
5314,世紀*,61.3,62.5,63.4,61.3,87.56,82.39,59.0,-0.09,-1.16,1.07,65.34,57.17,49.0,3871,3013,1.28,177.46,11.93,0.27,0.44,2026-08-13,2026-08-13 07:50:31
5315,光聯,19.05,19.2,19.45,19.0,37.95,53.51,44.0,-0.29,-0.35,0.06,19.6,19.17,18.74,275,164,1.68,20.26,10.95,1.6,8.4,2026-08-13,2026-08-13 07:50:32
5321,美而快,62.0,57.0,62.5,56.9,75.8,58.11,56.38,0.99,0.62,0.37,59.56,54.96,50.36,1074,361,2.97,32.97,,,,2026-08-13,2026-08-13 07:50:33
5324,士開,12.15,12.15,12.25,12.1,54.78,62.76,61.11,0.06,0.05,0.01,12.42,12.11,11.8,349,366,0.95,27.51,,,,2026-08-13,2026-08-13 07:50:34
5328,華容,68.8,67.2,73.0,67.2,61.32,56.72,58.54,1.11,1.02,0.09,70.94,63.65,56.35,37094,21418,1.73,118.82,152.89,0.6,0.87,2026-08-13,2026-08-13 07:50:35
5340,建榮,78.6,78.5,82.5,77.3,83.21,76.62,60.69,-1.58,-3.96,2.38,81.92,69.55,57.19,5125,4144,1.24,153.19,56.96,0.6,0.76,2026-08-13,2026-08-13 07:50:37
5344,立衛,13.8,13.85,13.85,13.7,48.29,49.03,36.49,-0.47,-0.46,-0.01,15.4,14.36,13.31,11,75,0.15,10.96,,,,2026-08-13,2026-08-13 07:50:38
5345,馥鴻,23.7,21.8,23.7,21.8,57.92,49.83,38.7,-0.49,-0.68,0.19,26.68,22.71,18.74,50,24,2.02,8.96,,,,2026-08-13,2026-08-13 07:50:39
5347,世界,163.0,163.0,166.0,162.0,68.67,59.34,53.66,-3.77,-5.67,1.9,174.01,154.8,135.59,19369,21818,0.89,3061.69,39.76,4.47,2.74,2026-08-13,2026-08-13 07:50:39
5348,正能量智能,16.45,15.65,16.45,15.65,63.83,64.02,51.69,0.05,0.08,-0.04,17.34,16.7,16.06,3,6,0.44,2.43,,,,2026-08-13,2026-08-13 07:50:41
5351,鈺創,129.0,127.0,130.0,123.0,94.17,85.96,77.08,8.37,3.18,5.18,127.88,92.31,56.74,8733,26993,0.32,420.17,135.79,,,2026-08-13,2026-08-13 07:50:42
5353,台林,28.25,28.4,28.4,28.1,66.35,72.65,50.0,-0.18,-0.31,0.13,29.17,27.99,26.82,30,37,0.81,21.4,21.08,1.0,3.54,2026-08-13,2026-08-13 07:50:43
5355,佳總,5.96,6.05,6.05,5.8,81.29,76.43,52.62,-0.06,-0.14,0.07,6.47,5.8,5.12,31,57,0.54,9.9,,,,2026-08-13,2026-08-13 07:50:44
5356,協益,26.0,25.75,26.05,25.75,80.69,66.61,75.93,0.07,-0.14,0.21,25.78,24.73,23.69,66,118,0.56,26.79,57.78,2.0,7.69,2026-08-13,2026-08-13 07:50:45
5364,力麗店,8.66,8.87,8.87,8.65,41.78,56.06,54.43,0.01,-0.0,0.01,8.89,8.69,8.49,61,62,0.99,5.53,,,,2026-08-13,2026-08-13 07:50:46
5371,中光電,86.3,86.6,88.1,85.7,75.67,70.71,54.51,0.86,0.16,0.7,94.11,81.95,69.79,6113,9138,0.67,337.42,143.83,0.5,0.58,2026-08-13,2026-08-13 07:50:47
5381,光譜,24.6,24.7,24.95,24.45,78.57,73.67,56.67,-0.53,-0.88,0.34,25.53,23.6,21.67,220,294,0.75,43.43,35.65,,,2026-08-13,2026-08-13 07:50:48
5386,青雲,278.0,285.0,285.0,278.0,77.38,75.84,57.1,0.62,-6.8,7.42,299.25,252.7,206.15,827,1137,0.73,150.46,8.3,1.5,0.54,2026-08-13,2026-08-13 07:50:49
5388,中磊,81.1,82.3,82.4,80.4,37.08,54.58,40.78,0.64,1.19,-0.55,95.39,86.8,78.22,9492,8418,1.13,243.07,20.58,2.5,3.08,2026-08-13,2026-08-13 07:50:50
5392,能率,45.3,46.3,46.75,45.3,82.29,79.94,57.98,0.58,-0.14,0.71,49.45,42.24,35.03,1416,2780,0.51,79.52,,0.2,0.44,2026-08-13,2026-08-13 07:50:51
5398,慕康生醫,14.1,14.15,14.25,14.0,49.3,39.16,26.53,-0.52,-0.58,0.06,15.64,14.52,13.4,38,37,1.03,6.97,42.73,,,2026-08-13,2026-08-13 07:50:51
5403,中菲,92.9,92.5,93.5,92.4,58.87,47.77,39.44,-0.32,-0.26,-0.06,95.88,93.32,90.76,72,51,1.41,71.39,11.86,6.5,7.0,2026-08-13,2026-08-13 07:50:52
5410,國眾,36.25,35.5,36.3,35.5,52.2,54.39,57.09,-0.66,-0.93,0.26,36.92,34.85,32.79,496,724,0.69,33.37,11.58,2.07,5.71,2026-08-13,2026-08-13 07:50:53
5425,台半,88.8,89.2,93.2,88.4,81.18,74.36,56.9,-4.41,-6.29,1.88,95.29,82.45,69.62,14789,7972,1.86,217.14,38.61,2.02,2.27,2026-08-13,2026-08-13 07:50:54
5426,振發,28.8,29.4,29.95,28.8,77.99,72.38,59.86,0.04,-0.66,0.7,30.54,26.18,21.81,1507,2402,0.63,41.41,73.85,0.3,1.04,2026-08-13,2026-08-13 07:50:55
5432,新門,135.5,130.0,136.0,127.0,82.61,64.58,64.31,-3.57,-7.16,3.59,133.34,114.14,94.94,266,124,2.15,28.03,56.22,1.5,1.11,2026-08-13,2026-08-13 07:50:56
5434,崇越,527.0,538.0,539.0,526.0,66.09,57.29,42.38,2.18,2.68,-0.5,574.93,524.3,473.67,530,773,0.69,1022.42,22.57,13.42,2.55,2026-08-13,2026-08-13 07:50:57
5438,東友,16.9,17.35,17.55,16.85,59.55,63.94,44.35,-0.31,-0.37,0.06,18.46,17.22,15.98,106,83,1.27,19.02,67.6,0.75,4.44,2026-08-13,2026-08-13 07:50:59
5439,高技,250.0,254.0,256.0,245.0,85.05,75.77,56.28,-12.96,-20.08,7.12,271.54,231.27,191.01,2576,2031,1.27,232.44,16.61,7.2,2.88,2026-08-13,2026-08-13 07:50:59
5443,均豪,107.0,114.5,115.0,107.0,84.21,79.91,58.39,0.21,-2.64,2.84,113.05,96.12,79.19,3325,3181,1.05,172.59,47.35,2.2,2.06,2026-08-13,2026-08-13 07:51:01
5450,南良,14.85,15.0,15.0,14.7,58.03,48.06,43.96,-0.01,-0.02,0.01,17.72,15.16,12.61,83,198,0.42,18.18,148.5,0.25,1.68,2026-08-13,2026-08-13 07:51:02
5452,佶優,27.0,27.6,27.6,26.85,86.29,81.32,55.31,-0.86,-1.31,0.45,28.4,26.04,23.69,330,413,0.8,39.9,108.0,0.25,0.93,2026-08-13,2026-08-13 07:51:03
5455,昇益,28.85,28.3,31.0,28.3,55.19,69.2,62.22,0.4,0.41,-0.01,29.26,28.18,27.11,123,27,4.52,18.9,8.8,,,2026-08-13,2026-08-13 07:51:04
5457,宣德,27.7,27.9,28.3,27.7,56.47,63.89,45.84,-0.64,-0.8,0.16,29.38,28.04,26.71,256,321,0.8,54.41,64.42,1.5,5.42,2026-08-13,2026-08-13 07:51:05
5460,同協,16.15,16.05,16.3,15.55,48.15,48.41,50.7,-0.07,-0.08,0.01,16.91,16.1,15.29,40,42,0.95,9.49,,,,2026-08-13,2026-08-13 07:51:06
5464,霖宏,74.2,74.2,74.2,74.2,63.62,41.65,44.82,-4.55,-5.05,0.5,85.87,70.2,54.53,324,724,0.45,52.74,,1.0,1.35,2026-08-13,2026-08-13 07:51:07
5465,富驊,23.25,23.8,23.9,23.2,68.15,56.71,64.22,-0.21,-0.48,0.27,23.2,21.9,20.6,317,124,2.56,34.34,22.36,1.2,5.16,2026-08-13,2026-08-13 07:51:08
5468,凱鈺,30.4,32.1,32.1,30.4,80.21,76.06,71.18,0.89,0.08,0.81,30.75,25.54,20.33,915,802,1.14,17.91,,,,2026-08-13,2026-08-13 07:51:09
5469,瀚宇博,76.9,77.3,78.1,76.4,87.48,79.07,60.52,-0.49,-1.98,1.49,78.15,70.47,62.79,1568,2291,0.68,373.69,13.4,2.52,3.28,2026-08-13,2026-08-13 07:51:10
5471,松翰,58.1,57.1,58.8,56.3,85.97,78.86,57.4,-0.3,-0.88,0.59,60.65,54.32,47.98,6279,2942,2.13,97.54,60.52,0.8,1.38,2026-08-13,2026-08-13 07:51:11
5474,聰泰,157.5,159.5,160.0,156.5,86.12,79.87,58.16,-1.12,-3.53,2.41,158.72,145.85,132.98,193,180,1.07,62.62,31.25,4.0,2.54,2026-08-13,2026-08-13 07:51:12
5475,德宏,163.0,157.5,163.0,148.5,80.58,62.47,61.86,-15.36,-23.64,8.27,167.15,133.0,98.85,24383,13100,1.86,207.22,740.91,,,2026-08-13,2026-08-13 07:51:13
5478,智冠,99.9,102.0,102.0,99.5,66.34,68.77,56.18,-0.28,-0.55,0.28,100.72,99.26,97.8,193,96,2.0,149.68,11.35,7.5,7.51,2026-08-13,2026-08-13 07:51:15
5481,新華,19.75,19.7,19.85,19.5,31.43,24.2,16.67,-0.32,-0.25,-0.07,21.64,20.36,19.07,63,43,1.45,13.11,,,,2026-08-13,2026-08-13 07:51:16
5483,中美晶,187.5,188.0,203.0,186.0,56.85,45.24,42.98,-5.86,-5.14,-0.72,238.22,188.83,139.45,76025,31443,2.42,1151.57,25.58,3.5,1.87,2026-08-13,2026-08-13 07:51:17
5484,慧友,41.15,42.55,43.2,40.85,54.45,60.21,51.3,-0.75,-1.2,0.45,45.2,40.86,36.51,440,619,0.71,27.49,111.22,,,2026-08-13,2026-08-13 07:51:17
5487,通泰,28.75,29.55,29.55,28.6,40.16,51.88,56.63,0.2,0.18,0.03,29.73,28.6,27.47,70,62,1.13,6.96,,,,2026-08-13,2026-08-13 07:51:18
5488,松普,13.05,13.65,13.65,13.0,49.16,50.47,43.33,-0.23,-0.2,-0.03,15.32,13.53,11.74,811,937,0.87,11.95,72.5,0.06,0.46,2026-08-13,2026-08-13 07:51:19
5489,彩富,42.4,43.9,43.9,42.25,57.42,49.92,37.23,-2.31,-2.51,0.19,47.21,43.13,39.04,90,87,1.03,41.75,23.43,1.52,3.58,2026-08-13,2026-08-13 07:51:20
5490,同亨,30.65,31.0,31.2,30.4,15.34,26.25,44.02,0.31,0.74,-0.43,35.25,31.9,28.55,803,1368,0.59,28.55,18.69,1.5,4.89,2026-08-13,2026-08-13 07:51:21
5493,三聯,80.5,80.3,81.4,80.1,81.69,71.75,51.4,-1.28,-2.14,0.86,83.7,78.15,72.6,83,52,1.59,35.17,19.54,2.7,3.35,2026-08-13,2026-08-13 07:51:22
5498,凱崴,53.3,55.9,56.2,53.0,84.32,78.7,61.53,-1.1,-2.77,1.67,55.59,47.37,39.14,3998,2769,1.44,103.16,444.17,0.15,0.28,2026-08-13,2026-08-13 07:51:23
5508,永信建,52.8,53.5,53.9,52.7,72.31,72.37,59.49,0.4,0.09,0.31,54.68,51.69,48.7,305,302,1.01,114.8,20.39,2.78,5.27,2026-08-13,2026-08-13 07:51:24
5511,德昌,70.5,72.6,72.6,70.0,34.97,33.65,32.0,1.39,1.84,-0.45,75.4,71.4,67.39,372,220,1.69,95.88,7.06,3.6,5.11,2026-08-13,2026-08-13 07:51:25
5512,力麒,7.71,7.92,7.92,7.7,59.11,55.56,40.45,-0.02,-0.03,0.0,7.99,7.78,7.57,943,662,1.42,58.58,64.25,0.18,2.33,2026-08-13,2026-08-13 07:51:26
5514,三豐,14.0,13.95,14.0,13.6,57.32,45.28,60.98,0.01,-0.03,0.04,14.04,13.68,13.32,11,4,2.29,31.73,56.0,,,2026-08-13,2026-08-13 07:51:27
5515,建國,50.4,50.2,50.4,49.3,84.02,69.07,76.65,1.36,0.86,0.5,47.27,43.42,39.57,2739,1078,2.54,101.61,8.48,3.3,6.55,2026-08-13,2026-08-13 07:51:28
5516,雙喜,12.35,12.8,12.8,12.15,80.41,84.85,66.67,0.59,0.39,0.2,13.44,11.41,9.38,494,180,2.74,6.37,9.43,,,2026-08-13,2026-08-13 07:51:29
5519,隆大,27.75,28.2,28.2,27.55,41.63,47.32,42.0,-0.21,-0.22,0.02,28.25,27.93,27.61,584,284,2.06,63.87,5.89,3.3,11.89,2026-08-13,2026-08-13 07:51:30
5520,力泰,83.0,83.3,83.3,83.0,54.31,61.68,53.45,0.29,0.14,0.15,84.37,82.45,80.53,7,5,1.2,49.78,8.38,7.0,8.43,2026-08-13,2026-08-13 07:51:30
5521,工信,10.75,10.6,10.85,10.5,87.34,79.07,63.04,0.03,-0.04,0.08,10.67,10.14,9.62,5327,2461,2.16,52.92,16.04,0.15,1.4,2026-08-13,2026-08-13 07:51:31
5522,遠雄,62.1,63.5,63.5,61.4,23.58,24.36,27.91,-0.83,-0.57,-0.25,68.48,65.34,62.2,2079,1633,1.27,485.37,6.58,5.5,8.86,2026-08-13,2026-08-13 07:51:32
5523,豐謙,30.35,30.35,30.35,30.2,94.86,92.22,62.5,-0.01,-0.01,0.0,30.45,30.36,30.27,30,31,0.95,47.04,,0.5,1.65,2026-08-13,2026-08-13 07:51:33
5525,順天,21.85,21.85,22.7,21.7,60.23,66.89,48.87,0.22,0.24,-0.02,22.42,21.78,21.15,173,98,1.76,67.14,8.67,1.2,5.49,2026-08-13,2026-08-13 07:51:34
5529,鉅陞,21.35,21.5,21.5,21.2,68.91,65.78,40.82,-0.09,-0.12,0.03,21.86,21.34,20.81,139,124,1.12,22.58,7.57,,,2026-08-13,2026-08-13 07:51:35
5530,龍巖,49.5,49.35,50.0,49.05,67.69,60.83,56.03,0.17,-0.1,0.27,50.09,48.15,46.21,381,364,1.05,207.94,17.87,,,2026-08-13,2026-08-13 07:51:36
5531,鄉林,7.45,7.4,7.65,7.35,19.18,23.82,36.36,-0.11,-0.08,-0.03,7.99,7.71,7.43,528,714,0.74,72.83,124.17,,,2026-08-13,2026-08-13 07:51:37
5533,皇鼎,13.95,14.0,14.0,13.8,36.24,37.53,26.67,0.05,0.1,-0.05,14.43,14.1,13.78,266,204,1.3,39.79,22.87,0.6,4.3,2026-08-13,2026-08-13 07:51:37
5534,長虹,78.4,78.3,78.6,77.7,54.36,45.5,37.7,-0.35,-0.34,-0.02,81.14,78.78,76.42,541,509,1.06,247.22,14.99,5.06,6.45,2026-08-13,2026-08-13 07:51:38
5536,聖暉*,903.0,928.0,940.0,901.0,21.81,33.34,30.09,-61.64,-53.17,-8.47,1244.16,1038.45,832.74,1508,1122,1.34,1120.45,25.16,20.0,2.21,2026-08-13,2026-08-13 07:51:39
5538,東明-KY,33.8,33.95,33.95,32.9,25.48,37.23,48.46,0.25,0.39,-0.14,35.55,34.28,33.01,163,382,0.43,68.01,9.83,1.5,4.44,2026-08-13,2026-08-13 07:51:40
5543,桓鼎-KY,24.25,26.0,26.0,24.25,25.72,36.53,30.73,-0.98,-0.68,-0.3,30.39,27.37,24.34,2,6,0.34,11.33,3.51,,,2026-08-13,2026-08-13 07:51:41
5546,永固-KY,13.35,13.85,13.85,13.35,34.1,35.8,29.73,-0.47,-0.42,-0.05,16.25,14.39,12.53,15,18,0.81,10.99,,1.0,7.49,2026-08-13,2026-08-13 07:51:42
5547,久舜,20.05,20.05,20.25,20.05,49.84,48.14,52.73,0.04,0.06,-0.01,20.27,19.88,19.49,8,23,0.37,10.23,8.29,0.68,3.39,2026-08-13,2026-08-13 07:51:43
5548,安倉,20.5,20.4,20.5,20.3,35.88,33.89,43.4,-0.11,-0.09,-0.01,21.18,20.61,20.04,43,55,0.79,13.06,10.96,0.99,4.83,2026-08-13,2026-08-13 07:51:44
5601,台聯櫃,29.75,29.6,29.75,29.6,83.14,62.39,35.85,-0.58,-0.69,0.12,31.5,29.77,28.04,7,7,0.92,19.28,70.83,0.38,1.28,2026-08-13,2026-08-13 07:51:45
5603,陸海,14.25,14.35,14.45,14.2,63.37,49.97,50.0,-0.14,-0.17,0.04,14.59,14.23,13.88,67,43,1.56,14.94,43.18,0.5,3.51,2026-08-13,2026-08-13 07:51:46
5604,中連,30.55,30.55,30.55,30.45,67.03,62.47,52.94,-0.06,-0.12,0.06,30.74,30.34,29.95,29,13,2.2,33.23,32.16,2.0,6.55,2026-08-13,2026-08-13 07:51:47
5607,遠雄港,52.2,51.7,52.3,51.0,92.42,84.76,81.74,0.56,0.06,0.5,51.3,48.48,45.67,1186,664,1.79,193.43,16.11,1.8,3.45,2026-08-13,2026-08-13 07:51:48
5608,四維航,14.0,14.4,14.4,13.95,67.46,60.57,54.39,-0.08,-0.22,0.14,14.33,13.54,12.75,880,1444,0.61,54.5,60.87,,,2026-08-13,2026-08-13 07:51:49
5609,中菲行,77.7,78.7,79.1,77.1,51.52,56.27,35.85,0.19,0.3,-0.1,79.92,78.6,77.29,422,183,2.3,109.36,9.76,5.6,7.21,2026-08-13,2026-08-13 07:51:50
5701,劍湖山,4.2,4.15,4.25,4.08,27.51,28.85,34.55,-0.14,-0.13,-0.01,4.91,4.45,3.99,74,102,0.72,6.01,,,,2026-08-13,2026-08-13 07:51:51
5703,亞都,14.7,14.4,14.7,14.4,98.55,94.53,81.48,0.15,0.07,0.08,14.61,14.05,13.5,3,5,0.6,10.33,22.62,,,2026-08-13,2026-08-13 07:51:52
5704,老爺知,21.6,21.6,21.6,21.6,29.62,44.18,48.57,0.03,0.05,-0.02,21.92,21.63,21.33,1,9,0.2,12.71,36.61,,,2026-08-13,2026-08-13 07:51:53
5706,鳳凰,45.15,45.8,45.8,45.1,70.24,60.79,47.06,-0.38,-0.54,0.16,46.53,45.16,43.78,96,112,0.86,37.82,12.86,4.54,10.06,2026-08-13,2026-08-13 07:51:54
5859,遠壽,13.55,14.0,14.0,13.5,73.47,72.08,38.64,0.04,0.02,0.02,14.19,13.72,13.25,10,19,0.54,196.51,4.25,0.37,2.73,2026-08-13,2026-08-13 07:51:55
5863,瑞興銀,11.35,11.4,11.45,11.25,59.1,48.17,52.94,0.07,0.06,0.02,11.51,11.19,10.87,70,50,1.38,36.34,13.67,0.4,3.52,2026-08-13,2026-08-13 07:51:56
5864,致和證,33.9,33.6,34.35,33.5,72.13,54.12,53.31,-1.42,-2.02,0.6,35.14,31.29,27.45,5043,3891,1.3,171.02,5.35,0.5,1.47,2026-08-13,2026-08-13 07:51:57
5871,中租-KY,114.0,114.0,114.5,112.5,59.5,45.85,55.62,0.83,0.74,0.09,116.06,112.21,108.35,3911,5666,0.69,1990.04,10.32,5.8,5.09,2026-08-13,2026-08-13 07:51:58
5876,上海商銀,42.25,43.1,43.1,42.05,14.55,26.61,36.9,0.38,0.74,-0.35,45.35,43.69,42.03,8247,5544,1.49,2069.72,13.54,1.8,4.26,2026-08-13,2026-08-13 07:51:59
5878,台名,38.6,38.6,38.6,38.6,52.24,41.89,47.17,-0.14,-0.2,0.06,39.06,38.53,38.0,1,3,0.37,9.66,13.08,0.21,0.54,2026-08-13,2026-08-13 07:51:59
5880,合庫金,24.2,24.15,24.25,23.9,19.53,30.91,49.57,0.19,0.35,-0.17,25.77,24.61,23.46,19043,27234,0.7,3889.66,18.2,0.8,3.31,2026-08-13,2026-08-13 07:52:00
5902,德記,34.75,34.85,34.85,34.5,81.12,77.83,66.67,0.13,0.06,0.07,34.73,34.24,33.76,5,14,0.34,32.84,16.09,1.65,4.75,2026-08-13,2026-08-13 07:52:01
5903,全家,185.5,185.5,186.0,185.0,77.46,72.59,69.08,0.81,0.5,0.31,185.78,183.15,180.53,32,21,1.48,414.07,26.81,6.5,3.5,2026-08-13,2026-08-13 07:52:02
5904,寶雅*,81.8,81.5,84.0,77.6,67.54,76.74,80.59,4.58,3.28,1.3,85.54,70.94,56.35,28660,27705,1.03,870.71,26.13,2.55,3.12,2026-08-13,2026-08-13 07:52:04
5905,南仁湖,8.08,8.11,8.2,8.07,22.28,24.08,24.42,-0.11,-0.08,-0.03,8.84,8.33,7.82,317,368,0.86,22.76,,,,2026-08-13,2026-08-13 07:52:04
5906,台南-KY,36.8,38.5,38.5,36.8,36.34,52.77,39.92,-0.18,-0.05,-0.14,41.83,39.41,36.99,3,1,1.52,13.15,51.11,0.8,2.17,2026-08-13,2026-08-13 07:52:05
5907,大洋-KY,4.93,4.96,4.96,4.89,71.44,70.84,53.06,-0.01,-0.02,0.02,5.08,4.87,4.66,91,188,0.48,9.46,,,,2026-08-13,2026-08-13 07:52:06
6005,群益證,30.6,30.85,31.3,30.6,62.79,59.37,51.72,-0.29,-0.48,0.19,31.24,29.79,28.33,7632,12319,0.62,751.32,9.68,0.4,1.31,2026-08-13,2026-08-13 07:52:07
6015,宏遠證,15.95,16.3,16.55,15.85,64.68,56.91,47.71,-0.42,-0.53,0.11,16.91,15.71,14.51,2581,2044,1.26,62.71,8.91,0.55,3.45,2026-08-13,2026-08-13 07:52:08
6016,康和證,20.1,20.1,20.6,19.85,46.27,39.06,42.15,-0.96,-1.01,0.05,22.5,20.42,18.34,4559,6360,0.72,155.26,5.37,0.16,0.8,2026-08-13,2026-08-13 07:52:09
6020,大展證,20.65,21.0,21.0,20.5,47.3,44.11,40.22,-0.34,-0.35,0.01,22.13,21.16,20.2,73,114,0.64,52.11,19.67,0.27,1.31,2026-08-13,2026-08-13 07:52:10
6021,美好證,36.95,37.1,39.85,36.75,71.48,65.43,55.14,-0.61,-1.04,0.42,38.31,34.98,31.65,322,142,2.27,115.37,6.45,2.0,5.41,2026-08-13,2026-08-13 07:52:11
6023,元大期,85.2,85.4,85.6,85.1,53.96,47.51,43.08,-0.2,-0.05,-0.16,88.7,85.9,83.1,399,644,0.62,320.89,11.7,3.91,4.59,2026-08-13,2026-08-13 07:52:12
6024,群益期,61.6,61.9,61.9,61.1,88.42,87.05,69.02,1.42,1.11,0.31,62.31,58.62,54.93,243,347,0.7,164.28,11.02,2.8,4.55,2026-08-13,2026-08-13 07:52:13
6026,福邦證,14.5,14.75,14.9,14.45,72.08,68.06,52.78,-0.2,-0.31,0.11,14.79,14.09,13.39,1008,1283,0.79,57.44,8.53,1.36,9.38,2026-08-13,2026-08-13 07:52:14
6027,德信,12.1,12.1,12.1,12.1,70.48,65.7,53.85,0.09,0.04,0.05,12.37,11.8,11.24,0,7,0.0,18.84,11.63,,,2026-08-13,2026-08-13 07:52:15
6028,公勝保經,95.9,99.0,99.0,94.5,87.0,86.44,91.98,2.73,1.23,1.5,90.96,81.94,72.93,205,108,1.9,23.98,13.28,6.0,6.26,2026-08-13,2026-08-13 07:52:16
6035,悠遊卡,52.2,52.4,52.4,52.2,63.43,57.42,51.67,0.16,0.24,-0.07,54.16,52.2,50.24,0,8,0.0,37.25,12.64,2.28,4.37,2026-08-13,2026-08-13 07:52:17
6101,寬魚國際,35.9,35.65,36.05,35.3,49.5,39.55,32.69,-1.3,-1.42,0.12,39.54,36.4,33.26,164,218,0.75,41.15,55.23,,,2026-08-13,2026-08-13 07:52:18
6103,合邦,29.5,29.5,29.5,29.5,62.21,44.93,28.0,-0.77,-0.96,0.19,32.32,29.54,26.76,3,2,1.62,4.01,,0.19,0.64,2026-08-13,2026-08-13 07:52:19
6104,創惟,93.5,95.0,96.0,93.4,72.89,75.81,51.42,-1.16,-1.74,0.58,97.71,92.04,86.36,596,416,1.43,85.2,21.06,4.5,4.81,2026-08-13,2026-08-13 07:52:20
6108,競國,21.7,19.95,21.8,19.85,88.73,80.13,87.02,0.55,0.0,0.55,20.49,17.52,14.55,3936,1973,1.99,33.53,7.31,4.0,18.43,2026-08-13,2026-08-13 07:52:21
6109,亞元,11.2,11.05,11.25,11.05,53.56,47.32,36.96,-0.3,-0.3,-0.0,12.05,11.41,10.76,165,121,1.36,9.84,,,,2026-08-13,2026-08-13 07:52:22
6111,光聚晶電,37.35,37.5,37.65,37.15,46.95,42.5,23.91,-1.26,-1.35,0.08,41.77,38.61,35.46,104,129,0.81,35.19,,,,2026-08-13,2026-08-13 07:52:23
6112,邁達特,46.55,46.3,47.1,46.3,88.65,81.81,72.62,1.09,0.3,0.79,48.09,42.21,36.32,668,727,0.92,87.68,27.71,1.65,3.54,2026-08-13,2026-08-13 07:52:24
6113,亞矽,24.45,24.65,25.1,24.0,73.43,70.76,60.38,-0.23,-0.71,0.48,25.44,22.69,19.94,489,491,1.0,12.36,,0.5,2.04,2026-08-13,2026-08-13 07:52:25
6114,久威,27.15,27.6,27.6,27.15,58.06,50.32,47.77,-0.47,-0.68,0.21,28.49,26.81,25.12,16,24,0.67,11.92,28.88,0.5,1.84,2026-08-13,2026-08-13 07:52:26
6115,鎰勝,45.25,45.35,45.35,45.1,26.92,27.52,39.39,-0.12,-0.09,-0.03,46.13,45.45,44.76,103,127,0.81,84.92,15.99,2.8,6.19,2026-08-13,2026-08-13 07:52:26
6116,彩晶,13.95,14.3,14.45,13.9,72.09,69.07,51.02,-0.49,-0.71,0.22,15.58,13.67,11.75,22580,47540,0.47,398.78,51.67,,,2026-08-13,2026-08-13 07:52:27
6117,迎廣,65.3,65.8,65.8,64.6,81.6,69.18,49.28,-1.36,-1.97,0.61,67.37,64.14,60.92,263,202,1.3,60.43,14.61,2.0,3.06,2026-08-13,2026-08-13 07:52:28
6118,建達,15.5,15.7,15.85,15.45,31.25,42.43,33.33,-0.31,-0.33,0.03,16.36,15.8,15.24,116,86,1.35,14.09,46.97,,,2026-08-13,2026-08-13 07:52:29
6120,達運,12.55,13.15,13.15,12.55,36.21,53.84,45.05,-0.21,-0.22,0.02,13.98,12.94,11.9,3262,2332,1.4,75.17,,0.25,1.99,2026-08-13,2026-08-13 07:52:30
6121,新普,431.5,435.0,440.0,424.5,88.04,79.31,67.25,7.24,-1.76,9.0,431.05,378.98,326.9,822,1292,0.64,798.15,14.58,21.8,5.05,2026-08-13,2026-08-13 07:52:31
6122,擎邦,47.05,46.9,47.6,46.5,67.36,63.71,54.05,0.09,0.09,-0.0,47.89,46.67,45.45,309,236,1.31,36.01,10.18,3.4,7.23,2026-08-13,2026-08-13 07:52:32
6123,上奇,43.55,43.85,43.9,43.5,80.81,72.09,57.45,0.29,0.12,0.16,43.88,42.51,41.14,55,60,0.91,26.34,15.39,10.4,23.88,2026-08-13,2026-08-13 07:52:33
6124,業強,27.65,27.5,27.95,27.3,89.67,80.31,61.34,-0.31,-0.67,0.36,28.2,26.36,24.53,15,14,1.07,50.46,,,,2026-08-13,2026-08-13 07:52:34
6125,廣運,50.1,50.4,50.9,49.95,70.63,66.72,52.63,-1.45,-2.24,0.79,53.12,48.37,43.63,531,584,0.91,129.76,357.86,0.5,1.0,2026-08-13,2026-08-13 07:52:35
6126,信音,30.45,31.0,31.0,30.35,43.63,59.63,49.28,-0.92,-1.16,0.25,32.32,30.63,28.94,387,563,0.69,38.55,38.06,0.6,1.97,2026-08-13,2026-08-13 07:52:36
6127,九豪,52.8,52.6,55.9,52.5,70.27,63.07,51.31,-4.75,-5.99,1.25,60.26,51.25,42.24,6106,4208,1.45,57.07,99.62,,,2026-08-13,2026-08-13 07:52:37
6128,上福,20.65,20.5,20.8,20.3,78.51,69.12,60.0,0.01,-0.04,0.05,20.7,20.25,19.8,138,131,1.05,26.35,,0.5,2.42,2026-08-13,2026-08-13 07:52:37
6129,普誠,14.45,14.6,14.75,14.35,63.73,62.65,43.82,-0.6,-0.71,0.11,15.75,14.58,13.4,284,307,0.93,26.15,,,,2026-08-13,2026-08-13 07:52:39
6130,上亞科技,29.7,27.0,29.7,27.0,76.51,61.27,82.42,0.5,0.08,0.43,28.02,25.06,22.11,1299,483,2.69,14.05,,,,2026-08-13,2026-08-13 07:52:40
6133,金橋,23.0,22.35,23.15,22.2,88.72,78.97,63.76,-0.15,-0.51,0.36,22.96,20.96,18.97,977,648,1.51,26.91,31.51,1.0,4.35,2026-08-13,2026-08-13 07:52:41
6134,萬旭,27.65,28.5,28.55,27.65,82.75,78.9,55.3,-0.68,-1.23,0.55,29.19,26.31,23.44,217,232,0.94,22.64,74.73,0.2,0.72,2026-08-13,2026-08-13 07:52:42
6136,富爾特,25.4,25.4,25.4,25.1,71.18,72.21,65.62,0.26,0.16,0.11,25.41,24.56,23.72,126,195,0.65,29.35,30.6,1.16,4.57,2026-08-13,2026-08-13 07:52:43
6138,茂達,301.5,298.0,311.5,297.5,68.05,59.51,44.82,-8.6,-11.61,3.0,327.56,288.88,250.2,1429,895,1.6,224.25,21.83,10.95,3.63,2026-08-13,2026-08-13 07:52:44
6139,亞翔,805.0,824.0,831.0,805.0,77.41,72.29,46.03,-5.47,-13.01,7.54,899.18,782.15,665.12,2835,3311,0.86,1896.39,22.31,23.0,2.86,2026-08-13,2026-08-13 07:52:45
6140,訊達,16.9,17.0,17.0,16.9,65.17,64.28,46.07,-0.61,-0.79,0.18,18.27,16.97,15.67,34,51,0.67,9.28,,,,2026-08-13,2026-08-13 07:52:46
6141,柏承,36.6,36.0,37.6,34.9,80.78,67.69,44.91,-0.54,-0.91,0.37,43.2,35.43,27.66,1156,885,1.31,41.49,14.35,,,2026-08-13,2026-08-13 07:52:47
6142,友勁,9.28,9.2,9.39,9.2,19.35,27.49,43.55,-0.07,0.0,-0.07,10.24,9.62,9.0,544,474,1.15,30.7,,,,2026-08-13,2026-08-13 07:52:48
6143,振曜,88.0,88.8,89.0,88.0,40.8,50.66,37.04,-1.92,-1.72,-0.19,100.27,91.65,83.03,575,526,1.09,75.73,13.19,6.0,6.82,2026-08-13,2026-08-13 07:52:49
6144,得利影,13.6,14.2,14.2,13.35,49.1,49.53,47.19,-0.07,-0.19,0.12,14.6,13.63,12.66,136,88,1.53,5.21,,,,2026-08-13,2026-08-13 07:52:50
6146,耕興,192.5,193.0,195.0,192.0,63.29,59.61,53.03,-0.88,-1.48,0.6,195.78,190.5,185.22,316,258,1.23,196.09,17.73,12.0,6.23,2026-08-13,2026-08-13 07:52:50
6147,頎邦,164.5,159.0,171.0,159.0,80.6,72.91,52.72,-11.09,-15.73,4.64,190.61,154.03,117.44,31727,25572,1.24,1224.86,48.96,2.8,1.7,2026-08-13,2026-08-13 07:52:51
6148,驊宏資,28.65,28.8,28.9,28.45,65.48,58.96,51.11,-0.67,-0.95,0.28,30.72,28.13,25.53,67,180,0.38,13.35,22.74,1.23,4.29,2026-08-13,2026-08-13 07:52:52
6150,撼訊,60.7,61.5,62.2,60.6,81.84,78.41,61.5,-0.07,-0.88,0.81,62.19,57.04,51.88,169,206,0.82,29.35,15.29,0.6,0.99,2026-08-13,2026-08-13 07:52:53
6151,晉倫,36.9,37.95,38.25,36.4,79.37,72.49,57.41,-0.72,-1.14,0.42,37.21,35.05,32.88,511,156,3.28,20.39,23.65,1.5,4.07,2026-08-13,2026-08-13 07:52:55
6152,百一,15.35,16.5,16.5,15.0,83.18,76.94,71.72,0.44,-0.09,0.53,15.4,12.58,9.76,3206,3343,0.96,25.75,,,,2026-08-13,2026-08-13 07:52:55
6153,嘉聯益,17.25,17.3,17.65,16.95,85.68,75.53,54.74,-0.54,-0.93,0.4,18.29,16.03,13.77,3659,3463,1.06,109.74,4.65,,,2026-08-13,2026-08-13 07:52:56
6154,順發,13.85,14.2,14.2,13.85,68.07,61.84,55.56,0.05,0.02,0.04,13.96,13.64,13.32,70,61,1.15,11.09,16.89,0.51,3.68,2026-08-13,2026-08-13 07:52:57
6155,鈞寶,63.5,60.0,64.2,59.7,81.43,70.54,62.75,-3.17,-4.81,1.64,63.53,55.43,47.32,6793,3104,2.19,55.9,129.59,0.8,1.26,2026-08-13,2026-08-13 07:52:58
6156,松上,22.2,22.25,22.85,22.15,64.77,53.26,47.31,-0.83,-0.92,0.09,24.91,22.05,19.18,844,977,0.86,23.95,,0.2,0.9,2026-08-13,2026-08-13 07:52:59
6158,禾昌,16.65,16.7,16.7,16.55,27.39,28.89,30.3,-0.41,-0.33,-0.08,18.46,17.34,16.22,18,76,0.25,9.14,,1.01,6.07,2026-08-13,2026-08-13 07:53:00
6160,欣技,14.1,14.15,14.25,14.0,39.49,41.2,30.51,-0.48,-0.52,0.04,15.55,14.48,13.41,28,37,0.76,9.66,,,,2026-08-13,2026-08-13 07:53:01
6161,捷波,52.3,54.4,54.4,52.2,62.91,65.39,53.11,0.84,0.43,0.41,57.38,50.66,43.94,266,339,0.78,29.41,17.67,2.2,4.21,2026-08-13,2026-08-13 07:53:02
6163,華電網,42.4,43.35,43.8,42.3,73.14,71.38,54.9,-0.96,-1.69,0.73,45.15,40.74,36.33,756,1090,0.69,62.45,75.71,0.45,1.06,2026-08-13,2026-08-13 07:53:03
6164,華興,11.9,12.0,12.05,11.85,78.45,70.4,45.61,-0.41,-0.48,0.07,12.95,11.9,10.85,438,402,1.09,9.52,595.0,0.5,4.2,2026-08-13,2026-08-13 07:53:04
6165,浪凡,49.2,49.6,49.6,48.7,56.1,60.35,46.78,0.12,0.06,0.05,51.3,49.34,47.39,367,371,0.99,36.2,13.63,0.59,1.2,2026-08-13,2026-08-13 07:53:05
6166,凌華,137.0,139.5,141.0,136.5,68.19,62.37,35.75,0.96,0.86,0.09,163.3,136.78,110.25,2668,3095,0.86,298.46,38.06,1.2,0.88,2026-08-13,2026-08-13 07:53:06
6167,久正,10.4,10.55,10.6,10.4,48.35,56.79,43.9,-0.27,-0.33,0.05,11.08,10.51,9.94,208,215,0.97,15.18,,1.33,12.79,2026-08-13,2026-08-13 07:53:07
6168,宏齊,25.2,25.45,26.0,25.15,81.88,75.7,55.69,-0.53,-0.97,0.44,27.02,23.69,20.37,1350,1282,1.05,51.85,420.0,,,2026-08-13,2026-08-13 07:53:08
6169,昱泉,12.8,12.8,12.8,12.8,23.2,26.76,31.25,-0.43,-0.4,-0.04,14.46,13.48,12.5,2,15,0.13,2.99,,,,2026-08-13,2026-08-13 07:53:09
6170,統振,47.1,47.2,47.2,46.85,82.64,70.56,50.55,-0.17,-0.29,0.12,47.76,46.69,45.63,117,131,0.9,45.81,10.42,4.0,8.49,2026-08-13,2026-08-13 07:53:10
6171,大城地產,24.35,24.35,24.35,24.35,77.93,75.59,62.37,0.14,0.0,0.14,24.5,23.49,22.48,1,5,0.31,24.35,6.29,2.5,10.27,2026-08-13,2026-08-13 07:53:11
6173,信昌電,223.5,207.5,223.5,203.5,89.31,74.84,66.12,-10.34,-19.44,9.1,213.01,171.9,130.79,36706,18325,2.0,382.63,59.76,1.8,0.81,2026-08-13,2026-08-13 07:53:12
6174,安碁,47.5,44.5,48.45,44.15,71.71,58.02,59.9,-1.9,-2.56,0.66,51.86,43.59,35.31,4121,1925,2.14,23.75,65.97,0.34,0.72,2026-08-13,2026-08-13 07:53:13
6175,立敦,80.5,79.8,84.0,79.8,75.91,66.51,49.86,-4.83,-5.98,1.15,93.57,78.65,63.73,2811,1699,1.65,120.85,30.04,1.5,1.86,2026-08-13,2026-08-13 07:53:14
6176,瑞儀,81.3,106.29,108.11,105.51,22.72,33.37,31.69,-2.45,-2.19,-0.26,116.43,110.58,104.74,3886,2957,1.31,209.96,6.49,2.5,3.08,2026-08-12,2026-08-13 07:53:15
6177,達麗,47.35,48.45,48.45,47.25,43.17,51.61,38.0,0.36,0.44,-0.07,48.82,47.78,46.75,1999,1769,1.13,223.43,6.42,3.0,6.34,2026-08-13,2026-08-13 07:53:16
6179,亞通,27.85,27.55,28.1,27.3,86.44,79.98,64.93,0.49,0.15,0.34,28.72,25.52,22.32,1764,1438,1.23,49.38,126.59,0.5,1.8,2026-08-13,2026-08-13 07:53:17
6180,橘子,41.8,41.95,41.95,41.5,58.38,44.94,47.38,-0.7,-0.84,0.14,43.05,41.71,40.38,282,336,0.84,73.34,,1.03,2.46,2026-08-13,2026-08-13 07:53:18
6182,合晶,113.0,107.5,113.0,105.5,72.69,56.06,49.46,-7.64,-7.79,0.16,144.13,108.66,73.2,32153,38402,0.84,670.77,2825.0,,,2026-08-13,2026-08-13 07:53:19
6183,關貿,93.1,94.7,94.7,93.1,74.04,71.03,54.74,0.7,0.54,0.16,94.14,91.99,89.84,30,37,0.81,139.65,23.1,3.55,3.81,2026-08-13,2026-08-13 07:53:20
6184,大豐電,42.2,42.2,42.2,42.0,22.9,24.98,41.3,-0.24,-0.24,-0.0,42.95,42.47,42.0,49,38,1.27,64.23,19.72,3.0,7.11,2026-08-13,2026-08-13 07:53:21
6185,幃翔,13.7,13.65,13.8,13.6,29.23,30.42,31.43,-0.1,-0.08,-0.02,14.25,13.85,13.45,58,87,0.66,20.39,228.33,0.39,2.85,2026-08-13,2026-08-13 07:53:22
6186,新潤,33.9,34.7,34.7,33.4,14.72,22.22,19.46,-0.57,-0.23,-0.34,38.68,36.64,34.6,1470,889,1.65,66.07,4.23,5.01,14.78,2026-08-13,2026-08-13 07:53:23
6187,萬潤,1270.0,1190.0,1270.0,1185.0,82.01,74.59,66.91,37.33,8.76,28.58,1240.89,1024.65,808.42,6271,4531,1.38,1236.53,83.94,11.66,0.92,2026-08-13,2026-08-13 07:53:24
6188,廣明,72.2,72.1,73.2,71.1,85.06,79.74,54.29,-1.01,-1.81,0.81,75.39,69.88,64.36,804,596,1.35,200.98,23.37,2.5,3.46,2026-08-13,2026-08-13 07:53:25
6189,豐藝,49.55,49.8,50.1,49.45,86.61,80.4,52.91,-0.07,-0.39,0.33,50.67,48.09,45.51,463,471,0.98,130.7,19.06,2.7,5.45,2026-08-13,2026-08-13 07:53:26
6190,萬泰科,68.2,70.0,70.4,68.1,79.41,73.84,45.81,-1.94,-2.72,0.77,75.06,67.27,59.48,1251,1278,0.98,122.71,35.89,1.93,2.83,2026-08-13,2026-08-13 07:53:27
6191,精成科,86.8,88.0,89.0,86.7,76.62,67.34,46.04,-2.4,-3.17,0.77,93.46,85.8,78.15,1568,2164,0.72,433.4,13.23,2.6,3.0,2026-08-13,2026-08-13 07:53:28
6192,巨路,119.0,120.0,120.0,117.5,77.77,76.81,58.0,-0.04,-1.21,1.17,121.52,114.55,107.58,361,371,0.97,114.43,12.33,5.8,4.87,2026-08-13,2026-08-13 07:53:29
6194,育富,29.85,29.85,29.85,29.75,66.16,58.18,42.31,-0.15,-0.22,0.07,30.45,29.82,29.19,75,61,1.22,14.33,19.38,1.5,5.03,2026-08-13,2026-08-13 07:53:30
6195,詩肯,28.2,28.85,28.85,28.05,74.18,73.65,62.82,0.61,0.47,0.14,28.84,27.29,25.73,33,105,0.31,14.15,15.93,1.0,3.55,2026-08-13,2026-08-13 07:53:31
6196,帆宣,511.0,502.0,523.0,502.0,60.48,58.07,46.62,-7.17,-9.41,2.24,564.44,503.8,443.16,1623,1234,1.32,1125.88,32.71,6.45,1.26,2026-08-13,2026-08-13 07:53:32
6197,佳必琪,312.0,310.5,317.5,310.5,69.04,66.56,50.64,-4.38,-6.15,1.77,329.12,302.43,275.73,1865,2007,0.93,385.13,31.9,6.92,2.22,2026-08-13,2026-08-13 07:53:32
6198,瑞築,19.7,19.5,19.7,19.5,83.7,67.5,48.48,-0.23,-0.31,0.08,20.61,19.56,18.5,114,24,4.6,33.77,,,,2026-08-13,2026-08-13 07:53:33
6199,天品,97.3,103.0,104.5,97.0,47.08,46.48,41.97,-0.45,-0.54,0.09,104.59,98.72,92.85,612,480,1.28,60.09,58.61,,,2026-08-13,2026-08-13 07:53:34
6201,亞弘電,45.3,45.5,45.75,45.3,25.03,28.08,42.28,-0.04,0.01,-0.05,46.25,45.74,45.22,24,19,1.27,40.41,13.85,3.1,6.84,2026-08-13,2026-08-13 07:53:35
6202,盛群,62.0,63.2,63.6,61.8,79.87,79.71,62.9,0.29,-0.98,1.27,66.7,56.32,45.95,2559,2946,0.87,142.61,93.94,0.68,1.1,2026-08-13,2026-08-13 07:53:36
6203,海韻電,60.3,61.1,61.1,60.3,27.15,35.72,38.75,-0.54,-0.61,0.07,62.65,61.07,59.5,172,96,1.79,49.69,11.99,4.0,6.63,2026-08-13,2026-08-13 07:53:37
6204,艾華,86.0,85.9,89.9,85.6,87.65,80.41,71.39,-2.79,-5.85,3.07,87.51,73.94,60.37,352,344,1.02,19.87,87.76,0.3,0.35,2026-08-13,2026-08-13 07:53:38
6205,詮欣,63.3,64.5,65.4,62.8,80.26,76.57,55.94,-1.91,-3.3,1.4,66.74,59.62,52.49,512,390,1.31,51.11,40.06,1.5,2.37,2026-08-13,2026-08-13 07:53:39
6206,飛捷,156.5,146.5,159.0,146.0,80.58,77.25,62.03,7.3,4.86,2.44,160.94,132.94,104.93,5028,4521,1.11,223.89,22.1,5.5,3.51,2026-08-13,2026-08-13 07:53:39
6207,雷科,111.0,113.0,117.0,110.5,75.97,66.45,50.87,-5.92,-7.69,1.76,131.16,107.95,84.75,4552,4366,1.04,88.53,173.44,0.6,0.54,2026-08-13,2026-08-13 07:53:40
6208,日揚,81.5,82.2,82.4,81.1,24.8,32.82,44.79,-1.75,-2.05,0.3,85.68,82.15,78.61,272,308,0.88,76.99,21.62,2.0,2.45,2026-08-13,2026-08-13 07:53:41
6209,今國光,70.6,72.0,72.8,70.6,72.49,75.41,54.18,-0.66,-1.81,1.15,78.91,68.99,59.08,6654,5581,1.19,123.84,41.78,0.5,0.71,2026-08-13,2026-08-13 07:53:42
6210,慶生,17.7,17.0,17.85,16.85,40.65,35.25,23.53,-0.65,-0.58,-0.07,20.2,18.41,16.62,22,15,1.47,6.2,,,,2026-08-13,2026-08-13 07:53:43
6212,理銘,29.2,28.55,29.2,28.55,82.43,81.84,62.86,0.17,0.14,0.03,29.72,28.88,28.04,2,1,1.38,29.78,13.97,3.5,11.99,2026-08-12,2026-08-13 07:53:44
6213,聯茂,469.0,469.0,470.0,448.0,93.2,83.8,76.63,31.85,12.69,19.16,481.92,343.38,204.83,6991,20176,0.35,1705.11,114.95,3.0,0.64,2026-08-13,2026-08-13 07:53:45
6214,精誠,156.5,156.5,156.5,156.5,54.85,49.54,64.91,2.9,2.92,-0.02,155.42,144.9,134.38,958,1206,0.79,426.06,16.44,6.0,3.83,2026-08-13,2026-08-13 07:53:46
6215,和椿,107.0,106.5,111.0,106.5,82.98,75.95,62.91,-0.34,-2.65,2.31,109.15,95.64,82.14,3025,2073,1.46,88.58,37.81,1.0,0.93,2026-08-13,2026-08-13 07:53:47
6216,居易,22.5,22.8,22.95,22.5,65.26,56.59,61.36,-0.05,-0.17,0.13,22.6,21.98,21.37,98,173,0.57,21.82,375.0,1.03,4.58,2026-08-13,2026-08-13 07:53:48
6217,中探針,168.5,160.0,169.0,160.0,82.05,73.1,55.44,-15.98,-23.17,7.2,200.53,149.78,99.02,931,1750,0.53,192.12,42.34,,,2026-08-13,2026-08-13 07:53:50
6218,豪勉,35.7,36.25,36.9,35.65,77.19,75.73,54.32,-0.01,-0.55,0.54,37.79,33.73,29.67,498,538,0.93,22.94,,,,2026-08-13,2026-08-13 07:53:50
6219,富旺,12.25,12.25,12.35,12.05,36.5,35.34,32.0,-0.16,-0.13,-0.03,13.88,12.68,11.48,138,90,1.53,15.31,15.12,0.67,5.47,2026-08-13,2026-08-13 07:53:51
6220,岳豐,26.05,26.0,26.9,26.0,66.93,59.15,37.19,-1.65,-1.85,0.19,30.62,26.83,23.05,278,327,0.85,38.15,32.97,0.7,2.69,2026-08-13,2026-08-13 07:53:53
6221,晉泰,22.15,23.05,23.1,22.0,63.43,54.05,55.34,-0.19,-0.39,0.19,22.29,21.24,20.18,631,241,2.62,37.34,10.5,1.2,5.42,2026-08-13,2026-08-13 07:53:54
6222,立軒,20.45,20.0,20.45,20.0,42.82,52.72,47.62,-0.1,-0.07,-0.03,21.14,20.54,19.94,21,13,1.54,19.57,,,,2026-08-13,2026-08-13 07:53:55
6223,旺矽,6495.0,6800.0,6815.0,6470.0,81.16,77.1,62.12,68.52,-55.76,124.29,6878.92,5831.25,4783.58,570,617,0.92,6363.89,169.67,22.0,0.34,2026-08-13,2026-08-13 07:53:56
6224,聚鼎,62.6,61.2,64.5,61.2,83.13,75.24,62.69,-2.51,-4.29,1.78,62.91,55.96,49.01,548,500,1.1,52.99,72.79,1.25,2.0,2026-08-13,2026-08-13 07:53:57
6225,天瀚,36.75,36.75,36.75,36.75,87.1,68.81,81.64,2.09,0.85,1.25,33.33,26.02,18.71,48,77,0.62,10.22,,,,2026-08-13,2026-08-13 07:53:57
6226,光鼎,19.6,20.45,20.9,19.5,30.45,41.16,52.52,0.08,0.35,-0.27,23.44,20.47,17.51,9522,13022,0.73,22.64,,,,2026-08-13,2026-08-13 07:53:58
6227,茂綸,127.0,128.0,131.0,125.0,71.76,77.56,64.21,2.72,1.12,1.6,132.76,116.95,101.14,471,614,0.77,96.66,14.82,4.5,3.54,2026-08-13,2026-08-13 07:54:00
6228,全譜,18.0,18.3,18.35,18.0,66.12,59.53,45.19,-0.42,-0.51,0.09,19.23,18.21,17.19,7,4,1.45,4.68,,,,2026-08-12,2026-08-13 07:54:00
6229,研通,23.65,24.3,24.3,23.6,68.69,67.84,50.55,-0.41,-0.59,0.18,24.58,23.32,22.05,38,47,0.82,9.55,262.78,0.6,2.54,2026-08-13,2026-08-13 07:54:01
6230,尼得科超眾,112.5,114.0,119.0,112.5,46.57,46.33,46.43,-3.43,-4.2,0.77,117.43,111.3,105.17,215,81,2.64,97.14,17.58,0.22,0.2,2026-08-13,2026-08-13 07:54:02
6231,系微,226.5,224.0,228.5,222.0,59.25,59.46,52.66,-8.59,-11.52,2.93,241.52,220.49,199.46,246,317,0.78,103.4,34.27,5.7,2.52,2026-08-13,2026-08-13 07:54:03
6233,旺玖,22.0,22.3,22.3,22.0,81.71,71.29,49.38,-0.46,-0.77,0.31,23.71,21.26,18.81,150,177,0.85,17.38,,0.75,3.41,2026-08-13,2026-08-13 07:54:04
6234,高僑,36.05,37.45,37.8,35.95,74.95,71.23,50.13,-1.59,-2.43,0.83,39.1,34.83,30.56,419,479,0.88,36.19,400.56,0.45,1.25,2026-08-13,2026-08-13 07:54:05
6235,華孚,38.8,39.6,39.6,38.7,77.52,76.78,50.51,-0.48,-0.73,0.25,41.49,38.52,35.55,477,402,1.19,77.56,15.04,1.2,3.09,2026-08-13,2026-08-13 07:54:06
6236,中湛,15.2,13.9,15.25,13.9,8.93,3.22,0.0,-0.41,-0.29,-0.12,17.97,16.87,15.78,8,15,0.53,6.33,1520.0,,,2026-08-13,2026-08-13 07:54:07
6237,驊訊,34.5,35.5,35.5,34.2,74.77,68.6,48.61,-1.68,-2.29,0.61,37.0,33.99,30.99,223,222,1.01,27.48,,0.1,0.29,2026-08-13,2026-08-13 07:54:08
6239,力成,283.0,287.0,294.0,282.0,78.96,72.72,52.85,-5.2,-10.91,5.71,307.39,263.95,220.52,18328,19832,0.92,2090.8,33.85,4.5,1.59,2026-08-13,2026-08-13 07:54:09
6240,松崗,19.7,20.4,20.4,19.7,61.95,59.26,58.43,0.35,0.2,0.15,20.17,18.63,17.09,16,18,0.89,4.5,,,,2026-08-13,2026-08-13 07:54:10
6241,鑫永洋,14.3,14.75,14.75,14.25,17.17,31.66,34.43,-0.18,0.17,-0.35,17.61,15.89,14.17,135,318,0.43,6.96,57.2,,,2026-08-13,2026-08-13 07:54:11
6242,立康,34.0,34.0,34.0,33.8,27.42,34.16,19.05,-0.46,-0.39,-0.07,36.33,34.98,33.62,13,9,1.38,10.81,14.05,2.0,5.88,2026-08-13,2026-08-13 07:54:12
6243,迅杰,43.9,44.8,45.7,43.8,11.69,19.71,36.83,0.73,1.74,-1.01,53.47,48.33,43.2,1162,2336,0.5,19.87,,1.2,2.73,2026-08-13,2026-08-13 07:54:12
6244,茂迪,25.7,24.5,26.65,24.5,76.34,68.39,53.28,-0.51,-0.88,0.37,27.14,23.96,20.78,5883,2436,2.42,99.47,285.56,0.14,0.54,2026-08-13,2026-08-13 07:54:13
6245,立端,87.1,88.7,88.7,87.0,77.86,72.94,55.76,1.59,0.47,1.12,90.48,81.35,72.21,484,1257,0.39,127.7,21.77,3.8,4.36,2026-08-13,2026-08-13 07:54:14
6246,臺龍,12.85,13.4,13.4,12.1,63.45,55.81,48.48,-0.54,-0.68,0.14,13.97,12.78,11.59,234,106,2.2,4.86,15.12,,,2026-08-13,2026-08-13 07:54:15
6248,沛波,18.2,17.95,18.25,17.95,84.52,75.65,61.54,-0.02,-0.12,0.1,18.16,17.66,17.16,107,92,1.16,17.5,13.68,1.22,6.7,2026-08-13,2026-08-13 07:54:16
6257,矽格,213.0,214.5,224.0,213.0,74.36,67.77,48.08,-4.45,-6.59,2.14,232.3,205.0,177.7,7860,5974,1.32,1024.34,32.13,4.25,2.0,2026-08-13,2026-08-13 07:54:17
6259,百徽,32.0,31.65,33.8,31.5,63.58,56.28,51.2,-0.84,-1.03,0.19,35.16,30.9,26.63,1083,741,1.46,8.95,38.1,0.35,1.09,2026-08-13,2026-08-13 07:54:18
6261,久元,79.7,80.1,80.8,79.1,78.78,67.82,42.97,-3.34,-4.36,1.01,88.25,79.33,70.41,470,338,1.39,102.41,19.3,2.5,3.14,2026-08-13,2026-08-13 07:54:19
6263,普萊德,164.5,163.5,166.0,162.5,88.81,80.97,63.0,0.67,-1.37,2.04,166.18,152.9,139.62,185,152,1.22,102.81,19.94,7.8,4.74,2026-08-13,2026-08-13 07:54:20
6264,富裔,6.05,6.05,6.06,6.0,92.86,88.07,56.0,-0.0,-0.01,0.0,6.08,6.04,6.0,35,12,2.87,8.25,,,,2026-08-13,2026-08-13 07:54:21
6265,方土昶,58.9,57.2,59.9,57.0,88.56,81.95,69.18,1.69,0.07,1.63,60.42,48.96,37.51,9135,7145,1.28,69.6,24.04,,,2026-08-13,2026-08-13 07:54:23
6266,泰詠,25.4,25.2,25.5,25.1,83.07,68.62,58.46,-0.09,-0.24,0.15,25.7,24.63,23.56,229,152,1.5,39.08,14.11,1.78,7.01,2026-08-13,2026-08-13 07:54:24
6269,台郡,65.0,67.2,67.3,65.0,78.94,76.34,65.97,0.95,-0.97,1.92,70.81,57.6,44.39,4634,8981,0.52,208.35,,,,2026-08-13,2026-08-13 07:54:25
6270,倍微,30.8,31.1,31.35,30.55,83.68,76.15,51.08,-0.78,-1.16,0.37,32.76,29.71,26.66,248,283,0.88,22.22,27.75,1.0,3.25,2026-08-13,2026-08-13 07:54:26
6271,同欣電,199.0,200.5,205.0,199.0,84.71,76.68,55.38,-7.36,-12.1,4.74,220.52,185.38,150.23,4429,6410,0.69,416.03,29.66,3.0,1.51,2026-08-13,2026-08-13 07:54:26
6272,驊陞,23.65,24.5,24.5,23.6,41.37,47.67,38.69,-1.41,-1.54,0.14,27.5,25.2,22.89,219,129,1.7,19.19,8.82,2.02,8.54,2026-08-13,2026-08-13 07:54:27
6274,台燿,1600.0,1675.0,1675.0,1525.0,87.44,83.15,66.99,32.09,-23.63,55.72,1694.87,1313.0,931.13,2931,3867,0.76,4620.4,114.94,7.51,0.47,2026-08-13,2026-08-13 07:54:28
6275,元山,44.2,44.65,44.95,43.9,61.16,61.58,52.59,-0.28,-0.65,0.37,45.87,43.08,40.29,234,258,0.91,35.47,16.19,1.99,4.5,2026-08-13,2026-08-13 07:54:29
6276,安鈦克,19.2,19.35,19.35,19.1,25.0,35.1,42.86,-0.74,-0.82,0.08,21.4,20.08,18.76,50,42,1.17,4.23,,,,2026-08-13,2026-08-13 07:54:30
6277,宏正,84.2,79.5,85.0,79.5,71.34,61.64,61.15,2.11,1.83,0.28,82.37,78.25,74.13,1762,613,2.87,100.59,26.23,5.6,6.65,2026-08-13,2026-08-13 07:54:31
6278,台表科,168.0,175.0,176.0,167.0,84.57,78.03,54.07,-3.82,-7.61,3.79,182.17,157.6,133.03,5778,4973,1.16,485.5,19.49,5.57,3.32,2026-08-13,2026-08-13 07:54:32
6279,胡連,129.5,131.0,131.0,129.5,92.24,87.49,78.0,2.83,1.06,1.77,132.05,119.22,106.4,777,2028,0.38,154.13,14.42,5.5,4.25,2026-08-13,2026-08-13 07:54:33
6281,全國電,51.7,51.8,51.8,51.4,56.42,45.49,46.43,0.03,0.06,-0.02,52.22,51.65,51.07,34,35,0.97,51.27,13.97,3.3,6.38,2026-08-13,2026-08-13 07:54:34
6282,康舒,48.15,47.7,49.2,47.6,74.88,73.23,51.95,-1.46,-2.24,0.78,52.75,46.58,40.42,13051,14219,0.92,412.21,104.67,0.8,1.66,2026-08-13,2026-08-13 07:54:34
6283,淳安,20.1,20.25,20.25,19.85,62.09,62.11,35.85,-0.63,-0.73,0.1,21.34,20.44,19.55,91,92,0.99,29.52,55.83,,,2026-08-13,2026-08-13 07:54:35
6284,佳邦,81.6,80.1,83.4,80.1,79.54,69.24,54.21,-3.39,-4.8,1.41,86.15,76.92,67.69,1586,1147,1.38,120.75,26.93,1.89,2.32,2026-08-13,2026-08-13 07:54:36
6285,啟碁,246.5,255.5,256.5,246.5,70.22,70.48,49.07,-0.78,-3.0,2.23,271.85,241.82,211.8,5785,7788,0.74,1192.23,36.68,4.3,1.74,2026-08-13,2026-08-13 07:54:37
6290,良維,220.5,222.5,231.5,220.0,66.54,59.32,43.11,-14.6,-17.82,3.22,250.97,220.65,190.33,3464,3019,1.15,373.7,26.16,6.19,2.81,2026-08-13,2026-08-13 07:54:38
6291,沛亨,387.0,418.0,418.0,387.0,78.77,73.5,53.0,-19.68,-31.21,11.53,415.16,361.55,307.94,1112,646,1.72,201.24,45.37,6.0,1.55,2026-08-13,2026-08-13 07:54:39
6292,迅德,66.0,66.3,66.9,65.0,85.51,85.42,78.08,2.27,0.5,1.77,67.41,55.1,42.79,643,857,0.75,30.76,27.97,1.8,2.73,2026-08-13,2026-08-13 07:54:40
6294,智基,29.0,27.8,29.9,27.8,76.17,66.45,61.72,-0.05,-0.26,0.2,28.31,27.08,25.85,141,51,2.76,7.55,11.11,3.0,10.34,2026-08-13,2026-08-13 07:54:41
6405,悅城,40.65,41.05,41.3,40.3,86.03,76.18,55.2,-3.52,-4.89,1.36,44.86,38.89,32.92,311,456,0.68,26.75,,0.1,0.25,2026-08-13,2026-08-13 07:54:41
6407,相互,23.0,22.5,23.1,22.4,47.31,54.04,51.42,-0.83,-1.12,0.29,25.95,22.88,19.82,112,219,0.51,17.28,15.13,2.0,8.7,2026-08-13,2026-08-13 07:54:42
6409,旭隼,972.0,1000.0,1010.0,972.0,47.71,54.37,44.53,6.14,4.56,1.57,1048.53,969.49,890.45,486,551,0.88,852.47,27.91,36.77,3.78,2026-08-13,2026-08-13 07:54:43
6411,晶焱,79.6,79.3,81.0,79.3,78.18,70.4,53.21,-2.53,-3.6,1.07,82.47,76.82,71.17,320,341,0.94,78.01,26.1,2.22,2.79,2026-08-13,2026-08-13 07:54:44
6412,群電,79.6,80.7,81.2,79.6,58.32,53.97,45.93,-2.14,-2.65,0.51,83.39,79.53,75.67,710,701,1.01,319.01,15.46,3.7,4.65,2026-08-13,2026-08-13 07:54:45
6414,樺漢,451.0,460.0,473.0,450.0,60.82,59.68,39.16,15.44,17.26,-1.82,514.74,450.5,386.26,2315,2336,0.99,657.95,23.19,13.78,3.06,2026-08-13,2026-08-13 07:54:46
6415,矽力*-KY,465.0,460.5,487.0,460.5,69.51,66.58,49.44,-15.82,-24.77,8.95,500.24,439.62,379.01,3046,3462,0.88,1805.84,63.52,2.55,0.55,2026-08-13,2026-08-13 07:54:47
6416,瑞祺電通,97.8,100.0,100.5,96.7,72.46,70.85,46.18,2.85,2.87,-0.02,108.39,96.79,85.18,496,700,0.71,71.73,21.54,2.8,2.86,2026-08-13,2026-08-13 07:54:48
6417,韋僑,110.0,113.0,113.0,108.5,41.61,54.08,39.97,-3.02,-3.46,0.44,121.64,113.0,104.35,99,73,1.35,46.5,21.07,2.4,2.18,2026-08-13,2026-08-13 07:54:49
6418,詠昇,30.75,32.6,32.6,30.1,52.94,60.72,50.36,0.18,0.0,0.18,33.86,30.86,27.86,117,97,1.2,10.62,53.95,0.38,1.24,2026-08-13,2026-08-13 07:54:50
6419,京晨科,167.5,156.0,168.0,156.0,89.79,80.11,65.8,3.65,-0.41,4.06,161.86,136.78,111.69,916,531,1.72,22.04,13.31,2.7,1.61,2026-08-13,2026-08-13 07:54:51
6423,億而得,81.8,80.3,82.0,80.3,85.95,83.53,71.64,0.42,-1.57,2.0,83.28,72.46,61.64,22,82,0.28,24.76,227.22,1.0,1.22,2026-08-13,2026-08-13 07:54:52
6425,易發,58.6,59.0,61.2,58.6,73.44,66.65,51.26,-2.79,-4.02,1.23,62.78,56.3,49.82,296,338,0.87,29.72,,0.99,1.69,2026-08-13,2026-08-13 07:54:53
6426,統新,216.0,224.0,224.0,211.0,84.53,81.28,68.71,7.54,-1.15,8.69,227.81,174.97,122.14,600,1927,0.31,83.18,423.53,0.5,0.23,2026-08-13,2026-08-13 07:54:54
6428,淘米,35.6,31.1,37.05,30.2,89.15,81.31,79.26,1.63,0.61,1.02,32.99,25.63,18.26,304,130,2.33,6.3,40.45,,,2026-08-13,2026-08-13 07:54:55
6431,光麗-KY,19.35,18.3,19.35,18.3,70.38,68.93,66.17,0.28,0.03,0.26,19.87,17.82,15.77,112,112,0.99,18.85,,,,2026-08-13,2026-08-13 07:54:56
6432,今展科,78.0,74.5,79.5,74.5,50.62,39.07,60.1,0.58,0.18,0.4,78.19,72.01,65.82,3055,1531,1.99,26.81,106.85,1.0,1.28,2026-08-13,2026-08-13 07:54:57
6434,達輝光電,15.7,16.05,16.3,15.1,56.67,62.16,61.84,0.04,-0.35,0.4,19.63,14.23,8.82,408,346,1.18,72.79,,,,2026-08-13,2026-08-13 07:54:58
6435,大中,276.5,267.5,286.5,267.5,78.81,69.52,52.23,-11.15,-15.37,4.22,301.71,257.23,212.75,1285,645,1.99,103.58,26.11,7.5,2.71,2026-08-13,2026-08-13 07:54:59
6438,迅得,147.5,152.0,152.0,147.0,81.18,75.81,52.43,-1.14,-2.65,1.5,156.26,143.05,129.84,268,229,1.17,121.25,27.16,5.0,3.39,2026-08-13,2026-08-13 07:55:00
6441,廣錠,22.5,22.85,23.5,22.15,67.61,65.47,61.84,0.14,-0.29,0.43,23.92,20.94,17.96,113,347,0.33,12.0,,,,2026-08-13,2026-08-13 07:55:01
6442,光聖,1565.0,1635.0,1670.0,1545.0,83.51,76.9,61.01,-5.26,-59.18,53.92,1602.58,1328.25,1053.92,5047,3001,1.68,1218.72,59.82,11.26,0.72,2026-08-13,2026-08-13 07:55:01
6443,元晶,27.7,26.9,28.4,26.9,74.01,64.61,47.0,-1.44,-2.01,0.57,30.79,26.76,22.73,6396,3714,1.72,142.04,12.76,,,2026-08-13,2026-08-13 07:55:02
6446,藥華藥,1445.0,1475.0,1510.0,1430.0,79.15,74.25,67.61,74.5,48.23,26.27,1473.05,1220.25,967.45,3396,4301,0.79,5969.51,100.35,1.49,0.1,2026-08-13,2026-08-13 07:55:03
6449,鈺邦,248.0,254.5,263.0,246.0,75.7,70.0,52.35,-16.93,-23.46,6.53,270.95,233.93,196.9,2282,1463,1.56,225.4,31.75,4.2,1.69,2026-08-13,2026-08-13 07:55:04
6451,訊芯-KY,436.0,458.0,458.0,436.0,74.28,68.48,49.83,-14.19,-25.78,11.59,493.05,411.94,330.82,1272,3045,0.42,462.92,,0.22,0.05,2026-08-13,2026-08-13 07:55:05
6456,GIS-KY,67.3,68.6,69.1,66.8,76.86,70.56,54.65,-0.34,-1.94,1.6,73.07,62.04,51.0,3228,5389,0.6,222.23,,,,2026-08-13,2026-08-13 07:55:05
6461,益得,16.35,15.95,16.35,15.7,64.22,52.49,39.81,0.1,0.05,0.05,16.8,15.77,14.74,176,131,1.34,18.04,,,,2026-08-13,2026-08-13 07:55:06
6462,神盾,101.0,102.5,103.0,101.0,75.52,71.89,48.38,-2.12,-3.59,1.47,105.82,98.06,90.3,249,471,0.53,92.16,18.84,,,2026-08-13,2026-08-13 07:55:08
6464,台數科,76.9,76.7,77.6,76.7,26.19,36.87,35.71,0.39,0.85,-0.46,80.71,78.39,76.06,12,15,0.77,102.99,19.72,1.33,1.73,2026-08-13,2026-08-13 07:55:09
6465,威潤,47.7,47.75,48.45,47.6,33.11,30.16,35.0,-2.5,-2.71,0.21,54.14,48.95,43.75,148,374,0.4,28.18,19.31,0.19,0.4,2026-08-13,2026-08-13 07:55:10
6467,泰合,125.5,127.0,128.5,123.5,78.77,73.6,73.2,2.3,0.08,2.21,126.18,112.95,99.72,295,307,0.96,65.73,,,,2026-08-13,2026-08-13 07:55:11
6469,大樹,70.1,70.4,70.6,70.0,21.63,22.18,28.47,-0.83,-0.41,-0.42,77.5,72.95,68.4,295,415,0.71,111.42,20.32,3.16,4.51,2026-08-13,2026-08-13 07:55:12
6470,宇智,42.0,42.25,42.25,41.9,34.31,46.02,34.73,-0.77,-0.75,-0.02,45.22,43.19,41.15,32,30,1.08,15.83,13.91,2.5,5.95,2026-08-13,2026-08-13 07:55:13
6472,保瑞,422.0,428.0,428.0,421.0,78.22,76.23,66.87,6.97,3.01,3.97,440.13,398.62,357.1,426,707,0.6,537.15,35.95,10.0,2.37,2026-08-13,2026-08-13 07:55:14
6473,美賣*,6.47,6.63,6.85,6.47,30.69,46.16,40.71,-0.22,-0.22,0.0,7.47,6.86,6.25,56,74,0.75,3.88,,,,2026-08-13,2026-08-13 07:55:15
6474,華豫寧,39.1,39.1,39.85,39.1,82.29,80.97,67.37,0.35,0.1,0.26,39.41,37.54,35.67,106,79,1.35,20.54,12.26,2.5,6.39,2026-08-13,2026-08-13 07:55:16
6477,安集,34.8,34.3,35.85,34.3,37.12,35.5,36.45,-0.58,-0.26,-0.31,41.61,36.42,31.23,1365,1282,1.06,43.08,386.67,0.35,1.01,2026-08-13,2026-08-13 07:55:17
6482,弘煜科,27.9,27.6,28.8,27.6,32.71,32.86,48.68,-0.15,-0.18,0.03,28.71,27.78,26.86,15,9,1.68,7.99,15.76,2.0,7.17,2026-08-13,2026-08-13 07:55:17
6483,原創生醫,14.05,13.6,14.1,13.6,48.09,56.55,69.57,0.32,0.22,0.1,15.08,13.11,11.13,136,65,2.08,9.36,,,,2026-08-13,2026-08-13 07:55:18
6485,點序,67.1,66.6,69.3,66.6,83.62,76.57,56.87,-2.8,-4.68,1.88,70.01,61.86,53.71,313,311,1.01,30.36,447.33,0.48,0.72,2026-08-13,2026-08-13 07:55:19
6486,互動,74.2,74.8,74.8,73.5,50.16,40.26,20.27,-0.67,-0.58,-0.09,78.42,75.49,72.57,92,58,1.57,37.76,14.05,6.0,8.09,2026-08-13,2026-08-13 07:55:20
6488,環球晶,1025.0,970.0,1025.0,950.0,62.77,43.3,49.68,-57.22,-58.17,0.95,1294.3,985.8,677.3,9988,9005,1.11,4900.67,63.51,7.7,0.75,2026-08-13,2026-08-13 07:55:22
6491,晶碩,370.0,384.0,384.0,368.0,84.9,84.25,74.26,11.83,7.84,3.99,393.6,343.12,292.64,327,480,0.68,284.31,18.13,10.01,2.71,2026-08-13,2026-08-13 07:55:22
6492,生華科,38.7,37.85,39.65,37.85,23.46,22.08,41.63,-1.34,-1.31,-0.03,43.04,39.73,36.43,359,382,0.94,35.16,,,,2026-08-13,2026-08-13 07:55:23
6493,雷虎生,39.2,39.55,39.95,38.8,46.77,42.44,42.95,-0.06,0.13,-0.19,43.05,39.08,35.12,68,92,0.74,11.78,,0.2,0.51,2026-08-13,2026-08-13 07:55:24
6494,九齊,53.9,55.4,55.9,53.9,83.86,80.8,62.43,-1.05,-2.17,1.12,56.59,50.41,44.23,106,173,0.62,17.01,449.17,1.0,1.86,2026-08-13,2026-08-13 07:55:26
6496,科懋,24.3,24.95,24.95,23.95,50.81,49.97,51.14,-0.1,-0.1,-0.0,25.27,24.46,23.66,6,10,0.67,11.29,,,,2026-08-13,2026-08-13 07:55:27
6498,久禾光,74.5,75.2,75.8,74.5,61.77,58.16,42.72,-3.46,-4.2,0.73,84.1,75.8,67.51,84,105,0.8,35.14,11.25,4.5,6.04,2026-08-13,2026-08-13 07:55:28
6499,益安,61.2,63.5,63.5,61.2,70.43,56.16,45.24,-2.31,-3.17,0.86,66.42,60.71,55.0,216,206,1.05,59.33,20.75,,,2026-08-13,2026-08-13 07:55:29
6504,南六,38.25,38.7,39.35,38.25,20.7,29.89,49.18,0.45,0.61,-0.16,41.41,38.62,35.83,43,24,1.78,27.77,13.66,1.0,2.61,2026-08-13,2026-08-13 07:55:30
6505,台塑化,69.8,70.6,71.1,69.6,43.06,32.55,22.79,0.89,2.11,-1.22,90.05,74.99,59.94,11750,23724,0.5,6649.12,25.02,1.2,1.72,2026-08-13,2026-08-13 07:55:31
6506,雙邦,17.2,17.25,17.35,17.2,80.97,68.32,49.06,-0.1,-0.2,0.1,17.72,16.89,16.07,95,70,1.35,14.17,15.09,1.0,5.81,2026-08-13,2026-08-13 07:55:32
6508,惠光,26.35,26.75,26.75,26.1,40.67,42.52,39.52,0.4,0.44,-0.04,27.68,26.18,24.69,30,31,0.96,22.8,119.77,0.5,1.9,2026-08-13,2026-08-13 07:55:33
6509,聚和,49.0,48.7,49.4,48.6,92.11,84.24,63.46,0.16,-0.47,0.63,50.06,45.53,41.0,1329,1027,1.29,96.74,15.96,1.39,2.84,2026-08-13,2026-08-13 07:55:34
6510,精測,2820.0,2895.0,2925.0,2810.0,72.01,69.99,57.82,-34.27,-87.1,52.83,2980.17,2657.75,2335.33,429,464,0.93,924.65,83.19,15.23,0.54,2026-08-13,2026-08-13 07:55:35
6512,啟發電,20.0,20.3,20.3,20.0,46.12,44.73,46.15,0.03,0.03,0.0,20.48,20.03,19.57,14,6,2.41,5.05,,,,2026-08-13,2026-08-13 07:55:36
6515,穎崴,6745.0,7285.0,7295.0,6660.0,76.43,73.91,55.98,-193.4,-374.12,180.72,7407.55,6396.25,5384.95,792,381,2.08,2458.2,138.33,49.44,0.73,2026-08-13,2026-08-13 07:55:36
6516,勤崴國際,59.4,61.3,61.3,59.3,52.55,59.01,57.66,0.9,0.72,0.19,62.6,58.52,54.45,73,50,1.45,33.17,32.82,2.34,3.94,2026-08-13,2026-08-13 07:55:37
6517,保勝光學,63.7,63.8,64.8,62.6,46.6,40.0,49.2,-1.27,-1.24,-0.03,73.24,64.83,56.42,768,447,1.72,19.48,47.54,1.5,2.35,2026-08-13,2026-08-13 07:55:38
6518,康科特,30.25,30.4,31.3,30.25,50.51,64.39,41.88,-0.18,-0.11,-0.07,32.17,31.22,30.26,8,2,3.36,10.08,15.05,1.5,4.96,2026-08-13,2026-08-13 07:55:39
6523,達爾膚,89.5,89.0,90.0,89.0,34.09,43.66,46.81,-0.6,-0.71,0.11,91.58,90.27,88.96,46,33,1.38,40.32,14.44,8.0,8.94,2026-08-13,2026-08-13 07:55:40
6525,捷敏-KY,150.5,145.0,152.0,144.0,86.73,74.97,55.56,-4.01,-5.6,1.59,167.74,139.95,112.16,3748,2308,1.62,194.22,25.04,5.0,3.32,2026-08-13,2026-08-13 07:55:41
6526,達發,624.0,627.0,635.0,623.0,76.62,74.07,56.98,-0.01,-10.29,10.27,667.58,580.0,492.42,307,310,0.99,1045.23,35.88,13.5,2.16,2026-08-13,2026-08-13 07:55:42
6527,明達醫,75.0,73.5,75.0,73.5,76.41,78.33,69.01,1.7,1.17,0.53,77.71,70.77,63.84,83,42,1.94,19.01,13.44,2.9,3.87,2026-08-13,2026-08-13 07:55:43
6530,創威,85.8,88.5,90.4,85.2,84.07,79.16,60.85,0.28,-2.34,2.62,87.77,73.87,59.97,2796,1742,1.6,28.96,40.47,2.0,2.33,2026-08-13,2026-08-13 07:55:44
6531,愛普*,865.0,880.0,903.0,860.0,65.77,67.24,50.45,-6.66,-25.72,19.06,1012.09,811.95,611.81,918,2242,0.41,1408.63,88.0,6.99,0.81,2026-08-13,2026-08-13 07:55:44
6532,瑞耘,87.0,86.9,87.2,86.0,94.94,87.41,75.71,1.4,-1.58,2.99,88.82,72.5,56.18,379,625,0.61,32.58,12.85,3.0,3.45,2026-08-13,2026-08-13 07:55:45
6533,晶心科,249.5,252.5,254.0,249.0,79.5,78.48,65.55,10.47,7.13,3.34,263.72,227.97,192.23,1032,3385,0.31,126.37,35.35,,,2026-08-13,2026-08-13 07:55:46
6534,正瀚-創,94.9,93.8,94.9,93.7,72.76,71.52,65.17,0.63,0.57,0.07,95.8,93.58,91.35,118,132,0.89,95.66,19.9,4.8,5.06,2026-08-13,2026-08-13 07:55:47
6535,順藥,87.9,88.4,89.1,86.6,42.44,44.6,44.91,-2.65,-3.31,0.66,93.36,89.39,85.43,143,159,0.9,147.22,,,,2026-08-13,2026-08-13 07:55:48
6536,碩豐,16.6,16.9,16.9,16.15,25.03,19.69,36.07,-0.92,-0.93,0.01,19.65,17.73,15.81,17,14,1.16,4.37,127.69,,,2026-08-13,2026-08-13 07:55:49
6538,倉和,177.5,177.5,177.5,174.0,85.1,75.59,70.95,7.96,5.09,2.87,169.25,141.62,114.0,4061,2153,1.89,66.18,182.99,1.53,0.86,2026-08-13,2026-08-13 07:55:50
6539,麗彤,42.4,40.35,42.4,40.35,82.49,65.72,62.58,-0.17,-0.4,0.24,43.08,40.75,38.42,0,2,0.07,10.32,128.48,1.6,3.77,2026-08-13,2026-08-13 07:55:51
6541,泰福-KY,38.1,38.75,38.85,37.85,58.32,54.2,47.06,-0.41,-0.54,0.13,40.49,38.51,36.52,391,228,1.71,100.96,,,,2026-08-13,2026-08-13 07:55:51
6542,隆中,46.35,46.35,46.35,46.35,25.08,33.75,37.41,0.1,0.26,-0.16,49.08,47.25,45.41,1,6,0.17,19.0,1545.0,0.02,0.04,2026-08-13,2026-08-13 07:55:52
6543,普惠醫工,18.0,17.9,18.0,17.65,86.16,77.87,56.22,-0.08,-0.16,0.08,18.02,17.78,17.53,28,28,0.98,11.44,19.78,0.19,1.06,2026-08-13,2026-08-13 07:55:53
6546,正基,66.0,68.5,68.5,65.3,86.07,78.09,61.92,-0.35,-1.84,1.49,66.8,59.33,51.87,1528,656,2.33,44.12,24.91,2.5,3.79,2026-08-13,2026-08-13 07:55:54
6547,高端疫苗,52.2,51.4,52.6,50.4,67.08,63.77,64.23,1.33,0.83,0.5,53.18,48.29,43.4,3193,3209,1.0,171.61,35.75,,,2026-08-13,2026-08-13 07:55:55
6548,長科*,74.5,76.1,76.7,74.3,74.18,73.16,60.0,-0.77,-1.99,1.22,80.39,69.98,59.57,2107,2390,0.88,687.67,44.08,2.25,3.02,2026-08-13,2026-08-13 07:55:56
6549,景凱,7.08,7.0,7.28,6.95,30.29,35.82,50.82,-0.03,-0.06,0.03,7.51,6.96,6.41,69,60,1.15,5.67,,,,2026-08-13,2026-08-13 07:55:57
6550,北極星藥業-KY,11.1,10.95,11.25,10.85,31.53,25.12,33.93,-0.5,-0.54,0.04,12.52,11.5,10.48,932,715,1.3,99.32,,,,2026-08-13,2026-08-13 07:55:58
6552,易華電,25.15,25.25,25.65,25.05,70.9,63.83,48.91,-0.93,-1.24,0.31,26.25,24.73,23.2,58,105,0.55,20.87,4.9,0.2,0.8,2026-08-13,2026-08-13 07:55:59
6555,榮炭,15.65,15.65,15.95,15.15,63.52,54.04,36.89,-0.73,-0.9,0.16,17.96,15.94,13.92,70,95,0.74,18.66,,,,2026-08-13,2026-08-13 07:56:00
6556,勝品,59.8,59.5,60.4,59.5,37.49,45.59,36.84,-1.27,-0.81,-0.46,68.92,64.51,60.11,32,85,0.38,17.19,9.27,3.5,5.85,2026-08-13,2026-08-13 07:56:00
6558,興能高,26.1,26.95,27.0,26.1,77.49,71.14,45.71,-0.65,-0.99,0.34,28.92,25.9,22.88,246,244,1.01,24.48,27.19,0.3,1.15,2026-08-13,2026-08-13 07:56:01
6559,研晶,16.6,17.4,17.4,16.15,65.04,70.55,57.42,-0.22,-0.59,0.36,18.75,16.01,13.27,40,31,1.29,3.85,55.33,0.2,1.2,2026-08-13,2026-08-13 07:56:02
6560,欣普羅,31.7,32.1,32.15,31.5,41.78,54.18,38.0,-1.06,-1.28,0.22,34.18,32.36,30.53,56,22,2.49,10.29,3170.0,,,2026-08-13,2026-08-13 07:56:03
6561,是方,325.5,329.5,329.5,323.0,56.89,53.57,50.0,-0.52,-1.16,0.63,332.6,324.7,316.8,71,42,1.67,250.5,20.61,14.3,4.39,2026-08-13,2026-08-13 07:56:04
6563,映智,25.15,24.6,25.2,23.9,32.92,30.79,34.72,-0.89,-0.72,-0.17,29.67,26.49,23.31,63,89,0.71,7.48,,,,2026-08-13,2026-08-13 07:56:05
6564,安特羅,16.4,16.85,16.9,16.4,80.38,81.14,51.0,0.05,-0.03,0.08,17.48,16.38,15.29,11,38,0.31,11.83,,,,2026-08-13,2026-08-13 07:56:06
6565,物聯,18.2,18.45,19.15,17.5,53.94,38.66,57.5,-0.48,-0.81,0.33,18.69,16.77,14.86,113,80,1.41,4.94,18.2,,,2026-08-13,2026-08-13 07:56:07
6568,宏觀,137.0,141.0,141.5,137.0,76.64,75.05,46.0,-5.85,-8.15,2.3,149.53,136.85,124.17,69,72,0.96,42.2,34.0,2.0,1.46,2026-08-13,2026-08-13 07:56:08
6569,醫揚,93.7,95.0,95.0,93.7,31.44,32.89,24.38,-2.27,-2.0,-0.27,104.86,98.33,91.79,40,59,0.68,36.61,25.26,3.0,3.2,2026-08-13,2026-08-13 07:56:09
6570,維田,57.3,57.3,57.9,56.7,80.01,80.75,64.84,1.68,0.96,0.73,60.7,52.55,44.41,214,425,0.5,21.27,35.15,1.1,1.92,2026-08-13,2026-08-13 07:56:10
6572,博錸,7.81,7.82,7.99,7.59,65.04,58.39,55.81,-0.05,-0.11,0.05,8.62,7.53,6.45,129,138,0.94,8.09,,,,2026-08-13,2026-08-13 07:56:11
6573,虹揚-KY,16.85,15.8,17.25,15.8,46.67,46.75,37.71,-1.0,-0.9,-0.1,21.29,17.95,14.61,249,265,0.94,13.56,12.86,,,2026-08-13,2026-08-13 07:56:11
6574,霈方,130.0,128.0,136.5,128.0,57.12,65.08,51.87,3.9,3.32,0.58,147.65,128.85,110.05,156,231,0.68,28.59,14.86,3.0,2.31,2026-08-13,2026-08-13 07:56:12
6576,逸達,80.6,79.5,80.7,79.1,77.5,66.71,39.71,-0.32,-0.29,-0.02,82.98,80.28,77.58,142,72,1.96,126.98,,,,2026-08-13,2026-08-13 07:56:13
6577,勁豐,79.5,80.4,80.8,79.4,47.28,39.32,17.47,0.44,0.79,-0.35,90.02,80.63,71.24,70,55,1.26,47.75,13.66,5.0,6.29,2026-08-13,2026-08-13 07:56:14
6578,達邦蛋白,18.25,18.8,18.8,18.0,69.01,71.47,78.67,0.57,0.42,0.15,19.46,17.15,14.84,32,48,0.66,13.13,,0.4,2.19,2026-08-13,2026-08-13 07:56:15
6579,研揚,157.0,161.5,163.0,156.0,30.82,40.86,36.42,0.04,1.05,-1.01,184.42,163.97,143.53,718,1005,0.71,197.31,21.51,3.75,2.39,2026-08-13,2026-08-13 07:56:16
6580,台睿,13.3,13.25,13.5,13.0,62.02,60.23,51.19,-0.03,-0.06,0.04,14.53,13.38,12.23,31,44,0.71,14.91,,,,2026-08-13,2026-08-13 07:56:17
6581,鋼聯,107.5,107.5,108.5,107.5,41.17,55.69,53.85,0.06,0.16,-0.1,109.53,108.03,106.52,15,15,1.01,119.62,17.8,5.3,4.93,2026-08-13,2026-08-13 07:56:18
6582,申豐,31.55,31.75,31.8,31.55,37.98,37.24,39.13,-0.17,-0.14,-0.03,32.6,31.92,31.24,57,49,1.16,33.5,,1.0,3.17,2026-08-13,2026-08-13 07:56:19
6583,友松,11.35,11.35,11.35,11.35,31.42,33.83,25.0,-0.19,-0.19,0.0,12.0,11.56,11.12,1,0,2.5,1.81,,2.0,17.62,2026-08-13,2026-08-13 07:56:19
6584,南俊國際,597.0,580.0,597.0,573.0,83.53,70.13,58.16,-18.96,-35.68,16.72,616.36,511.88,407.39,581,874,0.67,421.6,77.94,1.5,0.25,2026-08-13,2026-08-13 07:56:20
6585,鼎基,120.0,118.5,120.5,118.5,69.58,62.53,47.13,-1.21,-1.5,0.29,129.72,118.55,107.38,191,406,0.47,86.56,25.42,4.5,3.75,2026-08-13,2026-08-13 07:56:21
6586,醣基,113.5,113.0,116.5,110.5,36.73,39.09,47.01,0.81,2.14,-1.33,128.41,117.4,106.39,493,672,0.73,242.9,,,,2026-08-13,2026-08-13 07:56:22
6588,東典光電,93.7,99.1,100.5,93.4,51.11,53.47,59.65,1.33,-0.25,1.57,103.98,85.62,67.27,2321,1668,1.39,32.51,,,,2026-08-13,2026-08-13 07:56:23
6589,台康生技,50.8,51.1,51.3,50.5,79.83,77.38,67.93,1.09,0.52,0.57,52.02,47.27,42.52,646,982,0.66,153.86,89.12,,,2026-08-13,2026-08-13 07:56:24
6590,普鴻,65.3,65.9,67.0,65.3,64.17,54.29,45.65,-0.54,-0.59,0.05,67.27,65.38,63.5,13,15,0.85,16.3,12.75,2.8,4.29,2026-08-13,2026-08-13 07:56:25
6591,動力-KY,45.9,44.8,47.0,44.05,66.84,68.05,53.09,-0.8,-1.19,0.39,46.0,44.25,42.51,225,157,1.43,18.88,11.36,4.0,8.71,2026-08-13,2026-08-13 07:56:26
6592,和潤企業,61.7,61.6,61.8,61.3,66.32,51.4,55.56,0.3,0.22,0.08,61.72,60.64,59.55,358,385,0.93,396.02,12.72,3.0,4.86,2026-08-13,2026-08-13 07:56:27
6593,台灣銘板,32.15,33.85,33.85,32.1,23.24,24.57,32.73,-0.41,-0.43,0.02,33.77,32.74,31.71,31,26,1.22,10.24,,0.45,1.4,2026-08-13,2026-08-13 07:56:28
6595,光禹國際,30.35,30.35,30.35,30.35,91.08,84.21,55.41,0.04,-0.1,0.14,30.77,29.84,28.9,0,144,0.0,15.11,,0.25,0.82,2026-08-13,2026-08-13 07:56:29
6596,寬宏藝術,94.3,94.0,95.1,93.5,77.61,71.0,69.82,0.03,-0.86,0.89,92.64,88.28,83.92,222,199,1.12,35.83,5.53,18.7,19.83,2026-08-13,2026-08-13 07:56:30
6597,立誠,68.0,69.9,69.9,68.0,91.6,88.09,67.44,0.49,-0.55,1.04,69.77,62.98,56.18,4,5,0.77,19.86,81.93,1.0,1.47,2026-08-13,2026-08-13 07:56:31
6598,ABC-KY,27.75,27.65,28.15,27.5,21.78,38.28,50.17,0.83,1.27,-0.44,32.04,28.96,25.88,233,395,0.59,28.53,,,,2026-08-13,2026-08-13 07:56:31
6599,普達系統,38.15,38.1,38.15,38.1,29.4,37.17,53.06,-0.74,-0.9,0.16,39.56,38.51,37.47,0,0,5.0,8.01,14.73,2.1,5.5,2026-08-12,2026-08-13 07:56:32
6603,富強鑫,28.85,28.35,29.3,28.0,76.52,73.21,71.76,0.8,0.55,0.25,28.44,25.72,23.01,4858,3393,1.43,47.9,46.53,0.3,1.04,2026-08-13,2026-08-13 07:56:33
6604,儒億,30.5,30.65,31.65,30.0,29.26,39.84,31.61,-0.72,-0.45,-0.27,34.88,32.91,30.95,58,65,0.89,,,1.3,4.26,2026-08-13,2026-08-13 07:56:34
6605,帝寶,136.5,138.5,138.5,134.5,68.58,69.61,56.9,1.78,1.41,0.37,140.33,133.95,127.57,363,695,0.52,226.34,10.37,6.5,4.76,2026-08-13,2026-08-13 07:56:35
6606,建德工業,27.2,26.85,27.25,26.85,87.54,85.89,72.22,0.4,0.3,0.09,26.99,26.11,25.23,202,196,1.03,30.0,25.42,1.03,3.79,2026-08-13,2026-08-13 07:56:36
6609,瀧澤科,39.55,39.6,40.25,39.5,80.16,72.33,56.67,-0.39,-0.78,0.4,40.81,38.13,35.45,130,170,0.77,28.66,,0.77,1.95,2026-08-13,2026-08-13 07:56:37
6610,安成生技,27.1,27.0,27.25,26.8,75.13,65.53,50.0,-0.11,-0.17,0.06,27.61,26.82,26.03,185,143,1.3,56.25,,,,2026-08-13,2026-08-13 07:56:38
6612,奈米醫材,73.0,74.0,74.0,72.3,74.5,74.6,59.09,0.43,-0.0,0.43,74.79,71.24,67.68,28,21,1.33,34.42,82.95,0.3,0.41,2026-08-13,2026-08-13 07:56:39
6613,朋億*,270.5,275.0,281.5,270.0,20.23,28.96,38.22,-14.33,-12.2,-2.13,340.0,290.75,241.5,621,876,0.71,210.45,19.12,10.0,3.7,2026-08-13,2026-08-13 07:56:40
6614,資拓宏宇,36.0,36.15,36.45,35.85,24.98,23.05,27.43,-0.65,-0.57,-0.07,39.41,37.07,34.73,13,35,0.39,29.04,13.38,1.65,4.58,2026-08-13,2026-08-13 07:56:40
6615,慧智,34.0,34.25,34.25,33.95,40.92,48.39,50.0,-0.2,-0.24,0.04,35.25,34.11,32.97,16,9,1.78,7.34,87.18,0.3,0.88,2026-08-13,2026-08-13 07:56:41
6616,特昇-KY,8.67,8.65,8.69,8.53,26.64,26.23,33.72,-0.12,-0.11,-0.01,9.22,8.88,8.54,12,13,0.94,3.08,,,,2026-08-13,2026-08-13 07:56:42
6617,共信-KY,102.0,100.5,103.5,99.6,68.88,63.99,67.53,3.03,1.26,1.77,112.67,90.65,68.63,419,1338,0.31,123.54,,,,2026-08-13,2026-08-13 07:56:43
6618,永虹先進,19.45,20.65,20.65,19.0,52.36,50.19,47.71,-0.16,-0.25,0.08,21.14,19.55,17.96,649,431,1.51,20.39,,,,2026-08-13,2026-08-13 07:56:44
6620,漢達,80.8,77.2,81.0,77.2,23.64,20.87,46.54,-2.14,-1.0,-1.14,94.05,85.42,76.79,379,664,0.57,131.32,16.26,2.07,2.56,2026-08-13,2026-08-13 07:56:45
6621,華宇藥,11.5,11.15,11.9,11.1,49.02,40.6,53.09,-0.1,-0.13,0.03,11.62,11.12,10.62,151,48,3.11,4.14,,,,2026-08-13,2026-08-13 07:56:46
6622,百聿數碼,7.21,7.18,7.28,6.92,79.99,61.93,55.33,0.01,-0.05,0.06,7.3,6.88,6.46,50,47,1.05,2.47,,,,2026-08-13,2026-08-13 07:56:47
6624,萬年清,40.4,40.1,42.35,40.1,50.79,59.21,53.6,0.02,-0.19,0.22,44.65,40.75,36.84,13,5,2.24,8.44,84.17,0.29,0.72,2026-08-13,2026-08-13 07:56:48
6625,必應,77.5,78.1,78.1,76.9,71.33,70.88,59.35,0.11,-0.15,0.26,78.85,75.97,73.09,79,142,0.56,44.93,7.55,5.0,6.45,2026-08-13,2026-08-13 07:56:49
6629,泰金-KY,112.0,113.0,116.5,110.5,81.58,77.97,61.22,1.04,-0.32,1.36,113.98,106.12,98.27,41,41,0.99,42.98,15.95,6.2,5.54,2026-08-13,2026-08-13 07:56:50
6634,欣耀,55.5,56.4,56.4,54.0,41.66,49.87,36.55,-2.04,-2.03,-0.01,65.0,58.68,52.35,77,87,0.88,39.57,,,,2026-08-13,2026-08-13 07:56:51
6637,醫影,61.8,62.0,62.0,61.2,47.02,46.41,37.31,-0.65,-0.65,-0.0,63.94,62.25,60.57,31,70,0.45,16.57,9.04,4.5,7.28,2026-08-13,2026-08-13 07:56:51
6638,沅聖,50.5,49.0,50.7,48.35,54.46,54.88,38.0,0.03,0.16,-0.14,55.8,50.61,45.42,32,13,2.33,15.15,,1.0,1.98,2026-08-13,2026-08-13 07:56:52
6639,源大環能,4.85,4.81,4.94,4.75,64.86,51.82,43.95,-0.31,-0.36,0.05,5.91,5.04,4.17,101,79,1.28,2.8,,,,2026-08-13,2026-08-13 07:56:53
6640,均華,995.0,1020.0,1035.0,995.0,67.97,67.5,56.09,-11.93,-35.19,23.26,1049.17,912.6,776.03,238,268,0.89,285.36,63.38,15.0,1.51,2026-08-13,2026-08-13 07:56:54
6641,基士德-KY,17.8,17.85,17.9,17.6,65.29,72.03,48.98,-0.01,-0.05,0.04,18.35,17.75,17.14,23,11,2.03,6.5,37.08,0.4,2.25,2026-08-13,2026-08-13 07:56:55
6642,富致,86.7,87.2,88.9,85.6,82.93,78.08,67.58,1.48,-0.25,1.74,87.3,76.85,66.4,785,1069,0.73,32.43,34.82,1.8,2.08,2026-08-13,2026-08-13 07:56:56
6643,M31,447.5,456.5,467.0,447.5,71.11,66.15,55.52,-2.67,-11.36,8.69,470.45,420.8,371.15,554,611,0.91,188.32,8950.0,1.19,0.27,2026-08-13,2026-08-13 07:56:58
6645,金萬林-創,13.6,13.35,13.6,13.3,75.56,62.47,45.1,-0.29,-0.33,0.05,13.87,13.42,12.96,50,18,2.76,8.21,,,,2026-08-13,2026-08-13 07:56:58
6648,斯其大,15.6,15.25,16.05,15.2,81.34,81.24,52.88,0.02,-0.14,0.16,16.38,15.17,13.96,88,24,3.62,8.19,,,,2026-08-13,2026-08-13 07:56:59
6649,台生材,35.15,35.3,35.5,35.15,23.59,35.9,30.08,-0.73,-0.59,-0.15,38.93,36.77,34.62,22,20,1.1,14.76,57.62,1.0,2.84,2026-08-13,2026-08-13 07:57:00
6650,帝圖,27.95,28.6,28.6,27.0,74.61,70.13,37.35,-0.06,-0.02,-0.03,29.69,28.54,27.39,16,3,4.56,8.69,26.37,1.05,3.76,2026-08-13,2026-08-13 07:57:01
6651,全宇昕,142.0,139.5,149.0,139.5,85.57,81.54,69.23,-0.09,-3.44,3.35,141.58,123.6,105.62,455,331,1.37,49.13,21.01,4.0,2.82,2026-08-13,2026-08-13 07:57:02
6654,天正國際,181.0,181.0,191.0,181.0,75.58,70.0,51.74,-0.27,-2.13,1.86,192.86,170.85,148.84,57,41,1.39,67.45,354.9,,,2026-08-13,2026-08-13 07:57:10
6655,科定,117.0,117.5,117.5,115.5,48.36,46.22,48.39,-0.46,-0.41,-0.06,120.87,118.35,115.83,6,5,1.21,91.91,28.89,6.0,5.13,2026-08-13,2026-08-13 07:57:11
6657,華安,31.55,30.3,31.7,30.3,65.31,50.15,36.0,-1.2,-1.32,0.12,36.42,32.12,27.83,117,90,1.3,27.73,,,,2026-08-13,2026-08-13 07:57:12
6658,聯策,174.0,171.0,176.0,168.0,86.92,74.81,62.33,-4.12,-8.52,4.4,174.3,153.25,132.2,336,321,1.04,63.28,142.62,1.2,0.69,2026-08-13,2026-08-13 07:57:13
6659,天明製藥,19.0,18.75,20.25,18.75,57.31,67.65,47.41,-0.21,-0.21,0.01,20.12,18.91,17.69,77,43,1.79,,,,,2026-08-13,2026-08-13 07:57:14
6661,威健生技,16.8,17.4,17.5,16.6,48.09,58.0,41.86,-0.08,-0.03,-0.05,18.4,17.55,16.69,18,4,4.11,3.92,,,,2026-08-13,2026-08-13 07:57:15
6662,樂斯科,28.6,28.5,28.6,28.5,43.93,45.27,44.46,0.09,0.12,-0.03,29.54,28.69,27.83,4,11,0.36,7.33,16.92,1.55,5.42,2026-08-13,2026-08-13 07:57:15
6664,群翊,358.5,374.5,374.5,358.5,72.91,69.29,54.39,-3.57,-7.74,4.17,373.99,344.31,314.63,238,290,0.82,217.99,25.68,10.14,2.83,2026-08-13,2026-08-13 07:57:17
6665,康聯生醫,18.15,17.75,18.15,17.7,59.48,58.71,36.99,-0.39,-0.38,-0.02,19.61,18.66,17.71,13,24,0.54,8.23,95.53,0.15,0.83,2026-08-13,2026-08-13 07:57:19
6666,羅麗芬-KY,42.65,42.75,42.8,42.2,44.88,45.32,41.18,-0.35,-0.09,-0.26,46.03,43.82,41.61,32,23,1.36,20.21,19.75,2.0,4.69,2026-08-13,2026-08-13 07:57:19
6667,信紘科,225.5,230.0,231.0,224.5,48.65,54.67,41.51,-6.62,-7.31,0.69,249.1,232.12,215.15,205,210,0.98,111.12,16.13,11.71,5.19,2026-08-13,2026-08-13 07:57:21
6668,中揚光,36.4,37.55,37.6,36.3,47.56,40.55,56.94,-0.32,-0.7,0.38,37.22,35.03,32.84,510,574,0.89,38.99,19.36,,,2026-08-13,2026-08-13 07:57:22
6669,緯穎,6070.0,6095.0,6195.0,6020.0,69.89,73.69,56.16,276.8,247.5,29.31,6658.57,5609.75,4560.93,1337,1368,0.98,33841.61,21.08,144.39,2.38,2026-08-13,2026-08-13 07:57:23
6670,復盛應用,267.0,266.5,269.5,264.5,68.17,62.33,49.53,1.49,1.17,0.32,272.91,263.6,254.29,237,214,1.11,372.16,13.24,16.0,5.99,2026-08-13,2026-08-13 07:57:24
6671,三能-KY,22.9,22.95,22.95,22.6,60.43,59.5,68.97,-0.18,-0.25,0.07,23.46,22.83,22.21,8,83,0.1,13.91,10.22,1.2,5.24,2026-08-13,2026-08-13 07:57:24
6672,騰輝電子-KY,264.5,269.5,272.5,260.0,89.88,81.43,64.18,1.24,-6.14,7.38,273.62,226.07,178.53,4538,5066,0.9,188.95,50.09,3.35,1.27,2026-08-13,2026-08-13 07:57:25
6673,和詮,14.4,14.75,14.75,14.05,73.85,68.58,51.07,-0.45,-0.78,0.33,16.06,13.61,11.16,144,139,1.03,3.84,,,,2026-08-13,2026-08-13 07:57:26
6674,鋐寶科技,15.05,15.3,15.3,15.05,38.55,44.15,27.91,-0.41,-0.42,0.01,16.4,15.62,14.85,7,14,0.49,10.32,,,,2026-08-13,2026-08-13 07:57:27
6676,祥翊,12.75,12.55,13.1,12.3,46.78,33.2,46.15,-0.22,-0.24,0.02,13.33,12.6,11.87,512,260,1.96,21.63,,,,2026-08-13,2026-08-13 07:57:28
6677,瑩碩生技,16.5,16.5,16.8,16.1,69.32,67.11,55.36,-0.15,-0.23,0.09,16.57,16.12,15.67,22,34,0.65,9.24,,,,2026-08-13,2026-08-13 07:57:29
6679,鈺太,213.0,213.0,218.0,212.5,45.65,49.57,45.13,-9.75,-11.99,2.24,236.08,215.18,194.27,215,221,0.97,113.5,25.24,6.5,3.05,2026-08-13,2026-08-13 07:57:30
6680,鑫創電子,51.2,52.6,52.6,51.2,36.3,48.33,39.57,0.36,0.6,-0.24,57.1,53.67,50.25,2,6,0.3,12.63,,3.05,5.96,2026-08-12,2026-08-13 07:57:31
6682,華旭先進,37.1,40.2,40.2,37.1,52.53,65.07,42.71,-2.68,-3.46,0.78,42.78,38.55,34.31,740,544,1.36,56.43,,,,2026-08-13,2026-08-13 07:57:32
6683,雍智科技,1395.0,1315.0,1395.0,1315.0,91.51,80.41,59.77,-59.27,-113.9,54.62,1404.9,1139.05,873.2,639,547,1.17,384.36,79.04,9.0,0.65,2026-08-13,2026-08-13 07:57:32
6684,安格,49.95,50.2,51.3,49.95,72.33,67.37,52.97,-0.76,-1.26,0.5,51.79,48.43,45.06,95,135,0.7,22.26,,,,2026-08-13,2026-08-13 07:57:33
6689,伊雲谷,63.5,63.9,63.9,61.2,74.61,75.29,63.85,0.48,-0.3,0.78,65.11,59.84,54.57,129,165,0.78,43.05,28.1,2.0,3.15,2026-08-13,2026-08-13 07:57:34
6690,安碁資訊,168.0,165.0,168.0,163.5,78.0,72.05,61.22,0.26,-0.37,0.63,168.45,162.68,156.9,92,38,2.38,50.4,15.95,9.0,5.36,2026-08-13,2026-08-13 07:57:35
6691,洋基工程,728.0,741.0,743.0,726.0,77.28,72.82,52.99,4.83,-2.27,7.1,774.04,696.55,619.06,400,548,0.73,877.95,26.99,21.0,2.88,2026-08-13,2026-08-13 07:57:36
6692,進能服,24.0,24.0,24.35,23.8,71.35,63.66,59.09,-0.31,-0.55,0.24,24.31,23.11,21.92,33,31,1.04,13.91,,0.2,0.83,2026-08-13,2026-08-13 07:57:37
6693,廣閎科,185.0,185.0,197.0,184.5,67.25,62.85,50.82,-5.88,-9.2,3.32,207.28,172.85,138.42,1443,1437,1.0,83.34,137.04,0.6,0.32,2026-08-13,2026-08-13 07:57:38
6695,芯鼎,51.5,52.0,52.5,51.1,64.25,57.55,48.43,-1.24,-1.5,0.27,56.27,50.96,45.65,499,522,0.96,49.69,,,,2026-08-13,2026-08-13 07:57:39
6696,仁新,881.0,799.0,891.0,787.0,86.71,78.75,62.78,63.51,52.56,10.96,851.98,706.9,561.82,1861,2138,0.87,7305.25,,,,2026-08-13,2026-08-13 07:57:40
6697,東捷資訊,41.35,41.9,41.9,40.8,78.9,75.41,55.37,-0.05,-0.24,0.19,41.55,40.37,39.18,19,22,0.85,11.3,14.02,2.6,6.29,2026-08-13,2026-08-13 07:57:41
6698,旭暉應材,32.1,32.6,32.95,31.95,50.2,58.82,39.92,-1.34,-1.49,0.15,36.59,33.29,29.99,312,167,1.87,21.12,,0.5,1.56,2026-08-13,2026-08-13 07:57:42
6703,軒郁,103.5,103.5,104.0,103.0,63.8,72.95,37.04,0.36,0.62,-0.26,108.42,105.47,102.53,73,88,0.82,37.27,11.3,8.73,8.43,2026-08-13,2026-08-13 07:57:43
6704,國璽幹細胞,19.0,19.0,19.5,18.5,42.98,43.07,30.56,-0.34,-0.31,-0.04,20.5,19.49,18.49,42,48,0.87,20.13,,,,2026-08-13,2026-08-13 07:57:44
6705,振躍精密,120.0,110.5,120.5,103.0,82.89,71.96,81.33,4.19,1.53,2.66,110.33,94.62,78.92,272,156,1.75,21.6,44.28,2.3,1.92,2026-08-13,2026-08-13 07:57:45
6706,惠特,122.5,126.0,126.5,121.0,83.74,74.77,59.31,-4.66,-8.99,4.33,127.11,108.72,90.33,1629,2044,0.8,96.22,20.38,,,2026-08-13,2026-08-13 07:57:46
6707,富基電通,34.0,34.45,35.05,33.35,76.05,77.0,57.55,0.48,-0.06,0.53,35.53,31.75,27.97,202,273,0.74,20.06,13.03,,,2026-08-13,2026-08-13 07:57:47
6708,天擎,37.9,37.8,37.9,37.8,52.83,68.61,55.0,-0.21,-0.24,0.04,39.47,38.2,36.93,3,5,0.65,10.84,,,,2026-08-13,2026-08-13 07:57:48
6709,昱厚生技,25.9,25.1,25.9,25.1,84.3,79.64,65.57,0.4,0.16,0.24,26.98,24.75,22.52,9,25,0.35,17.97,,,,2026-08-13,2026-08-13 07:57:49
6712,長聖,147.5,150.0,150.0,147.0,52.49,62.89,50.0,-0.5,-0.54,0.03,155.14,148.82,142.51,488,368,1.33,141.07,29.32,3.33,2.26,2026-08-13,2026-08-13 07:57:50
6715,嘉基,390.5,400.0,430.0,383.5,72.9,62.43,45.24,-10.5,-17.97,7.46,433.78,365.74,297.7,1351,654,2.07,263.23,185.95,1.93,0.49,2026-08-13,2026-08-13 07:57:51
6716,應廣,117.5,111.5,119.5,109.0,91.41,83.28,78.87,4.25,-0.28,4.52,112.48,87.02,61.56,1694,1004,1.69,35.53,33.19,1.6,1.36,2026-08-13,2026-08-13 07:57:52
6719,力智,208.0,208.0,214.5,207.0,49.9,50.35,35.84,-9.7,-10.32,0.62,242.04,214.03,186.03,1549,1105,1.4,219.48,29.89,4.6,2.21,2026-08-13,2026-08-13 07:57:53
6720,久昌,138.0,135.5,139.5,135.5,64.0,70.76,57.14,-0.8,-1.55,0.76,140.49,136.6,132.71,13,17,0.76,40.95,50.36,3.5,2.54,2026-08-13,2026-08-13 07:57:54
6721,信實,52.1,51.3,52.1,51.1,45.66,35.66,43.24,-0.6,-0.69,0.08,52.94,52.17,51.41,14,15,0.91,11.72,10.95,3.3,6.33,2026-08-13,2026-08-13 07:57:55
6722,輝創,32.8,33.0,33.1,32.6,48.5,50.22,28.75,-0.56,-0.59,0.03,34.93,33.5,32.07,28,24,1.16,29.0,11.93,2.0,6.1,2026-08-13,2026-08-13 07:57:56
6723,傑智環境,30.05,28.5,30.45,28.45,26.6,29.05,19.82,-1.3,-0.93,-0.36,36.99,33.27,29.55,117,64,1.84,9.03,7.69,2.5,8.32,2026-08-13,2026-08-13 07:57:57
6725,矽科宏晟,245.0,250.5,255.0,245.0,50.9,49.55,29.33,-15.29,-15.69,0.4,310.29,261.56,212.82,246,112,2.2,90.67,18.89,7.0,2.86,2026-08-13,2026-08-13 07:57:58
6727,亞泰金屬,393.0,408.0,408.0,390.0,64.1,63.69,53.69,-6.8,-15.63,8.83,432.22,361.23,290.23,663,641,1.03,105.65,46.29,4.5,1.15,2026-08-13,2026-08-13 07:57:59
6728,上洋,105.0,105.0,106.0,105.0,84.7,83.41,61.57,0.61,0.31,0.3,106.68,103.5,100.32,21,29,0.75,31.63,11.81,6.5,6.19,2026-08-13,2026-08-13 07:57:59
6729,機光科技,41.0,41.0,41.3,40.0,46.59,43.58,34.21,-2.62,-2.63,0.01,52.71,44.57,36.43,15,22,0.68,11.34,54.67,1.0,2.44,2026-08-13,2026-08-13 07:58:00
6730,常廣,34.0,34.0,34.0,33.5,40.53,54.48,48.65,-0.39,-0.41,0.02,35.62,34.34,33.07,21,16,1.31,12.34,16.92,1.5,4.41,2026-08-13,2026-08-13 07:58:01
6732,昇佳電子,156.5,157.5,158.5,156.0,57.95,50.41,34.07,-6.79,-6.19,-0.6,200.52,165.72,130.93,111,125,0.88,76.55,24.8,5.5,3.51,2026-08-13,2026-08-13 07:58:03
6733,博晟生醫,25.1,25.35,25.65,24.95,14.64,26.49,53.93,0.15,0.29,-0.14,28.88,25.76,22.64,121,108,1.12,33.71,,,,2026-08-13,2026-08-13 07:58:04
6734,安盛生,6.27,6.57,6.6,6.27,36.17,49.61,47.15,-0.07,-0.06,-0.02,7.04,6.58,6.12,3,31,0.12,2.6,,,,2026-08-13,2026-08-13 07:58:04
6735,美達科技,65.7,67.6,67.9,65.6,46.58,52.87,48.81,-3.87,-5.12,1.25,71.87,65.27,58.68,151,228,0.67,30.34,117.32,0.7,1.07,2026-08-13,2026-08-13 07:58:06
6737,秀育,29.8,29.8,29.8,29.8,81.15,83.25,42.86,-0.06,-0.08,0.02,30.51,29.99,29.47,0,2,0.12,17.89,10.21,1.6,5.37,2026-08-13,2026-08-13 07:58:07
6738,鼎��,78.0,77.8,78.0,74.6,93.06,91.16,72.03,2.94,2.5,0.44,82.04,72.67,63.31,825,518,1.59,28.94,,,,2026-08-13,2026-08-13 07:58:08
6739,竹陞科技,1045.0,1065.0,1080.0,1030.0,71.26,65.41,48.32,-24.26,-37.59,13.32,1270.02,1026.1,782.18,175,157,1.11,243.27,54.83,13.0,1.24,2026-08-13,2026-08-13 07:58:09
6741,91APP*-KY,55.8,56.2,56.3,55.5,67.43,65.84,56.67,-0.84,-1.09,0.25,57.21,55.62,54.03,379,280,1.35,61.89,12.68,2.05,3.67,2026-08-13,2026-08-13 07:58:09
6742,澤米,43.9,44.4,44.7,43.9,56.99,61.32,53.37,-2.73,-3.4,0.67,46.78,43.62,40.45,192,231,0.83,30.95,,0.3,0.68,2026-08-13,2026-08-13 07:58:10
6743,安普新,26.85,27.5,27.5,26.85,58.25,47.76,46.65,-0.12,-0.18,0.06,28.4,26.8,25.2,257,387,0.66,39.6,32.74,3.0,11.17,2026-08-13,2026-08-13 07:58:11
6744,豐技生技,14.7,14.0,14.7,14.0,87.53,73.84,34.29,-0.07,-0.05,-0.02,16.27,14.93,13.6,1,0,3.1,2.26,15.64,0.84,5.71,2026-08-12,2026-08-13 07:58:12
6748,亞果生醫,178.0,182.0,201.0,177.0,37.82,44.48,50.39,1.37,5.32,-3.95,243.54,194.15,144.76,787,756,1.04,126.77,,,,2026-08-13,2026-08-13 07:58:13
6750,泰創工程,57.8,59.0,59.2,56.1,80.56,74.05,51.78,-0.64,-1.47,0.83,62.19,55.63,49.06,80,71,1.13,25.84,11.58,3.5,6.06,2026-08-13,2026-08-13 07:58:14
6751,智聯服務,41.75,41.7,41.75,41.6,83.44,76.99,60.29,-0.28,-0.62,0.34,42.49,40.81,39.13,4,3,1.26,9.27,8.09,3.0,7.19,2026-08-13,2026-08-13 07:58:15
6752,叡揚,101.0,100.0,101.0,100.0,57.83,62.01,56.82,0.19,-0.4,0.59,102.84,98.29,93.73,7,24,0.3,37.52,13.63,4.5,4.46,2026-08-13,2026-08-13 07:58:16
6753,龍德造船,144.0,143.0,145.5,142.0,68.67,58.16,54.26,0.36,-0.61,0.97,150.64,136.95,123.26,1160,1943,0.6,168.84,20.9,1.25,0.87,2026-08-13,2026-08-13 07:58:17
6754,匯僑設計,41.95,42.65,42.65,41.9,48.38,48.01,43.88,0.05,0.1,-0.05,42.91,42.26,41.62,23,14,1.58,27.69,12.99,3.5,8.34,2026-08-13,2026-08-13 07:58:17
6755,連鋐科技,14.2,13.45,14.8,13.35,56.7,48.17,52.17,-0.54,-0.7,0.17,14.58,13.66,12.74,252,61,4.12,5.65,,,,2026-08-13,2026-08-13 07:58:18
6756,威鋒電子,99.9,99.0,101.5,99.0,66.54,69.82,53.79,0.75,-0.08,0.82,104.83,95.3,85.77,160,150,1.07,69.92,66.6,0.9,0.9,2026-08-13,2026-08-13 07:58:19
6757,台灣虎航,54.4,55.6,55.6,54.2,31.62,48.49,58.87,0.06,0.1,-0.04,58.14,55.21,52.29,1487,1315,1.13,249.98,8.76,2.42,4.45,2026-08-13,2026-08-13 07:58:20
6758,冠亞,29.1,28.0,29.1,28.0,83.07,85.13,79.31,0.07,-0.03,0.11,29.29,28.54,27.8,0,3,0.02,3.92,26.22,1.0,3.44,2026-08-13,2026-08-13 07:58:21
6761,穩得,180.0,180.0,180.0,173.5,92.72,81.86,65.95,-0.99,-6.88,5.88,181.68,153.32,124.97,1288,944,1.37,62.61,26.05,6.0,3.33,2026-08-13,2026-08-13 07:58:22
6762,達亞,170.0,170.0,170.0,170.0,36.59,40.86,50.0,0.98,1.28,-0.3,180.59,170.15,159.71,1,1,0.86,62.78,,0.5,0.29,2026-08-13,2026-08-13 07:58:23
6763,綠界科技*,42.85,43.35,43.35,42.75,67.7,67.84,49.67,-0.14,-0.39,0.25,44.13,42.23,40.32,139,247,0.57,78.86,10.35,3.0,7.0,2026-08-13,2026-08-13 07:58:24
6767,台微醫,24.8,24.9,24.9,24.5,79.22,66.22,53.85,-0.2,-0.26,0.06,25.58,24.81,24.03,4,2,1.82,9.72,,,,2026-08-13,2026-08-13 07:58:25
6768,志強-KY,66.0,65.6,66.3,64.9,27.64,27.41,40.0,-2.08,-2.18,0.1,72.33,68.42,64.52,539,547,0.99,132.06,12.74,5.16,7.82,2026-08-13,2026-08-13 07:58:25
6770,力積電,74.9,75.0,77.4,72.7,88.69,79.94,66.06,0.35,-1.78,2.14,77.1,63.04,48.99,470649,290926,1.62,3232.42,44.58,0.23,0.31,2026-08-13,2026-08-13 07:58:26
6771,平和環保-創,41.5,40.25,42.15,40.25,63.92,45.73,74.59,0.19,-0.11,0.3,40.2,38.54,36.87,84,52,1.61,12.94,16.09,3.2,7.71,2026-08-13,2026-08-13 07:58:27
6775,穎台科技,32.35,31.7,33.05,31.7,79.28,76.5,63.44,-0.91,-1.8,0.9,33.63,29.67,25.7,143,142,1.0,32.47,,,,2026-08-13,2026-08-13 07:58:28
6776,展碁國際,54.5,53.6,54.5,53.6,54.26,57.69,51.0,-0.2,-0.3,0.1,55.93,53.89,51.86,164,137,1.19,49.91,12.73,3.0,5.5,2026-08-13,2026-08-13 07:58:29
6780,學習王,40.25,40.1,40.25,40.1,83.1,76.69,48.0,0.04,-0.05,0.1,41.1,40.0,38.9,6,3,1.67,6.54,28.15,1.3,3.23,2026-08-13,2026-08-13 07:58:30
6781,AES-KY,1125.0,1155.0,1160.0,1120.0,76.95,77.85,61.89,20.23,-6.48,26.71,1220.93,1015.8,810.67,634,1530,0.41,960.96,28.82,19.1,1.7,2026-08-13,2026-08-13 07:58:30
6782,視陽,207.0,208.0,209.0,205.0,74.03,78.26,69.67,5.66,3.17,2.49,219.03,192.99,166.95,263,505,0.52,130.41,14.07,8.4,4.06,2026-08-13,2026-08-13 07:58:31
6784,天凱科技,19.55,19.8,19.9,18.9,26.61,30.08,12.5,-0.61,-0.47,-0.14,23.12,21.2,19.27,29,113,0.26,3.73,40.73,0.3,1.53,2026-08-13,2026-08-13 07:58:32
6785,昱展新藥,100.0,100.0,100.5,99.0,53.15,46.09,35.59,-4.28,-4.79,0.52,115.04,102.64,90.24,34,44,0.78,66.8,,0.1,0.1,2026-08-13,2026-08-13 07:58:33
6786,芯測,58.9,61.1,62.4,56.2,71.07,66.57,52.23,-2.25,-4.19,1.94,65.04,55.21,45.38,101,118,0.86,18.16,,,,2026-08-13,2026-08-13 07:58:34
6787,晶瑞光,31.1,31.2,31.9,30.9,17.81,20.08,20.09,-0.88,-0.69,-0.19,38.1,33.02,27.94,435,459,0.95,27.21,,,,2026-08-13,2026-08-13 07:58:35
6788,華景電,363.5,368.5,372.0,363.5,82.97,77.03,54.77,-8.6,-15.11,6.52,381.5,342.52,303.55,218,251,0.87,140.82,19.8,15.0,4.13,2026-08-13,2026-08-13 07:58:36
6789,采鈺,451.0,458.5,462.5,449.0,67.28,60.31,45.97,-14.62,-18.57,3.95,503.75,447.15,390.55,1020,1499,0.68,1435.53,96.78,3.0,0.67,2026-08-13,2026-08-13 07:58:37
6790,永豐實,38.0,38.2,38.2,37.85,20.54,26.58,32.56,-0.01,0.1,-0.12,39.33,38.57,37.82,276,128,2.14,101.51,12.42,2.65,6.97,2026-08-13,2026-08-13 07:58:37
6791,虎門科技,102.0,102.0,102.0,101.5,52.51,58.99,42.86,-1.07,-1.28,0.21,106.81,102.07,97.32,22,20,1.1,21.26,20.9,3.5,3.43,2026-08-13,2026-08-13 07:58:38
6792,詠業,59.5,59.0,60.0,58.8,88.34,84.65,71.88,-0.31,-1.32,1.02,59.91,54.68,49.44,65,38,1.7,27.89,26.68,2.5,4.2,2026-08-13,2026-08-13 07:58:39
6793,天力離岸,5.65,5.4,5.69,5.4,54.51,51.05,42.86,-0.02,-0.0,-0.02,6.29,5.75,5.21,121,116,1.04,4.27,,,,2026-08-13,2026-08-13 07:58:40
6794,向榮生技,71.0,75.3,75.3,70.1,25.97,30.23,23.62,-1.53,-1.25,-0.28,79.39,75.94,72.48,116,47,2.43,45.18,,,,2026-08-13,2026-08-13 07:58:41
6796,晉弘,60.0,59.1,63.0,59.1,67.91,65.7,54.07,0.24,-0.28,0.52,61.2,57.72,54.24,58,52,1.11,24.14,,0.25,0.42,2026-08-13,2026-08-13 07:58:42
6797,圓點奈米,12.4,12.6,12.6,11.9,28.48,34.78,48.89,-0.22,-0.19,-0.04,13.7,12.95,12.2,97,53,1.82,3.73,,,,2026-08-13,2026-08-13 07:58:43
6798,展逸,56.0,56.0,56.0,56.0,65.52,63.33,54.55,0.66,0.82,-0.16,57.95,55.65,53.34,0,1,0.0,10.96,72.73,1.0,1.79,2026-08-13,2026-08-13 07:58:44
6799,來頡,86.1,86.2,87.2,85.8,62.94,64.16,54.95,-1.51,-2.81,1.3,92.47,82.26,72.05,128,303,0.42,37.34,23.72,2.5,2.9,2026-08-13,2026-08-13 07:58:45
6803,崑鼎,268.5,269.5,270.0,267.5,23.32,31.24,28.0,-0.84,-0.65,-0.2,273.47,270.45,267.43,73,65,1.12,195.45,14.54,15.78,5.88,2026-08-13,2026-08-13 07:58:46
6804,明係,18.9,19.55,19.7,18.9,62.12,65.37,60.12,0.84,0.76,0.08,20.65,18.21,15.77,253,314,0.81,8.98,,0.5,2.65,2026-08-13,2026-08-13 07:58:47
6805,富世達,1830.0,1850.0,1915.0,1825.0,87.64,83.98,69.81,70.34,12.14,58.2,1910.85,1513.25,1115.65,2124,2519,0.84,1254.54,46.82,12.5,0.68,2026-08-13,2026-08-13 07:58:47
6807,峰源-KY,38.0,38.3,38.3,36.9,94.28,93.08,80.45,1.13,0.77,0.36,38.7,35.4,32.09,10,9,1.11,20.52,11.24,2.5,6.58,2026-08-13,2026-08-13 07:58:48
6808,三鼎生技,35.95,36.3,36.3,35.85,28.12,39.71,15.0,0.35,1.16,-0.81,42.07,39.02,35.97,75,147,0.51,27.68,42.8,0.13,0.36,2026-08-13,2026-08-13 07:58:50
6810,新穎生醫,24.1,24.1,24.15,23.95,73.17,54.12,57.01,-0.35,-0.74,0.39,24.73,22.2,19.68,20,64,0.31,11.92,,,,2026-08-13,2026-08-13 07:58:51
6811,宏碁資訊,237.5,229.5,239.5,229.5,60.15,56.39,49.73,2.75,2.75,0.0,250.64,231.6,212.56,218,154,1.42,98.44,15.92,10.5,4.42,2026-08-13,2026-08-13 07:58:51
6812,梭特,56.0,55.8,56.1,54.9,69.21,72.63,41.15,-2.35,-2.87,0.52,63.03,57.16,51.3,26,38,0.7,17.14,175.0,,,2026-08-13,2026-08-13 07:58:52
6814,路迦生醫,22.1,23.0,24.1,21.4,41.44,52.6,30.4,-0.36,-0.26,-0.1,25.18,23.78,22.39,62,24,2.52,9.25,,,,2026-08-13,2026-08-13 07:58:54
6815,晶鑽生醫,24.95,24.95,25.0,23.2,41.18,35.01,31.25,-1.01,-0.94,-0.07,30.0,26.53,23.06,24,17,1.41,9.85,,0.2,0.8,2026-08-13,2026-08-13 07:58:55
6816,捷智商訊,36.5,34.7,36.5,34.7,55.86,53.09,25.0,-0.34,-0.3,-0.04,38.08,36.84,35.6,1,0,4.63,4.45,14.48,2.3,6.3,2026-08-13,2026-08-13 07:58:56
6817,溫士頓,50.1,49.85,50.6,49.4,30.11,28.87,14.63,-2.23,-2.1,-0.13,59.83,53.4,46.96,47,32,1.48,9.23,7.86,5.0,9.98,2026-08-13,2026-08-13 07:58:57
6818,連騰,46.15,46.6,46.9,44.7,48.64,54.02,45.39,-2.03,-2.52,0.49,50.08,46.69,43.3,3,19,0.16,11.77,25.5,1.0,2.17,2026-08-13,2026-08-13 07:58:58
6819,眾智,40.9,45.2,51.0,38.95,61.55,64.21,52.3,0.38,-0.27,0.66,42.91,38.44,33.97,420,178,2.36,13.9,,,,2026-08-13,2026-08-13 07:58:59
6820,連訊,301.0,286.0,317.0,286.0,77.52,74.64,60.91,8.38,2.12,6.26,309.75,261.62,213.5,161,106,1.52,66.86,1037.93,0.3,0.1,2026-08-13,2026-08-13 07:59:00
6821,聯寶,43.0,44.1,44.25,43.0,66.54,62.13,52.48,-2.76,-3.67,0.91,45.6,41.81,38.02,198,126,1.58,13.18,40.57,1.09,2.53,2026-08-13,2026-08-13 07:59:01
6823,濾能,62.8,62.9,64.0,62.3,36.93,44.39,48.51,-0.98,-1.17,0.19,67.44,63.56,59.68,65,127,0.51,19.16,,,,2026-08-13,2026-08-13 07:59:02
6825,和暢科技,43.0,44.2,44.7,43.0,73.24,78.33,63.12,0.23,-0.17,0.4,45.34,41.58,37.82,9,21,0.43,14.47,16.1,0.45,1.05,2026-08-13,2026-08-13 07:59:03
6826,和淞,482.0,484.5,491.0,477.0,58.53,65.71,46.21,-7.12,-10.99,3.86,536.73,485.7,434.67,141,137,1.03,412.3,17.87,14.0,2.9,2026-08-13,2026-08-13 07:59:04
6827,巨生醫,10.0,10.15,10.15,9.91,23.01,20.15,36.05,-0.4,-0.44,0.04,11.11,10.43,9.74,34,20,1.64,7.93,,,,2026-08-13,2026-08-13 07:59:05
6829,千附精密,222.0,212.5,226.0,212.5,88.83,77.74,62.21,-0.92,-5.7,4.78,225.47,192.68,159.88,1274,942,1.35,131.36,53.11,3.5,1.58,2026-08-13,2026-08-13 07:59:06
6830,汎銓,420.5,441.0,443.0,420.0,80.6,76.51,60.07,-7.87,-21.63,13.76,446.79,380.12,313.46,1922,1804,1.07,217.74,28.7,1.0,0.24,2026-08-13,2026-08-13 07:59:07
6831,邁科,678.0,680.0,720.0,669.0,76.06,68.72,50.0,-17.19,-33.73,16.55,721.57,606.02,490.48,2151,1222,1.76,459.07,126.49,3.0,0.44,2026-08-13,2026-08-13 07:59:07
6832,金鼎科,69.5,69.4,69.9,67.4,69.81,64.34,51.71,-2.36,-3.03,0.67,79.53,70.14,60.75,13,14,0.89,18.36,22.13,1.6,2.3,2026-08-13,2026-08-13 07:59:08
6833,太康精密,21.95,21.8,22.65,21.75,67.82,73.97,43.14,-0.2,-0.24,0.04,23.93,22.69,21.45,25,5,4.63,11.14,,,,2026-08-13,2026-08-13 07:59:09
6834,天二科技,107.5,107.0,116.0,107.0,80.75,73.54,62.79,-0.01,-2.54,2.54,112.02,92.36,72.71,9925,7100,1.4,95.11,176.23,0.4,0.37,2026-08-13,2026-08-13 07:59:10
6835,圓裕,31.4,32.0,32.15,31.4,65.87,64.09,51.82,-0.68,-0.89,0.21,32.22,31.12,30.01,21,25,0.85,20.64,241.54,1.01,3.22,2026-08-13,2026-08-13 07:59:11
6838,台新藥,23.05,23.05,23.2,23.05,23.52,23.32,40.51,-0.29,-0.26,-0.04,24.65,23.58,22.51,83,66,1.27,34.8,,,,2026-08-13,2026-08-13 07:59:11
6839,開陽能源,12.05,11.85,12.1,11.85,88.81,86.87,48.0,-0.08,-0.11,0.03,12.29,12.02,11.75,15,21,0.69,9.79,,,,2026-08-13,2026-08-13 07:59:12
6840,東研信超,75.6,72.0,75.6,72.0,89.85,83.16,76.79,2.04,0.64,1.4,72.44,63.11,53.77,1188,308,3.85,23.25,50.4,1.0,1.32,2026-08-13,2026-08-13 07:59:14
6841,長佳智能,53.5,54.2,54.2,53.0,42.14,52.55,32.43,-1.53,-1.52,-0.01,59.68,55.94,52.2,481,265,1.81,50.54,55.15,1.0,1.87,2026-08-13,2026-08-13 07:59:15
6842,一元素,70.4,71.3,72.4,69.3,72.55,68.06,45.14,-3.59,-4.93,1.34,75.42,69.24,63.05,91,86,1.05,16.21,18.77,1.99,2.83,2026-08-13,2026-08-13 07:59:16
6843,進典,39.5,39.5,39.5,39.5,63.62,66.63,50.0,0.14,0.08,0.05,40.41,39.49,38.57,1,1,0.97,13.16,20.47,2.0,5.06,2026-08-13,2026-08-13 07:59:16
6844,諾貝兒,61.5,61.2,61.5,61.0,78.12,60.14,43.18,-0.17,-0.23,0.05,62.38,61.1,59.82,8,18,0.48,23.02,23.65,4.0,6.5,2026-08-13,2026-08-13 07:59:17
6846,綠茵,57.7,56.9,57.7,56.5,18.09,20.61,22.33,-1.3,-0.93,-0.36,65.31,61.53,57.74,18,19,0.95,15.62,14.79,3.94,6.83,2026-08-13,2026-08-13 07:59:18
6847,普瑞博,79.0,80.2,80.2,76.0,85.99,85.29,61.19,0.95,0.45,0.5,83.35,76.14,68.93,55,43,1.27,11.24,,,,2026-08-13,2026-08-13 07:59:19
6848,拉法醫,21.6,22.3,22.55,21.5,75.42,71.78,58.72,0.25,-0.05,0.3,21.62,19.64,17.65,185,89,2.07,3.08,13.17,1.2,5.56,2026-08-13,2026-08-13 07:59:20
6850,光鼎生技,33.8,33.5,34.0,33.5,60.09,58.42,48.31,-0.11,-0.18,0.07,34.52,33.61,32.7,11,5,2.21,11.18,845.0,0.5,1.48,2026-08-13,2026-08-13 07:59:22
6854,錼創科技-KY創,94.0,95.8,96.2,93.7,58.47,60.71,43.37,-5.38,-6.85,1.47,105.49,95.35,85.21,114,143,0.8,110.05,57.67,,,2026-08-13,2026-08-13 07:59:23
6855,數泓科,118.5,119.0,119.0,118.5,83.59,83.23,73.81,1.34,0.32,1.02,119.88,111.92,103.96,4,14,0.3,27.55,17.17,5.5,4.64,2026-08-13,2026-08-13 07:59:25
6856,鑫傳,44.8,45.4,45.4,44.8,78.73,79.89,51.65,0.25,0.21,0.04,46.34,44.63,42.93,9,2,3.19,12.63,16.47,3.0,6.7,2026-08-13,2026-08-13 07:59:25
6857,宏�硒撢�,90.0,92.0,92.0,90.0,54.1,64.94,38.1,-0.64,-0.64,0.01,93.86,92.0,90.14,0,1,0.42,13.7,,,,2026-08-13,2026-08-13 07:59:26
6858,愛比科技,23.4,23.4,23.4,23.4,62.71,42.76,65.06,-0.15,-0.35,0.2,24.23,22.17,20.1,0,5,0.0,6.37,,,,2026-08-13,2026-08-13 07:59:27
6859,伯特光,103.5,103.5,103.5,102.0,51.35,49.39,69.23,-3.31,-4.57,1.26,102.35,99.45,96.56,23,42,0.56,43.04,52.54,2.0,1.93,2026-08-13,2026-08-13 07:59:29
6861,睿生光電,220.5,216.0,223.0,213.5,75.37,72.16,56.94,-17.08,-24.5,7.42,233.7,206.85,180.0,333,396,0.84,91.73,45.46,2.0,0.91,2026-08-13,2026-08-13 07:59:29
6862,三集瑞-KY,148.0,148.5,155.5,148.0,77.45,73.83,53.97,-6.12,-9.27,3.15,162.14,141.25,120.36,400,216,1.85,74.0,24.42,5.0,3.38,2026-08-13,2026-08-13 07:59:30
6863,永道-KY,112.5,117.0,117.0,112.0,22.49,43.59,45.19,5.46,7.47,-2.01,145.3,120.29,95.28,357,394,0.91,84.25,103.21,1.5,1.33,2026-08-13,2026-08-13 07:59:31
6864,元樟生技,41.5,42.0,42.0,40.55,75.41,72.46,46.26,-0.75,-1.01,0.26,42.64,41.58,40.52,33,14,2.26,15.66,,,,2026-08-13,2026-08-13 07:59:32
6865,偉康科技,25.3,25.0,25.8,25.0,56.31,58.35,53.42,-0.41,-0.56,0.14,25.65,25.1,24.55,4,5,0.79,3.92,158.12,1.4,5.53,2026-08-13,2026-08-13 07:59:33
6867,坦德科技,24.1,24.2,24.2,23.35,54.02,46.37,22.37,-0.76,-0.68,-0.07,28.16,25.21,22.27,2,2,0.85,5.9,15.06,4.29,17.8,2026-08-13,2026-08-13 07:59:34
6868,采威國際,27.5,27.3,27.7,27.2,87.7,76.07,66.2,-0.09,-0.62,0.52,27.74,25.25,22.77,14,15,0.92,6.89,,1.2,4.36,2026-08-13,2026-08-13 07:59:35
6869,雲豹能源,66.6,67.2,67.5,66.5,58.96,63.99,54.98,-0.69,-1.32,0.63,68.93,65.68,62.42,229,359,0.64,88.83,6.51,2.0,3.0,2026-08-13,2026-08-13 07:59:36
6870,騰雲,261.5,263.5,265.0,255.0,57.79,56.06,53.04,0.07,-0.64,0.71,288.94,256.28,223.62,62,51,1.22,67.17,39.62,3.21,1.23,2026-08-13,2026-08-13 07:59:37
6872,浩宇生醫,15.2,15.55,15.55,15.15,34.37,34.24,37.29,-0.27,-0.34,0.06,16.35,15.6,14.86,20,27,0.73,10.75,,,,2026-08-13,2026-08-13 07:59:38
6873,泓德能源,70.6,72.4,73.0,69.0,23.89,27.87,17.27,-2.81,-2.05,-0.75,88.82,79.91,70.99,1583,758,2.09,98.67,21.79,2.54,3.6,2026-08-13,2026-08-13 07:59:39
6874,倍力,76.7,78.8,79.2,76.7,52.04,62.61,40.82,-1.02,-1.25,0.23,80.93,77.99,75.05,110,50,2.19,16.54,20.56,3.0,3.91,2026-08-13,2026-08-13 07:59:40
6875,國邑*,32.25,32.2,33.3,32.1,38.88,32.2,23.64,-1.01,-0.93,-0.08,36.33,33.77,31.21,119,76,1.55,41.66,,,,2026-08-13,2026-08-13 07:59:41
6876,朗齊生醫*,9.9,10.35,10.5,9.7,9.68,13.94,16.2,-1.38,-1.12,-0.26,16.67,13.19,9.71,1102,684,1.61,7.0,,,,2026-08-13,2026-08-13 07:59:42
6877,鏵友益,128.5,130.0,130.0,126.5,90.22,83.75,55.77,-1.01,-2.87,1.85,135.07,121.75,108.43,24,51,0.47,60.35,,0.5,0.39,2026-08-13,2026-08-13 07:59:43
6878,歐付寶,27.0,25.7,27.25,23.95,62.49,58.32,53.88,3.26,3.15,0.11,31.44,23.83,16.22,134,196,0.68,19.61,,,,2026-08-13,2026-08-13 07:59:43
6879,大江基因,34.0,34.0,34.0,34.0,98.18,92.98,,-0.52,-0.59,0.07,34.84,34.14,33.44,0,0,0.03,9.0,22.37,2.0,5.88,2026-08-13,2026-08-13 07:59:44
6881,潤德,200.0,200.0,200.0,200.0,29.22,30.21,34.62,-5.73,-6.99,1.26,205.48,201.1,196.72,5,6,0.85,30.0,9.64,18.5,9.25,2026-08-13,2026-08-13 07:59:45
6882,甲尚,14.25,14.25,14.25,13.6,61.64,59.75,42.62,-0.79,-0.81,0.02,16.77,15.06,13.35,5,21,0.24,3.31,,0.5,3.51,2026-08-13,2026-08-13 07:59:46
6883,微電能源,1.74,1.85,1.85,1.85,11.63,13.57,13.43,-2.75,-2.69,-0.06,12.42,5.44,-1.54,0,333,0.0,1.33,,,,2026-07-22,2026-08-13 07:59:47
6884,海柏特,30.95,31.1,31.1,30.95,69.33,72.93,45.61,-0.25,-0.32,0.07,33.16,31.3,29.44,11,7,1.46,5.69,15.4,1.5,4.85,2026-08-13,2026-08-13 07:59:48
6885,全福生技,21.0,20.55,21.0,20.05,53.27,48.08,52.7,-0.22,-0.26,0.04,21.25,20.82,20.4,413,247,1.67,27.93,,,,2026-08-13,2026-08-13 07:59:49
6886,遠東生技,46.8,46.8,46.8,46.8,91.46,84.02,42.31,-0.15,-0.17,0.02,48.4,46.91,45.42,0,0,0.01,14.89,24.89,1.0,2.14,2026-08-13,2026-08-13 07:59:50
6887,寶綠特-KY,36.45,36.7,38.3,36.3,29.57,34.3,43.4,0.42,0.67,-0.25,38.63,36.94,35.25,18,31,0.58,27.02,15.78,2.42,6.64,2026-08-13,2026-08-13 07:59:51
6890,來億-KY,177.5,179.5,179.5,176.0,74.41,61.84,56.1,-3.61,-5.7,2.09,180.28,172.22,164.17,192,155,1.24,442.68,17.7,8.97,5.05,2026-08-13,2026-08-13 07:59:51
6891,樂迦再生,38.6,40.0,40.0,38.5,50.87,60.5,44.37,-1.39,-1.75,0.36,43.11,39.63,36.14,266,153,1.74,77.42,,,,2026-08-13,2026-08-13 07:59:52
6892,台寶生醫,24.35,24.2,24.35,23.95,28.65,34.77,39.6,-0.58,-0.48,-0.1,26.98,25.33,23.68,43,65,0.65,22.55,,,,2026-08-13,2026-08-13 07:59:53
6894,衛司特,338.5,342.5,345.5,336.0,58.22,66.18,54.42,-0.86,-3.49,2.63,362.02,330.93,299.83,53,41,1.29,80.56,26.53,8.5,2.51,2026-08-13,2026-08-13 07:59:54
6895,宏碩系統,118.0,119.5,122.0,118.0,37.37,38.31,43.75,-5.39,-6.67,1.28,125.37,118.78,112.18,42,31,1.36,40.24,36.53,2.9,2.46,2026-08-13,2026-08-13 07:59:56
6898,程曦資訊,74.2,74.3,74.3,72.2,49.87,39.4,12.71,-3.83,-4.05,0.23,86.15,77.97,69.79,10,20,0.5,21.53,13.18,5.3,7.14,2026-08-13,2026-08-13 07:59:56
6899,創為精密,50.6,50.8,51.0,50.5,64.91,61.89,38.33,-0.84,-1.11,0.27,52.17,50.64,49.1,17,15,1.09,21.2,13.98,2.8,5.53,2026-08-13,2026-08-13 07:59:57
6901,鑽石投資,17.35,17.2,17.6,17.15,44.66,46.37,55.06,-0.16,-0.14,-0.02,18.39,17.14,15.89,2844,4435,0.64,147.97,,,,2026-08-13,2026-08-13 07:59:58
6902,GOGOLOOK,130.0,133.0,135.5,128.0,78.71,80.27,65.75,-0.14,-1.66,1.53,130.85,122.08,113.3,141,101,1.4,46.19,44.07,,,2026-08-13,2026-08-13 07:59:59
6903,巨漢,320.5,331.0,337.0,320.5,70.86,63.52,38.51,-14.21,-16.52,2.3,376.81,326.57,276.34,413,384,1.08,211.04,19.63,8.5,2.65,2026-08-13,2026-08-13 08:00:00
6904,伯鑫,120.5,120.5,120.5,120.5,74.23,77.95,39.53,0.43,0.49,-0.06,126.82,121.3,115.77,1,1,1.09,22.29,20.18,5.0,4.15,2026-08-13,2026-08-13 08:00:01
6906,現觀科,74.5,71.4,76.6,71.4,67.75,64.95,56.76,-1.73,-2.68,0.96,74.57,70.82,67.07,162,82,1.97,24.02,37.82,1.8,2.42,2026-08-13,2026-08-13 08:00:02
6907,雅特力-KY,170.5,170.5,174.5,168.0,38.61,47.07,37.64,-0.14,2.74,-2.88,233.97,189.38,144.78,1942,2957,0.66,,,,,2026-08-13,2026-08-13 08:00:03
6908,宏碁遊戲-創,33.25,32.65,34.35,32.65,62.26,52.52,38.33,-0.96,-1.0,0.05,36.84,34.12,31.41,12,13,0.9,12.36,18.79,1.24,3.73,2026-08-13,2026-08-13 08:00:04
6909,創控,41.6,42.55,42.95,41.5,62.43,61.42,49.6,-2.03,-2.59,0.56,44.57,41.23,37.88,163,207,0.79,27.96,51.36,1.0,2.4,2026-08-13,2026-08-13 08:00:05
6910,德鴻,25.0,25.15,25.2,24.8,51.9,44.25,56.58,-0.4,-0.59,0.19,25.49,24.7,23.9,22,14,1.53,7.63,12.95,1.75,7.0,2026-08-13,2026-08-13 08:00:05
6911,群運,29.45,29.4,29.45,29.3,84.6,73.53,28.0,-0.29,-0.35,0.05,30.1,29.41,28.72,28,5,5.0,6.6,23.56,2.0,6.79,2026-08-13,2026-08-13 08:00:06
6912,益鈞環科*,11.7,11.95,11.95,11.7,39.45,55.07,46.67,-0.14,-0.17,0.03,12.28,11.98,11.67,107,60,1.78,18.5,,,,2026-08-13,2026-08-13 08:00:07
6913,鴻呈,149.5,150.0,155.0,146.5,85.7,83.02,78.49,6.24,3.11,3.13,153.42,129.55,105.68,1211,1192,1.02,,17.07,2.5,1.67,2026-08-13,2026-08-13 08:00:09
6914,阜爾運通,147.5,148.0,148.0,147.5,52.85,56.81,69.23,0.96,0.92,0.03,148.76,146.28,143.79,54,71,0.76,97.68,15.11,6.0,4.07,2026-08-13,2026-08-13 08:00:10
6915,美強光,41.45,39.5,41.5,39.5,72.33,71.33,49.07,-1.77,-2.77,1.0,46.54,40.17,33.8,15,31,0.48,14.63,,,,2026-08-13,2026-08-13 08:00:11
6916,華凌,18.65,19.05,19.05,18.65,62.12,56.04,41.59,-0.32,-0.42,0.1,20.34,18.68,17.01,21,23,0.9,12.59,,0.28,1.5,2026-08-13,2026-08-13 08:00:12
6917,竟天,32.05,32.1,32.1,31.8,30.87,38.36,47.9,-0.04,0.01,-0.05,34.33,32.46,30.6,118,142,0.83,17.71,,,,2026-08-13,2026-08-13 08:00:13
6918,愛派司,73.0,72.9,73.2,72.6,63.26,61.26,51.28,-0.1,-0.41,0.3,74.31,71.8,69.28,26,30,0.86,24.87,14.29,5.0,6.85,2026-08-13,2026-08-13 08:00:13
6919,康霈*,104.0,109.0,109.0,103.0,55.09,64.89,58.12,1.23,1.17,0.06,112.09,105.14,98.19,8613,5034,1.71,1618.65,19.37,,,2026-08-13,2026-08-13 08:00:14
6920,恆勁科技,80.3,80.3,81.9,79.1,71.84,71.69,58.47,-3.18,-5.11,1.94,88.35,75.41,62.47,650,723,0.9,166.4,,,,2026-08-13,2026-08-13 08:00:15
6921,嘉雨思-創,68.5,65.4,68.5,65.4,86.84,76.89,58.72,-0.58,-1.51,0.93,68.23,63.0,57.76,59,45,1.3,21.81,,,,2026-08-13,2026-08-13 08:00:16
6922,宸曜,206.5,207.0,212.5,204.0,79.87,75.71,58.49,6.94,3.55,3.39,215.58,185.12,154.67,329,473,0.69,56.08,29.67,4.83,2.34,2026-08-13,2026-08-13 08:00:17
6923,中台,76.6,77.3,77.3,75.8,64.71,52.56,43.89,-0.25,-0.32,0.07,79.44,76.38,73.33,49,77,0.64,69.28,24.95,3.03,3.96,2026-08-13,2026-08-13 08:00:18
6924,榮惠-KY創,114.5,114.0,118.0,111.5,81.84,80.23,61.39,-0.61,-2.72,2.11,119.2,106.92,94.63,36,42,0.88,23.61,17.35,5.0,4.37,2026-08-13,2026-08-13 08:00:18
6925,意藍,53.7,53.8,54.2,53.1,60.1,58.76,46.15,-1.26,-1.76,0.49,57.31,53.45,49.59,19,20,0.96,10.74,18.27,2.0,3.72,2026-08-13,2026-08-13 08:00:19
6926,聖安生醫,62.8,63.4,63.5,62.8,90.56,89.52,41.18,-0.21,-0.21,0.0,64.44,63.3,62.16,6,3,2.07,31.27,,,,2026-08-13,2026-08-13 08:00:20
6927,聯合聚晶,75.7,75.8,75.8,74.2,52.93,64.56,58.33,1.72,1.68,0.05,81.6,73.56,65.53,24,64,0.38,28.98,,0.25,0.33,2026-08-13,2026-08-13 08:00:21
6928,攸泰科技,49.3,48.9,49.35,48.2,56.17,51.47,37.5,-0.8,-0.72,-0.07,56.2,49.89,43.59,75,74,1.02,42.4,,0.5,1.01,2026-08-13,2026-08-13 08:00:22
6929,佑全,22.45,22.15,22.45,22.1,46.29,60.69,47.1,-0.05,-0.03,-0.02,24.0,22.96,21.91,13,10,1.23,10.12,,,,2026-08-13,2026-08-13 08:00:24
6931,青松健康,43.55,40.1,43.55,40.1,85.51,71.09,68.7,0.17,-0.37,0.53,41.56,38.65,35.73,394,121,3.25,28.81,22.56,1.08,2.48,2026-08-13,2026-08-13 08:00:25
6932,水星生醫*,6.17,6.21,6.33,5.89,48.81,50.17,56.51,0.03,-0.15,0.18,6.71,5.59,4.47,596,1151,0.52,25.73,,,,2026-08-13,2026-08-13 08:00:25
6933,AMAX-KY,197.5,195.5,201.0,187.5,89.81,82.4,65.7,8.42,4.26,4.15,196.6,166.28,135.95,1066,879,1.21,83.71,33.82,2.5,1.27,2026-08-13,2026-08-13 08:00:26
6934,心誠鎂,72.4,72.9,73.0,72.1,33.66,34.67,32.26,-0.66,-0.02,-0.65,81.74,75.65,69.55,15,32,0.47,26.04,,,,2026-08-13,2026-08-13 08:00:27
6935,王子製藥,30.25,31.35,31.35,26.35,57.73,60.84,59.7,0.35,0.31,0.04,32.16,30.37,28.58,88,44,1.97,11.32,11.59,0.5,1.65,2026-08-13,2026-08-13 08:00:28
6936,永鴻生技,32.1,32.05,32.1,31.9,55.9,51.52,60.0,-0.07,-0.15,0.07,32.17,31.86,31.54,17,19,0.94,23.37,16.98,1.51,4.7,2026-08-13,2026-08-13 08:00:29
6937,天虹,293.5,296.0,309.5,293.0,78.35,68.55,51.13,2.49,-2.11,4.6,304.01,267.7,231.39,800,675,1.18,198.04,90.59,1.4,0.48,2026-08-13,2026-08-13 08:00:30
6938,藍新資訊,97.3,97.5,97.5,95.0,50.08,47.08,52.77,-0.31,-0.25,-0.06,100.0,96.94,93.88,2,6,0.33,12.23,16.69,5.0,5.14,2026-08-13,2026-08-13 08:00:31
6939,啟弘生技,19.65,19.65,19.65,19.65,44.49,36.75,33.02,-0.33,-0.24,-0.09,22.38,20.33,18.29,2,9,0.21,6.88,,,,2026-08-13,2026-08-13 08:00:32
6940,格斯科技*,20.95,20.9,21.5,20.9,37.95,49.94,45.77,-0.7,-0.82,0.13,22.68,21.42,20.16,149,544,0.28,67.15,,,,2026-08-13,2026-08-13 08:00:33
6944,兆聯實業,755.0,758.0,758.0,745.0,52.05,55.24,45.32,2.64,2.93,-0.3,831.84,751.65,671.47,207,309,0.67,752.69,27.69,17.0,2.25,2026-08-13,2026-08-13 08:00:34
6945,圓祥生技,110.0,105.0,110.0,100.5,75.42,71.1,62.96,0.43,-2.18,2.62,111.99,97.31,82.63,501,652,0.77,107.24,,,,2026-08-13,2026-08-13 08:00:35
6946,三地能源,10.15,10.2,10.5,9.98,39.69,39.16,44.3,-0.24,-0.29,0.05,11.0,10.23,9.45,78,42,1.84,32.87,,,,2026-08-13,2026-08-13 08:00:35
6947,台鎔科技,74.6,75.4,75.6,74.5,50.67,53.3,41.4,-1.72,-2.13,0.41,85.99,76.63,67.28,206,330,0.62,79.17,37.3,0.6,0.8,2026-08-13,2026-08-13 08:00:36
6949,沛爾生醫-創,1020.0,1015.0,1055.0,999.0,84.29,73.95,52.69,24.91,15.55,9.36,1106.56,944.2,781.84,161,204,0.79,668.61,,,,2026-08-13,2026-08-13 08:00:37
6951,青新-創,72.1,72.2,72.5,72.0,73.29,62.62,50.98,0.31,0.31,-0.0,72.61,71.51,70.41,18,18,0.98,33.17,14.28,3.54,4.91,2026-08-13,2026-08-13 08:00:38
6952,大武山,38.4,38.8,39.1,38.4,71.15,74.43,63.43,0.83,0.4,0.43,39.73,36.26,32.79,20,39,0.51,25.86,43.15,2.0,5.21,2026-08-13,2026-08-13 08:00:39
6953,家碩,227.5,231.0,235.0,225.5,81.99,77.46,56.06,-1.67,-4.31,2.64,233.69,214.88,196.06,52,23,2.25,68.28,29.62,6.0,2.64,2026-08-13,2026-08-13 08:00:40
6955,邦睿生技-創,125.5,128.0,128.0,125.5,91.44,89.66,77.78,0.78,-1.12,1.9,127.22,117.28,107.33,8,4,1.91,31.13,30.54,1.5,1.2,2026-08-13,2026-08-13 08:00:40
6957,裕慶-KY,216.5,218.0,220.5,215.5,67.62,56.29,40.7,2.49,4.07,-1.58,246.11,220.71,195.32,87,69,1.25,118.7,20.56,9.1,4.2,2026-08-13,2026-08-13 08:00:41
6958,日盛台駿,17.55,17.8,17.8,17.2,33.92,42.03,60.79,0.24,0.29,-0.05,18.11,17.51,16.9,38,43,0.89,81.34,,0.2,1.14,2026-08-13,2026-08-13 08:00:42
6959,兆捷科技,111.0,114.5,114.5,110.5,58.04,52.86,41.88,-4.17,-5.6,1.43,125.29,110.44,95.59,31,114,0.28,43.48,,,,2026-08-13,2026-08-13 08:00:43
6961,旅天下,51.8,51.7,51.8,51.5,54.17,44.12,38.71,-0.58,-0.66,0.08,53.31,51.99,50.66,16,11,1.39,13.9,17.5,5.0,9.65,2026-08-13,2026-08-13 08:00:44
6962,奕力-KY,33.7,34.45,34.75,33.45,81.17,76.55,61.7,-0.21,-0.76,0.55,34.57,31.61,28.65,1816,2295,0.79,165.94,22.77,1.0,2.97,2026-08-13,2026-08-13 08:00:45
6963,品元,28.3,28.3,28.3,28.3,97.8,93.54,60.11,0.67,0.37,0.3,29.29,26.44,23.59,2,7,0.26,4.52,,,,2026-08-13,2026-08-13 08:00:46
6965,中傑-KY,75.8,74.6,76.6,74.6,26.86,30.06,44.17,-0.61,-0.36,-0.25,80.14,77.54,74.94,34,27,1.24,118.52,47.67,5.0,6.6,2026-08-13,2026-08-13 08:00:47
6967,汎瑋材料,70.5,68.8,71.2,68.8,71.34,62.0,46.53,-0.68,-0.78,0.09,76.5,70.67,64.85,15,27,0.55,17.91,16.47,3.55,5.04,2026-08-13,2026-08-13 08:00:48
6968,萬達寵物,43.7,43.5,43.85,43.5,31.45,44.68,48.2,0.21,0.2,0.01,45.14,43.8,42.46,31,96,0.32,21.61,17.48,1.3,2.97,2026-08-13,2026-08-13 08:00:49
6969,成信實業*-創,33.1,33.45,34.0,32.45,36.89,46.92,37.47,1.64,1.76,-0.12,39.2,32.3,25.41,165,193,0.86,14.52,,,,2026-08-13,2026-08-13 08:00:50
6971,惠民實業,25.3,25.5,25.5,25.3,17.78,16.71,21.95,-0.49,-0.45,-0.04,27.69,26.19,24.69,46,24,1.9,9.78,10.81,,,2026-08-13,2026-08-13 08:00:51
6972,博瑞達應材,23.5,24.1,24.1,23.0,77.48,84.11,37.93,-0.07,-0.09,0.02,24.56,23.73,22.9,1,0,1.88,,,,,2026-08-13,2026-08-13 08:00:52
6973,永立榮,37.1,36.8,37.8,36.0,58.73,52.82,53.02,0.71,0.8,-0.08,38.92,36.52,34.13,131,44,2.92,14.3,,,,2026-08-13,2026-08-13 08:00:53
6976,育世博-KY,11.8,11.75,11.8,11.5,28.99,31.17,29.41,-0.28,-0.25,-0.04,13.13,12.26,11.38,208,389,0.54,68.75,,,,2026-08-13,2026-08-13 08:00:54
6977,聯純,207.0,205.0,209.0,201.5,65.83,74.37,51.77,-6.82,-11.28,4.46,228.39,201.53,174.66,41,40,1.01,28.16,12.78,6.0,2.9,2026-08-13,2026-08-13 08:00:55
6979,勝釩,106.0,110.0,110.0,101.0,16.49,23.24,24.12,-15.28,-14.0,-1.28,167.12,133.68,100.23,30,19,1.56,12.72,18.0,,,2026-08-13,2026-08-13 08:00:56
6980,鐳洋科技,117.0,121.5,121.5,117.0,68.88,61.98,53.02,-4.35,-6.95,2.6,123.77,111.4,99.03,28,54,0.53,34.23,114.71,,,2026-08-13,2026-08-13 08:00:57
6982,大井泵浦,48.95,49.0,49.0,48.2,81.25,77.22,44.97,-0.89,-1.2,0.31,50.9,48.77,46.63,24,30,0.79,19.98,,1.6,3.27,2026-08-13,2026-08-13 08:00:58
6983,華洋精機,299.0,303.0,311.5,299.0,28.84,34.48,37.36,-13.11,-14.15,1.04,339.32,309.5,279.68,44,24,1.77,53.88,75.7,3.0,1.0,2026-08-13,2026-08-13 08:00:59
6984,ACPAY,15.75,15.75,15.75,15.75,67.93,45.08,28.3,-0.63,-0.65,0.02,18.27,16.35,14.43,0,1,0.0,3.03,,,,2026-08-12,2026-08-13 08:01:00
6986,和迅,43.2,43.9,43.9,42.85,45.59,46.53,36.59,-1.46,-1.82,0.36,45.37,44.23,43.09,52,45,1.14,22.52,15.77,0.19,0.44,2026-08-13,2026-08-13 08:01:01
6987,寶晶能源*,17.2,16.9,17.25,16.9,23.12,20.49,27.17,-0.55,-0.43,-0.11,20.23,18.19,16.16,80,40,1.97,38.39,16.54,0.9,5.23,2026-08-13,2026-08-13 08:01:02
6988,威力暘-創,12.5,12.8,12.8,12.45,48.81,43.18,45.07,-0.23,-0.33,0.1,13.34,12.57,11.79,48,46,1.04,5.68,,0.45,3.6,2026-08-13,2026-08-13 08:01:03
6990,華鉬,189.0,203.0,215.5,183.0,69.37,70.86,61.88,10.38,3.83,6.54,211.81,158.9,105.99,1093,1619,0.68,121.14,245.45,0.3,0.16,2026-08-13,2026-08-13 08:01:04
6994,富威電力,35.9,36.45,37.4,35.65,26.09,22.14,25.0,-2.44,-2.77,0.33,41.96,38.09,34.23,570,578,0.99,25.98,5.76,0.95,2.65,2026-08-13,2026-08-13 08:01:05
6995,野獸國,62.5,61.2,66.0,60.0,75.29,60.44,62.44,1.32,0.79,0.52,62.31,55.26,48.21,124,53,2.31,16.87,74.4,0.07,0.11,2026-08-13,2026-08-13 08:01:06
6996,力領科技,180.0,179.0,180.0,179.0,55.49,62.72,54.08,-1.61,-2.83,1.22,186.49,175.35,164.21,48,77,0.62,75.6,13.96,10.0,5.56,2026-08-13,2026-08-13 08:01:07
6997,博弘,69.0,69.0,69.0,69.0,62.55,64.4,51.14,0.41,0.14,0.27,73.17,68.35,63.52,0,5,0.0,15.25,51.11,4.6,6.67,2026-08-12,2026-08-13 08:01:08
6999,瀚醫生技,28.15,27.5,28.15,27.5,60.33,72.29,54.76,0.09,0.1,-0.01,29.56,28.03,26.5,7,11,0.59,6.51,29.02,0.5,1.78,2026-08-13,2026-08-13 08:01:09
7402,邑錡,105.0,104.5,106.0,104.0,52.48,55.35,44.3,-2.99,-3.08,0.1,119.26,105.99,92.72,350,474,0.74,37.05,,0.5,0.48,2026-08-13,2026-08-13 08:01:10
7547,碩網,54.5,54.6,54.6,53.0,68.58,62.05,52.49,-0.55,-1.65,1.1,58.56,51.19,43.83,11,33,0.33,18.33,21.46,1.78,3.27,2026-08-13,2026-08-13 08:01:11
7556,意德士,236.5,233.0,239.0,230.5,86.21,83.05,65.12,-3.64,-7.69,4.05,237.75,218.38,199.0,40,31,1.3,65.55,34.48,4.04,1.71,2026-08-13,2026-08-13 08:01:12
7584,樂意,26.5,26.75,26.75,26.5,72.78,63.85,44.05,-0.52,-0.68,0.16,27.78,26.04,24.3,2,2,0.83,4.26,,4.0,15.09,2026-08-13,2026-08-13 08:01:13
7610,聯友金屬-創,1810.0,1935.0,1935.0,1790.0,76.38,71.81,54.66,-4.39,-47.37,42.97,2357.22,1676.5,995.78,250,359,0.7,1055.33,130.87,0.42,0.02,2026-08-13,2026-08-13 08:01:14
7631,聚賢研發-創,148.0,153.0,153.0,138.0,79.56,73.36,61.84,-0.67,-1.99,1.32,145.3,136.25,127.2,768,197,3.88,29.81,20.36,6.4,4.32,2026-08-13,2026-08-13 08:01:15
7642,昶瑞機電,77.6,80.1,80.1,77.6,68.27,66.49,38.19,0.61,0.97,-0.36,83.42,79.34,75.26,26,19,1.33,23.4,34.04,,,2026-08-13,2026-08-13 08:01:16
7689,大鵬科CLMX,174.0,174.0,175.0,171.0,71.86,50.89,22.03,-15.04,-16.16,1.12,215.92,182.95,149.98,86,137,0.63,101.8,17.16,5.5,3.16,2026-08-13,2026-08-13 08:01:17
7703,銳澤,180.5,185.5,185.5,179.0,71.27,66.59,48.34,-3.52,-5.76,2.24,197.59,175.8,154.01,56,99,0.57,62.71,23.11,7.0,3.88,2026-08-13,2026-08-13 08:01:18
7704,明遠精密,62.3,63.2,63.7,62.1,71.14,75.4,69.86,1.68,0.63,1.05,68.84,57.4,45.95,34,79,0.43,21.04,27.44,1.8,2.89,2026-08-13,2026-08-13 08:01:19
7705,三商餐飲,30.05,30.65,31.05,30.05,32.49,39.13,45.28,0.05,0.06,-0.0,31.3,30.49,29.68,26,20,1.31,19.85,13.48,1.6,5.32,2026-08-13,2026-08-13 08:01:19
7708,全家餐飲,92.2,92.7,92.7,91.8,74.72,80.46,78.82,1.24,1.02,0.21,94.5,90.47,86.44,42,19,2.16,23.51,13.56,5.5,5.97,2026-08-13,2026-08-13 08:01:20
7709,榮田,72.6,72.6,75.3,72.3,75.6,74.53,52.61,-2.35,-3.76,1.42,78.04,70.25,62.47,77,46,1.67,28.39,36.48,1.5,2.07,2026-08-13,2026-08-13 08:01:21
7711,永擎,491.5,456.0,492.0,447.5,92.68,84.92,89.94,30.66,9.58,21.08,455.01,332.82,210.64,2037,1931,1.06,352.17,28.98,8.99,1.83,2026-08-13,2026-08-13 08:01:23
7712,博盛半導體,146.0,148.0,150.5,146.0,83.24,76.26,55.15,-4.47,-7.55,3.08,154.07,135.41,116.75,224,282,0.8,47.54,26.64,4.0,2.74,2026-08-13,2026-08-13 08:01:24
7713,威力德生醫,70.8,70.3,70.8,70.3,49.89,36.33,52.38,-0.06,-0.15,0.09,71.31,70.17,69.04,4,16,0.24,32.2,15.26,4.1,5.79,2026-08-13,2026-08-13 08:01:25
7714,創泓科技,157.0,153.0,160.0,153.0,59.86,53.67,41.67,-1.71,-1.05,-0.66,197.01,158.55,120.09,249,214,1.16,32.97,22.99,5.0,3.18,2026-08-13,2026-08-13 08:01:26
7715,裕山,32.0,34.0,34.0,32.0,40.57,57.23,52.79,0.15,0.18,-0.03,37.12,32.85,28.58,160,116,1.38,10.48,13.68,1.8,5.62,2026-08-13,2026-08-13 08:01:27
7716,昱臺國際,24.0,24.0,24.0,24.0,55.24,55.43,34.92,-0.09,-0.02,-0.07,25.17,24.35,23.53,1,6,0.17,5.4,17.65,1.7,7.08,2026-08-13,2026-08-13 08:01:28
7717,萊德光電-KY,428.0,444.5,456.0,428.0,73.68,68.54,48.64,-12.74,-20.5,7.76,480.56,416.23,351.89,169,137,1.23,106.05,67.19,3.29,0.77,2026-08-13,2026-08-13 08:01:29
7718,友鋮,47.75,47.9,48.2,47.75,65.02,58.53,60.0,0.16,0.11,0.05,48.06,47.28,46.5,53,21,2.48,21.75,11.18,2.5,5.24,2026-08-13,2026-08-13 08:01:30
7721,微程式,64.6,64.0,64.9,62.8,80.06,75.08,56.21,-1.23,-2.2,0.97,65.96,61.3,56.64,86,62,1.38,35.77,105.9,1.0,1.55,2026-08-13,2026-08-13 08:01:31
7722,LINEPAY,290.5,293.5,293.5,288.5,59.46,55.13,49.43,-0.84,-2.83,1.99,307.99,284.45,260.91,64,167,0.39,207.42,44.9,1.43,0.49,2026-08-13,2026-08-13 08:01:32
7723,築間,20.5,20.7,22.1,20.45,56.58,49.84,51.68,-0.39,-0.7,0.31,21.87,19.86,17.85,418,317,1.32,9.76,,10.0,48.78,2026-08-13,2026-08-13 08:01:33
7728,光焱科技,594.0,580.0,599.0,580.0,72.82,73.97,43.97,-15.87,-20.83,4.96,674.37,599.8,525.23,10,9,1.09,82.29,110.0,5.0,0.84,2026-08-13,2026-08-13 08:01:34
7730,暉盛-創,175.0,172.5,177.0,171.0,86.51,74.86,55.28,-2.95,-5.79,2.84,179.53,159.82,140.12,161,77,2.07,64.39,86.63,1.0,0.57,2026-08-13,2026-08-13 08:01:35
7732,金興精密,33.8,34.5,34.5,33.8,39.92,56.52,35.92,-0.23,-0.11,-0.12,36.57,35.41,34.26,100,68,1.47,21.52,19.65,1.5,4.44,2026-08-13,2026-08-13 08:01:36
7734,印能科技,3250.0,3385.0,3475.0,3230.0,35.82,48.19,44.35,60.54,68.96,-8.41,3746.29,3280.5,2814.71,219,209,1.05,901.87,82.22,19.85,0.61,2026-08-13,2026-08-13 08:01:37
7736,虎山,69.6,69.9,70.0,69.6,56.09,51.14,39.47,-0.33,-0.33,0.0,70.81,70.17,69.53,30,13,2.27,52.6,15.36,3.8,5.46,2026-08-13,2026-08-13 08:01:38
7738,東聯互動,170.5,171.5,175.0,169.0,68.98,61.14,60.0,0.31,-0.36,0.67,171.68,167.38,163.07,24,14,1.65,46.64,11.64,4.5,2.64,2026-08-13,2026-08-13 08:01:39
7740,熙特爾-創,143.0,148.0,148.5,143.0,40.11,59.9,50.56,4.4,4.2,0.2,167.43,147.08,126.73,318,619,0.51,85.8,22.59,2.05,1.43,2026-08-13,2026-08-13 08:01:39
7743,金利食安,20.85,20.0,20.85,20.0,83.84,82.21,53.96,0.29,0.23,0.06,21.4,20.34,19.29,2,2,0.77,7.61,41.7,0.5,2.4,2026-08-13,2026-08-13 08:01:40
7744,崴寶,486.0,467.5,497.0,461.5,75.95,71.33,70.57,4.81,-5.02,9.83,489.05,426.3,363.55,165,99,1.67,155.52,27.17,7.0,1.44,2026-08-13,2026-08-13 08:01:41
7747,昕奇雲端,116.0,116.0,116.0,116.0,90.77,82.52,57.14,0.4,0.41,-0.01,117.15,115.42,113.7,0,1,0.0,35.0,30.61,3.0,2.59,2026-08-12,2026-08-13 08:01:42
7749,意騰-KY,362.0,360.5,365.5,360.0,82.68,75.58,52.72,-12.19,-19.07,6.88,382.29,346.93,311.56,72,82,0.89,168.28,29.97,9.0,2.49,2026-08-13,2026-08-13 08:01:43
7750,新代,2360.0,2435.0,2435.0,2345.0,71.66,75.63,62.55,81.46,44.83,36.63,2589.02,2153.5,1717.98,158,284,0.56,1692.38,57.07,16.0,0.68,2026-08-13,2026-08-13 08:01:44
7751,竑騰,1315.0,1345.0,1360.0,1285.0,52.07,63.3,60.0,-1.04,-21.03,20.0,1461.49,1247.0,1032.51,179,251,0.72,353.59,56.17,18.0,1.37,2026-08-13,2026-08-13 08:01:45
7753,星亞,37.5,37.75,37.75,37.5,43.0,47.24,39.0,-0.62,-0.7,0.08,39.69,38.01,36.33,5,14,0.36,9.38,8.91,1.5,4.0,2026-08-13,2026-08-13 08:01:46
7757,金色三麥,91.0,90.5,93.0,90.4,66.66,56.84,50.0,-0.94,-1.43,0.49,92.57,90.17,87.78,38,16,2.38,21.93,10.2,7.75,8.52,2026-08-13,2026-08-13 08:01:47
7760,享溫馨,33.0,32.6,33.3,32.6,27.64,27.16,32.38,-0.27,-0.06,-0.21,35.34,33.84,32.34,7,61,0.12,21.81,50.0,2.0,6.06,2026-08-13,2026-08-13 08:01:48
7765,中華資安,226.5,231.0,231.0,226.5,46.82,41.97,49.15,-0.01,-0.61,0.6,230.58,225.4,220.22,31,59,0.52,92.14,19.82,9.67,4.27,2026-08-13,2026-08-13 08:01:48
7767,仁大資訊,45.7,46.9,47.75,45.2,44.84,47.47,49.6,1.2,1.47,-0.27,50.35,47.16,43.97,216,92,2.34,13.76,11.51,3.0,6.56,2026-08-13,2026-08-13 08:01:49
7768,頌勝科技,280.0,273.0,289.0,273.0,78.13,66.46,50.43,-16.4,-21.24,4.84,306.37,269.07,231.77,130,82,1.59,196.18,83.58,3.5,1.25,2026-08-13,2026-08-13 08:01:50
7769,鴻勁,6770.0,6645.0,6845.0,6505.0,76.58,72.93,60.96,17.79,-71.07,88.86,6935.04,6173.51,5411.97,1096,588,1.86,12181.26,79.14,64.99,0.96,2026-08-13,2026-08-13 08:01:51
7770,君曜,39.75,39.7,39.95,39.05,79.7,72.54,26.53,-0.34,-0.31,-0.04,41.33,40.25,39.17,4,2,1.83,11.95,17.59,2.0,5.03,2026-08-13,2026-08-13 08:01:52
7772,耀穎,93.6,91.1,95.1,91.1,67.56,62.4,50.15,-7.47,-9.9,2.42,102.19,92.23,82.28,40,45,0.88,,,1.5,1.6,2026-08-13,2026-08-13 08:01:53
7777,能率亞洲,40.05,40.15,41.2,39.9,59.96,62.88,51.47,0.2,0.02,0.18,43.72,39.26,34.8,1532,1792,0.86,74.74,56.41,0.03,0.07,2026-08-13,2026-08-13 08:01:54
7780,大研生醫*,16.7,16.8,16.9,16.6,56.53,51.55,30.3,-0.25,-0.26,0.02,17.54,16.94,16.34,1024,636,1.61,134.53,1670.0,3.57,21.38,2026-08-13,2026-08-13 08:01:55
7782,光速火箭,25.6,25.45,25.6,25.45,19.82,22.55,39.51,-0.19,-0.17,-0.02,26.66,26.03,25.41,2,2,0.72,5.91,14.8,5.03,19.65,2026-08-13,2026-08-13 08:01:56
7786,東方風能,126.0,131.5,131.5,126.0,52.9,56.87,57.71,1.68,1.32,0.36,131.11,125.07,119.04,222,251,0.88,220.96,11.97,5.6,4.44,2026-08-13,2026-08-13 08:01:57
7788,松川精密,275.5,256.0,278.0,253.0,88.41,76.98,74.91,3.9,-4.26,8.16,269.48,218.97,168.46,2833,2276,1.24,219.7,71.19,2.0,0.73,2026-08-13,2026-08-13 08:01:58
7791,皇家可口,58.0,59.3,59.3,57.5,20.42,21.41,10.2,-0.9,-0.72,-0.18,63.56,60.59,57.63,299,81,3.68,46.4,12.08,3.81,6.57,2026-08-13,2026-08-13 08:01:58
7792,安葆,242.5,255.5,255.5,241.5,81.52,73.86,62.64,-3.25,-9.41,6.16,236.1,208.55,181.0,2425,622,3.9,113.16,28.66,8.0,3.3,2026-08-13,2026-08-13 08:01:59
7795,長廣,556.0,556.0,556.0,516.0,90.47,77.97,75.99,4.24,-13.02,17.26,536.67,423.85,311.03,3591,2459,1.46,438.29,228.81,2.15,0.39,2026-08-13,2026-08-13 08:02:01
7799,禾榮科,365.0,365.0,368.5,359.0,67.51,53.4,32.31,-9.95,-9.53,-0.43,429.91,374.02,318.14,114,161,0.71,577.59,51.25,,,2026-08-13,2026-08-13 08:02:02
7803,雲象科技-創,19.65,19.6,19.65,19.3,18.98,23.21,36.61,-0.67,-0.71,0.04,21.73,20.24,18.74,13,25,0.53,,,,,2026-08-13,2026-08-13 08:02:03
7805,威聯通,685.0,725.0,725.0,685.0,82.04,82.82,74.21,8.68,-4.21,12.89,697.7,626.3,554.9,117,89,1.31,226.91,15.05,38.0,5.55,2026-08-13,2026-08-13 08:02:05
7810,捷創科技,200.5,199.0,208.0,199.0,80.37,75.27,58.33,0.59,-1.93,2.52,206.76,189.26,171.77,180,59,3.06,40.6,30.2,5.0,2.49,2026-08-13,2026-08-13 08:02:06
7811,民盛,71.0,71.1,71.1,71.0,42.43,38.95,23.08,-0.49,-0.55,0.06,72.36,71.31,70.27,25,31,0.81,23.7,13.1,5.67,7.99,2026-08-13,2026-08-13 08:02:07
7814,海昌生技,31.0,29.85,31.0,29.85,50.61,38.27,50.72,-1.57,-1.83,0.27,36.13,31.57,27.02,48,36,1.33,13.95,,,,2026-08-13,2026-08-13 08:02:08
7818,溢泰實業,63.3,64.0,64.0,62.8,41.86,29.14,24.73,-1.49,-1.38,-0.11,70.76,65.24,59.73,56,92,0.61,106.31,13.55,1.5,2.37,2026-08-13,2026-08-13 08:02:09
7819,精誠金融,37.95,37.95,37.95,37.95,58.11,40.65,64.5,-1.19,-1.72,0.53,37.63,35.28,32.93,71,26,2.7,9.59,12.91,1.74,4.58,2026-08-13,2026-08-13 08:02:09
7820,立盈,122.0,124.0,124.0,118.0,83.5,73.52,70.0,0.94,-1.99,2.92,124.2,107.92,91.64,15,31,0.5,46.08,58.94,1.5,1.23,2026-08-13,2026-08-13 08:02:11
7821,神數,39.4,39.75,39.95,39.2,32.6,42.76,38.33,-0.48,-0.53,0.05,41.37,40.25,39.13,204,190,1.07,48.03,12.63,2.0,5.08,2026-08-13,2026-08-13 08:02:12
7822,倍利科,892.0,898.0,903.0,876.0,82.85,72.59,54.62,-34.0,-52.39,18.38,933.95,842.75,751.55,180,125,1.45,406.4,54.49,6.39,0.72,2026-08-13,2026-08-13 08:02:12
7823,奧義賽博-KY創,85.3,86.0,86.0,84.0,83.66,77.86,55.14,0.27,-0.38,0.65,88.03,82.47,76.92,41,36,1.13,28.0,,,,2026-08-13,2026-08-13 08:02:13
7827,漢康-KY創,159.0,162.0,163.5,159.0,84.64,84.5,80.65,0.16,-1.64,1.8,167.49,151.65,135.81,215,266,0.81,221.97,,,,2026-08-13,2026-08-13 08:02:14
7828,創新服務,1875.0,1880.0,1880.0,1785.0,86.54,74.56,54.95,-32.02,-66.76,34.75,2086.93,1658.75,1230.57,338,212,1.59,759.26,280.27,4.53,0.24,2026-08-13,2026-08-13 08:02:15
7839,達人網,45.75,45.75,45.75,45.75,86.79,85.77,52.17,-0.19,-0.41,0.22,47.34,45.26,43.18,11,13,0.81,6.91,17.6,2.04,4.46,2026-08-13,2026-08-13 08:02:16
7842,天能綠電,89.0,90.3,90.3,86.0,61.21,51.94,49.37,-2.3,-4.07,1.77,99.48,86.0,72.52,99,93,1.06,16.24,20.18,3.2,3.6,2026-08-13,2026-08-13 08:02:17
7846,德揚,83.7,84.4,84.4,81.7,53.54,67.31,62.43,4.07,3.73,0.34,95.58,78.05,60.53,28,55,0.51,28.8,57.33,1.0,1.19,2026-08-13,2026-08-13 08:02:18
7855,和運租車,44.35,44.7,44.8,44.25,6.86,10.75,4.64,-11.72,-5.86,-5.86,128.88,87.54,46.2,4626,4843,0.96,,,3.22,7.26,2026-08-13,2026-08-13 08:02:19
7890,明曜科技,82.0,81.4,82.0,80.0,58.89,37.83,32.09,-7.36,-7.9,0.54,105.11,86.13,67.16,5,8,0.65,,,,,2026-08-13,2026-08-13 08:02:20
8011,台通,16.1,16.3,16.45,16.0,40.22,52.65,48.53,-0.23,-0.26,0.04,17.01,16.32,15.63,465,554,0.84,26.71,18.94,0.7,4.35,2026-08-13,2026-08-13 08:02:20
8016,矽創,315.5,315.5,324.5,314.0,79.75,72.69,59.73,1.72,-2.66,4.38,325.91,290.18,254.44,1493,1309,1.14,371.23,20.13,11.5,3.65,2026-08-13,2026-08-13 08:02:21
8021,尖點,429.0,439.0,446.5,427.5,85.09,77.79,59.19,-12.06,-24.16,12.1,477.0,389.93,302.85,1020,3198,0.32,622.23,122.57,1.97,0.46,2026-08-13,2026-08-13 08:02:22
8024,佑華,13.75,14.0,14.15,13.6,27.18,35.67,31.03,-0.32,-0.2,-0.12,16.32,14.64,12.96,56,63,0.89,6.21,,,,2026-08-13,2026-08-13 08:02:23
8027,鈦昇,190.0,193.0,199.5,189.5,76.34,67.39,47.22,-9.94,-13.44,3.5,221.45,183.9,146.35,2483,2252,1.1,203.16,,,,2026-08-13,2026-08-13 08:02:24
8028,昇陽半導體,267.5,270.0,276.5,266.0,52.39,48.98,41.58,-10.89,-11.02,0.13,326.59,277.05,227.51,3407,3521,0.97,486.35,59.31,2.7,1.01,2026-08-13,2026-08-13 08:02:25
8032,光菱,37.05,37.45,37.45,37.0,78.04,77.22,52.48,-0.74,-1.23,0.5,38.87,36.12,33.37,46,83,0.56,19.2,14.14,1.2,3.24,2026-08-13,2026-08-13 08:02:26
8033,雷虎,183.5,174.0,183.5,173.5,68.51,66.55,48.74,-2.43,-1.41,-1.02,218.19,183.8,149.41,9356,7614,1.23,302.1,278.03,,,2026-08-13,2026-08-13 08:02:27
8034,榮群,18.85,18.9,18.95,18.75,50.52,56.23,40.78,-0.51,-0.59,0.07,20.36,19.2,18.05,53,90,0.58,10.6,13.27,1.2,6.37,2026-08-13,2026-08-13 08:02:28
8038,長園科,32.0,32.2,32.75,32.0,56.43,48.31,27.94,-1.89,-2.03,0.15,38.82,33.72,28.62,135,136,1.0,19.93,23.88,,,2026-08-13,2026-08-13 08:02:29
8039,台虹,249.5,228.0,249.5,227.5,76.35,66.67,52.12,16.02,13.74,2.28,263.89,211.32,158.76,22807,23493,0.97,657.85,104.83,1.99,0.8,2026-08-13,2026-08-13 08:02:30
8040,九暘,74.2,75.4,76.5,74.0,81.55,75.64,51.84,-3.89,-5.55,1.65,80.75,72.03,63.31,365,413,0.88,71.54,,,,2026-08-13,2026-08-13 08:02:31
8042,金山電,116.5,115.0,123.0,115.0,67.06,65.79,51.76,-9.59,-12.23,2.64,133.14,113.0,92.85,8189,8127,1.01,150.82,38.32,1.2,1.03,2026-08-13,2026-08-13 08:02:32
8043,蜜望實,154.0,151.0,162.0,151.0,76.24,67.4,57.73,-4.85,-8.37,3.52,157.09,137.25,117.41,13966,10489,1.33,123.06,46.39,0.9,0.58,2026-08-13,2026-08-13 08:02:33
8044,網家,26.4,26.8,26.8,26.25,45.52,56.93,50.82,-0.14,-0.24,0.1,27.92,26.64,25.36,291,407,0.71,53.56,,,,2026-08-13,2026-08-13 08:02:34
8045,達運光電,51.9,52.4,53.5,51.8,27.93,33.28,29.96,-2.06,-1.79,-0.27,65.3,56.63,47.95,109,194,0.56,49.33,75.22,1.0,1.93,2026-08-13,2026-08-13 08:02:35
8046,南電,1215.0,1295.0,1300.0,1215.0,82.77,74.79,56.55,22.84,2.65,20.19,1342.04,1089.0,835.96,18935,8186,2.31,7850.91,259.62,2.0,0.16,2026-08-13,2026-08-13 08:02:36
8047,星雲,45.7,44.1,46.0,44.0,63.39,73.28,58.36,0.23,-0.19,0.43,48.05,44.29,40.52,18,27,0.66,19.04,,,,2026-08-13,2026-08-13 08:02:37
8048,德勝,52.4,53.3,53.3,52.4,45.77,52.8,52.9,-0.92,-1.24,0.33,55.22,51.99,48.77,63,78,0.81,31.14,21.21,2.0,3.82,2026-08-13,2026-08-13 08:02:38
8049,晶采,26.4,26.55,26.6,26.4,75.28,79.57,56.67,-0.0,-0.12,0.12,26.89,26.0,25.11,307,192,1.6,31.23,15.71,1.4,5.3,2026-08-13,2026-08-13 08:02:40
8050,廣積,58.6,58.9,59.4,58.2,52.28,63.09,48.79,1.63,1.86,-0.23,68.17,59.92,51.67,3097,9970,0.31,116.73,43.73,2.15,3.67,2026-08-13,2026-08-13 08:02:41
8054,安國,84.8,85.9,87.5,84.8,66.63,56.55,34.23,-4.39,-5.36,0.97,97.71,85.86,74.01,1139,911,1.25,89.7,,,,2026-08-13,2026-08-13 08:02:42
8058,耐特,91.1,91.6,92.3,89.7,85.32,76.65,48.91,-1.5,-2.42,0.92,97.92,88.68,79.45,128,186,0.69,,,1.3,1.43,2026-08-13,2026-08-13 08:02:43
8059,凱碩,14.7,14.8,15.0,14.7,42.31,47.97,39.24,-0.45,-0.51,0.07,16.2,15.14,14.08,110,149,0.74,28.53,,,,2026-08-13,2026-08-13 08:02:44
8064,東捷,105.5,107.0,110.5,104.5,74.43,69.33,51.89,-6.26,-8.31,2.05,119.75,102.83,85.9,2822,2917,0.97,194.98,44.51,0.98,0.93,2026-08-13,2026-08-13 08:02:45
8066,來思達,14.75,15.05,15.05,14.6,25.29,21.69,44.44,-0.11,-0.12,0.01,15.12,14.85,14.58,26,25,1.03,5.4,,,,2026-08-13,2026-08-13 08:02:46
8067,志旭,13.15,13.6,14.05,12.65,37.57,42.91,57.14,0.05,0.03,0.01,14.02,13.26,12.51,27,19,1.38,2.72,,,,2026-08-13,2026-08-13 08:02:47
8068,全達,17.65,17.8,18.05,17.4,55.03,61.07,45.45,-0.25,-0.33,0.08,19.36,17.93,16.5,222,190,1.17,14.26,16.65,,,2026-08-13,2026-08-13 08:02:48
8069,元太,171.0,167.5,173.0,164.0,24.59,35.65,37.8,-4.36,-2.31,-2.05,205.4,184.08,162.76,12834,14048,0.91,1970.55,17.85,5.89,3.44,2026-08-13,2026-08-13 08:02:49
8070,長華*,48.95,49.2,49.6,48.8,83.21,77.84,54.39,-0.72,-1.32,0.59,51.11,46.93,42.75,1450,1821,0.8,344.77,46.18,2.71,5.54,2026-08-13,2026-08-13 08:02:50
8071,能率網通,25.15,25.8,26.0,24.9,80.35,70.1,59.11,-0.55,-0.99,0.44,26.38,23.09,19.81,2707,1275,2.12,15.11,,,,2026-08-13,2026-08-13 08:02:51
8072,陞泰,26.4,26.3,26.65,26.3,43.66,48.08,47.87,-0.42,-0.45,0.03,27.5,26.56,25.62,103,94,1.09,21.12,25.88,1.0,3.79,2026-08-13,2026-08-13 08:02:52
8074,鉅橡,56.5,57.4,58.8,56.3,72.34,70.12,53.31,-1.97,-3.25,1.27,61.0,53.84,46.67,447,681,0.66,49.14,35.76,1.1,1.95,2026-08-13,2026-08-13 08:02:53
8076,伍豐,23.7,23.75,23.95,23.6,73.74,68.93,52.78,-0.28,-0.46,0.18,24.36,23.17,21.99,445,550,0.81,69.25,91.15,1.1,4.64,2026-08-13,2026-08-13 08:02:54
8077,洛碁,44.2,43.75,44.2,43.75,38.79,57.57,50.37,-0.35,-0.46,0.11,47.0,44.66,42.32,2,5,0.41,9.7,6.78,2.0,4.52,2026-08-13,2026-08-13 08:02:55
8080,泰霖,28.5,28.0,29.45,27.95,33.12,28.27,53.57,0.05,0.03,0.03,29.37,27.87,26.36,51,22,2.32,19.14,950.0,,,2026-08-13,2026-08-13 08:02:56
8081,致新,269.0,270.5,273.0,267.0,76.84,73.66,54.32,-1.09,-4.54,3.45,276.05,253.32,230.6,576,1276,0.45,230.5,15.35,16.0,5.95,2026-08-13,2026-08-13 08:02:57
8083,瑞穎,160.0,160.0,160.0,159.0,55.53,57.97,63.33,0.02,-0.35,0.37,161.79,157.9,154.01,57,77,0.74,56.21,15.04,8.8,5.5,2026-08-13,2026-08-13 08:02:58
8084,巨虹,52.0,54.1,54.7,51.2,80.35,72.58,70.74,1.15,-0.26,1.41,52.74,44.85,36.95,528,639,0.83,36.15,,,,2026-08-13,2026-08-13 08:02:59
8085,福華,11.4,11.5,11.55,11.15,62.83,49.32,50.65,-0.13,-0.18,0.05,12.0,11.36,10.73,129,143,0.9,15.96,,,,2026-08-13,2026-08-13 08:03:00
8086,宏捷科,117.0,121.5,121.5,117.0,49.35,53.73,48.89,-4.73,-6.2,1.47,128.49,116.88,105.26,2410,4229,0.57,229.92,26.35,1.68,1.44,2026-08-13,2026-08-13 08:03:01
8087,麗升能源,27.2,28.5,28.5,26.1,52.72,62.56,40.3,-0.55,-0.71,0.16,30.08,28.28,26.47,185,40,4.63,10.39,,1.0,3.68,2026-08-13,2026-08-13 08:03:03
8088,品安,49.0,50.0,50.0,49.0,65.88,63.52,56.58,-1.36,-2.32,0.97,51.45,46.43,41.41,1056,1363,0.77,29.85,18.92,1.5,3.06,2026-08-13,2026-08-13 08:03:04
8089,康全電訊,18.05,18.4,18.4,18.05,47.77,44.59,42.86,-0.43,-0.44,0.01,19.61,18.56,17.51,94,68,1.38,11.91,,1.25,6.93,2026-08-13,2026-08-13 08:03:05
8091,翔名,233.0,239.0,244.0,232.5,70.34,66.98,45.25,-6.89,-9.06,2.17,266.9,231.45,196.0,595,477,1.25,124.39,34.47,4.22,1.81,2026-08-13,2026-08-13 08:03:05
8092,建暐,12.85,12.8,12.85,12.7,32.95,46.03,36.99,-0.33,-0.32,-0.01,14.16,13.38,12.6,48,82,0.58,7.35,183.57,,,2026-08-13,2026-08-13 08:03:06
8093,保銳,24.1,21.9,24.1,21.9,82.96,78.48,71.73,0.76,0.44,0.32,23.18,20.7,18.21,133,59,2.24,8.81,,,,2026-08-13,2026-08-13 08:03:07
8096,擎亞,125.5,125.0,128.0,123.5,51.38,53.67,41.57,-4.52,-4.89,0.37,148.66,127.28,105.89,5802,6854,0.85,187.43,74.26,0.5,0.4,2026-08-13,2026-08-13 08:03:09
8097,常珵,51.0,51.0,51.0,50.6,25.01,30.71,43.04,-1.18,-1.26,0.07,53.56,51.91,50.26,47,105,0.45,29.99,,,,2026-08-13,2026-08-13 08:03:10
8098,慶康科技,400.0,408.5,410.5,396.0,84.38,79.45,66.76,7.87,3.53,4.34,401.63,364.53,327.44,69,69,1.0,52.94,28.39,9.0,2.25,2026-08-13,2026-08-13 08:03:11
8099,大世科,57.9,58.0,58.4,57.5,59.5,56.4,50.0,-0.26,-0.52,0.26,59.42,57.19,54.96,38,42,0.89,57.94,19.9,2.1,3.63,2026-08-13,2026-08-13 08:03:12
8101,華冠,11.3,11.3,11.3,11.3,18.06,27.92,28.09,-0.47,-0.34,-0.13,14.11,12.64,11.18,2,9,0.2,5.59,12.02,,,2026-08-13,2026-08-13 08:03:13
8102,傑霖科技,68.6,67.4,68.6,67.2,45.16,36.83,35.29,-0.79,-0.44,-0.35,76.35,71.09,65.83,19,16,1.16,16.02,43.14,1.9,2.77,2026-08-13,2026-08-13 08:03:13
8103,瀚荃,80.1,81.3,82.3,80.0,69.41,68.23,52.01,-2.1,-3.48,1.38,85.49,77.25,69.02,502,927,0.54,62.83,18.5,2.8,3.5,2026-08-13,2026-08-13 08:03:14
8104,錸寶,31.6,32.6,32.7,31.6,77.88,68.41,43.5,-1.46,-1.82,0.36,35.21,31.71,28.21,339,287,1.18,32.88,90.29,0.1,0.32,2026-08-13,2026-08-13 08:03:15
8105,凌巨,16.75,17.35,17.45,16.7,76.62,71.91,48.72,-0.59,-0.83,0.24,18.08,16.48,14.88,1925,2248,0.86,73.96,558.33,,,2026-08-13,2026-08-13 08:03:16
8107,大億金茂,12.45,12.75,12.75,12.35,74.74,64.03,55.17,-0.0,-0.14,0.13,12.51,11.7,10.89,157,103,1.52,9.34,,1.0,8.03,2026-08-13,2026-08-13 08:03:17
8109,博大,130.0,132.5,132.5,129.5,72.96,71.09,50.77,0.1,-0.63,0.73,137.93,127.05,116.17,129,234,0.55,105.79,20.57,4.5,3.46,2026-08-13,2026-08-13 08:03:18
8110,華東,46.15,47.45,47.55,46.1,84.51,79.27,61.29,-0.57,-1.73,1.16,50.27,42.29,34.31,6755,5754,1.17,237.55,16.78,1.49,3.23,2026-08-13,2026-08-13 08:03:19
8111,立碁,58.1,59.5,60.0,58.1,32.3,40.7,45.76,1.34,1.54,-0.2,69.33,57.78,46.24,1873,3528,0.53,63.39,170.88,0.6,1.03,2026-08-13,2026-08-13 08:03:20
8112,至上,97.8,98.5,100.5,97.6,85.59,80.56,61.56,2.61,0.66,1.95,100.17,86.43,72.69,23367,34117,0.68,549.92,12.04,3.8,3.89,2026-08-13,2026-08-13 08:03:21
8114,振樺電,214.5,215.5,218.5,213.5,54.04,57.54,42.21,3.98,4.28,-0.29,242.97,213.18,183.38,532,950,0.56,163.65,14.84,11.47,5.35,2026-08-13,2026-08-13 08:03:21
8119,公信,9.66,9.95,9.95,9.45,66.48,69.17,53.41,-0.06,-0.15,0.09,10.1,9.52,8.93,86,71,1.21,6.15,,,,2026-08-13,2026-08-13 08:03:22
8121,越峰,30.5,30.35,32.6,30.35,66.82,58.1,47.04,-2.76,-3.33,0.56,35.7,30.62,25.55,1531,959,1.6,64.96,,,,2026-08-13,2026-08-13 08:03:23
8131,福懋科,66.0,65.2,66.9,64.7,68.45,62.62,51.85,-1.59,-2.28,0.69,73.97,63.46,52.96,5200,3577,1.45,291.87,33.33,1.0,1.52,2026-08-13,2026-08-13 08:03:24
8147,正淩,125.5,125.5,128.0,121.0,84.64,78.23,50.93,-3.57,-5.48,1.91,138.24,123.53,108.81,441,167,2.64,52.25,40.75,3.0,2.39,2026-08-13,2026-08-13 08:03:25
8150,南茂,92.9,93.5,98.5,92.8,77.63,71.01,51.58,-2.28,-3.88,1.6,112.42,89.29,66.15,72510,65867,1.1,646.04,74.32,1.23,1.32,2026-08-13,2026-08-13 08:03:26
8155,博智,319.0,324.5,325.5,316.5,82.32,74.59,53.5,-7.38,-14.64,7.26,337.24,295.9,254.56,770,717,1.07,193.61,39.38,5.16,1.62,2026-08-13,2026-08-13 08:03:27
8162,微矽電子-創,59.5,58.5,60.5,58.2,82.8,68.64,49.84,-3.42,-4.66,1.24,67.08,55.82,44.56,175,174,1.0,40.88,43.12,1.5,2.52,2026-08-13,2026-08-13 08:03:28
8163,達方,32.15,32.1,33.05,32.1,72.25,66.59,51.34,-1.27,-1.7,0.43,33.86,31.43,29.0,1034,932,1.11,88.73,64.3,0.5,1.56,2026-08-13,2026-08-13 08:03:28
8171,天宇,20.15,20.25,20.4,20.0,58.31,55.32,45.45,-0.24,-0.4,0.16,21.24,19.97,18.7,60,65,0.92,22.52,9.88,,,2026-08-13,2026-08-13 08:03:30
8176,智捷,10.2,9.92,10.4,9.92,63.85,59.39,58.27,-0.05,-0.08,0.04,10.16,9.91,9.65,257,122,2.09,7.06,78.46,,,2026-08-13,2026-08-13 08:03:31
8182,加高,42.3,41.9,44.8,41.9,76.82,69.33,57.8,-1.36,-2.14,0.78,43.67,39.18,34.69,2897,1548,1.87,45.28,705.0,0.25,0.59,2026-08-13,2026-08-13 08:03:32
8183,精星,30.5,30.85,31.1,30.4,82.12,73.57,50.0,-0.43,-0.66,0.24,31.65,29.69,27.73,239,218,1.1,36.83,11.96,0.8,2.62,2026-08-13,2026-08-13 08:03:33
8201,無敵,11.95,11.95,11.95,11.8,73.78,68.02,43.33,-0.21,-0.27,0.07,12.44,11.91,11.38,10,27,0.37,7.45,,,,2026-08-13,2026-08-13 08:03:34
8210,勤誠,990.0,1025.0,1040.0,986.0,21.33,38.16,42.74,-44.01,-41.0,-3.01,1239.48,1086.6,933.72,3236,2253,1.44,1243.63,29.49,14.0,1.41,2026-08-13,2026-08-13 08:03:35
8213,志超,33.3,34.0,34.15,33.15,83.1,73.41,61.21,-0.26,-0.81,0.54,33.55,30.88,28.2,646,700,0.92,88.03,17.34,1.14,3.42,2026-08-13,2026-08-13 08:03:35
8215,明基材,25.2,25.05,25.45,24.9,85.7,78.4,56.77,-0.53,-0.95,0.42,26.36,24.02,21.68,378,529,0.71,80.81,14.08,0.3,1.19,2026-08-13,2026-08-13 08:03:36
8222,寶一,39.55,39.6,40.2,39.15,80.84,68.2,52.7,0.06,-0.2,0.26,41.1,37.69,34.28,698,700,1.0,27.12,64.84,0.35,0.88,2026-08-13,2026-08-13 08:03:37
8227,巨有科技,157.5,161.0,163.5,156.5,79.89,73.74,57.97,-5.38,-8.81,3.44,161.96,146.97,131.99,895,1003,0.89,62.28,63.0,1.7,1.08,2026-08-13,2026-08-13 08:03:38
8234,新漢,69.8,70.6,71.8,69.8,71.34,72.03,58.9,1.05,-0.06,1.11,74.07,64.39,54.71,587,1318,0.45,98.58,,0.6,0.86,2026-08-13,2026-08-13 08:03:39
8240,華宏,43.1,44.0,44.5,42.8,84.17,79.32,56.23,-1.55,-2.48,0.92,45.45,41.2,36.96,223,222,1.01,43.1,23.94,1.3,3.02,2026-08-13,2026-08-13 08:03:40
8249,菱光,42.95,42.75,43.3,42.6,64.26,60.67,50.88,-1.11,-1.45,0.34,45.07,42.43,39.78,479,360,1.33,57.98,12.98,2.08,4.84,2026-08-13,2026-08-13 08:03:41
8255,朋程,152.0,151.5,156.5,150.5,77.86,69.57,56.9,-5.28,-7.47,2.19,156.54,143.18,129.81,937,498,1.88,154.95,27.44,3.5,2.3,2026-08-13,2026-08-13 08:03:42
8261,富鼎,202.0,187.0,202.0,187.0,73.99,54.2,44.36,-16.79,-17.66,0.86,259.17,198.8,138.43,11050,6982,1.58,240.13,34.77,5.0,2.48,2026-08-13,2026-08-13 08:03:43
8271,宇瞻,229.5,233.5,235.0,228.5,59.53,68.68,56.97,9.71,8.21,1.5,251.91,217.07,182.24,4334,5900,0.73,294.06,11.46,4.45,1.94,2026-08-13,2026-08-13 08:03:44
8272,全景軟體,64.8,65.0,65.0,63.6,41.27,34.09,32.14,-0.74,-0.72,-0.02,68.28,65.59,62.9,8,7,1.17,12.31,13.67,2.8,4.32,2026-08-13,2026-08-13 08:03:45
8277,商丞,8.11,8.12,8.13,7.98,40.83,44.3,48.75,-0.18,-0.24,0.06,8.38,8.04,7.7,112,117,0.96,7.43,,,,2026-08-13,2026-08-13 08:03:46
8279,生展,89.0,88.8,89.0,88.8,44.94,54.71,53.97,0.03,-0.05,0.09,90.82,88.68,86.54,7,4,1.49,24.12,9.9,5.0,5.62,2026-08-13,2026-08-13 08:03:47
8284,三竹,64.0,65.0,65.0,64.0,66.32,64.56,63.89,0.42,0.33,0.09,63.61,62.36,61.12,67,25,2.68,30.3,14.07,4.0,6.25,2026-08-13,2026-08-13 08:03:48
8289,泰藝,47.8,48.0,50.0,47.8,79.24,71.9,59.95,-2.4,-3.82,1.42,49.17,43.12,37.06,1477,678,2.18,32.66,191.2,0.15,0.31,2026-08-13,2026-08-13 08:03:49
8291,尚茂,36.4,36.0,37.35,35.5,47.95,50.48,43.8,-0.5,-0.93,0.43,46.42,39.02,31.63,75,48,1.54,6.36,,,,2026-08-13,2026-08-13 08:03:50
8298,威睿,47.0,45.0,47.0,45.0,92.7,83.13,56.52,-0.34,-0.75,0.41,48.26,45.19,42.12,4,3,1.47,12.05,19.75,2.0,4.26,2026-08-13,2026-08-13 08:03:51
8299,群聯,2280.0,2260.0,2280.0,2175.0,93.41,84.04,70.22,13.62,-63.8,77.42,2278.81,1862.25,1445.69,7323,5348,1.37,5040.76,22.73,35.15,1.54,2026-08-13,2026-08-13 08:03:52
8329,台視,10.6,10.7,10.85,10.6,63.81,59.87,52.27,0.04,0.04,0.01,10.84,10.56,10.28,219,63,3.47,29.74,8.15,0.75,7.08,2026-08-13,2026-08-13 08:03:53
8341,日友,76.4,76.6,76.7,76.1,62.95,55.49,45.83,0.17,0.16,0.01,77.51,76.24,74.97,185,185,1.0,99.32,16.36,4.0,5.24,2026-08-13,2026-08-13 08:03:54
8342,益張,88.0,89.0,89.0,88.0,39.07,32.51,26.87,-0.32,-0.12,-0.21,92.09,89.09,86.09,4,3,1.25,29.51,15.15,5.0,5.68,2026-08-13,2026-08-13 08:03:56
8345,超秦,52.5,52.0,52.5,52.0,82.18,67.75,50.88,0.19,0.08,0.11,52.8,51.46,50.12,6,15,0.39,31.5,15.17,1.3,2.48,2026-08-13,2026-08-13 08:03:57
8349,恒耀,39.1,39.45,39.45,38.85,48.43,61.39,28.57,-0.09,-0.04,-0.05,40.37,39.7,39.03,138,77,1.79,79.74,20.15,1.54,3.94,2026-08-13,2026-08-13 08:03:58
8354,冠好,17.8,18.5,18.5,17.8,80.98,72.89,66.81,0.3,-0.03,0.33,17.87,15.93,13.99,519,500,1.04,13.98,44.5,0.11,0.62,2026-08-13,2026-08-13 08:03:59
8358,金居,421.0,445.0,445.0,417.0,80.92,69.65,58.18,-25.04,-41.51,16.47,446.39,362.25,278.11,48648,30785,1.58,1062.99,80.5,2.0,0.48,2026-08-13,2026-08-13 08:04:00
8359,錢櫃,58.3,58.4,58.9,57.6,42.85,31.26,23.73,-0.62,-0.61,-0.0,61.13,58.99,56.85,66,35,1.87,78.87,10.52,5.04,8.64,2026-08-13,2026-08-13 08:04:01
8367,建新國際,40.25,40.2,40.55,40.1,33.93,33.86,44.83,-0.06,-0.05,-0.02,40.84,40.43,40.03,15,25,0.59,37.1,11.47,2.85,7.08,2026-08-13,2026-08-13 08:04:02
8374,羅昇,86.6,87.3,92.5,86.5,78.87,75.98,60.31,0.12,-1.78,1.9,89.09,78.02,66.95,1264,956,1.32,97.21,,0.2,0.23,2026-08-13,2026-08-13 08:04:03
8383,千附,70.8,70.2,72.4,70.2,59.86,46.61,27.31,-0.41,0.64,-1.05,92.27,75.32,58.38,1877,2284,0.82,79.87,19.03,2.5,3.53,2026-08-13,2026-08-13 08:04:04
8390,金益鼎,100.5,102.0,102.5,99.9,80.38,78.57,61.25,-0.04,-1.4,1.36,102.67,94.94,87.21,389,521,0.75,96.6,12.26,3.8,3.78,2026-08-13,2026-08-13 08:04:05
8401,白紗科,23.05,23.25,23.25,23.0,80.25,74.28,58.06,0.02,-0.04,0.05,23.22,22.83,22.44,27,44,0.62,16.29,8.67,1.2,5.21,2026-08-13,2026-08-13 08:04:06
8403,盛弘,19.2,19.3,19.3,19.15,62.32,50.62,45.83,-0.05,-0.1,0.04,19.48,19.11,18.74,118,157,0.75,26.43,20.65,0.6,3.12,2026-08-13,2026-08-13 08:04:07
8404,百和興業-KY,16.2,16.45,16.5,16.15,51.57,52.54,52.03,-0.03,-0.03,0.01,16.56,16.21,15.87,133,212,0.63,68.03,15.0,0.5,3.09,2026-08-13,2026-08-13 08:04:08
8409,商之器,18.1,17.9,18.1,17.9,23.3,23.69,36.07,-0.26,-0.21,-0.04,19.4,18.57,17.74,7,7,1.0,5.79,18.66,,,2026-08-12,2026-08-13 08:04:09
8410,森田,31.85,32.05,32.05,31.5,84.37,72.46,53.54,-0.25,-0.46,0.21,32.46,31.3,30.14,19,22,0.87,11.65,11.84,1.6,5.02,2026-08-13,2026-08-13 08:04:10
8411,福貞-KY,12.9,13.05,13.05,12.85,43.07,47.33,45.45,0.15,0.18,-0.04,13.39,12.94,12.49,132,126,1.05,28.17,215.0,0.1,0.78,2026-08-13,2026-08-13 08:04:10
8415,大國鋼,38.3,38.7,39.4,38.3,69.59,64.82,53.7,0.78,0.82,-0.03,39.24,37.62,36.01,1541,811,1.9,384.15,11.47,1.5,3.92,2026-08-13,2026-08-13 08:04:11
8416,實威,170.0,170.0,170.0,170.0,84.38,78.15,66.67,-0.07,-0.27,0.21,171.14,168.57,166.01,1,2,0.44,47.96,12.16,8.5,5.0,2026-08-13,2026-08-13 08:04:12
8421,旭源,13.7,13.55,14.1,13.4,16.67,23.58,39.25,-0.15,0.04,-0.19,15.95,14.56,13.16,281,386,0.73,7.59,,,,2026-08-13,2026-08-13 08:04:13
8422,可寧衛*,26.45,27.1,27.2,26.4,80.44,78.19,53.44,-0.01,-0.17,0.16,27.41,25.96,24.5,3495,4833,0.72,300.68,27.55,1.2,4.54,2026-08-13,2026-08-13 08:04:14
8423,保綠-KY,17.7,17.7,17.75,17.7,57.09,67.54,47.22,0.05,0.03,0.01,18.2,17.76,17.31,13,10,1.26,7.38,20.82,0.6,3.39,2026-08-13,2026-08-13 08:04:15
8424,惠普,69.1,69.0,69.1,69.0,86.03,81.85,61.54,0.08,0.03,0.05,69.26,68.73,68.19,7,15,0.46,24.91,11.83,5.0,7.24,2026-08-13,2026-08-13 08:04:16
8426,紅木-KY,21.45,21.1,21.45,21.1,68.67,73.02,69.57,0.34,0.29,0.05,21.86,20.87,19.87,14,37,0.38,10.78,10.31,0.8,3.73,2026-08-13,2026-08-13 08:04:17
8429,金麗-KY,6.01,6.06,6.06,6.0,23.97,27.91,40.82,-0.06,-0.07,0.01,6.17,6.06,5.95,91,126,0.73,11.16,54.64,,,2026-08-13,2026-08-13 08:04:18
8431,匯鑽科,48.1,49.1,49.5,48.1,54.15,59.75,47.75,-0.44,-0.75,0.31,52.3,48.03,43.76,141,193,0.73,23.46,,0.09,0.19,2026-08-13,2026-08-13 08:04:19
8432,東生華,50.9,50.3,50.9,50.3,73.25,70.02,49.09,0.12,0.04,0.08,51.49,50.24,49.0,11,20,0.54,19.54,13.26,2.61,5.13,2026-08-13,2026-08-13 08:04:20
8433,弘帆,54.6,55.5,55.5,54.6,73.24,76.26,55.74,0.39,0.24,0.16,55.7,53.91,52.12,45,32,1.42,29.76,20.07,4.2,7.69,2026-08-13,2026-08-13 08:04:21
8435,鉅邁,53.9,54.1,54.1,53.9,68.97,64.23,62.22,0.22,0.03,0.19,54.15,52.83,51.5,13,39,0.35,18.97,13.75,3.2,5.94,2026-08-13,2026-08-13 08:04:22
8436,大江,122.5,124.0,124.0,121.5,74.31,69.16,60.0,2.02,0.8,1.22,125.58,116.85,108.12,796,1523,0.52,134.97,13.16,6.0,4.9,2026-08-13,2026-08-13 08:04:23
8437,大地-KY,9.13,9.3,9.3,9.13,38.24,32.14,31.53,-0.28,-0.3,0.02,10.28,9.39,8.49,3,37,0.11,4.29,1.0,1.02,11.17,2026-08-13,2026-08-13 08:04:24
8438,昶昕,68.6,67.2,69.6,67.2,88.74,78.22,56.0,-4.26,-5.93,1.67,76.82,64.91,53.0,243,331,0.73,47.98,26.08,1.3,1.9,2026-08-13,2026-08-13 08:04:25
8440,綠電,19.85,20.0,20.2,19.65,82.91,74.92,50.0,-0.32,-0.48,0.16,20.75,19.6,18.45,49,46,1.08,9.98,36.09,0.2,1.01,2026-08-13,2026-08-13 08:04:26
8442,威宏-KY,43.7,44.0,44.25,43.5,36.7,39.36,25.77,0.06,0.25,-0.19,46.08,44.56,43.04,87,54,1.59,30.66,26.48,3.0,6.86,2026-08-13,2026-08-13 08:04:27
8443,阿瘦,11.5,11.4,11.55,11.3,78.07,75.47,57.14,0.01,0.01,0.0,11.55,11.44,11.32,37,21,1.72,7.68,,0.2,1.74,2026-08-13,2026-08-13 08:04:27
8444,綠河-KY,4.86,5.35,5.35,4.86,58.07,66.8,47.06,-0.09,-0.08,-0.01,5.91,5.29,4.68,34,16,2.1,6.06,,,,2026-08-13,2026-08-13 08:04:28
8446,華研,85.6,86.0,86.1,85.1,49.79,43.14,39.34,-0.31,-0.4,0.09,87.01,85.59,84.18,53,42,1.27,45.29,9.81,8.0,9.35,2026-08-13,2026-08-13 08:04:29
8450,霹靂,15.05,14.85,15.05,14.6,64.81,62.37,50.0,-0.07,-0.13,0.06,15.3,14.93,14.56,15,21,0.75,7.72,,,,2026-08-13,2026-08-13 08:04:31
8454,富邦媒,266.0,268.0,269.5,264.0,60.24,65.57,65.03,-0.77,-4.38,3.61,279.39,254.85,230.31,538,1052,0.51,704.83,25.36,10.0,3.76,2026-08-13,2026-08-13 08:04:31
8455,大拓-KY,24.95,24.95,24.95,24.95,76.39,60.06,37.02,-0.81,-1.05,0.24,27.13,24.91,22.68,1,2,0.39,6.29,46.2,,,2026-08-13,2026-08-13 08:04:32
8458,影一,14.5,14.5,14.5,14.5,42.77,46.12,66.23,-0.09,-0.09,0.01,15.46,14.55,13.65,0,1,0.0,5.2,,,,2026-08-12,2026-08-13 08:04:33
8462,柏文,179.5,178.5,181.0,177.0,79.9,71.47,75.0,6.32,5.44,0.88,179.6,164.3,149.0,192,207,0.93,144.28,19.6,7.28,4.06,2026-08-13,2026-08-13 08:04:35
8463,潤泰材,20.65,20.75,20.75,20.6,17.29,22.7,28.57,-0.17,-0.12,-0.05,21.68,21.11,20.53,171,97,1.76,30.97,9.74,0.8,3.87,2026-08-13,2026-08-13 08:04:36
8464,億豐,368.0,379.5,379.5,359.5,48.66,56.78,48.78,6.49,7.06,-0.58,395.54,375.15,354.76,1477,744,1.99,1078.31,16.69,16.0,4.35,2026-08-13,2026-08-13 08:04:36
8466,美吉吉-KY,16.25,16.3,16.45,16.15,21.87,26.89,33.96,-0.1,0.0,-0.1,17.61,16.87,16.13,30,25,1.2,12.91,2.97,1.2,7.38,2026-08-13,2026-08-13 08:04:38
8467,波力-KY,103.5,106.5,106.5,102.0,43.56,43.32,57.44,-1.76,-3.11,1.34,105.67,100.16,94.65,20,40,0.51,50.07,12.71,5.0,4.83,2026-08-13,2026-08-13 08:04:38
8472,夠麻吉,69.2,69.0,70.3,69.0,54.63,47.13,51.2,-2.21,-2.77,0.56,76.46,70.15,63.85,15,13,1.12,12.27,,,,2026-08-13,2026-08-13 08:04:39
8473,山林水,45.55,45.5,46.45,44.7,75.64,59.58,55.12,-0.76,-1.24,0.49,45.82,42.51,39.2,1934,902,2.14,82.47,16.5,0.73,1.6,2026-08-13,2026-08-13 08:04:40
8476,台境*,20.05,20.75,20.75,20.0,41.42,39.3,28.67,-0.55,-0.43,-0.11,24.97,21.25,17.54,308,384,0.8,32.34,48.9,0.2,1.0,2026-08-13,2026-08-13 08:04:41
8477,創業家,15.95,16.1,16.1,15.55,71.11,69.68,52.7,-0.1,-0.17,0.08,16.22,15.64,15.06,40,24,1.62,10.24,,,,2026-08-13,2026-08-13 08:04:42
8478,東哥遊艇,146.0,147.0,147.0,145.5,63.81,63.53,60.05,-0.29,-0.64,0.35,147.39,144.87,142.34,124,156,0.8,137.2,9.1,6.5,4.45,2026-08-13,2026-08-13 08:04:43
8481,政伸,41.1,41.0,41.1,40.6,87.35,73.19,65.45,0.33,0.28,0.05,41.11,40.21,39.32,27,14,1.91,27.37,13.52,2.75,6.69,2026-08-13,2026-08-13 08:04:44
8482,商億-KY,47.8,50.2,50.2,47.1,25.84,32.46,43.65,0.19,0.4,-0.21,51.81,49.3,46.79,10,3,2.79,50.23,20.34,1.96,4.1,2026-08-13,2026-08-13 08:04:45
8487,愛爾達-創,72.2,73.1,73.1,72.2,32.88,33.68,27.14,-1.04,-0.78,-0.27,76.92,74.29,71.67,12,18,0.68,19.16,14.73,4.81,6.66,2026-08-13,2026-08-13 08:04:46
8488,吉源-KY,9.92,10.2,10.2,9.92,22.11,27.48,40.57,-0.04,-0.02,-0.02,10.37,10.12,9.88,6,171,0.04,7.29,,,,2026-08-13,2026-08-13 08:04:46
8489,三貝德,22.75,22.3,23.05,22.3,72.18,73.23,46.77,0.08,0.03,0.05,23.52,22.69,21.86,22,23,0.98,13.62,,,,2026-08-13,2026-08-13 08:04:47
8499,鼎炫-KY,261.0,266.0,266.0,261.0,73.74,64.84,48.28,-5.79,-8.64,2.85,283.38,257.1,230.82,12,38,0.32,107.44,26.15,8.0,3.07,2026-08-13,2026-08-13 08:04:48
8905,裕國,34.4,34.9,35.4,34.4,90.15,91.95,71.71,1.48,1.08,0.4,36.58,31.53,26.48,21,9,2.15,39.67,60.35,0.71,2.06,2026-08-13,2026-08-13 08:04:49
8906,花王,27.85,28.4,28.4,27.8,76.35,79.2,60.0,0.2,-0.1,0.3,28.68,26.54,24.4,24,38,0.62,11.74,,0.1,0.36,2026-08-13,2026-08-13 08:04:50
8908,欣雄,39.95,40.0,40.0,39.8,84.61,81.66,62.5,-0.03,-0.12,0.09,40.38,39.62,38.86,13,26,0.49,123.81,18.93,1.5,3.75,2026-08-13,2026-08-13 08:04:51
8916,光隆,40.3,40.05,40.3,39.95,55.23,61.38,74.41,-0.04,-0.17,0.14,40.61,39.68,38.75,55,212,0.26,59.86,17.45,3.03,7.52,2026-08-13,2026-08-13 08:04:52
8917,欣泰,53.5,53.5,53.5,53.5,89.4,83.72,54.39,0.22,0.2,0.02,53.64,52.65,51.66,1,2,0.36,87.02,23.16,2.1,3.93,2026-08-13,2026-08-13 08:04:53
8921,沈氏,17.45,17.45,17.45,17.45,38.7,38.85,44.44,-0.14,-0.12,-0.02,17.93,17.44,16.95,1,1,0.56,8.13,,0.27,1.55,2026-08-13,2026-08-13 08:04:54
8923,時報,18.85,18.5,18.85,18.5,34.25,33.63,47.37,-0.02,-0.0,-0.02,19.55,18.99,18.44,9,3,2.5,5.73,28.56,0.9,4.77,2026-08-13,2026-08-13 08:04:55
8924,大田,51.6,51.8,51.8,51.3,16.96,14.2,9.09,-1.46,-1.24,-0.22,58.49,54.17,49.86,68,74,0.92,43.24,10.38,4.3,8.33,2026-08-13,2026-08-13 08:04:56
8926,台汽電,55.8,57.2,57.3,55.8,22.96,31.56,28.08,-3.13,-2.67,-0.47,68.01,61.55,55.09,4065,7014,0.58,463.3,13.95,2.12,3.8,2026-08-13,2026-08-13 08:04:58
8927,北基,19.9,20.2,20.2,19.85,57.47,61.36,51.02,-0.09,-0.15,0.05,20.75,19.78,18.81,58,200,0.29,83.39,40.61,0.31,1.56,2026-08-13,2026-08-13 08:04:59
8928,鉅明,23.65,23.7,23.7,23.6,69.44,56.94,60.94,0.31,0.23,0.08,23.9,22.9,21.9,38,26,1.44,12.03,40.78,0.8,3.38,2026-08-13,2026-08-13 08:05:00
8929,富堡,13.45,13.55,13.55,13.4,38.18,36.83,42.42,-0.19,-0.22,0.04,14.04,13.46,12.88,13,40,0.33,6.8,,,,2026-08-13,2026-08-13 08:05:01
8930,青鋼,30.0,29.9,30.0,29.85,28.83,43.72,37.04,0.11,0.28,-0.17,31.83,30.64,29.45,39,41,0.94,24.09,12.82,2.2,7.33,2026-08-13,2026-08-13 08:05:02
8931,大汽電,40.8,40.45,41.25,40.1,47.02,47.62,55.52,-0.0,0.03,-0.03,41.53,40.62,39.72,19,37,0.51,49.88,27.02,1.6,3.92,2026-08-13,2026-08-13 08:05:03
8932,智通*,105.0,108.5,108.5,105.0,81.22,69.96,44.42,-1.73,-2.48,0.76,124.14,103.93,83.73,2239,2164,1.04,371.84,100.96,0.14,0.13,2026-08-13,2026-08-13 08:05:04
8933,愛地雅,4.53,4.54,4.54,4.42,64.42,59.31,45.0,-0.02,-0.05,0.03,4.73,4.45,4.18,54,134,0.4,14.8,,,,2026-08-13,2026-08-13 08:05:05
8935,邦泰,17.8,18.0,18.0,17.55,61.42,53.18,38.67,-0.77,-0.92,0.15,19.36,17.96,16.56,105,110,0.96,20.2,,,,2026-08-13,2026-08-13 08:05:05
8936,國統,51.0,52.0,52.0,51.0,43.71,57.54,41.18,-0.83,-0.95,0.12,53.41,51.96,50.5,2356,1274,1.85,126.52,11.83,2.0,3.92,2026-08-13,2026-08-13 08:05:06
8937,合騏*,24.5,24.45,25.3,23.7,60.97,57.75,47.58,-0.61,-0.78,0.17,25.53,24.13,22.73,94,90,1.04,104.06,,0.03,0.12,2026-08-13,2026-08-13 08:05:07
8938,明安,52.5,52.4,52.7,52.4,9.7,13.64,9.43,-0.57,-0.25,-0.32,57.86,54.65,51.44,87,102,0.86,79.66,16.61,4.0,7.62,2026-08-13,2026-08-13 08:05:08
8940,新天地,15.15,15.3,15.3,15.15,11.7,13.32,9.52,-0.3,-0.28,-0.02,16.36,15.66,14.97,59,31,1.88,10.22,24.05,,,2026-08-13,2026-08-13 08:05:09
8941,關中,45.0,44.1,45.0,44.1,96.18,92.22,67.44,0.3,0.17,0.13,44.44,43.45,42.46,24,9,2.49,15.74,48.39,1.0,2.22,2026-08-13,2026-08-13 08:05:11
8942,森鉅,42.8,41.9,43.45,41.9,87.08,80.14,81.44,0.35,-0.28,0.63,41.0,37.93,34.85,1682,511,3.29,85.1,24.6,1.0,2.34,2026-08-13,2026-08-13 08:05:12
8996,高力,1285.0,1235.0,1285.0,1195.0,89.65,78.04,64.99,-8.9,-51.01,42.12,1246.27,1015.1,783.93,3924,2880,1.36,1193.6,92.31,4.56,0.35,2026-08-13,2026-08-13 08:05:13
8999,台灣積層,35.45,35.45,35.45,35.45,14.63,30.22,37.95,0.01,0.23,-0.23,38.47,36.57,34.67,0,0,0.0,12.76,15.48,2.0,5.64,2026-08-12,2026-08-13 08:05:14
9103,美德醫療-DR,5.12,5.26,5.26,5.1,45.94,45.73,36.46,-0.01,-0.0,-0.01,5.57,5.25,4.94,938,703,1.33,27.9,,,,2026-08-13,2026-08-13 08:05:15
9105,泰金寶-DR,8.3,8.45,8.51,8.29,65.55,66.0,47.2,-0.14,-0.19,0.05,8.95,8.23,7.51,13369,12874,1.04,867.35,43.68,0.15,1.81,2026-08-13,2026-08-13 08:05:15
9110,越南控-DR,3.08,3.08,3.08,3.08,40.99,49.2,45.57,-0.02,-0.01,-0.01,3.34,3.16,2.98,1,2,0.38,27.96,19.25,,,2026-08-13,2026-08-13 08:05:16
9136,巨騰-DR,11.55,11.45,11.6,11.3,58.26,49.1,57.14,-0.41,-0.54,0.13,12.08,11.36,10.63,279,218,1.28,97.67,,,,2026-08-13,2026-08-13 08:05:17
9802,鈺齊-KY,72.7,73.6,73.6,71.9,59.46,49.48,52.22,-0.62,-0.9,0.27,75.82,72.42,69.02,727,1145,0.63,146.12,13.19,5.1,7.02,2026-08-13,2026-08-13 08:05:18
9902,台火,13.85,14.0,14.05,13.8,71.25,64.54,53.33,0.01,-0.02,0.03,14.0,13.7,13.4,113,79,1.43,13.58,,0.3,2.17,2026-08-13,2026-08-13 08:05:19
9904,寶成,23.9,24.0,24.0,23.75,55.94,48.6,40.38,-0.12,-0.12,0.0,24.64,24.09,23.54,14073,13160,1.07,704.28,4.98,1.3,5.44,2026-08-13,2026-08-13 08:05:20
9905,大華,21.45,21.65,21.65,21.0,85.75,78.36,72.22,0.29,0.22,0.07,21.56,20.86,20.15,199,233,0.86,65.42,15.21,1.1,5.13,2026-08-13,2026-08-13 08:05:21
9906,欣巴巴,40.1,41.3,41.3,40.1,64.19,59.07,47.18,-0.1,-0.28,0.18,41.72,39.9,38.08,37,51,0.73,36.24,15.19,6.5,16.21,2026-08-13,2026-08-13 08:05:22
9907,統一實,15.0,15.0,15.1,14.9,51.33,37.3,46.34,-0.12,-0.12,0.0,15.51,14.99,14.47,2051,2161,0.95,236.87,13.51,1.18,7.87,2026-08-13,2026-08-13 08:05:22
9908,大台北,29.1,29.2,29.2,29.0,43.78,40.26,36.84,0.07,0.12,-0.05,29.46,29.17,28.88,98,102,0.96,145.75,16.44,1.2,4.12,2026-08-13,2026-08-13 08:05:23
9910,豐泰,70.3,71.4,71.4,69.2,64.08,59.41,57.76,0.22,-0.15,0.37,71.71,69.03,66.35,1536,1288,1.19,694.2,15.22,4.1,5.83,2026-08-13,2026-08-13 08:05:24
9911,櫻花,82.0,82.7,82.7,81.9,46.1,43.71,42.5,-0.3,-0.32,0.02,83.53,82.4,81.26,141,200,0.71,180.46,12.85,5.0,6.1,2026-08-13,2026-08-13 08:05:25
9912,偉聯,12.9,12.65,12.9,12.55,52.83,44.35,60.0,0.0,0.0,-0.0,12.93,12.63,12.33,153,58,2.6,6.94,,,,2026-08-13,2026-08-13 08:05:26
9914,美利達,85.5,90.1,90.5,84.3,73.08,71.07,63.05,3.99,2.61,1.38,91.38,79.05,66.73,10068,7963,1.26,255.63,23.23,2.8,3.27,2026-08-13,2026-08-13 08:05:27
9917,中保科,107.5,108.0,108.5,107.5,13.79,17.86,27.27,-0.19,0.05,-0.24,111.26,108.83,106.39,209,216,0.97,477.36,15.88,5.7,5.3,2026-08-13,2026-08-13 08:05:28
9918,欣天然,42.5,42.6,43.0,41.5,49.74,39.43,36.51,0.08,0.14,-0.06,43.6,42.74,41.89,133,50,2.65,75.65,25.3,1.5,3.53,2026-08-13,2026-08-13 08:05:28
9919,康那香,14.0,14.15,14.15,13.85,60.21,51.43,40.0,-0.0,-0.01,0.01,14.53,13.99,13.46,156,203,0.77,27.35,,0.2,1.43,2026-08-13,2026-08-13 08:05:29
9921,巨大,105.0,111.0,111.5,102.5,80.79,75.68,68.74,6.68,4.54,2.14,108.07,90.25,72.44,10102,8460,1.19,407.47,269.23,1.82,1.73,2026-08-13,2026-08-13 08:05:30
9924,福興,38.35,38.7,38.7,38.2,28.31,27.35,27.69,-0.44,-0.39,-0.05,40.55,39.14,37.73,207,234,0.89,57.82,15.22,2.5,6.52,2026-08-13,2026-08-13 08:05:31
9925,新保,40.0,40.3,40.3,40.0,26.49,32.79,42.31,0.25,0.31,-0.07,40.85,40.0,39.15,379,486,0.78,153.68,16.67,2.0,5.0,2026-08-13,2026-08-13 08:05:32
9926,新海,49.3,49.3,49.3,48.95,34.42,37.7,45.21,0.29,0.4,-0.1,49.94,49.31,48.69,14,9,1.58,88.5,18.12,2.1,4.26,2026-08-13,2026-08-13 08:05:33
9927,泰銘,69.6,69.6,70.4,69.5,58.13,50.82,49.32,0.06,0.07,-0.0,70.34,69.32,68.29,92,136,0.68,83.52,16.65,5.0,7.18,2026-08-13,2026-08-13 08:05:33
9928,中視,18.4,18.4,18.5,18.3,70.44,59.34,60.0,0.01,-0.03,0.04,18.49,18.07,17.65,66,42,1.55,13.01,,,,2026-08-13,2026-08-13 08:05:35
9929,秋雨,11.4,11.45,11.5,11.4,53.78,51.9,48.08,0.01,0.0,0.01,11.76,11.41,11.06,11,6,1.64,11.55,43.85,,,2026-08-13,2026-08-13 08:05:35
9930,中聯資源,62.4,62.6,62.6,62.3,45.86,38.44,36.11,-0.54,-0.53,-0.01,64.23,62.97,61.71,51,96,0.53,155.09,13.25,4.0,6.41,2026-08-13,2026-08-13 08:05:36
9931,欣高,33.85,33.8,33.9,33.7,60.65,48.81,40.0,0.1,0.13,-0.03,34.17,33.85,33.53,9,11,0.81,40.75,14.28,1.8,5.32,2026-08-13,2026-08-13 08:05:37
9933,中鼎,42.2,41.95,42.8,41.7,82.22,66.47,59.15,-0.09,-0.7,0.61,42.59,38.51,34.44,3928,3738,1.05,397.97,10.63,1.0,2.37,2026-08-13,2026-08-13 08:05:38
9934,成霖,11.4,11.8,11.8,11.25,73.41,73.05,60.56,0.29,0.19,0.1,11.78,10.84,9.9,2778,4584,0.61,46.86,6.83,0.1,0.88,2026-08-13,2026-08-13 08:05:39
9935,慶豐富,20.55,20.15,20.7,19.95,62.51,67.97,66.2,0.46,0.39,0.06,20.72,19.6,18.48,448,625,0.72,36.14,12.92,1.2,5.84,2026-08-13,2026-08-13 08:05:40
9937,全國,55.1,55.7,55.7,54.6,28.18,30.69,50.0,0.24,0.38,-0.13,56.21,55.41,54.61,31,19,1.58,170.28,22.31,2.2,3.99,2026-08-13,2026-08-13 08:05:41
9938,百和,42.15,42.55,42.6,42.05,30.09,26.22,31.78,-0.12,0.02,-0.14,44.55,43.01,41.48,1274,1253,1.02,125.59,12.29,3.0,7.12,2026-08-13,2026-08-13 08:05:41
9939,宏全,135.0,137.5,138.0,134.0,55.6,66.21,58.21,3.4,3.25,0.15,143.6,132.57,121.55,2092,2500,0.84,399.31,15.02,6.2,4.59,2026-08-13,2026-08-13 08:05:42
9940,信義,21.15,21.8,21.85,20.95,69.73,67.87,61.84,0.39,0.33,0.06,21.47,20.6,19.73,884,589,1.5,155.84,55.66,0.6,2.84,2026-08-13,2026-08-13 08:05:43
9941,裕融,86.1,86.1,86.4,84.9,86.15,74.77,74.44,1.04,0.65,0.39,85.99,82.9,79.8,1509,1362,1.11,495.62,11.78,4.38,5.09,2026-08-13,2026-08-13 08:05:44
9942,茂順,116.0,117.5,117.5,115.5,51.97,60.19,47.57,0.8,0.72,0.08,118.44,115.43,112.42,88,141,0.63,96.47,14.2,7.0,6.03,2026-08-13,2026-08-13 08:05:45
9943,好樂迪,51.2,51.5,51.5,50.7,34.94,31.67,26.32,-0.47,-0.42,-0.06,53.64,52.14,50.65,104,78,1.32,64.09,9.61,3.5,6.84,2026-08-13,2026-08-13 08:05:46
9944,新麗,17.55,17.65,17.8,17.55,36.22,28.26,36.0,-0.04,0.01,-0.05,18.29,17.77,17.25,28,45,0.63,18.59,351.0,0.3,1.71,2026-08-13,2026-08-13 08:05:47
9945,潤泰新,27.1,27.4,27.4,26.8,72.25,67.23,63.51,0.37,0.36,0.01,27.39,26.6,25.8,4298,5068,0.85,768.15,4.95,1.1,4.06,2026-08-13,2026-08-13 08:05:48
9946,三發地產,19.0,19.1,19.3,18.9,78.18,68.22,70.59,-0.03,-0.15,0.12,18.77,18.11,17.46,487,312,1.56,61.07,4.57,1.38,7.26,2026-08-13,2026-08-13 08:05:48
9949,琉園,24.15,24.2,24.2,23.75,62.41,50.52,57.89,-0.34,-0.5,0.15,24.34,23.56,22.77,20,19,1.05,10.83,4.43,2.2,9.11,2026-08-13,2026-08-13 08:05:49
9950,萬國通,10.4,10.45,10.45,10.35,79.51,80.68,47.06,-0.02,-0.04,0.02,10.64,10.38,10.11,7,27,0.25,17.44,,,,2026-08-13,2026-08-13 08:05:50
9951,皇田,53.3,53.3,53.6,53.1,71.74,66.61,51.22,0.01,-0.08,0.09,53.66,52.81,51.96,41,42,0.99,38.25,10.83,2.32,4.35,2026-08-13,2026-08-13 08:05:51
9955,佳龍,24.9,25.1,25.4,24.7,75.11,64.37,58.42,-0.29,-0.62,0.33,25.39,23.8,22.21,349,378,0.92,26.0,35.07,,,2026-08-13,2026-08-13 08:05:52
9958,世紀鋼,104.5,106.5,106.5,104.0,41.03,55.62,41.43,-0.15,-0.19,0.04,115.68,108.21,100.75,2270,2673,0.85,258.01,13.64,4.5,4.31,2026-08-13,2026-08-13 08:05:53
9960,邁達康,31.2,31.45,31.45,31.2,67.01,65.92,53.52,0.06,-0.05,0.11,32.5,30.95,29.4,6,12,0.5,10.48,16.77,1.55,4.97,2026-08-13,2026-08-13 08:05:54
9962,有益,10.35,10.4,10.5,10.25,75.63,73.31,76.14,0.12,0.06,0.06,10.34,9.92,9.5,50,110,0.45,9.34,,0.5,4.83,2026-08-13,2026-08-13 08:05:55
