股票代號,股票名稱,收盤價,K值,D值,RSI,DIF,MACD,柱狀圖,BB上軌,BB中軌,BB下軌,成交量張,5日均量張,量比,市值億,本益比,每股配息,殖利率,交易日,更新時間
1101,台泥,22.8,14.49,17.09,32.56,-0.67,-0.46,-0.2,26.41,24.27,22.14,13354,25669,0.52,1754.05,14.04,1.0,4.39,2026-03-27,2026-03-29 07:31:14
1102,亞泥,34.55,50.96,48.77,55.41,-0.23,-0.28,0.05,35.33,34.55,33.77,10874,8866,1.23,1225.34,11.56,2.2,6.37,2026-03-27,2026-03-29 07:31:15
1103,嘉泥,13.75,77.64,68.07,65.38,-0.06,-0.1,0.03,13.99,13.63,13.27,82,186,0.44,90.58,16.37,0.55,4.0,2026-03-27,2026-03-29 07:31:16
1104,環泥,29.7,62.9,57.98,73.02,-0.04,-0.08,0.05,30.31,29.38,28.45,956,506,1.89,203.94,11.65,1.7,5.72,2026-03-27,2026-03-29 07:31:17
1108,幸福,14.85,20.0,24.82,48.0,-0.06,-0.04,-0.02,15.31,15.01,14.72,97,141,0.69,60.1,6.37,0.75,5.05,2026-03-27,2026-03-29 07:31:17
1109,信大,15.2,24.94,31.68,46.67,-0.07,-0.06,-0.02,15.65,15.36,15.06,262,176,1.49,51.86,14.76,0.9,5.92,2026-03-27,2026-03-29 07:31:18
1110,東泥,15.35,41.5,35.91,36.59,-0.28,-0.25,-0.03,16.44,15.62,14.8,14,202,0.07,87.48,42.64,0.3,1.95,2026-03-27,2026-03-29 07:31:19
1201,味全,13.4,18.72,19.95,20.0,-0.26,-0.21,-0.05,14.6,13.91,13.23,233,381,0.61,67.81,33.5,0.5,3.73,2026-03-27,2026-03-29 07:31:19
1203,味王,39.55,60.45,50.04,61.11,-0.19,-0.27,0.08,40.88,39.2,37.52,27,27,0.98,94.01,21.85,1.2,3.03,2026-03-27,2026-03-29 07:31:20
1210,大成,54.3,75.43,74.73,77.78,0.73,0.59,0.14,55.36,52.66,49.95,3333,2190,1.52,454.33,12.57,2.83,5.21,2026-03-27,2026-03-29 07:31:21
1213,大飲,9.98,91.22,86.94,69.09,-0.01,-0.04,0.03,10.16,9.82,9.49,4,9,0.43,5.65,,0.35,3.51,2026-03-27,2026-03-29 07:31:22
1215,卜蜂,142.5,13.58,16.9,7.69,-1.6,-0.07,-1.53,163.18,152.5,141.82,1201,1029,1.17,420.08,13.74,7.0,4.91,2026-03-27,2026-03-29 07:31:22
1216,統一,72.0,63.74,45.52,59.09,-0.61,-0.85,0.24,73.33,71.02,68.72,9136,9134,1.0,4091.05,20.93,3.0,4.17,2026-03-27,2026-03-29 07:31:23
1217,愛之味,10.3,51.24,37.01,61.54,-0.07,-0.08,0.01,10.43,10.25,10.08,324,479,0.68,50.93,24.52,0.25,2.43,2026-03-27,2026-03-29 07:31:24
1218,泰山,19.3,80.43,79.63,85.0,0.26,0.22,0.04,19.84,18.73,17.61,744,702,1.06,93.86,14.85,1.35,6.99,2026-03-27,2026-03-29 07:31:25
1219,福壽,13.9,70.41,56.97,50.0,0.06,0.03,0.03,13.89,13.6,13.31,319,456,0.7,47.43,30.89,0.5,3.6,2026-03-27,2026-03-29 07:31:25
1220,台榮,12.4,19.41,15.79,5.26,-0.13,-0.07,-0.06,13.32,12.78,12.25,68,132,0.51,21.87,155.0,0.7,5.65,2026-03-27,2026-03-29 07:31:26
1225,福懋油,32.3,53.84,40.99,39.34,0.55,0.62,-0.06,33.61,32.05,30.49,324,309,1.05,78.25,19.94,0.14,0.43,2026-03-27,2026-03-29 07:31:27
1227,佳格,30.35,67.52,69.01,64.38,0.2,0.16,0.04,30.76,29.89,29.02,599,981,0.61,275.71,20.79,1.4,4.61,2026-03-27,2026-03-29 07:31:27
1229,聯華,44.85,70.58,58.44,60.33,-0.15,-0.34,0.18,45.43,44.27,43.11,1748,1922,0.91,802.24,17.45,1.3,2.9,2026-03-27,2026-03-29 07:31:28
1231,聯華食,92.2,84.07,80.34,80.0,0.33,-0.45,0.79,95.05,87.93,80.81,289,290,1.0,275.18,24.2,1.6,1.74,2026-03-27,2026-03-29 07:31:29
1232,大統益,150.0,66.38,60.59,41.67,0.38,0.59,-0.21,152.47,150.55,148.63,50,62,0.8,239.96,18.2,7.0,4.67,2026-03-27,2026-03-29 07:31:30
1233,天仁,29.25,18.65,19.17,33.61,-0.74,-0.54,-0.21,33.85,31.22,28.59,4,15,0.25,26.49,39.0,0.95,3.25,2026-03-27,2026-03-29 07:31:30
1234,黑松,36.05,35.64,30.53,54.24,-0.29,-0.29,-0.0,37.17,36.26,35.35,129,110,1.17,144.87,18.02,1.65,4.58,2026-03-27,2026-03-29 07:31:31
1235,興泰,39.55,60.09,50.95,53.16,-0.81,-1.17,0.36,46.8,39.85,32.89,9,25,0.35,17.98,,0.5,1.26,2026-03-27,2026-03-29 07:31:32
1236,宏亞,26.35,29.95,33.9,24.0,-0.0,0.19,-0.19,28.37,27.3,26.24,17,38,0.44,22.84,,0.6,2.28,2026-03-27,2026-03-29 07:31:33
1256,鮮活果汁-KY,150.0,19.76,15.98,36.9,-2.41,-1.04,-1.37,172.31,158.28,144.24,17,35,0.49,53.66,13.45,4.66,3.11,2026-03-27,2026-03-29 07:31:33
1301,台塑,46.9,30.81,24.84,48.41,-0.05,0.14,-0.19,50.45,47.23,44.01,19650,27709,0.71,2985.53,37.48,0.5,1.07,2026-03-27,2026-03-29 07:31:34
1303,南亞,74.2,21.12,27.17,50.1,-0.86,0.58,-1.44,91.03,80.42,69.8,39016,57948,0.67,5884.67,130.18,0.7,0.94,2026-03-27,2026-03-29 07:31:35
1304,台聚,16.2,69.67,67.17,62.12,0.97,0.72,0.25,16.51,13.69,10.86,86319,51168,1.69,173.71,,0.2,1.23,2026-03-27,2026-03-29 07:31:35
1305,華夏,16.75,67.27,72.59,61.64,1.29,1.03,0.26,18.49,14.52,10.55,45842,34223,1.34,97.33,,0.15,0.9,2026-03-27,2026-03-29 07:31:36
1307,三芳,34.15,40.46,45.67,57.98,0.32,0.37,-0.06,35.35,34.05,32.76,774,1312,0.59,135.85,12.02,2.7,7.91,2026-03-27,2026-03-29 07:31:37
1308,亞聚,17.65,61.46,61.89,58.82,0.96,0.71,0.25,18.41,15.53,12.65,40826,30340,1.35,104.8,65.37,0.25,1.42,2026-03-27,2026-03-29 07:31:38
1309,台達化,22.15,83.99,80.92,73.38,2.06,1.51,0.55,21.8,16.11,10.41,15453,20963,0.74,88.07,,0.2,0.9,2026-03-27,2026-03-29 07:31:38
1310,台苯,11.25,27.91,38.14,46.87,0.48,0.59,-0.11,12.79,11.06,9.34,17300,21791,0.79,59.39,43.27,,,2026-03-27,2026-03-29 07:31:39
1312,國喬,13.75,28.93,34.84,47.67,0.19,0.24,-0.05,14.66,13.68,12.7,18864,20369,0.93,156.96,20.83,,,2026-03-27,2026-03-29 07:31:40
1313,聯成,12.8,31.3,33.23,43.24,0.39,0.46,-0.07,13.55,12.67,11.78,12077,13510,0.89,170.35,,0.15,1.17,2026-03-27,2026-03-29 07:31:41
1314,中石化,8.11,10.35,15.38,20.28,-0.0,0.08,-0.08,9.33,8.54,7.75,52008,56277,0.92,306.95,4.66,,,2026-03-27,2026-03-29 07:31:41
1315,達新,63.0,42.27,41.84,52.11,-0.28,-0.21,-0.07,65.03,63.76,62.49,26,20,1.26,60.18,40.65,4.5,7.14,2026-03-27,2026-03-29 07:31:42
1316,上曜,12.15,19.73,27.21,41.67,-0.39,-0.38,-0.01,13.47,12.78,12.09,1149,1477,0.78,41.23,55.23,,,2026-03-27,2026-03-29 07:31:43
1319,東陽,83.4,40.26,29.8,37.04,-4.46,-4.67,0.21,96.72,87.25,77.78,1259,1587,0.79,493.29,12.97,5.3,6.35,2026-03-27,2026-03-29 07:31:44
1321,大洋,34.35,66.08,52.14,61.9,0.05,-0.08,0.13,34.5,33.52,32.55,101,302,0.33,75.81,,0.38,1.11,2026-03-27,2026-03-29 07:31:45
1323,永裕,19.1,74.22,80.57,71.43,0.1,0.04,0.06,19.37,18.81,18.25,51,68,0.75,17.43,73.46,0.9,4.71,2026-03-27,2026-03-29 07:31:46
1324,地球,10.6,38.9,33.08,57.14,-0.03,-0.06,0.03,10.73,10.49,10.24,99,174,0.57,7.96,,0.2,1.89,2026-03-27,2026-03-29 07:31:47
1325,恆大,27.15,21.78,28.94,52.5,-0.58,-0.66,0.08,28.53,27.42,26.31,143,333,0.43,23.15,,0.3,1.1,2026-03-27,2026-03-29 07:31:47
1326,台化,44.25,36.77,38.89,53.68,0.71,1.05,-0.35,47.81,44.48,41.16,28819,32087,0.9,2588.19,38.88,0.5,1.13,2026-03-27,2026-03-29 07:31:48
1337,再生-KY,6.12,42.05,53.31,47.43,0.22,0.21,0.01,6.64,5.91,5.18,659,1274,0.52,16.46,,,,2026-03-27,2026-03-29 07:31:49
1338,廣華-KY,14.2,12.64,15.88,29.41,-1.14,-1.13,-0.02,18.19,15.71,13.23,127,207,0.61,11.47,1.65,0.78,5.49,2026-03-27,2026-03-29 07:31:49
1339,昭輝,41.25,41.16,47.08,54.02,-0.48,-0.5,0.02,43.0,41.58,40.17,24,40,0.59,30.58,17.12,3.0,7.27,2026-03-27,2026-03-29 07:31:50
1340,勝悅-KY,6.68,13.53,19.96,37.25,-0.05,0.01,-0.05,7.49,7.04,6.58,216,174,1.24,10.22,,,,2026-03-27,2026-03-29 07:31:51
1341,富林-KY,58.9,58.18,56.11,53.1,-0.28,-0.18,-0.1,61.32,59.12,56.92,1,4,0.25,31.13,15.92,5.2,8.83,2026-03-27,2026-03-29 07:31:52
1342,八貫,84.7,22.49,21.54,27.67,-1.6,-1.08,-0.52,94.33,88.46,82.59,132,246,0.54,66.07,15.15,6.0,7.08,2026-03-27,2026-03-29 07:31:53
1402,遠東新,26.25,24.67,16.04,17.33,-0.59,-0.45,-0.14,29.78,27.48,25.18,13771,17126,0.8,1404.93,16.94,1.6,6.1,2026-03-27,2026-03-29 07:31:55
1409,新纖,15.95,24.09,36.42,60.67,0.19,0.22,-0.03,17.01,15.71,14.4,2832,4667,0.61,257.39,13.4,0.6,3.76,2026-03-27,2026-03-29 07:31:55
1410,南染,32.0,43.4,28.37,50.49,-0.49,-0.52,0.02,33.77,32.12,30.47,44,52,0.84,19.84,55.17,0.51,1.59,2026-03-27,2026-03-29 07:31:56
1413,宏洲,9.82,57.95,48.28,53.1,-0.04,-0.07,0.02,9.99,9.73,9.48,22,23,0.94,12.97,21.82,,,2026-03-27,2026-03-29 07:31:57
1414,東和,18.05,12.19,10.71,23.4,-0.51,-0.24,-0.26,21.73,19.42,17.11,110,222,0.49,32.17,138.85,0.2,1.11,2026-03-27,2026-03-29 07:31:58
1416,廣豐,11.4,48.93,54.84,48.28,-0.06,-0.04,-0.02,11.83,11.6,11.36,140,348,0.4,21.13,14.07,0.56,4.91,2026-03-27,2026-03-29 07:31:58
1417,嘉裕,9.17,66.64,70.01,92.42,0.11,0.05,0.05,9.3,8.84,8.37,91,293,0.31,17.42,14.79,,,2026-03-27,2026-03-29 07:31:59
1418,東華,18.5,26.72,30.74,42.65,-0.21,-0.22,0.01,19.6,18.97,18.33,5,29,0.17,10.05,,,,2026-03-27,2026-03-29 07:32:00
1419,新紡,60.6,47.7,41.53,45.39,-2.13,-2.25,0.12,67.02,62.9,58.77,101,97,1.04,181.34,14.78,1.5,2.48,2026-03-27,2026-03-29 07:32:00
1423,利華,40.15,33.54,37.52,67.65,0.47,0.46,0.01,41.53,39.49,37.45,42,48,0.89,40.01,9.27,0.8,1.99,2026-03-27,2026-03-29 07:32:01
1432,大魯閣,17.85,25.64,34.68,63.22,-0.06,-0.07,0.01,19.08,17.9,16.73,225,728,0.31,19.28,2.97,,,2026-03-27,2026-03-29 07:32:02
1434,福懋,16.7,49.57,36.11,43.9,-0.16,-0.13,-0.03,17.79,16.85,15.9,1137,2320,0.49,280.97,32.75,0.8,4.79,2026-03-27,2026-03-29 07:32:02
1435,中福,19.2,47.18,31.24,48.81,-0.74,-0.75,0.01,22.44,19.68,16.92,0,4,0.0,26.84,,,,2026-03-27,2026-03-29 07:32:03
1436,華友聯,54.2,24.84,32.19,54.26,-1.08,-1.29,0.21,55.93,54.35,52.77,137,200,0.69,105.23,11.34,7.53,13.89,2026-03-27,2026-03-29 07:32:04
1437,勤益控,30.65,40.07,33.05,42.86,-0.48,-0.46,-0.02,32.91,31.32,29.74,22,38,0.57,61.87,12.77,1.83,5.97,2026-03-27,2026-03-29 07:32:04
1438,三地開發,29.45,30.92,26.05,46.46,-0.81,-0.81,-0.01,32.44,30.23,28.02,5,21,0.24,32.75,17.85,,,2026-03-27,2026-03-29 07:32:06
1439,雋揚,28.2,41.06,36.72,68.0,-0.32,-0.44,0.12,29.15,27.92,26.69,1,9,0.11,25.94,8.79,0.3,1.06,2026-03-27,2026-03-29 07:32:07
1440,南紡,13.0,34.15,38.41,59.52,-0.09,-0.11,0.02,13.41,12.93,12.45,685,1120,0.61,215.39,61.9,0.3,2.31,2026-03-27,2026-03-29 07:32:08
1441,大東,9.9,39.43,33.55,47.22,-0.05,-0.05,0.0,10.04,9.96,9.87,7,13,0.53,7.1,,,,2026-03-27,2026-03-29 07:32:08
1442,名軒,26.85,36.52,46.64,56.95,-0.49,-0.58,0.08,28.6,27.09,25.58,317,402,0.79,98.33,8.86,4.5,16.76,2026-03-27,2026-03-29 07:32:09
1443,立益物流,24.2,13.08,11.67,38.3,-0.64,-0.63,-0.01,26.86,25.03,23.2,34,10,3.26,32.75,21.42,,,2026-03-27,2026-03-29 07:32:10
1444,力麗,6.26,39.96,43.93,60.19,-0.0,-0.01,0.01,6.49,6.2,5.92,530,649,0.82,61.62,22.36,,,2026-03-27,2026-03-29 07:32:10
1445,大宇,12.85,45.51,34.35,50.0,-0.37,-0.36,-0.01,14.15,13.11,12.07,82,59,1.37,16.79,,0.5,3.89,2026-03-27,2026-03-29 07:32:11
1446,宏和,16.85,49.54,65.32,80.3,0.11,0.0,0.11,17.98,16.38,14.77,163,236,0.69,23.2,10.4,2.0,11.87,2026-03-27,2026-03-29 07:32:12
1447,力鵬,5.22,20.3,22.42,39.09,-0.08,-0.04,-0.04,5.77,5.4,5.03,1273,1962,0.65,44.03,14.5,,,2026-03-27,2026-03-29 07:32:12
1449,佳和,11.55,36.02,48.71,61.06,0.24,0.18,0.06,13.09,11.26,9.43,1076,1869,0.58,14.68,96.25,0.33,2.86,2026-03-27,2026-03-29 07:32:13
1451,年興,18.05,54.79,49.65,52.63,-0.0,0.02,-0.02,18.6,18.08,17.57,84,133,0.63,35.74,10.26,1.0,5.54,2026-03-27,2026-03-29 07:32:14
1452,宏益,11.2,36.03,33.2,60.0,-0.12,-0.14,0.02,11.44,11.2,10.95,69,61,1.13,14.86,5.66,0.5,4.46,2026-03-27,2026-03-29 07:32:15
1453,大將,12.35,32.56,33.08,56.1,-0.1,-0.11,0.0,12.85,12.39,11.94,19,42,0.46,13.99,308.75,,,2026-03-27,2026-03-29 07:32:15
1454,台富,12.95,25.73,24.14,57.58,-0.2,-0.21,0.02,13.39,12.93,12.48,9,20,0.47,15.81,,0.25,1.93,2026-03-27,2026-03-29 07:32:16
1455,集盛,8.88,32.75,44.91,48.85,0.13,0.16,-0.03,9.59,8.84,8.08,763,764,1.0,47.21,12.33,,,2026-03-27,2026-03-29 07:32:17
1456,怡華,14.4,62.03,67.72,65.59,0.39,0.28,0.12,15.09,13.72,12.36,91,239,0.38,13.5,4.24,,,2026-03-27,2026-03-29 07:32:17
1457,宜進,15.15,67.69,75.13,67.73,0.2,0.16,0.03,15.58,14.86,14.15,224,271,0.83,35.38,12.84,1.0,6.6,2026-03-27,2026-03-29 07:32:18
1459,聯發,11.8,31.94,24.26,57.14,-0.06,-0.05,-0.01,12.24,11.82,11.4,86,128,0.67,37.46,8.49,,,2026-03-27,2026-03-29 07:32:19
1460,宏遠,7.17,66.53,71.55,68.31,0.12,0.1,0.02,7.31,6.93,6.55,626,1111,0.56,48.36,11.03,,,2026-03-27,2026-03-29 07:32:19
1463,強盛新,17.95,81.15,76.75,50.0,-0.02,-0.03,0.01,18.22,17.93,17.65,61,78,0.78,30.8,138.08,2.1,11.7,2026-03-27,2026-03-29 07:32:20
1464,得力,10.35,16.02,15.8,21.05,-0.2,-0.17,-0.02,11.17,10.68,10.2,488,400,1.22,43.87,29.57,0.5,4.83,2026-03-27,2026-03-29 07:32:21
1465,偉全,12.2,51.46,39.24,45.0,-0.09,-0.08,-0.01,12.58,12.26,11.94,51,234,0.22,12.64,,0.6,4.92,2026-03-27,2026-03-29 07:32:22
1466,聚隆,17.1,21.19,25.1,53.33,0.19,0.39,-0.2,19.06,17.61,16.15,161,231,0.69,19.01,,,,2026-03-27,2026-03-29 07:32:22
1467,南緯,7.03,10.46,15.21,48.78,-0.1,-0.1,-0.0,7.45,7.17,6.88,179,122,1.46,16.42,,,,2026-03-27,2026-03-29 07:32:23
1468,昶和,11.8,38.07,36.02,30.3,-0.26,-0.18,-0.08,13.47,12.4,11.33,54,51,1.04,18.93,56.19,,,2026-03-27,2026-03-29 07:32:24
1470,大統新創,22.2,41.63,43.0,45.52,-0.18,-0.15,-0.03,23.84,22.68,21.51,9,5,1.61,19.04,28.46,1.01,4.55,2026-03-27,2026-03-29 07:32:24
1471,首利,13.15,43.1,51.93,57.75,0.33,0.38,-0.04,14.32,12.95,11.58,1512,2358,0.64,19.78,438.33,,,2026-03-27,2026-03-29 07:32:25
1472,三洋實業,96.8,68.03,71.54,79.28,1.92,1.61,0.31,99.14,93.08,87.01,58,23,2.46,50.81,15.92,3.0,3.1,2026-03-27,2026-03-29 07:32:26
1473,台南,23.9,43.38,40.57,53.49,-0.32,-0.32,-0.01,25.16,24.12,23.08,29,68,0.42,34.93,41.93,2.0,8.37,2026-03-27,2026-03-29 07:32:27
1474,弘裕,10.0,35.15,34.99,50.0,-0.08,-0.08,0.01,10.27,10.08,9.88,44,65,0.67,12.99,30.3,0.4,4.0,2026-03-27,2026-03-29 07:32:27
1475,業旺,28.3,39.34,43.22,50.0,-0.59,-0.65,0.06,30.09,28.72,27.36,23,24,0.95,18.68,8.25,1.5,5.3,2026-03-27,2026-03-29 07:32:28
1476,儒鴻,343.5,10.48,12.32,31.53,-15.45,-11.99,-3.46,415.03,374.52,334.02,1919,1383,1.39,942.45,17.1,17.0,4.95,2026-03-27,2026-03-29 07:32:29
1477,聚陽,247.0,12.35,17.29,27.76,-12.33,-8.78,-3.55,314.65,278.94,243.23,2260,2387,0.95,609.33,16.92,15.0,6.07,2026-03-27,2026-03-29 07:32:29
1503,士電,189.0,23.33,24.9,36.7,-4.79,-2.92,-1.87,221.95,203.55,185.15,1885,2259,0.83,984.64,30.19,4.5,2.38,2026-03-27,2026-03-29 07:32:30
1504,東元,63.8,17.87,22.74,35.8,-3.94,-3.72,-0.22,77.9,69.77,61.63,6209,6509,0.95,1495.88,26.36,2.2,3.45,2026-03-27,2026-03-29 07:32:31
1506,正道,11.35,51.61,52.24,47.83,-0.13,-0.14,0.01,11.63,11.41,11.18,77,104,0.73,34.09,189.17,,,2026-03-27,2026-03-29 07:32:32
1512,瑞利,7.49,34.26,39.29,57.84,-0.05,-0.05,-0.0,8.15,7.57,6.99,39,77,0.51,7.35,,,,2026-03-27,2026-03-29 07:32:32
1513,中興電,152.0,27.17,37.58,50.82,-2.33,-1.84,-0.49,167.85,158.03,148.2,3937,3242,1.21,750.99,18.84,4.6,3.03,2026-03-27,2026-03-29 07:32:33
1514,亞力,109.0,23.35,33.06,46.55,-2.14,-1.45,-0.69,122.98,115.25,107.52,2052,2280,0.9,295.25,33.75,1.7,1.56,2026-03-27,2026-03-29 07:32:34
1515,力山,24.3,25.54,27.33,46.34,-0.59,-0.57,-0.02,26.49,25.01,23.53,166,213,0.78,44.1,25.05,1.0,4.12,2026-03-27,2026-03-29 07:32:34
1516,川飛,20.45,13.32,18.06,27.33,-0.22,0.07,-0.3,25.13,22.77,20.41,44,56,0.77,8.18,511.25,,,2026-03-27,2026-03-29 07:32:35
1517,利奇,11.3,32.12,32.4,47.22,-0.14,-0.13,-0.02,12.1,11.56,11.02,317,201,1.58,24.86,1.71,0.2,1.77,2026-03-27,2026-03-29 07:32:36
1519,華城,865.0,30.02,35.55,48.84,-14.48,-8.68,-5.8,995.18,920.55,845.92,3570,3012,1.19,2732.37,61.74,9.0,1.04,2026-03-27,2026-03-29 07:32:37
1521,大億,24.85,37.9,39.6,40.0,-0.33,-0.31,-0.02,26.05,25.27,24.49,6,15,0.39,18.94,28.56,1.0,4.02,2026-03-27,2026-03-29 07:32:37
1522,堤維西,32.35,10.17,8.57,16.1,-3.47,-3.24,-0.22,45.66,37.25,28.83,546,835,0.65,100.92,18.81,3.0,9.27,2026-03-27,2026-03-29 07:32:38
1524,耿鼎,30.5,64.37,48.5,63.16,-0.31,-0.56,0.26,30.54,29.19,27.85,1238,1412,0.88,50.42,15.64,1.4,4.59,2026-03-27,2026-03-29 07:32:39
1525,江申,61.4,36.55,26.38,46.94,-0.5,-0.49,-0.01,63.24,61.75,60.26,6,14,0.41,45.07,19.13,2.8,4.56,2026-03-27,2026-03-29 07:32:39
1526,日馳,17.05,11.84,17.87,32.84,-0.61,-0.53,-0.07,19.73,18.03,16.34,45,115,0.39,10.23,,,,2026-03-27,2026-03-29 07:32:40
1527,鑽全,32.65,46.13,36.88,48.44,-0.4,-0.44,0.04,33.5,32.64,31.78,220,402,0.55,45.24,21.48,2.2,6.74,2026-03-27,2026-03-29 07:32:41
1528,恩德,25.45,66.49,54.06,72.0,-0.14,-0.44,0.3,24.53,22.59,20.65,32399,12711,2.55,48.69,,0.1,0.39,2026-03-27,2026-03-29 07:32:41
1529,樂事綠能,24.3,10.41,22.86,39.66,0.21,0.73,-0.51,29.69,26.54,23.39,1198,1149,1.04,37.69,24.06,0.2,0.82,2026-03-27,2026-03-29 07:32:42
1530,亞崴,26.75,53.9,39.59,56.9,-0.51,-0.55,0.04,28.6,26.93,25.26,23,24,0.92,25.3,44.58,1.53,5.72,2026-03-27,2026-03-29 07:32:43
1531,高林股,12.8,63.49,67.72,77.08,0.15,0.11,0.05,13.35,12.3,11.25,35,117,0.3,23.31,13.62,0.4,3.12,2026-03-27,2026-03-29 07:32:44
1532,勤美,22.1,15.64,17.31,41.57,-0.61,-0.55,-0.06,24.41,23.03,21.64,539,641,0.84,91.99,22.55,1.73,7.83,2026-03-27,2026-03-29 07:32:44
1533,車王電,30.0,21.03,31.38,54.72,-0.25,-0.24,-0.02,31.35,30.33,29.31,34,55,0.62,29.56,51.72,,,2026-03-27,2026-03-29 07:32:45
1535,中宇,53.3,53.48,50.59,72.62,0.71,0.54,0.16,54.87,51.95,49.02,61,87,0.7,65.96,13.36,3.0,5.63,2026-03-27,2026-03-29 07:32:46
1536,和大,51.0,41.97,37.62,44.32,-2.14,-2.13,-0.01,59.05,53.33,47.61,879,1219,0.72,142.27,94.44,0.8,1.57,2026-03-27,2026-03-29 07:32:47
1537,廣隆,124.0,62.55,57.84,57.89,0.01,-0.02,0.03,125.36,123.75,122.14,34,40,0.84,101.76,15.62,10.5,8.47,2026-03-27,2026-03-29 07:32:47
1538,正峰,13.3,10.07,11.91,24.39,-2.58,-2.31,-0.27,23.09,17.65,12.2,83,45,1.83,4.3,,,,2026-03-27,2026-03-29 07:32:48
1539,巨庭,16.95,41.74,37.6,60.0,-0.31,-0.33,0.02,17.87,16.99,16.12,85,95,0.89,11.08,80.71,0.85,5.01,2026-03-27,2026-03-29 07:32:49
1540,喬福,22.4,47.93,41.19,56.0,-0.46,-0.51,0.06,23.21,22.39,21.56,181,204,0.89,19.15,20.18,1.6,7.14,2026-03-27,2026-03-29 07:32:50
1541,錩泰,25.8,38.79,39.4,69.0,0.14,0.08,0.06,26.1,24.94,23.78,68,29,2.3,20.33,11.17,0.5,1.94,2026-03-27,2026-03-29 07:32:51
1558,伸興,92.5,26.98,26.91,42.67,-1.14,-1.15,0.01,96.83,94.23,91.63,32,23,1.36,59.7,16.82,6.0,6.49,2026-03-27,2026-03-29 07:32:52
1560,中砂,459.5,39.53,38.02,52.33,3.15,6.35,-3.2,502.18,467.6,433.02,1074,2082,0.52,676.81,50.49,3.99,0.87,2026-03-27,2026-03-29 07:32:54
1563,巧新,40.2,36.17,28.26,45.74,-1.24,-1.28,0.04,44.15,41.37,38.6,288,390,0.74,87.27,28.31,2.27,5.65,2026-03-27,2026-03-29 07:32:55
1568,倉佑,22.7,64.27,66.09,84.0,-0.06,-0.18,0.11,23.16,22.17,21.17,78,109,0.72,23.4,16.69,1.2,5.29,2026-03-27,2026-03-29 07:32:55
1582,信錦,102.0,56.61,44.64,65.75,5.01,4.83,0.18,100.27,87.47,74.68,26435,8622,3.07,147.15,29.74,5.5,5.39,2026-03-27,2026-03-29 07:32:56
1583,程泰,44.8,63.68,51.44,55.49,-0.78,-0.94,0.16,48.29,44.76,41.24,6,15,0.39,49.01,11.64,3.03,6.76,2026-03-27,2026-03-29 07:32:57
1587,吉茂,35.05,22.8,17.61,34.59,-2.66,-2.76,0.09,42.28,37.49,32.7,212,322,0.66,28.06,94.73,0.5,1.43,2026-03-27,2026-03-29 07:32:57
1589,永冠-KY,7.2,26.01,36.21,54.03,-1.66,-1.9,0.24,10.27,8.06,5.85,545,674,0.81,11.03,1.58,,,2026-03-27,2026-03-29 07:32:58
1590,亞德客-KY,990.0,36.17,32.73,54.18,-30.13,-26.6,-3.53,1180.65,1031.7,882.75,336,575,0.58,1980.0,23.58,20.01,2.02,2026-03-27,2026-03-29 07:33:00
1597,直得,85.4,69.91,73.08,75.59,2.03,0.97,1.06,88.37,78.61,68.85,786,1963,0.4,74.52,93.85,0.7,0.82,2026-03-27,2026-03-29 07:33:00
1598,岱宇,19.25,21.56,31.65,55.29,-0.14,-0.09,-0.05,20.55,19.56,18.57,268,180,1.49,32.02,37.02,0.5,2.6,2026-03-27,2026-03-29 07:33:01
1603,華電,32.55,17.26,15.84,24.11,-1.48,-1.32,-0.16,39.01,35.23,31.45,489,364,1.34,51.7,9.98,1.5,4.61,2026-03-27,2026-03-29 07:33:02
1604,聲寶,25.3,78.37,75.25,83.33,0.28,0.24,0.04,25.74,24.71,23.69,173,300,0.58,94.56,14.88,1.5,5.93,2026-03-27,2026-03-29 07:33:03
1605,華新,30.75,26.08,31.39,50.97,-1.3,-1.27,-0.03,35.75,32.43,29.11,19847,23209,0.86,1362.63,41.0,0.5,1.63,2026-03-27,2026-03-29 07:33:03
1608,華榮,32.0,28.58,32.63,34.62,-0.96,-0.9,-0.06,35.71,33.42,31.13,1614,1815,0.89,135.75,5.84,1.0,3.12,2026-03-27,2026-03-29 07:33:04
1609,大亞,32.15,14.25,15.28,28.12,-1.81,-1.52,-0.29,40.67,35.71,30.75,2942,3185,0.92,251.72,19.97,0.75,2.33,2026-03-27,2026-03-29 07:33:05
1611,中電,12.4,35.15,47.37,65.93,0.02,0.02,0.0,13.07,12.34,11.62,644,1190,0.54,40.02,72.94,0.8,6.45,2026-03-27,2026-03-29 07:33:06
1612,宏泰,35.3,57.32,62.11,71.95,-0.01,-0.09,0.08,36.63,35.0,33.37,373,516,0.72,111.58,12.84,2.1,5.95,2026-03-27,2026-03-29 07:33:06
1614,三洋電,32.6,64.87,47.11,56.96,-0.4,-0.43,0.03,34.51,32.79,31.08,8,20,0.39,84.41,33.96,0.58,1.78,2026-03-27,2026-03-29 07:33:07
1615,大山,45.9,44.27,48.81,63.75,-0.5,-0.6,0.1,48.19,46.01,43.83,64,70,0.91,90.27,9.6,2.0,4.36,2026-03-27,2026-03-29 07:33:08
1616,億泰,23.7,23.93,20.9,27.27,-1.18,-1.03,-0.14,29.15,25.74,22.34,380,610,0.62,44.91,15.29,1.8,7.59,2026-03-27,2026-03-29 07:33:08
1617,榮星,14.6,28.19,32.7,50.0,-0.29,-0.26,-0.03,15.62,14.94,14.27,40,113,0.35,23.04,21.47,0.5,3.42,2026-03-27,2026-03-29 07:33:09
1618,合機,39.8,20.18,21.22,35.51,-1.14,-0.98,-0.16,45.33,41.84,38.35,490,491,1.0,76.69,9.52,1.5,3.77,2026-03-27,2026-03-29 07:33:10
1623,大東電,191.0,30.89,36.0,55.97,-8.57,-10.35,1.78,208.53,194.93,181.33,124,121,1.02,126.06,14.04,8.0,4.19,2026-03-27,2026-03-29 07:33:10
1626,艾美特-KY,10.15,25.59,28.3,34.48,-0.22,-0.19,-0.03,11.07,10.5,9.94,136,81,1.68,15.21,,,,2026-03-27,2026-03-29 07:33:11
1702,南僑,36.0,53.76,36.16,44.44,-0.52,-0.56,0.04,38.02,36.28,34.55,210,223,0.94,89.31,32.14,2.5,6.94,2026-03-27,2026-03-29 07:33:12
1707,葡萄王,122.0,66.41,49.83,68.42,-0.43,-0.65,0.22,122.49,120.25,118.01,111,82,1.35,180.73,14.93,6.0,4.92,2026-03-27,2026-03-29 07:33:12
1708,東鹼,43.1,44.7,55.49,65.28,2.12,2.1,0.03,47.28,40.22,33.17,15689,14625,1.07,107.32,13.26,2.0,4.64,2026-03-27,2026-03-29 07:33:13
1709,和益,18.2,47.25,57.04,63.95,0.34,0.3,0.04,18.96,17.57,16.19,788,727,1.08,86.82,14.8,0.8,4.4,2026-03-27,2026-03-29 07:33:14
1710,東聯,14.95,44.48,50.13,61.9,0.49,0.42,0.07,15.73,13.95,12.16,20807,19752,1.05,131.12,15.57,,,2026-03-27,2026-03-29 07:33:16
1711,永光,39.0,50.14,64.21,75.05,4.08,3.82,0.26,46.23,33.58,20.94,5685,8337,0.68,213.62,,0.3,0.77,2026-03-27,2026-03-29 07:33:16
1712,興農,44.1,44.47,45.74,47.71,0.19,0.23,-0.04,44.89,44.28,43.68,351,622,0.56,185.44,16.96,2.5,5.67,2026-03-27,2026-03-29 07:33:17
1713,國化,47.65,51.75,63.4,81.0,0.14,-0.0,0.14,49.21,47.07,44.92,150,256,0.59,71.93,12.38,7.5,15.74,2026-03-27,2026-03-29 07:33:18
1714,和桐,9.7,43.66,43.91,49.04,0.07,0.1,-0.03,10.13,9.65,9.17,1661,3335,0.5,95.22,19.4,0.21,2.16,2026-03-27,2026-03-29 07:33:19
1717,長興,61.7,36.49,41.34,58.58,0.59,0.99,-0.4,67.66,62.59,57.52,12428,25342,0.49,723.28,43.76,1.0,1.62,2026-03-27,2026-03-29 07:33:19
1718,中纖,7.54,27.01,32.18,49.36,0.1,0.11,-0.01,7.87,7.43,6.99,5325,8516,0.63,101.05,83.78,,,2026-03-27,2026-03-29 07:33:20
1720,生達,62.7,40.2,36.6,39.73,0.11,0.31,-0.2,65.19,63.42,61.66,71,171,0.42,112.04,12.1,2.8,4.47,2026-03-27,2026-03-29 07:33:21
1721,三晃,18.45,34.12,43.87,63.37,0.28,0.33,-0.06,20.9,18.2,15.5,1711,1600,1.07,34.11,,,,2026-03-27,2026-03-29 07:33:21
1722,台肥,45.9,17.57,15.77,37.98,-0.32,-0.12,-0.2,48.5,46.69,44.87,3618,3870,0.93,449.82,48.32,2.0,4.36,2026-03-27,2026-03-29 07:33:22
1723,中碳,80.7,61.35,55.78,71.81,1.23,0.79,0.44,79.62,72.72,65.83,4697,1760,2.67,187.35,30.45,4.5,5.58,2026-03-27,2026-03-29 07:33:23
1725,元禎,31.4,34.06,47.43,62.47,0.97,0.92,0.05,34.9,30.08,25.26,141,223,0.63,57.09,20.52,1.25,3.98,2026-03-27,2026-03-29 07:33:23
1726,永記,75.5,33.4,32.83,55.56,-0.21,-0.18,-0.03,77.25,75.87,74.5,6,17,0.35,122.31,13.75,3.6,4.77,2026-03-27,2026-03-29 07:33:24
1727,中華化,50.7,21.02,30.14,58.32,1.25,1.86,-0.6,59.23,51.35,43.47,8764,5275,1.66,64.91,1267.5,0.5,0.99,2026-03-27,2026-03-29 07:33:25
1730,花仙子,52.6,19.19,25.91,38.1,-0.12,-0.06,-0.06,53.65,53.04,52.42,20,22,0.9,33.26,11.69,3.0,5.7,2026-03-27,2026-03-29 07:33:26
1731,美吾華,21.8,35.9,34.84,50.0,-0.03,-0.02,-0.01,22.1,21.89,21.68,55,70,0.78,,16.03,1.2,5.5,2026-03-27,2026-03-29 07:33:26
1732,毛寶,26.2,12.53,18.24,55.0,-0.37,-0.42,0.04,27.2,26.41,25.61,73,182,0.4,11.12,37.97,0.5,1.91,2026-03-27,2026-03-29 07:33:27
1733,五鼎,29.95,79.56,71.22,69.33,-0.01,-0.11,0.1,30.3,29.41,28.53,101,143,0.7,29.94,18.49,1.2,4.01,2026-03-27,2026-03-29 07:33:28
1734,杏輝,31.0,55.99,61.22,56.67,0.08,0.07,0.01,31.39,30.85,30.32,99,279,0.36,58.96,16.15,0.95,3.06,2026-03-27,2026-03-29 07:33:28
1735,日勝化,27.25,34.79,51.66,71.13,2.47,2.45,0.02,32.96,24.25,15.54,379,524,0.72,27.08,34.94,0.8,2.94,2026-03-27,2026-03-29 07:33:30
1736,喬山,124.5,38.03,34.36,32.39,-4.01,-4.02,0.01,139.37,129.45,119.53,464,329,1.41,377.73,13.74,4.0,3.21,2026-03-27,2026-03-29 07:33:31
1737,臺鹽,31.75,62.82,58.09,62.96,0.01,-0.0,0.01,31.8,31.6,31.4,36,84,0.43,63.5,15.95,1.3,4.09,2026-03-27,2026-03-29 07:33:32
1752,南光,36.05,12.57,15.79,40.54,-0.18,-0.13,-0.05,37.24,36.54,35.84,81,53,1.52,36.41,14.96,1.6,4.44,2026-03-27,2026-03-29 07:33:32
1760,寶齡富錦,63.4,76.07,76.51,73.26,0.25,-0.22,0.46,64.55,61.29,58.02,135,176,0.77,54.36,28.69,1.8,2.84,2026-03-27,2026-03-29 07:33:34
1762,中化生,29.45,48.16,46.24,49.11,0.69,0.76,-0.06,31.09,28.77,26.45,53,116,0.45,22.65,65.44,0.19,0.65,2026-03-27,2026-03-29 07:33:35
1773,勝一,142.5,24.61,30.71,53.01,-1.37,-0.85,-0.52,155.3,146.47,137.65,428,604,0.71,427.5,21.02,2.5,1.75,2026-03-27,2026-03-29 07:33:35
1776,展宇,15.65,21.18,30.7,63.64,0.15,0.15,0.0,16.67,15.48,14.3,29,44,0.67,9.41,86.94,0.6,3.83,2026-03-27,2026-03-29 07:33:36
1783,和康生,43.95,55.59,58.54,67.13,-0.15,-0.27,0.12,44.95,43.36,41.77,62,49,1.25,39.41,14.95,0.83,1.89,2026-03-27,2026-03-29 07:33:37
1785,光洋科,96.4,48.39,58.93,72.33,7.76,7.2,0.56,109.17,81.14,53.11,49533,36986,1.34,574.52,30.8,2.0,2.07,2026-03-27,2026-03-29 07:33:38
1786,科妍,65.2,46.39,35.31,45.35,-2.34,-2.52,0.18,71.87,66.85,61.83,198,212,0.93,48.79,29.91,1.91,2.93,2026-03-27,2026-03-29 07:33:38
1789,神隆,21.25,32.8,38.14,55.37,-0.32,-0.33,0.01,22.52,21.2,19.88,619,648,0.96,168.03,125.0,0.35,1.65,2026-03-27,2026-03-29 07:33:39
1795,美時,215.0,17.74,14.73,36.0,-23.47,-21.84,-1.63,291.48,241.05,190.62,2335,2708,0.86,565.04,11.92,5.78,2.69,2026-03-27,2026-03-29 07:33:40
1799,易威,38.5,42.17,51.87,68.46,1.73,1.28,0.45,43.86,34.19,24.53,58,113,0.51,48.01,,,,2026-03-27,2026-03-29 07:33:41
1802,台玻,54.9,27.01,32.37,52.45,0.73,1.86,-1.14,66.85,57.79,48.72,56632,80035,0.71,1596.53,16.34,,,2026-03-27,2026-03-29 07:33:42
1805,寶徠,10.85,47.32,53.75,56.06,-0.11,-0.18,0.08,11.97,10.86,9.74,45,474,0.09,14.64,54.25,,,2026-03-27,2026-03-29 07:33:43
1806,冠軍,8.64,41.38,30.16,44.58,-0.09,-0.09,0.0,8.95,8.7,8.45,144,205,0.7,33.4,27.0,1.0,11.57,2026-03-27,2026-03-29 07:33:44
1808,潤隆,31.05,47.65,50.67,65.84,-0.1,-0.25,0.14,32.25,30.47,28.69,613,927,0.66,277.29,22.83,2.22,7.15,2026-03-27,2026-03-29 07:33:45
1809,中釉,28.4,34.95,45.15,63.58,1.17,1.21,-0.04,32.0,27.07,22.14,3089,5564,0.56,47.44,149.47,0.25,0.88,2026-03-27,2026-03-29 07:33:45
1810,和成,17.6,32.8,34.55,56.0,-0.27,-0.27,-0.0,18.97,17.96,16.95,517,543,0.95,53.13,352.0,0.19,1.08,2026-03-27,2026-03-29 07:33:46
1817,凱撒衛,38.75,54.67,56.62,67.74,0.01,0.01,-0.01,39.16,38.76,38.35,13,27,0.48,28.13,10.79,2.4,6.19,2026-03-27,2026-03-29 07:33:47
1903,士紙,49.85,53.64,38.51,48.12,-1.22,-1.34,0.12,53.44,50.62,47.8,211,190,1.11,129.63,38.64,,,2026-03-27,2026-03-29 07:33:47
1904,正隆,20.15,80.95,67.12,81.25,0.37,0.1,0.27,19.75,18.12,16.48,12277,6979,1.76,223.32,27.23,0.45,2.23,2026-03-27,2026-03-29 07:33:48
1905,華紙,15.4,82.98,65.51,85.29,0.43,0.09,0.34,14.1,12.2,10.3,62915,23082,2.73,169.84,,,,2026-03-27,2026-03-29 07:33:49
1906,寶隆,11.5,45.94,37.43,58.14,-0.15,-0.17,0.02,11.91,11.36,10.81,525,285,1.84,17.36,1150.0,0.1,0.87,2026-03-27,2026-03-29 07:33:49
1907,永豐餘,26.25,70.16,52.77,73.86,0.04,-0.2,0.24,25.98,24.63,23.27,3849,2656,1.45,435.85,22.06,0.8,3.05,2026-03-27,2026-03-29 07:33:50
1909,榮成,10.25,73.25,52.41,81.4,-0.0,-0.11,0.11,10.04,9.42,8.8,12356,6498,1.9,133.84,,,,2026-03-27,2026-03-29 07:33:51
2002,中鋼,19.6,58.88,46.98,56.72,-0.13,-0.17,0.04,20.11,19.39,18.68,25683,48601,0.53,3002.76,38.68,0.33,1.68,2026-03-27,2026-03-29 07:33:52
2006,東和鋼鐵,70.5,36.0,32.61,32.21,0.53,1.16,-0.62,78.4,73.59,68.77,2964,4239,0.7,514.8,10.95,4.3,6.1,2026-03-27,2026-03-29 07:33:52
2007,燁興,8.35,44.77,51.43,62.12,0.07,0.03,0.04,8.78,8.17,7.57,416,1188,0.35,44.31,,,,2026-03-27,2026-03-29 07:33:53
2008,高興昌,28.9,28.63,17.15,59.57,-0.33,-0.36,0.03,29.72,28.39,27.05,4,15,0.26,55.16,42.5,0.5,1.73,2026-03-27,2026-03-29 07:33:54
2009,第一銅,40.5,20.1,25.22,45.98,-1.41,-1.32,-0.09,45.72,42.43,39.15,1186,1326,0.89,145.65,119.12,0.5,1.23,2026-03-27,2026-03-29 07:33:56
2010,春源,25.45,72.08,76.58,77.31,0.89,0.77,0.12,26.38,23.95,21.51,940,1656,0.57,164.83,10.97,1.3,5.11,2026-03-27,2026-03-29 07:33:56
2012,春雨,15.8,49.25,51.11,53.66,-0.21,-0.23,0.02,17.44,16.04,14.64,32,57,0.56,44.04,87.78,1.0,6.33,2026-03-27,2026-03-29 07:33:57
2013,中鋼構,44.85,44.14,49.28,60.19,0.63,0.55,0.08,45.67,43.89,42.11,95,306,0.31,89.7,14.1,2.0,4.46,2026-03-27,2026-03-29 07:33:58
2014,中鴻,18.6,45.25,49.41,60.83,0.28,0.2,0.08,19.27,17.92,16.57,6450,17213,0.37,267.01,55.52,,,2026-03-27,2026-03-29 07:33:59
2015,豐興,62.2,21.33,35.68,45.67,0.2,0.6,-0.4,66.98,64.56,62.13,616,715,0.86,361.75,16.16,3.3,5.31,2026-03-27,2026-03-29 07:34:00
2017,官田鋼,10.05,45.8,51.15,56.88,0.27,0.27,-0.01,10.59,9.93,9.26,690,1656,0.42,42.95,,,,2026-03-27,2026-03-29 07:34:01
2020,美亞,24.25,56.2,54.6,59.18,0.07,0.05,0.02,24.65,24.12,23.58,213,451,0.47,64.76,11.38,2.2,9.07,2026-03-27,2026-03-29 07:34:01
2022,聚亨,9.15,46.96,55.73,55.98,0.12,0.11,0.01,9.6,9.08,8.57,599,1321,0.45,30.85,,,,2026-03-27,2026-03-29 07:34:02
2023,燁輝,14.5,36.4,37.19,28.57,-0.08,-0.08,-0.0,14.84,14.58,14.32,1018,1609,0.63,269.88,38.16,,,2026-03-27,2026-03-29 07:34:03
2024,志聯,14.95,39.99,34.96,49.28,-0.28,-0.3,0.03,16.28,15.14,13.99,0,9,0.0,14.58,,,,2026-03-27,2026-03-29 07:34:04
2025,千興,11.55,45.21,48.95,58.76,-0.04,-0.15,0.11,12.44,11.26,10.08,109,634,0.17,19.94,,,,2026-03-27,2026-03-29 07:34:04
2027,大成鋼,36.6,21.88,30.48,47.22,-0.08,-0.02,-0.05,37.86,36.89,35.92,14271,13089,1.09,861.5,12.75,1.1,3.01,2026-03-27,2026-03-29 07:34:05
2028,威致,18.4,45.06,48.44,61.63,0.03,-0.05,0.09,19.44,18.18,16.92,112,319,0.35,59.62,65.71,0.6,3.26,2026-03-27,2026-03-29 07:34:06
2029,盛餘,20.45,26.49,28.4,44.07,-0.23,-0.21,-0.02,21.78,20.84,19.89,37,109,0.34,65.68,27.64,1.25,6.11,2026-03-27,2026-03-29 07:34:07
2030,彰源,16.1,49.92,47.05,57.89,0.04,-0.03,0.07,16.61,15.8,14.98,470,1134,0.41,44.43,46.0,0.71,4.41,2026-03-27,2026-03-29 07:34:07
2031,新光鋼,40.05,56.29,65.24,64.43,0.38,0.27,0.11,41.29,39.2,37.1,801,1168,0.69,128.62,12.21,2.5,6.24,2026-03-27,2026-03-29 07:34:08
2032,新鋼,16.45,52.26,54.2,65.22,0.14,-0.0,0.14,17.07,15.78,14.49,604,2074,0.29,21.47,29.38,0.5,3.04,2026-03-27,2026-03-29 07:34:09
2033,佳大,15.55,15.54,14.21,38.24,-0.21,-0.15,-0.06,16.78,15.96,15.13,57,150,0.38,12.55,44.43,0.2,1.29,2026-03-27,2026-03-29 07:34:10
2034,允強,20.5,54.44,53.15,65.08,-0.11,-0.19,0.08,20.76,20.14,19.53,397,857,0.46,108.44,102.5,1.0,4.88,2026-03-27,2026-03-29 07:34:11
2038,海光,15.6,39.32,42.58,58.54,0.14,0.06,0.08,16.07,15.15,14.23,504,2130,0.24,30.28,,,,2026-03-27,2026-03-29 07:34:12
2049,上銀,235.0,59.69,49.65,60.87,0.15,0.44,-0.28,251.35,234.5,217.65,3446,3214,1.07,831.41,54.65,2.4,1.02,2026-03-27,2026-03-29 07:34:12
2059,川湖,3600.0,69.09,70.87,75.0,86.84,50.89,35.94,3708.12,3363.75,3019.38,395,690,0.57,3430.69,35.71,32.2,0.89,2026-03-27,2026-03-29 07:34:13
2062,橋椿,20.5,41.28,35.01,55.36,-0.32,-0.34,0.03,21.47,20.51,19.55,276,195,1.42,41.0,52.56,1.8,8.78,2026-03-27,2026-03-29 07:34:14
2069,運錩,18.65,45.72,44.53,53.85,-0.06,-0.07,0.0,19.36,18.7,18.05,143,218,0.66,31.03,11.51,0.9,4.83,2026-03-27,2026-03-29 07:34:14
2101,南港,34.6,67.63,60.91,59.88,-0.07,-0.41,0.33,35.74,33.31,30.87,612,1341,0.46,250.18,34.26,0.7,2.02,2026-03-27,2026-03-29 07:34:15
2102,泰豐,19.2,51.74,48.63,60.0,-0.16,-0.2,0.04,20.59,19.25,17.91,320,277,1.16,88.24,,,,2026-03-27,2026-03-29 07:34:16
2103,台橡,19.45,21.2,27.41,39.41,0.56,0.9,-0.34,22.07,20.26,18.46,4222,7512,0.56,160.6,36.02,0.63,3.24,2026-03-27,2026-03-29 07:34:17
2104,國際中橡,12.25,21.34,25.16,42.55,0.05,0.11,-0.07,12.9,12.38,11.86,2054,3161,0.65,118.82,45.37,,,2026-03-27,2026-03-29 07:34:17
2105,正新,30.75,76.69,72.56,65.65,0.03,-0.12,0.15,30.97,29.64,28.31,9649,10483,0.92,996.74,20.5,2.4,7.8,2026-03-27,2026-03-29 07:34:18
2106,建大,17.95,36.13,24.07,38.46,-0.5,-0.47,-0.03,19.84,18.49,17.14,581,804,0.72,171.4,138.08,1.1,6.13,2026-03-27,2026-03-29 07:34:19
2107,厚生,25.25,79.63,72.03,70.59,0.02,0.01,0.01,25.53,25.14,24.74,370,262,1.41,76.66,15.12,1.4,5.54,2026-03-27,2026-03-29 07:34:19
2108,南帝,26.1,51.0,45.63,66.39,0.43,0.35,0.09,26.34,24.61,22.89,2151,1917,1.12,128.52,31.45,1.0,3.83,2026-03-27,2026-03-29 07:34:21
2109,華豐,14.75,78.5,80.13,79.02,0.06,0.04,0.02,14.83,14.54,14.25,170,153,1.11,41.2,12.72,1.3,8.81,2026-03-27,2026-03-29 07:34:22
2114,鑫永銓,88.6,27.61,28.39,54.29,-0.25,-0.25,-0.01,89.83,88.86,87.89,18,26,0.67,69.1,15.38,5.0,5.64,2026-03-27,2026-03-29 07:34:23
2115,六暉-KY,21.35,23.2,18.87,24.14,-0.78,-0.75,-0.03,24.58,22.39,20.19,63,58,1.07,22.28,13.51,1.5,7.03,2026-03-27,2026-03-29 07:34:23
2201,裕隆,27.95,42.38,33.65,51.72,-0.75,-0.89,0.14,29.91,28.29,26.66,2088,2575,0.81,296.96,30.05,0.56,2.0,2026-03-27,2026-03-29 07:34:24
2204,中華,55.5,44.04,39.99,57.0,-0.59,-0.55,-0.04,58.98,56.01,53.04,1747,1534,1.14,307.26,10.84,3.6,6.49,2026-03-27,2026-03-29 07:34:25
2206,三陽工業,58.9,63.68,46.82,48.84,-0.47,-0.47,0.01,60.84,58.97,57.1,1017,1048,0.97,455.5,10.21,3.03,5.14,2026-03-27,2026-03-29 07:34:26
2207,和泰車,497.5,43.33,36.42,48.03,-11.02,-11.9,0.88,553.89,506.8,459.71,404,395,1.02,2771.59,14.68,20.0,4.02,2026-03-27,2026-03-29 07:34:26
2208,台船,21.5,56.01,52.82,61.16,-0.18,-0.17,-0.01,23.17,21.64,20.12,3205,4623,0.69,274.03,,,,2026-03-27,2026-03-29 07:34:27
2211,長榮鋼,101.0,43.46,46.56,62.69,-0.15,-0.16,0.0,104.1,101.33,98.56,486,577,0.84,421.26,11.74,5.0,4.95,2026-03-27,2026-03-29 07:34:28
2227,裕日車,50.4,49.13,36.09,56.79,-0.9,-0.99,0.09,54.45,51.07,47.7,9,21,0.44,151.2,38.77,3.9,7.74,2026-03-27,2026-03-29 07:34:28
2228,劍麟,89.1,51.51,44.26,49.21,-2.24,-2.5,0.27,94.62,90.4,86.18,69,157,0.44,71.08,17.5,9.0,10.1,2026-03-27,2026-03-29 07:34:29
2230,泰茂,31.35,13.87,23.52,32.67,-8.02,-9.62,1.61,38.17,33.85,29.53,291,355,0.82,21.33,46.1,1.0,3.19,2026-03-27,2026-03-29 07:34:31
2231,為升,125.0,86.66,68.17,88.06,4.61,0.07,4.54,114.06,90.12,66.17,6051,2921,2.07,169.91,19.53,2.07,1.66,2026-03-27,2026-03-29 07:34:32
2233,宇隆,233.0,34.23,41.73,71.67,0.28,-0.29,0.57,244.76,228.3,211.84,379,562,0.68,140.47,34.83,7.0,3.0,2026-03-27,2026-03-29 07:34:32
2236,百達-KY,114.0,73.72,56.74,60.0,-0.68,-1.01,0.33,116.57,110.88,105.18,352,400,0.88,70.0,21.19,0.31,0.27,2026-03-27,2026-03-29 07:34:33
2239,英利-KY,22.95,30.5,25.1,31.91,-1.44,-1.55,0.11,26.26,23.87,21.48,44,96,0.46,27.02,3.0,,,2026-03-27,2026-03-29 07:34:34
2241,艾姆勒,29.5,37.77,49.53,56.7,-0.24,-0.43,0.19,31.91,29.8,27.69,368,539,0.68,30.86,,,,2026-03-27,2026-03-29 07:34:34
2243,宏旭-KY,20.85,93.49,89.5,87.2,2.3,1.89,0.41,23.67,16.25,8.83,788,819,0.96,14.46,17.09,,,2026-03-27,2026-03-29 07:34:35
2247,汎德永業,239.0,45.35,33.46,55.22,-7.79,-8.46,0.67,259.4,243.0,226.6,28,45,0.61,192.89,13.55,25.0,10.46,2026-03-27,2026-03-29 07:34:36
2248,華勝-KY,49.25,21.12,28.27,53.11,0.26,0.32,-0.06,51.8,49.33,46.85,24,33,0.71,23.44,9.71,2.73,5.54,2026-03-27,2026-03-29 07:34:36
2250,IKKA-KY,63.2,11.66,17.71,49.72,-1.82,-1.83,0.01,69.04,65.01,60.98,43,47,0.9,23.0,16.04,3.35,5.3,2026-03-27,2026-03-29 07:34:37
2254,巨鎧精密-創,71.9,67.82,67.83,62.16,2.2,2.19,0.0,72.81,69.61,66.42,19,36,0.53,45.84,,,,2026-03-27,2026-03-29 07:34:38
2258,鴻華先進-創,29.0,9.64,9.55,20.38,-2.16,-1.95,-0.21,38.34,32.89,27.44,1435,979,1.47,505.66,,,,2026-03-27,2026-03-29 07:34:38
2301,光寶科,152.0,20.8,30.64,52.88,-3.57,-2.6,-0.97,171.81,159.65,147.49,12895,12138,1.06,3450.05,23.03,7.51,4.94,2026-03-27,2026-03-29 07:34:39
2302,麗正,18.2,25.8,38.4,62.75,-0.03,-0.04,0.01,19.77,18.34,16.91,504,581,0.87,30.27,37.14,0.58,3.19,2026-03-27,2026-03-29 07:34:41
2303,聯電,57.8,36.37,33.75,43.79,-1.11,-0.79,-0.32,64.18,60.03,55.89,41464,49184,0.84,7275.95,17.46,2.85,4.93,2026-03-27,2026-03-29 07:34:42
2305,全友,17.3,77.05,68.1,82.91,0.7,0.46,0.24,16.8,14.2,11.61,9895,3806,2.6,35.07,86.5,,,2026-03-27,2026-03-29 07:34:43
2308,台達電,1510.0,72.02,71.23,73.02,68.33,62.71,5.62,1571.78,1396.75,1221.72,10081,12574,0.8,39222.91,65.37,7.0,0.46,2026-03-27,2026-03-29 07:34:45
2312,金寶,23.15,29.68,34.27,55.48,-0.56,-0.61,0.04,24.8,23.35,21.9,16129,11361,1.42,348.52,22.26,0.6,2.59,2026-03-27,2026-03-29 07:34:46
2313,華通,270.0,75.67,63.17,79.19,16.35,13.99,2.35,257.19,218.07,178.96,154218,105367,1.46,3217.92,49.27,2.8,1.04,2026-03-27,2026-03-29 07:34:47
2314,台揚,19.05,25.96,29.3,55.83,-0.61,-0.65,0.04,21.18,18.71,16.23,572,397,1.44,8.51,14.01,,,2026-03-27,2026-03-29 07:34:47
2316,楠梓電,104.5,41.49,50.85,64.24,1.81,1.32,0.48,114.31,99.24,84.17,4865,5775,0.84,189.6,7.82,0.5,0.48,2026-03-27,2026-03-29 07:34:48
2317,鴻海,199.5,20.92,18.08,37.78,-6.86,-5.5,-1.36,234.86,211.88,188.89,28552,47417,0.6,27855.66,14.88,5.8,2.91,2026-03-27,2026-03-29 07:34:49
2321,東訊,14.75,57.45,51.54,4.55,-0.44,-0.44,0.0,16.68,15.26,13.83,0,1,0.0,4.42,,,,2026-03-27,2026-03-29 07:34:49
2323,中環,11.4,52.14,59.55,57.69,0.3,0.25,0.05,12.66,11.21,9.76,10996,37833,0.29,124.19,7.22,0.3,2.63,2026-03-27,2026-03-29 07:34:50
2324,仁寶,30.25,26.22,42.14,50.39,0.16,0.25,-0.09,32.38,30.61,28.84,61754,31545,1.96,1318.03,22.08,1.1,3.64,2026-03-27,2026-03-29 07:34:51
2327,國巨*,260.0,30.13,34.9,55.11,-2.14,-1.02,-1.12,289.48,265.15,240.82,11515,16763,0.69,5388.23,22.63,5.0,1.92,2026-03-27,2026-03-29 07:34:51
2328,廣宇,45.3,44.39,45.05,58.86,-1.11,-1.13,0.02,49.84,46.23,42.62,1382,1957,0.71,234.81,29.04,1.1,2.43,2026-03-27,2026-03-29 07:34:52
2329,華泰,52.2,22.18,38.5,56.51,-0.06,0.09,-0.15,61.31,54.21,47.1,7414,15058,0.49,343.99,27.05,1.0,1.92,2026-03-27,2026-03-29 07:34:54
2330,台積電,1820.0,34.61,36.34,51.78,2.12,13.94,-11.81,1952.79,1864.12,1775.46,28974,30560,0.95,471971.94,27.47,24.0,1.32,2026-03-27,2026-03-29 07:34:55
2331,精英,21.95,17.91,26.31,45.74,-0.94,-0.79,-0.15,26.17,23.63,21.09,1894,1924,0.98,122.35,15.68,0.21,0.96,2026-03-27,2026-03-29 07:34:55
2332,友訊,15.55,48.97,41.94,55.56,-0.1,-0.13,0.02,16.13,15.32,14.52,2034,3051,0.67,92.82,51.83,0.1,0.64,2026-03-27,2026-03-29 07:34:56
2337,旺宏,125.0,39.81,57.49,63.82,12.74,13.57,-0.83,164.2,120.43,76.67,46595,37627,1.24,2319.24,8.07,,,2026-03-27,2026-03-29 07:34:58
2338,光罩,47.0,25.04,35.09,49.11,1.29,2.17,-0.88,56.32,49.92,43.51,3544,5917,0.6,153.71,156.67,,,2026-03-27,2026-03-29 07:34:58
2340,台亞,26.8,34.89,53.17,63.31,0.44,0.44,0.0,30.23,27.04,23.86,2907,3034,0.96,117.35,48.73,,,2026-03-27,2026-03-29 07:34:59
2342,茂矽,30.0,20.47,33.24,56.34,-0.23,-0.14,-0.09,33.91,31.13,28.36,1309,1224,1.07,47.26,16.3,0.3,1.0,2026-03-27,2026-03-29 07:35:00
2344,華邦電,92.4,14.7,27.04,44.37,-2.6,0.21,-2.81,128.58,109.06,89.54,156697,181680,0.86,4158.0,105.0,0.5,0.54,2026-03-27,2026-03-29 07:35:01
2345,智邦,1655.0,76.08,75.72,68.71,89.14,77.41,11.72,1717.27,1500.5,1283.73,4372,5090,0.86,9249.93,35.33,11.0,0.66,2026-03-27,2026-03-29 07:35:01
2347,聯強,79.8,86.62,86.6,77.29,3.37,2.93,0.45,84.08,74.12,64.17,3935,7614,0.52,1331.02,15.71,4.0,5.01,2026-03-27,2026-03-29 07:35:02
2348,海悅,78.7,33.97,49.36,72.44,1.22,0.68,0.54,85.13,75.53,65.92,200,361,0.55,119.42,16.43,9.0,11.44,2026-03-27,2026-03-29 07:35:03
2349,錸德,13.65,38.69,46.9,56.07,0.02,-0.06,0.08,15.05,13.54,12.02,3944,12523,0.31,94.69,12.76,,,2026-03-27,2026-03-29 07:35:03
2351,順德,104.5,76.05,76.88,79.06,4.53,3.09,1.43,106.23,90.03,73.83,5031,8656,0.58,190.34,63.72,2.5,2.39,2026-03-27,2026-03-29 07:35:04
2352,佳世達,23.65,38.01,47.89,55.84,-0.29,-0.29,0.0,25.1,23.98,22.85,3265,3494,0.93,373.79,36.95,3.55,15.01,2026-03-27,2026-03-29 07:35:06
2353,宏碁,27.4,26.35,33.9,59.09,0.19,0.24,-0.05,28.62,27.23,25.84,18337,18314,1.0,823.7,21.92,1.3,4.74,2026-03-27,2026-03-29 07:35:07
2354,鴻準,52.2,34.68,35.94,50.0,-1.44,-1.38,-0.06,57.76,53.97,50.18,2380,2762,0.86,738.36,22.6,1.4,2.68,2026-03-27,2026-03-29 07:35:07
2355,敬鵬,50.5,70.79,59.7,72.06,2.2,1.87,0.33,49.59,44.16,38.72,88696,29785,2.98,200.73,31.76,1.85,3.66,2026-03-27,2026-03-29 07:35:09
2356,英業達,43.1,41.55,45.09,67.84,-0.3,-0.38,0.08,45.03,42.6,40.17,18085,11727,1.54,1546.2,17.88,1.7,3.94,2026-03-27,2026-03-29 07:35:11
2357,華碩,577.0,34.47,42.83,72.06,13.4,14.21,-0.81,620.18,558.9,497.62,2408,3515,0.68,4285.73,9.7,34.0,5.89,2026-03-27,2026-03-29 07:35:11
2359,所羅門,113.5,27.68,31.69,54.41,-3.38,-3.27,-0.11,127.52,117.62,107.73,510,707,0.72,194.51,92.28,1.0,0.88,2026-03-27,2026-03-29 07:35:12
2360,致茂,1615.0,62.01,63.07,73.01,118.94,120.21,-1.27,1699.04,1484.75,1270.46,3531,3821,0.92,6841.26,58.81,9.0,0.56,2026-03-27,2026-03-29 07:35:13
2362,藍天,39.1,62.16,54.05,67.8,0.03,-0.02,0.05,39.71,38.36,37.0,347,348,1.0,226.0,19.17,2.53,6.47,2026-03-27,2026-03-29 07:35:15
2363,矽統,48.9,21.47,32.03,56.69,-0.68,-0.47,-0.22,53.5,50.33,47.17,2546,2372,1.07,251.83,31.96,0.5,1.02,2026-03-27,2026-03-29 07:35:15
2364,倫飛,61.0,21.7,30.97,51.85,-0.53,-0.37,-0.16,65.08,62.47,59.86,69,75,0.92,31.96,14.63,,,2026-03-27,2026-03-29 07:35:16
2365,昆盈,32.2,19.11,31.95,49.35,-0.81,-0.63,-0.17,36.67,34.09,31.5,1776,1446,1.23,71.33,100.63,0.6,1.86,2026-03-27,2026-03-29 07:35:17
2367,燿華,78.2,56.65,54.31,72.55,5.25,5.75,-0.5,79.84,71.67,63.49,340130,187466,1.81,552.29,115.0,0.7,0.9,2026-03-27,2026-03-29 07:35:17
2368,金像電,924.0,30.34,44.14,67.83,46.54,50.37,-3.82,1047.0,873.1,699.2,4817,8401,0.57,4619.81,48.55,6.0,0.65,2026-03-27,2026-03-29 07:35:18
2369,菱生,30.7,41.95,57.54,65.51,1.5,1.34,0.16,35.56,29.39,23.22,15537,62538,0.25,114.95,18.27,0.3,0.98,2026-03-27,2026-03-29 07:35:19
2371,大同,31.1,40.49,29.56,38.6,-1.35,-1.35,-0.0,35.44,32.17,28.89,7625,10318,0.74,636.32,13.29,3.11,10.0,2026-03-27,2026-03-29 07:35:20
2373,震旦行,56.2,46.17,46.51,62.75,0.14,0.1,0.04,56.98,55.83,54.69,31,34,0.89,125.72,14.52,3.7,6.58,2026-03-27,2026-03-29 07:35:22
2374,佳能,72.2,71.33,62.56,63.33,-1.76,-2.16,0.4,76.39,71.8,67.22,5048,4050,1.25,243.01,29.83,0.6,0.83,2026-03-27,2026-03-29 07:35:22
2375,凱美,76.5,17.8,23.63,45.87,-3.31,-2.94,-0.37,90.61,81.83,73.04,1026,841,1.22,83.14,20.56,1.5,1.96,2026-03-27,2026-03-29 07:35:23
2376,技嘉,235.0,31.75,46.92,64.93,1.43,1.36,0.07,254.1,232.28,210.45,4318,5600,0.77,1574.24,13.68,10.0,4.26,2026-03-27,2026-03-29 07:35:25
2377,微星,90.4,14.59,23.24,42.5,-0.94,-0.58,-0.36,98.34,93.7,89.05,4227,5072,0.83,763.75,13.39,5.0,5.53,2026-03-27,2026-03-29 07:35:25
2379,瑞昱,494.5,81.46,78.21,55.38,1.19,-2.1,3.29,498.73,474.3,449.87,2844,2592,1.1,2549.21,17.64,25.5,5.16,2026-03-27,2026-03-29 07:35:26
2380,虹光,5.82,46.23,55.61,43.8,0.27,0.29,-0.02,7.03,5.87,4.72,304,366,0.83,12.61,8.08,,,2026-03-27,2026-03-29 07:35:27
2382,廣達,289.0,55.36,50.84,60.29,0.5,0.91,-0.41,297.67,287.48,277.28,12806,11722,1.09,11139.56,15.29,13.0,4.5,2026-03-27,2026-03-29 07:35:28
2383,台光電,2910.0,71.52,72.43,75.26,214.33,205.87,8.46,3078.94,2589.25,2099.56,1912,3307,0.58,10427.14,71.43,16.58,0.57,2026-03-27,2026-03-29 07:35:28
2385,群光,123.0,50.05,51.37,48.72,0.28,0.63,-0.36,126.98,123.58,120.17,4090,4143,0.99,855.25,13.77,7.2,5.85,2026-03-27,2026-03-29 07:35:29
2387,精元,40.2,47.75,54.1,49.74,0.95,1.08,-0.14,41.84,40.02,38.19,3106,2569,1.21,77.8,11.65,4.0,9.95,2026-03-27,2026-03-29 07:35:30
2388,威盛,54.5,47.63,57.15,73.11,0.88,0.22,0.66,56.88,49.67,42.47,10509,13562,0.77,302.91,454.17,0.2,0.37,2026-03-27,2026-03-29 07:35:30
2390,云辰,10.4,42.36,47.04,63.16,0.1,0.05,0.05,11.14,10.16,9.18,401,629,0.64,20.03,,,,2026-03-27,2026-03-29 07:35:31
2392,正崴,36.15,34.89,40.86,54.23,-0.62,-0.62,0.0,38.41,36.66,34.92,845,911,0.93,167.31,7.69,2.5,6.92,2026-03-27,2026-03-29 07:35:32
2393,億光,69.5,83.09,86.57,81.93,3.06,2.67,0.39,73.37,64.04,54.71,2390,3487,0.69,308.16,15.34,5.31,7.64,2026-03-27,2026-03-29 07:35:34
2395,研華,332.5,23.24,24.57,36.94,5.81,8.95,-3.14,364.59,340.48,316.36,1673,2050,0.82,2878.88,27.39,8.39,2.52,2026-03-27,2026-03-29 07:35:34
2397,友通,55.0,48.07,40.8,52.94,-1.27,-1.37,0.1,59.93,56.04,52.14,126,153,0.82,62.97,22.18,3.4,6.18,2026-03-27,2026-03-29 07:35:35
2399,映泰,31.0,50.38,64.13,67.67,2.08,1.78,0.3,36.7,27.62,18.55,2777,5869,0.47,55.21,206.67,,,2026-03-27,2026-03-29 07:35:36
2401,凌陽,20.7,37.66,38.28,54.55,-0.29,-0.25,-0.04,22.35,21.04,19.73,2049,2115,0.97,121.81,10.3,,,2026-03-27,2026-03-29 07:35:36
2402,毅嘉,53.0,61.08,52.84,71.32,-0.69,-1.03,0.33,56.85,51.48,46.1,7486,6169,1.21,162.99,22.84,1.97,3.72,2026-03-27,2026-03-29 07:35:37
2404,漢唐,880.0,10.32,13.83,25.26,-25.93,-13.03,-12.9,1137.67,990.7,843.73,3823,4146,0.92,1662.2,18.45,28.0,3.18,2026-03-27,2026-03-29 07:35:39
2405,輔信,15.95,51.71,59.74,58.33,-0.02,-0.2,0.18,16.74,15.46,14.18,1875,8459,0.22,54.78,,0.17,1.07,2026-03-27,2026-03-29 07:35:40
2406,國碩,35.7,48.02,53.5,60.96,1.47,1.58,-0.11,38.78,34.89,31.01,18387,30538,0.6,125.27,,,,2026-03-27,2026-03-29 07:35:40
2408,南亞科,219.5,24.83,32.07,52.72,-9.55,-6.02,-3.52,285.11,242.65,200.19,131297,126764,1.04,6801.49,104.03,,,2026-03-27,2026-03-29 07:35:41
2409,友達,14.4,11.12,17.16,40.32,-0.13,0.1,-0.23,17.2,15.67,14.13,75856,70409,1.08,1086.78,16.0,1.2,8.33,2026-03-27,2026-03-29 07:35:42
2412,中華電,134.0,30.42,35.51,38.89,-0.01,0.32,-0.33,138.4,135.78,133.15,4883,8172,0.6,10394.98,26.91,5.0,3.73,2026-03-27,2026-03-29 07:35:43
2413,環科,55.6,55.44,59.9,69.33,2.42,2.29,0.13,60.76,51.99,43.22,8017,7552,1.06,70.81,135.61,,,2026-03-27,2026-03-29 07:35:43
2414,精技,43.4,33.46,45.76,73.91,0.51,0.57,-0.06,45.28,42.96,40.63,94,133,0.71,70.19,13.78,2.5,5.76,2026-03-27,2026-03-29 07:35:44
2415,錩新,29.9,64.92,75.26,82.43,0.85,0.66,0.19,31.6,28.1,24.59,125,479,0.26,26.91,16.52,1.2,4.01,2026-03-27,2026-03-29 07:35:46
2417,圓剛,35.0,37.42,45.77,56.95,-0.59,-0.65,0.06,36.69,35.21,33.72,329,250,1.31,46.07,,0.2,0.57,2026-03-27,2026-03-29 07:35:46
2419,仲琦,35.4,64.02,49.41,71.29,0.81,0.4,0.42,33.85,30.33,26.81,41978,13713,3.06,113.75,39.78,,,2026-03-27,2026-03-29 07:35:47
2420,新巨,52.0,53.25,62.77,65.15,0.26,0.2,0.06,53.43,51.67,49.91,149,185,0.81,79.38,13.37,3.5,6.73,2026-03-27,2026-03-29 07:35:49
2421,建準,134.5,26.0,34.11,53.33,-2.81,-2.24,-0.57,155.9,140.43,124.95,4171,4891,0.85,384.72,17.07,3.69,2.74,2026-03-27,2026-03-29 07:35:51
2423,固緯,48.25,54.51,60.03,60.39,-0.29,-0.49,0.19,49.77,48.34,46.91,88,75,1.16,69.99,16.58,2.0,4.15,2026-03-27,2026-03-29 07:35:51
2424,隴華,28.85,36.18,19.67,36.43,-2.17,-2.02,-0.15,35.99,30.0,24.01,571,219,2.6,17.19,,,,2026-03-27,2026-03-29 07:35:52
2425,承啟,28.1,17.1,33.68,64.36,0.1,0.19,-0.09,32.7,28.77,24.84,199,334,0.6,27.12,,0.15,0.53,2026-03-27,2026-03-29 07:35:53
2426,鼎元,36.0,45.51,55.32,69.87,3.96,3.88,0.09,43.01,29.85,16.7,1974,2735,0.72,108.22,29.51,0.1,0.28,2026-03-27,2026-03-29 07:35:54
2427,三商電,23.35,22.5,21.0,24.19,-0.66,-0.6,-0.06,26.38,24.49,22.59,324,395,0.82,46.23,16.22,0.7,3.0,2026-03-27,2026-03-29 07:35:55
2428,興勤,157.5,34.97,32.87,50.0,-4.41,-3.94,-0.47,181.02,163.85,146.68,165,309,0.53,201.78,13.46,6.1,3.87,2026-03-27,2026-03-29 07:35:56
2429,銘旺科,42.7,14.75,21.53,41.49,-4.21,-4.26,0.06,56.09,48.91,41.72,256,260,0.98,36.51,,,,2026-03-27,2026-03-29 07:35:57
2430,燦坤,21.75,15.21,25.51,29.73,-0.25,-0.14,-0.11,23.45,22.54,21.63,17,72,0.23,25.4,31.52,0.8,3.68,2026-03-27,2026-03-29 07:35:59
2431,聯昌,12.1,17.74,26.94,49.18,-0.53,-0.48,-0.06,15.07,12.87,10.67,550,473,1.16,13.42,,,,2026-03-27,2026-03-29 07:36:00
2432,倚天酷碁-創,27.2,23.37,35.84,66.88,0.67,0.73,-0.05,30.09,26.62,23.16,26,32,0.82,16.83,14.62,1.7,6.25,2026-03-27,2026-03-29 07:36:01
2433,互盛電,45.95,50.54,40.97,44.0,-0.26,-0.23,-0.04,47.09,46.26,45.44,85,54,1.55,66.4,15.12,3.0,6.53,2026-03-27,2026-03-29 07:36:01
2434,統懋,29.05,16.18,25.25,24.14,-0.21,-0.17,-0.04,30.03,29.45,28.87,6,11,0.52,10.75,1452.5,,,2026-03-27,2026-03-29 07:36:02
2436,偉詮電,63.7,36.05,48.97,70.89,2.31,2.45,-0.14,70.02,60.3,50.58,6256,5887,1.06,125.56,22.83,1.5,2.35,2026-03-27,2026-03-29 07:36:03
2438,翔耀,22.8,48.57,45.17,63.33,0.18,0.03,0.15,23.41,21.67,19.93,230,171,1.34,14.18,,,,2026-03-27,2026-03-29 07:36:04
2439,美律,85.3,68.73,67.34,65.17,-2.62,-3.42,0.8,89.36,84.0,78.64,815,988,0.82,216.53,16.99,7.29,8.55,2026-03-27,2026-03-29 07:36:04
2440,太空梭,14.7,33.73,34.29,39.71,-0.21,-0.17,-0.04,16.09,14.94,13.79,206,250,0.82,20.45,,,,2026-03-27,2026-03-29 07:36:05
2441,超豐,95.5,63.35,60.27,74.4,1.09,0.0,1.09,98.62,88.91,79.19,4845,6165,0.79,543.25,22.37,3.0,3.14,2026-03-27,2026-03-29 07:36:06
2442,新美齊,20.55,36.95,48.06,64.03,-0.11,-0.28,0.17,21.75,19.96,18.17,1125,1477,0.76,57.78,4.8,0.08,0.39,2026-03-27,2026-03-29 07:36:06
2444,兆勁,13.1,18.18,27.33,50.0,0.07,0.16,-0.09,14.75,13.54,12.33,340,624,0.54,13.31,,,,2026-03-27,2026-03-29 07:36:07
2449,京元電子,278.5,19.82,31.72,52.15,-1.25,1.86,-3.1,322.88,294.68,266.47,17774,17051,1.04,3405.34,42.71,4.0,1.44,2026-03-27,2026-03-29 07:36:08
2450,神腦,29.2,37.59,40.15,50.0,-0.03,0.03,-0.06,30.23,29.5,28.77,53,120,0.44,75.41,16.98,1.55,5.31,2026-03-27,2026-03-29 07:36:08
2451,創見,236.0,27.01,45.85,56.2,8.63,11.18,-2.55,315.56,245.03,174.49,3049,3938,0.77,1016.46,18.25,6.09,2.58,2026-03-27,2026-03-29 07:36:09
2453,凌群,52.7,23.74,39.6,60.78,-0.0,0.08,-0.08,57.27,53.5,49.73,313,549,0.57,52.7,16.95,2.6,4.93,2026-03-27,2026-03-29 07:36:10
2454,聯發科,1585.0,15.61,21.1,40.0,-30.69,-8.08,-22.62,1869.54,1710.25,1550.96,6833,6280,1.09,25298.35,23.98,53.5,3.38,2026-03-27,2026-03-29 07:36:11
2455,全新,270.5,73.92,69.48,76.98,18.3,14.79,3.51,273.15,231.68,190.2,27945,31782,0.88,497.43,91.69,3.22,1.19,2026-03-27,2026-03-29 07:36:12
2457,飛宏,25.75,15.33,24.26,41.78,-0.9,-0.75,-0.15,30.32,27.78,25.24,2228,1995,1.12,109.38,,,,2026-03-27,2026-03-29 07:36:13
2458,義隆,128.5,30.25,38.46,52.82,2.34,3.49,-1.16,142.03,129.78,117.54,4357,5177,0.84,367.93,15.3,7.07,5.5,2026-03-27,2026-03-29 07:36:14
2459,敦吉,65.3,44.75,49.11,58.93,-0.23,-0.22,-0.01,67.18,65.79,64.4,50,40,1.25,68.95,12.68,4.0,6.13,2026-03-27,2026-03-29 07:36:14
2460,建通,24.9,49.8,55.63,55.17,0.15,0.29,-0.13,27.81,25.17,22.53,124,204,0.61,42.13,24.41,,,2026-03-27,2026-03-29 07:36:15
2461,光群雷,17.5,88.83,84.37,92.73,0.3,0.1,0.19,17.76,16.23,14.71,627,864,0.73,30.14,18.62,1.67,9.54,2026-03-27,2026-03-29 07:36:17
2462,良得電,22.55,43.67,42.37,52.81,-0.51,-0.56,0.05,24.56,22.89,21.23,240,372,0.64,34.0,83.52,0.81,3.59,2026-03-27,2026-03-29 07:36:18
2464,盟立,71.9,24.9,38.38,63.91,1.03,1.3,-0.27,80.64,71.98,63.31,5118,3604,1.42,148.44,21.34,0.35,0.49,2026-03-27,2026-03-29 07:36:18
2465,麗臺,54.6,18.8,35.53,57.73,0.52,0.74,-0.22,64.55,55.2,45.86,195,498,0.39,51.29,97.5,,,2026-03-27,2026-03-29 07:36:19
2466,冠西電,48.55,58.04,61.1,55.28,-1.33,-2.05,0.72,55.0,48.82,42.65,402,611,0.66,84.21,31.12,,,2026-03-27,2026-03-29 07:36:20
2467,志聖,414.5,78.63,69.52,68.39,26.38,25.92,0.47,418.34,377.8,337.26,4351,5213,0.83,631.52,81.27,5.0,1.21,2026-03-27,2026-03-29 07:36:21
2468,華經,36.05,19.01,34.83,59.01,0.11,0.13,-0.02,42.58,36.81,31.04,455,601,0.76,25.22,28.84,0.9,2.5,2026-03-27,2026-03-29 07:36:22
2471,資通,51.8,33.64,47.75,63.57,0.4,0.41,-0.01,55.03,51.45,47.87,94,153,0.61,24.48,14.47,3.06,5.91,2026-03-27,2026-03-29 07:36:23
2472,立隆電,129.5,75.44,74.34,80.68,4.15,2.93,1.22,136.04,117.75,99.46,2198,3285,0.67,213.33,14.89,3.1,2.39,2026-03-27,2026-03-29 07:36:25
2474,可成,192.5,71.45,57.55,67.8,-1.55,-2.69,1.15,192.42,186.72,181.03,3124,2507,1.25,1058.14,17.01,11.49,5.97,2026-03-27,2026-03-29 07:36:25
2476,鉅祥,86.0,65.53,66.4,72.57,0.35,-0.46,0.81,89.0,81.21,73.42,1229,1198,1.03,187.27,20.62,3.5,4.07,2026-03-27,2026-03-29 07:36:26
2477,美隆電,23.95,26.4,40.15,59.46,-0.05,-0.04,-0.01,24.99,24.12,23.24,71,130,0.55,37.98,14.26,1.4,5.85,2026-03-27,2026-03-29 07:36:27
2478,大毅,60.9,13.0,24.36,41.44,-1.05,0.12,-1.18,75.55,67.8,60.05,979,1424,0.69,86.92,17.81,1.82,2.99,2026-03-27,2026-03-29 07:36:28
2480,敦陽科,141.0,34.59,38.33,54.55,-0.61,-0.39,-0.22,146.41,142.45,138.49,79,195,0.4,149.97,17.69,7.42,5.26,2026-03-27,2026-03-29 07:36:28
2481,強茂,97.9,53.38,56.69,67.66,2.56,2.41,0.15,106.47,94.72,82.96,16870,23593,0.72,374.09,31.48,1.8,1.84,2026-03-27,2026-03-29 07:36:29
2482,連宇,17.2,56.49,50.32,65.79,-0.14,-0.31,0.17,17.94,16.64,15.33,133,539,0.25,13.4,,0.61,3.55,2026-03-27,2026-03-29 07:36:30
2483,百容,21.05,44.21,38.55,52.28,0.09,0.2,-0.1,23.02,21.33,19.63,53,69,0.77,22.61,35.08,0.3,1.43,2026-03-27,2026-03-29 07:36:30
2484,希華,30.9,74.05,66.27,69.65,0.53,0.31,0.22,30.43,27.84,25.26,14154,6896,2.05,49.26,47.54,0.7,2.27,2026-03-27,2026-03-29 07:36:31
2485,兆赫,80.4,72.65,76.4,77.99,9.75,9.01,0.75,90.38,65.51,40.65,11987,12488,0.96,255.42,,,,2026-03-27,2026-03-29 07:36:32
2486,一詮,149.0,39.19,49.56,64.52,6.09,7.16,-1.06,168.0,143.95,119.9,1295,1712,0.76,342.64,677.27,0.5,0.34,2026-03-27,2026-03-29 07:36:33
2488,漢平,48.35,80.46,76.25,75.27,0.39,0.37,0.02,48.93,47.51,46.08,95,114,0.84,38.68,10.77,3.2,6.62,2026-03-27,2026-03-29 07:36:33
2489,瑞軒,35.05,21.13,23.59,43.67,1.18,2.69,-1.5,46.47,38.59,30.71,57982,69817,0.83,213.8,28.97,1.0,2.85,2026-03-27,2026-03-29 07:36:34
2491,吉祥全,15.85,19.86,29.86,51.11,-0.41,-0.46,0.05,17.41,16.33,15.26,172,157,1.09,13.0,11.08,,,2026-03-27,2026-03-29 07:36:35
2492,華新科,128.0,28.15,32.48,54.1,-1.79,-1.03,-0.76,145.67,131.57,117.48,3863,4650,0.83,620.55,27.0,2.41,1.88,2026-03-27,2026-03-29 07:36:35
2493,揚博,113.5,43.58,47.82,63.33,0.2,-0.26,0.46,118.39,107.79,97.19,1433,954,1.5,202.94,26.15,4.0,3.52,2026-03-27,2026-03-29 07:36:36
2495,普安,34.85,42.33,55.46,65.23,1.17,0.93,0.24,39.83,33.16,26.49,3228,8483,0.38,95.33,31.12,1.3,3.73,2026-03-27,2026-03-29 07:36:37
2496,卓越,66.3,67.57,61.82,69.76,0.03,-0.07,0.1,66.76,65.75,64.74,13,26,0.5,12.66,10.87,4.5,6.79,2026-03-27,2026-03-29 07:36:38
2497,怡利電,44.1,64.08,63.26,61.01,-0.77,-1.25,0.48,45.26,43.08,40.9,146,320,0.46,57.72,18.69,2.0,4.54,2026-03-27,2026-03-29 07:36:38
2498,宏達電,40.9,20.89,25.38,51.94,-1.06,-1.03,-0.03,44.36,41.86,39.36,4305,4796,0.9,341.96,5.72,,,2026-03-27,2026-03-29 07:36:39
2501,國建,24.0,75.07,73.1,77.22,0.32,0.2,0.12,24.36,23.14,21.92,2485,2783,0.89,278.29,8.48,1.0,4.17,2026-03-27,2026-03-29 07:36:40
2504,國產,37.35,53.06,67.81,53.06,0.27,0.33,-0.05,39.46,38.02,36.59,1746,2745,0.64,439.57,11.35,2.8,7.5,2026-03-27,2026-03-29 07:36:40
2505,國揚,19.1,40.43,50.06,63.77,0.04,0.01,0.03,19.84,18.98,18.12,76,230,0.33,72.58,8.09,,,2026-03-27,2026-03-29 07:36:41
2506,太設,9.01,75.67,69.26,60.87,-0.0,-0.03,0.02,9.13,8.92,8.71,30,89,0.33,32.58,450.5,0.2,2.22,2026-03-27,2026-03-29 07:36:42
2509,全坤建,14.15,53.78,61.5,57.69,-0.12,-0.16,0.04,14.65,14.17,13.69,105,92,1.14,31.77,,,,2026-03-27,2026-03-29 07:36:43
2511,太子,8.1,36.02,40.27,53.45,-0.04,-0.05,0.0,8.28,8.15,8.02,582,769,0.76,131.44,24.55,0.3,3.7,2026-03-27,2026-03-29 07:36:43
2514,龍邦,13.6,32.18,26.19,43.33,-0.29,-0.3,0.01,14.75,13.9,13.05,46,159,0.29,48.7,7.35,,,2026-03-27,2026-03-29 07:36:44
2515,中工,13.6,13.07,11.54,19.44,-0.43,-0.13,-0.3,17.92,15.31,12.69,6245,8133,0.77,218.67,34.87,,,2026-03-27,2026-03-29 07:36:45
2516,新建,14.0,35.28,38.84,45.16,-0.11,-0.13,0.02,14.8,14.17,13.53,136,411,0.33,31.68,11.38,,,2026-03-27,2026-03-29 07:36:45
2520,冠德,32.2,38.75,42.23,54.61,-0.05,-0.04,-0.02,33.65,32.04,30.43,1012,1683,0.6,191.79,12.34,3.1,9.63,2026-03-27,2026-03-29 07:36:47
2524,京城,37.8,16.69,18.45,44.52,-0.97,-0.8,-0.17,42.62,39.59,36.57,25,111,0.23,138.34,22.11,,,2026-03-27,2026-03-29 07:36:48
2527,宏璟,29.45,35.61,36.93,52.59,-0.13,-0.05,-0.08,31.59,29.89,28.19,108,205,0.53,77.09,31.67,2.0,6.79,2026-03-27,2026-03-29 07:36:48
2528,皇普,25.75,42.52,36.82,58.28,-0.25,-0.33,0.08,26.58,25.68,24.78,205,617,0.33,111.76,7.4,1.5,5.83,2026-03-27,2026-03-29 07:36:49
2530,華建,25.35,44.49,34.07,45.16,-0.4,-0.44,0.03,27.11,25.64,24.17,647,471,1.37,213.26,10.18,3.0,11.83,2026-03-27,2026-03-29 07:36:51
2534,宏盛,19.85,62.66,62.55,48.78,-0.03,-0.02,-0.01,20.46,20.03,19.6,1229,739,1.66,93.89,9.64,1.0,5.04,2026-03-27,2026-03-29 07:36:52
2535,達欣工,72.6,51.41,61.86,66.98,0.81,0.96,-0.15,74.88,72.52,70.15,288,353,0.82,188.68,11.2,4.6,6.34,2026-03-27,2026-03-29 07:36:52
2536,宏普,22.3,30.67,30.33,46.3,-0.28,-0.29,0.01,23.85,22.76,21.66,77,319,0.24,74.22,7.01,0.5,2.24,2026-03-27,2026-03-29 07:36:53
2537,聯上發,10.2,42.99,42.25,52.94,-0.08,-0.13,0.05,10.5,10.22,9.93,454,741,0.61,30.66,68.0,,,2026-03-27,2026-03-29 07:36:54
2538,基泰,10.15,42.32,34.59,47.62,-0.14,-0.15,0.01,10.6,10.26,9.92,157,322,0.49,45.17,29.85,0.7,6.9,2026-03-27,2026-03-29 07:36:54
2539,櫻花建,48.5,40.8,39.06,53.47,-0.02,0.01,-0.03,49.87,48.57,47.27,398,580,0.69,578.65,14.02,0.5,1.03,2026-03-27,2026-03-29 07:36:56
2540,愛山林,47.6,55.78,49.23,60.1,0.03,-0.09,0.13,48.69,47.18,45.67,250,677,0.37,449.76,68.99,0.71,1.49,2026-03-27,2026-03-29 07:36:57
2542,興富發,35.8,26.83,33.11,51.35,-0.5,-0.5,-0.0,37.51,36.38,35.26,2408,2737,0.88,763.23,17.05,2.0,5.59,2026-03-27,2026-03-29 07:36:58
2543,皇昌,63.1,9.68,12.46,29.91,-0.58,0.73,-1.31,79.02,69.83,60.65,1544,2789,0.55,333.51,23.54,1.0,1.58,2026-03-27,2026-03-29 07:36:58
2545,皇翔,36.25,44.63,44.45,48.36,-0.27,-0.28,0.0,37.82,36.75,35.67,280,301,0.93,137.65,18.88,4.5,12.41,2026-03-27,2026-03-29 07:36:59
2546,根基,82.6,29.28,34.13,40.0,-0.98,-0.93,-0.04,88.46,84.53,80.59,100,101,0.99,107.81,8.75,3.2,3.87,2026-03-27,2026-03-29 07:37:00
2547,日勝生,10.7,14.15,18.98,39.47,-0.04,0.01,-0.05,11.44,11.03,10.61,2604,2180,1.19,110.76,3.77,0.58,5.42,2026-03-27,2026-03-29 07:37:00
2548,華固,122.5,72.42,72.4,72.34,2.86,2.25,0.61,123.71,116.85,109.99,2435,2814,0.87,391.41,13.92,5.5,4.49,2026-03-27,2026-03-29 07:37:01
2597,潤弘,153.0,17.91,16.87,36.25,-4.82,-3.84,-0.98,177.23,161.85,146.47,435,543,0.8,475.4,14.25,6.42,4.2,2026-03-27,2026-03-29 07:37:02
2601,益航,6.01,20.05,19.01,24.43,0.06,0.13,-0.07,7.06,6.28,5.5,1165,1766,0.66,49.57,,,,2026-03-27,2026-03-29 07:37:02
2603,長榮,201.0,16.34,30.01,40.4,2.14,4.19,-2.05,221.16,210.12,199.09,9354,10081,0.93,4351.74,6.35,32.5,16.17,2026-03-27,2026-03-29 07:37:03
2605,新興,43.0,64.92,64.68,72.94,3.02,2.71,0.31,45.22,38.18,31.15,35306,39732,0.89,251.7,29.66,1.3,3.02,2026-03-27,2026-03-29 07:37:04
2606,裕民,57.6,21.51,26.2,40.67,-1.18,-0.83,-0.36,68.23,61.55,54.87,3410,3551,0.96,486.75,13.4,3.2,5.56,2026-03-27,2026-03-29 07:37:05
2607,榮運,51.4,9.58,11.56,26.03,-1.27,-1.05,-0.23,57.46,53.87,50.28,321,428,0.75,274.26,14.48,10.0,19.46,2026-03-27,2026-03-29 07:37:05
2608,嘉里大榮,31.1,58.61,44.04,50.0,-0.34,-0.39,0.05,31.86,31.18,30.5,147,222,0.66,145.24,15.79,1.65,5.31,2026-03-27,2026-03-29 07:37:06
2609,陽明,52.4,11.1,11.76,21.6,-1.03,-0.04,-0.99,66.25,58.33,50.42,15007,17046,0.88,1829.86,10.72,7.5,14.31,2026-03-27,2026-03-29 07:37:07
2610,華航,18.65,41.47,45.81,56.25,-0.56,-0.64,0.08,19.5,18.82,18.14,23124,23120,1.0,1134.26,7.84,0.8,4.29,2026-03-27,2026-03-29 07:37:07
2611,志信,14.5,24.89,31.74,53.13,-0.08,-0.04,-0.04,15.38,14.79,14.21,214,242,0.88,27.41,27.88,0.52,3.59,2026-03-27,2026-03-29 07:37:08
2612,中航,54.3,9.85,12.04,29.32,-1.85,-1.31,-0.54,67.28,59.5,51.72,423,444,0.95,107.23,9.96,2.1,3.87,2026-03-27,2026-03-29 07:37:09
2613,中櫃,23.15,11.28,14.2,26.42,-0.17,0.08,-0.24,26.33,24.53,22.72,280,334,0.84,31.78,20.31,1.0,4.32,2026-03-27,2026-03-29 07:37:11
2614,東森,21.05,63.59,53.0,61.04,-0.11,-0.17,0.05,21.31,20.65,20.0,1076,798,1.35,68.89,10.58,0.25,1.19,2026-03-27,2026-03-29 07:37:12
2615,萬海,75.1,15.62,16.88,30.26,-0.61,0.02,-0.64,84.63,78.7,72.77,7234,7283,0.99,2107.42,6.71,3.5,4.66,2026-03-27,2026-03-29 07:37:12
2616,山隆,17.3,42.14,41.18,29.25,0.52,0.81,-0.3,22.62,18.29,13.96,2909,2771,1.05,23.52,,0.3,1.73,2026-03-27,2026-03-29 07:37:13
2617,台航,30.3,17.08,26.92,46.62,-0.13,0.09,-0.23,33.26,31.61,29.96,754,579,1.3,126.44,9.56,1.5,4.95,2026-03-27,2026-03-29 07:37:15
2618,長榮航,35.45,72.22,71.1,73.23,-0.34,-0.57,0.23,36.68,34.61,32.54,21967,27714,0.79,1914.46,7.39,2.4,6.77,2026-03-27,2026-03-29 07:37:15
2630,亞航,48.05,24.63,34.42,54.79,-0.5,-0.44,-0.05,52.45,49.57,46.7,689,1179,0.58,100.63,48.05,0.9,1.87,2026-03-27,2026-03-29 07:37:16
2633,台灣高鐵,26.15,62.18,60.48,50.0,-0.22,-0.26,0.04,26.96,26.3,25.65,4847,4940,0.98,1471.8,22.35,1.05,4.02,2026-03-27,2026-03-29 07:37:17
2634,漢翔,48.5,31.54,29.91,38.83,-1.14,-0.99,-0.15,55.46,51.34,47.21,6140,5237,1.17,456.81,61.39,1.38,2.85,2026-03-27,2026-03-29 07:37:18
2636,台驊控股,68.9,32.16,45.16,67.39,0.81,0.84,-0.04,72.32,67.94,63.56,308,289,1.06,94.37,8.9,6.0,8.71,2026-03-27,2026-03-29 07:37:18
2637,慧洋-KY,69.0,34.23,41.44,56.55,-0.33,-0.21,-0.12,74.71,70.25,65.78,1447,1461,0.99,515.02,12.68,5.0,7.25,2026-03-27,2026-03-29 07:37:19
2642,宅配通,23.4,19.85,20.54,35.48,-0.41,-0.41,-0.0,24.85,23.93,23.02,21,52,0.4,22.34,32.5,0.5,2.14,2026-03-27,2026-03-29 07:37:20
2645,長榮航太,151.5,30.82,30.52,49.41,-2.99,-1.93,-1.06,174.32,159.1,143.88,804,1136,0.71,567.48,28.75,4.5,2.97,2026-03-27,2026-03-29 07:37:20
2646,星宇航空,21.35,41.59,42.84,53.03,-0.34,-0.36,0.02,22.54,21.73,20.93,2329,3154,0.74,642.36,237.22,,,2026-03-27,2026-03-29 07:37:21
2701,萬企,10.75,49.97,35.0,50.0,-0.07,-0.07,-0.0,11.06,10.8,10.54,43,45,0.96,48.37,19.2,0.28,2.6,2026-03-27,2026-03-29 07:37:22
2702,華園,12.3,81.93,59.42,75.0,0.06,-0.06,0.12,12.3,11.57,10.85,197,172,1.14,19.26,,,,2026-03-27,2026-03-29 07:37:22
2704,國賓,42.2,43.17,34.59,50.0,-0.28,-0.24,-0.04,43.84,42.65,41.46,62,125,0.5,154.84,74.04,0.5,1.18,2026-03-27,2026-03-29 07:37:24
2705,六福,16.5,54.37,53.33,65.22,0.04,0.02,0.03,16.81,16.28,15.75,84,123,0.68,31.57,18.97,,,2026-03-27,2026-03-29 07:37:24
2706,第一店,12.35,34.93,28.8,40.0,-0.12,-0.11,-0.01,12.9,12.54,12.19,45,103,0.43,61.75,19.0,0.35,2.83,2026-03-27,2026-03-29 07:37:25
2707,晶華,184.5,55.0,47.97,57.58,-0.92,-1.05,0.13,187.43,184.82,182.22,83,71,1.16,235.06,16.23,14.36,7.78,2026-03-27,2026-03-29 07:37:26
2712,遠雄來,14.75,34.68,28.57,15.56,-0.69,-0.6,-0.09,17.66,15.86,14.06,16,33,0.5,15.49,,,,2026-03-27,2026-03-29 07:37:26
2722,夏都,23.0,32.68,26.52,43.75,-0.54,-0.55,0.0,24.87,23.52,22.17,14,24,0.56,32.93,,0.15,0.65,2026-03-27,2026-03-29 07:37:27
2723,美食-KY,69.5,20.32,26.0,51.09,-0.82,-0.68,-0.14,74.85,70.62,66.39,147,181,0.81,125.1,11.12,3.0,4.32,2026-03-27,2026-03-29 07:37:28
2727,王品,229.0,62.26,60.23,55.42,3.18,2.77,0.41,236.96,226.2,215.44,298,666,0.45,189.75,14.73,14.59,6.37,2026-03-27,2026-03-29 07:37:29
2731,雄獅,164.0,18.9,27.13,49.23,-1.69,-0.96,-0.72,177.53,168.62,159.72,484,532,0.91,152.98,9.46,7.5,4.57,2026-03-27,2026-03-29 07:37:29
2739,寒舍,34.1,52.13,53.65,67.37,0.01,-0.05,0.06,34.98,33.71,32.44,33,61,0.54,31.21,14.51,1.0,2.93,2026-03-27,2026-03-29 07:37:31
2748,雲品,39.6,54.19,50.16,59.2,-0.33,-0.37,0.03,41.26,39.9,38.54,116,96,1.21,41.89,18.25,2.0,5.05,2026-03-27,2026-03-29 07:37:32
2753,八方雲集,181.0,20.23,21.94,46.77,-0.87,-0.31,-0.56,190.33,183.95,177.57,202,195,1.04,120.63,14.29,10.0,5.52,2026-03-27,2026-03-29 07:37:32
2762,世界健身-KY,72.4,21.21,25.57,45.72,0.08,0.39,-0.31,75.81,73.76,71.71,17,24,0.71,79.08,19.36,9.64,13.31,2026-03-27,2026-03-29 07:37:33
2801,彰銀,20.6,62.96,56.58,57.14,-0.04,-0.03,-0.01,21.02,20.64,20.26,9394,16529,0.57,2423.81,13.73,0.5,2.43,2026-03-27,2026-03-29 07:37:34
2812,台中銀,20.75,63.67,49.84,63.64,0.0,-0.02,0.02,21.01,20.54,20.07,7813,7467,1.05,1249.49,13.56,0.39,1.88,2026-03-27,2026-03-29 07:37:34
2816,旺旺保,31.45,69.82,62.17,68.57,0.45,0.39,0.06,31.72,30.59,29.46,132,188,0.7,70.32,6.78,1.5,4.77,2026-03-27,2026-03-29 07:37:35
2820,華票,16.75,42.04,38.62,50.0,-0.01,0.03,-0.03,17.21,16.89,16.57,790,834,0.95,224.95,12.5,0.78,4.66,2026-03-27,2026-03-29 07:37:36
2832,台產,46.9,44.16,38.65,40.4,-0.57,-0.47,-0.09,50.28,48.2,46.12,199,175,1.14,118.91,12.03,7.14,15.22,2026-03-27,2026-03-29 07:37:37
2834,臺企銀,15.05,54.64,41.71,50.0,-0.17,-0.18,0.01,15.73,15.18,14.63,20576,23501,0.88,1462.57,12.04,0.2,1.33,2026-03-27,2026-03-29 07:37:37
2836,高雄銀,12.15,32.6,25.87,52.94,-0.05,-0.04,-0.01,12.66,12.26,11.86,905,1071,0.85,217.04,18.13,0.3,2.47,2026-03-27,2026-03-29 07:37:38
2838,聯邦銀,21.05,91.07,84.58,79.63,0.32,0.26,0.07,20.86,20.05,19.25,3290,2379,1.38,913.69,16.32,0.35,1.66,2026-03-27,2026-03-29 07:37:40
2845,遠東銀,12.5,78.22,60.64,66.67,-0.04,-0.06,0.02,12.66,12.41,12.16,3525,5175,0.68,608.16,13.59,0.5,4.0,2026-03-27,2026-03-29 07:37:41
2849,安泰銀,13.0,57.97,49.02,51.85,-0.11,-0.11,0.0,13.69,13.13,12.57,18,107,0.17,254.49,16.46,0.38,2.92,2026-03-27,2026-03-29 07:37:42
2850,新產,117.0,41.79,37.87,57.5,0.21,0.33,-0.12,119.88,117.03,114.17,151,225,0.67,369.68,9.52,7.15,6.11,2026-03-27,2026-03-29 07:37:43
2851,中再保,30.95,76.8,84.59,80.99,1.0,0.83,0.17,32.34,29.06,25.79,2102,2993,0.7,247.72,8.46,1.9,6.14,2026-03-27,2026-03-29 07:37:44
2852,第一保,25.85,54.39,40.08,40.96,-0.38,-0.37,-0.02,27.57,26.38,25.19,323,317,1.02,77.85,8.85,2.1,8.12,2026-03-27,2026-03-29 07:37:44
2855,統一證,32.9,56.66,56.8,67.82,0.85,0.82,0.03,33.77,31.19,28.61,4642,4769,0.97,526.87,11.0,1.1,3.34,2026-03-27,2026-03-29 07:37:45
2867,三商壽,7.7,49.55,32.02,39.77,-0.1,-0.08,-0.01,8.26,7.82,7.38,5115,7689,0.67,454.26,38.5,,,2026-03-27,2026-03-29 07:37:46
2880,華南金,33.5,56.82,47.04,37.78,-0.24,-0.14,-0.1,36.35,34.2,32.05,15274,14730,1.04,4662.18,17.63,1.25,3.73,2026-03-27,2026-03-29 07:37:46
2881,富邦金,87.7,48.99,49.79,52.07,-1.24,-1.31,0.06,92.39,89.07,85.74,13245,15427,0.86,12284.46,10.48,4.15,4.73,2026-03-27,2026-03-29 07:37:48
2882,國泰金,70.6,31.8,39.7,53.06,-1.25,-1.14,-0.11,76.62,72.51,68.41,23980,22303,1.08,10356.46,10.0,3.5,4.96,2026-03-27,2026-03-29 07:37:49
2883,凱基金,19.85,38.6,43.54,54.05,0.17,0.3,-0.13,21.14,20.21,19.28,24983,36096,0.69,3369.51,11.41,0.84,4.23,2026-03-27,2026-03-29 07:37:50
2884,玉山金,32.2,51.78,35.52,35.44,-0.5,-0.45,-0.06,35.01,32.86,30.71,18374,25205,0.73,5208.03,15.19,1.2,3.73,2026-03-27,2026-03-29 07:37:50
2885,元大金,45.3,70.78,64.95,59.2,0.36,0.35,0.01,47.08,44.97,42.87,17128,23898,0.72,6039.01,16.53,1.5,3.31,2026-03-27,2026-03-29 07:37:51
2886,兆豐金,39.1,63.5,56.54,48.53,-0.22,-0.25,0.03,40.09,39.15,38.22,26503,22234,1.19,5819.4,16.57,1.6,4.09,2026-03-27,2026-03-29 07:37:52
2887,台新新光金,24.05,43.78,49.9,51.39,0.16,0.3,-0.15,25.21,24.47,23.74,63552,71162,0.89,5980.34,12.59,0.9,3.74,2026-03-27,2026-03-29 07:37:53
2889,國票金,15.55,42.76,62.58,48.48,-0.06,-0.04,-0.02,17.19,16.34,15.49,6249,8100,0.77,565.02,24.68,0.3,1.93,2026-03-27,2026-03-29 07:37:53
2890,永豐金,31.7,52.01,53.73,55.06,0.26,0.37,-0.11,32.74,31.76,30.78,17575,20218,0.87,4594.07,16.09,0.91,2.87,2026-03-27,2026-03-29 07:37:54
2891,中信金,53.0,66.3,60.13,65.15,0.25,0.18,0.07,53.94,52.04,50.14,32987,34259,0.96,10429.24,13.05,2.3,4.34,2026-03-27,2026-03-29 07:37:55
2892,第一金,28.45,40.51,42.81,39.34,-0.22,-0.18,-0.04,29.67,28.9,28.13,16728,20560,0.81,4090.96,15.21,0.95,3.34,2026-03-27,2026-03-29 07:37:55
2897,王道銀行,10.1,72.88,67.36,79.22,0.13,0.13,-0.01,10.08,9.86,9.63,11266,5644,2.0,281.02,18.04,0.5,4.95,2026-03-27,2026-03-29 07:37:56
2901,欣欣,23.7,49.83,41.17,48.39,-0.16,-0.2,0.04,24.28,23.74,23.19,14,38,0.37,17.31,62.37,0.37,1.56,2026-03-27,2026-03-29 07:37:57
2903,遠百,22.95,36.25,45.62,63.89,0.1,0.15,-0.05,23.65,22.94,22.22,1165,1557,0.75,323.3,14.71,1.35,5.88,2026-03-27,2026-03-29 07:37:57
2904,匯僑,16.9,56.4,33.54,23.33,-0.11,-0.09,-0.03,17.84,17.1,16.36,11,47,0.23,13.15,17.24,1.0,5.92,2026-03-27,2026-03-29 07:37:58
2905,三商,14.45,39.4,28.15,37.88,-0.37,-0.31,-0.06,16.48,15.04,13.61,540,773,0.7,152.2,20.35,0.3,2.08,2026-03-27,2026-03-29 07:37:59
2906,高林,13.0,63.78,67.58,65.0,0.16,0.13,0.03,13.44,12.83,12.22,227,155,1.46,27.19,27.66,0.6,4.62,2026-03-27,2026-03-29 07:38:00
2908,特力,20.05,40.38,34.28,58.33,-0.1,-0.1,0.0,20.42,20.07,19.72,52,115,0.45,102.23,87.17,0.9,4.49,2026-03-27,2026-03-29 07:38:00
2910,統領,23.05,85.06,71.62,76.04,0.06,-0.05,0.11,23.25,21.48,19.72,88,23,3.76,40.43,18.74,1.04,4.51,2026-03-27,2026-03-29 07:38:01
2911,麗嬰房,5.1,13.96,23.51,63.51,-0.0,0.02,-0.02,5.37,5.14,4.91,32,22,1.46,5.36,2.37,,,2026-03-27,2026-03-29 07:38:02
2912,統一超,223.5,72.79,57.97,56.0,-0.19,-0.56,0.38,224.62,218.3,211.98,3077,3011,1.02,2323.56,20.79,9.0,4.03,2026-03-27,2026-03-29 07:38:03
2913,農林,12.45,52.8,40.98,57.14,-0.16,-0.2,0.04,12.98,12.44,11.9,998,1857,0.54,98.35,,,,2026-03-27,2026-03-29 07:38:03
2915,潤泰全,47.0,20.89,17.7,28.74,-1.37,-1.01,-0.36,54.54,50.11,45.68,1051,1844,0.57,501.83,5.06,2.5,5.32,2026-03-27,2026-03-29 07:38:04
2923,鼎固-KY,18.25,51.86,40.36,44.1,-0.97,-0.85,-0.11,25.57,19.85,14.13,16,64,0.25,317.6,30.42,0.24,1.32,2026-03-27,2026-03-29 07:38:06
2929,淘帝-KY,6.09,16.17,15.28,4.04,-0.36,-0.31,-0.05,7.57,6.76,5.96,628,388,1.62,6.67,0.48,,,2026-03-27,2026-03-29 07:38:06
2939,永邑-KY,26.55,67.75,66.74,73.44,0.91,0.82,0.09,28.97,24.86,20.75,4,19,0.21,12.09,,,,2026-03-27,2026-03-29 07:38:07
2945,三商家購,40.6,50.26,51.19,55.0,-0.06,-0.01,-0.05,42.3,40.81,39.32,4,12,0.33,27.4,19.06,1.5,3.69,2026-03-27,2026-03-29 07:38:08
3002,歐格,18.95,15.43,19.07,42.99,-0.74,-0.66,-0.08,22.22,20.41,18.61,138,178,0.77,19.32,52.64,0.7,3.69,2026-03-27,2026-03-29 07:38:08
3003,健和興,50.3,48.74,50.83,61.07,0.36,0.4,-0.04,52.3,50.18,48.06,168,335,0.5,78.29,50.81,2.0,3.98,2026-03-27,2026-03-29 07:38:09
3004,豐達科,100.5,21.61,27.09,38.0,-2.51,-1.9,-0.61,113.08,106.25,99.42,149,178,0.84,64.58,17.42,2.55,2.54,2026-03-27,2026-03-29 07:38:10
3005,神基,107.0,15.94,31.65,35.84,0.41,2.79,-2.39,134.01,120.45,106.89,7205,9088,0.79,666.05,12.88,6.79,6.35,2026-03-27,2026-03-29 07:38:11
3006,晶豪科,172.0,31.48,44.48,61.56,6.21,7.7,-1.49,214.49,169.22,123.96,5785,7445,0.78,468.14,195.45,1.0,0.58,2026-03-27,2026-03-29 07:38:11
3008,大立光,2220.0,19.79,30.5,48.61,-24.48,-12.88,-11.6,2421.28,2295.71,2170.14,515,652,0.79,2903.72,14.12,80.0,3.6,2026-03-27,2026-03-29 07:38:12
3010,華立,123.0,21.66,33.63,52.69,1.28,2.34,-1.06,138.39,126.62,114.86,723,724,1.0,319.11,14.06,5.3,4.31,2026-03-27,2026-03-29 07:38:13
3011,今皓,12.45,39.8,50.44,56.6,-0.18,-0.23,0.06,13.18,12.55,11.92,542,886,0.61,15.58,,,,2026-03-27,2026-03-29 07:38:13
3013,晟銘電,106.0,67.35,60.92,65.36,-2.65,-3.89,1.24,108.57,98.95,89.34,7219,2859,2.52,226.15,26.43,0.6,0.57,2026-03-27,2026-03-29 07:38:14
3014,聯陽,117.5,44.01,45.2,58.82,-0.6,-0.39,-0.21,122.07,118.15,114.23,414,644,0.64,195.03,12.69,9.0,7.66,2026-03-27,2026-03-29 07:38:15
3015,全漢,50.7,34.99,35.0,52.73,-0.62,-0.6,-0.02,54.25,51.68,49.11,200,192,1.04,94.94,27.41,3.0,5.92,2026-03-27,2026-03-29 07:38:15
3016,嘉晶,57.0,23.85,40.75,57.21,0.21,0.49,-0.27,66.09,59.66,53.23,1947,1670,1.17,164.47,814.29,0.5,0.88,2026-03-27,2026-03-29 07:38:16
3017,奇鋐,2195.0,82.08,80.61,74.09,141.66,115.28,26.37,2223.72,1904.75,1585.78,5251,6010,0.87,8608.33,45.45,9.93,0.45,2026-03-27,2026-03-29 07:38:17
3018,隆銘綠能,11.8,5.75,11.85,39.71,-0.13,-0.01,-0.12,13.58,12.51,11.45,7,4,1.67,8.89,1.32,,,2026-03-27,2026-03-29 07:38:18
3019,亞光,127.0,26.1,31.44,55.13,-4.44,-4.25,-0.2,145.85,132.18,118.5,1376,1624,0.85,354.64,19.54,4.0,3.15,2026-03-27,2026-03-29 07:38:18
3021,鴻名,16.0,23.28,34.37,53.97,-0.33,-0.33,0.0,17.21,16.42,15.63,64,75,0.85,15.18,48.48,0.3,1.88,2026-03-27,2026-03-29 07:38:19
3022,威強電,62.6,27.56,43.43,59.7,0.33,0.1,0.23,67.71,61.77,55.84,454,788,0.58,110.55,13.61,4.5,7.19,2026-03-27,2026-03-29 07:38:20
3023,信邦,263.5,50.43,60.36,66.67,8.79,8.15,0.63,273.23,243.43,213.62,3520,3649,0.96,632.58,20.24,10.25,3.89,2026-03-27,2026-03-29 07:38:20
3024,憶聲,10.2,25.17,35.03,52.78,-0.09,-0.09,-0.0,10.79,10.33,9.87,848,630,1.35,28.27,37.78,0.4,3.92,2026-03-27,2026-03-29 07:38:21
3025,星通,59.7,22.86,36.2,58.7,-0.44,-0.72,0.28,64.6,59.78,54.96,327,558,0.59,33.87,28.84,3.3,5.53,2026-03-27,2026-03-29 07:38:22
3026,禾伸堂,151.0,87.79,81.99,93.64,8.15,4.18,3.97,143.3,116.62,89.95,28748,9311,3.09,250.49,23.2,5.5,3.64,2026-03-27,2026-03-29 07:38:22
3027,盛達,19.8,21.61,17.36,36.36,-1.0,-0.93,-0.07,23.77,21.35,18.93,186,333,0.56,25.54,8.84,,,2026-03-27,2026-03-29 07:38:23
3028,增你強,53.3,40.39,49.18,53.2,1.73,2.09,-0.36,58.03,53.1,48.16,3435,3690,0.93,126.45,16.97,2.1,3.94,2026-03-27,2026-03-29 07:38:24
3029,零壹,94.8,9.96,16.92,21.62,-2.87,-0.94,-1.93,120.38,107.96,95.54,1397,1377,1.01,158.32,14.56,5.5,5.8,2026-03-27,2026-03-29 07:38:24
3030,德律,260.0,43.62,40.67,60.0,11.88,14.29,-2.41,276.43,251.12,225.82,3481,3424,1.02,614.16,24.81,5.0,1.92,2026-03-27,2026-03-29 07:38:25
3031,佰鴻,23.7,69.63,71.78,71.95,0.97,0.69,0.28,25.0,21.37,17.74,2123,5456,0.39,41.05,21.94,1.0,4.22,2026-03-27,2026-03-29 07:38:26
3032,偉訓,65.7,47.52,46.21,55.24,-1.61,-1.95,0.34,69.51,65.36,61.21,283,443,0.64,74.43,,2.73,4.16,2026-03-27,2026-03-29 07:38:27
3033,威健,32.5,31.99,47.91,65.87,0.71,0.64,0.07,35.97,31.88,27.79,4781,5349,0.89,156.09,20.19,2.08,6.4,2026-03-27,2026-03-29 07:38:27
3034,聯詠,399.0,60.27,53.14,61.11,1.65,0.35,1.3,396.86,381.35,365.84,9486,4860,1.95,2427.96,14.86,28.0,7.02,2026-03-27,2026-03-29 07:38:28
3035,智原,150.5,24.28,33.84,57.14,-3.22,-2.98,-0.24,167.54,155.2,142.86,1965,1623,1.21,392.13,53.75,3.0,1.99,2026-03-27,2026-03-29 07:38:29
3036,文曄,229.0,31.27,49.26,57.38,15.51,18.75,-3.24,269.68,226.6,183.52,8695,10573,0.82,2897.84,22.21,6.0,2.62,2026-03-27,2026-03-29 07:38:29
3037,欣興,505.0,40.84,49.42,65.34,33.36,40.96,-7.6,597.08,489.45,381.82,5507,7239,0.76,7951.67,116.36,1.49,0.3,2026-03-27,2026-03-29 07:38:30
3038,全台,20.75,20.74,33.68,50.23,-0.25,-0.18,-0.07,22.45,21.37,20.28,143,197,0.73,28.89,18.86,1.2,5.78,2026-03-27,2026-03-29 07:38:31
3040,遠見,53.5,89.55,87.98,94.35,1.85,0.63,1.21,56.01,45.09,34.17,204,324,0.63,32.02,167.19,1.0,1.87,2026-03-27,2026-03-29 07:38:32
3041,揚智,22.8,36.11,47.73,55.17,-0.45,-0.48,0.02,24.7,23.41,22.12,557,845,0.66,31.97,23.51,,,2026-03-27,2026-03-29 07:38:32
3042,晶技,91.1,33.88,42.92,55.26,0.73,1.18,-0.45,94.96,91.79,88.63,889,979,0.91,309.73,17.42,5.2,5.71,2026-03-27,2026-03-29 07:38:33
3043,科風,20.6,28.32,28.49,42.86,-0.38,-0.34,-0.04,22.13,21.16,20.18,28,71,0.4,8.03,,,,2026-03-27,2026-03-29 07:38:34
3044,健鼎,359.0,36.92,33.22,50.67,-3.09,-1.17,-1.92,385.98,363.7,341.42,1302,2632,0.49,1886.93,18.55,10.3,2.87,2026-03-27,2026-03-29 07:38:35
3045,台灣大,109.5,75.24,75.97,62.5,0.64,0.53,0.11,110.73,108.25,105.77,4945,6253,0.79,3311.84,23.3,4.5,4.11,2026-03-27,2026-03-29 07:38:36
3046,建碁,47.1,33.56,48.6,72.79,-0.72,-0.88,0.16,49.78,47.33,44.89,127,99,1.27,36.95,11.78,3.0,6.37,2026-03-27,2026-03-29 07:38:37
3047,訊舟,16.6,46.51,44.83,63.29,-0.36,-0.45,0.09,17.48,16.38,15.29,1110,1257,0.88,37.04,,0.3,1.81,2026-03-27,2026-03-29 07:38:38
3048,益登,37.05,22.29,35.19,56.57,-0.18,-0.08,-0.1,41.93,37.98,34.03,2465,2351,1.05,99.97,18.52,,,2026-03-27,2026-03-29 07:38:38
3049,精金,12.75,35.16,51.33,47.89,1.02,1.3,-0.28,17.01,13.78,10.55,31724,25724,1.23,102.26,41.13,,,2026-03-27,2026-03-29 07:38:39
3050,鈺德,13.9,60.15,64.36,71.21,0.13,0.0,0.13,14.44,13.3,12.17,1190,3044,0.39,21.54,347.5,0.5,3.6,2026-03-27,2026-03-29 07:38:40
3051,力特,20.6,26.33,29.37,52.8,-0.55,-0.51,-0.04,22.61,21.12,19.62,491,576,0.85,33.99,20.4,1.52,7.38,2026-03-27,2026-03-29 07:38:40
3052,夆典,11.05,33.8,27.8,40.0,-0.14,-0.14,-0.0,11.6,11.21,10.82,265,374,0.71,22.54,10.14,0.5,4.52,2026-03-27,2026-03-29 07:38:41
3054,立萬利,62.1,18.56,36.53,58.92,8.01,9.99,-1.98,95.99,62.91,29.84,234,252,0.93,50.08,32.01,,,2026-03-27,2026-03-29 07:38:42
3055,蔚華科,58.0,33.85,35.43,46.41,-2.33,-2.55,0.22,66.85,60.5,54.15,162,216,0.75,64.75,,1.0,1.72,2026-03-27,2026-03-29 07:38:42
3056,富華新,14.8,42.17,31.19,29.87,-0.6,-0.6,0.0,17.42,15.52,13.61,561,1038,0.54,71.12,13.83,1.48,10.0,2026-03-27,2026-03-29 07:38:43
3057,喬鼎,16.05,37.53,46.26,57.84,-0.06,-0.21,0.15,18.44,16.08,13.72,108,232,0.47,10.89,40.12,,,2026-03-27,2026-03-29 07:38:44
3058,立德,10.0,51.68,50.26,58.67,0.02,-0.05,0.06,10.67,9.79,8.91,1739,1632,1.07,20.04,,,,2026-03-27,2026-03-29 07:38:45
3059,華晶科,36.95,23.78,33.47,54.35,-0.57,-0.54,-0.03,39.45,37.72,35.99,1130,1131,1.0,113.49,30.04,1.0,2.71,2026-03-27,2026-03-29 07:38:46
3060,銘異,30.75,49.41,57.03,59.27,0.13,-0.14,0.28,35.35,30.81,26.28,3574,5859,0.61,42.3,,0.35,1.14,2026-03-27,2026-03-29 07:38:47
3062,建漢,27.95,69.7,52.84,73.71,0.12,-0.22,0.33,27.24,24.62,22.01,24856,10132,2.45,91.7,41.1,,,2026-03-27,2026-03-29 07:38:48
3090,日電貿,96.3,39.12,43.57,62.5,-0.24,-0.35,0.11,100.38,93.74,87.1,2328,1625,1.43,276.93,17.8,4.2,4.36,2026-03-27,2026-03-29 07:38:48
3092,鴻碩,30.4,15.33,21.26,49.03,0.63,1.31,-0.69,38.11,33.07,28.03,672,1082,0.62,32.39,,,,2026-03-27,2026-03-29 07:38:49
3094,聯傑,23.1,29.06,38.53,58.43,-0.38,-0.39,0.0,24.88,23.51,22.13,168,166,1.01,19.2,96.25,0.17,0.74,2026-03-27,2026-03-29 07:38:50
3105,穩懋,382.5,71.85,63.1,74.2,24.4,20.7,3.7,374.98,317.05,259.12,60036,35412,1.7,1621.57,96.11,1.0,0.26,2026-03-27,2026-03-29 07:38:50
3130,一零四,221.0,8.4,16.32,42.11,-0.53,-0.23,-0.3,225.99,223.4,220.81,20,20,0.98,73.35,15.15,14.14,6.4,2026-03-27,2026-03-29 07:38:51
3135,凌航,109.5,32.15,49.29,48.13,3.05,4.63,-1.58,149.2,121.33,93.45,6990,10471,0.67,84.47,17.89,1.32,1.21,2026-03-27,2026-03-29 07:38:52
3138,耀登,184.5,33.74,31.13,66.18,1.39,3.0,-1.61,212.03,184.05,156.07,7001,4521,1.55,91.66,123.83,2.56,1.39,2026-03-27,2026-03-29 07:38:52
3149,正達,46.0,40.46,27.53,42.46,-1.3,-1.08,-0.22,54.0,47.6,41.2,12702,7276,1.75,104.07,,,,2026-03-27,2026-03-29 07:38:53
3150,鈺寶-創,18.8,69.46,56.16,76.67,0.08,-0.35,0.43,18.89,16.72,14.55,67,225,0.3,8.34,,1.0,5.32,2026-03-27,2026-03-29 07:38:56
3164,景岳,18.5,64.41,59.58,71.11,0.08,0.05,0.03,18.59,18.11,17.64,47,66,0.71,15.91,28.03,0.6,3.24,2026-03-27,2026-03-29 07:38:58
3167,大量,372.0,66.01,56.01,66.04,23.66,24.21,-0.54,397.83,326.68,255.52,1162,816,1.42,329.24,46.5,1.0,0.27,2026-03-27,2026-03-29 07:38:58
3168,眾福科,41.25,48.26,54.89,62.5,0.14,0.11,0.03,41.92,41.16,40.41,6,18,0.33,30.98,15.93,3.04,7.37,2026-03-27,2026-03-29 07:38:59
3176,基亞,32.2,48.01,52.81,59.52,0.37,0.15,0.22,34.34,31.04,27.74,188,429,0.44,44.86,,,,2026-03-27,2026-03-29 07:39:00
3189,景碩,352.0,52.75,59.28,70.21,25.6,26.88,-1.28,393.63,322.57,251.52,4031,5993,0.67,1854.78,104.14,0.97,0.28,2026-03-27,2026-03-29 07:39:00
3209,全科,44.45,67.63,70.64,84.85,2.4,2.1,0.29,47.94,39.65,31.36,5609,3057,1.83,104.63,14.87,2.48,5.58,2026-03-27,2026-03-29 07:39:01
3229,晟鈦,20.55,53.33,51.57,56.65,-0.38,-0.71,0.33,22.17,19.91,17.64,257,502,0.51,13.21,,,,2026-03-27,2026-03-29 07:39:02
3231,緯創,127.0,22.04,29.45,49.12,-1.69,-1.5,-0.2,136.22,130.0,123.78,17401,28027,0.62,4039.12,15.14,3.8,2.99,2026-03-27,2026-03-29 07:39:02
3257,虹冠電,54.7,30.58,33.82,54.21,-1.99,-2.19,0.2,60.21,56.3,52.39,189,188,1.0,43.52,17.26,2.8,5.12,2026-03-27,2026-03-29 07:39:03
3260,威剛,390.5,35.52,50.97,61.71,29.62,31.06,-1.45,504.7,358.7,212.7,10819,9693,1.12,1241.72,17.01,17.0,4.35,2026-03-27,2026-03-29 07:39:04
3266,昇陽,13.25,47.81,48.09,53.33,-0.14,-0.14,0.01,14.11,13.46,12.8,57,69,0.82,46.68,22.84,0.75,5.66,2026-03-27,2026-03-29 07:39:06
3289,宜特,138.0,53.55,58.34,62.94,3.64,2.93,0.71,149.99,133.3,116.61,2619,11391,0.23,119.04,26.19,4.78,3.46,2026-03-27,2026-03-29 07:39:07
3296,勝德,21.5,37.05,32.44,48.48,-0.59,-0.61,0.02,23.34,22.03,20.72,10,30,0.32,20.8,35.25,,,2026-03-27,2026-03-29 07:39:08
3305,昇貿,106.5,38.7,38.99,60.14,-1.97,-2.08,0.11,115.41,105.48,95.55,2170,2143,1.01,148.43,35.5,2.25,2.11,2026-03-27,2026-03-29 07:39:08
3308,聯德,21.15,15.45,15.28,38.26,-0.49,-0.24,-0.25,25.55,22.69,19.83,113,146,0.77,12.69,31.1,,,2026-03-27,2026-03-29 07:39:09
3311,閎暉,32.85,52.83,54.41,64.1,0.13,0.07,0.06,34.1,32.45,30.8,195,314,0.62,32.85,19.67,0.3,0.91,2026-03-27,2026-03-29 07:39:10
3312,弘憶股,35.8,44.85,52.5,69.9,-0.41,-0.67,0.27,38.44,34.91,31.38,329,484,0.68,65.38,20.94,1.39,3.88,2026-03-27,2026-03-29 07:39:10
3321,同泰,16.25,39.55,41.79,53.7,-0.37,-0.48,0.12,18.22,16.41,14.6,233,732,0.32,13.99,,,,2026-03-27,2026-03-29 07:39:11
3338,泰碩,62.2,39.98,46.65,59.83,2.07,2.13,-0.06,65.1,59.76,54.43,649,998,0.65,54.01,34.75,2.01,3.23,2026-03-27,2026-03-29 07:39:13
3346,麗清,18.95,18.77,25.51,48.75,-0.44,-0.36,-0.08,21.0,19.63,18.26,177,295,0.6,22.83,172.27,1.21,6.39,2026-03-27,2026-03-29 07:39:14
3356,奇偶,49.7,48.66,61.54,79.74,0.82,0.62,0.2,53.38,47.92,42.47,260,338,0.77,39.73,8.02,4.0,8.05,2026-03-27,2026-03-29 07:39:14
3357,臺慶科,153.0,27.18,33.63,56.25,-1.68,-0.75,-0.93,186.27,160.78,135.28,1416,1394,1.02,156.11,16.17,5.0,3.27,2026-03-27,2026-03-29 07:39:15
3376,新日興,207.5,39.71,51.53,58.37,1.91,1.53,0.37,232.45,207.72,183.0,5933,7076,0.84,406.21,76.29,6.0,2.89,2026-03-27,2026-03-29 07:39:16
3380,明泰,37.1,59.24,53.68,63.8,0.77,0.71,0.05,37.87,35.36,32.86,6978,6132,1.14,200.98,23.19,1.0,2.7,2026-03-27,2026-03-29 07:39:17
3406,玉晶光,443.0,59.04,73.01,70.61,4.16,1.24,2.93,470.48,432.9,395.32,484,1111,0.44,499.45,13.51,18.0,4.06,2026-03-27,2026-03-29 07:39:17
3413,京鼎,311.0,59.7,58.2,60.0,3.78,3.45,0.33,319.3,304.8,290.3,1637,2183,0.75,341.54,15.0,11.0,3.54,2026-03-27,2026-03-29 07:39:18
3416,融程電,151.0,46.51,56.56,69.23,0.92,0.65,0.28,155.53,148.12,140.72,188,254,0.74,121.45,21.27,5.5,3.64,2026-03-27,2026-03-29 07:39:19
3419,譁裕,16.3,72.89,68.75,59.77,0.33,0.32,0.02,17.11,15.94,14.77,261,308,0.85,19.64,30.75,,,2026-03-27,2026-03-29 07:39:19
3432,台端,17.1,56.9,53.33,57.14,-0.03,-0.09,0.06,17.38,16.74,16.09,26,75,0.34,7.22,,,,2026-03-27,2026-03-29 07:39:20
3437,榮創,20.9,33.63,54.4,69.28,1.78,1.68,0.1,26.67,19.15,11.63,1165,1409,0.83,30.21,,,,2026-03-27,2026-03-29 07:39:21
3443,創意,2460.0,52.5,58.34,63.5,18.84,5.39,13.46,2709.73,2421.5,2133.27,1398,2105,0.66,3296.67,87.73,16.0,0.65,2026-03-27,2026-03-29 07:39:21
3447,展達,39.9,29.41,35.25,57.14,-0.93,-0.9,-0.03,43.56,40.8,38.05,74,134,0.55,30.9,25.09,1.1,2.76,2026-03-27,2026-03-29 07:39:22
3450,聯鈞,271.5,36.2,38.87,56.85,1.24,2.83,-1.59,317.92,280.02,242.13,7894,13510,0.58,395.52,54.3,0.5,0.18,2026-03-27,2026-03-29 07:39:23
3454,晶睿,99.4,15.69,27.79,50.0,0.06,0.08,-0.02,99.48,99.39,99.3,0,0,,86.05,16.19,2.3,2.31,2026-03-27,2026-03-29 07:39:24
3481,群創,24.8,15.19,19.22,41.38,0.27,0.89,-0.62,31.41,27.12,22.84,173762,270067,0.64,1979.3,826.67,1.0,4.03,2026-03-27,2026-03-29 07:39:25
3494,誠研,8.13,27.46,33.47,52.78,-0.18,-0.17,-0.01,8.78,8.35,7.91,144,98,1.46,7.71,,,,2026-03-27,2026-03-29 07:39:26
3498,陽程,74.6,49.29,56.59,75.13,5.64,5.54,0.1,83.37,68.79,54.2,3046,5844,0.52,45.07,155.42,,,2026-03-27,2026-03-29 07:39:27
3499,環天科,18.65,62.15,63.67,61.38,0.32,0.24,0.08,19.48,17.95,16.43,237,279,0.85,10.25,,,,2026-03-27,2026-03-29 07:39:28
3501,維熹,48.0,34.74,29.15,44.17,-0.84,-0.77,-0.07,51.1,49.09,47.08,83,128,0.65,56.76,16.11,4.0,8.33,2026-03-27,2026-03-29 07:39:28
3504,揚明光,54.9,20.95,31.45,47.13,-0.23,0.32,-0.54,63.6,58.28,52.97,244,360,0.68,62.62,219.6,,,2026-03-27,2026-03-29 07:39:29
3508,位速,45.0,43.02,50.51,62.07,3.4,3.54,-0.14,50.78,41.28,31.78,1985,2892,0.69,46.46,,,,2026-03-27,2026-03-29 07:39:30
3515,華擎,215.5,43.85,47.12,55.0,-2.15,-2.72,0.57,227.25,216.35,205.45,210,495,0.42,266.24,14.21,5.3,2.46,2026-03-27,2026-03-29 07:39:30
3518,柏騰,21.7,58.35,64.45,68.22,0.25,0.12,0.12,23.23,21.26,19.3,168,228,0.74,22.28,,,,2026-03-27,2026-03-29 07:39:31
3528,安馳,64.3,62.35,45.22,47.37,-1.42,-1.52,0.11,69.86,64.66,59.45,79,124,0.63,42.84,28.2,3.0,4.67,2026-03-27,2026-03-29 07:39:32
3530,晶相光,58.6,30.94,40.2,62.5,-1.55,-1.85,0.3,63.02,59.18,55.34,92,128,0.72,45.4,33.68,,,2026-03-27,2026-03-29 07:39:33
3532,台勝科,141.5,41.68,47.16,68.9,2.62,1.81,0.81,153.94,132.22,110.51,6098,3802,1.6,548.81,89.56,1.8,1.27,2026-03-27,2026-03-29 07:39:33
3533,嘉澤,2260.0,87.35,81.56,80.49,164.22,119.86,44.36,2310.3,1823.5,1336.7,1838,2215,0.83,2529.7,32.26,41.72,1.85,2026-03-27,2026-03-29 07:39:34
3535,晶彩科,116.5,24.59,24.94,19.19,1.08,3.47,-2.39,145.96,127.12,108.29,1381,2806,0.49,92.1,529.55,0.5,0.43,2026-03-27,2026-03-29 07:39:35
3543,州巧,48.9,24.51,34.29,59.3,0.68,0.93,-0.26,52.84,49.36,45.88,1077,1873,0.57,53.43,,0.48,0.98,2026-03-27,2026-03-29 07:39:36
3545,敦泰,45.2,58.02,44.45,60.55,-1.95,-2.22,0.27,50.9,45.01,39.12,1227,995,1.23,98.41,,1.74,3.85,2026-03-27,2026-03-29 07:39:37
3550,聯穎,19.25,32.88,38.78,70.39,0.34,0.4,-0.05,20.74,17.94,15.14,3486,1755,1.99,20.7,,,,2026-03-27,2026-03-29 07:39:38
3555,博士旺,153.0,22.12,41.7,59.13,15.48,18.52,-3.03,224.14,155.7,87.26,188,144,1.3,61.2,118.6,,,2026-03-27,2026-03-29 07:39:39
3557,嘉威,30.2,43.92,39.8,47.71,-0.97,-1.07,0.09,33.29,31.07,28.84,18,45,0.39,25.46,3020.0,2.5,8.28,2026-03-27,2026-03-29 07:39:39
3563,牧德,829.0,74.49,70.55,85.01,60.59,51.56,9.03,820.28,682.2,544.12,4968,3485,1.43,530.24,52.63,5.55,0.67,2026-03-27,2026-03-29 07:39:40
3576,聯合再生,23.25,41.72,43.24,57.58,1.74,2.23,-0.49,27.41,23.44,19.48,73249,43495,1.68,378.21,17.88,,,2026-03-27,2026-03-29 07:39:41
3583,辛耘,497.5,81.83,84.42,97.52,37.76,26.51,11.25,509.36,402.82,296.29,3139,6196,0.51,399.65,37.18,6.0,1.21,2026-03-27,2026-03-29 07:39:41
3588,通嘉,49.55,36.86,47.23,65.58,-0.42,-0.49,0.07,52.42,49.6,46.77,186,205,0.91,30.72,99.1,1.2,2.42,2026-03-27,2026-03-29 07:39:42
3591,艾笛森,20.3,50.42,62.39,67.02,0.54,0.38,0.16,22.52,19.37,16.22,2067,4420,0.47,28.82,35.61,0.74,3.65,2026-03-27,2026-03-29 07:39:43
3592,瑞鼎,221.0,61.7,48.2,62.07,-2.46,-3.11,0.65,229.2,218.05,206.9,374,488,0.77,167.64,12.35,22.2,10.05,2026-03-27,2026-03-29 07:39:44
3593,力銘,12.9,65.55,67.01,60.34,0.19,0.15,0.04,13.52,12.66,11.79,10,22,0.46,7.85,,,,2026-03-27,2026-03-29 07:39:44
3596,智易,168.0,9.36,17.03,30.85,-2.35,1.33,-3.68,206.56,185.44,164.31,3137,3011,1.04,370.19,13.52,9.0,5.36,2026-03-27,2026-03-29 07:39:45
3605,宏致,59.2,31.01,32.31,48.51,-1.03,-0.88,-0.15,64.56,60.73,56.91,677,890,0.76,96.51,14.65,0.72,1.22,2026-03-27,2026-03-29 07:39:46
3607,谷崧,14.45,59.78,64.09,70.0,0.08,0.03,0.05,15.07,14.14,13.21,278,370,0.75,17.58,722.5,0.7,4.84,2026-03-27,2026-03-29 07:39:46
3615,安可,34.25,44.37,40.84,61.93,1.06,1.37,-0.31,37.01,33.1,29.19,4311,2730,1.58,23.45,41.77,0.3,0.88,2026-03-27,2026-03-29 07:39:47
3617,碩天,172.0,16.36,16.97,38.89,-4.93,-4.48,-0.45,191.52,179.07,166.63,83,126,0.66,163.0,11.96,15.0,8.72,2026-03-27,2026-03-29 07:39:48
3622,洋華,58.7,31.43,39.34,59.85,-0.77,-0.89,0.12,61.88,59.25,56.62,202,203,0.99,88.83,9.65,3.0,5.11,2026-03-27,2026-03-29 07:39:48
3645,達邁,75.8,22.98,36.66,60.17,3.53,4.39,-0.87,89.14,75.47,61.79,3566,6395,0.56,103.66,49.54,1.19,1.57,2026-03-27,2026-03-29 07:39:49
3652,精聯,27.05,44.38,48.36,60.0,-0.28,-0.29,0.01,28.26,27.2,26.13,22,31,0.7,20.31,20.19,0.6,2.22,2026-03-27,2026-03-29 07:39:50
3653,健策,4040.0,76.19,77.33,76.22,263.3,234.19,29.11,4293.85,3546.75,2799.65,1175,1322,0.89,5928.01,112.35,14.5,0.36,2026-03-27,2026-03-29 07:39:51
3661,世芯-KY,3040.0,16.49,26.98,51.57,-55.37,-39.33,-16.04,3463.38,3209.25,2955.12,1412,1425,0.99,2471.03,45.04,36.74,1.21,2026-03-27,2026-03-29 07:39:51
3665,貿聯-KY,1860.0,73.58,74.18,67.79,95.58,84.44,11.14,1888.4,1694.75,1501.1,2519,3153,0.8,3626.26,40.16,10.51,0.57,2026-03-27,2026-03-29 07:39:52
3669,圓展,34.2,38.31,44.6,58.47,-0.23,-0.26,0.02,35.51,33.91,32.31,73,62,1.16,31.78,30.27,1.7,4.97,2026-03-27,2026-03-29 07:39:53
3673,TPK-KY,46.55,81.44,75.62,83.53,1.52,0.83,0.68,47.99,41.73,35.47,5286,6549,0.81,189.3,22.6,0.8,1.72,2026-03-27,2026-03-29 07:39:53
3679,新至陞,119.0,41.76,49.44,53.33,0.89,0.95,-0.06,121.58,118.45,115.32,18,34,0.52,75.0,12.23,10.0,8.4,2026-03-27,2026-03-29 07:39:54
3686,達能,18.8,32.47,34.17,51.24,-0.22,-0.22,-0.01,20.98,19.11,17.24,198,260,0.76,14.38,,,,2026-03-27,2026-03-29 07:39:55
3689,湧德,117.5,52.09,54.92,66.38,0.99,0.02,0.97,124.33,110.0,95.67,2344,2208,1.06,103.16,16.12,2.92,2.49,2026-03-27,2026-03-29 07:39:56
3693,營邦,500.0,42.71,52.96,64.43,30.73,31.64,-0.9,569.31,465.7,362.09,535,1116,0.48,214.95,32.57,11.0,2.2,2026-03-27,2026-03-29 07:39:57
3694,海華,57.3,33.45,31.96,60.71,-0.92,-0.97,0.05,59.86,56.61,53.36,693,586,1.18,88.78,14.36,1.48,2.58,2026-03-27,2026-03-29 07:39:58
3701,大眾控,62.0,35.17,39.77,62.15,1.28,1.85,-0.57,70.78,61.39,52.01,5597,5116,1.09,146.65,61.39,0.2,0.32,2026-03-27,2026-03-29 07:39:59
3702,大聯大,92.1,76.61,82.13,82.27,7.38,6.39,0.99,103.14,81.09,59.05,13895,23480,0.59,1546.41,16.48,3.2,3.47,2026-03-27,2026-03-29 07:39:59
3703,欣陸,22.7,66.58,75.58,58.54,0.06,-0.03,0.09,23.24,22.36,21.48,423,954,0.44,186.87,12.61,1.05,4.63,2026-03-27,2026-03-29 07:40:01
3704,合勤控,33.05,33.03,40.02,64.0,-0.27,-0.33,0.06,34.69,32.77,30.85,1306,1523,0.86,133.7,21.19,0.3,0.91,2026-03-27,2026-03-29 07:40:02
3705,永信,54.5,62.58,45.76,57.89,-0.49,-0.68,0.19,55.21,53.61,52.0,276,268,1.03,145.17,15.06,3.0,5.5,2026-03-27,2026-03-29 07:40:03
3706,神達,78.8,19.51,31.72,52.82,-0.31,-0.0,-0.31,85.17,80.65,76.12,6321,5752,1.1,1045.84,15.36,1.0,1.27,2026-03-27,2026-03-29 07:40:03
3708,上緯投控,122.5,35.26,35.78,53.75,0.97,1.53,-0.55,131.2,121.8,112.4,832,1034,0.8,116.46,20.62,2.35,1.92,2026-03-27,2026-03-29 07:40:04
3711,日月光投控,353.5,67.45,59.99,62.93,6.59,7.41,-0.82,369.4,344.25,319.1,16784,15552,1.08,15462.4,39.85,5.3,1.5,2026-03-27,2026-03-29 07:40:05
3712,永崴投控,23.2,37.2,44.78,61.21,-0.43,-0.53,0.1,25.02,23.28,21.54,228,359,0.64,57.13,,3.0,12.93,2026-03-27,2026-03-29 07:40:05
3714,富采,48.7,62.93,70.33,76.55,3.15,2.77,0.38,53.29,43.57,33.85,8381,15394,0.54,358.13,4870.0,0.9,1.85,2026-03-27,2026-03-29 07:40:06
3715,定穎投控,203.5,79.24,72.02,74.9,11.52,8.47,3.05,198.36,163.97,129.59,76068,47412,1.6,577.07,75.09,1.5,0.74,2026-03-27,2026-03-29 07:40:07
3716,中化控股,33.0,9.75,15.74,31.43,-0.22,-0.15,-0.06,34.18,33.49,32.81,82,115,0.71,48.36,12.64,1.02,3.09,2026-03-27,2026-03-29 07:40:07
3717,聯嘉投控,22.5,76.59,75.0,84.21,1.07,0.67,0.39,22.52,19.08,15.63,2060,3662,0.56,46.77,,0.3,1.33,2026-03-27,2026-03-29 07:40:08
4102,永日,19.35,39.72,30.88,36.84,-0.26,-0.24,-0.02,20.3,19.55,18.81,68,71,0.96,8.2,,1.15,5.94,2026-03-27,2026-03-29 07:40:09
4104,佳醫,77.5,74.42,54.1,60.42,-0.38,-0.57,0.2,78.32,76.59,74.85,160,173,0.92,145.98,16.85,4.3,5.55,2026-03-27,2026-03-29 07:40:09
4105,東洋,74.3,15.02,15.85,31.63,-1.17,-0.97,-0.2,80.28,76.74,73.2,836,1684,0.5,184.75,11.87,4.5,6.06,2026-03-27,2026-03-29 07:40:10
4106,雃博,22.3,55.41,52.6,41.03,-0.13,-0.12,-0.01,22.91,22.5,22.08,36,86,0.42,22.5,18.74,0.8,3.59,2026-03-27,2026-03-29 07:40:12
4107,邦特,117.5,29.12,32.88,44.44,-0.75,-0.55,-0.2,122.93,119.65,116.37,62,50,1.24,81.43,15.18,5.0,4.26,2026-03-27,2026-03-29 07:40:13
4108,懷特,13.0,23.63,28.03,48.15,-0.23,-0.19,-0.03,13.88,13.36,12.84,39,95,0.41,25.82,,,,2026-03-27,2026-03-29 07:40:14
4109,加捷生醫,12.9,28.14,40.81,52.54,-0.25,-0.26,0.01,13.94,13.23,12.52,76,145,0.52,15.32,30.0,0.5,3.88,2026-03-27,2026-03-29 07:40:14
4111,濟生,29.2,36.28,33.97,47.62,-0.14,-0.09,-0.05,30.29,29.57,28.84,82,154,0.53,17.47,10.74,1.0,3.42,2026-03-27,2026-03-29 07:40:16
4113,聯上,17.3,22.03,26.14,40.19,-0.94,-0.89,-0.05,20.41,18.47,16.53,240,325,0.74,39.99,247.14,0.85,4.91,2026-03-27,2026-03-29 07:40:17
4114,健喬,31.4,43.68,35.88,61.54,-0.27,-0.32,0.04,31.93,31.23,30.53,574,547,1.05,158.16,20.13,0.6,1.91,2026-03-27,2026-03-29 07:40:19
4115,善德生技,7.33,46.31,56.08,50.0,-0.22,-0.27,0.04,7.39,7.07,6.76,25,29,0.85,4.4,,,,2026-03-27,2026-03-29 07:40:20
4116,明基醫,39.2,12.48,18.73,48.0,-0.78,-0.83,0.05,41.81,40.09,38.38,35,19,1.79,17.47,22.4,1.65,4.21,2026-03-27,2026-03-29 07:40:21
4117,普生,4.15,42.04,37.07,4.0,-1.85,-1.91,0.07,12.34,6.23,0.11,0,0,,2.94,,,,2026-03-27,2026-03-29 07:40:22
4119,旭富,52.5,29.53,34.38,52.48,0.04,0.21,-0.17,55.45,52.8,50.16,25,91,0.27,62.74,58.33,1.5,2.86,2026-03-27,2026-03-29 07:40:22
4120,友華,46.15,33.65,43.97,62.61,0.56,0.53,0.02,48.37,45.56,42.76,30,50,0.59,40.03,,1.0,2.17,2026-03-27,2026-03-29 07:40:23
4121,優盛,16.05,5.56,12.14,10.81,-0.58,-0.1,-0.48,21.88,18.57,15.26,112,170,0.66,13.28,,,,2026-03-27,2026-03-29 07:40:24
4123,晟德,40.8,12.41,14.43,28.32,-0.36,0.19,-0.55,49.0,44.13,39.27,1910,2582,0.74,304.59,3.57,0.76,1.86,2026-03-27,2026-03-29 07:40:25
4126,太醫,79.9,18.34,29.73,46.3,-0.4,-0.31,-0.08,82.33,80.9,79.46,32,61,0.53,58.01,15.25,5.0,6.26,2026-03-27,2026-03-29 07:40:26
4127,天良,35.55,26.01,27.03,44.94,-0.22,-0.12,-0.1,36.93,35.88,34.83,8,22,0.36,16.27,,,,2026-03-27,2026-03-29 07:40:27
4128,中天,17.0,37.41,29.81,47.83,-0.51,-0.55,0.04,18.18,17.28,16.39,580,738,0.79,99.99,,,,2026-03-27,2026-03-29 07:40:28
4129,聯合,101.0,10.08,18.44,43.94,-2.01,-1.09,-0.93,116.34,107.0,97.66,287,281,1.02,97.4,17.81,4.0,3.96,2026-03-27,2026-03-29 07:40:29
4130,健亞,31.95,26.79,27.13,48.14,-0.11,0.09,-0.21,35.4,32.54,29.68,497,588,0.85,43.69,319.5,0.1,0.31,2026-03-27,2026-03-29 07:40:30
4131,浩泰,35.7,55.08,47.17,31.9,-0.82,-0.79,-0.02,38.35,36.63,34.91,83,90,0.92,14.13,,,,2026-03-27,2026-03-29 07:40:31
4132,國鼎,4.3,15.21,20.31,11.25,-2.58,-1.87,-0.72,17.77,11.67,5.58,9057,11870,0.76,7.84,,,,2026-03-27,2026-03-29 07:40:32
4133,亞諾法,23.0,26.81,27.62,41.46,-0.43,-0.42,-0.01,24.61,23.48,22.36,88,76,1.16,13.93,18.85,0.9,3.91,2026-03-27,2026-03-29 07:40:32
4137,麗豐-KY,107.0,30.14,29.05,29.27,-0.21,0.33,-0.54,115.91,109.78,103.64,78,90,0.86,88.27,15.71,10.0,9.35,2026-03-27,2026-03-29 07:40:33
4138,曜亞,61.0,26.95,35.86,54.35,0.28,0.34,-0.06,63.51,60.67,57.83,21,24,0.86,24.36,16.09,4.2,6.89,2026-03-27,2026-03-29 07:40:34
4139,馬光-KY,24.65,65.97,70.32,64.62,0.17,0.11,0.06,25.26,24.12,22.98,12,9,1.28,11.09,,,,2026-03-27,2026-03-29 07:40:36
4142,國光生,18.5,74.04,70.01,66.67,-0.02,-0.16,0.14,18.71,17.95,17.19,760,1347,0.56,77.98,5.47,,,2026-03-27,2026-03-29 07:40:36
4147,中裕,54.5,65.36,52.03,60.27,-0.28,-1.07,0.79,56.22,51.94,47.66,2474,2557,0.97,148.9,,,,2026-03-27,2026-03-29 07:40:37
4148,全宇生技-KY,42.85,53.69,58.91,63.1,1.3,1.01,0.28,45.19,39.57,33.96,90,116,0.77,28.81,18.88,0.5,1.17,2026-03-27,2026-03-29 07:40:38
4150,優你康,5.47,16.74,18.2,22.69,-0.38,-0.29,-0.09,7.42,6.39,5.37,357,458,0.78,8.05,,,,2026-03-27,2026-03-29 07:40:39
4153,鈺緯,33.3,32.27,26.29,44.92,-0.28,-0.21,-0.07,34.97,33.68,32.38,20,19,1.02,19.54,21.62,2.0,6.01,2026-03-27,2026-03-29 07:40:40
4154,樂威科-KY,14.95,88.9,72.92,82.79,0.04,-0.52,0.56,13.69,11.21,8.74,140,43,3.26,5.23,,,,2026-03-27,2026-03-29 07:40:41
4155,訊映,13.35,35.26,32.54,38.89,-0.26,-0.26,-0.0,14.33,13.66,12.98,120,200,0.6,18.84,23.42,0.3,2.25,2026-03-27,2026-03-29 07:40:42
4157,太景*-KY,11.4,35.56,35.51,52.83,-0.36,-0.43,0.06,12.21,11.49,10.78,853,1038,0.82,81.15,190.0,,,2026-03-27,2026-03-29 07:40:44
4160,訊聯基因,44.95,28.12,24.94,27.56,-1.34,-1.3,-0.04,49.68,46.96,44.24,27,54,0.51,12.0,56.19,1.85,4.12,2026-03-27,2026-03-29 07:40:45
4161,聿新科,25.05,65.72,54.57,58.57,-0.21,-0.24,0.02,26.36,25.24,24.11,22,74,0.3,14.98,20.7,0.3,1.2,2026-03-27,2026-03-29 07:40:46
4162,智擎,58.5,53.43,39.49,53.85,-1.95,-2.28,0.33,63.37,58.99,54.62,257,254,1.01,82.88,21.75,6.0,10.26,2026-03-27,2026-03-29 07:40:47
4163,鐿鈦,104.0,66.8,66.16,75.83,1.86,2.16,-0.3,106.09,102.99,99.89,8,10,0.74,51.69,20.43,3.5,3.37,2026-03-27,2026-03-29 07:40:47
4164,承業醫,30.3,19.11,24.73,50.0,-0.72,-0.8,0.08,32.64,31.17,29.7,770,968,0.8,59.18,30.3,1.36,4.49,2026-03-27,2026-03-29 07:40:48
4166,友霖,26.25,51.17,50.51,67.25,-0.04,-0.33,0.29,26.77,24.76,22.75,224,833,0.27,63.8,29.17,,,2026-03-27,2026-03-29 07:40:49
4167,松瑞藥,21.85,57.55,53.48,65.66,0.41,0.36,0.06,22.5,20.41,18.32,3022,1604,1.88,67.83,12.78,0.41,1.88,2026-03-27,2026-03-29 07:40:50
4168,醣聯,24.8,78.35,63.96,61.11,-0.47,-0.65,0.18,25.42,24.35,23.29,124,213,0.58,27.46,,,,2026-03-27,2026-03-29 07:40:51
4169,泰宗,160.5,6.53,12.31,15.69,-7.24,-0.68,-6.56,251.18,202.0,152.82,263,298,0.89,94.77,501.56,0.35,0.22,2026-03-27,2026-03-29 07:40:51
4170,鑫品生醫,12.4,22.29,28.86,32.84,-0.31,-0.2,-0.11,14.38,13.41,12.44,54,36,1.49,5.43,,,,2026-03-27,2026-03-29 07:40:52
4171,瑞基,18.6,40.13,39.09,43.75,-0.39,-0.4,0.02,19.93,19.05,18.17,209,113,1.86,10.73,,,,2026-03-27,2026-03-29 07:40:53
4172,因華,14.25,32.44,40.97,46.51,-0.41,-0.37,-0.04,15.71,14.81,13.91,144,181,0.8,18.75,,,,2026-03-27,2026-03-29 07:40:54
4173,久裕,20.45,21.17,20.13,33.33,-0.26,-0.24,-0.02,21.91,20.85,19.79,54,81,0.66,15.25,17.63,1.04,5.09,2026-03-27,2026-03-29 07:40:55
4174,浩鼎,38.45,31.22,34.59,54.01,-1.98,-2.42,0.44,40.37,38.92,37.47,308,336,0.92,50.56,,,,2026-03-27,2026-03-29 07:40:56
4175,杏一,56.4,81.12,68.59,76.19,-0.4,-0.82,0.42,56.97,54.26,51.55,31,18,1.73,23.87,15.49,1.6,2.84,2026-03-27,2026-03-29 07:40:56
4178,永笙-KY,26.7,61.21,49.01,44.23,-0.74,-0.93,0.19,27.84,26.37,24.89,151,186,0.81,51.39,,,,2026-03-27,2026-03-29 07:40:57
4183,福永生技,16.0,63.64,54.53,41.94,-0.11,-0.1,-0.01,16.45,16.02,15.59,0,3,0.0,3.81,,0.67,4.19,2026-03-27,2026-03-29 07:40:58
4186,尖端醫,10.2,34.59,39.95,40.0,-0.21,-0.21,0.0,10.75,10.34,9.93,78,89,0.88,9.18,39.23,,,2026-03-27,2026-03-29 07:41:00
4188,安克,12.5,25.06,29.54,30.43,-0.34,-0.33,-0.01,13.6,13.01,12.42,60,24,2.44,7.92,,,,2026-03-27,2026-03-29 07:41:01
4190,佐登-KY,27.4,9.32,11.92,15.38,-0.45,-0.35,-0.1,29.82,28.55,27.27,25,34,0.73,16.35,20.3,0.5,1.82,2026-03-27,2026-03-29 07:41:01
4192,杏國,20.25,32.46,35.0,24.32,-0.61,-0.66,0.05,21.52,20.54,19.56,26,12,2.05,7.12,,,,2026-03-27,2026-03-29 07:41:02
4194,禾生技,7.05,64.45,63.0,44.44,-0.14,-0.14,-0.0,7.47,7.15,6.84,46,63,0.73,10.29,,,,2026-03-27,2026-03-29 07:41:03
4195,基米,26.15,70.55,63.79,69.29,0.33,0.02,0.31,26.31,24.42,22.53,130,503,0.26,18.95,,,,2026-03-27,2026-03-29 07:41:04
4197,暐世,9.41,92.45,85.83,45.37,-0.07,-0.09,0.02,9.73,9.41,9.09,0,0,0.07,2.84,,,,2026-03-27,2026-03-29 07:41:04
4198,欣大健康,38.2,44.82,40.01,41.02,0.49,0.8,-0.3,41.46,38.89,36.32,0,6,0.0,9.21,,,,2026-03-27,2026-03-29 07:41:05
4205,中華食,79.0,85.22,74.05,72.73,-0.06,-0.44,0.38,78.72,76.71,74.69,23,23,1.0,77.14,19.08,2.0,2.53,2026-03-27,2026-03-29 07:41:06
4207,環泰,19.6,37.32,34.93,30.77,0.05,0.13,-0.08,20.37,19.87,19.36,265,553,0.48,38.91,11.2,1.2,6.12,2026-03-27,2026-03-29 07:41:07
4303,信立,56.0,24.47,31.96,64.06,-0.49,-0.37,-0.12,61.52,55.83,50.15,855,792,1.08,52.98,5.04,1.0,1.79,2026-03-27,2026-03-29 07:41:08
4304,勝昱,25.9,14.69,11.12,28.95,-1.2,-0.85,-0.34,32.5,28.56,24.63,4,36,0.11,15.81,,,,2026-03-27,2026-03-29 07:41:09
4305,世坤,44.5,66.11,51.63,54.65,0.34,0.3,0.04,44.4,43.51,42.62,6,6,0.95,24.48,11.68,3.2,7.19,2026-03-27,2026-03-29 07:41:10
4306,炎洲,13.8,58.77,44.84,66.67,-0.01,-0.07,0.06,13.8,13.42,13.04,2320,2100,1.1,90.8,53.08,1.0,7.25,2026-03-27,2026-03-29 07:41:11
4401,東隆興,14.85,22.94,31.77,46.15,-0.31,-0.34,0.03,15.72,15.12,14.53,35,38,0.92,18.22,20.34,0.7,4.71,2026-03-27,2026-03-29 07:41:13
4402,郡都開發,17.2,25.12,20.27,17.07,-0.62,-0.57,-0.05,19.53,17.95,16.37,42,45,0.91,11.69,,,,2026-03-27,2026-03-29 07:41:14
4406,新昕纖,10.05,37.93,41.2,59.77,-0.0,-0.01,0.01,10.22,10.05,9.88,2,8,0.24,5.22,,,,2026-03-27,2026-03-29 07:41:15
4413,飛寶企業,17.55,18.65,27.1,31.82,-0.06,-0.01,-0.05,18.47,17.97,17.46,4,2,1.53,5.5,33.75,0.2,1.14,2026-03-27,2026-03-29 07:41:15
4414,如興,11.65,66.87,73.59,69.41,0.41,0.29,0.12,12.64,10.99,9.34,954,1207,0.79,30.73,5.68,,,2026-03-27,2026-03-29 07:41:16
4416,三圓,14.65,33.18,28.5,48.06,-3.06,-3.36,0.3,22.19,15.93,9.67,1068,328,3.25,10.05,,1.0,6.83,2026-03-27,2026-03-29 07:41:17
4417,金洲,50.8,35.49,36.1,38.98,-0.4,-0.26,-0.14,53.51,51.98,50.45,81,106,0.76,42.66,8.34,2.8,5.51,2026-03-27,2026-03-29 07:41:18
4419,皇家美食,49.6,96.07,93.48,92.73,0.57,-0.01,0.58,48.95,45.72,42.49,36,21,1.71,83.9,,,,2026-03-27,2026-03-29 07:41:19
4420,光明,46.0,28.16,21.69,40.01,-0.38,-0.25,-0.12,48.46,47.01,45.55,19,81,0.23,18.61,8.33,3.0,6.52,2026-03-27,2026-03-29 07:41:21
4426,利勤,9.04,14.17,13.73,36.67,-0.09,-0.09,0.0,9.34,9.12,8.9,59,94,0.63,15.61,,,,2026-03-27,2026-03-29 07:41:21
4430,耀億,18.0,33.16,34.72,30.95,-0.08,-0.03,-0.06,19.06,18.4,17.75,16,17,0.91,10.13,,0.5,2.78,2026-03-27,2026-03-29 07:41:22
4431,敏成健康,17.95,24.84,32.44,40.85,-0.04,0.1,-0.14,19.39,18.45,17.5,0,14,0.01,6.56,,,,2026-03-27,2026-03-29 07:41:23
4432,銘旺實,15.45,66.32,62.93,69.7,-0.19,-0.25,0.06,15.67,15.28,14.89,18,17,1.04,7.82,17.56,1.0,6.47,2026-03-27,2026-03-29 07:41:24
4433,興采,21.25,42.56,34.02,61.54,-0.14,-0.17,0.03,21.87,20.98,20.09,5,26,0.19,12.84,20.24,1.0,4.71,2026-03-27,2026-03-29 07:41:25
4438,廣越,57.5,22.38,17.41,28.0,-3.03,-2.96,-0.07,68.72,61.02,53.32,25,69,0.36,64.79,19.76,3.2,5.57,2026-03-27,2026-03-29 07:41:26
4439,冠星-KY,83.4,46.81,40.93,33.78,-4.33,-4.3,-0.03,102.67,88.69,74.71,19,32,0.58,31.77,11.57,2.0,2.4,2026-03-27,2026-03-29 07:41:26
4440,宜新實業,17.45,62.53,59.87,75.85,0.23,0.19,0.04,17.66,16.96,16.27,25,89,0.28,11.8,15.31,1.0,5.73,2026-03-27,2026-03-29 07:41:27
4441,振大環球,200.0,12.05,15.4,33.1,-11.89,-11.03,-0.86,249.35,217.6,185.85,30,54,0.56,136.35,13.77,9.15,4.58,2026-03-27,2026-03-29 07:41:28
4442,竣邦-KY,62.9,51.2,53.26,70.86,1.12,0.88,0.24,64.46,59.32,54.18,501,121,4.14,19.76,13.35,3.5,5.56,2026-03-27,2026-03-29 07:41:28
4502,健信,15.75,57.32,56.59,50.0,-0.03,-0.03,0.0,15.86,15.78,15.69,11,24,0.46,8.86,,,,2026-03-27,2026-03-29 07:41:29
4503,金雨,38.25,66.39,57.1,61.93,-0.29,-0.49,0.2,39.65,37.33,35.01,169,194,0.87,29.95,27.92,,,2026-03-27,2026-03-29 07:41:30
4506,崇友,118.5,55.59,49.66,69.57,0.55,0.52,0.04,119.6,117.05,114.5,76,56,1.35,209.76,18.17,4.5,3.8,2026-03-27,2026-03-29 07:41:31
4513,福裕,17.7,50.93,50.5,63.83,-0.45,-0.67,0.22,45.85,42.91,39.98,2673,2667,1.0,20.24,,,,2026-03-27,2026-03-29 07:41:32
4523,永彰,30.4,24.89,21.49,42.92,-0.35,-0.05,-0.31,35.72,31.95,28.18,132,155,0.85,19.74,1.39,,,2026-03-27,2026-03-29 07:41:33
4526,東台,34.6,68.36,68.41,74.63,0.23,-0.03,0.26,35.81,32.88,29.94,3068,10984,0.28,87.13,60.7,,,2026-03-27,2026-03-29 07:41:33
4527,方土霖,42.7,53.74,54.96,72.73,0.44,0.37,0.07,43.23,41.85,40.47,37,29,1.26,32.52,12.71,3.2,7.49,2026-03-27,2026-03-29 07:41:34
4528,江興鍛,17.8,24.56,26.16,44.26,-0.34,-0.25,-0.1,19.36,18.32,17.28,5,24,0.21,14.98,16.33,0.2,1.12,2026-03-27,2026-03-29 07:41:35
4529,淳紳,3.34,25.37,23.42,28.95,-0.02,-0.02,-0.0,3.59,3.37,3.14,43,20,2.11,2.82,,,,2026-03-27,2026-03-29 07:41:36
4530,宏易,28.2,38.06,40.41,47.98,-0.02,0.08,-0.11,31.03,29.06,27.09,51,29,1.73,8.63,23.11,,,2026-03-27,2026-03-29 07:41:37
4532,瑞智,27.45,77.6,70.63,75.0,0.41,0.33,0.08,27.7,26.21,24.71,1943,1864,1.04,133.13,13.46,1.5,5.46,2026-03-27,2026-03-29 07:41:37
4533,協易機,32.9,55.25,49.29,54.37,0.13,0.26,-0.13,36.55,33.41,30.27,3101,8122,0.38,52.12,164.5,1.2,3.65,2026-03-27,2026-03-29 07:41:38
4534,慶騰,25.4,24.02,33.24,47.6,0.52,1.18,-0.66,31.26,27.84,24.42,1130,1795,0.63,22.04,2540.0,,,2026-03-27,2026-03-29 07:41:39
4535,至興,28.0,81.89,64.06,53.49,-0.33,-0.4,0.08,29.62,27.92,26.23,14,6,2.33,21.19,21.54,1.6,5.71,2026-03-27,2026-03-29 07:41:40
4536,拓凱,149.5,13.7,12.31,20.0,-3.41,-2.49,-0.92,170.13,157.88,145.62,224,230,0.97,135.78,10.09,11.0,7.36,2026-03-27,2026-03-29 07:41:41
4537,旭東,88.8,70.15,63.26,77.46,2.48,2.34,0.14,90.66,81.77,72.89,106,228,0.46,70.01,69.92,0.5,0.56,2026-03-27,2026-03-29 07:41:41
4538,大詠城,18.7,47.02,47.82,57.14,0.13,0.2,-0.07,19.15,18.86,18.58,14,23,0.6,11.12,64.48,0.4,2.14,2026-03-27,2026-03-29 07:41:43
4540,全球傳動,43.55,19.42,26.08,50.51,-0.65,-0.06,-0.58,51.19,46.53,41.86,931,1213,0.77,50.16,,,,2026-03-27,2026-03-29 07:41:44
4541,晟田,42.15,50.59,50.3,60.63,-0.55,-0.72,0.17,45.31,42.11,38.9,419,675,0.62,28.51,20.87,0.75,1.78,2026-03-27,2026-03-29 07:41:45
4542,科嶠,175.5,30.47,45.8,67.96,12.53,14.92,-2.4,203.87,169.3,134.73,773,1191,0.65,56.73,137.11,0.93,0.53,2026-03-27,2026-03-29 07:41:46
4543,萬在,32.3,39.05,48.07,73.61,0.58,0.48,0.1,35.51,31.23,26.94,88,266,0.33,19.31,60.94,1.0,3.1,2026-03-27,2026-03-29 07:41:46
4544,春日,16.25,24.55,34.22,52.54,0.29,0.35,-0.06,17.3,16.42,15.54,1,0,1.56,9.8,60.19,1.1,6.77,2026-03-27,2026-03-29 07:41:47
4545,銘鈺,31.1,22.5,28.25,41.53,-0.99,-1.03,0.04,34.61,32.51,30.41,166,133,1.25,23.95,182.94,1.65,5.31,2026-03-27,2026-03-29 07:41:48
4546,長亨,130.0,65.26,62.43,63.16,-0.7,-2.03,1.33,141.51,126.2,110.89,39,29,1.34,43.91,42.35,,,2026-03-27,2026-03-29 07:41:49
4549,桓達,89.9,26.37,22.3,40.58,-3.14,-3.03,-0.1,102.2,93.9,85.6,33,98,0.34,51.25,27.16,4.02,4.47,2026-03-27,2026-03-29 07:41:50
4550,長佳,24.7,20.47,14.44,35.19,-0.43,-0.38,-0.06,26.65,25.35,24.05,5,14,0.35,9.35,18.57,2.0,8.1,2026-03-27,2026-03-29 07:41:51
4551,智伸科,134.0,79.82,76.2,76.74,3.02,1.74,1.28,136.04,124.17,112.31,488,789,0.62,154.4,22.22,4.2,3.13,2026-03-27,2026-03-29 07:41:52
4552,力達-KY,21.2,48.8,36.27,32.29,-0.65,-0.59,-0.06,24.3,22.19,20.08,97,73,1.33,24.59,10.71,1.0,4.72,2026-03-27,2026-03-29 07:41:53
4553,盛復,17.9,5.39,14.67,46.67,-0.13,-0.11,-0.02,18.9,18.13,17.37,0,0,,5.91,,0.3,1.68,2026-03-27,2026-03-29 07:41:54
4554,橙的,29.1,49.28,58.35,79.33,0.63,0.39,0.24,30.88,27.29,23.7,32,48,0.66,7.66,13.79,0.35,1.2,2026-03-27,2026-03-29 07:41:55
4555,氣立,36.0,47.05,52.61,66.15,-0.47,-0.67,0.19,37.61,35.72,33.84,58,82,0.7,25.02,189.47,0.5,1.39,2026-03-27,2026-03-29 07:41:55
4556,旭然,27.6,22.16,37.46,54.79,0.31,0.39,-0.08,30.36,28.27,26.18,111,151,0.73,11.68,30.0,0.3,1.09,2026-03-27,2026-03-29 07:41:56
4557,永新-KY,58.3,22.11,20.11,33.62,-2.67,-2.59,-0.08,68.33,62.51,56.69,209,131,1.59,27.97,9.0,6.5,11.15,2026-03-27,2026-03-29 07:41:57
4558,寶緯,18.9,38.2,40.52,58.7,-0.08,-0.09,0.01,19.26,18.93,18.59,27,11,2.44,9.45,,0.5,2.65,2026-03-27,2026-03-29 07:41:58
4559,久裕興,7.77,35.32,45.99,48.37,0.03,0.05,-0.02,8.13,7.87,7.61,10,20,0.51,4.66,777.0,,,2026-03-27,2026-03-29 07:41:58
4560,強信-KY,32.55,25.75,28.15,36.51,-0.06,0.03,-0.08,33.9,32.89,31.89,114,254,0.45,22.17,10.78,1.2,3.69,2026-03-27,2026-03-29 07:41:59
4561,健椿,32.55,18.64,18.89,46.75,-1.72,-1.69,-0.03,38.14,34.42,30.71,79,127,0.62,19.05,50.08,1.2,3.69,2026-03-27,2026-03-29 07:42:00
4562,穎漢,31.05,18.35,26.62,49.1,-1.36,-1.31,-0.05,36.05,32.99,29.93,165,162,1.02,27.18,,,,2026-03-27,2026-03-29 07:42:01
4563,百德,42.95,38.76,26.44,39.25,-2.47,-2.52,0.05,50.59,44.96,39.33,100,147,0.68,23.6,17.25,3.0,6.98,2026-03-27,2026-03-29 07:42:01
4564,元翎,18.75,16.3,26.36,46.32,0.25,0.5,-0.25,21.38,20.03,18.67,782,920,0.85,43.65,,,,2026-03-27,2026-03-29 07:42:02
4565,宏偉,93.5,84.05,76.81,71.17,-0.71,-1.3,0.59,94.3,91.68,89.06,2,40,0.07,57.73,14.0,6.0,6.42,2026-03-27,2026-03-29 07:42:03
4566,時碩工業,60.3,50.83,57.64,67.69,0.85,0.43,0.42,63.99,57.66,51.33,429,1278,0.34,66.24,44.67,0.68,1.13,2026-03-27,2026-03-29 07:42:04
4568,科際精密,41.95,37.4,39.66,45.83,-0.1,-0.07,-0.03,42.97,42.11,41.26,2,6,0.29,13.28,20.98,2.0,4.77,2026-03-27,2026-03-29 07:42:05
4569,六方科-KY,135.5,19.85,31.47,39.64,-2.74,-1.53,-1.21,168.81,148.3,127.79,45,147,0.31,41.19,32.81,5.71,4.21,2026-03-27,2026-03-29 07:42:05
4570,傑生,64.0,71.74,75.41,39.58,-0.32,-0.33,0.0,67.79,66.07,64.34,10,3,3.16,28.16,55.17,3.0,4.69,2026-03-27,2026-03-29 07:42:06
4571,鈞興-KY,159.0,30.18,34.94,53.33,-3.56,-3.13,-0.43,182.69,166.15,149.61,124,204,0.61,83.0,16.37,5.18,3.26,2026-03-27,2026-03-29 07:42:07
4572,駐龍,142.5,30.58,33.05,57.45,-1.27,-1.17,-0.1,148.97,144.05,139.13,21,13,1.63,57.0,48.14,4.74,3.33,2026-03-27,2026-03-29 07:42:07
4573,高明鐵,279.0,54.12,65.83,68.11,45.83,45.45,0.37,350.27,232.35,114.43,515,1166,0.44,116.33,,,,2026-03-27,2026-03-29 07:42:08
4575,銓寶,22.1,75.33,78.06,65.65,0.54,0.24,0.3,22.88,20.72,18.56,76,98,0.78,8.55,20.46,1.3,5.88,2026-03-27,2026-03-29 07:42:09
4576,大銀微系統,135.5,73.88,66.87,79.35,3.53,1.91,1.62,134.83,122.05,109.27,2510,3240,0.77,162.33,67.41,0.2,0.15,2026-03-27,2026-03-29 07:42:10
4577,達航科技,114.5,73.56,58.83,72.12,8.45,7.72,0.74,108.02,92.91,77.79,1553,2268,0.68,56.26,,,,2026-03-27,2026-03-29 07:42:11
4580,捷流閥業,79.6,23.95,30.51,50.0,-0.43,-0.38,-0.05,81.76,80.36,78.96,34,34,0.99,37.26,12.54,5.0,6.28,2026-03-27,2026-03-29 07:42:11
4581,光隆精密-KY,49.5,44.98,40.61,53.95,-0.43,-0.46,0.03,50.71,49.62,48.52,6,19,0.3,16.78,13.06,3.2,6.46,2026-03-27,2026-03-29 07:42:12
4582,聚恆,32.0,64.23,64.04,73.91,1.18,1.32,-0.14,33.21,31.2,29.2,64,99,0.65,21.31,20.92,0.2,0.62,2026-03-27,2026-03-29 07:42:13
4583,台灣精銳,667.0,67.33,61.25,69.52,-7.78,-14.46,6.68,677.24,637.22,597.21,282,207,1.36,534.74,55.54,10.0,1.5,2026-03-27,2026-03-29 07:42:14
4584,君帆,42.7,15.64,20.42,50.55,-0.71,-0.65,-0.06,46.09,43.68,41.28,4,5,0.76,12.81,12.49,2.2,5.15,2026-03-27,2026-03-29 07:42:14
4585,達明,301.5,14.79,21.26,54.41,-10.28,-9.91,-0.38,342.01,312.45,282.89,178,225,0.79,315.4,207.93,,,2026-03-27,2026-03-29 07:42:15
4587,寶元數控,40.0,60.03,64.29,63.77,4.22,2.13,2.09,46.78,29.68,12.58,517,542,0.95,13.2,,,,2026-03-27,2026-03-29 07:42:16
4588,玖鼎電力,59.4,54.65,47.28,51.79,-1.32,-1.43,0.11,64.29,60.51,56.72,146,87,1.68,25.53,18.68,3.0,5.05,2026-03-27,2026-03-29 07:42:16
4589,碩陽電機,36.6,51.29,58.72,61.68,0.68,0.55,0.13,39.38,35.73,32.08,5,6,0.88,9.42,48.16,1.69,4.62,2026-03-27,2026-03-29 07:42:17
4590,富田-創,73.0,27.51,32.97,49.55,-2.13,-2.43,0.3,80.56,74.95,69.33,104,117,0.89,40.03,26.94,3.0,4.11,2026-03-27,2026-03-29 07:42:18
4609,唐鋒,5.07,65.85,58.38,51.69,-0.09,-0.13,0.05,5.39,4.99,4.58,11,10,1.08,2.43,,,,2026-03-27,2026-03-29 07:42:19
4702,中美實,10.25,42.31,48.58,62.2,0.07,0.06,0.01,10.31,10.06,9.81,72,102,0.71,7.41,11.65,,,2026-03-27,2026-03-29 07:42:20
4706,大恭,30.2,86.66,77.05,56.41,-0.06,-0.07,0.02,30.78,30.01,29.24,48,35,1.35,23.87,86.29,0.7,2.32,2026-03-27,2026-03-29 07:42:20
4707,磐亞,10.6,40.35,42.23,64.52,0.09,0.1,-0.0,10.83,10.42,10.0,322,485,0.67,42.79,11.91,0.25,2.36,2026-03-27,2026-03-29 07:42:21
4711,永純,15.95,34.31,44.04,59.62,0.25,0.26,-0.02,17.41,15.75,14.08,62,131,0.47,9.74,106.33,0.5,3.13,2026-03-27,2026-03-29 07:42:22
4714,永捷,14.25,18.2,20.4,37.5,-0.58,-0.51,-0.07,16.51,15.23,13.95,1235,1129,1.09,25.38,,0.2,1.4,2026-03-27,2026-03-29 07:42:24
4716,大立,14.25,25.0,26.94,53.23,-0.22,-0.26,0.03,15.03,14.47,13.91,126,227,0.55,13.46,,0.2,1.4,2026-03-27,2026-03-29 07:42:25
4720,德淵,18.45,72.25,69.78,71.92,0.38,0.17,0.21,18.43,16.63,14.84,6107,3954,1.54,21.13,24.93,1.0,5.42,2026-03-27,2026-03-29 07:42:26
4721,美琪瑪,74.8,73.97,74.37,97.22,2.08,1.38,0.7,77.28,68.94,60.59,760,832,0.91,56.09,24.85,2.36,3.16,2026-03-27,2026-03-29 07:42:27
4722,國精化,172.5,17.59,24.08,54.25,-1.08,1.0,-2.07,199.74,179.85,159.96,1208,1181,1.02,175.69,87.12,1.4,0.81,2026-03-27,2026-03-29 07:42:27
4724,宣捷幹細胞,14.05,34.99,33.59,14.52,-0.3,-0.21,-0.09,16.24,14.78,13.32,53,46,1.15,13.48,,,,2026-03-27,2026-03-29 07:42:28
4726,永昕,32.0,34.34,30.93,41.03,-0.39,-0.38,-0.01,33.39,32.12,30.85,250,199,1.25,66.35,,,,2026-03-27,2026-03-29 07:42:29
4728,雙美,389.0,26.95,30.56,30.56,-0.45,-0.27,-0.19,396.03,390.93,385.82,14,6,2.25,211.86,29.25,12.1,3.11,2026-03-27,2026-03-29 07:42:30
4729,熒茂,20.6,28.28,27.81,52.63,-0.44,-0.47,0.03,22.26,20.87,19.48,226,148,1.52,16.32,128.75,0.5,2.43,2026-03-27,2026-03-29 07:42:31
4732,彥臣,20.45,65.66,55.25,54.87,-0.14,-0.19,0.05,20.32,19.69,19.07,17,16,1.06,9.87,,,,2026-03-27,2026-03-29 07:42:31
4735,豪展,30.85,55.43,47.69,57.3,-0.28,-0.39,0.1,31.73,30.81,29.9,10,11,0.91,11.88,12.54,2.0,6.48,2026-03-27,2026-03-29 07:42:33
4736,泰博,124.5,30.45,28.59,51.43,-0.74,-0.59,-0.15,129.13,125.45,121.77,98,133,0.74,118.74,8.29,10.0,8.03,2026-03-27,2026-03-29 07:42:34
4737,華廣,65.1,85.93,84.04,66.92,2.41,2.09,0.32,67.86,61.02,54.18,173,157,1.1,50.31,20.87,,,2026-03-27,2026-03-29 07:42:35
4738,大同精化,6.26,53.35,52.19,57.84,-0.13,-0.27,0.13,6.86,5.69,4.51,317,722,0.44,4.86,48.15,,,2026-03-27,2026-03-29 07:42:35
4739,康普,85.2,57.83,65.19,84.27,3.69,3.02,0.67,90.81,78.08,65.34,4809,7382,0.65,106.2,60.43,0.94,1.1,2026-03-27,2026-03-29 07:42:36
4741,泓瀚,32.15,80.03,68.43,82.39,1.77,1.05,0.72,30.19,24.7,19.2,2719,1314,2.07,11.19,110.86,1.2,3.73,2026-03-27,2026-03-29 07:42:37
4743,合一,52.3,36.51,32.82,49.73,-2.1,-2.29,0.19,57.52,53.64,49.77,1085,1346,0.81,250.71,,,,2026-03-27,2026-03-29 07:42:38
4744,皇將,37.0,59.05,59.88,77.12,1.27,1.14,0.13,38.11,33.65,29.19,835,532,1.57,19.8,15.16,0.4,1.08,2026-03-27,2026-03-29 07:42:39
4745,合富-KY,18.85,18.97,19.36,38.98,-0.7,-0.73,0.04,20.82,19.52,18.21,85,85,0.99,14.6,,,,2026-03-27,2026-03-29 07:42:39
4746,台耀,54.7,55.81,62.71,63.64,-0.46,-0.76,0.3,57.04,53.9,50.77,476,820,0.58,65.78,15.03,3.0,5.48,2026-03-27,2026-03-29 07:42:40
4747,強生,54.1,45.02,45.02,22.73,-0.77,-0.74,-0.04,57.5,55.53,53.56,25,20,1.22,24.31,45.46,1.75,3.23,2026-03-27,2026-03-29 07:42:42
4749,新應材,865.0,28.01,26.18,41.81,-3.05,6.06,-9.12,1001.94,917.6,833.26,1420,1775,0.8,802.14,76.35,5.99,0.69,2026-03-27,2026-03-29 07:42:43
4754,國碳科,37.45,22.87,25.71,31.67,-0.24,-0.19,-0.05,38.73,38.02,37.32,19,16,1.17,11.34,13.19,2.0,5.34,2026-03-27,2026-03-29 07:42:45
4755,三福化,146.5,31.0,32.48,54.49,3.77,5.35,-1.58,162.32,148.07,133.83,621,1296,0.48,147.53,39.7,3.5,2.39,2026-03-27,2026-03-29 07:42:45
4760,勤凱,206.0,70.68,60.18,75.6,3.3,1.32,1.98,203.74,183.9,164.06,1164,654,1.78,66.37,29.51,4.5,2.18,2026-03-27,2026-03-29 07:42:46
4763,材料*-KY,44.85,29.13,39.94,62.33,-1.01,-1.21,0.2,47.8,44.54,41.29,3028,3521,0.86,443.63,7.36,5.41,12.06,2026-03-27,2026-03-29 07:42:47
4764,雙鍵,133.0,16.19,26.13,51.79,2.37,5.51,-3.14,167.76,140.95,114.14,2116,2624,0.81,113.77,109.02,,,2026-03-27,2026-03-29 07:42:48
4765,磐采,21.0,63.84,61.63,73.75,1.73,1.19,0.54,21.78,14.9,8.02,527,341,1.54,6.75,,,,2026-03-27,2026-03-29 07:42:48
4766,南寶,321.0,38.57,56.05,55.13,3.18,2.91,0.27,345.27,324.1,302.93,471,867,0.54,387.03,15.9,19.0,5.92,2026-03-27,2026-03-29 07:42:49
4767,誠泰科技,24.85,41.89,54.88,52.63,-0.01,-0.03,0.01,26.06,25.24,24.41,48,18,2.67,7.81,20.04,1.8,7.24,2026-03-27,2026-03-29 07:42:50
4768,晶呈科技,486.0,32.58,37.66,63.02,15.23,16.23,-0.99,533.57,465.1,396.63,1273,1306,0.97,230.79,1246.15,4.0,0.82,2026-03-27,2026-03-29 07:42:51
4770,上品,225.0,23.31,27.89,52.42,-4.47,-2.24,-2.24,266.53,236.2,205.87,179,536,0.34,179.95,22.12,6.0,2.67,2026-03-27,2026-03-29 07:42:51
4771,望隼,192.0,66.44,72.23,70.93,4.26,3.14,1.12,200.08,183.38,166.67,95,161,0.59,112.37,15.26,5.52,2.88,2026-03-27,2026-03-29 07:42:52
4772,台特化,296.5,18.42,23.99,49.78,-7.91,-5.08,-2.83,347.41,314.75,282.09,1155,1621,0.71,437.88,71.45,2.0,0.67,2026-03-27,2026-03-29 07:42:53
4773,高福,39.0,93.68,81.63,62.31,-0.69,-1.77,1.08,44.55,34.58,24.6,0,0,,28.36,29.55,1.0,2.56,2026-03-27,2026-03-29 07:42:54
4804,大略-KY,6.05,74.81,52.28,68.34,-0.21,-0.32,0.12,6.21,5.35,4.48,350,124,2.82,4.36,,,,2026-03-27,2026-03-29 07:42:55
4806,桂田文創,10.55,17.27,23.3,40.96,0.01,0.21,-0.21,12.86,11.73,10.59,49,15,3.2,10.54,,,,2026-03-27,2026-03-29 07:42:56
4807,日成-KY,15.0,1.96,5.71,25.0,-0.54,-0.46,-0.09,17.63,16.41,15.18,161,58,2.76,6.0,3.51,,,2026-03-27,2026-03-29 07:42:56
4903,聯光通,48.0,61.51,70.03,69.52,1.84,1.29,0.56,50.25,44.16,38.07,12888,26829,0.48,50.56,47.06,0.3,0.62,2026-03-27,2026-03-29 07:42:57
4904,遠傳,92.6,47.9,60.76,54.62,0.43,0.54,-0.1,94.71,92.76,90.81,8456,6301,1.34,3340.11,24.37,3.56,3.84,2026-03-27,2026-03-29 07:42:58
4905,台聯電,87.0,60.39,65.71,72.73,6.83,4.9,1.93,96.85,71.87,46.88,34,221,0.15,25.46,31.64,1.5,1.72,2026-03-27,2026-03-29 07:42:59
4906,正文,37.1,79.68,74.56,75.22,2.1,1.28,0.81,37.53,29.78,22.02,115850,38140,3.04,158.64,20.61,1.5,4.04,2026-03-27,2026-03-29 07:42:59
4907,富宇,41.1,65.78,59.23,65.09,-0.29,-0.48,0.2,41.29,40.43,39.57,47,31,1.51,48.56,33.69,1.8,4.38,2026-03-27,2026-03-29 07:43:01
4908,前鼎,112.5,53.23,58.0,68.52,7.29,7.07,0.23,118.62,102.85,87.08,5382,8664,0.62,87.99,57.11,1.75,1.56,2026-03-27,2026-03-29 07:43:03
4909,新復興,56.7,23.2,21.75,35.79,-0.82,0.03,-0.86,69.93,61.76,53.58,962,1480,0.65,52.93,,6.0,10.58,2026-03-27,2026-03-29 07:43:05
4911,德英,34.9,46.41,46.07,25.0,-0.96,-1.21,0.25,36.93,35.17,33.4,30,16,1.79,22.24,16.01,0.76,2.18,2026-03-27,2026-03-29 07:43:06
4912,聯德控股-KY,89.0,38.34,48.05,60.56,-0.74,-0.75,0.01,96.1,89.62,83.14,291,266,1.09,59.71,45.18,1.21,1.36,2026-03-27,2026-03-29 07:43:06
4915,致伸,72.7,39.51,37.77,55.45,-1.47,-1.6,0.12,76.1,72.9,69.71,1665,2240,0.74,342.52,12.91,4.2,5.78,2026-03-27,2026-03-29 07:43:07
4916,事欣科,58.8,23.91,35.16,56.92,-0.6,-0.38,-0.22,64.32,60.29,56.26,1933,3784,0.51,72.55,37.45,0.38,0.65,2026-03-27,2026-03-29 07:43:08
4919,新唐,102.5,62.67,67.31,64.85,8.87,8.45,0.42,109.38,88.79,68.21,28446,26818,1.06,430.26,45.15,0.4,0.39,2026-03-27,2026-03-29 07:43:08
4923,力士,34.95,41.5,56.75,64.92,1.22,1.08,0.14,40.94,33.49,26.04,59,88,0.66,11.44,,,,2026-03-27,2026-03-29 07:43:09
4924,欣厚-KY,10.3,37.01,42.76,43.33,-0.12,-0.14,0.01,10.99,10.54,10.09,43,42,1.0,3.83,27.11,,,2026-03-27,2026-03-29 07:43:10
4925,智微,103.0,53.84,64.72,66.83,8.77,9.22,-0.44,116.97,95.41,73.85,429,1001,0.43,72.78,,,,2026-03-27,2026-03-29 07:43:11
4927,泰鼎-KY,43.15,17.79,24.91,54.57,1.15,1.8,-0.64,48.69,44.48,40.27,4751,7395,0.64,114.32,5.39,,,2026-03-27,2026-03-29 07:43:12
4930,燦星網,19.5,34.2,24.84,30.23,-0.41,-0.4,-0.01,21.13,20.04,18.96,29,75,0.38,15.6,32.5,0.6,3.08,2026-03-27,2026-03-29 07:43:12
4931,新盛力,145.0,53.35,57.31,64.67,-0.54,-2.56,2.03,155.11,137.85,120.59,5774,8848,0.65,95.07,46.47,2.0,1.38,2026-03-27,2026-03-29 07:43:13
4933,友輝,58.2,33.97,45.7,46.89,0.11,0.23,-0.11,63.17,58.59,54.02,109,154,0.7,47.9,10.12,5.99,10.29,2026-03-27,2026-03-29 07:43:14
4934,太極,17.6,13.61,23.29,43.9,0.18,0.49,-0.31,20.64,18.91,17.19,1127,1508,0.75,39.6,,,,2026-03-27,2026-03-29 07:43:15
4935,茂林-KY,38.7,69.45,50.65,63.29,-0.42,-0.77,0.35,39.45,36.92,34.4,141,138,1.02,49.87,29.1,2.2,5.68,2026-03-27,2026-03-29 07:43:16
4938,和碩,80.9,63.61,62.99,79.38,2.24,1.74,0.5,82.68,74.66,66.64,11869,11837,1.0,2169.87,15.15,4.5,5.56,2026-03-27,2026-03-29 07:43:17
4939,亞電,29.0,19.07,20.16,42.79,-1.73,-1.6,-0.13,35.54,31.53,27.53,1178,1257,0.94,28.48,,0.5,1.72,2026-03-27,2026-03-29 07:43:19
4942,嘉彰,37.9,57.59,52.15,55.07,-0.06,-0.09,0.03,38.5,37.71,36.91,46,73,0.62,53.96,12.47,2.0,5.28,2026-03-27,2026-03-29 07:43:20
4943,康控-KY,11.1,28.69,27.12,37.78,-0.21,-0.14,-0.07,12.77,11.8,10.83,21,13,1.59,14.06,0.91,,,2026-03-27,2026-03-29 07:43:21
4946,辣椒,117.5,11.28,16.6,13.21,-2.42,2.04,-4.46,167.49,139.95,112.41,42,58,0.72,10.4,37.42,,,2026-03-27,2026-03-29 07:43:22
4949,有成精密,70.4,54.46,54.63,72.19,5.39,5.09,0.29,75.91,58.52,41.12,5637,3979,1.42,47.29,37.25,1.4,1.99,2026-03-27,2026-03-29 07:43:23
4950,金耘國際,15.65,47.58,30.52,37.8,-0.63,-0.71,0.08,16.53,15.22,13.92,87,36,2.41,9.03,,,,2026-03-27,2026-03-29 07:43:24
4951,精拓科,67.8,29.63,35.88,49.28,-0.2,0.21,-0.42,72.88,69.56,66.25,56,96,0.58,23.15,11.57,3.2,4.72,2026-03-27,2026-03-29 07:43:26
4952,凌通,40.9,16.72,18.36,24.17,-0.03,0.62,-0.64,48.67,43.97,39.27,254,300,0.85,44.51,39.71,2.25,5.5,2026-03-27,2026-03-29 07:43:26
4953,緯軟,112.0,30.94,47.66,57.14,-1.57,-1.74,0.17,118.98,114.1,109.22,189,238,0.79,81.92,13.4,3.99,3.56,2026-03-27,2026-03-29 07:43:27
4956,光鋐,34.95,65.49,73.95,80.39,3.09,2.65,0.44,39.87,29.9,19.93,9548,19984,0.48,35.09,20.44,,,2026-03-27,2026-03-29 07:43:28
4958,臻鼎-KY,230.0,80.12,74.6,84.26,9.95,6.96,2.99,229.34,193.07,156.81,54567,32134,1.7,2461.32,34.02,4.8,2.09,2026-03-27,2026-03-29 07:43:30
4960,誠美材,25.8,57.3,68.18,75.29,2.88,2.74,0.14,30.83,21.6,12.38,4478,6220,0.72,145.96,,,,2026-03-27,2026-03-29 07:43:30
4961,天鈺,144.0,56.74,44.01,51.79,-1.13,-1.2,0.07,149.62,143.72,137.83,521,611,0.85,172.45,15.0,12.87,8.94,2026-03-27,2026-03-29 07:43:31
4966,譜瑞-KY,500.0,20.59,27.21,50.84,-10.48,-9.84,-0.63,539.98,513.27,486.57,398,449,0.89,384.21,14.58,18.19,3.64,2026-03-27,2026-03-29 07:43:33
4967,十銓,228.5,46.82,61.15,66.2,10.96,9.06,1.9,278.36,216.35,154.34,11659,21065,0.55,194.14,17.67,3.0,1.31,2026-03-27,2026-03-29 07:43:34
4968,立積,108.5,33.46,32.66,56.16,-3.2,-3.75,0.55,120.29,109.03,97.76,752,1013,0.74,100.05,40.94,1.1,1.01,2026-03-27,2026-03-29 07:43:34
4971,IET-KY,578.0,82.96,69.13,71.47,27.71,20.98,6.73,550.32,466.9,383.48,9541,3268,2.92,231.12,344.05,,,2026-03-27,2026-03-29 07:43:35
4972,湯石照明,17.8,31.77,34.85,60.0,-0.05,-0.06,0.0,17.94,17.76,17.58,16,22,0.73,10.13,,0.8,4.49,2026-03-27,2026-03-29 07:43:36
4973,廣穎,61.2,26.68,48.63,58.5,6.28,7.56,-1.29,99.17,63.69,28.22,1905,1544,1.23,40.02,29.28,1.0,1.63,2026-03-27,2026-03-29 07:43:37
4974,亞泰,71.6,39.26,40.86,62.39,-0.65,-0.58,-0.07,75.14,72.0,68.85,76,94,0.81,51.91,14.04,5.45,7.61,2026-03-27,2026-03-29 07:43:38
4976,佳凌,28.45,23.9,33.93,52.24,-0.48,-0.43,-0.06,30.8,29.39,27.98,343,387,0.88,39.91,18.84,,,2026-03-27,2026-03-29 07:43:38
4977,眾達-KY,200.0,61.29,63.68,72.4,13.65,12.7,0.95,209.93,178.25,146.57,11385,15773,0.72,157.53,36.23,2.25,1.12,2026-03-27,2026-03-29 07:43:39
4979,華星光,396.5,45.22,46.1,61.0,13.83,16.05,-2.21,460.62,399.43,338.23,1905,17173,0.11,558.43,74.67,1.54,0.39,2026-03-27,2026-03-29 07:43:40
4980,佐臻,26.0,64.83,62.37,52.22,-0.65,-0.88,0.24,28.08,26.18,24.28,19,39,0.49,11.72,,,,2026-03-27,2026-03-29 07:43:42
4987,科誠,81.1,14.83,25.28,70.0,0.33,0.42,-0.09,81.26,80.95,80.64,61,44,1.39,25.85,12.87,5.2,6.41,2026-03-27,2026-03-29 07:43:42
4989,榮科,64.6,18.72,33.62,54.44,2.19,3.3,-1.11,75.77,68.64,61.51,8320,17103,0.49,89.0,,,,2026-03-27,2026-03-29 07:43:43
4991,環宇-KY,446.0,79.45,77.12,73.54,40.44,33.38,7.06,455.01,365.5,275.99,1228,13575,0.09,534.89,3430.77,,,2026-03-27,2026-03-29 07:43:44
4994,傳奇,92.5,31.02,21.21,23.21,-2.73,-2.22,-0.51,107.19,97.12,87.05,10,21,0.47,61.4,47.44,9.0,9.73,2026-03-27,2026-03-29 07:43:45
4995,晶達,40.75,26.16,32.91,53.13,0.02,0.04,-0.01,41.94,41.04,40.15,8,9,0.87,17.29,18.36,4.0,9.82,2026-03-27,2026-03-29 07:43:45
4999,鑫禾,21.75,23.86,27.73,39.53,-0.36,-0.34,-0.02,23.04,22.27,21.5,30,82,0.36,16.01,16.23,1.0,4.6,2026-03-27,2026-03-29 07:43:46
5007,三星,58.4,68.37,59.42,77.59,-0.14,-0.34,0.2,58.73,56.57,54.41,398,108,3.67,172.24,19.34,3.0,5.14,2026-03-27,2026-03-29 07:43:47
5009,榮剛,33.0,28.0,31.85,48.21,-0.22,-0.08,-0.14,35.94,33.93,31.92,1297,2143,0.61,184.27,16.18,1.2,3.64,2026-03-27,2026-03-29 07:43:48
5011,久陽,13.55,8.09,14.53,39.47,0.22,0.41,-0.19,16.23,14.48,12.73,335,502,0.67,13.64,,0.2,1.48,2026-03-27,2026-03-29 07:43:49
5013,強新,29.95,58.64,47.36,55.38,-0.03,-0.09,0.06,30.99,29.68,28.37,1,24,0.04,39.96,18.04,0.8,2.67,2026-03-27,2026-03-29 07:43:49
5014,建錩,10.4,16.32,22.32,43.75,-0.13,-0.12,-0.01,11.0,10.65,10.31,95,157,0.6,19.06,,0.3,2.88,2026-03-27,2026-03-29 07:43:50
5015,華祺,25.9,8.42,11.99,27.42,-0.55,-0.53,-0.03,27.99,26.71,25.43,13,30,0.43,15.71,431.67,2.3,8.88,2026-03-27,2026-03-29 07:43:51
5016,松和,27.85,89.43,84.45,88.89,0.25,-0.01,0.26,26.5,24.9,23.3,540,124,4.33,13.82,18.57,1.2,4.31,2026-03-27,2026-03-29 07:43:52
5201,凱衛,39.2,46.07,45.37,45.92,-0.67,-0.78,0.11,40.99,39.73,38.46,212,109,1.94,15.16,,1.26,3.21,2026-03-27,2026-03-29 07:43:53
5202,力新,13.6,14.85,24.15,46.0,-0.29,-0.27,-0.02,14.95,14.22,13.49,226,183,1.23,12.12,,0.5,3.68,2026-03-27,2026-03-29 07:43:54
5203,訊連,64.4,44.43,39.56,63.04,-3.38,-4.2,0.83,65.77,63.31,60.86,234,191,1.22,51.1,18.14,3.9,6.06,2026-03-27,2026-03-29 07:43:54
5205,中茂,28.3,62.66,63.17,51.1,0.07,-0.07,0.14,30.13,28.44,26.75,6,3,1.77,3.82,,,,2026-03-27,2026-03-29 07:43:56
5206,坤悅,28.85,36.95,37.88,61.54,-0.36,-0.45,0.09,29.68,28.71,27.74,29,43,0.67,49.48,8.39,0.5,1.73,2026-03-27,2026-03-29 07:43:57
5209,新鼎,168.5,55.51,54.42,55.26,-0.38,-0.6,0.22,171.59,168.28,164.96,18,20,0.88,47.9,11.03,11.33,6.72,2026-03-27,2026-03-29 07:43:58
5210,寶碩,22.1,69.01,68.59,61.64,0.18,0.08,0.1,22.71,21.67,20.64,64,144,0.44,18.16,30.27,,,2026-03-27,2026-03-29 07:43:59
5211,蒙恬,21.2,16.97,24.38,25.64,-0.68,-0.64,-0.04,23.89,22.89,21.89,100,69,1.45,6.79,,,,2026-03-27,2026-03-29 07:44:00
5212,凌網,52.9,26.67,45.47,60.71,0.37,0.41,-0.04,55.55,53.22,50.89,93,32,2.91,18.32,11.18,4.2,7.94,2026-03-27,2026-03-29 07:44:01
5213,亞昕,26.9,27.75,39.67,53.75,0.55,0.6,-0.06,28.36,26.7,25.03,385,509,0.76,193.66,8.79,1.24,4.61,2026-03-27,2026-03-29 07:44:02
5215,科嘉-KY,37.6,40.2,48.87,59.63,0.03,0.09,-0.06,39.67,37.9,36.14,20,18,1.08,24.19,18.61,2.5,6.65,2026-03-27,2026-03-29 07:44:02
5220,萬達光電,19.0,21.95,20.5,44.12,0.06,0.19,-0.13,20.07,19.46,18.84,9,21,0.42,7.48,,0.5,2.63,2026-03-27,2026-03-29 07:44:03
5222,全訊,135.0,43.78,39.01,53.45,-1.15,-1.09,-0.06,142.18,135.53,128.87,820,637,1.29,122.93,54.0,2.5,1.85,2026-03-27,2026-03-29 07:44:04
5223,安力-KY,27.4,11.35,11.37,32.12,-0.48,-0.2,-0.28,31.32,28.92,26.52,61,52,1.16,12.21,,,,2026-03-27,2026-03-29 07:44:05
5225,東科-KY,83.0,29.99,34.98,51.94,-1.89,-1.84,-0.05,89.31,85.35,81.39,394,482,0.82,65.29,8.16,7.21,8.69,2026-03-27,2026-03-29 07:44:05
5227,立凱-KY,24.0,12.51,23.78,47.3,-0.36,-0.26,-0.1,26.45,25.05,23.66,121,146,0.83,16.32,9.49,,,2026-03-27,2026-03-29 07:44:06
5228,鈺鎧,24.15,50.27,54.69,66.86,0.43,0.26,0.17,26.41,23.5,20.59,113,222,0.51,9.19,,,,2026-03-27,2026-03-29 07:44:07
5230,雷笛克光學,16.7,37.21,51.38,63.51,-0.13,-0.22,0.08,17.64,16.63,15.62,45,108,0.42,9.14,11.44,0.51,3.05,2026-03-27,2026-03-29 07:44:08
5234,達興材料,356.5,18.9,27.57,51.33,-3.58,1.88,-5.45,416.55,381.05,345.55,656,666,0.98,366.18,48.57,6.5,1.82,2026-03-27,2026-03-29 07:44:09
5236,凌陽創新,129.5,52.55,52.01,58.54,1.43,1.72,-0.29,132.58,129.3,126.02,65,92,0.71,77.71,15.08,7.73,5.97,2026-03-27,2026-03-29 07:44:10
5240,建騰,25.7,40.7,48.47,65.49,1.77,1.75,0.03,31.62,23.0,14.38,34,24,1.41,6.83,51.4,0.4,1.56,2026-03-27,2026-03-29 07:44:10
5243,乙盛-KY,74.9,59.64,48.56,64.55,-2.12,-2.54,0.42,79.93,73.46,67.0,9214,3238,2.85,126.23,17.1,1.5,2.0,2026-03-27,2026-03-29 07:44:11
5244,弘凱,38.2,49.87,57.91,57.5,0.25,-0.13,0.38,41.0,37.2,33.4,2153,2779,0.77,26.07,76.4,1.5,3.93,2026-03-27,2026-03-29 07:44:12
5245,智晶,25.4,39.69,28.28,51.43,-0.69,-0.58,-0.11,28.61,26.04,23.47,83,71,1.16,11.0,,,,2026-03-27,2026-03-29 07:44:13
5246,勵威,182.0,62.42,58.27,72.66,27.86,26.27,1.59,213.89,138.04,62.18,997,1375,0.73,80.84,,,,2026-03-27,2026-03-29 07:44:14
5248,景傳,21.55,45.61,44.31,48.37,-0.02,-0.24,0.21,25.14,21.81,18.47,110,300,0.37,5.28,26.94,1.1,5.1,2026-03-27,2026-03-29 07:44:15
5251,天鉞電,29.35,22.52,30.43,49.08,-0.78,-0.74,-0.04,33.31,31.12,28.93,189,95,1.98,9.9,978.33,,,2026-03-27,2026-03-29 07:44:16
5254,欣訊科技,32.15,82.04,81.01,49.02,0.07,0.13,-0.07,33.08,32.23,31.38,2,5,0.4,7.27,14.35,2.0,6.22,2026-03-27,2026-03-29 07:44:17
5258,虹堡,48.25,69.96,52.44,50.77,-2.2,-2.94,0.74,51.75,47.2,42.64,643,452,1.42,52.87,11.49,2.52,5.22,2026-03-27,2026-03-29 07:44:18
5262,立達,54.5,35.11,52.26,58.58,3.77,4.4,-0.63,66.94,54.41,41.87,283,452,0.63,28.72,40.67,2.67,4.9,2026-03-27,2026-03-29 07:44:18
5263,智崴,94.0,26.33,31.84,43.87,-2.5,-2.22,-0.28,104.64,98.26,91.87,195,211,0.92,66.61,25.0,0.94,1.0,2026-03-27,2026-03-29 07:44:19
5267,龍翩,27.7,45.44,46.03,59.89,-0.12,-0.43,0.3,28.28,26.39,24.5,23,80,0.29,6.95,37.95,3.01,10.87,2026-03-27,2026-03-29 07:44:20
5269,祥碩,1165.0,23.88,25.54,40.0,-25.69,-20.65,-5.04,1298.38,1215.25,1132.12,390,542,0.72,867.82,16.1,30.0,2.58,2026-03-27,2026-03-29 07:44:21
5271,紘通,17.15,45.57,55.4,72.61,2.17,1.92,0.25,21.87,13.78,5.69,1287,2181,0.59,10.89,,,,2026-03-27,2026-03-29 07:44:22
5272,笙科,24.15,63.66,49.81,65.91,0.49,0.37,0.12,24.26,22.48,20.7,1488,642,2.32,13.35,,,,2026-03-27,2026-03-29 07:44:22
5274,信驊,11555.0,57.0,64.54,70.67,653.61,628.68,24.93,12745.4,10555.0,8364.6,249,283,0.88,4368.1,111.12,52.0,0.45,2026-03-27,2026-03-29 07:44:23
5276,達輝-KY,15.05,15.39,24.14,33.33,-0.15,-0.09,-0.06,16.11,15.52,14.92,1,6,0.17,5.94,13.32,0.6,3.99,2026-03-27,2026-03-29 07:44:24
5278,尚凡*,26.65,54.6,38.19,54.61,-0.89,-1.16,0.27,29.48,25.84,22.21,2391,988,2.42,79.95,25.38,0.67,2.51,2026-03-27,2026-03-29 07:44:26
5283,禾聯碩,55.3,21.47,25.88,42.84,-0.91,-0.89,-0.01,59.02,56.76,54.49,76,78,0.97,48.44,9.89,0.7,1.27,2026-03-27,2026-03-29 07:44:27
5284,jpp-KY,290.0,72.31,66.21,65.91,4.54,2.52,2.02,293.4,271.82,250.25,1601,1674,0.96,153.39,24.05,1.48,0.51,2026-03-27,2026-03-29 07:44:27
5285,界霖,49.35,76.62,63.21,68.72,-0.67,-0.96,0.3,49.87,47.91,45.94,163,152,1.07,50.36,32.25,2.0,4.05,2026-03-27,2026-03-29 07:44:29
5287,數字,165.5,24.11,37.96,65.22,0.3,0.26,0.04,172.01,165.07,158.14,33,34,0.97,99.81,11.99,10.25,6.19,2026-03-27,2026-03-29 07:44:30
5288,豐祥-KY,141.5,71.92,63.03,64.71,-0.83,-1.28,0.45,144.85,139.57,134.3,122,109,1.12,98.67,11.65,8.51,6.01,2026-03-27,2026-03-29 07:44:30
5289,宜鼎,960.0,21.79,36.25,56.35,63.7,87.7,-24.0,1321.04,988.4,655.76,1818,1280,1.42,921.99,44.44,9.38,0.98,2026-03-27,2026-03-29 07:44:31
5291,邑昇,75.8,84.12,78.53,75.79,7.81,6.16,1.65,76.27,59.61,42.95,8088,10021,0.81,30.24,244.52,,,2026-03-27,2026-03-29 07:44:32
5292,華懋,253.5,89.98,83.95,90.86,11.56,4.56,6.99,234.01,192.03,150.04,1859,1018,1.82,106.74,25.63,4.09,1.61,2026-03-27,2026-03-29 07:44:33
5297,廣化,83.0,79.33,79.97,78.79,14.16,10.43,3.74,96.41,51.33,6.26,1546,3166,0.49,30.84,244.12,0.9,1.08,2026-03-27,2026-03-29 07:44:34
5299,杰力,78.3,66.35,67.8,69.78,0.97,0.78,0.19,80.81,76.21,71.62,136,140,0.97,39.85,17.21,3.66,4.67,2026-03-27,2026-03-29 07:44:34
5301,寶得利,9.44,50.92,34.5,31.07,-0.43,-0.43,-0.0,11.22,9.84,8.45,0,5,0.0,6.22,,,,2026-03-27,2026-03-29 07:44:35
5302,太欣,11.4,19.26,27.75,56.25,-0.02,0.03,-0.05,12.53,11.62,10.71,251,428,0.59,18.23,,,,2026-03-27,2026-03-29 07:44:36
5306,桂盟,88.3,65.25,64.75,68.64,-0.47,-0.62,0.16,90.93,88.23,85.52,49,95,0.51,111.26,11.96,4.14,4.69,2026-03-27,2026-03-29 07:44:37
5309,系統電,60.1,47.76,52.12,65.0,-1.23,-1.47,0.24,65.1,60.55,56.01,3780,7105,0.53,121.93,231.15,0.7,1.16,2026-03-27,2026-03-29 07:44:37
5310,天剛,26.5,13.28,14.19,47.06,-0.15,-0.02,-0.13,29.13,27.16,25.19,12,4,2.49,7.67,50.96,,,2026-03-27,2026-03-29 07:44:38
5312,寶島科,97.3,12.86,19.74,43.48,-0.43,-0.34,-0.09,99.98,98.3,96.63,26,31,0.83,58.44,15.2,7.5,7.71,2026-03-27,2026-03-29 07:44:40
5314,世紀*,77.3,29.46,23.97,57.01,-3.79,-4.39,0.6,86.56,77.25,67.94,2762,5148,0.54,225.72,24.94,0.27,0.35,2026-03-27,2026-03-29 07:44:41
5315,光聯,22.95,46.76,50.83,60.32,-0.3,-0.35,0.04,23.93,23.08,22.23,296,263,1.12,24.41,12.14,1.5,6.54,2026-03-27,2026-03-29 07:44:42
5321,美而快,24.95,46.41,41.88,61.54,-1.12,-1.37,0.24,26.58,24.83,23.08,62,53,1.17,13.27,38.98,,,2026-03-27,2026-03-29 07:44:44
5324,士開,11.6,99.23,97.0,100.0,0.2,0.1,0.11,11.64,10.7,9.76,294,267,1.1,26.26,,,,2026-03-27,2026-03-29 07:44:45
5328,華容,24.65,16.99,27.57,46.15,-0.26,0.09,-0.35,29.41,26.61,23.81,2695,3170,0.85,42.57,63.21,0.6,2.43,2026-03-27,2026-03-29 07:44:45
5340,建榮,107.0,35.69,31.63,51.62,1.27,3.11,-1.84,122.13,110.16,98.19,560,869,0.64,208.54,89.92,0.2,0.19,2026-03-27,2026-03-29 07:44:46
5344,立衛,13.65,44.12,56.32,46.99,-0.08,-0.1,0.02,14.77,14.03,13.3,94,169,0.56,10.84,,,,2026-03-27,2026-03-29 07:44:47
5345,馥鴻,23.4,53.1,33.56,50.79,-0.18,-0.22,0.04,23.85,22.97,22.1,18,10,1.66,8.84,,,,2026-03-27,2026-03-29 07:44:48
5347,世界,120.5,56.12,56.38,59.81,-1.65,-2.38,0.72,127.29,117.0,106.71,21106,16700,1.26,2318.91,28.55,4.5,3.73,2026-03-27,2026-03-29 07:44:49
5348,正能量智能,17.05,73.54,68.09,40.32,-0.01,-0.0,-0.01,17.65,17.16,16.66,12,20,0.6,2.52,,,,2026-03-27,2026-03-29 07:44:51
5351,鈺創,71.0,39.59,55.28,65.38,4.51,4.45,0.06,88.27,66.11,43.95,5054,6838,0.74,231.17,,,,2026-03-27,2026-03-29 07:44:51
5353,台林,24.85,47.82,58.2,83.02,-0.14,-0.26,0.13,25.72,24.44,23.16,22,25,0.87,18.76,18.14,1.3,5.23,2026-03-27,2026-03-29 07:44:54
5355,佳總,7.03,18.13,18.67,41.43,-0.06,-0.02,-0.04,7.65,7.27,6.89,0,78,0.0,11.68,,,,2026-03-27,2026-03-29 07:44:55
5356,協益,24.65,29.36,37.5,57.89,-0.19,-0.22,0.03,25.41,24.82,24.22,13,105,0.12,25.4,56.02,2.3,9.33,2026-03-27,2026-03-29 07:44:56
5364,力麗店,11.9,54.11,39.11,46.34,-0.41,-0.45,0.04,13.0,12.05,11.1,117,119,0.98,7.6,,,,2026-03-27,2026-03-29 07:44:57
5371,中光電,75.0,25.65,28.81,46.2,-2.93,-2.69,-0.23,86.56,79.39,72.23,3038,3447,0.88,293.24,78.95,1.5,2.0,2026-03-27,2026-03-29 07:44:58
5381,合正,23.1,10.14,11.04,30.08,-0.89,-0.64,-0.25,28.2,25.45,22.7,758,984,0.77,56.49,23.33,,,2026-03-27,2026-03-29 07:44:58
5386,青雲,260.5,22.32,45.27,46.8,38.4,53.46,-15.06,445.85,308.45,171.05,417,729,0.57,93.99,30.29,0.59,0.23,2026-03-27,2026-03-29 07:44:59
5388,中磊,78.0,28.81,31.33,57.24,-1.19,-1.06,-0.13,82.34,78.38,74.42,3522,2157,1.63,233.78,19.75,2.5,3.21,2026-03-27,2026-03-29 07:45:00
5392,能率,37.75,25.85,30.53,44.51,-1.7,-1.71,0.01,43.16,39.72,36.27,1613,905,1.78,66.26,,0.2,0.53,2026-03-27,2026-03-29 07:45:01
5398,慕康生醫,23.3,59.16,40.37,74.07,-0.13,-0.36,0.23,24.11,21.54,18.97,705,200,3.51,11.53,66.57,,,2026-03-27,2026-03-29 07:45:02
5403,中菲,101.0,28.8,40.75,43.67,-0.85,-0.67,-0.19,105.58,102.97,100.36,79,153,0.52,78.97,12.15,6.5,6.44,2026-03-27,2026-03-29 07:45:03
5410,國眾,30.4,36.63,43.56,52.27,0.02,0.08,-0.06,31.53,30.58,29.63,201,238,0.84,27.99,13.16,1.5,4.93,2026-03-27,2026-03-29 07:45:04
5425,台半,57.7,49.96,56.22,55.36,-0.31,-0.39,0.07,63.27,58.91,54.55,4097,5790,0.71,141.09,27.87,2.02,3.5,2026-03-27,2026-03-29 07:45:04
5426,振發,19.7,42.34,45.85,60.24,-0.1,-0.08,-0.02,20.96,19.76,18.55,315,236,1.33,28.33,37.88,0.5,2.54,2026-03-27,2026-03-29 07:45:05
5432,新門,131.0,12.85,18.61,38.1,-6.63,-5.72,-0.91,158.33,143.0,127.67,38,42,0.89,27.1,56.71,1.5,1.15,2026-03-27,2026-03-29 07:45:06
5434,崇越,318.5,24.81,34.11,53.9,-1.16,0.34,-1.5,341.26,325.57,309.89,439,387,1.13,612.65,14.88,11.99,3.76,2026-03-27,2026-03-29 07:45:07
5438,東友,19.8,23.4,21.81,41.56,-0.52,-0.49,-0.03,22.05,20.54,19.03,60,79,0.76,22.28,38.82,0.65,3.28,2026-03-27,2026-03-29 07:45:08
5439,高技,304.0,69.32,64.47,73.36,0.91,-3.33,4.24,308.73,277.68,246.62,5659,4910,1.15,282.65,22.57,2.2,0.72,2026-03-27,2026-03-29 07:45:09
5443,均豪,104.0,50.06,53.33,69.08,3.51,3.04,0.48,109.64,98.39,87.14,4079,7237,0.56,167.75,40.94,2.0,1.92,2026-03-27,2026-03-29 07:45:09
5450,南良,14.55,38.83,40.65,47.22,0.01,0.03,-0.03,14.99,14.61,14.23,16,19,0.82,17.81,111.92,0.5,3.44,2026-03-27,2026-03-29 07:45:11
5452,佶優,34.3,31.73,45.18,58.31,1.11,1.19,-0.07,38.0,34.12,30.25,3420,11662,0.29,50.58,103.94,0.25,0.73,2026-03-27,2026-03-29 07:45:12
5455,昇益,23.6,46.96,38.67,22.88,-1.1,-1.11,0.01,28.6,25.02,21.44,0,1,0.0,15.46,6.82,,,2026-03-27,2026-03-29 07:45:12
5457,宣德,35.05,40.36,44.34,65.02,-0.38,-0.62,0.24,36.84,34.2,31.56,318,436,0.73,68.86,13.91,1.28,3.65,2026-03-27,2026-03-29 07:45:13
5460,同協,14.9,41.1,40.64,65.22,-0.13,-0.18,0.05,15.33,14.74,14.14,27,39,0.68,8.76,,,,2026-03-27,2026-03-29 07:45:14
5464,霖宏,27.85,64.38,68.11,70.77,0.39,0.43,-0.04,28.57,27.59,26.62,155,103,1.49,19.79,,1.0,3.59,2026-03-27,2026-03-29 07:45:15
5465,富驊,26.05,13.12,13.65,38.82,-0.83,-0.77,-0.06,28.93,27.1,25.27,97,113,0.86,38.47,20.35,1.8,6.91,2026-03-27,2026-03-29 07:45:17
5468,凱鈺,18.5,64.11,64.49,64.39,0.33,0.05,0.27,20.16,17.23,14.3,79,213,0.37,10.9,,,,2026-03-27,2026-03-29 07:45:18
5469,瀚宇博,83.8,30.65,34.44,54.87,-3.04,-2.88,-0.17,93.36,86.61,79.86,1648,1847,0.89,407.22,13.9,2.52,3.01,2026-03-27,2026-03-29 07:45:18
5471,松翰,40.35,17.97,22.13,45.12,0.39,0.9,-0.51,45.46,42.15,38.85,355,651,0.54,67.74,56.83,1.0,2.48,2026-03-27,2026-03-29 07:45:19
5474,聰泰,134.5,16.97,23.39,50.91,-4.41,-4.19,-0.21,149.13,139.43,129.72,133,87,1.52,53.47,24.59,4.0,2.97,2026-03-27,2026-03-29 07:45:20
5475,德宏,213.5,54.36,46.8,60.82,14.57,17.05,-2.49,229.05,201.97,174.9,3178,4299,0.74,271.42,,,,2026-03-27,2026-03-29 07:45:21
5478,智冠,103.0,45.05,44.09,58.61,1.39,1.78,-0.4,108.8,101.52,94.24,143,452,0.32,154.32,13.05,7.5,7.28,2026-03-27,2026-03-29 07:45:22
5481,新華,22.7,71.76,60.21,55.42,0.04,-0.14,0.18,23.28,21.94,20.59,108,816,0.13,15.07,,,,2026-03-27,2026-03-29 07:45:23
5483,中美晶,114.5,39.02,51.47,56.92,0.78,0.69,0.09,127.34,115.05,102.76,7944,6232,1.27,703.23,17.14,3.5,3.06,2026-03-27,2026-03-29 07:45:23
5484,慧友,40.0,47.08,52.28,68.51,0.36,0.22,0.14,43.75,38.89,34.02,202,290,0.69,26.72,57.97,,,2026-03-27,2026-03-29 07:45:24
5487,通泰,27.4,39.99,44.55,47.54,-0.24,-0.27,0.02,28.69,27.76,26.83,16,21,0.75,6.64,,,,2026-03-27,2026-03-29 07:45:26
5488,松普,10.1,63.2,73.67,74.47,0.07,0.04,0.03,10.45,9.93,9.41,204,226,0.9,9.25,91.82,,,2026-03-27,2026-03-29 07:45:27
5489,彩富,39.8,41.34,36.61,62.0,-0.28,-0.34,0.06,40.22,39.78,39.34,13,18,0.71,39.21,20.0,1.82,4.57,2026-03-27,2026-03-29 07:45:28
5490,同亨,28.1,59.29,66.39,72.14,0.64,0.48,0.17,29.58,27.07,24.56,344,730,0.47,26.18,16.73,0.35,1.25,2026-03-27,2026-03-29 07:45:29
5493,三聯,80.0,14.71,24.85,53.11,-1.56,-1.29,-0.27,89.15,83.27,77.39,148,152,0.97,34.95,19.14,2.6,3.25,2026-03-27,2026-03-29 07:45:29
5498,凱崴,56.2,22.16,30.86,51.7,-0.57,0.2,-0.77,67.01,60.15,53.28,5582,5953,0.94,108.63,,0.15,0.27,2026-03-27,2026-03-29 07:45:30
5508,永信建,51.5,14.84,24.57,50.63,-1.55,-1.55,0.01,56.41,53.15,49.89,301,692,0.43,111.98,16.78,14.5,28.16,2026-03-27,2026-03-29 07:45:31
5511,德昌,74.8,64.11,71.8,84.44,1.95,1.74,0.21,79.15,71.3,63.45,127,221,0.57,84.85,7.07,3.8,5.08,2026-03-27,2026-03-29 07:45:32
5512,力麒,7.91,30.16,30.34,50.54,-0.0,0.01,-0.01,8.19,8.02,7.84,816,705,1.16,60.1,56.5,0.18,2.28,2026-03-27,2026-03-29 07:45:33
5514,三豐,15.9,66.07,68.57,56.0,0.02,0.0,0.02,16.2,15.94,15.69,8,8,0.97,36.04,,,,2026-03-27,2026-03-29 07:45:34
5515,建國,37.55,57.95,68.97,80.61,1.2,0.95,0.25,40.38,35.31,30.23,165,454,0.36,75.7,8.42,2.15,5.73,2026-03-27,2026-03-29 07:45:34
5516,雙喜,12.7,10.05,9.8,22.64,-0.45,-0.39,-0.06,14.65,13.47,12.29,50,27,1.81,6.55,,,,2026-03-27,2026-03-29 07:45:36
5519,隆大,33.55,25.61,36.09,57.45,0.48,0.53,-0.05,35.22,33.39,31.57,555,453,1.23,73.54,6.82,3.0,8.94,2026-03-27,2026-03-29 07:45:37
5520,力泰,83.5,61.52,67.4,61.41,0.4,0.4,-0.0,84.91,82.61,80.32,6,31,0.19,50.08,8.49,7.0,8.38,2026-03-27,2026-03-29 07:45:38
5521,工信,13.0,43.07,30.99,18.82,-2.4,-2.26,-0.14,26.19,16.8,7.41,4010,4832,0.83,64.0,25.0,0.15,1.15,2026-03-27,2026-03-29 07:45:40
5522,遠雄,71.9,70.9,71.12,70.11,1.06,0.39,0.67,73.52,68.35,63.19,668,1118,0.6,561.97,9.66,5.5,7.65,2026-03-27,2026-03-29 07:45:41
5523,豐謙,29.35,25.26,30.74,29.82,-0.3,-0.19,-0.11,31.21,30.07,28.92,20,31,0.63,45.49,,0.5,1.7,2026-03-27,2026-03-29 07:45:41
5525,順天,25.7,53.31,53.02,62.86,-0.11,-0.23,0.12,26.4,25.3,24.21,52,46,1.13,78.97,18.36,0.75,2.92,2026-03-27,2026-03-29 07:45:42
5529,鉅陞,25.8,32.07,45.49,52.04,-0.23,-0.27,0.04,27.3,26.11,24.92,32,65,0.49,26.27,12.84,,,2026-03-27,2026-03-29 07:45:43
5530,龍巖,46.85,21.05,16.46,21.62,-1.21,-1.0,-0.21,52.84,48.94,45.05,253,262,0.97,196.81,13.46,,,2026-03-27,2026-03-29 07:45:44
5531,鄉林,8.93,52.31,62.01,49.18,-0.01,-0.01,-0.0,9.07,8.96,8.85,368,381,0.97,87.3,,,,2026-03-27,2026-03-29 07:45:44
5533,皇鼎,14.6,60.99,55.06,75.0,0.04,0.02,0.03,14.61,14.33,14.05,253,219,1.15,41.65,26.07,1.0,6.85,2026-03-27,2026-03-29 07:45:45
5534,長虹,79.2,58.6,51.57,68.06,-0.04,-0.46,0.42,79.11,76.17,73.23,1859,1106,1.68,233.44,13.4,5.42,6.84,2026-03-27,2026-03-29 07:45:46
5536,聖暉*,752.0,67.17,71.62,67.41,18.53,8.34,10.19,777.24,700.45,623.66,1060,3009,0.35,933.09,26.53,5.5,0.73,2026-03-27,2026-03-29 07:45:47
5538,東明-KY,30.05,18.18,14.32,40.68,-0.49,-0.43,-0.06,32.95,30.79,28.64,17,24,0.71,60.46,9.95,1.5,4.99,2026-03-27,2026-03-29 07:45:47
5543,桓鼎-KY,28.3,88.9,86.6,70.87,-0.03,-0.43,0.4,29.06,26.66,24.25,5,12,0.39,12.87,4.1,0.09,0.32,2026-03-27,2026-03-29 07:45:48
5546,永固-KY,17.3,51.52,32.68,29.91,-1.23,-1.26,0.03,21.8,18.4,15.01,3,10,0.28,14.25,,2.0,11.56,2026-03-27,2026-03-29 07:45:49
5547,久舜,22.7,38.83,41.69,62.26,-0.3,-0.42,0.12,23.32,22.66,22.0,54,45,1.18,10.28,7.44,0.72,3.17,2026-03-27,2026-03-29 07:45:50
5548,安倉,25.6,78.92,76.38,76.4,0.41,0.17,0.24,25.33,23.62,21.92,182,178,1.02,14.8,12.74,1.4,5.47,2026-03-27,2026-03-29 07:45:51
5601,台聯櫃,36.2,26.06,32.66,37.23,-0.14,-0.07,-0.07,37.59,36.76,35.93,0,4,0.0,23.46,86.19,0.35,0.97,2026-03-27,2026-03-29 07:45:51
5603,陸海,17.2,26.52,29.38,39.29,-0.18,-0.15,-0.03,18.28,17.63,16.99,32,90,0.35,18.04,43.0,1.0,5.81,2026-03-27,2026-03-29 07:45:53
5604,中連,34.8,29.81,24.59,51.56,-0.35,-0.33,-0.02,35.86,35.01,34.17,3,13,0.22,37.86,40.94,2.0,5.75,2026-03-27,2026-03-29 07:45:54
5607,遠雄港,46.0,11.99,12.38,22.5,-1.07,-0.57,-0.5,55.65,49.61,43.56,440,340,1.29,170.45,16.61,1.1,2.39,2026-03-27,2026-03-29 07:45:55
5608,四維航,16.3,17.47,24.05,43.42,-0.27,-0.22,-0.05,18.28,17.1,15.93,1756,1425,1.23,63.45,1.48,,,2026-03-27,2026-03-29 07:45:56
5609,中菲行,78.7,27.56,37.2,63.33,0.0,0.08,-0.08,81.04,79.11,77.18,86,98,0.87,110.77,9.91,5.2,6.61,2026-03-27,2026-03-29 07:45:57
5701,劍湖山,3.5,21.63,23.07,34.85,-0.11,-0.09,-0.02,3.97,3.69,3.42,20,88,0.23,5.0,,,,2026-03-27,2026-03-29 07:45:57
5703,亞都,13.55,14.77,23.32,24.0,-0.23,-0.21,-0.02,14.57,14.07,13.57,11,2,4.23,9.52,25.57,,,2026-03-27,2026-03-29 07:45:58
5704,老爺知,21.95,67.66,55.86,54.55,-0.32,-0.44,0.12,22.2,21.9,21.6,6,10,0.58,12.92,60.97,,,2026-03-27,2026-03-29 07:45:59
5706,鳳凰,51.7,58.93,63.08,70.83,0.45,0.34,0.11,53.99,50.51,47.02,101,177,0.57,43.9,15.3,2.75,5.32,2026-03-27,2026-03-29 07:46:00
5859,遠壽,15.9,77.04,71.88,73.68,0.03,0.01,0.02,16.07,15.78,15.49,68,106,0.64,230.59,4.98,0.37,2.33,2026-03-27,2026-03-29 07:46:01
5863,瑞興銀,11.2,34.08,43.14,46.88,-0.1,-0.05,-0.05,12.01,11.52,11.03,156,117,1.34,35.86,13.49,0.4,3.57,2026-03-27,2026-03-29 07:46:01
5864,致和證,24.6,42.38,50.93,58.06,0.56,0.73,-0.18,26.5,24.74,22.97,2633,2304,1.14,111.81,9.65,0.4,1.63,2026-03-27,2026-03-29 07:46:02
5871,中租-KY,113.0,84.33,77.13,76.47,1.19,0.3,0.89,111.04,104.28,97.51,15789,7570,2.09,1933.91,10.05,6.1,5.4,2026-03-27,2026-03-29 07:46:03
5876,上海商銀,39.5,80.38,75.39,55.56,-0.07,-0.14,0.07,39.89,39.18,38.48,4704,5032,0.93,1915.84,12.91,1.8,4.56,2026-03-27,2026-03-29 07:46:04
5878,台名,41.35,15.03,27.1,46.15,-0.02,0.03,-0.04,42.07,41.59,41.11,4,6,0.62,10.35,14.46,2.3,5.56,2026-03-27,2026-03-29 07:46:04
5880,合庫金,23.4,66.55,51.99,58.0,-0.14,-0.2,0.06,23.92,23.24,22.55,11197,15777,0.71,3669.34,17.21,0.7,2.99,2026-03-27,2026-03-29 07:46:05
5906,台南-KY,47.95,55.27,39.52,43.5,-1.04,-0.96,-0.09,53.19,49.14,45.09,0,2,0.0,17.14,48.93,0.8,1.67,2026-03-27,2026-03-29 07:46:06
5907,大洋-KY,5.88,42.05,43.9,61.8,0.01,0.01,-0.0,6.06,5.87,5.69,256,214,1.2,11.28,,,,2026-03-27,2026-03-29 07:46:07
6005,群益證,28.5,40.5,32.1,53.03,-0.22,-0.16,-0.06,30.75,28.58,26.41,4631,5958,0.78,618.71,10.8,1.5,5.26,2026-03-27,2026-03-29 07:46:07
6015,宏遠證,13.6,45.43,51.34,60.26,0.1,0.13,-0.03,14.4,13.61,12.81,1173,1139,1.03,53.26,19.15,0.55,4.04,2026-03-27,2026-03-29 07:46:08
6016,康和證,17.15,34.29,44.66,61.11,0.26,0.35,-0.09,18.18,17.16,16.15,2602,3811,0.68,117.75,8.66,0.23,1.34,2026-03-27,2026-03-29 07:46:09
6020,大展證,19.45,63.97,57.42,67.12,0.08,0.04,0.04,19.44,19.01,18.57,10,20,0.49,49.08,49.87,0.27,1.39,2026-03-27,2026-03-29 07:46:10
6021,美好證,30.45,19.83,27.09,48.23,-0.1,0.19,-0.28,34.05,31.81,29.58,196,123,1.59,95.16,8.23,2.0,6.57,2026-03-27,2026-03-29 07:46:11
6023,元大期,96.1,41.12,32.84,62.2,0.01,-0.08,0.09,96.2,94.51,92.82,482,386,1.25,307.5,11.37,4.8,4.99,2026-03-27,2026-03-29 07:46:12
6024,群益期,54.8,36.94,41.88,65.15,0.69,0.78,-0.08,57.01,54.23,51.44,282,306,0.92,136.97,10.02,2.83,5.16,2026-03-27,2026-03-29 07:46:12
6026,福邦證,14.65,45.9,56.15,69.44,0.16,0.13,0.03,15.47,14.36,13.25,855,1358,0.63,58.04,8.52,1.1,7.51,2026-03-27,2026-03-29 07:46:13
6027,德信,10.25,66.61,60.34,58.09,0.14,0.09,0.05,10.35,9.8,9.24,29,46,0.62,15.96,9.86,,,2026-03-27,2026-03-29 07:46:14
6028,公勝保經,97.9,40.89,38.66,30.77,-1.43,-0.45,-0.98,120.7,109.28,97.85,24,23,1.08,24.48,12.52,6.0,6.13,2026-03-27,2026-03-29 07:46:15
6035,悠遊卡,55.8,71.12,72.27,63.33,0.01,-0.39,0.41,55.51,53.45,51.39,54,37,1.44,39.59,13.51,2.95,5.29,2026-03-27,2026-03-29 07:46:16
6101,寬魚國際,38.2,51.94,53.97,61.54,0.05,-0.08,0.12,38.86,37.6,36.34,66,70,0.93,43.78,,,,2026-03-27,2026-03-29 07:46:18
6103,合邦,48.8,43.89,53.9,75.98,3.4,3.0,0.4,55.59,42.57,29.55,3,8,0.34,6.64,,0.19,0.39,2026-03-27,2026-03-29 07:46:18
6104,創惟,93.6,46.85,53.6,58.82,-0.78,-0.85,0.07,99.94,94.8,89.66,601,758,0.79,85.29,17.27,4.5,4.81,2026-03-27,2026-03-29 07:46:19
6108,競國,16.45,41.58,50.78,56.25,0.4,0.41,-0.01,17.23,16.09,14.95,206,247,0.83,25.41,5.54,1.0,6.08,2026-03-27,2026-03-29 07:46:20
6109,亞元,11.75,24.87,39.25,40.0,-0.06,-0.01,-0.05,12.51,12.14,11.78,187,188,0.99,8.25,,,,2026-03-27,2026-03-29 07:46:21
6111,光聚晶電,42.75,30.09,37.82,59.6,-0.51,-0.53,0.02,44.85,43.17,41.5,199,173,1.15,41.16,,,,2026-03-27,2026-03-29 07:46:22
6112,邁達特,44.75,16.52,29.02,51.35,-0.16,0.15,-0.31,49.71,46.3,42.89,363,500,0.73,84.29,24.72,0.6,1.34,2026-03-27,2026-03-29 07:46:22
6113,亞矽,19.85,15.2,18.93,46.43,-0.42,-0.3,-0.12,22.18,20.82,19.46,72,107,0.67,10.43,,0.5,2.52,2026-03-27,2026-03-29 07:46:23
6114,久威,30.5,41.31,40.17,62.35,-0.22,-0.3,0.08,31.43,30.38,29.32,13,19,0.67,13.39,9.62,0.5,1.64,2026-03-27,2026-03-29 07:46:24
6115,鎰勝,47.05,60.41,57.67,66.67,-0.03,-0.07,0.04,47.7,46.87,46.04,46,83,0.55,88.29,16.57,3.2,6.8,2026-03-27,2026-03-29 07:46:25
6116,彩晶,8.2,10.6,15.78,45.34,-0.12,-0.05,-0.06,9.4,8.69,7.99,16355,14761,1.11,234.41,30.37,,,2026-03-27,2026-03-29 07:46:25
6117,迎廣,73.0,45.61,50.75,66.96,-0.72,-1.13,0.41,76.24,71.53,66.81,202,265,0.76,67.56,20.11,2.17,2.97,2026-03-27,2026-03-29 07:46:26
6118,建達,18.05,24.41,28.41,56.96,-0.22,-0.24,0.02,19.02,18.17,17.33,151,233,0.65,16.41,45.12,,,2026-03-27,2026-03-29 07:46:27
6120,達運,12.9,26.65,38.46,52.08,0.01,0.04,-0.04,13.92,13.12,12.32,2810,2679,1.05,77.27,,0.28,2.17,2026-03-27,2026-03-29 07:46:28
6121,新普,342.0,38.04,55.94,69.23,1.8,1.12,0.68,368.15,339.23,310.3,263,349,0.75,632.6,11.6,30.0,8.77,2026-03-27,2026-03-29 07:46:29
6122,擎邦,51.0,31.19,31.24,51.4,-0.42,-0.37,-0.06,53.45,51.52,49.59,193,261,0.74,39.03,10.81,3.27,6.41,2026-03-27,2026-03-29 07:46:29
6123,上奇,43.05,23.78,35.85,60.67,-0.29,-0.39,0.1,44.07,42.98,41.89,33,33,0.99,26.04,15.83,5.05,11.73,2026-03-27,2026-03-29 07:46:30
6124,業強,30.75,6.13,12.6,41.54,0.12,0.76,-0.63,38.06,33.85,29.64,50,66,0.75,56.11,,,,2026-03-27,2026-03-29 07:46:31
6125,廣運,56.7,13.92,24.67,49.31,-1.89,-1.79,-0.1,64.35,59.87,55.39,719,918,0.78,146.86,405.0,0.7,1.23,2026-03-27,2026-03-29 07:46:32
6126,信音,30.6,16.69,27.13,52.91,-1.21,-1.04,-0.17,35.34,32.42,29.49,596,632,0.94,38.74,43.71,0.76,2.48,2026-03-27,2026-03-29 07:46:33
6127,九豪,41.8,49.5,57.43,64.18,1.52,1.22,0.3,46.23,38.96,31.69,6891,13989,0.49,45.18,88.94,0.4,0.96,2026-03-27,2026-03-29 07:46:34
6128,上福,21.65,12.71,9.92,24.29,-0.68,-0.48,-0.2,25.43,22.99,20.55,66,95,0.69,27.62,,0.5,2.31,2026-03-27,2026-03-29 07:46:34
6129,普誠,15.55,33.63,42.71,59.86,0.12,0.13,-0.0,17.19,15.37,13.55,431,453,0.95,28.14,,,,2026-03-27,2026-03-29 07:46:35
6130,上亞科技,28.0,15.11,15.64,19.61,-2.81,-2.7,-0.11,39.36,32.34,25.31,95,68,1.39,12.4,,,,2026-03-27,2026-03-29 07:46:36
6133,金橋,22.95,13.38,17.37,44.81,-0.21,0.07,-0.28,27.34,24.55,21.75,1277,1514,0.84,26.85,41.73,0.3,1.31,2026-03-27,2026-03-29 07:46:37
6134,萬旭,29.55,21.49,27.22,51.56,-0.34,-0.09,-0.26,33.88,31.02,28.17,391,562,0.69,24.2,246.25,0.2,0.68,2026-03-27,2026-03-29 07:46:38
6136,富爾特,24.35,69.86,66.77,71.11,0.08,0.02,0.06,24.48,23.94,23.4,143,191,0.75,28.13,27.36,1.15,4.72,2026-03-27,2026-03-29 07:46:38
6138,茂達,219.5,19.14,30.84,51.94,-2.84,-2.29,-0.56,236.93,225.35,213.77,246,241,1.02,162.47,17.22,8.6,3.92,2026-03-27,2026-03-29 07:46:39
6139,亞翔,574.0,53.44,70.57,64.45,14.59,8.99,5.6,645.28,561.1,476.92,5071,7867,0.64,1350.79,18.87,13.89,2.42,2026-03-27,2026-03-29 07:46:40
6140,訊達,19.85,27.36,28.92,45.45,-0.91,-0.83,-0.08,23.35,21.27,19.2,84,116,0.73,10.9,,,,2026-03-27,2026-03-29 07:46:41
6141,柏承,22.1,38.33,54.8,61.57,2.57,2.81,-0.24,28.35,20.46,12.58,757,1481,0.51,25.05,8.67,,,2026-03-27,2026-03-29 07:46:41
6142,友勁,9.88,39.06,46.63,59.11,0.07,0.06,0.02,10.34,9.83,9.31,443,608,0.73,32.68,,,,2026-03-27,2026-03-29 07:46:42
6143,振曜,97.8,29.62,36.26,53.62,-2.0,-2.11,0.11,106.93,100.75,94.57,564,679,0.83,84.17,15.21,6.0,6.13,2026-03-27,2026-03-29 07:46:43
6144,得利影,16.45,54.6,54.14,35.48,-0.4,-0.45,0.04,17.37,16.8,16.22,20,13,1.48,6.3,,,,2026-03-27,2026-03-29 07:46:44
6146,耕興,195.0,34.78,43.54,51.72,3.54,4.99,-1.45,205.73,197.47,189.22,143,322,0.44,198.64,18.17,10.1,5.18,2026-03-27,2026-03-29 07:46:46
6147,頎邦,76.8,83.92,78.3,76.96,4.95,3.28,1.66,79.18,61.6,44.01,45523,32018,1.42,571.85,20.87,3.75,4.88,2026-03-27,2026-03-29 07:46:47
6148,驊宏資,35.8,27.71,41.4,62.63,0.32,0.18,0.14,40.59,35.13,29.68,191,425,0.45,16.68,26.32,1.23,3.44,2026-03-27,2026-03-29 07:46:47
6150,撼訊,57.1,23.88,37.27,60.58,-0.6,-0.63,0.03,62.72,57.7,52.68,112,233,0.48,27.61,22.22,,,2026-03-27,2026-03-29 07:46:48
6151,晉倫,31.0,80.3,73.51,81.53,0.41,0.15,0.26,30.8,28.79,26.78,273,232,1.18,17.13,26.72,1.5,4.84,2026-03-27,2026-03-29 07:46:49
6152,百一,18.0,25.18,32.66,48.5,0.66,1.01,-0.35,21.14,19.2,17.26,5635,5625,1.0,30.19,,,,2026-03-27,2026-03-29 07:46:50
6153,嘉聯益,17.2,52.05,54.53,72.73,0.22,0.2,0.02,17.95,16.32,14.7,5130,4435,1.16,109.42,4.64,,,2026-03-27,2026-03-29 07:46:51
6154,順發,13.55,61.62,62.03,54.17,-0.01,-0.01,0.0,13.71,13.54,13.37,7,24,0.29,10.85,26.57,0.6,4.43,2026-03-27,2026-03-29 07:46:51
6155,鈞寶,45.1,24.53,31.5,54.95,-1.26,-1.15,-0.11,51.56,46.09,40.61,1042,731,1.42,39.7,61.78,1.0,2.22,2026-03-27,2026-03-29 07:46:52
6156,松上,19.45,28.85,30.32,51.52,-0.45,-0.46,0.01,21.26,19.98,18.71,311,257,1.21,20.98,44.2,1.0,5.14,2026-03-27,2026-03-29 07:46:54
6158,禾昌,18.0,22.52,21.01,10.26,-0.69,-0.66,-0.03,20.74,18.97,17.2,35,63,0.55,9.88,163.64,1.01,5.61,2026-03-27,2026-03-29 07:46:56
6160,欣技,16.15,23.18,35.48,52.24,-0.2,-0.2,0.01,17.04,16.32,15.6,42,61,0.69,11.06,,,,2026-03-27,2026-03-29 07:46:57
6161,捷波,40.95,23.39,30.52,53.54,-0.58,-0.56,-0.02,43.34,41.76,40.17,92,85,1.07,23.03,15.17,3.0,7.33,2026-03-27,2026-03-29 07:46:57
6163,華電網,62.3,73.68,75.84,66.59,2.11,0.69,1.41,67.25,55.84,44.44,8004,17614,0.45,88.48,87.75,0.45,0.72,2026-03-27,2026-03-29 07:46:58
6164,華興,12.4,36.22,47.91,65.75,0.1,0.09,0.02,13.61,12.27,10.93,396,689,0.58,9.92,177.14,0.5,4.03,2026-03-27,2026-03-29 07:46:59
6165,浪凡,46.9,37.96,54.75,75.57,1.07,0.89,0.18,50.98,45.19,39.4,267,393,0.68,34.51,13.06,0.59,1.26,2026-03-27,2026-03-29 07:47:00
6166,凌華,60.8,33.25,34.55,54.05,-0.58,-0.56,-0.02,63.68,61.02,58.36,365,366,1.0,132.38,25.98,0.93,1.53,2026-03-27,2026-03-29 07:47:02
6167,久正,13.95,28.31,44.25,64.91,0.59,0.6,-0.0,16.6,13.41,10.21,274,583,0.47,18.34,,1.33,9.53,2026-03-27,2026-03-29 07:47:03
6169,昱泉,16.85,27.15,25.67,58.97,-0.3,-0.36,0.06,17.33,16.92,16.5,6,24,0.25,3.94,,,,2026-03-27,2026-03-29 07:47:06
6170,統振,51.8,42.29,57.99,77.01,0.79,0.63,0.16,53.91,50.11,46.31,336,335,1.0,50.38,11.69,3.11,6.0,2026-03-27,2026-03-29 07:47:07
6171,大城地產,27.3,32.54,40.84,56.16,-0.1,-0.12,0.02,27.92,27.42,26.92,7,14,0.49,27.3,7.15,2.5,9.16,2026-03-27,2026-03-29 07:47:08
6173,信昌電,61.7,25.28,30.5,56.99,-1.56,-1.39,-0.17,69.71,63.67,57.64,920,1249,0.74,105.63,18.98,1.41,2.29,2026-03-27,2026-03-29 07:47:09
6174,安碁,23.2,62.01,51.5,79.66,0.02,-0.12,0.15,22.98,21.8,20.61,615,199,3.09,11.6,35.15,0.4,1.72,2026-03-27,2026-03-29 07:47:09
6175,立敦,45.35,18.85,30.96,59.2,-0.59,-0.52,-0.07,51.46,46.03,40.6,429,580,0.74,68.08,16.99,1.75,3.86,2026-03-27,2026-03-29 07:47:10
6176,瑞儀,91.7,10.71,9.65,25.17,-6.79,-6.97,0.19,106.43,96.82,87.21,2171,2897,0.75,422.04,9.86,10.61,11.57,2026-03-27,2026-03-29 07:47:11
6177,達麗,48.4,52.82,56.07,71.91,-0.02,-0.33,0.31,49.16,46.91,44.65,552,563,0.98,228.39,12.74,3.5,7.23,2026-03-27,2026-03-29 07:47:12
6179,亞通,25.6,22.16,36.23,52.97,-0.24,-0.21,-0.03,28.76,26.5,24.24,1462,2384,0.61,45.4,16.0,0.48,1.88,2026-03-27,2026-03-29 07:47:13
6180,橘子,43.6,36.93,32.42,26.86,-2.04,-1.98,-0.05,52.82,46.22,39.62,151,398,0.38,76.52,,6.0,13.76,2026-03-27,2026-03-29 07:47:13
6182,合晶,34.9,42.23,49.15,59.67,0.07,-0.09,0.16,37.35,34.13,30.9,6545,7457,0.88,200.2,387.78,,,2026-03-27,2026-03-29 07:47:14
6183,關貿,92.3,44.9,42.72,26.87,-0.68,-0.6,-0.08,96.09,93.67,91.26,2,21,0.09,138.45,23.73,3.2,3.47,2026-03-27,2026-03-29 07:47:15
6184,大豐電,47.8,71.39,69.48,60.42,-0.06,-0.07,0.01,48.27,47.85,47.44,30,51,0.59,72.76,20.96,3.19,6.67,2026-03-27,2026-03-29 07:47:16
6185,幃翔,13.95,23.37,34.98,58.06,-0.18,-0.17,-0.0,14.68,14.14,13.61,68,151,0.45,20.91,63.41,0.39,2.8,2026-03-27,2026-03-29 07:47:17
6186,新潤,40.6,14.77,25.64,48.39,-1.33,-1.47,0.13,43.33,41.73,40.12,363,302,1.2,79.13,5.23,1.52,3.74,2026-03-27,2026-03-29 07:47:17
6187,萬潤,968.0,89.06,88.07,88.27,124.28,98.79,25.49,996.44,705.45,414.46,5468,9856,0.55,932.06,62.9,10.19,1.05,2026-03-27,2026-03-29 07:47:18
6188,廣明,91.1,16.25,29.74,55.34,-1.84,-1.9,0.07,98.66,93.5,88.34,630,878,0.72,253.59,25.31,5.2,5.71,2026-03-27,2026-03-29 07:47:19
6189,豐藝,46.8,67.33,73.82,75.0,0.33,0.1,0.23,48.76,45.35,41.95,391,536,0.73,123.45,17.27,4.0,8.55,2026-03-27,2026-03-29 07:47:20
6190,萬泰科,55.0,59.96,63.43,71.32,1.33,0.99,0.33,57.25,51.16,45.08,6501,9174,0.71,99.87,25.23,1.9,3.45,2026-03-27,2026-03-29 07:47:21
6191,精成科,95.8,33.14,35.39,58.28,-3.34,-3.38,0.04,106.36,97.39,88.41,3585,3026,1.18,478.33,14.65,3.01,3.14,2026-03-27,2026-03-29 07:47:22
6192,巨路,119.5,38.46,34.53,51.67,-0.78,-0.4,-0.38,129.66,121.25,112.84,95,123,0.77,114.91,12.02,5.8,4.85,2026-03-27,2026-03-29 07:47:22
6194,育富,32.95,74.44,68.05,69.79,-0.04,-0.28,0.24,33.26,31.99,30.72,74,746,0.1,15.82,15.05,2.1,6.37,2026-03-27,2026-03-29 07:47:23
6195,詩肯,24.65,34.7,30.5,40.0,-0.15,-0.12,-0.03,25.64,25.03,24.43,12,21,0.57,12.37,25.15,1.5,6.09,2026-03-27,2026-03-29 07:47:24
6196,帆宣,293.0,60.7,61.13,62.74,2.27,0.71,1.56,301.66,282.5,263.34,1395,2901,0.48,640.48,20.0,5.9,2.01,2026-03-27,2026-03-29 07:47:25
6197,佳必琪,171.5,29.33,47.1,65.48,7.22,8.49,-1.26,203.6,169.22,134.85,1929,3371,0.57,209.38,20.66,7.0,4.08,2026-03-27,2026-03-29 07:47:25
6198,瑞築,22.0,68.05,57.03,62.71,-0.82,-0.97,0.15,23.84,22.19,20.53,23,10,2.13,37.71,,,,2026-03-27,2026-03-29 07:47:26
6199,天品,109.0,80.07,74.48,73.9,1.88,0.41,1.47,110.04,99.57,89.1,208,258,0.8,67.32,351.61,,,2026-03-27,2026-03-29 07:47:27
6201,亞弘電,50.5,28.99,26.9,38.98,-0.9,-0.86,-0.04,53.85,51.8,49.76,16,35,0.45,45.05,13.69,4.0,7.92,2026-03-27,2026-03-29 07:47:28
6202,盛群,50.4,18.3,24.97,41.2,-0.09,0.97,-1.06,61.49,54.81,48.14,1965,1960,1.0,116.12,66.32,,,2026-03-27,2026-03-29 07:47:29
6203,海韻電,66.9,67.05,63.45,70.87,-0.07,-0.25,0.18,68.8,65.62,62.44,126,102,1.23,55.13,12.19,3.5,5.23,2026-03-27,2026-03-29 07:47:29
6204,艾華,60.9,26.92,28.86,47.46,-2.94,-3.15,0.21,68.19,63.3,58.41,33,49,0.67,14.07,51.61,0.3,0.49,2026-03-27,2026-03-29 07:47:30
6205,詮欣,56.3,42.39,56.56,60.0,1.52,1.35,0.16,62.01,55.42,48.84,945,2611,0.36,45.45,30.43,1.63,2.9,2026-03-27,2026-03-29 07:47:31
6206,飛捷,101.5,32.78,39.14,67.54,2.02,2.23,-0.21,108.85,99.21,89.57,270,431,0.63,145.21,14.82,6.0,5.91,2026-03-27,2026-03-29 07:47:32
6207,雷科,51.9,44.55,45.73,47.24,0.01,-0.03,0.04,58.77,53.82,48.87,846,4350,0.19,41.35,57.67,1.5,2.89,2026-03-27,2026-03-29 07:47:32
6208,日揚,47.55,47.96,59.36,64.96,0.72,0.71,0.01,49.19,46.9,44.61,55,67,0.81,44.92,19.02,2.0,4.21,2026-03-27,2026-03-29 07:47:33
6209,今國光,51.0,22.4,33.42,47.66,-1.88,-1.8,-0.08,61.12,54.65,48.18,3026,2513,1.2,89.35,56.67,0.5,0.98,2026-03-27,2026-03-29 07:47:34
6210,慶生,19.8,61.35,55.8,40.54,-0.19,-0.17,-0.02,20.61,20.09,19.58,14,51,0.27,6.94,,,,2026-03-27,2026-03-29 07:47:35
6212,理銘,28.9,34.38,37.8,19.75,-1.89,-2.0,0.11,36.3,31.46,26.61,53,12,4.25,29.48,7.3,3.5,12.11,2026-03-27,2026-03-29 07:47:36
6213,聯茂,158.0,62.47,55.17,73.12,6.6,5.89,0.71,159.6,137.18,114.75,25162,13517,1.86,574.2,37.98,1.8,1.14,2026-03-27,2026-03-29 07:47:36
6214,精誠,108.5,25.73,37.81,50.0,-1.08,-0.97,-0.12,114.62,110.97,107.33,342,501,0.68,272.15,13.75,5.2,4.79,2026-03-27,2026-03-29 07:47:37
6215,和椿,101.0,21.74,31.71,53.43,-2.41,-1.67,-0.74,117.33,106.81,96.29,784,699,1.12,83.62,49.03,1.5,1.49,2026-03-27,2026-03-29 07:47:38
6216,居易,25.5,36.63,35.82,51.56,-0.41,-0.43,0.01,26.77,25.83,24.9,86,121,0.71,24.73,43.22,2.53,9.92,2026-03-27,2026-03-29 07:47:38
6217,中探針,184.0,67.63,71.39,76.94,26.49,24.27,2.22,206.45,138.3,70.14,1721,3395,0.51,209.79,46.23,,,2026-03-27,2026-03-29 07:47:39
6218,豪勉,26.1,66.27,60.33,66.46,0.5,0.19,0.31,26.39,24.15,21.91,374,1188,0.31,16.77,,,,2026-03-27,2026-03-29 07:47:40
6219,富旺,14.85,60.95,43.81,50.96,-0.42,-0.5,0.08,16.23,15.05,13.87,345,263,1.31,18.56,2.88,0.67,4.51,2026-03-27,2026-03-29 07:47:41
6220,岳豐,31.6,9.25,10.41,21.23,-0.38,0.79,-1.17,46.53,37.08,27.64,259,616,0.42,46.28,39.01,0.7,2.22,2026-03-27,2026-03-29 07:47:43
6221,晉泰,26.0,9.39,13.54,38.58,-0.79,-0.73,-0.07,29.26,27.41,25.57,111,131,0.85,43.83,11.11,,,2026-03-27,2026-03-29 07:47:44
6222,立軒,20.65,41.45,48.29,69.62,0.45,0.36,0.09,21.25,19.88,18.51,24,44,0.55,14.58,,,,2026-03-27,2026-03-29 07:47:44
6223,旺矽,3665.0,51.78,64.52,76.62,265.6,264.49,1.11,4185.29,3357.0,2528.71,1047,1309,0.8,3479.23,109.9,16.01,0.44,2026-03-27,2026-03-29 07:47:45
6224,聚鼎,40.9,44.84,35.3,48.7,-0.45,-0.44,-0.01,43.21,41.14,39.07,96,152,0.63,34.62,61.97,1.25,3.06,2026-03-27,2026-03-29 07:47:46
6225,天瀚,20.5,8.04,20.12,47.17,0.58,0.97,-0.39,24.76,21.75,18.74,41,22,1.88,5.7,,,,2026-03-27,2026-03-29 07:47:48
6226,光鼎,12.15,42.45,62.8,70.93,1.15,1.05,0.1,15.62,10.99,6.36,1141,1743,0.65,14.04,,,,2026-03-27,2026-03-29 07:47:48
6227,茂綸,86.5,69.61,69.45,66.14,0.6,0.12,0.48,88.67,84.05,79.42,102,240,0.42,65.84,11.66,3.8,4.39,2026-03-27,2026-03-29 07:47:49
6228,全譜,24.3,62.33,61.84,56.73,-0.19,-0.27,0.08,25.1,24.21,23.31,2,4,0.5,6.32,,,,2026-03-27,2026-03-29 07:47:50
6229,研通,21.3,30.62,22.98,30.0,-0.39,-0.37,-0.02,23.11,21.83,20.54,70,48,1.45,8.6,426.0,1.0,4.69,2026-03-27,2026-03-29 07:47:51
6230,尼得科超眾,152.5,16.07,23.4,35.34,4.48,8.52,-4.04,186.15,168.15,150.15,115,248,0.46,131.67,23.83,0.22,0.14,2026-03-27,2026-03-29 07:47:52
6231,系微,274.0,83.07,85.58,84.08,20.68,13.57,7.11,299.64,226.97,154.31,1957,3169,0.62,125.09,41.52,6.5,2.37,2026-03-27,2026-03-29 07:47:52
6233,旺玖,26.6,19.42,33.7,55.26,0.56,0.79,-0.23,29.7,27.18,24.65,286,384,0.74,21.02,,0.36,1.35,2026-03-27,2026-03-29 07:47:53
6234,高僑,28.4,50.1,66.64,72.15,0.51,0.35,0.16,30.32,27.45,24.59,395,1665,0.24,28.51,568.0,0.45,1.58,2026-03-27,2026-03-29 07:47:54
6235,華孚,47.1,25.26,30.72,53.29,-2.24,-2.4,0.16,52.91,48.67,44.44,303,335,0.9,94.16,16.3,1.2,2.55,2026-03-27,2026-03-29 07:47:56
6236,中湛,21.6,0.49,0.5,,-0.7,-0.84,0.15,21.6,21.6,21.6,0,0,,9.0,270.0,,,2026-03-27,2026-03-29 07:47:57
6237,驊訊,37.0,32.54,40.04,61.34,-0.47,-0.5,0.03,39.44,37.59,35.74,170,169,1.0,29.47,,0.25,0.68,2026-03-27,2026-03-29 07:47:58
6239,力成,195.0,31.3,29.17,45.28,-9.82,-8.84,-0.98,239.52,209.7,179.88,6034,7197,0.84,1440.65,26.17,7.0,3.59,2026-03-27,2026-03-29 07:47:59
6240,松崗,18.7,39.87,55.82,68.75,0.05,-0.01,0.05,19.45,18.52,17.59,53,312,0.17,4.28,,,,2026-03-27,2026-03-29 07:48:01
6241,易通展,11.85,33.84,47.03,67.5,-0.11,-0.13,0.02,12.57,11.87,11.17,24,46,0.52,5.77,,,,2026-03-27,2026-03-29 07:48:02
6242,立康,37.3,62.17,68.44,44.19,-0.26,-0.29,0.02,38.14,37.6,37.06,9,7,1.19,11.86,14.24,2.0,5.36,2026-03-27,2026-03-29 07:48:03
6243,迅杰,29.75,10.27,12.21,38.71,-1.13,-0.95,-0.17,35.22,32.04,28.87,103,109,0.94,13.47,,1.2,4.03,2026-03-27,2026-03-29 07:48:04
6244,茂迪,27.95,19.34,27.74,40.57,0.31,1.1,-0.79,36.09,31.7,27.31,9297,11560,0.8,108.18,199.64,0.36,1.29,2026-03-27,2026-03-29 07:48:05
6245,立端,68.6,52.07,60.76,75.35,0.73,0.2,0.53,70.19,65.06,59.92,640,1399,0.46,100.57,15.88,4.0,5.83,2026-03-27,2026-03-29 07:48:06
6246,臺龍,16.4,42.88,49.58,74.31,0.76,0.71,0.05,18.21,15.13,12.05,50,47,1.06,6.21,14.39,,,2026-03-27,2026-03-29 07:48:06
6248,沛波,20.5,52.42,44.8,56.52,-0.2,-0.23,0.03,20.98,20.32,19.67,39,92,0.42,19.98,13.49,1.8,8.78,2026-03-27,2026-03-29 07:48:07
6257,矽格,146.0,68.16,58.34,75.0,2.89,1.61,1.28,145.58,132.3,119.02,15545,11983,1.3,699.02,24.05,4.04,2.77,2026-03-27,2026-03-29 07:48:08
6259,百徽,17.75,46.75,42.1,63.16,0.0,-0.01,0.01,18.31,17.55,16.8,42,25,1.63,4.84,25.72,0.1,0.56,2026-03-27,2026-03-29 07:48:10
6261,久元,74.3,75.97,59.71,60.61,-0.02,-0.7,0.67,76.39,69.92,63.45,903,869,1.04,95.47,17.69,4.0,5.38,2026-03-27,2026-03-29 07:48:12
6263,普萊德,125.5,60.95,59.16,72.0,0.19,-0.11,0.3,126.44,123.78,121.11,38,55,0.69,78.44,15.18,7.9,6.29,2026-03-27,2026-03-29 07:48:13
6264,富裔,6.33,39.11,36.06,37.41,-0.17,-0.14,-0.02,7.05,6.61,6.17,19,70,0.27,8.63,,,,2026-03-27,2026-03-29 07:48:14
6265,方土昶,38.5,21.92,38.85,58.22,0.48,0.79,-0.32,48.85,40.02,31.19,4558,7842,0.58,45.5,56.62,,,2026-03-27,2026-03-29 07:48:14
6266,泰詠,28.85,40.23,44.02,64.58,-0.06,-0.09,0.04,29.24,28.68,28.13,107,150,0.71,44.39,14.5,1.79,6.2,2026-03-27,2026-03-29 07:48:15
6269,台郡,63.5,70.39,66.24,71.67,0.64,-0.09,0.73,64.48,58.27,52.07,3135,3806,0.82,203.56,38.13,,,2026-03-27,2026-03-29 07:48:16
6270,倍微,25.9,56.75,63.24,67.4,0.39,0.09,0.3,27.28,24.42,21.55,677,2140,0.32,18.69,24.21,1.0,3.86,2026-03-27,2026-03-29 07:48:17
6271,同欣電,152.0,34.61,35.12,58.42,-0.53,0.63,-1.17,168.21,153.8,139.39,4135,3021,1.37,317.77,19.95,3.0,1.97,2026-03-27,2026-03-29 07:48:17
6272,驊陞,32.65,16.62,17.11,38.76,-1.98,-1.92,-0.06,39.14,35.32,31.51,218,322,0.68,26.83,9.57,0.8,2.45,2026-03-27,2026-03-29 07:48:18
6274,台燿,626.0,83.75,75.83,75.6,22.54,11.02,11.52,621.09,525.3,429.51,13078,15379,0.85,1807.26,52.08,7.51,1.2,2026-03-27,2026-03-29 07:48:19
6275,元山,48.45,26.5,34.84,52.31,-0.86,-0.8,-0.06,52.04,49.65,47.26,168,215,0.78,38.74,17.55,2.26,4.66,2026-03-27,2026-03-29 07:48:20
6276,安鈦克,33.75,39.38,42.1,59.57,-0.46,-0.75,0.29,37.01,33.07,29.13,45,96,0.47,7.44,37.09,,,2026-03-27,2026-03-29 07:48:21
6277,宏正,71.9,74.05,60.19,89.14,1.21,0.17,1.04,66.53,60.28,54.02,2072,628,3.3,85.9,23.65,4.8,6.68,2026-03-27,2026-03-29 07:48:21
6278,台表科,96.1,26.38,36.46,54.4,-0.19,0.33,-0.52,102.7,98.57,94.44,1403,1158,1.21,277.85,10.31,5.5,5.72,2026-03-27,2026-03-29 07:48:22
6279,胡連,112.5,26.43,38.71,60.0,-0.7,-0.86,0.16,119.01,113.62,108.24,260,394,0.66,133.89,11.01,6.0,5.33,2026-03-27,2026-03-29 07:48:23
6281,全國電,57.5,63.57,71.09,65.37,0.01,-0.12,0.14,58.14,57.12,56.11,143,155,0.92,57.02,15.67,3.3,5.74,2026-03-27,2026-03-29 07:48:23
6282,康舒,48.9,38.43,39.35,61.55,-0.23,-0.43,0.21,52.63,47.56,42.48,17155,18375,0.93,419.8,326.0,0.5,1.02,2026-03-27,2026-03-29 07:48:24
6283,淳安,20.85,44.51,39.24,57.3,-0.52,-0.6,0.08,22.02,20.91,19.79,136,159,0.85,30.62,57.92,,,2026-03-27,2026-03-29 07:48:25
6284,佳邦,83.7,78.46,74.88,75.7,0.16,-0.61,0.77,88.3,79.84,71.38,959,1036,0.93,123.18,19.98,2.7,3.23,2026-03-27,2026-03-29 07:48:26
6285,啟碁,188.5,65.45,58.97,74.5,4.11,3.76,0.35,188.16,170.15,152.14,46214,25988,1.78,911.71,30.02,4.8,2.55,2026-03-27,2026-03-29 07:48:28
6290,良維,214.0,33.34,38.9,49.1,5.63,8.29,-2.66,238.57,219.4,200.23,2940,4975,0.59,360.55,25.72,5.0,2.34,2026-03-27,2026-03-29 07:48:29
6291,沛亨,348.5,59.61,65.39,71.83,29.27,28.36,0.9,393.74,316.02,238.31,1325,2025,0.65,181.22,52.88,6.0,1.72,2026-03-27,2026-03-29 07:48:29
6292,迅德,48.05,39.28,43.11,66.59,1.22,1.05,0.17,49.17,43.51,37.85,438,198,2.21,22.39,24.15,4.0,8.32,2026-03-27,2026-03-29 07:48:30
6294,智基,40.45,18.58,22.52,46.67,-0.82,-0.87,0.05,42.34,41.04,39.74,11,15,0.73,10.54,14.66,3.2,7.91,2026-03-27,2026-03-29 07:48:32
6405,悅城,30.65,45.4,39.38,57.47,-0.14,-0.07,-0.07,33.55,31.06,28.56,401,481,0.83,20.17,,0.1,0.33,2026-03-27,2026-03-29 07:48:33
6407,相互,25.85,79.39,78.2,79.21,1.57,0.77,0.8,25.22,19.71,14.19,2655,3077,0.86,19.42,23.94,1.0,3.87,2026-03-27,2026-03-29 07:48:34
6409,旭隼,741.0,27.89,25.4,30.33,-42.53,-41.61,-0.92,890.07,794.4,698.73,384,537,0.71,649.94,18.52,43.0,5.8,2026-03-27,2026-03-29 07:48:34
6411,晶焱,76.5,24.96,27.68,49.57,-1.36,-0.98,-0.38,85.83,79.37,72.91,156,276,0.56,74.77,24.52,3.18,4.16,2026-03-27,2026-03-29 07:48:35
6412,群電,77.1,25.11,16.75,22.0,-3.13,-2.59,-0.54,97.22,82.99,68.77,572,717,0.8,308.99,14.97,3.7,4.8,2026-03-27,2026-03-29 07:48:36
6414,樺漢,264.0,23.65,32.37,48.94,-4.21,-3.85,-0.36,282.5,270.95,259.4,479,476,1.0,363.1,13.14,12.2,4.62,2026-03-27,2026-03-29 07:48:36
6415,矽力*-KY,293.0,62.26,66.02,72.9,8.71,6.36,2.35,305.73,268.23,230.74,4400,6284,0.7,1137.03,46.73,2.55,0.87,2026-03-27,2026-03-29 07:48:37
6416,瑞祺電通,80.2,26.89,36.29,61.29,-0.87,-0.89,0.03,83.89,80.47,77.05,87,126,0.69,58.83,18.69,2.9,3.62,2026-03-27,2026-03-29 07:48:38
6417,韋僑,106.0,69.2,61.9,65.22,-0.58,-0.66,0.08,108.62,105.83,103.03,12,33,0.36,44.81,21.99,2.2,2.08,2026-03-27,2026-03-29 07:48:40
6418,詠昇,31.25,48.85,43.22,56.28,-1.15,-1.42,0.26,33.47,31.25,29.04,93,203,0.46,10.79,42.81,1.1,3.52,2026-03-27,2026-03-29 07:48:41
6419,京晨科,90.7,40.66,42.87,68.65,3.35,2.95,0.4,97.28,80.21,63.15,355,210,1.69,11.94,9.47,2.7,2.98,2026-03-27,2026-03-29 07:48:41
6423,億而得,87.2,34.09,35.81,52.35,0.09,0.44,-0.36,93.86,89.23,84.6,39,99,0.39,26.4,150.34,1.0,1.15,2026-03-27,2026-03-29 07:48:42
6425,易發,67.4,42.7,30.48,56.62,-2.12,-2.34,0.22,73.4,66.66,59.91,624,407,1.53,32.69,,1.0,1.48,2026-03-27,2026-03-29 07:48:43
6426,統新,155.5,37.52,48.15,56.69,5.31,7.16,-1.85,181.7,150.97,120.25,310,464,0.67,59.88,,0.5,0.32,2026-03-27,2026-03-29 07:48:44
6428,淘米,12.8,91.5,88.48,74.36,0.16,0.05,0.11,12.69,11.94,11.18,0,3,0.06,2.26,18.29,,,2026-03-27,2026-03-29 07:48:44
6431,光麗-KY,22.75,44.5,27.91,44.08,-1.24,-1.29,0.05,26.14,23.21,20.27,540,301,1.79,22.16,,,,2026-03-27,2026-03-29 07:48:45
6432,今展科,34.5,26.53,35.08,58.4,0.17,0.34,-0.17,39.05,35.42,31.78,146,156,0.93,11.49,71.88,1.4,4.06,2026-03-27,2026-03-29 07:48:46
6434,達輝光電,7.45,54.89,59.48,67.52,0.56,0.44,0.12,8.28,6.55,4.82,1594,5499,0.29,34.54,,,,2026-03-27,2026-03-29 07:48:47
6435,大中,157.0,37.1,54.25,60.14,6.16,7.34,-1.18,178.2,158.95,139.7,518,987,0.52,58.81,16.9,4.3,2.74,2026-03-27,2026-03-29 07:48:48
6438,迅得,177.5,76.98,75.72,75.89,7.08,4.56,2.52,181.31,157.8,134.29,3681,8478,0.43,145.92,34.0,5.83,3.28,2026-03-27,2026-03-29 07:48:49
6441,廣錠,20.5,56.83,38.87,52.11,-0.45,-0.51,0.06,22.19,20.42,18.65,96,73,1.31,10.93,,,,2026-03-27,2026-03-29 07:48:50
6442,光聖,2115.0,74.03,68.81,66.4,75.29,57.99,17.3,2346.8,1931.0,1515.2,2382,3151,0.76,1647.02,92.6,8.62,0.41,2026-03-27,2026-03-29 07:48:51
6443,元晶,45.0,24.76,28.95,40.97,1.0,2.03,-1.04,53.76,48.52,43.29,31651,54405,0.58,230.76,20.74,,,2026-03-27,2026-03-29 07:48:52
6446,藥華藥,640.0,29.4,22.44,40.29,-9.82,-4.81,-5.02,705.39,659.3,613.21,1146,1287,0.89,2375.43,47.16,0.99,0.15,2026-03-27,2026-03-29 07:48:52
6449,鈺邦,155.5,22.79,30.19,57.89,-3.16,-2.65,-0.51,178.49,161.4,144.31,200,291,0.69,141.35,21.45,3.48,2.24,2026-03-27,2026-03-29 07:48:53
6451,訊芯-KY,365.0,94.1,90.64,96.63,39.53,27.41,12.13,356.71,241.9,127.09,2536,2890,0.88,387.53,1403.85,0.36,0.1,2026-03-27,2026-03-29 07:48:54
6456,GIS-KY,59.0,25.5,36.52,54.72,3.33,4.12,-0.79,67.02,59.83,52.63,4360,6570,0.66,197.1,21.22,,,2026-03-27,2026-03-29 07:48:54
6461,益得,18.7,23.0,17.93,35.9,-0.72,-0.53,-0.19,24.02,20.21,16.4,130,158,0.83,30.64,,,,2026-03-27,2026-03-29 07:48:55
6462,神盾,105.5,56.78,40.68,58.06,-2.74,-3.38,0.63,113.33,103.47,93.6,858,805,1.07,96.27,19.68,,,2026-03-27,2026-03-29 07:48:56
6464,台數科,76.3,49.21,52.9,44.44,-0.23,-0.18,-0.05,79.29,76.83,74.37,2,19,0.1,98.26,18.21,3.22,4.22,2026-03-27,2026-03-29 07:48:57
6465,威潤,45.2,76.89,73.96,69.13,2.88,1.83,1.05,49.21,38.09,26.97,240,447,0.54,19.3,52.56,,,2026-03-27,2026-03-29 07:48:57
6467,泰合,135.5,46.38,47.36,66.18,1.65,1.68,-0.03,143.04,134.35,125.66,198,240,0.83,70.96,,,,2026-03-27,2026-03-29 07:48:58
6469,大樹,82.6,32.32,27.77,57.81,-2.31,-2.56,0.25,88.92,83.2,77.48,373,282,1.32,123.65,21.23,2.92,3.54,2026-03-27,2026-03-29 07:48:59
6470,宇智,48.25,6.03,8.38,12.93,-0.71,-0.12,-0.59,55.47,51.65,47.82,67,62,1.08,18.19,12.63,2.5,5.18,2026-03-27,2026-03-29 07:49:00
6472,保瑞,455.0,19.1,29.53,50.72,-14.93,-14.49,-0.44,505.69,471.7,437.71,325,512,0.64,579.25,13.99,11.67,2.56,2026-03-27,2026-03-29 07:49:01
6473,美賣*,7.97,35.36,37.59,50.0,-0.0,0.0,-0.01,8.58,8.0,7.41,372,140,2.65,3.19,,,,2026-03-27,2026-03-29 07:49:01
6474,華豫寧,35.8,51.07,50.6,57.33,0.01,-0.04,0.05,36.56,35.64,34.73,18,26,0.69,18.8,10.41,2.5,6.98,2026-03-27,2026-03-29 07:49:02
6477,安集,34.4,13.55,22.67,36.92,-0.31,0.21,-0.52,40.96,37.33,33.69,644,729,0.88,42.58,1720.0,0.3,0.87,2026-03-27,2026-03-29 07:49:03
6482,弘煜科,32.0,27.65,35.47,51.25,-0.72,-0.94,0.22,34.91,32.52,30.13,11,99,0.11,9.16,13.85,1.0,3.12,2026-03-27,2026-03-29 07:49:04
6483,原創生醫,15.15,27.15,25.46,40.0,-0.21,-0.0,-0.2,17.98,16.2,14.41,72,176,0.41,10.05,,,,2026-03-27,2026-03-29 07:49:06
6485,點序,83.1,31.57,48.71,59.17,-1.34,-1.49,0.15,96.33,85.67,75.01,368,414,0.89,37.6,117.04,0.5,0.6,2026-03-27,2026-03-29 07:49:06
6486,互動,87.2,42.52,32.55,68.89,0.42,0.46,-0.04,87.62,85.26,82.89,578,188,3.07,44.38,15.24,5.87,6.73,2026-03-27,2026-03-29 07:49:07
6488,環球晶,447.5,34.91,40.33,54.36,-2.46,-2.47,0.01,483.1,450.12,417.15,1662,1940,0.86,2139.56,29.33,7.7,1.72,2026-03-27,2026-03-29 07:49:08
6491,晶碩,279.5,44.49,48.28,53.16,-1.62,-1.59,-0.03,289.04,280.98,272.91,216,345,0.63,218.01,13.55,11.0,3.94,2026-03-27,2026-03-29 07:49:09
6492,生華科,54.5,52.7,56.63,67.77,0.78,0.53,0.25,57.19,52.2,47.21,243,448,0.54,48.72,,,,2026-03-27,2026-03-29 07:49:10
6493,雷虎生,25.3,18.88,19.9,30.21,-0.6,-0.52,-0.08,28.9,26.64,24.38,16,20,0.78,7.6,,0.2,0.79,2026-03-27,2026-03-29 07:49:11
6494,九齊,45.4,37.7,49.94,60.0,1.34,1.67,-0.33,49.48,46.33,43.18,201,148,1.35,14.33,,2.36,5.2,2026-03-27,2026-03-29 07:49:12
6496,科懋,27.1,62.92,48.38,57.63,-0.15,-0.28,0.13,27.65,26.7,25.75,1,3,0.35,12.67,,,,2026-03-27,2026-03-29 07:49:13
6498,久禾光,90.5,22.11,36.01,67.37,0.78,0.76,0.02,95.11,89.13,83.15,10,38,0.26,42.68,14.21,2.64,2.92,2026-03-27,2026-03-29 07:49:14
6499,益安,93.3,17.35,34.63,53.59,1.77,2.44,-0.67,118.89,95.52,72.14,747,1297,0.58,90.45,31.63,,,2026-03-27,2026-03-29 07:49:15
6504,南六,40.5,53.86,48.89,73.53,-0.32,-0.54,0.21,41.0,39.62,38.24,31,53,0.58,29.4,14.46,1.0,2.47,2026-03-27,2026-03-29 07:49:15
6505,台塑化,56.3,28.18,20.5,20.69,0.54,1.19,-0.65,64.3,57.99,51.67,12152,20512,0.59,5363.12,54.13,0.8,1.42,2026-03-27,2026-03-29 07:49:16
6506,雙邦,16.5,49.02,58.16,69.23,0.18,0.19,-0.0,16.88,16.25,15.63,22,50,0.44,13.59,16.02,0.8,4.85,2026-03-27,2026-03-29 07:49:17
6508,惠光,27.9,38.61,43.84,45.0,0.86,1.02,-0.16,30.15,27.39,24.64,270,194,1.39,24.14,103.33,1.0,3.58,2026-03-27,2026-03-29 07:49:18
6509,聚和,45.6,65.57,65.81,67.46,2.11,2.02,0.09,47.53,42.44,37.36,5567,7955,0.7,89.62,16.7,1.32,2.89,2026-03-27,2026-03-29 07:49:18
6510,精測,3240.0,16.35,21.13,47.72,-49.41,40.96,-90.37,4038.55,3540.5,3042.45,624,875,0.71,1062.36,106.37,7.8,0.24,2026-03-27,2026-03-29 07:49:19
6512,啟發電,19.85,42.57,41.34,48.0,-0.1,-0.11,0.02,20.45,19.9,19.35,2,13,0.15,5.01,,,,2026-03-27,2026-03-29 07:49:20
6515,穎崴,7915.0,81.87,86.53,82.94,973.1,844.73,128.37,9142.19,6437.5,3732.81,81,395,0.2,2852.7,169.49,25.0,0.32,2026-03-27,2026-03-29 07:49:21
6516,勤崴國際,61.2,42.3,45.86,42.86,-0.58,-0.59,0.0,63.7,61.9,60.1,28,24,1.16,34.17,40.53,2.21,3.61,2026-03-27,2026-03-29 07:49:22
6517,保勝光學,57.0,37.37,41.51,58.51,-1.78,-2.05,0.26,60.62,57.95,55.28,100,104,0.96,17.43,35.19,1.5,2.63,2026-03-27,2026-03-29 07:49:22
6518,康科特,27.3,69.79,52.36,60.0,0.16,0.12,0.04,27.59,26.89,26.19,31,10,3.04,9.1,13.58,1.5,5.49,2026-03-27,2026-03-29 07:49:23
6523,達爾膚,117.0,69.23,70.14,60.02,0.27,0.06,0.2,117.2,115.67,114.13,8,22,0.36,52.71,15.1,8.0,6.84,2026-03-27,2026-03-29 07:49:24
6525,捷敏-KY,82.5,39.13,44.55,68.67,0.73,0.95,-0.21,86.47,82.22,77.98,175,165,1.06,106.46,14.2,4.2,5.09,2026-03-27,2026-03-29 07:49:25
6526,達發,495.0,28.5,29.03,54.85,4.96,9.83,-4.88,555.37,511.3,467.23,315,392,0.8,829.15,28.56,12.5,2.53,2026-03-27,2026-03-29 07:49:25
6527,明達醫,72.5,40.45,32.13,18.75,-0.73,-0.66,-0.07,76.07,73.88,71.68,15,11,1.37,18.37,12.72,2.25,3.1,2026-03-27,2026-03-29 07:49:26
6530,創威,94.0,70.99,71.55,72.28,6.96,5.7,1.26,98.92,82.28,65.65,3370,14838,0.23,31.72,48.45,1.55,1.65,2026-03-27,2026-03-29 07:49:27
6531,愛普*,507.0,29.33,44.49,68.57,22.4,23.6,-1.2,602.55,487.9,373.25,3947,4557,0.87,824.93,65.76,6.99,1.38,2026-03-27,2026-03-29 07:49:28
6532,瑞耘,74.6,52.5,64.15,74.0,4.8,4.11,0.7,82.09,67.04,51.98,1078,2910,0.37,27.93,10.33,2.6,3.49,2026-03-27,2026-03-29 07:49:28
6533,晶心科,178.5,38.39,42.43,42.33,-9.76,-10.51,0.75,207.86,190.85,173.84,381,1081,0.35,90.41,16.81,,,2026-03-27,2026-03-29 07:49:29
6534,正瀚-創,86.3,80.62,80.11,70.33,1.73,0.59,1.14,89.05,80.77,72.5,62,308,0.2,88.72,19.18,4.8,5.56,2026-03-27,2026-03-29 07:49:30
6535,順藥,144.5,27.31,22.03,41.46,-7.28,-7.54,0.26,167.38,152.53,137.67,138,161,0.86,243.43,,,,2026-03-27,2026-03-29 07:49:31
6536,碩豐,13.4,40.69,29.28,40.96,-0.42,-0.39,-0.03,15.59,14.2,12.81,11,4,2.76,3.53,103.08,,,2026-03-27,2026-03-29 07:49:31
6538,倉和,76.7,76.0,62.28,80.43,0.78,-0.09,0.87,73.28,67.15,61.03,585,263,2.22,29.2,68.48,7.0,9.13,2026-03-27,2026-03-29 07:49:32
6539,麗彤,52.0,34.2,33.2,41.18,-1.31,-1.28,-0.03,57.76,53.87,49.97,7,1,3.81,12.66,20.16,0.6,1.15,2026-03-27,2026-03-29 07:49:33
6541,泰福-KY,41.6,25.96,26.54,47.19,-2.03,-2.23,0.2,47.28,43.17,39.06,312,294,1.06,110.18,,,,2026-03-27,2026-03-29 07:49:34
6542,隆中,56.6,82.16,73.14,63.28,1.47,0.66,0.8,58.93,51.76,44.6,39,38,1.01,23.21,2830.0,1.83,3.23,2026-03-27,2026-03-29 07:49:35
6543,普惠醫工,23.55,15.11,21.21,23.03,-1.04,-0.88,-0.16,28.74,25.68,22.61,1,77,0.01,13.15,18.12,2.11,8.96,2026-03-27,2026-03-29 07:49:36
6546,正基,71.7,13.15,20.21,40.18,0.75,1.99,-1.24,86.71,77.6,68.49,494,793,0.62,47.93,26.36,3.5,4.88,2026-03-27,2026-03-29 07:49:36
6547,高端疫苗,55.1,80.88,82.69,80.03,4.79,2.99,1.8,59.07,42.47,25.87,2552,17229,0.15,181.14,37.74,,,2026-03-27,2026-03-29 07:49:37
6548,長科*,48.85,58.9,53.88,63.06,-0.24,-0.6,0.36,50.09,46.59,43.08,7111,7583,0.94,450.91,30.15,0.45,0.92,2026-03-27,2026-03-29 07:49:38
6549,景凱,7.42,37.22,40.92,40.91,-0.12,-0.1,-0.02,7.99,7.59,7.2,108,96,1.13,5.95,,,,2026-03-27,2026-03-29 07:49:39
6550,北極星藥業-KY,19.6,21.81,19.87,22.26,-2.97,-2.49,-0.48,34.39,25.05,15.71,688,1229,0.56,168.54,,,,2026-03-27,2026-03-29 07:49:39
6552,易華電,27.15,43.81,47.18,64.06,-0.37,-0.39,0.02,29.05,27.2,25.36,62,94,0.65,22.53,5.29,0.2,0.74,2026-03-27,2026-03-29 07:49:40
6555,榮炭,20.4,32.44,32.93,43.63,-1.23,-1.3,0.07,24.34,21.34,18.34,92,176,0.52,24.32,,,,2026-03-27,2026-03-29 07:49:41
6556,勝品,65.1,23.79,37.18,38.46,-0.65,-0.49,-0.16,69.12,66.97,64.81,6,7,0.83,18.72,9.67,4.2,6.45,2026-03-27,2026-03-29 07:49:42
6558,興能高,29.1,39.69,39.59,52.21,-1.3,-1.47,0.17,32.17,29.99,27.81,422,508,0.83,27.29,30.31,0.3,1.03,2026-03-27,2026-03-29 07:49:44
6559,研晶,21.95,54.32,63.69,66.78,3.16,1.73,1.43,28.24,15.68,3.11,819,1864,0.44,5.09,73.17,,,2026-03-27,2026-03-29 07:49:44
6560,欣普羅,40.2,22.14,24.64,56.19,-0.38,-0.24,-0.14,45.25,41.58,37.91,22,47,0.46,13.05,,,,2026-03-27,2026-03-29 07:49:45
6561,是方,362.0,71.67,56.2,60.95,3.64,3.35,0.29,368.12,357.15,346.18,129,188,0.69,279.13,23.1,14.2,3.92,2026-03-27,2026-03-29 07:49:46
6563,映智,25.35,37.54,30.96,36.99,-0.83,-0.76,-0.07,28.59,26.24,23.89,45,138,0.33,7.54,,,,2026-03-27,2026-03-29 07:49:47
6564,安特羅,18.0,67.56,61.88,55.05,-0.36,-0.58,0.22,18.6,17.44,16.27,138,209,0.66,12.98,,,,2026-03-27,2026-03-29 07:49:48
6565,物聯,17.5,54.12,50.94,56.77,0.24,-0.1,0.34,18.99,16.28,13.57,365,329,1.11,4.74,17.5,,,2026-03-27,2026-03-29 07:49:48
6568,宏觀,216.5,67.57,70.64,73.59,16.03,14.69,1.34,233.05,191.25,149.45,1095,1454,0.75,66.74,54.67,2.0,0.92,2026-03-27,2026-03-29 07:49:49
6569,醫揚,95.3,49.9,40.96,59.26,-1.95,-2.36,0.41,98.06,94.9,91.73,12,13,0.93,37.23,33.21,3.96,4.16,2026-03-27,2026-03-29 07:49:50
6570,維田,37.9,23.18,30.98,47.46,-0.37,-0.32,-0.05,39.92,38.64,37.36,4,40,0.1,14.07,29.61,1.5,3.96,2026-03-27,2026-03-29 07:49:52
6572,博錸,6.7,55.02,50.99,35.47,-0.34,-0.35,0.01,8.27,7.17,6.07,233,158,1.47,6.94,,,,2026-03-27,2026-03-29 07:49:54
6573,虹揚-KY,13.0,20.27,34.55,45.76,-0.38,-0.36,-0.02,14.69,13.79,12.9,213,134,1.59,10.46,10.57,,,2026-03-27,2026-03-29 07:49:54
6574,霈方,119.0,57.98,70.77,74.94,13.46,11.45,2.01,144.64,99.13,53.62,39,127,0.31,26.17,17.53,2.2,1.85,2026-03-27,2026-03-29 07:49:55
6576,逸達,77.7,43.79,33.3,29.85,-1.3,-1.13,-0.18,83.54,79.56,75.59,65,109,0.59,122.31,,,,2026-03-27,2026-03-29 07:49:56
6577,勁豐,76.5,42.86,50.93,76.47,1.15,1.22,-0.08,78.95,75.83,72.7,12,18,0.66,45.95,13.71,6.0,7.84,2026-03-27,2026-03-29 07:49:57
6578,達邦蛋白,17.7,22.3,28.1,44.62,-0.33,-0.33,0.01,18.56,17.98,17.4,37,43,0.84,12.73,,0.4,2.26,2026-03-27,2026-03-29 07:49:58
6579,研揚,115.5,66.7,72.21,75.56,0.9,0.41,0.49,119.72,111.85,103.98,96,117,0.82,195.72,20.7,5.15,4.46,2026-03-27,2026-03-29 07:49:58
6580,台睿,14.95,24.76,24.45,23.46,-1.31,-1.27,-0.04,19.26,16.57,13.89,47,72,0.65,16.74,,,,2026-03-27,2026-03-29 07:49:59
6581,鋼聯,106.5,57.59,54.77,60.98,0.78,0.81,-0.03,107.46,105.31,103.16,31,28,1.08,118.5,17.32,5.3,4.98,2026-03-27,2026-03-29 07:50:00
6582,申豐,33.15,44.94,44.04,65.49,0.03,-0.12,0.15,33.39,31.95,30.51,214,164,1.3,35.2,,1.0,3.02,2026-03-27,2026-03-29 07:50:00
6583,友松,13.0,77.19,81.97,81.03,-0.03,-0.22,0.19,12.56,11.78,11.0,100,26,3.81,2.07,,2.0,15.38,2026-03-27,2026-03-29 07:50:01
6584,南俊國際,609.0,93.0,88.42,96.55,53.81,35.1,18.71,598.58,439.1,279.62,379,1777,0.21,424.12,114.91,1.5,0.25,2026-03-27,2026-03-29 07:50:02
6585,鼎基,100.0,77.61,69.88,72.81,1.76,-0.15,1.92,99.37,87.91,76.45,680,554,1.23,72.13,18.38,7.92,7.92,2026-03-27,2026-03-29 07:50:03
6586,醣基,26.4,63.55,57.03,63.16,-0.07,-0.32,0.25,27.57,25.45,23.33,376,315,1.2,56.5,,,,2026-03-27,2026-03-29 07:50:03
6588,東典光電,118.0,77.3,70.99,78.37,8.57,7.04,1.53,121.82,94.01,66.19,5752,4986,1.15,40.95,,,,2026-03-27,2026-03-29 07:50:04
6589,台康生技,56.9,42.47,37.08,49.65,-1.1,-1.18,0.08,61.24,58.11,54.97,251,537,0.47,172.21,,,,2026-03-27,2026-03-29 07:50:05
6590,普鴻,72.7,28.05,34.05,60.0,0.21,0.14,0.08,74.76,72.42,70.09,8,32,0.26,18.15,14.28,2.8,3.85,2026-03-27,2026-03-29 07:50:06
6591,動力-KY,62.6,36.88,39.13,48.45,-1.25,-1.41,0.16,66.66,63.82,60.99,204,177,1.15,25.74,12.62,2.31,3.69,2026-03-27,2026-03-29 07:50:06
6592,和潤企業,63.0,49.99,61.31,57.4,0.96,0.89,0.07,67.47,62.52,57.57,1894,4191,0.45,392.58,13.38,3.0,4.76,2026-03-27,2026-03-29 07:50:07
6593,台灣銘板,38.6,57.4,44.52,45.12,-0.09,0.02,-0.11,40.36,38.79,37.23,93,61,1.51,11.93,,0.45,1.17,2026-03-27,2026-03-29 07:50:09
6595,光禹國際,32.5,69.86,69.26,47.44,-0.19,-0.25,0.06,33.42,32.79,32.16,3,20,0.15,16.17,95.59,0.25,0.77,2026-03-27,2026-03-29 07:50:10
6596,寬宏藝術,115.5,13.98,23.43,21.35,-1.11,0.35,-1.46,134.89,127.31,119.72,527,1078,0.49,43.89,6.15,18.7,16.19,2026-03-27,2026-03-29 07:50:11
6597,立誠,65.6,90.45,84.94,60.45,1.22,0.82,0.4,66.14,62.0,57.86,0,2,0.0,19.16,26.24,2.63,4.01,2026-03-27,2026-03-29 07:50:11
6598,ABC-KY,23.35,15.32,29.05,48.06,-0.11,0.08,-0.19,25.78,24.49,23.2,110,161,0.68,24.01,,,,2026-03-27,2026-03-29 07:50:12
6599,普達系統,56.1,8.22,7.62,22.22,-0.92,-0.7,-0.22,61.7,59.12,56.54,0,0,0.0,11.78,20.93,2.22,3.96,2026-03-27,2026-03-29 07:50:13
6603,富強鑫,21.55,11.57,18.43,39.22,-1.07,-1.13,0.06,24.56,22.82,21.07,867,811,1.07,35.7,35.33,0.3,1.39,2026-03-27,2026-03-29 07:50:14
6604,儒億,27.25,57.22,57.2,61.15,0.68,0.26,0.42,27.86,24.44,21.02,28,95,0.3,,,0.5,1.83,2026-03-27,2026-03-29 07:50:15
6605,帝寶,136.0,63.51,67.87,61.76,-1.77,-2.6,0.82,140.65,135.62,130.6,187,299,0.62,225.51,9.86,9.0,6.62,2026-03-27,2026-03-29 07:50:16
6606,建德工業,24.0,23.53,26.78,37.21,-0.35,-0.3,-0.05,25.39,24.59,23.78,61,104,0.58,26.47,22.22,1.03,4.29,2026-03-27,2026-03-29 07:50:17
6609,瀧澤科,41.7,64.84,41.78,79.5,-0.48,-1.14,0.66,39.72,35.84,31.96,690,322,2.14,30.21,,0.77,1.85,2026-03-27,2026-03-29 07:50:18
6610,安成生技,19.5,30.15,27.33,26.42,-0.29,-0.14,-0.14,21.72,20.26,18.81,38,165,0.23,40.09,,,,2026-03-27,2026-03-29 07:50:21
6612,奈米醫材,70.2,57.91,55.36,60.84,-0.94,-1.26,0.32,72.06,69.66,67.26,9,12,0.71,33.23,65.0,0.3,0.43,2026-03-27,2026-03-29 07:50:22
6613,朋億*,205.5,57.67,68.48,65.25,3.75,2.27,1.48,214.96,196.97,178.99,171,566,0.3,159.88,15.45,12.0,5.84,2026-03-27,2026-03-29 07:50:22
6614,資拓宏宇,42.25,24.76,34.04,50.0,-0.84,-0.89,0.05,44.93,43.27,41.62,45,56,0.81,34.08,20.51,1.5,3.55,2026-03-27,2026-03-29 07:50:23
6615,慧智,34.5,17.34,18.63,52.94,0.39,0.55,-0.16,35.53,34.77,34.02,6,21,0.28,7.45,,0.3,0.87,2026-03-27,2026-03-29 07:50:24
6616,特昇-KY,10.1,22.01,21.62,55.56,-0.03,-0.02,-0.01,10.46,10.14,9.83,42,43,0.97,3.58,,,,2026-03-27,2026-03-29 07:50:25
6617,共信-KY,67.8,13.42,15.99,29.03,-2.5,-1.66,-0.85,84.3,74.94,65.58,262,324,0.81,83.14,,,,2026-03-27,2026-03-29 07:50:26
6618,永虹先進,18.5,19.8,25.37,36.29,-0.35,-0.22,-0.13,21.28,19.64,18.0,355,656,0.54,19.39,,,,2026-03-27,2026-03-29 07:50:26
6620,漢達,69.3,13.87,14.18,15.45,-3.29,-2.89,-0.39,82.89,74.91,66.92,173,236,0.73,116.79,15.4,1.51,2.18,2026-03-27,2026-03-29 07:50:28
6621,華宇藥,13.25,34.21,48.13,65.52,0.22,0.22,-0.01,14.25,13.04,11.83,65,95,0.68,4.78,,,,2026-03-27,2026-03-29 07:50:29
6622,百聿數碼,7.95,39.72,41.02,46.13,-0.17,-0.14,-0.03,9.14,8.4,7.65,96,28,3.32,2.72,,,,2026-03-27,2026-03-29 07:50:30
6624,萬年清,61.2,57.45,53.91,54.84,-0.76,-1.1,0.34,62.95,59.64,56.34,9,36,0.24,12.78,170.0,0.55,0.9,2026-03-27,2026-03-29 07:50:32
6625,必應,76.2,17.3,20.82,26.67,-1.44,-1.31,-0.13,82.22,78.85,75.47,133,191,0.69,44.18,8.38,4.0,5.25,2026-03-27,2026-03-29 07:50:32
6629,泰金-KY,105.5,47.59,41.54,37.04,-2.78,-3.29,0.51,110.58,106.17,101.77,3,8,0.35,40.42,17.04,6.2,5.88,2026-03-27,2026-03-29 07:50:33
6634,欣耀,34.1,53.76,42.09,53.77,-1.02,-1.08,0.07,37.26,34.21,31.17,56,39,1.43,24.31,,,,2026-03-27,2026-03-29 07:50:34
6637,醫影,73.2,16.6,18.23,9.86,-0.71,-0.7,-0.01,77.33,74.05,70.78,12,18,0.65,19.62,10.25,3.63,4.96,2026-03-27,2026-03-29 07:50:35
6638,沅聖,35.0,52.3,63.95,68.2,2.32,2.2,0.12,41.73,32.1,22.46,31,28,1.11,10.5,,1.0,2.86,2026-03-27,2026-03-29 07:50:36
6639,源大環能,8.56,51.1,47.09,49.67,-0.05,-0.15,0.09,9.37,8.28,7.2,11,103,0.11,4.93,,,,2026-03-27,2026-03-29 07:50:36
6640,均華,1420.0,89.4,83.22,87.09,127.95,94.88,33.07,1371.84,1012.45,653.06,1678,1011,1.66,402.01,116.3,15.0,1.06,2026-03-27,2026-03-29 07:50:37
6641,基士德-KY,18.75,33.83,31.17,45.61,-0.67,-0.7,0.02,21.18,19.42,17.66,20,18,1.1,6.84,40.76,1.0,5.33,2026-03-27,2026-03-29 07:50:38
6642,富致,54.2,29.83,32.78,36.21,-0.28,-0.04,-0.24,57.77,55.71,53.65,63,59,1.07,20.27,20.93,1.8,3.32,2026-03-27,2026-03-29 07:50:40
6643,M31,480.0,28.4,36.55,63.62,7.07,8.07,-1.0,503.16,464.48,425.79,1886,1064,1.77,200.6,285.71,2.0,0.42,2026-03-27,2026-03-29 07:50:41
6645,金萬林-創,13.65,13.05,14.36,24.49,-0.89,-0.88,-0.01,17.14,14.79,12.45,23,33,0.72,8.28,,,,2026-03-27,2026-03-29 07:50:41
6648,斯其大,19.6,74.85,60.82,41.73,-0.97,-1.21,0.24,23.61,20.0,16.39,55,56,0.98,9.31,,,,2026-03-27,2026-03-29 07:50:42
6649,台生材,45.1,67.59,63.5,64.03,-0.18,-0.95,0.77,44.8,41.57,38.34,121,248,0.49,18.94,32.21,1.0,2.22,2026-03-27,2026-03-29 07:50:43
6650,帝圖,30.5,82.61,76.05,68.52,-0.29,-0.83,0.54,30.45,28.03,25.62,19,12,1.53,9.48,34.27,4.0,13.11,2026-03-27,2026-03-29 07:50:44
6651,全宇昕,89.9,41.85,42.37,55.3,-0.24,0.27,-0.51,97.6,90.42,83.25,151,127,1.19,31.11,14.27,4.0,4.45,2026-03-27,2026-03-29 07:50:45
6652,雅祥生醫,2.62,12.52,20.1,12.63,-0.84,-0.44,-0.4,8.23,5.65,3.08,1249,1813,0.69,3.59,,,,2026-03-27,2026-03-29 07:50:46
6654,天正國際,90.1,31.38,39.08,55.0,-0.54,-0.26,-0.28,95.38,91.82,88.27,12,23,0.51,33.57,9010.0,,,2026-03-27,2026-03-29 07:50:48
6655,科定,128.0,23.0,37.43,44.44,0.7,1.31,-0.6,132.86,129.82,126.79,0,4,0.0,100.55,32.82,2.4,1.88,2026-03-27,2026-03-29 07:50:48
6657,華安,43.05,10.04,19.42,41.2,-0.87,-0.43,-0.43,50.1,46.31,42.52,290,261,1.11,37.84,,,,2026-03-27,2026-03-29 07:50:49
6658,聯策,66.8,40.93,51.16,68.77,3.09,2.95,0.14,73.62,63.65,53.68,545,832,0.66,24.3,55.21,1.08,1.62,2026-03-27,2026-03-29 07:50:50
6659,天明製藥,20.0,38.26,33.94,27.71,-0.88,-0.92,0.04,22.9,21.02,19.14,26,40,0.64,,,,,2026-03-27,2026-03-29 07:50:50
6661,威健生技,19.35,72.22,79.5,80.0,0.09,0.0,0.08,19.31,18.77,18.22,6,4,1.25,4.51,322.5,,,2026-03-27,2026-03-29 07:50:51
6662,樂斯科,29.1,45.13,41.87,46.48,-0.32,-0.28,-0.04,30.43,29.47,28.51,6,6,0.95,7.45,17.64,1.5,5.15,2026-03-27,2026-03-29 07:50:52
6664,群翊,291.5,60.83,64.41,76.71,0.84,-1.48,2.32,299.54,277.5,255.46,291,520,0.56,177.25,20.2,9.93,3.41,2026-03-27,2026-03-29 07:50:53
6665,康聯生醫,19.8,56.53,65.96,42.86,-0.08,-0.08,-0.01,20.99,20.4,19.81,50,20,2.51,8.98,56.57,0.7,3.54,2026-03-27,2026-03-29 07:50:55
6666,羅麗芬-KY,41.15,45.8,42.81,51.22,-0.67,-0.77,0.1,43.63,41.63,39.63,17,9,1.73,19.5,17.0,2.0,4.86,2026-03-27,2026-03-29 07:50:55
6667,信紘科,246.0,41.28,41.99,43.53,-1.95,-1.48,-0.47,268.77,253.3,237.83,293,288,1.02,121.23,17.98,8.43,3.43,2026-03-27,2026-03-29 07:50:56
6668,中揚光,34.3,46.29,33.92,50.0,-0.85,-0.9,0.05,36.61,34.6,32.59,172,262,0.66,36.74,,,,2026-03-27,2026-03-29 07:50:57
6669,緯穎,3395.0,11.45,16.1,30.4,-99.79,-37.85,-61.94,4388.54,3911.5,3434.46,1841,1736,1.06,6309.29,12.79,74.0,2.18,2026-03-27,2026-03-29 07:50:58
6670,復盛應用,268.0,43.6,58.94,51.72,0.96,1.61,-0.65,283.41,273.1,262.79,495,348,1.42,373.56,12.08,19.65,7.33,2026-03-27,2026-03-29 07:50:58
6671,三能-KY,29.8,17.98,21.42,22.5,-1.72,-1.54,-0.18,38.93,32.88,26.82,59,84,0.7,18.1,12.68,2.6,8.72,2026-03-27,2026-03-29 07:50:59
6672,騰輝電子-KY,131.5,82.21,82.05,87.34,8.67,5.32,3.35,135.63,106.68,77.73,7326,13881,0.53,93.94,27.34,3.35,2.55,2026-03-27,2026-03-29 07:51:00
6673,和詮,12.5,56.72,59.35,65.36,0.82,0.58,0.24,13.58,10.62,7.67,582,1388,0.42,3.29,,,,2026-03-27,2026-03-29 07:51:01
6674,鋐寶科技,18.35,20.7,27.84,44.74,-0.42,-0.4,-0.02,19.91,18.76,17.61,6,20,0.29,12.61,,,,2026-03-27,2026-03-29 07:51:01
6676,祥翊,13.85,15.74,20.0,21.62,-0.5,-0.24,-0.25,17.9,15.65,13.4,120,220,0.55,20.73,,,,2026-03-27,2026-03-29 07:51:02
6677,瑩碩生技,19.4,27.72,26.8,41.11,-0.11,-0.02,-0.09,20.77,19.89,19.01,83,45,1.83,10.84,,,,2026-03-27,2026-03-29 07:51:03
6679,鈺太,248.0,38.31,46.35,60.29,11.52,13.43,-1.91,265.61,241.4,217.19,682,392,1.74,132.15,36.47,9.17,3.7,2026-03-27,2026-03-29 07:51:04
6680,鑫創電子,56.2,51.64,46.0,21.54,-1.96,-1.75,-0.21,66.09,59.83,53.58,7,14,0.49,13.44,,3.05,5.43,2026-03-27,2026-03-29 07:51:05
6682,華旭先進,32.75,29.45,34.5,53.05,1.35,1.92,-0.56,40.14,34.64,29.14,442,1016,0.44,48.18,,,,2026-03-27,2026-03-29 07:51:05
6683,雍智科技,1385.0,76.06,67.74,73.74,143.14,137.07,6.07,1423.98,1074.7,725.42,322,314,1.02,381.67,90.88,10.0,0.72,2026-03-27,2026-03-29 07:51:06
6684,安格,44.05,17.73,26.88,55.79,-0.89,-0.87,-0.02,48.01,45.25,42.49,107,132,0.81,19.63,28.06,,,2026-03-27,2026-03-29 07:51:07
6689,伊雲谷,79.5,64.8,73.96,70.97,4.94,4.5,0.44,87.91,75.35,62.78,755,2449,0.31,53.9,34.57,2.0,2.52,2026-03-27,2026-03-29 07:51:08
6690,安碁資訊,169.0,33.63,44.62,64.58,0.92,0.94,-0.02,173.97,167.78,161.58,28,48,0.59,50.7,16.67,9.0,5.33,2026-03-27,2026-03-29 07:51:09
6691,洋基工程,592.0,29.45,33.81,46.03,-3.43,0.71,-4.14,663.13,620.25,577.37,506,682,0.74,713.93,23.92,16.0,2.7,2026-03-27,2026-03-29 07:51:11
6692,進能服,30.75,23.5,26.31,59.12,-0.07,-0.05,-0.01,31.92,30.65,29.38,27,32,0.83,18.09,133.7,0.5,1.63,2026-03-27,2026-03-29 07:51:13
6693,廣閎科,106.5,73.58,74.93,76.03,4.89,4.01,0.89,112.59,95.55,78.51,857,1366,0.63,47.97,34.24,2.0,1.88,2026-03-27,2026-03-29 07:51:14
6695,芯鼎,40.05,24.04,33.34,60.0,-0.56,-0.58,0.02,42.86,40.56,38.25,150,211,0.71,38.63,,,,2026-03-27,2026-03-29 07:51:15
6696,仁新,384.5,59.48,39.06,49.22,-5.36,-4.4,-0.97,423.34,388.93,354.51,1027,876,1.17,318.72,,,,2026-03-27,2026-03-29 07:51:15
6697,東捷資訊,41.85,36.23,44.58,57.75,-0.03,-0.13,0.09,43.51,41.91,40.3,37,47,0.77,11.43,13.86,2.6,6.21,2026-03-27,2026-03-29 07:51:16
6698,旭暉應材,31.6,33.39,38.61,60.39,-0.44,-0.47,0.03,34.35,31.62,28.88,99,176,0.56,20.79,,,,2026-03-27,2026-03-29 07:51:17
6703,軒郁,113.0,37.86,52.75,51.88,2.97,3.12,-0.15,122.26,111.55,100.83,43,102,0.43,36.99,11.43,9.6,8.5,2026-03-27,2026-03-29 07:51:18
6704,國璽幹細胞,23.0,66.56,60.12,53.85,-0.4,-0.45,0.05,24.09,23.08,22.06,79,112,0.71,22.07,,,,2026-03-27,2026-03-29 07:51:19
6705,振躍精密,70.4,61.89,64.6,69.41,2.38,1.36,1.02,72.57,63.46,54.34,26,125,0.21,12.67,24.44,2.2,3.12,2026-03-27,2026-03-29 07:51:19
6706,惠特,126.5,59.1,56.95,65.0,1.65,0.91,0.73,138.48,123.3,108.12,6674,9433,0.71,99.39,21.05,,,2026-03-27,2026-03-29 07:51:20
6707,富基電通,24.45,28.82,43.47,57.24,1.27,1.57,-0.29,31.59,24.64,17.69,321,464,0.69,14.43,47.02,,,2026-03-27,2026-03-29 07:51:21
6708,天擎,38.55,39.14,36.78,46.94,-0.68,-0.69,0.01,42.33,39.82,37.3,3,10,0.28,11.02,154.2,,,2026-03-27,2026-03-29 07:51:22
6709,昱厚生技,28.7,30.92,32.29,29.32,-0.6,-0.32,-0.28,32.67,30.4,28.14,67,47,1.42,17.04,,,,2026-03-27,2026-03-29 07:51:23
6712,長聖,140.5,45.49,41.04,45.71,-3.02,-3.48,0.46,147.42,142.55,137.68,105,117,0.9,123.07,28.79,4.66,3.32,2026-03-27,2026-03-29 07:51:24
6715,嘉基,344.0,54.08,55.5,70.13,42.92,43.85,-0.94,393.42,276.95,160.48,217,307,0.71,227.18,192.18,3.92,1.14,2026-03-27,2026-03-29 07:51:25
6716,應廣,69.4,11.92,19.4,44.3,0.27,2.56,-2.29,97.14,79.16,61.18,206,286,0.72,21.01,32.13,3.38,4.87,2026-03-27,2026-03-29 07:51:27
6719,力智,166.0,37.77,37.56,52.5,-5.44,-5.48,0.04,184.88,171.72,158.57,147,246,0.6,175.08,25.9,1.7,1.02,2026-03-27,2026-03-29 07:51:27
6720,久昌,171.0,66.71,59.67,62.97,3.31,3.61,-0.3,174.57,165.24,155.9,153,169,0.91,51.26,44.42,3.5,2.05,2026-03-27,2026-03-29 07:51:28
6721,信實,59.2,8.42,10.14,12.5,-0.67,-0.56,-0.11,62.44,60.41,58.38,0,4,0.0,13.32,12.73,3.0,5.07,2026-03-27,2026-03-29 07:51:29
6722,輝創,40.35,70.82,63.19,58.55,-1.03,-1.36,0.33,41.94,40.51,39.09,104,116,0.9,35.67,13.96,1.5,3.72,2026-03-27,2026-03-29 07:51:30
6723,傑智環境,38.65,60.71,59.36,51.69,-1.06,-1.19,0.13,41.22,39.48,37.74,58,77,0.75,11.61,13.61,,,2026-03-27,2026-03-29 07:51:31
6725,矽科宏晟,267.0,67.36,71.47,65.96,6.89,0.72,6.17,285.74,241.4,197.06,827,1818,0.45,99.14,20.7,8.0,3.0,2026-03-27,2026-03-29 07:51:31
6727,亞泰金屬,300.0,61.92,64.33,77.21,24.67,22.78,1.88,330.86,249.47,168.09,305,471,0.65,80.65,44.25,3.0,1.0,2026-03-27,2026-03-29 07:51:32
6728,上洋,117.5,6.95,8.13,0.0,-4.53,-3.56,-0.98,139.0,127.1,115.2,31,32,0.95,35.38,12.23,8.0,6.81,2026-03-27,2026-03-29 07:51:33
6729,機光科技,70.0,43.53,50.37,69.34,5.01,5.11,-0.1,76.33,64.46,52.59,199,219,0.91,17.61,100.0,0.95,1.36,2026-03-27,2026-03-29 07:51:34
6730,常廣,36.35,70.9,61.5,54.39,-0.15,-0.17,0.03,37.12,36.32,35.53,0,11,0.0,13.24,17.23,1.0,2.75,2026-03-27,2026-03-29 07:51:36
6732,昇佳電子,151.5,12.86,13.5,36.76,-5.61,-4.57,-1.04,178.21,162.53,146.84,195,140,1.39,74.1,24.44,10.0,6.6,2026-03-27,2026-03-29 07:51:36
6733,博晟生醫,33.95,33.61,28.85,36.28,-0.72,-0.64,-0.08,36.92,35.22,33.53,196,186,1.05,42.34,,,,2026-03-27,2026-03-29 07:51:38
6734,安盛生,6.22,44.94,34.01,44.96,-0.36,-0.35,-0.01,7.44,6.56,5.67,30,51,0.6,2.53,,,,2026-03-27,2026-03-29 07:51:39
6735,美達科技,58.2,53.79,53.97,78.02,-0.53,-0.96,0.43,60.88,56.61,52.34,44,31,1.41,26.88,181.88,1.8,3.09,2026-03-27,2026-03-29 07:51:40
6737,秀育,34.9,34.71,26.74,25.72,-1.83,-1.65,-0.18,41.44,37.04,32.64,0,9,0.02,20.96,5.49,1.6,4.58,2026-03-27,2026-03-29 07:51:41
6738,鼎��,73.4,70.64,65.53,51.19,-0.43,-0.58,0.15,74.8,73.63,72.46,40,62,0.65,27.25,,,,2026-03-27,2026-03-29 07:51:42
6739,竹陞科技,1230.0,66.9,68.99,71.76,86.26,82.09,4.17,1330.26,1100.5,870.74,876,784,1.12,287.03,76.92,5.0,0.41,2026-03-27,2026-03-29 07:51:42
6742,澤米,40.55,18.63,29.05,57.96,-0.72,-0.7,-0.02,44.35,41.7,39.05,149,137,1.08,28.59,,0.3,0.74,2026-03-27,2026-03-29 07:51:43
6743,安普新,23.45,20.64,29.55,47.97,-0.68,-0.69,0.01,26.23,24.41,22.6,123,116,1.06,34.59,33.03,1.5,6.4,2026-03-27,2026-03-29 07:51:45
6744,豐技生技,15.75,52.25,36.37,40.52,-0.58,-0.59,0.01,17.75,15.68,13.61,1,9,0.18,2.43,15.59,0.95,6.03,2026-03-27,2026-03-29 07:51:47
6748,亞果生醫,66.6,45.86,35.26,61.08,-0.28,-0.63,0.35,64.83,61.68,58.53,1101,392,2.8,47.43,,,,2026-03-27,2026-03-29 07:51:49
6750,泰創工程,68.8,41.42,49.89,60.2,3.06,3.67,-0.61,73.48,68.68,63.89,94,303,0.31,30.76,17.64,2.0,2.91,2026-03-27,2026-03-29 07:51:49
6751,智聯服務,52.0,22.15,28.35,51.43,-1.26,-1.29,0.03,56.78,53.44,50.11,12,19,0.61,11.54,10.04,3.0,5.77,2026-03-27,2026-03-29 07:51:50
6752,叡揚,113.0,45.72,42.74,63.03,-0.45,-0.57,0.12,118.34,113.06,107.78,103,59,1.75,41.97,15.37,4.5,3.98,2026-03-27,2026-03-29 07:51:51
6753,龍德造船,129.5,38.37,34.05,50.0,-3.4,-3.03,-0.37,145.31,134.47,123.64,684,1039,0.66,151.83,22.64,1.25,0.97,2026-03-27,2026-03-29 07:51:52
6754,匯僑設計,44.35,47.65,56.92,60.22,0.12,0.01,0.12,46.66,44.19,41.71,11,11,1.01,29.27,13.04,4.0,9.02,2026-03-27,2026-03-29 07:51:53
6755,連鋐科技,16.8,49.16,51.08,61.03,0.05,-0.24,0.28,17.9,15.79,13.68,68,105,0.65,6.69,12.82,,,2026-03-27,2026-03-29 07:51:53
6756,威鋒電子,75.6,29.76,35.71,60.73,-0.95,-1.01,0.06,80.59,75.85,71.11,92,122,0.75,52.88,68.73,0.9,1.19,2026-03-27,2026-03-29 07:51:54
6757,台灣虎航,52.2,42.93,56.08,59.2,-2.49,-2.88,0.39,60.95,54.29,47.63,457,1012,0.45,239.87,9.74,6.05,11.59,2026-03-27,2026-03-29 07:51:55
6758,冠亞,37.05,17.93,32.01,12.66,-0.21,0.11,-0.32,41.44,39.48,37.52,0,1,0.08,4.99,33.38,1.0,2.7,2026-03-27,2026-03-29 07:51:57
6761,穩得,171.5,60.47,59.61,62.44,6.95,6.02,0.93,178.9,160.79,142.69,937,2121,0.44,59.65,23.99,6.0,3.5,2026-03-27,2026-03-29 07:51:57
6762,達亞,165.0,42.99,51.86,50.0,-1.17,-1.19,0.02,173.68,166.57,159.47,0,2,0.0,58.03,242.65,0.3,0.18,2026-03-27,2026-03-29 07:51:58
6763,綠界科技*,47.95,27.98,28.32,42.86,-1.24,-1.21,-0.02,52.09,49.48,46.87,295,355,0.83,88.25,11.42,1.65,3.44,2026-03-27,2026-03-29 07:51:59
6767,台微醫,27.95,29.79,23.95,28.57,-0.33,-0.18,-0.15,30.28,28.73,27.18,1,19,0.05,10.95,,,,2026-03-27,2026-03-29 07:52:00
6768,志強-KY,90.4,17.52,28.48,54.21,-2.47,-2.36,-0.11,100.89,93.89,86.9,469,384,1.22,180.89,13.63,6.18,6.84,2026-03-27,2026-03-29 07:52:02
6770,力積電,59.2,20.85,35.85,49.77,0.33,1.6,-1.27,76.52,66.33,56.13,220682,278954,0.79,2506.44,15.18,,,2026-03-27,2026-03-29 07:52:02
6771,平和環保-創,43.9,34.98,30.85,55.26,-0.08,-0.11,0.03,44.94,43.88,42.81,11,13,0.82,13.69,13.3,3.2,7.29,2026-03-27,2026-03-29 07:52:03
6775,穎台科技,25.3,76.13,73.35,76.56,0.61,0.09,0.52,26.58,22.73,18.87,192,163,1.18,24.67,,,,2026-03-27,2026-03-29 07:52:04
6776,展碁國際,59.9,29.28,46.56,60.8,1.45,1.56,-0.12,71.37,59.56,47.75,520,854,0.61,54.86,14.43,3.0,5.01,2026-03-27,2026-03-29 07:52:04
6780,學習王,29.65,14.22,18.71,37.78,-0.18,0.01,-0.19,32.68,31.06,29.43,0,0,0.0,4.82,21.03,1.3,4.38,2026-03-27,2026-03-29 07:52:05
6781,AES-KY,1070.0,53.41,57.12,61.73,-16.67,-29.79,13.12,1153.74,1048.5,943.26,788,1707,0.46,913.98,28.82,12.5,1.17,2026-03-27,2026-03-29 07:52:06
6782,視陽,197.5,42.27,62.33,57.02,5.99,6.91,-0.92,217.28,197.97,178.67,150,348,0.43,124.43,14.13,5.1,2.58,2026-03-27,2026-03-29 07:52:06
6784,天凱科技,25.4,64.5,67.05,62.0,1.95,1.23,0.72,28.12,21.01,13.91,309,496,0.62,4.69,,,,2026-03-27,2026-03-29 07:52:07
6785,昱展新藥,170.0,18.73,24.81,42.25,-17.7,-18.83,1.12,203.97,182.78,161.58,86,108,0.79,113.56,,0.25,0.15,2026-03-27,2026-03-29 07:52:08
6786,芯測,82.4,26.52,40.39,60.75,3.28,3.54,-0.26,102.13,80.63,59.14,594,664,0.89,25.41,,,,2026-03-27,2026-03-29 07:52:10
6787,晶瑞光,23.75,33.59,32.05,48.97,-0.15,-0.16,0.01,26.02,24.12,22.21,425,923,0.46,19.23,,,,2026-03-27,2026-03-29 07:52:11
6788,華景電,380.0,61.71,62.25,65.71,14.31,10.6,3.71,400.1,351.5,302.9,3097,3766,0.82,147.21,22.08,10.0,2.63,2026-03-27,2026-03-29 07:52:12
6789,采鈺,322.5,28.53,34.84,53.69,4.55,9.26,-4.7,375.95,340.3,304.65,1545,3019,0.51,1027.12,80.62,3.0,0.93,2026-03-27,2026-03-29 07:52:12
6790,永豐實,40.95,82.13,71.79,74.29,0.41,0.35,0.06,40.73,39.92,39.12,251,230,1.09,109.39,13.56,2.55,6.23,2026-03-27,2026-03-29 07:52:13
6791,虎門科技,99.8,38.89,33.24,47.3,-1.52,-1.46,-0.06,105.78,100.78,95.77,11,32,0.34,20.81,23.99,3.5,3.51,2026-03-27,2026-03-29 07:52:14
6792,詠業,58.6,48.64,35.3,56.29,-0.05,0.11,-0.16,63.74,58.61,53.49,82,102,0.8,27.47,26.52,2.5,4.27,2026-03-27,2026-03-29 07:52:14
6793,天力離岸,6.5,66.07,65.15,58.76,0.01,0.0,0.01,6.67,6.26,5.84,272,186,1.47,4.91,,,,2026-03-27,2026-03-29 07:52:15
6794,向榮生技,79.2,30.4,30.26,40.41,-1.88,-1.77,-0.11,86.63,81.7,76.78,35,28,1.24,50.4,,,,2026-03-27,2026-03-29 07:52:16
6796,晉弘,75.0,29.57,15.69,41.26,-3.41,-3.51,0.1,84.15,76.77,69.39,45,62,0.72,30.18,375.0,0.49,0.65,2026-03-27,2026-03-29 07:52:17
6797,圓點奈米,14.9,65.58,61.24,62.0,-0.27,-0.34,0.07,15.08,14.36,13.63,168,61,2.73,4.48,,,,2026-03-27,2026-03-29 07:52:18
6798,展逸,38.9,85.15,69.84,52.44,-0.66,-0.87,0.21,39.58,38.44,37.3,0,2,0.0,7.61,,0.49,1.26,2026-03-27,2026-03-29 07:52:19
6799,來頡,77.5,25.67,38.0,62.14,-0.86,-1.03,0.17,83.57,77.89,72.2,136,107,1.27,33.13,21.35,1.99,2.57,2026-03-27,2026-03-29 07:52:20
6803,崑鼎,292.0,28.95,35.72,55.56,-1.65,-1.52,-0.13,299.13,294.48,289.82,46,60,0.76,212.17,15.84,15.24,5.22,2026-03-27,2026-03-29 07:52:21
6804,明係,17.0,58.79,62.56,65.38,-0.0,-0.04,0.04,17.1,16.79,16.48,32,49,0.65,8.08,,0.98,5.76,2026-03-27,2026-03-29 07:52:23
6805,富世達,1905.0,55.0,57.31,64.81,87.72,88.74,-1.02,2009.05,1815.5,1621.95,983,1447,0.68,1305.95,61.35,8.0,0.42,2026-03-27,2026-03-29 07:52:23
6806,森崴能源,39.55,31.32,35.84,44.94,-1.39,-1.27,-0.11,43.85,40.92,38.0,404,804,0.5,108.62,4.39,1.23,3.11,2026-03-27,2026-03-29 07:52:24
6807,峰源-KY,42.65,28.74,32.58,35.07,-0.7,-0.62,-0.08,46.48,44.06,41.65,3,5,0.6,23.03,9.15,2.5,5.86,2026-03-27,2026-03-29 07:52:25
6808,三鼎生技,35.0,58.59,42.28,42.73,-2.02,-2.22,0.21,41.12,36.01,30.91,91,219,0.42,26.94,41.67,0.53,1.51,2026-03-27,2026-03-29 07:52:25
6810,新穎生醫,17.45,37.89,28.65,23.64,-0.66,-0.69,0.03,19.0,17.75,16.5,235,147,1.6,8.63,,,,2026-03-27,2026-03-29 07:52:26
6811,宏碁資訊,188.0,23.01,30.37,50.0,-3.99,-3.68,-0.31,202.55,193.25,183.95,37,72,0.51,77.92,13.25,10.5,5.59,2026-03-27,2026-03-29 07:52:27
6812,梭特,60.1,69.95,63.03,71.9,2.12,0.35,1.77,58.28,48.0,37.72,772,575,1.34,18.39,40.07,,,2026-03-27,2026-03-29 07:52:28
6814,路迦生醫,26.1,50.71,55.29,47.37,-0.54,-0.58,0.04,27.58,26.53,25.49,17,17,0.97,10.99,,,,2026-03-27,2026-03-29 07:52:29
6815,晶鑽生醫,40.0,13.01,12.53,9.8,-4.09,-4.01,-0.07,52.66,46.12,39.57,283,103,2.75,15.8,45.98,0.2,0.5,2026-03-27,2026-03-29 07:52:29
6816,捷智商訊,39.0,81.45,82.15,60.54,0.14,-0.06,0.2,39.99,38.08,36.17,7,3,2.11,4.75,15.48,2.3,5.9,2026-03-27,2026-03-29 07:52:30
6817,溫士頓,71.3,45.02,35.84,22.36,-3.15,-3.0,-0.16,84.96,75.17,65.38,35,13,2.69,13.13,9.82,7.0,9.82,2026-03-27,2026-03-29 07:52:31
6818,連騰,84.0,82.26,77.56,79.57,7.36,4.92,2.44,80.95,57.86,34.76,862,736,1.17,21.42,30.43,1.5,1.79,2026-03-27,2026-03-29 07:52:32
6819,眾智,24.0,59.04,64.84,62.8,1.16,0.93,0.23,29.17,23.19,17.2,19,21,0.89,8.15,,,,2026-03-27,2026-03-29 07:52:33
6821,聯寶,55.9,77.29,68.57,82.72,28.26,18.22,10.04,216.34,141.07,65.81,1257,690,1.82,17.01,49.91,1.13,2.02,2026-03-27,2026-03-29 07:52:33
6823,濾能,63.5,32.79,35.46,58.64,0.09,-0.38,0.48,69.93,63.33,56.74,136,409,0.33,19.36,,,,2026-03-27,2026-03-29 07:52:34
6825,和暢科技,36.65,34.91,46.04,62.18,0.64,0.46,0.18,39.39,34.4,29.41,19,11,1.79,10.44,20.82,0.15,0.41,2026-03-27,2026-03-29 07:52:36
6826,和淞,572.0,54.8,66.34,65.52,18.82,13.74,5.09,626.93,541.5,456.07,510,1384,0.37,489.29,21.22,8.46,1.48,2026-03-27,2026-03-29 07:52:37
6827,巨生醫,10.15,17.31,25.53,40.78,-0.43,-0.34,-0.09,12.0,11.0,10.01,2,79,0.03,8.07,,,,2026-03-27,2026-03-29 07:52:38
6829,千附精密,112.5,48.41,48.39,61.82,0.69,0.37,0.32,116.14,110.45,104.76,290,295,0.98,66.57,28.55,5.0,4.44,2026-03-27,2026-03-29 07:52:38
6830,汎銓,434.5,65.06,70.5,57.41,50.3,49.38,0.91,481.51,389.6,297.69,4896,4117,1.19,224.99,88.85,1.0,0.23,2026-03-27,2026-03-29 07:52:39
6831,邁科,396.0,85.02,79.59,82.25,26.32,19.35,6.96,392.35,323.27,254.2,2060,1795,1.15,268.13,80.0,3.0,0.76,2026-03-27,2026-03-29 07:52:40
6832,金鼎科,60.4,43.03,51.58,53.45,1.33,1.57,-0.23,65.55,60.33,55.11,6,17,0.41,15.95,19.24,1.7,2.81,2026-03-27,2026-03-29 07:52:41
6833,太康精密,26.1,54.21,57.7,72.81,0.49,0.04,0.44,27.21,23.45,19.69,35,84,0.42,13.04,,,,2026-03-27,2026-03-29 07:52:41
6834,天二科技,30.3,27.96,38.87,63.2,0.07,-0.02,0.09,33.5,29.97,26.44,185,203,0.91,26.81,60.6,0.5,1.65,2026-03-27,2026-03-29 07:52:42
6835,圓裕,38.2,53.77,48.92,51.52,-0.34,-0.29,-0.06,40.36,38.66,36.97,241,237,1.02,25.11,40.64,2.0,5.24,2026-03-27,2026-03-29 07:52:44
6838,台新藥,26.5,37.46,30.93,59.57,-0.36,-0.47,0.11,27.63,26.29,24.95,86,143,0.6,40.01,,,,2026-03-27,2026-03-29 07:52:44
6839,開陽能源,13.75,75.74,64.78,53.33,0.18,0.14,0.04,14.05,13.06,12.07,199,155,1.29,11.28,,,,2026-03-27,2026-03-29 07:52:45
6840,東研信超,60.8,51.68,66.66,64.8,-0.57,-0.88,0.31,65.81,61.41,57.02,129,144,0.89,18.43,38.97,0.3,0.49,2026-03-27,2026-03-29 07:52:46
6841,長佳智能,62.0,48.07,45.25,65.44,-0.75,-1.38,0.63,64.59,60.51,56.43,276,1272,0.22,58.56,69.66,1.02,1.65,2026-03-27,2026-03-29 07:52:47
6842,一元素,91.2,82.38,83.86,83.14,8.06,6.46,1.6,93.55,73.72,53.89,777,813,0.96,20.98,100.22,,,2026-03-27,2026-03-29 07:52:48
6843,進典,46.65,31.62,35.2,48.99,-0.62,-0.72,0.1,49.73,47.79,45.85,218,57,3.78,15.54,22.0,,,2026-03-26,2026-03-29 07:52:49
6844,諾貝兒,64.3,77.39,75.75,65.91,-0.76,-0.98,0.22,65.25,64.27,63.29,2,8,0.27,24.07,27.36,5.1,7.93,2026-03-27,2026-03-29 07:52:49
6846,綠茵,71.2,61.64,55.29,59.65,-0.52,-0.6,0.08,72.39,71.22,70.05,7,10,0.69,19.24,15.65,3.6,5.06,2026-03-27,2026-03-29 07:52:50
6847,普瑞博,68.3,30.42,29.12,38.99,-0.89,-0.77,-0.12,74.86,71.36,67.87,38,15,2.42,9.72,,,,2026-03-27,2026-03-29 07:52:51
6848,拉法醫,15.25,37.39,39.29,39.13,-0.33,-0.27,-0.05,16.82,15.79,14.77,12,5,2.48,2.18,11.21,0.3,1.97,2026-03-27,2026-03-29 07:52:53
6849,奇鼎科技,146.5,53.29,55.56,51.89,14.98,19.28,-4.31,182.25,155.95,129.65,644,909,0.71,,,,,2026-03-27,2026-03-29 07:52:54
6850,光鼎生技,41.2,8.61,10.42,24.58,-0.69,-0.4,-0.3,44.95,42.81,40.67,17,42,0.41,13.63,64.38,0.3,0.73,2026-03-27,2026-03-29 07:52:55
6854,錼創科技-KY創,153.5,63.16,60.1,73.04,5.25,3.96,1.29,154.26,139.65,125.04,1410,1800,0.78,179.7,388.61,,,2026-03-27,2026-03-29 07:52:55
6855,數泓科,109.5,51.65,60.01,54.84,-1.02,-0.67,-0.34,117.71,111.62,105.54,0,3,0.0,25.46,14.06,6.0,5.48,2026-03-27,2026-03-29 07:52:56
6856,鑫傳,52.7,70.65,56.32,36.36,-0.85,-0.83,-0.01,55.78,53.09,50.4,0,3,0.0,14.86,20.11,3.4,6.45,2026-03-27,2026-03-29 07:52:57
6857,宏�硒撢�,99.0,93.67,80.94,53.97,-0.82,-1.14,0.32,100.57,98.69,96.81,0,0,0.0,15.07,,,,2026-03-27,2026-03-29 07:52:58
6858,愛比科技,23.65,65.72,58.14,59.57,0.34,-0.14,0.48,25.12,22.07,19.03,29,44,0.67,6.44,,,,2026-03-27,2026-03-29 07:52:59
6859,伯特光,120.0,26.63,38.72,47.37,1.72,2.63,-0.91,132.11,122.28,112.44,0,41,0.0,49.91,41.96,2.5,2.08,2026-03-27,2026-03-29 07:52:59
6861,睿生光電,138.0,26.21,35.42,51.11,12.23,17.25,-5.01,176.82,150.95,125.08,934,1513,0.62,57.41,36.32,1.8,1.3,2026-03-27,2026-03-29 07:53:00
6862,三集瑞-KY,186.0,18.08,26.6,51.27,-0.66,1.53,-2.19,219.32,194.47,169.63,241,351,0.69,93.0,22.52,6.0,3.23,2026-03-27,2026-03-29 07:53:01
6863,永道-KY,90.3,40.9,38.56,47.71,-4.73,-5.19,0.46,103.38,93.25,83.12,20,52,0.38,67.62,30.1,5.5,6.09,2026-03-27,2026-03-29 07:53:01
6864,元樟生技,65.6,73.68,76.38,75.27,-0.38,-1.88,1.5,73.25,60.48,47.7,5,34,0.15,24.6,,,,2026-03-27,2026-03-29 07:53:02
6865,偉康科技,36.5,59.32,51.95,76.52,-1.41,-1.98,0.58,35.58,33.62,31.65,83,35,2.32,5.71,24.17,1.4,3.84,2026-03-27,2026-03-29 07:53:03
6867,坦德科技,22.4,51.3,42.25,44.14,-0.48,-0.54,0.07,24.78,22.45,20.13,33,49,0.69,7.84,,3.59,16.03,2026-03-27,2026-03-29 07:53:04
6868,采威國際,28.5,84.1,77.28,74.51,0.58,0.22,0.36,27.78,25.43,23.07,15,14,1.12,7.14,29.08,1.2,4.21,2026-03-27,2026-03-29 07:53:05
6869,雲豹能源,91.0,11.09,10.83,25.81,-3.92,-2.44,-1.47,115.82,101.59,87.35,452,720,0.63,121.41,8.9,5.01,5.51,2026-03-27,2026-03-29 07:53:05
6870,騰雲,190.5,22.19,26.49,58.18,-2.67,-2.81,0.14,204.95,190.93,176.9,17,38,0.44,44.48,28.01,4.22,2.22,2026-03-27,2026-03-29 07:53:06
6872,浩宇生醫,16.8,21.49,25.88,30.0,-0.67,-0.65,-0.02,19.63,17.79,15.95,27,25,1.07,11.89,,,,2026-03-27,2026-03-29 07:53:07
6873,泓德能源,86.9,9.56,14.44,31.74,-4.88,-3.86,-1.02,109.27,98.28,87.3,1255,844,1.49,123.29,24.27,4.61,5.3,2026-03-27,2026-03-29 07:53:08
6874,倍力,89.7,51.24,63.24,78.4,5.77,5.41,0.37,99.72,81.68,63.64,67,64,1.03,19.34,29.03,4.04,4.5,2026-03-27,2026-03-29 07:53:08
6875,國邑*,38.85,25.16,33.08,47.83,-1.08,-1.2,0.12,41.97,40.01,38.06,17,54,0.31,50.15,,,,2026-03-27,2026-03-29 07:53:09
6876,朗齊生醫*,23.1,27.03,42.19,53.64,0.3,0.36,-0.06,24.8,22.98,21.16,107,264,0.4,11.14,,,,2026-03-27,2026-03-29 07:53:10
6877,鏵友益,119.0,54.76,53.58,65.15,5.72,5.86,-0.15,124.55,111.33,98.1,794,1160,0.68,55.89,198.33,0.1,0.08,2026-03-27,2026-03-29 07:53:11
6878,歐付寶,10.85,23.0,36.51,51.72,-0.51,-0.53,0.02,12.34,11.38,10.43,1,14,0.07,7.88,,,,2026-03-27,2026-03-29 07:53:12
6879,大江基因,35.6,45.32,52.23,66.91,-0.31,-0.28,-0.03,38.16,35.71,33.26,11,9,1.19,9.42,23.42,2.0,5.62,2026-03-27,2026-03-29 07:53:14
6881,潤德,236.0,51.22,64.5,73.91,2.66,2.48,0.18,245.35,232.75,220.15,6,6,0.91,35.4,12.16,15.0,6.36,2026-03-27,2026-03-29 07:53:14
6882,甲尚,13.25,23.77,21.75,25.4,-1.06,-0.89,-0.17,17.98,14.98,11.99,67,80,0.84,3.07,,0.5,3.77,2026-03-27,2026-03-29 07:53:15
6883,微電能源,13.75,16.7,27.45,14.63,-3.31,-3.8,0.48,19.17,16.12,13.07,0,11,0.0,10.49,,,,2026-03-27,2026-03-29 07:53:16
6884,海柏特,35.4,41.67,25.07,52.78,-0.42,-0.47,0.06,36.25,34.84,33.44,23,13,1.72,6.51,17.61,1.5,4.24,2026-03-27,2026-03-29 07:53:17
6885,全福生技,23.9,30.82,28.13,32.76,-0.93,-0.9,-0.02,26.98,24.95,22.91,289,225,1.28,31.84,,,,2026-03-27,2026-03-29 07:53:18
6886,遠東生技,49.95,78.23,70.87,49.62,0.02,0.02,-0.0,50.96,49.71,48.45,2,1,1.2,15.87,27.15,1.0,2.0,2026-03-27,2026-03-29 07:53:19
6887,寶綠特-KY,43.95,44.78,34.39,48.13,-2.59,-3.11,0.52,47.81,44.29,40.78,27,32,0.84,32.58,9.7,3.96,9.01,2026-03-27,2026-03-29 07:53:19
6890,來億-KY,165.5,29.24,40.69,46.61,-10.94,-12.44,1.51,191.67,173.05,154.43,257,886,0.29,412.76,12.79,9.0,5.44,2026-03-27,2026-03-29 07:53:20
6891,樂迦再生,25.3,27.41,23.61,50.0,-0.55,-0.57,0.02,26.91,25.68,24.44,79,115,0.68,,,,,2026-03-27,2026-03-29 07:53:21
6892,台寶生醫,28.0,63.33,55.26,51.43,-0.2,-0.26,0.06,28.74,27.94,27.14,53,122,0.44,25.93,,,,2026-03-27,2026-03-29 07:53:22
6894,衛司特,350.0,61.9,70.25,67.3,29.22,28.6,0.62,391.44,326.24,261.03,258,283,0.91,83.3,32.05,8.5,2.43,2026-03-27,2026-03-29 07:53:22
6895,宏碩系統,166.0,47.47,40.87,62.96,-3.86,-5.12,1.26,173.3,161.4,149.5,74,65,1.13,56.61,46.11,2.9,1.75,2026-03-27,2026-03-29 07:53:23
6898,程曦資訊,112.0,44.85,47.78,47.14,-1.89,-1.88,-0.02,120.39,114.92,109.46,118,42,2.78,32.5,20.74,5.3,4.73,2026-03-27,2026-03-29 07:53:24
6899,創為精密,50.7,54.05,56.65,56.41,-0.27,-0.33,0.06,51.66,50.99,50.33,5,5,0.96,21.24,14.2,2.43,4.79,2026-03-27,2026-03-29 07:53:26
6901,鑽石投資,14.0,25.42,19.22,30.61,-0.69,-0.67,-0.02,16.69,14.83,12.97,271,404,0.67,119.39,,,,2026-03-27,2026-03-29 07:53:28
6902,GOGOLOOK,75.4,29.71,31.0,40.48,-0.41,-0.24,-0.17,79.0,76.54,74.07,24,34,0.71,26.66,48.03,,,2026-03-27,2026-03-29 07:53:28
6903,巨漢,296.0,31.0,42.6,54.92,8.34,10.34,-2.0,330.73,299.9,269.07,774,1623,0.48,194.91,27.92,8.0,2.7,2026-03-27,2026-03-29 07:53:29
6904,伯鑫,124.0,65.55,70.02,50.0,-0.21,-0.05,-0.17,126.43,124.2,121.97,0,1,0.0,22.94,22.88,5.0,4.03,2026-03-27,2026-03-29 07:53:31
6906,現觀科,67.1,31.12,34.54,47.53,-1.93,-1.96,0.04,74.65,70.08,65.52,49,46,1.08,21.63,35.88,3.33,4.96,2026-03-27,2026-03-29 07:53:31
6907,雅特力-KY,116.0,33.52,55.9,55.65,16.56,19.18,-2.62,164.1,119.31,74.53,787,726,1.08,,,1.0,0.86,2026-03-27,2026-03-29 07:53:32
6909,創控,47.8,66.21,64.46,64.53,1.14,0.74,0.4,50.2,43.75,37.3,2030,1629,1.25,32.13,48.28,1.0,2.09,2026-03-27,2026-03-29 07:53:34
6910,德鴻,29.9,29.23,34.39,61.79,-0.67,-0.74,0.07,31.64,29.97,28.3,71,71,1.0,9.13,15.1,1.75,5.85,2026-03-27,2026-03-29 07:53:34
6911,群運,32.7,35.54,30.27,56.25,-0.63,-0.73,0.11,34.7,32.86,31.01,5,30,0.19,7.33,15.95,2.0,6.12,2026-03-27,2026-03-29 07:53:35
6912,益鈞環科*,18.5,25.51,27.28,28.79,0.02,0.21,-0.19,20.91,19.46,18.01,96,141,0.68,26.64,,,,2026-03-27,2026-03-29 07:53:36
6913,鴻呈,112.0,48.58,53.25,54.22,-1.06,-1.21,0.15,121.2,112.45,103.7,69,157,0.44,,,,,2026-03-27,2026-03-29 07:53:37
6914,阜爾運通,152.0,63.26,60.51,76.09,2.14,1.75,0.39,155.87,147.03,138.18,57,81,0.7,100.66,15.87,6.0,3.95,2026-03-27,2026-03-29 07:53:37
6915,美強光,31.05,43.42,45.71,65.3,1.09,0.96,0.12,34.13,29.13,24.13,66,63,1.04,10.96,,,,2026-03-27,2026-03-29 07:53:38
6916,華凌,17.95,44.86,40.78,58.43,-0.12,-0.12,0.0,18.98,18.11,17.25,12,17,0.68,12.12,,0.28,1.56,2026-03-27,2026-03-29 07:53:39
6917,竟天,21.25,26.17,40.1,60.78,-0.29,-0.3,0.01,23.59,21.84,20.08,58,117,0.5,11.75,,,,2026-03-27,2026-03-29 07:53:40
6918,愛派司,80.4,44.82,48.4,71.99,0.37,0.25,0.12,81.88,78.81,75.74,60,52,1.14,27.39,15.61,5.0,6.22,2026-03-27,2026-03-29 07:53:40
6919,康霈*,81.2,4.73,5.42,12.72,-17.93,-14.29,-3.64,165.01,119.67,74.33,15721,15718,1.0,1264.38,15.12,,,2026-03-27,2026-03-29 07:53:41
6920,恆勁科技,41.2,42.62,55.76,76.39,3.07,2.82,0.24,49.4,36.97,24.54,749,882,0.85,85.37,,,,2026-03-27,2026-03-29 07:53:43
6921,嘉雨思-創,69.5,24.44,27.55,45.92,-1.37,-0.81,-0.56,80.77,73.51,66.24,69,81,0.85,22.13,198.57,,,2026-03-27,2026-03-29 07:53:44
6922,宸曜,161.5,52.25,65.2,64.52,0.67,0.16,0.51,170.94,159.53,148.11,46,41,1.11,43.86,23.75,4.79,2.97,2026-03-27,2026-03-29 07:53:46
6923,中台,77.2,12.4,14.91,26.11,-4.0,-3.47,-0.53,93.15,84.62,76.08,111,155,0.72,70.63,25.48,4.02,5.21,2026-03-27,2026-03-29 07:53:47
6924,榮惠-KY創,81.0,69.11,70.86,82.27,3.92,2.96,0.96,86.84,70.27,53.7,71,59,1.2,16.71,14.34,5.5,6.79,2026-03-27,2026-03-29 07:53:48
6925,意藍,77.7,68.7,62.58,70.16,-0.82,-2.09,1.27,79.05,73.58,68.11,80,96,0.83,15.54,24.98,2.0,2.57,2026-03-27,2026-03-29 07:53:49
6926,聖安生醫,67.2,80.34,71.67,55.84,-0.35,-0.48,0.12,68.55,67.01,65.47,10,12,0.8,33.47,,,,2026-03-27,2026-03-29 07:53:49
6927,聯合聚晶,37.5,57.33,57.81,47.1,-0.69,-0.7,0.01,41.03,39.19,37.36,21,37,0.56,14.35,,0.25,0.67,2026-03-27,2026-03-29 07:53:50
6928,攸泰科技,47.0,30.48,27.44,44.85,-1.38,-1.21,-0.17,52.73,48.7,44.67,68,113,0.6,40.42,,0.5,1.06,2026-03-27,2026-03-29 07:53:51
6929,佑全,31.7,47.36,57.21,50.0,-0.09,-0.12,0.04,33.01,31.93,30.85,8,8,0.91,14.29,,,,2026-03-26,2026-03-29 07:53:52
6931,青松健康,50.7,22.03,29.28,44.83,-1.15,-1.25,0.11,54.16,51.75,49.34,37,267,0.14,33.54,36.47,0.72,1.42,2026-03-27,2026-03-29 07:53:53
6932,水星生醫*,8.01,47.34,33.8,50.0,-0.18,-0.19,0.0,8.66,8.13,7.59,707,448,1.58,33.12,,,,2026-03-27,2026-03-29 07:53:53
6933,AMAX-KY,134.0,50.21,32.53,59.63,-2.49,-2.87,0.38,140.29,130.72,121.16,226,107,2.1,56.77,27.35,2.0,1.49,2026-03-27,2026-03-29 07:53:54
6934,心誠鎂,73.0,19.35,22.94,35.14,-13.55,-14.58,1.03,106.33,84.02,61.71,284,199,1.43,26.26,,,,2026-03-27,2026-03-29 07:53:56
6935,王子製藥,27.7,32.03,43.56,50.75,-0.35,-0.33,-0.02,29.56,28.24,26.91,4,13,0.35,10.36,10.61,,,2026-03-27,2026-03-29 07:53:57
6936,永鴻生技,34.3,48.94,41.8,54.76,-0.37,-0.4,0.03,35.91,34.6,33.29,29,24,1.18,24.97,18.85,1.69,4.93,2026-03-27,2026-03-29 07:53:57
6937,天虹,258.5,35.32,43.66,60.47,8.25,9.63,-1.38,285.51,259.15,232.79,756,715,1.06,174.42,86.17,2.1,0.81,2026-03-27,2026-03-29 07:53:59
6938,藍新資訊,84.7,66.96,66.79,53.88,1.1,1.11,-0.01,88.01,83.72,79.43,3,12,0.27,10.64,13.95,5.0,5.9,2026-03-27,2026-03-29 07:54:00
6939,啟弘生技,19.2,48.56,46.86,55.07,-0.11,-0.2,0.09,19.88,19.17,18.45,26,23,1.1,6.72,,,,2026-03-27,2026-03-29 07:54:01
6940,格斯科技*,22.0,33.24,19.26,46.98,-1.2,-1.24,0.04,24.79,22.01,19.23,2331,1390,1.68,65.93,,,,2026-03-27,2026-03-29 07:54:02
6944,兆聯實業,800.0,35.99,45.72,69.37,20.39,20.73,-0.34,859.12,767.05,674.98,834,867,0.96,613.5,25.45,14.0,1.75,2026-03-27,2026-03-29 07:54:02
6945,圓祥生技,206.5,57.18,56.52,63.73,10.14,7.17,2.96,225.78,185.38,144.97,755,1127,0.67,176.71,,,,2026-03-27,2026-03-29 07:54:03
6947,台鎔科技,78.2,37.36,39.1,69.49,-0.35,-0.44,0.08,81.97,77.28,72.59,40,110,0.36,73.77,217.22,0.6,0.77,2026-03-27,2026-03-29 07:54:04
6949,沛爾生醫-創,567.0,60.04,49.25,51.58,-2.37,3.84,-6.21,650.9,581.35,511.8,106,208,0.51,367.83,,,,2026-03-27,2026-03-29 07:54:05
6951,青新-創,79.7,58.18,60.0,80.25,0.93,0.81,0.12,82.12,77.68,73.24,38,49,0.79,36.66,14.9,3.8,4.77,2026-03-27,2026-03-29 07:54:05
6952,大武山,39.4,22.89,19.7,50.0,-0.91,-0.89,-0.02,42.74,40.38,38.01,17,17,0.95,26.53,,2.0,5.08,2026-03-27,2026-03-29 07:54:06
6953,家碩,223.0,63.46,56.29,67.01,-1.14,-2.54,1.39,228.05,215.69,203.33,41,46,0.88,66.93,28.09,6.0,2.69,2026-03-27,2026-03-29 07:54:07
6955,邦睿生技-創,166.0,38.48,45.89,48.06,0.52,0.96,-0.44,172.49,167.14,161.78,1,11,0.09,41.17,40.29,1.5,0.9,2026-03-27,2026-03-29 07:54:07
6957,裕慶-KY,160.5,34.99,37.11,50.72,-5.38,-5.72,0.34,176.8,165.53,154.25,31,84,0.37,88.0,15.77,13.16,8.2,2026-03-27,2026-03-29 07:54:08
6958,日盛台駿,17.25,56.51,58.06,72.0,0.23,0.29,-0.07,18.49,17.26,16.04,38,57,0.66,76.47,,0.2,1.16,2026-03-27,2026-03-29 07:54:09
6959,兆捷科技,91.0,79.01,74.99,82.59,5.28,3.47,1.81,97.61,77.86,58.11,150,572,0.26,35.64,,,,2026-03-27,2026-03-29 07:54:10
6961,旅天下,58.2,27.75,34.83,34.04,-0.65,-0.88,0.23,62.54,58.25,53.96,26,29,0.87,15.62,13.76,5.0,8.59,2026-03-27,2026-03-29 07:54:10
6962,奕力-KY,34.4,72.9,57.82,73.74,-0.94,-1.51,0.57,34.89,31.67,28.45,9677,4032,2.4,169.38,12.03,2.0,5.81,2026-03-27,2026-03-29 07:54:12
6963,品元,28.9,26.09,17.18,48.94,-0.87,-0.87,0.0,31.02,29.36,27.69,3,1,1.86,4.62,40.7,,,2026-03-25,2026-03-29 07:54:13
6965,中傑-KY,86.0,87.12,82.03,84.07,0.5,0.07,0.43,86.83,82.47,78.12,36,41,0.87,134.47,24.57,6.0,6.98,2026-03-27,2026-03-29 07:54:13
6967,汎瑋材料,65.8,31.44,44.94,60.78,0.26,0.07,0.2,69.85,65.16,60.46,39,62,0.62,16.06,16.41,3.7,5.62,2026-03-27,2026-03-29 07:54:14
6968,萬達寵物,46.65,19.63,31.72,64.04,-0.7,-0.8,0.1,48.78,47.26,45.75,55,38,1.46,23.07,18.96,1.0,2.14,2026-03-27,2026-03-29 07:54:15
6969,成信實業*-創,28.1,35.44,30.73,21.87,-0.84,-0.85,0.01,31.75,29.11,26.47,30,117,0.26,12.32,,,,2026-03-27,2026-03-29 07:54:16
6971,惠民實業,29.8,33.62,28.99,49.06,-0.08,-0.07,-0.02,30.4,29.99,29.57,58,52,1.11,11.52,12.37,,,2026-03-27,2026-03-29 07:54:17
6972,博瑞達應材,28.9,60.87,53.25,53.53,0.59,0.26,0.33,29.86,26.47,23.07,141,102,1.39,,,,,2026-03-27,2026-03-29 07:54:17
6973,永立榮,38.0,63.73,78.8,75.0,1.09,0.95,0.15,42.61,36.74,30.86,35,95,0.37,14.65,,,,2026-03-27,2026-03-29 07:54:18
6976,育世博-KY,11.6,21.39,24.13,21.95,-0.55,-0.52,-0.03,13.42,12.4,11.39,476,411,1.16,67.41,,,,2026-03-27,2026-03-29 07:54:19
6977,聯純,286.0,83.31,83.13,75.34,27.19,18.85,8.34,304.29,221.47,138.66,287,563,0.51,38.91,30.52,2.0,0.7,2026-03-27,2026-03-29 07:54:20
6979,勝釩,150.0,62.57,69.72,67.47,15.21,10.37,4.83,183.24,122.92,62.61,20,169,0.12,18.0,28.46,,,2026-03-27,2026-03-29 07:54:21
6980,鐳洋科技,164.5,71.69,64.1,71.3,5.58,2.42,3.16,162.02,135.68,109.33,787,478,1.64,47.71,,,,2026-03-27,2026-03-29 07:54:21
6982,大井泵浦,52.0,38.36,40.59,51.16,-1.76,-1.92,0.16,57.57,53.68,49.78,54,68,0.79,21.15,866.67,2.1,4.04,2026-03-27,2026-03-29 07:54:22
6983,華洋精機,430.0,63.2,78.59,66.11,71.95,72.92,-0.97,603.2,399.7,196.2,394,193,2.04,68.37,97.07,,,2026-03-27,2026-03-29 07:54:23
6984,ACPAY,25.1,88.21,72.26,50.68,-0.39,-0.54,0.15,26.44,24.78,23.13,1,1,0.81,4.83,209.17,,,2026-03-27,2026-03-29 07:54:24
6986,和迅,60.1,79.64,82.54,80.45,0.82,0.02,0.8,63.31,55.86,48.42,36,142,0.25,27.65,24.73,,,2026-03-27,2026-03-29 07:54:25
6987,寶晶能源*,20.5,19.95,30.74,46.77,-0.14,-0.08,-0.06,21.79,20.94,20.09,22,49,0.44,45.49,29.29,0.52,2.54,2026-03-27,2026-03-29 07:54:25
6988,威力暘-創,13.9,17.12,21.22,48.57,-0.74,-0.74,-0.0,15.83,14.56,13.28,33,29,1.11,6.45,,0.45,3.24,2026-03-27,2026-03-29 07:54:26
6990,華鉬,73.2,74.04,80.27,73.7,15.75,9.75,6.0,96.57,39.98,-16.61,280,740,0.38,,,,,2026-03-27,2026-03-29 07:54:27
6994,富威電力,72.4,19.11,16.2,41.24,-4.25,-3.47,-0.78,98.53,82.02,65.52,153,616,0.25,52.39,11.7,0.95,1.31,2026-03-27,2026-03-29 07:54:27
6995,野獸國,55.3,20.26,31.71,38.64,-0.56,-0.46,-0.1,58.51,56.92,55.32,31,25,1.23,14.01,41.27,0.15,0.27,2026-03-27,2026-03-29 07:54:28
6996,力領科技,169.5,42.94,36.99,55.1,0.9,1.51,-0.61,178.08,169.55,161.02,20,49,0.41,71.2,14.1,10.0,5.9,2026-03-27,2026-03-29 07:54:29
6997,博弘,83.0,45.08,38.18,50.0,-1.18,-1.42,0.24,85.99,83.36,80.73,0,2,0.0,18.34,16.27,5.0,6.02,2026-03-27,2026-03-29 07:54:30
6999,瀚醫生技,28.55,34.29,34.03,24.58,-1.12,-0.93,-0.19,34.53,31.24,27.94,6,3,1.87,6.29,26.19,0.6,2.1,2026-03-27,2026-03-29 07:54:31
7610,聯友金屬-創,368.0,75.84,73.51,74.19,30.26,28.45,1.81,381.04,322.27,263.51,1129,1489,0.76,178.85,68.53,0.2,0.05,2026-03-27,2026-03-29 07:54:32
7631,聚賢研發-創,114.5,59.34,60.33,60.18,-1.32,-1.65,0.33,121.23,115.02,108.8,34,51,0.67,23.06,17.72,3.0,2.62,2026-03-27,2026-03-29 07:54:32
7705,三商餐飲,34.9,33.02,24.09,40.95,-1.02,-1.01,-0.02,38.34,36.08,33.83,13,40,0.33,23.06,18.18,3.8,10.89,2026-03-27,2026-03-29 07:54:33
7711,永擎,278.0,85.61,83.11,79.04,13.91,6.36,7.55,301.98,233.97,165.97,357,1003,0.36,199.42,22.03,9.0,3.24,2026-03-27,2026-03-29 07:54:33
7717,萊德光電-KY,771.0,72.88,60.9,65.03,21.39,19.56,1.83,830.88,670.8,510.72,1306,453,2.88,168.51,126.6,,,2026-03-27,2026-03-29 07:54:34
7721,微程式,61.2,77.85,56.84,78.01,1.24,0.4,0.84,57.82,51.48,45.15,860,350,2.46,33.89,111.27,2.0,3.27,2026-03-27,2026-03-29 07:54:35
7722,LINEPAY,324.5,28.21,21.75,31.5,-31.71,-33.65,1.95,412.97,352.18,291.38,70,140,0.5,220.66,45.07,1.5,0.46,2026-03-27,2026-03-29 07:54:36
7730,暉盛-創,168.0,85.25,87.24,89.68,15.81,12.93,2.88,178.63,138.18,97.72,140,168,0.83,61.82,98.25,1.0,0.6,2026-03-27,2026-03-29 07:54:36
7732,金興精密,34.95,31.71,26.81,49.07,-0.42,-0.48,0.06,37.1,35.5,33.89,8,28,0.28,22.26,20.2,1.5,4.29,2026-03-27,2026-03-29 07:54:37
7736,虎山,80.9,37.32,32.41,53.79,-1.01,-1.14,0.13,85.1,80.94,76.78,5,18,0.3,61.14,16.08,3.8,4.7,2026-03-27,2026-03-29 07:54:38
7740,熙特爾-創,187.5,24.68,32.6,48.46,4.31,6.79,-2.48,206.59,191.95,177.31,79,157,0.5,99.75,38.42,,,2026-03-27,2026-03-29 07:54:38
7744,崴寶,458.0,26.37,32.95,59.21,16.61,24.68,-8.07,516.66,466.02,415.39,134,140,0.96,146.56,28.25,5.0,1.09,2026-03-27,2026-03-29 07:54:41
7749,意騰-KY,396.5,23.17,31.09,53.89,-6.42,-5.68,-0.74,440.96,405.65,370.34,84,142,0.59,184.32,35.59,7.0,1.77,2026-03-27,2026-03-29 07:54:42
7750,新代,1285.0,30.99,42.21,57.0,44.15,65.58,-21.43,1428.38,1309.25,1190.12,232,311,0.74,921.96,38.02,16.0,1.25,2026-03-27,2026-03-29 07:54:43
7751,竑騰,1630.0,73.65,73.97,83.13,167.0,158.17,8.83,1770.34,1387.5,1004.66,41,75,0.54,438.28,79.36,18.0,1.1,2026-03-27,2026-03-29 07:54:43
7765,中華資安,220.0,15.49,13.25,12.9,-9.93,-9.3,-0.63,260.88,235.07,209.27,75,69,1.08,89.49,19.23,9.22,4.19,2026-03-27,2026-03-29 07:54:44
7769,鴻勁,3790.0,27.19,33.33,46.63,-37.53,29.15,-66.69,4485.18,4086.25,3687.32,723,1085,0.67,6818.32,50.25,22.5,0.59,2026-03-27,2026-03-29 07:54:45
7780,大研生醫*,22.0,61.98,34.41,60.4,-0.88,-1.03,0.15,23.55,20.21,16.87,4583,3298,1.39,178.21,440.0,0.34,1.55,2026-03-27,2026-03-29 07:54:45
7786,東方風能,131.5,23.88,18.72,36.56,-6.13,-4.9,-1.23,162.51,143.95,125.39,99,252,0.39,230.6,12.01,2.0,1.52,2026-03-27,2026-03-29 07:54:46
7788,松川精密,143.0,34.54,32.14,45.73,-5.44,-4.1,-1.34,177.29,156.12,134.96,384,491,0.78,114.04,39.39,2.5,1.75,2026-03-27,2026-03-29 07:54:47
7791,皇家可口,66.6,30.22,41.8,68.22,-0.57,-0.75,0.18,69.23,66.41,63.59,28,40,0.69,53.28,11.89,3.81,5.72,2026-03-27,2026-03-29 07:54:47
7795,長廣,368.0,33.03,46.71,49.78,5.06,10.15,-5.08,430.64,396.07,361.51,544,1006,0.54,290.09,117.57,2.15,0.58,2026-03-27,2026-03-29 07:54:48
7799,禾榮科,393.0,7.44,7.41,34.34,-20.01,-15.69,-4.32,516.6,431.07,345.55,456,313,1.45,619.66,41.06,,,2026-03-27,2026-03-29 07:54:49
8011,台通,20.85,44.95,42.82,57.5,-0.16,-0.23,0.07,21.31,20.44,19.57,2386,1634,1.46,34.59,16.04,1.4,6.71,2026-03-27,2026-03-29 07:54:50
8016,矽創,198.5,46.59,50.26,63.93,1.69,1.91,-0.22,205.92,196.15,186.38,282,364,0.77,236.11,13.66,12.0,6.05,2026-03-27,2026-03-29 07:54:51
8021,尖點,268.0,60.79,54.53,68.77,8.82,8.03,0.79,272.48,243.28,214.07,20077,13981,1.44,388.71,98.89,1.2,0.45,2026-03-27,2026-03-29 07:54:51
8024,佑華,12.7,26.08,35.61,52.38,-0.07,-0.05,-0.02,13.21,12.84,12.47,119,54,2.2,5.74,,,,2026-03-27,2026-03-29 07:54:52
8027,鈦昇,131.0,88.51,85.72,83.09,6.12,2.7,3.42,131.02,106.83,82.64,16490,11454,1.44,137.86,,,,2026-03-27,2026-03-29 07:54:53
8028,昇陽半導體,191.0,59.42,59.41,67.03,4.46,3.29,1.17,202.94,182.5,162.06,10111,16842,0.6,334.79,45.69,2.2,1.15,2026-03-27,2026-03-29 07:54:54
8032,光菱,34.65,23.22,23.6,49.66,-0.67,-0.62,-0.05,37.27,35.46,33.64,32,39,0.81,17.95,15.97,1.1,3.17,2026-03-27,2026-03-29 07:54:55
8033,雷虎,138.5,26.48,40.45,52.63,-1.19,-0.66,-0.53,159.61,146.82,134.04,2621,4457,0.59,211.39,238.79,,,2026-03-27,2026-03-29 07:54:55
8034,榮群,23.85,28.23,28.83,48.46,-0.41,-0.26,-0.15,27.92,25.21,22.51,424,489,0.87,13.41,16.91,1.8,7.55,2026-03-27,2026-03-29 07:54:56
8038,長園科,41.1,27.27,40.08,60.07,-1.09,-1.22,0.12,45.13,42.27,39.42,217,289,0.75,25.6,44.67,,,2026-03-27,2026-03-29 07:54:58
8039,台虹,112.5,25.09,30.93,63.21,4.68,5.99,-1.31,129.82,112.43,95.04,7393,9577,0.77,295.79,55.15,2.5,2.22,2026-03-27,2026-03-29 07:54:59
8040,九暘,49.85,56.59,55.37,65.66,0.27,0.29,-0.02,51.76,49.69,47.63,76,120,0.63,48.06,,,,2026-03-27,2026-03-29 07:54:59
8042,金山電,52.4,23.08,34.88,51.95,-1.24,-1.09,-0.14,59.2,54.75,50.31,593,619,0.96,67.84,58.88,1.5,2.86,2026-03-27,2026-03-29 07:55:00
8043,蜜望實,71.6,30.96,41.86,60.08,-1.35,-1.71,0.36,77.79,71.67,65.54,754,842,0.89,57.21,42.87,0.8,1.12,2026-03-27,2026-03-29 07:55:01
8044,網家,23.0,42.39,32.0,33.33,-1.22,-1.29,0.07,27.44,24.33,21.21,297,451,0.66,47.02,,,,2026-03-27,2026-03-29 07:55:03
8045,達運光電,80.4,55.77,41.61,56.52,-0.82,-0.85,0.03,84.05,77.83,71.6,487,336,1.45,76.41,125.63,1.97,2.45,2026-03-27,2026-03-29 07:55:04
8046,南電,561.0,61.07,59.8,69.49,35.81,37.05,-1.24,607.71,510.02,412.34,25050,22337,1.12,3624.99,185.15,1.0,0.18,2026-03-27,2026-03-29 07:55:05
8047,星雲,59.9,78.9,64.94,58.97,2.08,1.54,0.54,61.44,52.85,44.27,441,288,1.53,24.96,,,,2026-03-27,2026-03-29 07:55:05
8048,德勝,54.7,17.72,26.07,36.63,-0.14,0.63,-0.77,67.44,60.83,54.21,623,546,1.14,31.57,20.64,2.2,4.02,2026-03-27,2026-03-29 07:55:06
8049,晶采,25.15,26.43,30.39,48.98,-0.26,-0.24,-0.02,26.29,25.55,24.81,65,91,0.71,29.75,14.79,2.0,7.95,2026-03-27,2026-03-29 07:55:08
8050,廣積,40.65,23.36,32.52,53.04,-0.37,-0.35,-0.02,42.34,41.13,39.92,290,282,1.03,80.97,29.04,3.18,7.82,2026-03-27,2026-03-29 07:55:09
8054,安國,99.9,41.27,35.23,55.87,-5.54,-6.26,0.72,114.55,102.38,90.22,1450,2027,0.72,105.67,,,,2026-03-27,2026-03-29 07:55:10
8058,耐特,137.5,79.02,73.52,81.49,15.09,9.67,5.43,138.66,96.75,54.84,2344,3263,0.72,,,2.0,1.45,2026-03-27,2026-03-29 07:55:11
8059,凱碩,18.55,35.96,44.43,57.07,-0.15,-0.27,0.12,20.29,18.27,16.25,294,547,0.54,36.0,,,,2026-03-27,2026-03-29 07:55:12
8064,東捷,70.6,68.89,74.65,71.12,5.33,4.03,1.29,78.01,59.15,40.28,10874,15199,0.72,116.36,51.91,0.6,0.85,2026-03-27,2026-03-29 07:55:13
8066,來思達,18.95,36.93,34.53,30.77,-0.28,-0.24,-0.04,20.16,19.45,18.74,16,23,0.69,6.94,,,,2026-03-27,2026-03-29 07:55:13
8067,志旭,15.05,53.71,46.32,56.41,0.03,0.01,0.02,15.52,14.81,14.1,0,0,0.0,3.12,,,,2026-03-27,2026-03-29 07:55:14
8068,全達,21.9,25.74,37.03,59.31,-0.3,-0.36,0.06,23.66,22.18,20.69,289,368,0.78,17.69,13.86,,,2026-03-27,2026-03-29 07:55:15
8069,元太,146.0,29.91,21.63,41.51,-8.15,-7.85,-0.31,176.1,154.53,132.95,3790,4454,0.85,1682.46,16.08,4.99,3.42,2026-03-27,2026-03-29 07:55:16
8070,長華*,45.85,77.09,76.29,77.16,0.3,-0.09,0.38,46.25,43.29,40.33,1486,3032,0.49,323.37,44.95,1.39,3.03,2026-03-27,2026-03-29 07:55:17
8071,能率網通,16.85,47.26,39.65,58.18,-0.2,-0.25,0.04,17.42,16.7,15.99,125,139,0.9,10.12,,,,2026-03-27,2026-03-29 07:55:17
8072,陞泰,27.35,24.91,26.75,53.06,-0.77,-0.75,-0.02,30.36,28.2,26.04,115,130,0.88,21.88,24.64,1.0,3.66,2026-03-27,2026-03-29 07:55:18
8074,鉅橡,57.0,24.19,28.47,47.88,-1.27,-0.47,-0.8,68.44,61.23,54.01,1208,1804,0.67,46.16,42.54,1.0,1.75,2026-03-27,2026-03-29 07:55:19
8076,伍豐,24.7,29.17,45.61,62.76,0.51,0.56,-0.05,27.75,24.57,21.39,652,1044,0.63,72.18,176.43,1.1,4.45,2026-03-27,2026-03-29 07:55:20
8077,洛碁,41.5,1.94,5.98,34.04,-0.54,-0.47,-0.07,43.25,42.22,41.2,0,0,0.0,9.11,6.88,2.0,4.82,2026-03-27,2026-03-29 07:55:21
8080,泰霖,29.2,27.75,27.23,43.04,-0.79,-0.76,-0.03,31.76,30.25,28.74,27,39,0.69,19.61,243.33,,,2026-03-27,2026-03-29 07:55:21
8081,致新,233.0,34.76,41.87,56.32,-0.12,1.04,-1.17,246.69,237.62,228.56,218,308,0.71,199.75,13.14,16.0,6.87,2026-03-27,2026-03-29 07:55:22
8083,瑞穎,169.5,45.41,51.33,54.55,-0.22,-0.0,-0.21,175.32,170.12,164.93,31,53,0.58,59.55,17.33,10.0,5.9,2026-03-27,2026-03-29 07:55:23
8084,巨虹,43.2,17.58,17.06,20.0,-3.12,-2.81,-0.32,57.24,48.46,39.68,59,60,0.98,30.03,,,,2026-03-27,2026-03-29 07:55:24
8085,福華,16.15,18.77,25.0,50.0,-0.27,-0.15,-0.12,18.26,16.94,15.63,625,400,1.56,22.61,,,,2026-03-27,2026-03-29 07:55:25
8086,宏捷科,129.5,35.68,37.72,53.21,1.72,2.87,-1.15,139.81,129.57,119.34,4035,4823,0.84,254.49,38.66,1.19,0.92,2026-03-27,2026-03-29 07:55:26
8087,麗升能源,34.2,71.48,70.4,60.96,0.54,0.66,-0.12,37.76,34.55,31.34,13,29,0.45,13.06,,1.0,2.92,2026-03-27,2026-03-29 07:55:26
8088,品安,50.6,25.92,41.83,59.01,0.04,0.42,-0.38,63.45,53.21,42.98,1978,2973,0.67,30.83,29.94,0.5,0.99,2026-03-27,2026-03-29 07:55:27
8089,康全電訊,23.5,17.06,21.38,52.07,-0.8,-0.84,0.04,25.96,24.27,22.59,99,123,0.8,15.51,,1.25,5.32,2026-03-27,2026-03-29 07:55:28
8091,翔名,151.5,78.16,76.43,75.0,4.3,2.54,1.76,154.17,138.72,123.28,455,1200,0.38,79.93,27.35,8.0,5.28,2026-03-27,2026-03-29 07:55:29
8092,建暐,12.8,26.47,30.4,45.65,-0.33,-0.29,-0.04,13.95,13.22,12.49,44,49,0.89,7.32,,,,2026-03-27,2026-03-29 07:55:30
8093,保銳,19.85,41.74,44.48,54.37,-0.07,-0.14,0.06,20.4,19.42,18.44,23,24,0.96,7.26,,,,2026-03-27,2026-03-29 07:55:31
8096,擎亞,91.4,72.83,73.46,80.22,6.66,5.84,0.82,98.43,77.48,56.54,25460,26576,0.96,136.5,103.86,0.5,0.55,2026-03-27,2026-03-29 07:55:32
8097,常珵,55.0,27.47,40.47,50.0,-0.19,0.06,-0.25,60.43,56.24,52.05,26,101,0.26,34.27,,,,2026-03-27,2026-03-29 07:55:33
8098,慶康科技,349.0,86.2,86.5,79.61,31.56,20.42,11.14,379.46,273.8,168.14,86,237,0.36,44.16,23.68,9.0,2.58,2026-03-27,2026-03-29 07:55:34
8099,大世科,60.8,34.69,35.91,52.89,-1.83,-2.15,0.32,63.8,60.76,57.72,97,65,1.49,60.84,24.13,0.71,1.17,2026-03-27,2026-03-29 07:55:35
8101,華冠,13.7,18.19,23.07,16.67,-0.45,-0.36,-0.1,15.79,14.62,13.46,6,3,1.71,6.57,14.57,,,2026-03-27,2026-03-29 07:55:35
8102,傑霖科技,57.0,85.74,79.93,66.36,0.2,-0.92,1.11,58.66,51.85,45.04,35,25,1.38,13.31,25.56,1.9,3.33,2026-03-26,2026-03-29 07:55:36
8103,瀚荃,84.3,27.85,25.88,53.22,-2.6,-2.36,-0.24,96.81,87.34,77.87,597,778,0.77,54.77,21.62,5.13,6.09,2026-03-27,2026-03-29 07:55:37
8104,錸寶,34.35,40.53,34.74,54.6,-0.5,-0.5,-0.0,37.0,34.62,32.25,776,1281,0.61,35.43,98.14,0.1,0.29,2026-03-27,2026-03-29 07:55:38
8105,凌巨,13.1,42.23,50.64,61.97,0.12,0.13,-0.0,13.81,12.94,12.06,1011,1253,0.81,57.84,59.55,,,2026-03-27,2026-03-29 07:55:38
8107,大億金茂,13.15,14.15,20.92,33.33,-0.37,-0.36,-0.01,14.27,13.56,12.86,60,69,0.86,9.86,,1.0,7.6,2026-03-27,2026-03-29 07:55:39
8109,博大,101.5,68.54,50.56,64.14,-0.81,-1.27,0.47,103.46,98.17,92.88,221,193,1.15,83.39,16.48,4.5,4.43,2026-03-27,2026-03-29 07:55:40
8110,華東,50.5,20.01,34.37,50.0,-2.64,-2.49,-0.15,63.76,56.02,48.27,12947,18379,0.7,255.4,20.45,0.2,0.4,2026-03-27,2026-03-29 07:55:41
8111,立碁,62.3,24.99,31.58,55.96,-1.22,-0.9,-0.33,71.46,65.19,58.92,806,1469,0.55,67.97,163.95,0.9,1.44,2026-03-27,2026-03-29 07:55:42
8112,至上,78.4,21.58,36.42,56.62,1.77,2.62,-0.85,98.09,80.55,63.01,9877,12398,0.8,409.48,16.51,3.35,4.27,2026-03-27,2026-03-29 07:55:42
8114,振樺電,175.0,26.92,40.54,57.69,-0.5,-0.53,0.04,185.49,176.32,167.16,259,318,0.81,133.58,9.6,7.76,4.43,2026-03-27,2026-03-29 07:55:43
8119,公信,8.13,57.18,56.02,58.45,0.13,0.09,0.05,8.54,7.75,6.96,166,251,0.66,5.17,,,,2026-03-27,2026-03-29 07:55:44
8121,越峰,24.75,46.88,48.49,57.39,-0.67,-0.78,0.11,26.99,25.16,23.34,123,188,0.66,,,,,2026-03-27,2026-03-29 07:55:44
8131,福懋科,63.1,39.91,42.49,56.97,-1.12,-1.0,-0.12,70.56,64.39,58.23,6012,7062,0.85,,,,,2026-03-27,2026-03-29 07:55:45
8147,正淩,144.0,61.2,66.22,74.49,6.17,6.15,0.02,151.76,134.35,116.94,303,406,0.75,,,,,2026-03-27,2026-03-29 07:55:46
8150,南茂,56.3,25.5,34.78,45.68,-0.35,0.41,-0.76,66.96,61.1,55.24,7743,7625,1.02,,,,,2026-03-27,2026-03-29 07:55:47
8155,博智,274.0,73.73,75.22,81.52,18.82,13.71,5.11,294.97,224.2,153.43,860,1506,0.57,,,,,2026-03-27,2026-03-29 07:55:58
8162,微矽電子-創,39.1,60.77,58.84,58.42,0.32,0.26,0.06,42.24,38.96,35.67,83,143,0.58,,,,,2026-03-27,2026-03-29 07:55:58
8163,達方,28.05,35.71,33.96,52.81,-0.63,-0.67,0.04,30.06,28.6,27.14,514,633,0.81,,,,,2026-03-27,2026-03-29 07:55:59
8171,天宇,25.5,26.21,38.73,52.58,-0.45,-0.41,-0.04,27.66,26.3,24.94,53,71,0.74,,,,,2026-03-27,2026-03-29 07:56:00
8176,智捷,11.95,39.86,51.42,60.32,0.35,0.32,0.03,13.49,11.58,9.67,153,323,0.47,,,,,2026-03-27,2026-03-29 07:56:01
8182,加高,29.85,63.57,48.41,80.51,0.12,-0.11,0.23,28.94,27.14,25.34,925,320,2.89,,,,,2026-03-27,2026-03-29 07:56:02
8183,精星,33.95,19.7,27.81,47.86,-0.09,0.29,-0.38,38.64,35.85,33.05,236,276,0.86,,,,,2026-03-27,2026-03-29 07:56:03
8201,無敵,13.0,20.08,27.99,47.62,-0.26,-0.23,-0.02,14.09,13.41,12.72,66,60,1.1,,,,,2026-03-27,2026-03-29 07:56:04
8210,勤誠,909.0,63.31,55.04,60.56,-8.24,-11.53,3.29,937.79,898.1,858.41,1530,2359,0.65,,,,,2026-03-27,2026-03-29 07:56:04
8213,志超,33.55,28.23,17.66,35.95,-0.84,-0.63,-0.21,38.71,34.76,30.81,437,427,1.02,,,,,2026-03-27,2026-03-29 07:56:05
8215,明基材,23.4,37.07,53.37,64.54,0.97,0.9,0.07,26.56,22.12,17.68,1467,4234,0.35,,,,,2026-03-27,2026-03-29 07:56:06
8222,寶一,35.9,19.5,29.51,45.45,-0.96,-0.87,-0.09,40.46,37.92,35.39,251,348,0.72,,,,,2026-03-27,2026-03-29 07:56:06
8227,巨有科技,123.5,25.46,28.89,51.56,-3.91,-3.8,-0.11,136.12,127.4,118.68,252,273,0.92,,,,,2026-03-27,2026-03-29 07:56:07
8234,新漢,63.2,23.12,36.18,56.09,-1.32,-1.35,0.03,70.78,65.24,59.7,527,509,1.03,,,,,2026-03-27,2026-03-29 07:56:08
8240,華宏,53.4,44.4,59.61,70.72,3.71,3.46,0.25,63.18,47.99,32.79,676,981,0.69,,,,,2026-03-27,2026-03-29 07:56:09
8249,菱光,50.2,18.02,17.22,36.93,-1.85,-1.72,-0.13,57.51,52.32,47.13,423,642,0.66,,,,,2026-03-27,2026-03-29 07:56:10
8255,朋程,127.0,60.6,68.68,62.96,1.2,0.81,0.39,135.29,126.08,116.86,511,661,0.77,,,,,2026-03-27,2026-03-29 07:56:10
8261,富鼎,102.5,23.69,39.43,59.38,2.54,3.37,-0.83,115.8,103.95,92.09,1129,1895,0.6,,,,,2026-03-27,2026-03-29 07:56:11
8271,宇瞻,144.5,22.0,40.0,56.52,9.97,13.79,-3.82,216.21,152.8,89.39,2001,1326,1.51,,,,,2026-03-27,2026-03-29 07:56:12
8272,全景軟體,73.1,27.54,42.75,37.37,-1.02,-0.88,-0.14,77.72,75.2,72.69,7,8,0.86,,,,,2026-03-27,2026-03-29 07:56:13
8277,商丞,8.06,34.7,45.05,37.93,-0.3,-0.28,-0.02,9.25,8.52,7.8,174,320,0.54,,,,,2026-03-27,2026-03-29 07:56:13
8279,生展,110.0,52.41,40.54,48.39,-3.14,-3.4,0.26,116.8,111.38,105.95,7,14,0.48,,,,,2026-03-27,2026-03-29 07:56:14
8284,三竹,63.6,53.57,58.37,72.58,0.27,0.17,0.09,65.04,62.93,60.82,5,7,0.7,,,,,2026-03-27,2026-03-29 07:56:15
8289,泰藝,39.95,60.14,52.37,65.09,2.18,2.26,-0.08,41.25,36.24,31.23,4094,2793,1.47,,,,,2026-03-27,2026-03-29 07:56:16
8291,尚茂,15.15,82.6,64.18,56.7,-0.35,-0.57,0.22,15.56,14.42,13.29,0,1,0.0,,,,,2026-03-27,2026-03-29 07:56:17
8298,威睿,45.8,70.38,68.59,68.52,3.93,1.82,2.11,49.5,34.39,19.28,140,348,0.4,,,,,2026-03-27,2026-03-29 07:56:17
8299,群聯,1565.0,20.52,32.91,48.2,-46.44,-14.39,-32.05,2049.23,1800.0,1550.77,10167,7278,1.4,,,,,2026-03-27,2026-03-29 07:56:18
8329,台視,10.2,58.45,53.42,53.33,0.03,-0.0,0.03,10.43,10.16,9.89,321,171,1.88,28.62,2.73,0.75,7.35,2026-03-27,2026-03-29 07:56:19
8341,日友,77.0,42.62,41.0,57.61,-0.36,-0.38,0.02,79.6,77.24,74.88,156,152,1.02,,,,,2026-03-27,2026-03-29 07:56:20
8342,益張,88.0,86.8,82.28,100.0,0.29,-0.11,0.39,87.12,84.63,82.14,5,7,0.66,,,,,2026-03-27,2026-03-29 07:56:22
8345,超秦,57.0,45.46,42.71,61.15,0.5,0.4,0.1,55.67,53.25,50.82,66,25,2.65,,,,,2026-03-27,2026-03-29 07:56:22
8349,恒耀,41.2,35.15,48.67,63.89,-0.11,-0.13,0.02,44.35,41.34,38.32,178,161,1.1,86.03,21.46,1.82,4.42,2026-03-27,2026-03-29 07:56:23
8354,冠好,15.15,31.58,38.7,57.14,-0.06,-0.06,-0.0,15.61,15.26,14.92,27,19,1.4,,,,,2026-03-27,2026-03-29 07:56:24
8358,金居,237.0,37.08,38.77,51.52,-6.7,-5.78,-0.92,285.15,246.82,208.5,28890,22111,1.31,,,,,2026-03-27,2026-03-29 07:56:25
8359,錢櫃,70.3,75.29,78.39,71.43,2.57,1.73,0.84,74.82,65.14,55.45,79,114,0.7,,,,,2026-03-27,2026-03-29 07:56:26
8367,建新國際,43.4,26.71,37.77,26.85,0.13,0.47,-0.34,47.15,45.51,43.86,20,76,0.26,40.0,11.45,2.85,6.57,2026-03-27,2026-03-29 07:56:26
8374,羅昇,69.5,25.34,27.66,50.0,-3.82,-3.62,-0.2,83.67,73.93,64.19,185,191,0.97,,,,,2026-03-27,2026-03-29 07:56:27
8383,千附,44.6,65.44,77.18,79.07,1.06,0.81,0.26,46.93,42.75,38.57,558,957,0.58,,,,,2026-03-27,2026-03-29 07:56:29
8390,金益鼎,91.1,20.28,25.45,47.59,-1.84,-0.96,-0.88,104.63,96.2,87.78,302,550,0.55,,,,,2026-03-27,2026-03-29 07:56:31
8401,白紗科,25.6,25.8,23.89,26.53,-0.55,-0.54,-0.01,28.13,26.19,24.24,67,59,1.12,,,,,2026-03-27,2026-03-29 07:56:32
8403,盛弘,22.6,22.35,16.77,45.16,-0.25,-0.26,0.01,23.32,22.76,22.2,190,141,1.35,,,,,2026-03-27,2026-03-29 07:56:32
8404,百和興業-KY,18.9,12.74,12.01,16.98,-1.06,-0.99,-0.07,23.06,20.43,17.8,315,400,0.79,,,,,2026-03-27,2026-03-29 07:56:33
8409,商之器,20.85,78.02,70.22,57.5,0.0,-0.08,0.08,21.09,20.56,20.03,3,8,0.36,,,,,2026-03-27,2026-03-29 07:56:34
8410,森田,36.6,34.41,45.31,60.27,-0.13,-0.12,-0.01,37.61,36.68,35.75,4,26,0.15,,,,,2026-03-27,2026-03-29 07:56:35
8411,福貞-KY,12.25,57.96,58.91,51.43,0.01,0.02,-0.01,12.51,12.25,11.99,20,100,0.2,,,,,2026-03-27,2026-03-29 07:56:35
8415,大國鋼,33.6,26.85,25.1,43.48,-0.13,-0.11,-0.02,34.12,33.75,33.38,329,245,1.34,,,,,2026-03-27,2026-03-29 07:56:36
8416,實威,168.5,49.81,48.35,45.0,-1.87,-2.24,0.37,171.48,168.95,166.42,1,4,0.22,,,,,2026-03-27,2026-03-29 07:56:37
8421,旭源,13.8,53.19,51.02,66.67,0.12,0.12,0.01,14.02,13.54,13.05,12,40,0.3,,,,,2026-03-27,2026-03-29 07:56:37
8422,可寧衛*,29.25,30.65,26.84,44.3,-1.35,-1.4,0.05,33.13,30.6,28.07,5141,10296,0.5,,,,,2026-03-27,2026-03-29 07:56:38
8423,保綠-KY,19.15,50.52,46.61,54.62,0.07,0.05,0.02,19.51,18.7,17.88,12,12,0.99,,,,,2026-03-27,2026-03-29 07:56:39
8424,惠普,74.5,20.24,16.96,36.36,0.08,0.2,-0.12,76.33,75.05,73.77,7,9,0.73,,,,,2026-03-27,2026-03-29 07:56:40
8426,紅木-KY,25.1,16.07,16.53,42.42,-0.62,-0.54,-0.08,27.33,25.85,24.38,17,37,0.45,,,,,2026-03-27,2026-03-29 07:56:40
8429,金麗-KY,6.95,36.24,29.53,41.51,-0.12,-0.12,-0.0,7.33,7.08,6.84,128,200,0.64,,,,,2026-03-27,2026-03-29 07:56:41
8431,匯鑽科,65.4,25.99,34.61,56.49,0.03,0.58,-0.54,73.79,67.22,60.65,1037,1508,0.69,,,,,2026-03-27,2026-03-29 07:56:42
8432,東生華,50.8,14.34,20.98,45.45,-1.04,-1.1,0.06,54.09,51.85,49.61,8,16,0.5,,,,,2026-03-27,2026-03-29 07:56:43
8433,弘帆,62.4,78.81,77.35,75.74,1.78,1.39,0.4,64.08,58.06,52.05,275,133,2.06,,,,,2026-03-27,2026-03-29 07:56:44
8435,鉅邁,56.4,38.68,48.84,48.53,0.33,0.49,-0.16,58.88,57.16,55.44,16,16,0.96,,,,,2026-03-27,2026-03-29 07:56:45
8436,大江,124.5,59.94,58.89,59.52,-2.53,-3.13,0.6,129.33,124.0,118.67,216,374,0.58,,,,,2026-03-27,2026-03-29 07:56:46
8437,大地-KY,12.9,18.21,11.94,22.5,-0.71,-0.72,0.01,15.12,13.63,12.13,51,64,0.8,6.06,1.41,1.02,7.91,2026-03-27,2026-03-29 07:56:47
8438,昶昕,65.7,45.6,35.54,50.29,1.07,1.6,-0.53,73.57,66.14,58.71,822,1347,0.61,,,,,2026-03-27,2026-03-29 07:56:47
8440,綠電,22.85,17.75,13.99,14.55,-0.65,-0.54,-0.1,25.68,24.29,22.91,281,138,2.04,,,,,2026-03-27,2026-03-29 07:56:48
8442,威宏-KY,54.0,26.26,16.96,33.33,-3.96,-3.53,-0.44,69.07,58.82,48.58,38,67,0.57,,,,,2026-03-27,2026-03-29 07:56:49
8443,阿瘦,12.0,57.89,55.84,65.22,0.08,0.09,-0.01,12.0,11.85,11.69,52,96,0.54,,,,,2026-03-27,2026-03-29 07:56:49
8444,綠河-KY,8.95,64.57,51.14,54.76,-0.31,-0.4,0.09,9.34,8.84,8.35,18,18,1.01,,,,,2026-03-27,2026-03-29 07:56:50
8446,華研,100.0,84.07,81.52,79.07,1.17,0.93,0.25,100.68,97.16,93.65,181,157,1.15,,,,,2026-03-27,2026-03-29 07:56:51
8450,霹靂,17.8,65.11,68.44,66.67,0.23,0.13,0.1,18.19,17.28,16.37,57,97,0.59,,,,,2026-03-27,2026-03-29 07:56:52
8454,富邦媒,179.5,53.87,46.33,53.12,-2.87,-3.73,0.86,187.24,179.25,171.26,232,301,0.77,,,,,2026-03-27,2026-03-29 07:56:53
8455,大拓-KY,20.8,30.81,32.58,40.56,-0.13,0.02,-0.15,23.31,21.79,20.28,22,8,2.68,,,,,2026-03-27,2026-03-29 07:56:53
8458,影一,18.2,84.98,82.18,63.89,0.08,-0.12,0.2,18.68,17.29,15.9,10,3,2.71,,,,,2026-03-27,2026-03-29 07:56:54
8462,柏文,144.5,46.34,47.28,66.67,0.07,-0.26,0.33,149.68,142.18,134.67,56,161,0.35,,,,,2026-03-27,2026-03-29 07:56:55
8463,潤泰材,22.8,10.37,11.26,23.62,-1.05,-0.75,-0.3,28.66,25.26,21.86,28,108,0.26,,,,,2026-03-27,2026-03-29 07:56:55
8464,億豐,345.0,24.96,35.04,47.89,-8.48,-5.82,-2.66,391.12,363.11,335.1,1155,1308,0.88,,,,,2026-03-27,2026-03-29 07:56:56
8466,美吉吉-KY,17.85,11.73,13.66,27.69,-1.03,-0.9,-0.13,21.86,19.39,16.92,54,72,0.75,,,,,2026-03-27,2026-03-29 07:56:57
8467,波力-KY,151.5,35.77,33.46,43.75,-5.59,-5.73,0.14,168.27,157.2,146.13,27,21,1.26,,,,,2026-03-27,2026-03-29 07:56:57
8472,夠麻吉,77.6,42.3,56.66,78.32,4.32,3.91,0.42,89.93,71.14,52.36,14,29,0.47,,,,,2026-03-27,2026-03-29 07:56:58
8473,山林水,39.25,54.62,67.31,67.18,0.65,0.47,0.18,41.39,38.33,35.27,676,1192,0.57,,,,,2026-03-27,2026-03-29 07:57:05
8476,台境*,19.4,48.94,58.65,55.77,0.13,0.07,0.06,20.13,19.32,18.51,368,748,0.49,,,,,2026-03-27,2026-03-29 07:57:06
8477,創業家,13.7,51.83,63.9,72.34,0.24,0.23,0.01,14.35,13.47,12.6,21,38,0.54,,,,,2026-03-27,2026-03-29 07:57:06
8478,東哥遊艇,161.5,32.17,32.02,52.87,-4.15,-4.72,0.58,171.98,164.18,156.37,62,130,0.48,,,,,2026-03-27,2026-03-29 07:57:07
8481,政伸,42.25,73.65,61.23,65.38,0.07,0.03,0.04,42.49,41.83,41.17,2,12,0.17,,,,,2026-03-27,2026-03-29 07:57:08
8482,商億-KY,48.3,61.39,50.52,51.9,-0.51,-0.52,0.0,53.05,49.02,45.0,2,5,0.38,,,,,2026-03-27,2026-03-29 07:57:08
8487,愛爾達-創,80.6,49.82,37.51,47.12,-0.37,-0.25,-0.13,84.44,81.17,77.91,25,16,1.53,,,,,2026-03-27,2026-03-29 07:57:09
8488,吉源-KY,10.0,32.3,25.84,59.29,-0.02,-0.03,0.01,10.12,9.89,9.66,337,117,2.87,,,,,2026-03-27,2026-03-29 07:57:10
8489,三貝德,25.55,41.3,41.03,60.42,-2.27,-2.79,0.52,29.77,25.35,20.93,49,85,0.58,,,,,2026-03-27,2026-03-29 07:57:11
8499,鼎炫-KY,256.0,25.03,28.44,52.65,-10.24,-10.11,-0.13,299.46,269.55,239.64,39,107,0.36,,,,,2026-03-27,2026-03-29 07:57:11
8905,裕國,40.1,79.06,83.27,83.78,1.01,1.12,-0.11,41.28,39.02,36.76,24,43,0.55,,,,,2026-03-27,2026-03-29 07:57:13
8906,花王,29.4,6.56,11.03,41.33,-1.2,-1.24,0.04,33.09,30.74,28.39,50,41,1.2,,,,,2026-03-27,2026-03-29 07:57:14
8908,欣雄,41.15,41.18,38.14,26.01,-0.08,-0.02,-0.06,45.27,41.64,38.0,79,198,0.4,,,,,2026-03-27,2026-03-29 07:57:15
8916,光隆,47.1,47.6,50.54,56.79,-0.3,-0.35,0.06,47.89,47.21,46.52,36,77,0.46,,,,,2026-03-27,2026-03-29 07:57:16
8917,欣泰,55.2,10.59,11.82,16.9,-0.67,-0.37,-0.3,64.8,57.39,49.99,18,51,0.35,,,,,2026-03-27,2026-03-29 07:57:17
8921,沈氏,17.5,72.16,72.18,71.43,-0.15,-0.21,0.06,18.31,17.39,16.47,0,1,0.0,,,,,2026-03-27,2026-03-29 07:57:17
8923,時報,20.05,79.57,75.89,65.52,0.07,0.04,0.03,20.62,19.78,18.94,2,7,0.28,,,,,2026-03-27,2026-03-29 07:57:18
8924,大田,67.9,39.17,34.77,41.51,-0.75,-0.76,0.02,70.28,68.67,67.05,33,56,0.59,,,,,2026-03-27,2026-03-29 07:57:20
8926,台汽電,46.0,40.68,31.3,56.29,0.15,0.32,-0.17,47.34,45.69,44.04,2179,1733,1.26,,,,,2026-03-27,2026-03-29 07:57:20
8927,北基,23.35,32.08,24.59,23.44,-0.33,-0.27,-0.06,25.44,24.07,22.69,171,544,0.32,,,,,2026-03-27,2026-03-29 07:57:21
8928,鉅明,23.9,59.66,38.56,45.95,-0.48,-0.52,0.04,25.16,23.96,22.75,6,9,0.63,,,,,2026-03-27,2026-03-29 07:57:22
8929,富堡,16.05,53.9,42.78,51.11,-0.19,-0.2,0.01,16.57,16.02,15.48,17,15,1.09,,,,,2026-03-27,2026-03-29 07:57:23
8930,青鋼,30.0,32.22,35.43,39.14,0.19,0.23,-0.04,31.12,29.88,28.64,153,129,1.18,,,,,2026-03-27,2026-03-29 07:57:24
8931,大汽電,44.85,27.23,18.55,22.05,-0.37,-0.15,-0.22,48.69,46.14,43.59,5,23,0.21,,,,,2026-03-27,2026-03-29 07:57:25
8932,智通*,82.0,19.19,17.72,36.07,-3.68,-2.77,-0.9,104.47,90.0,75.53,1055,1570,0.67,,,,,2026-03-27,2026-03-29 07:57:25
8933,愛地雅,6.53,17.36,30.23,52.05,-0.08,-0.06,-0.02,7.04,6.7,6.37,192,284,0.67,,,,,2026-03-27,2026-03-29 07:57:26
8935,邦泰,18.15,16.19,15.77,41.46,-0.58,-0.5,-0.08,20.76,18.98,17.2,160,210,0.76,,,,,2026-03-27,2026-03-29 07:57:27
8936,國統,53.2,37.22,53.07,62.58,0.52,0.4,0.12,56.32,53.01,49.7,2513,3566,0.7,,,,,2026-03-27,2026-03-29 07:57:28
8937,合騏,148.0,16.97,25.33,46.83,0.67,2.04,-1.37,163.88,152.85,141.82,147,203,0.72,,,,,2026-03-27,2026-03-29 07:57:30
8938,明安,62.4,14.79,23.28,36.36,-1.23,-0.85,-0.38,70.52,67.18,63.85,567,446,1.27,,,,,2026-03-27,2026-03-29 07:57:30
8940,新天地,18.5,14.45,20.77,40.38,-0.36,-0.35,-0.02,19.84,19.02,18.21,17,35,0.47,,,,,2026-03-27,2026-03-29 07:57:34
8941,關中,45.1,58.5,64.99,33.33,-0.2,-0.08,-0.12,46.69,45.82,44.94,5,7,0.7,,,,,2026-03-27,2026-03-29 07:57:35
8942,森鉅,36.8,40.28,46.19,61.78,-0.09,-0.16,0.06,38.24,36.36,34.48,213,182,1.17,,,,,2026-03-27,2026-03-29 07:57:36
8996,高力,865.0,42.6,46.55,64.64,15.06,24.14,-9.07,986.1,841.22,696.35,2629,4215,0.62,,,,,2026-03-27,2026-03-29 07:57:37
8999,台灣積層,37.6,47.35,48.21,30.77,-0.15,-0.14,-0.01,39.58,37.93,36.28,0,1,0.0,,,,,2026-03-27,2026-03-29 07:57:38
9103,美德醫療-DR,5.07,23.81,28.28,50.45,-0.03,-0.02,-0.01,5.41,5.17,4.94,610,917,0.66,,,,,2026-03-27,2026-03-29 07:57:39
9105,泰金寶-DR,5.61,35.45,41.46,63.71,-0.07,-0.07,0.0,5.95,5.64,5.32,7774,7345,1.06,,,,,2026-03-27,2026-03-29 07:57:39
9110,越南控-DR,3.18,41.31,39.69,53.97,0.0,-0.0,0.01,3.26,3.11,2.97,44,31,1.4,,,,,2026-03-27,2026-03-29 07:57:40
9136,巨騰-DR,9.86,62.13,74.1,64.36,0.73,0.64,0.09,11.76,9.41,7.06,3760,4143,0.91,,,,,2026-03-27,2026-03-29 07:57:42
9802,鈺齊-KY,81.2,30.8,27.11,38.46,-3.14,-3.1,-0.04,91.9,84.3,76.7,613,896,0.68,,,,,2026-03-27,2026-03-29 07:57:42
9902,台火,14.25,11.33,12.09,27.78,-0.59,-0.57,-0.02,16.31,15.03,13.75,187,231,0.81,,,,,2026-03-27,2026-03-29 07:57:43
9904,寶成,28.9,39.36,26.51,40.58,-0.52,-0.5,-0.03,30.71,29.31,27.91,4199,5156,0.81,,,,,2026-03-27,2026-03-29 07:57:44
9905,大華,20.8,28.43,33.95,56.36,0.14,0.19,-0.06,21.63,20.87,20.11,36,54,0.66,,,,,2026-03-27,2026-03-29 07:57:44
9906,欣巴巴,43.15,69.91,61.05,62.95,-0.43,-0.93,0.5,44.59,41.88,39.17,325,410,0.79,,,,,2026-03-27,2026-03-29 07:57:45
9907,統一實,18.15,47.24,33.67,38.24,-0.13,-0.09,-0.03,19.23,18.38,17.53,1845,2453,0.75,,,,,2026-03-27,2026-03-29 07:57:46
9908,大台北,30.0,13.33,15.52,15.91,-0.09,0.02,-0.11,32.74,30.62,28.51,413,984,0.42,,,,,2026-03-27,2026-03-29 07:57:47
9910,豐泰,81.0,31.62,24.19,33.49,-4.0,-4.06,0.06,95.97,85.75,75.52,827,1217,0.68,799.86,15.88,5.1,6.3,2026-03-27,2026-03-29 07:57:48
9911,櫻花,88.8,27.53,44.02,56.41,0.94,1.32,-0.38,92.91,89.98,87.05,444,547,0.81,,,,,2026-03-27,2026-03-29 07:57:49
9912,偉聯,12.5,63.84,76.98,70.59,0.13,0.11,0.02,12.79,12.36,11.93,26,37,0.69,,,,,2026-03-27,2026-03-29 07:57:50
9914,美利達,66.0,16.78,23.46,35.78,-3.23,-3.49,0.26,72.77,69.2,65.64,2290,1384,1.65,,,,,2026-03-27,2026-03-29 07:57:50
9917,中保科,114.0,57.95,60.65,73.81,1.89,1.68,0.21,118.4,110.58,102.75,839,574,1.46,,,,,2026-03-27,2026-03-29 07:57:51
9918,欣天然,49.1,47.6,41.53,32.67,1.49,1.78,-0.29,58.3,48.85,39.4,1344,1388,0.97,,,,,2026-03-27,2026-03-29 07:57:52
9919,康那香,15.5,23.18,25.11,50.0,-0.26,-0.28,0.02,16.45,15.74,15.03,184,889,0.21,,,,,2026-03-27,2026-03-29 07:57:52
9921,巨大,71.4,29.84,27.12,40.11,-3.74,-4.11,0.37,81.32,74.06,66.8,1144,1464,0.78,,,,,2026-03-27,2026-03-29 07:57:53
9924,福興,46.15,50.89,50.94,55.67,-0.36,-0.68,0.32,48.49,46.04,43.59,77,172,0.45,,,,,2026-03-27,2026-03-29 07:57:54
9925,新保,40.7,51.01,47.43,53.33,-0.03,-0.02,-0.01,40.94,40.75,40.57,197,199,0.99,,,,,2026-03-27,2026-03-29 07:57:56
9926,新海,49.9,10.11,17.0,11.98,-0.08,0.11,-0.19,54.17,50.86,47.54,77,169,0.45,,,,,2026-03-27,2026-03-29 07:57:57
9927,泰銘,67.8,40.87,35.93,59.38,-0.38,-0.43,0.05,69.36,67.65,65.94,59,95,0.62,,,,,2026-03-27,2026-03-29 07:57:57
9928,中視,17.6,45.35,54.53,45.83,-0.11,-0.11,-0.0,18.08,17.82,17.56,26,50,0.52,,,,,2026-03-27,2026-03-29 07:57:58
9929,秋雨,11.5,47.44,61.71,57.07,0.56,0.51,0.05,14.46,11.51,8.56,34,65,0.52,,,,,2026-03-27,2026-03-29 07:57:59
9930,中聯資源,70.4,50.36,41.35,52.83,-0.08,-0.07,-0.01,72.1,70.57,69.04,16,70,0.23,,,,,2026-03-27,2026-03-29 07:57:59
9931,欣高,39.35,33.54,33.07,32.19,0.74,1.2,-0.46,48.6,40.74,32.88,1026,1245,0.82,47.37,16.13,1.8,4.57,2026-03-27,2026-03-29 07:58:00
9933,中鼎,36.15,69.66,81.56,70.13,1.53,1.05,0.48,39.03,33.62,28.2,12828,15120,0.85,,,,,2026-03-27,2026-03-29 07:58:01
9934,成霖,9.45,22.88,30.13,51.91,-0.12,-0.12,0.0,9.86,9.58,9.3,549,467,1.17,,,,,2026-03-27,2026-03-29 07:58:02
9935,慶豐富,19.55,48.15,61.56,73.24,0.08,0.01,0.07,20.52,19.23,17.94,80,169,0.47,,,,,2026-03-27,2026-03-29 07:58:02
9937,全國,56.6,59.14,54.96,2.9,-0.43,-0.31,-0.12,60.88,57.69,54.51,51,92,0.55,,,,,2026-03-27,2026-03-29 07:58:03
9938,百和,47.15,17.85,23.43,41.12,-1.04,-0.93,-0.11,51.52,48.8,46.09,783,1160,0.68,,,,,2026-03-27,2026-03-29 07:58:05
9939,宏全,120.0,36.54,34.04,50.0,-0.43,-0.25,-0.18,125.38,120.47,115.57,513,792,0.65,,,,,2026-03-27,2026-03-29 07:58:05
9940,信義,20.1,35.78,37.14,48.65,-0.41,-0.45,0.04,21.03,20.32,19.61,237,326,0.73,,,,,2026-03-27,2026-03-29 07:58:06
9941,裕融,78.5,82.18,82.23,64.52,0.21,-0.26,0.47,80.22,76.17,72.12,1573,3783,0.42,,,,,2026-03-27,2026-03-29 07:58:07
9942,茂順,115.0,41.04,37.63,50.0,0.16,0.55,-0.39,119.17,115.9,112.63,36,72,0.5,95.64,14.18,7.0,6.09,2026-03-27,2026-03-29 07:58:08
9943,好樂迪,58.3,51.98,60.81,65.79,-0.15,-0.28,0.13,59.72,58.0,56.27,54,70,0.77,,,,,2026-03-27,2026-03-29 07:58:09
9944,新麗,16.45,54.17,48.15,51.85,-0.1,-0.11,0.01,16.79,16.44,16.09,31,41,0.76,,,,,2026-03-27,2026-03-29 07:58:10
9945,潤泰新,25.3,23.29,17.58,26.8,-1.01,-0.84,-0.17,29.99,27.08,24.17,4393,7023,0.63,,,,,2026-03-27,2026-03-29 07:58:10
9946,三發地產,17.85,39.98,58.98,69.7,0.26,0.23,0.03,19.12,17.72,16.32,387,276,1.4,,,,,2026-03-27,2026-03-29 07:58:11
9955,佳龍,30.8,14.41,23.71,41.2,-0.8,-0.35,-0.45,37.63,33.83,30.03,330,448,0.74,,,,,2026-03-27,2026-03-29 07:58:12
9958,世紀鋼,119.5,21.7,29.6,44.44,-2.47,-2.03,-0.44,133.23,125.0,116.77,1093,1242,0.88,,,,,2026-03-27,2026-03-29 07:58:14
1294,漢田生技,81.9,11.45,14.28,29.41,0.32,1.15,-0.83,92.83,84.24,75.65,19,35,0.54,,,,,2026-03-27,2026-03-29 07:58:17
1593,祺驊,34.65,77.56,69.73,43.27,0.86,0.89,-0.03,36.09,33.71,31.33,12,26,0.48,,,,,2026-03-27,2026-03-29 07:58:18
3066,李洲,19.9,37.53,52.6,65.43,1.42,1.42,-0.01,24.17,18.4,12.62,176,450,0.39,,,,,2026-03-27,2026-03-29 07:58:19
3081,聯亞,1720.0,71.2,61.08,63.41,132.33,131.21,1.13,1699.26,1486.0,1272.74,4926,2075,2.37,,,,,2026-03-27,2026-03-29 07:58:20
3093,港建*,44.1,35.63,49.66,62.32,4.29,4.48,-0.19,54.58,38.93,23.28,491,939,0.52,,,,,2026-03-27,2026-03-29 07:58:20
3221,台嘉碩,36.05,64.3,65.45,66.02,1.84,1.43,0.4,37.74,31.61,25.48,17740,13979,1.27,,,,,2026-03-27,2026-03-29 07:58:21
3234,光環,94.1,66.41,65.57,68.39,5.96,6.12,-0.16,104.23,87.87,71.51,3409,4756,0.72,,,,,2026-03-27,2026-03-29 07:58:22
3587,閎康,229.0,68.63,68.09,65.17,8.8,4.61,4.19,254.39,210.12,165.85,1340,7241,0.19,,,,,2026-03-27,2026-03-29 07:58:23
3664,安瑞-KY,12.35,10.81,16.3,20.25,-0.67,-0.59,-0.07,15.07,13.36,11.64,47,44,1.06,,,,,2026-03-27,2026-03-29 07:58:24
7547,碩網,79.9,78.67,76.94,86.52,5.51,3.16,2.35,81.09,61.48,41.87,2150,1554,1.38,,,,,2026-03-27,2026-03-29 07:58:24
7712,博盛半導體,116.0,32.98,48.05,62.81,6.92,7.99,-1.07,137.58,114.18,90.79,348,837,0.42,,,,,2026-03-27,2026-03-29 07:58:25
7718,友鋮,47.85,29.49,41.03,56.33,0.9,0.9,-0.0,52.02,47.12,42.23,22,83,0.26,,,,,2026-03-27,2026-03-29 07:58:27
3071,協禧,30.05,65.32,70.06,78.38,1.49,1.05,0.44,30.85,26.19,21.54,2137,4330,0.49,29.97,47.81,0.81,2.7,2026-03-27,2026-03-31 20:10:44
3259,鑫創,17.15,41.86,59.99,55.56,0.05,-0.19,0.24,19.97,17.46,14.95,155,460,0.34,11.86,,,,2026-03-27,2026-03-31 20:10:44
3363,上詮,642.0,48.22,57.57,63.07,42.38,46.16,-3.78,715.51,624.6,533.69,788,3137,0.25,625.02,3055.56,,,2026-03-27,2026-03-31 20:10:44
3521,台鋼建設,13.85,19.97,20.33,43.28,-0.3,-0.27,-0.04,15.2,14.25,13.29,16,164,0.1,18.95,,,,2026-03-27,2026-03-31 20:10:44
3595,山太士,1615.0,62.74,72.91,72.29,268.89,254.52,14.38,2019.07,1244.55,470.03,617,848,0.73,547.7,367.05,,,2026-03-27,2026-03-31 20:10:44
3710,連展投控,6.45,46.88,30.17,49.69,-0.11,-0.1,-0.02,6.81,6.31,5.81,909,363,2.5,18.67,,,,2026-03-27,2026-03-31 20:10:44
7728,光焱科技,756.0,37.68,44.77,56.07,13.8,14.55,-0.75,903.33,764.45,625.57,649,1146,0.57,93.52,137.2,7.03,0.93,2026-03-27,2026-03-31 20:10:44
7810,捷創科技,274.0,83.22,81.65,82.17,13.29,3.7,9.59,279.87,214.32,148.78,1037,1102,0.94,49.81,39.68,4.0,1.46,2026-03-27,2026-03-31 20:10:44
7846,德揚,71.0,67.68,72.65,73.01,8.09,6.69,1.4,82.87,56.85,30.82,31,64,0.49,22.64,45.07,1.0,1.41,2026-03-27,2026-03-31 20:10:44
7890,明曜科技,128.0,80.93,74.44,84.95,8.3,2.5,5.81,124.62,88.76,52.91,231,165,1.4,,,,,2026-03-27,2026-03-31 20:10:44
3163,波若威,854.0,45.11,51.99,63.85,71.8,86.05,-14.25,988.2,819.95,651.7,972,1013,0.96,634.66,126.89,3.0,0.35,2026-03-27,2026-03-31 23:58:10
3205,佰研,56.5,70.3,54.39,78.49,0.74,0.37,0.37,54.2,51.52,48.83,2997,857,3.5,42.22,,,,2026-03-27,2026-03-31 23:58:10
3228,金麗科,126.0,31.23,26.82,49.12,-1.93,-1.39,-0.54,141.08,129.35,117.62,162,265,0.61,94.75,,,,2026-03-27,2026-03-31 23:58:10
3349,寶德,25.0,13.16,14.17,24.11,-1.14,-0.91,-0.24,31.63,27.6,23.58,82,153,0.54,12.46,,,,2026-03-27,2026-03-31 23:58:10
3491,昇達科,1665.0,76.64,64.83,73.21,66.88,56.94,9.94,1726.99,1410.5,1094.01,4510,1626,2.77,980.47,187.99,6.49,0.39,2026-03-27,2026-03-31 23:58:10
3552,同致,47.8,47.92,37.4,54.63,-1.93,-2.24,0.31,50.87,47.76,44.65,156,159,0.98,56.5,86.12,0.77,1.61,2026-03-27,2026-03-31 23:58:10
7709,榮田,66.0,68.74,58.95,79.33,1.47,0.84,0.63,64.33,56.06,47.78,2828,708,3.99,30.27,31.59,2.3,3.48,2026-03-27,2026-03-31 23:58:10
7734,印能科技,1845.0,56.4,54.96,63.77,110.06,122.72,-12.65,1926.89,1733.5,1540.11,364,424,0.86,596.62,64.35,21.72,1.18,2026-03-27,2026-03-31 23:58:10
7770,君曜,48.95,41.1,43.67,64.21,-1.09,-1.42,0.33,49.96,48.68,47.4,12,8,1.4,15.0,16.74,4.0,8.17,2026-03-27,2026-03-31 23:58:10
