股票代號,股票名稱,收盤價,開盤價,最高價,最低價,K值,D值,RSI,DIF,MACD,柱狀圖,BB上軌,BB中軌,BB下軌,成交量張,5日均量張,量比,市值億,本益比,每股配息,殖利率,交易日,更新時間
0050,元大台灣50,111.15,109.45,111.2,109.45,88.69,75.4,60.76,3.2,3.04,0.16,110.19,104.03,97.86,115734,85746,1.35,,32.46,,,2026-06-22,2026-06-22 07:30:58
0051,元大中型100,151.5,150.0,151.9,149.5,85.77,72.25,58.35,3.84,3.56,0.28,150.51,142.5,134.48,93,85,1.09,,29.8,,,2026-06-22,2026-06-22 07:30:59
0052,富邦科技,65.25,64.25,65.55,64.25,85.97,71.79,59.58,1.83,1.73,0.09,64.79,61.02,57.26,46526,30387,1.53,,38.09,,,2026-06-22,2026-06-22 07:31:00
0053,元大電子,252.15,249.45,254.15,249.45,84.21,70.71,55.55,6.63,6.62,0.01,252.26,239.18,226.1,39,21,1.86,,42.48,,,2026-06-22,2026-06-22 07:31:01
0055,元大MSCI金融,42.92,43.6,43.62,42.86,90.36,91.09,80.31,2.21,1.8,0.42,44.64,38.58,32.52,1326,1411,0.94,,17.34,,,2026-06-22,2026-06-22 07:31:02
0056,元大高股息,54.05,53.5,54.15,53.5,85.82,73.08,57.59,1.91,1.96,-0.05,54.5,51.03,47.56,47448,34347,1.38,,21.61,,,2026-06-22,2026-06-22 07:31:03
0057,富邦摩台,324.95,327.7,328.55,324.95,84.76,72.06,57.06,8.74,8.48,0.26,325.22,307.82,290.41,30,18,1.65,,35.26,,,2026-06-22,2026-06-22 07:31:04
0061,元大寶滬深,25.79,25.51,25.83,25.49,83.34,66.73,62.24,0.18,0.1,0.08,25.86,24.99,24.11,574,400,1.44,,21.12,,,2026-06-22,2026-06-22 07:31:05
1101,台泥,24.35,24.55,24.65,24.2,46.37,49.06,46.67,0.02,-0.01,0.03,25.01,24.31,23.62,40424,34068,1.19,1824.59,16.38,0.8,3.29,2026-06-22,2026-06-22 07:31:07
1102,亞泥,36.35,35.85,36.5,35.7,87.63,82.61,82.28,0.36,0.09,0.27,36.41,34.36,32.32,19837,17867,1.11,1289.18,12.16,2.3,6.33,2026-06-22,2026-06-22 07:31:08
1103,嘉泥,13.75,13.8,13.8,13.55,83.32,80.24,64.52,0.11,0.06,0.05,13.9,13.47,13.04,379,337,1.12,90.58,16.37,0.55,4.0,2026-06-22,2026-06-22 07:31:09
1104,環泥,29.0,29.2,29.3,28.9,52.52,62.38,71.15,0.25,0.2,0.05,30.12,28.56,27.0,2674,1288,2.08,199.14,11.37,1.85,6.38,2026-06-22,2026-06-22 07:31:10
1108,幸福,13.9,14.0,14.0,13.75,66.44,56.35,53.12,-0.06,-0.11,0.05,14.11,13.76,13.4,504,350,1.44,56.26,6.44,0.75,5.4,2026-06-22,2026-06-22 07:31:11
1109,信大,14.5,14.6,14.6,14.45,43.21,53.08,42.86,-0.09,-0.11,0.01,14.91,14.63,14.36,234,176,1.33,49.47,14.08,0.9,6.21,2026-06-22,2026-06-22 07:31:13
1110,東泥,15.5,15.55,15.6,15.4,34.46,40.21,65.52,0.23,0.2,0.04,16.6,15.16,13.71,172,292,0.59,88.42,43.06,0.3,1.94,2026-06-22,2026-06-22 07:31:14
1201,味全,12.45,12.55,12.55,12.35,68.73,64.04,55.56,0.01,-0.03,0.04,12.7,12.34,11.98,503,401,1.26,63.0,31.12,0.21,1.69,2026-06-22,2026-06-22 07:31:15
1203,味王,42.8,43.0,43.0,42.6,58.04,58.59,42.61,0.1,0.12,-0.02,44.22,42.99,41.75,11,25,0.48,101.74,23.65,1.2,2.8,2026-06-22,2026-06-22 07:31:16
1210,大成,54.7,54.7,55.0,54.6,61.06,72.07,68.33,0.58,0.5,0.08,56.76,53.93,51.11,1626,3184,0.51,457.68,12.66,3.0,5.48,2026-06-22,2026-06-22 07:31:17
1213,大飲,8.0,8.35,8.35,8.0,19.23,33.93,32.64,-0.11,-0.1,-0.0,8.73,8.4,8.07,128,30,4.27,4.53,,0.35,4.38,2026-06-22,2026-06-22 07:31:18
1215,卜蜂,115.0,115.0,116.0,114.5,27.86,34.42,37.25,-4.12,-4.17,0.05,133.71,120.1,106.49,811,1862,0.44,339.01,11.08,7.0,6.09,2026-06-22,2026-06-22 07:31:19
1216,統一,74.3,74.9,74.9,74.0,50.58,65.05,53.19,0.78,0.75,0.03,77.48,73.68,69.88,14842,15236,0.97,4221.74,21.6,3.0,4.04,2026-06-22,2026-06-22 07:31:21
1217,愛之味,9.89,9.88,9.92,9.83,52.73,48.46,57.14,0.04,0.03,0.01,10.1,9.81,9.53,546,513,1.06,48.91,23.55,0.25,2.53,2026-06-22,2026-06-22 07:31:22
1218,泰山,17.8,17.9,17.95,17.8,32.77,47.95,42.57,0.08,0.1,-0.01,18.51,17.81,17.12,894,1121,0.8,86.56,11.19,1.32,7.42,2026-06-22,2026-06-22 07:31:23
1219,福壽,12.5,12.55,12.6,12.45,75.03,78.54,74.51,0.0,-0.05,0.05,12.82,12.36,11.9,498,344,1.45,42.65,27.78,0.5,4.0,2026-06-22,2026-06-22 07:31:24
1220,台榮,11.7,11.8,11.85,11.7,48.9,42.54,50.0,-0.11,-0.13,0.02,11.95,11.74,11.54,94,80,1.17,20.64,146.25,0.7,5.98,2026-06-22,2026-06-22 07:31:25
1225,福懋油,31.05,32.1,32.1,31.0,70.62,72.22,56.85,0.29,-0.03,0.31,32.45,30.29,28.13,176,623,0.28,75.22,19.17,0.14,0.45,2026-06-22,2026-06-22 07:31:26
1227,佳格,29.1,29.1,29.2,28.9,66.67,63.44,62.86,0.07,-0.05,0.11,29.34,28.51,27.68,1032,1363,0.76,264.35,21.88,1.34,4.6,2026-06-22,2026-06-22 07:31:28
1229,聯華,41.2,41.75,42.0,41.2,50.56,51.73,54.55,0.17,0.11,0.06,43.96,41.3,38.63,3836,2668,1.44,736.95,16.03,1.3,3.16,2026-06-22,2026-06-22 07:31:29
1231,聯華食,86.8,87.4,87.4,86.5,33.49,45.23,53.64,0.09,0.02,0.07,89.06,86.72,84.38,357,316,1.13,259.06,22.78,1.6,1.84,2026-06-22,2026-06-22 07:31:30
1232,大統益,142.0,143.0,143.0,141.5,55.34,67.58,58.27,0.48,0.35,0.13,144.4,141.87,139.35,385,265,1.45,227.16,17.23,7.2,5.07,2026-06-22,2026-06-22 07:31:31
1233,天仁,27.95,27.95,28.0,27.9,81.43,78.07,52.54,-0.17,-0.24,0.07,28.42,27.89,27.36,22,26,0.84,25.31,37.27,0.2,0.72,2026-06-22,2026-06-22 07:31:32
1234,黑松,34.95,35.0,35.0,34.7,64.82,71.54,58.33,0.08,0.04,0.04,35.54,34.77,33.99,122,127,0.96,140.45,17.48,1.65,4.72,2026-06-22,2026-06-22 07:31:34
1235,興泰,36.75,37.4,37.4,36.7,28.01,32.91,25.14,-0.94,-0.87,-0.07,41.54,38.72,35.89,21,18,1.17,16.71,,0.5,1.36,2026-06-22,2026-06-22 07:31:35
1236,宏亞,25.85,25.7,25.9,25.55,77.65,77.08,90.32,0.2,0.09,0.11,26.37,25.17,23.96,65,76,0.85,22.41,,1.65,6.38,2026-06-22,2026-06-22 07:31:36
1240,茂生農經,58.3,58.3,58.4,58.3,81.82,77.39,66.67,0.01,-0.14,0.15,58.6,57.73,56.86,12,13,0.93,25.79,12.05,2.7,4.63,2026-06-22,2026-06-22 07:31:38
1256,鮮活果汁-KY,181.0,181.0,182.5,180.5,45.2,33.14,23.36,-0.28,1.56,-1.84,210.66,187.93,165.19,35,63,0.56,64.75,16.25,6.6,3.65,2026-06-22,2026-06-22 07:31:39
1259,安心,58.0,57.5,58.0,57.0,51.57,67.71,46.87,0.13,0.09,0.03,59.72,58.11,56.51,17,4,3.55,18.79,23.67,1.2,2.07,2026-06-18,2026-06-22 07:31:41
1264,德麥,270.5,271.0,271.5,269.0,71.03,73.77,56.86,-0.39,-0.84,0.45,273.86,269.95,266.04,31,19,1.58,100.23,13.25,15.0,5.55,2026-06-22,2026-06-22 07:31:42
1268,漢來美食,170.0,170.0,170.0,169.0,74.0,66.83,53.85,1.82,2.17,-0.35,170.97,169.07,167.18,29,25,1.14,71.78,16.83,7.5,4.41,2026-06-22,2026-06-22 07:31:43
1294,漢田生技,79.9,82.8,82.8,79.1,36.91,36.91,55.08,0.18,-0.02,0.2,81.34,78.56,75.77,81,59,1.37,24.19,17.6,3.0,3.75,2026-06-22,2026-06-22 07:31:45
1295,生合,48.9,49.7,50.0,48.8,47.16,54.33,46.47,-1.08,-1.41,0.33,51.49,49.74,47.99,96,92,1.04,16.86,9.26,3.0,6.13,2026-06-22,2026-06-22 07:31:46
1301,台塑,52.4,52.7,53.5,51.7,69.64,50.96,56.06,0.41,-0.2,0.6,53.23,47.55,41.87,51823,64083,0.81,3335.65,38.19,0.5,0.95,2026-06-22,2026-06-22 07:31:47
1303,南亞,152.5,152.5,152.5,152.5,88.68,74.5,75.34,11.2,6.67,4.53,141.05,107.77,74.49,56782,94656,0.6,12094.5,267.54,0.8,0.52,2026-06-22,2026-06-22 07:31:49
1304,台聚,13.7,13.8,14.05,13.6,55.1,41.13,58.14,0.01,-0.12,0.12,14.12,12.88,11.63,8376,6193,1.35,146.9,,0.15,1.09,2026-06-22,2026-06-22 07:31:50
1305,華夏,13.4,13.35,13.7,13.25,57.51,43.38,58.46,-0.1,-0.22,0.12,13.75,12.79,11.82,3281,2843,1.15,77.86,,0.1,0.75,2026-06-22,2026-06-22 07:31:51
1307,三芳,36.4,37.0,37.0,36.1,65.8,75.03,78.68,1.25,1.02,0.23,38.69,34.11,29.53,1171,1575,0.74,144.81,12.82,2.2,6.04,2026-06-22,2026-06-22 07:31:52
1308,亞聚,14.15,14.1,14.3,13.95,62.82,48.94,58.62,-0.05,-0.16,0.11,14.36,13.57,12.78,2979,2497,1.19,84.01,52.41,0.2,1.41,2026-06-22,2026-06-22 07:31:53
1309,台達化,15.05,14.9,15.25,14.75,31.97,21.0,39.82,-0.67,-0.69,0.02,17.28,15.53,13.77,3906,4199,0.93,59.84,,0.15,1.0,2026-06-22,2026-06-22 07:31:55
1310,台苯,10.15,9.6,10.15,9.58,65.65,47.01,71.87,0.11,-0.06,0.17,9.8,8.62,7.44,19393,8898,2.18,53.58,39.04,,,2026-06-22,2026-06-22 07:31:57
1312,國喬,14.0,13.5,14.2,13.5,48.36,39.12,65.12,0.44,0.37,0.08,15.57,12.71,9.85,22447,13394,1.68,157.48,21.21,,,2026-06-22,2026-06-22 07:31:58
1313,聯成,12.05,11.65,12.1,11.55,75.02,59.2,66.71,0.12,0.0,0.12,11.89,10.99,10.09,9952,4971,2.0,160.37,,0.1,0.83,2026-06-22,2026-06-22 07:31:59
1314,中石化,8.04,7.85,8.24,7.8,41.77,38.84,69.42,0.13,0.11,0.02,8.45,7.61,6.76,47118,25097,1.88,304.3,4.62,,,2026-06-22,2026-06-22 07:32:00
1315,達新,62.2,62.5,63.0,62.2,73.09,63.59,48.57,0.08,-0.0,0.09,62.63,61.63,60.63,35,47,0.74,59.42,40.13,4.5,7.23,2026-06-22,2026-06-22 07:32:01
1316,上曜,10.5,10.75,10.75,10.45,44.31,54.85,52.38,-0.02,-0.08,0.06,11.29,10.59,9.89,3886,3038,1.28,37.34,47.73,,,2026-06-22,2026-06-22 07:32:03
1319,東陽,84.8,88.5,88.6,84.8,38.9,59.08,51.69,4.05,4.89,-0.84,106.3,90.06,73.82,20033,8631,2.32,501.57,13.19,5.0,5.9,2026-06-22,2026-06-22 07:32:04
1321,大洋,31.15,32.1,32.25,31.05,73.54,79.55,68.03,0.45,0.16,0.3,32.63,30.0,27.36,256,296,0.86,68.74,,0.38,1.22,2026-06-22,2026-06-22 07:32:05
1323,永裕,20.0,19.85,20.1,19.65,43.66,40.12,48.94,0.12,0.12,-0.0,20.55,19.78,19.0,508,156,3.24,18.26,76.92,0.9,4.5,2026-06-22,2026-06-22 07:32:06
1324,地球,10.45,10.4,10.45,10.35,44.46,47.24,53.12,-0.0,-0.01,0.01,10.81,10.44,10.08,73,99,0.74,7.85,,0.2,1.91,2026-06-22,2026-06-22 07:32:07
1325,恆大,25.6,26.15,26.15,25.6,26.25,32.66,36.36,-0.24,-0.17,-0.08,27.48,26.52,25.57,589,283,2.08,21.83,,0.3,1.17,2026-06-22,2026-06-22 07:32:08
1326,台化,56.2,55.0,57.2,54.1,74.27,57.77,55.22,1.45,0.87,0.58,58.6,50.45,42.29,33192,33317,1.0,3287.15,38.3,0.6,1.07,2026-06-22,2026-06-22 07:32:10
1336,台翰,15.85,15.05,16.2,15.05,72.2,67.26,71.3,0.45,0.26,0.19,15.86,14.14,12.41,561,600,0.94,12.3,22.64,0.26,1.64,2026-06-22,2026-06-22 07:32:12
1337,再生-KY,5.05,5.09,5.13,5.05,54.13,45.98,55.77,-0.01,-0.03,0.02,5.25,4.96,4.67,691,611,1.13,13.58,,,,2026-06-22,2026-06-22 07:32:13
1338,廣華-KY,17.2,17.15,17.25,17.05,67.24,58.69,62.69,0.29,0.24,0.05,17.71,16.63,15.54,106,134,0.79,13.89,2.0,0.3,1.74,2026-06-22,2026-06-22 07:32:14
1339,昭輝,43.6,43.95,43.95,43.0,48.79,56.68,44.9,0.65,0.73,-0.09,46.43,43.62,40.82,235,275,0.86,32.32,18.09,3.0,6.88,2026-06-22,2026-06-22 07:32:16
1340,勝悅-KY,5.66,5.72,5.72,5.55,55.14,51.98,55.97,-0.01,-0.03,0.03,6.02,5.63,5.24,306,190,1.61,8.66,,,,2026-06-22,2026-06-22 07:32:18
1341,富林-KY,61.9,62.1,62.1,61.2,57.85,59.42,49.21,0.24,0.36,-0.12,63.58,62.21,60.84,50,20,2.4,32.71,16.73,4.0,6.46,2026-06-22,2026-06-22 07:32:19
1342,八貫,117.0,118.0,119.5,116.0,74.9,77.97,80.87,6.29,5.06,1.23,125.26,104.26,83.26,1034,1374,0.75,91.26,20.93,6.0,5.13,2026-06-22,2026-06-22 07:32:20
1402,遠東新,28.8,28.9,29.1,28.45,81.62,79.81,77.37,0.63,0.41,0.22,29.86,26.99,24.13,32398,31478,1.03,1541.4,18.58,1.6,5.56,2026-06-22,2026-06-22 07:32:21
1409,新纖,28.15,25.6,28.15,25.0,69.15,57.9,57.56,2.19,2.2,-0.01,31.65,24.67,17.69,36327,24382,1.49,450.38,23.66,0.6,2.13,2026-06-22,2026-06-22 07:32:22
1410,南染,24.7,24.6,25.15,24.4,33.31,25.98,35.37,-0.79,-0.82,0.03,27.07,25.58,24.09,141,89,1.57,15.31,42.59,0.2,0.81,2026-06-22,2026-06-22 07:32:23
1413,宏洲,9.38,9.42,9.44,9.28,40.67,43.87,48.08,-0.03,-0.02,-0.0,9.68,9.46,9.24,22,33,0.67,12.39,20.84,,,2026-06-22,2026-06-22 07:32:25
1414,東和,17.55,17.7,17.7,17.4,74.53,72.96,81.48,0.41,0.23,0.18,18.69,16.18,13.67,108,153,0.71,34.75,92.37,0.2,1.14,2026-06-22,2026-06-22 07:32:26
1416,廣豐,10.95,11.05,11.05,10.85,43.0,54.96,56.97,0.09,0.08,0.01,11.44,10.93,10.42,806,517,1.56,20.29,13.52,0.57,5.21,2026-06-22,2026-06-22 07:32:27
1417,嘉裕,8.43,8.46,8.48,8.4,66.36,76.57,61.86,0.0,-0.02,0.03,8.72,8.38,8.03,264,252,1.05,16.01,13.6,0.25,2.97,2026-06-22,2026-06-22 07:32:28
1418,東華,18.0,18.05,18.45,18.0,13.06,21.82,28.85,-0.02,0.03,-0.04,19.45,18.5,17.55,31,27,1.16,9.78,,,,2026-06-22,2026-06-22 07:32:29
1419,新紡,66.2,67.1,67.1,65.0,64.85,58.49,50.91,0.67,0.62,0.05,68.18,65.78,63.39,216,172,1.26,198.09,16.15,1.5,2.27,2026-06-22,2026-06-22 07:32:30
1423,利華,38.65,39.7,39.7,38.6,45.61,66.8,53.99,0.6,0.74,-0.14,42.23,39.72,37.21,126,352,0.36,38.51,8.93,3.6,9.31,2026-06-22,2026-06-22 07:32:32
1432,大魯閣,18.0,17.75,18.0,17.6,85.14,78.28,78.57,0.24,0.15,0.09,18.03,17.04,16.05,2245,878,2.55,19.44,2.99,2.0,11.11,2026-06-22,2026-06-22 07:32:33
1434,福懋,16.9,17.05,17.1,16.8,72.33,71.51,71.43,0.31,0.22,0.09,17.62,16.16,14.7,4715,2752,1.71,284.34,33.14,0.8,4.73,2026-06-22,2026-06-22 07:32:35
1435,中福,15.5,15.5,15.5,15.5,100.0,59.63,100.0,0.15,-0.13,0.28,14.33,13.05,11.76,3,3,0.97,21.67,,,,2026-06-22,2026-06-22 07:32:37
1436,華友聯,45.7,47.15,47.15,45.45,49.2,51.95,54.35,-0.34,-0.65,0.31,47.58,45.56,43.54,851,591,1.44,88.73,9.56,4.51,9.87,2026-06-22,2026-06-22 07:32:38
1437,勤益控,29.75,29.9,30.1,29.65,84.38,83.84,72.13,0.17,0.03,0.14,30.05,28.94,27.83,167,99,1.68,60.06,12.4,1.83,6.15,2026-06-22,2026-06-22 07:32:39
1438,三地開發,21.15,21.85,21.85,20.95,43.35,52.77,56.08,0.06,-0.2,0.26,23.99,21.14,18.29,186,257,0.73,23.52,12.82,0.2,0.95,2026-06-22,2026-06-22 07:32:40
1439,雋揚,24.3,25.0,25.0,24.3,45.15,55.23,35.56,-0.33,-0.31,-0.02,26.23,25.35,24.47,41,17,2.31,22.36,7.57,0.3,1.23,2026-06-22,2026-06-22 07:32:42
1440,南紡,13.5,13.35,13.6,13.3,37.3,32.84,54.55,0.24,0.26,-0.02,15.15,13.23,11.32,2388,3009,0.79,223.67,64.29,0.3,2.22,2026-06-22,2026-06-22 07:32:43
1441,大東,9.12,9.24,9.25,9.04,16.36,19.37,40.0,-0.17,-0.19,0.02,9.63,9.29,8.95,114,42,2.7,6.54,,,,2026-06-22,2026-06-22 07:32:44
1442,名軒,27.4,28.0,28.0,27.05,60.35,63.07,54.05,0.27,0.19,0.09,28.76,26.99,25.22,417,366,1.14,100.34,9.07,4.5,16.42,2026-06-22,2026-06-22 07:32:45
1443,立益物流,27.45,28.1,28.1,27.3,85.55,83.53,73.74,0.68,0.57,0.1,28.35,26.33,24.31,14,22,0.63,37.15,24.29,,,2026-06-22,2026-06-22 07:32:46
1444,力麗,7.01,7.05,7.1,6.98,49.41,54.22,54.98,0.24,0.24,0.0,7.79,6.77,5.75,2001,1615,1.24,69.01,25.04,,,2026-06-22,2026-06-22 07:32:48
1445,大宇,10.7,11.0,11.0,10.3,20.27,14.65,15.38,-0.3,-0.27,-0.03,11.98,11.37,10.76,296,117,2.52,13.98,,0.5,4.67,2026-06-22,2026-06-22 07:32:49
1446,宏和,16.55,16.7,16.7,16.45,60.18,71.43,60.47,0.23,0.21,0.02,17.27,16.37,15.48,319,307,1.04,22.79,10.22,2.0,12.08,2026-06-22,2026-06-22 07:32:51
1447,力鵬,6.02,6.07,6.08,5.97,14.63,24.3,43.35,0.14,0.22,-0.09,6.97,6.2,5.44,1601,1332,1.2,50.78,16.72,,,2026-06-22,2026-06-22 07:32:52
1449,佳和,14.35,14.3,14.4,14.2,22.49,30.56,52.17,0.31,0.32,-0.01,15.89,13.79,11.68,1533,1375,1.12,18.24,119.58,,,2026-06-22,2026-06-22 07:32:53
1451,年興,16.75,16.75,16.8,16.65,64.42,62.47,53.85,-0.01,-0.03,0.03,16.97,16.66,16.34,247,150,1.65,33.16,9.52,1.0,5.97,2026-06-22,2026-06-22 07:32:54
1452,宏益,10.95,11.05,11.1,10.85,67.84,74.1,64.29,0.02,-0.03,0.05,11.34,10.79,10.25,148,133,1.11,14.52,5.53,0.2,1.83,2026-06-22,2026-06-22 07:32:55
1453,大將,11.65,11.8,11.8,11.6,56.25,53.39,59.26,0.05,-0.01,0.06,11.98,11.46,10.94,80,96,0.84,13.19,291.25,,,2026-06-22,2026-06-22 07:32:56
1454,台富,12.95,12.9,13.0,12.85,43.56,33.88,49.06,-0.06,-0.07,0.01,13.32,12.86,12.4,21,31,0.69,15.81,,0.25,1.93,2026-06-22,2026-06-22 07:32:58
1455,集盛,9.76,10.2,10.25,9.75,63.61,77.45,62.94,0.41,0.37,0.03,10.78,9.34,7.91,2700,2467,1.09,51.89,13.56,0.16,1.64,2026-06-22,2026-06-22 07:32:59
1456,怡華,15.6,15.75,15.75,15.1,89.04,83.43,86.05,0.47,0.24,0.23,15.74,13.85,11.95,182,190,0.96,14.62,4.59,,,2026-06-22,2026-06-22 07:33:00
1457,宜進,14.2,14.4,14.4,14.15,17.49,25.86,52.94,-0.01,0.02,-0.03,15.4,14.42,13.44,239,219,1.09,33.16,12.03,1.0,7.04,2026-06-22,2026-06-22 07:33:06
1459,聯發,11.7,11.85,11.85,11.65,58.93,68.03,56.52,0.05,0.04,0.01,11.94,11.67,11.4,498,150,3.3,27.86,8.42,0.2,1.71,2026-06-22,2026-06-22 07:33:08
1460,宏遠,7.15,7.23,7.23,7.07,62.43,56.29,54.72,0.04,0.04,0.0,7.5,7.12,6.74,899,734,1.22,48.22,11.0,,,2026-06-22,2026-06-22 07:33:09
1463,強盛新,17.45,17.4,17.55,16.8,55.57,54.28,34.78,-0.11,-0.1,-0.01,17.89,17.7,17.51,58,44,1.32,29.94,134.23,2.1,12.03,2026-06-22,2026-06-22 07:33:10
1464,得力,10.2,10.3,10.3,10.2,18.0,28.76,48.15,0.03,0.05,-0.02,10.71,10.33,9.95,611,464,1.32,43.15,29.14,0.5,4.9,2026-06-22,2026-06-22 07:33:11
1465,偉全,12.4,12.45,12.55,12.4,69.4,63.3,45.45,0.05,0.05,0.01,12.64,12.37,12.1,135,108,1.25,12.85,,0.6,4.84,2026-06-22,2026-06-22 07:33:12
1466,聚隆,14.65,14.6,14.8,14.35,46.92,49.23,56.92,-0.22,-0.31,0.09,14.94,14.32,13.71,317,456,0.7,16.28,,,,2026-06-22,2026-06-22 07:33:14
1467,南緯,7.15,7.3,7.3,7.01,11.66,20.71,43.37,0.04,0.09,-0.05,8.05,7.38,6.7,559,263,2.13,16.49,,,,2026-06-22,2026-06-22 07:33:16
1468,昶和,11.95,11.9,12.0,11.75,82.37,75.29,44.0,-0.05,-0.06,0.01,12.27,11.98,11.68,46,52,0.87,19.17,56.9,,,2026-06-22,2026-06-22 07:33:17
1470,大統新創,22.4,22.5,22.6,22.35,64.47,74.72,43.24,0.15,0.14,0.01,23.14,22.48,21.83,52,12,4.06,19.21,28.72,0.65,2.9,2026-06-22,2026-06-22 07:33:18
1471,首利,11.15,11.1,11.25,10.85,49.75,44.36,37.21,-0.04,-0.07,0.02,12.27,11.1,9.92,807,1204,0.67,16.77,371.67,,,2026-06-22,2026-06-22 07:33:19
1472,三洋實業,88.6,90.0,91.0,88.6,67.3,72.34,43.4,-0.18,-0.32,0.14,91.58,89.85,88.13,86,58,1.49,46.5,14.57,6.0,6.77,2026-06-22,2026-06-22 07:33:20
1473,台南,19.85,20.2,20.4,19.85,28.35,40.92,34.47,-0.14,-0.14,-0.0,21.28,20.36,19.44,237,93,2.54,29.01,34.82,0.5,2.52,2026-06-22,2026-06-22 07:33:21
1474,弘裕,10.15,10.35,10.35,10.0,36.61,33.8,48.39,0.05,0.05,-0.0,10.58,10.11,9.63,256,99,2.57,13.18,30.76,0.4,3.94,2026-06-22,2026-06-22 07:33:22
1475,業旺,26.95,26.8,27.4,26.65,79.6,81.62,69.07,0.21,0.02,0.19,28.12,26.12,24.12,35,37,0.94,17.79,9.91,1.5,5.57,2026-06-22,2026-06-22 07:33:24
1476,儒鴻,317.0,327.0,327.0,316.5,19.37,28.43,35.81,-0.59,0.95,-1.54,346.38,329.2,312.02,2583,3003,0.86,869.74,15.79,15.0,4.73,2026-06-22,2026-06-22 07:33:25
1477,聚陽,213.5,222.0,223.5,213.5,27.53,38.59,40.0,-0.87,-0.1,-0.77,232.24,221.28,210.31,5703,3576,1.59,526.69,14.62,15.0,7.03,2026-06-22,2026-06-22 07:33:26
1503,士電,245.0,246.0,246.0,239.0,66.26,46.62,59.25,8.75,8.12,0.63,258.29,227.05,195.81,7304,6576,1.11,1276.38,39.2,4.5,1.84,2026-06-22,2026-06-22 07:33:27
1504,東元,72.2,71.2,73.2,71.0,50.85,33.93,45.31,0.46,0.98,-0.52,80.92,71.91,62.89,17739,20917,0.85,1693.37,29.83,2.0,2.77,2026-06-22,2026-06-22 07:33:28
1506,正道,10.2,10.2,10.3,10.15,39.37,43.0,53.33,-0.04,-0.08,0.04,10.55,10.25,9.95,371,342,1.08,30.64,170.0,,,2026-06-22,2026-06-22 07:33:29
1512,瑞利,6.93,7.25,7.25,6.92,46.52,41.92,53.33,-0.03,-0.06,0.03,7.25,6.95,6.64,185,148,1.25,6.8,36.47,,,2026-06-22,2026-06-22 07:33:31
1513,中興電,181.0,181.0,181.0,176.0,72.13,52.36,60.0,4.27,3.89,0.38,184.17,170.35,156.53,17006,11016,1.54,894.27,22.43,6.0,3.31,2026-06-22,2026-06-22 07:33:32
1514,亞力,127.0,123.5,127.0,121.5,55.28,35.89,50.35,0.61,1.41,-0.8,140.18,125.53,110.87,13497,5573,2.42,344.0,39.32,1.7,1.34,2026-06-22,2026-06-22 07:33:33
1515,力山,27.4,26.25,27.75,26.0,67.45,53.56,74.14,0.93,0.52,0.41,26.81,23.32,19.83,2536,2027,1.25,49.72,28.25,0.6,2.19,2026-06-22,2026-06-22 07:33:34
1516,川飛,20.4,20.35,20.45,20.35,16.33,32.08,44.12,-0.14,-0.05,-0.09,21.84,20.97,20.1,15,26,0.6,8.16,510.0,,,2026-06-22,2026-06-22 07:33:35
1517,利奇,10.5,10.5,10.85,10.45,59.36,56.16,57.14,0.05,0.01,0.04,10.81,10.31,9.82,504,337,1.49,23.1,1.59,0.2,1.9,2026-06-22,2026-06-22 07:33:36
1519,華城,831.0,841.0,841.0,826.0,59.11,40.19,45.19,-13.68,-13.35,-0.33,923.41,837.25,751.09,1960,2887,0.68,2624.97,59.4,9.0,1.08,2026-06-22,2026-06-22 07:33:39
1521,大億,26.55,26.6,26.6,26.5,45.94,37.16,27.5,0.26,0.35,-0.09,29.15,26.65,24.15,49,57,0.85,20.24,30.52,0.75,2.82,2026-06-22,2026-06-22 07:33:40
1522,堤維西,31.35,32.15,32.3,31.25,55.95,54.94,37.9,0.06,0.03,0.03,34.37,31.43,28.49,1230,966,1.27,97.8,18.23,3.0,9.57,2026-06-22,2026-06-22 07:33:41
1524,耿鼎,29.7,30.0,30.15,29.7,20.84,20.59,32.14,-0.01,0.28,-0.29,34.12,30.86,27.59,918,751,1.22,49.1,15.23,1.4,4.71,2026-06-22,2026-06-22 07:33:42
1525,江申,66.0,67.5,67.5,66.0,24.11,21.82,29.81,0.51,0.89,-0.38,71.92,67.62,63.33,12,14,0.84,48.44,20.56,2.8,4.24,2026-06-22,2026-06-22 07:33:43
1526,日馳,14.6,14.4,14.65,14.4,41.3,33.93,49.12,-0.22,-0.26,0.04,15.38,14.65,13.92,127,99,1.28,8.76,,,,2026-06-22,2026-06-22 07:33:44
1527,鑽全,33.1,33.15,33.35,33.1,47.54,52.84,40.91,0.14,0.17,-0.03,33.72,33.17,32.62,237,204,1.16,45.87,21.78,2.2,6.65,2026-06-22,2026-06-22 07:33:47
1528,恩德,25.55,25.6,26.0,25.1,31.4,25.64,40.82,-0.33,-0.17,-0.16,29.89,26.36,22.84,2963,3041,0.97,48.89,,0.1,0.39,2026-06-22,2026-06-22 07:33:48
1529,樂事綠能,22.7,23.0,23.1,22.45,48.57,47.43,50.62,0.14,0.11,0.03,24.33,22.67,21.02,1297,713,1.82,35.21,22.48,0.2,0.88,2026-06-22,2026-06-22 07:33:49
1530,亞崴,29.85,30.55,30.55,29.5,25.49,28.09,16.0,0.37,0.8,-0.43,35.48,31.91,28.34,261,130,1.99,28.24,49.75,1.53,5.13,2026-06-22,2026-06-22 07:33:50
1531,高林股,12.9,12.9,12.9,12.8,59.38,62.4,69.23,0.08,0.05,0.03,13.39,12.68,11.97,81,140,0.58,23.49,13.72,0.4,3.1,2026-06-22,2026-06-22 07:33:51
1532,勤美,23.3,24.05,24.1,23.05,77.5,83.46,65.69,0.72,0.57,0.15,24.74,22.34,19.94,1004,1198,0.84,96.99,23.78,1.73,7.42,2026-06-22,2026-06-22 07:33:52
1533,車王電,38.15,38.7,38.85,37.8,39.4,41.79,39.76,0.71,1.02,-0.31,40.05,38.61,37.18,223,218,1.02,37.6,65.78,,,2026-06-22,2026-06-22 07:33:54
1535,中宇,50.3,50.2,50.4,49.9,37.53,33.61,52.0,-0.0,-0.09,0.08,51.55,49.94,48.32,222,106,2.09,62.24,12.61,3.0,5.96,2026-06-22,2026-06-22 07:33:56
1536,和大,51.6,49.0,52.2,48.45,57.21,45.0,40.87,-0.52,-0.54,0.02,53.76,50.49,47.22,4317,1824,2.37,143.94,95.56,0.8,1.55,2026-06-22,2026-06-22 07:33:57
1537,廣隆,127.0,127.5,127.5,126.5,60.29,55.77,55.56,0.6,0.64,-0.04,128.51,126.6,124.69,66,57,1.15,104.22,16.02,10.5,8.27,2026-06-22,2026-06-22 07:33:58
1538,正峰,11.4,11.2,11.5,11.2,60.23,69.93,45.0,-0.22,-0.27,0.05,12.09,11.72,11.35,12,4,2.71,3.68,,,,2026-06-22,2026-06-22 07:33:59
1539,巨庭,15.8,15.8,15.9,15.65,33.55,32.79,40.91,-0.08,-0.05,-0.03,16.61,15.99,15.37,146,179,0.81,10.33,75.24,0.85,5.38,2026-06-22,2026-06-22 07:34:00
1540,喬福,22.0,21.85,22.2,21.75,48.4,42.92,47.62,0.15,0.18,-0.03,23.12,21.9,20.68,435,268,1.62,18.8,19.82,1.6,7.27,2026-06-22,2026-06-22 07:34:01
1541,錩泰,22.1,22.05,22.4,21.65,57.46,44.6,51.4,-0.16,-0.36,0.2,22.94,21.37,19.8,27,30,0.88,17.41,9.57,0.5,2.26,2026-06-22,2026-06-22 07:34:03
1558,伸興,91.2,91.0,91.4,91.0,68.76,56.61,46.3,-0.07,-0.16,0.09,92.16,90.98,89.81,87,57,1.51,58.86,16.58,5.0,5.48,2026-06-22,2026-06-22 07:34:04
1560,中砂,713.0,718.0,744.0,713.0,72.93,61.72,49.43,16.67,19.09,-2.42,764.65,693.2,621.75,1826,1397,1.31,1061.84,78.35,3.99,0.56,2026-06-22,2026-06-22 07:34:06
1563,巧新,66.2,69.4,71.0,65.2,66.84,57.61,44.64,4.18,4.45,-0.27,74.64,62.25,49.86,6618,3693,1.79,143.71,46.62,2.27,3.43,2026-06-22,2026-06-22 07:34:07
1565,精華,93.6,94.6,94.6,93.5,33.94,37.68,46.24,-1.15,-1.37,0.22,96.26,94.15,92.04,174,152,1.14,47.19,10.51,9.5,10.15,2026-06-22,2026-06-22 07:34:09
1568,倉佑,43.3,46.05,46.75,43.0,66.12,55.63,39.02,3.04,3.33,-0.29,51.12,41.82,32.52,3675,1807,2.03,44.64,31.84,1.0,2.31,2026-06-22,2026-06-22 07:34:10
1569,濱川,48.65,48.85,49.15,48.1,42.72,36.76,41.36,-1.35,-1.3,-0.06,54.24,50.47,46.69,895,674,1.33,70.18,,,,2026-06-22,2026-06-22 07:34:11
1570,力肯,42.05,42.05,43.15,41.5,33.02,26.93,22.56,-0.02,1.0,-1.02,56.39,46.88,37.37,288,240,1.2,21.66,71.27,1.0,2.38,2026-06-22,2026-06-22 07:34:13
1580,新麥,124.0,124.5,124.5,123.5,25.61,32.23,55.56,0.07,0.14,-0.07,127.69,124.12,120.56,119,88,1.36,61.18,9.91,9.16,7.39,2026-06-22,2026-06-22 07:34:14
1582,信錦,93.9,94.2,97.5,93.3,52.35,35.13,29.09,-2.34,-1.36,-0.97,118.58,99.37,80.16,2718,2786,0.98,135.47,27.38,3.0,3.19,2026-06-22,2026-06-22 07:34:15
1583,程泰,50.9,50.5,51.0,50.2,28.92,25.41,29.49,0.26,0.8,-0.55,59.44,52.81,46.17,50,31,1.62,55.68,13.22,3.03,5.95,2026-06-22,2026-06-22 07:34:17
1584,精剛,19.55,19.5,19.75,19.15,59.44,51.19,49.08,-0.13,-0.15,0.03,20.08,19.54,19.0,1308,742,1.76,43.98,44.43,0.26,1.33,2026-06-22,2026-06-22 07:34:19
1586,和勤,21.2,21.4,21.5,21.0,51.85,34.12,39.21,-0.34,-0.34,-0.01,22.67,21.43,20.19,398,542,0.73,22.19,9.68,0.29,1.37,2026-06-22,2026-06-22 07:34:21
1587,吉茂,27.9,28.15,28.4,27.85,26.84,23.55,29.63,-0.84,-0.85,0.01,31.94,29.07,26.21,268,275,0.98,22.34,75.41,0.5,1.79,2026-06-22,2026-06-22 07:34:22
1589,永冠-KY,5.54,5.54,5.54,5.54,0.45,0.45,,-0.04,-0.06,0.02,5.54,5.54,5.54,0,0,,8.48,1.21,,,2026-06-18,2026-06-22 07:34:23
1590,亞德客-KY,1395.0,1400.0,1415.0,1370.0,71.18,55.9,54.55,-8.36,-13.45,5.09,1468.06,1344.75,1221.44,847,751,1.13,2790.0,33.25,29.11,2.09,2026-06-22,2026-06-22 07:34:24
1591,駿吉-KY,31.15,31.15,31.15,31.15,1.23,4.75,20.52,-5.13,-4.86,-0.28,48.63,37.62,26.62,0,0,,11.85,,,,2026-06-18,2026-06-22 07:34:25
1593,祺驊,30.55,30.55,30.55,30.15,95.72,90.27,77.73,0.14,-0.0,0.14,30.59,29.68,28.77,52,57,0.91,12.15,14.01,2.0,6.55,2026-06-22,2026-06-22 07:34:28
1595,川寶,84.7,77.5,84.7,77.5,73.14,55.25,57.76,-0.64,-0.41,-0.23,96.35,80.29,64.24,1626,862,1.89,45.71,,0.5,0.59,2026-06-22,2026-06-22 07:34:29
1597,直得,157.5,160.0,163.0,157.0,55.98,39.33,36.93,-2.91,-0.38,-2.53,209.25,168.1,126.95,1978,1703,1.16,137.44,171.2,0.7,0.44,2026-06-22,2026-06-22 07:34:30
1598,岱宇,19.85,20.2,20.2,19.8,20.06,37.21,38.57,-0.0,0.11,-0.11,21.52,20.62,19.73,337,300,1.12,32.44,2.41,0.5,2.52,2026-06-22,2026-06-22 07:34:32
1599,宏佳騰,23.3,23.35,23.4,23.1,29.07,30.44,46.55,-0.23,-0.25,0.02,24.13,23.52,22.91,113,69,1.64,16.78,,0.51,2.19,2026-06-22,2026-06-22 07:34:33
1603,華電,31.55,31.7,31.75,31.5,46.37,41.61,46.85,-0.01,0.03,-0.04,33.62,31.9,30.17,454,328,1.38,50.12,9.68,1.5,4.75,2026-06-22,2026-06-22 07:34:34
1604,聲寶,23.15,23.2,23.2,23.05,29.01,36.82,48.48,-0.0,0.02,-0.03,23.62,23.32,23.01,367,423,0.87,86.53,13.62,1.5,6.48,2026-06-22,2026-06-22 07:34:35
1605,華新,40.75,40.05,42.25,40.05,69.67,57.1,53.83,1.23,1.15,0.09,42.5,38.04,33.59,91682,62520,1.47,1805.77,54.33,0.5,1.23,2026-06-22,2026-06-22 07:34:37
1608,華榮,35.2,34.85,35.45,34.85,56.87,42.31,51.34,0.31,0.39,-0.08,38.16,34.9,31.65,4023,3150,1.28,149.32,6.42,1.0,2.84,2026-06-22,2026-06-22 07:34:39
1609,大亞,38.65,38.2,38.95,38.2,61.28,44.52,48.97,0.72,0.86,-0.14,41.82,38.07,34.32,7377,5281,1.4,302.61,24.01,0.7,1.81,2026-06-22,2026-06-22 07:34:40
1611,中電,13.4,13.15,13.45,13.15,31.7,36.28,58.14,0.37,0.4,-0.04,14.97,12.93,10.88,982,1122,0.88,43.25,446.67,0.8,5.97,2026-06-22,2026-06-22 07:34:41
1612,宏泰,38.25,38.5,39.0,38.15,59.75,47.19,53.26,0.4,0.46,-0.06,39.92,37.9,35.88,1706,1170,1.46,120.9,13.91,2.5,6.54,2026-06-22,2026-06-22 07:34:42
1614,三洋電,31.8,31.85,31.95,31.7,41.73,36.94,46.32,0.06,0.09,-0.03,33.53,31.92,30.3,57,55,1.03,82.34,33.12,0.58,1.82,2026-06-22,2026-06-22 07:34:43
1615,大山,45.15,45.4,45.4,45.05,65.29,53.83,60.0,0.16,0.07,0.09,46.75,44.53,42.32,161,143,1.13,88.79,9.45,2.0,4.43,2026-06-22,2026-06-22 07:34:45
1616,億泰,22.25,22.25,22.5,22.2,33.77,34.23,50.61,0.0,0.03,-0.03,24.18,22.42,20.66,518,537,0.97,42.16,14.35,1.8,8.09,2026-06-22,2026-06-22 07:34:47
1617,榮星,15.95,16.35,16.4,15.95,40.16,51.33,37.33,0.28,0.34,-0.06,17.61,16.06,14.51,209,136,1.53,25.17,23.46,0.5,3.13,2026-06-22,2026-06-22 07:34:48
1618,合機,42.35,42.2,42.7,41.9,35.44,45.61,49.21,0.56,0.75,-0.19,44.93,42.38,39.83,1064,990,1.08,81.61,10.13,1.7,4.01,2026-06-22,2026-06-22 07:34:49
1623,大東電,218.5,218.0,222.0,218.0,54.33,40.18,35.76,-3.55,-2.25,-1.31,251.33,226.4,201.47,224,143,1.57,144.21,16.07,8.0,3.66,2026-06-22,2026-06-22 07:34:50
1626,艾美特-KY,9.74,9.98,9.98,9.5,43.86,42.46,38.39,-0.11,-0.11,0.01,10.19,10.02,9.84,1393,400,3.48,14.59,,,,2026-06-22,2026-06-22 07:34:51
1702,南僑,31.45,31.8,31.8,31.25,77.91,79.93,60.32,-0.18,-0.31,0.12,31.79,31.33,30.86,333,271,1.23,78.02,28.08,1.6,5.09,2026-06-22,2026-06-22 07:34:53
1707,葡萄王,98.7,99.7,100.0,98.5,62.97,68.52,60.93,-1.24,-1.9,0.66,100.44,98.0,95.56,713,434,1.64,146.21,12.08,6.0,6.08,2026-06-22,2026-06-22 07:34:54
1708,東鹼,51.6,53.8,54.4,50.8,68.65,65.6,72.26,2.69,2.09,0.61,53.58,43.77,33.96,20583,13235,1.56,128.49,15.88,1.6,3.1,2026-06-22,2026-06-22 07:34:56
1709,和益,21.5,22.15,22.15,21.25,71.83,71.57,69.61,0.64,0.57,0.07,21.9,20.31,18.72,1579,1411,1.12,102.56,17.48,0.8,3.72,2026-06-22,2026-06-22 07:34:57
1710,東聯,14.15,13.9,14.3,13.75,30.17,26.56,53.68,0.15,0.24,-0.09,15.82,14.03,12.25,6453,4398,1.47,124.1,14.74,,,2026-06-22,2026-06-22 07:34:58
1711,永光,49.55,46.0,49.8,45.35,65.59,45.15,50.53,-1.21,-1.46,0.25,52.71,46.75,40.78,22644,9345,2.42,271.41,,0.3,0.61,2026-06-22,2026-06-22 07:35:00
1712,興農,39.05,39.3,39.4,39.0,40.7,55.89,50.94,-0.4,-0.5,0.11,39.93,39.34,38.74,954,800,1.19,164.2,15.02,2.5,6.4,2026-06-22,2026-06-22 07:35:01
1713,國化,50.1,50.7,50.7,49.75,61.82,61.06,54.69,0.55,0.5,0.05,50.69,49.39,48.08,250,235,1.06,75.63,13.01,7.5,14.97,2026-06-22,2026-06-22 07:35:02
1714,和桐,18.35,19.8,19.8,18.35,87.17,91.06,77.84,2.37,1.61,0.76,20.51,13.18,5.86,26160,33471,0.78,180.14,36.7,0.21,1.14,2026-06-22,2026-06-22 07:35:03
1717,長興,74.7,73.1,75.2,72.8,63.83,43.37,37.41,-1.68,-1.46,-0.22,86.67,75.72,64.77,15217,9435,1.61,875.67,52.98,1.0,1.34,2026-06-22,2026-06-22 07:35:04
1718,中纖,9.78,10.0,10.0,9.74,48.41,50.64,75.0,0.74,0.67,0.07,11.3,8.51,5.72,13742,10889,1.26,130.41,108.67,,,2026-06-22,2026-06-22 07:35:05
1720,生達,62.6,62.9,62.9,62.3,47.58,50.87,61.36,0.24,0.23,0.02,63.63,62.32,61.01,275,199,1.38,111.86,12.08,2.8,4.47,2026-06-22,2026-06-22 07:35:07
1721,三晃,26.15,24.0,26.15,23.8,52.01,30.48,40.93,-0.94,-0.74,-0.2,30.92,26.05,21.19,5308,2339,2.27,48.35,,,,2026-06-22,2026-06-22 07:35:08
1722,台肥,48.0,48.15,48.45,47.7,60.37,68.86,59.6,0.51,0.46,0.05,49.52,47.47,45.43,2679,3035,0.88,470.4,50.53,2.0,4.17,2026-06-22,2026-06-22 07:35:22
1723,中碳,89.5,88.1,90.0,87.3,70.0,70.43,66.09,1.97,1.67,0.3,90.12,85.06,80.0,1095,1082,1.01,207.77,33.77,1.85,2.07,2026-06-22,2026-06-22 07:35:23
1725,元禎,41.15,41.15,41.15,41.15,85.26,68.86,77.92,1.39,0.61,0.78,37.99,33.01,28.03,259,330,0.78,74.82,26.9,1.07,2.6,2026-06-22,2026-06-22 07:35:24
1726,永記,78.1,78.5,79.0,78.1,54.7,51.98,52.46,0.45,0.49,-0.04,79.4,78.0,76.6,29,31,0.94,126.52,14.23,3.7,4.74,2026-06-22,2026-06-22 07:35:25
1727,中華化,102.0,95.0,103.5,93.6,66.69,48.21,60.51,2.85,3.03,-0.17,103.51,93.0,82.49,17474,8720,2.0,130.58,2550.0,0.15,0.15,2026-06-22,2026-06-22 07:35:29
1730,花仙子,53.3,53.7,53.7,53.0,66.27,61.84,63.33,0.11,0.05,0.06,53.3,52.75,52.21,85,51,1.67,33.7,11.84,3.0,5.63,2026-06-22,2026-06-22 07:35:31
1731,美吾華,21.7,21.8,21.85,21.55,78.21,78.79,61.54,0.04,0.01,0.03,21.9,21.57,21.23,267,153,1.74,,15.96,1.22,5.62,2026-06-22,2026-06-22 07:35:32
1732,毛寶,26.3,26.3,26.35,26.1,52.88,50.86,46.94,-0.02,0.01,-0.03,26.71,26.39,26.06,94,101,0.93,11.16,38.12,0.5,1.9,2026-06-22,2026-06-22 07:35:33
1733,五鼎,29.4,29.6,29.6,29.25,67.21,58.6,62.03,0.32,0.31,0.01,29.71,28.97,28.22,118,154,0.77,29.39,18.15,1.3,4.42,2026-06-22,2026-06-22 07:35:34
1734,杏輝,32.1,31.95,32.15,31.65,90.31,83.43,69.64,0.23,0.12,0.11,32.16,31.22,30.28,590,358,1.65,61.05,16.72,1.0,3.12,2026-06-22,2026-06-22 07:35:35
1735,日勝化,23.2,22.95,23.7,22.65,47.02,32.98,42.12,-0.85,-0.81,-0.04,26.52,23.72,20.91,420,293,1.44,23.06,29.74,0.65,2.8,2026-06-22,2026-06-22 07:35:36
1736,喬山,116.0,119.5,119.5,115.0,82.09,73.77,45.1,-0.85,-1.61,0.76,122.82,115.53,108.23,692,639,1.08,351.94,12.8,4.0,3.45,2026-06-22,2026-06-22 07:35:38
1737,臺鹽,31.75,31.7,31.85,31.65,64.25,66.97,57.89,0.04,0.02,0.02,31.86,31.65,31.43,145,107,1.35,63.5,15.95,1.3,4.09,2026-06-22,2026-06-22 07:35:39
1742,台蠟,15.4,15.4,15.45,15.3,45.67,41.15,50.0,-0.0,-0.03,0.03,16.12,15.42,14.71,18,39,0.48,14.27,,,,2026-06-22,2026-06-22 07:35:41
1752,南光,32.7,32.8,32.95,32.6,25.0,27.3,47.19,-0.16,-0.2,0.05,33.58,32.88,32.18,89,67,1.32,33.02,13.57,1.6,4.89,2026-06-22,2026-06-22 07:35:42
1760,寶齡富錦,60.2,60.2,60.6,60.1,60.27,61.83,65.09,-0.16,-0.37,0.21,60.53,59.3,58.06,181,174,1.04,51.61,27.24,1.8,2.99,2026-06-22,2026-06-22 07:35:43
1762,中化生,35.8,35.75,36.0,35.0,16.05,16.74,39.65,-0.05,0.69,-0.74,42.99,38.23,33.48,443,330,1.34,27.54,79.56,0.19,0.53,2026-06-22,2026-06-22 07:35:45
1773,勝一,178.5,180.5,181.5,176.5,77.59,64.86,47.21,1.57,1.47,0.11,189.24,176.1,162.97,611,717,0.85,535.5,24.72,4.0,2.24,2026-06-22,2026-06-22 07:35:46
1776,展宇,19.2,19.45,19.7,19.0,82.24,77.8,65.4,0.45,0.36,0.09,18.95,17.94,16.92,387,279,1.38,11.54,71.11,0.6,3.12,2026-06-22,2026-06-22 07:35:48
1777,生泰,71.6,72.3,72.3,71.5,59.52,71.55,50.0,0.21,0.21,0.0,72.61,71.84,71.08,56,24,2.34,31.93,12.24,4.0,5.59,2026-06-22,2026-06-22 07:35:49
1780,立弘,25.8,27.05,27.05,25.4,28.07,24.48,23.3,-0.78,-0.18,-0.6,34.71,30.51,26.31,661,872,0.76,28.14,19.25,1.25,4.84,2026-06-22,2026-06-22 07:35:51
1781,合世,11.95,11.95,11.95,11.8,51.34,55.0,69.23,0.26,0.23,0.03,12.72,11.58,10.45,74,68,1.09,5.67,,,,2026-06-22,2026-06-22 07:35:52
1783,和康生,38.55,38.8,39.05,38.45,27.35,29.17,47.06,-0.21,-0.22,0.01,39.87,38.86,37.84,131,93,1.4,34.57,13.11,0.83,2.15,2026-06-22,2026-06-22 07:35:53
1784,訊聯,66.7,67.0,67.2,66.2,55.96,55.51,53.16,-1.47,-1.86,0.39,68.73,66.71,64.69,197,155,1.27,35.0,65.39,0.87,1.3,2026-06-22,2026-06-22 07:35:56
1785,光洋科,150.0,151.5,160.5,147.0,71.01,62.48,44.26,0.11,-0.75,0.85,158.74,143.95,129.16,31154,16497,1.89,893.97,47.92,2.0,1.33,2026-06-22,2026-06-22 07:35:57
1786,科妍,53.0,54.5,54.5,52.7,22.48,36.01,43.92,-0.77,-0.52,-0.25,59.74,55.12,50.51,323,306,1.05,38.78,24.31,1.91,3.6,2026-06-22,2026-06-22 07:35:58
1788,杏昌,131.0,134.0,134.5,130.5,79.6,82.26,78.9,0.61,0.17,0.45,131.13,128.33,125.53,113,83,1.35,58.32,15.84,7.0,5.34,2026-06-22,2026-06-22 07:36:00
1789,神隆,20.4,20.65,20.9,20.2,56.67,54.71,56.6,0.16,0.06,0.1,21.14,19.97,18.8,821,945,0.87,161.31,120.0,0.29,1.42,2026-06-22,2026-06-22 07:36:01
1795,美時,191.5,194.5,194.5,191.0,39.02,48.97,41.25,-3.82,-4.17,0.34,202.58,195.47,188.37,1527,1462,1.04,503.28,10.61,5.78,3.02,2026-06-22,2026-06-22 07:36:02
1796,金穎生技,33.7,34.1,34.2,33.7,14.88,16.53,32.35,-0.89,-0.78,-0.11,37.52,35.27,33.01,8,13,0.6,13.97,48.14,0.7,2.08,2026-06-22,2026-06-22 07:36:03
1799,易威,30.9,30.7,30.9,30.0,36.49,33.14,37.28,-1.4,-1.39,-0.0,35.11,32.41,29.7,131,103,1.27,38.53,,,,2026-06-22,2026-06-22 07:36:05
1802,台玻,76.6,73.5,78.4,73.4,76.63,59.52,52.47,0.67,-0.16,0.83,78.61,68.83,59.05,172325,107436,1.6,2227.57,22.8,,,2026-06-22,2026-06-22 07:36:06
1805,寶徠,10.35,10.35,10.4,10.25,23.34,22.78,53.19,-0.03,-0.01,-0.02,11.38,10.39,9.39,107,151,0.71,13.97,51.75,,,2026-06-22,2026-06-22 07:36:07
1806,冠軍,8.21,8.3,8.3,8.18,46.49,46.23,56.98,0.0,-0.01,0.02,8.34,8.13,7.92,337,291,1.16,31.73,28.31,1.0,12.18,2026-06-22,2026-06-22 07:36:08
1808,潤隆,30.6,31.85,31.85,29.95,58.28,72.07,58.15,0.64,0.58,0.06,33.46,30.62,27.78,3950,2823,1.4,273.27,22.5,2.22,7.25,2026-06-22,2026-06-22 07:36:09
1809,中釉,56.5,51.7,56.5,51.5,47.75,40.24,60.29,3.68,4.2,-0.52,60.8,50.85,40.89,16403,8520,1.93,94.38,297.37,0.25,0.44,2026-06-22,2026-06-22 07:36:11
1810,和成,21.35,19.9,21.8,19.9,30.45,32.7,59.17,0.51,0.59,-0.08,22.17,20.24,18.31,5465,2923,1.87,64.45,427.0,0.2,0.94,2026-06-22,2026-06-22 07:36:13
1813,寶利徠,11.7,11.85,11.9,11.6,48.35,46.06,41.67,-0.15,-0.16,0.01,12.24,11.93,11.62,91,39,2.31,5.46,,,,2026-06-22,2026-06-22 07:36:15
1815,富喬,106.5,100.5,107.5,100.0,67.71,49.63,47.1,-2.31,-2.84,0.53,113.59,101.2,88.81,53333,27822,1.92,622.26,64.94,,,2026-06-22,2026-06-22 07:36:17
1817,凱撒衛,40.45,40.8,40.8,40.3,65.82,61.88,64.52,0.32,0.22,0.1,40.59,39.63,38.67,44,75,0.59,29.37,11.27,2.2,5.44,2026-06-22,2026-06-22 07:36:18
1903,士紙,48.05,48.0,48.05,47.5,43.95,29.22,38.84,-0.29,-0.25,-0.04,50.48,48.67,46.87,234,169,1.38,124.95,37.25,,,2026-06-22,2026-06-22 07:36:19
1904,正隆,22.55,23.0,23.2,22.5,69.45,74.22,78.61,1.1,1.02,0.09,24.36,20.94,17.52,3634,4236,0.86,249.92,30.47,0.45,2.0,2026-06-22,2026-06-22 07:36:20
1905,華紙,18.45,18.8,18.8,18.2,87.59,75.59,83.51,0.95,0.35,0.6,16.87,13.32,9.77,72878,34633,2.1,203.47,,,,2026-06-22,2026-06-22 07:36:22
1906,寶隆,11.35,11.45,11.55,11.25,48.1,45.25,62.35,0.13,0.08,0.06,12.25,10.97,9.69,183,205,0.9,17.14,1135.0,0.1,0.88,2026-06-22,2026-06-22 07:36:25
1907,永豐餘,27.4,28.3,28.4,27.35,73.76,67.24,69.28,0.75,0.49,0.25,28.09,25.65,23.2,3009,5314,0.57,454.94,23.03,1.0,3.65,2026-06-22,2026-06-22 07:36:26
1909,榮成,9.95,10.15,10.2,9.91,71.07,72.31,70.22,0.24,0.17,0.06,10.45,9.52,8.59,5575,5968,0.93,129.29,,,,2026-06-22,2026-06-22 07:36:27
2002,中鋼,19.5,19.25,19.9,19.15,55.75,42.17,55.88,0.04,-0.0,0.04,19.76,19.05,18.34,129467,137537,0.94,2979.6,49.56,0.15,0.77,2026-06-22,2026-06-22 07:36:28
2006,東和鋼鐵,69.6,70.0,70.8,69.1,80.92,79.25,60.64,0.6,0.21,0.39,70.07,67.42,64.77,8227,5103,1.61,508.23,10.81,4.3,6.18,2026-06-22,2026-06-22 07:36:29
2007,燁興,7.45,7.39,7.53,7.33,31.43,27.8,44.69,-0.01,-0.0,-0.01,7.91,7.54,7.16,478,365,1.31,39.53,,,,2026-06-22,2026-06-22 07:36:31
2008,高興昌,30.8,31.5,31.5,30.55,78.38,77.81,66.07,0.7,0.61,0.1,31.51,29.52,27.53,22,26,0.85,58.78,45.29,0.5,1.62,2026-06-22,2026-06-22 07:36:33
2009,第一銅,39.6,39.5,39.95,39.4,36.16,34.16,48.74,0.02,0.19,-0.17,43.9,40.48,37.07,1866,2081,0.9,142.41,116.47,0.5,1.26,2026-06-22,2026-06-22 07:36:35
2010,春源,24.75,24.95,25.0,24.6,80.18,80.74,65.62,0.31,0.16,0.14,25.31,23.92,22.53,2743,2256,1.22,160.29,10.67,2.0,8.08,2026-06-22,2026-06-22 07:36:36
2012,春雨,15.3,14.7,15.45,14.7,69.99,52.4,70.0,-0.05,-0.15,0.1,15.08,14.49,13.91,388,173,2.24,42.65,85.0,1.0,6.54,2026-06-22,2026-06-22 07:36:37
2013,中鋼構,42.95,43.05,43.05,42.8,61.0,60.98,56.06,0.07,0.02,0.05,43.48,42.82,42.16,98,134,0.73,85.9,13.51,2.4,5.59,2026-06-22,2026-06-22 07:36:39
2014,中鴻,17.8,17.75,18.45,17.7,41.39,38.32,40.79,-0.04,0.0,-0.04,18.97,18.08,17.18,8710,6354,1.37,255.53,52.35,,,2026-06-22,2026-06-22 07:36:40
2015,豐興,61.0,60.8,61.5,60.7,29.23,42.38,40.0,-0.19,-0.04,-0.14,64.27,62.36,60.44,597,497,1.2,354.78,15.84,3.3,5.41,2026-06-22,2026-06-22 07:36:41
2017,官田鋼,9.36,9.33,9.55,9.32,40.09,41.93,56.4,0.11,0.11,-0.0,9.86,9.29,8.71,786,597,1.32,39.91,,,,2026-06-22,2026-06-22 07:36:42
2020,美亞,21.75,21.85,22.05,21.6,73.73,70.71,63.16,-0.05,-0.12,0.07,21.98,21.49,21.0,941,511,1.84,58.08,10.21,1.8,8.28,2026-06-22,2026-06-22 07:36:43
2022,聚亨,7.85,7.78,7.88,7.76,45.19,41.18,50.38,-0.07,-0.08,0.02,8.15,7.84,7.52,1271,697,1.82,26.47,,,,2026-06-22,2026-06-22 07:36:44
2023,燁輝,13.75,13.95,14.15,13.75,54.24,57.82,44.44,-0.01,-0.03,0.02,14.11,13.81,13.51,2846,2006,1.42,250.42,36.18,,,2026-06-22,2026-06-22 07:36:46
2024,志聯,14.2,14.15,14.3,14.05,44.99,51.03,51.79,0.04,0.03,0.01,14.52,14.15,13.78,28,23,1.23,13.84,,,,2026-06-22,2026-06-22 07:36:47
2025,千興,14.1,14.25,14.25,13.9,44.52,55.49,65.94,0.65,0.63,0.02,15.72,13.33,10.94,528,834,0.63,24.35,,,,2026-06-22,2026-06-22 07:36:48
2027,大成鋼,41.1,41.0,42.0,40.85,25.4,40.21,37.79,0.38,0.78,-0.4,44.68,42.6,40.52,14726,19808,0.74,966.77,14.32,1.1,2.68,2026-06-22,2026-06-22 07:36:49
2028,威致,16.75,16.55,16.95,16.55,56.13,44.02,42.22,-0.17,-0.19,0.02,17.75,16.89,16.03,156,136,1.15,54.27,59.82,0.6,3.58,2026-06-22,2026-06-22 07:36:50
2029,盛餘,20.8,20.65,20.85,20.65,51.8,58.3,55.56,0.12,0.12,0.0,21.2,20.69,20.19,238,262,0.91,66.81,28.11,0.6,2.88,2026-06-22,2026-06-22 07:36:52
2030,彰源,19.6,18.7,19.85,18.65,77.35,74.04,72.16,0.56,0.52,0.04,19.25,18.17,17.08,5099,2099,2.43,54.09,56.0,0.5,2.55,2026-06-22,2026-06-22 07:36:53
2031,新光鋼,38.95,38.95,39.4,38.7,41.41,46.16,59.65,0.49,0.51,-0.02,41.11,38.49,35.87,825,1314,0.63,125.09,11.88,2.5,6.42,2026-06-22,2026-06-22 07:36:54
2032,新鋼,17.95,17.45,18.1,17.45,49.11,41.7,47.19,0.18,0.26,-0.08,18.63,17.84,17.05,940,688,1.37,23.43,32.05,0.5,2.79,2026-06-22,2026-06-22 07:36:55
2033,佳大,16.9,16.0,17.0,15.85,76.3,69.83,71.23,0.15,0.06,0.09,16.42,15.66,14.9,526,212,2.48,13.64,48.29,0.2,1.18,2026-06-22,2026-06-22 07:36:56
2034,允強,20.9,20.75,21.05,20.55,72.34,65.16,62.96,0.11,0.01,0.1,21.05,20.37,19.69,2061,2127,0.97,110.56,104.5,1.0,4.78,2026-06-22,2026-06-22 07:36:58
2035,唐榮,27.85,27.8,27.85,27.65,61.55,55.46,48.19,-0.07,-0.07,-0.0,28.55,27.97,27.4,17,21,0.84,97.48,,,,2026-06-22,2026-06-22 07:37:00
2038,海光,13.9,14.05,14.25,13.8,54.58,45.5,49.18,-0.06,-0.09,0.03,14.5,13.89,13.28,1220,581,2.1,26.98,,,,2026-06-22,2026-06-22 07:37:01
2049,上銀,343.5,340.0,351.5,337.5,54.5,37.45,34.93,-4.31,-0.3,-4.01,417.47,355.65,293.83,3288,3039,1.08,1215.28,80.07,2.0,0.58,2026-06-22,2026-06-22 07:37:02
2059,川湖,7550.0,7050.0,7550.0,7045.0,85.19,82.68,78.17,642.34,544.41,97.93,7691.81,5930.5,4169.19,966,646,1.49,7194.92,74.81,32.2,0.43,2026-06-22,2026-06-22 07:37:03
2061,風青,58.0,55.7,58.0,55.5,87.35,72.17,69.76,6.47,5.03,1.44,53.68,39.48,25.28,2973,3898,0.76,33.28,,,,2026-06-22,2026-06-22 07:37:05
2062,橋椿,19.05,19.1,19.2,19.0,58.43,57.28,54.17,-0.16,-0.25,0.09,19.66,18.91,18.16,322,238,1.35,38.1,48.85,1.8,9.45,2026-06-22,2026-06-22 07:37:06
2063,世鎧,24.4,24.65,24.9,24.3,23.18,30.9,37.5,-0.25,-0.21,-0.03,25.71,25.12,24.52,42,39,1.08,11.74,15.84,8.0,32.79,2026-06-22,2026-06-22 07:37:07
2064,晉椿,13.7,13.2,13.7,12.95,16.73,21.18,32.94,0.17,0.37,-0.21,15.56,14.15,12.74,24,121,0.2,9.54,,,,2026-06-22,2026-06-22 07:37:09
2065,世豐,33.7,34.05,34.1,33.5,56.26,60.67,27.45,0.42,0.65,-0.23,36.3,34.82,33.33,54,46,1.17,21.41,30.36,1.5,4.45,2026-06-22,2026-06-22 07:37:11
2066,世德,69.2,65.7,71.1,65.0,90.03,89.37,92.19,3.1,2.63,0.46,66.12,60.25,54.38,971,336,2.88,30.58,52.03,3.02,4.36,2026-06-22,2026-06-22 07:37:13
2067,嘉鋼,6.64,6.6,6.65,6.6,71.46,52.65,54.79,-0.12,-0.17,0.05,6.8,6.49,6.19,88,51,1.71,3.0,,,,2026-06-22,2026-06-22 07:37:14
2069,運錩,19.05,18.65,19.1,18.65,55.26,55.12,56.97,0.16,0.17,-0.0,19.42,18.75,18.08,677,562,1.2,31.7,11.76,1.0,5.25,2026-06-22,2026-06-22 07:37:15
2070,精湛,67.7,68.4,69.9,67.2,76.04,62.94,35.0,0.75,1.16,-0.41,80.45,68.58,56.71,413,438,0.94,28.29,30.5,1.49,2.2,2026-06-22,2026-06-22 07:37:16
2072,世紀風電,175.5,173.5,175.5,171.0,17.72,23.03,51.46,-0.71,-0.13,-0.58,195.92,177.7,159.48,538,424,1.27,336.96,14.7,7.08,4.03,2026-06-22,2026-06-22 07:37:18
2073,雄順,25.5,25.5,25.5,25.5,9.85,24.27,20.0,-0.15,-0.12,-0.03,26.26,25.87,25.47,2,5,0.38,7.01,,0.7,2.75,2026-06-22,2026-06-22 07:37:19
2101,南港,32.05,32.5,32.55,31.8,55.88,71.1,50.43,0.15,0.04,0.11,34.54,31.98,29.42,2199,1926,1.14,231.04,31.73,0.7,2.18,2026-06-22,2026-06-22 07:37:20
2102,泰豐,18.05,18.35,18.35,17.95,47.34,47.54,52.08,-0.07,-0.11,0.04,18.48,18.13,17.79,405,285,1.42,82.95,2.87,,,2026-06-22,2026-06-22 07:37:21
2103,台橡,21.4,21.4,21.8,21.2,44.71,57.05,64.66,0.42,0.42,0.01,23.3,20.84,18.37,3451,5191,0.66,176.7,39.63,0.27,1.26,2026-06-22,2026-06-22 07:37:23
2104,國際中橡,10.4,10.3,10.4,10.25,30.6,30.41,48.08,-0.04,-0.03,-0.01,11.24,10.45,9.66,2168,2972,0.73,100.88,38.52,,,2026-06-22,2026-06-22 07:37:24
2105,正新,30.05,29.9,30.1,29.7,24.62,40.01,42.38,0.05,0.38,-0.33,33.86,31.41,28.96,20001,37903,0.53,974.05,20.03,1.8,5.99,2026-06-22,2026-06-22 07:37:25
2106,建大,17.25,17.4,17.4,17.05,51.29,54.65,61.06,0.16,0.14,0.02,18.17,16.97,15.78,1297,872,1.49,164.72,132.69,0.65,3.77,2026-06-22,2026-06-22 07:37:26
2107,厚生,25.75,25.55,25.8,25.3,88.75,83.82,75.18,0.34,0.19,0.15,25.86,24.48,23.1,540,453,1.19,78.18,15.42,1.4,5.44,2026-06-22,2026-06-22 07:37:27
2108,南帝,28.75,28.75,28.95,28.55,34.06,39.13,55.95,0.48,0.61,-0.13,31.66,28.78,25.9,955,1226,0.78,141.57,34.64,1.0,3.48,2026-06-22,2026-06-22 07:37:30
2109,華豐,14.55,14.65,14.65,14.45,67.41,62.05,61.9,0.1,0.06,0.04,14.79,14.32,13.84,174,208,0.84,40.65,12.54,1.3,8.93,2026-06-22,2026-06-22 07:37:31
2114,鑫永銓,89.3,88.9,89.7,88.3,65.72,71.76,49.74,1.17,1.21,-0.03,90.73,88.33,85.93,82,90,0.91,69.65,15.5,5.0,5.6,2026-06-22,2026-06-22 07:37:32
2115,六暉-KY,20.5,20.6,20.8,20.5,42.45,57.24,56.75,0.29,0.28,0.01,21.44,20.37,19.3,80,174,0.46,21.4,12.97,1.5,7.32,2026-06-22,2026-06-22 07:37:33
2201,裕隆,27.6,28.15,28.4,27.35,42.7,43.27,47.37,0.16,0.18,-0.02,29.09,27.82,26.54,5122,3038,1.69,293.24,29.68,0.56,2.03,2026-06-22,2026-06-22 07:37:34
2204,中華,55.1,55.9,55.9,55.0,45.88,58.88,57.01,0.51,0.49,0.02,57.34,54.83,52.33,898,841,1.07,305.04,10.07,3.6,6.53,2026-06-22,2026-06-22 07:37:35
2206,三陽工業,60.6,61.5,61.5,60.6,42.47,54.84,47.96,0.65,0.87,-0.22,63.86,61.46,59.06,1068,1013,1.05,465.8,10.5,3.03,5.0,2026-06-22,2026-06-22 07:37:37
2207,和泰車,481.0,482.5,482.5,475.0,74.88,62.92,62.68,4.33,1.85,2.48,485.35,460.8,436.24,474,2499,0.19,2679.66,14.2,20.0,4.16,2026-06-22,2026-06-22 07:37:39
2208,台船,18.0,17.95,18.35,17.85,56.35,50.47,45.45,-0.38,-0.47,0.09,18.42,17.96,17.5,4426,2363,1.87,229.42,,,,2026-06-22,2026-06-22 07:37:41
2211,長榮鋼,94.8,95.5,95.5,94.6,73.4,69.8,53.91,-0.16,-0.58,0.41,96.32,93.67,91.03,503,713,0.71,395.4,11.02,5.0,5.27,2026-06-22,2026-06-22 07:37:42
2221,大甲,52.8,50.0,52.8,49.6,73.88,56.34,69.68,2.01,1.46,0.55,49.34,44.02,38.7,2585,1120,2.31,22.35,23.06,1.3,2.46,2026-06-22,2026-06-22 07:37:45
2227,裕日車,49.25,49.3,49.3,49.0,41.38,47.63,42.42,-0.3,-0.39,0.08,51.0,49.57,48.14,47,45,1.05,147.75,37.88,0.84,1.71,2026-06-22,2026-06-22 07:37:46
2228,劍麟,88.7,89.7,90.5,88.7,83.57,80.77,62.41,0.57,-0.02,0.59,89.33,85.47,81.62,191,175,1.09,70.76,17.43,4.5,5.07,2026-06-22,2026-06-22 07:37:47
2230,泰茂,26.6,27.1,27.2,26.5,32.37,31.76,41.34,-0.79,-0.78,-0.01,29.52,27.63,25.75,286,204,1.4,17.83,,0.61,2.29,2026-06-22,2026-06-22 07:37:49
2231,為升,94.3,94.0,96.5,93.6,40.08,29.14,20.48,-4.58,-4.51,-0.06,111.18,99.27,87.36,485,277,1.75,128.18,14.73,2.07,2.2,2026-06-22,2026-06-22 07:37:50
2233,宇隆,315.5,306.0,320.5,305.5,62.34,44.99,33.61,-1.31,1.5,-2.8,382.81,322.55,262.29,1206,870,1.39,190.21,47.16,7.0,2.22,2026-06-22,2026-06-22 07:37:51
2235,謚源,31.0,31.0,31.0,31.0,52.29,34.63,59.26,-0.21,-0.29,0.08,31.74,30.46,29.18,1,6,0.16,11.12,32.63,3.0,9.68,2026-06-22,2026-06-22 07:37:52
2236,百達-KY,137.0,138.0,139.0,134.0,71.11,56.44,41.86,0.08,0.45,-0.37,143.87,137.03,130.18,248,223,1.11,84.12,17.77,0.31,0.23,2026-06-22,2026-06-22 07:37:53
2239,英利-KY,22.7,22.9,22.9,22.5,17.02,17.95,22.73,-0.03,0.12,-0.15,25.34,23.38,21.42,60,44,1.36,26.72,2.97,,,2026-06-22,2026-06-22 07:37:56
2241,艾姆勒,51.6,54.1,55.0,51.0,86.34,83.41,80.32,4.02,2.71,1.31,50.9,39.5,28.1,6554,5734,1.14,53.97,,,,2026-06-22,2026-06-22 07:37:57
2243,宏旭-KY,46.55,50.0,50.0,46.55,91.03,93.04,72.68,6.04,3.98,2.06,50.36,32.74,15.11,2296,2459,0.93,32.29,38.16,,,2026-06-22,2026-06-22 07:37:58
2247,汎德永業,234.5,236.0,237.5,231.0,75.08,76.94,68.89,5.64,4.47,1.18,249.29,225.97,202.66,115,73,1.57,189.26,13.29,33.0,14.07,2026-06-22,2026-06-22 07:37:59
2248,華勝-KY,55.8,56.0,56.2,55.7,58.55,60.42,53.93,0.36,0.44,-0.07,57.87,55.85,53.83,31,32,0.95,26.56,10.51,2.73,4.89,2026-06-22,2026-06-22 07:38:01
2250,IKKA-KY,61.3,61.8,62.0,61.3,43.09,32.76,36.11,-0.49,-0.38,-0.11,65.8,62.24,58.69,59,58,1.01,22.31,15.56,3.35,5.46,2026-06-22,2026-06-22 07:38:02
2254,巨鎧精密-創,59.0,61.2,61.2,58.4,29.08,31.11,25.61,-1.27,-1.21,-0.07,69.35,62.9,56.45,22,13,1.7,37.62,,,,2026-06-22,2026-06-22 07:38:03
2258,鴻華先進-創,34.2,33.3,34.45,33.3,75.39,59.96,56.98,0.96,0.74,0.23,34.14,31.18,28.21,1267,1117,1.13,596.33,,,,2026-06-22,2026-06-22 07:38:05
2301,光寶科,231.5,216.0,231.5,215.0,48.52,31.2,48.79,2.79,5.33,-2.54,253.6,225.85,198.1,45392,27909,1.63,5254.52,35.13,7.51,3.24,2026-06-22,2026-06-22 07:38:06
2302,麗正,47.65,47.1,50.6,47.1,84.98,75.01,67.03,4.81,3.77,1.04,46.76,36.66,26.56,14681,16218,0.91,79.24,97.24,0.35,0.73,2026-06-22,2026-06-22 07:38:07
2303,聯電,160.0,160.0,160.0,160.0,86.41,70.65,57.14,10.82,10.14,0.68,156.62,135.68,114.73,66034,217671,0.3,20074.29,40.61,2.85,1.78,2026-06-22,2026-06-22 07:38:08
2305,全友,37.0,37.0,37.0,35.5,92.74,85.14,91.64,3.66,2.45,1.21,33.94,25.09,16.24,16282,11193,1.45,75.01,185.0,,,2026-06-22,2026-06-22 07:38:09
2308,台達電,2150.0,2170.0,2195.0,2135.0,27.05,31.77,35.92,10.47,43.83,-33.36,2526.47,2294.44,2062.41,15327,10584,1.45,55847.18,93.44,11.6,0.54,2026-06-22,2026-06-22 07:38:10
2312,金寶,35.85,36.0,36.6,35.65,33.54,25.6,36.31,0.98,1.67,-0.69,42.81,37.49,32.16,34045,29266,1.16,539.72,34.47,0.6,1.67,2026-06-22,2026-06-22 07:38:12
2313,華通,259.5,262.5,263.5,257.0,39.04,43.76,42.41,0.5,2.19,-1.69,291.39,267.49,243.58,28998,54469,0.53,3092.77,47.18,2.8,1.08,2026-06-22,2026-06-22 07:38:13
2314,台揚,14.35,14.95,14.95,14.35,31.23,41.89,32.35,0.04,0.19,-0.15,16.93,15.75,14.57,527,396,1.33,26.9,10.55,,,2026-06-22,2026-06-22 07:38:14
2316,楠梓電,226.0,226.0,226.0,226.0,87.53,72.16,75.64,15.47,11.27,4.2,205.48,171.35,137.22,2196,6792,0.32,410.04,16.89,0.5,0.22,2026-06-22,2026-06-22 07:38:15
2317,鴻海,268.5,270.0,275.5,268.5,51.43,41.09,37.37,4.88,7.81,-2.93,304.94,274.6,244.26,65508,56447,1.16,37595.16,20.04,7.17,2.67,2026-06-22,2026-06-22 07:38:16
2321,東訊,13.9,13.9,13.95,13.8,73.57,55.38,37.65,0.05,0.08,-0.03,15.39,14.06,12.72,4,3,1.1,4.16,,,,2026-06-22,2026-06-22 07:38:17
2323,中環,11.9,11.9,12.25,11.65,61.33,47.5,60.15,0.27,0.22,0.04,12.55,11.15,9.74,19434,18025,1.08,129.63,7.53,0.3,2.52,2026-06-22,2026-06-22 07:38:19
2324,仁寶,37.5,38.1,39.2,37.5,38.96,32.15,43.07,1.32,1.8,-0.48,45.2,38.09,30.98,92026,68763,1.34,1596.42,27.37,1.1,2.93,2026-06-22,2026-06-22 07:38:20
2327,國巨*,1065.0,1115.0,1120.0,1040.0,89.06,85.76,74.84,134.41,118.33,16.07,1068.86,826.82,584.78,61760,64712,0.95,21925.48,84.26,6.0,0.56,2026-06-22,2026-06-22 07:38:21
2328,廣宇,53.4,54.0,54.5,53.4,50.41,36.59,30.41,0.11,0.55,-0.43,61.28,54.66,48.04,6059,4928,1.23,276.8,34.23,0.9,1.69,2026-06-22,2026-06-22 07:38:23
2329,華泰,58.5,56.9,59.0,56.8,70.52,55.42,47.46,-0.16,-0.41,0.25,61.03,55.92,50.8,12684,9955,1.27,385.48,30.31,1.0,1.71,2026-06-22,2026-06-22 07:38:24
2330,台積電,2510.0,2455.0,2510.0,2455.0,87.63,73.26,64.65,54.05,45.56,8.49,2475.08,2342.72,2210.36,43209,34063,1.27,650902.5,34.15,24.0,0.96,2026-06-22,2026-06-22 07:38:25
2331,精英,22.7,22.5,23.9,22.5,58.1,44.91,41.83,0.23,0.23,-0.0,25.01,22.16,19.3,6058,3924,1.54,126.53,16.21,0.21,0.93,2026-06-22,2026-06-22 07:38:27
2332,友訊,18.95,20.8,20.8,18.35,74.79,64.71,62.86,0.86,0.54,0.32,19.08,16.54,14.0,62653,24820,2.52,113.08,63.17,0.1,0.53,2026-06-22,2026-06-22 07:38:28
2337,旺宏,185.5,177.0,185.5,173.5,82.85,65.32,57.96,4.1,1.36,2.74,182.69,157.93,133.16,135986,88235,1.54,3578.53,5.29,,,2026-06-22,2026-06-22 07:38:29
2338,光罩,54.0,53.6,55.3,53.5,62.18,51.97,44.31,0.33,0.11,0.22,60.38,52.58,44.77,6346,9144,0.69,176.6,180.0,,,2026-06-22,2026-06-22 07:38:30
2340,台亞,42.8,42.15,43.85,42.0,78.03,64.18,63.3,0.87,0.21,0.65,42.51,37.09,31.68,22247,18433,1.21,187.41,77.82,,,2026-06-22,2026-06-22 07:38:31
2342,茂矽,58.6,57.1,60.7,56.7,84.64,70.18,73.74,3.46,1.93,1.53,54.5,44.13,33.76,35310,28338,1.25,92.31,31.85,0.3,0.51,2026-06-22,2026-06-22 07:38:32
2344,華邦電,222.0,229.5,233.5,219.0,85.58,75.09,70.15,21.63,17.09,4.54,221.0,170.57,120.15,402382,307656,1.31,9990.0,255.17,0.5,0.23,2026-06-22,2026-06-22 07:38:33
2345,智邦,2595.0,2495.0,2605.0,2485.0,69.64,57.6,53.68,33.59,36.52,-2.94,2660.37,2475.5,2290.63,3406,3221,1.06,14503.66,55.51,15.0,0.58,2026-06-22,2026-06-22 07:38:35
2347,聯強,93.5,94.0,95.5,93.0,64.21,59.73,63.06,2.34,2.06,0.28,95.61,89.24,82.87,4758,6295,0.76,1559.53,18.41,4.2,4.49,2026-06-22,2026-06-22 07:38:36
2348,海悅,72.0,74.9,74.9,70.2,49.43,53.33,53.23,0.86,0.48,0.38,78.59,72.04,65.49,2657,1682,1.58,109.25,10.53,9.0,12.5,2026-06-22,2026-06-22 07:38:37
2349,錸德,14.0,14.0,14.3,13.75,59.43,42.71,48.03,0.11,0.14,-0.03,15.37,13.9,12.43,5736,4899,1.17,97.12,13.08,,,2026-06-22,2026-06-22 07:38:38
2351,順德,214.5,212.0,214.5,207.0,60.59,38.32,55.06,4.28,5.43,-1.14,229.32,197.65,165.98,8341,5712,1.46,390.69,130.79,1.1,0.51,2026-06-22,2026-06-22 07:38:39
2352,佳世達,31.45,31.2,31.8,30.75,63.08,50.82,53.01,1.09,1.26,-0.17,34.14,30.48,26.81,8858,6799,1.3,497.07,49.14,3.55,11.29,2026-06-22,2026-06-22 07:38:41
2353,宏碁,34.0,34.65,34.9,34.0,23.05,32.91,42.0,1.49,2.0,-0.51,41.6,35.35,29.1,38309,60134,0.64,1022.11,27.2,1.3,3.82,2026-06-22,2026-06-22 07:38:42
2354,鴻準,58.0,58.4,58.7,57.5,50.36,38.0,37.5,-0.24,0.14,-0.39,64.72,59.4,54.09,10019,6418,1.56,820.4,25.11,1.5,2.59,2026-06-22,2026-06-22 07:38:43
2355,敬鵬,58.7,58.4,59.1,57.6,54.69,52.69,47.06,0.4,0.65,-0.24,67.06,59.32,51.57,9122,15689,0.58,233.33,36.92,1.85,3.15,2026-06-22,2026-06-22 07:38:44
2356,英業達,67.8,68.3,71.5,67.5,38.51,30.34,36.34,2.84,4.16,-1.33,82.56,69.81,57.06,63332,36335,1.74,2432.31,28.13,1.7,2.51,2026-06-22,2026-06-22 07:38:45
2357,華碩,788.0,793.0,806.0,788.0,22.11,25.54,41.97,29.51,41.75,-12.24,946.84,803.2,659.56,3435,4197,0.82,5852.95,13.25,42.0,5.33,2026-06-22,2026-06-22 07:38:46
2359,所羅門,136.5,136.0,139.0,135.0,28.87,28.93,38.52,1.12,2.49,-1.37,149.69,139.12,128.56,2580,2109,1.22,233.92,110.98,1.0,0.73,2026-06-22,2026-06-22 07:38:48
2360,致茂,2310.0,2425.0,2435.0,2240.0,50.08,40.79,39.03,10.3,39.26,-28.96,2681.25,2401.58,2121.91,2604,2282,1.14,9784.96,84.03,19.5,0.84,2026-06-22,2026-06-22 07:38:49
2362,藍天,47.2,47.95,48.3,47.1,58.98,62.83,49.89,1.84,2.05,-0.21,52.73,46.55,40.37,1739,1981,0.88,272.82,23.14,2.0,4.24,2026-06-22,2026-06-22 07:38:50
2363,矽統,69.1,68.2,69.1,67.6,72.75,51.54,53.03,0.62,0.41,0.2,71.83,62.84,53.85,14878,7925,1.88,355.86,45.16,0.5,0.72,2026-06-22,2026-06-22 07:38:51
2364,倫飛,68.4,68.1,69.7,68.1,17.03,16.06,43.94,0.1,0.76,-0.66,77.7,70.26,62.82,235,218,1.08,35.83,16.4,2.0,2.92,2026-06-22,2026-06-22 07:38:52
2365,昆盈,34.4,34.2,34.75,33.95,32.99,27.06,31.25,-0.68,-0.45,-0.23,39.79,35.75,31.7,1989,1518,1.31,76.21,107.5,0.6,1.74,2026-06-22,2026-06-22 07:38:53
2367,燿華,60.6,61.3,62.2,60.2,32.14,39.7,34.68,-1.02,-0.71,-0.31,69.69,64.21,58.73,20560,25531,0.81,427.99,89.12,0.7,1.16,2026-06-22,2026-06-22 07:38:55
2368,金像電,1395.0,1390.0,1400.0,1335.0,41.53,44.02,55.07,15.7,18.67,-2.96,1469.09,1362.25,1255.41,5212,4139,1.26,7050.02,73.54,9.8,0.7,2026-06-22,2026-06-22 07:38:56
2369,菱生,40.5,38.15,40.5,38.15,77.46,58.79,51.79,1.01,0.69,0.32,41.96,35.83,29.69,50167,21470,2.34,151.65,24.11,0.3,0.74,2026-06-22,2026-06-22 07:38:58
2371,大同,28.15,28.4,28.4,28.1,31.44,26.05,37.2,-0.53,-0.43,-0.11,31.7,29.28,26.86,15900,11967,1.33,575.96,12.03,3.11,11.05,2026-06-22,2026-06-22 07:38:59
2373,震旦行,58.1,58.5,58.5,57.9,70.47,61.45,46.51,0.22,0.22,-0.0,58.94,57.84,56.73,27,31,0.86,129.97,15.01,3.7,6.37,2026-06-22,2026-06-22 07:39:01
2374,佳能,74.6,76.2,76.8,74.6,52.48,40.1,29.88,-1.2,-0.8,-0.4,86.7,77.83,68.97,5109,5155,0.99,252.14,30.83,0.6,0.8,2026-06-22,2026-06-22 07:39:02
2375,凱美,219.0,224.5,228.0,214.5,88.76,83.01,70.52,24.09,19.73,4.35,214.82,167.28,119.73,33353,26311,1.27,238.0,58.87,1.5,0.68,2026-06-22,2026-06-22 07:39:04
2376,技嘉,339.5,350.0,351.0,337.5,31.21,31.21,29.96,7.03,11.99,-4.97,394.63,354.55,314.47,12955,7575,1.71,2274.27,19.77,12.0,3.53,2026-06-22,2026-06-22 07:39:05
2377,微星,137.0,140.0,140.5,136.5,54.0,50.18,46.09,6.31,7.62,-1.31,149.38,135.75,122.12,12988,13607,0.95,1157.45,20.33,5.0,3.65,2026-06-22,2026-06-22 07:39:06
2379,瑞昱,900.0,840.0,900.0,840.0,90.33,78.03,77.5,57.3,33.99,23.31,815.92,653.4,490.88,7329,5184,1.41,4615.77,32.04,25.5,2.83,2026-06-22,2026-06-22 07:39:07
2380,虹光,6.6,23.86,23.86,23.86,82.8,78.13,75.97,0.77,0.41,0.36,24.19,21.28,18.36,0,191,0.0,1.09,2.54,,,2026-06-18,2026-06-22 07:39:08
2382,廣達,380.0,378.5,385.0,376.5,53.36,42.32,52.85,12.39,13.83,-1.44,428.2,365.68,303.15,19190,20422,0.94,14647.17,20.1,13.0,3.42,2026-06-22,2026-06-22 07:39:09
2383,台光電,5825.0,5815.0,6045.0,5815.0,75.55,63.72,66.82,217.97,170.12,47.85,5671.73,5111.25,4550.77,2015,1980,1.02,20872.2,126.85,16.58,0.28,2026-06-22,2026-06-22 07:39:10
2385,群光,114.0,114.5,115.5,113.5,8.36,18.91,24.78,-1.96,0.7,-2.66,143.92,127.79,111.66,4195,11267,0.37,836.03,12.77,7.2,6.32,2026-06-22,2026-06-22 07:39:12
2387,精元,39.85,39.55,40.0,39.5,15.57,20.25,30.3,-0.21,0.03,-0.24,43.55,40.92,38.29,379,531,0.71,77.12,11.55,4.0,10.04,2026-06-22,2026-06-22 07:39:13
2388,威盛,84.4,83.5,88.6,81.4,74.48,57.06,62.17,0.73,-0.52,1.25,85.43,73.07,60.71,23027,13565,1.7,469.21,703.33,0.05,0.06,2026-06-22,2026-06-22 07:39:14
2390,云辰,12.15,12.45,12.5,12.1,56.34,53.63,57.63,0.5,0.52,-0.02,13.33,11.76,10.19,1000,1083,0.92,23.4,,,,2026-06-22,2026-06-22 07:39:15
2392,正崴,40.05,40.0,40.4,39.45,51.84,46.74,43.08,0.55,0.62,-0.08,43.19,39.79,36.4,1770,1922,0.92,185.36,8.52,2.5,6.24,2026-06-22,2026-06-22 07:39:17
2393,億光,70.8,70.7,71.7,70.2,79.09,80.2,73.53,1.0,0.32,0.68,73.23,67.05,60.87,2485,3717,0.67,313.92,15.63,5.31,7.5,2026-06-22,2026-06-22 07:39:19
2395,研華,499.5,501.0,511.0,494.5,63.74,49.42,44.3,11.03,14.49,-3.46,528.36,493.8,459.24,3007,2485,1.21,4336.93,41.11,8.39,1.68,2026-06-22,2026-06-22 07:39:20
2397,友通,61.6,61.8,61.8,60.7,34.4,37.16,39.74,0.21,0.64,-0.43,66.47,62.99,59.51,563,406,1.39,70.53,24.84,2.45,3.98,2026-06-22,2026-06-22 07:39:21
2399,映泰,51.6,48.45,52.4,48.15,53.16,49.64,52.33,1.6,1.56,0.04,53.23,48.68,44.12,16290,20011,0.81,91.9,344.0,,,2026-06-22,2026-06-22 07:39:22
2401,凌陽,34.0,33.2,34.9,33.0,80.68,69.47,62.25,1.49,1.05,0.44,33.85,29.37,24.88,30176,25997,1.16,200.07,16.92,,,2026-06-22,2026-06-22 07:39:24
2402,毅嘉,71.3,70.8,72.3,70.0,83.01,69.78,52.67,0.76,0.15,0.61,74.18,67.55,60.91,11922,12673,0.94,219.27,30.73,1.97,2.76,2026-06-22,2026-06-22 07:39:25
2404,漢唐,1280.0,1275.0,1285.0,1255.0,56.98,57.68,56.77,57.55,55.61,1.94,1352.16,1219.0,1085.84,1894,4173,0.45,2417.75,26.84,28.0,2.19,2026-06-22,2026-06-22 07:39:26
2405,輔信,18.9,19.0,19.25,18.85,41.54,41.61,52.29,0.71,0.86,-0.15,21.61,18.77,15.93,4998,4393,1.14,64.91,,0.17,0.9,2026-06-22,2026-06-22 07:39:27
2406,國碩,35.6,35.0,36.3,35.0,39.41,44.57,49.37,0.77,0.93,-0.17,39.69,35.77,31.84,13170,23642,0.56,124.92,,,,2026-06-22,2026-06-22 07:39:30
2408,南亞科,505.0,484.0,505.0,480.0,88.7,73.89,67.98,41.56,31.17,10.38,485.36,375.57,265.79,96255,134214,0.72,15648.07,239.34,1.35,0.27,2026-06-22,2026-06-22 07:39:31
2409,友達,30.95,29.45,30.95,29.1,71.28,52.21,67.74,1.82,1.51,0.3,30.32,24.94,19.56,297033,423477,0.7,2335.83,34.39,1.2,3.88,2026-06-22,2026-06-22 07:39:33
2412,中華電,144.5,144.0,146.0,143.5,78.28,82.33,61.76,2.08,1.86,0.21,148.5,141.47,134.45,8328,9847,0.85,11209.51,28.73,5.2,3.6,2026-06-22,2026-06-22 07:39:34
2413,環科,56.7,57.0,58.0,56.0,48.42,62.25,56.32,2.45,2.41,0.04,62.46,54.97,47.48,3150,7091,0.44,72.21,138.29,0.5,0.88,2026-06-22,2026-06-22 07:39:35
2414,精技,63.3,63.5,64.4,61.8,80.26,77.16,78.92,3.68,3.03,0.65,65.62,55.64,45.65,475,621,0.77,102.38,20.1,2.5,3.95,2026-06-22,2026-06-22 07:39:36
2415,錩新,30.3,30.4,30.7,30.25,73.16,67.55,75.61,0.7,0.33,0.37,30.67,27.98,25.29,312,537,0.58,27.27,16.74,1.2,3.96,2026-06-22,2026-06-22 07:39:38
2417,圓剛,46.9,46.2,46.95,46.0,46.14,36.12,26.82,-0.38,-0.01,-0.37,53.48,48.29,43.1,1469,1116,1.32,60.27,,0.25,0.53,2026-06-22,2026-06-22 07:39:40
2419,仲琦,29.45,29.7,29.95,29.3,52.65,40.82,31.61,-0.56,-0.53,-0.03,33.77,30.4,27.03,1534,1553,0.99,94.63,33.09,,,2026-06-22,2026-06-22 07:39:49
2420,新巨,64.2,61.5,64.5,61.5,51.8,40.64,51.41,0.63,1.0,-0.37,67.0,62.74,58.48,1200,788,1.52,98.0,16.5,3.5,5.45,2026-06-22,2026-06-22 07:39:50
2421,建準,150.0,147.5,150.5,145.5,35.55,27.35,38.61,-0.29,0.91,-1.2,166.26,152.06,137.86,4126,2513,1.64,429.06,19.01,5.24,3.49,2026-06-22,2026-06-22 07:39:58
2423,固緯,80.2,78.0,80.9,78.0,76.86,62.6,49.01,2.24,2.83,-0.59,84.81,78.32,71.84,339,174,1.95,116.33,27.56,2.5,3.12,2026-06-22,2026-06-22 07:40:00
2424,隴華,11.65,10.8,11.65,10.8,40.68,28.09,40.36,-2.1,-2.37,0.27,14.37,11.99,9.61,338,169,2.0,6.94,,,,2026-06-22,2026-06-22 07:40:01
2425,承啟,39.35,40.1,40.55,39.35,65.68,64.09,57.55,1.66,1.3,0.36,40.74,36.4,32.05,2565,5792,0.44,37.97,,0.1,0.25,2026-06-22,2026-06-22 07:40:02
2426,鼎元,89.9,85.0,89.9,82.2,80.4,61.82,58.73,3.4,2.31,1.09,88.06,73.79,59.52,37139,26997,1.38,270.26,73.69,0.1,0.11,2026-06-22,2026-06-22 07:40:03
2427,三商電,22.2,22.45,22.55,22.2,22.36,32.1,50.97,0.22,0.29,-0.07,24.85,22.29,19.74,503,724,0.7,43.96,15.42,0.7,3.15,2026-06-22,2026-06-22 07:40:04
2428,興勤,311.0,319.0,320.0,303.0,73.11,65.63,58.19,22.5,22.42,0.07,319.85,283.18,246.5,2606,2966,0.88,398.43,26.54,6.1,1.96,2026-06-22,2026-06-22 07:40:05
2429,銘旺科,42.3,40.0,42.4,39.5,30.55,17.69,33.75,-2.5,-2.35,-0.15,51.47,43.27,35.07,1935,758,2.55,36.17,,,,2026-06-22,2026-06-22 07:40:06
2430,燦坤,18.45,18.45,18.5,18.35,43.47,31.43,51.39,-0.27,-0.33,0.06,19.28,18.55,17.82,106,121,0.87,21.55,26.74,0.8,4.34,2026-06-22,2026-06-22 07:40:08
2431,聯昌,11.75,11.75,11.95,11.5,64.13,59.56,59.34,0.2,0.07,0.12,11.93,10.95,9.97,846,1215,0.7,13.03,,,,2026-06-22,2026-06-22 07:40:09
2432,倚天酷碁-創,28.5,28.65,28.7,28.5,50.75,52.85,64.34,0.34,0.25,0.09,29.37,27.63,25.89,123,98,1.25,17.63,15.32,1.7,5.96,2026-06-22,2026-06-22 07:40:10
2433,互盛電,44.35,44.55,44.55,44.1,71.75,58.73,60.0,-0.13,-0.25,0.13,44.85,43.93,43.0,90,45,2.0,64.08,14.59,2.7,6.09,2026-06-22,2026-06-22 07:40:11
2434,統懋,42.7,40.2,42.7,39.1,75.19,56.91,61.64,1.78,1.18,0.6,41.68,35.29,28.89,1450,612,2.37,15.8,2135.0,,,2026-06-22,2026-06-22 07:40:12
2436,偉詮電,78.6,74.8,79.3,74.8,76.58,56.37,53.91,-0.14,-0.68,0.54,82.63,72.42,62.2,12880,5559,2.32,155.05,28.17,1.96,2.49,2026-06-22,2026-06-22 07:40:13
2438,翔耀,23.4,22.55,23.4,22.5,39.1,23.23,27.67,-0.22,0.01,-0.23,28.37,24.01,19.66,333,226,1.48,15.96,,,,2026-06-22,2026-06-22 07:40:15
2439,美律,92.8,93.1,93.3,92.6,70.3,61.82,53.37,1.04,1.03,0.0,94.47,91.42,88.36,1832,2792,0.66,230.74,18.49,7.29,7.86,2026-06-22,2026-06-22 07:40:17
2440,太空梭,16.95,17.0,17.1,16.85,22.2,19.39,41.67,-0.09,0.09,-0.18,19.41,17.67,15.93,772,670,1.15,23.58,,,,2026-06-22,2026-06-22 07:40:18
2441,超豐,140.0,139.0,144.5,137.5,66.96,51.7,52.58,5.88,6.43,-0.54,145.09,131.38,117.66,22110,11785,1.88,796.38,32.79,3.0,2.14,2026-06-22,2026-06-22 07:40:19
2442,新美齊,19.5,19.8,19.8,19.35,52.48,64.93,60.0,0.25,0.22,0.03,20.48,19.34,18.2,2591,2091,1.24,54.83,4.56,0.08,0.41,2026-06-22,2026-06-22 07:40:20
2444,兆勁,13.4,13.35,13.45,13.2,55.49,56.75,60.47,0.1,0.04,0.06,13.93,13.02,12.11,780,978,0.8,13.61,,,,2026-06-22,2026-06-22 07:40:21
2449,京元電子,339.0,314.0,339.0,314.0,66.62,43.87,56.65,-0.48,-2.66,2.18,348.5,304.52,260.55,81523,35739,2.28,4145.11,52.07,4.0,1.18,2026-06-22,2026-06-22 07:40:22
2450,神腦,28.9,29.25,29.25,28.9,47.8,55.64,45.25,0.24,0.28,-0.03,30.29,28.93,27.57,364,525,0.69,74.64,16.8,1.55,5.36,2026-06-22,2026-06-22 07:40:24
2451,創見,309.5,317.0,320.5,309.5,55.83,41.53,30.8,0.1,3.18,-3.08,365.34,320.57,275.81,6597,5096,1.29,1335.01,23.94,11.78,3.81,2026-06-22,2026-06-22 07:40:25
2453,凌群,57.5,57.1,57.7,57.0,46.84,36.13,22.88,-0.0,0.42,-0.42,64.03,59.02,54.01,577,382,1.51,57.5,18.49,2.8,4.87,2026-06-22,2026-06-22 07:40:26
2454,聯發科,4465.0,4385.0,4565.0,4380.0,72.93,62.57,47.79,268.59,320.72,-52.12,4710.6,4376.75,4042.9,11575,10439,1.11,71266.32,67.81,53.5,1.2,2026-06-22,2026-06-22 07:40:27
2455,全新,409.5,412.0,412.0,400.5,69.84,58.89,49.07,8.75,7.79,0.96,458.7,396.95,335.2,2595,16772,0.15,757.19,138.81,2.62,0.64,2026-06-22,2026-06-22 07:40:28
2457,飛宏,31.5,29.2,31.65,28.8,51.03,49.54,61.6,1.14,1.09,0.05,32.61,28.47,24.34,17939,8580,2.09,133.8,,,,2026-06-22,2026-06-22 07:40:29
2458,義隆,178.5,177.0,183.5,175.0,71.64,54.66,59.06,3.77,2.71,1.06,177.46,160.22,142.99,11679,7207,1.62,511.09,21.28,7.07,3.96,2026-06-22,2026-06-22 07:40:31
2459,敦吉,65.0,64.5,65.0,63.8,62.96,57.7,58.2,0.51,0.55,-0.04,66.73,64.31,61.89,233,334,0.7,68.64,12.62,4.2,6.46,2026-06-22,2026-06-22 07:40:32
2460,建通,35.05,34.45,35.75,34.4,62.09,56.41,56.88,0.48,0.11,0.37,36.48,32.96,29.45,1530,2247,0.68,59.3,34.36,,,2026-06-22,2026-06-22 07:40:33
2461,光群雷,18.0,18.4,18.4,17.5,29.22,42.18,59.68,0.48,0.54,-0.06,20.63,17.97,15.31,2177,1617,1.35,36.16,19.15,1.67,9.28,2026-06-22,2026-06-22 07:40:34
2462,良得電,25.5,25.85,25.85,25.3,51.55,58.98,67.65,1.06,0.98,0.09,27.74,23.84,19.93,654,763,0.86,38.45,94.44,0.2,0.78,2026-06-22,2026-06-22 07:40:35
2464,盟立,173.0,178.0,186.5,172.0,68.51,56.86,38.98,9.7,10.96,-1.26,197.04,167.25,137.46,23233,16340,1.42,356.99,58.15,0.35,0.2,2026-06-22,2026-06-22 07:40:37
2465,麗臺,79.4,81.1,81.8,79.1,58.82,50.12,37.74,0.37,1.03,-0.66,90.04,82.34,74.63,1515,1558,0.97,74.59,141.79,,,2026-06-22,2026-06-22 07:40:38
2466,冠西電,55.1,51.0,55.1,51.0,88.53,77.13,73.82,0.08,-1.05,1.13,52.53,47.25,41.97,1280,636,2.01,95.58,220.4,,,2026-06-22,2026-06-22 07:40:39
2467,志聖,630.0,617.0,644.0,614.0,69.0,50.95,49.83,3.99,2.92,1.07,673.24,594.94,516.63,1736,1316,1.32,963.1,123.77,5.5,0.87,2026-06-22,2026-06-22 07:40:40
2468,華經,38.1,38.4,38.4,37.8,8.61,19.27,53.21,0.95,1.36,-0.41,45.93,38.52,31.1,554,860,0.64,26.66,30.48,0.9,2.36,2026-06-22,2026-06-22 07:40:41
2471,資通,53.7,53.8,54.3,53.5,71.22,66.32,43.28,0.52,0.47,0.05,55.84,52.99,50.15,198,199,0.99,25.38,15.0,3.06,5.7,2026-06-22,2026-06-22 07:40:43
2472,立隆電,393.5,429.5,432.5,382.5,70.58,64.89,50.25,34.63,36.85,-2.22,418.0,358.68,299.35,15889,15923,1.0,648.23,45.33,3.1,0.79,2026-06-22,2026-06-22 07:40:45
2474,可成,206.0,204.5,209.0,203.0,17.2,19.01,41.12,0.15,2.37,-2.22,250.18,213.28,176.37,5881,5839,1.01,1109.97,18.2,11.49,5.58,2026-06-22,2026-06-22 07:40:46
2476,鉅祥,125.5,126.0,127.0,122.5,65.06,63.36,53.47,2.0,2.13,-0.13,130.14,122.9,115.66,4343,5356,0.81,273.69,30.02,3.5,2.79,2026-06-22,2026-06-22 07:40:47
2477,美隆電,22.05,22.0,22.1,21.85,35.19,33.61,48.98,0.12,0.17,-0.05,23.76,22.04,20.31,309,181,1.71,34.97,13.12,1.4,6.35,2026-06-22,2026-06-22 07:40:48
2478,大毅,235.5,231.0,237.0,223.0,93.13,90.46,88.94,32.94,25.97,6.96,239.12,163.35,87.58,2580,16774,0.15,336.13,68.86,1.82,0.77,2026-06-22,2026-06-22 07:40:49
2480,敦陽科,154.5,154.0,155.5,152.5,66.56,55.55,54.18,2.85,2.88,-0.03,158.84,148.21,137.58,519,806,0.64,164.33,19.39,7.8,5.05,2026-06-22,2026-06-22 07:40:50
2481,強茂,176.0,176.0,176.0,176.0,67.84,47.32,58.64,8.23,7.87,0.36,171.92,150.07,128.23,4027,16907,0.24,672.52,56.77,1.8,1.02,2026-06-22,2026-06-22 07:40:52
2482,連宇,17.2,17.5,17.5,17.15,59.75,53.17,57.14,0.12,0.05,0.06,17.59,16.83,16.07,255,262,0.97,13.4,,0.61,3.55,2026-06-22,2026-06-22 07:40:53
2483,百容,43.6,42.5,43.6,42.0,88.84,83.25,83.64,4.12,3.07,1.05,43.13,31.35,19.57,7544,9502,0.79,46.83,72.67,0.3,0.69,2026-06-22,2026-06-22 07:40:54
2484,希華,66.9,71.3,72.2,66.0,73.84,78.85,65.12,6.68,5.89,0.79,74.3,59.42,44.54,27708,48719,0.57,106.65,102.92,0.7,1.05,2026-06-22,2026-06-22 07:40:55
2485,兆赫,60.6,61.8,62.0,60.2,20.27,22.77,31.71,-2.37,-1.66,-0.71,77.71,67.51,57.3,10584,12168,0.87,192.52,,,,2026-06-22,2026-06-22 07:40:56
2486,一詮,272.0,291.5,295.0,270.0,60.82,47.75,52.09,2.27,2.84,-0.57,295.36,264.1,232.84,17840,8786,2.03,632.88,1236.36,0.5,0.18,2026-06-22,2026-06-22 07:40:57
2488,漢平,54.8,55.0,55.4,54.6,77.46,69.72,55.56,0.58,0.51,0.07,54.85,53.51,52.18,106,157,0.68,43.84,12.2,3.0,5.47,2026-06-22,2026-06-22 07:40:59
2489,瑞軒,50.7,48.25,51.9,48.2,73.43,54.59,54.18,0.73,0.5,0.23,55.35,47.5,39.66,62454,46881,1.33,309.27,41.9,1.2,2.37,2026-06-22,2026-06-22 07:41:00
2491,吉祥全,44.0,44.1,44.55,43.6,86.7,76.55,80.98,4.97,3.88,1.09,43.48,30.71,17.95,1003,816,1.23,36.08,30.77,,,2026-06-22,2026-06-22 07:41:01
2492,華新科,617.0,616.0,617.0,575.0,89.26,80.28,72.69,79.11,66.85,12.26,579.38,431.77,284.17,20240,20338,1.0,2991.25,131.0,2.41,0.39,2026-06-22,2026-06-22 07:41:02
2493,揚博,268.0,275.5,286.5,260.5,91.62,89.64,84.23,31.11,21.3,9.8,271.97,189.38,106.78,2368,4868,0.49,479.18,61.61,4.0,1.49,2026-06-22,2026-06-22 07:41:03
2495,普安,52.1,52.3,53.3,51.8,74.03,69.23,52.52,2.55,2.61,-0.06,54.43,50.02,45.61,7994,14087,0.57,142.52,46.52,1.3,2.5,2026-06-22,2026-06-22 07:41:04
2496,卓越,65.1,65.2,65.9,65.1,36.01,32.09,54.17,-0.02,-0.06,0.03,65.52,64.85,64.19,8,12,0.68,12.43,10.67,4.5,6.91,2026-06-22,2026-06-22 07:41:06
2497,怡利電,59.4,60.2,60.3,59.2,29.0,43.38,35.51,0.98,1.55,-0.57,65.87,61.6,57.33,833,719,1.16,77.75,25.17,2.0,3.37,2026-06-22,2026-06-22 07:41:07
2498,宏達電,50.4,47.8,50.4,47.5,72.1,51.51,59.44,0.97,0.65,0.32,50.27,45.06,39.86,26820,11998,2.24,421.41,7.05,0.5,0.99,2026-06-22,2026-06-22 07:41:08
2501,國建,24.85,26.4,26.45,24.65,60.56,74.67,58.48,0.9,0.71,0.19,28.04,24.26,20.47,9601,9464,1.01,288.15,8.78,1.0,4.02,2026-06-22,2026-06-22 07:41:09
2504,國產,32.8,33.65,33.65,32.7,36.39,52.77,48.68,0.23,0.25,-0.02,34.73,33.25,31.77,7779,6757,1.15,386.02,9.97,2.6,7.93,2026-06-22,2026-06-22 07:41:10
2505,國揚,18.5,18.85,18.85,18.3,39.03,44.81,62.35,0.19,0.12,0.07,19.5,18.18,16.87,587,463,1.27,70.3,7.84,1.0,5.41,2026-06-22,2026-06-22 07:41:11
2506,太設,8.93,9.0,9.01,8.91,59.78,71.97,64.0,0.07,0.07,0.01,9.21,8.87,8.54,229,138,1.65,32.29,446.5,0.2,2.24,2026-06-22,2026-06-22 07:41:13
2509,全坤建,13.7,14.4,14.4,13.7,57.68,62.6,64.89,0.26,0.12,0.14,14.66,13.15,11.63,530,325,1.63,30.76,,,,2026-06-22,2026-06-22 07:41:14
2511,太子,8.11,8.22,8.22,8.07,67.61,71.47,64.71,0.09,0.07,0.03,8.37,7.96,7.54,1621,1652,0.98,131.6,24.58,0.3,3.7,2026-06-22,2026-06-22 07:41:15
2514,龍邦,13.6,13.8,13.8,13.55,50.93,57.67,48.94,0.13,0.12,0.01,14.25,13.48,12.71,142,243,0.58,48.7,7.35,,,2026-06-22,2026-06-22 07:41:16
2515,中工,13.55,13.45,13.7,13.25,76.69,65.04,66.67,0.05,-0.03,0.08,13.53,13.01,12.48,13889,12602,1.1,217.87,34.74,,,2026-06-22,2026-06-22 07:41:17
2516,新建,13.45,13.4,13.65,13.25,69.77,69.89,68.89,0.14,0.05,0.1,13.92,12.96,11.99,438,247,1.77,30.43,10.93,,,2026-06-22,2026-06-22 07:41:19
2520,冠德,34.0,34.65,34.65,32.8,70.74,77.06,60.62,1.23,0.94,0.29,37.02,32.57,28.11,7387,5582,1.32,200.47,13.03,3.1,9.12,2026-06-22,2026-06-22 07:41:21
2524,京城,36.5,38.25,38.35,36.0,63.14,63.62,53.08,0.59,0.21,0.37,39.38,35.64,31.89,297,286,1.04,133.58,21.35,,,2026-06-22,2026-06-22 07:41:22
2527,宏璟,39.25,40.0,40.0,38.85,76.14,69.28,60.16,1.22,0.87,0.34,40.35,36.81,33.26,1189,2494,0.48,102.74,42.2,2.0,5.1,2026-06-22,2026-06-22 07:41:24
2528,皇普,21.7,22.35,22.35,21.5,52.45,58.58,59.87,-0.03,-0.13,0.1,23.36,21.78,20.2,639,490,1.3,94.61,6.24,1.5,6.91,2026-06-22,2026-06-22 07:41:25
2530,華建,19.0,20.0,20.0,18.8,54.41,68.92,44.7,-0.25,-0.37,0.13,20.76,19.4,18.04,1618,863,1.87,159.84,9.55,3.0,15.79,2026-06-22,2026-06-22 07:41:26
2534,宏盛,18.3,18.35,18.4,18.2,47.9,59.26,63.89,0.02,-0.06,0.08,19.03,18.02,17.0,1992,1278,1.56,86.56,8.88,1.5,8.2,2026-06-22,2026-06-22 07:41:27
2535,達欣工,93.8,92.7,94.2,91.9,78.49,86.06,73.95,5.21,4.54,0.67,100.22,86.12,72.02,530,746,0.71,243.78,14.48,4.6,4.9,2026-06-22,2026-06-22 07:41:29
2536,宏普,21.3,22.35,22.35,21.25,64.65,73.53,64.76,0.32,0.14,0.17,22.59,20.62,18.64,1947,1601,1.22,70.89,6.7,2.0,9.39,2026-06-22,2026-06-22 07:41:30
2537,聯上發,11.1,11.65,11.65,11.05,71.24,79.4,61.44,0.45,0.31,0.14,12.38,10.51,8.65,5211,6921,0.75,33.36,74.0,,,2026-06-22,2026-06-22 07:41:31
2538,基泰,10.0,10.1,10.15,9.96,46.65,60.17,62.16,0.12,0.09,0.02,10.53,9.84,9.15,705,516,1.37,44.5,29.41,0.7,7.0,2026-06-22,2026-06-22 07:41:33
2539,櫻花建,38.65,39.95,39.95,38.55,71.0,71.64,59.42,-0.04,-0.51,0.47,41.02,37.34,33.65,1767,1367,1.29,461.13,11.17,0.5,1.29,2026-06-22,2026-06-22 07:41:34
2540,愛山林,53.4,54.8,54.8,53.2,61.31,58.6,47.3,0.09,0.0,0.08,55.78,53.55,51.32,1110,961,1.16,504.56,77.39,0.71,1.33,2026-06-22,2026-06-22 07:41:35
2542,興富發,42.7,44.1,44.1,42.6,50.46,62.27,50.5,0.91,1.06,-0.15,46.19,43.51,40.84,24820,15575,1.59,901.8,20.33,2.0,4.68,2026-06-22,2026-06-22 07:41:37
2543,皇昌,42.95,44.2,44.5,42.8,14.88,29.41,35.99,-0.27,-0.14,-0.12,50.72,45.62,40.52,2048,1780,1.15,221.26,16.03,1.0,2.33,2026-06-22,2026-06-22 07:41:38
2545,皇翔,37.85,38.65,38.65,37.75,48.03,57.53,56.16,0.3,0.26,0.04,39.67,37.67,35.68,410,461,0.89,143.73,19.71,4.5,11.89,2026-06-22,2026-06-22 07:41:39
2546,根基,93.4,96.9,96.9,92.8,71.66,79.81,64.45,2.67,2.22,0.45,98.62,90.31,82.0,301,293,1.03,121.91,9.89,3.2,3.43,2026-06-22,2026-06-22 07:41:40
2547,日勝生,10.95,11.1,11.15,10.9,58.41,68.26,75.37,0.24,0.18,0.06,11.61,10.56,9.51,5090,4339,1.17,113.34,3.86,0.58,5.3,2026-06-22,2026-06-22 07:41:41
2548,華固,100.5,103.5,103.5,100.0,35.94,41.15,33.87,-2.99,-3.08,0.08,116.53,106.31,96.1,3731,3257,1.15,321.12,11.43,8.0,7.96,2026-06-22,2026-06-22 07:41:42
2596,綠意,30.4,30.3,30.8,30.1,64.17,70.11,66.04,0.41,0.21,0.2,32.29,29.26,26.23,85,59,1.43,30.4,16.34,1.0,3.29,2026-06-22,2026-06-22 07:41:45
2597,潤弘,173.5,176.5,176.5,173.5,32.51,50.53,62.4,6.74,7.24,-0.5,195.61,169.4,143.2,546,856,0.64,539.09,16.17,9.67,5.57,2026-06-22,2026-06-22 07:41:46
2601,益航,5.68,6.0,6.0,5.6,33.17,35.65,48.17,0.13,0.15,-0.02,6.55,5.71,4.87,2761,2016,1.37,46.85,11.14,,,2026-06-22,2026-06-22 07:41:47
2603,長榮,193.0,194.5,194.5,192.5,10.58,20.71,35.25,0.36,2.86,-2.5,222.12,204.7,187.28,15449,28367,0.54,4178.53,6.1,16.0,8.29,2026-06-22,2026-06-22 07:41:48
2605,新興,31.95,31.25,31.95,30.8,57.69,52.41,42.24,-0.34,-0.52,0.18,33.48,31.62,29.75,6731,7999,0.84,187.02,22.03,1.0,3.13,2026-06-22,2026-06-22 07:41:50
2606,裕民,62.0,61.8,62.2,61.1,22.35,23.87,26.83,-0.16,0.68,-0.84,70.85,65.77,60.69,7587,12874,0.59,523.93,14.42,2.8,4.52,2026-06-22,2026-06-22 07:41:51
2607,榮運,49.55,49.55,49.65,49.25,70.47,76.65,60.2,0.36,0.26,0.1,50.74,48.99,47.24,372,483,0.77,264.38,13.96,2.7,5.45,2026-06-22,2026-06-22 07:41:52
2608,嘉里大榮,28.95,29.1,29.15,28.9,85.73,85.32,75.06,0.26,0.14,0.11,29.67,28.25,26.83,342,399,0.86,135.2,14.7,1.65,5.7,2026-06-22,2026-06-22 07:41:53
2609,陽明,52.3,52.0,52.7,51.4,40.46,32.84,39.34,0.05,0.16,-0.11,54.65,52.3,49.96,37974,35722,1.06,1826.37,10.7,2.0,3.82,2026-06-22,2026-06-22 07:41:54
2610,華航,21.8,21.95,22.0,21.25,82.33,78.5,71.43,0.8,0.56,0.24,22.21,19.94,17.66,56860,89531,0.64,1325.84,9.16,0.82,3.76,2026-06-22,2026-06-22 07:41:55
2611,志信,13.85,14.0,14.0,13.6,64.17,66.87,55.56,0.13,0.1,0.04,14.48,13.63,12.79,458,393,1.17,26.18,26.63,0.52,3.75,2026-06-22,2026-06-22 07:41:57
2612,中航,54.4,54.1,54.4,53.7,40.79,45.26,38.76,-0.03,0.19,-0.22,57.38,55.38,53.39,301,456,0.66,107.43,9.98,2.2,4.04,2026-06-22,2026-06-22 07:41:58
2613,中櫃,21.75,21.9,22.1,21.75,34.29,39.59,27.66,-0.1,-0.09,-0.01,22.77,22.02,21.27,263,248,1.06,29.86,19.08,1.0,4.6,2026-06-22,2026-06-22 07:41:59
2614,東森,18.65,18.95,19.0,18.6,25.11,37.7,49.15,-0.08,-0.11,0.04,19.53,18.75,17.96,715,750,0.95,61.03,9.37,0.25,1.34,2026-06-22,2026-06-22 07:42:00
2615,萬海,80.5,81.0,81.9,80.3,12.26,23.3,34.88,0.52,1.2,-0.68,86.41,82.95,79.5,7004,10373,0.68,2258.95,7.19,3.0,3.73,2026-06-22,2026-06-22 07:42:02
2616,山隆,13.7,13.9,13.9,13.6,52.05,47.75,51.22,-0.11,-0.17,0.06,14.04,13.66,13.28,270,243,1.11,18.62,,0.3,2.19,2026-06-22,2026-06-22 07:42:03
2617,台航,30.05,30.0,30.15,29.75,71.15,77.38,57.14,0.17,0.09,0.08,30.48,29.56,28.64,901,862,1.05,125.4,9.48,1.5,4.99,2026-06-22,2026-06-22 07:42:05
2618,長榮航,41.65,41.9,42.0,40.7,79.65,78.91,69.65,1.65,1.16,0.49,42.58,37.93,33.28,54082,86352,0.63,2249.29,8.68,2.4,5.76,2026-06-22,2026-06-22 07:42:06
2630,亞航,42.9,41.2,43.05,40.95,54.06,33.99,46.43,-1.27,-1.57,0.3,44.46,41.04,37.62,2679,1161,2.31,89.85,42.9,0.9,2.1,2026-06-22,2026-06-22 07:42:07
2633,台灣高鐵,25.95,26.2,26.3,25.9,65.15,65.14,62.32,0.02,-0.1,0.12,26.3,25.47,24.65,18534,15175,1.22,1460.54,22.18,1.15,4.43,2026-06-22,2026-06-22 07:42:08
2634,漢翔,50.1,48.1,50.8,48.1,84.22,78.01,61.69,0.2,-0.14,0.34,48.84,46.8,44.75,19011,6123,3.1,471.88,64.23,0.78,1.56,2026-06-22,2026-06-22 07:42:10
2636,台驊控股,70.7,70.2,70.7,70.0,53.1,65.34,58.82,0.83,0.8,0.03,72.61,69.6,66.59,448,351,1.28,96.83,9.13,5.0,7.07,2026-06-22,2026-06-22 07:42:11
2637,慧洋-KY,77.1,77.9,77.9,76.3,51.58,60.7,55.28,1.89,1.88,0.01,80.49,75.54,70.6,1996,4513,0.44,575.48,14.36,3.5,4.54,2026-06-22,2026-06-22 07:42:13
2640,大車隊,152.5,154.0,154.0,151.5,10.7,18.25,38.24,-3.25,-2.94,-0.31,164.84,158.35,151.86,53,48,1.11,90.38,16.98,7.0,4.59,2026-06-22,2026-06-22 07:42:14
2641,正德,18.7,18.8,18.85,18.7,26.22,30.9,39.68,0.2,0.27,-0.06,20.24,18.77,17.3,2448,1707,1.43,61.77,10.16,0.5,2.67,2026-06-22,2026-06-22 07:42:15
2642,宅配通,21.1,21.05,21.25,21.0,28.17,36.61,55.75,0.14,0.11,0.03,22.69,20.93,19.16,141,122,1.16,20.14,29.31,0.5,2.37,2026-06-22,2026-06-22 07:42:17
2643,捷迅,66.0,66.7,66.7,65.8,52.91,58.62,39.53,-0.2,-0.28,0.08,67.14,66.35,65.56,85,48,1.77,23.1,10.51,4.5,6.82,2026-06-22,2026-06-22 07:42:18
2645,長榮航太,173.5,172.5,179.5,172.5,60.04,60.13,51.09,2.92,2.78,0.14,175.01,167.28,159.54,2824,1311,2.15,649.88,31.89,4.5,2.59,2026-06-22,2026-06-22 07:42:19
2646,星宇航空,20.9,21.35,21.35,20.85,64.91,61.48,52.94,0.15,0.06,0.08,21.45,20.59,19.73,7735,8955,0.86,628.83,232.22,,,2026-06-22,2026-06-22 07:42:20
2701,萬企,10.6,10.85,10.85,10.5,57.27,54.96,65.0,0.03,-0.01,0.03,10.7,10.41,10.12,152,74,2.04,47.7,18.93,0.28,2.64,2026-06-22,2026-06-22 07:42:21
2702,華園,12.9,13.0,13.0,12.85,38.15,34.37,38.0,-0.19,-0.23,0.04,13.56,13.03,12.51,72,60,1.19,20.2,,,,2026-06-22,2026-06-22 07:42:23
2704,國賓,46.1,45.5,46.1,45.4,79.53,72.62,72.62,0.85,0.47,0.38,46.01,43.24,40.47,107,199,0.54,169.15,80.88,0.5,1.08,2026-06-22,2026-06-22 07:42:24
2705,六福,16.3,16.4,16.4,16.15,79.8,77.33,72.73,0.13,-0.01,0.14,16.54,15.63,14.71,182,280,0.65,31.18,18.74,,,2026-06-22,2026-06-22 07:42:25
2706,第一店,12.5,12.5,12.55,12.45,84.76,77.47,77.27,0.07,0.02,0.05,12.59,12.17,11.76,223,139,1.61,62.5,19.23,0.35,2.8,2026-06-22,2026-06-22 07:42:27
2707,晶華,178.5,179.0,179.0,178.0,48.62,58.84,64.71,1.45,1.36,0.09,183.32,176.93,170.53,111,152,0.73,227.41,15.7,10.75,6.02,2026-06-22,2026-06-22 07:42:28
2712,遠雄來,15.2,15.1,15.2,15.05,80.61,70.34,47.06,-0.17,-0.26,0.09,15.61,15.02,14.42,21,11,1.91,15.96,,,,2026-06-22,2026-06-22 07:42:31
2718,全心投控,49.9,51.0,52.0,49.65,80.48,87.36,76.8,1.14,0.8,0.34,50.81,47.39,43.97,113,100,1.13,43.51,2.96,4.51,9.04,2026-06-22,2026-06-22 07:42:32
2719,燦星旅,25.2,25.2,25.2,24.75,46.08,38.95,51.16,-0.29,-0.38,0.09,26.08,25.25,24.41,41,26,1.54,17.43,,,,2026-06-22,2026-06-22 07:42:34
2722,夏都,23.05,23.65,23.65,22.7,43.37,40.36,57.97,0.04,-0.03,0.07,23.55,22.85,22.15,87,51,1.71,33.0,,0.15,0.65,2026-06-22,2026-06-22 07:42:35
2723,美食-KY,66.1,66.6,66.7,65.8,65.47,72.18,67.24,0.75,0.31,0.44,69.57,64.15,58.72,328,289,1.13,118.98,10.8,3.0,4.54,2026-06-22,2026-06-22 07:42:36
2724,藝舍-KY,12.2,12.0,12.3,11.8,37.62,43.74,41.41,-0.63,-0.68,0.04,14.23,12.98,11.73,8,9,0.91,7.28,,,,2026-06-22,2026-06-22 07:42:37
2726,雅茗-KY,9.84,9.78,9.99,9.74,41.74,44.02,36.2,-0.04,-0.03,-0.01,10.38,9.96,9.54,57,39,1.47,3.71,,,,2026-06-22,2026-06-22 07:42:39
2727,王品,246.5,248.5,249.5,246.5,49.25,52.84,67.8,3.54,3.35,0.18,252.23,240.32,228.42,448,382,1.17,204.25,15.85,16.12,6.54,2026-06-22,2026-06-22 07:42:40
2729,瓦城,164.0,162.5,165.5,162.5,75.2,64.12,62.5,-0.19,-1.11,0.91,165.1,159.82,154.55,43,48,0.89,69.92,24.26,7.34,4.48,2026-06-22,2026-06-22 07:42:41
2731,雄獅,151.5,153.0,153.5,151.5,6.77,14.3,34.67,0.27,1.02,-0.74,161.64,154.76,147.89,1042,1104,0.94,141.32,8.74,12.8,8.45,2026-06-22,2026-06-22 07:42:42
2732,六角,64.5,64.5,64.9,64.3,32.33,44.74,46.75,-0.12,-0.07,-0.05,66.59,64.73,62.88,88,44,1.98,28.83,59.17,3.5,5.43,2026-06-22,2026-06-22 07:42:44
2734,易飛網,15.65,15.45,15.75,15.4,54.24,48.57,61.7,-0.07,-0.15,0.08,15.72,15.26,14.81,181,155,1.16,8.96,,,,2026-06-22,2026-06-22 07:42:45
2736,富野,11.95,12.1,12.2,11.95,36.89,37.77,48.15,-0.13,-0.14,0.02,12.35,12.07,11.79,74,57,1.3,9.56,,,,2026-06-22,2026-06-22 07:42:47
2739,寒舍,36.15,35.9,36.3,35.85,60.88,67.56,58.51,0.34,0.32,0.02,36.84,35.66,34.49,171,187,0.91,33.09,15.38,2.58,7.14,2026-06-22,2026-06-22 07:42:48
2740,華軒,28.65,27.9,28.65,27.9,49.08,32.72,36.74,-2.67,-2.62,-0.05,38.53,30.84,23.15,2,13,0.15,4.8,,,,2026-06-22,2026-06-22 07:42:49
2743,山富,68.6,68.2,68.8,67.8,54.94,45.57,47.76,-0.3,-0.52,0.22,70.82,68.04,65.26,69,126,0.55,32.12,17.5,2.0,2.92,2026-06-22,2026-06-22 07:42:51
2745,五福,107.5,109.0,109.0,107.0,63.54,54.72,60.61,1.16,0.78,0.38,108.76,104.58,100.39,276,253,1.09,36.34,10.81,6.5,6.05,2026-06-22,2026-06-22 07:42:52
2748,雲品,40.25,40.8,40.8,40.1,75.05,77.09,59.77,0.17,0.06,0.11,41.01,39.78,38.54,110,106,1.04,42.58,18.55,2.0,4.97,2026-06-22,2026-06-22 07:42:53
2751,王座,51.7,51.7,52.2,51.7,36.25,48.53,44.87,-0.46,-0.51,0.05,53.46,52.24,51.03,10,8,1.26,10.22,11.49,3.99,7.72,2026-06-22,2026-06-22 07:42:54
2752,豆府,178.5,180.0,180.0,178.0,66.08,75.02,74.19,-0.25,-1.14,0.89,182.87,176.2,169.53,19,12,1.55,47.65,11.88,13.5,7.56,2026-06-22,2026-06-22 07:42:56
2753,八方雲集,190.0,190.0,192.0,189.0,77.69,78.06,76.0,2.95,2.08,0.87,193.56,181.72,169.89,707,406,1.74,126.63,14.98,7.5,3.95,2026-06-22,2026-06-22 07:42:57
2754,亞洲藏壽司,68.0,68.1,68.8,68.0,44.69,39.27,48.0,-0.57,-0.56,-0.01,70.73,68.26,65.79,42,29,1.45,31.87,29.06,0.8,1.18,2026-06-22,2026-06-22 07:42:59
2755,揚秦,145.5,139.5,146.5,139.5,83.0,78.17,71.7,1.35,0.39,0.95,141.84,135.53,129.21,173,70,2.47,53.84,23.47,2.48,1.7,2026-06-22,2026-06-22 07:43:02
2756,聯發國際,59.8,59.8,61.2,59.3,50.79,57.77,48.46,-0.87,-1.07,0.21,62.36,60.18,58.01,53,38,1.39,14.5,16.25,8.0,13.38,2026-06-22,2026-06-22 07:43:03
2762,世界健身-KY,84.5,85.5,85.5,83.9,35.01,52.77,45.9,1.79,2.37,-0.59,90.53,85.34,80.15,92,76,1.21,92.29,22.59,9.64,11.41,2026-06-22,2026-06-22 07:43:04
2801,彰銀,22.85,22.85,22.85,22.65,87.62,87.19,84.29,0.6,0.44,0.16,23.74,21.53,19.31,20780,27020,0.77,2688.54,15.23,0.5,2.19,2026-06-22,2026-06-22 07:43:05
2812,台中銀,19.65,20.0,20.0,19.6,71.67,76.63,68.66,0.09,-0.02,0.11,20.15,19.19,18.24,14678,19473,0.75,1183.25,12.84,0.39,1.98,2026-06-22,2026-06-22 07:43:07
2816,旺旺保,33.8,33.95,33.95,33.25,75.79,61.59,60.8,0.86,0.74,0.12,34.3,31.99,29.68,401,632,0.63,75.58,7.28,1.5,4.44,2026-06-22,2026-06-22 07:43:08
2820,華票,17.75,17.85,17.85,17.65,82.11,84.15,77.78,0.25,0.19,0.06,18.15,17.27,16.38,2899,3114,0.93,238.38,13.25,0.9,5.07,2026-06-22,2026-06-22 07:43:09
2832,台產,56.5,56.3,56.6,55.6,86.7,82.88,76.3,1.74,1.2,0.54,56.64,51.79,46.95,682,756,0.9,143.25,14.49,3.5,6.19,2026-06-22,2026-06-22 07:43:10
2834,臺企銀,17.45,17.6,17.65,17.4,75.44,77.54,69.23,0.38,0.31,0.06,17.97,16.79,15.61,50661,44384,1.14,1695.8,13.96,0.2,1.15,2026-06-22,2026-06-22 07:43:11
2836,高雄銀,12.3,12.35,12.35,12.25,76.62,75.73,68.75,0.11,0.08,0.03,12.54,12.06,11.58,1079,2741,0.39,226.31,18.36,0.3,2.44,2026-06-22,2026-06-22 07:43:12
2838,聯邦銀,22.4,22.85,22.85,22.3,87.75,87.59,71.11,0.52,0.38,0.14,22.94,21.29,19.64,2180,3747,0.58,972.28,17.36,0.35,1.56,2026-06-22,2026-06-22 07:43:14
2845,遠東銀,12.85,12.95,13.15,12.8,70.24,78.86,65.31,0.22,0.16,0.06,13.38,12.49,11.59,32678,27260,1.2,625.19,13.97,0.5,3.89,2026-06-22,2026-06-22 07:43:15
2849,安泰銀,14.4,14.5,14.65,14.3,84.9,83.86,58.33,0.24,0.18,0.05,14.77,14.04,13.32,198,194,1.02,281.9,18.23,0.38,2.64,2026-06-22,2026-06-22 07:43:16
2850,新產,143.0,143.0,145.0,141.0,64.31,65.0,64.3,3.87,4.05,-0.18,146.03,138.05,130.08,481,1284,0.37,451.83,11.64,7.27,5.08,2026-06-22,2026-06-22 07:43:17
2851,中再保,39.3,39.0,39.5,38.7,79.35,82.16,68.44,1.58,1.39,0.19,40.25,36.78,33.31,2412,3977,0.61,314.55,10.74,2.2,5.6,2026-06-22,2026-06-22 07:43:18
2852,第一保,26.3,26.2,26.4,26.1,72.15,72.75,63.55,0.34,0.33,0.01,26.74,25.87,25.0,611,1647,0.37,79.21,9.01,1.66,6.31,2026-06-22,2026-06-22 07:43:20
2855,統一證,52.0,52.9,52.9,51.8,36.99,37.54,57.6,2.91,3.41,-0.5,59.15,50.39,41.63,17343,11654,1.49,832.74,17.39,2.11,4.06,2026-06-22,2026-06-22 07:43:21
2867,三商壽,8.69,8.75,8.88,8.66,86.09,85.77,81.55,0.24,0.16,0.08,8.89,8.05,7.21,21686,23730,0.91,512.67,43.45,,,2026-06-22,2026-06-22 07:43:22
2880,華南金,37.6,38.45,38.5,37.05,77.15,73.63,65.99,1.32,0.92,0.4,40.5,34.53,28.57,43650,38125,1.14,5232.78,19.79,1.25,3.32,2026-06-22,2026-06-22 07:43:23
2881,富邦金,138.5,139.5,141.0,136.0,89.16,87.94,81.11,9.95,8.34,1.61,141.91,119.13,96.36,24416,34890,0.7,18927.02,16.53,4.25,3.07,2026-06-22,2026-06-22 07:43:24
2882,國泰金,113.0,117.0,117.5,112.0,86.06,87.27,75.83,8.48,6.9,1.58,118.43,96.97,75.52,34410,42160,0.82,16576.21,16.01,3.5,3.1,2026-06-22,2026-06-22 07:43:26
2883,凱基金,30.35,30.6,30.95,30.1,84.87,84.98,78.73,2.15,1.81,0.35,32.8,26.29,19.79,84547,112685,0.75,5151.87,17.44,1.0,3.29,2026-06-22,2026-06-22 07:43:27
2884,玉山金,35.8,36.0,36.6,35.7,83.5,85.57,82.22,0.94,0.64,0.3,36.6,33.19,29.78,105974,72646,1.46,5790.29,16.89,1.4,3.91,2026-06-22,2026-06-22 07:43:28
2885,元大金,68.8,68.6,69.0,67.2,87.99,78.9,71.24,3.18,2.85,0.33,69.67,62.59,55.51,37402,29648,1.26,9171.83,25.11,1.5,2.18,2026-06-22,2026-06-22 07:43:29
2886,兆豐金,44.75,45.5,45.5,44.45,83.79,84.61,73.57,1.32,1.05,0.27,46.28,42.29,38.3,53214,41358,1.29,6637.94,18.96,1.6,3.58,2026-06-22,2026-06-22 07:43:30
2887,台新新光金,32.05,32.6,32.6,31.95,82.68,86.58,81.43,2.14,1.69,0.45,34.8,27.94,21.08,62012,101002,0.61,7969.64,16.78,0.9,2.81,2026-06-22,2026-06-22 07:43:32
2889,國票金,15.05,15.3,15.3,15.0,69.91,73.11,58.33,0.08,0.05,0.03,15.38,14.91,14.44,8104,8975,0.9,546.85,23.89,0.3,1.99,2026-06-22,2026-06-22 07:43:33
2890,永豐金,39.8,40.75,40.75,39.6,91.31,89.22,82.58,1.89,1.09,0.81,39.36,33.05,26.73,93734,81182,1.15,5767.94,20.2,0.91,2.29,2026-06-22,2026-06-22 07:43:34
2891,中信金,70.5,71.9,71.9,70.1,77.77,77.27,66.94,3.7,3.51,0.2,75.61,65.87,56.13,52491,46171,1.14,13872.21,17.36,2.3,3.26,2026-06-22,2026-06-22 07:43:35
2892,第一金,32.3,32.6,32.75,32.15,91.47,91.14,87.6,1.01,0.66,0.35,33.38,29.68,25.98,46809,55000,0.85,4644.57,17.27,0.95,2.94,2026-06-22,2026-06-22 07:43:37
2897,王道銀行,10.55,10.55,10.6,10.5,80.01,81.58,71.63,0.13,0.09,0.03,10.76,10.26,9.75,4031,6377,0.63,293.55,18.84,0.5,4.74,2026-06-22,2026-06-22 07:43:39
2901,欣欣,23.8,23.85,24.2,23.55,51.63,50.61,55.36,0.17,0.08,0.09,24.28,23.36,22.45,47,23,2.04,17.38,62.63,0.37,1.55,2026-06-22,2026-06-22 07:43:40
2903,遠百,23.3,24.1,24.1,23.3,64.79,77.64,64.89,0.4,0.31,0.09,24.63,22.94,21.25,3620,3754,0.96,328.24,14.94,1.25,5.36,2026-06-22,2026-06-22 07:43:41
2904,匯僑,14.2,14.15,14.2,14.1,70.43,59.02,50.0,-0.26,-0.35,0.09,14.36,14.13,13.89,36,60,0.61,11.05,14.49,0.7,4.93,2026-06-22,2026-06-22 07:43:42
2905,三商,15.15,15.2,15.25,15.15,80.56,82.11,71.64,0.4,0.28,0.12,15.68,14.34,13.0,738,1237,0.6,159.57,21.34,0.3,1.98,2026-06-22,2026-06-22 07:43:43
2906,高林,12.95,13.0,13.0,12.9,62.32,65.06,70.0,0.09,0.06,0.04,13.11,12.66,12.2,199,174,1.14,27.08,27.55,0.6,4.63,2026-06-22,2026-06-22 07:43:46
2908,特力,20.9,20.8,20.95,20.7,46.15,47.64,47.61,0.13,0.17,-0.04,21.27,20.89,20.52,175,215,0.81,106.57,90.87,0.55,2.63,2026-06-22,2026-06-22 07:43:47
2910,統領,22.7,23.0,23.0,22.65,58.17,58.52,56.48,0.28,0.15,0.13,23.25,21.99,20.74,3,24,0.12,39.82,18.46,1.04,4.58,2026-06-22,2026-06-22 07:43:48
2911,麗嬰房,7.88,7.95,8.1,7.8,14.03,21.58,52.55,0.35,0.52,-0.17,9.46,8.4,7.34,435,473,0.92,8.28,3.67,,,2026-06-22,2026-06-22 07:43:49
2912,統一超,221.0,224.5,225.5,221.0,19.35,30.15,44.72,0.3,0.79,-0.49,245.19,224.45,203.71,3372,3676,0.92,2297.57,20.56,9.0,4.07,2026-06-22,2026-06-22 07:43:50
2913,農林,11.15,11.25,11.25,11.0,44.64,48.49,51.28,-0.02,-0.03,0.02,11.6,11.1,10.6,4753,3661,1.3,88.08,,,,2026-06-22,2026-06-22 07:43:53
2915,潤泰全,52.6,53.9,53.9,52.5,82.13,83.81,77.32,2.14,1.62,0.53,55.28,48.24,41.2,4026,8922,0.45,561.62,5.67,2.5,4.75,2026-06-22,2026-06-22 07:43:54
2916,滿心,41.65,41.8,41.8,41.6,4.01,7.21,9.09,-0.35,-0.19,-0.16,44.51,42.87,41.24,110,96,1.14,26.92,10.54,3.6,8.64,2026-06-22,2026-06-22 07:43:55
2923,鼎固-KY,24.0,24.2,24.5,23.65,54.59,55.79,43.09,0.29,0.31,-0.02,27.1,24.24,21.38,57,174,0.33,417.67,40.0,0.24,1.0,2026-06-22,2026-06-22 07:43:56
2924,宏太-KY,17.2,18.5,18.5,17.2,50.98,52.98,57.07,-0.12,-0.3,0.18,18.8,16.67,14.54,8,2,3.08,8.95,,,,2026-06-22,2026-06-22 07:43:59
2926,誠品生活,34.3,34.7,34.7,33.7,33.6,38.48,48.81,-0.26,-0.37,0.11,35.79,34.68,33.57,67,26,2.54,16.25,63.52,0.46,1.34,2026-06-22,2026-06-22 07:44:00
2929,淘帝-KY,6.0,6.0,6.01,5.91,57.77,40.38,58.97,0.02,0.02,0.0,6.4,5.94,5.48,307,247,1.24,6.57,0.47,,,2026-06-22,2026-06-22 07:44:01
2937,集雅社,49.4,49.45,49.45,49.35,89.08,84.68,58.0,0.82,0.76,0.05,49.8,48.36,46.93,4,9,0.42,21.51,12.23,2.1,4.25,2026-06-22,2026-06-22 07:44:03
2939,永邑-KY,21.35,21.8,22.3,21.3,50.94,46.86,52.67,-0.53,-0.69,0.15,22.87,21.63,20.39,18,13,1.32,9.72,,,,2026-06-22,2026-06-22 07:44:04
2941,米斯特,36.35,36.5,36.5,35.2,90.75,75.59,84.97,0.84,0.07,0.77,36.0,31.84,27.68,7,18,0.39,5.59,15.47,2.28,6.27,2026-06-22,2026-06-22 07:44:05
2945,三商家購,42.5,43.0,43.0,41.5,73.0,74.68,56.9,0.46,0.33,0.13,43.68,41.87,40.06,21,32,0.66,28.69,19.95,1.5,3.53,2026-06-22,2026-06-22 07:44:07
2947,振宇五金,79.3,79.3,80.5,79.3,65.13,52.23,65.52,0.05,-0.21,0.26,78.97,77.32,75.67,12,18,0.66,17.04,25.09,2.2,2.77,2026-06-22,2026-06-22 07:44:08
2948,寶陞,37.2,37.2,37.5,36.15,42.21,51.35,40.24,-0.2,-0.18,-0.02,38.58,37.45,36.31,13,4,2.87,11.53,17.38,1.82,4.89,2026-06-22,2026-06-22 07:44:09
2949,欣新網,68.7,68.0,68.7,67.9,70.82,64.2,94.83,2.02,1.78,0.25,68.07,64.69,61.31,15,9,1.66,20.71,19.14,0.83,1.21,2026-06-22,2026-06-22 07:44:11
3002,歐格,23.0,23.55,24.15,22.6,78.53,69.91,70.76,0.92,0.52,0.4,22.72,19.36,15.99,4045,2261,1.79,23.45,63.89,0.7,3.04,2026-06-22,2026-06-22 07:44:12
3003,健和興,68.5,70.3,70.3,67.6,79.38,77.07,64.68,2.5,2.15,0.35,69.12,64.0,58.87,2409,3469,0.69,106.62,69.19,2.0,2.92,2026-06-22,2026-06-22 07:44:13
3004,豐達科,138.0,136.0,140.5,135.5,65.54,64.56,66.67,3.88,3.53,0.35,143.14,130.3,117.46,472,686,0.69,88.82,23.92,2.55,1.85,2026-06-22,2026-06-22 07:44:14
3005,神基,100.5,102.5,102.5,100.5,14.95,22.12,34.15,-0.21,0.51,-0.72,110.5,104.83,99.15,6107,4519,1.35,627.43,12.09,6.79,6.76,2026-06-22,2026-06-22 07:44:15
3006,晶豪科,254.0,242.5,258.0,241.0,71.51,50.96,51.33,4.93,4.8,0.13,269.26,232.18,195.09,16946,12284,1.38,720.7,288.64,1.0,0.39,2026-06-22,2026-06-22 07:44:17
3008,大立光,5185.0,5275.0,5360.0,5125.0,89.77,85.22,76.37,501.88,387.64,114.24,5237.34,4083.5,2929.66,1869,3241,0.58,6781.89,32.94,80.0,1.54,2026-06-22,2026-06-22 07:44:18
3010,華立,131.5,132.5,134.0,130.0,48.6,40.01,36.54,-1.14,-0.5,-0.64,144.93,135.25,125.57,3404,2439,1.4,341.16,15.05,5.3,4.03,2026-06-22,2026-06-22 07:44:19
3011,今皓,14.3,14.65,14.85,14.25,56.14,60.93,47.5,0.29,0.31,-0.02,15.64,14.23,12.81,1453,1150,1.26,18.54,,,,2026-06-22,2026-06-22 07:44:20
3013,晟銘電,113.5,114.0,114.5,113.0,51.25,39.1,39.58,-0.01,1.13,-1.14,134.5,118.28,102.05,1970,2203,0.89,232.83,28.3,0.4,0.35,2026-06-22,2026-06-22 07:44:21
3014,聯陽,160.5,161.0,164.5,159.5,63.6,55.15,58.16,4.45,3.89,0.55,161.47,149.7,137.93,2922,3978,0.73,266.4,17.33,9.0,5.61,2026-06-22,2026-06-22 07:44:22
3015,全漢,65.8,63.8,66.9,63.7,64.13,54.55,67.04,3.07,2.56,0.51,67.15,56.48,45.8,6953,3316,2.1,123.22,35.57,2.2,3.34,2026-06-22,2026-06-22 07:44:24
3016,嘉晶,139.0,129.5,139.0,129.0,77.37,61.64,57.56,5.43,4.46,0.97,142.76,120.28,97.79,8900,14740,0.6,401.07,1737.5,0.5,0.36,2026-06-22,2026-06-22 07:44:25
3017,奇鋐,2420.0,2465.0,2490.0,2380.0,36.71,29.71,30.48,-43.62,-18.09,-25.53,2876.84,2553.75,2230.66,3248,2908,1.12,9499.54,40.33,9.93,0.41,2026-06-22,2026-06-22 07:44:26
3018,隆銘綠能,12.0,11.75,12.0,11.75,71.68,69.83,80.0,0.43,0.32,0.11,13.16,10.86,8.56,82,46,1.77,9.05,1.34,,,2026-06-22,2026-06-22 07:44:27
3019,亞光,163.0,164.5,169.0,162.5,70.97,63.18,56.78,3.87,2.97,0.9,164.83,153.07,141.32,9965,17379,0.57,455.17,25.08,4.6,2.82,2026-06-22,2026-06-22 07:44:29
3021,鴻名,30.3,30.5,31.75,30.2,57.66,48.45,44.59,2.61,3.08,-0.46,39.12,30.02,20.92,1319,812,1.63,28.75,91.82,0.6,1.98,2026-06-22,2026-06-22 07:44:31
3022,威強電,83.2,85.1,85.1,83.1,58.57,68.28,63.98,3.59,3.56,0.02,89.88,79.89,69.91,1020,1593,0.64,146.93,18.09,4.5,5.41,2026-06-22,2026-06-22 07:44:33
3023,信邦,333.0,328.5,339.0,328.0,62.17,51.45,57.08,6.48,6.46,0.03,332.73,316.8,300.87,1973,1205,1.64,799.43,26.08,10.25,3.08,2026-06-22,2026-06-22 07:44:35
3024,憶聲,12.5,12.3,12.5,12.2,37.3,26.65,28.57,-0.62,-0.45,-0.17,16.36,13.55,10.74,1547,1274,1.21,34.64,46.3,0.4,3.2,2026-06-22,2026-06-22 07:44:36
3025,星通,71.5,71.8,72.2,71.1,56.88,56.91,47.52,1.27,1.7,-0.43,78.36,72.66,66.96,502,776,0.65,40.57,20.91,3.3,4.62,2026-06-22,2026-06-22 07:44:37
3026,禾伸堂,897.0,890.0,900.0,860.0,91.39,85.73,74.62,125.97,110.56,15.41,921.27,689.33,457.39,1628,8002,0.2,1488.04,138.21,5.8,0.65,2026-06-22,2026-06-22 07:44:38
3027,盛達,21.55,21.2,21.95,21.0,53.45,42.85,57.76,0.57,0.58,-0.01,23.41,20.66,17.91,659,565,1.17,27.8,9.62,,,2026-06-22,2026-06-22 07:44:40
3028,增你強,82.5,76.2,82.5,75.5,67.8,48.78,57.33,0.98,1.12,-0.14,83.11,76.18,69.26,7133,4095,1.74,195.72,26.27,3.0,3.64,2026-06-22,2026-06-22 07:44:41
3029,零壹,101.5,102.0,103.0,101.0,26.03,34.87,42.86,0.79,1.4,-0.62,114.2,103.17,92.15,996,1035,0.96,167.68,15.59,5.5,5.42,2026-06-22,2026-06-22 07:44:42
3030,德律,350.0,348.0,356.0,347.5,68.84,50.74,32.32,-7.49,-5.3,-2.18,420.33,357.97,295.61,2185,1853,1.18,826.76,33.37,7.0,2.0,2026-06-22,2026-06-22 07:44:43
3031,佰鴻,30.5,28.2,30.8,28.15,48.36,32.12,41.59,-0.49,-0.35,-0.14,34.08,30.18,26.29,4024,1695,2.37,52.83,28.24,1.0,3.28,2026-06-22,2026-06-22 07:44:44
3032,偉訓,85.0,86.7,86.7,85.0,41.79,40.32,40.13,1.75,2.88,-1.12,94.21,87.76,81.31,832,810,1.03,96.29,,2.73,3.21,2026-06-22,2026-06-22 07:44:45
3033,威健,51.2,50.4,51.7,50.0,51.12,42.24,58.02,1.35,1.79,-0.45,51.68,49.85,48.02,13365,7147,1.87,247.16,31.8,2.08,4.06,2026-06-22,2026-06-22 07:44:47
3034,聯詠,567.0,529.0,567.0,526.0,83.02,72.68,73.74,16.93,12.72,4.21,536.8,495.5,454.2,11158,6714,1.66,3450.26,21.13,28.0,4.94,2026-06-22,2026-06-22 07:44:48
3035,智原,229.5,221.0,229.5,220.0,84.2,65.01,58.97,5.5,2.96,2.55,227.72,198.27,168.82,16262,10900,1.49,597.96,81.96,1.8,0.78,2026-06-22,2026-06-22 07:44:49
3036,文曄,225.0,223.0,228.5,218.5,17.25,13.99,15.6,-8.47,-2.44,-6.03,311.62,256.95,202.28,15928,12436,1.28,2863.95,19.57,7.8,3.47,2026-06-22,2026-06-22 07:44:50
3037,欣興,1005.0,999.0,1055.0,992.0,74.6,63.92,45.93,26.57,30.62,-4.05,1103.84,979.3,854.76,27737,19939,1.39,15820.16,230.5,2.0,0.2,2026-06-22,2026-06-22 07:44:51
3038,全台,22.95,22.9,23.35,22.85,34.55,30.8,42.34,-0.02,0.1,-0.12,24.88,23.43,21.97,442,293,1.51,33.06,20.86,1.2,5.23,2026-06-22,2026-06-22 07:44:53
3040,遠見,39.05,38.15,40.4,38.15,66.89,52.46,33.54,-0.9,-1.17,0.26,41.61,38.86,36.1,570,282,2.02,24.59,122.03,1.0,2.56,2026-06-22,2026-06-22 07:44:54
3041,揚智,30.95,29.0,30.95,29.0,84.35,71.64,68.15,1.05,0.52,0.53,29.7,25.95,22.21,7399,7448,0.99,43.4,31.91,,,2026-06-22,2026-06-22 07:44:55
3042,晶技,198.0,212.5,212.5,195.5,43.14,59.49,49.83,14.42,17.52,-3.1,237.73,211.64,185.55,46028,38588,1.19,673.19,37.86,4.8,2.42,2026-06-22,2026-06-22 07:44:56
3043,科風,23.35,23.8,23.8,23.1,65.47,67.72,58.57,0.75,0.7,0.05,25.0,22.48,19.95,316,432,0.73,9.1,,,,2026-06-22,2026-06-22 07:44:58
3044,健鼎,566.0,590.0,598.0,565.0,81.63,75.27,62.5,21.35,15.34,6.01,572.59,515.12,457.66,3351,5244,0.64,2974.93,29.22,12.7,2.24,2026-06-22,2026-06-22 07:44:59
3045,台灣大,118.5,119.0,119.5,117.0,68.11,76.25,71.43,1.89,1.71,0.18,122.65,115.85,109.05,11197,9106,1.23,3591.33,25.21,4.8,4.05,2026-06-22,2026-06-22 07:45:00
3046,建碁,57.1,57.3,57.5,56.5,46.65,39.68,27.45,1.15,1.62,-0.47,63.39,57.58,51.78,608,399,1.52,44.79,14.28,3.0,5.25,2026-06-22,2026-06-22 07:45:01
3047,訊舟,16.2,16.65,16.65,16.2,60.14,55.75,55.91,0.3,0.24,0.06,17.18,15.82,14.47,3023,3762,0.8,36.17,,0.3,1.85,2026-06-22,2026-06-22 07:45:03
3048,益登,72.4,74.0,74.4,72.3,65.34,66.81,56.1,4.61,5.5,-0.89,76.73,71.5,66.27,8420,11514,0.73,195.36,36.2,1.0,1.38,2026-06-22,2026-06-22 07:45:05
3049,精金,14.3,14.45,14.85,14.3,40.47,40.02,55.45,0.4,0.46,-0.06,16.88,14.13,11.38,8625,9370,0.92,114.69,46.13,,,2026-06-22,2026-06-22 07:45:06
3050,鈺德,12.95,13.05,13.2,12.9,49.32,43.64,52.38,0.1,0.12,-0.01,13.79,12.94,12.08,1187,1236,0.96,20.07,323.75,0.5,3.86,2026-06-22,2026-06-22 07:45:07
3051,力特,27.9,28.5,28.6,27.9,57.59,43.16,45.36,0.29,0.46,-0.17,30.53,27.98,25.43,1909,1544,1.24,46.04,27.62,1.52,5.45,2026-06-22,2026-06-22 07:45:08
3052,夆典,10.75,10.85,10.85,10.7,45.44,55.24,53.85,0.04,0.03,0.01,11.1,10.72,10.34,492,309,1.59,21.93,9.86,0.5,4.65,2026-06-22,2026-06-22 07:45:09
3054,立萬利,66.5,67.4,67.7,66.3,20.64,23.61,47.18,-0.77,-0.1,-0.66,80.94,70.45,59.96,160,128,1.26,53.63,34.28,0.8,1.2,2026-06-22,2026-06-22 07:45:10
3055,蔚華科,92.0,94.5,97.2,91.5,50.43,31.9,32.63,-2.75,-1.43,-1.32,121.97,96.77,71.56,1817,1693,1.07,103.71,,1.0,1.09,2026-06-22,2026-06-22 07:45:12
3056,富華新,14.9,15.25,15.25,14.65,70.37,77.62,70.83,0.36,0.26,0.1,15.8,14.26,12.72,2479,1887,1.31,71.6,13.93,1.48,9.93,2026-06-22,2026-06-22 07:45:13
3057,喬鼎,20.1,20.0,20.75,19.95,27.39,27.37,39.55,0.02,0.25,-0.23,23.31,20.75,18.2,243,255,0.95,13.64,50.25,,,2026-06-22,2026-06-22 07:45:14
3058,立德,9.65,9.43,9.8,9.41,42.49,35.58,53.69,0.2,0.2,-0.0,10.64,9.25,7.87,1412,833,1.69,19.34,,,,2026-06-22,2026-06-22 07:45:15
3059,華晶科,49.35,49.1,49.85,48.75,58.12,48.98,57.25,1.85,1.85,0.01,52.94,46.7,40.47,7349,12358,0.59,151.8,40.12,1.0,2.03,2026-06-22,2026-06-22 07:45:16
3060,銘異,41.65,41.2,41.65,38.7,86.26,72.02,74.0,2.27,1.21,1.06,39.06,31.88,24.7,21672,15303,1.42,57.3,,0.35,0.84,2026-06-22,2026-06-22 07:45:17
3062,建漢,25.8,26.1,26.3,25.7,46.2,33.11,24.02,-0.8,-0.51,-0.29,32.83,27.96,23.08,5665,4607,1.23,84.11,37.94,,,2026-06-22,2026-06-22 07:45:19
3064,泰偉,19.3,19.2,19.3,19.2,71.09,55.53,52.0,-0.39,-0.62,0.23,19.67,18.57,17.46,3,2,1.23,2.51,,,,2026-06-18,2026-06-22 07:45:20
3066,李洲,22.05,21.5,22.5,21.3,57.22,41.2,53.21,0.28,0.3,-0.02,22.92,21.14,19.35,560,334,1.68,18.32,,,,2026-06-22,2026-06-22 07:45:21
3067,全域,19.05,19.0,19.05,19.0,59.39,60.03,44.3,0.27,0.29,-0.02,19.86,19.03,18.21,7,5,1.25,3.81,,,,2026-06-22,2026-06-22 07:45:23
3071,協禧,33.6,33.55,34.25,33.5,53.25,49.88,50.96,0.65,0.7,-0.05,34.53,32.97,31.41,1108,814,1.36,36.96,58.95,0.8,2.38,2026-06-22,2026-06-22 07:45:24
3078,僑威,55.0,55.3,55.7,54.8,43.93,38.84,31.78,-0.41,-0.23,-0.18,59.89,56.52,53.16,1174,716,1.64,125.07,9.17,4.0,7.27,2026-06-22,2026-06-22 07:45:27
3081,聯亞,2375.0,2480.0,2480.0,2365.0,52.46,38.48,40.88,-84.26,-61.49,-22.77,3079.39,2541.25,2003.11,2024,2122,0.95,2197.29,314.15,3.0,0.13,2026-06-22,2026-06-22 07:45:28
3083,網龍,29.2,29.7,29.7,29.05,47.53,51.03,56.11,0.55,0.48,0.08,30.52,28.45,26.38,220,466,0.47,25.25,67.91,0.33,1.13,2026-06-22,2026-06-22 07:45:31
3085,新零售,12.0,11.8,12.0,11.5,51.74,55.04,36.84,-0.04,0.03,-0.07,13.17,12.52,11.87,15,12,1.24,8.28,,,,2026-06-22,2026-06-22 07:45:32
3086,華義*,35.6,37.25,37.25,35.5,29.56,43.01,55.92,-0.03,0.05,-0.07,40.61,35.75,30.89,422,428,0.98,97.08,,0.02,0.06,2026-06-22,2026-06-22 07:45:34
3088,艾訊,144.0,146.5,146.5,142.5,65.98,61.72,52.75,4.67,5.47,-0.79,147.4,140.32,133.25,1507,1555,0.97,159.62,32.21,4.33,3.01,2026-06-22,2026-06-22 07:45:35
3090,日電貿,335.5,339.0,365.0,335.0,85.27,79.02,73.94,39.89,31.79,8.09,323.98,245.7,167.42,27024,25044,1.08,964.79,61.9,4.8,1.43,2026-06-22,2026-06-22 07:45:36
3092,鴻碩,32.7,31.75,34.2,31.3,69.09,57.96,53.01,0.14,-0.25,0.39,32.64,30.06,27.49,2027,1490,1.36,34.87,,,,2026-06-22,2026-06-22 07:45:38
3093,港建*,65.3,65.6,65.8,62.6,60.58,59.63,73.67,2.37,1.67,0.69,69.86,59.63,49.39,1896,2303,0.82,94.79,53.52,1.15,1.76,2026-06-22,2026-06-22 07:45:39
3094,聯傑,41.8,40.2,41.8,39.0,84.95,68.18,68.71,1.85,1.05,0.8,40.57,33.85,27.13,10177,7936,1.28,34.74,174.17,0.25,0.6,2026-06-22,2026-06-22 07:45:40
3095,及成,39.0,39.1,39.4,39.0,31.68,28.51,16.67,-0.97,-0.5,-0.47,46.18,41.56,36.95,4,12,0.36,3.9,,,,2026-06-22,2026-06-22 07:45:41
3105,穩懋,541.0,545.0,550.0,522.0,73.94,62.24,52.73,6.65,3.35,3.3,568.56,511.58,454.59,28033,26648,1.05,2293.52,134.91,2.0,0.37,2026-06-22,2026-06-22 07:45:44
3114,好德,52.5,52.5,52.5,50.2,76.86,67.38,81.29,4.96,4.05,0.91,52.85,38.62,24.38,1922,1104,1.74,33.83,23.76,1.2,2.29,2026-06-22,2026-06-22 07:45:46
3115,富榮綱,9.0,9.0,9.0,9.0,34.45,45.43,55.99,-0.03,-0.04,0.02,10.1,8.89,7.68,1,1,1.16,6.54,,,,2026-06-22,2026-06-22 07:45:47
3118,進階,31.8,31.3,32.0,31.3,53.22,42.22,56.3,0.03,-0.01,0.04,31.81,31.34,30.87,37,27,1.34,10.32,13.03,2.2,6.92,2026-06-22,2026-06-22 07:45:49
3122,笙泉,31.85,31.3,32.5,31.25,70.01,56.4,50.23,-0.65,-0.74,0.09,35.15,31.35,27.54,378,278,1.36,12.98,,,,2026-06-22,2026-06-22 07:45:50
3128,昇銳,24.8,25.05,25.05,24.6,59.51,42.32,60.32,0.13,0.08,0.05,25.7,24.14,22.59,189,180,1.05,11.73,19.38,0.19,0.77,2026-06-22,2026-06-22 07:45:51
3130,一零四,223.5,224.0,224.0,222.5,60.18,72.27,60.0,0.75,0.56,0.19,225.95,222.53,219.1,45,37,1.22,74.18,15.33,14.7,6.58,2026-06-22,2026-06-22 07:45:52
3131,弘塑,3585.0,3640.0,3815.0,3480.0,76.07,66.97,62.12,100.04,67.68,32.36,3633.38,3256.0,2878.62,828,512,1.62,1007.96,81.48,22.0,0.61,2026-06-22,2026-06-22 07:45:54
3135,凌航,207.0,203.0,208.0,203.0,29.98,20.77,26.74,1.12,6.52,-5.4,264.94,219.78,174.61,2673,2091,1.28,185.72,33.82,1.32,0.64,2026-06-22,2026-06-22 07:45:55
3138,耀登,138.0,140.0,140.5,136.5,13.48,12.55,16.28,-7.64,-5.8,-1.85,181.92,154.05,126.18,650,609,1.07,68.59,92.0,2.56,1.86,2026-06-22,2026-06-22 07:45:56
3141,晶宏,78.4,75.2,81.0,75.2,57.02,45.8,50.88,2.74,3.54,-0.8,82.7,75.41,68.11,2272,1207,1.88,58.32,147.92,0.51,0.65,2026-06-22,2026-06-22 07:45:59
3147,大綜,320.0,335.0,335.0,320.0,71.13,80.76,80.25,39.51,36.03,3.47,395.16,268.12,141.09,483,502,0.96,139.8,38.1,5.0,1.56,2026-06-22,2026-06-22 07:46:00
3149,正達,104.5,99.0,104.5,99.0,83.9,71.54,77.29,9.66,8.88,0.78,104.97,83.1,61.23,7355,5542,1.33,236.41,,,,2026-06-22,2026-06-22 07:46:01
3150,鈺寶-創,19.95,19.0,20.65,19.0,43.94,31.18,44.94,-0.08,-0.06,-0.02,20.78,19.28,17.79,344,117,2.92,8.85,,1.0,5.01,2026-06-22,2026-06-22 07:46:02
3152,璟德,208.0,202.0,208.5,200.0,60.02,64.97,61.5,8.97,8.42,0.54,224.19,197.88,171.56,1330,1997,0.67,143.55,22.17,4.35,2.09,2026-06-22,2026-06-22 07:46:04
3158,嘉實,83.3,84.7,84.7,83.3,24.42,34.57,38.89,-0.97,-1.0,0.03,86.34,84.53,82.71,3,8,0.39,25.23,12.09,6.5,7.8,2026-06-22,2026-06-22 07:46:05
3162,精確,84.6,87.0,87.0,84.6,51.85,57.28,45.95,0.74,1.04,-0.3,88.42,84.53,80.64,1664,1475,1.13,130.49,50.66,0.49,0.58,2026-06-22,2026-06-22 07:46:06
3163,波若威,870.0,895.0,895.0,870.0,35.64,30.07,34.63,-51.23,-42.77,-8.46,1211.06,983.95,756.84,1497,3602,0.42,700.71,139.2,3.0,0.34,2026-06-22,2026-06-22 07:46:08
3164,景岳,16.3,16.3,16.3,16.15,27.18,24.63,45.45,-0.19,-0.23,0.04,16.6,16.4,16.21,91,45,2.0,14.02,24.7,0.8,4.91,2026-06-22,2026-06-22 07:46:09
3167,大量,805.0,829.0,829.0,805.0,20.44,27.72,51.52,15.98,30.87,-14.89,947.65,845.75,743.85,558,2036,0.27,720.61,100.12,4.0,0.5,2026-06-22,2026-06-22 07:46:10
3168,眾福科,45.1,48.05,48.05,44.05,63.13,59.5,47.05,0.87,0.83,0.03,48.54,45.65,42.76,249,178,1.4,33.87,17.41,3.0,6.65,2026-06-22,2026-06-22 07:46:12
3169,亞信,113.0,108.0,113.5,108.0,57.42,41.75,43.48,-0.64,-0.06,-0.58,125.88,113.47,101.07,418,242,1.73,71.31,32.56,3.2,2.83,2026-06-22,2026-06-22 07:46:13
3171,炎洲流通,71.9,72.8,72.8,71.4,17.23,26.49,55.56,0.89,1.14,-0.25,75.95,71.77,67.6,20,38,0.54,21.65,17.37,4.64,6.45,2026-06-22,2026-06-22 07:46:15
3176,基亞,33.2,33.6,33.8,32.9,49.89,51.24,53.77,-0.07,-0.07,-0.0,35.73,33.31,30.88,438,465,0.94,46.25,,,,2026-06-22,2026-06-22 07:46:16
3178,公準,68.8,65.7,69.3,65.7,56.94,37.08,46.97,-0.91,-0.88,-0.04,75.16,67.67,60.17,145,110,1.31,30.99,,0.5,0.73,2026-06-22,2026-06-22 07:46:18
3188,鑫龍騰,23.7,24.6,24.6,23.55,45.62,57.42,56.89,-0.01,-0.17,0.16,25.73,23.74,21.75,846,521,1.62,44.63,6.35,3.2,13.5,2026-06-22,2026-06-22 07:46:20
3189,景碩,796.0,740.0,796.0,733.0,75.19,57.36,52.4,41.38,42.12,-0.75,792.82,698.3,603.78,20632,24560,0.84,4194.25,234.12,1.52,0.19,2026-06-22,2026-06-22 07:46:21
3191,雲嘉南,19.95,20.0,20.0,19.1,40.53,32.02,30.77,0.66,1.06,-0.41,25.12,20.76,16.41,179,155,1.15,8.7,39.12,,,2026-06-22,2026-06-22 07:46:23
3205,佰研,52.1,52.4,52.5,51.5,12.96,19.29,46.1,-0.61,-0.51,-0.1,56.15,53.58,51.02,270,219,1.23,35.19,,,,2026-06-22,2026-06-22 07:46:25
3206,志豐,38.8,38.75,39.5,38.75,61.55,52.52,37.88,0.14,0.22,-0.08,41.13,38.65,36.16,240,123,1.94,22.86,19.3,2.5,6.44,2026-06-22,2026-06-22 07:46:26
3207,耀勝,67.3,69.5,70.6,67.2,47.33,44.84,48.37,1.17,1.19,-0.01,71.88,66.87,61.86,1303,1968,0.66,44.71,,,,2026-06-22,2026-06-22 07:46:28
3209,全科,62.8,63.8,63.9,62.4,17.88,13.94,25.68,-1.23,0.7,-1.93,85.71,70.41,55.11,2209,1956,1.13,147.83,21.0,2.48,3.95,2026-06-22,2026-06-22 07:46:29
3211,順達,452.5,440.0,458.5,422.5,71.4,57.14,53.27,11.49,11.32,0.17,474.86,432.8,390.74,9427,6772,1.39,698.23,50.39,11.47,2.53,2026-06-22,2026-06-22 07:46:30
3213,茂訊,132.5,133.5,135.0,132.0,38.23,51.83,61.8,5.23,5.63,-0.4,142.94,129.4,115.86,768,899,0.85,77.76,18.1,7.0,5.28,2026-06-22,2026-06-22 07:46:32
3217,優群,176.5,170.0,177.0,169.5,39.93,23.87,29.27,-3.22,-1.43,-1.79,204.77,182.25,159.73,1210,722,1.68,159.03,13.92,8.81,4.99,2026-06-22,2026-06-22 07:46:33
3218,大學光,136.0,134.5,136.5,133.5,51.38,48.76,43.1,0.65,0.64,0.01,140.41,133.97,127.54,331,270,1.23,115.23,11.09,7.75,5.7,2026-06-22,2026-06-22 07:46:34
3219,倚強科,74.3,74.6,75.9,73.7,31.77,33.4,37.35,-1.09,-0.2,-0.89,89.67,78.61,67.54,243,231,1.05,53.33,48.88,0.27,0.36,2026-06-22,2026-06-22 07:46:36
3221,台嘉碩,59.1,61.5,61.7,58.5,40.29,50.99,52.63,3.04,3.59,-0.55,63.49,59.24,55.0,6148,11802,0.52,62.09,738.75,0.28,0.47,2026-06-22,2026-06-22 07:46:37
3224,三顧,38.8,38.75,39.05,38.0,71.61,54.94,51.52,-1.09,-1.35,0.27,40.89,38.48,36.08,125,70,1.79,30.32,,,,2026-06-22,2026-06-22 07:46:39
3226,龍鋒,48.9,49.0,49.0,48.85,50.75,56.18,74.17,1.83,1.73,0.1,52.74,46.46,40.18,7,13,0.53,31.51,203.75,0.5,1.02,2026-06-22,2026-06-22 07:46:40
3227,原相,230.0,228.0,235.5,228.0,66.47,50.77,47.54,0.52,0.7,-0.18,240.23,223.88,207.52,3886,1581,2.46,349.46,19.13,10.0,4.35,2026-06-22,2026-06-22 07:46:42
3228,金麗科,195.5,191.0,200.0,187.0,68.58,50.74,49.5,-3.64,-4.64,1.0,226.45,188.03,149.6,738,722,1.02,139.8,,,,2026-06-22,2026-06-22 07:46:45
3229,晟鈦,45.0,46.85,46.9,45.0,54.72,46.67,33.85,1.21,1.66,-0.45,51.86,45.66,39.46,474,481,0.99,28.92,,,,2026-06-22,2026-06-22 07:46:47
3230,錦明,31.35,31.55,32.85,30.95,53.37,41.97,55.96,-1.02,-1.34,0.32,32.17,30.17,28.17,3038,872,3.48,26.68,,0.35,1.12,2026-06-22,2026-06-22 07:46:48
3231,緯創,162.5,164.5,166.0,161.5,49.52,38.59,43.2,3.81,5.16,-1.35,189.62,162.53,135.43,45840,43262,1.06,5168.17,19.35,5.5,3.38,2026-06-22,2026-06-22 07:46:49
3232,昱捷,22.55,22.7,23.2,22.0,40.08,48.69,40.3,0.27,0.37,-0.1,24.42,22.88,21.35,287,100,2.85,10.5,77.76,0.5,2.22,2026-06-22,2026-06-22 07:46:51
3234,光環,139.0,146.0,151.0,130.5,72.73,62.03,60.1,7.12,5.36,1.76,148.15,121.18,94.21,11047,5969,1.85,154.95,1158.33,,,2026-06-22,2026-06-22 07:46:52
3236,千如,66.4,71.0,71.6,66.2,77.87,76.75,59.58,6.56,5.91,0.65,70.98,58.8,46.61,15999,25695,0.62,69.72,207.5,0.35,0.53,2026-06-22,2026-06-22 07:46:53
3252,海灣,17.6,18.1,18.1,17.6,26.93,30.47,45.95,-0.24,-0.27,0.03,18.33,17.91,17.48,17,14,1.16,8.83,135.38,,,2026-06-22,2026-06-22 07:46:55
3257,虹冠電,67.2,67.2,67.2,66.0,67.02,44.34,50.85,1.21,0.92,0.29,69.55,59.63,49.72,2631,1125,2.34,53.47,21.2,2.8,4.17,2026-06-22,2026-06-22 07:46:56
3259,鑫創,17.05,16.65,17.2,16.6,35.2,36.55,52.42,-0.03,-0.03,-0.01,18.02,16.84,15.67,99,51,1.95,12.44,,,,2026-06-22,2026-06-22 07:46:57
3260,威剛,434.0,434.0,443.0,427.5,65.07,50.27,51.62,-0.14,-0.76,0.62,463.19,420.73,378.26,16053,13306,1.21,1376.5,18.89,17.0,3.92,2026-06-22,2026-06-22 07:46:59
3264,欣銓,242.0,238.0,248.0,238.0,63.59,49.63,57.31,3.4,3.06,0.34,245.55,225.55,205.55,14701,9391,1.57,1146.89,40.81,4.2,1.74,2026-06-22,2026-06-22 07:47:00
3265,台星科,193.5,193.0,201.0,193.0,65.24,50.83,55.21,1.22,0.76,0.46,199.41,182.6,165.79,2419,1565,1.55,263.67,35.44,4.1,2.12,2026-06-22,2026-06-22 07:47:01
3266,昇陽,13.5,13.7,13.7,13.3,89.65,85.28,58.06,0.14,0.04,0.1,13.75,13.04,12.32,46,98,0.47,47.56,23.28,0.75,5.56,2026-06-22,2026-06-22 07:47:03
3268,海德威,23.75,22.3,23.95,21.65,75.0,63.02,78.7,1.16,0.84,0.33,23.2,19.7,16.2,1026,851,1.21,8.25,,,,2026-06-22,2026-06-22 07:47:04
3272,東碩,16.65,16.8,16.8,16.45,24.52,27.14,21.82,-0.22,-0.19,-0.03,18.12,16.99,15.86,137,90,1.52,9.97,,,,2026-06-22,2026-06-22 07:47:06
3276,宇環,15.7,15.4,15.8,15.3,85.52,77.53,62.86,0.2,0.08,0.12,15.78,14.68,13.59,477,317,1.5,10.94,74.76,0.06,0.38,2026-06-22,2026-06-22 07:47:07
3284,太普高,24.1,23.2,24.6,23.0,85.96,80.81,86.34,1.46,0.89,0.57,23.8,18.79,13.78,1766,1297,1.36,26.14,10.62,0.5,2.07,2026-06-22,2026-06-22 07:47:08
3285,微端,50.7,51.3,53.5,50.1,91.68,88.63,88.95,5.11,3.21,1.9,51.47,36.28,21.08,319,662,0.48,21.67,72.43,1.0,1.97,2026-06-22,2026-06-22 07:47:11
3287,廣寰科,33.75,33.55,34.1,33.4,27.86,26.67,29.91,0.48,0.93,-0.45,39.03,35.26,31.49,141,148,0.96,14.84,22.5,1.5,4.44,2026-06-22,2026-06-22 07:47:12
3288,點晶,22.95,20.5,22.95,19.9,32.18,37.53,61.03,1.7,1.83,-0.13,27.6,20.58,13.57,157,84,1.85,3.76,,,,2026-06-22,2026-06-22 07:47:14
3289,宜特,179.0,176.5,179.5,174.0,76.74,60.52,57.23,0.14,-0.8,0.94,185.48,169.93,154.37,4010,2654,1.51,154.79,37.61,4.78,2.67,2026-06-22,2026-06-22 07:47:16
3290,東浦,68.8,71.5,74.8,68.0,87.32,88.45,83.93,5.34,3.62,1.72,71.66,55.24,38.81,5444,4040,1.35,62.07,34.23,4.29,6.24,2026-06-22,2026-06-22 07:47:19
3293,鈊象,778.0,800.0,800.0,775.0,39.64,41.28,52.28,7.46,7.97,-0.51,814.56,772.35,730.14,1880,1743,1.08,2192.42,20.57,29.0,3.73,2026-06-22,2026-06-22 07:47:21
3294,英濟,40.0,39.8,41.35,39.8,66.54,54.35,49.44,0.78,0.86,-0.08,42.68,39.15,35.62,2375,2309,1.03,52.81,,0.38,0.95,2026-06-22,2026-06-22 07:47:23
3296,勝德,30.7,30.2,31.6,29.8,92.33,87.61,82.25,2.01,1.1,0.91,29.55,23.02,16.5,1445,708,2.04,29.69,50.33,,,2026-06-22,2026-06-22 07:47:24
3297,杭特,31.25,31.5,31.75,31.05,30.38,28.29,50.63,-0.21,-0.23,0.02,34.46,31.47,28.47,101,77,1.32,11.27,66.49,,,2026-06-22,2026-06-22 07:47:25
3303,岱稜,60.2,62.6,62.6,59.7,74.94,77.85,74.34,3.06,2.1,0.95,63.36,53.35,43.34,1737,4122,0.42,56.31,14.23,3.0,4.98,2026-06-22,2026-06-22 07:47:27
3305,昇貿,147.0,148.5,148.5,144.5,63.71,47.75,33.06,2.41,4.42,-2.01,170.71,151.57,132.44,3930,2969,1.32,206.24,49.16,2.3,1.56,2026-06-22,2026-06-22 07:47:28
3306,鼎天,49.35,48.5,49.75,48.3,71.23,58.96,52.22,0.33,0.23,0.1,50.06,47.73,45.39,376,242,1.55,24.97,25.44,2.1,4.26,2026-06-22,2026-06-22 07:47:31
3308,聯德,22.15,21.45,22.75,21.45,51.06,38.04,55.56,0.15,0.07,0.08,22.84,20.98,19.13,264,179,1.47,13.29,32.57,,,2026-06-22,2026-06-22 07:47:32
3310,佳穎,65.3,65.3,65.3,64.1,21.98,25.16,29.89,-0.54,-0.09,-0.44,71.91,68.19,64.47,78,45,1.73,41.01,20.22,3.5,5.36,2026-06-22,2026-06-22 07:47:33
3311,閎暉,40.25,39.6,41.2,39.1,55.73,53.08,62.5,1.64,1.67,-0.02,42.33,38.01,33.69,2253,2123,1.06,40.25,24.1,0.6,1.49,2026-06-22,2026-06-22 07:47:35
3312,弘憶股,67.4,63.4,68.8,61.6,54.64,41.68,62.37,3.93,4.04,-0.11,72.22,58.93,45.65,13811,9723,1.42,123.09,39.42,1.39,2.06,2026-06-22,2026-06-22 07:47:36
3313,斐成,11.8,12.45,12.45,11.75,56.18,57.34,57.83,0.04,-0.04,0.08,12.29,11.49,10.69,277,249,1.11,26.09,,,,2026-06-22,2026-06-22 07:47:38
3317,尼克森,97.1,95.0,97.1,94.8,80.05,62.59,68.21,4.37,3.72,0.65,91.33,81.45,71.56,8431,5918,1.42,87.39,59.21,0.4,0.41,2026-06-22,2026-06-22 07:47:39
3321,同泰,26.7,25.3,26.7,24.2,91.69,84.12,73.79,1.91,1.38,0.53,25.25,20.69,16.14,2501,1801,1.39,22.99,,,,2026-06-22,2026-06-22 07:47:41
3322,建舜電,15.35,14.9,15.65,14.85,63.66,65.85,64.34,0.46,0.41,0.05,16.13,14.29,12.44,1337,1413,0.95,21.12,,,,2026-06-22,2026-06-22 07:47:43
3323,加百裕,36.0,35.65,36.3,35.4,38.56,31.07,33.33,-0.14,0.06,-0.21,40.16,36.68,33.2,976,888,1.1,35.79,,0.5,1.39,2026-06-22,2026-06-22 07:47:45
3324,雙鴻,1075.0,1095.0,1105.0,1070.0,57.42,44.1,44.72,1.62,4.02,-2.4,1208.25,1069.96,931.68,2282,1606,1.42,984.43,38.94,11.9,1.11,2026-06-22,2026-06-22 07:47:46
3325,旭品,12.7,12.55,12.9,12.5,28.14,26.01,55.45,-0.01,0.01,-0.03,14.14,12.69,11.24,220,169,1.3,13.99,,,,2026-06-22,2026-06-22 07:47:47
3332,幸康,64.8,65.0,65.0,64.5,30.93,24.2,47.89,0.04,0.31,-0.27,69.5,65.28,61.05,7,14,0.52,31.17,18.36,1.1,1.7,2026-06-22,2026-06-22 07:47:49
3338,泰碩,75.8,76.8,78.2,75.4,40.35,30.97,41.64,0.22,0.84,-0.62,85.62,77.08,68.54,993,763,1.3,65.81,42.35,1.3,1.72,2026-06-22,2026-06-22 07:47:50
3339,泰谷,48.2,49.7,51.0,48.0,59.07,46.82,56.74,-0.68,-1.18,0.5,52.89,47.13,41.37,2954,5103,0.58,32.91,,,,2026-06-22,2026-06-22 07:47:51
3346,麗清,25.0,23.75,25.5,23.7,54.38,52.65,55.64,1.69,1.74,-0.05,29.01,22.83,16.65,1848,1046,1.77,30.12,227.27,1.21,4.84,2026-06-22,2026-06-22 07:47:54
3349,寶德,18.2,18.0,18.2,17.95,37.27,37.51,54.17,-0.83,-1.14,0.3,18.71,18.1,17.48,82,96,0.85,8.38,,,,2026-06-22,2026-06-22 07:47:57
3354,律勝,29.4,28.3,30.5,28.3,57.66,41.32,29.37,-0.88,-0.67,-0.21,35.41,30.26,25.12,837,460,1.82,20.61,,0.2,0.68,2026-06-22,2026-06-22 07:47:58
3356,奇偶,61.5,61.4,61.9,60.5,74.34,60.49,57.23,1.13,1.13,-0.0,62.85,59.07,55.29,790,1152,0.69,49.53,9.92,3.5,5.69,2026-06-22,2026-06-22 07:48:00
3357,臺慶科,346.5,366.0,371.5,336.0,76.34,70.41,66.06,28.04,25.7,2.34,339.62,295.6,251.58,12079,12006,1.01,353.55,36.59,5.08,1.47,2026-06-22,2026-06-22 07:48:01
3360,尚立,17.25,16.35,17.55,15.8,81.69,73.0,81.19,0.5,0.23,0.26,16.63,14.9,13.16,3369,3163,1.07,13.18,,,,2026-06-22,2026-06-22 07:48:02
3362,先進光,205.0,211.0,211.0,201.5,89.15,89.69,81.58,23.52,17.03,6.5,219.7,150.75,81.8,6832,12830,0.53,302.26,,0.99,0.48,2026-06-22,2026-06-22 07:48:04
3363,上詮,712.0,718.0,721.0,704.0,16.09,16.31,39.61,-31.07,-17.57,-13.5,929.45,791.45,653.45,1868,2543,0.73,809.12,5085.71,,,2026-06-22,2026-06-22 07:48:05
3372,典範,21.5,20.6,21.75,19.75,55.68,37.48,47.42,0.03,0.08,-0.05,23.2,21.02,18.84,2114,1170,1.81,37.69,,,,2026-06-22,2026-06-22 07:48:07
3373,熱映,16.75,16.75,17.1,16.6,38.84,39.57,45.16,-0.03,-0.03,-0.0,17.04,16.81,16.58,141,82,1.71,7.98,,,,2026-06-22,2026-06-22 07:48:09
3374,精材,276.0,263.0,276.0,263.0,75.04,54.51,54.86,5.31,4.93,0.38,277.67,248.47,219.28,11124,5852,1.9,748.97,55.53,2.5,0.91,2026-06-22,2026-06-22 07:48:11
3376,新日興,209.0,207.5,211.0,204.5,15.91,18.21,47.2,-1.47,0.39,-1.86,238.05,213.3,188.55,5102,4657,1.1,409.15,129.01,6.0,2.87,2026-06-22,2026-06-22 07:48:12
3379,彬台,35.8,36.6,36.6,35.55,10.39,11.2,22.39,-0.94,-0.53,-0.41,42.96,38.35,33.74,184,149,1.24,13.62,16.97,0.8,2.23,2026-06-22,2026-06-22 07:48:13
3380,明泰,35.8,35.5,36.3,34.85,55.83,40.32,39.8,-0.05,0.07,-0.12,40.49,36.17,31.85,4199,3718,1.13,193.94,22.38,1.0,2.79,2026-06-22,2026-06-22 07:48:14
3388,崇越電,92.2,92.8,93.8,92.1,44.35,33.08,28.57,-2.79,-1.98,-0.81,111.39,97.77,84.14,533,426,1.25,68.29,24.59,3.34,3.62,2026-06-22,2026-06-22 07:48:16
3390,旭軟,29.4,28.8,29.85,28.35,70.39,65.67,53.3,0.5,0.46,0.04,30.09,28.22,26.35,2217,1639,1.35,23.21,,1.0,3.4,2026-06-22,2026-06-22 07:48:17
3402,漢科,142.0,142.5,143.0,140.0,55.38,53.36,46.15,0.65,0.96,-0.32,154.73,142.82,130.92,648,920,0.7,103.73,19.06,5.0,3.52,2026-06-22,2026-06-22 07:48:19
3406,玉晶光,774.0,760.0,796.0,734.0,79.09,75.96,72.49,56.06,47.35,8.71,795.02,652.92,510.81,5988,6018,0.99,872.63,23.63,17.0,2.2,2026-06-22,2026-06-22 07:48:20
3413,京鼎,321.0,327.5,331.0,319.0,76.36,66.71,51.84,2.43,1.44,0.99,339.43,316.77,294.12,2620,2490,1.05,354.93,15.48,10.98,3.42,2026-06-22,2026-06-22 07:48:21
3416,融程電,177.5,178.0,179.0,176.0,65.96,55.7,40.3,1.4,2.41,-1.01,189.76,179.28,168.79,265,203,1.3,142.87,25.04,5.1,2.87,2026-06-22,2026-06-22 07:48:22
3419,譁裕,14.3,14.4,14.65,14.3,66.64,66.01,51.02,-0.05,-0.13,0.08,14.7,14.12,13.53,471,342,1.38,17.23,26.98,,,2026-06-22,2026-06-22 07:48:23
3426,台興,47.8,47.8,47.8,47.8,49.38,47.55,100.0,0.03,0.03,-0.0,47.84,47.78,47.73,0,0,,12.62,20.17,2.5,5.23,2026-06-18,2026-06-22 07:48:26
3430,奇鈦科,149.5,144.0,151.5,139.0,62.49,40.4,40.76,-2.53,-1.28,-1.25,180.77,147.15,113.53,1361,917,1.48,50.41,47.61,1.6,1.07,2026-06-22,2026-06-22 07:48:28
3432,台端,18.95,18.6,18.95,18.6,63.79,58.24,51.22,-0.11,-0.12,0.01,19.68,18.71,17.74,64,52,1.24,8.0,,,,2026-06-22,2026-06-22 07:48:29
3434,哲固,29.75,30.5,30.5,29.5,12.52,16.36,48.43,0.06,0.37,-0.31,35.03,30.95,26.86,167,203,0.82,10.64,64.67,0.44,1.48,2026-06-22,2026-06-22 07:48:33
3437,榮創,23.25,21.75,23.25,21.75,61.53,39.79,43.53,-0.75,-0.77,0.03,25.83,22.81,19.79,2062,1158,1.78,33.61,,,,2026-06-22,2026-06-22 07:48:35
3438,類比科,78.5,72.8,79.0,72.6,66.73,48.59,55.22,2.2,2.31,-0.11,78.87,71.38,63.89,1268,567,2.24,37.03,79.29,1.5,1.91,2026-06-22,2026-06-22 07:48:36
3441,聯一光,86.6,90.0,90.0,86.6,90.01,90.28,76.14,11.22,8.46,2.76,91.8,63.94,36.08,3241,10073,0.32,34.67,81.7,0.85,0.98,2026-06-22,2026-06-22 07:48:37
3443,創意,4755.0,5000.0,5050.0,4715.0,72.3,64.84,52.69,79.44,55.85,23.59,5367.23,4642.22,3917.2,2987,2938,1.02,6372.22,168.68,20.0,0.42,2026-06-22,2026-06-22 07:48:39
3444,利機,95.6,99.8,100.0,95.6,38.69,29.82,39.07,-0.22,1.03,-1.25,116.56,100.4,84.24,686,518,1.33,43.02,44.67,2.0,2.09,2026-06-22,2026-06-22 07:48:40
3447,展達,39.4,39.2,39.7,39.15,49.47,46.7,54.75,0.48,0.42,0.06,41.74,38.23,34.71,184,255,0.72,30.51,24.78,1.1,2.79,2026-06-22,2026-06-22 07:48:41
3450,聯鈞,557.0,573.0,600.0,549.0,70.09,55.93,52.87,29.21,28.21,1.01,572.93,506.92,440.91,17516,11573,1.51,811.44,112.07,1.0,0.18,2026-06-22,2026-06-22 07:48:42
3455,由田,266.0,249.0,266.0,243.5,71.85,55.12,58.4,-1.57,-4.24,2.67,276.17,235.07,193.98,3828,2332,1.64,159.2,100.0,7.0,2.63,2026-06-22,2026-06-22 07:48:51
3465,進泰電子,39.9,39.9,39.9,39.9,74.82,59.7,73.93,1.36,0.47,0.89,37.42,31.29,25.17,110,84,1.3,14.1,997.5,2.0,5.01,2026-06-22,2026-06-22 07:48:53
3466,德晉,33.05,33.25,34.4,33.0,53.28,44.44,52.41,-0.88,-1.17,0.29,34.58,32.75,30.92,285,629,0.45,25.74,,,,2026-06-22,2026-06-22 07:48:54
3467,台灣精材,68.9,65.0,69.5,65.0,58.69,45.06,45.16,0.32,0.9,-0.59,76.84,68.42,59.99,635,231,2.74,21.43,118.79,0.82,1.19,2026-06-22,2026-06-22 07:48:56
3479,安勤,135.0,137.5,137.5,134.0,73.46,68.43,53.75,6.23,7.0,-0.76,139.61,131.62,123.64,1320,1663,0.79,97.95,22.24,4.62,3.42,2026-06-22,2026-06-22 07:48:57
3481,群創,66.0,69.4,69.9,66.0,82.95,70.43,63.25,5.95,5.04,0.91,64.41,51.98,39.54,952069,456005,2.09,5267.49,2200.0,1.0,1.52,2026-06-22,2026-06-22 07:48:58
3483,力致,94.7,95.3,95.8,93.8,39.88,29.41,39.8,-0.11,0.62,-0.73,107.53,96.47,85.41,651,454,1.43,92.85,25.66,3.5,3.7,2026-06-22,2026-06-22 07:49:00
3484,崧騰,52.9,56.0,56.1,52.6,84.26,84.38,74.71,1.93,0.9,1.04,52.79,46.08,39.36,7282,3159,2.3,41.7,13.29,2.44,4.61,2026-06-22,2026-06-22 07:49:01
3485,敘豐,319.5,321.0,330.0,310.0,43.6,38.76,40.21,3.83,7.74,-3.9,381.5,329.73,277.95,421,374,1.12,123.3,54.62,4.5,1.41,2026-06-22,2026-06-22 07:49:02
3489,森寶,22.4,22.7,22.75,22.2,69.58,73.36,60.61,0.17,0.08,0.09,23.19,22.21,21.23,379,224,1.69,20.26,,0.5,2.23,2026-06-22,2026-06-22 07:49:04
3490,單井,33.4,32.7,33.75,32.6,37.25,28.04,33.69,-0.54,0.07,-0.6,42.46,35.98,29.5,829,909,0.91,18.37,668.0,1.0,2.99,2026-06-22,2026-06-22 07:49:05
3491,昇達科,1470.0,1555.0,1555.0,1470.0,4.98,9.2,11.6,-77.69,-23.43,-54.26,2323.48,1844.5,1365.52,3147,2480,1.27,1011.44,192.41,6.49,0.44,2026-06-22,2026-06-22 07:49:07
3492,長盛,22.9,23.05,23.2,22.7,60.05,55.23,43.42,-0.04,-0.07,0.03,23.69,22.85,22.01,71,53,1.32,8.14,13.01,1.0,4.37,2026-06-22,2026-06-22 07:49:08
3494,誠研,8.02,8.08,8.08,7.97,55.67,67.68,47.83,0.03,0.04,-0.01,8.19,8.08,7.97,143,110,1.29,7.6,,,,2026-06-22,2026-06-22 07:49:09
3498,陽程,123.0,125.0,129.5,122.5,37.6,31.71,31.9,-0.35,2.65,-2.99,161.24,134.05,106.86,1166,1111,1.05,74.31,256.25,,,2026-06-22,2026-06-22 07:49:11
3499,環天科,14.7,14.6,14.9,14.05,48.71,40.76,48.89,-0.22,-0.25,0.03,15.24,14.76,14.28,141,73,1.93,8.08,,,,2026-06-22,2026-06-22 07:49:12
3501,維熹,40.9,41.9,41.9,40.65,39.33,50.03,47.96,-0.36,-0.53,0.17,44.02,41.57,39.13,1019,575,1.77,48.37,13.72,4.0,9.78,2026-06-22,2026-06-22 07:49:13
3504,揚明光,91.5,92.4,92.8,87.9,67.0,58.66,62.57,4.15,3.28,0.87,91.45,81.08,70.71,4206,7385,0.57,104.36,366.0,,,2026-06-22,2026-06-22 07:49:14
3508,位速,18.65,18.8,19.0,18.6,38.8,40.64,39.67,-1.04,-1.24,0.21,21.15,19.5,17.85,329,251,1.31,19.25,,,,2026-06-22,2026-06-22 07:49:16
3511,矽瑪,24.35,25.05,25.3,24.3,46.47,45.92,59.47,0.9,0.92,-0.02,27.71,23.55,19.39,551,876,0.63,19.47,,,,2026-06-22,2026-06-22 07:49:17
3512,皇龍,20.65,20.8,21.3,20.25,38.34,43.98,51.02,0.02,-0.01,0.03,21.04,20.64,20.24,225,106,2.11,23.35,8.5,1.2,5.81,2026-06-22,2026-06-22 07:49:18
3515,華擎,246.0,252.0,253.0,245.0,53.55,53.46,45.66,3.07,4.11,-1.04,263.73,247.53,231.32,712,643,1.11,303.92,16.21,11.0,4.47,2026-06-22,2026-06-22 07:49:20
3516,亞帝歐,27.5,27.85,28.15,27.45,74.71,73.95,75.45,1.39,1.05,0.34,28.09,24.59,21.09,165,568,0.29,16.38,101.85,0.25,0.91,2026-06-22,2026-06-22 07:49:21
3518,柏騰,30.9,29.3,31.15,29.0,50.04,31.45,46.12,-1.08,-0.82,-0.25,37.78,31.32,24.87,1638,710,2.31,31.11,,,,2026-06-22,2026-06-22 07:49:22
3520,華盈,16.8,17.1,17.1,16.65,28.07,40.84,64.78,0.56,0.58,-0.01,19.24,16.23,13.23,702,945,0.74,11.57,,0.1,0.6,2026-06-22,2026-06-22 07:49:25
3521,台鋼建設,12.25,12.5,12.5,12.2,33.18,43.85,56.25,-0.17,-0.22,0.05,13.0,12.4,11.81,70,70,0.99,22.76,,,,2026-06-22,2026-06-22 07:49:27
3522,御嵿,12.95,12.0,12.95,12.0,73.09,57.28,77.36,-0.08,-0.22,0.14,12.48,11.73,10.99,899,259,3.46,13.48,,,,2026-06-22,2026-06-22 07:49:29
3523,迎輝,18.2,16.55,18.2,16.55,48.49,37.19,51.86,0.9,1.11,-0.2,22.89,16.88,10.88,106,53,2.01,11.69,,,,2026-06-22,2026-06-22 07:49:30
3526,凡甲,323.5,334.5,334.5,318.5,19.73,18.4,33.99,-8.34,-2.35,-6.0,407.01,352.05,297.09,1450,703,2.06,212.29,20.97,16.84,5.21,2026-06-22,2026-06-22 07:49:32
3527,聚積,70.2,70.7,74.0,69.5,78.96,71.01,71.99,2.64,1.34,1.3,70.67,61.34,52.0,778,1197,0.65,31.2,3.72,2.0,2.85,2026-06-22,2026-06-22 07:49:33
3528,安馳,110.0,108.5,113.5,106.5,22.98,36.37,39.2,6.53,9.84,-3.31,147.6,120.35,93.1,2779,1919,1.45,73.29,48.25,3.0,2.73,2026-06-22,2026-06-22 07:49:34
3529,力旺,3180.0,3400.0,3450.0,3150.0,53.49,44.24,46.3,-127.79,-130.5,2.71,3709.1,3308.75,2908.4,488,357,1.37,2375.05,124.66,20.5,0.64,2026-06-22,2026-06-22 07:49:36
3530,晶相光,73.4,71.1,74.2,71.1,71.72,59.24,60.98,0.85,-0.0,0.86,74.31,66.73,59.15,931,887,1.05,56.87,42.18,0.8,1.09,2026-06-22,2026-06-22 07:49:37
3531,先益,23.05,22.6,23.05,22.6,48.12,56.25,48.09,0.11,0.17,-0.05,23.6,22.99,22.38,7,3,1.84,14.1,79.48,0.5,2.17,2026-06-22,2026-06-22 07:49:38
3532,台勝科,378.5,382.0,388.0,377.0,76.23,72.51,55.19,36.9,29.95,6.95,406.59,319.52,232.46,945,5725,0.17,1468.01,236.56,1.0,0.26,2026-06-22,2026-06-22 07:49:39
3533,嘉澤,2315.0,2320.0,2350.0,2265.0,67.21,52.11,28.05,-61.13,-51.36,-9.78,2760.47,2414.75,2069.03,770,1211,0.64,2597.96,33.04,41.72,1.8,2026-06-22,2026-06-22 07:49:40
3535,晶彩科,128.5,133.0,134.0,128.0,61.66,55.29,45.24,0.91,0.8,0.11,139.98,129.2,118.42,3686,1479,2.49,101.58,584.09,0.5,0.39,2026-06-22,2026-06-22 07:49:42
3537,堡達,86.0,90.3,92.5,85.7,63.69,56.66,56.42,6.75,6.92,-0.16,88.38,78.21,68.05,11552,7507,1.54,48.37,34.4,2.3,2.67,2026-06-22,2026-06-22 07:49:43
3540,曜越,25.35,25.55,25.55,25.05,31.55,38.67,41.96,-0.32,-0.28,-0.04,27.64,26.28,24.93,334,502,0.66,18.37,35.21,0.3,1.18,2026-06-22,2026-06-22 07:49:45
3541,西柏,21.85,21.95,22.0,21.7,30.71,34.9,49.3,-0.3,-0.31,0.01,22.82,22.1,21.38,47,38,1.23,12.18,,,,2026-06-22,2026-06-22 07:49:46
3543,州巧,30.95,31.15,31.3,30.6,28.46,25.55,23.05,-1.83,-1.82,-0.01,37.15,33.3,29.45,613,494,1.24,33.82,,0.6,1.94,2026-06-22,2026-06-22 07:49:47
3545,敦泰,61.2,58.8,61.4,58.8,81.7,64.1,53.67,0.57,0.36,0.22,63.12,57.26,51.41,3436,1864,1.84,131.31,,1.74,2.84,2026-06-22,2026-06-22 07:49:49
3546,宇峻,84.0,85.9,85.9,83.7,70.1,71.92,56.89,2.36,2.47,-0.1,86.3,82.78,79.25,578,705,0.82,49.08,42.86,2.0,2.38,2026-06-22,2026-06-22 07:49:50
3548,兆利,89.0,89.3,90.1,88.3,23.74,27.02,39.32,-2.21,-1.49,-0.72,103.57,94.59,85.61,455,372,1.22,60.29,43.63,2.0,2.25,2026-06-22,2026-06-22 07:49:52
3550,聯穎,35.9,38.4,39.7,35.8,88.95,89.36,84.32,3.59,2.34,1.25,36.72,25.83,14.93,20041,9575,2.09,38.61,,,,2026-06-22,2026-06-22 07:49:54
3551,世禾,212.5,211.0,217.0,211.0,74.61,57.21,46.05,-0.09,-1.04,0.95,226.34,203.28,180.21,985,596,1.65,131.19,25.66,4.8,2.26,2026-06-22,2026-06-22 07:49:55
3552,同致,51.8,53.5,53.5,51.5,55.2,39.95,41.35,-0.9,-0.95,0.06,57.08,52.05,47.02,246,170,1.44,50.72,77.31,0.77,1.49,2026-06-22,2026-06-22 07:49:56
3555,博士旺,202.0,204.0,204.0,199.0,49.59,35.92,45.87,-5.76,-4.81,-0.95,239.37,210.7,182.03,93,85,1.1,80.8,159.06,,,2026-06-22,2026-06-22 07:49:58
3556,禾瑞亞,75.8,75.5,77.4,72.0,79.63,70.58,54.54,5.22,5.02,0.19,82.9,68.23,53.55,2796,1457,1.92,48.29,35.59,1.95,2.57,2026-06-22,2026-06-22 07:49:59
3557,嘉威,26.2,26.7,26.7,26.05,67.51,70.74,58.58,-0.04,-0.42,0.38,28.58,25.33,22.08,105,195,0.54,22.09,2620.0,2.5,9.54,2026-06-22,2026-06-22 07:50:01
3558,神準,133.5,136.5,136.5,133.5,61.17,63.31,41.25,3.35,4.4,-1.05,145.45,136.35,127.25,149,197,0.76,78.85,25.72,3.0,2.25,2026-06-22,2026-06-22 07:50:02
3563,牧德,728.0,729.0,747.0,724.0,47.39,32.87,32.1,-37.32,-33.81,-3.51,905.02,771.95,638.88,728,600,1.21,465.64,46.28,13.0,1.79,2026-06-22,2026-06-22 07:50:04
3564,其陽,47.35,48.5,48.5,47.3,29.26,25.0,39.23,0.78,1.4,-0.62,56.73,49.3,41.87,187,213,0.88,27.99,72.85,0.27,0.57,2026-06-22,2026-06-22 07:50:06
3567,逸昌,28.9,28.8,29.15,28.1,68.26,51.65,46.36,-0.08,-0.11,0.03,30.26,28.4,26.54,161,101,1.6,9.81,27.26,1.8,6.23,2026-06-22,2026-06-22 07:50:07
3570,大塚,178.5,179.0,179.0,177.0,28.43,36.06,48.89,2.14,3.08,-0.94,191.45,179.9,168.35,57,51,1.12,30.52,12.89,9.7,5.43,2026-06-22,2026-06-22 07:50:08
3576,聯合再生,18.05,18.05,18.5,18.0,50.0,57.29,48.24,0.19,0.16,0.03,20.59,18.43,16.27,18106,44803,0.4,293.62,13.88,,,2026-06-22,2026-06-22 07:50:10
3577,泓格,123.0,125.0,125.5,121.5,22.04,18.31,23.21,1.1,5.2,-4.1,167.31,137.38,107.44,475,367,1.29,78.68,52.12,1.5,1.22,2026-06-22,2026-06-22 07:50:12
3580,友威科,102.5,104.0,105.5,101.0,46.53,39.91,34.42,0.79,1.59,-0.79,114.28,103.35,92.42,1805,1618,1.12,40.43,53.11,1.2,1.17,2026-06-22,2026-06-22 07:50:14
3581,博磊,178.0,185.0,187.5,178.0,65.48,43.19,29.11,-10.59,-8.25,-2.34,288.85,192.6,96.35,434,301,1.44,90.79,219.75,0.5,0.28,2026-06-22,2026-06-22 07:50:15
3583,辛耘,889.0,917.0,939.0,885.0,66.74,53.13,53.09,8.55,8.78,-0.23,928.63,851.65,774.67,2281,1489,1.53,714.41,66.24,6.0,0.67,2026-06-22,2026-06-22 07:50:16
3587,閎康,323.0,324.0,328.0,320.0,65.17,46.07,49.82,-6.68,-7.31,0.63,348.6,309.77,270.95,2074,941,2.2,225.54,54.47,6.92,2.14,2026-06-22,2026-06-22 07:50:18
3588,通嘉,66.3,64.3,66.3,62.2,76.14,56.27,54.4,0.02,-0.39,0.42,67.76,60.38,52.99,2673,809,3.3,41.1,132.6,0.5,0.75,2026-06-22,2026-06-22 07:50:19
3591,艾笛森,25.95,24.2,26.3,24.2,65.55,47.13,50.56,-0.15,-0.22,0.07,27.24,24.32,21.41,2861,1114,2.57,36.84,45.53,0.74,2.85,2026-06-22,2026-06-22 07:50:20
3592,瑞鼎,285.0,276.0,288.5,276.0,79.42,70.82,50.0,5.21,5.33,-0.13,292.12,274.73,257.33,1885,946,1.99,216.19,15.92,14.6,5.12,2026-06-22,2026-06-22 07:50:21
3593,力銘,16.0,16.3,16.3,15.55,31.3,37.84,41.75,-0.36,-0.28,-0.08,17.8,16.71,15.61,29,37,0.78,9.73,,,,2026-06-22,2026-06-22 07:50:22
3594,磐儀,48.0,47.95,48.5,47.7,75.44,58.52,39.74,-0.87,-0.94,0.07,53.97,48.46,42.95,332,252,1.32,45.78,97.96,0.8,1.67,2026-06-22,2026-06-22 07:50:24
3595,山太士,2600.0,2580.0,2635.0,2500.0,75.55,63.56,49.86,-6.43,-8.85,2.43,2903.63,2542.75,2181.87,334,513,0.65,881.75,603.25,1.0,0.04,2026-06-22,2026-06-22 07:50:25
3596,智易,188.0,193.5,193.5,188.0,66.64,64.24,44.76,2.24,2.35,-0.12,195.66,187.95,180.24,2100,2694,0.78,414.27,15.12,9.0,4.79,2026-06-22,2026-06-22 07:50:26
3597,映興,26.4,27.0,27.0,26.2,22.34,25.72,42.36,0.05,0.29,-0.24,29.13,27.61,26.1,136,67,2.01,10.3,77.65,0.4,1.52,2026-06-22,2026-06-22 07:50:28
3605,宏致,80.2,82.4,83.5,80.0,71.72,58.75,51.79,-0.08,-0.58,0.5,83.51,76.36,69.21,4141,3315,1.25,131.29,20.05,0.71,0.89,2026-06-22,2026-06-22 07:50:29
3607,谷崧,16.95,17.0,17.2,16.9,50.34,41.68,55.1,0.48,0.51,-0.03,18.3,16.49,14.68,684,764,0.9,20.62,847.5,0.8,4.72,2026-06-22,2026-06-22 07:50:30
3609,三一東林,27.6,28.25,28.25,26.8,37.57,36.06,38.82,0.16,0.33,-0.17,29.83,28.02,26.21,407,321,1.27,10.56,4.3,,,2026-06-22,2026-06-22 07:50:31
3611,鼎翰,195.5,195.5,197.5,195.5,78.11,79.17,61.29,1.37,1.06,0.31,196.25,191.43,186.6,95,53,1.8,92.83,10.04,10.0,5.12,2026-06-22,2026-06-22 07:50:33
3615,安可,60.9,60.2,60.9,60.0,59.36,43.17,65.32,3.73,3.83,-0.1,60.11,52.76,45.4,5465,6018,0.91,41.7,74.27,0.3,0.49,2026-06-22,2026-06-22 07:50:34
3617,碩天,213.0,213.0,215.5,210.5,40.52,43.67,51.09,3.99,5.04,-1.05,220.39,212.72,205.06,245,235,1.04,201.85,14.81,15.0,7.04,2026-06-22,2026-06-22 07:50:36
3622,洋華,56.5,55.8,56.7,55.6,43.31,37.3,43.79,-0.2,-0.02,-0.18,60.59,57.01,53.44,349,247,1.41,85.5,9.29,3.0,5.31,2026-06-22,2026-06-22 07:50:37
3623,富晶通,23.3,23.25,23.65,23.0,42.99,34.01,50.32,-0.07,0.01,-0.08,25.16,23.55,21.94,51,67,0.76,6.8,,,,2026-06-22,2026-06-22 07:50:38
3624,光頡,176.5,171.5,176.5,165.5,95.67,88.46,76.79,20.14,15.24,4.9,163.1,118.2,73.3,16511,26215,0.63,207.11,95.41,1.1,0.62,2026-06-22,2026-06-22 07:50:41
3625,西勝,15.9,16.0,16.1,15.7,67.52,60.9,55.13,0.08,-0.02,0.11,16.52,15.33,14.15,462,382,1.21,17.48,,,,2026-06-22,2026-06-22 07:50:42
3628,盈正,75.7,72.8,75.7,72.8,59.87,46.08,60.38,1.55,1.33,0.22,77.68,70.83,63.97,324,188,1.72,34.06,18.93,2.0,2.64,2026-06-22,2026-06-22 07:50:44
3629,地心引力,16.6,16.6,16.6,16.6,64.72,46.57,52.38,-0.31,-0.35,0.04,17.13,15.98,14.84,1,8,0.13,5.47,,,,2026-06-22,2026-06-22 07:50:45
3630,新鉅科,33.65,34.4,35.25,33.5,72.41,70.26,71.09,1.72,1.03,0.68,35.37,29.37,23.38,4209,9619,0.44,68.71,18.09,,,2026-06-22,2026-06-22 07:50:46
3631,晟楠,34.1,34.1,34.35,33.75,43.8,39.85,36.47,-0.64,-0.58,-0.07,37.98,34.9,31.82,39,126,0.31,27.9,,,,2026-06-22,2026-06-22 07:50:48
3632,研勤,7.93,7.95,7.95,7.9,18.56,26.25,49.67,-0.08,-0.08,0.0,9.0,8.24,7.48,45,15,2.89,1.74,,,,2026-06-22,2026-06-22 07:50:50
3645,達邁,96.1,95.5,96.8,94.7,50.78,38.61,34.9,-2.66,-2.01,-0.66,116.93,99.97,83.01,2275,2255,1.01,131.42,62.81,1.19,1.24,2026-06-22,2026-06-22 07:50:51
3646,艾恩特,23.35,23.8,23.8,23.3,26.22,27.07,46.15,-0.03,0.01,-0.04,24.12,23.62,23.12,12,38,0.32,9.18,41.7,1.65,7.07,2026-06-22,2026-06-22 07:50:54
3652,精聯,42.7,39.65,43.4,38.9,83.58,73.39,67.8,2.16,1.47,0.7,40.57,35.05,29.52,2854,1654,1.73,32.07,31.87,0.6,1.41,2026-06-22,2026-06-22 07:50:55
3653,健策,3840.0,4015.0,4030.0,3820.0,63.9,63.16,50.0,-7.39,-47.34,39.96,4063.91,3776.0,3488.09,1446,1409,1.03,5634.54,106.43,21.72,0.57,2026-06-22,2026-06-22 07:50:56
3661,世芯-KY,4325.0,4510.0,4580.0,4285.0,63.68,53.37,31.21,-26.52,-10.2,-16.33,4854.04,4381.0,3907.96,2063,1585,1.3,3550.45,64.12,36.74,0.85,2026-06-22,2026-06-22 07:50:57
3663,鑫科,86.0,86.4,88.4,85.7,69.04,47.13,46.2,0.34,-0.17,0.51,97.52,80.41,63.3,6326,5399,1.17,93.3,97.73,0.4,0.47,2026-06-22,2026-06-22 07:50:59
3664,安瑞-KY,7.42,7.01,7.42,7.01,38.09,20.57,45.13,-0.39,-0.35,-0.03,8.56,7.37,6.18,22,54,0.42,5.34,,,,2026-06-22,2026-06-22 07:51:01
3665,貿聯-KY,1990.0,2115.0,2115.0,1970.0,25.97,38.46,43.75,-56.48,-48.05,-8.43,2359.28,2169.0,1978.72,5474,4173,1.31,3882.07,42.88,15.0,0.75,2026-06-22,2026-06-22 07:51:02
3666,光耀,25.45,25.95,25.95,25.4,36.72,40.11,27.27,-0.39,-0.23,-0.16,28.96,26.8,24.64,115,85,1.35,22.79,,,,2026-06-22,2026-06-22 07:51:03
3669,圓展,35.85,35.55,36.0,35.55,37.03,27.91,20.21,-0.88,-0.55,-0.33,42.97,37.85,32.74,90,244,0.37,33.31,31.73,1.0,2.79,2026-06-22,2026-06-22 07:51:05
3672,康聯訊,11.9,12.0,12.15,11.8,59.34,61.38,58.14,0.19,0.12,0.07,12.49,11.47,10.44,43,40,1.08,4.85,,,,2026-06-22,2026-06-22 07:51:06
3673,TPK-KY,88.5,87.6,91.0,86.7,60.85,44.36,48.77,3.64,4.34,-0.7,94.14,84.99,75.84,30673,24205,1.27,359.9,32.66,0.8,0.9,2026-06-22,2026-06-22 07:51:07
3675,德微,405.0,405.0,405.0,405.0,71.3,50.01,57.11,18.82,18.85,-0.04,418.7,349.98,281.25,449,1222,0.37,214.88,152.83,5.15,1.27,2026-06-22,2026-06-22 07:51:08
3679,新至陞,110.5,111.0,111.0,110.0,11.1,23.08,38.6,0.08,0.71,-0.63,118.7,113.66,108.62,76,93,0.83,69.64,11.36,9.0,8.14,2026-06-22,2026-06-22 07:51:10
3680,家登,547.0,553.0,567.0,540.0,65.66,51.45,52.91,-0.28,-1.01,0.73,585.26,528.57,471.88,2658,1978,1.34,525.34,58.32,6.9,1.26,2026-06-22,2026-06-22 07:51:11
3684,榮昌,59.8,58.8,60.0,58.4,44.13,48.12,50.29,0.04,0.14,-0.1,62.49,59.88,57.28,80,109,0.74,18.12,17.54,2.77,4.63,2026-06-22,2026-06-22 07:51:13
3685,元創精密,30.3,30.45,30.6,29.3,74.79,77.35,65.06,0.37,0.07,0.3,31.78,29.1,26.43,513,521,0.98,24.11,,,,2026-06-22,2026-06-22 07:51:14
3686,達能,17.15,17.2,17.35,17.05,59.58,56.61,45.05,-0.08,-0.12,0.03,18.05,17.27,16.48,293,270,1.08,13.12,,,,2026-06-22,2026-06-22 07:51:15
3687,歐買尬,78.0,78.4,81.3,76.8,46.22,55.19,53.15,2.61,2.64,-0.02,83.49,75.18,66.87,374,284,1.32,23.45,20.69,1.56,2.0,2026-06-22,2026-06-22 07:51:16
3689,湧德,120.5,122.0,122.0,120.0,44.6,34.95,32.65,-2.49,-1.46,-1.04,146.2,126.95,107.7,1467,1417,1.03,105.33,16.55,2.92,2.42,2026-06-22,2026-06-22 07:51:18
3691,碩禾,162.0,155.5,164.0,153.5,39.05,42.96,44.36,4.6,6.21,-1.61,171.06,159.25,147.44,2738,2446,1.12,148.85,,,,2026-06-22,2026-06-22 07:51:20
3693,營邦,513.0,512.0,517.0,503.0,32.37,25.17,19.8,-23.33,-19.16,-4.17,644.09,551.12,458.16,634,495,1.28,220.54,33.42,11.0,2.14,2026-06-22,2026-06-22 07:51:22
3694,海華,62.0,61.2,62.2,60.9,44.33,34.21,30.29,-0.71,-0.06,-0.65,73.11,65.06,57.02,1964,1196,1.64,96.06,15.54,1.48,2.39,2026-06-22,2026-06-22 07:51:23
3701,大眾控,48.35,49.5,49.5,47.75,26.35,23.06,29.64,-3.01,-2.79,-0.22,60.81,52.51,44.21,1327,999,1.33,114.41,,0.2,0.41,2026-06-22,2026-06-22 07:51:24
3702,大聯大,112.5,113.5,114.0,110.5,58.57,39.72,40.32,-0.22,0.57,-0.79,125.53,114.0,102.47,8547,12130,0.7,1889.01,20.13,3.2,2.84,2026-06-22,2026-06-22 07:51:25
3703,欣陸,21.45,21.8,21.8,21.2,59.68,71.45,65.22,0.29,0.23,0.06,22.63,21.17,19.71,1905,1399,1.36,176.58,11.92,1.05,4.9,2026-06-22,2026-06-22 07:51:26
3704,合勤控,48.5,48.6,48.95,47.15,63.26,61.38,54.4,2.16,2.37,-0.21,50.06,46.87,43.68,3361,5383,0.62,196.2,31.09,0.4,0.82,2026-06-22,2026-06-22 07:51:29
3705,永信,57.1,57.0,57.2,56.6,62.58,66.53,63.41,0.41,0.41,-0.01,57.88,56.58,55.29,360,244,1.48,152.09,17.25,3.0,5.25,2026-06-22,2026-06-22 07:51:30
3706,神達,87.4,87.8,89.6,87.2,31.75,26.15,41.36,0.27,0.88,-0.61,97.44,88.74,80.03,20950,16346,1.28,1159.98,17.04,1.0,1.14,2026-06-22,2026-06-22 07:51:31
3707,漢磊,91.5,86.5,91.5,86.5,76.09,59.31,58.33,2.52,2.05,0.47,92.91,81.17,69.42,29287,19256,1.52,362.77,305.0,,,2026-06-22,2026-06-22 07:51:33
3708,上緯投控,115.5,117.5,118.5,115.0,34.47,42.31,43.86,-1.46,-0.83,-0.63,130.13,120.72,111.32,972,697,1.39,103.47,19.44,6.5,5.63,2026-06-22,2026-06-22 07:51:35
3709,鑫聯大投控,74.6,74.9,75.3,74.2,26.29,22.57,24.03,-2.21,-1.22,-0.99,92.89,80.84,68.79,602,706,0.85,95.85,10.73,0.98,1.31,2026-06-22,2026-06-22 07:51:36
3710,連展投控,6.2,6.32,6.32,6.11,56.88,55.23,49.0,-0.03,-0.05,0.02,6.82,6.31,5.81,680,519,1.31,17.81,,,,2026-06-22,2026-06-22 07:51:37
3711,日月光投控,674.0,660.0,674.0,652.0,79.82,63.42,61.74,23.7,20.55,3.16,663.39,596.65,529.91,36281,23988,1.51,29574.39,66.21,6.58,0.98,2026-06-22,2026-06-22 07:51:39
3712,永崴投控,18.05,17.6,18.3,17.6,49.25,45.35,34.19,-0.17,-0.23,0.06,20.03,17.87,15.71,694,671,1.03,44.45,,3.0,16.62,2026-06-22,2026-06-22 07:51:40
3713,新晶投控,15.05,15.5,15.5,14.6,31.27,36.49,40.38,0.2,0.32,-0.13,17.86,15.86,13.86,177,119,1.49,13.26,,,,2026-06-22,2026-06-22 07:51:42
3714,富采,72.9,68.5,73.8,68.0,66.31,47.67,52.13,-0.64,-0.73,0.1,79.18,69.32,59.46,29446,14410,2.04,537.02,7290.0,0.9,1.23,2026-06-22,2026-06-22 07:51:43
3715,定穎投控,194.5,182.5,196.5,181.5,78.36,64.91,58.74,0.73,-1.57,2.3,189.38,174.1,158.82,38754,13749,2.82,551.55,72.04,1.08,0.56,2026-06-22,2026-06-22 07:51:44
3716,中化控股,34.65,34.6,34.85,34.5,25.21,32.16,52.87,0.21,0.31,-0.09,35.56,34.75,33.94,206,159,1.29,50.64,14.56,1.02,2.94,2026-06-22,2026-06-22 07:51:45
3717,聯嘉投控,22.2,23.0,23.1,21.85,53.13,43.63,48.77,-0.06,-0.12,0.06,23.7,21.93,20.16,3414,7866,0.43,46.14,,0.3,1.35,2026-06-22,2026-06-22 07:51:47
4102,永日,19.0,18.95,19.05,18.7,96.58,93.56,89.47,0.34,0.14,0.2,19.51,17.86,16.2,47,85,0.56,8.05,,1.15,6.05,2026-06-22,2026-06-22 07:51:48
4104,佳醫,68.8,69.5,69.5,68.6,13.21,21.04,37.25,-0.4,-0.31,-0.09,71.55,70.1,68.65,477,261,1.82,129.6,14.96,4.3,6.25,2026-06-22,2026-06-22 07:51:49
4105,東洋,73.7,73.6,73.7,73.2,20.53,24.83,50.0,-0.12,-0.04,-0.08,75.22,74.01,72.81,970,775,1.25,183.25,11.77,4.5,6.11,2026-06-22,2026-06-22 07:51:52
4106,雃博,23.3,23.4,23.4,23.05,32.92,36.11,25.0,0.08,0.2,-0.12,24.54,23.72,22.91,141,96,1.46,23.51,19.58,0.8,3.43,2026-06-22,2026-06-22 07:51:53
4107,邦特,116.0,116.0,116.0,115.5,43.62,58.72,57.14,-0.16,-0.28,0.12,117.98,115.53,113.07,38,66,0.58,80.39,14.99,5.5,4.74,2026-06-22,2026-06-22 07:51:55
4108,懷特,12.15,12.05,12.25,12.0,19.78,19.67,50.0,-0.05,-0.02,-0.03,12.64,12.27,11.9,247,247,1.0,24.13,,,,2026-06-22,2026-06-22 07:51:56
4109,加捷生醫,12.05,12.1,12.15,12.05,36.16,45.21,56.63,0.13,0.1,0.03,12.85,11.83,10.81,158,163,0.97,14.31,28.02,0.5,4.15,2026-06-22,2026-06-22 07:51:58
4111,濟生,30.1,30.2,30.35,30.0,61.95,55.41,52.0,0.05,0.05,-0.0,30.2,30.0,29.79,82,75,1.1,18.01,11.07,1.0,3.32,2026-06-22,2026-06-22 07:51:59
4113,聯上,16.4,17.4,17.5,16.3,66.39,69.54,67.89,0.48,0.29,0.2,17.79,15.58,13.38,1030,490,2.1,37.91,,0.85,5.18,2026-06-22,2026-06-22 07:52:01
4114,健喬,30.95,31.0,31.15,30.85,78.32,74.83,67.35,0.02,-0.07,0.09,31.0,30.46,29.92,902,735,1.23,156.27,18.64,0.6,1.94,2026-06-22,2026-06-22 07:52:02
4115,善德生技,7.6,7.7,7.7,7.35,40.06,40.91,42.06,-0.26,-0.26,0.0,8.38,7.81,7.24,34,32,1.04,4.56,,,,2026-06-22,2026-06-22 07:52:03
4116,明基醫,37.8,37.45,38.45,37.45,54.89,47.57,54.74,-0.19,-0.3,0.1,38.41,37.64,36.87,72,51,1.4,16.85,21.6,2.0,5.29,2026-06-22,2026-06-22 07:52:05
4117,普生,11.8,13.3,13.5,11.0,70.1,59.46,73.58,2.2,1.34,0.86,14.95,6.83,-1.3,968,1227,0.79,8.36,1.59,,,2026-06-22,2026-06-22 07:52:07
4119,旭富,42.8,44.3,44.3,42.8,75.73,74.85,55.0,-0.3,-0.75,0.45,43.77,41.83,39.88,261,210,1.24,51.15,47.56,0.75,1.75,2026-06-22,2026-06-22 07:52:08
4120,友華,45.3,45.0,45.35,44.5,28.22,37.4,61.54,-0.12,-0.13,0.01,46.88,45.37,43.87,36,15,2.33,39.3,,1.0,2.21,2026-06-22,2026-06-22 07:52:10
4121,優盛,13.5,13.6,13.75,13.4,18.79,19.54,30.56,-0.28,-0.28,0.0,14.62,13.91,13.2,98,82,1.19,11.17,,,,2026-06-22,2026-06-22 07:52:11
4123,晟德,36.95,37.15,37.15,36.8,16.42,23.92,29.58,-0.44,-0.39,-0.05,38.85,37.8,36.74,2544,1912,1.33,280.16,3.23,0.76,2.06,2026-06-22,2026-06-22 07:52:13
4126,太醫,80.1,80.6,80.6,80.0,73.84,70.9,60.0,0.18,0.09,0.1,80.92,79.73,78.55,31,33,0.94,58.15,15.29,4.5,5.62,2026-06-22,2026-06-22 07:52:14
4127,天良,64.8,67.7,68.6,64.2,50.27,56.88,43.43,4.21,5.34,-1.12,71.72,67.69,63.67,386,483,0.8,29.65,,,,2026-06-22,2026-06-22 07:52:17
4128,中天,14.85,15.05,15.15,14.8,41.97,46.13,56.25,-0.11,-0.17,0.05,15.32,14.78,14.25,968,916,1.06,87.34,,,,2026-06-22,2026-06-22 07:52:18
4129,聯合,90.3,91.0,91.0,90.2,64.63,69.63,59.49,-1.14,-1.66,0.52,91.29,89.87,88.45,218,182,1.2,87.08,15.93,4.0,4.43,2026-06-22,2026-06-22 07:52:19
4130,健亞,25.25,25.7,25.7,24.85,49.81,56.16,36.23,-0.65,-0.73,0.08,26.62,25.97,25.33,234,130,1.8,34.53,252.5,0.1,0.4,2026-06-22,2026-06-22 07:52:21
4131,浩泰,35.45,36.7,36.7,33.9,66.27,74.13,64.63,0.57,0.36,0.21,38.61,35.09,31.57,11,4,2.76,14.08,,,,2026-06-22,2026-06-22 07:52:22
4133,亞諾法,20.7,20.85,20.9,20.6,45.85,32.83,46.75,-0.19,-0.22,0.03,21.33,20.77,20.22,107,114,0.94,12.53,16.97,0.11,0.53,2026-06-22,2026-06-22 07:52:31
4137,麗豐-KY,110.0,109.5,111.0,109.5,36.13,38.05,58.14,1.04,0.97,0.07,115.36,107.85,100.34,203,162,1.26,90.74,16.18,10.0,9.09,2026-06-22,2026-06-22 07:52:32
4138,曜亞,50.9,51.2,51.4,50.8,41.73,52.33,52.17,-0.56,-0.74,0.18,52.31,51.27,50.24,51,32,1.59,20.32,13.43,4.2,8.25,2026-06-22,2026-06-22 07:52:34
4139,馬光-KY,24.45,24.0,24.45,24.0,85.25,79.26,62.69,0.25,0.06,0.19,25.34,23.48,21.62,5,16,0.31,11.0,,,,2026-06-22,2026-06-22 07:52:35
4142,國光生,17.2,17.4,17.4,17.15,23.16,35.67,50.0,-0.05,-0.04,-0.01,17.97,17.43,16.89,1475,951,1.55,72.5,5.09,,,2026-06-22,2026-06-22 07:52:36
4147,中裕,57.7,57.6,58.3,56.7,49.86,55.65,61.54,1.81,1.6,0.21,61.91,54.28,46.66,861,950,0.91,156.2,,,,2026-06-22,2026-06-22 07:52:38
4148,全宇生技-KY,30.65,30.85,30.85,30.0,44.19,41.88,51.66,-1.17,-1.35,0.17,32.93,31.28,29.64,90,46,1.93,20.61,13.5,1.0,3.26,2026-06-22,2026-06-22 07:52:39
4150,優你康,5.02,5.09,5.1,4.98,41.42,32.38,40.54,-0.2,-0.22,0.02,5.77,5.24,4.7,335,259,1.29,7.39,,,,2026-06-22,2026-06-22 07:52:40
4153,鈺緯,30.1,29.8,30.5,29.6,47.29,48.7,54.3,0.21,0.15,0.06,30.49,29.62,28.74,32,18,1.78,17.66,19.55,2.0,6.64,2026-06-22,2026-06-22 07:52:42
4154,樂威科-KY,12.95,13.15,13.15,12.95,23.77,32.7,50.98,-0.09,-0.0,-0.08,14.09,13.3,12.51,2,16,0.12,4.97,,,,2026-06-22,2026-06-22 07:52:43
4155,訊映,15.0,15.3,15.55,15.0,44.37,51.77,54.43,0.28,0.33,-0.05,15.63,14.98,14.34,282,328,0.86,21.17,26.32,0.3,2.0,2026-06-22,2026-06-22 07:52:44
4157,太景*-KY,8.57,8.74,8.74,8.55,20.85,25.76,31.01,-0.23,-0.25,0.02,9.29,8.9,8.52,1678,884,1.9,61.0,142.83,,,2026-06-22,2026-06-22 07:52:46
4160,訊聯基因,39.4,40.15,40.45,39.2,30.63,35.11,47.12,-0.56,-0.67,0.1,41.18,40.28,39.39,157,69,2.25,10.52,49.25,1.85,4.7,2026-06-22,2026-06-22 07:52:47
4161,聿新科,23.1,23.25,23.25,22.8,59.01,48.66,52.38,-0.09,-0.15,0.05,23.34,23.0,22.66,85,49,1.74,13.82,19.09,0.3,1.3,2026-06-22,2026-06-22 07:52:50
4162,智擎,56.3,57.3,57.3,56.0,50.92,64.05,65.15,0.29,0.18,0.11,58.6,55.86,53.13,550,376,1.46,80.89,20.93,6.0,10.66,2026-06-22,2026-06-22 07:52:51
4163,鐿鈦,118.0,117.5,121.0,117.0,57.76,42.01,47.5,1.46,2.21,-0.75,132.52,117.05,101.58,150,91,1.64,59.8,23.18,3.5,2.97,2026-06-22,2026-06-22 07:52:53
4164,承業醫,30.4,31.45,31.5,30.35,61.42,70.07,69.07,0.45,0.32,0.13,31.99,29.69,27.39,1157,721,1.6,59.37,30.4,1.11,3.65,2026-06-22,2026-06-22 07:52:55
4166,友霖,24.35,25.0,25.0,24.35,43.87,51.85,56.2,0.01,-0.1,0.11,26.38,24.32,22.26,295,293,1.01,59.18,27.06,,,2026-06-22,2026-06-22 07:52:56
4167,松瑞藥,19.7,20.15,20.15,19.65,19.93,28.74,43.64,0.11,0.15,-0.04,20.86,19.85,18.84,1055,700,1.51,61.16,11.52,0.41,2.08,2026-06-22,2026-06-22 07:52:57
4168,醣聯,25.5,25.35,25.6,24.75,17.69,23.85,45.45,0.17,0.37,-0.19,28.27,26.19,24.12,462,443,1.04,28.69,,,,2026-06-22,2026-06-22 07:52:59
4169,泰宗,184.5,169.0,184.5,168.0,75.39,56.71,72.03,1.8,-1.12,2.93,172.28,156.38,140.47,664,273,2.43,122.57,576.56,0.35,0.19,2026-06-22,2026-06-22 07:53:00
4170,鑫品生醫,12.6,12.6,12.7,12.35,28.86,27.76,33.9,-0.26,-0.21,-0.06,13.78,13.01,12.24,41,17,2.37,5.52,5.75,,,2026-06-22,2026-06-22 07:53:01
4171,瑞基,17.35,17.25,17.6,17.25,15.31,19.52,35.29,-0.29,-0.28,-0.01,18.35,17.73,17.11,126,86,1.46,9.94,,,,2026-06-22,2026-06-22 07:53:04
4172,因華,11.65,11.55,12.05,11.3,60.46,55.06,46.54,-0.51,-0.68,0.17,13.64,11.75,9.87,298,305,0.98,13.93,,,,2026-06-22,2026-06-22 07:53:05
4173,久裕,18.1,18.15,18.15,18.05,27.0,36.51,52.63,-0.1,-0.12,0.02,18.54,18.2,17.86,123,85,1.45,13.5,15.6,1.04,5.75,2026-06-22,2026-06-22 07:53:06
4174,浩鼎,27.8,27.95,28.1,27.7,13.59,15.18,41.76,-1.2,-1.34,0.14,29.94,28.54,27.14,364,258,1.41,36.58,,,,2026-06-22,2026-06-22 07:53:08
4175,杏一,53.2,53.7,53.7,53.2,54.59,46.58,45.65,-0.11,-0.16,0.04,54.24,53.45,52.66,35,18,1.89,22.52,14.62,3.0,5.64,2026-06-22,2026-06-22 07:53:10
4178,永笙-KY,17.2,17.5,17.55,17.2,13.92,18.87,20.69,-0.77,-0.81,0.04,19.45,18.29,17.13,493,302,1.63,36.93,,,,2026-06-22,2026-06-22 07:53:11
4183,福永生技,13.4,13.85,14.25,13.3,67.63,84.68,60.53,0.02,-0.06,0.07,14.2,13.47,12.74,8,4,1.74,3.19,,0.67,5.0,2026-06-22,2026-06-22 07:53:13
4186,尖端醫,10.2,10.15,10.25,9.96,46.38,55.19,50.0,-0.08,-0.11,0.03,10.47,10.12,9.78,181,313,0.58,9.18,32.9,,,2026-06-22,2026-06-22 07:53:14
4188,安克,10.5,10.55,10.7,10.45,40.3,35.19,35.9,-0.29,-0.3,0.01,11.44,10.8,10.15,46,46,0.99,6.65,,,,2026-06-22,2026-06-22 07:53:16
4190,佐登-KY,24.5,24.9,24.9,24.3,20.39,22.23,51.37,-0.13,-0.14,0.01,26.03,24.76,23.5,63,58,1.08,14.56,18.15,0.5,2.04,2026-06-22,2026-06-22 07:53:17
4192,杏國,20.9,20.45,20.9,20.4,62.82,69.94,63.41,0.17,0.15,0.02,21.55,20.53,19.52,4,11,0.43,7.35,,,,2026-06-22,2026-06-22 07:53:18
4194,禾生技,7.13,6.9,7.23,6.8,69.6,62.45,50.17,-0.07,-0.1,0.03,7.42,7.07,6.72,56,44,1.29,10.41,,,,2026-06-22,2026-06-22 07:53:20
4195,基米-創,15.5,15.7,15.8,15.4,16.58,18.24,28.07,-1.66,-1.93,0.27,17.72,16.46,15.19,286,327,0.88,12.4,,,,2026-06-22,2026-06-22 07:53:21
4197,暐世,8.89,9.35,9.35,8.84,36.75,33.38,54.13,-0.36,-0.43,0.07,9.94,9.01,8.09,19,42,0.44,2.68,52.29,,,2026-06-22,2026-06-22 07:53:22
4198,欣大健康,38.0,36.95,38.25,36.95,69.91,62.63,45.81,-0.11,-0.21,0.09,40.21,38.1,36.0,22,16,1.36,9.16,,,,2026-06-22,2026-06-22 07:53:24
4205,中華食,74.0,73.0,74.1,73.0,72.75,64.47,67.31,-0.14,-0.35,0.21,73.66,72.78,71.89,117,41,2.81,72.26,17.87,2.0,2.7,2026-06-22,2026-06-22 07:53:25
4207,環泰,19.6,19.4,19.7,19.35,69.34,73.28,48.48,0.2,0.26,-0.05,19.76,19.52,19.28,136,140,0.98,38.91,11.2,1.2,6.12,2026-06-22,2026-06-22 07:53:27
4303,信立,47.9,48.15,48.15,47.5,76.15,63.98,47.53,-0.84,-1.12,0.28,49.65,47.5,45.36,348,348,1.0,45.32,4.31,1.0,2.09,2026-06-22,2026-06-22 07:53:28
4304,勝昱,23.95,23.1,24.9,22.75,21.44,18.59,32.37,-1.25,-1.11,-0.15,28.82,25.68,22.53,85,41,2.09,14.62,,,,2026-06-22,2026-06-22 07:53:29
4305,世坤,44.0,44.3,44.3,44.0,43.89,48.58,50.94,0.03,0.03,-0.0,44.48,44.02,43.55,2,4,0.49,24.21,11.55,3.1,7.05,2026-06-22,2026-06-22 07:53:31
4306,炎洲,16.2,15.85,16.2,15.8,78.29,80.59,86.79,0.63,0.55,0.08,16.77,15.02,13.27,2508,2769,0.91,106.59,62.31,0.7,4.32,2026-06-22,2026-06-22 07:53:32
4401,東隆興,14.1,14.15,14.15,14.0,68.38,67.1,64.71,-0.03,-0.08,0.06,14.31,13.9,13.49,37,74,0.5,17.3,19.32,0.7,4.96,2026-06-22,2026-06-22 07:53:33
4402,郡都開發,16.95,18.0,18.0,16.6,76.33,77.72,81.29,0.96,0.59,0.37,18.86,14.24,9.63,23,36,0.64,11.52,,,,2026-06-22,2026-06-22 07:53:35
4406,新昕纖,10.0,9.99,10.0,9.99,61.9,61.29,60.87,-0.01,-0.03,0.02,10.06,9.9,9.75,10,49,0.2,5.19,,,,2026-06-22,2026-06-22 07:53:37
4413,飛寶企業,16.25,16.15,16.25,16.0,65.58,62.41,43.08,-0.37,-0.41,0.04,17.34,16.65,15.95,13,7,1.76,5.09,31.25,0.2,1.23,2026-06-22,2026-06-22 07:53:39
4414,如興,8.39,8.44,8.44,8.32,30.98,40.61,65.32,-0.22,-0.31,0.09,8.87,8.25,7.63,592,276,2.14,22.13,12.52,,,2026-06-22,2026-06-22 07:53:40
4416,三圓,10.0,9.98,10.5,9.76,23.5,17.74,33.85,-0.59,-0.53,-0.06,12.38,10.91,9.44,962,1051,0.92,7.29,,1.0,10.0,2026-06-22,2026-06-22 07:53:41
4417,金洲,46.85,46.8,47.4,46.7,72.88,71.44,68.18,0.08,-0.1,0.19,47.19,45.97,44.76,74,88,0.84,39.34,7.69,2.8,5.98,2026-06-22,2026-06-22 07:53:42
4419,皇家美食,45.85,45.6,46.15,45.5,43.17,41.13,39.08,-0.05,-0.1,0.05,46.66,45.81,44.96,31,37,0.83,77.56,,,,2026-06-22,2026-06-22 07:53:44
4420,光明,36.65,37.65,37.65,36.55,19.98,25.87,33.33,-0.84,-0.85,0.01,39.41,38.24,37.07,179,90,1.98,14.83,6.64,3.0,8.19,2026-06-22,2026-06-22 07:53:45
4426,利勤,7.81,8.0,8.0,7.8,12.05,18.35,50.67,-0.05,-0.03,-0.02,8.9,8.03,7.17,411,229,1.79,13.49,,,,2026-06-22,2026-06-22 07:53:46
4430,耀億,17.65,17.55,17.65,17.45,63.29,63.84,62.3,0.12,0.08,0.03,18.07,17.39,16.71,42,31,1.35,9.93,,0.5,2.83,2026-06-22,2026-06-22 07:53:49
4431,敏成健康,17.1,16.35,17.1,16.35,70.83,60.46,58.9,-0.03,-0.13,0.1,17.36,16.72,16.08,9,30,0.3,6.25,,,,2026-06-22,2026-06-22 07:53:50
4432,銘旺實,16.15,16.3,16.3,16.1,24.22,28.29,18.42,0.06,0.19,-0.12,17.44,16.68,15.92,59,26,2.22,8.17,18.35,1.0,6.19,2026-06-22,2026-06-22 07:53:52
4433,興采,20.3,20.4,20.6,20.3,34.7,36.01,27.78,-0.07,-0.02,-0.05,21.47,20.72,19.97,30,26,1.17,12.27,19.33,1.0,4.93,2026-06-22,2026-06-22 07:53:53
4438,廣越,59.8,60.3,60.5,59.5,34.97,46.28,45.32,0.68,0.88,-0.21,63.85,60.9,57.95,137,72,1.89,67.38,20.55,2.3,3.85,2026-06-22,2026-06-22 07:53:54
4439,冠星-KY,91.8,91.6,92.4,91.2,72.75,57.36,50.0,-0.87,-1.2,0.34,93.57,90.77,87.97,16,20,0.78,34.53,12.73,4.0,4.36,2026-06-22,2026-06-22 07:53:55
4440,宜新實業,17.15,17.25,17.25,17.05,15.67,17.31,37.5,-0.23,-0.17,-0.07,18.47,17.59,16.72,62,53,1.17,11.59,15.04,1.0,5.83,2026-06-22,2026-06-22 07:53:57
4441,振大環球,199.0,200.0,200.0,196.0,45.3,38.64,40.0,-0.85,-0.13,-0.72,216.93,203.03,189.12,119,91,1.31,135.67,13.71,9.15,4.6,2026-06-22,2026-06-22 07:53:58
4442,竣邦-KY,56.0,56.5,56.6,55.5,91.44,86.99,75.47,0.59,-0.14,0.73,56.91,52.43,47.96,37,36,1.04,18.02,11.89,3.4,6.07,2026-06-22,2026-06-22 07:53:59
4502,健信,15.75,15.8,15.9,15.75,66.02,66.51,52.63,-0.02,-0.02,-0.01,15.98,15.82,15.65,13,39,0.35,8.74,,,,2026-06-22,2026-06-22 07:54:00
4503,金雨,37.7,38.5,38.7,37.4,52.42,42.19,40.79,-1.09,-1.13,0.04,42.12,38.87,35.61,211,140,1.51,29.52,27.52,,,2026-06-22,2026-06-22 07:54:02
4506,崇友,119.0,118.5,119.0,117.0,88.41,79.64,83.33,0.06,-0.11,0.17,118.78,117.72,116.67,155,83,1.87,210.64,18.25,4.5,3.78,2026-06-22,2026-06-22 07:54:03
4510,高鋒,46.7,45.9,47.25,45.0,41.18,28.98,26.97,-0.72,-0.37,-0.35,54.24,48.02,41.8,2138,1568,1.36,50.89,,0.79,1.69,2026-06-22,2026-06-22 07:54:05
4513,福裕,17.25,17.55,17.65,17.2,76.3,76.04,72.48,0.54,0.26,0.28,17.73,15.52,13.3,793,1413,0.56,19.73,,,,2026-06-22,2026-06-22 07:54:06
4523,永彰,30.25,30.85,30.95,30.2,73.07,65.44,50.49,0.07,-0.07,0.13,30.72,29.46,28.2,241,195,1.23,19.65,1.38,2.64,8.73,2026-06-22,2026-06-22 07:54:08
4526,東台,43.05,39.7,43.05,39.55,48.03,28.66,50.72,0.54,0.7,-0.15,45.05,40.54,36.03,14575,6652,2.19,108.41,23.78,1.0,2.32,2026-06-22,2026-06-22 07:54:10
4527,方土霖,39.9,40.85,40.85,39.1,22.8,24.1,28.33,-0.06,0.13,-0.19,42.87,41.47,40.07,198,71,2.75,30.38,11.88,3.0,7.52,2026-06-22,2026-06-22 07:54:11
4528,江興鍛,15.55,15.85,15.85,15.1,33.87,44.09,52.94,-0.02,-0.03,0.02,16.29,15.76,15.23,208,73,2.83,13.09,14.27,0.2,1.29,2026-06-22,2026-06-22 07:54:13
4529,淳紳,4.81,5.05,5.05,4.66,30.52,41.11,53.47,-0.01,0.05,-0.06,5.32,4.97,4.62,83,47,1.73,4.07,,,,2026-06-22,2026-06-22 07:54:14
4530,宏易,24.5,24.5,25.0,24.0,42.18,36.77,47.22,-0.39,-0.38,-0.02,26.67,25.23,23.8,19,12,1.51,8.77,20.08,,,2026-06-18,2026-06-22 07:54:16
4532,瑞智,24.2,23.75,24.2,23.75,31.69,34.34,48.98,0.12,0.16,-0.04,25.13,24.17,23.21,1262,1162,1.09,117.65,11.86,1.5,6.2,2026-06-22,2026-06-22 07:54:17
4533,協易機,30.3,30.7,30.95,30.2,46.83,44.2,37.76,-0.44,-0.33,-0.11,33.9,31.26,28.62,1663,1072,1.55,48.01,151.5,1.2,3.96,2026-06-22,2026-06-22 07:54:18
4534,慶騰,33.8,34.3,35.9,33.6,67.21,67.71,62.0,2.25,2.05,0.2,37.11,30.56,24.01,3065,3162,0.97,29.33,3380.0,,,2026-06-22,2026-06-22 07:54:21
4535,至興,27.6,27.65,27.8,27.2,62.15,51.5,60.0,-0.02,-0.08,0.06,27.55,27.24,26.94,58,30,1.91,20.88,21.23,0.8,2.9,2026-06-22,2026-06-22 07:54:22
4536,拓凱,165.0,163.0,165.5,163.0,79.75,81.24,58.33,2.28,2.36,-0.08,167.22,162.35,157.48,220,184,1.2,149.85,11.13,8.0,4.85,2026-06-22,2026-06-22 07:54:23
4537,旭東,183.0,180.0,187.0,178.0,38.73,43.0,65.03,4.6,5.15,-0.55,194.94,175.22,155.51,250,158,1.58,144.28,237.66,0.5,0.27,2026-06-22,2026-06-22 07:54:25
4538,大詠城,18.95,18.85,19.0,18.8,88.45,84.91,80.0,0.33,0.25,0.07,19.2,18.2,17.2,59,71,0.84,11.27,65.34,1.0,5.28,2026-06-22,2026-06-22 07:54:26
4540,全球傳動,62.1,61.7,62.7,61.0,22.92,17.01,25.46,-1.48,-0.37,-1.11,77.57,66.52,55.47,2166,2219,0.98,71.53,,,,2026-06-22,2026-06-22 07:54:27
4541,晟田,51.0,51.8,52.7,50.3,81.68,81.88,70.67,1.27,0.77,0.5,51.38,47.05,42.72,2174,2435,0.89,34.5,25.25,1.4,2.75,2026-06-22,2026-06-22 07:54:29
4542,科嶠,400.0,410.0,410.0,395.0,88.8,83.34,73.31,42.39,33.34,9.05,413.7,307.57,201.45,237,333,0.71,138.34,317.46,0.93,0.23,2026-06-22,2026-06-22 07:54:31
4543,萬在,37.6,38.1,38.1,37.35,31.84,24.54,36.89,-0.46,0.0,-0.47,45.37,39.63,33.9,454,294,1.54,22.47,70.94,1.0,2.66,2026-06-22,2026-06-22 07:54:33
4544,春日,14.3,14.25,14.3,14.25,29.1,35.45,58.33,-0.24,-0.28,0.04,15.1,14.25,13.4,3,8,0.42,8.62,52.96,0.5,3.5,2026-06-22,2026-06-22 07:54:34
4545,銘鈺,39.35,37.85,39.8,37.7,57.46,39.89,41.35,1.08,1.35,-0.27,43.4,37.75,32.11,470,348,1.35,30.3,231.47,1.65,4.19,2026-06-22,2026-06-22 07:54:35
4546,長亨,107.0,109.0,109.5,104.5,38.83,46.75,57.29,-1.65,-3.07,1.42,115.01,104.03,93.04,22,124,0.18,36.14,19.63,,,2026-06-22,2026-06-22 07:54:37
4549,桓達,108.0,108.5,109.5,105.5,16.85,15.18,15.66,0.3,1.84,-1.55,132.2,113.22,94.25,258,205,1.26,61.56,32.63,4.02,3.72,2026-06-22,2026-06-22 07:54:38
4550,長佳,24.5,24.7,24.8,24.5,74.61,78.49,67.29,0.29,0.23,0.06,24.92,24.12,23.31,54,83,0.65,9.27,18.42,1.22,4.98,2026-06-22,2026-06-22 07:54:39
4551,智伸科,226.0,225.5,235.5,222.0,90.09,79.03,81.94,15.4,6.98,8.43,213.83,161.5,109.17,4903,3381,1.45,260.4,37.54,4.2,1.86,2026-06-22,2026-06-22 07:54:41
4552,力達-KY,21.45,21.35,21.55,21.25,86.13,81.75,68.0,0.32,0.23,0.09,21.87,20.73,19.58,159,128,1.24,24.88,10.36,1.0,4.66,2026-06-22,2026-06-22 07:54:43
4553,盛復,17.0,17.1,17.8,17.0,54.07,54.55,43.64,-0.67,-0.76,0.09,18.76,17.79,16.81,14,7,1.97,5.61,,0.2,1.18,2026-06-22,2026-06-22 07:54:44
4554,橙的,30.65,31.1,31.55,30.25,48.85,46.1,56.25,-0.07,-0.05,-0.01,31.09,30.32,29.56,98,55,1.79,8.07,14.53,0.35,1.14,2026-06-22,2026-06-22 07:54:45
4555,氣立,48.65,49.1,50.7,48.1,37.4,27.49,29.67,0.38,1.22,-0.85,59.79,51.21,42.62,498,352,1.42,33.81,256.05,0.5,1.03,2026-06-22,2026-06-22 07:54:47
4556,旭然,78.4,83.9,83.9,77.9,86.13,86.5,85.57,9.75,6.7,3.04,82.24,52.4,22.56,300,761,0.39,33.17,85.22,0.3,0.38,2026-06-22,2026-06-22 07:54:48
4557,永新-KY,50.9,50.0,50.9,49.5,94.39,89.44,87.67,0.11,-0.82,0.92,50.36,45.88,41.41,88,74,1.19,24.42,7.85,2.0,3.93,2026-06-22,2026-06-22 07:54:49
4558,寶緯,18.7,18.65,19.0,18.5,23.37,25.4,42.65,-0.27,-0.21,-0.06,20.28,19.21,18.13,67,59,1.14,9.35,,0.5,2.67,2026-06-22,2026-06-22 07:54:51
4559,久裕興,8.3,8.31,8.32,8.01,43.84,46.22,55.75,-0.17,-0.21,0.04,8.63,8.27,7.92,21,62,0.35,4.98,48.82,,,2026-06-22,2026-06-22 07:54:52
4560,強信-KY,32.75,33.1,33.2,32.5,70.71,67.41,54.65,-0.19,-0.33,0.14,33.24,32.47,31.7,308,232,1.32,22.3,10.84,1.2,3.66,2026-06-22,2026-06-22 07:54:53
4561,健椿,43.0,42.95,43.25,42.25,31.38,21.61,17.3,-0.97,-0.12,-0.85,56.14,46.7,37.27,369,280,1.32,25.16,66.15,1.2,2.79,2026-06-22,2026-06-22 07:54:55
4562,穎漢,35.55,36.1,36.1,35.25,17.3,16.61,16.67,-0.88,-0.24,-0.64,45.22,38.98,32.74,472,356,1.33,31.12,,,,2026-06-22,2026-06-22 07:54:56
4563,百德,43.55,43.05,43.75,43.05,18.36,14.25,25.46,-1.36,-0.78,-0.58,53.54,46.63,39.72,123,109,1.13,23.93,17.49,3.0,6.89,2026-06-22,2026-06-22 07:54:57
4564,元翎,15.8,15.8,16.0,15.6,66.37,62.73,52.83,-0.35,-0.5,0.15,16.26,15.65,15.03,912,669,1.36,36.78,,,,2026-06-22,2026-06-22 07:54:58
4565,宏偉,127.0,125.5,130.5,125.5,76.26,75.13,74.29,2.47,2.09,0.38,123.81,118.38,112.94,171,74,2.28,78.41,18.51,6.0,4.72,2026-06-22,2026-06-22 07:55:01
4566,時碩工業,65.6,65.5,66.5,65.3,61.71,45.55,32.35,-0.31,-0.25,-0.07,71.68,65.35,59.02,634,583,1.09,72.09,48.59,0.68,1.04,2026-06-22,2026-06-22 07:55:02
4568,科際精密,40.8,40.65,41.9,40.5,41.44,40.99,48.53,-0.06,-0.06,0.01,42.39,40.87,39.35,21,16,1.31,12.9,20.4,2.0,4.9,2026-06-22,2026-06-22 07:55:03
4569,六方科-KY,187.0,193.0,199.0,187.0,73.81,65.34,63.64,1.53,-0.69,2.22,194.64,174.88,155.11,229,192,1.19,56.84,45.28,5.71,3.05,2026-06-22,2026-06-22 07:55:04
4570,傑生,68.9,69.0,70.8,68.9,4.52,8.87,43.33,-0.12,0.09,-0.21,71.55,69.8,68.04,2,1,1.39,30.32,26.71,3.0,4.35,2026-06-22,2026-06-22 07:55:06
4571,鈞興-KY,181.5,183.5,185.0,181.5,34.64,28.67,15.38,-5.14,-2.55,-2.59,230.81,196.2,161.59,349,278,1.26,94.23,18.97,5.27,2.9,2026-06-22,2026-06-22 07:55:07
4572,駐龍,144.0,145.0,145.0,142.5,59.96,67.25,33.33,-0.2,-0.06,-0.14,149.49,145.43,141.36,46,30,1.53,57.6,48.65,5.0,3.47,2026-06-22,2026-06-22 07:55:08
4573,高明鐵,482.0,420.0,486.5,408.0,60.89,40.13,65.46,-5.5,-10.57,5.07,480.17,413.15,346.13,1912,796,2.4,204.47,,,,2026-06-22,2026-06-22 07:55:10
4575,銓寶,26.8,27.5,27.5,26.7,20.85,24.86,27.38,0.13,0.34,-0.22,30.46,27.75,25.04,68,30,2.22,10.36,24.81,1.3,4.85,2026-06-22,2026-06-22 07:55:13
4576,大銀微系統,236.0,226.5,237.0,225.5,66.62,43.72,40.49,-4.5,-3.1,-1.4,288.92,232.15,175.38,3560,2031,1.75,282.73,117.41,0.8,0.34,2026-06-22,2026-06-22 07:55:15
4577,達航科技,96.1,89.2,96.1,87.6,39.42,22.64,35.43,-11.15,-11.57,0.42,135.67,102.39,69.11,953,594,1.6,47.22,,,,2026-06-22,2026-06-22 07:55:16
4580,捷流閥業,83.1,82.0,84.7,82.0,61.0,50.35,46.43,0.14,0.11,0.02,84.13,82.25,80.36,213,75,2.82,38.89,16.69,5.0,6.02,2026-06-22,2026-06-22 07:55:18
4581,光隆精密-KY,50.0,49.95,50.0,49.95,79.15,67.16,57.69,0.01,-0.02,0.03,50.24,49.84,49.45,20,11,1.79,16.95,13.19,3.2,6.4,2026-06-22,2026-06-22 07:55:19
4582,聚恆-創,26.25,27.0,27.55,26.25,52.48,56.33,50.69,-1.11,-1.44,0.33,27.93,25.71,23.49,522,361,1.45,19.81,17.16,0.2,0.76,2026-06-22,2026-06-22 07:55:20
4583,台灣精銳,630.0,640.0,640.0,620.0,44.33,31.86,18.98,-25.83,-23.47,-2.35,747.01,664.9,582.79,131,78,1.66,505.08,52.63,10.0,1.59,2026-06-22,2026-06-22 07:55:21
4584,君帆,40.5,40.25,40.5,40.2,12.14,11.23,33.33,-0.58,-0.36,-0.22,44.47,41.93,39.39,3,5,0.61,12.15,11.84,2.2,5.43,2026-06-22,2026-06-22 07:55:24
4585,達明,314.0,316.0,317.5,313.0,27.42,21.08,21.11,-6.95,-3.57,-3.37,374.28,332.12,289.96,242,181,1.34,328.47,218.06,1.0,0.32,2026-06-22,2026-06-22 07:55:25
4587,寶元數控,59.5,58.7,61.0,58.6,56.28,37.76,39.05,-0.22,0.44,-0.66,68.95,61.16,53.37,15,42,0.35,19.64,,,,2026-06-22,2026-06-22 07:55:26
4588,玖鼎電力,60.5,60.5,61.1,59.9,55.26,39.44,55.98,0.4,0.24,0.16,62.89,58.29,53.69,275,103,2.66,26.01,19.03,3.0,4.96,2026-06-22,2026-06-22 07:55:28
4589,碩陽電機,37.4,37.4,37.4,37.4,38.62,40.5,35.26,-0.24,-0.13,-0.12,39.88,38.14,36.4,3,12,0.25,9.63,46.17,0.5,1.34,2026-06-22,2026-06-22 07:55:30
4590,富田-創,80.4,79.5,81.8,79.5,87.31,85.36,79.37,1.07,0.37,0.7,79.46,74.62,69.78,384,201,1.91,44.09,29.67,3.0,3.73,2026-06-22,2026-06-22 07:55:31
4609,唐鋒,4.87,5.23,5.24,4.86,23.28,38.35,39.68,0.01,0.1,-0.09,6.05,5.53,5.02,71,27,2.56,2.34,,,,2026-06-22,2026-06-22 07:55:34
4702,中美實,10.05,10.2,10.2,10.0,45.6,47.73,62.96,0.08,0.07,0.01,10.36,9.98,9.59,318,257,1.24,7.27,11.42,0.5,4.98,2026-06-22,2026-06-22 07:55:35
4706,大恭,31.9,32.8,32.8,31.3,47.94,46.51,55.71,0.08,0.07,0.01,32.51,31.76,31.0,17,17,0.97,25.21,91.14,0.7,2.19,2026-06-22,2026-06-22 07:55:37
4707,磐亞,23.2,22.5,23.6,22.0,79.65,74.92,72.08,1.85,1.54,0.31,24.59,19.1,13.6,4592,3447,1.33,93.66,26.07,0.25,1.08,2026-06-22,2026-06-22 07:55:38
4711,永純,17.2,17.2,17.2,16.9,27.43,30.31,54.55,0.14,0.24,-0.09,18.51,17.31,16.1,184,265,0.69,10.5,114.67,0.5,2.91,2026-06-22,2026-06-22 07:55:40
4714,永捷,12.95,13.1,13.15,12.85,32.46,35.66,40.35,-0.3,-0.3,0.0,14.22,13.39,12.56,1807,1263,1.43,23.7,,0.19,1.47,2026-06-22,2026-06-22 07:55:41
4716,大立,20.05,18.2,20.05,18.2,80.58,73.67,82.89,0.86,0.57,0.29,19.16,16.46,13.76,2780,2029,1.37,18.93,,0.2,1.0,2026-06-22,2026-06-22 07:55:42
4720,德淵,24.55,24.2,24.9,23.9,39.08,26.97,46.56,-0.3,-0.09,-0.21,28.3,25.23,22.15,2107,1416,1.49,28.11,33.18,0.4,1.63,2026-06-22,2026-06-22 07:55:43
4721,美琪瑪,100.5,101.5,102.0,99.1,61.66,63.82,63.78,2.98,2.09,0.89,101.96,92.86,83.77,2487,4617,0.54,75.36,33.39,2.3,2.29,2026-06-22,2026-06-22 07:55:45
4722,國精化,284.5,280.0,304.5,280.0,68.86,53.46,49.53,5.96,5.52,0.44,310.57,261.95,213.33,3088,3413,0.9,292.3,142.25,1.18,0.41,2026-06-22,2026-06-22 07:55:48
4724,宣捷幹細胞,10.05,9.49,10.05,9.0,33.42,27.98,32.21,-0.88,-0.74,-0.14,14.05,11.3,8.55,430,311,1.38,9.65,,,,2026-06-22,2026-06-22 07:55:49
4726,永昕,24.4,25.2,25.2,24.35,9.98,12.95,31.69,-1.03,-0.92,-0.12,28.7,26.32,23.95,536,295,1.81,50.52,,,,2026-06-22,2026-06-22 07:55:50
4728,雙美,376.5,375.0,376.5,374.0,56.5,61.88,44.19,-2.1,-2.03,-0.07,384.08,378.55,373.02,7,7,0.95,205.05,28.29,12.1,3.21,2026-06-22,2026-06-22 07:55:53
4729,熒茂,24.2,22.3,24.2,22.3,50.79,32.18,46.58,0.05,0.27,-0.22,27.2,23.84,20.48,887,674,1.32,19.17,151.25,0.5,2.07,2026-06-22,2026-06-22 07:55:54
4732,彥臣,18.5,18.5,18.5,17.8,67.89,57.21,43.01,-0.25,-0.25,0.01,19.55,18.43,17.32,3,9,0.34,8.94,,,,2026-06-22,2026-06-22 07:55:56
4735,豪展,30.65,30.65,30.8,30.65,31.02,43.73,54.8,0.27,0.35,-0.08,32.2,30.8,29.4,35,29,1.21,11.8,12.46,2.6,8.48,2026-06-22,2026-06-22 07:55:58
4736,泰博,124.0,125.5,125.5,123.0,63.6,71.31,50.0,0.32,0.26,0.06,127.42,124.47,121.53,302,177,1.7,116.61,8.26,10.0,8.06,2026-06-22,2026-06-22 07:55:59
4737,華廣,57.5,58.4,58.5,56.5,78.19,70.1,53.33,-0.75,-1.22,0.47,59.73,56.06,52.38,48,61,0.79,44.44,18.43,,,2026-06-22,2026-06-22 07:56:02
4738,大同精化,8.0,7.36,8.0,7.28,35.83,24.81,51.79,-0.27,-0.27,-0.0,8.55,7.86,7.16,408,271,1.5,6.21,42.11,,,2026-06-22,2026-06-22 07:56:04
4739,康普,128.0,124.0,128.0,122.0,61.17,60.44,68.54,7.23,7.12,0.11,133.14,115.12,97.11,4503,5296,0.85,159.55,90.78,1.0,0.78,2026-06-22,2026-06-22 07:56:05
4741,泓瀚,63.1,65.4,65.9,62.9,33.06,52.3,54.68,3.12,4.14,-1.01,81.95,67.0,52.05,1101,1563,0.7,21.97,217.59,0.3,0.48,2026-06-22,2026-06-22 07:56:06
4743,合一,47.9,48.2,48.2,47.8,18.14,22.04,30.0,-1.02,-0.89,-0.13,52.23,49.58,46.93,1591,1475,1.08,229.62,,,,2026-06-22,2026-06-22 07:56:08
4744,皇將,27.6,28.2,28.55,27.2,24.17,24.73,29.41,-1.69,-0.71,-0.98,41.03,33.1,25.17,111,736,0.15,14.77,11.31,0.4,1.45,2026-06-22,2026-06-22 07:56:09
4745,合富-KY,14.35,14.6,14.6,14.3,8.33,16.29,33.7,-0.86,-0.81,-0.05,17.02,15.58,14.14,101,134,0.76,9.5,,,,2026-06-22,2026-06-22 07:56:10
4746,台耀,52.5,52.3,53.1,52.3,54.15,48.56,43.94,-0.24,-0.34,0.09,53.61,51.97,50.33,576,510,1.13,63.13,14.42,3.0,5.71,2026-06-22,2026-06-22 07:56:11
4747,強生,52.4,53.9,53.9,52.0,26.49,28.83,26.32,-0.74,-0.41,-0.34,57.79,54.87,51.95,54,24,2.25,23.82,44.03,1.05,2.0,2026-06-22,2026-06-22 07:56:13
4749,新應材,966.0,1005.0,1010.0,966.0,52.51,39.73,39.01,-21.33,-16.52,-4.82,1155.48,1007.64,859.81,1624,1061,1.53,895.8,85.49,8.0,0.83,2026-06-22,2026-06-22 07:56:14
4754,國碳科,36.95,37.3,37.4,36.85,69.16,70.24,64.09,0.41,0.33,0.08,37.65,36.3,34.95,144,117,1.23,11.19,13.01,2.3,6.22,2026-06-22,2026-06-22 07:56:16
4755,三福化,147.0,146.5,147.0,141.5,67.61,54.86,44.19,-0.67,-1.14,0.47,160.54,146.32,132.11,325,382,0.85,148.04,39.73,3.7,2.52,2026-06-22,2026-06-22 07:56:17
4760,勤凱,382.0,376.0,388.0,358.5,34.26,32.71,38.13,16.22,24.17,-7.96,447.32,397.1,346.88,1550,1357,1.14,123.08,54.73,4.5,1.18,2026-06-22,2026-06-22 07:56:18
4763,材料*-KY,45.6,44.6,45.6,44.45,73.58,69.65,62.5,0.61,0.41,0.2,46.48,43.46,40.45,7831,5129,1.53,451.05,7.49,5.41,11.86,2026-06-22,2026-06-22 07:56:19
4764,雙鍵,332.0,330.0,349.0,322.5,78.84,63.61,53.95,7.92,4.51,3.41,357.54,300.23,242.91,2825,3226,0.88,284.0,272.13,1.0,0.3,2026-06-22,2026-06-22 07:56:21
4765,磐采,16.95,16.9,17.65,16.8,33.56,25.24,35.34,-1.02,-1.0,-0.02,20.81,18.1,15.39,20,39,0.51,5.45,,,,2026-06-22,2026-06-22 07:56:22
4766,南寶,372.0,372.5,376.0,367.5,81.4,77.28,49.58,1.58,1.79,-0.21,379.25,368.38,357.5,1307,555,2.35,448.52,18.42,18.0,4.84,2026-06-22,2026-06-22 07:56:23
4767,誠泰科技,27.1,27.5,27.5,26.95,62.74,65.9,52.69,0.15,0.17,-0.02,27.78,27.1,26.42,7,10,0.66,8.51,21.85,1.8,6.64,2026-06-22,2026-06-22 07:56:24
4768,晶呈科技,380.5,382.5,388.0,380.5,29.84,23.33,10.92,-25.69,-21.08,-4.62,532.89,432.93,332.96,733,553,1.33,180.69,1001.32,4.0,1.05,2026-06-22,2026-06-22 07:56:26
4770,上品,216.0,216.0,219.0,216.0,26.62,18.9,6.74,-6.3,-3.97,-2.34,273.14,234.0,194.86,371,309,1.2,172.75,21.28,6.0,2.78,2026-06-22,2026-06-22 07:56:27
4771,望隼,192.5,192.0,194.5,191.5,45.51,30.28,42.22,-0.73,-0.04,-0.69,205.11,194.28,183.44,138,130,1.06,113.01,15.33,5.52,2.87,2026-06-22,2026-06-22 07:56:28
4772,台特化,283.0,283.5,285.0,280.0,58.65,42.26,35.51,-6.97,-6.81,-0.17,315.62,289.32,263.03,1002,792,1.27,417.94,68.03,3.0,1.06,2026-06-22,2026-06-22 07:56:29
4804,大略-KY,3.27,3.27,3.27,3.27,0.57,0.57,,-0.04,-0.06,0.02,3.27,3.27,3.27,0,0,,2.35,,,,2026-06-18,2026-06-22 07:56:38
4806,桂田文創,10.2,10.15,10.2,10.05,42.17,48.59,55.52,0.01,-0.03,0.03,10.69,10.16,9.64,9,28,0.35,10.19,,,,2026-06-22,2026-06-22 07:56:40
4807,日成-KY,43.95,45.6,45.6,43.1,80.09,79.83,72.13,5.32,4.68,0.64,48.49,34.37,20.25,545,470,1.16,21.53,10.29,,,2026-06-22,2026-06-22 07:56:41
4903,聯光通,40.25,39.2,41.1,39.0,29.13,18.66,33.85,-1.84,-1.6,-0.24,48.65,42.37,36.08,2164,1186,1.82,42.4,39.46,0.3,0.75,2026-06-22,2026-06-22 07:56:42
4904,遠傳,108.0,108.0,109.5,104.5,70.45,78.75,74.89,3.63,3.09,0.54,115.46,102.47,89.48,43150,23992,1.8,3896.32,28.42,3.81,3.53,2026-06-22,2026-06-22 07:56:44
4905,台聯電,72.0,71.0,72.4,71.0,18.56,14.9,16.53,-2.47,-1.76,-0.71,87.8,77.32,66.84,26,18,1.39,21.07,26.18,1.5,2.08,2026-06-22,2026-06-22 07:56:45
4906,正文,47.65,44.5,47.65,43.9,58.5,39.76,39.23,0.99,1.37,-0.38,52.84,45.67,38.49,23129,11063,2.09,203.75,26.47,0.47,0.99,2026-06-22,2026-06-22 07:56:46
4907,富宇,39.95,41.6,41.65,39.5,77.71,81.85,59.46,0.72,0.31,0.41,42.25,38.42,34.58,242,163,1.49,47.2,32.75,1.8,4.51,2026-06-22,2026-06-22 07:56:48
4908,前鼎,201.0,212.5,213.5,199.0,38.33,27.98,41.95,-6.32,-2.13,-4.19,284.66,225.03,165.39,3050,1905,1.6,157.22,102.03,1.75,0.87,2026-06-22,2026-06-22 07:56:49
4909,新復興,49.85,49.95,50.7,49.8,50.94,48.97,26.29,-1.34,-1.5,0.16,56.67,51.33,45.99,801,842,0.95,46.54,,6.0,12.04,2026-06-22,2026-06-22 07:56:50
4911,德英,31.45,31.5,31.5,31.1,41.86,37.65,43.04,-0.53,-0.61,0.08,32.61,31.69,30.77,23,19,1.22,20.04,14.43,0.76,2.42,2026-06-22,2026-06-22 07:56:53
4912,聯德控股-KY,89.9,89.8,91.2,88.3,23.74,24.53,20.42,-2.32,-0.96,-1.36,115.62,97.81,79.99,715,511,1.4,60.23,45.63,4.0,4.45,2026-06-22,2026-06-22 07:56:54
4915,致伸,76.3,76.1,76.7,75.5,49.41,53.14,51.02,0.83,0.87,-0.04,79.49,75.36,71.22,4218,5772,0.73,360.05,13.55,4.57,5.99,2026-06-22,2026-06-22 07:56:55
4916,事欣科,105.0,107.5,110.0,104.5,20.45,23.32,38.45,5.05,8.18,-3.13,127.2,109.55,91.91,10072,9670,1.04,129.9,66.88,0.38,0.36,2026-06-22,2026-06-22 07:56:56
4919,新唐,216.0,216.0,216.0,213.0,72.54,53.95,52.5,7.42,6.72,0.7,226.91,191.43,155.94,10009,16128,0.62,906.69,86.23,0.4,0.19,2026-06-22,2026-06-22 07:56:58
4923,力士,63.4,61.7,63.4,61.7,90.28,78.2,71.89,4.33,2.91,1.42,58.31,47.59,36.88,1588,2925,0.54,20.76,,,,2026-06-22,2026-06-22 07:56:59
4924,欣厚-KY,12.5,11.4,12.5,11.4,42.84,32.02,44.78,0.18,0.27,-0.09,13.08,12.14,11.2,199,90,2.19,4.65,32.89,,,2026-06-22,2026-06-22 07:57:00
4925,智微,154.5,150.0,155.0,148.0,58.35,57.56,45.49,-2.55,-2.21,-0.34,183.3,154.22,125.15,350,232,1.51,109.34,,,,2026-06-22,2026-06-22 07:57:02
4927,泰鼎-KY,52.1,53.0,54.8,51.5,42.44,36.91,42.26,-0.65,-0.42,-0.23,61.21,53.41,45.61,10355,5859,1.77,138.03,6.5,,,2026-06-22,2026-06-22 07:57:03
4930,燦星網,17.45,17.5,17.5,17.3,45.12,35.67,42.0,-0.11,-0.14,0.02,18.23,17.6,16.98,121,63,1.91,13.96,29.08,0.6,3.44,2026-06-22,2026-06-22 07:57:04
4931,新盛力,267.0,263.0,272.5,255.0,54.92,50.8,58.26,17.77,18.77,-1.0,283.16,243.1,203.04,8328,7810,1.07,175.06,85.85,2.5,0.94,2026-06-22,2026-06-22 07:57:05
4933,友輝,68.4,68.0,69.4,67.5,33.86,28.49,35.29,-0.73,0.01,-0.74,80.21,71.85,63.48,442,626,0.71,56.3,11.9,5.99,8.76,2026-06-22,2026-06-22 07:57:07
4934,太極,17.4,17.35,17.55,17.1,66.23,63.16,50.7,0.04,-0.03,0.07,18.39,17.1,15.81,1360,1717,0.79,39.15,,,,2026-06-22,2026-06-22 07:57:08
4935,茂林-KY,39.65,39.4,40.2,39.4,56.57,51.88,42.31,0.58,0.57,0.01,43.19,39.39,35.6,121,227,0.54,51.09,29.81,1.0,2.52,2026-06-22,2026-06-22 07:57:09
4938,和碩,82.0,83.8,84.6,82.0,14.85,25.21,39.91,1.05,2.24,-1.19,97.32,86.2,75.08,22596,32044,0.71,2199.28,15.36,4.01,4.89,2026-06-22,2026-06-22 07:57:10
4939,亞電,62.8,65.0,65.7,62.0,56.23,64.71,59.76,6.14,6.07,0.08,75.25,57.14,39.03,7861,14194,0.55,61.67,,0.25,0.4,2026-06-22,2026-06-22 07:57:12
4942,嘉彰,37.55,37.6,37.65,37.25,52.78,52.54,40.28,-0.04,-0.02,-0.02,38.71,37.86,37.01,89,60,1.48,53.46,12.35,2.0,5.33,2026-06-22,2026-06-22 07:57:14
4943,康控-KY,8.66,9.0,9.0,8.51,26.47,34.38,32.6,-0.14,-0.16,0.02,9.29,8.99,8.69,64,42,1.51,10.97,0.71,,,2026-06-22,2026-06-22 07:57:15
4946,辣椒,108.0,111.0,111.0,107.5,35.58,39.83,53.66,0.24,-0.52,0.76,112.83,105.78,98.72,102,144,0.71,9.56,34.39,,,2026-06-22,2026-06-22 07:57:16
4949,有成精密,89.2,89.1,90.8,89.0,26.39,24.35,25.93,-1.52,-0.32,-1.2,108.82,95.08,81.33,759,999,0.76,60.39,47.2,1.4,1.57,2026-06-22,2026-06-22 07:57:17
4950,金耘國際,15.9,16.1,16.5,15.9,31.04,43.27,47.62,-0.14,-0.14,-0.0,16.79,16.2,15.61,62,33,1.87,9.18,,,,2026-06-22,2026-06-22 07:57:19
4951,精拓科,102.0,100.0,103.0,99.5,25.96,17.93,25.23,-3.18,-1.17,-2.01,130.59,110.02,89.46,786,577,1.36,34.83,17.41,4.5,4.41,2026-06-22,2026-06-22 07:57:21
4952,凌通,60.5,58.1,61.6,58.1,85.96,75.24,63.87,2.17,1.35,0.82,60.88,53.24,45.6,3004,2853,1.05,65.83,58.74,1.0,1.65,2026-06-22,2026-06-22 07:57:22
4953,緯軟,132.5,134.0,134.5,132.0,20.75,35.26,50.88,3.06,4.04,-0.97,148.43,133.05,117.67,512,583,0.88,94.51,15.87,5.14,3.88,2026-06-22,2026-06-22 07:57:24
4956,光鋐,39.65,39.0,40.1,38.7,43.38,29.06,32.94,-1.84,-1.52,-0.31,51.04,42.36,33.68,2039,1492,1.37,39.81,23.19,,,2026-06-22,2026-06-22 07:57:25
4958,臻鼎-KY,622.0,639.0,653.0,622.0,86.54,83.44,62.38,52.74,46.22,6.53,646.28,544.92,443.55,34196,42733,0.8,6714.0,92.28,3.42,0.55,2026-06-22,2026-06-22 07:57:26
4960,誠美材,29.2,29.3,29.95,28.8,33.37,28.57,29.96,-1.42,-1.23,-0.19,35.71,31.41,27.12,4316,5937,0.73,165.19,,,,2026-06-22,2026-06-22 07:57:27
4961,天鈺,177.5,177.0,182.5,177.0,77.72,70.43,52.21,1.66,1.19,0.47,179.73,170.15,160.57,1633,1043,1.57,212.56,18.49,7.72,4.35,2026-06-22,2026-06-22 07:57:29
4966,譜瑞-KY,695.0,707.0,712.0,685.0,55.8,36.98,24.85,-10.41,1.48,-11.89,902.52,745.15,587.78,1790,1546,1.16,530.73,21.25,17.66,2.54,2026-06-22,2026-06-22 07:57:31
4967,十銓,284.5,284.5,290.0,280.0,57.63,49.52,47.85,1.91,2.96,-1.06,301.94,280.07,258.21,8217,5357,1.53,241.72,21.97,3.0,1.05,2026-06-22,2026-06-22 07:57:32
4968,立積,118.0,114.5,119.0,114.5,65.53,44.91,51.14,-1.09,-1.48,0.39,123.69,113.12,102.56,1538,795,1.93,108.81,44.7,1.6,1.36,2026-06-22,2026-06-22 07:57:33
4971,IET-KY,571.0,605.0,610.0,565.0,40.51,27.6,23.15,-46.09,-38.47,-7.62,829.07,643.15,457.23,1662,1254,1.33,228.32,339.88,1.0,0.18,2026-06-22,2026-06-22 07:57:34
4972,湯石照明,16.85,16.9,16.9,16.8,64.74,51.5,61.54,0.06,0.02,0.04,17.0,16.65,16.3,37,31,1.18,9.42,,0.8,4.75,2026-06-22,2026-06-22 07:57:36
4973,廣穎,191.5,195.5,197.0,190.0,61.46,71.64,65.09,21.22,21.58,-0.35,219.75,170.8,121.85,3868,4919,0.79,125.04,91.63,1.0,0.52,2026-06-22,2026-06-22 07:57:37
4974,亞泰,72.5,73.0,73.3,72.0,62.46,59.37,44.66,0.44,0.59,-0.15,74.89,72.68,70.46,263,417,0.63,52.56,14.22,3.9,5.38,2026-06-22,2026-06-22 07:57:39
4976,佳凌,40.95,42.8,43.3,40.7,76.64,70.45,66.73,2.5,1.6,0.91,42.02,34.56,27.1,8682,12908,0.67,57.45,27.12,,,2026-06-22,2026-06-22 07:57:41
4977,眾達-KY,191.0,188.5,193.5,186.0,49.5,33.13,37.38,-9.43,-8.71,-0.72,238.65,199.22,159.8,2232,2244,0.99,152.77,43.12,2.25,1.18,2026-06-22,2026-06-22 07:57:42
4979,華星光,552.0,579.0,585.0,547.0,65.53,50.75,37.81,-13.46,-10.93,-2.53,695.16,582.6,470.04,6784,4571,1.48,778.63,103.56,2.18,0.39,2026-06-22,2026-06-22 07:57:44
4980,佐臻,47.9,48.5,49.55,45.3,54.87,44.62,50.11,1.0,1.24,-0.23,52.69,46.52,40.36,299,293,1.02,21.59,435.45,,,2026-06-22,2026-06-22 07:57:45
4987,科誠,81.6,81.6,81.6,81.6,95.28,84.78,66.67,0.06,0.06,-0.0,81.66,81.54,81.42,0,0,,26.01,12.95,5.2,6.37,2026-05-28,2026-06-22 07:57:46
4989,榮科,94.0,87.1,94.0,86.1,60.06,37.14,38.48,-3.1,-2.95,-0.15,111.67,91.56,71.45,11158,5601,1.99,129.51,,,,2026-06-22,2026-06-22 07:57:47
4991,環宇-KY,564.0,566.0,566.0,555.0,40.71,31.75,27.2,-34.77,-22.67,-12.11,862.86,654.3,445.74,809,4468,0.18,682.12,3317.65,,,2026-06-22,2026-06-22 07:57:49
4994,傳奇,91.0,92.0,92.4,89.6,75.23,74.47,59.92,0.2,-0.74,0.93,93.59,87.82,82.04,21,31,0.69,60.41,46.67,3.0,3.3,2026-06-22,2026-06-22 07:57:50
4995,晶達,45.55,45.5,45.95,45.35,56.44,50.74,47.55,0.55,0.73,-0.18,47.24,45.58,43.91,16,24,0.67,19.32,20.52,1.99,4.37,2026-06-22,2026-06-22 07:57:52
4999,鑫禾,20.55,20.6,20.65,20.5,37.19,33.53,51.49,-0.05,-0.06,0.0,22.22,20.61,19.0,102,71,1.43,15.13,15.34,1.0,4.87,2026-06-22,2026-06-22 07:57:53
5007,三星,56.2,56.5,57.0,56.0,37.52,36.85,32.69,-0.26,-0.16,-0.09,58.41,56.88,55.34,31,29,1.06,165.76,18.61,3.0,5.34,2026-06-22,2026-06-22 07:57:54
5009,榮剛,37.0,34.75,37.85,34.7,50.42,44.55,52.48,0.1,0.21,-0.11,37.95,35.98,34.01,8868,4476,1.98,202.75,18.14,1.2,3.24,2026-06-22,2026-06-22 07:57:55
5011,久陽,23.05,22.3,23.3,22.0,81.48,67.68,70.33,1.31,0.98,0.33,21.84,18.99,16.14,2739,2785,0.98,23.21,,0.2,0.87,2026-06-22,2026-06-22 07:57:57
5013,強新,27.75,27.45,27.75,27.45,57.85,44.72,41.86,-0.16,-0.2,0.04,28.96,27.92,26.87,9,4,2.04,37.02,19.14,0.8,2.88,2026-06-22,2026-06-22 07:57:58
5014,建錩,11.0,11.2,11.2,10.95,49.34,46.19,46.43,0.17,0.21,-0.04,11.4,11.11,10.83,355,272,1.3,20.16,,0.3,2.73,2026-06-22,2026-06-22 07:58:00
5015,華祺,23.75,23.85,23.9,23.7,29.05,33.87,32.79,0.04,0.08,-0.04,25.08,24.17,23.25,32,26,1.23,14.4,395.83,0.5,2.11,2026-06-22,2026-06-22 07:58:01
5016,松和,24.85,25.1,25.1,24.75,27.94,30.43,43.86,-0.27,-0.28,0.01,26.79,25.49,24.18,85,47,1.79,12.33,16.57,1.0,4.02,2026-06-22,2026-06-22 07:58:02
5201,凱衛,26.95,27.3,27.3,26.55,36.34,48.88,33.6,-0.69,-0.73,0.04,29.25,28.21,27.16,79,104,0.76,10.42,,0.5,1.86,2026-06-22,2026-06-22 07:58:04
5202,力新,15.45,16.0,16.0,15.25,35.33,43.08,63.73,0.71,0.63,0.08,17.75,14.27,10.78,575,771,0.75,13.77,,0.5,3.24,2026-06-22,2026-06-22 07:58:05
5203,訊連,69.0,69.1,69.5,68.4,52.82,49.73,46.62,0.97,1.12,-0.15,73.28,68.4,63.53,246,287,0.86,54.75,19.44,3.9,5.65,2026-06-22,2026-06-22 07:58:06
5205,中茂,23.2,24.8,24.8,23.1,55.77,74.6,49.41,0.28,0.1,0.17,25.8,23.71,21.61,5,8,0.61,3.13,,,,2026-06-22,2026-06-22 07:58:08
5206,坤悅,23.35,23.7,23.7,23.25,61.59,64.54,63.2,0.03,-0.18,0.2,24.45,22.71,20.97,288,168,1.71,40.05,6.79,0.5,2.14,2026-06-22,2026-06-22 07:58:09
5209,新鼎,174.5,175.0,175.0,174.0,72.99,60.11,58.82,1.73,1.8,-0.07,177.0,172.57,168.15,37,40,0.93,49.64,11.41,12.95,7.42,2026-06-22,2026-06-22 07:58:11
5210,寶碩,29.8,30.25,30.7,29.8,48.56,59.7,52.63,1.0,1.21,-0.21,32.19,29.48,26.78,430,478,0.9,24.49,40.82,,,2026-06-22,2026-06-22 07:58:13
5211,蒙恬,19.15,18.95,19.4,18.8,41.43,45.62,57.61,-0.16,-0.27,0.11,20.03,18.82,17.61,62,58,1.06,6.13,,,,2026-06-22,2026-06-22 07:58:16
5212,凌網,46.05,47.25,47.25,46.0,55.27,70.67,41.86,-0.06,-0.13,0.07,47.75,46.65,45.56,20,10,1.95,15.95,9.74,4.2,9.12,2026-06-22,2026-06-22 07:58:18
5213,亞昕,22.55,23.0,23.0,22.5,34.67,47.29,27.72,-0.17,-0.06,-0.11,24.36,23.51,22.66,860,636,1.35,162.34,7.37,2.8,12.42,2026-06-22,2026-06-22 07:58:20
5215,科嘉-KY,45.35,45.0,46.5,44.0,58.04,42.13,31.18,0.3,0.73,-0.43,51.15,46.24,41.33,159,146,1.09,29.18,22.45,2.5,5.51,2026-06-22,2026-06-22 07:58:21
5220,萬達光電,21.65,21.75,21.75,21.25,45.47,33.91,27.63,-0.11,0.05,-0.16,24.53,22.36,20.19,53,96,0.55,8.52,,0.3,1.39,2026-06-22,2026-06-22 07:58:22
5222,全訊,125.0,117.0,125.0,117.0,52.62,33.61,47.83,-3.09,-3.58,0.49,131.09,119.88,108.66,1125,451,2.49,113.87,50.0,2.5,2.0,2026-06-22,2026-06-22 07:58:23
5223,安力-KY,25.65,26.1,26.2,25.4,43.45,44.1,50.98,0.09,0.07,0.02,26.61,25.64,24.66,226,91,2.49,11.43,,,,2026-06-22,2026-06-22 07:58:25
5225,東科-KY,73.9,74.2,74.6,73.6,64.69,49.76,55.35,-0.12,-0.41,0.29,77.66,72.79,67.92,251,216,1.16,58.15,7.27,7.21,9.76,2026-06-22,2026-06-22 07:58:26
5227,立凱-KY,43.0,40.0,43.6,40.0,95.15,91.09,84.92,4.27,2.55,1.71,41.68,29.1,16.51,1460,1677,0.87,29.24,252.94,,,2026-06-22,2026-06-22 07:58:27
5228,鈺鎧,70.2,77.4,77.4,69.0,47.09,59.66,56.5,6.96,7.65,-0.69,80.32,67.42,54.52,1755,2044,0.86,26.72,,,,2026-06-22,2026-06-22 07:58:29
5230,雷笛克光學,21.5,21.05,21.95,20.3,77.18,70.09,71.43,0.9,0.52,0.38,21.19,18.24,15.3,1495,2314,0.65,11.77,14.73,0.5,2.33,2026-06-22,2026-06-22 07:58:30
5234,達興材料,400.0,400.0,405.5,396.0,63.88,51.91,43.52,-6.37,-6.63,0.25,438.88,401.8,364.72,364,375,0.97,410.86,54.27,6.5,1.62,2026-06-22,2026-06-22 07:58:31
5236,凌陽創新,176.0,168.0,176.0,168.0,76.56,56.28,52.38,1.75,1.62,0.13,182.58,166.26,149.93,623,335,1.86,105.61,20.51,9.0,5.11,2026-06-22,2026-06-22 07:58:34
5240,建騰,23.65,23.95,23.95,22.8,44.18,48.4,32.47,-0.77,-0.78,0.01,26.06,24.7,23.34,13,5,2.51,6.29,47.3,0.5,2.11,2026-06-22,2026-06-22 07:58:35
5243,乙盛-KY,109.5,112.0,113.0,108.5,32.49,31.06,35.92,-1.12,0.31,-1.43,135.59,117.38,99.16,3718,3019,1.23,184.54,25.0,1.5,1.37,2026-06-22,2026-06-22 07:58:36
5244,弘凱,38.25,38.15,38.25,37.7,66.07,50.95,47.1,-0.55,-0.61,0.06,40.53,38.39,36.24,218,154,1.42,26.1,76.5,0.4,1.05,2026-06-22,2026-06-22 07:58:38
5245,智晶,26.85,26.2,27.1,26.2,44.32,30.83,44.36,0.12,0.25,-0.13,28.55,26.81,25.07,176,92,1.91,11.63,,,,2026-06-22,2026-06-22 07:58:40
5246,勵威,200.0,197.0,208.0,190.0,44.27,42.35,56.73,0.14,-2.88,3.01,207.54,186.05,164.56,787,559,1.41,88.83,,,,2026-06-22,2026-06-22 07:58:41
5248,景傳,36.5,34.2,38.85,32.85,37.7,24.55,38.17,-3.25,-2.85,-0.4,48.27,39.2,30.14,842,409,2.06,8.94,,1.1,3.01,2026-06-22,2026-06-22 07:58:43
5251,天鉞電,30.3,30.1,30.5,30.05,34.37,35.28,54.5,0.47,0.51,-0.03,33.83,29.83,25.83,115,176,0.65,10.22,1010.0,,,2026-06-22,2026-06-22 07:58:44
5254,欣訊科技,45.5,42.65,46.45,42.65,39.17,29.03,37.77,-0.12,0.48,-0.6,51.69,45.1,38.5,76,36,2.07,10.29,19.36,2.0,4.4,2026-06-22,2026-06-22 07:58:47
5258,虹堡,51.3,51.0,52.3,50.6,73.63,64.61,45.0,-0.55,-0.5,-0.05,56.25,51.23,46.21,720,495,1.45,56.21,12.21,2.52,4.91,2026-06-22,2026-06-22 07:58:48
5262,立達,45.2,43.95,45.2,43.55,16.52,14.73,32.21,-2.21,-1.79,-0.41,55.09,48.82,42.56,122,176,0.7,23.82,33.73,0.7,1.55,2026-06-22,2026-06-22 07:58:49
5263,智崴,100.5,101.0,101.5,99.6,16.96,21.74,48.84,-0.4,0.35,-0.76,109.99,104.45,98.91,274,191,1.43,71.26,26.73,0.94,0.94,2026-06-22,2026-06-22 07:58:51
5267,龍翩,57.8,51.2,57.8,50.4,44.78,27.27,44.03,-1.45,-0.57,-0.88,73.35,59.43,45.52,137,106,1.29,14.46,57.8,3.01,5.21,2026-06-22,2026-06-22 07:58:52
5269,祥碩,1450.0,1470.0,1480.0,1445.0,63.94,46.46,43.64,3.12,11.0,-7.88,1623.24,1461.0,1298.76,831,839,0.99,1075.27,20.05,30.0,2.07,2026-06-22,2026-06-22 07:58:53
5271,紘通,18.1,16.45,18.45,15.85,57.12,38.19,55.17,-1.35,-1.63,0.28,20.05,16.9,13.74,2559,1780,1.44,11.49,603.33,,,2026-06-22,2026-06-22 07:58:55
5272,笙科,21.95,21.8,22.2,21.65,58.29,42.31,46.78,-0.45,-0.5,0.05,23.87,21.89,19.92,231,200,1.16,12.13,,,,2026-06-22,2026-06-22 07:58:56
5274,信驊,19275.0,19850.0,19880.0,19120.0,78.33,69.9,55.84,535.16,492.1,43.06,19270.93,18063.75,16856.57,234,175,1.33,7286.47,184.84,80.0,0.42,2026-06-22,2026-06-22 07:58:58
5276,達輝-KY,18.7,18.45,18.7,18.45,59.55,40.11,37.8,-0.14,-0.07,-0.07,20.23,18.99,17.76,16,12,1.28,7.39,16.55,0.6,3.21,2026-06-22,2026-06-22 07:58:59
5278,尚凡*,24.25,24.7,24.75,24.0,69.04,70.14,64.38,0.38,0.22,0.16,25.18,23.16,21.14,237,387,0.61,71.11,23.1,0.72,2.97,2026-06-22,2026-06-22 07:59:00
5283,禾聯碩,56.2,55.0,56.4,54.4,76.45,64.92,67.07,0.34,-0.04,0.38,54.86,52.74,50.62,254,133,1.91,49.23,10.05,0.7,1.25,2026-06-22,2026-06-22 07:59:02
5284,jpp-KY,400.0,410.0,421.0,398.0,64.28,49.19,34.55,2.87,5.9,-3.03,465.34,406.18,347.01,722,683,1.06,211.57,33.14,1.48,0.37,2026-06-22,2026-06-22 07:59:03
5285,界霖,102.5,98.5,103.0,98.4,65.4,49.35,64.09,5.62,5.82,-0.2,99.17,90.05,80.94,10061,3927,2.56,104.59,66.99,1.5,1.46,2026-06-22,2026-06-22 07:59:04
5287,數字,148.5,149.0,149.5,148.0,55.92,50.7,62.96,-1.08,-1.6,0.51,150.58,147.43,144.27,57,57,0.99,89.56,10.75,10.25,6.9,2026-06-22,2026-06-22 07:59:05
5288,豐祥-KY,187.5,189.5,192.5,185.5,64.55,71.1,75.24,8.76,7.12,1.64,200.88,171.8,142.72,130,223,0.58,130.69,15.43,8.51,4.54,2026-06-22,2026-06-22 07:59:06
5289,宜鼎,1970.0,1990.0,2010.0,1940.0,75.28,69.22,52.74,89.08,95.01,-5.93,2034.52,1832.75,1630.98,2907,3420,0.85,1897.85,91.12,9.38,0.48,2026-06-22,2026-06-22 07:59:08
5291,邑昇,64.6,66.0,66.1,63.5,31.26,34.94,34.93,-1.42,-0.93,-0.49,75.81,68.33,60.85,511,477,1.07,27.06,208.39,,,2026-06-22,2026-06-22 07:59:09
5292,華懋,228.0,227.5,231.5,226.0,81.59,68.18,48.82,-0.34,-2.11,1.77,237.42,220.88,204.33,153,121,1.26,96.01,23.1,5.5,2.41,2026-06-22,2026-06-22 07:59:10
5297,廣化,116.0,85.0,119.0,83.0,54.71,30.24,52.72,-12.13,-13.95,1.82,145.37,97.8,50.23,4190,2511,1.67,43.1,282.93,0.9,0.78,2026-06-22,2026-06-22 07:59:13
5299,杰力,129.0,129.0,129.0,126.0,75.38,53.34,62.5,3.72,2.83,0.9,128.82,111.42,94.03,1225,679,1.8,65.65,26.82,3.66,2.84,2026-06-22,2026-06-22 07:59:14
5301,寶得利,6.95,6.95,6.95,6.95,80.46,71.42,57.84,-0.19,-0.26,0.08,7.11,6.89,6.66,2,12,0.24,4.58,,,,2026-06-22,2026-06-22 07:59:15
5302,太欣,12.6,12.8,13.4,12.25,76.21,73.32,66.33,0.43,0.21,0.21,12.89,11.22,9.55,2232,2937,0.76,20.15,,,,2026-06-22,2026-06-22 07:59:17
5306,桂盟,87.0,86.1,87.6,85.7,56.7,64.57,61.34,0.96,0.75,0.21,88.52,84.92,81.32,190,188,1.01,109.62,11.89,3.81,4.38,2026-06-22,2026-06-22 07:59:18
5309,系統電,70.2,69.9,71.3,69.0,34.28,29.6,41.58,0.67,1.49,-0.82,80.43,71.22,62.01,8291,5668,1.46,160.46,270.0,0.5,0.71,2026-06-22,2026-06-22 07:59:20
5310,天剛,23.5,24.25,24.3,23.5,17.63,29.29,43.62,-0.04,0.02,-0.06,26.17,24.29,22.4,8,5,1.46,6.8,45.19,,,2026-06-22,2026-06-22 07:59:23
5312,寶島科,97.6,97.3,97.6,97.2,75.83,68.03,70.79,0.37,0.02,0.35,97.95,95.42,92.89,70,49,1.43,58.62,15.25,6.5,6.66,2026-06-22,2026-06-22 07:59:24
5314,世紀*,61.1,60.6,62.0,60.2,46.25,34.43,36.0,-2.79,-3.15,0.36,65.93,60.79,55.65,4877,2747,1.78,176.88,11.01,0.27,0.44,2026-06-22,2026-06-22 07:59:26
5315,光聯,23.55,23.35,24.2,23.35,71.84,68.57,62.2,0.22,0.1,0.12,23.39,22.5,21.61,1139,796,1.43,25.05,12.46,1.6,6.79,2026-06-22,2026-06-22 07:59:28
5321,美而快,43.55,44.05,44.15,42.4,52.64,30.77,30.41,1.42,2.62,-1.2,60.38,45.03,29.68,663,361,1.84,23.16,,,,2026-06-22,2026-06-22 07:59:30
5324,士開,12.25,12.15,12.3,11.95,46.77,46.0,68.42,0.16,0.17,-0.01,12.24,12.03,11.81,899,470,1.91,27.73,,,,2026-06-22,2026-06-22 07:59:31
5328,華容,58.0,58.4,60.0,57.0,90.94,86.32,78.26,6.0,4.56,1.44,56.33,42.72,29.11,44523,42581,1.05,100.17,148.72,0.6,1.03,2026-06-22,2026-06-22 07:59:34
5340,建榮,99.0,92.1,99.0,92.1,63.66,43.65,42.64,-4.14,-4.73,0.59,109.92,95.67,81.41,2576,2049,1.26,192.95,83.19,0.6,0.61,2026-06-22,2026-06-22 07:59:35
5344,立衛,17.2,16.0,17.2,15.85,56.54,41.91,63.92,0.04,-0.01,0.06,16.87,15.9,14.94,670,177,3.77,13.66,,,,2026-06-22,2026-06-22 07:59:37
5345,馥鴻,32.0,33.45,33.45,32.0,51.71,64.86,66.15,2.88,2.35,0.53,37.7,26.58,15.47,68,109,0.63,12.09,,,,2026-06-22,2026-06-22 07:59:39
5347,世界,191.5,191.5,191.5,191.5,83.63,70.04,56.91,5.02,3.58,1.45,184.56,167.57,150.59,15582,18453,0.84,3597.02,45.38,4.47,2.33,2026-06-22,2026-06-22 07:59:40
5348,正能量智能,16.5,16.5,16.5,16.5,84.96,80.91,64.63,0.12,0.0,0.12,17.15,15.85,14.55,1,2,0.59,2.44,,,,2026-06-22,2026-06-22 07:59:42
5351,鈺創,99.8,97.1,103.0,97.1,78.72,69.5,63.61,3.94,3.24,0.69,97.3,88.02,78.75,48356,32823,1.47,325.06,,,,2026-06-22,2026-06-22 07:59:43
5353,台林,32.3,32.8,32.85,32.1,27.5,34.48,51.33,1.33,1.52,-0.19,36.08,31.16,26.24,208,171,1.22,24.47,23.58,1.0,3.1,2026-06-22,2026-06-22 07:59:45
5355,佳總,6.78,6.67,6.85,6.51,73.9,78.6,61.59,0.07,0.05,0.02,7.11,6.69,6.27,70,96,0.73,11.26,,,,2026-06-22,2026-06-22 07:59:48
5356,協益,27.75,28.15,28.15,27.75,61.66,71.66,56.06,0.37,0.36,0.01,28.44,27.51,26.57,168,160,1.05,28.59,63.07,2.0,7.21,2026-06-22,2026-06-22 07:59:50
5364,力麗店,8.8,8.73,9.13,8.63,51.97,51.01,48.65,-0.23,-0.31,0.08,8.93,8.73,8.53,423,121,3.48,5.62,,,,2026-06-22,2026-06-22 07:59:53
5371,中光電,74.6,71.7,76.3,71.7,50.98,37.37,53.26,-0.45,-0.69,0.24,76.07,70.95,65.83,9229,3641,2.53,291.67,78.53,0.5,0.67,2026-06-22,2026-06-22 07:59:55
5381,光譜,29.2,27.9,29.45,27.2,19.13,28.1,57.42,0.74,1.06,-0.33,34.16,28.73,23.29,3020,2137,1.41,51.55,35.18,,,2026-06-22,2026-06-22 07:59:56
5386,青雲,529.0,536.0,544.0,523.0,53.77,42.6,38.7,12.72,18.94,-6.22,602.82,532.45,462.08,1395,1018,1.37,190.87,61.51,0.59,0.11,2026-06-22,2026-06-22 07:59:57
5388,中磊,82.4,84.2,84.3,82.2,25.02,32.93,34.9,0.32,1.02,-0.69,92.27,86.35,80.42,4312,2869,1.5,246.97,20.86,2.5,3.03,2026-06-22,2026-06-22 07:59:59
5392,能率,43.0,43.35,43.8,42.9,41.92,42.35,35.1,0.42,0.71,-0.29,48.28,44.1,39.92,2889,6207,0.47,75.48,,0.2,0.47,2026-06-22,2026-06-22 08:00:00
5398,慕康生醫,17.6,17.7,17.7,17.4,33.77,44.37,56.82,-0.32,-0.45,0.13,18.49,17.59,16.68,32,66,0.48,8.71,50.29,,,2026-06-22,2026-06-22 08:00:01
5403,中菲,94.0,95.0,95.0,93.6,82.71,88.15,72.9,1.25,0.58,0.67,98.33,90.56,82.78,188,111,1.69,73.47,11.31,6.5,6.91,2026-06-22,2026-06-22 08:00:03
5410,國眾,44.75,45.2,45.45,44.05,62.9,68.78,60.2,2.35,2.17,0.18,47.81,41.75,35.69,1486,2724,0.55,41.2,19.37,1.5,3.35,2026-06-22,2026-06-22 08:00:04
5425,台半,130.0,130.0,130.0,130.0,83.54,64.9,65.9,8.39,6.79,1.6,124.37,103.24,82.1,4796,24145,0.2,317.88,62.8,2.02,1.55,2026-06-22,2026-06-22 08:00:06
5426,振發,39.65,38.5,39.7,38.0,91.66,88.59,85.53,4.98,4.02,0.96,44.13,28.65,13.16,2951,2290,1.29,57.02,76.25,0.5,1.26,2026-06-22,2026-06-22 08:00:07
5432,新門,156.5,154.0,159.0,152.5,85.46,73.91,65.91,2.3,-0.23,2.53,153.1,137.9,122.7,396,326,1.21,32.38,68.34,1.5,0.96,2026-06-22,2026-06-22 08:00:08
5434,崇越,506.0,489.0,523.0,487.0,79.04,71.14,68.66,15.3,13.44,1.86,496.82,465.9,434.98,1873,1088,1.72,979.91,23.64,11.99,2.37,2026-06-22,2026-06-22 08:00:11
5438,東友,19.45,19.45,19.5,19.1,46.01,35.34,51.52,-0.01,-0.02,0.0,20.0,19.25,18.49,201,226,0.89,21.89,38.14,0.75,3.86,2026-06-22,2026-06-22 08:00:12
5439,高技,336.0,338.0,340.0,331.5,22.48,20.81,28.85,-12.6,-9.0,-3.59,403.94,358.27,312.61,1486,2192,0.68,312.4,24.94,7.2,2.14,2026-06-22,2026-06-22 08:00:14
5443,均豪,111.0,109.5,112.5,108.5,64.77,43.08,33.96,-3.73,-3.6,-0.13,132.95,112.3,91.64,2022,1357,1.49,179.04,43.7,2.2,1.98,2026-06-22,2026-06-22 08:00:15
5450,南良,15.65,14.5,15.65,14.5,69.85,68.18,73.17,0.46,0.31,0.15,15.68,13.77,11.85,660,276,2.39,19.16,120.38,0.5,3.19,2026-06-22,2026-06-22 08:00:16
5452,佶優,35.55,34.6,36.5,34.4,64.27,49.11,51.42,0.15,0.02,0.13,36.75,33.75,30.75,4357,2265,1.92,52.53,107.73,0.25,0.7,2026-06-22,2026-06-22 08:00:18
5455,昇益,27.5,26.8,27.5,26.8,91.73,91.7,85.37,0.78,0.49,0.29,28.56,25.18,21.8,8,39,0.21,18.01,7.95,,,2026-06-22,2026-06-22 08:00:20
5457,宣德,36.8,37.3,38.3,36.7,66.66,69.46,69.79,1.12,0.23,0.89,39.24,32.57,25.91,2116,5036,0.42,72.29,14.6,1.28,3.48,2026-06-22,2026-06-22 08:00:22
5460,同協,15.9,15.9,16.05,15.9,69.66,69.42,64.86,0.18,0.06,0.12,16.06,15.16,14.26,145,181,0.8,9.35,,,,2026-06-22,2026-06-22 08:00:23
5464,霖宏,81.0,73.0,81.0,73.0,80.39,63.48,50.54,4.8,5.23,-0.43,82.34,72.38,62.42,2740,1545,1.77,57.57,,1.0,1.23,2026-06-22,2026-06-22 08:00:25
5465,富驊,25.7,25.85,25.85,25.55,32.91,34.26,38.71,0.08,0.21,-0.13,28.1,26.43,24.77,140,198,0.71,37.95,20.08,1.8,7.0,2026-06-22,2026-06-22 08:00:27
5468,凱鈺,33.0,33.0,33.0,32.6,96.78,90.96,93.51,2.93,1.4,1.53,30.26,20.62,10.98,1713,2550,0.67,19.44,,,,2026-06-22,2026-06-22 08:00:29
5469,瀚宇博,90.6,88.2,92.2,87.5,80.96,71.79,58.46,0.79,0.05,0.74,90.03,84.83,79.63,13527,6015,2.25,440.26,15.02,2.52,2.78,2026-06-22,2026-06-22 08:00:30
5471,松翰,63.6,61.6,66.3,61.6,83.83,74.91,69.59,3.13,2.15,0.99,62.94,54.3,45.67,9835,12364,0.8,106.77,89.58,0.8,1.26,2026-06-22,2026-06-22 08:00:31
5474,聰泰,179.5,185.5,188.0,178.0,66.3,62.31,36.3,4.5,4.69,-0.19,192.95,176.45,159.95,727,664,1.1,71.36,32.82,4.0,2.23,2026-06-22,2026-06-22 08:00:33
5475,德宏,277.0,277.0,277.0,267.5,54.85,34.43,44.32,-15.05,-15.16,0.12,325.35,269.4,213.45,3865,2338,1.65,352.14,,,,2026-06-22,2026-06-22 08:00:35
5478,智冠,105.5,107.5,107.5,105.0,52.35,53.37,65.71,1.69,1.48,0.22,108.47,102.66,96.85,211,288,0.73,158.07,13.37,7.5,7.11,2026-06-22,2026-06-22 08:00:37
5481,新華,22.75,22.8,23.0,22.4,82.7,77.74,97.17,0.6,0.07,0.53,22.96,19.79,16.62,624,386,1.62,15.11,,,,2026-06-22,2026-06-22 08:00:38
5483,中美晶,180.5,186.0,192.0,180.0,76.33,67.42,56.25,8.33,6.2,2.14,187.82,163.07,138.33,23513,32332,0.73,1108.58,27.02,3.5,1.94,2026-06-22,2026-06-22 08:00:41
5484,慧友,47.1,48.0,48.0,46.9,11.58,18.48,37.74,0.97,2.07,-1.09,57.87,50.81,43.75,727,689,1.06,31.46,68.26,,,2026-06-22,2026-06-22 08:00:42
5487,通泰,28.6,30.25,30.25,28.6,64.44,57.94,57.04,0.19,0.01,0.18,29.07,27.74,26.41,111,114,0.97,6.93,,,,2026-06-22,2026-06-22 08:00:43
5488,松普,13.4,12.5,13.4,12.45,61.24,45.33,50.0,0.41,0.47,-0.06,14.09,12.61,11.13,854,667,1.28,12.27,121.82,,,2026-06-22,2026-06-22 08:00:45
5489,彩富,51.2,51.2,51.2,51.2,82.42,64.01,86.65,1.43,0.35,1.08,46.7,40.62,34.54,149,217,0.69,50.42,25.73,1.82,3.55,2026-06-22,2026-06-22 08:00:46
5490,同亨,28.6,29.2,29.25,28.5,58.36,54.44,45.04,0.18,0.25,-0.08,30.1,29.07,28.04,714,425,1.68,26.64,17.44,1.5,5.24,2026-06-22,2026-06-22 08:00:47
5493,三聯,91.7,92.2,93.0,91.5,22.37,29.54,44.83,0.54,1.12,-0.58,99.06,92.57,86.09,223,246,0.91,40.06,21.94,2.6,2.84,2026-06-22,2026-06-22 08:00:49
5508,永信建,56.3,59.5,59.7,56.2,68.59,74.42,63.4,2.5,1.85,0.65,63.01,52.94,42.88,2884,2520,1.14,122.41,18.34,2.78,4.94,2026-06-22,2026-06-22 08:00:52
5511,德昌,77.6,77.1,77.6,76.7,84.51,78.61,77.68,1.31,0.91,0.4,77.88,73.64,69.39,227,537,0.42,88.03,7.33,3.8,4.9,2026-06-22,2026-06-22 08:00:53
5512,力麒,8.0,8.0,8.05,7.9,51.03,55.97,70.13,0.2,0.17,0.03,8.46,7.61,6.77,1323,1187,1.11,60.79,57.14,0.18,2.25,2026-06-22,2026-06-22 08:00:55
5514,三豐,14.05,13.85,14.45,13.65,61.36,59.52,53.33,-0.3,-0.36,0.06,14.95,14.14,13.33,258,62,4.12,31.84,,,,2026-06-22,2026-06-22 08:00:56
5515,建國,42.0,42.05,42.15,41.65,54.39,66.55,53.6,0.71,0.73,-0.02,44.24,41.8,39.36,918,738,1.24,84.67,9.42,3.3,7.86,2026-06-22,2026-06-22 08:00:57
5516,雙喜,10.95,11.1,11.1,10.8,58.96,59.92,64.15,-0.03,-0.12,0.08,11.29,10.64,10.0,57,64,0.89,5.64,68.44,,,2026-06-22,2026-06-22 08:00:59
5519,隆大,33.55,33.85,33.85,33.05,65.29,69.75,63.33,0.47,0.31,0.16,35.19,33.01,30.84,1053,811,1.3,73.54,6.82,3.0,8.94,2026-06-22,2026-06-22 08:01:00
5520,力泰,82.9,82.3,85.0,82.3,47.08,52.2,72.22,0.25,0.2,0.05,83.23,82.12,81.0,9,3,3.09,49.72,8.43,7.0,8.44,2026-06-22,2026-06-22 08:01:01
5521,工信,10.45,10.6,10.6,10.35,42.47,47.96,53.42,-0.13,-0.21,0.08,10.96,10.42,9.89,3303,3621,0.91,51.44,20.1,0.15,1.44,2026-06-22,2026-06-22 08:01:03
5522,遠雄,73.8,74.0,74.5,71.5,29.02,43.4,49.16,1.19,1.61,-0.43,81.49,75.08,68.68,3467,1943,1.78,576.82,9.92,5.5,7.45,2026-06-22,2026-06-22 08:01:04
5523,豐謙,30.45,30.35,30.45,30.3,90.63,77.29,33.33,0.03,0.03,-0.0,30.51,30.45,30.39,18,18,1.0,47.2,,0.5,1.64,2026-06-22,2026-06-22 08:01:06
5525,順天,21.8,22.5,22.5,21.5,61.66,66.96,50.0,-0.14,-0.24,0.1,22.97,21.87,20.78,398,198,2.01,66.99,15.57,0.75,3.44,2026-06-22,2026-06-22 08:01:07
5529,鉅陞,21.55,22.45,22.45,21.3,19.66,31.16,42.17,-0.06,0.05,-0.11,23.53,22.52,21.5,73,54,1.35,22.79,11.11,,,2026-06-22,2026-06-22 08:01:08
5530,龍巖,49.2,49.55,49.55,48.7,23.99,23.77,50.66,0.63,0.85,-0.22,53.87,49.45,45.02,907,579,1.57,206.68,17.96,,,2026-06-22,2026-06-22 08:01:10
5531,鄉林,8.09,8.2,8.2,8.0,43.65,49.31,55.71,0.02,-0.02,0.04,8.49,7.98,7.48,737,670,1.1,87.18,,,,2026-06-22,2026-06-22 08:01:11
5533,皇鼎,13.95,14.05,14.05,13.8,52.53,56.82,50.0,-0.01,-0.03,0.02,14.2,13.98,13.75,290,203,1.43,39.79,24.91,1.0,7.17,2026-06-22,2026-06-22 08:01:12
5534,長虹,78.9,82.0,82.0,77.9,58.73,71.45,58.27,1.56,1.09,0.47,86.23,78.14,70.06,3493,2319,1.51,248.79,13.35,5.42,6.87,2026-06-22,2026-06-22 08:01:13
5536,聖暉*,1280.0,1260.0,1305.0,1255.0,79.27,71.42,70.55,80.85,67.54,13.31,1295.11,1104.75,914.39,783,872,0.9,1588.24,45.17,20.0,1.56,2026-06-22,2026-06-22 08:01:14
5538,東明-KY,32.3,32.3,32.5,32.2,25.04,21.38,19.67,-0.34,-0.02,-0.32,37.03,33.78,30.52,15,32,0.48,64.99,10.7,1.5,4.64,2026-06-22,2026-06-22 08:01:16
5543,桓鼎-KY,29.3,29.9,29.9,29.05,42.91,52.92,41.77,0.08,0.19,-0.11,30.47,29.83,29.18,12,16,0.73,13.68,4.25,0.09,0.31,2026-06-22,2026-06-22 08:01:18
5546,永固-KY,16.3,17.05,17.05,16.05,71.15,70.81,45.61,0.04,0.04,-0.01,17.53,16.7,15.88,58,28,2.03,13.42,,2.0,12.27,2026-06-22,2026-06-22 08:01:19
5547,久舜,22.1,22.5,22.5,22.1,65.28,58.99,60.87,0.08,0.06,0.02,22.31,21.92,21.52,36,28,1.25,10.01,7.25,0.72,3.26,2026-06-22,2026-06-22 08:01:21
5548,安倉,23.85,23.8,23.95,23.8,82.43,75.71,76.19,0.03,-0.05,0.08,23.8,23.42,23.04,48,26,1.82,13.79,11.87,1.4,5.87,2026-06-22,2026-06-22 08:01:22
5601,台聯櫃,32.0,32.35,32.9,32.0,69.35,60.43,51.22,-0.58,-0.74,0.16,33.97,32.19,30.41,8,11,0.73,20.74,76.19,0.38,1.19,2026-06-22,2026-06-22 08:01:24
5603,陸海,14.65,15.0,15.1,14.45,21.41,27.16,30.0,-0.23,-0.23,-0.0,15.55,15.21,14.88,3028,933,3.25,15.36,36.62,1.0,6.83,2026-06-22,2026-06-22 08:01:25
5604,中連,31.15,31.1,31.2,31.1,47.01,41.64,56.86,-0.25,-0.35,0.1,31.5,31.05,30.59,22,15,1.45,33.89,36.65,2.0,6.42,2026-06-22,2026-06-22 08:01:27
5607,遠雄港,52.2,52.0,52.2,51.5,34.75,44.47,53.03,0.77,0.94,-0.16,54.0,51.79,49.58,572,614,0.93,193.43,18.84,1.1,2.11,2026-06-22,2026-06-22 08:01:29
5608,四維航,14.8,14.95,15.0,14.7,50.58,60.51,46.43,-0.02,-0.06,0.04,15.33,14.82,14.31,1667,1214,1.37,57.61,1.34,,,2026-06-22,2026-06-22 08:01:30
5609,中菲行,76.3,76.7,76.7,76.2,37.83,50.82,54.32,0.65,0.73,-0.08,78.36,76.38,74.4,498,646,0.77,107.39,9.61,5.6,7.34,2026-06-22,2026-06-22 08:01:31
5701,劍湖山,5.41,5.93,5.93,5.37,61.72,58.52,58.37,0.5,0.47,0.02,6.89,4.92,2.95,510,642,0.79,7.74,,,,2026-06-22,2026-06-22 08:01:33
5703,亞都,13.6,14.6,14.6,13.6,41.8,55.15,43.24,-0.03,0.02,-0.05,14.71,14.0,13.28,23,9,2.56,9.55,25.66,,,2026-06-18,2026-06-22 08:01:34
5704,老爺知,21.45,21.2,21.5,21.2,63.86,60.51,58.82,-0.03,-0.06,0.03,21.47,21.25,21.02,5,13,0.42,12.63,59.58,,,2026-06-22,2026-06-22 08:01:36
5706,鳳凰,54.1,54.0,54.7,54.0,73.84,67.48,69.23,0.7,0.51,0.19,54.95,52.22,49.48,432,473,0.91,45.32,16.01,4.54,8.39,2026-06-22,2026-06-22 08:01:37
5859,遠壽,14.15,14.05,14.15,13.7,87.91,79.52,57.14,-0.13,-0.24,0.11,14.28,13.79,13.31,80,74,1.08,205.21,4.44,0.37,2.61,2026-06-22,2026-06-22 08:01:38
5863,瑞興銀,11.1,10.8,11.1,10.8,64.3,60.61,61.54,0.03,-0.0,0.03,11.23,10.89,10.56,26,120,0.22,35.54,13.37,0.4,3.6,2026-06-22,2026-06-22 08:01:40
5864,致和證,50.5,49.85,51.4,49.2,70.17,61.92,61.38,4.13,4.3,-0.17,56.29,45.49,34.7,7255,7793,0.93,229.52,19.73,0.5,0.99,2026-06-22,2026-06-22 08:01:41
5871,中租-KY,118.0,116.0,119.0,116.0,42.42,53.45,63.77,1.46,1.56,-0.1,125.35,114.8,104.25,12988,11912,1.09,2019.48,10.5,5.8,4.92,2026-06-22,2026-06-22 08:01:42
5876,上海商銀,41.45,42.55,42.65,41.4,63.03,73.2,60.38,0.7,0.64,0.06,43.79,41.09,38.39,23504,15096,1.56,2010.42,13.55,1.8,4.34,2026-06-22,2026-06-22 08:01:43
5878,台名,39.05,39.1,39.3,39.05,14.07,16.83,33.69,-0.41,-0.34,-0.06,41.59,39.9,38.2,19,10,1.83,9.77,13.65,0.21,0.54,2026-06-22,2026-06-22 08:01:45
5880,合庫金,24.45,24.75,24.75,24.35,82.31,83.69,72.22,0.42,0.28,0.14,25.03,23.57,22.11,23164,29239,0.79,3833.99,17.98,0.7,2.86,2026-06-22,2026-06-22 08:01:46
5902,德記,34.1,35.5,35.5,32.6,49.12,54.08,65.2,-0.23,-0.4,0.17,35.98,34.2,32.42,197,72,2.74,32.22,15.29,1.65,4.84,2026-06-22,2026-06-22 08:01:47
5903,全家,189.0,188.0,189.0,188.0,68.61,70.23,62.5,-0.01,-0.11,0.11,189.99,188.2,186.41,27,25,1.07,421.89,25.0,6.5,3.44,2026-06-22,2026-06-22 08:01:49
5904,寶雅,636.0,625.0,644.0,625.0,65.06,69.67,68.93,20.4,17.58,2.82,657.54,594.2,530.86,280,221,1.27,676.98,21.65,23.0,3.62,2026-06-22,2026-06-22 08:01:50
5905,南仁湖,8.59,8.7,8.77,8.56,64.35,62.34,65.67,0.14,0.07,0.06,8.83,8.21,7.58,1092,1348,0.81,24.19,,,,2026-06-22,2026-06-22 08:01:51
5906,台南-KY,38.25,40.5,40.85,36.85,25.72,37.49,9.68,-1.37,-0.68,-0.7,50.27,45.69,41.12,150,70,2.13,13.67,39.03,0.8,2.09,2026-06-22,2026-06-22 08:01:54
5907,大洋-KY,5.05,5.04,5.1,4.91,33.89,28.26,48.65,-0.05,-0.06,0.01,5.25,5.06,4.88,527,457,1.15,9.69,,,,2026-06-22,2026-06-22 08:01:55
6005,群益證,39.8,40.2,40.35,39.65,49.31,43.27,50.51,1.86,2.28,-0.42,45.6,39.19,32.78,16899,17234,0.98,864.02,15.08,1.5,3.77,2026-06-22,2026-06-22 08:01:56
6015,宏遠證,19.0,18.6,19.05,18.35,39.83,30.94,46.54,0.64,0.96,-0.33,22.93,19.14,15.35,4550,3808,1.19,74.7,26.76,0.55,2.89,2026-06-22,2026-06-22 08:01:58
6016,康和證,29.75,29.2,29.8,28.9,46.26,37.48,48.85,1.47,2.02,-0.54,36.41,29.56,22.71,9323,9822,0.95,204.26,15.03,0.23,0.77,2026-06-22,2026-06-22 08:02:00
6020,大展證,22.9,23.0,23.0,22.8,51.07,40.24,42.11,0.32,0.51,-0.2,25.48,23.25,21.03,115,137,0.84,57.79,58.72,0.27,1.18,2026-06-22,2026-06-22 08:02:02
6021,美好證,42.9,41.8,43.0,41.35,70.67,60.91,65.04,2.18,2.15,0.03,46.11,39.21,32.3,461,417,1.11,133.95,11.59,2.0,4.66,2026-06-22,2026-06-22 08:02:03
6023,元大期,100.0,100.0,100.5,98.7,75.53,67.89,50.0,0.26,0.24,0.02,101.6,99.58,97.56,688,307,2.24,319.98,11.83,4.0,4.0,2026-06-22,2026-06-22 08:02:05
6024,群益期,62.0,62.0,62.4,61.7,79.2,82.64,78.79,1.37,1.21,0.16,64.07,59.73,55.4,405,525,0.77,154.96,11.33,2.83,4.56,2026-06-22,2026-06-22 08:02:07
6026,福邦證,17.15,17.25,17.25,17.05,40.01,36.48,48.89,0.3,0.43,-0.13,19.23,17.23,15.24,3605,3492,1.03,67.94,9.97,1.36,7.93,2026-06-22,2026-06-22 08:02:08
6027,德信,12.4,12.1,12.4,12.0,55.68,45.89,48.78,-0.08,-0.04,-0.04,13.56,12.32,11.07,12,39,0.31,19.31,11.92,,,2026-06-22,2026-06-22 08:02:09
6028,公勝保經,79.9,80.1,80.3,79.0,72.91,60.45,59.09,-0.34,-0.61,0.26,80.16,79.21,78.27,29,17,1.63,19.98,10.22,6.0,7.51,2026-06-22,2026-06-22 08:02:11
6035,悠遊卡,51.9,54.1,54.1,51.6,65.46,74.78,54.79,-0.04,-0.03,-0.0,53.31,52.32,51.33,14,9,1.56,36.96,12.57,2.95,5.68,2026-06-22,2026-06-22 08:02:12
6101,寬魚國際,45.35,42.05,45.8,41.65,72.14,60.44,73.39,0.7,0.38,0.33,43.59,40.75,37.92,1491,562,2.65,51.98,,,,2026-06-22,2026-06-22 08:02:14
6103,合邦,33.5,33.5,33.5,33.5,14.28,23.5,16.76,-1.35,-1.01,-0.33,40.77,36.88,32.99,2,1,1.61,4.56,,0.19,0.57,2026-06-22,2026-06-22 08:02:15
6104,創惟,108.5,105.0,110.5,105.0,63.31,54.56,61.08,1.34,0.97,0.38,106.21,101.22,96.23,5797,2750,2.11,98.87,20.02,4.5,4.15,2026-06-22,2026-06-22 08:02:16
6108,競國,19.1,19.5,19.65,18.95,66.29,56.11,41.58,-0.04,-0.01,-0.03,20.4,19.34,18.29,947,839,1.13,29.51,6.43,1.0,5.24,2026-06-22,2026-06-22 08:02:18
6109,亞元,12.75,11.85,12.75,11.8,67.51,52.17,73.53,0.07,-0.06,0.13,12.23,11.26,10.3,2687,700,3.84,11.2,,,,2026-06-22,2026-06-22 08:02:20
6111,光聚晶電,44.8,44.75,44.8,44.0,70.06,68.68,57.61,-0.37,-0.47,0.1,45.8,44.51,43.22,227,248,0.92,42.21,,,,2026-06-22,2026-06-22 08:02:22
6112,邁達特,45.4,45.2,45.55,45.0,11.5,23.73,43.87,0.27,0.57,-0.29,51.58,46.16,40.74,624,669,0.93,85.51,25.08,0.6,1.32,2026-06-22,2026-06-22 08:02:23
6113,亞矽,29.6,29.15,30.5,28.8,73.97,65.59,59.69,1.07,0.89,0.18,29.67,27.13,24.58,1196,1115,1.07,14.96,,0.5,1.69,2026-06-22,2026-06-22 08:02:24
6114,久威,30.3,29.75,30.5,29.7,68.18,56.2,47.67,-0.17,-0.17,0.0,31.52,30.17,28.81,49,36,1.36,13.31,9.56,0.5,1.65,2026-06-22,2026-06-22 08:02:25
6115,鎰勝,48.55,48.65,48.65,48.35,57.75,59.72,59.48,0.33,0.35,-0.01,49.92,48.31,46.69,202,270,0.75,91.11,17.1,3.2,6.59,2026-06-22,2026-06-22 08:02:27
6116,彩晶,19.95,19.5,20.65,19.1,72.9,56.91,53.17,1.64,1.65,-0.01,22.32,17.07,11.82,316069,150151,2.11,570.3,73.89,,,2026-06-22,2026-06-22 08:02:28
6117,迎廣,77.2,77.9,77.9,76.5,26.4,19.87,29.72,-2.0,-1.27,-0.73,93.62,81.95,70.28,357,308,1.16,71.45,21.27,2.17,2.81,2026-06-22,2026-06-22 08:02:29
6118,建達,17.95,17.45,18.5,17.45,54.02,42.07,50.79,-0.11,-0.12,0.0,18.99,17.68,16.37,1152,493,2.34,16.31,44.88,,,2026-06-22,2026-06-22 08:02:30
6120,達運,15.25,15.45,15.7,15.15,64.7,48.27,54.53,0.25,0.2,0.05,15.93,14.29,12.65,4614,4174,1.11,91.35,,0.25,1.64,2026-06-22,2026-06-22 08:02:32
6121,新普,424.0,425.0,425.0,417.0,54.45,52.16,62.5,10.64,10.62,0.02,428.99,406.25,383.51,650,966,0.67,784.27,13.89,30.0,7.08,2026-06-22,2026-06-22 08:02:33
6122,擎邦,47.4,47.4,47.75,46.8,52.38,50.77,40.74,-0.36,-0.38,0.02,48.95,47.41,45.87,297,189,1.57,36.28,10.04,3.27,6.9,2026-06-22,2026-06-22 08:02:34
6123,上奇,42.65,43.0,43.0,42.55,28.46,39.8,54.17,0.37,0.47,-0.1,45.07,42.76,40.45,128,141,0.91,25.8,15.68,10.4,24.38,2026-06-22,2026-06-22 08:02:36
6124,業強,30.55,30.15,30.75,30.0,12.84,16.82,51.66,-0.09,0.14,-0.23,35.13,31.13,27.14,90,69,1.3,55.75,,,,2026-06-22,2026-06-22 08:02:37
6125,廣運,62.6,64.0,64.5,62.5,40.97,30.73,25.79,0.2,0.7,-0.5,72.33,64.52,56.71,2486,2136,1.16,162.14,626.0,0.7,1.12,2026-06-22,2026-06-22 08:02:41
6126,信音,40.15,40.9,40.9,39.7,38.84,44.26,55.89,1.56,1.76,-0.2,44.32,39.22,34.12,2486,3415,0.73,50.83,57.36,0.76,1.89,2026-06-22,2026-06-22 08:02:43
6127,九豪,85.3,87.0,87.0,82.6,58.31,56.81,61.37,7.65,7.51,0.15,92.98,73.66,54.33,4582,5141,0.89,92.19,181.49,,,2026-06-22,2026-06-22 08:02:45
6128,上福,20.6,21.1,21.1,20.6,52.39,61.64,60.38,0.26,0.19,0.07,21.99,20.31,18.63,192,202,0.95,26.28,,0.5,2.43,2026-06-22,2026-06-22 08:02:46
6129,普誠,17.0,15.95,17.3,15.95,62.66,46.99,50.7,0.02,-0.06,0.08,17.39,15.97,14.55,2040,978,2.09,30.76,,,,2026-06-22,2026-06-22 08:02:47
6130,上亞科技,23.9,24.55,24.55,23.75,58.49,60.68,54.96,0.2,-0.01,0.21,25.48,23.29,21.1,101,74,1.36,11.3,,,,2026-06-22,2026-06-22 08:02:49
6133,金橋,23.35,23.1,23.45,23.1,38.44,36.83,48.53,0.11,0.18,-0.07,24.56,23.51,22.46,831,1067,0.78,27.32,32.43,0.3,1.28,2026-06-22,2026-06-22 08:02:50
6134,萬旭,36.45,36.0,36.8,35.65,61.39,52.32,35.11,0.88,0.95,-0.08,39.16,35.35,31.54,1370,1486,0.92,29.85,303.75,0.2,0.55,2026-06-22,2026-06-22 08:02:51
6136,富爾特,25.2,25.3,25.3,25.1,33.07,29.16,39.24,-0.06,0.02,-0.08,26.67,25.62,24.58,454,298,1.52,29.12,28.31,1.16,4.6,2026-06-22,2026-06-22 08:02:52
6138,茂達,394.0,389.0,394.0,389.0,82.62,63.63,59.45,15.2,11.86,3.35,385.22,332.55,279.88,2243,1426,1.57,293.04,30.88,8.6,2.18,2026-06-22,2026-06-22 08:02:54
6139,亞翔,810.0,840.0,842.0,805.0,59.33,55.99,53.47,23.97,23.62,0.35,868.94,792.15,715.36,3813,5425,0.7,1908.17,26.6,23.0,2.84,2026-06-22,2026-06-22 08:02:55
6140,訊達,20.9,20.5,21.2,20.5,14.07,24.06,51.11,0.28,0.54,-0.25,25.13,21.63,18.13,146,157,0.93,11.47,,,,2026-06-22,2026-06-22 08:02:56
6141,柏承,35.6,36.2,37.15,35.35,51.25,41.55,25.96,0.23,0.73,-0.5,45.39,37.13,28.87,1365,1497,0.91,40.35,13.96,,,2026-06-22,2026-06-22 08:02:58
6142,友勁,9.55,9.86,9.86,9.31,74.97,65.1,68.2,0.18,0.03,0.15,9.54,8.59,7.65,1760,1843,0.95,31.59,,,,2026-06-22,2026-06-22 08:02:59
6143,振曜,90.1,90.8,90.9,89.8,31.86,24.06,24.02,-1.73,-1.02,-0.71,104.27,94.57,84.87,408,411,0.99,77.54,14.01,6.0,6.66,2026-06-22,2026-06-22 08:03:00
6144,得利影,14.4,14.4,14.4,14.4,54.58,56.14,50.0,-0.15,-0.17,0.03,14.87,14.54,14.22,2,5,0.47,5.51,,,,2026-06-22,2026-06-22 08:03:02
6146,耕興,193.5,196.0,198.0,192.0,16.16,17.94,23.67,-3.35,-1.71,-1.64,220.92,204.24,187.56,447,518,0.86,197.11,18.02,12.0,6.2,2026-06-22,2026-06-22 08:03:03
6147,頎邦,277.0,275.0,277.0,273.5,66.22,44.25,48.33,12.08,15.22,-3.15,301.36,253.09,204.82,10539,23112,0.46,2062.52,75.27,2.8,1.01,2026-06-22,2026-06-22 08:03:06
6148,驊宏資,33.5,34.25,34.25,33.15,17.05,28.21,54.33,0.77,0.92,-0.15,39.24,33.18,27.12,476,630,0.76,15.61,24.63,1.23,3.67,2026-06-22,2026-06-22 08:03:07
6150,撼訊,65.0,64.6,65.9,64.6,46.87,31.98,42.86,-0.43,0.14,-0.57,74.2,66.83,59.46,428,378,1.13,31.42,25.29,0.6,0.92,2026-06-22,2026-06-22 08:03:08
6151,晉倫,41.9,40.15,41.9,39.85,35.41,31.01,39.24,0.04,0.62,-0.58,47.92,43.23,38.54,613,517,1.19,23.15,36.12,1.5,3.58,2026-06-22,2026-06-22 08:03:10
6152,百一,14.2,14.6,14.6,14.1,15.4,22.19,39.29,-0.25,-0.17,-0.08,15.91,15.04,14.18,1794,1498,1.2,23.82,,,,2026-06-22,2026-06-22 08:03:11
6153,嘉聯益,23.95,24.75,25.8,23.9,81.71,82.4,72.06,1.56,1.09,0.47,25.3,20.5,15.7,30618,28689,1.07,152.36,6.46,,,2026-06-22,2026-06-22 08:03:12
6154,順發,14.0,13.95,14.1,13.95,91.46,89.89,89.81,0.27,0.21,0.06,14.04,13.33,12.61,49,81,0.6,11.21,27.45,0.51,3.64,2026-06-22,2026-06-22 08:03:14
6155,鈞寶,96.7,99.0,103.0,96.1,82.73,81.42,72.3,10.07,8.48,1.59,100.99,76.87,52.76,20632,23153,0.89,85.12,132.47,0.8,0.83,2026-06-22,2026-06-22 08:03:15
6156,松上,26.75,26.3,26.75,26.05,91.76,84.31,87.62,1.31,0.55,0.76,25.08,20.39,15.71,2719,3915,0.69,28.86,60.8,0.2,0.75,2026-06-22,2026-06-22 08:03:16
6158,禾昌,17.5,17.55,17.75,17.5,35.19,36.46,32.56,-0.19,-0.17,-0.02,18.37,17.87,17.38,112,80,1.4,9.61,159.09,1.01,5.77,2026-06-22,2026-06-22 08:03:18
6160,欣技,16.6,16.8,17.05,16.45,33.31,31.88,43.42,0.08,0.15,-0.07,17.87,16.84,15.81,154,93,1.66,11.37,,,,2026-06-22,2026-06-22 08:03:20
6161,捷波,53.8,53.2,53.9,53.2,59.14,51.83,37.22,0.86,1.54,-0.69,62.91,55.69,48.47,217,214,1.01,30.26,19.93,3.0,5.58,2026-06-22,2026-06-22 08:03:21
6163,華電網,51.0,50.1,51.4,50.1,39.47,34.28,44.34,-1.38,-1.48,0.1,55.95,51.77,47.59,1565,1417,1.1,75.11,71.83,0.45,0.88,2026-06-22,2026-06-22 08:03:23
6164,華興,13.7,13.5,13.8,13.4,79.29,65.37,59.29,0.26,0.17,0.09,13.87,12.81,11.74,1541,1052,1.46,10.96,195.71,0.5,3.65,2026-06-22,2026-06-22 08:03:24
6165,浪凡,48.0,48.6,48.9,48.0,33.24,44.96,48.62,-0.09,-0.05,-0.05,49.8,48.7,47.6,679,489,1.39,35.32,13.37,0.59,1.23,2026-06-22,2026-06-22 08:03:25
6166,凌華,158.0,158.0,165.0,152.5,76.9,64.52,64.67,11.47,10.5,0.96,152.7,134.57,116.45,4113,3746,1.1,344.19,67.81,1.2,0.76,2026-06-22,2026-06-22 08:03:27
6167,久正,12.05,12.2,12.3,12.05,67.22,53.58,52.54,-0.09,-0.16,0.07,12.73,11.94,11.15,670,573,1.17,17.59,,1.33,11.04,2026-06-22,2026-06-22 08:03:28
6168,宏齊,31.1,29.45,31.1,29.3,78.63,61.3,60.43,0.43,0.01,0.42,31.16,27.24,23.33,18098,10463,1.73,63.99,622.0,,,2026-06-22,2026-06-22 08:03:29
6169,昱泉,14.8,14.85,15.2,14.75,42.77,50.1,57.66,-0.04,-0.14,0.1,16.13,14.68,13.24,72,53,1.35,3.46,,,,2026-06-22,2026-06-22 08:03:32
6170,統振,52.7,52.9,53.2,52.2,64.74,56.99,56.6,0.34,0.31,0.04,53.83,51.93,50.02,240,299,0.8,51.26,11.9,3.11,5.9,2026-06-22,2026-06-22 08:03:33
6171,大城地產,24.45,25.0,25.0,24.3,55.12,50.1,62.5,0.01,-0.16,0.18,24.81,23.8,22.79,34,20,1.67,24.45,6.4,2.5,10.22,2026-06-22,2026-06-22 08:03:35
6173,信昌電,305.5,303.0,310.0,295.0,88.91,83.61,67.43,39.04,35.02,4.02,319.38,248.28,177.17,1628,9434,0.17,523.02,94.0,1.8,0.59,2026-06-22,2026-06-22 08:03:36
6174,安碁,51.0,53.1,53.5,49.55,64.04,69.57,60.76,3.61,3.63,-0.02,55.51,48.43,41.36,2262,4449,0.51,25.5,77.27,0.34,0.67,2026-06-22,2026-06-22 08:03:37
6175,立敦,109.0,113.5,115.0,108.0,71.12,68.32,55.76,8.08,8.03,0.05,113.64,100.38,87.11,11390,15919,0.72,163.63,40.82,1.75,1.61,2026-06-22,2026-06-22 08:03:40
6176,瑞儀,90.2,89.1,93.6,88.9,22.42,17.29,21.97,-2.71,-1.65,-1.06,108.84,95.96,83.07,13233,9619,1.38,415.14,9.7,3.5,3.88,2026-06-22,2026-06-22 08:03:41
6177,達麗,45.9,48.0,48.0,45.6,62.83,75.13,57.57,0.79,0.41,0.38,49.8,45.1,40.39,7123,4102,1.74,216.59,12.08,3.5,7.63,2026-06-22,2026-06-22 08:03:42
6179,亞通,26.7,27.05,27.75,26.65,82.32,75.77,68.59,0.39,0.03,0.36,26.43,24.31,22.19,3234,2886,1.12,47.35,534.0,0.48,1.8,2026-06-22,2026-06-22 08:03:45
6180,橘子,51.4,50.3,51.9,49.0,80.11,71.46,73.04,2.43,1.61,0.83,51.52,44.19,36.85,4791,3745,1.28,91.47,,6.0,11.67,2026-06-22,2026-06-22 08:03:46
6182,合晶,116.5,121.0,123.0,115.0,86.31,76.96,60.66,12.86,10.86,2.0,118.77,93.63,68.5,82727,78734,1.05,691.59,1456.25,,,2026-06-22,2026-06-22 08:03:48
6183,關貿,90.0,90.3,90.8,89.8,58.9,57.81,40.26,-0.52,-0.63,0.11,92.24,90.33,88.43,54,37,1.45,135.0,23.14,3.2,3.56,2026-06-22,2026-06-22 08:03:49
6184,大豐電,46.8,47.1,47.2,46.75,47.94,44.91,64.41,0.1,0.02,0.09,47.38,46.45,45.52,85,67,1.27,71.23,20.53,3.0,6.41,2026-06-22,2026-06-22 08:03:50
6185,幃翔,14.65,14.3,14.85,14.3,58.09,47.5,59.72,0.08,0.05,0.03,14.75,14.16,13.56,596,338,1.76,21.81,66.59,0.39,2.66,2026-06-22,2026-06-22 08:03:52
6186,新潤,40.8,41.9,41.9,40.6,52.78,58.84,57.53,0.4,0.27,0.13,42.37,40.43,38.5,1838,1287,1.43,79.52,5.25,1.52,3.73,2026-06-22,2026-06-22 08:03:54
6187,萬潤,1260.0,1290.0,1290.0,1260.0,81.12,67.27,66.1,18.64,2.01,16.62,1264.15,1127.25,990.35,1154,1791,0.64,1225.92,81.61,10.19,0.81,2026-06-22,2026-06-22 08:03:55
6188,廣明,79.3,80.2,80.7,79.2,34.5,32.8,31.51,-1.57,-1.26,-0.32,89.32,82.73,76.14,1644,1180,1.39,220.74,22.03,5.2,6.56,2026-06-22,2026-06-22 08:03:57
6189,豐藝,54.6,55.3,55.5,54.2,47.23,55.62,59.07,1.48,1.48,0.0,57.49,53.14,48.79,1822,4961,0.37,144.02,20.22,2.7,4.95,2026-06-22,2026-06-22 08:03:58
6190,萬泰科,83.7,83.5,85.5,82.3,58.85,44.88,38.35,1.19,1.64,-0.45,90.13,81.74,73.35,8884,4933,1.8,151.88,38.39,2.0,2.39,2026-06-22,2026-06-22 08:04:00
6191,精成科,103.5,102.0,106.5,100.5,68.77,59.42,58.8,0.88,0.09,0.79,104.16,97.85,91.55,13709,12893,1.06,516.78,15.83,3.01,2.91,2026-06-22,2026-06-22 08:04:02
6192,巨路,119.0,117.5,120.0,117.0,13.86,17.58,32.76,-1.98,-0.64,-1.34,136.29,124.85,113.41,299,213,1.4,114.43,11.97,5.8,4.87,2026-06-22,2026-06-22 08:04:04
6194,育富,32.2,32.4,32.5,32.1,13.7,16.42,31.78,-0.23,-0.07,-0.16,35.66,33.44,31.21,152,148,1.03,15.46,14.7,2.1,6.52,2026-06-22,2026-06-22 08:04:05
6195,詩肯,27.2,27.3,27.35,26.7,82.59,81.85,64.0,0.52,0.49,0.03,27.94,26.63,25.31,44,35,1.25,13.65,27.76,1.0,3.68,2026-06-22,2026-06-22 08:04:07
6196,帆宣,562.0,575.0,580.0,561.0,69.83,69.11,61.04,34.71,33.8,0.91,572.31,519.52,466.74,1490,2470,0.6,1238.25,38.26,6.45,1.15,2026-06-22,2026-06-22 08:04:08
6197,佳必琪,353.0,352.0,359.0,346.0,74.87,67.99,65.49,26.68,27.2,-0.52,362.6,316.55,270.5,4300,3535,1.22,430.96,42.48,6.92,1.96,2026-06-22,2026-06-22 08:04:09
6198,瑞築,20.6,20.85,20.85,20.6,57.79,56.7,57.14,-0.2,-0.26,0.05,21.52,20.8,20.08,10,11,0.89,35.31,,,,2026-06-22,2026-06-22 08:04:11
6199,天品,101.5,101.5,105.0,99.8,70.7,61.2,67.9,-0.14,-1.18,1.04,101.52,93.83,86.13,789,1035,0.76,62.69,327.42,,,2026-06-22,2026-06-22 08:04:12
6201,亞弘電,48.3,48.0,48.75,47.7,73.16,60.82,47.96,-0.28,-0.41,0.12,49.71,48.17,46.64,90,48,1.86,43.08,13.09,4.0,8.28,2026-06-22,2026-06-22 08:04:13
6202,盛群,73.7,71.7,73.7,71.6,89.55,75.98,69.02,2.83,1.21,1.63,70.57,59.46,48.35,6666,13229,0.5,169.53,96.97,,,2026-06-22,2026-06-22 08:04:14
6203,海韻電,68.1,67.6,68.2,67.5,36.39,32.57,30.3,-0.62,-0.24,-0.38,74.02,69.7,65.39,163,130,1.25,56.12,12.4,3.5,5.14,2026-06-22,2026-06-22 08:04:16
6204,艾華,115.5,120.0,121.5,114.5,54.36,50.35,60.31,7.89,8.03,-0.14,121.36,103.26,85.16,1245,1061,1.17,26.68,97.88,0.3,0.26,2026-06-22,2026-06-22 08:04:17
6205,詮欣,84.1,81.8,85.5,80.3,59.08,49.96,53.08,0.61,0.82,-0.21,90.44,82.49,74.54,1535,1812,0.85,67.9,45.46,1.5,1.78,2026-06-22,2026-06-22 08:04:18
6206,飛捷,134.5,133.0,135.5,132.5,34.0,31.29,38.71,1.25,2.75,-1.5,145.95,136.5,127.05,1144,1019,1.12,192.42,19.64,6.0,4.46,2026-06-22,2026-06-22 08:04:19
6207,雷科,165.5,171.0,181.5,165.0,71.95,62.3,67.2,19.36,17.31,2.05,173.05,131.54,90.03,25649,22639,1.13,132.0,185.96,1.5,0.91,2026-06-22,2026-06-22 08:04:21
6208,日揚,106.0,108.5,108.5,105.0,81.64,65.87,60.22,2.59,1.4,1.19,105.16,90.45,75.73,5013,3298,1.52,100.13,42.4,2.0,1.89,2026-06-22,2026-06-22 08:04:22
6209,今國光,97.2,100.0,101.0,95.7,68.11,60.24,61.24,5.91,4.98,0.93,97.87,85.55,73.24,21820,43856,0.5,170.5,108.0,0.5,0.51,2026-06-22,2026-06-22 08:04:23
6210,慶生,20.95,20.5,21.2,20.4,26.8,25.64,53.57,-0.01,0.04,-0.06,21.55,21.01,20.47,12,19,0.66,7.34,,,,2026-06-22,2026-06-22 08:04:25
6212,理銘,28.85,28.95,28.95,28.0,79.29,81.46,70.49,0.16,0.04,0.11,29.04,28.15,27.26,6,3,2.02,29.43,7.29,3.5,12.13,2026-06-22,2026-06-22 08:04:26
6213,聯茂,308.0,293.0,308.0,292.0,80.6,65.06,54.48,5.51,2.31,3.2,297.56,266.62,235.69,36197,16606,2.18,1119.48,75.31,3.0,0.97,2026-06-22,2026-06-22 08:04:27
6214,精誠,141.0,143.0,143.0,139.0,41.62,45.95,46.74,3.79,4.81,-1.02,157.11,140.97,124.84,4689,2377,1.97,383.86,17.85,6.0,4.26,2026-06-22,2026-06-22 08:04:28
6215,和椿,109.5,110.0,111.0,108.5,20.7,16.27,25.93,-3.19,-1.88,-1.31,136.46,117.0,97.54,955,948,1.01,90.65,53.16,1.5,1.37,2026-06-22,2026-06-22 08:04:30
6216,居易,23.3,23.2,23.5,23.15,66.41,51.24,54.17,-0.1,-0.19,0.09,23.9,22.9,21.9,187,266,0.71,22.6,39.49,2.53,10.86,2026-06-22,2026-06-22 08:04:31
6217,中探針,271.5,248.5,271.5,245.5,58.64,38.93,41.65,-6.25,-5.55,-0.7,312.99,262.2,211.41,9580,5105,1.88,309.56,68.22,,,2026-06-22,2026-06-22 08:04:32
6218,豪勉,37.1,35.85,38.1,35.15,63.91,45.69,45.67,-0.74,-0.74,0.0,42.63,36.45,30.27,2253,1211,1.86,23.84,,,,2026-06-22,2026-06-22 08:04:34
6219,富旺,12.7,12.75,12.85,12.55,38.43,51.25,57.14,0.07,0.02,0.05,13.66,12.6,11.53,412,349,1.18,15.87,2.46,0.67,5.28,2026-06-22,2026-06-22 08:04:35
6220,岳豐,39.85,38.6,41.2,37.35,80.19,72.63,70.81,1.6,1.06,0.53,38.71,34.44,30.17,3951,2336,1.69,58.37,49.2,0.7,1.76,2026-06-22,2026-06-22 08:04:37
6221,晉泰,23.65,24.5,24.5,23.6,49.2,51.21,47.73,-0.13,-0.21,0.09,24.96,23.83,22.71,277,190,1.46,39.87,10.11,1.2,5.07,2026-06-22,2026-06-22 08:04:38
6222,立軒,20.55,21.2,21.8,20.55,32.84,39.76,47.83,-0.17,-0.2,0.03,21.16,20.61,20.06,46,34,1.35,19.66,,,,2026-06-22,2026-06-22 08:04:39
6223,旺矽,6425.0,6595.0,6595.0,6275.0,67.19,66.95,64.47,258.88,241.62,17.27,6726.82,6076.0,5425.18,594,784,0.76,6295.3,192.6,16.01,0.25,2026-06-22,2026-06-22 08:04:42
6224,聚鼎,83.1,85.5,85.9,81.4,42.62,30.85,45.3,1.63,2.32,-0.68,91.92,82.23,72.55,2605,2089,1.25,70.34,125.91,1.25,1.5,2026-06-22,2026-06-22 08:04:44
6225,天瀚,21.6,24.0,24.0,21.6,30.81,35.63,29.79,-0.42,-0.17,-0.24,26.21,23.99,21.77,25,13,1.86,6.0,,,,2026-06-22,2026-06-22 08:04:45
6226,光鼎,12.5,12.5,12.7,12.3,44.34,37.08,37.65,-0.15,-0.07,-0.08,14.28,12.95,11.62,1484,1006,1.48,14.44,,,,2026-06-22,2026-06-22 08:04:46
6227,茂綸,125.0,124.0,126.0,121.5,36.5,42.98,42.71,3.15,5.11,-1.95,136.49,128.5,120.51,733,582,1.26,95.14,16.85,3.8,3.04,2026-06-22,2026-06-22 08:04:48
6228,全譜,20.1,20.5,20.5,20.05,43.38,60.31,43.7,-0.47,-0.47,-0.0,22.08,20.96,19.85,33,18,1.81,5.23,,,,2026-06-22,2026-06-22 08:04:49
6229,研通,27.9,28.2,28.65,27.6,70.59,63.39,55.0,0.16,0.1,0.06,28.13,26.82,25.5,594,321,1.85,11.26,558.0,1.0,3.58,2026-06-22,2026-06-22 08:04:50
6230,尼得科超眾,135.0,132.5,135.5,132.5,51.54,46.8,40.85,-3.01,-3.36,0.35,144.86,137.0,129.14,65,66,0.98,116.56,21.09,0.22,0.16,2026-06-22,2026-06-22 08:04:52
6231,系微,304.5,279.0,304.5,279.0,44.68,29.86,47.12,-3.94,-3.13,-0.81,327.71,292.73,257.74,1199,536,2.23,139.01,46.0,5.7,1.87,2026-06-22,2026-06-22 08:04:53
6233,旺玖,26.1,25.15,27.05,25.0,64.51,49.15,52.33,-0.41,-0.6,0.19,26.87,24.79,22.72,1004,541,1.85,20.62,,0.75,2.87,2026-06-22,2026-06-22 08:04:56
6234,高僑,46.8,46.0,47.35,45.2,48.85,30.28,44.16,-0.98,-0.69,-0.28,54.5,47.03,39.56,1673,1391,1.2,46.98,936.0,0.45,0.96,2026-06-22,2026-06-22 08:04:58
6235,華孚,41.3,40.85,41.6,40.55,34.16,29.36,26.21,-0.63,-0.47,-0.16,46.86,42.46,38.06,761,572,1.33,82.56,14.29,1.2,2.91,2026-06-22,2026-06-22 08:04:59
6236,中湛,19.0,19.0,19.0,19.0,90.09,73.47,27.27,-0.14,-0.17,0.03,20.51,19.17,17.83,0,0,,7.91,237.5,,,2026-06-18,2026-06-22 08:05:01
6237,驊訊,47.65,46.95,48.45,46.75,58.37,39.0,45.61,-0.07,0.49,-0.55,56.22,48.72,41.21,1094,664,1.65,37.95,,0.25,0.52,2026-06-22,2026-06-22 08:05:02
6239,力成,366.0,365.0,377.5,359.0,75.87,63.42,50.0,22.91,23.9,-0.99,382.47,341.98,301.48,62578,53727,1.16,2704.0,49.13,7.0,1.91,2026-06-22,2026-06-22 08:05:03
6240,松崗,18.05,18.05,18.05,18.05,58.14,63.92,45.1,0.0,-0.03,0.03,18.64,18.12,17.6,1,11,0.08,4.13,,,,2026-06-22,2026-06-22 08:05:05
6241,鑫永洋,14.3,14.5,14.5,14.05,81.79,80.14,80.24,1.03,0.66,0.37,15.1,11.59,8.09,305,571,0.53,6.96,,,,2026-06-22,2026-06-22 08:05:06
6242,立康,36.7,36.65,36.8,36.45,52.41,56.49,64.14,0.18,0.13,0.05,36.87,36.28,35.7,31,18,1.72,11.67,14.01,2.0,5.45,2026-06-22,2026-06-22 08:05:08
6243,迅杰,38.35,36.1,38.35,35.7,73.48,51.89,64.71,0.11,-0.38,0.5,37.49,33.0,28.51,2141,748,2.86,17.36,,1.2,3.13,2026-06-22,2026-06-22 08:05:09
6244,茂迪,28.6,28.45,29.15,28.45,41.0,48.07,44.41,0.08,0.27,-0.19,32.56,29.77,26.97,3940,12252,0.32,110.69,204.29,0.36,1.26,2026-06-22,2026-06-22 08:05:10
6245,立端,82.1,82.0,83.5,82.0,21.67,23.52,30.65,-0.48,0.39,-0.87,93.22,85.86,78.5,744,588,1.27,120.37,19.0,4.0,4.87,2026-06-22,2026-06-22 08:05:13
6246,臺龍,15.35,15.45,15.6,15.35,17.57,19.44,50.0,-0.15,-0.15,0.0,16.21,15.56,14.9,58,46,1.27,5.81,13.46,,,2026-06-22,2026-06-22 08:05:14
6248,沛波,18.35,18.5,18.6,18.25,30.49,23.35,44.12,-0.2,-0.21,0.02,19.13,18.52,17.91,130,134,0.97,17.64,12.07,1.8,9.81,2026-06-22,2026-06-22 08:05:16
6257,矽格,242.5,244.0,249.5,238.5,72.94,57.6,59.91,5.7,4.91,0.79,245.64,222.07,198.51,24994,12104,2.06,1161.04,39.82,4.2,1.73,2026-06-22,2026-06-22 08:05:17
6259,百徽,39.35,37.15,39.4,37.1,91.65,82.67,78.19,2.95,1.97,0.99,35.98,28.74,21.5,4223,4121,1.02,11.0,57.03,0.1,0.25,2026-06-22,2026-06-22 08:05:18
6261,久元,101.0,100.5,104.5,98.9,52.53,36.78,29.12,-3.1,-1.87,-1.23,126.99,106.22,85.45,2012,1372,1.47,129.78,24.05,4.0,3.96,2026-06-22,2026-06-22 08:05:20
6263,普萊德,163.0,167.0,167.0,162.5,62.53,51.69,45.89,1.36,2.68,-1.32,181.11,166.18,151.25,294,386,0.76,101.88,19.71,7.8,4.79,2026-06-22,2026-06-22 08:05:21
6264,富裔,6.05,6.01,6.35,5.99,41.73,52.23,48.57,-0.03,-0.03,0.0,6.12,6.06,6.0,151,113,1.33,8.25,,,,2026-06-22,2026-06-22 08:05:23
6265,方土昶,59.8,58.4,61.0,57.3,57.57,50.61,55.11,2.93,3.27,-0.35,62.7,56.9,51.1,12293,8376,1.47,70.67,87.94,,,2026-06-22,2026-06-22 08:05:24
6266,泰詠,26.05,26.25,26.25,25.9,49.45,43.03,46.22,-0.02,-0.02,0.0,26.65,25.91,25.16,285,319,0.89,40.08,13.09,1.78,6.83,2026-06-22,2026-06-22 08:05:26
6269,台郡,87.5,81.0,87.5,79.0,84.17,70.52,67.42,4.49,2.87,1.63,84.35,70.54,56.72,16770,16693,1.0,280.46,359.2,,,2026-06-22,2026-06-22 08:05:27
6270,倍微,38.65,35.5,38.65,34.5,45.79,50.67,73.03,2.47,2.15,0.32,40.71,32.25,23.78,5009,2345,2.14,27.88,36.12,1.0,2.59,2026-06-22,2026-06-22 08:05:29
6271,同欣電,266.5,256.5,266.5,241.0,70.62,57.81,56.76,11.22,11.44,-0.22,264.71,239.09,213.47,27315,12600,2.17,557.14,35.02,3.0,1.13,2026-06-22,2026-06-22 08:05:30
6272,驊陞,32.15,32.05,32.25,31.8,12.84,18.63,46.67,0.24,0.66,-0.42,37.6,33.57,29.53,273,323,0.85,26.08,9.43,2.02,6.28,2026-06-22,2026-06-22 08:05:32
6274,台燿,1900.0,1900.0,1920.0,1835.0,79.87,62.05,58.74,113.36,103.58,9.77,1849.04,1623.75,1398.46,7634,5463,1.4,5485.3,136.2,7.51,0.4,2026-06-22,2026-06-22 08:05:34
6275,元山,51.4,47.7,52.0,47.25,56.42,42.53,42.69,-0.4,-0.5,0.1,52.97,48.92,44.88,2343,662,3.54,41.25,18.62,2.26,4.4,2026-06-22,2026-06-22 08:05:35
6276,安鈦克,24.1,25.0,25.0,23.2,30.67,31.75,27.89,-1.22,-1.14,-0.08,28.95,26.4,23.86,154,65,2.36,5.31,26.48,,,2026-06-22,2026-06-22 08:05:38
6277,宏正,71.5,72.8,72.8,71.4,25.45,32.6,13.18,-0.23,0.56,-0.79,81.3,75.73,70.17,296,232,1.27,85.42,23.52,4.8,6.71,2026-06-22,2026-06-22 08:05:39
6278,台表科,206.0,206.5,208.0,203.0,54.56,48.25,41.87,2.67,5.16,-2.5,242.47,212.6,182.73,5255,8913,0.59,595.31,22.08,5.5,2.67,2026-06-22,2026-06-22 08:05:40
6279,胡連,122.0,123.0,124.0,121.0,51.16,47.56,56.82,1.22,1.48,-0.26,123.64,119.92,116.21,946,667,1.42,145.2,11.94,6.0,4.92,2026-06-22,2026-06-22 08:05:42
6281,全國電,51.4,51.7,51.7,50.8,47.5,46.43,55.56,0.05,-0.01,0.06,52.13,51.22,50.3,135,95,1.42,50.97,14.01,3.3,6.42,2026-06-22,2026-06-22 08:05:43
6282,康舒,63.9,58.9,63.9,58.0,38.72,29.37,47.71,1.34,1.86,-0.52,68.33,61.08,53.82,56815,27637,2.06,547.01,426.0,0.5,0.78,2026-06-22,2026-06-22 08:05:44
6283,淳安,24.15,24.0,24.75,23.85,39.8,33.61,40.4,-0.01,0.12,-0.12,25.71,24.34,22.97,191,333,0.58,35.47,67.08,,,2026-06-22,2026-06-22 08:05:45
6284,佳邦,103.5,107.0,107.0,101.0,56.09,46.94,41.23,2.54,3.53,-0.99,122.98,107.51,92.04,5443,7977,0.68,153.16,24.7,1.89,1.83,2026-06-22,2026-06-22 08:05:46
6285,啟碁,268.0,277.5,277.5,267.5,26.8,23.87,27.67,0.37,5.15,-4.77,325.0,288.8,252.6,14837,18004,0.82,1296.22,42.74,4.3,1.6,2026-06-22,2026-06-22 08:05:48
6290,良維,318.0,320.0,321.0,312.0,59.68,43.08,30.71,4.66,8.79,-4.13,377.43,326.02,274.62,6222,4438,1.4,538.94,38.27,5.0,1.57,2026-06-22,2026-06-22 08:05:49
6291,沛亨,591.0,557.0,598.0,557.0,65.5,49.37,42.15,10.66,17.52,-6.86,685.03,579.5,473.97,1413,1192,1.19,307.32,89.82,6.0,1.02,2026-06-22,2026-06-22 08:05:51
6292,迅德,68.0,69.0,70.0,67.8,66.55,58.94,50.37,3.24,2.91,0.33,72.02,62.95,53.88,903,1124,0.8,31.69,34.17,1.8,2.65,2026-06-22,2026-06-22 08:05:53
6294,智基,27.75,28.6,28.8,27.5,29.53,37.2,50.82,-0.6,-0.9,0.3,29.12,28.05,26.99,124,88,1.41,7.23,10.05,3.0,10.81,2026-06-22,2026-06-22 08:05:54
6405,悅城,68.5,75.8,76.3,68.5,40.33,31.61,38.66,2.02,3.75,-1.72,84.52,72.61,60.7,4916,2837,1.73,45.07,,0.1,0.15,2026-06-22,2026-06-22 08:05:56
6407,相互,31.6,31.6,33.1,30.95,56.74,44.48,42.27,-1.28,-1.45,0.17,37.84,32.25,26.66,743,565,1.31,23.74,20.79,1.0,3.16,2026-06-22,2026-06-22 08:05:57
6409,旭隼,943.0,937.0,969.0,930.0,68.45,69.42,73.0,51.12,40.46,10.66,1027.63,830.3,632.97,667,826,0.81,827.04,27.08,43.0,4.56,2026-06-22,2026-06-22 08:05:58
6411,晶焱,114.0,113.5,117.0,110.0,75.68,59.07,58.13,3.98,3.27,0.71,113.32,99.9,86.49,5960,2473,2.41,111.42,36.54,3.18,2.79,2026-06-22,2026-06-22 08:06:00
6412,群電,95.0,92.5,95.4,92.3,65.55,49.97,38.91,1.1,1.76,-0.65,103.21,94.81,86.4,4902,4036,1.21,380.73,18.45,3.7,3.89,2026-06-22,2026-06-22 08:06:01
6414,樺漢,381.0,385.0,388.5,379.0,59.31,59.52,57.89,12.87,13.65,-0.78,392.99,365.3,337.61,1225,2053,0.6,555.83,19.06,13.78,3.62,2026-06-22,2026-06-22 08:06:03
6415,矽力*-KY,673.0,691.0,691.0,632.0,81.12,62.69,57.92,29.63,25.38,4.26,690.74,578.88,467.01,16821,8408,2.0,2613.62,107.0,2.55,0.38,2026-06-22,2026-06-22 08:06:04
6416,瑞祺電通,83.2,84.4,84.4,83.0,51.26,43.99,29.76,-0.9,-0.33,-0.57,94.66,86.87,79.08,216,184,1.17,61.03,19.39,2.9,3.49,2026-06-22,2026-06-22 08:06:07
6417,韋僑,132.5,133.5,134.0,130.5,33.4,33.09,40.0,0.3,1.79,-1.49,149.32,137.65,125.98,99,100,0.99,56.01,27.49,2.2,1.66,2026-06-22,2026-06-22 08:06:08
6418,詠昇,32.1,31.65,32.5,31.65,35.76,33.46,61.14,0.33,0.27,0.06,34.13,31.25,28.37,124,144,0.86,11.08,43.97,0.38,1.18,2026-06-22,2026-06-22 08:06:09
6419,京晨科,152.5,151.0,158.5,151.0,66.6,54.58,57.14,0.39,-0.21,0.6,157.1,142.8,128.5,1013,550,1.84,20.07,15.94,2.7,1.77,2026-06-22,2026-06-22 08:06:11
6423,億而得,84.2,83.5,84.8,83.4,46.98,34.34,29.5,-5.19,-5.04,-0.15,103.55,88.96,74.38,67,84,0.79,25.49,145.17,1.0,1.19,2026-06-22,2026-06-22 08:06:12
6425,易發,80.8,81.9,82.9,80.2,45.19,29.8,30.07,-2.29,-1.68,-0.61,102.53,84.83,67.13,855,849,1.01,40.98,,0.99,1.23,2026-06-22,2026-06-22 08:06:14
6426,統新,217.0,208.5,217.5,208.0,38.68,24.86,34.08,-10.92,-7.53,-3.39,297.14,234.2,171.26,966,1040,0.93,83.56,,0.5,0.23,2026-06-22,2026-06-22 08:06:15
6428,淘米,27.7,41.5,41.5,22.6,62.68,66.46,62.27,4.94,2.43,2.51,38.22,18.31,-1.61,494,512,0.96,4.9,31.48,,,2026-06-22,2026-06-22 08:06:16
6431,光麗-KY,19.0,19.0,19.0,18.15,86.46,77.46,51.69,-0.32,-0.48,0.16,20.54,18.92,17.3,176,115,1.53,18.51,,,,2026-06-22,2026-06-22 08:06:17
6432,今展科,81.3,85.5,86.8,81.3,81.44,78.22,61.3,7.52,6.78,0.74,84.59,69.9,55.22,6321,5695,1.11,27.94,169.38,1.16,1.43,2026-06-22,2026-06-22 08:06:19
6434,達輝光電,20.25,17.3,20.5,17.05,48.19,39.56,58.59,-0.56,-0.61,0.05,20.95,18.37,15.8,2987,1057,2.82,93.88,,,,2026-06-22,2026-06-22 08:06:20
6435,大中,349.0,349.0,349.0,349.0,84.55,68.83,67.34,20.3,16.9,3.41,325.38,283.25,241.12,205,629,0.33,130.74,37.53,4.3,1.23,2026-06-22,2026-06-22 08:06:21
6438,迅得,159.5,163.0,163.5,159.0,66.9,49.13,40.18,-3.76,-4.58,0.83,179.0,157.9,136.79,849,679,1.25,131.12,30.56,5.0,3.13,2026-06-22,2026-06-22 08:06:23
6441,廣錠,22.85,22.9,23.3,22.6,33.34,32.28,43.06,-0.55,-0.4,-0.14,26.12,23.84,21.56,106,124,0.86,12.18,,,,2026-06-22,2026-06-22 08:06:24
6442,光聖,2085.0,2005.0,2120.0,1950.0,58.25,44.5,57.75,-3.75,-9.21,5.46,2216.9,1971.5,1726.1,1550,761,2.04,1623.66,90.85,8.62,0.41,2026-06-22,2026-06-22 08:06:25
6443,元晶,39.0,39.35,39.85,39.0,47.29,49.52,41.88,-0.2,-0.04,-0.16,43.99,40.68,37.37,10487,19254,0.54,199.99,17.97,,,2026-06-22,2026-06-22 08:06:26
6446,藥華藥,1095.0,1060.0,1120.0,1015.0,81.63,74.21,66.84,69.81,63.0,6.81,1073.98,945.9,817.82,2684,2284,1.18,4069.35,80.69,1.5,0.14,2026-06-22,2026-06-22 08:06:27
6449,鈺邦,428.5,440.0,454.5,401.5,66.61,66.61,52.75,45.62,46.31,-0.69,463.23,390.18,317.12,4023,3967,1.01,389.45,59.27,4.2,0.98,2026-06-22,2026-06-22 08:06:29
6451,訊芯-KY,617.0,570.0,617.0,561.0,46.01,29.71,48.96,12.63,20.98,-8.34,713.58,593.58,473.57,7195,5060,1.42,655.09,2203.57,0.22,0.04,2026-06-22,2026-06-22 08:06:30
6456,GIS-KY,76.1,77.4,77.6,75.0,54.05,39.92,41.37,0.41,0.95,-0.55,89.08,77.54,66.0,6240,5859,1.06,251.29,27.37,,,2026-06-22,2026-06-22 08:06:32
6461,益得,14.95,15.1,15.25,14.95,13.77,18.35,45.57,-0.41,-0.39,-0.02,16.66,15.72,14.78,350,185,1.88,26.66,,,,2026-06-22,2026-06-22 08:06:33
6462,神盾,122.0,116.0,122.5,115.5,68.16,47.59,48.72,-3.43,-3.44,0.01,145.23,120.4,95.57,2255,1037,2.17,111.33,22.76,,,2026-06-22,2026-06-22 08:06:36
6464,台數科,78.0,78.0,78.0,77.5,76.27,65.61,50.0,0.22,0.28,-0.06,78.18,77.99,77.8,15,44,0.34,100.45,18.62,3.22,4.13,2026-06-22,2026-06-22 08:06:37
6465,威潤,70.5,71.2,72.3,69.1,76.73,73.57,74.37,5.46,3.62,1.83,72.44,56.32,40.19,1019,1382,0.74,33.19,81.98,0.2,0.28,2026-06-22,2026-06-22 08:06:39
6467,泰合,126.5,131.5,135.0,125.5,59.97,53.0,52.81,-0.58,-1.4,0.82,130.56,122.88,115.19,463,285,1.62,66.25,,,,2026-06-22,2026-06-22 08:06:41
6469,大樹,74.3,75.5,75.5,74.1,29.62,44.57,59.72,0.2,-0.05,0.25,78.21,73.58,68.94,444,354,1.25,111.41,19.1,2.92,3.93,2026-06-22,2026-06-22 08:06:42
6470,宇智,50.5,50.5,51.1,49.8,65.28,52.57,60.99,0.46,0.38,0.08,50.98,49.1,47.22,121,74,1.63,19.04,13.22,2.5,4.95,2026-06-22,2026-06-22 08:06:44
6472,保瑞,423.0,425.0,439.0,414.0,81.41,79.3,76.49,7.78,0.26,7.52,433.42,378.45,323.48,1498,1569,0.95,538.82,12.59,11.67,2.76,2026-06-22,2026-06-22 08:06:45
6473,美賣*,7.49,7.58,7.58,6.95,37.57,38.75,53.2,-0.34,-0.35,0.01,9.06,7.87,6.69,71,542,0.13,3.0,,,,2026-06-22,2026-06-22 08:06:46
6474,華豫寧,38.0,38.3,38.3,37.9,53.52,55.88,51.72,0.01,0.02,-0.01,38.75,38.01,37.27,117,81,1.45,19.96,11.05,2.5,6.58,2026-06-22,2026-06-22 08:06:47
6477,安集,32.4,32.65,33.0,32.35,35.89,38.76,41.99,-0.48,-0.38,-0.1,35.33,33.38,31.42,519,655,0.79,40.11,1620.0,0.35,1.08,2026-06-22,2026-06-22 08:06:49
6482,弘煜科,29.1,28.9,30.0,28.9,40.34,50.52,52.98,-0.02,-0.05,0.03,30.65,29.35,28.06,48,35,1.37,8.33,12.6,1.0,3.44,2026-06-22,2026-06-22 08:06:50
6483,原創生醫,12.3,12.75,12.75,12.2,19.87,22.46,30.99,-0.41,-0.41,0.0,13.74,12.93,12.12,84,69,1.21,8.19,,,,2026-06-22,2026-06-22 08:06:51
6485,點序,90.9,90.2,93.4,89.5,28.31,21.25,30.29,-2.59,-0.25,-2.34,126.72,101.4,76.07,1157,861,1.34,41.13,128.03,0.5,0.55,2026-06-22,2026-06-22 08:06:53
6486,互動,81.7,81.9,82.1,81.5,30.0,36.64,41.67,-0.41,-0.5,0.1,83.35,81.96,80.58,79,78,1.02,41.58,14.28,5.87,7.18,2026-06-22,2026-06-22 08:06:54
6488,環球晶,1115.0,1170.0,1170.0,1110.0,83.35,72.17,63.64,87.6,66.2,21.4,1146.64,918.15,689.66,1870,9375,0.2,5330.97,73.31,7.7,0.69,2026-06-22,2026-06-22 08:06:56
6491,晶碩,327.0,332.0,332.5,323.5,59.18,52.06,53.91,5.3,6.49,-1.19,334.18,321.32,308.47,289,464,0.62,251.14,15.85,10.0,3.06,2026-06-22,2026-06-22 08:06:57
6492,生華科,43.0,43.55,44.0,42.8,48.29,51.97,36.31,-1.08,-1.24,0.16,45.54,44.3,43.06,306,188,1.63,38.44,,,,2026-06-22,2026-06-22 08:06:58
6493,雷虎生,28.15,25.9,28.6,25.85,42.66,30.57,47.37,-0.55,-0.47,-0.08,29.52,27.57,25.63,120,51,2.36,8.46,,0.2,0.71,2026-06-22,2026-06-22 08:07:00
6494,九齊,69.2,70.3,72.2,68.6,85.79,75.78,73.56,3.46,1.92,1.54,70.05,58.54,47.03,1434,1835,0.78,21.84,,1.0,1.45,2026-06-22,2026-06-22 08:07:02
6496,科懋,25.4,24.5,25.4,24.05,83.16,71.6,62.26,0.1,-0.1,0.19,25.33,24.08,22.83,7,5,1.43,11.83,,,,2026-06-22,2026-06-22 08:07:04
6498,久禾光,104.0,107.5,107.5,102.5,56.74,54.99,48.05,1.34,1.1,0.24,109.88,102.91,95.93,594,702,0.85,49.05,16.33,4.5,4.33,2026-06-22,2026-06-22 08:07:05
6499,益安,72.6,73.8,74.3,72.4,14.3,15.85,21.99,-3.62,-2.97,-0.65,91.77,79.98,68.19,372,279,1.33,70.38,24.61,,,2026-06-22,2026-06-22 08:07:07
6504,南六,36.3,36.0,36.4,35.8,57.4,42.4,47.56,-0.71,-0.82,0.11,38.06,36.52,34.98,60,36,1.64,26.35,12.96,1.0,2.75,2026-06-22,2026-06-22 08:07:08
6505,台塑化,54.0,54.5,54.7,53.3,53.29,43.25,52.32,0.12,-0.0,0.12,56.98,52.65,48.32,7881,8350,0.94,5144.02,51.92,1.2,2.22,2026-06-22,2026-06-22 08:07:09
6506,雙邦,18.8,19.05,19.05,18.7,33.92,27.59,42.17,0.04,0.19,-0.15,20.7,19.27,17.83,125,118,1.06,15.48,18.25,0.8,4.26,2026-06-22,2026-06-22 08:07:10
6508,惠光,24.05,24.45,24.45,23.8,62.51,51.29,68.0,-0.2,-0.34,0.14,24.22,23.6,22.98,99,71,1.4,20.81,89.07,1.0,4.16,2026-06-22,2026-06-22 08:07:13
6509,聚和,48.35,48.6,49.5,47.4,43.09,36.71,36.6,0.18,0.57,-0.39,53.01,49.31,45.61,2842,2164,1.31,95.03,17.71,1.32,2.73,2026-06-22,2026-06-22 08:07:14
6510,精測,3525.0,3640.0,3710.0,3430.0,74.56,73.42,56.14,6.01,-26.53,32.54,3706.39,3401.5,3096.61,461,446,1.03,1155.81,116.26,15.3,0.43,2026-06-22,2026-06-22 08:07:17
6512,啟發電,19.9,19.6,20.0,19.5,39.99,38.86,71.79,0.09,0.08,0.01,20.09,19.55,19.01,28,10,2.84,5.03,,,,2026-06-22,2026-06-22 08:07:18
6515,穎崴,9460.0,9795.0,9885.0,9235.0,70.94,69.76,58.38,73.73,-45.54,119.27,10153.13,8953.5,7753.87,352,342,1.03,3409.2,204.28,25.0,0.26,2026-06-22,2026-06-22 08:07:19
6516,勤崴國際,58.4,57.2,58.5,56.2,50.65,45.82,64.72,0.27,0.04,0.24,59.39,56.0,52.62,177,95,1.85,32.61,38.68,2.34,4.01,2026-06-22,2026-06-22 08:07:21
6517,保勝光學,77.1,78.1,79.1,72.6,75.15,74.17,68.86,4.45,3.03,1.42,79.95,66.21,52.47,3103,5168,0.6,23.58,47.59,1.5,1.95,2026-06-22,2026-06-22 08:07:22
6518,康科特,30.15,30.0,30.15,29.4,72.42,52.85,45.53,-0.37,-0.4,0.03,31.22,30.07,28.91,14,8,1.8,10.05,15.0,1.5,4.98,2026-06-22,2026-06-22 08:07:25
6523,達爾膚,97.4,97.8,97.8,97.4,35.15,45.18,47.69,-0.81,-0.96,0.15,99.53,98.41,97.29,56,33,1.69,43.88,12.57,8.0,8.21,2026-06-22,2026-06-22 08:07:26
6525,捷敏-KY,155.0,157.0,157.0,145.5,88.0,77.83,80.22,9.41,6.95,2.45,144.39,123.28,102.17,9111,5745,1.59,200.02,26.68,5.0,3.23,2026-06-22,2026-06-22 08:07:28
6526,達發,705.0,711.0,725.0,700.0,72.54,55.12,55.84,7.01,5.97,1.04,740.94,671.3,601.66,1189,808,1.47,1180.91,40.68,13.5,1.91,2026-06-22,2026-06-22 08:07:29
6527,明達醫,71.6,71.2,71.6,71.2,46.17,54.81,64.29,0.4,0.36,0.04,72.64,70.95,69.26,26,19,1.35,18.14,12.56,2.25,3.14,2026-06-22,2026-06-22 08:07:31
6530,創威,99.7,99.4,100.5,98.3,30.73,22.8,42.57,-3.33,-2.5,-0.82,120.03,104.8,89.56,810,706,1.15,33.65,51.39,2.0,2.01,2026-06-22,2026-06-22 08:07:32
6531,愛普*,1115.0,1115.0,1115.0,1070.0,68.28,44.84,49.82,15.99,18.29,-2.3,1192.52,1012.48,832.45,5546,3995,1.39,1815.74,144.99,6.99,0.63,2026-06-22,2026-06-22 08:07:33
6532,瑞耘,91.7,92.5,94.7,91.2,63.8,47.22,41.58,-1.45,-1.21,-0.23,101.58,92.05,82.51,568,371,1.53,34.34,12.7,3.0,3.27,2026-06-22,2026-06-22 08:07:35
6533,晶心科,207.0,203.0,209.5,203.0,51.23,34.68,42.93,-6.55,-5.26,-1.29,246.33,215.88,185.42,539,378,1.43,104.85,24.81,,,2026-06-22,2026-06-22 08:07:36
6534,正瀚-創,92.0,93.0,93.1,92.0,55.51,46.28,46.27,-0.76,-0.98,0.22,97.58,92.26,86.93,40,66,0.6,92.74,20.44,4.8,5.22,2026-06-22,2026-06-22 08:07:37
6535,順藥,100.5,103.0,103.0,99.0,9.52,9.19,5.66,-7.2,-6.46,-0.74,130.89,113.75,96.61,479,263,1.82,168.32,,,,2026-06-22,2026-06-22 08:07:38
6536,碩豐,24.2,21.0,25.3,21.0,38.54,24.68,60.36,-0.74,-0.86,0.12,24.34,21.73,19.13,79,22,3.5,6.37,186.15,,,2026-06-22,2026-06-22 08:07:40
6538,倉和,125.5,115.5,125.5,115.5,64.96,42.45,49.7,3.34,4.38,-1.04,141.92,115.98,90.05,974,700,1.39,46.79,112.05,1.53,1.22,2026-06-22,2026-06-22 08:07:41
6539,麗彤,39.7,39.7,40.95,39.7,41.66,40.38,41.02,-1.41,-1.53,0.12,44.76,41.6,38.43,3,3,0.8,9.67,120.3,0.6,1.51,2026-06-22,2026-06-22 08:07:43
6541,泰福-KY,42.55,40.45,42.75,40.05,59.26,48.54,55.96,0.34,0.18,0.16,43.24,40.13,37.03,654,370,1.77,112.75,,,,2026-06-22,2026-06-22 08:07:44
6542,隆中,47.6,49.0,49.0,47.0,53.69,46.8,55.51,-0.09,-0.34,0.25,49.38,47.12,44.87,5,4,1.04,19.52,2380.0,0.02,0.04,2026-06-22,2026-06-22 08:07:45
6543,普惠醫工,18.85,19.1,19.1,18.6,13.14,13.4,29.09,-0.8,-0.7,-0.1,22.05,20.23,18.4,42,41,1.03,10.7,20.27,0.2,1.06,2026-06-22,2026-06-22 08:07:47
6546,正基,76.0,75.5,77.5,74.7,49.04,37.15,31.5,0.32,0.91,-0.59,85.75,77.74,69.73,517,431,1.2,50.8,27.94,2.5,3.29,2026-06-22,2026-06-22 08:07:48
6547,高端疫苗,45.1,45.8,45.8,45.05,10.52,17.69,46.12,-0.69,-0.58,-0.11,49.08,46.2,43.32,1462,1237,1.18,148.27,30.89,,,2026-06-22,2026-06-22 08:07:49
6548,長科*,94.7,93.8,94.7,93.8,64.43,62.07,64.1,8.81,8.7,0.11,105.63,80.69,55.75,6974,6563,1.06,874.12,58.46,1.8,1.9,2026-06-22,2026-06-22 08:07:52
6549,景凱,7.54,7.73,7.8,7.21,58.29,48.01,43.1,-0.11,-0.12,0.01,7.97,7.63,7.29,82,105,0.78,6.04,,,,2026-06-22,2026-06-22 08:07:53
6550,北極星藥業-KY,13.2,13.55,13.55,13.15,55.19,53.12,51.85,-0.84,-1.0,0.16,15.43,13.62,11.82,1492,1276,1.17,118.11,,,,2026-06-22,2026-06-22 08:07:54
6552,易華電,33.05,31.9,33.4,31.55,58.62,37.91,48.17,-0.1,0.03,-0.13,37.93,32.43,26.93,638,339,1.88,27.43,6.44,0.2,0.61,2026-06-22,2026-06-22 08:07:55
6555,榮炭,19.9,20.0,21.7,19.9,36.24,32.08,47.4,-0.73,-0.76,0.04,22.76,20.69,18.63,142,149,0.95,23.73,,,,2026-06-22,2026-06-22 08:07:57
6556,勝品,72.5,72.7,72.7,72.5,78.85,80.85,48.86,0.8,0.78,0.02,74.24,71.82,69.4,10,10,0.97,20.84,10.77,4.2,5.79,2026-06-22,2026-06-22 08:07:58
6558,興能高,31.45,31.5,31.75,30.85,29.05,25.51,35.78,-0.07,0.19,-0.26,34.64,32.09,29.54,560,460,1.22,29.5,32.76,0.3,0.95,2026-06-22,2026-06-22 08:07:59
6559,研晶,21.35,21.45,21.45,19.45,46.43,36.13,40.67,-1.61,-1.69,0.08,27.07,22.44,17.81,228,146,1.57,4.95,71.17,0.2,0.94,2026-06-22,2026-06-22 08:08:01
6560,欣普羅,38.6,38.25,39.5,37.15,38.19,25.73,53.12,-0.26,-0.23,-0.03,40.41,38.37,36.34,153,84,1.82,12.54,,,,2026-06-22,2026-06-22 08:08:02
6561,是方,342.0,339.5,344.0,338.5,18.43,17.47,36.43,-3.77,-1.83,-1.95,375.37,352.1,328.83,113,80,1.41,263.2,21.81,14.3,4.18,2026-06-22,2026-06-22 08:08:04
6563,映智,28.35,27.7,28.6,26.9,50.38,41.54,40.27,-0.72,-0.7,-0.02,31.25,28.58,25.91,247,96,2.57,8.43,,,,2026-06-22,2026-06-22 08:08:05
6564,安特羅,16.45,16.05,16.5,16.05,29.2,36.21,43.43,-0.44,-0.38,-0.05,17.92,17.1,16.28,42,46,0.91,11.87,,,,2026-06-22,2026-06-22 08:08:06
6565,物聯,20.45,20.6,20.6,19.8,48.46,44.6,37.98,-0.46,-0.39,-0.08,22.83,21.1,19.37,57,31,1.8,5.55,20.45,,,2026-06-22,2026-06-22 08:08:08
6568,宏觀,180.0,179.0,180.0,176.0,47.09,29.66,17.68,-13.51,-11.94,-1.57,253.53,200.39,147.26,209,201,1.04,55.44,45.57,2.0,1.11,2026-06-22,2026-06-22 08:08:09
6569,醫揚,112.5,116.0,116.0,111.0,35.77,47.02,62.82,3.88,3.7,0.17,123.88,108.2,92.53,138,85,1.61,43.95,39.06,3.0,2.67,2026-06-22,2026-06-22 08:08:11
6570,維田,54.9,54.9,55.3,54.5,34.13,37.33,31.82,1.86,2.92,-1.06,62.54,57.67,52.8,260,387,0.67,20.38,42.89,1.1,2.0,2026-06-22,2026-06-22 08:08:12
6572,博錸,7.01,7.46,7.46,6.91,20.54,25.35,32.51,-0.48,-0.44,-0.04,9.04,7.9,6.76,317,138,2.29,7.27,,,,2026-06-22,2026-06-22 08:08:15
6573,虹揚-KY,17.8,17.8,17.8,17.8,65.22,44.24,60.41,0.58,0.52,0.06,18.06,15.47,12.88,881,462,1.91,14.33,14.47,,,2026-06-22,2026-06-22 08:08:17
6574,霈方,109.5,110.5,112.0,109.0,21.52,31.94,43.33,-0.57,0.69,-1.26,124.47,114.72,104.98,30,59,0.5,24.08,16.1,2.2,2.01,2026-06-22,2026-06-22 08:08:19
6576,逸達,78.4,79.3,79.8,78.2,39.37,51.77,59.76,-0.09,-0.19,0.1,80.07,78.0,75.93,167,189,0.88,123.51,,,,2026-06-22,2026-06-22 08:08:20
6577,勁豐,75.3,76.1,76.1,75.1,33.33,38.54,49.87,0.25,0.27,-0.02,77.02,75.39,73.76,49,127,0.39,45.23,13.49,5.0,6.64,2026-06-22,2026-06-22 08:08:21
6578,達邦蛋白,16.45,16.8,16.8,16.15,18.85,27.02,52.17,0.0,0.06,-0.06,17.37,16.76,16.15,116,91,1.28,11.83,,0.4,2.43,2026-06-22,2026-06-22 08:08:23
6579,研揚,167.5,171.0,171.0,165.5,79.07,70.6,53.83,6.01,6.62,-0.61,174.1,162.43,150.76,880,653,1.35,283.83,30.02,3.75,2.24,2026-06-22,2026-06-22 08:08:24
6580,台睿,14.05,14.3,14.35,13.7,26.01,25.81,40.2,-0.46,-0.42,-0.04,15.73,14.69,13.64,189,143,1.32,15.75,,,,2026-06-22,2026-06-22 08:08:25
6581,鋼聯,109.0,109.5,109.5,109.0,59.22,48.57,34.62,0.23,0.3,-0.07,112.47,108.75,105.03,3,12,0.28,121.29,17.72,5.3,4.86,2026-06-22,2026-06-22 08:08:26
6582,申豐,32.0,31.55,32.15,31.55,47.32,41.79,57.97,0.13,0.07,0.06,32.48,31.34,30.2,100,66,1.51,33.98,,1.0,3.12,2026-06-22,2026-06-22 08:08:28
6583,友松,12.0,12.45,12.45,11.85,66.38,73.91,53.13,-0.04,-0.1,0.06,12.6,12.06,11.53,13,5,2.22,1.91,,2.0,16.67,2026-06-22,2026-06-22 08:08:29
6584,南俊國際,660.0,637.0,680.0,627.0,60.96,45.15,41.61,-12.73,-12.01,-0.72,746.34,651.6,556.86,1492,672,2.22,466.09,124.29,1.5,0.23,2026-06-22,2026-06-22 08:08:30
6585,鼎基,150.5,151.5,151.5,145.0,90.94,88.68,89.12,12.92,10.1,2.82,154.05,116.84,79.63,1662,1068,1.56,108.56,27.67,4.5,2.99,2026-06-22,2026-06-22 08:08:32
6586,醣基,104.0,95.0,104.5,94.5,90.2,81.47,86.67,7.51,4.75,2.77,91.88,71.24,50.59,2904,2260,1.28,222.57,,,,2026-06-22,2026-06-22 08:08:33
6588,東典光電,105.0,108.0,108.0,104.5,46.62,43.33,47.14,-5.96,-6.61,0.65,130.43,111.12,91.81,658,965,0.68,36.44,,,,2026-06-22,2026-06-22 08:08:35
6589,台康生技,46.25,47.0,47.0,46.25,83.04,77.44,62.3,0.14,-0.31,0.45,47.34,44.05,40.75,1173,981,1.2,140.07,,,,2026-06-22,2026-06-22 08:08:36
6590,普鴻,69.2,68.7,69.3,68.3,82.18,71.22,74.24,0.01,-0.44,0.45,68.43,66.32,64.22,19,11,1.63,17.28,13.6,2.8,4.05,2026-06-22,2026-06-22 08:08:38
6591,動力-KY,55.1,55.5,55.9,54.8,26.3,29.47,37.6,-0.33,-0.21,-0.12,59.67,56.2,52.72,272,192,1.42,22.66,11.11,4.0,7.26,2026-06-22,2026-06-22 08:08:39
6592,和潤企業,65.7,65.8,66.0,65.3,63.68,67.65,67.77,1.07,0.95,0.12,68.51,63.74,58.96,422,431,0.98,409.41,13.95,3.0,4.57,2026-06-22,2026-06-22 08:08:40
6593,台灣銘板,34.65,34.85,35.0,34.65,51.21,47.94,44.44,-0.23,-0.3,0.06,35.61,34.95,34.28,42,55,0.76,11.04,,0.45,1.3,2026-06-22,2026-06-22 08:08:42
6595,光禹國際,31.05,31.05,31.05,29.65,90.4,87.35,43.33,-0.16,-0.19,0.03,31.57,31.09,30.62,0,7,0.0,15.45,,0.25,0.81,2026-06-22,2026-06-22 08:08:43
6596,寬宏藝術,94.0,94.0,94.4,93.5,27.08,29.3,28.0,-1.59,-1.69,0.1,98.69,95.61,92.53,133,173,0.77,35.72,5.0,18.7,19.89,2026-06-22,2026-06-22 08:08:44
6597,立誠,70.4,68.1,70.4,67.5,47.6,35.63,45.67,-0.16,0.32,-0.49,76.22,70.99,65.76,22,13,1.62,20.56,28.16,1.0,1.42,2026-06-22,2026-06-22 08:08:46
6598,ABC-KY,23.75,24.15,24.15,23.5,43.68,55.68,43.48,0.13,0.26,-0.14,25.19,24.53,23.87,222,163,1.36,24.42,,,,2026-06-22,2026-06-22 08:08:47
6599,普達系統,42.5,43.85,44.0,42.2,26.4,47.69,47.28,-0.61,-0.86,0.25,45.86,43.46,41.06,15,3,4.96,8.92,16.41,2.1,4.94,2026-06-22,2026-06-22 08:08:48
6603,富強鑫,25.35,25.75,26.2,25.2,62.47,45.2,52.73,-0.01,-0.2,0.19,25.69,23.26,20.84,5954,2483,2.4,42.09,41.56,0.3,1.18,2026-06-22,2026-06-22 08:08:50
6604,儒億,36.85,36.0,38.8,35.8,67.35,59.91,53.99,1.47,1.55,-0.08,40.45,35.13,29.81,264,130,2.03,,,1.3,3.53,2026-06-22,2026-06-22 08:08:51
6605,帝寶,140.0,142.0,142.0,139.0,26.68,37.83,46.81,2.36,3.04,-0.68,152.53,141.07,129.62,718,530,1.35,232.14,10.14,6.5,4.64,2026-06-22,2026-06-22 08:08:52
6606,建德工業,24.9,25.15,25.2,24.6,56.44,58.54,42.85,0.24,0.32,-0.08,25.84,25.03,24.21,112,176,0.64,27.47,23.06,1.03,4.14,2026-06-22,2026-06-22 08:08:53
6609,瀧澤科,42.3,41.3,43.6,41.3,25.73,21.6,20.94,-0.34,0.23,-0.57,49.8,44.49,39.18,499,347,1.44,30.65,,0.77,1.82,2026-06-22,2026-06-22 08:08:55
6610,安成生技,27.0,26.4,27.45,26.4,44.09,51.04,53.16,0.05,0.12,-0.07,28.67,27.21,25.75,250,331,0.75,55.51,,,,2026-06-22,2026-06-22 08:08:56
6612,奈米醫材,72.9,73.4,73.4,72.9,55.12,57.85,51.64,0.72,0.8,-0.08,74.23,72.62,71.01,37,34,1.09,34.51,67.5,0.3,0.41,2026-06-22,2026-06-22 08:08:57
6613,朋億*,390.0,383.0,397.0,383.0,91.09,83.29,85.83,31.98,19.76,12.22,384.86,292.98,201.09,614,1310,0.47,303.42,29.3,10.0,2.56,2026-06-22,2026-06-22 08:08:59
6614,資拓宏宇,40.15,40.9,40.9,40.0,56.59,65.1,51.76,0.1,-0.05,0.14,41.32,39.86,38.41,109,96,1.13,32.39,19.49,1.65,4.11,2026-06-22,2026-06-22 08:09:00
6615,慧智,34.3,34.8,34.8,34.15,56.6,57.86,60.27,0.39,0.25,0.13,35.31,33.57,31.82,14,21,0.66,7.41,,0.3,0.87,2026-06-22,2026-06-22 08:09:01
6616,特昇-KY,9.17,9.41,9.41,9.11,42.16,57.74,53.06,-0.06,-0.06,0.0,10.04,9.49,8.95,90,50,1.77,3.25,,,,2026-06-22,2026-06-22 08:09:03
6617,共信-KY,67.2,68.3,68.4,66.1,45.31,48.22,39.29,0.13,0.28,-0.15,72.49,68.64,64.79,185,159,1.16,81.39,,,,2026-06-22,2026-06-22 08:09:04
6618,永虹先進,18.1,17.85,19.1,17.6,32.99,32.22,32.0,-0.48,-0.49,0.01,19.43,18.54,17.64,1752,679,2.58,18.97,,,,2026-06-22,2026-06-22 08:09:06
6620,漢達,89.9,89.9,89.9,89.9,87.97,74.38,81.12,1.77,-0.0,1.78,82.55,72.73,62.91,573,837,0.68,146.11,18.61,2.07,2.3,2026-06-22,2026-06-22 08:09:08
6621,華宇藥,11.4,11.8,11.8,11.3,42.64,51.78,42.65,-0.19,-0.21,0.02,12.3,11.75,11.2,51,50,1.03,4.11,,,,2026-06-22,2026-06-22 08:09:10
6622,百聿數碼,6.94,6.92,6.99,6.59,35.79,31.54,33.73,-0.16,-0.17,0.01,7.89,7.2,6.51,115,50,2.27,2.38,,,,2026-06-22,2026-06-22 08:09:11
6624,萬年清,42.15,41.25,42.9,41.25,20.93,29.91,57.23,-1.16,-1.48,0.32,47.11,42.49,37.87,6,5,1.05,8.8,117.08,0.55,1.3,2026-06-22,2026-06-22 08:09:13
6625,必應,79.8,79.8,80.5,79.5,76.64,72.01,87.8,1.53,0.98,0.55,80.26,75.35,70.45,196,230,0.85,46.26,8.78,5.0,6.27,2026-06-22,2026-06-22 08:09:14
6629,泰金-KY,113.0,113.5,114.0,112.0,47.81,49.76,43.18,-1.39,-1.0,-0.39,120.41,116.28,112.14,76,29,2.63,43.36,18.26,6.2,5.49,2026-06-22,2026-06-22 08:09:15
6634,欣耀,63.4,64.5,64.6,62.6,58.41,47.93,44.67,1.45,1.72,-0.26,71.99,62.27,52.55,130,175,0.75,45.2,,,,2026-06-22,2026-06-22 08:09:16
6637,醫影,64.0,64.4,64.7,63.5,36.93,29.05,38.24,-1.38,-1.41,0.03,68.85,65.18,61.51,32,25,1.26,17.16,8.96,3.63,5.67,2026-06-22,2026-06-22 08:09:18
6638,沅聖,52.9,55.0,55.2,52.5,24.55,31.84,51.77,1.35,2.17,-0.82,62.67,54.82,46.96,10,7,1.34,15.87,,1.0,1.89,2026-06-22,2026-06-22 08:09:19
6639,源大環能,6.4,6.51,6.51,6.26,24.63,26.26,34.78,-0.31,-0.29,-0.02,7.45,6.85,6.25,83,42,1.93,3.69,,,,2026-06-22,2026-06-22 08:09:21
6640,均華,1100.0,1170.0,1170.0,1100.0,59.32,44.94,28.31,-74.02,-73.91,-0.11,1478.23,1196.44,914.65,222,207,1.07,315.47,90.09,15.0,1.36,2026-06-22,2026-06-22 08:09:22
6641,基士德-KY,18.45,18.35,18.45,18.3,46.17,39.02,47.17,-0.03,-0.04,0.01,18.83,18.39,17.94,38,35,1.08,6.73,40.11,1.0,5.42,2026-06-22,2026-06-22 08:09:24
6642,富致,90.6,91.9,94.0,90.2,66.22,53.26,57.73,3.93,4.25,-0.32,92.71,85.79,78.86,1115,1052,1.06,33.88,34.98,1.8,1.99,2026-06-22,2026-06-22 08:09:25
6643,M31,500.0,508.0,524.0,490.0,53.96,37.49,30.0,-25.78,-22.3,-3.48,637.82,532.62,427.43,801,475,1.68,210.42,297.62,2.0,0.4,2026-06-22,2026-06-22 08:09:27
6645,金萬林-創,16.7,15.65,16.85,15.65,88.77,82.79,76.32,0.81,0.41,0.4,16.28,13.21,10.14,180,159,1.13,10.08,,,,2026-06-22,2026-06-22 08:09:28
6648,斯其大,16.9,16.3,17.1,16.3,22.17,27.17,54.97,-0.22,-0.21,-0.01,18.69,17.05,15.42,67,42,1.57,8.03,,,,2026-06-22,2026-06-22 08:09:29
6649,台生材,37.4,37.5,37.5,36.95,38.96,50.75,41.33,-0.45,-0.33,-0.12,39.66,38.48,37.29,64,34,1.88,15.71,26.71,1.0,2.67,2026-06-22,2026-06-22 08:09:31
6650,帝圖,27.0,26.4,27.0,26.4,42.52,46.27,38.05,-0.95,-0.98,0.03,30.16,27.94,25.72,9,9,1.0,8.39,25.47,1.05,3.89,2026-06-22,2026-06-22 08:09:32
6651,全宇昕,163.0,161.5,170.5,159.5,73.85,56.96,65.25,6.58,5.53,1.06,161.74,142.05,122.36,1302,761,1.71,56.4,25.87,4.0,2.45,2026-06-22,2026-06-22 08:09:33
6655,科定,123.5,124.0,124.0,121.5,43.2,31.06,30.95,-3.0,-2.95,-0.05,135.66,126.45,117.24,5,4,1.08,97.02,31.59,6.0,4.86,2026-06-18,2026-06-22 08:09:43
6657,華安,36.25,37.2,37.35,36.15,61.43,48.17,43.33,-1.24,-1.33,0.09,41.1,37.25,33.4,224,177,1.26,31.87,,,,2026-06-22,2026-06-22 08:09:45
6658,聯策,184.5,192.5,193.0,184.5,45.12,38.94,33.08,3.94,7.56,-3.61,231.45,196.77,162.1,842,1145,0.74,67.1,152.48,1.2,0.65,2026-06-22,2026-06-22 08:09:46
6659,天明製藥,20.45,20.45,20.45,19.55,74.51,66.87,50.0,-0.1,-0.14,0.04,20.82,20.29,19.77,49,63,0.78,,,,,2026-06-22,2026-06-22 08:09:47
6661,威健生技,16.0,16.0,16.0,16.0,39.64,39.91,39.66,-0.43,-0.44,0.01,17.58,16.47,15.35,2,6,0.32,3.73,266.67,,,2026-06-22,2026-06-22 08:09:49
6662,樂斯科,29.55,29.8,29.8,29.55,31.31,40.48,58.24,0.15,0.12,0.04,30.75,29.46,28.18,4,4,0.87,7.57,17.91,1.5,5.08,2026-06-22,2026-06-22 08:09:51
6664,群翊,388.5,394.5,396.5,387.0,57.68,42.48,31.19,-12.19,-10.47,-1.72,468.29,403.8,339.31,610,375,1.63,236.24,26.87,9.93,2.56,2026-06-22,2026-06-22 08:09:53
6665,康聯生醫,20.1,20.4,20.4,19.4,56.88,54.62,55.0,-0.36,-0.54,0.18,21.18,19.86,18.55,32,48,0.68,9.12,105.79,0.15,0.75,2026-06-22,2026-06-22 08:09:54
6666,羅麗芬-KY,43.25,43.1,43.5,42.5,57.37,57.69,68.97,0.65,0.43,0.21,44.26,41.38,38.5,76,47,1.62,20.5,17.87,2.0,4.62,2026-06-22,2026-06-22 08:09:55
6667,信紘科,292.0,286.5,294.0,284.0,84.36,75.03,58.71,5.04,3.45,1.58,289.37,272.82,256.28,2392,1165,2.05,143.89,21.38,11.71,4.01,2026-06-22,2026-06-22 08:09:56
6668,中揚光,45.1,47.25,47.6,45.1,78.54,70.62,61.01,1.82,1.04,0.77,46.3,40.34,34.38,2880,5841,0.49,48.31,92.04,,,2026-06-22,2026-06-22 08:09:58
6669,緯穎,4855.0,4985.0,4990.0,4855.0,56.06,38.44,92.44,264.94,71.37,193.57,3227.57,1761.97,296.37,1998,3519,0.57,9022.57,54.81,144.39,2.97,2026-06-22,2026-06-22 08:09:59
6670,復盛應用,291.0,288.0,298.0,287.0,70.99,77.46,63.97,7.46,6.04,1.42,301.86,276.55,251.24,1379,1307,1.06,405.62,13.13,16.0,5.5,2026-06-22,2026-06-22 08:10:00
6671,三能-KY,25.0,25.85,25.85,25.0,20.67,25.69,23.81,-0.83,-0.83,-0.0,27.87,26.55,25.22,141,124,1.14,15.19,10.64,2.6,10.4,2026-06-22,2026-06-22 08:10:01
6672,騰輝電子-KY,255.5,260.0,263.5,244.5,78.59,73.01,65.5,11.66,9.66,2.0,245.48,222.57,199.67,8424,6076,1.39,182.52,53.12,3.35,1.31,2026-06-22,2026-06-22 08:10:02
6673,和詮,22.65,17.4,23.1,17.4,55.12,36.25,71.95,-0.74,-1.27,0.53,21.08,16.76,12.44,2470,841,2.94,6.0,,,,2026-06-22,2026-06-22 08:10:04
6674,鋐寶科技,17.4,17.6,17.6,17.0,44.34,43.3,40.74,-0.16,-0.15,-0.01,18.75,17.81,16.87,39,31,1.25,11.93,,,,2026-06-22,2026-06-22 08:10:05
6676,祥翊,12.9,13.2,13.2,12.55,38.54,34.86,34.55,-0.34,-0.31,-0.03,14.35,13.45,12.55,632,518,1.22,21.89,,,,2026-06-22,2026-06-22 08:10:06
6677,瑩碩生技,17.0,17.0,17.2,16.85,43.23,38.84,42.42,-0.4,-0.42,0.02,18.16,17.33,16.5,86,51,1.68,9.52,,,,2026-06-22,2026-06-22 08:10:09
6679,鈺太,291.0,286.5,297.0,283.0,66.54,47.32,43.52,-5.68,-5.18,-0.5,341.5,291.4,241.3,495,329,1.5,155.07,42.86,6.5,2.23,2026-06-22,2026-06-22 08:10:10
6680,鑫創電子,51.7,51.3,51.9,50.7,23.75,25.44,15.73,-0.75,-0.28,-0.47,59.39,55.41,51.43,17,27,0.65,12.38,,3.05,5.9,2026-06-22,2026-06-22 08:10:12
6682,華旭先進,62.0,58.5,63.4,58.0,28.91,33.87,35.54,1.37,2.64,-1.27,71.64,63.68,55.73,2300,1943,1.18,92.15,,,,2026-06-22,2026-06-22 08:10:13
6683,雍智科技,1605.0,1665.0,1700.0,1585.0,63.59,53.75,43.82,-58.75,-73.03,14.27,1888.24,1634.0,1379.76,1007,1633,0.62,442.29,105.73,9.0,0.56,2026-06-22,2026-06-22 08:10:15
6684,安格,55.5,51.3,55.5,51.3,80.26,70.95,78.0,1.47,0.79,0.68,53.66,47.88,42.1,1351,493,2.74,24.73,35.35,,,2026-06-22,2026-06-22 08:10:16
6689,伊雲谷,67.0,67.5,67.7,66.8,17.61,22.93,34.69,-0.5,-0.23,-0.27,75.0,68.86,62.72,248,185,1.34,45.43,29.13,2.0,2.99,2026-06-22,2026-06-22 08:10:17
6690,安碁資訊,179.5,181.5,182.0,178.5,54.18,47.06,37.1,2.02,2.12,-0.09,188.37,176.97,165.58,188,240,0.78,53.85,17.72,9.0,5.01,2026-06-22,2026-06-22 08:10:19
6691,洋基工程,728.0,723.0,744.0,712.0,67.63,66.29,64.49,21.28,12.36,8.92,742.75,665.1,587.45,666,1270,0.52,877.95,29.47,16.0,2.2,2026-06-22,2026-06-22 08:10:20
6692,進能服,26.45,26.95,26.95,26.25,64.53,56.59,57.05,-0.78,-1.07,0.29,28.18,26.25,24.32,28,47,0.6,15.33,115.0,0.5,1.89,2026-06-22,2026-06-22 08:10:21
6693,廣閎科,236.5,236.5,236.5,233.0,90.84,81.24,78.64,16.64,9.75,6.89,215.91,167.95,119.99,1188,2576,0.46,106.53,76.05,2.0,0.85,2026-06-22,2026-06-22 08:10:22
6695,芯鼎,64.2,59.0,64.2,59.0,77.98,59.23,59.33,1.66,1.15,0.51,64.97,55.81,46.65,3572,2233,1.6,61.94,,,,2026-06-22,2026-06-22 08:10:24
6696,仁新,397.5,405.0,405.0,393.5,51.75,53.16,55.74,0.4,-1.52,1.92,406.84,388.52,370.21,339,309,1.1,329.61,,,,2026-06-22,2026-06-22 08:10:25
6697,東捷資訊,41.75,42.4,42.55,41.7,35.26,34.15,39.34,-0.06,0.05,-0.11,44.96,42.27,39.58,53,40,1.31,11.41,13.82,2.6,6.23,2026-06-22,2026-06-22 08:10:26
6698,旭暉應材,44.55,42.05,46.05,42.0,57.23,41.76,60.04,1.94,1.95,-0.0,46.23,39.64,33.04,2896,1239,2.34,29.31,,,,2026-06-22,2026-06-22 08:10:27
6703,軒郁,108.5,109.5,109.5,107.0,52.4,62.32,47.22,-0.92,-0.89,-0.03,111.94,109.78,107.61,60,48,1.23,35.52,10.97,9.6,8.85,2026-06-22,2026-06-22 08:10:29
6704,國璽幹細胞,21.95,21.6,21.95,20.9,86.61,80.2,74.12,0.06,-0.15,0.21,21.99,20.75,19.5,185,163,1.13,21.06,,,,2026-06-22,2026-06-22 08:10:30
6705,振躍精密,93.3,93.3,93.3,91.7,40.54,37.57,47.49,-0.82,0.13,-0.95,106.26,95.53,84.81,20,43,0.47,16.8,34.43,2.2,2.36,2026-06-22,2026-06-22 08:10:32
6706,惠特,170.0,175.0,175.5,170.0,49.4,36.47,21.82,-1.29,2.01,-3.3,223.29,184.68,146.06,3085,3596,0.86,133.53,28.29,,,2026-06-22,2026-06-22 08:10:33
6707,富基電通,34.35,34.55,34.7,33.05,72.84,68.82,41.46,0.22,0.45,-0.23,36.73,34.87,33.01,90,123,0.74,20.27,13.16,,,2026-06-22,2026-06-22 08:10:34
6708,天擎,40.55,40.5,40.8,39.7,55.45,35.52,46.15,-0.33,-0.36,0.03,41.75,40.08,38.41,60,30,2.0,11.59,162.2,,,2026-06-22,2026-06-22 08:10:35
6709,昱厚生技,24.5,24.85,25.0,23.85,45.3,45.02,31.58,-0.29,-0.3,0.01,26.12,25.22,24.32,90,60,1.49,17.0,,,,2026-06-22,2026-06-22 08:10:38
6712,長聖,142.5,140.0,143.5,139.5,61.3,50.01,68.57,1.99,1.74,0.25,142.83,136.55,130.27,681,335,2.03,145.01,30.71,3.33,2.34,2026-06-22,2026-06-22 08:10:39
6715,嘉基,518.0,518.0,518.0,516.0,77.57,56.58,60.0,5.27,-2.21,7.48,515.58,440.35,365.12,1182,752,1.57,345.98,289.39,1.94,0.37,2026-06-22,2026-06-22 08:10:40
6716,應廣,103.5,105.5,108.0,102.5,68.9,52.86,50.7,1.8,1.75,0.05,114.65,99.86,85.08,694,695,1.0,31.3,47.92,1.6,1.55,2026-06-22,2026-06-22 08:10:42
6719,力智,286.0,279.5,286.5,278.0,79.34,59.71,66.28,11.5,8.92,2.57,279.33,241.55,203.77,8680,3580,2.42,301.68,44.62,4.6,1.61,2026-06-22,2026-06-22 08:10:43
6720,久昌,142.0,145.0,149.0,141.0,30.52,43.85,40.82,-3.88,-3.46,-0.42,155.22,147.97,140.73,57,51,1.13,42.14,36.88,3.5,2.46,2026-06-22,2026-06-22 08:10:44
6721,信實,55.5,55.6,55.6,55.5,54.92,60.1,47.41,0.11,0.18,-0.07,56.53,55.85,55.17,7,23,0.34,12.49,11.94,3.3,5.95,2026-06-22,2026-06-22 08:10:46
6722,輝創,37.35,37.4,37.45,37.0,61.14,55.82,61.9,0.14,0.05,0.09,38.85,36.97,35.08,75,70,1.07,33.02,12.92,2.0,5.35,2026-06-22,2026-06-22 08:10:47
6723,傑智環境,37.85,37.8,37.95,36.15,57.15,52.69,41.3,-0.62,-0.57,-0.05,40.7,38.65,36.6,35,39,0.9,11.37,9.68,2.5,6.61,2026-06-22,2026-06-22 08:10:49
6725,矽科宏晟,346.0,367.0,388.5,346.0,69.69,56.41,55.77,3.72,-2.8,6.52,369.34,316.52,263.71,1239,857,1.44,128.05,26.86,8.0,2.31,2026-06-22,2026-06-22 08:10:51
6727,亞泰金屬,485.5,466.0,493.0,450.0,48.16,27.88,40.64,-17.55,-11.27,-6.28,673.91,496.65,319.39,2981,1535,1.94,130.52,71.61,3.0,0.62,2026-06-22,2026-06-22 08:10:52
6728,上洋,109.5,110.0,111.0,109.0,45.47,40.5,39.29,-0.98,-1.07,0.09,115.04,110.85,106.66,36,19,1.9,32.98,11.39,8.0,7.31,2026-06-22,2026-06-22 08:10:54
6729,機光科技,54.3,56.2,58.9,53.0,53.55,45.32,35.74,-1.15,-1.18,0.03,63.81,56.03,48.24,138,71,1.93,15.02,72.4,0.95,1.75,2026-06-22,2026-06-22 08:10:56
6730,常廣,37.75,37.25,37.75,37.25,61.56,58.96,67.54,0.21,-0.11,0.32,38.8,36.41,34.01,9,53,0.18,13.7,17.89,1.5,3.97,2026-06-22,2026-06-22 08:10:57
6732,昇佳電子,166.5,166.0,169.5,163.5,62.92,42.63,41.57,-0.68,-0.29,-0.39,184.11,165.3,146.49,210,152,1.38,81.44,26.81,5.5,3.3,2026-06-22,2026-06-22 08:10:59
6733,博晟生醫,24.1,24.9,25.0,24.0,9.43,17.24,27.59,-0.91,-0.89,-0.03,27.27,25.85,24.44,556,272,2.04,32.37,,,,2026-06-22,2026-06-22 08:11:01
6734,安盛生,7.04,7.0,7.04,6.65,59.19,57.5,50.86,0.02,0.03,-0.02,7.62,6.99,6.36,32,38,0.85,2.92,,,,2026-06-22,2026-06-22 08:11:02
6735,美達科技,93.0,95.2,96.0,92.4,33.55,24.18,38.68,-4.78,-3.93,-0.85,116.58,99.76,82.94,381,308,1.23,42.95,290.62,1.8,1.94,2026-06-22,2026-06-22 08:11:04
6737,秀育,30.1,30.1,30.1,29.0,59.75,50.37,35.56,-1.13,-1.22,0.09,33.66,30.98,28.3,5,17,0.28,18.08,10.31,1.6,5.32,2026-06-22,2026-06-22 08:11:06
6738,鼎��,65.7,66.2,66.2,63.7,53.3,56.74,21.95,-1.07,-1.07,-0.01,69.0,67.15,65.31,110,47,2.3,24.13,,,,2026-06-22,2026-06-22 08:11:08
6739,竹陞科技,1190.0,1125.0,1210.0,1125.0,34.32,29.48,46.04,-47.9,-48.24,0.34,1357.72,1208.66,1059.59,189,137,1.38,277.02,74.28,13.0,1.09,2026-06-22,2026-06-22 08:11:09
6741,91APP*-KY,64.4,62.0,64.4,61.0,73.17,56.5,59.76,0.17,-0.09,0.26,63.64,61.23,58.81,460,240,1.91,72.33,14.64,2.05,3.18,2026-06-22,2026-06-22 08:11:11
6742,澤米,69.0,69.5,73.5,67.6,76.57,66.14,60.0,4.22,3.61,0.62,68.91,60.01,51.11,9319,9058,1.03,48.64,,0.3,0.43,2026-06-22,2026-06-22 08:11:13
6743,安普新,29.3,29.1,29.55,29.1,28.57,30.89,40.51,0.2,0.4,-0.2,30.6,29.48,28.36,252,266,0.95,43.22,41.27,3.0,10.24,2026-06-22,2026-06-22 08:11:14
6744,豐技生技,14.9,15.0,15.0,14.15,25.05,27.2,22.5,-0.27,-0.18,-0.09,16.88,15.83,14.79,235,49,4.79,2.29,15.85,0.84,5.64,2026-06-22,2026-06-22 08:11:16
6748,亞果生醫,122.0,120.0,127.5,114.5,66.58,75.81,69.21,14.28,12.83,1.45,151.22,100.46,49.7,553,1172,0.47,86.89,,,,2026-06-22,2026-06-22 08:11:17
6750,泰創工程,66.3,66.4,67.0,64.4,69.38,51.54,44.44,-0.75,-0.78,0.03,71.8,66.59,61.38,271,184,1.47,29.64,13.29,2.0,3.02,2026-06-22,2026-06-22 08:11:18
6751,智聯服務,48.85,49.0,49.0,48.05,60.43,55.61,42.4,-0.21,-0.26,0.05,51.4,48.74,46.09,20,22,0.9,10.84,9.43,3.0,6.14,2026-06-22,2026-06-22 08:11:20
6752,叡揚,100.5,103.0,103.0,99.5,51.52,45.02,32.56,-0.5,-0.53,0.03,107.51,101.61,95.72,60,39,1.53,37.33,13.67,4.5,4.48,2026-06-22,2026-06-22 08:11:21
6753,龍德造船,128.0,124.5,132.0,124.0,59.62,51.1,46.43,-2.16,-2.81,0.65,129.57,123.15,116.73,2774,903,3.07,150.08,22.38,1.25,0.98,2026-06-22,2026-06-22 08:11:22
6754,匯僑設計,45.2,45.7,45.8,45.2,56.88,49.27,33.33,0.07,-0.0,0.07,46.72,44.98,43.24,27,25,1.08,29.83,13.29,3.5,7.74,2026-06-22,2026-06-22 08:11:24
6755,連鋐科技,17.1,17.2,17.2,16.4,70.99,58.89,41.67,-0.91,-0.92,0.01,19.88,17.61,15.33,35,32,1.09,6.81,,,,2026-06-22,2026-06-22 08:11:27
6756,威鋒電子,108.0,106.5,110.0,105.0,78.56,65.43,61.56,2.0,1.55,0.45,110.75,99.83,88.9,714,407,1.75,75.59,98.18,0.9,0.83,2026-06-22,2026-06-22 08:11:28
6757,台灣虎航,58.9,58.2,59.3,56.9,66.49,61.29,50.0,1.35,1.04,0.32,60.01,55.85,51.69,3810,7156,0.53,270.66,10.99,6.05,10.27,2026-06-22,2026-06-22 08:11:29
6758,冠亞,30.0,30.0,30.0,30.0,97.17,90.01,77.03,-0.93,-1.36,0.43,30.64,29.21,27.77,0,0,0.03,4.04,27.03,1.0,3.33,2026-06-22,2026-06-22 08:11:31
6761,穩得,222.0,210.0,224.0,208.5,45.83,27.97,55.0,0.68,1.09,-0.4,232.32,209.43,186.53,2050,755,2.71,77.21,31.09,6.0,2.7,2026-06-22,2026-06-22 08:11:32
6762,達亞,165.0,169.0,169.0,165.0,49.27,68.33,39.0,1.1,2.53,-1.43,188.47,175.97,163.48,2,0,3.45,58.03,242.65,0.5,0.3,2026-06-22,2026-06-22 08:11:34
6763,綠界科技*,47.2,47.55,47.75,47.05,21.24,36.42,63.29,0.39,0.3,0.09,50.83,46.4,41.96,829,574,1.44,86.87,11.24,1.65,3.5,2026-06-22,2026-06-22 08:11:35
6767,台微醫,24.7,25.0,25.0,24.65,25.67,36.5,31.82,-0.56,-0.51,-0.05,27.0,25.75,24.49,31,26,1.18,9.68,,,,2026-06-22,2026-06-22 08:11:36
6768,志強-KY,88.5,86.0,88.6,85.5,19.75,30.76,52.81,0.56,1.46,-0.9,100.05,89.72,79.4,931,608,1.53,177.08,13.35,5.16,5.83,2026-06-22,2026-06-22 08:11:37
6770,力積電,81.6,79.5,81.6,78.5,67.64,47.94,45.0,2.25,2.45,-0.2,90.43,75.05,59.67,133090,187336,0.71,3482.17,17.97,,,2026-06-22,2026-06-22 08:11:38
6771,平和環保-創,42.0,41.9,42.0,41.8,49.82,50.99,47.22,-0.27,-0.36,0.1,42.38,41.89,41.4,19,37,0.52,13.1,12.73,3.2,7.62,2026-06-22,2026-06-22 08:11:40
6775,穎台科技,45.25,45.45,47.25,44.0,53.29,36.87,36.83,-0.51,-0.23,-0.28,51.79,44.01,36.23,578,507,1.14,45.41,,,,2026-06-22,2026-06-22 08:11:41
6776,展碁國際,59.1,59.8,59.9,58.9,37.01,44.55,44.58,0.15,0.29,-0.14,61.68,59.6,57.53,383,316,1.21,54.12,14.24,3.0,5.08,2026-06-22,2026-06-22 08:11:43
6780,學習王,41.45,41.45,41.45,41.45,85.6,78.53,49.11,0.79,1.02,-0.23,41.97,40.71,39.45,0,5,0.0,6.74,28.99,1.3,3.14,2026-06-18,2026-06-22 08:11:45
6781,AES-KY,1205.0,1195.0,1225.0,1180.0,76.03,64.13,50.4,6.2,2.46,3.74,1262.42,1166.5,1070.58,1351,1071,1.26,1029.3,31.62,12.5,1.04,2026-06-22,2026-06-22 08:11:46
6782,視陽,197.5,197.5,198.5,195.5,45.25,33.17,53.97,-1.68,-2.24,0.56,200.99,194.3,187.61,304,231,1.32,124.43,14.13,5.1,2.58,2026-06-22,2026-06-22 08:11:48
6784,天凱科技,25.35,21.9,25.35,21.9,42.9,28.49,45.37,-1.19,-1.06,-0.13,28.65,25.39,22.13,74,206,0.36,4.68,52.81,0.3,1.18,2026-06-22,2026-06-22 08:11:49
6785,昱展新藥,119.5,119.5,122.5,119.0,55.86,47.69,46.27,-4.74,-6.27,1.53,127.3,119.58,111.85,96,82,1.18,79.83,,0.25,0.21,2026-06-22,2026-06-22 08:11:52
6786,芯測,80.3,81.0,82.4,78.0,22.09,23.41,36.56,-4.56,-4.21,-0.35,95.83,87.06,78.29,353,239,1.48,24.76,,,,2026-06-22,2026-06-22 08:11:53
6787,晶瑞光,33.9,35.0,35.65,33.4,70.53,64.47,46.61,-0.31,-0.57,0.26,35.59,33.22,30.84,585,705,0.83,27.46,,,,2026-06-22,2026-06-22 08:11:55
6788,華景電,443.5,443.0,449.0,436.5,54.28,52.71,56.73,7.24,5.59,1.65,460.38,422.93,385.47,977,1110,0.88,171.81,25.77,15.0,3.38,2026-06-22,2026-06-22 08:11:56
6789,采鈺,555.0,579.0,593.0,554.0,68.17,52.48,51.63,-2.43,-5.74,3.31,581.29,515.62,449.96,5512,2922,1.89,1766.56,138.06,3.0,0.54,2026-06-22,2026-06-22 08:11:57
6790,永豐實,39.95,40.2,40.2,39.85,70.67,60.9,58.82,0.06,-0.01,0.07,40.2,39.59,38.99,240,209,1.15,106.72,13.23,2.55,6.38,2026-06-22,2026-06-22 08:11:58
6791,虎門科技,105.0,105.0,106.5,104.0,47.12,31.02,21.43,-3.39,-2.86,-0.53,123.63,109.58,95.52,88,48,1.83,21.89,25.24,3.5,3.33,2026-06-22,2026-06-22 08:12:00
6792,詠業,68.4,71.5,72.0,68.2,61.49,51.26,48.1,1.73,1.86,-0.13,71.11,67.0,62.88,156,149,1.05,32.06,30.95,2.5,3.65,2026-06-22,2026-06-22 08:12:01
6793,天力離岸,6.0,5.2,6.23,5.1,77.61,70.56,74.55,-0.11,-0.23,0.12,5.58,5.1,4.61,878,331,2.65,4.54,,,,2026-06-22,2026-06-22 08:12:02
6794,向榮生技,79.2,79.5,80.0,78.5,16.53,21.45,26.67,-0.46,-0.21,-0.25,83.77,80.62,77.48,52,42,1.22,50.4,,,,2026-06-22,2026-06-22 08:12:03
6796,晉弘,59.0,59.5,59.7,58.8,38.07,36.9,40.27,-1.68,-1.94,0.26,62.99,60.38,57.76,71,71,1.0,23.74,295.0,0.49,0.83,2026-06-22,2026-06-22 08:12:04
6797,圓點奈米,13.55,13.55,13.6,12.9,60.3,53.51,35.2,-0.37,-0.41,0.03,15.51,13.82,12.13,91,45,2.0,4.07,,,,2026-06-22,2026-06-22 08:12:06
6798,展逸,50.5,49.5,50.5,49.5,70.83,50.87,60.87,0.34,0.34,0.0,50.61,49.61,48.6,5,9,0.52,9.88,65.58,1.0,1.98,2026-06-22,2026-06-22 08:12:07
6799,來頡,109.5,104.0,109.5,101.0,72.29,49.24,52.02,0.59,0.08,0.51,117.64,98.44,79.23,2624,992,2.64,47.49,30.17,1.99,1.82,2026-06-22,2026-06-22 08:12:08
6803,崑鼎,288.0,286.5,288.5,285.5,70.76,70.84,54.84,-0.26,-0.35,0.09,288.99,287.05,285.11,152,105,1.44,209.64,15.64,15.78,5.48,2026-06-22,2026-06-22 08:12:10
6804,明係,16.45,16.45,16.45,16.15,70.61,70.21,60.0,0.13,0.12,0.01,16.54,16.22,15.9,50,39,1.27,7.81,,0.98,5.96,2026-06-22,2026-06-22 08:12:11
6805,富世達,1820.0,1775.0,1830.0,1750.0,27.86,22.3,33.52,-33.56,-18.99,-14.57,2150.89,1861.0,1571.11,1117,1180,0.95,1247.68,58.6,8.0,0.44,2026-06-22,2026-06-22 08:12:12
6806,森崴能源,3.51,3.17,3.56,3.17,7.83,7.07,15.01,-3.33,-3.76,0.42,8.81,5.57,2.33,6611,4022,1.64,9.64,0.39,1.23,35.04,2026-06-22,2026-06-22 08:12:13
6807,峰源-KY,33.4,33.0,33.4,33.0,62.25,63.98,49.23,-0.38,-0.52,0.14,34.01,33.43,32.85,6,24,0.26,18.04,7.17,2.5,7.49,2026-06-22,2026-06-22 08:12:15
6808,三鼎生技,24.6,24.6,24.7,23.8,32.32,38.89,26.11,-1.59,-1.63,0.05,30.69,26.39,22.1,225,152,1.47,18.94,29.29,0.53,2.15,2026-06-22,2026-06-22 08:12:19
6810,新穎生醫,26.7,27.7,27.7,26.4,22.08,26.78,20.97,-0.15,0.25,-0.4,31.12,28.83,26.53,118,68,1.74,13.2,,,,2026-06-22,2026-06-22 08:12:20
6811,宏碁資訊,229.0,236.0,236.0,228.0,48.71,44.33,43.97,5.16,6.53,-1.37,250.69,228.6,206.51,221,168,1.31,94.92,16.14,10.5,4.59,2026-06-22,2026-06-22 08:12:22
6812,梭特,67.8,70.4,70.5,67.0,60.97,67.39,44.44,-1.3,-1.25,-0.04,71.3,69.1,66.89,161,100,1.61,20.75,211.88,,,2026-06-22,2026-06-22 08:12:23
6814,路迦生醫,24.75,25.75,25.75,24.6,60.57,55.11,49.0,-0.27,-0.42,0.15,26.06,23.95,21.83,6,11,0.52,10.36,,,,2026-06-22,2026-06-22 08:12:24
6815,晶鑽生醫,30.35,30.4,30.65,30.0,64.15,65.9,31.03,-0.4,-0.41,0.02,32.93,31.53,30.13,70,36,1.94,11.99,,0.2,0.66,2026-06-22,2026-06-22 08:12:26
6816,捷智商訊,37.7,37.7,37.7,37.7,93.42,82.41,49.35,-0.25,-0.31,0.05,40.12,37.82,35.51,1,0,1.73,4.59,14.96,2.3,6.1,2026-06-22,2026-06-22 08:12:27
6817,溫士頓,60.2,60.0,61.0,59.8,79.94,81.12,60.73,-0.14,-0.63,0.48,61.05,58.6,56.16,21,45,0.47,11.09,9.45,5.0,8.31,2026-06-22,2026-06-22 08:12:29
6818,連騰,59.2,62.0,62.5,58.6,47.96,39.47,34.47,-1.62,-1.78,0.16,67.56,61.01,54.47,108,80,1.35,15.1,33.07,1.0,1.69,2026-06-22,2026-06-22 08:12:31
6819,眾智,39.0,39.05,40.5,37.55,22.54,17.11,21.72,-2.72,-1.14,-1.57,62.43,46.25,30.07,113,104,1.08,13.25,,,,2026-06-22,2026-06-22 08:12:33
6820,連訊,291.0,296.0,296.0,271.0,54.72,49.02,46.52,1.36,1.29,0.07,328.38,294.32,260.25,134,103,1.29,64.63,1003.45,0.3,0.1,2026-06-22,2026-06-22 08:12:35
6821,聯寶,68.5,68.7,71.7,66.8,44.41,39.72,49.15,1.95,2.48,-0.53,73.53,67.32,61.11,3377,2032,1.66,20.99,61.16,1.09,1.59,2026-06-22,2026-06-22 08:12:36
6823,濾能,71.7,73.2,73.2,71.5,62.69,42.39,43.78,-2.93,-3.35,0.42,80.74,71.15,61.56,206,134,1.53,21.87,,,,2026-06-22,2026-06-22 08:12:37
6825,和暢科技,44.95,46.5,46.5,43.4,70.21,73.38,46.06,0.76,0.91,-0.15,47.61,45.28,42.95,63,33,1.91,15.13,16.84,0.15,0.33,2026-06-22,2026-06-22 08:12:39
6826,和淞,559.0,569.0,569.0,553.0,63.5,61.14,53.79,0.09,-1.06,1.15,574.9,553.8,532.7,142,218,0.65,478.17,20.71,14.0,2.5,2026-06-22,2026-06-22 08:12:40
6827,巨生醫,12.9,12.8,13.0,12.35,65.04,53.26,48.84,0.04,0.06,-0.02,13.73,12.81,11.88,46,71,0.64,10.23,,,,2026-06-22,2026-06-22 08:12:43
6829,千附精密,207.5,205.5,209.5,202.0,55.64,45.75,31.0,-1.7,-1.06,-0.65,236.66,210.15,183.64,716,897,0.8,122.78,52.53,5.0,2.41,2026-06-22,2026-06-22 08:12:44
6830,汎銓,608.0,580.0,619.0,580.0,57.59,34.34,41.88,-48.47,-48.46,-0.01,809.68,616.42,423.17,1048,900,1.16,314.83,41.5,1.0,0.16,2026-06-22,2026-06-22 08:12:45
6831,邁科,817.0,840.0,840.0,794.0,70.49,57.69,55.94,31.49,35.08,-3.59,831.6,752.4,673.2,1651,968,1.71,553.19,165.05,3.0,0.37,2026-06-22,2026-06-22 08:12:46
6832,金鼎科,83.0,80.0,85.0,80.0,21.62,21.13,45.76,-2.63,-1.4,-1.23,100.55,88.29,76.03,25,22,1.14,21.92,26.43,1.7,2.05,2026-06-22,2026-06-22 08:12:48
6833,太康精密,23.0,23.3,23.7,22.8,43.92,38.92,26.91,-0.73,-0.68,-0.06,26.94,24.54,22.15,45,31,1.45,11.67,,,,2026-06-22,2026-06-22 08:12:49
6834,天二科技,111.5,111.5,111.5,106.5,92.49,82.41,70.52,11.47,9.06,2.41,102.78,80.04,57.3,9672,8311,1.16,98.65,223.0,0.4,0.36,2026-06-22,2026-06-22 08:12:50
6835,圓裕,36.8,37.15,37.15,36.7,18.92,16.2,40.14,-0.51,-0.42,-0.09,39.47,37.53,35.59,40,50,0.8,24.19,39.15,1.01,2.74,2026-06-22,2026-06-22 08:12:51
6838,台新藥,24.3,24.65,24.7,24.2,32.58,38.76,37.68,-0.48,-0.5,0.02,25.96,25.13,24.3,195,176,1.1,36.69,,,,2026-06-22,2026-06-22 08:12:52
6839,開陽能源,12.2,12.45,12.45,12.15,39.88,55.66,52.04,0.02,0.04,-0.01,13.52,12.52,11.53,82,39,2.1,9.91,,,,2026-06-22,2026-06-22 08:12:54
6840,東研信超,67.4,66.6,68.5,66.4,48.65,37.7,54.2,0.25,0.29,-0.04,72.04,66.37,60.69,94,58,1.61,20.73,43.21,1.0,1.48,2026-06-22,2026-06-22 08:12:55
6841,長佳智能,60.0,61.0,61.0,59.8,28.07,39.32,65.0,0.59,0.51,0.08,63.82,59.08,54.34,325,253,1.28,56.67,67.42,1.0,1.67,2026-06-22,2026-06-22 08:12:57
6842,一元素,97.6,105.0,105.5,93.5,45.46,28.65,38.83,-5.54,-5.87,0.34,116.23,99.11,81.99,510,402,1.27,22.45,26.03,,,2026-06-22,2026-06-22 08:12:58
6843,進典,41.0,41.5,42.5,40.5,35.8,26.9,50.7,-1.02,-1.18,0.16,43.13,41.02,38.91,94,82,1.15,13.65,19.34,,,2026-06-22,2026-06-22 08:13:00
6844,諾貝兒,65.5,65.1,65.5,64.5,77.07,79.03,58.06,0.3,0.26,0.05,66.78,65.22,63.66,81,44,1.84,24.52,27.87,4.0,6.11,2026-06-22,2026-06-22 08:13:01
6846,綠茵,65.8,66.9,66.9,65.6,29.47,41.87,37.7,-0.61,-0.51,-0.09,69.21,67.62,66.02,58,27,2.11,17.81,14.46,3.94,5.99,2026-06-22,2026-06-22 08:13:03
6847,普瑞博,72.8,73.2,76.7,72.8,26.81,34.3,23.85,2.53,4.16,-1.63,92.29,79.19,66.1,24,29,0.83,10.36,,,,2026-06-22,2026-06-22 08:13:04
6848,拉法醫,20.1,20.4,20.4,19.95,57.27,65.9,55.56,0.32,0.31,0.01,20.61,19.74,18.87,11,16,0.65,2.87,12.26,0.3,1.49,2026-06-22,2026-06-22 08:13:05
6849,奇鼎科技,160.5,170.0,173.0,159.5,9.52,17.6,23.49,-12.73,-9.09,-3.64,233.2,195.65,158.1,666,340,1.96,,,,,2026-06-22,2026-06-22 08:13:07
6850,光鼎生技,34.5,34.05,34.95,34.0,33.75,32.01,41.18,-0.33,-0.37,0.04,35.91,34.96,34.01,43,30,1.41,11.42,862.5,0.3,0.87,2026-06-22,2026-06-22 08:13:09
6854,錼創科技-KY創,132.5,131.5,135.5,131.0,40.91,31.54,31.33,-6.08,-5.45,-0.63,165.51,141.15,116.79,451,340,1.33,155.12,81.29,,,2026-06-22,2026-06-22 08:13:10
6855,數泓科,121.0,122.0,122.0,119.5,18.82,27.68,55.93,3.56,4.5,-0.94,139.48,121.4,103.32,13,10,1.33,28.13,15.51,5.5,4.55,2026-06-22,2026-06-22 08:13:12
6856,鑫傳,44.85,45.95,45.95,44.85,27.59,33.94,16.03,-1.3,-0.94,-0.36,53.38,48.95,44.52,54,36,1.51,12.65,17.12,2.75,6.13,2026-06-22,2026-06-22 08:13:13
6857,宏�硒撢�,94.3,94.0,94.5,92.5,47.45,43.92,32.98,-0.62,-0.43,-0.19,98.72,95.78,92.84,3,2,1.37,14.36,,,,2026-06-22,2026-06-22 08:13:14
6858,愛比科技,23.0,23.4,23.4,23.0,27.32,32.11,36.36,-0.45,-0.4,-0.05,25.69,24.16,22.62,6,9,0.64,6.26,,,,2026-06-22,2026-06-22 08:13:16
6859,伯特光,135.5,139.0,140.5,135.0,70.92,61.37,54.43,3.27,2.38,0.89,138.94,128.3,117.66,317,468,0.68,56.35,47.54,2.0,1.48,2026-06-22,2026-06-22 08:13:17
6861,睿生光電,378.5,408.0,408.0,375.5,66.0,48.02,46.36,-2.6,-0.55,-2.05,462.15,366.8,271.45,1377,1045,1.32,157.45,100.13,2.0,0.53,2026-06-22,2026-06-22 08:13:18
6862,三集瑞-KY,224.0,241.0,248.0,223.5,62.9,50.32,53.18,7.83,5.46,2.38,227.55,199.78,172.0,4005,2023,1.98,112.0,27.18,5.0,2.23,2026-06-22,2026-06-22 08:13:19
6863,永道-KY,95.4,96.0,96.7,95.2,27.72,27.0,24.41,-2.82,-1.69,-1.12,116.95,103.49,90.02,131,93,1.4,71.44,31.8,1.5,1.57,2026-06-22,2026-06-22 08:13:20
6864,元樟生技,47.5,47.65,47.65,46.1,36.35,36.58,9.52,-2.07,-2.01,-0.06,54.98,50.45,45.91,7,26,0.28,17.92,,,,2026-06-22,2026-06-22 08:13:22
6865,偉康科技,26.8,26.25,26.8,26.0,27.34,25.16,54.35,-1.31,-1.49,0.18,29.08,27.04,25.0,26,79,0.33,4.15,17.75,1.4,5.22,2026-06-22,2026-06-22 08:13:24
6867,坦德科技,20.5,20.5,20.5,19.9,62.8,59.89,35.71,-0.48,-0.53,0.05,21.46,20.89,20.31,1,13,0.07,7.18,,3.0,14.63,2026-06-22,2026-06-22 08:13:26
6868,采威國際,27.5,28.5,28.5,27.2,8.62,10.94,3.33,-0.94,-0.52,-0.41,37.56,31.46,25.35,30,19,1.6,6.89,,1.2,4.36,2026-06-22,2026-06-22 08:13:27
6869,雲豹能源,77.3,78.2,78.2,77.2,6.39,11.84,29.59,-1.82,-1.29,-0.53,88.83,82.05,75.27,495,498,0.99,103.08,7.56,5.01,6.48,2026-06-22,2026-06-22 08:13:28
6870,騰雲,270.0,277.5,284.0,270.0,26.17,41.08,44.13,17.24,22.0,-4.76,327.87,279.43,230.98,155,153,1.01,63.04,39.76,4.22,1.56,2026-06-22,2026-06-22 08:13:30
6872,浩宇生醫,17.35,17.6,17.6,17.3,65.02,50.35,53.16,-0.18,-0.28,0.09,18.23,17.19,16.15,49,54,0.9,12.28,,,,2026-06-22,2026-06-22 08:13:31
6873,泓德能源,81.8,78.8,81.9,78.8,18.09,12.82,37.5,-2.57,-1.58,-0.99,98.39,86.8,75.21,556,644,0.86,114.33,22.85,4.61,5.64,2026-06-22,2026-06-22 08:13:32
6874,倍力,86.5,85.2,90.0,85.2,65.38,65.8,70.27,0.39,-0.22,0.62,87.43,82.56,77.69,91,49,1.84,18.65,27.99,4.04,4.67,2026-06-22,2026-06-22 08:13:33
6875,國邑*,37.0,36.85,37.8,35.8,69.65,55.9,60.45,-0.25,-0.54,0.3,37.94,35.6,33.26,199,142,1.4,47.8,,,,2026-06-22,2026-06-22 08:13:35
6876,朗齊生醫*,16.7,15.95,17.35,15.95,23.31,24.93,51.14,-0.84,-0.83,-0.01,19.8,17.41,15.03,189,150,1.26,11.81,,,,2026-06-22,2026-06-22 08:13:36
6877,鏵友益,133.0,131.5,133.0,129.0,25.99,18.58,17.05,-7.88,-5.89,-1.99,180.33,147.53,114.72,156,173,0.9,62.47,221.67,0.1,0.08,2026-06-22,2026-06-22 08:13:38
6878,歐付寶,9.65,9.65,9.7,9.65,24.88,37.75,49.82,-0.14,-0.14,0.01,10.15,9.83,9.51,20,34,0.58,7.01,,,,2026-06-22,2026-06-22 08:13:39
6879,大江基因,37.0,37.0,37.0,37.0,89.06,82.44,62.71,0.18,0.12,0.06,37.72,36.48,35.25,0,9,0.0,9.79,24.34,2.0,5.41,2026-06-22,2026-06-22 08:13:41
6881,潤德,242.0,242.5,242.5,241.5,30.6,48.7,39.64,-0.36,0.91,-1.27,255.37,249.03,242.7,4,16,0.25,36.3,12.47,18.5,7.64,2026-06-22,2026-06-22 08:13:43
6882,甲尚,18.1,18.05,18.2,17.3,27.86,32.04,25.51,-0.23,0.08,-0.3,21.1,19.4,17.71,55,54,1.02,4.2,,0.5,2.76,2026-06-22,2026-06-22 08:13:44
6883,微電能源,12.35,9.54,12.35,8.73,38.14,18.2,41.57,-1.89,-1.62,-0.27,18.81,13.35,7.89,628,376,1.67,9.42,,,,2026-06-22,2026-06-22 08:13:46
6884,海柏特,33.4,33.4,33.4,33.1,27.0,43.94,50.45,0.01,0.05,-0.04,35.28,33.86,32.45,29,34,0.87,6.14,16.62,1.5,4.49,2026-06-22,2026-06-22 08:13:48
6885,全福生技,21.7,22.4,22.45,21.6,9.56,20.51,47.16,-0.11,0.13,-0.24,26.51,23.07,19.62,611,391,1.56,28.87,,,,2026-06-22,2026-06-22 08:13:49
6886,遠東生技,45.7,45.85,46.95,45.65,27.8,44.96,42.42,-0.43,-0.33,-0.09,49.49,47.23,44.96,6,3,1.59,14.54,24.31,1.0,2.19,2026-06-22,2026-06-22 08:13:51
6887,寶綠特-KY,35.0,33.5,35.0,33.3,51.45,50.01,39.68,-0.59,-0.78,0.19,37.08,34.55,32.03,22,19,1.16,25.94,7.73,3.96,11.31,2026-06-22,2026-06-22 08:13:52
6890,來億-KY,230.5,241.0,241.0,228.0,29.84,46.3,65.22,17.88,20.18,-2.29,299.14,219.72,140.31,262,409,0.64,574.87,17.8,9.0,3.9,2026-06-22,2026-06-22 08:13:53
6891,樂迦再生,51.0,47.35,52.7,45.55,48.73,29.3,47.81,-1.82,-1.64,-0.18,59.27,50.24,41.2,922,756,1.22,102.29,,,,2026-06-22,2026-06-22 08:13:54
6892,台寶生醫,27.8,25.65,27.8,25.35,70.23,58.89,56.9,-0.1,-0.13,0.03,28.69,26.71,24.74,188,129,1.46,25.74,,,,2026-06-22,2026-06-22 08:13:57
6894,衛司特,396.5,374.5,400.5,374.5,68.4,50.24,46.4,3.39,2.76,0.63,413.44,371.77,330.11,167,102,1.64,94.37,36.38,8.5,2.14,2026-06-22,2026-06-22 08:13:58
6895,宏碩系統,162.5,161.0,167.5,161.0,34.28,46.15,63.11,1.21,0.41,0.8,176.83,157.7,138.57,98,51,1.92,55.41,45.14,2.9,1.78,2026-06-22,2026-06-22 08:13:59
6898,程曦資訊,96.7,96.5,96.9,95.5,69.85,61.12,46.06,-2.04,-2.9,0.86,104.03,95.87,87.72,218,191,1.14,28.06,16.36,5.3,5.48,2026-06-22,2026-06-22 08:14:02
6899,創為精密,60.5,61.5,61.5,60.1,36.89,43.74,25.44,0.54,1.06,-0.52,65.6,62.44,59.29,65,57,1.14,25.35,16.95,2.43,4.02,2026-06-22,2026-06-22 08:14:04
6901,鑽石投資,17.35,17.0,17.7,16.8,76.25,72.14,85.0,0.8,0.56,0.24,18.0,14.71,11.42,4640,3377,1.37,147.97,,,,2026-06-22,2026-06-22 08:14:05
6902,GOGOLOOK,130.5,134.0,134.0,129.0,24.59,28.96,35.14,3.41,6.21,-2.8,151.04,138.03,125.01,122,148,0.83,46.37,83.12,,,2026-06-22,2026-06-22 08:14:06
6903,巨漢,390.5,395.0,400.0,390.5,54.08,51.43,46.62,-1.29,-0.39,-0.9,427.65,396.52,365.4,697,834,0.84,257.14,36.8,8.5,2.18,2026-06-22,2026-06-22 08:14:08
6904,伯鑫,123.0,121.5,124.0,118.0,94.44,95.71,85.71,1.53,0.93,0.6,123.93,119.08,114.22,10,3,3.33,22.76,22.69,5.0,4.07,2026-06-22,2026-06-22 08:14:09
6906,現觀科,90.4,92.0,93.1,90.0,20.01,20.23,32.86,2.94,5.0,-2.06,110.98,97.48,83.99,187,175,1.07,29.14,48.34,3.33,3.68,2026-06-22,2026-06-22 08:14:10
6907,雅特力-KY,145.5,137.5,149.0,137.5,33.53,31.53,57.85,3.83,4.19,-0.36,162.15,135.6,109.05,1985,1302,1.52,,,,,2026-06-22,2026-06-22 08:14:12
6908,宏碁遊戲-創,39.0,38.75,39.0,38.2,46.44,47.86,35.56,-0.35,-0.43,0.08,40.89,39.13,37.36,14,11,1.33,14.5,27.08,1.24,3.18,2026-06-22,2026-06-22 08:14:13
6909,創控,55.9,55.9,55.9,55.9,74.54,52.86,55.92,-0.83,-1.62,0.79,56.57,49.26,41.94,516,510,1.01,37.58,56.46,1.0,1.79,2026-06-22,2026-06-22 08:14:14
6910,德鴻,28.1,27.8,28.1,27.8,20.87,29.68,40.82,-0.08,-0.01,-0.07,29.79,28.47,27.15,34,25,1.36,8.58,14.19,1.75,6.23,2026-06-22,2026-06-22 08:14:15
6911,群運,31.65,31.6,31.75,31.6,63.69,65.5,36.36,-0.2,-0.22,0.02,32.21,31.79,31.37,4,14,0.35,7.09,25.32,2.0,6.32,2026-06-22,2026-06-22 08:14:17
6912,益鈞環科*,11.95,12.8,12.8,11.8,22.65,30.99,26.32,-0.94,-0.92,-0.02,14.94,13.67,12.4,284,168,1.69,18.9,,,,2026-06-22,2026-06-22 08:14:19
6913,鴻呈,125.5,128.5,129.5,124.0,34.22,33.3,36.64,-1.63,-0.62,-1.01,145.34,131.92,118.5,212,199,1.07,,14.33,2.5,1.99,2026-06-22,2026-06-22 08:14:21
6914,阜爾運通,143.5,142.5,144.5,142.5,73.62,65.75,60.87,-0.48,-0.87,0.4,143.66,141.7,139.74,54,45,1.19,95.03,14.98,6.0,4.18,2026-06-22,2026-06-22 08:14:22
6915,美強光,60.9,50.4,60.9,49.45,48.16,32.52,49.14,-3.76,-3.41,-0.35,73.09,58.14,43.18,149,80,1.86,21.5,,,,2026-06-22,2026-06-22 08:14:23
6916,華凌,22.1,22.95,23.0,21.95,70.94,72.51,65.37,0.97,0.66,0.31,22.77,19.72,16.67,188,453,0.42,14.92,,0.28,1.27,2026-06-22,2026-06-22 08:14:25
6917,竟天,32.55,32.25,33.3,31.85,68.72,56.8,48.45,-0.49,-0.69,0.19,34.09,31.66,29.23,397,338,1.17,17.99,,,,2026-06-22,2026-06-22 08:14:27
6918,愛派司,74.0,74.2,74.2,73.3,61.59,55.56,53.97,-0.27,-0.4,0.13,74.46,73.59,72.72,32,29,1.13,25.21,14.37,5.0,6.76,2026-06-22,2026-06-22 08:14:28
6919,康霈*,119.5,113.0,119.5,112.5,81.75,60.32,75.06,1.19,-1.35,2.55,112.93,98.18,83.43,17818,16722,1.07,1859.86,22.25,,,2026-06-22,2026-06-22 08:14:29
6920,恆勁科技,112.0,111.0,116.5,107.5,63.29,51.31,35.55,0.83,1.5,-0.67,131.04,112.22,93.4,3042,2270,1.34,232.09,,,,2026-06-22,2026-06-22 08:14:30
6921,嘉雨思-創,70.2,71.5,71.6,70.0,49.46,40.17,33.74,-2.68,-2.8,0.12,78.63,72.82,67.01,65,38,1.7,22.35,200.57,,,2026-06-22,2026-06-22 08:14:31
6922,宸曜,185.5,189.5,191.0,185.5,19.52,23.31,34.13,0.76,2.49,-1.72,206.46,191.7,176.94,173,155,1.12,50.37,27.24,4.79,2.58,2026-06-22,2026-06-22 08:14:33
6923,中台,78.0,78.0,79.5,77.5,70.31,66.13,68.92,0.12,-0.31,0.43,78.09,75.79,73.49,122,172,0.71,70.54,25.74,3.03,3.88,2026-06-22,2026-06-22 08:14:34
6924,榮惠-KY創,126.5,133.5,133.5,126.0,22.19,15.92,29.29,-3.98,2.07,-6.05,203.78,148.93,94.07,38,30,1.25,26.09,22.39,5.5,4.35,2026-06-22,2026-06-22 08:14:35
6925,意藍,63.4,64.1,65.6,63.0,9.57,19.81,52.86,0.41,0.84,-0.43,77.27,64.34,51.42,139,119,1.16,12.68,20.39,2.0,3.15,2026-06-22,2026-06-22 08:14:36
6926,聖安生醫,63.5,64.2,64.7,61.8,72.54,70.4,56.73,-0.32,-0.42,0.1,65.22,63.64,62.06,33,18,1.84,31.62,,,,2026-06-22,2026-06-22 08:14:38
6927,聯合聚晶,65.4,63.2,65.6,63.2,72.74,60.78,55.17,1.98,2.33,-0.36,67.83,62.87,57.92,159,70,2.27,25.03,,0.25,0.38,2026-06-22,2026-06-22 08:14:41
6928,攸泰科技,49.5,48.3,51.1,48.3,68.61,57.19,54.42,0.14,-0.31,0.44,50.2,46.52,42.85,384,225,1.7,42.57,,0.5,1.01,2026-06-22,2026-06-22 08:14:44
6929,佑全,24.1,24.35,24.35,23.2,65.71,61.47,62.42,-0.14,-0.45,0.31,25.51,23.17,20.83,11,9,1.13,10.87,,,,2026-06-22,2026-06-22 08:14:46
6931,青松健康,40.3,40.5,40.75,40.3,34.87,45.11,53.26,-0.7,-0.94,0.24,41.58,40.55,39.52,88,62,1.42,26.66,28.99,0.96,2.38,2026-06-22,2026-06-22 08:14:47
6932,水星生醫*,6.43,6.49,6.57,6.27,31.43,38.67,35.88,-0.23,-0.23,0.0,7.07,6.72,6.36,323,282,1.15,26.82,,,,2026-06-22,2026-06-22 08:14:48
6933,AMAX-KY,156.5,157.5,161.0,156.0,54.78,38.57,23.39,-3.44,-2.53,-0.92,187.72,163.22,138.73,201,124,1.61,66.33,31.87,2.0,1.28,2026-06-22,2026-06-22 08:14:49
6934,心誠鎂,68.7,71.3,71.3,67.9,26.28,28.18,40.85,-2.18,-2.22,0.04,76.66,71.74,66.81,90,82,1.09,24.71,,,,2026-06-22,2026-06-22 08:14:50
6935,王子製藥,29.8,30.8,30.8,28.5,51.95,52.39,48.57,0.12,0.09,0.03,31.17,29.87,28.57,49,17,2.8,11.15,11.42,0.5,1.68,2026-06-22,2026-06-22 08:14:52
6936,永鴻生技,33.0,33.35,33.35,32.9,54.29,69.83,65.08,0.28,0.19,0.09,34.29,32.61,30.93,74,25,2.89,24.03,18.13,1.51,4.58,2026-06-22,2026-06-22 08:14:53
6937,天虹,287.0,282.0,288.0,281.5,55.92,43.44,38.24,-7.15,-6.47,-0.69,339.87,293.12,246.38,354,470,0.75,193.65,95.03,2.1,0.73,2026-06-22,2026-06-22 08:14:54
6938,藍新資訊,97.0,97.0,99.4,96.0,72.51,72.83,52.05,1.84,1.69,0.15,100.31,96.03,91.76,68,51,1.33,12.19,15.98,5.0,5.15,2026-06-22,2026-06-22 08:14:56
6939,啟弘生技,20.5,20.5,20.5,20.5,56.92,40.54,55.13,-0.44,-0.51,0.07,20.86,20.08,19.3,1,5,0.18,7.18,,,,2026-06-22,2026-06-22 08:14:58
6940,格斯科技*,28.15,28.3,29.2,27.9,71.36,55.98,41.43,1.04,0.98,0.06,30.3,26.32,22.35,2577,1627,1.58,87.88,,,,2026-06-22,2026-06-22 08:15:00
6944,兆聯實業,1070.0,1080.0,1115.0,1060.0,85.37,79.99,72.26,31.36,17.64,13.72,1053.56,956.2,858.84,1091,836,1.3,820.56,34.02,14.0,1.31,2026-06-22,2026-06-22 08:15:01
6945,圓祥生技,102.0,99.0,105.0,98.5,34.75,21.88,23.19,-16.46,-17.44,0.98,144.6,114.17,83.73,521,387,1.35,99.44,,,,2026-06-22,2026-06-22 08:15:02
6946,三地能源,10.25,10.55,11.15,10.25,30.56,41.91,41.76,-0.39,-0.41,0.02,11.74,11.06,10.39,121,61,1.98,33.19,,,,2026-06-22,2026-06-22 08:15:04
6947,台鎔科技,94.8,93.0,96.6,90.0,62.69,65.95,82.95,3.55,3.13,0.42,99.31,87.74,76.16,992,1313,0.76,89.43,135.43,0.6,0.63,2026-06-22,2026-06-22 08:15:05
6949,沛爾生醫-創,886.0,911.0,915.0,857.0,82.36,80.59,83.61,46.34,19.21,27.13,895.53,716.85,538.17,294,415,0.71,580.68,,,,2026-06-22,2026-06-22 08:15:06
6951,青新-創,77.6,78.6,78.6,77.3,30.9,42.4,52.31,0.44,0.55,-0.1,80.05,78.28,76.51,79,41,1.91,35.7,14.5,4.0,5.15,2026-06-22,2026-06-22 08:15:07
6952,大武山,36.0,36.5,36.85,35.6,32.76,30.27,30.77,-0.36,-0.41,0.05,36.91,36.24,35.58,54,25,2.17,24.24,,2.0,5.56,2026-06-22,2026-06-22 08:15:10
6953,家碩,236.0,239.5,240.0,236.0,70.93,58.79,42.03,-5.35,-5.65,0.3,264.14,238.8,213.46,47,56,0.85,70.83,29.72,6.0,2.54,2026-06-22,2026-06-22 08:15:11
6955,邦睿生技-創,128.0,131.0,131.0,127.5,3.25,5.86,9.52,-6.24,-5.35,-0.89,155.55,142.12,128.7,29,16,1.79,31.75,31.07,1.5,1.17,2026-06-22,2026-06-22 08:15:12
6957,裕慶-KY,190.0,191.5,191.5,188.0,58.58,63.57,71.26,7.16,7.28,-0.12,206.9,182.43,157.95,143,110,1.3,104.18,18.66,13.16,6.93,2026-06-22,2026-06-22 08:15:13
6958,日盛台駿,17.15,17.05,17.2,16.95,59.73,60.71,46.38,-0.16,-0.25,0.08,17.73,17.09,16.44,92,64,1.43,68.82,,0.2,1.17,2026-06-22,2026-06-22 08:15:14
6959,兆捷科技,142.5,144.0,145.5,141.0,72.89,65.76,57.3,4.04,3.83,0.21,151.69,136.88,122.06,350,256,1.37,55.81,,,,2026-06-22,2026-06-22 08:15:16
6961,旅天下,55.0,55.3,55.3,54.9,29.52,38.32,48.28,0.37,0.47,-0.1,57.42,55.4,53.38,47,57,0.82,14.76,13.0,5.0,9.09,2026-06-22,2026-06-22 08:15:17
6962,奕力-KY,40.05,39.7,41.4,39.65,76.58,64.49,56.94,0.43,0.1,0.33,40.8,37.21,33.63,9746,6541,1.49,197.2,14.0,2.0,4.99,2026-06-22,2026-06-22 08:15:19
6963,品元,27.5,27.5,27.5,27.5,64.15,53.7,54.44,0.11,0.01,0.11,28.06,26.8,25.54,0,0,0.05,4.39,,,,2026-06-18,2026-06-22 08:15:21
6965,中傑-KY,77.8,78.0,78.0,75.1,86.33,80.88,74.84,0.22,-0.15,0.37,79.54,75.41,71.27,106,56,1.89,121.65,22.23,5.0,6.43,2026-06-22,2026-06-22 08:15:22
6967,汎瑋材料,74.0,73.0,74.0,72.5,80.07,68.51,60.26,-0.3,-0.65,0.35,73.86,71.12,68.37,81,48,1.68,18.06,18.45,3.7,5.0,2026-06-22,2026-06-22 08:15:23
6968,萬達寵物,43.3,43.0,43.3,42.7,50.84,52.25,52.0,-0.08,-0.19,0.12,44.34,43.18,42.01,46,32,1.44,21.41,17.6,1.0,2.31,2026-06-22,2026-06-22 08:15:25
6969,成信實業*-創,25.7,26.6,26.6,25.35,17.61,19.34,13.24,-0.57,-0.46,-0.11,28.65,27.27,25.9,132,94,1.4,11.27,,,,2026-06-22,2026-06-22 08:15:26
6971,惠民實業,28.55,27.8,29.05,27.5,54.96,48.73,68.75,-0.13,-0.33,0.2,28.15,27.19,26.22,165,130,1.27,11.04,11.85,,,2026-06-22,2026-06-22 08:15:27
6972,博瑞達應材,23.95,24.0,24.0,22.85,53.47,63.66,50.98,-0.21,-0.21,0.0,25.07,23.93,22.79,2,4,0.47,,,,,2026-06-22,2026-06-22 08:15:29
6973,永立榮,33.8,33.0,33.95,32.9,59.41,55.68,55.47,-0.53,-0.63,0.09,34.44,33.2,31.96,79,35,2.24,13.03,,,,2026-06-22,2026-06-22 08:15:30
6976,育世博-KY,13.05,12.2,14.3,12.2,36.44,35.66,50.79,-0.07,-0.07,0.01,13.17,12.57,11.97,2368,770,3.08,75.89,,,,2026-06-22,2026-06-22 08:15:31
6977,聯純,293.5,284.0,296.0,278.0,78.82,64.88,53.3,-6.28,-7.93,1.65,304.37,285.88,267.38,52,51,1.04,39.93,18.11,2.0,0.68,2026-06-22,2026-06-22 08:15:34
6979,勝釩,190.0,181.0,190.0,178.5,59.15,36.16,43.71,-11.18,-10.39,-0.79,244.78,195.6,146.42,25,12,2.08,22.8,32.31,,,2026-06-22,2026-06-22 08:15:35
6980,鐳洋科技,146.0,153.0,153.0,145.0,41.79,49.54,39.44,-5.2,-5.4,0.2,176.27,156.45,136.63,186,234,0.79,42.34,143.14,,,2026-06-22,2026-06-22 08:15:37
6982,大井泵浦,59.0,58.7,59.0,58.6,31.68,29.45,59.15,1.04,1.21,-0.17,62.78,58.18,53.57,55,54,1.02,24.09,983.33,1.6,2.71,2026-06-22,2026-06-22 08:15:38
6983,華洋精機,371.5,385.5,398.0,364.0,57.58,45.58,50.43,-14.73,-18.11,3.38,433.13,369.45,305.77,158,92,1.73,66.94,83.48,3.0,0.81,2026-06-22,2026-06-22 08:15:39
6984,ACPAY,19.45,19.3,19.45,18.55,74.76,60.46,71.68,-0.13,-0.33,0.2,21.84,18.76,15.68,3,5,0.57,3.74,,,,2026-06-22,2026-06-22 08:15:41
6986,和迅,55.5,56.8,56.8,54.8,9.13,14.95,26.38,-0.95,-0.24,-0.71,65.35,60.7,56.06,132,172,0.77,25.53,22.84,0.22,0.4,2026-06-22,2026-06-22 08:15:42
6987,寶晶能源*,20.0,20.1,20.1,19.85,51.33,46.41,28.0,-0.07,-0.06,-0.01,20.83,20.14,19.45,97,95,1.01,44.64,19.23,0.52,2.6,2026-06-22,2026-06-22 08:15:44
6988,威力暘-創,13.95,14.0,14.15,13.95,8.96,7.67,22.0,-0.41,-0.28,-0.12,16.87,14.87,12.87,39,52,0.76,6.33,,0.45,3.23,2026-06-22,2026-06-22 08:15:45
6994,富威電力,53.4,53.4,54.4,51.2,10.79,13.2,12.5,-2.06,-1.48,-0.59,67.13,59.18,51.23,1519,718,2.12,38.64,8.63,0.95,1.78,2026-06-22,2026-06-22 08:15:47
6995,野獸國,46.5,45.8,46.7,45.75,75.88,67.19,51.72,-0.78,-0.91,0.13,47.99,46.62,45.25,28,23,1.22,11.78,51.67,0.07,0.15,2026-06-22,2026-06-22 08:15:48
6996,力領科技,194.5,195.0,199.5,194.0,41.69,48.67,54.72,2.64,3.41,-0.77,201.8,193.12,184.45,122,103,1.19,81.69,16.17,10.0,5.14,2026-06-22,2026-06-22 08:15:51
6997,博弘,76.5,75.0,76.5,74.1,45.25,53.03,47.66,0.51,0.15,0.36,80.68,73.86,67.04,8,5,1.54,16.91,15.0,5.0,6.54,2026-06-22,2026-06-22 08:15:52
6999,瀚醫生技,30.0,30.0,30.0,30.0,44.92,51.88,35.4,-0.15,-0.09,-0.06,31.99,30.65,29.31,4,2,1.64,6.6,29.41,0.6,2.0,2026-06-22,2026-06-22 08:15:54
7402,邑錡,101.0,97.0,101.0,96.8,50.23,32.43,44.6,-3.65,-4.52,0.87,105.07,96.44,87.82,504,222,2.27,35.63,1010.0,0.5,0.5,2026-06-22,2026-06-22 08:15:56
7547,碩網,59.9,59.4,59.9,59.3,37.15,31.27,38.56,-2.47,-2.61,0.14,66.58,61.19,55.79,23,26,0.87,20.14,23.4,1.35,2.25,2026-06-22,2026-06-22 08:15:57
7556,意德士,293.0,276.5,302.5,276.5,58.61,51.74,58.01,2.97,2.94,0.03,295.14,279.5,263.86,331,117,2.82,80.05,43.47,4.1,1.4,2026-06-22,2026-06-22 08:15:59
7584,樂意,29.1,28.9,29.7,27.8,84.57,77.12,74.34,-0.27,-0.94,0.67,28.85,25.65,22.44,30,20,1.5,4.67,,4.0,13.75,2026-06-22,2026-06-22 08:16:00
7610,聯友金屬-創,2505.0,2480.0,2545.0,2335.0,86.4,75.12,76.81,309.95,259.06,50.89,2377.12,1707.5,1037.88,973,739,1.32,1217.07,470.86,0.2,0.01,2026-06-22,2026-06-22 08:16:01
7631,聚賢研發-創,139.0,132.5,139.0,132.5,75.62,66.42,68.42,2.13,1.05,1.09,135.65,127.42,119.2,110,65,1.69,28.0,21.52,6.4,4.6,2026-06-22,2026-06-22 08:16:02
7642,昶瑞機電,71.1,71.8,72.0,71.1,52.76,54.49,64.67,1.31,1.02,0.29,76.23,68.51,60.79,20,23,0.87,21.44,21.61,3.0,4.22,2026-06-22,2026-06-22 08:16:06
7703,銳澤,213.0,207.5,215.5,207.5,83.31,70.88,58.98,0.59,-1.77,2.36,217.3,199.69,182.08,150,208,0.72,74.01,24.51,7.0,3.29,2026-06-22,2026-06-22 08:16:07
7704,明遠精密,60.2,58.6,61.5,58.0,51.68,51.55,48.59,-0.21,0.03,-0.24,64.51,60.2,55.89,103,52,1.96,20.33,29.37,1.8,2.99,2026-06-22,2026-06-22 08:16:08
7705,三商餐飲,32.0,32.15,32.15,31.0,62.43,51.11,57.65,-0.08,-0.21,0.13,32.36,31.45,30.55,87,47,1.83,21.14,16.67,1.6,5.0,2026-06-22,2026-06-22 08:16:10
7708,全家餐飲,93.1,92.0,94.0,92.0,79.57,82.15,62.0,0.44,0.33,0.1,94.42,92.76,91.09,11,8,1.25,23.74,14.48,5.5,5.91,2026-06-22,2026-06-22 08:16:11
7709,榮田,100.0,104.0,104.0,99.2,28.24,38.28,34.96,5.37,8.01,-2.64,133.19,110.26,87.34,575,356,1.61,39.1,40.82,1.5,1.5,2026-06-22,2026-06-22 08:16:12
7711,永擎,356.0,364.5,368.5,355.0,27.42,26.22,26.45,-5.29,-1.94,-3.35,414.07,377.4,340.73,648,400,1.62,255.08,28.23,8.99,2.53,2026-06-22,2026-06-22 08:16:14
7712,博盛半導體,202.5,202.0,202.5,200.5,83.15,62.18,70.5,7.78,4.09,3.69,193.18,159.97,126.77,1223,1476,0.83,65.94,37.57,4.0,1.98,2026-06-22,2026-06-22 08:16:15
7713,威力德生醫,71.5,70.2,71.7,69.6,59.12,57.82,37.76,0.78,0.79,-0.01,74.6,70.34,66.08,25,21,1.19,32.52,15.82,4.1,5.73,2026-06-22,2026-06-22 08:16:16
7714,創泓科技,132.0,127.5,133.5,127.5,28.21,30.42,57.14,1.04,1.1,-0.06,141.54,127.35,113.16,92,60,1.54,27.72,21.05,5.0,3.79,2026-06-22,2026-06-22 08:16:18
7715,裕山,34.85,35.0,35.6,33.7,76.92,65.6,77.82,1.18,0.56,0.62,32.7,28.84,24.97,1157,652,1.77,11.41,11.43,1.8,5.16,2026-06-22,2026-06-22 08:16:19
7716,昱臺國際,25.05,26.0,26.0,25.05,68.89,70.63,30.51,0.08,0.08,0.01,26.3,25.52,24.75,7,6,1.07,5.64,11.23,2.0,7.98,2026-06-22,2026-06-22 08:16:20
7717,萊德光電-KY,544.0,555.0,555.0,540.0,9.39,16.34,30.28,-37.38,-31.85,-5.53,724.75,616.65,508.55,259,349,0.74,134.79,89.77,,,2026-06-22,2026-06-22 08:16:22
7718,友鋮,46.7,47.0,47.0,46.5,70.34,71.31,45.37,0.33,0.31,0.02,48.02,46.85,45.68,32,10,2.99,21.27,12.49,2.5,5.35,2026-06-22,2026-06-22 08:16:23
7721,微程式,77.0,77.0,81.1,75.1,37.23,49.75,45.9,0.53,0.79,-0.26,82.85,77.56,72.27,752,700,1.07,42.63,140.0,2.0,2.6,2026-06-22,2026-06-22 08:16:24
7722,LINEPAY,321.0,330.0,332.0,320.5,43.57,55.31,59.84,14.35,11.77,2.58,367.96,299.32,230.67,178,367,0.48,218.28,44.46,1.5,0.47,2026-06-22,2026-06-22 08:16:25
7723,築間,23.35,23.8,23.95,23.25,42.19,46.03,57.14,-0.87,-1.25,0.39,24.18,23.2,22.21,156,211,0.74,11.12,,10.0,42.83,2026-06-22,2026-06-22 08:16:27
7728,光焱科技,732.0,775.0,775.0,715.0,41.27,36.72,48.7,-8.24,-7.25,-0.99,786.18,734.85,683.52,49,53,0.93,101.41,149.08,5.0,0.68,2026-06-22,2026-06-22 08:16:28
7730,暉盛-創,187.5,193.0,194.0,184.0,40.49,29.16,32.7,-3.66,-1.54,-2.12,226.68,193.18,159.67,234,137,1.71,68.99,109.65,1.0,0.53,2026-06-22,2026-06-22 08:16:29
7732,金興精密,36.0,36.0,36.0,35.05,56.23,55.46,48.89,0.13,0.14,-0.01,36.38,35.91,35.43,23,16,1.39,22.92,20.81,1.5,4.17,2026-06-22,2026-06-22 08:16:31
7734,印能科技,3560.0,3685.0,3790.0,3345.0,69.49,53.54,53.4,-1.63,-31.98,30.35,3885.69,3319.0,2752.31,347,278,1.25,987.9,107.04,19.85,0.56,2026-06-22,2026-06-22 08:16:32
7736,虎山,71.6,72.4,74.1,71.6,45.63,45.24,37.61,-0.56,-0.71,0.15,74.82,72.69,70.56,60,38,1.57,54.11,14.23,3.8,5.31,2026-06-22,2026-06-22 08:16:33
7738,東聯互動,172.0,173.0,173.0,171.0,67.07,62.48,44.44,-0.7,-1.56,0.86,175.98,169.7,163.42,28,54,0.51,47.05,11.81,4.5,2.62,2026-06-22,2026-06-22 08:16:34
7740,熙特爾-創,161.0,159.0,162.0,158.5,26.64,27.03,39.81,-3.83,-2.54,-1.29,185.92,170.62,155.33,245,381,0.64,85.65,32.99,2.05,1.27,2026-06-22,2026-06-22 08:16:36
7743,金利食安,20.05,19.8,20.05,19.6,86.56,74.34,70.0,0.0,-0.18,0.18,19.89,18.99,18.1,63,20,3.02,7.31,35.18,1.4,6.98,2026-06-22,2026-06-22 08:16:38
7744,崴寶,476.0,484.5,484.5,474.0,56.47,57.63,43.35,-6.48,-7.45,0.97,516.56,483.47,450.38,81,103,0.79,152.32,29.33,7.0,1.47,2026-06-22,2026-06-22 08:16:39
7747,昕奇雲端,126.0,127.0,127.5,126.0,34.3,40.85,39.13,-0.18,-0.01,-0.18,130.01,127.72,125.44,4,4,0.95,34.56,31.27,3.45,2.74,2026-06-22,2026-06-22 08:16:41
7749,意騰-KY,478.5,495.5,495.5,476.0,46.12,50.97,44.41,2.4,5.65,-3.25,533.19,492.93,452.66,477,397,1.2,222.43,42.95,7.0,1.46,2026-06-22,2026-06-22 08:16:42
7750,新代,2290.0,2400.0,2400.0,2250.0,74.56,63.05,52.0,-19.55,-18.8,-0.75,2571.37,2295.5,2019.63,356,268,1.33,1643.03,67.57,16.0,0.7,2026-06-22,2026-06-22 08:16:44
7751,竑騰,1490.0,1505.0,1575.0,1470.0,60.17,44.3,28.75,-105.59,-115.47,9.88,1880.49,1561.25,1242.01,405,297,1.36,400.64,72.72,18.0,1.21,2026-06-22,2026-06-22 08:16:46
7753,星亞,41.45,41.15,41.45,40.95,31.84,31.07,29.41,-0.19,-0.04,-0.15,44.18,42.51,40.85,35,27,1.28,10.36,10.04,1.33,3.21,2026-06-22,2026-06-22 08:16:48
7757,金色三麥,99.6,100.5,100.5,99.6,17.04,33.43,34.03,0.58,0.84,-0.26,105.75,100.63,95.52,58,38,1.54,24.0,11.12,7.75,7.78,2026-06-22,2026-06-22 08:16:49
7760,享溫馨,34.0,33.65,34.0,33.55,84.56,76.36,65.45,-0.33,-0.67,0.35,33.83,32.41,31.0,265,143,1.86,22.47,50.75,2.0,5.88,2026-06-22,2026-06-22 08:16:51
7765,中華資安,233.0,240.0,240.0,232.0,32.22,34.4,26.77,0.95,2.5,-1.56,255.12,240.84,226.55,185,137,1.35,94.79,20.35,9.67,4.15,2026-06-22,2026-06-22 08:16:52
7767,仁大資訊,42.85,42.85,42.85,42.75,68.37,65.83,61.9,-0.29,-0.41,0.12,43.64,42.57,41.5,22,19,1.16,12.9,10.33,3.0,7.0,2026-06-22,2026-06-22 08:16:54
7768,頌勝科技,375.0,375.0,378.5,373.0,22.29,23.76,28.87,-5.82,-3.65,-2.17,430.08,390.23,350.37,192,164,1.17,262.74,128.87,3.45,0.92,2026-06-22,2026-06-22 08:16:56
7769,鴻勁,6915.0,7010.0,7150.0,6760.0,44.84,46.37,37.23,156.31,275.1,-118.79,8095.07,7352.5,6609.93,1202,771,1.56,12442.16,91.8,64.99,0.94,2026-06-22,2026-06-22 08:16:57
7770,君曜,44.0,42.2,46.0,42.2,42.21,30.04,49.62,-0.85,-1.02,0.16,45.94,43.22,40.51,21,12,1.66,13.23,14.77,4.0,9.09,2026-06-22,2026-06-22 08:16:58
7772,耀穎,146.0,149.0,153.0,145.0,25.55,24.3,49.77,-7.06,-6.64,-0.42,177.0,152.78,128.55,193,135,1.43,,,1.5,1.03,2026-06-22,2026-06-22 08:16:59
7777,能率亞洲,41.0,42.75,42.75,40.7,64.19,60.56,45.07,2.34,2.41,-0.07,45.19,39.65,34.11,2823,8384,0.34,74.83,70.69,0.03,0.07,2026-06-22,2026-06-22 08:17:01
7780,大研生醫*,18.7,18.5,19.1,18.2,78.21,76.52,77.86,0.2,0.01,0.19,18.74,17.47,16.2,2660,2668,1.0,150.64,374.0,3.57,19.09,2026-06-22,2026-06-22 08:17:02
7782,光速火箭,27.5,28.15,28.15,27.1,77.1,73.52,66.37,0.24,-0.11,0.35,28.01,25.92,23.83,8,36,0.22,6.35,12.97,5.03,18.29,2026-06-22,2026-06-22 08:17:03
7786,東方風能,126.5,130.0,130.0,126.0,62.73,63.52,63.86,0.59,-0.75,1.34,133.11,122.22,111.34,182,211,0.86,221.83,11.55,2.0,1.58,2026-06-22,2026-06-22 08:17:05
7788,松川精密,281.5,305.0,305.5,279.5,80.71,82.4,75.56,26.22,21.19,5.03,308.53,229.88,151.22,3238,3439,0.94,224.48,77.76,2.5,0.89,2026-06-22,2026-06-22 08:17:06
7791,皇家可口,62.2,63.0,63.0,62.2,13.94,21.73,35.39,0.27,0.44,-0.17,65.07,62.97,60.87,98,83,1.18,49.76,11.11,3.81,6.13,2026-06-22,2026-06-22 08:17:08
7792,安葆,285.5,265.0,287.0,265.0,60.03,40.28,49.83,-7.75,-10.97,3.22,293.32,264.49,235.65,463,177,2.61,133.22,32.74,8.0,2.8,2026-06-22,2026-06-22 08:17:09
7794,宏碁智新,31.4,31.55,31.55,31.25,17.78,28.87,55.93,-0.44,-0.66,0.22,34.92,31.33,27.74,71,51,1.39,,8.58,,,2026-06-22,2026-06-22 08:17:11
7795,長廣,451.0,425.0,451.0,421.0,83.3,65.74,59.72,6.2,0.42,5.78,442.73,394.7,346.67,1319,515,2.56,355.52,144.55,2.15,0.48,2026-06-22,2026-06-22 08:17:12
7799,禾榮科,386.0,362.5,393.5,359.0,55.4,45.92,65.56,5.93,1.61,4.31,390.21,346.4,302.59,880,570,1.54,609.86,40.33,,,2026-06-22,2026-06-22 08:17:13
7805,威聯通,687.0,698.0,698.0,686.0,14.06,15.8,14.1,-12.79,-3.58,-9.22,832.26,742.25,652.24,80,68,1.17,227.57,15.54,40.0,5.82,2026-06-22,2026-06-22 08:17:16
7810,捷創科技,208.5,210.0,211.5,207.0,43.34,29.93,24.46,-7.11,-6.14,-0.97,249.62,219.38,189.13,100,58,1.71,42.22,33.63,4.0,1.92,2026-06-22,2026-06-22 08:17:17
7811,民盛,79.5,78.9,79.5,78.9,49.71,50.76,51.06,-0.74,-1.01,0.26,81.07,79.6,78.12,5,8,0.6,26.53,9.84,6.0,7.55,2026-06-22,2026-06-22 08:17:19
7818,溢泰實業,62.1,62.8,62.9,61.6,37.38,31.09,24.24,-6.18,-7.45,1.27,67.85,63.97,60.09,245,335,0.73,104.29,11.01,1.5,2.42,2026-06-22,2026-06-22 08:17:20
7819,精誠金融,42.1,43.35,43.35,42.0,6.58,11.62,40.04,-4.23,-4.67,0.44,52.1,45.69,39.27,139,100,1.38,10.64,14.52,1.74,4.13,2026-06-22,2026-06-22 08:17:21
7820,立盈,117.5,117.0,121.0,117.0,56.2,55.72,36.54,-6.62,-7.89,1.27,132.2,121.56,110.93,38,28,1.36,44.38,67.92,1.5,1.28,2026-06-22,2026-06-22 08:17:23
7821,神數,43.95,44.0,44.15,43.7,39.84,47.76,35.1,-0.8,-1.02,0.22,46.32,44.56,42.8,199,165,1.2,53.58,15.31,2.0,4.55,2026-06-22,2026-06-22 08:17:24
7822,倍利科,1220.0,1185.0,1255.0,1185.0,75.71,60.2,57.98,-23.87,-52.07,28.19,1245.6,1102.5,959.4,462,324,1.42,555.84,87.27,7.0,0.57,2026-06-22,2026-06-22 08:17:25
7823,奧義賽博-KY創,81.5,81.5,82.0,81.0,7.25,8.56,0.57,-3.26,-1.64,-1.63,107.22,91.29,75.36,18,13,1.33,27.3,,,,2026-06-22,2026-06-22 08:17:26
7827,漢康-KY創,159.0,163.0,164.0,148.5,59.91,66.5,54.95,6.24,5.97,0.28,177.51,154.93,132.34,1261,795,1.59,221.97,,,,2026-06-22,2026-06-22 08:17:27
7828,創新服務,2040.0,2000.0,2040.0,1950.0,83.43,83.78,76.64,194.08,149.71,44.37,2187.77,1663.64,1139.51,131,281,0.47,826.08,329.03,4.53,0.22,2026-06-22,2026-06-22 08:17:29
7839,達人網,45.95,47.5,47.5,45.9,5.88,12.35,14.98,-3.76,-2.14,-1.62,72.39,58.51,44.63,64,167,0.38,6.94,17.95,2.04,4.44,2026-06-22,2026-06-22 08:17:31
7842,天能綠電,100.0,106.5,106.5,100.0,23.18,29.09,24.0,-6.64,-7.16,0.52,119.13,108.1,97.07,26,34,0.78,18.25,25.0,3.2,3.2,2026-06-22,2026-06-22 08:17:32
7846,德揚,67.5,68.0,68.0,67.5,79.99,70.71,41.54,-3.93,-4.68,0.75,81.72,68.78,55.84,6,21,0.27,23.23,46.23,1.0,1.48,2026-06-22,2026-06-22 08:17:33
7890,明曜科技,112.0,115.0,115.5,111.0,46.73,44.62,50.0,-0.85,-0.82,-0.03,119.63,113.83,108.02,15,8,1.72,,,,,2026-06-22,2026-06-22 08:17:35
8011,台通,18.05,18.25,18.25,17.95,64.06,57.73,49.6,-0.07,-0.17,0.09,18.76,17.73,16.71,724,981,0.74,29.95,13.88,0.7,3.88,2026-06-22,2026-06-22 08:17:36
8016,矽創,315.0,300.5,317.0,300.5,78.71,64.79,59.77,10.38,10.02,0.36,308.42,286.96,265.49,4309,2703,1.59,370.64,21.66,11.5,3.65,2026-06-22,2026-06-22 08:17:37
8021,尖點,581.0,551.0,581.0,551.0,63.8,64.29,67.16,36.72,31.08,5.64,588.39,490.73,393.06,2512,4397,0.57,842.7,213.6,1.2,0.21,2026-06-22,2026-06-22 08:17:38
8024,佑華,12.5,12.3,12.75,12.2,75.25,68.32,55.0,-0.07,-0.09,0.02,12.82,12.4,11.98,149,69,2.17,5.64,,,,2026-06-22,2026-06-22 08:17:40
8027,鈦昇,245.0,240.0,248.0,235.0,36.98,33.57,33.33,4.31,9.54,-5.23,297.45,256.07,214.7,1970,5635,0.35,261.97,,,,2026-06-22,2026-06-22 08:17:41
8028,昇陽半導體,322.5,313.0,334.0,312.0,56.47,48.13,37.94,12.97,17.02,-4.05,348.72,319.56,290.39,11417,8076,1.41,586.34,76.6,2.7,0.84,2026-06-22,2026-06-22 08:17:42
8032,光菱,46.65,47.6,47.9,46.55,68.59,63.44,60.28,1.28,1.19,0.09,48.47,45.21,41.95,205,468,0.44,24.17,21.5,1.2,2.57,2026-06-22,2026-06-22 08:17:44
8033,雷虎,142.0,137.0,142.0,137.0,57.6,39.88,51.02,-2.31,-3.08,0.77,143.75,133.32,122.9,9300,3556,2.62,233.77,249.12,,,2026-06-22,2026-06-22 08:17:45
8034,榮群,23.35,23.45,23.55,23.25,46.45,41.57,38.16,-0.26,-0.21,-0.05,25.1,23.88,22.65,205,202,1.02,13.13,16.56,1.2,5.14,2026-06-22,2026-06-22 08:17:46
8038,長園科,41.1,41.4,41.4,40.1,46.21,48.38,48.0,-0.29,-0.32,0.03,42.72,41.08,39.44,475,339,1.4,25.6,44.67,,,2026-06-22,2026-06-22 08:17:48
8039,台虹,153.0,146.0,155.5,146.0,71.53,57.74,50.0,1.37,0.85,0.52,164.61,146.2,127.79,10774,8520,1.26,403.41,75.0,1.99,1.3,2026-06-22,2026-06-22 08:17:49
8040,九暘,104.0,97.5,104.0,97.2,43.97,26.45,39.86,1.92,3.61,-1.69,120.85,103.33,85.81,1841,1253,1.47,100.27,,,,2026-06-22,2026-06-22 08:17:50
8042,金山電,190.5,199.5,199.5,190.0,82.47,78.49,60.34,22.36,20.24,2.13,202.89,160.7,118.51,1340,10104,0.13,246.63,211.67,1.2,0.63,2026-06-22,2026-06-22 08:17:51
8043,蜜望實,213.0,228.5,235.0,212.0,74.79,80.72,71.01,27.81,24.47,3.35,239.62,171.68,103.73,26820,30351,0.88,170.2,126.79,0.8,0.38,2026-06-22,2026-06-22 08:17:53
8044,網家,31.3,31.95,33.0,30.85,44.68,42.22,58.46,1.08,1.26,-0.17,32.44,29.72,27.01,3024,1772,1.71,63.5,,,,2026-06-22,2026-06-22 08:17:55
8045,達運光電,62.0,64.8,64.8,61.7,28.54,26.69,32.32,-2.69,-2.57,-0.12,71.93,64.91,57.9,266,169,1.57,58.93,96.88,1.0,1.61,2026-06-22,2026-06-22 08:17:57
8046,南電,864.0,891.0,910.0,862.0,62.99,60.65,45.74,6.33,8.18,-1.85,935.35,870.3,805.25,21027,16066,1.31,5582.87,290.91,2.0,0.23,2026-06-22,2026-06-22 08:17:58
8047,星雲,49.4,49.45,50.3,49.0,39.24,55.41,70.45,0.13,-0.19,0.31,54.79,47.98,41.16,98,64,1.53,20.58,,,,2026-06-22,2026-06-22 08:17:59
8048,德勝,66.8,66.4,69.3,66.0,69.56,69.12,59.38,1.08,0.72,0.35,68.03,63.79,59.54,650,584,1.11,38.55,25.21,2.2,3.29,2026-06-22,2026-06-22 08:18:00
8049,晶采,27.9,27.95,27.95,27.45,54.65,53.06,60.23,0.41,0.33,0.08,28.24,27.07,25.9,616,642,0.96,33.0,16.41,2.0,7.17,2026-06-22,2026-06-22 08:18:02
8050,廣積,56.2,55.9,57.0,55.2,43.84,48.67,44.29,1.63,2.37,-0.74,61.03,57.32,53.61,940,908,1.04,111.95,40.14,3.18,5.66,2026-06-22,2026-06-22 08:18:03
8054,安國,113.5,106.0,113.5,105.5,68.99,53.82,73.47,-0.15,-0.95,0.8,113.27,103.44,93.61,5459,2026,2.69,120.05,,,,2026-06-22,2026-06-22 08:18:05
8058,耐特,93.0,93.5,94.1,91.7,21.13,25.2,40.28,-3.71,-3.68,-0.02,107.96,98.85,89.74,340,182,1.86,,,1.3,1.4,2026-06-22,2026-06-22 08:18:07
8059,凱碩,17.1,17.35,17.45,16.75,8.8,10.83,34.85,-0.63,-0.41,-0.22,21.11,18.83,16.55,591,469,1.26,33.18,,,,2026-06-22,2026-06-22 08:18:08
8064,東捷,165.5,161.5,171.5,158.0,59.5,42.51,54.86,8.5,9.43,-0.93,174.12,149.85,125.58,19692,13318,1.48,305.87,121.69,0.98,0.59,2026-06-22,2026-06-22 08:18:10
8066,來思達,15.1,15.5,15.5,15.1,19.2,23.71,35.94,-0.42,-0.44,0.02,16.5,15.71,14.93,86,34,2.55,5.53,,,,2026-06-22,2026-06-22 08:18:11
8067,志旭,12.75,12.9,12.9,12.4,19.26,21.86,46.01,-0.2,-0.13,-0.06,14.32,13.13,11.94,16,16,1.0,2.64,,,,2026-06-22,2026-06-22 08:18:13
8068,全達,20.1,19.2,20.5,19.2,60.24,46.61,50.89,-0.57,-0.7,0.13,20.8,19.57,18.34,872,411,2.12,16.23,16.48,,,2026-06-22,2026-06-22 08:18:14
8069,元太,203.0,212.5,213.0,202.0,51.34,37.15,35.14,0.71,3.82,-3.12,247.4,212.75,178.1,6365,7255,0.88,2339.31,22.36,4.99,2.46,2026-06-22,2026-06-22 08:18:16
8070,長華*,56.9,55.7,57.5,55.5,28.78,31.11,58.75,2.11,2.61,-0.5,64.55,55.42,46.29,9793,6814,1.44,400.77,55.78,2.71,4.76,2026-06-22,2026-06-22 08:18:17
8071,能率網通,27.85,29.15,29.35,27.75,81.83,80.48,62.61,2.59,2.01,0.59,30.54,23.6,16.65,4704,7291,0.65,16.73,,,,2026-06-22,2026-06-22 08:18:18
8072,陞泰,31.25,30.0,31.7,30.0,65.1,50.19,64.92,0.41,0.25,0.15,30.85,28.79,26.74,1247,419,2.98,25.0,28.15,1.0,3.2,2026-06-22,2026-06-22 08:18:19
8074,鉅橡,77.7,75.1,78.5,74.2,68.13,57.1,51.68,-0.17,-0.52,0.35,81.19,74.5,67.82,3284,2569,1.28,62.92,57.99,1.1,1.42,2026-06-22,2026-06-22 08:18:21
8076,伍豐,25.9,25.45,26.1,25.45,22.76,30.13,56.02,0.49,0.67,-0.18,29.03,25.88,22.72,1594,2018,0.79,75.68,185.0,1.1,4.25,2026-06-22,2026-06-22 08:18:22
8077,洛碁,50.9,50.9,50.9,50.9,40.89,41.16,56.76,1.65,2.0,-0.35,55.75,49.93,44.11,1,2,0.47,11.17,8.44,2.0,3.93,2026-06-22,2026-06-22 08:18:23
8080,泰霖,27.9,28.6,28.8,27.9,35.75,43.37,47.13,-0.02,-0.07,0.05,28.87,28.05,27.24,35,31,1.11,18.74,232.5,,,2026-06-22,2026-06-22 08:18:27
8081,致新,341.5,338.0,347.5,327.5,85.23,72.12,69.0,11.65,6.75,4.9,322.43,286.02,249.62,3328,2068,1.61,292.62,19.25,16.0,4.69,2026-06-22,2026-06-22 08:18:28
8083,瑞穎,173.5,172.5,173.5,171.0,67.67,70.78,73.91,0.37,0.06,0.31,174.79,170.53,166.26,94,50,1.86,60.96,16.32,8.8,5.07,2026-06-22,2026-06-22 08:18:31
8084,巨虹,51.9,47.25,51.9,47.25,56.44,40.07,62.39,0.71,0.62,0.1,51.46,47.46,43.46,517,186,2.78,36.08,,,,2026-06-22,2026-06-22 08:18:32
8085,福華,12.7,12.95,12.95,12.6,15.14,19.23,53.18,0.02,0.04,-0.02,15.47,12.84,10.21,299,343,0.87,17.78,,,,2026-06-22,2026-06-22 08:18:35
8086,宏捷科,165.5,169.0,171.5,164.0,73.75,59.88,49.62,2.07,1.55,0.52,179.28,160.75,142.22,5242,5451,0.96,325.23,49.4,1.19,0.72,2026-06-22,2026-06-22 08:18:36
8087,麗升能源,33.2,33.1,34.3,33.1,11.51,24.24,47.35,-0.05,0.21,-0.26,37.68,34.23,30.79,72,70,1.03,12.68,,1.0,3.01,2026-06-22,2026-06-22 08:18:37
8088,品安,68.5,69.0,72.5,68.1,73.42,62.38,62.64,2.63,2.08,0.55,69.63,62.42,55.22,11797,8496,1.39,41.73,40.53,1.5,2.19,2026-06-22,2026-06-22 08:18:40
8089,康全電訊,20.8,21.25,21.25,20.55,36.06,40.82,51.91,0.08,0.01,0.07,22.04,20.71,19.39,370,435,0.85,13.73,,1.25,6.01,2026-06-22,2026-06-22 08:18:42
8091,翔名,272.5,290.5,291.0,272.0,73.94,65.38,54.08,11.47,10.48,1.0,281.54,251.73,221.93,2409,2228,1.08,145.47,49.19,4.22,1.55,2026-06-22,2026-06-22 08:18:44
8093,保銳,19.6,19.3,19.6,18.6,93.35,86.13,63.89,0.08,-0.1,0.19,19.42,18.44,17.45,22,26,0.87,7.17,,,,2026-06-22,2026-06-22 08:18:47
8096,擎亞,157.5,161.0,162.0,154.0,84.55,72.7,64.56,11.43,9.24,2.2,157.37,132.43,107.48,12958,12543,1.03,235.22,176.97,0.5,0.32,2026-06-22,2026-06-22 08:18:48
8097,常珵,61.0,60.5,61.6,60.5,78.4,70.28,54.29,1.12,1.09,0.03,61.18,58.76,56.34,220,87,2.53,37.09,,,,2026-06-22,2026-06-22 08:18:50
8098,慶康科技,381.0,380.0,382.0,358.5,80.87,68.36,51.94,-1.35,-2.64,1.29,394.44,372.9,351.36,43,24,1.75,48.21,25.85,9.0,2.36,2026-06-22,2026-06-22 08:18:52
8099,大世科,60.1,59.8,60.6,59.2,10.98,15.01,44.93,-0.55,-0.33,-0.22,66.55,61.49,56.43,203,105,1.93,60.14,23.85,0.71,1.18,2026-06-22,2026-06-22 08:18:53
8101,華冠,13.75,13.55,14.45,13.55,16.71,31.76,44.87,0.22,0.43,-0.21,16.85,14.81,12.77,8,6,1.36,6.8,14.63,,,2026-06-22,2026-06-22 08:18:55
8102,傑霖科技,72.0,71.8,72.1,71.4,28.43,33.72,46.85,1.33,1.91,-0.58,82.43,71.74,61.05,45,27,1.66,16.82,32.29,1.9,2.64,2026-06-22,2026-06-22 08:18:56
8103,瀚荃,97.1,97.9,98.1,96.6,45.09,34.85,24.38,-2.85,-2.39,-0.46,112.59,100.97,89.36,710,823,0.86,75.75,24.9,5.13,5.28,2026-06-22,2026-06-22 08:18:57
8104,錸寶,42.3,42.7,44.2,42.2,56.39,41.34,52.21,1.33,1.32,0.0,45.23,40.26,35.29,8996,4779,1.88,44.02,120.86,0.1,0.24,2026-06-22,2026-06-22 08:18:58
8105,凌巨,22.9,22.15,23.75,22.15,76.02,75.23,64.52,1.67,1.62,0.06,24.07,20.04,16.0,24724,20312,1.22,101.11,104.09,,,2026-06-22,2026-06-22 08:19:00
8107,大億金茂,12.05,12.1,12.15,12.05,18.92,25.27,36.11,-0.04,-0.03,-0.01,13.05,12.19,11.33,65,64,1.01,9.04,,1.0,8.3,2026-06-22,2026-06-22 08:19:02
8109,博大,128.5,123.5,130.0,123.5,67.15,53.26,53.45,1.02,0.85,0.17,128.0,121.6,115.2,628,315,1.99,104.56,20.86,4.5,3.5,2026-06-22,2026-06-22 08:19:03
8110,華東,62.6,60.6,63.5,60.0,71.95,55.99,45.75,1.76,1.51,0.25,66.6,57.92,49.24,30205,18064,1.67,316.59,25.34,0.2,0.32,2026-06-22,2026-06-22 08:19:05
8111,立碁,56.9,56.3,56.9,55.7,31.43,21.23,27.84,-2.63,-2.36,-0.27,69.86,60.51,51.16,1230,1113,1.11,62.08,149.74,0.6,1.05,2026-06-22,2026-06-22 08:19:06
8112,至上,100.5,99.8,103.5,98.3,71.6,67.04,62.26,3.36,2.73,0.63,103.07,92.36,81.65,38164,26167,1.46,524.9,21.16,3.8,3.78,2026-06-22,2026-06-22 08:19:07
8114,振樺電,211.5,215.0,215.0,206.5,36.48,26.36,18.83,-3.03,0.54,-3.58,275.89,229.65,183.41,1273,995,1.28,161.36,11.61,11.47,5.42,2026-06-22,2026-06-22 08:19:08
8119,公信,10.3,10.0,10.3,9.55,34.85,30.55,36.64,-0.3,-0.26,-0.04,11.92,10.81,9.71,386,199,1.94,6.55,,,,2026-06-22,2026-06-22 08:19:10
8121,越峰,54.4,54.2,57.2,52.7,86.91,83.18,79.25,4.62,3.64,0.98,53.63,43.69,33.75,6224,5509,1.13,115.87,,,,2026-06-22,2026-06-22 08:19:11
8131,福懋科,78.8,77.0,80.4,76.4,80.56,71.24,54.67,2.68,2.01,0.68,79.8,71.53,63.26,14677,11199,1.31,348.47,57.94,1.45,1.84,2026-06-22,2026-06-22 08:19:12
8147,正淩,149.5,148.5,151.5,146.5,34.16,24.15,28.0,-6.15,-4.7,-1.45,185.87,159.05,132.23,304,272,1.12,62.24,51.73,3.01,2.01,2026-06-22,2026-06-22 08:19:15
8150,南茂,114.0,108.0,114.0,107.5,77.17,60.39,55.14,5.09,4.48,0.61,113.01,97.39,81.77,51887,48391,1.07,792.78,91.2,1.23,1.08,2026-06-22,2026-06-22 08:19:16
8155,博智,407.5,405.0,409.5,401.0,81.2,65.53,53.24,1.36,-1.98,3.34,433.26,387.65,342.04,1009,1717,0.59,247.32,67.13,5.3,1.3,2026-06-22,2026-06-22 08:19:18
8162,微矽電子-創,86.2,81.3,86.2,79.1,76.64,56.35,57.3,5.04,4.47,0.58,83.58,71.7,59.82,1802,944,1.91,59.22,55.26,1.5,1.74,2026-06-22,2026-06-22 08:19:19
8163,達方,45.3,46.5,47.8,44.75,73.88,72.41,63.95,3.2,3.08,0.12,47.04,40.75,34.46,6400,6159,1.04,125.03,88.82,0.5,1.1,2026-06-22,2026-06-22 08:19:20
8171,天宇,22.0,22.35,22.35,21.9,28.11,23.18,36.76,-0.56,-0.31,-0.25,25.84,23.15,20.47,255,549,0.46,24.58,10.78,,,2026-06-22,2026-06-22 08:19:22
8176,智捷,10.1,10.15,10.25,10.1,34.96,37.36,44.83,-0.06,-0.07,0.0,10.48,10.19,9.89,179,238,0.75,6.99,25.25,,,2026-06-22,2026-06-22 08:19:23
8182,加高,49.1,51.2,51.8,48.6,48.89,62.22,57.55,3.3,3.45,-0.15,56.3,48.27,40.25,2795,5867,0.48,52.56,111.59,0.25,0.51,2026-06-22,2026-06-22 08:19:25
8183,精星,33.1,32.55,33.55,32.15,70.94,62.72,54.59,-0.01,-0.22,0.21,33.76,32.19,30.62,874,613,1.43,39.97,13.91,1.3,3.93,2026-06-22,2026-06-22 08:19:26
8201,無敵,13.5,13.5,13.5,13.3,51.45,43.32,47.83,0.1,0.11,-0.02,14.4,13.5,12.6,106,95,1.11,8.42,,,,2026-06-22,2026-06-22 08:19:27
8210,勤誠,1370.0,1400.0,1405.0,1345.0,35.69,47.34,47.46,21.62,39.14,-17.52,1501.38,1404.25,1307.12,1324,1245,1.06,1716.87,48.26,14.0,1.02,2026-06-22,2026-06-22 08:19:28
8213,志超,37.35,37.5,38.0,36.1,72.48,57.35,43.06,-0.27,-0.27,-0.01,40.71,37.42,34.14,1539,724,2.12,98.74,16.6,1.14,3.05,2026-06-22,2026-06-22 08:19:29
8215,明基材,31.3,31.3,32.25,31.1,65.05,56.73,46.6,0.76,0.69,0.07,32.8,30.0,27.19,4585,7431,0.62,100.37,17.49,0.62,1.98,2026-06-22,2026-06-22 08:19:30
8222,寶一,36.9,35.5,37.5,35.5,59.33,45.57,43.95,-0.17,-0.23,0.05,38.17,35.78,33.39,1131,557,2.03,25.3,67.09,0.7,1.9,2026-06-22,2026-06-22 08:19:32
8227,巨有科技,193.0,189.5,200.0,188.5,50.51,36.33,36.17,-2.74,0.01,-2.75,242.84,200.5,158.16,1244,758,1.64,76.32,93.24,1.7,0.88,2026-06-22,2026-06-22 08:19:33
8234,新漢,65.5,63.6,66.6,63.6,28.46,23.24,29.37,-1.26,-0.78,-0.48,76.27,67.97,59.68,764,472,1.62,92.5,167.95,0.6,0.92,2026-06-22,2026-06-22 08:19:35
8240,華宏,60.7,57.3,61.8,57.3,55.66,38.78,41.62,-1.95,-1.97,0.02,69.47,60.36,51.26,2667,975,2.73,60.7,28.23,1.3,2.14,2026-06-22,2026-06-22 08:19:37
8249,菱光,52.2,52.4,52.6,51.9,52.92,47.31,38.16,0.02,0.21,-0.19,58.23,53.37,48.51,609,1244,0.49,70.46,13.12,2.08,3.98,2026-06-22,2026-06-22 08:19:38
8255,朋程,214.5,214.0,214.5,212.0,82.03,64.34,62.67,9.55,7.55,2.0,206.68,179.9,153.12,3668,2784,1.32,218.35,35.16,3.5,1.63,2026-06-22,2026-06-22 08:19:39
8261,富鼎,236.5,236.5,236.5,236.5,89.37,74.09,71.04,16.17,11.59,4.58,220.41,180.75,141.09,1391,10174,0.14,281.15,40.71,3.19,1.35,2026-06-22,2026-06-22 08:19:41
8271,宇瞻,215.5,214.5,221.5,214.5,55.47,39.3,34.58,-4.67,-2.58,-2.09,260.95,223.75,186.55,3416,2357,1.45,276.12,10.78,4.45,2.06,2026-06-22,2026-06-22 08:19:42
8272,全景軟體,71.1,70.6,71.5,70.0,44.65,36.58,36.79,-0.22,-0.19,-0.02,74.37,71.38,68.39,33,18,1.78,13.51,15.46,2.8,3.94,2026-06-22,2026-06-22 08:19:43
8277,商丞,10.5,9.8,10.5,9.8,30.9,32.31,56.29,0.66,0.74,-0.09,12.7,9.76,6.82,718,560,1.28,9.62,,,,2026-06-22,2026-06-22 08:19:45
8279,生展,95.3,98.0,98.0,95.3,34.17,41.81,46.98,-0.69,-0.82,0.13,99.17,96.89,94.61,25,18,1.34,25.83,9.52,5.0,5.25,2026-06-22,2026-06-22 08:19:46
8284,三竹,66.5,65.2,67.0,64.5,81.43,74.65,70.51,0.34,0.05,0.3,65.23,63.53,61.84,81,39,2.08,31.48,14.09,4.0,6.02,2026-06-22,2026-06-22 08:19:48
8289,泰藝,67.2,66.8,68.0,65.8,40.57,46.68,46.02,2.8,3.9,-1.1,74.43,69.2,63.97,1887,3185,0.59,45.92,1680.0,0.15,0.22,2026-06-22,2026-06-22 08:19:50
8291,尚茂,52.1,52.1,52.1,52.1,34.61,17.78,15.79,-4.88,0.29,-5.17,138.42,75.51,12.6,528,229,2.3,9.11,,,,2026-06-22,2026-06-22 08:19:51
8298,威睿,54.6,56.5,60.5,54.0,53.46,49.41,60.36,1.22,0.99,0.23,56.55,51.81,47.08,126,46,2.7,14.0,22.94,0.2,0.37,2026-06-22,2026-06-22 08:19:53
8299,群聯,2580.0,2600.0,2670.0,2570.0,67.6,50.35,43.45,25.15,30.88,-5.73,2817.79,2460.25,2102.71,7447,5924,1.26,5704.02,64.95,35.15,1.36,2026-06-22,2026-06-22 08:19:54
8329,台視,10.4,10.55,10.6,10.15,61.2,57.05,52.38,-0.03,-0.05,0.02,10.41,10.23,10.05,131,57,2.27,29.18,8.0,0.75,7.21,2026-06-22,2026-06-22 08:19:55
8341,日友,79.3,79.7,79.7,78.9,48.04,62.22,64.52,1.08,1.08,-0.0,82.88,78.36,73.84,318,257,1.24,103.09,17.78,4.0,5.04,2026-06-22,2026-06-22 08:19:56
8342,益張,88.2,88.3,88.3,88.2,67.7,77.39,41.58,0.11,0.09,0.02,92.48,89.78,87.08,2,5,0.4,29.58,14.8,5.0,5.67,2026-06-22,2026-06-22 08:19:58
8345,超秦,54.0,54.5,54.7,53.5,90.84,89.56,84.97,1.71,1.01,0.69,54.15,48.85,43.56,47,76,0.61,32.4,15.61,1.3,2.41,2026-06-22,2026-06-22 08:19:59
8349,恒耀,40.75,40.95,41.8,40.65,38.55,54.0,42.52,-0.35,-0.29,-0.05,42.88,41.58,40.29,214,240,0.89,83.1,21.22,1.54,3.78,2026-06-22,2026-06-22 08:20:04
8354,冠好,16.4,16.5,16.55,16.35,52.51,56.58,31.82,-0.01,0.05,-0.05,17.05,16.65,16.24,211,75,2.81,12.88,117.14,0.6,3.66,2026-06-22,2026-06-22 08:20:05
8358,金居,691.0,705.0,758.0,683.0,80.59,72.36,52.83,51.84,47.97,3.87,699.79,601.1,502.41,26148,7414,3.53,1744.71,164.52,1.5,0.22,2026-06-22,2026-06-22 08:20:07
8359,錢櫃,64.9,65.5,65.5,64.1,45.8,45.82,46.51,-0.31,-0.39,0.08,65.45,65.02,64.6,33,38,0.87,87.8,11.71,4.04,6.22,2026-06-22,2026-06-22 08:20:08
8367,建新國際,40.55,40.4,40.55,40.3,31.18,33.8,36.17,-0.37,-0.43,0.06,41.29,40.58,39.87,65,36,1.77,37.38,10.7,2.85,7.03,2026-06-22,2026-06-22 08:20:09
8374,羅昇,92.5,93.5,93.9,92.1,33.47,25.26,24.94,-1.16,0.14,-1.3,114.5,98.04,81.59,548,452,1.21,103.83,,0.2,0.22,2026-06-22,2026-06-22 08:20:10
8383,千附,61.7,61.2,62.8,60.9,71.48,63.71,43.96,0.5,0.39,0.11,63.81,60.2,56.59,1937,1485,1.3,69.6,18.25,2.5,4.05,2026-06-22,2026-06-22 08:20:12
8390,金益鼎,116.0,115.5,119.0,115.0,31.66,33.31,45.26,1.54,3.2,-1.66,128.84,119.03,109.21,822,733,1.12,111.49,17.68,2.5,2.16,2026-06-22,2026-06-22 08:20:13
8401,白紗科,22.85,23.05,23.05,22.85,59.48,56.79,48.72,-0.22,-0.28,0.06,23.31,22.96,22.61,33,36,0.93,16.15,8.72,1.2,5.25,2026-06-22,2026-06-22 08:20:15
8403,盛弘,19.35,19.35,19.4,19.25,40.47,43.83,44.12,-0.3,-0.35,0.05,19.9,19.53,19.16,116,121,0.96,26.63,18.79,0.5,2.58,2026-06-22,2026-06-22 08:20:16
8404,百和興業-KY,16.6,16.9,16.9,16.45,29.24,40.34,48.21,-0.07,-0.03,-0.04,17.87,16.93,16.0,367,393,0.94,69.71,11.69,0.5,3.01,2026-06-22,2026-06-22 08:20:17
8409,商之器,19.1,19.0,19.1,18.85,52.71,38.74,58.82,-0.13,-0.16,0.03,19.43,19.14,18.84,28,15,1.82,6.11,79.58,,,2026-06-22,2026-06-22 08:20:20
8410,森田,33.15,33.2,33.35,32.8,30.67,27.17,35.54,-0.67,-0.57,-0.11,36.14,34.21,32.27,60,160,0.37,12.13,10.23,3.0,9.05,2026-06-22,2026-06-22 08:20:21
8411,福貞-KY,12.1,12.15,12.15,12.05,70.22,82.35,47.62,0.01,0.0,0.0,12.34,12.12,11.91,110,191,0.58,26.43,21.61,0.1,0.83,2026-06-22,2026-06-22 08:20:23
8415,大國鋼,35.05,34.5,35.05,34.5,47.61,54.97,51.09,0.08,0.14,-0.06,35.9,35.06,34.22,497,709,0.7,351.55,11.49,1.5,4.28,2026-06-22,2026-06-22 08:20:25
8416,實威,172.5,172.0,174.0,170.5,52.97,55.4,48.34,1.55,1.97,-0.42,180.23,172.12,164.02,49,20,2.46,48.66,12.84,8.5,4.93,2026-06-22,2026-06-22 08:20:26
8421,旭源,13.1,13.35,13.35,13.05,59.41,53.07,44.44,-0.1,-0.13,0.04,13.66,13.16,12.66,28,77,0.36,7.01,,,,2026-06-22,2026-06-22 08:20:28
8422,可寧衛*,28.95,28.4,29.4,28.35,37.53,46.95,56.48,0.28,0.22,0.06,30.05,28.12,26.2,13389,11336,1.18,329.1,26.08,1.2,4.15,2026-06-22,2026-06-22 08:20:29
8423,保綠-KY,17.8,17.65,17.8,17.65,22.54,29.2,53.85,-0.03,-0.04,0.01,18.02,17.75,17.49,7,16,0.47,7.43,24.38,0.6,3.37,2026-06-22,2026-06-22 08:20:30
8424,惠普,69.3,69.0,69.3,68.6,69.81,69.22,68.73,0.18,0.03,0.15,69.72,68.38,67.03,20,27,0.75,24.99,11.99,5.0,7.22,2026-06-22,2026-06-22 08:20:32
8426,紅木-KY,20.25,20.35,20.35,20.25,8.62,15.59,28.99,-0.63,-0.56,-0.07,22.76,21.41,20.05,28,28,1.03,10.17,10.95,2.5,12.35,2026-06-22,2026-06-22 08:20:34
8429,金麗-KY,6.39,6.53,6.59,6.37,26.68,38.68,57.86,0.04,0.04,-0.0,6.94,6.49,6.04,622,377,1.65,11.87,53.25,,,2026-06-22,2026-06-22 08:20:35
8431,匯鑽科,57.4,58.0,59.8,57.2,71.83,53.9,52.92,-1.22,-2.18,0.97,62.17,54.42,46.66,643,1315,0.49,28.0,,0.09,0.16,2026-06-22,2026-06-22 08:20:38
8432,東生華,50.7,50.9,50.9,50.0,78.6,82.45,76.63,0.73,0.59,0.14,52.13,49.5,46.88,46,27,1.68,19.47,14.01,2.61,5.15,2026-06-22,2026-06-22 08:20:39
8433,弘帆,52.8,53.7,53.7,52.8,65.2,70.82,54.76,-0.12,-0.31,0.19,54.35,52.83,51.32,85,43,1.95,28.78,17.31,4.2,7.95,2026-06-22,2026-06-22 08:20:41
8435,鉅邁,53.6,55.0,55.0,53.6,64.72,72.44,57.62,0.3,0.2,0.1,54.77,53.01,51.26,49,45,1.08,18.87,13.74,3.2,5.97,2026-06-22,2026-06-22 08:20:42
8436,大江,117.5,119.0,119.5,116.5,36.66,43.24,41.38,-0.65,-0.42,-0.24,122.85,119.42,116.0,470,452,1.04,129.46,13.62,10.0,8.51,2026-06-22,2026-06-22 08:20:44
8437,大地-KY,10.35,10.4,10.5,10.0,29.34,22.51,37.14,-0.37,-0.37,0.0,11.84,10.88,9.93,234,104,2.23,4.87,1.13,1.02,9.86,2026-06-22,2026-06-22 08:20:47
8438,昶昕,92.1,95.2,96.5,91.1,73.37,59.64,56.62,-0.14,-1.06,0.92,94.46,85.77,77.09,1039,932,1.11,64.42,44.07,1.3,1.41,2026-06-22,2026-06-22 08:20:48
8440,綠電,22.05,22.25,22.25,21.95,34.87,41.06,40.82,-0.06,0.04,-0.1,24.02,22.62,21.22,186,97,1.92,11.08,71.13,0.2,0.91,2026-06-22,2026-06-22 08:20:50
8442,威宏-KY,41.5,41.0,42.45,40.3,44.52,39.46,64.23,-1.18,-1.65,0.47,41.31,40.27,39.22,329,120,2.73,29.12,10.32,3.0,7.23,2026-06-22,2026-06-22 08:20:51
8443,阿瘦,11.4,11.4,11.5,11.4,85.9,87.03,61.54,-0.04,-0.07,0.03,11.51,11.32,11.14,46,28,1.62,7.62,,0.2,1.75,2026-06-22,2026-06-22 08:20:52
8444,綠河-KY,5.06,4.99,5.06,4.98,61.29,45.65,50.99,-0.45,-0.49,0.04,6.26,5.12,3.97,38,35,1.07,5.6,,,,2026-06-22,2026-06-22 08:20:53
8446,華研,87.4,87.8,88.6,87.2,25.28,31.4,62.5,0.63,0.52,0.11,90.01,86.74,83.47,90,72,1.25,46.25,8.51,8.0,9.15,2026-06-22,2026-06-22 08:20:55
8450,霹靂,15.85,15.9,16.1,15.6,62.49,66.42,69.23,-0.07,-0.12,0.05,16.04,15.78,15.52,35,29,1.2,8.13,,,,2026-06-22,2026-06-22 08:20:56
8454,富邦媒,335.0,350.0,354.0,327.5,29.9,43.31,63.74,37.31,41.66,-4.34,460.1,302.36,144.61,969,1343,0.72,887.67,29.67,10.0,2.99,2026-06-22,2026-06-22 08:20:57
8455,大拓-KY,30.85,30.3,30.85,28.7,40.41,29.81,22.56,-0.54,0.42,-0.96,46.8,35.62,24.44,48,41,1.16,7.78,1542.5,,,2026-06-22,2026-06-22 08:20:59
8458,影一,15.2,14.75,15.35,14.75,43.46,56.28,57.23,0.11,0.09,0.02,17.43,15.16,12.9,30,17,1.72,5.45,,,,2026-06-22,2026-06-22 08:21:00
8462,柏文,136.0,139.0,139.0,135.5,76.15,81.35,54.07,0.75,0.2,0.56,140.06,134.28,128.51,269,189,1.42,109.32,16.39,7.28,5.35,2026-06-22,2026-06-22 08:21:01
8463,潤泰材,21.45,21.35,21.55,21.35,50.41,51.73,61.79,0.04,-0.01,0.05,21.74,21.15,20.56,106,129,0.82,32.18,11.59,0.8,3.73,2026-06-22,2026-06-22 08:21:02
8464,億豐,346.0,354.5,355.0,344.0,81.92,85.92,65.49,4.98,1.47,3.51,360.97,331.43,301.88,1132,945,1.2,1013.85,15.39,16.0,4.62,2026-06-22,2026-06-22 08:21:03
8466,美吉吉-KY,15.6,15.8,15.8,15.6,44.22,52.86,39.66,-0.01,-0.0,-0.0,16.89,15.94,14.99,25,48,0.52,12.39,2.85,1.2,7.69,2026-06-22,2026-06-22 08:21:04
8467,波力-KY,126.0,123.5,127.5,123.5,37.5,43.61,39.22,-2.6,-2.88,0.28,133.84,128.43,123.01,8,7,1.14,60.95,12.78,4.06,3.22,2026-06-22,2026-06-22 08:21:06
8472,夠麻吉,83.9,86.0,86.0,83.9,34.1,45.9,46.4,3.11,3.82,-0.71,100.14,84.17,68.2,12,13,0.88,14.88,,,,2026-06-22,2026-06-22 08:21:07
8473,山林水,50.8,50.0,51.0,49.15,24.48,31.3,34.46,2.62,3.34,-0.71,59.07,50.54,42.0,2388,1790,1.33,91.98,20.57,0.73,1.44,2026-06-22,2026-06-22 08:21:09
8476,台境*,22.85,23.15,23.9,21.8,88.2,86.95,94.48,1.25,0.62,0.63,22.54,17.64,12.74,4568,2420,1.89,36.85,43.94,1.02,4.46,2026-06-22,2026-06-22 08:21:11
8477,創業家,17.8,17.4,17.8,17.3,30.25,21.82,37.4,0.2,0.52,-0.32,21.12,18.44,15.77,61,45,1.34,11.42,,,,2026-06-22,2026-06-22 08:21:12
8478,東哥遊艇,151.5,151.0,152.0,150.5,10.47,18.72,44.74,-2.07,-1.73,-0.34,164.21,154.57,144.94,135,198,0.68,142.37,11.68,5.0,3.3,2026-06-22,2026-06-22 08:21:13
8481,政伸,42.05,42.1,42.2,42.0,74.33,69.71,68.97,0.33,0.21,0.13,42.48,41.3,40.12,22,20,1.08,28.01,12.98,2.75,6.54,2026-06-22,2026-06-22 08:21:14
8482,商億-KY,48.35,48.35,48.35,48.35,63.09,58.02,46.24,-0.13,-0.15,0.02,50.14,48.61,47.08,9,9,1.0,50.81,21.02,1.96,4.05,2026-06-22,2026-06-22 08:21:16
8487,愛爾達-創,79.0,78.5,79.1,78.0,26.08,42.1,70.98,3.41,3.65,-0.24,88.25,76.04,63.84,48,70,0.69,20.96,22.38,4.81,6.09,2026-06-22,2026-06-22 08:21:17
8488,吉源-KY,10.3,10.4,10.4,10.3,66.35,63.4,52.61,0.1,0.05,0.05,10.66,10.05,9.44,19,68,0.28,7.57,,,,2026-06-22,2026-06-22 08:21:18
8489,三貝德,22.15,22.15,22.4,22.0,36.32,42.2,37.08,-0.69,-0.72,0.03,23.84,22.82,21.8,57,45,1.26,13.26,,,,2026-06-22,2026-06-22 08:21:19
8499,鼎炫-KY,324.0,304.0,324.0,304.0,86.71,69.69,60.47,4.26,2.34,1.92,336.59,300.8,265.01,188,101,1.85,133.38,32.02,8.06,2.49,2026-06-22,2026-06-22 08:21:20
8905,裕國,29.5,29.5,29.6,29.5,32.03,35.84,52.1,-0.96,-1.24,0.29,30.93,29.93,28.92,12,5,2.41,34.02,48.36,1.0,3.39,2026-06-22,2026-06-22 08:21:22
8906,花王,28.8,31.0,31.1,28.65,79.76,79.98,64.85,1.15,0.4,0.75,31.1,25.9,20.7,206,220,0.94,12.14,,0.1,0.35,2026-06-22,2026-06-22 08:21:23
8908,欣雄,42.1,42.15,42.2,41.75,74.51,67.32,65.79,0.45,0.42,0.03,42.74,41.49,40.23,95,134,0.71,131.94,19.58,1.5,3.56,2026-06-22,2026-06-22 08:21:25
8916,光隆,44.0,44.3,44.35,44.0,19.15,36.11,27.91,-0.53,-0.51,-0.02,45.61,44.92,44.23,306,133,2.31,65.35,17.81,3.59,8.16,2026-06-22,2026-06-22 08:21:26
8917,欣泰,52.7,52.2,52.7,52.0,27.69,23.44,59.46,-0.13,-0.21,0.08,53.19,52.31,51.43,87,42,2.04,85.72,23.63,2.1,3.98,2026-06-22,2026-06-22 08:21:27
8921,沈氏,18.25,18.15,18.25,18.15,78.46,71.45,54.39,0.01,0.02,-0.01,18.66,18.25,17.83,4,3,1.04,8.5,,0.27,1.48,2026-06-22,2026-06-22 08:21:29
8923,時報,19.8,19.45,19.8,19.45,83.81,67.94,55.56,-0.05,-0.1,0.05,20.26,19.37,18.49,6,11,0.56,6.01,20.62,0.85,4.29,2026-06-18,2026-06-22 08:21:31
8924,大田,55.7,56.3,56.3,55.5,27.72,25.32,25.0,-1.32,-1.26,-0.06,60.91,57.71,54.5,104,106,0.99,46.68,9.95,4.3,7.72,2026-06-22,2026-06-22 08:21:33
8926,台汽電,79.0,80.0,80.7,79.0,79.81,79.52,69.8,5.62,5.47,0.15,81.37,71.81,62.24,7759,11599,0.67,655.92,33.33,2.12,2.68,2026-06-22,2026-06-22 08:21:34
8927,北基,20.35,20.5,20.6,19.95,61.96,70.74,71.64,0.02,-0.13,0.15,21.49,19.76,18.03,551,296,1.86,86.15,58.14,0.3,1.47,2026-06-22,2026-06-22 08:21:35
8928,鉅明,21.0,21.0,21.1,20.9,57.03,50.52,52.31,-0.16,-0.21,0.05,21.53,21.06,20.59,43,39,1.08,10.68,14.89,1.7,8.1,2026-06-22,2026-06-22 08:21:37
8929,富堡,13.75,14.05,14.05,13.75,26.38,39.21,52.94,-0.18,-0.15,-0.03,15.07,14.17,13.27,76,36,2.12,6.95,,,,2026-06-22,2026-06-22 08:21:39
8930,青鋼,27.5,27.7,27.7,27.45,46.91,53.85,36.0,-0.38,-0.37,-0.01,28.93,28.08,27.24,47,52,0.91,22.08,11.51,2.2,8.0,2026-06-22,2026-06-22 08:21:41
8931,大汽電,42.1,42.2,42.6,42.05,37.44,41.87,48.25,-0.06,0.01,-0.07,43.48,42.47,41.46,99,92,1.07,51.47,22.51,1.6,3.8,2026-06-22,2026-06-22 08:21:44
8932,智通*,100.0,100.0,103.0,99.2,46.29,51.14,43.45,1.14,1.66,-0.52,105.67,101.05,96.43,2272,3174,0.72,354.13,107.53,0.14,0.14,2026-06-22,2026-06-22 08:21:45
8933,愛地雅,4.71,4.8,4.9,4.69,57.1,54.12,53.07,-0.16,-0.24,0.08,5.02,4.64,4.25,225,390,0.58,15.39,,,,2026-06-22,2026-06-22 08:21:46
8935,邦泰,22.35,23.1,23.35,22.05,44.42,42.85,59.74,0.67,0.74,-0.08,24.28,21.81,19.34,754,666,1.13,25.37,,,,2026-06-22,2026-06-22 08:21:48
8936,國統,60.5,58.5,61.5,57.5,59.18,48.82,61.72,1.72,1.51,0.21,62.53,55.34,48.14,19722,10142,1.94,150.09,14.9,2.0,3.31,2026-06-22,2026-06-22 08:21:49
8937,合騏*,31.9,31.0,32.1,29.35,85.21,66.44,66.67,-0.87,-1.87,1.0,32.85,27.07,21.3,700,492,1.42,135.49,,0.03,0.09,2026-06-22,2026-06-22 08:21:51
8938,明安,53.1,53.3,53.3,53.0,68.05,67.97,60.61,-0.82,-1.1,0.28,53.81,53.03,52.25,127,154,0.83,80.57,8.84,4.0,7.53,2026-06-22,2026-06-22 08:21:52
8940,新天地,16.7,17.0,17.4,16.7,50.11,46.36,51.72,-0.15,-0.21,0.06,17.04,16.67,16.3,70,95,0.74,11.27,30.36,,,2026-06-22,2026-06-22 08:21:54
8941,關中,43.0,42.95,43.5,42.35,41.36,42.71,44.23,-0.34,-0.34,0.0,44.41,43.51,42.61,23,10,2.27,15.04,37.07,1.0,2.33,2026-06-22,2026-06-22 08:21:56
8942,森鉅,42.2,42.3,42.45,41.85,77.78,70.13,53.85,0.02,-0.14,0.16,42.51,41.22,39.94,388,303,1.28,83.91,23.06,1.0,2.37,2026-06-22,2026-06-22 08:21:57
8996,高力,1555.0,1680.0,1680.0,1520.0,80.9,74.05,76.56,102.92,58.02,44.9,1558.8,1227.75,896.7,3831,3742,1.02,1444.4,174.72,4.56,0.29,2026-06-22,2026-06-22 08:21:59
8999,台灣積層,38.5,38.5,38.5,38.5,69.66,59.71,51.59,0.01,-0.11,0.12,39.05,37.58,36.1,0,4,0.06,13.86,16.81,2.0,5.19,2026-06-22,2026-06-22 08:22:01
9103,美德醫療-DR,5.25,5.37,5.39,5.22,15.65,24.88,52.13,0.08,0.15,-0.07,6.11,5.52,4.92,1364,1828,0.75,28.61,,,,2026-06-22,2026-06-22 08:22:02
9105,泰金寶-DR,9.7,9.72,10.05,9.65,27.88,25.77,50.13,0.69,0.89,-0.2,12.12,9.68,7.24,76892,64762,1.19,1013.65,53.89,0.15,1.55,2026-06-22,2026-06-22 08:22:04
9110,越南控-DR,3.2,3.2,3.5,3.2,21.57,37.47,54.04,0.13,0.16,-0.03,4.19,3.31,2.43,37,23,1.6,29.05,20.0,,,2026-06-22,2026-06-22 08:22:05
9136,巨騰-DR,15.95,16.7,16.7,15.6,46.95,55.07,64.73,1.28,1.24,0.04,19.45,14.63,9.8,1150,1701,0.68,134.88,,,,2026-06-22,2026-06-22 08:22:06
9802,鈺齊-KY,75.8,78.0,78.0,75.6,26.77,41.43,44.03,-0.03,0.2,-0.23,82.7,77.5,72.31,699,835,0.84,152.35,12.91,5.1,6.73,2026-06-22,2026-06-22 08:22:09
9902,台火,13.75,13.75,13.85,13.7,51.15,44.84,48.98,-0.11,-0.11,0.0,14.41,13.85,13.3,106,146,0.73,13.48,,0.3,2.18,2026-06-22,2026-06-22 08:22:10
9904,寶成,26.1,26.35,26.55,26.1,43.27,58.41,54.17,0.02,-0.01,0.03,27.0,26.09,25.19,22698,25055,0.91,769.11,6.4,1.3,4.98,2026-06-22,2026-06-22 08:22:11
9905,大華,21.0,21.05,21.1,20.95,79.37,73.21,56.0,0.0,-0.06,0.06,21.13,20.77,20.42,149,152,0.98,64.05,16.15,1.2,5.71,2026-06-22,2026-06-22 08:22:12
9906,欣巴巴,43.7,46.45,46.5,43.4,48.9,58.86,64.77,2.38,1.85,0.53,50.02,40.33,30.63,456,519,0.88,39.49,485.56,6.5,14.87,2026-06-22,2026-06-22 08:22:13
9907,統一實,15.5,15.7,15.7,15.4,69.01,73.8,65.72,-0.01,-0.07,0.06,15.95,15.28,14.6,9613,8030,1.2,244.77,11.4,1.18,7.61,2026-06-22,2026-06-22 08:22:15
9908,大台北,29.55,29.55,29.7,29.5,73.47,76.03,60.0,0.05,0.01,0.04,29.74,29.35,28.96,216,208,1.04,148.01,17.18,1.2,4.06,2026-06-22,2026-06-22 08:22:16
9910,豐泰,70.7,72.6,72.9,70.2,20.13,39.27,51.77,1.6,2.55,-0.95,91.92,74.99,58.06,5310,7677,0.69,698.15,13.86,4.1,5.8,2026-06-22,2026-06-22 08:22:17
9911,櫻花,82.5,83.5,83.5,82.5,13.93,31.77,53.52,0.02,0.16,-0.14,85.46,83.18,80.91,231,252,0.92,181.56,13.2,5.0,6.06,2026-06-22,2026-06-22 08:22:18
9912,偉聯,12.55,12.65,12.7,12.5,73.47,78.38,57.14,0.02,0.01,0.01,12.69,12.53,12.38,24,36,0.66,6.8,,,,2026-06-22,2026-06-22 08:22:19
9914,美利達,73.4,72.2,76.6,72.2,70.32,74.09,69.85,2.34,2.18,0.16,75.58,69.8,64.02,2621,2192,1.2,219.45,18.35,4.0,5.45,2026-06-22,2026-06-22 08:22:20
9917,中保科,116.5,117.0,117.5,116.0,31.98,51.92,55.17,1.1,1.18,-0.08,121.35,116.4,111.45,1230,1327,0.93,517.32,17.23,5.7,4.89,2026-06-22,2026-06-22 08:22:22
9918,欣天然,43.05,44.2,44.2,43.05,31.16,30.23,46.22,-0.12,-0.08,-0.04,44.68,43.56,42.44,32,41,0.77,76.63,26.91,1.6,3.72,2026-06-22,2026-06-22 08:22:23
9919,康那香,13.9,14.0,14.0,13.8,44.96,50.35,41.38,-0.1,-0.1,-0.0,14.4,14.13,13.87,1149,505,2.28,27.16,,0.2,1.44,2026-06-22,2026-06-22 08:22:24
9921,巨大,75.5,74.0,79.6,74.0,68.56,75.38,73.95,1.47,1.06,0.41,78.06,71.75,65.43,2608,2206,1.18,296.01,41.03,2.2,2.91,2026-06-22,2026-06-22 08:22:25
9924,福興,40.25,40.7,40.7,40.1,42.33,53.85,51.46,0.0,-0.05,0.06,41.21,40.29,39.37,153,104,1.47,60.68,13.28,2.5,6.21,2026-06-22,2026-06-22 08:22:26
9925,新保,40.5,40.65,40.7,40.3,65.81,69.62,57.58,0.08,0.06,0.02,40.88,40.44,39.99,337,284,1.19,155.6,17.16,2.0,4.94,2026-06-22,2026-06-22 08:22:28
9926,新海,49.8,49.9,49.9,49.5,63.7,58.07,62.12,0.06,0.0,0.06,49.81,49.23,48.65,17,11,1.49,89.39,18.58,2.0,4.02,2026-06-22,2026-06-22 08:22:29
9927,泰銘,69.8,69.9,69.9,69.2,67.96,65.17,63.64,0.37,0.29,0.07,70.73,68.89,67.04,77,65,1.2,83.76,16.42,3.94,5.64,2026-06-22,2026-06-22 08:22:30
9928,中視,18.6,18.7,18.7,18.5,58.23,55.59,65.91,0.19,0.1,0.08,18.69,18.04,17.4,46,87,0.53,13.15,,,,2026-06-22,2026-06-22 08:22:31
9929,秋雨,12.0,12.1,12.65,11.8,44.04,43.11,53.77,0.15,0.07,0.08,12.73,11.77,10.81,76,35,2.16,12.15,,,,2026-06-22,2026-06-22 08:22:32
9930,中聯資源,69.8,70.0,70.0,69.3,87.76,80.37,58.33,0.19,0.05,0.13,70.53,69.18,67.82,161,118,1.37,173.48,14.13,4.0,5.73,2026-06-22,2026-06-22 08:22:34
9931,欣高,35.1,35.1,35.1,34.95,58.98,57.28,56.86,0.08,-0.03,0.11,35.73,34.67,33.61,123,63,1.96,42.25,14.39,1.8,5.13,2026-06-22,2026-06-22 08:22:35
9933,中鼎,43.75,43.2,44.85,42.95,73.39,68.76,64.64,1.26,1.16,0.1,44.35,41.26,38.18,6711,5667,1.18,412.05,25.44,1.0,2.29,2026-06-22,2026-06-22 08:22:37
9934,成霖,10.35,10.3,10.4,10.15,21.58,31.44,56.23,0.18,0.22,-0.04,11.2,10.24,9.27,1226,1054,1.16,42.54,6.2,0.1,0.97,2026-06-22,2026-06-22 08:22:38
9935,慶豐富,19.3,19.2,19.35,19.1,63.87,64.11,60.0,0.17,0.15,0.02,19.69,19.07,18.45,259,221,1.17,33.94,12.14,1.2,6.22,2026-06-22,2026-06-22 08:22:39
9937,全國,55.3,55.3,55.5,55.1,51.67,51.46,44.74,-0.21,-0.22,0.01,56.2,55.55,54.9,23,39,0.6,170.9,23.53,2.1,3.8,2026-06-22,2026-06-22 08:22:40
9938,百和,44.05,44.05,44.6,43.85,21.7,36.32,50.0,-0.02,0.07,-0.09,46.97,44.37,41.78,1297,1402,0.92,131.25,10.77,3.0,6.81,2026-06-22,2026-06-22 08:22:42
9939,宏全,131.5,134.5,134.5,131.0,75.05,78.19,67.5,3.42,3.18,0.24,136.58,127.92,119.27,1415,1283,1.1,388.96,14.47,6.2,4.71,2026-06-22,2026-06-22 08:22:43
9940,信義,19.4,19.9,19.9,19.25,61.48,75.8,61.83,0.32,0.21,0.11,20.41,18.96,17.52,990,974,1.02,142.95,69.29,0.6,3.09,2026-06-22,2026-06-22 08:22:44
9941,裕融,81.8,81.6,82.4,81.4,31.12,47.52,68.3,1.84,1.92,-0.08,89.96,79.78,69.59,1296,1866,0.69,470.87,11.17,4.38,5.35,2026-06-22,2026-06-22 08:22:45
9942,茂順,118.5,118.5,119.0,118.0,42.94,52.21,38.46,0.18,0.34,-0.16,120.75,118.95,117.15,131,87,1.52,98.55,14.61,7.0,5.91,2026-06-22,2026-06-22 08:22:46
9943,好樂迪,57.4,57.6,57.6,57.1,76.17,77.42,71.43,0.4,0.28,0.12,58.3,56.61,54.92,106,75,1.41,71.85,10.63,3.5,6.1,2026-06-22,2026-06-22 08:22:47
9944,新麗,17.7,17.55,17.75,17.55,75.31,69.11,78.57,0.22,0.16,0.06,17.77,17.15,16.53,70,88,0.79,18.75,,0.3,1.69,2026-06-22,2026-06-22 08:22:49
9945,潤泰新,26.8,27.55,27.55,26.6,80.37,83.52,73.48,0.86,0.61,0.24,28.21,25.14,22.08,12315,13869,0.89,759.65,6.82,1.1,4.1,2026-06-22,2026-06-22 08:22:51
9946,三發地產,19.45,20.45,20.45,19.3,72.81,79.6,75.0,0.87,0.53,0.34,20.61,17.65,14.69,2001,2883,0.69,63.1,12.8,1.04,5.35,2026-06-22,2026-06-22 08:22:52
9949,琉園,26.9,24.5,26.9,24.35,90.86,84.63,81.2,-0.06,-0.55,0.49,25.47,23.54,21.6,68,32,2.09,12.07,5.19,2.2,8.18,2026-06-22,2026-06-22 08:22:54
9950,萬國通,10.6,10.55,10.6,10.45,45.57,50.93,33.33,-0.08,-0.05,-0.02,11.13,10.83,10.53,203,93,2.17,17.78,,,,2026-06-22,2026-06-22 08:22:56
9951,皇田,53.1,53.5,53.7,53.1,78.84,82.08,58.97,-0.0,-0.12,0.12,53.72,52.8,51.87,86,73,1.18,38.64,10.15,2.32,4.37,2026-06-22,2026-06-22 08:22:57
9955,佳龍,27.1,26.85,27.15,26.7,35.39,33.84,38.56,-0.58,-0.59,0.01,29.29,27.72,26.15,398,331,1.2,28.3,50.19,,,2026-06-22,2026-06-22 08:22:59
9958,世紀鋼,120.0,115.0,121.0,113.5,67.68,55.82,65.62,2.72,1.93,0.79,122.61,110.47,98.34,4819,3137,1.54,296.28,18.55,4.16,3.47,2026-06-22,2026-06-22 08:23:00
9960,邁達康,32.2,32.05,32.5,32.05,84.23,82.2,67.65,0.28,0.28,0.0,33.08,31.34,29.59,42,35,1.22,10.82,18.51,1.7,5.28,2026-06-22,2026-06-22 08:23:01
9962,有益,9.78,9.83,9.83,9.68,49.65,49.44,55.26,0.01,0.0,0.01,10.01,9.79,9.57,61,74,0.82,8.82,,0.5,5.11,2026-06-22,2026-06-22 08:23:03
