股票代號,股票名稱,收盤價,開盤價,最高價,最低價,K值,D值,RSI,DIF,MACD,柱狀圖,BB上軌,BB中軌,BB下軌,成交量張,5日均量張,量比,市值億,本益比,每股配息,殖利率,交易日,更新時間
0050,元大台灣50,97.3,96.3,97.3,96.0,50.82,43.98,59.51,2.9,3.44,-0.54,99.29,94.51,89.73,63951,90787,0.7,,31.84,,,2026-05-22,2026-05-22 10:30:45
0051,元大中型100,136.4,133.6,136.4,133.6,55.96,46.2,66.59,3.47,3.84,-0.37,137.24,129.77,122.3,91,81,1.12,,26.83,,,2026-05-22,2026-05-22 10:30:46
0052,富邦科技,57.65,56.85,57.7,56.6,51.87,45.14,62.03,1.88,2.17,-0.3,58.61,55.52,52.42,32871,28791,1.14,,33.65,,,2026-05-22,2026-05-22 10:30:47
0053,元大電子,225.85,224.95,226.5,224.4,58.34,51.11,58.01,7.57,8.93,-1.36,230.37,217.8,205.23,26,23,1.12,,38.05,,,2026-05-22,2026-05-22 10:30:48
0055,元大MSCI金融,33.9,33.95,34.0,33.71,51.95,49.02,61.38,0.2,0.2,-0.0,34.41,33.65,32.89,321,244,1.32,,13.69,,,2026-05-22,2026-05-22 10:30:49
0056,元大高股息,46.35,45.82,46.41,45.66,67.35,60.62,77.58,1.44,1.45,-0.01,47.44,43.66,39.88,56692,48747,1.16,,18.53,,,2026-05-22,2026-05-22 10:30:50
0057,富邦摩台,289.4,287.5,289.45,286.6,50.58,46.91,57.85,8.78,10.63,-1.85,297.24,281.79,266.34,6,34,0.18,,31.4,,,2026-05-22,2026-05-22 10:30:50
0061,元大寶滬深,24.69,24.88,24.88,24.6,24.25,37.64,51.38,0.24,0.31,-0.07,25.53,24.76,24.0,277,233,1.19,,20.22,,,2026-05-22,2026-05-22 10:30:51
1101,台泥,24.1,24.2,24.2,23.95,24.37,28.0,45.98,-0.11,-0.03,-0.09,25.41,24.54,23.66,22398,25382,0.88,1805.86,16.21,1.0,4.15,2026-05-22,2026-05-22 10:30:52
1102,亞泥,34.4,34.6,34.8,34.4,35.16,35.45,44.19,-0.17,-0.13,-0.04,35.75,34.95,34.15,11748,8885,1.32,1220.02,11.51,2.2,6.4,2026-05-22,2026-05-22 10:30:53
1103,嘉泥,13.1,13.0,13.15,12.95,27.88,21.41,40.91,-0.17,-0.16,-0.01,13.69,13.27,12.84,181,243,0.74,86.3,15.6,0.55,4.2,2026-05-22,2026-05-22 10:30:54
1104,環泥,27.55,27.5,27.6,27.45,24.75,21.29,23.08,-0.42,-0.38,-0.04,28.93,28.04,27.16,407,470,0.87,,10.8,1.7,6.17,2026-05-22,2026-05-22 10:30:55
1108,幸福,13.55,13.8,13.8,13.5,12.0,15.67,14.29,-0.29,-0.22,-0.07,15.03,14.25,13.47,686,306,2.24,54.84,6.27,0.75,5.54,2026-05-22,2026-05-22 10:30:56
1109,信大,14.55,14.65,14.65,14.4,20.55,26.95,17.86,-0.21,-0.12,-0.09,15.92,15.18,14.44,402,243,1.65,49.64,14.13,0.9,6.19,2026-05-22,2026-05-22 10:30:57
1110,東泥,14.2,14.0,14.2,14.0,16.61,16.5,32.61,-0.32,-0.25,-0.07,15.75,14.76,13.77,150,195,0.77,80.92,39.44,0.3,2.11,2026-05-22,2026-05-22 10:30:58
1201,味全,12.05,12.1,12.1,11.95,25.64,20.19,40.0,-0.3,-0.32,0.02,12.83,12.31,11.79,495,393,1.26,60.98,30.12,0.5,4.15,2026-05-22,2026-05-22 10:30:59
1203,味王,42.6,42.4,42.8,42.3,49.64,39.18,48.97,0.02,0.24,-0.22,44.84,42.9,40.96,41,33,1.24,101.26,23.54,1.2,2.82,2026-05-22,2026-05-22 10:31:00
1210,大成,52.4,53.0,53.0,52.3,40.42,46.56,48.0,-0.22,-0.25,0.03,54.02,52.85,51.68,2133,1941,1.1,438.43,12.13,3.0,5.73,2026-05-22,2026-05-22 10:31:01
1213,大飲,8.47,8.75,8.75,8.25,46.36,48.6,43.1,-0.22,-0.2,-0.02,9.23,8.77,8.3,15,20,0.75,4.8,,0.35,4.13,2026-05-22,2026-05-22 10:31:02
1215,卜蜂,143.0,143.0,145.0,143.0,78.74,71.37,57.14,-0.06,-1.06,1.0,144.97,139.15,133.33,1441,1664,0.87,421.55,13.78,7.0,4.9,2026-05-22,2026-05-22 10:31:03
1216,統一,71.5,72.8,72.9,71.4,34.6,55.18,56.46,0.53,0.53,-0.0,76.78,72.1,67.43,18377,13687,1.34,4062.64,20.78,3.0,4.2,2026-05-22,2026-05-22 10:31:04
1217,愛之味,9.42,9.42,9.45,9.37,17.59,12.83,19.72,-0.16,-0.14,-0.02,10.11,9.67,9.23,522,591,0.88,46.58,22.43,0.25,2.65,2026-05-22,2026-05-22 10:31:05
1218,泰山,18.65,18.55,18.65,18.45,28.55,27.63,46.87,-0.12,-0.09,-0.03,19.25,18.8,18.35,466,395,1.18,90.7,14.35,1.35,7.24,2026-05-22,2026-05-22 10:31:06
1219,福壽,12.45,12.55,12.55,12.4,7.19,9.06,11.54,-0.34,-0.27,-0.08,13.97,13.14,12.3,583,611,0.95,42.48,27.67,0.5,4.02,2026-05-22,2026-05-22 10:31:07
1220,台榮,11.85,11.9,11.9,11.8,8.9,13.12,17.65,-0.19,-0.15,-0.04,12.67,12.21,11.75,122,109,1.12,20.9,148.13,0.7,5.91,2026-05-22,2026-05-22 10:31:08
1225,福懋油,29.45,29.1,29.45,28.9,13.9,13.72,31.43,-0.86,-0.57,-0.29,33.97,31.06,28.15,80,128,0.62,71.35,18.18,0.14,0.48,2026-05-22,2026-05-22 10:31:09
1227,佳格,28.45,28.5,28.55,28.35,28.23,21.04,38.1,-0.35,-0.34,-0.0,29.37,28.79,28.2,633,819,0.77,258.45,21.39,1.4,4.92,2026-05-22,2026-05-22 10:31:10
1229,聯華,38.7,38.9,39.05,38.55,10.83,10.01,28.57,-1.27,-1.11,-0.16,43.31,40.59,37.87,3154,3132,1.01,692.24,15.06,1.3,3.36,2026-05-22,2026-05-22 10:31:11
1231,聯華食,85.8,86.6,86.6,85.8,50.56,48.15,41.43,-0.75,-0.85,0.11,87.76,86.59,85.42,301,306,0.98,256.07,22.52,1.6,1.86,2026-05-22,2026-05-22 10:31:12
1232,大統益,147.5,148.0,148.0,147.5,31.68,37.21,46.15,-0.42,-0.46,0.03,149.53,148.3,147.07,74,59,1.26,235.96,17.9,7.0,4.75,2026-05-22,2026-05-22 10:31:13
1233,天仁,28.8,28.9,28.9,28.8,37.61,29.66,57.14,-0.18,-0.24,0.06,29.02,28.77,28.51,5,13,0.37,26.08,38.4,0.2,0.69,2026-05-22,2026-05-22 10:31:14
1234,黑松,33.55,33.75,33.85,33.55,19.92,18.66,27.94,-0.56,-0.47,-0.09,36.03,34.64,33.25,137,161,0.86,134.83,16.77,1.65,4.92,2026-05-22,2026-05-22 10:31:14
1235,興泰,38.35,37.3,39.25,37.15,16.92,19.26,35.9,-1.25,-0.47,-0.78,48.07,42.29,36.51,14,24,0.58,17.43,,0.5,1.3,2026-05-22,2026-05-22 10:31:15
1236,宏亞,24.0,23.6,24.0,23.6,17.62,19.5,29.07,-0.65,-0.49,-0.16,27.18,25.12,23.07,23,47,0.5,20.8,,1.65,6.87,2026-05-22,2026-05-22 10:31:16
1240,茂生農經,57.7,57.7,57.8,57.7,34.57,39.58,27.27,-0.34,-0.26,-0.08,59.72,58.61,57.51,14,6,2.08,25.52,11.92,2.7,4.68,2026-05-22,2026-05-22 10:31:18
1256,鮮活果汁-KY,183.5,189.5,189.5,183.0,45.67,56.46,63.71,7.32,6.8,0.52,197.12,174.2,151.28,90,113,0.8,65.64,16.46,4.66,2.54,2026-05-22,2026-05-22 10:31:19
1259,安心,56.8,56.3,57.0,55.9,21.02,30.23,43.9,-0.58,-0.49,-0.09,59.81,57.83,55.86,26,17,1.49,18.4,23.18,1.2,2.11,2026-05-22,2026-05-22 10:31:20
1264,德麥,273.0,273.0,273.0,272.5,62.86,51.97,53.33,-1.07,-1.45,0.38,274.88,272.57,270.27,16,22,0.72,101.15,13.37,14.5,5.31,2026-05-22,2026-05-22 10:31:21
1268,漢來美食,171.5,170.0,171.5,167.5,77.75,77.28,86.36,2.52,1.0,1.53,168.51,158.68,148.84,143,275,0.52,72.41,16.98,7.5,4.37,2026-05-22,2026-05-22 10:31:22
1294,漢田生技,77.8,78.0,78.0,77.8,21.74,20.75,34.92,-0.91,-0.9,-0.0,80.45,78.63,76.82,15,16,0.99,23.55,17.14,2.84,3.65,2026-05-22,2026-05-22 10:31:23
1295,生合,51.9,51.0,52.0,51.0,33.81,24.19,44.06,-2.56,-2.74,0.18,58.66,53.7,48.74,38,55,0.69,17.89,9.83,3.0,5.78,2026-05-22,2026-05-22 10:31:24
1301,台塑,45.25,45.85,45.95,45.2,8.11,9.25,19.67,-1.18,-0.72,-0.46,53.16,48.44,43.73,12215,13972,0.87,2880.5,32.98,0.5,1.1,2026-05-22,2026-05-22 10:31:25
1303,南亞,86.7,88.0,89.1,86.7,32.19,22.06,47.32,-0.27,0.4,-0.67,94.94,87.9,80.85,45892,52655,0.87,6876.02,152.11,0.7,0.81,2026-05-22,2026-05-22 10:31:26
1304,台聚,12.3,12.25,12.35,12.0,19.79,14.43,32.88,-0.65,-0.6,-0.05,14.56,13.08,11.6,4994,5208,0.96,131.89,,0.2,1.63,2026-05-22,2026-05-22 10:31:27
1305,華夏,12.4,12.5,12.5,12.2,16.06,14.46,33.75,-0.71,-0.67,-0.03,14.92,13.31,11.7,3398,3023,1.12,72.05,,0.15,1.21,2026-05-22,2026-05-22 10:31:28
1307,三芳,31.5,31.6,31.8,31.5,18.63,27.92,49.21,-0.17,-0.18,0.02,32.39,31.66,30.93,514,485,1.06,125.31,11.09,2.7,8.57,2026-05-22,2026-05-22 10:31:29
1308,亞聚,13.3,13.1,13.4,13.0,31.16,20.38,36.36,-0.65,-0.67,0.02,15.29,13.83,12.37,2355,2406,0.98,78.97,49.26,0.25,1.88,2026-05-22,2026-05-22 10:31:30
1309,台達化,15.75,15.35,15.8,15.25,19.3,13.55,22.83,-1.09,-0.9,-0.18,21.04,17.52,13.99,4314,6761,0.64,62.62,,0.2,1.27,2026-05-22,2026-05-22 10:31:31
1310,台苯,7.98,8.03,8.08,7.9,10.34,8.21,21.02,-0.57,-0.55,-0.01,9.95,8.68,7.41,3794,2475,1.53,42.12,30.69,,,2026-05-22,2026-05-22 10:31:32
1312,國喬,10.4,10.65,10.65,10.25,8.59,7.12,33.33,-0.71,-0.65,-0.07,13.18,11.47,9.76,5382,4006,1.34,116.98,15.76,,,2026-05-22,2026-05-22 10:31:33
1313,聯成,10.65,10.7,10.7,10.45,22.01,19.75,45.71,-0.36,-0.36,-0.0,11.65,10.94,10.23,2222,2268,0.98,141.74,,0.15,1.41,2026-05-22,2026-05-22 10:31:34
1314,中石化,7.08,7.21,7.24,7.06,59.79,40.61,44.53,-0.21,-0.24,0.03,7.59,7.16,6.73,19524,16936,1.15,267.97,4.07,,,2026-05-22,2026-05-22 10:31:35
1315,達新,60.9,60.4,61.1,60.4,27.31,21.63,37.74,-0.36,-0.23,-0.12,63.23,61.65,60.07,20,13,1.49,58.18,39.29,4.5,7.39,2026-05-22,2026-05-22 10:31:36
1316,上曜,10.4,10.75,10.75,10.35,18.31,21.39,40.32,-0.36,-0.33,-0.03,11.7,11.02,10.34,2518,2259,1.11,36.99,47.27,,,2026-05-22,2026-05-22 10:31:36
1319,東陽,81.6,80.9,82.4,80.1,75.03,73.42,73.57,0.13,-0.49,0.62,83.33,78.1,72.87,3106,2459,1.26,482.65,12.69,5.0,6.13,2026-05-22,2026-05-22 10:31:37
1321,大洋,29.35,29.5,29.65,29.1,39.72,36.01,28.57,-0.74,-0.83,0.09,31.13,29.88,28.62,302,175,1.72,64.77,,0.38,1.29,2026-05-22,2026-05-22 10:31:38
1323,永裕,20.1,20.4,20.4,19.7,74.81,61.1,55.36,-0.22,-0.27,0.05,21.42,19.95,18.47,113,92,1.24,18.35,77.31,0.9,4.48,2026-05-22,2026-05-22 10:31:39
1324,地球,10.2,10.35,10.35,10.15,22.6,21.0,35.29,-0.21,-0.21,0.0,10.81,10.38,9.96,115,49,2.35,7.66,,0.2,1.96,2026-05-22,2026-05-22 10:31:40
1325,恆大,26.6,26.95,26.95,26.55,20.17,29.34,51.69,-0.01,-0.04,0.03,27.82,26.71,25.61,426,672,0.63,22.68,,0.3,1.13,2026-05-22,2026-05-22 10:31:41
1326,台化,45.55,45.5,45.75,45.15,27.55,19.69,29.08,-0.97,-0.5,-0.47,53.91,48.1,42.29,11203,13802,0.81,2664.23,31.04,0.5,1.1,2026-05-22,2026-05-22 10:31:42
1336,台翰,13.1,13.05,13.15,13.05,13.73,10.77,31.25,-0.29,-0.24,-0.05,14.28,13.59,12.91,119,133,0.9,10.17,18.71,0.95,7.25,2026-05-22,2026-05-22 10:31:43
1337,再生-KY,4.8,4.81,4.83,4.68,25.02,20.06,40.0,-0.2,-0.2,0.01,5.24,4.95,4.66,454,520,0.87,12.91,,,,2026-05-22,2026-05-22 10:31:44
1338,廣華-KY,15.85,15.5,16.0,15.5,40.97,34.83,47.95,-0.14,-0.12,-0.02,16.97,16.07,15.16,178,284,0.63,12.8,1.84,0.78,4.92,2026-05-22,2026-05-22 10:31:45
1339,昭輝,40.7,41.2,41.2,40.5,47.42,34.31,53.54,-0.22,-0.24,0.01,42.31,40.86,39.41,98,103,0.94,30.17,16.89,3.0,7.37,2026-05-22,2026-05-22 10:31:46
1340,勝悅-KY,5.45,5.45,5.52,5.3,42.73,33.6,36.89,-0.24,-0.26,0.03,5.92,5.61,5.29,258,188,1.37,8.33,,,,2026-05-22,2026-05-22 10:31:47
1341,富林-KY,61.3,62.0,62.0,61.3,42.55,34.77,53.52,0.35,0.34,0.0,62.4,61.2,60.01,8,7,1.12,32.4,16.57,5.2,8.48,2026-05-22,2026-05-22 10:31:47
1342,八貫,94.2,93.2,95.3,93.0,46.16,39.02,51.2,0.45,0.74,-0.29,96.24,93.63,91.02,353,224,1.57,73.48,16.85,6.0,6.37,2026-05-22,2026-05-22 10:31:48
1402,遠東新,27.0,27.1,27.15,26.75,78.34,71.44,70.67,0.1,-0.03,0.13,27.19,26.27,25.36,35810,23757,1.51,1445.07,17.42,1.6,5.93,2026-05-22,2026-05-22 10:31:49
1409,新纖,17.2,17.0,17.25,16.9,42.78,33.22,59.68,0.12,0.15,-0.02,17.27,16.86,16.45,8987,5514,1.63,275.19,14.45,0.6,3.49,2026-05-22,2026-05-22 10:31:50
1410,南染,26.5,26.8,26.8,26.4,16.49,13.43,43.75,-1.12,-1.11,-0.01,29.94,27.62,25.31,17,53,0.32,16.43,45.69,0.51,1.92,2026-05-22,2026-05-22 10:31:51
1413,宏洲,9.42,9.52,9.55,9.42,48.43,50.2,38.98,-0.07,-0.07,-0.0,9.76,9.56,9.36,4,20,0.22,12.44,20.93,,,2026-05-22,2026-05-22 10:31:52
1414,東和,15.45,15.8,15.8,15.4,29.4,28.8,32.61,-0.39,-0.4,0.0,17.03,16.16,15.3,244,245,1.0,30.59,81.32,0.2,1.29,2026-05-22,2026-05-22 10:31:53
1416,廣豐,11.15,11.15,11.15,11.0,35.57,27.21,30.0,-0.11,-0.1,-0.01,11.55,11.27,10.99,263,214,1.23,20.67,13.77,0.56,5.02,2026-05-22,2026-05-22 10:31:54
1417,嘉裕,8.16,8.18,8.27,8.16,7.66,11.5,3.75,-0.2,-0.16,-0.05,9.17,8.59,8.0,182,105,1.73,15.5,13.16,,,2026-05-22,2026-05-22 10:31:55
1418,東華,17.75,18.0,18.0,17.7,10.6,14.41,10.0,-0.23,-0.13,-0.1,19.57,18.51,17.45,30,20,1.47,9.64,,,,2026-05-22,2026-05-22 10:31:56
1419,新紡,62.6,62.5,63.0,62.1,18.87,28.79,43.45,-0.16,0.01,-0.17,65.92,63.44,60.96,133,175,0.76,187.32,15.27,1.5,2.4,2026-05-22,2026-05-22 10:31:57
1423,利華,40.9,40.8,41.8,40.75,51.28,47.28,51.25,0.08,0.1,-0.03,42.13,41.02,39.91,31,24,1.3,40.76,9.45,0.8,1.96,2026-05-22,2026-05-22 10:31:58
1432,大魯閣,16.45,16.5,16.5,16.3,24.23,17.62,40.0,-0.23,-0.24,0.01,17.05,16.61,16.16,145,163,0.89,17.77,2.73,,,2026-05-22,2026-05-22 10:31:59
1434,福懋,15.2,15.25,15.3,15.15,13.69,14.05,25.0,-0.33,-0.3,-0.03,16.33,15.64,14.96,1687,1368,1.23,255.74,29.8,0.8,5.26,2026-05-22,2026-05-22 10:32:00
1435,中福,12.85,12.85,12.85,12.85,9.16,9.19,,-0.7,-0.89,0.19,14.07,13.06,12.04,0,0,,17.96,,,,2026-05-21,2026-05-22 10:32:00
1436,華友聯,45.45,45.35,45.45,44.9,18.93,16.32,8.0,-1.75,-1.55,-0.2,52.01,48.34,44.68,246,352,0.7,88.24,9.51,7.53,16.57,2026-05-22,2026-05-22 10:32:01
1437,勤益控,28.5,28.2,28.55,28.2,45.55,28.16,27.03,-0.54,-0.56,0.01,30.32,29.0,27.67,159,122,1.3,57.53,11.88,1.83,6.42,2026-05-22,2026-05-22 10:32:02
1438,三地開發,20.7,20.45,20.7,20.45,42.38,43.27,42.31,-1.69,-1.89,0.2,25.16,21.62,18.08,30,47,0.65,23.02,12.55,,,2026-05-22,2026-05-22 10:32:03
1439,雋揚,25.9,24.95,26.2,24.95,42.25,33.82,40.85,-0.46,-0.45,-0.01,27.26,26.16,25.06,169,111,1.51,23.83,8.07,0.3,1.16,2026-05-22,2026-05-22 10:32:04
1440,南紡,11.35,11.35,11.4,11.25,9.28,8.15,6.9,-0.43,-0.35,-0.08,13.25,12.11,10.96,1666,1515,1.1,188.05,54.05,0.3,2.64,2026-05-22,2026-05-22 10:32:05
1441,大東,9.34,9.32,9.34,9.28,7.45,6.87,18.18,-0.29,-0.21,-0.09,11.53,10.0,8.46,91,69,1.31,6.7,,,,2026-05-22,2026-05-22 10:32:06
1442,名軒,26.0,26.05,26.1,25.7,22.46,23.4,42.62,-0.34,-0.27,-0.08,28.06,26.75,25.44,707,431,1.64,95.22,8.58,4.5,17.31,2026-05-22,2026-05-22 10:32:07
1443,立益物流,26.1,26.4,26.6,26.1,38.8,56.57,76.47,0.79,0.66,0.12,29.45,24.72,19.99,11,19,0.57,35.32,23.1,,,2026-05-22,2026-05-22 10:32:08
1444,力麗,5.95,5.95,5.96,5.9,59.53,47.03,46.03,-0.1,-0.1,0.0,6.24,6.01,5.77,983,890,1.1,58.57,21.25,,,2026-05-22,2026-05-22 10:32:09
1445,大宇,11.8,12.1,12.1,11.8,35.41,22.23,36.84,-0.3,-0.26,-0.05,13.4,12.27,11.14,211,102,2.06,15.42,,0.5,4.24,2026-05-22,2026-05-22 10:32:10
1446,宏和,15.7,15.5,15.8,15.45,58.87,40.23,51.28,-0.21,-0.25,0.04,16.12,15.58,15.04,142,124,1.14,21.62,9.69,2.0,12.74,2026-05-22,2026-05-22 10:32:11
1447,力鵬,6.0,5.9,6.05,5.74,87.73,74.2,90.4,0.18,0.07,0.12,6.02,5.23,4.45,2293,4103,0.56,50.61,16.67,,,2026-05-22,2026-05-22 10:32:12
1449,佳和,12.65,12.4,12.8,12.3,13.83,15.93,44.83,-0.24,-0.11,-0.13,14.1,13.05,12.0,954,673,1.42,16.08,105.42,,,2026-05-22,2026-05-22 10:32:12
1451,年興,16.7,16.75,16.75,16.65,27.87,38.46,53.33,-0.09,-0.08,-0.01,17.06,16.8,16.55,384,190,2.01,33.07,9.49,1.0,5.99,2026-05-22,2026-05-22 10:32:13
1452,宏益,10.6,10.5,10.6,10.5,19.38,12.27,15.0,-0.25,-0.19,-0.06,11.7,11.08,10.46,52,105,0.5,14.06,5.35,0.5,4.72,2026-05-22,2026-05-22 10:32:14
1453,大將,11.35,11.4,11.55,11.25,28.78,21.98,34.48,-0.24,-0.23,-0.0,12.18,11.58,10.97,53,44,1.2,12.85,283.75,,,2026-05-22,2026-05-22 10:32:15
1454,台富,12.6,12.85,12.85,12.55,17.02,20.02,24.62,-0.13,0.01,-0.14,14.54,13.52,12.49,48,52,0.93,15.39,,0.25,1.98,2026-05-22,2026-05-22 10:32:16
1455,集盛,8.17,8.21,8.21,8.09,77.42,63.03,56.9,-0.13,-0.16,0.02,8.47,8.17,7.88,554,431,1.28,43.44,11.35,,,2026-05-22,2026-05-22 10:32:17
1456,怡華,12.85,12.95,13.25,12.85,9.15,20.72,44.44,-0.25,-0.16,-0.09,14.51,13.5,12.49,19,23,0.82,12.04,3.78,,,2026-05-22,2026-05-22 10:32:18
1457,宜進,14.05,14.1,14.1,14.0,7.92,9.37,35.0,-0.19,-0.17,-0.02,14.79,14.35,13.91,152,99,1.54,32.81,11.91,1.0,7.12,2026-05-22,2026-05-22 10:32:19
1459,聯發,11.75,11.75,11.85,11.75,10.98,21.18,50.0,0.01,0.03,-0.02,12.07,11.82,11.58,99,75,1.32,37.3,8.45,0.2,1.7,2026-05-22,2026-05-22 10:32:20
1460,宏遠,6.98,7.05,7.05,6.92,32.69,38.36,50.0,0.01,0.02,-0.01,7.24,7.04,6.83,563,521,1.08,47.08,10.74,,,2026-05-22,2026-05-22 10:32:21
1463,強盛新,17.9,17.9,18.0,17.9,26.27,22.13,42.86,-0.06,-0.01,-0.05,19.19,18.26,17.33,35,47,0.76,30.71,137.69,2.1,11.73,2026-05-22,2026-05-22 10:32:22
1464,得力,10.1,10.25,10.25,10.05,37.73,38.31,55.63,-0.06,-0.08,0.03,10.29,10.07,9.85,442,466,0.95,42.73,28.86,0.5,4.95,2026-05-22,2026-05-22 10:32:27
1465,偉全,12.05,12.0,12.05,12.0,38.05,28.1,43.75,-0.09,-0.09,-0.01,12.41,12.13,11.85,15,36,0.43,12.48,,0.6,4.98,2026-05-22,2026-05-22 10:32:28
1466,聚隆,14.75,14.8,14.8,14.45,23.3,20.2,33.33,-0.57,-0.54,-0.03,17.05,15.45,13.86,137,111,1.24,16.4,,,,2026-05-22,2026-05-22 10:32:29
1467,南緯,6.95,6.99,7.0,6.9,14.66,15.38,27.78,-0.07,-0.04,-0.03,7.48,7.15,6.81,481,305,1.58,16.03,,,,2026-05-22,2026-05-22 10:32:30
1468,昶和,12.05,11.85,12.05,11.6,37.19,42.06,50.0,-0.07,-0.03,-0.04,12.57,12.19,11.81,43,43,0.99,19.33,57.38,,,2026-05-22,2026-05-22 10:32:31
1470,大統新創,22.0,21.95,22.0,21.95,51.77,39.36,47.52,-0.23,-0.19,-0.04,23.21,22.14,21.07,11,76,0.14,18.87,28.21,0.65,2.95,2026-05-22,2026-05-22 10:32:32
1471,首利,10.85,10.5,10.95,10.5,38.73,22.66,41.82,-0.43,-0.42,-0.0,12.09,10.99,9.9,556,506,1.1,16.32,361.67,,,2026-05-22,2026-05-22 10:32:33
1472,三洋實業,89.5,88.9,89.5,88.9,21.98,16.59,52.86,-1.23,-1.23,-0.0,93.26,90.11,86.96,5,7,0.64,46.98,14.72,3.0,3.35,2026-05-22,2026-05-22 10:32:34
1473,台南,20.45,20.45,20.6,20.35,35.16,32.96,41.18,-0.68,-0.74,0.07,22.3,20.94,19.58,67,116,0.58,29.89,35.88,2.0,9.78,2026-05-22,2026-05-22 10:32:35
1474,弘裕,9.81,9.87,9.87,9.75,19.8,23.22,35.71,-0.07,-0.05,-0.02,10.1,9.97,9.83,291,127,2.28,12.74,29.73,0.4,4.08,2026-05-22,2026-05-22 10:32:36
1475,業旺,25.1,25.0,25.1,24.8,11.97,13.34,9.68,-0.66,-0.4,-0.26,28.95,27.01,25.07,43,61,0.71,16.57,9.23,1.5,5.98,2026-05-22,2026-05-22 10:32:37
1476,儒鴻,342.5,344.5,346.0,341.0,51.75,44.53,52.63,-2.4,-3.3,0.9,351.67,336.9,322.13,1392,1826,0.76,939.71,17.04,17.0,4.96,2026-05-22,2026-05-22 10:32:37
1477,聚陽,219.0,218.0,222.0,215.5,34.86,38.71,57.55,-3.84,-5.06,1.21,228.0,216.95,205.9,2451,2316,1.06,540.26,15.01,15.0,6.85,2026-05-22,2026-05-22 10:32:38
1503,士電,197.0,190.5,198.0,189.5,31.09,26.42,46.02,-1.46,-0.66,-0.8,208.65,194.2,179.75,2581,2012,1.28,1026.31,31.47,4.5,2.28,2026-05-22,2026-05-22 10:32:39
1504,東元,72.1,71.5,72.9,71.0,44.12,44.34,58.88,1.54,1.43,0.11,77.39,68.37,59.34,16722,10131,1.65,1691.02,29.79,2.0,2.77,2026-05-22,2026-05-22 10:32:40
1506,正道,10.95,10.1,11.1,10.0,37.84,22.17,57.14,-0.21,-0.23,0.02,11.31,10.54,9.78,904,304,2.97,32.89,182.5,,,2026-05-22,2026-05-22 10:32:41
1512,瑞利,6.99,6.87,6.99,6.84,38.53,29.84,27.0,-0.12,-0.11,-0.01,7.58,7.2,6.82,77,50,1.55,6.86,36.79,,,2026-05-22,2026-05-22 10:32:42
1513,中興電,156.5,155.0,157.0,153.5,47.92,36.4,51.85,-0.09,-0.14,0.06,160.16,152.85,145.54,6278,4843,1.3,773.23,19.42,4.6,2.94,2026-05-22,2026-05-22 10:32:43
1514,亞力,122.5,120.0,123.0,118.0,39.96,31.49,52.24,1.42,1.61,-0.19,127.04,117.2,107.36,4900,2928,1.67,331.82,37.93,1.7,1.39,2026-05-22,2026-05-22 10:32:44
1515,力山,22.65,22.15,22.85,22.0,24.78,26.58,57.03,-0.27,-0.34,0.07,23.36,22.27,21.19,468,299,1.56,41.1,23.35,1.0,4.42,2026-05-22,2026-05-22 10:32:45
1516,川飛,20.75,21.5,21.5,20.6,31.41,48.23,33.85,0.07,0.14,-0.07,22.53,21.31,20.1,17,64,0.27,8.3,518.75,,,2026-05-22,2026-05-22 10:32:46
1517,利奇,10.0,10.05,10.1,10.0,6.51,8.17,35.29,-0.25,-0.27,0.02,10.54,10.19,9.84,423,220,1.92,22.0,1.52,0.2,2.0,2026-05-22,2026-05-22 10:32:47
1519,華城,826.0,809.0,835.0,802.0,19.81,19.53,33.21,-20.76,-11.08,-9.68,957.68,865.0,772.32,1835,2061,0.89,2609.18,59.0,9.0,1.09,2026-05-22,2026-05-22 10:32:48
1521,大億,24.15,24.35,24.35,24.1,7.36,15.79,43.1,-0.23,-0.15,-0.07,25.51,24.72,23.93,23,25,0.93,18.41,27.76,1.0,4.14,2026-05-22,2026-05-22 10:32:48
1522,堤維西,29.45,29.65,29.7,29.25,15.26,13.35,42.44,-1.0,-0.93,-0.07,33.31,30.84,28.36,728,755,0.97,91.87,17.12,3.0,10.19,2026-05-22,2026-05-22 10:32:49
1524,耿鼎,29.55,29.65,29.85,29.4,60.62,46.2,61.31,0.17,0.1,0.07,30.15,28.65,27.16,1761,1101,1.6,48.85,15.15,1.4,4.74,2026-05-22,2026-05-22 10:32:50
1525,江申,64.8,58.8,64.9,58.8,48.87,31.33,58.06,-0.37,-0.47,0.11,64.77,61.09,57.41,225,66,3.37,47.56,20.19,2.8,4.32,2026-05-22,2026-05-22 10:32:51
1526,日馳,14.6,14.7,14.75,14.5,20.41,14.21,14.29,-0.61,-0.56,-0.05,16.99,15.49,13.99,86,103,0.84,8.76,,,,2026-05-22,2026-05-22 10:32:52
1527,鑽全,32.95,32.75,33.0,32.45,72.64,56.96,60.47,-0.01,-0.07,0.06,32.91,32.51,32.11,422,244,1.73,45.66,21.68,2.2,6.68,2026-05-22,2026-05-22 10:32:53
1528,恩德,26.3,26.1,26.65,25.85,46.43,34.66,38.8,-0.22,-0.02,-0.2,29.17,26.54,23.91,5555,4791,1.16,50.32,,0.1,0.38,2026-05-22,2026-05-22 10:32:54
1529,樂事綠能,21.0,20.8,21.1,20.7,26.43,20.63,33.0,-0.84,-0.8,-0.03,23.61,21.69,19.76,722,562,1.28,32.57,20.79,0.2,0.95,2026-05-22,2026-05-22 10:32:55
1530,亞崴,28.0,28.2,28.2,27.55,82.6,80.71,81.97,0.18,-0.01,0.19,27.81,26.68,25.55,75,51,1.46,26.49,46.67,1.53,5.46,2026-05-22,2026-05-22 10:32:56
1531,高林股,12.35,12.55,12.55,12.35,19.67,20.08,31.03,-0.15,-0.1,-0.06,13.29,12.75,12.2,147,115,1.28,22.49,13.14,0.4,3.24,2026-05-22,2026-05-22 10:32:57
1532,勤美,20.55,21.0,21.0,20.5,43.22,40.31,51.06,-0.31,-0.38,0.07,21.09,20.65,20.22,703,613,1.15,85.54,20.97,1.73,8.42,2026-05-22,2026-05-22 10:32:58
1533,車王電,38.85,40.0,40.35,38.0,79.46,71.99,81.91,1.73,1.2,0.54,38.87,34.16,29.45,1288,1269,1.02,38.29,66.98,,,2026-05-22,2026-05-22 10:32:59
1535,中宇,49.45,49.0,49.5,49.0,24.92,17.03,32.2,-0.58,-0.54,-0.04,51.57,50.1,48.62,34,39,0.88,61.19,12.39,3.0,6.07,2026-05-22,2026-05-22 10:33:00
1536,和大,51.6,50.5,52.2,50.0,31.88,26.32,41.71,-0.43,-0.14,-0.29,56.8,52.03,47.26,2230,3182,0.7,143.94,95.56,0.8,1.55,2026-05-22,2026-05-22 10:33:01
1537,廣隆,125.5,125.0,125.5,124.5,70.02,72.64,66.67,0.52,0.37,0.15,127.27,124.08,120.88,63,54,1.16,102.99,15.83,10.5,8.37,2026-05-22,2026-05-22 10:33:02
1538,正峰,12.0,11.55,12.0,11.55,73.53,68.56,26.32,-0.51,-0.61,0.1,14.19,12.73,11.28,3,1,2.29,3.88,,,,2026-05-22,2026-05-22 10:33:02
1539,巨庭,15.45,15.45,15.5,15.25,41.37,31.63,16.67,-0.27,-0.27,-0.0,16.38,15.78,15.18,89,62,1.43,10.1,73.57,0.85,5.5,2026-05-22,2026-05-22 10:33:03
1540,喬福,21.35,21.05,21.4,20.85,51.04,39.01,55.26,-0.2,-0.28,0.08,21.53,20.88,20.23,413,259,1.6,18.25,19.23,1.6,7.49,2026-05-22,2026-05-22 10:33:04
1541,錩泰,20.7,20.9,20.9,20.4,25.03,18.19,17.17,-1.16,-0.98,-0.18,25.63,22.54,19.44,21,50,0.42,16.31,8.96,0.5,2.42,2026-05-22,2026-05-22 10:33:05
1558,伸興,90.8,90.3,91.0,90.0,41.28,34.49,46.03,-0.61,-0.62,0.01,92.38,90.94,89.5,51,47,1.08,58.6,16.51,6.0,6.61,2026-05-22,2026-05-22 10:33:06
1560,中砂,688.0,678.0,690.0,660.0,78.31,72.19,71.34,39.71,35.78,3.93,708.69,599.3,489.91,4014,2379,1.69,1024.6,75.6,3.99,0.58,2026-05-22,2026-05-22 10:33:07
1563,巧新,46.05,45.7,46.1,45.1,75.58,73.79,83.57,0.96,0.69,0.27,47.07,43.36,39.65,728,621,1.17,99.97,32.43,2.27,4.93,2026-05-22,2026-05-22 10:33:08
1565,精華,94.9,97.1,97.1,94.9,27.55,19.41,23.97,-2.77,-2.38,-0.38,107.86,99.54,91.22,157,182,0.86,47.85,10.65,9.5,10.01,2026-05-22,2026-05-22 10:33:09
1568,倉佑,29.05,28.95,29.2,28.65,47.22,32.55,40.17,0.68,0.93,-0.25,29.95,28.67,27.39,278,246,1.13,29.95,21.36,1.0,3.44,2026-05-22,2026-05-22 10:33:10
1569,濱川,52.7,51.5,53.8,50.4,21.06,13.07,15.82,-1.14,-0.33,-0.81,65.64,56.35,47.06,1275,788,1.62,76.02,,,,2026-05-22,2026-05-22 10:33:11
1570,力肯,42.1,40.2,42.3,39.85,58.96,49.52,66.8,1.3,1.33,-0.03,41.01,38.63,36.26,651,369,1.76,21.68,71.36,1.3,3.09,2026-05-22,2026-05-22 10:33:12
1580,新麥,122.5,123.0,123.0,122.0,41.1,37.95,50.0,-1.0,-1.17,0.17,124.46,122.67,120.89,56,49,1.13,60.44,9.79,9.16,7.48,2026-05-22,2026-05-22 10:33:13
1582,信錦,115.0,119.0,120.5,112.5,81.62,73.57,67.98,4.82,2.14,2.68,117.04,96.72,76.4,16397,20034,0.82,165.91,33.53,5.5,4.78,2026-05-22,2026-05-22 10:33:14
1583,程泰,47.25,47.85,47.85,47.25,22.67,31.41,52.16,0.32,0.48,-0.17,49.24,47.61,45.97,20,37,0.54,51.69,12.27,3.03,6.41,2026-05-22,2026-05-22 10:33:15
1584,精剛,19.65,19.65,19.75,19.4,24.76,24.07,40.0,-0.4,-0.44,0.04,20.37,19.87,19.38,764,602,1.27,44.2,44.66,0.7,3.56,2026-05-22,2026-05-22 10:33:16
1586,和勤,23.45,23.05,23.45,23.0,94.12,82.88,82.35,0.1,-0.13,0.23,23.15,22.06,20.97,329,255,1.29,23.75,10.71,0.3,1.28,2026-05-22,2026-05-22 10:33:17
1587,吉茂,28.55,28.35,28.6,28.1,16.47,12.2,23.4,-1.81,-1.72,-0.09,34.67,30.69,26.71,304,280,1.08,22.86,77.16,0.5,1.75,2026-05-22,2026-05-22 10:33:18
1589,永冠-KY,5.54,5.54,5.54,5.54,0.51,0.51,,-0.26,-0.37,0.11,5.54,5.54,5.54,0,0,,8.48,1.21,,,2026-05-21,2026-05-22 10:33:19
1590,亞德客-KY,1410.0,1430.0,1450.0,1375.0,19.02,26.34,40.62,49.42,71.92,-22.49,1547.48,1453.5,1359.52,1218,795,1.53,2820.0,33.55,29.11,2.06,2026-05-22,2026-05-22 10:33:20
1591,駿吉-KY,37.8,32.5,37.8,32.5,7.26,8.08,14.83,-4.44,-1.05,-3.39,77.3,55.96,34.63,975,667,1.46,14.38,,,,2026-05-22,2026-05-22 10:33:21
1593,祺驊,31.4,31.6,31.65,31.4,36.29,35.88,46.36,-0.38,-0.41,0.03,32.52,31.58,30.64,8,32,0.27,12.49,14.4,1.6,5.1,2026-05-22,2026-05-22 10:33:22
1595,川寶,98.1,97.5,101.5,96.1,70.59,62.82,68.16,9.96,10.39,-0.44,108.4,84.98,61.57,1208,815,1.48,52.94,,0.5,0.51,2026-05-22,2026-05-22 10:33:23
1597,直得,183.0,169.0,183.0,161.5,42.71,51.32,62.09,17.44,19.7,-2.26,216.98,164.18,111.37,4941,3279,1.51,159.69,198.91,0.7,0.38,2026-05-22,2026-05-22 10:33:24
1598,岱宇,20.1,20.2,20.2,19.95,12.42,16.35,45.24,0.01,0.12,-0.11,21.75,20.55,19.36,225,157,1.44,32.85,2.44,0.5,2.49,2026-05-22,2026-05-22 10:33:25
1599,宏佳騰,23.5,23.6,24.6,23.3,30.77,26.98,10.53,-0.51,-0.44,-0.07,25.75,24.43,23.11,51,49,1.04,16.93,,0.51,2.17,2026-05-22,2026-05-22 10:33:26
1603,華電,30.7,30.55,30.9,30.4,27.66,24.63,39.72,-0.74,-0.63,-0.11,33.68,31.44,29.2,312,335,0.93,48.77,9.42,1.5,4.89,2026-05-22,2026-05-22 10:33:27
1604,聲寶,23.2,23.1,23.3,22.9,82.5,69.38,72.22,-0.06,-0.12,0.06,23.25,22.94,22.64,356,301,1.18,86.71,13.65,1.5,6.47,2026-05-22,2026-05-22 10:33:28
1605,華新,36.5,35.7,37.1,35.3,60.99,56.21,66.0,0.88,0.69,0.19,37.63,33.31,28.99,60260,40718,1.48,1617.44,48.67,0.5,1.37,2026-05-22,2026-05-22 10:33:29
1608,華榮,33.3,32.8,33.6,32.45,38.69,29.15,47.89,-0.2,-0.12,-0.07,34.66,32.93,31.21,3322,2393,1.39,141.26,6.08,1.0,3.0,2026-05-22,2026-05-22 10:33:30
1609,大亞,35.5,35.3,35.6,34.8,52.5,43.14,62.5,0.23,0.08,0.15,36.46,33.82,31.18,4996,4039,1.24,277.95,22.05,0.75,2.11,2026-05-22,2026-05-22 10:33:31
1611,中電,11.5,11.45,11.5,11.3,34.59,23.34,39.39,-0.23,-0.22,-0.01,12.28,11.62,10.96,463,481,0.96,37.11,383.33,0.8,6.96,2026-05-22,2026-05-22 10:33:32
1612,宏泰,36.6,36.6,36.75,36.3,44.05,39.82,51.65,0.2,0.24,-0.05,37.59,36.16,34.74,771,630,1.22,115.69,13.31,2.1,5.74,2026-05-22,2026-05-22 10:33:33
1614,三洋電,30.8,30.7,31.0,30.6,18.83,15.71,27.27,-0.39,-0.31,-0.08,32.62,31.51,30.4,63,64,0.98,79.75,32.08,0.58,1.88,2026-05-22,2026-05-22 10:33:33
1615,大山,42.9,42.9,43.0,42.7,11.62,8.44,28.0,-0.94,-0.77,-0.17,47.57,44.57,41.57,118,113,1.05,84.37,8.97,2.0,4.66,2026-05-22,2026-05-22 10:33:34
1616,億泰,22.05,22.0,22.1,21.5,51.03,35.46,47.37,-0.57,-0.65,0.08,23.22,21.89,20.56,584,506,1.15,41.78,14.23,1.8,8.16,2026-05-22,2026-05-22 10:33:35
1617,榮星,14.9,14.55,15.0,14.35,40.94,31.03,44.9,-0.18,-0.15,-0.03,15.62,14.88,14.13,380,158,2.4,23.51,21.91,0.5,3.36,2026-05-22,2026-05-22 10:33:37
1618,合機,39.3,39.15,39.6,38.8,45.24,27.9,56.12,-0.29,-0.4,0.12,39.78,38.73,37.68,585,428,1.37,75.73,9.4,1.5,3.82,2026-05-22,2026-05-22 10:33:38
1623,大東電,224.5,225.0,226.0,221.0,20.07,17.19,29.27,1.57,5.12,-3.55,254.96,233.93,212.89,185,132,1.4,148.17,16.5,8.0,3.56,2026-05-22,2026-05-22 10:33:38
1626,艾美特-KY,9.96,9.98,9.99,9.91,4.09,5.79,11.6,-0.23,-0.11,-0.12,11.72,10.63,9.55,38,62,0.62,14.92,,,,2026-05-22,2026-05-22 10:33:39
1702,南僑,33.25,33.35,33.35,33.0,39.66,26.92,26.92,-0.78,-0.74,-0.04,36.24,34.14,32.05,381,476,0.8,82.49,29.69,1.6,4.81,2026-05-22,2026-05-22 10:33:40
1707,葡萄王,103.0,104.0,104.0,102.0,10.21,9.82,12.5,-3.59,-2.94,-0.65,118.29,110.22,102.16,529,400,1.32,152.58,12.61,6.0,5.83,2026-05-22,2026-05-22 10:33:41
1708,東鹼,39.15,39.65,39.7,39.05,29.94,42.05,48.71,-0.22,-0.13,-0.09,43.17,40.29,37.4,2611,2076,1.26,97.48,12.05,1.6,4.09,2026-05-22,2026-05-22 10:33:42
1709,和益,18.4,18.4,18.5,18.3,46.64,34.36,45.24,-0.05,-0.01,-0.04,19.09,18.51,17.93,574,611,0.94,87.77,14.96,0.8,4.35,2026-05-22,2026-05-22 10:33:43
1710,東聯,12.95,13.0,13.15,12.85,70.08,46.25,52.7,-0.27,-0.4,0.13,13.69,12.53,11.37,5598,6168,0.91,113.57,13.49,,,2026-05-22,2026-05-22 10:33:44
1711,永光,51.1,51.2,52.1,50.5,28.84,20.84,35.29,0.73,2.15,-1.42,62.96,53.87,44.77,15353,16188,0.95,279.9,,0.3,0.59,2026-05-22,2026-05-22 10:33:45
1712,興農,39.9,40.2,40.2,39.75,5.46,8.4,15.38,-0.7,-0.57,-0.13,43.11,41.51,39.91,1644,970,1.7,167.78,15.35,2.5,6.27,2026-05-22,2026-05-22 10:33:46
1713,國化,47.8,47.95,48.3,47.8,53.86,51.21,60.22,0.1,0.03,0.07,48.15,47.14,46.14,187,137,1.36,72.16,12.42,7.5,15.69,2026-05-22,2026-05-22 10:33:47
1714,和桐,9.67,9.8,9.8,9.62,38.17,47.86,57.92,0.02,0.01,0.01,10.2,9.61,9.02,2310,3212,0.72,94.93,19.34,0.21,2.17,2026-05-22,2026-05-22 10:33:48
1717,長興,83.0,80.6,84.4,80.1,53.09,41.52,55.74,1.44,1.92,-0.49,84.21,78.56,72.92,67897,41982,1.62,972.96,58.87,1.0,1.2,2026-05-22,2026-05-22 10:33:49
1718,中纖,6.46,6.47,6.5,6.4,34.8,40.97,48.8,-0.13,-0.16,0.02,6.75,6.52,6.29,2964,2802,1.06,86.19,71.78,,,2026-05-22,2026-05-22 10:33:50
1720,生達,62.1,62.2,62.2,61.8,63.62,56.59,67.5,-0.08,-0.25,0.18,62.26,61.36,60.46,195,213,0.91,110.97,11.99,2.8,4.51,2026-05-22,2026-05-22 10:33:50
1721,三晃,29.0,28.7,29.65,28.3,29.78,41.18,60.22,1.97,2.47,-0.5,34.96,28.73,22.5,8114,6416,1.26,53.62,,,,2026-05-22,2026-05-22 10:33:51
1722,台肥,46.05,46.25,46.4,45.9,28.65,23.18,30.0,-0.08,0.03,-0.11,49.58,46.52,43.46,1997,2208,0.9,451.29,48.47,2.0,4.34,2026-05-22,2026-05-22 10:33:52
1723,中碳,81.7,81.4,82.4,81.2,63.2,52.21,69.83,0.38,0.27,0.11,82.12,79.41,76.7,707,656,1.08,189.67,30.83,4.5,5.51,2026-05-22,2026-05-22 10:33:53
1725,元禎,31.1,31.3,31.4,31.0,24.0,22.35,54.69,-0.04,0.1,-0.14,32.76,31.3,29.85,121,112,1.08,56.55,20.33,1.25,4.02,2026-05-22,2026-05-22 10:33:54
1726,永記,76.7,76.7,77.0,76.7,40.13,44.52,62.5,0.25,0.19,0.05,77.29,76.31,75.33,21,45,0.48,124.25,13.97,3.6,4.69,2026-05-22,2026-05-22 10:33:55
1727,中華化,102.0,94.0,102.0,94.0,87.63,79.22,72.14,8.21,7.07,1.14,96.34,81.58,66.82,15091,21911,0.69,130.58,2550.0,0.5,0.49,2026-05-22,2026-05-22 10:33:56
1730,花仙子,52.5,52.9,52.9,52.5,28.3,33.62,52.63,-0.01,-0.01,0.01,53.05,52.69,52.32,96,45,2.11,33.2,11.67,3.0,5.71,2026-05-22,2026-05-22 10:33:57
1731,美吾華,21.5,21.6,21.6,21.5,29.63,28.21,42.11,-0.06,-0.05,-0.0,21.82,21.64,21.46,133,92,1.44,28.58,15.81,1.2,5.58,2026-05-22,2026-05-22 10:33:58
1732,毛寶,26.55,26.85,26.9,26.05,37.41,38.1,53.12,0.13,0.09,0.05,27.18,26.28,25.38,365,524,0.7,11.27,38.48,0.5,1.88,2026-05-22,2026-05-22 10:33:59
1733,五鼎,29.65,29.55,29.75,29.5,70.74,67.25,73.68,0.07,-0.1,0.17,29.72,28.76,27.81,122,142,0.86,29.64,18.3,1.2,4.05,2026-05-22,2026-05-22 10:34:00
1734,杏輝,30.75,30.8,30.85,30.55,69.8,57.51,33.33,-0.22,-0.19,-0.03,32.01,31.04,30.07,282,312,0.9,58.49,16.02,0.95,3.09,2026-05-22,2026-05-22 10:34:01
1735,日勝化,26.8,26.85,27.45,25.95,35.12,27.1,51.32,-0.16,-0.01,-0.15,28.68,26.58,24.49,650,546,1.19,26.64,34.36,0.8,2.99,2026-05-22,2026-05-22 10:34:01
1736,喬山,118.5,121.0,121.5,118.0,48.7,47.88,43.04,-0.45,-0.42,-0.03,132.99,122.83,112.66,521,589,0.88,359.52,13.08,,,2026-05-22,2026-05-22 10:34:02
1737,臺鹽,31.55,31.55,31.6,31.5,46.63,36.51,46.67,-0.08,-0.08,0.0,31.79,31.56,31.34,101,69,1.46,63.1,15.85,1.3,4.12,2026-05-22,2026-05-22 10:34:03
1742,台蠟,15.0,15.0,15.0,14.8,15.52,19.18,31.25,-0.29,-0.26,-0.03,16.18,15.51,14.83,24,20,1.23,13.9,,,,2026-05-22,2026-05-22 10:34:04
1752,南光,32.75,32.85,32.85,32.65,21.99,16.5,34.69,-0.68,-0.69,0.0,34.62,33.38,32.13,60,65,0.92,33.07,13.59,1.6,4.89,2026-05-22,2026-05-22 10:34:05
1760,寶齡富錦,61.8,62.8,62.8,61.1,25.46,16.72,35.0,-0.8,-0.43,-0.37,69.29,63.95,58.61,153,127,1.2,52.99,27.96,1.8,2.91,2026-05-22,2026-05-22 10:34:06
1762,中化生,37.95,37.85,38.85,37.55,58.63,62.14,70.46,2.41,2.11,0.29,42.67,33.74,24.8,442,651,0.68,29.19,84.33,0.19,0.5,2026-05-22,2026-05-22 10:34:07
1773,勝一,184.5,179.5,188.0,177.0,52.95,41.35,59.83,3.99,4.61,-0.62,185.11,174.32,163.54,2780,1611,1.73,553.5,27.21,2.5,1.36,2026-05-22,2026-05-22 10:34:08
1776,展宇,18.95,18.2,19.15,18.2,48.06,48.54,67.48,0.59,0.48,0.1,19.11,17.3,15.48,410,291,1.41,11.39,70.19,0.6,3.17,2026-05-22,2026-05-22 10:34:09
1777,生泰,71.5,71.0,71.9,71.0,68.23,63.26,58.82,0.0,-0.08,0.08,71.77,71.06,70.35,13,15,0.85,31.88,12.22,5.3,7.41,2026-05-22,2026-05-22 10:34:10
1781,合世,11.0,10.9,11.1,10.9,51.97,31.64,55.26,-0.26,-0.31,0.05,11.27,10.73,10.2,137,57,2.38,5.21,,,,2026-05-22,2026-05-22 10:34:11
1783,和康生,39.0,38.9,39.0,38.8,50.45,44.51,44.16,-0.63,-0.78,0.15,39.9,39.01,38.13,79,84,0.94,34.98,13.27,0.83,2.13,2026-05-22,2026-05-22 10:34:12
1784,訊聯,71.3,71.9,72.4,71.0,17.88,20.74,43.41,-2.17,-2.26,0.09,77.25,73.27,69.29,136,180,0.75,37.41,69.9,0.87,1.22,2026-05-22,2026-05-22 10:34:13
1785,光洋科,144.0,143.0,147.5,142.5,18.3,18.2,36.46,3.26,8.12,-4.86,181.76,156.65,131.54,13920,17782,0.78,858.21,45.86,2.0,1.39,2026-05-22,2026-05-22 10:34:14
1786,科妍,58.2,58.7,59.0,58.2,70.26,64.16,55.78,-0.55,-1.1,0.56,61.79,57.34,52.88,293,664,0.44,43.55,26.7,1.91,3.28,2026-05-22,2026-05-22 10:34:15
1788,杏昌,135.5,136.0,136.0,135.0,64.56,59.69,50.0,-0.18,-0.26,0.07,136.1,135.43,134.75,32,20,1.56,60.33,16.38,7.0,5.17,2026-05-22,2026-05-22 10:34:16
1789,神隆,19.35,19.25,19.4,19.1,44.53,28.11,34.0,-0.48,-0.49,0.01,20.96,19.74,18.52,740,553,1.34,153.01,113.82,0.35,1.81,2026-05-22,2026-05-22 10:34:17
1795,美時,201.0,200.0,202.5,197.5,26.61,18.6,33.11,-9.12,-7.4,-1.72,245.43,213.28,181.12,2974,2452,1.21,528.25,11.14,5.78,2.88,2026-05-22,2026-05-22 10:34:18
1796,金穎生技,38.5,36.05,39.0,36.05,40.25,28.64,52.46,-0.61,-0.7,0.09,39.65,37.3,34.96,51,54,0.93,15.96,55.0,,,2026-05-22,2026-05-22 10:34:19
1799,易威,34.15,35.0,35.2,34.0,6.91,9.28,37.26,-1.09,-0.75,-0.35,39.91,36.69,33.48,183,116,1.56,42.58,,,,2026-05-22,2026-05-22 10:34:20
1802,台玻,70.5,67.1,70.6,67.0,41.17,31.35,57.82,0.69,1.25,-0.56,73.29,67.67,62.05,125173,67983,1.84,2050.18,20.98,,,2026-05-22,2026-05-22 10:34:21
1805,寶徠,10.1,10.05,10.1,9.7,24.41,21.64,27.27,-0.18,-0.15,-0.03,10.99,10.46,9.93,234,156,1.5,13.63,50.5,,,2026-05-22,2026-05-22 10:34:22
1806,冠軍,8.06,8.14,8.14,8.05,15.44,12.61,23.64,-0.1,-0.09,-0.01,8.74,8.24,7.73,207,250,0.83,31.15,27.79,1.0,12.41,2026-05-22,2026-05-22 10:34:23
1808,潤隆,28.65,29.4,29.4,28.6,24.03,30.5,53.33,-0.25,-0.33,0.08,30.21,29.02,27.82,2497,1301,1.92,255.85,21.07,2.22,7.75,2026-05-22,2026-05-22 10:34:24
1809,中釉,41.5,38.95,41.55,38.85,59.09,60.35,84.24,3.3,2.95,0.36,46.01,34.26,22.51,4011,2538,1.58,69.32,218.42,0.25,0.6,2026-05-22,2026-05-22 10:34:25
1810,和成,19.05,19.25,19.4,18.9,64.33,53.87,67.95,0.26,0.2,0.06,19.45,18.27,17.08,1414,1632,0.87,57.5,381.0,0.19,1.0,2026-05-22,2026-05-22 10:34:26
1813,寶利徠,12.15,12.15,12.15,12.15,28.77,32.33,43.48,-0.22,-0.24,0.02,12.5,12.27,12.05,11,27,0.41,5.67,,,,2026-05-22,2026-05-22 10:34:27
1815,富喬,107.0,104.0,108.0,104.0,33.27,23.23,47.62,-1.89,-1.2,-0.69,116.13,107.55,98.97,28211,19749,1.43,625.19,65.24,,,2026-05-22,2026-05-22 10:34:28
1817,凱撒衛,39.35,40.6,40.6,39.25,31.79,40.45,58.16,0.25,0.18,0.07,40.18,39.03,37.88,100,126,0.79,28.57,10.96,2.4,6.1,2026-05-22,2026-05-22 10:34:29
1903,士紙,47.95,48.0,48.5,47.9,17.75,19.27,33.33,-0.55,-0.5,-0.05,50.32,48.76,47.21,182,170,1.07,124.69,37.17,,,2026-05-22,2026-05-22 10:34:30
1904,正隆,19.1,19.15,19.3,18.8,48.37,50.69,62.39,0.18,0.07,0.1,20.03,18.32,16.6,2028,2393,0.85,211.68,25.81,0.45,2.36,2026-05-22,2026-05-22 10:34:31
1905,華紙,12.1,12.15,12.15,11.9,27.99,16.85,32.35,-0.44,-0.41,-0.03,13.63,12.52,11.4,2768,3011,0.92,133.44,,,,2026-05-22,2026-05-22 10:34:32
1906,寶隆,10.5,10.55,10.55,10.0,22.17,12.5,9.52,-0.31,-0.27,-0.04,11.67,10.94,10.22,221,112,1.96,15.86,1050.0,0.1,0.95,2026-05-22,2026-05-22 10:34:33
1907,永豐餘,24.45,24.55,24.75,24.4,38.36,43.96,61.45,-0.12,-0.22,0.1,24.89,24.14,23.39,791,1234,0.64,405.96,20.55,0.8,3.27,2026-05-22,2026-05-22 10:34:34
1909,榮成,8.96,8.95,9.0,8.93,29.25,36.21,47.47,-0.13,-0.14,0.01,9.26,9.07,8.87,2530,2254,1.12,116.43,,,,2026-05-22,2026-05-22 10:34:35
2002,中鋼,18.15,18.25,18.25,18.1,13.54,13.61,32.0,-0.34,-0.33,-0.01,19.13,18.53,17.93,33177,31261,1.06,2773.32,46.13,0.33,1.82,2026-05-22,2026-05-22 10:34:36
2006,東和鋼鐵,65.5,65.7,65.8,65.1,23.48,22.87,42.25,-1.09,-1.11,0.02,68.53,66.38,64.24,1080,1209,0.89,478.29,10.17,4.3,6.56,2026-05-22,2026-05-22 10:34:37
2007,燁興,6.97,7.0,7.0,6.93,15.24,11.51,19.44,-0.25,-0.24,-0.01,7.74,7.25,6.77,243,272,0.9,36.99,,,,2026-05-22,2026-05-22 10:34:37
2008,高興昌,27.55,27.5,27.85,27.5,35.68,39.56,50.79,-0.02,-0.04,0.02,28.12,27.7,27.28,14,18,0.79,52.58,40.51,0.5,1.81,2026-05-22,2026-05-22 10:34:38
2009,第一銅,39.3,39.0,39.6,38.55,26.74,29.45,56.22,-0.34,-0.41,0.07,40.96,38.69,36.42,1656,1494,1.11,141.33,115.59,0.5,1.27,2026-05-22,2026-05-22 10:34:39
2010,春源,22.4,22.55,22.6,22.35,13.58,13.06,20.51,-0.61,-0.45,-0.16,25.76,23.68,21.59,1352,1225,1.1,145.07,9.66,1.3,5.8,2026-05-22,2026-05-22 10:34:40
2012,春雨,14.2,14.35,14.4,14.05,6.6,11.78,28.57,-0.33,-0.28,-0.04,15.36,14.79,14.21,72,74,0.98,39.58,78.89,1.0,7.04,2026-05-22,2026-05-22 10:34:41
2013,中鋼構,41.9,42.05,42.15,41.9,19.12,19.38,36.21,-0.41,-0.36,-0.05,43.33,42.5,41.67,99,79,1.25,83.8,13.18,2.0,4.77,2026-05-22,2026-05-22 10:34:42
2014,中鴻,17.15,17.3,17.3,17.0,16.18,21.08,45.61,-0.25,-0.18,-0.06,18.42,17.57,16.71,5256,3818,1.38,246.2,50.44,,,2026-05-22,2026-05-22 10:34:43
2015,豐興,61.6,62.5,62.5,61.5,27.09,40.62,54.72,-0.13,-0.12,-0.02,64.14,62.09,60.03,224,249,0.9,358.27,16.0,3.3,5.36,2026-05-22,2026-05-22 10:34:44
2017,官田鋼,8.52,8.56,8.64,8.47,14.34,19.35,45.8,-0.21,-0.21,0.0,9.06,8.71,8.35,580,448,1.29,36.39,,,,2026-05-22,2026-05-22 10:34:45
2020,美亞,21.3,21.45,21.6,21.25,19.56,20.8,36.59,-0.35,-0.31,-0.04,22.56,21.8,21.05,443,280,1.58,56.88,10.0,1.8,8.45,2026-05-22,2026-05-22 10:34:46
2022,聚亨,7.59,7.63,7.63,7.5,12.79,18.2,35.77,-0.29,-0.26,-0.02,8.47,7.94,7.42,623,607,1.03,25.59,,,,2026-05-22,2026-05-22 10:34:47
2023,燁輝,13.7,13.6,13.7,13.45,36.27,28.98,43.75,-0.14,-0.12,-0.02,14.32,13.93,13.54,4337,2599,1.67,252.25,36.05,,,2026-05-22,2026-05-22 10:34:48
2024,志聯,14.15,13.8,14.3,13.8,56.48,39.94,50.7,-0.23,-0.28,0.05,14.58,13.88,13.18,40,22,1.77,13.8,,,,2026-05-21,2026-05-22 10:34:49
2025,千興,12.4,12.8,12.8,12.05,39.67,42.34,61.02,0.12,0.08,0.04,12.63,11.61,10.59,894,318,2.81,21.41,,,,2026-05-22,2026-05-22 10:34:50
2027,大成鋼,41.95,42.5,42.9,41.75,79.75,73.46,72.02,1.02,0.7,0.32,42.33,39.09,35.85,24263,33742,0.72,986.76,14.62,1.1,2.62,2026-05-22,2026-05-22 10:34:51
2028,威致,17.1,17.0,17.25,16.95,52.49,35.69,49.06,-0.37,-0.4,0.04,18.15,17.15,16.14,288,237,1.22,55.41,61.07,0.6,3.51,2026-05-22,2026-05-22 10:34:51
2029,盛餘,20.3,20.35,20.4,20.15,45.35,44.17,55.32,-0.05,-0.09,0.04,20.51,20.23,19.95,256,235,1.09,65.2,27.43,1.25,6.16,2026-05-22,2026-05-22 10:34:52
2030,彰源,17.1,17.1,17.2,16.8,38.75,48.89,64.13,0.3,0.29,0.01,18.44,16.72,15.01,1214,1015,1.2,47.19,48.86,0.71,4.15,2026-05-22,2026-05-22 10:34:53
2031,新光鋼,38.25,38.4,38.5,38.2,12.23,13.76,23.08,-0.5,-0.37,-0.13,41.18,39.25,37.32,910,833,1.09,122.84,11.66,2.5,6.54,2026-05-22,2026-05-22 10:34:54
2032,新鋼,16.5,16.75,16.75,16.25,25.94,34.1,59.79,0.13,0.16,-0.03,17.67,16.36,15.06,405,398,1.02,21.54,29.46,0.5,3.03,2026-05-22,2026-05-22 10:34:55
2033,佳大,15.45,15.0,15.45,15.0,77.86,56.87,54.84,-0.24,-0.27,0.03,16.2,15.35,14.5,164,118,1.39,12.47,44.14,0.2,1.29,2026-05-22,2026-05-22 10:34:56
2034,允強,19.8,19.9,19.95,19.75,14.37,14.51,34.33,-0.26,-0.15,-0.12,21.97,20.52,19.07,947,993,0.95,104.74,99.0,1.0,5.05,2026-05-22,2026-05-22 10:34:57
2035,唐榮,28.35,28.35,28.35,28.35,87.83,83.96,50.52,0.04,-0.0,0.04,28.7,28.06,27.43,1,11,0.11,99.23,,,,2026-05-22,2026-05-22 10:34:58
2038,海光,13.2,13.4,13.4,13.0,13.63,11.66,30.95,-0.43,-0.41,-0.02,14.52,13.77,13.03,721,338,2.13,25.63,,,,2026-05-22,2026-05-22 10:34:59
2049,上銀,376.5,381.0,386.0,373.0,67.36,73.6,70.57,26.8,26.41,0.39,407.03,340.85,274.67,5761,6823,0.84,1332.03,87.56,2.4,0.64,2026-05-22,2026-05-22 10:35:00
2059,川湖,5090.0,4605.0,5200.0,4605.0,39.95,43.61,66.3,305.42,340.11,-34.69,5725.67,4617.25,3508.83,218,263,0.83,4850.62,50.48,32.2,0.63,2026-05-22,2026-05-22 10:35:01
2061,風青,26.65,24.7,26.95,24.1,80.13,69.91,83.41,1.72,1.3,0.42,25.22,21.03,16.84,7110,3271,2.17,15.29,,,,2026-05-22,2026-05-22 10:35:02
2062,橋椿,18.5,18.65,18.65,18.35,7.01,7.78,12.5,-0.72,-0.5,-0.22,22.31,20.15,18.0,877,600,1.46,37.0,47.44,1.8,9.73,2026-05-22,2026-05-22 10:35:03
2063,世鎧,25.3,25.1,25.3,25.0,32.78,33.68,44.44,-0.36,-0.37,0.01,26.17,25.52,24.88,36,15,2.39,12.17,16.43,8.0,31.62,2026-05-22,2026-05-22 10:35:04
2064,晉椿,13.05,13.1,13.7,12.85,63.34,64.58,72.0,0.34,0.27,0.07,13.68,12.42,11.15,299,76,3.93,9.09,,,,2026-05-22,2026-05-22 10:35:05
2065,世豐,35.15,34.5,35.2,34.5,91.7,84.77,91.25,1.2,0.74,0.47,35.86,31.18,26.5,229,114,2.01,22.33,31.67,1.5,4.27,2026-05-22,2026-05-22 10:35:06
2066,世德,57.9,56.4,58.0,56.4,77.36,76.51,70.53,2.53,1.4,1.12,61.45,50.1,38.76,76,155,0.49,25.59,43.53,3.02,5.22,2026-05-22,2026-05-22 10:35:07
2067,嘉鋼,6.92,6.87,7.09,6.71,31.01,28.39,50.51,-0.19,-0.21,0.02,7.66,7.04,6.42,49,19,2.54,3.12,,,,2026-05-22,2026-05-22 10:35:08
2069,運錩,19.2,19.3,19.55,19.15,19.29,33.37,59.72,0.17,0.22,-0.05,20.42,19.29,18.16,655,389,1.68,31.95,11.85,0.9,4.69,2026-05-22,2026-05-22 10:35:09
2070,精湛,66.8,65.0,67.5,65.0,35.17,30.77,56.83,4.58,5.53,-0.94,74.47,63.83,53.19,642,534,1.2,27.91,29.96,1.49,2.23,2026-05-22,2026-05-22 10:35:10
2072,世紀風電,169.0,172.5,172.5,168.5,37.24,41.13,36.67,-4.48,-4.57,0.09,184.9,176.4,167.9,443,446,0.99,324.48,14.15,7.08,4.19,2026-05-22,2026-05-22 10:35:10
2073,雄順,25.9,25.9,25.9,25.9,51.41,40.9,46.97,-0.23,-0.22,-0.01,27.38,26.11,24.85,2,3,0.64,7.12,,0.7,2.7,2026-05-22,2026-05-22 10:35:12
2101,南港,30.7,31.1,31.3,30.55,17.78,16.97,35.0,-1.05,-0.8,-0.25,35.5,32.63,29.76,2182,2618,0.83,221.98,30.4,0.7,2.28,2026-05-22,2026-05-22 10:35:12
2102,泰豐,18.3,18.3,18.5,18.15,35.4,23.8,42.86,-0.32,-0.31,-0.01,19.37,18.53,17.7,411,478,0.86,84.1,2.91,,,2026-05-22,2026-05-22 10:35:13
2103,台橡,19.8,20.5,20.5,19.75,27.45,42.79,54.74,0.24,0.32,-0.08,21.92,20.21,18.5,5472,4059,1.35,163.49,36.67,,,2026-05-22,2026-05-22 10:35:14
2104,國際中橡,9.95,10.05,10.1,9.9,40.72,29.23,35.47,-0.39,-0.42,0.03,10.99,10.28,9.58,1869,1974,0.95,96.51,36.85,,,2026-05-22,2026-05-22 10:35:15
2105,正新,31.9,32.5,32.6,31.75,56.87,61.78,61.05,0.18,0.17,0.01,32.79,31.77,30.76,12970,11046,1.17,1034.01,21.27,1.8,5.64,2026-05-22,2026-05-22 10:35:16
2106,建大,16.7,16.85,16.9,16.6,25.83,23.53,40.91,-0.37,-0.36,-0.01,17.79,17.14,16.49,1241,748,1.66,159.47,128.46,1.1,6.59,2026-05-22,2026-05-22 10:35:17
2107,厚生,25.25,25.25,25.4,25.2,26.41,22.59,34.43,-0.16,-0.06,-0.1,26.73,25.76,24.79,286,268,1.07,76.66,15.12,1.4,5.54,2026-05-22,2026-05-22 10:35:18
2108,南帝,27.95,28.2,28.3,27.7,32.76,32.54,59.46,0.44,0.47,-0.03,28.86,27.41,25.96,1038,1229,0.84,137.63,33.67,1.0,3.58,2026-05-22,2026-05-22 10:35:19
2109,華豐,14.0,14.0,14.05,13.95,38.87,30.44,36.36,-0.15,-0.15,0.01,14.51,14.11,13.72,124,131,0.94,39.11,12.07,1.3,9.29,2026-05-22,2026-05-22 10:35:20
2114,鑫永銓,90.1,89.2,90.6,89.2,73.6,63.42,81.25,0.22,0.0,0.22,89.72,88.48,87.24,107,122,0.88,70.27,15.64,5.0,5.55,2026-05-22,2026-05-22 10:35:21
2115,六暉-KY,20.7,20.65,20.85,20.65,47.49,29.69,45.71,-0.32,-0.34,0.02,21.82,20.86,19.9,29,133,0.22,21.61,13.1,1.5,7.25,2026-05-22,2026-05-22 10:35:22
2201,裕隆,26.85,26.8,27.0,26.55,27.82,27.45,50.0,-0.2,-0.16,-0.05,27.93,27.13,26.33,2398,2743,0.87,285.27,28.87,0.56,2.09,2026-05-22,2026-05-22 10:35:23
2204,中華,53.1,52.8,53.2,52.0,34.35,26.26,39.06,-0.62,-0.61,-0.01,55.28,53.38,51.48,1726,1199,1.44,293.97,9.71,3.6,6.78,2026-05-22,2026-05-22 10:35:24
2206,三陽工業,60.1,59.8,60.5,59.8,85.05,82.28,78.33,0.34,0.06,0.28,60.16,57.92,55.68,1634,1009,1.62,464.78,10.42,3.03,5.04,2026-05-22,2026-05-22 10:35:24
2207,和泰車,462.0,464.0,465.0,460.0,25.45,22.34,42.03,-9.21,-8.74,-0.48,493.27,475.0,456.73,384,396,0.97,2573.81,13.64,20.0,4.33,2026-05-22,2026-05-22 10:35:25
2208,台船,18.55,18.8,18.9,18.35,10.91,10.44,36.67,-0.61,-0.45,-0.16,21.6,19.77,17.95,3363,3296,1.02,236.43,,,,2026-05-22,2026-05-22 10:35:26
2211,長榮鋼,92.0,91.8,92.2,91.5,13.18,15.73,19.8,-2.01,-1.44,-0.56,101.75,96.34,90.94,795,728,1.09,383.72,10.7,5.0,5.43,2026-05-22,2026-05-22 10:35:27
2221,大甲,44.4,43.4,45.9,42.3,62.44,66.12,68.2,2.7,2.42,0.28,47.85,39.83,31.82,897,922,0.97,18.79,19.39,1.3,2.93,2026-05-22,2026-05-22 10:35:28
2227,裕日車,49.2,48.65,49.25,48.65,11.36,12.42,27.91,-1.05,-0.63,-0.42,55.99,51.68,47.38,19,30,0.63,147.6,37.85,3.9,7.93,2026-05-22,2026-05-22 10:35:29
2228,劍麟,83.6,83.7,84.7,83.6,29.66,19.81,36.84,-1.92,-1.6,-0.32,92.33,86.15,79.97,167,220,0.76,66.7,16.42,9.0,10.77,2026-05-22,2026-05-22 10:35:30
2230,泰茂,29.5,29.65,29.65,28.8,22.9,22.85,54.79,-0.65,-0.7,0.05,33.87,29.57,25.27,223,207,1.08,19.77,,1.0,3.39,2026-05-22,2026-05-22 10:35:31
2231,為升,106.5,107.5,108.0,105.5,20.4,14.23,29.85,-3.4,-1.92,-1.48,130.36,114.12,97.89,321,477,0.67,144.77,16.64,2.07,1.94,2026-05-22,2026-05-22 10:35:32
2233,宇隆,347.0,345.0,372.5,338.0,72.37,67.22,60.22,23.8,20.12,3.67,362.12,300.07,238.03,4437,2543,1.74,209.2,51.87,7.0,2.02,2026-05-22,2026-05-22 10:35:33
2235,謚源,30.1,31.45,31.45,30.1,26.46,16.66,33.33,-0.85,-0.86,0.01,33.41,30.91,28.4,8,8,0.95,10.8,31.68,3.0,9.97,2026-05-22,2026-05-22 10:35:34
2236,百達-KY,146.5,139.5,148.0,137.5,53.65,42.4,56.86,3.65,3.93,-0.28,144.46,136.03,127.59,943,499,1.89,89.95,19.0,0.31,0.21,2026-05-22,2026-05-22 10:35:35
2239,英利-KY,22.4,22.7,23.8,22.25,53.84,41.83,43.4,-0.33,-0.43,0.1,22.84,22.02,21.19,170,118,1.44,26.37,2.93,,,2026-05-22,2026-05-22 10:35:36
2241,艾姆勒,37.85,38.5,39.05,37.25,70.02,59.2,74.03,1.57,1.04,0.53,36.97,32.37,27.77,5312,2355,2.26,39.59,,,,2026-05-22,2026-05-22 10:35:37
2243,宏旭-KY,22.8,22.45,22.95,22.2,44.82,25.16,41.56,-0.19,0.2,-0.39,28.69,23.81,18.93,626,705,0.89,15.82,18.69,,,2026-05-22,2026-05-22 10:35:38
2247,汎德永業,207.0,204.5,207.0,204.5,28.92,22.24,31.82,-6.73,-7.19,0.46,219.05,210.78,202.5,60,100,0.61,167.07,11.74,33.0,15.94,2026-05-22,2026-05-22 10:35:39
2248,華勝-KY,54.6,55.4,55.4,54.4,30.01,28.8,43.97,0.35,0.65,-0.31,58.99,55.72,52.46,48,50,0.95,25.99,10.28,2.73,5.0,2026-05-22,2026-05-22 10:35:39
2250,IKKA-KY,63.0,62.4,63.1,62.3,32.96,23.3,41.58,-0.34,-0.29,-0.06,65.72,63.08,60.44,74,55,1.34,22.92,15.99,3.35,5.32,2026-05-22,2026-05-22 10:35:40
2254,巨鎧精密-創,58.1,57.5,58.1,57.5,20.75,16.81,10.63,-3.71,-2.79,-0.92,78.64,65.51,52.38,3,24,0.13,37.04,,,,2026-05-22,2026-05-22 10:35:41
2258,鴻華先進-創,30.4,28.05,30.5,28.05,57.41,40.25,60.1,-0.32,-0.52,0.2,30.1,28.23,26.37,2173,1232,1.76,530.07,,,,2026-05-22,2026-05-22 10:35:42
2301,光寶科,207.0,205.0,209.0,202.5,27.95,39.45,67.15,10.99,11.59,-0.59,235.81,194.9,153.99,19785,23361,0.85,4698.43,31.46,7.51,3.63,2026-05-22,2026-05-22 10:35:43
2302,麗正,28.1,26.5,29.0,26.35,81.16,79.84,80.0,2.12,1.59,0.52,28.83,22.12,15.42,7980,5990,1.33,46.73,57.35,0.58,2.06,2026-05-22,2026-05-22 10:35:44
2303,聯電,114.0,119.5,119.5,113.0,76.45,78.37,73.63,11.69,10.43,1.27,125.4,94.78,64.15,203125,232271,0.87,14302.93,28.93,2.85,2.5,2026-05-22,2026-05-22 10:35:45
2305,全友,18.8,18.3,19.1,17.85,56.4,41.63,68.06,0.29,0.18,0.1,18.29,16.72,15.15,8977,4774,1.88,38.11,94.0,,,2026-05-22,2026-05-22 10:35:46
2308,台達電,2095.0,2125.0,2125.0,2050.0,32.23,24.53,42.24,53.21,94.33,-41.11,2325.64,2121.75,1917.86,8343,10161,0.82,54418.54,90.54,7.0,0.33,2026-05-22,2026-05-22 10:35:47
2312,金寶,33.1,31.85,33.1,31.35,70.19,54.76,71.6,1.25,1.1,0.15,31.49,28.62,25.76,134903,58411,2.31,498.32,31.83,0.6,1.81,2026-05-22,2026-05-22 10:35:48
2313,華通,278.0,261.5,281.0,261.5,62.16,48.59,53.04,4.25,2.3,1.95,280.11,249.3,218.49,99580,99116,1.0,3313.26,50.55,2.8,1.01,2026-05-22,2026-05-22 10:35:48
2314,台揚,15.8,17.6,17.6,15.8,67.93,50.22,60.96,-0.28,-0.72,0.44,16.07,13.79,11.51,1901,1168,1.63,7.06,11.62,,,2026-05-22,2026-05-22 10:35:49
2316,楠梓電,153.5,160.0,163.5,153.0,76.31,70.79,72.94,9.33,6.89,2.44,152.6,126.4,100.2,17177,14260,1.2,278.5,11.49,0.5,0.33,2026-05-22,2026-05-22 10:35:50
2317,鴻海,250.0,249.0,251.5,245.0,40.24,44.86,67.72,8.34,9.11,-0.77,264.42,240.95,217.48,56071,59404,0.94,35004.8,18.67,5.8,2.32,2026-05-22,2026-05-22 10:35:51
2321,東訊,12.8,13.0,13.0,12.8,40.68,45.22,45.9,-0.26,-0.31,0.06,13.26,12.87,12.48,13,6,2.2,3.83,,,,2026-05-22,2026-05-22 10:35:52
2323,中環,10.2,9.93,10.25,9.88,30.79,22.73,46.5,-0.26,-0.23,-0.03,11.02,10.19,9.36,10527,7581,1.39,111.11,6.46,0.3,2.94,2026-05-22,2026-05-22 10:35:53
2324,仁寶,31.5,30.95,32.2,30.5,49.71,35.97,59.83,-0.02,-0.09,0.06,31.68,29.6,27.53,199478,94810,2.1,1372.5,22.99,1.1,3.49,2026-05-22,2026-05-22 10:35:54
2327,國巨*,629.0,605.0,629.0,600.0,95.2,92.14,93.61,68.84,48.02,20.82,600.43,411.23,222.02,73926,71791,1.03,12949.41,54.7,5.0,0.79,2026-05-22,2026-05-22 10:35:55
2328,廣宇,54.8,52.5,55.6,52.1,51.46,42.22,51.11,1.45,1.52,-0.07,57.91,51.16,44.42,16740,7200,2.32,284.05,35.13,0.9,1.64,2026-05-22,2026-05-22 10:35:56
2329,華泰,54.6,53.5,55.1,53.2,24.57,22.51,36.1,-0.95,-0.09,-0.86,64.06,57.22,50.38,11485,11079,1.04,359.8,28.29,1.0,1.83,2026-05-22,2026-05-22 10:35:57
2330,台積電,2255.0,2245.0,2260.0,2225.0,32.03,31.45,47.62,49.89,63.74,-13.85,2320.5,2235.75,2151.0,26171,27831,0.94,584774.94,30.64,24.0,1.06,2026-05-22,2026-05-22 10:35:58
2331,精英,20.85,19.7,21.3,19.4,40.4,24.05,51.11,-0.56,-0.61,0.05,21.68,20.19,18.7,7977,3043,2.62,116.22,14.89,0.21,1.01,2026-05-22,2026-05-22 10:35:59
2332,友訊,15.45,14.65,15.7,14.45,67.37,50.39,72.22,-0.08,-0.24,0.17,14.82,14.05,13.28,12004,5108,2.35,92.21,51.5,0.1,0.65,2026-05-22,2026-05-22 10:36:00
2337,旺宏,149.5,144.0,152.5,143.5,24.22,30.44,47.55,2.33,5.25,-2.92,177.08,155.47,133.87,112650,107430,1.05,2884.04,4.26,,,2026-05-22,2026-05-22 10:36:01
2338,光罩,54.4,53.0,54.8,52.6,65.1,46.13,63.49,1.1,0.81,0.29,54.07,49.52,44.97,9315,6334,1.47,177.91,181.33,,,2026-05-22,2026-05-22 10:36:01
2340,台亞,38.65,35.85,38.65,35.6,49.24,31.0,45.76,0.72,1.25,-0.53,41.92,37.24,32.55,10846,5576,1.95,169.24,70.27,,,2026-05-22,2026-05-22 10:36:02
2342,茂矽,41.4,41.3,41.6,40.4,36.92,38.07,60.56,2.11,2.44,-0.33,47.97,38.85,29.74,4575,4148,1.1,65.22,22.5,0.3,0.72,2026-05-22,2026-05-22 10:36:03
2344,華邦電,125.0,116.5,125.0,115.5,46.33,58.51,67.29,6.8,6.19,0.61,139.73,110.54,81.35,192463,184736,1.04,5625.0,142.05,0.5,0.4,2026-05-22,2026-05-22 10:36:04
2345,智邦,2470.0,2535.0,2535.0,2450.0,38.52,45.03,48.7,130.38,163.06,-32.68,2706.93,2422.0,2137.07,2692,3866,0.7,13805.03,52.7,11.0,0.45,2026-05-22,2026-05-22 10:36:05
2347,聯強,84.1,84.0,84.7,83.5,36.4,33.73,56.98,0.85,1.03,-0.18,85.86,83.1,80.35,4798,4429,1.08,1402.74,16.56,4.2,4.99,2026-05-22,2026-05-22 10:36:06
2348,海悅,69.0,69.3,69.5,69.0,13.93,15.92,17.39,-1.69,-1.66,-0.03,73.4,70.82,68.23,196,192,1.02,104.7,10.09,9.0,13.04,2026-05-22,2026-05-22 10:36:07
2349,錸德,13.0,12.9,13.15,12.65,32.41,23.01,57.69,-0.16,-0.2,0.04,13.07,12.58,12.09,7103,3813,1.86,90.18,12.15,,,2026-05-22,2026-05-22 10:36:08
2351,順德,186.5,196.0,197.0,183.5,62.48,62.52,67.7,14.81,15.58,-0.76,201.64,169.9,138.16,8455,7148,1.18,339.69,114.42,2.5,1.34,2026-05-22,2026-05-22 10:36:09
2352,佳世達,28.75,28.2,29.3,28.05,71.44,61.26,74.86,0.63,0.36,0.27,27.67,25.36,23.04,31015,12611,2.46,454.4,44.92,3.55,12.35,2026-05-22,2026-05-22 10:36:10
2353,宏碁,29.55,28.6,29.95,28.5,51.77,38.98,62.3,0.2,0.13,0.08,29.06,27.92,26.79,70013,32843,2.13,888.33,23.64,1.3,4.4,2026-05-22,2026-05-22 10:36:11
2354,鴻準,60.2,59.1,60.4,58.7,34.67,35.3,64.83,1.51,1.68,-0.16,66.58,57.65,48.72,10272,8721,1.18,851.52,26.06,1.4,2.33,2026-05-22,2026-05-22 10:36:12
2355,敬鵬,65.2,64.8,67.1,63.1,82.6,72.14,72.85,3.17,1.93,1.24,64.14,54.69,45.25,68600,56478,1.21,259.17,41.01,1.85,2.84,2026-05-22,2026-05-22 10:36:13
2356,英業達,59.5,56.8,59.5,54.8,78.14,70.2,81.86,2.56,1.95,0.61,56.88,50.06,43.24,122923,53954,2.28,2134.55,24.69,1.7,2.86,2026-05-22,2026-05-22 10:36:14
2357,華碩,682.0,656.0,685.0,655.0,55.26,50.55,69.7,20.32,19.66,0.66,704.62,631.3,557.98,5472,4514,1.21,5065.63,11.46,34.0,4.99,2026-05-22,2026-05-22 10:36:15
2359,所羅門,141.0,135.0,141.5,132.5,67.17,65.22,62.81,5.34,3.92,1.42,142.31,124.55,106.79,7503,10232,0.73,241.63,114.63,1.0,0.71,2026-05-22,2026-05-22 10:36:16
2360,致茂,2270.0,2380.0,2380.0,2245.0,43.68,39.58,48.2,87.82,118.63,-30.81,2504.85,2204.0,1903.15,3639,2634,1.38,9615.52,82.64,9.0,0.4,2026-05-22,2026-05-22 10:36:17
2362,藍天,40.85,40.0,41.2,39.65,55.19,43.98,66.67,0.28,0.19,0.09,40.62,39.15,37.68,1597,838,1.9,236.11,20.02,2.53,6.19,2026-05-22,2026-05-22 10:36:18
2363,矽統,66.7,65.2,68.7,64.0,60.4,55.24,73.21,2.89,2.48,0.4,66.97,58.41,49.85,45676,22390,2.04,343.5,43.59,0.5,0.75,2026-05-22,2026-05-22 10:36:19
2364,倫飛,69.7,68.4,70.0,67.8,43.07,42.83,65.15,1.13,1.09,0.04,71.51,66.19,60.86,342,204,1.67,36.52,16.71,2.0,2.87,2026-05-22,2026-05-22 10:36:19
2365,昆盈,39.15,37.8,39.45,37.15,64.35,51.43,61.23,0.65,0.56,0.09,38.55,36.16,33.78,12057,7520,1.6,86.73,122.34,0.6,1.53,2026-05-22,2026-05-22 10:36:20
2367,燿華,66.8,64.5,67.5,64.5,67.62,61.91,66.11,-0.46,-1.22,0.76,67.05,61.72,56.38,60942,58235,1.05,471.78,98.24,0.7,1.05,2026-05-22,2026-05-22 10:36:21
2368,金像電,1330.0,1325.0,1365.0,1305.0,28.83,27.05,42.76,33.24,60.4,-27.16,1508.14,1367.0,1225.86,5641,6090,0.93,6721.53,69.93,6.0,0.45,2026-05-22,2026-05-22 10:36:22
2369,菱生,32.05,30.5,32.7,30.3,47.93,32.24,53.33,-0.1,-0.03,-0.07,33.15,30.59,28.04,20567,9279,2.22,120.01,19.08,0.3,0.94,2026-05-22,2026-05-22 10:36:23
2371,大同,29.5,28.5,29.6,28.5,24.28,15.55,40.91,-0.77,-0.7,-0.07,31.69,29.84,28.0,19150,17727,1.08,603.59,12.61,3.11,10.54,2026-05-22,2026-05-22 10:36:24
2373,震旦行,56.8,56.6,58.0,56.4,37.52,26.92,48.84,-0.11,-0.1,-0.01,57.71,56.67,55.64,102,51,1.99,127.06,14.68,3.7,6.51,2026-05-22,2026-05-22 10:36:25
2374,佳能,83.4,81.0,84.0,80.4,52.16,50.87,53.24,2.14,2.15,-0.01,86.22,78.97,71.71,15388,11396,1.35,280.7,34.46,0.6,0.72,2026-05-22,2026-05-22 10:36:26
2375,凱美,134.5,131.5,134.5,125.5,90.54,82.14,90.78,9.24,5.46,3.78,123.56,96.21,68.85,28314,14398,1.97,146.17,36.16,1.5,1.12,2026-05-22,2026-05-22 10:36:27
2376,技嘉,322.5,318.5,325.0,311.5,38.89,47.49,67.61,14.12,15.32,-1.19,344.14,303.23,262.31,13186,22802,0.58,2160.39,18.76,10.0,3.1,2026-05-22,2026-05-22 10:36:28
2377,微星,124.0,114.5,124.0,113.5,71.71,64.42,77.32,6.01,4.79,1.22,122.82,105.17,87.52,54491,28232,1.93,1047.62,18.37,5.0,4.03,2026-05-22,2026-05-22 10:36:29
2379,瑞昱,578.0,574.0,578.0,566.0,55.89,43.52,61.06,12.48,12.58,-0.1,592.02,555.75,519.48,3738,3868,0.97,2964.35,20.6,25.5,4.41,2026-05-22,2026-05-22 10:36:30
2380,虹光,5.82,5.96,5.96,5.82,41.44,55.91,44.0,0.13,0.12,0.01,6.53,5.74,4.95,156,304,0.51,3.49,8.08,,,2026-05-22,2026-05-22 10:36:31
2382,廣達,316.0,310.0,317.0,305.5,27.89,27.4,49.15,-2.14,2.02,-4.17,357.23,322.12,287.02,35813,35402,1.01,12180.28,16.71,13.0,4.11,2026-05-22,2026-05-22 10:36:32
2383,台光電,5005.0,4925.0,5085.0,4800.0,47.93,43.23,56.98,267.52,334.58,-67.06,5113.41,4704.75,4296.09,3031,2439,1.24,17933.97,122.67,16.58,0.33,2026-05-22,2026-05-22 10:36:33
2385,群光,131.5,131.0,132.0,130.5,50.7,43.44,55.71,1.16,1.24,-0.08,136.01,127.95,119.89,2056,3209,0.64,956.91,14.73,7.2,5.48,2026-05-22,2026-05-22 10:36:34
2387,精元,39.65,39.1,39.95,38.95,44.65,27.93,42.48,-0.41,-0.3,-0.1,42.43,39.88,37.33,587,428,1.37,76.73,11.49,4.0,10.09,2026-05-22,2026-05-22 10:36:35
2388,威盛,88.0,88.5,90.5,84.2,72.68,57.9,56.79,4.81,4.5,0.32,86.43,77.53,68.62,35557,23689,1.5,489.22,733.33,0.05,0.06,2026-05-22,2026-05-22 10:36:35
2390,云辰,10.6,10.7,10.75,10.4,79.5,66.27,67.57,0.04,-0.06,0.11,10.46,9.83,9.19,1681,1130,1.49,20.42,,,,2026-05-22,2026-05-22 10:36:36
2392,正崴,38.05,37.05,38.2,36.3,54.77,39.71,52.88,-0.22,-0.12,-0.1,40.89,37.07,33.25,3880,3161,1.23,176.1,8.1,2.5,6.57,2026-05-22,2026-05-22 10:36:37
2393,億光,65.2,65.0,65.7,64.1,27.65,27.95,33.16,-1.59,-0.65,-0.95,77.56,68.96,60.37,3038,3426,0.89,289.09,14.39,5.31,8.14,2026-05-22,2026-05-22 10:36:38
2395,研華,469.0,467.0,472.5,458.5,50.36,58.05,74.34,29.1,29.33,-0.22,526.54,430.48,334.41,5007,4028,1.24,4072.11,38.63,8.39,1.79,2026-05-22,2026-05-22 10:36:39
2397,友通,62.1,61.5,62.7,60.6,67.42,61.02,70.21,0.82,0.6,0.22,62.19,58.87,55.54,689,419,1.64,71.1,25.04,3.4,5.48,2026-05-22,2026-05-22 10:36:40
2399,映泰,46.55,44.2,46.8,43.85,41.15,43.86,56.57,2.14,2.65,-0.51,47.96,44.1,40.24,16734,9728,1.72,82.91,310.33,,,2026-05-22,2026-05-22 10:36:41
2401,凌陽,30.75,30.45,31.75,29.2,78.52,66.89,81.5,1.41,1.0,0.41,29.15,25.43,21.71,57400,29801,1.93,180.94,15.3,,,2026-05-22,2026-05-22 10:36:42
2402,毅嘉,65.9,62.4,66.3,62.4,21.93,19.02,34.62,-0.33,0.84,-1.16,74.53,67.94,61.35,6284,4761,1.32,202.67,28.41,1.97,2.99,2026-05-22,2026-05-22 10:36:43
2404,漢唐,1155.0,1125.0,1170.0,1105.0,70.18,58.5,75.07,33.69,22.05,11.64,1107.3,1009.75,912.2,5152,5045,1.02,2181.64,24.19,28.0,2.42,2026-05-22,2026-05-22 10:36:44
2405,輔信,16.55,16.35,16.85,16.15,66.95,49.7,64.29,0.09,-0.04,0.13,16.08,15.3,14.51,5527,3284,1.68,56.84,,0.17,1.03,2026-05-22,2026-05-22 10:36:45
2406,國碩,31.75,31.05,31.8,30.9,21.56,26.31,47.08,-0.32,-0.16,-0.16,35.45,31.82,28.19,4397,6363,0.69,111.41,,,,2026-05-22,2026-05-22 10:36:45
2408,南亞科,310.5,299.5,321.0,296.0,42.08,49.61,65.81,18.38,18.32,0.05,353.28,275.52,197.77,157566,131576,1.2,9621.24,147.16,,,2026-05-22,2026-05-22 10:36:46
2409,友達,22.2,20.85,22.2,20.55,73.57,64.68,74.88,0.76,0.56,0.2,21.48,18.66,15.84,394118,255214,1.54,1675.46,24.67,1.2,5.41,2026-05-22,2026-05-22 10:36:47
2412,中華電,137.0,137.5,138.0,137.0,39.11,52.68,54.29,0.71,0.62,0.09,140.19,136.93,133.66,8341,21181,0.39,10627.7,27.29,5.0,3.65,2026-05-22,2026-05-22 10:36:48
2413,環科,51.5,51.5,52.7,51.2,71.43,58.22,71.47,0.32,-0.64,0.96,51.02,45.88,40.74,6759,8518,0.79,65.59,125.61,0.5,0.97,2026-05-22,2026-05-22 10:36:49
2414,精技,50.2,50.1,50.5,49.7,78.83,70.58,70.26,1.25,1.12,0.13,50.76,47.67,44.59,315,340,0.93,81.19,15.94,2.5,4.98,2026-05-22,2026-05-22 10:36:50
2415,錩新,27.25,27.5,27.5,27.25,44.29,29.35,55.17,-0.37,-0.44,0.07,27.89,26.96,26.02,150,163,0.92,24.52,15.06,1.2,4.4,2026-05-22,2026-05-22 10:36:51
2417,圓剛,50.9,49.5,51.6,49.0,47.51,35.67,48.19,2.1,2.53,-0.44,57.67,48.19,38.7,3784,2638,1.43,65.41,,0.2,0.39,2026-05-22,2026-05-22 10:36:52
2419,仲琦,31.6,30.9,31.7,30.8,70.7,49.3,55.83,-0.57,-0.73,0.16,31.89,30.36,28.83,3734,2109,1.77,101.54,35.51,,,2026-05-22,2026-05-22 10:36:53
2420,新巨,62.7,62.6,63.2,62.1,85.44,79.87,77.86,1.89,1.32,0.57,61.88,56.92,51.95,1114,1349,0.83,95.71,16.12,3.5,5.58,2026-05-22,2026-05-22 10:36:54
2421,建準,158.5,154.5,163.5,153.5,61.94,45.96,60.76,1.98,1.48,0.5,155.68,146.97,138.27,16278,7289,2.23,453.37,20.09,3.69,2.33,2026-05-22,2026-05-22 10:36:55
2423,固緯,74.7,76.2,76.2,73.0,72.48,72.36,66.67,5.57,4.96,0.61,80.22,65.83,51.44,342,519,0.66,108.35,25.67,2.0,2.68,2026-05-22,2026-05-22 10:36:56
2424,隴華,14.6,14.6,14.6,14.6,14.45,29.5,37.76,-1.77,-1.31,-0.46,25.95,20.59,15.23,92,138,0.67,8.7,,,,2026-05-22,2026-05-22 10:36:57
2425,承啟,34.7,34.4,34.85,34.15,57.28,60.64,64.98,1.21,1.14,0.07,36.01,32.21,28.42,618,619,1.0,33.49,,0.15,0.43,2026-05-22,2026-05-22 10:36:57
2426,鼎元,83.2,78.6,83.2,75.7,77.35,61.6,68.3,6.81,6.47,0.34,83.15,65.38,47.6,19025,6078,3.13,250.12,68.2,0.1,0.12,2026-05-22,2026-05-22 10:36:58
2427,三商電,20.7,20.4,20.75,20.25,17.96,14.68,43.94,-0.57,-0.58,0.01,22.07,21.07,20.07,839,545,1.54,40.99,14.38,0.7,3.38,2026-05-22,2026-05-22 10:36:59
2428,興勤,242.5,230.5,243.5,230.0,88.63,84.21,91.16,14.6,10.46,4.13,237.52,197.2,156.88,2114,2276,0.93,310.67,20.71,6.1,2.52,2026-05-22,2026-05-22 10:37:00
2429,銘旺科,48.45,48.4,48.6,46.3,18.82,26.24,41.04,0.31,1.03,-0.72,58.05,52.14,46.23,709,506,1.4,41.42,,,,2026-05-22,2026-05-22 10:37:01
2430,燦坤,18.3,18.3,18.3,18.2,10.28,7.39,9.76,-0.82,-0.72,-0.09,21.33,19.46,17.6,117,101,1.16,21.37,26.52,0.8,4.37,2026-05-22,2026-05-22 10:37:02
2431,聯昌,10.65,10.4,10.75,10.3,42.42,24.72,47.73,-0.35,-0.4,0.05,11.22,10.62,10.02,560,326,1.72,11.81,,,,2026-05-22,2026-05-22 10:37:03
2432,倚天酷碁-創,26.25,26.3,26.5,26.05,30.08,22.85,36.21,-0.44,-0.27,-0.17,29.09,27.17,25.24,36,34,1.06,16.24,14.11,1.7,6.48,2026-05-22,2026-05-22 10:37:04
2433,互盛電,44.45,44.4,44.55,44.2,17.56,20.38,30.0,-0.31,-0.22,-0.09,46.06,45.25,44.44,70,66,1.05,64.23,14.62,3.0,6.75,2026-05-22,2026-05-22 10:37:05
2434,統懋,29.95,29.5,30.0,29.4,23.52,20.61,47.48,-0.05,0.19,-0.24,32.83,30.69,28.56,34,34,1.01,11.08,1497.5,,,2026-05-22,2026-05-22 10:37:06
2436,偉詮電,77.6,76.2,78.0,75.7,63.49,45.92,56.46,1.66,1.85,-0.19,78.66,73.44,68.22,12478,6273,1.99,153.08,27.81,1.5,1.93,2026-05-22,2026-05-22 10:37:07
2438,翔耀,22.0,22.0,22.4,21.5,53.23,38.54,43.44,-0.16,-0.12,-0.03,23.7,22.16,20.63,134,160,0.84,15.0,,,,2026-05-22,2026-05-22 10:37:08
2439,美律,88.3,86.1,88.5,86.1,66.66,46.51,48.72,-0.38,-0.5,0.12,89.79,86.47,83.16,4061,2282,1.78,219.71,17.59,7.29,8.26,2026-05-22,2026-05-22 10:37:09
2440,太空梭,18.0,17.75,18.2,17.45,50.38,44.99,50.36,0.46,0.51,-0.05,18.84,17.54,16.23,1079,1191,0.91,25.04,,,,2026-05-22,2026-05-22 10:37:10
2441,超豐,117.0,110.5,117.0,110.5,83.58,76.97,80.0,4.78,2.92,1.87,112.6,96.4,80.19,16316,15015,1.09,665.55,27.4,3.0,2.56,2026-05-22,2026-05-22 10:37:11
2442,新美齊,18.5,18.8,18.8,18.45,47.7,42.57,54.17,-0.25,-0.32,0.07,18.87,18.47,18.07,1391,1229,1.13,52.02,4.32,0.08,0.43,2026-05-22,2026-05-22 10:37:11
2444,兆勁,12.65,12.8,13.0,12.6,10.78,18.13,38.57,-0.11,-0.02,-0.09,14.01,13.24,12.47,726,485,1.5,12.85,,,,2026-05-22,2026-05-22 10:37:12
2449,京元電子,296.0,292.0,301.0,290.5,29.48,21.28,38.26,-0.96,2.0,-2.96,344.06,302.43,260.79,26327,26413,1.0,3619.33,45.4,4.0,1.35,2026-05-22,2026-05-22 10:37:13
2450,神腦,29.2,29.1,29.35,29.05,20.55,22.33,38.24,-0.15,-0.08,-0.07,30.2,29.57,28.94,142,158,0.9,75.41,16.98,1.55,5.31,2026-05-22,2026-05-22 10:37:14
2451,創見,316.5,318.0,324.0,314.5,29.94,43.85,64.57,16.89,18.88,-1.99,366.73,301.95,237.17,4246,5623,0.76,1365.28,24.44,6.09,1.92,2026-05-22,2026-05-22 10:37:15
2453,凌群,57.2,56.2,57.2,55.9,69.47,56.01,67.68,0.49,0.3,0.19,56.39,54.51,52.63,1182,640,1.85,57.2,18.39,2.6,4.55,2026-05-22,2026-05-22 10:37:16
2454,聯發科,3860.0,3765.0,3880.0,3675.0,54.1,45.08,68.07,370.05,385.14,-15.08,4133.88,3205.5,2277.12,20727,9824,2.11,61609.85,58.46,53.5,1.39,2026-05-22,2026-05-22 10:37:17
2455,全新,425.0,398.5,425.0,398.5,82.61,76.22,64.71,26.55,24.12,2.43,419.48,360.77,302.07,15348,13779,1.11,785.85,142.62,3.22,0.76,2026-05-22,2026-05-22 10:37:18
2457,飛宏,26.2,25.2,26.2,25.05,63.5,49.49,57.59,-0.06,-0.21,0.14,26.14,24.69,23.25,5257,2585,2.03,111.29,,,,2026-05-22,2026-05-22 10:37:19
2458,義隆,162.0,160.0,164.5,157.0,75.72,65.6,71.68,5.63,4.3,1.33,160.02,144.53,129.03,4486,4971,0.9,463.84,19.29,7.07,4.36,2026-05-22,2026-05-22 10:37:20
2459,敦吉,67.1,66.4,67.2,66.4,72.58,56.78,55.56,-0.01,-0.01,0.0,67.78,66.59,65.41,197,168,1.17,70.85,13.03,4.0,5.96,2026-05-22,2026-05-22 10:37:21
2460,建通,32.55,32.0,33.3,31.3,26.01,24.12,42.06,-0.21,0.3,-0.52,39.1,34.02,28.95,719,526,1.37,55.07,31.91,,,2026-05-22,2026-05-22 10:37:22
2461,光群雷,16.75,16.3,17.05,16.2,55.04,38.87,49.45,-0.27,-0.28,0.01,17.62,16.55,15.47,1278,663,1.93,33.65,17.82,1.67,9.97,2026-05-22,2026-05-22 10:37:23
2462,良得電,20.8,20.55,20.8,20.25,39.78,23.56,48.84,-0.5,-0.52,0.02,22.39,20.92,19.45,413,357,1.16,31.36,77.04,0.81,3.89,2026-05-22,2026-05-22 10:37:24
2464,盟立,144.0,134.5,149.0,134.0,80.16,78.13,66.28,13.21,11.94,1.27,144.8,118.33,91.87,37525,38725,0.97,297.15,42.73,0.35,0.24,2026-05-22,2026-05-22 10:37:25
2465,麗臺,85.9,83.5,88.9,83.4,52.78,42.14,54.74,4.23,4.92,-0.69,92.75,79.21,65.67,4270,2158,1.98,80.7,153.39,,,2026-05-22,2026-05-22 10:37:26
2466,冠西電,50.3,47.9,50.3,47.9,43.5,26.32,32.8,-2.09,-1.72,-0.38,59.13,51.61,44.1,567,273,2.07,87.25,201.2,,,2026-05-22,2026-05-22 10:37:27
2467,志聖,603.0,598.0,625.0,591.0,45.44,48.33,53.67,24.82,31.02,-6.2,646.57,576.23,505.88,2447,2003,1.22,921.82,118.47,5.0,0.83,2026-05-22,2026-05-22 10:37:28
2468,華經,34.2,33.0,34.65,33.0,47.24,29.03,51.59,-0.45,-0.49,0.04,35.62,33.69,31.77,279,214,1.3,23.93,27.36,0.9,2.63,2026-05-22,2026-05-22 10:37:29
2471,資通,50.5,50.4,50.6,50.0,32.51,24.47,28.57,-0.57,-0.39,-0.18,53.81,51.46,49.11,179,119,1.51,23.86,14.11,3.06,6.06,2026-05-22,2026-05-22 10:37:29
2472,立隆電,260.0,265.0,271.0,258.0,81.97,79.46,78.15,24.67,21.17,3.49,274.05,211.53,149.0,16596,16271,1.02,428.31,29.89,3.1,1.19,2026-05-22,2026-05-22 10:37:30
2474,可成,187.5,185.0,188.5,184.0,11.02,8.82,24.42,-5.12,-2.17,-2.95,233.18,203.12,173.07,5634,4005,1.41,1010.29,16.59,11.49,6.13,2026-05-22,2026-05-22 10:37:31
2476,鉅祥,121.0,123.5,124.5,119.0,63.26,58.38,60.0,3.64,4.39,-0.76,123.21,117.15,111.09,7028,5153,1.36,263.88,28.95,3.5,2.89,2026-05-22,2026-05-22 10:37:32
2477,美隆電,21.15,20.95,21.25,20.85,52.82,42.88,58.06,-0.35,-0.41,0.06,21.77,20.96,20.15,190,115,1.65,33.54,12.59,1.4,6.62,2026-05-22,2026-05-22 10:37:33
2478,大毅,127.5,125.5,127.5,125.5,95.36,88.87,95.76,11.27,6.59,4.68,116.57,83.15,49.72,3686,10599,0.35,181.98,37.28,1.82,1.43,2026-05-22,2026-05-22 10:37:34
2480,敦陽科,149.5,147.0,149.5,146.5,40.08,42.71,57.89,1.7,1.78,-0.08,153.86,146.25,138.64,291,277,1.05,159.01,18.76,7.42,4.96,2026-05-22,2026-05-22 10:37:35
2481,強茂,133.5,134.0,141.0,130.5,77.47,75.64,78.74,8.8,6.33,2.46,139.74,112.59,85.45,49980,63140,0.79,510.12,42.93,1.8,1.35,2026-05-22,2026-05-22 10:37:36
2482,連宇,16.9,16.15,17.0,16.15,42.72,28.67,55.56,-0.17,-0.18,0.01,17.29,16.64,15.99,281,117,2.39,13.16,,0.61,3.61,2026-05-22,2026-05-22 10:37:37
2483,百容,25.95,24.85,26.0,24.65,56.87,45.11,68.9,0.66,0.57,0.1,25.47,23.55,21.63,982,534,1.84,27.87,43.25,0.3,1.16,2026-05-22,2026-05-22 10:37:38
2484,希華,49.3,45.4,49.3,45.3,70.53,49.72,63.64,2.07,1.66,0.41,47.0,41.04,35.09,34481,26073,1.32,78.59,75.85,0.7,1.42,2026-05-22,2026-05-22 10:37:39
2485,兆赫,73.0,70.3,73.5,70.1,54.75,57.71,66.16,0.81,0.22,0.6,75.59,67.06,58.54,36786,51171,0.72,231.91,,,,2026-05-22,2026-05-22 10:37:40
2486,一詮,271.0,280.0,283.5,268.5,56.31,44.0,39.18,16.55,20.46,-3.91,309.37,264.1,218.83,9724,5197,1.87,630.55,1231.82,0.5,0.18,2026-05-22,2026-05-22 10:37:41
2488,漢平,54.4,52.9,54.5,52.6,75.95,64.77,76.47,0.68,0.59,0.1,53.31,51.74,50.16,590,216,2.73,43.52,12.12,3.0,5.51,2026-05-22,2026-05-22 10:37:42
2489,瑞軒,51.4,50.7,51.4,50.7,74.6,54.33,68.73,1.44,0.85,0.59,49.04,42.17,35.31,29441,49625,0.59,313.54,42.48,1.0,1.95,2026-05-22,2026-05-22 10:37:43
2491,吉祥全,22.15,22.0,23.8,22.0,59.83,61.66,74.33,1.38,1.2,0.18,24.09,18.87,13.65,2269,1175,1.93,18.16,15.49,,,2026-05-22,2026-05-22 10:37:43
2492,華新科,292.5,280.5,292.5,280.5,97.86,94.85,89.9,32.51,21.21,11.29,279.77,182.07,84.38,11015,9042,1.22,1418.05,61.84,2.41,0.82,2026-05-22,2026-05-22 10:37:44
2493,揚博,137.5,137.5,140.5,136.0,49.95,47.33,60.63,2.97,3.21,-0.24,143.67,130.82,117.98,2520,1993,1.26,245.85,31.68,4.0,2.91,2026-05-22,2026-05-22 10:37:45
2495,普安,44.2,41.4,44.7,40.55,66.47,42.94,57.98,0.22,-0.05,0.28,44.43,38.98,33.53,24069,9694,2.48,120.91,39.46,1.3,2.94,2026-05-22,2026-05-22 10:37:46
2496,卓越,64.5,64.2,64.7,64.2,18.01,26.48,50.0,-0.24,-0.21,-0.03,65.89,64.77,63.64,12,13,0.95,12.32,10.57,4.5,6.98,2026-05-22,2026-05-22 10:37:47
2497,怡利電,57.0,56.9,57.4,56.3,30.91,32.53,60.0,0.97,1.47,-0.5,60.79,57.02,53.26,353,404,0.87,74.61,24.15,2.0,3.51,2026-05-22,2026-05-22 10:37:48
2498,宏達電,46.4,46.0,46.7,45.65,78.28,73.88,68.28,1.32,0.72,0.6,47.03,41.98,36.93,15730,26242,0.6,387.96,6.49,0.5,1.08,2026-05-22,2026-05-22 10:37:49
2501,國建,22.05,22.3,22.3,21.95,23.98,20.56,43.08,-0.46,-0.38,-0.08,25.34,22.96,20.58,2748,1777,1.55,255.68,7.79,1.0,4.54,2026-05-22,2026-05-22 10:37:50
2504,國產,34.65,34.85,35.05,34.6,61.1,49.1,42.0,-0.42,-0.5,0.08,35.75,34.84,33.93,1671,1848,0.9,407.79,10.53,,,2026-05-22,2026-05-22 10:37:51
2505,國揚,18.1,17.95,18.2,17.95,64.4,50.65,47.37,-0.21,-0.26,0.06,18.48,17.95,17.41,487,470,1.03,68.78,7.67,1.0,5.52,2026-05-22,2026-05-22 10:37:52
2506,太設,8.67,8.7,8.71,8.62,67.46,54.15,33.33,-0.06,-0.07,0.01,8.88,8.7,8.52,126,151,0.83,31.35,433.5,0.2,2.31,2026-05-22,2026-05-22 10:37:53
2509,全坤建,12.9,12.8,12.9,12.7,39.42,28.26,33.33,-0.33,-0.31,-0.02,13.98,13.22,12.47,80,131,0.61,28.97,,,,2026-05-22,2026-05-22 10:37:54
2511,太子,7.74,7.67,7.76,7.65,41.17,26.98,40.32,-0.11,-0.11,0.0,8.1,7.8,7.49,897,818,1.1,125.59,23.45,0.3,3.88,2026-05-22,2026-05-22 10:37:55
2514,龍邦,12.95,12.95,13.0,12.85,24.43,24.74,31.25,-0.14,-0.13,-0.01,13.44,13.18,12.91,110,214,0.52,46.38,7.0,,,2026-05-22,2026-05-22 10:37:56
2515,中工,13.35,13.95,13.95,13.15,54.94,39.59,53.49,-0.19,-0.28,0.09,13.89,13.04,12.19,21247,11988,1.77,214.66,34.23,,,2026-05-22,2026-05-22 10:37:57
2516,新建,12.35,12.35,12.35,12.2,10.82,9.57,12.2,-0.32,-0.25,-0.07,14.03,13.02,12.01,92,129,0.72,27.95,10.04,,,2026-05-22,2026-05-22 10:37:58
2520,冠德,30.45,30.5,30.65,30.0,51.69,62.61,63.54,-0.06,-0.17,0.11,31.6,30.21,28.83,1497,1123,1.33,179.54,11.67,3.1,10.18,2026-05-22,2026-05-22 10:37:58
2524,京城,33.35,34.05,34.15,33.3,22.72,23.48,30.32,-1.18,-1.02,-0.17,38.5,35.75,33.0,78,86,0.91,122.06,19.5,,,2026-05-22,2026-05-22 10:37:59
2527,宏璟,33.55,33.35,33.55,33.05,27.48,20.75,37.96,-0.04,0.17,-0.21,35.12,33.97,32.81,339,249,1.36,87.82,36.08,2.0,5.96,2026-05-22,2026-05-22 10:38:00
2528,皇普,22.15,22.0,22.25,22.0,43.37,41.61,42.86,-0.44,-0.52,0.08,22.62,22.32,22.03,329,436,0.75,96.57,6.36,1.5,6.77,2026-05-22,2026-05-22 10:38:01
2530,華建,20.45,20.65,20.75,20.25,37.34,48.51,54.1,-0.56,-0.65,0.08,21.81,21.01,20.21,1353,891,1.52,172.04,10.28,3.0,14.67,2026-05-22,2026-05-22 10:38:02
2534,宏盛,18.1,17.85,18.1,17.75,31.94,21.93,34.0,-0.47,-0.44,-0.04,19.79,18.52,17.26,383,457,0.84,85.61,8.79,1.0,5.52,2026-05-22,2026-05-22 10:38:03
2535,達欣工,77.5,75.9,77.6,75.9,72.6,60.62,68.42,1.23,1.21,0.02,77.4,74.64,71.88,915,628,1.46,201.42,11.96,4.6,5.94,2026-05-22,2026-05-22 10:38:04
2536,宏普,19.95,20.05,20.05,19.9,11.01,9.86,24.44,-0.54,-0.52,-0.02,22.14,20.72,19.3,431,310,1.39,66.4,6.27,0.5,2.51,2026-05-22,2026-05-22 10:38:05
2537,聯上發,9.57,9.89,9.89,9.5,18.7,17.85,30.0,-0.19,-0.13,-0.06,10.71,10.1,9.48,2010,984,2.04,28.76,63.8,,,2026-05-22,2026-05-22 10:38:06
2538,基泰,9.41,9.43,9.48,9.37,25.47,22.9,43.79,-0.17,-0.15,-0.03,10.17,9.69,9.21,197,379,0.52,41.88,27.68,0.7,7.44,2026-05-22,2026-05-22 10:38:07
2539,櫻花建,38.2,38.25,38.4,38.05,25.34,20.98,27.66,-1.87,-2.0,0.13,42.46,39.62,36.77,637,821,0.78,455.77,11.04,0.5,1.31,2026-05-22,2026-05-22 10:38:08
2540,愛山林,55.8,55.2,55.9,54.7,57.14,54.62,56.11,1.01,0.94,0.07,60.38,54.64,48.9,957,1282,0.75,527.24,80.87,0.71,1.27,2026-05-22,2026-05-22 10:38:09
2542,興富發,43.2,43.6,43.6,42.9,73.96,81.46,69.7,1.77,1.63,0.14,45.29,41.39,37.5,9109,11275,0.81,912.36,20.57,2.0,4.63,2026-05-22,2026-05-22 10:38:09
2543,皇昌,45.5,46.7,49.3,45.35,57.46,36.74,50.5,-3.19,-4.19,0.99,49.52,43.39,37.26,6848,5398,1.27,240.49,16.98,1.0,2.2,2026-05-22,2026-05-22 10:38:10
2545,皇翔,36.95,37.15,37.25,36.8,18.05,27.63,38.67,0.02,0.22,-0.2,39.19,37.87,36.54,429,261,1.64,140.31,19.24,4.5,12.18,2026-05-22,2026-05-22 10:38:11
2546,根基,84.6,84.2,84.8,84.0,36.72,30.32,47.06,-0.04,0.06,-0.1,85.67,84.79,83.9,94,70,1.34,110.42,8.96,3.2,3.78,2026-05-22,2026-05-22 10:38:12
2547,日勝生,10.0,10.1,10.1,9.98,36.08,26.54,25.35,-0.17,-0.17,-0.0,10.54,10.19,9.83,1766,1774,1.0,103.51,3.52,0.58,5.8,2026-05-22,2026-05-22 10:38:13
2548,華固,123.5,123.5,123.5,122.5,22.21,32.63,50.98,-0.2,0.28,-0.48,131.09,125.6,120.11,1773,1718,1.03,394.6,14.05,8.0,6.48,2026-05-22,2026-05-22 10:38:14
2596,綠意,28.6,28.9,28.9,28.35,26.96,33.72,45.95,-0.62,-0.71,0.09,29.73,29.01,28.29,123,79,1.55,28.6,15.38,1.0,3.5,2026-05-22,2026-05-22 10:38:15
2597,潤弘,163.5,163.5,165.5,162.0,72.59,71.49,70.0,1.8,1.14,0.67,166.16,157.88,149.59,834,588,1.42,508.02,15.22,6.42,3.93,2026-05-22,2026-05-22 10:38:16
2601,益航,5.03,5.01,5.05,4.95,58.19,42.93,55.7,-0.16,-0.21,0.04,5.37,5.0,4.62,2219,2257,0.98,41.49,9.86,,,2026-05-22,2026-05-22 10:38:17
2603,長榮,219.0,214.5,219.0,214.0,70.09,55.6,61.82,1.95,1.32,0.63,220.46,207.18,193.89,29996,26408,1.14,4741.44,6.92,32.5,14.84,2026-05-22,2026-05-22 10:38:18
2605,新興,31.3,30.7,31.35,30.65,25.53,20.3,33.77,-1.52,-1.42,-0.1,36.41,32.6,28.79,4485,4129,1.09,183.22,21.59,1.3,4.15,2026-05-22,2026-05-22 10:38:19
2606,裕民,65.4,65.0,65.6,64.4,64.86,57.03,65.63,0.81,0.72,0.09,66.86,63.25,59.64,4965,4294,1.16,552.67,15.21,,,2026-05-22,2026-05-22 10:38:20
2607,榮運,47.9,47.8,48.2,47.45,59.71,48.7,58.49,-0.75,-0.95,0.21,48.67,47.62,46.57,535,753,0.71,255.58,13.49,10.0,20.88,2026-05-22,2026-05-22 10:38:21
2608,嘉里大榮,29.0,29.1,29.1,28.9,8.72,9.78,12.0,-0.43,-0.38,-0.05,30.57,29.72,28.87,569,397,1.43,135.43,14.72,1.65,5.69,2026-05-22,2026-05-22 10:38:22
2609,陽明,53.0,51.9,53.9,51.8,73.79,57.15,65.02,-0.24,-0.69,0.44,52.06,49.9,47.74,44406,24126,1.84,1850.82,10.84,7.5,14.15,2026-05-22,2026-05-22 10:38:23
2610,華航,18.55,18.75,18.8,18.5,32.99,38.2,58.73,0.02,-0.02,0.04,19.09,18.34,17.6,30505,22535,1.35,1128.18,7.79,0.8,4.31,2026-05-22,2026-05-22 10:38:24
2611,志信,12.95,13.05,13.05,12.9,26.29,23.2,40.48,-0.3,-0.28,-0.02,13.87,13.28,12.68,519,335,1.55,24.48,24.9,0.52,4.02,2026-05-22,2026-05-22 10:38:25
2612,中航,55.8,55.4,56.2,55.2,33.76,31.59,54.55,-0.41,-0.35,-0.06,58.35,55.76,53.17,1097,475,2.31,110.2,10.24,2.2,3.94,2026-05-22,2026-05-22 10:38:26
2613,中櫃,21.95,22.05,22.45,21.85,40.55,28.16,36.96,-0.36,-0.38,0.02,22.93,22.11,21.29,343,301,1.14,30.13,19.25,1.0,4.56,2026-05-22,2026-05-22 10:38:26
2614,東森,18.1,18.25,18.3,17.9,8.37,10.61,12.96,-0.62,-0.46,-0.16,21.31,19.41,17.51,1258,679,1.85,59.23,9.1,0.25,1.38,2026-05-22,2026-05-22 10:38:27
2615,萬海,84.3,82.7,85.2,82.4,80.42,68.78,70.05,1.25,0.39,0.86,82.72,77.09,71.46,23226,19018,1.22,2365.58,7.53,3.5,4.15,2026-05-22,2026-05-22 10:38:28
2616,山隆,13.75,13.95,13.95,13.7,51.98,36.01,41.67,-0.5,-0.57,0.08,14.57,13.91,13.26,302,261,1.16,18.69,,0.3,2.18,2026-05-22,2026-05-22 10:38:29
2617,台航,29.0,29.05,29.3,28.85,46.85,35.08,45.83,-0.36,-0.37,0.02,29.88,29.23,28.58,621,537,1.16,121.02,9.15,1.5,5.17,2026-05-22,2026-05-22 10:38:30
2618,長榮航,35.5,35.5,35.65,35.1,46.31,41.23,62.69,0.05,-0.04,0.1,36.06,34.47,32.89,45215,33337,1.36,1917.16,7.4,2.4,6.76,2026-05-22,2026-05-22 10:38:31
2630,亞航,43.5,43.8,43.95,43.0,13.6,10.44,28.63,-1.52,-1.14,-0.38,52.32,46.37,40.41,793,747,1.06,91.11,43.5,,,2026-05-22,2026-05-22 10:38:32
2633,台灣高鐵,25.8,25.8,25.95,25.8,22.3,23.39,36.96,-0.2,-0.15,-0.05,26.99,26.26,25.53,8563,6032,1.42,1452.1,22.05,1.05,4.07,2026-05-22,2026-05-22 10:38:33
2634,漢翔,46.5,46.6,46.65,46.25,25.53,17.04,36.46,-0.8,-0.68,-0.12,50.37,47.5,44.63,3303,3429,0.96,437.97,59.62,1.38,2.97,2026-05-22,2026-05-22 10:38:34
2636,台驊控股,67.2,65.7,67.2,65.7,35.67,29.84,47.78,-0.55,-0.4,-0.14,69.42,66.87,64.32,449,366,1.23,92.04,8.68,5.0,7.44,2026-05-22,2026-05-22 10:38:35
2637,慧洋-KY,71.2,72.0,72.2,70.7,21.38,27.0,43.79,-0.04,0.4,-0.44,76.36,73.05,69.73,3240,2478,1.31,531.44,13.19,5.0,7.02,2026-05-22,2026-05-22 10:38:36
2640,大車隊,164.0,164.0,165.0,163.0,47.45,37.95,28.33,-1.8,-0.76,-1.04,180.24,169.0,157.76,32,25,1.27,97.19,18.26,7.0,4.27,2026-05-22,2026-05-22 10:38:37
2641,正德,17.75,17.8,17.85,17.55,40.18,36.41,56.72,-0.09,-0.13,0.04,18.32,17.54,16.77,1794,1210,1.48,58.63,9.65,0.5,2.82,2026-05-22,2026-05-22 10:38:38
2642,宅配通,20.4,20.4,20.45,20.3,12.36,11.59,17.14,-0.63,-0.59,-0.04,22.47,21.25,20.03,89,72,1.24,19.48,28.33,0.5,2.45,2026-05-22,2026-05-22 10:38:39
2643,捷迅,66.9,67.7,67.7,66.4,39.52,44.18,52.17,-0.49,-0.62,0.13,67.61,66.88,66.15,29,28,1.04,23.42,10.65,4.5,6.73,2026-05-22,2026-05-22 10:38:40
2645,長榮航太,160.5,163.0,164.5,159.0,49.8,37.09,51.69,-0.25,-0.55,0.29,165.53,156.85,148.17,1479,1544,0.96,601.19,29.5,4.5,2.8,2026-05-22,2026-05-22 10:38:41
2646,星宇航空,20.45,20.3,20.5,20.2,53.74,41.07,54.76,-0.18,-0.22,0.04,20.67,20.32,19.96,5215,4467,1.17,615.29,227.22,,,2026-05-22,2026-05-22 10:38:42
2701,萬企,10.25,10.25,10.3,10.2,7.73,8.69,26.32,-0.14,-0.11,-0.04,10.95,10.53,10.11,220,138,1.59,46.12,18.3,0.28,2.73,2026-05-22,2026-05-22 10:38:43
2702,華園,13.05,13.0,13.25,12.85,11.55,10.17,20.83,-0.43,-0.18,-0.25,16.72,14.31,11.89,56,40,1.4,20.44,,,,2026-05-22,2026-05-22 10:38:44
2704,國賓,41.85,41.75,42.05,41.75,16.6,20.93,50.0,-0.16,-0.12,-0.04,43.06,42.11,41.17,85,77,1.11,153.56,73.42,0.5,1.19,2026-05-22,2026-05-22 10:38:45
2705,六福,15.15,15.4,15.4,15.15,15.72,15.09,14.89,-0.38,-0.31,-0.08,17.22,15.97,14.72,264,165,1.6,28.98,17.41,,,2026-05-22,2026-05-22 10:38:45
2706,第一店,11.95,12.0,12.05,11.95,12.81,14.93,22.22,-0.14,-0.11,-0.04,12.65,12.25,11.85,193,121,1.59,59.75,18.38,0.35,2.93,2026-05-22,2026-05-22 10:38:46
2707,晶華,174.0,174.0,174.0,172.0,51.31,54.37,56.25,-0.48,-0.91,0.43,175.69,172.07,168.46,173,145,1.19,221.68,15.32,10.75,6.18,2026-05-22,2026-05-22 10:38:47
2712,遠雄來,15.5,15.25,15.5,15.25,16.92,14.53,22.35,-0.37,-0.13,-0.24,18.66,16.58,14.51,8,9,0.89,16.28,,,,2026-05-22,2026-05-22 10:38:48
2718,全心投控,46.1,46.2,46.2,45.2,82.44,76.04,67.7,0.05,-0.39,0.45,47.83,44.3,40.76,49,60,0.82,40.2,2.73,4.51,9.78,2026-05-22,2026-05-22 10:38:49
2719,燦星旅,25.85,25.7,25.85,25.7,29.61,28.94,26.53,-0.54,-0.45,-0.09,28.48,26.62,24.76,4,9,0.42,17.88,,,,2026-05-21,2026-05-22 10:38:50
2722,夏都,22.65,22.6,22.65,22.2,18.65,18.55,34.69,-0.35,-0.25,-0.1,24.12,23.19,22.26,21,35,0.59,32.43,,0.15,0.66,2026-05-22,2026-05-22 10:38:51
2723,美食-KY,62.8,63.2,63.3,62.5,10.98,19.96,43.93,-1.12,-0.95,-0.17,68.14,64.66,61.19,403,351,1.15,113.04,10.26,3.0,4.78,2026-05-22,2026-05-22 10:38:52
2724,藝舍-KY,13.95,13.85,13.95,13.85,45.58,44.88,29.79,-0.89,-0.97,0.09,16.27,14.65,13.02,13,19,0.68,8.32,,,,2026-05-22,2026-05-22 10:38:53
2726,雅茗-KY,9.95,10.0,10.0,9.91,44.41,26.73,37.33,-0.16,-0.14,-0.01,11.05,10.07,9.09,25,50,0.51,3.75,,,,2026-05-22,2026-05-22 10:38:55
2727,王品,232.0,234.5,234.5,231.0,37.08,52.77,57.5,1.88,2.04,-0.16,239.63,231.8,223.97,351,318,1.1,192.23,14.92,14.59,6.29,2026-05-22,2026-05-22 10:38:56
2729,瓦城,160.0,160.5,161.0,159.0,35.84,34.83,30.77,-2.31,-2.0,-0.31,169.59,164.45,159.31,33,43,0.77,68.21,23.7,7.34,4.59,2026-05-22,2026-05-22 10:38:57
2731,雄獅,160.0,161.5,162.0,160.0,46.97,43.68,45.71,-0.55,-0.81,0.25,162.47,159.82,157.18,454,568,0.8,149.24,9.23,7.5,4.69,2026-05-22,2026-05-22 10:38:58
2732,六角,65.4,64.5,65.5,64.5,27.28,29.54,53.33,-0.13,-0.04,-0.09,66.55,65.47,64.39,30,28,1.07,29.23,60.0,3.5,5.35,2026-05-22,2026-05-22 10:38:59
2734,易飛網,15.5,15.55,15.6,15.35,30.91,19.08,27.03,-0.34,-0.31,-0.03,16.96,15.9,14.84,71,71,1.0,8.88,,,,2026-05-22,2026-05-22 10:39:00
2736,富野,12.3,12.0,12.3,12.0,36.82,23.53,32.43,-0.29,-0.26,-0.04,13.33,12.51,11.68,130,62,2.07,9.84,,,,2026-05-22,2026-05-22 10:39:01
2739,寒舍,34.7,35.1,35.1,34.55,43.72,45.36,50.0,-0.02,-0.01,-0.01,35.11,34.6,34.08,124,126,0.99,31.76,14.77,1.0,2.88,2026-05-22,2026-05-22 10:39:02
2740,華軒,35.95,36.2,36.2,35.95,36.95,35.56,29.39,-0.89,-0.48,-0.41,44.12,39.32,34.51,5,3,1.29,5.14,,,,2026-05-22,2026-05-22 10:39:03
2743,山富,67.3,68.1,68.1,67.2,29.43,26.05,23.33,-1.29,-1.16,-0.13,71.85,69.27,66.7,94,69,1.35,31.51,17.17,2.0,2.97,2026-05-22,2026-05-22 10:39:04
2745,五福,101.5,102.5,102.5,101.0,31.94,20.47,28.57,-0.71,-0.72,0.01,104.19,101.83,99.46,100,94,1.06,34.32,10.21,6.5,6.4,2026-05-22,2026-05-22 10:39:05
2748,雲品,39.25,39.7,39.7,39.0,15.81,15.84,39.77,-0.33,-0.23,-0.1,41.23,39.88,38.54,216,117,1.84,41.52,18.09,2.0,5.1,2026-05-22,2026-05-22 10:39:06
2751,王座,52.2,52.0,52.2,52.0,18.43,24.0,26.09,-1.13,-0.92,-0.21,56.56,53.97,51.37,4,9,0.45,10.32,11.6,3.99,7.64,2026-05-22,2026-05-22 10:39:07
2752,豆府,177.0,177.0,177.0,175.5,23.98,21.17,31.11,-3.85,-3.52,-0.32,190.16,182.22,174.29,17,51,0.34,47.25,11.78,13.5,7.63,2026-05-22,2026-05-22 10:39:08
2753,八方雲集,173.5,174.5,174.5,172.5,10.68,14.33,25.0,-1.87,-1.34,-0.53,182.51,177.62,172.74,463,391,1.19,115.63,13.69,10.0,5.76,2026-05-22,2026-05-22 10:39:09
2754,亞洲藏壽司,72.7,74.7,74.7,72.0,54.69,60.38,64.29,0.94,0.26,0.67,74.99,69.71,64.43,163,363,0.45,34.07,31.07,0.8,1.1,2026-05-22,2026-05-22 10:39:10
2755,揚秦,132.5,132.0,133.0,131.5,50.39,40.53,33.33,-1.43,-1.41,-0.02,137.83,133.62,129.42,36,36,0.99,49.03,21.37,2.48,1.87,2026-05-22,2026-05-22 10:39:11
2756,聯發國際,61.4,60.2,61.4,59.2,36.84,23.4,26.67,-2.34,-2.31,-0.04,70.13,63.91,57.69,36,19,1.89,14.89,16.68,8.0,13.03,2026-05-22,2026-05-22 10:39:12
2762,世界健身-KY,82.9,81.7,83.0,81.7,80.4,82.39,80.0,2.84,2.15,0.7,87.05,77.34,67.62,123,158,0.78,90.55,22.17,9.64,11.63,2026-05-22,2026-05-22 10:39:13
2801,彰銀,20.3,20.3,20.45,20.25,17.41,14.97,32.14,-0.19,-0.14,-0.06,21.42,20.72,20.02,25649,19023,1.35,2388.51,13.53,0.5,2.46,2026-05-22,2026-05-22 10:39:14
2812,台中銀,18.95,19.0,19.05,18.9,32.13,27.66,28.21,-0.38,-0.34,-0.04,20.38,19.5,18.61,9085,13151,0.69,1141.1,12.39,0.39,2.06,2026-05-22,2026-05-22 10:39:15
2816,旺旺保,31.0,30.95,31.2,30.8,43.52,47.79,60.47,0.14,0.08,0.06,31.67,30.63,29.58,81,160,0.51,69.32,6.68,1.5,4.84,2026-05-22,2026-05-22 10:39:16
2820,華票,16.9,16.85,16.9,16.75,49.77,40.29,50.0,-0.03,-0.03,0.01,17.04,16.86,16.68,931,881,1.06,226.96,12.61,0.78,4.62,2026-05-22,2026-05-22 10:39:17
2832,台產,53.2,53.3,53.5,53.1,35.05,44.21,59.65,0.96,1.1,-0.13,54.61,52.78,50.95,122,164,0.74,134.88,13.64,7.14,13.42,2026-05-22,2026-05-22 10:39:18
2834,臺企銀,16.0,16.1,16.2,16.0,44.31,33.98,40.91,0.04,0.08,-0.04,16.44,16.13,15.82,20919,20764,1.01,1554.89,12.8,0.2,1.25,2026-05-22,2026-05-22 10:39:23
2836,高雄銀,11.85,11.85,11.95,11.8,38.37,30.0,54.55,-0.07,-0.08,0.01,11.95,11.85,11.75,1288,888,1.45,218.03,17.69,0.3,2.53,2026-05-22,2026-05-22 10:39:23
2838,聯邦銀,20.15,20.1,20.3,20.1,21.2,29.14,50.0,-0.08,-0.05,-0.03,20.76,20.28,19.81,1274,1431,0.89,874.62,15.62,0.35,1.74,2026-05-22,2026-05-22 10:39:25
2845,遠東銀,12.1,12.0,12.1,11.95,23.53,13.08,42.86,-0.11,-0.11,-0.0,12.41,12.16,11.91,10236,11353,0.9,588.7,13.15,0.5,4.13,2026-05-22,2026-05-22 10:39:26
2849,安泰銀,13.3,13.15,13.35,13.15,25.61,21.94,41.86,-0.1,-0.04,-0.06,14.22,13.58,12.95,86,98,0.88,260.36,16.84,0.38,2.86,2026-05-22,2026-05-22 10:39:27
2850,新產,136.5,139.0,139.0,135.5,76.24,74.55,65.85,3.67,3.48,0.19,140.65,132.12,123.6,330,366,0.9,431.29,11.12,7.15,5.24,2026-05-22,2026-05-22 10:39:28
2851,中再保,34.8,35.4,35.65,34.65,84.27,83.82,72.59,1.25,0.95,0.3,36.3,32.33,28.37,3267,3889,0.84,278.54,9.51,1.9,5.46,2026-05-22,2026-05-22 10:39:28
2852,第一保,26.95,27.1,27.1,26.9,73.6,69.59,82.76,0.22,0.12,0.1,27.16,26.36,25.57,408,552,0.74,81.16,9.23,2.1,7.79,2026-05-22,2026-05-22 10:39:29
2855,統一證,40.75,40.35,40.8,40.05,28.03,35.13,61.68,1.71,1.92,-0.21,43.9,38.99,34.09,5509,5610,0.98,652.58,13.63,1.1,2.7,2026-05-22,2026-05-22 10:39:30
2867,三商壽,7.63,7.72,7.74,7.61,25.96,37.51,53.73,-0.03,-0.02,-0.01,7.9,7.73,7.57,7888,6251,1.26,450.13,38.15,,,2026-05-22,2026-05-22 10:39:31
2880,華南金,31.95,32.0,32.4,31.6,16.14,18.85,48.65,-0.58,-0.52,-0.06,34.64,32.79,30.95,32119,28497,1.13,4446.47,16.82,1.25,3.91,2026-05-22,2026-05-22 10:39:32
2881,富邦金,95.1,95.4,96.0,94.3,49.89,58.79,62.13,1.78,1.68,0.1,99.3,93.34,87.38,41763,32845,1.27,12996.1,11.36,4.15,4.36,2026-05-22,2026-05-22 10:39:33
2882,國泰金,79.7,78.5,79.8,78.2,63.77,48.3,62.41,1.03,0.99,0.04,80.56,77.43,74.3,40793,36412,1.12,11691.36,11.29,3.5,4.39,2026-05-22,2026-05-22 10:39:34
2883,凱基金,21.7,21.45,21.75,21.25,20.72,26.52,53.06,0.21,0.32,-0.1,22.97,21.7,20.43,42600,59437,0.72,3683.54,12.47,0.84,3.87,2026-05-22,2026-05-22 10:39:35
2884,玉山金,31.3,31.5,31.8,31.3,14.07,27.66,50.0,-0.24,-0.2,-0.04,32.75,31.96,31.17,40712,33631,1.21,5062.46,14.76,1.2,3.83,2026-05-22,2026-05-22 10:39:36
2885,元大金,55.1,54.5,55.5,54.4,33.19,39.91,60.2,1.46,1.76,-0.3,58.1,54.29,50.49,25374,25310,1.0,7345.46,20.11,1.5,2.72,2026-05-22,2026-05-22 10:39:37
2886,兆豐金,39.9,40.1,40.3,39.9,44.35,46.66,59.18,0.15,0.1,0.05,40.65,39.72,38.78,28862,35436,0.81,5918.52,16.91,1.6,4.01,2026-05-22,2026-05-22 10:39:38
2887,台新新光金,23.8,23.9,24.15,23.75,64.51,53.61,54.55,-0.11,-0.17,0.06,24.39,23.7,23.01,105354,93478,1.13,5918.17,12.46,0.9,3.78,2026-05-22,2026-05-22 10:39:39
2889,國票金,14.65,14.65,14.85,14.6,55.19,51.97,52.63,-0.16,-0.22,0.06,14.82,14.62,14.43,1884,2053,0.92,532.32,23.25,0.3,2.05,2026-05-22,2026-05-22 10:39:40
2890,永豐金,29.1,29.65,29.8,29.1,4.62,10.5,23.64,-0.59,-0.46,-0.13,32.23,30.68,29.13,48521,38756,1.25,4217.27,14.77,0.91,3.13,2026-05-22,2026-05-22 10:39:41
2891,中信金,57.6,57.5,58.2,57.2,72.97,64.43,70.8,0.97,0.65,0.32,58.14,54.72,51.3,36824,61861,0.6,11334.42,14.19,2.3,3.99,2026-05-22,2026-05-22 10:39:42
2892,第一金,27.55,27.8,27.8,27.4,19.25,36.1,41.25,-0.16,0.02,-0.18,30.0,28.72,27.44,84889,80371,1.06,3961.54,14.73,0.95,3.45,2026-05-22,2026-05-22 10:39:43
2897,王道銀行,10.0,10.1,10.1,10.0,27.81,29.17,47.06,-0.02,0.0,-0.02,10.24,10.09,9.94,2700,3169,0.85,278.24,17.86,0.5,5.0,2026-05-22,2026-05-22 10:39:44
2901,欣欣,22.6,22.55,22.65,22.55,12.53,14.5,22.35,-0.28,-0.18,-0.1,24.72,23.34,21.95,16,16,1.0,16.51,59.47,0.37,1.64,2026-05-22,2026-05-22 10:39:44
2903,遠百,22.25,22.15,22.3,22.1,33.99,34.29,50.0,-0.13,-0.15,0.02,22.46,22.25,22.03,1323,1641,0.81,313.44,14.26,1.35,6.07,2026-05-22,2026-05-22 10:39:45
2904,匯僑,14.25,14.25,14.25,14.05,13.15,10.09,8.33,-0.62,-0.48,-0.14,17.15,15.48,13.81,77,101,0.76,11.09,14.54,1.0,7.02,2026-05-22,2026-05-22 10:39:46
2905,三商,13.65,13.55,13.95,13.55,46.17,34.19,58.82,-0.25,-0.3,0.06,13.98,13.49,13.01,838,584,1.43,143.77,19.23,0.3,2.2,2026-05-22,2026-05-22 10:39:47
2906,高林,12.65,12.7,12.7,12.55,55.45,54.75,60.0,-0.0,-0.05,0.05,12.91,12.5,12.08,142,170,0.83,26.45,26.91,0.6,4.74,2026-05-22,2026-05-22 10:39:48
2908,特力,21.15,21.0,21.15,20.85,93.68,85.33,78.26,0.18,0.16,0.02,21.13,20.79,20.44,382,284,1.35,107.84,91.96,0.9,4.26,2026-05-22,2026-05-22 10:39:49
2910,統領,21.15,21.2,21.25,21.15,12.15,17.96,44.83,-0.12,0.02,-0.15,22.85,21.84,20.82,6,10,0.59,37.1,17.2,1.04,4.92,2026-05-22,2026-05-22 10:39:50
2911,麗嬰房,8.69,8.69,8.69,8.69,94.14,82.66,93.46,0.63,0.26,0.37,7.84,5.69,3.53,762,770,0.99,9.14,4.04,,,2026-05-22,2026-05-22 10:39:51
2912,統一超,220.0,221.0,222.0,219.5,17.43,21.69,40.68,-1.24,-0.33,-0.91,231.12,225.62,220.13,6281,4479,1.4,2287.17,20.48,9.0,4.09,2026-05-22,2026-05-22 10:39:52
2913,農林,10.9,11.0,11.05,10.85,26.47,23.4,40.91,-0.26,-0.28,0.02,11.47,11.11,10.76,1273,1396,0.91,86.11,,,,2026-05-22,2026-05-22 10:39:53
2915,潤泰全,43.3,44.0,44.15,43.3,39.06,40.38,48.06,-0.63,-0.84,0.21,45.03,43.79,42.55,3978,2848,1.4,462.33,4.67,2.5,5.77,2026-05-22,2026-05-22 10:39:54
2916,滿心,47.55,47.6,47.65,47.3,83.29,76.08,76.4,0.27,-0.08,0.35,48.09,45.9,43.71,158,138,1.14,30.73,12.04,3.6,7.57,2026-05-22,2026-05-22 10:39:55
2923,鼎固-KY,21.45,20.75,21.85,20.5,16.53,19.71,49.7,-0.38,0.16,-0.53,27.98,23.21,18.45,95,96,0.98,373.29,35.75,0.24,1.12,2026-05-22,2026-05-22 10:39:56
2924,宏太-KY,16.35,16.35,16.35,16.35,23.59,17.1,8.06,-1.11,-0.63,-0.48,24.42,19.23,14.05,1,6,0.17,8.51,,,,2026-05-22,2026-05-22 10:39:57
2926,誠品生活,36.8,36.5,36.8,36.1,44.76,43.17,48.86,-0.13,-0.14,0.01,37.82,36.86,35.89,5,5,0.95,17.44,68.15,0.46,1.25,2026-05-22,2026-05-22 10:39:58
2929,淘帝-KY,5.73,5.8,6.18,5.72,45.81,29.96,45.39,-0.17,-0.22,0.04,5.91,5.56,5.2,1377,580,2.37,6.27,0.45,,,2026-05-22,2026-05-22 10:39:59
2937,集雅社,47.5,47.5,47.55,47.5,78.43,87.51,94.12,0.75,0.41,0.34,47.82,44.88,41.94,6,11,0.53,20.68,11.76,2.1,4.42,2026-05-22,2026-05-22 10:40:00
2939,永邑-KY,22.5,22.5,22.85,22.5,12.76,18.0,5.36,-0.65,-0.42,-0.23,26.22,24.32,22.41,10,15,0.65,10.25,,,,2026-05-22,2026-05-22 10:40:00
2941,米斯特,31.0,31.0,31.0,31.0,60.31,60.94,53.57,-0.92,-1.3,0.39,33.02,30.96,28.9,1,8,0.12,4.77,13.19,2.28,7.35,2026-05-21,2026-05-22 10:40:01
2945,三商家購,40.95,40.15,40.95,40.15,61.13,55.65,48.82,-0.19,-0.14,-0.05,42.03,41.05,40.06,10,21,0.47,27.64,19.23,1.5,3.66,2026-05-22,2026-05-22 10:40:02
2947,振宇五金,77.8,77.8,77.8,77.8,41.98,55.77,42.11,0.05,0.1,-0.05,79.1,78.18,77.26,13,7,1.73,16.72,24.62,2.2,2.83,2026-05-22,2026-05-22 10:40:03
2948,寶陞,37.0,37.0,37.0,37.0,59.19,58.87,45.09,-0.43,-0.35,-0.08,39.57,37.95,36.33,2,9,0.2,11.47,17.29,1.82,4.92,2026-05-22,2026-05-22 10:40:04
2949,欣新網,61.9,60.0,61.9,60.0,79.89,73.59,72.83,0.72,-0.25,0.97,63.28,56.59,49.9,15,14,1.04,18.66,17.24,0.83,1.34,2026-05-22,2026-05-22 10:40:05
3002,歐格,17.55,17.2,17.6,17.05,44.65,29.36,44.12,-0.55,-0.57,0.02,18.94,17.61,16.29,299,217,1.38,17.89,48.75,0.7,3.99,2026-05-22,2026-05-22 10:40:06
3003,健和興,61.9,60.9,62.2,59.4,69.95,64.34,68.82,1.96,1.75,0.21,62.32,57.27,52.23,1654,981,1.69,96.35,62.53,2.0,3.23,2026-05-22,2026-05-22 10:40:07
3004,豐達科,130.5,127.0,132.0,126.0,69.51,59.59,62.71,3.74,2.94,0.8,131.09,119.95,108.81,948,1120,0.85,84.0,22.62,2.55,1.95,2026-05-22,2026-05-22 10:40:08
3005,神基,104.0,103.5,105.0,102.0,43.97,37.26,62.07,-0.3,-1.12,0.82,103.01,99.0,94.99,7371,6831,1.08,649.28,12.52,6.79,6.53,2026-05-22,2026-05-22 10:40:09
3006,晶豪科,237.5,225.0,244.0,224.0,53.26,64.7,72.63,18.17,16.64,1.53,265.61,206.12,146.64,29645,30062,0.99,673.88,272.99,1.0,0.42,2026-05-22,2026-05-22 10:40:10
3008,大立光,3540.0,3450.0,3595.0,3450.0,83.66,79.68,77.18,254.45,182.36,72.09,3630.06,2861.75,2093.44,1281,2692,0.48,4630.26,22.54,80.0,2.26,2026-05-22,2026-05-22 10:40:11
3010,華立,138.0,135.0,138.0,134.0,53.91,38.26,52.63,0.13,0.25,-0.12,141.63,133.03,124.42,1466,1621,0.9,358.02,15.81,5.3,3.84,2026-05-22,2026-05-22 10:40:12
3011,今皓,13.7,13.6,13.75,13.4,60.48,41.28,49.35,-0.02,0.01,-0.03,14.44,13.42,12.4,1311,986,1.33,17.76,,,,2026-05-22,2026-05-22 10:40:13
3013,晟銘電,110.5,101.5,110.5,101.5,33.85,22.07,55.26,-0.77,-0.25,-0.51,115.87,106.78,97.7,6108,2720,2.25,226.68,27.56,0.6,0.54,2026-05-22,2026-05-22 10:40:14
3014,聯陽,148.0,146.0,149.0,143.0,68.72,57.61,77.63,5.25,4.38,0.86,147.88,133.55,119.22,4647,3301,1.41,245.66,15.97,9.0,6.08,2026-05-22,2026-05-22 10:40:15
3015,全漢,51.5,51.0,51.6,50.7,69.5,51.73,52.25,-0.03,-0.15,0.11,51.92,50.51,49.11,507,496,1.02,96.44,27.84,2.2,4.27,2026-05-22,2026-05-22 10:40:16
3016,嘉晶,121.0,118.0,123.0,118.0,44.01,43.39,63.76,11.55,12.69,-1.14,142.85,104.85,66.86,1518,1185,1.28,349.14,1728.57,0.5,0.41,2026-05-22,2026-05-22 10:40:16
3017,奇鋐,2545.0,2550.0,2610.0,2470.0,34.63,28.23,35.34,18.44,51.37,-32.93,2978.92,2598.25,2217.58,5491,3997,1.37,9980.95,52.86,9.93,0.39,2026-05-22,2026-05-22 10:40:17
3018,隆銘綠能,9.88,9.33,9.88,9.33,20.82,15.42,37.92,-0.45,-0.4,-0.04,11.28,10.26,9.23,9,22,0.44,7.45,1.1,,,2026-05-22,2026-05-22 10:40:18
3019,亞光,153.5,152.5,157.5,150.5,73.95,68.0,66.67,4.73,3.99,0.73,153.5,145.0,136.5,12761,11149,1.14,428.64,23.62,4.0,2.61,2026-05-22,2026-05-22 10:40:19
3021,鴻名,18.8,17.55,18.8,17.35,65.43,49.26,73.33,0.37,0.21,0.15,17.91,16.73,15.54,1359,397,3.42,17.84,56.97,0.6,3.19,2026-05-22,2026-05-22 10:40:20
3022,威強電,71.6,69.9,72.2,69.9,57.9,39.0,51.42,0.56,0.85,-0.29,75.13,70.0,64.88,1020,702,1.45,126.44,15.57,4.5,6.28,2026-05-22,2026-05-22 10:40:21
3023,信邦,314.5,317.0,322.0,314.0,71.29,61.13,64.13,9.34,8.77,0.57,319.79,295.68,271.56,2242,2767,0.81,755.02,24.17,10.25,3.26,2026-05-22,2026-05-22 10:40:22
3024,憶聲,17.6,17.1,17.75,16.6,79.55,81.12,80.28,1.53,1.35,0.18,18.66,15.13,11.59,3528,6055,0.58,48.78,65.19,0.4,2.27,2026-05-22,2026-05-22 10:40:23
3025,星通,71.0,71.0,71.0,70.8,62.72,41.46,71.74,0.66,0.15,0.51,67.55,61.98,56.41,2774,1069,2.59,40.28,20.76,3.3,4.65,2026-05-22,2026-05-22 10:40:24
3026,禾伸堂,476.5,460.0,476.5,460.0,92.9,87.24,88.84,58.44,45.77,12.68,461.71,309.6,157.49,1686,2052,0.82,790.47,73.31,5.5,1.15,2026-05-22,2026-05-22 10:40:25
3027,盛達,18.15,17.6,18.2,17.4,36.88,23.61,46.46,-0.5,-0.52,0.02,19.33,18.16,17.0,543,312,1.74,23.42,8.1,,,2026-05-22,2026-05-22 10:40:26
3028,增你強,82.3,84.2,86.2,81.9,67.92,68.2,70.61,5.64,5.34,0.29,87.38,75.31,63.23,5631,7307,0.77,195.25,26.21,2.1,2.55,2026-05-22,2026-05-22 10:40:27
3029,零壹,97.0,96.2,97.3,95.8,28.54,22.46,33.58,-0.9,-0.79,-0.11,102.9,97.63,92.36,970,853,1.14,161.46,14.9,5.5,5.67,2026-05-22,2026-05-22 10:40:28
3030,德律,419.5,395.0,419.5,395.0,56.74,45.51,59.15,20.66,25.02,-4.36,449.07,378.3,307.53,5600,2652,2.11,990.93,39.99,5.0,1.19,2026-05-22,2026-05-22 10:40:28
3031,佰鴻,33.75,34.75,34.8,33.2,70.82,50.83,60.38,0.86,0.81,0.06,34.37,30.96,27.55,10672,6480,1.65,58.46,31.25,1.0,2.96,2026-05-22,2026-05-22 10:40:29
3032,偉訓,87.2,80.0,87.2,79.6,77.19,73.79,80.1,4.56,3.59,0.98,88.6,72.65,56.7,5601,2201,2.54,98.79,,2.73,3.13,2026-05-22,2026-05-22 10:40:30
3033,威健,53.9,53.0,55.3,52.3,91.25,90.9,92.11,4.52,3.56,0.96,55.41,43.23,31.05,23985,30344,0.79,260.19,33.48,2.08,3.86,2026-05-22,2026-05-22 10:40:31
3034,聯詠,485.5,482.0,490.0,476.0,58.43,60.98,71.21,19.94,19.95,-0.01,522.92,455.3,387.68,8283,6041,1.37,2954.32,18.09,28.0,5.77,2026-05-22,2026-05-22 10:40:32
3035,智原,211.0,210.0,216.5,205.0,71.67,63.23,70.19,9.98,8.78,1.2,213.22,187.38,161.53,28295,16283,1.74,549.76,75.09,3.0,1.42,2026-05-22,2026-05-22 10:40:33
3036,文曄,289.0,291.0,301.5,288.5,77.71,77.35,80.78,17.5,12.72,4.78,312.85,243.03,173.2,12480,13947,0.89,3678.59,28.09,6.0,2.08,2026-05-22,2026-05-22 10:40:34
3037,欣興,970.0,932.0,986.0,931.0,64.33,50.04,56.24,57.74,62.55,-4.81,951.46,859.4,767.34,39304,26563,1.48,15272.84,223.5,1.49,0.15,2026-05-22,2026-05-22 10:40:35
3038,全台,23.15,22.5,23.2,22.4,52.92,39.1,51.28,0.1,0.16,-0.07,23.48,22.77,22.06,626,366,1.71,33.35,21.05,1.2,5.18,2026-05-22,2026-05-22 10:40:36
3040,遠見,39.6,39.95,40.2,39.35,42.44,31.47,25.16,-1.67,-1.69,0.02,45.97,41.51,37.06,116,105,1.11,24.94,123.75,1.0,2.53,2026-05-22,2026-05-22 10:40:37
3041,揚智,27.15,25.4,27.2,24.9,63.5,45.29,67.55,0.4,0.24,0.16,25.99,24.15,22.31,5168,2227,2.32,38.07,27.99,,,2026-05-22,2026-05-22 10:40:38
3042,晶技,176.0,165.5,176.0,161.0,66.55,47.11,55.68,7.41,7.86,-0.45,171.27,153.38,135.48,31519,21806,1.45,598.39,33.65,5.2,2.95,2026-05-22,2026-05-22 10:40:39
3043,科風,21.4,21.6,21.6,21.0,64.8,46.38,62.35,0.08,-0.08,0.16,22.06,20.43,18.79,339,487,0.7,8.34,,,,2026-05-22,2026-05-22 10:40:40
3044,健鼎,490.5,494.5,497.5,485.0,31.68,32.99,55.87,17.05,21.47,-4.42,519.94,480.07,440.21,3673,3531,1.04,2578.1,25.32,10.3,2.1,2026-05-22,2026-05-22 10:40:40
3045,台灣大,112.0,113.5,113.5,111.5,53.86,60.84,55.56,0.93,0.84,0.09,116.18,112.15,108.12,17103,16988,1.01,3394.34,23.83,4.5,4.02,2026-05-22,2026-05-22 10:40:41
3046,建碁,53.4,52.5,53.4,52.3,74.72,65.9,74.6,1.02,0.83,0.19,53.71,50.15,46.58,462,288,1.6,41.89,13.35,3.0,5.62,2026-05-22,2026-05-22 10:40:42
3047,訊舟,15.4,14.7,15.75,14.65,59.7,43.37,59.34,-0.25,-0.36,0.11,15.19,14.59,13.99,3545,1450,2.44,34.38,,0.3,1.95,2026-05-22,2026-05-22 10:40:43
3048,益登,74.5,74.0,74.5,71.2,96.32,92.93,95.78,7.25,4.38,2.87,69.69,47.99,26.29,21781,22270,0.98,201.02,37.25,1.0,1.34,2026-05-22,2026-05-22 10:40:44
3049,精金,12.45,12.05,12.75,12.05,20.25,19.41,38.82,-0.14,-0.05,-0.09,13.65,12.59,11.54,6018,5188,1.16,99.85,40.16,,,2026-05-22,2026-05-22 10:40:45
3050,鈺德,12.5,12.25,12.5,12.15,59.41,42.77,55.32,-0.22,-0.26,0.04,12.62,12.21,11.79,760,492,1.54,19.37,312.5,0.5,4.0,2026-05-22,2026-05-22 10:40:46
3051,力特,28.2,26.35,28.2,26.25,52.72,33.81,44.92,0.76,0.94,-0.17,29.79,26.39,22.98,7124,2373,3.0,46.53,27.92,1.52,5.39,2026-05-22,2026-05-22 10:40:47
3052,夆典,10.55,10.55,10.55,10.45,23.93,22.01,45.83,-0.12,-0.12,-0.0,10.9,10.64,10.39,266,359,0.74,21.52,9.68,0.5,4.74,2026-05-22,2026-05-22 10:40:48
3054,立萬利,67.6,66.8,68.5,66.8,21.57,15.71,52.17,-0.34,0.21,-0.56,75.68,69.03,62.38,191,153,1.25,54.52,34.85,0.8,1.18,2026-05-22,2026-05-22 10:40:49
3055,蔚華科,118.0,117.0,122.5,116.0,76.03,77.59,73.53,12.5,10.9,1.6,130.1,96.04,61.98,4724,7708,0.61,133.02,,1.0,0.85,2026-05-22,2026-05-22 10:40:50
3056,富華新,13.6,13.9,13.95,13.55,48.39,43.22,47.3,-0.25,-0.32,0.07,14.25,13.69,13.12,1547,1179,1.31,65.36,12.71,1.48,10.88,2026-05-22,2026-05-22 10:40:50
3057,喬鼎,19.75,19.15,20.0,19.15,31.06,26.66,47.33,0.21,0.47,-0.26,22.03,19.83,17.63,279,176,1.58,13.4,49.38,,,2026-05-22,2026-05-22 10:40:51
3058,立德,8.42,8.17,8.43,8.15,25.73,21.71,47.95,-0.24,-0.27,0.03,8.93,8.42,7.91,978,571,1.71,16.87,,,,2026-05-22,2026-05-22 10:40:52
3059,華晶科,43.55,43.35,44.3,42.8,80.62,70.97,61.36,1.28,0.99,0.29,43.84,40.73,37.61,8763,9319,0.94,133.97,35.41,1.0,2.3,2026-05-22,2026-05-22 10:40:53
3060,銘異,28.85,27.75,28.85,27.75,49.68,32.67,56.49,-0.51,-0.59,0.09,29.24,27.81,26.38,2514,1412,1.78,39.69,,0.35,1.21,2026-05-22,2026-05-22 10:40:54
3062,建漢,29.35,28.7,29.5,28.45,70.31,61.32,68.37,0.19,-0.03,0.22,29.55,27.01,24.47,12555,8381,1.5,96.28,43.16,,,2026-05-22,2026-05-22 10:40:55
3064,泰偉,18.0,18.1,18.1,17.45,35.51,46.16,42.07,-1.37,-1.55,0.18,21.99,20.09,18.2,9,6,1.48,2.34,,,,2026-05-22,2026-05-22 10:40:56
3066,李洲,20.8,21.15,21.4,20.55,75.79,63.84,67.46,0.28,0.01,0.27,20.67,18.87,17.06,1264,938,1.35,17.28,,,,2026-05-22,2026-05-22 10:40:57
3067,全域,17.25,17.1,17.25,17.1,40.04,30.19,20.0,-0.23,-0.21,-0.01,18.22,17.58,16.95,6,5,1.2,3.45,,,,2026-05-22,2026-05-22 10:40:58
3071,協禧,30.6,29.75,30.6,29.7,55.27,43.3,52.06,0.13,0.27,-0.14,31.69,30.15,28.62,761,452,1.68,33.66,53.68,0.81,2.65,2026-05-22,2026-05-22 10:40:59
3078,僑威,56.7,56.0,56.9,55.2,44.09,26.89,52.89,-0.72,-0.71,-0.01,58.73,55.57,52.41,1715,1340,1.28,128.93,9.45,4.0,7.05,2026-05-22,2026-05-22 10:41:02
3081,聯亞,2710.0,2715.0,2790.0,2670.0,31.09,35.16,49.07,94.31,149.5,-55.2,2999.69,2688.0,2376.31,2245,2077,1.08,2507.22,589.13,0.5,0.02,2026-05-22,2026-05-22 10:41:03
3083,網龍,27.7,28.1,28.2,27.5,65.17,56.87,59.76,0.05,-0.12,0.17,28.02,27.09,26.16,151,219,0.69,23.96,64.42,0.33,1.19,2026-05-22,2026-05-22 10:41:04
3085,新零售,11.55,12.0,12.1,11.55,18.39,31.14,46.36,-0.07,-0.0,-0.07,13.45,12.09,10.73,21,8,2.47,7.97,,,,2026-05-22,2026-05-22 10:41:05
3086,華義*,36.9,37.35,37.4,36.7,15.04,13.95,30.09,0.5,1.31,-0.81,43.84,39.32,34.81,309,454,0.68,100.63,,0.02,0.05,2026-05-22,2026-05-22 10:41:06
3088,艾訊,142.0,139.5,144.5,138.5,83.75,82.85,86.59,11.03,10.29,0.74,149.76,121.55,93.34,2509,2333,1.08,154.28,31.77,4.33,3.05,2026-05-22,2026-05-22 10:41:07
3090,日電貿,215.0,196.0,215.5,188.0,98.1,94.4,94.69,22.95,13.17,9.78,198.22,128.39,58.55,9177,33218,0.28,618.27,39.74,4.2,1.95,2026-05-22,2026-05-22 10:41:08
3092,鴻碩,30.7,28.95,31.9,28.95,34.94,22.14,46.8,-0.67,-0.49,-0.18,33.69,30.75,27.81,1042,459,2.27,32.74,,,,2026-05-22,2026-05-22 10:41:09
3093,港建*,52.1,48.7,53.2,48.7,15.49,10.85,39.8,-2.08,-0.62,-1.46,67.54,56.44,45.35,3024,1478,2.05,75.63,42.7,,,2026-05-22,2026-05-22 10:41:10
3094,聯傑,35.35,35.95,36.6,35.2,79.38,79.05,71.81,2.66,2.26,0.41,37.77,30.78,23.8,3197,5028,0.64,29.38,147.29,0.17,0.48,2026-05-22,2026-05-22 10:41:11
3095,及成,46.9,47.35,47.5,46.5,65.98,60.67,71.48,2.69,2.72,-0.03,48.42,43.94,39.46,43,60,0.71,4.69,,,,2026-05-22,2026-05-22 10:41:12
3105,穩懋,531.0,506.0,531.0,499.5,40.44,26.75,51.16,5.35,11.51,-6.16,562.0,499.57,437.15,28882,23232,1.24,2251.12,132.42,1.0,0.19,2026-05-22,2026-05-22 10:41:13
3114,好德,28.25,27.8,28.9,27.8,70.06,62.18,79.78,0.36,0.17,0.2,27.86,26.42,24.98,616,239,2.57,18.2,12.78,1.2,4.25,2026-05-22,2026-05-22 10:41:14
3115,富榮綱,8.15,8.7,8.7,8.15,13.72,20.82,20.52,-0.32,-0.16,-0.16,10.69,9.56,8.43,90,59,1.52,5.92,,,,2026-05-22,2026-05-22 10:41:15
3118,進階,33.4,33.4,33.6,33.2,14.79,16.35,46.88,-0.01,0.03,-0.04,33.86,33.61,33.35,21,22,0.97,10.84,13.69,1.8,5.39,2026-05-22,2026-05-22 10:41:16
3122,笙泉,35.85,35.6,36.2,35.05,22.35,32.81,62.28,1.82,2.31,-0.5,40.66,35.86,31.06,411,381,1.08,14.61,,,,2026-05-22,2026-05-22 10:41:17
3128,昇銳,24.25,24.1,24.55,23.55,64.49,41.95,50.0,-0.33,-0.43,0.11,24.92,23.49,22.05,300,266,1.13,11.47,18.95,0.19,0.78,2026-05-22,2026-05-22 10:41:18
3130,一零四,221.0,221.5,222.0,221.0,18.1,28.4,46.15,0.05,0.09,-0.03,223.0,221.62,220.25,33,21,1.57,73.35,15.15,14.14,6.4,2026-05-22,2026-05-22 10:41:19
3131,弘塑,2820.0,2750.0,2910.0,2735.0,25.55,25.05,42.82,-50.66,2.17,-52.84,3275.74,2922.25,2568.76,542,444,1.22,809.79,64.08,22.0,0.78,2026-05-22,2026-05-22 10:41:20
3135,凌航,211.5,199.5,214.0,199.0,47.47,57.41,71.21,19.67,19.58,0.09,238.63,179.18,119.72,1780,1987,0.9,189.76,34.56,1.32,0.62,2026-05-22,2026-05-22 10:41:21
3138,耀登,169.5,166.0,172.0,165.0,69.11,59.7,62.61,-1.68,-3.71,2.02,168.84,158.03,147.21,2011,3070,0.66,84.2,112.25,2.56,1.51,2026-05-22,2026-05-22 10:41:22
3141,晶宏,77.4,74.5,78.2,70.5,86.24,79.93,83.35,6.37,4.78,1.6,75.55,57.62,39.69,9274,4049,2.29,57.58,146.04,0.51,0.66,2026-05-22,2026-05-22 10:41:23
3147,大綜,186.0,183.0,186.5,182.0,72.18,58.85,67.07,3.0,2.39,0.62,185.11,176.45,167.79,496,437,1.13,81.26,22.09,5.0,2.69,2026-05-22,2026-05-22 10:41:24
3149,正達,59.1,58.0,61.1,57.9,74.86,75.31,64.8,3.33,2.66,0.67,61.85,51.57,41.29,34262,30376,1.13,133.7,,,,2026-05-22,2026-05-22 10:41:25
3150,鈺寶-創,20.15,19.65,20.15,19.5,56.33,33.12,57.25,0.08,0.07,0.02,20.73,19.11,17.48,133,71,1.88,8.94,,1.0,4.96,2026-05-22,2026-05-22 10:41:26
3152,璟德,181.5,174.0,181.5,173.0,47.82,35.75,59.06,3.17,3.6,-0.44,181.67,170.8,159.93,2413,1276,1.89,125.26,19.33,5.59,3.08,2026-05-22,2026-05-22 10:41:27
3158,嘉實,85.8,85.2,86.5,85.2,14.88,9.44,20.0,-0.91,-0.53,-0.38,91.74,88.36,84.98,23,15,1.49,25.99,12.45,6.5,7.58,2026-05-22,2026-05-22 10:41:28
3162,精確,87.6,88.5,90.3,87.1,54.96,50.89,64.51,4.47,5.24,-0.77,95.78,84.86,73.94,4672,4075,1.15,135.15,52.46,0.49,0.56,2026-05-22,2026-05-22 10:41:29
3163,波若威,1145.0,1135.0,1145.0,1080.0,56.66,33.89,42.25,-12.62,-6.78,-5.84,1252.22,1060.6,868.98,3591,1605,2.24,922.19,185.58,3.0,0.26,2026-05-22,2026-05-22 10:41:30
3164,景岳,16.8,16.85,16.85,16.45,20.67,16.67,27.5,-0.24,-0.15,-0.09,18.21,17.4,16.58,164,110,1.48,14.45,25.45,0.8,4.76,2026-05-22,2026-05-22 10:41:31
3167,大量,831.0,770.0,831.0,753.0,71.68,63.88,47.87,48.65,56.12,-7.47,865.24,762.85,660.46,6218,5621,1.11,743.88,103.75,4.0,0.48,2026-05-22,2026-05-22 10:41:32
3168,眾福科,45.35,45.8,45.8,44.25,69.53,61.21,58.06,0.45,0.47,-0.02,46.35,44.68,43.0,53,59,0.9,34.06,17.51,3.04,6.7,2026-05-22,2026-05-22 10:41:33
3169,亞信,122.0,119.5,124.0,116.5,69.71,55.15,64.65,3.97,3.53,0.44,120.03,110.78,101.52,1822,931,1.96,76.99,33.61,3.2,2.62,2026-05-22,2026-05-22 10:41:34
3171,炎洲流通,68.1,68.9,68.9,66.8,53.97,55.88,47.44,0.44,0.76,-0.32,70.79,68.09,65.39,18,22,0.83,20.51,16.45,3.0,4.41,2026-05-22,2026-05-22 10:41:35
3176,基亞,37.25,43.6,43.6,37.25,67.62,63.5,62.65,1.38,0.78,0.6,38.53,33.97,29.42,3759,2366,1.59,51.89,,,,2026-05-22,2026-05-22 10:41:36
3178,公準,69.1,67.5,70.0,67.4,33.52,26.37,42.15,0.33,0.86,-0.52,74.2,69.25,64.31,83,165,0.51,31.13,,0.5,0.72,2026-05-22,2026-05-22 10:41:37
3188,鑫龍騰,24.15,24.35,24.35,24.05,33.0,29.76,33.33,-0.7,-0.77,0.07,26.13,24.76,23.4,198,223,0.89,45.48,6.47,3.2,13.25,2026-05-22,2026-05-22 10:41:38
3189,景碩,609.0,588.0,609.0,588.0,82.62,69.11,61.08,33.75,30.77,2.98,574.56,513.17,451.79,10912,28026,0.39,3208.92,180.18,0.97,0.16,2026-05-22,2026-05-22 10:41:39
3191,雲嘉南,16.5,15.5,16.95,15.5,72.88,62.03,75.0,0.39,0.14,0.25,15.66,14.21,12.76,77,90,0.85,7.19,32.35,,,2026-05-22,2026-05-22 10:41:40
3205,佰研,54.5,55.6,55.6,54.3,29.6,20.2,37.18,-0.86,-0.72,-0.14,59.01,55.5,52.0,187,119,1.57,36.81,,,,2026-05-22,2026-05-22 10:41:41
3206,志豐,38.25,38.3,38.3,37.8,40.16,48.81,71.58,0.43,0.21,0.21,40.48,36.37,32.26,116,92,1.26,22.54,19.03,2.5,6.54,2026-05-22,2026-05-22 10:41:42
3207,耀勝,56.6,57.8,57.8,56.6,40.0,43.89,37.63,-2.04,-1.94,-0.1,65.97,60.67,55.38,359,286,1.26,36.48,,,,2026-05-22,2026-05-22 10:41:43
3209,全科,78.0,79.6,80.5,78.0,91.01,90.79,84.11,7.99,6.26,1.73,82.2,62.09,41.98,5654,8882,0.64,183.61,26.09,2.48,3.18,2026-05-22,2026-05-22 10:41:44
3211,順達,388.0,356.5,388.0,356.0,28.43,26.31,58.95,2.14,5.14,-3.0,405.17,373.57,341.98,8863,5269,1.68,598.77,43.11,12.5,3.22,2026-05-22,2026-05-22 10:41:45
3213,茂訊,119.5,120.5,122.0,119.0,68.04,63.6,77.08,3.16,2.86,0.3,121.4,111.9,102.4,915,581,1.57,70.13,16.35,6.0,5.02,2026-05-22,2026-05-22 10:41:46
3217,優群,207.0,200.5,208.0,193.5,84.85,78.1,83.04,8.6,6.51,2.08,200.97,180.32,159.68,4851,3191,1.52,186.52,16.3,8.81,4.26,2026-05-22,2026-05-22 10:41:47
3218,大學光,131.0,130.0,131.0,129.0,33.35,27.77,34.09,-0.57,-0.26,-0.32,140.22,131.4,122.58,339,228,1.48,110.99,10.69,7.75,5.92,2026-05-22,2026-05-22 10:41:48
3219,倚強科,92.9,84.0,92.9,83.9,80.9,77.9,72.81,5.77,4.41,1.36,95.54,75.26,54.99,2001,1420,1.41,66.68,61.12,0.27,0.29,2026-05-22,2026-05-22 10:41:49
3221,台嘉碩,56.4,53.0,56.4,53.0,72.48,50.99,72.09,2.55,1.77,0.78,52.28,44.84,37.4,12409,16191,0.77,59.26,705.0,0.9,1.6,2026-05-22,2026-05-22 10:41:50
3224,三顧,40.7,41.5,41.5,40.6,14.27,17.17,30.95,-0.79,-0.19,-0.6,50.95,44.43,37.91,120,128,0.94,31.8,,,,2026-05-22,2026-05-22 10:41:51
3226,龍鋒,40.0,40.0,40.0,39.5,53.32,57.41,42.51,-0.74,-0.83,0.08,42.6,40.79,38.98,3,1,1.6,25.77,166.67,0.5,1.25,2026-05-22,2026-05-22 10:41:52
3227,原相,233.0,234.0,234.0,227.5,68.79,59.1,69.35,7.19,7.02,0.16,236.61,218.9,201.19,2733,2228,1.23,350.67,19.38,10.0,4.29,2026-05-22,2026-05-22 10:41:53
3228,金麗科,211.5,211.5,222.0,208.0,33.91,29.72,53.45,9.5,14.41,-4.91,253.38,214.65,175.92,1070,1195,0.9,151.25,,,,2026-05-22,2026-05-22 10:41:54
3229,晟鈦,39.6,38.9,40.3,38.05,24.21,28.1,43.38,2.1,3.3,-1.2,47.39,40.32,33.26,522,587,0.89,25.45,,,,2026-05-22,2026-05-22 10:41:55
3230,錦明,32.35,32.6,32.85,32.2,47.44,35.0,32.75,-1.74,-1.81,0.07,37.8,33.9,30.01,324,442,0.73,27.53,,0.35,1.08,2026-05-22,2026-05-22 10:41:56
3231,緯創,144.5,142.5,146.0,139.5,47.2,32.34,55.26,0.56,0.98,-0.43,148.4,140.15,131.9,70108,39431,1.78,4595.7,17.2,3.8,2.63,2026-05-22,2026-05-22 10:41:57
3232,昱捷,22.3,22.75,22.75,22.0,62.39,46.19,70.31,-0.16,-0.32,0.17,22.26,21.21,20.17,155,87,1.78,10.38,76.9,0.5,2.24,2026-05-22,2026-05-22 10:41:58
3234,光環,104.0,100.0,106.5,100.0,47.93,32.76,45.3,-1.25,-0.59,-0.67,113.46,102.29,91.11,2122,1489,1.42,115.93,866.67,,,2026-05-22,2026-05-22 10:41:59
3236,千如,53.0,52.6,53.0,52.0,94.01,87.6,89.14,4.09,2.35,1.74,49.58,36.24,22.89,6032,15819,0.38,55.65,165.62,0.35,0.66,2026-05-22,2026-05-22 10:42:00
3252,海灣,18.05,18.55,18.55,17.9,29.26,19.87,27.66,-0.47,-0.42,-0.05,19.83,18.7,17.58,16,17,0.9,9.06,138.85,,,2026-05-22,2026-05-22 10:42:01
3257,虹冠電,52.8,53.6,53.6,51.8,70.2,58.95,58.78,0.16,-0.01,0.17,53.39,51.8,50.21,916,700,1.31,42.01,16.66,2.8,5.3,2026-05-22,2026-05-22 10:42:02
3259,鑫創,16.35,16.6,16.6,16.0,20.84,19.95,38.2,-0.34,-0.2,-0.13,18.18,16.99,15.8,41,47,0.87,11.93,,,,2026-05-22,2026-05-22 10:42:03
3260,威剛,417.5,419.5,428.0,414.0,28.76,24.68,42.77,4.25,11.22,-6.96,483.68,436.4,389.12,14151,13516,1.05,1327.57,18.18,,,2026-05-22,2026-05-22 10:42:04
3264,欣銓,221.5,221.0,229.5,218.0,37.15,38.51,52.69,8.88,11.89,-3.01,247.91,218.8,189.69,7223,8523,0.85,1049.73,37.35,4.0,1.81,2026-05-22,2026-05-22 10:42:05
3265,台星科,186.0,181.5,191.0,181.0,48.8,42.76,51.4,4.49,5.69,-1.2,193.33,177.78,162.22,3958,2205,1.8,253.45,34.13,4.6,2.47,2026-05-22,2026-05-22 10:42:06
3266,昇陽,12.4,12.4,12.6,12.25,17.95,13.76,31.37,-0.34,-0.23,-0.11,14.23,13.13,12.02,155,138,1.12,43.69,21.38,0.75,6.05,2026-05-22,2026-05-22 10:42:07
3268,海德威,17.6,17.5,17.85,17.5,24.89,22.4,52.54,0.2,0.31,-0.12,18.78,17.62,16.46,157,130,1.21,6.11,,,,2026-05-22,2026-05-22 10:42:08
3272,東碩,17.35,17.1,17.35,17.0,16.22,19.92,49.02,-0.01,0.15,-0.16,19.04,17.98,16.92,91,68,1.33,10.39,,,,2026-05-22,2026-05-22 10:42:09
3276,宇環,14.35,14.15,14.5,14.1,17.95,20.76,44.12,-0.08,0.12,-0.2,16.49,14.98,13.47,255,330,0.77,10.0,68.33,0.02,0.14,2026-05-22,2026-05-22 10:42:10
3284,太普高,16.8,17.0,17.0,16.6,43.86,32.67,56.0,-0.46,-0.62,0.16,17.66,16.37,15.08,134,231,0.58,18.23,7.4,0.8,4.76,2026-05-22,2026-05-22 10:42:11
3285,微端,28.8,28.5,29.1,28.5,45.21,40.22,49.41,0.05,0.05,-0.0,29.36,28.59,27.82,28,25,1.14,12.31,41.14,1.0,3.47,2026-05-22,2026-05-22 10:42:12
3287,廣寰科,31.85,31.6,32.6,31.6,51.9,57.75,68.88,0.81,0.57,0.24,33.15,29.73,26.31,264,223,1.18,14.0,21.23,,,2026-05-22,2026-05-22 10:42:13
3288,點晶,14.95,15.0,15.0,14.9,38.48,45.04,59.09,-0.07,-0.05,-0.02,15.81,15.12,14.43,7,7,1.11,2.39,,,,2026-05-22,2026-05-22 10:42:14
3289,宜特,169.0,164.5,171.5,164.5,16.12,13.28,26.85,-1.09,2.28,-3.38,201.04,177.78,154.51,1827,1941,0.94,146.14,35.43,4.78,2.83,2026-05-22,2026-05-22 10:42:15
3290,東浦,48.25,47.3,48.75,47.15,54.17,46.76,54.17,0.04,0.1,-0.06,49.29,47.38,45.47,738,519,1.42,43.53,24.0,4.29,8.89,2026-05-22,2026-05-22 10:42:16
3293,鈊象,748.0,746.0,756.0,741.0,60.69,43.76,52.48,-4.48,-5.55,1.07,760.79,736.25,711.71,2165,1658,1.31,2107.88,19.78,29.0,3.88,2026-05-22,2026-05-22 10:42:18
3294,英濟,41.1,40.45,42.15,39.6,84.54,76.54,84.03,1.96,0.72,1.24,41.62,33.37,25.11,7631,9482,0.8,54.26,,0.38,0.92,2026-05-22,2026-05-22 10:42:19
3296,勝德,19.65,19.05,19.65,19.05,11.46,17.95,50.0,-0.42,-0.24,-0.18,22.94,20.5,18.06,165,180,0.92,19.01,32.21,,,2026-05-22,2026-05-22 10:42:20
3297,杭特,30.75,30.5,30.9,30.4,20.27,23.06,41.88,-1.01,-1.0,-0.01,33.1,31.55,30.01,63,60,1.04,11.09,65.43,,,2026-05-22,2026-05-22 10:42:21
3303,岱稜,49.35,49.3,49.5,48.8,26.02,22.33,48.36,0.34,0.67,-0.33,52.98,49.77,46.55,227,250,0.91,46.16,11.67,2.77,5.61,2026-05-22,2026-05-22 10:42:22
3305,昇貿,146.0,139.0,149.0,138.0,77.73,76.56,80.16,7.99,5.67,2.32,149.4,121.7,94.0,12588,19589,0.64,204.84,48.67,2.25,1.54,2026-05-22,2026-05-22 10:42:23
3306,鼎天,46.85,46.0,47.25,45.4,51.89,35.5,52.36,-0.45,-0.45,0.0,48.48,46.32,44.16,338,211,1.6,23.71,24.15,2.1,4.48,2026-05-22,2026-05-22 10:42:24
3308,聯德,20.5,20.65,20.8,20.1,43.21,29.86,50.55,-0.35,-0.31,-0.03,21.92,20.62,19.31,156,124,1.26,12.3,30.15,,,2026-05-22,2026-05-22 10:42:25
3310,佳穎,76.9,69.5,76.9,69.0,84.14,73.34,74.74,0.11,-0.56,0.68,73.37,69.62,65.88,225,64,3.49,48.29,23.81,2.89,3.76,2026-05-22,2026-05-22 10:42:26
3311,閎暉,33.85,32.7,34.45,32.55,53.95,41.67,68.93,0.12,-0.08,0.19,33.45,31.6,29.74,625,266,2.35,33.85,20.27,0.3,0.89,2026-05-22,2026-05-22 10:42:27
3312,弘憶股,47.65,47.0,47.7,46.35,65.4,65.36,70.49,1.94,1.86,0.09,49.44,44.0,38.57,2825,2591,1.09,87.02,27.87,1.39,2.92,2026-05-22,2026-05-22 10:42:27
3313,斐成,11.8,11.75,11.8,11.6,64.58,48.57,45.28,-0.22,-0.28,0.06,12.33,11.7,11.07,162,167,0.97,26.09,,,,2026-05-22,2026-05-22 10:42:29
3317,尼克森,76.1,75.5,77.7,75.5,75.59,80.16,75.15,5.97,5.36,0.61,81.92,66.31,50.69,4697,7239,0.65,68.49,46.4,0.4,0.53,2026-05-22,2026-05-22 10:42:30
3321,同泰,15.95,15.45,15.95,15.35,22.36,18.93,38.89,-0.22,-0.15,-0.08,17.17,16.05,14.94,356,212,1.68,13.74,,,,2026-05-22,2026-05-22 10:42:30
3322,建舜電,13.45,12.85,13.65,12.8,34.2,26.82,54.17,-0.22,-0.18,-0.03,14.41,13.29,12.18,1198,802,1.49,18.5,,,,2026-05-22,2026-05-22 10:42:32
3323,加百裕,36.7,35.5,36.85,35.5,48.27,38.26,61.72,0.27,0.2,0.07,36.8,34.95,33.1,1574,1110,1.42,36.48,,0.5,1.36,2026-05-22,2026-05-22 10:42:33
3324,雙鴻,1010.0,1035.0,1040.0,1005.0,28.26,19.16,23.68,-20.87,-6.87,-14.0,1242.14,1077.1,912.06,3650,2793,1.31,924.91,36.59,10.0,0.99,2026-05-22,2026-05-22 10:42:34
3325,旭品,11.95,12.1,12.15,11.9,14.79,11.72,25.71,-0.37,-0.3,-0.06,13.67,12.56,11.45,398,293,1.35,13.17,,,,2026-05-22,2026-05-22 10:42:35
3332,幸康,64.0,63.8,65.4,63.8,31.47,39.3,50.0,0.92,1.27,-0.35,66.65,64.62,62.58,12,21,0.55,30.79,18.13,1.1,1.72,2026-05-22,2026-05-22 10:42:36
3338,泰碩,77.0,73.7,77.5,73.1,59.39,47.18,55.13,1.76,2.07,-0.31,80.1,74.23,68.35,2169,2234,0.97,66.86,43.02,2.01,2.61,2026-05-22,2026-05-22 10:42:37
3339,泰谷,50.2,47.7,51.2,47.7,30.64,20.94,32.69,-0.95,0.48,-1.42,63.52,52.92,42.32,3877,2936,1.32,34.27,,,,2026-05-22,2026-05-22 10:42:38
3346,麗清,16.35,16.35,16.45,16.15,39.16,24.05,41.03,-0.61,-0.63,0.02,18.14,16.66,15.19,436,393,1.11,19.7,148.64,1.21,7.4,2026-05-22,2026-05-22 10:42:39
3349,寶德,18.9,18.55,18.95,18.0,31.7,24.4,5.59,-2.21,-1.94,-0.27,29.19,22.51,15.83,207,176,1.18,8.71,,,,2026-05-22,2026-05-22 10:42:40
3354,律勝,34.75,32.65,34.75,32.0,47.97,47.69,69.03,1.48,1.52,-0.03,38.02,31.21,24.4,1659,1555,1.07,24.36,,0.2,0.58,2026-05-22,2026-05-22 10:42:41
3356,奇偶,63.3,62.9,64.6,62.6,73.28,74.52,69.87,2.77,2.53,0.24,65.41,57.58,49.74,2083,1126,1.85,50.6,10.21,3.5,5.53,2026-05-22,2026-05-22 10:42:41
3357,臺慶科,279.0,262.0,279.0,260.0,86.15,77.6,83.84,22.03,14.48,7.55,263.76,197.68,131.59,12522,8910,1.41,284.68,29.52,5.0,1.79,2026-05-22,2026-05-22 10:42:42
3360,尚立,14.95,14.65,15.05,14.6,32.36,40.93,62.32,0.14,0.09,0.05,16.32,14.29,12.27,567,431,1.31,11.42,,,,2026-05-22,2026-05-22 10:42:44
3362,先進光,120.0,120.0,120.5,118.0,68.84,61.13,63.33,3.33,2.14,1.18,120.83,109.81,98.79,1843,3512,0.52,171.63,,0.99,0.83,2026-05-22,2026-05-22 10:42:45
3363,上詮,852.0,841.0,865.0,835.0,33.23,33.82,51.33,15.43,24.52,-9.1,917.9,818.65,719.4,2315,2297,1.01,968.22,5325.0,,,2026-05-22,2026-05-22 10:42:46
3372,典範,20.25,20.0,20.25,19.7,59.61,43.03,65.93,-0.05,-0.19,0.13,20.37,19.19,18.01,1430,823,1.74,35.5,,,,2026-05-22,2026-05-22 10:42:47
3373,熱映,16.9,17.15,17.15,16.8,29.71,32.7,50.0,-0.02,-0.04,0.02,17.1,16.9,16.71,94,97,0.97,8.05,,,,2026-05-22,2026-05-22 10:42:48
3374,精材,253.0,248.5,257.5,246.5,45.78,55.43,63.56,16.8,16.79,0.01,277.55,228.07,178.6,14322,14665,0.98,686.55,51.01,2.5,0.99,2026-05-22,2026-05-22 10:42:49
3376,新日興,210.0,211.0,216.0,207.0,61.92,46.79,50.74,-0.02,-0.51,0.49,215.43,205.15,194.87,5964,5906,1.01,411.1,130.43,6.0,2.86,2026-05-22,2026-05-22 10:42:50
3379,彬台,42.8,41.5,43.3,41.1,78.6,65.89,59.55,0.99,0.32,0.67,43.91,38.14,32.38,1282,2614,0.49,16.28,20.28,0.8,1.87,2026-05-22,2026-05-22 10:42:51
3380,明泰,34.15,33.0,34.3,32.95,69.01,45.95,52.07,-1.02,-1.21,0.19,35.64,32.92,30.19,5373,3131,1.72,185.0,21.34,1.0,2.93,2026-05-22,2026-05-22 10:42:51
3388,崇越電,102.0,100.5,104.0,99.9,14.57,16.4,40.3,1.82,4.99,-3.17,124.37,107.69,91.01,1309,1258,1.04,75.54,27.2,3.5,3.43,2026-05-22,2026-05-22 10:42:52
3390,旭軟,28.65,28.35,29.0,28.0,65.79,53.78,66.36,0.83,0.85,-0.03,29.44,27.03,24.63,2117,1779,1.19,22.62,,1.0,3.49,2026-05-22,2026-05-22 10:42:53
3402,漢科,139.5,137.5,140.0,136.5,44.79,33.28,52.11,1.52,2.19,-0.67,146.76,136.95,127.14,645,451,1.43,101.9,18.75,5.0,3.58,2026-05-22,2026-05-22 10:42:55
3406,玉晶光,576.0,577.0,585.0,570.0,65.19,61.96,59.18,22.25,19.56,2.7,591.8,533.45,475.1,1964,3093,0.63,649.4,17.58,18.0,3.12,2026-05-22,2026-05-22 10:42:55
3413,京鼎,325.0,327.5,328.5,324.0,59.51,57.64,50.35,2.62,2.05,0.57,330.52,316.5,302.48,1105,1888,0.59,359.36,15.68,10.98,3.38,2026-05-22,2026-05-22 10:42:56
3416,融程電,183.0,173.5,190.0,173.0,59.26,52.42,66.92,4.93,4.13,0.8,181.05,164.88,148.7,1897,828,2.29,147.3,25.77,5.5,3.01,2026-05-22,2026-05-22 10:42:57
3419,譁裕,14.0,13.9,14.3,13.45,32.46,20.91,17.5,-0.48,-0.42,-0.06,16.49,14.73,12.96,558,311,1.79,16.87,26.42,,,2026-05-22,2026-05-22 10:42:58
3426,台興,47.8,47.7,47.8,47.7,55.15,51.74,80.0,0.05,0.05,-0.0,47.77,47.7,47.62,18,12,1.48,12.62,20.17,2.5,5.23,2026-05-22,2026-05-22 10:42:59
3430,奇鈦科,183.5,180.5,184.5,176.0,64.52,63.31,75.13,20.17,20.49,-0.33,199.78,151.78,103.77,5160,3828,1.35,61.87,58.63,2.5,1.36,2026-05-22,2026-05-22 10:43:00
3432,台端,19.15,19.0,19.15,18.6,20.65,18.56,35.95,0.27,0.53,-0.26,22.43,20.08,17.74,73,75,0.98,8.09,,,,2026-05-22,2026-05-22 10:43:01
3434,哲固,29.0,28.5,29.0,28.5,55.83,35.14,50.0,-0.28,-0.27,-0.01,29.72,28.79,27.87,64,61,1.05,10.37,63.04,0.44,1.52,2026-05-22,2026-05-22 10:43:02
3437,榮創,26.15,25.1,26.6,25.0,49.49,35.15,41.85,0.28,0.53,-0.25,28.19,25.33,22.47,4686,2287,2.05,37.8,,,,2026-05-22,2026-05-22 10:43:03
3438,類比科,71.4,68.3,71.5,68.0,76.11,69.15,71.87,4.94,4.58,0.36,73.25,62.44,51.63,955,871,1.1,33.68,72.12,1.5,2.1,2026-05-22,2026-05-22 10:43:04
3441,聯一光,52.2,52.5,53.4,51.5,88.08,81.62,79.81,4.26,3.0,1.25,52.53,40.36,28.2,5677,6667,0.85,20.9,49.25,0.75,1.44,2026-05-22,2026-05-22 10:43:05
3443,創意,5140.0,5105.0,5195.0,4955.0,36.83,37.78,56.57,398.67,487.77,-89.1,5860.01,4813.0,3765.99,2674,2679,1.0,6888.17,184.49,16.0,0.31,2026-05-22,2026-05-22 10:43:06
3444,利機,97.0,95.1,97.8,95.1,60.64,55.41,62.99,4.22,4.73,-0.5,99.13,90.9,82.68,543,728,0.75,43.65,45.33,2.0,2.06,2026-05-22,2026-05-22 10:43:07
3447,展達,38.05,38.05,38.5,37.4,47.18,33.86,44.02,-0.51,-0.53,0.02,40.02,37.64,35.25,254,212,1.2,29.47,23.93,1.1,2.89,2026-05-22,2026-05-22 10:43:08
3450,聯鈞,459.5,455.0,460.0,450.0,67.19,62.77,67.93,31.79,29.12,2.67,494.58,381.48,268.37,2928,2810,1.04,669.4,92.45,0.5,0.11,2026-05-22,2026-05-22 10:43:09
3455,由田,293.0,306.0,306.5,291.5,67.78,60.44,56.57,26.22,28.22,-2.0,329.6,268.27,206.95,4062,1212,3.35,175.36,109.74,7.0,2.39,2026-05-22,2026-05-22 10:43:17
3465,進泰電子,27.75,27.05,28.3,27.05,25.68,18.89,28.3,-2.26,-2.47,0.21,34.18,29.21,24.24,40,54,0.73,9.8,693.75,2.0,7.21,2026-05-22,2026-05-22 10:43:19
3466,德晉,33.8,35.3,35.3,33.3,7.61,11.04,35.71,-0.85,-0.15,-0.7,42.17,38.12,34.07,1465,722,2.03,26.33,,,,2026-05-22,2026-05-22 10:43:20
3467,台灣精材,63.8,62.1,64.3,61.9,24.32,28.17,43.38,2.55,3.95,-1.4,73.77,64.23,54.7,280,220,1.27,19.85,110.0,0.82,1.29,2026-05-22,2026-05-22 10:43:21
3479,安勤,125.5,117.5,128.0,116.5,87.52,81.46,86.92,6.25,3.7,2.55,117.73,99.4,81.07,6000,3165,1.9,91.06,20.68,5.2,4.14,2026-05-22,2026-05-22 10:43:22
3481,群創,44.65,42.45,44.65,42.35,92.58,88.32,85.13,3.97,2.79,1.18,44.9,31.72,18.54,387978,636769,0.61,3563.54,1488.33,1.0,2.24,2026-05-22,2026-05-22 10:43:23
3483,力致,94.6,92.5,95.5,92.3,59.6,37.18,51.96,0.47,0.72,-0.26,98.95,91.83,84.72,1336,825,1.62,92.75,25.64,3.5,3.7,2026-05-22,2026-05-22 10:43:24
3484,崧騰,44.15,44.8,44.8,43.45,65.91,49.23,44.26,-0.48,-0.57,0.09,46.06,44.12,42.18,404,296,1.36,34.8,11.09,2.44,5.53,2026-05-22,2026-05-22 10:43:25
3485,敘豐,265.0,225.5,265.0,225.5,28.93,26.41,35.7,-6.56,2.44,-9.0,350.5,292.38,234.25,424,502,0.84,102.27,45.22,5.5,2.08,2026-05-22,2026-05-22 10:43:26
3489,森寶,22.0,22.0,22.0,21.85,34.02,33.76,50.0,-0.16,-0.16,-0.01,22.54,22.07,21.6,90,97,0.93,19.9,,0.5,2.27,2026-05-22,2026-05-22 10:43:27
3490,單井,43.5,42.6,44.75,41.15,87.07,81.4,90.96,3.19,2.2,0.99,41.92,33.13,24.34,13085,8127,1.61,23.93,870.0,1.0,2.3,2026-05-22,2026-05-22 10:43:28
3491,昇達科,1930.0,1850.0,1980.0,1825.0,69.97,62.35,61.42,60.55,43.13,17.41,1914.74,1698.5,1482.26,3580,3486,1.03,1327.94,254.28,6.49,0.34,2026-05-22,2026-05-22 10:43:29
3492,長盛,22.6,22.4,22.75,22.05,38.26,27.11,50.88,-0.29,-0.31,0.01,23.16,22.57,21.98,126,68,1.85,8.03,12.84,1.0,4.42,2026-05-22,2026-05-22 10:43:30
3494,誠研,7.95,7.98,7.99,7.75,62.97,46.61,58.16,-0.11,-0.12,0.01,8.25,7.81,7.37,352,150,2.34,7.54,,,,2026-05-22,2026-05-22 10:43:31
3498,陽程,160.0,152.0,160.0,149.5,90.39,87.77,80.69,18.61,14.4,4.22,167.2,112.22,57.24,1320,2932,0.45,96.66,333.33,,,2026-05-22,2026-05-22 10:43:32
3499,環天科,14.7,14.9,15.0,14.6,51.11,39.52,31.37,-0.57,-0.61,0.04,16.24,15.2,14.16,102,59,1.72,8.08,,,,2026-05-22,2026-05-22 10:43:33
3501,維熹,40.05,40.3,40.3,39.9,15.88,15.44,21.63,-2.18,-1.68,-0.49,51.37,44.28,37.18,333,340,0.98,47.36,13.44,4.0,9.99,2026-05-22,2026-05-22 10:43:34
3504,揚明光,83.4,86.1,86.4,82.5,79.36,75.87,75.75,5.43,3.72,1.71,85.04,69.82,54.6,4144,6659,0.62,95.13,333.6,,,2026-05-22,2026-05-22 10:43:35
3508,位速,20.1,19.75,20.35,19.6,29.27,25.68,39.62,-2.47,-2.81,0.35,25.67,21.77,17.87,223,224,1.0,20.75,,,,2026-05-22,2026-05-22 10:43:36
3511,矽瑪,21.45,20.05,21.5,19.95,35.7,20.94,39.6,-0.09,0.11,-0.2,23.85,21.35,18.85,597,263,2.27,17.15,,,,2026-05-22,2026-05-22 10:43:37
3512,皇龍,20.35,20.3,20.35,20.2,53.83,41.46,25.93,-0.27,-0.25,-0.02,21.8,20.7,19.6,72,55,1.32,23.01,8.37,1.2,5.9,2026-05-22,2026-05-22 10:43:38
3515,華擎,232.0,227.5,232.0,225.0,41.42,26.86,46.6,0.03,1.61,-1.58,248.52,232.45,216.38,679,632,1.08,286.62,15.28,11.0,4.74,2026-05-22,2026-05-22 10:43:39
3516,亞帝歐,23.1,23.65,23.65,23.0,59.19,63.41,63.4,0.98,0.84,0.14,25.0,21.67,18.34,127,217,0.58,13.76,85.56,0.25,1.08,2026-05-22,2026-05-22 10:43:40
3518,柏騰,35.65,34.15,35.75,33.8,32.61,30.08,53.64,1.77,2.42,-0.66,39.73,34.34,28.95,1403,1221,1.15,36.56,,,,2026-05-22,2026-05-22 10:43:41
3520,華盈,15.1,15.05,15.3,14.9,34.11,34.9,59.57,0.12,0.15,-0.03,15.69,15.08,14.47,303,239,1.27,10.4,,0.1,0.66,2026-05-22,2026-05-22 10:43:42
3521,台鋼建設,13.05,13.05,13.2,13.0,26.4,19.55,33.82,-0.29,-0.24,-0.05,14.78,13.59,12.4,48,36,1.31,24.24,,,,2026-05-22,2026-05-22 10:43:43
3522,御嵿,12.4,12.25,12.4,12.25,35.82,45.69,46.15,-0.14,-0.15,0.01,12.9,12.56,12.21,110,77,1.41,10.43,,,,2026-05-22,2026-05-22 10:43:48
3523,迎輝,9.99,9.56,10.0,9.56,13.81,18.25,24.82,-0.97,-0.78,-0.19,14.44,11.89,9.35,18,20,0.89,6.42,,,,2026-05-22,2026-05-22 10:43:49
3526,凡甲,366.5,371.5,374.5,363.5,31.71,42.2,51.29,20.32,23.67,-3.35,424.2,355.12,286.05,524,614,0.85,240.5,23.75,16.84,4.59,2026-05-22,2026-05-22 10:43:50
3527,聚積,61.3,59.0,61.5,58.0,36.86,28.19,56.56,0.48,0.86,-0.38,64.21,59.61,55.01,308,216,1.42,27.24,3.25,,,2026-05-22,2026-05-22 10:43:51
3528,安馳,93.8,86.8,93.8,85.4,64.68,52.56,64.33,3.76,3.59,0.18,91.86,82.9,73.94,1911,773,2.47,62.5,41.14,3.0,3.2,2026-05-22,2026-05-22 10:43:52
3529,力旺,3625.0,3700.0,3765.0,3600.0,21.7,20.06,39.22,4.27,131.7,-127.43,4732.26,3968.0,3203.74,503,926,0.54,2707.4,141.6,22.0,0.61,2026-05-22,2026-05-22 10:43:53
3530,晶相光,69.0,69.1,69.7,67.0,37.23,33.71,54.98,1.35,1.51,-0.16,71.31,66.79,62.27,384,279,1.37,53.46,39.66,,,2026-05-22,2026-05-22 10:43:54
3531,先益,23.35,22.75,23.35,22.75,71.14,69.72,79.17,0.31,0.34,-0.03,23.65,23.16,22.67,3,4,0.7,14.28,80.52,0.8,3.43,2026-05-22,2026-05-22 10:43:55
3532,台勝科,248.5,235.0,248.5,235.0,43.23,41.15,61.14,13.93,17.48,-3.55,286.53,222.97,159.42,1358,988,1.37,963.8,157.28,1.8,0.72,2026-05-22,2026-05-22 10:43:56
3533,嘉澤,2555.0,2600.0,2625.0,2480.0,35.25,31.28,48.2,22.96,62.82,-39.85,2918.68,2583.0,2247.32,1518,1567,0.97,2867.29,36.53,41.72,1.63,2026-05-22,2026-05-22 10:43:57
3535,晶彩科,127.5,125.0,128.0,124.5,49.01,37.73,39.02,0.31,0.93,-0.62,142.36,127.17,111.99,2529,5668,0.45,100.79,579.55,0.5,0.39,2026-05-22,2026-05-22 10:43:58
3537,堡達,69.8,69.8,69.8,69.8,93.34,86.08,91.93,4.64,2.47,2.17,64.38,49.31,34.25,1277,2620,0.49,39.26,27.92,2.3,3.3,2026-05-22,2026-05-22 10:43:59
3540,曜越,26.25,25.65,26.5,25.65,18.92,16.55,36.43,-0.53,-0.36,-0.17,29.47,27.21,24.95,262,223,1.18,19.02,35.47,0.3,1.14,2026-05-22,2026-05-22 10:44:00
3541,西柏,22.9,22.9,22.9,22.8,40.86,33.54,28.0,-0.27,-0.28,0.0,23.81,23.19,22.57,34,43,0.81,12.76,,,,2026-05-22,2026-05-22 10:44:01
3543,州巧,37.0,35.3,37.7,35.2,29.45,19.28,34.52,-2.15,-2.1,-0.05,42.57,38.52,34.48,1243,1085,1.15,40.43,,0.48,1.3,2026-05-22,2026-05-22 10:44:02
3545,敦泰,61.6,61.2,62.0,59.8,79.82,70.62,74.53,2.53,2.09,0.44,61.96,55.04,48.12,4388,3304,1.33,132.16,,1.74,2.82,2026-05-22,2026-05-22 10:44:03
3546,宇峻,81.3,80.5,81.4,79.2,82.48,73.66,80.85,2.79,1.46,1.33,83.05,72.69,62.33,682,1175,0.58,47.5,41.48,4.1,5.04,2026-05-22,2026-05-22 10:44:04
3548,兆利,98.8,98.4,99.6,96.9,46.2,30.54,43.84,-0.14,0.84,-0.98,107.7,99.73,91.76,477,415,1.15,66.93,48.43,2.0,2.02,2026-05-22,2026-05-22 10:44:05
3550,聯穎,21.75,21.35,22.2,21.2,43.83,33.29,51.83,0.3,0.38,-0.07,23.22,20.79,18.37,3200,2172,1.47,23.39,,,,2026-05-22,2026-05-22 10:44:06
3551,世禾,202.5,199.5,204.0,198.5,23.54,29.55,54.67,2.13,4.41,-2.28,220.67,204.9,189.13,1276,893,1.43,125.02,24.49,3.34,1.65,2026-05-22,2026-05-22 10:44:07
3552,同致,53.3,53.2,53.3,52.6,23.9,19.59,46.88,-0.54,-0.14,-0.39,57.25,54.26,51.28,179,197,0.91,52.19,79.55,0.77,1.44,2026-05-22,2026-05-22 10:44:08
3555,博士旺,235.5,235.5,235.5,235.5,47.47,24.86,37.17,0.08,3.79,-3.71,273.75,229.35,184.95,232,170,1.36,94.2,182.56,,,2026-05-22,2026-05-22 10:44:09
3556,禾瑞亞,54.7,54.6,54.7,52.9,58.15,45.33,61.64,1.15,1.33,-0.18,55.22,52.37,49.52,627,440,1.42,34.85,25.68,2.08,3.8,2026-05-22,2026-05-22 10:44:10
3557,嘉威,25.9,24.5,25.9,24.1,14.28,12.39,31.98,-1.52,-1.21,-0.31,32.8,28.13,23.46,427,200,2.13,21.84,2590.0,2.5,9.65,2026-05-22,2026-05-22 10:44:11
3558,神準,127.0,121.0,128.0,120.5,68.92,61.21,72.62,1.87,0.21,1.66,123.94,113.53,103.11,547,641,0.85,75.01,24.52,3.0,2.36,2026-05-22,2026-05-22 10:44:12
3563,牧德,896.0,935.0,939.0,891.0,69.13,58.68,51.43,13.43,10.79,2.63,935.29,859.9,784.51,4203,3332,1.26,573.09,56.82,5.55,0.62,2026-05-22,2026-05-22 10:44:13
3564,其陽,45.3,42.75,46.15,41.4,51.48,37.47,63.32,0.08,-0.26,0.34,43.66,41.14,38.63,757,247,3.06,26.78,69.69,0.89,1.96,2026-05-22,2026-05-22 10:44:14
3567,逸昌,28.9,29.0,29.2,28.7,29.24,23.73,35.34,0.33,0.47,-0.14,30.94,28.63,26.33,228,186,1.23,9.81,27.26,1.8,6.23,2026-05-22,2026-05-22 10:44:15
3570,大塚,172.5,173.0,174.5,171.0,33.44,39.69,69.39,1.66,1.2,0.47,177.77,168.22,158.68,46,30,1.52,29.49,12.44,9.7,5.62,2026-05-22,2026-05-22 10:44:16
3576,聯合再生,18.25,17.55,18.45,17.2,54.48,60.38,64.47,-0.03,-0.33,0.3,19.3,16.74,14.17,29208,37218,0.78,296.88,14.04,,,2026-05-22,2026-05-22 10:44:17
3577,泓格,145.5,143.0,145.5,135.5,92.21,88.2,89.97,14.91,10.23,4.68,140.99,100.91,60.84,2036,2583,0.79,93.07,61.65,1.5,1.03,2026-05-22,2026-05-22 10:44:18
3580,友威科,104.0,100.5,109.0,99.2,58.05,66.06,56.32,6.25,6.05,0.2,113.11,94.57,76.02,4633,6434,0.72,41.02,53.89,3.0,2.88,2026-05-22,2026-05-22 10:44:19
3581,博磊,248.0,248.0,248.0,248.0,67.36,59.22,67.59,27.17,29.86,-2.69,268.18,207.82,147.47,357,291,1.23,126.49,306.17,0.5,0.2,2026-05-22,2026-05-22 10:44:20
3583,辛耘,875.0,881.0,916.0,867.0,36.55,46.13,59.86,55.99,68.79,-12.8,969.3,836.65,704.0,2129,1871,1.14,703.16,65.54,6.0,0.69,2026-05-22,2026-05-22 10:44:21
3587,閎康,342.0,333.5,349.5,333.0,25.04,35.47,51.55,10.78,16.76,-5.98,383.69,339.73,295.76,2067,1555,1.33,238.81,57.77,6.92,2.02,2026-05-22,2026-05-22 10:44:23
3588,通嘉,63.1,63.3,64.0,62.0,59.8,45.87,54.42,1.38,1.7,-0.31,64.42,61.51,58.61,727,561,1.29,39.12,126.2,1.2,1.9,2026-05-22,2026-05-22 10:44:23
3591,艾笛森,26.75,26.3,27.05,26.05,80.86,71.57,71.43,0.86,0.68,0.18,26.54,24.18,21.82,3865,3464,1.12,37.98,46.93,0.74,2.77,2026-05-22,2026-05-22 10:44:24
3592,瑞鼎,265.5,268.5,269.5,262.5,65.59,58.2,66.26,7.53,6.91,0.62,272.06,249.3,226.54,905,705,1.28,201.4,14.83,22.2,8.36,2026-05-22,2026-05-22 10:44:25
3593,力銘,17.45,16.5,17.65,16.5,42.13,37.13,23.33,0.21,0.52,-0.32,20.41,18.62,16.83,22,21,1.03,10.61,,,,2026-05-22,2026-05-22 10:44:26
3594,磐儀,52.0,51.4,52.6,50.8,27.6,27.22,42.86,0.81,1.64,-0.83,57.58,52.47,47.36,691,580,1.19,49.6,106.12,0.8,1.54,2026-05-22,2026-05-22 10:44:27
3595,山太士,2865.0,2880.0,2910.0,2755.0,62.44,54.73,58.62,166.37,195.93,-29.56,2932.72,2644.25,2355.78,549,583,0.94,971.62,631.06,1.0,0.03,2026-05-22,2026-05-22 10:44:28
3596,智易,189.0,186.0,189.0,184.0,80.65,75.98,74.26,3.63,2.11,1.52,193.65,174.05,154.45,1805,1631,1.11,416.47,15.19,9.0,4.76,2026-05-22,2026-05-22 10:44:29
3597,映興,28.2,28.3,28.6,27.85,49.87,49.23,68.97,0.84,0.73,0.11,29.04,26.22,23.4,89,147,0.61,11.0,82.94,0.85,3.01,2026-05-22,2026-05-22 10:44:30
3605,宏致,80.9,81.8,82.2,80.7,54.8,41.96,41.03,2.32,3.32,-0.99,90.57,81.9,73.23,5083,5204,0.98,140.24,20.23,0.71,0.88,2026-05-22,2026-05-22 10:44:31
3607,谷崧,14.95,14.6,15.05,14.55,60.97,44.0,60.78,-0.01,-0.03,0.02,14.96,14.5,14.04,856,473,1.81,18.19,747.5,0.7,4.68,2026-05-22,2026-05-22 10:44:32
3609,三一東林,28.35,28.05,29.0,27.95,80.75,82.1,82.35,0.75,0.01,0.74,30.43,24.91,19.38,326,310,1.05,10.85,4.42,,,2026-05-22,2026-05-22 10:44:33
3611,鼎翰,187.5,187.5,188.0,187.0,25.29,29.52,48.15,-0.32,-0.03,-0.29,191.41,188.97,186.54,45,54,0.83,89.03,9.63,9.98,5.32,2026-05-22,2026-05-22 10:44:34
3615,安可,47.55,44.15,47.55,44.15,86.58,81.84,82.06,3.14,1.85,1.29,46.27,35.86,25.46,15562,13736,1.13,32.56,57.99,0.3,0.63,2026-05-22,2026-05-22 10:44:35
3617,碩天,200.5,200.0,201.5,196.0,53.74,42.12,59.43,2.49,2.68,-0.19,201.88,193.12,184.37,407,252,1.62,190.01,13.94,15.0,7.48,2026-05-22,2026-05-22 10:44:36
3622,洋華,55.9,54.8,56.1,54.8,40.98,31.96,50.83,-0.51,-0.52,0.01,57.51,55.31,53.12,514,301,1.71,84.59,9.19,3.0,5.37,2026-05-22,2026-05-22 10:44:37
3623,富晶通,24.3,23.35,24.55,23.35,59.12,39.12,61.22,-0.0,-0.11,0.1,24.0,23.09,22.19,274,167,1.64,7.09,,,,2026-05-22,2026-05-22 10:44:38
3624,光頡,91.5,91.7,92.8,89.0,83.02,86.03,94.74,10.0,6.79,3.21,97.7,66.44,35.17,3998,27106,0.15,107.37,49.46,1.23,1.34,2026-05-22,2026-05-22 10:44:39
3625,西勝,14.8,14.8,14.8,14.45,54.95,36.86,28.92,-0.72,-0.69,-0.03,18.06,15.48,12.9,304,294,1.03,16.27,,,,2026-05-22,2026-05-22 10:44:40
3628,盈正,64.4,63.9,64.5,63.0,22.52,15.4,34.51,-1.28,-0.83,-0.45,71.16,66.25,61.34,79,110,0.72,28.98,16.1,2.0,3.11,2026-05-22,2026-05-22 10:44:41
3629,地心引力,16.1,16.55,16.55,16.1,7.41,19.19,49.07,-0.31,-0.32,0.01,17.98,16.62,15.25,9,2,3.21,5.31,,,,2026-05-22,2026-05-22 10:44:42
3630,新鉅科,27.6,27.8,27.8,26.95,65.94,43.46,48.87,-0.58,-0.75,0.16,28.95,26.98,25.0,830,1004,0.83,56.36,14.84,,,2026-05-22,2026-05-22 10:44:43
3631,晟楠,37.8,38.05,38.45,37.5,18.51,26.98,46.67,1.48,2.07,-0.58,41.02,38.79,36.55,205,151,1.36,30.93,,,,2026-05-22,2026-05-22 10:44:44
3632,研勤,7.35,7.32,7.35,7.32,3.43,3.37,0.69,-0.42,-0.32,-0.1,9.37,8.35,7.33,30,30,1.0,3.01,,,,2026-05-22,2026-05-22 10:44:45
3645,達邁,109.0,109.5,112.0,107.0,53.24,55.98,61.43,4.48,4.86,-0.39,113.43,103.64,93.85,9533,10046,0.95,149.06,71.24,1.19,1.09,2026-05-22,2026-05-22 10:44:46
3646,艾恩特,23.4,23.4,23.4,23.2,18.01,20.22,51.79,-0.06,-0.1,0.04,23.87,23.37,22.87,9,17,0.53,9.2,41.79,1.65,7.05,2026-05-22,2026-05-22 10:44:47
3652,精聯,31.35,30.0,31.8,30.0,44.28,30.54,58.46,0.41,0.47,-0.06,32.21,30.37,28.53,155,90,1.72,23.54,23.4,0.6,1.91,2026-05-22,2026-05-22 10:44:48
3653,健策,3660.0,3505.0,3660.0,3475.0,34.98,21.29,28.59,-301.71,-198.9,-102.81,5829.36,4134.5,2439.64,638,903,0.71,5370.42,100.83,14.5,0.4,2026-05-22,2026-05-22 10:44:49
3661,世芯-KY,4895.0,4955.0,4960.0,4750.0,36.58,39.11,61.3,303.9,340.91,-37.02,5382.92,4574.25,3765.58,1642,1681,0.98,4018.37,72.31,36.74,0.75,2026-05-22,2026-05-22 10:44:50
3663,鑫科,86.9,84.5,90.9,83.3,76.14,64.91,64.95,3.02,1.26,1.76,85.13,72.46,59.78,16857,12951,1.3,94.28,98.75,0.4,0.46,2026-05-22,2026-05-22 10:44:51
3664,安瑞-KY,9.15,9.66,9.66,9.0,39.72,46.95,69.93,0.05,-0.21,0.26,10.97,7.6,4.24,32,59,0.54,6.58,,,,2026-05-22,2026-05-22 10:44:52
3665,貿聯-KY,2225.0,2255.0,2270.0,2200.0,20.73,18.41,27.86,-58.07,32.5,-90.58,3209.31,2527.5,1845.69,2288,3027,0.76,4340.51,48.03,10.51,0.47,2026-05-22,2026-05-22 10:44:53
3666,光耀,27.25,27.5,27.5,26.8,35.93,46.25,53.94,0.37,0.45,-0.08,29.46,27.09,24.72,123,84,1.45,24.4,,,,2026-05-22,2026-05-22 10:44:54
3669,圓展,38.5,37.0,38.7,37.0,21.57,16.07,27.67,-0.04,0.33,-0.37,42.43,38.72,35.02,306,212,1.44,35.77,34.07,1.7,4.42,2026-05-22,2026-05-22 10:44:55
3672,康聯訊,11.4,11.35,11.65,11.0,55.18,38.65,25.0,-0.09,-0.05,-0.04,12.82,11.53,10.24,77,46,1.67,4.65,,,,2026-05-22,2026-05-22 10:44:56
3673,TPK-KY,77.0,75.5,81.6,74.8,78.13,73.17,71.31,4.71,3.68,1.03,76.16,64.24,52.32,46420,41271,1.12,313.13,28.41,0.8,1.04,2026-05-22,2026-05-22 10:44:57
3675,德微,319.5,316.5,321.0,305.0,86.3,81.12,78.09,25.78,17.7,8.07,316.61,247.65,178.69,2260,3530,0.64,169.52,120.11,5.15,1.61,2026-05-22,2026-05-22 10:44:58
3679,新至陞,119.5,118.5,120.0,117.5,50.52,35.22,52.17,-0.4,-0.31,-0.09,121.44,118.92,116.41,75,47,1.57,75.31,12.27,10.0,8.37,2026-05-22,2026-05-22 10:44:58
3680,家登,568.0,550.0,581.0,541.0,37.07,37.1,50.72,24.33,32.64,-8.31,640.29,546.83,453.36,2456,2929,0.84,545.51,60.36,6.9,1.21,2026-05-22,2026-05-22 10:45:00
3684,榮昌,61.5,61.3,62.6,60.8,66.54,59.29,57.14,0.48,0.15,0.32,61.68,59.15,56.62,202,112,1.8,18.64,18.04,2.3,3.74,2026-05-22,2026-05-22 10:45:01
3685,元創精密,30.0,27.55,30.0,27.5,50.41,31.31,48.17,-0.89,-0.83,-0.06,32.98,29.57,26.17,779,329,2.36,23.87,,,,2026-05-22,2026-05-22 10:45:02
3686,達能,18.25,16.8,18.3,16.8,30.16,20.58,55.14,-0.16,-0.21,0.05,18.21,17.39,16.57,813,430,1.89,13.96,,,,2026-05-22,2026-05-22 10:45:03
3687,歐買尬,69.7,70.9,70.9,69.2,76.33,56.46,63.45,0.13,-0.63,0.76,70.47,65.98,61.49,178,377,0.47,20.95,18.49,1.56,2.24,2026-05-22,2026-05-22 10:45:04
3689,湧德,123.5,122.5,124.0,121.5,44.42,28.35,33.33,-1.96,-0.76,-1.2,141.99,127.17,112.36,1824,1869,0.98,108.43,16.96,2.92,2.36,2026-05-22,2026-05-22 10:45:05
3691,碩禾,143.5,143.5,146.5,140.5,34.76,51.44,58.24,7.55,7.72,-0.18,165.91,134.57,103.24,1629,3338,0.49,131.85,,,,2026-05-22,2026-05-22 10:45:06
3693,營邦,589.0,589.0,589.0,589.0,39.11,22.43,39.34,-11.68,-0.77,-10.91,703.01,599.7,496.39,531,1038,0.51,253.22,38.42,11.0,1.87,2026-05-22,2026-05-22 10:45:07
3694,海華,70.5,70.7,72.0,69.6,82.54,69.48,66.79,2.38,1.05,1.34,70.91,61.62,52.33,5814,9618,0.6,109.23,17.67,1.48,2.1,2026-05-22,2026-05-22 10:45:08
3701,大眾控,57.0,55.1,57.5,54.8,24.59,17.3,31.68,-2.24,-1.22,-1.02,71.52,61.17,50.82,2703,2518,1.07,134.88,,0.2,0.35,2026-05-22,2026-05-22 10:45:09
3702,大聯大,118.0,125.0,126.0,117.5,61.9,62.1,65.88,6.05,5.46,0.59,123.33,108.1,92.87,15690,19020,0.82,1981.37,21.11,3.2,2.71,2026-05-22,2026-05-22 10:45:10
3703,欣陸,20.15,20.2,20.25,20.0,26.47,22.94,38.89,-0.41,-0.43,0.02,21.14,20.5,19.86,1127,1046,1.08,165.88,11.19,1.05,5.21,2026-05-22,2026-05-22 10:45:10
3704,合勤控,44.0,41.45,44.4,39.7,88.12,81.38,88.75,1.6,0.91,0.69,41.82,36.61,31.39,13669,7314,1.87,178.0,28.21,0.3,0.68,2026-05-22,2026-05-22 10:45:11
3705,永信,55.7,55.6,55.8,55.5,46.87,54.6,60.71,0.22,0.23,-0.01,56.24,55.52,54.81,186,195,0.95,148.37,16.83,3.0,5.39,2026-05-22,2026-05-22 10:45:12
3706,神達,87.8,84.3,88.4,83.6,52.81,37.47,60.79,0.39,0.39,-0.01,88.74,83.23,77.71,37071,15377,2.41,1165.29,17.12,1.0,1.14,2026-05-22,2026-05-22 10:45:13
3707,漢磊,83.5,81.0,85.8,80.5,54.98,53.68,65.81,5.42,5.13,0.29,87.76,71.84,55.93,30751,18766,1.64,331.05,278.33,,,2026-05-22,2026-05-22 10:45:14
3708,上緯投控,126.0,126.0,128.0,125.0,59.23,44.53,56.96,0.51,-0.08,0.6,126.91,119.55,112.19,1319,1419,0.93,113.45,21.21,2.35,1.87,2026-05-22,2026-05-22 10:45:15
3709,鑫聯大投控,88.2,87.6,90.4,87.5,53.39,39.4,54.08,2.76,3.0,-0.24,90.56,83.54,76.53,3287,3099,1.06,110.75,12.41,1.0,1.13,2026-05-22,2026-05-22 10:45:16
3710,連展投控,6.39,6.21,6.6,6.19,49.93,45.72,39.33,-0.13,-0.11,-0.03,7.3,6.55,5.79,420,386,1.09,18.36,,,,2026-05-22,2026-05-22 10:45:17
3711,日月光投控,561.0,535.0,561.0,524.0,47.44,40.89,56.92,22.59,28.17,-5.58,572.86,517.12,461.39,31149,26724,1.17,24616.07,55.0,5.3,0.94,2026-05-22,2026-05-22 10:45:18
3712,永崴投控,16.15,15.8,16.45,15.3,17.27,15.25,30.39,-1.33,-0.95,-0.38,23.02,18.74,14.46,1604,3054,0.53,39.77,,3.0,18.58,2026-05-22,2026-05-22 10:45:19
3713,新晶投控,12.95,13.0,13.0,12.7,27.72,29.13,19.05,-0.73,-0.68,-0.05,15.53,14.04,12.56,90,90,1.0,11.41,,,,2026-05-22,2026-05-22 10:45:20
3714,富采,81.4,75.8,81.4,74.5,64.7,44.24,53.85,2.84,3.03,-0.2,79.69,71.2,62.71,76460,31231,2.45,599.64,8140.0,0.9,1.11,2026-05-22,2026-05-22 10:45:21
3715,定穎投控,174.5,165.5,178.5,165.5,28.69,21.76,47.27,-3.23,-1.36,-1.87,194.42,177.6,160.78,13202,9280,1.42,494.84,64.39,1.5,0.86,2026-05-22,2026-05-22 10:45:22
3716,中化控股,34.35,34.6,34.75,34.3,48.79,52.26,70.15,0.42,0.35,0.07,36.0,33.51,31.02,186,198,0.94,50.2,14.43,1.02,2.97,2026-05-22,2026-05-22 10:45:23
3717,聯嘉投控,24.65,24.1,25.0,24.05,64.62,53.72,76.57,0.63,0.48,0.15,25.34,22.1,18.85,4689,3168,1.48,51.23,,0.3,1.22,2026-05-22,2026-05-22 10:45:24
4102,永日,17.55,17.3,17.7,17.3,44.07,30.64,42.11,-0.47,-0.48,0.01,19.03,17.77,16.5,96,93,1.03,7.44,,1.15,6.55,2026-05-22,2026-05-22 10:45:25
4104,佳醫,70.4,70.8,70.8,70.0,69.99,46.74,45.76,-0.83,-0.96,0.12,73.35,70.47,67.59,158,291,0.54,132.61,15.3,4.3,6.11,2026-05-22,2026-05-22 10:45:26
4105,東洋,74.1,74.1,74.4,73.5,28.08,41.87,52.38,-0.01,0.02,-0.02,76.33,74.24,72.16,812,510,1.59,184.25,11.84,4.5,6.07,2026-05-22,2026-05-22 10:45:27
4106,雃博,23.3,23.1,23.35,23.05,72.39,67.65,70.83,0.21,0.12,0.09,23.47,22.56,21.65,103,91,1.12,23.51,19.58,0.8,3.43,2026-05-22,2026-05-22 10:45:28
4107,邦特,116.5,116.5,117.0,115.5,25.25,37.49,56.0,-0.31,-0.22,-0.08,120.69,117.2,113.71,189,137,1.37,80.73,15.03,5.5,4.72,2026-05-22,2026-05-22 10:45:29
4108,懷特,12.9,12.45,13.15,12.4,50.36,31.32,64.0,-0.14,-0.24,0.09,12.72,12.08,11.43,948,423,2.24,25.62,,,,2026-05-22,2026-05-22 10:45:30
4109,加捷生醫,11.5,11.6,11.75,11.4,73.26,59.73,45.71,-0.22,-0.29,0.07,11.86,11.49,11.13,157,230,0.68,13.65,26.74,0.5,4.35,2026-05-22,2026-05-22 10:45:31
4111,濟生,30.0,30.1,30.15,29.95,29.61,44.61,63.64,0.2,0.19,0.01,30.71,29.86,29.01,53,104,0.51,17.95,11.03,1.0,3.33,2026-05-22,2026-05-22 10:45:32
4113,聯上,15.45,15.5,15.5,15.05,46.9,37.04,57.14,-0.31,-0.47,0.16,16.09,14.94,13.79,250,219,1.14,35.71,,0.85,5.5,2026-05-22,2026-05-22 10:45:33
4114,健喬,30.8,30.95,31.05,30.75,33.15,30.03,51.61,-0.14,-0.14,0.0,31.14,30.86,30.57,842,704,1.2,155.52,18.55,0.6,1.95,2026-05-22,2026-05-22 10:45:34
4115,善德生技,8.41,8.51,8.59,8.15,18.58,26.08,42.97,-0.05,0.14,-0.2,10.35,9.19,8.03,57,153,0.38,5.05,,,,2026-05-22,2026-05-22 10:45:35
4116,明基醫,37.8,38.0,38.05,37.6,23.16,14.82,17.65,-0.66,-0.51,-0.15,40.68,38.81,36.95,52,50,1.04,16.85,21.6,1.65,4.37,2026-05-22,2026-05-22 10:45:36
4117,普生,4.15,4.3,4.3,4.3,42.1,42.1,,-0.15,-0.22,0.07,4.3,4.3,4.3,0,0,,2.94,0.56,,,2026-05-21,2026-05-22 10:45:37
4119,旭富,42.25,43.0,43.0,42.2,38.16,26.47,26.89,-2.02,-2.01,-0.01,50.55,44.8,39.05,194,208,0.93,50.49,46.94,1.5,3.55,2026-05-22,2026-05-22 10:45:38
4120,友華,46.0,46.2,46.2,46.0,18.35,18.12,8.82,-0.15,-0.07,-0.08,47.44,46.52,45.59,29,25,1.19,39.9,,1.0,2.17,2026-05-22,2026-05-22 10:45:39
4121,優盛,14.4,14.2,14.4,14.1,48.76,32.48,46.81,-0.41,-0.5,0.09,15.0,14.34,13.68,125,106,1.17,11.92,,,,2026-05-22,2026-05-22 10:45:40
4123,晟德,38.7,38.85,38.9,38.45,35.87,32.09,49.49,-0.52,-0.65,0.14,39.51,38.55,37.6,1683,1721,0.98,293.42,3.38,0.76,1.96,2026-05-22,2026-05-22 10:45:41
4126,太醫,79.2,79.8,79.8,79.2,27.69,39.6,48.15,-0.1,-0.12,0.02,80.42,79.52,78.61,110,33,3.28,57.5,15.11,5.0,6.31,2026-05-22,2026-05-22 10:45:42
4127,天良,62.9,62.9,62.9,54.6,89.63,78.98,78.48,4.57,2.63,1.93,57.71,43.57,29.44,4370,1146,3.81,28.78,,,,2026-05-22,2026-05-22 10:45:43
4128,中天,15.75,16.05,16.25,15.55,58.53,39.05,53.26,-0.34,-0.47,0.13,16.18,15.27,14.35,5682,2045,2.78,92.64,,,,2026-05-22,2026-05-22 10:45:44
4129,聯合,91.2,91.0,92.0,90.7,16.78,16.4,24.2,-3.08,-2.66,-0.42,104.31,96.14,87.96,644,554,1.16,87.95,16.08,4.0,4.39,2026-05-22,2026-05-22 10:45:45
4130,健亞,27.5,27.4,27.75,27.35,38.76,47.29,57.47,-0.9,-1.05,0.15,28.84,27.72,26.59,60,76,0.79,37.61,275.0,0.1,0.36,2026-05-22,2026-05-22 10:45:46
4131,浩泰,34.0,34.7,34.7,34.0,30.69,37.73,33.75,-0.25,-0.19,-0.07,36.09,35.32,34.55,217,64,3.35,13.5,,,,2026-05-22,2026-05-22 10:45:47
4133,亞諾法,21.3,21.3,21.3,21.0,41.16,31.52,48.33,-0.36,-0.38,0.02,22.22,21.51,20.8,145,181,0.8,12.9,17.46,0.9,4.23,2026-05-22,2026-05-22 10:45:49
4137,麗豐-KY,104.0,104.5,104.5,103.5,25.76,26.8,42.31,-0.98,-0.81,-0.17,108.2,105.5,102.8,146,127,1.15,85.79,15.29,10.0,9.62,2026-05-22,2026-05-22 10:45:49
4138,曜亞,51.8,52.1,52.5,51.4,30.35,20.21,22.22,-1.64,-1.47,-0.17,58.58,53.89,49.21,33,31,1.07,20.68,13.67,4.2,8.11,2026-05-22,2026-05-22 10:45:50
4139,馬光-KY,23.75,23.05,23.75,23.0,36.1,41.33,50.0,-0.21,-0.19,-0.02,24.33,23.72,23.12,27,13,1.96,10.69,,,,2026-05-22,2026-05-22 10:45:51
4142,國光生,17.5,17.6,17.7,17.3,30.75,26.47,50.0,-0.18,-0.16,-0.02,18.24,17.72,17.19,1157,1191,0.97,73.76,5.18,,,2026-05-22,2026-05-22 10:45:52
4147,中裕,50.5,49.25,51.2,49.25,28.28,31.37,55.69,-0.45,-0.57,0.12,52.03,49.52,47.02,1628,1185,1.37,136.7,,,,2026-05-22,2026-05-22 10:45:53
4148,全宇生技-KY,34.25,34.5,34.5,34.1,16.98,17.43,40.59,-1.23,-1.08,-0.15,39.13,36.1,33.07,26,71,0.37,23.03,15.09,1.0,2.92,2026-05-22,2026-05-22 10:45:54
4150,優你康,6.02,5.75,6.02,5.5,31.32,25.45,57.52,-0.05,-0.01,-0.04,6.76,6.01,5.26,590,348,1.69,8.86,,,,2026-05-22,2026-05-22 10:45:55
4153,鈺緯,31.0,31.0,31.05,30.8,64.52,56.08,57.35,-0.35,-0.5,0.15,31.38,30.57,29.76,15,16,0.92,18.19,20.13,2.0,6.45,2026-05-22,2026-05-22 10:45:56
4154,樂威科-KY,13.9,13.8,13.9,13.7,76.44,71.97,54.46,0.2,0.06,0.14,15.35,13.31,11.26,7,15,0.44,4.87,,,,2026-05-22,2026-05-22 10:45:57
4155,訊映,15.2,15.5,15.5,15.2,89.39,81.77,82.54,0.46,0.24,0.22,15.36,13.67,11.99,539,569,0.95,21.45,26.67,0.3,1.97,2026-05-22,2026-05-22 10:45:58
4157,太景*-KY,9.26,9.21,9.33,9.09,27.67,19.74,29.11,-0.4,-0.42,0.02,10.36,9.56,8.76,1511,1279,1.18,65.92,154.33,,,2026-05-22,2026-05-22 10:45:59
4160,訊聯基因,41.3,42.6,42.6,41.0,20.72,22.81,36.65,-0.91,-0.83,-0.08,44.71,42.76,40.81,126,91,1.38,11.02,51.62,1.85,4.48,2026-05-22,2026-05-22 10:46:00
4161,聿新科,23.6,23.55,23.8,23.05,71.69,61.62,60.47,-0.19,-0.31,0.12,23.85,23.32,22.78,166,82,2.02,14.11,19.5,0.3,1.27,2026-05-22,2026-05-22 10:46:01
4162,智擎,56.4,57.1,57.3,56.3,56.38,43.15,55.67,-0.39,-0.56,0.17,58.07,55.8,53.53,357,358,1.0,81.03,20.97,,,2026-05-22,2026-05-22 10:46:02
4163,鐿鈦,110.5,111.0,111.0,109.0,57.36,61.2,65.3,2.46,1.14,1.31,120.61,103.8,86.98,51,250,0.2,55.96,21.71,3.5,3.17,2026-05-22,2026-05-22 10:46:03
4164,承業醫,28.85,28.7,28.85,28.35,46.5,29.86,49.02,-0.6,-0.67,0.07,30.21,28.9,27.59,775,582,1.33,56.35,28.85,1.36,4.71,2026-05-22,2026-05-22 10:46:04
4166,友霖,24.35,24.4,24.4,23.9,20.62,21.85,35.4,-0.26,-0.02,-0.24,27.22,25.87,24.51,217,432,0.5,59.18,27.06,,,2026-05-22,2026-05-22 10:46:05
4167,松瑞藥,19.1,19.35,19.4,19.05,59.71,52.29,56.52,-0.2,-0.27,0.07,19.42,19.0,18.58,707,590,1.2,59.29,11.17,0.41,2.15,2026-05-22,2026-05-22 10:46:06
4168,醣聯,26.9,25.8,27.1,25.5,82.84,69.57,73.03,0.56,0.13,0.42,26.38,23.72,21.05,618,588,1.05,30.27,,,,2026-05-22,2026-05-22 10:46:07
4169,泰宗,159.0,158.0,161.0,157.0,50.26,31.55,49.23,-1.81,-2.12,0.3,165.2,155.82,146.45,134,143,0.93,105.63,496.88,0.35,0.22,2026-05-22,2026-05-22 10:46:08
4170,鑫品生醫,13.8,13.55,14.0,12.9,58.86,40.29,41.82,-0.1,-0.09,-0.01,14.7,13.65,12.59,117,58,2.02,6.04,6.3,,,2026-05-22,2026-05-22 10:46:09
4171,瑞基,18.05,18.2,18.2,18.0,26.37,22.11,33.33,-0.3,-0.26,-0.04,19.9,18.64,17.38,118,112,1.05,10.34,,,,2026-05-22,2026-05-22 10:46:10
4172,因華,14.05,13.9,14.05,13.35,54.68,40.92,30.12,-0.27,-0.23,-0.04,15.51,14.32,13.14,181,156,1.16,16.8,,,,2026-05-22,2026-05-22 10:46:11
4173,久裕,18.35,18.35,18.35,18.25,25.87,24.39,31.82,-0.27,-0.27,0.0,19.15,18.62,18.09,98,101,0.96,13.68,15.82,1.04,5.67,2026-05-22,2026-05-22 10:46:13
4174,浩鼎,31.65,32.3,32.6,31.55,20.57,23.41,49.69,-1.1,-1.17,0.07,35.03,32.77,30.51,662,335,1.98,41.65,,,,2026-05-22,2026-05-22 10:46:14
4175,杏一,53.0,53.1,53.3,52.8,18.22,13.92,29.63,-0.55,-0.51,-0.04,55.41,53.87,52.33,46,21,2.12,22.43,14.56,1.6,3.02,2026-05-22,2026-05-22 10:46:15
4178,永笙-KY,18.95,19.0,19.0,18.8,56.08,56.87,28.57,-1.51,-1.65,0.14,25.02,20.19,15.35,354,409,0.87,40.69,,,,2026-05-22,2026-05-22 10:46:15
4183,福永生技,12.45,12.45,12.45,12.45,26.25,24.02,20.63,-0.7,-0.61,-0.09,15.12,13.63,12.13,1,27,0.04,2.96,,0.67,5.38,2026-05-22,2026-05-22 10:46:16
4186,尖端醫,10.3,10.3,10.3,9.96,28.28,27.63,38.71,-0.15,-0.09,-0.06,11.65,10.69,9.72,82,253,0.32,9.27,33.23,,,2026-05-22,2026-05-22 10:46:18
4188,安克,11.3,11.2,11.45,11.2,22.75,19.1,35.29,-0.28,-0.27,-0.02,12.33,11.68,11.02,42,40,1.05,7.16,,,,2026-05-22,2026-05-22 10:46:19
4190,佐登-KY,24.75,24.35,24.8,24.15,57.16,45.86,42.42,-0.52,-0.63,0.11,25.58,24.83,24.07,42,49,0.87,14.77,18.33,0.5,2.02,2026-05-22,2026-05-22 10:46:19
4192,杏國,19.8,19.4,20.1,19.4,38.61,52.94,40.7,-0.06,0.01,-0.06,21.21,20.28,19.34,21,8,2.7,6.96,,,,2026-05-22,2026-05-22 10:46:21
4194,禾生技,7.22,7.17,7.3,6.91,34.28,36.12,37.96,-0.08,-0.01,-0.07,8.08,7.56,7.04,139,98,1.41,10.54,,,,2026-05-22,2026-05-22 10:46:22
4197,暐世,9.05,8.74,9.05,8.6,17.25,13.59,13.22,-0.66,-0.35,-0.32,13.7,10.79,7.87,101,92,1.1,2.73,53.24,,,2026-05-22,2026-05-22 10:46:23
4198,欣大健康,38.95,38.25,38.95,38.25,74.38,64.69,51.08,-0.12,-0.17,0.05,40.24,38.29,36.34,25,11,2.18,9.39,,,,2026-05-22,2026-05-22 10:46:24
4205,中華食,73.2,73.2,73.2,73.1,25.21,18.29,25.0,-0.87,-0.91,0.04,75.15,73.78,72.41,22,18,1.21,71.48,17.68,2.0,2.73,2026-05-22,2026-05-22 10:46:25
4207,環泰,19.6,19.2,19.6,19.1,91.26,88.91,85.0,0.38,0.22,0.17,19.94,18.3,16.65,393,314,1.25,38.91,11.2,1.2,6.12,2026-05-22,2026-05-22 10:46:27
4303,信立,48.05,48.8,48.8,48.0,29.14,20.61,28.63,-1.79,-1.53,-0.26,56.25,50.96,45.68,706,896,0.79,45.46,4.32,1.0,2.08,2026-05-22,2026-05-22 10:46:28
4304,勝昱,28.5,28.5,28.7,28.35,18.01,19.55,23.96,-0.12,0.15,-0.27,31.7,29.81,27.92,38,16,2.31,17.4,,,,2026-05-22,2026-05-22 10:46:29
4305,世坤,44.25,44.55,44.55,43.9,48.04,51.4,60.87,0.14,0.1,0.04,44.61,43.94,43.26,5,2,1.79,24.34,11.61,3.2,7.23,2026-05-22,2026-05-22 10:46:30
4306,炎洲,14.05,13.8,14.1,13.8,82.59,70.49,75.76,0.09,-0.01,0.1,13.93,13.35,12.76,2838,2099,1.35,92.44,54.04,1.0,7.12,2026-05-22,2026-05-22 10:46:31
4401,東隆興,13.95,14.0,14.0,13.9,32.44,40.81,43.48,-0.17,-0.18,0.01,14.95,14.3,13.65,73,123,0.6,17.12,19.11,0.7,5.02,2026-05-22,2026-05-22 10:46:32
4402,郡都開發,12.0,12.4,12.5,11.65,17.21,14.42,30.28,-1.15,-1.13,-0.02,15.42,13.13,10.85,57,48,1.19,8.16,,,,2026-05-22,2026-05-22 10:46:33
4406,新昕纖,10.0,10.0,10.15,10.0,56.81,52.43,38.1,-0.02,-0.02,0.0,10.12,10.01,9.9,6,48,0.12,5.19,,,,2026-05-22,2026-05-22 10:46:34
4413,飛寶企業,17.7,17.5,17.7,17.35,29.9,35.36,25.0,-0.11,0.02,-0.13,19.42,18.56,17.7,16,7,2.22,5.54,34.04,0.2,1.13,2026-05-22,2026-05-22 10:46:35
4414,如興,8.04,8.32,8.32,8.04,8.87,12.5,23.34,-0.66,-0.48,-0.18,11.24,9.62,8.01,408,904,0.45,21.21,12.0,,,2026-05-22,2026-05-22 10:46:36
4416,三圓,11.2,11.55,11.55,11.2,30.51,26.76,20.41,-0.79,-0.78,-0.01,13.69,12.32,10.94,420,170,2.46,8.17,,1.0,8.93,2026-05-22,2026-05-22 10:46:37
4417,金洲,44.65,45.0,45.0,44.45,9.9,10.35,22.08,-1.08,-1.06,-0.02,48.06,46.12,44.19,317,178,1.78,37.49,7.33,,,2026-05-22,2026-05-22 10:46:38
4419,皇家美食,45.1,46.1,46.1,45.0,26.11,35.26,45.16,-0.24,-0.2,-0.04,47.36,46.07,44.77,27,12,2.26,76.29,,,,2026-05-22,2026-05-22 10:46:39
4420,光明,39.35,39.1,39.35,39.05,7.98,10.39,30.77,-1.03,-0.97,-0.06,42.65,40.92,39.19,100,71,1.41,15.92,7.13,3.0,7.62,2026-05-22,2026-05-22 10:46:40
4426,利勤,7.61,7.72,7.72,7.46,14.86,12.22,5.97,-0.25,-0.23,-0.02,8.58,8.07,7.55,259,170,1.52,13.14,,,,2026-05-22,2026-05-22 10:46:41
4430,耀億,16.9,16.65,16.95,16.65,42.16,36.61,35.71,-0.24,-0.25,0.01,17.91,17.13,16.36,16,16,0.97,9.51,,0.5,2.96,2026-05-22,2026-05-22 10:46:42
4431,敏成健康,16.3,16.15,16.4,16.1,33.11,38.85,29.03,-0.3,-0.23,-0.07,17.93,17.13,16.33,61,36,1.66,5.96,,,,2026-05-22,2026-05-22 10:46:43
4432,銘旺實,17.15,16.9,17.15,16.9,70.98,67.43,80.21,0.57,0.29,0.28,17.98,15.32,12.66,66,78,0.85,8.68,19.49,1.0,5.83,2026-05-22,2026-05-22 10:46:44
4433,興采,20.55,20.5,20.55,20.3,43.21,53.74,58.21,0.04,-0.04,0.07,21.15,20.27,19.39,22,23,0.96,12.42,19.57,1.0,4.87,2026-05-22,2026-05-22 10:46:45
4438,廣越,57.9,57.7,58.5,57.4,40.14,37.81,58.55,-0.1,-0.17,0.08,60.23,57.49,54.74,65,60,1.09,65.24,19.9,3.2,5.53,2026-05-22,2026-05-22 10:46:46
4439,冠星-KY,92.0,93.0,93.0,90.4,19.76,20.94,22.93,-0.99,-0.0,-0.99,102.95,96.72,90.49,16,22,0.73,34.61,12.76,2.0,2.17,2026-05-22,2026-05-22 10:46:47
4440,宜新實業,18.25,18.1,18.25,18.05,27.76,38.28,57.53,0.2,0.24,-0.04,19.04,18.14,17.24,53,53,1.01,12.34,16.01,1.0,5.48,2026-05-22,2026-05-22 10:46:48
4441,振大環球,207.5,204.5,208.5,201.5,43.3,48.31,67.8,1.98,1.01,0.97,218.61,198.03,177.44,141,112,1.26,141.47,14.3,9.15,4.41,2026-05-22,2026-05-22 10:46:49
4442,竣邦-KY,50.9,51.5,51.5,50.9,20.76,22.13,29.7,-1.81,-1.56,-0.25,58.16,53.92,49.67,39,54,0.72,15.99,10.81,3.5,6.88,2026-05-22,2026-05-22 10:46:50
4502,健信,15.7,15.75,15.8,15.5,41.85,44.11,46.43,-0.02,0.01,-0.03,16.29,15.89,15.49,31,31,0.98,8.71,,,,2026-05-22,2026-05-22 10:46:51
4503,金雨,43.2,42.8,43.3,42.5,15.76,20.02,50.97,0.29,0.74,-0.45,46.7,43.99,41.28,207,192,1.08,33.83,31.53,,,2026-05-22,2026-05-22 10:46:52
4506,崇友,119.0,118.5,119.5,118.0,63.37,60.25,58.82,0.13,0.12,0.02,119.75,118.25,116.75,48,45,1.05,210.64,18.25,4.5,3.78,2026-05-22,2026-05-22 10:46:53
4510,高鋒,49.6,48.15,49.9,48.0,58.69,48.23,44.5,0.77,0.79,-0.02,50.93,47.47,44.02,3949,3552,1.11,54.05,,0.79,1.59,2026-05-22,2026-05-22 10:46:54
4513,福裕,15.05,15.25,15.3,14.9,61.56,44.55,50.94,-0.39,-0.5,0.1,15.37,14.85,14.32,390,349,1.12,17.21,,,,2026-05-22,2026-05-22 10:46:55
4523,永彰,28.6,28.35,28.65,28.3,23.03,18.49,32.73,-0.65,-0.47,-0.18,32.17,29.78,27.38,123,151,0.81,18.58,1.31,2.64,9.23,2026-05-22,2026-05-22 10:46:56
4526,東台,39.45,38.2,39.9,37.7,72.59,60.42,55.17,1.0,0.79,0.21,40.38,36.39,32.39,12169,8994,1.35,99.35,21.8,1.0,2.53,2026-05-22,2026-05-22 10:46:57
4527,方土霖,43.9,43.65,44.0,43.65,78.43,73.68,80.0,0.28,0.22,0.06,44.18,43.09,42.0,41,23,1.8,33.43,13.07,3.0,6.83,2026-05-22,2026-05-22 10:46:58
4528,江興鍛,15.75,15.5,15.9,15.5,30.21,30.64,50.98,-0.31,-0.36,0.05,16.23,15.77,15.32,30,25,1.2,13.26,14.45,0.2,1.27,2026-05-22,2026-05-22 10:46:59
4529,淳紳,5.78,5.88,5.88,5.57,77.66,73.49,65.03,0.5,0.45,0.05,6.39,5.27,4.14,112,196,0.57,4.89,,,,2026-05-22,2026-05-22 10:47:00
4530,宏易,25.95,25.2,25.95,25.2,46.51,43.31,57.52,-0.6,-0.68,0.08,27.76,25.86,23.95,2,7,0.27,9.29,21.27,,,2026-05-22,2026-05-22 10:47:01
4532,瑞智,23.4,23.3,23.5,23.25,53.25,53.19,58.33,-0.17,-0.26,0.09,23.6,23.14,22.69,688,805,0.85,113.76,11.47,1.5,6.41,2026-05-22,2026-05-22 10:47:02
4533,協易機,33.4,33.15,33.7,32.4,69.09,55.58,61.17,0.31,0.09,0.23,33.44,31.31,29.17,5039,3541,1.42,52.92,167.0,1.2,3.59,2026-05-22,2026-05-22 10:47:03
4534,慶騰,24.25,22.4,24.25,22.4,42.75,26.15,52.32,-0.71,-0.72,0.01,25.48,23.53,21.58,970,494,1.96,21.05,2425.0,,,2026-05-22,2026-05-22 10:47:04
4535,至興,27.45,27.3,27.5,27.2,36.82,50.19,44.44,-0.13,-0.15,0.03,27.99,27.52,27.06,23,9,2.39,20.77,21.12,1.6,5.83,2026-05-22,2026-05-22 10:47:05
4536,拓凱,163.0,161.5,163.5,160.5,79.65,69.74,92.86,1.66,0.34,1.32,160.86,153.38,145.89,356,441,0.81,148.04,11.01,8.0,4.91,2026-05-22,2026-05-22 10:47:06
4537,旭東,171.0,170.0,173.5,169.0,25.21,30.41,56.89,7.83,10.96,-3.13,187.51,167.82,148.14,73,106,0.69,134.82,222.08,0.5,0.29,2026-05-22,2026-05-22 10:47:07
4538,大詠城,18.35,18.3,18.45,18.25,40.54,41.13,37.5,-0.09,-0.1,0.01,18.57,18.4,18.22,23,22,1.04,10.91,63.28,1.0,5.45,2026-05-22,2026-05-22 10:47:08
4540,全球傳動,72.6,69.1,74.1,68.7,55.64,51.84,55.41,4.32,4.7,-0.38,78.22,67.27,56.32,11067,15306,0.72,83.63,105.22,,,2026-05-22,2026-05-22 10:47:09
4541,晟田,44.3,44.45,44.45,43.75,18.66,14.89,39.65,-0.56,-0.11,-0.45,50.81,46.1,41.39,805,586,1.37,29.97,21.93,0.75,1.69,2026-05-22,2026-05-22 10:47:10
4542,科嶠,277.5,269.0,285.0,257.5,80.14,64.34,66.67,18.1,12.81,5.29,266.17,213.55,160.93,3579,1402,2.55,95.98,218.5,0.93,0.34,2026-05-22,2026-05-22 10:47:11
4543,萬在,38.9,39.8,39.8,38.8,48.02,37.53,33.49,0.68,0.9,-0.22,41.92,38.76,35.61,335,384,0.87,23.25,73.4,1.0,2.57,2026-05-22,2026-05-22 10:47:12
4544,春日,14.6,15.05,15.05,14.3,32.49,33.17,35.64,-0.38,-0.28,-0.1,16.85,15.58,14.32,15,4,3.05,8.8,54.07,1.1,7.53,2026-05-22,2026-05-22 10:47:13
4545,銘鈺,33.2,32.9,34.0,32.15,66.4,50.09,62.45,0.11,-0.22,0.33,32.28,30.34,28.39,599,402,1.49,25.56,195.29,1.65,4.97,2026-05-22,2026-05-22 10:47:14
4546,長亨,108.5,110.0,110.0,106.5,18.17,18.41,15.09,-6.11,-4.89,-1.22,144.38,121.85,99.32,30,26,1.14,36.65,19.91,,,2026-05-22,2026-05-22 10:47:15
4549,桓達,104.5,103.0,105.5,102.5,62.3,41.13,56.41,0.42,0.38,0.04,108.22,100.49,92.77,270,280,0.96,59.57,31.48,4.02,3.85,2026-05-22,2026-05-22 10:47:16
4550,長佳,25.0,24.75,25.0,24.7,66.08,62.33,64.29,0.06,-0.03,0.1,25.22,24.52,23.81,20,39,0.52,9.46,18.8,2.0,8.0,2026-05-22,2026-05-22 10:47:17
4551,智伸科,155.5,159.5,159.5,154.5,64.17,62.54,64.62,5.3,4.42,0.89,162.68,143.0,123.32,1100,1136,0.97,179.17,25.83,4.2,2.7,2026-05-22,2026-05-22 10:47:18
4552,力達-KY,19.9,19.8,19.95,19.75,58.56,44.66,50.0,-0.3,-0.35,0.05,20.27,19.97,19.67,144,116,1.25,23.08,9.61,1.0,5.03,2026-05-22,2026-05-22 10:47:19
4553,盛復,17.9,18.2,18.2,17.75,10.19,12.51,10.31,-1.22,-0.78,-0.44,24.93,20.61,16.3,8,15,0.57,5.91,,0.3,1.68,2026-05-22,2026-05-22 10:47:20
4554,橙的,31.8,32.0,32.0,31.6,41.06,39.59,58.05,0.54,0.53,0.01,32.67,30.64,28.61,93,119,0.78,8.37,15.07,0.35,1.1,2026-05-22,2026-05-22 10:47:21
4555,氣立,49.7,46.95,51.0,46.45,66.37,49.24,79.1,1.77,1.25,0.51,46.81,42.11,37.41,4882,1592,3.06,34.54,261.58,0.5,1.01,2026-05-22,2026-05-22 10:47:22
4556,旭然,41.1,39.7,41.6,39.7,29.48,32.25,61.78,1.95,2.52,-0.58,45.69,40.02,34.35,257,221,1.17,17.39,44.67,0.3,0.73,2026-05-22,2026-05-22 10:47:23
4557,永新-KY,47.0,47.3,47.3,47.0,3.73,8.18,39.94,-2.05,-1.9,-0.15,54.43,50.15,45.86,80,116,0.69,22.55,7.25,6.5,13.83,2026-05-22,2026-05-22 10:47:24
4558,寶緯,19.7,20.0,20.15,19.7,34.84,41.14,55.68,0.14,0.12,0.02,20.49,19.56,18.62,28,35,0.8,9.85,,0.5,2.54,2026-05-22,2026-05-22 10:47:25
4559,久裕興,9.33,9.55,9.55,8.89,62.05,55.34,49.75,0.1,0.15,-0.05,10.57,9.55,8.53,43,35,1.25,5.6,54.88,,,2026-05-22,2026-05-22 10:47:26
4560,強信-KY,32.3,33.05,33.05,32.25,8.96,15.02,26.81,-0.32,0.11,-0.43,37.56,34.87,32.18,267,252,1.06,22.0,10.7,1.2,3.72,2026-05-22,2026-05-22 10:47:27
4561,健椿,51.0,50.2,51.0,49.2,61.68,57.9,69.87,3.57,3.47,0.1,57.56,44.76,31.95,682,383,1.78,29.85,78.46,1.2,2.35,2026-05-22,2026-05-22 10:47:28
4562,穎漢,42.8,40.5,43.5,40.25,69.23,62.44,64.25,1.97,1.55,0.42,44.32,37.69,31.06,3704,5073,0.73,,,,,2026-05-22,2026-05-22 10:47:29
4563,百德,50.5,48.0,50.8,48.0,53.41,39.51,42.35,1.09,1.15,-0.06,53.73,47.91,42.09,394,250,1.57,27.75,20.28,3.0,5.94,2026-05-22,2026-05-22 10:47:30
4564,元翎,15.8,16.0,16.0,15.3,10.49,10.11,16.3,-0.81,-0.61,-0.19,19.79,17.55,15.31,2587,1458,1.77,36.78,,,,2026-05-22,2026-05-22 10:47:31
4565,宏偉,118.0,117.5,119.5,117.5,55.6,62.23,70.31,4.35,4.26,0.08,123.9,112.1,100.3,2,6,0.32,72.85,17.2,6.0,5.08,2026-05-22,2026-05-22 10:47:32
4566,時碩工業,63.2,62.1,63.5,61.9,28.09,21.28,28.14,-0.83,-0.06,-0.76,71.87,65.29,58.7,756,667,1.13,69.45,46.81,0.68,1.08,2026-05-22,2026-05-22 10:47:33
4568,科際精密,40.35,40.35,40.4,40.35,32.2,27.39,44.83,-0.43,-0.43,-0.0,42.91,40.91,38.91,4,5,0.72,12.76,20.18,2.0,4.96,2026-05-22,2026-05-22 10:47:34
4569,六方科-KY,187.0,179.5,192.0,176.5,35.81,35.73,53.55,2.95,3.82,-0.87,196.97,179.78,162.58,244,202,1.21,56.84,45.39,5.71,3.05,2026-05-22,2026-05-22 10:47:34
4570,傑生,71.0,73.3,73.3,71.0,35.99,46.19,65.62,1.09,1.1,-0.01,72.56,69.78,67.01,0,0,0.0,31.24,27.52,3.0,4.23,2026-05-22,2026-05-22 10:47:35
4571,鈞興-KY,229.5,219.5,237.5,218.5,68.5,71.33,64.37,14.54,12.15,2.4,236.82,197.28,157.73,2160,2606,0.83,119.79,23.98,5.18,2.26,2026-05-22,2026-05-22 10:47:36
4572,駐龍,143.0,144.5,144.5,143.0,24.05,30.64,38.64,-0.44,0.07,-0.51,150.45,146.0,141.55,33,31,1.05,57.2,48.31,4.74,3.31,2026-05-22,2026-05-22 10:47:37
4573,高明鐵,466.0,407.0,472.5,400.5,34.98,28.36,41.32,3.37,14.49,-11.13,529.03,450.93,372.82,1408,688,2.05,194.31,,,,2026-05-22,2026-05-22 10:47:38
4575,銓寶,25.9,26.2,26.2,25.75,25.48,25.97,35.06,0.4,0.77,-0.37,28.15,26.69,25.24,97,45,2.14,10.02,23.98,1.3,5.02,2026-05-22,2026-05-22 10:47:39
4576,大銀微系統,261.5,252.0,270.0,250.5,59.61,64.19,59.22,20.44,22.14,-1.7,284.74,233.8,182.86,4345,4903,0.89,313.28,130.1,0.2,0.08,2026-05-22,2026-05-22 10:47:40
4577,達航科技,134.0,122.0,134.0,122.0,24.03,13.84,31.33,-2.95,1.62,-4.57,188.42,148.22,108.03,1300,774,1.68,65.84,,,,2026-05-22,2026-05-22 10:47:41
4580,捷流閥業,82.3,81.6,82.4,81.6,52.28,48.84,50.85,0.45,0.41,0.04,83.42,81.33,79.23,76,44,1.73,38.52,16.53,5.0,6.08,2026-05-22,2026-05-22 10:47:42
4581,光隆精密-KY,49.45,49.45,49.8,49.45,14.84,13.2,47.73,-0.16,-0.08,-0.09,50.88,49.87,48.85,15,8,1.75,16.76,13.05,3.2,6.47,2026-05-22,2026-05-22 10:47:43
4583,台灣精銳,729.0,705.0,743.0,699.0,30.53,32.34,40.66,3.92,13.32,-9.39,801.02,745.55,690.08,152,176,0.87,584.45,60.65,10.0,1.37,2026-05-22,2026-05-22 10:47:44
4584,君帆,46.0,46.8,46.8,44.4,83.36,74.04,64.15,0.86,0.17,0.69,46.07,42.07,38.07,13,20,0.66,13.8,13.45,2.2,4.78,2026-05-22,2026-05-22 10:47:45
4585,達明,351.0,339.0,351.0,337.0,43.93,44.78,53.46,7.85,7.55,0.31,362.39,332.35,302.31,806,914,0.88,367.18,247.18,1.0,0.28,2026-05-22,2026-05-22 10:47:46
4587,寶元數控,73.2,74.9,77.8,67.6,77.81,68.57,58.35,6.85,6.02,0.83,77.77,59.51,41.25,418,250,1.67,24.16,,,,2026-05-22,2026-05-22 10:47:47
4588,玖鼎電力,56.2,57.4,57.4,55.0,35.89,23.05,32.77,-1.31,-1.08,-0.24,62.47,57.73,52.99,82,80,1.02,24.16,17.67,3.0,5.34,2026-05-22,2026-05-22 10:47:48
4589,碩陽電機,38.45,38.5,38.5,38.0,49.45,51.43,37.6,0.2,0.42,-0.22,40.53,38.8,37.07,6,14,0.46,9.9,47.47,0.5,1.3,2026-05-22,2026-05-22 10:47:49
4590,富田-創,74.0,74.7,75.0,73.5,34.91,28.47,46.11,-0.48,-0.21,-0.27,79.49,75.05,70.61,178,130,1.37,40.58,27.31,3.0,4.05,2026-05-22,2026-05-22 10:47:50
4609,唐鋒,5.16,5.16,5.16,5.16,48.14,56.46,47.14,0.16,0.13,0.03,5.91,5.1,4.28,1,4,0.22,2.47,,,,2026-05-22,2026-05-22 10:47:51
4702,中美實,9.73,9.79,9.79,9.68,32.65,35.13,52.17,-0.06,-0.07,0.01,9.88,9.73,9.59,65,76,0.86,7.04,11.06,,,2026-05-22,2026-05-22 10:47:52
4706,大恭,31.0,30.15,31.0,30.15,46.8,53.14,41.22,0.0,0.16,-0.16,33.23,31.89,30.55,10,21,0.47,24.5,88.57,,,2026-05-22,2026-05-22 10:47:53
4707,磐亞,15.25,15.0,15.5,14.8,20.94,19.4,52.46,0.32,0.52,-0.2,16.26,15.09,13.92,1799,1237,1.45,61.57,17.13,0.25,1.64,2026-05-22,2026-05-22 10:47:54
4711,永純,16.5,16.65,16.65,16.3,38.68,47.13,65.45,0.2,0.19,0.01,17.18,16.29,15.4,167,137,1.21,10.07,110.0,0.5,3.03,2026-05-22,2026-05-22 10:47:55
4714,永捷,13.3,13.4,13.45,13.1,16.46,13.1,26.09,-0.5,-0.36,-0.14,15.89,14.31,12.73,1150,960,1.2,23.69,,0.2,1.5,2026-05-22,2026-05-22 10:47:56
4716,大立,14.9,14.95,15.15,14.8,42.09,37.94,51.85,-0.03,0.01,-0.04,15.55,14.96,14.37,401,399,1.01,14.07,,0.2,1.34,2026-05-22,2026-05-22 10:47:57
4720,德淵,25.8,25.75,26.35,25.6,30.7,34.08,51.63,0.88,1.36,-0.48,28.59,26.44,24.29,2499,3654,0.68,29.55,34.86,1.0,3.88,2026-05-22,2026-05-22 10:47:58
4721,美琪瑪,90.4,88.0,91.8,87.2,31.41,36.02,55.89,1.76,2.89,-1.14,98.63,89.0,79.37,1288,1017,1.27,67.79,30.03,2.36,2.61,2026-05-22,2026-05-22 10:47:59
4722,國精化,286.5,272.5,286.5,269.0,78.18,74.43,78.3,21.71,17.94,3.77,295.14,224.25,153.36,6919,4676,1.48,294.36,144.7,1.4,0.49,2026-05-22,2026-05-22 10:48:00
4724,宣捷幹細胞,13.5,12.2,13.65,11.45,54.24,41.67,55.22,-0.3,-0.31,0.02,14.3,13.08,11.86,715,315,2.27,12.96,,,,2026-05-22,2026-05-22 10:48:01
4726,永昕,28.6,28.95,28.95,28.2,26.47,25.59,48.65,-0.45,-0.5,0.05,29.56,28.84,28.12,171,166,1.03,59.3,,,,2026-05-22,2026-05-22 10:48:02
4728,雙美,383.0,382.0,383.0,382.0,81.8,83.39,42.86,-1.17,-1.03,-0.14,391.65,384.6,377.55,2,12,0.16,208.59,28.82,12.1,3.16,2026-05-22,2026-05-22 10:48:03
4729,熒茂,25.6,24.3,26.45,24.15,79.73,71.96,77.98,1.09,0.53,0.56,25.02,21.11,17.21,4459,4095,1.09,20.28,160.0,0.5,1.95,2026-05-22,2026-05-22 10:48:04
4732,彥臣,18.4,19.05,19.05,18.35,25.61,26.53,36.17,-0.22,-0.18,-0.04,19.98,19.1,18.22,19,7,2.69,8.89,,,,2026-05-22,2026-05-22 10:48:05
4735,豪展,31.15,31.2,31.3,31.1,82.86,78.15,70.91,0.15,0.05,0.1,31.26,30.43,29.6,27,20,1.29,11.99,12.66,2.0,6.42,2026-05-22,2026-05-22 10:48:06
4736,泰博,123.0,122.5,124.0,122.5,33.16,22.95,41.38,-0.92,-0.65,-0.26,129.27,124.45,119.63,125,155,0.81,115.67,8.19,10.0,8.13,2026-05-22,2026-05-22 10:48:07
4737,華廣,57.0,57.3,57.3,56.5,50.54,48.17,43.0,-1.6,-1.57,-0.02,63.24,59.08,54.92,47,68,0.69,44.05,18.27,,,2026-05-22,2026-05-22 10:48:08
4738,大同精化,8.0,8.2,8.24,7.85,13.85,19.09,35.39,-0.18,0.14,-0.33,11.73,9.33,6.92,333,468,0.71,6.21,42.11,,,2026-05-22,2026-05-22 10:48:09
4739,康普,101.0,96.0,103.0,95.2,43.31,46.22,63.87,2.94,2.99,-0.05,104.31,92.42,80.53,5430,3222,1.69,125.9,71.63,0.94,0.93,2026-05-22,2026-05-22 10:48:10
4741,泓瀚,62.8,60.3,63.3,59.6,41.44,39.23,63.85,3.02,4.06,-1.04,67.67,58.34,49.01,1864,1022,1.82,21.86,216.55,1.2,1.91,2026-05-22,2026-05-22 10:48:11
4743,合一,53.0,53.0,55.2,51.9,45.99,28.23,46.77,-0.47,-0.6,0.12,55.68,52.06,48.45,9716,3570,2.72,254.07,,,,2026-05-22,2026-05-22 10:48:12
4744,皇將,33.5,33.75,34.0,33.5,64.93,70.98,55.17,0.14,-0.02,0.16,34.52,32.87,31.23,108,200,0.54,17.92,13.73,0.4,1.19,2026-05-22,2026-05-22 10:48:13
4745,合富-KY,16.55,16.6,16.65,16.55,7.09,21.04,11.49,-0.62,-0.26,-0.37,21.61,18.8,15.99,78,154,0.51,11.54,,,,2026-05-22,2026-05-22 10:48:14
4746,台耀,52.3,53.1,53.1,52.2,21.42,22.9,39.84,-0.44,-0.22,-0.22,56.74,53.75,50.76,626,733,0.86,62.89,14.37,3.0,5.74,2026-05-22,2026-05-22 10:48:15
4747,強生,56.8,56.8,56.8,56.8,83.66,86.53,56.44,0.87,0.59,0.28,59.04,55.56,52.09,1,35,0.04,25.82,47.73,1.75,3.08,2026-05-22,2026-05-22 10:48:16
4749,新應材,1170.0,1125.0,1195.0,1125.0,50.75,42.93,60.54,36.47,37.0,-0.53,1190.06,1045.25,900.44,4296,2481,1.73,1084.98,103.17,5.99,0.51,2026-05-22,2026-05-22 10:48:17
4754,國碳科,38.6,38.0,39.0,38.0,64.71,63.27,78.43,0.22,0.13,0.09,38.81,37.66,36.51,68,33,2.06,11.69,13.59,2.0,5.18,2026-05-22,2026-05-22 10:48:20
4755,三福化,146.5,140.0,148.5,140.0,56.8,34.65,46.03,-2.7,-2.53,-0.17,161.52,144.5,127.48,1124,526,2.14,147.53,39.59,3.5,2.39,2026-05-22,2026-05-22 10:48:21
4760,勤凱,341.0,329.0,341.0,328.0,70.49,66.34,70.99,22.36,19.57,2.78,346.01,275.38,204.74,1738,1639,1.06,109.87,48.85,4.5,1.32,2026-05-22,2026-05-22 10:48:22
4763,材料*-KY,43.7,42.85,44.2,42.3,48.83,31.29,56.16,-0.42,-0.58,0.16,43.76,42.31,40.85,10430,6018,1.73,432.26,7.18,5.41,12.38,2026-05-22,2026-05-22 10:48:23
4764,雙鍵,320.0,325.0,338.5,308.5,51.61,52.42,59.89,31.3,35.16,-3.86,378.2,295.1,212.0,3727,2287,1.63,273.73,262.3,1.0,0.31,2026-05-22,2026-05-22 10:48:24
4765,磐采,20.15,20.05,20.15,19.2,42.39,33.19,38.56,-0.58,-0.33,-0.26,24.42,21.25,18.09,30,19,1.57,6.47,,,,2026-05-22,2026-05-22 10:48:25
4766,南寶,381.5,378.0,384.0,376.0,42.35,41.3,52.57,7.26,8.7,-1.44,396.0,367.38,338.75,1316,810,1.62,459.97,18.89,19.0,4.98,2026-05-22,2026-05-22 10:48:26
4767,誠泰科技,26.75,26.8,26.85,26.6,47.56,42.04,56.86,0.07,0.13,-0.05,27.06,26.61,26.15,10,19,0.53,8.4,21.57,1.8,6.73,2026-05-22,2026-05-22 10:48:27
4768,晶呈科技,455.0,475.5,490.0,448.0,27.93,18.73,39.36,-13.27,-6.37,-6.91,548.27,477.0,405.73,3336,1452,2.3,216.07,1137.5,4.0,0.88,2026-05-22,2026-05-22 10:48:28
4770,上品,228.5,234.0,234.5,228.0,36.56,35.75,42.96,-0.24,-0.14,-0.11,237.39,228.3,219.21,388,353,1.1,182.75,22.47,6.0,2.63,2026-05-22,2026-05-22 10:48:29
4771,望隼,192.5,194.5,194.5,191.5,45.44,39.38,56.98,1.06,0.37,0.69,197.08,188.93,180.77,287,451,0.64,113.01,15.33,5.52,2.87,2026-05-22,2026-05-22 10:48:30
4772,台特化,306.5,303.5,308.0,301.5,28.08,24.85,44.44,-2.33,-0.94,-1.39,322.32,306.7,291.08,1568,1248,1.26,452.64,73.5,3.0,0.98,2026-05-22,2026-05-22 10:48:31
4773,高福,37.8,37.7,37.7,37.7,96.43,95.56,100.0,0.36,-0.1,0.46,43.86,34.85,25.83,0,0,,28.36,29.55,1.0,2.65,2026-04-09,2026-05-22 10:48:32
4804,大略-KY,3.27,3.27,3.27,3.27,0.54,0.54,,-0.21,-0.28,0.07,3.27,3.27,3.27,0,0,,2.35,,,,2026-05-21,2026-05-22 10:48:33
4806,桂田文創,10.4,9.95,10.4,9.91,22.75,25.54,50.0,-0.14,-0.14,-0.0,10.89,10.34,9.79,19,12,1.56,10.39,,,,2026-05-22,2026-05-22 10:48:34
4807,日成-KY,22.95,22.95,23.7,22.85,28.83,43.99,50.76,1.7,1.88,-0.18,27.28,21.81,16.34,159,233,0.68,11.24,5.37,,,2026-05-22,2026-05-22 10:48:35
4903,聯光通,47.55,45.75,48.55,45.65,44.84,46.46,55.64,0.06,0.04,0.03,49.09,45.67,42.26,3791,2958,1.28,50.09,46.62,0.3,0.63,2026-05-22,2026-05-22 10:48:36
4904,遠傳,95.5,95.7,96.7,94.7,34.8,49.59,55.0,0.51,0.64,-0.13,98.45,96.11,93.76,8258,6237,1.32,3445.36,25.13,3.81,3.99,2026-05-22,2026-05-22 10:48:37
4905,台聯電,79.8,78.2,80.2,78.2,40.72,28.35,49.61,-0.79,-0.48,-0.31,83.41,79.7,75.99,22,18,1.19,23.35,29.02,1.5,1.88,2026-05-22,2026-05-22 10:48:38
4906,正文,40.3,39.5,40.7,39.05,46.41,42.61,71.38,0.88,0.84,0.04,41.85,37.39,32.93,20596,14530,1.42,172.32,22.39,1.5,3.72,2026-05-22,2026-05-22 10:48:39
4907,富宇,38.4,38.4,38.45,38.0,35.16,46.71,54.35,-0.3,-0.39,0.1,39.59,38.33,37.07,45,26,1.71,45.37,31.48,1.8,4.69,2026-05-22,2026-05-22 10:48:40
4908,前鼎,267.0,249.5,267.0,248.0,66.19,56.87,64.29,24.27,25.47,-1.2,280.98,226.68,172.37,4243,2426,1.75,208.84,135.53,1.75,0.66,2026-05-22,2026-05-22 10:48:41
4909,新復興,53.4,52.3,53.4,51.8,47.69,32.58,45.02,-1.87,-1.79,-0.08,58.08,53.82,49.56,895,991,0.9,49.85,,6.0,11.24,2026-05-22,2026-05-22 10:48:42
4911,德英,32.15,31.0,32.6,30.7,25.42,18.3,36.55,-1.2,-1.08,-0.12,36.34,33.38,30.42,41,37,1.09,20.49,14.75,0.76,2.36,2026-05-22,2026-05-22 10:48:43
4912,聯德控股-KY,106.0,102.0,106.5,101.0,72.13,73.54,84.66,4.6,3.35,1.25,113.72,93.3,72.89,1119,1197,0.93,71.12,53.81,4.0,3.77,2026-05-22,2026-05-22 10:48:44
4915,致伸,72.0,71.8,72.4,71.3,38.67,33.09,37.78,-0.52,-0.49,-0.03,74.99,72.52,70.04,5475,3561,1.54,339.75,12.79,4.2,5.83,2026-05-22,2026-05-22 10:48:45
4916,事欣科,98.3,100.0,105.0,97.4,89.03,83.15,86.01,7.58,3.97,3.61,94.41,70.48,46.54,50378,29100,1.73,121.29,62.61,0.38,0.39,2026-05-22,2026-05-22 10:48:46
4919,新唐,199.5,190.5,199.5,188.5,63.5,48.25,63.84,14.09,13.96,0.12,194.53,162.22,129.92,42506,33613,1.26,837.43,79.64,0.4,0.2,2026-05-22,2026-05-22 10:48:46
4923,力士,40.2,39.1,42.1,38.5,56.71,48.84,62.86,0.93,0.69,0.24,40.7,36.4,32.1,3053,968,3.15,13.16,,,,2026-05-22,2026-05-22 10:48:47
4924,欣厚-KY,12.45,11.85,12.7,11.85,63.42,55.51,72.45,0.36,0.18,0.18,12.08,10.82,9.56,351,394,0.89,4.63,32.76,,,2026-05-22,2026-05-22 10:48:48
4925,智微,167.5,166.0,171.0,164.5,32.02,32.66,40.56,12.06,17.43,-5.37,220.77,177.2,133.63,376,789,0.48,118.54,,,,2026-05-22,2026-05-22 10:48:49
4927,泰鼎-KY,56.3,51.5,56.3,51.4,55.96,36.43,54.62,0.48,0.96,-0.48,61.13,53.61,46.09,27499,12826,2.14,149.16,7.03,,,2026-05-22,2026-05-22 10:48:50
4930,燦星網,16.7,16.6,16.75,16.55,11.99,9.73,8.33,-0.66,-0.59,-0.07,19.1,17.66,16.21,89,103,0.86,13.36,27.83,0.6,3.59,2026-05-22,2026-05-22 10:48:51
4931,新盛力,212.0,196.5,212.0,195.5,65.02,60.33,75.66,13.03,11.39,1.63,212.93,177.68,142.42,12321,8478,1.45,139.0,67.73,2.0,0.94,2026-05-22,2026-05-22 10:48:52
4933,友輝,73.9,74.2,74.6,73.0,70.77,50.46,58.79,2.17,2.21,-0.03,75.95,70.88,65.81,918,964,0.95,60.82,12.85,5.99,8.11,2026-05-22,2026-05-22 10:48:53
4934,太極,17.4,17.15,17.55,17.0,33.01,32.87,59.06,0.02,0.07,-0.05,19.25,17.06,14.88,1177,1055,1.12,39.15,,,,2026-05-22,2026-05-22 10:48:54
4935,茂林-KY,37.0,36.55,37.5,36.55,47.72,33.22,41.18,-0.3,-0.25,-0.05,38.95,37.11,35.27,106,74,1.44,47.68,27.82,2.2,5.95,2026-05-22,2026-05-22 10:48:55
4938,和碩,80.7,79.1,81.1,79.1,35.63,26.16,48.19,-0.49,-0.04,-0.45,86.57,80.99,75.4,12198,10450,1.17,2164.41,15.11,4.0,4.96,2026-05-22,2026-05-22 10:48:56
4939,亞電,39.55,38.55,40.75,38.55,43.23,31.2,29.86,0.23,0.87,-0.64,45.77,40.7,35.63,3432,2273,1.51,38.84,,0.5,1.26,2026-05-22,2026-05-22 10:48:57
4942,嘉彰,37.65,37.25,37.65,37.0,36.51,24.35,43.75,-0.24,-0.19,-0.05,38.57,37.69,36.8,198,103,1.91,53.6,12.38,2.0,5.31,2026-05-22,2026-05-22 10:48:58
4943,康控-KY,8.94,8.99,8.99,8.65,45.23,41.1,38.61,-0.41,-0.43,0.02,9.96,9.32,8.68,68,52,1.31,11.33,0.74,,,2026-05-22,2026-05-22 10:48:59
4946,辣椒,109.0,107.5,109.5,106.0,55.81,39.62,41.03,-2.43,-2.97,0.55,115.3,108.45,101.6,64,33,1.93,9.65,34.71,,,2026-05-22,2026-05-22 10:49:00
4949,有成精密,98.2,97.8,100.5,96.5,52.81,35.39,43.31,2.52,3.5,-0.98,107.62,93.9,80.19,5878,2664,2.21,66.48,51.96,1.4,1.43,2026-05-22,2026-05-22 10:49:01
4950,金耘國際,17.25,16.8,17.5,16.8,42.53,31.14,36.89,0.1,0.19,-0.08,18.72,17.12,15.52,26,28,0.92,9.96,,,,2026-05-22,2026-05-22 10:49:02
4951,精拓科,140.0,134.0,143.0,126.5,61.02,46.52,55.69,11.93,12.45,-0.52,151.89,120.97,90.05,4956,1280,3.87,47.81,23.89,4.5,3.21,2026-05-22,2026-05-22 10:49:03
4952,凌通,53.9,52.6,54.3,52.0,64.94,54.35,70.29,1.79,1.66,0.13,53.66,49.36,45.07,2346,1340,1.75,58.65,52.33,2.25,4.17,2026-05-22,2026-05-22 10:49:04
4953,緯軟,122.0,120.0,122.5,119.0,61.71,41.25,50.0,0.21,0.3,-0.09,123.92,119.67,115.43,514,340,1.51,87.02,14.61,3.99,3.27,2026-05-22,2026-05-22 10:49:05
4956,光鋐,48.2,44.8,48.55,44.8,48.1,28.83,48.53,0.57,1.19,-0.63,52.33,46.24,40.16,11400,4622,2.47,48.4,28.19,,,2026-05-22,2026-05-22 10:49:06
4958,臻鼎-KY,516.0,481.0,516.0,480.0,75.24,60.43,64.18,43.5,41.46,2.04,490.14,416.18,342.21,52128,46386,1.12,5519.9,76.33,3.45,0.67,2026-05-22,2026-05-22 10:49:07
4960,誠美材,35.8,37.0,37.35,35.6,38.33,30.34,43.7,0.86,1.82,-0.96,43.89,37.68,31.47,25515,17306,1.47,202.53,,,,2026-05-22,2026-05-22 10:49:08
4961,天鈺,175.5,179.5,179.5,172.5,64.64,63.66,66.95,5.5,5.03,0.47,182.47,165.8,149.13,1883,1587,1.19,210.17,18.3,12.87,7.33,2026-05-22,2026-05-22 10:49:09
4966,譜瑞-KY,795.0,808.0,808.0,780.0,69.91,72.55,75.7,63.57,57.9,5.67,879.67,686.7,493.73,1320,1483,0.89,607.1,23.16,17.66,2.22,2026-05-22,2026-05-22 10:49:10
4967,十銓,270.5,270.0,275.5,268.0,28.84,24.84,40.79,6.17,10.97,-4.8,307.8,281.45,255.1,4671,5162,0.9,229.83,20.89,3.0,1.11,2026-05-22,2026-05-22 10:49:10
4968,立積,119.5,117.0,120.0,115.5,48.12,35.0,56.72,0.25,0.68,-0.43,124.85,117.22,109.6,1385,886,1.56,110.19,45.27,1.1,0.92,2026-05-22,2026-05-22 10:49:11
4971,IET-KY,733.0,758.0,758.0,725.0,38.74,35.21,42.57,8.11,21.56,-13.44,838.47,744.6,650.73,247,711,0.35,293.1,444.24,,,2026-05-22,2026-05-22 10:49:12
4972,湯石照明,16.4,16.5,16.5,16.4,58.37,55.12,55.56,-0.17,-0.21,0.04,16.56,16.45,16.33,67,37,1.79,9.17,,0.8,4.88,2026-05-22,2026-05-22 10:49:13
4973,廣穎,115.0,109.5,118.0,108.5,45.5,57.36,74.03,9.5,9.75,-0.25,129.75,101.7,73.66,6145,4947,1.24,75.09,54.76,1.0,0.87,2026-05-22,2026-05-22 10:49:14
4974,亞泰,76.2,76.2,76.4,75.1,61.21,51.69,73.12,0.77,0.6,0.17,75.73,73.72,71.71,324,228,1.42,55.24,14.94,5.45,7.15,2026-05-22,2026-05-22 10:49:16
4976,佳凌,32.9,33.1,33.4,32.4,77.67,68.83,71.0,0.75,0.41,0.34,32.65,30.02,27.38,1852,1562,1.19,46.16,21.79,,,2026-05-22,2026-05-22 10:49:16
4977,眾達-KY,219.5,211.0,222.0,210.5,15.88,21.55,50.0,1.59,6.13,-4.54,256.93,222.55,188.17,5179,4455,1.16,175.57,49.66,2.25,1.03,2026-05-22,2026-05-22 10:49:17
4979,華星光,630.0,625.0,630.0,620.0,38.22,29.97,45.3,13.61,25.56,-11.94,733.76,612.0,490.24,1147,1093,1.05,888.65,117.98,1.54,0.24,2026-05-22,2026-05-22 10:49:18
4980,佐臻,49.9,50.3,53.0,45.95,73.71,75.79,71.92,4.93,3.86,1.07,53.59,40.62,27.65,1044,1076,0.97,22.49,453.64,,,2026-05-22,2026-05-22 10:49:19
4987,科誠,81.6,81.6,81.6,81.6,64.16,44.12,60.0,0.07,0.08,-0.01,81.64,81.51,81.38,0,21,0.0,26.01,12.95,5.2,6.37,2026-05-21,2026-05-22 10:49:20
4989,榮科,99.4,97.8,102.0,97.6,57.02,36.28,44.8,1.0,2.26,-1.26,113.79,98.82,83.85,17664,12056,1.47,136.95,,,,2026-05-22,2026-05-22 10:49:21
4991,環宇-KY,814.0,766.0,814.0,750.0,79.36,66.11,61.21,46.71,46.33,0.39,797.45,682.95,568.45,2010,1103,1.82,984.48,5426.67,,,2026-05-22,2026-05-22 10:49:22
4994,傳奇,89.4,89.1,93.1,88.0,13.85,16.69,29.23,-2.18,-1.42,-0.76,102.58,95.28,87.99,29,15,1.88,59.35,45.85,9.0,10.07,2026-05-22,2026-05-22 10:49:23
4995,晶達,48.75,46.0,49.45,45.9,75.78,64.57,69.6,1.12,0.85,0.27,47.5,44.25,41.0,293,89,3.27,20.68,21.96,1.99,4.08,2026-05-22,2026-05-22 10:49:24
4999,鑫禾,20.1,19.45,20.1,19.45,20.5,15.38,22.0,-0.53,-0.42,-0.12,22.71,20.93,19.15,148,103,1.44,14.8,15.0,1.0,4.98,2026-05-22,2026-05-22 10:49:25
5007,三星,56.8,57.0,57.0,56.2,34.77,32.56,41.67,-0.15,0.11,-0.26,59.07,57.43,55.79,62,119,0.52,167.53,18.81,3.0,5.28,2026-05-22,2026-05-22 10:49:26
5009,榮剛,35.6,35.45,36.65,35.25,18.43,31.13,59.24,0.77,0.93,-0.16,40.1,35.16,30.22,3311,3196,1.04,195.08,17.45,1.2,3.37,2026-05-22,2026-05-22 10:49:27
5011,久陽,16.1,15.9,16.2,15.5,61.75,52.1,63.16,0.41,0.35,0.05,16.28,14.91,13.55,599,386,1.55,16.21,,0.2,1.24,2026-05-22,2026-05-22 10:49:28
5013,強新,27.2,27.25,27.5,27.15,22.01,13.71,38.3,-0.67,-0.61,-0.07,29.76,27.98,26.21,19,9,2.19,36.29,18.76,0.8,2.94,2026-05-22,2026-05-22 10:49:29
5014,建錩,10.45,10.25,10.5,10.25,65.48,64.96,73.54,0.05,-0.03,0.08,10.67,9.97,9.27,298,209,1.43,19.15,,0.3,2.87,2026-05-22,2026-05-22 10:49:30
5015,華祺,22.0,22.0,22.05,21.9,24.21,22.96,20.37,-0.77,-0.8,0.03,24.45,22.83,21.2,23,26,0.88,13.34,366.67,2.3,10.45,2026-05-22,2026-05-22 10:49:31
5016,松和,25.1,24.9,25.15,24.9,30.42,27.05,33.33,-0.69,-0.68,-0.01,26.42,25.47,24.52,62,38,1.64,12.46,16.73,1.2,4.78,2026-05-22,2026-05-22 10:49:32
5201,凱衛,28.95,29.0,29.2,27.55,41.77,39.11,31.58,-1.67,-1.89,0.22,31.25,30.0,28.75,445,111,4.0,11.2,,0.5,1.73,2026-05-22,2026-05-22 10:49:33
5202,力新,11.9,12.05,12.2,11.85,19.37,15.68,27.45,-0.43,-0.34,-0.09,13.84,12.69,11.54,249,201,1.24,10.6,,0.5,4.2,2026-05-22,2026-05-22 10:49:34
5203,訊連,64.9,64.4,65.0,64.1,52.4,41.93,36.23,0.02,0.01,0.01,67.0,64.62,62.24,247,193,1.27,51.49,18.28,3.9,6.01,2026-05-22,2026-05-22 10:49:35
5205,中茂,23.65,23.35,23.65,20.9,73.01,60.88,62.14,-0.93,-1.21,0.28,24.1,22.52,20.93,21,9,2.27,3.19,,,,2026-05-22,2026-05-22 10:49:37
5206,坤悅,22.7,22.8,22.85,22.6,15.24,21.76,39.53,-0.85,-0.92,0.06,24.63,23.37,22.1,63,50,1.26,38.93,6.6,0.5,2.2,2026-05-22,2026-05-22 10:49:38
5209,新鼎,166.5,166.5,167.0,166.0,70.46,63.22,70.59,0.04,-0.21,0.25,166.6,164.72,162.85,97,61,1.59,47.33,10.89,11.33,6.8,2026-05-22,2026-05-22 10:49:39
5210,寶碩,26.75,26.5,27.2,26.5,43.18,42.13,57.45,0.97,1.02,-0.05,29.69,25.75,21.81,197,246,0.8,21.98,36.64,,,2026-05-22,2026-05-22 10:49:40
5211,蒙恬,17.6,17.65,17.85,17.4,7.74,14.09,27.43,-1.0,-0.74,-0.26,22.21,19.86,17.52,436,281,1.55,5.64,,,,2026-05-22,2026-05-22 10:49:41
5212,凌網,46.4,46.5,46.5,46.0,36.73,42.99,47.06,-0.53,-0.49,-0.04,48.43,47.14,45.84,19,10,1.78,16.07,9.81,4.2,9.05,2026-05-22,2026-05-22 10:49:42
5213,亞昕,26.75,26.95,27.0,26.45,74.24,61.61,66.67,0.03,-0.09,0.12,26.68,25.99,25.3,972,689,1.41,192.58,8.74,2.8,10.47,2026-05-22,2026-05-22 10:49:43
5215,科嘉-KY,45.55,45.0,46.0,44.75,52.57,56.32,73.09,2.0,1.52,0.48,48.09,40.96,33.84,265,361,0.73,29.31,22.55,2.5,5.49,2026-05-22,2026-05-22 10:49:44
5220,萬達光電,22.5,22.4,22.6,22.2,73.21,72.24,75.0,0.65,0.53,0.12,23.16,21.12,19.07,60,70,0.87,8.86,,0.5,2.22,2026-05-22,2026-05-22 10:49:45
5222,全訊,128.0,125.5,128.0,125.5,28.38,15.89,38.81,-2.27,-1.41,-0.86,141.69,130.62,119.56,612,451,1.36,116.6,51.2,2.5,1.95,2026-05-22,2026-05-22 10:49:46
5223,安力-KY,24.05,23.95,24.3,23.95,22.71,25.35,22.5,-0.59,-0.59,-0.0,25.75,24.73,23.7,36,35,1.01,10.71,,,,2026-05-22,2026-05-22 10:49:47
5225,東科-KY,71.2,71.1,71.5,70.5,26.44,19.84,14.58,-2.31,-2.27,-0.05,79.45,73.75,68.04,234,205,1.14,56.02,7.0,7.21,10.13,2026-05-22,2026-05-22 10:49:48
5227,立凱-KY,26.4,25.75,27.25,25.5,80.56,73.85,81.29,0.8,0.13,0.67,26.26,22.29,18.33,379,507,0.75,17.95,155.29,,,2026-05-22,2026-05-22 10:49:49
5228,鈺鎧,51.6,52.5,52.5,50.5,75.91,74.59,75.49,5.5,4.75,0.75,56.69,40.97,25.24,452,489,0.92,19.64,,,,2026-05-22,2026-05-22 10:49:50
5230,雷笛克光學,17.3,17.25,17.4,17.15,57.18,47.52,51.79,0.0,-0.03,0.03,17.68,17.04,16.39,133,128,1.04,9.47,11.85,0.51,2.95,2026-05-22,2026-05-22 10:49:51
5234,達興材料,443.5,420.0,451.0,420.0,53.56,38.5,52.99,1.54,2.17,-0.63,454.53,420.12,385.72,1284,737,1.74,455.55,60.42,6.5,1.47,2026-05-22,2026-05-22 10:49:52
5236,凌陽創新,181.0,179.0,182.5,178.0,78.96,66.82,66.67,7.46,6.89,0.57,179.23,165.9,152.57,645,1028,0.63,108.61,21.1,9.0,4.97,2026-05-22,2026-05-22 10:49:53
5240,建騰,26.0,25.85,26.1,24.9,29.46,26.43,39.47,-0.5,-0.02,-0.48,31.67,28.01,24.35,16,19,0.82,6.91,52.0,0.4,1.54,2026-05-22,2026-05-22 10:49:54
5243,乙盛-KY,123.0,117.5,123.0,113.5,72.81,55.54,64.66,2.44,1.77,0.67,118.96,107.22,95.47,10262,10115,1.01,207.29,28.08,1.5,1.22,2026-05-22,2026-05-22 10:49:55
5244,弘凱,41.2,38.35,42.0,38.35,34.53,18.65,48.08,-0.57,-0.36,-0.21,43.75,40.21,36.67,1693,549,3.08,28.12,82.4,1.5,3.64,2026-05-22,2026-05-22 10:49:56
5245,智晶,26.25,26.65,26.65,26.0,58.33,49.37,67.44,0.34,0.17,0.17,26.88,25.16,23.44,121,131,0.92,11.37,,,,2026-05-22,2026-05-22 10:49:57
5246,勵威,160.5,139.5,163.5,137.0,20.58,18.58,31.17,-18.07,-8.58,-9.49,271.1,196.45,121.8,962,998,0.96,71.29,,,,2026-05-22,2026-05-22 10:49:58
5248,景傳,51.5,41.55,52.5,40.7,35.53,21.16,36.92,0.03,2.08,-2.05,68.73,52.35,35.98,502,243,2.07,12.62,,1.1,2.14,2026-05-22,2026-05-22 10:49:59
5251,天鉞電,27.1,26.85,27.4,26.8,25.28,28.06,38.94,-0.76,-0.66,-0.1,29.95,28.13,26.32,132,83,1.58,9.14,903.33,,,2026-05-22,2026-05-22 10:50:00
5254,欣訊科技,45.4,43.1,45.4,42.0,40.12,49.69,58.7,3.33,3.36,-0.03,57.43,42.16,26.88,164,303,0.54,10.26,19.32,2.0,4.41,2026-05-22,2026-05-22 10:50:01
5258,虹堡,57.6,57.3,59.2,56.1,63.02,65.68,70.45,2.54,1.99,0.55,61.56,52.53,43.51,1997,2752,0.73,63.12,13.71,2.52,4.38,2026-05-22,2026-05-22 10:50:02
5262,立達,52.3,51.2,52.7,50.6,25.62,26.42,56.58,-0.48,-0.34,-0.15,57.7,52.43,47.17,116,204,0.57,27.56,39.03,2.67,5.11,2026-05-22,2026-05-22 10:50:03
5263,智崴,113.5,114.0,115.0,112.0,83.32,77.29,76.92,4.11,2.81,1.3,116.12,101.78,87.43,258,406,0.63,80.42,30.19,0.94,0.83,2026-05-22,2026-05-22 10:50:04
5267,龍翩,60.8,53.7,63.5,51.6,31.6,23.73,33.85,2.33,4.26,-1.93,76.22,59.97,43.73,172,103,1.67,15.26,60.8,3.01,4.95,2026-05-22,2026-05-22 10:50:05
5269,祥碩,1480.0,1430.0,1495.0,1420.0,55.18,55.08,57.63,48.86,51.36,-2.5,1516.42,1385.25,1254.08,1855,1738,1.07,1097.52,20.46,30.0,2.03,2026-05-22,2026-05-22 10:50:06
5271,紘通,20.35,20.3,20.7,19.05,31.63,31.76,38.29,-0.96,-0.42,-0.54,26.31,22.0,17.7,1221,996,1.23,12.92,678.33,,,2026-05-22,2026-05-22 10:50:07
5272,笙科,23.2,23.2,23.45,23.15,43.17,27.09,31.76,-0.22,-0.06,-0.16,25.75,23.67,21.59,209,260,0.8,12.82,,,,2026-05-22,2026-05-22 10:50:08
5274,信驊,17780.0,17235.0,17780.0,16285.0,44.71,36.72,51.36,701.88,982.61,-280.73,18832.31,17044.25,15256.19,355,361,0.98,6721.32,171.67,52.0,0.29,2026-05-22,2026-05-22 10:50:09
5276,達輝-KY,18.9,18.7,19.35,18.65,24.75,30.53,44.4,0.53,0.82,-0.28,22.1,20.01,17.91,26,37,0.71,7.47,16.73,0.6,3.17,2026-05-22,2026-05-22 10:50:10
5278,尚凡*,24.6,24.65,24.7,24.3,56.24,48.54,57.63,0.05,-0.13,0.18,24.76,23.69,22.61,407,459,0.89,73.8,23.43,0.67,2.72,2026-05-22,2026-05-22 10:50:11
5283,禾聯碩,52.1,52.0,52.2,51.7,55.93,49.47,47.5,-0.71,-0.79,0.08,53.58,52.43,51.28,104,81,1.28,45.64,9.32,0.7,1.34,2026-05-22,2026-05-22 10:50:12
5284,jpp-KY,410.0,391.0,418.5,389.0,61.87,55.8,68.14,18.92,18.5,0.42,410.67,364.12,317.58,2568,1524,1.68,216.86,34.05,1.48,0.36,2026-05-22,2026-05-22 10:50:13
5285,界霖,79.1,81.0,82.8,76.2,78.62,85.82,84.76,7.16,5.76,1.4,87.08,65.65,44.21,5900,4674,1.26,80.71,51.7,2.0,2.53,2026-05-22,2026-05-22 10:50:14
5287,數字,154.0,151.0,157.0,151.0,42.23,30.6,52.17,-1.95,-2.33,0.38,157.01,152.22,147.44,185,63,2.93,92.88,11.14,10.25,6.66,2026-05-22,2026-05-22 10:50:15
5288,豐祥-KY,150.5,149.5,151.5,149.5,26.46,19.59,34.02,-2.23,-0.67,-1.56,175.6,157.82,140.05,92,117,0.79,104.9,12.39,8.51,5.65,2026-05-22,2026-05-22 10:50:16
5289,宜鼎,1725.0,1755.0,1810.0,1725.0,44.12,58.71,69.91,164.12,170.56,-6.45,2047.8,1557.75,1067.7,3120,4181,0.75,1661.82,80.05,9.38,0.54,2026-05-22,2026-05-22 10:50:17
5291,邑昇,76.9,80.0,80.5,76.7,74.22,67.14,59.95,2.69,1.66,1.02,80.55,67.72,54.89,4333,4045,1.07,30.68,248.06,,,2026-05-22,2026-05-22 10:50:18
5292,華懋,219.5,220.5,223.5,219.0,36.65,42.32,33.33,-2.02,0.37,-2.39,251.66,231.4,211.14,94,126,0.75,92.43,22.22,4.09,1.86,2026-05-22,2026-05-22 10:50:19
5297,廣化,125.0,105.5,131.5,104.0,28.36,20.71,28.13,-5.46,2.93,-8.39,207.84,147.53,87.21,1437,1238,1.16,46.44,304.88,0.9,0.72,2026-05-22,2026-05-22 10:50:20
5299,杰力,107.0,108.5,108.5,105.0,71.57,69.64,75.07,5.61,4.96,0.65,108.78,95.73,82.67,621,1061,0.59,54.45,23.52,3.66,3.42,2026-05-22,2026-05-22 10:50:21
5301,寶得利,6.96,6.76,7.13,6.76,18.04,18.36,20.33,-0.59,-0.54,-0.05,9.38,7.85,6.32,21,30,0.71,4.59,,,,2026-05-22,2026-05-22 10:50:22
5302,太欣,10.1,10.15,10.15,9.95,16.23,14.03,35.8,-0.34,-0.22,-0.12,12.36,10.93,9.49,668,565,1.18,16.15,,,,2026-05-22,2026-05-22 10:50:23
5306,桂盟,83.2,82.7,83.2,82.1,46.92,51.48,60.5,-0.39,-0.76,0.38,84.67,82.01,79.35,128,181,0.71,104.83,11.37,3.81,4.58,2026-05-22,2026-05-22 10:50:24
5309,系統電,69.3,67.8,70.0,67.1,67.28,60.27,70.42,1.89,1.5,0.39,69.6,64.21,58.82,11002,10770,1.02,158.4,266.54,0.5,0.72,2026-05-22,2026-05-22 10:50:25
5310,天剛,24.0,23.9,24.3,23.9,37.8,41.97,59.89,-0.17,-0.23,0.06,26.58,24.0,21.42,8,3,2.35,6.95,46.15,,,2026-05-22,2026-05-22 10:50:26
5312,寶島科,93.6,93.0,94.0,93.0,14.98,18.76,27.16,-1.03,-0.73,-0.31,98.88,96.09,93.3,31,55,0.57,56.22,14.62,7.5,8.01,2026-05-22,2026-05-22 10:50:27
5314,世紀*,67.0,69.5,69.5,66.9,36.55,24.39,36.39,-2.77,-2.5,-0.27,78.95,71.05,63.16,5212,6307,0.83,193.96,12.07,0.27,0.4,2026-05-22,2026-05-22 10:50:28
5315,光聯,22.05,21.95,22.2,21.85,43.95,29.01,39.02,-0.27,-0.27,0.0,22.72,22.13,21.55,356,310,1.15,23.45,11.67,1.5,6.8,2026-05-22,2026-05-22 10:50:29
5321,美而快,38.9,38.9,38.9,35.3,96.08,87.81,97.75,2.56,0.8,1.76,35.01,25.19,15.37,2310,1257,1.84,20.69,,,,2026-05-22,2026-05-22 10:50:30
5324,士開,11.95,11.8,11.95,11.8,97.42,92.09,85.71,0.16,0.03,0.14,12.16,11.1,10.04,278,235,1.18,27.05,,,,2026-05-22,2026-05-22 10:50:31
5328,華容,35.5,35.3,36.85,34.15,79.33,70.49,78.4,1.82,1.05,0.77,33.94,27.84,21.75,56779,25783,2.2,61.31,91.03,0.6,1.69,2026-05-22,2026-05-22 10:50:32
5340,建榮,107.5,104.0,108.0,104.0,24.9,16.58,32.78,-2.97,-1.9,-1.07,124.48,109.81,95.14,3856,2483,1.55,209.51,90.34,0.2,0.19,2026-05-22,2026-05-22 10:50:33
5344,立衛,16.2,16.2,16.6,16.2,36.62,28.53,46.67,0.15,0.28,-0.13,17.83,16.48,15.13,124,80,1.55,12.87,,,,2026-05-22,2026-05-22 10:50:35
5345,馥鴻,19.4,20.2,20.2,19.4,22.37,34.67,22.58,-0.67,-0.49,-0.17,23.22,21.52,19.82,51,19,2.69,7.33,,,,2026-05-22,2026-05-22 10:50:36
5347,世界,162.0,165.0,167.5,158.0,32.06,38.97,55.45,7.38,9.34,-1.96,186.7,160.32,133.95,30676,43135,0.71,3044.9,38.39,4.5,2.78,2026-05-22,2026-05-22 10:50:37
5348,正能量智能,17.7,15.55,17.7,15.55,81.89,64.57,60.63,-0.11,-0.35,0.24,17.85,15.92,13.99,4,2,1.74,2.62,,,,2026-05-22,2026-05-22 10:50:38
5351,鈺創,80.5,76.9,82.5,76.8,32.48,44.58,58.92,2.85,3.43,-0.58,92.36,76.79,61.21,27171,23510,1.16,262.2,,,,2026-05-22,2026-05-22 10:50:39
5353,台林,26.4,26.25,26.65,26.1,51.27,33.49,46.67,0.14,0.21,-0.07,26.97,26.27,25.57,92,72,1.27,20.0,19.27,1.3,4.92,2026-05-22,2026-05-22 10:50:40
5355,佳總,6.3,6.38,6.45,6.3,33.46,37.01,34.72,-0.11,-0.06,-0.05,7.17,6.68,6.2,190,63,2.99,10.47,,,,2026-05-22,2026-05-22 10:50:41
5356,協益,26.7,26.65,26.85,26.55,37.11,29.7,52.17,0.12,0.21,-0.08,27.25,26.68,26.12,87,70,1.25,27.51,60.68,2.3,8.61,2026-05-22,2026-05-22 10:50:42
5364,力麗店,9.06,9.15,9.15,8.81,15.07,11.78,9.43,-0.54,-0.53,-0.01,10.71,9.71,8.71,131,96,1.37,5.78,,,,2026-05-22,2026-05-22 10:50:43
5371,中光電,72.1,72.0,73.0,71.6,57.69,41.35,54.15,-1.21,-1.54,0.33,76.15,70.94,65.73,3710,4226,0.88,288.19,75.89,1.5,2.08,2026-05-22,2026-05-22 10:50:44
5381,光譜,25.45,25.65,25.75,25.25,36.14,43.07,60.96,-0.04,-0.27,0.23,26.74,24.44,22.14,799,745,1.07,44.96,30.66,,,2026-05-22,2026-05-22 10:50:45
5386,青雲,497.0,472.0,513.0,471.0,63.38,49.48,62.04,28.93,28.68,0.25,519.88,427.52,335.17,3912,1054,3.71,179.32,57.72,0.59,0.12,2026-05-22,2026-05-22 10:50:46
5388,中磊,85.1,83.5,86.1,82.9,48.24,39.15,62.25,0.69,0.44,0.25,87.45,80.24,73.03,5970,5907,1.01,255.06,21.54,2.5,2.94,2026-05-22,2026-05-22 10:50:47
5392,能率,44.05,42.0,44.2,41.65,58.43,50.67,54.41,0.93,0.83,0.11,45.42,41.14,36.85,5606,4075,1.38,77.32,,0.2,0.45,2026-05-22,2026-05-22 10:50:48
5398,慕康生醫,17.8,17.85,18.25,17.75,8.68,16.36,14.29,-0.6,-0.45,-0.15,21.02,19.73,18.44,293,101,2.89,8.8,50.86,,,2026-05-22,2026-05-22 10:50:49
5403,中菲,85.9,86.2,86.2,85.5,10.68,11.55,25.47,-2.89,-2.48,-0.41,98.37,90.78,83.18,128,132,0.97,67.14,10.34,6.5,7.57,2026-05-22,2026-05-22 10:50:50
5410,國眾,38.8,38.95,38.95,38.55,83.81,79.69,86.62,1.7,1.53,0.18,40.38,35.64,30.9,712,848,0.84,35.72,16.8,1.5,3.87,2026-05-22,2026-05-22 10:50:52
5425,台半,87.1,89.5,92.0,87.1,78.64,76.42,75.0,6.79,5.23,1.56,93.17,72.7,52.24,30749,40217,0.76,212.98,42.08,2.02,2.32,2026-05-22,2026-05-22 10:50:53
5426,振發,19.2,18.4,19.2,18.35,63.99,46.67,62.64,-0.15,-0.3,0.15,18.78,18.06,17.34,724,363,2.0,27.61,36.92,0.5,2.6,2026-05-22,2026-05-22 10:50:54
5432,新門,144.0,145.5,146.5,143.0,28.63,32.95,54.44,1.23,1.35,-0.12,150.89,143.65,136.41,116,133,0.87,29.79,62.61,1.5,1.04,2026-05-22,2026-05-22 10:50:55
5434,崇越,449.5,424.0,454.5,422.0,51.44,34.93,62.84,8.59,9.68,-1.09,439.69,414.38,389.06,2026,967,2.09,870.49,20.99,11.99,2.67,2026-05-22,2026-05-22 10:50:56
5438,東友,18.95,18.55,19.0,18.55,29.87,20.27,45.76,-0.22,-0.2,-0.01,19.89,19.02,18.16,99,69,1.42,21.33,37.16,0.65,3.43,2026-05-22,2026-05-22 10:50:57
5439,高技,387.5,380.5,394.0,379.0,27.9,26.68,48.44,6.25,11.06,-4.81,413.95,387.15,360.35,2461,3554,0.69,360.28,28.75,2.2,0.57,2026-05-22,2026-05-22 10:50:58
5443,均豪,121.5,120.0,127.0,119.0,26.03,29.18,34.91,1.98,3.75,-1.77,138.69,123.75,108.81,6663,5813,1.15,195.98,47.83,2.2,1.81,2026-05-22,2026-05-22 10:50:59
5450,南良,13.0,13.0,13.05,12.9,41.87,26.57,48.84,-0.3,-0.35,0.05,13.51,12.93,12.34,75,45,1.66,15.91,100.0,0.5,3.85,2026-05-22,2026-05-22 10:51:00
5452,佶優,34.6,33.4,34.95,33.05,54.54,41.55,61.84,-0.06,-0.17,0.11,34.31,32.58,30.86,4425,1937,2.28,51.13,104.85,0.25,0.72,2026-05-22,2026-05-22 10:51:01
5455,昇益,24.0,23.95,24.0,23.75,17.51,23.14,43.08,-0.21,-0.05,-0.16,26.28,25.0,23.73,6,25,0.24,15.72,6.94,,,2026-05-22,2026-05-22 10:51:02
5457,宣德,29.05,28.65,29.45,28.5,8.23,6.15,16.45,-2.13,-1.24,-0.88,41.35,34.32,27.28,603,1609,0.37,57.07,11.53,1.28,4.41,2026-05-22,2026-05-22 10:51:03
5460,同協,15.55,15.5,15.6,15.45,57.83,44.56,73.33,0.12,0.07,0.05,15.47,15.09,14.7,78,59,1.3,9.14,,,,2026-05-22,2026-05-22 10:51:04
5464,霖宏,71.0,71.5,72.0,70.0,88.04,82.92,86.19,9.7,7.95,1.75,79.27,50.33,21.39,536,795,0.67,50.46,,1.0,1.41,2026-05-22,2026-05-22 10:51:05
5465,富驊,25.3,24.35,25.3,24.3,40.43,28.41,53.85,-0.33,-0.38,0.04,25.76,24.93,24.11,148,102,1.44,37.36,19.77,1.8,7.11,2026-05-22,2026-05-22 10:51:06
5468,凱鈺,17.9,17.7,17.95,17.4,39.75,31.83,45.31,-0.14,-0.09,-0.04,18.59,17.87,17.15,69,74,0.94,10.55,,,,2026-05-22,2026-05-22 10:51:07
5469,瀚宇博,82.9,82.5,83.5,82.4,43.14,29.39,48.51,-2.01,-1.92,-0.09,91.14,83.47,75.81,2087,2442,0.85,402.84,13.75,2.52,3.04,2026-05-22,2026-05-22 10:51:08
5471,松翰,54.0,52.7,54.1,52.1,82.79,74.96,72.69,2.77,2.29,0.49,55.79,47.29,38.8,4064,4083,1.0,90.65,76.06,1.0,1.85,2026-05-22,2026-05-22 10:51:09
5474,聰泰,172.5,175.0,175.0,171.0,59.0,47.09,57.69,6.27,6.28,-0.0,186.45,160.8,135.15,992,546,1.82,68.58,31.48,4.0,2.32,2026-05-22,2026-05-22 10:51:10
5475,德宏,297.0,296.5,315.5,295.0,21.05,18.58,33.88,-3.81,5.73,-9.54,387.97,326.1,264.23,4468,2666,1.68,377.57,,,,2026-05-22,2026-05-22 10:51:11
5478,智冠,99.1,99.4,99.4,97.9,56.56,50.87,65.43,0.06,-0.32,0.37,99.85,97.55,95.24,158,164,0.96,148.48,12.56,7.5,7.57,2026-05-22,2026-05-22 10:51:12
5481,新華,19.7,19.8,19.8,19.35,35.03,26.15,30.88,-0.53,-0.48,-0.05,21.72,20.47,19.22,188,124,1.51,13.08,,,,2026-05-22,2026-05-22 10:51:13
5483,中美晶,147.5,145.5,149.5,143.5,29.41,31.11,56.71,4.23,5.73,-1.5,160.62,143.0,125.38,11075,9521,1.16,905.9,22.08,3.5,2.37,2026-05-22,2026-05-22 10:51:14
5484,慧友,44.7,43.0,45.3,42.35,65.31,53.23,68.83,0.7,0.11,0.58,42.9,39.17,35.43,2153,1396,1.54,29.86,64.78,,,2026-05-22,2026-05-22 10:51:15
5487,通泰,27.65,27.2,27.7,27.0,57.41,49.89,34.86,-0.27,-0.17,-0.1,29.81,28.25,26.68,73,71,1.03,6.7,,,,2026-05-22,2026-05-22 10:51:16
5488,松普,11.55,11.85,12.4,11.55,73.8,72.53,73.24,0.34,0.16,0.18,11.61,10.34,9.07,1697,1857,0.91,10.58,105.0,,,2026-05-22,2026-05-22 10:51:17
5489,彩富,40.15,39.65,40.2,39.5,57.13,50.2,38.18,-0.18,-0.12,-0.06,41.15,40.34,39.54,49,49,1.01,39.94,20.18,1.82,4.53,2026-05-22,2026-05-22 10:51:18
5490,同亨,29.75,29.2,29.75,28.9,58.65,48.64,73.47,0.5,0.39,0.11,29.58,27.91,26.24,1003,629,1.59,27.71,17.71,1.5,5.04,2026-05-22,2026-05-22 10:51:19
5493,三聯,93.4,94.4,94.4,92.2,61.39,62.6,57.69,2.21,2.11,0.1,96.14,90.13,84.11,249,442,0.57,40.81,22.34,2.6,2.78,2026-05-22,2026-05-22 10:51:20
5498,凱崴,66.8,63.2,68.3,63.2,18.83,18.67,40.77,-0.54,0.95,-1.49,79.48,70.58,61.68,6341,5889,1.08,129.29,,0.15,0.22,2026-05-22,2026-05-22 10:51:21
5508,永信建,48.15,48.6,48.6,48.0,40.68,38.06,37.75,-0.73,-0.75,0.03,50.57,49.0,47.44,443,341,1.3,104.69,15.68,14.5,30.11,2026-05-22,2026-05-22 10:51:22
5511,德昌,71.9,72.0,72.3,71.6,58.91,62.55,65.52,0.22,0.08,0.14,73.07,71.12,69.17,362,174,2.08,81.56,6.8,3.8,5.29,2026-05-22,2026-05-22 10:51:23
5512,力麒,6.92,6.91,7.0,6.84,56.64,37.68,39.62,-0.22,-0.24,0.02,7.62,7.06,6.5,1678,1001,1.68,52.58,49.43,0.18,2.6,2026-05-22,2026-05-22 10:51:25
5514,三豐,15.2,15.2,16.1,14.7,22.69,20.65,20.83,-0.16,-0.15,-0.02,15.85,15.44,15.03,78,16,4.88,34.45,,,,2026-05-22,2026-05-22 10:51:26
5515,建國,40.2,40.2,40.35,39.65,45.17,42.41,53.95,0.24,0.3,-0.06,41.28,39.86,38.44,528,900,0.59,81.04,9.01,2.15,5.35,2026-05-22,2026-05-22 10:51:26
5516,雙喜,10.7,11.0,11.05,10.5,32.89,35.75,40.0,-0.37,-0.42,0.05,11.9,11.15,10.4,111,67,1.64,5.52,66.88,,,2026-05-22,2026-05-22 10:51:28
5519,隆大,32.65,32.75,32.95,32.6,57.66,45.17,55.0,-0.11,-0.14,0.03,33.22,32.55,31.88,365,279,1.31,71.57,6.64,3.0,9.19,2026-05-22,2026-05-22 10:51:29
5520,力泰,82.2,82.2,82.2,82.1,86.49,82.56,51.22,0.21,-0.02,0.23,83.14,81.14,79.14,4,2,1.89,49.3,8.36,7.0,8.52,2026-05-22,2026-05-22 10:51:30
5521,工信,10.7,11.05,11.1,10.5,25.77,21.39,43.75,-0.64,-0.69,0.06,12.46,11.23,10.0,5633,4719,1.19,52.67,20.58,0.15,1.4,2026-05-22,2026-05-22 10:51:30
5522,遠雄,69.5,70.3,70.3,69.5,36.93,49.95,50.42,0.14,0.16,-0.01,72.18,70.0,67.83,928,827,1.12,543.21,9.34,5.5,7.91,2026-05-22,2026-05-22 10:51:31
5523,豐謙,30.4,30.25,33.05,30.2,45.39,58.78,50.0,0.01,0.02,-0.02,30.49,30.33,30.16,72,84,0.86,47.12,,0.5,1.64,2026-05-22,2026-05-22 10:51:32
5525,順天,21.7,22.15,22.3,21.55,16.77,25.53,18.18,-0.62,-0.55,-0.07,23.97,22.98,21.99,291,128,2.26,66.68,15.5,0.75,3.46,2026-05-22,2026-05-22 10:51:33
5529,鉅陞,24.15,25.9,25.9,23.7,61.84,55.43,64.63,0.03,-0.47,0.5,24.88,22.45,20.01,207,314,0.66,24.59,12.01,,,2026-05-22,2026-05-22 10:51:35
5530,龍巖,46.45,46.6,46.7,45.75,25.38,36.84,59.61,0.32,0.21,0.11,49.54,46.09,42.64,624,545,1.15,195.13,16.95,,,2026-05-22,2026-05-22 10:51:36
5531,鄉林,7.72,7.77,7.77,7.64,10.32,12.94,32.06,-0.24,-0.2,-0.04,8.7,8.18,7.67,612,733,0.84,75.47,,,,2026-05-22,2026-05-22 10:51:36
5533,皇鼎,13.85,13.85,13.9,13.75,35.89,28.23,20.0,-0.15,-0.13,-0.02,14.48,14.08,13.68,86,95,0.9,39.51,24.73,,,2026-05-22,2026-05-22 10:51:37
5534,長虹,75.5,75.6,75.6,75.0,14.61,20.96,33.33,-0.72,-0.45,-0.27,79.73,77.33,74.93,677,702,0.96,238.07,12.77,5.42,7.18,2026-05-22,2026-05-22 10:51:38
5536,聖暉*,927.0,935.0,952.0,922.0,42.81,51.85,60.4,37.33,42.19,-4.86,1024.0,912.3,800.6,1287,1704,0.76,1150.23,32.72,20.0,2.16,2026-05-22,2026-05-22 10:51:39
5538,東明-KY,34.0,34.3,35.7,33.95,56.84,58.24,60.0,0.88,0.64,0.24,35.89,32.47,29.06,54,56,0.95,68.41,11.26,1.5,4.41,2026-05-22,2026-05-22 10:51:40
5543,桓鼎-KY,29.9,29.85,29.9,29.15,55.99,44.31,51.47,0.38,0.41,-0.04,30.23,29.43,28.63,34,35,0.95,13.96,4.33,0.09,0.3,2026-05-22,2026-05-22 10:51:41
5546,永固-KY,16.9,17.05,17.1,16.8,67.02,46.92,55.22,-0.18,-0.3,0.12,17.24,16.45,15.67,21,33,0.63,13.92,,2.0,11.83,2026-05-22,2026-05-22 10:51:42
5547,久舜,21.6,21.4,21.6,21.35,27.61,29.13,59.52,-0.12,-0.15,0.03,22.1,21.47,20.83,27,25,1.07,9.78,7.08,0.72,3.33,2026-05-22,2026-05-22 10:51:43
5548,安倉,23.6,23.35,23.65,23.35,50.85,45.37,53.33,-0.13,-0.17,0.04,23.87,23.56,23.24,27,33,0.83,13.65,11.74,1.4,5.93,2026-05-22,2026-05-22 10:51:44
5601,台聯櫃,34.75,35.1,35.4,34.75,19.15,32.51,18.52,-0.31,-0.29,-0.02,35.92,35.38,34.84,17,7,2.18,22.52,82.74,0.35,1.01,2026-05-22,2026-05-22 10:51:45
5603,陸海,15.45,15.85,15.85,15.35,37.79,42.79,21.21,-0.29,-0.29,0.0,16.68,16.04,15.39,456,219,2.08,16.2,38.62,1.0,6.47,2026-05-22,2026-05-22 10:51:46
5604,中連,31.3,31.5,31.5,31.0,26.88,28.91,33.75,-0.68,-0.73,0.05,33.26,31.93,30.61,41,19,2.1,34.05,36.82,2.0,6.39,2026-05-22,2026-05-22 10:51:47
5607,遠雄港,50.1,49.05,50.2,49.05,40.27,32.32,63.53,0.3,0.24,0.07,51.15,48.34,45.54,793,452,1.76,185.65,18.09,1.1,2.2,2026-05-22,2026-05-22 10:51:48
5608,四維航,14.25,14.5,14.55,14.2,17.72,15.4,24.39,-0.49,-0.46,-0.03,15.93,14.91,13.9,1711,1155,1.48,55.47,1.29,,,2026-05-22,2026-05-22 10:51:49
5609,中菲行,80.5,81.0,81.2,80.3,75.97,73.3,71.21,0.36,0.2,0.16,81.03,79.15,77.27,163,146,1.11,113.3,10.14,5.2,6.46,2026-05-22,2026-05-22 10:51:50
5701,劍湖山,3.35,3.4,3.45,3.35,57.83,51.26,46.25,-0.04,-0.05,0.0,3.52,3.41,3.29,36,42,0.86,4.79,,,,2026-05-22,2026-05-22 10:51:51
5703,亞都,13.65,13.7,13.7,13.65,52.35,74.9,55.0,-0.11,-0.08,-0.03,14.5,13.98,13.46,4,1,3.33,9.59,25.75,,,2026-05-22,2026-05-22 10:51:52
5704,老爺知,21.3,21.4,21.4,21.1,22.71,22.87,47.5,-0.13,-0.12,-0.01,21.81,21.49,21.16,47,38,1.23,12.54,59.17,,,2026-05-22,2026-05-22 10:51:53
5706,鳳凰,49.95,50.4,50.4,49.75,15.53,14.59,35.44,-0.46,-0.35,-0.11,52.01,50.68,49.36,293,225,1.3,41.84,14.78,2.75,5.51,2026-05-22,2026-05-22 10:51:54
5859,遠壽,14.4,14.55,14.6,13.9,38.73,34.34,36.36,-0.32,-0.31,-0.01,15.77,14.86,13.96,247,110,2.24,208.84,4.51,0.37,2.57,2026-05-22,2026-05-22 10:51:55
5863,瑞興銀,11.1,11.15,11.15,10.65,39.72,27.99,50.0,-0.09,-0.1,0.02,11.38,10.97,10.56,30,44,0.68,35.54,13.37,0.4,3.6,2026-05-22,2026-05-22 10:51:56
5864,致和證,33.2,32.6,33.4,32.35,35.44,34.57,59.88,1.57,1.73,-0.16,36.5,31.0,25.51,5498,4471,1.23,150.89,13.02,0.4,1.2,2026-05-22,2026-05-22 10:51:57
5871,中租-KY,111.0,112.0,113.5,111.0,56.0,39.93,39.47,-0.78,-0.44,-0.34,121.01,112.97,104.94,10250,9884,1.04,1899.68,9.88,6.1,5.5,2026-05-22,2026-05-22 10:51:58
5876,上海商銀,40.05,40.05,40.3,40.0,56.56,65.35,68.35,0.21,0.13,0.08,40.93,39.52,38.12,10467,10364,1.01,1942.52,13.09,1.8,4.49,2026-05-22,2026-05-22 10:51:59
5878,台名,41.0,40.65,41.0,40.65,43.1,22.67,56.1,-0.11,-0.14,0.03,41.1,40.75,40.41,4,5,0.73,10.26,14.34,0.21,0.51,2026-05-22,2026-05-22 10:52:00
5880,合庫金,22.7,22.7,22.8,22.65,13.6,16.22,40.0,-0.18,-0.17,-0.01,23.14,22.88,22.62,15407,15656,0.98,3559.57,16.69,0.7,3.08,2026-05-22,2026-05-22 10:52:01
5902,德記,37.55,37.6,37.75,37.1,37.66,34.94,34.04,-0.26,-0.25,-0.01,38.72,37.95,37.18,18,24,0.73,35.48,16.84,1.65,4.39,2026-05-22,2026-05-22 10:52:02
5903,全家,188.0,187.5,189.0,187.5,14.64,17.46,36.36,-0.58,-0.47,-0.11,190.53,189.25,187.97,51,38,1.33,419.65,24.87,6.5,3.46,2026-05-22,2026-05-22 10:52:03
5904,寶雅,568.0,564.0,572.0,555.0,50.26,38.64,47.73,8.33,11.21,-2.88,599.39,561.45,523.51,379,426,0.89,604.6,19.36,23.0,4.05,2026-05-22,2026-05-22 10:52:04
5905,南仁湖,8.07,8.11,8.15,8.05,18.81,27.75,50.2,-0.02,-0.0,-0.02,8.63,8.12,7.62,302,304,1.0,22.73,,,,2026-05-22,2026-05-22 10:52:05
5906,台南-KY,46.0,46.0,46.2,46.0,1.39,5.63,16.36,-0.86,-0.61,-0.25,51.73,48.2,44.66,5,2,1.83,16.44,46.94,0.8,1.74,2026-05-22,2026-05-22 10:52:06
5907,大洋-KY,5.02,4.78,5.1,4.76,20.1,10.32,31.63,-0.19,-0.17,-0.03,5.67,5.23,4.79,708,514,1.38,9.63,,,,2026-05-22,2026-05-22 10:52:07
6005,群益證,31.9,31.5,32.0,31.3,47.18,46.82,67.68,0.77,0.71,0.06,33.27,30.24,27.21,8212,8996,0.91,692.52,12.08,1.5,4.7,2026-05-22,2026-05-22 10:52:08
6015,宏遠證,15.65,15.55,15.65,15.25,27.82,27.68,58.47,0.42,0.5,-0.07,16.76,15.0,13.25,2837,2629,1.08,61.53,22.04,,,2026-05-22,2026-05-22 10:52:09
6016,康和證,22.9,22.75,22.95,22.4,30.9,38.15,67.95,1.15,1.21,-0.06,24.64,21.34,18.03,5327,4849,1.1,157.23,11.57,0.23,1.0,2026-05-22,2026-05-22 10:52:10
6020,大展證,21.25,21.2,21.6,21.15,23.03,33.6,63.87,0.55,0.55,-0.0,23.35,20.58,17.81,28,24,1.13,53.63,54.49,0.27,1.27,2026-05-22,2026-05-22 10:52:11
6021,美好證,32.25,31.85,32.25,31.65,18.52,19.59,38.56,0.35,0.69,-0.34,35.7,32.89,30.07,145,114,1.27,100.75,8.72,,,2026-05-22,2026-05-22 10:52:12
6023,元大期,98.5,98.5,98.5,97.7,33.47,26.38,40.74,-0.05,0.25,-0.3,101.31,99.13,96.96,108,128,0.84,315.18,11.66,4.8,4.87,2026-05-22,2026-05-22 10:52:13
6024,群益期,56.5,56.6,56.6,56.2,22.13,23.26,43.18,0.11,0.28,-0.16,58.54,56.68,54.82,357,260,1.37,141.21,10.33,2.83,5.01,2026-05-22,2026-05-22 10:52:14
6026,福邦證,15.3,15.45,15.45,15.2,17.84,22.42,43.94,0.08,0.2,-0.12,16.77,15.59,14.42,1792,1837,0.98,60.61,8.9,1.1,7.19,2026-05-22,2026-05-22 10:52:15
6027,德信,12.3,11.95,12.3,11.95,28.69,29.52,40.56,0.17,0.39,-0.22,14.33,12.87,11.41,11,41,0.27,19.15,11.83,,,2026-05-22,2026-05-22 10:52:16
6028,公勝保經,79.6,80.7,80.7,79.1,26.85,40.25,50.54,-1.23,-1.68,0.45,82.18,79.97,77.75,10,13,0.79,19.9,10.18,6.0,7.54,2026-05-22,2026-05-22 10:52:17
6035,悠遊卡,52.2,53.0,53.0,50.8,77.18,77.0,55.56,-0.06,-0.18,0.11,53.82,52.21,50.59,4,5,0.85,37.17,12.64,2.95,5.65,2026-05-22,2026-05-22 10:52:18
6101,寬魚國際,38.05,38.5,39.05,38.05,43.1,36.83,21.05,-0.22,-0.09,-0.13,40.58,38.99,37.4,107,64,1.68,43.61,,,,2026-05-22,2026-05-22 10:52:19
6103,合邦,36.2,36.2,36.2,36.2,12.04,25.4,13.54,-0.93,-0.74,-0.19,41.0,38.89,36.78,1,0,2.49,4.92,,0.19,0.52,2026-05-22,2026-05-22 10:52:20
6104,創惟,103.0,102.0,103.5,101.0,54.26,38.95,61.24,1.42,1.62,-0.2,104.47,99.07,93.67,2233,1863,1.2,93.86,19.0,4.5,4.37,2026-05-22,2026-05-22 10:52:21
6108,競國,19.45,19.0,19.65,18.9,33.97,26.03,51.79,0.29,0.55,-0.27,22.65,19.87,17.09,1492,1029,1.45,30.05,6.55,1.0,5.14,2026-05-22,2026-05-22 10:52:22
6109,亞元,10.95,10.8,10.95,10.75,17.16,17.86,30.91,-0.31,-0.18,-0.13,13.07,11.73,10.39,158,250,0.63,9.62,,,,2026-05-22,2026-05-22 10:52:24
6111,光聚晶電,47.6,47.4,48.0,47.15,40.39,46.39,58.05,0.48,0.65,-0.17,49.4,47.05,44.69,324,390,0.83,45.83,,,,2026-05-22,2026-05-22 10:52:25
6112,邁達特,43.05,42.75,43.35,42.5,35.3,22.43,26.58,-1.03,-0.85,-0.19,47.96,44.15,40.34,545,427,1.28,81.09,23.78,0.6,1.39,2026-05-22,2026-05-22 10:52:25
6113,亞矽,27.6,25.7,27.85,25.6,68.81,54.47,73.18,0.94,0.72,0.21,26.41,23.95,21.48,2124,772,2.75,14.5,,0.5,1.81,2026-05-22,2026-05-22 10:52:27
6114,久威,30.55,30.0,30.9,29.95,19.56,18.35,44.44,-0.07,0.02,-0.1,31.94,30.7,29.46,68,32,2.11,13.42,9.64,0.5,1.64,2026-05-22,2026-05-22 10:52:28
6115,鎰勝,46.95,47.05,47.05,46.75,30.69,24.0,34.21,-0.16,-0.08,-0.09,48.34,47.41,46.48,142,137,1.04,88.11,16.53,3.2,6.82,2026-05-22,2026-05-22 10:52:29
6116,彩晶,11.85,11.1,11.85,11.05,69.47,62.1,75.64,0.61,0.44,0.17,11.85,9.52,7.19,101011,63140,1.6,338.75,43.89,,,2026-05-22,2026-05-22 10:52:30
6117,迎廣,88.5,83.5,88.6,83.1,58.88,37.54,52.86,0.72,0.89,-0.17,91.9,84.03,76.16,1394,674,2.07,81.9,24.38,2.17,2.45,2026-05-22,2026-05-22 10:52:30
6118,建達,19.3,17.6,19.3,17.5,54.27,38.08,61.79,0.08,-0.03,0.11,18.77,17.69,16.61,2656,1024,2.59,17.54,48.25,,,2026-05-22,2026-05-22 10:52:32
6120,達運,14.7,13.4,14.7,13.4,67.42,46.21,74.7,-0.02,-0.15,0.13,13.99,13.06,12.14,13976,5091,2.75,88.05,,0.25,1.7,2026-05-22,2026-05-22 10:52:32
6121,新普,380.0,379.0,381.0,377.0,50.66,46.55,63.47,6.12,6.47,-0.36,392.59,371.82,351.06,422,496,0.85,702.89,12.47,30.0,7.89,2026-05-22,2026-05-22 10:52:34
6122,擎邦,47.55,47.6,47.65,47.35,41.96,31.89,37.07,-0.73,-0.68,-0.05,50.3,48.4,46.51,196,172,1.14,36.39,10.07,3.27,6.88,2026-05-22,2026-05-22 10:52:35
6123,上奇,44.5,45.0,45.0,44.4,35.96,35.12,49.48,0.33,0.37,-0.05,46.11,44.3,42.5,99,58,1.7,26.92,16.36,5.05,11.35,2026-05-22,2026-05-22 10:52:36
6124,業強,29.6,29.05,29.9,28.8,26.95,17.35,35.8,-0.53,-0.45,-0.08,31.86,30.05,28.24,101,55,1.84,54.01,,,,2026-05-22,2026-05-22 10:52:37
6125,廣運,59.5,57.0,60.2,56.7,35.66,31.27,55.0,0.22,0.3,-0.09,61.73,57.46,53.19,2706,1880,1.44,154.11,595.0,0.7,1.18,2026-05-22,2026-05-22 10:52:38
6126,信音,36.0,36.5,36.8,35.75,73.95,65.69,65.56,0.68,0.33,0.35,35.74,32.97,30.2,3970,2824,1.41,45.57,51.43,0.76,2.11,2026-05-22,2026-05-22 10:52:39
6127,九豪,52.5,54.7,55.4,52.5,64.71,59.93,69.27,1.81,1.44,0.37,52.61,47.76,42.9,29755,30504,0.98,56.74,111.7,0.4,0.76,2026-05-22,2026-05-22 10:52:40
6128,上福,18.8,18.95,19.05,18.8,7.11,9.57,21.21,-0.55,-0.44,-0.11,21.47,20.03,18.59,377,181,2.08,23.99,,0.5,2.66,2026-05-22,2026-05-22 10:52:41
6129,普誠,15.9,15.75,15.9,15.55,36.62,20.92,38.6,-0.25,-0.12,-0.14,18.06,16.26,14.46,671,683,0.98,28.77,,,,2026-05-22,2026-05-22 10:52:42
6130,上亞科技,22.0,21.95,22.15,21.6,35.71,27.77,6.0,-1.31,-1.37,0.05,25.7,23.48,21.26,100,124,0.81,10.41,,,,2026-05-22,2026-05-22 10:52:43
6133,金橋,24.1,24.0,24.25,23.65,72.45,55.01,63.01,0.14,-0.18,0.31,24.19,22.23,20.26,2767,4554,0.61,28.2,33.47,0.3,1.24,2026-05-22,2026-05-22 10:52:44
6134,萬旭,31.85,31.0,32.1,31.0,32.58,31.04,56.16,0.02,0.12,-0.1,33.43,31.29,29.15,677,485,1.39,26.08,265.42,0.2,0.63,2026-05-22,2026-05-22 10:52:45
6136,富爾特,25.75,25.45,25.8,25.05,56.88,39.21,54.46,0.05,0.06,-0.01,26.85,25.36,23.86,567,392,1.45,29.75,28.93,1.15,4.47,2026-05-22,2026-05-22 10:52:46
6138,茂達,318.5,305.0,325.0,298.0,78.24,74.22,72.11,19.32,15.92,3.4,325.12,272.35,219.58,2628,2238,1.17,236.89,25.0,8.6,2.7,2026-05-22,2026-05-22 10:52:47
6139,亞翔,769.0,808.0,808.0,767.0,72.08,64.62,62.94,28.92,25.32,3.6,769.5,705.95,642.4,6463,6439,1.0,1811.58,25.28,13.89,1.81,2026-05-22,2026-05-22 10:52:48
6140,訊達,20.35,19.7,20.4,19.4,20.94,20.44,57.43,0.08,0.14,-0.07,22.5,20.01,17.52,182,104,1.75,11.17,,,,2026-05-22,2026-05-22 10:52:49
6141,柏承,34.0,33.8,36.5,33.3,67.62,55.53,47.91,1.51,1.7,-0.19,38.14,32.49,26.84,2543,3617,0.7,38.54,13.33,,,2026-05-22,2026-05-22 10:52:50
6142,友勁,8.25,8.01,8.25,7.98,22.38,12.82,35.11,-0.34,-0.31,-0.03,9.39,8.53,7.68,788,566,1.39,27.29,,,,2026-05-22,2026-05-22 10:52:51
6143,振曜,98.1,96.3,98.4,95.8,38.07,43.21,66.31,1.24,0.93,0.32,102.32,93.3,84.29,816,679,1.2,84.42,15.26,6.0,6.12,2026-05-22,2026-05-22 10:52:52
6144,得利影,14.9,15.15,15.15,14.5,57.82,55.09,49.41,-0.3,-0.38,0.08,15.77,14.98,14.18,22,90,0.24,5.7,,,,2026-05-22,2026-05-22 10:52:53
6146,耕興,218.5,220.5,221.0,216.5,55.78,42.31,33.05,1.69,2.68,-1.0,231.7,219.62,207.55,420,349,1.21,222.58,20.34,10.1,4.62,2026-05-22,2026-05-22 10:52:54
6147,頎邦,215.5,224.5,228.0,213.0,77.26,76.98,70.17,25.69,25.6,0.08,236.58,185.1,133.62,61541,79401,0.78,1604.6,58.72,3.75,1.74,2026-05-22,2026-05-22 10:52:55
6148,驊宏資,29.05,29.2,29.2,28.3,30.57,20.13,34.56,-1.07,-0.96,-0.11,32.9,30.19,27.48,194,158,1.23,13.54,21.36,1.23,4.23,2026-05-22,2026-05-22 10:53:02
6150,撼訊,70.1,68.3,70.6,68.3,38.67,38.87,65.93,2.96,2.88,0.07,76.92,64.43,51.94,750,770,0.97,33.89,27.28,0.6,0.86,2026-05-22,2026-05-22 10:53:03
6151,晉倫,49.8,48.5,50.5,47.4,88.52,83.89,81.0,3.22,2.36,0.86,48.12,39.42,30.73,5255,2318,2.27,27.52,42.93,1.5,3.01,2026-05-22,2026-05-22 10:53:04
6152,百一,16.1,15.6,16.2,15.45,64.15,59.68,62.73,-0.15,-0.39,0.24,16.41,14.63,12.84,3015,1521,1.98,27.01,,,,2026-05-22,2026-05-22 10:53:05
6153,嘉聯益,19.35,18.75,19.6,18.4,61.91,42.99,59.44,0.14,0.12,0.02,19.26,18.09,16.92,8406,5086,1.65,123.1,5.22,,,2026-05-22,2026-05-22 10:53:06
6154,順發,13.6,13.35,13.75,13.3,69.16,59.89,68.75,0.01,-0.05,0.07,13.53,13.12,12.72,70,54,1.31,10.89,26.67,0.6,4.41,2026-05-22,2026-05-22 10:53:07
6155,鈞寶,61.2,59.2,65.3,57.0,72.35,65.1,74.08,2.64,1.6,1.03,59.51,50.71,41.9,23063,13462,1.71,53.87,83.84,1.0,1.63,2026-05-22,2026-05-22 10:53:08
6156,松上,19.25,18.5,19.55,18.5,39.43,24.66,35.16,-0.4,-0.29,-0.11,21.28,19.59,17.9,1109,591,1.88,20.77,43.75,1.0,5.19,2026-05-22,2026-05-22 10:53:09
6158,禾昌,18.05,18.1,18.1,17.85,36.81,25.74,17.14,-0.26,-0.2,-0.06,20.17,18.64,17.11,61,59,1.03,9.91,164.09,1.01,5.6,2026-05-22,2026-05-22 10:53:10
6160,欣技,16.35,16.5,16.5,16.1,25.43,32.73,56.67,0.06,0.05,0.01,16.91,16.07,15.24,123,72,1.71,11.2,,,,2026-05-22,2026-05-22 10:53:11
6161,捷波,53.8,52.0,54.1,51.0,84.2,80.75,80.6,2.61,1.67,0.94,53.46,45.41,37.36,1563,1420,1.1,30.26,19.93,3.0,5.58,2026-05-22,2026-05-22 10:53:12
6163,華電網,53.2,54.3,54.3,52.0,23.54,25.67,40.37,-2.19,-1.46,-0.73,63.12,56.73,50.33,2736,2624,1.04,75.55,74.93,0.45,0.85,2026-05-22,2026-05-22 10:53:13
6164,華興,12.6,12.15,12.8,12.15,46.16,29.5,60.27,-0.08,-0.09,0.01,12.9,12.13,11.36,1151,442,2.6,10.08,180.0,0.5,3.97,2026-05-22,2026-05-22 10:53:14
6165,浪凡,49.45,49.0,49.5,48.35,20.06,14.88,39.3,0.14,0.58,-0.44,53.89,50.47,47.06,472,372,1.27,36.39,13.77,0.59,1.19,2026-05-22,2026-05-22 10:53:15
6166,凌華,127.0,122.0,130.0,119.0,88.44,87.48,92.9,13.25,10.73,2.52,131.82,95.4,58.99,4706,4846,0.97,276.66,54.51,0.93,0.73,2026-05-22,2026-05-22 10:53:16
6167,久正,11.8,11.4,12.1,11.4,34.75,23.56,43.94,-0.47,-0.46,-0.0,12.79,11.94,11.08,774,448,1.73,15.51,,1.33,11.27,2026-05-22,2026-05-22 10:53:17
6168,宏齊,30.8,29.3,30.8,28.9,67.55,51.22,66.52,0.61,0.38,0.23,29.39,26.48,23.56,24522,8144,3.01,63.37,616.0,,,2026-05-22,2026-05-22 10:53:18
6169,昱泉,14.75,14.9,15.0,14.5,15.7,13.31,28.74,-0.6,-0.44,-0.17,17.87,15.88,13.89,31,34,0.89,3.45,,,,2026-05-22,2026-05-22 10:53:19
6170,統振,50.4,50.5,50.5,50.2,24.15,18.33,29.27,-0.26,-0.12,-0.14,52.88,51.2,49.52,227,148,1.53,49.02,11.38,3.11,6.17,2026-05-22,2026-05-22 10:53:20
6171,大城地產,24.0,24.45,24.45,23.9,33.59,27.49,30.91,-0.58,-0.62,0.04,25.84,24.51,23.17,38,28,1.36,24.0,6.28,2.5,10.42,2026-05-22,2026-05-22 10:53:21
6173,信昌電,192.5,182.5,192.5,182.5,91.97,89.03,84.28,26.29,21.46,4.83,204.83,127.13,49.44,1912,1990,0.96,329.56,59.05,1.41,0.73,2026-05-22,2026-05-22 10:53:23
6174,安碁,46.75,42.85,46.75,42.85,79.69,70.69,70.32,4.09,3.81,0.28,48.31,37.67,27.02,8034,6527,1.23,23.37,70.83,0.4,0.86,2026-05-22,2026-05-22 10:53:24
6175,立敦,88.3,85.0,89.5,84.3,90.26,83.94,90.65,6.61,5.03,1.58,85.27,69.71,54.15,14654,14120,1.04,132.56,33.07,1.75,1.98,2026-05-22,2026-05-22 10:53:25
6176,瑞儀,107.5,105.5,108.0,104.5,69.3,53.43,68.79,1.76,1.37,0.39,108.71,102.31,95.91,7154,6350,1.13,494.76,11.56,3.5,3.26,2026-05-22,2026-05-22 10:53:26
6177,達麗,44.25,44.6,44.7,44.1,9.71,19.71,41.18,-0.42,-0.26,-0.15,47.28,45.59,43.89,1742,1197,1.45,208.81,11.64,3.5,7.91,2026-05-22,2026-05-22 10:53:27
6179,亞通,25.75,26.0,26.05,25.3,72.24,57.64,62.82,0.12,-0.13,0.25,25.61,24.28,22.95,1733,1555,1.11,45.66,515.0,0.48,1.86,2026-05-22,2026-05-22 10:53:28
6180,橘子,39.45,39.7,39.7,39.1,73.67,60.16,57.02,-0.78,-1.05,0.27,40.36,39.17,37.97,527,388,1.36,70.2,,6.0,15.21,2026-05-22,2026-05-22 10:53:29
6182,合晶,69.9,65.5,69.9,65.4,81.95,72.5,84.68,6.28,5.24,1.03,69.53,52.02,34.52,29277,17714,1.65,403.62,776.67,,,2026-05-22,2026-05-22 10:53:30
6183,關貿,91.6,91.5,92.0,91.5,8.78,13.15,46.0,-0.45,-0.41,-0.04,93.51,92.24,90.97,26,20,1.28,137.4,23.55,3.2,3.49,2026-05-22,2026-05-22 10:53:31
6184,大豐電,46.15,46.1,46.25,46.0,33.74,26.61,36.17,-0.33,-0.31,-0.02,47.31,46.57,45.83,59,44,1.35,70.24,20.24,3.19,6.91,2026-05-22,2026-05-22 10:53:32
6185,幃翔,14.15,14.1,14.25,14.1,67.84,54.26,55.0,-0.02,-0.05,0.03,14.26,13.99,13.71,172,198,0.87,21.21,64.32,0.39,2.76,2026-05-22,2026-05-22 10:53:33
6186,新潤,40.0,40.15,40.15,39.55,63.75,48.3,50.41,-0.26,-0.36,0.1,41.11,39.86,38.62,740,840,0.88,77.96,5.15,1.52,3.8,2026-05-22,2026-05-22 10:53:34
6187,萬潤,1140.0,1120.0,1170.0,1115.0,27.14,27.76,35.61,19.91,42.04,-22.14,1313.22,1157.5,1001.78,2504,1534,1.63,1101.55,74.17,10.19,0.89,2026-05-22,2026-05-22 10:53:35
6188,廣明,86.4,84.4,86.4,83.6,44.62,32.57,53.1,-0.98,-1.23,0.25,88.18,84.04,79.9,3328,2841,1.17,240.5,24.0,5.2,6.02,2026-05-22,2026-05-22 10:53:36
6189,豐藝,51.7,51.7,52.1,50.8,77.61,63.69,63.84,0.94,0.63,0.31,51.44,48.61,45.79,1848,1970,0.94,136.37,19.15,,,2026-05-22,2026-05-22 10:53:37
6190,萬泰科,80.0,79.5,82.5,79.4,58.35,61.13,71.74,4.13,4.59,-0.46,83.17,76.19,69.21,8927,7474,1.19,144.42,36.7,1.9,2.38,2026-05-22,2026-05-22 10:53:38
6191,精成科,96.8,96.6,97.4,96.2,55.72,34.5,45.41,-1.91,-1.77,-0.14,108.83,97.65,86.47,5321,5577,0.95,483.33,14.8,3.01,3.11,2026-05-22,2026-05-22 10:53:39
6192,巨路,132.0,130.5,132.0,128.5,57.39,56.55,66.67,3.49,3.09,0.4,135.86,123.72,111.59,374,344,1.09,126.93,13.28,5.8,4.39,2026-05-22,2026-05-22 10:53:40
6194,育富,33.95,32.7,35.6,32.7,44.5,38.88,69.12,0.02,-0.08,0.1,33.29,32.48,31.67,1056,263,4.01,16.3,15.5,2.1,6.19,2026-05-22,2026-05-22 10:53:41
6195,詩肯,26.6,26.9,26.9,26.15,54.51,56.08,65.43,0.55,0.36,0.19,28.0,24.99,21.99,35,39,0.92,13.35,27.14,1.5,5.64,2026-05-22,2026-05-22 10:53:42
6196,帆宣,442.0,444.0,447.5,436.0,59.3,52.2,67.35,21.65,22.4,-0.75,444.65,402.6,360.55,2952,2261,1.31,973.86,30.17,5.9,1.33,2026-05-22,2026-05-22 10:53:43
6197,佳必琪,256.0,244.5,258.0,240.5,62.85,45.63,62.11,12.76,12.22,0.54,261.68,219.9,178.12,9311,4298,2.17,312.54,30.81,7.0,2.73,2026-05-22,2026-05-22 10:53:44
6198,瑞築,21.85,21.7,21.85,21.7,35.45,38.54,55.22,-0.03,-0.06,0.03,22.54,21.92,21.29,8,12,0.69,37.45,,,,2026-05-22,2026-05-22 10:53:45
6199,天品,99.3,101.0,102.0,99.3,48.38,56.74,61.34,-0.39,-0.88,0.49,106.26,96.91,87.56,537,707,0.76,61.33,320.32,,,2026-05-22,2026-05-22 10:53:46
6201,亞弘電,47.0,46.75,47.05,46.7,6.67,8.37,13.46,-1.05,-0.73,-0.32,52.57,49.36,46.16,29,51,0.58,41.92,12.74,4.0,8.51,2026-05-22,2026-05-22 10:53:47
6202,盛群,60.8,59.7,61.5,58.9,63.39,45.61,60.39,0.85,0.6,0.25,60.6,55.94,51.27,9011,4421,2.04,139.85,80.0,,,2026-05-22,2026-05-22 10:53:48
6203,海韻電,72.3,71.1,72.3,70.4,42.29,33.97,54.78,0.98,0.99,-0.0,76.75,69.22,61.68,428,262,1.63,59.58,13.17,3.5,4.84,2026-05-22,2026-05-22 10:53:49
6204,艾華,90.0,84.7,91.0,84.6,82.82,79.74,75.85,5.46,4.44,1.01,91.68,76.5,61.31,857,616,1.39,20.79,76.27,0.3,0.33,2026-05-22,2026-05-22 10:53:50
6205,詮欣,84.9,77.8,84.9,77.2,38.14,23.12,39.14,1.57,3.33,-1.76,98.38,83.7,69.03,4617,2390,1.93,68.54,45.89,1.63,1.92,2026-05-22,2026-05-22 10:53:51
6206,飛捷,140.0,136.5,142.0,133.5,71.34,69.71,78.43,8.26,7.3,0.97,148.76,122.08,95.39,3433,2590,1.33,200.29,20.44,6.0,4.29,2026-05-22,2026-05-22 10:53:52
6207,雷科,89.9,90.0,93.5,88.1,81.34,80.66,78.37,7.73,5.76,1.97,91.22,70.49,49.76,29902,33278,0.9,71.71,99.89,1.5,1.67,2026-05-22,2026-05-22 10:53:53
6208,日揚,99.0,103.0,104.0,98.6,68.61,70.89,59.68,8.79,8.33,0.46,108.3,87.71,67.11,3044,3640,0.84,93.52,39.6,2.0,2.02,2026-05-22,2026-05-22 10:53:54
6209,今國光,85.8,89.0,89.5,84.1,81.81,68.73,73.63,5.24,3.39,1.85,83.32,68.72,54.11,40276,30538,1.32,150.5,95.33,0.5,0.58,2026-05-22,2026-05-22 10:53:55
6210,慶生,21.05,20.6,22.0,20.6,36.84,44.02,56.79,0.24,0.22,0.02,21.88,20.73,19.58,56,28,1.97,7.38,,,,2026-05-22,2026-05-22 10:53:56
6212,理銘,27.6,27.5,28.3,27.5,12.65,17.71,42.06,-0.41,-0.32,-0.08,29.95,28.4,26.85,4,5,0.77,28.15,6.97,3.5,12.68,2026-05-22,2026-05-22 10:53:57
6213,聯茂,262.0,253.0,270.5,250.0,20.96,20.71,39.71,5.8,13.36,-7.55,307.9,268.75,229.6,12014,9333,1.29,952.53,63.29,1.8,0.69,2026-05-22,2026-05-22 10:53:58
6214,精誠,130.0,128.5,131.0,127.0,67.14,52.06,71.79,2.15,2.04,0.11,129.25,123.7,118.15,2821,1409,2.0,353.92,16.48,5.2,4.0,2026-05-22,2026-05-22 10:53:59
6215,和椿,134.5,127.0,137.5,125.5,73.56,71.57,66.39,5.95,4.8,1.16,135.77,117.2,98.63,12329,9088,1.36,111.35,65.61,1.5,1.12,2026-05-22,2026-05-22 10:54:00
6216,居易,22.7,22.35,22.8,22.3,31.01,19.77,31.43,-0.72,-0.69,-0.03,25.32,23.4,21.49,220,180,1.22,22.01,38.47,2.53,11.15,2026-05-22,2026-05-22 10:54:01
6217,中探針,272.0,255.0,272.0,255.0,26.52,31.44,48.55,10.09,19.22,-9.13,331.73,283.48,235.22,1677,4599,0.36,310.13,68.34,,,2026-05-22,2026-05-22 10:54:02
6218,豪勉,40.0,39.55,41.1,39.55,35.45,45.97,49.34,1.88,2.32,-0.44,44.7,38.95,33.2,1314,1460,0.9,25.7,,,,2026-05-22,2026-05-22 10:54:03
6219,富旺,12.2,12.3,12.3,12.1,43.0,36.92,34.09,-0.45,-0.48,0.03,13.32,12.57,11.81,233,343,0.68,15.25,2.36,0.67,5.49,2026-05-22,2026-05-22 10:54:04
6220,岳豐,30.7,31.25,31.25,30.55,51.32,45.65,55.41,-0.48,-0.71,0.23,30.86,30.08,29.31,328,384,0.85,44.96,37.9,0.7,2.28,2026-05-22,2026-05-22 10:54:05
6221,晉泰,23.2,23.0,23.45,22.65,30.36,20.15,16.46,-1.01,-0.89,-0.13,27.48,24.58,21.69,181,122,1.48,39.11,9.91,1.2,5.17,2026-05-22,2026-05-22 10:54:06
6222,立軒,20.6,20.6,20.6,20.2,9.27,13.12,22.22,-0.05,0.2,-0.25,23.43,21.71,20.0,13,9,1.45,14.54,,,,2026-05-22,2026-05-22 10:54:08
6223,旺矽,6035.0,5880.0,6035.0,5765.0,56.56,62.03,63.81,388.46,381.48,6.98,6346.96,5352.5,4358.04,1250,1306,0.96,5913.17,181.01,16.01,0.27,2026-05-22,2026-05-22 10:54:09
6224,聚鼎,86.1,83.0,91.0,83.0,59.09,44.8,62.67,6.65,6.88,-0.23,91.65,74.82,57.99,4753,3574,1.33,72.88,130.45,1.25,1.45,2026-05-22,2026-05-22 10:54:10
6225,天瀚,25.0,26.2,26.85,25.0,30.09,53.81,57.77,2.13,2.26,-0.14,34.37,24.84,15.32,17,45,0.38,6.95,,,,2026-05-22,2026-05-22 10:54:11
6226,光鼎,13.15,12.4,13.7,12.15,59.99,43.26,56.82,-0.03,-0.05,0.02,13.18,12.41,11.64,3340,1346,2.48,15.19,,,,2026-05-22,2026-05-22 10:54:12
6227,茂綸,128.0,120.0,128.0,119.0,80.55,76.88,80.18,7.73,5.92,1.81,128.16,104.7,81.24,2683,2435,1.1,97.42,17.25,3.8,2.97,2026-05-22,2026-05-22 10:54:13
6228,全譜,21.85,22.95,22.95,21.65,57.08,48.47,35.84,-0.57,-0.54,-0.02,25.01,22.84,20.68,18,10,1.8,5.68,,,,2026-05-22,2026-05-22 10:54:14
6229,研通,27.55,27.15,27.8,26.65,27.04,29.95,55.27,0.73,1.07,-0.34,30.83,27.25,23.66,368,352,1.05,11.12,551.0,1.0,3.63,2026-05-22,2026-05-22 10:54:15
6230,尼得科超眾,138.5,135.0,139.0,134.5,21.3,12.6,31.91,-6.25,-4.25,-2.0,174.41,148.8,123.19,95,104,0.91,119.59,21.64,0.22,0.16,2026-05-22,2026-05-22 10:54:16
6231,系微,293.5,291.0,297.0,286.5,20.16,16.77,39.51,0.75,5.94,-5.19,338.59,304.93,271.26,685,519,1.32,133.99,44.47,6.5,2.21,2026-05-22,2026-05-22 10:54:17
6233,旺玖,26.55,26.05,26.65,25.8,49.49,30.99,38.34,-0.32,-0.21,-0.1,29.44,26.82,24.19,638,406,1.57,20.98,,0.36,1.36,2026-05-22,2026-05-22 10:54:18
6234,高僑,49.0,47.2,50.2,46.05,24.54,24.51,38.94,2.68,4.53,-1.85,64.08,52.2,40.32,3014,3765,0.8,49.19,980.0,0.45,0.92,2026-05-22,2026-05-22 10:54:19
6235,華孚,41.9,41.4,42.15,41.25,33.5,22.76,46.77,-1.41,-1.48,0.07,45.41,42.29,39.16,865,738,1.17,83.76,14.5,1.2,2.86,2026-05-22,2026-05-22 10:54:20
6236,中湛,20.0,20.0,20.0,20.0,99.89,95.23,100.0,-0.19,-0.35,0.16,19.52,19.1,18.67,1,0,5.0,8.33,250.0,,,2026-05-21,2026-05-22 10:54:21
6237,驊訊,54.8,54.2,56.1,53.5,80.66,72.61,80.04,3.43,2.32,1.11,53.48,43.69,33.89,5823,4470,1.3,43.65,,0.25,0.46,2026-05-22,2026-05-22 10:54:22
6239,力成,283.0,283.0,283.0,283.0,79.79,68.44,71.9,11.48,7.16,4.32,267.38,230.18,192.97,7186,25858,0.28,2090.8,38.04,7.0,2.47,2026-05-22,2026-05-22 10:54:23
6240,松崗,17.65,17.4,17.8,17.4,47.52,45.46,24.44,-0.23,-0.16,-0.07,19.32,18.36,17.39,18,8,2.09,4.04,,,,2026-05-22,2026-05-22 10:54:24
6241,鑫永洋,10.65,10.7,10.85,10.55,71.3,64.96,57.08,-0.0,-0.18,0.18,11.36,10.06,8.75,201,202,0.99,5.19,,,,2026-05-22,2026-05-22 10:54:25
6242,立康,37.5,37.5,37.5,37.5,44.64,47.74,28.57,-0.13,-0.08,-0.05,38.69,37.88,37.07,5,7,0.66,11.93,14.31,2.0,5.33,2026-05-22,2026-05-22 10:54:26
6243,迅杰,36.3,34.35,36.95,34.35,55.15,41.7,58.16,0.63,0.63,-0.0,35.86,34.24,32.62,1257,462,2.72,16.43,,1.2,3.31,2026-05-22,2026-05-22 10:54:27
6244,茂迪,29.4,28.7,29.4,28.5,42.47,39.96,58.76,0.14,0.1,0.04,30.51,28.33,26.15,4420,5002,0.88,113.79,210.0,0.36,1.22,2026-05-22,2026-05-22 10:54:28
6245,立端,88.0,85.3,89.0,84.8,71.18,60.2,70.27,2.26,2.22,0.04,85.92,81.86,77.79,2586,1622,1.59,129.02,20.37,4.0,4.55,2026-05-22,2026-05-22 10:54:29
6246,臺龍,16.0,15.65,16.2,15.45,35.78,25.93,35.51,-0.23,-0.09,-0.13,18.12,15.99,13.86,133,93,1.43,6.06,14.04,,,2026-05-22,2026-05-22 10:54:30
6248,沛波,18.25,18.25,18.3,18.05,13.17,14.4,16.22,-0.47,-0.4,-0.07,20.22,19.06,17.91,106,62,1.7,17.54,12.01,1.8,9.86,2026-05-22,2026-05-22 10:54:31
6257,矽格,222.0,221.0,235.0,219.5,54.14,59.4,73.68,12.26,12.72,-0.45,232.77,202.62,172.48,13530,13940,0.97,1062.89,36.51,4.2,1.89,2026-05-22,2026-05-22 10:54:32
6259,百徽,25.2,25.15,26.6,24.4,43.93,46.22,63.21,1.11,1.05,0.06,26.44,22.57,18.69,940,602,1.56,6.87,36.52,0.1,0.4,2026-05-22,2026-05-22 10:54:33
6261,久元,124.0,114.5,124.0,113.5,44.96,41.19,66.67,8.28,9.21,-0.93,136.48,111.56,86.64,4897,3795,1.29,159.34,29.52,4.0,3.23,2026-05-22,2026-05-22 10:54:35
6263,普萊德,182.0,183.5,185.0,179.0,57.65,61.79,74.86,11.73,10.61,1.12,197.47,158.68,119.88,273,207,1.32,113.75,22.01,7.9,4.34,2026-05-22,2026-05-22 10:54:36
6264,富裔,6.03,6.01,6.14,5.98,43.34,53.64,45.21,-0.05,-0.06,0.01,6.28,6.12,5.97,200,91,2.2,8.22,,,,2026-05-22,2026-05-22 10:54:37
6265,方土昶,48.1,45.35,48.1,45.35,59.56,52.19,62.5,1.34,1.22,0.11,48.61,43.12,37.63,17055,8559,1.99,56.84,70.74,,,2026-05-22,2026-05-22 10:54:38
6266,泰詠,27.05,27.1,27.2,26.8,46.78,33.0,39.34,-0.36,-0.35,-0.02,28.53,27.36,26.19,207,194,1.06,41.62,13.59,1.79,6.62,2026-05-22,2026-05-22 10:54:39
6269,台郡,62.4,58.8,62.9,58.8,52.3,31.18,39.22,-1.3,-1.04,-0.26,70.97,61.94,52.91,4287,2870,1.49,200.01,256.16,,,2026-05-22,2026-05-22 10:54:40
6270,倍微,27.65,27.05,27.75,26.85,57.28,38.25,58.1,0.12,0.19,-0.06,28.06,26.82,25.57,594,378,1.57,19.95,25.84,1.0,3.62,2026-05-22,2026-05-22 10:54:41
6271,同欣電,226.5,217.0,226.5,217.0,85.58,73.42,81.29,8.35,5.17,3.18,208.19,183.35,158.51,8479,9098,0.93,473.52,29.8,3.0,1.32,2026-05-22,2026-05-22 10:54:42
6272,驊陞,33.65,32.2,33.8,32.2,63.71,48.1,59.75,-0.13,-0.4,0.27,33.17,31.73,30.29,518,401,1.29,27.51,9.87,0.8,2.38,2026-05-22,2026-05-22 10:54:43
6274,台燿,1455.0,1455.0,1455.0,1445.0,54.9,51.2,67.34,124.43,141.32,-16.89,1611.44,1251.3,891.16,1680,1607,1.05,4200.58,120.65,7.51,0.52,2026-05-22,2026-05-22 10:54:44
6275,元山,48.6,47.7,48.85,47.45,26.21,15.85,34.13,-1.06,-0.63,-0.43,56.13,50.45,44.76,651,405,1.61,39.0,17.61,2.26,4.65,2026-05-22,2026-05-22 10:54:45
6276,安鈦克,29.3,29.1,29.75,28.9,32.57,19.7,34.92,-0.87,-0.82,-0.05,32.65,30.18,27.7,79,75,1.05,6.46,32.2,,,2026-05-22,2026-05-22 10:54:46
6277,宏正,74.5,74.8,75.0,73.7,77.21,66.67,67.59,1.34,1.2,0.13,74.42,71.43,68.43,332,378,0.88,89.01,24.51,4.8,6.44,2026-05-22,2026-05-22 10:54:47
6278,台表科,245.0,229.0,245.0,228.5,74.35,70.67,68.16,24.26,23.1,1.16,251.35,193.7,136.05,19568,17495,1.12,708.01,26.29,5.5,2.24,2026-05-22,2026-05-22 10:54:48
6279,胡連,120.0,119.5,120.5,118.5,56.23,48.73,70.0,2.34,2.08,0.27,127.2,114.17,101.15,1153,942,1.22,142.82,11.74,6.0,5.0,2026-05-22,2026-05-22 10:54:49
6281,全國電,50.7,50.6,50.8,50.6,33.2,45.62,57.05,-0.63,-0.84,0.22,51.98,50.5,49.01,112,82,1.37,50.28,13.81,3.3,6.51,2026-05-22,2026-05-22 10:54:50
6282,康舒,57.4,54.6,58.3,54.4,62.43,51.39,69.34,1.37,0.99,0.38,56.62,50.65,44.68,78293,36723,2.13,491.36,382.67,0.5,0.87,2026-05-22,2026-05-22 10:54:51
6283,淳安,24.6,24.55,25.05,24.5,29.5,42.76,65.35,0.75,0.85,-0.1,27.29,23.99,20.69,174,230,0.76,36.13,68.33,,,2026-05-22,2026-05-22 10:54:52
6284,佳邦,102.5,96.1,102.5,95.5,83.91,75.29,93.52,2.96,1.03,1.94,95.67,82.88,70.08,11331,6038,1.88,150.85,24.46,2.7,2.63,2026-05-22,2026-05-22 10:54:53
6285,啟碁,296.0,281.0,298.0,279.0,67.68,70.01,72.2,19.05,16.58,2.47,310.65,251.47,192.3,30803,38125,0.81,1431.64,47.13,4.8,1.62,2026-05-22,2026-05-22 10:54:54
6290,良維,278.0,277.0,281.5,273.5,61.96,49.83,41.42,6.0,9.08,-3.08,304.34,279.43,254.51,4510,3825,1.18,471.15,33.45,5.0,1.8,2026-05-22,2026-05-22 10:54:55
6291,沛亨,541.0,520.0,541.0,513.0,59.6,50.75,64.21,26.12,25.71,0.41,532.99,467.25,401.51,3070,1697,1.81,281.32,82.09,6.0,1.11,2026-05-22,2026-05-22 10:54:56
6292,迅德,54.2,53.7,55.3,53.7,41.0,47.88,69.87,2.03,1.91,0.12,58.77,50.43,42.1,246,269,0.92,25.26,27.24,4.0,7.38,2026-05-22,2026-05-22 10:54:57
6294,智基,28.3,27.2,28.35,27.2,11.34,6.2,22.22,-2.56,-2.36,-0.19,37.25,31.02,24.78,76,60,1.25,7.37,10.25,3.0,10.6,2026-05-22,2026-05-22 10:54:58
6405,悅城,62.8,59.8,62.8,58.9,40.86,33.42,57.58,4.91,5.37,-0.46,70.12,54.31,38.5,963,535,1.8,41.32,,0.1,0.16,2026-05-22,2026-05-22 10:54:59
6407,相互,32.35,31.5,33.1,30.9,36.79,26.98,30.33,-1.57,-0.34,-1.23,47.73,37.18,26.64,1334,1284,1.04,24.3,21.28,1.0,3.09,2026-05-22,2026-05-22 10:55:00
6409,旭隼,677.0,671.0,685.0,671.0,7.13,10.06,27.56,-26.02,-15.26,-10.75,839.54,746.35,653.16,675,756,0.89,593.75,16.9,43.0,6.35,2026-05-22,2026-05-22 10:55:00
6411,晶焱,94.9,95.8,99.8,92.6,73.97,66.72,74.85,3.08,1.79,1.29,92.35,82.49,72.62,7127,2553,2.79,92.75,30.42,3.18,3.35,2026-05-22,2026-05-22 10:55:01
6412,群電,100.5,99.8,101.0,96.5,76.54,65.73,65.41,4.16,3.26,0.9,102.76,88.44,74.13,4894,3445,1.42,402.77,19.51,3.7,3.68,2026-05-22,2026-05-22 10:55:02
6414,樺漢,350.5,352.0,353.5,347.0,59.93,54.27,56.52,10.16,12.09,-1.93,369.26,336.7,304.14,1451,2072,0.7,511.33,17.54,14.0,3.99,2026-05-22,2026-05-22 10:55:08
6415,矽力*-KY,562.0,564.0,573.0,547.0,84.05,78.67,70.96,49.82,43.82,6.0,556.61,461.95,367.29,12154,10481,1.16,2182.54,89.35,2.55,0.45,2026-05-22,2026-05-22 10:55:09
6416,瑞祺電通,91.5,90.7,91.9,90.7,67.3,60.38,69.42,2.37,1.79,0.58,92.6,85.25,77.9,441,418,1.06,67.11,21.33,2.9,3.17,2026-05-22,2026-05-22 10:55:10
6417,韋僑,132.5,130.5,135.0,129.0,32.57,38.1,63.71,4.23,4.88,-0.65,145.97,125.8,105.63,234,186,1.25,56.01,27.49,2.2,1.66,2026-05-22,2026-05-22 10:55:11
6418,詠昇,31.4,31.8,31.8,31.0,29.86,21.73,41.67,-0.26,-0.05,-0.21,37.53,32.6,27.67,168,162,1.04,10.84,43.01,1.1,3.5,2026-05-22,2026-05-22 10:55:12
6419,京晨科,159.5,157.0,159.5,157.0,37.09,48.9,50.15,10.54,12.89,-2.36,184.13,151.85,119.57,620,1016,0.61,20.99,16.67,2.7,1.69,2026-05-22,2026-05-22 10:55:13
6423,億而得,100.0,99.5,101.0,98.9,12.65,16.88,35.43,-0.11,2.59,-2.7,124.01,108.73,93.45,134,167,0.8,30.27,172.41,1.0,1.0,2026-05-22,2026-05-22 10:55:14
6425,易發,90.4,91.0,94.3,89.1,55.91,54.24,63.24,3.27,3.42,-0.15,93.69,85.92,78.15,5667,4087,1.39,43.85,,1.0,1.11,2026-05-22,2026-05-22 10:55:15
6426,統新,268.0,268.0,279.0,266.0,46.01,49.38,63.72,15.81,17.57,-1.76,290.83,244.9,198.97,2473,2304,1.07,103.2,,0.5,0.19,2026-05-22,2026-05-22 10:55:16
6428,淘米,13.6,14.3,14.3,13.6,41.58,44.65,45.83,0.22,0.28,-0.07,15.04,13.86,12.69,0,2,0.1,2.4,15.45,,,2026-05-22,2026-05-22 10:55:17
6431,光麗-KY,20.8,21.2,21.7,20.8,67.8,69.74,59.7,-0.03,-0.26,0.23,22.14,20.41,18.69,69,84,0.82,20.26,,,,2026-05-22,2026-05-22 10:55:18
6432,今展科,55.7,57.2,57.5,55.0,82.32,79.33,79.65,4.34,3.44,0.9,58.29,45.77,33.25,5011,5041,0.99,18.81,116.04,1.4,2.51,2026-05-22,2026-05-22 10:55:19
6434,達輝光電,20.35,20.75,20.75,18.9,49.64,40.62,33.58,0.68,1.82,-1.15,30.74,23.82,16.9,1456,2279,0.64,94.34,,,,2026-05-22,2026-05-22 10:55:20
6435,大中,231.0,231.0,239.0,224.0,41.77,50.82,63.08,14.65,15.91,-1.26,256.89,217.72,178.56,1082,931,1.16,86.53,24.87,4.3,1.86,2026-05-22,2026-05-22 10:55:21
6438,迅得,169.0,165.5,171.0,163.5,45.05,31.51,40.0,-2.23,-1.17,-1.06,182.54,170.93,159.31,1361,862,1.58,138.93,32.38,5.83,3.45,2026-05-22,2026-05-22 10:55:22
6441,廣錠,24.4,25.0,25.0,23.8,19.04,15.59,32.59,0.25,0.86,-0.6,31.46,26.77,22.09,245,247,0.99,13.01,,,,2026-05-22,2026-05-22 10:55:23
6442,光聖,1875.0,1830.0,1930.0,1830.0,27.93,24.45,36.88,-68.68,-55.94,-12.74,2160.3,1909.0,1657.7,3549,2523,1.41,1460.12,82.06,8.62,0.46,2026-05-22,2026-05-22 10:55:24
6443,元晶,40.05,40.1,40.4,39.7,37.13,42.67,63.73,0.13,-0.15,0.28,43.23,38.75,34.28,14069,25289,0.56,205.38,18.46,,,2026-05-22,2026-05-22 10:55:25
6446,藥華藥,810.0,800.0,810.0,799.0,69.82,73.45,80.0,42.33,32.31,10.02,867.43,714.65,561.87,1336,2778,0.48,3012.45,59.69,0.99,0.12,2026-05-22,2026-05-22 10:55:26
6449,鈺邦,305.5,295.0,316.5,286.5,90.97,88.49,84.96,31.8,20.75,11.05,308.29,208.2,108.11,1164,3367,0.35,277.66,42.08,3.48,1.14,2026-05-22,2026-05-22 10:55:27
6451,訊芯-KY,524.0,516.0,533.0,502.0,52.75,54.4,55.94,31.01,33.48,-2.46,573.06,471.15,369.24,4675,5576,0.84,556.35,2096.0,0.22,0.04,2026-05-22,2026-05-22 10:55:28
6456,GIS-KY,76.1,70.8,76.8,70.4,59.97,40.74,47.93,0.48,0.89,-0.41,81.81,71.64,61.47,22327,11094,2.01,251.29,27.37,,,2026-05-22,2026-05-22 10:55:29
6461,益得,16.3,16.35,16.45,16.0,36.91,24.24,28.0,-0.66,-0.64,-0.01,18.63,17.02,15.42,65,101,0.64,29.07,,,,2026-05-22,2026-05-22 10:55:30
6462,神盾,144.5,148.5,150.0,140.0,71.28,67.73,75.0,6.22,5.49,0.73,143.07,129.15,115.23,5985,4521,1.32,131.86,26.96,,,2026-05-22,2026-05-22 10:55:31
6464,台數科,78.1,77.3,78.1,77.1,96.66,92.96,91.3,0.42,0.2,0.21,78.41,76.71,75.01,36,73,0.5,100.58,18.64,3.22,4.12,2026-05-22,2026-05-22 10:55:32
6465,威潤,52.8,52.5,53.8,51.2,72.46,55.27,65.19,1.24,0.8,0.44,51.96,47.01,42.06,464,500,0.93,24.85,61.4,0.2,0.38,2026-05-22,2026-05-22 10:55:33
6467,泰合,136.5,137.0,140.0,132.5,34.71,49.13,64.66,4.25,3.87,0.38,152.26,130.8,109.34,202,186,1.08,71.49,,,,2026-05-22,2026-05-22 10:55:34
6469,大樹,71.5,72.0,72.0,70.6,32.66,23.76,37.13,-2.49,-2.35,-0.14,81.13,74.66,68.2,318,479,0.66,107.21,18.38,2.92,4.08,2026-05-22,2026-05-22 10:55:35
6470,宇智,47.8,48.0,48.3,47.65,61.78,49.67,50.68,-0.2,-0.36,0.16,48.59,47.37,46.14,158,81,1.94,18.02,12.51,2.5,5.23,2026-05-22,2026-05-22 10:55:36
6472,保瑞,379.5,386.0,391.0,376.0,51.0,43.34,40.96,-13.57,-13.23,-0.34,434.51,397.1,359.69,1931,2338,0.83,483.48,11.31,11.67,3.08,2026-05-22,2026-05-22 10:55:37
6473,美賣*,9.03,8.85,9.03,8.58,33.5,30.14,42.9,-0.1,0.03,-0.13,10.32,9.33,8.34,76,404,0.19,3.61,,,,2026-05-22,2026-05-22 10:55:38
6474,華豫寧,38.25,37.9,38.25,37.8,23.79,22.39,29.73,0.27,0.46,-0.2,41.02,38.35,35.68,52,42,1.24,20.09,11.12,2.5,6.54,2026-05-22,2026-05-22 10:55:39
6477,安集,34.45,34.45,34.7,34.35,46.18,35.06,46.37,-0.12,-0.14,0.02,36.02,34.18,32.34,531,506,1.05,42.64,1722.5,0.3,0.87,2026-05-22,2026-05-22 10:55:40
6482,弘煜科,30.0,29.95,30.65,29.45,48.03,33.16,51.2,-0.49,-0.64,0.15,30.78,29.5,28.22,16,8,1.94,8.59,12.99,1.0,3.33,2026-05-22,2026-05-22 10:55:41
6483,原創生醫,13.25,13.5,13.5,12.7,16.5,11.79,23.08,-0.65,-0.56,-0.09,16.01,14.19,12.37,102,63,1.61,8.79,,,,2026-05-22,2026-05-22 10:55:42
6485,點序,106.0,104.5,109.5,101.5,70.01,68.89,66.11,6.38,4.05,2.34,112.9,90.72,68.54,3474,6597,0.53,47.96,149.3,0.5,0.47,2026-05-22,2026-05-22 10:55:43
6486,互動,82.1,82.3,82.4,81.6,37.33,25.93,32.39,-1.21,-0.99,-0.22,88.23,83.73,79.24,124,136,0.91,41.78,14.35,5.87,7.15,2026-05-22,2026-05-22 10:55:44
6488,環球晶,717.0,716.0,747.0,711.0,33.9,39.57,59.55,42.39,55.1,-12.71,862.82,688.65,514.48,6533,4554,1.43,3428.08,46.92,7.7,1.07,2026-05-22,2026-05-22 10:55:45
6491,晶碩,308.0,307.0,309.0,305.0,78.24,75.03,82.22,5.22,2.57,2.65,308.28,288.88,269.47,438,776,0.57,236.54,14.93,11.0,3.57,2026-05-22,2026-05-22 10:55:46
6492,生華科,46.35,47.0,47.0,45.9,22.56,17.84,31.8,-1.55,-1.16,-0.39,53.29,49.02,44.75,193,204,0.94,41.43,,,,2026-05-22,2026-05-22 10:55:47
6493,雷虎生,29.15,29.6,29.6,28.55,21.74,21.08,32.93,0.53,0.88,-0.36,33.61,30.51,27.42,59,68,0.86,8.76,,0.2,0.69,2026-05-22,2026-05-22 10:55:48
6494,九齊,58.0,56.8,58.8,56.8,52.85,37.53,58.33,1.12,1.21,-0.09,58.16,54.5,50.85,471,377,1.25,18.3,,2.36,4.07,2026-05-22,2026-05-22 10:55:49
6496,科懋,24.35,24.0,24.35,24.0,36.27,30.57,45.56,-0.46,-0.52,0.07,25.7,24.57,23.45,10,23,0.43,11.34,,,,2026-05-22,2026-05-22 10:55:50
6498,久禾光,106.5,108.0,108.5,105.0,61.17,64.43,65.73,4.3,3.55,0.76,113.7,98.15,82.59,286,498,0.58,50.23,16.72,4.5,4.23,2026-05-22,2026-05-22 10:55:51
6499,益安,93.7,95.0,95.0,93.0,79.15,67.13,74.65,1.45,-0.32,1.76,94.61,85.13,75.66,885,1286,0.69,90.84,31.76,,,2026-05-22,2026-05-22 10:55:52
6504,南六,38.55,38.45,38.95,38.45,9.95,12.82,46.53,-0.49,-0.43,-0.05,40.42,39.24,38.06,70,50,1.41,27.99,13.77,1.0,2.59,2026-05-22,2026-05-22 10:55:53
6505,台塑化,51.0,51.1,51.3,50.6,18.71,19.38,34.37,-0.85,-0.67,-0.18,55.91,52.8,49.68,5331,5710,0.93,4858.24,49.04,0.8,1.57,2026-05-22,2026-05-22 10:55:54
6506,雙邦,19.2,19.05,19.2,19.0,62.48,66.3,69.62,0.59,0.55,0.04,20.05,18.27,16.49,184,232,0.8,15.81,18.64,0.8,4.17,2026-05-22,2026-05-22 10:55:55
6508,惠光,24.1,23.85,24.3,23.8,40.43,28.51,31.25,-0.68,-0.66,-0.02,26.43,24.65,22.86,75,70,1.07,20.86,89.26,1.0,4.15,2026-05-22,2026-05-22 10:55:56
6509,聚和,50.1,49.95,50.6,49.25,83.9,78.72,79.82,1.53,0.86,0.68,50.94,44.24,37.54,5965,5132,1.16,98.47,18.35,1.32,2.63,2026-05-22,2026-05-22 10:55:57
6510,精測,3405.0,3410.0,3510.0,3300.0,15.33,27.08,40.96,-41.52,13.1,-54.62,4042.11,3657.75,3273.39,695,656,1.06,1116.47,111.68,7.8,0.23,2026-05-22,2026-05-22 10:55:58
6512,啟發電,19.0,18.95,19.0,18.95,35.29,45.75,60.87,-0.13,-0.13,0.01,19.38,19.12,18.85,13,9,1.45,4.8,,,,2026-05-22,2026-05-22 10:55:59
6515,穎崴,8700.0,9590.0,9700.0,8615.0,17.02,24.16,33.82,105.74,348.31,-242.57,10850.48,9898.75,8947.02,865,391,2.21,3135.31,186.7,25.0,0.29,2026-05-22,2026-05-22 10:56:00
6516,勤崴國際,56.8,56.7,58.0,56.2,40.01,31.89,28.38,-1.27,-1.15,-0.12,62.61,58.68,54.76,81,65,1.25,31.72,37.62,2.21,3.89,2026-05-22,2026-05-22 10:56:01
6517,保勝光學,62.3,62.0,63.0,61.1,72.36,61.56,60.0,0.75,0.31,0.44,62.57,58.89,55.22,536,495,1.08,19.05,38.46,1.5,2.41,2026-05-22,2026-05-22 10:56:02
6518,康科特,30.8,30.8,31.1,30.0,25.27,22.7,25.22,-0.04,0.43,-0.47,35.07,31.95,28.84,9,18,0.5,,15.32,1.5,4.87,2026-05-22,2026-05-22 10:56:03
6523,達爾膚,99.0,99.0,100.0,98.8,52.4,49.21,48.94,-2.23,-2.79,0.56,101.03,99.43,97.83,17,15,1.13,44.6,12.77,8.0,8.08,2026-05-22,2026-05-22 10:56:04
6525,捷敏-KY,116.0,114.0,117.0,112.5,77.45,72.85,67.6,6.55,6.06,0.5,122.13,104.1,86.08,990,1298,0.76,149.69,19.97,4.2,3.62,2026-05-22,2026-05-22 10:56:05
6526,達發,725.0,709.0,725.0,695.0,49.71,45.86,69.1,42.03,44.78,-2.75,795.32,658.35,521.38,1992,1655,1.2,1214.42,41.86,12.5,1.72,2026-05-22,2026-05-22 10:56:06
6527,明達醫,70.2,70.0,70.2,70.0,67.05,64.87,62.14,-0.08,-0.24,0.16,72.42,69.46,66.5,23,19,1.23,17.79,12.32,2.25,3.21,2026-05-22,2026-05-22 10:56:07
6530,創威,111.5,107.5,114.0,107.5,24.37,24.4,42.98,0.61,2.43,-1.82,123.78,111.17,98.57,1657,1247,1.33,37.63,57.47,1.55,1.39,2026-05-22,2026-05-22 10:56:08
6531,愛普*,963.0,919.0,963.0,906.0,39.79,56.21,52.54,86.26,105.26,-19.0,1151.35,939.2,727.05,7729,9100,0.85,1568.22,124.9,6.99,0.73,2026-05-22,2026-05-22 10:56:09
6532,瑞耘,102.0,99.7,103.0,99.7,23.46,34.73,51.41,4.7,6.34,-1.64,114.61,102.6,90.58,1093,1952,0.56,38.19,14.13,2.6,2.55,2026-05-22,2026-05-22 10:56:10
6533,晶心科,240.0,234.0,246.0,230.5,37.4,28.18,51.27,3.41,5.85,-2.44,255.28,235.07,214.87,1027,897,1.14,121.56,28.76,,,2026-05-22,2026-05-22 10:56:11
6534,正瀚-創,97.0,96.1,97.0,95.2,65.75,61.78,59.0,0.8,1.07,-0.27,98.92,95.52,92.12,171,118,1.44,99.72,21.56,4.8,4.95,2026-05-22,2026-05-22 10:56:12
6535,順藥,127.5,129.0,129.0,125.0,22.99,21.4,27.94,-3.14,-3.08,-0.06,145.91,132.45,118.99,254,142,1.78,213.54,,,,2026-05-22,2026-05-22 10:56:13
6536,碩豐,24.2,24.2,25.05,24.15,34.45,37.84,40.92,0.53,1.22,-0.69,30.97,26.24,21.51,25,18,1.37,6.37,186.15,,,2026-05-22,2026-05-22 10:56:14
6538,倉和,127.5,125.5,128.5,120.0,92.08,84.47,86.12,10.58,6.03,4.55,117.49,85.88,54.27,3671,2029,1.81,47.54,113.84,7.0,5.49,2026-05-22,2026-05-22 10:56:15
6539,麗彤,45.0,45.0,45.0,45.0,36.16,36.1,36.76,-1.49,-1.42,-0.07,50.16,46.91,43.65,1,2,0.45,10.96,136.36,0.6,1.33,2026-05-22,2026-05-22 10:56:16
6541,泰福-KY,38.6,38.9,39.1,37.95,17.3,15.16,46.52,-0.72,-0.72,-0.0,40.95,39.38,37.82,333,314,1.06,102.28,,,,2026-05-22,2026-05-22 10:56:17
6542,隆中,47.0,46.5,47.0,46.5,23.87,14.21,40.48,-1.43,-1.43,0.0,51.38,48.01,44.65,9,4,2.25,19.27,2350.0,0.02,0.04,2026-05-22,2026-05-22 10:56:18
6543,普惠醫工,21.55,22.3,22.3,21.55,39.69,45.38,39.13,-0.25,-0.29,0.04,22.9,22.35,21.8,8,24,0.33,12.04,22.68,0.2,0.93,2026-05-22,2026-05-22 10:56:19
6546,正基,78.9,74.9,79.3,74.9,83.78,73.31,75.09,1.46,0.17,1.3,76.62,67.71,58.8,1993,1353,1.47,52.74,29.01,3.5,4.44,2026-05-22,2026-05-22 10:56:20
6547,高端疫苗,47.95,49.05,49.05,47.7,34.35,33.57,37.74,-0.28,-0.23,-0.05,49.75,48.54,47.34,2642,1819,1.45,157.64,32.84,,,2026-05-22,2026-05-22 10:56:21
6548,長科*,51.9,51.8,52.2,51.2,44.43,33.38,49.6,-0.3,-0.04,-0.26,55.19,51.59,47.99,3491,3253,1.07,479.06,32.04,1.8,3.47,2026-05-22,2026-05-22 10:56:22
6549,景凱,8.03,8.21,8.21,7.86,61.32,58.54,45.37,0.02,0.03,-0.01,8.32,8.04,7.75,106,101,1.05,6.43,,,,2026-05-22,2026-05-22 10:56:23
6550,北極星藥業-KY,16.25,16.0,16.35,16.0,14.48,19.66,38.98,-0.92,-0.98,0.06,18.53,17.13,15.73,858,1492,0.58,139.73,,,,2026-05-22,2026-05-22 10:56:24
6552,易華電,31.55,28.8,31.55,28.8,47.15,27.07,44.76,0.1,0.25,-0.15,33.28,30.18,27.08,1391,391,3.55,26.19,6.15,0.2,0.63,2026-05-22,2026-05-22 10:56:25
6555,榮炭,21.95,21.3,22.05,20.85,26.62,17.0,21.68,-1.03,-0.72,-0.31,27.41,23.53,19.65,249,132,1.89,26.17,,,,2026-05-22,2026-05-22 10:56:26
6556,勝品,70.7,70.5,70.7,70.4,53.01,37.85,55.38,0.48,0.53,-0.05,70.86,69.87,68.88,10,6,1.52,20.33,10.51,4.2,5.94,2026-05-22,2026-05-22 10:56:27
6558,興能高,33.0,31.85,33.3,31.4,70.92,57.9,69.61,0.64,0.32,0.31,32.47,30.14,27.8,1882,1603,1.17,30.95,34.38,0.3,0.91,2026-05-22,2026-05-22 10:56:28
6559,研晶,25.95,26.45,27.65,24.7,39.57,28.52,35.36,-0.93,-0.15,-0.78,35.39,28.59,21.78,142,131,1.09,6.02,86.5,,,2026-05-22,2026-05-22 10:56:29
6560,欣普羅,38.05,38.9,38.9,38.0,27.62,22.31,50.46,-0.4,-0.41,0.01,39.52,38.23,36.95,83,41,2.03,12.36,,,,2026-05-22,2026-05-22 10:56:30
6561,是方,361.5,358.5,363.0,355.5,76.13,61.93,74.22,-0.71,-2.85,2.14,365.89,346.07,326.26,161,139,1.16,278.2,23.04,14.2,3.93,2026-05-22,2026-05-22 10:56:31
6563,映智,31.4,31.5,31.8,30.6,31.85,35.04,55.26,0.63,0.88,-0.25,33.5,31.43,29.35,170,139,1.22,9.34,,,,2026-05-22,2026-05-22 10:56:32
6564,安特羅,18.0,18.2,18.85,17.95,44.74,51.29,40.22,-0.04,0.02,-0.06,19.42,18.72,18.02,60,41,1.46,12.98,,,,2026-05-22,2026-05-22 10:56:33
6565,物聯,22.35,22.4,22.5,21.5,39.14,32.33,20.86,0.17,0.61,-0.44,26.01,23.62,21.24,91,107,0.85,6.07,22.35,,,2026-05-22,2026-05-22 10:56:34
6568,宏觀,217.0,220.0,224.5,213.5,34.71,22.99,35.68,-4.3,-0.84,-3.46,272.39,232.55,192.71,620,657,0.94,66.87,54.94,2.0,0.92,2026-05-22,2026-05-22 10:56:35
6569,醫揚,93.1,98.6,99.8,91.9,15.48,17.89,38.0,-0.68,0.13,-0.82,106.4,99.4,92.4,531,241,2.2,36.37,32.44,3.96,4.25,2026-05-22,2026-05-22 10:56:36
6570,維田,54.2,53.0,54.2,52.6,80.22,68.7,82.21,2.42,1.5,0.92,50.58,43.05,35.53,638,344,1.85,20.12,42.34,1.1,2.03,2026-05-22,2026-05-22 10:56:37
6572,博錸,9.14,9.2,9.2,8.86,42.91,33.95,30.24,-0.1,0.09,-0.19,11.83,9.83,7.84,52,144,0.36,9.47,,,,2026-05-22,2026-05-22 10:56:38
6573,虹揚-KY,13.15,13.0,13.45,13.0,53.98,59.51,52.08,0.09,0.06,0.03,13.88,13.04,12.21,112,138,0.81,10.59,10.69,,,2026-05-22,2026-05-22 10:56:39
6574,霈方,114.0,116.0,116.0,112.5,38.96,45.19,57.78,3.3,3.56,-0.26,129.06,111.11,93.16,63,62,1.0,25.07,16.76,2.2,1.93,2026-05-22,2026-05-22 10:56:40
6576,逸達,80.5,82.2,82.2,80.0,57.0,52.36,55.81,0.51,0.38,0.13,82.18,80.29,78.4,239,197,1.21,126.82,,,,2026-05-22,2026-05-22 10:56:41
6577,勁豐,81.0,81.0,82.0,80.8,55.09,39.37,54.62,0.28,0.42,-0.14,82.67,79.71,76.74,99,41,2.38,48.65,14.52,6.0,7.41,2026-05-22,2026-05-22 10:56:42
6578,達邦蛋白,17.3,17.1,17.8,17.1,78.82,68.88,71.28,-0.04,-0.33,0.29,17.4,15.87,14.34,118,133,0.88,12.45,,0.4,2.31,2026-05-22,2026-05-22 10:56:43
6579,研揚,154.5,153.5,156.5,152.5,82.07,80.1,77.27,8.88,7.66,1.23,163.13,136.62,110.12,771,864,0.89,261.8,27.69,5.15,3.33,2026-05-22,2026-05-22 10:56:44
6580,台睿,16.0,16.3,16.55,15.35,53.16,42.98,34.29,-0.08,-0.02,-0.07,18.25,16.6,14.94,146,144,1.02,17.94,,,,2026-05-22,2026-05-22 10:56:45
6581,鋼聯,107.0,106.5,107.5,106.5,25.08,29.84,47.06,-0.04,0.21,-0.25,109.7,107.83,105.95,10,10,0.97,119.06,17.4,5.3,4.95,2026-05-22,2026-05-22 10:56:46
6582,申豐,30.85,30.85,30.85,30.7,42.73,34.9,49.25,-0.35,-0.39,0.03,31.58,30.91,30.24,60,43,1.39,32.75,,1.0,3.24,2026-05-22,2026-05-22 10:56:46
6583,友松,12.45,12.25,12.45,12.25,30.55,31.25,35.29,-0.09,-0.03,-0.07,13.44,12.78,12.12,2,2,1.0,1.99,,2.0,16.06,2026-05-22,2026-05-22 10:56:48
6584,南俊國際,681.0,700.0,700.0,676.0,40.03,32.68,51.74,5.98,14.0,-8.01,736.46,682.5,628.54,592,690,0.86,480.92,128.49,1.5,0.22,2026-05-22,2026-05-22 10:56:49
6585,鼎基,95.3,95.2,95.9,94.9,66.91,59.81,77.89,1.37,0.63,0.74,98.13,89.36,80.59,118,124,0.95,68.74,17.52,7.92,8.31,2026-05-22,2026-05-22 10:56:49
6586,醣基,69.8,67.8,73.3,67.0,73.87,73.36,72.77,7.04,6.75,0.29,75.16,58.02,40.88,1413,725,1.95,149.38,,,,2026-05-22,2026-05-22 10:56:50
6588,東典光電,130.5,129.5,135.5,129.5,15.92,16.39,30.95,-1.2,1.61,-2.81,159.11,136.97,114.84,1327,1074,1.23,45.28,,,,2026-05-22,2026-05-22 10:56:51
6589,台康生技,43.7,43.85,43.9,42.75,53.46,46.88,41.74,-2.06,-2.4,0.33,48.21,44.74,41.27,1259,1566,0.8,132.35,,,,2026-05-22,2026-05-22 10:56:52
6590,普鴻,67.0,66.9,67.0,66.8,20.62,23.18,26.67,-0.81,-0.55,-0.25,71.65,68.82,65.99,34,15,2.21,16.73,13.16,2.8,4.18,2026-05-22,2026-05-22 10:56:53
6591,動力-KY,53.5,53.4,53.5,52.8,36.95,27.27,30.77,-1.83,-1.71,-0.13,60.57,55.46,50.34,223,198,1.13,22.0,10.79,2.31,4.32,2026-05-22,2026-05-22 10:56:54
6592,和潤企業,60.6,60.8,60.8,60.2,51.06,39.36,42.19,-0.53,-0.56,0.03,62.67,61.05,59.43,434,422,1.03,377.63,12.87,,,2026-05-22,2026-05-22 10:56:55
6593,台灣銘板,35.2,35.1,35.2,34.9,19.53,18.06,31.43,-0.61,-0.65,0.04,36.88,35.59,34.3,72,52,1.38,11.21,,0.45,1.28,2026-05-22,2026-05-22 10:56:56
6595,光禹國際,32.05,32.15,32.15,30.35,72.28,68.4,51.25,-0.05,-0.07,0.02,32.93,31.94,30.94,12,5,2.22,15.95,,0.25,0.78,2026-05-22,2026-05-22 10:56:57
6596,寬宏藝術,98.0,97.9,98.2,97.7,23.83,25.01,45.0,-2.25,-2.59,0.34,103.58,99.41,95.24,126,166,0.76,37.24,5.22,18.7,19.08,2026-05-22,2026-05-22 10:56:58
6597,立誠,71.5,72.3,72.3,71.5,33.39,47.99,54.39,3.22,3.45,-0.23,82.81,69.67,56.52,11,17,0.64,20.88,28.6,1.0,1.4,2026-05-22,2026-05-22 10:56:59
6598,ABC-KY,24.3,24.5,24.5,24.05,57.95,62.29,70.59,0.43,0.24,0.19,25.24,23.12,21.01,88,222,0.4,24.99,,,,2026-05-22,2026-05-22 10:57:00
6599,普達系統,44.5,42.6,44.5,42.6,12.41,7.94,9.13,-3.2,-2.81,-0.39,58.0,49.36,40.73,6,5,1.14,9.34,17.18,2.1,4.72,2026-05-22,2026-05-22 10:57:01
6603,富強鑫,22.4,22.75,22.75,22.1,16.94,10.42,33.33,-0.56,-0.26,-0.3,27.5,23.98,20.46,863,722,1.19,37.19,36.72,0.3,1.34,2026-05-22,2026-05-22 10:57:02
6604,儒億,30.6,30.45,30.65,29.35,63.98,70.11,67.07,1.01,1.06,-0.05,32.54,29.68,26.82,45,100,0.45,,,1.3,4.25,2026-05-22,2026-05-22 10:57:03
6605,帝寶,130.0,130.5,131.0,129.0,58.24,57.6,56.82,-0.28,-0.74,0.45,133.01,128.5,123.99,246,235,1.04,215.56,9.43,9.0,6.92,2026-05-22,2026-05-22 10:57:04
6606,建德工業,24.7,24.55,24.7,24.4,41.64,43.89,62.07,0.06,0.1,-0.04,25.53,24.63,23.73,122,87,1.4,27.25,22.87,1.03,4.17,2026-05-22,2026-05-22 10:57:05
6609,瀧澤科,46.35,42.85,46.35,42.5,59.8,46.87,66.67,1.24,1.02,0.22,46.2,41.11,36.02,3578,1074,3.33,33.58,,0.77,1.66,2026-05-22,2026-05-22 10:57:06
6610,安成生技,28.7,29.9,29.9,27.55,35.09,35.84,37.76,1.48,1.83,-0.35,33.12,28.91,24.7,197,203,0.97,59.0,,,,2026-05-22,2026-05-22 10:57:07
6612,奈米醫材,74.0,77.0,77.0,74.0,67.33,54.28,65.59,0.99,0.08,0.9,74.39,68.81,63.23,87,93,0.94,35.03,68.52,0.3,0.41,2026-05-22,2026-05-22 10:57:08
6613,朋億*,257.0,256.5,259.5,252.5,69.0,62.49,68.79,7.95,7.44,0.5,261.14,241.53,221.91,321,373,0.86,199.95,19.31,10.0,3.89,2026-05-22,2026-05-22 10:57:09
6614,資拓宏宇,39.4,39.8,39.85,39.35,15.01,14.12,30.0,-0.58,-0.47,-0.11,42.72,40.67,38.61,70,75,0.94,31.78,19.13,1.5,3.81,2026-05-22,2026-05-22 10:57:10
6615,慧智,33.1,32.4,33.4,32.4,35.65,29.46,52.73,-0.25,-0.31,0.06,33.59,32.86,32.14,23,16,1.42,7.15,,0.3,0.91,2026-05-22,2026-05-22 10:57:11
6616,特昇-KY,9.94,9.63,10.6,9.63,48.72,42.92,49.75,-0.07,-0.08,0.01,10.27,9.88,9.49,113,38,2.94,3.53,,,,2026-05-22,2026-05-22 10:57:12
6617,共信-KY,63.5,65.6,66.0,63.2,54.79,50.28,40.15,-1.03,-1.05,0.02,75.82,66.75,57.67,124,154,0.81,,,,,2026-05-22,2026-05-22 10:57:13
6618,永虹先進,20.35,19.1,21.4,18.5,35.7,29.37,36.11,-0.29,-0.04,-0.25,24.13,20.96,17.78,872,531,1.64,21.33,,,,2026-05-22,2026-05-22 10:57:14
6620,漢達,75.4,76.1,76.1,73.6,58.72,50.86,54.68,0.2,-0.28,0.47,78.99,73.34,67.7,442,549,0.8,125.56,15.61,1.51,2.0,2026-05-22,2026-05-22 10:57:15
6621,華宇藥,12.1,12.05,12.2,11.95,38.41,30.95,35.29,-0.23,-0.22,-0.0,13.27,12.37,11.48,61,53,1.15,4.36,,,,2026-05-22,2026-05-22 10:57:16
6622,百聿數碼,7.87,7.05,8.05,7.0,49.44,35.1,49.83,-0.2,-0.2,-0.0,8.59,7.62,6.65,94,37,2.49,2.7,,,,2026-05-22,2026-05-22 10:57:17
6624,萬年清,42.6,45.85,46.2,42.6,29.07,35.1,15.55,-2.63,-2.54,-0.1,53.19,48.65,44.1,173,50,3.41,8.89,118.33,0.55,1.29,2026-05-22,2026-05-22 10:57:18
6625,必應,73.1,73.6,73.6,72.7,46.39,30.96,51.56,-0.4,-0.41,0.01,74.68,73.11,71.55,153,124,1.23,42.38,8.04,5.0,6.84,2026-05-22,2026-05-22 10:57:19
6629,泰金-KY,120.5,120.5,123.0,119.5,26.77,41.51,58.7,2.16,2.61,-0.45,128.47,121.12,113.78,70,68,1.03,46.24,19.47,6.2,5.15,2026-05-22,2026-05-22 10:57:20
6634,欣耀,63.5,65.5,65.6,60.9,40.23,53.23,61.29,7.83,7.76,0.06,83.39,55.42,27.45,270,213,1.27,45.27,,,,2026-05-22,2026-05-22 10:57:21
6637,醫影,66.2,65.9,66.3,65.7,17.02,18.37,18.95,-1.72,-1.37,-0.35,74.93,69.33,63.72,39,26,1.47,17.75,9.27,3.63,5.48,2026-05-22,2026-05-22 10:57:22
6638,沅聖,62.4,62.7,72.3,59.5,75.54,68.48,76.48,4.88,3.18,1.7,59.73,46.94,34.14,197,140,1.41,18.72,,1.0,1.6,2026-05-22,2026-05-22 10:57:23
6639,源大環能,7.25,7.47,7.47,7.1,23.35,23.95,37.93,-0.29,-0.23,-0.06,8.96,7.86,6.76,81,45,1.77,4.18,,,,2026-05-22,2026-05-22 10:57:24
6640,均華,1360.0,1415.0,1430.0,1355.0,29.9,26.81,40.16,-18.27,1.07,-19.34,1548.3,1406.0,1263.7,451,341,1.32,385.02,111.11,15.0,1.1,2026-05-22,2026-05-22 10:57:26
6641,基士德-KY,18.35,18.35,18.35,18.3,8.28,10.78,52.33,-0.11,-0.08,-0.03,19.46,18.56,17.66,10,13,0.74,6.7,39.89,1.0,5.45,2026-05-22,2026-05-22 10:57:26
6642,富致,88.5,88.0,90.6,85.0,90.43,87.36,85.98,7.37,4.75,2.61,88.84,67.23,45.61,2619,2724,0.96,33.1,34.17,1.8,2.03,2026-05-22,2026-05-22 10:57:28
6643,M31,601.0,598.0,605.0,591.0,22.89,28.32,49.85,17.74,28.58,-10.85,704.23,605.35,506.47,605,856,0.71,252.92,351.46,2.0,0.33,2026-05-22,2026-05-22 10:57:29
6645,金萬林-創,11.95,12.1,12.1,11.5,25.89,24.84,20.69,-0.42,-0.39,-0.03,13.48,12.59,11.71,139,47,2.91,7.22,,,,2026-05-22,2026-05-22 10:57:30
6648,斯其大,16.3,16.4,16.4,16.0,17.35,13.2,22.73,-0.84,-0.69,-0.15,20.46,17.9,15.34,24,57,0.42,7.74,,,,2026-05-22,2026-05-22 10:57:33
6649,台生材,38.5,39.6,39.6,38.5,26.17,29.53,29.69,-0.37,-0.38,0.01,40.42,39.49,38.56,50,42,1.18,16.17,27.5,1.0,2.6,2026-05-22,2026-05-22 10:57:34
6650,帝圖,29.25,29.5,29.6,29.25,22.13,23.48,8.4,-0.52,0.0,-0.52,37.53,32.69,27.84,8,11,0.73,9.09,27.59,4.0,13.68,2026-05-22,2026-05-22 10:57:35
6651,全宇昕,137.5,125.5,137.5,125.5,66.53,59.37,70.86,8.06,7.41,0.66,139.89,116.71,93.53,975,564,1.73,47.58,21.83,4.0,2.91,2026-05-22,2026-05-22 10:57:36
6652,雅祥生醫,1.96,2.25,2.28,1.89,6.72,8.04,9.55,-1.23,-1.06,-0.17,8.0,4.18,0.37,7274,2007,3.62,2.69,,,,2026-04-09,2026-05-22 10:57:37
6654,天正國際,96.1,97.0,97.0,94.0,49.63,51.27,62.0,1.77,1.29,0.47,99.06,92.95,86.85,26,49,0.54,35.81,9610.0,,,2026-05-22,2026-05-22 10:57:38
6655,科定,132.5,130.0,132.5,130.0,18.88,20.37,30.43,-0.46,0.45,-0.91,141.66,136.45,131.24,10,10,0.98,104.09,33.89,6.0,4.53,2026-05-22,2026-05-22 10:57:39
6657,華安,40.35,40.75,41.05,39.7,43.92,29.96,38.69,-1.02,-1.07,0.05,42.97,40.67,38.37,212,163,1.31,35.47,,,,2026-05-22,2026-05-22 10:57:40
6658,聯策,193.0,178.0,193.0,177.0,45.81,56.16,65.14,23.87,25.83,-1.96,222.25,166.8,111.35,1380,2063,0.67,70.19,159.5,1.08,0.56,2026-05-22,2026-05-22 10:57:41
6659,天明製藥,21.65,20.45,21.65,20.0,34.36,31.14,60.71,-0.13,-0.14,0.01,22.43,20.91,19.39,418,214,1.95,,,,,2026-05-22,2026-05-22 10:57:42
6661,威健生技,17.85,17.85,17.85,17.85,59.81,42.67,42.5,-0.24,-0.26,0.02,18.55,17.82,17.09,1,6,0.17,4.16,297.5,,,2026-05-22,2026-05-22 10:57:43
6662,樂斯科,29.1,28.6,29.1,28.6,20.63,28.86,50.0,-0.1,-0.0,-0.1,30.73,29.6,28.48,7,3,2.07,7.45,17.64,1.5,5.15,2026-05-22,2026-05-22 10:57:44
6664,群翊,432.5,412.0,435.0,409.5,25.21,26.45,42.35,7.39,16.58,-9.19,490.59,439.38,388.16,1552,1090,1.42,262.99,29.93,9.93,2.3,2026-05-22,2026-05-22 10:57:45
6665,康聯生醫,20.55,20.6,20.6,19.4,30.52,37.81,25.62,-0.08,0.33,-0.4,24.91,22.91,20.91,192,75,2.55,9.32,108.16,0.7,3.41,2026-05-22,2026-05-22 10:57:46
6666,羅麗芬-KY,40.6,41.55,41.6,40.6,34.53,32.9,52.9,-0.15,-0.19,0.03,42.12,40.84,39.55,14,29,0.47,19.24,16.78,2.0,4.93,2026-05-22,2026-05-22 10:57:47
6667,信紘科,256.0,255.0,256.5,254.5,50.74,33.31,34.78,-2.62,-1.47,-1.15,273.9,259.32,244.75,416,257,1.62,126.15,18.73,8.43,3.29,2026-05-22,2026-05-22 10:57:48
6668,中揚光,39.65,39.6,40.0,39.05,57.93,53.44,69.02,0.96,0.69,0.27,40.43,36.74,33.05,635,1000,0.64,42.47,80.92,,,2026-05-22,2026-05-22 10:57:49
6669,緯穎,5525.0,5460.0,5575.0,5330.0,47.57,46.23,61.65,296.93,321.39,-24.45,5730.94,5076.5,4422.06,1966,1708,1.15,10267.7,20.8,74.0,1.34,2026-05-22,2026-05-22 10:57:49
6670,復盛應用,260.5,260.5,261.5,259.5,30.7,41.03,54.64,0.12,-0.25,0.37,270.43,258.88,247.32,181,251,0.72,363.1,11.74,19.65,7.54,2026-05-22,2026-05-22 10:57:50
6671,三能-KY,28.0,28.55,28.55,27.85,8.17,8.79,27.14,-0.79,-0.69,-0.1,30.86,29.38,27.9,44,38,1.15,17.01,11.91,2.6,9.29,2026-05-22,2026-05-22 10:57:51
6672,騰輝電子-KY,193.0,180.5,194.5,180.5,22.3,17.1,32.95,4.17,9.98,-5.81,233.98,202.07,170.17,7282,3141,2.32,137.87,40.21,3.35,1.74,2026-05-22,2026-05-22 10:57:52
6673,和詮,19.85,20.9,20.9,19.85,39.31,32.43,40.24,0.02,0.85,-0.83,27.09,22.53,17.96,304,418,0.73,5.23,,,,2026-05-22,2026-05-22 10:57:53
6674,鋐寶科技,17.6,17.15,17.95,16.95,18.74,12.26,37.8,-0.44,-0.35,-0.08,19.42,17.96,16.5,71,55,1.28,12.06,,,,2026-05-22,2026-05-22 10:57:54
6676,祥翊,14.95,15.05,15.05,14.75,62.44,55.74,65.82,0.09,-0.02,0.11,15.33,14.29,13.26,326,273,1.19,22.38,,,,2026-05-22,2026-05-22 10:57:55
6677,瑩碩生技,18.25,18.15,18.35,17.75,47.39,36.33,35.0,-0.37,-0.33,-0.03,19.95,18.7,17.45,46,60,0.77,10.22,,,,2026-05-22,2026-05-22 10:57:56
6679,鈺太,335.5,341.0,343.5,333.5,68.64,58.95,69.7,15.51,15.22,0.29,345.39,306.3,267.21,968,710,1.36,178.78,49.34,6.5,1.94,2026-05-22,2026-05-22 10:57:57
6680,鑫創電子,55.9,54.5,55.9,54.5,50.51,40.75,63.81,-0.49,-0.73,0.24,55.87,53.88,51.88,6,4,1.43,13.39,,3.05,5.46,2026-05-22,2026-05-22 10:57:58
6682,華旭先進,57.9,58.0,58.0,53.8,54.3,47.02,49.07,3.62,3.96,-0.33,63.68,53.78,43.89,2696,3475,0.78,85.17,,,,2026-05-22,2026-05-22 10:57:59
6683,雍智科技,1650.0,1690.0,1760.0,1580.0,15.47,21.37,32.11,-6.98,84.4,-91.38,2611.89,2015.0,1418.11,3310,1589,2.08,454.69,108.77,10.0,0.61,2026-05-22,2026-05-22 10:58:00
6684,安格,47.75,47.0,48.45,46.7,44.51,28.58,49.84,-0.09,0.1,-0.19,50.32,47.06,43.8,345,196,1.76,21.28,30.41,,,2026-05-22,2026-05-22 10:58:01
6689,伊雲谷,66.9,67.0,67.4,65.8,26.19,18.26,33.61,-1.65,-1.51,-0.14,72.48,68.13,63.77,252,167,1.5,45.36,29.09,,,2026-05-22,2026-05-22 10:58:02
6690,安碁資訊,171.0,168.5,171.0,168.5,58.57,43.28,58.82,0.23,0.12,0.11,170.71,168.18,165.64,85,62,1.38,51.3,16.86,9.0,5.26,2026-05-22,2026-05-22 10:58:03
6691,洋基工程,628.0,624.0,632.0,619.0,25.99,19.23,44.96,-3.12,0.86,-3.98,674.49,638.85,603.21,284,331,0.86,757.35,25.4,16.0,2.55,2026-05-22,2026-05-22 10:58:04
6692,進能服,28.85,29.25,29.25,28.3,24.62,22.62,18.09,-0.81,-0.57,-0.24,33.53,30.62,27.72,21,20,1.03,16.98,125.43,0.5,1.73,2026-05-22,2026-05-22 10:58:05
6693,廣閎科,146.0,142.5,147.5,141.5,28.99,28.87,53.17,2.67,4.88,-2.22,159.25,145.12,131.0,538,603,0.89,65.77,46.95,2.0,1.37,2026-05-22,2026-05-22 10:58:06
6695,芯鼎,56.6,52.5,56.6,52.1,57.06,48.31,63.29,2.7,2.56,0.15,57.22,49.39,41.56,7399,2747,2.69,54.61,,,,2026-05-22,2026-05-22 10:58:07
6696,仁新,396.0,394.0,401.5,391.5,20.35,25.4,43.79,-3.51,-1.67,-1.84,422.17,402.68,383.18,270,300,0.9,328.36,,,,2026-05-22,2026-05-22 10:58:08
6697,東捷資訊,40.9,41.2,41.2,40.7,33.09,31.83,45.95,-0.32,-0.26,-0.06,44.39,41.7,39.01,33,44,0.74,11.18,13.54,2.6,6.36,2026-05-22,2026-05-22 10:58:09
6698,旭暉應材,34.2,31.6,34.95,31.35,59.01,45.93,64.34,0.31,0.06,0.24,33.12,31.15,29.17,1211,446,2.71,22.5,,,,2026-05-22,2026-05-22 10:58:10
6703,軒郁,112.0,114.0,114.0,112.0,24.6,37.15,50.0,0.16,0.36,-0.2,118.76,113.53,108.29,109,70,1.57,36.66,11.32,9.6,8.57,2026-05-22,2026-05-22 10:58:11
6704,國璽幹細胞,21.15,21.1,21.15,20.55,34.79,34.86,27.03,-0.33,-0.32,-0.01,22.23,21.55,20.87,101,102,0.98,20.29,,,,2026-05-22,2026-05-22 10:58:12
6705,振躍精密,93.5,94.0,97.2,93.5,30.17,29.56,44.46,1.98,4.39,-2.41,111.63,100.18,88.73,35,114,0.31,16.83,34.5,2.2,2.35,2026-05-22,2026-05-22 10:58:13
6706,惠特,185.0,174.0,185.0,173.0,66.56,54.92,58.6,9.17,9.1,0.07,196.33,161.43,126.52,9373,10137,0.92,145.32,30.78,,,2026-05-22,2026-05-22 10:58:14
6707,富基電通,34.95,33.7,35.5,33.5,27.59,37.72,61.03,1.97,2.32,-0.36,40.91,33.39,25.87,324,436,0.74,20.62,13.39,,,2026-05-22,2026-05-22 10:58:15
6708,天擎,40.0,39.05,40.0,39.05,23.78,27.2,39.57,-0.05,0.23,-0.29,43.78,41.54,39.29,37,39,0.94,11.44,160.0,,,2026-05-22,2026-05-22 10:58:16
6709,昱厚生技,27.0,25.2,28.0,25.05,67.31,57.34,65.28,-0.34,-0.57,0.23,26.86,25.72,24.59,78,53,1.47,16.11,,,,2026-05-22,2026-05-22 10:58:17
6712,長聖,133.5,135.5,136.5,132.0,71.02,68.53,63.64,0.83,0.2,0.64,138.03,129.73,121.43,292,293,1.0,135.85,28.71,3.33,2.49,2026-05-22,2026-05-22 10:58:18
6715,嘉基,461.5,481.5,492.0,457.5,36.21,53.37,56.22,27.9,31.47,-3.57,536.45,448.98,361.5,749,1123,0.67,308.24,254.97,3.92,0.85,2026-05-22,2026-05-22 10:58:19
6716,應廣,101.5,100.5,105.0,99.9,44.74,44.47,65.1,5.23,4.73,0.5,105.56,91.02,76.48,887,743,1.19,30.7,46.99,1.6,1.58,2026-05-22,2026-05-22 10:58:20
6719,力智,232.0,238.5,238.5,228.5,82.68,82.69,77.2,14.72,10.52,4.2,237.4,196.47,155.55,2204,4054,0.54,244.72,36.25,1.7,0.73,2026-05-22,2026-05-22 10:58:21
6720,久昌,156.0,159.0,159.0,156.0,26.87,28.55,30.43,-1.84,-1.35,-0.49,167.33,161.15,154.97,66,175,0.38,46.78,40.41,3.5,2.24,2026-05-22,2026-05-22 10:58:22
6721,信實,59.5,59.8,61.3,58.5,73.02,76.23,76.09,0.1,-0.2,0.3,59.43,58.0,56.57,22,12,1.78,13.39,12.8,3.0,5.04,2026-05-22,2026-05-22 10:58:23
6722,輝創,37.6,37.5,37.95,37.3,16.17,19.39,31.67,-0.69,-0.49,-0.2,41.38,39.04,36.71,102,83,1.23,33.24,13.01,1.5,3.99,2026-05-22,2026-05-22 10:58:24
6723,傑智環境,40.7,40.0,42.05,38.9,63.29,50.47,47.73,-0.17,-0.1,-0.07,44.3,40.69,37.08,65,50,1.3,12.23,10.41,,,2026-05-22,2026-05-22 10:58:25
6725,矽科宏晟,322.0,296.5,322.0,296.5,29.61,15.01,38.37,-5.97,-1.02,-4.95,369.65,324.32,279.0,464,301,1.54,119.17,24.98,8.0,2.48,2026-05-22,2026-05-22 10:58:26
6727,亞泰金屬,600.0,600.0,600.0,581.0,79.21,73.83,78.54,49.59,44.49,5.09,611.46,470.68,329.89,780,2348,0.33,161.3,88.63,3.0,0.5,2026-05-22,2026-05-22 10:58:27
6728,上洋,111.0,112.5,112.5,111.0,19.7,15.72,34.78,-2.24,-2.2,-0.04,119.52,114.15,108.78,33,29,1.14,33.43,11.55,8.0,7.21,2026-05-22,2026-05-22 10:58:28
6729,機光科技,52.4,52.0,54.1,51.0,20.4,16.09,29.13,-2.54,-1.99,-0.55,65.2,56.2,47.2,63,103,0.61,14.49,69.87,0.95,1.81,2026-05-22,2026-05-22 10:58:29
6730,常廣,37.7,37.7,37.7,37.0,32.45,31.13,44.52,-0.07,0.03,-0.1,39.35,38.06,36.77,20,18,1.07,13.68,17.87,1.0,2.65,2026-05-22,2026-05-22 10:58:30
6732,昇佳電子,181.0,176.0,182.5,173.5,69.66,61.24,74.59,4.55,2.99,1.56,179.83,162.35,144.87,544,294,1.85,88.53,29.19,5.5,3.04,2026-05-22,2026-05-22 10:58:31
6733,博晟生醫,27.7,28.0,28.05,27.45,32.63,28.57,36.52,-0.99,-1.11,0.12,29.92,28.43,26.94,216,200,1.08,34.54,,,,2026-05-22,2026-05-22 10:58:32
6734,安盛生,6.62,6.8,6.8,6.47,36.81,29.41,45.98,-0.1,-0.05,-0.04,7.41,6.77,6.14,20,48,0.42,2.69,,,,2026-05-22,2026-05-22 10:58:33
6735,美達科技,113.0,109.5,115.0,109.0,16.63,21.95,45.22,5.73,10.62,-4.89,148.26,125.55,102.84,749,1151,0.65,52.19,364.52,1.8,1.59,2026-05-22,2026-05-22 10:58:35
6737,秀育,33.9,34.5,34.5,33.35,51.75,42.22,34.04,-0.72,-0.59,-0.13,38.5,35.34,32.17,25,26,0.96,20.36,11.61,1.6,4.72,2026-05-22,2026-05-22 10:58:36
6738,鼎��,68.0,68.3,68.3,65.0,61.54,54.89,26.15,-1.37,-1.23,-0.14,74.95,70.53,66.11,101,70,1.45,24.97,,,,2026-05-22,2026-05-22 10:58:37
6739,竹陞科技,1280.0,1270.0,1285.0,1230.0,21.11,16.95,37.32,-39.91,-18.03,-21.88,1565.76,1368.0,1170.24,294,276,1.06,297.97,80.0,,,2026-05-22,2026-05-22 10:58:38
6741,91APP*-KY,63.0,63.4,63.5,62.2,40.95,41.15,36.7,-0.2,0.18,-0.38,68.18,64.0,59.82,243,317,0.77,72.14,14.32,1.74,2.76,2026-05-22,2026-05-22 10:58:39
6742,澤米,61.5,61.0,63.7,60.0,90.86,82.57,88.5,4.14,1.62,2.51,59.27,43.96,28.65,10264,8374,1.23,43.35,,0.3,0.49,2026-05-22,2026-05-22 10:58:40
6743,安普新,29.15,29.1,29.55,28.9,34.77,32.34,48.51,0.91,1.13,-0.22,31.45,29.12,26.79,369,299,1.23,43.0,41.06,3.0,10.29,2026-05-22,2026-05-22 10:58:41
6744,豐技生技,17.55,17.45,17.55,17.4,60.26,37.69,56.49,0.03,-0.03,0.05,18.04,16.43,14.83,10,27,0.37,2.7,18.67,0.95,5.41,2026-05-22,2026-05-22 10:58:42
6748,亞果生醫,69.0,68.6,70.3,68.1,37.31,38.68,37.78,0.32,0.8,-0.48,74.05,70.62,67.19,204,219,0.93,49.14,,,,2026-05-22,2026-05-22 10:58:43
6750,泰創工程,68.4,70.9,70.9,67.0,42.76,47.88,51.23,0.86,1.03,-0.17,71.86,68.23,64.61,518,608,0.85,30.58,13.71,2.0,2.92,2026-05-22,2026-05-22 10:58:44
6751,智聯服務,47.5,47.25,48.0,46.35,35.45,21.56,29.91,-1.33,-1.14,-0.19,54.38,49.62,44.85,57,31,1.81,10.54,9.17,3.0,6.32,2026-05-22,2026-05-22 10:58:45
6752,叡揚,100.5,100.0,100.5,99.3,54.13,39.9,35.29,-1.65,-1.6,-0.05,107.05,102.6,98.16,47,55,0.86,37.33,13.67,4.5,4.48,2026-05-22,2026-05-22 10:58:46
6753,龍德造船,126.5,129.0,129.5,126.0,16.13,12.24,38.14,-2.86,-1.68,-1.18,148.15,134.25,120.35,1586,1104,1.44,148.33,22.15,1.25,0.99,2026-05-22,2026-05-22 10:58:47
6754,匯僑設計,44.35,44.0,45.0,44.0,23.09,14.32,37.38,-0.52,-0.32,-0.2,47.32,45.2,43.09,22,19,1.14,29.27,13.04,3.5,7.89,2026-05-22,2026-05-22 10:58:48
6755,連鋐科技,20.0,20.9,20.9,19.8,12.55,16.04,46.43,0.25,0.47,-0.22,22.88,21.13,19.38,62,92,0.67,7.96,,,,2026-05-22,2026-05-22 10:58:49
6756,威鋒電子,105.0,101.5,105.5,101.0,64.69,58.78,66.26,5.59,5.39,0.19,108.37,93.99,79.61,713,502,1.42,73.49,95.45,0.9,0.86,2026-05-22,2026-05-22 10:58:49
6757,台灣虎航,54.1,54.0,54.4,53.5,41.7,36.08,59.52,0.58,0.36,0.22,57.05,51.92,46.79,1294,878,1.47,248.61,10.09,6.05,11.18,2026-05-22,2026-05-22 10:58:50
6758,冠亞,32.5,32.5,32.5,32.5,19.7,15.77,12.12,-1.5,-1.17,-0.34,39.74,35.56,31.38,0,7,0.0,4.38,29.28,1.0,3.08,2026-05-22,2026-05-22 10:58:51
6761,穩得,201.5,195.0,204.0,195.0,32.75,22.51,43.23,0.44,2.43,-1.99,222.18,199.05,175.92,803,548,1.46,70.08,28.14,6.0,2.98,2026-05-22,2026-05-22 10:58:52
6762,達亞,188.0,188.0,189.0,188.0,81.84,79.39,93.0,7.6,2.99,4.61,198.42,161.07,123.73,7,7,1.0,66.12,276.47,0.3,0.16,2026-05-22,2026-05-22 10:58:53
6763,綠界科技*,45.3,45.7,45.95,44.9,27.28,19.51,28.06,-0.9,-0.74,-0.16,49.27,46.6,43.92,411,336,1.22,83.37,10.79,1.65,3.64,2026-05-22,2026-05-22 10:58:54
6767,台微醫,26.1,27.0,27.0,26.1,33.89,40.01,22.58,-0.36,-0.31,-0.05,28.19,27.24,26.29,49,18,2.66,10.23,,,,2026-05-22,2026-05-22 10:58:55
6768,志強-KY,84.2,85.2,85.3,84.0,22.92,35.7,58.87,0.05,-0.25,0.3,92.29,82.89,73.49,548,623,0.88,168.48,12.7,6.18,7.34,2026-05-22,2026-05-22 10:58:56
6770,力積電,63.8,60.3,64.8,60.2,43.21,43.27,68.01,1.02,0.69,0.33,66.64,58.55,50.46,217908,133311,1.63,2722.58,14.05,,,2026-05-22,2026-05-22 10:58:57
6771,平和環保-創,41.7,42.0,42.2,41.3,16.15,14.11,20.45,-0.72,-0.51,-0.21,45.99,43.46,40.93,83,31,2.64,13.0,12.64,,,2026-05-22,2026-05-22 10:58:58
6775,穎台科技,47.05,52.0,52.0,46.85,25.79,37.51,49.47,5.16,6.48,-1.32,69.39,48.41,27.44,2080,1856,1.12,47.22,,,,2026-05-22,2026-05-22 10:58:59
6776,展碁國際,59.1,59.2,59.6,58.3,61.21,45.95,63.16,-0.32,-0.5,0.19,59.01,57.68,56.35,588,345,1.7,54.12,14.24,3.0,5.08,2026-05-22,2026-05-22 10:59:00
6780,學習王,41.05,41.05,41.05,41.05,43.25,50.44,67.58,2.66,2.8,-0.13,44.87,39.07,33.27,0,6,0.16,6.67,28.71,1.3,3.17,2026-05-22,2026-05-22 10:59:01
6781,AES-KY,1210.0,1160.0,1220.0,1135.0,29.71,31.61,56.1,22.16,30.82,-8.66,1299.1,1175.0,1050.9,1247,969,1.29,1033.57,31.68,12.5,1.03,2026-05-22,2026-05-22 10:59:02
6782,視陽,191.0,192.0,192.0,189.0,25.3,18.93,18.45,-5.78,-3.91,-1.87,235.55,204.32,173.1,257,362,0.71,120.33,13.66,5.1,2.67,2026-05-22,2026-05-22 10:59:03
6784,天凱科技,27.0,27.7,27.7,25.65,33.01,29.43,35.79,-0.55,-0.1,-0.46,34.93,29.35,23.77,132,85,1.55,4.98,56.25,0.3,1.11,2026-05-22,2026-05-22 10:59:04
6785,昱展新藥,128.5,126.0,137.0,125.5,29.36,22.35,34.85,-10.84,-11.38,0.53,156.34,136.97,117.61,326,119,2.73,85.84,,0.25,0.19,2026-05-22,2026-05-22 10:59:05
6786,芯測,96.2,98.0,101.0,95.0,39.83,31.05,37.71,-1.63,0.64,-2.28,123.92,105.41,86.9,307,367,0.84,29.67,,,,2026-05-22,2026-05-22 10:59:06
6787,晶瑞光,34.9,35.45,36.45,34.0,30.28,25.41,40.72,0.07,0.99,-0.92,43.14,37.83,32.52,359,401,0.9,28.27,,,,2026-05-22,2026-05-22 10:59:07
6788,華景電,423.5,411.0,425.0,411.0,22.92,23.21,45.07,-0.87,6.58,-7.44,480.34,435.7,391.06,767,637,1.21,164.06,24.56,15.0,3.54,2026-05-22,2026-05-22 10:59:08
6789,采鈺,556.0,533.0,560.0,532.0,23.76,25.91,38.68,24.66,38.68,-14.01,624.14,569.0,513.86,4569,5311,0.86,1769.74,139.35,3.0,0.54,2026-05-22,2026-05-22 10:59:09
6790,永豐實,39.2,39.5,39.5,39.2,18.3,28.25,35.48,-0.14,-0.08,-0.05,40.23,39.72,39.22,257,215,1.2,104.71,12.98,2.55,6.51,2026-05-22,2026-05-22 10:59:10
6791,虎門科技,115.0,113.0,115.0,108.0,22.19,21.01,37.21,-0.22,1.41,-1.63,127.59,118.72,109.86,227,94,2.4,23.97,27.64,3.5,3.04,2026-05-22,2026-05-22 10:59:11
6792,詠業,68.5,65.0,70.3,64.8,76.58,66.09,78.76,1.77,0.8,0.97,66.18,59.79,53.39,398,232,1.71,32.11,31.0,2.5,3.65,2026-05-22,2026-05-22 10:59:12
6793,天力離岸,5.19,5.3,5.55,4.95,17.73,21.33,24.71,-0.32,-0.18,-0.15,7.64,6.25,4.86,279,256,1.09,3.92,,,,2026-05-22,2026-05-22 10:59:13
6794,向榮生技,79.5,81.5,81.5,79.0,23.0,21.75,45.85,-0.61,-0.33,-0.27,84.93,81.27,77.6,41,39,1.03,50.59,,,,2026-05-22,2026-05-22 10:59:14
6796,晉弘,61.6,62.0,62.0,61.0,20.67,17.67,24.0,-2.95,-2.58,-0.38,74.55,66.88,59.21,46,73,0.62,24.78,308.0,0.49,0.8,2026-05-22,2026-05-22 10:59:15
6797,圓點奈米,15.7,15.7,15.85,15.0,70.87,60.26,57.73,0.13,0.07,0.06,16.07,15.06,14.06,41,39,1.04,4.72,,,,2026-05-22,2026-05-22 10:59:16
6798,展逸,49.5,50.3,50.3,49.3,15.43,23.62,55.74,1.21,1.55,-0.34,51.26,49.57,47.87,5,3,1.54,9.69,64.29,1.0,2.02,2026-05-22,2026-05-22 10:59:17
6799,來頡,100.5,98.3,102.5,97.7,70.17,64.21,68.51,3.64,3.26,0.37,98.6,92.09,85.57,1206,699,1.72,43.25,27.69,1.99,1.98,2026-05-22,2026-05-22 10:59:18
6803,崑鼎,288.0,288.0,288.0,286.5,65.86,54.61,39.13,-0.79,-0.94,0.15,291.45,288.38,285.3,70,64,1.09,209.64,15.63,15.24,5.29,2026-05-22,2026-05-22 10:59:19
6804,明係,15.7,15.75,15.8,15.4,60.91,46.91,58.46,-0.21,-0.3,0.09,15.92,15.35,14.77,43,46,0.93,7.46,,0.98,6.24,2026-05-22,2026-05-22 10:59:21
6805,富世達,1795.0,1830.0,1845.0,1785.0,30.27,24.44,26.67,-36.87,-15.34,-21.53,2196.76,1911.0,1625.24,988,989,1.0,1230.54,58.0,8.0,0.45,2026-05-22,2026-05-22 10:59:21
6806,森崴能源,9.27,9.27,9.27,9.27,0.9,3.15,8.08,-4.54,-3.95,-0.6,27.24,18.27,9.29,693,271,2.55,25.46,1.03,1.23,13.27,2026-05-22,2026-05-22 10:59:22
6807,峰源-KY,33.3,33.0,33.6,33.0,26.12,23.21,28.95,-1.39,-1.36,-0.03,37.68,34.9,32.12,8,10,0.74,17.98,7.15,2.5,7.51,2026-05-22,2026-05-22 10:59:23
6808,三鼎生技,30.9,31.15,31.35,29.9,45.32,43.2,30.69,-0.72,-0.77,0.05,35.79,32.14,28.48,208,176,1.18,23.79,36.79,0.53,1.72,2026-05-22,2026-05-22 10:59:24
6810,新穎生醫,30.85,30.35,30.85,29.65,76.51,64.22,68.06,1.87,2.01,-0.14,34.57,29.49,24.41,400,414,0.97,15.25,,,,2026-05-22,2026-05-22 10:59:25
6811,宏碁資訊,217.0,210.0,217.5,209.0,57.68,47.22,68.75,4.02,3.79,0.22,220.23,205.03,189.82,246,125,1.97,89.94,15.29,10.5,4.84,2026-05-22,2026-05-22 10:59:27
6812,梭特,71.0,75.0,75.2,67.8,41.39,36.59,19.1,0.03,1.48,-1.45,89.71,77.36,65.0,216,146,1.48,21.73,221.88,,,2026-05-22,2026-05-22 10:59:28
6814,路迦生醫,25.0,24.0,25.0,24.0,58.85,59.66,50.0,-0.12,-0.12,-0.0,26.49,25.22,23.95,6,5,1.05,10.47,,,,2026-05-22,2026-05-22 10:59:29
6815,晶鑽生醫,33.05,33.2,33.3,32.05,69.65,46.87,52.29,-2.23,-2.98,0.74,35.03,30.19,25.35,239,119,2.0,13.05,,0.2,0.61,2026-05-22,2026-05-22 10:59:30
6816,捷智商訊,39.35,39.35,39.35,39.35,80.12,68.13,61.32,0.3,0.34,-0.04,40.31,38.98,37.65,1,3,0.34,4.79,15.62,2.3,5.84,2026-05-22,2026-05-22 10:59:31
6817,溫士頓,62.2,62.0,62.7,61.8,29.44,34.48,15.69,-2.07,-1.5,-0.56,72.83,67.28,61.73,19,43,0.45,11.46,9.76,7.0,11.25,2026-05-22,2026-05-22 10:59:32
6818,連騰,60.4,60.5,62.0,59.0,33.37,26.76,26.96,-3.59,-3.09,-0.51,73.92,64.5,55.08,297,171,1.74,15.4,33.74,1.0,1.66,2026-05-22,2026-05-22 10:59:33
6819,眾智,60.5,58.6,62.0,53.0,57.9,64.01,69.46,8.58,7.95,0.62,76.68,46.13,15.58,403,566,0.71,20.55,,,,2026-05-22,2026-05-22 10:59:34
6820,連訊,295.5,276.0,297.0,275.0,43.51,31.79,42.83,-1.67,3.88,-5.54,357.95,290.18,222.4,233,114,2.04,65.63,985.0,0.3,0.1,2026-05-22,2026-05-22 10:59:35
6821,聯寶,57.4,59.7,60.8,56.9,65.42,46.01,65.88,-0.06,-0.43,0.37,57.59,52.44,47.29,2979,1290,2.31,17.59,51.25,1.09,1.9,2026-05-22,2026-05-22 10:59:36
6823,濾能,82.2,80.0,82.8,80.0,13.89,12.11,22.61,0.86,2.95,-2.1,105.1,87.29,69.48,249,226,1.1,25.08,,,,2026-05-22,2026-05-22 10:59:37
6825,和暢科技,44.45,42.3,44.45,42.3,46.85,50.0,58.76,1.34,1.5,-0.16,46.52,42.35,38.17,12,26,0.46,14.96,16.65,0.15,0.34,2026-05-22,2026-05-22 10:59:38
6826,和淞,570.0,568.0,573.0,559.0,46.31,34.51,56.52,-1.54,-1.81,0.26,578.64,552.6,526.56,289,242,1.2,487.58,21.13,8.46,1.48,2026-05-22,2026-05-22 10:59:39
6827,巨生醫,13.85,13.15,13.85,13.15,68.75,50.03,58.44,0.35,0.29,0.06,13.8,12.65,11.49,237,456,0.52,10.99,,,,2026-05-22,2026-05-22 10:59:40
6829,千附精密,211.5,211.5,211.5,207.5,32.45,19.72,30.82,2.14,10.56,-8.42,288.17,226.47,164.78,548,326,1.68,125.14,53.54,5.0,2.36,2026-05-22,2026-05-22 10:59:41
6830,汎銓,716.0,705.0,732.0,702.0,16.25,16.1,26.52,4.53,28.36,-23.83,942.96,771.8,600.64,1827,1679,1.09,370.76,146.42,1.0,0.14,2026-05-22,2026-05-22 10:59:42
6831,邁科,786.0,769.0,787.0,767.0,92.59,89.39,91.08,86.12,72.18,13.93,841.06,607.48,373.89,451,661,0.68,532.2,159.76,3.0,0.38,2026-05-22,2026-05-22 10:59:43
6832,金鼎科,101.0,104.0,104.5,99.7,50.61,54.69,57.92,7.86,8.48,-0.62,115.46,95.97,76.48,112,156,0.72,26.67,32.17,1.7,1.68,2026-05-22,2026-05-22 10:59:44
6833,太康精密,26.6,27.6,28.85,26.3,53.52,44.09,53.37,0.09,0.17,-0.09,28.18,26.69,25.2,108,62,1.74,13.29,,,,2026-05-22,2026-05-22 10:59:45
6834,天二科技,70.5,73.2,73.2,68.8,92.19,88.13,87.13,7.34,4.88,2.47,67.12,46.57,26.01,12278,6896,1.78,62.37,141.0,0.5,0.71,2026-05-22,2026-05-22 10:59:46
6835,圓裕,39.3,39.0,39.8,38.65,66.24,51.68,65.0,-0.0,-0.13,0.13,39.84,38.32,36.8,916,640,1.43,25.83,41.81,2.0,5.09,2026-05-22,2026-05-22 10:59:47
6838,台新藥,25.9,26.1,26.1,25.75,17.25,16.14,16.92,-0.67,-0.6,-0.07,28.23,26.73,25.23,171,110,1.56,39.1,,,,2026-05-22,2026-05-22 10:59:48
6839,開陽能源,11.75,12.15,12.15,11.7,20.92,18.53,18.75,-0.39,-0.28,-0.11,14.29,12.64,10.98,56,71,0.8,9.55,,,,2026-05-22,2026-05-22 10:59:49
6840,東研信超,62.5,63.4,64.2,62.5,38.47,30.65,27.37,-1.1,-0.62,-0.48,72.65,65.93,59.21,135,92,1.46,19.22,40.06,0.3,0.48,2026-05-22,2026-05-22 10:59:50
6841,長佳智能,59.3,60.5,60.5,59.0,58.32,52.71,47.73,0.13,0.03,0.09,61.05,58.96,56.88,259,176,1.47,56.01,66.63,1.0,1.69,2026-05-22,2026-05-22 10:59:51
6842,一元素,109.0,111.5,113.0,107.5,24.02,23.9,13.79,-1.26,3.71,-4.97,165.87,127.95,90.03,157,320,0.49,25.07,29.07,,,2026-05-22,2026-05-22 10:59:53
6843,進典,43.4,42.8,43.4,42.2,29.87,24.39,32.0,-1.02,-0.7,-0.32,48.63,45.26,41.88,48,22,2.18,14.45,20.47,,,2026-05-22,2026-05-22 10:59:54
6844,諾貝兒,66.8,66.7,66.8,66.1,97.18,94.16,81.25,0.73,0.43,0.3,66.94,64.39,61.84,20,24,0.82,25.0,28.43,5.1,7.63,2026-05-22,2026-05-22 10:59:55
6846,綠茵,69.0,69.4,69.5,68.0,50.24,53.55,46.58,-0.28,-0.33,0.06,70.81,69.62,68.43,26,10,2.53,18.68,15.16,3.94,5.71,2026-05-22,2026-05-22 10:59:56
6847,普瑞博,67.2,65.2,68.0,64.0,56.53,50.96,69.2,1.64,0.99,0.65,71.77,61.07,50.36,12,9,1.38,9.56,,,,2026-05-22,2026-05-22 10:59:57
6848,拉法醫,19.55,19.5,19.55,19.0,61.05,52.44,52.63,0.42,0.51,-0.09,19.75,19.27,18.79,7,24,0.3,,11.92,0.3,1.53,2026-05-22,2026-05-22 10:59:58
6849,奇鼎科技,223.5,197.0,226.0,195.0,26.97,22.92,33.85,4.41,12.28,-7.86,283.6,239.57,195.55,766,421,1.82,,,,,2026-05-22,2026-05-22 10:59:59
6850,光鼎生技,35.3,36.4,36.4,34.9,55.34,51.29,34.21,-0.81,-1.06,0.25,37.03,35.39,33.75,26,30,0.84,11.68,882.5,0.3,0.85,2026-05-22,2026-05-22 11:00:00
6854,錼創科技-KY創,169.5,160.0,170.0,157.5,63.96,41.78,61.74,0.69,-0.14,0.84,167.7,153.38,139.05,1259,916,1.37,198.43,103.99,,,2026-05-22,2026-05-22 11:00:01
6855,數泓科,104.0,102.0,104.0,102.0,37.19,32.55,44.44,-1.54,-1.58,0.04,106.86,104.38,101.89,6,8,0.7,24.18,13.35,6.0,5.77,2026-05-22,2026-05-22 11:00:02
6856,鑫傳,52.5,51.5,52.5,51.4,87.02,76.95,57.81,-0.14,-0.52,0.37,53.28,50.69,48.11,4,5,0.8,14.8,20.04,3.4,6.48,2026-05-22,2026-05-22 11:00:03
6857,宏�硒撢�,96.0,94.0,96.0,94.0,34.5,23.42,44.68,-0.99,-0.86,-0.13,99.58,96.47,93.36,0,0,0.26,14.62,,,,2026-05-22,2026-05-22 11:00:04
6858,愛比科技,26.7,24.75,27.35,24.75,34.89,17.83,45.86,-0.29,-0.18,-0.1,28.06,25.52,22.99,28,11,2.37,7.27,,,,2026-05-22,2026-05-22 11:00:05
6859,伯特光,120.5,119.0,120.5,117.5,37.13,31.39,41.3,-0.28,-0.12,-0.15,125.71,120.0,114.29,75,135,0.56,50.11,42.43,2.5,2.07,2026-05-22,2026-05-22 11:00:06
6861,睿生光電,449.0,412.0,470.0,397.0,52.49,58.46,64.97,60.23,63.32,-3.09,508.66,381.27,253.89,4312,1171,3.68,186.78,118.16,1.8,0.4,2026-05-22,2026-05-22 11:00:07
6862,三集瑞-KY,189.0,182.5,194.5,180.0,60.8,41.38,58.38,-1.36,-3.26,1.9,188.47,171.62,154.78,2794,1193,2.34,94.5,22.91,6.0,3.17,2026-05-22,2026-05-22 11:00:07
6863,永道-KY,110.0,111.5,112.5,109.0,39.17,45.53,58.51,3.18,3.25,-0.07,118.35,106.25,94.15,124,139,0.89,82.38,36.67,5.5,5.0,2026-05-22,2026-05-22 11:00:08
6864,元樟生技,55.2,55.2,55.2,52.8,33.9,23.02,27.37,-1.36,-1.15,-0.21,62.87,57.57,52.27,74,40,1.85,20.83,,,,2026-05-22,2026-05-22 11:00:09
6865,偉康科技,28.45,27.65,28.95,27.55,10.85,12.17,13.43,-2.18,-1.44,-0.74,40.32,33.27,26.22,41,43,0.96,4.41,18.84,1.4,4.92,2026-05-22,2026-05-22 11:00:10
6867,坦德科技,21.8,21.9,22.05,21.2,36.23,38.38,34.07,-0.45,-0.19,-0.26,25.24,23.27,21.31,32,14,2.26,7.63,,3.59,16.47,2026-05-22,2026-05-22 11:00:11
6868,采威國際,28.35,28.25,28.35,28.25,43.72,28.26,22.81,-1.18,-0.77,-0.41,37.01,30.69,24.36,20,36,0.55,7.1,,1.2,4.23,2026-05-22,2026-05-22 11:00:13
6869,雲豹能源,80.7,81.7,81.9,80.5,27.35,27.07,42.48,-2.15,-2.03,-0.12,88.72,82.86,77.0,565,657,0.86,107.61,7.89,5.01,6.21,2026-05-22,2026-05-22 11:00:14
6870,騰雲,235.0,226.5,235.5,220.0,92.3,84.98,80.0,7.64,2.48,5.16,220.67,189.8,158.93,440,229,1.92,54.87,34.51,4.22,1.8,2026-05-22,2026-05-22 11:00:15
6872,浩宇生醫,18.3,18.45,18.45,18.3,22.19,16.76,52.5,0.03,0.05,-0.02,19.14,18.38,17.61,5,23,0.22,12.95,,,,2026-05-22,2026-05-22 11:00:16
6873,泓德能源,87.4,88.2,89.0,85.5,38.44,32.26,44.13,-1.19,-1.04,-0.15,94.7,88.22,81.75,492,528,0.93,124.68,24.41,4.61,5.27,2026-05-22,2026-05-22 11:00:17
6874,倍力,81.0,79.6,81.4,79.4,13.02,13.21,36.63,-1.83,-0.97,-0.86,94.41,85.53,76.66,52,36,1.44,17.47,26.21,4.04,4.99,2026-05-22,2026-05-22 11:00:18
6875,國邑*,38.0,38.9,39.0,37.75,45.35,45.0,53.94,-0.0,-0.22,0.21,39.97,37.26,34.55,149,110,1.35,49.05,,,,2026-05-22,2026-05-22 11:00:19
6876,朗齊生醫*,19.6,19.9,19.9,19.3,31.28,34.93,54.84,-0.44,-0.46,0.03,21.11,19.92,18.74,116,109,1.06,13.86,,,,2026-05-22,2026-05-22 11:00:20
6877,鏵友益,152.5,155.0,158.0,152.5,31.44,25.45,23.76,1.32,5.48,-4.15,189.32,165.93,142.53,234,341,0.69,71.62,258.47,0.1,0.07,2026-05-22,2026-05-22 11:00:21
6878,歐付寶,10.25,10.2,10.25,10.0,61.2,48.07,51.03,-0.21,-0.26,0.05,10.53,10.13,9.73,19,13,1.47,7.45,,,,2026-05-22,2026-05-22 11:00:22
6879,大江基因,36.5,35.85,36.5,35.85,66.36,64.89,53.52,0.09,0.1,-0.01,38.18,36.35,34.52,12,12,0.98,9.66,24.01,2.0,5.48,2026-05-22,2026-05-22 11:00:23
6881,潤德,273.0,272.0,273.0,272.0,79.31,66.01,59.18,6.22,7.05,-0.83,282.06,267.75,253.44,18,9,2.0,40.95,14.08,15.0,5.49,2026-05-22,2026-05-22 11:00:24
6882,甲尚,20.5,21.1,21.1,19.6,65.7,67.37,56.5,1.08,1.02,0.06,21.94,19.11,16.29,111,258,0.43,4.76,,,,2026-05-22,2026-05-22 11:00:25
6883,微電能源,18.1,17.75,18.35,17.6,15.8,24.24,49.77,0.61,1.13,-0.52,26.5,18.9,11.3,88,90,0.98,13.81,,,,2026-05-22,2026-05-22 11:00:26
6884,海柏特,32.8,33.05,33.75,32.8,13.96,19.41,29.52,-0.44,-0.3,-0.14,35.76,34.17,32.58,38,20,1.87,6.03,16.32,1.5,4.57,2026-05-22,2026-05-22 11:00:27
6885,全福生技,22.4,22.45,22.45,22.05,60.19,44.73,40.18,-0.46,-0.53,0.07,23.83,22.6,21.37,260,269,0.97,29.8,,,,2026-05-22,2026-05-22 11:00:28
6886,遠東生技,48.4,48.4,48.4,46.4,65.37,57.77,44.89,-0.4,-0.36,-0.04,50.73,48.6,46.48,0,0,3.03,15.4,25.74,1.0,2.07,2026-05-22,2026-05-22 11:00:29
6887,寶綠特-KY,33.95,34.65,34.8,33.95,9.07,16.78,28.02,-1.86,-1.58,-0.28,41.27,37.58,33.88,81,60,1.35,25.16,7.49,3.96,11.66,2026-05-22,2026-05-22 11:00:30
6890,來億-KY,169.0,167.0,169.0,166.0,56.89,62.72,65.0,0.8,-0.51,1.31,170.74,160.88,151.01,344,624,0.55,421.49,13.05,9.0,5.33,2026-05-22,2026-05-22 11:00:31
6891,樂迦再生,49.3,48.5,50.0,47.05,33.24,29.54,20.78,-0.02,2.72,-2.74,83.87,60.62,37.36,858,821,1.04,,,,,2026-05-22,2026-05-22 11:00:32
6892,台寶生醫,27.7,27.3,28.9,27.3,74.66,65.39,66.04,0.16,-0.17,0.33,28.22,26.06,23.9,160,226,0.71,25.65,,,,2026-05-22,2026-05-22 11:00:33
6894,衛司特,358.5,360.5,368.0,350.0,54.03,43.77,61.31,2.33,1.75,0.58,358.47,342.62,326.78,199,154,1.29,85.32,32.83,8.5,2.37,2026-05-22,2026-05-22 11:00:34
6895,宏碩系統,153.0,153.0,153.0,150.0,14.28,12.09,22.03,-4.92,-3.48,-1.44,180.04,162.88,145.71,83,62,1.33,52.17,42.5,2.9,1.9,2026-05-22,2026-05-22 11:00:35
6898,程曦資訊,102.0,102.5,102.5,100.0,31.94,27.66,36.96,-2.43,-1.91,-0.52,116.56,107.17,97.79,18,16,1.09,29.6,17.26,5.3,5.2,2026-05-22,2026-05-22 11:00:36
6899,創為精密,62.5,60.9,65.0,60.2,44.06,46.08,68.7,2.05,1.65,0.4,64.88,56.92,48.96,319,204,1.56,26.19,17.51,2.43,3.89,2026-05-22,2026-05-22 11:00:37
6901,鑽石投資,14.0,14.15,14.2,13.75,37.07,38.69,54.24,-0.06,-0.12,0.06,14.53,13.72,12.91,1342,1272,1.05,119.4,,,,2026-05-22,2026-05-22 11:00:38
6902,GOGOLOOK,129.5,141.5,141.5,125.0,77.48,70.18,81.52,9.08,7.01,2.07,132.98,110.9,88.82,702,690,1.02,46.01,82.48,,,2026-05-22,2026-05-22 11:00:39
6903,巨漢,392.5,387.5,396.0,386.0,20.1,22.79,44.44,5.59,12.17,-6.58,436.23,403.15,370.07,775,821,0.94,258.45,37.03,8.0,2.04,2026-05-22,2026-05-22 11:00:40
6904,伯鑫,115.0,113.0,115.0,113.0,50.05,49.13,45.95,-1.5,-1.6,0.1,120.54,115.92,111.31,3,4,0.75,21.28,21.22,5.0,4.35,2026-05-21,2026-05-22 11:00:41
6906,現觀科,84.3,84.3,84.3,84.3,75.55,57.37,79.53,1.95,0.02,1.93,77.56,66.09,54.62,379,275,1.38,27.18,45.08,3.33,3.95,2026-05-22,2026-05-22 11:00:42
6907,雅特力-KY,121.5,116.0,125.0,114.0,24.03,18.73,53.91,-1.45,0.02,-1.47,135.94,122.08,108.21,1107,718,1.54,,,,,2026-05-22,2026-05-22 11:00:43
6908,宏碁遊戲-創,38.3,38.6,38.85,38.3,12.44,12.95,17.44,-1.51,-1.83,0.32,41.18,39.26,37.35,12,7,1.72,14.24,26.6,1.24,3.24,2026-05-22,2026-05-22 11:00:44
6909,創控,53.7,53.2,54.4,53.1,26.05,18.43,35.47,-0.58,0.29,-0.87,62.48,55.95,49.41,863,702,1.23,36.1,54.24,1.0,1.86,2026-05-22,2026-05-22 11:00:45
6910,德鴻,28.8,28.2,28.8,28.0,53.72,28.9,45.05,-0.57,-0.59,0.03,30.64,28.38,26.12,64,37,1.7,8.79,14.55,1.75,6.08,2026-05-22,2026-05-22 11:00:46
6911,群運,31.9,31.8,32.45,31.8,29.38,23.85,11.11,-0.34,-0.25,-0.09,34.85,32.77,30.69,19,15,1.26,7.15,25.52,2.0,6.27,2026-05-22,2026-05-22 11:00:47
6912,益鈞環科*,15.5,15.4,15.75,14.9,26.73,29.11,35.71,-0.69,-0.57,-0.12,18.93,17.03,15.13,221,126,1.75,22.34,,,,2026-05-22,2026-05-22 11:00:48
6913,鴻呈,140.0,139.5,140.0,134.5,64.76,57.25,57.85,3.1,3.23,-0.14,144.84,134.43,124.01,666,667,1.0,,17.31,2.5,1.79,2026-05-22,2026-05-22 11:00:49
6914,阜爾運通,143.5,144.5,146.0,143.0,30.3,23.21,40.0,-1.4,-1.28,-0.12,147.95,144.85,141.75,120,69,1.73,95.03,14.96,6.0,4.18,2026-05-22,2026-05-22 11:00:50
6915,美強光,70.9,72.0,80.4,68.6,45.98,30.69,25.95,2.53,4.96,-2.44,96.53,73.22,49.9,195,139,1.4,25.03,,,,2026-05-22,2026-05-22 11:00:51
6916,華凌,17.8,17.3,17.85,17.3,28.28,19.44,38.55,-0.29,-0.15,-0.14,19.68,18.25,16.83,39,61,0.64,12.01,,0.28,1.57,2026-05-22,2026-05-22 11:00:52
6917,竟天,34.8,34.85,34.95,34.35,34.96,26.35,35.49,0.68,1.55,-0.87,41.77,37.16,32.55,152,315,0.48,19.23,,,,2026-05-22,2026-05-22 11:00:53
6918,愛派司,74.5,75.3,75.7,74.5,14.76,19.65,52.14,-0.32,-0.32,0.0,78.33,75.04,71.75,37,31,1.17,25.38,14.47,5.0,6.71,2026-05-22,2026-05-22 11:00:54
6919,康霈*,104.0,101.5,104.0,100.0,48.63,38.14,50.71,-1.76,-2.56,0.79,109.04,100.86,92.68,5218,6791,0.77,1618.62,19.37,,,2026-05-22,2026-05-22 11:00:54
6920,恆勁科技,102.0,97.0,103.5,97.0,29.81,25.15,29.05,4.97,8.73,-3.76,131.66,107.91,84.15,2180,1802,1.21,211.36,,,,2026-05-22,2026-05-22 11:00:55
6921,嘉雨思-創,78.2,75.5,79.2,75.5,18.82,12.4,21.09,-2.02,-0.38,-1.65,100.78,85.55,70.33,38,30,1.26,24.9,223.43,,,2026-05-22,2026-05-22 11:00:56
6922,宸曜,187.5,181.5,187.5,179.5,43.63,44.46,50.85,4.86,5.14,-0.28,196.37,180.28,164.18,260,165,1.57,50.92,27.53,4.79,2.55,2026-05-22,2026-05-22 11:00:57
6923,中台,79.2,78.0,79.2,77.0,31.98,22.31,33.33,-1.1,-0.63,-0.48,87.85,81.83,75.82,173,174,0.99,72.46,26.14,4.02,5.08,2026-05-22,2026-05-22 11:00:58
6924,榮惠-KY創,168.5,164.5,170.0,164.5,96.43,94.4,95.95,20.71,14.33,6.38,174.6,114.98,55.35,65,211,0.31,34.75,29.77,5.5,3.26,2026-05-22,2026-05-22 11:00:59
6925,意藍,59.3,59.0,60.5,58.9,14.21,13.51,12.38,-2.98,-2.71,-0.27,70.1,63.74,57.38,69,42,1.64,11.86,19.07,2.0,3.37,2026-05-22,2026-05-22 11:01:00
6926,聖安生醫,64.5,62.2,65.1,62.2,53.28,46.16,45.88,-0.68,-0.71,0.03,66.43,64.64,62.84,23,17,1.32,32.12,,,,2026-05-22,2026-05-22 11:01:01
6927,聯合聚晶,63.1,63.3,63.7,61.7,61.02,57.74,59.73,4.29,3.76,0.53,67.77,56.15,44.52,38,78,0.49,24.15,,0.25,0.4,2026-05-22,2026-05-22 11:01:02
6928,攸泰科技,47.0,46.9,47.25,46.25,35.9,24.14,48.31,-0.48,-0.28,-0.19,51.51,47.59,43.68,81,61,1.32,40.42,,0.5,1.06,2026-05-22,2026-05-22 11:01:03
6929,佑全,23.0,22.65,23.0,22.3,20.12,14.1,23.33,-1.65,-1.65,-0.0,28.09,24.85,21.61,17,12,1.43,10.37,,,,2026-05-22,2026-05-22 11:01:04
6931,青松健康,40.95,41.7,41.95,40.95,35.85,28.28,25.64,-2.28,-2.2,-0.08,50.42,43.98,37.54,118,139,0.85,27.09,29.46,0.96,2.34,2026-05-22,2026-05-22 11:01:05
6932,水星生醫*,7.05,6.99,7.05,6.85,24.14,22.01,22.27,-0.26,-0.18,-0.08,8.74,7.69,6.63,251,211,1.19,29.4,,,,2026-05-22,2026-05-22 11:01:06
6933,AMAX-KY,165.0,162.0,168.0,162.0,20.49,20.15,46.85,-0.65,1.44,-2.09,181.34,167.12,152.91,206,152,1.36,69.93,33.6,2.0,1.21,2026-05-22,2026-05-22 11:01:07
6934,心誠鎂,76.8,74.3,77.1,74.0,46.14,27.18,35.67,-2.76,-2.8,0.04,86.77,78.42,70.07,28,46,0.61,27.63,,,,2026-05-22,2026-05-22 11:01:08
6935,王子製藥,29.8,29.9,30.0,29.2,46.83,36.06,50.31,0.04,0.15,-0.11,31.47,29.91,28.34,19,25,0.75,11.15,11.42,,,2026-05-22,2026-05-22 11:01:09
6936,永鴻生技,33.6,34.1,34.1,33.6,35.15,23.79,39.44,-0.35,-0.32,-0.03,35.06,34.04,33.01,26,30,0.84,24.46,18.46,1.69,5.03,2026-05-22,2026-05-22 11:01:10
6937,天虹,323.5,301.0,323.5,296.0,50.67,30.0,45.15,1.52,3.48,-1.96,339.1,304.75,270.4,1645,695,2.37,218.28,107.83,2.1,0.65,2026-05-22,2026-05-22 11:01:11
6938,藍新資訊,94.5,95.7,98.5,91.0,20.04,21.65,53.87,1.7,3.26,-1.57,115.7,97.91,80.11,14,19,0.77,11.88,15.57,5.0,5.29,2026-05-22,2026-05-22 11:01:11
6939,啟弘生技,22.1,22.0,22.1,21.15,22.17,21.65,39.78,0.43,0.77,-0.34,26.22,23.3,20.37,15,7,2.04,7.74,,,,2026-05-22,2026-05-22 11:01:13
6940,格斯科技*,22.65,22.3,23.1,22.3,52.27,38.85,60.51,0.11,-0.05,0.16,23.0,21.54,20.08,721,1055,0.68,70.71,,,,2026-05-22,2026-05-22 11:01:14
6944,兆聯實業,924.0,931.0,936.0,918.0,38.47,26.2,52.35,7.43,14.09,-6.66,981.69,925.45,869.21,478,701,0.68,708.6,29.4,14.0,1.52,2026-05-22,2026-05-22 11:01:15
6945,圓祥生技,143.0,149.5,149.5,143.0,15.54,29.93,31.39,-8.93,-6.03,-2.9,198.43,172.6,146.77,789,576,1.37,122.37,,,,2026-05-22,2026-05-22 11:01:16
6946,三地能源,10.9,11.25,11.85,10.9,31.78,30.08,11.11,-0.61,-0.35,-0.26,15.15,12.93,10.72,50,93,0.54,35.29,,,,2026-05-22,2026-05-22 11:01:17
6947,台鎔科技,79.7,79.4,81.5,78.5,53.48,48.42,43.9,-0.17,-0.14,-0.03,80.75,79.07,77.39,348,212,1.64,75.18,113.86,0.6,0.75,2026-05-22,2026-05-22 11:01:18
6949,沛爾生醫-創,669.0,674.0,685.0,669.0,19.92,18.97,32.55,-9.86,-0.81,-9.05,818.65,717.6,616.55,94,86,1.1,438.46,,,,2026-05-22,2026-05-22 11:01:19
6951,青新-創,81.0,81.6,81.8,81.0,50.64,38.37,48.05,0.28,0.29,-0.02,82.26,80.63,79.0,45,37,1.22,37.26,15.14,3.8,4.69,2026-05-22,2026-05-22 11:01:19
6952,大武山,36.75,36.8,37.0,36.7,12.44,12.76,52.38,-0.58,-0.63,0.05,38.27,37.24,36.21,42,17,2.46,24.75,,2.0,5.44,2026-05-22,2026-05-22 11:01:20
6953,家碩,261.0,258.0,262.0,256.0,33.04,28.19,36.52,3.13,7.11,-3.98,296.38,265.95,235.52,129,113,1.15,78.34,32.83,6.0,2.3,2026-05-22,2026-05-22 11:01:21
6955,邦睿生技-創,151.5,152.0,152.0,151.5,20.68,18.15,13.95,-3.55,-2.53,-1.02,170.43,159.95,149.47,3,11,0.26,37.57,36.77,1.5,0.99,2026-05-22,2026-05-22 11:01:22
6957,裕慶-KY,160.5,161.5,163.5,160.5,65.88,60.0,32.0,-0.31,-0.46,0.15,163.32,159.93,156.53,84,77,1.09,88.0,15.77,13.16,8.2,2026-05-22,2026-05-22 11:01:23
6958,日盛台駿,17.35,17.0,17.65,17.0,26.8,18.24,24.72,-0.48,-0.29,-0.2,20.76,18.35,15.94,54,56,0.96,69.62,,0.2,1.15,2026-05-22,2026-05-22 11:01:24
6959,兆捷科技,120.5,118.0,125.5,118.0,59.33,45.42,36.62,-2.16,0.2,-2.36,153.24,126.0,98.76,331,373,0.89,47.2,,,,2026-05-22,2026-05-22 11:01:25
6961,旅天下,58.4,58.4,58.5,58.3,15.84,24.38,50.98,0.16,0.29,-0.14,60.49,58.82,57.15,43,28,1.51,15.67,13.81,5.0,8.56,2026-05-22,2026-05-22 11:01:26
6962,奕力-KY,39.85,39.75,40.0,38.7,65.15,58.03,71.73,1.03,0.84,0.19,40.33,36.84,33.36,8741,7441,1.17,196.22,13.93,2.0,5.02,2026-05-22,2026-05-22 11:01:27
6963,品元,25.8,25.8,25.8,25.8,17.52,25.64,34.48,-0.48,-0.38,-0.1,28.74,27.01,25.29,1,1,1.0,4.12,,,,2026-05-22,2026-05-22 11:01:28
6965,中傑-KY,77.0,75.3,77.0,75.2,15.59,12.32,17.53,-2.7,-1.91,-0.79,91.35,82.29,73.23,44,54,0.81,120.4,22.0,6.0,7.79,2026-05-22,2026-05-22 11:01:29
6967,汎瑋材料,74.1,73.4,74.3,72.4,22.12,15.0,41.43,0.2,1.13,-0.92,84.79,76.42,68.05,92,63,1.46,18.08,18.48,3.7,4.99,2026-05-22,2026-05-22 11:01:30
6968,萬達寵物,45.0,45.05,45.2,44.5,54.25,43.43,66.41,-0.29,-0.6,0.31,44.85,43.54,42.23,58,49,1.18,22.25,18.29,1.0,2.22,2026-05-22,2026-05-22 11:01:31
6969,成信實業*-創,28.0,27.9,28.1,27.85,21.43,19.41,19.44,-0.35,-0.29,-0.06,29.37,28.52,27.67,65,43,1.49,12.28,,,,2026-05-22,2026-05-22 11:01:32
6971,惠民實業,27.9,27.4,28.0,27.4,46.91,35.97,42.55,-0.54,-0.52,-0.02,30.3,28.25,26.21,49,36,1.37,10.79,11.58,,,2026-05-22,2026-05-22 11:01:33
6972,博瑞達應材,24.45,24.45,24.5,23.8,71.82,62.79,44.27,-0.45,-0.49,0.04,25.99,24.51,23.04,10,3,2.57,,,,,2026-05-22,2026-05-22 11:01:34
6973,永立榮,34.5,35.0,35.0,33.85,41.52,30.45,35.8,-0.77,-0.71,-0.05,37.36,35.09,32.82,8,18,0.44,13.3,,,,2026-05-22,2026-05-22 11:01:35
6976,育世博-KY,13.25,13.5,13.6,13.15,40.54,48.92,55.74,0.19,0.15,0.04,13.54,12.93,12.33,454,1285,0.35,77.0,,,,2026-05-22,2026-05-22 11:01:36
6977,聯純,298.0,290.0,299.0,287.0,14.24,15.69,31.91,-3.23,6.53,-9.76,388.61,330.65,272.69,69,98,0.71,40.54,18.38,2.0,0.67,2026-05-22,2026-05-22 11:01:37
6979,勝釩,233.0,241.0,241.0,231.0,33.44,38.16,54.43,15.05,18.62,-3.57,280.58,231.78,182.97,10,12,0.8,27.96,39.63,,,2026-05-22,2026-05-22 11:01:38
6980,鐳洋科技,177.0,175.0,180.0,172.0,57.17,45.14,45.91,-0.92,0.72,-1.64,207.76,180.0,152.24,166,297,0.56,51.33,173.53,,,2026-05-22,2026-05-22 11:01:39
6982,大井泵浦,57.2,52.9,57.2,52.3,45.69,30.75,68.32,-0.33,-0.59,0.26,55.48,52.89,50.31,268,77,3.46,23.35,953.33,2.1,3.67,2026-05-22,2026-05-22 11:01:40
6983,華洋精機,406.0,359.0,406.0,347.0,41.41,21.96,38.04,-16.61,-9.07,-7.54,539.51,429.23,318.94,172,121,1.41,64.55,91.65,3.0,0.74,2026-05-22,2026-05-22 11:01:41
6984,ACPAY,14.05,14.0,14.05,14.0,9.15,9.79,23.31,-2.32,-1.81,-0.51,24.52,18.71,12.89,6,32,0.19,2.7,,,,2026-05-22,2026-05-22 11:01:42
6986,和迅,59.8,60.2,60.2,59.5,17.98,23.66,28.57,-0.18,0.18,-0.37,64.42,61.7,58.97,93,56,1.66,27.51,24.61,0.22,0.37,2026-05-22,2026-05-22 11:01:43
6987,寶晶能源*,19.9,19.65,19.9,19.55,27.21,22.23,28.12,-0.2,-0.17,-0.03,20.81,20.14,19.48,90,56,1.59,44.42,19.13,0.52,2.61,2026-05-22,2026-05-22 11:01:44
6988,威力暘-創,16.7,16.95,17.4,16.7,63.83,69.13,82.22,0.62,0.37,0.25,17.77,15.1,12.43,93,103,0.9,7.75,,0.45,2.69,2026-05-22,2026-05-22 11:01:45
6990,華鉬,162.0,170.0,192.5,157.5,78.16,72.29,69.42,17.27,9.34,7.94,154.87,96.6,38.33,1783,1492,1.19,,,,,2026-05-22,2026-05-22 11:01:46
6994,富威電力,56.0,54.0,56.8,52.8,19.6,17.28,31.28,-4.38,-3.85,-0.52,71.19,60.43,49.66,512,600,0.85,40.52,9.05,0.95,1.7,2026-05-22,2026-05-22 11:01:47
6995,野獸國,48.45,48.95,48.95,48.3,63.91,51.95,46.15,-1.15,-1.39,0.24,52.08,48.99,45.89,29,16,1.72,12.27,53.83,0.15,0.31,2026-05-22,2026-05-22 11:01:48
6996,力領科技,194.0,199.5,201.0,191.0,66.86,63.98,62.88,5.88,5.29,0.6,198.01,183.25,168.49,433,290,1.49,81.49,16.14,10.0,5.15,2026-05-22,2026-05-22 11:01:49
6997,博弘,71.0,70.9,72.2,70.7,22.64,18.92,35.27,-3.26,-2.89,-0.37,83.97,74.33,64.69,15,8,1.83,15.69,13.92,5.0,7.04,2026-05-22,2026-05-22 11:01:50
6999,瀚醫生技,30.5,30.15,31.0,30.05,45.25,39.39,46.56,-0.15,-0.07,-0.09,32.3,30.77,29.23,15,11,1.29,6.71,29.9,0.6,1.97,2026-05-22,2026-05-22 11:01:51
7402,邑錡,96.7,95.3,98.0,95.3,9.37,8.56,21.83,-7.38,-5.16,-2.23,135.47,111.35,87.24,300,571,0.53,34.12,967.0,1.8,1.86,2026-05-22,2026-05-22 11:01:52
7547,碩網,68.2,69.9,69.9,67.7,21.21,18.79,44.26,-0.72,-0.13,-0.59,75.53,70.54,65.56,96,667,0.14,22.93,26.64,1.35,1.98,2026-05-22,2026-05-22 11:01:53
7556,意德士,276.0,278.0,282.0,274.0,33.49,26.81,43.71,5.75,10.6,-4.85,313.44,279.77,246.11,205,218,0.94,75.4,41.01,,,2026-05-22,2026-05-22 11:01:55
7584,樂意,27.7,28.5,28.5,27.6,10.6,13.61,24.62,-1.57,-1.17,-0.4,35.7,30.89,26.09,10,11,0.89,4.45,,4.0,14.44,2026-05-22,2026-05-22 11:01:56
7610,聯友金屬-創,1250.0,1270.0,1310.0,1215.0,94.15,93.56,88.87,164.21,125.16,39.05,1246.87,832.8,418.73,1893,1154,1.64,607.32,231.05,0.2,0.02,2026-05-22,2026-05-22 11:01:56
7631,聚賢研發-創,126.0,126.0,127.5,124.5,48.5,40.33,50.0,0.24,0.76,-0.52,131.7,126.3,120.9,40,19,2.05,25.38,19.5,3.0,2.38,2026-05-22,2026-05-22 11:01:57
7642,昶瑞機電,69.7,70.2,70.6,69.7,31.99,35.02,60.2,-0.56,-0.73,0.16,75.52,68.67,61.83,18,17,1.06,21.01,21.19,,,2026-05-22,2026-05-22 11:01:58
7703,銳澤,209.0,211.0,211.0,206.0,24.27,27.24,53.77,-2.35,-1.88,-0.47,218.17,210.53,202.88,489,218,2.24,72.62,24.05,7.0,3.35,2026-05-22,2026-05-22 11:02:00
7704,明遠精密,65.6,64.7,65.6,63.5,39.03,42.01,52.92,2.0,2.38,-0.38,69.73,63.38,57.03,159,249,0.64,22.15,32.0,1.8,2.74,2026-05-22,2026-05-22 11:02:01
7705,三商餐飲,31.9,31.9,31.9,31.65,49.16,26.73,40.45,-0.91,-1.0,0.1,34.18,31.97,29.76,67,99,0.68,21.08,16.61,3.8,11.91,2026-05-22,2026-05-22 11:02:01
7708,全家餐飲,91.8,92.0,92.0,91.5,31.53,41.78,51.65,0.02,0.01,0.01,93.62,91.91,90.2,21,9,2.16,23.41,14.28,5.5,5.99,2026-05-22,2026-05-22 11:02:02
7709,榮田,90.6,92.0,94.8,89.1,59.58,52.26,62.88,4.84,4.0,0.84,96.14,80.4,64.66,696,1312,0.53,35.43,36.98,2.3,2.54,2026-05-22,2026-05-22 11:02:03
7711,永擎,389.0,375.5,393.5,374.5,28.32,23.98,44.81,12.02,22.95,-10.93,468.23,408.32,348.42,834,721,1.16,278.86,30.87,9.0,2.31,2026-05-22,2026-05-22 11:02:04
7712,博盛半導體,167.5,168.5,168.5,163.0,75.1,75.83,72.27,13.26,10.68,2.57,183.02,138.43,93.83,1131,1576,0.72,54.54,31.02,4.0,2.39,2026-05-22,2026-05-22 11:02:05
7713,威力德生醫,67.9,67.3,67.9,67.3,42.99,49.67,54.76,0.07,0.13,-0.06,68.93,67.85,66.78,13,13,1.02,30.88,15.02,4.1,6.04,2026-05-22,2026-05-22 11:02:06
7714,創泓科技,122.5,124.5,125.0,121.0,53.52,42.96,35.76,-1.47,-1.3,-0.17,130.47,125.42,120.37,85,62,1.37,25.72,19.51,5.0,4.08,2026-05-22,2026-05-22 11:02:07
7715,裕山,31.4,29.95,31.4,29.95,72.5,55.28,79.82,0.24,-0.04,0.28,30.24,28.7,27.17,503,151,3.33,10.28,10.3,1.8,5.73,2026-05-22,2026-05-22 11:02:08
7716,昱臺國際,25.2,25.0,25.3,24.25,56.88,43.06,52.33,-0.2,-0.21,0.01,25.93,25.08,24.23,8,15,0.51,5.67,11.3,2.0,7.94,2026-05-22,2026-05-22 11:02:09
7717,萊德光電-KY,697.0,698.0,712.0,692.0,59.23,44.74,39.79,-22.75,-25.94,3.19,752.69,682.65,612.61,511,584,0.87,172.7,115.21,,,2026-05-22,2026-05-22 11:02:10
7718,友鋮,49.9,50.3,50.3,49.6,69.2,60.4,60.87,0.48,0.35,0.14,50.33,48.35,46.37,36,30,1.2,22.73,13.34,3.5,7.01,2026-05-22,2026-05-22 11:02:11
7721,微程式,80.0,73.4,80.0,72.7,34.46,28.78,53.28,0.42,0.9,-0.47,82.04,74.8,67.57,940,408,2.3,44.3,145.45,2.0,2.5,2026-05-22,2026-05-22 11:02:12
7722,LINEPAY,266.0,259.5,271.5,258.5,23.49,15.3,34.17,-13.52,-14.13,0.61,295.55,272.68,249.8,152,141,1.07,180.88,36.94,1.5,0.56,2026-05-22,2026-05-22 11:02:13
7723,築間,24.75,24.8,24.9,24.6,4.9,6.09,23.87,-2.08,-1.87,-0.21,32.9,27.8,22.71,103,115,0.9,11.79,,10.0,40.4,2026-05-22,2026-05-22 11:02:14
7728,光焱科技,720.0,719.0,737.0,715.0,31.93,28.35,47.3,-14.79,-11.39,-3.39,807.77,730.45,653.13,71,82,0.87,99.75,147.54,7.03,0.98,2026-05-22,2026-05-22 11:02:15
7730,暉盛-創,230.0,227.0,244.5,227.0,79.83,75.79,84.26,14.16,8.17,5.99,228.66,181.62,134.59,634,381,1.66,84.63,134.5,1.0,0.43,2026-05-22,2026-05-22 11:02:16
7732,金興精密,35.2,34.9,35.3,34.5,40.64,35.4,41.11,-0.12,-0.04,-0.08,36.51,35.43,34.34,14,9,1.46,22.42,20.35,1.5,4.26,2026-05-22,2026-05-22 11:02:17
7734,印能科技,3385.0,3595.0,3735.0,3370.0,24.17,34.02,43.71,195.2,305.45,-110.24,4201.86,3639.75,3077.64,373,348,1.07,939.34,101.01,21.72,0.64,2026-05-22,2026-05-22 11:02:18
7736,虎山,71.5,72.0,72.0,71.2,10.06,12.58,36.0,-2.07,-1.94,-0.13,80.16,74.57,68.97,25,18,1.33,54.04,14.21,3.8,5.31,2026-05-22,2026-05-22 11:02:19
7738,東聯互動,167.5,174.0,174.0,164.5,32.22,32.1,32.84,-4.18,-3.07,-1.1,188.27,175.47,162.68,55,41,1.35,45.82,11.49,4.5,2.69,2026-05-22,2026-05-22 11:02:20
7740,熙特爾-創,182.5,184.5,188.5,176.0,52.51,32.01,46.88,-3.11,-3.69,0.57,195.61,175.15,154.69,669,378,1.77,97.09,37.4,2.05,1.12,2026-05-22,2026-05-22 11:02:21
7743,金利食安,19.2,19.8,19.8,19.2,26.2,44.31,40.0,-0.19,-0.12,-0.07,20.49,19.86,19.23,21,9,2.19,7.0,33.68,1.4,7.29,2026-05-22,2026-05-22 11:02:22
7744,崴寶,501.0,513.0,525.0,491.0,15.33,28.01,46.57,4.68,15.2,-10.52,604.38,538.85,473.32,219,162,1.35,160.32,30.87,7.0,1.4,2026-05-22,2026-05-22 11:02:23
7747,昕奇雲端,125.0,127.5,127.5,123.0,50.17,50.16,13.04,0.2,1.25,-1.06,134.66,129.82,124.99,4,4,0.87,34.28,31.02,3.45,2.76,2026-05-22,2026-05-22 11:02:24
7749,意騰-KY,544.0,520.0,550.0,506.0,51.66,41.18,63.27,24.58,24.22,0.36,564.15,483.98,403.8,1537,781,1.97,252.88,48.75,7.0,1.29,2026-05-22,2026-05-22 11:02:25
7750,新代,2390.0,2380.0,2440.0,2340.0,20.45,31.44,42.17,156.24,231.99,-75.76,2977.22,2542.75,2108.28,402,1060,0.38,1714.78,70.48,16.0,0.67,2026-05-22,2026-05-22 11:02:26
7751,竑騰,1815.0,1760.0,1815.0,1730.0,46.76,29.74,30.02,-87.49,-24.86,-62.63,2940.43,2067.75,1195.07,211,203,1.04,488.03,88.71,18.0,0.99,2026-05-22,2026-05-22 11:02:27
7753,星亞,43.0,41.3,43.2,41.3,42.09,25.5,49.15,-0.01,0.11,-0.13,45.92,42.75,39.59,44,22,1.95,10.75,10.41,1.33,3.09,2026-05-22,2026-05-22 11:02:28
7757,金色三麥,104.0,105.5,106.0,103.5,29.95,26.16,42.11,-1.0,-1.02,0.02,107.3,104.97,102.65,10,16,0.62,25.06,11.61,9.0,8.65,2026-05-22,2026-05-22 11:02:29
7760,享溫馨,33.4,33.55,33.55,33.4,24.14,31.52,25.37,-1.02,-1.08,0.06,36.02,34.51,33.01,81,98,0.82,22.08,49.85,1.95,5.84,2026-05-22,2026-05-22 11:02:30
7765,中華資安,249.0,249.5,250.0,248.5,61.48,59.84,71.07,4.71,3.66,1.06,259.89,237.62,215.36,50,76,0.66,101.3,21.75,9.22,3.7,2026-05-22,2026-05-22 11:02:31
7767,仁大資訊,43.65,43.65,43.65,43.55,25.12,26.92,33.33,-0.28,-0.22,-0.06,45.07,44.22,43.37,25,15,1.71,13.14,10.52,3.0,6.87,2026-05-22,2026-05-22 11:02:32
7768,頌勝科技,378.0,373.0,382.0,368.0,70.92,50.26,36.43,-14.78,-13.92,-0.86,466.86,389.93,312.99,294,232,1.27,264.85,129.45,3.45,0.91,2026-05-22,2026-05-22 11:02:33
7769,鴻勁,7730.0,7750.0,7785.0,7205.0,72.32,69.3,77.07,745.28,651.02,94.26,8194.7,6203.5,4212.3,566,509,1.11,13908.59,102.77,22.5,0.29,2026-05-22,2026-05-22 11:02:33
7770,君曜,42.4,42.4,43.0,42.0,28.22,26.88,27.24,-1.78,-1.19,-0.58,51.6,46.25,40.91,23,17,1.32,12.75,14.23,4.0,9.43,2026-05-22,2026-05-22 11:02:34
7772,耀穎,165.5,155.0,165.5,151.5,26.08,17.65,25.83,-5.19,3.34,-8.53,262.76,192.68,122.59,394,422,0.93,,,1.5,0.91,2026-05-22,2026-05-22 11:02:36
7777,能率亞洲,34.45,33.25,35.3,32.65,64.63,67.06,72.47,1.82,1.42,0.4,36.58,30.41,24.24,2988,3843,0.78,62.87,59.4,,,2026-05-22,2026-05-22 11:02:37
7780,大研生醫*,18.5,18.5,18.55,18.1,56.29,39.94,50.0,-0.42,-0.51,0.09,19.06,18.5,17.94,1947,1608,1.21,149.85,370.0,0.34,1.84,2026-05-22,2026-05-22 11:02:37
7782,光速火箭,26.35,26.6,26.75,26.35,44.42,43.0,41.43,-0.0,0.12,-0.13,27.79,26.97,26.16,36,19,1.9,6.08,12.43,5.03,19.09,2026-05-22,2026-05-22 11:02:39
7786,東方風能,118.5,117.0,120.0,115.5,13.31,18.79,25.35,-5.09,-3.15,-1.95,147.65,130.3,112.95,248,230,1.08,207.8,10.82,2.0,1.69,2026-05-22,2026-05-22 11:02:40
7788,松川精密,192.5,185.0,195.0,182.5,41.43,55.65,63.21,10.0,9.96,0.04,214.55,182.28,150.0,875,1537,0.57,153.51,53.03,2.5,1.3,2026-05-22,2026-05-22 11:02:40
7791,皇家可口,63.2,63.4,63.4,62.9,33.19,26.47,29.41,-0.7,-0.66,-0.04,65.53,64.01,62.5,23,48,0.49,50.56,11.29,3.81,6.03,2026-05-22,2026-05-22 11:02:42
7792,安葆,273.0,267.0,277.0,267.0,9.28,6.9,9.84,-19.32,-12.98,-6.34,382.73,315.55,248.37,165,257,0.64,127.39,31.38,9.0,3.3,2026-05-22,2026-05-22 11:02:43
7794,宏碁智新,29.1,28.85,29.1,28.85,12.87,8.07,11.5,-3.55,-3.81,0.26,35.9,31.47,27.04,24,44,0.55,,7.95,,,2026-05-22,2026-05-22 11:02:44
7795,長廣,414.5,397.5,417.0,387.0,51.99,32.24,57.29,-3.17,-4.34,1.17,423.07,378.6,334.13,1575,567,2.78,326.74,133.28,2.15,0.52,2026-05-22,2026-05-22 11:02:45
7799,禾榮科,328.5,317.0,330.0,316.0,35.9,19.3,35.24,-19.6,-18.88,-0.72,397.99,342.75,287.51,205,233,0.88,519.02,34.32,,,2026-05-22,2026-05-22 11:02:46
7805,威聯通,764.0,729.0,788.0,729.0,46.07,38.48,66.88,10.2,9.02,1.19,749.67,712.75,675.83,439,173,2.54,253.08,17.27,40.0,5.24,2026-05-22,2026-05-22 11:02:48
7810,捷創科技,229.0,229.5,230.0,226.0,32.89,47.96,52.73,0.61,0.46,0.15,249.8,227.3,204.8,95,234,0.41,46.37,37.0,4.0,1.75,2026-05-22,2026-05-22 11:02:49
7811,民盛,77.0,77.7,77.7,77.0,31.84,36.08,19.7,-3.45,-3.58,0.13,87.04,81.46,75.89,29,20,1.44,25.7,9.53,6.0,7.79,2026-05-22,2026-05-22 11:02:50
7820,立盈,134.0,135.5,135.5,132.5,11.82,14.57,30.43,-10.79,-10.77,-0.02,167.07,143.38,119.68,69,45,1.52,50.61,77.01,1.5,1.12,2026-05-22,2026-05-22 11:02:52
7821,神數,44.4,44.0,44.6,43.9,35.37,24.33,23.64,-3.63,-4.25,0.62,48.54,45.1,41.66,231,176,1.31,54.13,15.47,2.0,4.5,2026-05-22,2026-05-22 11:02:52
7822,倍利科,1070.0,1030.0,1100.0,1030.0,11.66,12.68,20.91,-110.68,-95.2,-15.48,1461.26,1233.5,1005.74,250,272,0.92,487.5,76.27,,,2026-05-22,2026-05-22 11:02:53
7823,奧義賽博-KY創,107.0,109.0,109.0,100.0,86.67,85.66,72.25,6.13,4.18,1.95,111.33,92.06,72.79,107,112,0.95,35.84,,,,2026-05-22,2026-05-22 11:02:54
7828,創新服務,1165.0,1105.0,1165.0,1105.0,35.47,37.86,40.36,-50.08,-33.09,-16.98,1371.42,1210.5,1049.58,107,279,0.39,471.75,189.43,4.53,0.39,2026-05-22,2026-05-22 11:02:56
7842,天能綠電,101.0,102.5,103.0,100.5,7.6,8.39,6.84,-15.03,-11.68,-3.35,180.67,131.7,82.73,69,87,0.79,18.43,25.25,3.2,3.17,2026-05-22,2026-05-22 11:02:57
7846,德揚,83.8,83.8,84.7,83.0,21.79,16.99,18.18,0.25,2.25,-2.0,100.36,90.16,79.96,30,20,1.44,28.84,57.4,1.0,1.19,2026-05-22,2026-05-22 11:02:58
7890,明曜科技,116.0,116.5,117.0,111.0,31.59,33.02,41.67,-0.64,0.67,-1.31,128.49,119.83,111.16,29,22,1.29,,,,,2026-05-22,2026-05-22 11:02:59
8011,台通,18.4,18.1,18.4,17.85,29.89,20.04,40.66,-0.61,-0.55,-0.06,20.56,18.94,17.33,1699,2069,0.82,30.53,14.15,1.4,7.61,2026-05-22,2026-05-22 11:03:00
8016,矽創,292.0,297.0,297.0,287.0,80.15,78.88,72.24,19.82,17.96,1.87,311.78,259.52,207.27,2242,2675,0.84,343.58,20.07,12.0,4.11,2026-05-22,2026-05-22 11:03:01
8021,尖點,422.0,396.5,422.0,396.0,32.41,35.12,49.58,13.8,24.08,-10.28,481.5,419.1,356.7,6013,11870,0.51,612.08,154.58,1.2,0.28,2026-05-22,2026-05-22 11:03:01
8024,佑華,12.9,12.35,12.95,12.25,53.8,34.96,55.26,-0.12,-0.16,0.03,12.95,12.45,11.96,216,102,2.1,5.83,,,,2026-05-22,2026-05-22 11:03:03
8027,鈦昇,244.5,240.0,260.0,237.0,49.82,65.83,63.75,26.84,27.01,-0.17,290.5,217.18,143.85,15307,10329,1.48,261.44,,,,2026-05-22,2026-05-22 11:03:04
8028,昇陽半導體,294.0,280.5,294.0,280.5,77.64,70.7,67.01,18.32,15.93,2.38,289.18,249.75,210.32,8466,13722,0.62,515.33,70.0,2.8,0.95,2026-05-22,2026-05-22 11:03:05
8032,光菱,42.85,42.5,43.3,41.8,52.12,48.11,57.78,1.32,1.39,-0.07,45.0,40.94,36.88,252,144,1.74,22.2,19.75,1.1,2.57,2026-05-22,2026-05-22 11:03:06
8033,雷虎,138.0,137.0,138.0,135.0,24.08,16.5,34.62,-2.79,-1.61,-1.19,158.62,143.65,128.67,2929,3680,0.8,213.52,242.11,,,2026-05-22,2026-05-22 11:03:07
8034,榮群,24.6,24.25,24.6,24.15,31.41,25.17,57.69,-0.13,-0.14,0.01,25.19,24.14,23.1,386,277,1.39,13.83,17.45,1.8,7.32,2026-05-22,2026-05-22 11:03:08
8038,長園科,41.7,40.95,41.8,40.6,35.24,25.16,40.66,-0.49,-0.21,-0.27,45.45,42.5,39.55,499,253,1.97,25.97,45.33,,,2026-05-22,2026-05-22 11:03:09
8039,台虹,151.0,141.0,152.5,141.0,41.42,35.28,60.76,2.78,3.14,-0.36,149.03,138.12,127.22,21845,12757,1.71,398.14,74.02,2.5,1.66,2026-05-22,2026-05-22 11:03:10
8040,九暘,119.0,119.0,119.0,118.0,92.53,84.1,83.99,11.7,8.81,2.89,109.98,83.42,56.86,1944,5574,0.35,114.73,,,,2026-05-22,2026-05-22 11:03:11
8042,金山電,123.0,122.0,123.0,120.0,86.53,85.08,83.99,15.44,11.96,3.48,135.02,87.56,40.1,1663,1657,1.0,159.24,138.2,1.2,0.98,2026-05-22,2026-05-22 11:03:12
8043,蜜望實,130.5,129.5,138.0,126.5,86.51,82.37,73.77,10.92,7.86,3.06,129.51,99.36,69.21,29004,31429,0.92,104.28,78.14,0.8,0.61,2026-05-22,2026-05-22 11:03:13
8044,網家,28.9,28.8,29.8,28.65,84.06,76.18,78.02,1.16,0.47,0.69,28.83,24.32,19.8,2621,3238,0.81,59.08,,,,2026-05-22,2026-05-22 11:03:14
8045,達運光電,71.8,72.1,73.2,71.2,43.04,36.09,37.89,-1.05,-0.94,-0.11,76.72,73.25,69.78,238,199,1.2,68.24,112.19,1.0,1.39,2026-05-22,2026-05-22 11:03:15
8046,南電,934.0,904.0,952.0,904.0,48.81,32.05,44.72,32.69,46.01,-13.32,1026.04,895.45,764.86,17444,13630,1.28,6035.19,306.23,1.0,0.11,2026-05-22,2026-05-22 11:03:16
8047,星雲,45.0,45.85,47.95,45.0,17.83,19.5,32.86,-2.31,-1.15,-1.17,61.09,52.27,43.45,111,123,0.9,18.75,,,,2026-05-22,2026-05-22 11:03:17
8048,德勝,62.7,61.5,63.4,60.8,32.76,31.11,51.05,0.13,0.37,-0.24,63.93,62.07,60.21,479,374,1.28,36.18,23.66,2.2,3.51,2026-05-22,2026-05-22 11:03:18
8049,晶采,26.8,26.6,26.9,26.55,68.92,59.28,73.85,0.24,0.12,0.12,26.57,25.65,24.72,466,263,1.77,31.7,15.76,2.0,7.46,2026-05-22,2026-05-22 11:03:19
8050,廣積,53.8,51.8,54.5,51.4,86.22,82.16,81.87,2.58,1.89,0.69,53.58,46.14,38.71,2097,1685,1.24,107.17,38.43,3.18,5.91,2026-05-22,2026-05-22 11:03:20
8054,安國,111.5,112.0,118.0,107.0,55.97,41.12,59.02,0.66,0.23,0.43,113.07,106.1,99.13,6756,4152,1.63,117.94,,,,2026-05-22,2026-05-22 11:03:21
8058,耐特,106.5,104.0,108.0,104.0,46.78,32.58,32.14,-4.7,-3.39,-1.31,130.83,111.27,91.71,420,360,1.17,,,1.3,1.22,2026-05-22,2026-05-22 11:03:22
8059,凱碩,19.4,19.0,19.4,18.5,20.92,15.75,42.86,-0.27,-0.01,-0.26,22.18,20.04,17.9,589,316,1.86,37.64,,,,2026-05-22,2026-05-22 11:03:23
8064,東捷,132.5,121.0,132.5,117.0,62.22,66.4,59.2,12.77,12.45,0.33,144.52,112.12,79.72,14728,10281,1.43,244.88,97.43,,,2026-05-22,2026-05-22 11:03:25
8066,來思達,16.8,17.25,17.25,16.0,47.83,35.79,40.45,-0.47,-0.52,0.05,18.48,17.09,15.7,64,81,0.79,6.16,,,,2026-05-22,2026-05-22 11:03:26
8067,志旭,13.65,14.4,14.4,13.5,71.23,67.37,52.73,0.02,-0.18,0.2,14.21,13.13,12.06,35,24,1.42,2.83,,,,2026-05-22,2026-05-22 11:03:27
8068,全達,20.7,20.6,20.85,20.4,12.59,12.17,20.34,-0.62,-0.3,-0.33,25.27,22.41,19.54,429,288,1.49,16.72,16.97,,,2026-05-22,2026-05-22 11:03:28
8069,元太,224.0,228.5,229.5,224.0,85.51,86.91,82.31,20.92,15.21,5.71,256.51,179.6,102.69,4584,5847,0.78,2581.31,24.67,4.99,2.23,2026-05-22,2026-05-22 11:03:29
8070,長華*,44.9,44.2,45.05,44.1,23.52,19.17,30.85,-0.67,-0.18,-0.49,50.5,46.46,42.41,2932,3573,0.82,316.25,44.02,1.39,3.1,2026-05-22,2026-05-22 11:03:30
8071,能率網通,20.05,19.85,20.25,19.4,68.56,70.46,72.07,0.96,0.64,0.32,21.08,17.65,14.22,1849,3505,0.53,12.05,,,,2026-05-22,2026-05-22 11:03:31
8072,陞泰,27.9,27.95,28.1,27.6,51.62,35.41,48.6,-0.29,-0.27,-0.02,29.11,27.8,26.48,142,166,0.86,22.32,25.14,1.0,3.58,2026-05-22,2026-05-22 11:03:32
8074,鉅橡,78.8,75.0,79.5,75.0,31.57,27.94,37.48,1.55,2.83,-1.28,90.02,78.52,67.02,3029,1831,1.65,63.81,58.81,1.1,1.4,2026-05-22,2026-05-22 11:03:33
8076,伍豐,24.05,24.15,24.2,23.9,39.19,46.51,62.14,0.15,0.09,0.05,25.24,23.43,21.61,1354,969,1.4,70.28,171.79,1.1,4.57,2026-05-22,2026-05-22 11:03:34
8077,洛碁,45.55,44.95,45.55,44.95,81.71,73.38,63.81,0.31,-0.06,0.38,45.06,42.19,39.32,20,7,2.82,10.0,7.55,2.0,4.39,2026-05-22,2026-05-22 11:03:35
8080,泰霖,27.75,28.85,28.85,27.75,26.9,22.27,37.62,-0.41,-0.35,-0.06,29.75,28.31,26.88,69,44,1.57,18.64,231.25,,,2026-05-22,2026-05-22 11:03:36
8081,致新,279.5,275.5,281.0,272.0,70.58,61.43,62.28,7.75,6.41,1.34,277.57,261.23,244.88,1509,2469,0.61,239.5,15.76,16.0,5.72,2026-05-22,2026-05-22 11:03:37
8083,瑞穎,168.5,171.0,171.5,168.0,21.94,23.07,24.24,-0.96,-0.11,-0.85,179.69,173.7,167.71,77,65,1.17,59.2,17.21,10.0,5.93,2026-05-22,2026-05-22 11:03:38
8084,巨虹,42.3,43.2,43.2,41.5,24.79,30.27,16.25,-0.8,-0.74,-0.06,45.95,43.9,41.85,175,62,2.8,29.4,,,,2026-05-22,2026-05-22 11:03:39
8085,福華,11.65,11.5,11.8,11.35,35.66,25.79,30.77,-0.83,-0.88,0.05,13.5,12.23,10.96,343,412,0.83,16.31,,,,2026-05-22,2026-05-22 11:03:40
8086,宏捷科,159.5,151.0,162.0,150.0,39.41,33.19,58.65,3.12,3.97,-0.85,165.75,149.97,134.2,8424,4723,1.78,313.44,47.61,1.19,0.75,2026-05-22,2026-05-22 11:03:41
8087,麗升能源,33.85,34.2,34.2,33.2,49.77,50.58,56.55,0.06,0.0,0.05,35.0,33.68,32.36,150,89,1.68,12.93,,1.0,2.95,2026-05-22,2026-05-22 11:03:42
8088,品安,56.9,54.8,57.5,54.3,37.97,35.29,60.21,0.63,0.56,0.07,57.74,53.4,49.07,4463,2443,1.83,34.66,33.67,0.5,0.88,2026-05-22,2026-05-22 11:03:43
8089,康全電訊,20.75,20.6,21.25,20.2,35.31,25.77,54.69,-0.5,-0.57,0.07,21.66,20.6,19.53,360,209,1.72,13.69,,1.25,6.02,2026-05-22,2026-05-22 11:03:44
8091,翔名,267.0,248.5,267.0,244.0,84.95,81.63,75.0,22.55,16.94,5.61,273.11,210.0,146.89,949,2781,0.34,142.54,48.19,4.5,1.69,2026-05-22,2026-05-22 11:03:45
8093,保銳,18.3,18.05,18.5,18.05,32.67,38.0,33.96,-0.36,-0.24,-0.12,20.29,19.12,17.96,15,16,0.93,6.69,,,,2026-05-22,2026-05-22 11:03:47
8096,擎亞,118.5,110.5,118.5,110.0,79.41,68.01,84.05,5.19,3.46,1.73,112.82,97.9,82.99,22634,28369,0.8,176.97,136.21,0.5,0.42,2026-05-22,2026-05-22 11:03:49
8097,常珵,57.3,56.5,58.3,56.5,80.54,73.72,77.67,0.82,0.07,0.75,57.57,53.04,48.52,93,108,0.85,34.84,,,,2026-05-22,2026-05-22 11:03:50
8098,慶康科技,386.0,379.5,393.5,378.0,31.84,29.53,46.56,2.36,6.58,-4.22,416.32,386.3,356.28,78,51,1.53,48.84,26.19,9.0,2.33,2026-05-22,2026-05-22 11:03:52
8099,大世科,59.5,60.1,60.1,57.5,43.39,37.34,23.17,-1.38,-1.18,-0.2,66.09,61.96,57.84,224,119,1.87,59.54,23.61,0.71,1.19,2026-05-22,2026-05-22 11:03:53
8101,華冠,13.0,13.0,13.0,13.0,50.37,50.93,44.87,-0.15,-0.24,0.09,13.65,12.88,12.11,1,3,0.42,6.43,13.83,,,2026-05-22,2026-05-22 11:03:54
8102,傑霖科技,64.9,65.6,65.6,62.7,34.99,23.11,42.49,-0.01,0.8,-0.81,73.53,66.55,59.56,14,22,0.62,15.16,29.1,1.9,2.93,2026-05-22,2026-05-22 11:03:55
8103,瀚荃,105.5,104.5,106.0,103.5,19.87,18.55,27.85,0.87,3.26,-2.38,131.5,114.03,96.55,1084,1238,0.88,82.3,27.05,5.13,4.86,2026-05-22,2026-05-22 11:03:56
8104,錸寶,35.4,34.35,35.75,34.35,41.11,32.76,57.22,-0.08,-0.12,0.04,35.38,34.23,33.09,1194,659,1.81,36.84,101.14,0.1,0.28,2026-05-22,2026-05-22 11:03:57
8105,凌巨,17.4,16.5,17.45,16.45,80.41,72.87,81.02,0.79,0.54,0.26,17.31,14.54,11.78,16023,7680,2.09,76.83,79.09,,,2026-05-22,2026-05-22 11:03:58
8107,大億金茂,11.65,11.65,11.7,11.5,32.35,22.85,20.0,-0.39,-0.38,-0.01,13.38,12.15,10.92,49,49,0.99,8.74,,1.0,8.58,2026-05-22,2026-05-22 11:03:59
8109,博大,125.0,126.5,127.5,122.0,56.17,45.28,52.54,3.03,2.73,0.29,128.39,119.78,111.16,878,693,1.27,102.15,20.29,4.5,3.6,2026-05-22,2026-05-22 11:04:00
8110,華東,49.15,47.7,49.95,47.6,32.31,33.74,55.28,-0.56,-0.56,0.0,52.79,48.57,44.35,10403,7107,1.46,248.57,19.9,0.2,0.41,2026-05-22,2026-05-22 11:04:01
8111,立碁,66.8,63.1,68.1,63.1,39.07,24.19,44.65,-1.37,-0.94,-0.43,72.85,66.44,60.02,3371,1604,2.1,72.88,175.79,0.9,1.35,2026-05-22,2026-05-22 11:04:02
8112,至上,86.2,86.5,87.9,86.0,57.11,45.23,57.25,0.45,0.54,-0.09,89.42,84.73,80.04,20944,22283,0.94,450.22,18.15,3.35,3.89,2026-05-22,2026-05-22 11:04:03
8114,振樺電,236.5,238.0,242.0,236.0,62.18,62.36,69.4,14.93,12.41,2.52,258.67,207.57,156.48,488,714,0.68,180.44,12.99,7.76,3.28,2026-05-22,2026-05-22 11:04:04
8119,公信,10.65,10.75,11.05,10.6,32.09,25.89,35.16,-0.2,0.08,-0.28,14.18,11.83,9.47,270,260,1.04,6.78,,,,2026-05-22,2026-05-22 11:04:05
8121,越峰,39.55,37.55,41.0,37.55,73.13,67.74,66.87,2.58,2.12,0.46,39.37,32.2,25.03,4467,3065,1.46,84.24,,,,2026-05-22,2026-05-22 11:04:06
8131,福懋科,64.7,62.6,65.4,62.5,35.76,30.07,46.51,-0.08,0.39,-0.47,72.13,64.75,57.37,4297,3356,1.28,286.12,47.57,1.45,2.24,2026-05-22,2026-05-22 11:04:07
8147,正淩,175.5,176.0,182.0,175.0,51.15,61.16,54.67,7.49,7.89,-0.41,192.22,171.88,151.53,748,1142,0.66,72.6,60.73,1.99,1.13,2026-05-22,2026-05-22 11:04:08
8150,南茂,79.1,77.4,82.4,76.3,18.38,22.94,52.46,2.66,4.36,-1.7,98.06,80.05,62.03,46189,22056,2.09,550.08,63.28,1.23,1.55,2026-05-22,2026-05-22 11:04:09
8155,博智,413.5,417.0,426.0,404.0,41.56,33.8,49.56,17.21,25.22,-8.01,456.01,417.9,379.79,2221,1636,1.36,250.97,68.57,3.8,0.92,2026-05-22,2026-05-22 11:04:10
8162,微矽電子-創,60.8,56.0,60.8,55.7,66.13,53.72,72.32,3.04,3.01,0.03,58.96,53.55,48.15,821,528,1.56,41.77,38.97,1.0,1.64,2026-05-22,2026-05-22 11:04:11
8163,達方,35.65,36.25,36.95,35.5,79.88,76.3,85.54,1.79,1.12,0.67,36.24,30.05,23.86,9391,8325,1.13,98.39,69.9,2.0,5.61,2026-05-22,2026-05-22 11:04:12
8171,天宇,23.7,23.35,23.7,23.15,38.7,41.7,57.14,-0.17,-0.29,0.12,24.54,23.21,21.87,147,166,0.88,26.48,11.62,,,2026-05-22,2026-05-22 11:04:13
8176,智捷,10.05,10.0,10.05,9.95,17.39,19.35,42.96,-0.22,-0.22,0.0,10.61,10.25,9.9,169,157,1.08,6.96,25.12,,,2026-05-22,2026-05-22 11:04:14
8182,加高,41.35,38.5,41.35,38.35,62.14,40.98,56.37,0.99,1.14,-0.15,42.04,37.54,33.03,5579,2671,2.09,44.26,93.98,2.0,4.84,2026-05-22,2026-05-22 11:04:15
8183,精星,31.65,31.0,31.8,31.0,39.99,21.0,39.26,-1.15,-1.03,-0.13,37.08,32.64,28.21,508,383,1.32,38.22,13.3,1.3,4.11,2026-05-22,2026-05-22 11:04:16
8201,無敵,13.3,12.85,13.8,12.85,58.74,41.95,61.7,-0.09,-0.16,0.06,13.34,12.74,12.13,441,165,2.67,8.29,,,,2026-05-22,2026-05-22 11:04:17
8210,勤誠,1345.0,1350.0,1380.0,1330.0,28.01,40.83,62.11,83.51,103.94,-20.43,1594.83,1320.25,1045.67,1304,1199,1.09,1685.54,47.29,7.49,0.56,2026-05-22,2026-05-22 11:04:18
8213,志超,38.55,38.3,38.95,37.9,25.67,26.38,58.06,0.44,0.63,-0.19,40.7,37.81,34.92,945,780,1.21,101.91,17.13,1.38,3.58,2026-05-22,2026-05-22 11:04:19
8215,明基材,29.35,28.15,29.85,27.9,48.62,34.35,61.74,0.65,0.69,-0.04,30.35,27.16,23.98,6424,2623,2.45,94.12,16.4,0.62,2.11,2026-05-22,2026-05-22 11:04:20
8222,寶一,36.35,36.8,36.8,36.0,33.85,27.64,50.25,-0.19,-0.2,0.02,37.89,36.06,34.23,276,298,0.93,24.93,66.09,0.7,1.93,2026-05-22,2026-05-22 11:04:21
8227,巨有科技,227.0,213.5,227.0,213.5,53.64,46.34,73.31,17.3,17.34,-0.04,240.76,191.0,141.24,1311,773,1.69,89.76,109.66,1.6,0.7,2026-05-22,2026-05-22 11:04:22
8234,新漢,70.2,67.8,70.5,67.6,35.13,29.23,52.16,1.03,1.39,-0.35,76.09,68.56,61.04,1274,974,1.31,99.14,180.0,0.6,0.85,2026-05-22,2026-05-22 11:04:23
8240,華宏,65.8,63.2,67.2,63.2,34.16,28.42,50.0,0.61,1.65,-1.04,74.08,67.21,60.34,1878,1347,1.39,65.8,30.6,1.6,2.43,2026-05-22,2026-05-22 11:04:24
8249,菱光,52.8,52.4,53.3,51.8,51.7,48.56,56.85,0.49,0.05,0.44,53.57,50.03,46.49,1527,3054,0.5,71.27,13.27,2.02,3.83,2026-05-22,2026-05-22 11:04:25
8255,朋程,157.0,156.5,158.0,155.0,79.32,71.32,65.93,6.16,5.3,0.86,160.26,144.15,128.04,1785,2479,0.72,159.82,25.74,4.19,2.67,2026-05-22,2026-05-22 11:04:26
8261,富鼎,160.0,151.0,164.5,149.0,81.64,75.96,80.45,9.47,7.12,2.34,154.77,130.62,106.48,11469,11181,1.03,190.2,28.12,3.19,1.99,2026-05-22,2026-05-22 11:04:27
8271,宇瞻,224.5,223.0,230.5,220.5,20.74,29.61,50.75,10.08,15.83,-5.75,265.82,232.22,198.63,3415,3453,0.99,,11.21,2.21,0.98,2026-05-22,2026-05-22 11:04:28
8272,全景軟體,70.3,71.2,71.2,70.3,19.27,29.68,52.36,-0.19,0.06,-0.26,77.47,71.85,66.23,9,15,0.65,13.36,15.28,2.4,3.41,2026-05-22,2026-05-22 11:04:29
8277,商丞,7.0,6.97,7.1,6.84,48.88,38.36,34.76,-0.2,-0.23,0.03,7.76,7.03,6.31,189,154,1.22,6.41,,,,2026-05-22,2026-05-22 11:04:30
8279,生展,97.5,97.0,98.0,97.0,39.78,29.04,54.26,-2.25,-2.66,0.41,102.3,98.09,93.89,10,11,0.91,26.42,9.74,5.0,5.13,2026-05-22,2026-05-22 11:04:31
8284,三竹,63.5,63.2,63.6,63.2,46.93,39.29,47.37,-0.05,-0.01,-0.04,64.39,63.71,63.03,25,64,0.39,30.06,13.45,4.0,6.3,2026-05-22,2026-05-22 11:04:32
8289,泰藝,66.8,61.3,66.8,61.1,85.9,76.0,75.84,4.52,3.55,0.97,63.35,51.4,39.44,9482,6389,1.48,45.65,1670.0,0.15,0.22,2026-05-22,2026-05-22 11:04:33
8291,尚茂,91.1,91.1,91.1,91.1,99.98,99.86,100.0,16.65,11.43,5.22,89.48,42.87,-3.74,383,211,1.81,15.92,,,,2026-05-22,2026-05-22 11:04:34
8298,威睿,50.9,50.0,51.0,49.05,37.56,29.53,50.77,0.69,1.17,-0.47,54.32,50.23,46.13,14,56,0.26,13.05,21.39,0.2,0.39,2026-05-22,2026-05-22 11:04:35
8299,群聯,2430.0,2425.0,2480.0,2400.0,33.14,49.18,60.34,171.02,199.25,-28.23,3000.67,2325.0,1649.33,6096,8294,0.74,5372.39,61.21,31.31,1.29,2026-05-22,2026-05-22 11:04:36
8329,台視,10.5,10.2,10.5,10.2,38.7,29.09,50.0,-0.04,-0.02,-0.02,10.83,10.42,10.02,11,22,0.52,29.46,8.08,0.75,7.14,2026-05-22,2026-05-22 11:04:37
8341,日友,76.2,76.5,76.5,76.0,42.39,49.78,70.21,0.16,0.02,0.14,77.16,75.52,73.88,142,168,0.85,99.06,17.09,3.8,4.99,2026-05-22,2026-05-22 11:04:38
8342,益張,92.0,91.8,92.0,91.8,62.53,54.21,67.26,0.55,0.28,0.27,92.5,89.38,86.25,3,2,1.31,30.85,15.44,5.0,5.43,2026-05-22,2026-05-22 11:04:39
8345,超秦,54.1,54.1,55.0,54.1,16.36,27.98,40.0,-0.11,0.06,-0.18,56.56,55.09,53.62,6,16,0.37,28.13,13.56,1.0,1.85,2026-05-22,2026-05-22 11:04:40
8349,恒耀,41.5,41.9,41.9,40.65,30.0,21.38,25.35,-0.63,-0.34,-0.29,47.48,43.45,39.43,192,113,1.69,84.63,21.61,1.82,4.39,2026-05-22,2026-05-22 11:04:41
8354,冠好,16.65,16.5,17.2,16.5,40.17,46.9,58.97,0.17,0.17,-0.0,17.61,16.22,14.83,43,72,0.6,13.08,118.93,0.6,3.6,2026-05-22,2026-05-22 11:04:42
8358,金居,522.0,506.0,528.0,505.0,77.2,63.73,68.47,38.83,36.59,2.24,528.67,429.05,329.43,4421,4375,1.01,1318.0,123.4,1.5,0.29,2026-05-22,2026-05-22 11:04:43
8359,錢櫃,65.3,65.3,65.3,64.6,69.72,57.59,34.43,-0.81,-0.77,-0.04,69.8,66.25,62.71,17,29,0.6,89.13,11.79,6.0,9.19,2026-05-22,2026-05-22 11:04:44
8367,建新國際,41.1,41.4,41.4,40.95,37.03,36.83,13.64,-0.38,-0.3,-0.08,42.99,42.05,41.11,214,71,2.98,37.88,10.84,2.85,6.93,2026-05-22,2026-05-22 11:04:45
8374,羅昇,109.0,99.9,109.0,99.6,66.75,67.47,68.56,6.69,5.58,1.11,111.57,91.76,71.94,5606,5751,0.97,122.35,,0.45,0.41,2026-05-22,2026-05-22 11:04:46
8383,千附,59.3,58.9,60.9,58.1,49.92,29.8,35.83,0.0,0.85,-0.85,68.75,59.81,50.87,2593,1330,1.95,66.9,17.54,2.5,4.22,2026-05-22,2026-05-22 11:04:47
8390,金益鼎,120.0,124.0,124.0,117.5,75.22,78.03,81.47,7.48,5.37,2.11,129.63,101.5,73.38,1425,1692,0.84,115.34,18.29,2.5,2.08,2026-05-22,2026-05-22 11:04:49
8401,白紗科,22.9,23.0,23.05,22.85,9.94,13.37,8.89,-0.5,-0.4,-0.1,25.12,24.0,22.87,55,81,0.69,16.18,8.74,1.2,5.24,2026-05-22,2026-05-22 11:04:50
8403,盛弘,19.95,19.95,19.95,19.8,30.83,20.53,19.61,-0.61,-0.57,-0.03,22.41,20.76,19.12,182,205,0.89,27.46,19.37,0.5,2.51,2026-05-22,2026-05-22 11:04:51
8404,百和興業-KY,16.6,16.5,16.6,16.4,19.36,17.46,43.75,-0.44,-0.5,0.06,17.46,16.8,16.15,363,328,1.11,69.71,11.69,0.15,0.9,2026-05-22,2026-05-22 11:04:52
8409,商之器,19.95,19.45,19.95,19.45,46.52,24.53,48.89,-0.27,-0.32,0.05,20.37,19.57,18.77,30,15,1.97,6.38,83.13,,,2026-05-22,2026-05-22 11:04:53
8410,森田,34.5,34.3,34.9,34.3,26.46,29.47,18.92,-0.54,-0.33,-0.21,37.94,36.12,34.31,71,46,1.52,12.62,10.65,3.0,8.7,2026-05-22,2026-05-22 11:04:54
8411,福貞-KY,12.0,12.0,12.1,11.9,26.44,34.38,40.62,-0.07,-0.05,-0.03,12.45,12.17,11.89,27,67,0.41,26.21,21.43,0.05,0.42,2026-05-22,2026-05-22 11:04:55
8415,大國鋼,35.8,36.45,36.45,35.7,80.18,79.74,72.5,0.56,0.36,0.2,36.45,34.63,32.81,689,1168,0.59,359.07,11.74,1.5,4.19,2026-05-22,2026-05-22 11:04:56
8416,實威,173.0,175.0,175.0,170.5,37.89,36.17,62.07,0.63,0.65,-0.03,175.85,172.43,169.0,19,8,2.18,48.81,12.88,8.0,4.62,2026-05-22,2026-05-22 11:04:57
8421,旭源,13.6,13.6,13.6,13.45,34.72,37.97,50.0,0.0,0.02,-0.01,13.8,13.64,13.47,21,41,0.52,7.28,,,,2026-05-22,2026-05-22 11:04:58
8422,可寧衛*,26.8,26.5,26.8,26.35,29.14,18.97,39.82,-0.84,-0.8,-0.05,29.32,27.32,25.32,7127,6669,1.07,304.66,24.14,0.99,3.69,2026-05-22,2026-05-22 11:04:59
8423,保綠-KY,17.8,17.85,17.85,17.7,29.45,27.5,42.11,-0.13,-0.14,0.01,18.24,17.91,17.58,43,26,1.66,7.43,24.38,0.6,3.37,2026-05-22,2026-05-22 11:05:00
8424,惠普,73.0,72.9,74.0,72.8,26.55,26.86,11.76,-0.36,-0.27,-0.09,74.95,73.8,72.66,43,29,1.49,26.32,12.63,4.4,6.03,2026-05-22,2026-05-22 11:05:01
8426,紅木-KY,22.15,22.45,22.5,22.05,57.64,44.23,37.78,-0.7,-0.74,0.05,24.73,22.81,20.89,39,134,0.29,11.13,11.97,2.5,11.29,2026-05-22,2026-05-22 11:05:02
8429,金麗-KY,6.27,6.15,6.42,6.15,25.81,16.36,36.9,-0.17,-0.17,-0.01,6.77,6.38,5.98,357,247,1.44,11.65,52.25,,,2026-05-22,2026-05-22 11:05:03
8431,匯鑽科,60.8,57.8,62.0,57.8,36.48,22.6,42.22,-1.69,-1.55,-0.13,65.99,60.94,55.9,1458,751,1.94,29.66,,0.09,0.15,2026-05-22,2026-05-22 11:05:04
8432,東生華,51.1,51.0,51.2,50.4,77.64,61.02,61.34,-0.19,-0.37,0.18,51.71,50.35,48.99,20,33,0.6,19.62,14.12,2.12,4.15,2026-05-22,2026-05-22 11:05:05
8433,弘帆,53.5,53.1,53.5,53.0,32.0,23.35,43.14,-0.82,-0.77,-0.05,55.76,53.89,52.01,29,25,1.18,29.16,17.54,4.2,7.85,2026-05-22,2026-05-22 11:05:06
8435,鉅邁,55.5,55.8,55.8,55.4,33.24,38.56,41.38,-0.22,-0.23,0.01,56.39,55.86,55.34,52,20,2.55,19.54,14.23,3.2,5.77,2026-05-22,2026-05-22 11:05:07
8436,大江,120.5,120.5,121.0,119.5,57.44,45.15,51.61,-0.89,-1.17,0.28,122.29,119.53,116.76,520,439,1.18,132.77,13.96,10.0,8.3,2026-05-22,2026-05-22 11:05:08
8437,大地-KY,12.35,11.95,12.9,11.85,54.38,38.01,56.6,-0.27,-0.36,0.1,13.09,11.92,10.74,135,78,1.73,5.81,1.35,1.02,8.26,2026-05-22,2026-05-22 11:05:09
8438,昶昕,92.5,88.1,94.6,87.9,26.42,32.24,47.81,2.39,3.82,-1.43,103.34,91.99,80.64,1153,1096,1.05,64.7,44.26,1.3,1.41,2026-05-22,2026-05-22 11:05:10
8440,綠電,22.55,22.45,23.0,22.4,50.79,52.43,56.32,0.08,-0.11,0.19,24.04,21.84,19.63,138,289,0.48,11.33,72.74,0.15,0.67,2026-05-22,2026-05-22 11:05:11
8442,威宏-KY,40.5,40.65,40.75,40.2,8.06,14.9,12.2,-3.21,-2.49,-0.72,55.69,47.0,38.32,51,104,0.5,28.42,10.07,3.0,7.41,2026-05-22,2026-05-22 11:05:12
8443,阿瘦,11.3,11.35,11.35,11.3,25.75,23.01,22.22,-0.15,-0.11,-0.04,12.07,11.65,11.24,21,19,1.06,7.55,,0.2,1.77,2026-05-22,2026-05-22 11:05:13
8444,綠河-KY,6.67,6.01,6.67,6.0,28.09,47.66,55.95,0.14,0.12,0.02,9.03,6.75,4.46,117,72,1.63,7.38,,,,2026-05-22,2026-05-22 11:05:14
8446,華研,84.8,85.5,85.5,84.5,57.64,55.1,60.98,-0.77,-1.06,0.29,86.37,84.52,82.67,65,76,0.85,44.87,8.26,8.0,9.43,2026-05-22,2026-05-22 11:05:15
8450,霹靂,16.0,16.05,16.05,15.8,47.37,34.28,45.0,-0.31,-0.32,0.02,16.89,16.18,15.46,10,78,0.14,8.21,,,,2026-05-22,2026-05-22 11:05:16
8454,富邦媒,191.5,194.0,194.0,188.0,42.66,54.88,62.2,4.03,3.45,0.58,205.26,185.05,164.84,975,887,1.1,507.43,16.96,12.19,6.37,2026-05-22,2026-05-22 11:05:17
8455,大拓-KY,40.1,43.0,43.0,39.15,83.13,88.35,82.61,4.97,3.39,1.58,43.72,29.51,15.29,134,170,0.79,10.11,2005.0,,,2026-05-22,2026-05-22 11:05:18
8458,影一,15.6,15.0,15.6,14.95,53.05,41.48,55.86,-0.31,-0.43,0.12,16.29,14.83,13.37,9,8,1.1,5.59,,,,2026-05-22,2026-05-22 11:05:19
8462,柏文,138.5,140.0,140.0,137.5,13.92,16.97,17.86,-1.21,-0.11,-1.1,152.64,144.72,136.81,148,111,1.33,109.82,16.69,4.2,3.03,2026-05-22,2026-05-22 11:05:20
8463,潤泰材,21.25,21.1,21.65,21.05,12.43,10.38,30.61,-0.49,-0.46,-0.03,22.86,21.94,21.01,93,83,1.12,31.88,11.49,1.1,5.18,2026-05-22,2026-05-22 11:05:21
8464,億豐,316.5,318.0,318.0,311.5,25.97,24.08,33.33,-11.37,-9.6,-1.78,365.02,334.4,303.78,792,1152,0.69,927.41,14.08,16.0,5.06,2026-05-22,2026-05-22 11:05:22
8466,美吉吉-KY,14.1,14.3,14.3,14.0,45.33,35.67,32.26,-0.95,-0.94,-0.0,17.09,15.16,13.23,67,340,0.2,11.2,2.58,1.2,8.51,2026-05-22,2026-05-22 11:05:23
8467,波力-KY,126.0,127.0,127.0,126.0,14.28,15.11,25.97,-6.52,-5.92,-0.6,153.03,136.25,119.47,21,23,0.94,60.95,12.79,4.06,3.22,2026-05-22,2026-05-22 11:05:24
8472,夠麻吉,69.4,74.1,74.1,69.1,48.52,53.0,47.25,-0.43,-0.61,0.18,72.97,70.27,67.57,38,19,1.93,12.31,,,,2026-05-22,2026-05-22 11:05:25
8473,山林水,39.8,40.55,40.55,39.7,80.95,67.79,71.57,0.46,-0.26,0.72,39.92,36.01,32.1,1512,2140,0.71,72.06,16.11,0.73,1.83,2026-05-22,2026-05-22 11:05:26
8476,台境*,15.85,16.1,16.1,15.85,17.01,14.36,19.57,-0.65,-0.59,-0.06,18.42,16.89,15.35,377,265,1.42,25.56,30.48,1.02,6.44,2026-05-22,2026-05-22 11:05:27
8477,創業家,15.65,15.85,15.85,15.5,40.61,52.99,59.32,0.65,0.61,0.04,17.71,14.97,12.22,90,79,1.14,10.04,,,,2026-05-22,2026-05-22 11:05:28
8478,東哥遊艇,152.5,152.5,154.0,152.0,11.95,10.87,30.56,-4.04,-2.37,-1.67,177.58,162.88,148.17,113,192,0.59,143.31,11.76,5.0,3.28,2026-05-22,2026-05-22 11:05:29
8481,政伸,40.6,40.25,40.6,40.05,46.92,30.42,45.9,-0.38,-0.41,0.03,41.71,40.58,39.44,10,16,0.63,27.04,12.53,2.55,6.28,2026-05-22,2026-05-22 11:05:30
8482,商億-KY,49.0,47.85,49.45,47.85,49.89,42.12,47.9,-0.15,-0.12,-0.04,50.47,49.06,47.66,9,4,1.88,51.49,21.3,4.36,8.9,2026-05-22,2026-05-22 11:05:31
8487,愛爾達-創,80.4,79.0,80.5,79.0,74.97,60.99,76.71,0.05,-0.28,0.34,80.23,78.14,76.05,41,23,1.74,21.33,20.15,5.2,6.47,2026-05-22,2026-05-22 11:05:32
8488,吉源-KY,9.85,9.62,9.87,9.62,18.17,23.27,43.86,-0.04,0.0,-0.04,10.53,10.06,9.58,14,194,0.07,7.24,,,,2026-05-22,2026-05-22 11:05:32
8489,三貝德,23.9,24.35,24.35,23.0,33.96,35.1,36.55,-0.59,-0.51,-0.08,27.83,25.59,23.35,445,312,1.43,14.31,,,,2026-05-22,2026-05-22 11:05:33
8499,鼎炫-KY,316.5,289.0,317.0,286.5,50.15,43.17,67.35,6.28,4.34,1.95,314.8,278.77,242.75,336,165,2.03,130.29,31.27,8.06,2.55,2026-05-22,2026-05-22 11:05:34
8905,裕國,30.3,29.15,30.3,29.15,17.35,11.65,14.23,-2.69,-2.26,-0.43,43.69,34.55,25.42,5,5,0.89,34.94,49.67,1.0,3.3,2026-05-22,2026-05-22 11:05:35
8906,花王,25.05,25.8,25.8,25.0,66.17,53.87,53.42,-0.79,-1.02,0.22,26.92,25.2,23.48,14,51,0.28,10.56,,0.1,0.4,2026-05-22,2026-05-22 11:05:36
8908,欣雄,40.6,40.35,40.6,40.1,91.79,83.91,68.18,0.05,-0.14,0.2,41.0,39.77,38.55,272,169,1.61,127.24,18.88,1.5,3.69,2026-05-22,2026-05-22 11:05:38
8916,光隆,46.5,46.75,46.75,46.15,31.9,32.59,38.0,-0.27,-0.22,-0.05,47.99,47.03,46.07,134,61,2.18,69.06,18.83,3.59,7.72,2026-05-22,2026-05-22 11:05:39
8917,欣泰,53.1,53.7,53.7,52.8,43.07,38.11,51.95,-0.23,-0.33,0.1,53.87,52.84,51.82,10,31,0.32,86.37,23.81,2.2,4.14,2026-05-22,2026-05-22 11:05:40
8921,沈氏,18.45,18.45,18.45,18.45,73.32,57.96,47.46,0.12,0.12,-0.0,19.13,18.37,17.61,1,1,0.88,8.6,,0.22,1.19,2026-05-22,2026-05-22 11:05:41
8923,時報,19.85,19.5,19.85,19.5,69.63,54.26,57.5,-0.06,-0.1,0.04,19.84,19.42,19.0,13,3,3.82,6.03,20.68,0.85,4.28,2026-05-22,2026-05-22 11:05:42
8924,大田,64.2,64.0,64.5,64.0,51.25,50.02,19.48,-1.05,-0.99,-0.06,70.14,65.73,61.33,138,88,1.57,53.8,11.46,4.3,6.7,2026-05-22,2026-05-22 11:05:43
8926,台汽電,60.9,60.8,62.3,60.5,82.68,81.14,79.88,4.01,3.02,0.99,64.52,51.87,39.21,6803,10341,0.66,505.64,25.7,2.04,3.35,2026-05-22,2026-05-22 11:05:44
8927,北基,19.15,19.35,19.5,18.95,48.98,37.69,30.66,-1.0,-0.96,-0.04,23.59,20.62,17.65,620,433,1.43,81.07,54.71,0.3,1.57,2026-05-22,2026-05-22 11:05:45
8928,鉅明,21.5,21.9,21.9,21.5,44.89,45.54,49.25,-0.31,-0.42,0.11,22.38,21.49,20.61,30,32,0.92,10.93,15.25,1.7,7.91,2026-05-22,2026-05-22 11:05:46
8929,富堡,14.2,14.3,14.3,14.1,34.83,33.55,38.46,-0.3,-0.31,0.01,15.26,14.67,14.08,36,43,0.82,7.18,,,,2026-05-22,2026-05-22 11:05:47
8930,青鋼,28.7,28.5,29.2,28.4,23.43,17.97,25.0,-0.38,-0.3,-0.07,30.43,29.21,27.99,110,52,2.08,,12.01,2.2,7.67,2026-05-22,2026-05-22 11:05:48
8931,大汽電,42.25,41.9,42.95,41.6,34.5,35.11,62.9,-0.17,-0.31,0.14,42.6,41.84,41.08,45,50,0.91,51.65,22.59,2.0,4.73,2026-05-22,2026-05-22 11:05:49
8932,智通*,101.0,102.0,102.5,99.0,73.37,72.27,74.51,2.99,2.39,0.6,103.77,94.45,85.13,3488,3569,0.98,357.67,108.6,0.14,0.14,2026-05-22,2026-05-22 11:05:50
8933,愛地雅,4.4,4.31,4.44,4.3,5.53,5.18,6.63,-0.48,-0.34,-0.14,6.76,5.59,4.41,844,1392,0.61,14.38,,,,2026-05-22,2026-05-22 11:05:51
8935,邦泰,20.0,20.4,20.4,20.0,65.83,62.15,62.5,0.29,0.13,0.16,20.42,19.01,17.61,541,688,0.79,22.7,,,,2026-05-22,2026-05-22 11:05:52
8936,國統,50.2,50.2,50.3,49.75,30.26,20.9,31.9,-0.36,-0.3,-0.07,52.8,50.54,48.28,1339,1331,1.01,124.54,12.36,2.0,3.98,2026-05-22,2026-05-22 11:05:53
8937,合騏*,31.3,32.35,32.8,31.1,18.75,16.7,17.89,-1.38,-1.1,-0.27,39.45,34.25,29.05,626,402,1.55,132.94,,0.03,0.1,2026-05-22,2026-05-22 11:05:55
8938,明安,54.4,54.4,54.4,54.1,15.58,12.46,15.52,-1.9,-1.85,-0.06,60.5,56.49,52.48,133,145,0.92,82.54,9.05,4.0,7.35,2026-05-22,2026-05-22 11:05:56
8940,新天地,17.0,17.2,17.2,16.8,21.26,21.48,42.31,-0.3,-0.26,-0.05,18.51,17.4,16.3,39,45,0.88,11.47,30.91,,,2026-05-22,2026-05-22 11:05:57
8941,關中,44.3,43.65,44.3,43.65,63.59,64.04,45.83,-0.22,-0.27,0.05,44.84,44.36,43.88,3,4,0.76,15.49,38.19,1.5,3.39,2026-05-22,2026-05-22 11:05:58
8942,森鉅,40.8,42.0,42.0,40.75,8.06,14.49,42.6,0.09,0.55,-0.46,45.31,42.68,40.04,604,388,1.56,81.13,22.3,3.5,8.58,2026-05-22,2026-05-22 11:05:59
8996,高力,1170.0,1110.0,1170.0,1110.0,56.7,36.34,43.72,3.7,9.32,-5.62,1253.02,1100.2,947.38,3287,2616,1.26,1086.78,130.73,4.56,0.39,2026-05-22,2026-05-22 11:06:00
8999,台灣積層,38.35,38.3,38.35,38.05,97.67,91.49,52.38,0.06,-0.01,0.07,38.95,37.89,36.84,7,1,5.0,13.81,16.75,2.0,5.22,2026-05-22,2026-05-22 11:06:01
9103,美德醫療-DR,5.2,5.1,5.25,5.01,59.11,47.53,73.95,0.03,-0.02,0.05,5.15,4.81,4.47,3213,1816,1.77,28.34,,,,2026-05-22,2026-05-22 11:06:02
9105,泰金寶-DR,6.75,6.3,6.75,6.26,63.72,42.5,72.77,0.1,0.04,0.07,6.34,5.83,5.31,129398,44010,2.94,705.38,37.5,0.15,2.22,2026-05-22,2026-05-22 11:06:03
9110,越南控-DR,2.51,2.69,2.69,2.5,25.75,33.97,20.25,-0.12,-0.09,-0.03,3.14,2.82,2.5,28,97,0.29,22.78,15.69,,,2026-05-22,2026-05-22 11:06:04
9136,巨騰-DR,10.95,10.9,11.25,10.55,5.91,23.27,14.71,0.18,0.44,-0.26,12.87,11.94,11.0,1149,3325,0.35,92.6,,,,2026-05-22,2026-05-22 11:06:05
9802,鈺齊-KY,75.1,75.4,75.9,74.9,13.26,21.14,34.88,-0.94,-0.6,-0.34,83.16,77.75,72.34,611,751,0.81,150.94,12.79,5.1,6.79,2026-05-22,2026-05-22 11:06:06
9902,台火,13.65,13.8,13.9,13.5,7.82,7.5,25.0,-0.26,-0.22,-0.04,14.88,14.17,13.45,172,116,1.48,13.38,,0.3,2.2,2026-05-22,2026-05-22 11:06:07
9904,寶成,25.8,25.8,25.9,25.7,26.76,36.21,54.35,-0.45,-0.55,0.1,26.42,25.91,25.39,12578,15565,0.81,760.27,6.32,1.7,6.59,2026-05-22,2026-05-22 11:06:08
9905,大華,20.7,20.7,20.8,20.65,18.94,16.51,29.63,-0.13,-0.06,-0.07,21.73,21.14,20.55,94,163,0.58,63.14,15.92,1.2,5.8,2026-05-22,2026-05-22 11:06:09
9906,欣巴巴,34.5,34.95,35.05,33.2,49.73,32.25,35.41,-1.83,-1.89,0.06,40.53,35.6,30.67,389,309,1.26,31.18,383.33,6.5,18.84,2026-05-22,2026-05-22 11:06:10
9907,統一實,15.95,16.05,16.15,15.9,11.5,9.72,11.36,-0.55,-0.46,-0.08,18.39,16.91,15.43,3981,4152,0.96,251.87,11.73,0.97,6.08,2026-05-22,2026-05-22 11:06:11
9908,大台北,29.2,29.2,29.3,29.15,27.0,22.39,38.1,-0.17,-0.17,0.0,29.76,29.38,29.01,204,228,0.9,146.25,16.98,1.2,4.11,2026-05-22,2026-05-22 11:06:12
9910,豐泰,68.7,69.2,69.8,67.8,16.05,23.12,43.24,-2.12,-2.25,0.13,74.18,70.85,67.52,3532,2549,1.39,678.4,13.47,5.1,7.42,2026-05-22,2026-05-22 11:06:13
9911,櫻花,82.7,82.5,82.9,82.4,29.5,29.27,50.79,-0.23,-0.26,0.03,83.92,82.7,81.48,207,189,1.09,182.0,13.23,5.0,6.05,2026-05-22,2026-05-22 11:06:14
9912,偉聯,12.5,12.35,12.6,12.35,69.16,59.76,39.29,-0.02,-0.02,-0.01,12.87,12.5,12.13,87,52,1.66,6.77,,,,2026-05-22,2026-05-22 11:06:14
9914,美利達,67.8,69.6,69.6,67.5,83.59,81.52,71.81,1.8,0.41,1.39,72.24,61.42,50.6,3281,2938,1.12,202.71,16.95,4.0,5.9,2026-05-22,2026-05-22 11:06:15
9917,中保科,112.0,113.0,113.0,112.0,41.12,38.56,47.06,-0.35,-0.22,-0.13,114.49,112.92,111.36,331,479,0.69,497.34,16.57,5.2,4.64,2026-05-22,2026-05-22 11:06:16
9918,欣天然,43.55,43.1,43.65,43.1,58.3,49.28,56.92,-0.29,-0.43,0.14,43.83,43.25,42.68,93,69,1.33,77.52,27.22,1.6,3.67,2026-05-22,2026-05-22 11:06:17
9919,康那香,14.25,14.35,14.4,14.15,24.51,22.38,51.52,-0.19,-0.24,0.05,14.56,14.27,13.97,478,534,0.9,27.84,,0.2,1.4,2026-05-22,2026-05-22 11:06:18
9921,巨大,70.3,71.0,71.4,69.9,31.16,45.9,52.92,0.35,0.18,0.18,76.01,69.81,63.61,1559,1810,0.86,275.62,38.21,2.2,3.13,2026-05-22,2026-05-22 11:06:19
9924,福興,41.9,42.05,42.15,41.8,13.88,13.05,18.33,-0.8,-0.78,-0.02,44.74,42.95,41.16,189,124,1.52,63.17,13.83,5.88,14.03,2026-05-22,2026-05-22 11:06:20
9925,新保,40.15,40.1,40.2,40.1,28.86,26.99,41.18,-0.11,-0.11,0.0,40.48,40.29,40.11,223,221,1.01,154.26,17.01,2.0,4.98,2026-05-22,2026-05-22 11:06:21
9926,新海,49.0,48.8,49.0,48.8,21.48,21.58,29.41,-0.21,-0.21,0.0,49.58,49.22,48.86,31,50,0.63,87.96,18.28,2.0,4.08,2026-05-22,2026-05-22 11:06:22
9927,泰銘,67.7,67.5,67.8,67.1,35.22,24.24,44.0,-0.44,-0.33,-0.11,69.66,68.08,66.51,77,108,0.71,81.24,15.93,3.94,5.82,2026-05-22,2026-05-22 11:06:23
9928,中視,17.95,17.7,17.95,17.7,70.48,59.99,69.23,-0.01,-0.04,0.03,17.85,17.67,17.49,113,38,2.93,12.7,,,,2026-05-22,2026-05-22 11:06:24
9929,秋雨,11.4,11.4,11.4,11.25,28.15,31.54,56.52,-0.14,-0.09,-0.05,12.42,11.64,10.86,25,27,0.91,11.55,,,,2026-05-22,2026-05-22 11:06:25
9930,中聯資源,67.7,67.6,67.8,67.5,16.67,15.96,23.08,-0.67,-0.48,-0.19,71.04,69.19,67.33,111,139,0.8,168.26,13.7,4.0,5.91,2026-05-22,2026-05-22 11:06:26
9931,欣高,33.85,33.9,34.0,33.8,18.24,18.3,28.57,-0.69,-0.74,0.04,35.64,34.48,33.33,65,71,0.92,40.75,13.87,1.8,5.32,2026-05-22,2026-05-22 11:06:27
9933,中鼎,39.3,39.75,40.0,39.15,75.35,62.62,64.74,0.71,0.53,0.18,39.1,37.29,35.49,5056,5364,0.94,370.14,22.85,1.0,2.54,2026-05-22,2026-05-22 11:06:28
9934,成霖,9.71,9.79,9.84,9.66,59.93,62.41,69.14,0.08,0.03,0.04,10.0,9.47,8.93,609,424,1.43,39.91,5.81,0.35,3.6,2026-05-22,2026-05-22 11:06:29
9935,慶豐富,18.6,18.55,18.7,18.45,56.65,50.07,59.52,-0.07,-0.14,0.06,18.75,18.36,17.96,267,196,1.36,32.71,11.7,1.8,9.68,2026-05-22,2026-05-22 11:06:30
9937,全國,55.6,55.7,55.7,55.2,33.02,35.47,39.29,-0.26,-0.19,-0.07,57.06,56.4,55.73,57,54,1.06,171.83,23.66,2.1,3.78,2026-05-22,2026-05-22 11:06:31
9938,百和,43.15,43.35,43.35,42.7,16.49,23.74,33.33,-0.65,-0.61,-0.04,45.91,44.21,42.5,2267,1509,1.5,128.57,10.55,3.0,6.95,2026-05-22,2026-05-22 11:06:31
9939,宏全,127.0,127.5,128.5,125.5,82.45,77.35,71.64,2.8,1.53,1.28,129.87,117.55,105.23,1401,1646,0.85,375.65,13.99,6.2,4.88,2026-05-22,2026-05-22 11:06:32
9940,信義,18.75,18.8,18.8,18.6,41.54,29.85,28.89,-0.38,-0.35,-0.03,20.46,19.28,18.1,284,385,0.74,138.16,66.96,0.6,3.2,2026-05-22,2026-05-22 11:06:33
9941,裕融,73.5,74.6,74.6,73.0,22.61,19.91,29.03,-0.97,-0.78,-0.19,79.63,75.51,71.4,1690,1255,1.35,423.09,10.04,4.38,5.96,2026-05-22,2026-05-22 11:06:34
9942,茂順,117.0,117.0,117.5,117.0,19.2,24.26,47.62,0.01,0.34,-0.32,121.29,117.92,114.56,69,57,1.21,97.3,14.43,7.0,5.98,2026-05-22,2026-05-22 11:06:35
9943,好樂迪,55.7,55.5,55.8,55.3,34.53,26.1,50.0,-0.41,-0.44,0.03,56.89,55.75,54.61,69,50,1.39,69.72,10.31,4.8,8.62,2026-05-22,2026-05-22 11:06:36
9944,新麗,17.0,16.95,17.0,16.85,54.34,63.14,78.26,0.14,0.12,0.02,17.36,16.72,16.07,160,151,1.06,18.0,,0.3,1.76,2026-05-22,2026-05-22 11:06:37
9945,潤泰新,23.3,23.45,23.6,23.1,31.72,33.19,50.0,-0.43,-0.52,0.1,24.12,23.53,22.94,9787,9177,1.07,660.44,5.93,1.1,4.72,2026-05-22,2026-05-22 11:06:38
9946,三發地產,16.8,16.8,16.85,16.7,65.49,70.86,83.33,0.02,-0.08,0.1,17.29,16.35,15.4,485,515,0.94,54.5,11.05,1.04,6.19,2026-05-22,2026-05-22 11:06:39
9949,琉園,23.45,23.8,23.8,23.45,39.41,28.49,29.73,-1.72,-1.65,-0.07,29.78,25.04,20.31,24,24,1.02,10.52,4.53,2.2,9.38,2026-05-22,2026-05-22 11:06:40
9950,萬國通,11.0,11.35,11.35,10.95,42.05,47.6,55.22,0.06,0.01,0.05,11.7,10.87,10.03,95,201,0.48,18.45,,,,2026-05-22,2026-05-22 11:06:41
9951,皇田,53.1,53.1,53.3,53.0,26.46,23.81,43.64,-0.32,-0.26,-0.06,54.59,53.56,52.54,124,66,1.88,38.64,10.15,2.32,4.37,2026-05-22,2026-05-22 11:06:42
9955,佳龍,28.15,28.2,28.3,27.95,23.06,25.11,37.5,-0.74,-0.69,-0.05,30.37,29.07,27.76,325,323,1.01,29.4,52.13,,,2026-05-22,2026-05-22 11:06:43
9958,世紀鋼,101.5,103.5,103.5,101.5,16.33,28.22,49.12,-1.73,-2.01,0.29,107.57,103.38,99.18,2092,1886,1.11,250.6,15.69,4.16,4.1,2026-05-22,2026-05-22 11:06:44
9960,邁達康,31.65,31.25,31.8,31.25,32.55,39.63,18.49,1.18,1.86,-0.68,37.99,32.93,27.86,30,73,0.41,10.63,18.19,1.7,5.37,2026-05-22,2026-05-22 11:06:45
9962,有益,9.4,9.45,9.54,9.31,37.6,40.88,35.8,-0.23,-0.26,0.03,9.96,9.6,9.25,141,57,2.46,8.48,,0.5,5.32,2026-05-22,2026-05-22 11:06:46
