股票代號,股票名稱,收盤價,開盤價,最高價,最低價,K值,D值,RSI,DIF,MACD,柱狀圖,BB上軌,BB中軌,BB下軌,成交量張,5日均量張,量比,市值億,本益比,每股配息,殖利率,交易日,更新時間
0050,元大台灣50,95.85,94.8,96.05,94.7,34.42,40.56,65.88,2.9,3.6,-0.71,99.79,93.96,88.13,61940,96583,0.64,,31.36,,,2026-05-21,2026-05-21 07:36:27
0051,元大中型100,132.55,128.8,132.7,128.8,36.63,41.32,63.68,3.2,3.94,-0.74,136.45,129.11,121.76,58,88,0.66,,26.07,,,2026-05-21,2026-05-21 07:36:28
0052,富邦科技,56.4,55.8,56.6,55.75,33.89,41.77,67.28,1.85,2.26,-0.41,58.85,55.15,51.45,21785,32280,0.67,,32.92,,,2026-05-21,2026-05-21 07:36:29
0053,元大電子,222.25,220.25,222.25,220.25,41.26,47.5,62.13,7.47,9.31,-1.84,231.23,216.4,201.57,24,25,0.97,,37.44,,,2026-05-21,2026-05-21 07:36:30
0055,元大MSCI金融,33.99,33.97,34.15,33.89,49.2,47.55,61.01,0.21,0.21,-0.0,34.39,33.61,32.83,191,240,0.8,,13.73,,,2026-05-21,2026-05-21 07:36:31
0056,元大高股息,45.44,44.74,45.52,44.74,52.12,57.26,77.89,1.38,1.46,-0.09,47.16,43.37,39.59,49988,49087,1.02,,18.17,,,2026-05-21,2026-05-21 07:36:32
0057,富邦摩台,285.1,282.55,285.1,282.55,36.13,45.08,62.46,8.83,11.15,-2.32,298.74,280.17,261.6,34,35,0.97,,30.93,,,2026-05-21,2026-05-21 07:36:33
0061,元大寶滬深,24.99,24.79,25.27,24.79,32.28,44.33,62.04,0.27,0.32,-0.05,25.55,24.74,23.94,307,217,1.41,,20.46,,,2026-05-21,2026-05-21 07:36:35
1101,台泥,24.2,24.15,24.35,23.95,25.45,29.81,46.51,-0.09,-0.0,-0.09,25.4,24.56,23.71,19999,26927,0.74,1813.35,16.28,1.0,4.13,2026-05-21,2026-05-21 07:36:36
1102,亞泥,34.95,34.75,34.95,34.5,42.03,35.59,48.72,-0.15,-0.11,-0.03,35.93,35.03,34.13,5960,8785,0.68,1239.52,11.69,2.2,6.29,2026-05-21,2026-05-21 07:36:37
1103,嘉泥,13.05,13.1,13.1,13.0,20.98,18.18,33.33,-0.18,-0.15,-0.03,13.73,13.29,12.85,204,291,0.7,85.97,15.54,0.55,4.21,2026-05-21,2026-05-21 07:36:38
1104,環泥,27.5,27.5,27.75,27.4,21.6,19.56,18.52,-0.43,-0.37,-0.06,29.02,28.11,27.19,555,730,0.76,,10.78,1.7,6.18,2026-05-21,2026-05-21 07:36:39
1108,幸福,13.75,13.75,13.8,13.7,15.62,17.51,16.67,-0.27,-0.2,-0.06,15.02,14.3,13.58,95,287,0.33,55.65,6.37,0.75,5.45,2026-05-21,2026-05-21 07:36:40
1109,信大,14.65,14.6,14.65,14.55,23.32,30.16,19.23,-0.19,-0.1,-0.09,15.9,15.22,14.54,100,247,0.41,49.98,14.22,0.9,6.14,2026-05-21,2026-05-21 07:36:41
1110,東泥,14.2,14.0,14.2,13.9,14.2,16.45,27.78,-0.32,-0.23,-0.09,15.74,14.79,13.83,299,191,1.56,80.92,39.44,0.3,2.11,2026-05-21,2026-05-21 07:36:42
1201,味全,12.1,12.1,12.15,12.05,24.18,17.47,33.33,-0.31,-0.33,0.02,12.96,12.36,11.76,261,402,0.65,61.23,30.25,0.5,4.13,2026-05-21,2026-05-21 07:36:43
1203,味王,42.65,42.85,43.7,42.6,39.95,33.95,44.1,0.01,0.31,-0.3,45.01,42.99,40.96,60,30,2.01,101.38,23.56,1.2,2.81,2026-05-21,2026-05-21 07:36:45
1210,大成,52.9,53.1,53.5,52.9,51.1,49.63,45.28,-0.19,-0.25,0.06,54.11,52.91,51.71,1503,1940,0.77,442.62,12.25,3.0,5.67,2026-05-21,2026-05-21 07:36:46
1213,大飲,8.49,8.7,8.7,8.31,45.81,49.71,39.37,-0.23,-0.2,-0.02,9.29,8.8,8.32,4,18,0.21,4.81,,0.35,4.12,2026-05-21,2026-05-21 07:36:47
1215,卜蜂,144.0,142.0,146.0,142.0,78.83,67.68,62.79,-0.31,-1.32,1.0,144.55,139.0,133.45,2170,1847,1.17,424.5,13.87,7.0,4.86,2026-05-21,2026-05-21 07:36:48
1216,統一,73.1,73.5,73.8,72.6,50.96,65.46,64.18,0.74,0.53,0.2,76.8,72.12,67.45,13676,13527,1.01,4153.55,21.25,3.0,4.1,2026-05-21,2026-05-21 07:36:49
1217,愛之味,9.41,9.45,9.54,9.39,15.02,10.45,17.33,-0.16,-0.13,-0.03,10.16,9.7,9.25,888,699,1.27,46.53,22.4,0.25,2.66,2026-05-21,2026-05-21 07:36:50
1218,泰山,18.6,18.5,18.6,18.5,22.82,27.17,40.0,-0.13,-0.08,-0.05,19.25,18.8,18.36,344,523,0.66,90.46,14.31,1.35,7.26,2026-05-21,2026-05-21 07:36:51
1219,福壽,12.5,12.5,12.6,12.5,8.16,9.99,11.54,-0.33,-0.25,-0.09,14.0,13.2,12.4,420,723,0.58,42.65,27.78,0.5,4.0,2026-05-21,2026-05-21 07:36:52
1220,台榮,11.8,11.9,11.9,11.8,8.81,15.23,11.11,-0.18,-0.13,-0.05,12.67,12.24,11.8,96,121,0.8,20.82,147.5,0.7,5.93,2026-05-21,2026-05-21 07:36:53
1225,福懋油,29.2,28.9,29.55,28.8,9.82,13.63,29.41,-0.86,-0.5,-0.36,34.0,31.18,28.35,120,177,0.68,70.74,18.02,0.14,0.48,2026-05-21,2026-05-21 07:36:54
1227,佳格,28.6,28.55,28.75,28.4,24.84,17.44,41.03,-0.35,-0.34,-0.01,29.45,28.83,28.22,950,871,1.09,259.81,21.5,1.4,4.9,2026-05-21,2026-05-21 07:36:55
1229,聯華,38.85,38.35,39.0,38.35,8.62,9.59,29.06,-1.27,-1.07,-0.2,43.59,40.81,38.03,1863,3565,0.52,694.92,15.12,1.3,3.35,2026-05-21,2026-05-21 07:36:56
1231,聯華食,86.8,86.2,86.8,86.0,57.08,46.95,50.0,-0.73,-0.87,0.14,88.08,86.72,85.36,244,288,0.85,259.06,22.78,1.6,1.84,2026-05-21,2026-05-21 07:36:58
1232,大統益,148.0,149.0,149.0,148.0,47.51,39.97,46.15,-0.38,-0.44,0.06,149.68,148.4,147.12,63,56,1.11,236.76,17.96,7.0,4.73,2026-05-21,2026-05-21 07:36:59
1233,天仁,28.8,28.8,28.8,28.65,28.64,25.68,51.61,-0.2,-0.25,0.05,29.05,28.75,28.45,17,18,0.93,26.08,38.4,0.2,0.69,2026-05-21,2026-05-21 07:37:00
1234,黑松,33.9,33.75,34.0,33.55,22.73,18.03,29.23,-0.54,-0.44,-0.09,36.08,34.74,33.39,55,188,0.29,136.23,16.95,1.65,4.87,2026-05-21,2026-05-21 07:37:01
1235,興泰,37.3,37.0,37.3,36.4,13.35,20.42,36.08,-1.16,-0.28,-0.88,48.1,42.58,37.06,23,27,0.86,16.96,,0.5,1.34,2026-05-21,2026-05-21 07:37:02
1236,宏亞,23.7,23.9,23.9,23.55,15.17,20.44,24.69,-0.66,-0.45,-0.21,27.19,25.2,23.21,50,45,1.12,20.54,,1.65,6.96,2026-05-21,2026-05-21 07:37:03
1240,茂生農經,58.1,58.0,58.1,57.7,39.79,42.09,27.27,-0.3,-0.24,-0.07,59.73,58.68,57.64,7,7,1.05,25.7,12.0,2.7,4.65,2026-05-21,2026-05-21 07:37:05
1256,鮮活果汁-KY,188.0,184.5,190.0,181.0,56.32,61.85,71.2,7.68,6.73,0.95,196.42,172.97,149.53,123,112,1.1,67.25,16.88,4.66,2.48,2026-05-21,2026-05-21 07:37:06
1259,安心,56.3,57.0,57.0,56.3,19.03,34.83,44.8,-0.56,-0.46,-0.1,59.99,57.96,55.94,12,16,0.74,18.24,22.98,1.2,2.13,2026-05-21,2026-05-21 07:37:07
1264,德麥,273.0,272.5,273.5,271.0,58.58,46.52,47.06,-1.18,-1.53,0.35,275.49,272.73,269.96,32,26,1.22,101.15,13.37,14.5,5.31,2026-05-21,2026-05-21 07:37:08
1268,漢來美食,167.5,166.0,174.5,166.0,75.44,77.05,83.78,1.8,0.61,1.19,165.72,157.93,150.13,502,256,1.95,70.72,16.58,7.5,4.48,2026-05-21,2026-05-21 07:37:10
1294,漢田生技,77.7,77.7,77.8,77.7,20.11,20.25,34.92,-0.95,-0.91,-0.04,80.84,78.79,76.75,23,16,1.41,23.52,17.11,2.84,3.66,2026-05-21,2026-05-21 07:37:11
1295,生合,51.0,50.2,51.5,50.2,22.15,19.38,36.49,-2.7,-2.77,0.07,59.35,54.03,48.71,55,56,0.97,17.58,9.66,3.0,5.88,2026-05-21,2026-05-21 07:37:14
1301,台塑,45.75,45.75,46.3,45.35,9.41,9.83,19.25,-1.11,-0.59,-0.52,53.32,48.73,44.14,14583,14933,0.98,2912.33,33.34,0.5,1.09,2026-05-21,2026-05-21 07:37:15
1303,南亞,87.3,83.1,88.3,83.1,23.09,16.99,46.44,-0.3,0.65,-0.95,94.95,87.82,80.69,71430,60099,1.19,6923.61,153.16,0.7,0.8,2026-05-21,2026-05-21 07:37:16
1304,台聚,12.25,12.1,12.3,12.05,15.1,11.74,26.14,-0.66,-0.58,-0.08,14.79,13.2,11.61,4586,5427,0.85,131.36,,0.2,1.63,2026-05-21,2026-05-21 07:37:17
1305,華夏,12.5,12.4,12.55,12.35,16.39,13.66,26.73,-0.71,-0.66,-0.05,15.17,13.44,11.72,1852,2944,0.63,72.63,,0.15,1.2,2026-05-21,2026-05-21 07:37:18
1307,三芳,31.65,31.35,31.75,31.35,22.58,32.57,49.21,-0.14,-0.16,0.02,32.4,31.68,30.95,438,511,0.86,125.91,11.14,2.7,8.53,2026-05-21,2026-05-21 07:37:19
1308,亞聚,13.25,13.1,13.3,13.0,21.74,14.99,25.68,-0.69,-0.68,-0.01,15.59,13.95,12.3,1717,2438,0.7,78.67,49.07,0.25,1.89,2026-05-21,2026-05-21 07:37:21
1309,台達化,15.65,15.35,16.0,15.1,14.18,10.68,17.2,-1.1,-0.85,-0.25,21.41,17.75,14.09,3474,6926,0.5,62.22,,0.2,1.28,2026-05-21,2026-05-21 07:37:22
1310,台苯,8.07,8.01,8.1,8.01,10.57,7.15,17.05,-0.58,-0.55,-0.03,10.12,8.78,7.44,1781,2385,0.75,42.6,31.04,,,2026-05-21,2026-05-21 07:37:24
1312,國喬,10.6,10.5,10.7,10.5,8.34,6.39,30.23,-0.71,-0.62,-0.09,13.35,11.6,9.85,3628,4230,0.86,119.23,16.06,,,2026-05-21,2026-05-21 07:37:25
1313,聯成,10.65,10.5,10.75,10.45,17.22,18.62,39.02,-0.37,-0.35,-0.02,11.75,10.99,10.23,1672,2502,0.67,141.74,,0.15,1.41,2026-05-21,2026-05-21 07:37:26
1314,中石化,7.2,7.02,7.2,6.98,54.24,31.01,42.36,-0.23,-0.25,0.03,7.66,7.19,6.72,16562,18172,0.91,272.51,4.14,,,2026-05-21,2026-05-21 07:37:27
1315,達新,61.0,60.6,61.2,60.6,23.32,18.8,37.74,-0.36,-0.2,-0.16,63.45,61.76,60.08,29,18,1.58,58.27,39.35,4.5,7.38,2026-05-21,2026-05-21 07:37:28
1316,上曜,10.75,10.7,11.1,10.7,22.63,22.94,45.45,-0.34,-0.32,-0.02,11.71,11.07,10.44,2274,2631,0.86,38.41,48.86,,,2026-05-21,2026-05-21 07:37:29
1319,東陽,80.1,81.0,81.8,80.1,70.71,72.62,70.87,-0.07,-0.67,0.6,82.87,77.8,72.73,2697,2291,1.18,473.77,12.46,5.0,6.24,2026-05-21,2026-05-21 07:37:30
1321,大洋,29.6,29.55,29.7,29.45,44.88,34.16,31.82,-0.76,-0.85,0.09,31.53,30.0,28.48,96,145,0.67,65.32,,0.38,1.28,2026-05-21,2026-05-21 07:37:31
1323,永裕,19.9,19.75,19.95,19.35,73.76,54.24,43.55,-0.26,-0.28,0.02,21.85,20.05,18.25,73,82,0.89,18.16,76.54,0.9,4.52,2026-05-21,2026-05-21 07:37:32
1324,地球,10.2,10.2,10.25,10.15,21.4,20.2,31.58,-0.21,-0.21,-0.01,10.91,10.42,9.93,35,37,0.95,7.66,,0.2,1.96,2026-05-21,2026-05-21 07:37:33
1325,恆大,26.9,26.85,27.1,26.8,27.06,33.93,56.03,0.02,-0.04,0.06,27.81,26.7,25.59,242,638,0.38,22.94,,0.3,1.12,2026-05-21,2026-05-21 07:37:35
1326,台化,45.45,44.8,45.7,44.8,20.45,15.76,25.45,-0.96,-0.36,-0.61,54.0,48.29,42.59,10199,13856,0.74,2658.38,30.98,0.5,1.1,2026-05-21,2026-05-21 07:37:37
1336,台翰,13.05,13.2,13.2,13.05,10.6,9.29,25.71,-0.29,-0.22,-0.06,14.3,13.64,12.98,60,129,0.47,10.13,18.64,0.95,7.28,2026-05-21,2026-05-21 07:37:38
1337,再生-KY,4.77,4.75,4.83,4.74,19.75,17.58,36.26,-0.21,-0.21,-0.0,5.28,4.97,4.66,451,558,0.81,12.83,,,,2026-05-21,2026-05-21 07:37:39
1338,廣華-KY,15.95,15.65,16.2,15.15,37.92,31.76,44.87,-0.15,-0.12,-0.03,17.1,16.12,15.14,598,277,2.16,12.88,1.85,0.78,4.89,2026-05-21,2026-05-21 07:37:40
1339,昭輝,40.8,40.7,40.9,40.5,36.85,27.75,48.57,-0.25,-0.25,-0.0,43.34,41.06,38.78,96,151,0.64,30.24,16.93,3.0,7.35,2026-05-21,2026-05-21 07:37:42
1340,勝悅-KY,5.5,5.43,5.57,5.41,39.58,29.04,36.89,-0.24,-0.26,0.02,6.0,5.64,5.28,228,172,1.32,8.41,,,,2026-05-21,2026-05-21 07:37:43
1341,富林-KY,63.0,61.1,63.0,61.0,45.31,30.88,65.52,0.38,0.35,0.03,62.39,61.19,59.99,13,9,1.41,33.3,17.03,5.2,8.25,2026-05-21,2026-05-21 07:37:45
1342,八貫,93.2,92.3,94.6,92.3,34.45,35.45,54.48,0.39,0.79,-0.4,97.78,93.92,90.06,211,205,1.03,72.7,16.67,6.0,6.44,2026-05-21,2026-05-21 07:37:46
1402,遠東新,27.2,26.8,27.2,26.65,75.5,68.0,68.83,0.07,-0.05,0.12,27.08,26.23,25.38,25114,21593,1.16,1455.77,17.55,1.6,5.88,2026-05-21,2026-05-21 07:37:47
1409,新纖,16.95,16.7,17.15,16.7,26.68,28.44,52.46,0.1,0.16,-0.05,17.22,16.84,16.46,6481,5167,1.25,271.19,14.24,0.6,3.54,2026-05-21,2026-05-21 07:37:48
1410,南染,26.4,26.15,26.95,26.15,11.91,11.91,41.22,-1.15,-1.1,-0.05,30.77,27.89,25.0,40,72,0.56,16.37,45.52,0.51,1.93,2026-05-21,2026-05-21 07:37:49
1413,宏洲,9.53,9.33,9.53,9.33,55.46,51.08,50.0,-0.07,-0.07,0.0,9.77,9.57,9.38,19,23,0.85,12.59,21.18,,,2026-05-21,2026-05-21 07:37:50
1414,東和,15.8,15.85,16.0,15.7,35.4,28.5,31.91,-0.38,-0.4,0.02,17.0,16.2,15.4,284,223,1.27,31.28,83.16,0.2,1.27,2026-05-21,2026-05-21 07:37:51
1416,廣豐,11.1,11.15,11.15,11.05,28.35,23.03,20.0,-0.12,-0.1,-0.02,11.58,11.29,10.99,187,245,0.76,20.57,13.7,0.56,5.05,2026-05-21,2026-05-21 07:37:52
1417,嘉裕,8.22,8.24,8.3,8.16,10.8,13.41,10.13,-0.19,-0.14,-0.05,9.19,8.63,8.06,76,117,0.65,15.61,13.26,,,2026-05-21,2026-05-21 07:37:53
1418,東華,17.9,17.9,17.9,17.65,11.13,16.31,17.5,-0.2,-0.1,-0.09,19.54,18.53,17.53,24,21,1.15,9.72,,,,2026-05-21,2026-05-21 07:37:54
1419,新紡,62.5,62.0,63.4,62.0,21.46,33.75,44.44,-0.1,0.07,-0.17,65.92,63.47,61.01,90,314,0.29,187.02,15.24,1.5,2.4,2026-05-21,2026-05-21 07:37:55
1423,利華,41.3,40.9,41.3,40.75,51.92,45.29,46.59,0.08,0.11,-0.03,42.34,41.09,39.85,37,28,1.33,41.15,9.54,0.8,1.94,2026-05-21,2026-05-21 07:37:57
1432,大魯閣,16.4,16.25,16.45,16.25,15.51,14.31,33.33,-0.25,-0.24,-0.0,17.05,16.61,16.17,134,206,0.65,17.71,2.72,,,2026-05-21,2026-05-21 07:37:58
1434,福懋,15.3,15.2,15.3,15.15,13.39,14.23,31.25,-0.33,-0.3,-0.04,16.36,15.68,15.01,985,1433,0.69,257.42,30.0,0.8,5.23,2026-05-21,2026-05-21 07:37:59
1435,中福,12.85,12.85,12.85,12.85,9.16,9.21,,-0.75,-0.93,0.19,14.27,13.13,11.99,0,0,,17.96,,,,2026-05-20,2026-05-21 07:38:00
1436,華友聯,45.5,45.0,45.85,44.5,16.94,15.01,7.62,-1.73,-1.5,-0.23,52.2,48.62,45.04,684,468,1.46,88.34,9.52,7.53,16.55,2026-05-21,2026-05-21 07:38:01
1437,勤益控,28.5,28.35,28.5,28.2,29.87,19.46,23.26,-0.57,-0.56,-0.02,30.48,29.08,27.68,217,147,1.47,57.53,11.88,1.83,6.42,2026-05-21,2026-05-21 07:38:02
1438,三地開發,20.5,20.3,20.6,20.3,47.86,43.71,35.4,-1.78,-1.93,0.15,26.18,21.94,17.69,60,65,0.92,22.8,12.42,,,2026-05-21,2026-05-21 07:38:03
1439,雋揚,25.65,25.5,26.2,25.4,33.14,29.61,36.36,-0.49,-0.45,-0.05,27.28,26.18,25.09,44,85,0.52,23.6,7.99,0.3,1.17,2026-05-21,2026-05-21 07:38:04
1440,南紡,11.4,11.4,11.45,11.35,8.65,7.59,6.9,-0.42,-0.33,-0.1,13.33,12.18,11.04,760,1729,0.44,188.88,54.29,0.3,2.63,2026-05-21,2026-05-21 07:38:05
1441,大東,9.39,9.3,9.48,9.3,6.95,6.58,17.65,-0.28,-0.18,-0.1,12.56,10.23,7.9,39,69,0.56,6.74,,,,2026-05-21,2026-05-21 07:38:06
1442,名軒,26.15,26.2,26.45,26.15,22.98,23.87,49.21,-0.32,-0.25,-0.07,28.38,26.88,25.38,410,371,1.1,95.76,8.66,4.5,17.21,2026-05-21,2026-05-21 07:38:07
1443,立益物流,26.45,26.25,26.5,26.25,51.45,65.46,82.21,0.83,0.64,0.2,29.32,24.53,19.75,17,22,0.76,35.8,23.41,,,2026-05-21,2026-05-21 07:38:08
1444,力麗,5.95,5.93,5.96,5.9,54.69,40.77,39.19,-0.1,-0.1,-0.0,6.3,6.03,5.75,841,995,0.85,58.57,21.25,,,2026-05-21,2026-05-21 07:38:09
1445,大宇,12.15,11.35,12.3,11.35,30.04,15.65,39.62,-0.31,-0.24,-0.07,13.46,12.32,11.19,160,79,2.02,15.88,,0.5,4.12,2026-05-21,2026-05-21 07:38:11
1446,宏和,15.55,15.55,15.7,15.55,44.97,30.91,43.59,-0.24,-0.26,0.02,16.21,15.61,15.0,114,131,0.87,21.41,9.6,2.0,12.86,2026-05-21,2026-05-21 07:38:12
1447,力鵬,5.9,5.89,5.97,5.81,83.76,67.44,89.57,0.15,0.04,0.12,5.89,5.19,4.49,2539,4471,0.57,49.77,16.39,,,2026-05-21,2026-05-21 07:38:13
1449,佳和,12.45,12.35,12.45,12.35,10.97,16.98,44.19,-0.24,-0.07,-0.17,14.29,13.13,11.97,461,821,0.56,15.83,103.75,,,2026-05-21,2026-05-21 07:38:14
1451,年興,16.7,16.7,16.85,16.65,31.81,43.75,51.61,-0.08,-0.08,-0.01,17.07,16.81,16.56,150,294,0.51,33.07,9.49,1.0,5.99,2026-05-21,2026-05-21 07:38:15
1452,宏益,10.5,10.55,10.6,10.5,12.4,8.72,5.0,-0.24,-0.18,-0.07,11.74,11.13,10.52,119,106,1.12,13.93,5.3,0.5,4.76,2026-05-21,2026-05-21 07:38:16
1453,大將,11.35,11.25,11.5,11.2,23.18,18.58,34.48,-0.25,-0.23,-0.02,12.24,11.61,10.98,63,57,1.11,12.85,283.75,,,2026-05-21,2026-05-21 07:38:17
1454,台富,12.7,13.1,13.1,12.7,18.63,21.53,26.56,-0.09,0.03,-0.13,14.55,13.51,12.48,42,50,0.83,15.51,,0.25,1.97,2026-05-21,2026-05-21 07:38:18
1455,集盛,8.18,8.2,8.23,8.1,73.63,55.83,52.38,-0.14,-0.16,0.02,8.59,8.2,7.82,329,595,0.55,43.49,11.36,,,2026-05-21,2026-05-21 07:38:19
1456,怡華,12.9,12.95,13.15,12.9,13.73,26.5,40.91,-0.23,-0.14,-0.09,14.53,13.55,12.58,26,24,1.08,12.09,3.79,,,2026-05-21,2026-05-21 07:38:20
1457,宜進,14.05,14.05,14.1,14.05,6.88,10.09,31.82,-0.19,-0.16,-0.03,14.82,14.38,13.95,106,129,0.83,32.81,11.91,1.0,7.12,2026-05-21,2026-05-21 07:38:21
1459,聯發,11.8,11.8,11.85,11.75,16.47,26.28,54.17,0.02,0.03,-0.01,12.08,11.81,11.55,45,92,0.49,37.46,8.49,0.2,1.69,2026-05-21,2026-05-21 07:38:22
1460,宏遠,6.98,7.04,7.04,6.94,32.37,41.19,50.0,0.01,0.02,-0.01,7.27,7.02,6.78,554,544,1.02,47.08,10.74,,,2026-05-21,2026-05-21 07:38:23
1463,強盛新,18.0,18.15,18.15,17.9,26.91,20.06,33.33,-0.05,0.01,-0.05,19.19,18.26,17.33,34,46,0.75,30.89,138.46,2.1,11.67,2026-05-21,2026-05-21 07:38:24
1464,得力,10.25,10.15,10.25,10.1,43.18,38.6,59.4,-0.06,-0.09,0.03,10.31,10.08,9.84,465,462,1.01,43.36,29.29,0.5,4.88,2026-05-21,2026-05-21 07:38:25
1465,偉全,12.05,12.05,12.1,12.0,28.5,23.13,47.06,-0.1,-0.08,-0.02,12.48,12.15,11.83,37,41,0.9,12.48,,0.6,4.98,2026-05-21,2026-05-21 07:38:26
1466,聚隆,14.7,14.7,14.7,14.5,21.31,18.64,27.78,-0.59,-0.53,-0.06,17.24,15.56,13.88,85,105,0.8,16.34,,,,2026-05-21,2026-05-21 07:38:28
1467,南緯,6.96,6.99,7.0,6.9,15.41,15.74,27.78,-0.06,-0.03,-0.03,7.69,7.2,6.7,211,285,0.74,16.05,,,,2026-05-21,2026-05-21 07:38:29
1468,昶和,11.9,11.7,11.9,11.7,32.1,44.49,43.48,-0.07,-0.02,-0.05,12.59,12.2,11.82,40,43,0.92,19.09,56.67,,,2026-05-21,2026-05-21 07:38:30
1470,大統新創,21.9,21.3,21.9,21.3,41.08,33.16,44.23,-0.26,-0.18,-0.08,23.23,22.16,21.08,6,74,0.08,18.78,28.08,0.65,2.97,2026-05-21,2026-05-21 07:38:31
1471,首利,10.5,10.5,10.7,10.3,22.68,14.63,33.33,-0.49,-0.44,-0.05,12.21,11.05,9.88,510,494,1.03,15.79,350.0,,,2026-05-21,2026-05-21 07:38:32
1472,三洋實業,88.8,89.5,90.0,88.8,10.59,15.24,43.48,-1.35,-1.21,-0.14,94.95,90.7,86.44,12,9,1.28,46.61,14.61,3.0,3.38,2026-05-20,2026-05-21 07:38:33
1473,台南,20.4,20.45,20.55,20.4,35.23,31.87,35.09,-0.7,-0.75,0.05,22.63,21.06,19.49,39,121,0.32,29.82,35.79,2.0,9.8,2026-05-21,2026-05-21 07:38:34
1474,弘裕,9.82,9.86,9.87,9.81,19.7,24.93,34.48,-0.06,-0.05,-0.01,10.1,9.98,9.86,159,94,1.69,12.76,29.76,0.4,4.07,2026-05-21,2026-05-21 07:38:35
1475,業旺,25.1,25.5,25.5,24.65,11.14,14.02,8.96,-0.6,-0.34,-0.26,28.96,27.17,25.37,71,68,1.04,16.57,9.23,1.5,5.98,2026-05-21,2026-05-21 07:38:36
1476,儒鴻,343.0,338.0,348.0,331.0,43.07,40.92,55.35,-3.15,-3.56,0.41,351.05,336.43,321.8,2247,1775,1.27,941.08,17.07,17.0,4.96,2026-05-21,2026-05-21 07:38:37
1477,聚陽,217.5,216.0,217.5,214.0,31.18,40.63,55.77,-4.33,-5.39,1.06,228.1,217.0,205.9,2327,2462,0.95,536.56,14.91,15.0,6.9,2026-05-21,2026-05-21 07:38:38
1503,士電,188.5,184.0,189.0,184.0,17.0,24.09,49.17,-2.02,-0.4,-1.62,208.36,193.95,179.54,1721,2082,0.83,982.03,30.11,4.5,2.39,2026-05-21,2026-05-21 07:38:39
1504,東元,71.1,69.6,71.5,69.6,37.68,44.45,67.47,1.44,1.4,0.04,77.19,67.83,58.46,9699,10543,0.92,1667.57,29.38,2.0,2.81,2026-05-21,2026-05-21 07:38:40
1506,正道,10.1,10.0,10.15,9.98,13.28,14.34,25.0,-0.28,-0.24,-0.04,11.32,10.55,9.78,208,178,1.17,30.34,168.33,,,2026-05-21,2026-05-21 07:38:41
1512,瑞利,6.96,7.1,7.1,6.84,33.3,25.5,24.0,-0.12,-0.11,-0.02,7.59,7.21,6.84,101,51,1.96,6.83,36.63,,,2026-05-21,2026-05-21 07:38:43
1513,中興電,154.5,150.0,154.5,150.0,33.42,30.65,59.38,-0.45,-0.15,-0.3,159.72,152.6,145.48,5690,4767,1.19,763.34,19.17,4.6,2.98,2026-05-21,2026-05-21 07:38:44
1514,亞力,118.0,114.5,119.0,114.5,23.73,27.25,60.0,1.04,1.65,-0.61,126.5,116.62,106.75,2851,2965,0.96,319.63,36.53,1.7,1.44,2026-05-21,2026-05-21 07:38:45
1515,力山,22.15,22.05,22.25,22.05,18.7,27.48,52.07,-0.32,-0.36,0.04,23.45,22.3,21.15,240,317,0.76,40.2,22.84,1.0,4.51,2026-05-21,2026-05-21 07:38:46
1516,川飛,21.0,22.25,22.25,20.95,42.7,56.64,43.28,0.12,0.14,-0.03,22.6,21.28,19.96,101,82,1.23,8.4,525.0,,,2026-05-21,2026-05-21 07:38:48
1517,利奇,10.05,10.05,10.15,10.0,9.77,9.0,31.58,-0.26,-0.28,0.02,10.65,10.23,9.81,151,211,0.72,22.11,1.52,0.2,1.99,2026-05-21,2026-05-21 07:38:49
1519,華城,800.0,787.0,804.0,785.0,13.44,19.39,33.94,-21.52,-8.65,-12.87,958.5,867.55,776.6,1446,2522,0.57,2527.05,57.39,9.0,1.12,2026-05-21,2026-05-21 07:38:50
1521,大億,24.25,24.25,24.6,24.25,9.57,20.01,40.32,-0.2,-0.13,-0.07,25.54,24.77,24.01,29,26,1.12,18.49,27.87,1.0,4.12,2026-05-21,2026-05-21 07:38:51
1522,堤維西,29.65,29.2,29.65,29.2,13.36,12.39,43.56,-1.04,-0.95,-0.08,33.36,30.95,28.53,617,954,0.65,92.5,17.24,3.0,10.12,2026-05-21,2026-05-21 07:38:52
1524,耿鼎,29.35,29.4,29.8,29.3,49.04,38.98,58.82,0.12,0.08,0.04,30.06,28.56,27.05,1461,919,1.59,48.52,15.05,1.4,4.77,2026-05-21,2026-05-21 07:38:53
1525,江申,59.0,59.0,59.0,57.9,23.98,22.56,19.72,-0.82,-0.5,-0.32,64.14,60.9,57.66,13,42,0.32,43.31,18.38,2.8,4.75,2026-05-21,2026-05-21 07:38:54
1526,日馳,14.6,14.6,14.8,14.3,16.83,11.11,12.77,-0.62,-0.55,-0.07,17.07,15.58,14.09,153,121,1.27,8.76,,,,2026-05-21,2026-05-21 07:38:56
1527,鑽全,32.9,32.6,33.05,32.6,62.96,49.11,59.52,-0.05,-0.08,0.04,32.83,32.48,32.12,330,245,1.35,45.59,21.64,2.2,6.69,2026-05-21,2026-05-21 07:38:57
1528,恩德,25.75,25.5,26.35,25.45,34.64,28.77,33.15,-0.25,0.03,-0.28,29.19,26.56,23.92,3712,4669,0.8,49.27,,0.1,0.39,2026-05-21,2026-05-21 07:38:58
1529,樂事綠能,20.75,20.5,20.85,20.45,19.48,17.73,41.74,-0.86,-0.76,-0.1,23.71,21.77,19.83,434,740,0.59,32.18,20.54,0.2,0.96,2026-05-21,2026-05-21 07:38:59
1530,亞崴,27.8,27.4,28.45,27.35,84.13,79.77,70.77,0.1,-0.06,0.16,27.58,26.63,25.67,71,55,1.29,26.3,46.33,1.53,5.5,2026-05-21,2026-05-21 07:39:00
1531,高林股,12.55,12.5,12.6,12.45,20.42,20.28,34.62,-0.14,-0.08,-0.06,13.36,12.79,12.22,104,110,0.95,22.85,13.35,0.4,3.19,2026-05-21,2026-05-21 07:39:01
1532,勤美,20.7,20.55,20.85,20.55,44.82,38.85,47.06,-0.32,-0.4,0.08,21.21,20.69,20.17,266,750,0.36,86.17,21.12,1.73,8.36,2026-05-21,2026-05-21 07:39:02
1533,車王電,39.85,38.05,39.9,37.6,79.75,68.26,92.0,1.57,1.07,0.5,38.14,33.76,29.39,1999,1141,1.75,39.27,68.71,,,2026-05-21,2026-05-21 07:39:03
1535,中宇,49.5,49.2,49.8,49.2,16.93,13.09,28.79,-0.58,-0.51,-0.08,51.7,50.18,48.66,36,47,0.77,61.25,12.41,3.0,6.06,2026-05-21,2026-05-21 07:39:04
1536,和大,50.2,49.55,50.6,48.9,21.01,23.54,47.12,-0.51,-0.07,-0.44,56.82,51.92,47.03,2291,3295,0.7,140.04,92.96,0.8,1.59,2026-05-21,2026-05-21 07:39:05
1537,廣隆,125.5,124.5,125.5,124.5,71.69,73.95,60.87,0.52,0.34,0.18,127.11,123.97,120.84,43,64,0.67,102.99,15.83,10.5,8.37,2026-05-21,2026-05-21 07:39:06
1538,正峰,12.4,12.4,12.4,12.4,73.77,59.88,22.73,-0.56,-0.67,0.12,14.2,12.8,11.4,0,2,0.0,4.01,,,,2026-05-20,2026-05-21 07:39:07
1539,巨庭,15.5,15.5,15.55,15.45,38.53,26.75,15.79,-0.27,-0.27,-0.01,16.43,15.82,15.2,48,66,0.72,10.13,73.81,0.85,5.48,2026-05-21,2026-05-21 07:39:09
1540,喬福,20.95,20.75,21.15,20.75,37.68,32.99,50.0,-0.25,-0.3,0.05,21.49,20.87,20.24,113,240,0.47,17.91,18.87,1.6,7.64,2026-05-21,2026-05-21 07:39:10
1541,錩泰,20.75,20.85,21.45,20.45,20.23,14.77,17.35,-1.17,-0.93,-0.24,25.79,22.72,19.65,27,65,0.42,16.35,8.98,0.5,2.41,2026-05-21,2026-05-21 07:39:11
1558,伸興,90.3,90.6,90.7,90.0,32.61,31.09,35.82,-0.67,-0.63,-0.04,92.51,91.0,89.49,24,65,0.38,58.28,16.42,6.0,6.64,2026-05-21,2026-05-21 07:39:12
1560,中砂,669.0,640.0,669.0,634.0,68.6,69.13,71.15,37.4,34.93,2.48,697.29,590.95,484.61,2371,2072,1.14,996.31,73.76,3.99,0.6,2026-05-21,2026-05-21 07:39:13
1563,巧新,45.7,45.3,45.75,44.6,71.11,72.9,81.48,0.89,0.62,0.28,46.69,43.16,39.63,773,648,1.19,99.21,32.18,2.27,4.97,2026-05-21,2026-05-21 07:39:14
1565,精華,96.5,95.1,97.2,95.1,24.27,15.34,25.0,-2.8,-2.31,-0.49,108.32,100.02,91.72,238,237,1.0,48.65,10.83,9.5,9.84,2026-05-21,2026-05-21 07:39:16
1568,倉佑,28.45,28.35,28.5,28.05,29.57,25.22,49.64,0.67,0.99,-0.31,30.04,28.7,27.36,218,237,0.92,29.33,20.92,1.0,3.51,2026-05-21,2026-05-21 07:39:17
1569,濱川,50.9,51.0,51.3,50.2,6.59,9.08,32.49,-1.19,-0.13,-1.06,65.84,56.65,47.47,715,812,0.88,73.42,,,,2026-05-21,2026-05-21 07:39:18
1570,力肯,39.6,38.95,41.6,38.65,40.49,44.8,59.7,1.1,1.33,-0.23,40.21,38.47,36.73,564,309,1.82,20.39,67.12,1.3,3.28,2026-05-21,2026-05-21 07:39:20
1580,新麥,122.5,122.5,123.0,122.0,36.65,36.37,46.15,-1.05,-1.21,0.16,124.49,122.7,120.91,23,52,0.46,60.44,9.79,9.16,7.48,2026-05-21,2026-05-21 07:39:22
1582,信錦,117.5,117.0,117.5,115.0,80.86,69.55,73.57,4.15,1.47,2.68,114.07,95.62,77.17,6214,19282,0.32,169.52,34.26,5.5,4.68,2026-05-21,2026-05-21 07:39:23
1583,程泰,47.1,47.45,47.6,47.1,25.75,35.79,52.16,0.38,0.52,-0.15,49.24,47.61,45.98,44,58,0.77,51.53,12.23,3.03,6.43,2026-05-21,2026-05-21 07:39:24
1584,精剛,19.65,19.7,19.7,19.5,21.07,23.73,51.16,-0.41,-0.45,0.04,20.44,19.91,19.38,542,605,0.9,44.2,44.66,0.7,3.56,2026-05-21,2026-05-21 07:39:25
1586,和勤,23.05,22.85,23.05,22.6,91.18,77.26,80.0,0.01,-0.18,0.19,22.92,22.01,21.11,352,263,1.34,23.35,10.53,0.3,1.3,2026-05-21,2026-05-21 07:39:27
1587,吉茂,28.3,28.0,28.6,28.0,9.7,10.07,27.03,-1.86,-1.69,-0.17,35.01,30.95,26.89,175,318,0.55,22.66,76.49,0.5,1.77,2026-05-21,2026-05-21 07:39:28
1589,永冠-KY,5.54,5.54,5.54,5.54,0.51,0.51,,-0.28,-0.4,0.12,5.54,5.54,5.54,0,0,,8.48,1.21,,,2026-05-20,2026-05-21 07:39:29
1590,亞德客-KY,1420.0,1395.0,1450.0,1390.0,19.08,30.0,44.62,55.82,77.14,-21.32,1549.79,1452.0,1354.21,545,783,0.7,2840.0,33.8,29.11,2.05,2026-05-21,2026-05-21 07:39:30
1591,駿吉-KY,34.4,34.4,34.4,34.4,2.55,8.48,7.76,-3.8,-0.21,-3.59,76.66,57.06,37.47,594,650,0.91,13.09,,,,2026-05-21,2026-05-21 07:39:32
1593,祺驊,31.4,31.1,31.5,31.05,33.0,35.67,50.83,-0.4,-0.42,0.02,32.79,31.66,30.53,29,35,0.82,12.49,14.4,1.6,5.1,2026-05-21,2026-05-21 07:39:34
1595,川寶,97.5,90.4,97.5,89.2,63.98,58.93,70.02,9.87,10.49,-0.62,108.06,83.11,58.16,1257,766,1.64,52.62,,0.5,0.51,2026-05-21,2026-05-21 07:39:35
1597,直得,166.5,177.5,180.5,162.5,35.4,55.63,61.17,17.85,20.25,-2.4,218.1,160.4,102.7,6792,2581,2.63,145.29,182.97,0.7,0.42,2026-05-21,2026-05-21 07:39:36
1598,岱宇,20.15,20.2,20.4,20.15,12.56,18.32,42.7,0.03,0.14,-0.11,21.81,20.51,19.22,124,151,0.82,32.93,2.45,0.5,2.48,2026-05-21,2026-05-21 07:39:37
1599,宏佳騰,23.6,24.0,24.0,23.4,30.53,25.09,10.26,-0.51,-0.42,-0.08,25.85,24.53,23.21,48,52,0.92,17.0,,0.51,2.16,2026-05-21,2026-05-21 07:39:38
1603,華電,30.4,30.0,30.4,29.3,20.61,23.12,39.29,-0.79,-0.6,-0.19,33.75,31.51,29.28,430,736,0.59,48.29,9.33,1.5,4.93,2026-05-21,2026-05-21 07:39:39
1604,聲寶,23.2,23.05,23.2,23.0,82.09,62.82,65.0,-0.08,-0.13,0.05,23.3,22.95,22.61,382,294,1.3,86.71,13.65,1.5,6.47,2026-05-21,2026-05-21 07:39:40
1605,華新,35.5,33.7,36.3,33.7,48.55,53.82,67.2,0.74,0.65,0.09,37.25,33.0,28.76,61891,38651,1.6,1573.12,47.33,0.5,1.41,2026-05-21,2026-05-21 07:39:41
1608,華榮,32.8,32.35,33.1,32.15,26.35,24.37,50.67,-0.27,-0.09,-0.17,34.67,32.94,31.21,3296,2448,1.35,139.14,5.99,1.0,3.05,2026-05-21,2026-05-21 07:39:43
1609,大亞,35.05,34.25,35.3,34.25,39.63,38.46,64.62,0.14,0.06,0.08,36.24,33.69,31.14,5628,3984,1.41,274.42,21.77,0.75,2.14,2026-05-21,2026-05-21 07:39:44
1611,中電,11.3,11.2,11.4,11.2,20.64,17.72,29.03,-0.26,-0.22,-0.04,12.32,11.64,10.96,525,499,1.05,36.47,376.67,0.8,7.08,2026-05-21,2026-05-21 07:39:45
1612,宏泰,36.6,36.15,37.05,36.0,36.72,37.71,58.88,0.18,0.25,-0.08,37.56,36.09,34.62,922,643,1.43,115.69,13.31,2.1,5.74,2026-05-21,2026-05-21 07:39:46
1614,三洋電,30.8,30.55,30.95,30.55,15.74,14.15,26.67,-0.38,-0.29,-0.1,32.64,31.57,30.5,42,71,0.59,79.75,32.08,0.58,1.88,2026-05-21,2026-05-21 07:39:47
1615,大山,43.0,43.15,43.25,42.9,9.32,6.84,28.23,-0.94,-0.72,-0.22,47.76,44.75,41.73,115,122,0.94,84.57,9.0,2.0,4.65,2026-05-21,2026-05-21 07:39:48
1616,億泰,21.85,21.75,21.9,21.5,38.0,27.67,47.37,-0.66,-0.67,0.01,23.37,21.94,20.51,671,608,1.1,41.4,14.1,1.8,8.24,2026-05-21,2026-05-21 07:39:49
1617,榮星,14.55,14.5,14.75,14.5,28.08,26.08,40.0,-0.22,-0.15,-0.07,15.68,14.9,14.12,152,157,0.97,22.96,21.4,0.5,3.44,2026-05-21,2026-05-21 07:39:50
1618,合機,39.0,38.8,39.2,38.6,28.97,19.23,55.21,-0.38,-0.44,0.06,39.87,38.75,37.64,501,445,1.12,75.15,9.33,1.5,3.85,2026-05-21,2026-05-21 07:39:52
1623,大東電,222.0,220.0,224.0,218.5,12.51,15.75,37.86,1.87,5.96,-4.09,256.72,235.15,213.58,83,181,0.46,146.52,16.32,8.0,3.6,2026-05-21,2026-05-21 07:39:53
1626,艾美特-KY,9.93,10.05,10.15,9.93,2.98,6.63,10.11,-0.22,-0.08,-0.14,11.73,10.69,9.64,71,66,1.08,14.88,,,,2026-05-21,2026-05-21 07:39:54
1702,南僑,33.35,33.0,33.4,32.9,31.86,20.56,27.27,-0.82,-0.73,-0.09,36.44,34.27,32.1,352,568,0.62,82.74,29.78,1.6,4.8,2026-05-21,2026-05-21 07:39:55
1707,葡萄王,104.0,104.0,104.0,102.0,10.05,9.63,13.04,-3.45,-2.78,-0.67,118.67,110.9,103.13,530,357,1.48,154.06,12.73,6.0,5.77,2026-05-21,2026-05-21 07:39:56
1708,東鹼,39.7,39.5,39.9,39.45,43.4,48.11,42.16,-0.17,-0.11,-0.06,43.16,40.3,37.43,1508,1992,0.76,98.85,12.22,1.6,4.03,2026-05-21,2026-05-21 07:39:57
1709,和益,18.4,18.35,18.5,18.25,35.58,28.23,44.19,-0.06,0.01,-0.06,19.1,18.52,17.94,434,719,0.6,87.77,14.96,0.8,4.35,2026-05-21,2026-05-21 07:39:58
1710,東聯,13.1,12.75,13.15,12.6,61.0,34.33,51.32,-0.34,-0.43,0.09,13.79,12.56,11.32,10997,6138,1.79,114.89,13.65,,,2026-05-21,2026-05-21 07:39:59
1711,永光,49.7,48.05,51.0,48.05,15.84,16.84,35.83,0.79,2.5,-1.71,63.21,54.14,45.06,15342,18830,0.81,272.23,,0.3,0.6,2026-05-21,2026-05-21 07:40:00
1712,興農,40.2,40.6,40.75,40.2,3.9,9.87,16.67,-0.65,-0.54,-0.11,43.05,41.62,40.19,1337,833,1.6,169.04,15.46,2.5,6.22,2026-05-21,2026-05-21 07:40:01
1713,國化,47.95,47.5,48.0,47.5,54.13,49.89,66.34,0.07,0.01,0.06,48.1,47.13,46.16,154,185,0.83,72.38,12.45,7.5,15.64,2026-05-21,2026-05-21 07:40:03
1714,和桐,9.8,9.54,9.81,9.54,46.14,52.71,57.69,0.03,0.01,0.01,10.23,9.62,9.01,3166,3716,0.85,96.2,19.6,0.21,2.14,2026-05-21,2026-05-21 07:40:04
1717,長興,79.7,73.5,79.9,73.5,36.68,35.73,51.48,1.09,2.06,-0.97,83.56,78.3,73.05,58542,39479,1.48,934.28,56.52,1.0,1.25,2026-05-21,2026-05-21 07:40:05
1718,中纖,6.47,6.43,6.52,6.43,39.1,44.06,47.65,-0.14,-0.16,0.02,6.77,6.53,6.29,2511,3347,0.75,86.32,71.89,,,2026-05-21,2026-05-21 07:40:06
1720,生達,62.4,62.2,62.4,62.0,61.22,53.08,67.5,-0.12,-0.3,0.18,62.14,61.3,60.47,180,223,0.81,111.51,12.05,2.8,4.49,2026-05-21,2026-05-21 07:40:07
1721,三晃,29.9,28.0,30.8,28.0,33.56,46.88,62.84,2.17,2.59,-0.43,35.03,28.78,22.53,9101,6782,1.34,55.28,,,,2026-05-21,2026-05-21 07:40:08
1722,台肥,46.25,45.85,46.4,45.7,25.66,20.44,21.29,-0.07,0.06,-0.13,49.62,46.45,43.28,1805,3280,0.55,453.25,48.68,2.0,4.32,2026-05-21,2026-05-21 07:40:09
1723,中碳,81.4,80.3,81.6,80.1,52.24,46.72,62.4,0.25,0.25,0.0,81.94,79.37,76.79,879,663,1.33,188.97,30.72,4.5,5.53,2026-05-21,2026-05-21 07:40:10
1725,元禎,31.0,30.95,31.4,30.55,19.55,21.53,50.0,-0.05,0.13,-0.18,32.77,31.32,29.86,129,120,1.08,56.37,20.26,1.25,4.03,2026-05-21,2026-05-21 07:40:11
1726,永記,77.0,77.1,77.2,76.8,43.53,46.72,65.22,0.26,0.18,0.07,77.25,76.28,75.3,101,44,2.29,124.74,14.03,3.6,4.68,2026-05-21,2026-05-21 07:40:12
1727,中華化,93.0,85.2,93.0,85.1,81.44,75.02,65.42,7.25,6.81,0.44,93.04,79.69,66.35,23461,23180,1.01,119.06,2325.0,0.5,0.54,2026-05-21,2026-05-21 07:40:13
1730,花仙子,52.9,53.1,53.3,52.9,42.46,36.28,62.5,0.02,-0.01,0.03,53.05,52.69,52.33,40,33,1.2,33.45,11.76,3.0,5.67,2026-05-21,2026-05-21 07:40:15
1731,美吾華,21.6,21.55,21.65,21.55,34.45,27.51,47.06,-0.05,-0.05,-0.0,21.82,21.65,21.48,85,94,0.91,28.71,15.88,1.2,5.56,2026-05-21,2026-05-21 07:40:16
1732,毛寶,26.6,26.75,26.75,26.3,39.07,38.44,60.81,0.14,0.08,0.06,27.18,26.23,25.29,265,482,0.55,11.29,38.55,0.5,1.88,2026-05-21,2026-05-21 07:40:18
1733,五鼎,29.45,29.85,30.2,29.4,70.97,65.5,65.52,0.02,-0.14,0.17,29.58,28.72,27.86,199,192,1.04,29.44,18.18,1.2,4.07,2026-05-21,2026-05-21 07:40:19
1734,杏輝,30.8,30.65,30.85,30.55,65.12,51.37,33.33,-0.23,-0.18,-0.05,32.12,31.09,30.07,338,308,1.1,58.58,16.04,0.95,3.08,2026-05-21,2026-05-21 07:40:20
1735,日勝化,26.4,25.5,27.3,25.4,24.11,23.1,45.88,-0.23,0.02,-0.25,29.01,26.69,24.36,938,555,1.69,26.24,33.85,0.8,3.03,2026-05-21,2026-05-21 07:40:21
1736,喬山,122.0,126.0,127.0,122.0,57.05,47.47,50.0,-0.15,-0.43,0.28,133.62,122.5,111.38,421,642,0.66,370.14,13.47,,,2026-05-21,2026-05-21 07:40:22
1737,臺鹽,31.5,31.5,31.6,31.45,36.61,31.45,31.58,-0.09,-0.08,-0.01,31.8,31.57,31.34,86,82,1.05,63.0,15.83,1.3,4.13,2026-05-21,2026-05-21 07:40:23
1742,台蠟,15.0,15.7,15.7,15.0,14.19,21.01,31.25,-0.28,-0.25,-0.03,16.17,15.54,14.9,26,22,1.15,13.9,,,,2026-05-21,2026-05-21 07:40:25
1752,南光,32.75,32.95,33.0,32.7,16.32,13.76,34.69,-0.71,-0.69,-0.02,34.88,33.49,32.1,125,88,1.42,33.07,13.59,1.6,4.89,2026-05-21,2026-05-21 07:40:26
1760,寶齡富錦,61.8,61.9,62.2,61.6,17.6,12.35,26.12,-0.81,-0.35,-0.46,69.34,64.08,58.83,95,151,0.63,52.99,27.96,1.8,2.91,2026-05-21,2026-05-21 07:40:27
1762,中化生,37.75,38.9,39.4,37.65,59.59,63.89,68.7,2.44,2.06,0.38,42.3,33.23,24.17,875,715,1.22,29.04,83.89,0.19,0.5,2026-05-21,2026-05-21 07:40:28
1773,勝一,177.0,168.0,178.0,167.0,36.03,35.56,58.77,3.25,4.8,-1.55,183.46,173.8,164.14,2046,1313,1.56,531.0,26.07,2.5,1.41,2026-05-21,2026-05-21 07:40:29
1776,展宇,18.15,17.95,18.5,17.95,42.09,48.78,64.6,0.52,0.46,0.07,18.85,17.17,15.49,196,888,0.22,10.91,67.22,0.6,3.31,2026-05-21,2026-05-21 07:40:30
1777,生泰,71.4,71.9,71.9,71.3,64.84,60.78,54.72,-0.03,-0.1,0.07,71.71,71.03,70.35,12,18,0.65,31.84,12.21,5.3,7.42,2026-05-21,2026-05-21 07:40:32
1781,合世,10.55,10.45,10.65,10.45,33.22,21.47,41.38,-0.32,-0.33,0.01,11.28,10.74,10.19,44,38,1.15,5.0,,,,2026-05-21,2026-05-21 07:40:33
1783,和康生,39.1,38.95,39.1,38.5,47.9,41.53,52.33,-0.67,-0.81,0.14,40.08,39.07,38.06,78,86,0.91,35.06,13.3,0.83,2.12,2026-05-21,2026-05-21 07:40:35
1784,訊聯,71.3,70.8,72.2,70.6,17.83,22.17,39.5,-2.27,-2.34,0.07,77.52,73.49,69.47,136,220,0.62,37.41,69.9,0.87,1.22,2026-05-21,2026-05-21 07:40:37
1785,光洋科,142.5,142.0,145.5,139.0,13.89,18.14,38.38,4.01,9.33,-5.32,181.73,156.68,131.62,15325,20200,0.76,849.27,45.53,2.0,1.4,2026-05-21,2026-05-21 07:40:38
1786,科妍,59.5,58.6,59.7,58.2,73.15,61.1,54.95,-0.63,-1.25,0.62,62.32,57.5,52.68,320,1030,0.31,44.52,27.29,1.91,3.21,2026-05-21,2026-05-21 07:40:40
1788,杏昌,135.5,135.5,135.5,135.5,63.5,57.25,40.0,-0.2,-0.27,0.07,136.17,135.45,134.73,21,19,1.06,60.33,16.38,7.0,5.17,2026-05-21,2026-05-21 07:40:41
1789,神隆,19.35,19.1,19.5,19.1,28.34,19.91,32.08,-0.52,-0.5,-0.02,21.06,19.8,18.54,548,518,1.06,153.01,113.82,0.35,1.81,2026-05-21,2026-05-21 07:40:42
1795,美時,198.5,194.5,200.0,194.0,13.49,14.59,35.67,-9.88,-7.4,-2.48,246.32,214.4,182.48,2297,2626,0.87,521.68,11.0,5.78,2.91,2026-05-21,2026-05-21 07:40:44
1796,金穎生技,35.7,36.2,36.2,35.5,25.38,22.84,40.09,-0.81,-0.72,-0.09,39.94,37.37,34.8,32,46,0.69,14.8,51.0,,,2026-05-21,2026-05-21 07:40:45
1799,易威,34.35,34.55,35.2,33.9,7.92,10.47,35.27,-1.01,-0.65,-0.36,40.4,37.01,33.62,186,107,1.74,42.83,,,,2026-05-21,2026-05-21 07:40:46
1802,台玻,65.1,65.0,67.6,65.0,24.26,26.43,45.85,0.44,1.44,-1.01,72.94,67.45,61.97,47583,56758,0.84,1893.15,19.38,,,2026-05-21,2026-05-21 07:40:47
1805,寶徠,10.1,10.2,10.2,10.05,14.39,20.26,22.22,-0.18,-0.14,-0.03,10.98,10.48,9.98,141,132,1.07,13.63,50.5,,,2026-05-21,2026-05-21 07:40:48
1806,冠軍,8.07,8.04,8.19,8.04,13.55,11.2,16.46,-0.11,-0.09,-0.01,8.74,8.25,7.75,315,283,1.11,31.19,27.83,1.0,12.39,2026-05-21,2026-05-21 07:40:49
1808,潤隆,29.45,29.35,29.45,29.0,35.0,33.74,61.54,-0.23,-0.35,0.12,30.56,29.13,27.69,1293,1052,1.23,263.0,21.65,2.22,7.54,2026-05-21,2026-05-21 07:40:50
1809,中釉,39.2,39.05,39.95,39.05,53.28,60.98,84.44,3.18,2.86,0.31,45.22,33.52,21.83,1977,2264,0.87,65.48,206.32,0.25,0.64,2026-05-21,2026-05-21 07:40:52
1810,和成,19.15,18.5,19.2,18.5,57.78,48.65,71.6,0.24,0.19,0.05,19.35,18.22,17.1,2700,2059,1.31,57.81,383.0,0.19,0.99,2026-05-21,2026-05-21 07:40:53
1813,寶利徠,12.15,12.15,12.2,12.15,30.66,34.11,43.48,-0.22,-0.24,0.02,12.58,12.3,12.02,10,33,0.31,5.67,,,,2026-05-21,2026-05-21 07:40:54
1815,富喬,101.5,102.0,105.0,101.5,19.14,18.21,40.54,-2.15,-0.91,-1.23,116.18,107.6,99.02,12679,18739,0.68,593.05,61.89,,,2026-05-21,2026-05-21 07:40:56
1817,凱撒衛,39.8,39.5,39.9,39.45,37.57,44.78,63.33,0.27,0.16,0.11,40.15,38.99,37.83,18,128,0.14,28.89,11.09,2.4,6.03,2026-05-21,2026-05-21 07:40:57
1903,士紙,48.05,47.85,48.1,47.7,16.87,20.04,34.09,-0.56,-0.48,-0.08,50.36,48.83,47.31,118,240,0.49,124.95,37.25,,,2026-05-21,2026-05-21 07:40:58
1904,正隆,18.85,18.6,18.9,18.35,47.18,51.85,61.06,0.15,0.05,0.1,19.94,18.27,16.59,1423,3581,0.4,208.91,25.47,0.45,2.39,2026-05-21,2026-05-21 07:40:59
1905,華紙,12.1,11.85,12.2,11.75,18.66,11.28,27.5,-0.46,-0.4,-0.05,13.82,12.6,11.37,2946,3576,0.82,133.44,,,,2026-05-21,2026-05-21 07:41:00
1906,寶隆,10.45,10.45,10.55,10.4,8.25,7.67,13.64,-0.31,-0.26,-0.05,11.73,11.0,10.26,125,79,1.58,15.78,1045.0,0.1,0.96,2026-05-21,2026-05-21 07:41:01
1907,永豐餘,24.75,24.3,24.85,24.3,41.69,46.76,64.56,-0.14,-0.25,0.11,24.87,24.14,23.4,842,1761,0.48,410.94,20.8,0.8,3.23,2026-05-21,2026-05-21 07:41:02
1909,榮成,9.02,8.9,9.02,8.9,34.09,39.69,48.45,-0.13,-0.14,0.01,9.27,9.08,8.88,1864,2335,0.8,117.2,,,,2026-05-21,2026-05-21 07:41:03
2002,中鋼,18.2,18.3,18.3,18.1,13.65,13.64,29.63,-0.35,-0.32,-0.03,19.21,18.58,17.95,30019,32001,0.94,2780.96,46.25,0.33,1.81,2026-05-21,2026-05-21 07:41:04
2006,東和鋼鐵,65.5,66.1,66.1,65.4,21.89,22.56,51.76,-1.13,-1.11,-0.02,68.6,66.47,64.34,917,1367,0.67,478.29,10.17,4.3,6.56,2026-05-21,2026-05-21 07:41:05
2007,燁興,7.0,6.93,7.14,6.93,12.48,9.65,18.92,-0.25,-0.23,-0.02,7.79,7.29,6.79,303,333,0.91,37.15,,,,2026-05-21,2026-05-21 07:41:06
2008,高興昌,27.85,27.5,27.85,27.5,49.67,41.5,56.14,-0.0,-0.04,0.03,28.12,27.7,27.29,30,18,1.59,53.15,40.96,0.5,1.8,2026-05-21,2026-05-21 07:41:07
2009,第一銅,38.8,38.2,38.9,38.15,22.07,30.81,55.65,-0.4,-0.42,0.02,40.89,38.64,36.39,1342,1820,0.74,139.53,114.12,0.5,1.29,2026-05-21,2026-05-21 07:41:09
2010,春源,22.5,22.4,22.5,22.25,12.03,12.81,20.78,-0.6,-0.4,-0.19,25.81,23.79,21.76,1022,1542,0.66,145.72,9.7,1.3,5.78,2026-05-21,2026-05-21 07:41:10
2012,春雨,14.25,14.35,14.4,14.25,6.4,14.38,34.48,-0.31,-0.27,-0.04,15.37,14.84,14.3,89,81,1.09,39.72,79.17,1.0,7.02,2026-05-21,2026-05-21 07:41:11
2013,中鋼構,42.15,41.95,42.3,41.95,20.35,19.5,38.89,-0.4,-0.35,-0.06,43.35,42.55,41.75,75,94,0.8,84.3,13.25,2.0,4.74,2026-05-21,2026-05-21 07:41:12
2014,中鴻,17.25,17.4,17.4,17.0,15.93,23.53,44.07,-0.24,-0.17,-0.07,18.41,17.58,16.74,3970,3792,1.05,247.63,50.74,,,2026-05-21,2026-05-21 07:41:13
2015,豐興,62.4,61.9,62.4,61.8,37.07,47.38,57.43,-0.06,-0.09,0.03,64.14,62.08,60.02,155,247,0.63,362.92,16.21,3.3,5.29,2026-05-21,2026-05-21 07:41:14
2017,官田鋼,8.55,8.59,8.6,8.51,15.66,21.85,47.29,-0.21,-0.2,-0.0,9.08,8.72,8.37,303,517,0.59,36.52,,,,2026-05-21,2026-05-21 07:41:15
2020,美亞,21.45,21.35,21.5,21.35,21.0,21.43,34.09,-0.35,-0.29,-0.05,22.62,21.86,21.1,164,364,0.45,57.28,10.07,1.8,8.39,2026-05-21,2026-05-21 07:41:16
2022,聚亨,7.56,7.52,7.59,7.5,12.56,20.9,31.08,-0.28,-0.25,-0.03,8.5,7.98,7.46,462,802,0.58,25.49,,,,2026-05-21,2026-05-21 07:41:17
2023,燁輝,13.65,13.6,13.75,13.55,25.24,25.34,39.39,-0.14,-0.11,-0.03,14.32,13.94,13.56,1100,2695,0.41,251.33,35.92,,,2026-05-21,2026-05-21 07:41:19
2024,志聯,14.15,13.8,14.3,13.8,56.48,39.94,50.7,-0.23,-0.28,0.05,14.58,13.88,13.18,40,22,1.78,13.8,,,,2026-05-21,2026-05-21 07:41:20
2025,千興,11.65,11.95,11.95,11.55,33.75,43.68,55.77,0.07,0.07,0.0,12.52,11.56,10.61,141,276,0.51,20.11,,,,2026-05-21,2026-05-21 07:41:21
2027,大成鋼,42.35,41.35,42.45,40.85,78.59,70.32,75.14,0.92,0.62,0.3,41.98,38.8,35.63,34855,38434,0.91,996.17,14.76,1.1,2.6,2026-05-21,2026-05-21 07:41:22
2028,威致,16.95,17.05,17.2,16.85,42.53,27.28,40.35,-0.4,-0.41,0.0,18.26,17.19,16.12,121,224,0.54,54.92,60.54,0.6,3.54,2026-05-21,2026-05-21 07:41:23
2029,盛餘,20.45,20.35,20.45,20.2,48.02,43.59,55.32,-0.05,-0.09,0.04,20.51,20.23,19.95,120,226,0.53,65.68,27.64,1.25,6.11,2026-05-21,2026-05-21 07:41:24
2030,彰源,17.35,17.3,17.45,17.0,45.02,53.97,65.56,0.32,0.29,0.03,18.41,16.65,14.9,852,1225,0.7,47.88,49.57,0.71,4.09,2026-05-21,2026-05-21 07:41:25
2031,新光鋼,38.35,38.2,38.55,38.2,11.93,14.53,24.44,-0.48,-0.33,-0.15,41.17,39.27,37.37,941,803,1.17,123.16,11.69,2.5,6.52,2026-05-21,2026-05-21 07:41:26
2032,新鋼,16.6,16.5,16.6,16.3,27.48,38.17,55.77,0.14,0.17,-0.03,17.67,16.32,14.96,342,418,0.82,21.67,29.64,0.5,3.01,2026-05-21,2026-05-21 07:41:27
2033,佳大,15.15,15.15,15.15,15.0,66.8,46.38,37.93,-0.28,-0.28,-0.01,16.34,15.39,14.44,100,111,0.9,12.23,43.29,0.2,1.32,2026-05-21,2026-05-21 07:41:28
2034,允強,19.95,19.9,20.0,19.75,13.74,14.58,31.51,-0.25,-0.11,-0.14,21.96,20.56,19.15,725,1136,0.64,105.53,99.75,1.0,5.01,2026-05-21,2026-05-21 07:41:29
2035,唐榮,28.45,27.7,28.45,27.7,85.74,82.03,51.58,0.02,-0.02,0.04,28.67,28.05,27.43,14,15,0.93,99.57,,,,2026-05-21,2026-05-21 07:41:31
2038,海光,13.4,13.4,13.5,13.3,12.12,10.68,32.5,-0.43,-0.4,-0.02,14.59,13.84,13.08,241,260,0.93,26.01,,,,2026-05-21,2026-05-21 07:41:32
2049,上銀,373.5,364.0,378.0,362.5,70.95,76.73,71.18,27.3,26.29,1.01,403.25,337.12,271.0,5583,8013,0.7,1321.41,86.66,2.4,0.64,2026-05-21,2026-05-21 07:41:33
2059,川湖,4895.0,4880.0,4950.0,4690.0,32.11,45.43,65.76,299.24,350.04,-50.8,5717.6,4542.0,3366.4,243,270,0.9,4664.79,48.56,32.2,0.66,2026-05-21,2026-05-21 07:41:34
2061,風青,24.5,24.5,24.5,23.65,72.51,64.8,79.77,1.43,1.19,0.24,24.48,20.47,16.45,7529,1992,3.78,14.06,,,,2026-05-21,2026-05-21 07:41:35
2062,橋椿,18.6,18.6,18.8,18.5,6.67,8.17,14.29,-0.69,-0.45,-0.24,22.49,20.33,18.17,603,558,1.08,37.2,47.69,1.8,9.68,2026-05-21,2026-05-21 07:41:36
2063,世鎧,25.1,25.3,25.3,25.0,29.17,34.14,40.91,-0.38,-0.37,-0.01,26.27,25.57,24.87,9,12,0.81,12.07,16.3,8.0,31.87,2026-05-21,2026-05-21 07:41:38
2064,晉椿,13.25,13.1,13.25,12.8,72.1,65.2,81.13,0.34,0.26,0.08,13.63,12.35,11.06,45,23,1.97,9.23,,,,2026-05-21,2026-05-21 07:41:39
2065,世豐,34.5,33.75,34.65,33.55,88.16,81.31,84.71,1.07,0.62,0.45,35.24,30.91,26.58,130,108,1.2,21.91,31.08,1.5,4.35,2026-05-21,2026-05-21 07:41:40
2066,世德,56.4,55.6,56.8,55.2,76.1,76.09,67.37,2.35,1.16,1.19,60.37,49.59,38.81,126,384,0.33,24.92,42.41,3.02,5.35,2026-05-21,2026-05-21 07:41:42
2067,嘉鋼,6.87,6.88,6.88,6.8,24.19,27.08,41.96,-0.2,-0.21,0.02,7.66,7.04,6.41,10,16,0.6,3.1,,,,2026-05-21,2026-05-21 07:41:43
2069,運錩,19.4,19.55,19.6,19.3,27.37,40.4,58.11,0.21,0.23,-0.03,20.42,19.27,18.12,203,348,0.58,32.28,11.98,0.9,4.64,2026-05-21,2026-05-21 07:41:44
2070,精湛,64.5,63.5,65.5,63.5,18.28,28.57,59.32,4.73,5.76,-1.03,74.46,63.25,52.04,438,594,0.74,26.95,29.05,1.49,2.31,2026-05-21,2026-05-21 07:41:45
2072,世紀風電,172.5,171.0,174.5,169.5,42.03,43.08,36.26,-4.3,-4.6,0.3,184.62,176.85,169.08,357,682,0.52,331.2,14.46,7.08,4.1,2026-05-21,2026-05-21 07:41:46
2073,雄順,26.0,25.9,26.0,25.9,39.61,35.64,47.69,-0.24,-0.22,-0.02,27.4,26.14,24.87,4,2,1.43,7.15,,0.7,2.69,2026-05-21,2026-05-21 07:41:48
2101,南港,31.1,31.05,31.15,30.7,16.78,16.57,35.22,-1.03,-0.74,-0.29,35.59,32.8,30.01,2103,2868,0.73,224.87,30.79,0.7,2.25,2026-05-21,2026-05-21 07:41:49
2102,泰豐,18.3,17.75,18.3,17.75,23.1,17.99,39.13,-0.34,-0.3,-0.04,19.52,18.59,17.66,556,488,1.14,84.1,2.91,,,2026-05-21,2026-05-21 07:41:50
2103,台橡,20.45,20.45,20.65,20.2,38.49,50.47,55.97,0.32,0.34,-0.02,21.94,20.18,18.41,2822,4508,0.63,168.86,37.87,,,2026-05-21,2026-05-21 07:41:51
2104,國際中橡,10.1,9.93,10.15,9.87,34.41,23.49,33.52,-0.41,-0.43,0.02,11.08,10.33,9.58,1704,2794,0.61,97.97,37.41,,,2026-05-21,2026-05-21 07:41:52
2105,正新,32.45,32.5,32.85,32.15,65.04,64.24,63.74,0.21,0.17,0.04,32.88,31.8,30.73,9530,11539,0.83,1051.84,21.63,1.8,5.55,2026-05-21,2026-05-21 07:41:53
2106,建大,16.85,16.8,16.9,16.75,26.98,22.38,40.91,-0.37,-0.36,-0.01,17.9,17.2,16.5,771,681,1.13,160.9,129.62,1.1,6.53,2026-05-21,2026-05-21 07:41:54
2107,厚生,25.25,25.1,25.35,25.1,22.95,20.69,33.87,-0.15,-0.03,-0.12,26.76,25.81,24.85,246,312,0.79,76.66,15.12,1.4,5.54,2026-05-21,2026-05-21 07:41:55
2108,南帝,28.1,27.75,28.15,27.55,30.72,32.42,59.46,0.43,0.48,-0.05,28.8,27.37,25.93,1220,1326,0.92,138.37,33.86,1.0,3.56,2026-05-21,2026-05-21 07:41:56
2109,華豐,14.0,14.0,14.0,13.9,33.3,26.22,33.33,-0.15,-0.15,-0.0,14.58,14.14,13.7,167,135,1.23,39.11,12.07,1.3,9.29,2026-05-21,2026-05-21 07:41:57
2114,鑫永銓,89.6,89.3,89.6,89.0,69.01,58.34,67.74,0.11,-0.05,0.16,89.38,88.4,87.41,295,119,2.47,69.88,15.56,5.0,5.58,2026-05-21,2026-05-21 07:41:58
2115,六暉-KY,20.85,20.55,20.9,20.4,35.52,20.79,45.07,-0.35,-0.34,-0.01,21.91,20.9,19.9,32,186,0.17,21.76,13.2,1.5,7.19,2026-05-21,2026-05-21 07:41:59
2201,裕隆,26.8,26.6,26.95,26.6,23.3,27.27,46.67,-0.21,-0.15,-0.06,27.96,27.16,26.36,2118,3010,0.7,284.74,28.82,0.56,2.09,2026-05-21,2026-05-21 07:42:00
2204,中華,52.8,52.2,52.9,52.0,24.85,22.21,40.0,-0.67,-0.57,-0.09,55.32,53.41,51.5,1307,1191,1.1,292.31,9.65,3.6,6.82,2026-05-21,2026-05-21 07:42:01
2206,三陽工業,59.8,58.9,59.9,58.9,82.84,80.89,81.16,0.23,-0.0,0.23,59.85,57.72,55.59,1416,981,1.44,462.46,10.36,3.03,5.07,2026-05-21,2026-05-21 07:42:03
2207,和泰車,466.0,466.5,472.5,462.5,25.93,20.78,42.34,-8.96,-8.41,-0.56,498.16,477.05,455.94,365,381,0.96,2596.1,13.74,20.0,4.29,2026-05-21,2026-05-21 07:42:04
2208,台船,18.65,18.45,18.65,18.25,8.02,10.21,40.8,-0.59,-0.41,-0.18,21.64,19.88,18.11,2522,3819,0.66,237.7,,,,2026-05-21,2026-05-21 07:42:05
2211,長榮鋼,92.0,91.5,92.1,91.0,12.31,17.0,24.3,-1.95,-1.35,-0.61,101.98,96.74,91.51,515,903,0.57,383.72,10.7,5.0,5.43,2026-05-21,2026-05-21 07:42:06
2221,大甲,43.3,43.0,46.0,42.25,62.28,67.97,64.0,2.68,2.35,0.33,47.47,39.7,31.92,652,2266,0.29,18.33,18.91,1.3,3.0,2026-05-21,2026-05-21 07:42:07
2227,裕日車,49.1,48.4,49.85,48.4,10.13,12.95,25.56,-1.02,-0.52,-0.51,56.31,51.96,47.62,19,40,0.48,147.3,37.77,3.9,7.94,2026-05-21,2026-05-21 07:42:08
2228,劍麟,84.5,81.5,84.7,81.5,21.47,14.89,43.08,-2.01,-1.53,-0.48,92.61,86.42,80.24,284,235,1.21,67.41,16.6,9.0,10.65,2026-05-21,2026-05-21 07:42:09
2230,泰茂,28.95,28.7,29.4,28.7,17.84,22.82,56.23,-0.75,-0.79,0.04,33.87,29.57,25.27,235,222,1.06,19.41,,1.0,3.45,2026-05-21,2026-05-21 07:42:11
2231,為升,107.0,105.5,107.5,105.0,15.38,11.14,29.85,-3.4,-1.55,-1.85,133.98,115.58,97.17,394,559,0.71,145.45,16.72,2.07,1.93,2026-05-21,2026-05-21 07:42:12
2233,宇隆,345.0,346.0,365.0,327.5,72.27,64.64,64.42,22.66,19.2,3.45,358.24,294.7,231.16,4702,1828,2.57,207.99,51.42,7.0,2.03,2026-05-21,2026-05-21 07:42:13
2235,謚源,30.1,30.1,30.15,30.1,21.83,11.76,30.65,-0.91,-0.86,-0.04,33.54,31.01,28.48,9,7,1.2,10.8,31.68,3.0,9.97,2026-05-21,2026-05-21 07:42:14
2236,百達-KY,138.0,131.0,138.5,129.5,34.53,36.78,56.0,2.95,3.99,-1.04,142.27,135.4,128.53,555,389,1.43,84.73,17.9,0.31,0.22,2026-05-21,2026-05-21 07:42:15
2239,英利-KY,22.5,21.6,22.6,21.6,53.71,35.83,60.0,-0.4,-0.46,0.05,22.83,22.01,21.19,74,126,0.59,26.49,2.95,,,2026-05-21,2026-05-21 07:42:16
2241,艾姆勒,36.9,34.2,36.9,33.9,63.25,53.79,72.47,1.3,0.91,0.39,36.03,32.16,28.29,3782,2011,1.88,38.6,,,,2026-05-21,2026-05-21 07:42:17
2243,宏旭-KY,22.0,21.65,22.0,20.95,20.89,15.32,30.19,-0.24,0.3,-0.54,28.72,23.87,19.01,899,685,1.31,15.26,18.03,,,2026-05-21,2026-05-21 07:42:18
2247,汎德永業,204.5,207.0,209.0,203.5,18.38,18.9,31.82,-7.08,-7.26,0.18,220.59,211.45,202.31,129,109,1.19,165.05,11.6,33.0,16.14,2026-05-21,2026-05-21 07:42:19
2248,華勝-KY,55.0,54.8,55.3,54.7,30.43,28.2,43.59,0.43,0.75,-0.32,59.57,55.96,52.36,32,50,0.64,26.18,10.36,2.73,4.96,2026-05-21,2026-05-21 07:42:20
2250,IKKA-KY,62.3,62.3,63.0,62.0,19.44,18.47,46.85,-0.4,-0.28,-0.12,65.78,63.12,60.46,71,57,1.24,22.67,15.81,3.35,5.38,2026-05-21,2026-05-21 07:42:21
2254,巨鎧精密-創,58.4,57.5,59.0,56.2,18.22,14.85,10.3,-3.69,-2.57,-1.11,80.97,66.65,52.33,54,48,1.12,37.23,,,,2026-05-21,2026-05-21 07:42:22
2258,鴻華先進-創,28.0,28.0,28.3,27.55,37.17,31.67,47.13,-0.58,-0.57,-0.01,29.77,28.16,26.55,1023,959,1.07,488.22,,,,2026-05-21,2026-05-21 07:42:23
2301,光寶科,204.5,211.0,211.5,204.0,30.93,45.2,68.08,11.48,11.76,-0.28,235.41,192.78,150.14,26245,27611,0.95,4641.68,31.03,7.51,3.67,2026-05-21,2026-05-21 07:42:24
2302,麗正,26.4,25.3,27.2,25.25,79.63,79.17,78.73,1.92,1.46,0.46,27.91,21.64,15.37,8939,6173,1.45,43.9,53.88,0.58,2.2,2026-05-21,2026-05-21 07:42:25
2303,聯電,116.0,112.5,118.0,111.5,77.08,79.33,77.14,11.71,10.11,1.59,123.37,92.75,62.14,198436,273542,0.73,14553.86,29.44,2.85,2.46,2026-05-21,2026-05-21 07:42:27
2305,全友,17.7,16.95,18.25,16.8,39.01,34.24,65.15,0.14,0.16,-0.02,17.83,16.6,15.37,9569,3375,2.83,35.88,88.5,,,2026-05-21,2026-05-21 07:42:28
2308,台達電,2030.0,2015.0,2060.0,1990.0,20.05,20.68,41.51,54.95,105.61,-50.65,2329.33,2116.0,1902.67,11251,10706,1.05,52730.13,87.61,7.0,0.34,2026-05-21,2026-05-21 07:42:29
2312,金寶,30.1,28.8,30.65,28.6,55.29,47.04,63.1,0.96,1.07,-0.11,30.37,28.32,26.27,92961,35625,2.61,453.15,28.94,0.6,1.99,2026-05-21,2026-05-21 07:42:30
2313,華通,258.0,263.5,267.5,256.0,46.4,41.8,54.21,2.34,1.86,0.48,276.44,246.53,216.61,69245,88499,0.78,3074.9,47.08,2.8,1.09,2026-05-21,2026-05-21 07:42:31
2314,台揚,16.05,16.0,16.05,16.0,68.11,41.37,63.64,-0.48,-0.83,0.35,16.31,13.84,11.36,1571,848,1.85,7.17,11.8,,,2026-05-21,2026-05-21 07:42:32
2316,楠梓電,151.0,138.5,151.0,138.5,76.66,68.02,72.78,8.25,6.27,1.98,147.81,124.45,101.09,12304,12400,0.99,273.97,11.3,0.5,0.33,2026-05-21,2026-05-21 07:42:33
2317,鴻海,247.5,245.0,249.0,244.0,34.75,47.17,70.29,8.52,9.38,-0.87,263.8,239.7,215.6,51243,75340,0.68,34654.75,18.48,5.8,2.34,2026-05-21,2026-05-21 07:42:34
2321,東訊,12.7,12.7,12.7,12.7,43.62,51.14,47.06,-0.28,-0.34,0.05,13.26,12.88,12.5,0,6,0.0,3.8,,,,2026-05-20,2026-05-21 07:42:35
2323,中環,9.86,9.5,9.9,9.48,17.17,18.69,44.77,-0.3,-0.22,-0.08,11.03,10.2,9.37,7726,7919,0.98,107.41,6.24,0.3,3.04,2026-05-21,2026-05-21 07:42:37
2324,仁寶,30.35,27.9,30.35,27.9,32.01,29.1,56.28,-0.22,-0.1,-0.11,31.61,29.59,27.56,113906,78742,1.45,1322.39,22.15,1.1,3.62,2026-05-21,2026-05-21 07:42:38
2327,國巨*,572.0,561.0,572.0,560.0,92.81,90.6,92.93,59.71,42.84,16.87,560.3,394.52,228.75,24657,80065,0.31,11775.94,49.78,5.0,0.87,2026-05-21,2026-05-21 07:42:40
2328,廣宇,52.1,51.1,52.2,51.1,33.7,37.6,56.33,1.27,1.53,-0.26,57.69,50.69,43.7,5745,5651,1.02,270.06,33.4,0.9,1.73,2026-05-21,2026-05-21 07:42:41
2329,華泰,52.9,52.6,53.2,52.5,16.48,21.48,45.87,-0.95,0.12,-1.06,64.05,57.31,50.57,5114,11206,0.46,348.6,27.41,1.0,1.89,2026-05-21,2026-05-21 07:42:42
2330,台積電,2230.0,2240.0,2255.0,2230.0,23.04,31.16,58.88,51.49,67.67,-16.18,2336.03,2227.0,2117.97,24295,28847,0.84,578291.85,30.29,24.0,1.08,2026-05-21,2026-05-21 07:42:43
2331,精英,19.6,18.9,19.7,18.9,18.93,15.88,41.59,-0.7,-0.62,-0.08,21.67,20.19,18.71,2039,2071,0.98,109.25,14.0,0.21,1.07,2026-05-21,2026-05-21 07:42:44
2332,友訊,14.6,14.1,14.7,14.0,56.6,41.9,63.64,-0.2,-0.28,0.08,14.5,14.01,13.51,6129,3451,1.78,87.13,48.67,0.1,0.68,2026-05-21,2026-05-21 07:42:45
2337,旺宏,141.0,146.0,149.0,141.0,20.85,33.55,43.09,2.84,6.1,-3.25,179.53,154.3,129.07,96380,110855,0.87,2720.07,4.02,,,2026-05-21,2026-05-21 07:42:46
2338,光罩,52.8,50.6,53.8,50.5,49.79,36.64,62.18,0.79,0.74,0.05,53.16,49.23,45.29,10691,5371,1.99,172.67,176.0,,,2026-05-21,2026-05-21 07:42:47
2340,台亞,35.15,34.7,35.8,34.7,24.29,21.88,40.33,0.55,1.38,-0.84,41.98,37.26,32.54,4062,4808,0.84,153.91,63.91,,,2026-05-21,2026-05-21 07:42:48
2342,茂矽,40.45,39.95,41.5,39.95,28.99,38.64,62.85,2.13,2.52,-0.39,47.9,38.38,28.86,4469,4608,0.97,63.72,21.98,0.3,0.74,2026-05-21,2026-05-21 07:42:49
2344,華邦電,114.0,120.0,122.5,113.5,42.96,64.59,65.09,6.62,6.06,0.56,138.72,108.68,78.64,209012,215650,0.97,5130.0,129.55,0.5,0.44,2026-05-21,2026-05-21 07:42:50
2345,智邦,2480.0,2480.0,2530.0,2450.0,38.18,48.29,56.41,138.7,172.03,-33.34,2724.56,2402.5,2080.44,5435,4704,1.16,13860.92,52.92,11.0,0.44,2026-05-21,2026-05-21 07:42:51
2347,聯強,84.4,84.6,86.0,84.4,33.41,32.39,55.37,0.85,1.08,-0.23,85.75,83.02,80.28,3865,4332,0.89,1407.75,16.61,4.2,4.98,2026-05-21,2026-05-21 07:42:53
2348,海悅,69.4,69.7,70.0,69.3,17.45,16.91,33.33,-1.72,-1.67,-0.05,74.04,71.1,68.15,159,234,0.68,105.3,10.15,9.0,12.97,2026-05-21,2026-05-21 07:42:54
2349,錸德,12.65,12.2,12.7,12.2,19.58,18.3,52.78,-0.21,-0.21,0.0,13.1,12.59,12.07,5185,3155,1.64,87.75,11.82,,,2026-05-21,2026-05-21 07:42:56
2351,順德,192.0,185.0,197.0,182.5,62.47,62.54,74.05,15.17,15.78,-0.62,199.93,168.12,136.32,8915,6717,1.33,349.71,117.07,2.5,1.3,2026-05-21,2026-05-21 07:42:57
2352,佳世達,27.2,26.45,27.45,26.1,63.34,56.17,71.43,0.41,0.3,0.11,26.85,25.17,23.49,15923,7474,2.13,429.9,42.5,3.55,13.05,2026-05-21,2026-05-21 07:42:58
2353,宏碁,28.4,27.65,28.7,27.65,35.06,32.58,57.41,0.08,0.11,-0.03,28.68,27.82,26.96,41142,23420,1.76,853.76,22.72,1.3,4.58,2026-05-21,2026-05-21 07:42:59
2354,鴻準,58.9,57.8,59.9,57.8,26.26,35.61,64.98,1.5,1.73,-0.23,66.41,57.26,48.1,11855,10973,1.08,833.13,25.5,1.4,2.38,2026-05-21,2026-05-21 07:43:00
2355,敬鵬,65.0,59.8,65.0,59.2,79.6,66.91,72.85,2.72,1.65,1.07,62.18,53.96,45.73,50723,48259,1.05,258.37,40.88,1.85,2.85,2026-05-21,2026-05-21 07:43:01
2356,英業達,54.1,52.4,54.2,51.9,67.2,66.23,76.28,2.05,1.8,0.24,54.77,49.4,44.03,52581,39588,1.33,1940.82,22.45,1.7,3.14,2026-05-21,2026-05-21 07:43:02
2357,華碩,656.0,652.0,658.0,647.0,40.64,48.2,67.44,18.53,19.46,-0.93,697.76,627.1,556.44,4808,4706,1.02,4872.51,11.02,34.0,5.18,2026-05-21,2026-05-21 07:43:03
2359,所羅門,134.0,128.5,134.0,128.5,58.6,64.24,62.5,4.67,3.56,1.11,140.17,122.97,105.78,3348,10796,0.31,229.64,109.84,1.0,0.75,2026-05-21,2026-05-21 07:43:04
2360,致茂,2270.0,2210.0,2270.0,2190.0,36.31,37.53,55.77,89.18,126.47,-37.29,2508.62,2187.5,1866.38,1516,2520,0.6,9615.52,82.67,9.0,0.4,2026-05-21,2026-05-21 07:43:05
2362,藍天,39.9,39.25,39.9,39.2,38.43,38.38,60.14,0.16,0.18,-0.02,40.3,39.03,37.76,862,660,1.31,230.62,19.56,2.53,6.34,2026-05-21,2026-05-21 07:43:06
2363,矽統,62.8,61.3,63.6,61.3,49.53,52.66,71.6,2.55,2.39,0.16,65.59,57.78,49.97,19336,19207,1.01,323.41,41.05,0.5,0.8,2026-05-21,2026-05-21 07:43:08
2364,倫飛,67.4,67.0,68.0,66.7,33.94,42.7,62.09,0.97,1.08,-0.11,71.03,65.96,60.88,227,204,1.11,35.31,16.16,2.0,2.97,2026-05-21,2026-05-21 07:43:09
2365,昆盈,36.55,35.5,37.05,35.5,49.31,44.97,53.44,0.43,0.54,-0.11,37.99,35.92,33.85,4375,7532,0.58,80.97,114.22,0.6,1.64,2026-05-21,2026-05-21 07:43:10
2367,燿華,64.1,65.0,65.7,63.9,56.43,59.06,64.16,-0.8,-1.4,0.6,66.21,61.43,56.65,34747,55231,0.63,452.71,94.26,0.7,1.09,2026-05-21,2026-05-21 07:43:11
2368,金像電,1285.0,1280.0,1305.0,1260.0,21.54,26.16,43.14,34.53,66.96,-32.44,1511.32,1363.75,1216.18,5201,6321,0.82,6494.11,67.56,6.0,0.47,2026-05-21,2026-05-21 07:43:12
2369,菱生,30.0,29.3,30.3,29.3,28.53,24.4,51.72,-0.28,-0.01,-0.27,32.98,30.45,27.91,7006,6699,1.05,112.33,17.86,0.3,1.0,2026-05-21,2026-05-21 07:43:13
2371,大同,28.4,28.25,28.75,28.25,9.06,11.19,30.85,-0.85,-0.69,-0.17,31.76,29.9,28.04,15322,17458,0.88,581.08,12.14,3.11,10.95,2026-05-21,2026-05-21 07:43:14
2373,震旦行,56.8,56.5,57.7,56.5,31.28,21.61,46.67,-0.14,-0.09,-0.05,57.74,56.69,55.64,45,37,1.2,127.06,14.68,3.7,6.51,2026-05-21,2026-05-21 07:43:15
2374,佳能,80.4,79.6,81.4,79.6,40.89,50.22,54.5,2.0,2.15,-0.15,86.11,78.35,70.58,6207,14924,0.42,270.61,33.22,0.6,0.75,2026-05-21,2026-05-21 07:43:16
2375,凱美,122.5,116.5,122.5,116.5,85.81,77.94,88.98,7.17,4.52,2.65,114.96,93.51,72.06,10726,13019,0.82,133.13,32.93,1.5,1.22,2026-05-21,2026-05-21 07:43:17
2376,技嘉,316.5,308.0,319.5,305.0,36.27,51.8,67.61,14.24,15.66,-1.42,342.56,300.85,259.14,15486,24215,0.64,2120.2,18.42,10.0,3.16,2026-05-21,2026-05-21 07:43:18
2377,微星,113.0,112.0,114.5,112.0,57.56,60.78,67.19,5.17,4.49,0.68,119.38,103.87,88.36,20143,26034,0.77,954.69,16.74,5.0,4.42,2026-05-21,2026-05-21 07:43:19
2379,瑞昱,575.0,579.0,582.0,571.0,39.16,37.33,58.19,11.84,12.58,-0.74,589.13,553.95,518.77,2991,4398,0.68,2948.96,20.48,25.5,4.43,2026-05-21,2026-05-21 07:43:20
2380,虹光,5.97,6.15,6.15,5.86,54.05,63.15,56.81,0.15,0.12,0.02,6.54,5.7,4.87,289,560,0.52,3.58,8.29,,,2026-05-21,2026-05-21 07:43:22
2382,廣達,308.0,296.0,312.5,295.0,20.01,27.15,48.05,-2.48,3.08,-5.56,357.41,322.43,287.44,38890,41120,0.95,11871.92,16.29,13.0,4.22,2026-05-21,2026-05-21 07:43:23
2383,台光電,4690.0,4610.0,4785.0,4555.0,33.38,40.88,54.3,257.18,352.54,-95.36,5124.69,4659.5,4194.31,2466,2317,1.06,16805.25,114.75,16.58,0.35,2026-05-21,2026-05-21 07:43:24
2385,群光,130.0,129.0,132.0,128.0,40.06,39.81,58.67,0.95,1.25,-0.3,135.6,127.67,119.75,4464,3686,1.21,946.0,14.56,7.2,5.54,2026-05-21,2026-05-21 07:43:25
2387,精元,39.1,38.6,39.2,38.6,24.11,19.57,40.54,-0.48,-0.28,-0.2,42.6,39.96,37.33,532,461,1.15,75.67,11.33,4.0,10.23,2026-05-21,2026-05-21 07:43:26
2388,威盛,86.0,82.2,88.6,80.2,65.78,50.51,59.59,4.28,4.39,-0.11,84.35,76.93,69.51,42459,20819,2.04,478.1,716.67,0.05,0.06,2026-05-21,2026-05-21 07:43:27
2390,云辰,10.25,10.05,10.3,10.0,74.19,59.66,60.09,-0.01,-0.09,0.08,10.32,9.79,9.27,1386,1088,1.27,19.74,,,,2026-05-21,2026-05-21 07:43:28
2392,正崴,36.9,35.85,37.05,35.7,40.18,32.18,49.66,-0.41,-0.11,-0.3,40.82,37.02,33.23,2475,5423,0.46,170.78,7.85,2.5,6.78,2026-05-21,2026-05-21 07:43:30
2393,億光,64.5,64.0,64.6,63.3,23.84,28.11,32.81,-1.6,-0.41,-1.18,77.86,69.33,60.79,3320,4320,0.77,285.99,14.24,5.31,8.23,2026-05-21,2026-05-21 07:43:31
2395,研華,463.5,475.0,479.5,462.0,50.94,61.89,78.57,29.92,29.48,0.44,524.52,424.85,325.18,3948,4008,0.99,4024.36,38.18,8.39,1.81,2026-05-21,2026-05-21 07:43:32
2397,友通,60.7,61.3,61.3,60.6,57.8,57.82,66.41,0.66,0.55,0.11,61.64,58.63,55.61,490,402,1.22,69.49,24.48,3.4,5.6,2026-05-21,2026-05-21 07:43:35
2399,映泰,43.2,43.3,44.5,42.85,30.88,45.21,51.95,2.08,2.78,-0.69,47.9,43.76,39.61,6316,9009,0.7,76.94,288.0,,,2026-05-21,2026-05-21 07:43:36
2401,凌陽,29.55,27.3,29.55,26.75,73.81,61.07,81.5,1.1,0.9,0.21,27.89,25.13,22.37,47746,19251,2.48,173.88,14.7,,,2026-05-21,2026-05-21 07:43:37
2402,毅嘉,62.4,63.0,63.8,62.1,12.99,17.57,29.9,-0.37,1.13,-1.5,74.94,68.23,61.51,3945,5509,0.72,191.9,26.9,1.97,3.16,2026-05-21,2026-05-21 07:43:38
2404,漢唐,1100.0,1045.0,1120.0,1045.0,59.26,52.65,73.01,25.19,19.33,5.85,1071.37,1000.75,930.13,7086,5289,1.34,2077.75,23.03,28.0,2.55,2026-05-21,2026-05-21 07:43:39
2405,輔信,16.0,15.75,16.1,15.5,58.12,41.07,62.96,-0.01,-0.07,0.07,15.76,15.24,14.72,4540,3001,1.51,54.95,,0.17,1.06,2026-05-21,2026-05-21 07:43:40
2406,國碩,30.9,30.55,31.2,30.5,18.06,28.69,51.05,-0.33,-0.1,-0.22,35.48,31.72,27.95,4038,7421,0.54,108.43,,,,2026-05-21,2026-05-21 07:43:41
2408,南亞科,293.0,291.5,295.0,280.0,37.4,53.37,66.38,17.96,18.4,-0.45,351.87,270.4,188.93,149470,131588,1.14,9078.98,140.19,,,2026-05-21,2026-05-21 07:43:42
2409,友達,20.2,19.1,20.45,19.05,60.35,60.24,67.05,0.57,0.53,0.04,20.73,18.44,16.14,366957,239668,1.53,1524.51,22.44,1.2,5.94,2026-05-21,2026-05-21 07:43:43
2412,中華電,137.5,139.0,140.0,137.5,49.84,59.46,54.29,0.84,0.6,0.23,140.17,136.88,133.58,14422,21281,0.68,10666.49,27.39,5.0,3.64,2026-05-21,2026-05-21 07:43:44
2413,環科,51.1,50.3,53.6,49.75,66.27,51.61,72.67,-0.04,-0.91,0.87,50.0,45.59,41.18,10724,7415,1.45,65.08,124.63,0.5,0.98,2026-05-21,2026-05-21 07:43:45
2414,精技,50.1,50.0,50.4,49.6,72.66,66.46,71.57,1.2,1.09,0.11,50.39,47.46,44.53,452,378,1.19,81.03,15.9,2.5,4.99,2026-05-21,2026-05-21 07:43:46
2415,錩新,27.5,26.75,27.5,26.75,29.76,21.89,60.47,-0.42,-0.45,0.03,27.95,26.98,26.0,178,191,0.93,24.75,15.19,1.2,4.36,2026-05-21,2026-05-21 07:43:48
2417,圓剛,48.85,47.5,49.6,47.5,29.81,29.75,53.09,2.04,2.64,-0.59,57.6,47.7,37.79,1854,2562,0.72,62.78,,0.2,0.41,2026-05-21,2026-05-21 07:43:49
2419,仲琦,30.7,30.3,30.8,30.2,57.52,38.6,52.94,-0.73,-0.76,0.04,32.0,30.38,28.76,1535,1779,0.86,98.64,34.49,,,2026-05-21,2026-05-21 07:43:50
2420,新巨,62.5,59.9,63.4,58.9,82.59,77.09,78.68,1.65,1.19,0.46,60.75,56.53,52.3,2682,1242,2.16,95.41,16.07,3.5,5.6,2026-05-21,2026-05-21 07:43:51
2421,建準,152.0,146.0,153.0,145.0,51.68,37.97,59.21,1.04,1.32,-0.29,153.28,146.12,138.97,8693,4882,1.78,434.78,19.26,3.69,2.43,2026-05-21,2026-05-21 07:43:52
2423,固緯,74.8,75.9,76.2,73.8,72.28,72.3,70.26,5.6,4.84,0.76,79.17,64.99,50.8,261,753,0.35,108.5,25.7,2.0,2.67,2026-05-21,2026-05-21 07:43:53
2424,隴華,16.2,16.2,16.2,16.2,21.67,37.02,38.41,-1.41,-1.19,-0.22,25.91,21.09,16.26,92,208,0.44,9.65,,,,2026-05-21,2026-05-21 07:43:54
2425,承啟,34.05,33.3,34.5,33.05,53.04,62.33,64.71,1.15,1.1,0.05,35.73,31.96,28.2,575,879,0.65,32.86,,0.15,0.44,2026-05-21,2026-05-21 07:43:55
2426,鼎元,75.7,70.0,75.7,70.0,66.02,53.73,67.23,5.95,6.39,-0.44,80.83,63.65,46.47,4131,2804,1.47,227.57,62.05,0.1,0.13,2026-05-21,2026-05-21 07:43:56
2427,三商電,20.4,20.45,20.6,20.4,10.27,13.04,38.33,-0.61,-0.58,-0.02,22.19,21.13,20.07,497,534,0.93,40.39,14.17,0.7,3.43,2026-05-21,2026-05-21 07:43:57
2428,興勤,230.0,226.0,235.5,225.5,83.93,82.0,90.58,12.76,9.45,3.31,229.24,193.78,158.31,2789,2419,1.15,294.66,19.64,6.1,2.65,2026-05-21,2026-05-21 07:43:58
2429,銘旺科,48.05,49.4,49.4,47.9,19.2,29.95,39.37,0.5,1.2,-0.7,58.3,52.49,46.67,455,775,0.59,41.08,,,,2026-05-21,2026-05-21 07:43:59
2430,燦坤,18.3,18.2,18.3,18.1,8.07,5.94,9.76,-0.82,-0.7,-0.12,21.58,19.62,17.66,129,110,1.17,21.37,26.52,0.8,4.37,2026-05-21,2026-05-21 07:44:00
2431,聯昌,10.3,10.35,10.4,10.15,20.77,15.87,36.84,-0.39,-0.41,0.02,11.28,10.64,10.01,205,300,0.68,11.43,,,,2026-05-21,2026-05-21 07:44:01
2432,倚天酷碁-創,26.25,26.0,26.25,26.0,24.53,19.23,38.33,-0.44,-0.22,-0.22,29.38,27.31,25.24,22,43,0.51,16.24,14.11,1.7,6.48,2026-05-21,2026-05-21 07:44:02
2433,互盛電,44.5,44.6,44.8,44.5,17.71,21.79,29.27,-0.28,-0.19,-0.09,46.04,45.31,44.57,43,61,0.72,64.3,14.64,3.0,6.74,2026-05-21,2026-05-21 07:44:04
2434,統懋,29.4,30.45,30.5,28.7,14.44,19.15,48.59,-0.02,0.25,-0.27,32.83,30.72,28.61,61,30,1.98,10.88,1470.0,,,2026-05-21,2026-05-21 07:44:05
2436,偉詮電,74.8,73.4,75.4,72.4,46.97,37.14,54.09,1.35,1.92,-0.57,78.45,73.39,68.32,7600,4862,1.56,147.56,26.81,1.5,2.01,2026-05-21,2026-05-21 07:44:06
2438,翔耀,22.0,22.1,22.5,21.65,42.67,31.19,46.09,-0.17,-0.09,-0.08,23.72,22.18,20.64,139,181,0.77,15.0,,,,2026-05-21,2026-05-21 07:44:07
2439,美律,85.8,86.0,86.9,85.5,51.72,36.43,49.15,-0.64,-0.53,-0.1,89.6,86.39,83.19,2064,1752,1.18,213.49,17.09,7.29,8.5,2026-05-21,2026-05-21 07:44:08
2440,太空梭,17.45,17.45,17.8,17.25,43.02,42.29,44.03,0.45,0.53,-0.08,18.91,17.43,15.94,641,1127,0.57,24.28,,,,2026-05-21,2026-05-21 07:44:09
2441,超豐,106.5,104.5,108.0,104.5,75.37,73.66,78.92,3.69,2.46,1.24,108.31,94.97,81.63,15447,19131,0.81,605.82,24.94,3.0,2.82,2026-05-21,2026-05-21 07:44:10
2442,新美齊,18.7,18.6,18.7,18.5,46.54,40.01,60.0,-0.27,-0.34,0.07,18.99,18.5,18.01,1384,1291,1.07,52.58,4.37,0.08,0.43,2026-05-21,2026-05-21 07:44:11
2444,兆勁,12.75,12.85,13.0,12.7,14.7,21.8,41.43,-0.08,0.01,-0.09,14.07,13.3,12.53,451,485,0.93,12.95,,,,2026-05-21,2026-05-21 07:44:12
2449,京元電子,286.0,286.0,292.5,285.0,14.21,17.18,45.3,-0.95,2.89,-3.85,344.54,301.5,258.46,22200,28336,0.78,3497.05,43.87,4.0,1.4,2026-05-21,2026-05-21 07:44:13
2450,神腦,29.2,29.1,29.3,29.05,17.67,23.22,38.24,-0.14,-0.06,-0.09,30.21,29.6,28.98,80,161,0.5,75.41,16.98,1.55,5.31,2026-05-21,2026-05-21 07:44:14
2451,創見,313.5,321.0,321.0,307.0,33.07,50.81,66.49,18.04,19.46,-1.41,366.84,298.7,230.56,6393,6280,1.02,1352.34,24.23,6.09,1.94,2026-05-21,2026-05-21 07:44:15
2453,凌群,55.7,55.5,56.2,55.1,54.2,49.29,62.79,0.31,0.25,0.06,55.75,54.34,52.93,602,546,1.1,55.7,17.91,2.6,4.67,2026-05-21,2026-05-21 07:44:16
2454,聯發科,3550.0,3415.0,3550.0,3405.0,34.24,40.57,67.47,350.54,389.04,-38.49,4097.81,3123.25,2148.69,5977,7083,0.84,56661.91,53.88,53.5,1.51,2026-05-21,2026-05-21 07:44:17
2455,全新,386.5,410.0,419.5,386.5,73.91,73.02,59.42,23.92,23.38,0.54,407.4,356.82,306.25,21827,11299,1.93,714.66,130.57,3.22,0.83,2026-05-21,2026-05-21 07:44:19
2457,飛宏,25.05,24.6,25.15,24.6,45.25,42.49,55.98,-0.2,-0.24,0.04,25.88,24.62,23.35,2690,2106,1.28,106.41,,,,2026-05-21,2026-05-21 07:44:20
2458,義隆,158.5,159.0,164.0,157.0,68.29,60.54,70.37,4.82,3.95,0.87,156.79,143.22,129.66,7357,4863,1.51,453.82,18.87,7.07,4.46,2026-05-21,2026-05-21 07:44:21
2459,敦吉,66.6,66.0,66.6,66.0,60.87,48.89,48.39,-0.08,-0.01,-0.07,67.72,66.55,65.38,220,158,1.39,70.33,12.93,4.0,6.01,2026-05-21,2026-05-21 07:44:22
2460,建通,31.55,31.5,32.2,31.3,19.31,23.18,36.51,-0.21,0.45,-0.66,40.0,34.38,28.77,547,615,0.89,53.38,30.93,,,2026-05-21,2026-05-21 07:44:23
2461,光群雷,16.25,16.3,16.35,16.1,41.66,30.78,42.68,-0.33,-0.28,-0.05,17.7,16.58,15.45,665,559,1.19,32.65,17.29,1.67,10.28,2026-05-21,2026-05-21 07:44:24
2462,良得電,20.5,20.25,20.6,20.25,21.74,15.45,42.86,-0.56,-0.52,-0.04,22.7,21.02,19.34,335,395,0.85,30.91,75.93,0.81,3.95,2026-05-21,2026-05-21 07:44:25
2464,盟立,136.0,126.0,136.5,124.5,76.65,77.11,63.98,12.46,11.62,0.84,143.01,115.36,87.72,28418,35559,0.8,280.64,40.36,0.35,0.26,2026-05-21,2026-05-21 07:44:26
2465,麗臺,83.1,77.9,83.1,77.8,38.37,36.82,58.73,3.98,5.08,-1.11,92.32,78.33,64.34,2748,1910,1.44,78.07,148.39,,,2026-05-21,2026-05-21 07:44:27
2466,冠西電,47.7,48.0,48.2,47.4,24.49,17.72,20.59,-2.35,-1.66,-0.7,59.63,51.9,44.16,147,213,0.69,82.74,190.8,,,2026-05-21,2026-05-21 07:44:28
2467,志聖,585.0,579.0,602.0,569.0,41.74,49.78,46.3,24.9,32.58,-7.67,644.11,572.98,501.84,1947,2061,0.94,894.31,114.71,5.0,0.85,2026-05-21,2026-05-21 07:44:29
2468,華經,33.5,32.5,33.55,32.5,27.68,19.92,50.0,-0.57,-0.51,-0.06,35.62,33.69,31.77,251,211,1.19,23.44,26.8,0.9,2.69,2026-05-21,2026-05-21 07:44:30
2471,資通,50.4,50.2,50.7,50.2,22.85,20.45,27.08,-0.59,-0.35,-0.24,53.9,51.55,49.21,116,178,0.65,23.82,14.08,3.06,6.07,2026-05-21,2026-05-21 07:44:31
2472,立隆電,266.0,264.5,272.5,255.0,82.88,78.2,82.78,23.95,20.3,3.65,267.64,207.12,146.61,31249,15649,2.0,438.2,30.57,3.1,1.17,2026-05-21,2026-05-21 07:44:33
2474,可成,185.0,187.0,187.0,183.0,6.53,7.72,20.73,-5.03,-1.45,-3.58,236.97,205.32,173.68,4185,3932,1.06,996.82,16.36,11.49,6.21,2026-05-21,2026-05-21 07:44:34
2476,鉅祥,120.0,116.5,122.0,116.0,58.89,55.94,54.05,3.56,4.59,-1.04,122.76,116.97,111.19,5517,4736,1.16,261.7,28.78,3.5,2.92,2026-05-21,2026-05-21 07:44:35
2477,美隆電,20.95,20.65,20.95,20.65,39.23,37.91,50.0,-0.4,-0.42,0.02,22.31,21.06,19.8,162,126,1.29,33.22,12.47,1.4,6.68,2026-05-21,2026-05-21 07:44:37
2478,大毅,116.0,112.5,116.0,112.0,93.04,85.62,95.08,9.02,5.44,3.57,106.98,80.09,53.19,4614,11789,0.39,165.57,33.92,1.82,1.57,2026-05-21,2026-05-21 07:44:38
2480,敦陽科,147.0,148.0,148.0,146.0,29.35,44.03,60.0,1.66,1.85,-0.2,153.66,145.8,137.94,261,276,0.95,156.35,18.44,7.42,5.05,2026-05-21,2026-05-21 07:44:39
2481,強茂,132.5,136.5,140.5,129.5,78.91,74.72,76.65,8.38,5.67,2.71,136.74,110.92,85.1,66061,62517,1.06,506.3,42.6,1.8,1.36,2026-05-21,2026-05-21 07:44:40
2482,連宇,16.3,16.25,16.4,16.2,24.5,21.64,35.14,-0.22,-0.18,-0.05,17.39,16.66,15.94,94,104,0.9,12.69,,0.61,3.74,2026-05-21,2026-05-21 07:44:41
2483,百容,24.6,23.8,24.75,23.5,36.16,39.23,65.07,0.53,0.55,-0.01,25.0,23.44,21.88,621,470,1.32,26.42,41.0,0.3,1.22,2026-05-21,2026-05-21 07:44:42
2484,希華,44.85,45.0,46.5,44.1,55.8,39.31,60.15,1.54,1.56,-0.02,45.39,40.74,36.09,38928,20213,1.93,71.5,69.0,0.7,1.56,2026-05-21,2026-05-21 07:44:43
2485,兆赫,70.0,71.4,72.2,69.9,50.52,59.19,69.42,0.57,0.06,0.51,74.76,66.61,58.46,24346,52320,0.47,222.38,,,,2026-05-21,2026-05-21 07:44:45
2486,一詮,278.5,271.0,283.5,267.5,47.09,37.84,52.82,17.08,21.51,-4.44,310.51,261.65,212.79,11851,3717,3.19,648.0,1210.87,0.5,0.18,2026-05-21,2026-05-21 07:44:46
2488,漢平,52.4,52.3,52.5,52.2,65.31,59.19,55.17,0.52,0.57,-0.05,52.62,51.54,50.46,201,141,1.42,41.92,11.67,3.0,5.73,2026-05-21,2026-05-21 07:44:47
2489,瑞軒,46.8,44.3,46.8,43.2,61.91,44.19,61.41,0.8,0.73,0.07,46.99,41.67,36.36,97047,48205,2.01,285.48,38.68,1.0,2.14,2026-05-21,2026-05-21 07:44:48
2491,吉祥全,21.7,19.85,21.7,19.85,58.5,62.57,74.62,1.3,1.16,0.15,23.71,18.55,13.39,1368,904,1.51,17.8,15.17,,,2026-05-21,2026-05-21 07:44:49
2492,華新科,266.0,259.5,266.0,259.5,96.79,93.34,88.76,27.76,18.39,9.37,259.21,173.95,88.69,7170,9348,0.77,1289.58,56.36,2.41,0.91,2026-05-21,2026-05-21 07:44:50
2493,揚博,135.5,131.5,137.0,131.0,43.53,46.03,60.0,2.76,3.26,-0.5,143.26,129.95,116.64,1708,2827,0.6,242.27,31.22,4.0,2.95,2026-05-21,2026-05-21 07:44:51
2495,普安,40.65,38.6,41.0,38.05,52.19,31.18,51.17,-0.29,-0.1,-0.18,43.83,38.83,33.83,10676,5553,1.92,111.2,36.29,1.3,3.2,2026-05-21,2026-05-21 07:44:52
2496,卓越,64.5,64.7,64.7,64.2,19.87,30.72,48.78,-0.24,-0.21,-0.03,65.89,64.76,63.62,12,14,0.87,12.32,10.57,4.5,6.98,2026-05-21,2026-05-21 07:44:53
2497,怡利電,56.8,57.1,57.1,56.2,27.72,33.34,54.97,1.03,1.59,-0.56,61.46,57.24,53.02,365,448,0.82,74.34,24.07,2.0,3.52,2026-05-21,2026-05-21 07:44:54
2498,宏達電,45.45,45.85,46.2,45.35,75.2,71.67,68.28,1.17,0.56,0.6,46.33,41.66,36.99,15774,37302,0.42,380.02,6.36,0.5,1.1,2026-05-21,2026-05-21 07:44:55
2501,國建,22.35,22.3,22.4,22.15,25.97,18.86,38.89,-0.45,-0.36,-0.09,25.92,23.17,20.42,1533,1942,0.79,259.16,7.9,1.0,4.47,2026-05-21,2026-05-21 07:44:56
2504,國產,34.85,34.7,35.15,34.55,58.89,43.1,42.0,-0.45,-0.51,0.07,35.95,34.91,33.87,1790,2007,0.89,410.14,10.59,,,2026-05-21,2026-05-21 07:44:57
2505,國揚,17.95,18.1,18.15,17.9,53.27,43.77,55.56,-0.24,-0.28,0.04,18.64,17.98,17.32,354,489,0.72,68.21,7.61,1.0,5.57,2026-05-21,2026-05-21 07:44:58
2506,太設,8.68,8.69,8.69,8.64,57.85,47.5,30.91,-0.07,-0.07,0.0,8.9,8.71,8.52,144,193,0.75,31.38,434.0,0.2,2.3,2026-05-21,2026-05-21 07:45:00
2509,全坤建,12.75,12.8,12.8,12.5,30.55,22.69,24.14,-0.35,-0.3,-0.04,14.09,13.28,12.47,184,187,0.98,28.63,,,,2026-05-21,2026-05-21 07:45:01
2511,太子,7.68,7.66,7.69,7.64,26.04,19.88,27.54,-0.12,-0.11,-0.01,8.13,7.81,7.49,691,1034,0.67,124.62,23.27,0.3,3.91,2026-05-21,2026-05-21 07:45:02
2514,龍邦,13.0,13.05,13.05,12.9,25.53,24.89,31.25,-0.14,-0.13,-0.01,13.46,13.2,12.94,372,333,1.12,46.56,7.03,,,2026-05-21,2026-05-21 07:45:03
2515,中工,13.85,12.65,13.85,12.6,48.62,31.91,60.53,-0.23,-0.29,0.05,13.88,13.04,12.19,20254,9979,2.03,222.69,35.51,,,2026-05-21,2026-05-21 07:45:04
2516,新建,12.35,12.3,12.4,12.3,8.34,8.95,21.74,-0.31,-0.23,-0.08,14.01,13.05,12.09,148,141,1.05,27.95,10.04,,,2026-05-21,2026-05-21 07:45:05
2520,冠德,30.75,30.75,30.85,30.45,62.53,68.07,63.54,-0.06,-0.21,0.14,31.67,30.24,28.81,1011,1060,0.95,181.31,11.78,3.1,10.08,2026-05-21,2026-05-21 07:45:06
2524,京城,34.2,34.1,34.6,34.1,27.61,23.86,32.41,-1.12,-0.97,-0.15,38.57,35.95,33.34,44,117,0.38,125.17,20.0,,,2026-05-21,2026-05-21 07:45:07
2527,宏璟,33.35,33.15,33.7,33.1,15.46,17.38,44.17,-0.03,0.22,-0.25,35.14,34.0,32.86,241,262,0.92,87.3,35.86,2.0,6.0,2026-05-21,2026-05-21 07:45:08
2528,皇普,22.1,22.3,22.3,22.0,40.06,40.73,38.89,-0.45,-0.53,0.08,22.66,22.35,22.04,441,537,0.82,96.36,6.35,1.5,6.79,2026-05-21,2026-05-21 07:45:09
2530,華建,20.85,20.9,20.9,20.45,47.32,54.1,50.0,-0.56,-0.66,0.11,21.89,21.08,20.26,915,819,1.12,175.4,10.48,3.0,14.39,2026-05-21,2026-05-21 07:45:10
2534,宏盛,17.9,17.8,18.35,17.7,21.24,16.93,26.53,-0.51,-0.43,-0.08,19.86,18.58,17.3,552,554,1.0,84.67,8.69,1.0,5.59,2026-05-21,2026-05-21 07:45:11
2535,達欣工,75.9,74.6,76.0,74.6,59.81,54.62,67.27,1.06,1.21,-0.15,76.99,74.54,72.09,803,550,1.46,197.26,11.71,4.6,6.06,2026-05-21,2026-05-21 07:45:12
2536,宏普,20.05,20.1,20.2,19.95,12.35,9.29,21.15,-0.55,-0.52,-0.03,22.31,20.82,19.34,372,319,1.17,66.73,6.31,0.5,2.49,2026-05-21,2026-05-21 07:45:14
2537,聯上發,9.83,9.76,9.84,9.74,23.38,17.43,37.58,-0.17,-0.11,-0.06,10.75,10.15,9.55,573,1060,0.54,29.54,65.53,,,2026-05-21,2026-05-21 07:45:15
2538,基泰,9.46,9.4,9.46,9.35,21.83,21.61,40.85,-0.17,-0.14,-0.03,10.2,9.72,9.23,159,525,0.3,42.1,27.82,0.7,7.4,2026-05-21,2026-05-21 07:45:16
2539,櫻花建,38.4,38.7,38.7,38.15,24.81,18.8,25.0,-1.94,-2.03,0.09,43.39,39.92,36.46,595,1054,0.57,458.15,11.1,0.5,1.3,2026-05-21,2026-05-21 07:45:17
2540,愛山林,55.7,55.6,56.3,54.8,56.97,53.36,54.35,1.0,0.92,0.09,60.76,54.77,48.79,639,2347,0.27,526.29,80.72,0.71,1.27,2026-05-21,2026-05-21 07:45:18
2542,興富發,43.65,43.95,44.4,43.6,81.99,85.2,71.88,1.85,1.6,0.25,45.28,41.1,36.92,8226,12795,0.64,921.86,20.79,2.0,4.58,2026-05-21,2026-05-21 07:45:19
2543,皇昌,46.45,46.55,46.6,44.05,51.7,26.38,49.39,-3.7,-4.42,0.73,50.37,43.61,36.86,11952,5363,2.23,245.51,17.33,1.0,2.15,2026-05-21,2026-05-21 07:45:20
2545,皇翔,37.3,37.3,37.5,37.1,23.5,32.42,47.3,0.09,0.27,-0.18,39.16,37.91,36.66,193,237,0.81,141.64,19.43,4.5,12.06,2026-05-21,2026-05-21 07:45:21
2546,根基,84.4,84.3,84.7,84.3,26.51,27.12,48.57,-0.04,0.09,-0.13,85.71,84.82,83.92,99,67,1.47,110.16,8.94,3.2,3.79,2026-05-21,2026-05-21 07:45:22
2547,日勝生,10.05,10.05,10.1,10.0,32.53,21.77,27.27,-0.18,-0.17,-0.01,10.58,10.21,9.84,1699,2045,0.83,104.03,3.54,0.58,5.77,2026-05-21,2026-05-21 07:45:23
2548,華固,123.5,124.0,125.0,123.5,26.64,37.84,45.61,-0.07,0.41,-0.49,131.87,125.97,120.08,1220,1620,0.75,394.6,14.05,5.5,4.45,2026-05-21,2026-05-21 07:45:24
2596,綠意,28.95,29.0,29.0,28.7,32.38,37.1,52.86,-0.63,-0.73,0.1,29.87,29.08,28.28,36,84,0.43,28.95,15.56,1.0,3.45,2026-05-21,2026-05-21 07:45:26
2597,潤弘,162.5,160.5,164.0,160.5,70.65,70.94,60.0,1.66,0.98,0.68,165.38,157.45,149.52,372,610,0.61,504.91,15.13,6.42,3.95,2026-05-21,2026-05-21 07:45:27
2601,益航,5.01,5.0,5.03,4.92,50.62,35.31,50.0,-0.18,-0.22,0.04,5.45,5.02,4.59,2312,2228,1.04,41.32,9.82,,,2026-05-21,2026-05-21 07:45:28
2603,長榮,212.0,212.0,214.5,210.5,55.13,48.35,59.62,1.07,1.16,-0.09,218.59,206.28,193.96,20572,25286,0.81,4589.89,6.7,32.5,15.33,2026-05-21,2026-05-21 07:45:29
2605,新興,30.6,30.1,30.7,29.9,17.46,17.68,31.36,-1.62,-1.39,-0.22,36.45,32.69,28.92,3578,4814,0.74,179.12,21.1,1.3,4.25,2026-05-21,2026-05-21 07:45:30
2606,裕民,65.0,65.0,65.0,63.7,56.87,53.11,70.0,0.75,0.71,0.04,66.6,63.05,59.5,3184,6882,0.46,549.29,15.12,,,2026-05-21,2026-05-21 07:45:31
2607,榮運,47.75,47.55,47.8,47.2,52.31,43.19,52.68,-0.84,-1.01,0.17,48.85,47.67,46.49,447,779,0.57,254.78,13.45,10.0,20.94,2026-05-21,2026-05-21 07:45:32
2608,嘉里大榮,29.1,29.35,29.35,29.0,9.09,10.31,10.34,-0.43,-0.37,-0.06,30.64,29.8,28.95,305,395,0.77,135.9,14.77,1.65,5.67,2026-05-21,2026-05-21 07:45:35
2609,陽明,51.1,50.3,51.1,49.95,67.55,48.83,60.77,-0.53,-0.79,0.26,51.35,49.75,48.16,19803,19028,1.04,1784.47,10.45,7.5,14.68,2026-05-21,2026-05-21 07:45:36
2610,華航,18.7,18.45,18.85,18.4,33.57,40.81,62.9,0.01,-0.03,0.04,19.08,18.31,17.55,26923,21083,1.28,1137.31,7.86,0.8,4.28,2026-05-21,2026-05-21 07:45:37
2611,志信,13.05,12.95,13.05,12.9,24.85,21.66,43.9,-0.3,-0.27,-0.03,13.97,13.33,12.68,331,374,0.88,24.66,25.1,0.52,3.98,2026-05-21,2026-05-21 07:45:38
2612,中航,55.4,55.0,55.4,54.7,27.47,30.5,55.75,-0.45,-0.34,-0.11,58.38,55.78,53.18,247,384,0.65,109.41,10.17,2.2,3.97,2026-05-21,2026-05-21 07:45:39
2613,中櫃,21.9,21.6,22.05,21.45,30.83,21.96,39.58,-0.4,-0.39,-0.01,23.0,22.14,21.29,381,305,1.25,30.06,19.21,1.0,4.57,2026-05-21,2026-05-21 07:45:40
2614,東森,18.15,18.35,18.35,18.1,7.91,11.72,12.73,-0.61,-0.42,-0.18,21.35,19.52,17.68,615,640,0.96,59.4,9.12,0.25,1.38,2026-05-21,2026-05-21 07:45:41
2615,萬海,81.2,81.5,82.5,80.2,74.47,62.97,66.84,0.81,0.18,0.62,81.24,76.57,71.9,10831,15536,0.7,2278.59,7.25,3.5,4.31,2026-05-21,2026-05-21 07:45:42
2616,山隆,13.75,13.7,13.8,13.6,42.26,28.02,34.48,-0.53,-0.59,0.06,14.74,13.97,13.2,302,285,1.06,18.69,,0.3,2.18,2026-05-21,2026-05-21 07:45:43
2617,台航,29.05,28.8,29.05,28.6,39.84,29.19,44.0,-0.38,-0.38,0.0,29.93,29.26,28.59,776,694,1.12,121.22,9.16,1.5,5.16,2026-05-21,2026-05-21 07:45:44
2618,長榮航,35.3,34.8,35.45,34.7,36.13,38.69,63.24,-0.02,-0.07,0.06,35.92,34.38,32.85,44956,28936,1.55,1906.36,7.35,2.4,6.8,2026-05-21,2026-05-21 07:45:45
2630,亞航,43.55,43.25,43.85,43.0,8.09,8.87,38.44,-1.52,-1.03,-0.49,52.94,46.76,40.58,603,837,0.72,91.21,43.55,,,2026-05-21,2026-05-21 07:45:46
2633,台灣高鐵,25.95,25.85,26.05,25.75,23.83,23.94,37.78,-0.2,-0.14,-0.06,26.98,26.28,25.58,2721,6346,0.43,1460.54,22.18,1.05,4.05,2026-05-21,2026-05-21 07:45:47
2634,漢翔,46.3,46.1,46.6,45.8,13.29,12.8,47.0,-0.82,-0.62,-0.2,50.61,47.65,44.69,2261,3711,0.61,436.08,59.36,1.38,2.98,2026-05-21,2026-05-21 07:45:48
2636,台驊控股,65.5,65.1,65.6,65.0,20.89,26.93,39.74,-0.68,-0.37,-0.31,69.43,66.88,64.33,275,523,0.53,89.71,8.46,5.0,7.63,2026-05-21,2026-05-21 07:45:49
2637,慧洋-KY,71.9,72.3,72.4,71.0,24.66,29.82,50.63,0.1,0.52,-0.42,76.35,73.15,69.94,2249,2309,0.97,536.67,13.39,5.0,6.95,2026-05-21,2026-05-21 07:45:50
2640,大車隊,165.0,165.0,167.5,165.0,41.76,33.19,27.87,-1.73,-0.5,-1.23,180.41,169.38,158.34,24,22,1.07,97.79,18.35,7.0,4.24,2026-05-21,2026-05-21 07:45:52
2641,正德,17.7,17.7,17.8,17.5,34.09,34.53,57.97,-0.11,-0.14,0.03,18.3,17.52,16.75,1339,1259,1.06,58.47,9.62,0.5,2.82,2026-05-21,2026-05-21 07:45:53
2642,宅配通,20.45,20.35,20.55,20.35,11.4,11.2,15.38,-0.64,-0.58,-0.06,22.62,21.35,20.09,52,85,0.61,19.52,28.4,0.5,2.44,2026-05-21,2026-05-21 07:45:54
2643,捷迅,66.9,69.8,69.8,66.2,43.8,46.5,50.0,-0.52,-0.65,0.13,67.69,66.91,66.13,66,29,2.25,23.42,10.65,4.5,6.73,2026-05-21,2026-05-21 07:45:55
2645,長榮航太,162.5,154.5,166.0,154.5,40.88,30.74,59.79,-0.65,-0.56,-0.09,166.48,157.1,147.72,3589,1558,2.3,608.68,29.87,4.5,2.77,2026-05-21,2026-05-21 07:45:56
2646,星宇航空,20.3,20.35,20.45,20.2,40.61,34.74,51.28,-0.21,-0.23,0.03,20.67,20.32,19.96,4305,4491,0.96,610.77,225.56,,,2026-05-21,2026-05-21 07:45:59
2701,萬企,10.25,10.3,10.35,10.25,6.6,9.16,33.33,-0.14,-0.1,-0.04,10.96,10.55,10.15,22,162,0.14,46.12,18.3,0.28,2.73,2026-05-21,2026-05-21 07:46:00
2702,華園,13.0,13.0,13.1,12.85,8.7,9.48,28.3,-0.42,-0.12,-0.3,16.79,14.42,12.05,33,41,0.8,20.36,,,,2026-05-21,2026-05-21 07:46:01
2704,國賓,42.05,41.85,42.2,41.75,18.23,23.1,53.93,-0.15,-0.11,-0.04,43.07,42.12,41.17,65,94,0.7,154.29,73.77,0.5,1.19,2026-05-21,2026-05-21 07:46:02
2705,六福,15.4,15.3,15.5,15.3,20.95,14.78,22.22,-0.37,-0.29,-0.09,17.29,16.05,14.82,143,171,0.84,29.46,17.7,,,2026-05-21,2026-05-21 07:46:03
2706,第一店,12.0,12.0,12.05,11.95,14.21,16.0,27.78,-0.13,-0.1,-0.04,12.64,12.27,11.89,68,119,0.58,60.0,18.46,0.35,2.92,2026-05-21,2026-05-21 07:46:04
2707,晶華,174.0,175.5,175.5,173.0,54.74,55.9,64.1,-0.61,-1.02,0.41,175.88,172.12,168.37,185,139,1.33,221.68,15.3,10.75,6.18,2026-05-21,2026-05-21 07:46:05
2712,遠雄來,15.15,15.05,15.35,15.05,8.72,13.33,15.38,-0.36,-0.06,-0.29,18.69,16.67,14.64,7,9,0.74,15.91,,,,2026-05-21,2026-05-21 07:46:06
2718,全心投控,46.2,46.1,46.35,46.1,82.22,72.84,64.88,-0.01,-0.5,0.49,47.83,44.3,40.76,59,73,0.8,40.29,2.74,4.51,9.76,2026-05-21,2026-05-21 07:46:08
2719,燦星旅,25.85,25.7,25.85,25.7,29.61,28.94,26.53,-0.55,-0.46,-0.09,28.48,26.62,24.76,4,9,0.5,17.88,,,,2026-05-21,2026-05-21 07:46:09
2722,夏都,22.35,22.75,22.75,22.2,13.69,18.5,28.89,-0.35,-0.23,-0.12,24.16,23.24,22.32,23,39,0.6,32.0,,0.15,0.67,2026-05-21,2026-05-21 07:46:10
2723,美食-KY,63.0,63.7,63.7,62.7,13.73,24.46,47.75,-1.09,-0.93,-0.16,68.16,64.79,61.42,364,381,0.95,113.4,10.29,3.0,4.76,2026-05-21,2026-05-21 07:46:11
2724,藝舍-KY,13.9,14.0,14.25,13.9,46.27,44.53,20.31,-0.92,-1.0,0.07,16.56,14.78,12.99,30,21,1.41,8.29,,,,2026-05-21,2026-05-21 07:46:13
2726,雅茗-KY,10.0,9.53,10.25,9.5,31.46,17.89,34.91,-0.18,-0.14,-0.04,11.05,10.06,9.07,153,62,2.45,3.77,,,,2026-05-21,2026-05-21 07:46:15
2727,王品,234.5,235.0,235.0,232.5,48.95,60.61,70.0,2.17,2.08,0.09,239.91,231.43,222.94,267,356,0.75,194.3,15.08,14.59,6.22,2026-05-21,2026-05-21 07:46:16
2729,瓦城,161.0,161.0,163.0,161.0,38.76,34.33,32.0,-2.2,-1.92,-0.28,170.62,165.03,159.43,20,45,0.44,68.64,23.82,7.34,4.56,2026-05-21,2026-05-21 07:46:17
2731,雄獅,160.0,161.0,161.0,160.0,45.45,42.03,52.5,-0.59,-0.86,0.27,162.49,159.72,156.96,399,638,0.63,149.24,9.23,7.5,4.69,2026-05-21,2026-05-21 07:46:18
2732,六角,65.0,64.5,65.0,64.5,22.93,30.67,46.67,-0.15,-0.02,-0.13,66.89,65.56,64.23,17,29,0.59,29.05,59.63,3.5,5.38,2026-05-21,2026-05-21 07:46:20
2734,易飛網,15.55,15.4,15.55,15.4,23.29,13.16,26.32,-0.35,-0.3,-0.05,17.11,15.98,14.84,70,77,0.91,8.9,,,,2026-05-21,2026-05-21 07:46:21
2736,富野,12.0,11.9,12.0,11.85,22.73,16.88,24.24,-0.32,-0.25,-0.07,13.4,12.54,11.69,57,64,0.89,9.6,,,,2026-05-21,2026-05-21 07:46:22
2739,寒舍,34.5,34.8,34.95,34.5,42.25,46.18,50.0,-0.02,-0.0,-0.02,35.1,34.58,34.06,87,123,0.71,31.58,14.68,1.0,2.9,2026-05-21,2026-05-21 07:46:23
2740,華軒,36.45,36.65,36.65,36.45,34.93,34.86,30.25,-0.82,-0.41,-0.41,44.14,39.56,34.98,4,4,0.98,5.21,,,,2026-05-21,2026-05-21 07:46:25
2743,山富,67.7,68.4,68.4,67.2,28.86,24.36,22.22,-1.27,-1.12,-0.15,71.85,69.42,66.99,61,80,0.77,31.69,17.27,2.0,2.95,2026-05-21,2026-05-21 07:46:26
2745,五福,101.5,101.5,101.5,101.0,22.91,14.74,46.43,-0.77,-0.72,-0.05,104.26,101.88,99.49,98,103,0.95,34.32,10.21,6.5,6.4,2026-05-21,2026-05-21 07:46:28
2748,雲品,39.3,39.35,39.45,39.1,14.45,15.85,46.39,-0.31,-0.2,-0.12,41.24,39.93,38.62,81,109,0.75,41.57,18.11,2.0,5.09,2026-05-21,2026-05-21 07:46:29
2751,王座,51.8,51.8,52.0,51.6,16.11,26.78,27.14,-1.14,-0.89,-0.25,56.76,54.16,51.55,11,11,0.96,10.24,11.51,3.99,7.7,2026-05-21,2026-05-21 07:46:30
2752,豆府,177.0,174.5,177.0,174.0,19.3,19.77,31.11,-3.89,-3.46,-0.43,190.91,182.82,174.74,35,54,0.65,47.25,11.78,13.5,7.63,2026-05-21,2026-05-21 07:46:31
2753,八方雲集,173.5,173.5,175.0,172.5,10.46,16.15,31.82,-1.75,-1.19,-0.57,182.54,177.95,173.36,446,345,1.29,115.63,13.7,10.0,5.76,2026-05-21,2026-05-21 07:46:32
2754,亞洲藏壽司,74.7,77.2,80.8,73.7,63.68,63.22,66.86,0.9,0.1,0.8,74.63,69.45,64.26,689,338,2.04,35.01,31.92,0.8,1.07,2026-05-21,2026-05-21 07:46:34
2755,揚秦,132.5,134.5,134.5,132.5,43.77,35.59,43.59,-1.5,-1.4,-0.1,137.85,133.68,129.5,27,34,0.77,49.03,21.37,2.48,1.87,2026-05-21,2026-05-21 07:46:35
2756,聯發國際,61.3,61.8,61.8,60.0,24.5,16.68,23.85,-2.46,-2.3,-0.16,70.6,64.24,57.88,21,18,1.12,14.86,16.66,8.0,13.05,2026-05-21,2026-05-21 07:46:36
2762,世界健身-KY,82.9,82.6,83.2,81.6,82.76,83.39,77.35,2.85,1.97,0.88,86.38,76.82,67.26,106,197,0.54,90.55,22.17,9.64,11.63,2026-05-21,2026-05-21 07:46:37
2801,彰銀,20.3,20.35,20.5,20.3,16.74,13.75,25.71,-0.19,-0.12,-0.07,21.46,20.76,20.06,17057,20255,0.84,2388.51,13.53,0.5,2.46,2026-05-21,2026-05-21 07:46:39
2812,台中銀,19.0,18.95,19.05,18.9,30.88,25.43,28.21,-0.39,-0.34,-0.05,20.45,19.56,18.66,7920,20686,0.38,1144.11,12.42,0.39,2.05,2026-05-21,2026-05-21 07:46:40
2816,旺旺保,30.95,31.5,31.5,30.8,46.98,49.93,56.67,0.15,0.07,0.08,31.63,30.6,29.57,189,221,0.86,69.21,6.67,1.5,4.85,2026-05-21,2026-05-21 07:46:41
2820,華票,16.9,16.85,16.9,16.8,44.65,35.55,55.0,-0.03,-0.03,-0.0,17.04,16.86,16.68,545,1236,0.44,226.96,12.61,0.78,4.62,2026-05-21,2026-05-21 07:46:42
2832,台產,53.5,54.0,54.0,53.2,40.58,48.79,60.71,1.03,1.14,-0.1,54.63,52.68,50.73,110,210,0.53,135.64,13.72,7.14,13.35,2026-05-21,2026-05-21 07:46:43
2834,臺企銀,16.1,16.1,16.15,16.05,41.47,28.81,39.13,0.05,0.09,-0.05,16.49,16.15,15.82,17422,22637,0.77,1564.61,12.88,0.2,1.24,2026-05-21,2026-05-21 07:46:44
2836,高雄銀,11.85,11.85,11.9,11.8,32.55,25.82,50.0,-0.07,-0.08,0.01,11.95,11.85,11.75,543,878,0.62,218.03,17.69,0.3,2.53,2026-05-21,2026-05-21 07:46:45
2838,聯邦銀,20.1,20.1,20.2,20.05,22.43,33.11,52.08,-0.07,-0.03,-0.04,20.76,20.28,19.81,650,1442,0.45,872.45,15.58,0.35,1.74,2026-05-21,2026-05-21 07:46:46
2845,遠東銀,12.0,12.0,12.05,11.95,10.29,7.86,30.77,-0.12,-0.11,-0.02,12.43,12.17,11.91,10991,11016,1.0,583.83,13.04,0.5,4.17,2026-05-21,2026-05-21 07:46:47
2849,安泰銀,13.3,13.2,13.3,13.2,19.66,20.11,41.86,-0.1,-0.02,-0.08,14.22,13.6,12.98,35,106,0.33,260.36,16.84,0.38,2.86,2026-05-21,2026-05-21 07:46:48
2850,新產,138.5,137.5,139.5,136.5,82.0,73.71,62.79,3.77,3.43,0.34,140.63,131.45,122.27,429,336,1.28,437.61,11.28,7.15,5.16,2026-05-21,2026-05-21 07:46:49
2851,中再保,35.55,35.05,35.65,34.6,89.49,83.6,79.03,1.25,0.88,0.37,36.01,32.1,28.2,3783,3664,1.03,284.54,9.71,1.9,5.34,2026-05-21,2026-05-21 07:46:51
2852,第一保,27.05,27.2,27.3,27.0,74.4,67.59,82.76,0.21,0.09,0.11,27.07,26.32,25.58,468,628,0.75,81.46,9.26,2.1,7.76,2026-05-21,2026-05-21 07:46:52
2855,統一證,40.2,39.95,40.25,39.65,24.15,38.68,65.23,1.76,1.98,-0.22,43.97,38.66,33.35,6278,6247,1.0,643.77,13.44,1.1,2.74,2026-05-21,2026-05-21 07:46:54
2867,三商壽,7.66,7.72,7.72,7.66,34.18,43.29,46.75,-0.03,-0.02,-0.01,7.9,7.74,7.58,4575,7537,0.61,451.9,38.3,,,2026-05-21,2026-05-21 07:46:55
2880,華南金,32.05,32.5,32.5,31.95,15.0,20.2,50.0,-0.57,-0.5,-0.08,35.06,32.96,30.86,30826,24739,1.25,4460.39,16.87,1.25,3.9,2026-05-21,2026-05-21 07:46:56
2881,富邦金,96.1,96.5,96.8,95.3,57.86,63.23,68.05,1.9,1.66,0.24,99.3,93.0,86.7,32091,44456,0.72,13132.76,11.48,4.15,4.32,2026-05-21,2026-05-21 07:46:57
2882,國泰金,78.7,77.8,79.1,77.8,47.0,40.56,55.32,0.93,0.99,-0.06,80.33,77.18,74.04,41823,39187,1.07,11544.67,11.15,3.5,4.45,2026-05-21,2026-05-21 07:46:58
2883,凱基金,21.4,21.85,21.95,21.4,17.44,29.42,48.94,0.23,0.35,-0.12,23.06,21.63,20.19,61649,61935,1.0,3632.62,12.3,0.84,3.93,2026-05-21,2026-05-21 07:46:59
2884,玉山金,31.55,32.05,32.05,31.55,21.1,34.46,45.95,-0.21,-0.19,-0.02,32.77,32.01,31.26,28396,32553,0.87,5102.9,14.88,1.2,3.8,2026-05-21,2026-05-21 07:47:00
2885,元大金,54.7,55.5,56.1,54.6,32.13,43.28,62.14,1.54,1.84,-0.3,58.25,54.05,49.85,26330,24670,1.07,7292.14,19.96,1.5,2.74,2026-05-21,2026-05-21 07:47:02
2886,兆豐金,40.2,40.3,40.5,40.05,49.13,47.81,61.7,0.16,0.09,0.07,40.64,39.71,38.78,26240,32566,0.81,5963.02,17.03,1.6,3.98,2026-05-21,2026-05-21 07:47:03
2887,台新新光金,23.85,24.2,24.2,23.8,61.58,48.16,50.7,-0.13,-0.18,0.05,24.39,23.7,23.01,92168,96229,0.96,5930.61,12.49,0.9,3.77,2026-05-21,2026-05-21 07:47:04
2889,國票金,14.75,14.7,14.75,14.55,57.79,50.35,63.16,-0.17,-0.23,0.06,14.85,14.64,14.42,2068,2335,0.89,535.95,23.41,0.3,2.03,2026-05-21,2026-05-21 07:47:05
2890,永豐金,29.7,29.8,30.0,29.7,6.93,13.44,25.49,-0.52,-0.41,-0.1,32.21,30.8,29.4,23181,36739,0.63,4304.22,15.08,0.91,3.06,2026-05-21,2026-05-21 07:47:06
2891,中信金,57.5,57.9,58.6,57.2,69.26,60.15,72.03,0.87,0.58,0.29,57.72,54.48,51.23,69456,61650,1.13,11314.74,14.16,2.3,4.0,2026-05-21,2026-05-21 07:47:07
2892,第一金,27.7,28.0,28.05,27.55,25.75,44.53,37.08,-0.07,0.06,-0.14,29.94,28.75,27.56,85348,68150,1.25,3983.11,14.81,0.95,3.43,2026-05-21,2026-05-21 07:47:08
2897,王道銀行,10.1,10.05,10.1,10.0,31.18,29.85,50.0,-0.01,0.01,-0.02,10.24,10.1,9.95,2440,3634,0.67,281.02,18.04,0.5,4.95,2026-05-21,2026-05-21 07:47:09
2901,欣欣,22.55,22.7,22.7,22.5,11.65,15.49,35.92,-0.27,-0.15,-0.11,24.71,23.35,21.98,18,16,1.12,16.47,59.34,0.37,1.64,2026-05-21,2026-05-21 07:47:10
2903,遠百,22.25,22.3,22.3,22.1,31.75,34.45,51.43,-0.14,-0.16,0.02,22.46,22.25,22.03,1518,1717,0.88,313.44,14.26,1.35,6.07,2026-05-21,2026-05-21 07:47:11
2904,匯僑,14.3,14.1,14.5,14.1,10.9,8.55,8.51,-0.61,-0.44,-0.17,17.18,15.58,13.98,75,149,0.5,11.13,14.59,1.0,6.99,2026-05-21,2026-05-21 07:47:12
2905,三商,13.35,13.35,13.4,13.25,35.92,28.2,40.0,-0.29,-0.32,0.03,14.03,13.51,12.98,457,557,0.82,140.61,18.8,0.3,2.25,2026-05-21,2026-05-21 07:47:13
2906,高林,12.7,12.85,12.9,12.6,59.65,54.4,60.0,-0.0,-0.06,0.06,12.92,12.5,12.08,140,207,0.68,26.56,27.02,0.6,4.72,2026-05-21,2026-05-21 07:47:14
2908,特力,21.05,20.95,21.05,20.9,90.51,81.16,66.67,0.17,0.15,0.01,21.18,20.73,20.28,347,247,1.41,107.33,91.52,0.9,4.28,2026-05-21,2026-05-21 07:47:16
2910,統領,21.2,21.3,21.3,21.2,14.28,20.86,45.35,-0.09,0.06,-0.15,22.86,21.89,20.91,7,9,0.75,37.19,17.24,1.04,4.91,2026-05-21,2026-05-21 07:47:17
2911,麗嬰房,7.9,7.9,7.9,7.9,91.2,76.93,91.92,0.45,0.16,0.28,7.15,5.5,3.86,932,671,1.39,8.3,3.67,,,2026-05-21,2026-05-21 07:47:18
2912,統一超,221.0,223.0,224.0,218.5,19.62,23.82,45.0,-0.86,-0.1,-0.77,232.51,226.35,220.19,6344,3589,1.77,2297.57,20.58,9.0,4.07,2026-05-21,2026-05-21 07:47:19
2913,農林,11.0,10.95,11.0,10.85,26.07,21.86,39.13,-0.27,-0.28,0.01,11.51,11.14,10.77,880,1583,0.56,86.9,,,,2026-05-21,2026-05-21 07:47:20
2915,潤泰全,44.05,44.0,44.2,43.75,47.87,41.04,45.59,-0.63,-0.9,0.26,45.1,43.85,42.6,2081,2726,0.76,470.33,4.75,2.5,5.68,2026-05-21,2026-05-21 07:47:21
2916,滿心,47.55,47.95,47.95,47.5,82.53,72.47,73.12,0.2,-0.17,0.37,47.88,45.83,43.78,204,118,1.72,30.73,12.04,3.6,7.57,2026-05-21,2026-05-21 07:47:22
2923,鼎固-KY,21.3,20.3,21.3,20.3,14.73,21.29,49.39,-0.29,0.31,-0.6,28.25,23.43,18.61,51,90,0.57,370.68,35.5,0.24,1.13,2026-05-21,2026-05-21 07:47:23
2924,宏太-KY,15.85,16.0,16.5,15.35,8.46,13.86,0.0,-1.09,-0.51,-0.58,24.5,19.45,14.41,4,5,0.71,8.25,,,,2026-05-21,2026-05-21 07:47:25
2926,誠品生活,36.45,37.6,37.6,36.1,42.57,42.37,37.89,-0.16,-0.15,-0.01,37.81,36.85,35.89,13,8,1.74,17.27,67.5,0.46,1.26,2026-05-21,2026-05-21 07:47:26
2929,淘帝-KY,5.68,5.18,5.68,5.15,40.35,22.04,53.33,-0.21,-0.23,0.02,5.93,5.56,5.19,980,410,2.39,6.22,0.45,,,2026-05-21,2026-05-21 07:47:27
2937,集雅社,47.5,46.5,49.7,46.5,88.01,92.05,94.12,0.66,0.33,0.33,47.4,44.73,42.06,38,13,2.8,20.68,11.76,2.1,4.42,2026-05-21,2026-05-21 07:47:28
2939,永邑-KY,22.45,22.35,22.55,22.25,14.33,20.61,3.51,-0.6,-0.37,-0.23,26.18,24.45,22.71,19,14,1.32,10.23,,,,2026-05-21,2026-05-21 07:47:29
2941,米斯特,31.0,31.0,31.0,31.0,60.31,60.94,53.57,-0.92,-1.31,0.39,33.02,30.96,28.9,1,8,0.12,4.77,13.19,2.28,7.35,2026-05-21,2026-05-21 07:47:31
2945,三商家購,40.1,41.0,41.05,39.8,53.65,52.91,40.54,-0.22,-0.13,-0.09,42.03,41.05,40.07,41,22,1.87,27.07,18.83,1.5,3.74,2026-05-21,2026-05-21 07:47:32
2947,振宇五金,77.9,77.5,77.9,77.5,52.97,62.66,44.44,0.09,0.11,-0.02,79.19,78.14,77.09,3,5,0.54,16.74,24.65,2.2,2.82,2026-05-21,2026-05-21 07:47:33
2948,寶陞,37.8,36.5,37.85,36.5,60.46,58.71,49.05,-0.39,-0.31,-0.08,39.56,38.0,36.44,8,10,0.77,11.72,17.66,1.82,4.81,2026-05-21,2026-05-21 07:47:34
2949,欣新網,60.5,59.0,60.5,58.9,75.33,70.45,65.5,0.46,-0.49,0.95,62.62,56.38,50.14,10,20,0.51,18.24,16.85,0.83,1.37,2026-05-21,2026-05-21 07:47:37
3002,歐格,17.1,17.1,17.45,17.0,30.38,21.72,40.0,-0.62,-0.57,-0.05,19.12,17.68,16.24,324,222,1.45,17.43,47.5,0.7,4.09,2026-05-21,2026-05-21 07:47:38
3003,健和興,60.5,59.7,60.8,59.3,59.76,61.53,67.68,1.82,1.71,0.11,61.63,56.88,52.13,969,1001,0.97,94.17,61.11,2.0,3.31,2026-05-21,2026-05-21 07:47:39
3004,豐達科,126.0,126.0,128.0,124.5,60.21,54.63,58.56,3.26,2.72,0.54,129.34,119.17,109.01,330,1123,0.29,81.1,21.84,2.55,2.02,2026-05-21,2026-05-21 07:47:40
3005,神基,102.0,99.7,104.0,99.5,31.58,33.9,60.0,-0.7,-1.32,0.62,101.96,98.7,95.44,9822,6823,1.44,636.8,12.27,6.79,6.66,2026-05-21,2026-05-21 07:47:41
3006,晶豪科,222.0,232.0,237.0,219.0,52.92,70.42,70.11,18.13,16.24,1.89,263.67,202.03,140.38,27823,32511,0.86,629.9,255.17,1.0,0.45,2026-05-21,2026-05-21 07:47:42
3008,大立光,3460.0,3285.0,3520.0,3280.0,79.11,77.69,76.92,234.24,163.88,70.36,3524.27,2809.0,2093.73,1724,3024,0.57,4525.62,22.02,80.0,2.31,2026-05-21,2026-05-21 07:47:43
3010,華立,135.0,131.0,135.5,130.0,38.75,30.44,52.63,-0.47,0.26,-0.73,142.24,133.18,124.11,2003,1593,1.26,350.24,15.43,5.3,3.93,2026-05-21,2026-05-21 07:47:44
3011,今皓,13.45,13.25,13.9,13.2,46.27,31.68,42.31,-0.07,0.01,-0.08,14.71,13.48,12.25,1604,913,1.76,16.83,,,,2026-05-21,2026-05-21 07:47:45
3013,晟銘電,100.5,100.5,102.0,100.5,11.85,16.18,43.33,-1.42,-0.12,-1.29,115.69,106.71,97.73,1852,1947,0.95,206.16,25.06,0.6,0.6,2026-05-21,2026-05-21 07:47:46
3014,聯陽,145.0,140.0,147.0,138.5,56.03,52.05,77.63,4.65,4.16,0.49,145.6,132.32,119.05,6370,2991,2.13,240.68,15.66,9.0,6.21,2026-05-21,2026-05-21 07:47:47
3015,全漢,51.0,51.4,51.5,50.6,55.98,42.84,57.07,-0.12,-0.17,0.05,51.78,50.44,49.11,475,473,1.01,95.5,27.57,2.2,4.31,2026-05-21,2026-05-21 07:47:49
3016,嘉晶,115.5,112.0,115.5,112.0,32.98,43.08,65.21,11.43,12.96,-1.53,142.6,102.27,61.94,1103,1230,0.9,333.27,1650.0,0.5,0.43,2026-05-21,2026-05-21 07:47:50
3017,奇鋐,2495.0,2445.0,2515.0,2415.0,26.15,25.04,35.34,14.77,59.41,-44.64,2986.48,2605.0,2223.52,3754,4153,0.9,9784.86,51.76,9.93,0.4,2026-05-21,2026-05-21 07:47:51
3018,隆銘綠能,9.34,9.34,9.34,9.34,7.89,12.72,23.23,-0.47,-0.38,-0.09,11.32,10.3,9.27,19,30,0.65,7.04,1.04,,,2026-05-21,2026-05-21 07:47:53
3019,亞光,151.5,154.5,155.0,151.5,72.04,65.02,69.12,4.48,3.77,0.7,154.53,143.68,132.82,11903,12518,0.95,423.05,23.34,4.0,2.64,2026-05-21,2026-05-21 07:47:54
3021,鴻名,17.1,17.0,17.2,17.0,48.15,41.17,48.48,0.22,0.18,0.04,17.29,16.6,15.9,132,284,0.46,16.23,51.82,0.6,3.51,2026-05-21,2026-05-21 07:47:55
3022,威強電,69.9,68.9,70.4,68.7,41.76,29.55,52.09,0.39,0.93,-0.53,74.96,69.87,64.78,1036,659,1.57,123.44,15.2,4.5,6.44,2026-05-21,2026-05-21 07:47:56
3023,信邦,313.5,309.0,314.5,306.0,65.45,56.06,65.62,8.72,8.59,0.13,317.48,293.85,270.22,2204,2783,0.79,752.62,24.08,10.25,3.27,2026-05-21,2026-05-21 07:47:57
3024,憶聲,17.15,18.05,18.05,16.65,79.85,81.91,80.69,1.53,1.3,0.22,18.31,14.95,11.59,5994,7157,0.84,47.53,63.52,0.4,2.33,2026-05-21,2026-05-21 07:47:59
3025,星通,64.6,60.6,64.6,59.6,44.08,30.82,62.86,-0.13,0.0,-0.13,65.08,61.47,57.85,1330,615,2.16,36.65,18.89,3.3,5.11,2026-05-21,2026-05-21 07:48:00
3026,禾伸堂,433.5,428.0,433.5,427.0,89.35,84.41,87.71,51.86,42.58,9.28,431.71,296.95,162.19,2071,2246,0.92,719.13,66.59,5.5,1.27,2026-05-21,2026-05-21 07:48:01
3027,盛達,17.6,17.1,17.9,17.1,16.43,16.98,38.89,-0.56,-0.52,-0.04,19.46,18.21,16.97,390,258,1.51,22.71,7.86,,,2026-05-21,2026-05-21 07:48:02
3028,增你強,83.3,86.0,86.5,83.2,70.63,68.34,73.89,5.76,5.29,0.47,87.41,74.25,61.08,5457,7472,0.73,197.62,26.53,2.1,2.52,2026-05-21,2026-05-21 07:48:03
3029,零壹,96.1,95.1,96.9,94.8,18.28,19.43,27.82,-0.96,-0.73,-0.24,102.9,97.62,92.35,911,899,1.01,159.96,14.76,5.5,5.72,2026-05-21,2026-05-21 07:48:04
3030,德律,381.5,362.0,381.5,361.0,35.12,39.89,58.44,18.8,26.12,-7.32,445.61,373.45,301.29,2005,1831,1.09,901.16,36.4,5.0,1.31,2026-05-21,2026-05-21 07:48:05
3031,佰鴻,33.6,31.25,33.6,30.55,63.18,40.83,59.81,0.65,0.79,-0.15,33.94,30.76,27.58,15817,4777,3.31,58.2,31.11,1.0,2.98,2026-05-21,2026-05-21 07:48:06
3032,偉訓,79.3,77.0,79.5,76.4,65.79,72.09,74.13,3.96,3.35,0.61,86.31,71.5,56.7,999,1582,0.63,89.84,,2.73,3.44,2026-05-21,2026-05-21 07:48:07
3033,威健,52.5,51.8,53.0,50.6,92.24,90.73,92.41,4.25,3.32,0.92,53.9,42.29,30.67,26581,31643,0.84,253.43,32.61,2.08,3.96,2026-05-21,2026-05-21 07:48:08
3034,聯詠,484.5,478.0,487.5,475.0,55.11,62.25,72.14,20.07,19.92,0.14,520.79,451.32,381.86,6057,6061,1.0,2948.24,18.05,28.0,5.78,2026-05-21,2026-05-21 07:48:09
3035,智原,208.0,195.5,208.0,195.0,64.47,59.0,69.61,9.02,8.39,0.63,209.87,185.25,160.63,25005,14091,1.77,541.94,74.29,3.0,1.44,2026-05-21,2026-05-21 07:48:10
3036,文曄,291.5,281.0,293.0,278.5,81.09,77.17,83.27,16.67,11.62,5.05,307.05,238.88,170.7,16744,14464,1.16,3710.41,28.3,6.0,2.06,2026-05-21,2026-05-21 07:48:13
3037,欣興,905.0,870.0,905.0,868.0,50.3,42.9,52.52,51.61,63.72,-12.11,941.74,847.3,752.86,32585,24920,1.31,14249.4,207.57,1.49,0.16,2026-05-21,2026-05-21 07:48:14
3038,全台,22.55,22.35,22.65,22.0,32.95,32.19,44.93,0.04,0.17,-0.12,23.46,22.76,22.06,302,353,0.86,32.48,20.5,1.2,5.32,2026-05-21,2026-05-21 07:48:15
3040,遠見,40.2,40.05,40.3,40.0,40.58,25.98,32.9,-1.72,-1.7,-0.02,46.74,41.86,36.98,29,110,0.27,25.32,125.63,1.0,2.49,2026-05-21,2026-05-21 07:48:16
3041,揚智,24.85,24.1,25.1,24.05,45.76,36.19,59.06,0.15,0.19,-0.04,25.17,23.97,22.78,2544,1490,1.71,34.85,25.62,,,2026-05-21,2026-05-21 07:48:17
3042,晶技,160.0,154.0,162.5,151.5,49.82,37.39,54.12,5.85,7.97,-2.11,166.61,152.22,137.84,32623,18950,1.72,543.99,30.65,5.2,3.25,2026-05-21,2026-05-21 07:48:18
3043,科風,21.25,21.2,21.9,20.7,56.63,37.17,58.82,-0.01,-0.12,0.12,22.26,20.47,18.68,1252,437,2.86,8.28,,,,2026-05-21,2026-05-21 07:48:19
3044,健鼎,488.0,472.5,492.0,471.0,26.79,33.65,58.68,17.46,22.75,-5.29,518.96,478.68,438.39,3776,4155,0.91,2564.96,25.18,10.3,2.11,2026-05-21,2026-05-21 07:48:20
3045,台灣大,113.5,115.0,115.0,113.0,65.16,64.33,57.69,1.12,0.83,0.3,116.18,112.15,108.12,16216,16110,1.01,3439.8,24.15,4.5,3.96,2026-05-21,2026-05-21 07:48:21
3046,建碁,52.1,52.0,52.2,51.8,62.08,61.49,71.43,0.87,0.77,0.1,53.21,49.88,46.56,282,254,1.11,40.87,13.03,3.0,5.76,2026-05-21,2026-05-21 07:48:22
3047,訊舟,14.65,14.4,14.75,14.3,49.01,35.21,50.0,-0.34,-0.39,0.04,15.11,14.57,14.04,1007,938,1.07,32.71,,0.3,2.05,2026-05-21,2026-05-21 07:48:24
3048,益登,67.8,67.8,67.8,67.8,94.48,91.24,94.99,6.01,3.66,2.35,64.31,46.18,28.04,3562,22713,0.16,182.94,33.9,1.0,1.47,2026-05-21,2026-05-21 07:48:25
3049,精金,12.0,11.95,12.3,11.9,11.81,18.99,48.0,-0.16,-0.02,-0.13,13.65,12.59,11.53,5222,5302,0.98,96.24,38.71,,,2026-05-21,2026-05-21 07:48:26
3050,鈺德,12.15,11.85,12.15,11.85,39.12,34.45,47.5,-0.27,-0.27,-0.0,12.64,12.21,11.78,450,486,0.93,18.83,303.75,0.5,4.12,2026-05-21,2026-05-21 07:48:27
3051,力特,25.65,25.3,25.95,25.15,29.08,24.35,36.89,0.6,0.98,-0.37,29.72,26.13,22.55,1396,1306,1.07,42.32,25.4,1.52,5.93,2026-05-21,2026-05-21 07:48:28
3052,夆典,10.5,10.45,10.55,10.45,19.23,21.05,43.48,-0.12,-0.11,-0.01,10.92,10.66,10.4,229,406,0.56,21.42,9.63,0.5,4.76,2026-05-21,2026-05-21 07:48:29
3054,立萬利,66.8,67.7,69.1,66.5,9.63,12.79,51.94,-0.34,0.35,-0.69,75.72,69.1,62.49,152,144,1.05,53.87,34.43,0.8,1.2,2026-05-21,2026-05-21 07:48:30
3055,蔚華科,116.5,112.5,119.0,110.5,76.29,78.37,72.79,12.4,10.47,1.93,127.22,94.2,61.18,7649,7909,0.97,131.33,,1.0,0.86,2026-05-21,2026-05-21 07:48:31
3056,富華新,13.9,13.75,14.0,13.75,51.53,40.64,50.0,-0.26,-0.34,0.08,14.34,13.72,13.1,1280,1185,1.08,66.8,12.99,1.48,10.65,2026-05-21,2026-05-21 07:48:32
3057,喬鼎,19.15,18.5,19.2,18.5,21.27,24.46,42.75,0.19,0.54,-0.35,22.02,19.78,17.54,142,202,0.7,13.0,47.88,,,2026-05-21,2026-05-21 07:48:33
3058,立德,8.24,8.21,8.36,8.12,17.6,19.7,41.83,-0.27,-0.27,0.0,9.02,8.45,7.88,569,545,1.04,16.51,,,,2026-05-21,2026-05-21 07:48:35
3059,華晶科,43.2,43.25,43.65,42.55,77.39,66.15,62.72,1.2,0.93,0.27,43.7,40.38,37.06,8667,13018,0.67,132.89,35.12,1.0,2.31,2026-05-21,2026-05-21 07:48:36
3060,銘異,27.55,27.2,27.6,26.95,27.15,24.16,46.21,-0.66,-0.61,-0.05,29.09,27.75,26.41,1272,1397,0.91,37.9,,0.35,1.27,2026-05-21,2026-05-21 07:48:37
3062,建漢,28.4,28.1,28.55,27.9,58.24,56.83,68.04,0.07,-0.07,0.14,29.26,26.93,24.6,6178,7008,0.88,93.17,41.76,,,2026-05-21,2026-05-21 07:48:38
3064,泰偉,18.95,17.75,18.95,17.75,44.4,51.48,38.61,-1.32,-1.59,0.27,21.81,20.19,18.57,9,7,1.37,2.47,,,,2026-05-21,2026-05-21 07:48:39
3066,李洲,20.7,21.35,21.4,20.25,72.01,57.86,63.85,0.18,-0.05,0.23,20.34,18.78,17.22,1736,847,2.05,17.2,,,,2026-05-21,2026-05-21 07:48:40
3067,全域,17.5,17.5,17.5,17.5,41.3,25.27,25.0,-0.22,-0.2,-0.02,18.34,17.64,16.94,1,6,0.16,3.5,,,,2026-05-21,2026-05-21 07:48:42
3071,協禧,29.7,29.6,29.95,29.5,41.78,37.32,46.37,0.07,0.31,-0.24,32.03,30.24,28.44,320,413,0.78,32.67,52.11,0.81,2.73,2026-05-21,2026-05-21 07:48:43
3078,僑威,55.2,52.5,55.4,52.5,22.86,18.29,48.65,-0.95,-0.72,-0.24,58.8,55.59,52.39,1682,1372,1.23,125.52,9.2,4.0,7.25,2026-05-21,2026-05-21 07:48:46
3081,聯亞,2555.0,2655.0,2660.0,2540.0,25.63,37.19,47.67,97.73,162.84,-65.11,3048.82,2703.5,2358.18,2305,2205,1.05,2363.82,550.65,0.5,0.02,2026-05-21,2026-05-21 07:48:47
3083,網龍,27.85,28.6,28.6,27.85,65.07,52.72,56.98,0.01,-0.17,0.18,27.94,27.06,26.17,156,269,0.58,24.09,64.77,0.33,1.18,2026-05-21,2026-05-21 07:48:49
3085,新零售,11.85,11.8,11.85,11.75,24.91,37.52,52.68,-0.02,0.01,-0.03,13.45,12.08,10.71,6,6,1.06,8.18,,,,2026-05-21,2026-05-21 07:48:50
3086,華義*,36.85,37.7,37.85,36.6,12.04,13.41,43.45,0.62,1.5,-0.88,43.85,39.48,35.1,412,474,0.87,100.49,,0.02,0.05,2026-05-21,2026-05-21 07:48:51
3088,艾訊,137.5,137.0,140.5,134.5,82.57,82.4,86.42,10.69,10.09,0.6,147.89,119.27,90.65,2964,2286,1.3,149.39,30.76,4.33,3.15,2026-05-21,2026-05-21 07:48:54
3090,日電貿,196.0,186.0,196.0,182.5,97.4,92.54,94.23,18.84,10.74,8.1,180.38,122.56,64.74,61109,34401,1.78,563.63,36.23,4.2,2.14,2026-05-21,2026-05-21 07:48:55
3092,鴻碩,29.0,28.5,29.35,28.5,18.2,15.74,33.52,-0.81,-0.45,-0.36,33.89,30.84,27.8,368,380,0.97,30.93,,,,2026-05-21,2026-05-21 07:48:56
3093,港建*,48.45,48.35,49.85,47.9,4.7,8.53,30.78,-2.16,-0.26,-1.9,67.97,56.89,45.81,881,1170,0.75,70.33,39.71,,,2026-05-21,2026-05-21 07:48:57
3094,聯傑,35.95,37.4,37.45,35.55,81.95,78.89,77.01,2.64,2.15,0.49,37.23,30.34,23.45,6357,5324,1.19,29.88,149.79,0.17,0.47,2026-05-21,2026-05-21 07:48:58
3095,及成,47.35,49.4,49.45,46.5,64.24,58.02,73.38,2.72,2.72,0.0,48.01,43.71,39.42,58,56,1.04,4.74,,,,2026-05-21,2026-05-21 07:49:00
3105,穩懋,483.0,459.5,489.0,456.5,22.04,19.91,40.07,1.37,12.92,-11.55,567.72,501.02,434.33,24499,22940,1.07,2047.63,121.66,1.0,0.21,2026-05-21,2026-05-21 07:49:01
3114,好德,27.65,27.65,27.75,27.2,65.41,58.24,72.84,0.27,0.12,0.15,27.49,26.34,25.18,214,301,0.71,17.86,12.51,1.2,4.34,2026-05-21,2026-05-21 07:49:03
3115,富榮綱,8.63,8.84,8.84,8.41,20.58,24.37,20.35,-0.25,-0.12,-0.12,10.63,9.66,8.7,45,47,0.95,6.27,,,,2026-05-21,2026-05-21 07:49:05
3118,進階,33.5,33.35,33.5,33.35,14.49,17.13,46.88,0.01,0.04,-0.04,33.86,33.61,33.36,19,19,0.99,10.87,13.73,1.8,5.37,2026-05-21,2026-05-21 07:49:07
3122,笙泉,35.6,36.0,36.85,35.2,24.03,38.03,60.28,1.96,2.43,-0.47,41.04,35.57,30.1,488,443,1.1,14.51,,,,2026-05-21,2026-05-21 07:49:08
3128,昇銳,23.75,24.0,24.1,23.25,51.35,30.67,49.64,-0.45,-0.46,0.02,24.94,23.49,22.04,579,225,2.57,11.24,18.55,0.19,0.8,2026-05-21,2026-05-21 07:49:09
3130,一零四,222.0,221.5,222.5,221.0,27.15,33.55,58.33,0.12,0.09,0.04,222.99,221.65,220.31,22,23,0.95,73.68,15.24,14.14,6.37,2026-05-21,2026-05-21 07:49:10
3131,弘塑,2700.0,2655.0,2725.0,2605.0,18.02,24.8,42.65,-53.18,15.25,-68.43,3302.79,2938.75,2574.71,488,427,1.14,775.33,61.2,22.0,0.81,2026-05-21,2026-05-21 07:49:12
3135,凌航,195.5,199.5,200.0,195.0,45.57,62.38,70.77,19.46,19.58,-0.11,236.43,175.07,113.72,1262,3544,0.36,175.41,31.94,1.32,0.68,2026-05-21,2026-05-21 07:49:13
3138,耀登,165.5,164.5,171.0,164.5,62.44,54.99,61.95,-2.65,-4.32,1.66,170.04,158.22,146.41,1647,2912,0.57,82.21,110.33,2.56,1.55,2026-05-21,2026-05-21 07:49:14
3141,晶宏,71.3,66.9,71.3,65.7,81.2,76.78,81.48,5.53,4.37,1.15,71.91,56.18,40.45,3755,3335,1.13,53.04,134.53,0.51,0.72,2026-05-21,2026-05-21 07:49:15
3147,大綜,181.0,179.5,181.5,179.0,59.63,52.18,62.5,2.38,2.11,0.27,184.58,176.35,168.12,227,395,0.57,79.07,21.47,5.0,2.76,2026-05-21,2026-05-21 07:49:17
3149,正達,56.6,56.8,57.7,56.1,71.22,75.54,66.15,3.16,2.47,0.69,61.2,50.72,40.24,12404,29265,0.42,128.05,,,,2026-05-21,2026-05-21 07:49:18
3150,鈺寶-創,19.75,18.25,20.0,18.25,34.49,21.52,55.2,-0.03,0.06,-0.09,21.09,19.18,17.27,170,57,2.99,8.76,,1.0,5.06,2026-05-21,2026-05-21 07:49:19
3152,璟德,172.0,168.5,173.5,167.5,29.18,29.72,50.91,2.38,3.74,-1.36,181.28,169.47,157.67,946,1620,0.58,118.71,18.3,5.59,3.25,2026-05-21,2026-05-21 07:49:21
3158,嘉實,86.6,85.2,87.5,85.2,13.34,6.73,32.47,-0.83,-0.41,-0.42,91.8,88.57,85.34,18,13,1.33,26.23,12.57,6.5,7.51,2026-05-21,2026-05-21 07:49:22
3162,精確,88.1,86.4,89.3,85.5,48.69,48.86,67.13,4.65,5.45,-0.8,95.52,84.67,73.83,3447,3855,0.89,135.92,52.75,0.49,0.56,2026-05-21,2026-05-21 07:49:24
3163,波若威,1045.0,995.0,1045.0,974.0,34.98,22.5,43.06,-24.93,-5.03,-19.9,1254.47,1061.35,868.23,2598,1049,2.48,841.65,168.82,3.0,0.29,2026-05-21,2026-05-21 07:49:25
3164,景岳,16.65,16.8,16.8,16.65,17.0,14.67,21.62,-0.23,-0.13,-0.1,18.22,17.44,16.67,131,90,1.45,14.32,25.23,0.8,4.8,2026-05-21,2026-05-21 07:49:26
3167,大量,756.0,821.0,853.0,755.0,63.28,59.97,38.9,45.67,57.93,-12.26,864.36,753.25,642.14,7837,4580,1.71,676.74,94.15,4.0,0.53,2026-05-21,2026-05-21 07:49:27
3168,眾福科,45.8,45.05,45.8,45.05,67.3,57.05,59.43,0.45,0.48,-0.03,46.28,44.61,42.94,51,56,0.9,34.4,17.68,3.04,6.64,2026-05-21,2026-05-21 07:49:28
3169,亞信,118.0,114.0,118.0,113.5,59.44,47.87,65.0,3.33,3.4,-0.07,117.84,109.95,102.06,1301,693,1.88,74.47,32.51,3.2,2.71,2026-05-21,2026-05-21 07:49:30
3171,炎洲流通,66.9,66.8,67.4,66.6,51.45,56.84,42.47,0.43,0.84,-0.41,70.98,68.17,65.37,15,25,0.61,20.15,16.16,3.0,4.48,2026-05-21,2026-05-21 07:49:32
3176,基亞,39.7,36.2,40.95,36.2,76.73,61.43,74.19,1.29,0.63,0.66,38.24,33.6,28.97,1748,2001,0.87,55.3,,,,2026-05-21,2026-05-21 07:49:33
3178,公準,67.4,66.3,68.5,66.3,24.34,22.8,40.32,0.26,0.97,-0.71,74.36,69.35,64.35,85,168,0.51,30.36,,0.5,0.74,2026-05-21,2026-05-21 07:49:34
3188,鑫龍騰,24.35,24.5,24.5,24.2,34.92,28.14,37.93,-0.72,-0.78,0.07,26.28,24.85,23.42,152,258,0.59,45.86,6.53,3.2,13.14,2026-05-21,2026-05-21 07:49:36
3189,景碩,554.0,540.0,554.0,531.0,73.93,62.35,54.33,27.81,30.19,-2.38,550.29,506.68,463.06,35190,32628,1.08,2919.11,163.91,0.97,0.18,2026-05-21,2026-05-21 07:49:37
3191,雲嘉南,15.5,15.0,15.95,14.9,65.84,56.61,69.23,0.24,0.07,0.16,15.06,14.08,13.09,86,93,0.93,6.76,30.39,,,2026-05-21,2026-05-21 07:49:38
3205,佰研,55.0,54.5,55.2,54.3,23.67,15.5,42.11,-0.89,-0.65,-0.24,59.9,55.8,51.7,140,112,1.25,37.15,,,,2026-05-21,2026-05-21 07:49:39
3206,志豐,37.8,37.9,38.55,37.7,49.39,53.14,68.28,0.39,0.16,0.23,40.27,36.26,32.24,75,113,0.66,22.27,18.81,2.5,6.61,2026-05-21,2026-05-21 07:49:41
3207,耀勝,57.6,59.1,59.1,57.5,47.95,45.83,37.82,-1.93,-1.94,0.01,66.52,61.13,55.74,163,367,0.44,37.12,,,,2026-05-21,2026-05-21 07:49:42
3209,全科,79.1,79.0,80.6,74.6,92.71,90.68,85.68,7.77,5.83,1.94,80.05,60.67,41.28,10262,9813,1.05,186.19,26.45,2.48,3.14,2026-05-21,2026-05-21 07:49:43
3211,順達,353.0,359.0,367.0,352.0,16.78,25.26,47.08,0.52,5.89,-5.38,406.15,373.88,341.6,4487,5473,0.82,544.76,39.27,12.5,3.54,2026-05-21,2026-05-21 07:49:45
3213,茂訊,117.5,117.0,118.5,115.5,63.43,61.38,77.08,2.91,2.79,0.12,120.33,111.25,102.17,976,520,1.88,68.95,16.07,6.0,5.11,2026-05-21,2026-05-21 07:49:46
3217,優群,199.0,194.0,206.0,190.5,78.95,74.72,81.55,7.36,6.01,1.35,196.03,179.3,162.57,5530,2774,1.99,179.31,15.68,8.81,4.43,2026-05-21,2026-05-21 07:49:47
3218,大學光,130.0,130.0,131.0,129.0,27.11,24.98,36.96,-0.73,-0.26,-0.48,140.19,131.28,122.36,192,213,0.9,110.14,10.6,7.75,5.96,2026-05-21,2026-05-21 07:49:49
3219,倚強科,84.5,82.8,85.6,82.6,71.35,76.4,68.74,5.13,4.06,1.07,92.78,73.93,55.08,556,1467,0.38,60.65,55.59,0.27,0.32,2026-05-21,2026-05-21 07:49:50
3221,台嘉碩,51.3,50.9,52.1,50.0,58.72,40.24,67.07,1.8,1.57,0.22,49.4,44.29,39.19,19859,14628,1.36,53.9,641.25,0.9,1.75,2026-05-21,2026-05-21 07:49:52
3224,三顧,41.05,40.5,41.4,40.25,16.4,18.63,26.07,-0.67,-0.04,-0.63,50.91,44.64,38.36,132,130,1.02,32.07,,,,2026-05-21,2026-05-21 07:49:53
3226,龍鋒,40.0,40.0,40.0,40.0,59.22,59.45,39.01,-0.75,-0.85,0.1,42.63,40.76,38.89,1,2,0.46,25.77,166.67,0.5,1.25,2026-05-21,2026-05-21 07:49:54
3227,原相,229.0,227.5,230.5,225.5,55.62,54.25,68.07,6.75,6.95,-0.2,234.48,218.0,201.52,2382,2248,1.06,344.65,19.05,10.0,4.37,2026-05-21,2026-05-21 07:49:56
3228,金麗科,210.0,212.0,215.0,207.0,27.29,27.63,53.59,9.78,15.63,-5.85,253.3,214.15,175.0,1624,1241,1.31,150.17,,,,2026-05-21,2026-05-21 07:49:57
3229,晟鈦,37.65,37.85,38.95,37.35,20.3,30.04,46.18,2.21,3.59,-1.38,47.38,40.27,33.16,462,732,0.63,24.2,,,,2026-05-21,2026-05-21 07:49:58
3230,錦明,32.45,32.85,33.1,32.35,42.39,28.78,37.45,-1.78,-1.78,-0.0,38.46,34.2,29.93,246,516,0.48,27.62,,0.35,1.08,2026-05-21,2026-05-21 07:49:59
3231,緯創,140.0,134.5,141.5,134.0,26.15,24.91,54.05,0.05,1.12,-1.07,147.89,139.9,131.91,53565,38796,1.38,4452.58,16.67,3.8,2.71,2026-05-21,2026-05-21 07:50:01
3232,昱捷,22.3,20.5,22.6,20.5,52.58,38.09,62.5,-0.26,-0.36,0.09,22.2,21.2,20.2,180,75,2.38,10.38,76.9,0.5,2.24,2026-05-21,2026-05-21 07:50:02
3234,光環,98.5,98.0,101.0,97.5,31.27,25.18,34.18,-1.75,-0.42,-1.34,114.09,102.54,90.98,1371,1451,0.94,109.8,820.83,,,2026-05-21,2026-05-21 07:50:03
3236,千如,48.25,45.8,48.25,45.8,91.01,84.39,87.45,3.26,1.92,1.34,46.11,35.1,24.09,18350,18647,0.98,50.66,150.78,0.35,0.73,2026-05-21,2026-05-21 07:50:05
3252,海灣,18.2,18.3,18.3,18.15,23.89,15.18,27.66,-0.47,-0.39,-0.08,19.88,18.77,17.66,32,15,2.04,9.14,140.0,,,2026-05-21,2026-05-21 07:50:06
3257,虹冠電,56.5,55.1,56.6,54.9,66.69,53.32,66.0,0.1,-0.06,0.16,56.03,54.44,52.84,1408,648,2.17,44.95,17.82,2.8,4.96,2026-05-21,2026-05-21 07:50:07
3259,鑫創,15.9,16.0,16.2,15.8,14.96,19.5,37.5,-0.34,-0.17,-0.16,18.35,17.08,15.82,75,51,1.46,11.6,,,,2026-05-21,2026-05-21 07:50:08
3260,威剛,413.0,425.0,426.5,413.0,22.7,22.65,42.94,5.06,12.92,-7.86,485.15,435.4,385.65,13502,14038,0.96,1313.26,17.96,,,2026-05-21,2026-05-21 07:50:10
3264,欣銓,219.0,212.5,221.0,212.0,31.72,39.19,58.16,9.35,12.54,-3.19,248.18,217.6,187.02,6374,10915,0.58,1037.88,36.81,4.0,1.83,2026-05-21,2026-05-21 07:50:11
3265,台星科,177.5,175.0,183.5,175.0,34.31,39.74,57.72,4.08,5.96,-1.87,192.63,176.8,160.97,1559,2158,0.72,241.87,32.51,4.6,2.59,2026-05-21,2026-05-21 07:50:13
3266,昇陽,12.25,12.15,12.35,12.1,11.77,11.67,25.49,-0.33,-0.19,-0.14,14.26,13.19,12.12,65,137,0.48,43.16,21.12,0.75,6.12,2026-05-21,2026-05-21 07:50:14
3268,海德威,17.5,16.9,17.7,16.9,19.84,21.16,52.54,0.2,0.34,-0.14,18.79,17.63,16.47,217,191,1.14,6.08,,,,2026-05-21,2026-05-21 07:50:15
3272,東碩,17.4,17.35,17.5,17.0,17.4,21.78,45.45,0.03,0.19,-0.16,19.09,18.04,16.99,79,84,0.94,10.42,,,,2026-05-21,2026-05-21 07:50:17
3276,宇環,14.15,13.9,14.4,13.9,14.42,22.16,43.0,-0.05,0.17,-0.22,16.49,15.0,13.51,196,380,0.52,9.86,67.38,0.02,0.14,2026-05-21,2026-05-21 07:50:18
3284,太普高,16.9,16.3,17.25,16.3,33.88,27.07,59.23,-0.53,-0.66,0.12,17.71,16.39,15.07,460,242,1.9,18.33,7.44,0.8,4.73,2026-05-21,2026-05-21 07:50:19
3285,微端,28.55,28.5,28.55,28.25,37.05,37.73,50.57,0.04,0.06,-0.01,29.34,28.57,27.81,9,31,0.3,12.2,40.79,1.0,3.5,2026-05-21,2026-05-21 07:50:21
3287,廣寰科,31.45,31.5,31.9,31.4,60.92,60.67,67.89,0.77,0.5,0.26,32.87,29.56,26.26,160,284,0.56,13.83,20.97,,,2026-05-21,2026-05-21 07:50:22
3288,點晶,14.95,15.0,15.0,14.95,42.09,48.32,41.94,-0.06,-0.05,-0.02,15.86,15.15,14.44,8,6,1.28,2.39,,,,2026-05-21,2026-05-21 07:50:23
3289,宜特,163.5,163.5,169.5,163.0,8.73,11.86,16.82,-1.1,3.06,-4.16,202.39,178.85,155.31,2014,2355,0.86,141.39,34.28,4.78,2.92,2026-05-21,2026-05-21 07:50:26
3290,東浦,47.25,47.1,47.35,46.8,45.48,43.05,52.36,-0.07,0.1,-0.17,49.33,47.39,45.46,357,963,0.37,42.63,23.51,4.29,9.08,2026-05-21,2026-05-21 07:50:28
3293,鈊象,740.0,728.0,741.0,728.0,49.73,35.29,45.92,-6.25,-5.86,-0.39,763.36,736.9,710.44,1395,1566,0.89,2085.33,19.55,29.0,3.92,2026-05-21,2026-05-21 07:50:30
3294,英濟,40.65,40.3,41.95,39.35,81.91,72.54,83.28,1.66,0.41,1.25,40.32,32.89,25.45,8051,8555,0.94,53.66,,0.38,0.93,2026-05-21,2026-05-21 07:50:31
3296,勝德,19.05,19.4,19.7,19.05,8.97,21.2,47.31,-0.39,-0.2,-0.19,22.94,20.52,18.1,354,165,2.14,18.43,31.23,,,2026-05-21,2026-05-21 07:50:32
3297,杭特,30.85,30.3,31.0,30.3,19.22,24.45,40.16,-1.04,-0.99,-0.05,33.46,31.7,29.94,84,68,1.23,11.12,65.64,,,2026-05-21,2026-05-21 07:50:33
3303,岱稜,48.9,48.15,49.2,48.15,15.15,20.48,49.65,0.36,0.75,-0.39,53.11,49.64,46.17,272,284,0.96,45.74,11.56,2.77,5.66,2026-05-21,2026-05-21 07:50:35
3305,昇貿,139.0,138.0,144.0,137.0,72.56,75.98,76.99,7.19,5.06,2.13,145.61,119.83,94.04,11567,21275,0.54,195.02,46.33,2.25,1.62,2026-05-21,2026-05-21 07:50:36
3306,鼎天,45.7,45.05,45.9,45.05,33.63,27.31,46.32,-0.57,-0.44,-0.13,48.73,46.39,44.06,131,187,0.7,23.13,23.56,2.1,4.6,2026-05-21,2026-05-21 07:50:37
3308,聯德,20.3,20.3,21.5,20.1,32.35,23.19,46.15,-0.42,-0.33,-0.08,21.99,20.65,19.31,244,136,1.78,12.18,29.85,,,2026-05-21,2026-05-21 07:50:38
3310,佳穎,70.1,69.6,70.1,68.3,76.22,67.94,50.68,-0.53,-0.74,0.21,70.86,69.15,67.45,63,24,2.62,44.02,21.7,2.89,4.12,2026-05-21,2026-05-21 07:50:40
3311,閎暉,32.7,31.7,32.8,31.65,38.72,35.53,63.06,-0.06,-0.13,0.07,33.08,31.52,29.96,285,194,1.47,32.7,19.58,0.3,0.92,2026-05-21,2026-05-21 07:50:41
3312,弘憶股,46.85,46.65,47.2,46.05,62.63,65.34,70.1,1.89,1.83,0.06,48.94,43.76,38.57,2096,3167,0.66,85.56,27.4,1.39,2.97,2026-05-21,2026-05-21 07:50:42
3313,斐成,11.85,11.9,12.15,11.6,60.33,40.57,46.15,-0.26,-0.3,0.04,12.41,11.73,11.05,250,186,1.34,26.2,,,,2026-05-21,2026-05-21 07:50:43
3317,尼克森,75.7,73.2,75.7,73.0,77.25,82.45,77.03,5.97,5.21,0.76,81.32,65.07,48.82,4974,9055,0.55,68.13,46.16,0.4,0.53,2026-05-21,2026-05-21 07:50:45
3321,同泰,15.3,15.45,15.65,15.15,12.61,17.22,44.07,-0.26,-0.13,-0.13,17.21,16.08,14.95,182,252,0.72,13.18,,,,2026-05-21,2026-05-21 07:50:46
3322,建舜電,12.8,12.6,12.8,12.4,20.06,23.13,42.39,-0.27,-0.17,-0.1,14.47,13.32,12.16,577,823,0.7,17.61,,,,2026-05-21,2026-05-21 07:50:47
3323,加百裕,35.4,35.2,35.65,34.75,33.52,33.25,58.97,0.13,0.18,-0.05,36.53,34.87,33.21,977,1275,0.77,35.56,,0.5,1.41,2026-05-21,2026-05-21 07:50:49
3324,雙鴻,1000.0,964.0,1015.0,957.0,19.12,14.61,31.68,-21.75,-3.57,-18.18,1244.21,1081.85,919.49,2653,2596,1.02,915.75,36.22,10.0,1.0,2026-05-21,2026-05-21 07:50:51
3325,旭品,11.95,11.85,12.1,11.8,11.77,10.18,23.08,-0.37,-0.29,-0.08,13.83,12.64,11.46,264,315,0.84,13.17,,,,2026-05-21,2026-05-21 07:50:52
3332,幸康,64.4,64.8,64.8,63.6,34.71,43.21,59.57,1.04,1.34,-0.3,66.66,64.6,62.53,7,22,0.31,30.98,18.24,1.1,1.71,2026-05-21,2026-05-21 07:50:54
3338,泰碩,72.8,73.0,73.9,72.2,45.33,41.07,46.85,1.56,2.15,-0.59,82.29,74.65,67.0,1032,2692,0.38,63.21,40.67,2.01,2.76,2026-05-21,2026-05-21 07:50:56
3339,泰谷,46.6,48.25,49.4,46.6,16.31,16.09,36.29,-1.02,0.83,-1.85,64.8,53.52,42.23,2623,2778,0.94,31.81,,,,2026-05-21,2026-05-21 07:50:57
3346,麗清,16.15,16.3,16.3,15.95,26.8,16.5,36.84,-0.67,-0.64,-0.02,18.36,16.75,15.14,340,392,0.87,19.46,146.82,1.21,7.49,2026-05-21,2026-05-21 07:50:58
3349,寶德,19.0,19.0,19.55,18.5,25.67,20.74,5.33,-2.24,-1.87,-0.37,29.75,22.94,16.13,267,189,1.41,8.75,,,,2026-05-21,2026-05-21 07:50:59
3354,律勝,32.15,32.25,33.0,32.05,34.68,47.55,67.37,1.39,1.53,-0.15,37.6,30.88,24.15,697,1484,0.47,22.54,,0.2,0.62,2026-05-21,2026-05-21 07:51:01
3356,奇偶,61.3,60.9,61.3,60.2,72.93,75.13,67.3,2.65,2.47,0.18,64.74,57.01,49.28,840,1048,0.8,49.0,9.89,3.5,5.71,2026-05-21,2026-05-21 07:51:02
3357,臺慶科,254.0,245.0,254.0,242.5,79.23,73.33,81.34,18.11,12.61,5.5,247.11,192.2,137.29,4776,9028,0.53,259.17,26.82,5.0,1.97,2026-05-21,2026-05-21 07:51:03
3360,尚立,14.65,14.45,14.75,14.4,33.63,45.21,60.15,0.13,0.09,0.04,16.24,14.24,12.23,391,585,0.67,11.19,,,,2026-05-21,2026-05-21 07:51:04
3362,先進光,121.0,116.5,122.5,116.0,65.53,57.27,64.77,2.94,1.87,1.07,119.32,109.36,99.41,2862,4460,0.64,173.06,,0.99,0.82,2026-05-21,2026-05-21 07:51:06
3363,上詮,818.0,812.0,825.0,798.0,25.53,34.12,54.37,14.08,26.82,-12.74,928.25,821.6,714.95,2151,2975,0.72,929.58,5112.5,,,2026-05-21,2026-05-21 07:51:07
3372,典範,19.85,19.1,20.0,19.1,39.42,34.74,65.17,-0.13,-0.2,0.07,20.2,19.12,18.05,893,714,1.25,34.8,,,,2026-05-21,2026-05-21 07:51:09
3373,熱映,17.0,17.05,17.15,16.95,33.7,34.19,55.0,-0.02,-0.05,0.03,17.1,16.9,16.7,91,89,1.03,8.1,,,,2026-05-21,2026-05-21 07:51:10
3374,精材,244.5,241.0,253.5,239.0,46.74,60.25,62.15,16.9,16.95,-0.06,276.41,224.6,172.79,11922,21176,0.56,663.49,49.2,2.5,1.02,2026-05-21,2026-05-21 07:51:11
3376,新日興,209.5,206.0,214.0,204.5,53.78,39.22,53.79,-0.55,-0.65,0.1,216.4,205.4,194.4,6182,5677,1.09,410.13,129.32,6.0,2.86,2026-05-21,2026-05-21 07:51:13
3379,彬台,41.5,41.6,42.8,41.5,70.89,59.53,57.18,0.73,0.13,0.6,43.23,37.76,32.29,1066,2560,0.42,15.79,19.67,0.8,1.93,2026-05-21,2026-05-21 07:51:14
3380,明泰,32.7,32.5,32.9,32.3,55.48,34.42,45.26,-1.25,-1.25,0.01,36.24,33.05,29.86,3225,2510,1.28,177.14,20.44,1.0,3.06,2026-05-21,2026-05-21 07:51:15
3388,崇越電,96.9,94.7,99.9,94.3,9.88,17.31,35.9,2.01,5.79,-3.77,124.91,108.27,91.62,1100,1991,0.55,71.77,25.84,3.5,3.61,2026-05-21,2026-05-21 07:51:16
3390,旭軟,28.35,27.8,28.7,27.6,53.42,47.78,63.89,0.74,0.86,-0.11,29.22,26.91,24.6,2902,2389,1.21,22.38,,1.0,3.53,2026-05-21,2026-05-21 07:51:18
3402,漢科,137.0,133.5,138.0,133.0,28.55,27.52,59.52,1.35,2.38,-1.03,146.63,136.88,127.12,548,479,1.14,100.08,18.41,5.0,3.65,2026-05-21,2026-05-21 07:51:19
3406,玉晶光,577.0,562.0,582.0,558.0,62.73,60.34,65.04,21.6,18.88,2.72,585.77,530.15,474.53,1794,4259,0.42,650.53,17.6,18.0,3.12,2026-05-21,2026-05-21 07:51:20
3413,京鼎,326.5,320.0,328.0,318.5,59.43,56.7,60.0,2.19,1.87,0.32,329.46,316.02,302.59,2135,2945,0.72,361.01,15.73,10.98,3.36,2026-05-21,2026-05-21 07:51:21
3416,融程電,173.5,173.0,177.5,170.0,50.36,49.01,63.33,3.91,3.91,-0.0,177.72,163.53,149.33,987,556,1.77,139.65,24.47,5.5,3.17,2026-05-21,2026-05-21 07:51:22
3419,譁裕,13.9,13.9,14.05,13.75,19.74,15.14,21.43,-0.49,-0.4,-0.09,16.67,14.83,12.99,300,269,1.12,16.75,26.23,,,2026-05-21,2026-05-21 07:51:24
3426,台興,47.7,47.7,47.7,47.7,32.72,50.04,66.67,0.04,0.05,-0.01,47.75,47.69,47.62,15,12,1.25,12.59,20.13,2.5,5.24,2026-05-21,2026-05-21 07:51:25
3430,奇鈦科,174.0,160.5,174.0,160.5,54.11,62.71,75.74,19.79,20.6,-0.82,196.5,148.4,100.3,3753,4109,0.91,58.67,55.41,2.5,1.44,2026-05-21,2026-05-21 07:51:26
3432,台端,19.0,18.8,19.15,18.7,14.8,17.52,47.87,0.31,0.58,-0.27,22.67,19.98,17.28,43,86,0.51,8.02,,,,2026-05-21,2026-05-21 07:51:27
3434,哲固,28.5,28.35,28.7,28.35,35.53,24.79,40.0,-0.35,-0.28,-0.07,30.0,28.86,27.71,39,66,0.6,10.19,61.96,0.44,1.54,2026-05-21,2026-05-21 07:51:29
3437,榮創,24.7,24.3,25.35,24.3,32.26,27.99,39.55,0.18,0.59,-0.41,28.1,25.24,22.38,2337,1739,1.34,35.7,,,,2026-05-21,2026-05-21 07:51:30
3438,類比科,67.8,68.1,69.2,67.3,65.06,65.67,69.49,4.72,4.48,0.24,73.1,61.25,49.4,501,878,0.57,31.98,68.48,1.5,2.21,2026-05-21,2026-05-21 07:51:31
3441,聯一光,52.9,48.4,52.9,47.9,86.25,78.39,81.7,3.84,2.68,1.17,50.6,39.42,28.24,10920,6718,1.63,21.18,49.91,0.75,1.42,2026-05-21,2026-05-21 07:51:33
3443,創意,5065.0,4820.0,5065.0,4770.0,30.87,38.26,60.55,403.99,509.65,-105.66,5860.31,4751.5,3642.69,2893,2867,1.01,6787.66,180.31,16.0,0.32,2026-05-21,2026-05-21 07:51:34
3444,利機,95.1,92.1,95.7,92.1,50.97,52.8,61.67,4.11,4.83,-0.72,98.69,90.78,82.87,554,720,0.77,42.79,44.44,2.0,2.1,2026-05-21,2026-05-21 07:51:35
3447,展達,37.9,36.5,38.2,36.3,33.58,27.2,52.31,-0.63,-0.54,-0.09,40.01,37.63,35.25,295,216,1.36,29.35,23.84,1.1,2.9,2026-05-21,2026-05-21 07:51:36
3450,聯鈞,440.0,436.0,440.0,429.5,56.9,60.56,68.85,29.54,28.38,1.16,483.94,375.18,266.41,3033,3142,0.97,641.0,88.0,0.5,0.11,2026-05-21,2026-05-21 07:51:37
3455,由田,310.0,293.0,310.0,290.0,68.01,56.77,66.34,26.93,28.61,-1.68,329.03,264.32,199.62,1035,504,2.05,185.54,116.1,7.0,2.26,2026-05-21,2026-05-21 07:51:47
3465,進泰電子,26.9,27.1,27.15,26.65,13.53,15.49,16.67,-2.42,-2.52,0.1,34.66,29.47,24.28,59,50,1.19,9.5,672.5,2.0,7.43,2026-05-21,2026-05-21 07:51:48
3466,德晉,35.1,34.75,35.3,34.7,8.05,12.75,36.84,-0.62,0.02,-0.64,42.01,38.43,34.86,295,561,0.53,27.34,,,,2026-05-21,2026-05-21 07:51:50
3467,台灣精材,62.0,62.0,63.3,61.5,20.55,30.09,51.11,2.74,4.29,-1.55,73.74,64.19,54.65,135,217,0.62,19.29,106.9,0.82,1.32,2026-05-21,2026-05-21 07:51:51
3479,安勤,117.5,114.0,118.0,112.5,85.07,78.43,85.26,4.8,3.06,1.74,111.58,97.75,83.92,5605,2173,2.58,85.25,19.33,5.2,4.43,2026-05-21,2026-05-21 07:51:52
3481,群創,40.6,38.0,40.6,38.0,88.87,86.19,83.23,3.47,2.51,0.96,42.79,30.69,18.6,519658,737801,0.7,3240.31,1353.33,1.0,2.46,2026-05-21,2026-05-21 07:51:53
3483,力致,92.0,87.9,92.3,87.5,43.49,25.97,47.87,0.05,0.77,-0.71,100.43,92.18,83.93,1102,781,1.41,90.21,24.93,3.5,3.8,2026-05-21,2026-05-21 07:51:55
3484,崧騰,44.15,44.4,44.5,43.85,58.28,40.89,45.6,-0.55,-0.59,0.04,46.18,44.18,42.17,225,280,0.8,34.8,11.09,2.44,5.53,2026-05-21,2026-05-21 07:51:56
3485,敘豐,241.0,246.5,246.5,223.0,20.32,25.15,33.0,-6.31,4.7,-11.01,357.28,296.32,235.37,615,497,1.24,92.79,41.27,5.5,2.28,2026-05-21,2026-05-21 07:51:59
3489,森寶,22.0,21.95,22.3,21.9,33.53,33.63,48.0,-0.17,-0.16,-0.02,22.61,22.09,21.58,99,118,0.84,19.9,,0.5,2.27,2026-05-21,2026-05-21 07:52:00
3490,單井,40.7,37.4,40.7,37.1,84.88,78.57,79.31,2.74,1.95,0.79,39.86,32.45,25.03,6997,7173,0.98,22.39,814.0,1.0,2.46,2026-05-21,2026-05-21 07:52:01
3491,昇達科,1850.0,1820.0,1865.0,1790.0,61.72,58.53,64.15,50.02,40.04,9.98,1875.97,1679.5,1483.03,2260,3214,0.7,1272.89,245.03,6.49,0.35,2026-05-21,2026-05-21 07:52:03
3492,長盛,22.4,22.5,22.5,22.3,24.06,21.54,47.17,-0.33,-0.31,-0.02,23.26,22.6,21.94,25,57,0.44,7.96,12.73,1.0,4.46,2026-05-21,2026-05-21 07:52:04
3494,誠研,7.74,7.69,7.9,7.58,46.89,38.43,49.73,-0.14,-0.13,-0.01,8.25,7.81,7.37,174,98,1.76,7.34,,,,2026-05-21,2026-05-21 07:52:05
3498,陽程,146.5,150.0,150.0,144.0,85.58,86.46,79.76,17.26,13.33,3.93,160.14,108.21,56.27,947,4173,0.23,88.5,311.7,,,2026-05-21,2026-05-21 07:52:07
3499,環天科,14.9,14.7,14.9,14.7,44.17,33.72,38.0,-0.6,-0.63,0.03,16.46,15.29,14.12,86,57,1.51,8.19,,,,2026-05-21,2026-05-21 07:52:09
3501,維熹,40.3,40.0,40.3,40.0,14.96,15.22,23.05,-2.17,-1.57,-0.6,51.56,44.64,37.71,328,480,0.68,47.66,13.52,4.0,9.93,2026-05-21,2026-05-21 07:52:10
3504,揚明光,85.8,83.5,90.0,83.5,81.04,74.12,81.69,5.07,3.28,1.78,82.85,69.02,55.18,7566,7897,0.96,97.86,343.2,,,2026-05-21,2026-05-21 07:52:11
3508,位速,19.75,19.55,19.95,19.5,22.47,23.89,35.65,-2.58,-2.88,0.3,26.49,22.1,17.71,236,258,0.92,20.39,,,,2026-05-21,2026-05-21 07:52:13
3511,矽瑪,19.95,19.6,20.5,19.6,10.99,13.56,26.23,-0.18,0.16,-0.34,23.83,21.3,18.77,214,207,1.03,15.95,,,,2026-05-21,2026-05-21 07:52:14
3512,皇龍,20.35,20.3,20.35,20.2,48.61,35.28,20.59,-0.28,-0.25,-0.04,21.95,20.77,19.59,41,62,0.67,23.01,8.37,1.2,5.9,2026-05-21,2026-05-21 07:52:15
3515,華擎,224.5,223.0,226.5,220.5,20.46,19.59,37.5,-0.37,2.02,-2.38,248.48,232.15,215.82,1003,593,1.69,277.36,14.79,11.0,4.9,2026-05-21,2026-05-21 07:52:16
3516,亞帝歐,23.65,23.15,23.65,22.8,63.27,65.52,63.95,1.01,0.8,0.21,24.85,21.58,18.32,175,634,0.28,14.09,87.59,0.25,1.06,2026-05-21,2026-05-21 07:52:18
3518,柏騰,33.55,33.25,33.6,32.1,21.41,28.81,52.09,1.74,2.58,-0.84,39.69,34.08,28.48,1024,1527,0.67,34.41,,,,2026-05-21,2026-05-21 07:52:19
3520,華盈,15.1,15.15,15.4,15.05,32.98,35.29,58.33,0.13,0.15,-0.02,15.7,15.09,14.47,144,218,0.66,10.4,,0.1,0.66,2026-05-21,2026-05-21 07:52:20
3521,台鋼建設,13.0,13.1,13.25,13.0,18.77,16.12,37.5,-0.3,-0.22,-0.07,14.83,13.65,12.46,42,36,1.16,24.15,,,,2026-05-21,2026-05-21 07:52:21
3522,御嵿,12.4,12.4,12.45,12.4,41.82,50.63,42.86,-0.14,-0.15,0.01,12.91,12.57,12.23,48,89,0.54,10.43,,,,2026-05-21,2026-05-21 07:52:23
3523,迎輝,10.0,9.7,10.0,9.7,14.08,20.47,21.76,-0.95,-0.73,-0.22,14.54,12.06,9.59,12,42,0.29,6.43,,,,2026-05-21,2026-05-21 07:52:24
3526,凡甲,370.0,358.5,370.0,358.5,33.19,47.45,62.12,21.65,24.5,-2.84,429.03,350.25,271.47,791,675,1.17,242.8,23.98,16.84,4.55,2026-05-21,2026-05-21 07:52:25
3527,聚積,58.1,57.9,60.1,57.0,18.38,23.86,50.7,0.33,0.97,-0.64,64.12,59.57,55.02,324,189,1.72,25.82,3.08,,,2026-05-21,2026-05-21 07:52:27
3528,安馳,85.3,83.5,85.3,83.4,47.01,46.5,56.92,3.14,3.56,-0.42,89.99,81.97,73.94,502,671,0.75,56.83,37.41,3.0,3.52,2026-05-21,2026-05-21 07:52:28
3529,力旺,3555.0,3525.0,3660.0,3485.0,15.96,19.23,43.91,18.15,165.95,-147.8,4732.77,3985.75,3238.73,755,928,0.81,2655.12,140.02,22.0,0.62,2026-05-21,2026-05-21 07:52:29
3530,晶相光,69.0,67.0,69.3,67.0,30.84,31.95,58.15,1.29,1.56,-0.26,71.06,66.59,62.12,382,306,1.25,53.46,39.66,,,2026-05-21,2026-05-21 07:52:30
3531,先益,23.4,22.75,23.4,22.75,72.62,69.0,82.61,0.32,0.35,-0.03,23.62,23.15,22.67,6,4,1.5,14.31,80.69,0.8,3.42,2026-05-21,2026-05-21 07:52:32
3532,台勝科,226.0,226.0,226.0,222.0,29.59,40.11,60.28,12.89,18.33,-5.44,285.44,219.12,152.81,957,949,1.01,876.54,143.04,1.8,0.8,2026-05-21,2026-05-21 07:52:33
3533,嘉澤,2525.0,2480.0,2570.0,2465.0,28.61,29.3,47.0,19.89,73.05,-53.16,2918.25,2578.25,2238.25,2390,1703,1.4,2833.62,36.03,41.72,1.65,2026-05-21,2026-05-21 07:52:34
3535,晶彩科,124.5,123.0,126.0,123.0,39.23,32.1,47.18,0.2,1.1,-0.91,142.46,126.67,110.89,2470,6179,0.4,98.42,565.91,0.5,0.4,2026-05-21,2026-05-21 07:52:35
3537,堡達,63.5,63.5,63.5,63.5,90.02,82.45,89.79,3.53,1.92,1.61,59.75,48.02,36.3,1310,3297,0.4,35.71,25.4,2.3,3.62,2026-05-21,2026-05-21 07:52:37
3540,曜越,25.6,25.5,25.75,25.4,11.17,15.36,31.09,-0.56,-0.32,-0.24,29.68,27.35,25.01,225,243,0.93,18.55,34.59,0.3,1.17,2026-05-21,2026-05-21 07:52:39
3541,西柏,22.9,23.0,23.0,22.7,37.96,29.87,28.0,-0.28,-0.28,-0.01,23.88,23.23,22.58,57,53,1.09,12.76,,,,2026-05-21,2026-05-21 07:52:40
3543,州巧,35.15,35.45,36.05,35.15,16.08,14.2,16.94,-2.28,-2.07,-0.21,43.03,38.77,34.51,544,1111,0.49,38.41,,0.48,1.37,2026-05-21,2026-05-21 07:52:41
3545,敦泰,61.2,58.6,61.8,57.9,72.06,66.02,75.34,2.29,1.97,0.32,60.86,54.56,48.27,5543,3065,1.81,131.31,,1.74,2.84,2026-05-21,2026-05-21 07:52:42
3546,宇峻,80.6,82.0,82.6,80.1,79.93,69.25,75.13,2.46,1.06,1.4,81.72,72.14,62.57,747,1186,0.63,47.09,41.12,4.1,5.09,2026-05-21,2026-05-21 07:52:44
3548,兆利,96.5,95.9,97.0,95.3,32.75,22.72,38.81,-0.3,1.07,-1.37,108.72,100.14,91.56,380,443,0.86,65.37,47.3,2.0,2.07,2026-05-21,2026-05-21 07:52:45
3550,聯穎,20.9,20.15,21.1,20.15,28.25,28.02,47.73,0.23,0.38,-0.16,23.14,20.67,18.2,2631,2400,1.1,22.48,,,,2026-05-21,2026-05-21 07:52:46
3551,世禾,197.0,198.5,201.5,195.5,18.65,32.55,51.43,2.36,4.94,-2.58,220.69,204.95,189.21,1051,946,1.11,121.62,23.79,3.34,1.7,2026-05-21,2026-05-21 07:52:47
3552,同致,52.9,53.4,53.4,52.3,17.43,17.44,42.75,-0.56,-0.05,-0.51,58.56,54.61,50.66,232,265,0.88,51.8,78.96,0.77,1.46,2026-05-21,2026-05-21 07:52:49
3555,博士旺,214.5,205.0,214.5,203.0,21.21,13.55,37.64,-1.57,4.86,-6.43,273.28,228.97,184.67,157,177,0.89,85.8,166.28,,,2026-05-21,2026-05-21 07:52:50
3556,禾瑞亞,54.0,52.3,54.7,52.3,42.99,38.91,62.16,1.02,1.35,-0.33,54.94,52.28,49.63,579,400,1.45,34.4,25.35,2.08,3.85,2026-05-21,2026-05-21 07:52:52
3557,嘉威,24.5,24.65,24.95,24.35,6.55,11.44,23.29,-1.58,-1.14,-0.44,33.08,28.38,23.68,209,256,0.82,20.66,2450.0,2.5,10.2,2026-05-21,2026-05-21 07:52:53
3558,神準,120.0,118.5,122.5,118.5,56.01,57.36,67.61,1.02,-0.23,1.26,121.09,112.83,104.56,254,661,0.38,70.87,23.17,3.0,2.5,2026-05-21,2026-05-21 07:52:54
3563,牧德,933.0,888.0,933.0,868.0,68.62,53.46,59.2,11.73,10.13,1.6,936.58,860.3,784.02,4598,3199,1.44,596.75,59.39,5.55,0.59,2026-05-21,2026-05-21 07:52:55
3564,其陽,42.0,40.95,42.0,40.2,33.66,30.46,57.59,-0.28,-0.34,0.06,42.61,40.97,39.33,156,125,1.24,24.83,64.62,0.89,2.12,2026-05-21,2026-05-21 07:52:57
3567,逸昌,28.95,27.5,29.85,27.5,21.78,20.97,54.79,0.31,0.5,-0.19,30.91,28.57,26.23,312,167,1.87,9.83,27.31,1.8,6.22,2026-05-21,2026-05-21 07:52:58
3570,大塚,171.0,173.0,175.0,171.0,34.25,42.81,67.39,1.73,1.24,0.49,177.28,167.85,158.42,49,29,1.68,29.24,12.34,9.7,5.67,2026-05-21,2026-05-21 07:52:59
3576,聯合再生,17.45,17.4,17.75,17.15,52.12,63.34,57.51,-0.09,-0.39,0.3,19.11,16.61,14.1,22781,35027,0.65,283.86,13.42,,,2026-05-21,2026-05-21 07:53:01
3577,泓格,132.5,134.5,140.5,129.5,88.32,86.2,88.05,13.15,9.05,4.1,132.62,97.8,62.99,2404,2840,0.85,84.75,56.14,1.5,1.13,2026-05-21,2026-05-21 07:53:02
3580,友威科,100.0,95.2,101.5,95.2,62.69,70.07,58.76,6.3,6.0,0.3,112.66,93.26,73.86,7758,6792,1.14,39.44,51.81,3.0,3.0,2026-05-21,2026-05-21 07:53:03
3581,博磊,225.5,214.0,225.5,214.0,51.04,55.15,66.43,26.33,30.62,-4.3,264.59,203.28,141.96,238,291,0.82,115.02,275.0,0.5,0.22,2026-05-21,2026-05-21 07:53:05
3583,辛耘,861.0,859.0,875.0,848.0,38.4,50.92,58.56,58.88,72.01,-13.13,971.53,837.55,703.57,1605,2142,0.75,691.91,64.35,6.0,0.7,2026-05-21,2026-05-21 07:53:06
3587,閎康,325.0,330.0,332.5,323.0,23.86,40.69,48.21,11.48,18.3,-6.82,383.32,339.27,295.23,1196,1937,0.62,226.94,54.9,6.92,2.13,2026-05-21,2026-05-21 07:53:07
3588,通嘉,62.4,60.7,62.7,60.7,46.41,38.91,52.73,1.3,1.76,-0.47,65.75,61.75,57.75,771,514,1.5,38.68,124.8,1.2,1.92,2026-05-21,2026-05-21 07:53:08
3591,艾笛森,26.0,26.3,26.85,25.75,75.13,66.93,68.79,0.76,0.64,0.12,26.06,24.03,21.99,3188,2965,1.08,36.92,45.61,0.74,2.85,2026-05-21,2026-05-21 07:53:09
3592,瑞鼎,266.0,258.5,268.0,258.5,55.79,54.51,68.24,7.07,6.69,0.37,269.95,247.85,225.75,1092,859,1.27,201.77,14.84,22.2,8.35,2026-05-21,2026-05-21 07:53:10
3593,力銘,17.7,17.5,17.7,17.25,39.44,34.64,24.71,0.28,0.61,-0.32,20.44,18.72,16.99,21,23,0.95,10.77,,,,2026-05-21,2026-05-21 07:53:11
3594,磐儀,50.8,49.85,51.2,48.95,21.06,27.03,46.92,0.81,1.85,-1.04,57.58,52.47,47.36,494,1003,0.49,48.45,103.67,0.8,1.57,2026-05-21,2026-05-21 07:53:13
3595,山太士,2840.0,2560.0,2845.0,2560.0,53.0,50.96,58.04,159.98,203.43,-43.45,2920.47,2641.0,2361.53,886,648,1.37,963.14,657.41,1.0,0.04,2026-05-21,2026-05-21 07:53:14
3596,智易,184.0,183.0,185.0,181.0,70.97,73.65,74.51,3.08,1.77,1.31,191.45,173.0,154.55,1219,1813,0.67,405.45,14.8,9.0,4.89,2026-05-21,2026-05-21 07:53:15
3597,映興,28.1,27.35,29.9,27.35,47.18,48.91,68.32,0.78,0.7,0.08,28.76,26.07,23.38,529,148,3.56,10.96,82.65,0.85,3.02,2026-05-21,2026-05-21 07:53:17
3605,宏致,81.8,82.0,83.2,80.5,46.68,35.54,40.43,2.43,3.57,-1.14,90.6,81.75,72.89,9287,5276,1.76,141.8,20.45,0.71,0.87,2026-05-21,2026-05-21 07:53:18
3607,谷崧,14.55,14.1,14.55,14.1,45.62,35.52,50.0,-0.06,-0.04,-0.03,15.02,14.51,14.0,484,434,1.12,17.7,727.5,0.7,4.81,2026-05-21,2026-05-21 07:53:19
3609,三一東林,28.0,28.85,28.9,28.0,83.31,82.77,73.53,0.66,-0.18,0.83,29.97,24.68,19.39,209,418,0.5,10.72,4.36,,,2026-05-21,2026-05-21 07:53:20
3611,鼎翰,187.5,188.0,189.0,187.5,26.17,31.63,46.43,-0.27,0.03,-0.3,191.42,189.07,186.73,41,53,0.77,89.03,9.63,9.98,5.32,2026-05-21,2026-05-21 07:53:21
3615,安可,43.25,42.5,46.45,42.5,79.87,79.47,79.08,2.62,1.53,1.09,44.06,35.05,26.03,13810,13133,1.05,29.61,52.74,0.3,0.69,2026-05-21,2026-05-21 07:53:23
3617,碩天,197.0,190.0,197.0,190.0,36.5,36.31,59.81,2.01,2.74,-0.73,200.76,192.72,184.69,319,242,1.32,186.69,13.7,15.0,7.61,2026-05-21,2026-05-21 07:53:24
3622,洋華,54.7,54.4,54.9,54.1,26.56,27.44,45.37,-0.64,-0.53,-0.12,57.46,55.28,53.11,298,406,0.73,82.78,9.0,3.0,5.48,2026-05-21,2026-05-21 07:53:25
3623,富晶通,23.35,23.0,23.75,23.0,43.07,29.12,54.22,-0.13,-0.14,0.01,23.81,23.06,22.31,78,121,0.64,6.81,,,,2026-05-21,2026-05-21 07:53:26
3624,光頡,91.5,91.9,95.7,89.0,85.54,87.53,94.92,9.47,5.98,3.49,94.0,64.46,34.92,6363,33054,0.19,107.37,49.46,1.23,1.34,2026-05-21,2026-05-21 07:53:28
3625,西勝,14.6,14.85,14.85,14.3,41.95,27.81,25.32,-0.78,-0.69,-0.1,18.79,15.7,12.62,371,384,0.97,15.86,,,,2026-05-21,2026-05-21 07:53:29
3628,盈正,63.6,62.4,63.9,62.4,13.63,11.85,29.52,-1.35,-0.72,-0.63,71.64,66.53,61.42,64,141,0.46,28.62,15.9,2.0,3.14,2026-05-21,2026-05-21 07:53:30
3629,地心引力,16.5,16.5,16.5,16.5,16.67,32.06,54.17,-0.27,-0.33,0.06,18.0,16.62,15.24,5,1,4.17,5.44,,,,2026-05-20,2026-05-21 07:53:32
3630,新鉅科,27.3,27.3,27.8,26.65,52.25,32.22,49.63,-0.72,-0.79,0.07,29.11,27.02,24.94,1282,1206,1.06,55.74,14.68,,,2026-05-21,2026-05-21 07:53:33
3631,晟楠,38.25,38.1,38.9,38.1,22.01,31.22,49.65,1.66,2.21,-0.55,41.13,38.89,36.65,161,146,1.1,31.3,,,,2026-05-21,2026-05-21 07:53:35
3632,研勤,7.36,7.51,7.51,7.32,3.84,3.35,0.69,-0.39,-0.29,-0.1,9.37,8.43,7.49,53,33,1.58,3.01,,,,2026-05-21,2026-05-21 07:53:36
3645,達邁,109.5,105.0,110.5,104.5,56.89,57.34,55.03,4.51,4.95,-0.44,113.08,103.52,93.95,8865,12747,0.7,149.75,71.57,1.19,1.09,2026-05-21,2026-05-21 07:53:37
3646,艾恩特,23.5,23.8,23.8,23.15,18.85,21.33,53.7,-0.06,-0.11,0.05,23.87,23.36,22.85,21,34,0.61,9.23,41.96,1.65,7.02,2026-05-21,2026-05-21 07:53:38
3652,精聯,30.25,29.75,30.4,29.5,24.6,23.68,47.79,0.32,0.49,-0.17,32.14,30.25,28.36,139,72,1.92,22.72,22.57,0.6,1.98,2026-05-21,2026-05-21 07:53:39
3653,健策,3330.0,3280.0,3330.0,3220.0,20.62,14.45,21.37,-330.98,-175.13,-155.85,5974.1,4217.0,2459.9,521,932,0.56,4886.2,92.35,14.5,0.44,2026-05-21,2026-05-21 07:53:40
3661,世芯-KY,4905.0,5000.0,5050.0,4850.0,33.53,40.37,63.01,307.44,351.23,-43.8,5363.86,4528.5,3693.14,1711,1876,0.91,4026.58,72.54,36.74,0.75,2026-05-21,2026-05-21 07:53:41
3663,鑫科,83.7,81.0,85.8,78.9,72.44,59.3,67.33,2.28,0.89,1.4,82.38,71.68,60.98,11885,10311,1.15,90.81,95.11,0.4,0.48,2026-05-21,2026-05-21 07:53:43
3664,安瑞-KY,8.88,9.05,9.05,8.88,38.0,50.56,70.58,-0.01,-0.27,0.26,10.81,7.52,4.24,44,71,0.62,6.39,,,,2026-05-21,2026-05-21 07:53:44
3665,貿聯-KY,2155.0,2030.0,2160.0,2030.0,15.22,17.25,32.07,-56.2,54.95,-111.15,3227.46,2554.0,1880.54,2514,4551,0.55,4203.95,46.47,10.51,0.49,2026-05-21,2026-05-21 07:53:45
3666,光耀,27.05,27.35,27.55,26.45,37.45,51.4,53.94,0.41,0.48,-0.07,29.56,26.97,24.37,41,90,0.46,24.22,,,,2026-05-21,2026-05-21 07:53:47
3669,圓展,36.95,36.8,37.75,36.8,9.24,13.33,41.11,-0.1,0.42,-0.52,42.41,38.68,34.96,134,196,0.68,34.33,32.7,1.7,4.6,2026-05-21,2026-05-21 07:53:48
3672,康聯訊,11.35,11.0,11.35,10.8,42.76,30.38,43.33,-0.11,-0.04,-0.07,12.85,11.56,10.26,60,32,1.84,4.63,,,,2026-05-21,2026-05-21 07:53:49
3673,TPK-KY,74.2,72.1,77.3,71.1,78.05,70.69,69.83,4.26,3.43,0.83,73.81,63.47,53.14,46672,36158,1.29,301.74,27.38,0.8,1.08,2026-05-21,2026-05-21 07:53:50
3675,德微,316.5,324.0,332.0,311.0,85.73,78.53,75.19,23.2,15.69,7.52,303.73,243.57,183.42,5991,3535,1.69,167.93,118.1,5.15,1.63,2026-05-21,2026-05-21 07:53:51
3679,新至陞,118.0,117.5,119.0,117.5,32.02,27.57,40.91,-0.53,-0.29,-0.24,121.68,119.0,116.32,39,42,0.93,74.37,12.13,10.0,8.47,2026-05-21,2026-05-21 07:53:53
3680,家登,544.0,529.0,555.0,525.0,27.69,37.12,51.25,24.19,34.56,-10.37,640.99,541.85,442.71,2499,3084,0.81,522.46,57.81,6.9,1.27,2026-05-21,2026-05-21 07:53:54
3684,榮昌,60.5,61.5,61.9,60.5,60.83,55.66,61.11,0.33,0.04,0.29,61.37,58.92,56.48,67,108,0.63,18.33,17.74,2.3,3.8,2026-05-21,2026-05-21 07:53:56
3685,元創精密,27.55,27.0,27.55,26.4,25.62,21.76,20.98,-1.1,-0.81,-0.29,33.14,29.64,26.15,213,201,1.06,21.92,,,,2026-05-21,2026-05-21 07:53:57
3686,達能,16.75,16.6,17.0,16.6,10.14,15.78,44.83,-0.27,-0.22,-0.04,18.15,17.38,16.61,314,436,0.72,12.81,,,,2026-05-21,2026-05-21 07:53:58
3687,歐買尬,70.5,70.5,70.6,69.6,70.37,46.52,68.53,-0.13,-0.81,0.69,70.14,65.89,61.64,484,360,1.34,21.19,18.7,1.56,2.21,2026-05-21,2026-05-21 07:53:59
3689,湧德,121.0,121.0,123.0,120.5,29.13,20.32,33.33,-2.2,-0.5,-1.7,142.14,127.42,112.71,1721,2154,0.8,106.24,16.62,2.92,2.41,2026-05-21,2026-05-21 07:54:01
3691,碩禾,142.5,142.5,145.5,142.0,42.66,59.78,62.83,7.98,7.77,0.21,165.59,133.0,100.41,1092,4036,0.27,130.93,,,,2026-05-21,2026-05-21 07:54:02
3693,營邦,536.0,517.0,545.0,515.0,16.29,14.09,25.19,-14.76,1.81,-16.57,711.02,603.6,496.18,1131,1148,0.99,230.43,34.87,11.0,2.05,2026-05-21,2026-05-21 07:54:03
3694,海華,71.8,71.2,72.9,67.6,80.59,62.95,71.05,1.97,0.74,1.23,69.41,61.1,52.79,19971,9120,2.19,111.24,17.99,1.48,2.06,2026-05-21,2026-05-21 07:54:04
3701,大眾控,54.8,53.0,55.6,52.5,15.79,13.65,27.82,-2.37,-1.0,-1.38,72.88,61.86,50.85,2493,2364,1.05,129.68,,0.2,0.36,2026-05-21,2026-05-21 07:54:06
3702,大聯大,123.5,117.0,127.5,114.0,67.2,62.2,77.78,6.01,5.31,0.7,122.38,107.01,91.64,43213,17950,2.41,2073.72,22.09,3.2,2.59,2026-05-21,2026-05-21 07:54:08
3703,欣陸,20.3,20.25,20.3,20.1,25.82,21.18,37.84,-0.42,-0.44,0.01,21.2,20.54,19.89,814,1086,0.75,167.11,11.28,1.05,5.17,2026-05-21,2026-05-21 07:54:09
3704,合勤控,41.4,39.25,41.8,39.2,84.35,78.01,83.42,1.19,0.73,0.46,40.08,36.19,32.31,12301,6327,1.94,167.48,26.54,0.3,0.72,2026-05-21,2026-05-21 07:54:10
3705,永信,55.8,55.5,56.1,55.5,53.64,58.47,53.13,0.24,0.23,0.01,56.25,55.49,54.72,275,188,1.46,148.63,16.86,3.0,5.38,2026-05-21,2026-05-21 07:54:11
3706,神達,83.5,81.5,83.6,81.0,32.05,29.8,55.28,-0.06,0.39,-0.44,88.04,82.96,77.88,15840,10900,1.45,1108.22,16.28,1.0,1.2,2026-05-21,2026-05-21 07:54:12
3707,漢磊,80.0,76.0,80.0,75.6,44.9,53.03,65.07,5.06,5.04,0.02,86.65,70.56,54.48,18302,22774,0.8,317.18,266.67,,,2026-05-21,2026-05-21 07:54:14
3708,上緯投控,126.5,120.5,130.5,119.5,50.69,37.17,61.63,-0.04,-0.26,0.22,126.69,119.5,112.31,3937,1348,2.92,113.9,21.3,2.35,1.86,2026-05-21,2026-05-21 07:54:15
3709,鑫聯大投控,87.0,84.1,87.8,83.5,39.02,32.4,55.87,2.53,3.06,-0.53,89.96,83.13,76.3,3786,2978,1.27,109.25,12.24,1.0,1.15,2026-05-21,2026-05-21 07:54:16
3710,連展投控,6.3,6.15,6.4,6.01,48.71,43.61,35.56,-0.14,-0.1,-0.05,7.49,6.61,5.73,331,370,0.9,18.1,,,,2026-05-21,2026-05-21 07:54:17
3711,日月光投控,510.0,499.0,511.0,496.5,29.05,37.61,56.25,20.09,29.71,-9.62,568.75,512.3,455.85,18421,24242,0.76,22378.25,50.05,5.3,1.04,2026-05-21,2026-05-21 07:54:19
3712,永崴投控,15.7,15.15,15.8,15.15,12.75,14.24,26.29,-1.34,-0.86,-0.47,23.14,18.97,14.79,1441,2810,0.51,38.66,,3.0,19.11,2026-05-21,2026-05-21 07:54:20
3713,新晶投控,13.0,13.0,13.1,12.75,29.42,29.84,20.63,-0.72,-0.66,-0.06,15.78,14.19,12.6,104,130,0.8,11.45,,,,2026-05-21,2026-05-21 07:54:21
3714,富采,74.0,69.1,74.1,68.7,47.05,34.0,49.86,2.06,3.07,-1.01,77.64,70.63,63.62,46194,19540,2.36,545.13,7400.0,0.9,1.22,2026-05-21,2026-05-21 07:54:22
3715,定穎投控,164.0,165.0,168.0,163.5,14.85,18.29,43.51,-3.63,-0.91,-2.72,194.59,177.82,161.06,6390,9728,0.66,465.06,60.74,1.5,0.91,2026-05-21,2026-05-21 07:54:23
3716,中化控股,34.6,34.2,34.8,34.2,49.97,54.0,72.31,0.43,0.33,0.09,35.92,33.4,30.88,265,223,1.19,50.56,14.54,1.02,2.95,2026-05-21,2026-05-21 07:54:24
3717,聯嘉投控,23.75,23.55,24.3,23.1,52.23,48.27,75.45,0.51,0.44,0.07,24.96,21.92,18.88,4849,2456,1.97,49.36,,0.3,1.26,2026-05-21,2026-05-21 07:54:25
4102,永日,17.15,17.0,17.15,16.85,29.15,23.93,29.63,-0.52,-0.49,-0.04,19.19,17.84,16.48,98,88,1.11,7.27,,1.15,6.71,2026-05-21,2026-05-21 07:54:26
4104,佳醫,70.8,70.6,70.8,70.1,60.69,35.11,45.0,-0.94,-0.99,0.05,73.94,70.65,67.36,198,377,0.53,133.36,15.39,4.3,6.07,2026-05-21,2026-05-21 07:54:28
4105,東洋,74.2,74.1,74.3,73.9,31.78,48.77,50.0,0.02,0.02,0.01,76.44,74.14,71.85,273,485,0.56,184.5,11.85,4.5,6.06,2026-05-21,2026-05-21 07:54:29
4106,雃博,23.1,23.05,23.3,23.0,66.93,65.28,68.18,0.18,0.1,0.09,23.35,22.51,21.66,92,97,0.95,23.31,19.41,0.8,3.46,2026-05-21,2026-05-21 07:54:30
4107,邦特,117.0,116.5,117.5,116.5,29.55,43.62,56.0,-0.24,-0.21,-0.03,120.82,117.3,113.78,64,111,0.58,81.08,15.12,5.5,4.7,2026-05-21,2026-05-21 07:54:31
4108,懷特,12.0,12.1,12.25,11.95,32.69,21.8,42.42,-0.24,-0.26,0.02,12.59,12.05,11.51,264,270,0.98,23.83,,,,2026-05-21,2026-05-21 07:54:32
4109,加捷生醫,11.6,11.8,11.8,11.55,71.56,52.97,48.48,-0.24,-0.31,0.07,11.92,11.51,11.11,118,265,0.45,13.77,26.98,0.5,4.31,2026-05-21,2026-05-21 07:54:34
4111,濟生,30.1,30.35,30.4,30.1,40.57,52.11,65.12,0.23,0.19,0.04,30.72,29.82,28.93,151,118,1.27,18.01,11.07,1.0,3.32,2026-05-21,2026-05-21 07:54:35
4113,聯上,15.5,16.45,16.45,15.25,43.6,32.11,60.0,-0.37,-0.51,0.13,16.08,14.94,13.79,257,217,1.18,35.83,,0.85,5.48,2026-05-21,2026-05-21 07:54:36
4114,健喬,30.9,30.95,30.95,30.7,30.98,28.48,53.33,-0.15,-0.14,-0.0,31.26,30.89,30.52,552,818,0.67,156.02,18.61,0.6,1.94,2026-05-21,2026-05-21 07:54:38
4115,善德生技,8.51,8.3,8.6,8.22,21.47,29.84,43.63,-0.02,0.19,-0.2,10.33,9.22,8.12,39,151,0.26,5.11,,,,2026-05-21,2026-05-21 07:54:40
4116,明基醫,37.5,37.2,37.7,37.2,12.52,10.64,11.11,-0.68,-0.48,-0.2,40.8,38.93,37.05,49,44,1.1,16.71,21.43,1.65,4.4,2026-05-21,2026-05-21 07:54:42
4117,普生,4.15,4.3,4.3,4.3,42.1,42.1,,-0.16,-0.24,0.07,4.3,4.3,4.3,0,0,,2.94,0.56,,,2026-05-20,2026-05-21 07:54:43
4119,旭富,43.05,42.5,43.3,42.5,31.35,20.63,27.27,-2.1,-2.02,-0.08,50.75,45.04,39.33,136,226,0.6,51.45,47.83,1.5,3.48,2026-05-21,2026-05-21 07:54:44
4120,友華,46.2,46.3,46.3,46.2,22.52,18.0,7.14,-0.13,-0.05,-0.08,47.48,46.57,45.65,19,44,0.44,40.08,,1.0,2.16,2026-05-21,2026-05-21 07:54:45
4121,優盛,14.25,14.15,14.55,14.15,36.18,24.34,40.43,-0.45,-0.52,0.07,15.02,14.35,13.68,76,101,0.75,11.79,,,,2026-05-21,2026-05-21 07:54:47
4123,晟德,38.75,38.3,38.8,38.25,32.69,30.2,47.57,-0.57,-0.69,0.11,39.65,38.59,37.54,1759,2193,0.8,293.8,3.39,0.76,1.96,2026-05-21,2026-05-21 07:54:48
4126,太醫,79.8,79.8,79.9,79.7,41.54,45.55,56.52,-0.05,-0.11,0.06,80.44,79.54,78.64,18,16,1.1,57.93,15.23,5.0,6.27,2026-05-21,2026-05-21 07:54:49
4127,天良,57.2,57.2,57.2,57.2,84.45,73.66,75.3,3.49,2.15,1.34,53.36,42.3,31.25,281,792,0.35,26.17,,,,2026-05-21,2026-05-21 07:54:51
4128,中天,16.05,15.4,16.05,15.35,49.99,29.31,56.32,-0.42,-0.5,0.08,16.19,15.27,14.35,1819,1311,1.39,94.4,,,,2026-05-21,2026-05-21 07:54:52
4129,聯合,90.8,91.0,92.2,90.0,11.83,16.21,26.54,-3.1,-2.56,-0.54,105.1,96.73,88.35,820,473,1.73,87.56,16.01,4.0,4.41,2026-05-21,2026-05-21 07:54:53
4130,健亞,27.6,27.3,27.85,27.3,43.85,51.56,51.55,-0.94,-1.1,0.15,29.35,27.84,26.33,124,89,1.39,37.74,276.0,0.1,0.36,2026-05-21,2026-05-21 07:54:55
4131,浩泰,35.2,34.8,35.5,34.4,46.04,41.24,47.37,-0.16,-0.17,0.0,35.83,35.38,34.94,16,31,0.52,13.98,,,,2026-05-21,2026-05-21 07:54:56
4133,亞諾法,21.15,21.1,21.3,20.85,30.97,26.7,42.62,-0.39,-0.38,-0.0,22.36,21.56,20.77,261,223,1.17,12.81,17.34,0.9,4.26,2026-05-21,2026-05-21 07:54:58
4137,麗豐-KY,104.5,104.5,104.5,103.5,25.0,27.32,42.31,-0.97,-0.76,-0.2,108.26,105.62,102.99,64,155,0.41,86.2,15.37,10.0,9.57,2026-05-21,2026-05-21 07:54:59
4138,曜亞,52.1,51.8,52.4,51.6,23.85,15.14,22.54,-1.69,-1.43,-0.26,59.61,54.3,49.0,29,35,0.83,20.8,13.75,4.2,8.06,2026-05-21,2026-05-21 07:55:00
4139,馬光-KY,23.05,23.05,23.05,23.0,27.36,43.95,40.28,-0.24,-0.19,-0.05,24.54,23.77,23.01,13,10,1.3,10.37,,,,2026-05-21,2026-05-21 07:55:01
4142,國光生,17.6,17.4,17.6,17.3,28.48,24.32,48.39,-0.18,-0.16,-0.02,18.26,17.74,17.21,765,1376,0.56,74.19,5.21,,,2026-05-21,2026-05-21 07:55:02
4147,中裕,49.0,49.1,49.35,48.6,22.59,32.92,48.64,-0.55,-0.6,0.05,51.97,49.5,47.03,1032,1166,0.89,132.64,,,,2026-05-21,2026-05-21 07:55:04
4148,全宇生技-KY,34.3,34.8,34.8,34.1,16.04,17.66,36.7,-1.23,-1.04,-0.19,39.16,36.24,33.31,39,77,0.51,23.06,15.11,1.0,2.92,2026-05-21,2026-05-21 07:55:05
4150,優你康,5.71,5.79,5.79,5.65,18.96,22.82,48.14,-0.05,0.0,-0.06,6.79,6.03,5.27,374,328,1.14,8.41,,,,2026-05-21,2026-05-21 07:55:06
4153,鈺緯,30.55,30.95,30.95,30.5,57.31,51.87,49.18,-0.41,-0.54,0.12,31.64,30.62,29.6,12,21,0.57,17.92,19.84,2.0,6.55,2026-05-21,2026-05-21 07:55:08
4154,樂威科-KY,14.4,14.55,14.55,13.9,78.95,69.74,57.29,0.19,0.03,0.17,15.52,13.36,11.2,15,27,0.54,5.04,,,,2026-05-21,2026-05-21 07:55:09
4155,訊映,15.3,14.8,15.3,14.8,89.86,77.96,85.94,0.41,0.18,0.23,15.12,13.56,12.01,629,612,1.03,21.59,26.84,0.3,1.96,2026-05-21,2026-05-21 07:55:10
4157,太景*-KY,9.21,9.07,9.28,9.04,20.79,15.77,25.47,-0.42,-0.43,0.01,10.41,9.6,8.79,1272,1152,1.1,65.56,153.5,,,2026-05-21,2026-05-21 07:55:11
4160,訊聯基因,41.35,43.0,43.0,41.25,22.59,23.86,37.82,-0.89,-0.81,-0.08,44.77,42.89,41.01,105,91,1.15,11.04,51.69,1.85,4.47,2026-05-21,2026-05-21 07:55:13
4161,聿新科,23.55,23.5,23.55,23.35,67.54,56.59,51.02,-0.22,-0.32,0.11,23.89,23.33,22.76,80,78,1.02,14.08,19.46,0.3,1.27,2026-05-21,2026-05-21 07:55:14
4162,智擎,57.1,56.0,57.1,55.9,47.8,36.54,61.7,-0.45,-0.6,0.14,58.02,55.77,53.52,426,369,1.15,82.04,21.23,,,2026-05-21,2026-05-21 07:55:16
4163,鐿鈦,110.0,112.0,112.0,107.0,61.57,63.11,61.32,2.46,0.81,1.64,120.26,103.65,87.03,106,317,0.34,55.71,21.61,3.5,3.18,2026-05-21,2026-05-21 07:55:17
4164,承業醫,28.6,28.4,29.05,28.35,31.28,21.54,45.45,-0.66,-0.68,0.02,30.53,28.99,27.45,556,540,1.03,55.86,28.6,1.36,4.76,2026-05-21,2026-05-21 07:55:18
4166,友霖,24.4,25.1,25.15,23.45,18.25,22.47,37.93,-0.17,0.04,-0.21,27.09,25.92,24.76,1333,435,3.06,59.3,27.11,,,2026-05-21,2026-05-21 07:55:19
4167,松瑞藥,19.35,19.2,19.4,19.0,58.31,48.58,59.09,-0.22,-0.29,0.07,19.44,19.01,18.57,694,630,1.1,60.07,11.32,0.41,2.12,2026-05-21,2026-05-21 07:55:21
4168,醣聯,25.7,25.1,25.8,24.85,76.33,62.93,62.14,0.37,0.02,0.35,25.74,23.53,21.31,251,679,0.37,28.92,,,,2026-05-21,2026-05-21 07:55:23
4169,泰宗,157.5,152.0,162.0,152.0,36.1,22.19,43.94,-2.39,-2.19,-0.2,169.65,156.68,143.7,215,144,1.49,104.63,492.19,0.35,0.22,2026-05-21,2026-05-21 07:55:24
4170,鑫品生醫,13.6,13.65,13.75,13.35,46.3,31.01,34.55,-0.14,-0.09,-0.05,14.86,13.7,12.53,11,39,0.29,5.95,6.21,,,2026-05-21,2026-05-21 07:55:26
4171,瑞基,18.2,18.3,18.4,18.15,27.39,19.98,30.0,-0.31,-0.26,-0.05,20.27,18.77,17.27,92,113,0.81,10.43,,,,2026-05-21,2026-05-21 07:55:27
4172,因華,13.85,14.0,14.05,13.35,42.54,34.05,42.0,-0.29,-0.22,-0.06,15.65,14.39,13.13,177,184,0.97,16.56,,,,2026-05-21,2026-05-21 07:55:28
4173,久裕,18.3,18.25,18.3,18.2,23.42,23.66,24.0,-0.28,-0.27,-0.01,19.19,18.65,18.11,109,105,1.03,13.65,15.78,1.04,5.68,2026-05-21,2026-05-21 07:55:30
4174,浩鼎,32.4,32.45,32.55,32.2,26.42,24.83,53.74,-1.09,-1.2,0.11,35.03,32.83,30.64,255,290,0.88,42.6,,,,2026-05-21,2026-05-21 07:55:31
4175,杏一,53.4,53.3,53.6,53.3,18.24,11.76,30.77,-0.55,-0.5,-0.05,55.72,54.01,52.3,15,19,0.79,22.6,14.67,1.6,3.0,2026-05-21,2026-05-21 07:55:32
4178,永笙-KY,19.0,19.0,19.15,18.95,62.69,57.26,33.33,-1.59,-1.69,0.1,25.54,20.44,15.35,432,424,1.02,40.79,,,,2026-05-21,2026-05-21 07:55:34
4183,福永生技,12.5,13.0,13.0,12.5,25.86,22.91,20.63,-0.69,-0.58,-0.1,15.29,13.76,12.23,12,29,0.41,2.98,,0.67,5.36,2026-05-21,2026-05-21 07:55:35
4186,尖端醫,10.3,10.4,10.4,9.96,28.13,27.31,36.92,-0.14,-0.07,-0.07,11.75,10.74,9.74,181,334,0.54,9.27,33.23,,,2026-05-21,2026-05-21 07:55:36
4188,安克,11.2,11.15,11.2,11.0,15.37,17.28,31.25,-0.29,-0.25,-0.03,12.42,11.73,11.04,69,35,1.99,7.09,,,,2026-05-21,2026-05-21 07:55:38
4190,佐登-KY,24.75,24.55,24.8,24.0,51.65,40.21,38.89,-0.56,-0.65,0.09,25.84,24.9,23.95,121,49,2.44,14.77,18.33,0.5,2.02,2026-05-21,2026-05-21 07:55:39
4192,杏國,20.0,19.65,20.0,19.65,45.41,60.1,53.92,-0.02,0.02,-0.04,21.23,20.26,19.29,16,3,4.42,7.03,,,,2026-05-21,2026-05-21 07:55:40
4194,禾生技,7.17,7.07,7.2,6.81,37.69,38.78,37.21,-0.06,0.01,-0.07,8.05,7.59,7.14,153,93,1.64,10.47,,,,2026-05-21,2026-05-21 07:55:41
4197,暐世,9.1,9.14,9.14,8.71,15.35,12.96,7.62,-0.62,-0.26,-0.35,14.06,11.03,8.0,50,99,0.5,2.75,53.53,,,2026-05-21,2026-05-21 07:55:44
4198,欣大健康,38.3,38.7,38.7,37.2,66.47,59.84,55.16,-0.19,-0.17,-0.02,40.18,38.25,36.32,3,7,0.41,9.23,,,,2026-05-21,2026-05-21 07:55:45
4205,中華食,73.1,73.2,73.2,73.1,19.64,14.83,18.18,-0.91,-0.92,0.01,75.64,73.93,72.22,10,20,0.52,71.38,17.66,2.0,2.74,2026-05-21,2026-05-21 07:55:47
4207,環泰,19.2,19.3,19.3,19.1,86.9,87.74,82.69,0.34,0.18,0.16,19.75,18.2,16.64,104,318,0.33,38.12,10.97,1.2,6.25,2026-05-21,2026-05-21 07:55:48
4303,信立,48.75,48.9,50.3,48.6,24.85,16.35,28.63,-1.81,-1.47,-0.34,56.46,51.24,46.02,882,1006,0.88,46.12,4.39,1.0,2.05,2026-05-21,2026-05-21 07:55:49
4304,勝昱,28.35,28.9,28.9,28.35,16.15,20.31,38.66,-0.07,0.22,-0.29,31.66,29.87,28.08,5,15,0.34,17.3,,,,2026-05-21,2026-05-21 07:55:51
4305,世坤,44.5,44.5,44.5,44.5,56.15,53.07,68.29,0.14,0.1,0.04,44.59,43.9,43.21,1,5,0.2,24.48,11.68,3.2,7.19,2026-05-21,2026-05-21 07:55:52
4306,炎洲,13.8,13.8,13.9,13.75,76.27,64.44,71.43,0.05,-0.03,0.08,13.8,13.31,12.82,1665,1815,0.92,90.8,53.08,1.0,7.25,2026-05-21,2026-05-21 07:55:53
4401,東隆興,13.95,14.4,14.4,13.95,39.74,44.99,40.82,-0.16,-0.18,0.02,15.03,14.35,13.66,190,177,1.07,17.12,19.11,0.7,5.02,2026-05-21,2026-05-21 07:55:55
4402,郡都開發,11.85,11.95,11.95,11.8,11.53,13.02,27.78,-1.2,-1.12,-0.08,15.72,13.3,10.88,23,69,0.33,8.06,,,,2026-05-21,2026-05-21 07:55:56
4406,新昕纖,10.0,10.0,10.0,10.0,57.28,50.23,42.65,-0.02,-0.02,0.0,10.12,10.01,9.9,5,144,0.03,5.19,,,,2026-05-21,2026-05-21 07:55:57
4413,飛寶企業,18.0,17.85,18.0,17.4,34.18,39.86,35.29,-0.04,0.08,-0.12,19.36,18.66,17.95,11,5,1.96,5.64,34.62,0.2,1.11,2026-05-20,2026-05-21 07:55:59
4414,如興,8.28,8.11,8.4,8.06,11.23,14.32,24.58,-0.61,-0.43,-0.18,11.18,9.73,8.28,429,1367,0.31,21.84,12.36,,,2026-05-21,2026-05-21 07:56:00
4416,三圓,11.55,11.3,11.75,11.3,32.23,24.89,21.74,-0.79,-0.78,-0.0,13.94,12.46,10.98,74,139,0.53,7.92,,1.0,8.66,2026-05-21,2026-05-21 07:56:01
4417,金洲,45.0,44.85,45.1,44.8,10.2,10.58,22.08,-1.07,-1.04,-0.03,48.14,46.26,44.38,165,160,1.03,37.79,7.39,,,2026-05-21,2026-05-21 07:56:03
4419,皇家美食,46.1,46.1,46.1,46.1,36.67,39.84,45.65,-0.18,-0.19,0.01,47.35,46.07,44.79,1,9,0.1,77.98,,,,2026-05-21,2026-05-21 07:56:04
4420,光明,39.6,39.95,40.0,39.35,7.49,11.6,36.26,-1.01,-0.96,-0.05,42.91,41.1,39.3,92,67,1.38,16.02,7.17,3.0,7.58,2026-05-21,2026-05-21 07:56:05
4426,利勤,7.71,7.99,7.99,7.65,9.57,10.9,5.63,-0.24,-0.23,-0.02,8.64,8.11,7.59,327,128,2.56,13.31,,,,2026-05-21,2026-05-21 07:56:07
4430,耀億,16.9,16.8,16.9,16.65,39.72,33.83,25.86,-0.25,-0.25,0.0,18.0,17.18,16.36,26,18,1.42,9.51,,0.5,2.96,2026-05-21,2026-05-21 07:56:08
4431,敏成健康,16.45,16.1,16.8,16.05,33.66,39.36,36.84,-0.3,-0.22,-0.07,18.15,17.22,16.29,27,38,0.7,6.01,,,,2026-05-21,2026-05-21 07:56:09
4432,銘旺實,17.0,16.55,17.15,16.55,69.44,65.65,78.72,0.52,0.22,0.3,17.73,15.2,12.67,69,230,0.3,8.6,19.32,1.0,5.88,2026-05-21,2026-05-21 07:56:11
4433,興采,20.5,20.4,20.9,20.4,49.29,59.01,57.58,0.04,-0.05,0.09,21.12,20.26,19.39,19,72,0.26,12.39,19.52,1.0,4.88,2026-05-21,2026-05-21 07:56:12
4438,廣越,57.9,57.6,58.9,57.1,33.12,36.65,57.05,-0.1,-0.18,0.07,60.19,57.45,54.7,58,64,0.9,65.24,19.9,3.2,5.53,2026-05-21,2026-05-21 07:56:13
4439,冠星-KY,92.0,91.0,93.0,90.0,17.88,21.53,33.15,-0.83,0.24,-1.07,103.27,97.17,91.07,15,24,0.62,34.61,12.76,2.0,2.17,2026-05-21,2026-05-21 07:56:14
4440,宜新實業,18.1,18.15,18.2,18.05,31.0,43.54,52.7,0.23,0.26,-0.03,19.03,18.13,17.23,32,78,0.41,12.24,15.88,1.0,5.52,2026-05-21,2026-05-21 07:56:15
4441,振大環球,203.0,202.0,205.0,199.5,38.96,50.82,65.14,1.74,0.86,0.87,217.51,197.18,176.84,141,101,1.39,138.4,13.98,9.15,4.51,2026-05-21,2026-05-21 07:56:16
4442,竣邦-KY,51.8,51.3,52.4,51.0,22.65,22.81,31.58,-1.79,-1.51,-0.28,58.27,54.17,50.07,90,68,1.31,16.27,11.0,3.5,6.76,2026-05-21,2026-05-21 07:56:18
4502,健信,15.75,15.8,16.15,15.5,42.32,45.24,48.21,-0.01,0.02,-0.03,16.28,15.89,15.5,31,37,0.85,8.74,,,,2026-05-21,2026-05-21 07:56:19
4503,金雨,42.15,42.55,43.5,41.8,12.07,22.15,41.57,0.32,0.85,-0.53,46.7,44.01,41.32,253,205,1.23,33.01,30.77,,,2026-05-21,2026-05-21 07:56:20
4506,崇友,118.5,118.5,119.0,118.0,59.35,58.69,58.82,0.09,0.09,-0.0,119.75,118.25,116.75,55,49,1.13,209.76,18.17,4.5,3.8,2026-05-21,2026-05-21 07:56:22
4510,高鋒,47.6,47.15,48.25,46.65,42.47,43.0,51.38,0.64,0.78,-0.14,50.79,47.2,43.62,1414,4202,0.34,51.87,,0.79,1.66,2026-05-21,2026-05-21 07:56:23
4513,福裕,14.95,14.8,15.15,14.75,51.27,36.04,45.45,-0.44,-0.52,0.08,15.48,14.87,14.26,388,368,1.05,17.1,,,,2026-05-21,2026-05-21 07:56:25
4523,永彰,28.35,28.05,28.65,28.05,15.1,16.23,28.97,-0.65,-0.39,-0.26,32.19,29.86,27.52,121,175,0.69,18.41,1.29,2.64,9.31,2026-05-21,2026-05-21 07:56:26
4526,東台,38.05,37.45,39.25,37.45,63.06,54.33,53.57,0.84,0.73,0.12,40.19,36.01,31.84,8184,9190,0.89,95.82,21.02,1.0,2.63,2026-05-21,2026-05-21 07:56:27
4527,方土霖,43.65,43.8,43.8,43.6,73.53,71.3,75.0,0.26,0.21,0.05,44.06,43.04,42.02,12,22,0.55,33.24,12.99,3.0,6.87,2026-05-21,2026-05-21 07:56:29
4528,江興鍛,15.6,15.45,15.6,15.4,24.86,30.85,39.66,-0.34,-0.37,0.03,16.3,15.8,15.3,19,25,0.76,13.13,14.31,0.2,1.28,2026-05-21,2026-05-21 07:56:30
4529,淳紳,5.88,6.19,6.19,5.75,79.82,71.41,58.33,0.51,0.44,0.07,6.34,5.2,4.06,76,205,0.37,4.97,,,,2026-05-21,2026-05-21 07:56:32
4530,宏易,25.2,25.25,25.25,25.15,38.63,41.71,53.4,-0.67,-0.7,0.03,28.02,25.94,23.87,7,8,0.81,9.02,20.66,,,2026-05-21,2026-05-21 07:56:33
4532,瑞智,23.4,23.25,23.5,23.2,53.57,53.15,60.0,-0.2,-0.28,0.09,23.64,23.16,22.67,618,899,0.69,113.76,11.47,1.5,6.41,2026-05-21,2026-05-21 07:56:34
4533,協易機,32.7,32.35,33.15,32.0,57.86,48.82,58.33,0.19,0.03,0.16,33.09,31.15,29.21,3697,3718,0.99,51.81,163.5,1.2,3.67,2026-05-21,2026-05-21 07:56:35
4534,慶騰,22.05,22.2,22.35,22.0,14.12,17.85,29.66,-0.88,-0.72,-0.16,25.51,23.54,21.57,298,422,0.71,19.14,2205.0,,,2026-05-21,2026-05-21 07:56:37
4535,至興,27.3,27.3,27.3,27.3,43.87,56.87,39.39,-0.13,-0.16,0.03,28.08,27.55,27.03,8,5,1.59,20.66,21.0,1.6,5.86,2026-05-21,2026-05-21 07:56:38
4536,拓凱,161.0,159.0,161.5,158.5,71.26,64.79,92.59,1.19,0.11,1.08,158.84,152.88,146.91,296,468,0.63,146.22,10.86,8.0,4.97,2026-05-21,2026-05-21 07:56:40
4537,旭東,169.5,167.0,172.0,166.0,24.85,33.42,56.63,8.42,11.76,-3.35,187.52,167.85,148.18,137,119,1.15,133.63,217.31,0.5,0.29,2026-05-21,2026-05-21 07:56:41
4538,大詠城,18.45,18.35,18.45,18.25,44.14,41.42,57.89,-0.09,-0.09,0.01,18.62,18.41,18.21,23,20,1.14,10.97,63.62,1.0,5.42,2026-05-21,2026-05-21 07:56:42
4540,全球傳動,69.5,68.1,69.8,67.3,47.33,49.93,51.4,4.3,4.81,-0.51,78.34,66.39,54.43,6571,16742,0.39,80.05,100.72,,,2026-05-21,2026-05-21 07:56:43
4541,晟田,44.1,43.6,44.35,43.5,11.08,13.0,43.9,-0.54,0.02,-0.56,50.95,46.27,41.58,481,785,0.61,29.83,21.83,0.75,1.7,2026-05-21,2026-05-21 07:56:45
4542,科嶠,259.5,244.5,259.5,227.0,74.52,56.44,66.95,14.58,11.48,3.09,255.18,208.07,160.97,2637,757,3.48,89.75,204.33,0.93,0.36,2026-05-21,2026-05-21 07:56:46
4543,萬在,39.35,38.4,39.35,38.15,41.55,32.28,53.07,0.69,0.94,-0.26,41.9,38.68,35.47,349,370,0.94,23.52,74.25,1.0,2.54,2026-05-21,2026-05-21 07:56:48
4544,春日,15.05,15.05,15.05,15.05,38.39,33.5,39.13,-0.35,-0.26,-0.09,16.99,15.7,14.4,1,5,0.22,9.07,55.74,1.1,7.31,2026-05-21,2026-05-21 07:56:50
4545,銘鈺,31.75,30.85,32.4,30.75,56.75,41.94,57.42,-0.12,-0.3,0.18,31.57,30.17,28.76,380,316,1.2,24.45,186.76,1.65,5.2,2026-05-21,2026-05-21 07:56:51
4546,長亨,110.0,112.0,112.0,108.0,19.68,19.04,14.55,-5.91,-4.61,-1.3,146.6,123.5,100.4,40,31,1.32,37.15,20.18,,,2026-05-21,2026-05-21 07:56:52
4549,桓達,102.0,104.0,104.0,101.0,47.18,30.54,53.78,0.03,0.39,-0.36,108.01,100.42,92.83,381,276,1.38,58.14,30.82,4.02,3.94,2026-05-21,2026-05-21 07:56:54
4550,長佳,24.9,24.7,25.0,24.7,63.4,60.46,63.64,0.04,-0.05,0.1,25.16,24.48,23.8,18,43,0.42,9.42,18.72,2.0,8.03,2026-05-21,2026-05-21 07:56:55
4551,智伸科,158.5,152.5,162.0,151.5,64.32,61.72,68.99,5.05,4.17,0.88,161.02,142.03,123.03,2179,1074,2.03,182.63,26.29,4.2,2.65,2026-05-21,2026-05-21 07:56:56
4552,力達-KY,19.95,19.65,20.0,19.65,49.37,37.71,48.0,-0.32,-0.36,0.03,20.36,20.0,19.63,164,112,1.46,23.14,9.64,1.0,5.01,2026-05-21,2026-05-21 07:56:57
4553,盛復,18.4,17.8,18.4,17.8,13.8,14.45,37.5,-1.15,-0.67,-0.48,25.41,20.97,16.52,23,18,1.24,6.08,,0.3,1.63,2026-05-21,2026-05-21 07:56:58
4554,橙的,31.55,31.4,32.3,31.4,36.59,38.85,58.05,0.5,0.53,-0.03,32.52,30.56,28.59,146,167,0.88,8.31,14.95,0.35,1.11,2026-05-21,2026-05-21 07:57:00
4555,氣立,46.6,43.4,46.6,42.8,55.74,40.68,76.37,1.28,1.12,0.15,44.85,41.58,38.31,2254,989,2.28,32.38,245.26,0.5,1.07,2026-05-21,2026-05-21 07:57:01
4556,旭然,39.7,38.95,40.5,38.95,24.22,33.64,59.24,1.97,2.66,-0.69,45.59,39.84,34.09,234,403,0.58,16.79,43.15,0.3,0.76,2026-05-21,2026-05-21 07:57:02
4557,永新-KY,47.2,47.45,47.75,47.05,5.6,10.4,42.25,-2.0,-1.85,-0.15,54.43,50.37,46.31,81,120,0.68,22.64,7.28,6.5,13.77,2026-05-21,2026-05-21 07:57:04
4558,寶緯,20.0,20.25,20.25,19.8,41.73,44.29,58.33,0.16,0.11,0.05,20.48,19.53,18.57,28,44,0.64,10.0,,0.5,2.5,2026-05-21,2026-05-21 07:57:05
4559,久裕興,9.55,9.94,9.94,9.45,66.92,51.99,43.93,0.12,0.17,-0.05,11.45,9.72,7.98,10,31,0.31,5.73,56.18,,,2026-05-21,2026-05-21 07:57:06
4560,強信-KY,32.9,32.4,33.35,32.4,12.83,18.05,26.06,-0.19,0.23,-0.42,37.39,34.97,32.56,209,265,0.79,22.4,10.89,1.2,3.65,2026-05-21,2026-05-21 07:57:07
4561,健椿,49.1,48.0,50.0,48.0,42.51,56.01,72.18,3.53,3.45,0.07,57.29,43.87,30.46,334,319,1.04,28.73,75.54,1.2,2.44,2026-05-21,2026-05-21 07:57:09
4562,穎漢,40.8,40.6,41.2,39.8,61.65,59.04,62.22,1.81,1.46,0.35,43.76,37.16,30.57,1903,5050,0.38,,,,,2026-05-21,2026-05-21 07:57:10
4563,百德,47.8,47.65,49.0,47.65,33.18,32.56,41.67,0.94,1.15,-0.21,53.52,47.58,41.65,143,275,0.52,26.27,19.2,3.0,6.28,2026-05-21,2026-05-21 07:57:11
4564,元翎,16.0,16.3,16.35,16.0,6.64,9.93,28.43,-0.78,-0.57,-0.2,19.97,17.74,15.5,704,1092,0.64,37.25,,,,2026-05-21,2026-05-21 07:57:12
4565,宏偉,118.5,120.0,120.0,116.0,61.66,65.54,69.23,4.43,4.24,0.19,123.35,111.42,99.5,10,17,0.59,73.16,17.27,6.0,5.06,2026-05-21,2026-05-21 07:57:14
4566,時碩工業,62.0,61.0,62.2,61.0,19.37,17.87,38.89,-0.86,0.13,-0.98,72.19,65.55,58.9,407,682,0.6,68.13,45.93,0.68,1.1,2026-05-21,2026-05-21 07:57:15
4568,科際精密,40.35,40.3,40.4,40.3,26.3,24.98,36.62,-0.44,-0.42,-0.02,43.18,41.03,38.88,8,7,1.08,12.76,20.18,2.0,4.96,2026-05-21,2026-05-21 07:57:16
4569,六方科-KY,177.0,175.5,183.5,175.5,30.84,35.7,45.88,2.49,4.08,-1.59,196.42,179.53,162.63,150,518,0.29,53.8,42.86,5.71,3.23,2026-05-21,2026-05-21 07:57:17
4570,傑生,71.0,71.0,71.0,71.0,41.07,51.29,67.65,1.11,1.08,0.03,72.55,69.59,66.63,1,0,1.65,31.24,27.52,3.0,4.23,2026-05-21,2026-05-21 07:57:19
4571,鈞興-KY,216.0,212.5,221.0,208.0,64.17,72.75,64.94,13.69,11.53,2.17,232.13,194.62,157.12,1410,2778,0.51,112.75,22.55,5.18,2.4,2026-05-21,2026-05-21 07:57:20
4572,駐龍,143.0,144.0,145.5,142.0,28.38,33.94,47.06,-0.28,0.22,-0.5,150.44,146.2,141.96,47,32,1.49,57.2,48.47,4.74,3.31,2026-05-21,2026-05-21 07:57:21
4573,高明鐵,405.0,400.0,410.0,398.0,22.2,25.12,34.7,0.58,17.33,-16.75,542.36,454.73,367.09,487,706,0.69,168.87,,,,2026-05-21,2026-05-21 07:57:22
4575,銓寶,25.8,25.9,26.2,25.5,18.89,23.94,32.35,0.44,0.86,-0.42,28.16,26.71,25.26,93,62,1.51,9.98,23.89,1.3,5.04,2026-05-21,2026-05-21 07:57:23
4576,大銀微系統,248.0,242.0,250.5,237.5,54.12,66.48,58.55,20.42,22.56,-2.14,282.98,230.22,177.47,3320,5734,0.58,297.11,123.38,0.2,0.08,2026-05-21,2026-05-21 07:57:24
4577,達航科技,122.0,121.5,125.0,120.5,9.58,8.75,17.42,-3.18,2.76,-5.93,191.59,150.28,108.96,597,725,0.82,59.95,,,,2026-05-21,2026-05-21 07:57:26
4580,捷流閥業,82.0,82.5,82.9,81.4,45.09,47.12,64.63,0.44,0.41,0.02,83.33,81.21,79.09,65,45,1.43,38.38,16.47,5.0,6.1,2026-05-21,2026-05-21 07:57:27
4581,光隆精密-KY,49.45,49.7,49.7,49.45,11.15,12.38,49.64,-0.15,-0.05,-0.1,50.99,49.93,48.87,7,9,0.73,16.76,13.05,3.2,6.47,2026-05-21,2026-05-21 07:57:28
4582,聚恆,31.9,31.0,31.9,30.4,16.14,16.78,31.25,-0.45,0.07,-0.52,38.81,34.36,29.92,403,258,1.56,24.08,20.85,0.2,0.63,2026-05-21,2026-05-21 07:57:29
4583,台灣精銳,707.0,698.0,710.0,691.0,22.86,33.24,37.55,4.93,15.74,-10.81,801.1,746.1,691.1,85,216,0.4,566.81,58.82,10.0,1.41,2026-05-21,2026-05-21 07:57:30
4584,君帆,46.8,47.0,47.0,43.2,82.35,69.38,68.59,0.68,0.01,0.67,45.39,41.82,38.25,29,19,1.52,14.04,13.68,2.2,4.7,2026-05-21,2026-05-21 07:57:32
4585,達明,339.0,330.0,340.5,330.0,34.79,45.21,60.39,7.15,7.41,-0.26,361.36,329.95,298.54,458,1295,0.35,354.62,235.42,1.0,0.29,2026-05-21,2026-05-21 07:57:33
4587,寶元數控,74.9,69.0,75.7,69.0,77.66,64.07,66.38,6.59,5.81,0.78,75.94,58.36,40.78,318,233,1.36,24.72,,,,2026-05-21,2026-05-21 07:57:34
4588,玖鼎電力,55.3,55.7,56.3,55.2,23.84,16.63,32.2,-1.41,-1.01,-0.39,62.72,57.92,53.13,49,107,0.46,23.77,17.39,3.0,5.42,2026-05-21,2026-05-21 07:57:35
4589,碩陽電機,38.5,38.5,38.5,36.9,49.85,52.42,50.96,0.24,0.47,-0.23,40.95,38.94,36.92,29,19,1.52,9.91,47.53,0.5,1.3,2026-05-21,2026-05-21 07:57:37
4590,富田-創,74.7,73.2,75.3,73.1,28.83,25.25,51.09,-0.48,-0.16,-0.32,79.53,75.11,70.7,106,118,0.9,40.96,27.56,3.0,4.02,2026-05-21,2026-05-21 07:57:38
4609,唐鋒,5.5,5.2,5.5,5.2,61.46,61.13,66.27,0.18,0.1,0.08,5.87,5.03,4.19,17,28,0.6,2.64,,,,2026-05-20,2026-05-21 07:57:39
4702,中美實,9.71,9.68,9.78,9.66,30.92,36.37,48.94,-0.06,-0.06,0.0,9.92,9.74,9.57,63,110,0.57,7.02,11.03,,,2026-05-21,2026-05-21 07:57:40
4706,大恭,31.0,31.5,31.5,31.0,52.12,56.31,39.1,0.07,0.2,-0.13,33.25,31.96,30.67,4,21,0.19,24.5,88.57,,,2026-05-21,2026-05-21 07:57:42
4707,磐亞,14.8,14.45,14.8,14.45,13.91,18.64,46.61,0.31,0.58,-0.26,16.31,15.11,13.92,951,1118,0.85,59.75,16.63,0.25,1.69,2026-05-21,2026-05-21 07:57:43
4711,永純,16.65,16.6,16.8,16.55,46.91,51.36,65.45,0.21,0.19,0.03,17.47,16.35,15.24,161,141,1.15,10.17,111.0,0.5,3.0,2026-05-21,2026-05-21 07:57:45
4714,永捷,13.4,13.35,13.55,13.3,13.97,11.42,30.0,-0.49,-0.33,-0.17,16.01,14.42,12.83,851,1056,0.81,23.86,,0.2,1.49,2026-05-21,2026-05-21 07:57:46
4716,大立,15.05,14.55,15.15,14.55,38.14,35.86,52.5,-0.03,0.02,-0.05,15.58,14.98,14.38,464,408,1.14,14.21,,0.2,1.33,2026-05-21,2026-05-21 07:57:47
4720,德淵,25.4,24.7,26.15,24.7,27.82,35.78,46.12,0.95,1.48,-0.52,28.63,26.39,24.16,2799,6226,0.45,29.09,34.32,1.0,3.94,2026-05-21,2026-05-21 07:57:48
4721,美琪瑪,86.3,85.2,86.8,85.0,23.51,38.32,54.38,1.77,3.17,-1.4,98.51,88.9,79.28,781,1084,0.72,64.71,28.67,2.36,2.73,2026-05-21,2026-05-21 07:57:50
4722,國精化,260.5,244.0,260.5,244.0,67.27,72.55,73.97,19.44,17.04,2.4,285.54,219.32,153.11,2633,4528,0.58,267.65,130.9,1.4,0.54,2026-05-21,2026-05-21 07:57:51
4724,宣捷幹細胞,12.15,12.4,12.4,11.45,34.76,35.39,19.23,-0.39,-0.32,-0.07,14.41,13.11,11.81,275,191,1.44,11.66,,,,2026-05-21,2026-05-21 07:57:52
4726,永昕,28.55,28.25,28.7,28.2,22.06,25.15,44.17,-0.48,-0.52,0.04,29.64,28.88,28.13,215,233,0.93,59.2,,,,2026-05-21,2026-05-21 07:57:54
4728,雙美,382.0,381.5,382.0,370.5,84.82,84.19,28.0,-1.21,-1.02,-0.19,393.3,385.15,377.0,35,13,2.66,208.05,28.72,12.1,3.17,2026-05-21,2026-05-21 07:57:55
4729,熒茂,24.05,23.95,24.3,23.65,76.14,68.07,72.77,0.87,0.39,0.48,24.14,20.85,17.55,2096,3266,0.64,19.05,150.31,0.5,2.08,2026-05-21,2026-05-21 07:57:56
4732,彥臣,19.05,18.3,19.05,18.3,33.36,27.32,41.18,-0.19,-0.16,-0.03,19.95,19.13,18.32,16,10,1.47,9.2,,,,2026-05-21,2026-05-21 07:57:58
4735,豪展,31.2,30.75,31.25,30.75,80.81,75.79,72.22,0.12,0.03,0.09,31.15,30.38,29.6,34,19,1.78,12.01,12.68,2.0,6.41,2026-05-21,2026-05-21 07:57:59
4736,泰博,123.0,121.5,124.5,121.5,24.75,17.85,43.33,-0.99,-0.6,-0.39,129.93,124.75,119.57,218,170,1.28,115.67,8.19,10.0,8.13,2026-05-21,2026-05-21 07:58:00
4737,華廣,57.5,58.0,58.0,56.6,53.28,46.98,39.45,-1.58,-1.55,-0.03,63.6,59.34,55.08,50,92,0.55,44.44,18.43,,,2026-05-21,2026-05-21 07:58:01
4738,大同精化,8.2,8.25,8.25,7.68,18.65,22.89,33.06,-0.11,0.23,-0.34,12.78,9.65,6.52,1027,523,1.96,6.36,43.16,,,2026-05-21,2026-05-21 07:58:03
4739,康普,94.6,93.0,96.2,93.0,36.4,47.68,60.65,2.58,3.0,-0.42,104.21,92.4,80.58,2179,3287,0.66,117.92,67.09,0.94,0.99,2026-05-21,2026-05-21 07:58:04
4741,泓瀚,58.8,54.5,58.8,53.9,30.21,38.12,59.06,2.88,4.32,-1.44,67.49,58.27,49.06,965,1022,0.94,20.47,202.76,1.2,2.04,2026-05-21,2026-05-21 07:58:05
4743,合一,53.9,53.0,53.9,53.0,36.73,19.35,51.87,-0.64,-0.63,-0.01,55.59,51.99,48.38,2685,2135,1.26,258.38,,,,2026-05-21,2026-05-21 07:58:06
4744,皇將,33.75,33.35,34.5,33.2,73.72,74.01,56.14,0.13,-0.07,0.2,34.49,32.78,31.07,192,272,0.71,18.06,13.83,0.4,1.19,2026-05-21,2026-05-21 07:58:08
4745,合富-KY,16.6,16.65,16.75,16.6,10.63,28.02,18.28,-0.53,-0.17,-0.36,21.53,18.85,16.17,211,167,1.26,11.57,,,,2026-05-21,2026-05-21 07:58:09
4746,台耀,53.1,52.6,53.5,52.1,21.71,23.64,45.9,-0.42,-0.18,-0.24,56.77,53.72,50.68,766,916,0.84,63.86,14.59,3.0,5.65,2026-05-21,2026-05-21 07:58:10
4747,強生,58.0,56.7,58.0,56.1,90.8,87.96,65.96,0.92,0.52,0.4,59.07,55.33,51.6,20,55,0.36,26.37,48.74,1.75,3.02,2026-05-21,2026-05-21 07:58:12
4749,新應材,1090.0,1055.0,1090.0,1055.0,34.22,39.02,56.98,28.63,37.27,-8.64,1170.28,1036.6,902.92,1852,2497,0.74,1010.79,96.2,5.99,0.55,2026-05-21,2026-05-21 07:58:13
4754,國碳科,38.0,38.0,38.15,37.9,59.56,62.55,73.17,0.19,0.11,0.07,38.68,37.58,36.49,17,28,0.63,11.51,13.38,2.0,5.26,2026-05-21,2026-05-21 07:58:14
4755,三福化,140.5,138.5,141.0,136.5,40.92,23.57,33.33,-3.49,-2.48,-1.01,164.5,145.38,126.25,572,408,1.4,141.49,38.08,3.5,2.49,2026-05-21,2026-05-21 07:58:15
4760,勤凱,310.0,310.0,310.0,310.0,55.73,64.27,67.97,19.83,18.92,0.91,335.26,270.52,205.79,689,1766,0.39,99.88,44.35,4.5,1.45,2026-05-21,2026-05-21 07:58:18
4763,材料*-KY,42.3,41.5,42.65,41.4,31.45,22.52,50.0,-0.61,-0.62,0.01,43.59,42.26,40.94,5688,4942,1.15,418.41,6.95,5.41,12.79,2026-05-21,2026-05-21 07:58:19
4764,雙鍵,320.0,362.0,363.0,307.5,51.85,52.82,64.76,32.58,36.15,-3.57,381.6,289.05,196.5,6088,1647,3.7,273.73,262.3,1.0,0.31,2026-05-21,2026-05-21 07:58:20
4765,磐采,20.0,19.9,20.0,19.9,36.08,28.59,34.57,-0.59,-0.25,-0.34,24.79,21.45,18.1,6,13,0.46,6.43,,,,2026-05-21,2026-05-21 07:58:21
4766,南寶,372.0,361.0,372.0,361.0,32.49,40.78,54.74,6.73,9.11,-2.37,394.65,365.77,336.9,781,817,0.96,448.52,18.42,19.0,5.11,2026-05-21,2026-05-21 07:58:23
4767,誠泰科技,26.5,26.05,26.7,26.05,38.73,39.28,46.15,0.06,0.14,-0.08,27.07,26.61,26.15,6,21,0.29,8.32,21.37,1.8,6.79,2026-05-21,2026-05-21 07:58:25
4768,晶呈科技,446.0,446.0,446.0,446.0,17.97,14.13,37.06,-14.5,-4.83,-9.67,552.27,479.95,407.63,733,1091,0.67,211.8,1087.8,4.0,0.9,2026-05-21,2026-05-21 07:58:26
4770,上品,230.0,229.5,235.0,229.5,35.61,35.35,55.15,-0.33,-0.19,-0.14,237.42,228.32,219.23,481,378,1.27,183.94,22.62,6.0,2.61,2026-05-21,2026-05-21 07:58:27
4771,望隼,194.5,194.5,195.0,192.0,45.93,36.35,56.98,0.93,0.18,0.75,197.01,188.9,180.79,247,430,0.57,114.19,15.47,5.52,2.84,2026-05-21,2026-05-21 07:58:28
4772,台特化,298.0,291.0,305.0,291.0,19.5,23.23,42.86,-2.88,-0.59,-2.29,322.77,306.98,291.18,1426,1304,1.09,440.09,71.46,3.0,1.01,2026-05-21,2026-05-21 07:58:30
4773,高福,37.8,37.7,37.7,37.7,96.41,95.52,100.0,0.21,-0.31,0.52,43.86,34.85,25.83,0,0,,28.36,29.55,1.0,2.65,2026-04-09,2026-05-21 07:58:31
4804,大略-KY,3.27,3.27,3.27,3.27,0.54,0.54,,-0.23,-0.3,0.07,3.27,3.27,3.27,0,0,,2.35,,,,2026-05-20,2026-05-21 07:58:32
4806,桂田文創,9.96,10.1,10.1,9.91,17.02,26.93,41.67,-0.16,-0.13,-0.03,10.89,10.34,9.79,7,9,0.72,9.95,,,,2026-05-21,2026-05-21 07:58:34
4807,日成-KY,22.9,22.4,24.5,22.4,37.9,51.57,59.07,1.82,1.92,-0.11,27.56,21.44,15.31,268,280,0.96,11.22,5.36,,,2026-05-21,2026-05-21 07:58:35
4903,聯光通,45.3,44.9,45.9,44.9,40.23,47.26,50.14,-0.07,0.02,-0.09,49.2,45.7,42.21,1917,3521,0.54,47.72,44.41,0.3,0.66,2026-05-21,2026-05-21 07:58:36
4904,遠傳,95.7,97.2,97.5,95.7,43.86,56.99,55.0,0.64,0.67,-0.03,98.45,96.13,93.8,7117,5435,1.31,3452.57,25.18,3.56,3.72,2026-05-21,2026-05-21 07:58:37
4905,台聯電,78.0,74.1,79.7,74.1,22.56,22.17,49.61,-0.91,-0.41,-0.51,85.11,80.08,75.04,25,18,1.38,22.82,28.36,1.5,1.92,2026-05-21,2026-05-21 07:58:38
4906,正文,38.9,38.1,39.65,38.0,33.25,40.71,67.97,0.77,0.83,-0.06,41.47,37.15,32.83,12536,17717,0.71,166.33,21.61,1.5,3.86,2026-05-21,2026-05-21 07:58:39
4907,富宇,38.5,38.8,38.8,38.3,42.74,52.48,56.99,-0.29,-0.4,0.11,39.59,38.33,37.07,15,22,0.71,45.49,31.56,1.8,4.68,2026-05-21,2026-05-21 07:58:41
4908,前鼎,243.0,252.5,271.5,231.0,53.66,52.21,63.3,23.35,25.87,-2.52,277.44,222.12,166.81,6417,1738,3.69,190.07,122.73,1.75,0.72,2026-05-21,2026-05-21 07:58:42
4909,新復興,51.5,51.2,52.1,51.2,32.32,25.02,41.71,-2.07,-1.77,-0.3,58.72,54.06,49.39,674,1126,0.6,48.08,,6.0,11.65,2026-05-21,2026-05-21 07:58:45
4911,德英,31.25,31.7,32.7,31.25,17.11,14.74,25.74,-1.26,-1.05,-0.21,36.43,33.49,30.56,96,39,2.43,19.91,14.33,0.76,2.43,2026-05-21,2026-05-21 07:58:46
4912,聯德控股-KY,101.5,103.5,104.5,101.0,67.57,74.25,80.0,4.35,3.03,1.33,112.04,92.32,72.61,568,1392,0.41,68.1,51.52,4.0,3.94,2026-05-21,2026-05-21 07:58:47
4915,致伸,71.6,72.3,72.3,71.6,33.72,30.29,41.05,-0.55,-0.47,-0.08,75.09,72.59,70.09,2741,4036,0.68,337.87,12.72,4.2,5.87,2026-05-21,2026-05-21 07:58:48
4916,事欣科,98.8,92.8,98.8,87.0,91.86,80.21,87.35,6.27,3.02,3.24,88.94,68.87,48.79,46904,22021,2.13,121.91,62.93,0.38,0.38,2026-05-21,2026-05-21 07:58:49
4919,新唐,181.5,170.0,181.5,166.0,45.25,40.63,62.88,12.0,13.92,-1.92,187.37,159.6,131.83,63198,29743,2.12,761.87,72.46,0.4,0.22,2026-05-21,2026-05-21 07:58:50
4923,力士,38.7,38.05,39.35,37.45,48.0,44.9,67.09,0.74,0.64,0.1,40.2,36.04,31.87,823,457,1.8,12.67,,,,2026-05-21,2026-05-21 07:58:52
4924,欣厚-KY,11.55,11.5,11.85,11.45,53.61,51.56,64.63,0.26,0.13,0.13,11.74,10.71,9.69,191,385,0.5,4.29,30.39,,,2026-05-21,2026-05-21 07:58:53
4925,智微,171.0,158.0,175.5,154.5,29.57,32.98,50.0,13.76,18.92,-5.16,226.19,174.57,122.96,756,844,0.9,121.01,,,,2026-05-21,2026-05-21 07:58:54
4927,泰鼎-KY,51.2,48.35,51.9,48.35,33.94,26.67,48.18,0.08,1.1,-1.01,60.93,53.51,46.09,9144,9961,0.92,135.65,6.39,,,2026-05-21,2026-05-21 07:58:55
4930,燦星網,16.6,16.5,16.6,16.4,8.31,8.6,2.94,-0.67,-0.57,-0.1,19.25,17.77,16.29,172,103,1.67,13.28,27.67,0.6,3.61,2026-05-21,2026-05-21 07:58:56
4931,新盛力,193.0,193.0,202.0,191.5,52.46,57.98,67.17,11.62,10.97,0.64,207.02,175.35,143.68,9749,10946,0.89,126.54,61.66,2.0,1.04,2026-05-21,2026-05-21 07:58:58
4933,友輝,73.5,74.0,74.5,72.9,60.01,40.3,49.73,2.0,2.22,-0.21,76.34,70.32,64.31,1448,906,1.6,60.49,12.78,5.99,8.15,2026-05-21,2026-05-21 07:58:59
4934,太極,16.95,16.55,17.15,16.55,26.24,32.8,57.34,-0.01,0.08,-0.09,19.21,17.0,14.79,772,1071,0.72,38.14,,,,2026-05-21,2026-05-21 07:59:00
4935,茂林-KY,36.6,36.0,36.7,36.0,33.21,25.98,39.02,-0.35,-0.23,-0.12,39.2,37.2,35.21,91,76,1.2,47.16,27.52,2.2,6.01,2026-05-21,2026-05-21 07:59:01
4938,和碩,79.1,78.0,79.5,77.7,22.81,21.43,40.0,-0.65,0.07,-0.73,86.89,81.15,75.41,12024,11110,1.08,2121.5,14.81,4.0,5.06,2026-05-21,2026-05-21 07:59:02
4939,亞電,38.05,38.05,38.8,37.85,26.86,25.19,19.69,0.21,1.04,-0.83,46.15,40.92,35.69,1749,2196,0.8,37.37,,0.5,1.31,2026-05-21,2026-05-21 07:59:04
4942,嘉彰,37.2,37.15,37.3,37.05,18.77,18.27,32.5,-0.28,-0.17,-0.1,38.64,37.72,36.79,100,91,1.09,52.96,12.24,2.0,5.38,2026-05-21,2026-05-21 07:59:05
4943,康控-KY,8.95,9.18,9.18,8.72,43.4,39.03,33.52,-0.41,-0.43,0.02,10.2,9.4,8.6,65,43,1.52,11.34,0.74,,,2026-05-21,2026-05-21 07:59:06
4946,辣椒,107.5,109.5,109.5,105.5,42.54,31.52,37.84,-2.88,-3.2,0.32,116.7,108.85,101.0,25,26,0.98,9.52,34.24,,,2026-05-21,2026-05-21 07:59:07
4949,有成精密,96.0,89.4,96.0,88.1,36.99,26.68,40.33,2.1,3.74,-1.64,107.18,93.44,79.69,3326,2050,1.62,64.99,50.79,1.4,1.46,2026-05-21,2026-05-21 07:59:08
4950,金耘國際,17.05,16.2,17.05,16.2,29.92,25.44,41.96,0.08,0.21,-0.13,18.73,17.07,15.41,22,26,0.83,9.84,,,,2026-05-21,2026-05-21 07:59:10
4951,精拓科,132.5,128.0,135.0,128.0,47.19,39.27,57.71,11.37,12.61,-1.24,153.61,117.7,81.78,800,418,1.91,45.25,22.65,3.2,2.42,2026-05-21,2026-05-21 07:59:11
4952,凌通,52.5,50.5,53.5,49.95,50.35,49.05,68.2,1.58,1.63,-0.05,53.21,49.27,45.33,2615,1096,2.39,57.13,50.97,2.25,4.29,2026-05-21,2026-05-21 07:59:12
4953,緯軟,120.0,118.0,120.0,118.0,45.51,31.01,52.38,-0.04,0.33,-0.38,123.92,119.67,115.43,290,314,0.92,85.59,14.37,3.99,3.33,2026-05-21,2026-05-21 07:59:14
4956,光鋐,44.15,43.8,45.3,43.6,24.19,19.2,43.78,0.29,1.35,-1.06,52.51,46.31,40.11,3205,2980,1.08,44.33,25.82,,,2026-05-21,2026-05-21 07:59:15
4958,臻鼎-KY,469.5,463.5,475.5,458.5,62.86,53.02,59.34,38.51,40.93,-2.41,475.47,406.62,337.78,52290,46160,1.13,5022.47,69.45,3.45,0.73,2026-05-21,2026-05-21 07:59:16
4960,誠美材,36.45,34.0,36.45,34.0,31.09,26.35,45.03,0.93,2.06,-1.12,44.18,37.91,31.65,14486,14453,1.0,206.21,,,,2026-05-21,2026-05-21 07:59:17
4961,天鈺,179.0,174.5,182.5,173.5,65.39,63.16,72.65,5.4,4.86,0.54,181.22,165.12,149.03,3210,1534,2.09,214.36,18.67,12.87,7.19,2026-05-21,2026-05-21 07:59:18
4966,譜瑞-KY,789.0,785.0,820.0,760.0,70.01,73.88,75.36,63.14,56.39,6.74,866.56,676.95,487.34,2017,1883,1.07,602.52,23.01,17.66,2.24,2026-05-21,2026-05-21 07:59:19
4967,十銓,266.5,269.0,274.0,264.0,21.75,22.84,40.4,6.92,12.15,-5.23,309.97,280.43,250.88,4779,5690,0.84,226.43,20.58,3.0,1.13,2026-05-21,2026-05-21 07:59:20
4968,立積,116.0,115.0,116.0,114.0,34.31,28.44,50.0,-0.14,0.76,-0.9,125.4,117.4,109.4,809,843,0.96,106.96,43.61,1.1,0.95,2026-05-21,2026-05-21 07:59:21
4971,IET-KY,718.0,691.0,719.0,691.0,32.86,33.45,43.49,8.14,24.92,-16.79,851.65,749.7,647.75,215,1186,0.18,287.1,427.38,,,2026-05-21,2026-05-21 07:59:23
4972,湯石照明,16.45,16.45,16.5,16.45,62.55,53.5,45.45,-0.18,-0.22,0.04,16.68,16.47,16.25,25,31,0.81,9.19,,0.8,4.86,2026-05-21,2026-05-21 07:59:24
4973,廣穎,108.0,114.0,114.5,107.5,46.24,63.3,71.88,9.66,9.84,-0.18,128.65,100.07,71.5,3967,5219,0.76,70.52,51.67,1.0,0.93,2026-05-21,2026-05-21 07:59:25
4974,亞泰,75.1,75.0,75.7,74.7,46.69,46.93,69.51,0.63,0.55,0.08,75.51,73.45,71.39,269,262,1.03,54.45,14.73,5.45,7.26,2026-05-21,2026-05-21 07:59:27
4976,佳凌,32.95,31.65,33.2,31.05,71.88,64.41,69.27,0.61,0.32,0.29,32.11,29.84,27.56,2597,1611,1.61,46.23,21.82,,,2026-05-21,2026-05-21 07:59:28
4977,眾達-KY,204.5,207.5,211.5,204.5,10.98,24.39,45.49,1.55,7.08,-5.53,257.22,222.85,188.48,3153,4965,0.64,163.57,46.27,2.25,1.1,2026-05-21,2026-05-21 07:59:29
4979,華星光,593.0,579.0,596.0,574.0,27.56,25.84,48.17,11.06,28.43,-17.37,731.9,608.85,485.8,1089,1391,0.78,836.46,112.31,1.54,0.26,2026-05-21,2026-05-21 07:59:30
4980,佐臻,52.5,53.4,57.6,49.7,80.39,77.2,78.35,4.9,3.59,1.31,52.57,39.81,27.04,1273,1167,1.09,23.66,477.27,,,2026-05-21,2026-05-21 07:59:31
4987,科誠,81.6,81.6,81.6,81.5,46.25,34.1,60.0,0.07,0.08,-0.01,81.63,81.5,81.38,20,23,0.87,26.01,12.95,5.2,6.37,2026-05-20,2026-05-21 07:59:33
4989,榮科,96.3,94.9,98.8,93.9,42.37,25.92,29.88,0.69,2.64,-1.95,115.04,99.32,83.61,13968,10297,1.36,132.68,,,,2026-05-21,2026-05-21 07:59:34
4991,環宇-KY,740.0,723.0,750.0,720.0,69.03,59.49,55.95,39.91,46.32,-6.41,772.19,674.0,575.81,982,858,1.14,894.98,5285.71,,,2026-05-21,2026-05-21 07:59:35
4994,傳奇,90.0,90.5,90.5,88.5,14.05,18.11,28.15,-2.01,-1.22,-0.79,102.74,95.78,88.83,15,18,0.81,59.75,46.15,9.0,10.0,2026-05-21,2026-05-21 07:59:36
4995,晶達,46.0,46.15,46.15,45.55,69.56,58.97,66.99,0.85,0.79,0.07,46.54,43.91,41.29,41,46,0.9,19.52,20.72,1.99,4.33,2026-05-21,2026-05-21 07:59:37
4999,鑫禾,19.55,19.65,20.0,19.55,11.64,12.83,0.0,-0.55,-0.39,-0.16,23.09,21.09,19.08,83,109,0.76,14.39,14.59,1.0,5.12,2026-05-21,2026-05-21 07:59:39
5007,三星,56.2,55.5,56.5,55.5,24.37,31.46,35.19,-0.15,0.18,-0.34,59.2,57.51,55.83,277,113,2.45,165.76,18.61,3.0,5.34,2026-05-21,2026-05-21 07:59:40
5009,榮剛,35.55,35.8,35.8,35.15,21.49,37.47,62.84,0.86,0.98,-0.12,40.13,34.97,29.82,2693,3605,0.75,194.8,17.43,1.2,3.38,2026-05-21,2026-05-21 07:59:41
5011,久陽,15.75,15.1,16.1,15.1,48.18,47.28,61.11,0.36,0.34,0.01,16.09,14.82,13.55,692,392,1.77,15.86,,0.2,1.27,2026-05-21,2026-05-21 07:59:42
5013,強新,27.2,27.2,27.2,27.2,12.43,9.55,34.62,-0.69,-0.58,-0.12,29.95,28.09,26.24,6,6,1.05,36.29,18.76,0.8,2.94,2026-05-21,2026-05-21 07:59:44
5014,建錩,10.25,10.25,10.35,10.2,59.33,64.7,61.34,0.03,-0.04,0.07,10.62,9.95,9.28,139,211,0.66,18.78,,0.3,2.93,2026-05-21,2026-05-21 07:59:45
5015,華祺,22.0,22.0,22.1,21.85,24.25,22.33,19.64,-0.79,-0.81,0.02,24.5,22.9,21.3,42,27,1.54,13.34,366.67,2.3,10.45,2026-05-21,2026-05-21 07:59:46
5016,松和,24.9,25.1,25.15,24.8,24.95,25.36,22.5,-0.72,-0.67,-0.05,26.48,25.52,24.56,27,46,0.59,12.36,16.6,1.2,4.82,2026-05-21,2026-05-21 07:59:48
5201,凱衛,29.4,29.45,29.9,28.9,40.07,37.78,34.29,-1.72,-1.95,0.22,31.24,30.08,28.92,42,34,1.24,11.37,,0.5,1.7,2026-05-21,2026-05-21 07:59:49
5202,力新,12.1,11.75,12.1,11.75,17.38,13.84,31.25,-0.43,-0.32,-0.11,13.99,12.79,11.59,164,199,0.82,10.78,,0.5,4.13,2026-05-21,2026-05-21 07:59:50
5203,訊連,64.6,64.6,65.5,64.4,43.41,36.69,45.0,-0.01,0.02,-0.03,66.98,64.55,62.11,161,188,0.86,51.25,18.2,3.9,6.04,2026-05-21,2026-05-21 07:59:51
5205,中茂,22.7,22.95,22.95,22.4,59.52,54.81,54.4,-1.12,-1.29,0.16,24.41,22.58,20.74,7,5,1.24,3.06,,,,2026-05-21,2026-05-21 07:59:53
5206,坤悅,22.8,22.85,22.9,22.65,17.86,25.03,45.65,-0.87,-0.94,0.07,24.65,23.42,22.18,88,61,1.43,39.11,6.63,0.5,2.19,2026-05-21,2026-05-21 07:59:54
5209,新鼎,166.0,166.5,166.5,165.5,62.83,59.61,68.75,-0.08,-0.27,0.19,166.4,164.68,162.95,80,44,1.8,47.19,10.86,11.33,6.83,2026-05-21,2026-05-21 07:59:55
5210,寶碩,27.0,27.95,27.95,26.85,40.13,41.61,65.45,1.01,1.04,-0.04,29.66,25.56,21.47,221,267,0.83,22.19,36.99,,,2026-05-21,2026-05-21 07:59:57
5211,蒙恬,17.65,18.0,18.15,17.6,9.39,17.26,25.62,-0.91,-0.66,-0.26,22.31,20.07,17.83,253,216,1.17,5.65,,,,2026-05-21,2026-05-21 07:59:58
5212,凌網,46.5,47.25,47.25,46.5,38.14,46.12,43.08,-0.53,-0.49,-0.03,48.49,47.21,45.93,4,7,0.57,16.1,9.83,4.2,9.03,2026-05-21,2026-05-21 07:59:59
5213,亞昕,26.9,26.5,26.95,26.3,69.42,55.29,66.67,-0.02,-0.12,0.1,26.54,25.95,25.36,1203,584,2.06,193.66,8.79,1.24,4.61,2026-05-21,2026-05-21 08:00:01
5215,科嘉-KY,44.75,45.0,45.0,44.6,56.01,58.19,71.81,1.94,1.4,0.53,47.49,40.58,33.67,185,479,0.39,28.79,22.15,2.5,5.59,2026-05-21,2026-05-21 08:00:02
5220,萬達光電,22.4,22.25,22.75,22.25,71.58,71.75,75.0,0.63,0.49,0.14,22.97,21.02,19.06,60,90,0.67,8.82,,0.5,2.23,2026-05-21,2026-05-21 08:00:03
5222,全訊,124.5,124.0,126.5,123.5,10.07,9.64,39.71,-2.48,-1.15,-1.34,143.42,131.32,119.23,430,433,0.99,113.41,49.8,2.5,2.01,2026-05-21,2026-05-21 08:00:04
5223,安力-KY,23.95,24.0,24.1,23.8,22.07,26.68,18.42,-0.61,-0.59,-0.02,25.81,24.79,23.78,52,34,1.53,10.67,,,,2026-05-21,2026-05-21 08:00:06
5225,東科-KY,71.1,70.6,71.4,70.6,19.66,16.54,24.77,-2.41,-2.25,-0.16,79.85,74.06,68.26,191,229,0.84,55.94,6.99,7.21,10.14,2026-05-21,2026-05-21 08:00:07
5227,立凱-KY,25.75,26.5,26.5,25.4,77.67,70.49,75.84,0.6,-0.04,0.64,25.52,22.03,18.55,292,624,0.47,17.51,151.47,,,2026-05-21,2026-05-21 08:00:08
5228,鈺鎧,52.5,50.8,52.5,50.5,74.5,73.93,77.95,5.39,4.55,0.84,55.29,40.05,24.81,503,1116,0.45,19.98,,,,2026-05-21,2026-05-21 08:00:10
5230,雷笛克光學,17.2,17.4,17.4,17.05,52.88,42.69,49.09,-0.02,-0.04,0.02,17.71,17.05,16.38,140,188,0.74,9.42,11.78,0.51,2.97,2026-05-21,2026-05-21 08:00:11
5234,達興材料,414.5,412.0,424.0,409.5,35.86,30.97,39.93,-1.01,2.42,-3.43,454.83,420.2,385.57,738,669,1.1,425.76,56.32,6.5,1.57,2026-05-21,2026-05-21 08:00:12
5236,凌陽創新,177.0,176.0,178.5,173.0,71.39,60.74,61.16,6.93,6.76,0.17,176.6,165.25,153.9,883,991,0.89,106.21,20.63,9.0,5.08,2026-05-21,2026-05-21 08:00:13
5240,建騰,25.85,24.05,25.85,24.05,24.49,24.92,32.88,-0.47,0.09,-0.57,31.7,28.15,24.61,37,21,1.74,6.87,51.7,0.4,1.55,2026-05-21,2026-05-21 08:00:15
5243,乙盛-KY,112.0,105.5,114.5,104.5,59.21,46.91,56.84,1.27,1.6,-0.33,119.13,107.24,95.35,15484,8954,1.73,188.75,25.57,1.5,1.34,2026-05-21,2026-05-21 08:00:16
5244,弘凱,38.25,37.65,38.4,37.6,10.48,10.72,30.56,-0.8,-0.31,-0.49,43.83,40.24,36.66,255,321,0.8,26.1,76.5,1.5,3.92,2026-05-21,2026-05-21 08:00:17
5245,智晶,26.3,26.85,26.85,26.0,54.16,44.89,64.93,0.31,0.13,0.18,26.77,25.12,23.47,161,226,0.71,11.39,,,,2026-05-21,2026-05-21 08:00:18
5246,勵威,138.5,135.0,143.0,129.0,13.42,17.52,21.23,-18.42,-6.26,-12.16,282.26,202.07,121.89,658,1158,0.57,61.52,,,,2026-05-21,2026-05-21 08:00:20
5248,景傳,41.95,42.6,42.95,40.85,15.06,14.23,20.16,-0.33,2.6,-2.93,71.64,53.34,35.05,161,202,0.8,10.28,,1.1,2.62,2026-05-21,2026-05-21 08:00:21
5251,天鉞電,26.95,26.95,27.45,26.95,24.58,29.45,36.28,-0.78,-0.64,-0.14,30.16,28.27,26.38,73,83,0.88,9.09,898.33,,,2026-05-21,2026-05-21 08:00:22
5254,欣訊科技,45.05,46.6,47.3,38.8,46.6,54.5,58.67,3.64,3.37,0.27,57.1,41.8,26.5,306,471,0.65,10.18,19.17,2.0,4.44,2026-05-21,2026-05-21 08:00:24
5258,虹堡,57.2,58.3,60.0,57.0,65.14,67.01,69.53,2.51,1.81,0.7,60.92,52.14,43.36,2765,2919,0.95,62.68,13.62,2.52,4.41,2026-05-21,2026-05-21 08:00:25
5262,立達,50.6,51.5,52.2,50.2,16.7,25.58,51.4,-0.56,-0.31,-0.25,57.79,52.46,47.13,236,215,1.1,26.67,37.76,2.67,5.28,2026-05-21,2026-05-21 08:00:26
5263,智崴,112.0,112.5,114.0,111.0,79.67,74.27,77.88,3.76,2.52,1.23,114.52,100.72,86.93,303,412,0.74,79.36,29.79,0.94,0.84,2026-05-21,2026-05-21 08:00:28
5267,龍翩,53.8,56.1,56.8,52.9,17.32,19.75,32.75,2.22,4.73,-2.51,76.27,60.01,43.74,109,105,1.04,13.5,53.8,3.01,5.59,2026-05-21,2026-05-21 08:00:29
5269,祥碩,1410.0,1420.0,1455.0,1395.0,49.44,55.02,54.13,45.38,51.58,-6.2,1507.03,1375.0,1242.97,2133,1973,1.08,1045.61,19.46,30.0,2.13,2026-05-21,2026-05-21 08:00:30
5271,紘通,20.25,20.15,20.3,19.2,32.78,32.74,33.33,-0.9,-0.27,-0.63,29.11,22.67,16.24,822,1285,0.64,12.85,675.0,,,2026-05-21,2026-05-21 08:00:31
5272,笙科,23.15,22.8,23.5,22.75,31.42,19.04,35.56,-0.26,-0.02,-0.23,25.89,23.76,21.62,332,288,1.15,12.8,,,,2026-05-21,2026-05-21 08:00:33
5274,信驊,16440.0,16370.0,16825.0,16140.0,28.19,32.72,49.79,665.15,1058.12,-392.97,18791.84,16938.75,15085.66,320,338,0.95,6214.76,157.7,52.0,0.32,2026-05-21,2026-05-21 08:00:34
5276,達輝-KY,19.55,19.15,20.1,19.1,28.78,33.43,54.51,0.64,0.89,-0.26,22.14,19.98,17.82,38,40,0.93,7.72,17.3,0.6,3.07,2026-05-21,2026-05-21 08:00:35
5278,尚凡*,24.6,24.0,24.7,23.9,50.76,44.69,57.98,-0.02,-0.18,0.16,24.62,23.63,22.63,678,536,1.26,73.8,23.43,0.67,2.72,2026-05-21,2026-05-21 08:00:37
5283,禾聯碩,52.1,51.8,52.3,51.8,50.56,46.24,45.24,-0.75,-0.81,0.06,53.92,52.53,51.15,88,98,0.9,45.64,9.32,0.7,1.34,2026-05-21,2026-05-21 08:00:38
5284,jpp-KY,391.0,383.0,396.0,378.5,49.72,52.76,64.72,17.08,18.37,-1.29,403.23,360.43,317.62,1737,1393,1.25,206.81,32.45,1.48,0.38,2026-05-21,2026-05-21 08:00:39
5285,界霖,82.0,81.0,85.5,80.2,90.0,89.43,93.27,7.14,5.41,1.73,85.39,64.45,43.51,8656,3995,2.17,83.67,53.59,2.0,2.44,2026-05-21,2026-05-21 08:00:40
5287,數字,150.5,150.5,151.5,150.5,32.1,24.79,27.78,-2.36,-2.43,0.07,157.96,152.45,146.94,30,36,0.84,90.77,10.89,10.25,6.81,2026-05-21,2026-05-21 08:00:41
5288,豐祥-KY,151.5,148.0,151.5,147.5,21.36,16.15,34.74,-2.18,-0.25,-1.94,177.39,158.9,140.41,128,136,0.94,105.59,12.48,8.51,5.62,2026-05-21,2026-05-21 08:00:42
5289,宜鼎,1710.0,1760.0,1770.0,1695.0,50.06,66.0,70.85,172.0,171.78,0.22,2049.6,1526.75,1003.9,2987,4534,0.66,1647.37,79.13,9.38,0.55,2026-05-21,2026-05-21 08:00:44
5291,邑昇,78.8,72.4,78.8,72.2,72.64,63.6,67.91,2.43,1.43,1.0,79.31,66.94,54.57,3620,3354,1.08,31.43,254.19,,,2026-05-21,2026-05-21 08:00:45
5292,華懋,220.5,224.0,225.0,220.5,47.17,45.15,33.04,-1.61,0.95,-2.55,257.63,233.6,209.57,111,140,0.79,92.85,22.32,4.09,1.85,2026-05-21,2026-05-21 08:00:46
5297,廣化,105.5,105.0,109.0,100.0,18.0,17.13,18.21,-5.48,5.04,-10.52,210.53,150.15,89.77,853,1390,0.61,39.2,257.32,0.9,0.85,2026-05-21,2026-05-21 08:00:47
5299,杰力,105.0,106.5,110.5,104.5,68.23,68.67,74.03,5.36,4.82,0.54,107.42,94.61,81.8,1348,1149,1.17,53.43,23.08,3.66,3.49,2026-05-21,2026-05-21 08:00:49
5301,寶得利,6.8,6.82,6.84,6.7,15.02,18.52,22.07,-0.6,-0.54,-0.07,9.51,7.95,6.4,24,27,0.88,4.48,,,,2026-05-21,2026-05-21 08:00:50
5302,太欣,10.15,9.88,10.2,9.88,12.48,12.93,36.31,-0.34,-0.19,-0.15,12.37,10.98,9.6,460,544,0.85,16.23,,,,2026-05-21,2026-05-21 08:00:51
5306,桂盟,83.4,83.3,83.8,82.0,50.01,53.76,61.02,-0.43,-0.81,0.38,84.7,82.02,79.34,206,226,0.91,105.08,11.39,3.81,4.57,2026-05-21,2026-05-21 08:00:52
5309,系統電,67.5,69.6,70.9,67.4,59.43,56.77,68.66,1.68,1.39,0.29,68.79,63.8,58.81,12534,10348,1.21,154.29,259.62,0.5,0.74,2026-05-21,2026-05-21 08:00:54
5310,天剛,24.4,23.05,24.4,23.05,40.59,44.06,62.78,-0.14,-0.24,0.11,26.6,24.01,21.42,6,11,0.54,7.06,46.92,,,2026-05-21,2026-05-21 08:00:55
5312,寶島科,93.5,94.7,94.7,93.0,15.81,20.64,27.16,-0.96,-0.65,-0.32,99.06,96.33,93.61,110,58,1.9,56.16,14.61,7.5,8.02,2026-05-21,2026-05-21 08:00:57
5314,世紀*,69.8,68.9,73.5,68.5,31.69,18.3,47.0,-2.79,-2.4,-0.39,79.61,71.55,63.49,10502,6106,1.72,202.07,12.58,0.27,0.39,2026-05-21,2026-05-21 08:00:59
5315,光聯,21.95,21.8,22.05,21.75,31.72,21.54,41.86,-0.29,-0.27,-0.02,22.8,22.16,21.53,214,345,0.62,23.34,11.61,1.5,6.83,2026-05-21,2026-05-21 08:01:00
5321,美而快,35.4,32.95,35.4,32.95,94.11,83.68,90.85,1.74,0.35,1.39,31.84,24.42,17.0,436,689,0.63,18.83,,,,2026-05-21,2026-05-21 08:01:02
5324,士開,11.9,11.9,11.95,11.8,96.13,89.42,85.71,0.13,-0.01,0.14,12.05,11.06,10.08,358,236,1.51,26.94,,,,2026-05-21,2026-05-21 08:01:03
5328,華容,33.95,31.6,33.95,31.55,75.78,66.07,78.14,1.43,0.87,0.55,32.4,27.28,22.16,33418,20143,1.66,58.64,87.05,0.6,1.77,2026-05-21,2026-05-21 08:01:04
5340,建榮,100.5,101.0,103.5,100.0,11.1,12.42,32.78,-3.31,-1.58,-1.74,124.52,109.88,95.25,1791,2182,0.82,195.87,84.45,0.2,0.2,2026-05-21,2026-05-21 08:01:06
5344,立衛,16.35,15.7,16.6,15.6,29.01,24.48,45.53,0.16,0.31,-0.16,18.33,16.62,14.9,147,75,1.96,12.99,,,,2026-05-21,2026-05-21 08:01:07
5345,馥鴻,20.2,20.3,21.0,20.2,33.56,40.82,28.21,-0.57,-0.46,-0.11,23.13,21.68,20.24,20,9,2.08,7.63,,,,2026-05-21,2026-05-21 08:01:08
5347,世界,163.5,162.5,166.0,160.5,32.77,42.43,58.57,8.05,9.84,-1.8,187.53,159.03,130.52,21512,46461,0.46,3073.09,38.84,4.5,2.75,2026-05-21,2026-05-21 08:01:10
5348,正能量智能,16.8,16.8,16.8,16.8,72.83,55.91,48.36,-0.28,-0.41,0.13,17.71,15.89,14.06,1,1,0.55,2.48,,,,2026-05-21,2026-05-21 08:01:11
5351,鈺創,75.2,76.4,77.1,74.7,30.27,50.63,55.82,2.95,3.58,-0.63,92.25,76.06,59.86,16296,26044,0.63,244.94,,,,2026-05-21,2026-05-21 08:01:12
5353,台林,26.05,26.25,26.25,25.85,37.32,24.59,45.45,0.12,0.23,-0.12,27.26,26.33,25.4,48,66,0.73,19.74,19.01,1.3,4.99,2026-05-21,2026-05-21 08:01:14
5355,佳總,6.45,6.39,6.45,6.2,36.27,38.79,39.69,-0.09,-0.04,-0.05,7.16,6.71,6.25,34,38,0.9,10.71,,,,2026-05-21,2026-05-21 08:01:15
5356,協益,26.6,26.5,27.35,26.5,29.73,26.0,44.9,0.12,0.23,-0.11,27.25,26.68,26.12,62,73,0.86,27.41,60.45,2.3,8.65,2026-05-21,2026-05-21 08:01:16
5364,力麗店,9.04,9.13,9.22,9.01,9.31,10.14,7.21,-0.55,-0.52,-0.02,10.75,9.77,8.79,122,97,1.25,5.77,,,,2026-05-21,2026-05-21 08:01:18
5371,中光電,71.9,71.1,72.8,70.9,44.57,33.18,60.82,-1.41,-1.61,0.2,77.15,71.21,65.26,4801,4317,1.11,287.39,75.68,1.5,2.09,2026-05-21,2026-05-21 08:01:19
5381,光譜,25.3,25.2,25.65,25.0,38.42,46.53,62.0,-0.08,-0.33,0.24,26.63,24.34,22.05,678,908,0.75,44.69,30.48,,,2026-05-21,2026-05-21 08:01:21
5386,青雲,468.0,447.0,470.0,447.0,52.22,42.53,61.1,25.89,28.81,-2.92,513.22,419.93,326.63,566,361,1.57,168.86,54.48,0.59,0.13,2026-05-21,2026-05-21 08:01:22
5388,中磊,83.0,82.8,83.5,81.5,38.12,34.6,61.09,0.37,0.38,-0.01,86.92,80.05,73.19,4443,5670,0.78,248.77,21.01,2.5,3.01,2026-05-21,2026-05-21 08:01:23
5392,能率,41.55,40.8,42.5,40.8,42.53,46.8,55.07,0.79,0.8,-0.01,45.25,40.77,36.29,2825,5373,0.53,72.93,,0.2,0.48,2026-05-21,2026-05-21 08:01:25
5398,慕康生醫,18.3,19.85,19.85,18.3,12.1,20.2,14.81,-0.5,-0.41,-0.09,20.76,19.84,18.92,66,53,1.23,9.05,52.29,,,2026-05-21,2026-05-21 08:01:26
5403,中菲,86.2,87.4,87.4,85.9,10.17,11.99,25.95,-2.88,-2.36,-0.51,98.45,91.14,83.83,91,197,0.46,67.38,10.37,6.5,7.54,2026-05-21,2026-05-21 08:01:27
5410,國眾,38.65,38.0,39.0,37.9,79.49,77.63,86.79,1.68,1.49,0.18,40.0,35.34,30.69,1025,840,1.22,35.58,16.73,1.5,3.88,2026-05-21,2026-05-21 08:01:29
5425,台半,90.4,90.6,93.5,86.6,81.29,75.31,79.49,6.57,4.82,1.75,91.45,71.3,51.16,57492,36999,1.55,221.05,43.67,2.02,2.23,2026-05-21,2026-05-21 08:01:30
5426,振發,18.4,18.2,18.55,18.2,45.98,38.01,58.54,-0.25,-0.34,0.08,18.61,18.04,17.46,361,288,1.25,26.46,35.38,0.5,2.72,2026-05-21,2026-05-21 08:01:31
5432,新門,144.0,143.5,146.0,142.0,29.48,35.11,54.95,1.27,1.33,-0.06,151.12,143.3,135.48,89,131,0.68,29.79,62.88,1.5,1.04,2026-05-21,2026-05-21 08:01:33
5434,崇越,419.0,402.0,419.5,402.0,31.06,26.67,55.91,5.84,9.99,-4.15,432.29,412.88,393.46,768,694,1.11,811.43,19.58,11.99,2.86,2026-05-21,2026-05-21 08:01:34
5438,東友,18.7,18.7,18.95,18.6,17.02,15.47,44.83,-0.25,-0.21,-0.04,19.9,19.03,18.17,55,66,0.83,21.04,36.67,0.65,3.48,2026-05-21,2026-05-21 08:01:35
5439,高技,376.5,374.0,383.0,373.0,21.96,26.08,48.11,6.37,12.25,-5.89,413.82,386.6,359.38,2211,5651,0.39,350.05,27.91,2.2,0.58,2026-05-21,2026-05-21 08:01:37
5443,均豪,117.5,118.5,123.0,117.0,21.19,30.76,39.47,2.22,4.18,-1.96,139.2,123.22,107.25,7161,7592,0.94,189.53,46.26,2.2,1.87,2026-05-21,2026-05-21 08:01:38
5450,南良,12.8,12.7,13.15,12.7,24.34,18.92,42.5,-0.34,-0.36,0.02,13.7,12.97,12.24,78,35,2.19,15.67,98.46,0.5,3.91,2026-05-21,2026-05-21 08:01:40
5452,佶優,32.8,31.9,33.3,31.9,36.48,35.06,57.3,-0.24,-0.19,-0.05,33.91,32.46,31.02,1817,1473,1.23,48.47,99.39,0.25,0.76,2026-05-21,2026-05-21 08:01:41
5455,昇益,24.2,24.0,24.95,23.7,20.14,25.95,42.11,-0.17,-0.01,-0.16,26.42,25.12,23.81,59,49,1.2,15.85,6.99,,,2026-05-21,2026-05-21 08:01:42
5457,宣德,28.5,28.1,28.8,28.1,4.85,5.11,15.72,-2.04,-1.03,-1.0,41.55,34.77,28.0,912,1648,0.55,55.99,11.31,1.28,4.49,2026-05-21,2026-05-21 08:01:44
5460,同協,15.5,15.35,15.75,15.3,47.85,37.93,65.62,0.1,0.06,0.04,15.4,15.07,14.75,84,64,1.3,9.11,,,,2026-05-21,2026-05-21 08:01:45
5464,霖宏,71.5,68.0,72.0,68.0,84.77,80.36,87.82,9.36,7.52,1.84,76.73,48.36,19.99,729,971,0.75,50.82,,1.0,1.4,2026-05-21,2026-05-21 08:01:47
5465,富驊,24.35,24.1,24.6,24.05,17.54,22.41,41.1,-0.4,-0.38,-0.03,26.02,24.99,23.95,149,99,1.51,35.96,19.02,1.8,7.39,2026-05-21,2026-05-21 08:01:48
5468,凱鈺,17.7,17.75,17.85,17.35,28.74,27.87,45.31,-0.17,-0.09,-0.09,18.59,17.87,17.15,55,73,0.75,10.43,,,,2026-05-21,2026-05-21 08:01:50
5469,瀚宇博,81.6,80.0,82.4,79.8,31.19,22.52,48.26,-2.27,-1.89,-0.38,92.53,83.94,75.35,2696,2686,1.0,396.53,13.53,2.52,3.09,2026-05-21,2026-05-21 08:01:51
5471,松翰,52.5,52.7,53.2,51.6,74.95,71.04,72.63,2.59,2.17,0.42,54.79,46.89,38.99,6886,3685,1.87,88.14,73.94,1.0,1.9,2026-05-21,2026-05-21 08:01:52
5474,聰泰,169.0,166.0,172.0,165.5,46.32,41.13,62.71,6.01,6.26,-0.26,186.07,159.05,132.03,620,553,1.12,67.19,30.84,4.0,2.37,2026-05-21,2026-05-21 08:01:53
5475,德宏,287.0,283.0,297.5,280.5,14.91,17.34,29.71,-2.96,8.31,-11.28,391.77,329.4,267.03,1938,2560,0.76,364.85,,,,2026-05-21,2026-05-21 08:01:55
5478,智冠,99.3,99.5,99.7,99.0,55.89,48.02,63.86,-0.03,-0.43,0.4,99.77,97.52,95.27,101,169,0.6,148.78,12.59,7.5,7.55,2026-05-21,2026-05-21 08:01:56
5481,新華,19.8,19.3,19.8,19.3,28.4,21.72,36.62,-0.52,-0.46,-0.06,21.89,20.57,19.26,155,94,1.64,13.15,,,,2026-05-21,2026-05-21 08:01:57
5483,中美晶,142.5,141.0,146.0,140.5,22.8,31.95,55.35,4.03,6.0,-1.97,160.95,141.93,122.9,11720,10992,1.07,875.19,21.33,3.5,2.46,2026-05-21,2026-05-21 08:01:59
5484,慧友,41.95,39.9,42.8,39.9,51.91,47.19,61.57,0.32,-0.04,0.36,41.55,38.82,36.09,1315,1412,0.93,28.02,60.8,,,2026-05-21,2026-05-21 08:02:00
5487,通泰,27.2,27.75,28.0,27.1,53.22,46.13,28.43,-0.27,-0.14,-0.14,29.84,28.29,26.75,144,77,1.86,6.59,,,,2026-05-21,2026-05-21 08:02:01
5488,松普,11.8,11.7,12.1,11.35,78.79,71.89,78.85,0.29,0.12,0.17,11.41,10.26,9.12,2532,1674,1.51,10.81,107.27,,,2026-05-21,2026-05-21 08:02:03
5489,彩富,40.0,40.15,40.15,40.0,47.24,46.74,33.96,-0.19,-0.09,-0.1,41.23,40.38,39.54,17,46,0.37,39.79,20.1,1.82,4.55,2026-05-21,2026-05-21 08:02:04
5490,同亨,28.7,28.85,29.05,28.45,37.98,43.63,67.09,0.4,0.36,0.04,29.28,27.76,26.23,870,660,1.32,26.73,17.08,1.5,5.23,2026-05-21,2026-05-21 08:02:05
5493,三聯,92.7,91.4,93.0,91.4,59.44,63.21,57.87,2.19,2.08,0.1,95.77,89.81,83.84,167,611,0.27,40.5,22.18,2.6,2.8,2026-05-21,2026-05-21 08:02:07
5498,凱崴,62.7,62.8,64.6,62.5,11.48,18.6,34.0,-0.44,1.34,-1.78,80.28,71.1,61.92,4421,8016,0.55,121.36,,0.15,0.24,2026-05-21,2026-05-21 08:02:08
5508,永信建,48.6,48.5,48.9,48.25,41.21,36.75,53.04,-0.73,-0.76,0.03,50.81,49.13,47.45,287,368,0.78,105.67,15.83,14.5,29.84,2026-05-21,2026-05-21 08:02:10
5511,德昌,72.0,72.1,72.4,71.9,66.63,64.36,61.29,0.2,0.03,0.18,72.99,71.03,69.08,136,136,1.0,81.68,6.81,3.8,5.28,2026-05-21,2026-05-21 08:02:11
5512,力麒,6.91,6.88,6.94,6.87,47.46,28.2,23.81,-0.24,-0.24,0.01,7.74,7.11,6.47,1047,1003,1.04,52.5,49.36,0.18,2.6,2026-05-21,2026-05-21 08:02:12
5514,三豐,15.25,15.25,15.25,15.25,15.94,21.35,41.94,-0.17,-0.15,-0.02,15.97,15.51,15.04,1,1,0.73,34.56,,,,2026-05-20,2026-05-21 08:02:14
5515,建國,40.1,39.95,40.6,39.75,43.23,41.03,46.51,0.22,0.31,-0.09,41.3,39.87,38.44,1248,1000,1.25,80.84,8.99,2.15,5.36,2026-05-21,2026-05-21 08:02:15
5516,雙喜,11.0,11.0,11.15,11.0,41.33,37.19,38.81,-0.37,-0.43,0.07,12.09,11.23,10.36,25,54,0.47,5.67,68.75,,,2026-05-21,2026-05-21 08:02:16
5519,隆大,32.75,32.65,32.85,32.65,50.49,38.92,53.23,-0.13,-0.14,0.01,33.28,32.57,31.87,230,298,0.77,71.79,6.66,3.0,9.16,2026-05-21,2026-05-21 08:02:17
5520,力泰,82.2,82.2,82.6,82.2,88.07,80.6,55.06,0.16,-0.07,0.24,83.03,81.02,79.02,8,1,4.45,49.3,8.36,7.0,8.52,2026-05-21,2026-05-21 08:02:19
5521,工信,10.95,10.8,11.0,10.55,23.28,19.19,45.65,-0.66,-0.7,0.04,12.51,11.28,10.05,5263,5419,0.97,53.9,21.06,0.15,1.37,2026-05-21,2026-05-21 08:02:20
5522,遠雄,70.4,71.5,71.5,70.1,49.99,56.46,56.9,0.25,0.17,0.08,72.2,69.97,67.75,470,823,0.57,550.24,9.46,5.5,7.81,2026-05-21,2026-05-21 08:02:21
5523,豐謙,30.2,30.1,30.5,30.05,60.83,65.47,16.67,-0.01,0.02,-0.03,30.51,30.33,30.15,112,118,0.94,46.81,,0.5,1.66,2026-05-21,2026-05-21 08:02:22
5525,順天,22.3,22.25,22.45,22.15,21.11,29.9,29.41,-0.57,-0.53,-0.03,24.04,23.1,22.17,87,100,0.87,68.53,15.93,0.75,3.36,2026-05-21,2026-05-21 08:02:23
5529,鉅陞,25.4,25.6,27.0,24.6,66.51,52.23,78.23,-0.04,-0.58,0.53,24.64,22.34,20.04,473,305,1.55,25.87,12.64,,,2026-05-21,2026-05-21 08:02:25
5530,龍巖,46.6,46.9,47.1,46.25,32.8,42.57,60.08,0.38,0.19,0.2,49.51,45.98,42.45,493,641,0.77,195.76,17.01,,,2026-05-21,2026-05-21 08:02:26
5531,鄉林,7.78,7.75,7.84,7.74,10.21,14.25,31.11,-0.23,-0.19,-0.04,8.74,8.23,7.72,333,906,0.37,76.06,,,,2026-05-21,2026-05-21 08:02:27
5533,皇鼎,13.85,13.85,13.95,13.8,31.61,24.4,15.38,-0.15,-0.12,-0.03,14.53,14.11,13.7,62,116,0.54,39.51,24.73,,,2026-05-21,2026-05-21 08:02:28
5534,長虹,75.8,76.2,76.2,75.0,17.02,24.13,34.85,-0.67,-0.39,-0.28,79.66,77.41,75.17,736,747,0.99,239.02,12.83,5.42,7.15,2026-05-21,2026-05-21 08:02:29
5536,聖暉*,929.0,942.0,954.0,912.0,46.87,56.37,63.76,40.75,43.67,-2.93,1026.14,913.4,800.66,1537,1988,0.77,1152.71,32.83,20.0,2.15,2026-05-21,2026-05-21 08:02:31
5538,東明-KY,34.35,34.5,34.85,34.1,59.87,58.93,62.64,0.9,0.59,0.31,35.72,32.37,29.03,41,127,0.32,69.11,11.37,1.5,4.37,2026-05-21,2026-05-21 08:02:32
5543,桓鼎-KY,29.9,29.35,30.3,29.2,45.75,38.47,52.17,0.35,0.42,-0.07,30.18,29.41,28.64,15,35,0.43,13.96,4.33,0.09,0.3,2026-05-21,2026-05-21 08:02:34
5546,永固-KY,17.05,16.45,17.1,16.45,57.2,36.88,58.46,-0.24,-0.32,0.09,17.19,16.43,15.68,57,36,1.58,14.04,,2.0,11.73,2026-05-21,2026-05-21 08:02:35
5547,久舜,21.4,21.5,21.5,21.4,21.41,29.9,40.38,-0.14,-0.16,0.02,22.09,21.46,20.82,26,28,0.92,9.69,7.02,0.72,3.36,2026-05-21,2026-05-21 08:02:37
5548,安倉,23.65,23.65,23.65,23.6,51.28,42.62,50.0,-0.14,-0.18,0.04,23.88,23.56,23.24,28,35,0.79,13.67,11.77,1.4,5.92,2026-05-21,2026-05-21 08:02:38
5601,台聯櫃,35.1,35.1,35.1,35.1,39.51,44.42,36.11,-0.29,-0.28,-0.01,35.9,35.45,35.01,0,7,0.0,22.74,83.57,0.35,1.0,2026-05-20,2026-05-21 08:02:39
5603,陸海,15.85,15.9,16.0,15.75,50.01,45.29,25.93,-0.26,-0.28,0.02,16.73,16.1,15.46,210,148,1.41,16.62,39.62,1.0,6.31,2026-05-21,2026-05-21 08:02:41
5604,中連,31.5,31.1,31.65,31.1,30.32,29.92,35.06,-0.7,-0.76,0.06,33.66,32.07,30.48,10,13,0.77,34.27,37.06,2.0,6.35,2026-05-21,2026-05-21 08:02:43
5607,遠雄港,49.0,48.45,49.15,48.35,23.44,28.35,60.59,0.19,0.22,-0.03,50.92,48.24,45.55,407,425,0.96,181.57,17.69,1.1,2.24,2026-05-21,2026-05-21 08:02:44
5608,四維航,14.35,14.25,14.4,14.15,16.58,14.23,29.27,-0.5,-0.45,-0.05,15.98,14.98,13.98,1009,1187,0.85,55.86,1.3,,,2026-05-21,2026-05-21 08:02:45
5609,中菲行,80.8,80.0,80.9,80.0,77.95,71.96,71.21,0.32,0.16,0.16,80.85,79.08,77.32,263,177,1.48,113.72,10.18,5.2,6.44,2026-05-21,2026-05-21 08:02:48
5701,劍湖山,3.41,3.29,3.47,3.28,57.43,47.97,50.0,-0.04,-0.05,0.01,3.53,3.42,3.3,59,59,1.01,4.88,,,,2026-05-21,2026-05-21 08:02:49
5703,亞都,13.65,13.65,13.65,13.65,78.53,86.18,37.93,-0.1,-0.08,-0.02,14.68,14.04,13.4,2,1,1.67,9.59,25.75,,,2026-05-21,2026-05-21 08:02:51
5704,老爺知,21.4,21.3,21.5,21.15,21.56,22.95,43.18,-0.13,-0.12,-0.01,21.81,21.5,21.18,52,34,1.52,12.6,59.44,,,2026-05-21,2026-05-21 08:02:52
5706,鳳凰,50.1,49.85,50.1,49.65,13.04,14.11,40.0,-0.47,-0.33,-0.13,52.01,50.73,49.45,117,211,0.55,41.97,14.82,2.75,5.49,2026-05-21,2026-05-21 08:02:54
5859,遠壽,14.55,14.55,14.55,14.45,41.12,33.16,38.1,-0.31,-0.3,-0.01,15.83,14.92,14.01,31,73,0.43,211.02,4.56,0.37,2.54,2026-05-21,2026-05-21 08:02:55
5863,瑞興銀,11.1,11.15,11.15,10.5,37.35,25.84,54.05,-0.09,-0.1,0.02,11.39,10.99,10.58,73,49,1.48,35.54,13.37,0.4,3.6,2026-05-21,2026-05-21 08:02:56
5864,致和證,32.3,31.95,32.35,31.45,28.17,34.13,61.31,1.53,1.77,-0.23,36.52,30.62,24.72,4923,4649,1.06,146.8,12.67,0.4,1.24,2026-05-21,2026-05-21 08:02:59
5871,中租-KY,112.0,111.5,113.0,110.0,50.66,31.9,40.54,-0.82,-0.34,-0.48,122.21,113.47,104.74,8445,9494,0.89,1916.79,9.96,6.1,5.45,2026-05-21,2026-05-21 08:03:00
5876,上海商銀,40.15,40.5,40.5,40.0,67.6,69.74,62.79,0.21,0.11,0.11,40.92,39.52,38.12,8019,10219,0.78,1947.37,13.12,1.8,4.48,2026-05-21,2026-05-21 08:03:01
5878,台名,40.65,40.5,41.0,40.5,14.65,12.45,45.71,-0.15,-0.15,0.0,41.12,40.76,40.4,8,5,1.53,10.17,14.21,0.21,0.52,2026-05-21,2026-05-21 08:03:02
5880,合庫金,22.7,22.8,22.85,22.65,14.15,17.52,38.1,-0.18,-0.17,-0.01,23.17,22.9,22.63,12960,16262,0.8,3559.57,16.69,0.7,3.08,2026-05-21,2026-05-21 08:03:03
5902,德記,37.5,37.8,37.8,37.35,30.5,33.58,45.61,-0.25,-0.23,-0.02,38.84,38.01,37.18,12,22,0.54,35.44,16.82,1.65,4.4,2026-05-21,2026-05-21 08:03:05
5903,全家,187.5,189.0,189.0,187.5,11.96,18.87,30.0,-0.53,-0.43,-0.1,190.52,189.35,188.18,78,32,2.41,418.54,24.8,6.5,3.47,2026-05-21,2026-05-21 08:03:06
5904,寶雅,560.0,566.0,566.0,550.0,35.61,32.84,44.0,8.09,12.01,-3.92,599.85,559.55,519.25,482,498,0.97,596.09,19.08,23.0,4.11,2026-05-21,2026-05-21 08:03:07
5905,南仁湖,8.08,8.05,8.17,8.04,21.29,32.23,52.45,-0.01,0.0,-0.02,8.63,8.12,7.61,271,424,0.64,22.76,,,,2026-05-21,2026-05-21 08:03:09
5906,台南-KY,46.0,46.0,46.0,46.0,2.08,7.75,15.65,-0.83,-0.54,-0.29,51.79,48.37,44.95,9,1,5.0,16.44,46.94,0.8,1.74,2026-05-21,2026-05-21 08:03:10
5907,大洋-KY,4.71,4.87,4.91,4.66,4.79,5.42,0.0,-0.2,-0.16,-0.04,5.7,5.25,4.81,1064,415,2.56,9.04,,,,2026-05-21,2026-05-21 08:03:11
6005,群益證,31.6,30.95,31.75,30.9,39.3,46.64,70.06,0.74,0.71,0.03,33.12,30.05,26.98,10425,9934,1.05,686.01,11.97,1.5,4.75,2026-05-21,2026-05-21 08:03:12
6015,宏遠證,15.4,14.85,15.45,14.75,20.9,27.61,59.84,0.4,0.52,-0.12,16.76,14.89,13.01,3396,2709,1.25,60.54,21.69,,,2026-05-21,2026-05-21 08:03:13
6016,康和證,22.45,22.15,22.6,22.1,28.9,41.78,68.75,1.15,1.23,-0.08,24.62,21.09,17.57,4424,5477,0.81,154.14,11.34,0.23,1.02,2026-05-21,2026-05-21 08:03:14
6020,大展證,21.4,21.5,21.5,21.0,27.25,38.88,63.87,0.58,0.55,0.03,23.3,20.48,17.66,24,32,0.77,54.0,54.87,0.27,1.26,2026-05-21,2026-05-21 08:03:16
6021,美好證,32.0,31.7,32.0,31.5,14.39,20.13,43.71,0.37,0.77,-0.41,35.95,32.74,29.53,115,126,0.91,99.97,8.65,,,2026-05-21,2026-05-21 08:03:18
6023,元大期,98.1,97.5,98.5,97.5,23.64,22.83,41.46,-0.04,0.33,-0.37,101.31,99.15,97.0,82,141,0.58,313.9,11.61,4.8,4.89,2026-05-21,2026-05-21 08:03:20
6024,群益期,56.6,56.0,56.6,56.0,17.19,23.83,53.85,0.12,0.31,-0.19,58.59,56.61,54.64,273,233,1.17,141.46,10.35,2.83,5.0,2026-05-21,2026-05-21 08:03:21
6026,福邦證,15.35,15.25,15.5,15.2,16.76,24.7,50.0,0.1,0.23,-0.14,16.8,15.56,14.32,1470,2152,0.68,60.81,8.92,1.1,7.17,2026-05-21,2026-05-21 08:03:22
6027,德信,12.05,12.05,12.05,12.05,24.28,29.94,49.1,0.2,0.44,-0.24,14.38,12.84,11.3,1,42,0.03,18.76,11.59,,,2026-05-21,2026-05-21 08:03:23
6028,公勝保經,80.1,80.1,81.0,80.0,33.33,46.95,51.09,-1.26,-1.8,0.54,82.19,79.99,77.78,25,15,1.59,20.02,10.24,6.0,7.49,2026-05-21,2026-05-21 08:03:25
6035,悠遊卡,53.0,53.0,53.0,50.5,84.29,76.91,60.0,-0.03,-0.2,0.17,53.93,52.26,50.58,1,4,0.25,37.74,12.83,2.95,5.57,2026-05-21,2026-05-21 08:03:26
6101,寬魚國際,38.4,38.7,39.0,38.4,46.08,33.7,21.92,-0.17,-0.05,-0.12,40.59,39.06,37.53,89,50,1.75,44.01,,,,2026-05-21,2026-05-21 08:03:27
6103,合邦,37.9,37.9,37.9,37.9,21.78,39.08,45.56,-0.79,-0.67,-0.12,40.78,39.14,37.51,0,0,0.0,5.16,,0.19,0.5,2026-05-20,2026-05-21 08:03:29
6104,創惟,101.5,99.1,102.0,98.2,39.26,31.29,55.43,1.11,1.66,-0.55,103.9,98.82,93.74,3017,2012,1.5,92.49,18.73,4.5,4.43,2026-05-21,2026-05-21 08:03:30
6108,競國,19.25,19.2,19.35,19.1,24.54,22.06,50.6,0.3,0.62,-0.32,22.73,19.78,16.82,855,992,0.86,29.74,6.48,1.0,5.19,2026-05-21,2026-05-21 08:03:31
6109,亞元,10.95,10.65,11.0,10.65,14.49,18.21,35.59,-0.3,-0.14,-0.16,13.05,11.75,10.45,252,304,0.83,9.62,,,,2026-05-21,2026-05-21 08:03:33
6111,光聚晶電,47.4,46.9,47.8,46.45,38.42,49.38,60.73,0.48,0.68,-0.2,49.54,47.1,44.65,265,566,0.47,45.64,,,,2026-05-21,2026-05-21 08:03:34
6112,邁達特,42.4,42.1,42.55,42.1,21.9,16.0,30.12,-1.12,-0.81,-0.31,48.19,44.31,40.43,442,436,1.01,79.86,23.43,0.6,1.42,2026-05-21,2026-05-21 08:03:35
6113,亞矽,25.35,25.05,25.8,24.85,55.93,47.3,68.63,0.72,0.67,0.05,25.52,23.71,21.9,604,393,1.54,13.32,,0.5,1.97,2026-05-21,2026-05-21 08:03:36
6114,久威,29.95,29.8,30.6,29.8,9.6,17.75,48.0,-0.09,0.05,-0.14,32.13,30.77,29.42,51,28,1.78,13.15,9.45,0.5,1.67,2026-05-21,2026-05-21 08:03:38
6115,鎰勝,47.0,47.0,47.0,46.8,24.88,20.65,31.71,-0.16,-0.05,-0.11,48.43,47.47,46.52,70,140,0.5,88.2,16.55,3.2,6.81,2026-05-21,2026-05-21 08:03:39
6116,彩晶,10.8,10.0,10.8,10.0,54.2,58.42,71.95,0.5,0.4,0.1,11.44,9.35,7.25,86565,63886,1.35,308.73,40.0,,,2026-05-21,2026-05-21 08:03:40
6117,迎廣,82.6,80.0,83.7,79.8,38.79,26.87,38.2,0.17,0.93,-0.75,91.33,83.7,76.06,696,557,1.25,76.44,22.75,2.17,2.63,2026-05-21,2026-05-21 08:03:41
6118,建達,17.55,17.7,17.95,17.35,31.41,29.98,46.59,-0.06,-0.05,-0.01,18.43,17.63,16.83,429,1382,0.31,15.95,43.87,,,2026-05-21,2026-05-21 08:03:42
6120,達運,13.4,12.9,13.5,12.9,51.13,35.6,60.0,-0.17,-0.18,0.01,13.56,13.0,12.45,5771,3109,1.86,80.27,,0.25,1.87,2026-05-21,2026-05-21 08:03:44
6121,新普,381.5,377.0,382.5,376.5,44.54,44.5,64.63,6.08,6.57,-0.49,391.7,371.02,350.35,476,590,0.81,705.66,12.51,30.0,7.86,2026-05-21,2026-05-21 08:03:45
6122,擎邦,47.6,48.1,48.1,47.2,33.59,26.86,37.07,-0.77,-0.69,-0.08,50.38,48.49,46.6,134,234,0.57,36.43,10.08,3.27,6.87,2026-05-21,2026-05-21 08:03:46
6123,上奇,44.85,44.75,44.85,44.35,33.35,34.69,59.62,0.34,0.39,-0.04,46.15,44.21,42.28,47,49,0.96,27.13,16.49,5.05,11.26,2026-05-21,2026-05-21 08:03:48
6124,業強,29.0,29.7,30.6,28.9,14.42,12.55,34.18,-0.58,-0.43,-0.15,31.92,30.1,28.29,115,53,2.16,52.92,,,,2026-05-21,2026-05-21 08:03:49
6125,廣運,56.5,55.5,57.7,54.8,19.69,29.07,52.63,0.05,0.31,-0.27,61.52,57.24,52.96,1621,1813,0.89,146.34,565.0,0.7,1.24,2026-05-21,2026-05-21 08:03:51
6126,信音,35.7,34.8,36.3,34.7,69.27,61.56,73.47,0.52,0.25,0.28,35.18,32.77,30.35,3950,2542,1.55,45.2,51.0,0.76,2.13,2026-05-21,2026-05-21 08:03:52
6127,九豪,53.0,52.7,56.6,51.5,65.13,57.53,73.06,1.63,1.33,0.3,51.81,47.41,43.02,69221,27324,2.53,57.28,112.77,0.4,0.75,2026-05-21,2026-05-21 08:03:53
6128,上福,19.2,18.85,19.3,18.85,10.66,10.8,30.16,-0.51,-0.4,-0.11,21.44,20.11,18.78,190,142,1.33,24.5,,0.5,2.6,2026-05-21,2026-05-21 08:03:54
6129,普誠,15.55,15.15,15.7,15.15,20.73,13.06,38.6,-0.3,-0.09,-0.21,18.14,16.32,14.49,703,707,0.99,28.14,,,,2026-05-21,2026-05-21 08:03:56
6130,上亞科技,22.15,21.1,22.55,21.1,31.53,23.81,5.88,-1.32,-1.35,0.03,26.16,23.7,21.24,153,131,1.17,10.48,,,,2026-05-21,2026-05-21 08:03:57
6133,金橋,24.0,24.0,24.7,23.6,65.57,46.28,63.51,0.0,-0.27,0.27,23.89,22.13,20.38,4327,4241,1.02,28.08,33.33,0.3,1.25,2026-05-21,2026-05-21 08:03:58
6134,萬旭,30.95,30.5,31.1,30.5,23.87,30.27,53.89,-0.04,0.15,-0.18,33.37,31.22,29.07,241,583,0.41,25.34,257.92,0.2,0.65,2026-05-21,2026-05-21 08:04:00
6136,富爾特,25.45,25.45,25.55,25.35,37.25,30.38,50.52,-0.0,0.06,-0.06,27.37,25.47,23.57,406,371,1.09,29.4,28.6,1.15,4.52,2026-05-21,2026-05-21 08:04:01
6138,茂達,302.0,312.0,316.0,300.5,74.06,72.22,70.72,17.95,15.06,2.89,318.38,268.4,218.42,3028,2211,1.37,224.62,23.7,8.6,2.85,2026-05-21,2026-05-21 08:04:02
6139,亞翔,784.0,732.0,790.0,728.0,71.57,60.89,69.26,26.85,24.36,2.49,759.44,703.1,646.76,7808,6490,1.2,1846.92,25.81,13.89,1.77,2026-05-21,2026-05-21 08:04:03
6140,訊達,19.75,19.35,19.95,19.35,12.67,20.19,53.61,0.06,0.17,-0.11,22.47,19.97,17.47,75,99,0.75,10.84,,,,2026-05-21,2026-05-21 08:04:05
6141,柏承,34.0,33.0,34.5,31.5,63.09,49.48,52.84,1.47,1.75,-0.28,37.99,32.31,26.63,3404,4567,0.75,38.54,13.33,,,2026-05-21,2026-05-21 08:04:06
6142,友勁,8.01,7.86,8.18,7.86,10.27,8.04,25.0,-0.37,-0.3,-0.06,9.45,8.58,7.7,619,663,0.93,26.5,,,,2026-05-21,2026-05-21 08:04:07
6143,振曜,96.1,95.6,96.5,95.3,35.94,45.77,66.19,1.09,0.86,0.23,101.74,93.0,84.27,555,883,0.63,82.7,14.95,6.0,6.24,2026-05-21,2026-05-21 08:04:08
6144,得利影,14.95,15.0,15.45,14.65,58.52,53.73,45.65,-0.32,-0.4,0.08,15.86,15.01,14.16,71,93,0.76,5.72,,,,2026-05-21,2026-05-21 08:04:10
6146,耕興,220.5,219.5,220.5,216.0,49.8,35.57,49.66,1.7,2.92,-1.21,231.74,219.68,207.61,462,397,1.16,224.62,20.53,10.1,4.58,2026-05-21,2026-05-21 08:04:11
6147,頎邦,222.5,221.0,230.5,217.0,79.65,76.85,79.9,26.16,25.57,0.59,235.21,181.03,126.84,81757,83492,0.98,1656.72,60.3,3.75,1.69,2026-05-21,2026-05-21 08:04:12
6148,驊宏資,28.8,28.25,29.3,28.25,19.07,14.92,33.08,-1.13,-0.94,-0.19,33.08,30.33,27.58,134,169,0.79,13.42,21.18,1.23,4.27,2026-05-21,2026-05-21 08:04:14
6150,撼訊,67.9,66.6,69.3,66.6,30.55,38.97,65.84,2.88,2.86,0.02,76.29,63.88,51.47,735,901,0.82,32.83,26.42,0.6,0.88,2026-05-21,2026-05-21 08:04:15
6151,晉倫,46.55,43.15,46.55,42.75,86.05,81.57,77.66,2.77,2.16,0.61,46.06,38.71,31.36,2040,1508,1.35,25.72,40.13,1.5,3.22,2026-05-21,2026-05-21 08:04:16
6152,百一,15.4,15.05,15.45,15.0,55.12,57.44,62.03,-0.24,-0.45,0.2,16.21,14.56,12.92,1208,1339,0.9,25.83,,,,2026-05-21,2026-05-21 08:04:17
6153,嘉聯益,18.35,17.9,18.65,17.75,46.65,33.53,53.23,0.02,0.12,-0.1,19.08,18.05,17.02,6861,4505,1.52,116.74,4.95,,,2026-05-21,2026-05-21 08:04:18
6154,順發,13.3,13.3,13.3,13.1,61.24,55.25,53.33,-0.02,-0.07,0.05,13.47,13.11,12.76,45,48,0.95,10.65,26.08,0.6,4.51,2026-05-21,2026-05-21 08:04:20
6155,鈞寶,59.4,56.5,61.0,55.4,70.99,61.47,73.14,2.1,1.35,0.75,57.66,49.84,42.01,28282,10184,2.78,52.29,81.37,1.0,1.68,2026-05-21,2026-05-21 08:04:21
6156,松上,18.5,18.6,18.75,18.4,21.26,17.28,32.18,-0.44,-0.26,-0.19,21.45,19.67,17.9,694,607,1.14,19.96,42.05,1.0,5.41,2026-05-21,2026-05-21 08:04:22
6158,禾昌,18.1,18.3,18.4,17.75,28.55,20.21,17.14,-0.26,-0.18,-0.08,20.48,18.76,17.05,106,64,1.67,9.94,164.55,1.01,5.58,2026-05-21,2026-05-21 08:04:24
6160,欣技,16.2,16.1,16.25,16.05,26.37,36.39,55.68,0.05,0.05,0.01,16.9,16.07,15.24,69,74,0.94,11.1,,,,2026-05-21,2026-05-21 08:04:25
6161,捷波,51.0,52.1,52.1,50.6,77.72,79.02,77.68,2.28,1.43,0.84,51.98,44.79,37.6,655,1262,0.52,28.68,18.89,3.0,5.88,2026-05-21,2026-05-21 08:04:26
6163,華電網,53.2,51.4,54.7,51.4,20.83,26.73,45.61,-2.18,-1.29,-0.88,64.31,57.29,50.26,3260,3274,1.0,75.55,74.93,0.45,0.85,2026-05-21,2026-05-21 08:04:28
6164,華興,12.15,11.9,12.15,11.85,27.24,21.17,47.95,-0.14,-0.1,-0.05,12.86,12.12,11.37,395,277,1.43,9.72,173.57,0.5,4.12,2026-05-21,2026-05-21 08:04:29
6165,浪凡,48.3,48.75,48.85,48.3,8.75,12.28,26.92,0.13,0.7,-0.56,53.89,50.5,47.12,358,355,1.01,35.54,13.45,0.59,1.22,2026-05-21,2026-05-21 08:04:30
6166,凌華,118.5,116.5,123.0,113.5,86.74,87.01,92.73,12.45,10.14,2.31,127.09,92.8,58.51,4533,5116,0.89,258.14,50.64,0.93,0.78,2026-05-21,2026-05-21 08:04:31
6167,久正,11.4,11.45,11.7,11.25,17.91,17.97,36.21,-0.51,-0.46,-0.05,13.0,12.0,11.0,714,443,1.61,14.98,,1.33,11.67,2026-05-21,2026-05-21 08:04:33
6168,宏齊,28.0,27.75,28.6,27.2,51.32,43.05,64.08,0.29,0.33,-0.03,28.32,26.22,24.12,10899,3927,2.78,57.61,560.0,,,2026-05-21,2026-05-21 08:04:34
6169,昱泉,14.4,14.05,14.5,14.05,10.34,12.12,21.95,-0.61,-0.4,-0.21,17.89,15.96,14.03,11,41,0.28,3.37,,,,2026-05-21,2026-05-21 08:04:35
6170,統振,50.6,50.5,50.8,50.5,18.22,15.42,30.77,-0.25,-0.08,-0.17,52.89,51.25,49.61,136,140,0.97,49.21,11.42,3.11,6.15,2026-05-21,2026-05-21 08:04:36
6171,大城地產,23.95,24.75,24.75,23.75,32.99,24.44,25.4,-0.61,-0.63,0.03,26.0,24.59,23.18,61,24,2.47,23.95,6.27,2.5,10.44,2026-05-21,2026-05-21 08:04:38
6173,信昌電,175.0,173.0,175.0,173.0,87.96,87.56,82.76,24.49,20.26,4.23,195.29,121.65,48.01,1061,2200,0.48,299.6,53.85,1.41,0.81,2026-05-21,2026-05-21 08:04:39
6174,安碁,42.5,45.35,46.0,42.5,69.54,66.18,69.18,3.79,3.74,0.05,47.07,36.84,26.61,11029,5337,2.07,21.25,64.39,0.4,0.94,2026-05-21,2026-05-21 08:04:41
6175,立敦,85.2,83.0,87.0,81.1,87.9,80.79,89.86,5.86,4.63,1.23,81.57,68.44,55.32,26336,15340,1.72,127.9,31.91,1.75,2.05,2026-05-21,2026-05-21 08:04:42
6176,瑞儀,105.0,105.0,107.0,104.0,56.67,45.5,66.46,1.45,1.29,0.17,109.2,102.41,95.62,7061,5964,1.18,483.25,11.29,3.5,3.33,2026-05-21,2026-05-21 08:04:43
6177,達麗,44.65,44.75,45.25,44.6,12.78,24.7,41.58,-0.34,-0.22,-0.12,47.28,45.69,44.09,914,1064,0.86,210.69,11.75,3.5,7.84,2026-05-21,2026-05-21 08:04:44
6179,亞通,25.95,24.9,26.0,24.55,64.02,50.34,63.23,0.02,-0.2,0.22,25.33,24.19,23.04,2779,2099,1.32,46.02,519.0,0.48,1.85,2026-05-21,2026-05-21 08:04:46
6180,橘子,39.65,39.4,39.8,39.35,68.28,53.41,52.67,-0.88,-1.13,0.25,40.58,39.22,37.87,263,352,0.75,70.56,,6.0,15.13,2026-05-21,2026-05-21 08:04:47
6182,合晶,63.6,62.8,63.6,61.5,72.92,67.77,83.67,5.51,4.97,0.54,66.61,50.56,34.52,31491,14367,2.19,367.24,706.67,,,2026-05-21,2026-05-21 08:04:48
6183,關貿,91.5,92.3,92.6,91.5,11.32,15.33,43.14,-0.45,-0.4,-0.04,94.04,92.39,90.75,15,22,0.69,137.25,23.52,3.2,3.5,2026-05-21,2026-05-21 08:04:50
6184,大豐電,46.1,46.1,46.1,46.1,29.45,23.04,34.78,-0.34,-0.31,-0.03,47.38,46.62,45.86,13,45,0.28,70.17,20.22,3.19,6.92,2026-05-21,2026-05-21 08:04:51
6185,幃翔,14.1,14.15,14.25,14.1,60.85,47.48,43.48,-0.04,-0.06,0.02,14.27,13.99,13.71,253,207,1.22,21.13,64.09,0.39,2.77,2026-05-21,2026-05-21 08:04:52
6186,新潤,40.1,40.2,40.3,39.9,55.62,40.57,50.82,-0.3,-0.38,0.09,41.32,39.92,38.53,927,984,0.94,78.16,5.16,1.52,3.79,2026-05-21,2026-05-21 08:04:53
6187,萬潤,1090.0,1105.0,1140.0,1085.0,22.93,28.08,41.78,21.19,47.68,-26.49,1324.63,1163.25,1001.87,1531,1619,0.95,1053.23,70.73,10.19,0.93,2026-05-21,2026-05-21 08:04:55
6188,廣明,83.5,81.5,84.0,81.5,26.14,26.54,50.21,-1.31,-1.31,0.01,88.0,83.98,79.95,2563,3181,0.81,232.43,23.19,5.2,6.23,2026-05-21,2026-05-21 08:04:56
6189,豐藝,51.5,51.8,51.8,50.2,70.12,56.72,67.84,0.78,0.55,0.23,50.87,48.39,45.91,2303,1794,1.28,135.85,19.07,,,2026-05-21,2026-05-21 08:04:57
6190,萬泰科,79.0,78.4,79.9,77.8,55.64,62.52,73.47,4.22,4.7,-0.49,83.1,75.63,68.16,6416,6868,0.93,142.62,36.24,1.9,2.41,2026-05-21,2026-05-21 08:04:59
6191,精成科,95.5,95.4,98.0,94.8,40.47,23.89,41.62,-2.23,-1.75,-0.48,110.09,98.16,86.23,5777,5945,0.97,476.83,14.6,3.01,3.15,2026-05-21,2026-05-21 08:05:00
6192,巨路,131.0,127.0,131.5,127.0,50.91,56.13,67.03,3.26,2.99,0.27,134.76,123.03,111.29,601,388,1.55,125.96,13.18,5.8,4.43,2026-05-21,2026-05-21 08:05:01
6194,育富,32.4,32.3,32.6,32.3,39.67,36.07,43.24,-0.12,-0.1,-0.02,32.88,32.42,31.96,39,84,0.47,15.55,14.79,2.1,6.48,2026-05-21,2026-05-21 08:05:02
6195,詩肯,26.4,26.5,26.65,26.1,56.77,56.86,64.67,0.52,0.32,0.2,27.8,24.88,21.96,17,48,0.37,13.25,26.94,1.5,5.68,2026-05-21,2026-05-21 08:05:04
6196,帆宣,429.5,415.0,430.0,412.0,45.91,48.65,65.85,20.48,22.56,-2.08,438.6,399.3,360.0,3018,3090,0.98,946.32,29.28,5.9,1.37,2026-05-21,2026-05-21 08:05:05
6197,佳必琪,238.0,224.0,238.5,222.0,46.44,37.02,62.93,10.85,12.05,-1.21,257.01,216.47,175.94,6684,3049,2.19,290.56,28.71,7.0,2.94,2026-05-21,2026-05-21 08:05:06
6198,瑞築,22.1,21.65,22.25,21.65,40.68,40.09,52.11,-0.02,-0.07,0.04,22.58,21.94,21.29,7,15,0.45,37.88,,,,2026-05-21,2026-05-21 08:05:07
6199,天品,100.5,100.0,100.5,98.9,56.1,60.92,65.67,-0.38,-0.98,0.6,106.61,97.05,87.48,848,638,1.33,62.07,324.19,,,2026-05-21,2026-05-21 08:05:09
6201,亞弘電,46.85,46.95,47.15,46.75,5.6,9.21,15.89,-1.01,-0.65,-0.36,52.56,49.53,46.5,64,82,0.78,41.79,12.7,4.0,8.54,2026-05-21,2026-05-21 08:05:10
6202,盛群,58.9,57.0,59.8,56.4,48.19,36.71,59.44,0.49,0.57,-0.08,59.73,55.67,51.6,5982,3117,1.92,135.48,77.5,,,2026-05-21,2026-05-21 08:05:11
6203,海韻電,70.7,69.5,71.1,69.4,29.02,29.81,58.96,0.86,1.05,-0.19,76.43,68.89,61.35,338,237,1.43,58.26,12.88,3.5,4.95,2026-05-21,2026-05-21 08:05:12
6204,艾華,84.7,83.7,88.3,83.7,76.73,78.2,71.85,5.05,4.21,0.85,89.81,75.27,60.73,567,722,0.79,19.57,71.78,0.3,0.35,2026-05-21,2026-05-21 08:05:13
6205,詮欣,77.2,74.5,79.5,73.2,15.98,15.61,39.55,1.2,3.76,-2.56,98.23,83.38,68.54,2848,1868,1.52,62.33,41.73,1.63,2.11,2026-05-21,2026-05-21 08:05:15
6206,飛捷,137.0,136.5,137.0,133.5,64.58,68.9,78.43,7.92,7.07,0.86,146.51,120.42,94.34,3765,2706,1.39,195.99,20.0,6.0,4.38,2026-05-21,2026-05-21 08:05:16
6207,雷科,88.7,83.1,88.7,81.5,78.54,80.32,75.97,7.15,5.27,1.88,88.31,68.82,49.33,18813,29120,0.65,70.68,98.56,1.5,1.69,2026-05-21,2026-05-21 08:05:17
6208,日揚,102.0,96.3,103.0,96.1,74.51,72.03,62.85,8.96,8.21,0.75,107.09,87.19,67.28,2831,4433,0.64,96.35,40.8,2.0,1.96,2026-05-21,2026-05-21 08:05:18
6209,今國光,86.7,85.6,86.7,79.5,79.42,62.19,75.1,4.43,2.92,1.51,80.06,67.47,54.87,52255,26465,1.97,152.08,96.33,0.5,0.58,2026-05-21,2026-05-21 08:05:19
6210,慶生,21.05,21.05,21.05,20.5,41.63,47.61,57.32,0.25,0.22,0.03,21.86,20.69,19.52,37,25,1.51,7.38,,,,2026-05-21,2026-05-21 08:05:22
6212,理銘,27.5,27.75,27.75,27.5,11.84,20.23,41.13,-0.41,-0.32,-0.09,29.94,28.43,26.93,2,4,0.42,28.05,6.94,3.5,12.73,2026-05-21,2026-05-21 08:05:23
6213,聯茂,246.5,244.0,253.0,244.0,14.05,20.58,41.64,5.97,15.28,-9.31,308.47,269.38,230.28,8192,9452,0.87,896.18,59.54,1.8,0.73,2026-05-21,2026-05-21 08:05:24
6214,精誠,127.5,125.0,127.5,125.0,55.71,44.52,70.27,1.79,2.0,-0.21,128.06,123.25,118.44,1763,991,1.78,347.11,16.16,5.2,4.08,2026-05-21,2026-05-21 08:05:25
6215,和椿,126.0,123.0,126.0,122.5,67.01,70.57,63.64,5.28,4.52,0.76,133.34,115.62,97.91,3379,9402,0.36,104.32,61.17,1.5,1.19,2026-05-21,2026-05-21 08:05:26
6216,居易,22.55,22.4,22.75,22.35,21.52,14.15,26.03,-0.77,-0.69,-0.08,25.54,23.52,21.5,138,192,0.72,21.87,38.22,2.53,11.22,2026-05-21,2026-05-21 08:05:27
6217,中探針,247.5,232.5,249.5,216.0,21.72,33.9,43.55,11.35,21.5,-10.15,331.94,283.98,236.01,4476,6547,0.68,282.19,62.19,,,2026-05-21,2026-05-21 08:05:30
6218,豪勉,39.55,38.1,40.5,38.1,40.05,51.23,46.55,1.98,2.42,-0.43,44.91,38.6,32.29,1240,1880,0.66,25.42,,,,2026-05-21,2026-05-21 08:05:31
6219,富旺,12.3,12.4,12.45,12.15,41.42,33.88,33.33,-0.47,-0.49,0.02,13.33,12.59,11.85,321,436,0.74,15.37,2.38,0.67,5.45,2026-05-21,2026-05-21 08:05:33
6220,岳豐,30.65,31.15,31.75,30.4,51.98,42.82,62.5,-0.54,-0.76,0.22,30.94,30.1,29.26,672,370,1.82,44.89,37.84,0.7,2.28,2026-05-21,2026-05-21 08:05:34
6221,晉泰,23.0,23.0,23.25,22.95,21.05,15.04,11.54,-1.05,-0.86,-0.19,27.69,24.75,21.81,82,220,0.37,38.78,9.83,1.2,5.22,2026-05-21,2026-05-21 08:05:35
6222,立軒,20.75,20.75,20.75,20.75,7.65,15.05,41.23,0.01,0.26,-0.25,23.41,21.73,20.04,2,6,0.34,14.65,,,,2026-05-21,2026-05-21 08:05:37
6223,旺矽,5650.0,6160.0,6160.0,5530.0,57.1,64.77,62.06,380.17,379.81,0.37,6260.39,5290.25,4320.11,1250,1484,0.84,5535.94,168.61,16.01,0.28,2026-05-21,2026-05-21 08:05:38
6224,聚鼎,83.4,85.7,86.6,80.6,49.39,37.65,60.24,6.3,6.94,-0.65,90.65,73.54,56.43,7489,2877,2.6,70.59,126.36,1.25,1.5,2026-05-21,2026-05-21 08:05:39
6225,天瀚,26.05,26.0,26.95,25.0,45.13,65.67,61.86,2.47,2.28,0.19,34.5,24.49,14.49,36,57,0.63,7.24,,,,2026-05-21,2026-05-21 08:05:41
6226,光鼎,12.5,12.35,12.65,12.3,52.21,34.89,49.33,-0.11,-0.06,-0.05,13.12,12.4,11.68,938,914,1.03,14.44,,,,2026-05-21,2026-05-21 08:05:42
6227,茂綸,116.5,117.0,120.0,115.0,70.82,75.05,76.69,6.84,5.48,1.36,124.28,102.89,81.5,1120,2421,0.46,88.67,15.7,3.8,3.26,2026-05-21,2026-05-21 08:05:43
6228,全譜,22.6,22.85,22.85,21.4,58.08,44.17,43.2,-0.57,-0.55,-0.02,25.19,22.97,20.75,5,21,0.24,5.88,,,,2026-05-21,2026-05-21 08:05:45
6229,研通,27.05,26.75,27.4,26.75,22.71,31.41,54.4,0.75,1.15,-0.4,30.81,27.14,23.46,232,458,0.51,10.92,541.0,1.0,3.7,2026-05-21,2026-05-21 08:05:46
6230,尼得科超眾,134.0,131.5,134.5,130.5,10.14,8.25,22.83,-6.61,-3.76,-2.86,174.72,149.53,124.33,87,115,0.76,115.7,20.94,0.22,0.16,2026-05-21,2026-05-21 08:05:47
6231,系微,284.5,284.5,294.0,283.0,12.45,15.08,39.75,0.79,7.23,-6.44,339.61,306.05,272.49,600,589,1.02,129.88,42.98,6.5,2.28,2026-05-21,2026-05-21 08:05:48
6233,旺玖,26.05,25.8,26.35,25.75,30.36,21.73,38.66,-0.39,-0.19,-0.2,29.5,26.86,24.23,329,367,0.9,20.59,,0.36,1.38,2026-05-21,2026-05-21 08:05:50
6234,高僑,46.8,45.9,47.8,45.4,17.09,24.5,43.14,3.01,5.0,-1.98,64.51,51.85,39.2,2633,3469,0.76,46.98,936.0,0.45,0.96,2026-05-21,2026-05-21 08:05:51
6235,華孚,41.3,40.1,41.4,40.1,21.34,17.39,39.89,-1.57,-1.5,-0.07,45.95,42.48,39.0,962,834,1.15,82.56,14.29,1.2,2.91,2026-05-21,2026-05-21 08:05:52
6236,中湛,20.0,20.0,20.0,20.0,99.89,95.23,100.0,-0.22,-0.39,0.17,19.52,19.1,18.67,1,0,5.0,8.33,250.0,,,2026-05-21,2026-05-21 08:05:54
6237,驊訊,53.4,51.0,53.4,49.6,75.83,68.58,78.99,2.94,2.04,0.91,51.37,42.91,34.45,7160,4943,1.45,42.53,,0.25,0.47,2026-05-21,2026-05-21 08:05:55
6239,力成,257.5,246.5,257.5,246.5,69.69,62.77,70.72,8.31,6.13,2.18,255.52,226.38,197.23,25297,35576,0.71,1902.4,34.52,7.0,2.72,2026-05-21,2026-05-21 08:05:56
6240,松崗,17.8,17.9,17.9,17.7,50.58,44.44,22.92,-0.21,-0.14,-0.07,19.32,18.41,17.49,12,9,1.22,4.07,,,,2026-05-21,2026-05-21 08:05:57
6241,鑫永洋,10.8,10.7,10.9,10.45,70.78,61.8,57.76,-0.03,-0.23,0.2,11.35,10.05,8.76,114,390,0.29,5.26,,,,2026-05-21,2026-05-21 08:05:59
6242,立康,37.5,37.5,37.5,37.5,52.68,49.28,27.91,-0.13,-0.07,-0.06,38.74,37.93,37.11,4,8,0.47,11.93,14.31,2.0,5.33,2026-05-21,2026-05-21 08:06:00
6243,迅杰,34.35,33.7,35.15,33.7,39.95,34.97,53.17,0.48,0.63,-0.15,35.43,34.12,32.82,333,273,1.22,15.55,,1.2,3.49,2026-05-21,2026-05-21 08:06:01
6244,茂迪,28.35,28.6,28.9,28.35,34.43,38.71,55.31,0.08,0.1,-0.02,30.39,28.26,26.14,2899,5133,0.56,109.73,202.5,0.36,1.27,2026-05-21,2026-05-21 08:06:03
6245,立端,85.1,83.0,87.5,82.8,61.77,54.72,65.62,1.92,2.18,-0.25,84.5,81.59,78.68,3036,1416,2.14,124.76,19.7,4.0,4.7,2026-05-21,2026-05-21 08:06:04
6246,臺龍,15.45,14.5,15.5,14.3,21.26,21.01,44.03,-0.28,-0.06,-0.22,18.1,15.97,13.83,117,93,1.25,5.85,13.55,,,2026-05-21,2026-05-21 08:06:06
6248,沛波,18.25,18.3,18.3,18.2,11.42,15.02,15.79,-0.46,-0.38,-0.08,20.27,19.14,18.01,46,57,0.81,17.54,12.01,1.8,9.86,2026-05-21,2026-05-21 08:06:07
6257,矽格,216.5,212.5,221.0,212.5,52.18,62.02,75.52,12.09,12.84,-0.75,230.75,200.57,170.4,14586,15827,0.92,1036.56,35.55,4.04,1.87,2026-05-21,2026-05-21 08:06:08
6259,百徽,24.7,23.95,25.5,23.5,40.73,47.37,62.59,1.04,1.04,-0.0,26.09,22.34,18.59,850,631,1.35,6.73,35.8,0.1,0.4,2026-05-21,2026-05-21 08:06:09
6261,久元,113.0,118.0,119.0,112.5,26.27,39.3,65.69,8.07,9.44,-1.38,135.36,110.11,84.86,3856,4092,0.94,145.2,26.9,4.0,3.54,2026-05-21,2026-05-21 08:06:11
6263,普萊德,177.0,173.5,179.0,173.5,56.48,63.86,72.09,11.43,10.35,1.08,194.49,156.72,118.96,222,275,0.81,110.63,21.4,7.9,4.46,2026-05-21,2026-05-21 08:06:12
6264,富裔,6.17,6.2,6.25,6.0,57.4,58.79,56.67,-0.04,-0.07,0.02,6.3,6.13,5.97,109,67,1.63,8.41,,,,2026-05-21,2026-05-21 08:06:15
6265,方土昶,43.75,42.6,44.15,42.4,39.35,48.5,59.25,1.04,1.19,-0.15,48.24,42.54,36.85,5361,7778,0.69,51.7,64.34,,,2026-05-21,2026-05-21 08:06:16
6266,泰詠,27.05,27.0,27.15,26.85,37.35,26.11,37.5,-0.39,-0.34,-0.05,28.64,27.42,26.19,226,227,0.99,41.62,13.59,1.79,6.62,2026-05-21,2026-05-21 08:06:18
6269,台郡,58.7,59.0,59.8,58.3,31.53,20.62,35.15,-1.68,-0.98,-0.69,71.38,62.14,52.89,2347,2786,0.84,188.15,240.97,,,2026-05-21,2026-05-21 08:06:19
6270,倍微,26.8,26.65,27.3,26.55,37.64,28.73,54.64,0.04,0.2,-0.17,28.28,26.86,25.44,431,334,1.29,19.34,25.05,1.0,3.73,2026-05-21,2026-05-21 08:06:20
6271,同欣電,206.0,193.0,206.0,188.5,78.38,67.34,76.61,5.45,4.32,1.13,195.3,180.85,166.4,21311,8588,2.48,430.66,27.07,3.0,1.46,2026-05-21,2026-05-21 08:06:21
6272,驊陞,32.05,31.65,32.4,31.65,47.6,40.3,50.0,-0.33,-0.48,0.15,32.8,31.66,30.51,254,411,0.62,26.21,9.4,0.8,2.5,2026-05-21,2026-05-21 08:06:22
6274,台燿,1325.0,1325.0,1325.0,1325.0,36.66,49.34,66.32,119.27,145.54,-26.27,1596.71,1226.05,855.39,735,1559,0.47,3825.28,109.96,7.51,0.57,2026-05-21,2026-05-21 08:06:24
6275,元山,47.6,47.5,48.15,47.4,12.21,10.67,30.25,-1.11,-0.5,-0.62,57.09,50.85,44.61,377,365,1.03,38.2,17.25,2.26,4.75,2026-05-21,2026-05-21 08:06:25
6276,安鈦克,29.1,29.15,30.3,28.8,20.73,13.27,31.25,-0.93,-0.81,-0.12,32.76,30.27,27.79,101,73,1.39,6.41,31.98,,,2026-05-21,2026-05-21 08:06:26
6277,宏正,74.6,72.9,74.9,72.6,71.03,61.4,72.13,1.25,1.18,0.07,73.88,71.26,68.64,418,391,1.07,89.13,24.54,4.8,6.43,2026-05-21,2026-05-21 08:06:27
6278,台表科,223.0,213.0,223.0,212.0,61.53,68.82,66.27,22.72,22.82,-0.09,245.24,188.57,131.91,13832,22198,0.62,644.44,23.93,5.5,2.47,2026-05-21,2026-05-21 08:06:29
6279,胡連,119.5,118.5,120.5,118.5,43.16,44.98,66.67,2.2,2.02,0.17,126.6,113.55,100.5,943,844,1.12,142.22,11.69,6.0,5.02,2026-05-21,2026-05-21 08:06:30
6281,全國電,50.7,50.7,50.7,50.2,38.93,51.83,54.49,-0.67,-0.9,0.23,52.17,50.56,48.95,64,76,0.84,50.28,13.81,3.3,6.51,2026-05-21,2026-05-21 08:06:31
6282,康舒,53.6,51.7,54.5,51.7,47.87,45.87,65.9,0.96,0.9,0.05,55.33,50.18,45.02,44145,25133,1.76,458.83,357.33,0.5,0.93,2026-05-21,2026-05-21 08:06:32
6283,淳安,24.65,24.45,24.7,24.4,33.78,49.39,65.02,0.81,0.87,-0.06,27.23,23.89,20.56,174,286,0.61,36.2,68.47,,,2026-05-21,2026-05-21 08:06:33
6284,佳邦,93.4,91.1,94.8,90.3,75.87,70.99,91.28,1.72,0.54,1.18,90.64,81.77,72.9,7725,4566,1.69,137.46,22.29,2.7,2.89,2026-05-21,2026-05-21 08:06:34
6285,啟碁,280.5,287.0,293.0,276.0,64.02,71.17,71.29,18.09,15.95,2.14,304.66,247.55,190.44,24846,36112,0.69,1356.68,44.67,4.8,1.71,2026-05-21,2026-05-21 08:06:35
6290,良維,272.5,268.0,276.0,267.0,50.39,43.76,42.44,5.93,9.9,-3.97,308.52,280.85,253.18,3824,4137,0.92,461.83,32.71,5.0,1.83,2026-05-21,2026-05-21 08:06:37
6291,沛亨,492.0,472.0,498.0,472.0,39.39,46.33,60.54,22.75,25.93,-3.18,518.91,462.98,407.04,1450,1558,0.93,255.84,74.89,6.0,1.22,2026-05-21,2026-05-21 08:06:38
6292,迅德,53.5,54.5,54.7,53.3,42.54,51.31,70.69,2.03,1.88,0.15,58.35,50.06,41.76,258,263,0.98,24.93,26.88,4.0,7.48,2026-05-21,2026-05-21 08:06:40
6294,智基,27.2,27.1,27.25,27.0,3.15,3.63,9.7,-2.68,-2.31,-0.37,38.01,31.43,24.86,28,54,0.52,7.08,9.86,3.0,11.03,2026-05-21,2026-05-21 08:06:41
6405,悅城,57.1,56.0,57.2,54.5,22.36,29.7,56.92,4.65,5.49,-0.84,70.25,52.97,35.69,449,408,1.1,37.57,,0.1,0.18,2026-05-21,2026-05-21 08:06:42
6407,相互,31.5,30.9,32.4,30.85,30.63,22.25,25.43,-1.52,-0.03,-1.49,49.73,38.07,26.4,877,1492,0.59,23.67,20.72,1.0,3.17,2026-05-21,2026-05-21 08:06:45
6409,旭隼,663.0,675.0,695.0,663.0,4.45,11.53,28.96,-24.33,-12.41,-11.92,838.46,750.85,663.24,955,790,1.21,581.47,16.54,43.0,6.49,2026-05-21,2026-05-21 08:06:46
6411,晶焱,94.6,89.0,94.6,87.5,73.39,63.1,75.15,2.45,1.5,0.95,89.73,81.71,73.69,3237,1349,2.4,92.46,30.32,3.18,3.36,2026-05-21,2026-05-21 08:06:47
6412,群電,97.1,96.0,99.5,94.0,66.48,60.33,69.3,3.67,3.02,0.65,101.25,87.28,73.31,4709,3060,1.54,389.15,18.85,3.7,3.81,2026-05-21,2026-05-21 08:06:48
6414,樺漢,347.5,338.0,347.5,334.5,51.06,51.43,59.41,9.79,12.6,-2.81,368.01,335.05,302.09,2098,2704,0.78,506.96,17.38,14.0,4.03,2026-05-21,2026-05-21 08:06:49
6415,矽力*-KY,557.0,532.0,557.0,520.0,80.7,75.98,71.24,47.06,42.5,4.56,538.78,454.62,370.47,4859,10428,0.47,2163.13,88.55,2.55,0.46,2026-05-21,2026-05-21 08:06:50
6416,瑞祺電通,90.9,89.9,91.4,89.5,60.39,56.92,72.0,2.16,1.64,0.53,91.7,84.72,77.73,507,537,0.94,66.67,21.19,2.9,3.19,2026-05-21,2026-05-21 08:06:51
6417,韋僑,130.0,125.5,135.0,124.5,30.3,40.87,61.16,4.2,5.05,-0.85,145.26,125.1,104.94,277,223,1.24,54.96,26.92,2.2,1.69,2026-05-21,2026-05-21 08:06:53
6418,詠昇,31.35,30.95,32.45,30.8,23.22,17.67,36.74,-0.31,-0.01,-0.31,37.57,32.67,27.77,293,177,1.65,10.82,42.95,1.1,3.51,2026-05-21,2026-05-21 08:06:54
6419,京晨科,145.0,144.5,150.5,144.5,39.29,54.8,48.75,11.0,13.49,-2.49,183.36,150.88,118.39,1894,1132,1.67,19.08,15.15,2.7,1.86,2026-05-21,2026-05-21 08:06:55
6423,億而得,98.9,98.2,100.5,98.0,10.28,19.0,38.72,0.27,3.24,-2.97,126.43,110.0,93.58,113,224,0.51,29.94,170.52,1.0,1.01,2026-05-21,2026-05-21 08:06:57
6425,易發,90.2,88.2,92.8,87.4,54.77,53.4,60.36,3.25,3.44,-0.2,93.58,85.88,78.19,5381,4318,1.25,43.75,,1.0,1.11,2026-05-21,2026-05-21 08:06:58
6426,統新,262.5,243.0,262.5,243.0,41.83,51.07,62.26,15.92,18.19,-2.27,288.14,243.47,198.81,2194,2402,0.91,101.09,,0.5,0.19,2026-05-21,2026-05-21 08:06:59
6428,淘米,13.9,13.9,13.9,13.9,49.81,44.34,26.19,0.26,0.31,-0.05,15.03,13.85,12.67,0,7,0.0,2.46,15.8,,,2026-05-20,2026-05-21 08:07:01
6431,光麗-KY,21.9,22.0,22.0,21.25,79.06,70.71,71.43,-0.01,-0.31,0.3,22.12,20.41,18.69,76,86,0.89,21.33,,,,2026-05-21,2026-05-21 08:07:02
6432,今展科,56.9,53.4,57.9,53.3,82.8,77.84,83.0,4.14,3.21,0.93,56.86,44.95,33.04,7939,4988,1.59,19.21,118.54,1.4,2.46,2026-05-21,2026-05-21 08:07:04
6434,達輝光電,20.7,20.45,23.0,19.8,45.45,36.11,30.18,0.87,2.11,-1.24,31.3,24.24,17.18,1435,3248,0.44,95.97,,,,2026-05-21,2026-05-21 08:07:05
6435,大中,230.5,238.0,242.5,230.0,46.41,55.35,64.04,15.28,16.24,-0.96,257.77,214.97,172.18,854,950,0.9,86.35,24.81,4.3,1.87,2026-05-21,2026-05-21 08:07:06
6438,迅得,164.0,162.0,165.5,162.0,29.34,24.74,33.33,-2.57,-0.93,-1.65,182.67,171.07,159.48,726,885,0.82,134.82,31.42,5.83,3.55,2026-05-21,2026-05-21 08:07:07
6441,廣錠,24.45,23.95,24.7,23.95,14.79,13.87,29.8,0.35,1.0,-0.66,31.59,26.7,21.8,126,259,0.49,13.04,,,,2026-05-21,2026-05-21 08:07:09
6442,光聖,1785.0,1825.0,1830.0,1730.0,20.39,22.71,27.89,-76.34,-53.22,-23.12,2171.76,1916.25,1660.74,2932,2451,1.2,1390.04,78.19,8.62,0.48,2026-05-21,2026-05-21 08:07:10
6443,元晶,40.1,41.5,41.6,40.0,39.23,45.44,65.89,0.11,-0.23,0.34,43.09,38.63,34.17,19712,25854,0.76,205.63,18.48,,,2026-05-21,2026-05-21 08:07:11
6446,藥華藥,798.0,795.0,804.0,784.0,69.49,75.26,74.55,41.25,29.76,11.49,856.03,705.6,555.17,1621,3865,0.42,2967.83,58.81,0.99,0.12,2026-05-21,2026-05-21 08:07:12
6449,鈺邦,295.0,289.0,295.0,289.0,90.42,87.25,84.5,28.4,18.01,10.4,291.82,201.12,110.43,1958,4282,0.46,268.11,40.69,3.48,1.18,2026-05-21,2026-05-21 08:07:13
6451,訊芯-KY,499.0,495.5,523.0,492.5,50.27,55.22,57.74,30.5,33.94,-3.44,566.58,467.27,367.97,4550,5884,0.77,529.81,2079.17,0.22,0.04,2026-05-21,2026-05-21 08:07:14
6456,GIS-KY,69.9,65.0,69.9,64.7,42.48,31.13,41.9,-0.12,0.99,-1.1,81.78,71.63,61.48,10395,7591,1.37,230.82,25.14,,,2026-05-21,2026-05-21 08:07:15
6461,益得,16.4,16.85,16.85,16.35,31.12,17.91,24.14,-0.68,-0.64,-0.04,18.95,17.16,15.37,77,135,0.57,29.25,,,,2026-05-21,2026-05-21 08:07:16
6462,神盾,140.5,140.0,144.0,137.0,69.14,65.95,73.42,5.62,5.26,0.36,140.31,128.4,116.49,3992,4397,0.91,128.21,26.21,,,2026-05-21,2026-05-21 08:07:18
6464,台數科,78.0,78.0,78.0,77.8,94.99,91.11,91.3,0.37,0.15,0.22,78.2,76.63,75.06,9,75,0.12,100.45,18.62,3.22,4.13,2026-05-21,2026-05-21 08:07:19
6465,威潤,52.5,49.2,53.3,49.2,63.54,46.68,64.04,0.9,0.68,0.22,51.45,46.92,42.38,722,609,1.19,22.42,61.05,0.2,0.38,2026-05-21,2026-05-21 08:07:20
6467,泰合,136.0,136.0,141.0,133.5,40.37,56.33,64.35,4.54,3.79,0.74,152.36,129.6,106.84,134,232,0.58,71.22,,,,2026-05-21,2026-05-21 08:07:22
6469,大樹,71.7,71.0,71.9,70.7,26.11,19.31,36.76,-2.58,-2.33,-0.25,81.75,75.08,68.41,383,587,0.65,107.51,18.43,2.92,4.07,2026-05-21,2026-05-21 08:07:23
6470,宇智,48.2,47.5,48.5,47.2,56.67,43.62,52.11,-0.26,-0.4,0.14,48.55,47.32,46.09,158,64,2.44,18.17,12.62,2.5,5.19,2026-05-21,2026-05-21 08:07:25
6472,保瑞,384.0,393.0,393.0,376.5,47.51,39.51,41.67,-14.35,-13.85,-0.5,435.62,398.68,361.73,1592,2794,0.57,489.21,11.44,11.67,3.04,2026-05-21,2026-05-21 08:07:27
6473,美賣*,8.85,8.63,8.94,8.5,27.71,28.98,40.88,-0.1,0.07,-0.17,10.43,9.39,8.35,120,593,0.2,3.54,,,,2026-05-21,2026-05-21 08:07:28
6474,華豫寧,37.75,38.0,38.2,37.7,13.63,21.69,51.17,0.29,0.52,-0.23,41.06,38.27,35.48,45,46,0.98,19.83,10.97,2.5,6.62,2026-05-21,2026-05-21 08:07:29
6477,安集,34.45,34.25,34.5,34.0,37.37,29.5,54.93,-0.16,-0.15,-0.01,35.99,34.16,32.32,495,549,0.9,42.64,1722.5,0.3,0.87,2026-05-21,2026-05-21 08:07:30
6482,弘煜科,29.7,29.9,30.55,29.7,36.49,25.72,51.2,-0.6,-0.68,0.08,31.05,29.56,28.07,7,10,0.7,8.5,12.86,1.0,3.37,2026-05-21,2026-05-21 08:07:32
6483,原創生醫,13.0,13.35,13.35,12.95,8.08,9.43,14.29,-0.67,-0.53,-0.13,16.17,14.31,12.44,92,63,1.46,8.63,,,,2026-05-21,2026-05-21 08:07:33
6485,點序,104.5,113.0,115.0,104.0,71.54,68.33,64.25,6.1,3.44,2.66,111.01,89.28,67.56,5227,6188,0.84,47.28,147.18,0.5,0.48,2026-05-21,2026-05-21 08:07:34
6486,互動,81.6,81.2,81.9,81.2,25.69,20.23,26.87,-1.27,-0.94,-0.32,88.64,83.98,79.32,93,145,0.65,41.53,14.27,5.87,7.19,2026-05-21,2026-05-21 08:07:36
6488,環球晶,701.0,701.0,701.0,701.0,29.43,42.4,60.24,43.69,57.66,-13.97,862.53,681.4,500.27,3470,3960,0.88,3351.58,45.97,7.7,1.1,2026-05-21,2026-05-21 08:07:37
6491,晶碩,307.0,302.0,307.5,300.0,75.84,73.42,80.9,4.41,1.83,2.59,304.99,287.77,270.56,616,832,0.74,235.78,14.88,11.0,3.58,2026-05-21,2026-05-21 08:07:38
6492,生華科,46.35,46.0,46.35,45.6,17.86,15.49,36.08,-1.56,-1.08,-0.48,53.7,49.34,44.97,96,225,0.43,41.43,,,,2026-05-21,2026-05-21 08:07:40
6493,雷虎生,29.55,29.2,29.9,29.0,20.91,22.56,42.27,0.67,1.0,-0.34,34.01,30.75,27.5,124,71,1.74,8.88,,0.2,0.68,2026-05-21,2026-05-21 08:07:41
6494,九齊,56.1,54.6,56.4,54.0,35.05,29.87,56.33,0.89,1.23,-0.35,57.71,54.39,51.07,458,387,1.18,17.7,,2.36,4.21,2026-05-21,2026-05-21 08:07:42
6496,科懋,24.7,24.1,25.75,24.1,36.23,27.73,43.62,-0.49,-0.54,0.05,25.78,24.62,23.46,85,24,3.48,11.5,,,,2026-05-21,2026-05-21 08:07:43
6498,久禾光,106.5,105.0,109.5,105.0,61.93,66.06,67.37,4.3,3.35,0.95,112.77,97.32,81.86,444,725,0.61,50.23,16.72,4.5,4.23,2026-05-21,2026-05-21 08:07:45
6499,益安,94.9,95.0,96.3,92.3,77.28,61.11,76.42,1.08,-0.73,1.81,93.21,84.6,75.99,1051,1229,0.85,92.0,32.17,,,2026-05-21,2026-05-21 08:07:46
6504,南六,38.75,38.8,39.25,38.7,11.66,14.25,43.52,-0.49,-0.43,-0.06,40.48,39.31,38.14,65,43,1.49,28.13,13.84,1.0,2.58,2026-05-21,2026-05-21 08:07:47
6505,台塑化,51.3,51.4,51.7,50.9,19.31,19.72,28.21,-0.81,-0.61,-0.2,55.88,52.83,49.78,4245,5946,0.71,4886.82,49.33,0.8,1.56,2026-05-21,2026-05-21 08:07:48
6506,雙邦,19.0,19.1,19.15,18.95,63.72,68.2,70.73,0.6,0.54,0.06,19.94,18.2,16.46,183,257,0.71,15.65,18.45,0.8,4.21,2026-05-21,2026-05-21 08:07:50
6508,惠光,23.7,23.3,23.75,23.1,27.83,22.56,22.08,-0.74,-0.66,-0.08,26.49,24.7,22.91,70,63,1.11,20.51,87.78,1.0,4.22,2026-05-21,2026-05-21 08:07:51
6509,聚和,49.15,47.75,50.5,47.75,80.19,76.14,78.64,1.34,0.73,0.61,50.0,43.89,37.77,7618,4714,1.62,96.6,18.0,1.32,2.69,2026-05-21,2026-05-21 08:07:53
6510,精測,3350.0,3425.0,3495.0,3350.0,17.16,32.96,48.09,-25.53,27.42,-52.95,4054.14,3680.0,3305.86,812,743,1.09,1098.43,109.98,7.8,0.23,2026-05-21,2026-05-21 08:07:54
6512,啟發電,18.95,19.45,19.45,18.95,40.43,50.98,46.43,-0.12,-0.13,0.01,19.4,19.13,18.86,19,7,2.49,4.79,,,,2026-05-21,2026-05-21 08:07:55
6515,穎崴,9510.0,9405.0,9630.0,9150.0,23.56,27.74,42.3,207.78,410.42,-202.63,10840.1,10000.25,9160.4,286,286,1.0,3427.22,205.36,25.0,0.26,2026-05-21,2026-05-21 08:07:57
6516,勤崴國際,57.1,57.4,58.0,56.0,35.01,27.84,26.58,-1.3,-1.12,-0.19,62.97,58.93,54.89,88,70,1.25,31.88,37.81,2.21,3.87,2026-05-21,2026-05-21 08:07:58
6517,保勝光學,61.8,61.0,62.8,61.0,66.27,56.16,64.54,0.56,0.17,0.39,62.02,58.72,55.42,313,621,0.51,18.9,38.15,1.5,2.43,2026-05-21,2026-05-21 08:07:59
6518,康科特,30.8,30.05,30.8,29.8,22.28,21.42,50.43,0.03,0.55,-0.52,35.27,32.1,28.94,14,19,0.72,,15.32,1.5,4.87,2026-05-21,2026-05-21 08:08:01
6523,達爾膚,99.8,98.8,99.8,98.8,56.38,47.62,48.94,-2.36,-2.93,0.57,101.39,99.55,97.72,13,17,0.75,44.96,12.88,8.0,8.02,2026-05-21,2026-05-21 08:08:02
6525,捷敏-KY,114.0,115.5,118.0,113.5,72.06,70.55,68.43,6.41,5.94,0.47,120.81,102.89,84.97,1266,1851,0.68,147.11,19.62,4.2,3.68,2026-05-21,2026-05-21 08:08:03
6526,達發,704.0,680.0,712.0,680.0,36.14,43.93,70.51,41.07,45.58,-4.51,790.36,649.9,509.44,1925,1553,1.24,1179.24,40.74,12.5,1.78,2026-05-21,2026-05-21 08:08:04
6527,明達醫,70.0,70.0,70.2,69.6,63.48,63.77,60.71,-0.1,-0.28,0.17,72.4,69.45,66.5,23,19,1.18,17.74,12.28,2.25,3.21,2026-05-21,2026-05-21 08:08:06
6530,創威,105.0,104.5,108.0,103.5,15.79,24.42,36.89,0.44,2.91,-2.47,124.39,111.47,98.56,1163,1337,0.87,35.44,54.12,1.55,1.48,2026-05-21,2026-05-21 08:08:07
6531,愛普*,876.0,995.0,1010.0,876.0,43.8,64.42,52.36,93.68,109.82,-16.14,1152.92,930.3,707.68,17349,9527,1.82,1426.54,113.91,6.99,0.8,2026-05-21,2026-05-21 08:08:08
6532,瑞耘,98.5,98.0,101.0,96.9,25.08,40.36,51.48,5.16,6.75,-1.59,114.63,102.33,90.03,1494,2664,0.56,36.88,13.64,2.6,2.64,2026-05-21,2026-05-21 08:08:10
6533,晶心科,230.0,222.0,235.0,220.5,21.93,23.56,50.77,2.68,6.39,-3.71,254.99,234.9,214.81,1101,886,1.24,116.5,27.56,,,2026-05-21,2026-05-21 08:08:11
6534,正瀚-創,96.9,95.8,97.8,94.6,59.66,59.79,60.58,0.76,1.14,-0.38,99.26,95.61,91.96,166,118,1.4,99.61,21.53,4.8,4.95,2026-05-21,2026-05-21 08:08:12
6535,順藥,129.0,129.5,130.5,128.0,21.99,20.6,22.62,-3.1,-3.05,-0.05,145.89,132.5,119.11,75,128,0.59,216.06,,,,2026-05-21,2026-05-21 08:08:13
6536,碩豐,24.35,25.2,25.2,24.25,37.46,39.53,41.01,0.71,1.4,-0.69,31.15,26.44,21.74,10,36,0.31,6.41,187.31,,,2026-05-21,2026-05-21 08:08:14
6538,倉和,117.0,117.0,117.0,117.0,89.07,80.66,85.25,8.42,4.87,3.55,108.45,83.11,57.77,1042,1592,0.65,43.62,104.46,7.0,5.98,2026-05-21,2026-05-21 08:08:16
6539,麗彤,45.0,43.0,45.0,43.0,34.04,36.07,30.91,-1.5,-1.38,-0.12,50.48,47.14,43.79,0,4,0.1,10.96,136.36,0.6,1.33,2026-05-21,2026-05-21 08:08:17
6541,泰福-KY,38.95,38.2,39.0,38.2,14.91,14.09,46.52,-0.75,-0.73,-0.02,41.15,39.49,37.84,291,357,0.82,103.16,,,,2026-05-21,2026-05-21 08:08:18
6542,隆中,46.35,46.2,46.95,46.2,9.49,9.37,39.27,-1.52,-1.43,-0.09,51.96,48.25,44.54,6,3,1.88,19.0,2317.5,0.02,0.04,2026-05-21,2026-05-21 08:08:20
6543,普惠醫工,22.05,22.05,22.5,22.0,48.92,44.7,45.01,-0.22,-0.3,0.08,22.81,22.35,21.89,12,36,0.33,12.32,23.21,0.2,0.91,2026-05-21,2026-05-21 08:08:21
6546,正基,75.6,72.8,76.0,71.6,77.11,68.07,73.45,0.78,-0.16,0.95,74.26,67.04,59.83,1202,1029,1.17,50.54,27.79,3.5,4.63,2026-05-21,2026-05-21 08:08:22
6547,高端疫苗,48.7,49.3,49.45,48.6,40.53,33.18,45.81,-0.25,-0.22,-0.03,49.9,48.48,47.07,1130,1754,0.64,160.1,33.36,,,2026-05-21,2026-05-21 08:08:24
6548,長科*,51.4,49.8,51.5,49.7,33.65,27.86,49.19,-0.44,0.02,-0.46,55.77,51.77,47.77,4461,3489,1.28,474.44,31.73,1.8,3.5,2026-05-21,2026-05-21 08:08:25
6549,景凱,8.12,8.26,8.3,7.91,64.86,57.15,52.53,0.03,0.04,-0.01,8.32,8.04,7.75,55,115,0.49,6.51,,,,2026-05-21,2026-05-21 08:08:26
6550,北極星藥業-KY,16.1,16.25,16.3,15.9,13.94,22.25,37.93,-0.94,-0.99,0.05,18.56,17.21,15.85,1948,1717,1.13,138.44,,,,2026-05-21,2026-05-21 08:08:27
6552,易華電,28.7,28.75,29.1,28.55,20.73,17.03,28.4,-0.11,0.27,-0.38,33.14,30.11,27.08,158,153,1.03,23.82,5.59,0.2,0.7,2026-05-21,2026-05-21 08:08:28
6555,榮炭,21.5,21.15,21.65,21.05,13.8,12.53,27.27,-1.06,-0.64,-0.42,28.05,23.83,19.61,99,129,0.77,25.63,,,,2026-05-21,2026-05-21 08:08:30
6556,勝品,69.9,70.1,70.1,69.9,29.52,30.27,49.12,0.44,0.54,-0.1,70.75,69.84,68.92,5,6,0.76,20.1,10.39,4.2,6.01,2026-05-21,2026-05-21 08:08:31
6558,興能高,31.85,32.35,32.85,31.7,59.64,51.39,66.3,0.48,0.23,0.24,31.94,30.02,28.09,1782,2082,0.86,29.87,33.18,0.3,0.94,2026-05-21,2026-05-21 08:08:32
6559,研晶,26.45,24.9,26.6,23.9,32.7,23.0,31.31,-0.92,0.05,-0.97,36.32,29.04,21.77,158,135,1.17,6.13,88.17,,,2026-05-21,2026-05-21 08:08:33
6560,欣普羅,38.2,37.6,38.45,37.6,19.21,19.66,53.64,-0.41,-0.38,-0.02,39.57,38.27,36.97,29,36,0.81,12.41,,,,2026-05-21,2026-05-21 08:08:35
6561,是方,355.0,354.5,358.5,354.0,66.65,54.84,60.74,-1.9,-3.22,1.32,366.69,346.25,325.81,119,141,0.85,273.2,22.63,14.2,4.0,2026-05-21,2026-05-21 08:08:36
6563,映智,31.5,31.6,32.35,30.4,32.55,36.64,50.0,0.68,0.93,-0.25,33.53,31.45,29.37,148,157,0.94,9.37,,,,2026-05-21,2026-05-21 08:08:37
6564,安特羅,18.7,18.4,18.9,18.15,64.61,54.56,46.84,0.01,0.04,-0.03,19.46,18.79,18.12,8,50,0.16,13.49,,,,2026-05-21,2026-05-21 08:08:39
6565,物聯,22.4,22.6,22.6,21.5,34.49,28.93,47.09,0.24,0.72,-0.48,26.09,23.74,21.39,92,102,0.9,6.08,22.4,,,2026-05-21,2026-05-21 08:08:40
6568,宏觀,217.0,216.5,220.5,211.5,26.37,17.12,39.05,-4.23,0.16,-4.39,274.2,234.25,194.3,549,628,0.88,66.87,54.8,2.0,0.92,2026-05-21,2026-05-21 08:08:41
6569,醫揚,98.6,98.8,98.8,95.9,19.24,19.09,46.89,-0.25,0.3,-0.56,106.04,99.65,93.27,47,146,0.32,38.52,34.36,3.96,4.02,2026-05-21,2026-05-21 08:08:43
6570,維田,49.35,44.85,49.35,44.85,70.33,62.94,77.9,1.74,1.26,0.48,47.92,42.28,36.65,646,242,2.67,18.32,38.55,1.1,2.23,2026-05-21,2026-05-21 08:08:44
6572,博錸,9.2,9.33,9.35,8.76,39.65,29.47,28.85,-0.09,0.14,-0.23,11.94,9.92,7.9,120,197,0.61,9.54,,,,2026-05-21,2026-05-21 08:08:45
6573,虹揚-KY,13.15,13.1,13.4,13.0,57.28,62.28,54.46,0.1,0.05,0.05,13.9,13.05,12.21,107,171,0.62,10.59,10.69,,,2026-05-21,2026-05-21 08:08:46
6574,霈方,117.5,117.5,121.0,115.5,42.11,48.31,62.12,3.6,3.66,-0.07,129.04,110.36,91.68,79,89,0.89,25.84,17.28,2.2,1.87,2026-05-21,2026-05-21 08:08:48
6576,逸達,81.8,82.3,82.4,81.2,61.5,50.04,61.54,0.54,0.34,0.21,82.22,80.31,78.41,210,173,1.21,128.87,,,,2026-05-21,2026-05-21 08:08:49
6577,勁豐,79.7,78.6,80.0,78.6,40.45,31.51,53.17,0.13,0.47,-0.33,82.54,79.64,76.74,65,35,1.83,47.87,14.28,6.0,7.53,2026-05-21,2026-05-21 08:08:50
6578,達邦蛋白,17.2,17.0,17.6,17.0,75.47,63.91,69.89,-0.14,-0.4,0.27,17.26,15.84,14.41,114,133,0.86,12.37,,0.4,2.33,2026-05-21,2026-05-21 08:08:52
6579,研揚,152.5,153.0,156.5,150.5,78.1,79.12,77.68,8.64,7.35,1.29,161.19,134.78,108.36,890,996,0.89,258.41,27.38,5.15,3.38,2026-05-21,2026-05-21 08:08:53
6580,台睿,16.4,15.45,16.8,15.4,50.25,37.9,33.33,-0.08,-0.0,-0.08,18.26,16.59,14.93,206,135,1.52,18.39,,,,2026-05-21,2026-05-21 08:08:54
6581,鋼聯,106.5,107.0,107.0,106.5,27.63,32.22,43.75,0.01,0.28,-0.27,109.69,107.85,106.01,16,11,1.47,118.5,17.32,5.3,4.98,2026-05-21,2026-05-21 08:08:56
6582,申豐,30.8,31.05,31.05,30.65,32.28,30.98,49.25,-0.38,-0.39,0.01,31.68,30.95,30.22,30,43,0.7,32.7,,1.0,3.25,2026-05-21,2026-05-21 08:08:57
6583,友松,12.45,12.45,12.45,12.45,29.15,31.6,46.77,-0.08,-0.01,-0.07,13.44,12.8,12.16,1,1,0.63,1.99,,2.0,16.06,2026-05-21,2026-05-21 08:08:58
6584,南俊國際,680.0,644.0,688.0,640.0,31.4,29.0,50.38,5.68,16.5,-10.83,744.73,685.35,625.97,813,767,1.06,480.22,127.34,1.5,0.22,2026-05-21,2026-05-21 08:08:59
6585,鼎基,95.0,94.0,96.2,93.6,57.19,56.26,77.16,1.16,0.42,0.74,97.31,88.98,80.64,216,153,1.41,68.53,17.46,7.92,8.34,2026-05-21,2026-05-21 08:09:01
6586,醣基,67.3,66.0,70.1,65.1,70.95,73.0,69.35,6.94,6.67,0.27,73.82,56.81,39.79,467,686,0.68,144.03,,,,2026-05-21,2026-05-21 08:09:02
6588,東典光電,126.0,126.0,130.5,125.5,10.49,16.63,40.0,-0.96,2.42,-3.38,159.17,137.22,115.28,965,1007,0.96,43.72,,,,2026-05-21,2026-05-21 08:09:03
6589,台康生技,43.65,44.0,44.0,43.4,51.33,43.59,44.05,-2.18,-2.48,0.3,48.48,44.9,41.33,875,1480,0.59,132.2,,,,2026-05-21,2026-05-21 08:09:04
6590,普鴻,66.9,67.0,67.0,66.3,20.73,24.45,23.44,-0.79,-0.49,-0.3,71.68,68.96,66.24,21,10,2.08,16.7,13.14,2.8,4.19,2026-05-21,2026-05-21 08:09:06
6591,動力-KY,53.2,52.0,53.5,51.9,28.08,22.43,36.62,-1.95,-1.69,-0.26,60.71,55.64,50.56,182,232,0.78,21.88,10.73,2.31,4.34,2026-05-21,2026-05-21 08:09:07
6592,和潤企業,60.8,61.5,61.5,60.6,48.02,33.52,46.97,-0.55,-0.58,0.02,62.87,61.15,59.42,315,457,0.69,378.88,12.91,,,2026-05-21,2026-05-21 08:09:08
6593,台灣銘板,35.1,35.1,35.25,34.75,17.59,17.32,26.47,-0.64,-0.66,0.02,37.21,35.7,34.19,82,62,1.33,11.18,,0.45,1.28,2026-05-21,2026-05-21 08:09:09
6595,光禹國際,32.15,32.15,32.15,30.65,67.94,66.47,52.2,-0.07,-0.08,0.0,33.07,31.85,30.63,2,5,0.35,16.0,,0.25,0.78,2026-05-21,2026-05-21 08:09:10
6596,寬宏藝術,97.9,96.9,98.0,96.7,22.68,25.59,44.2,-2.37,-2.68,0.31,103.8,99.58,95.37,201,183,1.1,37.2,5.21,18.7,19.1,2026-05-21,2026-05-21 08:09:12
6597,立誠,73.0,74.0,74.0,72.2,50.09,55.29,61.84,3.53,3.51,0.03,82.84,69.13,55.41,22,23,0.95,21.32,29.2,1.0,1.37,2026-05-21,2026-05-21 08:09:14
6598,ABC-KY,24.3,24.2,24.5,24.1,60.74,64.47,76.64,0.42,0.19,0.22,25.11,23.0,20.89,141,268,0.53,24.98,,,,2026-05-21,2026-05-21 08:09:15
6599,普達系統,44.0,44.0,44.0,44.0,3.29,5.71,16.42,-3.25,-2.71,-0.54,58.95,49.99,41.03,2,5,0.37,9.24,16.99,2.1,4.77,2026-05-21,2026-05-21 08:09:17
6603,富強鑫,22.35,22.0,22.45,22.0,11.0,7.16,29.37,-0.57,-0.19,-0.38,27.98,24.23,20.48,759,792,0.96,37.11,36.64,0.3,1.34,2026-05-21,2026-05-21 08:09:18
6604,儒億,30.65,31.5,31.5,30.0,68.8,73.18,65.12,1.07,1.07,-0.0,32.5,29.66,26.82,192,115,1.67,,,1.3,4.24,2026-05-21,2026-05-21 08:09:19
6605,帝寶,131.0,130.5,131.0,130.0,60.08,57.28,63.83,-0.34,-0.87,0.53,132.88,128.43,123.97,230,272,0.85,217.22,9.5,9.0,6.87,2026-05-21,2026-05-21 08:09:20
6606,建德工業,24.55,24.6,24.6,24.3,37.46,45.02,57.89,0.07,0.11,-0.04,25.53,24.61,23.69,64,81,0.79,27.08,22.73,1.03,4.2,2026-05-21,2026-05-21 08:09:21
6609,瀧澤科,42.15,42.0,42.4,41.8,39.7,40.4,60.0,0.92,0.96,-0.04,45.34,40.68,36.03,311,460,0.68,30.54,,0.77,1.83,2026-05-21,2026-05-21 08:09:23
6610,安成生技,29.3,29.4,30.0,29.0,38.6,36.93,36.79,1.64,1.92,-0.28,33.41,28.7,23.98,128,222,0.58,60.23,,,,2026-05-21,2026-05-21 08:09:24
6612,奈米醫材,77.0,70.8,77.8,70.7,67.24,47.76,78.48,0.65,-0.22,0.87,73.55,68.53,63.52,183,83,2.2,36.45,71.3,0.3,0.39,2026-05-21,2026-05-21 08:09:25
6613,朋億*,258.0,250.5,259.0,249.0,64.21,59.23,70.83,7.66,7.32,0.34,258.89,240.68,222.46,448,457,0.98,200.73,19.41,10.0,3.88,2026-05-21,2026-05-21 08:09:27
6614,資拓宏宇,39.7,39.35,39.95,39.35,14.83,13.68,27.27,-0.56,-0.43,-0.13,42.72,40.75,38.78,55,80,0.69,32.02,19.27,1.5,3.78,2026-05-21,2026-05-21 08:09:28
6615,慧智,32.7,32.45,32.85,32.45,26.21,26.36,36.84,-0.3,-0.33,0.03,33.68,32.89,32.1,27,14,1.95,7.06,,0.3,0.92,2026-05-21,2026-05-21 08:09:30
6616,特昇-KY,9.83,9.76,9.84,9.65,49.47,40.02,48.48,-0.08,-0.08,-0.01,10.3,9.89,9.48,13,23,0.56,3.49,,,,2026-05-21,2026-05-21 08:09:31
6617,共信-KY,65.5,65.0,66.5,64.9,59.62,48.02,34.84,-0.98,-1.08,0.1,76.01,66.59,57.16,107,159,0.67,,,,,2026-05-21,2026-05-21 08:09:32
6618,永虹先進,19.1,19.1,19.2,18.7,22.03,26.34,21.26,-0.35,0.02,-0.37,24.34,21.08,17.82,664,523,1.27,20.02,,,,2026-05-21,2026-05-21 08:09:34
6620,漢達,75.3,76.3,77.8,74.5,57.99,46.93,50.68,0.01,-0.43,0.44,79.58,73.51,67.44,340,541,0.63,125.4,15.59,1.51,2.01,2026-05-21,2026-05-21 08:09:35
6621,華宇藥,12.2,12.35,12.35,12.05,40.95,29.24,54.17,-0.23,-0.22,-0.0,14.07,12.53,11.0,42,57,0.73,4.4,,,,2026-05-21,2026-05-21 08:09:36
6622,百聿數碼,6.74,7.05,7.05,6.74,21.75,24.95,24.8,-0.28,-0.2,-0.09,8.62,7.6,6.59,17,34,0.5,2.31,,,,2026-05-21,2026-05-21 08:09:37
6624,萬年清,47.3,46.6,47.35,44.75,43.61,38.11,33.95,-2.36,-2.5,0.14,52.95,49.13,45.3,38,24,1.54,9.88,131.39,0.55,1.16,2026-05-21,2026-05-21 08:09:39
6625,必應,73.5,72.4,73.8,72.3,38.34,23.25,52.38,-0.48,-0.44,-0.03,74.96,73.2,71.45,131,117,1.12,42.61,8.09,5.0,6.8,2026-05-21,2026-05-21 08:09:41
6629,泰金-KY,122.5,123.0,123.0,121.5,37.3,48.88,61.36,2.5,2.67,-0.17,128.55,121.2,113.85,40,95,0.42,47.0,19.79,6.2,5.06,2026-05-21,2026-05-21 08:09:42
6634,欣耀,65.5,66.3,66.3,64.8,47.41,59.73,69.01,8.35,7.76,0.59,83.06,54.03,25.0,148,419,0.36,46.69,,,,2026-05-21,2026-05-21 08:09:44
6637,醫影,65.7,66.2,66.4,65.7,14.31,19.05,14.13,-1.74,-1.31,-0.44,75.14,69.62,64.09,27,28,0.98,17.61,9.2,3.63,5.53,2026-05-21,2026-05-21 08:09:46
6638,沅聖,62.8,51.6,67.4,51.1,76.41,64.36,80.27,3.99,2.73,1.26,56.02,45.8,35.58,256,120,2.13,18.84,,1.0,1.59,2026-05-21,2026-05-21 08:09:47
6639,源大環能,7.15,7.57,7.57,7.11,23.66,24.26,29.24,-0.28,-0.21,-0.07,9.1,7.94,6.79,64,43,1.48,4.12,,,,2026-05-21,2026-05-21 08:09:49
6640,均華,1375.0,1290.0,1375.0,1290.0,24.68,25.27,43.41,-18.59,5.78,-24.37,1554.81,1411.5,1268.19,320,417,0.77,389.27,112.24,15.0,1.09,2026-05-21,2026-05-21 08:09:50
6641,基士德-KY,18.3,18.3,18.5,18.3,6.53,12.03,51.76,-0.1,-0.07,-0.03,19.47,18.58,17.68,22,13,1.65,6.68,39.78,1.0,5.46,2026-05-21,2026-05-21 08:09:51
6642,富致,87.2,85.0,89.4,83.2,89.33,85.82,85.55,6.64,4.1,2.54,85.22,65.67,46.12,2970,2301,1.29,32.61,33.67,1.8,2.06,2026-05-21,2026-05-21 08:09:52
6643,M31,588.0,585.0,603.0,583.0,19.97,31.03,55.43,19.24,31.08,-11.84,704.09,603.5,502.91,753,1072,0.7,247.45,347.93,2.0,0.34,2026-05-21,2026-05-21 08:09:54
6645,金萬林-創,12.0,12.05,12.05,11.8,22.77,24.32,20.0,-0.42,-0.38,-0.04,13.51,12.65,11.8,24,37,0.66,7.25,,,,2026-05-21,2026-05-21 08:09:55
6648,斯其大,16.4,16.2,16.4,15.7,13.52,11.12,22.22,-0.83,-0.65,-0.18,20.77,18.1,15.44,34,61,0.55,7.79,,,,2026-05-21,2026-05-21 08:09:56
6649,台生材,39.55,39.9,40.8,39.3,37.3,31.2,33.93,-0.31,-0.38,0.07,40.35,39.52,38.7,18,46,0.39,16.61,28.25,1.0,2.53,2026-05-21,2026-05-21 08:09:57
6650,帝圖,30.45,29.0,30.45,29.0,29.29,24.15,9.9,-0.39,0.13,-0.52,37.55,32.94,28.32,14,11,1.22,9.47,28.73,4.0,13.14,2026-05-21,2026-05-21 08:09:59
6651,全宇昕,125.0,125.5,127.5,125.0,49.8,55.8,64.06,7.15,7.25,-0.1,137.56,114.58,91.59,382,550,0.7,43.25,19.84,4.0,3.2,2026-05-21,2026-05-21 08:10:00
6652,雅祥生醫,1.96,2.25,2.28,1.89,6.72,8.03,9.55,-1.23,-1.07,-0.17,8.0,4.18,0.37,7274,2007,3.62,2.69,,,,2026-04-09,2026-05-21 08:10:02
6654,天正國際,97.0,96.5,97.3,96.5,52.27,52.08,67.32,1.8,1.22,0.59,98.68,92.7,86.72,45,58,0.77,36.14,9700.0,,,2026-05-21,2026-05-21 08:10:04
6655,科定,132.0,132.0,132.0,131.0,15.17,21.11,27.27,-0.24,0.77,-1.0,141.63,136.72,131.82,8,9,0.87,103.7,33.76,6.0,4.55,2026-05-21,2026-05-21 08:10:05
6657,華安,39.85,40.0,40.2,39.55,30.17,22.98,33.08,-1.11,-1.06,-0.05,43.14,40.76,38.37,129,159,0.81,35.03,,,,2026-05-21,2026-05-21 08:10:06
6658,聯策,175.5,173.0,179.0,168.5,41.49,61.33,58.55,24.27,26.31,-2.05,223.54,162.18,100.81,1688,1924,0.88,63.83,145.04,1.08,0.62,2026-05-21,2026-05-21 08:10:07
6659,天明製藥,20.45,20.5,20.5,19.55,26.79,29.53,46.81,-0.21,-0.13,-0.08,22.72,20.98,19.23,37,151,0.25,,,,,2026-05-21,2026-05-21 08:10:09
6661,威健生技,17.5,17.45,17.5,17.45,42.5,34.1,36.11,-0.29,-0.27,-0.02,18.65,17.85,17.05,3,6,0.45,4.08,291.67,,,2026-05-21,2026-05-21 08:10:10
6662,樂斯科,29.0,29.0,29.0,29.0,17.78,32.97,37.5,-0.07,0.02,-0.09,30.72,29.62,28.52,4,3,1.34,7.43,17.58,1.5,5.17,2026-05-21,2026-05-21 08:10:11
6664,群翊,406.0,403.0,414.5,400.0,16.54,27.07,32.94,7.33,18.69,-11.36,491.67,437.85,384.03,647,1427,0.45,246.88,28.12,9.93,2.45,2026-05-21,2026-05-21 08:10:13
6665,康聯生醫,20.5,22.7,22.7,19.8,32.09,41.06,28.91,0.08,0.43,-0.35,24.74,23.03,21.33,120,41,2.88,9.3,107.89,0.7,3.41,2026-05-21,2026-05-21 08:10:14
6666,羅麗芬-KY,41.65,40.15,42.6,40.15,38.84,32.08,62.71,-0.15,-0.2,0.05,42.19,40.88,39.57,40,31,1.3,19.74,17.21,2.0,4.8,2026-05-21,2026-05-21 08:10:15
6667,信紘科,254.0,254.0,255.5,252.0,33.68,24.59,31.82,-2.92,-1.25,-1.67,275.35,260.05,244.75,265,264,1.0,125.17,18.57,8.43,3.32,2026-05-21,2026-05-21 08:10:17
6668,中揚光,39.45,38.65,39.5,38.4,53.15,51.19,70.41,0.85,0.61,0.24,40.0,36.57,33.13,656,1051,0.62,42.26,80.51,,,2026-05-21,2026-05-21 08:10:18
6669,緯穎,5345.0,5350.0,5400.0,5190.0,37.12,45.55,61.71,284.38,328.23,-43.85,5728.74,5012.75,4296.76,2370,1763,1.34,9933.19,20.12,74.0,1.38,2026-05-21,2026-05-21 08:10:19
6670,復盛應用,262.0,261.5,264.5,261.0,39.48,46.2,60.58,0.2,-0.34,0.54,270.3,258.52,246.75,110,298,0.37,365.19,11.82,19.65,7.5,2026-05-21,2026-05-21 08:10:20
6671,三能-KY,28.25,29.05,29.05,27.95,9.13,9.1,31.34,-0.76,-0.66,-0.1,30.88,29.5,28.11,39,33,1.19,17.16,12.02,2.6,9.2,2026-05-21,2026-05-21 08:10:21
6672,騰輝電子-KY,178.5,180.0,184.5,178.0,10.28,14.5,23.87,4.21,11.41,-7.2,234.0,202.0,170.0,2361,3131,0.75,127.51,37.03,3.35,1.88,2026-05-21,2026-05-21 08:10:22
6673,和詮,21.0,20.5,21.45,19.25,37.72,29.75,47.84,0.23,1.06,-0.84,27.58,22.9,18.22,359,569,0.63,5.53,,,,2026-05-21,2026-05-21 08:10:24
6674,鋐寶科技,16.85,16.9,17.05,16.85,4.67,9.03,23.53,-0.48,-0.33,-0.15,19.47,18.01,16.54,76,49,1.53,11.55,,,,2026-05-21,2026-05-21 08:10:25
6676,祥翊,15.05,15.0,15.3,14.65,56.81,52.39,62.65,0.06,-0.04,0.1,15.24,14.25,13.27,196,258,0.76,22.53,,,,2026-05-21,2026-05-21 08:10:26
6677,瑩碩生技,18.2,18.1,18.4,17.8,39.09,30.8,28.17,-0.38,-0.32,-0.06,19.98,18.74,17.5,76,76,1.0,10.19,,,,2026-05-21,2026-05-21 08:10:27
6679,鈺太,335.0,324.0,337.0,321.5,60.65,54.11,70.59,14.78,15.14,-0.36,341.76,303.52,265.29,1012,617,1.64,178.51,49.41,6.5,1.94,2026-05-21,2026-05-21 08:10:29
6680,鑫創電子,53.5,53.2,53.9,51.7,29.26,37.79,53.49,-0.72,-0.81,0.09,56.39,54.0,51.61,11,5,1.96,12.82,,3.05,5.7,2026-05-20,2026-05-21 08:10:30
6682,華旭先進,57.1,55.9,58.2,55.3,49.67,43.38,57.88,3.64,4.03,-0.38,63.23,53.39,43.55,2769,3411,0.81,84.0,,,,2026-05-21,2026-05-21 08:10:31
6683,雍智科技,1685.0,1880.0,1940.0,1620.0,18.18,24.32,39.47,15.02,108.19,-93.17,2603.64,2022.5,1441.36,3240,1184,2.74,464.34,111.37,10.0,0.59,2026-05-21,2026-05-21 08:10:33
6684,安格,46.3,46.15,46.7,46.1,28.07,20.62,44.13,-0.25,0.12,-0.37,50.42,47.1,43.78,109,178,0.61,20.63,29.49,,,2026-05-21,2026-05-21 08:10:34
6689,伊雲谷,66.8,66.0,67.7,65.4,16.08,14.29,43.57,-1.78,-1.49,-0.3,73.09,68.4,63.7,271,184,1.47,45.29,29.04,,,2026-05-21,2026-05-21 08:10:35
6690,安碁資訊,168.5,168.0,168.5,167.5,37.85,35.64,56.25,-0.01,0.1,-0.11,170.19,167.97,165.76,46,52,0.89,50.55,16.62,9.0,5.34,2026-05-21,2026-05-21 08:10:36
6691,洋基工程,621.0,619.0,628.0,615.0,15.23,15.84,46.21,-3.12,1.89,-5.01,680.13,641.25,602.37,476,343,1.38,748.91,25.14,16.0,2.58,2026-05-21,2026-05-21 08:10:37
6692,進能服,28.7,28.85,28.85,28.45,22.75,21.61,13.86,-0.79,-0.49,-0.29,33.67,30.8,27.93,38,31,1.24,16.89,124.78,0.5,1.74,2026-05-21,2026-05-21 08:10:39
6693,廣閎科,142.0,140.5,144.0,139.0,23.18,28.8,52.03,2.69,5.45,-2.76,159.36,145.2,131.04,424,641,0.66,63.97,45.66,2.0,1.41,2026-05-21,2026-05-21 08:10:41
6695,芯鼎,51.5,51.2,51.9,50.4,35.59,43.94,61.16,2.36,2.51,-0.15,56.36,48.67,40.99,1497,2325,0.64,49.68,,,,2026-05-21,2026-05-21 08:10:43
6696,仁新,400.5,395.0,400.5,390.0,27.41,29.86,47.8,-2.96,-1.16,-1.8,424.59,404.3,384.01,316,324,0.98,332.09,,,,2026-05-21,2026-05-21 08:10:44
6697,東捷資訊,41.1,41.0,41.2,40.6,34.02,31.2,45.54,-0.31,-0.23,-0.08,44.89,41.9,38.9,33,44,0.75,11.23,13.61,2.6,6.33,2026-05-21,2026-05-21 08:10:45
6698,旭暉應材,31.8,31.5,32.15,31.35,45.8,39.39,54.77,0.08,0.0,0.07,32.34,30.99,29.64,158,545,0.29,20.92,,,,2026-05-21,2026-05-21 08:10:47
6703,軒郁,115.0,114.5,115.5,113.5,36.9,43.43,56.36,0.37,0.42,-0.04,118.82,113.45,108.08,47,63,0.74,37.64,11.62,9.6,8.35,2026-05-21,2026-05-21 08:10:48
6704,國璽幹細胞,21.1,20.85,21.35,20.45,30.97,34.9,24.32,-0.34,-0.32,-0.02,22.26,21.59,20.92,182,119,1.53,20.25,,,,2026-05-21,2026-05-21 08:10:49
6705,振躍精密,94.0,89.0,100.5,89.0,26.66,29.56,47.79,2.55,5.0,-2.45,115.15,101.5,87.85,92,124,0.74,16.92,34.69,2.2,2.34,2026-05-21,2026-05-21 08:10:51
6706,惠特,168.5,165.0,176.5,163.5,49.84,49.09,58.02,8.11,9.01,-0.89,194.25,158.75,123.25,10001,9280,1.08,132.35,28.04,,,2026-05-21,2026-05-21 08:10:53
6707,富基電通,33.65,33.65,34.7,32.5,27.49,42.95,59.64,2.1,2.44,-0.33,40.97,33.01,25.04,579,432,1.34,19.85,12.89,,,2026-05-21,2026-05-21 08:10:54
6708,天擎,40.3,40.5,40.5,39.5,23.79,28.92,50.37,0.03,0.29,-0.26,44.0,41.71,39.43,52,43,1.21,11.52,161.2,,,2026-05-21,2026-05-21 08:10:55
6709,昱厚生技,26.0,25.2,26.1,25.2,65.24,51.74,51.92,-0.5,-0.62,0.12,26.67,25.68,24.69,34,49,0.68,15.51,,,,2026-05-21,2026-05-21 08:10:57
6712,長聖,135.5,134.5,136.0,133.5,74.18,67.28,72.94,0.78,0.06,0.72,137.59,129.41,121.23,290,273,1.06,137.89,29.2,3.33,2.46,2026-05-21,2026-05-21 08:10:58
6715,嘉基,477.0,496.0,500.0,474.5,50.27,61.95,62.94,31.03,32.35,-1.32,535.81,445.9,355.99,628,1111,0.57,318.59,267.98,3.92,0.82,2026-05-21,2026-05-21 08:10:59
6716,應廣,99.8,99.8,102.0,98.0,41.11,44.33,65.22,5.03,4.7,0.33,104.59,89.86,75.12,1049,688,1.52,30.18,46.2,1.6,1.6,2026-05-21,2026-05-21 08:11:01
6719,力智,233.5,237.0,243.0,228.5,84.4,82.69,80.38,13.83,9.46,4.37,231.99,193.62,155.26,5706,3903,1.46,246.31,36.48,1.7,0.73,2026-05-21,2026-05-21 08:11:02
6720,久昌,158.0,158.0,158.0,151.5,25.78,29.38,46.15,-1.54,-1.07,-0.47,167.51,161.6,155.69,132,185,0.71,47.38,41.15,3.5,2.22,2026-05-21,2026-05-21 08:11:03
6721,信實,60.0,58.3,61.4,58.3,81.63,77.83,74.47,0.0,-0.27,0.27,59.22,57.95,56.68,16,9,1.78,13.5,12.9,3.0,5.0,2026-05-21,2026-05-21 08:11:04
6722,輝創,37.8,37.5,38.6,37.45,15.29,21.0,32.2,-0.68,-0.44,-0.23,41.35,39.11,36.88,42,81,0.52,33.42,13.08,1.5,3.97,2026-05-21,2026-05-21 08:11:05
6723,傑智環境,40.4,39.8,40.65,38.75,56.28,44.06,42.62,-0.27,-0.09,-0.18,44.97,40.9,36.83,72,51,1.39,12.14,10.33,,,2026-05-21,2026-05-21 08:11:07
6725,矽科宏晟,293.0,289.0,295.0,289.0,8.57,7.71,18.56,-7.61,0.23,-7.84,373.67,326.07,278.48,202,293,0.69,108.44,22.75,8.0,2.73,2026-05-21,2026-05-21 08:11:08
6727,亞泰金屬,546.0,516.0,546.0,511.0,68.81,71.14,72.71,45.15,43.39,1.76,590.17,461.55,332.93,2102,3198,0.66,146.79,80.29,3.0,0.55,2026-05-21,2026-05-21 08:11:09
6728,上洋,112.0,111.5,112.0,111.5,20.46,13.73,32.0,-2.28,-2.2,-0.07,119.92,114.5,109.08,17,29,0.59,33.72,11.65,8.0,7.14,2026-05-21,2026-05-21 08:11:11
6729,機光科技,52.0,50.4,52.5,49.5,18.58,16.04,36.69,-2.54,-1.89,-0.66,67.25,57.08,46.91,186,110,1.68,14.38,69.33,0.95,1.83,2026-05-21,2026-05-21 08:11:12
6730,常廣,37.8,37.0,37.8,36.9,29.63,30.47,45.14,-0.08,0.04,-0.12,39.36,38.08,36.8,35,55,0.64,13.72,17.91,1.0,2.65,2026-05-21,2026-05-21 08:11:14
6732,昇佳電子,175.0,169.5,175.0,169.0,57.98,57.03,71.82,3.58,2.59,0.98,176.39,161.12,145.86,442,245,1.8,85.6,28.23,5.5,3.14,2026-05-21,2026-05-21 08:11:15
6733,博晟生醫,27.8,28.5,28.5,27.75,32.28,26.55,38.26,-1.03,-1.14,0.11,30.34,28.58,26.82,152,210,0.72,34.67,,,,2026-05-21,2026-05-21 08:11:16
6734,安盛生,6.8,6.6,7.04,6.3,39.06,28.94,46.79,-0.08,-0.03,-0.05,7.61,6.85,6.08,62,86,0.73,2.76,,,,2026-05-21,2026-05-21 08:11:18
6735,美達科技,108.5,108.5,109.5,103.5,14.61,24.61,41.33,6.67,11.89,-5.22,148.45,125.42,102.4,1039,1543,0.67,50.11,339.06,1.8,1.66,2026-05-21,2026-05-21 08:11:19
6737,秀育,34.5,32.95,34.5,32.95,42.74,37.46,30.19,-0.73,-0.57,-0.16,38.88,35.55,32.22,12,30,0.4,20.72,11.82,1.6,4.64,2026-05-21,2026-05-21 08:11:20
6738,鼎��,68.3,68.5,68.5,66.1,58.23,51.57,18.89,-1.33,-1.16,-0.17,75.29,70.82,66.34,24,55,0.43,25.08,,,,2026-05-21,2026-05-21 08:11:22
6739,竹陞科技,1250.0,1310.0,1350.0,1250.0,14.22,14.88,38.19,-40.45,-12.45,-28.0,1587.31,1380.75,1174.19,344,297,1.16,290.99,78.12,,,2026-05-21,2026-05-21 08:11:23
6741,91APP*-KY,62.9,62.0,63.5,61.6,37.75,41.24,38.39,-0.19,0.28,-0.47,68.25,63.91,59.57,265,538,0.49,72.03,14.3,1.74,2.77,2026-05-21,2026-05-21 08:11:24
6742,澤米,61.7,57.3,61.7,55.1,90.54,78.42,89.37,3.31,1.02,2.29,55.87,42.96,30.04,10777,7127,1.51,43.5,,0.3,0.49,2026-05-21,2026-05-21 08:11:25
6743,安普新,28.9,29.0,29.75,28.85,28.75,31.13,42.31,0.95,1.18,-0.23,32.4,28.81,25.22,327,316,1.03,42.63,40.7,3.0,10.38,2026-05-21,2026-05-21 08:11:26
6744,豐技生技,17.45,16.25,17.65,16.2,51.93,29.6,56.49,-0.04,-0.03,-0.01,18.03,16.43,14.84,100,35,2.81,2.69,18.56,0.95,5.44,2026-05-21,2026-05-21 08:11:28
6748,亞果生醫,68.6,69.7,70.2,67.7,38.06,39.37,30.72,0.41,0.89,-0.48,74.18,70.78,67.37,327,257,1.27,48.86,,,,2026-05-21,2026-05-21 08:11:30
6750,泰創工程,68.5,68.0,71.0,67.1,44.52,50.45,50.61,0.92,1.03,-0.11,71.83,68.18,64.54,422,642,0.66,30.62,13.73,2.0,2.92,2026-05-21,2026-05-21 08:11:32
6751,智聯服務,47.7,46.6,47.85,46.6,25.24,14.62,30.48,-1.38,-1.09,-0.29,54.61,49.84,45.07,44,39,1.14,10.59,9.21,3.0,6.29,2026-05-21,2026-05-21 08:11:34
6752,叡揚,101.0,102.5,102.5,100.0,47.42,32.79,36.49,-1.7,-1.61,-0.1,107.28,102.83,98.38,37,68,0.56,37.52,13.74,4.5,4.46,2026-05-21,2026-05-21 08:11:35
6753,龍德造船,129.0,126.0,129.0,125.0,12.84,10.3,42.71,-2.71,-1.32,-1.39,149.47,135.2,120.93,809,958,0.84,151.26,22.59,1.25,0.97,2026-05-21,2026-05-21 08:11:36
6754,匯僑設計,43.95,44.0,44.1,43.5,11.8,9.94,30.48,-0.55,-0.27,-0.28,47.56,45.34,43.11,15,22,0.67,29.01,12.93,3.5,7.96,2026-05-21,2026-05-21 08:11:39
6755,連鋐科技,20.9,22.8,22.8,20.55,16.48,17.87,46.43,0.38,0.53,-0.15,22.84,21.17,19.5,118,109,1.08,8.32,,,,2026-05-21,2026-05-21 08:11:40
6756,威鋒電子,101.5,98.0,101.5,98.0,52.14,55.82,65.28,5.28,5.34,-0.06,107.05,92.91,78.77,450,522,0.86,71.04,92.27,0.9,0.89,2026-05-21,2026-05-21 08:11:41
6757,台灣虎航,54.2,52.9,54.4,52.9,32.92,33.28,62.67,0.49,0.3,0.19,56.87,51.64,46.41,1205,889,1.36,249.07,10.11,6.05,11.16,2026-05-21,2026-05-21 08:11:42
6758,冠亞,32.5,31.2,32.5,31.15,16.05,13.8,12.12,-1.47,-1.08,-0.38,39.92,35.85,31.77,9,9,1.0,4.38,29.28,1.0,3.08,2026-05-21,2026-05-21 08:11:43
6761,穩得,195.5,185.5,198.0,184.5,20.81,17.4,35.48,-0.31,2.96,-3.27,224.4,199.85,175.3,876,550,1.59,68.0,27.34,6.0,3.07,2026-05-21,2026-05-21 08:11:45
6762,達亞,188.0,194.0,194.0,188.0,82.02,78.17,93.2,6.78,1.69,5.1,194.8,159.68,124.55,4,11,0.38,66.12,280.6,0.3,0.16,2026-05-21,2026-05-21 08:11:46
6763,綠界科技*,45.6,44.75,45.6,44.7,19.95,15.63,33.8,-0.92,-0.7,-0.22,49.38,46.73,44.07,336,342,0.98,83.92,10.86,1.65,3.62,2026-05-21,2026-05-21 08:11:47
6767,台微醫,27.0,26.95,27.0,26.2,50.84,43.07,31.82,-0.3,-0.29,-0.0,28.11,27.31,26.52,21,9,2.25,10.58,,,,2026-05-21,2026-05-21 08:11:49
6768,志強-KY,85.2,84.5,86.0,84.4,29.37,42.09,63.92,0.1,-0.33,0.43,92.17,82.63,73.09,388,582,0.67,170.48,12.85,6.18,7.25,2026-05-21,2026-05-21 08:11:50
6770,力積電,59.1,59.3,61.2,58.9,30.2,43.3,63.74,0.72,0.59,0.12,66.08,58.01,49.93,95922,160812,0.6,2522.01,13.01,,,2026-05-21,2026-05-21 08:11:51
6771,平和環保-創,41.95,42.15,42.15,41.85,16.54,13.09,21.18,-0.69,-0.47,-0.23,46.3,43.67,41.04,25,22,1.12,13.08,12.71,,,2026-05-21,2026-05-21 08:11:52
6775,穎台科技,51.9,49.0,56.2,48.55,32.46,43.47,58.11,5.96,6.81,-0.85,69.82,47.73,25.63,2403,2364,1.02,52.08,,,,2026-05-21,2026-05-21 08:11:53
6776,展碁國際,58.5,57.6,58.9,57.6,48.77,38.32,62.16,-0.47,-0.54,0.08,58.96,57.67,56.38,566,339,1.67,53.58,14.1,3.0,5.13,2026-05-21,2026-05-21 08:11:55
6780,學習王,42.5,40.55,42.65,40.55,52.08,54.04,85.71,2.8,2.84,-0.04,45.03,38.65,32.28,17,9,1.79,6.91,29.72,1.3,3.06,2026-05-21,2026-05-21 08:11:57
6781,AES-KY,1140.0,1125.0,1150.0,1120.0,22.16,32.56,53.04,19.67,33.05,-13.39,1295.97,1170.25,1044.53,744,1044,0.71,973.78,29.88,12.5,1.1,2026-05-21,2026-05-21 08:11:58
6782,視陽,191.0,193.0,193.0,190.5,21.29,15.75,17.43,-5.79,-3.46,-2.34,239.05,206.32,173.6,194,427,0.46,120.33,13.66,5.1,2.67,2026-05-21,2026-05-21 08:11:59
6784,天凱科技,27.65,27.7,27.85,27.0,34.3,27.64,34.77,-0.49,0.02,-0.52,36.46,29.88,23.31,84,102,0.83,5.1,57.6,,,2026-05-21,2026-05-21 08:12:00
6785,昱展新藥,126.0,125.0,128.0,125.0,21.45,18.84,23.38,-11.37,-11.45,0.08,158.19,138.15,118.11,43,96,0.45,84.17,,0.25,0.2,2026-05-21,2026-05-21 08:12:01
6786,芯測,97.9,92.0,98.5,89.7,33.94,26.63,37.17,-1.5,1.15,-2.65,124.47,106.22,87.97,455,516,0.88,30.19,,,,2026-05-21,2026-05-21 08:12:03
6787,晶瑞光,35.45,33.45,35.7,33.45,27.2,22.98,42.06,0.19,1.22,-1.03,43.09,37.95,32.81,413,714,0.58,28.72,,,,2026-05-21,2026-05-21 08:12:04
6788,華景電,407.5,403.0,408.0,403.0,16.07,23.36,37.63,-0.95,8.42,-9.38,484.97,438.07,391.18,432,912,0.47,157.86,23.68,15.0,3.68,2026-05-21,2026-05-21 08:12:05
6789,采鈺,525.0,532.0,537.0,522.0,17.26,26.99,39.68,26.1,42.13,-16.03,626.96,566.95,506.94,3157,6754,0.47,1671.07,131.25,3.0,0.57,2026-05-21,2026-05-21 08:12:06
6790,永豐實,39.55,39.5,39.65,39.45,27.45,33.22,49.23,-0.1,-0.06,-0.04,40.2,39.74,39.29,133,206,0.65,105.65,13.1,2.55,6.45,2026-05-21,2026-05-21 08:12:08
6791,虎門科技,110.0,114.5,117.5,110.0,12.07,20.42,32.5,-0.14,1.79,-1.94,130.2,119.6,109.0,93,66,1.41,22.93,26.44,3.5,3.18,2026-05-21,2026-05-21 08:12:10
6792,詠業,64.5,64.9,67.2,64.3,71.64,60.84,72.26,1.27,0.57,0.71,64.28,59.36,54.44,213,180,1.18,30.23,29.19,2.5,3.88,2026-05-21,2026-05-21 08:12:11
6793,天力離岸,5.3,5.45,5.5,5.0,20.96,24.32,20.12,-0.28,-0.14,-0.14,7.93,6.41,4.88,278,257,1.08,4.01,,,,2026-05-21,2026-05-21 08:12:12
6794,向榮生技,80.0,80.2,80.2,79.1,22.0,21.13,46.31,-0.56,-0.27,-0.29,84.91,81.33,77.75,32,42,0.76,50.91,,,,2026-05-21,2026-05-21 08:12:13
6796,晉弘,62.9,61.9,62.9,61.7,21.51,16.17,34.43,-2.93,-2.51,-0.42,74.89,67.37,59.86,28,119,0.24,25.31,314.5,0.49,0.78,2026-05-21,2026-05-21 08:12:14
6797,圓點奈米,15.7,15.65,15.7,15.0,65.61,54.95,62.39,0.09,0.05,0.05,16.22,15.1,13.97,17,34,0.5,4.72,,,,2026-05-21,2026-05-21 08:12:15
6798,展逸,50.0,49.85,50.0,49.85,18.38,27.72,53.97,1.34,1.63,-0.29,51.33,49.49,47.66,1,5,0.18,9.79,64.94,1.0,2.0,2026-05-21,2026-05-21 08:12:17
6799,來頡,96.5,96.0,98.0,95.0,63.45,61.23,65.92,3.26,3.17,0.1,97.17,91.34,85.51,557,717,0.78,41.53,26.58,1.99,2.06,2026-05-21,2026-05-21 08:12:18
6803,崑鼎,288.0,288.0,288.0,286.5,59.9,48.99,48.15,-0.86,-0.98,0.13,291.56,288.45,285.34,83,59,1.41,209.64,15.63,15.24,5.29,2026-05-21,2026-05-21 08:12:19
6804,明係,15.4,15.4,15.85,15.4,49.25,39.91,50.0,-0.26,-0.33,0.07,16.02,15.37,14.72,49,53,0.91,7.31,,0.98,6.36,2026-05-21,2026-05-21 08:12:20
6805,富世達,1810.0,1770.0,1810.0,1755.0,26.18,21.53,37.38,-37.35,-10.42,-26.93,2197.26,1916.75,1636.24,754,1129,0.67,1240.83,58.46,8.0,0.44,2026-05-21,2026-05-21 08:12:22
6806,森崴能源,10.3,10.3,10.3,10.3,1.35,4.27,7.85,-4.35,-3.82,-0.53,27.33,19.02,10.72,189,376,0.5,28.29,1.14,1.23,11.94,2026-05-21,2026-05-21 08:12:23
6807,峰源-KY,33.35,33.15,33.35,32.8,22.13,21.75,24.09,-1.42,-1.35,-0.07,37.96,35.1,32.23,5,11,0.43,18.01,7.16,2.5,7.5,2026-05-21,2026-05-21 08:12:24
6808,三鼎生技,30.9,32.5,32.6,30.45,47.29,42.13,25.0,-0.74,-0.78,0.04,35.79,32.17,28.55,111,184,0.6,23.79,36.79,0.53,1.72,2026-05-21,2026-05-21 08:12:25
6810,新穎生醫,30.4,30.05,30.75,29.1,68.94,58.47,55.87,1.87,2.05,-0.17,37.88,30.09,22.3,394,355,1.11,15.03,,,,2026-05-21,2026-05-21 08:12:27
6811,宏碁資訊,209.0,207.0,209.0,207.0,38.08,41.99,68.75,3.39,3.72,-0.33,218.83,203.82,188.82,50,92,0.55,86.63,14.72,10.5,5.02,2026-05-21,2026-05-21 08:12:30
6812,梭特,74.5,74.4,75.3,73.7,46.98,34.66,36.62,0.39,1.8,-1.41,91.84,78.4,64.96,104,134,0.77,22.8,232.81,,,2026-05-21,2026-05-21 08:12:31
6814,路迦生醫,25.0,24.0,25.0,24.0,59.71,60.07,47.46,-0.11,-0.12,0.01,26.49,25.21,23.92,8,26,0.3,10.47,,,,2026-05-21,2026-05-21 08:12:32
6815,晶鑽生醫,33.7,27.5,33.7,27.5,56.06,35.48,50.14,-2.52,-3.12,0.6,35.4,30.33,25.25,120,88,1.36,13.31,,0.2,0.59,2026-05-21,2026-05-21 08:12:33
6816,捷智商訊,37.45,37.45,37.45,37.45,48.7,54.02,43.05,0.15,0.34,-0.2,40.34,38.82,37.3,0,3,0.0,4.56,14.86,2.3,6.14,2026-05-21,2026-05-21 08:12:35
6817,溫士頓,61.7,62.5,62.5,61.2,30.47,37.0,10.89,-1.93,-1.36,-0.57,73.44,67.83,62.22,16,54,0.31,11.36,9.69,7.0,11.35,2026-05-21,2026-05-21 08:12:36
6818,連騰,60.0,61.0,61.2,58.0,30.87,23.45,36.84,-3.69,-2.96,-0.73,75.79,65.28,54.77,151,149,1.01,15.3,33.52,1.0,1.67,2026-05-21,2026-05-21 08:12:37
6819,眾智,58.6,57.5,61.4,55.1,59.89,67.3,67.62,8.7,7.82,0.88,75.25,44.65,14.06,357,710,0.5,19.91,,,,2026-05-21,2026-05-21 08:12:39
6820,連訊,271.0,247.0,294.0,247.0,26.7,25.24,36.35,-4.07,5.16,-9.23,376.11,294.65,213.19,150,85,1.75,60.19,903.33,0.3,0.11,2026-05-21,2026-05-21 08:12:40
6821,聯寶,57.2,53.7,57.2,53.0,60.73,36.31,62.5,-0.49,-0.52,0.03,59.51,52.74,45.96,1277,753,1.7,17.53,51.07,1.09,1.91,2026-05-21,2026-05-21 08:12:41
6823,濾能,78.7,78.6,80.6,78.6,5.52,11.21,29.2,1.01,3.46,-2.45,105.11,87.26,69.42,274,230,1.19,24.01,,,,2026-05-21,2026-05-21 08:12:43
6825,和暢科技,42.35,42.35,42.35,42.35,42.19,51.57,49.7,1.32,1.53,-0.22,46.38,42.07,37.76,3,32,0.09,14.25,15.86,0.15,0.35,2026-05-21,2026-05-21 08:12:44
6826,和淞,569.0,535.0,577.0,530.0,34.4,29.73,58.08,-2.87,-1.7,-1.17,577.97,552.35,526.73,331,227,1.45,486.72,21.09,8.46,1.49,2026-05-21,2026-05-21 08:12:45
6827,巨生醫,12.8,13.3,13.5,12.15,53.13,40.67,50.0,0.26,0.28,-0.01,14.38,12.73,11.08,564,434,1.3,10.15,,,,2026-05-21,2026-05-21 08:12:47
6829,千附精密,192.5,189.0,193.0,184.0,12.56,13.36,33.23,1.85,12.65,-10.8,289.07,227.68,166.28,226,639,0.35,113.9,48.86,5.0,2.6,2026-05-21,2026-05-21 08:12:48
6830,汎銓,693.0,713.0,721.0,678.0,10.6,16.03,34.21,7.2,34.27,-27.08,945.75,776.15,606.55,1745,1988,0.88,358.85,141.72,1.0,0.14,2026-05-21,2026-05-21 08:12:49
6831,邁科,781.0,729.0,792.0,727.0,90.45,87.8,90.6,83.54,68.95,14.59,814.9,594.17,373.45,868,729,1.19,528.82,157.14,3.0,0.38,2026-05-21,2026-05-21 08:12:50
6832,金鼎科,105.0,106.0,109.5,103.5,58.02,56.73,61.55,8.48,8.63,-0.15,115.46,95.97,76.48,116,175,0.66,27.73,33.44,1.7,1.62,2026-05-21,2026-05-21 08:12:51
6833,太康精密,27.55,27.6,27.6,26.4,57.7,39.89,57.58,0.09,0.18,-0.08,29.2,26.89,24.59,41,52,0.78,13.77,,,,2026-05-21,2026-05-21 08:12:53
6834,天二科技,66.6,66.6,66.6,66.6,92.63,86.1,86.43,6.3,4.25,2.05,62.57,44.81,27.06,1091,6577,0.17,58.92,133.2,0.5,0.75,2026-05-21,2026-05-21 08:12:54
6835,圓裕,39.2,38.0,39.3,37.6,58.61,44.4,58.17,-0.09,-0.15,0.07,39.71,38.26,36.81,1067,553,1.93,25.77,41.7,2.0,5.1,2026-05-21,2026-05-21 08:12:55
6838,台新藥,26.05,25.9,26.15,25.85,17.98,15.58,21.54,-0.67,-0.58,-0.1,28.37,26.83,25.3,86,129,0.67,39.33,,,,2026-05-21,2026-05-21 08:12:56
6839,開陽能源,11.9,11.9,12.2,11.85,24.09,18.04,18.18,-0.38,-0.26,-0.12,14.44,12.75,11.06,170,68,2.49,9.67,,,,2026-05-21,2026-05-21 08:12:57
6840,東研信超,63.4,64.3,64.3,63.3,37.86,26.74,37.95,-1.04,-0.51,-0.52,73.28,66.36,59.45,96,86,1.12,19.5,40.64,0.3,0.47,2026-05-21,2026-05-21 08:12:58
6841,長佳智能,60.2,59.3,60.4,59.0,56.44,49.91,62.27,0.12,0.0,0.12,61.02,58.89,56.77,223,184,1.21,56.86,67.64,1.0,1.66,2026-05-21,2026-05-21 08:13:00
6842,一元素,110.5,110.5,116.5,107.0,18.23,23.73,36.32,-0.67,4.93,-5.6,165.98,129.05,92.12,453,348,1.3,25.41,29.47,,,2026-05-21,2026-05-21 08:13:01
6843,進典,42.8,42.55,42.8,42.55,22.98,21.66,30.41,-1.04,-0.64,-0.4,48.67,45.39,42.11,6,18,0.32,14.25,20.19,,,2026-05-21,2026-05-21 08:13:02
6844,諾貝兒,66.6,66.4,66.8,66.0,95.77,92.65,74.0,0.62,0.34,0.28,66.62,64.16,61.7,28,25,1.1,24.93,28.34,5.1,7.66,2026-05-21,2026-05-21 08:13:04
6846,綠茵,70.0,69.8,70.0,69.5,58.69,55.21,57.35,-0.23,-0.35,0.12,70.84,69.68,68.51,4,10,0.43,18.95,15.38,3.94,5.63,2026-05-21,2026-05-21 08:13:05
6847,普瑞博,65.3,62.2,65.3,62.2,41.24,48.18,62.23,1.38,0.84,0.54,71.6,60.2,48.8,0,7,0.01,9.29,,,,2026-05-21,2026-05-21 08:13:07
6848,拉法醫,19.5,19.4,19.5,19.0,45.74,48.13,50.88,0.42,0.53,-0.11,19.72,19.25,18.77,40,28,1.44,,11.89,0.3,1.54,2026-05-21,2026-05-21 08:13:08
6849,奇鼎科技,201.0,203.0,211.0,199.0,13.04,20.9,20.56,4.85,14.25,-9.4,299.51,244.25,188.99,403,473,0.85,,,,,2026-05-21,2026-05-21 08:13:09
6850,光鼎生技,35.2,36.3,36.5,34.2,57.02,49.26,32.43,-0.87,-1.12,0.25,37.12,35.44,33.76,92,29,3.15,11.65,880.0,0.3,0.85,2026-05-21,2026-05-21 08:13:11
6854,錼創科技-KY創,158.5,148.5,160.0,148.0,46.87,30.68,53.19,-0.81,-0.34,-0.48,168.29,153.47,138.66,1238,866,1.43,185.56,97.24,,,2026-05-21,2026-05-21 08:13:12
6855,數泓科,102.5,102.0,103.5,102.0,22.45,30.22,44.44,-1.62,-1.52,-0.1,107.27,104.53,101.78,16,8,1.83,23.83,13.16,6.0,5.85,2026-05-21,2026-05-21 08:13:13
6856,鑫傳,52.9,51.0,52.9,51.0,83.47,71.92,55.5,-0.32,-0.61,0.29,53.04,50.59,48.15,5,6,0.78,14.92,20.19,3.4,6.43,2026-05-21,2026-05-21 08:13:14
6857,宏�硒撢�,94.0,94.0,95.8,94.0,11.76,17.88,39.53,-1.1,-0.83,-0.27,99.92,96.62,93.32,0,0,0.05,14.31,,,,2026-05-21,2026-05-21 08:13:16
6858,愛比科技,24.15,24.05,24.15,23.8,11.49,9.29,34.11,-0.49,-0.17,-0.32,28.48,25.62,22.77,20,6,3.19,6.57,,,,2026-05-21,2026-05-21 08:13:17
6859,伯特光,119.0,118.0,119.5,117.5,30.69,28.52,36.36,-0.43,-0.05,-0.38,125.71,120.0,114.29,161,131,1.23,49.49,41.61,2.5,2.1,2026-05-21,2026-05-21 08:13:18
6861,睿生光電,427.5,420.0,435.0,420.0,49.24,61.44,66.23,61.17,64.19,-3.01,509.36,370.6,231.84,607,385,1.58,177.84,112.8,1.8,0.42,2026-05-21,2026-05-21 08:13:19
6862,三集瑞-KY,182.5,170.0,182.5,169.0,48.16,31.67,56.61,-3.13,-3.79,0.66,185.54,170.8,156.06,1106,812,1.36,91.25,22.12,6.0,3.29,2026-05-21,2026-05-21 08:13:20
6863,永道-KY,111.5,110.5,111.5,108.5,42.57,48.71,60.87,3.33,3.29,0.03,117.96,105.83,93.69,69,148,0.47,83.5,37.17,5.5,4.93,2026-05-21,2026-05-21 08:13:21
6864,元樟生技,54.8,55.0,55.2,53.6,22.94,17.59,20.75,-1.43,-1.13,-0.3,63.23,57.86,52.48,46,31,1.46,20.68,,,,2026-05-21,2026-05-21 08:13:23
6865,偉康科技,27.65,27.5,28.3,27.0,8.09,12.83,5.53,-2.14,-1.28,-0.86,40.39,33.64,26.88,59,50,1.19,4.28,18.31,1.4,5.06,2026-05-21,2026-05-21 08:13:24
6867,坦德科技,21.9,22.1,22.1,21.25,36.42,39.45,27.19,-0.41,-0.13,-0.28,25.32,23.41,21.5,18,21,0.85,7.66,,3.59,16.39,2026-05-21,2026-05-21 08:13:25
6868,采威國際,28.4,28.35,28.4,28.35,34.54,20.53,21.08,-1.21,-0.66,-0.54,38.02,31.14,24.26,6,41,0.14,7.11,,1.2,4.23,2026-05-21,2026-05-21 08:13:27
6869,雲豹能源,81.6,81.0,82.8,80.9,24.65,26.93,45.45,-2.24,-2.04,-0.19,88.96,83.1,77.23,871,746,1.17,108.81,7.98,5.01,6.14,2026-05-21,2026-05-21 08:13:28
6870,騰雲,224.0,217.0,224.0,213.0,88.89,81.32,78.26,4.9,1.27,3.64,209.65,187.1,164.55,255,191,1.33,52.3,32.99,4.22,1.88,2026-05-21,2026-05-21 08:13:29
6872,浩宇生醫,18.45,18.3,18.5,18.2,19.65,14.05,39.62,0.04,0.06,-0.03,19.16,18.39,17.62,33,28,1.17,13.05,,,,2026-05-21,2026-05-21 08:13:31
6873,泓德能源,88.0,85.0,89.0,84.5,29.23,29.17,48.17,-1.36,-1.08,-0.28,94.82,88.33,81.85,524,677,0.77,125.53,24.58,4.61,5.24,2026-05-21,2026-05-21 08:13:32
6874,倍力,79.8,80.3,80.5,79.0,8.66,13.3,32.35,-1.83,-0.78,-1.06,94.5,85.85,77.21,37,32,1.17,17.21,25.83,4.04,5.06,2026-05-21,2026-05-21 08:13:33
6875,國邑*,38.1,38.2,39.0,37.35,45.88,44.82,54.37,-0.06,-0.27,0.22,39.89,37.18,34.47,91,111,0.82,49.18,,,,2026-05-21,2026-05-21 08:13:35
6876,朗齊生醫*,19.85,20.0,20.0,19.55,32.64,36.76,58.43,-0.44,-0.47,0.03,21.17,19.97,18.77,69,119,0.58,14.03,,,,2026-05-21,2026-05-21 08:13:37
6877,鏵友益,152.0,150.0,157.5,149.0,26.11,22.45,35.83,1.88,6.52,-4.63,191.63,167.57,143.52,376,419,0.9,71.39,257.63,0.1,0.07,2026-05-21,2026-05-21 08:13:38
6878,歐付寶,10.15,10.2,10.2,10.15,48.12,41.5,48.93,-0.24,-0.27,0.03,10.61,10.15,9.69,6,20,0.29,7.37,,,,2026-05-21,2026-05-21 08:13:39
6879,大江基因,36.0,35.85,36.0,35.4,62.37,64.15,43.42,0.07,0.09,-0.02,38.6,36.46,34.33,12,10,1.2,9.53,23.68,2.0,5.56,2026-05-21,2026-05-21 08:13:41
6881,潤德,272.0,270.5,272.0,270.5,68.96,59.36,65.52,6.42,7.26,-0.84,282.48,266.68,250.87,14,8,1.81,40.8,14.04,15.0,5.51,2026-05-21,2026-05-21 08:13:42
6882,甲尚,21.1,20.2,21.1,19.6,68.44,68.21,67.11,1.11,1.0,0.11,21.81,18.96,16.1,217,297,0.73,4.9,,,,2026-05-21,2026-05-21 08:13:43
6883,微電能源,17.75,16.45,17.75,16.45,16.88,28.49,53.68,0.72,1.22,-0.5,26.5,18.79,11.08,62,94,0.66,13.54,,,,2026-05-21,2026-05-21 08:13:45
6884,海柏特,33.35,33.15,33.4,33.0,20.95,22.13,38.24,-0.39,-0.26,-0.12,35.87,34.31,32.74,23,14,1.61,6.13,16.59,1.5,4.5,2026-05-21,2026-05-21 08:13:46
6885,全福生技,22.45,22.25,22.75,22.2,51.57,37.01,45.9,-0.51,-0.55,0.04,23.86,22.63,21.4,287,321,0.89,29.86,,,,2026-05-21,2026-05-21 08:13:47
6886,遠東生技,48.4,48.4,48.4,46.4,56.88,53.97,44.38,-0.44,-0.32,-0.12,50.85,48.67,46.49,0,0,0.05,15.4,25.74,1.0,2.07,2026-05-21,2026-05-21 08:13:48
6887,寶綠特-KY,34.65,34.55,35.0,34.5,13.6,20.64,27.42,-1.75,-1.5,-0.25,41.2,37.85,34.5,59,54,1.09,25.68,7.65,3.96,11.43,2026-05-21,2026-05-21 08:13:49
6890,來億-KY,166.0,169.5,170.0,166.0,61.8,65.63,62.67,0.29,-0.97,1.27,169.79,160.6,151.41,415,648,0.64,414.0,12.83,9.0,5.42,2026-05-21,2026-05-21 08:13:51
6891,樂迦再生,48.2,50.5,50.5,47.5,30.82,27.69,12.91,0.37,3.4,-3.03,83.8,61.16,38.52,702,927,0.76,,,,,2026-05-21,2026-05-21 08:13:52
6892,台寶生醫,27.65,27.3,27.85,27.0,73.31,60.75,66.36,0.06,-0.25,0.31,28.0,25.98,23.96,181,210,0.86,25.61,,,,2026-05-21,2026-05-21 08:13:53
6894,衛司特,354.5,345.5,361.5,342.0,42.91,38.64,59.9,1.23,1.61,-0.38,356.37,341.1,325.83,234,137,1.71,84.37,32.52,8.5,2.4,2026-05-21,2026-05-21 08:13:55
6895,宏碩系統,152.0,155.0,155.5,151.5,11.08,10.99,18.03,-4.92,-3.14,-1.77,182.11,164.18,146.24,43,70,0.62,51.83,42.11,2.9,1.91,2026-05-21,2026-05-21 08:13:56
6898,程曦資訊,102.5,102.5,102.5,101.0,30.81,25.52,34.69,-2.4,-1.78,-0.62,117.34,107.78,98.23,18,18,0.99,29.74,17.34,5.3,5.17,2026-05-21,2026-05-21 08:13:57
6899,創為精密,60.9,60.6,63.2,57.5,42.36,47.08,66.23,1.88,1.54,0.33,64.1,56.55,48.99,367,202,1.82,25.52,17.06,2.43,3.99,2026-05-21,2026-05-21 08:13:59
6901,鑽石投資,14.1,13.7,14.5,13.7,37.04,39.5,53.78,-0.08,-0.14,0.05,14.51,13.7,12.9,2494,1320,1.89,120.25,,,,2026-05-21,2026-05-21 08:14:00
6902,GOGOLOOK,130.5,129.5,133.5,127.5,79.24,66.52,79.79,8.56,6.5,2.07,130.98,110.35,89.72,418,584,0.72,46.14,83.12,,,2026-05-21,2026-05-21 08:14:01
6903,巨漢,385.5,376.0,387.0,376.0,16.56,24.13,40.15,6.2,13.82,-7.62,436.9,402.52,368.15,536,1056,0.51,253.84,36.37,8.0,2.08,2026-05-21,2026-05-21 08:14:02
6904,伯鑫,115.0,113.0,115.0,113.0,50.05,49.13,45.95,-1.49,-1.58,0.1,120.54,115.92,111.31,3,4,0.75,21.28,21.18,5.0,4.35,2026-05-21,2026-05-21 08:14:03
6906,現觀科,76.7,76.7,76.7,76.7,63.32,48.28,74.43,0.66,-0.43,1.09,72.84,65.2,57.56,630,237,2.66,24.73,41.02,3.33,4.34,2026-05-21,2026-05-21 08:14:04
6907,雅特力-KY,114.0,113.0,119.5,112.5,12.0,16.08,45.63,-1.76,0.46,-2.22,139.01,123.0,106.99,613,683,0.9,,,1.0,0.88,2026-05-21,2026-05-21 08:14:06
6908,宏碁遊戲-創,38.5,38.6,38.6,38.3,12.27,13.2,33.0,-1.58,-1.91,0.33,41.17,39.31,37.46,3,6,0.47,14.31,26.74,1.24,3.22,2026-05-21,2026-05-21 08:14:07
6909,創控,53.2,52.5,54.3,51.4,18.58,14.62,28.57,-0.62,0.5,-1.11,62.9,56.25,49.59,797,663,1.2,35.76,53.74,1.0,1.88,2026-05-21,2026-05-21 08:14:08
6910,德鴻,28.0,28.6,28.6,27.45,30.59,16.48,32.08,-0.71,-0.6,-0.11,30.73,28.42,26.1,45,31,1.43,8.55,14.14,1.75,6.25,2026-05-21,2026-05-21 08:14:09
6911,群運,31.8,32.45,32.45,31.8,22.28,18.95,8.51,-0.35,-0.22,-0.13,35.15,32.9,30.65,3,20,0.16,7.12,25.44,2.0,6.29,2026-05-21,2026-05-21 08:14:11
6912,益鈞環科*,16.0,15.95,16.1,15.4,29.58,30.3,34.97,-0.65,-0.54,-0.11,19.0,17.17,15.33,88,93,0.95,23.06,,,,2026-05-21,2026-05-21 08:14:13
6913,鴻呈,137.0,132.0,138.5,131.0,52.5,53.5,54.24,2.79,3.25,-0.46,144.24,133.85,123.46,724,781,0.93,,16.93,2.5,1.82,2026-05-21,2026-05-21 08:14:14
6914,阜爾運通,143.5,144.0,144.0,143.0,25.45,19.67,44.44,-1.5,-1.3,-0.2,148.4,145.07,141.75,35,71,0.5,95.03,14.98,6.0,4.18,2026-05-21,2026-05-21 08:14:16
6915,美強光,75.2,61.0,75.2,59.8,38.69,23.34,50.84,2.59,5.59,-3.0,97.4,73.8,50.19,258,132,1.96,26.55,,,,2026-05-21,2026-05-21 08:14:18
6916,華凌,17.4,16.9,17.5,16.9,15.27,15.02,32.0,-0.32,-0.12,-0.2,19.73,18.3,16.87,19,65,0.3,11.74,,0.28,1.61,2026-05-21,2026-05-21 08:14:18
6917,竟天,35.0,35.15,35.75,34.85,27.9,22.04,38.74,0.82,1.77,-0.95,41.83,37.33,32.84,152,401,0.38,19.35,,,,2026-05-21,2026-05-21 08:14:20
6918,愛派司,75.2,74.2,75.2,74.0,16.66,22.09,55.56,-0.3,-0.33,0.02,78.33,75.01,71.69,27,43,0.62,25.62,14.6,5.0,6.65,2026-05-21,2026-05-21 08:14:21
6919,康霈*,101.5,100.0,105.5,99.5,40.56,32.89,46.22,-2.11,-2.61,0.51,110.09,101.13,92.18,6179,6544,0.94,1579.71,18.9,,,2026-05-21,2026-05-21 08:14:22
6920,恆勁科技,97.9,97.0,99.8,95.5,23.5,23.02,27.9,5.43,9.7,-4.27,131.69,107.78,83.87,1454,1994,0.73,202.87,,,,2026-05-21,2026-05-21 08:14:23
6921,嘉雨思-創,76.2,76.3,76.5,76.0,8.35,9.18,19.52,-1.93,0.11,-2.04,101.62,86.35,71.08,20,36,0.56,24.26,217.71,,,2026-05-21,2026-05-21 08:14:25
6922,宸曜,182.0,185.0,189.0,182.0,38.27,44.88,54.33,4.79,5.22,-0.43,196.06,179.22,162.39,166,221,0.75,49.42,26.73,4.79,2.63,2026-05-21,2026-05-21 08:14:26
6923,中台,78.6,76.2,78.9,75.9,23.31,17.48,28.57,-1.13,-0.49,-0.64,88.21,82.14,76.07,218,175,1.25,71.91,25.94,4.02,5.11,2026-05-21,2026-05-21 08:14:27
6924,榮惠-KY創,164.0,166.0,167.0,159.5,95.85,93.38,95.74,19.33,12.81,6.52,166.02,111.01,56.0,90,229,0.39,33.82,28.98,5.5,3.35,2026-05-21,2026-05-21 08:14:28
6925,意藍,59.7,60.0,60.5,59.7,13.9,13.17,19.27,-2.98,-2.64,-0.34,70.9,64.28,57.67,31,38,0.82,11.94,19.2,2.0,3.35,2026-05-21,2026-05-21 08:14:30
6926,聖安生醫,64.0,65.0,65.0,62.1,42.78,42.6,38.64,-0.75,-0.72,-0.03,66.92,64.78,62.63,11,15,0.72,31.87,,,,2026-05-21,2026-05-21 08:14:31
6927,聯合聚晶,62.2,64.0,64.0,60.8,60.16,56.09,59.17,4.27,3.61,0.66,66.87,55.63,44.39,67,153,0.44,23.81,,0.25,0.4,2026-05-21,2026-05-21 08:14:32
6928,攸泰科技,46.5,46.2,47.0,46.2,23.08,18.26,49.4,-0.51,-0.21,-0.3,51.54,47.64,43.74,63,68,0.93,39.99,,0.5,1.08,2026-05-21,2026-05-21 08:14:33
6929,佑全,23.0,23.15,23.2,22.7,11.76,11.09,22.95,-1.69,-1.66,-0.04,28.55,25.11,21.67,17,14,1.26,10.37,,,,2026-05-21,2026-05-21 08:14:35
6931,青松健康,41.15,40.6,42.3,40.1,31.11,24.5,23.47,-2.34,-2.18,-0.16,51.24,44.43,37.63,176,159,1.11,27.22,29.6,0.96,2.33,2026-05-21,2026-05-21 08:14:36
6932,水星生醫*,6.99,7.03,7.03,6.8,20.93,20.95,19.62,-0.26,-0.17,-0.09,8.77,7.74,6.71,232,214,1.08,29.15,,,,2026-05-21,2026-05-21 08:14:37
6933,AMAX-KY,160.0,159.0,163.0,159.0,14.76,19.98,46.85,-0.77,1.93,-2.7,181.82,167.47,153.13,165,165,1.0,67.82,32.59,2.0,1.25,2026-05-21,2026-05-21 08:14:38
6934,心誠鎂,76.0,76.8,77.0,75.6,32.3,17.71,27.75,-3.08,-2.87,-0.22,87.7,78.85,69.99,67,52,1.3,27.34,,,,2026-05-21,2026-05-21 08:14:39
6935,王子製藥,29.9,29.0,30.0,28.8,37.98,30.67,50.93,0.05,0.18,-0.13,31.48,29.92,28.35,18,27,0.65,11.19,11.46,,,2026-05-21,2026-05-21 08:14:41
6936,永鴻生技,34.0,33.85,34.25,33.6,30.99,18.11,45.31,-0.36,-0.31,-0.04,35.15,34.1,33.04,39,42,0.92,24.75,18.68,1.69,4.97,2026-05-21,2026-05-21 08:14:42
6937,天虹,294.5,287.0,294.5,287.0,26.0,19.66,30.48,-0.79,3.93,-4.71,336.77,303.23,269.68,457,480,0.95,198.71,97.52,2.1,0.71,2026-05-21,2026-05-21 08:14:43
6938,藍新資訊,91.6,90.0,94.7,89.5,14.83,21.74,51.08,1.99,3.67,-1.69,115.81,97.57,79.32,23,23,1.0,11.51,15.09,5.0,5.46,2026-05-21,2026-05-21 08:14:44
6939,啟弘生技,22.6,22.6,23.15,22.6,16.26,23.51,41.06,0.66,0.92,-0.27,26.73,23.36,19.99,4,4,0.92,7.91,,,,2026-05-20,2026-05-21 08:14:45
6940,格斯科技*,22.3,22.55,23.1,22.2,38.59,32.14,57.89,0.02,-0.11,0.14,22.86,21.49,20.12,983,1108,0.89,69.62,,,,2026-05-21,2026-05-21 08:14:48
6944,兆聯實業,919.0,906.0,934.0,903.0,23.86,20.06,52.86,7.33,15.89,-8.56,987.4,927.75,868.1,667,743,0.9,704.76,29.22,14.0,1.52,2026-05-21,2026-05-21 08:14:49
6945,圓祥生技,149.5,157.0,157.5,148.0,22.91,36.99,34.68,-7.42,-5.32,-2.11,200.04,175.4,150.76,753,511,1.47,127.93,,,,2026-05-21,2026-05-21 08:14:50
6946,三地能源,11.6,11.15,11.6,10.65,36.35,29.23,32.56,-0.54,-0.3,-0.24,15.74,13.22,10.69,115,103,1.11,37.56,,,,2026-05-21,2026-05-21 08:14:51
6947,台鎔科技,79.6,77.1,81.9,76.9,48.25,45.9,48.89,-0.27,-0.13,-0.14,80.8,79.08,77.37,346,176,1.96,75.09,113.71,0.6,0.75,2026-05-21,2026-05-21 08:14:53
6949,沛爾生醫-創,674.0,702.0,710.0,674.0,21.63,18.5,31.56,-8.54,1.32,-9.87,845.23,727.4,609.57,85,92,0.93,441.74,,,,2026-05-21,2026-05-21 08:14:54
6951,青新-創,81.6,81.2,82.0,81.2,43.81,32.24,53.42,0.27,0.3,-0.03,82.29,80.53,78.78,49,38,1.3,37.54,15.25,3.8,4.66,2026-05-21,2026-05-21 08:14:55
6952,大武山,37.0,37.95,37.95,36.9,13.97,12.92,50.77,-0.59,-0.64,0.05,38.62,37.35,36.08,12,12,0.95,24.92,,2.0,5.41,2026-05-21,2026-05-21 08:14:56
6953,家碩,255.5,253.0,260.0,253.0,23.66,25.77,37.91,3.13,8.09,-4.96,296.42,266.05,235.68,76,112,0.68,76.69,32.18,6.0,2.35,2026-05-21,2026-05-21 08:14:57
6955,邦睿生技-創,152.0,153.0,153.0,151.5,17.56,16.88,25.0,-3.36,-2.26,-1.1,170.54,160.62,150.71,13,13,1.01,37.7,36.89,1.5,0.99,2026-05-21,2026-05-21 08:14:58
6957,裕慶-KY,160.0,160.0,162.0,160.0,63.83,57.07,48.48,-0.44,-0.58,0.13,163.32,159.93,156.53,60,83,0.72,87.73,15.72,13.16,8.22,2026-05-21,2026-05-21 08:14:59
6958,日盛台駿,17.25,17.5,17.5,17.1,18.93,13.96,21.51,-0.49,-0.23,-0.27,20.79,18.42,16.06,31,72,0.44,69.22,,0.2,1.16,2026-05-21,2026-05-21 08:15:00
6959,兆捷科技,117.5,116.5,124.0,115.0,49.32,38.26,31.51,-2.44,0.78,-3.23,162.22,128.5,94.78,603,400,1.51,46.02,,,,2026-05-21,2026-05-21 08:15:02
6961,旅天下,58.5,58.5,58.8,58.1,17.5,28.66,52.0,0.19,0.32,-0.12,60.5,58.8,57.09,31,26,1.17,15.7,13.83,5.0,8.55,2026-05-21,2026-05-21 08:15:03
6962,奕力-KY,39.55,40.5,41.4,39.55,59.74,54.48,72.65,0.88,0.79,0.09,40.35,36.85,33.34,16846,6494,2.59,194.74,13.83,2.0,5.06,2026-05-21,2026-05-21 08:15:04
6963,品元,25.8,27.1,27.1,25.8,26.28,29.7,40.93,-0.47,-0.41,-0.07,28.69,27.05,25.41,1,2,0.38,4.12,,,,2026-05-21,2026-05-21 08:15:06
6965,中傑-KY,76.3,75.8,76.8,75.0,10.76,10.69,13.61,-2.69,-1.7,-0.99,91.79,82.81,73.83,82,73,1.12,119.3,21.8,6.0,7.86,2026-05-21,2026-05-21 08:15:07
6967,汎瑋材料,72.5,72.5,73.5,71.5,10.04,11.43,43.06,0.2,1.35,-1.15,84.88,76.3,67.72,69,59,1.17,17.69,18.08,3.7,5.1,2026-05-21,2026-05-21 08:15:08
6968,萬達寵物,45.0,44.2,46.0,44.2,48.05,38.01,60.28,-0.42,-0.68,0.26,44.84,43.54,42.24,101,45,2.22,22.25,18.29,1.0,2.22,2026-05-21,2026-05-21 08:15:09
6969,成信實業*-創,28.1,28.05,28.3,28.0,18.81,18.4,41.3,-0.34,-0.27,-0.07,29.82,28.64,27.46,38,51,0.74,12.32,,,,2026-05-21,2026-05-21 08:15:10
6971,惠民實業,27.4,27.3,27.9,27.3,36.73,30.5,37.59,-0.6,-0.51,-0.09,30.47,28.34,26.22,21,40,0.52,10.6,11.37,,,2026-05-21,2026-05-21 08:15:12
6972,博瑞達應材,24.45,24.45,24.45,23.35,61.72,58.28,51.01,-0.48,-0.51,0.03,26.87,24.7,22.52,3,2,1.28,,,,,2026-05-21,2026-05-21 08:15:13
6973,永立榮,34.0,34.05,34.1,33.35,27.43,24.91,22.89,-0.82,-0.7,-0.12,37.78,35.25,32.71,31,16,1.89,13.11,,,,2026-05-21,2026-05-21 08:15:15
6976,育世博-KY,13.3,13.25,13.85,12.8,44.59,53.1,58.06,0.19,0.14,0.05,13.51,12.9,12.28,1402,1486,0.94,77.29,,,,2026-05-21,2026-05-21 08:15:17
6977,聯純,286.5,286.0,290.0,280.0,8.84,16.09,33.96,-2.37,8.91,-11.28,401.6,336.0,270.4,55,133,0.42,38.98,17.7,2.0,0.7,2026-05-21,2026-05-21 08:15:19
6979,勝釩,231.0,244.5,244.5,231.0,29.89,38.81,55.8,16.15,19.34,-3.18,280.88,229.43,177.97,13,18,0.7,27.72,39.29,,,2026-05-21,2026-05-21 08:15:21
6980,鐳洋科技,174.0,180.0,187.5,171.0,51.18,39.13,43.75,-1.22,1.05,-2.27,221.87,183.18,144.48,224,323,0.69,50.46,170.59,,,2026-05-21,2026-05-21 08:15:22
6982,大井泵浦,52.0,51.5,52.2,51.5,18.54,23.27,40.74,-0.78,-0.67,-0.11,54.41,52.72,51.04,28,35,0.8,21.23,866.67,2.1,4.04,2026-05-21,2026-05-21 08:15:24
6983,華洋精機,358.0,353.0,369.5,343.0,12.63,11.9,23.36,-19.16,-7.22,-11.94,549.05,434.07,319.1,138,103,1.34,56.92,80.45,3.0,0.84,2026-05-21,2026-05-21 08:15:25
6984,ACPAY,13.7,14.3,14.3,13.35,7.01,9.62,22.22,-2.27,-1.69,-0.58,24.74,19.1,13.46,16,36,0.45,2.64,,,,2026-05-21,2026-05-21 08:15:26
6986,和迅,60.0,60.3,60.3,59.8,19.83,26.5,33.33,-0.1,0.27,-0.37,64.77,61.93,59.09,55,44,1.24,27.6,24.69,0.22,0.37,2026-05-21,2026-05-21 08:15:28
6987,寶晶能源*,19.8,19.65,20.05,19.65,22.39,19.73,32.35,-0.21,-0.17,-0.04,21.19,20.23,19.28,40,55,0.74,44.2,19.04,0.52,2.63,2026-05-21,2026-05-21 08:15:29
6988,威力暘-創,16.7,16.95,17.2,16.3,68.76,71.77,82.98,0.59,0.3,0.3,17.57,14.98,12.38,127,110,1.15,7.75,,0.45,2.69,2026-05-21,2026-05-21 08:15:30
6990,華鉬,170.0,138.0,170.0,129.0,80.5,69.35,70.83,14.17,7.34,6.82,142.34,92.69,43.04,2099,1556,1.35,,,,,2026-05-21,2026-05-21 08:15:31
6994,富威電力,53.4,52.9,53.7,52.2,12.63,16.12,24.64,-4.69,-3.83,-0.86,72.36,61.1,49.83,342,1260,0.27,38.64,8.63,0.95,1.78,2026-05-21,2026-05-21 08:15:32
6995,野獸國,49.05,48.4,49.05,48.4,72.84,49.41,46.83,-1.18,-1.44,0.26,52.71,49.23,45.75,0,13,0.01,12.42,54.5,0.15,0.31,2026-05-21,2026-05-21 08:15:34
6996,力領科技,198.0,195.0,204.0,193.0,68.8,62.54,68.7,5.7,5.13,0.57,196.86,182.12,167.39,521,243,2.14,83.17,16.47,10.0,5.05,2026-05-21,2026-05-21 08:15:35
6997,博弘,68.5,70.3,70.3,68.5,12.68,17.07,27.85,-3.47,-2.8,-0.67,84.97,74.88,64.79,3,9,0.34,15.14,13.43,5.0,7.3,2026-05-21,2026-05-21 08:15:36
6999,瀚醫生技,29.5,30.2,30.2,29.0,40.47,37.79,33.61,-0.11,-0.02,-0.09,32.36,30.9,29.45,34,18,1.89,6.49,28.92,0.6,2.03,2026-05-20,2026-05-21 08:15:38
7402,邑錡,94.8,93.8,96.6,93.6,5.3,8.15,23.67,-7.31,-4.56,-2.75,137.01,112.89,88.78,416,609,0.68,33.4,948.0,1.8,1.9,2026-05-21,2026-05-21 08:15:39
7547,碩網,68.3,70.9,71.1,67.8,19.14,17.58,48.94,-0.65,0.0,-0.66,76.12,70.88,65.65,92,661,0.14,22.97,26.68,1.35,1.98,2026-05-21,2026-05-21 08:15:40
7556,意德士,269.0,255.5,273.5,255.0,23.76,23.47,37.63,5.64,11.82,-6.17,319.8,281.93,244.05,272,342,0.8,73.49,40.03,,,2026-05-21,2026-05-21 08:15:42
7584,樂意,27.55,27.0,27.65,26.95,9.48,15.12,23.83,-1.54,-1.07,-0.47,35.74,31.13,26.52,27,12,2.14,4.43,,4.0,14.52,2026-05-21,2026-05-21 08:15:43
7610,聯友金屬-創,1230.0,1170.0,1230.0,1155.0,96.81,93.27,88.92,151.34,115.52,35.83,1174.83,802.2,429.57,959,1206,0.8,597.6,228.62,0.2,0.02,2026-05-21,2026-05-21 08:15:44
7631,聚賢研發-創,127.0,122.5,127.0,122.0,39.41,36.25,53.85,0.19,0.9,-0.71,133.72,126.8,119.88,13,16,0.8,25.58,19.63,3.0,2.36,2026-05-21,2026-05-21 08:15:45
7642,昶瑞機電,69.7,67.3,69.7,67.2,28.87,36.53,60.61,-0.63,-0.75,0.13,75.51,68.67,61.83,22,18,1.21,21.01,21.19,,,2026-05-21,2026-05-21 08:15:46
7703,銳澤,208.5,210.0,210.0,206.5,22.12,28.73,50.0,-2.36,-1.72,-0.64,219.64,211.05,202.46,170,168,1.01,72.44,23.99,7.0,3.36,2026-05-21,2026-05-21 08:15:49
7704,明遠精密,62.8,62.5,64.2,61.8,36.47,43.5,46.08,1.98,2.49,-0.52,69.59,63.05,56.51,137,480,0.29,21.21,30.63,1.8,2.87,2026-05-21,2026-05-21 08:15:50
7705,三商餐飲,31.3,31.0,32.05,30.7,27.8,15.52,30.0,-1.03,-1.03,0.0,34.49,32.08,29.67,124,101,1.23,20.68,16.3,3.8,12.14,2026-05-21,2026-05-21 08:15:51
7708,全家餐飲,92.0,92.1,92.1,92.0,37.04,46.9,51.65,0.05,-0.01,0.05,93.63,91.92,90.21,7,7,0.94,23.46,14.31,5.5,5.98,2026-05-21,2026-05-21 08:15:53
7709,榮田,92.9,97.8,97.9,92.8,57.81,48.6,69.46,4.62,3.71,0.91,94.82,79.53,64.23,1970,1227,1.6,36.33,37.92,2.3,2.48,2026-05-21,2026-05-21 08:15:54
7711,永擎,375.0,366.0,381.0,362.5,17.8,21.81,42.83,13.0,25.8,-12.8,469.0,407.48,345.95,764,826,0.92,268.82,29.76,9.0,2.4,2026-05-21,2026-05-21 08:15:55
7712,博盛半導體,165.5,175.5,175.5,165.5,74.96,76.2,72.15,12.85,10.02,2.83,179.33,135.82,92.32,2327,2048,1.14,53.89,30.71,4.0,2.42,2026-05-21,2026-05-21 08:15:57
7713,威力德生醫,67.5,67.2,67.5,67.1,40.68,53.01,45.24,0.07,0.15,-0.07,68.92,67.84,66.77,10,13,0.78,30.7,14.93,4.1,6.07,2026-05-21,2026-05-21 08:15:59
7714,創泓科技,125.0,125.5,125.5,123.5,50.35,37.68,50.11,-1.38,-1.23,-0.14,130.59,125.66,120.74,24,63,0.39,26.25,19.94,5.0,4.0,2026-05-21,2026-05-21 08:16:00
7715,裕山,29.6,29.45,29.8,29.45,58.75,46.67,71.05,0.04,-0.11,0.15,29.43,28.57,27.7,102,59,1.72,9.69,9.7,1.8,6.08,2026-05-21,2026-05-21 08:16:01
7716,昱臺國際,25.0,25.0,25.0,25.0,41.85,36.15,45.56,-0.25,-0.22,-0.03,25.96,25.1,24.23,1,15,0.07,5.62,11.21,2.0,8.0,2026-05-21,2026-05-21 08:16:03
7717,萊德光電-KY,687.0,696.0,700.0,675.0,51.34,37.49,48.82,-25.83,-26.06,0.22,774.0,687.6,601.2,271,563,0.48,170.22,113.18,,,2026-05-21,2026-05-21 08:16:04
7718,友鋮,50.0,49.0,50.5,49.0,65.8,56.0,68.29,0.42,0.31,0.11,50.11,48.22,46.32,88,24,3.67,22.78,13.37,3.5,7.0,2026-05-21,2026-05-21 08:16:05
7721,微程式,72.8,72.6,74.5,72.4,18.47,25.93,40.64,-0.02,1.02,-1.04,81.8,74.74,67.68,190,333,0.57,40.31,132.36,2.0,2.75,2026-05-21,2026-05-21 08:16:06
7722,LINEPAY,259.0,258.0,262.0,256.0,13.17,11.21,30.09,-14.62,-14.3,-0.32,299.41,274.25,249.09,89,144,0.62,176.12,35.97,1.5,0.58,2026-05-21,2026-05-21 08:16:07
7723,築間,24.85,24.9,25.1,24.75,4.93,6.69,20.79,-2.1,-1.82,-0.27,33.68,28.23,22.78,95,151,0.63,11.83,,10.0,40.24,2026-05-21,2026-05-21 08:16:09
7728,光焱科技,718.0,712.0,720.0,705.0,25.17,26.56,53.71,-15.51,-10.68,-4.84,807.91,730.7,653.49,58,97,0.6,99.47,145.64,7.03,0.98,2026-05-21,2026-05-21 08:16:10
7730,暉盛-創,222.5,231.5,231.5,211.5,79.34,73.77,83.06,12.26,6.68,5.58,220.03,178.8,137.57,266,304,0.88,81.87,129.36,1.0,0.45,2026-05-21,2026-05-21 08:16:11
7732,金興精密,35.0,34.55,35.0,34.5,30.96,32.78,32.67,-0.13,-0.01,-0.11,36.6,35.47,34.35,10,8,1.16,22.29,20.23,1.5,4.29,2026-05-21,2026-05-21 08:16:12
7734,印能科技,3455.0,3565.0,3660.0,3430.0,26.33,38.95,50.95,229.9,334.4,-104.5,4199.32,3643.75,3088.18,237,424,0.56,958.76,103.29,21.72,0.63,2026-05-21,2026-05-21 08:16:15
7736,虎山,71.9,72.0,72.0,71.5,11.42,13.85,32.14,-2.06,-1.88,-0.19,80.52,74.9,69.28,14,17,0.81,54.34,14.29,3.8,5.29,2026-05-21,2026-05-21 08:16:16
7738,東聯互動,165.5,167.0,167.0,165.0,30.04,32.04,28.12,-4.24,-2.91,-1.34,188.81,176.22,163.64,47,75,0.63,45.27,11.34,4.5,2.72,2026-05-21,2026-05-21 08:16:17
7740,熙特爾-創,176.0,176.0,176.0,171.5,38.29,21.76,38.52,-4.34,-3.64,-0.7,198.87,175.97,153.08,738,289,2.55,93.63,36.07,2.05,1.16,2026-05-21,2026-05-21 08:16:18
7743,金利食安,19.3,19.4,19.4,19.3,39.29,53.37,37.5,-0.16,-0.1,-0.06,20.49,19.91,19.34,18,8,2.14,7.04,33.86,1.4,7.25,2026-05-21,2026-05-21 08:16:19
7744,崴寶,504.0,507.0,516.0,496.5,18.7,34.35,48.58,7.83,17.67,-9.84,604.34,541.2,478.06,135,207,0.65,161.28,31.07,7.0,1.39,2026-05-21,2026-05-21 08:16:22
7747,昕奇雲端,127.5,128.0,128.0,123.0,52.76,50.15,25.0,0.52,1.53,-1.01,134.42,130.12,125.83,9,3,2.39,34.97,31.64,3.45,2.71,2026-05-21,2026-05-21 08:16:23
7749,意騰-KY,512.0,487.0,514.0,487.0,31.27,35.94,64.58,21.8,23.92,-2.12,558.13,477.52,396.92,749,658,1.14,238.01,46.0,7.0,1.37,2026-05-21,2026-05-21 08:16:24
7750,新代,2405.0,2570.0,2570.0,2405.0,24.27,36.94,45.06,180.96,251.98,-71.02,2985.71,2535.25,2084.79,709,1158,0.61,1725.54,70.88,16.0,0.67,2026-05-21,2026-05-21 08:16:25
7751,竑騰,1650.0,1630.0,1650.0,1600.0,25.93,21.23,32.42,-96.47,-8.79,-87.68,2952.78,2086.75,1220.72,134,264,0.51,443.66,80.88,18.0,1.09,2026-05-21,2026-05-21 08:16:27
7753,星亞,41.3,41.6,41.9,41.0,17.48,17.21,24.74,-0.1,0.16,-0.26,47.01,43.01,39.02,26,21,1.24,10.32,10.0,1.33,3.22,2026-05-21,2026-05-21 08:16:28
7757,金色三麥,104.5,105.0,106.5,104.0,30.64,24.26,42.11,-1.04,-1.04,0.01,107.34,105.05,102.76,17,19,0.93,25.18,11.66,9.0,8.61,2026-05-21,2026-05-21 08:16:29
7760,享溫馨,33.45,33.15,33.85,33.15,27.59,35.21,25.76,-1.02,-1.08,0.06,36.22,34.65,33.08,132,103,1.28,22.11,49.93,1.95,5.83,2026-05-21,2026-05-21 08:16:30
7765,中華資安,250.0,249.5,252.5,245.0,56.5,59.03,68.8,4.58,3.43,1.15,258.87,236.3,213.73,112,79,1.42,101.7,21.85,9.22,3.69,2026-05-21,2026-05-21 08:16:31
7767,仁大資訊,43.6,43.5,43.9,43.5,23.68,27.82,31.15,-0.27,-0.21,-0.07,45.16,44.29,43.41,14,13,1.06,13.12,10.51,3.0,6.88,2026-05-21,2026-05-21 08:16:34
7768,頌勝科技,374.0,377.0,377.0,360.5,60.5,39.94,40.56,-16.29,-13.68,-2.61,474.53,393.48,312.42,183,253,0.73,262.04,128.08,3.45,0.92,2026-05-21,2026-05-21 08:16:35
7769,鴻勁,7675.0,7325.0,7675.0,7325.0,66.59,67.78,78.92,716.44,632.05,84.39,8005.15,6057.5,4109.85,337,566,0.6,13809.63,101.82,22.5,0.29,2026-05-21,2026-05-21 08:16:36
7770,君曜,42.0,40.25,43.0,40.25,23.42,26.2,26.03,-1.73,-1.06,-0.67,51.73,46.58,41.43,20,15,1.31,12.63,14.09,4.0,9.52,2026-05-21,2026-05-21 08:16:38
7772,耀穎,150.5,151.0,156.5,150.0,14.36,13.43,14.49,-5.2,5.45,-10.65,271.13,197.12,123.12,219,481,0.46,,,1.5,1.0,2026-05-21,2026-05-21 08:16:39
7777,能率亞洲,32.85,33.2,34.35,32.75,62.26,68.27,68.4,1.75,1.32,0.43,36.08,30.04,24.0,1675,6606,0.25,59.95,56.64,,,2026-05-21,2026-05-21 08:16:41
7780,大研生醫*,18.5,18.5,18.65,18.4,43.25,31.77,50.0,-0.46,-0.54,0.08,19.22,18.54,17.87,1047,1626,0.64,149.85,370.0,0.34,1.84,2026-05-21,2026-05-21 08:16:42
7782,光速火箭,26.75,26.65,27.0,26.65,49.49,42.29,53.52,0.05,0.15,-0.11,28.2,27.1,26.0,7,19,0.39,6.17,12.62,5.03,18.8,2026-05-21,2026-05-21 08:16:43
7786,東方風能,117.0,115.0,117.5,115.0,11.63,21.53,20.0,-4.83,-2.59,-2.24,147.42,130.97,114.53,196,278,0.71,205.17,10.68,2.0,1.71,2026-05-21,2026-05-21 08:16:44
7788,松川精密,185.0,190.5,193.5,183.0,48.17,62.76,60.34,10.5,9.85,0.65,213.51,181.12,148.74,1274,2054,0.62,147.53,50.96,2.5,1.35,2026-05-21,2026-05-21 08:16:45
7791,皇家可口,63.3,62.9,63.8,62.9,27.57,23.11,28.57,-0.72,-0.66,-0.07,65.69,64.12,62.55,62,52,1.2,50.64,11.3,3.81,6.02,2026-05-21,2026-05-21 08:16:46
7792,安葆,267.0,274.5,274.5,264.0,4.8,5.71,3.66,-19.01,-11.41,-7.6,384.63,319.23,253.82,180,280,0.64,124.59,30.62,9.0,3.37,2026-05-21,2026-05-21 08:16:48
7794,宏碁智新,28.85,28.8,28.85,28.8,7.4,5.67,6.84,-3.71,-3.87,0.16,36.5,31.81,27.11,40,48,0.82,,7.88,,,2026-05-21,2026-05-21 08:16:49
7795,長廣,379.5,349.5,379.5,349.0,29.53,22.37,43.53,-7.63,-4.77,-2.86,420.81,378.02,335.24,632,360,1.75,299.15,122.03,2.15,0.57,2026-05-21,2026-05-21 08:16:50
7799,禾榮科,317.0,310.0,320.0,308.0,17.32,10.99,25.68,-21.12,-18.33,-2.78,406.58,346.3,286.02,186,284,0.65,500.85,33.12,,,2026-05-21,2026-05-21 08:16:51
7805,威聯通,718.0,713.0,728.0,713.0,31.36,34.69,61.19,6.96,9.39,-2.43,739.1,710.65,682.2,139,115,1.21,237.84,16.23,40.0,5.57,2026-05-21,2026-05-21 08:16:54
7810,捷創科技,226.0,229.5,233.0,225.5,42.3,55.49,53.57,0.88,0.25,0.63,249.77,227.28,204.78,168,290,0.58,45.77,36.39,4.0,1.77,2026-05-21,2026-05-21 08:16:55
7811,民盛,77.7,77.5,78.0,77.5,35.86,38.2,24.43,-3.49,-3.66,0.17,87.27,81.87,76.48,9,29,0.3,25.93,9.62,6.0,7.72,2026-05-21,2026-05-21 08:16:56
7820,立盈,135.0,134.5,135.0,134.0,12.33,15.94,46.09,-10.98,-10.66,-0.33,180.91,146.68,112.44,30,55,0.55,50.99,77.59,1.5,1.11,2026-05-21,2026-05-21 08:16:59
7821,神數,43.9,43.6,44.2,43.45,24.24,18.81,14.81,-3.89,-4.4,0.51,48.62,45.17,41.73,190,184,1.03,53.52,15.3,2.0,4.56,2026-05-21,2026-05-21 08:17:00
7822,倍利科,1055.0,1065.0,1090.0,1050.0,10.12,13.18,30.95,-108.8,-89.0,-19.79,1465.79,1247.0,1028.21,182,284,0.64,480.67,75.14,,,2026-05-21,2026-05-21 08:17:01
7823,奧義賽博-KY創,109.0,107.5,111.0,106.5,88.34,85.15,80.28,5.76,3.63,2.13,109.54,90.59,71.64,84,128,0.66,36.51,,,,2026-05-21,2026-05-21 08:17:02
7828,創新服務,1060.0,1075.0,1095.0,1050.0,28.56,39.06,39.63,-52.6,-28.57,-24.03,1397.37,1221.25,1045.13,264,318,0.83,429.24,171.52,5.0,0.47,2026-05-21,2026-05-21 08:17:03
7842,天能綠電,102.0,103.5,103.5,100.5,7.56,8.79,6.56,-14.76,-10.72,-4.04,184.83,135.18,85.52,47,100,0.47,18.62,25.5,3.2,3.14,2026-05-21,2026-05-21 08:17:04
7846,德揚,84.0,82.9,84.8,80.9,17.84,14.59,18.08,0.53,2.75,-2.21,101.17,90.87,80.56,55,21,2.61,28.91,57.53,1.0,1.19,2026-05-21,2026-05-21 08:17:06
7890,明曜科技,114.5,115.5,115.5,112.5,28.86,33.74,38.57,-0.5,1.0,-1.5,131.91,120.83,109.74,28,18,1.56,,,,,2026-05-21,2026-05-21 08:17:07
8011,台通,18.05,18.0,18.4,18.0,19.83,15.12,34.88,-0.65,-0.53,-0.12,20.77,19.05,17.33,2477,2103,1.18,29.95,13.88,1.4,7.76,2026-05-21,2026-05-21 08:17:08
8016,矽創,297.5,292.5,300.0,287.5,80.76,78.24,76.06,19.78,17.49,2.29,308.29,256.15,204.01,3062,3186,0.96,350.05,20.47,12.0,4.03,2026-05-21,2026-05-21 08:17:09
8021,尖點,384.0,378.5,389.0,372.5,24.65,36.47,47.32,13.93,26.75,-12.83,488.24,421.57,354.91,10056,12711,0.79,556.96,141.7,1.2,0.31,2026-05-21,2026-05-21 08:17:10
8024,佑華,12.35,12.45,12.5,12.1,33.08,25.54,37.04,-0.18,-0.16,-0.02,12.93,12.45,11.97,81,92,0.89,5.58,,,,2026-05-21,2026-05-21 08:17:12
8027,鈦昇,241.5,245.5,263.0,238.0,61.12,73.84,65.0,28.2,27.01,1.19,291.35,212.07,132.8,12009,8448,1.42,258.23,,,,2026-05-21,2026-05-21 08:17:13
8028,昇陽半導體,267.5,269.0,281.5,263.5,66.46,67.22,59.41,16.42,15.33,1.09,281.71,246.05,210.39,12447,19494,0.64,468.88,63.84,2.8,1.05,2026-05-21,2026-05-21 08:17:14
8032,光菱,42.2,41.4,42.25,41.25,43.12,46.11,53.18,1.3,1.42,-0.12,44.99,40.64,36.29,112,117,0.96,21.86,19.45,1.1,2.61,2026-05-21,2026-05-21 08:17:15
8033,雷虎,135.5,134.5,137.0,133.0,13.71,12.72,42.31,-2.82,-1.2,-1.62,161.01,144.72,128.43,2677,3981,0.67,209.65,237.72,,,2026-05-21,2026-05-21 08:17:16
8034,榮群,24.1,24.0,24.3,24.0,19.2,22.04,52.08,-0.17,-0.13,-0.04,25.15,24.12,23.1,276,290,0.95,13.55,17.09,1.8,7.47,2026-05-21,2026-05-21 08:17:18
8038,長園科,40.9,40.6,41.2,40.6,22.61,20.12,42.86,-0.53,-0.16,-0.38,45.91,42.69,39.47,171,227,0.75,25.47,44.46,,,2026-05-21,2026-05-21 08:17:19
8039,台虹,139.0,130.0,139.0,129.5,27.68,32.21,51.8,1.81,3.2,-1.4,147.49,137.82,128.16,7973,16980,0.47,366.5,68.14,2.5,1.8,2026-05-21,2026-05-21 08:17:20
8040,九暘,108.5,99.7,108.5,96.3,88.8,79.88,83.01,10.03,8.1,1.93,102.63,80.72,58.8,9354,5677,1.65,104.61,,,,2026-05-21,2026-05-21 08:17:22
8042,金山電,125.0,120.0,128.0,120.0,87.37,84.36,86.89,14.8,11.1,3.71,130.38,84.36,38.33,1376,1718,0.8,161.83,140.45,1.2,0.96,2026-05-21,2026-05-21 08:17:23
8043,蜜望實,125.5,118.0,125.5,117.5,86.54,80.31,73.62,9.78,7.09,2.69,124.02,97.11,70.2,27285,27598,0.99,100.28,75.15,0.8,0.64,2026-05-21,2026-05-21 08:17:24
8044,網家,28.8,28.5,29.9,28.1,83.39,72.24,76.17,0.97,0.3,0.67,28.06,24.09,20.12,4162,3423,1.22,58.87,,,,2026-05-21,2026-05-21 08:17:26
8045,達運光電,72.2,71.7,73.3,71.7,39.56,32.61,47.47,-1.07,-0.92,-0.15,77.1,73.47,69.84,148,250,0.59,68.62,112.81,1.0,1.39,2026-05-21,2026-05-21 08:17:27
8046,南電,872.0,885.0,903.0,862.0,30.96,23.67,35.19,28.18,49.43,-21.25,1025.1,888.5,751.9,18703,13837,1.35,5634.56,292.62,1.0,0.11,2026-05-21,2026-05-21 08:17:28
8047,星雲,45.85,42.3,45.85,42.3,16.05,20.33,30.93,-2.1,-0.86,-1.23,60.83,52.69,44.56,188,127,1.48,19.1,,,,2026-05-21,2026-05-21 08:17:29
8048,德勝,61.0,61.0,62.0,61.0,23.65,30.29,48.15,0.07,0.43,-0.37,65.17,62.29,59.4,232,385,0.6,35.2,23.02,2.2,3.61,2026-05-21,2026-05-21 08:17:31
8049,晶采,26.45,26.0,26.7,26.0,56.96,54.45,70.69,0.18,0.09,0.09,26.33,25.57,24.82,411,246,1.67,31.29,15.56,2.0,7.56,2026-05-21,2026-05-21 08:17:32
8050,廣積,51.3,51.8,52.0,50.9,83.59,80.13,80.56,2.27,1.71,0.57,52.27,45.56,38.84,1290,1593,0.81,102.19,36.64,3.18,6.2,2026-05-21,2026-05-21 08:17:33
8054,安國,109.5,109.0,111.5,106.5,51.24,33.69,56.14,0.15,0.08,0.07,113.3,106.15,99.0,3193,3442,0.93,115.82,,,,2026-05-21,2026-05-21 08:17:35
8058,耐特,103.0,102.0,104.0,99.7,34.74,25.49,22.73,-5.14,-3.08,-2.06,132.19,112.1,92.0,228,450,0.51,,,1.3,1.26,2026-05-21,2026-05-21 08:17:36
8059,凱碩,18.45,18.5,18.8,18.3,10.79,13.16,30.97,-0.3,0.06,-0.36,22.78,20.24,17.69,238,306,0.78,35.8,,,,2026-05-21,2026-05-21 08:17:37
8064,東捷,120.5,123.5,130.5,119.5,60.51,68.49,58.38,12.57,12.35,0.22,143.89,109.33,74.76,19146,8609,2.22,222.71,88.6,,,2026-05-21,2026-05-21 08:17:39
8066,來思達,17.35,16.45,18.0,16.45,45.74,29.76,43.9,-0.51,-0.53,0.02,18.62,17.16,15.7,156,86,1.81,6.36,,,,2026-05-21,2026-05-21 08:17:40
8067,志旭,14.85,13.75,14.95,13.7,80.48,65.45,70.53,-0.01,-0.23,0.22,14.16,13.07,11.99,84,19,4.26,3.07,,,,2026-05-21,2026-05-21 08:17:41
8068,全達,20.55,20.6,20.85,20.5,9.42,11.96,25.98,-0.6,-0.21,-0.39,25.3,22.53,19.76,216,305,0.71,16.6,16.84,,,2026-05-21,2026-05-21 08:17:43
8069,元太,230.5,232.0,236.0,228.0,90.9,87.61,86.9,20.87,13.84,7.03,251.0,175.75,100.5,5358,6774,0.79,2656.21,25.36,4.99,2.16,2026-05-21,2026-05-21 08:17:44
8070,長華*,44.15,43.5,44.75,43.3,15.27,17.0,29.35,-0.7,-0.06,-0.64,50.56,46.57,42.59,2650,3552,0.75,310.96,43.28,1.39,3.15,2026-05-21,2026-05-21 08:17:45
8071,能率網通,19.9,19.7,20.25,19.6,69.81,71.41,69.23,0.92,0.55,0.36,20.76,17.45,14.14,1237,3826,0.32,11.96,,,,2026-05-21,2026-05-21 08:17:48
8072,陞泰,27.6,27.3,28.05,27.3,35.54,27.31,51.33,-0.35,-0.27,-0.08,29.4,27.88,26.36,226,201,1.12,22.08,24.86,1.0,3.62,2026-05-21,2026-05-21 08:17:49
8074,鉅橡,74.5,74.0,75.4,73.6,22.36,26.13,43.51,1.53,3.17,-1.65,89.95,78.43,66.9,1306,2096,0.62,60.33,55.6,1.1,1.48,2026-05-21,2026-05-21 08:17:50
8076,伍豐,24.05,23.9,24.2,23.8,40.04,50.18,62.14,0.13,0.08,0.05,25.18,23.36,21.54,936,1111,0.84,70.28,171.79,1.1,4.57,2026-05-21,2026-05-21 08:17:52
8077,洛碁,44.8,43.35,44.8,43.35,72.56,69.22,61.57,0.06,-0.16,0.22,44.41,42.01,39.62,10,3,3.27,9.83,7.43,2.0,4.46,2026-05-21,2026-05-21 08:17:53
8080,泰霖,28.0,28.55,28.55,27.35,23.98,19.96,47.27,-0.42,-0.33,-0.09,29.76,28.35,26.94,25,58,0.43,18.81,233.33,,,2026-05-21,2026-05-21 08:17:54
8081,致新,274.0,276.5,283.0,272.0,62.02,56.85,63.16,7.09,6.24,0.86,275.47,259.35,243.23,1924,2344,0.82,234.78,15.45,16.0,5.84,2026-05-21,2026-05-21 08:17:55
8083,瑞穎,170.5,169.0,170.5,168.0,24.57,23.63,32.26,-0.74,0.11,-0.85,179.56,174.05,168.54,131,60,2.16,59.9,17.45,10.0,5.87,2026-05-21,2026-05-21 08:17:57
8084,巨虹,43.1,43.5,43.8,42.55,27.88,33.01,37.04,-0.73,-0.72,-0.01,45.91,43.92,41.94,50,39,1.27,29.96,,,,2026-05-21,2026-05-21 08:17:58
8085,福華,11.55,11.4,11.6,11.3,27.48,20.86,35.71,-0.87,-0.89,0.02,13.84,12.35,10.86,292,489,0.6,16.17,,,,2026-05-21,2026-05-21 08:18:00
8086,宏捷科,149.0,146.0,151.0,145.0,23.92,30.09,55.21,2.45,4.11,-1.66,165.14,148.78,132.41,3699,4577,0.81,292.81,44.48,1.19,0.8,2026-05-21,2026-05-21 08:18:01
8087,麗升能源,34.15,34.3,36.5,34.15,52.05,50.99,51.9,0.1,0.02,0.07,35.02,33.69,32.36,58,79,0.74,13.04,,1.0,2.93,2026-05-21,2026-05-21 08:18:02
8088,品安,54.1,52.5,55.6,52.2,26.1,33.95,57.09,0.37,0.51,-0.14,57.22,53.13,49.04,3516,2143,1.64,32.96,32.01,0.5,0.92,2026-05-21,2026-05-21 08:18:04
8089,康全電訊,20.35,20.0,20.5,20.0,19.64,21.0,52.46,-0.57,-0.59,0.02,21.75,20.63,19.51,148,168,0.88,13.43,,1.25,6.14,2026-05-21,2026-05-21 08:18:06
8091,翔名,246.0,254.0,257.0,240.5,79.83,79.97,71.77,20.9,15.52,5.38,264.2,205.47,146.75,932,3169,0.29,129.79,44.32,4.5,1.83,2026-05-21,2026-05-21 08:18:07
8093,保銳,18.05,18.4,18.5,18.05,33.77,40.67,40.17,-0.35,-0.21,-0.13,20.29,19.19,18.08,25,21,1.19,6.6,,,,2026-05-21,2026-05-21 08:18:10
8096,擎亞,108.0,108.5,113.5,106.5,69.11,62.31,80.72,4.1,3.04,1.06,108.2,96.5,84.79,21675,26087,0.83,161.29,122.73,0.5,0.46,2026-05-21,2026-05-21 08:18:12
8097,常珵,57.0,57.0,57.3,56.1,78.06,70.3,78.5,0.63,-0.12,0.75,56.85,52.76,48.67,63,132,0.48,34.66,,,,2026-05-21,2026-05-21 08:18:13
8098,慶康科技,379.5,387.0,390.0,371.5,27.37,28.57,44.19,2.36,7.8,-5.44,416.49,386.52,356.56,36,49,0.75,48.02,25.75,9.0,2.37,2026-05-21,2026-05-21 08:18:16
8099,大世科,60.1,61.4,61.5,59.7,43.81,34.32,24.05,-1.32,-1.1,-0.22,67.12,62.39,57.65,73,115,0.64,60.14,23.85,0.71,1.18,2026-05-21,2026-05-21 08:18:17
8101,華冠,13.0,13.0,13.0,13.0,51.7,51.21,56.12,-0.16,-0.26,0.1,13.71,12.9,12.09,1,4,0.23,6.43,13.83,,,2026-05-21,2026-05-21 08:18:18
8102,傑霖科技,65.2,65.5,65.6,61.5,25.27,17.16,43.04,-0.06,1.0,-1.05,74.06,66.85,59.64,21,25,0.82,15.23,29.24,1.9,2.91,2026-05-21,2026-05-21 08:18:19
8103,瀚荃,103.5,105.0,107.0,103.0,16.17,17.88,22.78,1.27,3.98,-2.71,131.84,113.8,95.76,1331,1542,0.86,80.74,26.54,5.13,4.96,2026-05-21,2026-05-21 08:18:20
8104,錸寶,34.5,34.25,34.95,34.0,28.34,28.59,56.98,-0.19,-0.13,-0.05,35.42,34.24,33.06,745,627,1.19,35.9,98.57,0.1,0.29,2026-05-21,2026-05-21 08:18:21
8105,凌巨,16.45,15.75,16.65,15.75,71.37,69.11,76.03,0.67,0.47,0.2,16.79,14.37,11.94,7683,7122,1.08,72.63,74.77,,,2026-05-21,2026-05-21 08:18:22
8107,大億金茂,11.6,11.95,11.95,11.6,25.8,18.09,20.0,-0.41,-0.39,-0.03,13.52,12.23,10.93,52,52,1.01,8.7,,1.0,8.62,2026-05-21,2026-05-21 08:18:24
8109,博大,127.5,130.5,134.5,124.0,54.91,39.84,64.62,2.77,2.66,0.11,127.78,119.53,111.27,1412,547,2.58,104.19,20.7,4.5,3.53,2026-05-21,2026-05-21 08:18:25
8110,華東,47.05,47.2,47.9,46.9,23.64,34.45,54.98,-0.62,-0.52,-0.11,52.75,48.44,44.12,4560,7967,0.57,237.95,19.05,0.2,0.43,2026-05-21,2026-05-21 08:18:26
8111,立碁,62.5,62.2,63.1,61.9,18.61,16.75,30.29,-1.71,-0.86,-0.86,73.38,66.65,59.91,864,1362,0.63,68.19,164.47,0.9,1.44,2026-05-21,2026-05-21 08:18:28
8112,至上,85.5,85.0,85.9,84.7,45.32,39.28,57.42,0.33,0.57,-0.24,89.27,84.61,79.95,17970,22081,0.81,446.56,18.0,3.35,3.92,2026-05-21,2026-05-21 08:18:29
8114,振樺電,242.0,248.0,248.0,235.0,63.27,62.44,71.17,14.71,11.8,2.91,255.09,205.07,155.06,633,959,0.66,184.63,13.3,7.76,3.21,2026-05-21,2026-05-21 08:18:30
8119,公信,10.6,10.9,10.95,10.5,23.85,21.11,34.15,-0.2,0.14,-0.34,14.83,12.04,9.26,220,305,0.72,6.74,,,,2026-05-21,2026-05-21 08:18:31
8121,越峰,37.35,36.5,38.7,36.0,67.45,65.04,67.74,2.26,2.0,0.26,38.25,31.55,24.86,4998,2832,1.76,79.55,,,,2026-05-21,2026-05-21 08:18:33
8131,福懋科,62.2,62.0,62.4,61.5,24.12,27.23,52.08,-0.12,0.56,-0.68,72.39,64.42,56.44,2362,3512,0.67,275.06,45.74,1.45,2.33,2026-05-21,2026-05-21 08:18:34
8147,正淩,175.0,186.0,188.0,173.5,60.57,66.16,53.98,8.16,7.99,0.16,192.04,171.1,150.16,1090,1727,0.63,71.89,60.76,1.99,1.14,2026-05-21,2026-05-21 08:18:35
8150,南茂,75.9,76.5,78.6,75.9,12.63,25.23,55.42,2.96,4.79,-1.83,98.06,79.69,61.31,13770,17515,0.79,527.82,60.72,1.23,1.62,2026-05-21,2026-05-21 08:18:36
8155,博智,413.0,403.0,416.0,402.0,33.45,29.91,49.12,18.24,27.14,-8.9,461.42,415.2,368.98,1565,1701,0.92,250.66,68.38,3.8,0.92,2026-05-21,2026-05-21 08:18:37
8162,微矽電子-創,55.3,54.5,56.4,54.3,49.19,47.51,63.53,2.66,3.0,-0.34,57.35,53.14,48.94,575,454,1.27,37.99,35.45,1.0,1.81,2026-05-21,2026-05-21 08:18:39
8163,達方,35.55,33.85,36.3,33.85,78.2,74.51,85.6,1.59,0.95,0.65,35.33,29.65,23.98,12213,9019,1.35,98.12,69.71,2.0,5.63,2026-05-21,2026-05-21 08:18:40
8171,天宇,23.35,23.35,23.75,23.35,36.62,43.2,52.74,-0.21,-0.32,0.11,24.51,23.19,21.87,115,171,0.67,26.09,11.45,,,2026-05-21,2026-05-21 08:18:41
8176,智捷,9.98,10.1,10.1,9.94,14.97,20.33,38.57,-0.23,-0.22,-0.01,10.7,10.29,9.88,127,177,0.72,6.92,24.95,,,2026-05-21,2026-05-21 08:18:42
8182,加高,37.6,37.4,38.8,37.35,43.21,30.39,51.33,0.68,1.18,-0.5,41.47,37.34,33.21,2397,1715,1.4,40.25,85.45,2.0,5.32,2026-05-21,2026-05-21 08:18:44
8183,精星,30.8,30.75,31.4,30.75,18.15,11.51,33.56,-1.27,-1.0,-0.27,37.55,32.87,28.19,387,374,1.03,37.19,12.94,1.3,4.22,2026-05-21,2026-05-21 08:18:45
8201,無敵,13.05,12.7,13.15,12.45,51.62,33.56,55.81,-0.16,-0.17,0.02,13.4,12.75,12.1,120,92,1.31,8.14,,,,2026-05-21,2026-05-21 08:18:46
8210,勤誠,1335.0,1340.0,1345.0,1295.0,30.3,47.24,62.58,90.36,108.94,-18.58,1599.28,1308.0,1016.72,1316,1269,1.04,1673.01,47.01,7.49,0.56,2026-05-21,2026-05-21 08:18:47
8213,志超,37.7,37.4,37.85,37.2,21.11,26.74,56.12,0.42,0.7,-0.28,40.63,37.76,34.89,716,886,0.81,99.66,16.76,1.38,3.66,2026-05-21,2026-05-21 08:18:48
8215,明基材,27.8,27.1,27.95,26.8,29.98,27.22,57.3,0.52,0.71,-0.18,30.05,27.01,23.98,2222,2452,0.91,89.15,15.53,0.62,2.23,2026-05-21,2026-05-21 08:18:49
8222,寶一,36.35,35.7,36.6,35.7,27.56,24.54,55.66,-0.24,-0.2,-0.03,38.03,36.11,34.2,435,468,0.93,24.93,66.09,0.7,1.93,2026-05-21,2026-05-21 08:18:50
8227,巨有科技,206.5,202.0,208.5,201.5,30.46,42.69,70.19,16.11,17.31,-1.2,236.24,187.62,139.01,658,707,0.93,81.66,100.24,1.6,0.77,2026-05-21,2026-05-21 08:18:52
8234,新漢,67.6,66.5,68.1,66.3,21.38,26.27,51.28,0.97,1.5,-0.52,75.99,68.27,60.55,603,1417,0.43,95.47,173.33,0.6,0.89,2026-05-21,2026-05-21 08:18:53
8240,華宏,63.1,62.7,64.0,62.2,24.06,25.55,42.98,0.59,1.91,-1.32,74.83,67.56,60.29,613,1300,0.47,63.1,29.35,1.6,2.54,2026-05-21,2026-05-21 08:18:56
8249,菱光,52.2,51.1,52.2,51.1,48.98,46.98,57.97,0.36,-0.05,0.4,53.17,49.82,46.47,1012,2910,0.35,70.46,13.12,2.02,3.87,2026-05-21,2026-05-21 08:18:57
8255,朋程,154.5,157.0,160.0,154.5,74.54,67.32,68.69,5.81,5.06,0.75,158.69,142.9,127.11,2032,2426,0.84,157.28,25.25,4.19,2.71,2026-05-21,2026-05-21 08:18:58
8261,富鼎,150.0,149.0,156.0,143.5,78.46,73.12,77.39,8.17,6.53,1.64,148.99,128.47,107.96,19857,10549,1.88,178.32,26.36,3.19,2.13,2026-05-21,2026-05-21 08:18:59
8271,宇瞻,220.0,223.0,224.0,216.5,20.19,34.05,50.0,11.45,17.28,-5.84,265.83,232.1,198.37,2977,3750,0.79,,10.99,2.21,1.0,2026-05-21,2026-05-21 08:19:00
8272,全景軟體,70.2,70.2,71.6,69.5,24.6,34.88,50.46,-0.04,0.13,-0.17,77.47,71.86,66.25,36,14,2.49,13.34,15.26,2.4,3.42,2026-05-21,2026-05-21 08:19:02
8277,商丞,6.98,6.95,7.07,6.63,39.98,33.1,26.19,-0.23,-0.24,0.02,7.78,7.05,6.32,220,148,1.48,6.4,,,,2026-05-21,2026-05-21 08:19:03
8279,生展,97.5,97.0,98.4,97.0,30.51,23.67,44.87,-2.42,-2.78,0.36,103.83,98.49,93.16,21,12,1.75,26.42,9.74,5.0,5.13,2026-05-21,2026-05-21 08:19:04
8284,三竹,63.7,63.5,63.7,63.5,37.06,35.47,47.37,-0.04,0.01,-0.05,64.39,63.71,63.03,8,64,0.13,30.16,13.5,4.0,6.28,2026-05-21,2026-05-21 08:19:06
8289,泰藝,60.8,56.3,60.8,55.9,78.85,71.05,72.62,3.76,3.3,0.46,60.04,50.45,40.86,10392,5177,2.01,41.55,1520.0,0.15,0.25,2026-05-21,2026-05-21 08:19:07
8291,尚茂,82.9,82.9,82.9,82.9,99.97,99.8,100.0,14.92,10.12,4.79,81.41,39.0,-3.41,183,166,1.1,14.49,,,,2026-05-21,2026-05-21 08:19:09
8298,威睿,50.0,50.0,50.0,48.7,28.02,25.51,51.88,0.64,1.29,-0.65,54.81,50.38,45.95,11,57,0.19,12.82,21.01,0.2,0.4,2026-05-21,2026-05-21 08:19:10
8299,群聯,2335.0,2380.0,2425.0,2305.0,35.42,57.21,60.64,185.06,206.7,-21.65,3016.49,2288.75,1561.01,7636,9532,0.8,5162.36,58.91,31.31,1.34,2026-05-21,2026-05-21 08:19:11
8329,台視,10.15,10.2,10.55,10.15,18.05,24.29,41.03,-0.06,-0.02,-0.05,10.88,10.44,10.0,14,25,0.54,28.48,7.81,0.75,7.39,2026-05-21,2026-05-21 08:19:13
8341,日友,76.7,76.1,76.7,75.8,49.0,53.47,71.74,0.17,0.01,0.16,77.08,75.46,73.85,192,210,0.91,99.71,17.2,3.8,4.95,2026-05-21,2026-05-21 08:19:14
8342,益張,90.3,92.3,92.4,89.2,55.7,50.05,61.46,0.43,0.24,0.19,92.47,89.37,86.27,6,2,2.31,30.28,15.15,5.0,5.54,2026-05-21,2026-05-21 08:19:15
8345,超秦,54.1,54.1,55.0,54.1,24.54,33.79,38.96,-0.03,0.13,-0.15,56.54,55.1,53.67,10,19,0.53,28.13,13.56,1.0,1.85,2026-05-21,2026-05-21 08:19:16
8349,恒耀,41.5,41.6,42.15,41.5,18.08,17.08,24.66,-0.62,-0.27,-0.35,47.49,43.57,39.65,101,102,0.99,84.63,21.61,1.82,4.39,2026-05-21,2026-05-21 08:19:18
8354,冠好,16.45,16.1,16.5,16.1,45.48,50.27,55.08,0.16,0.17,-0.0,17.7,16.25,14.79,55,95,0.58,12.92,117.5,0.6,3.65,2026-05-21,2026-05-21 08:19:19
8358,金居,498.0,485.0,498.0,480.0,67.68,57.0,67.46,35.04,36.19,-1.14,514.16,421.45,328.74,4726,4140,1.14,1257.41,117.73,1.5,0.3,2026-05-21,2026-05-21 08:19:21
8359,錢櫃,65.3,65.1,65.6,64.6,64.92,51.52,36.51,-0.85,-0.76,-0.09,70.19,66.45,62.71,37,38,0.98,89.13,11.79,6.0,9.19,2026-05-21,2026-05-21 08:19:22
8367,建新國際,41.4,41.55,41.55,41.2,43.05,36.72,33.33,-0.34,-0.27,-0.06,43.01,42.14,41.26,38,39,0.98,38.16,10.92,2.85,6.88,2026-05-21,2026-05-21 08:19:23
8374,羅昇,99.1,97.1,101.5,96.6,57.91,67.83,63.81,6.1,5.29,0.81,109.29,90.15,71.0,3356,6060,0.55,111.24,,0.45,0.45,2026-05-21,2026-05-21 08:19:24
8383,千附,56.6,55.6,56.8,55.2,35.0,19.75,38.02,-0.19,1.06,-1.25,69.61,60.17,50.74,1224,1016,1.2,63.85,16.75,2.5,4.42,2026-05-21,2026-05-21 08:19:26
8390,金益鼎,120.0,115.0,120.0,113.0,75.62,79.44,81.92,7.15,4.81,2.35,127.41,99.74,72.07,1404,2095,0.67,115.34,18.26,2.5,2.08,2026-05-21,2026-05-21 08:19:27
8401,白紗科,23.0,23.0,23.0,22.8,12.34,15.09,20.41,-0.47,-0.38,-0.09,25.07,24.07,23.06,71,83,0.85,16.25,8.78,1.2,5.22,2026-05-21,2026-05-21 08:19:28
8403,盛弘,20.05,20.15,20.2,19.85,23.75,15.37,20.41,-0.62,-0.57,-0.06,22.59,20.88,19.16,174,276,0.63,27.6,19.47,0.5,2.49,2026-05-21,2026-05-21 08:19:30
8404,百和興業-KY,16.6,16.4,16.6,16.3,15.41,16.51,47.06,-0.47,-0.52,0.05,17.47,16.82,16.17,368,427,0.86,69.71,11.69,0.15,0.9,2026-05-21,2026-05-21 08:19:31
8409,商之器,19.45,18.95,19.5,18.95,19.78,13.53,31.58,-0.34,-0.32,-0.02,20.38,19.57,18.77,28,11,2.39,6.22,81.04,,,2026-05-21,2026-05-21 08:19:32
8410,森田,35.15,34.4,35.2,34.4,30.75,30.98,22.22,-0.49,-0.28,-0.21,37.93,36.25,34.56,17,46,0.37,12.86,10.85,3.0,8.53,2026-05-21,2026-05-21 08:19:33
8411,福貞-KY,12.0,11.9,12.0,11.9,26.02,38.35,42.42,-0.07,-0.03,-0.03,12.45,12.17,11.89,40,67,0.6,26.21,21.43,0.05,0.42,2026-05-21,2026-05-21 08:19:34
8415,大國鋼,36.25,36.45,36.55,35.85,86.23,79.51,83.12,0.55,0.31,0.24,36.3,34.52,32.75,1539,1415,1.09,363.59,11.89,1.5,4.14,2026-05-21,2026-05-21 08:19:37
8416,實威,174.0,173.5,174.0,172.0,31.83,35.31,67.86,0.66,0.65,0.01,175.81,172.4,168.99,8,6,1.27,49.09,12.95,8.0,4.6,2026-05-21,2026-05-21 08:19:38
8421,旭源,13.6,13.6,13.65,13.6,35.42,39.6,50.0,0.01,0.02,-0.01,13.81,13.63,13.45,41,45,0.92,7.28,,,,2026-05-21,2026-05-21 08:19:41
8422,可寧衛*,26.3,25.9,26.4,25.85,16.78,13.89,36.45,-0.91,-0.78,-0.14,29.56,27.43,25.3,5704,7656,0.74,298.98,23.69,0.99,3.76,2026-05-21,2026-05-21 08:19:42
8423,保綠-KY,17.85,17.75,18.0,17.75,27.5,26.53,44.44,-0.14,-0.14,0.01,18.28,17.93,17.58,20,24,0.82,7.45,24.45,0.6,3.36,2026-05-21,2026-05-21 08:19:43
8424,惠普,73.0,73.2,74.0,72.8,27.32,27.01,11.11,-0.35,-0.25,-0.1,74.97,73.87,72.77,49,21,2.33,26.32,12.63,4.4,6.03,2026-05-21,2026-05-21 08:19:44
8426,紅木-KY,22.4,22.45,22.8,22.3,54.73,37.53,38.93,-0.73,-0.76,0.03,24.91,22.92,20.92,55,140,0.4,11.25,12.11,2.5,11.16,2026-05-21,2026-05-21 08:19:46
8429,金麗-KY,6.14,6.05,6.14,6.03,13.72,11.64,22.5,-0.19,-0.16,-0.02,6.8,6.39,5.99,206,261,0.79,11.4,51.17,,,2026-05-21,2026-05-21 08:19:48
8431,匯鑽科,57.6,58.3,58.7,57.5,16.04,15.65,24.04,-1.94,-1.52,-0.42,67.34,61.32,55.3,693,644,1.08,28.1,,0.09,0.16,2026-05-21,2026-05-21 08:19:49
8432,東生華,51.0,50.3,51.1,49.95,68.38,52.71,57.26,-0.27,-0.42,0.15,51.73,50.35,48.98,56,31,1.78,19.58,14.09,2.12,4.16,2026-05-21,2026-05-21 08:19:51
8433,弘帆,53.2,52.6,53.5,52.6,23.81,19.02,34.55,-0.89,-0.75,-0.13,56.0,53.99,51.98,50,27,1.81,29.0,17.44,4.2,7.89,2026-05-21,2026-05-21 08:19:52
8435,鉅邁,55.8,55.8,55.9,55.7,45.31,41.22,53.33,-0.2,-0.23,0.03,56.57,55.93,55.29,15,11,1.36,19.64,14.31,3.2,5.73,2026-05-21,2026-05-21 08:19:53
8436,大江,120.0,120.5,121.0,120.0,45.24,39.0,54.55,-1.05,-1.25,0.2,122.29,119.53,116.76,296,422,0.7,132.22,13.9,10.0,8.33,2026-05-21,2026-05-21 08:19:56
8437,大地-KY,12.05,11.35,12.35,11.35,46.04,29.82,42.11,-0.35,-0.39,0.04,13.16,11.94,10.72,161,66,2.44,5.67,1.32,1.02,8.46,2026-05-21,2026-05-21 08:19:57
8438,昶昕,88.1,90.8,91.0,87.4,23.49,35.15,49.8,2.5,4.17,-1.67,103.46,91.57,79.67,576,1150,0.5,61.62,42.15,1.3,1.48,2026-05-21,2026-05-21 08:19:58
8440,綠電,22.7,22.9,23.5,22.7,52.35,53.25,57.22,0.07,-0.16,0.22,23.98,21.8,19.62,189,616,0.31,11.41,73.23,0.15,0.66,2026-05-21,2026-05-21 08:19:59
8442,威宏-KY,40.8,40.3,41.5,40.3,9.71,18.32,12.3,-3.12,-2.32,-0.8,55.77,47.51,39.25,101,190,0.53,28.63,10.15,3.0,7.35,2026-05-21,2026-05-21 08:20:00
8443,阿瘦,11.35,11.4,11.4,11.35,23.62,21.65,22.22,-0.14,-0.1,-0.04,12.09,11.69,11.29,46,21,2.23,7.58,,0.2,1.76,2026-05-21,2026-05-21 08:20:02
8444,綠河-KY,6.66,7.0,7.0,6.66,32.94,57.44,53.67,0.2,0.11,0.08,9.08,6.67,4.26,60,58,1.02,7.37,,,,2026-05-21,2026-05-21 08:20:03
8446,華研,85.5,85.8,86.3,85.2,62.33,53.82,56.18,-0.83,-1.13,0.3,86.42,84.54,82.66,106,94,1.12,45.24,8.33,8.0,9.36,2026-05-21,2026-05-21 08:20:04
8450,霹靂,15.9,16.1,16.15,15.9,39.23,27.74,36.36,-0.33,-0.33,-0.0,17.0,16.22,15.44,44,79,0.56,8.16,,,,2026-05-21,2026-05-21 08:20:06
8454,富邦媒,191.0,194.5,196.0,191.0,49.52,60.98,64.96,4.26,3.33,0.92,204.82,184.1,163.38,906,822,1.1,506.1,16.93,12.19,6.38,2026-05-21,2026-05-21 08:20:07
8455,大拓-KY,42.8,46.8,46.8,41.0,91.45,90.95,86.04,4.83,2.99,1.84,42.37,28.52,14.67,196,154,1.27,10.79,2140.0,,,2026-05-21,2026-05-21 08:20:08
8458,影一,15.65,15.0,15.65,15.0,44.97,38.98,62.57,-0.34,-0.45,0.11,16.3,14.83,13.37,11,6,1.59,5.61,,,,2026-05-21,2026-05-21 08:20:09
8462,柏文,139.5,138.5,140.0,138.5,14.36,18.5,17.24,-0.96,0.17,-1.14,152.37,145.0,137.63,69,120,0.57,110.61,16.83,4.2,3.01,2026-05-21,2026-05-21 08:20:11
8463,潤泰材,21.05,21.05,21.15,21.0,7.28,9.36,23.91,-0.49,-0.45,-0.05,22.88,21.99,21.11,58,77,0.75,31.57,11.38,1.1,5.23,2026-05-21,2026-05-21 08:20:12
8464,億豐,318.0,315.0,320.5,313.0,22.55,23.13,31.25,-11.68,-9.45,-2.23,368.54,336.7,304.86,811,1392,0.58,931.8,14.13,16.0,5.03,2026-05-21,2026-05-21 08:20:13
8466,美吉吉-KY,14.2,14.5,14.5,14.05,42.13,30.83,32.26,-0.97,-0.94,-0.03,17.35,15.31,13.27,481,366,1.31,11.28,2.6,1.2,8.45,2026-05-21,2026-05-21 08:20:14
8467,波力-KY,126.5,126.0,129.5,125.5,14.28,15.53,25.0,-6.52,-5.77,-0.75,154.57,137.45,120.33,59,23,2.55,61.19,12.83,4.06,3.21,2026-05-21,2026-05-21 08:20:15
8472,夠麻吉,72.9,70.0,72.9,70.0,69.78,55.24,65.34,-0.27,-0.58,0.31,73.04,70.36,67.67,13,15,0.84,12.93,,,,2026-05-21,2026-05-21 08:20:16
8473,山林水,40.7,41.0,41.2,39.2,80.57,61.2,74.49,0.22,-0.45,0.66,39.35,35.85,32.36,4287,1963,2.18,73.69,16.48,0.73,1.79,2026-05-21,2026-05-21 08:20:17
8476,台境*,16.1,16.05,16.25,15.95,17.94,13.03,20.0,-0.65,-0.57,-0.08,18.5,16.99,15.48,194,300,0.65,25.97,30.96,1.02,6.34,2026-05-21,2026-05-21 08:20:18
8477,創業家,16.35,15.5,16.45,15.45,53.54,59.18,66.28,0.7,0.6,0.1,17.65,14.87,12.08,68,96,0.71,10.49,,,,2026-05-21,2026-05-21 08:20:20
8478,東哥遊艇,152.0,152.0,154.5,150.5,9.39,10.33,28.0,-3.98,-2.12,-1.85,178.41,163.9,149.39,282,215,1.31,142.84,11.72,5.0,3.29,2026-05-21,2026-05-21 08:20:21
8481,政伸,40.3,40.65,40.65,40.3,32.88,22.16,39.29,-0.43,-0.41,-0.02,41.83,40.62,39.41,9,19,0.47,26.84,12.44,2.55,6.33,2026-05-21,2026-05-21 08:20:22
8482,商億-KY,48.7,48.7,48.7,48.7,40.63,38.24,43.59,-0.16,-0.08,-0.08,50.68,49.14,47.59,1,4,0.21,51.18,21.17,4.36,8.95,2026-05-21,2026-05-21 08:20:23
8487,愛爾達-創,79.2,79.0,79.2,79.0,64.07,54.0,65.67,-0.1,-0.35,0.25,79.85,78.04,76.24,6,31,0.19,21.02,19.85,5.2,6.57,2026-05-21,2026-05-21 08:20:24
8488,吉源-KY,9.69,9.8,9.8,9.52,18.7,25.82,39.07,-0.02,0.01,-0.04,10.53,10.07,9.6,76,191,0.4,7.12,,,,2026-05-21,2026-05-21 08:20:25
8489,三貝德,24.4,24.9,25.2,24.15,40.1,35.66,36.55,-0.52,-0.49,-0.03,28.26,25.82,23.38,188,228,0.82,14.61,,,,2026-05-21,2026-05-21 08:20:28
8499,鼎炫-KY,289.0,279.5,290.5,279.5,33.94,39.67,61.32,3.64,3.74,-0.1,307.93,276.4,244.87,117,145,0.81,118.97,28.59,8.06,2.79,2026-05-21,2026-05-21 08:20:29
8905,裕國,29.55,29.2,29.55,29.2,8.16,8.8,7.89,-2.76,-2.15,-0.61,44.17,35.01,25.86,2,6,0.3,34.08,48.44,1.0,3.38,2026-05-21,2026-05-21 08:20:31
8906,花王,25.8,25.4,25.8,25.4,65.56,47.71,61.54,-0.83,-1.06,0.22,27.24,25.31,23.37,48,58,0.84,10.88,,0.1,0.39,2026-05-21,2026-05-21 08:20:32
8908,欣雄,40.7,40.3,40.7,40.2,91.02,79.96,69.23,0.01,-0.19,0.21,40.97,39.76,38.56,223,151,1.47,127.55,18.93,1.5,3.69,2026-05-21,2026-05-21 08:20:34
8916,光隆,46.5,46.65,46.7,46.35,31.18,32.93,34.55,-0.27,-0.2,-0.06,48.2,47.12,46.04,57,47,1.23,69.02,18.83,3.59,7.72,2026-05-21,2026-05-21 08:20:35
8917,欣泰,53.0,52.9,53.0,52.9,37.94,35.62,54.32,-0.29,-0.37,0.08,53.93,52.77,51.61,23,30,0.76,86.21,23.77,2.2,4.15,2026-05-21,2026-05-21 08:20:37
8921,沈氏,18.3,18.35,18.35,17.8,59.61,43.64,43.1,0.11,0.13,-0.02,19.15,18.32,17.49,3,2,1.54,8.53,,0.22,1.2,2026-05-20,2026-05-21 08:20:38
8923,時報,19.6,19.6,19.6,19.6,54.44,46.58,51.43,-0.11,-0.11,0.01,19.87,19.42,18.98,3,2,1.1,5.95,20.42,0.85,4.34,2026-05-21,2026-05-21 08:20:39
8924,大田,64.2,64.4,64.7,64.0,55.45,49.4,21.52,-1.08,-0.98,-0.11,70.54,65.97,61.41,128,79,1.62,53.8,11.46,4.3,6.7,2026-05-21,2026-05-21 08:20:41
8926,台汽電,61.0,60.5,62.1,59.3,81.16,80.38,81.32,3.89,2.8,1.09,63.31,51.09,38.87,11406,12473,0.91,506.47,25.74,2.04,3.34,2026-05-21,2026-05-21 08:20:42
8927,北基,19.5,19.7,19.8,19.45,46.72,32.05,47.93,-1.0,-0.95,-0.06,23.89,20.82,17.74,269,534,0.5,82.55,55.71,0.3,1.54,2026-05-21,2026-05-21 08:20:43
8928,鉅明,21.55,21.55,21.9,21.55,47.63,45.86,45.21,-0.33,-0.45,0.12,22.59,21.55,20.52,13,59,0.23,10.96,15.28,1.7,7.89,2026-05-21,2026-05-21 08:20:45
8929,富堡,14.3,14.35,14.35,13.85,37.67,32.91,35.71,-0.29,-0.31,0.02,15.35,14.73,14.11,126,43,2.95,7.23,,,,2026-05-21,2026-05-21 08:20:46
8930,青鋼,28.4,28.5,28.6,28.4,11.46,15.24,11.9,-0.39,-0.28,-0.11,30.48,29.26,28.04,38,47,0.82,,11.88,2.2,7.75,2026-05-21,2026-05-21 08:20:47
8931,大汽電,42.0,42.05,42.3,41.5,32.71,35.42,59.65,-0.19,-0.32,0.13,42.57,41.79,41.02,30,60,0.51,51.35,22.46,2.0,4.76,2026-05-21,2026-05-21 08:20:49
8932,智通*,100.0,102.0,103.5,99.6,72.25,71.72,70.59,2.88,2.22,0.66,102.94,94.14,85.34,3435,3741,0.92,354.13,107.53,0.14,0.14,2026-05-21,2026-05-21 08:20:50
8933,愛地雅,4.45,4.38,4.51,4.3,5.0,5.01,6.67,-0.44,-0.31,-0.13,6.74,5.68,4.62,2559,1316,1.94,14.54,,,,2026-05-21,2026-05-21 08:20:52
8935,邦泰,20.25,20.6,20.65,20.0,66.02,60.3,70.19,0.26,0.07,0.19,20.3,18.97,17.64,425,1050,0.41,22.98,,,,2026-05-21,2026-05-21 08:20:53
8936,國統,50.0,49.6,50.2,49.45,13.92,16.22,49.36,-0.39,-0.28,-0.11,52.8,50.54,48.28,1123,1586,0.71,124.04,12.32,2.0,4.0,2026-05-21,2026-05-21 08:20:54
8937,合騏*,32.0,33.9,33.95,31.85,19.99,15.67,19.1,-1.35,-1.02,-0.32,39.9,34.6,29.3,912,367,2.49,135.92,,0.03,0.09,2026-05-21,2026-05-21 08:20:56
8938,明安,54.1,54.1,54.5,54.1,10.87,10.89,10.0,-1.96,-1.83,-0.13,61.28,56.84,52.4,180,181,1.0,82.09,9.0,4.0,7.39,2026-05-21,2026-05-21 08:20:57
8940,新天地,16.9,17.0,17.0,16.8,17.19,21.59,42.31,-0.3,-0.24,-0.06,18.51,17.4,16.28,37,50,0.74,11.41,30.73,,,2026-05-21,2026-05-21 08:20:58
8941,關中,44.35,44.3,44.35,44.3,65.75,64.26,51.9,-0.23,-0.29,0.06,44.93,44.39,43.85,2,4,0.52,15.51,38.23,1.5,3.38,2026-05-21,2026-05-21 08:21:00
8942,森鉅,41.85,41.5,42.05,41.5,11.65,17.71,47.53,0.23,0.66,-0.42,45.28,42.79,40.3,302,384,0.79,83.22,22.87,3.5,8.36,2026-05-21,2026-05-21 08:21:01
8996,高力,1065.0,1040.0,1075.0,1025.0,35.05,26.16,31.39,-5.66,10.4,-16.06,1259.84,1102.2,944.56,2151,2382,0.9,989.25,118.99,4.56,0.43,2026-05-21,2026-05-21 08:21:03
8999,台灣積層,38.1,36.8,38.1,36.8,96.5,88.41,48.28,0.03,-0.02,0.06,38.9,37.86,36.83,0,0,5.0,13.72,16.64,2.0,5.25,2026-05-21,2026-05-21 08:21:04
9103,美德醫療-DR,5.0,4.97,5.03,4.92,43.39,41.74,64.76,0.01,-0.03,0.04,5.08,4.79,4.5,806,1292,0.62,27.25,,,,2026-05-21,2026-05-21 08:21:05
9105,泰金寶-DR,6.14,5.85,6.14,5.77,45.58,31.89,59.72,0.03,0.02,0.01,6.06,5.77,5.49,63766,21473,2.97,641.63,34.11,0.15,2.44,2026-05-21,2026-05-21 08:21:06
9110,越南控-DR,2.52,2.62,2.67,2.5,32.94,38.07,31.87,-0.11,-0.09,-0.02,3.16,2.85,2.54,164,95,1.73,22.87,15.75,,,2026-05-21,2026-05-21 08:21:07
9136,巨騰-DR,10.7,11.4,11.45,10.6,3.15,31.95,0.0,0.26,0.51,-0.25,12.81,12.0,11.18,1873,3094,0.61,90.49,,,,2026-05-21,2026-05-21 08:21:09
9802,鈺齊-KY,75.4,76.5,76.5,75.4,16.04,25.09,44.67,-0.84,-0.53,-0.31,83.14,77.78,72.42,838,805,1.04,151.55,12.84,5.1,6.76,2026-05-21,2026-05-21 08:21:10
9902,台火,13.7,13.75,13.95,13.7,2.91,7.33,25.64,-0.25,-0.21,-0.05,14.92,14.22,13.52,127,115,1.11,13.43,,0.3,2.19,2026-05-21,2026-05-21 08:21:11
9904,寶成,25.8,25.75,25.9,25.6,31.04,40.94,51.02,-0.47,-0.58,0.11,26.59,25.95,25.32,16074,17396,0.92,760.27,6.32,1.7,6.59,2026-05-21,2026-05-21 08:21:12
9905,大華,20.7,20.8,20.9,20.45,17.05,15.29,27.59,-0.12,-0.05,-0.07,21.71,21.16,20.61,507,176,2.87,63.14,15.92,1.2,5.8,2026-05-21,2026-05-21 08:21:13
9906,欣巴巴,35.0,33.15,35.0,32.8,39.02,23.51,34.74,-1.99,-1.91,-0.08,41.07,35.86,30.65,294,292,1.01,31.63,388.89,6.5,18.57,2026-05-21,2026-05-21 08:21:14
9907,統一實,16.05,16.0,16.15,15.9,11.24,8.84,15.91,-0.54,-0.44,-0.1,18.45,17.0,15.54,2748,4881,0.56,253.45,11.8,0.97,6.04,2026-05-21,2026-05-21 08:21:15
9908,大台北,29.2,29.2,29.3,29.15,23.84,20.08,33.33,-0.18,-0.17,-0.01,29.77,29.4,29.03,197,272,0.73,146.25,16.98,1.2,4.11,2026-05-21,2026-05-21 08:21:16
9910,豐泰,69.2,70.5,70.7,69.2,18.16,26.66,46.98,-2.1,-2.28,0.18,75.14,71.22,67.3,1950,2255,0.86,683.34,13.57,5.1,7.37,2026-05-21,2026-05-21 08:21:17
9911,櫻花,82.9,82.9,83.2,82.6,29.03,29.16,47.76,-0.24,-0.26,0.02,83.91,82.68,81.45,233,180,1.29,182.44,13.26,5.0,6.03,2026-05-21,2026-05-21 08:21:19
9912,偉聯,12.4,12.6,12.6,12.4,63.12,55.05,37.04,-0.03,-0.01,-0.01,12.88,12.49,12.1,49,47,1.06,6.72,,,,2026-05-21,2026-05-21 08:21:20
9914,美利達,70.0,68.6,70.7,68.5,86.57,80.49,79.51,1.69,0.05,1.64,71.43,61.03,50.62,2658,3722,0.71,209.29,17.5,4.0,5.71,2026-05-21,2026-05-21 08:21:21
9917,中保科,112.5,113.0,113.0,112.0,45.01,37.29,47.06,-0.31,-0.19,-0.12,114.83,113.08,111.32,540,566,0.95,499.56,16.62,5.2,4.62,2026-05-21,2026-05-21 08:21:22
9918,欣天然,43.3,42.9,43.3,42.9,51.24,44.77,50.79,-0.34,-0.46,0.12,43.8,43.23,42.66,50,60,0.83,77.08,27.06,1.6,3.7,2026-05-21,2026-05-21 08:21:24
9919,康那香,14.3,14.4,14.4,14.2,21.15,21.31,51.52,-0.2,-0.25,0.05,14.58,14.27,13.97,569,530,1.07,27.94,,0.2,1.4,2026-05-21,2026-05-21 08:21:26
9921,巨大,70.8,70.8,71.6,70.6,43.09,53.28,56.8,0.47,0.14,0.33,75.95,69.73,63.51,1074,2488,0.43,277.58,38.48,2.2,3.11,2026-05-21,2026-05-21 08:21:27
9924,福興,42.15,42.0,42.4,42.0,16.05,12.63,18.97,-0.81,-0.77,-0.04,44.9,43.07,41.25,85,105,0.81,63.55,13.91,5.88,13.95,2026-05-21,2026-05-21 08:21:28
9925,新保,40.3,40.15,40.3,40.1,33.29,26.05,50.0,-0.11,-0.11,0.0,40.52,40.31,40.11,211,213,0.99,154.83,17.08,2.0,4.96,2026-05-21,2026-05-21 08:21:29
9926,新海,48.95,49.0,49.05,48.95,21.7,21.62,23.53,-0.21,-0.21,-0.0,49.59,49.24,48.88,42,58,0.72,87.87,18.26,2.0,4.09,2026-05-21,2026-05-21 08:21:30
9927,泰銘,67.5,67.0,67.7,66.8,23.67,18.74,41.67,-0.48,-0.3,-0.18,69.77,68.15,66.53,111,149,0.74,81.0,15.88,3.94,5.84,2026-05-21,2026-05-21 08:21:32
9928,中視,17.65,17.6,17.7,17.6,55.73,54.75,60.0,-0.04,-0.05,0.01,17.78,17.66,17.53,18,26,0.68,12.48,,,,2026-05-21,2026-05-21 08:21:33
9929,秋雨,11.4,11.4,11.4,11.1,28.44,33.24,52.7,-0.13,-0.08,-0.05,12.44,11.67,10.89,50,24,2.0,11.55,,,,2026-05-21,2026-05-21 08:21:34
9930,中聯資源,67.9,67.6,68.2,67.6,16.07,15.6,24.32,-0.63,-0.42,-0.22,71.07,69.31,67.54,97,154,0.63,168.76,13.74,4.0,5.89,2026-05-21,2026-05-21 08:21:35
9931,欣高,33.85,34.0,34.15,33.8,18.1,18.33,27.27,-0.71,-0.74,0.03,35.93,34.6,33.27,58,101,0.58,40.75,13.87,1.8,5.32,2026-05-21,2026-05-21 08:21:36
9933,中鼎,39.6,38.9,39.7,38.75,71.77,56.26,68.39,0.63,0.48,0.15,38.72,37.18,35.64,8038,6074,1.32,372.97,23.02,1.0,2.53,2026-05-21,2026-05-21 08:21:37
9934,成霖,9.82,9.72,9.83,9.72,66.26,63.65,64.71,0.07,0.02,0.05,9.97,9.45,8.93,471,508,0.93,40.36,5.88,0.35,3.56,2026-05-21,2026-05-21 08:21:38
9935,慶豐富,18.55,18.65,18.65,18.5,52.47,46.79,57.14,-0.09,-0.15,0.06,18.73,18.35,17.97,110,201,0.55,32.62,11.67,1.8,9.7,2026-05-21,2026-05-21 08:21:39
9937,全國,55.9,55.8,55.9,55.6,34.14,36.7,40.74,-0.22,-0.18,-0.05,56.99,56.44,55.89,52,47,1.09,172.76,23.79,2.1,3.76,2026-05-21,2026-05-21 08:21:40
9938,百和,43.35,43.6,43.75,43.35,17.23,27.37,43.1,-0.62,-0.59,-0.03,45.88,44.25,42.61,1199,1479,0.81,129.17,10.6,3.0,6.92,2026-05-21,2026-05-21 08:21:41
9939,宏全,126.0,125.0,127.0,124.5,81.17,74.8,71.64,2.53,1.23,1.31,128.47,116.92,105.38,1175,1990,0.59,372.69,13.88,6.2,4.92,2026-05-21,2026-05-21 08:21:43
9940,信義,18.8,18.9,19.05,18.7,33.74,24.01,26.0,-0.39,-0.34,-0.05,20.51,19.33,18.15,324,506,0.64,138.53,67.14,0.6,3.19,2026-05-21,2026-05-21 08:21:44
9941,裕融,73.7,73.7,74.3,73.7,21.91,18.56,25.71,-0.97,-0.73,-0.24,80.07,75.79,71.51,886,1134,0.78,424.24,10.07,4.38,5.94,2026-05-21,2026-05-21 08:21:45
9942,茂順,117.0,117.5,118.0,117.0,17.68,26.79,52.17,0.05,0.38,-0.33,121.3,117.9,114.5,59,58,1.01,97.3,14.43,7.0,5.98,2026-05-21,2026-05-21 08:21:46
9943,好樂迪,55.6,55.2,55.6,55.2,25.33,21.89,51.79,-0.45,-0.45,-0.0,56.9,55.76,54.62,27,53,0.53,69.6,10.3,4.8,8.63,2026-05-21,2026-05-21 08:21:47
9944,新麗,17.0,17.3,17.3,16.85,60.68,67.54,75.0,0.14,0.11,0.03,17.34,16.68,16.02,147,164,0.9,18.0,,0.3,1.76,2026-05-21,2026-05-21 08:21:48
9945,潤泰新,23.4,23.55,23.55,23.3,35.92,33.92,46.77,-0.44,-0.55,0.11,24.25,23.58,22.91,6616,9200,0.72,663.28,5.95,1.1,4.7,2026-05-21,2026-05-21 08:21:49
9946,三發地產,16.8,16.8,16.9,16.75,71.57,73.54,71.43,0.01,-0.1,0.11,17.24,16.32,15.41,379,603,0.63,54.5,11.05,1.04,6.19,2026-05-21,2026-05-21 08:21:50
9949,琉園,23.55,23.35,23.55,23.35,31.98,23.03,31.51,-1.77,-1.63,-0.14,32.68,25.71,18.73,8,21,0.39,10.56,4.55,2.2,9.34,2026-05-21,2026-05-21 08:21:51
9950,萬國通,11.35,11.05,11.35,11.0,48.8,50.38,62.3,0.08,-0.01,0.08,11.72,10.88,10.03,78,248,0.32,19.04,,,,2026-05-21,2026-05-21 08:21:53
9951,皇田,53.1,53.1,53.3,53.0,22.05,22.49,45.61,-0.31,-0.23,-0.09,54.77,53.64,52.52,77,67,1.14,38.64,10.15,2.32,4.37,2026-05-21,2026-05-21 08:21:54
9955,佳龍,28.2,28.1,28.3,28.05,22.08,26.14,42.55,-0.75,-0.69,-0.06,30.38,29.14,27.89,190,411,0.46,29.45,52.22,,,2026-05-21,2026-05-21 08:21:55
9958,世紀鋼,103.0,102.5,104.0,101.5,22.64,34.17,53.57,-1.66,-2.1,0.44,107.7,103.55,99.4,867,2325,0.37,254.3,15.92,4.16,4.04,2026-05-21,2026-05-21 08:21:56
9960,邁達康,31.25,31.2,31.45,31.2,31.28,43.16,27.07,1.37,2.04,-0.67,38.3,32.73,27.15,13,102,0.13,10.5,17.96,1.7,5.44,2026-05-21,2026-05-21 08:21:58
9962,有益,9.45,9.39,9.55,9.37,42.11,42.52,30.85,-0.23,-0.26,0.03,10.03,9.64,9.24,40,50,0.81,8.53,,0.5,5.29,2026-05-21,2026-05-21 08:21:59
