股票代號,股票名稱,收盤價,開盤價,最高價,最低價,K值,D值,RSI,DIF,MACD,柱狀圖,BB上軌,BB中軌,BB下軌,成交量張,5日均量張,量比,市值億,本益比,每股配息,殖利率,交易日,更新時間
0050,元大台灣50,112.9,112.2,112.9,111.7,78.99,73.15,63.16,1.74,1.43,0.31,113.67,109.28,104.89,55154,71669,0.77,,34.23,,,2026-10-01,2026-10-01 07:32:25
0051,元大中型100,148.85,149.05,149.45,148.4,80.8,71.84,57.91,1.18,0.94,0.24,149.75,145.82,141.89,50,41,1.23,,24.89,,,2026-10-01,2026-10-01 07:32:26
0052,富邦科技,66.0,65.5,66.0,65.3,86.06,76.38,65.58,1.01,0.77,0.25,66.21,63.48,60.76,17468,13918,1.26,,35.72,,,2026-10-01,2026-10-01 07:32:28
0053,元大電子,255.7,253.0,255.7,252.95,84.08,72.09,63.86,3.65,2.7,0.95,256.55,245.96,235.36,161,152,1.06,,37.58,,,2026-10-01,2026-10-01 07:32:29
0055,元大MSCI金融,48.7,49.65,49.65,48.12,30.58,48.97,46.26,1.1,1.39,-0.28,51.5,49.25,47.0,1851,1022,1.81,,19.57,,,2026-10-01,2026-10-01 07:32:30
0056,元大高股息,56.85,56.9,56.95,56.4,65.25,68.72,63.41,0.97,1.02,-0.05,57.45,55.9,54.34,42057,32341,1.3,,22.24,,,2026-10-01,2026-10-01 07:32:31
0057,富邦摩台,334.3,334.1,334.3,334.1,80.56,74.95,59.44,4.79,4.05,0.74,337.73,325.75,313.76,6,19,0.34,,33.6,,,2026-10-01,2026-10-01 07:32:32
0061,元大寶滬深,23.32,23.46,23.46,23.17,43.2,53.34,28.41,-0.21,-0.17,-0.04,24.6,24.02,23.45,29,101,0.3,,19.09,,,2026-10-01,2026-10-01 07:32:34
1101,台泥,25.55,26.3,26.4,25.45,65.4,60.52,57.02,0.33,0.17,0.15,25.96,24.69,23.42,54799,72001,0.76,1914.51,19.07,0.8,3.13,2026-10-01,2026-10-01 07:32:35
1102,亞泥,35.65,35.7,35.9,35.2,67.44,69.6,53.52,0.37,0.39,-0.02,35.87,35.32,34.77,11841,9273,1.28,1264.35,9.43,2.3,6.45,2026-10-01,2026-10-01 07:32:36
1103,嘉泥,13.2,13.25,13.25,13.1,48.08,41.36,50.0,-0.01,-0.01,0.0,13.35,13.14,12.94,301,330,0.91,92.58,9.36,0.52,3.94,2026-10-01,2026-10-01 07:32:37
1104,環泥,26.7,26.65,26.75,26.55,22.41,19.46,30.77,-0.07,-0.03,-0.04,27.8,26.99,26.19,517,388,1.33,183.34,9.89,1.85,6.93,2026-10-01,2026-10-01 07:32:39
1108,幸福,11.15,11.05,11.2,11.05,54.86,39.83,29.41,-0.18,-0.2,0.02,11.76,11.27,10.77,151,171,0.88,45.13,16.64,1.0,8.97,2026-10-01,2026-10-01 07:32:40
1109,信大,13.3,13.4,13.4,13.25,25.41,23.43,33.33,-0.06,-0.06,-0.0,13.54,13.4,13.26,206,155,1.33,45.37,19.28,0.9,6.77,2026-10-01,2026-10-01 07:32:41
1110,東泥,14.65,14.55,14.75,14.55,17.58,15.12,18.18,-0.35,-0.24,-0.11,16.63,15.47,14.32,120,503,0.24,83.57,23.63,0.3,2.05,2026-10-01,2026-10-01 07:32:42
1201,味全,11.6,11.65,11.65,11.5,15.59,17.14,31.03,-0.17,-0.13,-0.04,12.44,11.92,11.4,702,788,0.89,58.7,19.02,0.21,1.81,2026-10-01,2026-10-01 07:32:43
1203,味王,43.9,43.65,43.9,43.65,32.9,32.75,46.6,-0.19,-0.21,0.02,45.88,43.9,41.91,2,17,0.12,104.35,20.9,1.0,2.28,2026-10-01,2026-10-01 07:32:45
1210,大成,51.7,51.8,52.0,51.5,32.02,41.03,40.91,-0.17,-0.17,0.0,52.74,52.05,51.36,987,847,1.17,432.58,12.73,3.0,5.8,2026-10-01,2026-10-01 07:32:46
1213,大飲,7.0,7.18,7.18,7.0,23.72,24.19,40.98,-0.06,-0.04,-0.02,7.79,7.39,6.98,6,13,0.46,3.96,,0.35,5.0,2026-10-01,2026-10-01 07:32:47
1215,卜蜂,105.5,105.0,105.5,104.5,22.11,23.23,34.38,-1.01,-0.71,-0.31,112.57,107.9,103.23,321,647,0.5,311.0,12.18,7.0,6.64,2026-10-01,2026-10-01 07:32:48
1216,統一,73.9,73.9,74.2,73.7,23.01,30.87,33.33,-0.43,-0.29,-0.14,76.67,75.08,73.49,5706,6300,0.91,4199.01,17.89,3.0,4.06,2026-10-01,2026-10-01 07:32:49
1217,愛之味,9.96,9.95,9.96,9.91,50.58,49.88,47.5,-0.0,0.0,-0.0,10.01,9.96,9.91,203,447,0.45,49.25,15.09,0.25,2.51,2026-10-01,2026-10-01 07:32:50
1218,泰山,14.5,14.6,14.6,14.45,59.3,57.08,48.28,-0.12,-0.18,0.06,14.66,14.43,14.21,260,329,0.79,70.52,11.89,1.32,9.1,2026-10-01,2026-10-01 07:32:52
1219,福壽,11.45,11.5,11.55,11.35,52.3,50.72,45.83,0.0,0.0,0.0,11.77,11.46,11.15,80,161,0.5,39.07,,0.5,4.37,2026-10-01,2026-10-01 07:32:53
1220,台榮,10.85,10.85,10.85,10.75,54.03,40.99,50.0,-0.04,-0.06,0.02,10.94,10.8,10.65,50,42,1.17,19.14,155.0,0.2,1.84,2026-10-01,2026-10-01 07:32:54
1225,福懋油,24.2,24.5,24.5,23.7,21.59,25.79,44.29,-0.22,-0.22,-0.01,25.24,24.68,24.13,60,39,1.56,58.63,115.24,0.14,0.58,2026-10-01,2026-10-01 07:32:55
1227,佳格,28.1,28.1,28.15,28.0,23.69,24.79,37.14,-0.17,-0.16,-0.01,28.69,28.31,27.92,342,496,0.69,255.27,17.45,1.34,4.77,2026-10-01,2026-10-01 07:32:57
1229,聯華,40.2,39.95,40.4,39.95,27.9,18.17,32.32,-0.39,-0.29,-0.09,42.49,40.78,39.06,2545,2023,1.26,733.46,16.48,1.8,4.48,2026-10-01,2026-10-01 07:32:58
1231,聯華食,79.8,79.6,79.9,79.5,26.7,29.49,42.22,-0.25,-0.23,-0.02,80.87,79.97,79.08,221,157,1.4,261.98,17.81,1.5,1.88,2026-10-01,2026-10-01 07:32:59
1232,大統益,153.0,153.5,154.5,153.0,13.7,23.74,29.41,-0.46,-0.16,-0.3,157.83,155.15,152.47,106,65,1.64,244.76,16.96,7.2,4.71,2026-10-01,2026-10-01 07:33:00
1233,天仁,28.1,28.0,28.1,28.0,55.5,48.78,47.92,-0.06,-0.07,0.0,28.41,28.07,27.73,5,13,0.39,25.44,30.54,0.2,0.71,2026-10-01,2026-10-01 07:33:02
1234,黑松,32.9,32.9,32.9,32.8,14.86,16.44,28.0,-0.13,-0.1,-0.02,33.56,33.19,32.83,90,84,1.06,132.22,20.06,1.65,5.02,2026-10-01,2026-10-01 07:33:03
1235,興泰,32.9,32.95,33.15,32.9,17.1,32.95,38.47,-0.26,0.1,-0.36,38.3,35.4,32.5,42,116,0.37,15.7,,0.5,1.52,2026-10-01,2026-10-01 07:33:04
1236,宏亞,25.5,25.45,25.8,25.3,53.24,48.15,24.14,-0.01,0.07,-0.08,26.46,25.75,25.04,12,28,0.45,22.1,,1.65,6.47,2026-10-01,2026-10-01 07:33:05
1240,茂生農經,54.1,54.1,54.4,53.9,25.37,36.14,38.0,0.05,0.28,-0.22,56.07,55.06,54.06,18,16,1.08,25.13,10.59,2.86,5.29,2026-10-01,2026-10-01 07:33:07
1256,鮮活果汁-KY,168.5,168.0,168.5,167.5,31.97,21.81,31.25,-2.86,-2.79,-0.07,176.73,171.05,165.37,12,38,0.31,60.28,10.79,6.6,3.92,2026-10-01,2026-10-01 07:33:08
1259,安心,68.0,67.9,68.0,67.9,82.25,82.13,75.41,1.42,1.29,0.13,69.77,65.78,61.79,17,18,0.91,22.02,19.21,1.2,1.76,2026-10-01,2026-10-01 07:33:10
1264,德麥,245.0,245.0,245.5,244.5,59.15,44.75,31.03,-2.41,-2.57,0.15,253.67,247.0,240.33,10,13,0.78,90.78,11.57,15.0,6.12,2026-10-01,2026-10-01 07:33:12
1268,漢來美食,177.5,174.5,179.5,174.0,79.79,80.04,83.33,1.29,1.06,0.23,176.68,173.38,170.07,76,33,2.3,74.95,13.49,8.0,4.51,2026-10-01,2026-10-01 07:33:13
1294,漢田生技,50.2,50.3,50.3,49.9,24.49,21.55,20.83,-1.29,-1.31,0.01,54.31,51.75,49.18,19,17,1.09,18.24,12.4,3.0,5.98,2026-10-01,2026-10-01 07:33:14
1295,生合,47.8,47.0,47.8,46.85,62.37,53.98,74.0,0.22,-0.17,0.39,47.55,45.55,43.56,19,42,0.46,17.97,11.17,2.99,6.26,2026-10-01,2026-10-01 07:33:16
1301,台塑,66.8,68.2,69.2,66.3,65.96,57.78,50.31,1.21,1.18,0.03,68.23,65.02,61.82,19075,28305,0.67,4252.32,40.73,0.5,0.75,2026-10-01,2026-10-01 07:33:17
1303,南亞,254.0,256.0,261.5,250.5,68.47,60.84,59.78,10.55,9.94,0.61,254.62,235.55,216.48,57027,75047,0.76,20144.29,40.9,0.8,0.31,2026-10-01,2026-10-01 07:33:18
1304,台聚,12.45,12.6,12.7,12.35,49.37,46.44,43.4,0.05,0.03,0.01,12.73,12.39,12.04,1520,2236,0.68,133.5,,0.15,1.2,2026-10-01,2026-10-01 07:33:20
1305,華夏,12.15,12.4,12.4,12.1,57.46,51.18,42.55,0.02,0.01,0.01,12.54,12.14,11.74,668,990,0.67,70.6,,0.1,0.82,2026-10-01,2026-10-01 07:33:21
1307,三芳,31.45,31.5,31.55,31.3,79.88,69.38,61.54,0.06,-0.08,0.14,31.33,30.66,29.98,531,523,1.02,125.11,9.42,2.2,7.0,2026-10-01,2026-10-01 07:33:22
1308,亞聚,14.2,14.35,14.4,14.1,43.02,42.96,39.66,0.09,0.1,-0.02,14.69,14.25,13.81,757,1123,0.67,84.31,52.59,0.2,1.41,2026-10-01,2026-10-01 07:33:23
1309,台達化,13.7,14.0,14.0,13.6,34.31,34.35,40.74,0.09,0.1,-0.02,14.14,13.78,13.43,1144,1254,0.91,54.47,,0.15,1.09,2026-10-01,2026-10-01 07:33:24
1310,台苯,9.02,9.25,9.32,9.02,66.96,60.58,53.42,0.12,0.07,0.04,9.18,8.79,8.39,2508,3122,0.8,47.61,34.69,,,2026-10-01,2026-10-01 07:33:26
1312,國喬,14.6,15.0,15.15,14.6,49.19,48.25,49.25,0.34,0.42,-0.07,15.25,14.63,14.0,8504,11320,0.75,222.63,22.12,,,2026-10-01,2026-10-01 07:33:27
1313,聯成,12.4,12.4,12.8,12.25,59.82,61.15,56.76,0.13,0.11,0.02,12.46,12.05,11.64,4517,2438,1.85,165.02,,0.1,0.81,2026-10-01,2026-10-01 07:33:28
1314,中石化,8.89,9.09,9.14,8.86,56.25,57.3,62.5,0.23,0.2,0.04,9.32,8.5,7.68,34634,61783,0.56,332.38,5.11,,,2026-10-01,2026-10-01 07:33:29
1315,達新,68.7,68.9,68.9,68.1,91.69,89.22,77.08,1.14,1.07,0.06,69.33,67.02,64.7,10,20,0.52,65.63,28.04,4.5,6.55,2026-10-01,2026-10-01 07:33:30
1316,上曜,10.5,10.7,10.8,10.5,18.41,20.63,33.33,-0.04,-0.0,-0.04,11.07,10.69,10.31,1223,1006,1.22,38.12,47.73,,,2026-10-01,2026-10-01 07:33:31
1319,東陽,78.6,78.2,78.6,77.5,27.86,33.66,44.32,-0.37,-0.09,-0.28,82.66,79.66,76.66,1483,1164,1.27,464.9,12.76,5.0,6.36,2026-10-01,2026-10-01 07:33:33
1321,大洋,32.5,32.45,32.5,32.15,51.43,52.54,50.0,0.03,0.05,-0.02,32.8,32.44,32.08,45,82,0.54,71.72,270.83,0.38,1.17,2026-10-01,2026-10-01 07:33:34
1323,永裕,21.5,21.45,21.5,21.25,54.52,43.45,59.46,0.08,0.1,-0.03,21.65,21.37,21.09,8,37,0.24,19.62,16.93,0.9,4.19,2026-10-01,2026-10-01 07:33:35
1324,地球,10.05,9.99,10.05,9.94,27.04,21.62,55.81,-0.03,-0.03,0.01,10.18,10.03,9.88,32,31,1.05,7.55,,0.2,1.99,2026-10-01,2026-10-01 07:33:36
1325,恆大,25.7,25.75,25.9,25.7,38.73,42.88,37.93,-0.08,-0.1,0.02,26.26,25.73,25.2,97,143,0.68,21.92,,0.3,1.17,2026-10-01,2026-10-01 07:33:37
1326,台化,67.7,69.4,70.9,67.5,50.4,41.56,38.8,0.9,1.23,-0.33,73.2,68.78,64.36,18675,22223,0.84,3959.78,28.69,0.6,0.89,2026-10-01,2026-10-01 07:33:39
1336,台翰,18.3,17.5,18.45,17.4,76.38,66.52,68.69,0.31,0.2,0.11,17.8,16.72,15.64,852,323,2.64,14.2,24.73,0.26,1.42,2026-10-01,2026-10-01 07:33:40
1337,再生-KY,4.47,4.47,4.48,4.44,45.59,37.66,45.45,-0.05,-0.06,0.01,4.59,4.48,4.37,195,227,0.86,12.02,,,,2026-10-01,2026-10-01 07:33:41
1338,廣華-KY,15.3,15.7,15.7,15.05,68.65,69.23,68.63,0.08,-0.06,0.14,15.29,14.58,13.86,221,192,1.15,12.36,1.77,0.31,2.03,2026-10-01,2026-10-01 07:33:42
1339,昭輝,42.7,42.9,42.9,42.15,37.82,40.09,45.83,-0.07,-0.0,-0.07,43.44,42.84,42.23,53,71,0.75,31.65,7.35,2.5,5.85,2026-10-01,2026-10-01 07:33:44
1340,勝悅-KY,5.23,5.24,5.24,5.19,75.17,72.33,53.33,0.01,-0.0,0.01,5.29,5.2,5.1,61,100,0.62,8.0,,,,2026-10-01,2026-10-01 07:33:45
1341,富林-KY,59.0,59.0,59.0,59.0,61.35,79.21,41.67,0.07,0.08,-0.0,60.77,59.49,58.21,2,1,1.55,31.18,12.04,4.0,6.78,2026-10-01,2026-10-01 07:33:46
1342,八貫,100.0,100.0,100.5,99.6,35.46,45.23,42.57,-0.85,-0.95,0.1,103.32,101.05,98.78,108,119,0.91,78.5,14.29,6.0,6.0,2026-10-01,2026-10-01 07:33:47
1402,遠東新,27.95,28.2,28.25,27.7,62.84,53.0,40.0,-0.07,-0.02,-0.05,29.31,28.3,27.28,14600,7583,1.93,1495.91,13.84,1.25,4.47,2026-10-01,2026-10-01 07:33:48
1409,新纖,24.4,24.6,24.75,24.3,45.71,36.88,29.06,0.09,0.13,-0.04,25.88,24.59,23.31,8719,7779,1.12,390.38,18.35,0.9,3.69,2026-10-01,2026-10-01 07:33:49
1410,南染,24.15,24.0,24.6,24.0,21.11,26.7,42.11,-0.26,-0.28,0.02,24.88,24.37,23.86,39,116,0.34,14.97,33.08,0.2,0.83,2026-10-01,2026-10-01 07:33:51
1413,宏洲,9.25,9.29,9.29,9.2,38.2,38.1,40.43,-0.03,-0.04,0.0,9.49,9.24,9.0,8,25,0.34,12.22,30.83,,,2026-10-01,2026-10-01 07:33:52
1414,東和,17.35,17.65,17.7,17.35,60.72,52.35,43.48,-0.37,-0.42,0.05,18.29,17.55,16.82,77,131,0.59,34.35,32.13,0.2,1.15,2026-10-01,2026-10-01 07:33:53
1416,廣豐,11.65,11.5,11.7,11.5,68.55,59.29,58.33,-0.0,-0.01,0.01,11.77,11.46,11.14,462,230,2.0,21.59,9.87,0.57,4.89,2026-10-01,2026-10-01 07:33:54
1417,嘉裕,8.13,8.1,8.15,8.05,74.75,58.29,44.0,-0.05,-0.06,0.01,8.32,8.12,7.92,166,212,0.79,15.44,15.63,0.25,3.08,2026-10-01,2026-10-01 07:33:56
1418,東華,18.5,18.4,18.5,18.4,62.11,54.84,68.63,0.12,-0.0,0.12,18.5,17.78,17.07,11,45,0.24,10.05,,,,2026-10-01,2026-10-01 07:33:57
1419,新紡,65.8,66.3,66.3,65.4,43.71,43.64,34.33,-0.03,0.09,-0.13,68.01,66.47,64.92,21,36,0.6,196.9,4.74,1.8,2.74,2026-10-01,2026-10-01 07:33:58
1423,利華,35.5,35.5,35.5,35.5,51.8,45.78,50.0,-0.11,-0.17,0.06,36.07,35.21,34.36,2,10,0.19,35.38,10.53,3.6,10.14,2026-10-01,2026-10-01 07:33:59
1432,大魯閣,15.05,15.0,15.05,14.95,75.58,64.01,55.56,-0.01,-0.02,0.01,15.09,15.0,14.91,60,59,1.02,16.23,2.96,2.0,13.29,2026-10-01,2026-10-01 07:34:00
1434,福懋,17.95,18.15,18.25,17.9,65.39,63.59,44.44,0.04,0.02,0.01,18.35,17.93,17.51,1410,1321,1.07,302.0,19.51,0.5,2.79,2026-10-01,2026-10-01 07:34:02
1435,中福,22.0,21.85,22.5,20.3,37.8,33.95,37.74,-0.19,-0.17,-0.02,23.66,22.38,21.1,19,10,1.87,30.75,,,,2026-10-01,2026-10-01 07:34:03
1436,華友聯,35.35,35.7,35.7,35.35,9.04,16.22,38.46,-0.55,-0.38,-0.16,38.89,36.92,34.94,86,113,0.76,68.63,13.65,5.05,14.29,2026-10-01,2026-10-01 07:34:04
1437,勤益控,31.85,31.85,31.9,31.8,35.87,53.94,50.79,0.17,0.28,-0.11,33.09,32.21,31.33,62,115,0.54,64.14,7.41,0.96,3.01,2026-10-01,2026-10-01 07:34:05
1438,三地開發,21.8,21.4,21.8,21.25,31.25,36.01,52.11,0.23,0.26,-0.03,22.32,21.34,20.37,27,63,0.44,26.18,9.44,0.2,0.92,2026-10-01,2026-10-01 07:34:06
1439,雋揚,28.95,28.95,29.05,28.85,49.82,46.25,46.73,0.01,0.07,-0.06,29.91,28.81,27.72,59,37,1.56,26.63,9.46,0.5,1.73,2026-10-01,2026-10-01 07:34:07
1440,南紡,13.4,13.5,13.7,13.3,66.44,58.23,43.4,-0.01,-0.01,-0.0,14.15,13.49,12.84,2957,3190,0.93,222.01,446.67,0.3,2.24,2026-10-01,2026-10-01 07:34:09
1441,大東,9.87,9.92,9.93,9.87,66.93,66.95,32.54,-0.09,-0.08,-0.01,10.33,10.14,9.95,37,30,1.26,5.24,,,,2026-10-01,2026-10-01 07:34:10
1442,名軒,26.5,27.1,27.15,26.5,19.45,37.5,35.85,-0.07,0.12,-0.19,29.12,27.8,26.47,961,674,1.43,97.05,15.59,2.4,9.06,2026-10-01,2026-10-01 07:34:11
1443,立益物流,23.35,23.5,23.5,23.35,44.27,44.42,41.67,-0.41,-0.47,0.07,24.07,23.46,22.86,3,13,0.23,31.6,11.5,,,2026-10-01,2026-10-01 07:34:12
1444,力麗,6.9,7.13,7.16,6.9,57.34,55.26,45.63,-0.07,-0.11,0.03,7.23,6.93,6.63,1232,1399,0.88,67.92,24.64,,,2026-10-01,2026-10-01 07:34:13
1445,大宇,10.0,10.1,10.1,10.0,9.64,13.71,35.0,-0.1,-0.1,-0.0,10.44,10.18,9.92,49,35,1.37,13.07,,0.5,5.0,2026-10-01,2026-10-01 07:34:14
1446,宏和,13.45,13.35,13.45,13.35,32.17,42.1,53.85,-0.06,-0.07,0.02,13.79,13.47,13.15,29,94,0.31,18.52,14.46,1.5,11.15,2026-10-01,2026-10-01 07:34:16
1447,力鵬,6.51,6.78,6.78,6.5,43.58,41.9,44.05,-0.1,-0.13,0.03,6.89,6.56,6.23,1028,1215,0.85,54.91,18.08,,,2026-10-01,2026-10-01 07:34:17
1449,佳和,12.3,12.5,12.5,12.3,48.0,48.32,50.0,-0.02,-0.05,0.03,12.54,12.29,12.04,191,255,0.75,15.64,6.09,,,2026-10-01,2026-10-01 07:34:18
1451,年興,17.0,16.9,17.0,16.8,43.79,44.47,36.84,-0.08,-0.07,-0.01,17.37,17.12,16.86,199,105,1.89,33.66,11.26,1.0,5.88,2026-10-01,2026-10-01 07:34:19
1453,大將,10.9,10.9,10.9,10.9,20.79,23.34,40.91,-0.03,-0.02,-0.01,11.19,10.97,10.75,9,17,0.55,12.71,16.27,,,2026-10-01,2026-10-01 07:34:22
1454,台富,12.15,12.35,12.35,12.15,9.64,21.77,47.37,-0.06,-0.03,-0.03,12.79,12.38,11.98,11,19,0.6,14.84,,0.1,0.82,2026-10-01,2026-10-01 07:34:23
1455,集盛,9.84,9.94,9.95,9.81,65.03,52.9,44.94,0.01,0.02,-0.01,10.14,9.83,9.52,326,431,0.76,52.32,18.57,0.16,1.63,2026-10-01,2026-10-01 07:34:24
1456,怡華,14.8,14.6,14.9,14.45,76.57,61.95,62.71,0.17,0.1,0.07,14.87,14.22,13.58,158,150,1.06,13.87,5.12,,,2026-10-01,2026-10-01 07:34:26
1457,宜進,14.45,14.3,14.45,14.3,43.47,47.1,47.37,0.01,0.02,-0.01,14.58,14.42,14.27,71,70,1.01,33.74,10.62,1.0,6.92,2026-10-01,2026-10-01 07:34:27
1459,聯發,17.0,16.75,17.0,16.7,90.57,80.4,81.63,0.43,0.35,0.09,16.6,15.72,14.85,214,167,1.28,40.48,5.28,2.5,14.71,2026-10-01,2026-10-01 07:34:28
1460,宏遠,6.23,6.25,6.25,6.22,10.91,13.89,23.44,-0.11,-0.1,-0.01,6.68,6.4,6.12,168,232,0.72,42.02,9.58,,,2026-10-01,2026-10-01 07:34:29
1463,強盛新,17.5,17.5,17.6,17.5,49.77,56.74,57.14,0.02,-0.01,0.02,17.85,17.43,17.01,12,36,0.33,30.03,,0.13,0.74,2026-10-01,2026-10-01 07:34:31
1464,得力,10.0,9.98,10.0,9.96,57.68,51.26,43.24,-0.05,-0.06,0.01,10.09,9.99,9.89,328,272,1.21,42.31,16.13,0.25,2.5,2026-10-01,2026-10-01 07:34:32
1465,偉全,11.65,11.6,11.7,11.6,32.73,23.97,36.36,-0.14,-0.14,0.0,12.15,11.78,11.41,52,86,0.6,12.07,20.44,0.3,2.58,2026-10-01,2026-10-01 07:34:33
1466,聚隆,14.7,14.85,14.9,14.65,44.07,40.85,32.35,-0.27,-0.28,0.01,15.82,15.09,14.36,117,135,0.87,16.34,,0.2,1.36,2026-10-01,2026-10-01 07:34:34
1467,南緯,7.94,8.02,8.02,7.7,35.14,35.72,35.87,-0.14,-0.16,0.02,8.31,8.09,7.87,372,152,2.44,18.32,30.54,,,2026-10-01,2026-10-01 07:34:35
1468,昶和,13.55,13.35,13.55,13.05,85.8,73.43,52.38,0.03,-0.01,0.04,13.64,13.19,12.74,63,64,0.98,21.73,14.89,,,2026-10-01,2026-10-01 07:34:37
1470,大統新創,24.4,24.15,24.4,24.15,54.62,42.59,53.03,0.1,0.14,-0.04,24.7,24.09,23.48,6,15,0.39,20.93,18.91,0.65,2.66,2026-10-01,2026-10-01 07:34:38
1471,首利,9.49,9.46,9.49,9.37,40.23,34.62,40.16,-0.09,-0.09,0.0,9.88,9.53,9.18,87,169,0.52,14.27,47.45,,,2026-10-01,2026-10-01 07:34:40
1472,三洋實業,88.8,88.8,88.8,88.2,75.36,58.4,41.86,-0.13,-0.15,0.02,90.62,88.62,86.62,103,53,1.94,46.61,14.63,6.0,6.76,2026-10-01,2026-10-01 07:34:41
1473,台南,19.25,19.3,19.3,19.25,4.82,10.96,18.52,-0.18,-0.12,-0.06,20.37,19.75,19.13,99,82,1.2,28.13,55.0,0.5,2.6,2026-10-01,2026-10-01 07:34:42
1474,弘裕,10.05,10.05,10.1,9.93,33.64,33.54,52.94,0.01,-0.01,0.02,10.15,9.98,9.81,80,67,1.19,13.05,38.65,0.25,2.49,2026-10-01,2026-10-01 07:34:43
1475,業旺,26.05,26.15,26.2,26.05,25.54,26.73,44.68,-0.09,-0.1,0.01,26.47,26.14,25.81,6,9,0.62,17.2,6.71,1.5,5.76,2026-10-01,2026-10-01 07:34:44
1476,儒鴻,274.5,275.0,276.5,273.5,18.47,15.0,22.37,-11.27,-11.08,-0.19,316.33,288.77,261.22,828,1185,0.7,753.14,11.39,15.0,5.46,2026-10-01,2026-10-01 07:34:45
1477,聚陽,190.5,192.0,192.0,189.5,34.2,34.38,33.33,-3.0,-3.24,0.23,198.99,193.72,188.46,911,870,1.05,469.95,13.06,15.0,7.87,2026-10-01,2026-10-01 07:34:47
1503,士電,197.5,197.5,198.0,196.0,34.53,23.97,32.65,-1.77,-1.53,-0.24,209.03,200.05,191.07,344,592,0.58,1028.92,27.28,5.0,2.53,2026-10-01,2026-10-01 07:34:48
1504,東元,69.1,69.3,69.4,68.8,30.36,22.12,39.29,-0.41,-0.21,-0.21,72.53,70.01,67.5,2124,3408,0.62,1620.66,24.5,2.0,2.89,2026-10-01,2026-10-01 07:34:49
1506,正道,9.5,9.53,9.55,9.44,11.39,12.75,10.94,-0.17,-0.14,-0.02,10.2,9.83,9.45,374,285,1.31,28.54,237.5,,,2026-10-01,2026-10-01 07:34:50
1512,瑞利,6.2,6.11,6.29,6.1,37.64,38.39,39.39,-0.09,-0.1,0.01,6.37,6.21,6.06,54,48,1.12,6.09,32.63,,,2026-10-01,2026-10-01 07:34:51
1513,中興電,166.5,169.0,169.0,166.5,66.6,64.15,48.39,0.55,0.36,0.19,168.73,165.4,162.07,1475,1728,0.85,822.63,18.73,6.0,3.6,2026-10-01,2026-10-01 07:34:52
1514,亞力,102.0,103.0,103.0,101.5,49.65,50.62,44.76,-0.02,-0.19,0.17,104.41,101.8,99.18,549,1130,0.49,281.81,28.73,2.0,1.96,2026-10-01,2026-10-01 07:34:54
1515,力山,29.25,30.2,30.2,29.1,38.62,37.73,40.52,-0.77,-0.79,0.02,31.6,30.07,28.55,500,440,1.14,53.08,19.76,0.6,2.05,2026-10-01,2026-10-01 07:34:55
1516,川飛,13.5,13.7,13.7,13.4,35.86,30.13,45.26,-0.43,-0.46,0.03,14.99,13.88,12.78,16,21,0.74,4.05,,,,2026-10-01,2026-10-01 07:34:56
1517,利奇,10.4,10.5,10.5,10.3,51.53,49.97,37.72,-0.15,-0.18,0.02,10.8,10.47,10.14,157,147,1.07,22.88,1.58,0.2,1.92,2026-10-01,2026-10-01 07:34:57
1519,華城,688.0,694.0,696.0,687.0,12.27,19.42,29.2,-4.19,0.48,-4.67,749.17,713.3,677.43,846,843,1.0,2390.59,49.64,11.0,1.6,2026-10-01,2026-10-01 07:34:58
1521,大億,25.8,25.85,25.9,25.65,44.1,46.47,57.65,0.06,-0.01,0.07,26.39,25.39,24.4,5,34,0.15,19.67,16.23,0.75,2.91,2026-10-01,2026-10-01 07:34:59
1522,堤維西,26.45,26.95,26.95,26.4,73.91,67.19,45.45,-0.29,-0.44,0.15,27.72,26.33,24.94,203,260,0.78,82.51,30.4,1.2,4.54,2026-10-01,2026-10-01 07:35:01
1524,耿鼎,25.95,26.15,26.15,25.8,37.75,39.93,38.0,-0.26,-0.27,0.01,27.04,26.25,25.45,175,186,0.94,42.9,12.78,1.4,5.39,2026-10-01,2026-10-01 07:35:02
1525,江申,63.7,63.8,63.8,63.7,15.69,25.82,22.86,-0.79,-0.69,-0.1,67.14,65.09,63.05,10,11,0.86,46.76,43.33,2.8,4.4,2026-10-01,2026-10-01 07:35:03
1526,日馳,14.95,15.0,15.0,14.8,50.04,37.86,37.74,-0.41,-0.46,0.05,15.95,15.11,14.27,28,63,0.44,8.97,,,,2026-10-01,2026-10-01 07:35:04
1527,鑽全,32.8,32.7,32.9,32.65,62.56,57.25,53.57,0.02,-0.01,0.03,32.93,32.56,32.2,137,138,0.99,45.45,15.62,1.5,4.57,2026-10-01,2026-10-01 07:35:05
1528,恩德,25.0,25.45,25.55,25.0,50.82,62.67,67.92,1.62,1.47,0.14,28.78,23.02,17.26,3304,5781,0.57,47.83,,0.1,0.4,2026-10-01,2026-10-01 07:35:07
1529,樂事綠能,15.65,16.2,16.2,15.65,51.07,50.17,45.56,-0.34,-0.41,0.07,16.94,15.82,14.7,435,656,0.66,31.75,26.53,0.5,3.19,2026-10-01,2026-10-01 07:35:08
1530,亞崴,26.85,26.65,26.9,26.65,28.79,16.92,20.0,-0.46,-0.39,-0.08,29.15,27.52,25.88,11,15,0.71,27.68,48.82,0.1,0.37,2026-10-01,2026-10-01 07:35:09
1531,高林股,11.6,11.65,11.65,11.45,29.3,34.82,38.1,-0.09,-0.09,-0.0,11.99,11.73,11.47,82,410,0.2,21.12,42.96,1.0,8.62,2026-10-01,2026-10-01 07:35:10
1532,勤美,22.2,22.35,22.35,22.15,17.32,21.39,36.59,-0.08,-0.01,-0.07,23.16,22.58,22.01,205,293,0.7,92.41,18.35,0.8,3.6,2026-10-01,2026-10-01 07:35:12
1533,車王電,30.55,30.7,30.7,30.4,36.77,34.7,41.27,-0.38,-0.46,0.08,31.34,30.62,29.9,54,62,0.86,30.11,11.36,,,2026-10-01,2026-10-01 07:35:13
1535,中宇,45.85,45.8,45.9,45.3,75.24,69.52,58.46,-0.01,-0.11,0.1,46.39,45.4,44.41,15,30,0.53,56.74,12.19,3.0,6.54,2026-10-01,2026-10-01 07:35:14
1536,和大,46.65,47.1,47.1,46.5,48.56,39.09,37.84,-0.79,-0.85,0.06,49.72,47.36,45.0,510,579,0.88,130.13,86.39,0.8,1.71,2026-10-01,2026-10-01 07:35:16
1537,廣隆,115.0,114.5,115.0,114.0,38.43,42.23,47.06,-0.8,-0.91,0.1,117.12,115.38,113.63,143,96,1.48,94.37,13.94,7.2,6.26,2026-10-01,2026-10-01 07:35:17
1538,正峰,7.83,7.48,7.83,7.48,13.69,18.37,44.53,-0.35,-0.29,-0.06,9.42,8.55,7.68,15,6,2.49,2.53,,,,2026-10-01,2026-10-01 07:35:18
1539,巨庭,15.65,15.75,15.8,15.45,16.34,18.28,50.0,-0.07,-0.08,0.01,15.78,15.59,15.41,25,19,1.29,10.23,18.63,0.85,5.43,2026-10-01,2026-10-01 07:35:20
1540,喬福,19.5,19.3,19.5,19.2,43.82,46.28,48.48,-0.04,-0.06,0.02,19.82,19.47,19.11,51,87,0.58,16.67,15.98,1.0,5.13,2026-10-01,2026-10-01 07:35:21
1541,錩泰,20.75,20.65,20.85,20.65,43.16,54.81,37.25,-0.16,-0.16,-0.0,21.71,21.13,20.55,6,4,1.55,16.35,7.71,0.5,2.41,2026-10-01,2026-10-01 07:35:22
1558,伸興,112.5,112.5,112.5,104.0,86.02,87.93,69.23,3.29,3.38,-0.09,114.63,109.22,103.82,385,153,2.51,72.6,14.2,5.0,4.44,2026-10-01,2026-10-01 07:35:23
1560,中砂,1000.0,963.0,1015.0,963.0,90.51,88.6,82.93,73.28,54.53,18.76,1046.76,822.95,599.14,1588,1865,0.85,1502.89,85.11,4.94,0.49,2026-10-01,2026-10-01 07:35:24
1563,巧新,76.1,75.5,76.3,74.8,50.84,38.45,43.23,-1.7,-1.74,0.04,87.21,77.4,67.6,195,356,0.55,96.57,54.36,2.5,3.29,2026-10-01,2026-10-01 07:35:26
1565,精華,96.7,96.8,96.8,96.1,40.33,34.67,40.0,-0.04,0.16,-0.2,100.28,97.34,94.41,83,77,1.07,48.75,12.23,5.8,6.0,2026-10-01,2026-10-01 07:35:27
1568,倉佑,32.7,33.15,33.15,32.25,85.34,80.27,71.51,0.75,0.36,0.39,32.89,30.1,27.31,365,396,0.92,33.71,17.3,1.0,3.06,2026-10-01,2026-10-01 07:35:28
1569,濱川,63.8,62.7,64.8,61.7,78.36,79.75,78.61,4.96,3.95,1.02,68.63,54.55,40.48,3402,4821,0.71,92.03,,,,2026-10-01,2026-10-01 07:35:30
1570,力肯,32.25,32.2,33.1,32.2,58.6,62.09,45.95,-0.29,-0.43,0.14,33.27,32.55,31.83,11,45,0.24,16.61,46.07,1.0,3.1,2026-10-01,2026-10-01 07:35:31
1580,新麥,97.4,96.8,97.4,96.7,43.0,37.87,41.84,-2.46,-2.84,0.37,103.01,98.47,93.94,26,26,0.98,48.06,8.57,8.5,8.73,2026-10-01,2026-10-01 07:35:32
1582,信錦,71.1,72.5,72.5,71.0,60.98,55.39,45.88,-0.73,-0.85,0.12,74.49,71.3,68.11,214,271,0.79,102.58,22.22,3.0,4.22,2026-10-01,2026-10-01 07:35:34
1583,程泰,47.05,47.2,47.2,46.5,37.6,31.81,34.78,-0.08,0.05,-0.13,49.37,47.54,45.7,8,7,1.06,51.47,11.67,0.1,0.21,2026-10-01,2026-10-01 07:35:35
1584,精剛,18.6,18.95,18.95,18.5,56.65,56.46,69.44,0.08,0.0,0.08,18.61,18.08,17.55,378,623,0.61,41.84,31.53,0.26,1.4,2026-10-01,2026-10-01 07:35:37
1586,和勤,17.9,17.95,18.0,17.7,44.28,50.63,41.67,-0.09,-0.1,0.01,18.12,18.0,17.87,175,370,0.47,22.61,44.75,0.29,1.62,2026-10-01,2026-10-01 07:35:38
1587,吉茂,23.85,24.6,24.6,23.85,59.99,56.93,50.75,-0.1,-0.19,0.08,24.36,23.79,23.21,99,106,0.94,19.09,113.57,0.5,2.1,2026-10-01,2026-10-01 07:35:40
1589,永冠-KY,5.54,5.54,5.54,5.54,,,,0.0,0.0,0.0,5.54,5.54,5.54,0,0,,8.48,1.21,,,2026-09-30,2026-10-01 07:35:41
1590,亞德客-KY,1185.0,1195.0,1200.0,1175.0,30.96,25.37,21.57,-54.95,-49.34,-5.61,1413.54,1279.0,1144.46,509,755,0.67,2370.0,22.78,30.01,2.53,2026-10-01,2026-10-01 07:35:42
1591,駿吉-KY,41.4,42.75,42.85,41.25,69.7,69.24,60.85,1.44,1.24,0.2,43.86,39.11,34.36,226,286,0.79,15.75,,,,2026-10-01,2026-10-01 07:35:44
1593,祺驊,31.7,31.8,32.0,31.7,47.71,50.24,55.56,0.1,0.12,-0.02,32.05,31.65,31.24,23,15,1.51,12.61,8.09,2.0,6.31,2026-10-01,2026-10-01 07:35:45
1595,川寶,83.3,86.0,91.0,81.4,79.53,74.29,81.53,4.51,2.5,2.01,84.52,69.58,54.64,9112,4979,1.83,46.28,,0.47,0.56,2026-10-01,2026-10-01 07:35:47
1597,直得,154.5,147.0,158.5,141.0,61.67,43.26,53.0,1.07,0.14,0.93,157.52,143.18,128.83,4640,2368,1.96,134.82,75.74,0.7,0.45,2026-10-01,2026-10-01 07:35:48
1598,岱宇,20.55,20.5,20.55,20.4,43.36,38.76,41.79,0.05,0.06,-0.01,21.01,20.41,19.82,103,136,0.76,33.59,2.49,0.5,2.43,2026-10-01,2026-10-01 07:35:49
1599,宏佳騰,23.1,23.1,23.1,22.9,39.19,47.94,69.92,0.09,0.06,0.02,23.43,22.87,22.31,32,12,2.7,16.64,,0.5,2.16,2026-10-01,2026-10-01 07:35:51
1603,華電,30.65,30.65,30.75,30.4,78.39,69.08,55.32,0.06,0.03,0.03,30.67,30.23,29.79,148,148,1.0,48.69,10.99,2.0,6.53,2026-10-01,2026-10-01 07:35:52
1604,聲寶,23.35,23.45,23.5,23.3,31.16,41.64,36.84,0.02,0.04,-0.02,23.68,23.48,23.28,153,123,1.24,87.38,13.58,1.5,6.42,2026-10-01,2026-10-01 07:35:53
1605,華新,38.55,39.05,39.1,38.0,53.95,37.57,51.72,0.09,0.06,0.03,38.9,37.44,35.98,34774,20724,1.68,1708.28,11.65,0.5,1.3,2026-10-01,2026-10-01 07:35:54
1608,華榮,35.95,36.3,36.4,35.75,46.85,33.27,39.39,0.06,0.19,-0.13,37.01,36.07,35.13,1427,1665,0.86,152.5,3.12,2.0,5.56,2026-10-01,2026-10-01 07:35:56
1609,大亞,38.7,39.25,39.3,38.25,73.66,69.35,59.09,0.32,0.22,0.1,38.77,37.77,36.78,4842,3748,1.29,303.0,14.49,0.7,1.81,2026-10-01,2026-10-01 07:35:57
1611,中電,11.45,11.5,11.55,11.35,57.87,48.99,42.5,-0.14,-0.16,0.02,11.86,11.51,11.15,406,469,0.86,36.95,24.89,0.8,6.99,2026-10-01,2026-10-01 07:35:58
1612,宏泰,35.15,35.7,35.7,35.05,67.49,67.99,49.12,0.32,0.33,-0.02,35.49,34.94,34.39,598,598,1.0,111.1,9.06,2.5,7.11,2026-10-01,2026-10-01 07:35:59
1614,三洋電,31.25,31.15,31.25,30.9,49.29,50.98,72.41,0.09,0.06,0.03,31.41,30.96,30.51,55,63,0.87,80.92,25.0,0.97,3.1,2026-10-01,2026-10-01 07:36:01
1615,大山,42.7,42.95,42.95,42.45,22.62,22.26,29.51,-0.25,-0.17,-0.09,44.48,43.36,42.23,124,80,1.55,84.82,8.41,2.5,5.85,2026-10-01,2026-10-01 07:36:02
1616,億泰,18.35,18.7,18.7,18.35,38.6,35.73,30.95,-0.25,-0.27,0.02,19.2,18.61,18.02,190,164,1.16,34.77,41.7,1.36,7.41,2026-10-01,2026-10-01 07:36:03
1617,榮星,24.8,24.9,26.45,24.4,84.5,77.89,90.7,1.22,0.52,0.7,23.42,19.23,15.04,9144,3876,2.36,39.13,18.24,0.6,2.42,2026-10-01,2026-10-01 07:36:05
1618,合機,38.8,39.0,39.05,38.8,36.0,34.1,43.42,-0.06,0.01,-0.07,39.85,39.04,38.23,232,239,0.97,74.76,8.03,1.7,4.38,2026-10-01,2026-10-01 07:36:06
1623,大東電,198.5,199.0,199.5,197.5,16.15,16.9,24.36,-2.44,-1.86,-0.58,216.11,204.7,193.29,38,46,0.83,131.01,15.14,8.0,4.03,2026-10-01,2026-10-01 07:36:07
1626,艾美特-KY,9.72,9.8,9.8,9.7,42.41,51.78,48.25,-0.01,-0.02,0.0,9.84,9.68,9.51,13,40,0.33,14.56,,,,2026-10-01,2026-10-01 07:36:08
1702,南僑,33.45,33.0,34.0,32.85,68.17,67.79,67.35,0.11,0.03,0.08,33.44,32.74,32.04,227,166,1.36,82.99,49.93,1.6,4.78,2026-10-01,2026-10-01 07:36:09
1707,葡萄王,85.5,85.6,85.6,85.1,10.65,13.34,16.47,-1.16,-0.94,-0.22,92.67,88.29,83.9,290,250,1.16,126.66,11.1,6.0,7.02,2026-10-01,2026-10-01 07:36:11
1708,東鹼,53.6,53.8,54.0,53.0,79.96,73.19,65.6,0.61,0.13,0.48,53.66,50.51,47.36,3639,4878,0.75,133.47,13.11,1.6,2.99,2026-10-01,2026-10-01 07:36:12
1709,和益,53.2,51.8,53.2,51.6,83.8,78.82,73.98,4.52,3.54,0.98,51.68,39.83,27.98,28440,47035,0.6,253.77,26.6,1.0,1.88,2026-10-01,2026-10-01 07:36:13
1710,東聯,17.0,16.7,17.3,16.6,71.32,66.52,60.53,0.33,0.3,0.03,17.15,16.29,15.43,5872,5005,1.17,149.09,17.71,,,2026-10-01,2026-10-01 07:36:14
1711,永光,40.55,41.1,41.1,39.85,68.33,59.05,54.61,-0.02,-0.12,0.1,42.7,39.85,36.99,2690,3356,0.8,222.11,311.92,0.3,0.74,2026-10-01,2026-10-01 07:36:15
1712,興農,39.65,39.8,39.8,39.65,17.29,20.45,26.92,-0.03,0.05,-0.08,41.1,40.16,39.22,362,395,0.92,166.73,15.02,2.5,6.31,2026-10-01,2026-10-01 07:36:17
1713,國化,42.45,42.5,42.6,42.2,53.58,32.27,42.59,-0.55,-0.63,0.08,44.4,42.5,40.61,86,146,0.59,64.08,8.99,3.1,7.3,2026-10-01,2026-10-01 07:36:18
1714,和桐,16.2,16.6,16.6,16.2,66.06,62.73,44.12,-0.09,-0.12,0.04,17.25,16.07,14.89,6236,6366,0.98,159.03,13.73,0.18,1.11,2026-10-01,2026-10-01 07:36:19
1717,長興,73.5,74.6,74.9,73.2,71.73,64.41,55.0,0.08,-0.01,0.09,78.14,72.52,66.89,7318,7000,1.05,870.42,38.89,1.0,1.36,2026-10-01,2026-10-01 07:36:20
1718,中纖,10.65,10.8,10.9,10.55,46.97,47.48,46.0,-0.02,-0.04,0.02,10.93,10.62,10.31,10208,8579,1.19,141.19,44.38,,,2026-10-01,2026-10-01 07:36:21
1720,生達,56.1,56.1,56.1,55.9,58.86,55.17,47.37,-0.06,-0.09,0.02,56.37,56.09,55.82,73,89,0.82,110.27,10.77,2.0,3.57,2026-10-01,2026-10-01 07:36:22
1721,國慶科技,26.6,26.0,27.5,25.75,80.28,68.47,66.48,1.31,0.89,0.41,27.1,23.14,19.17,3399,2683,1.27,49.18,,,,2026-10-01,2026-10-01 07:36:24
1722,台肥,41.15,41.5,41.6,41.15,14.14,12.55,19.19,-0.77,-0.63,-0.14,45.48,42.81,40.13,1600,2783,0.58,403.27,49.58,2.0,4.86,2026-10-01,2026-10-01 07:36:25
1723,中碳,79.7,80.6,81.0,79.5,15.48,16.33,24.68,-1.36,-1.25,-0.12,86.76,82.16,77.57,767,435,1.76,185.02,25.63,1.85,2.32,2026-10-01,2026-10-01 07:36:26
1725,元禎,33.5,34.05,34.35,33.5,58.82,68.96,55.79,0.66,0.66,-0.0,34.89,33.1,31.31,38,54,0.7,60.91,13.67,1.07,3.19,2026-10-01,2026-10-01 07:36:27
1726,永記,76.5,76.3,76.6,76.2,14.14,16.21,37.04,-0.19,-0.13,-0.06,77.69,76.88,76.07,13,27,0.48,123.93,11.95,3.7,4.84,2026-10-01,2026-10-01 07:36:29
1727,中華化,112.0,108.0,116.0,105.5,65.43,71.61,69.46,6.74,5.44,1.29,120.68,99.81,78.94,18533,29316,0.63,143.38,162.32,0.15,0.13,2026-10-01,2026-10-01 07:36:30
1730,花仙子,51.3,51.2,51.3,51.2,42.29,32.82,42.86,-0.05,-0.04,-0.01,51.65,51.35,51.04,29,23,1.28,32.44,10.75,3.0,5.85,2026-10-01,2026-10-01 07:36:31
1731,美吾華,20.85,20.9,20.9,20.75,55.73,54.13,47.37,0.01,0.01,-0.01,21.04,20.9,20.76,66,112,0.59,27.71,13.81,1.22,5.85,2026-10-01,2026-10-01 07:36:32
1732,毛寶,26.0,26.15,26.15,25.95,59.26,64.82,48.15,0.04,0.03,0.0,26.26,26.03,25.8,34,67,0.51,11.04,21.14,0.6,2.31,2026-10-01,2026-10-01 07:36:33
1733,五鼎,29.85,29.7,29.9,29.5,26.71,23.08,32.14,-0.47,-0.38,-0.09,32.47,30.68,28.89,78,107,0.74,29.84,15.71,1.3,4.36,2026-10-01,2026-10-01 07:36:34
1734,杏輝,32.1,31.85,32.1,31.8,62.43,66.96,68.52,0.48,0.48,0.0,32.74,31.5,30.27,156,142,1.1,68.6,19.57,0.94,2.93,2026-10-01,2026-10-01 07:36:36
1735,日勝化,20.15,20.4,20.55,20.15,61.98,64.94,47.54,-0.06,-0.08,0.02,20.91,20.16,19.4,51,35,1.44,20.03,17.22,0.65,3.23,2026-10-01,2026-10-01 07:36:37
1736,喬山,127.5,130.0,130.0,127.0,50.62,44.86,52.83,-0.15,-0.57,0.42,129.65,125.97,122.3,100,246,0.41,386.83,11.54,4.5,3.53,2026-10-01,2026-10-01 07:36:38
1737,臺鹽,30.0,30.1,30.1,30.0,52.75,51.2,40.0,-0.18,-0.15,-0.04,31.07,30.35,29.63,100,140,0.72,60.0,15.46,1.4,4.67,2026-10-01,2026-10-01 07:36:39
1742,台蠟,17.8,17.85,17.85,17.45,37.93,35.97,57.14,0.04,0.04,-0.0,17.87,17.61,17.36,52,50,1.03,16.5,,,,2026-10-01,2026-10-01 07:36:41
1752,南光,31.35,31.45,31.55,31.35,49.26,45.65,34.78,-0.08,-0.1,0.01,31.77,31.42,31.07,66,39,1.69,31.66,15.52,1.6,5.1,2026-10-01,2026-10-01 07:36:42
1760,寶齡富錦,54.6,54.3,54.7,54.3,49.03,32.86,39.34,-1.0,-1.18,0.18,57.07,54.74,52.41,117,83,1.41,46.81,21.84,1.8,3.3,2026-10-01,2026-10-01 07:36:43
1762,中化生,33.95,34.45,34.45,33.85,56.71,49.39,41.1,-0.35,-0.37,0.02,36.02,34.32,32.61,22,35,0.63,26.11,75.44,0.19,0.56,2026-10-01,2026-10-01 07:36:44
1773,勝一,167.5,168.0,171.5,167.0,70.07,67.3,56.25,1.43,0.66,0.77,168.86,162.57,156.29,511,808,0.63,502.5,20.96,4.0,2.39,2026-10-01,2026-10-01 07:36:46
1776,展宇,18.05,18.35,18.35,17.8,41.02,53.51,65.12,0.23,0.21,0.02,18.79,17.79,16.8,29,17,1.63,10.85,20.06,0.6,3.32,2026-10-01,2026-10-01 07:36:47
1777,生泰,74.3,74.2,74.3,73.6,63.4,60.29,43.18,0.06,0.13,-0.07,75.45,74.33,73.21,23,23,0.98,33.13,10.01,4.0,5.38,2026-10-01,2026-10-01 07:36:48
1780,立弘,25.25,25.15,25.6,25.1,77.18,76.62,57.38,0.22,0.2,0.02,25.48,24.83,24.18,190,118,1.61,27.54,14.11,1.25,4.95,2026-10-01,2026-10-01 07:36:50
1781,合世,9.99,9.99,9.99,9.91,45.34,49.43,50.0,-0.2,-0.23,0.03,10.34,10.12,9.89,30,16,1.85,4.74,,,,2026-10-01,2026-10-01 07:36:52
1783,和康生,37.35,36.9,37.35,36.9,81.01,60.98,46.15,-0.35,-0.43,0.09,38.89,37.12,35.35,43,42,1.02,33.5,11.56,2.0,5.35,2026-10-01,2026-10-01 07:36:53
1784,訊聯,60.4,60.6,60.7,59.9,70.07,65.08,57.06,0.12,-0.23,0.35,61.38,58.85,56.33,45,85,0.54,31.38,52.98,0.88,1.46,2026-10-01,2026-10-01 07:36:54
1785,光洋科,101.0,101.5,103.0,99.3,62.2,51.4,48.69,-1.63,-2.56,0.93,103.62,98.17,92.71,5964,5336,1.12,601.91,15.12,2.0,1.98,2026-10-01,2026-10-01 07:36:56
1786,科妍,43.25,43.3,43.55,42.8,30.52,26.91,40.0,-1.4,-1.56,0.16,46.66,43.93,41.2,96,98,0.98,31.44,18.1,1.91,4.42,2026-10-01,2026-10-01 07:36:57
1788,杏昌,127.5,128.0,128.0,127.5,26.93,30.89,40.0,-0.42,-0.46,0.03,128.77,128.05,127.33,13,11,1.17,56.76,14.47,7.0,5.49,2026-10-01,2026-10-01 07:36:59
1789,神隆,18.8,18.8,18.95,18.7,41.4,43.19,46.32,-0.08,-0.1,0.03,19.67,18.81,17.95,275,253,1.09,148.66,470.0,0.29,1.54,2026-10-01,2026-10-01 07:37:00
1795,美時,177.0,177.5,180.0,177.0,45.56,51.86,46.0,-1.59,-1.7,0.1,183.77,178.45,173.13,676,537,1.26,470.89,12.46,2.57,1.45,2026-10-01,2026-10-01 07:37:01
1796,金穎生技,30.3,29.2,30.4,29.05,49.53,39.6,50.85,-0.15,-0.22,0.06,30.57,29.68,28.79,61,17,3.5,12.56,73.9,0.7,2.31,2026-10-01,2026-10-01 07:37:03
1799,易威,28.95,29.0,29.0,28.65,41.52,30.25,37.33,-0.47,-0.53,0.06,30.36,29.23,28.09,76,87,0.88,36.1,,,,2026-10-01,2026-10-01 07:37:04
1802,台玻,58.8,60.0,60.0,58.3,45.99,43.91,45.57,0.14,0.2,-0.06,61.27,58.89,56.52,15466,14125,1.09,1709.94,68.37,,,2026-10-01,2026-10-01 07:37:05
1805,寶徠,10.1,10.05,10.1,10.0,40.16,47.77,50.0,-0.0,0.01,-0.01,10.25,10.12,9.99,26,97,0.27,13.63,77.69,,,2026-10-01,2026-10-01 07:37:07
1806,冠軍,7.92,7.99,7.99,7.88,42.45,45.2,36.84,-0.02,-0.01,-0.01,8.07,8.0,7.93,342,134,2.55,30.61,56.57,0.15,1.89,2026-10-01,2026-10-01 07:37:08
1808,潤隆,31.7,31.7,32.0,31.4,14.64,22.71,37.76,-0.16,0.07,-0.23,34.78,32.81,30.84,1384,1652,0.84,283.09,7.68,1.5,4.73,2026-10-01,2026-10-01 07:37:09
1809,中釉,45.75,47.0,47.75,45.55,82.26,78.07,69.12,1.69,0.6,1.08,46.65,39.74,32.84,5691,13692,0.42,76.42,228.75,0.25,0.55,2026-10-01,2026-10-01 07:37:10
1810,和成,24.0,24.45,24.45,23.95,52.75,47.54,50.0,-0.24,-0.32,0.09,24.52,23.92,23.32,1318,1390,0.95,72.45,6.54,0.2,0.83,2026-10-01,2026-10-01 07:37:12
1813,寶利徠,11.3,11.3,11.3,11.3,25.03,32.02,47.62,-0.06,-0.06,0.0,11.52,11.36,11.2,6,5,1.23,5.27,51.36,,,2026-10-01,2026-10-01 07:37:13
1815,富喬,116.0,117.0,119.5,113.5,30.65,34.97,37.8,3.35,5.18,-1.83,129.71,119.65,109.58,31664,25145,1.26,712.36,33.82,0.5,0.43,2026-10-01,2026-10-01 07:37:15
1817,凱撒衛,40.0,40.15,40.15,40.0,23.26,33.8,52.5,0.09,0.18,-0.09,40.59,40.18,39.77,16,25,0.66,29.04,7.98,2.2,5.5,2026-10-01,2026-10-01 07:37:16
1903,士紙,47.65,47.7,47.8,47.25,77.36,63.61,48.04,-0.11,-0.17,0.06,48.17,47.36,46.56,24,55,0.45,123.91,35.3,,,2026-10-01,2026-10-01 07:37:17
1904,正隆,24.1,24.6,24.6,24.05,25.97,35.62,45.79,0.05,0.17,-0.12,25.36,24.69,24.03,1998,1543,1.29,269.5,11.16,0.45,1.87,2026-10-01,2026-10-01 07:37:18
1905,華紙,12.8,13.1,13.1,12.65,24.49,28.18,33.33,-0.18,-0.16,-0.02,13.74,13.23,12.73,4225,2344,1.8,141.16,,,,2026-10-01,2026-10-01 07:37:20
1906,寶隆,10.8,10.85,10.85,10.75,47.36,37.0,35.0,-0.12,-0.12,-0.0,11.3,10.95,10.59,28,50,0.57,16.31,17.7,0.1,0.93,2026-10-01,2026-10-01 07:37:21
1907,永豐餘,28.0,28.4,28.4,27.75,16.93,19.67,33.33,-0.36,-0.23,-0.13,30.26,29.01,27.76,1143,940,1.22,468.68,16.47,1.0,3.57,2026-10-01,2026-10-01 07:37:22
1909,榮成,10.2,10.25,10.35,10.1,38.58,28.62,32.14,-0.14,-0.11,-0.03,11.24,10.44,9.65,1188,1390,0.85,131.62,44.35,,,2026-10-01,2026-10-01 07:37:23
2002,中鋼,18.95,19.2,19.25,18.85,47.55,31.96,40.63,-0.05,-0.07,0.03,19.3,18.88,18.46,37752,42093,0.9,2888.32,45.24,0.15,0.79,2026-10-01,2026-10-01 07:37:24
2006,東和鋼鐵,84.6,85.6,86.7,84.1,54.2,60.06,56.99,1.41,1.36,0.05,88.06,83.5,78.95,2444,2011,1.22,617.76,11.6,4.3,5.08,2026-10-01,2026-10-01 07:37:25
2007,燁興,7.0,7.01,7.05,6.91,78.42,70.58,51.9,-0.01,-0.04,0.03,7.08,6.89,6.7,229,210,1.09,37.15,,,,2026-10-01,2026-10-01 07:37:27
2008,高興昌,30.85,30.55,30.85,30.55,29.78,20.08,53.49,0.01,-0.01,0.02,31.19,30.7,30.2,4,14,0.29,58.88,48.2,1.0,3.24,2026-10-01,2026-10-01 07:37:28
2009,第一銅,39.3,40.0,40.0,39.15,37.3,38.2,41.3,-0.03,-0.0,-0.03,40.7,39.43,38.16,1226,1723,0.71,141.33,37.79,0.4,1.02,2026-10-01,2026-10-01 07:37:29
2010,春源,22.5,23.0,23.1,22.4,69.77,62.33,49.32,0.04,-0.03,0.07,22.96,22.21,21.45,1526,1549,0.99,145.72,8.96,2.0,8.89,2026-10-01,2026-10-01 07:37:30
2012,春雨,14.35,14.4,14.4,14.2,63.92,57.74,44.44,-0.12,-0.17,0.05,14.69,14.26,13.83,29,45,0.64,40.0,4.02,0.3,2.09,2026-10-01,2026-10-01 07:37:32
2013,中鋼構,41.5,41.35,41.6,41.3,64.06,46.0,40.48,-0.02,-0.01,-0.01,41.96,41.49,41.01,32,48,0.66,83.0,12.77,2.4,5.78,2026-10-01,2026-10-01 07:37:33
2014,中鴻,17.1,17.45,17.45,16.95,73.88,64.53,51.02,-0.02,-0.1,0.08,17.35,16.78,16.21,2893,3900,0.74,245.48,49.33,,,2026-10-01,2026-10-01 07:37:34
2015,豐興,64.2,64.3,64.3,63.9,44.2,43.96,44.62,-0.06,0.02,-0.08,65.29,64.41,63.53,75,137,0.55,373.39,15.11,3.3,5.14,2026-10-01,2026-10-01 07:37:35
2017,官田鋼,9.09,9.13,9.13,8.96,69.35,62.19,59.18,0.01,-0.02,0.03,9.21,8.91,8.62,251,435,0.58,38.74,,,,2026-10-01,2026-10-01 07:37:36
2020,美亞,26.2,29.2,29.25,26.0,72.26,60.44,81.62,0.81,0.29,0.53,25.39,22.26,19.12,21065,6589,3.2,69.96,12.66,1.8,6.87,2026-10-01,2026-10-01 07:37:38
2022,聚亨,7.34,7.33,7.36,7.21,48.6,36.26,40.98,-0.09,-0.11,0.02,7.64,7.32,7.0,207,214,0.97,24.75,,,,2026-10-01,2026-10-01 07:37:39
2023,燁輝,13.8,13.85,14.1,13.75,34.85,24.83,40.0,-0.04,-0.04,-0.0,14.09,13.78,13.46,1892,1100,1.72,248.0,36.32,,,2026-10-01,2026-10-01 07:37:40
2024,志聯,13.3,12.9,13.45,12.9,46.45,31.5,53.33,-0.11,-0.14,0.03,13.42,13.05,12.68,43,15,2.74,12.97,45.86,,,2026-10-01,2026-10-01 07:37:41
2025,千興,14.05,14.85,15.0,13.7,77.47,73.31,68.29,0.29,0.08,0.21,14.03,12.71,11.38,4370,2707,1.61,24.26,10.89,,,2026-10-01,2026-10-01 07:37:43
2027,大成鋼,48.05,48.2,49.1,47.7,61.55,55.35,47.03,-0.07,-0.04,-0.03,50.58,47.67,44.76,15644,11012,1.42,1125.15,9.44,1.5,3.12,2026-10-01,2026-10-01 07:37:44
2028,威致,16.6,17.15,17.25,16.6,72.36,67.36,63.93,0.23,0.11,0.12,16.78,15.93,15.08,236,233,1.01,53.79,38.6,0.2,1.2,2026-10-01,2026-10-01 07:37:45
2029,盛餘,22.0,22.65,22.8,21.85,73.12,65.95,57.14,0.13,0.01,0.12,22.41,21.4,20.38,510,559,0.91,70.66,18.49,0.6,2.73,2026-10-01,2026-10-01 07:37:46
2030,彰源,37.65,37.2,40.0,36.05,91.42,87.75,90.43,3.32,1.96,1.37,35.55,26.07,16.58,70547,27964,2.52,103.9,19.21,0.5,1.33,2026-10-01,2026-10-01 07:37:47
2031,新光鋼,46.2,46.9,47.0,46.05,80.03,75.55,59.44,0.54,0.42,0.13,46.7,44.88,43.06,753,962,0.78,148.37,7.17,2.5,5.41,2026-10-01,2026-10-01 07:37:49
2032,新鋼,19.6,20.3,20.9,19.15,77.44,76.56,72.81,0.64,0.31,0.33,19.77,17.54,15.31,5169,5983,0.86,25.58,13.42,0.5,2.55,2026-10-01,2026-10-01 07:37:50
2033,佳大,46.55,45.1,46.55,44.0,93.09,87.55,86.95,5.1,3.76,1.34,44.37,31.42,18.47,1480,3323,0.45,55.86,141.06,0.2,0.43,2026-10-01,2026-10-01 07:37:51
2034,允強,23.6,24.7,24.9,23.4,77.85,77.06,72.8,0.88,0.57,0.32,24.0,21.48,18.95,9275,11567,0.8,124.84,54.88,1.0,4.24,2026-10-01,2026-10-01 07:37:53
2035,唐榮,26.9,26.9,26.9,26.9,37.31,37.77,54.7,-0.08,-0.06,-0.02,27.67,26.79,25.92,1,4,0.24,94.15,,,,2026-10-01,2026-10-01 07:37:54
2038,海光,12.9,13.2,13.3,12.75,69.44,59.29,60.78,0.02,-0.1,0.12,13.09,12.36,11.62,474,658,0.72,25.04,,,,2026-10-01,2026-10-01 07:37:55
2049,上銀,335.0,336.0,337.5,332.5,56.0,45.14,28.99,-5.34,-4.61,-0.73,372.16,342.02,311.89,1300,1562,0.83,1185.2,50.76,2.0,0.6,2026-10-01,2026-10-01 07:37:57
2059,川湖,11835.0,12270.0,12270.0,11760.0,22.81,32.32,40.99,-67.08,87.11,-154.2,13929.04,12571.75,11214.46,338,355,0.95,11278.4,65.89,51.0,0.43,2026-10-01,2026-10-01 07:37:58
2061,風青,61.7,60.0,65.0,60.0,79.75,76.78,85.44,1.63,0.24,1.39,61.72,52.74,43.75,3256,2654,1.23,35.4,54.6,,,2026-10-01,2026-10-01 07:37:59
2062,橋椿,18.0,18.05,18.2,18.0,17.77,19.41,31.03,-0.02,0.01,-0.03,18.5,18.17,17.83,111,88,1.26,36.0,66.67,1.0,5.56,2026-10-01,2026-10-01 07:38:01
2063,世鎧,23.6,24.15,24.15,23.5,26.61,24.33,41.18,-0.14,-0.11,-0.03,24.23,23.81,23.4,13,28,0.47,11.35,14.22,0.5,2.12,2026-10-01,2026-10-01 07:38:02
2064,晉椿,12.0,11.95,12.25,11.8,24.46,16.23,39.13,-0.14,-0.14,-0.0,12.55,12.09,11.63,350,132,2.65,8.36,600.0,,,2026-10-01,2026-10-01 07:38:04
2065,世豐,35.65,35.95,35.95,35.55,49.32,36.15,44.26,0.0,0.06,-0.06,36.6,35.58,34.56,36,43,0.83,22.64,9.33,1.5,4.21,2026-10-01,2026-10-01 07:38:05
2066,世德,51.7,52.2,52.3,51.5,48.18,54.65,39.73,-0.92,-1.15,0.24,54.68,52.56,50.43,23,25,0.9,22.85,14.09,2.15,4.16,2026-10-01,2026-10-01 07:38:07
2067,嘉鋼,4.91,4.91,5.1,4.71,38.08,53.6,55.49,-0.1,-0.15,0.04,5.4,4.99,4.57,108,42,2.55,1.66,,,,2026-10-01,2026-10-01 07:38:08
2069,運錩,25.75,26.65,27.2,25.35,68.34,68.52,61.5,1.42,1.27,0.16,27.57,23.74,19.92,1819,2325,0.78,42.84,10.06,1.0,3.88,2026-10-01,2026-10-01 07:38:09
2070,精湛,63.0,62.8,63.7,62.2,67.07,58.55,55.68,0.06,0.02,0.04,65.31,62.01,58.7,100,71,1.41,26.32,21.36,1.5,2.38,2026-10-01,2026-10-01 07:38:11
2072,世紀風電,134.0,132.5,134.5,132.0,67.25,47.66,52.27,-2.67,-3.6,0.93,138.14,130.8,123.46,206,180,1.15,257.28,8.63,13.08,9.76,2026-10-01,2026-10-01 07:38:13
2073,雄順,25.8,25.4,25.8,25.4,55.54,54.74,49.61,-0.2,-0.2,-0.0,26.8,25.81,24.81,2,1,1.15,7.09,,0.3,1.16,2026-10-01,2026-10-01 07:38:14
2101,南港,29.65,30.1,30.1,29.65,10.2,15.84,30.65,-0.55,-0.55,-0.0,31.6,30.41,29.23,1685,1362,1.24,213.74,5.38,2.5,8.43,2026-10-01,2026-10-01 07:38:16
2102,泰豐,16.85,16.6,16.85,16.55,16.82,13.77,36.07,-0.52,-0.43,-0.08,18.87,17.47,16.08,373,453,0.82,77.44,2.0,,,2026-10-01,2026-10-01 07:38:17
2103,台橡,27.95,28.1,28.2,27.7,75.13,72.02,60.28,0.37,0.34,0.03,29.18,27.2,25.22,1422,2477,0.57,230.79,11.27,0.27,0.97,2026-10-01,2026-10-01 07:38:18
2104,國際中橡,11.0,11.05,11.35,10.95,55.28,58.7,52.63,0.19,0.14,0.05,11.4,10.62,9.83,3123,9053,0.34,106.7,40.74,,,2026-10-01,2026-10-01 07:38:20
2105,正新,30.55,30.6,30.85,30.5,60.46,45.97,43.9,-0.17,-0.23,0.06,31.08,30.37,29.66,3572,3354,1.06,990.25,16.79,1.8,5.89,2026-10-01,2026-10-01 07:38:21
2106,建大,16.65,16.65,16.75,16.6,54.7,41.64,40.0,-0.22,-0.25,0.03,17.34,16.76,16.18,299,501,0.6,158.99,35.43,0.65,3.9,2026-10-01,2026-10-01 07:38:22
2107,厚生,26.95,26.9,27.05,26.8,52.84,53.96,51.06,0.16,0.19,-0.03,27.23,26.85,26.48,398,242,1.65,81.82,14.34,1.4,5.19,2026-10-01,2026-10-01 07:38:23
2108,南帝,28.35,28.75,28.75,28.25,47.51,52.49,40.0,-0.24,-0.19,-0.04,30.22,28.87,27.52,451,326,1.38,139.6,15.93,1.0,3.53,2026-10-01,2026-10-01 07:38:25
2109,華豐,14.4,14.4,14.4,14.3,49.96,49.57,49.83,0.04,0.03,0.01,14.49,14.32,14.14,72,230,0.31,40.23,10.51,1.0,6.94,2026-10-01,2026-10-01 07:38:26
2114,鑫永銓,90.0,89.7,90.0,89.3,81.83,75.02,52.94,0.3,0.26,0.04,90.4,89.43,88.46,9,20,0.46,70.19,14.4,5.0,5.56,2026-10-01,2026-10-01 07:38:28
2115,六暉-KY,23.85,23.9,23.95,23.7,33.68,25.31,38.71,0.13,0.19,-0.06,24.09,23.83,23.56,34,40,0.86,24.89,15.09,1.5,6.29,2026-10-01,2026-10-01 07:38:29
2201,裕隆,29.2,29.3,29.5,29.2,5.67,9.12,34.15,0.04,0.23,-0.2,31.71,30.06,28.41,2073,1976,1.05,310.24,32.81,0.56,1.92,2026-10-01,2026-10-01 07:38:30
2204,中華,52.2,52.2,52.3,52.0,26.54,31.39,31.25,-0.25,-0.15,-0.1,54.4,52.9,51.4,203,316,0.64,288.99,8.39,3.6,6.9,2026-10-01,2026-10-01 07:38:31
2206,三陽工業,62.6,62.2,62.6,62.1,20.93,34.01,32.61,-0.02,0.2,-0.22,64.52,63.39,62.26,298,395,0.75,471.76,10.63,3.06,4.89,2026-10-01,2026-10-01 07:38:32
2207,和泰車,515.0,512.0,515.0,508.0,16.65,20.71,41.38,-1.59,1.34,-2.93,545.67,525.0,504.33,237,244,0.97,2869.08,15.19,20.0,3.88,2026-10-01,2026-10-01 07:38:34
2208,台船,18.85,19.15,19.15,18.85,35.69,51.92,49.06,0.0,-0.01,0.01,19.49,19.02,18.55,3304,2780,1.19,240.25,38.47,,,2026-10-01,2026-10-01 07:38:35
2211,長榮鋼,79.3,79.7,79.9,79.1,22.5,18.09,22.99,-1.28,-1.21,-0.07,84.66,81.29,77.93,586,737,0.8,330.75,10.75,6.5,8.2,2026-10-01,2026-10-01 07:38:36
2221,大甲,179.0,190.5,193.0,178.0,90.8,92.65,82.25,29.45,22.38,7.07,197.07,121.29,45.5,2308,5745,0.4,75.76,59.67,1.5,0.84,2026-10-01,2026-10-01 07:38:37
2227,裕日車,45.0,45.0,45.0,44.7,13.83,10.51,17.24,-0.82,-0.74,-0.08,48.79,46.28,43.78,27,30,0.89,135.0,2.25,0.84,1.87,2026-10-01,2026-10-01 07:38:39
2228,劍麟,75.7,74.9,76.3,74.9,38.42,36.47,48.65,-0.21,-0.36,0.16,76.57,74.97,73.37,88,63,1.38,60.39,19.41,4.5,5.94,2026-10-01,2026-10-01 07:38:40
2230,泰茂,21.5,22.7,22.7,21.5,42.62,41.13,44.14,-0.44,-0.53,0.09,22.87,21.83,20.79,146,145,1.01,14.41,,0.61,2.84,2026-10-01,2026-10-01 07:38:41
2231,為升,92.9,97.0,97.5,92.2,55.79,54.03,58.71,-0.39,-1.02,0.63,94.0,90.94,87.87,329,175,1.88,126.28,14.52,0.5,0.54,2026-10-01,2026-10-01 07:38:42
2233,宇隆,168.5,168.0,169.5,165.0,75.69,66.54,53.97,-4.46,-6.88,2.43,172.34,163.57,154.81,224,410,0.55,101.59,24.78,4.0,2.37,2026-10-01,2026-10-01 07:38:43
2235,謚源,28.0,27.1,28.0,27.1,75.81,78.1,66.67,0.14,0.17,-0.03,28.98,28.23,27.48,2,2,1.0,10.05,20.59,1.5,5.36,2026-09-30,2026-10-01 07:38:45
2236,百達-KY,108.5,109.5,109.5,106.0,32.43,28.76,33.73,-5.07,-4.69,-0.38,128.77,116.42,104.08,413,586,0.71,66.62,14.07,0.31,0.29,2026-10-01,2026-10-01 07:38:46
2237,華德動能-創,26.75,26.75,26.95,26.75,15.55,21.22,20.93,-0.67,-0.81,0.14,28.1,27.26,26.42,40,82,0.48,34.48,8.69,,,2026-10-01,2026-10-01 07:38:47
2239,英利-KY,19.05,19.0,19.15,18.75,34.62,29.49,31.25,-0.26,-0.24,-0.02,20.24,19.35,18.46,28,44,0.64,22.42,2.49,,,2026-10-01,2026-10-01 07:38:49
2241,艾姆勒,44.05,46.0,46.2,44.0,82.58,80.24,78.82,2.55,1.36,1.19,46.31,37.2,28.1,3590,5239,0.69,46.08,,,,2026-10-01,2026-10-01 07:38:50
2243,宏旭-KY,52.2,52.6,53.5,51.9,54.09,55.63,56.03,2.04,1.77,0.27,54.91,48.82,42.73,138,178,0.78,36.21,44.62,,,2026-10-01,2026-10-01 07:38:51
2247,汎德永業,225.5,224.5,225.5,224.0,31.55,41.1,29.41,-0.51,0.39,-0.91,235.48,229.93,224.37,19,35,0.54,182.0,17.11,33.0,14.63,2026-10-01,2026-10-01 07:38:52
2248,華勝-KY,61.4,61.9,61.9,61.4,65.94,66.94,57.97,0.16,0.09,0.06,62.58,60.8,59.02,5,25,0.23,29.23,8.49,3.11,5.07,2026-10-01,2026-10-01 07:38:54
2250,IKKA-KY,55.7,56.9,57.0,55.6,37.07,45.71,47.25,-0.23,-0.28,0.05,58.43,56.56,54.7,112,65,1.73,20.27,20.55,3.0,5.39,2026-10-01,2026-10-01 07:38:55
2254,巨鎧精密-創,94.1,93.0,94.6,93.0,97.52,96.5,100.0,7.96,5.77,2.18,97.33,74.65,51.98,1662,2252,0.74,59.99,,,,2026-10-01,2026-10-01 07:38:56
2258,鴻華先進-創,31.9,32.0,32.45,31.75,70.04,60.51,50.79,0.03,-0.1,0.13,32.3,30.97,29.63,537,453,1.18,556.44,,,,2026-10-01,2026-10-01 07:38:57
2301,光寶科,284.5,278.0,285.0,278.0,36.54,37.97,42.73,2.27,4.3,-2.03,309.26,287.48,265.69,9320,10851,0.86,6457.5,33.51,10.0,3.51,2026-10-01,2026-10-01 07:38:58
2302,麗正,46.5,44.9,47.15,44.9,74.72,71.75,66.92,0.73,0.38,0.36,46.97,43.48,39.99,6718,7035,0.95,77.33,43.46,0.35,0.75,2026-10-01,2026-10-01 07:39:00
2303,聯電,161.5,156.0,161.5,155.5,65.03,67.69,72.22,7.56,6.51,1.05,168.01,145.62,123.24,113634,120472,0.94,20251.36,25.47,2.61,1.62,2026-10-01,2026-10-01 07:39:01
2305,全友,61.9,65.3,65.3,61.9,76.77,87.66,81.21,9.11,7.47,1.65,76.16,48.48,20.81,9381,6434,1.46,125.49,75.49,,,2026-10-01,2026-10-01 07:39:02
2308,台達電,1905.0,1925.0,1935.0,1860.0,75.89,72.37,58.33,31.73,12.59,19.14,1982.62,1784.75,1586.88,6107,9276,0.66,49483.2,60.44,11.6,0.61,2026-10-01,2026-10-01 07:39:03
2312,金寶,31.0,31.3,31.35,30.7,48.54,44.49,40.24,-0.31,-0.32,0.02,32.77,31.31,29.86,4867,4758,1.02,466.85,26.05,0.6,1.94,2026-10-01,2026-10-01 07:39:04
2313,華通,224.5,227.0,228.0,223.0,45.13,43.31,46.39,0.14,0.81,-0.68,246.01,227.97,209.94,6829,9160,0.75,2769.93,36.44,2.78,1.24,2026-10-01,2026-10-01 07:39:06
2314,台揚,11.5,11.4,11.8,11.3,61.92,54.33,55.81,-0.1,-0.19,0.09,11.71,11.06,10.41,209,106,1.96,12.49,8.46,,,2026-10-01,2026-10-01 07:39:07
2316,楠梓電,167.0,167.5,172.0,164.5,70.42,61.23,60.71,0.61,-0.73,1.34,166.22,158.9,151.58,2446,1444,1.69,303.0,11.69,2.0,1.2,2026-10-01,2026-10-01 07:39:08
2317,鴻海,254.0,253.0,254.0,250.5,59.96,58.39,53.85,0.42,0.15,0.27,256.71,251.12,245.54,26535,30188,0.88,35589.65,16.8,7.17,2.82,2026-10-01,2026-10-01 07:39:10
2321,東訊,23.5,23.65,23.65,23.5,19.51,33.43,17.43,-0.76,-0.42,-0.34,29.2,26.3,23.4,4,4,0.93,3.85,,,,2026-10-01,2026-10-01 07:39:11
2323,中環,11.0,10.87,11.17,10.82,68.91,63.28,58.82,0.03,0.01,0.02,11.07,10.77,10.46,12606,5715,2.21,97.06,3.64,1.2,10.91,2026-09-30,2026-10-01 07:39:12
2324,仁寶,36.65,37.2,37.3,36.65,21.05,16.71,31.4,-0.6,-0.42,-0.18,40.74,37.98,35.22,25279,28316,0.89,1560.24,18.99,1.1,3.0,2026-10-01,2026-10-01 07:39:13
2327,國巨*,602.0,560.0,602.0,560.0,62.66,53.62,59.79,-5.16,-12.37,7.22,599.8,556.3,512.8,74093,42372,1.75,12391.93,40.54,6.0,1.0,2026-10-01,2026-10-01 07:39:15
2328,廣宇,47.75,47.65,48.35,47.5,70.49,64.64,62.18,0.4,0.26,0.14,48.17,46.53,44.88,1213,1047,1.16,247.51,111.05,0.9,1.88,2026-10-01,2026-10-01 07:39:16
2329,華泰,44.35,45.1,45.1,44.2,72.62,70.16,59.88,0.14,-0.15,0.29,45.19,43.15,41.11,1767,2615,0.68,292.24,20.92,1.0,2.25,2026-10-01,2026-10-01 07:39:17
2330,台積電,2510.0,2490.0,2510.0,2485.0,83.07,73.35,58.38,25.12,18.55,6.56,2528.31,2438.95,2349.59,19707,21664,0.91,650902.5,29.34,28.0,1.12,2026-10-01,2026-10-01 07:39:18
2331,精英,19.15,19.2,19.25,19.05,46.22,45.0,52.63,-0.13,-0.17,0.04,19.72,19.05,18.37,699,680,1.03,106.74,18.96,0.21,1.1,2026-10-01,2026-10-01 07:39:19
2332,友訊,20.15,20.6,20.6,20.15,59.09,61.17,61.9,-0.05,-0.25,0.2,20.81,19.53,18.26,5285,7609,0.69,120.24,67.17,0.1,0.5,2026-10-01,2026-10-01 07:39:21
2337,旺宏,121.0,121.0,122.5,119.5,55.95,45.42,42.47,-1.36,-1.86,0.49,126.79,120.15,113.51,16427,20623,0.8,2334.24,29.02,,,2026-10-01,2026-10-01 07:39:22
2338,光罩,47.2,47.55,47.95,47.0,22.91,33.22,63.83,1.81,1.85,-0.04,53.85,45.11,36.37,2738,3816,0.72,156.01,157.33,,,2026-10-01,2026-10-01 07:39:23
2340,台亞,43.85,40.8,44.7,40.25,85.25,76.06,87.22,1.81,0.75,1.06,40.62,34.29,27.96,40468,20494,1.97,192.01,79.73,,,2026-10-01,2026-10-01 07:39:24
2342,茂矽,49.35,50.3,50.5,49.0,78.47,77.76,76.07,2.36,1.15,1.21,50.48,42.02,33.56,7443,20632,0.36,77.64,26.82,0.3,0.61,2026-10-01,2026-10-01 07:39:26
2344,華邦電,180.0,178.0,180.5,175.5,79.58,65.12,47.62,0.46,-0.18,0.64,188.44,174.22,160.01,64527,62506,1.03,8100.0,19.96,0.5,0.28,2026-10-01,2026-10-01 07:39:27
2345,智邦,1900.0,1795.0,1910.0,1785.0,39.78,33.49,40.94,-73.03,-77.89,4.86,2144.38,1924.25,1704.12,5857,4486,1.31,10619.25,29.98,15.0,0.79,2026-10-01,2026-10-01 07:39:28
2347,聯強,95.4,95.0,96.2,94.4,65.18,71.35,80.91,1.68,0.98,0.7,95.9,90.35,84.8,5961,4219,1.41,1591.22,13.03,4.2,4.4,2026-10-01,2026-10-01 07:39:30
2348,海悅,70.4,70.4,70.6,70.2,17.32,27.93,46.23,0.23,0.49,-0.27,74.01,71.56,69.11,107,193,0.56,112.16,15.71,5.0,7.1,2026-10-01,2026-10-01 07:39:31
2349,錸德,10.5,10.65,10.75,10.35,52.74,48.86,43.75,-0.15,-0.2,0.05,11.05,10.51,9.97,2274,2156,1.05,72.84,9.81,,,2026-10-01,2026-10-01 07:39:32
2351,順德,212.5,210.0,214.5,207.0,17.0,23.53,36.56,2.77,8.33,-5.56,256.32,232.05,207.78,3441,4992,0.69,411.68,55.34,1.03,0.48,2026-10-01,2026-10-01 07:39:33
2352,佳世達,29.1,29.7,29.75,29.1,51.63,56.64,53.41,0.12,0.08,0.04,29.67,28.99,28.3,3298,3543,0.93,459.93,37.31,1.0,3.44,2026-10-01,2026-10-01 07:39:35
2353,宏碁,31.85,31.65,31.9,31.4,40.62,42.26,50.45,0.13,0.16,-0.03,32.67,31.71,30.75,10078,9441,1.07,957.48,19.07,1.3,4.08,2026-10-01,2026-10-01 07:39:36
2354,鴻準,66.2,67.1,69.5,65.3,31.92,36.18,60.24,1.01,1.18,-0.17,66.74,65.34,63.94,21900,9541,2.3,936.39,28.17,1.5,2.27,2026-10-01,2026-10-01 07:39:38
2355,敬鵬,41.3,41.85,42.0,41.25,54.32,53.29,35.16,-0.29,-0.35,0.06,43.3,41.68,40.06,1319,1251,1.05,163.61,21.85,1.0,2.42,2026-10-01,2026-10-01 07:39:39
2356,英業達,59.7,59.6,59.8,59.0,13.9,14.71,23.26,-1.38,-1.1,-0.28,67.24,62.38,57.51,8393,10682,0.79,2141.72,19.7,2.0,3.35,2026-10-01,2026-10-01 07:39:40
2357,華碩,965.0,961.0,971.0,960.0,73.0,67.09,45.88,12.14,16.57,-4.43,1016.53,963.65,910.77,1562,1528,1.02,7167.64,14.28,42.0,4.35,2026-10-01,2026-10-01 07:39:41
2359,所羅門,128.0,129.0,129.0,128.0,30.12,31.95,38.3,-4.09,-4.19,0.1,143.58,132.03,120.47,859,1004,0.86,219.35,19.08,1.0,0.78,2026-10-01,2026-10-01 07:39:43
2360,致茂,2080.0,2125.0,2150.0,2025.0,25.96,37.33,37.06,28.02,41.54,-13.52,2444.26,2185.5,1926.74,2617,2316,1.13,8810.7,53.24,19.5,0.94,2026-10-01,2026-10-01 07:39:44
2362,藍天,46.6,47.0,47.15,46.6,25.65,39.97,36.51,-0.04,0.13,-0.17,49.11,47.55,45.99,479,389,1.23,269.35,7.7,2.0,4.29,2026-10-01,2026-10-01 07:39:45
2363,矽統,60.6,59.3,61.0,59.1,71.86,67.65,72.99,1.95,1.08,0.87,62.21,54.44,46.67,9160,8284,1.11,309.17,114.34,0.61,1.01,2026-10-01,2026-10-01 07:39:47
2364,倫飛,64.9,65.0,65.4,64.6,30.98,43.65,47.48,-0.25,-0.23,-0.02,68.33,65.38,62.44,80,101,0.79,37.4,12.15,2.0,3.08,2026-10-01,2026-10-01 07:39:48
2365,昆盈,28.2,28.35,28.4,27.9,36.25,41.8,46.53,-0.4,-0.47,0.08,29.72,28.41,27.1,663,516,1.28,62.47,51.27,0.3,1.06,2026-10-01,2026-10-01 07:39:49
2367,燿華,43.35,43.8,43.8,42.9,80.4,67.61,57.82,-0.15,-0.52,0.37,44.23,41.72,39.21,3779,2949,1.28,306.16,15.0,0.2,0.46,2026-10-01,2026-10-01 07:39:50
2368,金像電,1095.0,1120.0,1125.0,1085.0,73.17,66.05,49.46,17.45,10.57,6.88,1183.46,1065.45,947.44,9060,13019,0.7,5625.59,38.95,9.8,0.89,2026-10-01,2026-10-01 07:39:51
2369,菱生,31.75,32.15,32.2,31.65,57.6,54.95,59.35,-0.07,-0.38,0.32,32.72,30.74,28.75,3068,4978,0.62,118.89,18.9,0.3,0.94,2026-10-01,2026-10-01 07:39:52
2371,大同,30.5,31.0,31.6,30.3,68.68,66.92,67.63,0.69,0.56,0.13,30.61,28.69,26.76,33460,16901,1.98,624.05,13.03,3.11,10.2,2026-10-01,2026-10-01 07:39:54
2373,震旦行,53.0,53.3,53.3,52.8,44.56,43.48,45.83,-0.12,-0.14,0.01,53.58,53.0,52.41,12,15,0.83,118.56,14.25,3.7,6.98,2026-10-01,2026-10-01 07:39:55
2374,佳能,66.7,67.5,67.5,66.5,42.04,35.12,42.86,-0.36,-0.35,-0.01,69.07,67.15,65.24,1216,1216,1.0,225.43,20.15,1.99,2.98,2026-10-01,2026-10-01 07:39:56
2375,凱美,124.5,119.0,127.0,119.0,44.76,35.04,53.06,-2.46,-3.29,0.84,126.62,120.42,114.23,8426,2724,3.09,135.3,30.0,1.2,0.96,2026-10-01,2026-10-01 07:39:58
2376,技嘉,368.5,361.0,369.0,358.5,61.18,58.19,66.96,4.07,3.41,0.66,372.75,357.12,341.5,3920,4188,0.94,2468.54,14.08,12.0,3.26,2026-10-01,2026-10-01 07:39:59
2377,微星,152.5,151.5,153.5,151.0,38.67,44.31,42.59,0.89,1.31,-0.42,159.4,152.8,146.2,2990,3438,0.87,1288.41,13.32,4.2,2.75,2026-10-01,2026-10-01 07:40:00
2379,瑞昱,762.0,753.0,769.0,751.0,63.14,66.41,72.09,13.85,8.17,5.68,776.77,722.79,668.8,3147,3115,1.01,3908.02,28.24,25.0,3.28,2026-10-01,2026-10-01 07:40:01
2380,虹光,17.0,17.0,17.15,16.85,42.23,35.82,41.77,-0.56,-0.63,0.08,18.47,17.19,15.91,39,42,0.92,10.19,42.5,,,2026-10-01,2026-10-01 07:40:02
2382,廣達,334.0,333.0,335.0,330.0,30.49,43.9,38.89,1.5,2.63,-1.13,348.76,338.52,328.29,14781,10934,1.35,13692.39,14.77,15.6,4.67,2026-10-01,2026-10-01 07:40:04
2383,台光電,4975.0,4950.0,4975.0,4855.0,46.37,39.07,34.5,-134.02,-119.46,-14.56,5626.06,5144.25,4662.44,1361,1824,0.75,17826.47,78.15,25.0,0.5,2026-10-01,2026-10-01 07:40:05
2385,群光,105.5,104.5,106.5,104.5,47.57,44.32,44.44,-0.44,-0.33,-0.11,110.03,105.95,101.87,1774,1888,0.94,767.78,11.96,7.2,6.82,2026-10-01,2026-10-01 07:40:06
2387,精元,36.55,36.5,36.75,36.35,40.87,51.53,47.76,-0.09,-0.12,0.03,37.28,36.57,35.85,141,165,0.85,70.73,12.43,4.0,10.94,2026-10-01,2026-10-01 07:40:08
2388,威盛,73.3,73.3,75.3,72.8,45.61,30.22,36.93,-0.85,-0.93,0.09,80.46,73.45,66.44,3765,3472,1.08,392.86,46.1,0.05,0.07,2026-10-01,2026-10-01 07:40:09
2390,云辰,10.15,10.3,10.3,10.1,58.76,61.49,52.34,-0.06,-0.1,0.04,10.35,10.12,9.9,246,217,1.13,19.55,,,,2026-10-01,2026-10-01 07:40:10
2392,正崴,41.6,41.2,41.95,41.2,28.21,34.09,44.59,-0.02,0.32,-0.34,45.83,42.84,39.84,887,1918,0.46,192.53,5.35,1.0,2.4,2026-10-01,2026-10-01 07:40:11
2393,億光,64.5,64.5,64.6,63.8,81.19,69.76,59.37,0.07,-0.04,0.11,65.74,63.45,61.16,1195,1540,0.78,285.99,13.93,4.5,6.98,2026-10-01,2026-10-01 07:40:12
2395,研華,723.0,731.0,734.0,718.0,66.59,69.29,79.17,18.72,16.79,1.93,738.71,691.85,644.99,1654,2372,0.7,6283.2,44.71,11.16,1.54,2026-10-01,2026-10-01 07:40:13
2397,友通,63.1,63.1,63.1,62.5,76.98,68.65,77.59,0.3,-0.01,0.31,64.11,61.22,58.33,77,116,0.66,72.24,23.2,2.45,3.88,2026-10-01,2026-10-01 07:40:15
2399,映泰,51.3,49.0,51.3,48.6,72.56,61.63,69.78,1.2,0.96,0.24,50.74,47.17,43.6,18893,7304,2.59,91.37,12.92,,,2026-10-01,2026-10-01 07:40:16
2401,凌陽,26.85,26.9,27.2,26.55,81.71,72.89,63.71,0.07,-0.24,0.31,26.98,25.31,23.63,6338,3193,1.98,157.99,268.5,,,2026-10-01,2026-10-01 07:40:17
2402,毅嘉,57.2,58.5,59.3,56.7,68.32,59.19,62.5,0.12,-0.28,0.4,58.84,55.35,51.86,1591,1736,0.92,175.91,37.39,2.0,3.5,2026-10-01,2026-10-01 07:40:19
2404,漢唐,1305.0,1280.0,1315.0,1270.0,90.71,83.86,74.0,48.14,18.97,29.17,1315.22,1112.75,910.28,1823,3086,0.59,2464.97,19.76,40.0,3.07,2026-10-01,2026-10-01 07:40:20
2405,輔信,15.3,15.55,15.7,15.3,63.62,61.25,60.0,-0.1,-0.19,0.09,15.45,15.0,14.56,1887,1088,1.73,52.54,,0.1,0.65,2026-10-01,2026-10-01 07:40:21
2406,國碩,31.4,31.9,31.9,31.1,83.94,76.15,73.14,0.46,-0.16,0.62,31.95,28.2,24.46,6885,9788,0.7,110.18,184.71,,,2026-10-01,2026-10-01 07:40:22
2408,南亞科,519.0,515.0,522.0,510.0,65.81,60.3,49.0,5.69,5.55,0.14,541.47,504.48,467.48,27023,37772,0.72,16081.88,18.12,1.35,0.26,2026-10-01,2026-10-01 07:40:24
2409,友達,38.3,39.8,40.0,37.8,85.18,80.92,69.7,2.69,1.93,0.76,38.91,31.36,23.8,931762,677307,1.38,2890.54,159.58,0.4,1.04,2026-10-01,2026-10-01 07:40:25
2412,中華電,145.5,144.0,146.0,143.0,70.58,77.16,75.0,1.97,1.87,0.1,148.23,142.12,136.02,8624,8831,0.98,11287.08,28.64,5.2,3.57,2026-10-01,2026-10-01 07:40:26
2413,環科,51.6,51.6,53.6,50.7,26.2,40.68,54.26,1.98,2.16,-0.18,56.82,49.93,43.04,2826,2561,1.1,65.72,13.76,0.5,0.97,2026-10-01,2026-10-01 07:40:28
2414,精技,53.2,53.3,53.3,52.8,75.13,70.45,55.0,-0.06,-0.23,0.17,53.59,52.71,51.84,47,69,0.67,86.04,13.04,3.0,5.64,2026-10-01,2026-10-01 07:40:29
2415,錩新,27.25,27.45,27.45,27.05,53.55,42.15,33.9,-0.21,-0.21,0.0,28.68,27.48,26.28,80,106,0.75,27.25,19.33,0.48,1.76,2026-10-01,2026-10-01 07:40:31
2417,圓剛,38.95,39.4,39.4,38.85,47.44,49.86,61.04,-0.86,-0.99,0.13,42.34,39.33,36.31,224,288,0.78,49.52,28.64,0.25,0.64,2026-10-01,2026-10-01 07:40:32
2419,仲琦,29.05,29.75,29.75,29.0,61.27,63.22,60.57,0.95,0.84,0.11,30.28,27.94,25.61,864,1224,0.71,93.34,581.0,,,2026-10-01,2026-10-01 07:40:33
2420,新巨,58.0,55.4,59.0,55.2,73.45,61.36,75.0,0.29,-0.04,0.33,56.18,54.16,52.13,1731,491,3.52,88.54,13.03,3.0,5.17,2026-10-01,2026-10-01 07:40:34
2421,建準,164.0,162.0,164.5,160.5,40.51,44.74,45.33,2.28,3.4,-1.12,174.11,165.45,156.79,1487,1834,0.81,469.11,17.28,5.24,3.2,2026-10-01,2026-10-01 07:40:35
2423,固緯,71.6,72.0,72.0,70.3,30.69,38.18,35.37,-0.52,-0.39,-0.12,74.86,73.11,71.36,155,122,1.28,103.85,17.05,2.5,3.49,2026-10-01,2026-10-01 07:40:37
2424,隴華,8.16,8.02,8.43,8.02,45.66,44.41,53.22,-0.03,-0.07,0.04,8.43,8.1,7.77,29,23,1.25,4.86,,,,2026-10-01,2026-10-01 07:40:38
2425,承啟,37.75,37.55,38.2,37.55,65.67,61.44,51.97,-0.61,-0.93,0.32,38.35,37.09,35.84,469,343,1.37,36.43,60.89,0.1,0.26,2026-10-01,2026-10-01 07:40:39
2426,鼎元,103.0,106.5,111.5,102.0,59.03,57.28,54.1,4.4,4.91,-0.51,106.11,98.77,91.42,60518,41254,1.47,309.64,1030.0,0.1,0.1,2026-10-01,2026-10-01 07:40:41
2427,三商電,23.3,23.35,23.5,23.25,25.53,40.73,61.11,0.28,0.28,-0.0,24.47,22.97,21.47,326,438,0.75,46.13,12.66,0.7,3.0,2026-10-01,2026-10-01 07:40:42
2428,興勤,261.0,253.0,263.0,253.0,45.33,42.84,68.12,1.53,1.52,0.01,262.56,254.18,245.79,1835,794,2.31,334.37,18.6,5.9,2.26,2026-10-01,2026-10-01 07:40:43
2429,銘旺科,30.75,30.8,31.4,30.6,37.41,41.92,52.99,-0.63,-0.78,0.15,31.97,30.93,29.89,174,210,0.83,26.48,,,,2026-10-01,2026-10-01 07:40:44
2430,燦坤,18.1,18.15,18.2,18.05,81.67,87.83,53.85,0.14,0.14,0.0,18.28,18.01,17.73,20,41,0.49,21.14,36.94,0.8,4.42,2026-10-01,2026-10-01 07:40:45
2431,聯昌,10.15,10.15,10.15,10.05,57.48,58.14,56.45,-0.04,-0.07,0.03,10.3,10.05,9.8,51,72,0.72,8.19,,,,2026-10-01,2026-10-01 07:40:46
2432,倚天酷碁-創,27.6,27.7,27.7,27.6,76.66,61.74,48.65,-0.06,-0.11,0.06,27.98,27.41,26.85,2,13,0.15,17.07,13.21,1.7,6.16,2026-10-01,2026-10-01 07:40:48
2433,互盛電,40.2,40.45,40.45,40.05,20.31,19.62,32.79,-0.38,-0.36,-0.02,41.95,40.77,39.59,27,23,1.18,58.09,13.4,2.7,6.72,2026-10-01,2026-10-01 07:40:49
2434,統懋,62.9,65.8,65.9,62.5,40.16,45.8,54.1,1.75,1.71,0.04,68.24,63.14,58.03,470,1043,0.45,23.27,,,,2026-10-01,2026-10-01 07:40:50
2436,偉詮電,74.0,74.2,75.5,73.9,74.9,73.84,62.89,2.17,1.57,0.6,75.43,69.27,63.11,5113,7851,0.65,152.11,13.53,1.96,2.65,2026-10-01,2026-10-01 07:40:52
2438,翔耀,19.95,19.9,20.25,19.7,38.58,42.63,46.46,0.22,0.27,-0.05,21.77,20.09,18.41,68,65,1.03,14.2,,,,2026-10-01,2026-10-01 07:40:53
2439,美律,76.5,77.3,77.5,76.2,39.92,57.17,57.14,-0.1,-0.08,-0.02,79.51,77.48,75.45,1180,1226,0.96,190.21,14.85,4.08,5.33,2026-10-01,2026-10-01 07:40:54
2440,太空梭,14.4,14.3,14.4,14.25,73.69,69.13,56.67,-0.05,-0.12,0.07,14.58,14.22,13.87,106,190,0.56,20.03,102.86,,,2026-10-01,2026-10-01 07:40:56
2441,超豐,124.5,125.5,125.5,123.0,59.55,64.09,66.67,2.39,1.63,0.76,129.44,119.1,108.76,2282,3568,0.64,700.74,23.18,3.01,2.42,2026-10-01,2026-10-01 07:40:57
2442,新美齊,14.3,14.35,14.4,14.25,28.2,27.45,21.67,-0.43,-0.4,-0.03,16.5,15.0,13.51,584,590,0.99,49.67,3.17,2.03,14.2,2026-10-01,2026-10-01 07:40:58
2444,兆勁,15.0,15.4,15.8,15.0,80.15,80.21,76.06,1.06,0.72,0.34,16.15,12.72,9.29,2793,3033,0.92,15.99,,,,2026-10-01,2026-10-01 07:40:59
2449,京元電子,296.0,298.0,298.5,292.0,56.49,61.7,61.4,11.52,9.62,1.9,318.2,279.73,241.25,14804,25614,0.58,3800.29,40.72,1.0,0.34,2026-10-01,2026-10-01 07:41:01
2450,神腦,28.3,28.3,28.35,28.2,60.06,57.48,57.14,-0.02,-0.03,0.01,28.36,28.26,28.16,57,60,0.95,73.09,17.47,1.55,5.48,2026-10-01,2026-10-01 07:41:02
2451,創見,289.5,292.0,292.0,287.0,80.25,72.0,52.22,0.17,-0.5,0.67,295.42,284.15,272.88,1338,1712,0.78,1248.75,5.03,11.78,4.07,2026-10-01,2026-10-01 07:41:03
2453,凌群,53.3,53.7,53.8,53.2,17.22,30.97,56.48,0.36,0.45,-0.09,55.9,53.34,50.79,179,209,0.86,53.3,16.87,2.8,5.25,2026-10-01,2026-10-01 07:41:04
2454,聯發科,4980.0,4875.0,4980.0,4875.0,54.95,60.1,60.17,246.02,236.73,9.29,5317.46,4731.5,4145.54,4339,7209,0.6,79538.94,82.29,53.5,1.07,2026-10-01,2026-10-01 07:41:05
2455,全新,546.0,552.0,552.0,530.0,51.35,57.25,53.76,30.14,34.68,-4.53,571.12,535.8,500.48,2004,1825,1.1,1009.59,133.17,2.62,0.48,2026-10-01,2026-10-01 07:41:07
2457,飛宏,22.05,22.4,22.4,22.0,58.48,58.65,43.27,-0.3,-0.38,0.09,23.2,22.2,21.2,874,958,0.91,93.66,,,,2026-10-01,2026-10-01 07:41:08
2458,義隆,138.5,137.0,139.0,136.0,87.08,76.78,65.45,-1.07,-2.91,1.83,139.51,131.43,123.34,1512,1714,0.88,402.02,12.9,8.85,6.39,2026-10-01,2026-10-01 07:41:09
2459,敦吉,64.9,64.9,65.0,64.5,25.75,28.03,22.73,-0.27,-0.17,-0.11,66.75,65.65,64.55,65,60,1.08,68.53,11.63,4.2,6.47,2026-10-01,2026-10-01 07:41:10
2460,建通,30.6,30.6,30.7,29.9,62.44,53.78,47.41,0.17,-0.01,0.18,31.51,29.6,27.69,179,239,0.75,51.78,30.0,,,2026-10-01,2026-10-01 07:41:11
2461,光群雷,17.4,18.0,18.0,17.25,36.61,38.07,36.23,-0.07,-0.02,-0.05,18.58,17.8,17.02,629,422,1.49,31.05,41.43,1.67,9.6,2026-10-01,2026-10-01 07:41:13
2462,良得電,19.9,19.95,19.95,19.75,71.88,73.92,56.36,-0.01,-0.1,0.09,20.35,19.63,18.9,53,119,0.45,30.01,32.62,0.2,1.01,2026-10-01,2026-10-01 07:41:14
2464,盟立,193.5,193.5,195.5,189.5,66.54,61.97,47.01,2.36,2.77,-0.41,215.68,193.72,171.77,8248,11480,0.72,423.51,522.97,0.47,0.24,2026-10-01,2026-10-01 07:41:15
2465,麗臺,93.2,91.5,93.6,90.0,58.2,42.64,43.44,0.15,0.45,-0.3,102.54,93.22,83.9,1455,1126,1.29,87.56,34.65,,,2026-10-01,2026-10-01 07:41:16
2466,冠西電,128.5,128.0,136.0,127.0,81.29,77.43,72.32,6.16,4.05,2.11,125.61,107.42,89.24,5276,3084,1.71,222.89,80.82,,,2026-10-01,2026-10-01 07:41:18
2467,志聖,543.0,545.0,555.0,537.0,45.54,35.64,33.9,-8.41,-7.44,-0.98,625.85,554.7,483.55,877,794,1.1,857.93,107.1,5.5,1.01,2026-10-01,2026-10-01 07:41:19
2468,華經,44.55,45.5,45.6,44.3,57.74,68.41,77.25,3.16,2.77,0.39,51.95,40.1,28.26,992,1231,0.81,31.17,32.76,1.0,2.24,2026-10-01,2026-10-01 07:41:20
2471,資通,52.0,51.9,52.0,51.7,32.49,40.94,70.31,0.62,0.63,-0.02,53.55,51.1,48.66,92,217,0.42,24.57,10.86,3.31,6.37,2026-10-01,2026-10-01 07:41:21
2472,立隆電,226.0,213.5,229.0,213.5,59.47,50.77,60.58,-4.27,-6.81,2.54,226.4,215.38,204.35,5063,2411,2.1,372.3,22.87,3.5,1.55,2026-10-01,2026-10-01 07:41:22
2474,可成,207.5,206.0,208.0,206.0,38.21,47.21,53.66,1.27,1.76,-0.5,211.85,207.22,202.6,1386,1727,0.8,1056.65,15.22,10.27,4.95,2026-10-01,2026-10-01 07:41:24
2476,鉅祥,123.0,123.5,123.5,120.5,70.14,68.02,57.5,0.65,0.36,0.29,126.5,121.42,116.35,857,749,1.14,269.46,20.23,2.97,2.41,2026-10-01,2026-10-01 07:41:25
2477,美隆電,23.1,23.35,23.35,22.85,78.72,76.74,73.91,0.46,0.36,0.1,23.56,22.27,20.98,174,123,1.42,36.63,25.96,1.4,6.06,2026-10-01,2026-10-01 07:41:26
2478,大毅,124.5,120.5,128.5,120.5,49.94,45.06,53.57,-1.87,-2.78,0.91,126.52,120.5,114.48,6249,2218,2.82,177.7,25.83,2.0,1.61,2026-10-01,2026-10-01 07:41:28
2480,敦陽科,160.0,160.5,160.5,159.0,26.03,41.63,62.86,0.96,1.03,-0.08,165.08,159.2,153.32,86,107,0.8,170.18,18.35,7.8,4.88,2026-10-01,2026-10-01 07:41:29
2481,強茂,177.5,172.0,179.0,171.5,77.45,75.74,69.77,7.09,5.74,1.35,181.75,162.55,143.35,23802,29385,0.81,678.25,47.33,1.8,1.01,2026-10-01,2026-10-01 07:41:30
2482,連宇,16.3,16.5,16.5,16.25,56.64,57.98,60.0,0.05,-0.03,0.08,16.53,16.0,15.48,57,84,0.69,12.69,,0.1,0.61,2026-10-01,2026-10-01 07:41:32
2483,百容,36.6,36.15,37.45,34.3,80.17,71.36,69.72,-0.49,-1.24,0.76,35.96,32.67,29.39,5736,1653,3.47,39.31,140.77,0.3,0.82,2026-10-01,2026-10-01 07:41:33
2484,希華,84.6,78.4,85.8,77.3,81.83,72.02,77.43,1.55,0.09,1.46,80.04,71.62,63.19,39983,25044,1.6,134.87,60.86,0.7,0.83,2026-10-01,2026-10-01 07:41:34
2485,兆赫,40.5,41.75,41.75,40.4,62.9,56.7,49.37,-0.41,-0.68,0.27,42.27,39.95,37.62,2433,2064,1.18,128.66,46.02,,,2026-10-01,2026-10-01 07:41:35
2486,一詮,248.5,241.0,259.0,241.0,58.71,44.51,49.07,-1.54,-1.85,0.32,270.88,242.53,214.17,8656,3527,2.45,592.63,210.59,0.5,0.2,2026-10-01,2026-10-01 07:41:36
2488,漢平,48.95,48.85,49.2,48.8,38.25,40.85,65.91,0.0,-0.07,0.08,49.17,48.61,48.05,28,40,0.69,39.16,10.22,3.0,6.13,2026-10-01,2026-10-01 07:41:37
2489,瑞軒,40.65,42.0,42.05,40.6,39.18,50.74,53.17,1.14,1.37,-0.23,44.43,40.75,37.06,12733,15398,0.83,247.96,30.34,1.2,2.95,2026-10-01,2026-10-01 07:41:39
2491,吉祥全,40.5,41.05,41.25,40.0,29.18,28.75,42.24,0.04,0.38,-0.34,46.17,41.3,36.43,512,637,0.8,33.21,1.27,,,2026-10-01,2026-10-01 07:41:40
2492,華新科,329.0,302.5,329.0,302.5,52.49,41.1,53.53,2.46,1.13,1.33,335.24,307.82,280.41,51656,26674,1.94,1596.32,36.97,2.5,0.76,2026-10-01,2026-10-01 07:41:41
2493,揚博,197.0,197.5,200.0,195.5,67.53,65.53,58.85,0.53,-2.28,2.82,206.32,186.03,165.73,984,1752,0.56,352.24,44.37,4.0,2.03,2026-10-01,2026-10-01 07:41:42
2495,普安,38.6,39.4,39.4,38.5,57.76,60.0,63.64,0.16,-0.08,0.24,39.66,37.78,35.9,864,902,0.96,105.59,19.11,0.8,2.07,2026-10-01,2026-10-01 07:41:43
2496,卓越,55.1,55.1,55.1,55.0,39.1,39.75,51.72,-0.02,-0.08,0.05,55.35,54.92,54.5,15,12,1.28,11.05,9.17,4.36,7.91,2026-10-01,2026-10-01 07:41:44
2497,怡利電,44.0,44.95,44.95,43.9,57.16,56.25,50.0,-0.63,-0.88,0.25,45.19,43.85,42.51,207,148,1.39,57.59,13.25,2.0,4.55,2026-10-01,2026-10-01 07:41:46
2498,宏達電,43.7,43.5,46.85,43.5,60.76,53.82,72.22,0.5,0.07,0.42,43.43,40.93,38.43,23390,15454,1.51,365.39,17.07,0.5,1.14,2026-10-01,2026-10-01 07:41:47
2501,國建,21.05,21.15,21.25,20.95,14.83,19.05,25.45,-0.38,-0.32,-0.06,22.9,21.76,20.63,1744,2350,0.74,244.09,7.33,1.2,5.7,2026-10-01,2026-10-01 07:41:48
2504,國產,30.55,30.7,30.75,30.55,21.54,32.11,35.71,-0.17,-0.11,-0.06,31.85,31.09,30.33,1239,1536,0.81,359.54,9.67,2.6,8.51,2026-10-01,2026-10-01 07:41:49
2505,國揚,17.05,16.95,17.05,16.95,32.96,35.74,41.67,-0.03,-0.01,-0.02,17.48,17.14,16.8,95,319,0.3,64.79,8.65,1.0,5.87,2026-10-01,2026-10-01 07:41:50
2506,太設,8.43,8.43,8.43,8.37,47.88,43.63,40.82,-0.05,-0.04,-0.01,8.76,8.51,8.26,293,202,1.45,30.48,22.78,0.2,2.37,2026-10-01,2026-10-01 07:41:51
2509,全坤建,14.3,14.2,14.3,14.1,20.5,24.08,41.07,-0.02,0.06,-0.08,15.17,14.57,13.96,58,79,0.73,32.11,,,,2026-10-01,2026-10-01 07:41:53
2511,太子,8.32,8.34,8.34,8.29,19.48,27.73,33.33,0.0,0.02,-0.02,8.52,8.4,8.28,411,506,0.81,135.01,23.77,0.3,3.61,2026-10-01,2026-10-01 07:41:54
2514,龍邦,11.6,11.65,11.7,11.5,42.73,42.8,46.15,-0.12,-0.14,0.03,11.87,11.63,11.4,50,55,0.91,41.54,29.74,,,2026-10-01,2026-10-01 07:41:55
2515,中工,11.95,11.9,12.0,11.85,22.69,25.54,45.83,-0.03,-0.04,0.0,12.15,11.95,11.75,1875,3423,0.55,201.77,26.56,,,2026-10-01,2026-10-01 07:41:57
2516,新建,15.15,15.3,15.3,15.05,64.48,66.51,59.02,0.27,0.21,0.06,15.44,14.61,13.77,114,310,0.37,34.28,10.03,,,2026-10-01,2026-10-01 07:41:58
2520,冠德,36.75,36.5,36.95,36.4,22.39,32.79,48.65,0.37,0.51,-0.14,38.03,36.91,35.8,1180,1160,1.02,221.41,11.14,1.62,4.41,2026-10-01,2026-10-01 07:41:59
2524,京城,34.6,34.7,34.7,34.25,35.09,38.47,46.86,-0.08,-0.08,0.0,36.65,34.76,32.87,25,41,0.61,126.63,42.2,,,2026-10-01,2026-10-01 07:42:00
2527,宏璟,49.1,50.0,50.0,48.4,81.57,79.29,71.25,1.54,1.0,0.54,50.29,45.27,40.24,842,834,1.01,128.52,8.63,1.5,3.05,2026-10-01,2026-10-01 07:42:02
2528,皇普,19.25,19.35,19.35,19.25,16.48,30.28,36.23,-0.15,-0.07,-0.08,20.57,19.82,19.07,121,215,0.56,96.52,8.26,1.3,6.75,2026-10-01,2026-10-01 07:42:03
2530,華建,20.05,20.05,20.1,19.9,36.18,44.67,57.49,0.26,0.27,-0.01,20.92,19.85,18.78,183,342,0.54,168.67,31.83,2.31,11.52,2026-10-01,2026-10-01 07:42:04
2534,宏盛,16.85,16.85,16.85,16.7,33.71,34.97,43.75,-0.05,-0.05,0.0,17.18,16.91,16.65,205,232,0.88,79.7,337.0,1.5,8.9,2026-10-01,2026-10-01 07:42:05
2535,達欣工,88.9,89.3,89.3,88.7,20.71,32.33,51.56,-0.11,-0.05,-0.06,90.43,89.4,88.37,166,222,0.75,231.04,8.72,4.6,5.17,2026-10-01,2026-10-01 07:42:07
2536,宏普,19.1,19.25,19.25,19.1,17.11,29.24,52.78,-0.18,-0.16,-0.01,19.92,19.24,18.56,398,430,0.93,60.93,4.62,2.0,10.47,2026-10-01,2026-10-01 07:42:08
2537,聯上發,11.1,11.2,11.2,11.05,16.97,23.32,34.78,-0.02,0.0,-0.03,11.66,11.35,11.04,1013,465,2.18,33.36,27.07,,,2026-10-01,2026-10-01 07:42:09
2538,基泰,8.83,8.95,8.95,8.8,58.45,44.42,50.0,-0.07,-0.11,0.04,8.98,8.74,8.49,251,387,0.65,39.3,14.97,0.5,5.66,2026-10-01,2026-10-01 07:42:10
2539,櫻花建,34.25,34.5,34.5,34.0,22.35,30.81,38.28,-0.02,0.13,-0.15,36.04,34.86,33.68,658,758,0.87,498.54,10.04,0.6,1.75,2026-10-01,2026-10-01 07:42:11
2542,興富發,38.4,38.6,38.75,38.15,9.82,17.08,23.04,-0.94,-0.4,-0.54,45.89,41.9,37.92,11179,18718,0.6,810.98,8.91,4.0,10.42,2026-10-01,2026-10-01 07:42:15
2543,皇昌,38.2,38.7,38.7,38.15,25.82,33.2,40.62,-0.06,-0.02,-0.04,39.55,38.46,37.36,547,545,1.0,196.47,13.64,1.83,4.79,2026-10-01,2026-10-01 07:42:16
2545,皇翔,34.2,34.15,34.55,34.15,36.11,36.76,46.77,0.01,0.01,0.0,35.33,34.19,33.06,44,94,0.48,129.87,55.16,2.8,8.19,2026-10-01,2026-10-01 07:42:17
2546,根基,106.0,105.0,106.0,104.5,51.32,54.72,54.76,1.37,1.76,-0.4,108.44,105.15,101.86,119,104,1.15,154.96,8.05,4.8,4.53,2026-10-01,2026-10-01 07:42:19
2547,日勝生,9.78,9.8,9.82,9.78,36.36,45.47,38.26,-0.07,-0.08,0.0,10.13,9.9,9.66,723,1092,0.66,101.23,61.12,0.8,8.18,2026-10-01,2026-10-01 07:42:20
2548,華固,91.8,92.0,92.3,91.7,12.05,21.7,38.27,-0.69,-0.53,-0.17,96.29,93.59,90.9,573,947,0.61,307.98,8.66,7.62,8.3,2026-10-01,2026-10-01 07:42:21
2596,綠意,34.9,35.1,35.5,34.9,42.35,37.73,48.08,0.39,0.58,-0.19,36.46,35.3,34.14,24,55,0.44,34.9,12.78,1.5,4.3,2026-10-01,2026-10-01 07:42:23
2597,潤弘,167.5,168.0,168.0,167.0,23.01,28.65,33.33,-0.2,0.29,-0.49,173.9,169.62,165.35,272,177,1.54,520.45,14.39,9.67,5.77,2026-10-01,2026-10-01 07:42:24
2601,益航,5.91,7.06,7.06,7.06,17.57,14.14,12.61,-0.25,-0.17,-0.07,8.54,7.6,6.67,0,665,0.0,34.15,49.25,,,2026-09-30,2026-10-01 07:42:25
2603,長榮,238.0,238.0,239.0,235.5,51.02,64.61,55.88,3.47,4.27,-0.8,245.9,237.32,228.75,5950,5451,1.09,5152.8,9.44,16.0,6.72,2026-10-01,2026-10-01 07:42:27
2605,新興,35.4,35.55,35.55,35.15,24.35,36.48,41.34,0.37,0.62,-0.25,37.6,36.19,34.77,4540,7490,0.61,207.22,7.22,1.0,2.82,2026-10-01,2026-10-01 07:42:28
2606,裕民,73.5,74.0,74.2,73.1,20.41,31.24,24.59,0.73,1.56,-0.83,80.14,76.58,73.02,1726,2665,0.65,621.12,10.87,2.8,3.81,2026-10-01,2026-10-01 07:42:29
2607,榮運,53.8,53.8,53.8,53.4,80.08,75.25,54.55,0.67,0.81,-0.13,53.93,53.37,52.82,188,252,0.75,287.06,17.13,2.7,5.02,2026-10-01,2026-10-01 07:42:30
2608,嘉里大榮,28.8,28.6,28.8,28.6,28.85,32.11,58.54,0.0,0.0,0.0,29.06,28.69,28.32,85,125,0.68,134.5,15.0,1.65,5.73,2026-10-01,2026-10-01 07:42:31
2609,陽明,58.8,58.9,59.4,58.7,25.68,38.15,51.35,0.8,1.15,-0.35,61.82,59.2,56.59,12455,18123,0.69,2053.36,13.24,2.0,3.4,2026-10-01,2026-10-01 07:42:33
2610,華航,20.3,20.45,20.45,20.15,57.01,56.35,47.37,-0.09,-0.12,0.04,20.71,20.32,19.94,11963,19262,0.62,1234.62,9.49,0.81,3.99,2026-10-01,2026-10-01 07:42:34
2611,志信,14.35,14.3,14.45,14.3,61.76,57.11,57.89,-0.09,-0.11,0.02,14.7,14.21,13.73,236,296,0.8,27.12,8.11,0.52,3.62,2026-10-01,2026-10-01 07:42:35
2612,中航,61.4,61.5,62.2,61.0,24.59,27.24,32.69,0.65,1.18,-0.53,65.22,62.91,60.6,131,254,0.52,121.26,11.95,2.2,3.58,2026-10-01,2026-10-01 07:42:36
2613,中櫃,22.2,22.25,22.35,22.05,47.46,42.53,40.68,0.01,0.05,-0.05,22.9,22.33,21.76,97,135,0.72,30.48,16.69,1.0,4.5,2026-10-01,2026-10-01 07:42:37
2614,東森,19.25,19.3,19.35,19.0,87.33,77.59,73.91,0.18,0.04,0.14,19.07,18.23,17.38,2024,1529,1.32,63.0,9.44,0.4,2.08,2026-10-01,2026-10-01 07:42:39
2615,萬海,112.5,113.0,113.5,111.5,21.99,34.1,45.07,2.27,3.5,-1.23,120.0,114.42,108.85,4189,7071,0.59,3156.91,7.73,3.0,2.67,2026-10-01,2026-10-01 07:42:40
2616,山隆,13.3,13.3,13.3,13.25,31.59,21.92,45.45,-0.03,-0.03,-0.0,13.47,13.32,13.17,30,64,0.47,18.08,,0.3,2.26,2026-10-01,2026-10-01 07:42:42
2617,台航,31.1,31.45,31.45,30.9,17.86,26.71,28.3,0.23,0.56,-0.33,34.13,32.58,31.03,792,954,0.83,129.78,8.38,1.5,4.82,2026-10-01,2026-10-01 07:42:43
2618,長榮航,42.2,42.4,42.7,41.85,58.58,59.13,47.83,0.02,-0.01,0.03,43.1,42.14,41.19,17568,23482,0.75,2278.99,8.96,2.0,4.74,2026-10-01,2026-10-01 07:42:44
2630,亞航,46.85,47.15,47.3,46.85,35.1,24.18,35.71,-0.96,-0.94,-0.02,50.63,47.83,45.03,398,573,0.69,98.12,82.19,0.9,1.92,2026-10-01,2026-10-01 07:42:45
2633,台灣高鐵,25.8,25.7,25.8,25.6,29.89,19.96,40.0,-0.1,-0.07,-0.03,26.35,25.89,25.42,2933,3790,0.77,1452.1,21.15,1.15,4.46,2026-10-01,2026-10-01 07:42:47
2634,漢翔,64.4,64.0,64.7,63.8,52.15,39.71,46.28,-0.49,-0.43,-0.06,66.59,64.21,61.82,4793,4755,1.01,606.56,31.26,0.78,1.21,2026-10-01,2026-10-01 07:42:48
2636,台驊控股,70.7,71.2,71.2,70.3,60.42,67.09,56.3,0.58,0.61,-0.03,72.1,70.28,68.47,180,387,0.47,96.83,10.04,5.0,7.07,2026-10-01,2026-10-01 07:42:50
2637,慧洋-KY,95.3,96.5,96.5,95.2,20.58,35.99,37.74,1.25,2.4,-1.15,104.26,99.52,94.77,2298,2212,1.04,711.33,10.55,3.5,3.67,2026-10-01,2026-10-01 07:42:51
2640,大車隊,157.0,157.0,157.5,156.5,15.25,26.51,53.85,1.31,2.03,-0.72,168.78,158.3,147.82,17,24,0.72,93.05,16.53,8.0,5.1,2026-10-01,2026-10-01 07:42:52
2641,正德,17.35,17.5,17.5,17.3,28.93,30.68,32.0,-0.11,-0.07,-0.04,18.27,17.69,17.1,569,868,0.66,57.31,8.03,0.5,2.88,2026-10-01,2026-10-01 07:42:54
2642,宅配通,20.35,20.4,20.4,20.3,45.13,48.5,54.55,-0.01,-0.02,0.01,20.53,20.33,20.12,19,19,1.02,19.43,28.26,0.5,2.46,2026-10-01,2026-10-01 07:42:55
2643,捷迅,62.3,62.4,62.5,62.3,46.58,61.94,35.29,0.11,0.2,-0.09,63.15,62.74,62.32,10,6,1.51,21.8,8.7,4.5,7.22,2026-10-01,2026-10-01 07:42:56
2645,長榮航太,174.0,174.5,175.5,173.5,31.44,29.71,48.39,-2.05,-2.8,0.75,175.79,172.9,170.01,674,641,1.05,651.75,31.99,5.0,2.87,2026-10-01,2026-10-01 07:42:58
2646,星宇航空,20.15,20.15,20.2,20.05,25.76,26.76,38.89,-0.19,-0.19,0.0,20.77,20.34,19.91,2328,2859,0.81,606.26,41.12,,,2026-10-01,2026-10-01 07:42:59
2701,萬企,10.3,10.35,10.35,10.2,35.85,37.14,33.33,-0.03,-0.02,-0.01,10.48,10.35,10.22,50,81,0.61,46.35,17.46,0.28,2.72,2026-10-01,2026-10-01 07:43:00
2702,華園,12.35,12.25,12.35,12.2,42.81,56.0,36.0,-0.02,0.02,-0.05,13.0,12.69,12.39,36,87,0.42,19.34,15.25,,,2026-10-01,2026-10-01 07:43:02
2704,國賓,45.15,45.65,45.7,44.9,36.34,34.73,36.78,-0.14,-0.1,-0.03,46.2,45.46,44.73,77,60,1.27,165.67,16.97,0.5,1.11,2026-10-01,2026-10-01 07:43:03
2705,六福,15.15,15.1,15.25,15.05,28.9,28.2,29.17,-0.19,-0.18,-0.01,15.84,15.38,14.91,103,88,1.17,28.98,20.47,,,2026-10-01,2026-10-01 07:43:04
2706,第一店,12.2,12.15,12.2,12.15,58.78,35.08,50.0,-0.01,-0.01,0.01,12.25,12.16,12.06,14,57,0.25,61.0,17.94,0.35,2.87,2026-10-01,2026-10-01 07:43:06
2707,晶華,176.0,175.5,176.0,175.0,25.37,30.49,33.33,-0.78,-0.6,-0.18,179.61,177.43,175.24,78,90,0.87,224.23,12.25,10.75,6.11,2026-10-01,2026-10-01 07:43:07
2712,遠雄來,13.35,13.35,13.35,13.35,23.42,22.47,15.63,-0.29,-0.26,-0.03,14.77,13.88,12.99,3,7,0.43,14.02,,,,2026-10-01,2026-10-01 07:43:08
2718,全心投控,40.0,40.35,40.6,40.0,43.22,56.31,35.79,-0.56,-0.6,0.05,41.86,40.69,39.53,19,15,1.26,34.28,3.83,8.58,21.45,2026-10-01,2026-10-01 07:43:10
2719,燦星旅,19.5,20.2,20.2,19.5,42.1,39.11,59.46,-0.34,-0.43,0.09,20.14,19.57,19.01,12,5,2.26,13.49,28.68,,,2026-10-01,2026-10-01 07:43:11
2722,夏都,21.45,21.9,21.9,21.3,43.44,31.4,50.0,-0.13,-0.17,0.04,21.72,21.31,20.91,26,31,0.83,30.71,,0.15,0.7,2026-10-01,2026-10-01 07:43:13
2723,美食-KY,77.5,77.0,77.8,76.6,29.75,36.49,40.23,1.17,1.94,-0.76,83.49,79.33,75.18,142,181,0.78,139.5,12.9,3.0,3.87,2026-10-01,2026-10-01 07:43:14
2724,藝舍-KY,11.8,11.8,11.8,11.8,79.07,85.88,62.22,0.49,0.31,0.18,13.3,11.29,9.29,1,1,0.71,7.04,,,,2026-10-01,2026-10-01 07:43:15
2726,雅茗-KY,8.0,8.08,8.08,8.0,33.23,37.6,34.0,-0.11,-0.13,0.02,8.21,8.08,7.95,7,21,0.34,3.02,,,,2026-10-01,2026-10-01 07:43:17
2727,王品,235.0,236.0,236.0,233.5,84.03,67.74,71.43,0.58,-0.27,0.84,236.16,230.3,224.44,149,304,0.49,194.72,13.22,16.12,6.86,2026-10-01,2026-10-01 07:43:18
2729,瓦城,157.0,154.5,157.0,154.5,51.26,58.48,54.76,0.84,0.64,0.2,160.13,155.5,150.87,6,10,0.63,65.68,25.57,6.93,4.41,2026-10-01,2026-10-01 07:43:19
2731,雄獅,144.0,144.5,144.5,143.0,76.11,73.76,57.69,-0.07,-0.37,0.3,145.62,142.95,140.28,91,141,0.65,134.32,8.92,12.8,8.89,2026-10-01,2026-10-01 07:43:20
2732,六角,62.8,63.0,63.0,62.2,33.03,40.06,50.0,0.25,0.24,0.01,64.35,63.04,61.74,43,38,1.12,28.07,17.69,8.0,12.74,2026-10-01,2026-10-01 07:43:22
2734,易飛網,14.35,14.35,14.4,14.3,21.65,23.32,30.77,-0.13,-0.12,-0.01,14.99,14.61,14.23,46,34,1.34,8.22,,,,2026-10-01,2026-10-01 07:43:23
2736,富野,11.3,11.3,11.35,11.3,19.73,17.23,27.27,-0.1,-0.1,-0.01,11.63,11.42,11.2,17,29,0.57,9.04,,,,2026-10-01,2026-10-01 07:43:25
2739,寒舍,36.5,37.0,37.0,36.15,25.36,25.13,30.65,-0.04,0.12,-0.16,38.26,37.11,35.96,70,54,1.29,33.41,9.08,2.58,7.07,2026-10-01,2026-10-01 07:43:26
2740,華軒,29.0,29.1,29.1,28.05,34.04,37.9,23.53,-0.29,-0.09,-0.2,32.5,30.99,29.48,9,5,1.53,4.86,,,,2026-10-01,2026-10-01 07:43:28
2743,山富,52.3,53.3,53.6,52.2,38.97,49.99,43.68,-0.51,-0.56,0.04,56.64,53.64,50.63,22,20,1.1,24.48,14.33,3.2,6.12,2026-10-01,2026-10-01 07:43:29
2745,五福,84.6,85.5,85.6,84.5,53.53,43.79,32.53,-1.15,-1.28,0.13,88.48,85.46,82.45,19,53,0.37,28.6,8.63,7.5,8.87,2026-10-01,2026-10-01 07:43:31
2748,雲品,39.1,38.8,39.2,38.8,57.94,45.83,43.18,0.06,0.08,-0.02,39.33,38.89,38.44,162,63,2.55,41.36,15.39,1.75,4.48,2026-10-01,2026-10-01 07:43:32
2751,王座,52.9,53.6,53.6,52.9,31.27,50.17,47.89,0.37,0.53,-0.16,55.1,53.11,51.13,5,5,0.89,10.48,10.52,3.99,7.54,2026-10-01,2026-10-01 07:43:33
2752,豆府,176.5,176.0,176.5,175.5,59.08,61.75,35.48,-0.19,0.05,-0.24,181.42,178.12,174.83,17,10,1.66,47.11,10.84,13.5,7.65,2026-10-01,2026-10-01 07:43:35
2753,八方雲集,183.5,180.5,184.0,180.5,77.37,69.99,67.86,1.15,1.03,0.12,182.62,179.38,176.13,385,156,2.46,128.41,13.89,7.14,3.89,2026-10-01,2026-10-01 07:43:36
2754,亞洲藏壽司,68.0,67.8,68.0,67.8,15.27,24.74,50.0,-0.25,-0.12,-0.13,70.11,68.72,67.34,8,17,0.47,31.9,15.49,1.0,1.47,2026-10-01,2026-10-01 07:43:38
2755,揚秦,99.0,98.9,99.0,98.5,60.51,55.6,47.73,-0.87,-1.07,0.2,101.84,99.3,96.76,26,18,1.42,46.28,17.81,3.45,3.48,2026-10-01,2026-10-01 07:43:40
2756,聯發國際,62.8,61.5,62.8,61.5,58.54,58.52,42.31,0.73,0.9,-0.17,63.99,62.69,61.39,10,13,0.73,15.23,15.66,6.0,9.55,2026-10-01,2026-10-01 07:43:41
2762,世界健身-KY,78.4,79.4,79.4,77.6,15.96,14.23,25.86,-0.89,-0.77,-0.12,82.63,80.25,77.87,115,52,2.18,85.63,11.93,9.59,12.23,2026-10-01,2026-10-01 07:43:42
2801,彰銀,27.55,27.65,27.65,27.1,20.17,34.81,55.74,0.77,1.0,-0.23,29.61,27.67,25.72,17888,20325,0.88,3322.58,17.77,0.8,2.9,2026-10-01,2026-10-01 07:43:43
2812,台中銀,18.8,18.9,18.95,18.75,12.12,24.08,40.0,-0.03,0.05,-0.08,19.68,19.23,18.78,11195,13349,0.84,1207.91,11.9,0.39,2.07,2026-10-01,2026-10-01 07:43:45
2816,旺旺保,39.65,40.5,40.5,39.6,34.54,49.2,57.38,0.83,1.02,-0.19,41.07,39.73,38.39,374,294,1.27,88.66,8.55,1.5,3.78,2026-10-01,2026-10-01 07:43:46
2820,華票,16.75,16.85,16.85,16.7,16.97,33.88,43.33,0.07,0.15,-0.08,17.64,17.13,16.62,2352,2535,0.93,224.95,11.09,0.9,5.37,2026-10-01,2026-10-01 07:43:47
2832,台產,56.8,56.9,56.9,56.5,23.28,38.26,41.94,-0.37,-0.23,-0.14,59.17,57.76,56.35,82,118,0.7,144.01,14.64,3.5,6.16,2026-10-01,2026-10-01 07:43:48
2834,臺企銀,17.5,17.75,17.75,17.4,17.17,32.71,42.86,0.23,0.34,-0.11,18.79,17.85,16.91,37277,27849,1.34,1819.71,14.34,0.3,1.71,2026-10-01,2026-10-01 07:43:49
2836,高雄銀,12.05,12.1,12.1,12.0,13.25,21.63,38.46,0.0,0.04,-0.04,12.46,12.23,12.0,1869,1224,1.53,223.93,16.74,0.4,3.32,2026-10-01,2026-10-01 07:43:51
2838,聯邦銀,20.65,20.6,20.9,20.45,18.53,32.94,44.26,0.06,0.17,-0.11,21.91,21.11,20.31,2045,2190,0.93,951.52,16.13,0.46,2.23,2026-10-01,2026-10-01 07:43:52
2845,遠東銀,13.1,13.1,13.15,12.95,12.83,21.07,33.33,0.04,0.14,-0.09,13.97,13.49,13.0,14808,8554,1.73,644.97,14.4,0.51,3.89,2026-10-01,2026-10-01 07:43:53
2849,安泰銀,16.0,15.95,16.05,15.8,54.73,58.4,49.18,0.3,0.33,-0.03,16.76,15.73,14.7,53,138,0.39,313.22,19.05,0.51,3.19,2026-10-01,2026-10-01 07:43:54
2850,新產,157.0,162.5,162.5,156.0,54.74,60.75,48.0,0.2,0.14,0.06,162.17,158.53,154.88,649,645,1.01,496.06,12.79,7.27,4.63,2026-10-01,2026-10-01 07:43:55
2851,中再保,46.1,47.2,47.2,45.7,45.59,60.13,53.57,1.23,1.59,-0.36,48.46,46.74,45.01,3392,2072,1.64,368.98,12.6,2.2,4.77,2026-10-01,2026-10-01 07:43:57
2852,第一保,27.6,27.8,27.8,27.55,24.73,39.37,39.53,-0.01,0.07,-0.08,28.46,28.03,27.6,380,244,1.56,83.12,9.45,1.66,6.01,2026-10-01,2026-10-01 07:43:58
2855,統一證,56.4,56.5,56.7,54.7,65.22,69.87,65.69,2.25,2.07,0.18,58.9,53.54,48.18,4212,5336,0.79,903.2,5.85,2.11,3.74,2026-10-01,2026-10-01 07:43:59
2867,三商壽,9.7,9.7,9.7,9.7,36.68,37.13,,0.06,0.08,-0.02,9.76,9.71,9.65,0,0,,572.25,48.5,,,2026-09-11,2026-10-01 07:44:01
2880,華南金,45.25,45.15,45.4,44.0,28.23,39.8,56.34,1.08,1.42,-0.34,48.3,45.56,42.83,13372,11261,1.19,6297.43,24.07,1.35,2.98,2026-10-01,2026-10-01 07:44:02
2881,富邦金,150.5,151.0,151.5,147.5,43.69,54.32,56.86,3.57,4.42,-0.85,155.93,150.43,144.92,18230,13267,1.37,20566.91,18.33,4.25,2.82,2026-10-01,2026-10-01 07:44:03
2882,國泰金,110.5,112.0,112.0,109.0,38.26,44.79,50.0,1.66,2.22,-0.57,114.76,111.67,108.59,20271,17828,1.14,16209.48,15.65,3.5,3.17,2026-10-01,2026-10-01 07:44:04
2883,凱基金,36.9,38.6,38.75,36.4,34.9,53.11,50.8,1.41,1.76,-0.35,40.84,38.1,35.36,120657,49417,2.44,6263.63,21.21,1.0,2.71,2026-10-01,2026-10-01 07:44:06
2884,玉山金,45.35,44.8,45.45,44.2,28.29,40.14,57.43,1.46,1.83,-0.37,48.2,45.13,42.05,29136,26857,1.08,8050.53,21.39,1.4,3.09,2026-10-01,2026-10-01 07:44:07
2885,元大金,67.4,68.5,68.5,66.5,24.15,37.05,38.38,0.75,1.16,-0.41,71.52,69.35,67.19,22404,17543,1.28,9344.6,25.63,1.73,2.57,2026-10-01,2026-10-01 07:44:08
2886,兆豐金,48.85,49.0,49.15,48.4,14.54,24.77,41.71,0.27,0.65,-0.38,52.51,50.41,48.3,30274,19120,1.58,7246.11,20.7,1.75,3.58,2026-10-01,2026-10-01 07:44:09
2887,台新新光金,41.25,41.9,41.9,40.1,24.13,36.91,41.84,1.02,1.5,-0.48,44.75,42.61,40.47,82572,44726,1.85,10359.91,21.83,1.0,2.42,2026-10-01,2026-10-01 07:44:11
2889,國票金,16.15,16.5,16.55,16.05,16.28,32.04,39.62,0.24,0.38,-0.14,17.38,16.69,16.01,11156,8807,1.27,592.04,26.05,0.5,3.1,2026-10-01,2026-10-01 07:44:12
2890,永豐金,43.65,44.25,44.35,43.1,31.03,49.06,52.83,0.98,1.24,-0.26,46.46,44.12,41.78,22077,20899,1.06,6452.42,22.62,1.1,2.52,2026-10-01,2026-10-01 07:44:13
2891,中信金,67.9,68.1,68.4,67.1,30.86,44.55,56.19,0.7,0.92,-0.22,71.19,68.54,65.89,28624,24015,1.19,13555.75,16.72,2.5,3.68,2026-10-01,2026-10-01 07:44:14
2892,第一金,38.7,38.35,38.9,38.15,26.99,43.9,57.38,1.07,1.33,-0.26,41.23,38.76,36.29,18744,20619,0.91,5564.85,20.7,1.3,3.36,2026-10-01,2026-10-01 07:44:15
2897,王道銀行,10.8,10.95,10.95,10.65,23.62,38.76,48.28,0.13,0.19,-0.06,11.35,11.0,10.64,8782,4395,2.0,300.5,17.14,0.52,4.81,2026-10-01,2026-10-01 07:44:16
2901,欣欣,24.8,24.15,24.8,24.15,38.95,32.19,57.86,0.15,0.0,0.14,24.56,23.52,22.47,36,243,0.15,18.11,56.36,0.37,1.49,2026-10-01,2026-10-01 07:44:18
2903,遠百,21.95,22.15,22.15,21.85,35.96,43.19,40.43,-0.05,-0.03,-0.02,22.6,22.19,21.78,1955,1226,1.59,309.22,14.73,1.25,5.69,2026-10-01,2026-10-01 07:44:19
2904,匯僑,12.7,12.6,12.7,12.6,43.09,34.67,50.0,-0.09,-0.12,0.03,12.81,12.63,12.45,5,16,0.34,9.88,24.9,0.7,5.51,2026-10-01,2026-10-01 07:44:20
2905,三商,18.05,18.3,18.3,17.9,26.78,40.97,50.0,0.29,0.41,-0.12,18.92,18.34,17.76,1174,1155,1.02,190.12,25.42,0.3,1.66,2026-10-01,2026-10-01 07:44:21
2906,高林,13.4,13.35,13.4,13.3,23.23,27.15,37.5,-0.07,-0.01,-0.06,14.05,13.68,13.3,39,81,0.49,28.02,17.18,0.6,4.48,2026-10-01,2026-10-01 07:44:22
2908,特力,22.1,22.05,22.1,22.0,63.48,58.5,46.51,0.03,0.05,-0.02,22.39,22.07,21.76,260,273,0.95,112.69,17.82,0.55,2.49,2026-10-01,2026-10-01 07:44:24
2910,統領,23.6,23.6,23.6,23.6,38.68,36.02,43.86,-0.15,-0.17,0.02,24.16,23.6,23.04,1,14,0.07,41.4,12.83,1.04,4.41,2026-10-01,2026-10-01 07:44:25
2911,麗嬰房,6.14,6.08,6.24,6.0,18.21,13.8,33.33,-0.15,-0.15,-0.0,6.54,6.28,6.02,90,90,1.0,6.45,1.59,,,2026-10-01,2026-10-01 07:44:26
2912,統一超,212.5,212.0,212.5,210.5,18.38,17.68,30.77,-1.91,-1.71,-0.2,219.26,215.32,211.39,2206,1914,1.15,2209.2,19.2,9.0,4.24,2026-10-01,2026-10-01 07:44:27
2913,農林,11.1,11.1,11.1,11.0,65.54,60.79,50.0,-0.0,-0.01,0.01,11.2,11.04,10.87,341,798,0.43,87.69,,,,2026-10-01,2026-10-01 07:44:28
2915,潤泰全,58.3,58.7,58.8,57.7,59.38,69.28,56.16,0.69,0.74,-0.04,60.31,57.93,55.56,1150,1543,0.75,622.48,1.84,1.9,3.26,2026-10-01,2026-10-01 07:44:30
2916,滿心,40.5,40.5,40.55,40.4,59.35,63.52,56.25,0.08,0.06,0.02,40.85,40.34,39.83,12,17,0.69,26.17,10.44,3.6,8.89,2026-10-01,2026-10-01 07:44:31
2923,鼎固-KY,25.4,25.45,25.45,25.15,53.57,52.79,41.43,-0.4,-0.49,0.09,28.19,25.39,22.59,44,106,0.42,442.04,42.33,0.12,0.47,2026-10-01,2026-10-01 07:44:32
2924,宏太-KY,18.85,18.85,18.85,18.85,81.92,78.18,63.64,0.4,0.28,0.12,19.36,17.79,16.22,1,6,0.17,9.81,,,,2026-10-01,2026-10-01 07:44:34
2926,誠品生活,30.3,30.5,30.5,30.3,83.64,79.53,63.16,-0.11,-0.16,0.05,30.6,30.09,29.58,3,7,0.47,14.36,48.1,0.46,1.52,2026-10-01,2026-10-01 07:44:35
2929,淘帝-KY,5.81,5.83,5.83,5.77,69.91,62.67,51.85,0.03,0.02,0.01,5.88,5.77,5.65,34,79,0.43,6.36,0.46,,,2026-10-01,2026-10-01 07:44:36
2937,集雅社,44.7,44.7,44.7,44.7,90.52,90.07,75.56,0.33,0.31,0.02,45.13,44.27,43.41,1,1,0.62,21.41,12.08,1.91,4.27,2026-09-30,2026-10-01 07:44:38
2938,床的世界,18.5,18.5,18.55,18.45,33.92,22.22,19.12,-1.58,-1.53,-0.05,24.82,20.54,16.25,42,83,0.51,4.23,12.85,0.62,3.35,2026-10-01,2026-10-01 07:44:39
2939,永邑-KY,21.95,21.9,22.0,21.5,72.4,56.49,67.72,0.38,0.2,0.19,21.55,20.08,18.62,24,41,0.59,10.0,,,,2026-10-01,2026-10-01 07:44:40
2941,米斯特,31.0,30.95,31.0,30.95,50.91,55.88,50.28,0.07,0.04,0.03,33.06,31.43,29.8,6,2,2.3,4.77,12.86,2.28,7.35,2026-10-01,2026-10-01 07:44:42
2945,三商家購,39.9,39.8,39.95,39.55,55.04,58.08,54.12,-0.09,-0.12,0.04,40.62,39.9,39.19,21,60,0.36,26.93,21.68,1.5,3.76,2026-10-01,2026-10-01 07:44:43
2947,振宇五金,60.5,60.5,60.5,60.5,62.97,45.43,30.56,-0.58,-0.71,0.13,62.04,60.79,59.53,9,4,2.3,14.3,20.23,2.0,3.31,2026-10-01,2026-10-01 07:44:45
2948,寶陞,36.5,37.7,37.75,36.5,40.67,39.53,37.07,-0.11,0.03,-0.14,38.64,37.4,36.16,6,5,1.04,11.68,17.46,1.93,5.29,2026-10-01,2026-10-01 07:44:46
2949,欣新網,68.9,65.0,70.4,65.0,81.7,86.14,70.16,1.0,0.65,0.35,67.7,63.66,59.61,12,3,3.53,20.45,19.52,2.03,2.95,2026-09-30,2026-10-01 07:44:47
3002,歐格,19.45,19.2,20.05,19.05,54.71,54.46,66.67,0.55,0.4,0.15,20.51,18.08,15.65,397,293,1.35,19.84,194.5,0.33,1.7,2026-10-01,2026-10-01 07:44:49
3003,健和興,59.8,60.4,60.4,59.5,76.67,71.0,51.04,-1.07,-1.33,0.26,65.83,59.83,53.82,205,332,0.62,93.08,24.02,1.0,1.67,2026-10-01,2026-10-01 07:44:50
3004,豐達科,121.0,119.5,123.5,119.0,65.06,54.09,46.51,-1.36,-2.01,0.65,123.75,118.88,114.0,487,203,2.4,77.9,18.09,2.55,2.11,2026-10-01,2026-10-01 07:44:51
3005,神基,117.5,117.0,117.5,116.5,44.53,54.19,60.87,0.68,0.7,-0.02,119.79,116.03,112.26,973,1122,0.87,733.87,14.02,6.79,5.78,2026-10-01,2026-10-01 07:44:52
3006,晶豪科,281.0,285.0,285.0,279.0,50.94,45.31,39.33,4.26,6.23,-1.96,308.34,284.55,260.76,6846,7881,0.87,799.38,8.83,1.0,0.36,2026-10-01,2026-10-01 07:44:53
3008,大立光,6205.0,5950.0,6225.0,5740.0,27.7,27.2,37.14,66.33,180.85,-114.52,7495.69,6495.25,5494.81,2311,1572,1.47,8116.03,33.03,93.5,1.51,2026-10-01,2026-10-01 07:44:55
3010,華立,126.0,126.0,127.0,125.0,65.85,56.99,54.55,-0.03,-0.02,-0.02,129.62,125.65,121.68,392,354,1.11,326.89,11.36,5.3,4.21,2026-10-01,2026-10-01 07:44:56
3011,今皓,10.05,10.2,10.2,9.96,77.22,73.49,51.11,-0.2,-0.3,0.09,10.42,9.94,9.46,288,243,1.18,13.03,,,,2026-10-01,2026-10-01 07:44:57
3013,晟銘電,94.0,87.1,94.0,85.8,62.48,43.88,67.16,0.78,0.01,0.77,91.2,85.25,79.29,5230,2037,2.57,192.83,18.04,0.38,0.4,2026-10-01,2026-10-01 07:44:58
3014,聯陽,142.0,141.5,144.0,141.0,78.82,79.19,73.91,2.78,1.72,1.06,144.97,134.97,124.98,1275,2655,0.48,235.65,14.3,8.5,5.99,2026-10-01,2026-10-01 07:44:59
3015,全漢,54.6,55.2,55.3,54.3,77.82,67.49,63.29,-0.02,-0.49,0.47,55.01,52.67,50.33,338,456,0.74,102.25,21.58,2.2,4.03,2026-10-01,2026-10-01 07:45:01
3016,嘉晶,168.0,169.0,169.0,162.5,90.84,90.2,90.96,16.13,9.65,6.48,174.17,122.94,71.71,5559,40570,0.14,492.67,130.23,0.5,0.3,2026-10-01,2026-10-01 07:45:02
3017,奇鋐,3510.0,3435.0,3520.0,3300.0,72.08,67.73,55.37,110.56,118.12,-7.56,3617.87,3374.25,3130.63,3298,2959,1.11,13778.26,47.3,17.9,0.51,2026-10-01,2026-10-01 07:45:03
3018,隆銘綠能,12.25,12.0,12.25,11.9,75.01,70.59,66.04,-0.15,-0.28,0.13,12.45,11.7,10.95,23,32,0.71,9.23,1.37,,,2026-10-01,2026-10-01 07:45:04
3019,亞光,137.0,136.5,137.5,135.5,56.49,47.82,37.21,-0.74,-0.57,-0.17,149.57,138.57,127.58,1845,2662,0.69,382.56,23.5,4.6,3.36,2026-10-01,2026-10-01 07:45:06
3021,鴻名,28.15,28.45,29.15,28.1,67.62,70.06,60.06,1.58,1.25,0.33,29.86,25.27,20.68,1240,1566,0.79,26.65,37.04,0.6,2.13,2026-10-01,2026-10-01 07:45:07
3022,威強電,92.6,92.3,93.4,91.6,72.36,69.8,67.51,0.64,0.06,0.59,96.56,89.4,82.24,863,1182,0.73,163.53,12.36,3.5,3.78,2026-10-01,2026-10-01 07:45:08
3023,信邦,309.0,306.5,309.5,305.0,13.15,14.47,29.59,-1.81,0.66,-2.47,340.23,321.4,302.57,713,739,0.96,741.81,23.08,10.0,3.24,2026-10-01,2026-10-01 07:45:09
3024,憶聲,14.1,14.4,14.4,14.05,14.49,27.69,52.0,0.11,0.21,-0.1,15.11,14.44,13.76,562,677,0.83,39.08,470.0,0.22,1.56,2026-10-01,2026-10-01 07:45:10
3025,星通,58.1,56.0,58.1,55.7,87.33,76.23,87.88,0.38,-0.26,0.64,55.25,51.8,48.34,705,212,3.33,32.96,12.41,3.2,5.51,2026-10-01,2026-10-01 07:45:12
3026,禾伸堂,852.0,796.0,870.0,796.0,64.36,58.45,62.77,33.26,28.8,4.46,857.75,761.1,664.45,18483,9710,1.9,1413.39,83.53,5.8,0.68,2026-10-01,2026-10-01 07:45:13
3027,盛達,18.7,18.95,19.0,18.5,59.79,54.31,57.83,0.1,-0.02,0.12,19.16,18.18,17.2,115,184,0.63,24.13,8.35,,,2026-10-01,2026-10-01 07:45:14
3028,增你強,62.1,62.9,62.9,62.0,54.99,52.29,50.68,-0.9,-1.19,0.29,64.91,62.44,59.97,560,580,0.96,162.06,8.8,2.95,4.75,2026-10-01,2026-10-01 07:45:16
3029,零壹,119.0,120.0,120.5,118.5,40.58,47.19,61.43,2.54,2.67,-0.13,125.24,116.35,107.46,919,1527,0.6,196.59,17.07,5.5,4.62,2026-10-01,2026-10-01 07:45:17
3030,德律,289.0,281.5,290.0,278.5,77.97,63.12,67.65,-2.47,-5.37,2.91,293.08,272.23,251.37,1656,1005,1.65,682.66,21.89,7.0,2.42,2026-10-01,2026-10-01 07:45:18
3031,佰鴻,30.5,30.6,31.5,30.1,86.25,81.88,75.95,1.71,1.11,0.6,32.11,26.4,20.69,2758,5511,0.5,52.83,33.52,1.0,3.28,2026-10-01,2026-10-01 07:45:19
3032,偉訓,79.3,78.9,79.9,78.4,63.23,61.67,51.64,-0.02,-0.55,0.53,83.46,77.05,70.64,309,637,0.49,89.84,,2.73,3.44,2026-10-01,2026-10-01 07:45:20
3033,威健,42.4,42.8,42.8,42.3,65.0,56.55,55.79,-0.81,-1.04,0.23,44.36,42.28,40.2,1483,2298,0.65,204.68,9.51,1.92,4.53,2026-10-01,2026-10-01 07:45:22
3034,聯詠,547.0,546.0,551.0,541.0,50.47,53.57,52.13,3.5,4.65,-1.15,561.01,543.85,526.69,2449,3159,0.78,3344.97,19.11,23.0,4.2,2026-10-01,2026-10-01 07:45:23
3035,智原,213.0,210.0,214.0,208.5,86.66,81.71,80.17,8.34,4.48,3.86,217.25,187.32,157.4,4376,5826,0.75,554.97,84.19,1.8,0.85,2026-10-01,2026-10-01 07:45:24
3036,文曄,212.5,206.0,213.0,205.0,87.15,82.02,80.88,2.39,0.42,1.97,214.4,198.1,181.8,9932,6144,1.62,2699.95,10.77,7.8,3.67,2026-10-01,2026-10-01 07:45:25
3037,欣興,1215.0,1195.0,1230.0,1170.0,89.28,83.27,78.46,49.28,25.07,24.21,1228.62,1025.4,822.18,15449,14812,1.04,19930.73,80.15,1.98,0.16,2026-10-01,2026-10-01 07:45:26
3038,全台,20.9,20.9,20.9,20.6,68.29,58.13,80.0,0.04,-0.06,0.1,20.72,20.22,19.73,203,231,0.88,29.51,14.22,1.2,5.74,2026-10-01,2026-10-01 07:45:27
3040,遠見,33.4,33.85,33.9,33.4,25.8,40.53,34.67,-0.72,-0.68,-0.03,36.52,34.77,33.02,174,94,1.85,21.07,,1.0,2.99,2026-10-01,2026-10-01 07:45:29
3041,揚智,24.65,24.35,25.3,24.35,73.48,65.04,67.71,0.25,0.03,0.23,24.56,23.14,21.72,1066,734,1.45,35.03,25.41,,,2026-10-01,2026-10-01 07:45:30
3042,晶技,218.5,210.0,224.0,207.5,77.08,71.21,75.37,7.64,3.77,3.87,213.55,186.47,159.4,34531,33861,1.02,742.88,38.13,4.8,2.2,2026-10-01,2026-10-01 07:45:31
3043,科風,20.25,20.35,20.35,20.15,32.32,42.34,40.0,-0.14,-0.11,-0.03,21.27,20.59,19.91,55,50,1.1,7.89,,,,2026-10-01,2026-10-01 07:45:33
3044,健鼎,529.0,523.0,529.0,521.0,68.5,72.38,58.4,16.08,16.33,-0.25,547.04,510.93,474.81,1525,2053,0.74,2780.46,22.76,12.7,2.4,2026-10-01,2026-10-01 07:45:34
3045,台灣大,122.0,120.0,122.0,119.5,42.93,52.73,59.26,1.78,2.24,-0.46,126.41,121.05,115.69,5827,6570,0.89,3733.23,23.33,4.74,3.89,2026-10-01,2026-10-01 07:45:35
3046,建碁,53.5,53.5,53.6,53.2,62.79,61.82,41.82,-0.61,-0.72,0.11,55.91,53.71,51.52,95,87,1.09,41.97,11.08,3.0,5.61,2026-10-01,2026-10-01 07:45:36
3047,訊舟,14.5,14.75,14.75,14.45,63.32,66.93,61.54,0.17,0.06,0.12,15.17,13.98,12.8,459,659,0.7,32.39,,0.3,2.07,2026-10-01,2026-10-01 07:45:37
3048,益登,52.8,51.7,52.9,51.7,78.58,62.53,56.98,-0.79,-1.11,0.32,53.97,51.47,48.97,1761,1181,1.49,142.47,11.23,1.0,1.89,2026-10-01,2026-10-01 07:45:39
3050,鈺德,11.75,11.85,11.9,11.6,78.16,74.15,60.0,0.07,0.01,0.06,11.91,11.43,10.95,949,596,1.59,18.21,22.17,0.25,2.13,2026-10-01,2026-10-01 07:45:41
3051,力特,23.0,23.5,23.5,22.95,68.23,64.91,64.42,0.11,-0.09,0.19,23.58,22.02,20.46,464,549,0.85,37.95,12.99,0.5,2.17,2026-10-01,2026-10-01 07:45:43
3052,夆典,10.45,10.4,10.55,10.4,65.21,59.67,42.86,-0.01,-0.01,0.0,10.6,10.41,10.21,387,229,1.69,21.32,9.41,0.6,5.74,2026-10-01,2026-10-01 07:45:44
3054,立萬利,59.6,59.2,59.6,58.5,89.8,78.85,68.49,1.27,1.08,0.19,60.09,57.19,54.28,122,109,1.12,48.07,12.37,0.8,1.34,2026-10-01,2026-10-01 07:45:45
3055,蔚華科,210.0,208.0,212.0,202.0,75.54,78.38,81.35,21.17,17.12,4.04,224.55,169.15,113.75,1424,11494,0.12,236.74,,0.5,0.24,2026-10-01,2026-10-01 07:45:46
3056,富華新,13.75,13.85,13.85,13.7,27.17,37.71,45.1,-0.04,-0.01,-0.02,14.51,13.99,13.47,421,424,0.99,65.39,4.52,0.62,4.51,2026-10-01,2026-10-01 07:45:48
3057,喬鼎,15.9,16.4,16.45,15.9,38.5,43.7,41.25,-0.18,-0.13,-0.05,17.47,16.48,15.48,117,66,1.76,10.79,39.75,,,2026-10-01,2026-10-01 07:45:49
3058,立德,8.15,8.2,8.21,8.14,56.89,58.87,54.46,-0.01,-0.03,0.02,8.32,8.11,7.89,280,360,0.78,16.33,,,,2026-10-01,2026-10-01 07:45:50
3059,華晶科,38.3,39.0,39.0,38.15,65.11,65.73,53.95,-0.16,-0.31,0.15,38.76,37.92,37.08,1135,1029,1.1,117.8,30.4,1.0,2.61,2026-10-01,2026-10-01 07:45:51
3060,銘異,28.3,28.15,29.4,28.15,64.87,60.35,62.18,-0.06,-0.39,0.33,28.04,26.63,25.23,1763,1375,1.28,38.93,42.24,0.2,0.71,2026-10-01,2026-10-01 07:45:52
3062,建漢,22.25,22.65,22.8,22.15,69.37,69.13,61.87,0.41,0.24,0.18,23.13,21.25,19.37,1440,1926,0.75,72.99,,,,2026-10-01,2026-10-01 07:45:54
3064,泰偉,15.75,15.75,15.75,15.75,62.45,74.11,15.0,-0.54,-0.51,-0.03,19.11,17.38,15.65,2,0,5.0,2.05,,,,2026-10-01,2026-10-01 07:45:55
3066,李洲,28.9,29.3,30.25,28.6,68.8,67.33,69.96,1.32,1.05,0.27,30.91,26.23,21.55,1581,2066,0.77,24.01,4.82,,,2026-10-01,2026-10-01 07:45:56
3067,全域,16.9,16.9,16.9,16.9,62.03,60.48,60.71,-0.21,-0.24,0.03,17.97,16.95,15.93,0,3,0.0,3.38,563.33,,,2026-09-30,2026-10-01 07:45:58
3071,協禧,23.05,23.1,23.2,22.85,26.37,26.68,34.21,-0.53,-0.57,0.03,24.99,23.61,22.24,143,126,1.13,25.36,39.74,0.8,3.47,2026-10-01,2026-10-01 07:45:59
3073,天方能源,20.5,20.6,20.95,20.5,23.55,22.24,23.44,-0.48,-0.4,-0.07,23.1,21.34,19.58,8,13,0.62,8.1,,,,2026-10-01,2026-10-01 07:46:01
3078,僑威,45.75,46.3,46.3,45.5,79.14,73.75,57.69,-0.53,-0.81,0.28,47.3,45.18,43.05,402,354,1.13,104.03,12.89,4.0,8.74,2026-10-01,2026-10-01 07:46:03
3081,聯亞,2660.0,2690.0,2720.0,2605.0,26.31,29.02,39.44,-19.26,27.45,-46.7,3244.95,2851.0,2457.05,1919,2070,0.93,2707.06,252.61,3.0,0.11,2026-10-01,2026-10-01 07:46:04
3083,網龍,23.95,22.7,24.25,22.65,77.8,70.78,63.41,-0.17,-0.37,0.2,23.64,22.71,21.77,272,88,3.09,20.71,32.81,0.33,1.38,2026-10-01,2026-10-01 07:46:06
3085,新零售,12.1,14.81,15.59,14.81,68.11,61.55,62.5,-0.05,-0.09,0.04,15.62,14.91,14.2,3,4,0.77,5.03,,,,2026-09-30,2026-10-01 07:46:08
3086,華義*,27.35,27.4,27.8,27.1,12.65,16.11,29.0,-0.23,0.01,-0.25,30.92,29.03,27.15,65,88,0.74,74.59,,0.02,0.07,2026-10-01,2026-10-01 07:46:09
3088,艾訊,132.5,134.0,135.0,132.5,67.22,67.99,62.0,1.24,-0.03,1.27,134.7,126.5,118.3,440,772,0.57,147.17,17.12,2.93,2.21,2026-10-01,2026-10-01 07:46:11
3090,日電貿,169.0,162.0,171.5,162.0,47.43,40.34,53.41,-2.34,-3.15,0.81,173.98,165.38,156.77,8346,2959,2.82,485.99,21.05,4.8,2.84,2026-10-01,2026-10-01 07:46:12
3092,鴻碩,24.3,24.7,24.9,24.0,69.91,57.77,53.05,-0.1,-0.34,0.24,24.75,23.17,21.6,755,483,1.56,25.92,,,,2026-10-01,2026-10-01 07:46:13
3093,港建*,45.85,44.75,45.9,44.3,65.33,55.83,58.02,-0.66,-0.93,0.27,46.46,44.76,43.05,265,210,1.26,66.55,46.79,1.15,2.51,2026-10-01,2026-10-01 07:46:15
3094,聯傑,67.7,61.8,67.7,61.7,92.34,83.82,82.97,5.87,4.0,1.87,64.88,48.81,32.74,29566,25601,1.15,56.27,109.19,0.25,0.37,2026-10-01,2026-10-01 07:46:16
3095,及成,33.2,33.3,33.3,33.2,27.7,25.23,30.9,-0.81,-0.71,-0.1,37.02,34.85,32.67,5,19,0.27,4.87,13.72,,,2026-10-01,2026-10-01 07:46:17
3105,穩懋,538.0,546.0,546.0,529.0,85.5,80.06,70.22,29.01,24.64,4.38,537.58,476.27,414.97,26911,26336,1.02,434.84,63.22,2.0,0.37,2026-10-01,2026-10-01 07:46:19
3114,好德,36.05,34.6,38.05,34.6,76.62,74.53,79.13,0.78,0.1,0.68,35.47,31.58,27.69,3005,1293,2.32,24.3,11.55,1.0,2.77,2026-10-01,2026-10-01 07:46:20
3115,富榮綱,8.2,8.3,8.3,8.18,60.81,51.5,38.53,-0.17,-0.18,0.01,9.19,8.46,7.74,8,29,0.27,5.96,,,,2026-10-01,2026-10-01 07:46:22
3118,進階,31.55,31.3,31.55,31.3,57.48,46.33,55.1,-0.08,-0.08,-0.0,31.87,31.45,31.04,7,23,0.31,10.24,13.54,2.2,6.97,2026-10-01,2026-10-01 07:46:23
3122,笙泉,24.5,24.2,24.5,24.05,62.24,54.18,47.96,-0.39,-0.46,0.07,25.48,24.37,23.26,22,50,0.45,9.99,,,,2026-10-01,2026-10-01 07:46:25
3128,昇銳,20.05,20.5,20.5,20.05,10.73,18.36,53.33,-0.04,-0.04,0.0,20.75,20.22,19.69,78,48,1.63,10.06,19.1,0.4,2.0,2026-10-01,2026-10-01 07:46:26
3130,一零四,210.0,209.0,210.0,208.5,63.98,47.9,53.85,0.05,0.06,-0.01,210.57,209.15,207.73,64,43,1.47,69.7,12.75,14.7,7.0,2026-10-01,2026-10-01 07:46:28
3131,弘塑,2380.0,2500.0,2530.0,2370.0,46.75,49.39,39.13,-18.55,-31.33,12.78,2603.47,2425.5,2247.53,680,465,1.46,670.18,42.36,46.08,1.94,2026-10-01,2026-10-01 07:46:29
3135,凌航,157.0,159.0,159.0,157.0,17.25,17.12,25.93,-1.54,-0.38,-1.15,176.75,163.9,151.05,323,392,0.82,159.24,6.31,3.26,2.08,2026-10-01,2026-10-01 07:46:30
3138,耀登,99.0,100.0,100.5,98.5,35.58,45.37,57.17,1.03,0.44,0.59,107.46,96.01,84.57,363,607,0.6,53.79,36.26,1.55,1.57,2026-10-01,2026-10-01 07:46:32
3141,晶宏,84.5,85.5,86.8,84.1,14.9,19.28,30.04,1.06,2.8,-1.74,103.23,92.12,81.0,1468,1804,0.81,62.86,27.7,0.36,0.43,2026-10-01,2026-10-01 07:46:33
3147,大綜,267.5,242.0,267.5,240.0,80.06,72.43,77.7,6.95,3.61,3.34,256.18,231.6,207.02,1671,846,1.97,116.86,16.65,6.5,2.43,2026-10-01,2026-10-01 07:46:36
3149,正達,74.3,74.3,76.1,72.2,80.73,70.26,75.0,1.03,-0.63,1.66,71.74,63.47,55.2,37005,14227,2.6,212.67,,,,2026-10-01,2026-10-01 07:46:37
3150,鈺寶-創,15.7,15.7,15.8,15.45,60.02,41.71,45.9,-0.35,-0.41,0.06,16.93,15.73,14.54,32,22,1.41,6.97,,0.5,3.18,2026-10-01,2026-10-01 07:46:38
3152,璟德,232.5,232.0,235.0,230.0,49.77,40.98,51.49,-2.43,-3.83,1.4,240.44,227.07,213.71,104,123,0.84,160.46,18.24,7.11,3.06,2026-10-01,2026-10-01 07:46:40
3158,嘉實,84.5,85.9,85.9,84.3,9.13,18.04,54.13,0.41,0.59,-0.17,87.86,85.04,82.22,29,16,1.8,25.75,11.75,6.5,7.69,2026-10-01,2026-10-01 07:46:41
3162,精確,87.5,86.0,92.0,86.0,79.43,74.94,68.05,3.61,2.27,1.34,84.45,74.3,64.15,7501,3945,1.9,134.8,121.53,0.87,0.99,2026-10-01,2026-10-01 07:46:43
3163,波若威,651.0,653.0,676.0,647.0,24.02,26.3,29.14,-16.67,-12.05,-4.62,772.34,685.05,597.76,3134,1412,2.22,616.08,77.87,1.75,0.27,2026-10-01,2026-10-01 07:46:45
3164,景岳,16.5,16.5,16.6,16.5,81.9,72.82,63.89,0.11,0.02,0.09,16.56,16.0,15.45,30,41,0.73,14.19,20.62,0.8,4.85,2026-10-01,2026-10-01 07:46:46
3167,大量,975.0,908.0,975.0,908.0,74.83,64.18,57.73,45.94,38.42,7.51,977.88,852.75,727.62,9017,6410,1.41,880.57,69.15,3.91,0.4,2026-10-01,2026-10-01 07:46:47
3168,眾福科,43.05,42.8,43.05,42.8,49.09,41.1,52.34,0.07,0.06,0.01,43.53,42.65,41.76,3,6,0.49,32.33,15.11,3.0,6.97,2026-10-01,2026-10-01 07:46:49
3169,亞信,117.0,115.0,119.5,115.0,73.08,65.08,89.74,3.26,1.69,1.57,117.64,106.2,94.76,474,713,0.67,74.07,30.95,3.2,2.74,2026-10-01,2026-10-01 07:46:51
3171,炎洲流通,57.3,58.1,58.5,57.3,23.28,33.44,31.94,-1.3,-1.22,-0.08,63.31,59.99,56.66,39,12,3.18,17.26,9.01,4.64,8.1,2026-10-01,2026-10-01 07:46:52
3176,基亞,37.5,37.7,37.7,37.1,33.24,47.03,56.02,0.62,0.71,-0.09,39.91,36.98,34.06,251,332,0.76,52.24,,,,2026-10-01,2026-10-01 07:46:53
3178,公準,69.4,70.1,70.8,69.3,48.32,54.96,63.41,2.56,2.01,0.55,75.13,64.79,54.44,176,359,0.49,31.26,216.88,0.5,0.72,2026-10-01,2026-10-01 07:46:55
3188,鑫龍騰,23.2,23.55,23.55,23.2,4.27,8.64,25.0,-0.17,-0.08,-0.09,24.82,23.86,22.91,98,89,1.1,43.69,3.41,3.2,13.79,2026-10-01,2026-10-01 07:46:56
3189,景碩,1010.0,976.0,1020.0,964.0,86.33,78.18,80.75,39.71,21.16,18.54,994.65,855.2,715.75,32162,27720,1.16,5321.79,176.57,1.52,0.15,2026-10-01,2026-10-01 07:46:58
3191,雲嘉南,16.85,16.75,17.0,16.75,42.51,37.77,49.02,-0.29,-0.35,0.06,17.51,16.84,16.18,45,25,1.79,7.35,21.33,,,2026-10-01,2026-10-01 07:46:59
3205,佰研,46.7,46.8,46.9,46.5,34.48,37.9,48.57,-0.33,-0.44,0.11,47.38,46.74,46.1,18,20,0.89,31.54,,,,2026-10-01,2026-10-01 07:47:01
3206,志豐,34.6,35.15,35.15,34.2,47.89,53.73,41.75,0.08,0.11,-0.03,35.63,34.76,33.88,14,13,1.05,20.39,20.12,1.5,4.34,2026-10-01,2026-10-01 07:47:02
3207,耀勝,40.7,38.8,41.45,38.8,59.11,47.22,61.45,-0.73,-1.27,0.53,40.98,38.46,35.94,308,141,2.18,27.04,,,,2026-10-01,2026-10-01 07:47:03
3209,全科,45.35,45.4,45.65,45.35,48.43,56.95,48.54,-0.7,-0.9,0.19,47.21,45.68,44.16,553,597,0.93,112.09,7.98,2.0,4.41,2026-10-01,2026-10-01 07:47:05
3211,順達,394.0,396.0,398.0,390.0,71.17,64.26,63.5,4.24,1.63,2.61,400.65,377.35,354.05,2434,3445,0.71,612.79,52.05,11.47,2.91,2026-10-01,2026-10-01 07:47:06
3213,茂訊,124.0,124.5,124.5,124.0,57.89,60.27,41.94,-0.87,-1.14,0.27,128.78,124.42,120.07,142,115,1.23,72.77,13.09,7.0,5.65,2026-10-01,2026-10-01 07:47:08
3217,優群,129.5,130.0,130.0,129.0,69.79,68.66,55.56,-2.35,-3.0,0.65,136.02,130.28,124.53,133,148,0.9,115.39,10.26,10.0,7.72,2026-10-01,2026-10-01 07:47:09
3218,大學光,134.0,135.0,135.5,133.5,32.8,29.64,36.36,-0.96,-0.95,-0.0,139.51,135.3,131.09,93,144,0.65,113.53,9.96,7.75,5.78,2026-10-01,2026-10-01 07:47:11
3219,倚強科,131.5,132.5,134.0,128.5,91.15,81.52,82.9,12.08,7.91,4.17,130.07,97.73,65.38,1246,3503,0.36,94.39,39.49,1.36,1.03,2026-10-01,2026-10-01 07:47:12
3221,台嘉碩,53.7,51.3,55.3,51.0,76.85,69.45,68.38,0.67,0.05,0.62,52.9,48.76,44.63,13620,5570,2.45,56.38,53.17,0.28,0.52,2026-10-01,2026-10-01 07:47:14
3224,三顧,30.9,31.45,31.45,30.9,22.71,24.16,26.17,-0.9,-0.8,-0.1,34.5,32.59,30.68,66,41,1.6,24.14,,,,2026-10-01,2026-10-01 07:47:15
3226,龍鋒,65.0,61.8,65.0,60.5,95.68,93.76,96.08,2.33,1.76,0.57,62.3,56.89,51.48,149,67,2.21,41.88,361.11,0.5,0.77,2026-10-01,2026-10-01 07:47:17
3227,原相,185.5,184.5,186.0,184.0,57.3,54.72,50.0,-2.75,-3.44,0.69,193.52,185.65,177.78,615,566,1.09,281.8,15.67,10.01,5.4,2026-10-01,2026-10-01 07:47:18
3228,金麗科,179.5,186.0,188.0,178.5,67.62,59.28,55.77,4.83,4.0,0.83,184.24,171.82,159.41,497,484,1.03,129.13,,,,2026-10-01,2026-10-01 07:47:19
3229,晟鈦,59.0,59.0,59.3,57.2,20.54,22.64,47.49,1.41,2.04,-0.63,68.57,58.11,47.66,1068,1541,0.69,37.92,44.36,,,2026-10-01,2026-10-01 07:47:21
3230,錦明,42.25,41.65,44.05,41.6,38.8,27.44,53.23,-0.32,-0.32,0.01,43.36,41.82,40.29,727,512,1.42,35.96,,0.35,0.83,2026-10-01,2026-10-01 07:47:22
3231,緯創,190.5,186.5,191.5,185.5,60.88,45.77,52.24,1.16,1.26,-0.1,195.71,186.32,176.94,59032,32284,1.83,6058.0,15.46,5.5,2.89,2026-10-01,2026-10-01 07:47:23
3232,昱捷,20.7,21.0,21.0,20.7,22.98,38.26,64.86,0.31,0.31,0.0,22.12,20.47,18.81,14,31,0.45,9.64,29.15,0.5,2.42,2026-10-01,2026-10-01 07:47:25
3234,光環,172.0,173.0,173.0,169.0,34.14,33.97,32.05,3.01,6.39,-3.38,211.17,184.07,156.98,1477,2124,0.7,199.44,1433.33,,,2026-10-01,2026-10-01 07:47:26
3236,千如,48.55,44.4,48.55,44.4,60.35,47.05,67.19,0.13,-0.34,0.47,46.72,43.9,41.09,13573,3804,3.57,50.98,67.43,0.5,1.03,2026-10-01,2026-10-01 07:47:28
3252,海灣,15.35,15.1,15.35,15.1,56.6,66.68,53.33,-0.16,-0.2,0.04,15.5,15.35,15.2,8,20,0.39,7.71,,,,2026-10-01,2026-10-01 07:47:29
3257,虹冠電,49.7,49.7,50.3,49.6,77.21,72.05,73.08,-0.34,-0.76,0.42,50.81,48.44,46.07,164,115,1.43,39.54,21.8,2.8,5.63,2026-10-01,2026-10-01 07:47:30
3259,鑫創,11.7,11.6,11.7,11.55,62.38,40.52,50.0,-0.66,-0.78,0.12,13.25,11.14,9.02,50,31,1.64,8.54,,,,2026-10-01,2026-10-01 07:47:32
3260,威剛,380.0,378.5,382.0,376.5,36.87,40.09,38.22,-2.29,-1.66,-0.62,397.45,383.31,369.17,2631,3232,0.81,1207.58,4.66,35.01,9.21,2026-10-01,2026-10-01 07:47:33
3264,欣銓,245.5,243.5,245.5,238.5,37.71,47.28,54.61,7.86,8.71,-0.85,276.49,240.78,205.06,14960,17497,0.86,1163.47,31.19,4.2,1.71,2026-10-01,2026-10-01 07:47:35
3265,台星科,185.0,185.0,186.5,181.5,61.42,59.01,63.57,3.84,2.49,1.35,192.07,174.62,157.18,1106,1538,0.72,252.08,26.02,4.1,2.22,2026-10-01,2026-10-01 07:47:36
3266,昇陽,14.0,14.0,14.0,13.8,62.67,62.48,50.0,0.02,0.03,-0.0,14.16,13.92,13.68,19,27,0.71,49.32,28.57,0.5,3.57,2026-10-01,2026-10-01 07:47:38
3268,海德威,21.6,21.8,21.8,21.5,87.93,79.88,76.12,0.67,0.18,0.49,21.83,18.74,15.64,92,152,0.61,7.5,,,,2026-10-01,2026-10-01 07:47:39
3272,東碩,13.9,14.1,14.1,13.6,33.14,29.51,44.12,-0.09,-0.08,-0.01,14.52,14.09,13.66,24,26,0.93,8.33,,,,2026-10-01,2026-10-01 07:47:40
3276,宇環,13.9,14.0,14.2,13.9,55.49,49.84,44.19,-0.19,-0.24,0.05,14.36,13.98,13.6,47,44,1.08,9.69,63.18,0.06,0.43,2026-10-01,2026-10-01 07:47:42
3284,太普高,19.65,19.85,20.1,19.5,25.6,29.22,47.14,-0.37,-0.44,0.07,20.78,19.9,19.02,91,126,0.72,21.32,8.12,0.5,2.54,2026-10-01,2026-10-01 07:47:43
3285,微端,41.5,41.5,42.0,41.4,47.34,48.63,49.76,0.59,0.54,0.04,43.38,40.95,38.53,54,31,1.71,17.74,22.55,0.5,1.2,2026-10-01,2026-10-01 07:47:45
3287,廣寰科,41.65,42.2,42.5,41.45,67.1,65.39,72.08,1.95,1.68,0.27,44.51,38.27,32.03,407,650,0.63,18.31,5.23,1.5,3.6,2026-10-01,2026-10-01 07:47:46
3288,點晶,21.25,21.2,21.4,20.8,50.77,50.16,52.59,-0.12,-0.26,0.14,21.92,20.81,19.7,23,53,0.44,3.48,,,,2026-10-01,2026-10-01 07:47:48
3289,宜特,141.5,141.5,142.0,140.0,76.91,69.3,52.54,-0.15,-1.12,0.97,144.27,137.2,130.13,337,683,0.49,122.75,30.17,4.79,3.39,2026-10-01,2026-10-01 07:47:49
3290,東浦,50.0,51.2,52.0,49.25,67.9,60.38,62.74,-0.58,-1.42,0.84,50.25,46.94,43.62,1367,1169,1.17,45.11,9.11,1.5,3.0,2026-10-01,2026-10-01 07:47:51
3293,鈊象,814.0,786.0,814.0,785.0,92.07,86.76,84.87,14.71,2.75,11.95,792.93,726.1,659.27,5969,3404,1.75,2293.86,19.02,36.0,4.42,2026-10-01,2026-10-01 07:47:52
3296,勝德,28.6,28.6,28.6,28.1,72.39,73.6,72.33,1.09,0.85,0.24,30.05,26.18,22.31,70,72,0.98,27.66,,,,2026-10-01,2026-10-01 07:47:55
3297,杭特,31.5,32.8,33.0,31.5,37.22,51.19,61.4,1.43,1.27,0.15,36.61,30.32,24.03,200,434,0.46,11.36,35.39,,,2026-10-01,2026-10-01 07:47:57
3303,岱稜,48.7,48.7,48.85,48.65,47.51,41.28,25.37,-1.03,-1.13,0.1,52.26,49.36,46.46,108,123,0.88,45.82,10.41,3.0,6.16,2026-10-01,2026-10-01 07:47:58
3305,昇貿,106.0,106.5,107.5,105.0,76.1,65.89,54.55,-1.4,-2.15,0.75,111.6,104.0,96.4,659,585,1.13,150.15,19.52,2.28,2.15,2026-10-01,2026-10-01 07:47:59
3306,鼎天,47.5,48.05,48.05,47.25,71.4,60.29,74.59,0.69,0.4,0.29,47.54,45.42,43.3,44,134,0.33,24.04,105.56,1.7,3.58,2026-10-01,2026-10-01 07:48:01
3308,聯德,22.75,22.35,22.9,22.25,58.29,53.59,68.97,0.31,0.28,0.03,22.47,21.86,21.26,84,104,0.81,13.65,14.4,,,2026-10-01,2026-10-01 07:48:03
3310,佳穎,68.0,68.8,68.8,67.1,58.46,57.56,53.97,0.05,0.07,-0.01,69.56,68.36,67.15,21,12,1.74,42.71,26.67,3.5,5.15,2026-10-01,2026-10-01 07:48:04
3311,閎暉,45.15,42.35,45.15,42.1,86.72,80.64,82.21,2.15,1.35,0.8,43.19,35.89,28.58,7047,2623,2.69,45.15,23.64,0.6,1.33,2026-10-01,2026-10-01 07:48:06
3312,弘憶股,51.5,52.4,52.4,51.4,47.32,49.44,55.52,0.43,0.24,0.19,55.32,50.53,45.74,567,1257,0.45,94.05,13.07,1.3,2.52,2026-10-01,2026-10-01 07:48:08
3313,斐成,10.55,10.45,10.7,10.45,23.19,17.22,33.33,-0.09,-0.07,-0.01,11.0,10.65,10.29,51,31,1.62,23.33,,,,2026-10-01,2026-10-01 07:48:09
3317,尼克森,65.2,64.6,66.4,64.3,62.47,61.92,66.81,-0.14,-1.74,1.6,69.14,59.77,50.41,2073,6693,0.31,58.68,32.6,0.5,0.77,2026-10-01,2026-10-01 07:48:11
3321,同泰,18.3,18.25,18.4,18.0,62.61,60.59,61.18,-0.02,-0.19,0.17,18.81,17.7,16.58,139,132,1.05,15.76,,,,2026-10-01,2026-10-01 07:48:12
3322,建舜電,11.6,11.3,11.7,11.3,78.69,67.41,60.78,-0.02,-0.12,0.1,11.52,11.03,10.53,465,238,1.95,15.96,,,,2026-10-01,2026-10-01 07:48:13
3323,加百裕,29.3,29.9,30.0,29.3,76.06,69.89,69.57,-0.17,-0.53,0.36,29.95,27.95,25.95,254,444,0.57,29.18,,0.5,1.71,2026-10-01,2026-10-01 07:48:15
3324,雙鴻,1525.0,1530.0,1535.0,1480.0,64.24,72.18,57.95,114.81,113.65,1.15,1693.38,1456.75,1220.12,3090,4236,0.73,1419.42,35.96,11.9,0.78,2026-10-01,2026-10-01 07:48:16
3325,旭品,11.7,11.65,11.9,11.6,47.31,49.91,58.49,0.09,0.02,0.07,12.26,11.45,10.64,70,84,0.83,12.89,,,,2026-10-01,2026-10-01 07:48:17
3332,幸康,64.9,63.7,65.0,63.7,82.82,64.75,69.37,0.25,-0.2,0.45,63.64,61.22,58.79,56,17,3.26,31.22,16.43,2.0,3.08,2026-10-01,2026-10-01 07:48:19
3338,泰碩,67.9,68.0,69.0,67.2,74.11,66.12,48.91,0.89,0.78,0.11,69.44,66.66,63.89,340,254,1.34,58.95,58.53,1.3,1.91,2026-10-01,2026-10-01 07:48:20
3339,泰谷,45.05,45.75,46.6,45.05,48.81,59.02,56.33,1.36,1.46,-0.11,48.47,44.72,40.97,1237,2495,0.5,29.86,,,,2026-10-01,2026-10-01 07:48:21
3346,麗清,24.0,24.3,24.3,23.8,70.34,70.92,78.35,1.08,0.64,0.44,25.75,21.07,16.39,434,755,0.57,28.91,30.38,0.11,0.46,2026-10-01,2026-10-01 07:48:23
3349,寶德,19.4,19.65,19.65,19.05,41.57,40.51,33.33,-0.76,-0.74,-0.02,22.89,20.59,18.29,127,69,1.84,8.94,,,,2026-10-01,2026-10-01 07:48:24
3354,律勝,29.8,35.35,35.35,29.8,53.11,56.08,52.78,1.71,1.73,-0.02,32.73,28.56,24.38,8965,3046,2.94,20.89,,0.2,0.67,2026-10-01,2026-10-01 07:48:26
3356,奇偶,65.7,66.4,66.5,65.5,17.92,20.95,31.88,-1.15,-0.68,-0.47,73.0,68.65,64.3,209,259,0.81,38.33,3.98,1.49,2.27,2026-10-01,2026-10-01 07:48:27
3357,臺慶科,212.5,206.0,217.0,206.0,51.59,47.59,55.7,-2.35,-3.59,1.24,215.32,206.0,196.68,2129,882,2.41,216.82,19.86,5.08,2.39,2026-10-01,2026-10-01 07:48:29
3360,尚立,15.25,15.25,15.55,15.2,80.52,76.29,59.18,-0.16,-0.32,0.16,15.51,14.82,14.14,210,208,1.01,11.65,1525.0,,,2026-10-01,2026-10-01 07:48:30
3362,先進光,175.5,172.0,178.5,172.0,38.4,34.86,37.04,-3.82,-2.91,-0.91,206.56,181.07,155.59,1958,1029,1.9,258.77,,0.99,0.56,2026-10-01,2026-10-01 07:48:32
3363,上詮,641.0,647.0,655.0,641.0,23.54,23.35,35.11,-2.53,6.01,-8.53,770.63,686.45,602.27,1133,1717,0.66,728.44,49.4,,,2026-10-01,2026-10-01 07:48:33
3372,典範,16.45,16.7,16.7,16.3,74.56,70.28,70.53,0.26,0.06,0.2,17.17,15.33,13.48,266,402,0.66,38.71,,,,2026-10-01,2026-10-01 07:48:35
3373,熱映,16.0,16.0,16.1,16.0,51.43,47.06,52.94,-0.1,-0.12,0.02,16.36,16.02,15.68,19,27,0.69,7.62,,0.1,0.62,2026-10-01,2026-10-01 07:48:36
3374,精材,456.0,457.0,457.0,450.0,57.26,57.07,44.8,22.8,26.11,-3.31,500.14,448.8,397.46,698,7130,0.1,1237.42,72.15,2.5,0.55,2026-10-01,2026-10-01 07:48:38
3376,新日興,174.0,175.0,175.5,174.0,26.44,23.01,22.88,-5.53,-4.12,-1.41,214.71,186.22,157.74,1407,1868,0.75,340.66,120.0,4.0,2.3,2026-10-01,2026-10-01 07:48:39
3379,彬台,27.6,27.3,27.85,27.3,50.72,51.31,46.15,-0.34,-0.41,0.07,28.85,27.65,26.46,47,41,1.13,10.5,27.33,1.2,4.35,2026-10-01,2026-10-01 07:48:41
3380,明泰,31.3,32.0,32.0,31.25,49.81,55.13,54.64,0.73,0.65,0.08,32.93,30.73,28.52,2563,3788,0.68,169.56,223.57,0.5,1.6,2026-10-01,2026-10-01 07:48:42
3388,崇越電,84.4,85.3,86.9,84.2,54.82,44.03,48.33,-0.67,-0.68,0.02,90.84,83.92,77.01,602,448,1.34,62.51,16.61,3.34,3.96,2026-10-01,2026-10-01 07:48:44
3390,旭軟,22.35,22.7,22.7,22.35,70.5,66.02,60.71,-0.04,-0.18,0.14,22.56,21.92,21.28,116,136,0.86,17.73,,0.2,0.89,2026-10-01,2026-10-01 07:48:45
3402,漢科,137.0,137.0,137.5,135.5,87.94,82.05,73.91,2.28,0.81,1.47,135.43,126.28,117.12,414,451,0.92,100.08,18.95,6.0,4.38,2026-10-01,2026-10-01 07:48:47
3406,玉晶光,950.0,885.0,973.0,871.0,22.83,17.96,33.67,29.92,52.64,-22.71,1109.68,977.35,845.02,6277,3587,1.75,1071.06,25.72,17.0,1.79,2026-10-01,2026-10-01 07:48:48
3413,京鼎,293.0,294.5,296.0,290.0,80.73,75.62,66.18,-0.93,-3.45,2.52,293.3,283.27,273.25,543,562,0.97,324.54,15.03,10.98,3.75,2026-10-01,2026-10-01 07:48:49
3416,融程電,166.5,163.5,166.5,161.0,59.14,44.64,70.0,-1.55,-2.04,0.49,171.15,163.28,155.4,408,183,2.23,140.72,21.0,4.85,2.91,2026-10-01,2026-10-01 07:48:50
3419,譁裕,11.85,12.05,12.3,11.85,61.34,49.2,58.9,-0.09,-0.23,0.14,12.17,11.29,10.42,241,483,0.5,14.28,22.36,,,2026-10-01,2026-10-01 07:48:52
3430,奇鈦科,111.5,112.0,113.0,111.0,68.07,61.19,68.57,-0.49,-1.88,1.39,114.36,106.4,98.44,146,355,0.41,37.59,24.19,1.6,1.43,2026-10-01,2026-10-01 07:49:01
3432,台端,14.75,15.0,15.0,14.75,43.74,44.49,52.17,-0.09,-0.18,0.09,15.31,14.6,13.89,51,38,1.34,6.23,,,,2026-10-01,2026-10-01 07:49:02
3434,哲固,31.4,31.6,31.65,31.15,32.14,45.5,61.0,0.6,0.6,-0.0,33.57,30.76,27.94,49,66,0.74,11.23,84.86,1.2,3.82,2026-10-01,2026-10-01 07:49:03
3437,榮創,22.05,22.45,22.95,21.95,65.86,65.65,66.83,1.12,0.83,0.29,23.84,19.87,15.9,1526,2294,0.67,31.87,,,,2026-10-01,2026-10-01 07:49:04
3438,類比科,61.5,61.8,62.9,61.4,18.48,22.33,42.47,0.09,0.32,-0.23,65.97,62.68,59.4,63,59,1.06,29.01,41.55,1.5,2.44,2026-10-01,2026-10-01 07:49:06
3441,聯一光,202.5,189.0,202.5,189.0,71.98,67.92,77.31,20.08,19.82,0.26,211.64,165.95,120.26,6280,1874,3.35,81.08,82.99,0.85,0.42,2026-10-01,2026-10-01 07:49:07
3443,創意,7900.0,8040.0,8100.0,7730.0,80.63,83.77,72.47,714.58,615.13,99.45,8875.57,6834.5,4793.43,717,1139,0.63,10586.87,204.72,20.0,0.25,2026-10-01,2026-10-01 07:49:09
3444,利機,80.7,81.5,81.9,80.5,32.75,36.46,46.55,0.21,0.42,-0.21,85.37,81.19,77.02,75,141,0.53,36.31,40.76,1.8,2.23,2026-10-01,2026-10-01 07:49:10
3447,展達,27.65,28.0,28.0,27.65,23.3,27.3,51.16,-0.24,-0.27,0.03,29.45,27.85,26.26,27,58,0.46,21.41,14.18,1.1,3.98,2026-10-01,2026-10-01 07:49:11
3450,聯鈞,515.0,525.0,529.0,508.0,32.59,38.34,48.55,-4.58,-1.35,-3.23,588.97,533.77,478.58,5332,5563,0.96,750.26,104.67,1.0,0.19,2026-10-01,2026-10-01 07:49:12
3455,由田,287.0,266.0,292.0,258.0,79.33,71.04,76.96,10.62,7.25,3.37,277.88,245.8,213.72,3952,3850,1.03,171.77,80.85,3.5,1.22,2026-10-01,2026-10-01 07:49:21
3465,進泰電子,30.0,29.85,30.0,29.85,93.07,80.64,74.29,-0.03,-0.19,0.15,29.86,29.29,28.71,26,32,0.81,12.7,,1.96,6.53,2026-10-01,2026-10-01 07:49:23
3466,德晉,23.75,23.9,24.0,23.7,35.89,41.19,43.59,-0.4,-0.44,0.04,24.93,24.26,23.59,67,140,0.48,18.5,,,,2026-10-01,2026-10-01 07:49:24
3467,台灣精材,72.6,73.6,74.7,69.6,41.53,62.8,71.46,7.21,6.99,0.22,92.01,66.33,40.65,806,973,0.83,22.91,62.59,0.5,0.69,2026-10-01,2026-10-01 07:49:26
3479,安勤,136.5,137.0,137.0,136.0,69.91,66.51,60.87,1.21,0.05,1.16,139.27,130.2,121.13,281,741,0.38,98.54,19.67,4.62,3.38,2026-10-01,2026-10-01 07:49:27
3481,群創,52.3,55.5,55.5,51.8,65.61,61.07,56.71,0.64,0.07,0.57,52.91,49.41,45.92,464124,273910,1.69,4174.09,67.05,1.0,1.91,2026-10-01,2026-10-01 07:49:29
3483,力致,78.5,79.5,79.5,78.2,72.23,59.04,44.85,0.64,0.36,0.28,81.24,77.13,73.03,141,229,0.62,76.97,27.35,3.0,3.82,2026-10-01,2026-10-01 07:49:30
3484,崧騰,47.3,46.6,47.3,46.6,85.06,74.82,64.29,-0.1,-0.38,0.28,48.2,45.8,43.4,158,99,1.59,37.29,14.29,2.5,5.29,2026-10-01,2026-10-01 07:49:31
3485,敘豐,212.5,210.0,213.0,207.0,68.11,55.54,54.81,-3.47,-5.79,2.32,218.18,201.82,185.47,89,90,0.99,81.81,33.68,4.5,2.12,2026-10-01,2026-10-01 07:49:33
3489,森寶,23.8,23.8,24.1,23.65,82.64,72.44,73.86,0.12,-0.08,0.2,23.77,22.43,21.09,145,134,1.09,21.53,2380.0,3.0,12.61,2026-10-01,2026-10-01 07:49:35
3490,單井,48.75,45.15,48.75,44.95,78.71,71.38,62.89,1.05,1.08,-0.03,48.17,44.49,40.82,13908,4995,2.78,26.82,7.71,0.5,1.03,2026-10-01,2026-10-01 07:49:36
3491,昇達科,1490.0,1510.0,1510.0,1450.0,52.62,63.66,52.59,44.93,47.91,-2.98,1598.25,1471.75,1345.25,736,1138,0.65,1026.24,119.68,6.8,0.46,2026-10-01,2026-10-01 07:49:38
3492,長盛,19.15,19.15,19.15,19.0,80.66,69.65,48.15,-0.17,-0.24,0.07,19.41,19.11,18.81,36,22,1.62,6.8,14.96,1.1,5.74,2026-10-01,2026-10-01 07:49:40
3494,誠研,7.09,7.08,7.09,7.02,24.88,27.22,51.79,-0.01,-0.02,0.0,7.24,7.11,6.98,43,37,1.16,6.72,,,,2026-10-01,2026-10-01 07:49:41
3498,陽程,219.5,225.0,228.0,214.0,81.91,78.11,61.73,13.55,11.77,1.78,228.88,198.62,168.37,4019,4140,0.97,132.6,49.44,,,2026-10-01,2026-10-01 07:49:42
3499,環天科,13.75,13.7,13.8,13.5,62.92,56.5,50.0,0.16,0.12,0.04,14.45,13.45,12.46,31,26,1.16,7.56,,,,2026-10-01,2026-10-01 07:49:44
3501,維熹,37.7,37.7,37.75,37.6,9.91,8.81,21.82,-0.44,-0.34,-0.1,40.23,38.6,36.97,55,134,0.41,44.58,21.92,2.0,5.31,2026-10-01,2026-10-01 07:49:45
3504,揚明光,80.2,79.2,81.8,79.2,44.27,31.77,36.7,-0.57,-0.15,-0.42,91.05,81.83,72.61,1337,1078,1.24,91.48,320.8,,,2026-10-01,2026-10-01 07:49:47
3508,位速,26.0,26.7,26.8,25.6,73.52,72.46,73.68,1.57,1.3,0.27,27.63,23.04,18.44,374,549,0.68,26.84,,,,2026-10-01,2026-10-01 07:49:48
3511,矽瑪,19.6,19.8,19.8,19.6,79.53,73.68,51.9,-0.09,-0.23,0.14,20.19,19.22,18.25,48,86,0.56,15.67,,,,2026-10-01,2026-10-01 07:49:49
3512,皇龍,19.2,19.15,19.2,19.1,46.54,45.87,41.67,-0.07,-0.08,0.01,19.59,19.26,18.92,20,18,1.1,21.71,9.85,1.8,9.38,2026-10-01,2026-10-01 07:49:51
3515,華擎,215.0,214.0,216.0,212.5,66.51,57.39,37.93,-1.48,-1.44,-0.04,231.92,215.35,198.78,325,199,1.63,265.57,13.99,11.0,5.12,2026-10-01,2026-10-01 07:49:52
3516,亞帝歐,25.35,25.4,25.4,25.0,39.63,34.34,30.36,-0.18,-0.16,-0.02,26.61,25.59,24.57,45,16,2.71,15.1,37.28,0.2,0.79,2026-10-01,2026-10-01 07:49:54
3518,柏騰,40.35,42.15,45.15,40.15,81.28,77.89,87.76,2.46,1.4,1.06,39.19,32.11,25.04,18731,8090,2.32,41.35,19.31,,,2026-10-01,2026-10-01 07:49:55
3520,華盈,17.0,17.2,17.3,16.95,27.82,34.54,35.9,-0.13,-0.11,-0.02,17.67,17.34,17.02,160,130,1.24,14.25,,0.1,0.59,2026-10-01,2026-10-01 07:49:57
3521,台鋼建設,12.0,11.8,12.0,11.8,35.5,25.48,38.46,-0.1,-0.09,-0.01,12.34,12.03,11.72,97,42,2.28,22.29,5.88,,,2026-10-01,2026-10-01 07:49:59
3522,御嵿,12.5,12.5,12.6,12.15,32.14,44.58,60.0,0.16,0.2,-0.04,13.57,12.54,11.51,66,111,0.6,13.01,,,,2026-10-01,2026-10-01 07:50:00
3523,迎輝,13.5,14.6,14.6,13.5,38.72,54.92,39.29,-0.19,-0.14,-0.06,16.07,14.86,13.65,33,23,1.42,8.67,,,,2026-10-01,2026-10-01 07:50:02
3526,凡甲,272.0,273.0,274.5,270.0,71.17,61.07,41.18,-3.85,-4.91,1.06,284.93,272.52,260.12,136,118,1.15,179.11,16.65,16.84,6.19,2026-10-01,2026-10-01 07:50:03
3527,聚積,51.4,52.9,52.9,51.4,67.86,64.2,58.59,-0.01,-0.39,0.38,52.84,50.59,48.33,75,46,1.63,22.84,2.72,1.0,1.95,2026-10-01,2026-10-01 07:50:05
3528,安馳,86.9,85.1,87.9,85.1,86.44,81.83,64.29,0.28,-0.32,0.6,86.95,83.44,79.92,407,268,1.52,57.9,9.64,1.38,1.59,2026-10-01,2026-10-01 07:50:06
3529,力旺,3245.0,3305.0,3345.0,3215.0,73.21,78.66,66.91,199.67,141.74,57.94,3467.59,2826.75,2185.91,1117,2102,0.53,2423.59,109.11,20.5,0.63,2026-10-01,2026-10-01 07:50:07
3530,晶相光,59.0,59.7,59.9,58.9,61.35,59.4,62.92,0.29,0.09,0.2,60.12,57.82,55.53,84,72,1.17,45.71,19.03,0.8,1.36,2026-10-01,2026-10-01 07:50:08
3531,先益,21.15,21.15,21.15,21.15,62.42,61.71,50.0,-0.16,-0.16,0.01,21.56,21.25,20.95,1,4,0.22,12.94,16.15,0.5,2.36,2026-10-01,2026-10-01 07:50:10
3532,台勝科,474.0,475.0,497.5,465.5,68.11,66.04,68.38,22.99,19.92,3.06,481.06,427.35,373.64,9703,9278,1.05,1838.4,373.23,1.0,0.21,2026-10-01,2026-10-01 07:50:11
3533,嘉澤,1855.0,1780.0,1865.0,1760.0,85.06,72.17,69.17,8.51,-26.15,34.66,1824.68,1648.25,1471.82,2672,2124,1.26,2109.76,22.59,34.93,1.88,2026-10-01,2026-10-01 07:50:12
3535,晶彩科,91.3,92.0,92.3,90.4,70.5,60.88,53.18,0.36,-0.44,0.79,93.17,87.35,81.52,583,945,0.62,72.17,52.77,0.5,0.55,2026-10-01,2026-10-01 07:50:13
3537,堡達,58.6,54.0,58.6,54.0,70.26,57.9,72.41,-0.1,-0.59,0.49,56.51,53.5,50.49,1660,411,4.03,32.96,12.82,2.0,3.41,2026-10-01,2026-10-01 07:50:15
3540,曜越,23.1,23.0,23.35,22.9,43.34,48.56,54.26,0.1,0.14,-0.04,24.02,22.98,21.93,199,147,1.36,19.51,26.86,0.26,1.13,2026-10-01,2026-10-01 07:50:16
3541,西柏,24.4,24.55,24.55,24.2,69.16,72.0,81.33,0.73,0.49,0.24,25.14,22.69,20.24,34,185,0.18,13.6,76.25,,,2026-10-01,2026-10-01 07:50:18
3543,州巧,51.1,51.3,51.8,50.5,86.8,78.0,80.84,2.08,1.58,0.5,51.19,45.25,39.3,2681,3897,0.69,74.23,,0.6,1.17,2026-10-01,2026-10-01 07:50:19
3545,敦泰,51.6,52.5,53.0,51.6,60.17,62.98,54.4,0.41,0.24,0.17,53.08,50.77,48.46,662,576,1.15,112.08,,0.81,1.57,2026-10-01,2026-10-01 07:50:20
3546,宇峻,73.2,73.0,73.2,72.6,50.35,42.98,46.15,0.03,-0.05,0.07,74.23,72.69,71.15,45,65,0.7,44.91,15.35,2.0,2.73,2026-10-01,2026-10-01 07:50:22
3548,兆利,76.5,78.0,78.0,76.0,15.87,18.86,26.86,-0.71,-0.17,-0.54,85.21,79.87,74.52,169,148,1.14,51.82,402.63,1.0,1.31,2026-10-01,2026-10-01 07:50:24
3551,世禾,193.0,189.0,193.5,188.5,83.38,73.53,65.59,2.58,0.92,1.67,193.43,180.03,166.62,1125,928,1.21,119.15,20.38,4.8,2.49,2026-10-01,2026-10-01 07:50:27
3552,同致,44.3,44.05,45.3,43.75,64.33,53.58,56.62,-0.16,-0.67,0.51,45.63,42.21,38.79,311,1176,0.26,43.38,6.61,0.5,1.13,2026-10-01,2026-10-01 07:50:28
3555,博士旺,167.0,168.5,168.5,164.0,18.29,14.56,20.88,-2.24,0.08,-2.32,204.44,180.28,156.11,27,46,0.6,66.8,18.6,,,2026-10-01,2026-10-01 07:50:30
3556,禾瑞亞,59.1,58.2,59.3,58.0,84.16,74.85,64.79,-0.93,-1.36,0.43,61.27,57.64,54.0,231,135,1.71,37.65,16.19,1.95,3.3,2026-10-01,2026-10-01 07:50:31
3557,嘉威,23.1,23.05,23.1,22.85,51.67,42.06,34.92,-0.45,-0.48,0.04,24.64,23.41,22.17,27,39,0.7,19.48,3.97,0.3,1.3,2026-10-01,2026-10-01 07:50:32
3558,神準,129.0,124.5,129.5,124.0,83.13,71.36,70.0,0.56,-0.28,0.84,127.32,121.92,116.53,217,80,2.71,76.19,60.56,3.0,2.33,2026-10-01,2026-10-01 07:50:34
3563,牧德,754.0,820.0,825.0,750.0,74.48,69.98,61.54,24.28,11.38,12.9,800.59,699.8,599.01,2870,1975,1.45,482.26,44.48,13.0,1.72,2026-10-01,2026-10-01 07:50:36
3564,其陽,51.0,50.9,51.2,50.0,64.73,55.22,62.16,0.93,0.71,0.21,52.13,49.05,45.97,209,237,0.88,30.15,141.67,0.27,0.53,2026-10-01,2026-10-01 07:50:38
3567,逸昌,26.15,26.45,26.45,25.8,74.92,68.16,71.05,0.04,-0.1,0.14,26.11,25.47,24.84,46,167,0.28,8.88,23.77,1.0,3.82,2026-10-01,2026-10-01 07:50:39
3570,大塚,170.5,167.5,171.0,166.5,45.47,46.72,73.53,1.26,1.12,0.14,171.97,166.4,160.83,113,33,3.43,29.15,12.01,9.7,5.69,2026-10-01,2026-10-01 07:50:40
3576,聯合再生,18.5,19.9,20.1,18.5,71.74,67.32,61.15,0.36,0.11,0.25,19.02,17.26,15.5,55769,42730,1.31,300.94,34.91,,,2026-10-01,2026-10-01 07:50:42
3577,泓格,115.5,118.5,118.5,115.0,48.13,58.08,57.14,-0.5,-1.48,0.97,121.13,113.75,106.37,192,407,0.47,73.88,26.74,2.0,1.73,2026-10-01,2026-10-01 07:50:43
3580,友威科,109.0,112.0,112.0,107.5,80.27,80.24,78.83,6.76,4.8,1.96,112.62,93.85,75.08,1259,2277,0.55,42.99,67.7,1.2,1.1,2026-10-01,2026-10-01 07:50:45
3581,博磊,117.0,126.0,128.5,114.0,75.27,67.64,60.35,0.24,-2.08,2.32,117.84,104.35,90.85,1639,569,2.88,59.68,50.0,0.6,0.51,2026-10-01,2026-10-01 07:50:46
3583,辛耘,707.0,713.0,728.0,703.0,50.32,48.42,42.18,-5.58,-7.49,1.9,753.65,707.45,661.25,683,661,1.03,589.1,43.29,5.75,0.81,2026-10-01,2026-10-01 07:50:47
3587,閎康,241.0,240.5,242.5,237.0,56.81,49.31,39.36,-3.08,-3.56,0.47,259.63,242.32,225.02,289,262,1.11,178.34,36.08,4.21,1.75,2026-10-01,2026-10-01 07:50:49
3588,通嘉,59.2,54.2,59.2,54.2,74.7,58.47,73.85,0.33,-0.37,0.7,56.34,52.77,49.21,609,250,2.43,36.7,49.33,0.5,0.84,2026-10-01,2026-10-01 07:50:50
3591,艾笛森,26.9,27.55,28.2,26.7,68.05,62.1,61.64,0.6,0.56,0.04,27.73,25.79,23.84,1372,1596,0.86,30.58,47.19,1.03,3.83,2026-10-01,2026-10-01 07:50:52
3592,瑞鼎,238.0,238.0,241.5,237.0,75.99,70.25,71.62,0.76,-1.42,2.18,234.77,224.43,214.08,1115,705,1.58,180.54,14.25,14.6,6.13,2026-10-01,2026-10-01 07:50:53
3593,力銘,11.5,11.75,11.75,10.5,80.02,62.45,62.5,-0.28,-0.54,0.26,11.41,10.15,8.88,20,26,0.75,6.99,,,,2026-10-01,2026-10-01 07:50:54
3594,磐儀,47.7,48.5,48.95,47.7,66.74,59.38,53.97,-0.79,-1.12,0.33,49.0,47.04,45.08,381,309,1.23,47.88,35.6,0.4,0.84,2026-10-01,2026-10-01 07:50:55
3595,山太士,1360.0,1425.0,1440.0,1345.0,51.07,51.53,39.33,-30.57,-35.98,5.41,1779.55,1479.5,1179.45,636,743,0.86,553.46,219.0,1.0,0.07,2026-10-01,2026-10-01 07:50:57
3596,智易,153.0,154.0,154.0,152.0,30.32,31.85,37.14,-3.07,-3.61,0.54,160.24,155.07,149.91,560,732,0.77,337.14,11.92,9.0,5.88,2026-10-01,2026-10-01 07:50:58
3597,映興,28.1,28.1,28.1,27.6,71.89,64.61,67.59,0.39,0.2,0.19,28.35,26.82,25.3,25,99,0.25,10.96,35.12,0.4,1.42,2026-10-01,2026-10-01 07:51:00
3605,宏致,178.0,171.0,179.0,168.5,80.06,83.0,77.4,17.05,13.94,3.11,195.55,145.35,95.15,11965,17833,0.67,318.08,44.39,1.57,0.88,2026-10-01,2026-10-01 07:51:01
3607,谷崧,13.95,14.0,14.0,13.85,72.62,62.13,61.54,-0.05,-0.11,0.06,14.0,13.71,13.43,127,122,1.04,16.97,29.68,0.8,5.73,2026-10-01,2026-10-01 07:51:02
3609,三一東林,23.0,22.95,23.9,22.55,53.93,65.43,67.5,0.48,0.05,0.43,25.31,21.01,16.71,86,63,1.37,8.8,3.55,,,2026-10-01,2026-10-01 07:51:03
3611,鼎翰,184.5,184.0,184.5,184.0,79.1,69.03,64.71,-0.42,-0.8,0.38,184.39,182.5,180.61,11,16,0.67,87.61,9.0,10.0,5.42,2026-10-01,2026-10-01 07:51:05
3615,安可,43.25,45.8,45.8,43.2,82.09,75.01,68.83,1.29,0.2,1.1,43.54,37.11,30.68,7165,3305,2.17,29.61,13.86,0.7,1.62,2026-10-01,2026-10-01 07:51:07
3617,碩天,243.0,242.5,244.0,241.5,33.28,39.61,52.78,0.59,1.34,-0.76,250.23,243.4,236.57,86,184,0.47,230.27,11.91,9.94,4.09,2026-10-01,2026-10-01 07:51:08
3622,洋華,45.9,46.1,46.1,45.85,49.36,38.1,37.13,-1.08,-1.13,0.05,50.92,46.68,42.44,83,155,0.54,69.46,9.02,3.2,6.97,2026-10-01,2026-10-01 07:51:09
3623,富晶通,30.55,30.35,31.0,30.05,81.93,76.65,79.21,1.76,1.55,0.21,31.14,26.91,22.68,330,264,1.25,8.92,32.5,,,2026-10-01,2026-10-01 07:51:11
3624,光頡,151.0,138.0,151.0,138.0,86.82,82.66,77.46,12.65,10.1,2.55,156.51,118.67,80.84,31063,27854,1.12,177.18,47.34,1.1,0.73,2026-10-01,2026-10-01 07:51:12
3625,西勝,11.2,11.05,11.5,10.2,33.51,27.84,29.79,-0.67,-0.72,0.04,13.11,11.96,10.81,236,196,1.2,12.31,,,,2026-10-01,2026-10-01 07:51:13
3628,盈正,72.8,72.7,73.5,72.0,28.78,35.92,52.69,1.17,1.36,-0.19,77.41,72.39,67.37,46,60,0.77,32.76,18.06,3.25,4.46,2026-10-01,2026-10-01 07:51:15
3629,地心引力,16.2,17.3,17.3,16.2,17.2,27.83,22.7,0.09,0.54,-0.45,21.35,18.83,16.3,2,1,1.43,5.34,,,,2026-10-01,2026-10-01 07:51:16
3630,新鉅科,26.9,26.95,27.4,26.85,46.26,39.42,52.63,0.09,0.01,0.09,27.9,26.59,25.28,409,669,0.61,54.93,,,,2026-10-01,2026-10-01 07:51:18
3631,晟楠,40.45,40.5,41.5,40.3,67.65,66.17,56.42,0.71,0.72,-0.01,41.65,39.25,36.84,150,120,1.25,33.1,,,,2026-10-01,2026-10-01 07:51:19
3632,研勤,7.08,7.06,7.1,7.06,19.15,20.86,44.83,-0.09,-0.11,0.02,7.36,7.17,6.98,10,17,0.6,1.56,,,,2026-10-01,2026-10-01 07:51:21
3645,達邁,74.2,75.9,76.0,73.8,73.87,61.41,50.73,0.79,0.18,0.6,75.94,71.07,66.2,3566,4873,0.73,101.47,28.65,1.2,1.62,2026-10-01,2026-10-01 07:51:22
3646,艾恩特,24.85,25.05,25.05,24.6,65.99,64.54,71.79,0.43,0.46,-0.04,25.39,24.49,23.59,18,12,1.41,9.77,,0.9,3.62,2026-10-01,2026-10-01 07:51:23
3652,精聯,34.5,34.35,34.6,33.8,66.86,69.25,60.0,0.22,0.09,0.12,35.15,33.45,31.75,56,53,1.05,25.91,16.75,1.2,3.48,2026-10-01,2026-10-01 07:51:24
3653,健策,6875.0,6720.0,6895.0,6665.0,83.0,76.71,71.73,437.21,343.53,93.68,7014.45,5927.5,4840.55,613,1490,0.41,10120.27,155.54,21.72,0.32,2026-10-01,2026-10-01 07:51:26
3661,世芯-KY,3765.0,3770.0,3820.0,3735.0,66.01,57.17,45.48,-32.9,-43.36,10.46,4305.95,3767.12,3228.29,950,1130,0.84,3249.39,54.42,32.57,0.87,2026-10-01,2026-10-01 07:51:27
3663,鑫科,65.1,67.2,67.2,64.7,66.96,62.03,61.08,0.28,-0.52,0.8,65.65,61.45,57.24,1180,993,1.19,70.63,295.91,0.4,0.61,2026-10-01,2026-10-01 07:51:29
3664,安瑞-KY,8.85,8.86,8.87,8.85,88.95,88.26,70.23,0.56,0.49,0.07,9.51,8.13,6.76,41,70,0.59,6.72,,,,2026-10-01,2026-10-01 07:51:31
3665,貿聯-KY,2555.0,2595.0,2625.0,2510.0,85.25,82.22,79.9,101.19,41.55,59.64,2587.87,2158.5,1729.13,3050,4183,0.73,4984.27,46.88,15.42,0.6,2026-10-01,2026-10-01 07:51:32
3666,光耀,25.3,25.4,25.4,25.15,89.31,88.31,100.0,0.05,0.02,0.03,25.31,25.08,24.84,28,27,1.02,34.3,,,,2026-10-01,2026-10-01 07:51:33
3669,圓展,33.4,33.15,33.55,32.75,64.17,47.46,55.88,-0.83,-1.04,0.21,34.99,33.01,31.04,248,104,2.38,31.04,11.32,1.0,2.99,2026-10-01,2026-10-01 07:51:35
3672,康聯訊,12.1,12.05,12.1,12.0,52.79,58.95,55.32,-0.04,-0.11,0.07,12.49,12.02,11.55,7,44,0.18,4.94,,,,2026-10-01,2026-10-01 07:51:36
3673,TPK-KY,73.3,73.7,75.8,71.7,82.36,75.05,68.57,1.62,0.51,1.1,72.52,65.59,58.66,26075,16101,1.62,298.08,16.04,1.8,2.46,2026-10-01,2026-10-01 07:51:37
3675,德微,359.0,330.0,360.0,328.0,86.08,81.38,76.55,17.21,9.36,7.85,351.96,293.36,234.76,2909,2736,1.06,190.48,62.87,4.0,1.11,2026-10-01,2026-10-01 07:51:39
3679,新至陞,108.5,108.0,109.0,107.5,44.12,50.46,61.54,-0.05,-0.17,0.13,109.56,107.92,106.29,64,31,2.06,68.38,9.21,9.0,8.29,2026-10-01,2026-10-01 07:51:40
3680,家登,551.0,556.0,562.0,549.0,78.65,69.99,46.01,15.61,14.41,1.19,567.54,529.38,491.21,756,1105,0.68,529.47,37.18,15.0,2.72,2026-10-01,2026-10-01 07:51:41
3684,榮昌,54.3,52.9,54.3,52.3,66.18,58.66,51.35,0.07,0.19,-0.12,54.72,53.98,53.23,50,28,1.78,16.11,13.71,2.77,5.1,2026-10-01,2026-10-01 07:51:43
3685,元創精密,34.65,35.0,35.15,34.2,41.53,46.38,30.61,-0.44,-0.26,-0.18,37.79,36.07,34.35,216,255,0.85,27.57,,,,2026-10-01,2026-10-01 07:51:44
3686,達能,16.0,16.55,16.8,15.8,66.87,57.49,68.75,0.27,0.06,0.2,16.02,14.65,13.28,486,262,1.85,12.24,,,,2026-10-01,2026-10-01 07:51:46
3687,歐買尬,61.6,60.2,61.7,60.2,37.18,21.61,43.48,-1.06,-1.21,0.15,63.66,61.65,59.65,51,39,1.31,18.56,17.86,2.0,3.25,2026-10-01,2026-10-01 07:51:47
3689,湧德,110.5,111.5,111.5,110.0,70.72,61.89,43.75,-0.13,-0.19,0.05,116.88,110.5,104.12,295,346,0.85,98.98,14.02,3.65,3.3,2026-10-01,2026-10-01 07:51:49
3691,碩禾,112.5,120.0,120.5,112.0,65.5,69.32,64.98,3.05,0.25,2.81,123.05,103.2,83.35,1172,2118,0.55,103.31,41.06,,,2026-10-01,2026-10-01 07:51:50
3693,營邦,664.0,688.0,691.0,643.0,41.3,56.84,42.04,32.79,40.47,-7.69,733.6,685.5,637.4,2836,1912,1.48,285.46,43.54,8.0,1.2,2026-10-01,2026-10-01 07:51:52
3694,海華,51.2,51.6,51.6,51.1,71.54,64.6,61.48,-0.37,-0.74,0.36,51.75,50.18,48.61,283,314,0.9,79.3,12.86,2.3,4.49,2026-10-01,2026-10-01 07:51:53
3701,大眾控,50.4,46.25,50.4,43.9,77.67,61.75,73.33,1.17,0.37,0.8,46.82,41.8,36.79,8812,2926,3.01,160.33,,0.2,0.4,2026-10-01,2026-10-01 07:51:55
3702,大聯大,119.0,115.0,119.5,114.0,79.8,79.83,74.14,2.59,1.48,1.11,120.0,109.45,98.9,9418,8619,1.09,2056.87,10.48,3.64,3.06,2026-10-01,2026-10-01 07:51:56
3703,欣陸,19.55,19.55,19.65,19.5,14.53,22.52,40.0,-0.07,-0.06,-0.01,20.14,19.76,19.38,308,640,0.48,160.94,9.92,1.05,5.37,2026-10-01,2026-10-01 07:51:57
3704,合勤控,40.05,40.8,40.8,40.05,25.68,36.09,53.8,-0.52,-0.65,0.13,42.08,40.39,38.7,1607,1304,1.23,162.02,11.92,0.4,1.0,2026-10-01,2026-10-01 07:51:59
3705,永信,56.7,56.6,56.8,56.2,49.67,52.26,54.17,0.32,0.36,-0.04,57.09,56.26,55.42,74,138,0.54,151.03,16.82,3.0,5.29,2026-10-01,2026-10-01 07:52:00
3706,神達,82.1,79.9,82.3,79.6,55.27,41.27,51.15,-0.06,-0.11,0.05,82.94,80.1,77.27,12796,5812,2.2,1198.61,16.16,3.0,3.65,2026-10-01,2026-10-01 07:52:01
3707,漢磊,77.5,76.0,78.5,75.6,85.43,77.52,81.75,2.96,1.1,1.87,76.63,64.8,52.96,21306,32238,0.66,310.38,258.33,,,2026-10-01,2026-10-01 07:52:03
3708,上緯投控,98.9,98.5,99.4,97.6,64.0,58.67,49.55,-0.48,-0.74,0.27,102.04,98.18,94.32,306,285,1.07,86.95,16.65,6.5,6.57,2026-10-01,2026-10-01 07:52:04
3709,鑫聯大投控,65.9,66.4,66.8,65.5,76.48,68.68,66.29,-0.87,-1.45,0.58,66.7,63.65,60.61,506,266,1.9,82.75,5.85,2.16,3.28,2026-10-01,2026-10-01 07:52:05
3710,連展投控,8.08,8.32,8.32,7.93,50.52,49.06,44.2,-0.08,-0.1,0.02,8.65,8.16,7.66,238,258,0.92,14.31,,,,2026-10-01,2026-10-01 07:52:07
3711,日月光投控,710.0,700.0,710.0,693.0,83.77,78.85,66.67,25.08,16.29,8.79,726.95,641.1,555.25,8856,12335,0.72,36972.05,55.25,6.58,0.93,2026-10-01,2026-10-01 07:52:08
3712,永崴投控,20.65,20.65,20.7,20.45,44.26,44.17,47.92,0.05,0.11,-0.06,21.22,20.78,20.34,357,408,0.88,50.85,,3.0,14.53,2026-10-01,2026-10-01 07:52:09
3713,新晶投控,13.8,13.65,13.8,13.6,43.8,33.6,19.23,-0.18,-0.15,-0.03,14.67,14.19,13.71,15,29,0.52,12.16,,,,2026-10-01,2026-10-01 07:52:11
3714,富采,68.8,70.0,70.5,68.0,64.73,64.46,64.74,2.34,2.09,0.26,71.58,65.41,59.24,10426,11985,0.87,274.72,6880.0,0.9,1.31,2026-10-01,2026-10-01 07:52:12
3715,定穎投控,129.0,128.0,129.0,125.0,65.52,50.19,43.48,1.49,0.88,0.61,132.56,123.38,114.19,4666,4690,0.99,365.81,13.21,1.08,0.84,2026-10-01,2026-10-01 07:52:13
3716,中化控股,34.0,34.3,34.3,33.85,59.13,52.54,48.21,-0.11,-0.14,0.02,34.48,33.98,33.49,153,143,1.07,49.92,8.88,1.0,2.94,2026-10-01,2026-10-01 07:52:14
3717,聯嘉投控,27.35,27.5,28.2,27.05,79.67,73.92,78.0,1.25,0.66,0.59,28.32,23.54,18.75,8854,20184,0.44,56.85,16.99,0.2,0.73,2026-10-01,2026-10-01 07:52:15
4102,永日,18.45,18.4,18.65,18.25,23.82,31.5,37.14,-0.18,-0.15,-0.03,19.31,18.8,18.29,26,28,0.94,7.82,,1.15,6.23,2026-10-01,2026-10-01 07:52:17
4104,佳醫,72.7,72.7,72.7,72.3,74.55,61.28,65.45,0.34,0.31,0.03,73.23,71.91,70.59,80,99,0.8,136.94,14.87,4.3,5.91,2026-10-01,2026-10-01 07:52:18
4105,東洋,78.5,78.6,78.8,78.2,53.49,66.12,66.67,0.37,0.37,0.0,79.55,78.02,76.49,447,338,1.32,195.19,11.28,4.5,5.73,2026-10-01,2026-10-01 07:52:19
4106,雃博,24.1,24.2,24.25,23.95,37.63,47.81,35.0,-0.02,0.02,-0.04,24.62,24.39,24.17,155,89,1.74,24.32,13.17,1.0,4.15,2026-10-01,2026-10-01 07:52:21
4107,邦特,110.5,110.0,110.5,110.0,22.48,22.59,27.27,-0.79,-0.68,-0.11,113.89,111.7,109.51,19,33,0.57,76.57,13.06,5.5,4.98,2026-10-01,2026-10-01 07:52:22
4108,懷特,11.5,11.5,11.55,11.4,51.39,50.51,55.88,0.03,0.01,0.02,11.6,11.37,11.13,50,147,0.34,22.84,,,,2026-10-01,2026-10-01 07:52:24
4109,加捷生醫,10.9,11.0,11.05,10.9,52.63,64.06,53.31,-0.01,-0.03,0.02,11.12,10.92,10.72,158,115,1.37,12.94,363.33,0.2,1.83,2026-10-01,2026-10-01 07:52:25
4111,濟生,28.85,28.9,28.9,28.7,84.17,78.05,45.45,0.02,0.01,0.01,28.98,28.78,28.57,22,31,0.72,17.26,9.19,1.3,4.51,2026-10-01,2026-10-01 07:52:27
4113,聯上,15.1,15.4,15.45,15.1,12.5,22.57,25.71,0.09,0.16,-0.07,16.16,15.55,14.94,584,465,1.26,34.9,,0.85,5.63,2026-10-01,2026-10-01 07:52:28
4114,健喬,29.5,29.55,29.55,29.45,35.66,34.34,37.84,-0.06,-0.04,-0.02,29.92,29.59,29.25,305,418,0.73,150.34,17.88,0.85,2.88,2026-10-01,2026-10-01 07:52:30
4115,善德生技,7.2,7.3,7.3,6.95,43.26,39.19,46.0,-0.09,-0.08,-0.0,7.97,7.36,6.76,15,17,0.86,4.32,72.0,,,2026-10-01,2026-10-01 07:52:31
4116,明基醫,39.8,40.0,40.0,39.6,47.66,32.71,52.17,0.05,0.07,-0.02,40.4,39.71,39.01,22,14,1.53,17.74,15.13,2.0,5.03,2026-10-01,2026-10-01 07:52:32
4117,普生,8.36,8.35,8.57,8.34,28.88,29.45,38.86,-0.34,-0.33,-0.01,9.66,8.97,8.28,75,111,0.68,5.92,0.99,,,2026-10-01,2026-10-01 07:52:34
4119,旭富,55.7,55.8,55.9,55.1,18.96,28.42,36.49,0.73,1.29,-0.56,60.24,57.0,53.75,65,96,0.67,66.57,111.4,0.75,1.35,2026-10-01,2026-10-01 07:52:35
4120,友華,46.0,46.0,46.0,46.0,63.98,60.76,50.0,-0.25,-0.23,-0.03,47.19,46.2,45.2,2,11,0.19,39.9,,4.0,8.7,2026-10-01,2026-10-01 07:52:37
4121,優盛,12.75,12.75,12.75,12.7,61.44,52.79,45.0,-0.07,-0.09,0.02,12.96,12.75,12.54,16,28,0.56,10.6,,,,2026-10-01,2026-10-01 07:52:38
4123,晟德,31.3,31.25,31.3,30.9,78.18,77.93,63.64,-0.22,-0.41,0.19,31.59,30.68,29.77,899,1075,0.84,234.28,78.25,1.75,5.59,2026-10-01,2026-10-01 07:52:40
4126,太醫,78.0,78.2,78.2,78.0,79.85,75.71,54.17,0.16,0.16,0.0,78.23,77.78,77.34,25,14,1.7,56.63,13.13,4.5,5.77,2026-10-01,2026-10-01 07:52:41
4127,天良,46.7,46.0,47.1,45.65,5.68,8.2,16.32,-7.42,-6.39,-1.03,72.12,58.2,44.28,322,438,0.73,21.37,30.93,,,2026-10-01,2026-10-01 07:52:43
4128,中天,15.15,15.45,15.45,15.1,81.74,76.47,60.61,0.03,-0.05,0.08,15.22,14.74,14.27,1199,1107,1.08,89.11,17.02,,,2026-10-01,2026-10-01 07:52:45
4129,聯合,82.6,83.2,83.2,82.3,55.38,55.09,50.0,-0.4,-0.59,0.19,83.67,82.44,81.21,72,78,0.92,79.66,14.83,4.5,5.45,2026-10-01,2026-10-01 07:52:46
4131,浩泰,30.85,31.25,31.25,30.1,49.86,59.31,51.24,-0.16,-0.18,0.02,32.42,31.28,30.13,8,22,0.36,12.28,,,,2026-10-01,2026-10-01 07:52:55
4133,亞諾法,20.65,20.6,20.65,20.4,67.35,61.61,61.54,-0.04,-0.09,0.05,20.77,20.44,20.11,30,37,0.8,12.5,27.91,0.11,0.53,2026-10-01,2026-10-01 07:53:04
4137,麗豐-KY,76.3,77.2,77.8,76.2,32.05,45.0,47.15,-2.64,-3.15,0.5,80.46,77.51,74.55,96,87,1.11,62.94,11.88,10.0,13.11,2026-10-01,2026-10-01 07:53:05
4138,曜亞,54.3,55.0,55.4,54.3,52.01,71.03,53.97,0.8,0.81,-0.02,56.08,53.96,51.83,19,48,0.41,21.68,14.92,4.2,7.73,2026-10-01,2026-10-01 07:53:07
4139,馬光-KY,41.95,41.0,42.0,40.0,58.44,51.9,58.72,0.88,1.02,-0.14,42.63,41.39,40.15,37,46,0.79,18.88,,,,2026-10-01,2026-10-01 07:53:08
4142,國光生,18.1,18.3,18.35,18.05,84.67,82.57,58.97,0.15,0.09,0.06,18.29,17.68,17.07,552,855,0.65,76.29,,,,2026-10-01,2026-10-01 07:53:09
4147,中裕,62.0,63.7,63.9,61.4,44.61,52.61,47.4,0.13,0.1,0.03,66.03,62.65,59.28,1020,1098,0.93,167.84,,,,2026-10-01,2026-10-01 07:53:11
4148,全宇生技-KY,31.8,32.0,32.0,31.6,13.23,17.8,54.04,0.07,0.23,-0.16,34.15,32.34,30.53,25,29,0.87,21.38,11.48,1.0,3.14,2026-10-01,2026-10-01 07:53:12
4150,優你康,1.59,1.58,1.58,1.58,53.37,43.99,17.85,-0.69,-0.72,0.03,4.52,2.32,0.12,0,2447,0.0,2.34,,,,2026-09-04,2026-10-01 07:53:13
4153,鈺緯,31.25,31.55,31.55,31.25,27.0,36.32,41.25,-0.23,-0.15,-0.08,32.71,31.95,31.2,12,11,1.11,18.33,19.17,2.0,6.4,2026-10-01,2026-10-01 07:53:15
4154,樂威科-KY,12.5,12.5,12.5,12.5,69.6,61.5,50.0,0.04,-0.04,0.08,13.11,12.13,11.15,11,24,0.46,4.8,,,,2026-10-01,2026-10-01 07:53:16
4155,訊映,14.85,14.75,14.85,14.6,32.99,36.97,62.3,0.03,0.02,0.01,15.26,14.67,14.07,272,213,1.28,19.41,8.63,1.04,7.0,2026-10-01,2026-10-01 07:53:17
4157,太景*-KY,8.73,8.87,8.87,8.72,31.14,40.01,40.0,-0.01,0.02,-0.02,9.17,8.87,8.57,484,685,0.71,62.14,41.57,,,2026-10-01,2026-10-01 07:53:19
4160,訊聯基因,38.9,39.1,39.1,38.9,30.4,46.71,46.27,0.3,0.32,-0.03,40.19,38.86,37.54,14,30,0.46,10.9,61.75,1.76,4.52,2026-10-01,2026-10-01 07:53:20
4161,聿新科,21.75,21.7,21.8,21.7,22.76,36.16,18.18,-0.21,-0.15,-0.06,22.92,22.32,21.73,34,32,1.07,13.01,12.08,0.7,3.22,2026-10-01,2026-10-01 07:53:22
4162,智擎,55.3,55.5,55.7,55.1,51.65,56.14,46.03,-0.9,-1.06,0.17,58.06,55.81,53.57,196,181,1.08,79.45,14.79,2.0,3.62,2026-10-01,2026-10-01 07:53:23
4163,鐿鈦,136.5,137.0,137.0,135.0,86.53,78.76,80.95,-0.17,-0.64,0.48,139.65,133.45,127.25,10,15,0.68,69.17,22.83,3.5,2.56,2026-10-01,2026-10-01 07:53:25
4164,承業醫,27.1,27.35,27.45,26.95,82.94,76.57,64.21,0.19,-0.01,0.2,27.38,26.11,24.84,354,465,0.76,52.52,22.77,1.11,4.1,2026-10-01,2026-10-01 07:53:26
4166,友霖,24.75,24.0,25.3,24.0,46.76,42.25,65.45,-0.1,-0.15,0.05,25.29,24.32,23.34,163,70,2.3,60.15,25.0,,,2026-10-01,2026-10-01 07:53:27
4167,松瑞藥,19.6,19.8,19.95,19.55,74.13,75.11,61.36,0.13,0.1,0.02,19.96,19.31,18.65,476,617,0.77,64.98,6.34,0.8,4.08,2026-10-01,2026-10-01 07:53:29
4168,醣聯,22.15,22.65,22.65,22.1,66.21,60.32,59.32,-0.16,-0.25,0.1,22.41,21.87,21.32,83,96,0.86,24.92,,,,2026-10-01,2026-10-01 07:53:30
4169,泰宗,151.0,152.5,152.5,149.0,47.63,50.39,51.72,-3.25,-4.81,1.57,156.44,149.43,142.41,55,64,0.86,99.87,85.31,0.32,0.21,2026-10-01,2026-10-01 07:53:31
4170,鑫品生醫,12.55,12.6,12.6,12.35,61.06,63.7,51.61,0.06,0.05,0.0,13.46,12.62,11.79,6,18,0.33,5.49,4.67,,,2026-10-01,2026-10-01 07:53:33
4171,瑞基,16.35,16.45,16.45,16.35,39.42,38.4,41.94,-0.17,-0.2,0.03,16.92,16.48,16.05,27,30,0.9,9.3,,,,2026-10-01,2026-10-01 07:53:35
4172,因華,10.45,10.3,10.65,10.2,52.03,47.29,42.19,-0.18,-0.18,0.0,11.37,10.73,10.1,90,109,0.83,12.5,,,,2026-10-01,2026-10-01 07:53:36
4173,久裕,17.25,17.25,17.35,17.0,54.14,54.55,57.69,-0.05,-0.07,0.03,17.43,17.19,16.94,53,36,1.47,12.86,21.84,1.04,6.03,2026-10-01,2026-10-01 07:53:37
4174,浩鼎,43.1,43.1,43.1,43.1,95.12,88.39,89.18,3.07,1.42,1.66,39.32,28.95,18.57,1175,2011,0.58,56.71,,,,2026-10-01,2026-10-01 07:53:39
4175,杏一,50.7,50.8,51.0,50.7,37.23,48.8,44.9,-0.0,0.1,-0.1,51.96,51.23,50.49,10,9,1.11,21.46,13.52,3.0,5.92,2026-10-01,2026-10-01 07:53:40
4178,永笙-KY,18.35,17.0,18.35,17.0,61.33,50.67,69.74,-0.06,-0.2,0.14,17.6,16.8,15.99,912,240,3.8,39.4,,,,2026-10-01,2026-10-01 07:53:42
4183,福永生技,14.45,14.0,14.45,14.0,66.96,55.41,51.88,-0.07,-0.15,0.08,14.75,13.79,12.83,7,9,0.74,3.44,,0.67,4.64,2026-10-01,2026-10-01 07:53:44
4186,尖端醫,7.31,7.31,7.31,6.96,64.99,69.37,55.98,-0.19,-0.27,0.08,7.55,7.21,6.87,30,61,0.5,6.58,43.0,,,2026-10-01,2026-10-01 07:53:45
4188,安克,14.3,14.4,15.45,14.2,50.32,46.14,51.94,0.43,0.57,-0.14,15.27,14.16,13.05,250,317,0.79,9.06,,,,2026-10-01,2026-10-01 07:53:46
4190,佐登-KY,25.0,24.75,25.0,24.75,39.12,39.98,23.68,-0.14,-0.04,-0.1,26.34,25.54,24.73,10,15,0.66,14.86,18.52,0.5,2.0,2026-10-01,2026-10-01 07:53:47
4192,杏國,18.65,18.45,18.65,18.45,41.94,38.89,48.11,-0.24,-0.25,0.0,19.41,18.64,17.87,4,4,1.0,6.56,,,,2026-09-30,2026-10-01 07:53:49
4194,禾生技,8.28,7.45,8.6,7.25,66.16,52.48,57.18,0.18,0.15,0.03,8.08,7.43,6.78,391,111,3.51,12.09,,,,2026-10-01,2026-10-01 07:53:50
4195,基米-創,15.7,15.85,15.85,15.35,64.93,52.38,66.99,0.17,-0.19,0.36,15.79,13.92,12.05,174,439,0.4,12.56,,,,2026-10-01,2026-10-01 07:53:52
4197,暐世,8.97,9.0,9.09,8.69,40.82,31.2,4.84,0.03,0.16,-0.13,11.73,9.53,7.32,18,61,0.3,2.71,,,,2026-10-01,2026-10-01 07:53:53
4198,欣大健康,49.25,49.25,49.25,49.25,51.76,62.55,43.0,1.52,1.73,-0.22,51.09,48.92,46.75,1,10,0.1,11.87,,,,2026-10-01,2026-10-01 07:53:55
4205,中華食,68.8,68.8,68.8,68.8,46.37,34.8,42.31,-0.24,-0.22,-0.03,69.85,69.05,68.24,4,15,0.3,67.18,17.33,3.5,5.09,2026-10-01,2026-10-01 07:53:56
4207,環泰,19.4,19.35,19.45,19.3,28.72,33.24,40.0,-0.23,-0.22,-0.01,20.48,19.69,18.9,100,94,1.06,36.59,10.32,0.5,2.58,2026-10-01,2026-10-01 07:53:57
4303,信立,33.35,33.55,34.1,33.35,11.74,13.27,25.0,-0.31,0.09,-0.4,37.21,35.1,32.99,860,758,1.13,44.17,5.05,1.0,3.0,2026-10-01,2026-10-01 07:53:59
4304,勝昱,17.3,17.0,17.85,17.0,45.63,50.84,52.94,-0.55,-0.59,0.04,20.96,17.68,14.41,15,117,0.13,10.56,,,,2026-10-01,2026-10-01 07:54:00
4305,世坤,41.55,41.55,41.6,41.55,15.27,23.16,38.1,-0.33,-0.24,-0.09,44.04,42.46,40.87,4,4,0.95,22.86,8.57,3.1,7.46,2026-10-01,2026-10-01 07:54:02
4306,炎洲,14.45,14.6,14.7,14.45,43.2,40.58,30.77,-0.1,-0.08,-0.02,15.33,14.77,14.21,1000,741,1.35,95.08,15.88,0.7,4.84,2026-10-01,2026-10-01 07:54:03
4401,東隆興,13.9,14.0,14.0,13.85,46.36,44.36,50.0,-0.03,-0.03,0.0,14.24,13.91,13.58,22,41,0.54,17.05,12.3,0.6,4.32,2026-10-01,2026-10-01 07:54:04
4402,郡都開發,14.15,14.15,14.15,14.15,47.03,44.31,46.51,-0.33,-0.37,0.04,14.91,14.26,13.61,1,15,0.07,9.62,,,,2026-10-01,2026-10-01 07:54:06
4406,新昕纖,10.2,10.0,10.2,10.0,47.19,54.47,61.11,0.06,0.05,0.01,10.38,10.1,9.82,11,18,0.6,5.3,,,,2026-10-01,2026-10-01 07:54:08
4413,飛寶企業,20.35,20.0,20.35,20.0,64.64,61.17,57.27,0.56,0.56,-0.0,21.02,19.75,18.48,6,61,0.1,6.37,16.54,0.3,1.47,2026-10-01,2026-10-01 07:54:09
4414,如興,8.11,8.14,8.16,8.07,24.62,37.05,45.33,-0.05,-0.05,-0.0,8.39,8.2,8.01,145,154,0.94,23.38,27.97,0.01,0.12,2026-10-01,2026-10-01 07:54:10
4416,三圓,13.1,13.4,13.5,13.0,71.08,71.56,58.96,0.38,0.25,0.13,14.47,12.4,10.33,872,1226,0.71,9.55,4.2,1.0,7.63,2026-10-01,2026-10-01 07:54:12
4417,金洲,49.6,49.55,49.7,49.5,30.87,46.81,71.43,0.85,0.93,-0.09,51.31,48.87,46.43,34,40,0.84,41.65,9.61,3.5,7.06,2026-10-01,2026-10-01 07:54:13
4419,皇家美食,50.2,49.0,50.2,49.0,83.93,68.71,68.72,0.56,0.16,0.4,49.26,46.56,43.86,477,125,3.79,64.27,,,,2026-09-30,2026-10-01 07:54:15
4420,光明,35.65,35.8,35.8,35.65,31.97,31.51,37.74,0.15,0.34,-0.19,37.62,36.43,35.23,20,21,0.94,14.42,26.6,4.0,11.22,2026-10-01,2026-10-01 07:54:16
4426,利勤,7.66,7.61,7.73,7.53,34.66,40.91,55.0,-0.03,-0.05,0.02,7.79,7.61,7.43,69,62,1.1,13.23,,,,2026-10-01,2026-10-01 07:54:17
4430,耀億,17.8,17.85,17.85,17.7,62.35,50.35,66.67,0.05,0.01,0.04,17.86,17.46,17.06,29,28,1.02,10.02,46.84,0.5,2.81,2026-10-01,2026-10-01 07:54:19
4431,敏成健康,18.05,18.45,19.0,18.05,29.32,31.41,27.83,-0.09,0.2,-0.29,21.27,19.82,18.38,13,25,0.52,6.59,,,,2026-10-01,2026-10-01 07:54:20
4432,銘旺實,15.35,15.45,15.45,15.35,32.1,38.33,44.0,-0.08,-0.05,-0.03,15.87,15.58,15.29,5,28,0.18,7.77,3.22,0.4,2.61,2026-10-01,2026-10-01 07:54:22
4433,興采,18.05,18.05,18.05,17.9,34.51,34.18,32.5,-0.28,-0.28,0.0,19.04,18.42,17.8,44,54,0.82,10.91,16.12,1.0,5.54,2026-10-01,2026-10-01 07:54:23
4438,廣越,57.2,57.6,57.7,57.0,54.37,49.22,43.33,-0.32,-0.39,0.07,58.77,57.14,55.51,26,30,0.87,64.45,8.15,2.3,4.02,2026-10-01,2026-10-01 07:54:24
4439,冠星-KY,97.7,98.5,98.5,97.0,79.65,69.94,58.09,-0.18,-0.65,0.48,98.73,95.83,92.92,6,20,0.3,36.75,11.09,4.05,4.15,2026-10-01,2026-10-01 07:54:26
4440,宜新實業,17.55,17.45,17.55,17.45,40.76,38.26,46.15,-0.01,-0.0,-0.01,17.73,17.58,17.43,30,23,1.26,11.86,8.95,1.0,5.7,2026-10-01,2026-10-01 07:54:27
4441,振大環球,170.0,171.0,171.0,170.0,21.97,25.8,35.71,-1.58,-1.54,-0.05,175.43,172.22,169.02,30,57,0.54,115.9,9.26,10.8,6.35,2026-10-01,2026-10-01 07:54:28
4442,竣邦-KY,54.0,54.1,54.4,53.6,23.39,24.28,60.78,0.31,0.35,-0.04,57.15,53.61,50.08,19,16,1.19,17.38,11.97,3.4,6.3,2026-10-01,2026-10-01 07:54:29
4502,健信,15.8,15.7,15.8,15.6,77.79,66.16,53.85,0.02,0.01,0.01,15.85,15.72,15.6,11,16,0.68,8.76,,,,2026-10-01,2026-10-01 07:54:31
4503,金雨,24.15,24.15,24.3,23.9,71.0,65.29,62.16,-0.71,-1.15,0.44,24.64,23.4,22.15,81,159,0.51,18.91,6.51,,,2026-10-01,2026-10-01 07:54:32
4506,崇友,118.0,118.0,118.0,117.5,17.02,16.06,23.08,-0.93,-0.74,-0.19,123.04,119.78,116.51,30,39,0.78,208.87,15.25,5.3,4.49,2026-10-01,2026-10-01 07:54:34
4510,高鋒,43.45,44.2,44.45,43.35,42.5,46.38,45.91,-0.01,0.11,-0.12,47.1,44.06,41.02,412,386,1.07,47.35,45.74,0.79,1.82,2026-10-01,2026-10-01 07:54:36
4513,福裕,16.4,16.2,16.4,16.0,60.11,61.72,64.81,-0.07,-0.2,0.13,16.85,15.96,15.06,202,160,1.26,23.58,,,,2026-10-01,2026-10-01 07:54:37
4523,永彰,24.0,23.9,24.1,23.85,32.62,31.4,54.72,-0.13,-0.18,0.05,24.52,23.85,23.17,40,35,1.15,15.59,0.9,2.64,11.0,2026-10-01,2026-10-01 07:54:38
4526,東台,34.4,34.9,36.9,34.15,65.88,60.88,63.49,0.59,0.25,0.34,33.98,31.69,29.39,8727,3681,2.37,86.63,25.48,1.0,2.91,2026-10-01,2026-10-01 07:54:40
4527,方土霖,40.9,45.44,45.44,45.44,44.06,48.49,47.83,0.09,0.11,-0.03,45.59,45.35,45.1,0,9,0.0,25.23,8.61,3.33,8.14,2026-09-30,2026-10-01 07:54:41
4528,江興鍛,14.85,14.9,14.95,14.85,61.05,56.36,41.18,-0.05,-0.07,0.01,15.02,14.9,14.79,25,12,2.14,12.5,13.62,0.2,1.35,2026-10-01,2026-10-01 07:54:43
4529,淳紳,3.33,3.33,3.33,3.33,25.82,19.15,11.54,-0.12,-0.11,-0.01,3.88,3.53,3.19,3,16,0.19,2.82,,,,2026-10-01,2026-10-01 07:54:44
4530,天意能創,24.1,24.9,24.95,24.1,66.06,56.96,38.22,-0.65,-0.52,-0.13,28.18,25.46,22.74,3,4,0.61,8.63,38.87,,,2026-10-01,2026-10-01 07:54:46
4532,瑞智,24.8,24.8,24.85,24.65,61.8,66.12,63.64,0.27,0.17,0.1,25.65,24.23,22.81,530,681,0.78,120.52,13.26,1.5,6.05,2026-10-01,2026-10-01 07:54:47
4533,協易機,25.55,25.75,25.75,25.25,82.05,74.66,55.13,-0.09,-0.22,0.13,26.17,25.12,24.07,338,600,0.56,40.48,42.58,0.18,0.7,2026-10-01,2026-10-01 07:54:49
4534,慶騰,30.7,30.95,31.0,30.3,49.78,50.99,57.92,0.08,-0.31,0.39,32.54,29.57,26.6,462,638,0.72,26.64,65.32,,,2026-10-01,2026-10-01 07:54:50
4535,至興,27.0,26.65,27.0,26.65,31.95,35.69,27.27,-0.33,-0.31,-0.02,28.19,27.34,26.49,9,33,0.28,20.43,19.01,0.8,2.96,2026-10-01,2026-10-01 07:54:52
4536,拓凱,162.0,160.5,162.0,160.0,36.36,50.03,38.89,-0.87,-0.66,-0.2,167.21,163.72,160.24,132,181,0.73,147.13,12.27,8.0,4.94,2026-10-01,2026-10-01 07:54:53
4537,旭東,163.0,162.5,165.5,162.0,50.12,44.45,36.07,5.26,5.43,-0.17,170.66,159.93,149.19,43,61,0.7,128.51,60.82,0.5,0.31,2026-10-01,2026-10-01 07:54:54
4538,大詠城,17.45,17.5,17.5,17.3,52.19,49.87,38.46,-0.05,-0.06,0.01,17.83,17.49,17.14,11,10,1.02,10.38,44.74,1.0,5.73,2026-10-01,2026-10-01 07:54:56
4540,全球傳動,61.8,62.3,62.5,61.3,72.27,69.91,64.96,0.99,0.72,0.26,62.78,59.49,56.2,1515,2606,0.58,71.19,55.43,,,2026-10-01,2026-10-01 07:54:57
4541,晟田,60.1,61.7,61.7,60.0,57.41,53.53,52.09,-1.08,-1.46,0.38,63.75,59.62,55.49,1338,1067,1.25,41.04,15.49,1.39,2.31,2026-10-01,2026-10-01 07:54:58
4542,科嶠,328.0,343.0,343.0,328.0,78.47,75.61,64.35,13.58,5.92,7.66,354.35,292.93,231.5,423,1357,0.31,115.63,146.43,0.93,0.28,2026-10-01,2026-10-01 07:55:00
4543,萬在,30.15,29.5,30.7,29.5,69.82,56.63,62.14,-0.22,-0.43,0.21,30.49,28.86,27.22,170,97,1.74,18.92,12.36,0.2,0.66,2026-10-01,2026-10-01 07:55:01
4544,春日,13.3,13.3,13.3,13.3,27.67,33.0,56.41,-0.17,-0.17,-0.0,14.01,13.36,12.7,0,3,0.06,8.02,,0.5,3.76,2026-10-01,2026-10-01 07:55:03
4545,銘鈺,39.4,39.1,40.75,38.5,81.69,73.3,83.19,1.17,0.44,0.73,37.88,33.43,28.98,1012,475,2.13,30.34,46.35,0.13,0.33,2026-10-01,2026-10-01 07:55:04
4549,桓達,96.9,96.9,96.9,95.9,46.71,48.04,47.9,0.04,0.16,-0.12,101.49,97.25,93.02,53,46,1.17,56.34,24.29,2.94,3.03,2026-10-01,2026-10-01 07:55:06
4550,長佳,24.45,24.25,24.45,24.15,67.88,66.75,57.14,0.01,-0.06,0.06,24.57,24.07,23.57,4,14,0.28,9.25,12.73,1.22,4.99,2026-10-01,2026-10-01 07:55:07
4551,智伸科,172.5,175.0,175.0,168.5,61.52,57.93,54.29,0.85,-1.63,2.48,177.5,163.2,148.9,1563,2360,0.66,198.76,18.14,4.2,2.43,2026-10-01,2026-10-01 07:55:09
4552,力達-KY,15.65,15.75,15.75,15.5,40.06,44.15,40.0,-0.42,-0.48,0.06,16.84,15.95,15.05,66,97,0.69,18.15,13.73,0.6,3.83,2026-10-01,2026-10-01 07:55:10
4553,盛復,15.0,14.9,15.0,14.9,28.81,30.59,42.86,-0.3,-0.29,-0.02,16.0,15.41,14.81,68,23,2.93,4.95,31.25,0.2,1.33,2026-10-01,2026-10-01 07:55:11
4554,橙的,28.15,28.3,28.35,28.15,19.01,21.18,34.55,0.03,0.14,-0.11,29.73,28.59,27.45,19,25,0.77,8.52,11.58,0.5,1.78,2026-10-01,2026-10-01 07:55:13
4555,氣立,42.3,42.2,42.6,41.6,36.38,34.76,43.44,-1.0,-1.03,0.04,45.97,42.98,39.99,75,83,0.9,29.39,41.88,0.5,1.18,2026-10-01,2026-10-01 07:55:14
4556,旭然,111.5,108.0,111.5,98.3,79.96,64.34,74.81,5.03,2.09,2.94,107.29,85.12,62.94,3003,1500,2.0,47.17,103.24,0.6,0.54,2026-10-01,2026-10-01 07:55:15
4557,永新-KY,50.3,50.3,50.3,50.1,56.06,46.17,55.38,-0.13,-0.17,0.05,50.56,49.98,49.39,35,39,0.9,24.13,7.76,2.0,3.98,2026-10-01,2026-10-01 07:55:16
4558,寶緯,16.85,16.85,16.95,16.8,18.21,33.44,44.9,-0.11,-0.05,-0.06,17.75,17.26,16.77,56,27,2.07,8.43,18.93,0.5,2.97,2026-10-01,2026-10-01 07:55:18
4559,久裕興,7.65,7.65,7.7,7.65,33.23,32.01,32.08,-0.29,-0.25,-0.04,9.04,8.27,7.51,12,33,0.36,4.59,29.42,,,2026-10-01,2026-10-01 07:55:20
4560,強信-KY,29.4,29.85,29.85,29.3,63.78,53.5,51.95,-0.38,-0.53,0.15,29.86,29.21,28.56,229,263,0.87,20.02,9.93,2.0,6.8,2026-10-01,2026-10-01 07:55:21
4561,健椿,42.5,42.9,42.9,42.35,81.64,76.79,58.99,-0.03,-0.22,0.2,43.93,41.57,39.21,70,117,0.6,24.87,25.0,0.2,0.47,2026-10-01,2026-10-01 07:55:22
4562,穎漢,30.95,30.9,31.4,30.45,55.12,52.19,58.56,-0.15,-0.32,0.18,31.45,30.14,28.82,114,100,1.14,27.1,,,,2026-10-01,2026-10-01 07:55:23
4563,百德,53.5,51.7,54.4,51.6,86.28,82.13,89.11,2.72,2.08,0.64,53.13,46.85,40.57,518,336,1.54,29.4,21.49,3.0,5.61,2026-10-01,2026-10-01 07:55:25
4564,元翎,16.3,16.5,16.5,16.05,82.4,75.17,71.43,-0.13,-0.23,0.1,16.52,15.98,15.44,330,403,0.82,37.94,,,,2026-10-01,2026-10-01 07:55:27
4565,宏偉,138.0,140.0,140.0,135.5,77.54,66.41,60.53,1.81,2.16,-0.35,147.18,137.93,128.67,10,30,0.33,85.2,14.56,6.0,4.35,2026-10-01,2026-10-01 07:55:28
4566,時碩工業,75.2,74.3,77.2,74.3,81.4,74.36,78.39,1.67,0.25,1.42,74.76,66.3,57.84,3810,4507,0.85,82.93,29.72,0.68,0.9,2026-10-01,2026-10-01 07:55:29
4568,科際精密,39.05,38.75,39.05,38.75,39.02,52.26,49.19,-0.03,0.0,-0.03,40.37,39.36,38.35,14,7,1.8,12.47,21.46,1.98,5.07,2026-10-01,2026-10-01 07:55:31
4569,六方科-KY,155.0,156.5,156.5,153.0,40.05,33.98,42.62,-2.57,-2.29,-0.28,179.75,160.6,141.45,19,24,0.8,47.11,17.67,3.25,2.1,2026-10-01,2026-10-01 07:55:32
4570,傑生,70.4,70.4,70.4,70.4,89.6,82.61,64.58,0.58,0.55,0.03,71.38,69.72,68.06,1,1,0.83,30.98,21.6,3.0,4.26,2026-10-01,2026-10-01 07:55:33
4571,鈞興-KY,154.0,152.5,154.0,152.5,83.69,72.14,58.62,-1.52,-2.16,0.65,159.62,152.65,145.68,56,64,0.88,79.96,17.21,5.27,3.42,2026-10-01,2026-10-01 07:55:34
4572,駐龍,138.5,138.5,140.5,138.5,14.66,19.05,38.89,-0.68,-0.36,-0.32,143.75,140.8,137.85,11,16,0.72,55.43,38.05,5.0,3.61,2026-10-01,2026-10-01 07:55:36
4573,高明鐵,686.0,688.0,708.0,675.0,77.04,76.71,56.59,49.26,50.28,-1.01,729.68,646.95,564.22,693,907,0.76,313.48,383.24,,,2026-10-01,2026-10-01 07:55:37
4575,銓寶,22.5,21.75,22.5,21.75,68.58,73.23,45.24,-0.15,-0.12,-0.03,23.27,22.76,22.25,3,1,2.19,8.7,15.62,1.3,5.78,2026-10-01,2026-10-01 07:55:38
4576,大銀微系統,237.5,237.0,238.5,230.5,63.67,50.8,45.91,3.97,4.63,-0.66,248.02,235.45,222.88,1063,1627,0.65,284.53,72.41,0.8,0.34,2026-10-01,2026-10-01 07:55:40
4577,達航科技,90.4,94.0,94.6,89.7,56.4,43.31,52.92,1.63,1.44,0.19,92.22,86.74,81.25,1187,537,2.21,44.42,,,,2026-10-01,2026-10-01 07:55:41
4580,捷流閥業,82.2,81.6,82.3,80.5,71.76,59.04,51.11,0.47,0.54,-0.07,83.06,81.58,80.09,159,90,1.77,38.47,13.59,4.0,4.87,2026-10-01,2026-10-01 07:55:42
4581,光隆精密-KY,47.85,47.75,47.85,47.75,47.91,60.66,57.58,0.03,0.02,0.02,48.77,47.88,46.98,3,3,0.8,16.22,16.61,3.0,6.27,2026-10-01,2026-10-01 07:55:44
4582,聚恆-創,22.4,22.5,22.5,22.2,48.69,42.09,36.0,-0.44,-0.52,0.08,23.58,22.69,21.8,33,46,0.71,16.91,9.14,0.79,3.53,2026-10-01,2026-10-01 07:55:45
4583,台灣精銳,419.5,426.0,426.5,413.5,29.44,30.15,24.82,-15.64,-17.29,1.65,477.23,439.5,401.77,79,46,1.72,336.32,31.14,10.0,2.38,2026-10-01,2026-10-01 07:55:46
4584,君帆,37.5,39.6,39.6,37.5,43.4,38.58,33.33,-0.43,-0.42,-0.01,39.19,37.74,36.28,6,4,1.36,11.25,15.12,2.0,5.33,2026-10-01,2026-10-01 07:55:47
4585,達明,294.5,292.0,294.5,290.0,30.22,34.61,53.25,-1.39,-1.15,-0.24,302.58,295.23,287.87,96,82,1.18,308.07,102.97,1.0,0.34,2026-10-01,2026-10-01 07:55:48
4587,寶元數控,40.5,40.5,40.5,38.65,68.47,52.44,33.82,-0.99,-1.1,0.12,42.77,40.83,38.9,12,4,3.01,13.36,,,,2026-10-01,2026-10-01 07:55:50
4588,玖鼎電力,55.8,55.4,55.8,55.2,55.9,62.02,68.6,0.93,0.73,0.2,57.6,53.77,49.95,22,34,0.65,23.99,15.5,3.0,5.38,2026-10-01,2026-10-01 07:55:51
4589,碩陽電機,31.1,31.15,31.15,30.4,27.18,38.71,42.28,-0.53,-0.37,-0.17,34.59,32.83,31.07,2,11,0.17,8.1,15.25,0.5,1.61,2026-10-01,2026-10-01 07:55:53
4590,富田-創,88.2,89.0,89.0,88.1,24.06,33.66,33.95,0.37,0.69,-0.31,92.7,89.68,86.67,133,134,0.99,48.37,15.92,2.3,2.61,2026-10-01,2026-10-01 07:55:54
4609,唐鋒,4.49,4.15,4.49,4.15,57.79,44.06,68.48,-0.08,-0.12,0.04,4.44,4.23,4.03,2,3,0.53,2.15,22.45,,,2026-10-01,2026-10-01 07:55:55
4702,中美實,9.28,9.45,9.45,9.25,26.97,34.03,41.18,-0.06,-0.07,0.0,9.57,9.36,9.14,70,52,1.36,6.71,4.16,0.5,5.39,2026-10-01,2026-10-01 07:55:57
4706,大恭,34.65,34.3,34.65,34.25,23.77,15.44,33.33,0.19,0.32,-0.14,37.86,34.62,31.39,21,6,3.39,27.38,31.22,0.3,0.87,2026-10-01,2026-10-01 07:55:58
4707,磐亞,28.7,30.35,30.85,28.7,66.2,66.2,58.62,-0.23,-0.52,0.29,31.77,28.46,25.15,1889,2039,0.93,118.76,22.78,0.25,0.87,2026-10-01,2026-10-01 07:56:00
4711,永純,16.15,16.7,16.75,16.05,28.19,35.05,36.36,-0.08,-0.05,-0.03,16.78,16.44,16.09,116,44,2.6,9.86,19.0,0.5,3.1,2026-10-01,2026-10-01 07:56:02
4714,永捷,11.85,12.1,12.15,11.8,43.78,53.18,58.23,0.29,0.26,0.03,12.64,11.46,10.28,713,964,0.74,26.29,,0.19,1.6,2026-10-01,2026-10-01 07:56:03
4716,大立,17.25,16.95,17.6,16.7,58.81,56.26,54.35,-0.17,-0.25,0.08,17.43,16.94,16.45,881,657,1.34,16.29,31.36,0.2,1.16,2026-10-01,2026-10-01 07:56:05
4720,德淵,19.05,19.35,19.35,19.0,49.73,52.51,57.14,0.05,-0.07,0.11,19.57,18.73,17.88,304,291,1.04,21.82,34.64,0.4,2.1,2026-10-01,2026-10-01 07:56:06
4721,美琪瑪,80.6,82.5,82.5,80.3,80.5,80.44,74.74,1.63,0.53,1.1,81.01,74.11,67.2,610,740,0.83,60.44,16.22,2.3,2.85,2026-10-01,2026-10-01 07:56:07
4722,國精化,209.5,196.5,209.5,194.5,70.68,57.9,62.41,-3.15,-5.48,2.33,205.3,191.57,177.85,2271,925,2.46,217.3,75.91,1.18,0.56,2026-10-01,2026-10-01 07:56:08
4724,宣捷幹細胞,9.34,8.9,9.35,8.79,30.95,35.17,55.39,0.02,0.01,0.01,10.03,9.06,8.09,61,49,1.25,8.96,,,,2026-10-01,2026-10-01 07:56:10
4726,永昕,23.4,23.0,23.7,23.0,60.69,43.36,43.42,-0.36,-0.43,0.07,24.35,23.14,21.92,171,110,1.55,48.45,,,,2026-10-01,2026-10-01 07:56:11
4728,雙美,394.5,397.5,397.5,394.5,43.23,45.09,51.52,1.07,1.44,-0.36,406.39,396.75,387.11,14,12,1.09,214.86,26.51,12.1,3.07,2026-10-01,2026-10-01 07:56:14
4729,熒茂,20.4,21.0,21.05,19.95,74.17,66.02,81.25,0.15,-0.08,0.24,20.1,18.86,17.62,900,426,2.11,16.16,46.36,0.5,2.45,2026-10-01,2026-10-01 07:56:15
4732,彥臣,17.75,17.3,18.0,17.3,61.51,67.61,51.72,0.21,0.25,-0.05,18.4,17.93,17.46,8,1,4.61,8.6,,,,2026-10-01,2026-10-01 07:56:17
4735,豪展,36.05,36.05,36.5,36.05,40.95,39.04,54.41,0.21,0.36,-0.15,37.67,36.26,34.85,29,28,1.02,13.88,5.96,6.0,16.64,2026-10-01,2026-10-01 07:56:18
4736,泰博,130.0,131.5,131.5,129.0,38.69,52.35,64.52,2.27,2.77,-0.5,134.4,129.0,123.6,97,121,0.8,134.65,5.3,5.07,3.9,2026-10-01,2026-10-01 07:56:19
4737,華廣,55.4,55.3,56.1,55.0,26.34,47.18,41.36,-0.27,0.18,-0.45,61.6,57.9,54.19,38,43,0.88,42.82,17.76,,,2026-10-01,2026-10-01 07:56:21
4738,大同精化,6.28,6.4,6.4,5.99,38.21,39.8,45.45,-0.03,0.01,-0.04,7.33,6.5,5.67,101,65,1.55,4.87,28.55,,,2026-10-01,2026-10-01 07:56:22
4739,康普,87.5,88.4,88.5,86.2,74.45,65.35,72.6,-0.1,-1.32,1.22,87.85,81.02,74.19,1654,1711,0.97,108.48,17.19,1.0,1.14,2026-10-01,2026-10-01 07:56:24
4741,泓瀚,40.3,40.8,41.35,40.25,58.15,49.06,50.46,-0.79,-1.29,0.51,42.17,39.0,35.84,39,94,0.42,14.03,33.31,0.3,0.74,2026-10-01,2026-10-01 07:56:25
4743,合一,45.85,47.15,47.25,45.65,68.69,61.88,50.25,-0.22,-0.5,0.29,47.22,45.07,42.92,1295,1196,1.08,219.85,352.69,,,2026-10-01,2026-10-01 07:56:27
4744,皇將,28.7,29.95,29.95,28.6,38.21,42.3,61.45,0.27,0.19,0.08,30.36,28.04,25.72,55,82,0.68,15.92,18.88,1.0,3.48,2026-10-01,2026-10-01 07:56:28
4745,合富-KY,12.15,12.25,12.25,12.15,90.85,86.84,72.22,0.01,-0.07,0.08,12.16,11.82,11.48,4,33,0.12,8.05,,,,2026-10-01,2026-10-01 07:56:30
4746,台耀,49.0,49.0,49.3,48.6,75.81,70.48,70.25,0.05,-0.31,0.36,49.56,46.99,44.41,444,767,0.58,58.93,12.47,3.0,6.12,2026-10-01,2026-10-01 07:56:31
4747,強生*,23.1,23.0,23.75,23.0,30.04,26.76,18.57,-0.73,-0.64,-0.09,25.65,24.31,22.97,33,45,0.73,21.0,23.57,0.53,2.29,2026-10-01,2026-10-01 07:56:32
4749,新應材,757.0,777.0,786.0,756.0,58.14,49.75,46.06,-6.98,-11.65,4.68,799.68,747.6,695.52,696,701,0.99,717.13,58.46,8.0,1.06,2026-10-01,2026-10-01 07:56:34
4754,國碳科,37.85,37.65,38.0,37.65,67.16,56.73,50.94,-0.03,-0.04,0.0,38.85,37.85,36.84,9,28,0.32,11.46,11.87,2.3,6.08,2026-10-01,2026-10-01 07:56:35
4755,三福化,119.0,118.0,119.0,116.0,76.83,66.13,67.86,0.03,-0.74,0.77,119.81,115.1,110.39,154,143,1.07,119.84,26.04,3.7,3.11,2026-10-01,2026-10-01 07:56:36
4760,勤凱,288.5,267.0,288.5,267.0,61.52,52.22,64.29,3.6,2.22,1.38,280.38,265.07,249.77,885,338,2.61,94.57,30.02,4.41,1.53,2026-10-01,2026-10-01 07:56:38
4763,材料*-KY,46.85,48.8,48.9,46.85,31.44,36.76,54.7,0.46,0.42,0.04,50.01,46.91,43.81,11561,8909,1.3,463.42,11.24,3.05,6.51,2026-10-01,2026-10-01 07:56:39
4764,雙鍵,185.0,193.0,193.0,182.5,21.61,16.14,19.71,-13.81,-12.66,-1.14,241.44,207.55,173.66,1153,1108,1.04,169.35,60.06,0.99,0.54,2026-10-01,2026-10-01 07:56:41
4765,磐采,15.65,15.6,15.65,15.6,28.61,12.07,29.82,-0.33,-0.23,-0.1,17.25,15.9,14.55,4,7,0.58,5.03,,,,2026-10-01,2026-10-01 07:56:42
4766,南寶,342.5,340.0,342.5,339.5,65.0,66.09,53.12,0.57,0.65,-0.08,349.22,341.35,333.48,73,71,1.03,412.95,14.64,18.0,5.26,2026-10-01,2026-10-01 07:56:44
4767,誠泰科技,28.1,28.1,28.1,28.1,64.84,53.94,29.69,0.04,0.12,-0.08,29.62,28.37,27.13,6,21,0.3,8.83,10.98,1.1,3.91,2026-10-01,2026-10-01 07:56:45
4768,晶呈科技,367.0,392.5,403.5,366.0,77.7,75.25,70.25,13.07,5.5,7.57,365.63,316.1,266.57,2092,1628,1.28,176.9,91.08,0.85,0.23,2026-10-01,2026-10-01 07:56:46
4770,上品,275.0,278.5,281.5,273.5,79.85,79.03,60.41,15.69,11.34,4.35,292.79,245.88,198.96,871,2409,0.36,219.93,26.37,6.0,2.18,2026-10-01,2026-10-01 07:56:48
4771,望隼,213.5,214.5,214.5,212.5,60.64,65.34,51.43,2.98,3.19,-0.21,220.74,210.97,201.21,51,101,0.51,125.4,14.14,6.97,3.26,2026-10-01,2026-10-01 07:56:49
4772,台特化,264.5,270.0,275.0,263.0,72.38,71.14,63.5,2.81,-0.1,2.91,268.28,248.38,228.47,963,1293,0.74,390.62,48.18,3.0,1.13,2026-10-01,2026-10-01 07:56:51
4804,大略-KY,3.27,3.27,3.27,3.27,,,,0.0,0.0,0.0,3.27,3.27,3.27,0,0,,2.35,,,,2026-09-30,2026-10-01 07:57:00
4806,桂田文創,10.4,14.87,14.87,14.87,98.91,96.17,91.76,0.35,0.1,0.26,15.17,13.46,11.75,0,6,0.0,5.09,,,,2026-09-30,2026-10-01 07:57:01
4807,日成-KY,29.8,29.15,29.8,29.1,33.4,41.16,53.74,-0.36,-0.57,0.22,31.65,29.24,26.84,59,85,0.7,14.6,10.28,,,2026-10-01,2026-10-01 07:57:02
4903,聯光通,44.35,42.65,44.4,41.6,89.14,80.52,74.76,1.8,0.9,0.9,45.42,38.18,30.94,6970,6728,1.04,46.72,34.65,0.3,0.68,2026-10-01,2026-10-01 07:57:04
4904,遠傳,105.0,103.5,105.0,103.0,38.43,46.49,54.55,0.65,0.87,-0.22,107.51,104.83,102.14,3198,4099,0.78,3788.09,25.74,3.81,3.63,2026-10-01,2026-10-01 07:57:05
4905,台聯電,84.1,77.2,84.1,77.2,48.19,30.92,48.07,-0.54,-0.26,-0.28,89.02,80.85,72.68,217,56,3.84,24.61,6.82,1.5,1.78,2026-10-01,2026-10-01 07:57:06
4906,正文,40.5,41.85,42.05,39.85,76.04,69.93,65.48,1.12,0.61,0.51,41.13,37.31,33.5,11711,10155,1.15,182.94,289.29,0.47,1.16,2026-10-01,2026-10-01 07:57:08
4907,富宇,45.05,44.9,45.95,44.65,46.22,46.63,60.53,0.08,0.11,-0.04,47.43,45.04,42.65,17,24,0.73,53.22,6.27,1.5,3.33,2026-10-01,2026-10-01 07:57:09
4908,前鼎,204.5,208.0,209.0,204.0,6.77,15.93,30.96,5.78,11.77,-6.0,253.02,224.45,195.88,1102,2003,0.55,159.95,81.8,1.0,0.49,2026-10-01,2026-10-01 07:57:11
4909,新復興,36.15,36.55,36.8,35.95,71.52,58.93,56.12,-0.63,-0.94,0.31,37.99,35.31,32.63,194,314,0.62,33.75,48.85,6.0,16.6,2026-10-01,2026-10-01 07:57:12
4911,德英,28.2,28.3,28.4,28.2,30.36,46.4,33.78,-0.17,-0.09,-0.08,30.0,28.96,27.92,12,8,1.4,19.41,22.56,1.17,4.15,2026-10-01,2026-10-01 07:57:14
4912,聯德控股-KY,107.0,100.0,110.0,100.0,82.82,77.12,65.1,2.27,1.48,0.79,107.06,96.7,86.33,1795,759,2.36,71.68,34.74,3.2,2.99,2026-10-01,2026-10-01 07:57:15
4915,致伸,65.0,63.8,65.0,63.1,40.83,45.66,66.36,0.73,0.65,0.08,67.24,63.16,59.09,2615,1907,1.37,306.72,13.13,4.57,7.03,2026-10-01,2026-10-01 07:57:16
4916,事欣科,103.0,105.0,105.5,103.0,68.28,66.71,63.26,0.96,0.26,0.7,108.14,99.23,90.31,1921,2123,0.9,126.77,16.07,0.5,0.49,2026-10-01,2026-10-01 07:57:17
4919,新唐,152.0,140.5,152.0,139.0,83.96,73.87,80.0,4.61,0.92,3.69,145.86,124.03,102.19,21150,20197,1.05,687.64,36.63,0.4,0.26,2026-10-01,2026-10-01 07:57:19
4923,力士,65.2,61.4,66.7,60.9,72.7,70.79,61.35,3.12,2.42,0.69,67.67,57.13,46.59,2813,2193,1.28,21.35,,,,2026-10-01,2026-10-01 07:57:20
4924,欣厚-KY,15.9,16.9,17.05,15.9,54.58,64.63,61.9,1.46,1.36,0.1,18.71,14.16,9.61,594,798,0.74,5.91,19.88,,,2026-10-01,2026-10-01 07:57:22
4925,智微,157.0,167.5,167.5,153.5,68.21,60.98,68.63,8.61,3.81,4.8,157.87,125.65,93.43,443,822,0.54,122.74,,,,2026-10-01,2026-10-01 07:57:23
4927,泰鼎-KY,43.8,44.5,44.6,43.6,63.61,61.94,54.98,1.54,1.6,-0.06,45.15,42.69,40.24,1828,2813,0.65,116.04,5.47,,,2026-10-01,2026-10-01 07:57:25
4930,燦星網,15.95,15.9,16.0,15.85,34.28,35.69,43.75,-0.07,-0.07,-0.0,16.32,16.03,15.73,31,14,2.13,12.76,,0.6,3.76,2026-10-01,2026-10-01 07:57:26
4931,新盛力,248.5,251.5,252.5,247.0,59.41,53.91,47.06,0.31,-0.71,1.02,256.49,241.47,226.46,2883,4173,0.69,162.93,41.62,2.5,1.01,2026-10-01,2026-10-01 07:57:27
4933,友輝,54.2,54.2,54.8,54.1,82.03,71.94,79.07,-0.2,-0.58,0.38,55.32,52.8,50.28,51,40,1.29,44.8,7.5,2.89,5.33,2026-10-01,2026-10-01 07:57:29
4934,太極,14.5,14.9,14.9,14.5,62.59,58.45,57.89,0.05,-0.09,0.14,14.84,13.94,13.03,477,464,1.03,32.63,,,,2026-10-01,2026-10-01 07:57:30
4935,茂林-KY,34.05,34.2,34.25,33.1,68.7,59.45,55.03,-0.12,-0.38,0.26,34.85,32.87,30.88,131,83,1.57,43.88,25.6,1.0,2.94,2026-10-01,2026-10-01 07:57:31
4938,和碩,90.2,90.1,90.2,89.2,35.81,44.81,45.26,0.24,0.42,-0.18,93.94,90.92,87.89,6885,9448,0.73,2413.49,15.34,4.01,4.45,2026-10-01,2026-10-01 07:57:32
4939,亞電,78.9,84.0,84.0,78.3,49.14,33.73,35.4,0.89,1.93,-1.04,93.09,81.72,70.34,15732,7437,2.12,77.48,90.69,0.25,0.32,2026-10-01,2026-10-01 07:57:33
4942,嘉彰,31.8,31.9,31.9,31.45,57.83,48.64,32.69,-0.45,-0.54,0.09,33.38,32.01,30.65,89,61,1.45,45.27,11.04,2.0,6.29,2026-10-01,2026-10-01 07:57:35
4943,康控-KY,6.67,6.93,6.93,6.6,13.17,20.79,25.78,-0.32,-0.31,-0.01,7.86,7.19,6.52,48,29,1.67,8.45,0.55,,,2026-10-01,2026-10-01 07:57:36
4946,辣椒,100.5,98.5,101.5,98.5,83.01,73.47,66.5,2.83,2.0,0.83,102.06,93.97,85.88,9,29,0.33,8.9,44.08,,,2026-10-01,2026-10-01 07:57:37
4949,有成精密,75.9,76.1,77.0,75.5,47.71,44.89,47.13,0.51,0.55,-0.04,80.58,75.73,70.89,269,343,0.78,51.4,20.03,1.4,1.84,2026-10-01,2026-10-01 07:57:38
4950,金耘國際,16.2,15.7,16.2,15.7,57.1,40.36,52.63,-0.04,-0.06,0.02,16.41,15.85,15.3,13,10,1.34,9.35,20.77,,,2026-10-01,2026-10-01 07:57:40
4951,精拓科,90.3,91.6,92.5,90.2,38.78,46.67,61.08,3.08,2.47,0.61,97.8,85.23,72.66,255,669,0.38,30.84,14.33,4.5,4.98,2026-10-01,2026-10-01 07:57:41
4952,凌通,49.65,49.1,50.5,48.7,73.35,65.32,63.56,-0.28,-0.54,0.26,51.41,48.73,46.04,304,158,1.92,54.03,28.05,1.0,2.01,2026-10-01,2026-10-01 07:57:43
4953,緯致,117.5,117.5,118.5,117.0,15.99,19.8,48.65,-1.35,-1.18,-0.16,122.92,119.1,115.28,102,156,0.65,84.98,11.77,5.14,4.37,2026-10-01,2026-10-01 07:57:44
4956,光鋐,47.25,46.5,49.6,46.2,81.56,78.24,72.73,3.39,2.43,0.96,49.78,38.83,27.88,21260,23741,0.9,47.44,100.53,,,2026-10-01,2026-10-01 07:57:46
4958,臻鼎-KY,510.0,512.0,522.0,498.5,68.39,52.98,52.92,3.06,0.29,2.77,518.91,488.2,457.49,31605,32077,0.99,5505.05,57.17,3.42,0.67,2026-10-01,2026-10-01 07:57:47
4960,誠美材,23.9,24.4,24.6,23.6,74.58,67.84,67.43,0.66,0.33,0.34,24.71,21.73,18.75,5374,5674,0.95,135.21,,,,2026-10-01,2026-10-01 07:57:48
4961,天鈺,186.0,179.5,189.0,179.5,66.6,68.24,61.25,4.43,4.06,0.38,189.79,176.9,164.01,2409,1253,1.92,222.74,21.11,7.72,4.15,2026-10-01,2026-10-01 07:57:49
4966,譜瑞-KY,572.0,573.0,574.0,569.0,72.4,71.02,57.97,0.19,-3.4,3.59,591.88,557.95,524.02,228,386,0.59,439.75,18.21,17.79,3.11,2026-10-01,2026-10-01 07:57:51
4967,十銓,272.0,276.5,276.5,271.5,47.77,45.77,41.28,2.02,3.29,-1.26,282.48,274.88,267.27,1094,1032,1.06,268.1,4.5,8.62,3.17,2026-10-01,2026-10-01 07:57:52
4968,立積,101.0,97.6,103.5,97.0,82.14,76.66,80.77,0.72,-0.52,1.24,97.73,91.59,85.45,2241,703,3.19,93.13,27.37,1.6,1.58,2026-10-01,2026-10-01 07:57:53
4971,IET-KY,534.0,538.0,549.0,527.0,19.66,26.92,34.41,-0.43,8.32,-8.75,654.49,576.15,497.81,705,800,0.88,213.52,115.09,0.85,0.16,2026-10-01,2026-10-01 07:57:55
4972,湯石照明,16.3,16.25,16.3,16.15,17.82,17.57,38.89,-0.08,-0.08,0.01,16.71,16.39,16.06,25,18,1.4,9.11,,,,2026-10-01,2026-10-01 07:57:57
4973,廣穎,137.0,140.0,140.0,136.5,36.91,26.69,32.2,-3.95,-3.9,-0.05,152.59,141.0,129.41,341,432,0.79,89.45,7.71,1.0,0.73,2026-10-01,2026-10-01 07:57:58
4974,亞泰,71.3,71.2,71.4,71.0,44.83,34.7,30.95,0.3,0.42,-0.11,73.17,71.29,69.41,51,56,0.9,51.69,14.73,3.9,5.47,2026-10-01,2026-10-01 07:58:00
4976,佳凌,36.05,36.0,36.95,36.0,35.83,34.27,39.49,-0.46,-0.4,-0.07,39.57,36.57,33.56,846,605,1.4,50.58,23.87,,,2026-10-01,2026-10-01 07:58:01
4977,眾達-KY,170.5,168.0,171.0,167.5,40.9,41.97,50.0,2.75,4.11,-1.36,182.67,172.22,161.78,1192,1386,0.86,169.29,50.9,2.12,1.24,2026-10-01,2026-10-01 07:58:02
4979,華星光,557.0,570.0,572.0,545.0,38.66,45.76,41.59,6.06,11.3,-5.24,644.24,578.55,512.86,1102,3668,0.3,792.94,96.03,2.15,0.39,2026-10-01,2026-10-01 07:58:04
4980,佐臻,38.3,39.0,39.05,37.85,64.1,65.19,42.08,-0.71,-0.8,0.09,41.12,38.86,36.59,53,38,1.38,17.26,50.39,,,2026-10-01,2026-10-01 07:58:05
4989,榮科,61.1,61.0,61.5,60.4,49.21,41.29,48.51,-1.22,-1.55,0.33,63.05,60.71,58.38,1654,1804,0.92,105.57,,,,2026-10-01,2026-10-01 07:58:14
4991,環宇-KY,485.5,485.0,491.5,479.5,64.37,54.94,47.35,-0.46,-2.34,1.89,530.4,473.0,415.6,2144,3948,0.54,588.39,148.47,,,2026-10-01,2026-10-01 07:58:15
4994,傳奇,81.6,81.8,82.5,81.4,47.97,48.62,37.39,-0.79,-0.98,0.19,83.94,82.16,80.37,10,12,0.85,54.17,57.46,3.0,3.68,2026-10-01,2026-10-01 07:58:16
4995,晶達,50.0,50.7,50.7,49.55,38.04,41.19,49.34,0.21,0.37,-0.16,51.62,50.4,49.18,7,30,0.23,21.3,14.29,1.99,3.98,2026-10-01,2026-10-01 07:58:18
4999,鑫禾,17.65,17.95,17.95,17.65,35.91,38.59,31.82,-0.25,-0.26,0.0,18.48,18.01,17.55,67,40,1.68,12.99,13.17,0.25,1.42,2026-10-01,2026-10-01 07:58:19
5007,三星,56.4,56.4,56.4,56.3,72.28,54.93,47.22,-0.06,-0.12,0.06,56.8,55.93,55.06,8,52,0.16,166.35,15.93,3.0,5.32,2026-10-01,2026-10-01 07:58:20
5009,榮剛,32.8,33.25,33.25,32.7,55.54,44.44,53.52,-0.17,-0.26,0.09,33.52,32.52,31.53,1863,2148,0.87,179.73,15.92,1.2,3.66,2026-10-01,2026-10-01 07:58:22
5011,久陽,18.6,18.9,18.9,18.45,54.63,45.46,55.32,-0.0,-0.11,0.1,18.8,18.28,17.77,115,222,0.52,18.73,,0.2,1.08,2026-10-01,2026-10-01 07:58:23
5013,強新,42.6,42.6,42.6,42.6,89.75,81.32,86.96,2.7,1.62,1.09,38.77,31.19,23.61,425,595,0.71,56.84,19.81,0.7,1.64,2026-10-01,2026-10-01 07:58:24
5014,建錩,10.3,10.25,10.3,10.05,77.82,67.99,68.13,-0.01,-0.08,0.07,10.28,9.98,9.67,168,264,0.64,18.88,,0.5,4.85,2026-10-01,2026-10-01 07:58:26
5015,華祺,21.8,21.95,21.95,21.8,57.23,45.24,44.0,-0.05,-0.04,-0.01,22.27,21.8,21.33,31,24,1.29,13.22,,0.5,2.29,2026-10-01,2026-10-01 07:58:28
5016,松和,28.1,25.95,28.1,25.55,88.59,81.81,89.89,0.38,0.13,0.25,26.44,24.82,23.2,384,107,3.57,13.94,14.34,1.0,3.56,2026-10-01,2026-10-01 07:58:30
5201,凱衛,29.2,30.35,30.35,29.1,50.25,49.51,48.48,0.67,0.69,-0.02,31.46,28.77,26.07,39,79,0.5,11.29,,0.5,1.71,2026-10-01,2026-10-01 07:58:32
5202,力新,14.15,14.4,14.4,14.05,41.67,54.91,69.6,0.61,0.54,0.06,15.96,13.28,10.61,270,646,0.42,12.61,,0.2,1.41,2026-10-01,2026-10-01 07:58:33
5203,訊連,58.2,58.5,58.6,57.8,48.2,60.6,63.01,-0.29,-0.54,0.25,59.87,57.79,55.71,69,78,0.88,43.85,13.6,3.69,6.34,2026-10-01,2026-10-01 07:58:35
5205,中茂,20.75,20.75,20.75,20.75,64.43,39.08,56.91,-0.6,-0.78,0.18,21.62,19.09,16.55,7,5,1.48,2.95,,,,2026-10-01,2026-10-01 07:58:36
5206,坤悅,22.8,22.7,22.85,22.6,69.98,64.64,45.45,0.09,0.08,0.0,23.96,22.67,21.37,83,96,0.87,45.85,7.86,0.99,4.34,2026-10-01,2026-10-01 07:58:38
5209,新鼎,171.5,170.5,174.0,167.5,25.49,27.07,56.6,2.56,2.85,-0.3,181.76,166.3,150.84,106,64,1.66,48.99,9.71,12.95,7.55,2026-10-01,2026-10-01 07:58:39
5210,寶碩,30.15,30.35,30.6,30.1,73.99,70.26,65.74,0.36,0.19,0.17,30.67,29.18,27.7,148,216,0.68,24.78,27.41,,,2026-10-01,2026-10-01 07:58:40
5211,蒙恬,21.1,20.75,22.6,20.75,41.36,40.28,49.33,0.26,0.21,0.05,21.38,20.18,18.97,138,35,3.94,6.76,,,,2026-10-01,2026-10-01 07:58:42
5212,凌網,48.85,49.05,49.05,48.3,85.52,79.9,71.79,0.52,0.3,0.22,49.26,47.3,45.34,21,15,1.36,16.92,7.71,4.2,8.6,2026-10-01,2026-10-01 07:58:43
5213,亞昕,20.65,20.9,20.9,20.55,49.81,47.39,40.91,-0.11,-0.16,0.04,21.23,20.75,20.27,156,109,1.43,148.66,12.75,2.8,13.56,2026-10-01,2026-10-01 07:58:45
5215,科嘉-KY,37.75,39.85,39.85,37.75,36.89,40.98,37.21,-0.41,-0.43,0.02,39.49,38.16,36.84,31,21,1.44,24.29,9.65,2.0,5.3,2026-10-01,2026-10-01 07:58:46
5220,萬達光電,23.2,24.25,24.3,22.6,83.6,78.36,80.17,0.59,0.14,0.45,22.84,20.24,17.64,835,570,1.46,9.13,145.0,0.3,1.29,2026-10-01,2026-10-01 07:58:48
5222,全訊,106.5,107.5,107.5,105.5,62.76,59.22,56.67,0.15,-0.19,0.34,107.87,104.53,101.18,117,122,0.96,106.74,60.86,2.27,2.13,2026-10-01,2026-10-01 07:58:49
5223,安力-KY,23.4,23.2,23.4,23.2,71.26,45.92,56.06,-0.12,-0.16,0.04,24.06,23.15,22.23,8,5,1.58,10.42,,,,2026-10-01,2026-10-01 07:58:50
5225,東科-KY,55.5,55.1,55.6,55.1,69.35,69.55,65.38,-1.66,-2.21,0.55,60.02,55.59,51.16,64,106,0.6,43.67,8.36,7.21,12.99,2026-10-01,2026-10-01 07:58:51
5227,立凱-KY,30.95,31.5,31.65,30.6,46.9,45.9,48.31,-0.34,-0.54,0.2,32.33,30.55,28.76,250,247,1.01,22.88,,,,2026-10-01,2026-10-01 07:58:53
5228,鈺鎧,43.7,39.9,43.7,39.9,55.95,41.7,62.9,-0.39,-0.76,0.37,43.1,40.38,37.66,635,192,3.3,16.63,21.42,,,2026-10-01,2026-10-01 07:58:54
5230,雷笛克光學,22.65,23.0,23.35,22.6,79.19,78.37,71.98,1.24,0.84,0.4,23.86,19.86,15.86,793,1685,0.47,14.87,15.51,0.5,2.21,2026-10-01,2026-10-01 07:58:55
5234,達興材料,302.5,311.0,311.5,302.0,55.8,57.36,53.45,-1.25,-4.71,3.46,313.48,294.95,276.42,458,517,0.88,310.72,36.18,6.5,2.15,2026-10-01,2026-10-01 07:58:57
5236,凌陽創新,137.0,137.0,138.0,136.5,81.39,72.39,54.84,-0.82,-1.73,0.91,139.73,134.68,129.62,65,65,1.01,82.21,13.34,9.0,6.57,2026-10-01,2026-10-01 07:58:58
5240,建騰,16.25,15.9,16.25,15.85,33.81,44.58,37.04,-0.23,-0.09,-0.14,18.21,17.29,16.38,22,22,0.99,4.32,7.49,1.4,8.62,2026-10-01,2026-10-01 07:58:59
5243,乙盛-KY,93.2,92.0,93.4,90.7,74.51,61.64,58.62,0.76,0.39,0.37,93.06,88.93,84.8,1148,902,1.27,157.07,17.85,2.2,2.36,2026-10-01,2026-10-01 07:59:00
5244,弘凱,35.75,35.4,35.85,35.3,51.71,60.49,58.33,0.48,0.47,0.01,36.83,35.07,33.3,48,72,0.67,24.4,,0.4,1.12,2026-10-01,2026-10-01 07:59:02
5245,智晶,20.8,20.95,21.35,20.55,26.88,18.94,25.37,-0.68,-0.69,0.0,23.56,21.57,19.58,140,150,0.94,9.01,,,,2026-10-01,2026-10-01 07:59:03
5246,勵威,175.5,152.0,183.0,149.5,66.43,59.02,66.85,13.92,12.87,1.06,167.84,146.05,124.26,1907,817,2.33,78.61,,,,2026-10-01,2026-10-01 07:59:05
5248,景傳,31.85,31.75,31.85,30.4,47.88,34.35,40.72,-1.7,-1.66,-0.04,39.94,33.58,27.22,44,73,0.61,7.8,,1.1,3.45,2026-10-01,2026-10-01 07:59:07
5251,天鉞電,29.7,30.5,30.55,29.65,33.66,51.21,71.79,1.11,1.0,0.11,33.01,28.36,23.71,83,142,0.58,10.02,26.76,,,2026-10-01,2026-10-01 07:59:08
5254,欣訊科技,39.0,42.0,42.0,39.0,67.73,67.94,36.55,0.42,0.54,-0.13,43.71,40.52,37.33,12,8,1.49,8.82,17.81,2.0,5.13,2026-10-01,2026-10-01 07:59:10
5258,虹堡,42.25,42.55,42.55,41.65,48.51,39.39,43.8,-1.29,-1.55,0.26,45.29,42.43,39.57,235,250,0.94,45.96,9.65,1.01,2.39,2026-10-01,2026-10-01 07:59:11
5262,立達,43.0,43.25,43.25,42.55,54.31,44.65,52.04,-0.23,-0.3,0.07,44.0,42.66,41.32,33,37,0.9,22.66,8.08,0.7,1.63,2026-10-01,2026-10-01 07:59:12
5263,智崴,90.7,89.2,91.3,89.2,38.98,29.24,27.51,-1.56,-1.13,-0.43,105.5,94.09,82.69,129,165,0.78,69.3,42.19,0.93,1.03,2026-10-01,2026-10-01 07:59:14
5267,龍翩,47.7,47.85,47.85,45.85,41.32,37.07,36.69,-0.48,-0.24,-0.24,58.0,49.78,41.55,16,33,0.5,11.94,22.61,1.0,2.1,2026-10-01,2026-10-01 07:59:15
5269,祥碩,1475.0,1465.0,1480.0,1455.0,65.42,74.11,62.5,16.32,12.07,4.24,1540.74,1437.25,1333.76,207,254,0.82,1093.81,15.82,45.38,3.08,2026-10-01,2026-10-01 07:59:16
5271,紘通,11.9,12.2,12.3,11.75,44.45,52.69,32.22,-0.82,-0.69,-0.13,15.55,13.82,12.1,233,290,0.8,3.39,,,,2026-10-01,2026-10-01 07:59:18
5272,笙科,18.0,18.15,18.2,17.65,76.68,75.46,72.73,0.03,-0.14,0.18,17.81,17.03,16.25,135,159,0.85,9.95,,,,2026-10-01,2026-10-01 07:59:19
5274,信驊,19040.0,18755.0,19330.0,18740.0,40.61,52.96,52.98,753.86,818.37,-64.5,20710.98,18800.5,16890.02,125,193,0.65,7917.39,139.1,72.73,0.38,2026-10-01,2026-10-01 07:59:21
5276,達輝-KY,17.3,17.6,17.6,17.3,29.12,47.41,52.0,-0.15,-0.13,-0.01,18.86,17.94,17.03,7,3,1.84,6.83,16.63,0.8,4.62,2026-10-01,2026-10-01 07:59:22
5278,尚凡*,23.5,24.0,24.05,23.45,43.2,51.83,47.03,-0.06,-0.07,0.01,24.31,23.77,23.23,98,69,1.42,68.91,20.43,1.32,5.62,2026-10-01,2026-10-01 07:59:24
5283,禾聯碩,53.0,52.9,53.0,52.6,17.91,27.85,41.75,0.68,1.04,-0.36,55.49,53.65,51.82,18,46,0.4,53.86,9.52,0.8,1.51,2026-10-01,2026-10-01 07:59:25
5284,jpp-KY,298.0,303.0,303.0,297.0,44.21,42.97,33.67,-4.1,-3.72,-0.37,337.42,306.05,274.68,159,237,0.67,164.32,18.78,4.96,1.66,2026-10-01,2026-10-01 07:59:26
5285,界霖,94.2,91.0,94.2,90.2,69.34,68.25,65.64,2.62,2.24,0.37,95.6,88.3,81.01,1546,1165,1.33,96.12,30.58,1.5,1.59,2026-10-01,2026-10-01 07:59:28
5287,數字,137.5,137.5,138.0,137.0,63.61,62.49,61.11,0.92,0.91,0.01,138.66,136.2,133.74,120,51,2.34,82.93,9.84,10.97,7.98,2026-10-01,2026-10-01 07:59:29
5288,豐祥-KY,190.0,184.5,192.5,184.5,53.78,56.55,65.31,0.1,-0.04,0.14,193.28,186.7,180.12,344,218,1.57,132.43,12.69,6.5,3.42,2026-10-01,2026-10-01 07:59:31
5289,宜鼎,1290.0,1295.0,1295.0,1280.0,29.53,32.17,37.74,-32.71,-34.2,1.49,1404.73,1316.75,1228.77,486,990,0.49,1267.93,7.29,16.83,1.3,2026-10-01,2026-10-01 07:59:32
5291,邑昇,61.1,62.5,62.5,61.1,58.82,41.78,46.87,-0.18,-0.03,-0.15,70.04,61.2,52.37,325,349,0.93,25.6,50.92,,,2026-10-01,2026-10-01 07:59:33
5292,華懋,237.0,228.5,240.0,228.5,77.07,64.16,63.92,5.65,5.19,0.46,233.9,219.97,206.05,488,189,2.58,97.39,24.31,5.5,2.32,2026-10-01,2026-10-01 07:59:35
5297,廣化,75.1,78.0,80.3,73.4,46.03,32.82,38.53,-0.21,-0.32,0.11,84.01,75.3,66.58,506,360,1.41,28.28,89.4,0.3,0.4,2026-10-01,2026-10-01 07:59:37
5299,杰力,103.5,102.5,104.0,102.0,86.24,77.65,77.11,0.73,-0.55,1.28,103.59,96.4,89.2,252,350,0.72,52.67,13.0,3.66,3.54,2026-10-01,2026-10-01 07:59:38
5301,寶得利,4.99,6.1,6.1,6.1,40.43,31.72,35.9,-0.2,-0.19,-0.01,6.99,6.36,5.73,0,28,0.0,2.69,,,,2026-09-30,2026-10-01 07:59:40
5302,太欣,9.86,9.8,9.87,9.8,39.7,37.76,45.87,-0.19,-0.24,0.05,10.35,9.88,9.42,88,136,0.65,15.76,,,,2026-10-01,2026-10-01 07:59:41
5306,桂盟,88.4,88.5,88.5,87.8,42.73,47.6,31.18,-0.91,-0.82,-0.08,93.49,89.85,86.2,185,72,2.57,115.36,13.17,5.17,5.85,2026-10-01,2026-10-01 07:59:42
5309,系統電,62.8,63.0,66.5,62.0,82.81,77.15,85.03,1.63,0.12,1.51,60.73,52.65,44.57,16419,10633,1.54,144.49,348.89,0.5,0.8,2026-10-01,2026-10-01 07:59:44
5310,天剛,27.2,27.55,27.55,27.2,66.26,73.43,70.2,0.75,0.4,0.35,28.26,25.3,22.33,8,135,0.06,7.87,13.47,,,2026-10-01,2026-10-01 07:59:45
5312,寶島科,89.5,90.0,90.0,89.5,19.25,32.11,36.17,-0.25,-0.12,-0.13,92.25,90.65,89.04,18,17,1.09,53.75,12.24,6.5,7.26,2026-10-01,2026-10-01 07:59:46
5314,世紀*,30.6,29.3,31.65,29.2,44.34,27.7,33.05,0.12,1.3,-1.18,44.82,32.88,20.94,81359,24121,3.37,368.26,27.57,0.05,0.16,2026-10-01,2026-10-01 07:59:48
5315,光聯,18.9,18.75,18.9,18.75,50.69,54.88,62.96,-0.04,-0.1,0.06,19.4,18.65,17.89,93,102,0.91,20.1,11.39,1.6,8.47,2026-10-01,2026-10-01 07:59:49
5321,美而快,70.3,66.7,70.9,66.7,41.89,35.96,41.44,-0.64,0.33,-0.97,82.6,72.91,63.22,505,261,1.93,37.39,,,,2026-10-01,2026-10-01 07:59:51
5324,士開,12.45,12.4,12.5,12.4,37.12,45.82,56.52,0.06,0.05,0.01,12.62,12.36,12.09,43,69,0.63,28.18,,,,2026-10-01,2026-10-01 07:59:53
5328,華容,58.4,53.6,58.4,53.3,55.4,31.9,49.86,-1.98,-2.42,0.44,62.37,55.45,48.53,13678,4360,3.14,100.86,82.25,0.35,0.6,2026-10-01,2026-10-01 07:59:54
5340,建榮,80.4,81.5,81.5,80.3,7.41,14.61,37.5,0.45,1.02,-0.57,86.14,82.28,78.42,784,893,0.88,156.69,44.18,0.6,0.75,2026-10-01,2026-10-01 07:59:56
5344,立衛,13.45,14.3,14.3,13.45,50.42,46.4,50.0,-0.08,-0.15,0.08,13.94,13.41,12.88,94,132,0.71,10.69,,,,2026-10-01,2026-10-01 07:59:57
5345,馥鴻,21.3,21.4,21.4,21.15,49.54,52.44,54.02,-0.21,-0.24,0.03,22.75,21.67,20.59,10,7,1.33,8.05,,,,2026-10-01,2026-10-01 07:59:58
5347,世界,184.5,180.5,188.5,178.5,81.83,77.6,75.7,6.37,3.86,2.51,186.16,163.55,140.94,23573,20845,1.13,3465.54,39.94,4.47,2.42,2026-10-01,2026-10-01 08:00:00
5348,正能量智能,16.35,16.35,16.35,16.35,72.72,66.24,46.77,-0.06,-0.08,0.02,17.01,16.36,15.71,2,4,0.43,2.42,,,,2026-10-01,2026-10-01 08:00:01
5351,鈺創,109.5,109.5,109.5,107.0,47.66,43.19,40.0,-0.58,-0.26,-0.32,119.9,110.65,101.4,5478,5977,0.92,358.46,16.95,,,2026-10-01,2026-10-01 08:00:03
5353,台林,28.5,28.55,28.7,28.5,76.1,65.32,77.78,0.06,-0.05,0.11,28.5,27.93,27.36,34,29,1.16,21.8,15.66,1.0,3.51,2026-10-01,2026-10-01 08:00:04
5355,佳總,7.1,6.98,7.1,6.96,91.66,87.72,84.18,0.3,0.25,0.06,7.51,6.46,5.42,76,98,0.77,11.79,,,,2026-10-01,2026-10-01 08:00:06
5356,協益,25.9,25.9,25.9,25.7,41.75,36.17,47.37,0.01,0.06,-0.05,26.23,25.92,25.6,34,60,0.57,26.69,11.67,2.0,7.72,2026-10-01,2026-10-01 08:00:07
5364,力麗店,8.38,8.39,8.39,8.3,40.91,41.55,49.09,-0.05,-0.06,0.01,8.44,8.37,8.29,13,34,0.4,5.35,,,,2026-10-01,2026-10-01 08:00:09
5371,中光電,83.5,83.5,83.5,83.5,4.24,5.79,0.0,0.19,0.51,-0.31,89.13,84.92,80.7,0,0,,333.76,334.0,0.5,0.6,2026-09-03,2026-10-01 08:00:11
5381,光譜,23.25,23.6,23.75,23.2,39.54,43.07,44.19,-0.35,-0.37,0.02,25.36,23.68,22.01,418,258,1.62,48.29,26.42,,,2026-10-01,2026-10-01 08:00:12
5386,青雲,288.5,290.0,290.0,286.0,44.62,35.19,52.19,6.6,7.46,-0.86,316.27,283.75,251.23,328,489,0.67,156.14,6.13,1.5,0.52,2026-10-01,2026-10-01 08:00:14
5388,中磊,71.3,71.6,71.7,70.7,25.5,36.32,42.34,-1.84,-2.07,0.23,76.3,73.01,69.72,2514,1791,1.4,213.7,16.28,2.5,3.51,2026-10-01,2026-10-01 08:00:15
5392,能率,39.9,40.5,40.5,39.7,33.08,26.17,33.65,-0.97,-0.97,0.0,43.71,40.69,37.67,705,546,1.29,71.44,,0.2,0.5,2026-10-01,2026-10-01 08:00:16
5398,慕康生醫,13.8,13.85,13.85,13.7,19.54,16.43,26.67,-0.15,-0.13,-0.02,14.46,14.11,13.75,33,21,1.53,6.83,138.0,,,2026-10-01,2026-10-01 08:00:18
5403,中菲,93.0,93.0,93.0,92.5,35.15,24.73,54.55,-0.02,0.01,-0.03,93.72,93.1,92.47,22,20,1.09,70.79,11.61,6.5,6.99,2026-10-01,2026-10-01 08:00:19
5410,國眾,32.9,33.05,33.1,32.8,44.62,43.97,29.09,-0.77,-0.76,-0.01,36.64,33.95,31.26,111,136,0.82,31.07,9.71,2.07,6.29,2026-10-01,2026-10-01 08:00:21
5425,台半,97.5,96.0,98.5,95.7,83.79,79.31,65.96,1.25,0.61,0.64,98.15,92.49,86.83,12122,11362,1.07,241.34,33.28,2.02,2.07,2026-10-01,2026-10-01 08:00:22
5426,振發,28.6,28.6,29.0,28.15,45.29,48.54,56.19,0.12,0.13,-0.01,29.57,28.23,26.88,411,286,1.44,41.13,45.4,0.3,1.05,2026-10-01,2026-10-01 08:00:23
5432,新門,158.5,160.5,165.5,158.0,57.44,55.76,51.2,4.75,4.78,-0.03,169.72,155.38,141.03,261,205,1.27,32.79,17.04,1.5,0.95,2026-10-01,2026-10-01 08:00:25
5434,崇越,567.0,556.0,567.0,550.0,74.2,63.38,69.51,6.63,4.25,2.38,556.91,538.1,519.29,749,567,1.32,1100.03,21.46,13.42,2.37,2026-10-01,2026-10-01 08:00:26
5438,東友,17.25,17.35,17.55,17.25,57.41,48.95,65.0,0.03,-0.09,0.12,17.29,16.7,16.11,47,102,0.46,19.41,1725.0,0.75,4.35,2026-10-01,2026-10-01 08:00:28
5439,高技,251.0,255.0,256.0,249.5,56.1,54.03,39.02,-0.3,-0.57,0.27,270.0,252.97,235.95,1579,1325,1.19,233.37,14.09,7.2,2.87,2026-10-01,2026-10-01 08:00:29
5443,均豪,112.0,112.0,116.5,112.0,50.43,44.69,50.91,1.05,0.81,0.24,117.7,109.17,100.65,2969,2592,1.15,180.41,49.34,2.2,1.96,2026-10-01,2026-10-01 08:00:31
5450,南良,14.6,14.75,14.9,14.6,44.19,50.33,51.22,-0.03,-0.05,0.03,14.92,14.64,14.35,153,127,1.21,17.87,24.33,0.25,1.71,2026-10-01,2026-10-01 08:00:33
5452,佶優,27.45,27.4,27.6,27.05,67.48,69.24,58.82,0.08,-0.02,0.11,28.34,26.94,25.54,215,242,0.89,40.56,49.02,0.25,0.91,2026-10-01,2026-10-01 08:00:34
5455,昇益,30.7,30.7,30.7,30.7,78.15,73.72,75.68,0.37,0.33,0.04,30.91,30.07,29.23,0,1,0.0,20.11,,,,2026-09-30,2026-10-01 08:00:36
5457,宣德,23.9,24.5,24.65,23.85,31.63,24.68,31.85,-1.0,-0.98,-0.02,28.45,25.28,22.12,404,474,0.85,46.9,31.04,1.5,6.28,2026-10-01,2026-10-01 08:00:37
5460,同協,17.25,17.25,17.25,17.1,42.4,41.63,55.0,0.22,0.22,-0.0,17.77,16.86,15.96,30,37,0.83,10.14,95.83,,,2026-10-01,2026-10-01 08:00:39
5464,霖宏,92.5,90.4,93.7,86.8,40.63,47.31,62.6,4.38,4.32,0.06,102.09,85.23,68.38,574,592,0.97,65.74,196.81,1.0,1.08,2026-10-01,2026-10-01 08:00:40
5465,富驊,33.85,32.9,35.0,32.0,79.81,80.35,85.13,2.64,1.76,0.88,35.75,27.37,19.0,1238,2087,0.59,49.99,19.91,1.2,3.55,2026-10-01,2026-10-01 08:00:41
5468,凱鈺,25.45,25.5,25.65,25.0,49.85,38.49,42.33,-0.31,-0.46,0.15,26.99,25.11,23.24,141,142,0.99,15.0,,,,2026-10-01,2026-10-01 08:00:43
5469,瀚宇博,74.6,74.1,74.8,73.5,54.09,47.82,60.19,0.26,0.03,0.23,74.83,72.73,70.63,1282,812,1.58,361.02,13.81,2.52,3.38,2026-10-01,2026-10-01 08:00:44
5471,松翰,52.4,52.8,53.4,52.3,61.64,52.58,40.45,-1.4,-1.45,0.05,61.28,53.84,46.4,781,735,1.06,87.97,31.76,0.8,1.53,2026-10-01,2026-10-01 08:00:45
5474,聰泰,165.0,164.5,165.5,163.0,63.8,65.05,62.22,3.06,2.14,0.92,169.75,155.97,142.2,164,148,1.11,65.6,28.25,4.0,2.42,2026-10-01,2026-10-01 08:00:47
5475,德宏,178.0,179.0,181.0,176.0,39.8,37.79,38.97,0.74,1.63,-0.89,195.21,181.68,168.14,2265,2739,0.83,226.29,137.98,,,2026-10-01,2026-10-01 08:00:49
5478,智冠,97.5,97.5,97.6,97.4,43.47,40.02,51.72,-0.4,-0.5,0.1,98.27,97.32,96.36,23,28,0.83,146.08,11.55,7.5,7.69,2026-10-01,2026-10-01 08:00:50
5481,新華,22.1,21.8,22.15,21.75,74.3,78.48,75.0,0.41,0.37,0.04,22.81,21.31,19.8,54,165,0.33,14.68,,,,2026-10-01,2026-10-01 08:00:52
5483,中美晶,211.5,209.0,221.5,207.0,73.12,67.18,72.59,4.65,1.5,3.15,204.7,185.3,165.9,57347,33304,1.72,1298.97,22.64,3.5,1.65,2026-10-01,2026-10-01 08:00:54
5484,慧友,39.2,39.7,39.9,39.15,37.6,42.22,31.01,-0.39,-0.4,0.01,41.82,39.83,37.83,120,102,1.17,26.19,29.04,,,2026-10-01,2026-10-01 08:00:55
5487,通泰,28.7,28.6,28.75,28.5,19.17,29.94,47.95,-0.09,0.02,-0.11,30.16,29.19,28.21,15,63,0.24,6.95,,,,2026-10-01,2026-10-01 08:00:56
5488,松普,12.15,12.0,12.25,11.95,70.65,59.53,61.11,-0.14,-0.24,0.09,12.23,11.86,11.49,156,150,1.04,11.13,,0.06,0.49,2026-10-01,2026-10-01 08:00:58
5489,彩富,42.35,42.55,43.95,42.2,43.97,49.17,54.71,0.18,-0.06,0.25,44.47,41.67,38.87,36,62,0.58,41.7,19.61,1.52,3.59,2026-10-01,2026-10-01 08:00:59
5490,同亨,25.6,25.65,25.75,25.45,67.18,57.56,44.68,-0.84,-1.02,0.18,26.95,25.74,24.53,267,174,1.53,23.85,12.13,1.5,5.86,2026-10-01,2026-10-01 08:01:01
5493,三聯,90.7,90.9,91.2,90.3,71.77,73.64,69.41,2.47,2.09,0.38,94.32,86.93,79.54,102,218,0.47,39.63,22.56,2.7,2.98,2026-10-01,2026-10-01 08:01:02
5498,凱崴,50.6,51.8,51.8,50.5,35.19,35.19,40.03,-0.43,-0.31,-0.13,55.03,51.6,48.17,885,867,1.02,97.94,144.57,0.25,0.49,2026-10-01,2026-10-01 08:01:04
5508,永信建,53.4,52.8,53.8,52.8,19.16,23.22,47.87,0.1,0.18,-0.08,55.65,53.57,51.48,135,209,0.65,116.11,17.45,2.78,5.21,2026-10-01,2026-10-01 08:01:05
5511,德昌,69.3,69.5,69.5,68.5,35.33,36.2,39.29,-0.19,-0.17,-0.03,70.67,69.71,68.74,219,121,1.81,94.25,5.85,3.6,5.19,2026-10-01,2026-10-01 08:01:07
5512,力麒,7.7,7.73,7.73,7.66,59.93,54.2,46.05,-0.02,-0.02,0.01,7.83,7.71,7.59,251,379,0.66,58.51,64.17,0.1,1.3,2026-10-01,2026-10-01 08:01:08
5514,三豐,15.1,14.85,15.1,14.7,54.53,52.06,50.0,0.13,0.17,-0.03,15.26,15.02,14.77,13,9,1.42,34.22,60.4,,,2026-10-01,2026-10-01 08:01:10
5515,建國,51.5,52.1,52.1,51.0,70.56,64.22,45.59,0.54,0.53,0.01,53.95,51.02,48.09,291,366,0.79,103.82,5.23,3.3,6.41,2026-10-01,2026-10-01 08:01:11
5516,雙喜,12.0,11.9,12.0,11.9,61.4,59.59,47.5,0.07,0.07,-0.0,12.28,11.95,11.62,4,2,1.5,6.19,11.76,,,2026-10-01,2026-10-01 08:01:13
5519,隆大,25.15,25.3,25.3,25.1,17.88,20.81,33.33,-0.62,-0.6,-0.02,27.64,25.97,24.3,76,212,0.36,57.88,5.35,3.3,13.12,2026-10-01,2026-10-01 08:01:14
5520,力泰,83.5,83.5,83.5,83.5,64.16,55.71,77.27,0.11,-0.05,0.16,83.57,82.49,81.41,1,1,1.0,50.08,8.61,7.0,8.38,2026-10-01,2026-10-01 08:01:15
5521,工信,10.65,10.6,10.65,10.5,72.55,69.25,50.0,0.01,0.02,-0.0,10.76,10.56,10.36,941,783,1.2,52.43,11.09,0.15,1.41,2026-10-01,2026-10-01 08:01:16
5522,遠雄,60.8,61.0,61.3,60.8,28.71,31.66,34.12,-0.74,-0.72,-0.02,64.52,61.95,59.37,467,581,0.8,475.21,6.07,2.0,3.29,2026-10-01,2026-10-01 08:01:17
5523,豐謙,30.35,30.25,30.35,30.15,100.0,100.0,,-0.0,-0.0,0.0,30.35,30.35,30.35,67,34,1.93,47.04,,0.5,1.65,2026-10-01,2026-10-01 08:01:19
5525,順天,21.9,22.0,22.0,21.8,24.72,35.11,42.86,0.03,0.06,-0.03,22.52,22.07,21.63,57,72,0.79,67.3,5.63,1.2,5.48,2026-10-01,2026-10-01 08:01:20
5529,鉅陞,26.05,26.45,26.45,25.95,84.63,84.47,60.0,1.04,1.0,0.04,27.22,25.06,22.9,84,118,0.71,27.55,7.28,,,2026-10-01,2026-10-01 08:01:21
5530,龍巖,48.75,48.8,49.05,48.7,44.28,43.29,45.45,-0.2,-0.09,-0.11,50.28,49.35,48.41,64,167,0.39,204.79,14.6,,,2026-10-01,2026-10-01 08:01:23
5531,鄉林,6.91,6.93,6.93,6.86,10.93,13.73,36.8,-0.14,-0.13,-0.01,7.44,7.11,6.78,422,519,0.81,67.55,62.82,,,2026-10-01,2026-10-01 08:01:25
5533,皇鼎,13.9,13.85,13.95,13.8,34.62,47.0,47.62,0.0,0.01,-0.01,14.15,13.94,13.74,100,61,1.64,39.65,23.56,0.6,4.32,2026-10-01,2026-10-01 08:01:26
5534,長虹,73.3,73.2,73.5,73.0,13.63,20.71,37.37,-0.36,-0.17,-0.19,77.2,74.65,72.09,505,440,1.15,231.13,12.26,5.06,6.9,2026-10-01,2026-10-01 08:01:27
5536,聖暉*,959.0,929.0,970.0,919.0,87.34,79.92,69.32,0.61,-16.12,16.73,939.68,867.3,794.92,2141,1234,1.73,1189.94,24.05,20.0,2.09,2026-10-01,2026-10-01 08:01:29
5538,東明-KY,35.95,36.4,36.45,35.8,57.35,44.84,39.73,-0.04,-0.01,-0.03,37.38,35.94,34.49,45,49,0.92,72.33,8.26,1.5,4.17,2026-10-01,2026-10-01 08:01:30
5543,桓鼎-KY,27.0,26.0,27.3,26.0,31.81,30.98,44.29,-0.06,0.05,-0.11,28.86,27.52,26.18,7,8,0.93,12.61,270.0,,,2026-10-01,2026-10-01 08:01:31
5546,永固-KY,13.85,14.2,14.2,13.6,21.06,24.65,35.19,-0.08,-0.0,-0.08,15.08,14.54,13.99,64,31,2.03,11.41,,1.0,7.22,2026-10-01,2026-10-01 08:01:33
5547,久舜,20.15,20.2,20.2,20.05,66.14,53.99,61.9,0.06,0.04,0.03,20.25,19.91,19.57,14,21,0.68,10.28,9.37,0.68,3.37,2026-10-01,2026-10-01 08:01:34
5548,安倉,20.0,20.1,20.1,20.0,30.65,43.51,28.57,-0.1,-0.09,-0.02,20.61,20.31,20.0,77,34,2.25,11.7,10.87,0.99,4.95,2026-10-01,2026-10-01 08:01:35
5601,台聯櫃,28.9,28.9,28.9,28.9,9.49,24.65,15.0,-0.34,-0.12,-0.21,31.69,30.22,28.76,5,3,1.65,18.73,70.49,0.38,1.31,2026-10-01,2026-10-01 08:01:37
5603,陸海,13.5,13.4,13.5,13.25,23.83,18.21,27.78,-0.15,-0.14,-0.01,14.09,13.65,13.21,191,80,2.38,14.16,33.75,0.5,3.7,2026-10-01,2026-10-01 08:01:39
5604,中連,31.4,31.5,31.5,31.4,46.26,35.82,44.9,0.09,0.09,0.0,31.59,31.15,30.7,2,9,0.25,34.16,29.9,2.0,6.37,2026-10-01,2026-10-01 08:01:40
5607,遠雄港,51.9,52.4,52.4,51.6,22.92,22.64,25.93,-0.14,0.12,-0.26,56.94,53.48,50.01,442,380,1.16,192.32,14.22,1.8,3.47,2026-10-01,2026-10-01 08:01:41
5608,四維航,17.0,17.0,17.1,16.7,59.9,57.14,44.44,0.24,0.33,-0.08,17.56,16.96,16.35,1732,1941,0.89,66.18,188.89,,,2026-10-01,2026-10-01 08:01:43
5609,中菲行,77.9,78.1,78.2,77.9,21.36,35.47,40.0,-0.02,0.06,-0.08,79.21,78.47,77.72,65,73,0.88,109.64,10.12,5.6,7.19,2026-10-01,2026-10-01 08:01:45
5701,劍湖山,4.07,4.08,4.08,4.03,29.97,37.29,36.78,-0.05,-0.04,-0.01,4.37,4.19,4.02,40,126,0.32,5.82,,,,2026-10-01,2026-10-01 08:01:46
5703,亞都,13.35,13.5,13.5,13.35,63.95,79.64,37.5,-0.14,-0.13,-0.0,14.12,13.78,13.43,3,0,5.0,9.38,16.08,,,2026-09-30,2026-10-01 08:01:47
5704,老爺知,22.6,22.6,22.65,22.45,38.18,34.94,38.46,-0.02,0.04,-0.07,23.44,22.85,22.27,9,23,0.4,13.3,77.93,,,2026-10-01,2026-10-01 08:01:49
5706,鳳凰,44.2,44.3,44.3,44.0,37.39,34.32,45.1,-0.27,-0.31,0.04,45.06,44.28,43.51,34,52,0.65,37.03,11.45,4.54,10.27,2026-10-01,2026-10-01 08:01:50
5859,遠壽,14.35,14.25,14.35,14.1,85.65,81.55,59.37,0.1,0.1,0.01,14.42,14.1,13.78,168,81,2.07,208.11,4.5,0.37,2.58,2026-10-01,2026-10-01 08:01:52
5863,瑞興銀,11.2,11.15,11.35,11.1,56.88,61.43,56.25,0.14,0.13,0.01,11.47,11.04,10.61,65,45,1.43,36.58,13.83,0.4,3.57,2026-10-01,2026-10-01 08:01:53
5864,致和證,38.25,39.2,39.2,37.8,75.27,65.51,59.7,0.83,0.57,0.26,38.9,36.31,33.71,3354,2904,1.15,192.97,3.06,0.5,1.31,2026-10-01,2026-10-01 08:01:55
5871,中租-KY,107.5,107.0,107.5,106.0,13.88,12.61,32.0,-1.41,-0.83,-0.58,115.71,110.8,105.89,7860,7055,1.11,1876.57,9.62,5.8,5.4,2026-10-01,2026-10-01 08:01:56
5876,上海商銀,48.4,48.95,49.1,47.9,40.61,56.42,57.76,1.16,1.38,-0.22,51.27,48.49,45.71,10361,6354,1.63,2371.04,15.51,1.8,3.72,2026-10-01,2026-10-01 08:01:57
5878,台名,37.85,37.9,37.9,37.85,11.8,22.64,25.0,-0.14,-0.12,-0.02,38.53,38.13,37.74,3,4,0.74,9.47,15.08,0.21,0.55,2026-10-01,2026-10-01 08:01:59
5880,合庫金,26.0,26.1,26.1,25.65,18.88,32.01,36.92,0.22,0.43,-0.22,27.74,26.81,25.87,16975,16722,1.02,4178.97,19.55,0.8,3.08,2026-10-01,2026-10-01 08:02:00
5902,德記,34.3,34.1,34.35,34.0,51.14,49.72,50.0,-0.04,-0.03,-0.01,34.72,34.34,33.96,9,57,0.17,32.41,16.41,1.65,4.81,2026-10-01,2026-10-01 08:02:02
5903,全家,186.0,186.0,186.0,185.5,76.55,76.94,58.82,0.42,0.28,0.14,186.79,185.05,183.31,16,25,0.66,415.19,23.79,6.5,3.49,2026-10-01,2026-10-01 08:02:03
5904,寶雅*,69.1,69.7,69.7,68.7,12.67,17.6,31.0,-1.04,-0.67,-0.37,74.41,71.5,68.6,3331,4857,0.69,735.53,20.38,2.55,3.69,2026-10-01,2026-10-01 08:02:05
5905,南仁湖,7.4,7.36,7.43,7.35,28.1,22.1,42.47,-0.15,-0.17,0.02,7.74,7.44,7.14,226,313,0.72,20.84,,,,2026-10-01,2026-10-01 08:02:06
5906,台南-KY,41.3,41.3,41.3,41.3,66.19,70.98,59.48,1.19,0.99,0.2,43.33,38.93,34.52,1,2,0.38,15.5,1032.5,0.2,0.48,2026-10-01,2026-10-01 08:02:08
5907,大洋-KY,4.8,4.81,4.85,4.76,34.39,40.48,41.67,-0.03,-0.03,-0.0,4.96,4.85,4.74,233,255,0.91,9.21,,,,2026-10-01,2026-10-01 08:02:09
6005,群益證,31.9,32.15,32.15,31.4,48.7,49.9,47.37,0.22,0.25,-0.03,33.05,31.97,30.89,8024,6075,1.32,783.24,7.27,0.4,1.25,2026-10-01,2026-10-01 08:02:11
6015,宏遠證,17.6,17.95,17.95,17.35,57.15,59.55,51.95,0.36,0.35,0.01,18.28,17.3,16.31,2982,2223,1.34,69.19,4.21,0.55,3.12,2026-10-01,2026-10-01 08:02:12
6016,康和證,23.7,24.25,24.25,23.45,76.27,75.1,57.69,0.74,0.65,0.08,24.57,22.82,21.07,6135,4365,1.41,183.06,3.82,0.16,0.68,2026-10-01,2026-10-01 08:02:15
6020,大展證,20.55,20.7,20.7,20.55,50.19,49.06,45.16,-0.07,-0.09,0.02,21.02,20.64,20.27,6,13,0.44,51.86,5.71,0.27,1.31,2026-10-01,2026-10-01 08:02:17
6021,美好證,41.7,42.0,42.15,41.2,23.78,39.23,44.44,0.88,1.4,-0.51,46.74,42.7,38.66,92,204,0.45,128.62,3.74,3.0,7.19,2026-10-01,2026-10-01 08:02:18
6023,元大期,84.8,85.5,85.5,83.8,36.2,51.34,46.6,0.35,0.48,-0.13,88.85,85.76,82.67,1012,766,1.32,447.72,11.1,3.91,4.61,2026-10-01,2026-10-01 08:02:20
6024,群益期,59.9,60.4,60.4,59.7,27.88,37.12,39.58,-0.18,0.05,-0.23,63.28,61.29,59.3,268,185,1.45,159.74,8.94,2.8,4.67,2026-10-01,2026-10-01 08:02:21
6026,福邦證,15.85,16.1,16.1,15.7,74.02,74.98,65.85,0.3,0.27,0.04,16.2,15.46,14.72,980,1021,0.96,62.79,5.74,1.36,8.58,2026-10-01,2026-10-01 08:02:22
6027,德信,14.2,13.65,14.2,13.65,36.66,33.3,52.96,0.46,0.55,-0.09,14.95,13.9,12.85,14,20,0.68,23.22,3.36,,,2026-10-01,2026-10-01 08:02:24
6028,公勝保經,99.2,98.6,99.2,98.3,82.2,76.33,64.17,1.76,1.72,0.03,100.07,96.67,93.27,11,19,0.58,24.8,9.31,6.0,6.05,2026-10-01,2026-10-01 08:02:26
6035,悠遊卡,51.4,51.4,51.4,51.4,61.59,63.92,56.0,-0.11,-0.08,-0.03,52.05,50.76,49.47,0,1,0.07,36.72,10.94,2.28,4.44,2026-10-01,2026-10-01 08:02:27
6101,寬魚國際,37.75,38.2,38.2,37.4,36.14,47.36,59.21,0.0,0.05,-0.05,38.88,37.85,36.82,197,130,1.52,44.6,28.17,,,2026-10-01,2026-10-01 08:02:29
6103,合邦,36.9,38.3,39.0,36.9,59.49,66.57,55.22,1.16,0.9,0.26,44.24,36.08,27.92,14,76,0.19,5.02,92.25,0.19,0.51,2026-10-01,2026-10-01 08:02:30
6104,創惟,91.7,91.9,92.6,91.5,59.06,44.75,42.57,-1.1,-1.19,0.08,97.12,92.14,87.16,430,325,1.32,83.56,20.02,4.5,4.91,2026-10-01,2026-10-01 08:02:32
6108,競國,25.0,25.25,26.35,24.8,70.26,68.86,64.86,0.72,0.65,0.06,25.3,23.5,21.71,2561,1528,1.68,27.04,125.0,3.0,12.0,2026-10-01,2026-10-01 08:02:33
6109,亞元,10.45,10.55,10.6,10.4,50.59,40.56,41.67,-0.17,-0.2,0.03,11.01,10.6,10.2,59,90,0.66,9.18,,,,2026-10-01,2026-10-01 08:02:35
6111,光聚晶電,38.1,38.7,38.7,38.05,90.07,81.93,60.33,0.14,-0.31,0.46,39.31,36.24,33.18,110,164,0.67,33.61,,,,2026-10-01,2026-10-01 08:02:36
6112,邁達特,47.7,48.1,48.1,47.4,19.71,31.0,58.33,0.89,1.08,-0.2,51.67,47.39,43.12,509,1131,0.45,89.85,14.91,1.65,3.46,2026-10-01,2026-10-01 08:02:38
6113,亞矽,24.9,22.7,24.9,22.7,61.88,49.28,73.53,-0.03,-0.24,0.22,23.94,22.6,21.27,630,158,3.98,12.59,38.91,0.5,2.01,2026-10-01,2026-10-01 08:02:39
6114,久威,23.45,24.1,24.1,23.35,28.85,24.91,30.88,-0.66,-0.75,0.09,25.61,23.83,22.05,99,48,2.06,10.3,5.45,0.5,2.13,2026-09-30,2026-10-01 08:02:41
6115,鎰勝,44.05,43.95,44.1,43.95,20.33,27.61,50.77,-0.12,-0.14,0.02,44.84,44.12,43.4,73,80,0.91,82.67,12.92,2.8,6.36,2026-10-01,2026-10-01 08:02:42
6116,彩晶,15.65,16.4,16.45,15.5,67.69,58.72,58.33,0.32,0.13,0.19,15.92,14.53,13.15,122471,86470,1.42,447.38,57.96,,,2026-10-01,2026-10-01 08:02:43
6117,迎廣,62.3,62.6,62.6,61.6,47.21,38.01,53.66,-0.38,-0.55,0.17,64.59,62.12,59.65,158,137,1.15,57.68,13.75,2.0,3.21,2026-10-01,2026-10-01 08:02:45
6118,建達,16.3,16.2,17.3,16.2,59.72,61.7,66.67,0.18,0.04,0.14,16.45,15.43,14.42,855,854,1.0,14.82,95.88,,,2026-10-01,2026-10-01 08:02:46
6120,達運,14.75,15.3,15.4,14.45,74.07,63.01,77.27,0.3,0.02,0.28,14.14,12.61,11.07,32106,10760,2.98,88.35,10.93,0.25,1.69,2026-10-01,2026-10-01 08:02:47
6121,新普,379.5,377.0,381.0,377.0,62.94,51.41,45.33,-4.28,-4.69,0.41,397.81,380.77,363.74,298,298,1.0,701.96,11.49,21.8,5.74,2026-10-01,2026-10-01 08:02:49
6122,擎邦,62.3,60.6,62.5,60.4,94.81,89.51,95.38,2.93,1.86,1.07,60.87,53.08,45.28,2131,2316,0.92,47.68,13.23,3.4,5.46,2026-10-01,2026-10-01 08:02:50
6123,上奇,42.95,43.2,43.2,42.65,58.63,55.34,52.38,-0.01,0.01,-0.02,43.83,43.12,42.41,22,42,0.53,25.98,12.98,10.4,24.21,2026-10-01,2026-10-01 08:02:52
6124,業強,27.2,27.5,27.5,27.2,64.03,70.82,58.93,0.06,0.01,0.06,27.68,26.98,26.27,5,10,0.54,49.63,52.31,,,2026-10-01,2026-10-01 08:02:53
6125,廣運,49.85,50.2,50.4,49.5,64.87,53.58,49.07,-0.4,-0.53,0.13,52.06,49.58,47.1,344,355,0.97,129.12,171.9,0.5,1.0,2026-10-01,2026-10-01 08:02:54
6126,信音,30.8,31.0,31.0,30.8,61.37,62.2,69.7,0.31,0.15,0.17,31.91,29.89,27.86,189,244,0.77,39.59,39.49,0.6,1.95,2026-10-01,2026-10-01 08:02:56
6127,九豪,56.8,52.3,56.8,52.2,80.82,66.14,63.97,0.19,-0.79,0.98,53.72,49.14,44.56,16534,5906,2.8,61.39,107.17,,,2026-10-01,2026-10-01 08:02:58
6128,上福,19.25,19.25,19.25,19.15,40.28,41.36,50.0,-0.21,-0.25,0.04,19.89,19.28,18.66,16,31,0.52,24.56,,0.5,2.6,2026-10-01,2026-10-01 08:02:59
6129,普誠,14.7,14.75,14.95,14.7,53.91,61.91,49.39,-0.21,-0.31,0.1,15.5,14.69,13.89,253,290,0.87,20.95,,,,2026-10-01,2026-10-01 08:03:00
6130,上亞科技,23.55,23.65,23.75,23.55,33.77,31.32,30.36,-0.67,-0.63,-0.04,26.64,24.48,22.32,15,72,0.21,11.61,,,,2026-10-01,2026-10-01 08:03:02
6133,金橋,29.3,29.55,31.0,29.3,76.74,73.81,74.36,1.77,1.34,0.43,30.09,25.09,20.09,10837,9290,1.17,34.28,26.64,1.0,3.41,2026-10-01,2026-10-01 08:03:03
6134,萬旭,28.95,29.2,29.25,28.85,38.89,45.35,57.14,0.22,0.2,0.02,29.66,28.82,27.98,166,116,1.43,23.7,35.74,0.2,0.69,2026-10-01,2026-10-01 08:03:05
6136,富爾特,25.25,25.25,25.3,25.1,83.99,78.73,73.08,0.08,0.03,0.05,25.23,24.75,24.28,390,182,2.14,29.17,34.12,1.16,4.59,2026-10-01,2026-10-01 08:03:06
6138,茂達,283.5,277.0,284.0,276.0,77.25,67.28,60.19,-2.75,-4.61,1.86,289.59,275.88,262.16,685,392,1.75,210.83,18.89,10.95,3.86,2026-10-01,2026-10-01 08:03:08
6139,亞翔,759.0,761.0,768.0,750.0,76.47,63.54,52.04,-1.2,-7.13,5.93,768.05,729.15,690.25,2985,3242,0.92,1788.02,15.26,23.0,3.03,2026-10-01,2026-10-01 08:03:09
6140,訊達,20.05,20.15,20.5,19.95,31.16,49.77,63.14,1.01,0.97,0.04,24.08,19.11,14.14,216,421,0.51,11.01,,,,2026-10-01,2026-10-01 08:03:10
6141,柏承,52.2,51.8,53.4,50.8,58.77,50.71,54.15,1.54,1.83,-0.3,54.95,51.2,47.44,1322,1866,0.71,59.17,20.47,,,2026-10-01,2026-10-01 08:03:11
6142,友勁,9.17,9.4,9.4,9.09,60.79,66.46,68.9,0.04,-0.04,0.08,9.35,8.86,8.38,732,540,1.35,27.9,,,,2026-10-01,2026-10-01 08:03:12
6143,振曜,80.6,81.3,81.5,80.6,23.15,33.98,35.29,-2.08,-2.16,0.08,88.24,83.05,77.86,243,199,1.22,69.36,10.28,6.0,7.44,2026-10-01,2026-10-01 08:03:14
6146,耕興,181.5,181.5,182.5,180.0,79.35,68.61,51.72,-1.18,-1.68,0.5,185.66,180.4,175.14,216,197,1.1,184.89,15.95,17.5,9.64,2026-10-01,2026-10-01 08:03:17
6147,頎邦,225.5,212.0,227.0,212.0,59.34,63.95,63.41,10.93,10.28,0.65,233.56,202.53,171.49,49502,29001,1.71,1679.02,55.0,2.8,1.24,2026-10-01,2026-10-01 08:03:19
6148,驊宏資,38.05,38.15,38.65,37.85,47.83,60.74,74.13,2.65,2.39,0.26,43.88,34.15,24.43,1091,2631,0.41,17.73,35.23,1.23,3.23,2026-10-01,2026-10-01 08:03:20
6150,撼訊,69.9,64.5,69.9,64.0,72.64,53.33,76.3,1.2,0.58,0.62,65.97,61.51,57.06,3241,811,3.99,33.79,17.39,0.6,0.86,2026-10-01,2026-10-01 08:03:22
6151,晉倫,34.65,35.0,35.0,34.5,45.81,52.51,46.3,-0.25,-0.3,0.05,35.67,34.82,33.97,94,90,1.04,19.15,14.81,1.5,4.33,2026-10-01,2026-10-01 08:03:24
6152,百一,15.45,15.35,15.45,15.05,53.86,55.18,59.21,0.4,0.4,-0.0,16.19,14.77,13.35,1040,827,1.26,25.92,,,,2026-10-01,2026-10-01 08:03:25
6153,嘉聯益,17.8,18.2,18.55,17.7,60.97,50.97,49.35,0.11,0.04,0.07,18.1,17.4,16.7,3964,3003,1.32,113.24,4.8,,,2026-10-01,2026-10-01 08:03:27
6154,順發,14.2,14.3,14.3,14.15,74.52,73.28,64.29,0.08,0.07,0.01,14.27,14.06,13.85,42,39,1.08,11.37,12.46,0.51,3.59,2026-10-01,2026-10-01 08:03:28
6155,鈞寶,69.6,64.2,69.6,64.2,82.91,70.09,76.92,1.51,0.09,1.43,65.36,57.85,50.34,10411,5137,2.03,61.26,38.67,0.8,1.15,2026-10-01,2026-10-01 08:03:29
6156,松上,21.75,21.8,22.35,21.75,78.13,75.81,69.35,0.02,-0.21,0.23,21.79,20.77,19.75,770,592,1.3,23.46,55.77,0.2,0.92,2026-10-01,2026-10-01 08:03:31
6158,禾昌,17.25,17.2,17.25,17.1,77.27,78.36,60.0,0.07,0.05,0.02,17.54,17.17,16.81,36,44,0.81,9.47,,1.01,5.86,2026-10-01,2026-10-01 08:03:32
6160,欣技,13.9,14.1,14.1,13.8,11.27,13.46,31.03,-0.23,-0.18,-0.05,14.98,14.35,13.72,44,48,0.92,9.52,,,,2026-10-01,2026-10-01 08:03:34
6161,捷波,50.3,51.4,51.5,50.3,65.6,56.94,47.92,-0.15,-0.39,0.24,52.11,49.58,47.05,39,95,0.41,28.29,12.27,2.2,4.37,2026-10-01,2026-10-01 08:03:36
6163,華電網,41.4,42.0,42.8,41.2,47.28,56.44,57.05,0.05,-0.1,0.16,42.64,40.77,38.9,683,756,0.9,61.62,45.0,0.58,1.4,2026-10-01,2026-10-01 08:03:37
6164,華興,12.55,12.65,12.7,12.45,71.03,64.82,66.67,0.12,-0.0,0.12,12.88,11.88,10.89,192,340,0.57,10.04,48.27,0.5,3.98,2026-10-01,2026-10-01 08:03:38
6165,浪凡,49.6,50.5,50.9,49.5,49.51,49.58,60.48,0.23,0.08,0.15,50.75,48.7,46.66,284,905,0.31,36.5,14.76,0.59,1.19,2026-10-01,2026-10-01 08:03:39
6166,凌華,130.0,132.5,133.5,128.5,68.01,67.3,68.83,2.28,-0.41,2.69,136.53,119.4,102.27,1271,2941,0.43,283.21,24.86,1.2,0.92,2026-10-01,2026-10-01 08:03:40
6167,久正,10.25,10.35,10.4,10.25,57.25,58.19,51.94,-0.07,-0.1,0.03,10.49,10.23,9.98,192,191,1.0,14.67,,1.31,12.78,2026-10-01,2026-10-01 08:03:42
6168,宏齊,47.0,45.7,47.0,45.7,93.74,90.44,84.66,4.91,3.66,1.25,49.79,35.3,20.81,5110,9957,0.51,96.71,146.88,,,2026-10-01,2026-10-01 08:03:43
6169,昱泉,11.85,11.85,12.0,11.85,30.36,34.25,38.46,-0.21,-0.24,0.03,12.45,12.12,11.79,8,6,1.28,2.77,,,,2026-10-01,2026-10-01 08:03:44
6170,統振,49.15,48.75,49.2,48.75,78.14,64.13,63.64,0.25,0.18,0.06,48.92,48.24,47.56,161,141,1.15,47.8,10.07,4.0,8.14,2026-10-01,2026-10-01 08:03:46
6171,大城地產,27.35,27.1,27.35,27.05,80.75,65.82,71.64,0.51,0.46,0.05,27.06,26.15,25.24,439,153,2.87,27.35,19.96,2.0,7.31,2026-10-01,2026-10-01 08:03:47
6173,信昌電,302.5,287.0,316.0,280.5,35.8,45.88,63.49,18.3,21.16,-2.86,329.87,290.23,250.58,31423,14101,2.23,483.78,56.97,0.6,0.2,2026-10-01,2026-10-01 08:03:49
6174,安碁,50.0,45.8,50.0,45.45,74.88,66.12,71.08,0.56,-0.05,0.62,48.0,44.0,40.0,1620,907,1.79,25.0,39.37,0.34,0.68,2026-10-01,2026-10-01 08:03:50
6175,立敦,76.3,70.9,77.1,70.9,56.31,45.38,68.28,-1.09,-1.94,0.86,73.85,70.48,67.1,5520,1413,3.9,114.54,24.38,1.5,1.97,2026-10-01,2026-10-01 08:03:52
6176,瑞儀,91.4,91.6,92.0,90.8,26.16,38.2,53.0,-2.35,-2.88,0.53,95.17,91.8,88.42,1056,1261,0.84,308.06,8.39,2.5,2.74,2026-10-01,2026-10-01 08:03:53
6177,達麗,46.65,46.85,47.2,46.2,13.09,16.52,35.0,-0.02,0.2,-0.22,49.04,47.35,45.66,1611,1031,1.56,220.35,5.22,3.0,6.43,2026-10-01,2026-10-01 08:03:54
6179,亞通,35.95,36.4,37.0,35.8,31.86,42.32,49.02,1.98,2.29,-0.31,41.73,35.15,28.57,3441,6089,0.57,63.75,58.93,0.5,1.39,2026-10-01,2026-10-01 08:03:56
6180,橘子,41.65,41.25,42.05,41.25,60.74,41.24,60.66,-0.18,-0.3,0.11,42.23,41.13,40.02,354,228,1.56,70.59,,1.03,2.47,2026-10-01,2026-10-01 08:03:57
6182,合晶,130.0,136.0,139.5,127.5,78.13,74.51,68.93,4.02,1.55,2.47,129.54,113.58,97.61,181048,122360,1.48,812.9,541.67,,,2026-10-01,2026-10-01 08:03:58
6183,關貿,92.3,91.0,92.3,91.0,63.98,51.86,48.05,0.33,0.38,-0.05,92.73,91.53,90.33,11,29,0.41,138.45,20.56,3.55,3.85,2026-10-01,2026-10-01 08:04:00
6184,大豐電,40.4,40.3,40.4,40.05,36.41,35.42,57.83,-0.26,-0.38,0.12,40.86,40.13,39.41,32,56,0.58,61.49,19.52,3.0,7.43,2026-10-01,2026-10-01 08:04:01
6185,幃翔,12.6,12.55,12.7,12.45,50.83,48.98,41.18,-0.16,-0.2,0.04,12.96,12.59,12.22,160,157,1.02,18.76,54.78,0.39,3.1,2026-10-01,2026-10-01 08:04:02
6186,新潤,29.1,29.2,29.2,28.95,10.94,13.19,28.12,-1.05,-1.12,0.07,31.7,30.07,28.45,177,478,0.37,66.03,5.89,4.92,16.91,2026-10-01,2026-10-01 08:04:04
6187,萬潤,1275.0,1300.0,1325.0,1260.0,45.88,39.02,42.67,7.33,9.3,-1.96,1386.59,1271.25,1155.91,1696,2469,0.69,1241.4,65.86,11.66,0.91,2026-10-01,2026-10-01 08:04:05
6188,廣明,62.1,62.3,62.5,61.8,25.7,22.93,32.31,-1.62,-1.77,0.15,67.06,63.27,59.49,336,444,0.76,172.86,22.18,2.5,4.03,2026-10-01,2026-10-01 08:04:07
6189,豐藝,50.2,50.4,50.6,49.8,91.05,85.13,79.83,0.47,0.08,0.4,50.57,48.0,45.42,243,555,0.44,132.44,12.46,2.7,5.38,2026-10-01,2026-10-01 08:04:08
6190,萬泰科,71.2,71.2,71.6,70.4,68.2,60.04,58.33,0.46,0.1,0.35,71.29,68.34,65.39,1560,1344,1.16,129.71,28.83,1.93,2.71,2026-10-01,2026-10-01 08:04:09
6191,精成科,84.3,84.3,84.4,83.8,70.63,62.57,55.45,-0.21,-0.57,0.36,84.52,82.72,80.92,1079,1044,1.03,420.91,14.46,2.6,3.08,2026-10-01,2026-10-01 08:04:10
6192,巨路,110.0,109.0,110.0,108.5,31.94,32.31,28.57,-1.53,-1.46,-0.08,116.85,111.95,107.05,130,84,1.56,105.77,10.81,5.8,5.27,2026-10-01,2026-10-01 08:04:12
6194,育富,30.1,30.3,30.3,29.95,51.25,63.98,53.57,0.09,0.12,-0.03,30.71,30.05,29.39,28,66,0.42,14.45,25.73,1.5,4.98,2026-10-01,2026-10-01 08:04:13
6195,詩肯,28.2,28.25,28.25,28.0,85.02,84.44,56.67,0.14,0.11,0.03,28.28,27.87,27.46,10,12,0.78,14.15,15.08,1.0,3.55,2026-10-01,2026-10-01 08:04:14
6196,帆宣,602.0,588.0,602.0,579.0,87.12,79.42,68.68,18.02,10.58,7.45,587.05,531.75,476.45,1937,1918,1.01,1326.38,27.9,6.45,1.07,2026-10-01,2026-10-01 08:04:16
6197,佳必琪,330.0,327.0,331.5,324.0,84.56,74.07,72.36,4.98,2.26,2.73,332.58,309.98,287.37,1803,1176,1.53,407.35,28.97,6.92,2.1,2026-10-01,2026-10-01 08:04:17
6198,瑞築,20.05,20.05,20.05,20.05,31.74,15.84,80.0,-0.0,-0.05,0.04,19.85,19.51,19.17,1,2,0.45,34.37,,,,2026-09-30,2026-10-01 08:04:19
6199,天品,128.0,127.5,128.5,127.0,97.17,95.9,100.0,7.91,5.24,2.67,132.35,107.7,83.05,6611,6410,1.03,79.05,46.89,,,2026-10-01,2026-10-01 08:04:20
6201,亞弘電,44.55,44.5,44.55,44.15,10.07,14.0,46.81,-0.1,-0.08,-0.03,45.72,44.75,43.78,22,21,1.03,39.74,13.88,3.1,6.96,2026-10-01,2026-10-01 08:04:21
6202,盛群,60.1,58.6,60.7,58.6,80.64,70.36,62.18,0.17,-0.35,0.52,60.77,57.09,53.41,3634,1664,2.18,138.24,50.08,0.68,1.13,2026-10-01,2026-10-01 08:04:23
6203,海韻電,60.3,60.0,60.3,59.9,55.79,37.23,54.29,-0.13,-0.21,0.09,60.8,59.97,59.14,57,51,1.13,49.69,9.21,4.0,6.63,2026-10-01,2026-10-01 08:04:24
6204,艾華,104.5,105.0,110.0,104.0,47.95,54.39,66.78,5.12,4.47,0.65,112.12,95.89,79.67,524,478,1.09,24.14,87.82,0.5,0.48,2026-10-01,2026-10-01 08:04:26
6205,詮欣,71.8,70.8,74.1,70.2,63.23,62.85,62.84,2.05,1.18,0.88,74.51,66.15,57.79,1308,4102,0.32,57.97,32.94,1.5,2.09,2026-10-01,2026-10-01 08:04:27
6206,飛捷,139.0,139.5,140.0,138.5,46.17,57.87,52.46,0.65,0.58,0.08,143.05,138.22,133.4,281,632,0.44,198.86,15.39,5.5,3.96,2026-10-01,2026-10-01 08:04:28
6207,雷科,145.0,153.0,158.0,139.5,81.54,74.36,70.42,7.38,3.26,4.12,142.97,117.42,91.88,38162,19266,1.98,134.17,82.39,0.6,0.41,2026-10-01,2026-10-01 08:04:30
6208,日揚,79.5,77.0,80.5,76.8,66.18,52.73,51.91,-1.13,-1.8,0.67,80.11,75.47,70.82,471,172,2.74,75.1,18.79,2.0,2.52,2026-10-01,2026-10-01 08:04:32
6209,今國光,82.7,82.0,83.8,81.1,65.31,53.35,57.2,1.55,1.4,0.16,84.07,79.7,75.34,9096,7795,1.17,149.24,35.65,0.5,0.6,2026-10-01,2026-10-01 08:04:33
6210,慶生,17.9,17.9,18.5,17.9,76.95,74.34,55.41,-0.03,-0.12,0.09,18.15,17.56,16.97,12,14,0.86,6.27,,,,2026-10-01,2026-10-01 08:04:35
6212,理銘,32.25,32.25,32.25,32.25,45.2,51.91,55.78,0.63,0.66,-0.03,33.8,32.22,30.63,1,1,0.55,32.89,15.97,3.5,10.85,2026-10-01,2026-10-01 08:04:36
6213,聯茂,642.0,623.0,643.0,611.0,85.93,76.26,72.8,35.8,27.53,8.27,628.21,541.45,454.69,14471,18470,0.78,2334.07,99.84,3.0,0.47,2026-10-01,2026-10-01 08:04:37
6214,精誠,189.0,188.0,189.5,188.0,50.35,55.79,54.29,4.71,6.18,-1.47,194.66,188.47,182.29,725,1662,0.44,514.54,17.66,6.0,3.17,2026-10-01,2026-10-01 08:04:39
6215,和椿,97.1,98.0,98.0,96.5,35.87,36.54,48.95,-0.37,-0.39,0.01,100.17,97.7,95.23,269,255,1.06,80.39,29.25,1.0,1.03,2026-10-01,2026-10-01 08:04:40
6216,居易,19.75,19.85,19.85,19.65,43.85,38.91,42.22,-0.29,-0.35,0.06,20.64,19.81,18.99,60,55,1.1,19.22,53.38,1.03,5.22,2026-10-01,2026-10-01 08:04:41
6217,中探針,174.5,177.0,181.0,174.0,63.41,56.65,46.21,0.36,-0.15,0.51,195.45,174.35,153.25,2662,2145,1.24,198.96,43.84,,,2026-10-01,2026-10-01 08:04:43
6218,豪勉,62.8,62.0,63.2,61.6,69.22,75.29,71.54,6.25,5.6,0.65,70.89,53.24,35.6,1149,1738,0.66,40.36,37.38,,,2026-10-01,2026-10-01 08:04:44
6219,富旺,12.35,12.15,12.35,12.05,67.8,50.91,60.0,-0.03,-0.07,0.03,12.51,12.17,11.82,123,83,1.48,15.43,13.14,0.67,5.43,2026-10-01,2026-10-01 08:04:45
6220,岳豐,25.3,25.2,25.4,25.05,51.89,41.15,36.0,-0.34,-0.42,0.08,25.95,25.42,24.9,93,77,1.21,37.06,21.81,0.7,2.77,2026-10-01,2026-10-01 08:04:47
6221,晉泰,30.95,31.05,32.75,30.5,66.23,77.04,79.88,2.76,2.4,0.36,36.08,26.79,17.51,1570,1393,1.13,52.18,13.23,1.2,3.88,2026-10-01,2026-10-01 08:04:48
6222,立軒,19.3,19.4,20.05,18.95,26.99,24.83,40.54,-0.36,-0.35,-0.01,20.63,19.38,18.13,6,22,0.27,18.47,,,,2026-09-30,2026-10-01 08:04:50
6223,旺矽,5030.0,5130.0,5185.0,4995.0,17.99,30.64,35.84,-106.78,-69.42,-37.36,5907.8,5439.0,4970.2,1115,886,1.26,4928.46,106.68,22.0,0.44,2026-10-01,2026-10-01 08:04:51
6224,聚鼎,81.7,79.6,82.9,79.1,19.1,26.23,45.39,1.95,3.44,-1.49,91.36,84.79,78.23,1377,939,1.46,69.15,68.66,1.25,1.53,2026-10-01,2026-10-01 08:04:53
6225,天瀚,66.9,66.9,66.9,66.9,63.75,40.09,49.38,2.01,3.08,-1.07,75.24,60.86,46.48,165,823,0.2,40.14,,,,2026-10-01,2026-10-01 08:04:54
6226,光鼎,48.0,44.55,48.0,44.55,83.49,79.44,80.13,5.15,4.66,0.49,51.35,38.34,25.32,4509,2917,1.55,55.46,,,,2026-10-01,2026-10-01 08:04:55
6227,茂綸,137.0,133.5,138.0,132.5,48.09,54.3,73.26,5.28,4.73,0.56,146.03,126.53,107.02,1125,886,1.27,104.27,10.75,4.5,3.28,2026-10-01,2026-10-01 08:04:57
6228,全譜,18.15,18.25,18.3,18.15,58.56,59.66,56.03,0.2,0.0,0.2,19.16,17.56,15.97,9,24,0.37,5.26,,,,2026-10-01,2026-10-01 08:04:58
6229,研通,24.15,24.2,24.3,24.0,68.9,65.91,63.89,0.05,-0.05,0.1,24.21,23.65,23.08,77,99,0.78,9.75,22.16,0.6,2.48,2026-10-01,2026-10-01 08:04:59
6230,尼得科超眾,111.0,111.0,111.0,110.0,37.69,42.25,53.73,0.44,0.18,0.26,115.77,110.58,105.38,37,35,1.07,95.84,17.34,0.22,0.2,2026-10-01,2026-10-01 08:05:01
6231,系微,237.0,235.0,240.0,235.0,76.79,69.35,58.14,3.83,0.83,3.0,243.31,220.93,198.54,188,390,0.48,108.2,31.6,5.7,2.41,2026-10-01,2026-10-01 08:05:02
6233,旺玖,23.55,23.8,24.5,23.3,81.06,72.9,83.33,0.31,-0.04,0.34,22.82,20.99,19.16,513,219,2.34,18.32,107.05,0.75,3.18,2026-10-01,2026-10-01 08:05:04
6234,高僑,39.55,39.9,40.75,39.25,63.76,63.36,62.53,0.99,0.52,0.47,41.55,36.41,31.28,1206,1118,1.08,39.7,38.77,0.25,0.63,2026-10-01,2026-10-01 08:05:05
6235,華孚,39.15,38.9,39.2,38.8,47.96,47.12,56.36,0.07,-0.06,0.12,40.04,38.65,37.26,205,386,0.53,78.26,24.47,1.2,3.07,2026-10-01,2026-10-01 08:05:07
6236,中湛,18.7,19.1,19.1,18.7,79.81,68.85,47.59,0.21,0.25,-0.04,20.31,18.48,16.66,2,1,1.25,7.79,1870.0,,,2026-10-01,2026-10-01 08:05:08
6237,驊訊,36.75,36.5,38.55,36.5,59.86,57.56,70.06,0.45,0.06,0.38,37.82,34.84,31.86,765,967,0.79,29.27,,0.1,0.27,2026-10-01,2026-10-01 08:05:09
6239,力成,292.5,290.0,293.0,288.0,61.0,59.36,58.65,3.28,2.02,1.26,295.62,280.8,265.98,7261,8402,0.86,2131.73,29.05,4.5,1.54,2026-10-01,2026-10-01 08:05:11
6240,松崗,25.3,25.4,26.0,25.25,53.38,55.26,72.79,0.9,0.92,-0.02,27.7,24.57,21.43,23,48,0.47,5.79,,,,2026-10-01,2026-10-01 08:05:12
6241,鑫永洋,16.15,16.0,16.45,16.0,49.51,41.94,60.53,-0.66,-0.89,0.23,16.97,15.83,14.69,37,107,0.35,5.74,21.82,,,2026-10-01,2026-10-01 08:05:13
6242,立康,34.05,34.5,34.5,34.05,66.96,65.51,42.11,-0.08,-0.13,0.05,34.29,33.97,33.64,6,2,2.3,10.83,14.25,2.0,5.87,2026-09-30,2026-10-01 08:05:15
6243,迅杰,40.55,39.5,41.55,39.5,66.55,59.4,59.68,-0.6,-1.15,0.55,41.09,38.43,35.76,941,990,0.95,18.36,,1.2,2.96,2026-10-01,2026-10-01 08:05:17
6244,茂迪,23.85,24.55,24.55,23.75,67.13,62.42,56.2,-0.01,-0.24,0.24,24.71,23.13,21.55,4436,4589,0.97,92.31,58.17,0.14,0.59,2026-10-01,2026-10-01 08:05:18
6245,立端,88.3,88.3,88.3,87.3,67.1,65.29,63.93,2.28,1.89,0.39,90.96,83.45,75.94,446,726,0.61,129.45,20.49,3.8,4.3,2026-10-01,2026-10-01 08:05:20
6246,臺龍,12.7,12.9,12.9,12.6,47.3,49.66,36.84,0.0,-0.01,0.01,13.22,12.85,12.49,13,11,1.1,4.81,63.5,,,2026-10-01,2026-10-01 08:05:21
6248,沛波,17.25,17.35,17.35,17.2,82.7,73.38,66.67,0.04,0.01,0.03,17.15,16.89,16.63,75,61,1.23,16.58,12.97,1.22,7.07,2026-10-01,2026-10-01 08:05:23
6257,矽格,256.5,251.0,259.0,249.0,76.11,70.6,74.03,11.0,7.78,3.22,263.25,226.57,189.9,10033,12838,0.78,1233.54,30.32,4.25,1.66,2026-10-01,2026-10-01 08:05:24
6259,百徽,31.8,30.5,32.6,30.25,73.12,60.92,72.22,-0.08,-0.45,0.37,31.1,29.2,27.3,821,244,3.36,8.92,21.06,0.35,1.1,2026-10-01,2026-10-01 08:05:25
6261,久元,79.1,79.8,79.8,78.5,64.33,62.07,50.97,0.23,-0.04,0.27,81.48,77.89,74.29,357,356,1.0,101.64,15.51,2.5,3.16,2026-10-01,2026-10-01 08:05:27
6263,普萊德,164.0,158.0,164.0,157.0,76.25,62.65,64.0,-0.62,-0.94,0.32,172.32,159.88,147.43,164,79,2.05,102.5,18.68,7.8,4.76,2026-10-01,2026-10-01 08:05:29
6264,富裔,6.03,6.06,6.06,6.0,83.68,83.64,66.67,-0.0,-0.01,0.0,6.05,6.02,5.99,12,46,0.26,8.22,,,,2026-10-01,2026-10-01 08:05:30
6265,方土昶,49.25,48.7,50.9,48.4,46.68,33.68,38.15,-1.74,-1.69,-0.05,56.4,50.43,44.46,3065,1370,2.24,58.2,6.0,,,2026-10-01,2026-10-01 08:05:31
6266,泰詠,24.95,24.9,25.0,24.9,54.62,57.48,47.62,0.01,-0.0,0.01,25.11,24.87,24.62,73,87,0.84,38.39,12.73,1.78,7.13,2026-10-01,2026-10-01 08:05:33
6269,台郡,65.0,66.5,66.5,64.5,51.25,41.03,35.57,-0.25,-0.09,-0.16,69.84,65.77,61.7,2352,2555,0.92,208.35,,,,2026-10-01,2026-10-01 08:05:34
6270,倍微,30.55,30.1,31.15,29.95,72.52,66.52,68.93,0.08,-0.21,0.29,30.53,28.98,27.43,338,235,1.44,22.04,23.5,1.0,3.27,2026-10-01,2026-10-01 08:05:36
6271,同欣電,230.5,226.0,232.0,225.5,58.36,59.76,56.06,4.95,5.48,-0.54,236.23,226.38,216.52,2944,2050,1.44,481.88,26.02,3.0,1.3,2026-10-01,2026-10-01 08:05:37
6272,驊陞,25.2,25.65,25.65,25.05,8.59,10.5,26.22,-0.23,0.08,-0.31,30.44,27.26,24.07,178,187,0.95,20.45,12.99,2.02,8.02,2026-10-01,2026-10-01 08:05:38
6274,台燿,1535.0,1530.0,1540.0,1500.0,85.59,77.06,67.59,17.93,-0.88,18.81,1534.96,1409.75,1284.54,4669,6585,0.71,4432.7,77.68,7.51,0.49,2026-10-01,2026-10-01 08:05:40
6275,元山,47.45,47.4,47.85,47.25,75.96,63.6,68.69,0.45,0.28,0.17,47.62,45.82,44.02,230,178,1.29,38.08,18.68,1.99,4.19,2026-10-01,2026-10-01 08:05:41
6276,安鈦克,19.65,19.6,19.65,19.5,38.64,38.94,42.4,-0.16,-0.15,-0.02,20.9,19.87,18.83,10,22,0.44,4.33,,,,2026-10-01,2026-10-01 08:05:43
6277,宏正,77.7,76.4,77.9,76.4,40.74,43.93,46.46,-0.39,-0.32,-0.07,80.48,77.97,75.45,157,110,1.42,92.83,19.04,5.6,7.21,2026-10-01,2026-10-01 08:05:45
6278,台表科,216.5,218.0,219.5,214.0,83.01,77.09,67.97,8.41,6.14,2.27,222.28,197.72,173.17,4145,9832,0.42,618.26,22.11,5.57,2.57,2026-10-01,2026-10-01 08:05:46
6279,胡連,113.0,112.5,113.0,111.5,63.28,53.06,52.17,-1.45,-1.61,0.16,118.73,113.1,107.47,208,220,0.95,134.49,10.23,5.5,4.87,2026-10-01,2026-10-01 08:05:48
6281,全國電,51.1,51.0,51.1,50.6,38.03,29.29,38.89,-0.11,-0.11,0.0,51.63,51.2,50.77,41,37,1.11,50.68,13.81,3.3,6.46,2026-10-01,2026-10-01 08:05:49
6282,康舒,43.3,43.5,43.7,43.2,48.05,48.25,46.55,-0.63,-0.86,0.23,44.51,43.16,41.82,3583,4362,0.82,370.72,36.08,0.8,1.85,2026-10-01,2026-10-01 08:05:51
6283,淳安,19.3,19.5,19.55,19.15,66.65,57.18,42.35,-0.28,-0.41,0.13,20.64,19.12,17.61,45,62,0.73,28.35,53.61,,,2026-10-01,2026-10-01 08:05:52
6284,佳邦,80.3,76.0,82.0,76.0,53.31,36.94,57.46,-0.48,-0.88,0.4,80.22,76.64,73.05,3200,1231,2.6,117.22,21.76,1.89,2.35,2026-10-01,2026-10-01 08:05:54
6285,啟碁,235.5,235.0,236.5,233.0,70.59,63.97,51.96,-1.32,-2.63,1.31,246.39,231.88,217.36,1860,2830,0.66,1138.5,26.05,4.3,1.83,2026-10-01,2026-10-01 08:05:55
6290,良維,277.5,280.0,281.5,276.0,54.52,56.94,51.55,8.74,8.86,-0.12,288.57,268.6,248.63,1813,2194,0.83,470.78,30.13,6.19,2.23,2026-10-01,2026-10-01 08:05:57
6291,沛亨,489.0,501.0,507.0,489.0,44.05,54.63,52.15,21.03,22.99,-1.96,530.78,481.57,432.37,587,773,0.76,209.01,43.16,6.0,1.23,2026-10-01,2026-10-01 08:05:58
6292,迅德,67.2,66.7,68.2,66.7,59.75,61.26,53.66,1.42,1.5,-0.08,69.49,65.41,61.34,350,209,1.67,31.32,12.22,1.8,2.68,2026-10-01,2026-10-01 08:05:59
6294,智基,28.15,28.25,28.25,28.1,16.95,29.09,33.33,-0.01,0.08,-0.08,29.02,28.55,28.09,5,11,0.5,7.33,10.58,3.0,10.66,2026-10-01,2026-10-01 08:06:01
6405,悅城,45.1,45.1,45.1,45.1,75.14,70.97,63.54,1.31,0.32,0.98,47.18,40.87,34.56,1633,971,1.68,29.68,,0.1,0.22,2026-10-01,2026-10-01 08:06:02
6407,相互,21.7,22.3,22.3,21.65,24.02,19.3,21.37,-0.41,-0.28,-0.13,25.82,23.15,20.48,182,136,1.34,16.3,15.07,2.0,9.22,2026-10-01,2026-10-01 08:06:03
6409,旭隼,891.0,907.0,907.0,889.0,44.57,40.28,41.38,-25.55,-27.81,2.26,994.52,908.4,822.28,172,193,0.89,781.43,34.59,36.77,4.13,2026-10-01,2026-10-01 08:06:05
6411,晶焱,78.4,77.9,78.7,77.9,45.63,48.66,46.88,-0.39,-0.47,0.08,81.04,78.43,75.81,155,148,1.04,76.85,18.62,2.22,2.83,2026-10-01,2026-10-01 08:06:06
6412,群電,74.6,74.7,75.6,74.3,53.78,51.97,48.48,-1.07,-1.33,0.26,77.98,74.9,71.81,551,365,1.51,298.97,12.37,3.7,4.96,2026-10-01,2026-10-01 08:06:07
6414,樺漢,402.5,392.5,405.0,388.0,66.86,56.93,67.14,-3.29,-7.95,4.66,401.36,379.77,358.19,1613,1746,0.92,596.39,18.27,13.78,3.42,2026-10-01,2026-10-01 08:06:09
6415,矽力*-KY,413.0,410.5,413.5,406.5,29.42,44.67,48.35,-7.31,-8.51,1.2,436.98,417.18,397.37,1080,1794,0.6,1603.9,42.62,2.55,0.62,2026-10-01,2026-10-01 08:06:10
6416,瑞祺電通,120.5,116.0,121.0,115.5,42.68,46.45,73.44,4.64,4.86,-0.22,128.52,112.37,96.21,1336,598,2.23,88.38,22.52,2.8,2.32,2026-10-01,2026-10-01 08:06:11
6417,韋僑,102.0,102.0,102.5,101.0,38.81,36.85,34.62,-1.94,-2.17,0.23,107.71,103.6,99.49,73,65,1.12,43.12,15.62,2.4,2.35,2026-10-01,2026-10-01 08:06:13
6418,詠昇,34.55,34.0,34.6,33.9,28.81,35.23,44.3,0.33,0.47,-0.14,35.71,34.66,33.62,112,52,2.15,11.93,90.92,0.38,1.1,2026-10-01,2026-10-01 08:06:14
6419,京晨科,155.0,156.0,156.0,153.0,63.05,54.84,50.0,0.43,0.16,0.27,159.24,151.7,144.16,68,105,0.65,20.4,5.22,2.7,1.74,2026-10-01,2026-10-01 08:06:15
6423,億而得,94.4,89.3,94.4,89.1,83.85,73.19,67.53,2.23,1.52,0.71,90.98,84.42,77.86,349,97,3.57,28.58,127.57,1.0,1.06,2026-10-01,2026-10-01 08:06:17
6425,易發,81.3,80.0,84.3,78.4,82.03,74.72,71.59,4.19,2.65,1.54,80.33,67.28,54.22,5305,2854,1.86,41.23,76.7,0.99,1.22,2026-10-01,2026-10-01 08:06:18
6426,統新,339.5,343.0,345.5,330.0,45.04,65.02,54.16,29.88,32.75,-2.87,408.75,328.38,248.0,2155,3164,0.68,130.74,85.52,0.5,0.15,2026-10-01,2026-10-01 08:06:20
6428,淘米,32.05,31.5,32.05,30.9,29.99,32.13,39.39,0.73,1.12,-0.39,37.58,32.32,27.06,7,19,0.37,5.67,30.52,,,2026-10-01,2026-10-01 08:06:21
6431,光麗-KY,17.6,17.5,17.65,16.9,56.87,42.5,28.95,-0.44,-0.41,-0.03,20.13,18.13,16.13,91,41,2.21,17.14,,,,2026-10-01,2026-10-01 08:06:23
6432,今展科,69.8,62.8,69.8,62.5,83.23,71.25,75.0,-0.17,-1.84,1.67,67.62,58.66,49.7,3162,1187,2.66,27.07,28.15,1.0,1.43,2026-10-01,2026-10-01 08:06:24
6434,達輝光電,14.55,14.7,14.7,14.1,44.64,33.67,38.67,-0.21,-0.24,0.03,15.37,14.55,13.74,374,334,1.12,67.45,,,,2026-10-01,2026-10-01 08:06:26
6435,大中,262.0,253.0,262.0,253.0,84.28,75.78,63.41,-0.75,-3.73,2.98,259.07,245.53,231.98,696,412,1.69,98.15,19.92,7.5,2.86,2026-10-01,2026-10-01 08:06:28
6438,迅得,164.5,165.0,167.0,163.5,74.55,64.7,69.84,3.36,1.66,1.7,165.86,152.88,139.89,713,868,0.82,135.23,28.66,5.0,3.04,2026-10-01,2026-10-01 08:06:29
6441,廣錠,24.9,24.85,24.95,24.6,60.49,54.37,55.56,0.72,0.69,0.03,26.84,23.9,20.97,75,187,0.4,13.28,,,,2026-10-01,2026-10-01 08:06:31
6442,光聖,1480.0,1500.0,1515.0,1465.0,10.15,12.06,34.72,-23.32,-3.42,-19.91,1835.87,1609.75,1383.63,1018,1034,0.98,1187.7,42.63,11.26,0.76,2026-10-01,2026-10-01 08:06:32
6443,元晶,27.9,28.7,28.75,27.8,69.82,67.59,67.25,0.55,0.02,0.53,29.63,25.48,21.34,4760,9421,0.51,143.07,12.86,,,2026-10-01,2026-10-01 08:06:33
6446,藥華藥,1170.0,1235.0,1240.0,1165.0,45.75,35.23,26.67,-45.28,-40.15,-5.12,1399.84,1241.75,1083.66,2496,1923,1.3,4833.44,63.35,1.49,0.13,2026-10-01,2026-10-01 08:06:34
6449,鈺邦,230.0,211.5,230.0,211.5,46.61,30.39,53.1,-5.15,-6.64,1.49,235.9,218.28,200.65,2592,959,2.7,209.04,25.27,4.2,1.83,2026-10-01,2026-10-01 08:06:35
6451,訊芯-KY,413.0,422.0,422.5,412.5,31.61,38.9,45.33,-6.19,-5.44,-0.75,473.32,428.8,384.28,854,1011,0.85,466.55,350.0,0.22,0.05,2026-10-01,2026-10-01 08:06:36
6456,GIS-KY,87.9,91.9,92.0,86.1,82.68,77.29,75.25,5.2,2.55,2.65,90.17,71.59,53.01,20135,28528,0.71,290.26,1598.18,,,2026-10-01,2026-10-01 08:06:37
6461,益得,24.05,24.2,24.4,23.75,23.63,20.99,37.5,-0.48,-0.35,-0.12,27.49,25.24,22.98,79,65,1.21,26.53,,,,2026-10-01,2026-10-01 08:06:39
6462,神盾,107.0,106.0,110.5,106.0,73.8,62.89,66.06,0.93,-0.12,1.05,105.45,99.75,94.05,1732,894,1.94,97.64,19.96,,,2026-10-01,2026-10-01 08:06:41
6464,台數科,77.0,76.8,77.0,76.8,48.71,53.94,46.24,-0.22,-0.13,-0.09,78.63,77.26,75.89,10,10,1.09,103.13,17.87,1.33,1.73,2026-10-01,2026-10-01 08:06:42
6465,威潤,41.6,42.3,42.3,41.3,30.18,29.01,34.03,-1.49,-1.63,0.14,46.85,43.0,39.15,48,70,0.68,24.57,12.46,0.19,0.46,2026-10-01,2026-10-01 08:06:43
6467,泰合,230.0,242.0,250.0,227.5,27.52,31.48,45.09,19.61,25.13,-5.52,290.79,235.55,180.31,1050,956,1.1,120.54,,,,2026-10-01,2026-10-01 08:06:45
6469,大樹,64.4,64.5,64.6,64.1,35.78,29.17,30.38,-1.28,-1.38,0.09,68.57,65.61,62.64,147,216,0.68,102.43,20.58,3.16,4.91,2026-10-01,2026-10-01 08:06:46
6470,宇智,42.7,42.65,42.7,42.45,43.87,47.67,34.69,0.09,0.09,-0.0,43.93,42.71,41.49,13,14,0.95,16.1,8.99,2.5,5.85,2026-10-01,2026-10-01 08:06:48
6472,保瑞,429.5,436.0,445.5,426.5,46.65,51.12,59.4,1.85,0.88,0.97,440.08,418.02,395.97,734,501,1.47,547.89,33.55,10.0,2.33,2026-10-01,2026-10-01 08:06:49
6473,美賣*,6.5,6.7,6.7,6.4,54.19,60.18,62.58,0.03,-0.01,0.05,6.83,6.42,6.01,55,70,0.78,3.9,,,,2026-10-01,2026-10-01 08:06:51
6474,華豫寧,35.45,35.85,35.85,35.0,43.19,37.87,31.58,-0.21,-0.19,-0.02,36.98,35.8,34.61,87,37,2.33,18.62,10.16,2.5,7.05,2026-10-01,2026-10-01 08:06:52
6477,安集,34.8,35.65,35.65,34.7,29.95,29.34,51.72,-0.27,-0.4,0.12,36.29,34.51,32.73,642,938,0.68,43.08,1160.0,0.35,1.01,2026-10-01,2026-10-01 08:06:53
6482,弘煜科,23.65,23.2,23.65,22.9,29.65,29.36,39.22,-0.49,-0.44,-0.05,25.43,24.27,23.12,8,19,0.45,6.77,12.99,2.0,8.46,2026-10-01,2026-10-01 08:06:55
6483,原創生醫,11.6,11.8,12.05,11.55,19.26,30.79,34.48,-0.36,-0.24,-0.12,14.15,12.91,11.66,137,112,1.22,7.75,,,,2026-10-01,2026-10-01 08:06:56
6485,點序,84.7,80.7,84.7,77.5,81.9,68.89,81.87,3.66,1.43,2.23,78.98,64.93,50.88,3564,1397,2.55,40.12,,0.48,0.57,2026-10-01,2026-10-01 08:06:59
6486,互動,81.3,80.7,82.1,80.7,46.89,47.9,50.79,0.9,1.11,-0.21,83.41,81.32,79.23,56,39,1.42,41.38,17.12,6.0,7.38,2026-10-01,2026-10-01 08:07:00
6488,環球晶,1085.0,1055.0,1135.0,1045.0,71.14,61.14,67.66,9.42,-7.19,16.62,1040.94,952.35,863.76,24289,17648,1.38,5187.53,52.67,7.7,0.71,2026-10-01,2026-10-01 08:07:01
6491,晶碩,421.5,413.0,421.5,409.0,90.38,85.8,77.4,11.37,9.42,1.95,423.47,392.23,360.98,652,323,2.02,323.88,17.91,10.01,2.37,2026-10-01,2026-10-01 08:07:03
6492,生華科,34.6,34.25,34.95,34.1,63.22,56.94,57.5,-0.55,-0.82,0.28,34.72,34.02,33.32,145,142,1.02,39.58,,,,2026-10-01,2026-10-01 08:07:04
6493,雷虎生,36.05,35.6,36.05,35.45,20.33,14.21,37.42,-1.04,-0.94,-0.1,39.57,37.04,34.51,11,38,0.3,10.83,,0.2,0.55,2026-10-01,2026-10-01 08:07:06
6494,九齊,52.4,52.4,53.2,52.0,65.31,55.38,56.4,-0.62,-0.84,0.22,56.03,51.86,47.7,106,82,1.29,16.54,17.58,1.0,1.91,2026-10-01,2026-10-01 08:07:08
6496,科懋,23.8,23.3,23.95,23.3,38.76,40.84,41.94,-0.22,-0.14,-0.09,25.08,24.26,23.43,12,42,0.29,11.06,,,,2026-10-01,2026-10-01 08:07:09
6498,久禾光,68.3,67.5,68.5,66.6,66.15,52.51,42.7,-2.09,-2.42,0.34,76.47,68.96,61.44,91,70,1.29,32.43,8.84,4.5,6.59,2026-10-01,2026-10-01 08:07:11
6499,益安,79.1,77.2,82.0,77.1,67.21,60.98,75.86,2.23,1.94,0.29,77.94,73.32,68.7,722,345,2.09,76.68,26.81,,,2026-10-01,2026-10-01 08:07:12
6504,南六,37.2,37.3,37.3,37.05,35.62,31.91,53.0,0.07,0.03,0.03,37.58,36.84,36.1,16,18,0.9,27.01,23.85,1.0,2.69,2026-10-01,2026-10-01 08:07:13
6505,台塑化,94.2,97.5,98.7,92.8,79.98,76.16,61.2,4.95,4.11,0.84,96.55,85.24,73.93,27288,25725,1.06,8973.45,16.35,1.2,1.27,2026-10-01,2026-10-01 08:07:14
6506,雙邦,18.55,18.6,18.65,18.45,64.44,57.89,61.54,0.23,0.2,0.03,18.66,18.21,17.76,32,53,0.61,15.28,12.2,1.0,5.39,2026-10-01,2026-10-01 08:07:16
6508,惠光,27.0,26.7,27.0,26.65,53.09,58.28,62.24,0.41,0.3,0.1,28.81,26.29,23.77,20,45,0.44,23.37,26.47,0.5,1.85,2026-10-01,2026-10-01 08:07:18
6509,聚和,48.8,49.3,49.3,48.25,80.83,81.38,74.59,0.58,0.24,0.34,48.93,46.68,44.44,652,848,0.77,96.35,13.79,1.39,2.85,2026-10-01,2026-10-01 08:07:19
6510,精測,3000.0,3065.0,3155.0,2960.0,16.11,27.66,33.06,44.68,112.53,-67.85,3780.44,3387.0,2993.56,1061,1045,1.02,983.67,70.8,15.23,0.51,2026-10-01,2026-10-01 08:07:21
6512,啟發電,20.25,20.3,20.3,20.25,36.47,35.63,41.38,-0.02,0.0,-0.03,20.74,20.35,19.95,6,4,1.5,5.12,,,,2026-10-01,2026-10-01 08:07:22
6515,穎崴,5770.0,6025.0,6060.0,5755.0,23.33,20.45,25.72,-255.03,-179.9,-75.13,7725.54,6482.25,5238.96,434,437,0.99,2102.86,93.56,49.44,0.86,2026-10-01,2026-10-01 08:07:24
6516,勤崴國際,56.5,56.5,56.5,55.9,31.05,41.97,46.77,-0.35,-0.29,-0.06,58.68,57.24,55.8,26,36,0.72,31.55,26.28,2.34,4.14,2026-10-01,2026-10-01 08:07:25
6517,保勝光學,63.5,64.1,64.1,63.1,30.32,33.83,39.22,-0.86,-0.76,-0.1,69.73,64.78,59.82,89,106,0.84,19.42,25.3,1.5,2.36,2026-10-01,2026-10-01 08:07:26
6518,康科特,32.0,32.0,32.4,32.0,46.53,61.17,65.79,0.2,0.22,-0.02,33.44,31.75,30.06,12,4,2.85,10.67,12.5,1.5,4.69,2026-09-30,2026-10-01 08:07:28
6523,達爾膚,89.5,89.0,89.6,89.0,50.91,47.38,68.7,0.14,-0.07,0.21,88.99,87.9,86.8,24,43,0.56,40.32,13.58,8.0,8.94,2026-10-01,2026-10-01 08:07:30
6525,捷敏-KY,136.5,135.5,138.5,135.0,74.05,68.69,60.34,-1.44,-2.66,1.23,139.73,132.15,124.57,738,617,1.2,176.15,19.12,5.0,3.66,2026-10-01,2026-10-01 08:07:31
6526,達發,829.0,834.0,843.0,818.0,85.96,81.88,79.81,57.19,38.66,18.53,872.62,698.0,523.38,619,2438,0.25,1388.62,45.9,13.5,1.63,2026-10-01,2026-10-01 08:07:32
6527,明達醫,75.0,75.0,75.0,74.1,68.06,54.36,42.03,0.25,0.38,-0.13,76.54,75.0,73.47,28,23,1.2,19.01,13.02,2.9,3.87,2026-10-01,2026-10-01 08:07:33
6530,創威,102.0,104.5,104.5,100.5,73.76,71.8,60.0,3.94,3.85,0.09,105.34,97.7,90.06,1714,1921,0.89,34.43,42.5,2.0,1.96,2026-10-01,2026-10-01 08:07:35
6531,愛普*,933.0,931.0,937.0,914.0,36.53,43.97,43.01,10.56,16.09,-5.53,1021.57,951.4,881.23,1855,3057,0.61,1519.36,53.84,6.99,0.75,2026-10-01,2026-10-01 08:07:36
6532,瑞耘,122.5,121.0,127.0,115.5,84.19,73.82,75.97,6.24,4.12,2.11,115.7,99.72,83.74,5883,2060,2.86,45.87,15.41,3.0,2.45,2026-10-01,2026-10-01 08:07:38
6533,晶心科,366.5,346.0,366.5,337.0,90.7,77.61,76.9,19.54,8.44,11.1,333.19,263.62,194.06,16654,9115,1.83,190.46,51.93,,,2026-10-01,2026-10-01 08:07:39
6534,正瀚-創,90.8,91.4,91.4,90.1,48.01,37.09,40.0,-0.3,-0.36,0.05,92.54,90.78,89.02,13,24,0.54,91.53,15.16,5.31,5.85,2026-10-01,2026-10-01 08:07:40
6535,順藥,80.9,83.6,83.6,80.6,73.19,65.77,47.77,-0.4,-1.33,0.93,83.8,78.61,73.43,203,247,0.82,135.5,,,,2026-10-01,2026-10-01 08:07:41
6536,碩豐,33.55,33.55,33.55,33.55,23.42,44.85,33.54,-0.64,-0.52,-0.13,36.87,35.26,33.65,0,4,0.11,1.93,159.76,,,2026-10-01,2026-10-01 08:07:43
6538,倉和,369.5,356.0,370.0,351.0,30.2,47.99,53.53,41.64,49.04,-7.41,454.51,356.32,258.14,1609,2495,0.64,137.71,207.58,1.53,0.41,2026-10-01,2026-10-01 08:07:44
6539,麗彤,40.75,40.75,40.75,38.9,88.79,85.05,28.57,0.05,0.09,-0.04,41.26,40.86,40.45,1,0,1.41,9.92,12.9,1.6,3.93,2026-10-01,2026-10-01 08:07:46
6541,泰福-KY,30.25,31.5,31.5,30.1,16.33,19.63,42.53,-1.27,-1.43,0.17,32.58,31.16,29.74,385,482,0.8,80.16,,,,2026-10-01,2026-10-01 08:07:47
6542,隆中,39.9,40.25,40.25,39.9,7.28,11.99,25.74,-1.17,-0.99,-0.18,45.23,42.44,39.66,4,5,0.75,16.36,88.67,0.02,0.05,2026-10-01,2026-10-01 08:07:48
6543,普惠醫工,17.5,17.55,17.65,17.35,40.79,53.47,29.17,-0.06,0.01,-0.07,18.36,17.95,17.55,2,8,0.25,11.12,29.66,0.34,1.94,2026-10-01,2026-10-01 08:07:50
6546,正基,59.7,60.0,60.4,59.4,49.32,40.53,45.0,-0.77,-0.74,-0.03,63.09,60.19,57.3,162,477,0.34,39.91,14.67,2.5,4.19,2026-10-01,2026-10-01 08:07:51
6547,高端疫苗,62.6,62.4,62.7,61.3,72.19,57.04,36.45,1.26,1.49,-0.23,65.7,61.19,56.68,3074,3008,1.02,205.8,42.88,,,2026-10-01,2026-10-01 08:07:53
6548,長科*,71.5,72.7,74.0,70.4,24.47,33.37,49.26,-0.23,-0.22,-0.01,75.06,72.29,69.52,3838,1899,2.02,659.97,31.5,2.25,3.15,2026-10-01,2026-10-01 08:07:54
6549,景凱,6.79,6.51,6.79,6.43,56.95,49.94,44.26,-0.05,-0.06,0.01,7.04,6.79,6.55,121,59,2.03,5.44,,,,2026-10-01,2026-10-01 08:07:56
6550,北極星藥業-KY,17.5,17.8,17.8,17.4,22.94,16.99,15.23,-0.83,-0.74,-0.09,20.67,19.13,17.59,507,710,0.71,81.35,,,,2026-10-01,2026-10-01 08:07:57
6552,易華電,25.1,25.1,25.15,24.9,81.76,75.48,73.02,0.02,-0.19,0.21,25.33,24.12,22.92,27,54,0.51,20.83,4.89,0.2,0.8,2026-10-01,2026-10-01 08:07:59
6555,榮炭,13.0,12.75,13.3,12.75,32.19,25.86,29.52,-0.7,-0.63,-0.06,15.62,13.71,11.8,78,153,0.51,15.5,,,,2026-10-01,2026-10-01 08:08:00
6556,勝品,61.6,60.7,62.1,60.7,76.42,74.54,56.82,-0.0,-0.17,0.17,62.18,61.31,60.43,7,4,1.6,17.71,8.01,3.5,5.68,2026-10-01,2026-10-01 08:08:01
6558,興能高,25.35,25.0,25.45,25.0,69.14,63.06,62.62,-0.04,-0.3,0.26,25.53,24.23,22.92,139,366,0.38,23.78,26.41,0.3,1.18,2026-10-01,2026-10-01 08:08:02
6559,研晶,16.8,19.15,19.15,14.3,63.35,66.77,48.45,0.3,0.11,0.19,18.71,16.78,14.85,304,152,2.0,3.9,19.76,0.2,1.19,2026-10-01,2026-10-01 08:08:04
6560,欣普羅,32.6,32.3,32.8,32.3,25.58,39.48,60.1,0.24,0.2,0.04,35.13,32.14,29.16,28,20,1.41,10.91,22.8,,,2026-10-01,2026-10-01 08:08:05
6561,是方,310.5,308.5,310.5,307.5,33.49,33.74,39.39,-3.45,-2.99,-0.46,325.93,315.07,304.22,54,82,0.66,238.96,20.6,14.3,4.61,2026-10-01,2026-10-01 08:08:07
6563,映智,25.85,24.6,26.9,24.5,79.32,75.85,77.62,0.93,0.25,0.68,26.59,21.71,16.83,175,100,1.74,7.69,,,,2026-10-01,2026-10-01 08:08:09
6564,安特羅,16.2,16.15,16.8,15.85,55.84,62.63,56.86,0.08,0.04,0.04,17.18,16.27,15.35,50,61,0.83,11.69,,,,2026-10-01,2026-10-01 08:08:10
6565,物聯,17.0,16.5,17.1,16.5,39.12,35.54,23.19,-0.2,-0.11,-0.09,19.14,17.64,16.14,8,23,0.34,4.61,11.64,,,2026-10-01,2026-10-01 08:08:12
6568,宏觀,140.0,141.5,142.0,140.0,52.83,64.62,54.79,1.88,1.23,0.66,146.35,138.07,129.8,54,125,0.44,43.11,28.0,2.0,1.43,2026-10-01,2026-10-01 08:08:13
6569,醫揚,91.3,91.2,91.6,91.2,70.29,77.51,56.84,-0.52,-0.88,0.36,92.63,91.17,89.71,9,18,0.5,39.09,19.55,3.0,3.29,2026-10-01,2026-10-01 08:08:15
6570,維田,47.55,47.55,47.65,47.2,35.76,32.05,42.97,-1.24,-1.41,0.17,51.48,48.11,44.74,149,98,1.51,17.65,18.87,1.1,2.31,2026-10-01,2026-10-01 08:08:17
6572,博錸,6.98,7.0,7.18,6.85,44.76,38.48,23.88,-0.17,-0.13,-0.04,8.27,7.34,6.4,108,100,1.07,7.23,,,,2026-10-01,2026-10-01 08:08:18
6573,虹揚-KY,16.3,16.4,16.4,16.2,37.84,36.64,53.03,-0.32,-0.41,0.08,16.98,16.25,15.52,77,112,0.69,13.12,11.24,,,2026-10-01,2026-10-01 08:08:20
6574,霈方,118.5,118.5,118.5,117.5,36.44,42.6,47.62,-0.73,-0.7,-0.03,121.37,119.65,117.93,9,20,0.48,26.06,8.95,3.0,2.53,2026-10-01,2026-10-01 08:08:21
6576,逸達,79.1,79.3,80.0,79.0,15.33,29.66,37.5,-0.21,0.11,-0.33,83.43,81.08,78.72,101,69,1.47,124.61,659.17,,,2026-10-01,2026-10-01 08:08:23
6577,勁豐,80.5,79.7,80.9,79.6,71.89,66.41,73.91,0.01,-0.11,0.12,80.86,79.54,78.21,50,27,1.81,48.35,11.23,5.0,6.21,2026-10-01,2026-10-01 08:08:25
6578,達邦蛋白,16.5,16.5,16.55,16.5,24.91,23.91,21.57,-0.32,-0.23,-0.09,18.44,17.25,16.05,9,66,0.14,11.87,,0.4,2.42,2026-10-01,2026-10-01 08:08:26
6579,研揚,160.5,160.0,160.5,157.5,82.08,76.7,75.56,1.25,-0.29,1.54,159.65,151.12,142.6,225,324,0.69,201.71,16.39,3.75,2.34,2026-10-01,2026-10-01 08:08:27
6580,台睿,15.7,15.9,16.3,15.25,58.05,53.87,69.46,0.57,0.43,0.14,16.35,13.95,11.55,95,98,0.96,17.6,,,,2026-10-01,2026-10-01 08:08:29
6581,鋼聯,108.0,108.0,109.0,108.0,11.32,18.75,25.0,-0.13,0.15,-0.27,111.76,109.47,107.19,14,9,1.52,120.17,14.67,5.3,4.91,2026-10-01,2026-10-01 08:08:30
6582,申豐,31.3,31.2,31.3,31.1,37.41,26.09,39.71,-0.25,-0.24,-0.01,32.19,31.41,30.63,8,50,0.17,33.23,82.37,1.0,3.19,2026-10-01,2026-10-01 08:08:31
6583,友松,11.05,11.05,11.05,11.05,0.13,0.53,0.0,-0.14,-0.15,0.01,11.55,11.16,10.77,0,0,0.0,1.76,8.19,2.0,18.1,2026-09-30,2026-10-01 08:08:32
6584,南俊國際,531.0,540.0,542.0,529.0,14.59,20.35,33.92,-13.61,-9.3,-4.31,643.82,570.75,497.68,287,211,1.36,378.9,50.19,2.44,0.46,2026-10-01,2026-10-01 08:08:34
6585,鼎基,102.5,104.0,104.0,102.0,32.91,45.17,38.46,-2.83,-3.04,0.21,114.05,106.33,98.6,134,85,1.58,73.94,13.54,4.5,4.39,2026-10-01,2026-10-01 08:08:35
6586,醣基,116.0,120.0,121.5,115.5,53.97,43.44,61.36,1.26,-1.27,2.53,119.91,105.1,90.3,862,972,0.89,248.25,,,,2026-10-01,2026-10-01 08:08:36
6588,東典光電,110.0,109.0,112.0,108.0,33.81,42.51,44.79,2.12,3.17,-1.04,120.28,110.7,101.12,1015,1122,0.9,38.17,611.11,,,2026-10-01,2026-10-01 08:08:38
6589,台康生技,52.4,53.3,53.5,52.1,77.18,78.77,61.05,1.07,0.73,0.34,54.68,49.83,44.99,554,767,0.72,156.19,91.93,,,2026-10-01,2026-10-01 08:08:40
6590,普鴻,65.1,65.7,65.7,65.1,21.62,40.1,61.6,2.41,2.51,-0.1,73.17,63.51,53.85,16,21,0.76,18.68,14.34,2.43,3.73,2026-10-01,2026-10-01 08:08:41
6591,動力-KY,43.1,42.9,43.6,42.65,33.05,45.26,52.47,0.03,-0.08,0.11,45.16,42.93,40.7,57,90,0.63,17.72,14.61,4.0,9.28,2026-10-01,2026-10-01 08:08:43
6592,和潤企業,57.0,56.9,57.1,56.6,6.67,6.49,7.32,-0.94,-0.65,-0.29,62.08,59.26,56.45,703,536,1.31,365.85,11.59,3.0,5.26,2026-10-01,2026-10-01 08:08:44
6593,台灣銘板,32.3,31.85,32.35,31.7,79.99,71.41,60.87,-0.01,-0.11,0.1,32.45,31.88,31.32,20,21,0.97,10.29,,0.45,1.39,2026-10-01,2026-10-01 08:08:45
6595,光禹國際,30.2,30.2,30.2,30.2,84.28,80.69,50.82,-0.09,-0.07,-0.02,30.75,30.08,29.41,0,2,0.0,14.79,,0.25,0.83,2026-10-01,2026-10-01 08:08:47
6596,寬宏藝術,97.2,97.4,97.4,96.7,74.85,72.96,64.1,0.94,0.88,0.06,98.31,95.68,93.05,56,71,0.8,36.94,4.87,18.7,19.24,2026-10-01,2026-10-01 08:08:48
6597,立誠,63.0,67.1,67.1,62.0,31.05,38.67,14.79,-1.03,-0.16,-0.86,76.11,70.63,65.16,62,15,3.92,17.87,37.95,1.0,1.59,2026-10-01,2026-10-01 08:08:49
6598,ABC-KY,26.65,26.85,27.2,26.25,20.59,22.73,37.59,-0.22,-0.1,-0.12,28.95,27.68,26.41,265,151,1.75,27.4,,,,2026-10-01,2026-10-01 08:08:51
6599,普達系統,38.7,38.7,38.7,38.7,42.38,56.41,60.0,0.08,0.04,0.03,39.1,38.59,38.07,1,2,0.45,8.13,16.97,2.1,5.43,2026-10-01,2026-10-01 08:08:52
6603,富強鑫,29.8,28.9,30.55,28.75,73.5,68.53,70.64,0.9,0.53,0.37,30.27,26.47,22.66,7481,4315,1.73,49.31,37.72,0.4,1.34,2026-10-01,2026-10-01 08:08:53
6604,儒億,28.35,27.95,28.4,27.85,40.67,38.04,32.0,-0.89,-0.86,-0.03,32.63,29.63,26.63,82,110,0.75,,,1.3,4.59,2026-10-01,2026-10-01 08:08:55
6605,帝寶,139.0,138.0,139.5,136.5,61.03,60.8,60.0,0.42,0.4,0.02,140.36,137.55,134.74,276,171,1.61,230.48,8.7,6.5,4.68,2026-10-01,2026-10-01 08:08:56
6606,建德工業,25.0,25.1,25.1,24.9,37.41,40.13,37.7,-0.25,-0.22,-0.03,26.02,25.29,24.56,35,62,0.56,27.58,17.24,1.03,4.12,2026-10-01,2026-10-01 08:08:57
6609,瀧澤科,39.55,40.35,40.35,39.55,62.29,61.77,47.76,0.09,0.06,0.03,40.54,39.55,38.56,62,59,1.04,28.66,,0.77,1.95,2026-10-01,2026-10-01 08:08:59
6610,安成生技,45.9,45.15,48.75,44.85,48.94,53.56,59.44,3.5,3.28,0.22,49.52,41.65,33.78,1229,2286,0.54,102.62,,,,2026-10-01,2026-10-01 08:09:00
6612,奈米醫材,77.0,71.9,77.2,71.9,83.97,68.02,79.17,1.4,1.13,0.27,74.43,71.33,68.22,125,43,2.86,39.97,42.78,0.3,0.39,2026-10-01,2026-10-01 08:09:01
6613,朋億*,278.5,274.0,281.5,274.0,85.05,79.96,64.0,0.36,-2.3,2.66,277.5,264.62,251.75,407,211,1.93,216.68,16.66,10.0,3.59,2026-10-01,2026-10-01 08:09:03
6614,資拓宏宇,35.3,35.2,35.3,35.2,17.68,23.3,40.91,-0.2,-0.21,0.01,35.97,35.54,35.12,8,22,0.36,28.47,16.57,1.65,4.67,2026-10-01,2026-10-01 08:09:05
6615,慧智,33.5,33.4,33.8,33.35,34.29,45.15,42.86,-0.17,-0.16,-0.01,34.31,33.82,33.32,7,4,1.53,7.23,50.76,0.3,0.9,2026-10-01,2026-10-01 08:09:06
6616,特昇-KY,8.26,8.18,8.27,8.08,47.49,45.08,41.67,-0.08,-0.08,-0.0,8.58,8.32,8.07,14,30,0.47,2.93,,,,2026-10-01,2026-10-01 08:09:07
6617,共信-KY,132.0,138.5,141.0,132.0,34.98,49.88,51.06,6.62,8.07,-1.45,149.13,132.88,116.62,804,708,1.14,159.88,,,,2026-10-01,2026-10-01 08:09:09
6618,永虹先進,3.26,3.44,3.61,2.86,5.88,5.64,17.32,-4.29,-3.63,-0.66,24.14,10.52,-3.11,6858,6825,1.0,3.42,,,,2026-09-30,2026-10-01 08:09:10
6620,漢達,144.5,145.5,154.5,140.5,55.43,52.39,56.54,11.87,11.9,-0.02,156.43,126.95,97.46,9064,4966,1.83,234.85,45.3,2.07,1.43,2026-10-01,2026-10-01 08:09:12
6621,華宇藥,12.35,12.55,12.55,12.2,86.32,81.67,70.27,0.25,0.15,0.11,12.47,11.66,10.84,56,108,0.51,4.38,,,,2026-10-01,2026-10-01 08:09:13
6622,百聿數碼,7.02,7.3,7.3,6.92,80.02,80.24,44.29,-0.04,-0.03,-0.01,7.44,7.18,6.93,41,32,1.28,2.41,,,,2026-10-01,2026-10-01 08:09:15
6624,萬年清,38.0,38.95,38.95,38.0,25.45,23.51,36.76,-0.64,-0.62,-0.03,41.13,39.12,37.12,6,5,1.12,8.58,65.52,0.29,0.76,2026-10-01,2026-10-01 08:09:16
6625,必應,74.0,73.7,74.1,73.7,29.41,31.07,33.87,-0.64,-0.66,0.02,76.54,74.57,72.6,57,60,0.95,42.9,6.98,5.0,6.76,2026-10-01,2026-10-01 08:09:18
6629,泰金-KY,103.5,102.5,103.5,102.5,46.15,47.18,39.29,-1.16,-1.2,0.04,108.32,104.53,100.73,4,6,0.6,39.71,9.27,6.2,5.99,2026-10-01,2026-10-01 08:09:19
6634,欣耀,61.7,61.5,61.9,60.0,75.96,68.03,69.04,0.93,0.17,0.76,64.6,56.45,48.29,113,84,1.34,43.99,,,,2026-10-01,2026-10-01 08:09:20
6637,醫影,53.9,53.7,53.9,53.5,48.53,55.35,44.83,-0.72,-0.78,0.06,56.12,54.52,52.91,27,20,1.38,14.45,9.42,4.5,8.35,2026-10-01,2026-10-01 08:09:22
6638,沅聖,44.85,47.3,47.3,44.65,23.99,35.15,48.87,-0.51,-0.47,-0.05,48.66,46.21,43.75,15,7,2.12,13.45,,1.0,2.23,2026-10-01,2026-10-01 08:09:23
6639,源大環能,3.46,3.79,3.84,3.45,30.02,36.06,41.98,-0.26,-0.26,0.0,4.58,3.91,3.23,196,187,1.05,1.99,,,,2026-10-01,2026-10-01 08:09:25
6640,均華,1110.0,1075.0,1140.0,1075.0,30.03,21.96,41.0,-3.43,11.76,-15.2,1299.12,1139.0,978.88,718,392,1.83,318.34,67.11,15.0,1.35,2026-10-01,2026-10-01 08:09:26
6641,基士德-KY,16.9,16.8,16.9,16.8,33.85,34.22,40.74,-0.17,-0.2,0.02,17.26,17.0,16.74,6,6,0.94,6.17,20.86,0.4,2.37,2026-10-01,2026-10-01 08:09:27
6642,富致,83.0,81.3,84.8,81.3,80.12,70.84,70.71,0.42,-0.21,0.62,83.53,78.66,73.79,378,199,1.9,31.04,22.02,1.8,2.17,2026-10-01,2026-10-01 08:09:29
6643,M31,521.0,555.0,557.0,518.0,80.85,77.63,65.88,25.84,14.64,11.2,542.62,451.23,359.83,2236,2057,1.09,222.01,554.26,1.19,0.23,2026-10-01,2026-10-01 08:09:30
6645,金萬林-創,12.75,12.7,12.75,12.6,48.18,37.35,58.54,-0.09,-0.16,0.06,13.0,12.55,12.11,8,16,0.51,7.7,,,,2026-10-01,2026-10-01 08:09:31
6648,斯其大,14.55,14.1,14.6,14.1,27.39,30.97,45.33,-0.23,-0.2,-0.02,15.64,14.85,14.05,12,25,0.47,8.0,,,,2026-10-01,2026-10-01 08:09:33
6649,台生材,37.2,36.5,37.85,36.5,65.32,60.31,61.15,0.27,0.09,0.19,37.3,35.91,34.52,112,47,2.38,15.62,44.29,1.0,2.69,2026-10-01,2026-10-01 08:09:35
6650,帝圖,26.0,26.0,26.0,26.0,23.41,27.5,21.8,-0.77,-0.38,-0.39,31.51,28.42,25.33,0,10,0.0,8.08,21.31,1.05,4.04,2026-10-01,2026-10-01 08:09:36
6651,全宇昕,147.5,147.0,148.0,146.0,50.93,61.09,57.53,2.07,2.28,-0.2,155.97,146.6,137.23,79,204,0.39,51.04,16.54,4.0,2.71,2026-10-01,2026-10-01 08:09:37
6654,天正國際,210.0,217.0,217.0,208.0,54.08,37.46,52.6,5.0,5.35,-0.34,222.31,205.4,188.49,62,45,1.38,78.25,65.62,,,2026-10-01,2026-10-01 08:09:47
6655,科定,125.0,125.5,125.5,125.0,44.9,51.93,66.67,1.92,1.71,0.22,128.84,121.6,114.36,2,9,0.21,99.13,25.83,6.0,4.8,2026-09-30,2026-10-01 08:09:48
6657,華安,32.6,33.2,33.2,32.1,20.45,24.75,24.68,0.26,0.44,-0.19,37.03,33.16,29.3,63,96,0.65,28.66,,,,2026-10-01,2026-10-01 08:09:49
6658,聯策,181.0,181.0,183.0,178.5,67.99,63.4,56.52,3.36,2.53,0.83,185.52,174.38,163.23,162,269,0.6,69.45,149.59,1.2,0.66,2026-10-01,2026-10-01 08:09:50
6659,天明製藥,20.25,19.95,20.9,19.9,50.05,41.9,47.34,0.13,0.24,-0.11,22.05,20.55,19.04,94,155,0.61,,,,,2026-10-01,2026-10-01 08:09:51
6661,威健生技,16.2,16.2,16.2,16.2,20.65,23.16,48.89,-0.25,-0.26,0.01,17.3,16.41,15.52,0,7,0.0,3.78,,,,2026-09-30,2026-10-01 08:09:53
6662,樂斯科,28.5,28.0,28.5,28.0,51.18,47.85,33.33,-0.11,-0.11,0.0,28.84,28.52,28.2,4,1,2.59,7.3,17.92,1.55,5.44,2026-10-01,2026-10-01 08:09:54
6664,群翊,371.5,380.0,380.0,367.0,75.39,66.9,61.54,4.05,0.19,3.85,377.9,350.8,323.7,366,431,0.85,225.9,22.57,10.14,2.73,2026-10-01,2026-10-01 08:09:56
6665,康聯生醫,17.0,16.45,17.0,16.45,38.17,38.77,36.49,-0.4,-0.38,-0.02,18.3,17.37,16.43,13,10,1.26,7.71,35.42,0.15,0.88,2026-10-01,2026-10-01 08:09:57
6666,羅麗芬-KY,45.95,45.95,45.95,45.95,86.06,80.02,62.96,0.61,0.57,0.04,45.86,44.78,43.69,1,12,0.09,21.77,13.51,2.0,4.35,2026-10-01,2026-10-01 08:09:59
6667,信紘科,261.0,264.5,268.5,260.0,73.96,71.51,59.29,8.09,6.77,1.33,276.94,248.7,220.46,410,313,1.31,139.58,18.01,11.53,4.42,2026-10-01,2026-10-01 08:10:00
6668,中揚光,47.1,47.05,48.45,46.5,47.3,54.39,64.38,2.3,2.23,0.07,51.24,44.53,37.82,2125,2327,0.91,50.45,25.05,,,2026-10-01,2026-10-01 08:10:02
6669,緯穎,2110.0,2095.0,2115.0,2095.0,12.85,12.36,25.29,-28.29,3.46,-31.75,2598.2,2263.5,1928.8,1154,1820,0.63,11727.43,21.53,48.41,2.29,2026-10-01,2026-10-01 08:10:03
6670,復盛應用,271.0,272.0,273.0,270.0,39.08,39.21,31.91,0.49,1.16,-0.67,279.68,274.1,268.52,208,187,1.11,377.74,11.17,16.0,5.9,2026-10-01,2026-10-01 08:10:04
6671,三能-KY,22.85,23.05,23.05,22.75,43.54,48.79,45.71,-0.04,-0.02,-0.02,23.26,22.92,22.59,34,12,2.7,13.88,10.63,1.2,5.25,2026-10-01,2026-10-01 08:10:06
6672,騰輝電子-KY,405.5,376.5,405.5,369.5,92.05,81.5,81.36,23.71,14.99,8.72,372.84,307.98,243.11,18440,10543,1.75,330.97,58.43,3.35,0.83,2026-10-01,2026-10-01 08:10:07
6673,和詮,16.2,16.45,16.55,15.8,66.81,51.61,27.05,0.27,0.3,-0.03,17.66,16.03,14.39,210,168,1.25,4.32,540.0,,,2026-10-01,2026-10-01 08:10:08
6674,鋐寶科技,18.35,18.35,18.35,18.3,89.52,79.64,75.86,0.66,0.42,0.24,18.98,16.7,14.42,183,306,0.6,12.52,,,,2026-10-01,2026-10-01 08:10:09
6676,祥翊,11.45,11.65,11.65,11.2,52.96,32.25,38.78,-0.26,-0.31,0.05,12.15,11.35,10.54,181,198,0.92,19.43,,,,2026-10-01,2026-10-01 08:10:11
6677,瑩碩生技,18.9,18.9,19.0,18.35,38.96,45.61,60.69,0.58,0.56,0.02,20.58,18.12,15.67,9,62,0.15,10.58,,,,2026-10-01,2026-10-01 08:10:12
6679,鈺太,204.5,206.0,208.0,204.0,70.28,67.26,59.26,-1.07,-2.69,1.62,209.81,200.85,191.89,126,221,0.57,108.97,16.14,6.5,3.18,2026-10-01,2026-10-01 08:10:14
6680,鑫創電子,51.5,51.0,51.6,51.0,29.14,45.06,40.43,-0.03,0.28,-0.31,55.85,53.41,50.96,12,5,2.2,12.91,56.59,3.05,5.92,2026-10-01,2026-10-01 08:10:15
6682,華旭先進,39.0,39.0,39.0,37.55,76.67,55.7,41.26,0.13,-0.4,0.54,39.59,35.82,32.06,243,316,0.77,59.32,,,,2026-10-01,2026-10-01 08:10:18
6683,雍智科技,1575.0,1600.0,1640.0,1550.0,49.78,57.6,62.28,75.77,73.15,2.62,1720.41,1478.75,1237.09,1037,877,1.18,433.95,70.25,9.0,0.57,2026-10-01,2026-10-01 08:10:20
6684,安格,50.1,50.6,51.9,50.1,59.18,60.31,69.37,0.73,0.2,0.53,51.72,47.34,42.96,114,113,1.02,22.32,,,,2026-10-01,2026-10-01 08:10:21
6689,伊雲谷,64.2,65.0,65.1,64.1,13.59,21.2,56.25,0.71,0.92,-0.22,69.73,64.13,58.53,142,213,0.67,43.53,29.59,2.0,3.12,2026-10-01,2026-10-01 08:10:22
6690,安碁資訊,177.0,177.0,177.5,175.0,23.34,31.2,63.48,3.61,3.86,-0.25,192.16,173.75,155.34,103,131,0.79,53.1,16.25,9.0,5.08,2026-10-01,2026-10-01 08:10:24
6691,洋基工程,733.0,727.0,748.0,719.0,87.36,80.36,75.0,19.72,8.27,11.46,706.55,635.15,563.75,1742,1220,1.43,972.37,23.49,21.0,2.86,2026-10-01,2026-10-01 08:10:25
6692,進能服,23.05,22.95,23.3,22.95,50.98,47.63,42.11,-0.16,-0.15,-0.01,24.12,23.38,22.63,5,19,0.26,13.36,,0.2,0.87,2026-10-01,2026-10-01 08:10:27
6693,廣閎科,212.5,210.0,219.5,205.0,80.23,77.46,65.48,8.05,3.85,4.2,216.04,187.05,158.06,1964,3846,0.51,95.72,42.25,0.6,0.28,2026-10-01,2026-10-01 08:10:29
6695,芯鼎,55.4,54.9,56.8,54.9,83.43,77.94,78.62,1.13,0.21,0.91,55.1,49.58,44.06,905,737,1.23,59.25,,,,2026-10-01,2026-10-01 08:10:30
6696,仁新,188.0,191.0,195.5,186.0,64.53,66.68,62.91,22.66,23.1,-0.44,218.04,168.1,118.17,5945,8343,0.71,1558.9,,,,2026-10-01,2026-10-01 08:10:32
6697,東捷資訊,41.1,41.2,41.55,41.0,34.04,35.69,58.97,0.12,0.12,0.0,41.84,41.04,40.25,25,23,1.08,11.23,13.52,2.6,6.33,2026-10-01,2026-10-01 08:10:34
6698,旭暉應材,32.25,32.65,32.65,32.2,56.84,53.78,55.56,0.01,-0.22,0.23,33.41,31.92,30.43,198,220,0.9,21.44,,0.49,1.52,2026-10-01,2026-10-01 08:10:35
6703,軒郁,100.5,100.0,100.5,99.8,42.61,42.84,50.0,-0.77,-0.83,0.06,103.21,101.08,98.94,13,22,0.58,36.19,10.69,8.73,8.69,2026-10-01,2026-10-01 08:10:36
6704,國璽幹細胞,23.75,23.55,24.0,22.55,80.81,79.59,77.6,0.92,0.57,0.35,23.58,20.91,18.23,169,316,0.54,25.16,,,,2026-10-01,2026-10-01 08:10:38
6705,振躍精密,98.3,98.0,98.3,98.0,51.48,57.39,44.44,-0.58,-0.35,-0.23,103.33,99.87,96.41,1,10,0.16,17.7,27.31,2.3,2.34,2026-10-01,2026-10-01 08:10:39
6706,惠特,154.5,152.0,160.5,152.0,45.79,50.67,66.31,7.61,7.06,0.55,165.87,139.9,113.93,7030,4513,1.56,121.36,25.71,,,2026-10-01,2026-10-01 08:10:40
6707,富基電通,29.5,29.6,30.0,28.55,39.99,49.36,48.46,0.45,0.59,-0.14,31.26,29.63,28.01,100,70,1.43,20.64,5.81,0.5,1.69,2026-10-01,2026-10-01 08:10:42
6708,天擎,56.8,56.8,56.8,54.9,93.17,82.52,91.13,2.94,1.07,1.87,51.11,40.5,29.89,1499,586,2.56,16.39,183.23,,,2026-10-01,2026-10-01 08:10:43
6709,昱厚生技,24.5,25.0,25.0,23.9,67.16,67.93,50.0,-0.08,-0.12,0.04,25.34,24.54,23.73,37,16,2.24,17.0,,,,2026-10-01,2026-10-01 08:10:44
6712,長聖,162.0,162.0,162.0,160.0,76.77,74.56,60.53,1.88,1.53,0.35,163.13,158.0,152.87,101,188,0.54,162.79,32.93,3.33,2.06,2026-10-01,2026-10-01 08:10:46
6715,嘉基,453.0,445.0,453.0,430.0,77.51,80.54,72.64,23.65,14.25,9.39,502.97,387.35,271.73,531,640,0.83,305.36,302.0,1.93,0.43,2026-10-01,2026-10-01 08:10:47
6716,應廣,117.5,114.5,117.5,113.0,26.16,25.3,47.3,0.03,0.98,-0.95,125.91,118.3,110.69,406,256,1.58,35.53,18.89,1.6,1.36,2026-10-01,2026-10-01 08:10:48
6719,力智,188.0,187.5,191.0,186.5,57.8,50.78,58.21,-3.7,-5.43,1.73,192.26,184.75,177.24,487,430,1.13,198.37,21.58,4.6,2.45,2026-10-01,2026-10-01 08:10:50
6720,久昌,126.5,126.5,127.0,126.0,25.81,32.28,28.57,-1.95,-1.86,-0.09,134.02,129.78,125.53,14,24,0.58,37.86,34.38,3.5,2.77,2026-10-01,2026-10-01 08:10:51
6721,信實,50.2,50.2,50.2,50.2,32.87,43.48,46.34,-0.42,-0.44,0.03,51.47,50.41,49.35,1,4,0.26,11.3,9.98,3.3,6.57,2026-10-01,2026-10-01 08:10:52
6722,輝創,32.5,32.5,32.5,32.0,48.35,47.75,45.07,-0.13,-0.14,0.01,33.24,32.63,32.03,24,13,1.76,28.73,14.77,2.0,6.15,2026-10-01,2026-10-01 08:10:54
6723,傑智環境,31.65,33.0,33.0,31.35,16.29,20.7,41.95,-0.93,-0.68,-0.25,36.97,33.67,30.36,34,17,1.98,9.51,12.41,2.5,7.9,2026-10-01,2026-10-01 08:10:55
6725,矽科宏晟,221.0,219.0,222.5,218.0,43.39,41.34,44.76,-5.06,-7.01,1.95,230.91,218.38,205.84,117,54,2.17,82.06,15.67,7.0,3.17,2026-10-01,2026-10-01 08:10:56
6727,亞泰金屬,488.0,488.0,496.5,481.5,46.55,37.66,44.57,3.16,7.56,-4.4,564.89,502.07,439.26,654,1113,0.59,131.19,45.74,4.5,0.92,2026-10-01,2026-10-01 08:10:58
6728,上洋,109.0,109.0,109.0,108.0,90.33,81.04,60.0,0.52,0.5,0.02,109.13,107.88,106.62,28,24,1.18,32.83,12.18,6.5,5.96,2026-10-01,2026-10-01 08:10:59
6729,機光科技,61.0,60.4,61.0,58.0,81.14,78.36,71.86,4.07,3.34,0.73,63.28,53.25,43.21,43,60,0.73,16.87,105.17,1.0,1.64,2026-10-01,2026-10-01 08:11:01
6730,常廣,32.2,32.4,32.4,31.8,65.55,62.87,54.55,-0.34,-0.45,0.1,32.91,32.14,31.37,7,7,0.92,11.69,16.26,1.5,4.66,2026-10-01,2026-10-01 08:11:02
6732,昇佳電子,152.0,151.5,152.5,151.5,75.2,71.78,64.52,-1.02,-2.11,1.09,153.23,148.53,143.82,56,50,1.11,74.35,22.0,5.5,3.62,2026-10-01,2026-10-01 08:11:03
6733,博晟生醫,24.95,24.95,25.15,24.95,16.9,22.29,34.43,-0.26,-0.19,-0.07,26.97,25.59,24.22,22,50,0.45,33.51,,,,2026-10-01,2026-10-01 08:11:05
6734,安盛生,5.26,5.26,5.26,5.01,21.4,16.9,52.09,-0.29,-0.25,-0.04,6.8,5.62,4.43,48,50,0.97,2.18,,,,2026-10-01,2026-10-01 08:11:06
6735,美達科技,66.8,69.9,69.9,66.5,67.98,61.95,69.6,0.28,-0.55,0.83,67.32,62.85,58.37,70,86,0.81,30.85,47.71,0.7,1.05,2026-10-01,2026-10-01 08:11:08
6737,秀育,28.0,27.55,28.5,26.6,81.23,89.47,76.85,0.3,0.05,0.25,30.64,26.97,23.29,29,15,1.91,16.77,25.45,1.6,5.71,2026-10-01,2026-10-01 08:11:09
6738,鼎��,77.0,76.9,77.5,75.3,52.33,49.02,27.08,-0.03,0.31,-0.35,80.32,78.28,76.24,7,150,0.05,28.58,,,,2026-10-01,2026-10-01 08:11:11
6739,竹陞科技,1105.0,1130.0,1140.0,1100.0,43.86,35.14,43.07,7.75,13.17,-5.42,1264.71,1129.0,993.29,153,194,0.79,257.23,46.74,13.0,1.18,2026-10-01,2026-10-01 08:11:12
6741,91APP*-KY,55.6,55.1,55.9,55.1,10.16,13.86,24.36,-0.65,-0.16,-0.49,61.71,58.13,54.55,97,186,0.52,61.66,11.66,2.05,3.69,2026-10-01,2026-10-01 08:11:14
6742,澤米,55.6,56.9,58.2,55.1,76.84,75.56,74.19,2.7,1.83,0.87,58.92,49.23,39.53,966,1902,0.51,39.2,,0.3,0.54,2026-10-01,2026-10-01 08:11:15
6743,安普新,33.5,32.0,33.5,31.8,89.4,85.0,91.51,1.18,0.88,0.31,32.21,29.72,27.23,1117,682,1.64,49.41,30.18,3.0,8.96,2026-10-01,2026-10-01 08:11:16
6744,豐技生技,14.4,14.4,14.4,14.4,2.79,9.29,43.59,-0.03,0.01,-0.04,15.26,14.57,13.87,3,0,3.75,2.22,22.5,0.84,5.83,2026-10-01,2026-10-01 08:11:18
6748,亞果生醫,212.0,213.0,217.0,204.0,54.89,63.34,62.54,10.18,7.98,2.2,240.35,196.05,151.75,359,915,0.39,151.97,,,,2026-10-01,2026-10-01 08:11:19
6750,泰創工程,56.0,56.2,56.5,55.0,39.83,36.53,28.74,-0.31,-0.01,-0.3,60.94,57.62,54.29,112,84,1.33,25.04,12.67,3.5,6.25,2026-10-01,2026-10-01 08:11:20
6751,智聯服務,44.0,44.15,44.15,44.0,77.82,80.01,75.23,0.71,0.46,0.25,45.11,42.49,39.87,4,9,0.43,9.77,7.67,3.0,6.82,2026-10-01,2026-10-01 08:11:22
6752,叡揚,96.2,95.5,96.2,95.2,15.44,14.73,46.62,-0.09,-0.01,-0.08,98.26,96.47,94.68,8,10,0.8,36.8,14.49,4.37,4.54,2026-10-01,2026-10-01 08:11:23
6753,龍德造船,133.0,133.5,133.5,132.0,44.5,39.6,43.75,-1.49,-1.54,0.06,138.61,134.15,129.69,249,326,0.76,155.95,12.93,1.25,0.94,2026-10-01,2026-10-01 08:11:24
6754,匯僑設計,41.0,41.6,41.65,41.0,33.36,42.04,33.67,-0.18,-0.1,-0.07,42.89,41.82,40.76,16,11,1.45,27.06,12.42,3.5,8.54,2026-10-01,2026-10-01 08:11:25
6755,連鋐科技,11.45,11.45,11.45,11.45,51.86,54.36,55.22,-0.23,-0.36,0.13,11.84,11.2,10.56,3,21,0.14,4.56,,,,2026-10-01,2026-10-01 08:11:27
6756,威鋒電子,98.0,99.4,101.5,98.0,57.09,54.64,45.64,-0.15,-0.31,0.16,102.65,98.02,93.39,118,93,1.27,68.59,56.0,0.9,0.92,2026-10-01,2026-10-01 08:11:28
6757,台灣虎航,53.4,53.9,53.9,53.4,44.84,47.25,36.84,-0.53,-0.53,0.0,56.13,54.26,52.39,330,501,0.66,245.39,9.4,2.42,4.53,2026-10-01,2026-10-01 08:11:29
6758,冠亞,30.8,30.8,30.8,30.8,57.98,58.9,63.33,0.4,0.4,-0.0,31.7,30.25,28.8,0,1,0.49,4.15,44.0,1.0,3.25,2026-10-01,2026-10-01 08:11:31
6761,穩得,164.5,164.0,166.5,163.5,40.2,34.63,30.77,-3.18,-2.82,-0.37,185.59,168.9,152.21,144,98,1.47,57.5,22.05,6.0,3.65,2026-10-01,2026-10-01 08:11:32
6762,達亞,156.0,156.0,156.0,156.0,16.33,30.09,7.14,-2.29,-1.79,-0.5,169.68,162.57,155.47,2,2,1.21,57.61,325.0,0.5,0.32,2026-10-01,2026-10-01 08:11:34
6763,綠界科技*,41.2,41.25,41.7,41.2,32.41,44.84,55.0,-0.12,-0.19,0.07,41.76,41.13,40.5,88,95,0.93,75.82,10.0,3.0,7.28,2026-10-01,2026-10-01 08:11:35
6767,台微醫,24.6,23.8,24.6,23.8,62.73,63.0,51.52,-0.1,-0.09,-0.01,25.57,24.74,23.91,15,5,2.78,9.64,,,,2026-10-01,2026-10-01 08:11:37
6768,志強-KY,63.3,63.0,63.4,62.5,65.87,57.08,49.21,-0.76,-1.03,0.27,64.41,62.87,61.33,106,100,1.06,126.66,13.0,5.16,8.15,2026-10-01,2026-10-01 08:11:38
6770,力積電,74.5,74.4,74.9,73.3,80.13,73.12,54.47,1.17,0.93,0.24,76.02,71.65,67.28,92580,100675,0.92,3546.23,25.6,0.23,0.31,2026-10-01,2026-10-01 08:11:39
6771,平和環保-創,43.0,42.6,43.1,42.5,69.96,60.82,76.79,0.38,0.39,-0.01,42.81,42.02,41.23,59,31,1.87,13.13,16.17,3.2,7.44,2026-10-01,2026-10-01 08:11:41
6775,穎台科技,41.5,42.0,42.85,41.4,58.23,53.54,52.83,1.64,1.72,-0.08,43.79,40.61,37.43,254,331,0.77,45.44,,,,2026-10-01,2026-10-01 08:11:43
6776,展碁國際,52.8,52.8,52.8,52.2,78.23,68.57,51.35,-0.2,-0.32,0.12,53.3,52.36,51.41,59,58,1.02,48.35,11.53,3.0,5.68,2026-10-01,2026-10-01 08:11:44
6780,學習王,39.9,39.9,39.9,39.9,46.99,49.53,56.67,-0.03,-0.04,0.01,40.12,39.9,39.69,3,2,1.25,6.49,28.3,1.3,3.26,2026-10-01,2026-10-01 08:11:45
6781,AES-KY,1025.0,1020.0,1025.0,1010.0,66.39,51.38,37.8,-15.59,-16.68,1.09,1108.62,1031.3,953.98,173,198,0.87,875.54,24.28,19.1,1.86,2026-10-01,2026-10-01 08:11:47
6782,視陽,237.5,242.0,242.0,236.0,50.82,56.85,51.45,5.14,6.22,-1.08,248.49,235.12,221.76,242,201,1.2,149.62,14.46,8.4,3.54,2026-10-01,2026-10-01 08:11:48
6784,天凱科技,18.45,18.45,18.45,17.65,32.86,39.25,52.76,-0.07,-0.16,0.08,19.89,18.39,16.89,3,13,0.23,3.52,49.86,0.3,1.63,2026-10-01,2026-10-01 08:11:49
6785,昱展新藥,95.3,95.3,96.0,95.0,22.5,34.65,51.19,-0.4,-0.63,0.22,101.95,95.49,89.04,31,38,0.83,63.66,,0.1,0.1,2026-10-01,2026-10-01 08:11:51
6786,芯測,50.2,50.3,52.1,50.0,37.39,38.57,51.83,-1.31,-1.53,0.23,54.48,51.27,48.06,62,75,0.83,15.48,,,,2026-10-01,2026-10-01 08:11:52
6787,晶瑞光,26.2,26.8,27.1,25.9,35.04,35.26,37.61,-1.09,-1.15,0.06,30.49,27.72,24.95,568,339,1.68,22.98,,,,2026-10-01,2026-10-01 08:11:54
6788,華景電,346.5,351.0,353.0,344.5,76.52,65.89,49.67,-3.08,-5.28,2.2,366.44,340.93,315.41,161,132,1.22,134.23,18.06,15.0,4.33,2026-10-01,2026-10-01 08:11:55
6789,采鈺,489.0,496.5,505.0,482.0,77.08,67.74,55.06,6.78,2.27,4.51,500.59,462.6,424.61,1576,1289,1.22,1556.48,93.32,3.0,0.61,2026-10-01,2026-10-01 08:11:56
6790,永豐實,37.65,37.8,37.8,37.55,27.94,29.6,40.63,-0.11,-0.1,-0.01,38.17,37.86,37.54,127,91,1.39,100.57,12.26,2.65,7.04,2026-10-01,2026-10-01 08:11:57
6791,虎門科技,100.5,100.5,100.5,100.0,37.38,30.23,55.47,-0.35,-0.42,0.08,101.55,99.83,98.12,5,6,0.88,20.95,21.25,3.5,3.48,2026-10-01,2026-10-01 08:11:59
6792,詠業,59.0,59.0,59.5,58.7,45.02,46.06,48.75,0.13,0.17,-0.05,60.4,59.17,57.95,13,17,0.74,27.66,21.3,2.5,4.24,2026-10-01,2026-10-01 08:12:00
6793,天力離岸,6.59,6.08,6.63,6.08,68.0,62.22,70.47,0.21,0.17,0.03,6.86,6.02,5.17,189,157,1.21,4.98,,,,2026-10-01,2026-10-01 08:12:02
6794,向榮生技,73.2,70.8,73.2,70.2,32.55,36.71,34.86,-0.68,-0.28,-0.4,77.92,74.88,71.83,20,27,0.73,46.58,,,,2026-10-01,2026-10-01 08:12:03
6796,晉弘,53.1,54.0,54.0,53.1,66.62,48.12,40.0,-1.8,-2.01,0.21,60.44,53.6,46.76,18,23,0.8,21.36,136.15,0.25,0.47,2026-10-01,2026-10-01 08:12:04
6797,圓點奈米,11.55,11.5,11.55,11.05,66.51,62.63,50.0,-0.2,-0.28,0.07,11.96,11.39,10.82,8,59,0.14,3.47,,,,2026-10-01,2026-10-01 08:12:05
6798,展逸,63.8,63.3,63.8,63.3,62.24,58.26,44.76,0.61,0.98,-0.37,66.24,64.25,62.25,5,6,0.81,12.49,46.23,1.0,1.57,2026-10-01,2026-10-01 08:12:07
6799,來頡,92.2,91.8,93.7,91.5,85.59,78.51,78.64,2.42,1.0,1.42,92.2,82.78,73.37,324,424,0.77,40.0,18.15,2.5,2.71,2026-10-01,2026-10-01 08:12:08
6803,崑鼎,267.0,268.5,268.5,266.0,37.07,24.8,37.5,-0.95,-0.82,-0.13,271.98,268.43,264.87,41,43,0.95,194.36,14.42,15.78,5.91,2026-10-01,2026-10-01 08:12:09
6804,明係,18.35,18.45,18.5,18.35,67.5,61.28,55.0,0.0,-0.0,0.0,18.53,18.22,17.91,26,42,0.62,8.72,,0.5,2.72,2026-10-01,2026-10-01 08:12:11
6805,富世達,2390.0,2475.0,2510.0,2335.0,60.47,65.09,54.38,143.34,138.68,4.67,2632.38,2274.25,1916.12,2089,1773,1.18,1638.44,51.24,12.5,0.52,2026-10-01,2026-10-01 08:12:12
6807,峰源-KY,32.3,31.9,32.35,31.6,42.26,40.33,34.43,-0.62,-0.6,-0.02,34.28,33.0,31.72,15,8,1.75,17.44,11.06,2.5,7.74,2026-10-01,2026-10-01 08:12:20
6808,三鼎生技,33.75,33.0,34.55,32.85,87.74,81.51,69.5,-0.28,-0.79,0.52,33.51,31.45,29.4,135,108,1.25,25.98,198.53,0.13,0.39,2026-10-01,2026-10-01 08:12:22
6810,新穎生醫,20.45,20.0,20.5,20.0,53.9,47.74,40.86,-0.39,-0.42,0.04,21.76,20.78,19.79,28,33,0.83,10.11,,,,2026-10-01,2026-10-01 08:12:23
6811,宏碁資訊,243.5,240.5,244.0,238.0,24.18,38.34,61.45,4.73,5.23,-0.5,266.88,238.43,209.97,166,236,0.7,100.93,15.25,10.5,4.31,2026-10-01,2026-10-01 08:12:24
6812,梭特,59.3,54.8,61.2,54.8,33.97,25.36,50.7,-0.09,0.12,-0.21,62.34,58.57,54.79,144,56,2.55,18.14,,,,2026-10-01,2026-10-01 08:12:26
6814,路迦生醫,18.9,18.8,18.9,17.95,41.72,47.41,56.25,-0.57,-0.78,0.22,19.34,18.51,17.68,16,28,0.56,7.91,,,,2026-10-01,2026-10-01 08:12:28
6815,晶鑽生醫,22.8,22.55,22.9,22.55,54.54,60.33,40.26,-0.42,-0.52,0.1,23.98,23.14,22.31,17,11,1.56,9.0,,0.2,0.88,2026-10-01,2026-10-01 08:12:29
6816,捷智商訊,35.6,34.1,35.6,34.1,72.69,68.79,48.48,-0.16,-0.16,0.01,36.44,35.5,34.56,7,9,0.71,4.34,11.99,2.3,6.46,2026-10-01,2026-10-01 08:12:31
6817,溫士頓,47.6,47.7,47.7,47.0,90.94,81.99,69.74,-0.6,-1.47,0.87,47.38,43.81,40.25,7,14,0.52,8.77,10.62,5.0,10.5,2026-10-01,2026-10-01 08:12:32
6818,連騰,47.85,45.95,47.85,44.6,93.85,84.65,69.48,0.17,-0.66,0.82,46.93,42.79,38.65,10,18,0.55,12.2,35.71,1.0,2.09,2026-10-01,2026-10-01 08:12:34
6819,眾智,60.3,61.6,61.6,59.1,20.88,37.88,43.4,4.39,5.82,-1.42,78.86,61.99,45.12,145,302,0.48,21.69,64.15,,,2026-10-01,2026-10-01 08:12:35
6820,連訊,360.5,358.0,360.5,350.0,67.59,64.96,56.46,13.41,12.21,1.2,386.08,340.27,294.47,65,81,0.8,80.07,156.74,0.3,0.08,2026-10-01,2026-10-01 08:12:36
6821,聯寶,42.25,43.5,43.5,41.8,61.83,53.4,62.28,-0.22,-0.54,0.32,42.69,41.0,39.31,74,72,1.02,13.16,26.24,1.09,2.58,2026-10-01,2026-10-01 08:12:38
6823,濾能,60.7,61.1,62.4,60.7,54.28,64.67,48.78,-0.36,-0.71,0.35,62.1,60.04,57.99,12,61,0.21,20.14,,,,2026-10-01,2026-10-01 08:12:39
6825,和暢科技,40.4,42.0,42.0,39.85,78.03,73.07,68.49,0.92,0.11,0.8,40.67,35.67,30.68,95,119,0.8,15.89,17.96,0.45,1.11,2026-10-01,2026-10-01 08:12:41
6826,和淞,462.5,488.0,488.0,459.0,73.23,70.7,57.56,-1.0,-7.12,6.12,469.66,438.95,408.24,117,114,1.02,395.62,14.61,14.0,3.03,2026-10-01,2026-10-01 08:12:42
6827,巨生醫,13.25,13.0,13.4,13.0,83.54,80.38,80.22,0.71,0.5,0.21,13.77,11.63,9.48,162,275,0.59,10.51,,,,2026-10-01,2026-10-01 08:12:43
6829,千附精密,205.0,208.0,208.0,204.0,13.49,17.55,24.74,-4.69,-1.95,-2.74,258.38,223.62,188.87,498,452,1.1,121.3,38.39,3.5,1.71,2026-10-01,2026-10-01 08:12:45
6830,汎銓,531.0,535.0,542.0,530.0,32.38,34.89,38.5,11.19,18.68,-7.49,606.97,555.84,504.72,791,805,0.98,290.27,1966.67,1.0,0.19,2026-10-01,2026-10-01 08:12:47
6831,邁科,474.5,474.0,490.5,472.0,7.45,9.74,23.06,-32.99,-29.09,-3.9,616.93,536.77,456.62,701,802,0.87,321.28,79.88,3.0,0.63,2026-10-01,2026-10-01 08:12:48
6832,金鼎科,72.3,66.0,72.3,65.0,71.74,56.44,61.88,-0.5,-1.03,0.54,70.74,66.17,61.59,48,17,2.75,19.09,19.7,1.6,2.21,2026-10-01,2026-10-01 08:12:49
6833,太康精密,21.0,20.95,21.9,20.95,29.37,44.98,12.5,-0.3,-0.2,-0.1,23.04,22.02,21.0,14,8,1.64,10.5,,,,2026-10-01,2026-10-01 08:12:50
6834,天二科技,119.5,110.0,119.5,110.0,72.06,66.73,65.09,4.99,3.67,1.32,122.27,104.39,86.52,9595,5262,1.82,105.72,51.96,0.4,0.33,2026-10-01,2026-10-01 08:12:51
6835,圓裕,31.15,31.15,31.3,31.0,63.9,65.74,50.62,-0.0,-0.07,0.07,31.76,30.97,30.17,14,14,1.01,20.47,115.37,1.01,3.24,2026-10-01,2026-10-01 08:12:53
6838,台新藥,25.8,25.8,25.9,25.4,70.85,66.39,66.37,0.57,0.35,0.22,26.21,24.37,22.53,147,406,0.36,38.95,,,,2026-10-01,2026-10-01 08:12:54
6839,開陽能源,12.3,12.25,12.45,12.05,81.73,70.91,58.18,0.06,-0.03,0.09,12.31,11.75,11.19,36,34,1.05,9.99,,,,2026-10-01,2026-10-01 08:12:56
6840,東研信超,99.3,97.6,99.6,96.4,47.92,56.76,55.07,4.9,5.62,-0.71,109.12,96.81,84.5,341,271,1.26,30.55,46.19,1.0,1.01,2026-10-01,2026-10-01 08:12:58
6841,長佳智能,57.0,58.9,59.3,56.8,78.92,76.68,65.35,0.49,-0.13,0.63,57.08,53.72,50.37,611,453,1.35,53.84,82.61,1.0,1.75,2026-10-01,2026-10-01 08:12:59
6842,一元素,75.0,74.2,75.6,74.2,78.47,68.33,60.47,1.4,1.17,0.23,74.7,72.28,69.86,51,70,0.74,18.21,21.01,1.99,2.65,2026-10-01,2026-10-01 08:13:01
6843,進典,38.45,39.25,39.25,38.0,32.59,41.62,56.67,-0.09,-0.09,-0.0,39.45,38.52,37.59,14,6,2.06,12.81,21.36,2.0,5.2,2026-10-01,2026-10-01 08:13:02
6844,諾貝兒,57.4,57.5,57.5,56.8,58.7,41.27,29.51,-0.86,-0.83,-0.03,61.14,58.47,55.8,11,11,1.02,21.48,17.5,4.0,6.97,2026-10-01,2026-10-01 08:13:03
6846,綠茵,58.4,59.2,59.2,58.0,50.22,59.0,48.48,-0.13,-0.19,0.07,59.64,58.49,57.35,6,4,1.42,15.81,15.09,3.94,6.75,2026-10-01,2026-10-01 08:13:05
6847,普瑞博,72.6,68.8,72.6,68.8,65.67,60.26,45.77,-0.95,-1.15,0.19,76.51,72.85,69.19,43,32,1.32,12.51,,,,2026-10-01,2026-10-01 08:13:06
6848,拉法醫,21.35,21.35,21.45,20.7,74.03,54.43,42.25,0.24,0.31,-0.07,23.01,21.2,19.39,19,9,1.96,3.05,15.36,5.03,23.56,2026-10-01,2026-10-01 08:13:08
6849,奇鼎科技,184.0,189.0,189.0,181.5,41.87,41.01,47.37,9.6,10.33,-0.72,210.25,177.2,144.15,215,233,0.93,77.13,1415.38,,,2026-10-01,2026-10-01 08:13:10
6850,光鼎生技,31.3,31.0,31.3,31.0,19.62,24.99,41.3,-0.44,-0.3,-0.15,34.11,32.55,31.0,6,12,0.47,10.36,120.38,0.5,1.6,2026-09-30,2026-10-01 08:13:11
6854,錼創科技-KY創,93.7,94.6,95.6,92.4,52.79,49.76,59.17,-0.41,-0.95,0.54,97.34,91.87,86.4,207,174,1.19,109.7,57.48,,,2026-10-01,2026-10-01 08:13:13
6855,數泓科,116.0,111.0,116.0,110.5,83.99,63.37,41.67,-0.18,-0.27,0.09,121.17,115.67,110.18,8,4,2.0,26.97,11.79,5.5,4.74,2026-09-30,2026-10-01 08:13:14
6856,鑫傳,41.05,41.1,41.55,41.05,33.61,39.07,45.45,-0.28,-0.35,0.07,42.74,41.7,40.66,10,9,1.09,11.58,13.64,3.0,7.31,2026-10-01,2026-10-01 08:13:15
6857,宏�硒撢�,90.9,90.9,90.9,90.9,93.47,93.05,90.91,-0.01,-0.09,0.08,91.67,90.69,89.71,0,0,0.1,13.84,,,,2026-10-01,2026-10-01 08:13:17
6858,愛比科技,22.4,22.4,22.4,22.4,79.15,72.15,64.71,0.09,-0.04,0.13,22.58,21.74,20.9,1,11,0.09,6.1,,,,2026-10-01,2026-10-01 08:13:18
6859,伯特光,120.5,119.5,121.5,119.5,35.03,41.84,55.77,2.85,2.94,-0.09,124.68,117.7,110.72,26,38,0.7,50.11,42.73,2.0,1.66,2026-10-01,2026-10-01 08:13:20
6861,睿生光電,292.0,317.5,324.5,288.0,85.25,85.48,76.3,23.07,13.48,9.59,313.89,230.95,148.01,5524,3904,1.41,121.47,45.41,2.0,0.68,2026-10-01,2026-10-01 08:13:21
6862,三集瑞-KY,142.0,139.0,147.0,139.0,62.49,55.8,57.75,-0.6,-1.76,1.17,145.08,136.7,128.32,341,130,2.62,71.0,21.04,5.0,3.52,2026-10-01,2026-10-01 08:13:22
6863,永道-KY,95.5,95.7,96.0,95.0,51.12,54.81,39.11,-3.36,-3.83,0.47,106.64,97.8,88.96,53,57,0.92,71.52,33.63,1.5,1.57,2026-10-01,2026-10-01 08:13:23
6864,元樟生技,56.4,51.0,62.5,50.4,63.59,55.55,71.76,1.99,1.82,0.17,60.76,50.39,40.01,243,74,3.29,21.36,,,,2026-10-01,2026-10-01 08:13:25
6865,偉康科技,27.65,28.1,28.3,27.65,66.2,64.35,59.89,0.63,0.46,0.16,29.15,26.77,24.38,21,29,0.73,4.29,,1.4,5.06,2026-10-01,2026-10-01 08:13:26
6867,坦德科技,24.75,24.55,24.75,23.75,42.97,38.63,25.37,-0.2,-0.0,-0.19,28.0,25.91,23.83,6,11,0.52,6.06,15.47,4.29,17.33,2026-10-01,2026-10-01 08:13:28
6868,采威國際,27.35,26.3,27.35,26.3,61.82,59.66,62.5,-0.09,-0.1,0.0,30.38,27.3,24.23,11,7,1.41,6.85,,1.2,4.39,2026-09-30,2026-10-01 08:13:30
6869,雲豹能源,69.4,72.5,72.5,69.4,67.28,68.21,67.81,1.17,0.6,0.57,72.68,66.79,60.9,491,553,0.89,92.57,6.78,2.0,2.88,2026-10-01,2026-10-01 08:13:31
6870,騰雲,314.5,324.0,324.5,314.5,59.78,67.08,58.47,13.93,14.07,-0.14,340.96,308.65,276.34,86,331,0.26,88.05,43.68,3.21,1.02,2026-10-01,2026-10-01 08:13:33
6872,浩宇生醫,23.0,24.05,24.05,23.0,50.54,48.99,45.03,1.65,1.75,-0.11,27.64,22.2,16.77,175,228,0.77,16.27,,,,2026-10-01,2026-10-01 08:13:34
6873,泓德能源,67.9,68.4,68.8,67.6,31.46,40.42,45.16,-0.6,-0.76,0.16,70.08,68.49,66.9,192,219,0.87,94.9,73.01,2.54,3.74,2026-10-01,2026-10-01 08:13:36
6874,倍力,70.4,70.0,71.3,69.9,51.86,41.77,64.06,0.08,-0.04,0.12,71.59,69.46,67.32,13,13,1.0,16.73,19.72,3.0,4.26,2026-10-01,2026-10-01 08:13:37
6875,國邑*,31.3,29.95,31.3,29.95,17.07,27.09,45.88,-0.37,-0.24,-0.13,34.48,32.48,30.47,253,179,1.41,40.43,,,,2026-10-01,2026-10-01 08:13:39
6876,朗齊生醫*,15.8,15.5,16.0,15.45,59.34,61.96,39.47,0.85,0.79,0.06,18.63,15.22,11.81,111,205,0.54,11.14,,,,2026-10-01,2026-10-01 08:13:40
6877,鏵友益,138.5,138.5,138.5,138.5,88.03,78.83,70.19,3.1,0.78,2.32,133.64,118.58,103.51,164,85,1.92,65.05,,0.5,0.36,2026-10-01,2026-10-01 08:13:42
6878,歐付寶,21.05,21.6,21.6,20.25,71.26,68.71,53.38,0.02,-0.07,0.09,22.15,20.8,19.45,23,19,1.21,15.29,,,,2026-10-01,2026-10-01 08:13:43
6879,大江基因,34.7,34.7,34.7,34.7,49.31,55.52,30.0,-0.04,0.1,-0.14,36.62,35.59,34.55,0,1,0.01,9.18,18.26,2.0,5.76,2026-10-01,2026-10-01 08:13:45
6881,潤德,215.0,215.0,215.0,214.5,73.9,71.92,57.14,0.85,0.93,-0.08,216.85,214.0,211.15,6,2,2.17,32.25,10.54,18.5,8.6,2026-10-01,2026-10-01 08:13:46
6882,甲尚,13.75,13.25,13.75,13.1,79.42,62.08,54.55,-0.3,-0.43,0.14,13.86,13.04,12.23,14,36,0.38,3.19,,0.5,3.64,2026-10-01,2026-10-01 08:13:48
6884,海柏特,31.4,30.6,31.4,30.6,43.64,53.01,54.49,0.18,0.14,0.04,32.63,30.85,29.08,7,5,1.21,5.77,15.62,1.5,4.78,2026-10-01,2026-10-01 08:13:50
6885,全福生技,31.5,31.7,32.15,31.15,75.53,75.18,69.02,2.34,2.14,0.2,33.82,28.1,22.38,726,1249,0.58,41.91,,,,2026-10-01,2026-10-01 08:13:51
6886,遠東生技,42.5,40.6,42.6,40.6,64.62,50.81,47.86,0.04,0.02,0.02,43.34,41.85,40.35,1,1,0.81,14.87,23.88,0.5,1.18,2026-10-01,2026-10-01 08:13:52
6887,寶綠特-KY,37.95,37.65,38.8,37.6,41.23,50.42,49.68,0.33,0.39,-0.05,39.28,37.98,36.69,10,17,0.58,28.15,8.57,2.42,6.38,2026-10-01,2026-10-01 08:13:53
6890,來億-KY,148.5,147.5,150.0,147.5,45.02,32.04,33.33,-5.43,-5.84,0.4,170.09,153.28,136.46,152,101,1.51,371.69,14.47,8.97,6.04,2026-10-01,2026-10-01 08:13:54
6891,樂迦再生,42.45,42.0,43.35,40.35,61.21,47.49,67.89,0.05,-0.3,0.35,41.46,39.23,36.99,680,319,2.13,85.17,,,,2026-10-01,2026-10-01 08:13:56
6892,台寶生醫,26.35,25.9,26.4,25.9,47.71,45.5,51.85,0.25,0.27,-0.02,27.45,26.16,24.86,87,71,1.23,24.4,,,,2026-10-01,2026-10-01 08:13:57
6894,衛司特,360.0,361.5,363.5,358.5,36.53,50.16,63.41,5.6,5.83,-0.23,376.17,357.77,339.38,29,33,0.87,85.68,22.93,8.5,2.36,2026-10-01,2026-10-01 08:13:58
6895,宏碩系統,151.0,151.5,152.0,143.0,73.23,51.96,44.07,2.0,2.6,-0.6,160.86,149.25,137.64,27,19,1.41,51.49,302.0,2.9,1.92,2026-10-01,2026-10-01 08:14:00
6898,程曦資訊,90.4,90.0,90.4,87.5,85.37,78.49,67.51,2.6,1.86,0.73,91.01,84.02,77.03,56,75,0.75,26.23,15.19,5.3,5.86,2026-10-01,2026-10-01 08:14:01
6899,創為精密,49.5,49.4,49.5,49.3,20.25,26.18,47.06,-0.21,-0.24,0.04,50.56,49.72,48.89,11,11,1.0,20.74,11.2,2.8,5.66,2026-10-01,2026-10-01 08:14:03
6901,鑽石投資,16.65,16.85,17.3,16.55,81.98,83.98,69.62,0.07,-0.19,0.26,16.84,15.47,14.11,2763,3211,0.86,142.0,4.85,,,2026-10-01,2026-10-01 08:14:04
6902,GOGOLOOK,155.0,160.5,160.5,155.0,66.57,75.47,65.7,9.75,7.04,2.71,177.82,139.55,101.28,390,823,0.47,55.1,31.83,,,2026-10-01,2026-10-01 08:14:05
6903,巨漢,316.0,318.0,327.0,315.5,69.0,63.38,50.0,-1.66,-4.22,2.56,321.55,305.68,289.8,414,311,1.33,208.08,14.39,8.5,2.69,2026-10-01,2026-10-01 08:14:06
6904,伯鑫,123.0,123.0,123.0,123.0,65.79,46.79,50.0,-0.5,-0.49,-0.01,125.84,122.22,118.61,1,0,1.67,22.76,16.21,5.0,4.07,2026-09-30,2026-10-01 08:14:08
6906,現觀科,84.0,84.4,84.4,83.0,67.1,57.59,56.73,1.78,1.89,-0.11,86.75,82.49,78.23,41,38,1.07,27.08,35.44,1.8,2.14,2026-10-01,2026-10-01 08:14:09
6907,雅特力-KY,198.5,190.5,202.0,190.0,62.23,49.28,52.24,0.76,-0.14,0.89,202.18,186.22,170.27,2987,1013,2.95,,,1.0,0.5,2026-10-01,2026-10-01 08:14:10
6908,宏碁遊戲-創,27.5,26.6,29.3,26.6,15.44,12.44,32.19,-1.0,-0.79,-0.21,31.93,29.64,27.35,174,108,1.6,10.22,23.91,1.24,4.51,2026-10-01,2026-10-01 08:14:12
6909,創控,42.75,43.25,43.25,42.05,54.13,50.66,60.38,0.2,-0.02,0.23,43.77,41.41,39.04,159,199,0.8,28.85,30.98,1.0,2.34,2026-10-01,2026-10-01 08:14:13
6910,德鴻,26.8,26.95,27.2,26.6,83.96,79.14,73.4,0.44,0.23,0.2,26.78,25.38,23.98,27,19,1.4,8.18,13.81,1.75,6.53,2026-10-01,2026-10-01 08:14:14
6911,群運,28.2,28.4,28.4,27.95,32.46,37.23,29.31,-0.3,-0.24,-0.05,29.84,28.78,27.72,16,32,0.5,6.32,33.18,2.0,7.09,2026-10-01,2026-10-01 08:14:16
6912,益鈞環科*,10.95,10.55,11.05,10.55,42.45,40.08,33.33,-0.33,-0.27,-0.06,12.44,11.47,10.51,51,75,0.68,18.08,,,,2026-10-01,2026-10-01 08:14:17
6913,鴻呈,129.0,129.5,129.5,127.0,45.35,46.44,44.44,-3.3,-3.04,-0.25,149.16,132.15,115.14,96,115,0.84,,14.73,2.5,1.94,2026-10-01,2026-10-01 08:14:19
6914,阜爾運通,118.0,119.0,119.0,118.0,21.5,39.71,28.57,0.06,0.48,-0.42,122.51,120.47,118.44,73,46,1.58,93.78,14.23,6.0,5.08,2026-10-01,2026-10-01 08:14:20
6915,美強光,44.25,44.25,44.25,42.2,49.67,55.52,46.21,0.57,0.69,-0.12,49.61,44.74,39.86,5,23,0.21,15.62,,,,2026-10-01,2026-10-01 08:14:22
6916,華凌,18.5,18.55,18.9,18.5,40.37,34.71,40.98,-0.07,-0.12,0.05,19.04,18.43,17.81,13,23,0.57,12.49,,0.28,1.51,2026-10-01,2026-10-01 08:14:23
6917,竟天,34.6,35.0,35.35,34.4,11.68,23.68,49.54,0.65,0.95,-0.3,39.97,35.21,30.45,218,273,0.8,21.2,,,,2026-10-01,2026-10-01 08:14:24
6918,愛派司,73.9,74.3,74.9,73.9,23.87,31.6,31.18,-0.16,0.04,-0.2,78.39,75.18,71.97,31,20,1.56,25.18,13.03,5.0,6.77,2026-10-01,2026-10-01 08:14:25
6919,康霈*,79.1,79.4,80.7,79.0,9.55,21.23,42.79,-4.73,-5.11,0.37,87.93,82.34,76.75,2740,4003,0.68,1231.1,14.73,,,2026-10-01,2026-10-01 08:14:27
6920,恆勁科技,105.0,108.5,108.5,102.5,69.06,70.13,58.97,4.74,4.1,0.65,107.17,97.36,87.56,1380,2289,0.6,217.58,,,,2026-10-01,2026-10-01 08:14:28
6921,嘉雨思-創,66.4,66.9,67.0,66.4,68.26,62.94,54.83,0.38,-0.18,0.57,69.53,63.94,58.35,11,32,0.34,21.42,,,,2026-10-01,2026-10-01 08:14:30
6922,宸曜,221.0,225.0,225.0,218.0,80.9,73.56,68.15,5.73,2.51,3.22,227.18,200.6,174.02,87,223,0.39,60.01,23.49,4.83,2.19,2026-10-01,2026-10-01 08:14:31
6923,中台,75.0,76.3,76.3,74.5,16.91,26.58,39.71,-0.25,-0.12,-0.13,77.2,75.95,74.7,39,60,0.65,67.83,18.43,3.03,4.04,2026-10-01,2026-10-01 08:14:32
6924,榮惠-KY創,134.0,133.0,136.0,132.0,53.35,60.6,62.17,5.51,5.75,-0.24,146.2,129.15,112.1,20,18,1.12,27.64,16.22,8.5,6.34,2026-10-01,2026-10-01 08:14:33
6925,意藍,72.1,73.8,80.0,72.1,82.72,82.54,76.17,5.02,2.89,2.14,74.97,57.71,40.46,943,1215,0.78,14.42,24.61,2.0,2.77,2026-10-01,2026-10-01 08:14:35
6926,聖安生醫,65.9,66.0,66.0,64.2,92.03,87.26,71.64,0.33,0.09,0.24,65.3,63.67,62.03,3,9,0.31,32.82,,,,2026-10-01,2026-10-01 08:14:36
6927,聯合聚晶,69.0,69.3,69.3,67.0,51.62,41.41,27.01,-1.1,-0.99,-0.11,75.86,70.72,65.58,40,19,2.04,26.41,575.0,0.25,0.36,2026-10-01,2026-10-01 08:14:38
6928,攸泰科技,46.5,46.0,46.5,45.7,44.85,41.5,40.32,-0.66,-0.65,-0.0,49.02,46.94,44.86,57,34,1.68,39.99,,0.5,1.08,2026-10-01,2026-10-01 08:14:40
6929,佑全,21.8,22.1,22.1,21.8,70.87,69.53,37.68,-0.27,-0.27,0.01,23.32,22.16,21.0,4,5,0.8,9.83,,,,2026-09-30,2026-10-01 08:14:41
6931,青松健康,38.9,38.9,39.1,38.9,16.43,20.6,27.42,-0.45,-0.35,-0.1,41.39,39.67,37.94,34,31,1.1,25.73,10.32,1.08,2.78,2026-10-01,2026-10-01 08:14:43
6932,水星生醫*,6.07,6.09,6.1,5.96,37.77,43.9,64.66,0.13,0.14,-0.01,6.94,5.92,4.9,284,223,1.28,25.96,,,,2026-10-01,2026-10-01 08:14:44
6933,AMAX-KY,394.5,370.0,404.5,369.5,82.42,76.24,61.55,36.38,34.08,2.3,392.67,334.12,275.58,3162,3377,0.94,167.21,49.94,2.5,0.63,2026-10-01,2026-10-01 08:14:45
6934,心誠鎂,75.2,75.4,76.7,75.2,31.57,31.41,45.51,0.27,0.21,0.06,78.18,74.95,71.72,54,61,0.88,27.17,,,,2026-10-01,2026-10-01 08:14:46
6935,王子製藥,28.45,28.5,28.5,27.2,88.2,81.71,33.33,-0.13,-0.17,0.05,29.06,28.52,27.99,0,3,0.05,13.49,8.2,0.5,1.76,2026-10-01,2026-10-01 08:14:48
6936,永鴻生技,32.0,31.8,32.0,31.8,47.19,40.26,34.09,-0.13,-0.12,-0.01,33.08,32.15,31.21,2,7,0.27,23.3,14.1,1.51,4.72,2026-10-01,2026-10-01 08:14:49
6937,天虹,301.5,310.5,312.5,300.0,65.48,66.61,57.55,7.27,6.51,0.76,312.03,293.48,274.92,515,679,0.76,203.44,66.56,1.4,0.46,2026-10-01,2026-10-01 08:14:50
6938,藍新資訊,94.2,95.0,95.0,91.6,80.78,79.59,49.38,-0.21,-0.48,0.27,96.68,93.81,90.93,20,8,2.44,11.84,14.12,5.0,5.31,2026-10-01,2026-10-01 08:14:52
6939,啟弘生技,19.5,19.5,19.5,19.5,57.42,58.75,52.11,-0.02,-0.03,0.01,20.74,19.59,18.43,1,15,0.06,6.9,,,,2026-10-01,2026-10-01 08:14:54
6940,格斯科技*,17.8,19.0,19.0,17.55,61.2,44.01,53.33,-0.79,-1.14,0.35,20.87,17.27,13.67,1145,3309,0.35,57.05,,,,2026-10-01,2026-10-01 08:14:55
6944,兆聯實業,800.0,776.0,807.0,776.0,85.17,76.45,77.42,12.8,0.66,12.14,785.34,718.95,652.56,651,485,1.34,797.55,25.55,17.0,2.12,2026-10-01,2026-10-01 08:14:57
6945,圓祥生技,143.0,147.5,148.0,142.5,92.87,93.98,90.61,11.58,8.33,3.25,156.82,116.8,76.77,552,448,1.23,139.47,,,,2026-10-01,2026-10-01 08:14:59
6946,三地能源,9.39,8.94,9.39,8.93,42.51,44.12,60.87,-0.11,-0.14,0.03,9.64,9.3,8.95,13,12,1.1,30.4,,,,2026-10-01,2026-10-01 08:15:00
6947,台鎔科技,68.5,67.7,68.9,67.5,43.93,35.4,40.51,-1.18,-1.54,0.36,70.36,68.25,66.15,194,161,1.21,72.7,34.42,0.53,0.77,2026-10-01,2026-10-01 08:15:02
6949,沛爾生醫*-創,49.4,50.0,50.8,49.0,15.76,18.92,40.14,-184.38,-213.54,29.15,74.32,57.06,39.81,2138,2721,0.79,647.54,,,,2026-10-01,2026-10-01 08:15:03
6951,青新-創,69.4,69.3,69.5,69.3,10.79,8.21,30.56,-0.55,-0.48,-0.07,71.89,70.14,68.39,19,18,1.07,31.92,12.76,3.54,5.1,2026-10-01,2026-10-01 08:15:04
6952,大武山,38.8,38.75,38.8,38.75,45.25,44.08,47.92,0.31,0.39,-0.08,39.9,38.63,37.37,5,5,0.9,26.13,30.79,2.0,5.15,2026-10-01,2026-10-01 08:15:05
6953,家碩,252.5,245.0,255.0,243.5,76.24,62.88,53.91,3.68,2.53,1.15,250.84,237.25,223.66,100,37,2.68,75.79,26.08,6.0,2.38,2026-10-01,2026-10-01 08:15:07
6955,邦睿生技-創,95.2,94.6,95.2,94.6,50.66,36.35,34.78,-1.22,-0.94,-0.29,102.36,97.35,92.34,7,4,1.65,29.19,27.12,1.5,1.58,2026-10-01,2026-10-01 08:15:08
6957,裕慶-KY,384.0,400.0,400.0,364.0,92.93,91.4,94.07,35.16,22.12,13.05,371.97,267.23,162.48,1907,795,2.4,210.54,33.39,9.1,2.37,2026-10-01,2026-10-01 08:15:10
6958,日盛台駿,17.5,17.2,17.5,17.2,40.71,40.61,51.02,-0.0,0.01,-0.01,17.75,17.4,17.04,9,24,0.39,73.75,,0.2,1.14,2026-10-01,2026-10-01 08:15:11
6959,兆捷科技,131.0,130.0,133.0,129.0,67.73,75.26,73.68,5.62,4.26,1.36,138.82,120.5,102.18,75,192,0.39,51.31,,,,2026-10-01,2026-10-01 08:15:12
6961,旅天下,47.65,48.1,48.1,47.65,35.93,24.39,25.97,-0.9,-0.91,0.0,50.76,48.68,46.59,7,21,0.35,12.79,17.71,5.0,10.49,2026-10-01,2026-10-01 08:15:14
6962,奕力-KY,33.15,32.75,33.35,32.65,82.78,71.58,71.58,0.15,-0.1,0.25,32.86,31.44,30.02,2746,1594,1.72,163.23,21.39,1.0,3.02,2026-10-01,2026-10-01 08:15:15
6963,品元,26.7,26.7,26.7,26.7,99.62,98.24,79.31,0.59,0.46,0.13,27.68,25.47,23.26,0,0,,4.55,,,,2026-09-30,2026-10-01 08:15:16
6965,中傑-KY,63.2,62.8,63.2,62.5,12.46,18.39,15.58,-2.62,-1.99,-0.63,76.98,70.01,63.03,47,85,0.56,98.82,114.91,5.0,7.91,2026-10-01,2026-10-01 08:15:17
6967,汎瑋材料,71.5,71.2,72.4,70.5,80.62,69.72,75.23,-0.49,-1.14,0.65,72.17,67.31,62.45,200,144,1.39,21.38,14.07,3.55,4.97,2026-10-01,2026-10-01 08:15:19
6968,萬達寵物,41.45,41.45,41.45,41.2,46.28,53.51,20.0,-0.04,-0.02,-0.02,41.81,41.6,41.38,45,29,1.52,20.91,16.65,1.3,3.14,2026-10-01,2026-10-01 08:15:20
6969,成信實業*-創,30.45,31.3,31.3,30.2,16.08,17.82,26.04,-0.58,-0.23,-0.34,35.9,32.89,29.87,161,158,1.02,13.35,276.82,,,2026-10-01,2026-10-01 08:15:21
6971,惠民實業,23.3,23.55,23.55,23.2,9.68,14.52,11.36,-0.32,-0.2,-0.12,25.45,24.34,23.23,8,10,0.8,9.01,9.83,,,2026-10-01,2026-10-01 08:15:23
6972,博瑞達應材,22.3,22.8,22.8,21.8,42.41,54.19,34.21,-0.3,-0.21,-0.09,24.19,23.25,22.3,3,5,0.63,,,,,2026-10-01,2026-10-01 08:15:25
6973,永立榮,56.8,58.8,59.2,56.5,35.57,50.03,63.29,4.61,4.82,-0.21,68.48,54.04,39.6,245,140,1.75,22.61,,,,2026-10-01,2026-10-01 08:15:26
6976,育世博-KY,12.8,12.95,12.95,12.65,31.49,38.53,53.33,0.17,0.18,-0.01,13.52,12.71,11.89,262,399,0.66,74.61,,,,2026-10-01,2026-10-01 08:15:28
6977,聯純,197.0,200.0,202.5,196.0,28.66,46.14,46.23,4.96,6.55,-1.59,224.11,202.2,180.29,76,44,1.73,32.16,19.9,6.0,3.05,2026-10-01,2026-10-01 08:15:29
6979,勝釩,77.0,81.8,81.8,76.0,15.99,20.06,10.45,-8.95,-8.57,-0.37,120.63,95.16,69.68,11,19,0.6,9.24,12.03,,,2026-10-01,2026-10-01 08:15:30
6980,鐳洋科技,122.0,125.5,125.5,120.5,32.24,28.54,35.48,0.49,0.64,-0.16,128.83,123.05,117.27,61,85,0.71,36.5,43.88,,,2026-10-01,2026-10-01 08:15:32
6982,大井泵浦,44.7,44.5,45.2,44.4,50.23,37.65,46.43,-1.04,-1.17,0.13,47.82,44.9,41.97,21,18,1.12,18.25,,1.6,3.58,2026-10-01,2026-10-01 08:15:33
6983,華洋精機,353.0,351.5,364.0,350.0,38.97,37.18,52.11,5.57,6.73,-1.16,356.88,349.62,342.37,90,41,2.18,63.61,79.33,3.0,0.85,2026-10-01,2026-10-01 08:15:35
6984,ACPAY,15.2,15.05,15.75,15.05,16.76,26.16,12.5,-0.27,-0.2,-0.07,16.57,15.75,14.94,4,1,2.24,2.92,,,,2026-10-01,2026-10-01 08:15:36
6986,和迅,44.0,44.9,44.9,43.9,66.91,63.99,70.44,0.4,-0.04,0.44,45.88,42.17,38.46,180,113,1.59,22.94,18.64,0.19,0.43,2026-10-01,2026-10-01 08:15:38
6987,寶晶能源*,22.35,22.5,22.6,22.35,90.96,86.98,89.47,0.72,0.56,0.17,22.29,20.58,18.88,107,156,0.69,50.17,21.08,0.9,4.03,2026-10-01,2026-10-01 08:15:39
6988,威力暘-創,11.65,11.55,11.65,11.4,36.72,37.62,37.93,-0.1,-0.1,-0.0,12.3,11.82,11.34,94,136,0.69,5.29,,0.45,3.86,2026-10-01,2026-10-01 08:15:40
6990,華鉬,159.0,163.5,163.5,156.5,36.1,45.77,51.94,-0.83,-1.05,0.22,168.6,158.5,148.4,284,353,0.8,101.91,57.19,0.3,0.19,2026-10-01,2026-10-01 08:15:42
6994,富威電力,29.15,26.5,29.15,26.5,51.74,33.65,33.78,-2.3,-2.43,0.13,37.61,30.05,22.49,991,470,2.11,21.09,5.39,0.95,3.26,2026-10-01,2026-10-01 08:15:43
6995,野獸國,57.0,54.8,57.0,54.8,42.9,33.87,50.0,-0.21,-0.03,-0.19,58.77,56.74,54.71,1,5,0.21,15.39,18.33,0.07,0.12,2026-10-01,2026-10-01 08:15:45
6996,力領科技,169.5,169.5,170.0,169.0,45.46,51.43,47.92,-2.29,-2.42,0.13,183.92,172.05,160.18,17,21,0.81,71.17,11.29,10.0,5.9,2026-10-01,2026-10-01 08:15:46
6997,博弘,67.0,67.0,67.0,67.0,26.98,26.69,44.32,-0.31,-0.3,-0.01,69.07,67.65,66.24,1,7,0.13,14.81,33.33,4.6,6.87,2026-09-30,2026-10-01 08:15:47
6999,瀚醫生技,28.2,28.2,28.2,28.2,68.53,60.42,38.18,-0.04,-0.06,0.01,28.99,28.21,27.44,0,0,0.42,6.52,29.38,0.5,1.77,2026-09-30,2026-10-01 08:15:49
7402,邑錡,100.5,102.0,102.0,100.0,27.63,23.69,43.36,-1.94,-2.15,0.22,105.52,101.32,97.12,120,149,0.81,35.46,,0.5,0.5,2026-10-01,2026-10-01 08:15:51
7547,碩網,64.1,65.1,68.0,64.0,85.33,79.84,85.11,3.01,1.25,1.76,64.13,52.95,41.77,239,324,0.74,21.77,20.81,1.78,2.78,2026-10-01,2026-10-01 08:15:52
7556,意德士,262.5,268.0,268.0,261.0,73.3,73.14,56.52,5.55,4.4,1.15,270.97,252.93,234.88,28,42,0.66,72.75,34.0,4.04,1.54,2026-10-01,2026-10-01 08:15:53
7584,樂意,28.6,28.6,28.6,28.6,73.69,68.94,62.36,0.6,0.52,0.07,29.3,27.56,25.81,7,5,1.21,4.77,,0.04,0.14,2026-10-01,2026-10-01 08:15:55
7610,聯友金屬-創,1780.0,1730.0,1820.0,1705.0,36.61,42.55,37.24,9.86,23.44,-13.59,2125.55,1833.75,1541.95,525,530,0.99,1215.84,60.79,0.42,0.02,2026-10-01,2026-10-01 08:15:56
7631,聚賢研發-創,145.5,144.0,153.5,142.5,59.02,53.27,53.94,-0.3,-0.92,0.62,146.94,139.34,131.74,276,100,2.76,29.31,13.59,3.2,2.2,2026-10-01,2026-10-01 08:15:57
7642,昶瑞機電,68.2,68.5,68.5,67.4,15.47,16.95,25.67,-2.31,-2.07,-0.24,78.78,72.1,65.41,8,20,0.41,34.1,32.17,3.0,4.4,2026-10-01,2026-10-01 08:15:58
7689,大鵬科CLMX,161.0,159.5,161.0,158.5,44.95,41.73,45.1,-4.68,-5.74,1.06,174.27,161.75,149.23,59,42,1.41,94.2,13.53,5.5,3.42,2026-10-01,2026-10-01 08:15:59
7703,銳澤,205.0,204.5,207.0,203.5,64.2,56.28,49.3,4.58,4.63,-0.06,211.86,198.28,184.69,91,73,1.24,71.23,27.55,7.0,3.41,2026-10-01,2026-10-01 08:16:01
7704,明遠精密,61.2,61.6,61.7,61.0,40.37,45.25,50.62,0.09,0.12,-0.03,62.82,61.19,59.55,28,31,0.89,20.67,19.07,1.8,2.94,2026-10-01,2026-10-01 08:16:03
7705,三商餐飲,29.7,29.8,29.8,29.7,14.96,25.29,40.0,-0.15,-0.15,-0.0,30.13,29.91,29.68,21,25,0.83,19.62,12.22,1.6,5.39,2026-10-01,2026-10-01 08:16:04
7708,全家餐飲,92.2,92.1,92.2,92.0,30.14,27.43,48.15,0.1,0.11,-0.01,92.37,91.94,91.51,16,13,1.25,23.51,12.29,5.5,5.97,2026-10-01,2026-10-01 08:16:05
7709,榮田,85.8,88.0,88.1,85.3,46.24,50.0,41.34,2.98,3.04,-0.06,95.05,83.89,72.73,82,159,0.52,33.55,22.88,1.5,1.75,2026-10-01,2026-10-01 08:16:07
7711,永擎,616.0,561.0,616.0,551.0,80.33,68.4,50.84,22.31,24.25,-1.94,661.69,564.25,466.81,1892,847,2.23,441.38,26.62,8.99,1.46,2026-10-01,2026-10-01 08:16:08
7712,博盛半導體,169.0,163.0,169.5,163.0,72.1,69.54,68.75,3.83,2.62,1.21,167.77,155.72,143.68,369,334,1.1,55.03,24.53,4.0,2.37,2026-10-01,2026-10-01 08:16:09
7713,威力德生醫,74.3,74.4,74.4,74.3,59.25,53.87,52.94,0.47,0.54,-0.07,74.84,73.96,73.07,2,5,0.38,33.79,13.84,4.1,5.52,2026-10-01,2026-10-01 08:16:11
7714,創泓科技,169.5,173.5,173.5,169.0,30.07,32.67,56.47,0.72,1.45,-0.73,185.02,168.07,151.13,330,278,1.19,35.6,21.98,5.0,2.95,2026-10-01,2026-10-01 08:16:13
7715,裕山,28.35,28.75,28.75,28.3,42.69,40.77,47.32,-0.74,-0.93,0.19,29.33,28.2,27.07,33,65,0.51,9.29,19.96,1.8,6.35,2026-10-01,2026-10-01 08:16:14
7716,昱臺國際,23.95,24.05,24.05,23.5,87.27,82.05,56.67,-0.01,-0.08,0.07,24.23,23.69,23.15,6,3,2.0,5.39,13.84,1.7,7.1,2026-10-01,2026-10-01 08:16:15
7717,萊德光電-KY,551.0,599.0,600.0,547.0,60.13,73.75,56.65,40.55,38.42,2.13,657.99,528.12,398.26,1131,856,1.32,136.82,74.76,3.29,0.6,2026-10-01,2026-10-01 08:16:17
7718,友鋮,46.0,45.8,46.05,45.8,28.88,24.97,42.03,-0.29,-0.31,0.03,47.13,46.23,45.34,9,16,0.56,20.96,8.13,2.5,5.43,2026-10-01,2026-10-01 08:16:18
7721,微程式,61.9,62.3,62.3,61.7,63.06,65.94,45.67,0.04,-0.25,0.29,63.82,60.9,57.98,30,32,0.95,34.27,68.78,1.0,1.62,2026-10-01,2026-10-01 08:16:20
7722,LINEPAY,260.0,261.0,261.0,259.5,25.21,25.98,32.35,-5.62,-5.47,-0.15,280.3,266.25,252.2,26,35,0.74,185.64,33.59,1.43,0.55,2026-10-01,2026-10-01 08:16:22
7723,築間,18.25,18.4,18.4,18.25,11.84,12.85,35.85,-0.31,-0.29,-0.02,19.52,18.73,17.95,5,33,0.16,8.5,,,,2026-10-01,2026-10-01 08:16:23
7728,光焱科技,649.0,685.0,714.0,647.0,50.3,36.71,54.87,3.1,-0.0,3.11,673.77,621.35,568.93,152,79,1.92,90.81,102.37,4.95,0.76,2026-10-01,2026-10-01 08:16:25
7730,暉盛-創,194.5,180.0,197.0,180.0,73.8,58.86,70.97,3.7,2.63,1.07,189.52,175.43,161.33,443,133,3.33,75.15,111.78,1.0,0.51,2026-10-01,2026-10-01 08:16:26
7732,金興精密,33.2,33.15,33.2,33.15,41.6,52.84,31.71,-0.28,-0.22,-0.06,34.93,33.98,33.03,6,8,0.73,20.81,17.57,1.5,4.52,2026-10-01,2026-10-01 08:16:27
7734,印能科技,2795.0,2705.0,2900.0,2680.0,60.58,52.33,43.02,-73.28,-102.15,28.87,2999.24,2699.25,2399.26,413,210,1.96,775.61,57.94,19.85,0.71,2026-10-01,2026-10-01 08:16:28
7736,虎山,68.7,68.6,69.0,68.6,21.49,24.62,42.11,-0.32,-0.32,-0.0,70.13,69.01,67.9,58,32,1.79,51.92,12.36,3.8,5.53,2026-10-01,2026-10-01 08:16:29
7738,東聯互動,156.0,155.5,156.5,155.0,19.03,19.77,28.57,-1.22,-0.31,-0.91,169.58,161.34,153.09,11,14,0.8,33.32,10.54,10.0,6.41,2026-10-01,2026-10-01 08:16:31
7740,熙特爾-創,102.5,106.5,108.0,102.0,7.64,11.18,14.12,-8.34,-6.37,-1.97,141.65,121.42,101.2,168,293,0.57,61.5,14.16,2.05,2.0,2026-10-01,2026-10-01 08:16:32
7743,金利食安,25.0,24.75,25.0,24.5,73.64,79.08,77.98,1.06,0.97,0.08,26.35,23.43,20.51,15,50,0.3,9.12,21.55,0.5,2.0,2026-10-01,2026-10-01 08:16:34
7744,崴寶,537.0,531.0,538.0,519.0,73.02,68.8,52.48,11.33,11.44,-0.11,564.42,522.02,479.63,71,81,0.87,172.25,23.54,7.0,1.3,2026-10-01,2026-10-01 08:16:36
7747,昕奇雲端,111.5,111.5,111.5,111.5,21.51,29.39,47.62,-0.61,-0.46,-0.15,114.88,112.92,110.97,301,62,4.81,33.64,25.51,3.0,2.69,2026-10-01,2026-10-01 08:16:37
7749,意騰-KY,401.5,395.0,408.0,390.0,75.97,74.24,70.35,9.14,4.79,4.35,405.62,368.7,331.78,283,321,0.88,186.64,27.75,9.0,2.24,2026-10-01,2026-10-01 08:16:38
7750,新代,1895.0,1940.0,1940.0,1890.0,28.81,31.05,16.81,-91.61,-82.58,-9.03,2432.26,2063.75,1695.24,97,97,1.0,1358.92,32.28,16.0,0.84,2026-10-01,2026-10-01 08:16:39
7751,竑騰,1630.0,1615.0,1650.0,1570.0,84.56,71.04,51.54,12.75,-1.55,14.3,1670.74,1499.75,1328.76,110,163,0.68,438.28,62.19,18.0,1.1,2026-10-01,2026-10-01 08:16:41
7753,星亞,35.7,35.3,36.0,35.25,35.77,26.81,35.38,-0.46,-0.51,0.05,36.78,35.96,35.15,16,14,1.14,8.93,8.17,1.5,4.2,2026-10-01,2026-10-01 08:16:42
7757,金色三麥,89.2,90.3,90.3,89.1,39.31,39.13,47.06,0.05,-0.14,0.2,90.95,89.09,87.24,16,29,0.55,21.5,10.62,7.75,8.69,2026-10-01,2026-10-01 08:16:44
7760,享溫馨,32.5,32.55,32.7,32.5,69.03,73.66,45.56,-0.12,-0.12,0.0,33.47,32.9,32.34,42,36,1.19,20.98,48.51,2.0,6.15,2026-10-01,2026-10-01 08:16:45
7765,中華資安,236.5,238.5,238.5,235.0,43.09,45.62,62.5,4.01,3.61,0.4,251.19,231.12,211.06,69,99,0.7,96.21,20.37,9.67,4.09,2026-10-01,2026-10-01 08:16:46
7767,仁大資訊,46.3,46.35,46.35,46.3,36.04,37.15,64.44,0.31,0.25,0.06,47.38,45.78,44.17,2,12,0.17,13.94,9.71,3.0,6.48,2026-09-30,2026-10-01 08:16:48
7768,頌勝科技,301.0,299.5,304.0,289.0,77.92,71.76,62.56,5.1,1.37,3.73,314.46,281.32,248.19,120,111,1.09,210.9,63.24,3.5,1.16,2026-10-01,2026-10-01 08:16:49
7769,鴻勁,5490.0,5570.0,5650.0,5435.0,9.55,13.53,24.05,-184.08,-95.82,-88.25,6932.15,6111.0,5289.85,486,747,0.65,9878.16,54.5,64.99,1.18,2026-10-01,2026-10-01 08:16:50
7770,君曜,41.45,41.8,41.8,41.4,84.95,86.87,68.02,1.06,0.45,0.6,43.27,38.11,32.96,10,14,0.68,12.46,15.18,2.0,4.83,2026-10-01,2026-10-01 08:16:51
7772,耀穎,184.0,181.0,184.0,176.0,75.32,78.26,73.08,21.26,17.67,3.59,203.27,143.68,84.08,159,659,0.24,,,1.5,0.82,2026-10-01,2026-10-01 08:16:53
7777,能率亞洲,38.25,38.0,38.75,37.4,52.31,31.97,50.29,-0.54,-0.75,0.21,39.36,36.96,34.56,2962,1504,1.97,77.5,30.85,0.02,0.05,2026-10-01,2026-10-01 08:16:54
7780,大研生醫*,16.15,16.25,16.25,16.0,31.73,30.92,36.11,-0.16,-0.17,0.0,16.89,16.35,15.82,862,599,1.44,130.1,161.5,1.34,8.3,2026-10-01,2026-10-01 08:16:55
7782,光速火箭,25.15,25.15,25.15,25.15,33.83,36.93,37.5,-0.21,-0.16,-0.05,26.49,25.66,24.82,1,1,0.56,5.81,11.08,5.03,20.0,2026-10-01,2026-10-01 08:16:57
7786,東方風能,118.5,118.0,119.0,117.5,67.9,71.42,57.14,-0.44,-0.85,0.42,121.28,117.28,113.27,77,77,1.01,208.51,10.74,5.6,4.73,2026-10-01,2026-10-01 08:16:58
7788,松川精密,290.5,299.0,300.0,285.0,46.16,46.14,32.56,3.49,6.12,-2.62,327.93,298.02,268.12,2524,1132,2.23,231.66,34.14,2.0,0.69,2026-10-01,2026-10-01 08:16:59
7791,皇家可口,54.8,55.1,55.1,54.7,24.64,34.56,40.0,-0.57,-0.64,0.07,56.7,55.62,54.55,58,26,2.23,43.84,12.99,3.81,6.95,2026-10-01,2026-10-01 08:17:00
7792,安葆,421.0,416.0,430.5,410.0,80.65,80.76,77.59,37.49,29.06,8.43,442.77,346.18,249.58,371,1523,0.24,196.45,36.77,8.0,1.9,2026-10-01,2026-10-01 08:17:02
7794,宏碁智新,30.3,30.35,30.35,30.0,20.03,18.12,21.05,0.24,0.41,-0.17,33.25,30.77,28.29,39,18,2.19,,11.48,,,2026-10-01,2026-10-01 08:17:03
7795,長廣,536.0,490.5,536.0,483.0,60.86,43.93,47.04,-2.34,-3.32,0.97,554.47,504.1,453.73,1889,910,2.08,422.52,223.33,2.15,0.4,2026-10-01,2026-10-01 08:17:04
7799,禾榮科,555.0,555.0,574.0,544.0,77.96,77.83,77.76,41.36,32.66,8.7,583.82,451.27,318.73,2194,1848,1.19,878.26,85.73,,,2026-10-01,2026-10-01 08:17:05
7803,雲象科技-創,17.8,17.95,17.95,17.55,18.6,25.84,34.04,-0.48,-0.4,-0.08,20.03,18.77,17.5,40,64,0.62,,,,,2026-10-01,2026-10-01 08:17:06
7805,威聯通,490.0,492.0,492.0,489.5,17.57,24.66,33.05,-4.47,-3.23,-1.24,518.17,501.85,485.53,47,33,1.43,194.77,11.93,38.0,7.76,2026-10-01,2026-10-01 08:17:08
7810,捷創科技,235.0,236.0,242.0,235.0,70.01,66.65,59.09,6.05,5.32,0.73,235.32,222.38,209.43,219,225,0.98,47.59,25.71,5.0,2.13,2026-10-01,2026-10-01 08:17:09
7811,民盛,73.5,73.5,73.5,73.5,91.12,77.28,42.86,0.25,0.23,0.02,74.42,73.19,71.97,5,6,0.83,24.53,10.05,5.67,7.71,2026-10-01,2026-10-01 08:17:11
7812,稜研科技*-創,64.5,66.7,66.7,64.0,10.15,22.16,24.76,-1.94,-0.37,-1.57,86.13,76.05,65.98,292,188,1.55,41.54,,,,2026-10-01,2026-10-01 08:17:12
7814,海昌生技,28.4,28.25,28.6,28.25,29.68,22.37,37.04,-0.55,-0.64,0.1,29.51,28.67,27.84,16,19,0.84,12.78,202.86,,,2026-10-01,2026-10-01 08:17:13
7818,溢泰實業,60.1,60.0,60.1,59.7,59.82,56.02,51.72,-0.3,-0.37,0.07,60.82,60.23,59.63,55,45,1.22,99.13,11.65,2.04,3.39,2026-10-01,2026-10-01 08:17:15
7819,精誠金融,33.7,33.8,33.8,33.7,19.58,23.71,37.21,-0.37,-0.36,-0.01,35.93,34.53,33.13,13,15,0.84,8.51,17.55,1.74,5.16,2026-10-01,2026-10-01 08:17:16
7820,立盈,110.0,108.5,110.0,106.5,76.53,58.13,33.33,-2.05,-2.19,0.14,121.19,110.8,100.41,10,13,0.74,41.54,46.61,1.5,1.36,2026-10-01,2026-10-01 08:17:17
7821,神數,35.85,35.8,36.0,35.6,8.07,12.2,9.71,-0.92,-0.61,-0.31,41.23,38.39,35.55,159,141,1.13,43.71,11.38,2.0,5.58,2026-10-01,2026-10-01 08:17:19
7822,倍利科,1000.0,1000.0,1020.0,979.0,83.96,72.56,66.23,16.75,-1.7,18.45,1008.11,889.65,771.19,295,272,1.09,455.61,51.76,6.39,0.64,2026-10-01,2026-10-01 08:17:20
7823,奧義賽博-KY創,79.9,80.2,80.2,79.1,26.41,24.51,49.25,-0.68,-0.64,-0.04,83.83,81.05,78.27,53,38,1.4,25.91,,,,2026-10-01,2026-10-01 08:17:21
7825,和亞智慧,85.6,84.6,88.0,83.5,49.99,33.48,43.42,-1.07,-0.11,-0.96,108.53,88.77,69.0,442,421,1.05,21.93,43.23,1.4,1.64,2026-10-01,2026-10-01 08:17:22
7827,漢康-KY創,165.0,165.0,170.5,163.5,78.65,76.63,78.72,2.35,0.98,1.36,168.37,156.12,143.88,352,322,1.1,266.98,,,,2026-10-01,2026-10-01 08:17:23
7828,創新服務,1875.0,1920.0,1940.0,1865.0,18.53,30.14,39.8,35.92,54.5,-18.58,2140.3,1944.0,1747.7,149,183,0.81,759.97,180.81,4.53,0.24,2026-10-01,2026-10-01 08:17:25
7839,達人網,43.0,43.2,43.5,42.5,38.62,38.47,50.0,-0.39,-0.4,0.01,44.61,43.48,42.34,21,13,1.59,6.49,19.55,2.04,4.74,2026-10-01,2026-10-01 08:17:26
7842,天能綠電,97.7,98.2,98.2,97.0,63.63,50.15,40.83,0.27,0.56,-0.3,100.77,98.29,95.81,3,6,0.55,17.02,20.57,3.2,3.28,2026-10-01,2026-10-01 08:17:28
7846,德揚,131.0,132.5,142.5,122.0,76.92,66.58,87.42,8.03,3.48,4.56,119.2,90.78,62.36,633,337,1.88,45.08,29.64,1.0,0.76,2026-10-01,2026-10-01 08:17:30
7890,明曜科技,84.0,84.0,84.0,84.0,90.81,89.6,50.65,0.13,-0.18,0.31,85.88,83.14,80.39,0,1,0.0,,,,,2026-10-01,2026-10-01 08:17:34
8011,台通,16.05,16.1,16.1,16.0,43.09,46.29,59.26,-0.0,-0.07,0.06,16.32,15.78,15.25,127,388,0.33,26.63,21.69,0.7,4.36,2026-10-01,2026-10-01 08:17:35
8016,矽創,288.5,287.0,288.5,285.0,77.22,65.37,57.38,-2.34,-3.77,1.43,295.04,283.0,270.96,498,381,1.31,339.3,14.58,11.5,3.99,2026-10-01,2026-10-01 08:17:36
8021,尖點,503.0,487.0,503.0,487.0,95.51,88.4,73.18,16.23,11.3,4.93,503.97,454.88,405.78,1456,1155,1.26,741.07,100.4,1.97,0.39,2026-10-01,2026-10-01 08:17:37
8024,佑華,12.35,12.55,12.75,12.3,40.76,40.44,26.47,-0.28,-0.28,0.01,13.21,12.79,12.38,52,49,1.05,5.58,,,,2026-10-01,2026-10-01 08:17:39
8027,鈦昇,209.5,225.0,225.0,207.0,80.57,74.54,66.32,5.74,0.73,5.01,210.27,181.7,153.13,9154,4381,2.09,224.85,634.85,,,2026-10-01,2026-10-01 08:17:40
8028,昇陽半導體,280.0,277.0,281.0,275.5,79.45,76.81,71.57,6.67,0.42,6.25,288.92,248.97,209.03,5137,10084,0.51,511.14,50.54,2.7,0.96,2026-10-01,2026-10-01 08:17:41
8032,光菱,36.2,36.1,36.5,36.0,68.67,62.56,63.16,-0.06,-0.25,0.19,36.63,35.47,34.31,24,38,0.63,18.76,10.37,1.2,3.31,2026-10-01,2026-10-01 08:17:43
8033,雷虎,175.5,173.0,176.0,173.0,60.03,40.88,51.56,-2.89,-3.68,0.79,179.62,172.32,165.03,1707,1650,1.03,288.93,373.4,,,2026-10-01,2026-10-01 08:17:44
8034,榮群,19.95,20.35,20.35,19.95,38.22,44.66,44.26,0.21,0.21,-0.01,21.03,20.13,19.22,69,78,0.89,11.22,17.35,1.2,6.02,2026-10-01,2026-10-01 08:17:45
8038,長園科,33.85,34.6,34.65,33.75,73.06,69.46,66.14,0.35,-0.03,0.38,34.29,31.84,29.38,135,162,0.84,21.08,40.78,,,2026-10-01,2026-10-01 08:17:47
8039,台虹,288.5,297.0,297.5,285.0,61.02,41.43,49.62,2.17,2.89,-0.72,319.25,280.62,242.0,30285,18097,1.67,761.08,91.3,1.99,0.69,2026-10-01,2026-10-01 08:17:48
8040,九暘,95.4,98.0,99.0,95.4,77.95,75.55,75.31,5.35,3.35,2.0,99.44,83.67,67.91,2799,6710,0.42,91.98,1060.0,,,2026-10-01,2026-10-01 08:17:50
8042,金山電,118.0,112.0,122.0,112.0,44.45,38.93,56.49,0.2,-0.57,0.77,121.05,112.39,103.73,11970,4154,2.88,156.24,31.47,1.19,1.01,2026-10-01,2026-10-01 08:17:51
8043,蜜望實,138.5,132.0,142.0,132.0,41.36,31.03,48.0,-2.29,-2.78,0.5,144.64,135.2,125.76,6314,1985,3.18,110.67,33.45,0.9,0.65,2026-10-01,2026-10-01 08:17:53
8044,網家,24.2,24.35,24.55,23.95,54.51,52.17,58.16,-0.27,-0.44,0.17,24.48,23.8,23.12,286,189,1.51,49.09,,,,2026-10-01,2026-10-01 08:17:54
8045,達運光電,54.7,54.2,55.5,53.8,48.2,54.2,75.4,0.43,-0.06,0.48,56.71,51.61,46.52,174,135,1.28,51.99,63.6,1.0,1.83,2026-10-01,2026-10-01 08:17:55
8046,南電,1420.0,1390.0,1450.0,1370.0,90.36,81.48,75.83,46.15,11.34,34.81,1354.98,1139.25,923.52,19823,14452,1.37,9175.55,165.5,2.0,0.14,2026-10-01,2026-10-01 08:17:56
8047,星雲,51.0,51.0,51.1,50.6,85.87,74.08,68.66,1.27,0.64,0.62,51.96,46.28,40.6,204,208,0.98,17.65,,,,2026-10-01,2026-10-01 08:17:58
8048,德勝,50.8,50.8,51.0,50.7,80.64,69.59,52.78,-0.37,-0.66,0.29,52.27,49.88,47.49,61,94,0.66,30.19,15.16,2.0,3.94,2026-10-01,2026-10-01 08:18:00
8049,晶采,24.8,24.6,24.85,24.5,67.97,56.51,64.71,-0.0,-0.04,0.04,24.7,24.49,24.28,188,114,1.65,29.33,13.12,1.4,5.65,2026-10-01,2026-10-01 08:18:01
8050,廣積,63.4,64.1,64.3,62.6,71.59,78.75,77.14,1.52,0.71,0.81,64.56,58.34,52.12,1890,3433,0.55,128.2,22.01,2.15,3.39,2026-10-01,2026-10-01 08:18:03
8054,安國,89.8,89.0,92.5,88.9,62.84,56.81,65.37,0.87,-0.09,0.96,89.01,83.82,78.62,2191,1148,1.91,97.23,,,,2026-10-01,2026-10-01 08:18:04
8058,耐特,106.5,104.5,107.5,103.5,75.45,61.08,65.74,2.81,1.7,1.11,105.4,97.09,88.79,382,295,1.29,,,1.3,1.22,2026-10-01,2026-10-01 08:18:05
8059,凱碩,17.55,17.15,17.7,17.15,11.8,15.18,8.65,-1.61,-1.2,-0.41,25.24,20.79,16.35,67,172,0.39,12.27,,,,2026-10-01,2026-10-01 08:18:07
8064,東捷,143.5,146.0,148.0,141.0,74.55,75.3,56.29,8.79,6.88,1.91,153.73,126.58,99.42,8039,14298,0.56,265.21,54.15,0.98,0.68,2026-10-01,2026-10-01 08:18:09
8066,來思達,14.95,14.65,14.95,14.65,59.56,62.87,57.58,0.1,0.07,0.03,15.46,14.77,14.08,12,9,1.28,5.48,,,,2026-10-01,2026-10-01 08:18:10
8067,志旭,12.0,12.6,12.6,12.0,58.27,49.88,47.67,-0.16,-0.21,0.06,12.72,12.0,11.28,3,9,0.34,2.48,50.0,,,2026-10-01,2026-10-01 08:18:12
8068,全達,17.75,17.85,18.45,17.6,63.96,60.56,61.62,0.15,-0.07,0.22,18.4,16.83,15.26,144,521,0.28,14.34,,,,2026-10-01,2026-10-01 08:18:13
8069,元太,144.0,144.0,145.0,143.5,37.25,31.35,36.59,-5.09,-5.92,0.82,152.0,146.57,141.15,4083,5788,0.71,1662.74,14.06,5.89,4.09,2026-10-01,2026-10-01 08:18:15
8070,長華*,50.2,50.3,50.5,50.0,60.81,57.37,52.8,0.05,0.03,0.02,50.8,49.87,48.94,881,1011,0.87,352.08,29.7,2.71,5.4,2026-10-01,2026-10-01 08:18:16
8071,能率網通,22.0,22.2,22.4,21.95,63.11,53.76,37.68,-0.47,-0.56,0.09,23.59,22.16,20.73,305,223,1.37,13.22,,,,2026-10-01,2026-10-01 08:18:17
8072,陞泰,27.8,27.8,28.05,27.7,57.42,57.69,66.67,0.37,0.22,0.15,28.43,26.83,25.23,98,230,0.43,22.24,16.07,1.0,3.6,2026-10-01,2026-10-01 08:18:19
8074,鉅橡,51.8,52.0,52.2,51.6,72.71,60.0,48.48,-0.98,-1.27,0.28,54.75,51.46,48.18,192,196,0.98,45.05,27.7,1.1,2.12,2026-10-01,2026-10-01 08:18:20
8076,伍豐,21.6,21.8,21.8,21.55,70.04,59.48,45.61,-0.23,-0.28,0.06,22.29,21.67,21.05,350,437,0.8,63.12,166.15,0.7,3.24,2026-10-01,2026-10-01 08:18:22
8077,洛碁,41.8,41.8,41.8,41.8,16.92,26.21,38.51,-0.26,-0.15,-0.11,44.74,43.17,41.6,1,2,0.38,9.17,6.17,2.0,4.78,2026-10-01,2026-10-01 08:18:23
8080,泰霖,28.0,28.35,28.35,28.0,13.51,15.79,41.94,-0.09,0.06,-0.15,29.65,28.66,27.67,4,15,0.33,18.81,,,,2026-10-01,2026-10-01 08:18:25
8081,致新,255.0,253.0,256.0,252.0,66.32,66.39,56.67,-0.96,-1.92,0.96,257.68,251.18,244.67,411,318,1.29,218.5,13.89,16.0,6.27,2026-10-01,2026-10-01 08:18:26
8083,瑞穎,156.5,157.0,157.5,156.0,36.39,31.56,42.11,-0.7,-0.66,-0.04,158.97,156.9,154.83,91,51,1.77,54.98,13.76,8.8,5.62,2026-10-01,2026-10-01 08:18:27
8084,巨虹,24.2,24.2,24.2,24.2,1.26,3.6,3.71,-4.59,-2.74,-1.85,53.7,40.22,26.74,2420,1629,1.49,17.08,,,,2026-10-01,2026-10-01 08:18:29
8085,福華,14.6,14.15,14.9,14.15,43.06,35.01,39.53,0.21,0.32,-0.12,15.59,14.63,13.67,141,127,1.11,20.44,,,,2026-10-01,2026-10-01 08:18:30
8086,宏捷科,115.0,114.5,116.5,111.5,74.9,65.28,53.19,-0.78,-1.74,0.96,116.69,110.47,104.26,3866,2429,1.59,225.99,21.46,1.68,1.46,2026-10-01,2026-10-01 08:18:32
8087,麗升能源,23.6,22.85,24.3,22.85,23.38,22.25,34.74,-1.02,-0.95,-0.07,27.9,24.93,21.95,21,26,0.8,8.93,,1.0,4.24,2026-10-01,2026-10-01 08:18:33
8088,品安,43.65,44.9,44.9,43.65,61.74,52.01,52.04,-0.75,-1.14,0.39,44.56,42.7,40.84,753,410,1.84,26.59,14.75,1.5,3.44,2026-10-01,2026-10-01 08:18:35
8089,康全電訊,19.6,19.45,19.6,19.2,66.05,67.15,66.67,0.39,0.22,0.17,20.25,18.34,16.43,69,100,0.7,12.94,,1.25,6.38,2026-10-01,2026-10-01 08:18:36
8091,翔名,215.5,217.0,217.0,214.0,61.36,66.95,56.14,-1.73,-3.26,1.53,222.36,213.68,204.99,148,198,0.75,115.53,22.83,4.22,1.96,2026-10-01,2026-10-01 08:18:38
8092,建暐,12.55,12.6,12.6,12.5,13.74,21.14,41.67,-0.11,-0.1,-0.01,13.08,12.78,12.49,28,62,0.45,7.18,89.64,,,2026-10-01,2026-10-01 08:18:39
8093,保銳,25.25,23.8,25.25,23.8,43.11,25.08,44.77,-0.14,0.1,-0.24,27.46,25.2,22.94,25,26,0.96,14.28,,,,2026-10-01,2026-10-01 08:18:41
8096,擎亞,87.5,90.0,90.9,87.1,52.96,37.54,29.05,-6.77,-7.66,0.88,108.28,92.29,76.29,2976,3291,0.9,130.68,24.31,0.5,0.57,2026-10-01,2026-10-01 08:18:42
8097,常珵,48.55,48.0,48.9,47.9,23.85,30.3,48.65,-0.47,-0.58,0.11,49.5,48.69,47.88,105,115,0.91,28.55,,,,2026-10-01,2026-10-01 08:18:44
8098,慶康科技,551.0,489.5,588.0,489.5,79.55,74.1,86.47,27.7,14.08,13.62,505.91,420.6,335.29,549,294,1.87,72.93,32.0,9.0,1.63,2026-10-01,2026-10-01 08:18:46
8099,大世科,60.3,60.4,60.6,59.8,64.53,63.63,63.27,0.68,0.71,-0.03,61.0,59.35,57.71,89,40,2.22,60.34,18.38,2.1,3.48,2026-10-01,2026-10-01 08:18:47
8101,華冠,11.05,11.0,11.05,11.0,22.18,22.51,42.55,-0.34,-0.25,-0.09,12.73,11.7,10.66,5,5,0.96,5.76,11.76,,,2026-10-01,2026-10-01 08:18:49
8102,傑霖科技,59.0,59.0,59.0,59.0,24.29,19.88,32.77,-2.17,-2.04,-0.13,67.11,62.39,57.67,2,6,0.31,13.78,22.69,1.9,3.22,2026-10-01,2026-10-01 08:18:50
8103,瀚荃,124.0,122.0,125.0,119.0,50.0,55.11,61.22,5.6,6.79,-1.19,132.43,120.65,108.87,4000,4036,0.99,97.26,23.57,2.8,2.26,2026-10-01,2026-10-01 08:18:52
8104,錸寶,31.7,32.1,32.15,31.5,77.65,71.32,64.04,0.04,-0.25,0.29,32.12,30.54,28.96,217,332,0.65,32.99,90.57,0.1,0.32,2026-10-01,2026-10-01 08:18:53
8105,凌巨,15.45,16.05,16.05,15.45,62.15,56.2,51.96,-0.05,-0.23,0.17,16.03,15.0,13.98,6430,3587,1.79,68.22,17.97,,,2026-10-01,2026-10-01 08:18:54
8107,大億金茂,11.8,12.1,12.1,11.8,21.87,22.96,29.17,-0.06,-0.01,-0.05,12.53,12.22,11.9,57,43,1.32,8.85,9.37,1.0,8.47,2026-10-01,2026-10-01 08:18:56
8109,博大,144.5,136.0,145.5,136.0,84.1,75.27,76.79,1.86,0.68,1.19,139.73,131.47,123.22,1379,431,3.2,117.58,19.42,4.5,3.11,2026-10-01,2026-10-01 08:18:58
8110,華東,48.7,49.2,49.2,48.3,63.97,64.37,62.92,1.23,0.67,0.56,52.19,45.39,38.59,4323,9340,0.46,250.68,8.87,1.49,3.06,2026-10-01,2026-10-01 08:18:59
8111,立碁,78.0,79.3,80.5,78.0,59.99,60.6,59.62,3.71,3.65,0.05,81.7,74.25,66.8,5882,8249,0.71,85.1,68.42,0.6,0.77,2026-10-01,2026-10-01 08:19:01
8112,至上,83.8,83.1,84.0,82.7,55.03,36.25,34.48,-1.84,-1.83,-0.01,91.53,85.16,78.79,5676,4147,1.37,471.2,6.2,3.8,4.53,2026-10-01,2026-10-01 08:19:02
8114,振樺電,178.0,179.0,179.0,176.0,51.62,40.94,45.0,-5.17,-5.98,0.82,193.96,180.97,167.99,226,250,0.9,135.8,13.53,11.47,6.44,2026-10-01,2026-10-01 08:19:03
8119,公信,10.15,9.84,10.25,9.5,58.59,45.68,54.85,-0.0,0.01,-0.01,10.38,9.93,9.48,134,65,2.04,6.46,,,,2026-10-01,2026-10-01 08:19:05
8121,越峰,34.65,31.5,34.65,31.0,88.8,80.74,82.35,0.69,-0.24,0.94,32.63,28.22,23.81,2903,1888,1.54,73.8,433.13,,,2026-10-01,2026-10-01 08:19:07
8131,福懋科,62.5,63.1,63.1,61.9,67.49,58.37,45.76,-0.29,-0.69,0.39,64.12,61.13,58.13,1204,1312,0.92,276.39,18.12,1.0,1.6,2026-10-01,2026-10-01 08:19:08
8147,正淩,143.5,152.0,153.0,143.0,65.47,64.42,58.33,4.84,3.18,1.66,151.14,135.9,120.66,1012,634,1.6,59.75,60.04,3.0,2.09,2026-10-01,2026-10-01 08:19:09
8150,南茂,115.5,113.0,116.0,109.5,85.74,75.64,72.22,5.67,2.97,2.7,116.6,96.04,75.49,72042,80339,0.9,803.21,35.43,1.23,1.06,2026-10-01,2026-10-01 08:19:11
8155,博智,313.5,316.0,327.0,310.0,29.87,35.94,36.88,-3.39,-0.72,-2.67,365.62,332.5,299.38,785,1090,0.72,195.52,27.55,5.16,1.65,2026-10-01,2026-10-01 08:19:12
8162,微矽電子-創,68.0,66.8,68.3,66.1,74.05,61.28,76.0,1.31,0.47,0.84,66.93,61.72,56.51,422,664,0.64,46.72,50.75,1.5,2.21,2026-10-01,2026-10-01 08:19:13
8163,達方,30.6,30.25,30.9,30.25,70.82,62.4,54.88,-0.35,-0.5,0.16,31.57,30.24,28.91,732,568,1.29,84.46,51.0,0.5,1.63,2026-10-01,2026-10-01 08:19:14
8171,天宇,20.7,20.9,20.9,20.65,63.43,62.53,65.91,0.21,0.12,0.09,20.96,20.08,19.2,74,164,0.45,23.13,10.15,,,2026-10-01,2026-10-01 08:19:16
8176,智捷,9.71,9.73,9.77,9.67,54.12,57.52,45.9,-0.04,-0.03,-0.01,9.95,9.81,9.68,33,64,0.52,5.57,30.34,,,2026-10-01,2026-10-01 08:19:18
8182,加高,44.25,41.45,45.0,41.45,76.65,69.76,76.47,0.47,-0.12,0.59,42.67,39.46,36.26,3725,1887,1.97,47.37,42.55,0.25,0.56,2026-10-01,2026-10-01 08:19:19
8183,精星,28.2,28.2,28.2,28.2,20.94,22.73,52.22,-0.3,-0.36,0.06,29.26,28.32,27.38,0,164,0.0,34.05,8.17,0.8,2.84,2026-09-30,2026-10-01 08:19:21
8201,無敵,17.65,17.6,17.65,16.1,90.72,76.03,89.93,0.91,0.32,0.58,15.85,12.54,9.24,2773,1165,2.38,11.01,,,,2026-10-01,2026-10-01 08:19:22
8210,勤誠,845.0,841.0,846.0,822.0,22.76,27.37,27.1,-36.45,-36.47,0.02,975.1,902.65,830.2,2058,1816,1.13,1061.48,22.41,14.0,1.66,2026-10-01,2026-10-01 08:19:23
8213,志超,34.0,34.5,34.5,33.7,73.65,68.42,61.32,0.3,0.17,0.12,34.07,32.96,31.85,385,396,0.97,89.88,17.35,1.14,3.35,2026-10-01,2026-10-01 08:19:25
8215,明基材,29.1,30.1,30.1,28.85,65.02,62.87,66.22,1.03,0.74,0.29,30.14,26.69,23.24,2441,2272,1.07,93.32,16.26,0.3,1.03,2026-10-01,2026-10-01 08:19:26
8222,寶一,35.55,36.0,36.0,35.5,66.84,57.12,46.24,-0.67,-0.8,0.13,37.6,35.63,33.66,112,137,0.82,24.38,26.14,0.35,0.98,2026-10-01,2026-10-01 08:19:27
8227,巨有科技,363.5,379.5,384.5,342.0,92.2,93.29,88.58,47.68,36.55,11.13,389.42,252.68,115.93,11882,3388,3.51,143.74,70.58,1.7,0.47,2026-10-01,2026-10-01 08:19:29
8234,新漢,63.0,63.0,63.6,62.8,57.6,36.82,38.04,-1.15,-1.19,0.04,67.95,63.51,59.07,280,241,1.16,88.97,,0.4,0.63,2026-10-01,2026-10-01 08:19:30
8240,華宏,60.2,60.8,63.0,60.1,73.93,62.18,77.24,2.59,1.95,0.64,57.96,52.1,46.24,8478,3415,2.48,60.2,25.95,1.3,2.16,2026-10-01,2026-10-01 08:19:32
8249,菱光,39.4,39.5,39.6,39.3,80.16,73.96,46.88,-0.49,-0.72,0.22,41.46,39.2,36.94,99,178,0.56,53.15,16.42,2.08,5.28,2026-10-01,2026-10-01 08:19:33
8255,朋程,149.5,148.5,150.0,147.5,80.14,65.09,72.92,-0.23,-2.04,1.81,150.26,140.18,130.09,336,499,0.67,152.64,22.86,3.5,2.34,2026-10-01,2026-10-01 08:19:35
8261,富鼎,181.5,177.0,184.0,177.0,69.63,66.18,59.65,-2.59,-4.88,2.29,184.89,173.7,162.51,3955,2415,1.64,215.76,27.21,5.0,2.75,2026-10-01,2026-10-01 08:19:36
8271,宇瞻,201.0,203.0,203.0,200.5,21.91,19.53,31.87,-5.46,-4.88,-0.58,225.23,208.25,191.27,695,788,0.88,260.52,5.0,4.45,2.21,2026-10-01,2026-10-01 08:19:37
8272,全景軟體,63.9,62.9,64.2,62.9,43.08,48.94,53.85,0.11,0.09,0.02,66.34,64.37,62.4,4,5,0.76,12.14,14.11,2.8,4.38,2026-10-01,2026-10-01 08:19:39
8277,商丞,15.5,15.5,15.55,15.25,17.2,24.05,0.0,-0.88,-0.58,-0.29,20.45,17.66,14.88,177,113,1.56,2.64,,,,2026-10-01,2026-10-01 08:19:40
8279,生展,80.8,77.6,81.6,77.6,47.15,39.73,62.5,-1.13,-1.56,0.43,80.29,78.84,77.39,45,22,2.02,21.9,9.7,5.0,6.19,2026-10-01,2026-10-01 08:19:42
8284,三竹,67.6,68.0,68.9,66.7,32.4,41.13,60.87,0.67,0.88,-0.21,70.17,67.68,65.2,28,20,1.34,31.98,10.26,4.0,5.92,2026-10-01,2026-10-01 08:19:43
8289,泰藝,51.0,46.35,51.0,46.3,80.21,66.93,79.31,0.4,-0.41,0.81,48.88,44.28,39.69,2527,967,2.61,34.85,46.36,0.15,0.29,2026-10-01,2026-10-01 08:19:45
8291,尚茂,28.35,28.55,28.7,28.35,22.18,31.87,43.33,-1.5,-1.56,0.06,32.6,30.1,27.61,20,18,1.11,4.96,,,,2026-10-01,2026-10-01 08:19:46
8298,威睿,38.3,38.5,38.5,38.3,23.76,25.19,51.34,-0.86,-0.95,0.09,41.69,39.17,36.66,0,3,0.02,9.82,9.23,2.0,5.22,2026-10-01,2026-10-01 08:19:48
8299,群聯,2110.0,2165.0,2165.0,2105.0,51.1,55.77,51.88,25.16,17.69,7.46,2236.7,2070.0,1903.3,1951,3563,0.55,4666.58,9.67,35.15,1.67,2026-10-01,2026-10-01 08:19:50
8329,台視,10.6,10.65,10.7,10.5,25.99,33.68,45.16,0.06,0.11,-0.05,10.94,10.69,10.44,12,5,2.06,29.74,7.74,0.75,7.08,2026-10-01,2026-10-01 08:19:51
8341,日友,74.2,74.4,74.4,74.2,21.39,31.84,39.39,-0.37,-0.37,0.01,75.5,74.66,73.83,106,108,0.99,96.46,14.21,4.0,5.39,2026-10-01,2026-10-01 08:19:52
8342,益張,83.5,82.0,83.5,82.0,51.21,48.39,43.7,-1.0,-1.04,0.03,89.02,84.83,80.65,4,3,1.1,28.0,11.06,5.0,5.99,2026-10-01,2026-10-01 08:19:54
8345,超秦,50.0,50.0,50.0,50.0,39.89,35.08,26.83,-0.4,-0.27,-0.12,52.25,50.98,49.7,0,16,0.0,30.0,19.61,1.3,2.6,2026-10-01,2026-10-01 08:19:55
8349,恒耀,40.5,40.4,40.5,40.0,90.85,77.1,75.64,0.17,-0.12,0.29,40.27,38.76,37.24,191,164,1.17,82.59,16.14,1.54,3.8,2026-10-01,2026-10-01 08:19:57
8354,冠好,16.75,16.85,17.2,16.75,23.57,32.27,35.71,-0.04,0.02,-0.06,17.82,17.18,16.54,93,30,3.1,13.15,6.18,0.11,0.66,2026-10-01,2026-10-01 08:19:58
8358,金居,505.0,500.0,521.0,500.0,50.59,44.59,45.7,10.29,13.23,-2.94,531.29,500.85,470.41,17821,8849,2.01,1275.31,77.45,2.0,0.4,2026-10-01,2026-10-01 08:19:59
8359,錢櫃,53.4,53.9,54.1,53.2,51.53,52.32,33.9,-0.96,-0.98,0.02,57.22,54.84,52.46,28,17,1.59,72.24,8.18,5.04,9.44,2026-10-01,2026-10-01 08:20:01
8367,建新國際,40.8,40.45,40.8,40.25,51.78,47.85,48.72,-0.03,-0.01,-0.02,41.24,40.65,40.06,13,13,0.99,37.61,12.99,2.85,6.99,2026-10-01,2026-10-01 08:20:02
8374,羅昇,76.9,78.0,78.0,76.4,40.33,25.92,34.78,-1.25,-1.24,-0.01,82.51,78.18,73.86,116,122,0.95,86.32,,0.2,0.26,2026-10-01,2026-10-01 08:20:04
8383,千附,67.9,68.5,68.5,67.7,67.74,61.59,49.37,-0.01,-0.47,0.46,69.26,66.14,63.03,484,643,0.75,76.6,13.69,2.5,3.68,2026-10-01,2026-10-01 08:20:06
8390,金益鼎,90.3,90.4,91.2,89.9,24.16,18.43,22.22,-1.97,-1.82,-0.15,99.06,92.86,86.66,215,228,0.95,86.79,10.08,3.8,4.21,2026-10-01,2026-10-01 08:20:07
8401,白紗科,22.7,22.7,22.7,22.6,48.56,48.6,47.62,-0.04,-0.05,0.01,22.89,22.72,22.56,24,19,1.2,16.04,8.66,1.2,5.29,2026-10-01,2026-10-01 08:20:09
8403,盛弘,18.9,18.95,18.95,18.85,37.71,47.0,47.62,0.03,0.04,-0.01,19.08,18.96,18.83,67,70,0.95,26.01,16.02,0.6,3.17,2026-10-01,2026-10-01 08:20:10
8404,百和興業-KY,13.3,13.3,13.35,13.2,11.69,7.84,20.69,-0.7,-0.65,-0.04,16.57,14.32,12.06,313,289,1.08,55.85,16.22,0.5,3.76,2026-10-01,2026-10-01 08:20:11
8409,商之器,18.0,18.0,18.0,18.0,15.06,28.9,35.0,-0.06,-0.07,0.0,18.29,18.1,17.91,2,5,0.4,5.76,17.82,,,2026-10-01,2026-10-01 08:20:13
8410,森田,27.8,27.65,27.9,27.55,14.39,19.31,32.56,-0.59,-0.43,-0.16,30.87,29.13,27.39,28,98,0.29,10.17,6.41,1.6,5.76,2026-10-01,2026-10-01 08:20:15
8411,福貞-KY,11.9,11.8,11.9,11.75,24.12,21.54,11.11,-0.23,-0.14,-0.1,13.36,12.58,11.81,82,236,0.35,25.99,38.39,0.1,0.84,2026-10-01,2026-10-01 08:20:16
8415,大國鋼,35.55,35.3,35.75,35.3,63.93,48.08,37.89,-0.51,-0.56,0.05,37.87,35.74,33.6,471,370,1.27,356.56,8.89,1.5,4.22,2026-10-01,2026-10-01 08:20:17
8416,實威,169.0,170.0,170.0,169.0,22.68,27.28,42.86,-0.0,0.07,-0.08,170.53,169.3,168.07,3,3,0.87,47.68,11.52,8.5,5.03,2026-10-01,2026-10-01 08:20:18
8421,旭源,13.0,12.95,13.1,12.9,33.94,40.0,52.5,-0.15,-0.21,0.07,13.23,12.81,12.39,113,59,1.92,9.3,31.71,,,2026-10-01,2026-10-01 08:20:20
8422,可寧衛*,25.6,26.0,26.0,25.5,17.98,17.8,39.68,-0.24,-0.2,-0.04,26.7,26.02,25.35,2850,2755,1.03,347.49,30.12,1.2,4.69,2026-10-01,2026-10-01 08:20:21
8423,保綠-KY,18.0,18.2,18.2,18.0,62.49,62.2,70.2,0.22,0.2,0.02,18.28,17.75,17.22,8,10,0.82,7.51,16.51,0.7,3.89,2026-10-01,2026-10-01 08:20:23
8424,惠普,70.7,69.5,70.7,69.5,65.19,58.75,72.0,0.31,0.12,0.19,70.39,69.08,67.77,14,26,0.53,25.49,11.42,5.0,7.07,2026-09-30,2026-10-01 08:20:25
8426,紅木-KY,20.65,20.45,20.65,20.35,76.77,74.44,45.45,-0.06,-0.07,0.01,20.96,20.65,20.34,18,28,0.63,10.38,9.69,0.8,3.87,2026-10-01,2026-10-01 08:20:26
8429,金麗-KY,5.91,5.91,5.91,5.87,40.15,28.82,39.39,-0.04,-0.04,0.0,6.03,5.93,5.83,96,166,0.58,10.98,65.67,,,2026-10-01,2026-10-01 08:20:27
8431,匯鑽科,64.7,67.8,67.8,64.3,60.72,63.21,56.14,3.17,3.31,-0.15,69.15,63.44,57.73,1166,1338,0.87,31.56,,,,2026-10-01,2026-10-01 08:20:29
8432,東生華,50.7,50.6,50.9,50.5,72.52,64.67,56.45,0.06,0.01,0.05,50.97,50.37,49.78,32,42,0.77,19.47,11.66,2.61,5.15,2026-10-01,2026-10-01 08:20:30
8433,弘帆,52.8,53.0,53.0,52.8,21.35,27.67,24.0,-0.47,-0.39,-0.08,55.07,53.59,52.11,11,13,0.83,28.78,7.37,4.2,7.95,2026-10-01,2026-10-01 08:20:31
8435,鉅邁,53.3,53.2,53.4,53.1,41.88,32.55,42.31,-0.05,-0.06,0.01,53.74,53.19,52.64,10,24,0.42,18.76,9.91,3.2,6.0,2026-10-01,2026-10-01 08:20:33
8436,大江,105.0,106.5,106.5,105.0,56.63,48.21,37.5,-2.23,-2.37,0.14,113.1,106.9,100.7,226,328,0.69,115.69,11.21,6.01,5.72,2026-10-01,2026-10-01 08:20:34
8437,大地-KY,10.6,10.1,10.65,10.1,74.06,65.68,73.33,0.27,0.1,0.17,10.5,9.41,8.33,52,111,0.47,4.98,1.16,1.02,9.62,2026-10-01,2026-10-01 08:20:36
8438,昶昕,80.9,81.3,82.4,80.1,80.75,74.44,79.31,2.61,1.13,1.48,81.34,71.51,61.67,507,823,0.62,56.58,22.47,1.3,1.61,2026-10-01,2026-10-01 08:20:37
8440,綠電,20.2,20.45,20.45,20.15,61.99,66.28,64.25,0.1,0.02,0.08,20.39,19.8,19.2,47,62,0.75,10.15,20.4,0.55,2.72,2026-10-01,2026-10-01 08:20:39
8442,威宏-KY,45.6,44.75,45.6,44.7,56.12,49.89,41.3,0.34,0.55,-0.21,46.81,45.7,44.59,22,50,0.44,32.0,15.35,3.0,6.58,2026-10-01,2026-10-01 08:20:40
8443,阿瘦,11.1,11.05,11.1,11.05,56.61,68.1,33.33,-0.05,-0.05,-0.0,11.31,11.2,11.09,7,12,0.56,7.41,,0.2,1.8,2026-10-01,2026-10-01 08:20:41
8444,綠河-KY,4.35,4.35,4.35,4.28,26.09,33.52,30.3,-0.16,-0.14,-0.02,5.12,4.66,4.21,8,6,1.15,5.42,,,,2026-09-30,2026-10-01 08:20:42
8446,華研,84.9,84.8,85.0,84.6,41.01,29.29,35.0,-0.24,-0.23,-0.02,86.29,85.1,83.91,12,20,0.59,44.92,10.82,8.0,9.42,2026-10-01,2026-10-01 08:20:44
8450,霹靂,14.3,14.05,14.3,14.05,47.98,46.43,44.44,-0.11,-0.13,0.02,14.71,14.36,14.02,18,23,0.77,7.34,,,,2026-10-01,2026-10-01 08:20:45
8454,富邦媒,239.0,241.0,241.5,238.5,25.76,36.53,50.49,-3.45,-3.7,0.24,249.73,241.78,233.82,232,298,0.78,633.29,23.0,10.0,4.18,2026-10-01,2026-10-01 08:20:46
8455,大拓-KY,22.1,22.8,22.8,22.1,4.63,14.42,46.05,-0.48,-0.43,-0.05,24.04,22.81,21.57,3,5,0.6,5.57,42.5,,,2026-10-01,2026-10-01 08:20:48
8458,影一,13.5,13.35,13.5,13.0,37.69,23.72,40.28,-0.27,-0.23,-0.04,14.63,13.57,12.52,7,10,0.67,4.84,,,,2026-09-30,2026-10-01 08:20:49
8462,柏文,157.0,159.0,160.5,153.5,31.35,27.42,31.91,-2.67,-2.19,-0.48,168.66,161.72,154.79,122,66,1.84,126.21,15.01,7.28,4.64,2026-10-01,2026-10-01 08:20:51
8463,潤泰材,21.2,21.25,21.25,21.15,72.35,67.99,43.18,-0.04,-0.03,-0.01,21.61,21.26,20.9,17,51,0.33,31.8,10.76,0.8,3.77,2026-10-01,2026-10-01 08:20:52
8464,億豐,362.5,367.0,368.5,362.5,17.6,31.31,37.37,-0.81,0.14,-0.96,381.12,371.5,361.88,188,290,0.65,1062.2,15.88,16.0,4.41,2026-10-01,2026-10-01 08:20:53
8466,美吉吉-KY,15.15,15.0,15.4,15.0,53.53,55.75,54.95,-0.03,-0.16,0.14,16.41,14.86,13.31,15,34,0.44,12.04,2.77,0.3,1.98,2026-10-01,2026-10-01 08:20:55
8467,波力-KY,88.1,87.1,88.1,87.1,57.65,58.3,44.2,-1.88,-2.41,0.54,93.39,88.29,83.2,6,6,1.04,42.62,14.63,5.0,5.68,2026-10-01,2026-10-01 08:20:56
8472,納維康,69.2,70.0,70.0,62.6,23.26,30.06,33.8,0.31,1.35,-1.03,83.98,75.46,66.94,181,45,4.04,12.27,,,,2026-10-01,2026-10-01 08:20:57
8473,山林水,39.05,39.75,39.75,39.0,74.84,66.52,41.51,-0.13,-0.2,0.07,41.14,39.24,37.34,391,322,1.21,78.19,12.89,0.78,2.0,2026-10-01,2026-10-01 08:20:59
8476,台境*,20.3,20.1,20.4,20.05,72.79,64.42,61.9,-0.06,-0.18,0.12,20.28,19.62,18.97,256,212,1.21,32.74,72.5,0.2,0.99,2026-10-01,2026-10-01 08:21:00
8477,創業家,14.2,14.0,14.2,14.0,19.1,20.11,20.0,-0.37,-0.28,-0.09,15.91,14.94,13.97,6,13,0.49,9.11,,,,2026-10-01,2026-10-01 08:21:01
8478,東哥遊艇,141.5,141.5,141.5,139.5,36.69,29.49,52.38,-0.71,-0.75,0.05,144.0,141.28,138.55,45,53,0.86,132.97,10.04,6.5,4.59,2026-10-01,2026-10-01 08:21:02
8481,政伸,40.65,40.7,40.7,40.6,20.18,27.39,38.78,0.02,0.08,-0.06,41.49,41.0,40.51,9,10,0.88,27.07,12.03,2.75,6.77,2026-10-01,2026-10-01 08:21:04
8482,商億-KY,48.85,48.85,48.85,48.85,65.64,48.71,38.42,-0.11,-0.22,0.11,50.32,48.08,45.85,1,2,0.38,51.33,16.5,1.96,4.01,2026-10-01,2026-10-01 08:21:05
8487,愛爾達-創,70.3,70.5,70.9,70.0,31.92,39.14,46.05,-0.39,-0.48,0.09,71.7,70.76,69.81,27,12,2.16,21.09,15.05,4.81,6.84,2026-10-01,2026-10-01 08:21:06
8488,吉源-KY,9.84,9.82,9.86,9.82,12.96,15.51,38.67,-0.05,-0.03,-0.02,10.54,10.04,9.54,13,153,0.09,7.23,,,,2026-10-01,2026-10-01 08:21:07
8489,三貝德,22.45,22.5,22.55,22.15,49.68,46.39,56.41,0.02,-0.07,0.09,22.99,22.06,21.12,43,63,0.67,13.46,36.21,,,2026-10-01,2026-10-01 08:21:09
8499,鼎炫-KY,256.0,263.0,263.0,255.0,51.67,43.97,46.51,-1.82,-2.67,0.85,259.44,254.43,249.41,8,12,0.68,105.38,24.15,8.0,3.12,2026-10-01,2026-10-01 08:21:10
8905,裕國,34.5,34.75,34.8,34.5,43.26,62.19,45.57,0.26,0.36,-0.1,35.34,34.66,33.98,4,5,0.85,39.78,40.59,0.71,2.06,2026-10-01,2026-10-01 08:21:11
8906,花王,28.95,28.95,28.95,28.95,32.01,45.51,55.41,0.25,0.34,-0.09,29.95,29.0,28.06,1,9,0.12,12.21,,0.1,0.35,2026-10-01,2026-10-01 08:21:13
8908,欣雄,40.2,40.4,40.4,40.0,48.74,46.03,43.75,0.25,0.29,-0.04,40.55,40.19,39.83,19,37,0.52,128.37,19.51,1.46,3.63,2026-10-01,2026-10-01 08:21:14
8916,光隆,41.0,41.1,41.1,40.9,39.93,34.36,50.0,0.11,0.13,-0.02,41.25,40.97,40.69,25,40,0.63,61.02,14.34,3.03,7.39,2026-10-01,2026-10-01 08:21:16
8917,欣泰,53.7,55.0,55.5,53.7,71.61,73.54,54.67,0.38,0.23,0.15,55.18,53.24,51.31,4,8,0.5,87.34,21.48,2.1,3.91,2026-09-30,2026-10-01 08:21:17
8921,沈氏,16.8,16.25,16.8,16.25,81.85,89.31,53.85,0.03,-0.06,0.09,17.45,16.69,15.94,2,0,2.56,7.83,,0.27,1.61,2026-09-30,2026-10-01 08:21:19
8923,時報,18.0,18.0,18.0,18.0,52.18,68.48,46.81,-0.08,-0.07,-0.01,19.01,18.51,18.0,1,3,0.26,5.47,22.5,0.9,5.0,2026-09-30,2026-10-01 08:21:20
8924,大田,49.9,49.5,50.0,49.5,42.55,34.56,37.93,-0.53,-0.6,0.07,51.12,50.08,49.03,42,38,1.1,41.82,18.41,4.3,8.62,2026-10-01,2026-10-01 08:21:22
8926,台汽電,58.9,59.3,59.5,58.6,48.99,52.91,47.44,-0.03,-0.26,0.23,60.17,58.26,56.35,1154,1394,0.83,489.04,15.88,2.12,3.6,2026-10-01,2026-10-01 08:21:23
8927,北基,19.1,18.8,19.1,18.75,53.83,48.93,54.69,-0.21,-0.25,0.04,19.64,19.02,18.41,166,123,1.35,80.04,21.22,0.31,1.62,2026-10-01,2026-10-01 08:21:25
8928,鉅明,23.0,23.15,23.2,22.75,34.47,36.15,43.75,-0.1,-0.01,-0.09,24.91,23.48,22.04,7,14,0.49,11.7,9.75,0.8,3.48,2026-10-01,2026-10-01 08:21:26
8929,富堡,13.1,13.05,13.1,13.05,55.92,42.07,55.56,-0.07,-0.1,0.03,13.18,12.99,12.8,8,11,0.77,6.63,37.43,,,2026-10-01,2026-10-01 08:21:27
8930,青鋼,28.7,28.75,28.75,28.65,31.9,34.1,30.0,-0.3,-0.28,-0.02,30.16,29.19,28.21,19,34,0.56,23.04,10.95,2.2,7.67,2026-10-01,2026-10-01 08:21:29
8931,大汽電,42.65,43.0,43.0,42.65,35.73,52.32,68.48,0.54,0.54,0.0,44.36,42.27,40.18,16,144,0.11,52.14,36.45,1.6,3.75,2026-10-01,2026-10-01 08:21:31
8932,智通*,91.8,92.6,93.5,91.8,58.79,63.08,46.33,0.64,0.64,0.0,96.02,91.74,87.45,729,794,0.92,388.24,90.89,0.72,0.78,2026-10-01,2026-10-01 08:21:32
8933,愛地雅,4.6,4.5,4.6,4.41,78.18,64.71,50.96,-0.0,-0.01,0.01,4.72,4.54,4.37,90,82,1.09,15.03,,,,2026-10-01,2026-10-01 08:21:33
8935,邦泰,19.3,19.75,20.0,19.0,73.02,68.86,64.71,0.17,-0.06,0.23,19.33,17.99,16.66,159,295,0.54,21.9,,,,2026-10-01,2026-10-01 08:21:35
8936,國統,52.7,52.8,53.3,52.4,67.71,69.37,69.23,0.26,0.07,0.19,53.11,51.42,49.74,1020,753,1.36,130.74,12.2,3.0,5.69,2026-10-01,2026-10-01 08:21:37
8937,合騏*,25.5,25.2,25.7,25.15,20.66,20.51,26.54,-0.27,0.26,-0.52,31.34,28.26,25.18,48,237,0.2,108.31,318.75,0.03,0.12,2026-10-01,2026-10-01 08:21:38
8938,明安,52.2,52.9,52.9,52.2,75.26,72.72,51.85,-0.01,-0.13,0.12,53.35,52.02,50.68,46,40,1.16,79.2,9.89,4.0,7.66,2026-10-01,2026-10-01 08:21:39
8940,新天地,15.05,15.15,15.15,15.0,48.66,48.14,56.0,-0.08,-0.13,0.05,15.2,14.93,14.65,10,20,0.54,10.16,28.4,,,2026-10-01,2026-10-01 08:21:41
8941,關中,43.95,43.95,43.95,43.1,62.19,59.6,44.58,0.17,0.3,-0.12,45.08,44.18,43.28,12,5,2.22,15.37,14.27,2.5,5.69,2026-10-01,2026-10-01 08:21:42
8942,森鉅,40.15,40.8,40.8,40.05,10.49,13.59,23.88,-0.26,-0.05,-0.21,42.8,41.24,39.67,106,121,0.88,79.84,7.58,1.0,2.49,2026-10-01,2026-10-01 08:21:43
8996,高力,1565.0,1515.0,1600.0,1470.0,79.28,78.47,62.79,103.99,82.74,21.25,1687.14,1383.0,1078.86,5409,4708,1.15,1455.48,105.96,4.56,0.29,2026-10-01,2026-10-01 08:21:45
8999,台灣積層,35.55,35.55,35.55,35.55,25.01,40.13,34.59,-0.17,0.0,-0.17,38.19,36.56,34.92,0,1,0.0,12.8,16.53,2.0,5.63,2026-09-30,2026-10-01 08:21:46
9103,美德醫療-DR,4.94,4.97,4.98,4.94,17.45,20.78,29.03,-0.05,-0.05,0.0,5.14,5.01,4.88,433,427,1.01,26.92,,,,2026-10-01,2026-10-01 08:21:47
9105,泰金寶-DR,8.45,8.54,8.56,8.43,37.29,34.07,32.26,0.0,0.01,-0.0,8.85,8.52,8.2,10888,16720,0.65,883.03,40.24,0.15,1.78,2026-10-01,2026-10-01 08:21:48
9110,越南控-DR,2.98,3.08,3.08,2.98,69.05,63.14,50.96,-0.04,-0.05,0.01,3.14,2.96,2.78,7,16,0.42,27.05,27.09,,,2026-10-01,2026-10-01 08:21:49
9136,巨騰-DR,9.13,9.14,9.15,9.04,11.83,14.67,19.5,-0.56,-0.55,-0.01,11.28,9.85,8.42,135,249,0.54,77.21,,,,2026-10-01,2026-10-01 08:21:51
9802,鈺齊-KY,64.8,65.0,65.4,64.2,55.87,42.18,34.29,-1.08,-1.15,0.07,69.96,65.71,61.46,565,446,1.27,130.24,13.22,5.1,7.87,2026-10-01,2026-10-01 08:21:52
9902,台火,13.2,13.3,13.3,13.05,27.19,30.95,34.62,-0.13,-0.11,-0.02,13.79,13.39,13.0,158,89,1.78,12.94,22.76,0.3,2.27,2026-10-01,2026-10-01 08:21:53
9904,寶成,24.85,24.85,24.9,24.7,77.49,76.8,55.56,0.1,0.06,0.04,25.16,24.61,24.06,8972,8915,1.01,732.28,2.75,1.3,5.23,2026-10-01,2026-10-01 08:21:54
9905,大華,21.4,21.3,21.4,21.3,75.79,61.02,52.94,0.01,0.02,-0.01,21.53,21.32,21.11,43,61,0.7,65.27,13.05,1.1,5.14,2026-10-01,2026-10-01 08:21:55
9906,欣巴巴,40.25,39.45,40.5,39.4,57.19,54.09,46.66,-0.05,-0.08,0.03,43.2,40.03,36.86,37,37,0.98,36.69,11.84,6.5,16.15,2026-10-01,2026-10-01 08:21:56
9907,統一實,14.85,15.0,15.0,14.85,28.92,18.54,29.17,-0.09,-0.06,-0.03,15.51,15.06,14.6,674,1076,0.63,234.5,15.63,1.18,7.95,2026-10-01,2026-10-01 08:21:58
9908,大台北,28.95,28.95,29.0,28.95,13.52,11.91,41.67,-0.02,-0.02,-0.01,29.15,29.01,28.88,67,82,0.81,145.0,13.79,1.2,4.15,2026-10-01,2026-10-01 08:21:59
9910,豐泰,68.8,69.1,69.2,68.3,47.82,47.62,51.35,-0.0,-0.07,0.06,70.73,68.77,66.81,875,896,0.98,679.39,13.98,4.1,5.96,2026-10-01,2026-10-01 08:22:00
9911,櫻花,81.5,81.6,81.7,81.4,30.1,30.79,39.13,-0.23,-0.25,0.02,82.16,81.63,81.1,106,146,0.73,179.36,12.64,5.0,6.13,2026-10-01,2026-10-01 08:22:02
9912,偉聯,12.95,12.9,12.95,12.9,29.86,33.13,60.0,0.03,0.04,-0.01,13.22,12.93,12.64,11,15,0.78,6.97,,,,2026-10-01,2026-10-01 08:22:03
9914,美利達,68.3,68.3,68.6,67.6,54.43,31.89,12.93,-3.45,-3.38,-0.06,82.59,71.59,60.6,789,1593,0.5,204.21,19.85,2.8,4.1,2026-10-01,2026-10-01 08:22:04
9917,中保科,106.5,106.0,106.5,105.5,28.44,34.19,52.63,0.32,0.46,-0.14,107.51,106.2,104.89,202,230,0.88,496.56,16.31,5.43,5.1,2026-10-01,2026-10-01 08:22:05
9918,欣天然,43.2,43.15,43.2,42.75,52.48,40.71,46.97,0.01,0.04,-0.03,43.65,43.09,42.53,11,16,0.73,76.9,16.24,1.5,3.47,2026-10-01,2026-10-01 08:22:06
9919,康那香,13.8,13.85,13.85,13.65,43.55,41.46,33.33,-0.03,-0.0,-0.02,14.16,13.94,13.73,124,322,0.39,26.96,,0.2,1.45,2026-10-01,2026-10-01 08:22:07
9921,巨大,91.8,93.1,93.1,91.1,50.39,49.64,36.1,-1.2,-1.08,-0.12,101.79,93.48,85.17,1034,975,1.06,356.24,60.0,1.82,1.98,2026-10-01,2026-10-01 08:22:09
9924,福興,38.2,37.8,38.25,37.8,39.37,30.9,41.3,-0.18,-0.22,0.04,38.7,38.12,37.53,50,64,0.78,57.59,11.4,2.5,6.54,2026-10-01,2026-10-01 08:22:10
9925,新保,39.55,39.55,39.7,39.45,43.53,48.79,41.67,-0.06,-0.06,0.0,39.88,39.61,39.33,317,358,0.88,151.95,13.14,2.0,5.06,2026-10-01,2026-10-01 08:22:11
9926,新海,49.1,48.7,49.1,48.7,39.42,38.55,47.73,-0.01,0.03,-0.04,49.68,49.22,48.76,9,9,0.94,88.14,17.29,2.1,4.28,2026-10-01,2026-10-01 08:22:12
9927,泰銘,64.0,64.7,64.7,63.7,46.68,58.77,34.35,0.09,0.15,-0.06,65.48,64.84,64.2,747,463,1.61,76.8,12.17,5.0,7.81,2026-10-01,2026-10-01 08:22:13
9928,中視,18.05,17.9,18.2,17.85,66.57,57.36,61.54,-0.07,-0.12,0.05,18.0,17.74,17.48,72,42,1.7,12.77,,,,2026-10-01,2026-10-01 08:22:15
9929,秋雨,11.1,11.15,11.15,11.05,33.6,30.89,35.48,-0.07,-0.07,0.0,11.49,11.13,10.76,3,7,0.4,11.24,22.65,,,2026-10-01,2026-10-01 08:22:16
9930,中聯資源,60.2,60.1,60.2,59.9,13.45,11.94,12.5,-0.73,-0.63,-0.1,63.57,61.51,59.44,61,114,0.54,149.62,13.65,4.0,6.64,2026-10-01,2026-10-01 08:22:17
9931,欣高,34.1,33.85,34.1,33.85,48.87,39.8,46.87,0.02,0.03,-0.01,34.31,34.02,33.72,5,11,0.46,41.05,11.96,1.8,5.28,2026-10-01,2026-10-01 08:22:18
9933,中鼎,41.65,40.6,42.0,40.6,31.39,37.23,59.74,0.46,0.56,-0.1,43.19,40.75,38.31,3028,1662,1.82,400.27,7.84,0.76,1.82,2026-10-01,2026-10-01 08:22:20
9934,成霖,9.86,9.86,9.92,9.82,48.3,38.19,19.67,-0.29,-0.29,-0.0,11.19,10.18,9.16,302,323,0.94,40.53,39.44,0.1,1.01,2026-10-01,2026-10-01 08:22:21
9935,慶豐富,18.35,18.2,18.35,18.15,69.4,52.7,25.93,-0.37,-0.38,0.02,20.06,18.65,17.24,140,142,0.98,32.27,7.68,1.2,6.54,2026-10-01,2026-10-01 08:22:22
9937,全國,54.5,54.2,54.5,54.2,57.91,43.28,28.57,-0.21,-0.18,-0.03,55.83,54.75,53.67,14,17,0.8,168.43,21.29,2.2,4.04,2026-10-01,2026-10-01 08:22:23
9938,百和,38.55,38.25,38.65,38.1,48.53,35.62,33.33,-0.9,-0.99,0.09,41.69,39.01,36.33,532,634,0.84,114.87,11.9,3.0,7.78,2026-10-01,2026-10-01 08:22:24
9939,宏全,124.5,126.0,126.0,123.5,33.28,28.31,38.46,-1.65,-1.51,-0.14,131.91,127.17,122.44,797,577,1.38,368.25,11.35,6.2,4.98,2026-10-01,2026-10-01 08:22:26
9940,信義,20.05,20.1,20.2,20.05,19.32,25.79,44.9,-0.09,-0.07,-0.02,20.71,20.21,19.72,150,281,0.54,147.74,20.25,0.6,2.99,2026-10-01,2026-10-01 08:22:27
9941,裕融,77.9,77.9,78.1,77.2,9.92,12.96,29.31,-0.28,0.15,-0.43,82.6,80.2,77.8,1268,947,1.34,457.39,10.66,4.38,5.62,2026-10-01,2026-10-01 08:22:28
9942,茂順,114.5,114.5,114.5,114.0,59.0,54.04,54.55,-0.11,-0.16,0.04,115.02,114.05,113.08,22,50,0.45,95.22,12.62,7.0,6.11,2026-10-01,2026-10-01 08:22:29
9943,好樂迪,50.4,50.5,50.5,50.3,20.8,16.94,37.5,-0.29,-0.29,-0.0,51.44,50.75,50.05,18,45,0.4,63.09,8.62,3.5,6.94,2026-10-01,2026-10-01 08:22:30
9944,新麗,17.15,17.2,17.2,17.1,40.73,50.9,40.0,-0.07,-0.07,0.0,17.39,17.23,17.06,26,26,1.01,18.16,27.66,0.3,1.75,2026-10-01,2026-10-01 08:22:31
9945,潤泰新,29.25,29.45,29.5,29.15,60.95,65.19,60.19,0.38,0.31,0.06,29.92,28.61,27.3,3824,7161,0.53,824.74,2.36,1.1,3.76,2026-10-01,2026-10-01 08:22:33
9946,三發地產,16.85,16.85,17.0,16.85,20.36,25.35,46.88,-0.08,-0.08,-0.01,17.59,17.07,16.55,135,182,0.74,54.16,3.67,1.38,8.19,2026-10-01,2026-10-01 08:22:34
9949,琉園,24.3,24.3,24.3,24.25,34.17,25.91,61.54,0.03,-0.01,0.04,24.36,24.08,23.79,8,45,0.19,10.9,3.98,2.2,9.05,2026-10-01,2026-10-01 08:22:35
9950,萬國通,10.25,10.3,10.3,10.15,23.15,27.39,46.15,-0.03,-0.03,-0.0,10.4,10.27,10.14,22,18,1.23,17.19,,,,2026-10-01,2026-10-01 08:22:37
9951,皇田,47.0,47.0,47.0,46.7,13.63,15.49,12.86,-0.79,-0.6,-0.19,51.22,48.77,46.33,64,79,0.81,33.98,8.29,3.25,6.91,2026-10-01,2026-10-01 08:22:39
9955,佳龍,23.1,23.0,23.3,23.0,42.94,32.19,42.31,-0.33,-0.31,-0.02,24.08,23.43,22.78,115,183,0.63,24.12,12.09,,,2026-10-01,2026-10-01 08:22:40
9958,世紀鋼,92.0,93.0,93.6,91.7,68.48,68.39,50.98,-1.48,-2.21,0.73,94.05,91.13,88.21,863,821,1.05,245.54,13.18,4.45,4.84,2026-10-01,2026-10-01 08:22:41
9960,邁達康,37.5,39.7,41.05,37.35,79.97,78.53,64.17,2.25,1.33,0.92,41.12,33.25,25.39,158,133,1.19,12.6,16.52,1.55,4.13,2026-10-01,2026-10-01 08:22:42
9962,有益,10.35,10.45,10.5,10.3,72.38,58.14,71.43,0.02,-0.01,0.03,10.4,10.11,9.82,101,95,1.05,9.34,45.0,0.5,4.83,2026-10-01,2026-10-01 08:22:44
