股票代號,股票名稱,收盤價,K值,D值,RSI,DIF,MACD,柱狀圖,BB上軌,BB中軌,BB下軌,成交量張,5日均量張,量比,市值億,本益比,每股配息,殖利率,交易日,更新時間
1101,台泥,23.55,24.27,32.03,24.07,-0.35,-0.16,-0.19,26.96,25.14,23.32,54124,32039,1.69,1811.74,14.5,1.0,4.25,2026-03-20,2026-03-22 07:30:54
1102,亞泥,34.8,56.17,53.04,39.29,-0.32,-0.37,0.04,36.12,34.85,33.59,10328,8824,1.17,1234.2,11.64,2.2,6.32,2026-03-20,2026-03-22 07:30:55
1103,嘉泥,13.65,62.34,47.86,40.48,-0.11,-0.11,0.0,14.31,13.75,13.18,191,198,0.96,89.92,16.25,0.55,4.03,2026-03-20,2026-03-22 07:30:57
1104,環泥,29.2,55.28,61.57,42.05,-0.1,-0.12,0.01,30.55,29.48,28.41,418,723,0.58,200.51,12.53,1.7,5.82,2026-03-20,2026-03-22 07:30:58
1108,幸福,14.9,33.99,43.79,36.67,-0.03,-0.0,-0.03,15.39,15.1,14.82,236,626,0.38,60.31,6.39,0.75,5.03,2026-03-20,2026-03-22 07:30:59
1109,信大,15.3,51.46,49.87,30.77,-0.04,-0.03,-0.01,15.88,15.48,15.08,210,193,1.09,52.2,14.85,0.9,5.88,2026-03-20,2026-03-22 07:31:00
1110,東泥,15.1,38.24,48.1,26.67,-0.22,-0.16,-0.07,16.84,15.98,15.11,373,264,1.41,86.05,41.94,0.3,1.99,2026-03-20,2026-03-22 07:31:02
1201,味全,13.65,21.54,28.67,20.69,-0.19,-0.13,-0.05,14.8,14.19,13.59,566,581,0.97,69.08,34.12,0.5,3.66,2026-03-20,2026-03-22 07:31:03
1203,味王,38.55,43.7,43.13,22.0,-0.37,-0.25,-0.11,41.82,39.65,37.47,5,25,0.2,91.64,18.71,1.2,3.11,2026-03-20,2026-03-22 07:31:04
1210,大成,53.8,77.79,77.2,68.75,0.61,0.36,0.25,54.32,51.97,49.62,1849,2452,0.75,450.15,12.45,2.83,5.26,2026-03-20,2026-03-22 07:31:06
1213,大飲,9.98,83.36,75.19,54.68,-0.04,-0.08,0.03,10.12,9.8,9.48,6,13,0.43,5.65,,0.35,3.51,2026-03-20,2026-03-22 07:31:07
1215,卜蜂,150.0,17.47,24.64,38.78,0.47,1.55,-1.08,161.39,153.7,146.01,646,698,0.92,442.19,14.45,7.0,4.67,2026-03-20,2026-03-22 07:31:08
1216,統一,70.2,27.26,25.39,29.27,-0.9,-0.89,-0.01,75.22,71.83,68.44,15312,11275,1.36,3988.77,20.41,3.0,4.27,2026-03-20,2026-03-22 07:31:10
1217,愛之味,10.2,28.51,28.76,39.13,-0.08,-0.07,-0.01,10.68,10.35,10.02,637,631,1.01,50.44,24.29,0.25,2.45,2026-03-20,2026-03-22 07:31:11
1218,泰山,19.05,85.4,82.61,68.75,0.25,0.15,0.1,19.51,18.51,17.5,660,995,0.66,92.64,14.65,1.35,7.09,2026-03-20,2026-03-22 07:31:12
1219,福壽,13.6,38.08,39.04,52.0,0.01,0.01,-0.0,13.79,13.57,13.35,234,300,0.78,46.41,30.22,0.5,3.68,2026-03-20,2026-03-22 07:31:13
1220,台榮,12.65,4.11,10.26,28.0,-0.04,0.02,-0.05,13.31,12.96,12.6,175,154,1.13,22.31,158.12,0.7,5.53,2026-03-20,2026-03-22 07:31:15
1225,福懋油,31.95,22.09,26.06,46.98,0.62,0.77,-0.15,34.32,31.37,28.42,302,211,1.43,77.4,19.72,0.14,0.44,2026-03-20,2026-03-22 07:31:16
1227,佳格,30.75,83.4,72.07,61.25,0.2,0.09,0.11,30.7,29.84,28.99,4142,1472,2.81,279.34,21.06,1.4,4.55,2026-03-20,2026-03-22 07:31:17
1229,聯華,43.85,42.13,35.03,44.83,-0.37,-0.48,0.11,45.6,44.36,43.12,2446,2723,0.9,784.35,17.06,1.3,2.96,2026-03-20,2026-03-22 07:31:18
1231,聯華食,89.8,81.96,76.6,58.62,-0.56,-1.42,0.86,94.57,87.62,80.66,329,418,0.79,268.01,23.57,1.6,1.78,2026-03-20,2026-03-22 07:31:20
1232,大統益,149.5,41.59,40.78,31.58,0.56,0.9,-0.34,152.76,150.78,148.79,72,76,0.95,239.16,18.14,7.0,4.68,2026-03-20,2026-03-22 07:31:21
1233,天仁,30.1,10.54,22.43,23.77,-0.53,-0.26,-0.27,34.21,32.0,29.79,15,12,1.17,27.26,40.13,0.95,3.16,2026-03-20,2026-03-22 07:31:22
1234,黑松,36.0,33.0,41.29,33.33,-0.28,-0.25,-0.04,37.7,36.62,35.54,96,169,0.57,144.67,18.0,1.65,4.58,2026-03-20,2026-03-22 07:31:24
1235,興泰,39.75,35.37,19.79,27.07,-1.64,-1.38,-0.26,48.58,40.8,33.02,51,27,1.9,18.07,,0.5,1.26,2026-03-20,2026-03-22 07:31:25
1236,宏亞,27.1,37.15,39.45,42.86,0.3,0.41,-0.12,28.48,27.24,26.01,87,51,1.72,23.49,,0.6,2.21,2026-03-20,2026-03-22 07:31:26
1256,鮮活果汁-KY,154.0,9.21,20.29,44.83,-0.35,0.97,-1.32,170.16,160.28,150.39,40,45,0.88,55.09,13.81,4.66,3.03,2026-03-20,2026-03-22 07:31:27
1301,台塑,47.6,31.49,23.8,41.34,0.33,0.55,-0.22,52.21,48.09,43.98,43518,40124,1.08,3030.09,35.76,0.5,1.05,2026-03-20,2026-03-22 07:31:29
1303,南亞,78.4,46.62,51.17,40.55,1.75,2.36,-0.61,94.71,83.86,73.0,78825,94274,0.84,6217.76,137.54,0.7,0.89,2026-03-20,2026-03-22 07:31:30
1304,台聚,15.05,66.61,54.73,68.18,0.55,0.38,0.17,14.4,12.82,11.23,65104,24813,2.62,161.38,,0.2,1.33,2026-03-20,2026-03-22 07:31:31
1305,華夏,16.8,82.55,70.86,73.96,0.85,0.54,0.32,15.79,13.26,10.73,45808,20391,2.25,97.62,,0.15,0.89,2026-03-20,2026-03-22 07:31:32
1307,三芳,34.25,50.51,44.78,50.64,0.42,0.42,-0.0,35.83,34.11,32.4,1534,1272,1.21,136.25,12.06,2.7,7.88,2026-03-20,2026-03-22 07:31:34
1308,亞聚,16.5,60.48,53.71,64.89,0.52,0.36,0.15,16.28,14.61,12.94,30352,12581,2.41,97.97,61.11,0.25,1.52,2026-03-20,2026-03-22 07:31:35
1309,台達化,18.1,84.42,79.96,74.89,1.25,0.88,0.37,17.78,14.16,10.54,46474,20326,2.29,71.96,,0.2,1.1,2026-03-20,2026-03-22 07:31:36
1310,台苯,12.25,69.75,70.61,77.86,0.76,0.64,0.12,12.91,10.55,8.18,28077,18712,1.5,64.66,47.12,,,2026-03-20,2026-03-22 07:31:37
1312,國喬,14.3,50.93,46.25,63.81,0.31,0.25,0.06,14.61,13.6,12.59,45028,25791,1.75,163.24,21.67,,,2026-03-20,2026-03-22 07:31:39
1313,聯成,12.95,41.82,38.54,64.15,0.52,0.51,0.01,13.96,12.22,10.49,16190,13863,1.17,172.34,,0.15,1.16,2026-03-20,2026-03-22 07:31:40
1314,中石化,8.49,25.08,33.72,52.71,0.13,0.16,-0.03,9.35,8.54,7.72,58963,60227,0.98,321.33,4.88,,,2026-03-20,2026-03-22 07:31:41
1315,達新,63.8,36.88,35.73,43.24,-0.15,-0.14,-0.01,65.92,64.28,62.64,11,21,0.55,60.95,41.16,4.5,7.05,2026-03-20,2026-03-22 07:31:43
1316,上曜,12.7,37.67,45.84,39.06,-0.33,-0.34,0.01,14.13,13.17,12.22,1934,1614,1.2,44.08,57.73,,,2026-03-20,2026-03-22 07:31:44
1319,東陽,83.1,12.35,10.97,18.57,-5.16,-4.35,-0.81,105.87,91.77,77.66,1941,3724,0.52,491.52,12.92,5.3,6.38,2026-03-20,2026-03-22 07:31:45
1321,大洋,33.25,38.34,40.22,43.48,-0.15,-0.13,-0.02,34.18,33.49,32.8,84,184,0.46,73.38,,0.38,1.14,2026-03-20,2026-03-22 07:31:47
1323,永裕,19.1,91.31,88.7,62.16,0.04,-0.04,0.08,19.12,18.71,18.29,31,62,0.5,17.43,73.46,0.9,4.71,2026-03-20,2026-03-22 07:31:48
1324,地球,10.55,31.26,20.17,50.0,-0.08,-0.09,0.01,10.88,10.54,10.2,96,103,0.93,7.93,,0.2,1.9,2026-03-20,2026-03-22 07:31:49
1325,恆大,27.25,43.34,37.25,36.5,-0.75,-0.75,0.0,30.05,27.97,25.89,305,234,1.31,23.24,,0.3,1.1,2026-03-20,2026-03-22 07:31:51
1326,台化,45.85,55.13,43.58,44.2,1.36,1.56,-0.2,49.88,45.09,40.3,51662,57758,0.89,2681.77,42.83,0.5,1.09,2026-03-20,2026-03-22 07:31:52
1337,再生-KY,6.25,64.02,63.87,68.67,0.22,0.17,0.05,6.44,5.69,4.93,1517,2199,0.69,16.81,,,,2026-03-20,2026-03-22 07:31:53
1338,廣華-KY,15.35,25.66,18.53,20.37,-1.12,-1.09,-0.03,19.96,16.82,13.68,269,169,1.59,12.4,1.78,0.78,5.08,2026-03-20,2026-03-22 07:31:54
1339,昭輝,41.35,55.91,47.45,34.51,-0.52,-0.5,-0.02,44.5,42.24,39.97,49,52,0.95,30.65,17.16,3.0,7.26,2026-03-20,2026-03-22 07:31:56
1340,勝悅-KY,7.0,28.66,47.17,48.1,0.04,0.06,-0.02,7.51,7.12,6.73,133,293,0.46,10.7,,,,2026-03-20,2026-03-22 07:31:57
1341,富林-KY,59.5,66.38,55.72,41.13,-0.1,0.03,-0.13,62.94,59.99,57.05,7,42,0.16,31.45,16.08,5.2,8.74,2026-03-20,2026-03-22 07:31:58
1342,八貫,86.0,14.34,21.42,19.58,-0.96,-0.23,-0.73,97.94,91.12,84.3,301,358,0.84,67.08,15.38,6.0,6.98,2026-03-20,2026-03-22 07:31:59
1402,遠東新,26.4,5.31,8.19,24.77,-0.41,-0.18,-0.23,29.75,28.05,26.35,29443,19610,1.5,1412.95,17.03,1.6,6.06,2026-03-20,2026-03-22 07:32:01
1409,新纖,16.3,67.09,68.19,59.83,0.36,0.22,0.14,16.94,15.64,14.33,8197,15164,0.54,263.04,13.7,0.6,3.68,2026-03-20,2026-03-22 07:32:02
1410,南染,31.05,13.51,17.04,30.09,-0.57,-0.44,-0.13,34.42,32.64,30.86,108,57,1.87,19.25,55.45,0.51,1.64,2026-03-20,2026-03-22 07:32:03
1413,宏洲,9.72,35.89,33.49,37.61,-0.08,-0.07,-0.01,10.19,9.82,9.44,9,21,0.43,12.84,21.6,,,2026-03-20,2026-03-22 07:32:05
1414,東和,18.25,9.32,21.92,31.96,-0.1,0.14,-0.24,21.17,19.95,18.73,217,364,0.6,32.52,140.38,0.2,1.1,2026-03-20,2026-03-22 07:32:06
1416,廣豐,11.7,80.68,71.99,50.0,-0.02,-0.03,0.01,11.87,11.66,11.46,129,195,0.66,21.69,14.44,0.56,4.79,2026-03-20,2026-03-22 07:32:07
1417,嘉裕,9.0,83.02,70.63,57.48,0.02,-0.02,0.04,9.01,8.75,8.49,238,322,0.74,17.09,14.52,,,2026-03-20,2026-03-22 07:32:08
1418,東華,18.65,26.14,29.05,37.18,-0.28,-0.24,-0.04,19.99,19.15,18.31,23,16,1.44,10.13,,,,2026-03-20,2026-03-22 07:32:09
1419,新紡,60.3,19.43,26.62,29.71,-2.43,-2.25,-0.18,70.8,64.8,58.8,203,149,1.36,180.44,13.52,1.5,2.49,2026-03-20,2026-03-22 07:32:11
1423,利華,40.0,48.95,53.56,64.91,0.51,0.42,0.09,41.15,39.02,36.9,32,84,0.38,39.86,9.24,0.8,2.0,2026-03-20,2026-03-22 07:32:12
1432,大魯閣,18.0,53.68,53.57,48.72,-0.06,-0.1,0.04,19.49,18.05,16.6,674,1171,0.58,19.44,2.99,,,2026-03-20,2026-03-22 07:32:13
1434,福懋,16.4,11.83,14.11,25.81,-0.15,-0.03,-0.11,18.51,17.22,15.92,2095,1640,1.28,275.93,32.16,0.8,4.88,2026-03-20,2026-03-22 07:32:14
1435,中福,18.55,6.77,10.35,18.75,-0.88,-0.64,-0.24,24.54,20.79,17.03,1,12,0.09,25.93,,,,2026-03-20,2026-03-22 07:32:16
1436,華友聯,56.4,61.4,54.75,53.92,-1.22,-1.58,0.36,59.16,55.4,51.64,449,285,1.58,109.5,11.8,7.53,13.35,2026-03-20,2026-03-22 07:32:17
1437,勤益控,30.65,21.26,24.43,17.11,-0.48,-0.37,-0.11,33.69,31.88,30.07,74,80,0.93,61.87,12.77,1.83,5.97,2026-03-20,2026-03-22 07:32:18
1438,三地開發,29.85,29.67,24.19,31.39,-0.82,-0.7,-0.12,35.5,31.51,27.52,13,18,0.75,33.19,18.09,,,2026-03-20,2026-03-22 07:32:20
1439,雋揚,28.05,35.34,32.08,37.84,-0.46,-0.5,0.04,30.44,28.35,26.26,14,20,0.72,25.81,10.09,0.3,1.07,2026-03-20,2026-03-22 07:32:21
1440,南紡,13.1,60.35,50.7,47.54,-0.07,-0.13,0.06,13.69,13.06,12.44,1737,2462,0.71,217.04,62.38,0.3,2.29,2026-03-20,2026-03-22 07:32:22
1441,大東,9.92,22.47,19.48,35.56,-0.05,-0.06,0.0,10.16,10.01,9.86,37,34,1.09,7.12,,,,2026-03-20,2026-03-22 07:32:23
1442,名軒,28.0,66.25,53.79,45.99,-0.58,-0.7,0.12,30.12,27.69,25.25,1324,729,1.82,102.54,9.27,4.5,16.07,2026-03-20,2026-03-22 07:32:25
1443,立益物流,24.45,4.94,6.11,14.86,-0.68,-0.55,-0.13,28.3,25.81,23.32,17,20,0.85,33.09,21.64,,,2026-03-20,2026-03-22 07:32:26
1444,力麗,6.41,65.61,50.51,52.08,0.01,-0.02,0.03,6.56,6.24,5.92,1893,1597,1.18,63.1,22.89,,,2026-03-20,2026-03-22 07:32:27
1445,大宇,13.0,33.09,30.09,29.87,-0.39,-0.29,-0.1,15.57,13.71,11.84,15,84,0.18,16.99,,0.5,3.85,2026-03-20,2026-03-22 07:32:28
1446,宏和,17.3,89.47,80.47,61.9,0.05,-0.2,0.25,17.69,16.22,14.75,279,412,0.68,23.82,6.13,2.0,11.56,2026-03-20,2026-03-22 07:32:30
1447,力鵬,5.32,39.94,46.28,44.08,0.01,0.01,-0.01,5.67,5.48,5.3,9209,2708,3.4,44.88,14.78,,,2026-03-20,2026-03-22 07:32:31
1449,佳和,13.5,81.76,72.89,76.92,0.29,-0.03,0.33,12.7,11.01,9.32,15024,5504,2.73,17.16,112.5,0.33,2.44,2026-03-20,2026-03-22 07:32:32
1451,年興,17.95,56.66,54.46,43.55,0.03,0.08,-0.05,18.67,18.17,17.68,83,112,0.74,35.54,10.2,1.0,5.57,2026-03-20,2026-03-22 07:32:33
1452,宏益,11.2,46.0,40.71,37.5,-0.14,-0.15,0.01,11.78,11.33,10.88,92,73,1.26,14.86,5.66,0.5,4.46,2026-03-20,2026-03-22 07:32:35
1453,大將,12.4,30.11,27.02,39.06,-0.12,-0.1,-0.02,13.51,12.61,11.72,331,197,1.68,14.04,310.0,,,2026-03-20,2026-03-22 07:32:36
1454,台富,12.9,25.14,25.2,31.11,-0.24,-0.2,-0.04,14.42,13.27,12.11,11,26,0.43,15.75,,0.25,1.94,2026-03-20,2026-03-22 07:32:37
1455,集盛,9.22,72.35,70.01,72.97,0.23,0.15,0.07,9.51,8.72,7.92,901,1525,0.59,49.02,12.81,,,2026-03-20,2026-03-22 07:32:38
1456,怡華,14.45,79.16,75.57,61.18,0.17,0.1,0.07,14.12,13.33,12.55,215,100,2.15,13.54,4.25,,,2026-03-20,2026-03-22 07:32:40
1457,宜進,16.0,75.48,73.02,52.63,0.17,0.1,0.07,16.41,15.7,14.99,124,205,0.61,37.36,38.1,1.0,6.25,2026-03-20,2026-03-22 07:32:41
1459,聯發,11.7,21.09,24.44,29.41,-0.05,-0.01,-0.03,12.46,11.94,11.42,104,135,0.77,37.15,8.42,,,2026-03-20,2026-03-22 07:32:42
1460,宏遠,7.03,78.94,68.13,54.27,0.08,0.07,0.01,7.1,6.85,6.59,909,928,0.98,47.41,10.82,,,2026-03-20,2026-03-22 07:32:44
1463,強盛新,17.95,67.93,66.55,37.84,-0.04,-0.02,-0.02,18.48,18.03,17.57,136,109,1.25,30.8,138.08,2.1,11.7,2026-03-20,2026-03-22 07:32:45
1464,得力,10.5,13.38,18.71,38.46,-0.16,-0.14,-0.02,11.28,10.86,10.44,615,454,1.35,44.51,26.92,0.5,4.76,2026-03-20,2026-03-22 07:32:46
1465,偉全,12.1,25.4,36.42,31.25,-0.08,-0.05,-0.03,12.6,12.36,12.12,311,221,1.4,12.54,,0.6,4.96,2026-03-20,2026-03-22 07:32:48
1466,聚隆,17.9,44.09,42.95,37.12,0.52,0.6,-0.09,19.52,17.88,16.24,247,710,0.35,19.9,,,,2026-03-20,2026-03-22 07:32:49
1467,南緯,7.1,26.92,32.75,31.67,-0.1,-0.1,-0.01,7.62,7.28,6.93,116,192,0.6,16.59,,,,2026-03-20,2026-03-22 07:32:50
1468,昶和,12.0,27.76,26.86,15.0,-0.17,-0.06,-0.11,13.85,12.77,11.7,37,51,0.72,19.25,57.14,,,2026-03-20,2026-03-22 07:32:51
1470,大統新創,23.35,46.89,38.13,51.25,-0.12,-0.11,-0.01,24.24,22.96,21.68,1,9,0.11,20.03,29.94,1.01,4.33,2026-03-20,2026-03-22 07:32:53
1471,首利,13.95,65.01,55.27,47.8,0.42,0.39,0.03,14.49,12.61,10.72,4004,2257,1.77,20.98,465.0,,,2026-03-20,2026-03-22 07:32:54
1472,三洋實業,96.2,78.66,81.02,79.2,1.62,1.0,0.61,96.13,91.55,86.98,145,174,0.83,50.49,15.82,3.0,3.12,2026-03-20,2026-03-22 07:32:55
1473,台南,23.95,47.62,49.23,40.68,-0.31,-0.25,-0.06,26.03,24.57,23.11,73,133,0.55,35.0,42.02,2.0,8.35,2026-03-20,2026-03-22 07:32:56
1474,弘裕,10.1,42.49,30.76,37.8,-0.08,-0.09,0.01,10.38,10.14,9.9,149,88,1.69,13.12,30.61,0.4,3.96,2026-03-20,2026-03-22 07:32:57
1475,業旺,28.55,57.87,47.56,36.04,-0.68,-0.71,0.04,31.5,29.36,27.22,26,24,1.09,18.85,8.32,1.5,5.25,2026-03-20,2026-03-22 07:32:58
1476,儒鴻,367.5,26.14,25.11,31.2,-9.94,-7.72,-2.22,441.85,394.8,347.75,1352,1356,1.0,1008.3,18.28,17.0,4.63,2026-03-20,2026-03-22 07:33:00
1477,聚陽,285.0,39.71,33.52,27.67,-6.54,-5.25,-1.29,330.1,302.43,274.75,3519,1968,1.79,703.08,19.53,15.0,5.26,2026-03-20,2026-03-22 07:33:01
1503,士電,203.0,30.42,26.06,37.22,-1.91,-0.5,-1.4,232.98,211.55,190.12,1794,2172,0.83,1057.57,32.48,4.5,2.22,2026-03-20,2026-03-22 07:33:02
1504,東元,67.2,33.44,37.33,25.28,-3.62,-3.4,-0.22,84.94,73.98,63.01,10349,9310,1.11,1575.59,27.77,2.2,3.27,2026-03-20,2026-03-22 07:33:03
1506,正道,11.45,70.29,68.9,47.06,-0.14,-0.15,0.02,11.86,11.51,11.16,95,144,0.66,34.39,190.83,,,2026-03-20,2026-03-22 07:33:04
1512,瑞利,7.7,47.3,48.04,49.35,-0.04,-0.06,0.02,8.29,7.64,6.99,122,189,0.65,7.56,,,,2026-03-20,2026-03-22 07:33:05
1513,中興電,157.5,62.58,57.61,34.78,-1.55,-1.45,-0.1,174.72,161.57,148.43,3211,2967,1.08,778.17,19.54,4.6,2.92,2026-03-20,2026-03-22 07:33:06
1514,亞力,115.0,57.13,52.85,38.46,-1.06,-0.81,-0.26,129.46,118.72,107.99,2519,2603,0.97,311.5,35.6,1.7,1.48,2026-03-20,2026-03-22 07:33:07
1515,力山,24.95,41.82,42.08,35.51,-0.51,-0.52,0.01,27.24,25.62,24.0,240,218,1.1,45.28,25.72,1.0,4.01,2026-03-20,2026-03-22 07:33:09
1516,川飛,22.25,22.72,35.4,47.8,0.21,0.37,-0.15,25.2,22.66,20.11,259,117,2.21,8.9,556.25,,,2026-03-20,2026-03-22 07:33:10
1517,利奇,11.4,30.24,26.48,37.25,-0.14,-0.1,-0.04,12.39,11.73,11.07,193,198,0.98,25.08,1.73,0.2,1.75,2026-03-20,2026-03-22 07:33:11
1519,華城,916.0,49.45,48.4,34.25,-7.56,-2.61,-4.94,1050.2,948.2,846.2,2175,1961,1.11,2893.47,65.38,9.0,0.98,2026-03-20,2026-03-22 07:33:11
1521,大億,25.15,44.13,37.97,24.53,-0.32,-0.26,-0.06,27.55,25.82,24.1,25,19,1.29,19.17,28.91,1.0,3.98,2026-03-20,2026-03-22 07:33:12
1522,堤維西,33.65,5.41,9.81,17.0,-3.36,-2.68,-0.68,47.89,40.12,32.34,889,1536,0.58,104.97,19.56,3.0,8.92,2026-03-20,2026-03-22 07:33:13
1524,耿鼎,28.7,27.78,34.18,36.26,-0.68,-0.66,-0.02,31.3,29.55,27.79,492,565,0.87,47.44,14.72,1.4,4.88,2026-03-20,2026-03-22 07:33:14
1525,江申,61.6,28.79,28.66,31.37,-0.47,-0.4,-0.07,64.46,62.45,60.45,13,27,0.48,45.21,15.96,2.8,4.55,2026-03-20,2026-03-22 07:33:15
1526,日馳,17.85,32.49,26.17,33.01,-0.54,-0.43,-0.1,20.63,18.69,16.75,496,186,2.66,10.71,,,,2026-03-20,2026-03-22 07:33:16
1527,鑽全,32.4,34.9,30.99,36.67,-0.47,-0.44,-0.03,34.54,33.1,31.66,528,654,0.81,44.9,23.65,2.2,6.79,2026-03-20,2026-03-22 07:33:17
1528,恩德,22.6,61.12,58.85,44.87,-0.46,-0.57,0.11,24.52,22.72,20.91,4221,5425,0.78,43.24,,0.1,0.44,2026-03-20,2026-03-22 07:33:18
1529,樂事綠能,26.55,48.29,62.61,51.85,1.13,1.2,-0.06,29.71,26.56,23.42,2729,3506,0.78,41.18,26.29,0.2,0.75,2026-03-20,2026-03-22 07:33:19
1530,亞崴,26.25,13.91,18.74,25.0,-0.62,-0.48,-0.14,29.9,27.58,25.27,21,35,0.62,24.83,43.75,1.53,5.83,2026-03-20,2026-03-22 07:33:20
1531,高林股,12.9,85.97,72.07,56.72,0.15,0.03,0.12,13.27,12.26,11.26,159,227,0.7,23.49,13.72,0.4,3.1,2026-03-20,2026-03-22 07:33:21
1532,勤美,22.8,22.84,30.34,37.93,-0.47,-0.44,-0.03,24.74,23.58,22.42,626,820,0.76,94.91,23.27,1.73,7.59,2026-03-20,2026-03-22 07:33:22
1533,車王電,30.75,62.64,64.65,51.22,-0.11,-0.26,0.15,31.58,30.55,29.52,72,101,0.71,30.3,53.02,,,2026-03-20,2026-03-22 07:33:23
1535,中宇,52.9,56.27,58.5,59.22,0.6,0.25,0.35,54.69,50.97,47.24,107,112,0.96,65.46,13.26,3.0,5.67,2026-03-20,2026-03-22 07:33:24
1536,和大,50.7,19.51,20.96,20.11,-2.39,-1.99,-0.41,64.56,55.93,47.31,2084,3041,0.69,141.43,93.89,0.8,1.58,2026-03-20,2026-03-22 07:33:25
1537,廣隆,123.0,54.14,60.11,40.91,0.01,0.01,0.0,125.87,124.03,122.18,99,66,1.48,100.94,15.51,10.5,8.54,2026-03-20,2026-03-22 07:33:26
1538,正峰,16.85,22.63,21.02,19.1,-2.21,-2.06,-0.16,26.66,20.21,13.75,11,30,0.36,5.44,,,,2026-03-20,2026-03-22 07:33:26
1539,巨庭,17.0,56.2,52.41,36.84,-0.31,-0.32,0.01,18.58,17.36,16.15,29,63,0.46,11.11,80.95,0.85,5.0,2026-03-20,2026-03-22 07:33:27
1540,喬福,22.15,44.18,50.7,37.86,-0.54,-0.53,-0.0,24.56,22.89,21.22,262,259,1.01,18.93,21.3,1.6,7.22,2026-03-20,2026-03-22 07:33:28
1541,錩泰,25.3,52.06,53.8,50.0,0.1,0.02,0.08,26.12,24.95,23.78,29,37,0.78,19.94,10.95,0.5,1.98,2026-03-20,2026-03-22 07:33:29
1558,伸興,93.2,22.0,26.89,25.32,-1.11,-1.09,-0.02,100.29,95.67,91.05,75,48,1.57,60.15,16.95,6.0,6.44,2026-03-20,2026-03-22 07:33:30
1560,中砂,474.0,53.57,43.26,43.04,8.78,11.34,-2.56,520.61,474.65,428.69,1955,2782,0.7,698.16,52.09,3.99,0.84,2026-03-20,2026-03-22 07:33:32
1563,巧新,40.25,9.34,12.48,34.16,-1.37,-1.23,-0.14,46.34,42.55,38.77,476,395,1.21,87.38,28.35,2.27,5.64,2026-03-20,2026-03-22 07:33:32
1568,倉佑,22.6,76.61,70.18,51.11,-0.2,-0.32,0.13,23.26,22.2,21.14,91,107,0.85,23.3,16.62,1.2,5.31,2026-03-20,2026-03-22 07:33:34
1582,信錦,88.2,57.02,70.44,64.64,5.86,5.48,0.38,100.68,82.71,64.74,4735,9117,0.52,127.25,25.71,5.5,6.24,2026-03-20,2026-03-22 07:33:35
1583,程泰,44.95,43.79,26.47,31.13,-1.12,-0.96,-0.16,51.14,46.0,40.85,28,18,1.53,49.18,20.71,3.03,6.74,2026-03-20,2026-03-22 07:33:35
1587,吉茂,35.5,5.49,7.45,19.54,-2.73,-2.58,-0.14,47.12,40.04,32.97,483,568,0.85,28.42,95.95,0.5,1.41,2026-03-20,2026-03-22 07:33:36
1589,永冠-KY,7.71,55.48,49.75,33.58,-2.04,-2.2,0.16,16.51,9.9,3.3,988,1822,0.54,11.81,1.69,,,2026-03-20,2026-03-22 07:33:37
1590,亞德客-KY,981.0,32.5,32.63,18.72,-30.29,-16.18,-14.11,1270.09,1083.4,896.71,723,662,1.09,1962.0,23.36,20.01,2.04,2026-03-20,2026-03-22 07:33:38
1597,直得,80.3,81.59,73.42,48.61,0.31,-0.3,0.61,83.59,77.14,70.69,501,432,1.16,70.07,88.24,0.7,0.87,2026-03-20,2026-03-22 07:33:39
1598,岱宇,19.9,71.12,69.7,59.63,0.0,-0.11,0.11,20.56,19.54,18.52,249,319,0.78,33.1,38.27,0.5,2.51,2026-03-20,2026-03-22 07:33:40
1603,華電,33.85,9.78,15.05,26.53,-1.35,-1.06,-0.28,40.05,36.54,33.04,245,542,0.45,53.77,10.38,1.5,4.43,2026-03-20,2026-03-22 07:33:42
1604,聲寶,25.05,86.72,84.33,62.26,0.28,0.18,0.1,25.44,24.51,23.58,238,375,0.63,91.12,14.74,1.5,5.99,2026-03-20,2026-03-22 07:33:43
1605,華新,31.85,47.98,51.93,35.4,-1.18,-1.21,0.03,37.53,33.69,29.85,29977,33421,0.9,1411.38,42.47,0.5,1.57,2026-03-20,2026-03-22 07:33:44
1608,華榮,33.25,46.04,46.37,35.44,-0.81,-0.85,0.04,36.87,34.38,31.89,2787,2590,1.08,141.05,6.07,1.0,3.01,2026-03-20,2026-03-22 07:33:45
1609,大亞,33.8,11.49,19.23,17.7,-1.44,-1.1,-0.34,42.39,37.64,32.89,4727,4698,1.01,264.64,20.99,0.75,2.22,2026-03-20,2026-03-22 07:33:47
1611,中電,13.5,78.21,72.08,53.95,0.07,-0.01,0.08,13.92,13.14,12.36,755,975,0.77,43.57,79.41,0.8,5.93,2026-03-20,2026-03-22 07:33:48
1612,宏泰,35.6,73.95,64.17,47.1,-0.07,-0.23,0.16,36.99,35.15,33.31,478,873,0.55,112.52,13.48,2.1,5.9,2026-03-20,2026-03-22 07:33:49
1614,三洋電,32.1,18.66,22.0,25.93,-0.48,-0.37,-0.11,35.52,33.38,31.24,55,32,1.68,83.12,33.44,0.58,1.81,2026-03-20,2026-03-22 07:33:51
1615,大山,46.35,64.46,58.35,40.09,-0.58,-0.72,0.14,49.76,46.7,43.64,52,116,0.45,91.15,9.7,2.0,4.31,2026-03-20,2026-03-22 07:33:52
1616,億泰,23.95,4.62,10.1,24.35,-1.1,-0.77,-0.33,30.6,27.0,23.4,1087,1138,0.96,45.38,15.45,1.8,7.52,2026-03-20,2026-03-22 07:33:53
1617,榮星,14.9,50.23,50.73,40.0,-0.22,-0.21,-0.01,16.32,15.31,14.31,136,97,1.41,23.51,21.91,0.5,3.36,2026-03-20,2026-03-22 07:33:55
1618,合機,40.8,22.68,24.17,26.2,-0.96,-0.74,-0.21,47.16,43.21,39.26,762,561,1.36,78.62,9.76,1.5,3.68,2026-03-20,2026-03-22 07:33:56
1623,大東電,200.0,44.06,40.74,32.39,-11.39,-13.08,1.69,234.29,208.93,183.56,166,211,0.79,132.0,14.71,8.0,4.0,2026-03-20,2026-03-22 07:33:57
1626,艾美特-KY,10.15,32.02,41.6,21.87,-0.19,-0.15,-0.04,11.28,10.72,10.16,58,77,0.75,15.21,,,,2026-03-20,2026-03-22 07:33:58
1702,南僑,35.6,15.38,18.14,18.42,-0.58,-0.48,-0.1,38.86,36.86,34.86,383,340,1.13,88.32,31.79,2.5,7.02,2026-03-20,2026-03-22 07:33:59
1707,葡萄王,119.5,30.3,36.61,36.0,-0.78,-0.7,-0.08,124.36,121.0,117.64,116,87,1.34,177.02,14.63,6.0,5.02,2026-03-20,2026-03-22 07:34:00
1708,東鹼,44.75,81.14,75.23,69.37,2.6,1.75,0.85,45.79,38.52,31.25,15801,18556,0.85,111.43,13.77,2.0,4.47,2026-03-20,2026-03-22 07:34:01
1709,和益,18.2,73.91,67.93,59.81,0.37,0.2,0.17,18.62,17.23,15.84,1790,2374,0.75,86.82,14.8,0.8,4.4,2026-03-20,2026-03-22 07:34:01
1710,東聯,15.35,66.46,59.59,70.31,0.41,0.25,0.16,14.92,13.53,12.13,49853,16684,2.99,134.62,15.99,,,2026-03-20,2026-03-22 07:34:02
1711,永光,41.8,87.11,83.81,76.35,4.45,2.95,1.5,42.43,30.33,18.22,28023,66559,0.42,228.96,,0.3,0.72,2026-03-20,2026-03-22 07:34:03
1712,興農,44.55,40.55,36.95,57.19,0.25,0.29,-0.04,45.16,43.99,42.83,1073,2127,0.5,187.33,17.13,2.5,5.61,2026-03-20,2026-03-22 07:34:04
1713,國化,47.6,75.11,67.44,47.78,-0.05,-0.24,0.18,49.24,47.04,44.84,320,393,0.82,71.85,12.36,7.5,15.76,2026-03-20,2026-03-22 07:34:05
1714,和桐,9.68,49.83,42.97,47.93,0.12,0.15,-0.02,10.22,9.66,9.1,7326,7759,0.94,95.03,19.36,0.21,2.17,2026-03-20,2026-03-22 07:34:06
1717,長興,66.7,62.44,54.71,48.23,1.45,1.39,0.07,69.23,62.73,56.24,101258,43718,2.32,781.89,47.3,1.0,1.5,2026-03-20,2026-03-22 07:34:07
1718,中纖,7.71,45.45,41.74,65.02,0.13,0.1,0.03,7.8,7.33,6.86,26572,13154,2.02,103.44,85.67,,,2026-03-20,2026-03-22 07:34:08
1720,生達,62.3,27.44,35.33,31.33,0.4,0.62,-0.22,66.15,63.45,60.75,385,328,1.17,111.33,12.03,2.8,4.49,2026-03-20,2026-03-22 07:34:09
1721,三晃,19.0,67.42,66.55,55.71,0.55,0.35,0.2,20.97,18.17,15.37,3344,6126,0.55,35.13,,,,2026-03-20,2026-03-22 07:34:10
1722,台肥,47.05,21.39,27.19,48.15,0.14,0.14,0.01,48.06,47.05,46.03,9456,8378,1.13,461.09,49.53,2.0,4.25,2026-03-20,2026-03-22 07:34:11
1723,中碳,74.0,67.88,64.06,56.22,0.93,0.42,0.51,77.64,72.09,66.54,1234,1419,0.87,171.79,27.92,4.5,6.08,2026-03-20,2026-03-22 07:34:12
1725,元禎,33.1,71.13,62.36,57.04,1.26,0.58,0.68,34.07,29.22,24.37,1617,1322,1.22,60.19,21.63,1.25,3.78,2026-03-20,2026-03-22 07:34:13
1726,永記,75.4,34.05,39.54,36.0,-0.21,-0.11,-0.1,78.08,76.31,74.54,15,15,0.96,122.15,13.73,3.6,4.77,2026-03-20,2026-03-22 07:34:14
1727,中華化,53.4,56.3,62.72,57.32,2.72,2.27,0.45,59.54,50.25,40.96,6813,15625,0.44,66.95,1335.0,0.5,0.94,2026-03-20,2026-03-22 07:34:15
1730,花仙子,52.8,39.31,48.37,31.58,-0.05,0.03,-0.08,53.73,53.23,52.73,17,33,0.52,33.39,11.73,3.0,5.68,2026-03-20,2026-03-22 07:34:16
1731,美吾華,21.85,37.77,39.27,38.46,-0.02,-0.01,-0.01,22.16,21.94,21.73,95,73,1.3,29.04,16.07,1.2,5.49,2026-03-20,2026-03-22 07:34:17
1732,毛寶,26.0,29.67,38.28,30.49,-0.46,-0.45,-0.01,28.0,26.75,25.5,196,129,1.52,11.04,37.68,0.5,1.92,2026-03-20,2026-03-22 07:34:18
1733,五鼎,29.1,62.16,60.87,39.78,-0.18,-0.17,-0.01,30.9,29.62,28.34,176,146,1.2,29.09,17.96,1.2,4.12,2026-03-20,2026-03-22 07:34:19
1734,杏輝,31.0,61.84,65.1,55.74,0.06,0.03,0.03,31.23,30.77,30.32,217,303,0.72,58.96,16.15,0.95,3.06,2026-03-20,2026-03-22 07:34:20
1735,日勝化,28.95,82.52,83.28,68.97,3.15,2.02,1.13,31.62,21.89,12.16,1377,4628,0.3,28.77,37.12,0.8,2.76,2026-03-20,2026-03-22 07:34:21
1736,喬山,123.0,15.29,26.22,42.06,-4.35,-3.99,-0.36,143.97,132.72,121.48,683,497,1.37,373.18,13.56,4.0,3.25,2026-03-20,2026-03-22 07:34:22
1737,臺鹽,31.5,53.42,56.42,42.86,-0.0,0.0,-0.0,31.86,31.62,31.38,182,102,1.78,63.0,15.83,1.3,4.13,2026-03-20,2026-03-22 07:34:23
1752,南光,36.25,20.2,25.37,32.79,-0.11,-0.06,-0.05,37.36,36.77,36.18,53,57,0.94,36.61,15.04,1.6,4.41,2026-03-20,2026-03-22 07:34:24
1760,寶齡富錦,62.0,76.39,63.37,51.18,-0.58,-0.86,0.28,63.65,61.04,58.43,155,114,1.36,53.16,28.05,1.8,2.9,2026-03-20,2026-03-22 07:34:25
1762,中化生,29.05,44.25,55.88,61.96,0.85,0.81,0.04,30.8,28.25,25.69,124,186,0.67,22.34,64.56,0.19,0.65,2026-03-20,2026-03-22 07:34:26
1773,勝一,150.0,56.1,48.73,44.79,-0.19,-0.43,0.23,159.47,149.2,138.93,675,787,0.86,450.0,22.12,2.5,1.67,2026-03-20,2026-03-22 07:34:27
1776,展宇,16.0,48.19,49.23,61.43,0.24,0.1,0.15,16.57,15.39,14.21,113,495,0.23,9.62,88.89,0.6,3.75,2026-03-20,2026-03-22 07:34:27
1783,和康生,44.35,75.26,65.51,51.5,-0.26,-0.44,0.19,45.62,43.6,41.58,68,83,0.81,39.77,15.09,0.83,1.87,2026-03-20,2026-03-22 07:34:28
1785,光洋科,95.6,86.43,89.62,77.97,8.83,5.52,3.31,102.69,73.78,44.87,36146,32987,1.1,569.76,40.85,2.0,2.09,2026-03-20,2026-03-22 07:34:30
1786,科妍,64.2,9.16,13.73,27.42,-2.77,-2.51,-0.26,76.52,69.11,61.7,232,236,0.98,48.04,29.45,1.91,2.98,2026-03-20,2026-03-22 07:34:31
1789,神隆,21.25,60.73,63.3,47.51,-0.23,-0.34,0.12,22.72,21.39,20.05,1556,1670,0.93,168.03,125.0,0.35,1.65,2026-03-20,2026-03-22 07:34:32
1795,美時,214.0,15.45,19.9,29.94,-21.43,-17.51,-3.92,305.2,260.3,215.4,7818,6522,1.2,562.41,11.86,5.78,2.7,2026-03-20,2026-03-22 07:34:33
1799,易威,37.8,74.31,74.79,63.43,1.73,0.48,1.26,41.65,32.86,24.07,384,543,0.71,47.13,,,,2026-03-20,2026-03-22 07:34:35
1802,台玻,57.6,59.97,59.06,39.19,2.94,3.23,-0.29,68.1,58.37,48.65,94605,72744,1.3,1675.04,17.14,,,2026-03-20,2026-03-22 07:34:36
1805,寶徠,11.7,62.03,39.19,51.67,-0.28,-0.34,0.07,12.22,10.97,9.72,1045,260,4.02,15.79,58.5,,,2026-03-20,2026-03-22 07:34:37
1806,冠軍,8.61,21.23,21.82,36.44,-0.09,-0.07,-0.01,9.07,8.79,8.5,276,361,0.76,33.28,26.91,1.0,11.61,2026-03-20,2026-03-22 07:34:38
1808,潤隆,30.7,67.06,70.02,51.32,-0.21,-0.39,0.18,32.41,30.52,28.62,1327,938,1.41,274.16,22.57,2.22,7.23,2026-03-20,2026-03-22 07:34:38
1809,中釉,32.45,77.16,65.65,68.51,1.66,0.97,0.69,31.34,26.19,21.03,42556,18420,2.31,54.21,170.79,0.25,0.77,2026-03-20,2026-03-22 07:34:39
1810,和成,17.9,42.14,35.43,34.94,-0.27,-0.24,-0.02,19.72,18.34,16.96,707,747,0.95,54.03,358.0,0.19,1.06,2026-03-20,2026-03-22 07:34:40
1817,凱撒衛,38.75,72.27,60.43,42.31,0.02,0.03,-0.01,39.26,38.82,38.37,24,32,0.74,28.13,10.79,2.4,6.19,2026-03-20,2026-03-22 07:34:41
1903,士紙,49.35,11.94,14.58,26.55,-1.47,-1.33,-0.14,55.6,51.8,48.0,117,139,0.84,128.33,38.26,,,2026-03-20,2026-03-22 07:34:42
1904,正隆,17.55,31.18,27.22,39.73,-0.12,-0.07,-0.05,18.93,17.96,16.99,1988,1105,1.8,194.5,23.72,0.45,2.56,2026-03-20,2026-03-22 07:34:43
1905,華紙,11.7,37.34,28.57,41.07,-0.12,-0.1,-0.03,12.66,11.94,11.22,2883,2088,1.38,129.03,,,,2026-03-20,2026-03-22 07:34:44
1906,寶隆,11.2,39.52,36.58,33.33,-0.16,-0.14,-0.02,12.16,11.56,10.96,148,184,0.81,16.91,1120.0,0.1,0.89,2026-03-20,2026-03-22 07:34:45
1907,永豐餘,24.0,20.18,23.8,32.99,-0.39,-0.34,-0.05,26.54,24.81,23.09,755,1032,0.73,398.49,20.17,0.8,3.33,2026-03-20,2026-03-22 07:34:46
1909,榮成,9.2,17.41,18.38,32.81,-0.19,-0.18,-0.01,10.16,9.49,8.83,1274,1471,0.87,120.13,,,,2026-03-20,2026-03-22 07:34:47
2002,中鋼,19.45,37.57,31.0,41.3,-0.22,-0.15,-0.07,21.2,19.75,18.3,101781,61415,1.66,2979.78,43.8,0.33,1.7,2026-03-20,2026-03-22 07:34:48
2006,東和鋼鐵,70.5,14.82,28.69,42.08,1.12,1.88,-0.77,79.39,72.8,66.21,12225,7429,1.65,514.8,10.95,4.3,6.1,2026-03-20,2026-03-22 07:34:49
2007,燁興,8.63,66.5,51.85,53.78,-0.02,-0.04,0.02,8.68,8.15,7.62,2915,944,3.09,45.8,,,,2026-03-20,2026-03-22 07:34:50
2008,高興昌,27.85,15.21,17.35,28.57,-0.4,-0.28,-0.12,30.52,28.89,27.25,9,67,0.14,53.15,40.96,0.5,1.8,2026-03-20,2026-03-22 07:34:51
2009,第一銅,41.85,39.55,47.48,35.14,-1.22,-1.2,-0.03,47.4,43.81,40.22,1908,1960,0.97,150.5,123.09,0.5,1.19,2026-03-20,2026-03-22 07:34:52
2010,春源,25.45,86.04,81.02,72.03,0.8,0.59,0.21,25.23,23.31,21.38,4895,2973,1.65,164.83,10.97,1.3,5.11,2026-03-20,2026-03-22 07:34:53
2012,春雨,16.45,59.66,41.45,41.44,-0.24,-0.27,0.03,18.04,16.36,14.68,162,196,0.82,45.85,91.39,1.0,6.08,2026-03-20,2026-03-22 07:34:54
2013,中鋼構,44.45,62.63,69.48,60.16,0.53,0.45,0.08,45.06,43.33,41.6,591,263,2.24,88.9,13.98,2.0,4.5,2026-03-20,2026-03-22 07:34:55
2014,中鴻,19.6,70.0,57.14,60.99,0.19,0.09,0.1,19.07,17.84,16.61,24808,9733,2.55,281.37,36.3,,,2026-03-20,2026-03-22 07:34:56
2015,豐興,68.8,58.74,62.82,51.11,0.89,0.93,-0.04,70.1,68.02,65.93,389,506,0.77,400.14,17.87,3.3,4.8,2026-03-20,2026-03-22 07:34:57
2017,官田鋼,10.85,65.51,52.69,61.04,0.3,0.24,0.06,10.64,9.65,8.66,8605,2726,3.16,46.37,,,,2026-03-20,2026-03-22 07:34:58
2020,美亞,24.2,48.39,45.24,45.57,0.02,0.03,-0.01,24.73,24.14,23.55,856,405,2.11,64.62,11.36,2.2,9.09,2026-03-20,2026-03-22 07:34:59
2022,聚亨,9.82,78.36,70.72,61.89,0.12,0.08,0.04,9.51,9.04,8.58,5568,1757,3.17,33.11,,,,2026-03-20,2026-03-22 07:35:00
2023,燁輝,14.55,36.6,42.2,44.83,-0.09,-0.08,-0.01,14.96,14.65,14.35,3018,2454,1.23,270.81,38.29,,,2026-03-20,2026-03-22 07:35:02
2024,志聯,15.5,37.97,20.17,39.78,-0.33,-0.29,-0.04,17.14,15.55,13.95,22,14,1.54,15.11,,,,2026-03-20,2026-03-22 07:35:03
2025,千興,11.6,50.92,34.23,45.12,-0.31,-0.31,0.0,12.55,11.32,10.09,545,196,2.78,20.03,,,,2026-03-20,2026-03-22 07:35:04
2027,大成鋼,37.5,56.01,56.96,54.74,0.05,-0.03,0.08,38.0,37.02,36.04,40152,22806,1.76,882.69,13.07,1.1,2.93,2026-03-20,2026-03-22 07:35:05
2028,威致,19.25,58.12,41.34,51.72,-0.14,-0.18,0.05,19.77,18.29,16.81,1711,425,4.02,62.37,68.75,0.6,3.12,2026-03-20,2026-03-22 07:35:07
2029,盛餘,20.7,33.78,26.62,33.75,-0.22,-0.15,-0.07,22.27,21.15,20.03,430,234,1.84,66.48,27.97,1.25,6.04,2026-03-20,2026-03-22 07:35:08
2030,彰源,16.55,41.87,30.5,54.0,-0.1,-0.12,0.02,16.77,15.84,14.91,4511,1332,3.39,45.67,47.29,0.71,4.29,2026-03-20,2026-03-22 07:35:09
2031,新光鋼,40.25,77.99,75.07,55.81,0.24,0.07,0.17,40.86,39.04,37.22,3055,1171,2.61,129.26,12.27,2.5,6.21,2026-03-20,2026-03-22 07:35:10
2032,新鋼,16.9,62.82,45.89,56.52,-0.1,-0.19,0.09,16.94,15.74,14.54,2799,818,3.42,22.06,30.18,0.38,2.25,2026-03-20,2026-03-22 07:35:11
2033,佳大,15.6,13.39,22.93,29.09,-0.12,-0.05,-0.07,16.87,16.21,15.55,615,289,2.13,12.59,44.57,0.2,1.28,2026-03-20,2026-03-22 07:35:12
2034,允強,20.5,63.69,55.8,50.0,-0.21,-0.27,0.06,21.21,20.28,19.36,2771,1256,2.21,108.44,102.5,1.0,4.88,2026-03-20,2026-03-22 07:35:13
2038,海光,16.25,55.58,44.24,62.37,0.02,-0.05,0.08,15.81,15.05,14.28,4017,1187,3.38,31.55,,,,2026-03-20,2026-03-22 07:35:14
2049,上銀,223.5,35.76,45.31,32.12,0.19,1.94,-1.75,250.42,234.4,218.38,3337,3062,1.09,790.73,52.1,2.4,1.07,2026-03-20,2026-03-22 07:35:15
2059,川湖,3405.0,73.36,71.34,49.55,42.96,6.86,36.09,3595.95,3275.75,2955.55,1089,661,1.65,3244.86,33.78,32.2,0.95,2026-03-20,2026-03-22 07:35:16
2062,橋椿,20.2,37.14,36.68,33.67,-0.35,-0.33,-0.02,22.17,20.87,19.57,276,215,1.28,40.4,51.79,1.8,8.91,2026-03-20,2026-03-22 07:35:17
2069,運錩,18.85,49.56,56.92,50.0,-0.05,-0.05,-0.0,19.43,18.78,18.13,637,385,1.65,31.36,11.64,0.9,4.77,2026-03-20,2026-03-22 07:35:18
2101,南港,35.35,53.65,37.42,49.35,-0.63,-0.81,0.18,36.91,34.13,31.35,5618,2783,2.02,255.6,73.65,0.7,1.98,2026-03-20,2026-03-22 07:35:19
2102,泰豐,19.15,49.91,43.51,35.61,-0.23,-0.22,-0.01,21.19,19.53,17.87,514,552,0.93,88.01,,,,2026-03-20,2026-03-22 07:35:20
2103,台橡,20.65,52.13,56.88,58.97,1.19,1.24,-0.05,22.84,20.11,17.38,13525,10030,1.35,170.51,38.24,0.63,3.05,2026-03-20,2026-03-22 07:35:21
2104,國際中橡,12.65,45.55,41.9,54.93,0.19,0.19,-0.0,13.62,12.54,11.46,7759,5036,1.54,122.7,46.85,,,2026-03-20,2026-03-22 07:35:22
2105,正新,30.3,80.17,67.34,49.57,-0.17,-0.28,0.11,31.49,29.81,28.13,12435,11189,1.11,982.15,20.2,2.4,7.92,2026-03-20,2026-03-22 07:35:23
2106,建大,17.85,6.99,11.32,22.78,-0.49,-0.37,-0.11,20.79,19.09,17.39,1952,889,2.2,170.45,137.31,1.1,6.16,2026-03-20,2026-03-22 07:35:24
2107,厚生,25.15,59.75,49.18,36.84,0.0,0.02,-0.02,25.84,25.25,24.65,114,248,0.46,76.35,15.06,1.4,5.57,2026-03-20,2026-03-22 07:35:25
2108,南帝,25.35,56.28,56.65,45.98,0.36,0.34,0.03,27.86,25.69,23.52,4994,2498,2.0,124.83,30.54,1.0,3.94,2026-03-20,2026-03-22 07:35:26
2109,華豐,15.15,83.0,70.5,50.0,0.04,0.02,0.02,15.27,15.01,14.75,130,119,1.09,42.32,12.02,1.3,8.58,2026-03-20,2026-03-22 07:35:27
2114,鑫永銓,88.8,44.06,44.7,42.11,-0.22,-0.21,-0.01,90.15,89.14,88.13,11,33,0.34,69.26,15.42,5.0,5.63,2026-03-20,2026-03-22 07:35:28
2115,六暉-KY,21.35,10.46,12.63,12.5,-0.82,-0.63,-0.18,25.48,23.15,20.81,184,297,0.62,22.28,13.51,1.5,7.03,2026-03-20,2026-03-22 07:35:29
2201,裕隆,28.0,25.05,20.03,34.03,-0.89,-0.88,-0.01,31.41,28.99,26.58,3626,2734,1.33,297.49,30.11,0.56,2.0,2026-03-20,2026-03-22 07:35:30
2204,中華,54.9,47.55,51.06,31.82,-0.45,-0.33,-0.11,60.83,57.11,53.39,3926,1712,2.29,303.94,10.72,3.6,6.56,2026-03-20,2026-03-22 07:35:31
2206,三陽工業,58.2,29.17,28.99,24.0,-0.53,-0.37,-0.15,61.87,59.61,57.34,1670,1107,1.51,450.09,10.09,3.03,5.21,2026-03-20,2026-03-22 07:35:32
2207,和泰車,496.0,30.62,28.65,31.19,-13.11,-10.98,-2.13,585.97,523.35,460.73,687,552,1.24,2763.23,14.64,20.0,4.03,2026-03-20,2026-03-22 07:35:33
2208,台船,21.6,61.56,53.2,36.92,-0.16,-0.07,-0.09,24.79,22.32,19.85,3714,3538,1.05,275.3,,,,2026-03-20,2026-03-22 07:35:34
2211,長榮鋼,100.5,49.67,61.11,42.79,-0.3,-0.27,-0.03,104.72,101.58,98.44,877,727,1.21,419.18,11.69,5.0,4.98,2026-03-20,2026-03-22 07:35:35
2227,裕日車,49.95,13.31,13.47,19.21,-1.13,-0.95,-0.18,57.19,52.34,47.49,32,56,0.57,149.85,38.42,3.9,7.81,2026-03-20,2026-03-22 07:35:36
2228,劍麟,88.0,28.46,37.28,33.48,-2.54,-2.6,0.06,97.39,92.16,86.93,270,200,1.35,70.21,17.29,9.0,10.23,2026-03-20,2026-03-22 07:35:37
2230,泰茂,32.8,41.82,55.66,39.92,-10.01,-11.68,1.67,50.42,37.52,24.63,600,485,1.24,22.31,48.24,1.0,3.05,2026-03-20,2026-03-22 07:35:38
2231,為升,82.2,16.73,15.06,33.55,-3.24,-2.92,-0.33,98.54,87.15,75.76,269,407,0.66,111.72,12.84,2.07,2.52,2026-03-20,2026-03-22 07:35:39
2233,宇隆,235.0,63.58,62.52,49.7,0.27,-0.93,1.2,245.5,228.55,211.6,1170,1248,0.94,141.68,35.07,7.0,2.98,2026-03-20,2026-03-22 07:35:40
2236,百達-KY,108.0,37.27,49.17,37.78,-1.09,-0.66,-0.43,116.83,112.12,107.42,170,256,0.66,66.31,20.04,0.31,0.29,2026-03-20,2026-03-22 07:35:41
2239,英利-KY,22.7,25.1,25.5,18.7,-1.59,-1.61,0.02,28.38,25.1,21.83,195,186,1.05,26.72,2.97,,,2026-03-20,2026-03-22 07:35:42
2241,艾姆勒,31.85,66.51,59.39,56.85,-0.41,-0.87,0.46,31.39,29.57,27.74,1425,759,1.88,33.32,,,,2026-03-20,2026-03-22 07:35:43
2243,宏旭-KY,19.5,89.69,88.56,84.65,2.02,1.23,0.78,20.56,14.24,7.92,893,2238,0.4,13.53,15.98,,,2026-03-20,2026-03-22 07:35:44
2247,汎德永業,236.0,16.91,22.32,19.79,-9.3,-8.48,-0.82,284.26,252.5,220.74,64,62,1.04,190.47,11.69,25.0,10.59,2026-03-20,2026-03-22 07:35:45
2248,華勝-KY,49.8,44.34,56.47,50.0,0.54,0.33,0.21,51.75,49.19,46.63,29,138,0.21,23.7,9.82,2.73,5.48,2026-03-20,2026-03-22 07:35:45
2250,IKKA-KY,63.7,32.54,38.91,37.25,-1.74,-1.83,0.09,72.68,66.88,61.08,152,154,0.98,23.18,16.17,3.35,5.26,2026-03-20,2026-03-22 07:35:46
2254,巨鎧精密-創,70.1,60.63,52.86,52.91,2.2,2.26,-0.06,75.15,67.24,59.34,20,38,0.52,44.69,,,,2026-03-20,2026-03-22 07:35:47
2258,鴻華先進-創,30.9,7.96,9.01,16.24,-1.99,-1.59,-0.4,41.71,35.26,28.8,875,945,0.93,538.79,,,,2026-03-20,2026-03-22 07:35:48
2301,光寶科,160.0,56.41,59.06,43.18,-1.6,-1.42,-0.18,191.35,167.25,143.15,13644,17706,0.77,3631.64,24.28,7.51,4.69,2026-03-20,2026-03-22 07:35:49
2302,麗正,18.85,71.4,68.46,51.16,0.04,-0.1,0.14,19.82,18.36,16.9,615,824,0.75,31.35,38.47,0.58,3.08,2026-03-20,2026-03-22 07:35:50
2303,聯電,57.8,29.56,38.03,32.46,-0.69,-0.14,-0.54,66.86,61.88,56.89,81155,67352,1.2,7275.95,17.46,2.85,4.93,2026-03-20,2026-03-22 07:35:51
2305,全友,14.85,80.34,77.47,60.94,0.48,0.32,0.17,15.62,13.68,11.74,1733,1975,0.88,30.1,74.25,,,2026-03-20,2026-03-22 07:35:52
2308,台達電,1475.0,81.41,76.4,53.33,64.35,57.65,6.7,1517.89,1367.5,1217.11,15622,10548,1.48,38313.77,64.1,7.0,0.47,2026-03-20,2026-03-22 07:35:53
2312,金寶,23.65,62.86,59.33,43.27,-0.52,-0.66,0.13,25.86,23.9,21.94,27029,22242,1.22,356.05,22.74,0.6,2.54,2026-03-20,2026-03-22 07:35:54
2313,華通,222.0,62.17,58.79,48.94,14.19,14.51,-0.32,240.45,211.07,181.7,60360,101605,0.59,2645.84,40.51,2.8,1.26,2026-03-20,2026-03-22 07:35:55
2314,台揚,18.95,51.96,45.9,41.12,-0.48,-0.69,0.21,21.93,19.34,16.76,364,981,0.37,8.47,13.93,,,2026-03-20,2026-03-22 07:35:56
2316,楠梓電,113.0,76.89,66.28,54.64,2.32,0.15,2.17,114.97,98.94,82.91,21817,14748,1.48,205.02,9.35,0.5,0.44,2026-03-20,2026-03-22 07:35:57
2317,鴻海,203.0,16.52,21.91,25.34,-4.93,-3.08,-1.85,245.87,221.18,196.48,92371,78515,1.18,28344.36,15.15,5.8,2.86,2026-03-20,2026-03-22 07:35:58
2321,東訊,14.65,34.15,33.41,31.17,-0.47,-0.38,-0.1,17.14,15.63,14.11,1,4,0.44,4.39,,,,2026-03-20,2026-03-22 07:35:59
2323,中環,13.1,77.01,61.66,63.01,0.28,0.09,0.19,12.31,10.99,9.67,35196,18801,1.87,142.7,8.29,0.3,2.29,2026-03-20,2026-03-22 07:36:00
2324,仁寶,33.0,88.15,83.88,59.64,0.42,0.23,0.19,33.66,31.35,29.05,32389,25362,1.28,1437.85,24.09,1.1,3.33,2026-03-20,2026-03-22 07:36:01
2327,國巨*,271.0,58.69,55.42,42.45,0.93,0.31,0.62,305.71,272.7,239.69,30857,37658,0.82,5616.19,23.59,5.0,1.85,2026-03-20,2026-03-22 07:36:02
2328,廣宇,45.3,58.15,52.58,32.96,-1.15,-1.08,-0.06,52.61,47.58,42.55,2768,3563,0.78,234.81,29.04,1.1,2.43,2026-03-20,2026-03-22 07:36:03
2329,華泰,62.1,79.04,71.76,57.35,0.84,-0.37,1.21,61.65,54.18,46.71,98432,39345,2.5,409.22,32.18,1.0,1.61,2026-03-20,2026-03-22 07:36:04
2330,台積電,1840.0,40.82,47.65,39.09,17.43,30.54,-13.12,2004.99,1895.78,1786.58,49666,31767,1.56,477158.45,27.78,24.0,1.3,2026-03-20,2026-03-22 07:36:05
2331,精英,23.5,52.25,50.91,33.65,-0.71,-0.63,-0.07,28.26,24.85,21.43,2022,2787,0.73,130.99,16.79,0.21,0.89,2026-03-20,2026-03-22 07:36:06
2332,友訊,15.35,52.11,51.44,44.72,-0.09,-0.12,0.02,16.21,15.45,14.69,2353,3222,0.73,91.62,51.17,0.1,0.65,2026-03-20,2026-03-22 07:36:07
2337,旺宏,160.0,88.13,77.58,69.13,16.2,11.18,5.01,152.89,113.11,73.33,70508,96265,0.73,2968.63,10.34,,,2026-03-20,2026-03-22 07:36:08
2338,光罩,50.6,64.51,63.13,45.03,3.15,3.05,0.1,60.12,48.48,36.83,15642,12231,1.28,165.48,168.67,,,2026-03-20,2026-03-22 07:36:08
2340,台亞,28.85,78.24,72.31,58.3,0.6,0.2,0.41,29.88,26.71,23.55,3731,7339,0.51,126.32,52.45,,,2026-03-20,2026-03-22 07:36:09
2342,茂矽,32.3,70.16,67.12,48.36,0.11,-0.21,0.32,34.36,31.39,28.42,1538,2868,0.54,50.89,17.55,0.3,0.93,2026-03-20,2026-03-22 07:36:11
2344,華邦電,110.0,62.41,66.11,42.33,2.75,2.45,0.3,129.73,114.08,98.42,337246,252290,1.34,4950.0,125.0,0.5,0.45,2026-03-20,2026-03-22 07:36:12
2345,智邦,1610.0,79.65,75.16,61.54,77.06,64.53,12.53,1604.17,1450.0,1295.83,5683,5673,1.0,8998.42,34.36,11.0,0.68,2026-03-20,2026-03-22 07:36:13
2347,聯強,77.3,84.3,81.85,65.35,2.99,2.21,0.78,79.81,71.77,63.73,7219,13074,0.55,1289.32,15.22,4.0,5.17,2026-03-20,2026-03-22 07:36:14
2348,海悅,81.9,76.08,72.51,66.91,1.12,-0.43,1.55,82.9,74.23,65.55,2551,1455,1.75,124.27,17.1,9.0,10.99,2026-03-20,2026-03-22 07:36:16
2349,錸德,15.8,76.19,56.53,59.39,0.01,-0.23,0.25,15.38,13.63,11.88,20051,8299,2.42,109.6,14.77,,,2026-03-20,2026-03-22 07:36:17
2351,順德,91.9,78.84,79.76,59.43,2.42,1.38,1.04,96.79,86.69,76.58,2087,2934,0.71,167.39,56.04,2.5,2.72,2026-03-20,2026-03-22 07:36:18
2352,佳世達,24.3,72.0,64.27,40.37,-0.27,-0.33,0.07,26.56,24.52,22.48,4100,4721,0.87,384.06,37.97,3.55,14.61,2026-03-20,2026-03-22 07:36:19
2353,宏碁,27.8,63.35,64.8,54.22,0.38,0.26,0.12,28.62,27.2,25.78,34501,45325,0.76,835.73,22.24,1.3,4.68,2026-03-20,2026-03-22 07:36:21
2354,鴻準,53.1,44.74,48.93,32.53,-1.28,-1.23,-0.05,60.78,55.76,50.73,4742,4375,1.08,751.09,22.99,1.4,2.64,2026-03-20,2026-03-22 07:36:22
2355,敬鵬,45.5,67.53,67.97,57.22,2.1,1.84,0.25,47.41,42.8,38.2,16051,21831,0.74,180.86,28.62,1.85,4.07,2026-03-20,2026-03-22 07:36:23
2356,英業達,42.8,70.74,69.64,43.3,-0.31,-0.45,0.14,46.95,43.33,39.71,15819,15849,1.0,1535.44,17.76,1.7,3.97,2026-03-20,2026-03-22 07:36:25
2357,華碩,582.0,81.64,84.45,65.29,18.37,13.18,5.19,614.78,546.9,479.02,4720,4235,1.11,4322.86,9.77,34.0,5.84,2026-03-20,2026-03-22 07:36:26
2359,所羅門,114.0,42.65,50.22,33.01,-3.17,-2.95,-0.22,134.36,121.62,108.89,904,1257,0.72,195.36,123.91,1.0,0.88,2026-03-20,2026-03-22 07:36:27
2360,致茂,1585.0,76.68,73.57,53.76,129.66,121.11,8.55,1691.49,1394.0,1096.51,5043,4490,1.12,6714.17,57.47,9.0,0.57,2026-03-20,2026-03-22 07:36:28
2362,藍天,38.35,60.9,62.77,46.67,0.02,-0.02,0.04,40.3,38.62,36.95,387,461,0.84,221.66,18.8,2.53,6.6,2026-03-20,2026-03-22 07:36:30
2363,矽統,50.6,62.0,64.21,42.45,-0.25,-0.23,-0.02,56.56,51.81,47.07,4181,3717,1.12,260.58,33.07,0.5,0.99,2026-03-20,2026-03-22 07:36:31
2364,倫飛,62.9,55.41,62.64,49.21,-0.01,-0.26,0.25,65.07,62.83,60.6,89,159,0.56,32.95,16.86,,,2026-03-20,2026-03-22 07:36:32
2365,昆盈,33.95,60.11,61.28,38.2,-0.44,-0.53,0.09,37.93,35.0,32.07,1732,3006,0.58,75.21,106.09,0.6,1.77,2026-03-20,2026-03-22 07:36:33
2367,燿華,73.0,69.31,71.81,53.19,6.32,6.72,-0.4,81.68,67.89,54.09,97939,56774,1.73,515.56,107.35,0.7,0.96,2026-03-20,2026-03-22 07:36:35
2368,金像電,988.0,84.27,81.18,69.9,61.66,47.96,13.71,1013.73,849.95,686.17,25370,11515,2.2,4939.79,52.08,6.0,0.61,2026-03-20,2026-03-22 07:36:36
2369,菱生,35.75,88.2,75.66,67.96,1.5,0.65,0.84,33.36,28.13,22.91,104138,52467,1.98,133.86,21.28,0.3,0.84,2026-03-20,2026-03-22 07:36:37
2371,大同,30.8,17.49,17.99,23.73,-1.49,-1.23,-0.27,38.71,33.78,28.85,17314,14906,1.16,630.19,13.16,3.11,10.1,2026-03-20,2026-03-22 07:36:38
2373,震旦行,55.9,45.71,43.16,45.16,0.09,0.05,0.04,57.18,55.91,54.64,17,46,0.38,125.05,14.56,3.7,6.62,2026-03-20,2026-03-22 07:36:40
2374,佳能,70.3,54.4,57.65,34.18,-2.43,-2.43,-0.0,82.84,74.08,65.33,2811,3243,0.87,229.24,29.05,0.6,0.85,2026-03-20,2026-03-22 07:36:41
2375,凱美,80.8,46.23,45.26,33.61,-2.51,-2.6,0.09,96.93,85.75,74.56,845,1672,0.51,87.81,21.72,1.5,1.86,2026-03-20,2026-03-22 07:36:42
2376,技嘉,248.5,89.45,81.48,57.79,3.5,0.23,3.27,253.97,231.72,209.48,6675,8241,0.81,1664.67,14.47,10.0,4.02,2026-03-20,2026-03-22 07:36:44
2377,微星,93.5,49.29,51.0,39.59,-0.05,-0.22,0.17,97.99,94.08,90.17,6792,10235,0.66,789.94,13.85,5.0,5.35,2026-03-20,2026-03-22 07:36:45
2379,瑞昱,479.5,83.16,79.03,50.75,-3.0,-5.83,2.83,492.4,472.32,452.25,14282,4849,2.95,2471.88,17.09,25.5,5.32,2026-03-20,2026-03-22 07:36:49
2380,虹光,7.0,72.01,61.52,73.02,0.35,0.22,0.13,6.87,5.56,4.24,3735,1448,2.58,15.17,,,,2026-03-20,2026-03-22 07:36:51
2382,廣達,283.5,56.18,62.82,34.78,1.15,1.71,-0.57,298.94,288.48,278.01,13315,14052,0.95,10927.56,14.99,13.0,4.59,2026-03-20,2026-03-22 07:36:52
2383,台光電,2810.0,81.65,79.94,63.52,218.58,191.71,26.87,2892.57,2457.25,2021.93,4447,3962,1.12,10068.82,68.96,16.58,0.59,2026-03-20,2026-03-22 07:36:53
2385,群光,124.5,65.5,67.11,45.16,0.87,1.29,-0.42,127.11,123.83,120.54,14309,6627,2.16,865.68,13.94,7.2,5.78,2026-03-20,2026-03-22 07:36:54
2387,精元,46.25,84.09,82.6,65.24,1.43,1.25,0.18,46.89,43.11,39.32,2699,2179,1.24,89.5,13.41,4.0,8.65,2026-03-20,2026-03-22 07:36:56
2388,威盛,55.3,87.42,75.95,61.26,0.02,-0.94,0.96,54.45,48.83,43.22,9324,4740,1.97,307.35,460.83,0.2,0.36,2026-03-20,2026-03-22 07:36:57
2390,云辰,10.8,61.46,52.03,57.98,0.08,-0.06,0.14,11.01,10.1,9.19,2116,2387,0.89,20.8,,,,2026-03-20,2026-03-22 07:36:58
2392,正崴,36.7,56.1,51.45,40.96,-0.6,-0.6,0.0,40.59,37.54,34.49,1104,1513,0.73,169.86,7.81,2.5,6.81,2026-03-20,2026-03-22 07:37:00
2393,億光,69.3,94.83,89.34,79.67,2.91,2.04,0.87,69.68,61.59,53.49,13796,7317,1.89,307.27,15.3,5.31,7.66,2026-03-20,2026-03-22 07:37:01
2395,研華,344.0,31.67,40.11,52.63,11.47,12.8,-1.33,368.84,337.9,306.96,4103,2682,1.53,2978.46,28.34,8.39,2.44,2026-03-20,2026-03-22 07:37:02
2397,友通,54.7,29.55,31.38,26.52,-1.49,-1.31,-0.18,63.38,57.69,51.99,132,125,1.06,62.63,22.06,3.4,6.22,2026-03-20,2026-03-22 07:37:03
2399,映泰,37.2,94.38,85.14,80.7,2.22,0.78,1.44,33.83,25.5,17.16,52401,25831,2.03,66.25,248.0,,,2026-03-20,2026-03-22 07:37:05
2401,凌陽,21.2,53.44,46.84,40.24,-0.22,-0.17,-0.04,23.55,21.58,19.62,3745,2739,1.37,124.75,10.55,,,2026-03-20,2026-03-22 07:37:06
2402,毅嘉,51.0,57.97,52.35,30.0,-1.23,-1.35,0.12,58.55,52.38,46.2,6133,4310,1.42,156.84,21.98,1.97,3.86,2026-03-20,2026-03-22 07:37:07
2404,漢唐,930.0,11.05,21.0,34.99,-12.04,4.61,-16.65,1149.82,1013.35,876.88,5970,4323,1.38,1756.65,19.49,28.0,3.01,2026-03-20,2026-03-22 07:37:09
2405,輔信,16.55,72.55,58.86,55.05,-0.28,-0.44,0.16,16.56,15.43,14.31,10363,3162,3.28,56.84,,0.17,1.03,2026-03-20,2026-03-22 07:37:10
2406,國碩,37.05,71.28,65.17,51.81,1.86,1.56,0.3,38.91,33.59,28.27,41027,44600,0.92,130.01,,,,2026-03-20,2026-03-22 07:37:11
2408,南亞科,234.0,54.29,57.76,40.23,-2.35,-1.6,-0.75,308.0,259.02,210.05,159371,112898,1.41,7250.79,110.9,,,2026-03-20,2026-03-22 07:37:13
2409,友達,15.6,30.13,40.0,41.5,0.25,0.36,-0.11,17.14,16.04,14.93,90537,145799,0.62,1177.35,17.33,1.2,7.69,2026-03-20,2026-03-22 07:37:14
2412,中華電,134.0,40.76,54.72,33.33,0.53,0.76,-0.23,138.49,135.88,133.26,23774,12179,1.95,10394.98,26.91,5.0,3.73,2026-03-20,2026-03-22 07:37:15
2413,環科,56.9,74.52,64.73,51.3,2.78,1.94,0.84,60.92,50.81,40.7,5076,9587,0.53,72.47,138.78,,,2026-03-20,2026-03-22 07:37:16
2414,精技,43.95,86.48,83.45,60.87,0.75,0.57,0.17,45.08,42.74,40.39,143,246,0.58,71.08,13.95,2.5,5.69,2026-03-20,2026-03-22 07:37:18
2415,錩新,29.7,84.5,79.35,64.74,0.62,0.29,0.34,30.22,27.55,24.87,420,486,0.86,26.73,16.41,1.2,4.04,2026-03-20,2026-03-22 07:37:19
2417,圓剛,35.55,71.49,69.59,46.05,-0.59,-0.79,0.2,37.81,35.72,33.63,375,419,0.9,46.85,,0.2,0.56,2026-03-20,2026-03-22 07:37:20
2419,仲琦,30.95,54.29,52.62,49.07,0.44,0.26,0.19,32.18,29.88,27.57,3987,5607,0.71,99.45,34.78,,,2026-03-20,2026-03-22 07:37:21
2420,新巨,52.7,74.72,71.63,51.72,0.22,0.05,0.17,53.26,51.57,49.87,287,262,1.1,80.45,13.55,3.5,6.64,2026-03-20,2026-03-22 07:37:23
2421,建準,143.5,60.25,60.55,42.95,-0.69,-1.79,1.1,158.66,143.71,128.76,5191,13126,0.4,410.47,18.19,3.69,2.57,2026-03-20,2026-03-22 07:37:24
2423,固緯,49.1,68.77,66.02,50.89,-0.47,-0.8,0.33,50.21,48.42,46.63,117,98,1.19,71.22,16.87,2.0,4.07,2026-03-20,2026-03-22 07:37:25
2424,隴華,27.3,9.0,14.69,25.89,-1.92,-1.52,-0.39,35.65,31.73,27.82,143,133,1.07,16.27,,,,2026-03-20,2026-03-22 07:37:27
2425,承啟,30.65,76.34,73.3,61.0,0.51,0.03,0.48,32.51,28.53,24.56,485,623,0.78,29.58,,0.15,0.49,2026-03-20,2026-03-22 07:37:28
2426,鼎元,35.0,80.0,87.44,81.15,4.56,3.41,1.15,40.4,26.08,11.77,3643,7160,0.51,105.22,28.69,0.1,0.29,2026-03-20,2026-03-22 07:37:29
2427,三商電,23.8,7.21,12.51,26.96,-0.6,-0.47,-0.13,27.78,25.33,22.89,722,774,0.93,47.12,16.53,0.7,2.94,2026-03-20,2026-03-22 07:37:31
2428,興勤,161.0,42.9,35.85,30.66,-3.71,-2.96,-0.75,193.01,170.75,148.49,307,461,0.67,206.26,13.76,6.1,3.79,2026-03-20,2026-03-22 07:37:32
2429,銘旺科,47.6,40.37,40.6,30.4,-4.02,-4.48,0.46,61.63,52.39,43.14,292,475,0.61,40.7,,,,2026-03-20,2026-03-22 07:37:33
2430,燦坤,22.25,43.23,51.97,28.57,-0.08,-0.01,-0.07,23.32,22.81,22.29,88,135,0.65,25.99,32.25,0.8,3.6,2026-03-20,2026-03-22 07:37:34
2431,聯昌,12.95,58.96,45.75,22.14,-0.45,-0.37,-0.09,16.78,13.73,10.67,1020,953,1.07,14.37,,,,2026-03-20,2026-03-22 07:37:36
2432,倚天酷碁-創,28.3,75.39,74.31,70.7,0.97,0.65,0.31,29.83,25.85,21.87,70,56,1.25,17.51,15.22,1.7,6.01,2026-03-20,2026-03-22 07:37:37
2433,互盛電,46.1,21.8,20.69,28.89,-0.2,-0.16,-0.04,47.42,46.59,45.76,43,42,1.03,66.61,15.07,3.0,6.51,2026-03-20,2026-03-22 07:37:38
2434,統懋,29.35,47.11,51.69,40.43,-0.16,-0.15,-0.01,30.23,29.67,29.11,10,20,0.49,10.86,1467.5,,,2026-03-20,2026-03-22 07:37:40
2436,偉詮電,65.8,78.17,74.36,58.24,3.07,2.2,0.87,68.87,59.7,50.52,7608,10851,0.7,129.7,23.58,1.5,2.28,2026-03-20,2026-03-22 07:37:43
2438,翔耀,23.0,55.57,42.57,55.41,0.07,-0.15,0.22,23.54,21.75,19.95,385,406,0.95,14.31,,,,2026-03-20,2026-03-22 07:37:44
2439,美律,85.5,74.77,61.18,39.0,-3.78,-4.32,0.54,101.39,87.39,73.39,2380,1843,1.29,217.03,17.03,7.29,8.53,2026-03-20,2026-03-22 07:37:45
2440,太空梭,14.6,44.17,42.71,29.89,-0.14,-0.08,-0.06,16.37,15.23,14.09,198,309,0.64,20.31,,,,2026-03-20,2026-03-22 07:37:47
2441,超豐,95.2,70.58,58.3,51.44,-0.02,-1.08,1.06,98.24,88.75,79.25,15990,7280,2.2,541.54,22.3,3.0,3.15,2026-03-20,2026-03-22 07:37:48
2442,新美齊,20.7,70.09,68.29,58.17,-0.23,-0.56,0.32,21.62,19.87,18.12,3740,3924,0.95,58.2,4.84,0.08,0.39,2026-03-20,2026-03-22 07:37:49
2444,兆勁,14.05,49.43,43.17,40.21,0.27,0.23,0.04,14.86,13.44,12.03,996,1244,0.8,14.27,,,,2026-03-20,2026-03-22 07:37:50
2449,京元電子,308.0,69.05,67.8,47.78,5.11,4.59,0.52,336.01,303.85,271.69,48069,26223,1.83,3766.05,47.38,4.0,1.3,2026-03-20,2026-03-22 07:37:52
2450,神腦,29.35,51.66,52.13,34.85,0.07,0.12,-0.05,30.46,29.66,28.86,89,121,0.73,75.8,17.06,1.55,5.28,2026-03-20,2026-03-22 07:37:53
2451,創見,302.0,87.33,87.49,75.85,18.93,8.27,10.66,309.25,236.65,164.05,23619,18955,1.25,1300.69,23.36,6.09,2.02,2026-03-20,2026-03-22 07:37:55
2453,凌群,55.0,71.61,71.13,59.09,0.34,-0.07,0.41,57.04,53.29,49.53,575,724,0.79,55.0,17.68,2.6,4.73,2026-03-20,2026-03-22 07:37:56
2454,聯發科,1700.0,39.59,42.89,34.13,1.81,20.12,-18.31,1925.36,1772.75,1620.14,8089,5909,1.37,27133.87,25.77,53.5,3.15,2026-03-20,2026-03-22 07:37:57
2455,全新,230.0,61.64,56.09,46.94,12.45,13.12,-0.68,253.82,217.15,180.48,25866,23343,1.11,422.96,77.44,3.22,1.4,2026-03-20,2026-03-22 07:37:58
2457,飛宏,27.5,47.19,45.39,32.99,-0.62,-0.6,-0.02,31.29,28.72,26.15,2573,3012,0.85,116.81,,,,2026-03-20,2026-03-22 07:38:00
2458,義隆,136.0,67.4,79.04,66.67,5.09,4.85,0.25,149.51,131.2,112.89,3516,3126,1.12,389.4,16.19,7.07,5.2,2026-03-20,2026-03-22 07:38:01
2459,敦吉,65.6,58.95,61.36,40.0,-0.21,-0.23,0.01,68.06,66.21,64.35,29,71,0.41,69.27,12.74,4.0,6.1,2026-03-20,2026-03-22 07:38:02
2460,建通,25.85,71.23,55.54,38.64,0.37,0.45,-0.08,29.41,25.89,22.38,229,423,0.54,43.74,25.34,,,2026-03-20,2026-03-22 07:38:03
2461,光群雷,16.75,80.19,61.89,52.78,0.01,-0.11,0.12,17.26,16.1,14.93,686,858,0.8,28.72,17.82,1.67,9.97,2026-03-20,2026-03-22 07:38:04
2462,良得電,22.65,51.08,35.87,30.88,-0.61,-0.54,-0.07,26.26,23.63,21.01,264,313,0.84,34.15,83.89,0.81,3.58,2026-03-20,2026-03-22 07:38:05
2464,盟立,74.5,63.12,64.77,50.27,1.96,1.29,0.67,80.69,71.97,63.24,5275,13181,0.4,153.81,22.11,0.35,0.47,2026-03-20,2026-03-22 07:38:06
2465,麗臺,62.8,80.64,79.62,66.95,1.98,0.39,1.59,64.2,54.64,45.07,1980,1769,1.12,59.0,112.14,,,2026-03-20,2026-03-22 07:38:07
2466,冠西電,52.2,65.54,45.97,53.43,-2.24,-3.21,0.97,57.08,49.59,42.11,410,636,0.64,90.55,33.46,,,2026-03-20,2026-03-22 07:38:07
2467,志聖,367.5,68.97,71.99,53.12,26.32,28.12,-1.8,433.59,352.32,271.06,2448,1581,1.55,559.91,72.49,5.0,1.36,2026-03-20,2026-03-22 07:38:08
2468,華經,40.0,71.57,68.17,61.87,0.63,-0.22,0.85,42.16,36.41,30.65,1523,2708,0.56,27.98,32.0,0.9,2.25,2026-03-20,2026-03-22 07:38:09
2471,資通,53.6,82.91,78.83,60.06,0.64,0.27,0.37,54.67,51.01,47.35,343,316,1.09,25.33,16.8,3.06,5.71,2026-03-20,2026-03-22 07:38:10
2472,立隆電,129.0,81.54,68.84,58.77,3.21,1.1,2.11,132.57,115.78,98.98,5610,6161,0.91,212.51,14.84,3.1,2.4,2026-03-20,2026-03-22 07:38:11
2474,可成,186.0,46.9,44.32,41.51,-2.91,-3.48,0.58,194.57,187.75,180.93,5189,2746,1.89,1034.19,16.45,11.49,6.18,2026-03-20,2026-03-22 07:38:13
2476,鉅祥,84.0,76.26,70.16,50.37,-0.42,-1.5,1.08,89.06,81.25,73.43,2267,2287,0.99,182.91,20.14,3.5,4.17,2026-03-20,2026-03-22 07:38:13
2477,美隆電,24.5,70.71,73.85,54.46,0.03,-0.07,0.1,25.04,24.15,23.26,125,196,0.64,38.85,14.33,1.4,5.71,2026-03-20,2026-03-22 07:38:14
2478,大毅,68.3,56.89,61.58,44.76,1.21,1.22,-0.0,75.83,69.16,62.48,3892,5562,0.7,97.49,19.97,1.82,2.66,2026-03-20,2026-03-22 07:38:15
2480,敦陽科,142.0,55.9,59.54,38.78,-0.08,-0.07,-0.0,148.29,143.85,139.41,125,146,0.86,151.03,17.82,7.42,5.23,2026-03-20,2026-03-22 07:38:16
2481,強茂,94.8,69.23,70.13,50.2,2.97,2.12,0.85,104.75,92.23,79.72,24719,30087,0.82,362.24,30.48,1.8,1.9,2026-03-20,2026-03-22 07:38:17
2482,連宇,16.0,32.29,33.45,26.03,-0.47,-0.41,-0.06,18.54,16.89,15.23,128,152,0.84,12.46,,0.61,3.81,2026-03-20,2026-03-22 07:38:18
2483,百容,21.15,44.57,39.27,30.23,0.25,0.4,-0.15,23.49,21.67,19.85,154,125,1.23,22.72,35.25,0.3,1.42,2026-03-20,2026-03-22 07:38:19
2484,希華,28.3,70.61,59.86,41.04,0.19,0.23,-0.05,30.78,27.92,25.07,1815,988,1.84,45.12,43.54,0.7,2.47,2026-03-20,2026-03-22 07:38:20
2485,兆赫,73.9,82.84,87.64,71.11,9.63,7.41,2.23,82.64,56.25,29.87,19792,106886,0.19,234.77,,,,2026-03-20,2026-03-22 07:38:21
2486,一詮,155.0,75.32,73.06,59.59,9.08,7.78,1.3,168.15,143.55,118.95,2738,21626,0.13,356.44,704.55,0.5,0.32,2026-03-20,2026-03-22 07:38:22
2488,漢平,48.15,89.2,82.65,53.13,0.44,0.36,0.08,48.94,47.5,46.07,104,135,0.77,38.52,10.72,3.2,6.65,2026-03-20,2026-03-22 07:38:23
2489,瑞軒,38.65,47.43,47.98,42.44,3.89,4.51,-0.62,47.6,38.56,29.52,144905,40975,3.54,235.77,31.94,1.0,2.59,2026-03-20,2026-03-22 07:38:24
2491,吉祥全,16.9,54.01,47.32,41.54,-0.36,-0.53,0.17,17.65,16.54,15.43,763,324,2.36,13.86,11.82,,,2026-03-20,2026-03-22 07:38:25
2492,華新科,131.5,54.98,53.17,39.88,0.11,-0.08,0.19,156.31,136.05,115.79,10670,14790,0.72,637.52,27.8,2.41,1.83,2026-03-20,2026-03-22 07:38:26
2493,揚博,116.0,72.91,62.92,52.72,0.51,-1.07,1.58,122.2,108.77,95.33,2022,1333,1.52,207.41,26.73,4.0,3.45,2026-03-20,2026-03-22 07:38:27
2495,普安,39.3,82.95,76.28,70.34,1.23,0.2,1.03,38.09,32.25,26.42,50176,25311,1.98,107.51,35.09,1.3,3.31,2026-03-20,2026-03-22 07:38:28
2496,卓越,68.6,61.16,63.31,45.9,-0.13,-0.16,0.03,69.78,68.73,67.69,26,34,0.75,13.1,11.25,4.5,6.56,2026-03-20,2026-03-22 07:38:29
2497,怡利電,43.3,68.91,57.05,42.02,-1.53,-1.76,0.22,46.61,43.48,40.35,362,313,1.16,56.67,18.35,2.0,4.62,2026-03-20,2026-03-22 07:38:30
2498,宏達電,41.7,44.21,48.84,42.05,-0.95,-1.01,0.06,46.17,42.95,39.73,6643,6059,1.1,348.65,5.83,,,2026-03-20,2026-03-22 07:38:31
2501,國建,23.85,79.69,74.3,54.84,0.21,0.08,0.13,23.81,22.86,21.9,5534,3068,1.8,276.56,8.43,1.0,4.19,2026-03-20,2026-03-22 07:38:32
2504,國產,38.2,74.97,56.97,37.17,0.35,0.33,0.02,39.45,37.7,35.95,2999,2429,1.23,449.57,11.61,2.8,7.33,2026-03-20,2026-03-22 07:38:33
2505,國揚,19.5,74.0,68.86,53.85,0.08,-0.04,0.12,19.79,18.94,18.09,599,490,1.22,74.1,8.26,,,2026-03-20,2026-03-22 07:38:34
2506,太設,9.05,55.66,47.51,50.0,-0.05,-0.05,0.01,9.15,8.93,8.71,331,179,1.84,32.72,452.5,0.2,2.21,2026-03-20,2026-03-22 07:38:35
2509,全坤建,14.6,77.39,65.33,48.39,-0.16,-0.22,0.06,14.92,14.28,13.64,227,191,1.19,32.78,,,,2026-03-20,2026-03-22 07:38:36
2511,太子,8.16,52.37,58.11,45.45,-0.04,-0.04,0.0,8.33,8.19,8.04,1063,1007,1.06,132.41,24.73,0.3,3.68,2026-03-20,2026-03-22 07:38:37
2514,龍邦,13.65,21.96,20.65,26.0,-0.32,-0.27,-0.05,15.33,14.23,13.14,145,253,0.57,48.88,7.38,,,2026-03-20,2026-03-22 07:38:38
2515,中工,14.25,7.9,13.79,23.64,-0.06,0.31,-0.37,18.44,16.15,13.87,13704,17008,0.81,229.13,36.54,,,2026-03-20,2026-03-22 07:38:39
2516,新建,14.05,38.11,28.35,36.84,-0.2,-0.17,-0.03,15.1,14.29,13.49,123,316,0.39,31.79,11.42,,,2026-03-20,2026-03-22 07:38:40
2520,冠德,33.05,67.87,70.72,55.1,0.14,0.03,0.11,33.63,32.0,30.37,10365,3268,3.17,196.85,12.66,3.1,9.38,2026-03-20,2026-03-22 07:38:41
2524,京城,39.2,22.67,28.33,28.98,-0.69,-0.52,-0.17,43.84,40.77,37.7,300,156,1.92,143.47,22.92,,,2026-03-20,2026-03-22 07:38:42
2527,宏璟,29.8,53.66,49.27,36.93,0.03,0.08,-0.05,32.16,30.26,28.37,223,292,0.76,78.0,32.04,2.0,6.71,2026-03-20,2026-03-22 07:38:43
2528,皇普,27.15,36.03,31.47,30.43,-0.38,-0.42,0.04,28.75,27.45,26.15,569,677,0.84,117.84,7.8,1.5,5.52,2026-03-20,2026-03-22 07:38:44
2530,華建,24.9,17.44,19.15,20.0,-0.47,-0.4,-0.07,27.41,25.9,24.38,636,602,1.05,209.47,10.0,3.0,12.05,2026-03-20,2026-03-22 07:38:45
2534,宏盛,19.9,51.44,69.8,45.65,-0.0,-0.01,0.01,20.43,20.02,19.61,641,487,1.32,94.13,8.02,1.0,5.03,2026-03-20,2026-03-22 07:38:46
2535,達欣工,73.6,75.52,71.33,49.39,1.0,1.07,-0.07,75.12,72.46,69.8,350,252,1.39,191.28,11.36,3.75,5.1,2026-03-20,2026-03-22 07:38:47
2536,宏普,22.55,34.62,33.9,35.16,-0.28,-0.28,0.01,23.96,22.96,21.95,374,366,1.02,75.05,7.09,0.5,2.22,2026-03-20,2026-03-22 07:38:48
2537,聯上發,10.4,37.53,30.2,48.48,-0.14,-0.17,0.03,10.72,10.29,9.85,1802,915,1.97,31.26,69.33,,,2026-03-20,2026-03-22 07:38:49
2538,基泰,10.2,26.44,23.41,33.33,-0.16,-0.15,-0.01,10.87,10.4,9.93,316,326,0.97,45.39,11.59,0.7,6.86,2026-03-20,2026-03-22 07:38:49
2539,櫻花建,48.15,40.82,44.85,41.4,0.05,0.12,-0.07,50.1,48.8,47.51,661,799,0.83,574.48,13.92,0.5,1.04,2026-03-20,2026-03-22 07:38:51
2540,愛山林,47.2,44.3,43.0,47.06,-0.11,-0.18,0.07,48.49,47.04,45.6,1616,1119,1.44,445.98,68.41,0.71,1.5,2026-03-20,2026-03-22 07:38:51
2542,興富發,36.5,54.51,56.92,40.71,-0.43,-0.43,-0.0,38.63,36.96,35.29,6272,3885,1.61,778.16,17.38,2.0,5.48,2026-03-20,2026-03-22 07:38:52
2543,皇昌,65.4,14.46,30.62,46.73,1.56,2.29,-0.73,79.91,69.34,58.76,8596,5793,1.48,345.67,24.4,1.0,1.53,2026-03-20,2026-03-22 07:38:54
2545,皇翔,36.65,43.69,46.16,45.22,-0.26,-0.23,-0.03,38.18,37.05,35.91,391,280,1.4,139.17,19.09,4.5,12.28,2026-03-20,2026-03-22 07:38:55
2546,根基,83.8,42.37,42.14,21.3,-0.97,-0.81,-0.15,89.34,85.48,81.61,69,87,0.8,109.38,8.88,3.2,3.82,2026-03-20,2026-03-22 07:38:56
2547,日勝生,10.95,23.65,36.63,48.94,0.05,0.07,-0.02,11.41,11.08,10.75,2099,2394,0.88,113.34,3.86,0.58,5.3,2026-03-20,2026-03-22 07:38:57
2548,華固,120.5,74.59,78.32,64.29,2.26,1.78,0.48,120.65,114.08,107.5,4036,2050,1.97,385.02,13.72,5.5,4.56,2026-03-20,2026-03-22 07:38:58
2597,潤弘,156.5,18.03,25.27,31.52,-3.64,-2.07,-1.57,181.11,167.22,153.34,2781,1646,1.69,486.27,14.57,6.42,4.1,2026-03-20,2026-03-22 07:38:59
2601,益航,6.14,14.41,27.73,59.21,0.16,0.21,-0.04,7.25,6.13,5.0,2374,2713,0.88,50.64,,,,2026-03-20,2026-03-22 07:39:00
2603,長榮,214.0,68.67,68.26,54.17,6.46,5.99,0.47,227.88,206.97,186.07,23655,20710,1.14,4633.19,6.76,32.5,15.19,2026-03-20,2026-03-22 07:39:00
2605,新興,39.8,67.06,64.24,56.46,2.82,2.25,0.58,43.08,35.51,27.95,56847,63695,0.89,232.97,27.45,1.3,3.27,2026-03-20,2026-03-22 07:39:01
2606,裕民,59.0,25.93,24.83,29.58,-0.8,-0.32,-0.47,69.02,62.89,56.76,5620,5541,1.01,498.58,13.72,3.2,5.42,2026-03-20,2026-03-22 07:39:02
2607,榮運,52.3,13.8,19.87,26.26,-0.92,-0.7,-0.22,57.36,54.92,52.47,640,617,1.04,279.06,14.73,10.0,19.12,2026-03-20,2026-03-22 07:39:03
2608,嘉里大榮,30.8,22.44,31.17,31.58,-0.41,-0.4,-0.01,32.37,31.47,30.56,596,374,1.59,143.84,15.63,1.65,5.36,2026-03-20,2026-03-22 07:39:04
2609,陽明,56.1,10.19,15.06,41.7,0.6,1.25,-0.66,65.14,59.06,52.98,50995,33976,1.5,1959.07,11.47,7.5,13.37,2026-03-20,2026-03-22 07:39:05
2610,華航,18.85,58.49,50.6,38.64,-0.7,-0.7,0.0,22.16,19.54,16.91,24873,32110,0.77,1146.43,7.92,0.8,4.24,2026-03-20,2026-03-22 07:39:06
2611,志信,14.75,53.91,51.96,39.62,-0.0,-0.0,-0.0,15.38,14.79,14.2,208,264,0.79,27.88,28.37,0.52,3.53,2026-03-20,2026-03-22 07:39:07
2612,中航,56.5,13.86,18.39,28.77,-1.22,-0.59,-0.63,67.95,61.39,54.84,1097,1046,1.05,111.58,10.37,2.1,3.72,2026-03-20,2026-03-22 07:39:08
2613,中櫃,23.95,18.2,25.16,47.74,0.25,0.36,-0.12,26.17,24.62,23.07,639,823,0.78,32.88,21.01,1.0,4.18,2026-03-20,2026-03-22 07:39:09
2614,東森,20.25,36.02,52.08,50.0,-0.16,-0.17,0.01,21.29,20.69,20.09,722,822,0.88,66.27,10.18,0.25,1.23,2026-03-20,2026-03-22 07:39:10
2615,萬海,79.0,27.55,26.99,48.21,0.64,0.77,-0.13,84.15,79.0,73.84,40720,17157,2.37,2216.86,7.05,3.5,4.43,2026-03-20,2026-03-22 07:39:11
2616,山隆,18.05,22.69,27.59,57.79,0.83,1.12,-0.29,23.27,17.27,11.27,1916,1406,1.36,24.54,,0.3,1.66,2026-03-20,2026-03-22 07:39:12
2617,台航,31.25,45.69,61.19,50.76,0.3,0.33,-0.03,33.3,31.61,29.91,865,945,0.91,130.4,9.86,1.5,4.8,2026-03-20,2026-03-22 07:39:13
2618,長榮航,34.8,71.63,62.91,42.27,-0.69,-0.8,0.11,39.19,35.32,31.45,35205,35949,0.98,1879.35,7.25,2.4,6.9,2026-03-20,2026-03-22 07:39:14
2630,亞航,49.05,52.67,46.2,39.69,-0.41,-0.44,0.03,53.63,50.27,46.9,1307,1061,1.23,102.73,49.05,0.9,1.83,2026-03-20,2026-03-22 07:39:15
2633,台灣高鐵,26.35,59.91,42.85,31.25,-0.28,-0.29,0.0,27.53,26.56,25.59,7143,5633,1.27,1483.06,22.52,1.05,3.98,2026-03-20,2026-03-22 07:39:16
2634,漢翔,49.7,9.21,11.71,29.75,-1.04,-0.72,-0.31,57.59,52.83,48.07,4359,4149,1.05,468.11,62.91,1.38,2.78,2026-03-20,2026-03-22 07:39:17
2636,台驊控股,69.1,79.8,77.88,57.46,1.21,0.75,0.46,72.16,66.92,61.69,396,588,0.67,94.64,8.93,6.0,8.68,2026-03-20,2026-03-22 07:39:18
2637,慧洋-KY,70.3,58.09,50.04,42.08,0.01,-0.04,0.05,75.32,70.88,66.44,6507,3214,2.02,524.73,12.9,5.0,7.11,2026-03-20,2026-03-22 07:39:19
2642,宅配通,23.6,16.34,21.14,24.49,-0.42,-0.4,-0.02,25.11,24.23,23.35,46,54,0.85,22.53,32.78,0.5,2.12,2026-03-20,2026-03-22 07:39:19
2645,長榮航太,153.0,35.52,41.37,28.97,-1.3,0.07,-1.36,179.69,164.47,149.26,1290,1427,0.9,573.09,29.09,4.5,2.94,2026-03-20,2026-03-22 07:39:20
2646,星宇航空,21.4,37.59,43.2,33.33,-0.39,-0.36,-0.02,23.32,22.1,20.88,3616,3796,0.95,643.87,237.78,,,2026-03-20,2026-03-22 07:39:22
2701,萬企,10.75,22.1,19.02,33.33,-0.07,-0.06,-0.02,11.22,10.9,10.58,76,90,0.85,48.37,19.2,0.28,2.6,2026-03-20,2026-03-22 07:39:22
2702,華園,11.2,9.43,14.3,32.5,-0.16,-0.13,-0.04,12.19,11.58,10.97,141,92,1.53,17.54,,,,2026-03-20,2026-03-22 07:39:23
2704,國賓,42.5,22.47,28.52,41.77,-0.21,-0.15,-0.06,44.09,42.94,41.8,67,106,0.63,155.94,74.56,0.5,1.18,2026-03-20,2026-03-22 07:39:24
2705,六福,16.35,68.35,75.73,52.83,0.04,0.0,0.04,16.74,16.25,15.76,158,220,0.72,31.28,18.79,,,2026-03-20,2026-03-22 07:39:25
2706,第一店,12.4,7.62,12.3,28.0,-0.11,-0.09,-0.02,13.07,12.67,12.28,133,103,1.28,62.0,19.08,0.35,2.82,2026-03-20,2026-03-22 07:39:26
2707,晶華,185.0,53.41,52.08,42.42,-1.03,-1.04,0.02,190.23,186.07,181.92,73,88,0.83,235.7,16.26,14.36,7.76,2026-03-20,2026-03-22 07:39:27
2712,遠雄來,15.35,21.74,19.47,4.88,-0.55,-0.44,-0.11,18.09,16.53,14.98,47,28,1.65,16.12,,,,2026-03-20,2026-03-22 07:39:29
2722,夏都,23.3,24.36,20.46,29.07,-0.57,-0.51,-0.06,26.15,24.18,22.21,45,37,1.21,33.36,,0.15,0.64,2026-03-20,2026-03-22 07:39:29
2723,美食-KY,70.5,37.13,48.78,49.14,-0.53,-0.48,-0.05,76.1,71.42,66.75,479,383,1.25,126.9,13.12,3.0,4.26,2026-03-20,2026-03-22 07:39:31
2727,王品,226.0,37.85,50.62,58.9,2.35,2.43,-0.08,232.75,223.03,213.3,163,251,0.65,187.26,14.53,14.59,6.46,2026-03-20,2026-03-22 07:39:32
2731,雄獅,169.0,42.38,54.72,46.74,-0.43,-0.09,-0.34,180.82,171.25,161.68,205,472,0.43,157.64,9.76,7.5,4.44,2026-03-20,2026-03-22 07:39:32
2739,寒舍,34.05,72.18,76.4,54.32,0.0,-0.12,0.12,34.93,33.68,32.43,43,50,0.86,31.16,14.49,1.0,2.94,2026-03-20,2026-03-22 07:39:33
2748,雲品,39.55,51.09,54.46,38.46,-0.36,-0.37,0.0,41.88,40.3,38.72,60,85,0.71,41.84,18.23,2.0,5.06,2026-03-20,2026-03-22 07:39:34
2753,八方雲集,181.5,24.81,37.56,46.38,0.13,0.41,-0.28,190.0,184.95,179.9,304,256,1.19,120.96,14.33,10.0,5.51,2026-03-20,2026-03-22 07:39:35
2762,世界健身-KY,73.0,37.09,55.03,41.41,0.66,0.79,-0.13,76.49,73.76,71.03,35,38,0.92,79.73,19.52,9.64,13.21,2026-03-20,2026-03-22 07:39:36
2801,彰銀,20.5,50.68,52.57,41.67,-0.03,0.01,-0.04,21.79,20.88,19.96,19546,13700,1.43,2412.04,13.67,0.5,2.44,2026-03-20,2026-03-22 07:39:37
2812,台中銀,20.5,48.23,54.03,43.86,-0.01,-0.01,-0.01,21.16,20.61,20.06,8305,9042,0.92,1234.43,13.4,0.39,1.9,2026-03-20,2026-03-22 07:39:38
2816,旺旺保,30.95,55.37,52.23,48.44,0.39,0.34,0.05,31.47,30.35,29.23,48,213,0.23,69.21,6.67,1.5,4.85,2026-03-20,2026-03-22 07:39:39
2820,華票,16.75,32.55,43.06,36.11,0.04,0.08,-0.04,17.44,17.02,16.61,780,850,0.92,224.95,12.5,0.78,4.66,2026-03-20,2026-03-22 07:39:40
2832,台產,47.45,20.7,24.37,30.77,-0.44,-0.34,-0.11,50.52,48.78,47.04,147,221,0.67,84.21,12.17,7.14,15.05,2026-03-20,2026-03-22 07:39:41
2834,臺企銀,15.0,15.44,13.51,22.86,-0.19,-0.16,-0.03,16.43,15.46,14.49,30916,25032,1.24,1457.71,12.0,0.2,1.33,2026-03-20,2026-03-22 07:39:42
2836,高雄銀,12.15,18.78,21.38,31.03,-0.04,-0.0,-0.04,12.88,12.39,11.9,1878,1247,1.51,217.04,18.13,0.3,2.47,2026-03-20,2026-03-22 07:39:43
2838,聯邦銀,20.15,85.66,81.7,51.67,0.25,0.24,0.0,20.54,19.95,19.36,1175,1371,0.86,874.62,15.62,0.35,1.74,2026-03-20,2026-03-22 07:39:44
2845,遠東銀,12.3,45.03,47.61,31.82,-0.07,-0.06,-0.01,12.91,12.5,12.1,7317,5529,1.32,598.43,13.37,0.5,4.07,2026-03-20,2026-03-22 07:39:45
2849,安泰銀,12.9,31.02,34.26,25.58,-0.12,-0.08,-0.04,14.09,13.33,12.56,94,131,0.72,252.53,16.33,0.38,2.95,2026-03-20,2026-03-22 07:39:46
2850,新產,117.5,52.95,56.81,48.98,0.52,0.5,0.02,120.14,116.72,113.31,298,415,0.72,371.26,9.57,7.15,6.09,2026-03-20,2026-03-22 07:39:47
2851,中再保,30.5,93.06,85.86,71.63,0.84,0.55,0.3,30.83,28.26,25.68,1381,2372,0.58,244.12,8.33,1.9,6.23,2026-03-20,2026-03-22 07:39:48
2852,第一保,25.75,8.5,16.01,33.98,-0.39,-0.29,-0.1,27.95,26.75,25.55,457,661,0.69,77.55,8.82,2.1,8.16,2026-03-20,2026-03-22 07:39:48
2855,統一證,32.35,75.0,73.43,56.73,0.98,0.81,0.17,33.41,30.91,28.42,4789,8667,0.55,518.06,10.82,1.1,3.4,2026-03-20,2026-03-22 07:39:50
2867,三商壽,7.54,6.08,13.62,19.64,-0.09,-0.03,-0.06,8.39,7.96,7.52,8397,10841,0.77,444.82,37.7,,,2026-03-20,2026-03-22 07:39:50
2880,華南金,33.55,24.32,27.35,14.61,-0.18,0.12,-0.3,38.1,35.03,31.96,18875,13800,1.37,4669.14,17.66,1.25,3.73,2026-03-20,2026-03-22 07:39:51
2881,富邦金,88.6,56.31,56.98,34.93,-1.3,-1.26,-0.03,96.04,90.72,85.4,35099,22553,1.56,12410.52,10.59,4.15,4.68,2026-03-20,2026-03-22 07:39:52
2882,國泰金,72.0,55.79,54.6,31.45,-1.07,-0.9,-0.16,80.73,74.41,68.09,24932,23021,1.08,10561.83,10.2,3.5,4.86,2026-03-20,2026-03-22 07:39:53
2883,凱基金,20.1,51.5,56.79,40.0,0.36,0.48,-0.11,21.68,20.41,19.14,46506,41154,1.13,3411.94,11.55,0.84,4.18,2026-03-20,2026-03-22 07:39:54
2884,玉山金,31.8,13.07,15.6,13.95,-0.48,-0.22,-0.26,35.83,33.58,31.33,53700,50164,1.07,5143.33,15.0,1.2,3.77,2026-03-20,2026-03-22 07:39:55
2885,元大金,44.2,42.63,36.35,32.16,0.22,0.5,-0.28,48.52,45.41,42.29,26428,22844,1.16,5892.37,16.13,1.5,3.39,2026-03-20,2026-03-22 07:39:56
2886,兆豐金,38.75,46.57,52.12,33.33,-0.27,-0.23,-0.04,41.06,39.57,38.09,30626,19887,1.54,5767.31,16.42,1.6,4.13,2026-03-20,2026-03-22 07:39:57
2887,台新新光金,24.65,65.78,67.89,47.78,0.41,0.52,-0.11,25.6,24.69,23.79,124582,73728,1.69,6129.54,12.91,0.9,3.65,2026-03-20,2026-03-22 07:39:58
2889,國票金,16.55,71.51,65.24,47.83,-0.09,-0.09,0.0,17.5,16.49,15.49,4210,3213,1.31,601.35,26.27,0.3,1.81,2026-03-20,2026-03-22 07:39:59
2890,永豐金,32.15,73.73,65.89,43.27,0.46,0.55,-0.09,33.29,31.99,30.7,75093,30114,2.49,4659.28,16.32,0.91,2.83,2026-03-20,2026-03-22 07:40:00
2891,中信金,52.1,58.91,57.08,40.86,0.18,0.24,-0.05,55.13,52.39,49.65,37001,34900,1.06,10252.14,12.83,2.3,4.41,2026-03-20,2026-03-22 07:40:01
2892,第一金,28.75,49.56,55.2,38.96,-0.14,-0.08,-0.06,30.16,29.24,28.32,27100,23489,1.15,4134.1,15.37,0.95,3.3,2026-03-20,2026-03-22 07:40:02
2897,王道銀行,9.86,66.85,72.53,50.94,0.14,0.15,-0.01,10.01,9.81,9.6,2914,4402,0.66,274.35,17.61,0.5,5.07,2026-03-20,2026-03-22 07:40:03
2901,欣欣,23.4,14.03,21.41,39.68,-0.25,-0.23,-0.02,24.56,23.85,23.14,42,37,1.13,17.09,61.58,0.37,1.58,2026-03-20,2026-03-22 07:40:04
2903,遠百,23.25,75.37,79.24,58.0,0.21,0.18,0.04,23.64,22.93,22.21,1492,1877,0.79,327.53,14.9,1.35,5.81,2026-03-20,2026-03-22 07:40:05
2904,匯僑,16.65,7.14,15.71,30.3,-0.1,-0.01,-0.09,17.81,17.18,16.56,57,82,0.69,12.96,16.99,1.0,6.01,2026-03-20,2026-03-22 07:40:06
2905,三商,14.15,11.23,21.92,24.69,-0.33,-0.16,-0.17,16.79,15.48,14.17,841,1515,0.56,149.04,19.93,0.3,2.12,2026-03-20,2026-03-22 07:40:07
2906,高林,13.2,67.3,63.52,62.0,0.13,0.06,0.07,13.17,12.68,12.19,121,223,0.54,27.6,28.09,0.6,4.55,2026-03-20,2026-03-22 07:40:08
2908,特力,20.0,38.2,34.06,18.18,-0.1,-0.08,-0.02,20.95,20.28,19.6,87,87,0.99,101.98,86.96,0.9,4.5,2026-03-20,2026-03-22 07:40:09
2910,統領,21.2,47.08,32.81,34.85,-0.14,-0.04,-0.1,23.63,21.69,19.76,6,11,0.54,37.19,17.24,1.04,4.91,2026-03-20,2026-03-22 07:40:10
2911,麗嬰房,5.1,46.27,61.47,53.21,0.04,0.04,-0.0,5.38,5.15,4.93,34,63,0.54,5.36,,,,2026-03-20,2026-03-22 07:40:11
2912,統一超,217.0,52.99,52.33,41.18,-0.56,-0.24,-0.32,225.1,219.7,214.3,18090,5696,3.18,2255.98,20.2,9.0,4.15,2026-03-20,2026-03-22 07:40:12
2913,農林,12.45,35.69,26.43,33.33,-0.22,-0.22,-0.0,13.36,12.62,11.89,2278,1354,1.68,98.35,,,,2026-03-20,2026-03-22 07:40:13
2915,潤泰全,48.55,13.27,21.37,25.56,-0.78,-0.45,-0.33,54.72,51.62,48.52,3344,3613,0.93,518.38,5.23,2.5,5.15,2026-03-20,2026-03-22 07:40:15
2923,鼎固-KY,18.4,26.28,19.63,18.05,-1.0,-0.53,-0.46,28.87,21.69,14.52,83,121,0.69,320.21,30.67,0.24,1.3,2026-03-20,2026-03-22 07:40:16
2929,淘帝-KY,6.5,8.88,10.47,20.27,-0.29,-0.23,-0.06,7.86,7.1,6.35,165,547,0.3,7.12,0.51,,,2026-03-20,2026-03-22 07:40:17
2939,永邑-KY,26.45,76.63,74.41,59.04,0.91,0.61,0.3,28.03,24.32,20.6,23,82,0.28,12.05,,,,2026-03-20,2026-03-22 07:40:18
2945,三商家購,41.05,58.35,51.41,39.45,-0.0,0.05,-0.05,43.5,41.3,39.11,17,21,0.79,27.71,19.27,1.5,3.65,2026-03-20,2026-03-22 07:40:19
3002,歐格,20.15,29.79,33.5,37.42,-0.57,-0.6,0.04,22.59,21.06,19.53,329,271,1.22,20.42,55.97,0.7,3.47,2026-03-20,2026-03-22 07:40:21
3003,健和興,50.7,64.29,66.28,48.18,0.49,0.48,0.0,52.24,50.13,48.01,826,358,2.31,78.92,34.97,2.0,3.94,2026-03-20,2026-03-22 07:40:22
3004,豐達科,103.5,29.61,41.44,37.29,-1.63,-1.01,-0.62,117.31,109.47,101.64,142,195,0.73,66.51,17.97,2.55,2.46,2026-03-20,2026-03-22 07:40:23
3005,神基,128.5,64.1,78.93,57.14,4.9,4.5,0.41,143.73,125.05,106.37,7608,6145,1.24,799.89,15.46,6.79,5.28,2026-03-20,2026-03-22 07:40:24
3006,晶豪科,195.5,82.18,78.4,58.36,12.59,7.13,5.46,211.58,165.8,120.02,12202,36559,0.33,532.1,222.16,1.0,0.51,2026-03-20,2026-03-22 07:40:25
3008,大立光,2355.0,73.27,64.94,46.75,2.07,-2.53,4.6,2451.54,2327.9,2204.25,834,762,1.09,3080.3,14.97,80.0,3.4,2026-03-20,2026-03-22 07:40:27
3010,華立,130.0,66.06,71.36,55.56,3.67,2.98,0.69,138.67,126.65,114.63,1662,2439,0.68,337.27,15.82,5.3,4.08,2026-03-20,2026-03-22 07:40:28
3011,今皓,13.15,70.39,53.13,50.56,-0.21,-0.32,0.11,13.49,12.68,11.87,1174,778,1.51,16.46,,,,2026-03-20,2026-03-22 07:40:29
3013,晟銘電,99.9,66.66,54.2,38.74,-4.35,-5.11,0.76,115.96,101.85,87.74,1769,2343,0.75,213.13,24.91,0.6,0.6,2026-03-20,2026-03-22 07:40:31
3014,聯陽,117.5,59.39,60.82,41.51,-0.29,-0.03,-0.26,124.06,119.45,114.84,830,739,1.12,195.03,12.69,9.0,7.66,2026-03-20,2026-03-22 07:40:32
3015,全漢,51.1,38.19,35.94,29.41,-0.65,-0.53,-0.12,56.51,52.76,49.01,579,360,1.61,95.69,27.62,3.0,5.87,2026-03-20,2026-03-22 07:40:33
3016,嘉晶,62.5,74.54,72.99,53.73,1.03,0.3,0.74,66.25,59.51,52.78,2475,3831,0.65,180.34,892.86,0.5,0.8,2026-03-20,2026-03-22 07:40:34
3017,奇鋐,2050.0,82.87,73.83,65.24,110.12,93.82,16.31,2061.56,1785.0,1508.44,6978,6207,1.12,8009.61,42.55,9.93,0.48,2026-03-20,2026-03-22 07:40:36
3018,隆銘綠能,12.25,26.52,31.82,37.66,0.03,0.14,-0.11,13.75,12.82,11.9,6,12,0.57,9.23,1.37,,,2026-03-20,2026-03-22 07:40:37
3019,亞光,130.5,56.47,53.16,32.26,-3.9,-3.75,-0.16,156.9,138.07,119.25,1892,3747,0.5,364.41,20.08,4.0,3.07,2026-03-20,2026-03-22 07:40:38
3021,鴻名,16.45,67.65,59.64,40.22,-0.31,-0.35,0.05,17.69,16.72,15.75,66,77,0.86,15.61,49.85,0.3,1.82,2026-03-20,2026-03-22 07:40:40
3022,威強電,68.5,81.82,80.25,68.93,0.6,-0.53,1.13,66.86,61.06,55.27,6826,2159,3.16,120.97,14.89,4.5,6.57,2026-03-20,2026-03-22 07:40:41
3023,信邦,270.0,88.59,79.05,61.83,8.1,6.1,2.0,261.35,238.93,216.5,3708,1728,2.15,648.19,20.75,10.25,3.8,2026-03-20,2026-03-22 07:40:42
3024,憶聲,10.7,72.52,61.22,50.0,-0.03,-0.11,0.08,10.86,10.4,9.95,641,893,0.72,29.66,39.63,0.4,3.74,2026-03-20,2026-03-22 07:40:44
3025,星通,61.9,67.56,73.84,59.05,-0.38,-1.33,0.95,64.65,58.6,52.56,1539,1772,0.87,35.12,29.9,3.3,5.33,2026-03-20,2026-03-22 07:40:45
3026,禾伸堂,119.0,74.35,65.99,54.65,2.37,1.23,1.14,123.85,111.8,99.75,4310,3395,1.27,197.41,18.28,5.5,4.62,2026-03-20,2026-03-22 07:40:46
3027,盛達,20.25,7.44,13.71,23.36,-0.91,-0.77,-0.14,24.52,22.25,19.98,494,472,1.05,23.26,9.04,,,2026-03-20,2026-03-22 07:40:47
3028,增你強,54.2,67.3,62.59,53.27,2.48,2.37,0.12,58.45,52.55,46.66,8085,10319,0.78,128.58,18.89,2.1,3.87,2026-03-20,2026-03-22 07:40:49
3029,零壹,107.0,39.11,42.1,35.62,0.51,0.86,-0.35,116.07,110.84,105.61,1799,1916,0.94,178.7,16.44,5.5,5.14,2026-03-20,2026-03-22 07:40:50
3030,德律,255.5,59.07,66.87,53.7,17.95,18.12,-0.17,291.37,239.7,188.03,5283,6635,0.8,603.53,24.38,5.0,1.96,2026-03-20,2026-03-22 07:40:51
3031,佰鴻,22.6,78.19,74.78,62.05,0.7,0.33,0.36,23.3,20.59,17.88,2665,3607,0.74,39.14,20.93,1.0,4.42,2026-03-20,2026-03-22 07:40:52
3032,偉訓,65.2,50.09,44.38,41.9,-2.11,-2.22,0.11,75.57,67.47,59.38,674,1006,0.67,73.86,,2.73,4.19,2026-03-20,2026-03-22 07:40:54
3033,威健,35.75,79.21,72.11,68.78,0.92,0.3,0.62,35.37,31.55,27.73,47677,23574,2.02,171.7,22.2,2.08,5.82,2026-03-20,2026-03-22 07:40:55
3034,聯詠,385.0,71.02,72.85,48.92,0.64,0.77,-0.13,394.0,381.73,369.45,18367,6472,2.84,2342.77,14.35,28.0,7.27,2026-03-20,2026-03-22 07:40:56
3035,智原,157.5,68.26,59.12,41.96,-2.11,-2.92,0.81,172.96,159.12,145.29,2299,2571,0.89,410.37,56.25,3.0,1.9,2026-03-20,2026-03-22 07:40:58
3036,文曄,254.0,93.07,93.41,85.94,23.3,20.04,3.25,270.98,213.28,155.57,18231,11602,1.57,3212.05,24.64,6.0,2.36,2026-03-20,2026-03-22 07:40:59
3037,欣興,554.0,84.04,80.48,59.38,54.4,46.44,7.96,597.85,473.88,349.9,9015,28998,0.31,8723.22,128.24,1.49,0.27,2026-03-20,2026-03-22 07:41:00
3038,全台,21.65,71.36,74.86,48.23,-0.04,-0.14,0.09,22.57,21.58,20.59,237,442,0.54,30.49,19.68,1.2,5.54,2026-03-20,2026-03-22 07:41:02
3040,遠見,48.9,86.35,82.26,77.87,0.47,-0.9,1.37,50.83,42.55,34.28,211,305,0.69,29.27,152.81,1.0,2.04,2026-03-20,2026-03-22 07:41:03
3041,揚智,23.45,65.1,61.74,42.68,-0.47,-0.57,0.1,25.65,23.83,22.02,4456,1415,3.15,32.88,24.18,,,2026-03-20,2026-03-22 07:41:04
3042,晶技,93.0,72.87,75.16,50.0,1.55,1.56,-0.01,95.25,91.72,88.18,1944,1590,1.22,316.19,17.78,5.2,5.59,2026-03-20,2026-03-22 07:41:05
3043,科風,21.1,37.85,37.99,37.31,-0.29,-0.27,-0.02,22.34,21.5,20.66,72,92,0.79,8.22,,,,2026-03-20,2026-03-22 07:41:07
3044,健鼎,363.0,38.21,40.47,42.17,0.09,2.09,-2.0,400.39,372.9,345.41,7328,4920,1.49,1907.95,18.76,10.3,2.84,2026-03-20,2026-03-22 07:41:08
3045,台灣大,109.0,79.06,68.79,52.94,0.59,0.34,0.24,110.17,107.85,105.53,5663,7817,0.72,3296.72,23.19,4.5,4.13,2026-03-20,2026-03-22 07:41:09
3046,建碁,48.35,86.19,75.77,46.64,-0.79,-1.14,0.35,50.48,47.74,45.0,83,132,0.63,37.93,12.37,3.0,6.2,2026-03-20,2026-03-22 07:41:10
3047,訊舟,16.65,65.05,54.78,38.83,-0.42,-0.51,0.1,18.35,16.78,15.2,819,1430,0.57,37.15,,0.3,1.8,2026-03-20,2026-03-22 07:41:11
3048,益登,40.2,70.97,69.03,52.99,0.32,-0.27,0.6,42.55,38.4,34.25,9110,10957,0.83,108.47,20.1,,,2026-03-20,2026-03-22 07:41:12
3049,精金,18.0,86.0,74.31,76.19,1.67,1.28,0.38,17.32,12.67,8.02,46808,34290,1.37,144.36,58.06,,,2026-03-20,2026-03-22 07:41:14
3050,鈺德,14.5,82.89,66.61,59.0,-0.03,-0.17,0.13,14.15,13.18,12.21,2391,1088,2.2,22.47,362.5,0.5,3.45,2026-03-20,2026-03-22 07:41:15
3051,力特,21.35,47.8,45.74,39.51,-0.44,-0.42,-0.02,23.62,21.73,19.85,1118,972,1.15,35.23,18.57,1.52,7.12,2026-03-20,2026-03-22 07:41:16
3052,夆典,11.05,20.37,26.77,32.0,-0.14,-0.11,-0.03,11.82,11.37,10.91,1027,761,1.35,22.54,10.14,0.5,4.52,2026-03-20,2026-03-22 07:41:17
3054,立萬利,79.2,81.11,89.57,77.29,13.8,10.37,3.43,96.53,54.84,13.16,244,362,0.68,63.88,40.82,,,2026-03-20,2026-03-22 07:41:18
3055,蔚華科,59.9,44.73,30.53,26.29,-2.71,-2.81,0.1,70.54,62.64,54.73,192,204,0.94,66.87,,1.0,1.67,2026-03-20,2026-03-22 07:41:19
3056,富華新,15.1,14.01,11.37,25.93,-0.66,-0.52,-0.14,18.15,16.11,14.07,2908,2289,1.27,72.56,14.11,1.48,9.8,2026-03-20,2026-03-22 07:41:19
3057,喬鼎,19.0,73.11,55.55,60.22,-0.04,-0.51,0.46,18.34,16.03,13.72,2205,680,3.24,11.46,47.5,,,2026-03-20,2026-03-22 07:41:20
3058,立德,10.2,60.15,47.18,48.65,-0.03,-0.13,0.1,10.76,9.84,8.93,1826,2373,0.77,20.44,,,,2026-03-20,2026-03-22 07:41:21
3059,華晶科,37.95,64.8,65.47,40.38,-0.46,-0.56,0.1,40.65,38.38,36.11,1157,1364,0.85,116.56,30.85,1.0,2.64,2026-03-20,2026-03-22 07:41:22
3060,銘異,34.8,68.51,49.52,53.16,-0.19,-0.77,0.58,35.59,30.87,26.16,21328,10701,1.99,47.87,,0.35,1.01,2026-03-20,2026-03-22 07:41:23
3062,建漢,23.75,42.88,38.77,33.15,-0.37,-0.3,-0.07,27.45,24.93,22.41,2087,2563,0.81,77.93,34.93,,,2026-03-20,2026-03-22 07:41:25
3090,日電貿,95.3,67.91,67.0,48.16,0.14,-0.63,0.77,103.6,95.11,86.63,4677,3863,1.21,274.05,17.62,4.2,4.41,2026-03-20,2026-03-22 07:41:25
3092,鴻碩,32.3,37.21,39.43,41.31,1.83,2.09,-0.26,40.06,32.29,24.51,1420,1557,0.91,34.42,,,,2026-03-20,2026-03-22 07:41:27
3094,聯傑,23.75,69.81,61.16,39.57,-0.34,-0.4,0.06,25.94,24.02,22.09,297,259,1.15,19.74,98.96,0.17,0.72,2026-03-20,2026-03-22 07:41:28
3105,穩懋,344.0,76.2,67.87,52.97,21.49,19.25,2.24,360.01,305.05,250.09,62022,32195,1.93,1458.35,86.22,1.0,0.29,2026-03-20,2026-03-22 07:41:29
3130,一零四,223.0,30.99,33.25,38.1,-0.1,0.06,-0.17,225.9,224.03,222.15,19,22,0.89,74.02,15.29,14.14,6.34,2026-03-20,2026-03-22 07:41:30
3135,凌航,157.0,82.11,62.05,66.67,6.57,3.1,3.48,144.81,120.22,95.64,3463,8383,0.41,121.12,80.1,1.32,0.84,2026-03-20,2026-03-22 07:41:32
3138,耀登,177.0,43.87,43.1,30.05,4.28,6.23,-1.95,214.98,184.28,153.57,3935,5301,0.74,85.4,118.0,2.56,1.45,2026-03-20,2026-03-22 07:41:33
3149,正達,45.75,15.79,14.78,33.25,-1.18,-0.44,-0.74,55.82,49.39,42.96,5850,5119,1.14,103.5,,,,2026-03-20,2026-03-22 07:41:34
3150,鈺寶-創,15.95,21.71,21.41,34.72,-0.66,-0.7,0.04,18.14,16.62,15.1,72,90,0.8,7.08,,1.0,6.27,2026-03-20,2026-03-22 07:41:35
3164,景岳,18.25,80.94,84.95,59.46,0.08,0.02,0.06,18.51,18.04,17.57,49,71,0.69,15.7,27.65,0.6,3.29,2026-03-20,2026-03-22 07:41:37
3167,大量,345.0,66.73,70.75,56.19,28.43,25.8,2.64,386.06,312.75,239.44,649,3882,0.17,305.34,43.12,1.0,0.29,2026-03-20,2026-03-22 07:41:38
3168,眾福科,41.05,59.75,60.72,52.04,0.08,0.06,0.02,41.97,40.97,39.97,19,23,0.8,30.83,15.85,3.04,7.41,2026-03-20,2026-03-22 07:41:39
3176,基亞,32.5,62.65,56.93,59.91,0.17,-0.29,0.47,33.41,30.58,27.75,1356,906,1.5,45.27,,,,2026-03-20,2026-03-22 07:41:40
3189,景碩,380.0,82.12,72.67,68.83,32.39,26.16,6.24,382.15,312.43,242.7,9717,57019,0.17,2002.32,112.43,0.97,0.26,2026-03-20,2026-03-22 07:41:41
3209,全科,42.8,79.9,78.62,70.43,2.32,1.58,0.74,45.1,38.05,31.01,5285,6805,0.78,100.75,14.31,2.48,5.79,2026-03-20,2026-03-22 07:41:42
3229,晟鈦,19.5,32.1,27.31,40.93,-1.09,-1.09,-0.0,22.82,20.1,17.38,318,197,1.61,12.53,,,,2026-03-20,2026-03-22 07:41:42
3231,緯創,130.0,45.21,53.86,43.24,-1.09,-1.28,0.19,137.98,131.47,124.97,64950,44984,1.44,4134.54,15.48,3.8,2.92,2026-03-20,2026-03-22 07:41:43
3257,虹冠電,55.7,53.44,49.68,34.44,-2.07,-2.32,0.25,62.43,57.75,53.07,284,254,1.11,44.32,17.57,2.8,5.03,2026-03-20,2026-03-22 07:41:44
3260,威剛,457.5,89.08,89.69,76.0,43.86,24.19,19.67,481.74,332.59,183.43,18993,16341,1.16,1454.76,19.92,17.0,3.72,2026-03-20,2026-03-22 07:41:45
3266,昇陽,13.4,46.0,36.88,39.71,-0.16,-0.13,-0.03,14.49,13.66,12.83,22,39,0.57,47.21,23.1,0.75,5.6,2026-03-20,2026-03-22 07:41:46
3289,宜特,139.0,63.09,50.92,52.87,2.32,1.32,1.01,143.49,130.28,117.06,9149,6592,1.39,119.9,26.33,4.12,2.96,2026-03-20,2026-03-22 07:41:47
3296,勝德,21.6,27.88,29.95,30.0,-0.63,-0.58,-0.05,24.52,22.64,20.76,51,58,0.87,20.89,35.41,,,2026-03-20,2026-03-22 07:41:48
3305,昇貿,104.0,56.17,53.11,38.01,-1.6,-1.79,0.18,119.97,108.3,96.64,2534,4144,0.61,135.1,35.99,2.25,2.16,2026-03-20,2026-03-22 07:41:49
3308,聯德,22.05,18.63,21.49,35.67,-0.17,0.13,-0.3,26.17,23.24,20.31,284,312,0.91,13.23,32.43,,,2026-03-20,2026-03-22 07:41:50
3311,閎暉,32.7,67.0,59.58,41.61,0.1,0.01,0.09,34.27,32.34,30.41,182,271,0.67,32.7,19.58,0.3,0.92,2026-03-20,2026-03-22 07:41:51
3312,弘憶股,37.2,68.06,56.43,49.33,-0.61,-1.13,0.51,39.98,35.49,30.99,1052,1773,0.59,67.94,29.06,1.39,3.74,2026-03-20,2026-03-22 07:41:52
3321,同泰,16.95,44.92,25.26,37.6,-0.67,-0.69,0.02,19.5,16.87,14.24,221,311,0.71,14.6,,,,2026-03-20,2026-03-22 07:41:53
3338,泰碩,64.0,68.03,68.09,65.0,2.58,1.97,0.61,64.79,58.14,51.49,3211,3136,1.02,55.57,35.75,2.01,3.14,2026-03-20,2026-03-22 07:41:54
3346,麗清,19.9,52.44,50.3,39.47,-0.23,-0.27,0.03,21.64,20.17,18.7,168,343,0.49,23.98,180.91,1.21,6.08,2026-03-20,2026-03-22 07:41:55
3356,奇偶,50.6,84.47,78.84,60.64,0.82,0.16,0.66,52.17,47.22,42.26,537,924,0.58,40.45,8.16,4.0,7.91,2026-03-20,2026-03-22 07:41:56
3357,臺慶科,159.0,58.94,53.92,31.11,0.38,0.29,0.09,189.91,163.5,137.09,2686,4357,0.62,162.24,16.81,5.0,3.14,2026-03-20,2026-03-22 07:41:57
3376,新日興,223.5,77.86,69.51,54.3,3.58,-0.3,3.88,230.23,205.18,180.12,10486,11484,0.91,437.53,81.87,6.0,2.68,2026-03-20,2026-03-22 07:41:58
3380,明泰,36.15,69.69,71.88,55.14,0.92,0.73,0.19,38.31,34.43,30.55,4809,8384,0.57,195.83,22.59,1.0,2.77,2026-03-20,2026-03-22 07:41:59
3406,玉晶光,445.0,83.9,77.56,53.91,0.45,-3.58,4.04,459.4,429.15,398.9,700,1065,0.66,501.71,13.57,18.0,4.04,2026-03-20,2026-03-22 07:42:00
3413,京鼎,301.0,55.75,61.9,45.5,3.01,3.76,-0.75,319.5,304.75,290.0,1161,1580,0.74,330.56,14.51,11.0,3.65,2026-03-20,2026-03-22 07:42:01
3416,融程電,150.5,76.04,73.97,50.0,0.92,0.1,0.82,155.15,147.32,139.5,174,366,0.48,121.05,21.23,5.5,3.65,2026-03-20,2026-03-22 07:42:02
3419,譁裕,16.2,61.18,48.76,42.62,0.29,0.29,0.01,16.88,15.76,14.64,471,612,0.77,19.52,30.57,,,2026-03-20,2026-03-22 07:42:03
3432,台端,16.2,32.86,44.58,33.87,-0.2,-0.1,-0.1,17.77,16.86,15.94,89,89,0.99,6.84,,,,2026-03-20,2026-03-22 07:42:04
3437,榮創,24.0,86.75,83.47,75.45,2.08,1.12,0.96,24.7,17.58,10.46,3427,6694,0.51,34.69,,,,2026-03-20,2026-03-22 07:42:05
3443,創意,2645.0,73.29,56.8,50.0,3.26,-26.53,29.79,2750.91,2427.5,2104.09,3532,2700,1.31,3544.59,94.33,16.0,0.6,2026-03-20,2026-03-22 07:42:06
3447,展達,40.8,62.76,67.05,45.64,-0.63,-0.92,0.29,43.45,41.22,39.0,156,162,0.96,31.6,25.66,1.1,2.7,2026-03-20,2026-03-22 07:42:07
3450,聯鈞,285.5,62.29,53.66,44.73,4.43,4.91,-0.48,323.45,281.55,239.65,37951,21786,1.74,415.92,57.1,0.5,0.18,2026-03-20,2026-03-22 07:42:08
3454,晶睿,99.4,39.99,45.78,40.0,0.08,0.09,-0.01,99.5,99.38,99.25,0,129,0.0,86.05,16.19,2.3,2.31,2026-03-20,2026-03-22 07:42:09
3481,群創,26.25,26.89,43.54,44.39,1.3,1.62,-0.32,31.89,26.96,22.02,500257,626942,0.8,2095.03,875.0,1.0,3.81,2026-03-20,2026-03-22 07:42:10
3494,誠研,8.43,57.95,53.82,43.31,-0.16,-0.17,0.01,8.88,8.46,8.04,133,115,1.15,7.99,,,,2026-03-20,2026-03-22 07:42:11
3498,陽程,72.9,76.62,80.31,71.67,6.15,5.0,1.15,82.64,62.45,42.26,10369,7576,1.37,44.04,151.88,,,2026-03-20,2026-03-22 07:42:12
3499,環天科,19.3,76.54,65.44,64.12,0.33,0.12,0.22,19.19,17.54,15.89,907,787,1.15,10.61,,,,2026-03-20,2026-03-22 07:42:13
3501,維熹,48.55,25.94,33.36,34.5,-0.72,-0.6,-0.12,52.34,50.01,47.68,174,207,0.84,57.41,16.29,4.0,8.24,2026-03-20,2026-03-22 07:42:14
3504,揚明光,58.3,59.02,53.38,35.29,0.71,0.87,-0.16,65.06,59.08,53.1,472,613,0.77,66.5,233.2,,,2026-03-20,2026-03-22 07:42:15
3508,位速,47.9,79.05,73.96,60.88,4.44,3.52,0.92,49.06,39.58,30.09,9573,6181,1.55,49.45,,,,2026-03-20,2026-03-22 07:42:16
3515,華擎,216.5,53.85,44.44,41.67,-2.67,-3.55,0.87,231.79,218.6,205.41,634,640,0.99,267.48,14.26,5.3,2.45,2026-03-20,2026-03-22 07:42:17
3518,柏騰,22.9,78.45,64.19,52.41,0.13,-0.13,0.26,22.8,21.03,19.26,694,421,1.65,22.97,,,,2026-03-20,2026-03-22 07:42:18
3528,安馳,62.4,28.01,27.09,27.13,-1.75,-1.31,-0.44,74.54,66.89,59.23,145,147,0.99,41.57,27.37,3.0,4.81,2026-03-20,2026-03-22 07:42:19
3530,晶相光,61.5,83.19,73.46,47.21,-1.51,-2.32,0.82,64.6,60.21,55.81,239,189,1.26,47.65,35.34,,,2026-03-20,2026-03-22 07:42:20
3532,台勝科,143.5,71.57,67.63,55.0,2.96,0.66,2.3,155.77,133.18,110.58,5416,5755,0.94,556.56,90.82,1.8,1.25,2026-03-20,2026-03-22 07:42:21
3533,嘉澤,2065.0,84.35,77.12,65.67,111.36,74.41,36.95,2029.35,1716.25,1403.15,2473,2481,1.0,2311.43,29.5,41.72,2.02,2026-03-20,2026-03-22 07:42:22
3535,晶彩科,124.0,21.13,28.05,38.24,4.68,6.65,-1.96,149.92,125.67,101.43,7860,5652,1.39,98.02,563.64,0.5,0.4,2026-03-20,2026-03-22 07:42:23
3543,州巧,50.9,57.5,57.84,49.53,1.24,1.08,0.16,54.88,49.56,44.23,4608,4145,1.11,55.61,,0.48,0.94,2026-03-20,2026-03-22 07:42:24
3545,敦泰,43.5,40.77,34.28,22.59,-2.37,-2.24,-0.12,55.12,47.17,39.23,1154,1192,0.97,94.71,,1.74,4.0,2026-03-20,2026-03-22 07:42:24
3550,聯穎,18.95,63.77,62.29,52.45,0.64,0.47,0.16,21.02,18.12,15.21,3560,6153,0.58,20.38,,,,2026-03-20,2026-03-22 07:42:25
3555,博士旺,204.0,86.14,85.07,73.11,25.45,17.05,8.39,215.81,145.15,74.49,259,340,0.76,81.6,158.14,,,2026-03-20,2026-03-22 07:42:27
3557,嘉威,30.6,33.35,27.21,28.74,-1.12,-1.12,0.0,35.6,32.12,28.64,27,49,0.56,25.8,3060.0,2.5,8.17,2026-03-20,2026-03-22 07:42:28
3563,牧德,724.0,80.12,79.93,62.22,55.55,44.87,10.68,789.38,624.6,459.82,2886,3088,0.93,463.08,46.09,5.55,0.77,2026-03-20,2026-03-22 07:42:29
3576,聯合再生,23.1,59.74,64.45,46.97,2.69,2.92,-0.23,28.77,22.4,16.03,70378,57787,1.22,375.77,17.77,,,2026-03-20,2026-03-22 07:42:30
3583,辛耘,430.0,87.04,82.48,66.23,21.39,14.33,7.06,433.12,371.45,309.78,5790,4226,1.37,345.44,32.16,6.0,1.4,2026-03-20,2026-03-22 07:42:31
3588,通嘉,50.9,72.32,63.43,46.35,-0.46,-0.64,0.18,54.08,50.28,46.48,247,257,0.96,31.55,101.8,1.2,2.36,2026-03-20,2026-03-22 07:42:33
3591,艾笛森,21.3,80.19,73.37,66.67,0.46,0.06,0.41,21.75,19.02,16.28,13639,6470,2.11,30.24,37.37,0.74,3.47,2026-03-20,2026-03-22 07:42:34
3592,瑞鼎,214.0,44.61,45.18,36.61,-3.19,-2.67,-0.53,236.58,221.95,207.32,324,387,0.84,162.33,11.95,22.2,10.37,2026-03-20,2026-03-22 07:42:35
3593,力銘,12.55,57.72,67.39,59.26,0.14,0.09,0.05,13.27,12.41,11.54,13,13,0.95,7.63,,,,2026-03-20,2026-03-22 07:42:36
3596,智易,192.0,34.52,54.34,47.37,4.35,5.52,-1.17,212.79,197.95,183.11,1506,2664,0.57,423.08,15.46,9.0,4.69,2026-03-20,2026-03-22 07:42:38
3605,宏致,60.8,51.97,45.0,39.51,-0.66,-0.65,-0.01,66.55,62.19,57.83,1225,1147,1.07,99.12,15.12,0.72,1.18,2026-03-20,2026-03-22 07:42:39
3607,谷崧,14.55,80.29,72.82,52.87,0.07,-0.05,0.12,14.92,14.01,13.1,238,320,0.74,17.7,727.5,0.7,4.81,2026-03-20,2026-03-22 07:42:40
3615,安可,33.75,55.88,59.94,52.93,1.85,1.89,-0.04,38.38,32.06,25.74,5467,4188,1.31,23.11,41.16,0.3,0.89,2026-03-20,2026-03-22 07:42:41
3617,碩天,175.0,16.78,22.65,36.22,-4.31,-3.56,-0.75,199.53,184.7,169.87,192,254,0.75,164.79,12.16,15.0,8.57,2026-03-20,2026-03-22 07:42:43
3622,洋華,59.5,62.12,69.75,49.09,-0.71,-1.05,0.34,62.17,59.46,56.74,214,328,0.65,90.04,9.79,3.0,5.04,2026-03-20,2026-03-22 07:42:44
3645,達邁,78.4,72.54,79.97,62.29,5.68,4.89,0.79,91.12,71.23,51.33,12659,18456,0.69,107.22,51.24,1.19,1.52,2026-03-20,2026-03-22 07:42:45
3652,精聯,27.4,74.97,70.76,43.4,-0.23,-0.3,0.07,29.06,27.6,26.14,39,45,0.87,20.58,20.45,0.6,2.19,2026-03-20,2026-03-22 07:42:46
3653,健策,3850.0,82.47,81.75,67.02,236.72,179.53,57.19,3982.42,3334.25,2686.08,1147,1528,0.75,5649.21,106.38,14.5,0.38,2026-03-20,2026-03-22 07:42:48
3661,世芯-KY,3375.0,60.05,52.27,48.24,-20.74,-31.61,10.88,3565.06,3287.0,3008.94,4092,1971,2.08,2743.33,50.0,36.74,1.09,2026-03-20,2026-03-22 07:42:49
3665,貿聯-KY,1825.0,79.96,71.15,65.53,86.69,68.87,17.82,1903.58,1581.0,1258.42,9937,5511,1.8,3558.02,39.37,10.51,0.58,2026-03-20,2026-03-22 07:42:50
3669,圓展,34.45,71.18,73.06,53.19,-0.12,-0.35,0.23,35.53,33.87,32.2,71,109,0.65,32.01,30.49,1.7,4.93,2026-03-20,2026-03-22 07:42:51
3673,TPK-KY,46.0,74.72,60.35,62.57,0.62,-0.09,0.71,45.15,40.64,36.13,14867,7742,1.92,187.07,22.33,0.8,1.74,2026-03-20,2026-03-22 07:42:52
3679,新至陞,121.0,67.78,55.61,55.88,1.2,0.94,0.26,121.86,118.2,114.54,50,69,0.73,76.26,12.44,10.0,8.26,2026-03-20,2026-03-22 07:42:53
3686,達能,19.15,51.55,42.88,32.05,-0.2,-0.2,-0.0,21.16,19.32,17.48,966,828,1.17,14.65,,,,2026-03-20,2026-03-22 07:42:54
3689,湧德,117.0,69.42,60.53,51.56,0.42,-1.42,1.84,126.35,110.72,95.1,5675,6011,0.94,102.73,16.07,2.92,2.5,2026-03-20,2026-03-22 07:42:56
3693,營邦,535.0,80.77,76.67,60.64,40.8,28.52,12.28,560.84,441.15,321.46,10022,6872,1.46,230.0,34.85,11.0,2.06,2026-03-20,2026-03-22 07:42:58
3694,海華,56.6,51.87,52.25,40.38,-0.82,-0.89,0.07,63.16,58.12,53.09,531,953,0.56,87.72,14.19,1.48,2.61,2026-03-20,2026-03-22 07:42:59
3701,大眾控,65.8,67.54,58.52,51.22,2.93,2.41,0.52,72.24,60.33,48.43,16877,19579,0.86,155.63,65.15,0.2,0.3,2026-03-20,2026-03-22 07:43:00
3702,大聯大,91.4,87.08,89.73,87.66,6.71,4.39,2.32,93.92,74.61,55.31,26859,33423,0.8,1534.66,16.35,3.2,3.5,2026-03-20,2026-03-22 07:43:01
3703,欣陸,22.65,81.28,73.42,51.43,-0.06,-0.15,0.09,23.06,22.29,21.53,1240,1076,1.15,186.46,12.58,1.05,4.64,2026-03-20,2026-03-22 07:43:03
3704,合勤控,33.25,68.2,67.03,46.7,-0.21,-0.44,0.23,35.14,33.02,30.9,2663,2710,0.98,134.51,21.31,0.3,0.9,2026-03-20,2026-03-22 07:43:04
3705,永信,52.4,32.35,36.45,20.45,-0.73,-0.7,-0.04,55.88,54.07,52.26,571,240,2.37,139.58,14.48,3.0,5.73,2026-03-20,2026-03-22 07:43:05
3706,神達,81.0,64.94,74.91,54.59,0.49,0.15,0.34,85.28,80.84,76.4,9126,14321,0.64,1075.04,15.79,1.0,1.23,2026-03-20,2026-03-22 07:43:06
3708,上緯投控,122.0,50.28,63.13,49.47,2.32,2.44,-0.12,133.62,120.58,107.53,1445,1407,1.03,118.67,20.54,2.35,1.93,2026-03-20,2026-03-22 07:43:07
3711,日月光投控,344.0,61.15,58.81,42.74,7.69,10.13,-2.44,388.73,351.0,313.27,22143,17708,1.25,15046.87,38.74,5.3,1.54,2026-03-20,2026-03-22 07:43:08
3712,永崴投控,23.55,59.75,53.4,43.9,-0.54,-0.64,0.11,26.12,23.75,21.39,477,607,0.79,57.99,,3.0,12.74,2026-03-20,2026-03-22 07:43:10
3714,富采,48.1,81.95,81.71,70.92,3.03,2.08,0.96,49.87,40.9,31.93,21898,25664,0.85,353.72,4810.0,0.9,1.87,2026-03-20,2026-03-22 07:43:11
3715,定穎投控,178.5,80.12,74.41,61.43,8.9,5.89,3.01,181.91,155.43,128.94,65560,64159,1.02,506.18,66.11,1.5,0.84,2026-03-20,2026-03-22 07:43:12
3716,中化控股,33.25,23.82,35.13,33.33,-0.13,-0.07,-0.06,34.42,33.77,33.13,116,118,0.99,48.73,12.74,1.02,3.07,2026-03-20,2026-03-22 07:43:13
3717,聯嘉投控,20.05,76.34,73.76,67.33,0.44,0.23,0.2,19.86,18.06,16.27,3051,1315,2.32,41.67,,0.3,1.5,2026-03-20,2026-03-22 07:43:14
4102,永日,19.4,32.94,31.52,28.57,-0.23,-0.18,-0.04,20.47,19.81,19.15,23,55,0.42,8.22,,1.15,5.93,2026-03-20,2026-03-22 07:43:16
4104,佳醫,76.3,29.89,24.35,33.93,-0.68,-0.63,-0.05,79.27,77.07,74.86,248,252,0.99,143.72,16.59,4.3,5.64,2026-03-20,2026-03-22 07:43:17
4105,東洋,80.0,11.52,13.18,19.54,-1.03,-0.68,-0.34,86.16,82.58,79.01,654,1060,0.62,198.92,12.78,4.5,5.62,2026-03-20,2026-03-22 07:43:19
4106,雃博,22.4,51.88,49.54,40.74,-0.13,-0.1,-0.03,23.2,22.66,22.12,42,75,0.56,22.6,18.82,0.8,3.57,2026-03-20,2026-03-22 07:43:20
4107,邦特,118.0,31.01,42.12,34.21,-0.57,-0.3,-0.28,124.28,120.47,116.67,21,41,0.52,81.77,15.25,5.0,4.24,2026-03-20,2026-03-22 07:43:22
4108,懷特,13.4,39.91,40.29,37.5,-0.17,-0.15,-0.02,14.58,13.69,12.81,143,186,0.77,26.61,,,,2026-03-20,2026-03-22 07:43:23
4109,加捷生醫,13.4,64.68,60.94,43.75,-0.23,-0.3,0.07,14.29,13.44,12.59,80,175,0.46,15.91,31.16,0.5,3.73,2026-03-20,2026-03-22 07:43:24
4111,濟生,29.45,34.12,38.17,43.75,-0.06,-0.02,-0.04,30.3,29.73,29.15,79,99,0.8,17.62,10.83,1.0,3.4,2026-03-20,2026-03-22 07:43:26
4113,聯上,17.8,43.33,48.38,31.03,-0.81,-0.74,-0.07,21.05,19.27,17.5,871,1134,0.77,41.14,254.29,0.85,4.78,2026-03-20,2026-03-22 07:43:27
4114,健喬,31.0,34.6,40.16,38.46,-0.33,-0.31,-0.02,32.76,31.57,30.39,580,823,0.7,156.15,19.75,0.6,1.94,2026-03-20,2026-03-22 07:43:29
4115,善德生技,7.2,78.63,60.49,43.18,-0.28,-0.32,0.04,8.24,7.32,6.4,23,12,1.87,4.32,,,,2026-03-20,2026-03-22 07:43:31
4116,明基醫,39.6,28.7,30.82,27.59,-0.86,-0.86,0.0,43.29,40.81,38.34,50,38,1.31,17.65,22.63,1.65,4.17,2026-03-20,2026-03-22 07:43:33
4117,普生,4.15,13.33,12.53,7.55,-2.17,-1.81,-0.35,15.22,8.08,0.94,0,0,,2.94,,,,2026-03-20,2026-03-22 07:43:34
4119,旭富,52.3,46.84,63.3,48.55,0.4,0.46,-0.06,55.62,52.99,50.36,92,151,0.61,62.5,54.48,1.5,2.87,2026-03-20,2026-03-22 07:43:35
4120,友華,46.6,70.38,65.71,64.78,0.65,0.41,0.24,47.8,44.99,42.18,24,25,0.97,40.42,,1.0,2.15,2026-03-20,2026-03-22 07:43:37
4121,優盛,17.1,21.7,39.31,29.5,0.14,0.54,-0.4,21.29,19.37,17.45,580,1224,0.47,14.15,,,,2026-03-20,2026-03-22 07:43:38
4123,晟德,42.25,10.12,19.03,41.89,0.45,0.9,-0.45,48.86,44.44,40.03,3496,3920,0.89,315.41,3.69,0.76,1.8,2026-03-20,2026-03-22 07:43:40
4126,太醫,80.5,46.99,60.46,48.0,-0.23,-0.28,0.05,82.36,81.09,79.82,117,88,1.32,58.44,14.61,5.0,6.21,2026-03-20,2026-03-22 07:43:42
4127,天良,35.3,27.66,33.03,37.07,-0.17,0.09,-0.26,37.94,36.29,34.65,49,77,0.64,16.15,,,,2026-03-20,2026-03-22 07:43:43
4128,中天,16.8,16.61,24.51,37.93,-0.57,-0.56,-0.01,19.08,17.73,16.38,1843,1327,1.39,98.81,,,,2026-03-20,2026-03-22 07:43:45
4129,聯合,106.5,38.16,52.64,47.69,-0.32,-0.27,-0.05,115.9,108.75,101.6,131,311,0.42,102.71,18.78,4.0,3.76,2026-03-20,2026-03-22 07:43:47
4130,健亞,30.4,33.61,46.99,46.39,0.22,0.51,-0.29,35.43,32.55,29.66,2246,3794,0.59,41.57,304.0,0.1,0.33,2026-03-20,2026-03-22 07:43:48
4131,浩泰,36.2,33.91,35.63,36.96,-0.8,-0.74,-0.06,39.67,37.44,35.21,136,82,1.65,14.3,,,,2026-03-20,2026-03-22 07:43:50
4132,國鼎,11.05,14.42,12.9,12.9,-1.56,-1.48,-0.08,16.49,13.61,10.73,2439,1484,1.64,20.14,,,,2026-03-20,2026-03-22 07:43:51
4133,亞諾法,23.15,27.5,21.65,27.78,-0.46,-0.35,-0.11,25.88,24.05,22.22,116,81,1.43,14.02,18.98,0.9,3.89,2026-03-20,2026-03-22 07:43:52
4137,麗豐-KY,108.5,33.58,30.31,43.1,0.53,1.14,-0.6,115.64,110.5,105.36,226,248,0.91,89.5,15.96,10.0,9.22,2026-03-20,2026-03-22 07:43:54
4138,曜亞,61.6,69.99,76.84,73.13,0.56,0.34,0.22,63.42,60.24,57.05,31,28,1.1,24.6,16.25,4.2,6.82,2026-03-20,2026-03-22 07:43:55
4139,馬光-KY,24.55,77.65,73.9,62.86,0.13,-0.02,0.15,24.88,23.91,22.94,11,8,1.25,11.05,,,,2026-03-20,2026-03-22 07:43:57
4142,國光生,18.15,58.42,50.98,51.81,-0.22,-0.33,0.11,18.38,17.84,17.31,1365,1409,0.97,76.5,5.37,,,2026-03-20,2026-03-22 07:43:58
4147,中裕,48.55,19.95,24.22,38.67,-1.59,-1.67,0.08,54.18,51.56,48.94,1704,948,1.8,132.64,,,,2026-03-20,2026-03-22 07:43:59
4148,全宇生技-KY,40.85,68.69,69.56,61.45,1.04,0.5,0.54,43.16,38.22,33.29,86,209,0.41,27.47,18.0,0.5,1.22,2026-03-20,2026-03-22 07:44:00
4150,優你康,6.14,18.37,19.79,20.57,-0.23,-0.18,-0.05,7.25,6.72,6.19,424,351,1.21,9.04,,,,2026-03-20,2026-03-22 07:44:02
4153,鈺緯,32.7,17.48,31.04,30.38,-0.15,-0.07,-0.09,34.73,33.93,33.14,120,45,2.65,19.18,21.23,2.0,6.12,2026-03-20,2026-03-22 07:44:04
4154,樂威科-KY,10.35,41.22,34.88,16.67,-0.84,-0.87,0.03,12.89,11.15,9.42,0,3,0.0,3.62,,,,2026-03-20,2026-03-22 07:44:05
4155,訊映,13.45,32.89,31.33,23.68,-0.27,-0.24,-0.03,14.64,13.9,13.15,184,229,0.8,19.38,23.6,0.3,2.23,2026-03-20,2026-03-22 07:44:06
4157,太景*-KY,11.55,39.88,27.85,44.83,-0.46,-0.5,0.04,12.72,11.75,10.78,1814,1529,1.19,82.22,192.5,,,2026-03-20,2026-03-22 07:44:08
4160,訊聯基因,45.55,10.03,13.37,31.88,-1.4,-1.18,-0.22,51.6,48.17,44.74,55,78,0.7,12.16,56.94,1.85,4.06,2026-03-20,2026-03-22 07:44:10
4161,聿新科,24.8,27.51,30.51,30.0,-0.3,-0.22,-0.08,27.4,25.68,23.96,35,31,1.16,14.83,19.84,0.3,1.21,2026-03-20,2026-03-22 07:44:11
4162,智擎,58.2,29.24,22.06,30.72,-2.46,-2.43,-0.03,67.91,60.99,54.08,367,331,1.11,82.46,21.64,6.0,10.31,2026-03-20,2026-03-22 07:44:13
4163,鐿鈦,108.0,71.31,67.21,50.0,2.35,2.65,-0.3,110.15,105.62,101.1,95,35,2.68,53.68,21.22,3.5,3.24,2026-03-20,2026-03-22 07:44:14
4164,承業醫,30.85,29.81,35.68,44.8,-0.81,-0.91,0.1,34.04,31.8,29.56,1041,1975,0.53,60.25,30.85,1.36,4.41,2026-03-20,2026-03-22 07:44:16
4166,友霖,24.1,46.89,50.15,41.38,-0.48,-0.5,0.02,27.07,24.97,22.86,191,159,1.2,58.57,26.78,,,2026-03-20,2026-03-22 07:44:17
4167,松瑞藥,20.6,61.73,72.47,61.03,0.42,0.29,0.13,22.08,19.93,17.77,1621,2157,0.75,63.95,12.05,0.41,1.99,2026-03-20,2026-03-22 07:44:19
4168,醣聯,23.6,37.89,42.3,30.0,-0.78,-0.69,-0.09,26.84,24.83,22.82,128,188,0.68,26.13,,,,2026-03-20,2026-03-22 07:44:21
4169,泰宗,186.5,18.94,31.7,43.83,2.32,7.21,-4.89,244.44,206.7,168.96,264,494,0.53,110.13,532.86,0.35,0.19,2026-03-20,2026-03-22 07:44:22
4170,鑫品生醫,13.5,46.94,40.66,42.31,-0.13,-0.11,-0.02,14.27,13.7,13.14,22,20,1.09,5.91,,,,2026-03-20,2026-03-22 07:44:24
4171,瑞基,18.95,27.64,21.36,40.91,-0.46,-0.43,-0.03,20.88,19.45,18.02,74,91,0.81,10.93,,,,2026-03-20,2026-03-22 07:44:25
4172,因華,14.75,67.66,66.07,41.3,-0.32,-0.34,0.02,15.94,15.16,14.37,161,203,0.79,19.41,,,,2026-03-20,2026-03-22 07:44:27
4173,久裕,20.6,21.84,18.01,26.67,-0.26,-0.2,-0.06,22.31,21.16,20.0,44,107,0.41,15.36,17.76,1.04,5.05,2026-03-20,2026-03-22 07:44:29
4174,浩鼎,38.1,39.07,42.64,38.91,-2.59,-2.98,0.38,43.08,39.83,36.58,209,274,0.76,50.1,,,,2026-03-20,2026-03-22 07:44:30
4175,杏一,54.5,58.08,43.65,35.44,-1.03,-1.19,0.16,59.06,54.91,50.77,13,62,0.21,23.07,14.19,1.6,2.94,2026-03-20,2026-03-22 07:44:32
4178,永笙-KY,24.95,23.79,30.02,31.96,-1.05,-0.92,-0.13,28.69,26.79,24.89,147,252,0.59,47.96,,,,2026-03-20,2026-03-22 07:44:33
4183,福永生技,16.05,53.87,38.67,41.67,-0.07,-0.07,0.0,16.38,16.11,15.85,13,6,1.97,3.82,,0.67,4.17,2026-03-20,2026-03-22 07:44:35
4186,尖端醫,10.4,60.83,51.16,45.28,-0.2,-0.23,0.03,11.01,10.5,10.0,51,80,0.64,9.36,40.0,,,2026-03-20,2026-03-22 07:44:37
4188,安克,13.0,49.9,43.01,31.25,-0.32,-0.33,0.01,14.3,13.36,12.42,11,45,0.24,8.23,,,,2026-03-20,2026-03-22 07:44:39
4190,佐登-KY,28.2,9.49,13.59,20.93,-0.29,-0.23,-0.06,29.68,28.9,28.12,26,48,0.54,16.83,20.89,0.5,1.77,2026-03-20,2026-03-22 07:44:40
4192,杏國,20.5,55.45,57.63,35.56,-0.64,-0.7,0.07,22.44,21.03,19.62,24,10,2.28,7.21,,,,2026-03-20,2026-03-22 07:44:41
4194,禾生技,7.09,57.01,55.46,46.15,-0.15,-0.14,-0.01,7.65,7.26,6.87,78,72,1.09,10.35,,,,2026-03-20,2026-03-22 07:44:43
4195,基米,24.55,52.91,45.83,49.12,-0.23,-0.26,0.03,25.4,24.22,23.03,422,234,1.8,17.79,,,,2026-03-20,2026-03-22 07:44:44
4197,暐世,9.4,72.1,66.18,50.72,-0.1,-0.1,-0.01,9.95,9.49,9.03,4,6,0.58,2.84,,,,2026-03-20,2026-03-22 07:44:46
4198,欣大健康,36.8,25.35,37.4,40.7,0.8,1.27,-0.48,41.71,38.78,35.85,1,12,0.09,8.87,,,,2026-03-20,2026-03-22 07:44:48
4205,中華食,77.8,75.69,54.5,54.39,-0.53,-0.79,0.26,78.74,76.79,74.84,18,22,0.82,75.97,18.79,2.0,2.57,2026-03-20,2026-03-22 07:44:49
4207,環泰,19.7,39.53,43.96,34.29,0.17,0.25,-0.08,20.39,19.93,19.47,387,396,0.98,39.11,12.09,1.2,6.09,2026-03-20,2026-03-22 07:44:51
4303,信立,56.2,63.28,68.58,50.81,0.06,-0.32,0.38,61.98,56.32,50.66,720,1025,0.7,53.17,5.06,1.0,1.78,2026-03-20,2026-03-22 07:44:53
4304,勝昱,27.05,6.16,15.21,20.77,-0.64,-0.35,-0.29,32.04,29.75,27.46,39,54,0.72,16.51,,,,2026-03-20,2026-03-22 07:44:54
4305,世坤,43.55,34.02,36.93,52.48,0.27,0.29,-0.02,44.06,43.34,42.62,7,6,1.19,23.96,11.43,3.2,7.35,2026-03-20,2026-03-22 07:44:56
4306,炎洲,13.4,30.65,27.9,43.9,-0.09,-0.11,0.02,13.82,13.45,13.07,1401,1446,0.97,88.17,51.54,1.0,7.46,2026-03-20,2026-03-22 07:44:57
4401,東隆興,15.25,44.36,29.86,38.1,-0.35,-0.37,0.03,16.27,15.38,14.49,88,103,0.85,18.71,20.89,0.7,4.59,2026-03-20,2026-03-22 07:44:59
4402,郡都開發,17.2,12.97,18.94,15.87,-0.59,-0.44,-0.15,20.32,18.6,16.87,56,49,1.14,11.69,,,,2026-03-20,2026-03-22 07:45:00
4406,新昕纖,10.05,43.03,50.41,52.81,-0.01,-0.01,0.0,10.23,10.05,9.86,3,35,0.08,5.22,,,,2026-03-20,2026-03-22 07:45:02
4413,飛寶企業,18.0,15.18,18.91,50.0,0.01,0.01,0.0,18.45,18.0,17.54,1,6,0.17,5.64,34.62,0.2,1.11,2026-03-20,2026-03-22 07:45:04
4414,如興,11.75,78.02,71.99,73.24,0.29,0.1,0.19,11.83,10.58,9.34,684,1275,0.54,31.0,5.73,,,2026-03-20,2026-03-22 07:45:05
4416,三圓,15.1,49.45,35.56,20.74,-3.51,-3.56,0.04,29.14,19.05,8.95,34,157,0.22,10.36,,1.0,6.62,2026-03-20,2026-03-22 07:45:06
4417,金洲,52.0,36.49,37.16,41.33,-0.14,-0.09,-0.05,53.44,52.43,51.43,44,98,0.45,43.66,8.54,2.8,5.38,2026-03-20,2026-03-22 07:45:08
4419,皇家美食,45.8,94.25,84.2,62.5,-0.26,-0.51,0.24,46.24,44.99,43.74,4,6,0.61,77.48,,,,2026-03-20,2026-03-22 07:45:10
4420,光明,49.75,13.26,18.22,32.71,-0.2,-0.1,-0.1,51.64,50.54,49.43,76,74,1.02,20.13,9.01,3.0,6.03,2026-03-20,2026-03-22 07:45:11
4426,利勤,9.04,14.08,17.26,28.89,-0.1,-0.09,-0.01,9.55,9.22,8.89,261,151,1.73,15.61,,,,2026-03-20,2026-03-22 07:45:13
4430,耀億,18.4,34.18,29.68,37.5,-0.02,0.05,-0.08,19.13,18.57,18.0,17,11,1.55,10.35,,0.5,2.72,2026-03-20,2026-03-22 07:45:14
4431,敏成健康,18.45,58.27,71.32,48.05,0.25,0.26,-0.01,19.35,18.53,17.71,23,34,0.66,6.74,,,,2026-03-20,2026-03-22 07:45:16
4432,銘旺實,15.25,70.01,65.32,40.74,-0.28,-0.31,0.03,16.27,15.47,14.67,33,32,1.03,7.71,17.33,1.0,6.56,2026-03-20,2026-03-22 07:45:18
4433,興采,21.25,40.33,44.44,56.36,-0.11,-0.18,0.07,22.03,21.08,20.13,10,21,0.5,12.84,20.24,1.0,4.71,2026-03-20,2026-03-22 07:45:19
4438,廣越,57.8,12.43,10.71,15.6,-3.12,-2.62,-0.51,72.38,63.95,55.52,29,112,0.26,65.12,19.86,3.2,5.54,2026-03-20,2026-03-22 07:45:21
4439,冠星-KY,85.0,28.52,23.05,24.03,-4.64,-3.88,-0.76,109.99,93.48,76.98,3,23,0.13,32.33,11.79,2.0,2.35,2026-03-20,2026-03-22 07:45:22
4440,宜新實業,17.3,67.55,70.67,66.5,0.21,0.14,0.07,17.42,16.76,16.1,84,176,0.48,11.69,15.18,1.0,5.78,2026-03-20,2026-03-22 07:45:23
4441,振大環球,206.0,21.28,20.61,33.02,-11.31,-9.41,-1.9,263.79,229.5,195.21,58,158,0.37,140.12,14.19,9.15,4.44,2026-03-20,2026-03-22 07:45:24
4442,竣邦-KY,60.3,70.85,77.8,66.91,1.11,0.64,0.47,63.32,57.88,52.45,33,79,0.42,18.39,12.94,3.5,5.8,2026-03-20,2026-03-22 07:45:26
4502,健信,15.75,52.2,58.46,45.45,-0.03,-0.03,0.01,15.86,15.78,15.7,5,40,0.12,8.86,,,,2026-03-20,2026-03-22 07:45:28
4503,金雨,36.15,48.53,61.43,38.31,-0.56,-0.58,0.02,40.08,37.65,35.22,97,168,0.58,28.31,26.39,,,2026-03-20,2026-03-22 07:45:29
4506,崇友,117.0,61.17,67.35,46.43,0.59,0.49,0.1,119.44,116.6,113.76,26,46,0.58,207.1,17.94,4.5,3.85,2026-03-20,2026-03-22 07:45:31
4510,高鋒,42.15,52.2,55.68,38.1,-0.86,-0.85,-0.01,47.52,43.56,39.59,770,919,0.84,45.56,,0.79,1.87,2026-03-20,2026-03-22 07:45:32
4513,福裕,18.3,57.1,55.77,51.9,-0.06,-0.2,0.15,20.07,17.99,15.9,528,473,1.12,20.93,,,,2026-03-20,2026-03-22 07:45:33
4523,永彰,30.8,24.88,27.61,36.84,0.01,0.39,-0.38,36.4,32.87,29.33,216,273,0.79,20.0,1.41,,,2026-03-20,2026-03-22 07:45:35
4526,東台,32.1,61.07,62.35,41.39,-0.28,-0.32,0.03,36.42,32.96,29.5,1308,2598,0.5,80.84,56.32,,,2026-03-20,2026-03-22 07:45:36
4527,方土霖,42.35,61.77,59.52,61.18,0.37,0.28,0.09,42.66,41.56,40.47,16,41,0.4,32.25,12.6,3.2,7.56,2026-03-20,2026-03-22 07:45:37
4528,江興鍛,17.9,37.47,48.47,31.03,-0.16,-0.1,-0.07,19.59,18.74,17.89,60,21,2.78,15.07,16.42,0.2,1.12,2026-03-20,2026-03-22 07:45:38
4529,淳紳,3.3,15.97,26.76,50.0,-0.02,-0.01,-0.01,3.62,3.36,3.11,21,29,0.7,2.79,,,,2026-03-20,2026-03-22 07:45:39
4530,宏易,29.0,44.4,57.03,50.56,0.16,0.13,0.03,30.98,28.94,26.89,5,26,0.19,8.88,23.77,,,2026-03-20,2026-03-22 07:45:41
4532,瑞智,26.5,73.22,78.61,57.02,0.35,0.25,0.09,27.19,25.96,24.72,1404,1560,0.9,128.52,12.99,1.5,5.66,2026-03-20,2026-03-22 07:45:42
4533,協易機,31.3,21.75,26.24,48.06,0.09,0.52,-0.43,36.64,33.35,30.06,2177,3180,0.68,49.59,156.5,1.2,3.83,2026-03-20,2026-03-22 07:45:43
4534,慶騰,28.6,53.49,54.56,43.46,1.46,1.87,-0.41,32.29,27.79,23.3,1794,1778,1.01,24.82,2860.0,,,2026-03-20,2026-03-22 07:45:44
4536,拓凱,152.0,12.07,10.11,18.18,-0.54,-0.4,-0.14,30.77,28.43,26.09,16,12,1.28,138.05,8.13,11.0,7.24,2026-03-20,2026-03-22 07:45:45
4537,旭東,82.7,76.41,71.02,39.89,2.21,2.95,-0.74,93.7,83.05,72.41,167,130,1.28,65.2,65.12,0.5,0.6,2026-03-20,2026-03-22 07:45:47
4538,大詠城,18.75,51.57,55.89,37.04,0.21,0.28,-0.07,19.28,18.87,18.45,22,25,0.86,11.15,64.66,0.4,2.13,2026-03-20,2026-03-22 07:45:48
4540,全球傳動,44.3,38.95,49.05,32.9,0.15,0.72,-0.58,53.16,48.21,43.26,1099,1743,0.63,51.03,,,,2026-03-20,2026-03-22 07:45:49
4541,晟田,41.85,56.31,37.15,35.06,-0.9,-0.83,-0.07,47.74,43.06,38.39,552,551,1.0,28.31,20.72,0.75,1.79,2026-03-20,2026-03-22 07:45:50
4542,科嶠,197.5,83.21,78.4,66.37,18.59,15.98,2.61,200.41,162.65,124.89,2055,1631,1.26,63.84,154.3,1.0,0.51,2026-03-20,2026-03-22 07:45:51
4543,萬在,32.25,63.87,64.32,54.3,0.63,0.23,0.4,34.87,30.81,26.74,360,787,0.46,19.28,60.85,1.0,3.1,2026-03-20,2026-03-22 07:45:52
4544,春日,16.4,49.98,56.83,45.74,0.41,0.39,0.02,17.91,16.14,14.37,0,15,0.0,9.89,60.74,1.1,6.71,2026-03-20,2026-03-22 07:45:53
4545,銘鈺,33.0,46.07,35.59,38.8,-0.91,-0.98,0.07,36.27,33.39,30.52,341,251,1.36,25.41,194.12,1.65,5.0,2026-03-20,2026-03-22 07:45:54
4546,長亨,129.5,61.1,48.54,41.41,-2.41,-3.8,1.39,144.09,127.25,110.41,59,70,0.84,43.74,42.18,,,2026-03-20,2026-03-22 07:45:56
4549,桓達,91.3,17.16,21.52,24.62,-3.01,-2.69,-0.32,106.08,97.01,87.93,71,81,0.87,52.04,24.68,4.02,4.4,2026-03-20,2026-03-22 07:45:57
4550,長佳,24.9,9.78,13.44,24.24,-0.38,-0.25,-0.13,27.28,25.87,24.47,10,24,0.43,9.42,18.72,2.0,8.03,2026-03-20,2026-03-22 07:45:58
4551,智伸科,127.5,77.11,64.08,50.52,0.89,0.3,0.59,130.05,122.22,114.4,372,481,0.77,146.91,21.14,4.2,3.29,2026-03-20,2026-03-22 07:45:59
4552,力達-KY,21.35,22.85,24.86,29.36,-0.61,-0.41,-0.19,24.77,22.83,20.89,152,282,0.54,24.77,10.78,1.0,4.68,2026-03-20,2026-03-22 07:46:00
4553,盛復,17.9,35.96,43.16,27.54,-0.11,-0.07,-0.03,19.2,18.26,17.32,0,6,0.0,5.91,,0.3,1.68,2026-03-20,2026-03-22 07:46:02
4554,橙的,29.1,69.9,60.21,60.1,0.44,-0.01,0.45,29.82,26.76,23.71,97,228,0.43,7.66,17.74,0.35,1.2,2026-03-20,2026-03-22 07:46:03
4555,氣立,36.65,67.61,56.81,43.98,-0.75,-0.96,0.21,39.15,36.24,33.33,168,128,1.31,25.47,104.71,0.5,1.36,2026-03-20,2026-03-22 07:46:04
4556,旭然,29.2,54.0,56.79,58.29,0.46,0.35,0.12,29.98,28.07,26.16,216,165,1.31,12.35,31.74,0.3,1.03,2026-03-20,2026-03-22 07:46:05
4557,永新-KY,60.8,16.91,19.96,24.68,-2.52,-2.54,0.01,70.3,64.58,58.86,96,82,1.17,29.17,9.38,6.5,10.69,2026-03-20,2026-03-22 07:46:06
4558,寶緯,18.8,56.57,63.4,45.65,-0.08,-0.1,0.02,19.3,18.97,18.65,19,42,0.45,9.4,,0.5,2.66,2026-03-20,2026-03-22 07:46:07
4559,久裕興,7.8,49.13,53.23,35.85,0.05,0.07,-0.02,8.15,7.89,7.63,2,4,0.41,4.68,780.0,,,2026-03-20,2026-03-22 07:46:08
4560,強信-KY,32.7,36.09,42.67,47.54,0.09,0.14,-0.05,34.0,33.09,32.18,351,200,1.75,22.27,11.43,1.2,3.67,2026-03-20,2026-03-22 07:46:09
4561,健椿,33.0,16.97,21.04,30.42,-1.84,-1.51,-0.33,42.86,36.5,30.13,107,124,0.86,19.31,50.77,1.2,3.64,2026-03-20,2026-03-22 07:46:10
4562,穎漢,32.6,46.87,46.72,31.35,-1.27,-1.26,-0.01,38.92,34.49,30.06,298,257,1.16,28.54,,,,2026-03-20,2026-03-22 07:46:11
4563,百德,43.0,16.66,15.85,19.01,-2.71,-2.35,-0.36,54.78,47.45,40.12,163,148,1.1,23.63,17.27,3.0,6.98,2026-03-20,2026-03-22 07:46:12
4564,元翎,20.2,48.69,52.26,41.94,0.67,0.72,-0.05,22.02,19.81,17.6,1266,2111,0.6,47.02,,,,2026-03-20,2026-03-22 07:46:13
4565,宏偉,92.3,82.52,65.16,47.37,-1.44,-1.78,0.34,96.95,92.51,88.07,7,13,0.54,56.99,13.82,6.0,6.5,2026-03-20,2026-03-22 07:46:14
4566,時碩工業,60.8,67.21,56.68,55.84,0.34,-0.4,0.74,63.23,57.4,51.57,474,991,0.48,66.85,45.04,0.68,1.12,2026-03-20,2026-03-22 07:46:15
4568,科際精密,42.1,49.05,53.43,45.05,-0.03,-0.03,-0.01,43.49,42.37,41.25,15,11,1.32,13.33,21.05,2.0,4.75,2026-03-20,2026-03-22 07:46:17
4569,六方科-KY,152.0,52.91,30.94,49.35,-1.13,-0.64,-0.5,168.72,150.6,132.48,453,186,2.43,46.2,36.8,5.71,3.76,2026-03-20,2026-03-22 07:46:17
4570,傑生,65.0,64.01,69.75,44.08,-0.4,-0.43,0.03,68.0,66.16,64.31,2,2,0.95,28.6,56.03,3.0,4.62,2026-03-20,2026-03-22 07:46:19
4571,鈞興-KY,162.5,44.34,38.65,25.42,-3.27,-2.5,-0.77,187.64,170.18,152.71,218,250,0.87,84.37,16.72,5.18,3.19,2026-03-20,2026-03-22 07:46:20
4572,駐龍,143.0,48.87,53.81,41.43,-1.06,-1.1,0.04,151.42,145.6,139.78,32,21,1.56,57.2,48.31,4.74,3.31,2026-03-20,2026-03-22 07:46:21
4573,高明鐵,346.0,90.98,85.87,78.65,53.5,39.22,14.28,330.49,191.01,51.52,3323,3569,0.93,144.27,,,,2026-03-20,2026-03-22 07:46:22
4575,銓寶,20.55,72.1,57.74,52.63,-0.04,-0.09,0.05,20.59,20.18,19.77,4,11,0.35,7.95,15.34,2.0,9.73,2026-03-20,2026-03-22 07:46:23
4576,大銀微系統,118.5,60.97,63.99,41.67,1.0,1.13,-0.13,127.01,119.08,111.14,552,738,0.75,141.97,58.96,0.2,0.17,2026-03-20,2026-03-22 07:46:24
4577,達航科技,98.3,56.68,59.32,52.53,7.99,8.22,-0.23,107.52,86.22,64.92,2459,2375,1.04,48.3,,,,2026-03-20,2026-03-22 07:46:25
4580,捷流閥業,80.6,48.98,46.41,45.1,-0.32,-0.31,-0.01,82.92,80.99,79.07,25,48,0.52,37.72,12.69,5.0,6.2,2026-03-20,2026-03-22 07:46:27
4581,光隆精密-KY,49.3,51.35,60.76,37.76,-0.45,-0.43,-0.02,51.41,50.1,48.78,3,12,0.26,16.71,10.98,3.2,6.49,2026-03-20,2026-03-22 07:46:27
4582,聚恆,31.3,68.78,73.0,52.41,1.35,1.59,-0.24,32.65,30.86,29.06,253,150,1.69,20.85,20.46,0.2,0.64,2026-03-20,2026-03-22 07:46:29
4583,台灣精銳,642.0,60.03,54.09,35.48,-18.96,-19.43,0.47,716.44,657.45,598.46,125,106,1.18,514.7,53.46,10.0,1.56,2026-03-20,2026-03-22 07:46:30
4584,君帆,42.75,23.59,32.99,40.1,-0.6,-0.57,-0.03,46.76,44.26,41.76,1,0,1.67,12.83,12.5,2.2,5.15,2026-03-20,2026-03-22 07:46:31
4585,達明,304.0,40.39,43.4,26.34,-9.96,-9.04,-0.92,360.53,323.65,286.77,185,236,0.78,318.01,212.59,,,2026-03-20,2026-03-22 07:46:32
4587,寶元數控,25.9,54.83,55.97,41.83,0.45,0.48,-0.03,27.72,25.93,24.15,38,13,2.9,8.55,,,,2026-03-20,2026-03-22 07:46:34
4588,玖鼎電力,59.1,41.87,39.28,25.55,-1.57,-1.4,-0.18,67.99,62.19,56.38,124,89,1.39,25.4,18.58,3.0,5.08,2026-03-20,2026-03-22 07:46:35
4589,碩陽電機,38.35,74.2,62.97,64.25,0.62,0.12,0.5,38.29,35.18,32.06,64,42,1.5,9.87,50.46,1.69,4.41,2026-03-20,2026-03-22 07:46:37
4590,富田-創,72.9,44.65,48.32,36.99,-2.44,-2.79,0.35,82.42,76.26,70.1,78,153,0.52,39.98,112.15,3.0,4.12,2026-03-20,2026-03-22 07:46:38
4702,中美實,10.25,55.22,36.02,50.74,-0.16,-0.19,0.03,5.66,5.08,4.5,15,11,1.32,,,,,2026-03-20,2026-03-22 07:46:40
4706,大恭,29.5,59.62,54.32,25.0,-0.11,-0.05,-0.06,30.87,30.08,29.29,34,27,1.22,23.31,84.29,0.7,2.37,2026-03-20,2026-03-22 07:46:41
4707,磐亞,10.55,66.02,70.72,60.0,0.14,0.1,0.04,10.81,10.35,9.9,797,1181,0.67,42.59,12.13,0.25,2.37,2026-03-20,2026-03-22 07:46:43
4711,永純,17.1,72.74,66.9,78.38,0.45,0.2,0.25,17.29,15.53,13.77,341,801,0.43,10.44,85.5,0.5,2.92,2026-03-20,2026-03-22 07:46:45
4714,永捷,15.0,24.58,28.85,33.33,-0.45,-0.4,-0.05,17.39,15.88,14.37,1206,1198,1.01,26.71,,0.2,1.33,2026-03-20,2026-03-22 07:46:47
4716,大立,14.35,30.14,32.35,45.26,-0.25,-0.29,0.04,15.37,14.65,13.94,199,431,0.46,13.55,,0.2,1.39,2026-03-20,2026-03-22 07:46:48
4720,德淵,16.75,73.43,68.69,51.3,0.13,0.02,0.11,17.6,16.4,15.2,901,2839,0.32,19.18,22.64,1.0,5.97,2026-03-20,2026-03-22 07:46:50
4721,美琪瑪,71.8,76.56,76.58,61.01,1.24,0.36,0.88,73.28,67.1,60.91,819,1168,0.7,53.84,23.85,2.36,3.29,2026-03-20,2026-03-22 07:46:52
4722,國精化,177.5,46.82,47.82,38.97,3.16,3.62,-0.46,210.79,185.4,160.01,1720,2828,0.61,180.79,89.2,1.4,0.79,2026-03-20,2026-03-22 07:46:53
4724,宣捷幹細胞,14.3,30.17,38.65,44.35,-0.18,-0.09,-0.09,16.25,15.01,13.76,42,87,0.48,13.72,,,,2026-03-20,2026-03-22 07:46:54
4726,永昕,31.65,44.89,43.53,41.67,-0.31,-0.33,0.02,33.35,32.37,31.39,329,289,1.14,65.62,,,,2026-03-20,2026-03-22 07:46:56
4728,雙美,392.5,32.65,31.56,43.4,-0.26,-0.2,-0.07,396.08,391.02,385.97,14,8,1.82,213.77,29.49,12.1,3.08,2026-03-20,2026-03-22 07:46:58
4729,熒茂,20.5,41.19,36.89,34.09,-0.43,-0.43,0.0,22.97,21.3,19.63,281,230,1.22,16.24,128.12,0.5,2.44,2026-03-20,2026-03-22 07:47:00
4732,彥臣,19.5,43.93,45.93,43.75,-0.22,-0.21,-0.0,20.69,19.86,19.03,45,39,1.14,9.4,,,,2026-03-20,2026-03-22 07:47:01
4735,豪展,30.4,38.52,40.99,36.7,-0.45,-0.45,-0.0,32.33,31.09,29.84,33,22,1.52,11.71,12.36,2.31,7.6,2026-03-20,2026-03-22 07:47:03
4736,泰博,124.5,32.26,43.22,45.61,-0.45,-0.33,-0.12,129.34,125.45,121.56,162,206,0.79,118.74,8.29,10.0,8.03,2026-03-20,2026-03-22 07:47:05
4737,華廣,63.0,80.5,78.94,72.08,2.11,1.63,0.48,65.55,58.54,51.53,180,240,0.75,48.69,20.19,,,2026-03-20,2026-03-22 07:47:06
4738,大同精化,5.3,37.25,35.8,33.43,-0.42,-0.35,-0.07,7.12,5.83,4.53,397,274,1.45,4.11,40.77,,,2026-03-20,2026-03-22 07:47:08
4739,康普,82.8,74.33,73.83,54.64,2.86,1.74,1.13,85.43,75.12,64.82,5221,5783,0.9,103.21,58.72,0.94,1.14,2026-03-20,2026-03-22 07:47:09
4741,泓瀚,26.15,67.03,61.19,64.06,0.97,0.51,0.46,26.6,23.26,19.93,933,1237,0.75,9.1,90.17,1.2,4.59,2026-03-20,2026-03-22 07:47:11
4743,合一,52.0,27.94,35.42,36.52,-2.34,-2.39,0.04,61.48,55.52,49.57,4266,2868,1.49,249.27,,,,2026-03-20,2026-03-22 07:47:12
4744,皇將,35.4,76.54,74.83,62.31,1.34,0.95,0.4,37.02,33.01,29.0,680,959,0.71,18.94,14.51,0.4,1.13,2026-03-20,2026-03-22 07:47:14
4745,合富-KY,19.2,21.01,24.91,38.89,-0.7,-0.73,0.03,22.11,20.17,18.24,147,200,0.74,14.87,,,,2026-03-20,2026-03-22 07:47:15
4746,台耀,54.5,66.77,61.63,47.45,-0.87,-1.2,0.33,58.71,54.44,50.17,839,874,0.96,65.54,14.97,3.0,5.5,2026-03-20,2026-03-22 07:47:17
4747,強生,54.5,28.6,40.32,35.37,-0.8,-0.69,-0.11,57.95,56.05,54.14,9,23,0.4,24.49,45.8,1.75,3.21,2026-03-20,2026-03-22 07:47:19
4749,新應材,875.0,15.75,29.61,46.46,10.91,17.98,-7.08,1003.42,919.75,836.08,4506,2604,1.73,811.41,77.5,5.99,0.68,2026-03-20,2026-03-22 07:47:20
4754,國碳科,37.9,24.39,30.21,41.25,-0.17,-0.13,-0.04,39.04,38.3,37.56,19,30,0.64,11.48,13.35,2.0,5.28,2026-03-20,2026-03-22 07:47:22
4755,三福化,145.5,38.03,50.7,49.12,6.18,7.06,-0.88,164.51,146.18,127.84,1166,2205,0.53,146.53,39.32,3.5,2.41,2026-03-20,2026-03-22 07:47:23
4760,勤凱,186.0,67.52,65.38,47.16,1.37,0.06,1.31,203.19,183.57,163.96,421,624,0.67,59.98,26.65,4.5,2.42,2026-03-20,2026-03-22 07:47:25
4763,材料*-KY,45.8,70.34,63.03,48.23,-0.93,-1.4,0.47,49.91,45.49,41.08,4730,8277,0.57,453.03,6.0,5.41,11.81,2026-03-20,2026-03-22 07:47:26
4764,雙鍵,143.5,55.41,67.4,55.0,9.51,8.72,0.8,172.5,138.57,104.65,5559,6255,0.89,122.75,161.24,,,2026-03-20,2026-03-22 07:47:28
4765,磐采,20.2,69.29,59.0,82.0,1.19,0.35,0.84,18.39,13.4,8.42,540,298,1.81,6.49,,,,2026-03-20,2026-03-22 07:47:29
4766,南寶,349.5,82.2,68.71,61.81,3.59,1.04,2.54,341.14,322.48,303.81,1341,658,2.04,421.39,16.72,19.0,5.44,2026-03-20,2026-03-22 07:47:31
4767,誠泰科技,25.15,69.83,73.5,50.0,0.02,-0.09,0.11,25.95,25.14,24.32,22,20,1.09,7.9,20.28,1.8,7.16,2026-03-20,2026-03-22 07:47:32
4770,上品,226.5,65.7,59.77,46.07,23.06,18.17,4.89,537.28,452.73,368.17,3048,1684,1.81,181.15,22.27,6.0,2.65,2026-03-20,2026-03-22 07:47:34
4771,望隼,196.0,80.82,73.06,64.49,2.84,0.97,1.87,191.61,179.97,168.34,691,564,1.22,114.71,15.61,5.52,2.82,2026-03-20,2026-03-22 07:47:35
4772,台特化,305.0,38.32,51.46,40.29,-2.48,-1.52,-0.97,348.36,323.12,297.89,2648,2052,1.29,450.43,73.49,2.0,0.66,2026-03-20,2026-03-22 07:47:37
4773,高福,39.0,58.81,34.65,48.28,-2.64,-2.98,0.33,46.54,35.33,24.13,85,82,1.04,28.36,29.55,1.0,2.56,2026-03-20,2026-03-22 07:47:39
4804,大略-KY,4.97,16.32,11.16,21.55,-0.39,-0.37,-0.02,6.57,5.55,4.52,13,28,0.46,3.58,,,,2026-03-20,2026-03-22 07:47:40
4806,桂田文創,11.75,36.43,44.96,45.98,0.32,0.41,-0.09,13.2,12.05,10.89,0,7,0.0,11.74,,,,2026-03-20,2026-03-22 07:47:42
4807,日成-KY,16.05,12.7,18.59,31.68,-0.45,-0.37,-0.07,18.22,16.94,15.66,41,48,0.85,6.42,3.76,,,2026-03-20,2026-03-22 07:47:43
4903,聯光通,45.5,77.78,69.9,54.83,0.7,0.43,0.27,45.77,42.45,39.12,13861,6115,2.27,47.93,44.61,0.3,0.66,2026-03-20,2026-03-22 07:47:45
4904,遠傳,94.1,75.57,65.2,51.85,0.61,0.58,0.03,95.45,92.9,90.36,7561,5284,1.43,3394.21,24.76,3.56,3.78,2026-03-20,2026-03-22 07:47:46
4906,正文,34.75,82.47,59.72,85.87,3.97,1.35,2.62,80.44,65.45,50.46,53,54,0.98,148.59,19.31,1.5,4.32,2026-03-20,2026-03-22 07:47:48
4907,富宇,41.0,62.04,57.85,49.12,-0.52,-0.64,0.11,42.27,40.7,39.14,45,39,1.17,48.44,33.61,1.8,4.39,2026-03-20,2026-03-22 07:47:49
4908,前鼎,114.5,74.06,67.33,63.49,7.73,6.27,1.46,116.24,96.51,76.78,23811,10688,2.23,89.56,58.12,1.75,1.53,2026-03-20,2026-03-22 07:47:51
4909,新復興,59.9,20.97,27.47,25.37,0.69,1.29,-0.6,70.12,62.43,54.74,1594,2603,0.61,55.92,,6.0,10.02,2026-03-20,2026-03-22 07:47:52
4911,德英,35.0,22.7,26.42,45.64,-1.41,-1.56,0.14,38.46,35.68,32.9,18,19,0.95,22.3,16.06,0.76,2.17,2026-03-20,2026-03-22 07:47:54
4912,聯德控股-KY,90.9,67.8,60.55,39.51,-0.68,-0.89,0.21,101.44,91.49,81.54,557,398,1.4,60.99,22.12,1.21,1.33,2026-03-20,2026-03-22 07:47:55
4915,致伸,73.4,53.92,40.09,39.41,-1.71,-1.65,-0.06,84.03,75.43,66.84,3561,3751,0.95,345.82,13.04,4.2,5.72,2026-03-20,2026-03-22 07:47:56
4916,事欣科,61.5,65.47,62.56,46.64,-0.09,-0.35,0.27,65.91,61.2,56.49,5622,5260,1.07,75.71,39.17,0.38,0.62,2026-03-20,2026-03-22 07:47:57
4919,新唐,109.0,87.2,77.0,74.62,9.0,7.01,1.99,103.1,81.02,58.95,36267,18866,1.92,457.54,48.02,0.4,0.37,2026-03-20,2026-03-22 07:47:58
4923,力士,36.5,74.78,72.23,57.81,1.37,0.48,0.89,39.46,32.66,25.87,332,509,0.65,11.95,,,,2026-03-20,2026-03-22 07:48:00
4924,欣厚-KY,10.45,44.31,39.81,41.07,-0.16,-0.17,0.0,11.29,10.68,10.07,7,43,0.16,3.88,27.5,,,2026-03-20,2026-03-22 07:48:01
4925,智微,107.5,82.36,73.54,55.09,9.78,8.9,0.88,112.87,93.43,73.98,847,919,0.92,75.96,,,,2026-03-20,2026-03-22 07:48:03
4927,泰鼎-KY,46.0,47.59,53.15,49.2,2.55,2.57,-0.02,51.49,43.92,36.35,10740,21138,0.51,121.87,5.74,,,2026-03-20,2026-03-22 07:48:04
4930,燦星網,20.15,10.33,12.99,10.0,-0.44,-0.35,-0.09,22.43,21.11,19.8,75,95,0.79,16.12,33.58,0.6,2.98,2026-03-20,2026-03-22 07:48:05
4933,友輝,60.5,62.73,58.49,45.68,-3.11,-4.59,1.49,155.6,138.47,121.35,6503,4202,1.55,49.67,10.52,5.99,9.9,2026-03-20,2026-03-22 07:48:07
4934,太極,18.9,51.82,52.55,40.41,0.71,0.8,-0.09,20.88,18.94,16.99,3502,3242,1.08,42.52,,,,2026-03-20,2026-03-22 07:48:08
4935,茂林-KY,36.15,27.46,22.94,29.8,-0.93,-0.9,-0.04,40.45,37.49,34.52,76,114,0.66,46.58,27.18,2.2,6.09,2026-03-20,2026-03-22 07:48:09
4938,和碩,77.0,75.15,72.89,62.56,1.9,1.28,0.62,79.79,73.1,66.41,11613,14219,0.82,2065.27,14.42,4.5,5.84,2026-03-20,2026-03-22 07:48:10
4939,亞電,30.2,24.62,33.98,31.8,-1.46,-1.41,-0.05,36.5,33.01,29.52,1419,1871,0.76,29.66,,0.5,1.66,2026-03-20,2026-03-22 07:48:12
4942,嘉彰,38.1,67.52,58.55,47.54,-0.05,-0.12,0.07,38.78,37.84,36.91,101,107,0.94,54.24,12.53,2.0,5.25,2026-03-20,2026-03-22 07:48:13
4943,康控-KY,11.3,19.19,28.58,31.58,-0.14,-0.07,-0.06,12.68,11.87,11.06,21,28,0.76,14.32,0.93,,,2026-03-20,2026-03-22 07:48:14
4946,辣椒,127.5,21.72,34.28,30.72,4.22,7.49,-3.27,169.21,143.3,117.39,196,136,1.45,11.29,40.61,,,2026-03-20,2026-03-22 07:48:16
4949,有成精密,66.0,78.84,81.65,71.9,6.25,4.76,1.49,73.92,55.22,36.53,5712,8322,0.69,44.33,34.92,1.4,2.12,2026-03-20,2026-03-22 07:48:17
4950,金耘國際,14.5,15.64,25.52,35.42,-0.75,-0.73,-0.02,16.99,15.61,14.24,34,25,1.32,8.37,,,,2026-03-20,2026-03-22 07:48:19
4951,精拓科,69.4,54.76,65.1,44.62,0.56,0.74,-0.18,72.9,70.28,67.67,140,131,1.07,23.7,11.84,3.2,4.61,2026-03-20,2026-03-22 07:48:20
4952,凌通,43.3,19.69,28.03,46.75,0.98,1.42,-0.43,48.5,44.2,39.9,482,671,0.72,47.12,42.04,2.25,5.2,2026-03-20,2026-03-22 07:48:21
4953,緯軟,115.0,69.87,74.96,52.27,-1.59,-2.3,0.71,119.65,114.5,109.35,215,294,0.73,84.12,13.77,3.99,3.47,2026-03-20,2026-03-22 07:48:23
4956,光鋐,34.0,82.54,79.09,69.86,2.64,1.8,0.84,35.24,27.51,19.79,25638,21512,1.19,34.14,19.88,,,2026-03-20,2026-03-22 07:48:24
4958,臻鼎-KY,209.5,79.4,68.85,56.82,6.95,4.51,2.44,222.08,190.35,158.62,31513,35909,0.88,2241.95,30.95,4.8,2.29,2026-03-20,2026-03-22 07:48:26
4960,誠美材,25.2,87.05,90.45,84.18,3.16,2.27,0.89,28.69,18.78,8.88,12707,17670,0.72,142.56,,,,2026-03-20,2026-03-22 07:48:27
4961,天鈺,145.0,39.33,39.51,44.94,-1.07,-0.88,-0.19,152.14,145.12,138.11,2255,862,2.62,173.64,15.1,12.87,8.88,2026-03-20,2026-03-22 07:48:28
4966,譜瑞-KY,520.0,54.23,58.3,45.61,-8.55,-9.77,1.22,545.8,520.35,494.9,767,606,1.26,402.82,15.15,18.19,3.5,2026-03-20,2026-03-22 07:48:30
4967,十銓,261.5,82.96,74.62,69.66,10.56,2.25,8.3,259.33,207.62,155.92,36699,23405,1.57,222.18,20.21,3.0,1.15,2026-03-20,2026-03-22 07:48:31
4968,立積,113.0,43.65,27.2,39.02,-4.01,-4.19,0.17,128.27,112.85,97.43,3598,1387,2.59,104.2,42.48,1.1,0.97,2026-03-20,2026-03-22 07:48:32
4971,IET-KY,476.5,67.94,57.09,40.9,19.66,22.87,-3.21,519.81,453.73,387.64,522,454,1.15,190.53,285.33,,,2026-03-20,2026-03-22 07:48:33
4972,湯石照明,17.8,61.58,60.69,46.67,-0.04,-0.06,0.02,17.98,17.8,17.62,17,19,0.88,10.13,,0.8,4.49,2026-03-20,2026-03-22 07:48:34
4973,廣穎,88.4,91.96,92.2,77.81,11.09,6.2,4.89,94.72,57.93,21.14,2664,6602,0.4,57.81,42.3,1.0,1.13,2026-03-20,2026-03-22 07:48:36
4974,亞泰,71.4,57.03,59.84,35.1,-0.49,-0.33,-0.16,78.19,73.39,68.58,103,134,0.77,51.77,14.0,5.45,7.63,2026-03-20,2026-03-22 07:48:37
4976,佳凌,29.65,56.85,54.08,43.52,-0.36,-0.39,0.03,32.13,30.03,27.93,473,525,0.9,41.61,19.64,,,2026-03-20,2026-03-22 07:48:38
4977,眾達-KY,200.5,79.47,72.83,62.68,13.95,11.06,2.89,206.41,166.65,126.89,28278,20643,1.37,157.92,36.39,2.25,1.12,2026-03-20,2026-03-22 07:48:39
4979,華星光,404.5,53.38,48.43,39.49,16.39,19.39,-3.0,465.32,394.52,323.73,27894,21937,1.27,569.7,76.32,1.54,0.38,2026-03-20,2026-03-22 07:48:40
4980,佐臻,25.2,47.64,42.74,34.27,-1.13,-1.05,-0.08,29.27,26.67,24.07,36,53,0.68,11.36,,,,2026-03-20,2026-03-22 07:48:42
4987,科誠,81.1,47.11,59.22,66.67,0.42,0.53,-0.11,81.16,80.83,80.51,134,54,2.45,25.85,12.87,5.2,6.41,2026-03-20,2026-03-22 07:48:43
4989,榮科,74.4,76.69,71.23,55.11,4.54,3.98,0.56,79.4,66.64,53.88,43087,44278,0.97,102.51,,,,2026-03-20,2026-03-22 07:48:44
4991,環宇-KY,427.0,86.17,71.66,60.15,31.25,26.83,4.42,408.24,336.27,264.31,19701,7060,2.79,512.1,2511.76,,,2026-03-20,2026-03-22 07:48:46
4994,傳奇,91.6,8.47,13.63,14.37,-2.27,-1.13,-1.14,108.02,99.9,91.78,14,24,0.59,60.81,46.97,9.0,9.83,2026-03-20,2026-03-22 07:48:47
4995,晶達,41.3,40.1,36.87,41.73,0.05,0.02,0.03,42.56,41.04,39.52,25,33,0.77,17.5,18.6,4.0,9.69,2026-03-20,2026-03-22 07:48:49
4999,鑫禾,22.2,46.73,39.5,36.99,-0.31,-0.31,-0.0,23.54,22.63,21.71,80,88,0.92,16.34,16.57,1.0,4.5,2026-03-20,2026-03-22 07:48:50
5007,三星,56.6,51.63,43.05,33.71,-0.51,-0.42,-0.08,61.93,57.49,53.04,21,70,0.3,166.94,18.74,3.0,5.3,2026-03-20,2026-03-22 07:48:52
5009,榮剛,34.7,55.29,42.36,48.73,0.1,0.1,0.0,36.23,34.43,32.63,3102,3402,0.91,193.76,17.01,1.2,3.46,2026-03-20,2026-03-22 07:48:53
5011,久陽,15.15,31.77,26.6,60.22,0.51,0.6,-0.1,16.73,14.12,11.51,589,317,1.86,15.25,,0.2,1.32,2026-03-20,2026-03-22 07:48:55
5013,強新,29.65,25.55,27.25,47.24,-0.21,-0.12,-0.09,31.12,29.71,28.3,2,54,0.04,39.56,17.86,0.8,2.7,2026-03-20,2026-03-22 07:48:57
5014,建錩,10.9,31.56,21.53,48.0,-0.12,-0.12,0.0,11.21,10.77,10.33,554,291,1.9,19.98,,0.3,2.75,2026-03-20,2026-03-22 07:48:58
5015,華祺,26.1,12.1,14.87,20.0,-0.58,-0.48,-0.11,28.81,27.22,25.64,8,41,0.21,15.83,435.0,2.3,8.81,2026-03-20,2026-03-22 07:49:00
5016,松和,24.8,80.93,65.66,46.81,-0.11,-0.13,0.02,25.56,24.78,23.99,17,13,1.23,12.31,16.53,1.2,4.84,2026-03-20,2026-03-22 07:49:02
5201,凱衛,39.75,47.55,43.37,32.0,-0.77,-0.91,0.14,41.29,39.99,38.69,47,125,0.38,15.37,,1.26,3.17,2026-03-20,2026-03-22 07:49:03
5202,力新,14.5,52.97,51.74,47.06,-0.2,-0.3,0.1,15.08,14.39,13.69,199,233,0.85,12.92,,0.5,3.45,2026-03-20,2026-03-22 07:49:05
5203,訊連,63.3,46.47,49.47,40.27,-4.46,-5.04,0.59,77.67,66.4,55.14,174,294,0.59,50.22,17.83,3.9,6.16,2026-03-20,2026-03-22 07:49:06
5205,中茂,28.25,42.73,51.9,53.89,-0.26,-0.28,0.03,29.5,27.95,26.39,2,5,0.39,3.81,,,,2026-03-20,2026-03-22 07:49:08
5206,坤悅,29.0,53.07,40.46,36.99,-0.46,-0.52,0.06,30.5,29.07,27.65,78,54,1.43,49.74,8.43,0.5,1.72,2026-03-20,2026-03-22 07:49:10
5209,新鼎,168.0,59.48,63.89,49.06,-0.47,-0.77,0.29,171.85,167.78,163.7,41,27,1.53,47.76,12.19,11.33,6.74,2026-03-20,2026-03-22 07:49:12
5210,寶碩,21.85,62.84,60.17,48.48,0.03,-0.08,0.11,22.41,21.57,20.72,113,173,0.65,17.96,29.93,,,2026-03-20,2026-03-22 07:49:13
5211,蒙恬,23.0,26.91,24.44,44.44,-0.63,-0.72,0.08,24.16,23.28,22.39,30,40,0.76,7.37,,,,2026-03-20,2026-03-22 07:49:15
5212,凌網,55.0,79.5,81.39,75.0,0.59,0.25,0.33,55.23,52.78,50.33,88,44,1.99,19.05,11.63,4.2,7.64,2026-03-20,2026-03-22 07:49:17
5213,亞昕,27.25,60.92,69.84,66.67,0.74,0.63,0.11,28.65,26.01,23.38,1219,1124,1.09,196.18,8.91,1.24,4.55,2026-03-20,2026-03-22 07:49:18
5215,科嘉-KY,38.1,64.57,57.3,39.74,0.15,0.13,0.02,40.61,38.3,35.99,28,44,0.64,24.51,18.86,2.5,6.56,2026-03-20,2026-03-22 07:49:20
5220,萬達光電,19.4,24.0,31.08,46.77,0.26,0.34,-0.07,20.15,19.52,18.89,24,35,0.69,7.64,,0.5,2.58,2026-03-20,2026-03-22 07:49:21
5222,全訊,135.5,49.98,39.04,43.42,-1.04,-0.71,-0.33,146.06,137.45,128.84,725,508,1.43,123.39,53.98,2.5,1.85,2026-03-20,2026-03-22 07:49:23
5225,東科-KY,92.0,51.68,52.64,32.35,-1.87,-1.94,0.07,102.3,95.15,87.99,306,331,0.93,72.37,9.05,7.21,7.84,2026-03-20,2026-03-22 07:49:24
5227,立凱-KY,25.3,51.47,54.41,47.68,-0.11,-0.17,0.07,26.31,25.2,24.08,100,207,0.48,17.2,10.0,,,2026-03-20,2026-03-22 07:49:26
5228,鈺鎧,25.2,65.41,56.92,51.85,0.26,-0.07,0.33,26.03,23.21,20.39,918,654,1.4,9.59,,,,2026-03-20,2026-03-22 07:49:28
5230,雷笛克光學,17.5,74.72,62.92,51.22,-0.23,-0.37,0.14,18.01,16.77,15.53,363,180,2.02,9.58,11.99,0.51,2.91,2026-03-20,2026-03-22 07:49:29
5234,達興材料,378.5,54.04,58.02,45.99,6.22,8.38,-2.16,441.42,397.07,352.73,2371,1358,1.75,388.78,51.57,6.5,1.72,2026-03-20,2026-03-22 07:49:31
5236,凌陽創新,128.5,49.94,59.28,43.18,1.93,2.27,-0.34,132.93,128.55,124.17,88,108,0.82,77.11,14.98,7.73,6.02,2026-03-20,2026-03-22 07:49:32
5240,建騰,25.5,63.98,71.4,68.78,2.09,1.39,0.69,30.0,21.29,12.58,22,86,0.26,6.78,51.0,0.4,1.57,2026-03-20,2026-03-22 07:49:34
5243,乙盛-KY,71.0,45.28,48.9,32.27,-2.78,-2.54,-0.23,88.61,76.73,64.86,1396,1400,1.0,119.66,16.21,1.5,2.11,2026-03-20,2026-03-22 07:49:34
5244,弘凱,39.55,68.09,50.56,51.16,-0.3,-0.65,0.35,40.57,37.12,33.68,1982,864,2.29,26.99,79.1,1.5,3.79,2026-03-20,2026-03-22 07:49:35
5245,智晶,25.45,25.37,28.0,30.33,-0.54,-0.3,-0.24,30.13,26.99,23.85,72,84,0.86,11.02,,,,2026-03-20,2026-03-22 07:49:37
5246,勵威,145.5,53.01,63.65,70.52,26.74,25.04,1.7,199.32,109.94,20.57,587,1389,0.42,58.25,,,,2026-03-20,2026-03-22 07:49:38
5248,景傳,19.0,17.31,23.65,19.4,-0.84,-0.48,-0.36,24.51,21.69,18.87,70,67,1.04,4.66,23.75,1.1,5.79,2026-03-20,2026-03-22 07:49:39
5251,天鉞電,30.8,50.66,50.25,35.12,-0.67,-0.74,0.07,33.69,31.68,29.67,117,155,0.75,10.39,1026.67,,,2026-03-20,2026-03-22 07:49:41
5254,欣訊科技,32.4,88.32,75.68,31.34,0.14,0.24,-0.1,33.87,32.52,31.17,1,0,2.5,7.32,14.46,2.0,6.17,2026-03-20,2026-03-22 07:49:42
5258,虹堡,45.55,21.73,21.07,36.7,-3.36,-3.51,0.15,54.71,48.59,42.48,330,583,0.57,49.91,13.89,2.52,5.53,2026-03-20,2026-03-22 07:49:43
5262,立達,64.1,85.75,87.23,78.73,5.8,4.3,1.5,67.4,50.47,33.53,582,1116,0.52,33.78,47.84,2.67,4.17,2026-03-20,2026-03-22 07:49:44
5263,智崴,98.4,53.11,51.86,36.72,-1.73,-1.96,0.23,104.62,99.91,95.19,476,234,2.03,69.72,26.17,0.94,0.96,2026-03-20,2026-03-22 07:49:45
5267,龍翩,26.3,42.41,27.82,44.44,-0.63,-0.64,0.01,28.55,26.62,24.69,0,3,0.01,6.6,36.03,3.01,11.44,2026-03-20,2026-03-22 07:49:47
5269,祥碩,1200.0,33.93,37.24,41.41,-16.68,-13.01,-3.67,1323.98,1242.0,1160.02,1048,830,1.26,897.32,16.58,30.0,2.5,2026-03-20,2026-03-22 07:49:47
5271,紘通,18.6,65.84,63.43,73.53,2.19,1.26,0.93,19.38,11.73,4.08,3869,7655,0.51,11.81,,,,2026-03-20,2026-03-22 07:49:49
5272,笙科,22.6,56.63,50.48,48.31,0.43,0.37,0.06,24.13,21.95,19.78,390,372,1.05,12.49,,,,2026-03-20,2026-03-22 07:49:50
5274,信驊,11750.0,84.66,82.14,67.47,740.84,531.24,209.6,12132.79,10140.0,8147.21,305,272,1.12,4441.82,113.64,52.0,0.44,2026-03-20,2026-03-22 07:49:51
5276,達輝-KY,15.8,43.71,36.9,49.09,-0.04,-0.03,-0.0,16.16,15.7,15.25,7,5,1.25,6.24,13.98,0.6,3.8,2026-03-20,2026-03-22 07:49:52
5278,尚凡*,23.9,9.07,13.2,19.67,-1.36,-1.15,-0.21,30.52,26.65,22.78,303,318,0.95,71.7,22.76,0.67,2.8,2026-03-20,2026-03-22 07:49:53
5283,禾聯碩,56.8,33.89,26.6,27.54,-0.92,-0.9,-0.02,61.05,57.96,54.87,76,66,1.14,49.76,10.16,0.7,1.23,2026-03-20,2026-03-22 07:49:54
5284,jpp-KY,289.0,73.56,64.51,58.91,2.27,-0.16,2.43,285.85,267.4,248.95,2534,1075,2.36,152.86,23.98,1.48,0.51,2026-03-20,2026-03-22 07:49:55
5285,界霖,47.4,54.7,47.48,38.29,-1.13,-1.15,0.01,51.9,48.65,45.4,126,127,0.99,48.37,30.98,2.0,4.22,2026-03-20,2026-03-22 07:49:56
5287,數字,169.0,74.36,68.82,61.22,0.68,-0.13,0.81,171.61,164.68,157.74,267,116,2.3,101.92,12.99,10.25,6.07,2026-03-20,2026-03-22 07:49:57
5288,豐祥-KY,142.0,64.14,55.75,45.07,-1.51,-1.53,0.02,150.25,141.45,132.65,188,157,1.2,99.04,11.68,8.51,5.99,2026-03-20,2026-03-22 07:49:58
5289,宜鼎,1205.0,82.74,85.52,70.22,131.13,92.14,38.99,1314.06,934.05,554.04,1153,1827,0.63,1157.29,55.86,9.38,0.78,2026-03-20,2026-03-22 07:50:00
5291,邑昇,62.3,65.06,58.39,54.62,4.94,4.56,0.37,65.25,52.75,40.25,9923,4930,2.01,24.85,200.97,,,2026-03-20,2026-03-22 07:50:01
5292,華懋,194.0,76.1,68.37,64.0,1.48,-0.31,1.79,193.93,182.5,171.07,169,206,0.82,81.69,19.66,4.09,2.11,2026-03-20,2026-03-22 07:50:02
5297,廣化,78.9,83.44,76.02,86.35,8.94,4.7,4.24,66.77,37.86,8.95,5642,4627,1.22,29.31,232.06,0.9,1.14,2026-03-20,2026-03-22 07:50:03
5299,杰力,77.7,71.06,65.68,51.04,0.79,0.52,0.27,80.44,75.94,71.45,124,132,0.94,39.54,17.08,3.66,4.71,2026-03-20,2026-03-22 07:50:04
5301,寶得利,9.45,16.92,14.58,26.82,-0.49,-0.38,-0.11,12.07,10.33,8.58,10,7,1.37,6.23,,,,2026-03-20,2026-03-22 07:50:05
5302,太欣,11.8,47.32,45.36,42.2,0.09,0.07,0.01,12.89,11.78,10.68,717,1328,0.54,18.87,,,,2026-03-20,2026-03-22 07:50:06
5306,桂盟,87.7,56.34,45.16,32.54,-0.85,-0.8,-0.05,94.3,89.29,84.27,117,107,1.09,110.5,11.88,4.14,4.72,2026-03-20,2026-03-22 07:50:07
5309,系統電,59.8,63.38,59.66,35.02,-1.66,-1.66,-0.0,70.26,62.41,54.56,5808,4229,1.37,121.33,230.0,0.7,1.17,2026-03-20,2026-03-22 07:50:08
5310,天剛,26.1,28.52,36.08,26.99,0.07,0.19,-0.12,29.29,27.25,25.22,15,8,1.86,7.55,45.0,,,2026-03-20,2026-03-22 07:50:09
5312,寶島科,97.6,29.45,37.03,41.94,-0.25,-0.2,-0.05,100.13,98.53,96.93,31,39,0.8,58.62,15.25,7.5,7.68,2026-03-20,2026-03-22 07:50:11
5314,世紀*,72.4,20.88,26.2,29.1,-4.86,-4.7,-0.17,96.45,81.57,66.68,4211,5916,0.71,211.41,23.28,0.27,0.37,2026-03-20,2026-03-22 07:50:12
5315,光聯,23.25,70.54,62.64,40.21,-0.35,-0.37,0.02,25.12,23.51,21.89,344,419,0.82,24.73,12.3,1.5,6.45,2026-03-20,2026-03-22 07:50:13
5321,美而快,25.0,56.33,45.52,28.87,-1.34,-1.64,0.3,28.11,25.56,23.01,81,69,1.18,13.3,39.06,,,2026-03-20,2026-03-22 07:50:14
5324,士開,11.0,94.13,87.03,86.96,0.07,-0.01,0.09,11.15,10.49,9.83,277,345,0.8,24.9,,,,2026-03-20,2026-03-22 07:50:15
5328,華容,27.5,59.97,59.92,46.26,0.49,0.4,0.09,30.24,27.26,24.28,7466,10921,0.68,47.5,70.51,0.6,2.18,2026-03-20,2026-03-22 07:50:17
5344,立衛,14.65,33.67,46.65,46.88,4.47,5.63,-1.17,122.2,110.62,99.03,1231,3431,0.36,,,,,2026-03-20,2026-03-22 07:50:18
5345,馥鴻,22.5,11.87,26.6,36.07,-0.25,-0.2,-0.06,23.88,23.02,22.16,13,17,0.73,8.5,,,,2026-03-20,2026-03-22 07:50:19
5347,世界,116.0,59.99,51.59,37.84,-2.69,-2.63,-0.05,137.21,120.47,103.74,16791,18555,0.9,2232.31,27.49,4.5,3.88,2026-03-20,2026-03-22 07:50:20
5348,正能量智能,17.15,52.07,55.48,51.9,-0.01,0.02,-0.03,17.67,17.15,16.62,21,15,1.42,2.53,,,,2026-03-20,2026-03-22 07:50:21
5351,鈺創,79.5,86.36,86.28,69.13,6.08,3.15,2.92,84.16,62.56,40.95,14647,52667,0.28,258.85,,,,2026-03-20,2026-03-22 07:50:23
5353,台林,25.0,75.45,66.41,47.25,-0.23,-0.41,0.18,26.06,24.56,23.07,24,53,0.46,18.88,18.25,1.3,5.2,2026-03-20,2026-03-22 07:50:24
5355,佳總,7.16,19.63,29.86,43.52,0.01,0.06,-0.05,7.72,7.39,7.06,93,154,0.61,11.89,,,,2026-03-20,2026-03-22 07:50:25
5356,協益,24.7,43.29,38.44,33.33,-0.26,-0.26,0.01,25.62,24.93,24.24,47,60,0.79,25.45,56.14,2.3,9.31,2026-03-20,2026-03-22 07:50:26
5364,力麗店,11.65,18.36,17.74,11.76,-0.47,-0.45,-0.01,13.47,12.4,11.33,184,73,2.5,7.44,,,,2026-03-20,2026-03-22 07:50:27
5371,中光電,77.0,37.67,42.22,31.16,-2.54,-2.32,-0.23,90.94,82.45,73.97,4086,3923,1.04,307.78,81.05,1.5,1.95,2026-03-20,2026-03-22 07:50:29
5381,合正,24.7,13.94,17.91,38.89,-0.46,-0.35,-0.12,28.09,26.09,24.09,1990,1186,1.68,60.4,24.95,,,2026-03-20,2026-03-22 07:50:30
5386,青雲,397.0,87.89,90.82,77.75,71.53,58.89,12.64,448.54,278.35,108.16,691,516,1.34,143.24,46.27,0.59,0.15,2026-03-20,2026-03-22 07:50:31
5388,中磊,79.1,64.14,56.23,38.67,-0.78,-0.85,0.07,84.86,80.02,75.18,2273,1792,1.27,237.08,20.03,2.5,3.16,2026-03-20,2026-03-22 07:50:32
5392,能率,38.2,35.53,42.82,30.21,-1.75,-1.71,-0.04,46.52,41.43,36.34,1176,1063,1.11,67.05,,0.2,0.52,2026-03-20,2026-03-22 07:50:33
5398,慕康生醫,20.85,27.16,22.81,17.52,-0.5,-0.47,-0.03,24.29,21.76,19.24,55,56,0.99,10.31,74.46,,,2026-03-20,2026-03-22 07:50:35
5410,國眾,30.95,79.18,79.86,42.11,-0.38,-0.58,0.2,111.99,110.17,108.36,143,129,1.11,,,,,2026-03-20,2026-03-22 07:50:37
5425,台半,58.1,62.27,65.1,43.7,-0.42,-0.51,0.08,63.73,59.38,55.03,2533,4628,0.55,142.07,31.41,2.02,3.48,2026-03-20,2026-03-22 07:50:39
5426,振發,19.7,60.17,56.81,42.86,-0.03,-0.05,0.02,21.61,20.09,18.56,215,324,0.66,28.33,37.88,0.5,2.54,2026-03-20,2026-03-22 07:50:40
5432,新門,136.5,31.92,45.23,37.41,-4.72,-4.74,0.02,157.92,147.62,137.33,105,119,0.88,28.24,95.45,1.5,1.1,2026-03-20,2026-03-22 07:50:42
5434,崇越,326.5,56.44,61.83,46.46,1.48,1.79,-0.31,351.18,330.32,309.47,511,611,0.84,628.04,15.26,11.99,3.67,2026-03-20,2026-03-22 07:50:44
5438,東友,20.1,19.15,22.88,36.73,-0.48,-0.42,-0.06,22.53,21.03,19.53,133,123,1.07,22.62,39.41,0.65,3.23,2026-03-20,2026-03-22 07:50:45
5439,高技,306.0,78.86,65.6,57.04,-3.91,-8.29,4.37,313.82,279.7,245.58,9099,4079,2.23,284.51,29.23,2.2,0.72,2026-03-20,2026-03-22 07:50:47
5443,均豪,102.5,60.39,67.29,60.22,3.3,2.13,1.18,107.12,94.42,81.72,5748,9803,0.59,165.33,40.35,2.0,1.95,2026-03-20,2026-03-22 07:50:48
5450,南良,14.45,48.39,59.63,45.45,0.06,0.08,-0.03,15.06,14.56,14.06,35,68,0.51,17.69,111.15,0.5,3.46,2026-03-20,2026-03-22 07:50:50
5452,佶優,39.45,79.01,64.54,62.57,1.5,0.99,0.51,37.71,32.99,28.27,23914,9761,2.45,58.17,119.55,0.25,0.63,2026-03-20,2026-03-22 07:50:52
5455,昇益,23.85,14.18,14.13,22.22,-1.26,-1.02,-0.24,29.91,26.02,22.13,4,34,0.12,15.62,6.89,,,2026-03-20,2026-03-22 07:50:53
5457,宣德,35.15,62.49,57.49,47.94,-0.55,-0.94,0.39,38.05,34.69,31.33,685,1188,0.58,69.05,17.93,1.28,3.64,2026-03-20,2026-03-22 07:50:55
5460,同協,14.8,51.48,47.7,38.6,-0.18,-0.22,0.04,15.87,14.93,14.0,52,49,1.06,8.7,,,,2026-03-20,2026-03-22 07:50:56
5464,霖宏,28.3,83.52,74.86,58.33,0.5,0.43,0.07,28.55,27.42,26.3,63,144,0.44,20.11,,1.0,3.53,2026-03-20,2026-03-22 07:50:58
5465,富驊,26.4,16.33,23.07,33.53,-0.74,-0.64,-0.1,30.54,28.06,25.58,223,196,1.14,38.99,14.19,1.8,6.82,2026-03-20,2026-03-22 07:51:00
5468,凱鈺,19.3,72.98,58.31,66.05,0.07,-0.4,0.47,19.36,16.91,14.47,349,423,0.83,11.37,,,,2026-03-20,2026-03-22 07:51:02
5469,瀚宇博,86.0,57.19,59.92,36.54,-2.51,-2.56,0.06,99.67,90.12,80.58,2461,2210,1.11,417.91,14.26,2.52,2.93,2026-03-20,2026-03-22 07:51:03
5471,松翰,42.8,46.43,43.52,40.39,1.2,1.48,-0.29,45.79,42.48,39.16,1116,1074,1.04,71.85,60.28,1.0,2.34,2026-03-20,2026-03-22 07:51:04
5474,聰泰,136.5,43.76,54.07,33.73,-3.72,-3.84,0.12,154.47,143.7,132.93,135,183,0.73,54.27,24.95,4.0,2.93,2026-03-20,2026-03-22 07:51:06
5475,德宏,206.5,47.59,50.72,48.54,18.89,21.12,-2.22,231.95,198.88,165.8,3821,5806,0.66,262.52,,,,2026-03-20,2026-03-22 07:51:07
5478,智冠,112.0,67.62,72.23,69.23,2.76,2.38,0.38,117.01,107.42,97.84,491,367,1.34,167.81,14.21,7.5,6.7,2026-03-20,2026-03-22 07:51:09
5481,新華,22.5,52.28,45.65,50.38,-0.22,-0.27,0.05,23.03,21.9,20.76,76,85,0.89,14.94,,,,2026-03-20,2026-03-22 07:51:11
5483,中美晶,125.0,75.34,65.08,56.34,1.6,-0.05,1.65,127.19,114.9,102.61,9725,17662,0.55,767.71,18.71,3.5,2.8,2026-03-20,2026-03-22 07:51:12
5484,慧友,40.25,71.29,70.64,53.26,0.41,-0.06,0.47,43.26,38.59,33.92,499,573,0.87,26.89,58.33,,,2026-03-20,2026-03-22 07:51:14
5487,通泰,27.3,45.88,44.3,34.51,-0.31,-0.31,0.0,29.36,28.02,26.69,12,26,0.46,6.61,,,,2026-03-20,2026-03-22 07:51:15
5488,松普,10.1,85.5,78.7,48.63,0.04,-0.0,0.04,10.4,9.91,9.41,202,335,0.6,9.25,91.82,,,2026-03-20,2026-03-22 07:51:17
5489,彩富,39.65,35.63,41.34,42.11,-0.37,-0.38,0.02,41.23,40.09,38.95,15,19,0.76,39.07,17.86,1.82,4.59,2026-03-20,2026-03-22 07:51:18
5490,同亨,29.1,79.38,73.57,69.7,0.5,0.15,0.35,28.5,26.39,24.28,2129,1147,1.86,27.11,17.32,0.35,1.2,2026-03-20,2026-03-22 07:51:20
5493,三聯,85.3,59.84,56.11,43.73,-0.66,-1.16,0.5,93.89,85.76,77.62,475,693,0.69,37.27,20.41,2.6,3.05,2026-03-20,2026-03-22 07:51:22
5498,凱崴,61.8,60.34,58.71,45.71,1.18,1.1,0.08,67.95,61.26,54.57,14623,18069,0.81,119.45,,0.15,0.24,2026-03-20,2026-03-22 07:51:24
5508,永信建,54.9,54.2,55.09,47.16,-1.34,-1.82,0.47,58.27,54.42,50.57,4582,1615,2.84,119.37,17.88,14.5,26.41,2026-03-20,2026-03-22 07:51:26
5511,德昌,74.2,87.96,84.23,78.26,1.98,1.25,0.73,76.9,69.47,62.04,191,446,0.43,84.17,7.01,3.8,5.12,2026-03-20,2026-03-22 07:51:27
5512,力麒,7.97,29.37,42.81,48.33,0.02,0.03,-0.01,8.21,8.01,7.81,1228,879,1.4,60.56,72.45,0.18,2.26,2026-03-20,2026-03-22 07:51:29
5514,三豐,16.15,57.92,53.19,62.5,0.01,-0.03,0.05,16.18,15.88,15.58,14,15,0.89,36.6,,,,2026-03-20,2026-03-22 07:51:31
5515,建國,38.3,84.19,78.19,72.27,1.08,0.47,0.61,38.54,34.19,29.84,1555,1185,1.31,77.21,8.59,2.15,5.61,2026-03-20,2026-03-22 07:51:32
5516,雙喜,13.05,10.09,15.38,34.92,-0.39,-0.29,-0.11,15.12,13.9,12.68,29,43,0.67,6.73,,0.2,1.53,2026-03-20,2026-03-22 07:51:33
5519,隆大,34.2,60.46,64.04,60.42,0.66,0.52,0.14,35.24,32.88,30.52,1018,739,1.38,74.97,6.95,3.0,8.77,2026-03-20,2026-03-22 07:51:34
5520,力泰,91.6,90.19,79.15,70.59,0.61,0.29,0.32,91.59,89.29,86.98,8,17,0.48,54.94,9.32,7.0,7.64,2026-03-20,2026-03-22 07:51:36
5521,工信,13.75,11.12,8.14,2.81,-2.45,-1.79,-0.66,29.08,19.36,9.63,3863,4072,0.95,67.69,26.44,,,2026-03-20,2026-03-22 07:51:37
5522,遠雄,71.0,74.19,68.67,60.0,0.43,-0.15,0.57,70.84,67.46,64.08,2030,1262,1.61,554.93,9.54,5.5,7.75,2026-03-20,2026-03-22 07:51:38
5523,豐謙,29.5,38.68,49.47,22.22,-0.16,-0.04,-0.13,31.14,30.36,29.58,17,44,0.38,45.73,,0.5,1.69,2026-03-20,2026-03-22 07:51:40
5525,順天,25.9,64.8,54.8,46.46,-0.25,-0.36,0.12,26.97,25.52,24.07,100,82,1.23,79.59,18.5,0.75,2.9,2026-03-20,2026-03-22 07:51:41
5529,鉅陞,27.9,77.15,59.39,66.67,-0.2,-0.38,0.19,28.34,26.48,24.63,289,136,2.13,28.41,13.88,,,2026-03-20,2026-03-22 07:51:43
5530,龍巖,47.0,5.67,10.22,13.29,-0.99,-0.58,-0.41,54.94,50.54,46.14,405,404,1.0,197.44,13.51,,,2026-03-20,2026-03-22 07:51:44
5531,鄉林,8.97,75.34,76.65,48.72,-0.01,-0.01,0.01,9.1,8.98,8.86,402,590,0.68,87.69,,,,2026-03-20,2026-03-22 07:51:45
5533,皇鼎,14.45,67.41,57.52,48.39,0.01,-0.0,0.01,14.59,14.32,14.05,190,270,0.7,41.22,25.8,1.0,6.92,2026-03-20,2026-03-22 07:51:47
5534,長虹,77.0,62.63,62.67,51.8,-0.34,-0.77,0.44,78.7,76.07,73.44,1202,1222,0.98,226.95,13.03,5.42,7.04,2026-03-20,2026-03-22 07:51:48
5536,聖暉*,712.0,71.22,65.46,52.17,0.19,-4.33,4.53,725.7,681.15,636.6,2478,1339,1.85,883.46,27.1,5.5,0.77,2026-03-20,2026-03-22 07:51:50
5538,東明-KY,29.95,9.13,14.48,17.2,-0.44,-0.26,-0.18,33.88,31.48,29.07,30,36,0.83,60.26,11.05,1.5,5.01,2026-03-20,2026-03-22 07:51:51
5543,桓鼎-KY,27.5,80.38,69.21,55.75,-0.61,-0.94,0.33,29.09,26.54,23.98,50,35,1.42,12.51,3.99,0.09,0.33,2026-03-20,2026-03-22 07:51:52
5546,永固-KY,16.65,7.93,10.19,18.01,-1.4,-1.12,-0.28,23.89,19.7,15.52,40,38,1.05,13.71,,2.0,12.01,2026-03-20,2026-03-22 07:51:54
5547,久舜,22.85,65.16,64.46,47.69,-0.4,-0.57,0.16,23.3,22.57,21.84,40,46,0.87,10.35,8.59,0.72,3.15,2026-03-20,2026-03-22 07:51:55
5548,安倉,23.9,84.83,80.05,62.5,0.1,0.01,0.08,24.16,23.36,22.56,44,44,0.98,13.82,11.89,1.4,5.86,2026-03-20,2026-03-22 07:51:57
5601,台聯櫃,36.75,45.9,46.63,47.62,-0.04,0.02,-0.06,37.51,36.91,36.31,8,4,1.74,23.81,87.5,0.35,0.95,2026-03-20,2026-03-22 07:51:59
5603,陸海,17.4,28.37,32.86,41.51,-0.13,-0.13,-0.0,18.22,17.7,17.18,36,78,0.46,18.25,43.5,1.0,5.75,2026-03-20,2026-03-22 07:52:01
5604,中連,34.5,26.33,36.61,34.07,-0.34,-0.26,-0.08,36.75,35.44,34.13,27,21,1.29,37.53,40.59,2.0,5.8,2026-03-20,2026-03-22 07:52:02
5607,遠雄港,47.0,7.26,12.91,21.48,-0.48,0.2,-0.68,56.5,51.17,45.83,547,614,0.89,174.16,16.97,1.1,2.34,2026-03-20,2026-03-22 07:52:04
5608,四維航,17.0,43.31,34.04,44.35,-0.18,-0.18,0.0,18.42,17.35,16.29,2109,2598,0.81,66.18,1.54,,,2026-03-20,2026-03-22 07:52:05
5609,中菲行,79.6,68.82,68.17,53.06,0.27,0.11,0.16,81.06,78.99,76.93,97,154,0.64,112.03,10.03,5.2,6.53,2026-03-20,2026-03-22 07:52:06
5701,劍湖山,3.63,25.06,37.31,29.51,-0.07,-0.06,-0.01,3.95,3.79,3.63,40,113,0.36,5.19,,,,2026-03-20,2026-03-22 07:52:08
5703,亞都,13.85,51.48,51.59,32.14,-0.21,-0.18,-0.03,14.75,14.25,13.76,11,3,2.91,9.73,26.13,,,2026-03-20,2026-03-22 07:52:10
5704,老爺知,21.95,36.5,44.05,46.88,-0.47,-0.61,0.14,22.35,21.96,21.58,24,27,0.89,12.92,60.97,,,2026-03-20,2026-03-22 07:52:12
5706,鳳凰,52.1,86.5,84.88,61.11,0.45,0.16,0.29,53.49,50.24,46.99,379,294,1.29,44.24,15.41,2.75,5.28,2026-03-20,2026-03-22 07:52:13
5859,遠壽,15.95,63.07,56.59,53.12,0.01,-0.03,0.03,16.02,15.76,15.5,61,79,0.77,231.32,5.0,0.37,2.32,2026-03-20,2026-03-22 07:52:15
5863,瑞興銀,11.65,56.84,53.68,50.82,-0.01,-0.03,0.02,12.06,11.62,11.18,19,31,0.62,37.3,14.04,0.4,3.43,2026-03-20,2026-03-22 07:52:16
5864,致和證,25.35,63.83,55.1,45.65,0.8,0.93,-0.13,27.31,24.75,22.19,3051,4482,0.68,115.21,9.94,0.4,1.58,2026-03-20,2026-03-22 07:52:18
5871,中租-KY,106.5,80.01,73.09,60.0,0.33,-0.23,0.57,109.51,103.97,98.44,5343,6136,0.87,1822.66,9.48,6.1,5.73,2026-03-20,2026-03-22 07:52:19
5876,上海商銀,39.05,68.53,70.77,44.44,-0.15,-0.18,0.02,40.68,39.41,38.15,7198,5213,1.38,1894.02,12.76,1.8,4.61,2026-03-20,2026-03-22 07:52:20
5878,台名,41.8,54.04,58.03,54.17,0.08,0.06,0.02,42.09,41.59,41.09,0,9,0.0,10.46,14.62,2.3,5.5,2026-03-20,2026-03-22 07:52:22
5880,合庫金,22.95,31.19,36.69,26.19,-0.23,-0.2,-0.03,24.35,23.46,22.57,18310,16244,1.13,3598.77,16.88,0.7,3.05,2026-03-20,2026-03-22 07:52:23
5906,台南-KY,46.9,14.61,15.43,25.48,-1.07,-0.62,-0.45,54.28,50.36,46.43,11,19,0.56,16.76,47.86,0.8,1.71,2026-03-20,2026-03-22 07:52:24
5907,大洋-KY,5.93,48.59,47.66,47.24,0.01,0.01,-0.0,6.08,5.89,5.69,315,230,1.37,11.38,,,,2026-03-20,2026-03-22 07:52:25
6005,群益證,27.85,29.92,28.57,34.59,-0.17,0.06,-0.23,32.13,29.3,26.48,6398,9799,0.65,604.6,10.55,1.5,5.39,2026-03-20,2026-03-22 07:52:27
6015,宏遠證,13.8,66.19,61.69,44.26,0.16,0.18,-0.02,14.87,13.73,12.58,1558,2485,0.63,54.04,19.44,0.55,3.99,2026-03-20,2026-03-22 07:52:28
6016,康和證,17.65,76.2,76.06,52.94,0.45,0.43,0.02,18.34,17.13,15.92,4547,9295,0.49,121.18,8.91,0.23,1.3,2026-03-20,2026-03-22 07:52:30
6020,大展證,19.5,70.68,56.1,50.0,0.05,0.02,0.04,19.58,19.25,18.92,6,51,0.12,49.21,50.0,0.27,1.38,2026-03-20,2026-03-22 07:52:31
6021,美好證,31.35,42.91,47.14,35.74,0.3,0.55,-0.25,34.72,32.31,29.91,134,275,0.49,97.97,8.47,2.0,6.38,2026-03-20,2026-03-22 07:52:33
6023,元大期,94.1,33.71,38.62,48.7,-0.1,-0.13,0.03,96.08,94.56,93.03,325,345,0.94,301.1,11.14,4.8,5.1,2026-03-20,2026-03-22 07:52:35
6024,群益期,55.4,75.68,78.31,65.85,0.95,0.79,0.16,56.67,53.69,50.72,331,411,0.81,138.47,10.13,2.83,5.11,2026-03-20,2026-03-22 07:52:36
6026,福邦證,14.8,79.12,77.66,54.64,0.18,0.08,0.1,15.35,14.25,13.16,1610,3062,0.53,58.63,8.6,1.1,7.43,2026-03-20,2026-03-22 07:52:37
6027,德信,9.8,52.15,46.25,48.0,0.05,0.06,-0.01,10.13,9.74,9.35,107,37,2.85,15.26,9.42,,,2026-03-20,2026-03-22 07:52:38
6028,公勝保經,103.5,20.27,26.71,30.65,-0.38,0.66,-1.04,120.87,110.45,100.03,21,22,0.99,22.77,13.24,6.82,6.59,2026-03-20,2026-03-22 07:52:40
6035,悠遊卡,52.5,71.69,68.89,42.25,-0.6,-0.69,0.09,54.78,53.44,52.09,38,17,2.19,37.26,17.27,2.95,5.62,2026-03-20,2026-03-22 07:52:41
6101,寬魚國際,37.35,48.4,56.01,45.95,-0.19,-0.15,-0.04,38.92,37.66,36.4,23,31,0.73,42.81,,,,2026-03-20,2026-03-22 07:52:42
6103,合邦,45.6,72.13,80.41,72.71,3.46,2.26,1.2,52.03,39.4,26.76,10,36,0.29,6.2,,0.19,0.42,2026-03-20,2026-03-22 07:52:43
6104,創惟,97.4,76.39,65.91,45.94,-0.69,-1.01,0.32,102.2,95.82,89.44,1047,892,1.17,88.76,17.97,4.5,4.62,2026-03-20,2026-03-22 07:52:45
6108,競國,16.95,70.88,72.83,68.48,0.5,0.36,0.15,17.23,15.68,14.13,513,792,0.65,26.19,5.71,1.0,5.9,2026-03-20,2026-03-22 07:52:45
6109,亞元,12.2,64.53,62.62,37.04,0.01,0.01,-0.0,12.55,12.18,11.82,155,191,0.81,8.56,,,,2026-03-20,2026-03-22 07:52:47
6111,光聚晶電,44.6,78.94,70.77,53.07,-0.3,-0.58,0.29,45.14,43.49,41.84,437,316,1.38,42.94,,,,2026-03-20,2026-03-22 07:52:48
6112,邁達特,48.0,71.81,69.91,48.46,0.69,0.36,0.33,50.08,46.35,42.62,2532,1348,1.88,90.41,26.52,0.6,1.25,2026-03-20,2026-03-22 07:52:49
6113,亞矽,20.65,26.65,37.14,38.58,-0.22,-0.16,-0.06,22.56,21.33,20.1,103,146,0.71,10.85,,0.5,2.42,2026-03-20,2026-03-22 07:52:50
6114,久威,30.7,51.96,42.29,44.95,-0.29,-0.37,0.08,32.25,30.71,29.18,16,40,0.4,13.48,9.68,0.5,1.63,2026-03-20,2026-03-22 07:52:51
6115,鎰勝,47.1,67.98,59.12,38.89,-0.08,-0.08,0.01,48.39,47.11,45.84,114,122,0.93,88.39,15.44,3.2,6.79,2026-03-20,2026-03-22 07:52:52
6116,彩晶,8.89,33.68,38.51,45.41,0.01,0.0,0.01,9.46,8.83,8.19,15208,17830,0.85,254.13,32.93,,,2026-03-20,2026-03-22 07:52:53
6117,迎廣,74.5,73.32,66.13,49.17,-1.0,-1.67,0.67,78.61,72.47,66.33,508,426,1.19,69.45,20.52,2.17,2.91,2026-03-20,2026-03-22 07:52:54
6118,建達,18.5,41.0,41.29,45.93,-0.23,-0.25,0.02,19.62,18.46,17.3,1005,349,2.87,16.81,46.25,,,2026-03-20,2026-03-22 07:52:55
6120,達運,13.95,76.3,68.04,53.28,0.12,0.04,0.08,14.07,13.18,12.28,9529,3863,2.47,83.56,,0.28,2.01,2026-03-20,2026-03-22 07:52:56
6121,新普,352.0,89.51,85.56,60.53,2.67,-0.71,3.38,365.28,337.0,308.72,1655,764,2.16,651.1,11.93,30.0,8.52,2026-03-20,2026-03-22 07:52:57
6122,擎邦,51.2,38.8,50.06,47.22,-0.26,-0.27,0.0,54.01,51.86,49.72,248,333,0.75,39.98,10.85,3.27,6.39,2026-03-20,2026-03-22 07:52:59
6123,上奇,43.95,68.76,62.04,58.89,-0.34,-0.56,0.21,44.82,43.25,41.68,28,72,0.39,26.59,16.16,5.05,11.49,2026-03-20,2026-03-22 07:53:00
6124,業強,33.1,29.22,33.93,46.41,1.16,1.46,-0.3,39.08,33.39,27.7,173,224,0.77,60.4,,,,2026-03-20,2026-03-22 07:53:01
6125,廣運,59.5,49.13,55.47,42.09,-1.5,-1.87,0.37,65.72,61.25,56.78,1218,2632,0.46,154.11,425.0,0.7,1.18,2026-03-20,2026-03-22 07:53:02
6126,信音,32.85,64.2,57.2,38.68,-0.89,-0.85,-0.04,40.36,34.4,28.44,1277,1189,1.07,41.59,46.93,0.76,2.31,2026-03-20,2026-03-22 07:53:04
6127,九豪,47.6,80.83,66.19,66.94,1.64,0.53,1.11,45.02,37.78,30.54,37623,18628,2.02,51.45,101.28,0.4,0.84,2026-03-20,2026-03-22 07:53:05
6128,上福,22.0,8.48,11.17,11.46,-0.42,-0.15,-0.27,26.67,24.04,21.41,279,201,1.39,28.07,,0.5,2.27,2026-03-20,2026-03-22 07:53:05
6129,普誠,16.55,67.74,62.15,54.35,0.28,0.04,0.24,17.21,15.38,13.54,1160,1855,0.63,29.95,,,,2026-03-20,2026-03-22 07:53:07
6130,上亞科技,31.0,22.78,17.09,23.02,-2.77,-2.51,-0.26,42.43,34.9,27.36,66,81,0.81,13.73,,,,2026-03-20,2026-03-22 07:53:08
6133,金橋,24.3,33.47,33.55,51.43,0.32,0.39,-0.08,27.29,24.67,22.05,2779,4150,0.67,28.43,44.18,0.3,1.23,2026-03-20,2026-03-22 07:53:09
6134,萬旭,31.1,56.27,47.5,43.95,0.12,0.2,-0.08,34.14,31.56,28.98,815,970,0.84,25.47,259.17,0.2,0.64,2026-03-20,2026-03-22 07:53:10
6136,富爾特,24.05,69.71,70.6,51.67,0.02,-0.03,0.05,24.36,23.91,23.45,92,169,0.54,27.79,27.02,1.15,4.78,2026-03-20,2026-03-22 07:53:11
6138,茂達,229.5,66.31,66.03,47.27,-1.3,-2.05,0.76,243.41,229.1,214.79,837,623,1.34,169.87,17.99,8.6,3.75,2026-03-20,2026-03-22 07:53:12
6139,亞翔,593.0,82.03,72.19,57.32,6.43,-2.41,8.83,604.48,546.05,487.62,5793,4391,1.32,1395.51,19.49,13.89,2.34,2026-03-20,2026-03-22 07:53:13
6140,訊達,21.0,37.71,43.88,35.14,-0.71,-0.75,0.05,23.87,22.06,20.25,59,122,0.49,11.53,,,,2026-03-20,2026-03-22 07:53:15
6141,柏承,25.95,90.16,94.01,81.75,3.65,2.6,1.05,28.47,17.75,7.04,1961,3581,0.55,29.42,10.18,,,2026-03-20,2026-03-22 07:53:15
6142,友勁,10.3,59.87,55.98,55.68,0.08,0.02,0.06,10.26,9.78,9.29,1537,1026,1.5,34.07,,,,2026-03-20,2026-03-22 07:53:17
6143,振曜,99.7,47.98,43.41,39.72,-2.17,-2.41,0.25,108.63,102.08,95.53,603,799,0.76,85.8,16.62,6.0,6.02,2026-03-20,2026-03-22 07:53:18
6144,得利影,16.7,50.11,40.22,32.65,-0.48,-0.52,0.04,18.05,17.1,16.14,18,18,0.97,6.39,,,,2026-03-20,2026-03-22 07:53:19
6146,耕興,202.0,64.15,70.33,66.22,6.12,6.47,-0.35,208.01,196.12,184.24,398,400,1.0,205.77,18.83,10.1,5.0,2026-03-20,2026-03-22 07:53:20
6147,頎邦,67.0,82.01,79.02,66.76,3.38,1.6,1.78,70.52,57.66,44.79,25796,37985,0.68,498.88,18.21,3.75,5.6,2026-03-20,2026-03-22 07:53:21
6148,驊宏資,38.7,72.62,66.19,60.4,0.57,-0.32,0.89,39.91,34.57,29.23,1524,1865,0.82,18.04,28.46,1.23,3.18,2026-03-20,2026-03-22 07:53:22
6150,撼訊,60.6,77.1,72.32,52.65,-0.18,-0.97,0.79,63.56,58.24,52.93,335,462,0.72,29.3,23.58,,,2026-03-20,2026-03-22 07:53:23
6151,晉倫,31.55,80.65,67.74,54.55,0.09,-0.1,0.2,31.93,30.14,28.36,460,244,1.88,17.43,27.2,1.5,4.75,2026-03-20,2026-03-22 07:53:25
6152,百一,19.05,51.51,50.23,46.53,1.22,1.4,-0.18,22.26,18.63,15.0,8701,7088,1.23,31.95,,,,2026-03-20,2026-03-22 07:53:26
6153,嘉聯益,17.05,83.6,79.16,54.48,0.29,0.14,0.15,17.87,16.25,14.63,5974,5902,1.01,108.47,4.6,,,2026-03-20,2026-03-22 07:53:27
6154,順發,13.65,69.29,63.04,45.0,-0.0,-0.01,0.01,13.74,13.54,13.34,17,19,0.89,10.93,26.76,0.6,4.4,2026-03-20,2026-03-22 07:53:28
6155,鈞寶,48.5,63.35,53.83,42.17,-0.62,-1.1,0.49,53.78,47.58,41.39,2151,2958,0.73,42.69,66.44,1.0,2.06,2026-03-20,2026-03-22 07:53:29
6156,松上,19.75,39.83,37.56,34.62,-0.47,-0.46,-0.01,22.31,20.53,18.74,241,331,0.73,21.31,44.89,1.0,5.06,2026-03-20,2026-03-22 07:53:30
6158,禾昌,18.3,13.51,13.71,12.07,-0.7,-0.58,-0.12,21.52,19.61,17.7,45,119,0.38,10.05,166.36,1.01,5.52,2026-03-20,2026-03-22 07:53:32
6160,欣技,16.75,69.62,63.89,48.96,-0.14,-0.25,0.11,17.37,16.51,15.65,104,149,0.7,11.47,,,,2026-03-20,2026-03-22 07:53:33
6161,捷波,41.5,49.38,46.93,39.55,-0.54,-0.57,0.03,44.71,42.47,40.23,60,92,0.66,23.34,15.37,3.0,7.23,2026-03-20,2026-03-22 07:53:34
6163,華電網,62.9,84.24,70.06,60.54,0.16,-1.21,1.37,60.74,53.56,46.39,13629,10195,1.34,89.33,88.59,0.45,0.72,2026-03-20,2026-03-22 07:53:36
6164,華興,13.05,73.42,66.66,57.89,0.21,0.05,0.16,13.55,12.23,10.91,2320,2458,0.94,10.44,186.43,0.5,3.83,2026-03-20,2026-03-22 07:53:37
6165,浪凡,48.2,80.99,77.2,63.46,1.14,0.42,0.73,49.66,44.26,38.86,559,965,0.58,35.47,13.43,0.59,1.22,2026-03-20,2026-03-22 07:53:38
6166,凌華,61.0,47.54,49.05,43.59,-0.52,-0.49,-0.03,65.79,62.04,58.28,360,476,0.76,132.81,26.07,0.93,1.52,2026-03-20,2026-03-22 07:53:39
6167,久正,14.95,71.8,72.68,64.33,0.86,0.45,0.4,16.16,12.95,9.74,1913,7314,0.26,19.65,,1.33,8.9,2026-03-20,2026-03-22 07:53:41
6169,昱泉,17.0,34.54,34.69,48.53,-0.36,-0.44,0.08,17.62,17.05,16.48,38,17,2.17,3.98,,,,2026-03-20,2026-03-22 07:53:44
6170,統振,52.5,85.21,82.44,72.07,0.77,0.27,0.5,52.74,49.4,46.06,984,938,1.05,51.06,11.01,3.11,5.92,2026-03-20,2026-03-22 07:53:46
6171,大城地產,27.85,64.93,60.57,50.68,-0.09,-0.13,0.04,28.23,27.56,26.9,11,11,1.03,27.85,7.29,2.5,8.98,2026-03-20,2026-03-22 07:53:47
6173,信昌電,63.1,52.28,54.39,36.65,-1.02,-1.18,0.16,74.4,65.88,57.36,2545,3514,0.72,108.03,19.42,1.41,2.23,2026-03-20,2026-03-22 07:53:49
6174,安碁,21.45,39.47,33.29,23.53,-0.22,-0.15,-0.07,23.02,21.89,20.76,24,56,0.43,10.73,38.3,0.4,1.86,2026-03-20,2026-03-22 07:53:51
6175,立敦,47.25,63.03,66.81,50.2,-0.01,-0.62,0.61,52.05,46.53,41.01,1355,4628,0.29,70.93,17.7,1.75,3.7,2026-03-20,2026-03-22 07:53:52
6176,瑞儀,93.7,9.28,9.39,25.08,-7.39,-6.66,-0.73,135.85,106.33,76.81,7144,4133,1.73,431.25,10.08,10.61,11.32,2026-03-20,2026-03-22 07:53:53
6177,達麗,48.35,68.28,63.06,51.52,-0.35,-0.67,0.32,49.55,47.02,44.49,3409,1280,2.66,228.15,12.72,3.5,7.24,2026-03-20,2026-03-22 07:53:55
6179,亞通,27.65,67.17,63.62,50.0,-0.05,-0.42,0.37,28.71,26.38,24.04,3218,6550,0.49,49.03,17.28,0.48,1.74,2026-03-20,2026-03-22 07:53:56
6180,橘子,43.6,18.55,18.28,21.38,-2.25,-1.72,-0.53,56.06,48.4,40.75,613,785,0.78,76.52,,6.0,13.76,2026-03-20,2026-03-22 07:53:58
6182,合晶,36.95,73.51,64.77,55.56,0.14,-0.34,0.48,37.59,34.24,30.89,19874,22619,0.88,211.96,410.56,,,2026-03-20,2026-03-22 07:53:59
6183,關貿,92.5,23.41,33.54,37.84,-0.65,-0.44,-0.21,96.86,94.38,91.89,27,43,0.62,138.75,23.78,3.2,3.46,2026-03-20,2026-03-22 07:54:01
6184,大豐電,47.75,61.19,65.34,44.29,-0.09,-0.08,-0.01,48.39,47.92,47.44,100,62,1.6,72.68,20.94,3.19,6.68,2026-03-20,2026-03-22 07:54:02
6185,幃翔,14.45,78.64,68.97,43.14,-0.13,-0.19,0.05,15.2,14.39,13.58,123,142,0.87,21.66,65.68,0.39,2.7,2026-03-20,2026-03-22 07:54:04
6186,新潤,42.5,59.92,57.46,44.83,-1.35,-1.66,0.32,46.04,42.83,39.61,729,379,1.92,82.84,5.47,1.52,3.58,2026-03-20,2026-03-22 07:54:05
6187,萬潤,819.0,89.44,84.52,72.28,86.86,68.67,18.18,812.57,593.83,375.08,7274,2653,2.74,788.59,53.18,10.19,1.24,2026-03-20,2026-03-22 07:54:07
6188,廣明,97.6,68.23,65.47,47.1,-1.57,-2.37,0.8,103.48,96.85,90.22,1136,1715,0.66,271.68,27.11,5.2,5.33,2026-03-20,2026-03-22 07:54:08
6189,豐藝,46.9,81.57,73.66,56.68,0.1,-0.24,0.34,48.54,45.28,42.02,650,994,0.65,123.71,17.24,4.0,8.53,2026-03-20,2026-03-22 07:54:10
6190,萬泰科,54.3,81.16,74.48,53.08,1.09,0.51,0.58,55.6,50.28,44.96,11098,10507,1.06,98.6,24.91,1.9,3.5,2026-03-20,2026-03-22 07:54:12
6191,精成科,96.2,57.95,59.16,34.47,-3.0,-3.26,0.26,111.86,100.94,90.02,3029,4673,0.65,480.33,14.71,3.01,3.13,2026-03-20,2026-03-22 07:54:13
6192,巨路,118.5,38.47,37.03,36.36,-0.33,0.49,-0.82,132.23,123.22,114.22,132,245,0.54,113.94,11.92,5.8,4.89,2026-03-20,2026-03-22 07:54:14
6194,育富,32.15,66.79,62.45,45.98,-0.39,-0.53,0.15,33.02,31.97,30.91,91,99,0.92,15.43,14.68,2.1,6.53,2026-03-20,2026-03-22 07:54:16
6195,詩肯,24.8,16.18,26.52,43.55,-0.12,-0.07,-0.05,25.67,25.14,24.62,35,35,1.0,12.45,25.31,1.5,6.05,2026-03-20,2026-03-22 07:54:18
6196,帆宣,288.0,75.67,68.78,46.03,0.61,-0.12,0.73,303.42,281.95,260.48,2629,1473,1.78,629.55,19.65,5.9,2.05,2026-03-20,2026-03-22 07:54:19
6197,佳必琪,195.5,92.04,88.17,76.28,12.24,7.81,4.44,200.76,162.8,124.84,4936,7094,0.7,238.68,23.53,7.0,3.58,2026-03-20,2026-03-22 07:54:20
6198,瑞築,22.0,47.55,39.21,26.6,-1.07,-1.1,0.03,25.61,22.9,20.2,6,6,0.91,37.71,,,,2026-03-20,2026-03-22 07:54:22
6199,天品,103.5,72.56,61.11,59.43,0.2,-1.14,1.34,104.48,97.51,90.54,162,203,0.8,63.92,333.87,,,2026-03-20,2026-03-22 07:54:23
6201,亞弘電,51.2,26.27,26.86,28.57,-0.81,-0.75,-0.06,54.81,52.65,50.5,29,28,1.05,45.67,13.88,4.0,7.81,2026-03-20,2026-03-22 07:54:24
6202,盛群,56.2,54.06,45.35,39.33,1.59,2.23,-0.64,64.43,57.39,50.35,3480,4986,0.7,129.48,73.95,,,2026-03-20,2026-03-22 07:54:25
6204,艾華,66.7,81.53,71.8,46.8,-0.2,-0.41,0.21,70.5,66.31,62.13,110,120,0.92,,,,,2026-03-20,2026-03-22 07:54:26
6205,詮欣,59.1,68.9,62.47,62.42,1.42,0.67,0.76,59.88,53.34,46.79,2705,2058,1.31,47.71,31.95,1.63,2.76,2026-03-20,2026-03-22 07:54:27
6206,飛捷,101.0,63.07,72.5,62.54,2.86,2.35,0.52,107.86,97.59,87.33,1043,1244,0.84,144.49,14.74,6.0,5.94,2026-03-20,2026-03-22 07:54:28
6207,雷科,49.8,18.48,25.53,25.35,-0.65,-0.13,-0.53,58.29,53.39,48.5,975,1104,0.88,39.68,55.33,1.5,3.01,2026-03-20,2026-03-22 07:54:29
6208,日揚,48.4,77.83,76.65,71.96,0.83,0.55,0.28,48.68,46.35,44.03,152,116,1.31,45.72,19.36,2.0,4.13,2026-03-20,2026-03-22 07:54:30
6209,今國光,59.4,65.95,46.63,46.44,-1.37,-2.12,0.74,65.7,56.92,48.14,4833,5076,0.95,103.61,66.0,,,2026-03-20,2026-03-22 07:54:32
6210,慶生,19.9,39.43,37.67,28.57,-0.16,-0.13,-0.03,21.12,20.36,19.59,16,19,0.82,6.97,,,,2026-03-20,2026-03-22 07:54:33
6212,理銘,29.95,24.17,17.4,14.09,-2.3,-2.03,-0.27,38.61,32.94,27.27,31,25,1.24,30.55,7.56,3.5,11.69,2026-03-20,2026-03-22 07:54:34
6213,聯茂,143.5,73.09,72.2,56.57,7.25,5.63,1.62,156.61,134.57,112.54,18815,23836,0.79,521.5,34.58,1.8,1.25,2026-03-20,2026-03-22 07:54:35
6214,精誠,114.0,83.27,71.89,50.94,-0.47,-1.03,0.56,115.14,111.42,107.71,1885,886,2.13,285.95,14.45,5.2,4.56,2026-03-20,2026-03-22 07:54:37
6215,和椿,103.5,53.59,62.31,36.51,-1.0,-0.86,-0.14,119.49,109.73,99.98,1227,1118,1.1,85.69,50.24,1.5,1.45,2026-03-20,2026-03-22 07:54:38
6216,居易,25.9,51.27,40.42,36.14,-0.41,-0.41,0.0,27.78,26.32,24.86,134,112,1.19,25.12,43.9,2.53,9.77,2026-03-20,2026-03-22 07:54:39
6218,豪勉,24.55,94.62,94.74,83.16,27.64,19.68,7.95,186.72,115.19,43.67,5775,8696,0.66,15.78,,,,2026-03-20,2026-03-22 07:54:41
6219,富旺,14.9,21.41,23.11,41.13,-0.55,-0.55,-0.0,17.0,15.39,13.77,517,494,1.05,18.62,2.89,0.67,4.5,2026-03-20,2026-03-22 07:54:42
6220,岳豐,33.5,12.42,27.23,42.83,1.26,2.4,-1.14,46.45,37.2,27.95,804,1570,0.51,49.07,41.36,0.7,2.09,2026-03-20,2026-03-22 07:54:44
6221,晉泰,27.1,27.53,28.05,38.46,-0.65,-0.65,-0.0,29.72,28.07,26.42,115,172,0.67,45.69,11.58,,,2026-03-20,2026-03-22 07:54:45
6222,立軒,20.05,59.87,71.24,58.02,0.36,0.23,0.13,20.67,19.43,18.2,82,91,0.9,14.15,,,,2026-03-20,2026-03-22 07:54:47
6223,旺矽,3860.0,89.66,87.74,74.09,299.01,228.49,70.51,3973.49,3127.75,2282.01,2412,1286,1.87,3664.34,114.95,16.01,0.41,2026-03-20,2026-03-22 07:54:48
6224,聚鼎,40.05,17.89,25.17,34.21,-0.45,-0.3,-0.15,43.97,41.76,39.55,259,158,1.64,33.9,60.68,1.25,3.12,2026-03-20,2026-03-22 07:54:49
6225,天瀚,22.6,40.89,53.21,63.39,1.27,1.26,0.02,25.51,20.91,16.31,17,36,0.49,6.28,,,,2026-03-20,2026-03-22 07:54:51
6226,光鼎,14.85,92.05,85.31,85.38,1.27,0.62,0.65,14.15,9.99,5.84,11100,7581,1.46,17.16,,,,2026-03-20,2026-03-22 07:54:52
6227,茂綸,86.4,70.37,61.98,54.46,-0.04,-0.53,0.49,88.65,84.0,79.35,353,274,1.29,65.76,11.64,3.8,4.4,2026-03-20,2026-03-22 07:54:53
6228,全譜,24.0,65.35,63.25,45.8,-0.24,-0.32,0.08,25.34,24.32,23.3,7,6,1.05,6.24,,,,2026-03-20,2026-03-22 07:54:55
6229,研通,21.55,22.01,21.6,23.81,-0.38,-0.3,-0.08,23.39,22.17,20.95,87,75,1.15,8.7,431.0,1.0,4.64,2026-03-20,2026-03-22 07:54:56
6230,尼得科超眾,176.0,44.49,44.77,55.56,12.1,12.42,-0.32,200.12,162.9,125.68,205,149,1.38,151.96,27.5,0.22,0.12,2026-03-20,2026-03-22 07:54:57
6231,系微,270.0,93.37,87.83,79.34,11.07,3.15,7.92,251.35,206.22,161.1,3963,2303,1.72,123.26,40.79,6.5,2.41,2026-03-20,2026-03-22 07:54:59
6233,旺玖,28.05,66.57,69.51,53.92,1.1,0.91,0.19,30.03,26.8,23.57,1083,1674,0.65,22.17,,0.36,1.28,2026-03-20,2026-03-22 07:55:00
6234,高僑,28.65,85.27,77.77,54.45,0.33,0.02,0.3,29.51,27.08,24.65,717,816,0.88,28.76,,0.45,1.57,2026-03-20,2026-03-22 07:55:01
6235,華孚,47.95,50.17,49.39,30.72,-2.42,-2.49,0.06,59.11,51.17,43.23,730,655,1.11,95.85,18.03,1.2,2.5,2026-03-20,2026-03-22 07:55:03
6236,中湛,21.6,0.49,0.6,,-0.93,-1.0,0.08,23.77,22.02,20.27,0,0,,9.0,270.0,,,2026-03-20,2026-03-22 07:55:04
6237,驊訊,38.0,67.0,60.37,41.56,-0.44,-0.6,0.16,40.28,38.05,35.82,181,247,0.73,30.27,,0.25,0.66,2026-03-20,2026-03-22 07:55:05
6239,力成,201.5,27.43,25.22,27.9,-9.09,-6.58,-2.51,266.9,223.93,180.95,10293,11374,0.91,1488.68,27.01,7.0,3.47,2026-03-20,2026-03-22 07:55:07
6240,松崗,18.8,84.15,79.37,54.74,0.0,-0.08,0.08,19.34,18.47,17.61,0,3,0.0,4.3,,,,2026-03-20,2026-03-22 07:55:08
6241,易通展,12.3,74.08,64.88,51.02,-0.07,-0.17,0.1,12.87,12.01,11.15,79,71,1.1,5.99,,,,2026-03-20,2026-03-22 07:55:10
6242,立康,37.5,77.13,66.5,34.0,-0.28,-0.31,0.02,38.46,37.8,37.13,3,13,0.25,11.93,14.59,2.0,5.33,2026-03-20,2026-03-22 07:55:11
6243,迅杰,31.55,20.85,19.26,37.85,-0.86,-0.72,-0.14,35.85,33.1,30.36,184,153,1.2,14.28,,1.2,3.8,2026-03-20,2026-03-22 07:55:12
6244,茂迪,30.8,50.36,51.3,35.14,1.61,2.01,-0.4,36.67,32.0,27.34,19932,24585,0.81,119.21,220.0,0.36,1.17,2026-03-20,2026-03-22 07:55:14
6245,立端,68.0,84.71,77.92,65.4,0.11,-0.59,0.7,67.86,63.56,59.27,1162,622,1.87,99.69,15.74,4.0,5.88,2026-03-20,2026-03-22 07:55:15
6246,臺龍,16.3,72.82,76.25,74.45,0.84,0.54,0.3,17.57,14.32,11.08,87,185,0.47,6.17,36.22,,,2026-03-20,2026-03-22 07:55:16
6248,沛波,20.3,25.24,25.83,37.04,-0.29,-0.24,-0.05,22.3,20.73,19.15,128,154,0.83,19.78,13.36,1.8,8.87,2026-03-20,2026-03-22 07:55:18
6257,矽格,132.5,67.6,61.93,46.28,1.42,1.35,0.07,144.54,132.0,119.46,4688,6151,0.76,634.39,21.79,4.04,3.05,2026-03-20,2026-03-22 07:55:19
6259,百徽,17.1,43.4,53.2,32.93,-0.02,-0.01,-0.01,18.33,17.58,16.83,64,48,1.33,4.58,24.78,0.1,0.58,2026-03-20,2026-03-22 07:55:21
6261,久元,67.5,34.53,29.34,34.25,-1.32,-0.85,-0.47,78.04,70.76,63.49,369,453,0.81,86.74,16.07,4.0,5.93,2026-03-20,2026-03-22 07:55:22
6263,普萊德,125.0,80.53,73.0,46.88,-0.02,-0.47,0.45,126.58,122.83,119.07,111,67,1.64,78.13,15.11,7.9,6.32,2026-03-20,2026-03-22 07:55:24
6264,富裔,6.4,26.18,39.87,32.56,-0.13,-0.1,-0.03,7.06,6.75,6.43,50,41,1.21,8.73,,,,2026-03-20,2026-03-22 07:55:25
6265,方土昶,47.55,81.66,75.74,65.79,1.69,0.51,1.18,48.6,39.84,31.08,40346,23444,1.72,56.19,69.93,,,2026-03-20,2026-03-22 07:55:27
6266,泰詠,29.05,72.59,65.22,50.62,-0.07,-0.13,0.06,29.36,28.75,28.14,243,217,1.12,44.7,14.6,1.79,6.16,2026-03-20,2026-03-22 07:55:29
6269,台郡,60.3,69.01,51.54,44.75,-0.69,-0.84,0.15,66.58,58.83,51.08,4064,1902,2.14,192.86,36.21,,,2026-03-20,2026-03-22 07:55:30
6270,倍微,26.5,82.7,68.63,56.63,-0.06,-0.28,0.21,26.91,24.34,21.77,2794,810,3.45,19.12,24.77,1.0,3.77,2026-03-20,2026-03-22 07:55:31
6271,同欣電,154.5,56.13,47.91,37.1,1.56,2.48,-0.91,181.93,159.55,137.17,3966,4895,0.81,322.99,20.28,3.0,1.94,2026-03-20,2026-03-22 07:55:32
6272,驊陞,33.8,19.06,28.32,30.29,-1.81,-1.72,-0.09,41.12,37.07,33.01,427,462,0.92,27.77,9.91,0.8,2.37,2026-03-20,2026-03-22 07:55:34
6274,台燿,554.0,75.7,63.34,52.01,7.48,1.3,6.18,594.24,518.5,442.76,23607,17759,1.33,1599.4,46.09,7.51,1.36,2026-03-20,2026-03-22 07:55:36
6275,元山,49.3,57.97,60.24,40.25,-0.67,-0.72,0.05,54.74,50.93,47.12,403,388,1.04,39.07,17.86,2.26,4.58,2026-03-20,2026-03-22 07:55:37
6276,安鈦克,37.6,61.13,39.62,56.21,-0.67,-1.22,0.54,37.98,33.54,29.11,895,240,3.72,8.29,45.3,,,2026-03-20,2026-03-22 07:55:38
6277,宏正,59.5,63.99,67.81,45.88,-0.12,-0.2,0.08,61.05,59.56,58.07,39,67,0.58,71.09,19.57,4.8,8.07,2026-03-20,2026-03-22 07:55:39
6278,台表科,99.1,67.84,68.85,44.92,0.71,0.79,-0.08,103.13,99.39,95.65,1393,1055,1.32,286.53,10.63,5.5,5.55,2026-03-20,2026-03-22 07:55:40
6279,胡連,116.5,70.77,64.79,48.84,-0.61,-1.38,0.77,119.4,113.28,107.15,633,417,1.52,138.65,11.4,6.0,5.15,2026-03-20,2026-03-22 07:55:42
6281,全國電,60.7,79.79,79.56,51.67,-0.14,-0.29,0.15,61.21,60.33,59.46,81,90,0.9,60.2,16.54,3.3,5.44,2026-03-20,2026-03-22 07:55:42
6282,康舒,49.15,60.17,58.32,45.73,-0.14,-0.6,0.45,54.19,48.39,42.59,24038,36570,0.66,421.94,327.67,0.5,1.02,2026-03-20,2026-03-22 07:55:43
6283,淳安,20.5,37.27,43.45,34.21,-0.61,-0.64,0.04,22.62,21.31,20.01,230,197,1.17,30.11,56.94,,,2026-03-20,2026-03-22 07:55:44
6284,佳邦,84.0,76.81,57.84,47.52,-0.78,-1.65,0.87,89.87,80.35,70.83,1543,2020,0.76,123.2,20.05,2.7,3.21,2026-03-20,2026-03-22 07:55:46
6285,啟碁,173.5,69.92,62.25,42.57,3.72,4.73,-1.01,193.42,172.38,151.33,28473,17843,1.6,839.16,27.72,4.8,2.77,2026-03-20,2026-03-22 07:55:47
6290,良維,224.0,59.87,55.77,54.1,10.87,11.14,-0.27,244.14,217.62,191.11,22479,17406,1.29,377.4,26.96,5.0,2.23,2026-03-20,2026-03-22 07:55:48
6291,沛亨,357.5,81.55,76.91,64.54,30.72,25.37,5.35,365.54,297.8,230.06,4858,2362,2.06,185.9,54.33,6.0,1.68,2026-03-20,2026-03-22 07:55:49
6292,迅德,46.8,69.82,74.85,66.77,1.58,0.78,0.8,48.13,42.55,36.97,460,546,0.84,21.81,23.52,4.0,8.55,2026-03-20,2026-03-22 07:55:50
6294,智基,40.45,31.52,38.05,34.06,-0.91,-0.87,-0.04,44.46,41.88,39.31,42,28,1.49,10.54,14.66,3.2,7.91,2026-03-20,2026-03-22 07:55:51
6405,悅城,30.25,36.55,37.56,35.39,-0.06,0.15,-0.22,34.99,31.7,28.41,253,249,1.02,19.9,,0.1,0.33,2026-03-20,2026-03-22 07:55:52
6407,相互,19.45,69.01,67.12,69.05,0.2,0.03,0.16,19.36,18.25,17.14,460,352,1.31,14.61,18.01,1.0,5.14,2026-03-20,2026-03-22 07:55:54
6409,旭隼,752.0,13.05,15.73,28.57,-44.86,-38.43,-6.43,962.16,837.55,712.94,937,767,1.22,659.59,18.76,43.0,5.72,2026-03-20,2026-03-22 07:55:55
6411,晶焱,78.7,42.04,44.5,34.82,-0.74,-0.35,-0.39,88.67,81.62,74.57,379,467,0.81,76.92,25.22,3.18,4.04,2026-03-20,2026-03-22 07:55:56
6412,群電,78.2,3.58,7.9,12.33,-2.6,-1.41,-1.19,99.9,86.67,73.44,920,1153,0.8,313.4,15.18,3.7,4.73,2026-03-20,2026-03-22 07:55:57
6414,樺漢,270.0,53.27,62.35,43.05,-3.03,-3.46,0.42,288.33,275.2,262.07,552,555,0.99,371.36,13.44,12.2,4.52,2026-03-20,2026-03-22 07:55:58
6415,矽力*-KY,286.0,76.28,70.4,53.67,5.84,3.96,1.87,301.87,268.62,235.38,9895,8278,1.2,1109.87,45.47,2.55,0.89,2026-03-20,2026-03-22 07:55:59
6416,瑞祺電通,82.5,74.65,72.62,52.0,-0.56,-1.02,0.46,84.42,81.0,77.59,103,119,0.86,60.51,19.23,2.9,3.52,2026-03-20,2026-03-22 07:56:00
6417,韋僑,105.5,61.1,58.39,43.48,-0.64,-0.65,0.01,110.18,106.62,103.07,47,63,0.74,44.6,21.89,2.2,2.09,2026-03-20,2026-03-22 07:56:01
6418,詠昇,30.85,49.1,49.5,40.75,-1.37,-1.61,0.24,35.28,32.26,29.24,79,117,0.67,10.65,42.26,1.1,3.57,2026-03-20,2026-03-22 07:56:02
6419,京晨科,85.5,72.0,72.96,60.93,4.12,2.37,1.75,94.31,77.58,60.86,368,487,0.76,11.25,8.93,2.7,3.16,2026-03-20,2026-03-22 07:56:03
6423,億而得,85.9,49.8,51.89,46.77,0.9,0.87,0.04,97.11,89.22,81.32,137,160,0.85,26.0,126.32,0.97,1.13,2026-03-20,2026-03-22 07:56:04
6425,易發,65.3,30.17,33.81,28.19,-1.9,-2.2,0.3,72.94,67.8,62.67,326,316,1.03,31.67,,1.0,1.53,2026-03-20,2026-03-22 07:56:05
6426,統新,169.0,76.88,65.94,46.95,9.68,8.87,0.82,196.68,157.25,117.82,13685,5598,2.44,65.08,,0.5,0.3,2026-03-20,2026-03-22 07:56:06
6428,淘米,11.9,93.6,81.93,66.67,-0.02,-0.03,0.01,12.46,11.87,11.28,6,1,5.0,2.1,17.0,,,2026-03-20,2026-03-22 07:56:08
6431,光麗-KY,21.9,14.54,17.64,25.6,-1.31,-1.11,-0.2,27.4,24.35,21.3,192,201,0.96,21.33,,,,2026-03-20,2026-03-22 07:56:09
6432,今展科,36.45,60.04,54.32,48.18,0.71,0.4,0.31,39.45,34.99,30.54,551,1001,0.55,12.14,75.94,1.4,3.84,2026-03-20,2026-03-22 07:56:10
6434,達輝光電,7.13,59.14,49.74,61.54,0.27,0.23,0.04,6.89,6.07,5.25,6996,2342,2.99,33.05,,,,2026-03-20,2026-03-22 07:56:11
6435,大中,166.5,73.48,76.09,61.96,8.4,7.34,1.07,176.64,153.15,129.66,855,1355,0.63,62.37,17.88,4.3,2.58,2026-03-20,2026-03-22 07:56:12
6438,迅得,173.0,81.55,68.6,64.67,3.25,1.45,1.8,164.97,152.05,139.13,10528,3883,2.71,142.22,33.21,5.83,3.37,2026-03-20,2026-03-22 07:56:13
6441,廣錠,20.0,33.15,21.87,21.87,-0.57,-0.49,-0.08,23.13,20.97,18.8,55,101,0.55,10.66,,,,2026-03-20,2026-03-22 07:56:14
6442,光聖,2045.0,66.5,42.26,38.35,38.71,51.75,-13.04,2350.45,1937.75,1525.05,788,626,1.26,1592.51,89.3,8.62,0.42,2026-03-20,2026-03-22 07:56:15
6443,元晶,47.5,39.31,54.47,45.87,2.88,3.34,-0.45,56.35,47.44,38.54,43896,91630,0.48,243.58,21.89,,,2026-03-20,2026-03-22 07:56:16
6446,藥華藥,640.0,13.65,19.65,34.78,-3.98,4.97,-8.95,744.49,683.25,622.01,1487,1824,0.82,2375.43,47.16,0.99,0.15,2026-03-20,2026-03-22 07:56:17
6449,鈺邦,160.0,53.48,51.88,32.74,-2.02,-2.12,0.1,186.62,165.85,145.08,451,467,0.97,145.44,23.92,3.48,2.17,2026-03-20,2026-03-22 07:56:18
6451,訊芯-KY,274.5,87.35,79.45,70.23,23.62,15.05,8.57,281.47,211.03,140.58,2267,8523,0.27,291.45,1098.0,0.36,0.13,2026-03-20,2026-03-22 07:56:19
6456,GIS-KY,63.6,64.58,69.64,62.04,5.08,4.68,0.4,71.65,55.99,40.33,17031,17045,1.0,212.47,22.88,,,2026-03-20,2026-03-22 07:56:20
6461,益得,19.15,15.12,13.48,10.67,-0.53,-0.18,-0.35,24.79,21.15,17.52,166,289,0.58,31.38,,,,2026-03-20,2026-03-22 07:56:21
6462,神盾,101.5,37.92,35.48,33.41,-3.69,-3.31,-0.39,121.09,107.12,93.15,1588,1131,1.4,92.62,18.94,,,2026-03-20,2026-03-22 07:56:22
6464,台數科,76.9,60.76,50.7,36.27,-0.19,-0.08,-0.11,80.56,77.55,74.53,36,24,1.49,99.03,18.35,3.22,4.19,2026-03-20,2026-03-22 07:56:23
6465,威潤,47.8,81.38,62.92,79.09,1.95,0.38,1.57,44.0,35.32,26.63,1530,824,1.86,20.41,55.58,,,2026-03-20,2026-03-22 07:56:24
6467,泰合,134.5,49.71,50.7,42.57,1.57,1.1,0.47,143.02,131.78,120.53,387,462,0.84,70.44,,,,2026-03-20,2026-03-22 07:56:26
6469,大樹,79.9,22.85,31.48,22.93,-2.71,-2.53,-0.18,91.21,84.83,78.45,729,583,1.25,119.61,20.54,2.92,3.65,2026-03-20,2026-03-22 07:56:27
6470,宇智,50.2,13.48,20.35,17.31,0.04,0.65,-0.61,55.19,52.79,50.39,113,127,0.89,18.92,13.14,2.5,4.98,2026-03-20,2026-03-22 07:56:28
6472,保瑞,483.5,57.2,53.91,47.6,-11.61,-14.45,2.83,522.95,483.82,444.7,637,1518,0.42,615.53,14.86,11.67,2.41,2026-03-20,2026-03-22 07:56:29
6473,美賣*,8.12,54.61,41.46,24.27,-0.01,0.01,-0.02,8.65,8.03,7.41,189,85,2.22,3.25,,,,2026-03-20,2026-03-22 07:56:30
6474,華豫寧,35.25,46.7,46.8,37.25,-0.1,-0.09,-0.01,36.96,35.8,34.64,48,25,1.9,18.52,10.25,2.5,7.09,2026-03-20,2026-03-22 07:56:31
6477,安集,37.2,43.74,53.75,38.01,0.62,0.72,-0.1,40.94,37.49,34.03,785,1223,0.64,46.05,1860.0,0.3,0.81,2026-03-20,2026-03-22 07:56:32
6482,弘煜科,31.85,37.19,29.01,42.13,-1.23,-1.31,0.08,35.37,32.78,30.19,13,21,0.66,9.12,13.79,1.0,3.14,2026-03-20,2026-03-22 07:56:33
6483,原創生醫,15.55,25.35,22.83,27.73,0.03,0.29,-0.26,19.15,16.85,14.54,77,185,0.42,10.32,,,,2026-03-20,2026-03-22 07:56:35
6485,點序,92.3,76.82,67.91,53.88,-0.84,-2.49,1.65,98.49,86.82,75.15,1546,1948,0.79,41.76,,0.5,0.54,2026-03-20,2026-03-22 07:56:36
6486,互動,84.5,36.66,45.58,38.71,0.63,0.76,-0.14,88.51,84.81,81.11,84,128,0.66,43.0,14.77,5.87,6.95,2026-03-20,2026-03-22 07:56:37
6488,環球晶,469.0,61.53,52.66,56.14,0.28,-2.76,3.04,483.82,450.02,416.23,2456,3701,0.66,2242.35,30.77,7.7,1.64,2026-03-20,2026-03-22 07:56:38
6491,晶碩,281.0,50.0,47.61,39.83,-2.08,-1.57,-0.51,297.66,284.12,270.59,566,329,1.72,219.18,13.62,11.0,3.91,2026-03-20,2026-03-22 07:56:39
6492,生華科,57.2,70.12,53.76,66.1,0.58,0.04,0.54,55.73,51.4,47.06,1061,679,1.56,51.13,,,,2026-03-20,2026-03-22 07:56:41
6493,雷虎生,25.75,10.81,14.81,27.69,-0.58,-0.4,-0.17,30.09,27.42,24.75,23,44,0.51,7.74,,0.2,0.78,2026-03-20,2026-03-22 07:56:43
6494,九齊,48.25,67.81,61.94,47.08,1.89,1.89,-0.0,50.14,46.24,42.33,348,276,1.26,15.23,,2.36,4.89,2026-03-20,2026-03-22 07:56:44
6496,科懋,26.0,31.01,39.55,47.86,-0.36,-0.37,0.01,27.78,26.74,25.71,15,5,2.78,12.15,,,,2026-03-20,2026-03-22 07:56:46
6498,久禾光,94.5,74.3,74.77,62.3,1.36,0.45,0.91,94.71,88.61,82.51,642,177,3.62,44.57,14.84,2.64,2.79,2026-03-20,2026-03-22 07:56:47
6499,益安,107.0,70.55,75.85,61.6,4.98,1.8,3.18,118.3,94.93,71.55,5356,4035,1.33,103.73,,,,2026-03-20,2026-03-22 07:56:49
6504,南六,39.25,45.08,37.92,31.19,-0.74,-0.73,-0.01,42.42,40.04,37.65,25,35,0.74,28.5,14.02,1.0,2.55,2026-03-20,2026-03-22 07:56:50
6505,台塑化,56.2,14.91,23.78,49.58,1.53,2.15,-0.62,65.3,57.39,49.47,22072,26203,0.84,5353.59,54.04,0.8,1.42,2026-03-20,2026-03-22 07:56:51
6506,雙邦,16.5,77.59,77.74,60.0,0.22,0.16,0.06,16.74,16.13,15.51,97,98,0.99,13.59,16.02,0.8,4.85,2026-03-20,2026-03-22 07:56:53
6508,惠光,28.15,59.35,64.38,67.43,1.25,1.09,0.16,30.59,26.36,22.13,158,378,0.42,24.36,104.26,1.0,3.55,2026-03-20,2026-03-22 07:56:55
6509,聚和,43.95,74.49,73.93,57.89,2.27,1.86,0.41,46.08,41.09,36.1,7916,13405,0.59,86.38,17.87,1.32,3.0,2026-03-20,2026-03-22 07:56:56
6510,精測,3600.0,41.75,47.44,49.33,100.99,147.67,-46.69,4064.25,3696.0,3327.75,977,637,1.53,1180.4,119.05,7.8,0.22,2026-03-20,2026-03-22 07:56:58
6512,啟發電,19.8,36.3,36.72,45.83,-0.12,-0.14,0.02,20.7,20.02,19.33,8,12,0.72,5.0,,,,2026-03-20,2026-03-22 07:56:59
6515,穎崴,7930.0,94.03,90.27,84.63,810.24,601.65,208.58,7654.31,5637.25,3620.19,441,463,0.95,2858.1,169.48,25.0,0.32,2026-03-20,2026-03-22 07:57:00
6516,勤崴國際,61.4,51.42,47.14,32.53,-0.59,-0.54,-0.05,65.56,62.71,59.86,27,37,0.73,34.28,40.66,2.21,3.6,2026-03-20,2026-03-22 07:57:01
6517,保勝光學,57.6,56.9,57.0,38.06,-2.02,-2.37,0.35,62.56,59.0,55.45,221,220,1.0,17.61,35.56,1.5,2.6,2026-03-20,2026-03-22 07:57:02
6518,康科特,26.6,27.69,28.28,41.89,0.08,0.14,-0.06,27.66,26.68,25.71,8,14,0.54,8.87,16.22,1.5,5.64,2026-03-20,2026-03-22 07:57:04
6523,達爾膚,118.0,79.61,80.05,50.0,0.02,-0.1,0.12,118.56,117.42,116.29,24,31,0.79,53.16,15.23,8.0,6.78,2026-03-20,2026-03-22 07:57:05
6525,捷敏-KY,83.7,77.15,75.84,51.16,1.34,1.14,0.19,86.52,82.08,77.64,184,309,0.6,108.01,14.41,4.2,5.02,2026-03-20,2026-03-22 07:57:06
6526,達發,502.0,41.5,48.86,38.99,13.41,16.42,-3.01,564.86,506.95,449.04,461,554,0.83,840.88,28.98,12.5,2.49,2026-03-20,2026-03-22 07:57:07
6527,明達醫,72.8,12.46,19.03,39.8,-0.73,-0.6,-0.12,76.59,74.43,72.27,22,23,0.95,18.45,12.77,2.25,3.09,2026-03-20,2026-03-22 07:57:08
6530,創威,88.7,72.49,63.18,61.39,4.45,3.92,0.53,86.79,76.25,65.72,8811,4941,1.78,29.94,45.72,1.55,1.75,2026-03-20,2026-03-22 07:57:09
6531,愛普*,553.0,75.51,79.38,68.82,33.33,18.86,14.47,590.67,463.93,337.18,6793,9695,0.7,899.78,71.91,6.99,1.26,2026-03-20,2026-03-22 07:57:10
6532,瑞耘,76.6,88.36,85.14,75.4,4.21,2.73,1.48,76.13,62.09,48.05,2124,1195,1.78,28.68,10.61,2.6,3.39,2026-03-20,2026-03-22 07:57:12
6533,晶心科,191.0,40.32,26.66,38.62,-12.17,-12.11,-0.07,230.63,199.6,168.57,1458,934,1.56,96.74,17.99,,,2026-03-20,2026-03-22 07:57:13
6534,正瀚-創,88.3,73.99,65.47,64.37,-0.13,-0.92,0.79,86.74,82.61,78.48,430,712,0.61,90.77,19.62,4.8,5.44,2026-03-20,2026-03-22 07:57:13
6535,順藥,145.0,12.88,16.27,25.0,-8.23,-7.24,-0.98,183.89,160.38,136.86,204,193,1.06,242.85,,,,2026-03-20,2026-03-22 07:57:15
6536,碩豐,13.4,13.38,19.48,28.26,-0.45,-0.29,-0.16,16.26,14.67,13.08,2,13,0.2,3.53,103.08,,,2026-03-20,2026-03-22 07:57:16
6538,倉和,65.2,55.26,55.5,39.09,-0.36,-0.27,-0.09,70.53,66.92,63.32,67,90,0.74,24.82,26.29,7.0,10.74,2026-03-20,2026-03-22 07:57:17
6539,麗彤,53.2,33.67,23.9,28.93,-1.38,-1.19,-0.18,59.58,55.11,50.63,0,0,0.02,12.95,20.54,2.37,4.45,2026-03-20,2026-03-22 07:57:18
6541,泰福-KY,42.6,31.19,23.01,31.82,-2.36,-2.37,0.01,50.89,44.97,39.04,740,555,1.33,112.81,,,,2026-03-20,2026-03-22 07:57:19
6542,隆中,54.6,55.27,34.21,55.22,-0.16,-0.27,0.11,56.16,50.97,45.78,288,83,3.44,22.46,2730.0,1.83,3.35,2026-03-20,2026-03-22 07:57:20
6543,普惠醫工,24.5,26.73,30.37,32.78,-0.93,-0.65,-0.27,29.6,26.7,23.81,39,83,0.47,13.68,18.85,2.11,8.61,2026-03-20,2026-03-22 07:57:21
6546,正基,77.4,40.82,40.32,43.84,2.93,3.42,-0.49,90.41,76.37,62.33,1334,1459,0.91,51.74,28.46,3.5,4.52,2026-03-20,2026-03-22 07:57:23
6547,高端疫苗,49.6,86.43,72.27,84.36,1.72,0.42,1.29,44.86,37.64,30.41,2898,1726,1.68,163.06,,,,2026-03-20,2026-03-22 07:57:24
6548,長科*,45.45,39.59,51.66,46.66,-0.85,-0.85,-0.0,49.99,46.64,43.29,3352,3958,0.85,419.53,28.06,0.45,0.99,2026-03-20,2026-03-22 07:57:25
6549,景凱,7.52,56.51,57.24,35.03,-0.09,-0.07,-0.02,8.16,7.74,7.32,98,105,0.93,6.03,,,,2026-03-20,2026-03-22 07:57:26
6550,北極星藥業-KY,19.9,13.21,15.99,19.95,-2.6,-1.58,-1.02,37.51,28.3,19.09,3619,4024,0.9,171.12,,,,2026-03-20,2026-03-22 07:57:27
6552,易華電,27.4,67.52,57.43,38.5,-0.41,-0.38,-0.03,30.95,27.9,24.86,162,167,0.97,22.74,5.34,0.2,0.73,2026-03-20,2026-03-22 07:57:28
6555,榮炭,19.95,30.01,30.75,26.48,-1.44,-1.32,-0.12,27.09,22.65,18.2,70,250,0.28,23.79,,,,2026-03-20,2026-03-22 07:57:30
6556,勝品,66.4,50.13,64.11,45.74,-0.34,-0.36,0.01,69.71,67.59,65.47,13,6,2.1,19.09,9.87,4.2,6.33,2026-03-20,2026-03-22 07:57:31
6558,興能高,29.3,36.72,36.54,29.26,-1.55,-1.6,0.05,34.78,31.12,27.45,531,394,1.35,27.48,30.52,0.3,1.02,2026-03-20,2026-03-22 07:57:32
6559,研晶,13.25,60.96,51.6,55.47,-0.08,-0.14,0.06,13.17,12.33,11.48,154,64,2.39,3.07,,,,2026-03-20,2026-03-22 07:57:33
6560,欣普羅,40.45,27.97,30.71,34.24,-0.25,-0.04,-0.21,45.98,42.3,38.62,56,118,0.48,13.14,,,,2026-03-20,2026-03-22 07:57:34
6561,是方,351.5,31.5,34.17,41.1,2.79,3.64,-0.85,375.31,354.85,334.39,45,96,0.47,274.02,22.42,14.2,4.04,2026-03-20,2026-03-22 07:57:35
6563,映智,25.3,26.82,33.79,19.18,-0.7,-0.5,-0.21,28.9,27.03,25.16,96,200,0.48,7.52,,,,2026-03-20,2026-03-22 07:57:36
6564,安特羅,17.2,44.99,34.77,38.89,-0.75,-0.82,0.06,20.03,17.81,15.6,192,174,1.1,12.41,,,,2026-03-20,2026-03-22 07:57:37
6565,物聯,14.9,40.2,54.97,35.62,-0.34,-0.26,-0.09,17.11,16.11,15.11,67,46,1.44,4.03,14.9,,,2026-03-20,2026-03-22 07:57:38
6568,宏觀,217.0,78.61,75.9,64.83,15.34,12.55,2.79,216.45,178.4,140.35,3300,2247,1.47,66.9,54.94,2.0,0.92,2026-03-20,2026-03-22 07:57:40
6569,醫揚,93.5,41.67,48.59,37.62,-2.36,-2.66,0.3,100.88,96.25,91.62,17,24,0.72,36.53,32.58,3.96,4.24,2026-03-20,2026-03-22 07:57:41
6570,維田,38.75,45.97,53.81,45.83,-0.29,-0.25,-0.04,40.51,39.07,37.64,89,105,0.85,14.38,30.27,1.5,3.87,2026-03-20,2026-03-22 07:57:43
6572,博錸,6.7,25.05,26.78,12.73,-0.42,-0.34,-0.08,8.78,7.49,6.2,73,117,0.63,6.94,,,,2026-03-20,2026-03-22 07:57:44
6573,虹揚-KY,13.55,54.47,55.37,35.0,-0.36,-0.38,0.01,15.18,14.11,13.05,191,189,1.01,10.91,11.02,,,2026-03-20,2026-03-22 07:57:46
6574,霈方,133.5,94.12,86.79,98.16,11.86,6.47,5.39,122.53,87.39,52.25,363,266,1.37,29.36,24.23,2.2,1.65,2026-03-20,2026-03-22 07:57:47
6576,逸達,77.0,14.26,20.81,24.0,-1.24,-0.71,-0.53,85.55,81.12,76.69,125,148,0.85,121.21,,,,2026-03-20,2026-03-22 07:57:49
6577,勁豐,77.1,75.01,73.24,52.0,1.41,1.22,0.19,79.04,74.82,70.6,34,34,1.01,46.31,14.94,6.0,7.78,2026-03-20,2026-03-22 07:57:51
6578,達邦蛋白,17.95,40.76,45.5,43.75,-0.33,-0.34,0.01,19.39,18.32,17.25,26,64,0.4,12.91,,0.4,2.23,2026-03-20,2026-03-22 07:57:52
6579,研揚,116.0,84.08,75.23,52.44,0.41,-0.39,0.8,119.08,111.58,104.07,163,186,0.88,196.56,20.79,5.15,4.44,2026-03-20,2026-03-22 07:57:53
6580,台睿,15.35,25.75,24.16,16.36,-1.3,-1.16,-0.13,20.41,17.65,14.88,175,169,1.04,17.19,,,,2026-03-20,2026-03-22 07:57:55
6581,鋼聯,111.0,59.47,62.13,50.0,0.93,0.89,0.04,112.51,110.28,108.04,8,19,0.44,123.51,18.05,5.3,4.77,2026-03-20,2026-03-22 07:57:56
6582,申豐,31.95,52.95,46.55,36.59,-0.2,-0.24,0.04,33.95,32.14,30.34,76,75,1.02,33.92,,1.0,3.13,2026-03-20,2026-03-22 07:57:57
6583,友松,11.8,75.79,66.71,46.77,-0.28,-0.36,0.08,12.24,11.74,11.24,5,3,1.37,1.88,,2.0,16.95,2026-03-20,2026-03-22 07:57:59
6584,南俊國際,502.0,86.58,70.93,62.18,23.44,15.88,7.56,483.72,408.38,333.03,695,1353,0.51,349.6,94.36,1.5,0.3,2026-03-20,2026-03-22 07:58:01
6585,鼎基,82.3,48.75,52.27,32.56,-1.72,-1.48,-0.23,93.22,86.47,79.71,66,50,1.32,59.37,15.13,7.92,9.62,2026-03-20,2026-03-22 07:58:02
6586,醣基,25.35,49.32,46.35,47.16,-0.43,-0.58,0.15,27.39,25.42,23.45,328,327,1.0,54.25,,,,2026-03-20,2026-03-22 07:58:03
6589,台康生技,56.5,17.61,21.71,37.43,-1.33,-1.25,-0.08,62.8,59.11,55.42,472,646,0.73,171.0,,,,2026-03-20,2026-03-22 07:58:05
6590,普鴻,73.6,34.34,34.94,61.06,0.19,-0.14,0.33,74.23,71.92,69.61,54,20,2.71,18.37,14.46,2.8,3.8,2026-03-20,2026-03-22 07:58:07
6591,動力-KY,64.0,51.16,44.52,40.0,-1.39,-1.58,0.2,67.95,64.69,61.43,257,269,0.95,26.32,12.9,2.31,3.61,2026-03-20,2026-03-22 07:58:08
6592,和潤企業,63.7,67.69,74.73,59.11,0.99,0.61,0.38,66.15,61.42,56.68,3647,3698,0.99,396.95,16.33,3.0,4.71,2026-03-20,2026-03-22 07:58:09
6593,台灣銘板,37.8,14.98,20.89,26.0,0.04,0.25,-0.21,40.7,39.23,37.76,94,49,1.91,11.31,,0.45,1.19,2026-03-20,2026-03-22 07:58:11
6595,光禹國際,32.6,68.31,71.32,34.38,-0.27,-0.29,0.01,33.41,32.92,32.43,0,34,0.0,16.22,95.88,0.25,0.77,2026-03-20,2026-03-22 07:58:12
6596,寬宏藝術,145.5,37.47,50.14,47.62,1.27,1.64,-0.37,151.89,147.15,142.41,1022,928,1.1,55.29,7.75,18.7,12.85,2026-03-20,2026-03-22 07:58:14
6598,ABC-KY,24.95,78.54,65.05,43.05,0.62,0.59,0.03,64.87,61.21,57.55,2,3,0.66,25.65,,,,2026-03-20,2026-03-22 07:58:16
6599,普達系統,58.8,6.18,10.03,19.61,-0.65,-0.48,-0.17,62.15,59.91,57.67,3,1,1.88,12.35,21.94,2.22,3.78,2026-03-20,2026-03-22 07:58:17
6603,富強鑫,22.95,44.01,39.9,34.23,-1.05,-1.16,0.11,25.4,23.51,21.62,1085,831,1.31,38.02,37.62,0.3,1.31,2026-03-20,2026-03-22 07:58:19
6605,帝寶,135.0,66.34,62.05,42.86,-3.16,-3.49,0.33,145.64,137.07,128.51,188,251,0.75,223.85,9.97,9.0,6.67,2026-03-20,2026-03-22 07:58:21
6606,建德工業,24.4,41.97,51.79,34.78,-0.26,-0.22,-0.04,25.61,24.92,24.24,91,87,1.04,26.91,22.59,1.03,4.22,2026-03-20,2026-03-22 07:58:22
6609,瀧澤科,34.45,24.1,27.23,25.14,-1.42,-1.31,-0.1,40.93,36.69,32.44,159,180,0.88,24.96,,0.77,2.24,2026-03-20,2026-03-22 07:58:23
6610,安成生技,19.4,18.22,21.58,39.23,-0.15,0.07,-0.22,22.06,20.71,19.35,162,162,0.99,39.88,,,,2026-03-20,2026-03-22 07:58:25
6612,奈米醫材,70.1,62.29,65.04,53.21,-1.25,-1.75,0.5,72.21,69.12,66.02,18,18,0.96,33.31,52.31,0.3,0.43,2026-03-20,2026-03-22 07:58:26
6613,朋億*,210.0,83.08,73.43,63.16,1.36,-0.3,1.66,208.01,194.18,180.34,1018,340,2.99,163.38,15.8,12.0,5.71,2026-03-20,2026-03-22 07:58:28
6614,資拓宏宇,43.3,50.65,43.89,40.2,-0.88,-1.0,0.12,46.56,44.06,41.56,62,58,1.07,31.58,21.02,1.5,3.46,2026-03-20,2026-03-22 07:58:29
6615,慧智,34.55,12.03,15.31,34.72,0.55,0.75,-0.21,36.22,34.85,33.48,76,35,2.17,7.46,,0.3,0.87,2026-03-20,2026-03-22 07:58:31
6616,特昇-KY,10.05,26.4,30.74,42.72,-0.01,0.01,-0.02,10.59,10.18,9.78,55,89,0.61,3.57,,,,2026-03-20,2026-03-22 07:58:33
6617,共信-KY,71.8,19.83,34.64,27.09,-1.13,-0.57,-0.56,82.93,76.76,70.59,221,250,0.88,88.04,,,,2026-03-20,2026-03-22 07:58:35
6618,永虹先進,18.6,21.88,33.88,46.53,-0.2,-0.14,-0.06,21.2,19.71,18.22,1526,1033,1.48,19.5,,,,2026-03-20,2026-03-22 07:58:36
6620,漢達,72.9,18.85,19.44,22.12,-2.61,-2.29,-0.32,83.59,77.52,71.45,271,410,0.66,122.86,16.2,1.51,2.07,2026-03-20,2026-03-22 07:58:38
6621,華宇藥,13.4,68.25,75.25,61.54,0.29,0.17,0.12,14.11,12.76,11.41,52,214,0.24,4.83,,,,2026-03-20,2026-03-22 07:58:40
6624,萬年清,57.1,51.99,46.63,39.62,-0.13,-0.09,-0.04,9.41,8.63,7.84,13,14,0.91,,,,,2026-03-20,2026-03-22 07:58:41
6625,必應,77.5,11.95,21.12,39.35,-1.31,-1.16,-0.16,82.76,79.83,76.9,191,193,0.99,44.93,8.53,4.0,5.16,2026-03-20,2026-03-22 07:58:42
6629,泰金-KY,105.5,35.08,36.33,49.06,-3.56,-3.78,0.22,115.24,107.8,100.36,32,26,1.25,40.42,17.04,6.2,5.88,2026-03-20,2026-03-22 07:58:44
6634,欣耀,33.6,36.65,26.85,23.81,-1.16,-0.99,-0.16,39.56,35.43,31.3,19,21,0.94,23.96,,,,2026-03-20,2026-03-22 07:58:45
6637,醫影,73.9,26.4,36.3,51.59,-0.59,-0.7,0.11,77.39,74.19,70.98,23,23,0.99,19.81,10.35,3.63,4.91,2026-03-20,2026-03-22 07:58:46
6638,沅聖,37.45,85.79,83.32,75.63,2.81,1.59,1.22,39.9,29.62,19.34,35,85,0.42,11.24,,1.0,2.67,2026-03-20,2026-03-22 07:58:47
6639,源大環能,8.25,41.17,26.11,37.75,-0.3,-0.23,-0.07,9.56,8.37,7.19,82,51,1.6,4.76,,,,2026-03-20,2026-03-22 07:58:48
6640,均華,1165.0,86.09,84.89,75.58,93.94,65.86,28.08,1179.97,900.15,620.33,1034,1037,1.0,329.82,95.26,15.0,1.29,2026-03-20,2026-03-22 07:58:50
6641,基士德-KY,18.95,22.98,18.29,18.09,-0.74,-0.67,-0.07,22.57,20.15,17.73,21,22,0.99,6.92,41.2,1.0,5.28,2026-03-20,2026-03-22 07:58:50
6642,富致,55.1,36.04,42.25,34.34,-0.0,0.25,-0.25,58.74,56.44,54.15,66,97,0.68,20.61,21.27,1.8,3.27,2026-03-20,2026-03-22 07:58:52
6643,M31,484.0,70.72,70.64,56.22,11.51,8.1,3.41,505.21,455.52,405.84,1546,1252,1.23,202.27,286.39,2.0,0.41,2026-03-20,2026-03-22 07:58:53
6645,金萬林-創,13.95,11.91,10.97,13.64,-0.95,-0.82,-0.13,18.59,15.69,12.79,52,50,1.03,8.46,,,,2026-03-20,2026-03-22 07:58:54
6648,斯其大,18.5,19.18,13.09,22.54,-1.63,-1.39,-0.25,25.35,20.81,16.27,106,77,1.38,8.79,,,,2026-03-20,2026-03-22 07:58:55
6649,台生材,43.1,68.56,60.57,54.51,-1.32,-1.61,0.29,43.05,41.1,39.16,575,181,3.18,18.1,30.79,1.0,2.32,2026-03-20,2026-03-22 07:58:56
6650,帝圖,27.15,55.27,41.79,38.36,-1.16,-1.24,0.08,30.57,28.18,25.78,18,4,3.72,8.44,30.51,4.0,14.73,2026-03-20,2026-03-22 07:58:57
6651,全宇昕,92.7,55.85,52.79,34.4,0.34,1.28,-0.94,104.35,96.45,88.54,65,115,0.57,32.08,14.71,4.0,4.31,2026-03-20,2026-03-22 07:58:59
6652,雅祥生醫,6.15,32.74,36.13,35.84,-0.19,-0.15,-0.04,7.29,6.45,5.6,22,42,0.52,8.43,,,,2026-03-20,2026-03-22 07:59:00
6654,天正國際,91.0,56.98,61.32,45.19,-0.15,0.09,-0.24,96.99,93.01,89.03,15,15,0.95,33.91,9100.0,,,2026-03-20,2026-03-22 07:59:01
6655,科定,129.5,70.29,69.35,36.0,1.58,2.04,-0.46,132.95,130.32,127.7,6,5,1.13,101.73,36.27,2.4,1.85,2026-03-20,2026-03-22 07:59:02
6657,華安,45.65,40.12,45.48,33.88,-0.16,0.06,-0.22,49.99,47.27,44.56,180,264,0.68,40.13,,,,2026-03-20,2026-03-22 07:59:03
6658,聯策,68.7,67.37,67.64,66.18,3.39,2.48,0.91,71.2,60.98,50.76,1022,1347,0.76,24.99,56.78,1.08,1.57,2026-03-20,2026-03-22 07:59:04
6659,天明製藥,20.6,24.73,24.87,29.13,-0.94,-0.94,-0.0,24.04,21.79,19.53,44,37,1.18,,,,,2026-03-20,2026-03-22 07:59:05
6661,威健生技,18.9,89.23,82.08,57.5,-0.04,-0.07,0.03,19.0,18.66,18.31,8,5,1.42,4.4,315.0,,,2026-03-20,2026-03-22 07:59:06
6662,樂斯科,29.1,44.47,51.5,42.31,-0.26,-0.2,-0.06,30.41,29.68,28.96,8,19,0.42,7.45,16.63,1.5,5.15,2026-03-20,2026-03-22 07:59:07
6664,群翊,278.0,72.03,66.09,43.57,-2.31,-3.71,1.4,302.79,278.38,253.96,356,477,0.75,165.63,19.27,9.93,3.57,2026-03-20,2026-03-22 07:59:09
6665,康聯生醫,20.1,68.73,70.68,39.13,-0.13,-0.09,-0.04,20.84,20.39,19.94,14,7,1.82,9.12,57.43,0.7,3.48,2026-03-20,2026-03-22 07:59:10
6666,羅麗芬-KY,41.3,32.37,22.37,28.12,-0.92,-0.87,-0.05,45.32,42.34,39.37,20,19,1.03,19.57,17.07,2.0,4.84,2026-03-20,2026-03-22 07:59:11
6667,信紘科,248.0,38.11,38.44,35.81,-1.17,-0.85,-0.33,272.71,254.4,236.09,395,334,1.18,122.21,18.16,8.43,3.4,2026-03-20,2026-03-22 07:59:12
6668,中揚光,33.55,24.15,32.2,32.76,-0.89,-0.8,-0.09,37.64,35.43,33.22,218,211,1.03,35.94,,,,2026-03-20,2026-03-22 07:59:13
6669,緯穎,3805.0,21.96,33.39,38.98,-9.9,19.43,-29.33,4293.32,3984.75,3676.18,1308,1842,0.71,7071.24,14.33,74.0,1.94,2026-03-20,2026-03-22 07:59:14
6670,復盛應用,281.0,83.72,79.18,57.72,2.24,1.39,0.85,282.62,271.7,260.78,564,331,1.7,391.68,12.67,19.65,6.99,2026-03-20,2026-03-22 07:59:14
6671,三能-KY,30.45,17.04,18.02,21.65,-1.75,-1.21,-0.54,40.44,34.47,28.5,148,136,1.09,18.5,11.62,2.6,8.54,2026-03-20,2026-03-22 07:59:15
6672,騰輝電子-KY,123.0,85.17,70.3,70.71,3.67,1.35,2.32,114.29,99.69,85.1,10286,4129,2.49,87.87,25.57,3.35,2.72,2026-03-20,2026-03-22 07:59:16
6673,和詮,12.05,60.04,61.59,73.53,0.55,0.26,0.29,11.96,9.95,7.94,2038,1621,1.26,3.18,,,,2026-03-20,2026-03-22 07:59:17
6674,鋐寶科技,19.15,66.48,55.43,41.24,-0.32,-0.38,0.06,20.52,19.23,17.93,9,28,0.31,13.16,,,,2026-03-20,2026-03-22 07:59:18
6676,祥翊,15.1,28.05,24.71,19.1,-0.12,0.09,-0.21,18.43,16.43,14.44,327,202,1.62,22.6,,,,2026-03-20,2026-03-22 07:59:19
6677,瑩碩生技,20.1,32.41,24.47,40.63,-0.01,0.05,-0.07,21.65,20.17,18.69,32,29,1.08,11.23,,,,2026-03-20,2026-03-22 07:59:21
6679,鈺太,253.0,70.9,76.09,59.62,15.69,14.91,0.78,270.33,232.07,193.82,567,660,0.86,134.82,37.32,9.17,3.62,2026-03-20,2026-03-22 07:59:22
6680,鑫創電子,57.5,29.17,28.72,9.71,-1.91,-1.46,-0.45,68.58,61.9,55.22,10,10,0.98,13.75,,3.05,5.3,2026-03-20,2026-03-22 07:59:23
6682,華旭先進,33.95,44.94,54.03,48.12,2.38,2.5,-0.12,42.84,32.68,22.52,1422,1840,0.77,49.94,,,,2026-03-20,2026-03-22 07:59:24
6683,雍智科技,1285.0,83.46,80.45,74.47,152.98,134.97,18.02,1315.1,982.45,649.8,451,284,1.59,354.11,84.76,10.0,0.78,2026-03-20,2026-03-22 07:59:26
6684,安格,45.8,57.9,55.08,43.23,-0.7,-0.91,0.21,48.99,46.01,43.03,258,193,1.33,20.41,29.17,,,2026-03-20,2026-03-22 07:59:27
6689,伊雲谷,83.8,84.58,78.77,68.35,4.49,3.11,1.38,83.77,69.82,55.86,4255,2629,1.62,56.82,36.43,2.0,2.39,2026-03-20,2026-03-22 07:59:28
6690,安碁資訊,171.0,81.56,76.82,52.24,1.57,0.62,0.95,174.38,166.25,158.12,64,59,1.1,51.3,16.86,9.0,5.26,2026-03-20,2026-03-22 07:59:29
6691,洋基工程,611.0,40.75,42.0,35.14,1.58,4.73,-3.15,673.4,625.7,578.0,483,478,1.01,736.85,24.69,16.0,2.62,2026-03-20,2026-03-22 07:59:30
6692,進能服,30.8,45.83,44.69,52.98,0.03,-0.02,0.05,32.12,30.77,29.42,29,34,0.85,18.12,133.91,0.5,1.62,2026-03-20,2026-03-22 07:59:31
6693,廣閎科,105.0,86.97,81.6,66.88,4.19,2.64,1.55,105.97,91.72,77.46,1500,1578,0.95,47.3,33.76,2.0,1.9,2026-03-20,2026-03-22 07:59:32
6695,芯鼎,41.65,63.89,60.23,46.3,-0.4,-0.67,0.26,44.11,41.23,38.35,381,378,1.01,40.18,,,,2026-03-20,2026-03-22 07:59:33
6696,仁新,375.5,21.35,20.64,24.55,-3.54,-0.22,-3.32,422.48,396.5,370.52,576,525,1.1,311.26,,,,2026-03-20,2026-03-22 07:59:34
6697,東捷資訊,44.8,62.31,60.96,48.37,-0.1,-0.34,0.23,46.23,44.5,42.78,72,110,0.66,12.24,14.83,2.6,5.8,2026-03-20,2026-03-22 07:59:35
6698,旭暉應材,32.8,59.42,46.35,40.17,-0.34,-0.54,0.2,35.71,32.31,28.91,471,768,0.61,21.58,,,,2026-03-20,2026-03-22 07:59:36
6703,軒郁,121.0,75.98,79.1,71.19,3.83,2.91,0.93,126.13,112.78,99.42,109,139,0.79,39.61,12.23,9.6,7.93,2026-03-20,2026-03-22 07:59:37
6704,國璽幹細胞,22.75,61.73,49.68,36.07,-0.43,-0.44,0.01,24.25,23.37,22.48,61,106,0.58,21.83,,,,2026-03-20,2026-03-22 07:59:39
6705,振躍精密,72.5,77.76,72.91,70.99,1.02,0.01,1.0,67.2,61.22,55.24,239,78,3.06,13.05,25.17,2.2,3.03,2026-03-20,2026-03-22 07:59:40
6706,惠特,121.0,58.51,53.68,41.84,0.65,0.62,0.03,138.39,122.3,106.21,4177,5472,0.76,95.07,20.13,,,2026-03-20,2026-03-22 07:59:41
6707,富基電通,27.85,74.41,77.49,71.31,2.3,1.52,0.78,31.12,23.53,15.95,1018,1189,0.86,16.43,53.56,,,2026-03-20,2026-03-22 07:59:42
6709,昱厚生技,30.15,31.31,28.73,23.15,-0.28,-0.0,-0.28,35.07,31.64,28.2,42,40,1.03,17.9,,,,2026-03-20,2026-03-22 07:59:45
6712,長聖,141.5,21.78,21.21,34.55,-3.91,-3.93,0.02,156.66,145.72,134.79,193,218,0.89,123.95,24.02,4.66,3.29,2026-03-20,2026-03-22 07:59:47
6715,嘉基,341.5,90.27,93.56,85.95,53.08,43.17,9.9,381.35,239.72,98.1,304,482,0.63,225.53,188.67,3.92,1.15,2026-03-20,2026-03-22 07:59:48
6716,應廣,76.4,47.87,44.5,31.53,3.87,5.33,-1.46,100.36,83.08,65.8,1133,1137,1.0,23.13,35.37,3.38,4.42,2026-03-20,2026-03-22 07:59:49
6719,力智,167.5,43.2,48.18,30.7,-5.37,-5.13,-0.24,191.39,176.62,161.86,235,234,1.0,176.66,26.17,1.7,1.01,2026-03-20,2026-03-22 07:59:51
6720,久昌,166.5,65.09,53.39,44.92,3.79,4.81,-1.01,176.03,166.19,156.34,65,141,0.46,49.91,43.25,3.5,2.1,2026-03-20,2026-03-22 07:59:52
6722,輝創,39.4,41.01,49.67,36.48,-1.54,-1.77,0.23,43.39,41.0,38.61,71,55,1.29,34.83,13.63,1.5,3.81,2026-03-20,2026-03-22 07:59:53
6723,傑智環境,39.1,58.44,61.94,34.0,-1.16,-1.33,0.17,41.66,39.86,38.06,42,100,0.42,11.75,13.77,,,2026-03-20,2026-03-22 07:59:55
6725,矽科宏晟,232.5,58.96,54.92,44.73,-4.98,-6.3,1.32,259.8,235.3,210.8,118,201,0.59,86.33,18.05,8.0,3.44,2026-03-20,2026-03-22 07:59:56
6727,亞泰金屬,293.0,86.17,83.46,71.81,27.82,18.95,8.87,311.44,230.05,148.66,492,1264,0.39,78.77,43.09,3.0,1.02,2026-03-20,2026-03-22 07:59:58
6728,上洋,123.0,12.45,19.05,6.45,-3.08,-2.26,-0.81,138.35,130.93,123.5,38,40,0.95,37.04,12.8,8.0,6.5,2026-03-20,2026-03-22 07:59:59
6729,機光科技,70.0,59.99,57.96,55.4,5.75,4.9,0.84,74.53,60.37,46.21,372,609,0.61,17.61,100.0,0.95,1.36,2026-03-20,2026-03-22 08:00:01
6730,常廣,36.0,45.66,42.12,44.19,-0.25,-0.17,-0.07,37.42,36.51,35.59,32,16,1.9,13.11,17.06,1.0,2.78,2026-03-20,2026-03-22 08:00:02
6732,昇佳電子,157.0,14.37,22.21,31.9,-4.01,-3.03,-0.98,178.93,167.47,156.02,153,206,0.74,76.79,24.08,10.0,6.37,2026-03-20,2026-03-22 08:00:04
6733,博晟生醫,34.55,16.06,24.87,36.75,-0.59,-0.49,-0.1,37.68,35.97,34.26,271,197,1.38,43.09,,,,2026-03-20,2026-03-22 08:00:05
6734,安盛生,6.29,25.69,22.78,36.64,-0.38,-0.29,-0.09,8.35,7.01,5.66,19,80,0.24,2.56,,,,2026-03-20,2026-03-22 08:00:07
6735,美達科技,56.5,60.08,49.47,30.46,-1.28,-1.41,0.12,62.43,57.17,51.91,30,30,0.99,26.09,176.56,1.8,3.19,2026-03-20,2026-03-22 08:00:08
6737,秀育,35.85,20.56,25.4,17.11,-1.63,-1.28,-0.35,44.58,39.91,35.24,42,27,1.54,21.53,5.64,1.6,4.46,2026-03-20,2026-03-22 08:00:10
6738,鼎��,73.0,63.19,59.0,38.24,-0.63,-0.7,0.07,75.87,74.02,72.17,58,56,1.03,27.1,,,,2026-03-20,2026-03-22 08:00:11
6739,竹陞科技,1200.0,78.35,75.4,60.87,89.07,74.17,14.9,1266.31,1043.2,820.09,561,820,0.68,280.03,74.63,5.0,0.42,2026-03-20,2026-03-22 08:00:12
6741,91APP*-KY,61.0,58.83,60.51,45.81,-1.32,-1.73,0.41,64.88,61.87,58.85,246,490,0.5,69.85,13.86,1.74,2.85,2026-03-20,2026-03-22 08:00:14
6742,澤米,42.1,59.6,61.03,44.25,-0.58,-0.75,0.17,45.99,42.54,39.09,224,327,0.69,29.68,,0.3,0.71,2026-03-20,2026-03-22 08:00:15
6743,安普新,24.8,52.42,40.83,39.26,-0.62,-0.74,0.12,27.73,25.18,22.63,308,258,1.19,36.58,103.33,1.5,6.05,2026-03-20,2026-03-22 08:00:16
6744,豐技生技,14.7,17.39,17.67,18.18,-0.64,-0.44,-0.21,18.28,16.28,14.29,26,13,1.93,2.26,14.55,0.95,6.46,2026-03-20,2026-03-22 08:00:18
6748,亞果生醫,60.2,30.55,40.4,43.75,-0.86,-0.68,-0.18,66.3,62.38,58.47,157,338,0.47,42.87,,,,2026-03-20,2026-03-22 08:00:19
6750,泰創工程,72.8,68.78,60.1,58.24,4.28,4.1,0.17,77.38,65.53,53.68,769,561,1.37,32.55,18.67,2.0,2.75,2026-03-20,2026-03-22 08:00:20
6751,智聯服務,54.0,52.56,42.95,41.21,-1.2,-1.32,0.12,57.93,54.39,50.84,10,25,0.4,11.99,10.42,3.0,5.56,2026-03-20,2026-03-22 08:00:22
6752,叡揚,116.5,51.58,54.4,37.14,-0.42,-0.6,0.18,124.05,117.75,111.45,47,32,1.44,43.27,15.85,4.5,3.86,2026-03-20,2026-03-22 08:00:23
6753,龍德造船,130.5,30.45,33.07,26.67,-2.91,-1.92,-0.99,156.92,140.1,123.28,481,583,0.83,153.0,22.81,1.25,0.96,2026-03-20,2026-03-22 08:00:25
6754,匯僑設計,44.55,77.34,78.37,52.21,0.13,-0.2,0.33,46.65,43.93,41.21,18,25,0.71,29.4,12.14,4.0,8.98,2026-03-20,2026-03-22 08:00:26
6755,連鋐科技,15.95,50.84,51.96,55.75,-0.35,-0.52,0.17,17.72,15.67,13.62,12,75,0.16,6.35,12.18,,,2026-03-20,2026-03-22 08:00:27
6756,威鋒電子,77.1,57.52,58.99,45.83,-0.79,-1.1,0.31,83.04,77.11,71.18,212,221,0.96,53.93,70.09,0.9,1.17,2026-03-20,2026-03-22 08:00:28
6757,台灣虎航,52.9,62.9,52.45,25.37,-3.31,-3.3,-0.01,67.88,56.98,46.08,559,928,0.6,243.09,9.87,6.05,11.44,2026-03-20,2026-03-22 08:00:29
6758,冠亞,40.0,76.83,77.07,45.9,0.39,0.41,-0.01,41.11,39.59,38.08,0,0,0.0,5.39,54.05,1.0,2.5,2026-03-20,2026-03-22 08:00:31
6761,穩得,164.0,57.12,59.36,50.0,5.89,5.75,0.14,175.35,160.62,145.9,1126,1613,0.7,57.04,22.94,6.0,3.66,2026-03-20,2026-03-22 08:00:32
6762,達亞,170.0,87.95,77.06,62.2,-0.64,-1.41,0.77,174.3,167.03,159.75,5,1,3.22,59.79,257.58,0.3,0.18,2026-03-20,2026-03-22 08:00:34
6763,綠界科技*,48.8,34.21,40.11,35.59,-1.09,-1.1,0.01,53.41,50.64,47.86,323,382,0.85,89.81,11.24,1.65,3.38,2026-03-20,2026-03-22 08:00:36
6767,台微醫,27.9,11.94,21.35,18.75,-0.15,0.07,-0.22,30.51,29.22,27.93,38,36,1.03,10.93,,,,2026-03-20,2026-03-22 08:00:37
6768,志強-KY,95.0,61.99,60.76,43.32,-1.89,-2.46,0.57,104.73,96.4,88.08,505,995,0.51,190.09,12.63,6.18,6.51,2026-03-20,2026-03-22 08:00:38
6770,力積電,75.5,77.73,65.37,50.8,2.91,2.34,0.57,79.64,68.25,56.86,528203,417049,1.27,3196.56,19.36,,,2026-03-20,2026-03-22 08:00:39
6771,平和環保-創,44.3,33.81,36.84,48.76,-0.08,-0.16,0.08,45.06,43.91,42.77,7,13,0.51,13.81,13.42,3.2,7.22,2026-03-20,2026-03-22 08:00:40
6775,穎台科技,23.55,68.28,56.44,62.57,-0.01,-0.49,0.48,24.84,22.14,19.43,198,211,0.94,22.96,,,,2026-03-20,2026-03-22 08:00:42
6776,展碁國際,67.9,81.21,77.52,65.67,2.6,0.88,1.73,70.31,58.87,47.42,4011,5091,0.79,62.18,16.36,3.0,4.42,2026-03-20,2026-03-22 08:00:43
6780,學習王,31.2,20.41,37.98,56.98,0.21,0.23,-0.02,32.34,31.31,30.29,0,1,0.0,5.07,22.13,0.8,2.56,2026-03-20,2026-03-22 08:00:44
6781,AES-KY,1100.0,67.83,50.41,41.49,-38.85,-45.18,6.32,1238.67,1074.25,909.83,1615,770,2.1,939.61,29.59,12.5,1.14,2026-03-20,2026-03-22 08:00:45
6782,視陽,210.0,84.69,82.61,64.46,8.13,6.05,2.08,214.21,192.07,169.94,298,496,0.6,132.3,15.01,5.1,2.43,2026-03-20,2026-03-22 08:00:46
6784,天凱科技,20.5,56.83,44.4,61.93,0.35,0.22,0.13,21.0,18.9,16.81,112,84,1.32,3.78,,,,2026-03-20,2026-03-22 08:00:47
6785,昱展新藥,174.5,39.79,47.16,40.91,-18.56,-19.49,0.93,263.0,202.05,141.1,256,144,1.77,116.57,,0.25,0.14,2026-03-20,2026-03-22 08:00:48
6786,芯測,90.3,61.79,62.9,63.02,5.07,2.85,2.22,99.51,78.21,56.92,763,2104,0.36,27.85,,,,2026-03-20,2026-03-22 08:00:49
6787,晶瑞光,23.05,18.48,24.59,45.74,-0.24,-0.08,-0.16,25.88,24.22,22.56,877,689,1.27,18.66,,,,2026-03-20,2026-03-22 08:00:51
6788,華景電,362.5,67.36,69.86,56.17,11.22,7.14,4.08,380.17,338.62,297.08,2952,2985,0.99,140.43,21.05,10.0,2.76,2026-03-20,2026-03-22 08:00:52
6789,采鈺,348.0,63.9,59.34,41.91,13.67,14.69,-1.02,385.35,336.73,288.1,7362,5035,1.46,1108.33,87.0,3.0,0.86,2026-03-20,2026-03-22 08:00:53
6790,永豐實,39.6,47.95,62.29,43.37,0.32,0.38,-0.06,40.72,39.65,38.57,102,160,0.64,105.78,13.11,2.55,6.44,2026-03-20,2026-03-22 08:00:53
6791,虎門科技,99.5,35.62,44.21,36.96,-1.19,-1.08,-0.11,105.56,102.12,98.69,36,33,1.08,20.74,23.92,3.48,3.5,2026-03-20,2026-03-22 08:00:55
6792,詠業,59.1,32.37,20.55,38.46,0.1,0.54,-0.44,64.0,59.12,54.24,139,113,1.23,27.7,26.74,2.5,4.23,2026-03-20,2026-03-22 08:00:56
6793,天力離岸,6.26,63.35,53.43,40.27,-0.01,0.04,-0.05,6.94,6.37,5.8,178,127,1.4,4.73,,,,2026-03-20,2026-03-22 08:00:57
6794,向榮生技,79.6,30.93,27.3,31.67,-1.91,-1.55,-0.36,91.54,84.05,76.57,27,56,0.48,50.66,,,,2026-03-20,2026-03-22 08:00:58
6796,晉弘,73.1,6.25,9.53,19.64,-3.51,-3.16,-0.36,86.92,79.59,72.25,145,109,1.32,29.41,365.5,0.49,0.67,2026-03-20,2026-03-22 08:00:59
6797,圓點奈米,13.95,59.27,56.44,13.51,-0.38,-0.36,-0.02,15.23,14.53,13.83,30,47,0.65,4.19,,,,2026-03-20,2026-03-22 08:01:00
6798,展逸,37.75,41.11,49.93,35.0,-1.07,-0.97,-0.1,40.52,38.74,36.97,0,2,0.01,7.39,,0.49,1.3,2026-03-20,2026-03-22 08:01:01
6799,來頡,79.0,61.1,62.09,48.17,-0.82,-1.48,0.66,86.42,79.06,71.7,135,257,0.53,33.77,21.76,1.99,2.52,2026-03-20,2026-03-22 08:01:02
6803,崑鼎,294.5,52.81,57.95,41.67,-1.45,-1.39,-0.06,301.15,296.1,291.05,68,82,0.83,213.96,16.0,15.24,5.17,2026-03-20,2026-03-22 08:01:03
6805,富世達,2000.0,68.33,68.75,57.69,-0.08,-0.13,0.05,16.99,16.75,16.51,66,73,0.9,1371.08,64.52,8.0,0.4,2026-03-20,2026-03-22 08:01:04
6806,森崴能源,40.65,54.58,46.06,42.12,-1.12,-1.05,-0.07,45.6,42.28,38.96,836,1351,0.62,111.64,4.51,1.23,3.03,2026-03-20,2026-03-22 08:01:05
6807,峰源-KY,43.45,36.65,32.07,20.0,-0.63,-0.47,-0.16,47.34,44.84,42.34,4,9,0.43,23.46,9.32,4.5,10.36,2026-03-20,2026-03-22 08:01:06
6808,三鼎生技,32.45,11.6,14.61,12.38,-2.48,-2.15,-0.33,43.02,37.7,32.39,183,212,0.86,24.98,17.64,0.53,1.63,2026-03-20,2026-03-22 08:01:07
6810,新穎生醫,17.2,20.5,25.24,32.98,-0.72,-0.66,-0.06,20.54,18.47,16.39,83,101,0.82,8.51,,,,2026-03-20,2026-03-22 08:01:09
6811,宏碁資訊,193.0,62.18,58.9,37.65,-3.1,-3.25,0.15,207.5,197.18,186.85,75,70,1.07,80.0,13.59,10.5,5.44,2026-03-20,2026-03-22 08:01:10
6812,梭特,45.9,43.04,44.33,46.44,-0.66,-0.88,0.23,49.92,46.31,42.7,128,118,1.09,14.05,30.6,,,2026-03-20,2026-03-22 08:01:11
6814,路迦生醫,26.5,69.9,64.86,47.92,-0.52,-0.65,0.13,28.08,26.87,25.65,29,31,0.91,11.16,,,,2026-03-20,2026-03-22 08:01:12
6815,晶鑽生醫,44.0,9.35,12.93,21.98,-4.15,-4.03,-0.12,56.9,49.03,41.15,66,94,0.7,17.38,50.57,0.2,0.45,2026-03-20,2026-03-22 08:01:13
6816,捷智商訊,38.7,85.15,77.07,53.98,-0.08,-0.27,0.2,39.87,37.98,36.09,1,3,0.37,4.71,15.36,2.3,5.94,2026-03-20,2026-03-22 08:01:14
6817,溫士頓,69.9,21.21,20.71,12.14,-3.43,-2.45,-0.98,88.7,78.32,67.94,14,47,0.31,12.87,9.63,7.0,10.01,2026-03-20,2026-03-22 08:01:16
6818,連騰,72.8,82.6,74.68,75.84,4.15,2.2,1.95,65.0,51.3,37.59,1316,649,2.03,18.57,26.38,1.5,2.06,2026-03-20,2026-03-22 08:01:17
6819,眾智,27.0,76.73,66.11,71.33,1.15,0.3,0.84,27.59,22.29,16.99,49,196,0.25,9.17,,,,2026-03-20,2026-03-22 08:01:18
6820,連訊,145.0,61.15,52.95,62.25,15.66,13.7,1.97,169.1,115.09,61.07,250,311,0.81,31.4,41.08,2.0,1.38,2026-03-20,2026-03-22 08:01:19
6821,聯寶,36.65,39.88,42.87,34.55,-0.16,-0.16,-0.0,37.48,36.86,36.23,54,53,1.02,11.15,32.72,0.99,2.7,2026-03-20,2026-03-22 08:01:20
6823,濾能,62.2,31.77,43.53,50.0,-0.51,-0.98,0.47,68.22,62.4,56.58,72,212,0.34,18.96,,,,2026-03-20,2026-03-22 08:01:21
6825,和暢科技,36.25,60.34,60.96,60.22,0.6,0.08,0.52,38.23,33.4,28.56,16,39,0.42,10.33,20.6,0.15,0.41,2026-03-20,2026-03-22 08:01:23
6826,和淞,591.0,80.63,68.66,60.85,10.54,2.87,7.68,579.85,525.25,470.65,1427,771,1.85,505.54,21.92,8.46,1.43,2026-03-20,2026-03-22 08:01:24
6827,巨生醫,11.35,57.89,49.46,46.77,-0.24,-0.27,0.04,12.2,11.43,10.65,15,48,0.31,9.03,,,,2026-03-20,2026-03-22 08:01:25
6829,千附精密,111.5,54.65,52.17,49.32,0.54,0.01,0.53,116.04,110.22,104.41,135,287,0.47,65.97,28.3,5.0,4.48,2026-03-20,2026-03-22 08:01:26
6830,汎銓,450.0,82.7,75.02,75.23,50.22,45.98,4.24,473.31,340.57,207.84,545,541,1.01,233.02,92.02,1.0,0.22,2026-03-20,2026-03-22 08:01:27
6831,邁科,365.0,82.92,70.74,68.77,18.0,13.4,4.6,350.13,305.62,261.12,2047,1333,1.54,247.14,74.04,3.0,0.82,2026-03-20,2026-03-22 08:01:28
6832,金鼎科,61.0,62.0,61.69,61.82,1.84,1.56,0.28,66.11,58.57,51.03,38,74,0.51,16.11,19.43,1.7,2.79,2026-03-20,2026-03-22 08:01:29
6833,太康精密,23.2,55.58,50.65,42.53,-0.27,-0.3,0.03,27.76,23.64,19.53,8,51,0.15,11.59,,,,2026-03-20,2026-03-22 08:01:30
6834,天二科技,31.3,56.37,57.0,50.72,0.13,-0.25,0.38,33.9,30.14,26.39,375,1929,0.19,27.69,62.6,0.5,1.6,2026-03-20,2026-03-22 08:01:31
6835,圓裕,37.8,46.77,53.92,28.57,-0.28,-0.12,-0.16,41.2,39.25,37.31,311,241,1.29,24.85,40.21,2.0,5.29,2026-03-20,2026-03-22 08:01:32
6838,台新藥,26.0,26.57,21.63,37.58,-0.56,-0.54,-0.01,28.72,26.73,24.73,98,191,0.52,39.25,,,,2026-03-20,2026-03-22 08:01:33
6839,開陽能源,13.0,51.33,57.12,68.18,0.13,0.12,0.01,14.1,12.72,11.35,144,58,2.48,10.66,,,,2026-03-20,2026-03-22 08:01:34
6840,東研信超,62.5,80.46,67.62,44.3,-1.16,-1.48,0.32,67.07,61.78,56.5,89,110,0.81,18.95,40.06,0.3,0.48,2026-03-20,2026-03-22 08:01:35
6841,長佳智能,58.2,25.4,26.63,30.19,-2.13,-2.05,-0.08,66.55,61.07,55.6,176,191,0.92,54.97,65.39,1.02,1.75,2026-03-20,2026-03-22 08:01:37
6842,一元素,77.8,81.58,80.42,68.79,5.8,4.9,0.9,80.78,67.1,53.42,253,419,0.6,17.89,85.49,,,2026-03-20,2026-03-22 08:01:38
6843,進典,47.7,29.81,34.28,47.62,-0.78,-0.89,0.11,49.98,47.94,45.9,6,7,0.77,15.89,20.56,2.0,4.19,2026-03-20,2026-03-22 08:01:39
6844,諾貝兒,64.1,78.15,81.45,53.03,-0.96,-1.23,0.27,65.6,64.24,62.88,10,4,2.26,23.99,27.28,5.1,7.96,2026-03-20,2026-03-22 08:01:40
6846,綠茵,70.9,55.62,52.76,43.96,-0.61,-0.67,0.05,73.12,71.58,70.05,49,28,1.71,19.15,15.58,3.6,5.08,2026-03-20,2026-03-22 08:01:42
6847,普瑞博,70.0,17.66,24.5,42.02,-0.81,-0.59,-0.23,75.75,72.2,68.65,5,32,0.15,9.96,,,,2026-03-20,2026-03-22 08:01:43
6848,拉法醫,15.05,39.58,49.97,37.33,-0.27,-0.17,-0.1,16.85,16.05,15.26,19,25,0.76,2.15,11.07,0.3,1.99,2026-03-20,2026-03-22 08:01:44
6849,奇鼎科技,155.5,59.98,63.19,59.28,21.82,23.89,-2.07,214.83,137.17,59.5,1246,1465,0.85,,,,,2026-03-20,2026-03-22 08:01:45
6850,光鼎生技,42.2,13.36,23.5,31.52,-0.31,-0.14,-0.16,44.71,43.48,42.24,1,19,0.07,13.96,65.94,0.3,0.71,2026-03-20,2026-03-22 08:01:47
6854,錼創科技-KY創,143.5,58.93,55.55,50.41,3.43,3.19,0.24,151.94,136.5,121.06,1994,917,2.17,168.0,,,,2026-03-20,2026-03-22 08:01:48
6856,鑫傳,50.8,78.02,76.43,47.06,-0.3,-0.51,0.22,123.39,113.97,104.56,0,6,0.0,14.33,19.39,3.4,6.69,2026-03-20,2026-03-22 08:01:49
6857,宏�硒撢�,98.5,51.96,35.36,42.72,-1.33,-1.49,0.16,102.81,99.37,95.92,0,0,0.0,15.0,,,,2026-03-20,2026-03-22 08:01:51
6858,愛比科技,21.0,20.38,20.08,32.26,-0.68,-0.71,0.03,23.02,21.59,20.17,4,0,5.0,5.72,,,,2026-03-20,2026-03-22 08:01:52
6859,伯特光,126.5,62.64,63.29,60.22,3.95,3.4,0.55,133.27,120.8,108.33,65,117,0.56,52.46,44.39,2.5,1.98,2026-03-20,2026-03-22 08:01:54
6861,睿生光電,156.0,53.57,66.54,62.92,21.36,22.14,-0.77,197.23,138.97,80.71,2520,836,3.01,64.89,41.16,1.8,1.15,2026-03-20,2026-03-22 08:01:55
6862,三集瑞-KY,194.0,58.42,57.44,36.51,3.86,3.94,-0.09,225.09,197.38,169.66,621,1142,0.54,97.0,23.52,6.0,3.09,2026-03-20,2026-03-22 08:01:56
6863,永道-KY,90.1,34.74,31.63,21.07,-5.73,-5.46,-0.27,120.05,99.34,78.62,79,93,0.84,67.47,30.03,5.5,6.1,2026-03-20,2026-03-22 08:01:58
6864,元樟生技,68.5,80.45,59.39,51.41,-2.48,-4.07,1.59,74.88,61.02,47.17,96,81,1.18,25.69,,,,2026-03-20,2026-03-22 08:01:59
6865,偉康科技,35.25,67.29,56.74,48.63,-2.13,-2.5,0.37,41.48,36.24,31.01,4,14,0.29,5.51,23.34,1.4,3.97,2026-03-20,2026-03-22 08:02:01
6867,坦德科技,21.65,22.89,22.26,24.58,-0.7,-0.44,-0.26,26.02,23.16,20.3,22,14,1.57,7.58,,3.59,16.58,2026-03-20,2026-03-22 08:02:02
6868,采威國際,25.5,69.12,68.97,53.28,0.07,-0.05,0.12,26.04,24.98,23.93,8,23,0.35,6.39,26.02,1.2,4.71,2026-03-20,2026-03-22 08:02:04
6869,雲豹能源,97.3,7.62,15.96,29.67,-1.74,-0.31,-1.42,114.37,105.3,96.23,693,830,0.84,129.81,10.7,5.01,5.15,2026-03-20,2026-03-22 08:02:05
6870,騰雲,195.0,53.87,59.54,56.25,-1.04,-2.44,1.4,205.95,192.15,178.35,101,79,1.28,45.53,28.63,4.22,2.16,2026-03-20,2026-03-22 08:02:06
6872,浩宇生醫,17.35,29.18,26.98,26.37,-0.67,-0.6,-0.07,20.44,18.43,16.41,22,64,0.35,12.27,,,,2026-03-20,2026-03-22 08:02:08
6873,泓德能源,99.0,33.27,31.55,35.51,-3.24,-2.83,-0.41,111.55,102.69,93.83,1399,675,2.07,139.84,27.65,4.61,4.66,2026-03-20,2026-03-22 08:02:09
6874,倍力,88.1,75.41,81.18,80.82,6.05,4.29,1.76,94.44,76.32,58.2,73,205,0.36,19.0,28.51,4.04,4.59,2026-03-20,2026-03-22 08:02:10
6875,國邑*,39.1,44.41,57.34,47.1,-1.11,-1.42,0.31,42.31,40.39,38.47,188,163,1.15,50.47,,,,2026-03-20,2026-03-22 08:02:12
6876,朗齊生醫*,23.4,61.15,66.8,62.96,0.51,0.31,0.19,24.6,22.66,20.72,265,749,0.35,11.28,,,,2026-03-20,2026-03-22 08:02:13
6877,鏵友益,116.0,71.18,68.33,57.66,7.33,6.28,1.05,130.43,104.88,79.34,1977,768,2.57,54.48,196.61,0.1,0.09,2026-03-20,2026-03-22 08:02:14
6878,歐付寶,11.65,68.36,60.34,45.35,-0.45,-0.59,0.14,13.26,11.81,10.36,11,20,0.55,8.46,,,,2026-03-20,2026-03-22 08:02:15
6879,大江基因,36.5,79.07,65.58,42.11,-0.19,-0.29,0.1,39.48,36.37,33.27,3,4,0.75,9.66,24.01,2.0,5.48,2026-03-20,2026-03-22 08:02:16
6881,潤德,241.0,91.32,84.2,79.55,3.34,1.63,1.7,242.89,230.53,218.16,0,31,0.0,36.15,12.42,15.0,6.22,2026-03-20,2026-03-22 08:02:17
6882,甲尚,13.3,19.83,27.81,32.76,-0.88,-0.54,-0.34,18.52,15.93,13.35,237,148,1.59,3.09,,0.5,3.76,2026-03-20,2026-03-22 08:02:19
6883,微電能源,14.7,43.69,42.66,15.45,-3.93,-4.37,0.44,21.5,17.47,13.44,21,12,1.77,11.21,,,,2026-03-20,2026-03-22 08:02:20
6884,海柏特,34.15,22.19,27.67,16.87,-0.81,-0.91,0.1,36.45,35.18,33.91,16,17,0.92,6.28,16.99,1.5,4.39,2026-03-20,2026-03-22 08:02:21
6885,全福生技,23.95,21.5,24.88,13.48,-0.93,-0.81,-0.12,29.17,26.05,22.93,337,280,1.2,31.9,,,,2026-03-20,2026-03-22 08:02:22
6886,遠東生技,49.45,57.65,60.18,52.49,-0.03,0.09,-0.12,51.1,49.76,48.41,4,3,1.16,15.71,26.88,1.0,2.02,2026-03-20,2026-03-22 08:02:23
6887,寶綠特-KY,42.6,26.53,32.52,27.75,-3.39,-3.49,0.1,50.83,45.79,40.75,2,15,0.15,31.57,5.69,3.96,9.3,2026-03-20,2026-03-22 08:02:24
6890,來億-KY,172.5,61.37,46.07,30.17,-13.25,-14.86,1.61,211.56,181.45,151.34,1064,907,1.17,430.22,12.3,9.0,5.22,2026-03-20,2026-03-22 08:02:25
6891,樂迦再生,25.05,20.33,31.09,35.97,-0.58,-0.53,-0.05,27.79,26.21,24.62,169,142,1.19,,,,,2026-03-20,2026-03-22 08:02:26
6892,台寶生醫,27.5,47.38,43.33,33.33,-0.31,-0.26,-0.05,29.37,28.21,27.05,67,81,0.82,25.47,,,,2026-03-20,2026-03-22 08:02:27
6894,衛司特,369.5,81.15,81.01,70.83,31.47,25.31,6.16,384.97,306.55,228.13,200,392,0.51,87.94,33.9,8.5,2.3,2026-03-20,2026-03-22 08:02:28
6895,宏碩系統,165.5,58.56,46.81,40.69,-5.51,-6.2,0.7,181.75,165.1,148.45,175,78,2.24,56.44,45.84,2.9,1.75,2026-03-20,2026-03-22 08:02:30
6898,程曦資訊,114.5,46.5,44.71,37.04,-2.22,-1.72,-0.5,128.9,117.92,106.95,13,20,0.65,33.22,21.24,3.46,3.02,2026-03-20,2026-03-22 08:02:31
6899,創為精密,50.7,39.04,45.38,44.9,-0.39,-0.43,0.03,51.71,51.04,50.38,8,12,0.65,21.24,14.2,2.43,4.79,2026-03-20,2026-03-22 08:02:32
6901,鑽石投資,14.1,6.84,9.96,20.0,-0.7,-0.58,-0.12,18.02,15.62,13.22,472,522,0.9,120.24,,,,2026-03-20,2026-03-22 08:02:33
6902,GOGOLOOK,76.8,35.99,43.29,56.82,-0.1,-0.15,0.05,79.64,76.98,74.31,27,28,0.95,27.16,48.92,,,2026-03-20,2026-03-22 08:02:34
6903,巨漢,304.5,58.67,62.51,52.05,12.35,12.23,0.12,329.83,295.7,261.57,1313,1505,0.87,200.51,43.31,8.0,2.63,2026-03-20,2026-03-22 08:02:35
6904,伯鑫,124.5,91.56,89.51,50.0,0.01,0.14,-0.14,127.43,124.9,122.37,0,0,0.0,23.03,22.97,5.0,4.02,2026-03-20,2026-03-22 08:02:36
6906,現觀科,68.7,39.06,43.38,31.88,-1.92,-1.92,0.01,77.77,71.82,65.87,46,26,1.75,22.15,36.74,3.33,4.85,2026-03-20,2026-03-22 08:02:37
6908,宏�砦C戲,69.9,90.04,83.92,72.31,1.68,0.64,1.04,68.84,62.12,55.4,33,29,1.14,24.47,48.54,1.24,1.77,2026-03-20,2026-03-22 08:02:40
6909,創控,45.85,77.8,75.74,58.33,1.03,0.3,0.73,48.52,42.55,36.58,1104,2249,0.49,30.82,46.31,1.0,2.18,2026-03-20,2026-03-22 08:02:41
6910,德鴻,30.3,65.08,61.11,40.18,-0.67,-0.86,0.19,33.08,30.64,28.21,157,119,1.32,9.25,15.3,1.75,5.78,2026-03-20,2026-03-22 08:02:42
6911,群運,32.35,35.79,33.11,29.32,-0.78,-0.78,0.0,35.66,33.34,31.02,39,52,0.76,7.25,15.78,2.0,6.18,2026-03-20,2026-03-22 08:02:43
6912,益鈞環科*,19.3,30.67,28.03,63.16,0.28,0.4,-0.12,21.13,19.29,17.45,248,272,0.91,27.79,,,,2026-03-20,2026-03-22 08:02:44
6913,鴻呈,113.5,64.12,53.72,47.5,-1.06,-1.51,0.44,124.86,114.35,103.84,211,356,0.59,,,,,2026-03-20,2026-03-22 08:02:46
6914,阜爾運通,150.0,73.73,72.59,66.0,2.0,1.28,0.71,153.45,144.95,136.45,87,97,0.89,99.34,15.66,6.0,4.0,2026-03-20,2026-03-22 08:02:47
6915,美強光,28.9,51.18,54.61,49.66,1.11,0.7,0.4,33.13,28.01,22.89,73,173,0.43,10.2,,,,2026-03-20,2026-03-22 08:02:49
6916,華凌,17.85,31.96,38.64,40.19,-0.13,-0.08,-0.04,19.19,18.25,17.32,28,31,0.89,12.05,,0.28,1.57,2026-03-20,2026-03-22 08:02:50
6917,竟天,22.2,65.04,64.12,50.6,-0.24,-0.42,0.18,24.13,22.12,20.1,138,124,1.11,12.27,,,,2026-03-20,2026-03-22 08:02:52
6918,愛派司,83.8,61.61,69.46,50.83,0.26,0.07,0.19,86.85,83.62,80.38,33,48,0.69,28.55,16.27,5.0,5.97,2026-03-20,2026-03-22 08:02:53
6919,康霈*,101.5,3.77,7.32,14.01,-13.25,-9.54,-3.71,177.8,138.05,98.3,11961,10723,1.12,1576.27,18.9,,,2026-03-20,2026-03-22 08:02:54
6920,恆勁科技,42.05,73.7,75.63,76.96,3.41,2.05,1.36,46.36,34.12,21.88,1232,2342,0.53,87.14,,,,2026-03-20,2026-03-22 08:02:56
6921,嘉雨思-創,73.2,32.75,25.34,39.69,-0.85,0.02,-0.87,84.58,76.07,67.56,50,66,0.75,23.3,209.14,,,2026-03-20,2026-03-22 08:02:57
6922,宸曜,163.0,73.38,65.19,47.79,0.07,-0.95,1.02,173.62,160.5,147.38,45,90,0.5,44.26,23.97,4.79,2.94,2026-03-20,2026-03-22 08:02:59
6923,中台,81.5,13.19,16.59,31.47,-3.24,-2.91,-0.33,96.06,88.35,80.63,356,257,1.38,74.56,26.9,4.02,4.93,2026-03-20,2026-03-22 08:03:00
6924,榮惠-KY創,78.0,87.57,83.85,76.81,3.65,1.61,2.04,81.79,67.15,52.5,12,39,0.31,16.26,13.81,5.5,7.05,2026-03-20,2026-03-22 08:03:01
6925,意藍,76.6,56.56,46.36,53.46,-2.61,-3.57,0.97,80.15,73.84,67.52,301,149,2.02,15.32,24.63,2.0,2.61,2026-03-20,2026-03-22 08:03:03
6926,聖安生醫,66.2,54.85,57.83,47.17,-0.61,-0.57,-0.04,69.3,67.23,65.15,11,16,0.68,32.97,,,,2026-03-20,2026-03-22 08:03:04
6927,聯合聚晶,40.15,55.06,37.24,47.46,-0.73,-0.75,0.03,42.62,39.88,37.14,55,29,1.84,15.37,,0.25,0.62,2026-03-20,2026-03-22 08:03:06
6928,攸泰科技,47.0,25.13,33.05,28.89,-1.12,-0.84,-0.28,54.34,50.29,46.23,104,143,0.73,40.42,,0.5,1.06,2026-03-20,2026-03-22 08:03:07
6929,佑全,31.95,65.96,72.41,50.0,-0.14,-0.24,0.1,33.14,31.99,30.85,5,7,0.71,14.33,,,,2026-03-20,2026-03-22 08:03:09
6931,青松健康,52.0,46.36,42.01,40.43,-1.2,-1.43,0.23,55.85,52.67,49.5,129,355,0.37,34.4,37.41,0.72,1.38,2026-03-20,2026-03-22 08:03:10
6932,水星生醫*,7.89,22.5,28.4,39.29,-0.19,-0.16,-0.03,9.01,8.32,7.64,356,315,1.13,32.63,,,,2026-03-20,2026-03-22 08:03:12
6933,AMAX-KY,129.0,20.78,28.47,42.52,-2.78,-2.67,-0.11,146.04,133.85,121.66,86,97,0.89,54.66,26.27,2.0,1.55,2026-03-20,2026-03-22 08:03:13
6934,心誠鎂,80.0,38.18,30.08,15.61,-15.23,-15.62,0.39,132.35,95.85,59.34,209,145,1.44,28.78,,,,2026-03-20,2026-03-22 08:03:14
6935,王子製藥,29.25,68.94,58.07,52.85,-0.26,-0.39,0.13,29.68,28.42,27.17,9,4,2.27,10.94,,,,2026-03-20,2026-03-22 08:03:16
6936,永鴻生技,34.3,29.28,21.53,26.76,-0.45,-0.38,-0.06,36.83,35.06,33.29,22,40,0.56,24.97,18.85,1.69,4.93,2026-03-20,2026-03-22 08:03:17
6937,天虹,267.0,73.0,76.22,57.53,12.53,10.48,2.05,289.64,250.43,211.21,928,1201,0.77,179.95,65.76,2.1,0.79,2026-03-20,2026-03-22 08:03:18
6938,藍新資訊,85.9,87.5,78.2,48.7,1.66,1.15,0.52,90.66,81.84,73.01,4,12,0.37,10.79,12.52,5.0,5.82,2026-03-20,2026-03-22 08:03:20
6939,啟弘生技,19.25,41.29,31.92,42.37,-0.26,-0.3,0.04,20.08,19.25,18.42,3,18,0.17,6.74,,,,2026-03-20,2026-03-22 08:03:21
6940,格斯科技*,20.7,14.19,23.76,20.16,-1.21,-1.13,-0.09,24.63,22.61,20.6,840,1026,0.82,62.03,,,,2026-03-20,2026-03-22 08:03:23
6944,兆聯實業,826.0,81.36,78.13,61.88,29.81,18.6,11.21,853.27,748.55,643.83,2498,1933,1.29,633.44,28.82,14.0,1.69,2026-03-20,2026-03-22 08:03:24
6945,圓祥生技,184.5,49.42,54.07,57.14,5.91,3.49,2.43,205.35,176.93,148.5,481,1472,0.33,157.88,,,,2026-03-20,2026-03-22 08:03:26
6946,三地能源,12.65,65.63,43.95,60.95,-0.16,-0.31,0.14,12.76,11.5,10.23,294,213,1.38,40.96,,,,2026-03-20,2026-03-22 08:03:27
6947,台鎔科技,77.9,66.8,68.01,49.03,-0.23,-0.49,0.27,82.79,77.81,72.83,111,140,0.79,73.49,216.39,0.6,0.77,2026-03-20,2026-03-22 08:03:29
6949,沛爾生醫-創,569.0,45.84,44.68,24.9,4.25,15.74,-11.48,715.77,612.8,509.83,224,161,1.39,369.12,,,,2026-03-20,2026-03-22 08:03:30
6951,青新-創,79.2,70.17,72.04,65.71,0.9,0.6,0.3,81.07,76.92,72.78,69,95,0.73,36.43,14.8,3.8,4.8,2026-03-20,2026-03-22 08:03:31
6952,大武山,39.8,30.18,28.61,21.01,-0.94,-0.81,-0.12,44.74,41.44,38.14,13,12,1.03,26.8,,2.0,5.03,2026-03-20,2026-03-22 08:03:33
6953,家碩,215.5,52.4,57.87,38.18,-3.26,-3.16,-0.1,236.79,223.28,209.76,37,39,0.94,64.68,27.18,6.0,2.78,2026-03-20,2026-03-22 08:03:34
6955,邦睿生技-創,165.5,47.97,56.68,45.56,0.85,1.33,-0.48,173.15,167.61,162.07,27,18,1.47,41.05,40.17,1.5,0.91,2026-03-19,2026-03-22 08:03:35
6957,裕慶-KY,162.0,35.22,34.7,32.35,-6.18,-5.89,-0.29,183.67,169.6,155.53,54,124,0.43,88.82,14.06,13.16,8.12,2026-03-20,2026-03-22 08:03:37
6958,日盛台駿,17.6,72.01,65.66,45.38,0.34,0.38,-0.04,18.83,17.33,15.84,95,94,1.0,78.02,,0.2,1.14,2026-03-20,2026-03-22 08:03:38
6959,兆捷科技,88.5,62.15,57.03,75.06,2.7,0.81,1.9,85.13,72.45,59.78,374,334,1.12,34.66,,,,2026-03-20,2026-03-22 08:03:40
6961,旅天下,58.8,51.21,67.07,58.39,-0.68,-1.3,0.62,62.41,57.98,53.56,36,42,0.84,15.78,13.9,5.0,8.5,2026-03-20,2026-03-22 08:03:41
6962,奕力-KY,31.15,52.16,42.2,32.91,-1.77,-1.86,0.09,37.83,32.76,27.68,1979,2383,0.83,153.38,10.89,2.0,6.42,2026-03-20,2026-03-22 08:03:43
6963,品元,28.5,8.69,15.05,45.83,-0.93,-0.86,-0.07,31.68,29.67,27.65,1,0,2.17,4.55,40.14,,,2026-03-11,2026-03-22 08:03:44
6965,中傑-KY,83.1,82.7,80.79,53.42,-0.05,-0.38,0.33,86.44,82.33,78.21,36,49,0.74,129.94,23.74,6.0,7.22,2026-03-20,2026-03-22 08:03:46
6967,汎瑋材料,70.0,64.2,66.24,52.24,0.2,-0.39,0.59,72.94,68.33,63.73,227,298,0.76,17.08,17.46,3.7,5.29,2026-03-20,2026-03-22 08:03:47
6968,萬達寵物,48.1,69.96,64.2,50.0,-0.71,-1.02,0.31,50.16,47.87,45.59,38,42,0.91,23.78,19.55,1.0,2.08,2026-03-20,2026-03-22 08:03:49
6969,成信實業*-創,28.1,19.05,17.63,13.89,-0.95,-0.8,-0.15,32.73,29.87,27.01,124,98,1.27,12.32,,,,2026-03-20,2026-03-22 08:03:50
6971,惠民實業,29.85,20.96,27.95,43.4,-0.05,-0.05,0.0,30.35,30.05,29.75,34,38,0.89,11.54,12.39,,,2026-03-20,2026-03-22 08:03:52
6972,博瑞達應材,30.3,44.58,31.51,67.98,0.06,-0.11,0.17,28.65,25.88,23.11,364,94,3.86,,,,,2026-03-20,2026-03-22 08:03:54
6976,育世博-KY,39.4,92.6,86.9,79.02,1.07,0.42,0.66,40.83,35.45,30.06,87,67,1.29,,,,,2026-03-20,2026-03-22 08:03:55
6977,聯純,248.0,78.59,72.61,73.93,15.52,9.23,6.29,246.42,196.28,146.13,389,319,1.22,33.74,26.5,2.0,0.81,2026-03-20,2026-03-22 08:03:57
6979,勝釩,190.0,83.17,71.27,88.74,8.2,1.37,6.83,148.7,108.17,67.65,524,185,2.83,22.8,36.05,,,2026-03-20,2026-03-22 08:03:59
6980,鐳洋科技,134.5,63.13,55.06,44.16,1.16,1.09,0.07,157.21,135.3,113.39,188,281,0.67,39.0,,,,2026-03-20,2026-03-22 08:04:00
6982,大井泵浦,52.9,40.15,36.0,34.68,-2.06,-2.13,0.08,60.88,55.26,49.63,76,80,0.95,21.52,881.67,2.1,3.97,2026-03-20,2026-03-22 08:04:02
6983,華洋精機,534.0,93.07,91.73,79.33,81.48,60.07,21.4,555.72,328.27,100.83,312,316,0.99,84.91,90.2,,,2026-03-20,2026-03-22 08:04:04
6984,ACPAY,24.5,47.29,35.12,35.63,-0.71,-0.62,-0.09,28.39,25.44,22.49,0,4,0.0,4.71,204.17,,,2026-03-20,2026-03-22 08:04:05
6986,和迅,60.0,88.46,77.3,68.24,-0.01,-1.11,1.1,60.92,54.99,49.07,162,103,1.57,27.6,24.59,,,2026-03-20,2026-03-22 08:04:07
6987,寶晶能源*,21.05,56.58,56.89,37.66,-0.0,-0.07,0.06,22.36,20.89,19.42,70,58,1.2,46.72,30.07,0.52,2.47,2026-03-20,2026-03-22 08:04:09
6988,威力暘-創,14.3,25.67,30.34,38.55,-0.83,-0.71,-0.12,18.73,15.52,12.32,49,32,1.52,6.64,,0.45,3.15,2026-03-20,2026-03-22 08:04:10
6990,華鉬,56.3,89.49,74.88,93.15,4.14,0.95,3.19,41.59,24.09,6.6,896,464,1.93,,,,,2026-03-20,2026-03-22 08:04:11
6994,富威電力,77.2,9.68,17.94,38.6,-3.11,-2.27,-0.84,97.46,84.55,71.64,375,747,0.5,55.86,12.47,0.95,1.23,2026-03-20,2026-03-22 08:04:13
6995,野獸國,57.2,52.87,44.61,48.62,-0.34,-0.41,0.07,58.4,57.21,56.01,41,25,1.58,14.49,42.69,0.15,0.26,2026-03-20,2026-03-22 08:04:14
6996,力領科技,169.5,38.81,47.89,50.41,2.0,2.5,-0.49,178.21,169.1,159.99,85,68,1.26,71.2,14.1,10.0,5.9,2026-03-20,2026-03-22 08:04:16
6997,博弘,81.3,4.0,9.22,22.99,-1.78,-1.62,-0.16,88.63,84.32,80.02,6,4,1.26,17.97,15.94,5.0,6.15,2026-03-20,2026-03-22 08:04:18
6999,瀚醫生技,28.9,31.52,36.24,18.62,-0.9,-0.59,-0.32,34.78,32.24,29.71,37,14,2.5,6.36,26.51,0.6,2.08,2026-03-20,2026-03-22 08:04:20
7610,聯友金屬-創,320.0,61.25,64.33,48.02,25.15,28.12,-2.97,347.14,306.15,265.16,1105,1395,0.79,155.52,59.48,0.2,0.06,2026-03-20,2026-03-22 08:04:21
7631,聚賢研發-創,116.0,65.16,67.4,41.38,-1.56,-2.07,0.51,124.52,116.97,109.43,12,18,0.65,23.36,17.96,3.0,2.59,2026-03-20,2026-03-22 08:04:22
7705,三商餐飲,35.4,9.86,15.1,26.15,-1.02,-0.91,-0.11,40.18,37.17,34.15,41,37,1.12,23.39,18.44,3.8,10.73,2026-03-20,2026-03-22 08:04:23
7711,永擎,262.5,81.83,63.07,60.59,2.67,-4.81,7.48,267.91,223.05,178.19,1662,1147,1.45,188.3,20.83,,,2026-03-20,2026-03-22 08:04:25
7717,萊德光電-KY,714.0,77.5,58.37,35.28,23.75,27.91,-4.16,859.73,688.3,516.87,145,158,0.92,156.05,117.63,,,2026-03-20,2026-03-22 08:04:26
7721,微程式,48.2,19.4,27.54,25.54,-0.07,0.29,-0.36,55.51,50.77,46.04,47,84,0.56,26.69,87.64,2.0,4.15,2026-03-20,2026-03-22 08:04:27
7722,LINEPAY,323.5,10.08,10.33,20.64,-35.56,-34.41,-1.15,450.13,377.2,304.27,214,270,0.79,219.98,44.87,1.5,0.46,2026-03-20,2026-03-22 08:04:29
7730,暉盛-創,143.0,79.22,82.99,88.37,11.54,9.59,1.94,157.92,122.2,86.49,40,67,0.59,52.62,83.14,1.0,0.7,2026-03-20,2026-03-22 08:04:30
7732,金興精密,36.4,12.37,16.96,38.41,-0.59,-0.49,-0.1,40.11,37.63,35.16,11,25,0.44,23.18,21.04,1.5,4.12,2026-03-20,2026-03-22 08:04:31
7736,虎山,83.0,39.13,43.4,30.34,-1.37,-1.12,-0.25,92.29,86.39,80.48,45,86,0.53,62.73,16.5,3.8,4.58,2026-03-20,2026-03-22 08:04:32
7740,熙特爾-創,192.0,59.9,73.47,59.54,8.91,9.48,-0.57,211.52,189.57,167.63,467,367,1.27,102.14,39.34,,,2026-03-20,2026-03-22 08:04:33
7744,崴寶,474.0,58.87,60.18,41.89,30.18,33.06,-2.87,537.08,461.43,385.77,153,177,0.86,151.68,29.24,5.0,1.05,2026-03-20,2026-03-22 08:04:35
7749,意騰-KY,422.5,56.44,47.83,44.09,-2.43,-5.09,2.66,454.8,414.85,374.9,232,394,0.59,196.4,37.89,,,2026-03-20,2026-03-22 08:04:36
7750,新代,1340.0,78.27,80.39,54.76,85.76,87.66,-1.9,1437.13,1306.5,1175.87,1028,388,2.65,961.42,39.68,16.0,1.19,2026-03-20,2026-03-22 08:04:37
7751,竑騰,1615.0,85.38,82.57,65.87,174.07,137.92,36.15,1665.07,1252.9,840.73,99,664,0.15,434.25,78.74,18.0,1.11,2026-03-20,2026-03-22 08:04:38
7765,中華資安,227.5,13.18,10.86,17.17,-9.63,-8.09,-1.55,273.98,245.18,216.37,51,83,0.61,92.54,19.89,9.22,4.05,2026-03-20,2026-03-22 08:04:40
7769,鴻勁,4105.0,54.65,53.47,44.49,74.97,109.75,-34.78,4788.41,4278.75,3769.09,2541,1548,1.64,7385.02,54.35,22.5,0.55,2026-03-20,2026-03-22 08:04:41
7780,大研生醫*,19.1,5.8,7.39,13.97,-1.17,-0.82,-0.34,26.16,21.58,17.0,2673,2500,1.07,154.71,382.0,0.34,1.78,2026-03-20,2026-03-22 08:04:42
7786,東方風能,136.5,6.74,12.48,24.1,-4.14,-2.85,-1.29,166.09,150.93,135.76,240,269,0.89,239.37,12.47,2.0,1.47,2026-03-20,2026-03-22 08:04:43
7788,松川精密,150.5,29.03,26.93,32.79,-3.66,-1.53,-2.13,190.07,164.35,138.63,324,330,0.98,120.02,41.46,2.5,1.66,2026-03-20,2026-03-22 08:04:45
7791,皇家可口,67.5,76.49,70.56,49.61,-0.61,-1.02,0.41,70.43,66.97,63.52,45,66,0.68,47.25,12.05,,,2026-03-20,2026-03-22 08:04:46
7795,長廣,435.0,68.71,59.57,55.71,12.64,13.37,-0.74,437.11,396.3,355.49,2486,924,2.69,342.9,140.78,2.15,0.49,2026-03-20,2026-03-22 08:04:47
7799,禾榮科,410.5,13.59,12.01,21.32,-15.88,-9.28,-6.6,567.53,463.4,359.27,1474,544,2.71,647.26,42.89,,,2026-03-20,2026-03-22 08:04:48
8011,台通,20.5,54.8,51.96,44.17,-0.22,-0.29,0.06,21.58,20.61,19.63,806,1450,0.56,34.01,7.74,1.4,6.83,2026-03-20,2026-03-22 08:04:50
8016,矽創,201.0,77.57,78.12,56.99,2.69,2.11,0.58,205.75,195.7,185.65,1396,693,2.01,239.08,13.83,12.0,5.97,2026-03-20,2026-03-22 08:04:52
8021,尖點,264.5,74.58,66.14,54.24,10.2,8.25,1.94,275.1,240.78,206.45,37182,23913,1.55,383.64,97.24,1.2,0.45,2026-03-20,2026-03-22 08:04:53
8024,佑華,12.8,56.71,66.3,47.37,-0.03,-0.03,0.01,13.3,12.9,12.51,37,46,0.79,5.78,,,,2026-03-20,2026-03-22 08:04:54
8027,鈦昇,106.5,79.75,78.63,54.0,1.09,-0.44,1.53,113.23,99.37,85.51,2163,2564,0.84,112.08,,,,2026-03-20,2026-03-22 08:04:56
8028,昇陽半導體,185.0,63.7,65.16,50.96,3.4,1.78,1.62,198.04,179.68,161.31,8035,13698,0.59,324.27,44.26,2.2,1.19,2026-03-20,2026-03-22 08:04:57
8032,光菱,35.0,35.61,37.19,39.64,-0.58,-0.56,-0.02,38.34,36.22,34.1,58,64,0.9,18.13,17.95,1.1,3.14,2026-03-20,2026-03-22 08:04:59
8033,雷虎,152.0,71.33,51.82,43.75,-0.45,-0.79,0.33,165.91,149.93,133.94,7090,1916,3.7,232.0,262.07,,,2026-03-20,2026-03-22 08:05:00
8034,榮群,24.7,41.11,37.37,29.88,-0.17,-0.07,-0.1,28.68,25.82,22.97,476,566,0.84,13.89,17.52,1.8,7.29,2026-03-20,2026-03-22 08:05:02
8038,長園科,43.2,72.51,68.84,48.4,-1.06,-1.54,0.48,46.0,42.81,39.61,580,687,0.84,26.9,46.96,,,2026-03-20,2026-03-22 08:05:04
8039,台虹,117.5,55.8,62.85,57.45,7.85,7.01,0.84,135.15,106.68,78.22,21899,24375,0.9,308.94,57.6,2.5,2.13,2026-03-20,2026-03-22 08:05:05
8040,九暘,49.95,62.63,63.03,44.11,0.33,0.31,0.02,52.08,49.38,46.68,265,179,1.48,48.16,,,,2026-03-20,2026-03-22 08:05:07
8042,金山電,56.4,65.51,62.46,42.39,-0.79,-1.2,0.41,62.01,56.26,50.51,1392,1515,0.92,73.02,176.25,1.5,2.66,2026-03-20,2026-03-22 08:05:09
8043,蜜望實,73.3,65.14,63.42,47.04,-1.4,-2.48,1.08,80.46,72.62,64.78,1549,2858,0.54,58.57,43.89,0.8,1.09,2026-03-20,2026-03-22 08:05:10
8044,網家,23.05,5.88,7.53,17.33,-1.41,-1.23,-0.18,29.92,25.63,21.35,580,626,0.93,47.12,,,,2026-03-20,2026-03-22 08:05:12
8045,達運光電,78.0,50.38,43.87,42.37,-0.65,-0.38,-0.27,86.22,79.82,73.41,237,208,1.14,74.13,95.12,1.97,2.53,2026-03-20,2026-03-22 08:05:13
8046,南電,541.0,71.43,66.03,50.0,41.65,38.9,2.75,602.83,499.5,396.17,20107,23308,0.86,3495.76,178.55,1.0,0.18,2026-03-20,2026-03-22 08:05:14
8047,星雲,52.8,48.37,65.87,65.25,1.72,1.36,0.35,59.32,50.59,41.86,179,290,0.62,22.0,,,,2026-03-20,2026-03-22 08:05:16
8048,德勝,60.9,44.73,37.56,36.41,1.04,1.33,-0.29,67.65,60.81,53.96,909,840,1.08,35.14,22.98,2.2,3.61,2026-03-20,2026-03-22 08:05:18
8049,晶采,25.5,43.68,40.94,32.81,-0.22,-0.2,-0.02,26.89,25.88,24.87,67,104,0.65,30.16,15.0,2.0,7.84,2026-03-20,2026-03-22 08:05:19
8050,廣積,41.8,66.17,57.12,47.31,-0.24,-0.36,0.12,42.74,41.45,40.16,291,281,1.04,83.26,29.86,3.18,7.61,2026-03-20,2026-03-22 08:05:21
8054,安國,100.5,36.05,27.4,31.21,-6.8,-6.59,-0.21,126.32,107.77,89.23,4525,2348,1.93,106.3,,,,2026-03-20,2026-03-22 08:05:23
8058,耐特,88.3,55.39,57.67,63.31,4.8,4.74,0.06,97.88,81.99,66.1,249,317,0.78,,,2.0,2.27,2026-03-20,2026-03-22 08:05:25
8059,凱碩,21.2,71.74,54.41,61.58,-0.17,-0.55,0.37,20.38,18.33,16.28,3229,1090,2.96,41.1,,,,2026-03-20,2026-03-22 08:05:26
8064,東捷,64.4,86.18,87.61,72.37,3.91,2.11,1.79,69.07,53.6,38.14,8539,10885,0.78,106.14,47.35,0.6,0.93,2026-03-20,2026-03-22 08:05:28
8066,來思達,19.05,20.65,29.78,21.21,-0.25,-0.18,-0.06,20.35,19.7,19.04,63,42,1.49,6.98,,,,2026-03-20,2026-03-22 08:05:29
8067,志旭,14.35,47.73,54.77,41.98,0.03,0.05,-0.02,15.6,14.86,14.13,6,7,0.89,2.97,,,,2026-03-20,2026-03-22 08:05:30
8068,全達,23.65,67.46,60.11,51.38,-0.32,-0.51,0.2,24.67,22.57,20.48,1617,584,2.77,19.1,14.97,,,2026-03-20,2026-03-22 08:05:31
8069,元太,150.5,16.74,13.92,31.07,-8.23,-6.61,-1.62,198.28,165.55,132.82,9791,9633,1.02,1734.32,16.57,4.99,3.32,2026-03-20,2026-03-22 08:05:32
8070,長華*,43.3,79.31,80.61,52.99,-0.3,-0.55,0.25,44.97,42.87,40.76,2453,2284,1.07,305.38,42.45,1.39,3.21,2026-03-20,2026-03-22 08:05:33
8071,能率網通,16.55,41.34,46.41,44.64,-0.25,-0.26,0.02,17.68,16.88,16.08,128,156,0.82,9.94,,,,2026-03-20,2026-03-22 08:05:34
8072,陞泰,27.95,43.3,41.16,30.0,-0.74,-0.7,-0.04,32.07,29.13,26.19,91,158,0.58,22.36,28.52,1.0,3.58,2026-03-20,2026-03-22 08:05:35
8074,鉅橡,61.1,48.03,45.51,36.52,0.28,0.61,-0.33,70.19,63.63,57.08,3136,3993,0.79,49.48,45.6,1.0,1.64,2026-03-20,2026-03-22 08:05:37
8076,伍豐,26.4,84.33,82.75,68.13,0.85,0.45,0.4,27.42,24.08,20.73,1358,1886,0.72,77.14,188.57,1.1,4.17,2026-03-20,2026-03-22 08:05:38
8077,洛碁,42.0,14.71,20.91,43.24,-0.42,-0.4,-0.01,44.92,42.84,40.77,0,1,0.0,9.22,6.97,2.0,4.76,2026-03-20,2026-03-22 08:05:39
8080,泰霖,29.65,34.02,40.72,35.81,-0.72,-0.73,0.01,32.79,30.86,28.93,61,56,1.09,19.91,148.25,,,2026-03-20,2026-03-22 08:05:40
8081,致新,236.0,60.33,65.11,44.25,1.74,2.61,-0.87,250.31,240.53,230.74,461,401,1.15,202.32,13.3,16.0,6.78,2026-03-20,2026-03-22 08:05:41
8083,瑞穎,170.5,67.56,57.97,38.6,0.05,0.35,-0.3,181.19,172.32,163.46,79,97,0.81,59.9,17.42,10.0,5.87,2026-03-20,2026-03-22 08:05:43
8084,巨虹,45.4,18.96,21.23,26.26,-2.83,-2.21,-0.62,58.74,51.14,43.53,148,153,0.97,31.56,,,,2026-03-20,2026-03-22 08:05:44
8085,福華,16.9,48.12,51.01,36.52,-0.06,-0.03,-0.03,18.57,17.33,16.09,262,373,0.7,23.66,,,,2026-03-20,2026-03-22 08:05:45
8086,宏捷科,132.5,61.57,66.33,55.86,4.53,4.46,0.07,142.64,128.03,113.41,6075,6088,1.0,260.38,39.55,1.19,0.9,2026-03-20,2026-03-22 08:05:46
8087,麗升能源,34.25,64.72,49.51,47.02,0.72,0.83,-0.11,39.02,34.14,29.26,24,41,0.59,13.08,,1.0,2.92,2026-03-20,2026-03-22 08:05:47
8088,品安,58.6,79.34,77.2,59.72,1.41,0.12,1.3,63.26,53.07,42.88,8058,12166,0.66,35.7,34.67,0.5,0.85,2026-03-20,2026-03-22 08:05:49
8089,康全電訊,23.95,37.25,37.72,42.92,-0.81,-0.88,0.08,26.95,24.93,22.91,155,343,0.45,15.81,,1.25,5.22,2026-03-20,2026-03-22 08:05:50
8091,翔名,136.0,62.79,60.9,46.81,0.6,0.9,-0.3,145.5,136.43,127.35,285,236,1.21,69.81,25.66,8.0,5.88,2026-03-20,2026-03-22 08:05:51
8092,建暐,13.4,57.89,48.02,42.86,-0.2,-0.24,0.04,14.28,13.57,12.85,70,97,0.72,7.66,,,,2026-03-20,2026-03-22 08:05:52
8093,保銳,19.2,57.42,62.97,52.07,-0.1,-0.22,0.12,20.36,19.29,18.21,5,20,0.29,7.02,,,,2026-03-20,2026-03-22 08:05:53
8096,擎亞,87.1,82.41,81.03,65.77,6.12,4.5,1.62,90.41,73.28,56.14,40040,41946,0.95,130.08,98.98,0.5,0.57,2026-03-20,2026-03-22 08:05:55
8097,常珵,57.7,70.23,75.01,67.35,0.52,0.07,0.45,60.33,56.14,51.94,197,118,1.67,35.95,,,,2026-03-20,2026-03-22 08:05:56
8098,慶康科技,296.0,84.97,80.4,69.34,12.24,5.56,6.68,292.04,247.35,202.66,168,111,1.5,37.45,20.08,9.0,3.04,2026-03-20,2026-03-22 08:05:57
8099,大世科,60.8,46.56,37.22,43.98,-2.33,-2.53,0.2,69.29,62.56,55.84,156,144,1.09,60.84,24.13,0.71,1.17,2026-03-20,2026-03-22 08:05:59
8101,華冠,14.15,29.65,28.43,42.86,-0.32,-0.23,-0.09,16.26,15.12,13.97,13,7,1.84,6.79,5.53,,,2026-03-20,2026-03-22 08:05:59
8102,傑霖科技,57.0,85.94,71.95,63.58,-0.61,-1.78,1.18,58.05,51.69,45.32,14,28,0.5,13.31,25.56,1.9,3.33,2026-03-20,2026-03-22 08:06:01
8103,瀚荃,85.3,31.54,28.97,31.46,-2.37,-1.8,-0.57,105.21,91.39,77.57,1184,1446,0.82,56.87,21.87,4.87,5.71,2026-03-20,2026-03-22 08:06:02
8104,錸寶,35.15,44.22,35.34,38.55,-0.46,-0.38,-0.07,38.48,35.36,32.24,3697,1248,2.96,36.26,100.43,0.1,0.28,2026-03-20,2026-03-22 08:06:03
8105,凌巨,13.55,79.93,74.7,53.68,0.22,0.09,0.13,13.82,12.83,11.85,2250,3026,0.74,59.83,61.59,0.1,0.74,2026-03-20,2026-03-22 08:06:04
8107,大億金茂,13.4,34.72,36.5,23.81,-0.36,-0.34,-0.03,14.97,13.93,12.89,84,115,0.73,10.05,,1.0,7.46,2026-03-20,2026-03-22 08:06:05
8109,博大,102.0,33.33,27.01,32.5,-1.63,-1.34,-0.3,110.94,104.15,97.37,111,121,0.92,83.8,16.56,4.5,4.41,2026-03-20,2026-03-22 08:06:06
8110,華東,63.2,73.06,61.92,50.0,-1.82,-3.0,1.17,67.57,58.42,49.26,86458,38962,2.22,319.63,25.59,0.2,0.32,2026-03-20,2026-03-22 08:06:07
8111,立碁,65.1,58.33,55.75,38.87,-0.47,-0.48,0.01,72.93,66.82,60.71,3168,3324,0.95,71.03,171.32,0.9,1.38,2026-03-20,2026-03-22 08:06:08
8112,至上,88.3,78.66,82.21,65.13,4.45,2.66,1.79,97.41,78.91,60.42,45441,43158,1.05,461.18,18.59,3.35,3.79,2026-03-20,2026-03-22 08:06:09
8114,振樺電,183.0,70.2,68.14,52.52,0.31,-1.09,1.4,185.36,176.07,166.79,684,603,1.13,139.68,10.05,7.76,4.24,2026-03-20,2026-03-22 08:06:10
8119,公信,7.85,49.42,49.24,54.32,0.06,0.01,0.06,8.25,7.62,6.98,116,226,0.51,4.99,,,,2026-03-20,2026-03-22 08:06:12
8121,越峰,25.15,61.61,52.19,36.56,-0.78,-0.92,0.14,28.51,25.83,23.16,335,379,0.88,53.57,,,,2026-03-20,2026-03-22 08:06:13
8131,福懋科,66.4,65.85,62.54,46.21,-0.42,-0.73,0.31,73.64,66.35,59.05,7965,7174,1.11,293.64,48.82,1.45,2.18,2026-03-20,2026-03-22 08:06:14
8147,正淩,144.5,80.93,71.84,61.39,7.11,5.84,1.27,148.06,132.45,116.84,486,808,0.6,59.36,47.85,1.99,1.38,2026-03-20,2026-03-22 08:06:16
8150,南茂,62.5,65.15,62.1,41.87,1.14,1.09,0.06,69.97,61.86,53.74,15970,15008,1.06,434.64,90.58,1.23,1.97,2026-03-20,2026-03-22 08:06:17
8155,博智,275.0,88.95,81.88,78.02,13.81,5.85,7.95,263.25,211.35,159.45,7768,3341,2.32,153.36,63.22,3.8,1.38,2026-03-20,2026-03-22 08:06:18
8162,微矽電子-創,39.15,51.78,39.03,31.94,0.16,0.24,-0.08,42.19,38.69,35.19,384,185,2.08,26.9,25.1,1.0,2.55,2026-03-20,2026-03-22 08:06:20
8163,達方,28.2,36.72,38.79,30.25,-0.68,-0.65,-0.03,31.57,29.3,27.04,714,739,0.97,77.83,55.29,2.0,7.09,2026-03-20,2026-03-22 08:06:21
8171,天宇,26.4,67.3,62.45,42.54,-0.35,-0.41,0.05,28.74,26.84,24.94,127,113,1.12,29.44,12.94,,,2026-03-20,2026-03-22 08:06:22
8176,智捷,12.9,77.86,77.28,65.77,0.46,0.17,0.29,13.13,11.27,9.4,1426,1629,0.88,8.91,32.25,,,2026-03-20,2026-03-22 08:06:24
8182,加高,26.75,45.01,36.4,32.38,-0.21,-0.17,-0.04,28.51,27.14,25.76,110,117,0.94,28.63,60.8,2.0,7.48,2026-03-20,2026-03-22 08:06:25
8183,精星,35.4,51.52,54.04,37.02,0.57,0.71,-0.14,39.91,36.23,32.55,335,439,0.76,42.75,14.87,1.3,3.67,2026-03-20,2026-03-22 08:06:27
8201,無敵,13.4,51.35,49.9,38.03,-0.21,-0.22,0.01,14.49,13.68,12.87,75,75,1.0,8.36,,,,2026-03-20,2026-03-22 08:06:28
8210,勤誠,912.0,59.49,41.06,45.99,-11.83,-12.91,1.08,955.26,902.35,849.44,2770,2550,1.09,1142.91,32.06,7.49,0.82,2026-03-20,2026-03-22 08:06:30
8213,志超,33.05,14.16,17.63,25.7,-0.62,-0.18,-0.44,39.64,35.93,32.22,1394,966,1.44,87.37,14.69,1.38,4.18,2026-03-20,2026-03-22 08:06:31
8215,明基材,26.85,84.49,74.18,75.2,1.18,0.54,0.64,25.5,21.41,17.32,8909,8576,1.04,86.1,15.0,0.62,2.31,2026-03-20,2026-03-22 08:06:32
8222,寶一,37.5,54.16,47.39,36.09,-0.78,-0.8,0.02,41.42,38.81,36.2,211,226,0.93,25.72,68.18,0.7,1.87,2026-03-20,2026-03-22 08:06:33
8227,巨有科技,127.0,48.63,44.84,37.04,-3.63,-3.73,0.1,143.04,131.47,119.91,360,269,1.34,50.22,61.65,1.6,1.26,2026-03-20,2026-03-22 08:06:35
8234,新漢,65.8,61.71,60.01,41.64,-1.04,-1.59,0.55,73.73,66.78,59.82,591,914,0.65,92.93,168.72,0.6,0.91,2026-03-20,2026-03-22 08:06:37
8240,華宏,56.0,82.89,83.45,74.3,4.23,2.33,1.91,58.93,44.72,30.51,2180,7273,0.3,56.0,26.05,1.6,2.86,2026-03-20,2026-03-22 08:06:38
8249,菱光,50.9,22.99,21.92,25.73,-1.8,-1.37,-0.44,63.5,55.08,46.65,510,747,0.68,68.71,12.79,2.02,3.97,2026-03-20,2026-03-22 08:06:40
8255,朋程,125.5,69.36,68.75,45.98,0.4,0.1,0.31,134.51,125.75,116.99,212,304,0.7,127.76,20.54,4.19,3.34,2026-03-20,2026-03-22 08:06:41
8261,富鼎,107.5,73.17,78.2,60.96,4.76,3.71,1.05,116.29,101.63,86.97,5469,6981,0.78,127.79,18.89,3.19,2.97,2026-03-20,2026-03-22 08:06:42
8271,宇瞻,188.0,84.83,88.52,73.87,21.32,13.96,7.36,212.95,144.25,75.55,2236,6439,0.35,240.88,28.31,2.21,1.18,2026-03-20,2026-03-22 08:06:44
8272,全景軟體,76.6,77.35,67.15,45.0,-0.71,-0.9,0.19,78.62,76.11,73.6,5,11,0.46,14.55,16.65,2.4,3.13,2026-03-20,2026-03-22 08:06:45
8277,商丞,8.45,63.49,55.09,41.61,-0.25,-0.25,-0.0,9.54,8.78,8.02,401,449,0.89,7.74,,,,2026-03-20,2026-03-22 08:06:47
8279,生展,110.0,27.59,25.73,28.57,-3.5,-3.41,-0.09,123.03,114.28,105.52,15,15,0.95,29.81,10.99,5.0,4.55,2026-03-20,2026-03-22 08:06:49
8284,三竹,63.9,77.25,70.52,59.09,0.27,0.02,0.24,64.69,62.73,60.77,11,14,0.76,30.25,13.54,4.0,6.26,2026-03-20,2026-03-22 08:06:51
8289,泰藝,34.8,49.96,51.87,40.71,2.37,2.61,-0.24,41.55,34.71,27.88,1097,1389,0.79,23.78,,0.3,0.86,2026-03-20,2026-03-22 08:06:52
8291,尚茂,14.0,39.26,33.94,38.1,-0.73,-0.72,-0.01,17.07,14.83,12.58,2,5,0.42,2.45,,,,2026-03-20,2026-03-22 08:06:54
8298,威睿,29.5,39.67,41.05,42.86,0.01,0.23,-0.23,33.35,30.97,28.59,5,10,0.52,7.56,184.38,0.2,0.68,2026-03-20,2026-03-22 08:06:55
8299,群聯,1915.0,68.27,67.23,49.79,17.42,5.57,11.85,2085.31,1862.0,1638.69,11412,9162,1.25,4173.95,48.08,31.31,1.63,2026-03-20,2026-03-22 08:06:57
8329,台視,10.0,31.54,25.96,42.86,-0.05,-0.05,0.0,10.27,10.09,9.92,18,109,0.16,28.06,2.67,0.75,7.5,2026-03-20,2026-03-22 08:06:59
8341,日友,77.4,53.66,51.03,39.85,-0.28,-0.33,0.05,79.82,77.56,75.3,261,196,1.33,100.62,17.35,3.8,4.91,2026-03-20,2026-03-22 08:07:00
8342,益張,84.0,83.02,61.25,23.08,-0.42,-0.4,-0.02,87.4,84.72,82.05,0,0,,28.17,13.25,5.0,5.95,2026-03-20,2026-03-22 08:07:01
8345,超秦,53.4,62.74,61.64,51.85,0.5,0.47,0.04,55.17,52.82,50.46,32,15,2.06,27.77,11.76,1.0,1.87,2026-03-20,2026-03-22 08:07:03
8349,恒耀,42.8,84.87,80.52,61.79,0.06,-0.34,0.4,44.35,41.26,38.17,102,202,0.51,89.38,20.0,1.82,4.25,2026-03-20,2026-03-22 08:07:05
8354,冠好,15.4,72.56,70.46,50.0,-0.03,-0.07,0.04,15.64,15.31,14.99,35,49,0.71,12.09,,0.6,3.9,2026-03-20,2026-03-22 08:07:07
8358,金居,245.5,64.71,56.73,36.05,-2.94,-4.19,1.26,305.38,260.25,215.12,26176,7657,3.42,619.87,58.45,1.5,0.61,2026-03-20,2026-03-22 08:07:08
8359,錢櫃,74.5,78.96,78.6,88.89,1.19,0.35,0.84,68.43,62.57,56.71,408,110,3.7,101.69,14.08,6.0,8.05,2026-03-20,2026-03-22 08:07:10
8367,建新國際,45.85,46.28,50.3,60.27,0.64,0.65,-0.01,47.07,45.28,43.48,31,51,0.61,42.26,12.1,2.85,6.22,2026-03-20,2026-03-22 08:07:11
8374,羅昇,70.6,34.17,37.43,25.43,-3.58,-3.16,-0.43,91.16,78.3,65.45,286,241,1.19,79.25,,0.45,0.64,2026-03-20,2026-03-22 08:07:12
8383,千附,44.5,83.38,78.28,65.59,0.78,0.33,0.45,44.99,41.86,38.74,605,1022,0.59,50.2,13.17,2.5,5.62,2026-03-20,2026-03-22 08:07:14
8390,金益鼎,94.2,37.31,48.29,39.85,-0.39,0.2,-0.59,106.19,99.08,91.98,769,890,0.86,90.54,15.34,2.5,2.65,2026-03-20,2026-03-22 08:07:15
8401,白紗科,26.9,28.77,28.28,28.0,-0.61,-0.47,-0.14,30.24,28.04,25.83,61,75,0.82,19.01,10.27,1.2,4.46,2026-03-20,2026-03-22 08:07:16
8403,盛弘,22.6,18.32,17.04,32.56,-0.28,-0.24,-0.03,23.86,23.03,22.19,100,128,0.78,31.11,21.94,0.5,2.21,2026-03-20,2026-03-22 08:07:18
8404,百和興業-KY,19.35,8.86,6.86,6.1,-1.04,-0.85,-0.19,24.81,21.58,18.34,816,891,0.92,81.26,15.12,0.15,0.78,2026-03-20,2026-03-22 08:07:19
8409,商之器,20.85,50.41,39.05,50.0,-0.13,-0.17,0.04,21.13,20.57,20.01,81,31,2.6,6.67,86.88,,,2026-03-20,2026-03-22 08:07:20
8410,森田,37.2,81.29,76.19,50.63,-0.05,-0.14,0.09,38.18,36.95,35.72,57,44,1.28,13.61,11.48,3.0,8.06,2026-03-20,2026-03-22 08:07:21
8411,福貞-KY,12.25,68.5,65.3,42.86,0.03,0.02,0.0,12.63,12.31,11.99,109,84,1.29,26.75,21.88,0.05,0.41,2026-03-20,2026-03-22 08:07:22
8415,大國鋼,33.65,33.74,39.0,38.71,-0.1,-0.07,-0.03,34.32,33.9,33.48,577,541,1.07,339.69,11.03,1.5,4.46,2026-03-20,2026-03-22 08:07:24
8416,實威,170.0,64.99,54.71,45.16,-2.18,-2.67,0.5,175.66,170.28,164.89,3,3,1.03,47.96,13.44,8.0,4.71,2026-03-20,2026-03-22 08:07:25
8421,旭源,13.8,52.01,51.21,59.26,0.14,0.1,0.04,13.91,13.44,12.97,69,75,0.91,7.39,,,,2026-03-20,2026-03-22 08:07:26
8422,可寧衛*,29.15,17.8,21.8,27.98,-1.46,-1.33,-0.13,35.43,31.82,28.2,23177,14073,1.65,331.38,26.26,0.99,3.4,2026-03-20,2026-03-22 08:07:27
8423,保綠-KY,19.1,54.56,44.43,52.63,0.07,0.05,0.02,19.52,18.71,17.9,215,66,3.24,7.97,26.16,0.6,3.14,2026-03-20,2026-03-22 08:07:29
8424,惠普,74.5,12.62,22.0,25.0,0.22,0.38,-0.16,76.62,74.94,73.26,9,14,0.63,26.86,13.93,4.4,5.91,2026-03-20,2026-03-22 08:07:30
8426,紅木-KY,25.7,29.35,34.01,29.23,-0.45,-0.42,-0.03,27.99,26.53,25.08,36,65,0.55,12.91,13.89,2.5,9.73,2026-03-20,2026-03-22 08:07:32
8429,金麗-KY,7.05,19.13,17.34,29.87,-0.12,-0.11,-0.0,7.49,7.2,6.91,160,274,0.58,13.1,58.75,,,2026-03-20,2026-03-22 08:07:33
8431,匯鑽科,69.1,67.12,65.91,48.72,1.56,1.13,0.44,74.95,67.62,60.3,2426,2781,0.87,32.65,,0.09,0.13,2026-03-20,2026-03-22 08:07:35
8432,東生華,51.5,40.92,34.32,20.34,-1.15,-1.17,0.02,56.61,52.94,49.28,27,27,0.99,19.77,14.23,2.12,4.12,2026-03-20,2026-03-22 08:07:36
8433,弘帆,61.3,85.29,79.5,71.08,1.48,0.85,0.63,61.57,56.5,51.42,100,167,0.6,33.41,20.1,4.2,6.85,2026-03-20,2026-03-22 08:07:38
8435,鉅邁,58.0,64.29,51.53,40.0,0.58,0.66,-0.08,59.58,57.25,54.92,62,40,1.55,20.42,15.98,3.2,5.52,2026-03-20,2026-03-22 08:07:39
8436,大江,122.5,51.58,43.3,36.07,-3.65,-3.46,-0.19,139.17,126.92,114.68,412,488,0.84,134.97,14.21,10.0,8.16,2026-03-20,2026-03-22 08:07:41
8437,大地-KY,13.15,8.51,9.91,15.09,-0.76,-0.68,-0.08,16.16,14.29,12.41,28,70,0.4,6.18,1.44,1.02,7.76,2026-03-20,2026-03-22 08:07:43
8438,昶昕,65.0,24.92,29.12,39.07,1.62,2.69,-1.07,75.22,65.35,55.49,2421,2153,1.12,45.46,39.63,1.3,2.0,2026-03-20,2026-03-22 08:07:44
8440,綠電,24.1,14.45,21.67,30.0,-0.47,-0.44,-0.03,25.96,24.85,23.73,133,109,1.22,12.11,77.74,0.15,0.62,2026-03-20,2026-03-22 08:07:45
8442,威宏-KY,54.1,9.48,12.09,19.52,-3.4,-2.55,-0.85,71.83,62.7,53.57,139,149,0.93,37.96,13.46,6.41,11.85,2026-03-20,2026-03-22 08:07:47
8443,阿瘦,11.8,62.61,68.32,47.62,0.09,0.11,-0.02,11.99,11.81,11.62,34,31,1.11,7.88,,0.2,1.69,2026-03-20,2026-03-22 08:07:48
8444,綠河-KY,8.6,25.21,20.97,31.41,-0.46,-0.47,0.02,10.11,9.1,8.08,22,219,0.1,9.46,,,,2026-03-20,2026-03-22 08:07:50
8446,華研,99.0,85.1,84.7,70.83,0.95,0.57,0.39,99.1,95.96,92.82,160,147,1.09,52.38,9.64,8.0,8.08,2026-03-20,2026-03-22 08:07:51
8450,霹靂,17.2,68.19,60.23,53.33,0.01,-0.0,0.02,17.26,17.04,16.83,142,104,1.37,8.83,,,,2026-03-20,2026-03-22 08:07:53
8454,富邦媒,178.0,43.99,39.51,32.89,-4.04,-4.43,0.38,194.66,182.38,170.09,585,526,1.11,471.66,15.77,12.19,6.85,2026-03-20,2026-03-22 08:07:54
8455,大拓-KY,21.5,30.06,42.58,50.81,0.08,0.19,-0.11,23.35,21.92,20.49,9,7,1.18,5.42,,,,2026-03-20,2026-03-22 08:07:56
8458,影一,17.95,82.13,72.93,57.98,-0.19,-0.35,0.16,18.23,17.12,16.01,313,63,4.97,6.44,163.18,,,2026-03-20,2026-03-22 08:07:58
8462,柏文,143.0,65.31,66.0,52.17,0.06,-0.68,0.74,149.79,142.3,134.81,325,332,0.98,113.39,17.25,4.2,2.94,2026-03-20,2026-03-22 08:07:59
8463,潤泰材,24.0,10.68,19.38,24.0,-0.62,-0.3,-0.32,28.62,26.33,24.05,72,221,0.33,36.0,12.97,1.1,4.58,2026-03-20,2026-03-22 08:08:00
8464,億豐,384.0,60.13,63.01,47.45,-3.58,-4.33,0.75,422.55,389.52,356.5,776,1118,0.69,1125.2,17.1,16.0,4.17,2026-03-20,2026-03-22 08:08:01
8466,美吉吉-KY,18.95,26.25,27.81,16.67,-0.82,-0.71,-0.11,23.46,20.58,17.7,35,26,1.35,15.05,33.84,1.2,6.33,2026-03-20,2026-03-22 08:08:02
8467,波力-KY,153.5,25.66,25.09,25.0,-5.95,-5.42,-0.53,177.93,162.25,146.57,17,26,0.67,74.25,15.58,4.06,2.64,2026-03-20,2026-03-22 08:08:04
8472,夠麻吉,77.7,78.69,78.97,72.75,4.73,2.62,2.11,85.75,66.23,46.72,41,82,0.51,13.78,,,,2026-03-20,2026-03-22 08:08:05
8473,山林水,39.75,75.8,67.84,57.92,0.47,0.14,0.33,40.31,37.77,35.24,1251,1324,0.95,71.89,19.58,0.73,1.84,2026-03-20,2026-03-22 08:08:06
8476,台境*,19.55,69.39,65.47,48.72,0.03,-0.03,0.07,20.06,19.23,18.41,427,707,0.6,31.53,217.22,1.02,5.22,2026-03-20,2026-03-22 08:08:07
8477,創業家,14.0,74.77,68.87,60.94,0.26,0.19,0.06,14.34,13.36,12.39,56,45,1.24,8.98,,,,2026-03-20,2026-03-22 08:08:09
8478,東哥遊艇,163.0,30.88,38.55,44.04,-4.82,-5.2,0.37,175.13,166.4,157.67,109,106,1.03,153.17,12.57,5.0,3.07,2026-03-20,2026-03-22 08:08:10
8481,政伸,41.9,65.36,64.23,39.44,0.03,0.03,0.0,42.54,41.86,41.18,12,16,0.74,27.91,12.93,2.55,6.09,2026-03-20,2026-03-22 08:08:11
8482,商億-KY,47.45,33.32,35.52,30.37,-0.65,-0.28,-0.37,55.76,50.36,44.95,7,10,0.7,49.86,16.19,4.36,9.19,2026-03-20,2026-03-22 08:08:12
8487,愛爾達-創,79.9,16.05,17.77,32.73,-0.29,0.1,-0.39,84.72,81.78,78.85,8,23,0.38,21.2,20.03,5.2,6.51,2026-03-20,2026-03-22 08:08:13
8488,吉源-KY,9.76,20.05,25.01,40.48,-0.05,-0.03,-0.02,10.24,9.95,9.66,0,106,0.0,7.17,,,,2026-03-20,2026-03-22 08:08:14
8489,三貝德,24.95,47.96,42.69,35.39,-2.98,-3.26,0.28,37.97,27.94,17.92,166,488,0.34,14.8,,,,2026-03-20,2026-03-22 08:08:15
8499,鼎炫-KY,269.5,47.74,47.87,45.0,-8.6,-9.85,1.25,301.77,276.75,251.73,145,240,0.6,110.94,25.07,8.06,2.99,2026-03-20,2026-03-22 08:08:16
8905,裕國,39.85,93.67,86.36,62.96,1.17,1.22,-0.05,40.96,38.9,36.84,47,77,0.62,45.95,65.33,1.0,2.51,2026-03-20,2026-03-22 08:08:17
8906,花王,30.1,19.43,20.95,25.71,-1.24,-1.16,-0.08,35.46,31.93,28.41,72,52,1.38,12.69,,0.1,0.33,2026-03-20,2026-03-22 08:08:18
8908,欣雄,42.5,33.44,29.01,52.77,-0.0,0.09,-0.1,46.97,42.87,38.78,238,292,0.81,133.62,19.77,1.5,3.53,2026-03-20,2026-03-22 08:08:20
8917,欣泰,55.2,69.11,59.07,55.34,-0.3,-0.44,0.14,48.1,47.33,46.55,116,102,1.15,89.78,24.75,2.2,3.99,2026-03-20,2026-03-22 08:08:21
8921,沈氏,17.2,79.18,62.37,26.09,-0.27,-0.24,-0.03,18.72,17.6,16.48,0,0,,8.01,,0.22,1.28,2026-03-20,2026-03-22 08:08:22
8923,時報,20.0,81.95,81.98,50.63,0.08,0.02,0.06,20.54,19.69,18.85,0,0,0.0,6.08,20.83,0.85,4.25,2026-03-20,2026-03-22 08:08:23
8924,大田,68.2,31.81,35.86,42.39,-0.74,-0.75,0.01,70.58,69.16,67.74,48,78,0.62,57.15,12.18,4.3,6.3,2026-03-20,2026-03-22 08:08:25
8926,台汽電,46.1,60.82,58.07,44.65,0.7,0.77,-0.07,47.61,46.31,45.01,1722,1827,0.94,336.66,18.89,2.1,4.56,2026-03-20,2026-03-22 08:08:25
8928,鉅明,23.4,21.55,21.52,29.63,-0.59,-0.48,-0.11,25.92,24.42,22.92,22,25,0.89,11.9,16.6,1.7,7.26,2026-03-20,2026-03-22 08:08:28
8929,富堡,15.7,38.94,44.66,38.0,-0.19,-0.15,-0.04,16.79,16.21,15.64,60,29,2.08,7.94,,,,2026-03-20,2026-03-22 08:08:29
8930,青鋼,32.45,51.8,60.06,61.9,0.35,0.29,0.06,33.34,31.89,30.45,62,59,1.04,26.05,13.58,2.2,6.78,2026-03-20,2026-03-22 08:08:30
8931,大汽電,45.05,11.28,14.84,39.86,-0.09,0.17,-0.26,48.42,46.5,44.57,37,40,0.93,55.08,24.09,2.0,4.44,2026-03-20,2026-03-22 08:08:31
8932,智通*,81.7,12.07,21.41,23.18,-2.94,-1.08,-1.85,106.35,93.8,81.25,2624,2571,1.02,288.43,44.16,0.14,0.17,2026-03-20,2026-03-22 08:08:32
8933,愛地雅,6.85,61.72,56.29,53.48,-0.02,-0.05,0.03,7.08,6.77,6.45,297,469,0.63,22.38,,,,2026-03-20,2026-03-22 08:08:34
8935,邦泰,18.2,14.25,18.64,26.96,-0.51,-0.31,-0.2,22.11,19.77,17.44,316,365,0.87,20.66,,,,2026-03-20,2026-03-22 08:08:35
8936,國統,55.4,75.24,70.68,57.86,0.47,0.04,0.43,55.73,52.68,49.62,7780,4467,1.74,137.44,13.65,2.0,3.61,2026-03-20,2026-03-22 08:08:36
8937,合騏,152.0,46.29,58.64,49.26,3.52,3.31,0.2,163.93,152.88,141.82,548,726,0.75,162.92,,0.1,0.07,2026-03-20,2026-03-22 08:08:37
8938,明安,67.0,47.55,59.46,45.59,-0.59,-0.61,0.01,69.66,67.93,66.2,210,350,0.6,101.66,11.15,4.0,5.97,2026-03-20,2026-03-22 08:08:38
8940,新天地,18.7,41.83,43.41,35.38,-0.31,-0.3,-0.01,20.18,19.35,18.53,52,45,1.15,12.62,34.0,,,2026-03-20,2026-03-22 08:08:39
8941,關中,45.7,76.36,74.75,43.48,-0.04,0.04,-0.09,47.0,46.16,45.32,3,11,0.26,15.98,39.4,1.5,3.28,2026-03-20,2026-03-22 08:08:41
8942,森鉅,37.4,67.07,59.21,51.79,-0.05,-0.28,0.23,38.87,36.64,34.4,366,452,0.81,74.37,11.33,3.5,9.36,2026-03-20,2026-03-22 08:08:42
8996,高力,911.0,77.15,74.64,52.77,41.67,35.73,5.94,1012.43,864.75,717.07,5984,4191,1.43,846.2,102.02,4.56,0.5,2026-03-20,2026-03-22 08:08:43
8999,台灣積層,38.65,38.98,25.02,54.89,-0.21,-0.15,-0.06,39.95,38.11,36.27,1,0,3.85,13.91,15.46,2.0,5.17,2026-03-20,2026-03-22 08:08:44
9103,美德醫療-DR,5.28,41.46,30.49,40.54,-0.02,0.0,-0.02,5.64,5.23,4.82,1803,1114,1.62,28.77,,,,2026-03-20,2026-03-22 08:08:45
9105,泰金寶-DR,5.68,72.01,66.94,42.07,-0.06,-0.08,0.02,6.15,5.73,5.32,9245,9363,0.99,593.56,28.4,0.15,2.64,2026-03-20,2026-03-22 08:08:46
9110,越南控-DR,3.13,31.17,33.71,44.44,-0.01,-0.0,-0.0,3.26,3.11,2.96,37,46,0.8,28.41,19.56,,,2026-03-20,2026-03-22 08:08:47
9136,巨騰-DR,10.9,82.08,75.54,87.34,0.62,0.39,0.23,10.67,8.59,6.52,5096,3204,1.59,92.18,,,,2026-03-20,2026-03-22 08:08:48
9802,鈺齊-KY,80.8,24.06,23.78,19.28,-3.17,-2.85,-0.32,95.43,87.21,79.0,1124,1239,0.91,162.4,13.76,5.1,6.31,2026-03-20,2026-03-22 08:08:49
9902,台火,14.55,5.14,6.94,23.29,-0.59,-0.53,-0.06,17.26,15.62,13.97,215,239,0.9,14.27,485.0,0.3,2.06,2026-03-20,2026-03-22 08:08:50
9904,寶成,28.6,12.36,17.65,31.67,-0.52,-0.39,-0.13,31.59,29.9,28.22,12837,10317,1.24,842.78,7.01,1.7,5.94,2026-03-20,2026-03-22 08:08:51
9905,大華,21.0,49.86,56.62,54.39,0.27,0.24,0.03,21.64,20.79,19.94,38,151,0.26,64.05,16.15,1.2,5.71,2026-03-20,2026-03-22 08:08:51
9906,欣巴巴,39.95,40.01,52.04,34.48,-1.18,-1.27,0.08,44.42,41.9,39.38,506,169,2.99,36.11,443.89,6.5,16.27,2026-03-20,2026-03-22 08:08:52
9907,統一實,17.9,8.5,14.98,22.73,-0.11,-0.01,-0.1,19.54,18.61,17.69,4357,3358,1.3,282.67,13.16,0.97,5.42,2026-03-20,2026-03-22 08:08:53
9908,大台北,30.1,21.87,24.12,49.78,0.05,0.19,-0.14,32.73,30.63,28.53,1065,1650,0.65,150.76,17.5,1.2,3.99,2026-03-20,2026-03-22 08:08:54
9910,豐泰,81.3,12.81,13.33,28.94,-4.34,-3.83,-0.5,99.05,88.96,78.87,1573,2406,0.65,802.82,15.94,5.1,6.27,2026-03-20,2026-03-22 08:08:55
9911,櫻花,90.8,66.37,74.31,62.71,1.59,1.57,0.02,93.42,89.07,84.71,298,336,0.89,199.83,14.53,5.0,5.51,2026-03-20,2026-03-22 08:08:56
9912,偉聯,12.6,86.1,80.2,68.18,0.12,0.07,0.05,12.62,12.24,11.86,45,144,0.31,6.83,,,,2026-03-20,2026-03-22 08:08:57
9914,美利達,68.1,32.66,37.44,29.93,-3.77,-3.84,0.07,79.92,71.8,63.69,1084,2166,0.5,203.61,17.02,4.0,5.87,2026-03-20,2026-03-22 08:08:58
9917,中保科,113.5,82.37,78.69,65.85,1.99,1.25,0.74,116.64,108.72,100.81,904,856,1.06,504.0,16.79,5.2,4.58,2026-03-20,2026-03-22 08:08:59
9918,欣天然,46.7,22.85,30.19,56.28,1.59,2.18,-0.59,58.5,46.7,34.89,3248,1703,1.91,83.13,29.19,1.6,3.43,2026-03-20,2026-03-22 08:09:00
9919,康那香,15.4,18.96,16.77,29.09,-0.35,-0.31,-0.04,16.97,15.97,14.98,368,398,0.92,30.09,,0.2,1.3,2026-03-20,2026-03-22 08:09:01
9921,巨大,71.0,18.08,17.1,26.36,-4.57,-4.38,-0.19,87.85,77.17,66.49,2517,2754,0.91,278.37,12.85,2.2,3.1,2026-03-20,2026-03-22 08:09:02
9924,福興,45.15,32.56,29.65,21.51,-0.97,-1.02,0.05,48.99,46.4,43.81,65,78,0.83,68.07,14.9,5.88,13.02,2026-03-20,2026-03-22 08:09:03
9925,新保,40.8,42.18,41.92,48.48,-0.02,-0.01,-0.01,41.06,40.82,40.58,178,178,1.0,156.76,17.29,2.0,4.9,2026-03-20,2026-03-22 08:09:04
9926,新海,49.95,29.78,31.25,50.12,0.14,0.36,-0.22,54.17,50.86,47.56,336,249,1.35,89.66,18.64,2.0,4.0,2026-03-20,2026-03-22 08:09:05
9927,泰銘,67.7,43.53,40.57,39.81,-0.39,-0.47,0.07,70.66,68.25,65.84,129,150,0.86,81.24,15.93,2.83,4.18,2026-03-20,2026-03-22 08:09:06
9928,中視,17.9,64.6,60.53,47.5,-0.1,-0.12,0.02,18.23,17.91,17.58,15,20,0.75,12.66,,,,2026-03-20,2026-03-22 08:09:07
9929,秋雨,15.0,87.61,71.32,83.33,0.63,0.18,0.46,13.53,10.98,8.43,419,252,1.66,15.19,,,,2026-03-20,2026-03-22 08:09:08
9930,中聯資源,70.0,28.38,31.0,35.0,-0.08,0.01,-0.09,72.25,70.76,69.28,99,73,1.35,173.98,14.17,4.0,5.71,2026-03-20,2026-03-22 08:09:09
9931,欣高,39.2,25.7,32.56,55.28,1.23,1.67,-0.44,48.83,39.46,30.08,2876,1331,2.16,47.18,16.07,1.8,4.59,2026-03-20,2026-03-22 08:09:10
9933,中鼎,34.25,86.3,83.06,62.93,0.79,0.42,0.37,35.5,32.1,28.7,5692,6141,0.93,305.88,19.91,1.0,2.92,2026-03-20,2026-03-22 08:09:11
9934,成霖,9.6,53.47,51.01,42.79,-0.11,-0.12,0.01,10.1,9.7,9.29,565,523,1.08,39.46,5.75,0.35,3.65,2026-03-20,2026-03-22 08:09:12
9935,慶豐富,19.7,82.43,78.68,56.73,0.04,-0.12,0.17,20.31,19.11,17.91,194,313,0.62,35.03,12.39,1.8,9.14,2026-03-20,2026-03-22 08:09:13
9937,全國,56.7,43.6,35.98,39.52,-0.34,-0.1,-0.25,61.11,58.13,55.14,63,179,0.35,175.23,24.13,2.1,3.7,2026-03-20,2026-03-22 08:09:13
9938,百和,47.75,35.3,43.66,24.55,-0.89,-0.74,-0.16,53.14,50.01,46.88,1595,1351,1.18,142.28,11.1,3.0,6.28,2026-03-20,2026-03-22 08:09:14
9939,宏全,117.0,32.13,47.77,37.74,-0.08,0.38,-0.46,125.6,121.45,117.3,1625,1461,1.11,346.07,12.89,6.2,5.3,2026-03-20,2026-03-22 08:09:15
9940,信義,20.2,44.46,41.52,28.57,-0.48,-0.48,0.0,22.47,20.83,19.19,534,447,1.19,148.84,72.14,1.8,8.91,2026-03-20,2026-03-22 08:09:16
9941,裕融,79.0,88.78,82.9,63.28,-0.27,-0.96,0.69,78.92,75.33,71.74,5034,2097,2.4,454.75,10.79,4.38,5.54,2026-03-20,2026-03-22 08:09:18
9942,茂順,115.5,44.8,43.81,40.0,0.74,1.18,-0.43,119.73,116.7,113.67,55,55,1.0,96.05,14.24,7.0,6.06,2026-03-20,2026-03-22 08:09:19
9943,好樂迪,58.9,86.91,73.3,49.35,-0.29,-0.48,0.2,60.5,58.29,56.08,91,63,1.44,73.73,10.91,4.8,8.15,2026-03-20,2026-03-22 08:09:20
9944,新麗,16.3,40.29,44.9,36.67,-0.13,-0.11,-0.02,17.02,16.56,16.1,56,50,1.13,17.26,,0.3,1.84,2026-03-20,2026-03-22 08:09:21
9945,潤泰新,25.95,9.77,16.96,18.55,-0.74,-0.52,-0.22,30.55,28.15,25.75,11817,11598,1.02,735.56,6.6,1.1,4.24,2026-03-20,2026-03-22 08:09:22
9946,三發地產,18.45,83.47,84.4,67.82,0.29,0.1,0.19,18.79,17.35,15.9,452,424,1.07,59.86,12.14,1.04,5.64,2026-03-20,2026-03-22 08:09:23
9955,佳龍,33.3,47.58,54.93,34.6,0.05,0.14,-0.09,36.73,34.45,32.16,429,674,0.64,34.79,61.67,,,2026-03-20,2026-03-22 08:09:24
9958,世紀鋼,127.0,50.15,57.43,48.19,-1.29,-1.88,0.59,134.36,126.9,119.44,1041,842,1.24,313.56,19.66,4.16,3.28,2026-03-20,2026-03-22 08:09:25
1294,漢田生技,82.6,24.15,42.17,57.52,1.76,2.16,-0.4,93.23,83.66,74.09,67,81,0.84,25.0,18.19,2.84,3.44,2026-03-20,2026-03-22 08:10:01
1593,祺驊,33.15,32.89,50.19,51.04,0.79,0.93,-0.15,36.41,32.96,29.5,8,35,0.23,13.19,16.83,1.6,4.83,2026-03-20,2026-03-22 08:10:03
3066,李洲,22.6,83.96,82.46,77.93,1.93,1.13,0.8,23.22,17.15,11.08,1558,3009,0.52,18.77,,,,2026-03-20,2026-03-22 08:10:04
3081,聯亞,1640.0,66.07,60.8,60.08,139.88,144.78,-4.89,1670.08,1397.25,1124.42,1201,781,1.54,1517.35,357.3,0.5,0.03,2026-03-20,2026-03-22 08:10:06
3093,港建*,48.55,87.11,90.38,75.76,6.02,4.02,2.0,52.98,35.01,17.03,1731,4090,0.42,70.47,39.8,1.15,2.37,2026-03-20,2026-03-22 08:10:08
3221,台嘉碩,36.75,72.98,50.08,57.3,1.26,0.85,0.41,35.22,30.12,25.02,5649,3222,1.75,38.61,1837.5,0.9,2.45,2026-03-20,2026-03-22 08:10:09
3234,光環,98.0,78.65,65.4,45.22,6.36,6.4,-0.04,103.44,86.36,69.29,10695,5858,1.83,109.25,816.67,,,2026-03-20,2026-03-22 08:10:11
3587,閎康,229.5,63.55,39.16,54.31,-0.12,-1.72,1.59,232.04,203.49,174.94,1284,1126,1.14,154.34,38.77,6.92,3.02,2026-03-20,2026-03-22 08:10:12
3664,安瑞-KY,12.7,26.22,36.59,42.58,-0.51,-0.46,-0.05,15.03,13.74,12.45,89,107,0.84,8.24,66.84,,,2026-03-20,2026-03-22 08:10:13
7547,碩網,68.3,74.66,67.46,70.03,2.44,0.58,1.86,68.12,56.6,45.08,845,534,1.58,22.97,26.68,1.35,1.98,2026-03-20,2026-03-22 08:10:15
7712,博盛半導體,121.0,70.35,74.81,62.87,9.64,8.08,1.56,137.11,108.09,79.07,776,1401,0.55,39.4,22.49,4.0,3.31,2026-03-20,2026-03-22 08:10:16
7718,友鋮,49.6,71.72,78.26,61.86,1.32,0.65,0.67,51.43,46.33,41.22,600,300,2.0,22.6,13.26,3.5,7.06,2026-03-20,2026-03-22 08:10:17
3071,協禧,28.65,84.6,77.4,63.08,0.83,0.46,0.37,27.78,24.75,21.72,2216,1363,1.63,29.97,47.81,0.81,2.83,2026-03-20,2026-03-31 20:10:44
3259,鑫創,18.3,77.39,68.45,64.77,-0.47,-0.71,0.24,17.87,16.96,16.06,289,82,3.49,11.86,,,,2026-03-20,2026-03-31 20:10:44
3363,上詮,734.0,77.67,64.71,60.86,52.41,44.67,7.74,714.03,595.6,477.17,10649,7564,1.41,625.02,3055.56,,,2026-03-20,2026-03-31 20:10:44
3521,台鋼建設,15.05,35.59,16.28,50.79,-0.24,-0.2,-0.04,15.95,14.67,13.4,320,118,2.71,18.95,,,,2026-03-20,2026-03-31 20:10:44
3595,山太士,1880.0,91.09,89.19,90.92,277.25,191.67,85.57,1724.12,999.9,275.68,1199,1338,0.9,547.7,367.05,,,2026-03-20,2026-03-31 20:10:44
3710,連展投控,6.13,16.65,23.24,44.02,-0.09,-0.04,-0.05,7.02,6.48,5.93,216,279,0.77,18.67,,,,2026-03-20,2026-03-31 20:10:44
7728,光焱科技,810.0,47.6,33.85,44.52,4.46,10.29,-5.84,909.48,770.15,630.82,497,549,0.9,93.52,137.2,7.03,0.87,2026-03-20,2026-03-31 20:10:44
7810,捷創科技,223.5,75.46,63.5,53.28,-2.91,-7.37,4.45,236.04,202.0,167.96,373,243,1.53,49.81,39.68,4.0,1.79,2026-03-20,2026-03-31 20:10:44
7846,德揚,81.2,88.97,79.92,87.86,7.07,3.94,3.13,71.25,49.57,27.89,161,110,1.46,22.64,45.07,1.0,1.23,2026-03-20,2026-03-31 20:10:44
7890,明曜科技,100.0,74.36,59.48,67.11,-1.3,-4.07,2.77,90.26,79.22,68.17,188,59,3.16,,,,,2026-03-20,2026-03-31 20:10:44
3163,波若威,912.0,75.91,73.35,58.7,103.07,97.26,5.82,989.13,784.15,579.17,1027,4334,0.24,634.66,126.89,3.0,0.33,2026-03-20,2026-03-31 23:58:10
3205,佰研,50.0,20.12,33.26,34.04,0.13,0.31,-0.18,52.38,51.2,50.02,94,75,1.24,42.22,,,,2026-03-20,2026-03-31 23:58:10
3228,金麗科,124.0,27.3,33.5,27.63,-1.08,-0.27,-0.81,140.26,130.32,120.39,366,317,1.15,94.75,,,,2026-03-20,2026-03-31 23:58:10
3349,寶德,26.5,17.9,19.35,13.91,-0.85,-0.54,-0.31,32.13,28.77,25.41,127,198,0.64,12.46,,,,2026-03-20,2026-03-31 23:58:10
3491,昇達科,1450.0,71.69,56.03,36.84,57.18,70.85,-13.67,1729.96,1427.0,1124.04,255,365,0.7,980.47,187.99,6.49,0.45,2026-03-20,2026-03-31 23:58:10
3552,同致,45.65,29.34,40.12,33.54,-2.34,-2.41,0.07,53.53,49.19,44.85,256,198,1.29,56.5,86.12,0.77,1.69,2026-03-20,2026-03-31 23:58:10
7709,榮田,55.8,70.68,63.57,42.29,0.58,0.94,-0.36,65.41,56.81,48.2,49,166,0.3,30.27,31.59,2.3,4.12,2026-03-20,2026-03-31 23:58:10
7734,印能科技,1855.0,73.39,67.05,54.0,139.54,140.13,-0.59,1923.78,1690.5,1457.22,537,493,1.09,596.62,64.35,21.72,1.17,2026-03-20,2026-03-31 23:58:10
7770,君曜,49.2,68.58,66.93,52.63,-1.41,-1.85,0.43,50.91,49.07,47.23,18,15,1.18,15.0,16.74,4.0,8.13,2026-03-20,2026-03-31 23:58:10
