股票代號,股票名稱,收盤價,K值,D值,RSI,DIF,MACD,柱狀圖,BB上軌,BB中軌,BB下軌,成交量張,5日均量張,量比,市值億,本益比,每股配息,殖利率,交易日,更新時間
1101,台泥,24.6,38.3,35.85,34.37,-0.17,0.0,-0.17,26.86,25.41,23.97,26435,23451,1.13,1892.52,15.14,1.0,4.07,2026-03-16,2026-03-16 10:40:45
1102,亞泥,34.65,53.4,42.84,37.68,-0.39,-0.41,0.02,36.28,35.03,33.78,8949,9201,0.97,1228.88,9.79,2.2,6.35,2026-03-16,2026-03-16 10:40:46
1103,嘉泥,13.5,30.2,28.9,33.33,-0.14,-0.1,-0.04,14.35,13.8,13.25,210,287,0.73,88.93,32.14,0.55,4.07,2026-03-16,2026-03-16 10:40:46
1104,環泥,29.9,72.26,55.25,49.4,-0.1,-0.19,0.09,30.57,29.52,28.47,525,757,0.69,205.32,12.83,1.7,5.69,2026-03-16,2026-03-16 10:40:47
1108,幸福,15.25,65.82,51.03,52.0,0.02,0.01,0.0,15.37,15.13,14.9,217,224,0.97,61.72,6.55,0.75,4.92,2026-03-16,2026-03-16 10:40:48
1109,信大,15.3,30.84,30.1,36.0,-0.05,-0.02,-0.03,15.87,15.49,15.1,64,126,0.51,52.2,14.85,0.9,5.88,2026-03-16,2026-03-16 10:40:48
1110,東泥,15.85,56.92,50.24,35.42,-0.14,-0.11,-0.03,16.84,16.15,15.46,367,219,1.67,90.33,39.62,0.3,1.89,2026-03-16,2026-03-16 10:40:49
1201,味全,13.95,38.3,36.11,27.59,-0.13,-0.09,-0.04,14.79,14.33,13.87,400,377,1.06,70.6,24.91,0.5,3.58,2026-03-16,2026-03-16 10:40:50
1203,味王,38.5,32.25,31.87,26.23,-0.33,-0.1,-0.23,41.79,39.82,37.85,68,44,1.55,91.52,18.69,1.2,3.12,2026-03-16,2026-03-16 10:40:51
1210,大成,53.7,80.49,67.26,69.09,0.35,0.06,0.29,53.11,51.44,49.76,2418,2517,0.96,449.31,13.7,2.83,5.27,2026-03-16,2026-03-16 10:40:51
1213,大飲,9.8,66.06,57.6,46.35,-0.09,-0.1,0.01,10.22,9.84,9.46,5,7,0.69,5.55,1.11,0.35,3.57,2026-03-16,2026-03-16 10:40:52
1215,卜蜂,152.5,31.52,48.46,57.41,1.93,2.49,-0.56,161.73,153.38,145.02,721,840,0.86,449.55,14.69,7.0,4.59,2026-03-16,2026-03-16 10:40:53
1216,統一,70.5,9.91,11.33,29.46,-1.05,-0.85,-0.2,75.74,72.37,69.0,9966,10060,0.99,4005.82,20.49,3.0,4.26,2026-03-16,2026-03-16 10:40:54
1217,愛之味,10.2,24.01,24.11,30.77,-0.08,-0.06,-0.02,10.72,10.4,10.08,571,458,1.25,50.44,37.78,0.37,3.63,2026-03-16,2026-03-16 10:40:54
1218,泰山,19.2,81.62,66.27,67.35,0.16,0.03,0.13,19.09,18.3,17.51,1390,2112,0.66,93.37,14.77,1.35,7.03,2026-03-16,2026-03-16 10:40:55
1219,福壽,13.55,39.69,42.74,46.43,0.01,0.01,-0.0,13.79,13.57,13.35,470,331,1.42,46.24,32.26,0.5,3.69,2026-03-16,2026-03-16 10:40:56
1220,台榮,12.8,13.28,25.64,37.04,0.03,0.06,-0.04,13.28,12.98,12.67,109,130,0.84,22.58,51.2,0.7,5.47,2026-03-16,2026-03-16 10:40:56
1225,福懋油,31.4,35.13,48.77,59.45,0.94,0.89,0.05,34.61,30.79,26.97,276,646,0.43,76.07,22.43,0.14,0.45,2026-03-16,2026-03-16 10:40:57
1227,佳格,30.3,59.69,46.56,50.72,0.05,0.0,0.05,30.5,29.56,28.63,1385,849,1.63,275.25,20.75,1.4,4.62,2026-03-16,2026-03-16 10:40:58
1229,聯華,44.05,18.11,18.06,43.17,-0.6,-0.59,-0.01,45.83,44.49,43.14,4977,3708,1.34,787.93,17.27,1.3,2.95,2026-03-16,2026-03-16 10:40:59
1231,聯華食,90.5,77.21,56.0,47.43,-1.59,-2.28,0.69,96.45,88.22,79.99,587,539,1.09,270.1,25.07,1.6,1.77,2026-03-16,2026-03-16 10:40:59
1232,大統益,150.0,30.54,36.07,44.44,0.88,1.21,-0.32,153.77,150.22,146.68,108,94,1.15,239.96,18.2,7.0,4.67,2026-03-16,2026-03-16 10:41:00
1233,天仁,30.85,35.41,47.15,39.26,-0.21,-0.01,-0.2,33.81,32.37,30.92,17,11,1.48,27.93,38.56,0.95,3.08,2026-03-16,2026-03-16 10:41:01
1234,黑松,36.1,41.39,40.83,30.3,-0.27,-0.21,-0.06,37.74,36.78,35.82,147,157,0.93,145.08,18.42,1.65,4.57,2026-03-16,2026-03-16 10:41:02
1235,興泰,35.95,7.68,15.57,29.31,-1.62,-0.86,-0.76,48.28,41.53,34.78,34,29,1.15,16.34,,0.5,1.39,2026-03-16,2026-03-16 10:41:02
1236,宏亞,27.2,39.14,53.58,64.71,0.45,0.51,-0.05,28.48,27.1,25.71,69,98,0.71,23.58,,0.6,2.21,2026-03-16,2026-03-16 10:41:03
1256,鮮活果汁-KY,155.5,32.42,46.59,47.24,1.6,2.19,-0.59,170.87,161.1,151.33,100,74,1.35,55.63,16.2,4.66,3.0,2026-03-16,2026-03-16 10:41:04
1301,台塑,46.85,15.0,19.99,49.57,0.33,0.87,-0.54,52.22,47.85,43.47,36689,34832,1.05,2982.35,31.62,0.5,1.07,2026-03-16,2026-03-16 10:41:05
1303,南亞,89.2,50.67,37.76,54.43,2.25,2.61,-0.35,95.14,82.08,69.02,176526,117719,1.5,7074.29,21.9,0.7,0.78,2026-03-16,2026-03-16 10:41:05
1304,台聚,13.0,43.54,47.93,57.78,0.34,0.31,0.04,13.68,12.36,11.03,14322,16890,0.85,139.4,,0.2,1.54,2026-03-16,2026-03-16 10:41:06
1305,華夏,13.7,57.43,56.72,61.49,0.47,0.35,0.12,14.2,12.6,10.99,18643,15109,1.23,79.6,,0.15,1.09,2026-03-16,2026-03-16 10:41:07
1307,三芳,34.3,38.16,38.75,51.04,0.39,0.45,-0.06,36.49,33.46,30.43,1579,1499,1.05,136.45,11.63,2.7,7.87,2026-03-16,2026-03-16 10:41:07
1308,亞聚,15.15,51.05,51.98,58.28,0.38,0.28,0.1,15.65,14.2,12.76,7693,9399,0.82,89.95,56.11,0.25,1.65,2026-03-16,2026-03-16 10:41:08
1309,台達化,16.3,78.18,73.8,72.28,0.88,0.57,0.31,15.92,13.24,10.55,23430,17207,1.36,64.81,,0.2,1.23,2026-03-16,2026-03-16 10:41:09
1310,台苯,11.75,78.18,78.85,76.98,0.73,0.5,0.23,12.26,9.99,7.72,24158,21374,1.13,62.02,45.19,,,2026-03-16,2026-03-16 10:41:09
1312,國喬,13.7,40.96,43.83,56.15,0.24,0.22,0.02,14.38,13.31,12.25,17220,22035,0.78,157.16,20.76,,,2026-03-16,2026-03-16 10:41:10
1313,聯成,12.5,36.08,49.44,65.45,0.52,0.49,0.04,13.83,11.73,9.63,13403,17623,0.76,166.36,,0.15,1.2,2026-03-16,2026-03-16 10:41:11
1314,中石化,8.69,43.33,50.71,55.45,0.2,0.18,0.03,9.37,8.41,7.46,75761,130546,0.58,328.9,4.99,,,2026-03-16,2026-03-16 10:41:12
1315,達新,63.5,29.19,29.74,36.23,-0.25,-0.14,-0.11,65.92,64.28,62.63,50,34,1.46,60.66,38.72,4.5,7.09,2026-03-16,2026-03-16 10:41:12
1316,上曜,12.95,47.43,38.06,33.82,-0.36,-0.36,-0.0,14.28,13.34,12.39,1307,1215,1.08,43.95,58.86,,,2026-03-16,2026-03-16 10:41:13
1319,東陽,85.0,11.76,10.29,13.69,-4.73,-3.41,-1.33,110.93,96.11,81.29,5756,4082,1.41,502.76,13.02,5.3,6.24,2026-03-16,2026-03-16 10:41:14
1321,大洋,32.85,35.8,50.28,44.33,-0.14,-0.12,-0.03,34.23,33.45,32.67,274,209,1.31,72.5,,0.38,1.16,2026-03-16,2026-03-16 10:41:16
1323,永裕,18.6,81.62,78.97,44.44,-0.09,-0.11,0.01,18.84,18.64,18.43,31,59,0.53,16.98,186.0,0.9,4.84,2026-03-16,2026-03-16 10:41:16
1324,地球,10.35,15.62,22.51,32.0,-0.1,-0.08,-0.02,10.88,10.56,10.24,85,63,1.34,7.78,,0.2,1.93,2026-03-16,2026-03-16 10:41:17
1325,恆大,27.15,30.61,25.2,30.58,-0.82,-0.72,-0.1,30.92,28.53,26.13,140,158,0.89,23.15,,0.3,1.1,2026-03-16,2026-03-16 10:41:19
1326,台化,44.6,25.56,25.5,52.48,1.26,1.89,-0.63,50.08,44.11,38.15,81696,45018,1.81,2608.66,35.14,0.5,1.12,2026-03-16,2026-03-16 10:41:20
1337,再生-KY,5.98,60.84,57.82,63.3,0.16,0.12,0.04,6.12,5.52,4.93,1915,1666,1.15,16.08,,,,2026-03-16,2026-03-16 10:41:21
1338,廣華-KY,15.15,6.26,6.61,12.15,-1.25,-0.99,-0.27,20.97,17.6,14.23,139,250,0.56,12.23,1.76,0.78,5.15,2026-03-16,2026-03-16 10:41:22
1339,昭輝,40.7,29.46,30.22,28.28,-0.62,-0.43,-0.19,44.69,42.47,40.25,97,57,1.69,30.17,19.76,3.0,7.37,2026-03-16,2026-03-16 10:41:24
1340,勝悅-KY,7.46,82.31,70.95,57.92,0.11,0.05,0.06,7.6,7.05,6.5,415,357,1.16,11.41,,,,2026-03-16,2026-03-16 10:41:24
1341,富林-KY,58.5,45.82,43.16,36.07,-0.05,0.26,-0.31,62.96,59.99,57.02,182,50,3.64,30.92,14.66,5.2,8.89,2026-03-16,2026-03-16 10:41:26
1342,八貫,88.2,25.14,24.29,24.56,-0.35,0.46,-0.81,98.54,92.47,86.39,403,622,0.65,68.8,15.78,6.0,6.8,2026-03-16,2026-03-16 10:41:27
1402,遠東新,27.3,9.82,16.63,41.82,-0.12,0.03,-0.15,29.41,28.35,27.29,12955,14387,0.9,1461.12,16.45,1.6,5.86,2026-03-16,2026-03-16 10:41:28
1409,新纖,15.85,66.22,59.97,52.53,0.16,0.06,0.1,16.19,15.32,14.46,19481,12713,1.53,255.78,13.21,0.6,3.79,2026-03-16,2026-03-16 10:41:29
1410,南染,31.4,17.41,24.73,26.92,-0.45,-0.3,-0.15,34.48,33.03,31.58,84,62,1.35,19.47,56.07,0.51,1.62,2026-03-16,2026-03-16 10:41:30
1413,宏洲,9.62,28.9,31.78,31.54,-0.08,-0.05,-0.04,10.21,9.87,9.53,15,69,0.22,12.71,21.38,,,2026-03-16,2026-03-16 10:41:31
1414,東和,20.3,36.68,49.56,56.92,0.24,0.29,-0.04,20.88,20.05,19.22,564,379,1.49,36.17,156.15,0.26,1.28,2026-03-16,2026-03-16 10:41:31
1416,廣豐,11.6,57.65,48.76,44.0,-0.04,-0.04,0.0,11.87,11.66,11.46,263,241,1.09,21.5,14.87,0.56,4.83,2026-03-16,2026-03-16 10:41:32
1417,嘉裕,8.64,47.48,47.91,40.43,-0.05,-0.04,-0.01,8.92,8.72,8.52,105,144,0.73,16.41,,,,2026-03-16,2026-03-16 10:41:33
1418,東華,18.9,28.75,27.65,40.23,-0.27,-0.21,-0.07,20.22,19.36,18.51,22,13,1.64,10.26,,,,2026-03-16,2026-03-16 10:41:35
1419,新紡,60.7,26.71,29.65,23.75,-2.42,-2.05,-0.37,71.91,66.19,60.46,252,149,1.69,181.64,13.61,1.5,2.47,2026-03-16,2026-03-16 10:41:37
1423,利華,39.85,60.34,61.66,64.22,0.5,0.27,0.24,40.69,38.66,36.64,38,211,0.18,39.71,9.38,0.8,2.01,2026-03-16,2026-03-16 10:41:38
1432,大魯閣,18.35,58.95,46.06,42.86,-0.1,-0.17,0.07,19.9,18.23,16.56,2041,3289,0.62,19.82,,,,2026-03-16,2026-03-16 10:41:38
1434,福懋,16.55,8.89,15.55,35.06,-0.09,0.09,-0.18,18.54,17.38,16.22,1031,1888,0.55,278.45,47.29,0.8,4.83,2026-03-16,2026-03-16 10:41:39
1435,中福,19.0,12.2,17.31,25.61,-0.69,-0.36,-0.33,24.36,21.24,18.11,23,187,0.12,26.56,,,,2026-03-16,2026-03-16 10:41:40
1436,華友聯,54.8,46.74,30.48,30.48,-1.8,-1.82,0.03,60.49,55.99,51.5,358,293,1.22,106.4,11.46,7.53,13.74,2026-03-16,2026-03-16 10:41:40
1437,勤益控,31.3,29.82,29.69,31.58,-0.37,-0.26,-0.11,33.59,32.14,30.68,99,76,1.3,63.19,14.98,1.83,5.85,2026-03-16,2026-03-16 10:41:41
1438,三地開發,29.7,16.03,18.82,23.37,-0.81,-0.52,-0.29,35.43,31.76,28.08,29,32,0.89,33.03,,,,2026-03-16,2026-03-16 10:41:42
1439,雋揚,27.65,24.99,24.57,21.43,-0.63,-0.47,-0.15,31.03,28.72,26.4,20,32,0.63,25.44,9.95,0.3,1.08,2026-03-16,2026-03-16 10:41:47
1440,南紡,13.1,30.55,23.11,44.23,-0.2,-0.18,-0.02,13.79,13.1,12.41,4614,1758,2.62,217.04,62.38,0.3,2.29,2026-03-16,2026-03-16 10:41:47
1441,大東,9.93,7.52,11.94,22.5,-0.06,-0.06,0.0,10.16,10.01,9.87,9,9,1.04,7.12,,,,2026-03-16,2026-03-16 10:41:48
1442,名軒,27.2,41.11,25.98,35.54,-0.84,-0.75,-0.09,31.12,28.19,25.26,786,728,1.08,99.61,7.18,4.5,16.54,2026-03-16,2026-03-16 10:41:49
1443,立益物流,24.6,6.43,11.41,16.0,-0.6,-0.39,-0.22,28.33,26.23,24.14,45,42,1.06,33.29,31.95,,,2026-03-16,2026-03-16 10:41:49
1444,力麗,6.09,22.62,23.62,37.96,-0.06,-0.04,-0.02,6.49,6.22,5.95,537,715,0.75,59.95,21.75,,,2026-03-16,2026-03-16 10:41:50
1445,大宇,12.65,25.32,24.38,23.6,-0.35,-0.14,-0.21,16.31,14.22,12.12,156,70,2.22,16.53,,0.5,3.95,2026-03-16,2026-03-16 10:41:51
1446,宏和,17.0,75.36,55.83,54.44,-0.27,-0.44,0.17,17.33,16.11,14.89,564,411,1.37,23.41,6.03,2.0,11.76,2026-03-16,2026-03-16 10:41:51
1447,力鵬,5.43,40.07,46.77,48.28,0.01,0.01,-0.01,5.63,5.47,5.31,629,656,0.96,45.8,15.08,,,2026-03-16,2026-03-16 10:41:52
1449,佳和,10.7,58.64,50.81,46.15,-0.17,-0.2,0.03,11.34,10.77,10.21,1088,783,1.39,13.6,5.3,0.33,3.08,2026-03-16,2026-03-16 10:41:53
1451,年興,17.85,44.71,51.77,46.97,0.06,0.13,-0.07,18.83,18.06,17.3,111,595,0.19,35.34,10.14,1.0,5.6,2026-03-16,2026-03-16 10:41:54
1452,宏益,11.1,28.06,24.58,23.08,-0.18,-0.15,-0.03,11.93,11.43,10.92,96,76,1.27,14.72,5.61,0.5,4.5,2026-03-16,2026-03-16 10:41:54
1453,大將,12.2,18.28,19.36,30.19,-0.14,-0.06,-0.08,13.66,12.74,11.81,43,99,0.44,13.82,305.0,,,2026-03-16,2026-03-16 10:41:55
1454,台富,12.8,19.46,15.7,25.0,-0.26,-0.14,-0.12,14.92,13.55,12.18,27,33,0.82,15.63,,0.25,1.95,2026-03-16,2026-03-16 10:41:56
1455,集盛,8.92,61.73,57.7,59.57,0.11,0.08,0.03,9.05,8.56,8.08,2379,1118,2.13,47.43,12.39,,,2026-03-16,2026-03-16 10:41:56
1456,怡華,13.7,78.76,73.46,56.0,0.11,0.05,0.06,13.79,13.21,12.62,71,76,0.93,12.84,10.79,,,2026-03-16,2026-03-16 10:41:58
1457,宜進,16.0,66.19,54.88,60.32,0.07,0.03,0.05,16.23,15.47,14.72,288,181,1.6,37.36,38.1,1.0,6.25,2026-03-16,2026-03-16 10:41:59
1459,聯發,11.8,20.39,20.4,45.45,-0.03,0.02,-0.05,12.46,11.93,11.41,161,191,0.84,37.46,8.49,,,2026-03-16,2026-03-16 10:41:59
1460,宏遠,6.86,52.08,45.49,51.08,0.06,0.07,-0.01,7.02,6.81,6.6,830,836,0.99,46.27,10.55,,,2026-03-16,2026-03-16 10:42:00
1463,強盛新,17.9,66.89,59.73,40.0,-0.02,-0.0,-0.02,18.47,18.06,17.64,129,84,1.53,30.71,4.72,2.1,11.73,2026-03-16,2026-03-16 10:42:01
1464,得力,10.65,24.08,30.97,36.11,-0.14,-0.12,-0.02,11.33,10.95,10.58,307,329,0.93,45.14,27.31,0.5,4.69,2026-03-16,2026-03-16 10:42:02
1465,偉全,12.3,52.06,57.51,35.71,-0.04,-0.03,-0.01,12.54,12.4,12.25,342,251,1.36,12.74,,0.6,4.88,2026-03-16,2026-03-16 10:42:03
1466,聚隆,18.25,39.02,32.02,52.63,0.57,0.69,-0.12,19.69,17.61,15.53,1966,634,3.1,20.29,,,,2026-03-16,2026-03-16 10:42:05
1467,南緯,7.09,31.34,31.66,31.19,-0.11,-0.09,-0.03,7.64,7.31,6.98,105,131,0.8,16.56,,,,2026-03-16,2026-03-16 10:42:06
1468,昶和,12.25,20.66,28.82,17.65,-0.1,0.05,-0.15,13.8,12.9,12.0,45,48,0.93,19.65,122.5,,,2026-03-16,2026-03-16 10:42:06
1470,大統新創,21.25,24.4,36.14,33.6,-0.2,-0.01,-0.19,24.18,22.98,21.77,14,6,2.1,18.23,31.25,1.01,4.75,2026-03-16,2026-03-16 10:42:07
1471,首利,13.75,51.01,41.3,64.77,0.36,0.38,-0.02,14.17,12.43,10.68,3368,1491,2.26,20.68,,,,2026-03-16,2026-03-16 10:42:08
1472,三洋實業,92.0,77.71,72.61,56.48,0.68,0.51,0.16,92.25,90.51,88.77,189,96,1.96,48.29,14.53,3.0,3.26,2026-03-16,2026-03-16 10:42:08
1473,台南,24.65,58.91,44.68,37.5,-0.25,-0.2,-0.05,26.04,24.75,23.46,254,154,1.64,36.03,19.88,2.0,8.11,2026-03-16,2026-03-16 10:42:09
1474,弘裕,10.05,18.76,22.56,31.34,-0.1,-0.09,-0.01,10.4,10.16,9.92,78,134,0.58,13.05,30.45,0.4,3.98,2026-03-16,2026-03-16 10:42:10
1475,業旺,28.45,28.16,21.94,24.07,-0.9,-0.74,-0.16,32.05,29.75,27.45,41,39,1.06,18.78,8.29,1.5,5.27,2026-03-16,2026-03-16 10:42:10
1476,儒鴻,369.5,10.28,13.27,16.34,-9.98,-5.28,-4.7,449.51,403.8,358.09,710,731,0.97,1013.79,18.39,17.0,4.6,2026-03-16,2026-03-16 10:42:11
1477,聚陽,293.0,21.41,20.21,24.56,-6.43,-3.57,-2.86,333.47,307.48,281.48,1397,1668,0.84,722.81,19.55,15.0,5.12,2026-03-16,2026-03-16 10:42:12
1503,士電,200.0,14.49,20.79,38.07,-1.41,1.32,-2.73,233.09,211.88,190.66,1957,2140,0.91,1041.94,31.8,4.5,2.25,2026-03-16,2026-03-16 10:42:12
1504,東元,69.3,29.44,26.24,24.7,-3.72,-3.16,-0.57,86.53,76.09,65.65,12730,7746,1.64,1624.83,27.28,2.2,3.17,2026-03-16,2026-03-16 10:42:14
1506,正道,11.3,65.38,58.15,33.33,-0.17,-0.16,-0.01,11.98,11.58,11.18,256,164,1.56,33.94,141.25,,,2026-03-16,2026-03-16 10:42:15
1512,瑞利,8.01,57.57,44.79,50.66,-0.04,-0.09,0.05,8.37,7.69,7.02,182,338,0.54,7.86,,,,2026-03-16,2026-03-16 10:42:16
1513,中興電,158.5,42.32,32.75,40.4,-2.17,-1.2,-0.97,175.1,161.97,148.85,2392,3476,0.69,783.11,20.56,4.6,2.9,2026-03-16,2026-03-16 10:42:16
1514,亞力,115.5,37.12,30.54,40.22,-1.48,-0.36,-1.12,129.96,119.33,108.69,2393,2332,1.03,312.85,35.76,1.7,1.47,2026-03-16,2026-03-16 10:42:17
1515,力山,25.2,34.18,31.18,39.31,-0.56,-0.51,-0.05,27.4,25.85,24.3,216,236,0.92,45.73,25.98,1.0,3.97,2026-03-16,2026-03-16 10:42:18
1516,川飛,22.5,51.84,63.46,58.19,0.54,0.44,0.1,25.16,22.52,19.89,98,220,0.45,9.0,,,,2026-03-16,2026-03-16 10:42:18
1517,利奇,11.35,14.8,20.52,38.71,-0.13,-0.05,-0.09,12.4,11.8,11.19,141,217,0.65,24.97,1.72,0.2,1.76,2026-03-16,2026-03-16 10:42:19
1519,華城,909.0,36.79,31.12,44.22,-5.48,5.39,-10.87,1053.16,952.6,852.04,2033,2552,0.8,2871.35,66.69,9.0,0.99,2026-03-16,2026-03-16 10:42:20
1521,大億,25.1,25.34,20.78,11.29,-0.35,-0.17,-0.18,27.75,26.07,24.38,30,20,1.52,19.13,39.84,1.0,3.98,2026-03-16,2026-03-16 10:42:22
1522,堤維西,34.8,15.52,20.2,19.33,-2.65,-1.97,-0.68,49.79,42.82,35.85,3147,2053,1.53,108.56,36.25,3.0,8.62,2026-03-16,2026-03-16 10:42:22
1524,耿鼎,29.1,38.84,33.67,32.41,-0.74,-0.64,-0.1,32.37,30.07,27.78,366,830,0.44,48.11,14.92,1.4,4.81,2026-03-16,2026-03-16 10:42:23
1525,江申,61.6,30.52,30.31,25.93,-0.42,-0.3,-0.11,64.53,62.66,60.8,41,34,1.2,45.21,15.96,2.8,4.55,2026-03-16,2026-03-16 10:42:25
1526,日馳,17.9,14.53,11.68,29.9,-0.54,-0.28,-0.27,21.2,19.16,17.11,154,188,0.82,10.74,,,,2026-03-16,2026-03-16 10:42:25
1527,鑽全,32.2,18.8,21.26,23.26,-0.52,-0.39,-0.14,34.98,33.43,31.89,181,209,0.87,44.62,23.5,2.2,6.83,2026-03-16,2026-03-16 10:42:26
1528,恩德,22.4,49.2,36.61,46.84,-0.75,-0.63,-0.11,27.08,23.19,19.31,2941,3244,0.91,42.86,,0.1,0.45,2026-03-16,2026-03-16 10:42:27
1529,樂事綠能,28.9,73.71,65.99,67.2,1.34,1.07,0.27,29.45,25.57,21.7,4096,7639,0.54,44.82,38.53,0.2,0.69,2026-03-16,2026-03-16 10:42:27
1530,亞崴,26.4,20.19,21.76,22.73,-0.55,-0.31,-0.24,30.16,28.06,25.96,27,39,0.69,24.97,44.0,1.53,5.8,2026-03-16,2026-03-16 10:42:28
1531,高林股,12.85,56.64,37.75,54.41,-0.04,-0.08,0.04,12.93,12.13,11.34,390,177,2.2,23.4,13.67,0.4,3.11,2026-03-16,2026-03-16 10:42:29
1532,勤美,23.1,37.44,37.89,38.61,-0.44,-0.45,0.0,24.83,23.83,22.82,555,517,1.07,96.16,115.5,1.73,7.49,2026-03-16,2026-03-16 10:42:30
1533,車王電,30.9,69.13,56.18,47.58,-0.28,-0.4,0.11,31.44,30.46,29.49,122,88,1.39,30.45,52.37,,,2026-03-16,2026-03-16 10:42:30
1535,中宇,52.2,60.85,62.37,65.52,0.34,-0.16,0.5,54.3,49.83,45.36,164,260,0.63,64.59,13.08,3.0,5.75,2026-03-16,2026-03-16 10:42:31
1536,和大,52.6,18.13,17.47,21.91,-2.25,-1.5,-0.75,65.91,57.72,49.53,3000,1841,1.63,146.73,97.41,0.8,1.52,2026-03-16,2026-03-16 10:42:32
1537,廣隆,124.0,52.86,43.41,44.44,-0.01,-0.06,0.05,125.81,123.75,121.69,97,64,1.5,101.76,15.05,10.5,8.47,2026-03-16,2026-03-16 10:42:33
1538,正峰,17.5,16.26,15.27,17.37,-2.26,-1.79,-0.46,29.16,22.03,14.9,10,15,0.67,5.65,,,,2026-03-16,2026-03-16 10:42:33
1539,巨庭,16.85,47.71,39.21,30.14,-0.37,-0.31,-0.06,18.82,17.56,16.29,115,129,0.89,11.01,67.4,0.85,5.04,2026-03-16,2026-03-16 10:42:35
1540,喬福,22.3,51.88,42.14,27.78,-0.58,-0.52,-0.05,25.1,23.26,21.41,269,208,1.29,19.06,21.44,1.6,7.17,2026-03-16,2026-03-16 10:42:37
1541,錩泰,24.85,52.07,43.93,42.28,-0.07,-0.08,0.01,25.87,24.81,23.76,21,38,0.56,19.58,17.14,0.5,2.01,2026-03-16,2026-03-16 10:42:39
1558,伸興,94.2,22.86,20.21,13.83,-1.23,-1.11,-0.12,100.25,95.9,91.55,92,56,1.63,60.79,17.03,6.0,6.37,2026-03-16,2026-03-16 10:42:40
1560,中砂,453.5,23.75,31.26,47.2,10.36,15.02,-4.66,534.29,462.15,390.01,1500,2471,0.61,666.38,60.47,3.99,0.88,2026-03-16,2026-03-16 10:42:41
1563,巧新,41.0,15.03,17.16,28.4,-1.33,-1.06,-0.27,47.37,43.54,39.71,248,297,0.84,89.01,28.87,2.27,5.54,2026-03-16,2026-03-16 10:42:42
1568,倉佑,22.35,65.77,50.51,45.56,-0.39,-0.43,0.04,23.71,22.34,20.98,152,116,1.31,23.04,16.43,1.2,5.37,2026-03-16,2026-03-16 10:42:42
1582,信錦,86.6,78.07,80.53,73.31,5.64,4.55,1.09,95.92,77.74,59.56,5063,8901,0.57,124.94,25.25,5.5,6.35,2026-03-16,2026-03-16 10:42:43
1583,程泰,42.55,7.98,14.35,12.23,-1.21,-0.57,-0.64,51.5,46.77,42.04,18,24,0.78,46.55,19.61,3.03,7.12,2026-03-16,2026-03-16 10:42:44
1587,吉茂,37.4,7.42,9.91,16.97,-2.74,-2.47,-0.27,48.31,41.63,34.94,548,538,1.02,29.94,187.0,0.5,1.34,2026-03-16,2026-03-16 10:42:44
1589,永冠-KY,8.77,46.45,24.54,20.52,-2.46,-2.25,-0.21,19.56,11.53,3.5,1690,3524,0.48,13.43,1.92,,,2026-03-16,2026-03-16 10:42:45
1590,亞德客-KY,1015.0,26.51,23.33,31.48,-21.4,0.38,-21.78,1319.77,1127.2,934.63,551,1102,0.5,2030.0,24.21,20.01,1.97,2026-03-16,2026-03-16 10:42:46
1597,直得,78.0,62.76,47.52,44.88,-0.85,-0.8,-0.05,83.1,76.92,70.73,491,313,1.57,68.06,85.71,0.7,0.9,2026-03-16,2026-03-16 10:42:48
1598,岱宇,20.35,71.81,58.32,59.62,-0.1,-0.25,0.15,20.67,19.58,18.48,430,395,1.09,33.85,39.13,0.5,2.46,2026-03-16,2026-03-16 10:42:49
1603,華電,34.25,18.4,23.72,28.49,-1.08,-0.74,-0.34,40.05,37.38,34.71,831,1169,0.71,54.4,9.31,1.5,4.38,2026-03-16,2026-03-16 10:42:50
1604,聲寶,25.0,80.66,69.79,64.0,0.17,0.07,0.1,25.03,24.24,23.44,363,580,0.63,90.94,15.24,1.5,6.0,2026-03-16,2026-03-16 10:42:51
1605,華新,32.9,42.24,33.89,43.08,-1.41,-1.23,-0.18,38.07,34.15,30.24,24571,29822,0.82,1457.91,43.87,0.5,1.52,2026-03-16,2026-03-16 10:42:51
1608,華榮,33.45,36.57,35.98,38.89,-0.92,-0.85,-0.08,36.94,34.33,31.73,2352,4707,0.5,141.9,6.87,1.0,2.99,2026-03-16,2026-03-16 10:42:53
1609,大亞,35.75,25.05,27.37,26.37,-1.14,-0.78,-0.35,41.98,38.28,34.58,2552,2951,0.86,279.9,19.86,0.75,2.1,2026-03-16,2026-03-16 10:42:54
1611,中電,13.1,62.56,55.67,45.07,-0.04,-0.08,0.04,13.77,13.07,12.38,817,1230,0.66,42.28,77.06,0.8,6.11,2026-03-16,2026-03-16 10:42:56
1612,宏泰,35.9,49.42,33.56,48.1,-0.38,-0.36,-0.01,37.04,35.16,33.29,1992,852,2.34,113.47,13.6,2.1,5.85,2026-03-16,2026-03-16 10:42:56
1614,三洋電,32.15,15.49,23.99,19.05,-0.44,-0.23,-0.21,35.49,33.62,31.74,37,45,0.83,83.25,31.21,0.58,1.8,2026-03-16,2026-03-16 10:42:57
1615,大山,46.0,47.57,38.55,37.22,-0.89,-0.79,-0.1,50.0,46.9,43.8,190,240,0.79,90.47,10.85,2.0,4.35,2026-03-16,2026-03-16 10:42:58
1616,億泰,24.8,11.76,22.11,24.29,-0.79,-0.44,-0.35,30.35,27.72,25.1,1447,1578,0.92,46.99,6.61,1.8,7.26,2026-03-16,2026-03-16 10:42:59
1617,榮星,14.9,39.83,34.99,32.05,-0.27,-0.19,-0.07,16.56,15.47,14.39,91,70,1.3,23.51,,0.5,3.36,2026-03-16,2026-03-16 10:43:00
1618,合機,41.3,16.25,19.92,32.02,-0.91,-0.5,-0.42,47.39,43.76,40.13,447,805,0.56,79.58,9.74,1.5,3.63,2026-03-16,2026-03-16 10:43:01
1623,大東電,200.0,26.21,23.91,39.13,-14.33,-14.52,0.19,237.03,211.6,186.17,158,190,0.83,132.0,16.91,8.0,4.0,2026-03-16,2026-03-16 10:43:02
1626,艾美特-KY,10.55,39.74,38.2,32.0,-0.15,-0.12,-0.03,11.22,10.8,10.38,194,81,2.38,15.81,,,,2026-03-16,2026-03-16 10:43:02
1702,南僑,35.7,11.3,18.68,20.0,-0.56,-0.36,-0.2,38.96,37.19,35.43,341,508,0.67,88.57,19.83,2.5,7.0,2026-03-16,2026-03-16 10:43:03
1707,葡萄王,119.5,39.14,40.51,37.04,-0.77,-0.61,-0.16,124.52,121.42,118.33,102,118,0.87,177.02,14.63,6.0,5.02,2026-03-16,2026-03-16 10:43:04
1708,東鹼,43.2,67.48,53.86,76.76,1.44,0.97,0.47,40.63,36.53,32.44,17026,12144,1.4,107.57,14.5,2.0,4.63,2026-03-16,2026-03-16 10:43:05
1709,和益,18.3,58.68,47.97,68.13,0.15,0.03,0.12,17.72,16.92,16.13,5022,1681,2.99,87.29,17.94,0.8,4.37,2026-03-16,2026-03-16 10:43:06
1710,東聯,13.6,57.03,55.0,53.7,0.25,0.18,0.07,14.23,13.21,12.18,4469,6318,0.71,119.28,14.17,,,2026-03-16,2026-03-16 10:43:07
1711,永光,35.5,81.83,67.3,72.77,2.29,1.62,0.67,33.21,26.78,20.35,39225,41518,0.94,194.45,,0.3,0.85,2026-03-16,2026-03-16 10:43:08
1712,興農,46.35,31.42,47.77,60.24,0.31,0.36,-0.05,47.55,46.38,45.22,1124,1248,0.9,194.9,17.83,2.5,5.39,2026-03-16,2026-03-16 10:43:08
1713,國化,47.35,58.15,44.73,48.64,-0.36,-0.38,0.02,49.03,46.89,44.75,353,306,1.16,71.48,4.84,7.5,15.84,2026-03-16,2026-03-16 10:43:09
1714,和桐,9.38,26.24,35.94,51.04,0.11,0.18,-0.08,10.22,9.53,8.84,6313,7908,0.8,92.08,18.76,0.21,2.24,2026-03-16,2026-03-16 10:43:10
1717,長興,63.6,52.43,43.64,55.85,1.38,1.44,-0.07,69.57,60.99,52.42,29675,23141,1.28,745.55,42.68,1.2,1.89,2026-03-16,2026-03-16 10:43:10
1718,中纖,7.38,40.55,44.76,57.65,0.11,0.08,0.03,7.68,7.22,6.76,7074,9708,0.73,99.01,,,,2026-03-16,2026-03-16 10:43:11
1720,生達,63.1,27.05,36.71,60.58,0.58,0.72,-0.14,66.37,62.93,59.5,253,428,0.59,112.76,12.18,2.8,4.44,2026-03-16,2026-03-16 10:43:12
1721,三晃,20.8,69.55,48.73,62.93,0.26,0.09,0.18,20.21,17.82,15.44,6854,3105,2.21,38.46,,,,2026-03-16,2026-03-16 10:43:14
1722,台肥,48.1,35.19,36.5,60.48,0.22,0.09,0.13,48.14,46.85,45.55,12925,5985,2.16,471.38,50.63,2.0,4.16,2026-03-16,2026-03-16 10:43:14
1723,中碳,76.8,65.29,46.5,62.42,0.36,-0.15,0.51,76.27,71.56,66.86,2195,1415,1.55,178.29,28.98,4.5,5.86,2026-03-16,2026-03-16 10:43:15
1725,元禎,32.45,56.98,39.4,65.07,0.33,0.03,0.3,30.97,28.02,25.08,827,294,2.81,59.0,20.16,1.25,3.85,2026-03-16,2026-03-16 10:43:17
1726,永記,75.5,32.54,35.72,37.33,-0.18,-0.01,-0.17,78.06,76.35,74.65,23,25,0.92,122.31,13.2,3.6,4.77,2026-03-16,2026-03-16 10:43:17
1727,中華化,55.3,73.24,69.47,63.75,2.66,1.49,1.17,57.94,47.53,37.12,34089,16455,2.07,69.33,614.44,0.5,0.9,2026-03-16,2026-03-16 10:43:18
1730,花仙子,53.0,58.51,55.63,38.89,0.05,0.1,-0.05,53.65,53.27,52.9,41,51,0.81,33.51,11.78,3.0,5.66,2026-03-16,2026-03-16 10:43:19
1731,美吾華,21.85,39.51,41.02,43.48,-0.01,0.01,-0.02,22.15,21.95,21.74,62,68,0.92,,16.07,1.2,5.49,2026-03-16,2026-03-16 10:43:20
1732,毛寶,26.4,38.16,31.48,35.71,-0.49,-0.44,-0.05,28.33,27.03,25.72,61,100,0.62,11.21,73.33,0.5,1.89,2026-03-16,2026-03-16 10:43:20
1733,五鼎,29.15,45.88,39.56,32.26,-0.23,-0.17,-0.06,31.16,29.8,28.45,67,96,0.7,29.14,19.43,1.2,4.12,2026-03-16,2026-03-16 10:43:21
1734,杏輝,30.9,66.46,64.57,50.0,0.03,-0.0,0.03,31.08,30.71,30.34,248,283,0.87,58.77,17.07,0.95,3.07,2026-03-16,2026-03-16 10:43:22
1735,日勝化,26.1,82.41,68.13,75.07,1.54,0.89,0.65,24.32,19.26,14.2,1600,2108,0.76,25.94,58.0,0.8,3.07,2026-03-16,2026-03-16 10:43:22
1736,喬山,131.0,39.25,40.79,42.74,-4.0,-3.92,-0.07,145.52,135.03,124.53,427,707,0.6,397.45,14.44,4.0,3.05,2026-03-16,2026-03-16 10:43:23
1737,臺鹽,31.6,50.99,47.47,44.0,-0.01,-0.0,-0.0,31.85,31.6,31.34,64,67,0.96,63.2,15.88,1.3,4.11,2026-03-16,2026-03-16 10:43:24
1752,南光,36.4,21.46,25.85,36.67,-0.07,-0.03,-0.04,37.36,36.79,36.23,40,36,1.13,36.76,15.1,1.6,4.4,2026-03-16,2026-03-16 10:43:24
1760,寶齡富錦,59.6,43.3,41.19,35.0,-1.12,-1.03,-0.08,63.98,61.2,58.42,71,116,0.61,51.1,29.36,1.8,3.02,2026-03-16,2026-03-16 10:43:25
1762,中化生,29.2,60.35,65.58,61.33,0.85,0.68,0.17,30.28,27.5,24.72,124,384,0.32,22.46,64.89,0.19,0.65,2026-03-16,2026-03-16 10:43:26
1773,勝一,148.0,43.54,36.98,45.79,-0.63,-0.43,-0.2,159.91,148.07,136.24,1110,1048,1.06,444.0,21.86,2.5,1.69,2026-03-16,2026-03-16 10:43:29
1776,展宇,16.4,55.7,40.42,66.15,0.02,-0.07,0.08,15.82,15.12,14.43,607,157,3.85,9.86,91.11,0.6,3.66,2026-03-16,2026-03-16 10:43:29
1783,和康生,43.15,51.14,37.77,37.65,-0.62,-0.6,-0.02,45.89,43.69,41.49,57,55,1.04,38.7,16.66,0.83,1.92,2026-03-16,2026-03-16 10:43:30
1786,科妍,65.4,13.56,18.96,24.37,-2.76,-2.24,-0.53,77.61,70.73,63.85,174,203,0.86,48.94,29.59,1.91,2.92,2026-03-16,2026-03-16 10:43:31
1789,神隆,21.65,58.57,46.45,48.55,-0.5,-0.48,-0.02,23.4,21.56,19.72,1259,1143,1.1,171.19,127.35,0.35,1.62,2026-03-16,2026-03-16 10:43:31
1795,美時,232.5,18.7,21.58,28.23,-18.78,-14.19,-4.59,345.18,281.07,216.97,6179,5059,1.22,611.03,12.89,5.78,2.49,2026-03-16,2026-03-16 10:43:32
1802,台玻,61.7,50.02,37.88,59.73,2.93,3.31,-0.38,68.6,55.52,42.44,12267,10905,1.12,1794.27,18.36,,,2026-03-16,2026-03-16 10:43:33
1805,寶徠,10.3,19.48,19.42,11.63,-0.42,-0.31,-0.11,12.52,11.21,9.9,26,74,0.36,13.9,5.05,,,2026-03-16,2026-03-16 10:43:33
1806,冠軍,8.57,14.14,23.07,30.19,-0.08,-0.06,-0.03,9.07,8.82,8.58,558,480,1.16,33.12,26.78,1.0,11.67,2026-03-16,2026-03-16 10:43:34
1808,潤隆,31.1,75.71,56.51,46.75,-0.41,-0.62,0.21,32.61,30.62,28.63,572,1251,0.46,277.73,14.6,2.22,7.14,2026-03-16,2026-03-16 10:43:35
1809,中釉,25.2,38.52,34.45,52.61,0.48,0.62,-0.14,27.26,24.84,22.42,3052,3285,0.93,42.09,148.24,0.25,0.99,2026-03-16,2026-03-16 10:43:35
1810,和成,17.6,19.64,22.18,29.41,-0.32,-0.19,-0.13,19.75,18.44,17.12,639,741,0.86,53.13,440.0,0.19,1.08,2026-03-16,2026-03-16 10:43:36
1817,凱撒衛,38.7,43.09,35.8,42.86,0.01,0.04,-0.03,39.26,38.79,38.32,20,31,0.66,28.1,9.63,2.4,6.2,2026-03-16,2026-03-16 10:43:38
1903,士紙,49.65,13.02,16.31,25.14,-1.44,-1.14,-0.3,56.29,52.7,49.12,200,165,1.21,129.11,107.93,,,2026-03-16,2026-03-16 10:43:38
1904,正隆,17.55,16.51,17.52,40.24,-0.12,-0.02,-0.1,18.97,18.05,17.14,1160,1583,0.73,194.5,65.0,0.45,2.56,2026-03-16,2026-03-16 10:43:39
1905,華紙,11.55,12.2,18.5,43.06,-0.13,-0.06,-0.07,12.67,12.0,11.33,1986,1794,1.11,127.38,,,,2026-03-16,2026-03-16 10:43:40
1906,寶隆,11.15,22.17,23.75,28.57,-0.17,-0.12,-0.05,12.17,11.64,11.1,120,83,1.45,16.84,92.92,0.1,0.9,2026-03-16,2026-03-16 10:43:41
1907,永豐餘,24.2,18.42,18.29,34.26,-0.39,-0.27,-0.12,26.92,25.16,23.41,1498,939,1.6,401.81,20.17,0.8,3.31,2026-03-16,2026-03-16 10:43:41
1909,榮成,9.2,17.16,18.61,34.58,-0.19,-0.16,-0.04,10.26,9.62,8.98,1174,1699,0.69,120.67,,,,2026-03-16,2026-03-16 10:43:42
2002,中鋼,19.15,25.96,24.39,37.25,-0.2,-0.04,-0.16,21.46,20.02,18.58,34626,34012,1.02,2933.82,43.12,0.33,1.72,2026-03-16,2026-03-16 10:43:43
2006,東和鋼鐵,76.3,42.85,68.53,60.91,2.45,2.59,-0.14,84.93,76.26,67.58,5415,4578,1.18,557.15,11.85,4.3,5.64,2026-03-16,2026-03-16 10:43:44
2007,燁興,7.89,38.62,36.61,34.55,-0.08,-0.01,-0.06,8.63,8.17,7.72,388,316,1.23,41.87,,,,2026-03-16,2026-03-16 10:43:46
2008,高興昌,28.0,16.27,16.83,28.26,-0.3,-0.15,-0.15,30.45,29.13,27.82,166,48,3.45,53.44,46.67,0.5,1.79,2026-03-16,2026-03-16 10:43:48
2009,第一銅,42.05,43.46,41.12,35.21,-1.29,-1.18,-0.11,47.38,44.02,40.67,1439,1511,0.95,151.22,127.42,0.5,1.19,2026-03-16,2026-03-16 10:43:49
2010,春源,24.05,76.39,69.89,66.29,0.54,0.42,0.11,24.03,22.75,21.47,2122,2358,0.9,155.76,10.83,1.3,5.41,2026-03-16,2026-03-16 10:43:50
2012,春雨,15.0,10.12,16.65,17.39,-0.43,-0.2,-0.23,18.11,16.49,14.88,202,111,1.81,41.81,45.45,1.0,6.67,2026-03-16,2026-03-16 10:43:50
2013,中鋼構,44.0,74.19,72.79,64.29,0.49,0.35,0.14,44.83,42.78,40.73,202,233,0.87,88.0,13.84,2.0,4.55,2026-03-16,2026-03-16 10:43:51
2014,中鴻,17.35,43.87,39.23,44.17,-0.01,0.1,-0.12,18.89,17.83,16.77,3552,4694,0.76,249.07,32.74,,,2026-03-16,2026-03-16 10:43:52
2015,豐興,67.9,56.69,61.17,49.21,0.87,0.94,-0.07,69.85,67.31,64.77,400,499,0.8,394.91,17.64,3.3,4.86,2026-03-16,2026-03-16 10:43:52
2017,官田鋼,9.48,34.79,50.89,59.2,0.23,0.24,-0.01,10.4,9.38,8.36,690,999,0.69,40.51,,,,2026-03-16,2026-03-16 10:43:53
2020,美亞,24.1,35.06,31.33,47.3,0.01,0.05,-0.05,24.71,24.11,23.52,345,302,1.14,64.35,12.68,2.2,9.13,2026-03-16,2026-03-16 10:43:54
2022,聚亨,8.79,59.2,61.78,40.21,0.05,0.07,-0.02,9.36,8.92,8.48,933,774,1.21,29.64,,,,2026-03-16,2026-03-16 10:43:54
2023,燁輝,14.45,52.13,56.49,39.29,-0.08,-0.06,-0.02,15.0,14.71,14.42,2531,2088,1.21,268.95,38.03,,,2026-03-16,2026-03-16 10:43:55
2024,志聯,14.55,8.48,17.54,24.1,-0.35,-0.19,-0.17,17.2,15.78,14.35,15,12,1.22,14.19,,,,2026-03-16,2026-03-16 10:43:57
2025,千興,10.65,20.53,21.46,22.64,-0.39,-0.24,-0.14,12.79,11.55,10.31,113,113,1.0,18.39,,,,2026-03-16,2026-03-16 10:43:57
2027,大成鋼,36.4,45.95,48.83,44.63,-0.16,-0.09,-0.07,37.88,36.97,36.06,10339,12132,0.85,856.8,13.95,1.1,3.02,2026-03-16,2026-03-16 10:43:59
2028,威致,17.3,19.0,24.61,27.63,-0.3,-0.11,-0.18,19.72,18.36,17.01,88,101,0.87,56.06,78.64,0.6,3.47,2026-03-16,2026-03-16 10:44:00
2029,盛餘,20.45,12.15,16.11,31.25,-0.2,-0.05,-0.14,22.33,21.33,20.33,138,146,0.94,65.68,27.64,1.25,6.11,2026-03-16,2026-03-16 10:44:00
2030,彰源,15.3,24.77,27.56,40.7,-0.18,-0.06,-0.12,16.96,15.99,15.02,278,333,0.84,42.22,49.35,0.71,4.64,2026-03-16,2026-03-16 10:44:01
2031,新光鋼,39.1,73.12,57.94,47.78,-0.05,-0.07,0.02,40.56,38.9,37.25,471,1018,0.46,125.57,16.29,2.5,6.39,2026-03-16,2026-03-16 10:44:02
2032,新鋼,15.15,24.65,24.9,37.08,-0.29,-0.19,-0.1,17.1,15.87,14.64,220,249,0.88,19.77,30.92,0.38,2.51,2026-03-16,2026-03-16 10:44:04
2033,佳大,16.2,32.76,28.25,43.14,-0.04,0.0,-0.04,16.79,16.29,15.78,130,133,0.97,13.07,55.86,0.2,1.23,2026-03-16,2026-03-16 10:44:04
2034,允強,20.05,44.19,32.74,40.48,-0.33,-0.3,-0.03,21.79,20.48,19.18,772,941,0.82,106.06,25.06,1.0,4.99,2026-03-16,2026-03-16 10:44:05
2038,海光,14.7,39.71,41.91,43.28,-0.1,-0.05,-0.06,15.69,15.07,14.45,203,330,0.61,28.54,,,,2026-03-16,2026-03-16 10:44:06
2049,上銀,233.0,49.11,46.42,51.39,2.42,3.25,-0.83,250.94,234.25,217.56,2607,4437,0.59,824.34,54.31,2.4,1.03,2026-03-16,2026-03-16 10:44:06
2059,川湖,3320.0,64.93,56.75,58.53,2.04,-24.4,26.44,3532.51,3179.75,2826.99,356,474,0.75,3163.86,33.0,32.2,0.97,2026-03-16,2026-03-16 10:44:07
2062,橋椿,20.3,21.77,20.94,37.61,-0.4,-0.29,-0.11,22.46,21.1,19.74,121,204,0.59,40.6,52.05,1.8,8.87,2026-03-16,2026-03-16 10:44:09
2069,運錩,18.95,71.86,63.47,48.68,-0.03,-0.06,0.03,19.48,18.79,18.11,243,302,0.8,31.53,11.99,0.9,4.75,2026-03-16,2026-03-16 10:44:09
2101,南港,31.65,11.01,21.38,25.63,-1.04,-0.77,-0.27,36.97,34.36,31.76,2010,1965,1.02,228.85,65.94,0.7,2.21,2026-03-16,2026-03-16 10:44:10
2102,泰豐,19.15,27.01,26.14,43.94,-0.29,-0.18,-0.11,21.25,19.61,17.97,840,553,1.52,88.01,,,,2026-03-16,2026-03-16 10:44:11
2103,台橡,20.7,60.16,61.79,61.92,1.34,1.24,0.1,23.28,19.05,14.82,8933,9651,0.93,170.92,38.33,0.63,3.04,2026-03-16,2026-03-16 10:44:11
2104,國際中橡,12.25,35.23,36.08,49.14,0.17,0.2,-0.03,13.85,12.22,10.58,4059,4610,0.88,118.82,45.37,,,2026-03-16,2026-03-16 10:44:12
2105,正新,30.05,55.75,37.83,43.38,-0.37,-0.35,-0.01,31.66,29.91,28.15,16133,16519,0.98,974.05,19.14,2.4,7.99,2026-03-16,2026-03-16 10:44:13
2106,建大,18.2,12.96,15.32,21.33,-0.4,-0.25,-0.14,20.73,19.38,18.03,471,841,0.56,173.79,67.41,1.1,6.04,2026-03-16,2026-03-16 10:44:14
2107,厚生,25.0,33.31,32.69,37.78,0.01,0.07,-0.06,25.87,25.2,24.52,281,290,0.97,75.9,15.43,1.4,5.6,2026-03-16,2026-03-16 10:44:14
2108,南帝,25.4,51.55,42.46,44.32,0.26,0.33,-0.07,27.69,25.28,22.87,690,742,0.93,125.07,30.6,1.0,3.94,2026-03-16,2026-03-16 10:44:15
2109,華豐,15.05,60.73,52.76,50.0,0.01,-0.0,0.01,15.25,14.95,14.64,95,112,0.84,42.04,11.94,1.5,9.97,2026-03-16,2026-03-16 10:44:16
2114,鑫永銓,88.5,36.83,42.13,40.0,-0.27,-0.2,-0.07,90.19,89.23,88.26,50,53,0.93,69.02,15.36,5.0,5.65,2026-03-16,2026-03-16 10:44:17
2115,六暉-KY,21.4,9.17,15.6,7.04,-0.66,-0.43,-0.23,25.44,23.68,21.91,799,253,3.16,22.34,10.59,1.5,7.01,2026-03-16,2026-03-16 10:44:19
2201,裕隆,27.7,14.52,18.0,29.58,-0.98,-0.84,-0.14,32.06,29.57,27.08,2200,2641,0.83,294.31,20.83,0.56,2.02,2026-03-16,2026-03-16 10:44:20
2204,中華,56.5,48.76,40.31,39.34,-0.34,-0.29,-0.05,60.77,57.19,53.61,698,1110,0.63,312.8,11.04,3.6,6.37,2026-03-16,2026-03-16 10:44:21
2206,三陽工業,58.4,24.46,31.63,28.77,-0.44,-0.19,-0.25,62.04,60.05,58.05,916,708,1.29,454.55,9.86,3.03,5.19,2026-03-16,2026-03-16 10:44:21
2207,和泰車,481.0,6.91,14.11,28.75,-14.38,-8.5,-5.89,585.51,528.23,470.94,564,500,1.13,2679.66,14.67,20.0,4.16,2026-03-16,2026-03-16 10:44:22
2208,台船,22.1,40.01,29.71,37.91,-0.14,0.03,-0.17,24.88,22.4,19.92,4742,3783,1.25,281.67,,,,2026-03-16,2026-03-16 10:44:23
2211,長榮鋼,103.0,72.3,62.46,52.29,-0.3,-0.49,0.18,105.55,102.08,98.61,868,725,1.2,429.6,12.17,5.0,4.85,2026-03-16,2026-03-16 10:44:25
2227,裕日車,50.0,8.75,14.26,18.88,-1.1,-0.72,-0.39,57.14,52.83,48.52,55,82,0.67,150.0,29.07,3.9,7.8,2026-03-16,2026-03-16 10:44:25
2228,劍麟,90.0,37.77,35.65,35.85,-2.71,-2.74,0.03,98.05,93.23,88.4,114,216,0.53,71.8,17.68,9.0,10.0,2026-03-16,2026-03-16 10:44:26
2230,泰茂,37.0,69.56,49.15,28.75,-12.26,-13.32,1.07,77.3,45.19,13.08,176,198,0.89,25.17,54.41,1.0,2.7,2026-03-16,2026-03-16 10:44:28
2231,為升,80.8,11.35,16.82,31.75,-3.3,-2.41,-0.89,98.84,88.8,78.76,445,421,1.06,109.82,51.46,2.07,2.56,2026-03-16,2026-03-16 10:44:30
2233,宇隆,233.0,64.03,46.98,48.45,-2.4,-2.04,-0.36,242.39,226.75,211.11,751,522,1.44,140.47,31.57,7.0,3.0,2026-03-16,2026-03-16 10:44:31
2236,百達-KY,111.5,68.45,62.61,44.44,-0.34,-0.28,-0.05,116.37,112.9,109.43,327,301,1.09,68.46,20.72,0.31,0.28,2026-03-16,2026-03-16 10:44:31
2239,英利-KY,23.05,14.94,15.97,14.84,-1.62,-1.58,-0.04,29.12,25.95,22.78,231,99,2.32,27.13,3.02,,,2026-03-16,2026-03-16 10:44:32
2241,艾姆勒,29.35,57.06,54.74,49.55,-0.97,-1.19,0.22,30.74,29.49,28.23,409,248,1.65,30.7,,,,2026-03-16,2026-03-16 10:44:33
2243,宏旭-KY,17.15,86.99,77.66,86.13,0.97,0.46,0.52,15.8,12.64,9.47,2074,1506,1.38,11.9,55.32,,,2026-03-16,2026-03-16 10:44:33
2247,汎德永業,244.0,28.73,20.22,19.39,-9.0,-7.47,-1.52,294.87,260.6,226.33,67,62,1.06,196.93,12.09,25.0,10.25,2026-03-16,2026-03-16 10:44:34
2248,華勝-KY,49.85,69.96,65.24,59.02,0.15,0.0,0.15,50.41,48.32,46.24,66,38,1.73,23.73,9.83,2.73,5.48,2026-03-16,2026-03-16 10:44:34
2250,IKKA-KY,65.0,37.08,28.09,30.77,-2.28,-2.07,-0.22,74.43,67.92,61.41,80,66,1.21,23.65,17.06,3.35,5.15,2026-03-16,2026-03-16 10:44:35
2254,巨鎧精密-創,69.0,40.91,50.08,68.55,2.35,2.27,0.09,75.07,65.1,55.13,49,58,0.84,43.99,,,,2026-03-16,2026-03-16 10:44:37
2258,鴻華先進-創,31.9,9.88,16.32,16.74,-1.69,-1.15,-0.54,41.91,36.59,31.27,863,920,0.94,556.22,,,,2026-03-16,2026-03-16 10:44:37
2301,光寶科,165.0,56.31,39.76,38.46,-2.26,-1.53,-0.73,192.57,168.38,144.18,13139,17748,0.74,3745.12,25.0,7.51,4.55,2026-03-16,2026-03-16 10:44:39
2302,麗正,18.75,64.29,51.43,52.3,-0.18,-0.27,0.09,19.63,18.28,16.93,843,1163,0.72,31.18,24.35,0.58,3.09,2026-03-16,2026-03-16 10:44:40
2303,聯電,60.5,38.21,33.84,42.2,-0.27,0.33,-0.59,66.6,62.37,58.14,58817,63728,0.92,7615.83,18.28,2.85,4.71,2026-03-16,2026-03-16 10:44:42
2305,全友,14.85,75.19,66.27,62.79,0.32,0.13,0.19,14.86,13.25,11.65,2327,3176,0.73,30.1,,,,2026-03-16,2026-03-16 10:44:42
2308,台達電,1360.0,67.45,58.6,53.64,49.04,52.61,-3.57,1495.88,1309.5,1123.12,6219,9250,0.67,35326.59,58.8,7.0,0.51,2026-03-16,2026-03-16 10:44:44
2312,金寶,22.85,42.23,37.73,42.11,-0.83,-0.76,-0.07,26.05,23.99,21.94,9859,14154,0.7,344.0,22.62,0.6,2.63,2026-03-16,2026-03-16 10:44:45
2313,華通,221.0,49.93,38.83,55.37,12.68,14.57,-1.89,235.23,200.65,166.07,112780,80945,1.39,2633.92,40.18,2.8,1.27,2026-03-16,2026-03-16 10:44:45
2314,台揚,18.4,21.27,14.09,36.23,-1.05,-0.87,-0.18,22.22,19.49,16.76,722,416,1.73,8.22,13.53,,,2026-03-16,2026-03-16 10:44:47
2316,楠梓電,100.5,51.36,35.68,52.56,-1.36,-1.37,0.01,108.07,96.38,84.69,5149,3237,1.59,182.34,8.32,0.5,0.5,2026-03-16,2026-03-16 10:44:49
2317,鴻海,216.5,31.2,26.78,42.94,-2.9,-1.59,-1.3,244.17,223.18,202.18,38378,47392,0.81,30229.33,16.12,5.8,2.68,2026-03-16,2026-03-16 10:44:50
2321,東訊,14.9,28.37,44.45,37.3,-0.34,-0.24,-0.1,17.22,16.01,14.8,0,10,0.0,4.46,,,,2026-03-13,2026-03-16 10:44:51
2323,中環,10.35,41.32,51.44,47.12,0.02,0.04,-0.02,11.58,10.67,9.75,9917,13046,0.76,112.75,,0.3,2.9,2026-03-16,2026-03-16 10:44:52
2324,仁寶,31.7,78.11,74.91,62.36,0.21,0.04,0.17,32.86,30.99,29.11,25160,32803,0.77,1381.21,21.13,1.1,3.47,2026-03-16,2026-03-16 10:44:53
2327,國巨*,260.0,38.21,33.72,41.5,-2.64,-0.05,-2.59,303.37,267.6,231.83,14618,18804,0.78,5388.23,26.05,5.0,1.92,2026-03-16,2026-03-16 10:44:53
2328,廣宇,45.75,34.95,30.08,39.67,-1.32,-0.97,-0.35,53.47,48.32,43.17,2662,2802,0.95,237.14,25.42,1.1,2.4,2026-03-16,2026-03-16 10:44:54
2329,華泰,55.7,61.34,45.94,55.81,-0.86,-1.18,0.32,57.94,52.6,47.26,15597,13780,1.13,367.07,28.86,1.0,1.8,2026-03-16,2026-03-16 10:44:56
2330,台積電,1845.0,43.59,43.66,45.53,27.32,43.25,-15.92,2026.84,1889.5,1752.16,34759,35511,0.98,478455.08,27.87,24.0,1.3,2026-03-16,2026-03-16 10:44:56
2331,精英,23.5,36.57,32.34,36.32,-0.71,-0.46,-0.25,28.45,25.18,21.92,2415,2726,0.89,130.99,19.75,0.21,0.89,2026-03-16,2026-03-16 10:44:58
2332,友訊,15.05,42.88,48.48,43.75,-0.17,-0.13,-0.03,16.19,15.43,14.66,1967,2866,0.69,89.83,50.17,0.1,0.66,2026-03-16,2026-03-16 10:45:00
2337,旺宏,119.0,61.5,45.33,57.95,7.56,8.09,-0.54,121.51,100.92,80.32,27414,195847,0.14,2206.1,10.32,,,2026-03-16,2026-03-16 10:45:01
2338,光罩,50.6,50.44,48.57,66.46,2.95,2.79,0.16,59.58,44.93,30.28,1721,2982,0.58,141.94,168.67,,,2026-03-16,2026-03-16 10:45:01
2340,台亞,28.6,67.11,51.39,58.94,0.08,-0.22,0.3,28.4,25.9,23.39,10499,4086,2.57,125.23,52.0,,,2026-03-16,2026-03-16 10:45:03
2342,茂矽,32.5,60.31,46.11,53.92,-0.4,-0.55,0.14,33.52,31.04,28.55,2576,1501,1.72,51.21,1083.33,0.3,0.92,2026-03-16,2026-03-16 10:45:04
2344,華邦電,117.0,59.81,46.84,51.2,1.34,1.85,-0.51,125.65,110.47,95.28,200579,176409,1.14,5265.0,132.95,0.5,0.43,2026-03-16,2026-03-16 10:45:04
2345,智邦,1390.0,62.0,66.7,49.31,56.77,61.31,-4.54,1574.42,1387.75,1201.08,4419,4757,0.93,7768.82,34.72,11.0,0.79,2026-03-16,2026-03-16 10:45:05
2347,聯強,77.2,76.94,66.23,69.37,1.68,1.38,0.3,74.28,69.36,64.44,18269,7284,2.51,1287.66,14.9,4.0,5.18,2026-03-16,2026-03-16 10:45:06
2348,海悅,79.0,69.24,48.7,59.49,-1.09,-1.78,0.69,78.27,73.05,67.82,1402,536,2.62,119.87,16.49,9.0,11.39,2026-03-16,2026-03-16 10:45:06
2349,錸德,12.8,29.45,28.59,43.45,-0.32,-0.27,-0.05,14.81,13.44,12.06,2565,3889,0.66,88.79,11.96,,,2026-03-16,2026-03-16 10:45:07
2351,順德,89.4,80.77,64.92,53.91,0.68,0.26,0.42,91.3,85.01,78.72,1800,1505,1.2,162.83,55.88,2.5,2.8,2026-03-16,2026-03-16 10:45:08
2352,佳世達,24.35,53.57,36.38,38.1,-0.43,-0.38,-0.06,26.78,24.67,22.57,4522,7171,0.63,315.58,26.18,3.55,14.58,2026-03-16,2026-03-16 10:45:08
2353,宏碁,27.15,60.8,58.2,54.55,0.19,0.13,0.06,27.9,26.92,25.95,15111,29682,0.51,816.19,19.82,1.3,4.79,2026-03-16,2026-03-16 10:45:10
2354,鴻準,55.0,42.67,32.12,38.79,-1.4,-1.25,-0.15,61.15,56.37,51.59,4532,3892,1.16,777.97,23.81,1.4,2.55,2026-03-16,2026-03-16 10:45:12
2355,敬鵬,43.5,63.13,57.41,60.98,1.53,1.61,-0.08,45.27,41.1,36.93,10498,11360,0.92,172.91,29.59,1.85,4.25,2026-03-16,2026-03-16 10:45:12
2356,英業達,43.1,64.27,49.85,44.15,-0.68,-0.66,-0.02,47.21,43.48,39.76,9371,14821,0.63,1546.2,17.24,1.7,3.94,2026-03-16,2026-03-16 10:45:13
2357,華碩,589.0,88.15,79.37,73.53,14.88,5.62,9.25,590.43,531.5,472.57,3965,7047,0.56,4374.86,12.64,34.0,5.77,2026-03-16,2026-03-16 10:45:14
2359,所羅門,122.0,51.98,38.36,42.71,-3.33,-2.94,-0.39,135.2,123.12,111.05,2049,1103,1.86,209.07,132.61,1.0,0.82,2026-03-16,2026-03-16 10:45:15
2360,致茂,1450.0,69.55,66.85,63.0,122.56,113.32,9.24,1662.76,1283.8,904.84,2089,2238,0.93,6142.31,58.14,9.0,0.62,2026-03-16,2026-03-16 10:45:15
2362,藍天,38.4,62.82,55.23,45.45,-0.01,-0.09,0.07,40.32,38.41,36.51,634,567,1.12,221.95,16.27,2.53,6.59,2026-03-16,2026-03-16 10:45:17
2363,矽統,50.7,59.95,48.04,39.71,-0.47,-0.25,-0.22,56.83,51.7,46.57,2437,2793,0.87,261.1,34.03,0.5,0.99,2026-03-16,2026-03-16 10:45:19
2364,倫飛,64.4,71.9,59.74,57.25,-0.28,-0.62,0.34,64.49,62.5,60.51,200,113,1.77,33.74,17.27,,,2026-03-16,2026-03-16 10:45:19
2365,昆盈,35.65,60.69,44.73,44.0,-0.63,-0.69,0.05,38.17,35.15,32.12,3068,3426,0.9,78.97,115.0,0.6,1.68,2026-03-16,2026-03-16 10:45:20
2367,燿華,74.0,71.47,64.37,70.47,6.78,6.81,-0.03,79.46,63.8,48.14,13478,16458,0.82,522.63,56.92,0.7,0.95,2026-03-16,2026-03-16 10:45:21
2368,金像電,909.0,79.53,71.34,59.54,47.33,36.74,10.59,940.98,816.0,691.02,7377,11528,0.64,4424.0,57.53,6.0,0.66,2026-03-16,2026-03-16 10:45:21
2369,菱生,28.3,59.8,48.57,53.9,0.23,0.14,0.1,29.32,26.66,24.0,18187,11521,1.58,105.97,16.85,0.3,1.06,2026-03-16,2026-03-16 10:45:22
2371,大同,31.35,16.91,21.23,25.1,-1.32,-0.85,-0.47,39.37,34.84,30.32,12050,11323,1.06,641.44,7.06,3.11,9.92,2026-03-16,2026-03-16 10:45:23
2373,震旦行,55.1,27.81,37.41,38.78,-0.06,0.03,-0.1,57.22,55.6,53.98,54,54,1.0,123.26,14.35,3.7,6.72,2026-03-16,2026-03-16 10:45:24
2374,佳能,71.7,47.97,36.93,34.69,-2.82,-2.4,-0.42,84.37,75.47,66.58,3983,3101,1.28,233.8,38.76,0.6,0.84,2026-03-16,2026-03-16 10:45:24
2375,凱美,82.0,28.73,25.75,35.99,-3.22,-2.72,-0.5,96.85,85.67,74.5,659,804,0.82,89.11,21.35,1.5,1.83,2026-03-16,2026-03-16 10:45:26
2376,技嘉,236.5,73.57,58.46,56.21,-1.4,-2.97,1.57,241.59,227.25,212.91,5140,6059,0.85,1584.29,13.85,10.0,4.23,2026-03-16,2026-03-16 10:45:27
2377,微星,94.0,43.81,43.69,52.89,-0.3,-0.48,0.18,98.09,93.07,88.05,9825,6263,1.57,794.16,17.41,5.0,5.32,2026-03-16,2026-03-16 10:45:27
2379,瑞昱,480.0,74.66,62.91,51.47,-6.34,-8.88,2.54,489.93,470.65,451.37,2292,3287,0.7,2474.46,17.11,25.5,5.31,2026-03-16,2026-03-16 10:45:28
2380,虹光,5.2,44.75,60.78,53.01,0.19,0.17,0.02,6.29,5.26,4.24,302,384,0.79,11.27,,,,2026-03-16,2026-03-16 10:45:30
2382,廣達,289.0,61.0,52.47,53.74,1.58,1.76,-0.18,299.73,286.95,274.17,14716,14577,1.01,11139.56,15.29,13.0,4.5,2026-03-16,2026-03-16 10:45:32
2383,台光電,2585.0,75.06,70.77,63.4,186.75,168.92,17.83,2719.59,2305.25,1890.91,4455,4307,1.03,9242.29,68.26,16.58,0.64,2026-03-16,2026-03-16 10:45:33
2385,群光,123.5,73.42,74.31,54.17,1.42,1.65,-0.23,127.8,123.17,118.55,3823,5205,0.73,858.73,11.06,7.2,5.83,2026-03-16,2026-03-16 10:45:34
2387,精元,43.9,77.6,76.12,68.8,1.24,1.11,0.13,46.3,41.83,37.36,1780,1791,0.99,84.96,12.72,4.0,9.11,2026-03-16,2026-03-16 10:45:35
2388,威盛,49.5,64.34,47.56,47.28,-1.23,-1.55,0.33,53.44,48.61,43.79,3135,3408,0.92,275.06,550.0,0.2,0.4,2026-03-16,2026-03-16 10:45:35
2390,云辰,9.6,21.38,23.59,33.8,-0.18,-0.13,-0.04,10.62,10.03,9.43,459,322,1.43,18.49,,,,2026-03-16,2026-03-16 10:45:36
2392,正崴,37.6,42.09,29.13,41.2,-0.76,-0.6,-0.17,41.14,37.95,34.76,3114,1829,1.7,174.02,8.0,2.5,6.65,2026-03-16,2026-03-16 10:45:37
2393,億光,66.4,86.81,77.3,71.52,1.88,1.2,0.68,64.64,59.59,54.54,7339,5248,1.4,294.41,12.92,5.31,8.0,2026-03-16,2026-03-16 10:45:38
2395,研華,340.0,51.47,59.26,58.56,13.44,13.41,0.03,374.54,326.93,279.31,2873,3597,0.8,2943.82,28.05,8.39,2.47,2026-03-16,2026-03-16 10:45:40
2397,友通,55.7,23.32,23.38,27.13,-1.52,-1.09,-0.43,64.09,58.68,53.27,113,131,0.87,63.77,13.82,3.4,6.1,2026-03-16,2026-03-16 10:45:41
2399,映泰,27.15,75.51,62.71,64.03,0.3,-0.23,0.53,26.64,23.46,20.28,12467,10956,1.14,48.35,90.5,,,2026-03-16,2026-03-16 10:45:42
2401,凌陽,20.5,31.23,31.11,37.5,-0.26,-0.1,-0.16,23.59,21.62,19.66,2370,1919,1.23,120.63,10.2,,,2026-03-16,2026-03-16 10:45:42
2402,毅嘉,50.8,38.48,29.98,44.63,-1.4,-1.26,-0.14,58.7,52.65,46.61,2606,3051,0.85,156.23,20.0,1.97,3.88,2026-03-16,2026-03-16 10:45:43
2404,漢唐,964.0,32.9,50.13,50.08,16.0,21.45,-5.45,1156.0,1009.95,863.9,4913,3128,1.57,1817.98,21.79,28.0,2.9,2026-03-16,2026-03-16 10:45:44
2405,輔信,15.0,42.7,37.52,35.8,-0.51,-0.5,-0.01,16.57,15.51,14.44,1015,1507,0.67,51.51,,0.17,1.13,2026-03-16,2026-03-16 10:45:45
2406,國碩,34.8,52.72,44.36,62.65,1.41,1.28,0.12,36.92,32.1,27.27,24777,28422,0.87,122.12,,,,2026-03-16,2026-03-16 10:45:45
2408,南亞科,261.5,55.24,38.34,43.93,-4.8,-1.63,-3.16,309.07,261.18,213.28,93443,108161,0.86,8102.91,125.12,,,2026-03-16,2026-03-16 10:45:46
2409,友達,15.7,48.54,50.29,48.37,0.41,0.43,-0.02,17.24,15.89,14.54,250788,345644,0.73,1184.89,21.51,1.2,7.64,2026-03-16,2026-03-16 10:45:47
2412,中華電,136.5,52.18,51.87,55.17,0.79,0.84,-0.05,138.76,135.18,131.59,7292,9616,0.76,10588.91,27.41,5.0,3.66,2026-03-16,2026-03-16 10:45:47
2413,環科,50.8,43.13,34.55,57.01,1.0,1.32,-0.31,57.35,47.78,38.21,5475,3256,1.68,64.7,123.9,,,2026-03-16,2026-03-16 10:45:48
2414,精技,43.9,81.96,69.25,59.34,0.59,0.36,0.22,44.36,42.11,39.85,437,470,0.93,71.0,14.3,2.5,5.69,2026-03-16,2026-03-16 10:45:49
2415,錩新,28.35,76.58,60.04,52.11,0.11,-0.03,0.14,28.83,27.03,25.22,482,297,1.62,25.52,17.5,1.2,4.23,2026-03-16,2026-03-16 10:45:49
2417,圓剛,35.7,61.97,43.74,42.92,-0.94,-0.96,0.03,38.91,36.07,33.24,382,314,1.22,47.05,,0.2,0.56,2026-03-16,2026-03-16 10:45:50
2419,仲琦,29.0,37.67,36.27,46.18,-0.01,0.11,-0.12,31.33,29.17,27.0,1229,1396,0.88,93.18,32.58,,,2026-03-16,2026-03-16 10:45:51
2420,新巨,51.0,62.01,60.19,44.33,-0.12,-0.07,-0.05,52.74,51.16,49.58,369,255,1.45,77.85,13.93,3.5,6.86,2026-03-16,2026-03-16 10:45:51
2421,建準,146.0,59.06,43.91,49.84,-2.71,-3.29,0.59,157.4,143.46,129.52,6890,7317,0.94,400.05,18.5,3.69,2.53,2026-03-16,2026-03-16 10:45:52
2423,固緯,48.6,61.18,53.56,46.95,-0.87,-1.09,0.22,50.59,47.83,45.07,108,114,0.94,70.49,16.7,2.0,4.12,2026-03-16,2026-03-16 10:45:53
2424,隴華,29.5,15.07,18.29,26.32,-1.36,-1.02,-0.34,37.13,33.14,29.15,153,93,1.63,17.58,,,,2026-03-16,2026-03-16 10:45:54
2425,承啟,31.05,73.25,57.06,62.24,0.05,-0.48,0.53,31.17,28.02,24.87,459,960,0.48,29.96,,0.15,0.48,2026-03-16,2026-03-16 10:45:54
2426,鼎元,34.45,96.62,91.79,92.75,3.43,1.92,1.51,33.13,22.57,12.02,10749,35866,0.3,103.56,28.24,0.1,0.29,2026-03-16,2026-03-16 10:45:56
2427,三商電,24.1,14.81,22.15,24.6,-0.53,-0.34,-0.19,27.75,25.62,23.48,958,1139,0.84,47.72,16.74,0.7,2.9,2026-03-16,2026-03-16 10:45:57
2428,興勤,160.0,19.59,23.1,35.92,-3.99,-1.97,-2.01,193.0,171.95,150.9,319,641,0.5,204.98,13.66,6.1,3.81,2026-03-16,2026-03-16 10:45:57
2429,銘旺科,50.6,33.97,23.44,28.74,-4.74,-4.94,0.2,63.13,53.93,44.73,609,371,1.64,43.26,,,,2026-03-16,2026-03-16 10:45:59
2430,燦坤,22.8,56.95,54.02,50.0,0.01,0.02,-0.01,23.23,22.83,22.43,91,85,1.07,26.63,33.04,0.8,3.51,2026-03-16,2026-03-16 10:46:00
2431,聯昌,12.8,22.82,16.08,35.88,-0.53,-0.21,-0.32,17.59,14.27,10.95,1038,1030,1.01,14.2,,,,2026-03-16,2026-03-16 10:46:01
2432,倚天酷碁-創,27.7,73.82,70.11,68.62,0.74,0.26,0.48,28.38,25.12,21.85,52,135,0.39,17.14,14.89,1.7,6.14,2026-03-16,2026-03-16 10:46:01
2433,互盛電,46.05,14.52,20.13,26.67,-0.18,-0.12,-0.07,47.39,46.68,45.97,84,52,1.61,66.54,15.05,3.0,6.51,2026-03-16,2026-03-16 10:46:03
2434,統懋,29.35,57.15,57.67,44.07,-0.13,-0.12,-0.01,30.29,29.72,29.14,12,17,0.73,10.86,,,,2026-03-16,2026-03-16 10:46:04
2436,偉詮電,63.0,70.06,51.37,52.76,1.63,1.42,0.21,64.4,57.54,50.67,6488,4599,1.41,124.18,34.81,1.5,2.38,2026-03-16,2026-03-16 10:46:04
2438,翔耀,20.45,16.01,21.42,28.04,-0.37,-0.25,-0.12,23.0,21.55,20.09,80,63,1.25,12.72,,,,2026-03-16,2026-03-16 10:46:05
2439,美律,84.1,41.59,25.05,23.89,-5.01,-4.59,-0.42,106.27,90.08,73.9,1688,2308,0.73,213.48,16.75,7.29,8.67,2026-03-16,2026-03-16 10:46:06
2440,太空梭,14.4,25.04,31.64,39.33,-0.15,0.0,-0.16,16.38,15.19,14.0,234,334,0.7,20.03,,,,2026-03-16,2026-03-16 10:46:06
2441,超豐,84.3,39.15,35.1,41.99,-1.77,-1.3,-0.48,96.42,87.88,79.33,1761,3057,0.58,479.54,19.74,3.0,3.56,2026-03-16,2026-03-16 10:46:07
2442,新美齊,20.65,67.61,49.37,51.72,-0.66,-0.9,0.24,21.66,19.89,18.11,4076,3300,1.23,56.86,24.58,0.08,0.39,2026-03-16,2026-03-16 10:46:09
2444,兆勁,12.9,18.71,24.98,52.24,0.11,0.21,-0.1,14.56,13.15,11.75,581,557,1.04,13.1,,,,2026-03-16,2026-03-16 10:46:09
2449,京元電子,288.0,57.41,50.98,41.28,2.27,5.05,-2.78,332.28,299.68,267.07,14965,18340,0.82,3521.51,44.31,4.0,1.39,2026-03-16,2026-03-16 10:46:10
2450,神腦,29.5,37.4,40.54,43.06,0.09,0.16,-0.07,30.54,29.52,28.5,125,135,0.93,76.18,17.15,1.55,5.25,2026-03-16,2026-03-16 10:46:11
2451,創見,259.5,86.69,72.8,65.52,2.74,-1.26,4.0,245.26,220.0,194.74,14817,8842,1.68,1117.65,20.07,6.09,2.35,2026-03-16,2026-03-16 10:46:12
2453,凌群,55.7,74.88,58.78,61.48,-0.06,-0.57,0.51,55.97,52.85,49.73,826,956,0.86,55.7,17.57,2.6,4.67,2026-03-16,2026-03-16 10:46:12
2454,聯發科,1710.0,41.36,37.65,44.22,16.69,38.66,-21.97,1934.0,1788.5,1643.0,4692,5714,0.82,27293.48,25.89,53.5,3.13,2026-03-16,2026-03-16 10:46:14
2455,全新,229.0,53.98,48.41,62.0,14.22,13.73,0.49,256.45,207.03,157.6,21173,8255,2.56,421.12,77.1,3.22,1.41,2026-03-16,2026-03-16 10:46:15
2457,飛宏,27.45,30.9,31.65,37.19,-0.72,-0.55,-0.17,31.32,28.79,26.26,2549,2387,1.07,116.6,,,,2026-03-16,2026-03-16 10:46:15
2458,義隆,141.0,89.76,84.72,78.48,5.78,3.82,1.97,146.11,127.15,108.19,3125,4876,0.64,403.72,17.69,7.07,5.01,2026-03-16,2026-03-16 10:46:17
2459,敦吉,65.9,53.71,45.12,40.74,-0.32,-0.24,-0.07,68.03,66.11,64.18,70,77,0.91,69.59,12.03,4.0,6.07,2026-03-16,2026-03-16 10:46:18
2460,建通,24.3,24.23,22.97,42.45,0.21,0.65,-0.44,29.98,25.24,20.5,319,585,0.55,41.12,23.82,,,2026-03-16,2026-03-16 10:46:19
2461,光群雷,15.5,28.45,24.05,25.93,-0.27,-0.18,-0.09,17.16,16.05,14.95,822,791,1.04,26.57,16.49,1.67,10.77,2026-03-16,2026-03-16 10:46:19
2462,良得電,22.1,11.18,14.92,27.89,-0.7,-0.41,-0.29,26.75,24.1,21.45,269,263,1.02,33.32,61.39,0.81,3.67,2026-03-16,2026-03-16 10:46:20
2464,盟立,77.7,64.04,46.45,56.9,0.71,0.48,0.23,77.46,70.81,64.16,15164,4791,3.17,160.41,23.06,0.35,0.45,2026-03-16,2026-03-16 10:46:21
2465,麗臺,57.2,77.23,62.65,60.75,-0.13,-0.92,0.79,57.09,52.73,48.38,656,658,1.0,53.74,,,,2026-03-16,2026-03-16 10:46:21
2466,冠西電,42.9,7.14,8.56,23.86,-4.11,-3.59,-0.53,59.14,50.47,41.79,461,397,1.16,74.41,27.5,,,2026-03-16,2026-03-16 10:46:22
2467,志聖,378.5,67.6,71.12,70.0,29.59,28.43,1.15,427.43,331.05,234.67,1034,973,1.06,576.67,74.36,5.0,1.32,2026-03-16,2026-03-16 10:46:23
2468,華經,38.0,60.75,48.97,57.86,-0.5,-1.17,0.67,39.44,35.61,31.78,1070,3176,0.34,26.59,33.33,0.9,2.37,2026-03-16,2026-03-16 10:46:23
2471,資通,52.9,77.09,63.78,59.46,0.25,-0.14,0.39,53.46,50.53,47.6,225,388,0.58,25.0,16.58,3.06,5.78,2026-03-16,2026-03-16 10:46:24
2472,立隆電,119.5,50.05,34.49,54.01,-0.45,-0.47,0.03,125.23,111.85,98.47,4464,2224,2.01,196.86,16.55,3.1,2.59,2026-03-16,2026-03-16 10:46:25
2474,可成,187.5,38.08,27.84,40.82,-4.07,-4.12,0.05,201.91,189.97,178.04,2271,2870,0.79,1052.57,16.56,11.49,6.13,2026-03-16,2026-03-16 10:46:25
2476,鉅祥,80.3,57.22,45.14,43.11,-2.11,-2.41,0.3,87.62,80.62,73.63,2044,1471,1.39,173.95,21.19,3.5,4.36,2026-03-16,2026-03-16 10:46:26
2477,美隆電,24.3,77.9,66.74,51.85,-0.1,-0.18,0.09,24.77,23.96,23.15,144,230,0.63,38.53,14.21,1.4,5.76,2026-03-16,2026-03-16 10:46:27
2478,大毅,68.0,49.07,52.88,55.8,0.88,1.05,-0.17,76.81,66.7,56.6,4585,4012,1.14,97.06,19.88,1.82,2.68,2026-03-16,2026-03-16 10:46:28
2480,敦陽科,143.5,53.8,46.16,41.82,-0.1,-0.13,0.03,149.24,142.93,136.61,144,198,0.73,152.63,18.01,7.42,5.17,2026-03-16,2026-03-16 10:46:28
2481,強茂,99.5,69.48,53.28,64.22,1.68,0.71,0.97,98.76,89.79,80.82,42445,29604,1.43,380.2,36.85,1.4,1.41,2026-03-16,2026-03-16 10:46:30
2482,連宇,16.0,28.22,29.26,20.27,-0.46,-0.31,-0.15,18.71,17.2,15.68,174,114,1.52,12.46,,0.61,3.81,2026-03-16,2026-03-16 10:46:31
2483,百容,21.05,25.96,33.98,53.33,0.37,0.55,-0.17,23.63,21.46,19.29,137,162,0.85,22.61,37.59,0.3,1.43,2026-03-16,2026-03-16 10:46:32
2484,希華,26.6,36.58,34.32,43.09,0.04,0.38,-0.34,30.73,27.66,24.59,642,645,1.0,42.41,40.92,0.7,2.63,2026-03-16,2026-03-16 10:46:33
2485,兆赫,68.2,90.3,84.91,77.47,6.53,5.03,1.5,66.36,49.02,31.68,146190,134734,1.09,216.66,,,,2026-03-16,2026-03-16 10:46:34
2486,一詮,148.0,66.82,53.51,45.03,6.15,6.37,-0.21,157.45,139.78,122.1,27294,14047,1.94,343.3,740.0,0.5,0.34,2026-03-16,2026-03-16 10:46:35
2488,漢平,47.6,75.03,59.87,47.83,0.29,0.28,0.01,48.65,47.13,45.6,86,111,0.78,38.08,10.6,3.2,6.72,2026-03-16,2026-03-16 10:46:35
2489,瑞軒,41.9,44.95,44.32,67.24,4.76,4.98,-0.22,50.09,35.26,20.44,6381,10106,0.63,255.59,34.63,1.0,2.39,2026-03-16,2026-03-16 10:46:36
2491,吉祥全,16.45,33.1,28.44,49.32,-0.61,-0.67,0.06,17.74,16.58,15.41,202,208,0.97,13.49,23.17,,,2026-03-16,2026-03-16 10:46:37
2492,華新科,130.5,34.19,28.49,47.06,-1.53,-0.38,-1.14,155.15,133.0,110.85,3782,4820,0.78,632.67,27.59,2.41,1.85,2026-03-16,2026-03-16 10:46:37
2493,揚博,107.0,44.1,31.46,48.84,-2.37,-2.35,-0.01,118.86,107.17,95.47,705,518,1.36,191.32,24.32,4.0,3.74,2026-03-16,2026-03-16 10:46:38
2495,普安,31.9,63.99,49.77,47.79,-0.27,-0.42,0.14,33.39,31.04,28.69,6212,5390,1.15,87.26,33.58,1.3,4.08,2026-03-16,2026-03-16 10:46:39
2496,卓越,69.2,65.79,54.18,49.15,-0.19,-0.22,0.03,70.2,68.9,67.61,39,25,1.57,13.22,10.65,4.5,6.5,2026-03-16,2026-03-16 10:46:40
2497,怡利電,42.2,39.97,34.06,30.19,-1.91,-1.87,-0.04,47.99,44.22,40.45,250,173,1.45,55.23,17.88,2.0,4.74,2026-03-16,2026-03-16 10:46:41
2498,宏達電,42.7,52.15,44.48,42.68,-1.04,-1.11,0.07,46.81,43.5,40.18,4173,6646,0.63,353.14,6.26,,,2026-03-16,2026-03-16 10:46:42
2501,國建,22.85,66.2,55.1,51.69,0.01,-0.03,0.04,23.39,22.6,21.81,898,1233,0.73,264.96,9.4,1.0,4.38,2026-03-16,2026-03-16 10:46:43
2504,國產,37.35,30.6,35.41,53.85,0.31,0.34,-0.03,39.69,37.17,34.66,1899,1981,0.96,439.57,11.35,2.8,7.5,2026-03-16,2026-03-16 10:46:44
2505,國揚,19.55,61.25,49.3,56.18,-0.08,-0.17,0.09,19.48,18.83,18.18,1012,511,1.98,74.29,11.64,,,2026-03-16,2026-03-16 10:46:45
2506,太設,8.8,49.84,48.55,37.86,-0.05,-0.05,-0.01,9.17,8.97,8.77,165,161,1.03,31.82,,0.2,2.27,2026-03-16,2026-03-16 10:46:46
2509,全坤建,13.85,44.81,40.29,29.27,-0.28,-0.25,-0.03,15.0,14.34,13.68,187,140,1.33,31.1,,,,2026-03-16,2026-03-16 10:46:47
2511,太子,8.2,59.4,49.64,47.52,-0.05,-0.05,0.0,8.37,8.21,8.05,1351,926,1.46,133.06,28.28,0.3,3.66,2026-03-16,2026-03-16 10:46:48
2514,龍邦,13.85,20.46,21.21,27.08,-0.29,-0.2,-0.09,15.37,14.43,13.5,358,279,1.28,49.6,8.45,,,2026-03-16,2026-03-16 10:46:49
2515,中工,15.1,21.73,29.04,36.02,0.38,0.63,-0.25,18.51,16.13,13.76,21521,17849,1.21,242.79,38.72,,,2026-03-16,2026-03-16 10:46:50
2516,新建,13.5,8.67,14.05,22.22,-0.22,-0.11,-0.1,15.15,14.41,13.68,611,447,1.37,30.55,14.36,,,2026-03-16,2026-03-16 10:46:50
2520,冠德,33.15,85.99,75.21,58.08,0.13,-0.11,0.24,33.52,31.96,30.4,1237,1655,0.75,197.45,9.53,3.1,9.35,2026-03-16,2026-03-16 10:46:52
2524,京城,39.1,32.21,34.07,35.2,-0.55,-0.32,-0.23,43.7,41.07,38.44,225,180,1.25,143.1,5.71,,,2026-03-16,2026-03-16 10:46:53
2527,宏璟,29.5,27.19,30.43,47.89,-0.05,0.14,-0.18,32.33,30.01,27.69,390,261,1.49,77.22,7.18,2.0,6.78,2026-03-16,2026-03-16 10:46:53
2528,皇普,27.0,20.86,22.32,40.54,-0.46,-0.45,-0.01,28.76,27.48,26.2,494,1044,0.47,117.19,7.76,1.5,5.56,2026-03-16,2026-03-16 10:46:54
2530,華建,25.2,18.44,27.99,42.45,-0.39,-0.35,-0.05,27.34,25.96,24.59,394,603,0.65,212.0,10.12,3.0,11.9,2026-03-16,2026-03-16 10:46:55
2534,宏盛,20.2,84.44,82.13,54.0,0.01,-0.04,0.05,20.41,20.01,19.6,393,511,0.77,95.55,8.15,1.0,4.95,2026-03-16,2026-03-16 10:46:55
2535,達欣工,72.8,68.13,59.0,52.84,1.01,1.14,-0.12,75.23,71.74,68.24,251,304,0.83,189.2,12.01,3.75,5.15,2026-03-16,2026-03-16 10:46:56
2536,宏普,22.5,24.41,29.24,44.94,-0.3,-0.29,-0.01,23.96,22.95,21.93,296,200,1.48,74.88,14.24,0.5,2.22,2026-03-16,2026-03-16 10:46:57
2537,聯上發,10.1,29.22,27.93,30.0,-0.18,-0.19,0.0,10.75,10.34,9.94,381,715,0.53,30.36,18.36,,,2026-03-16,2026-03-16 10:46:57
2538,基泰,10.1,15.08,20.47,29.03,-0.17,-0.14,-0.03,10.9,10.47,10.05,321,441,0.73,44.95,11.48,0.7,6.93,2026-03-16,2026-03-16 10:46:59
2539,櫻花建,48.75,39.1,43.68,45.96,0.07,0.15,-0.08,50.08,48.64,47.2,829,1161,0.71,581.64,10.98,0.5,1.03,2026-03-16,2026-03-16 10:47:00
2540,愛山林,47.6,43.39,41.01,50.21,-0.17,-0.22,0.05,48.48,46.96,45.44,770,862,0.89,449.76,47.6,0.71,1.49,2026-03-16,2026-03-16 10:47:00
2542,興富發,36.8,61.55,45.31,35.19,-0.46,-0.44,-0.02,39.0,37.28,35.56,2814,2405,1.17,777.91,14.9,2.0,5.43,2026-03-16,2026-03-16 10:47:01
2543,皇昌,73.6,55.21,62.57,66.35,3.13,2.51,0.62,80.24,67.67,55.1,3815,6838,0.56,389.01,22.04,1.0,1.36,2026-03-16,2026-03-16 10:47:02
2545,皇翔,36.3,48.71,54.9,42.31,-0.24,-0.21,-0.03,38.18,37.15,36.12,261,333,0.78,137.84,9.58,4.5,12.4,2026-03-16,2026-03-16 10:47:03
2546,根基,83.8,38.3,38.65,40.0,-0.91,-0.59,-0.32,89.23,85.83,82.42,76,84,0.9,109.38,8.83,3.2,3.82,2026-03-16,2026-03-16 10:47:06
2547,日勝生,11.15,47.06,51.02,51.28,0.08,0.07,0.01,11.43,11.0,10.57,1778,3376,0.53,115.41,3.77,0.58,5.2,2026-03-16,2026-03-16 10:47:07
2548,華固,118.0,92.32,86.44,64.91,1.97,1.29,0.68,119.44,111.85,104.26,1262,1132,1.11,377.03,13.41,5.5,4.66,2026-03-16,2026-03-16 10:47:08
2597,潤弘,162.0,43.7,44.39,28.38,-1.2,-0.74,-0.46,177.5,169.45,161.4,2006,623,3.22,503.36,15.36,6.42,3.96,2026-03-16,2026-03-16 10:47:08
2601,益航,6.13,39.32,56.29,61.16,0.24,0.23,0.01,7.21,5.96,4.72,2798,4325,0.65,50.56,,,,2026-03-16,2026-03-16 10:47:10
2603,長榮,218.5,56.73,56.51,73.08,6.2,5.14,1.07,224.28,200.95,177.62,41035,21458,1.91,4730.62,5.21,32.5,14.87,2026-03-16,2026-03-16 10:47:11
2605,新興,38.2,51.19,45.43,71.83,1.83,1.64,0.19,39.46,32.98,26.5,56526,30810,1.83,223.6,46.02,1.3,3.4,2026-03-16,2026-03-16 10:47:12
2606,裕民,60.0,12.08,19.08,43.38,-0.61,0.12,-0.73,68.91,63.06,57.22,5810,5955,0.98,507.03,15.62,3.2,5.33,2026-03-16,2026-03-16 10:47:12
2607,榮運,54.2,24.21,27.44,44.44,-0.66,-0.55,-0.11,57.21,55.49,53.76,645,822,0.79,289.2,8.02,10.0,18.45,2026-03-16,2026-03-16 10:47:13
2608,嘉里大榮,31.1,40.31,38.53,33.85,-0.4,-0.39,-0.02,32.86,31.78,30.69,293,309,0.95,145.24,15.79,1.65,5.31,2026-03-16,2026-03-16 10:47:14
2609,陽明,59.3,17.66,32.62,57.66,1.63,1.68,-0.05,66.21,58.09,49.97,30282,38964,0.78,2070.82,7.59,7.5,12.65,2026-03-16,2026-03-16 10:47:14
2610,華航,18.7,34.87,23.59,21.74,-0.82,-0.65,-0.18,23.9,20.32,16.74,32919,40126,0.82,1137.31,7.7,0.8,4.28,2026-03-16,2026-03-16 10:47:15
2611,志信,14.95,42.29,38.67,56.06,0.01,-0.02,0.03,15.36,14.74,14.13,285,371,0.77,28.26,78.68,0.52,3.48,2026-03-16,2026-03-16 10:47:16
2612,中航,58.3,16.36,23.92,43.75,-0.71,-0.0,-0.71,67.56,61.98,56.41,1138,1286,0.89,115.13,8.14,2.1,3.6,2026-03-16,2026-03-16 10:47:17
2613,中櫃,25.95,22.08,27.13,58.87,0.42,0.42,-0.0,27.25,25.31,23.37,778,835,0.93,35.62,30.89,1.0,3.85,2026-03-16,2026-03-16 10:47:17
2614,東森,20.8,65.4,61.52,46.87,-0.11,-0.2,0.09,21.26,20.71,20.16,845,850,0.99,68.07,10.56,0.25,1.2,2026-03-16,2026-03-16 10:47:18
2615,萬海,78.9,19.33,26.28,54.81,0.86,0.83,0.04,84.44,78.01,71.58,16371,17003,0.96,2214.05,6.48,3.5,4.44,2026-03-16,2026-03-16 10:47:20
2616,山隆,17.85,33.9,56.41,61.85,1.44,1.4,0.04,23.27,16.61,9.96,990,2053,0.48,24.26,,0.3,1.68,2026-03-16,2026-03-16 10:47:20
2617,台航,32.05,65.26,65.14,60.82,0.35,0.25,0.1,33.08,31.22,29.35,920,1667,0.55,133.74,10.37,1.5,4.68,2026-03-16,2026-03-16 10:47:21
2618,長榮航,34.8,48.53,29.18,32.98,-1.06,-0.85,-0.21,40.76,36.03,31.29,41199,37510,1.1,1879.35,7.3,2.4,6.9,2026-03-16,2026-03-16 10:47:23
2630,亞航,50.0,28.82,29.5,38.03,-0.62,-0.44,-0.18,54.8,50.75,46.7,553,813,0.68,104.72,50.0,0.9,1.8,2026-03-16,2026-03-16 10:47:24
2633,台灣高鐵,26.15,24.29,18.32,25.0,-0.34,-0.26,-0.08,27.74,26.75,25.75,4676,6242,0.75,1471.8,22.35,1.05,4.02,2026-03-16,2026-03-16 10:47:24
2634,漢翔,50.5,10.99,17.26,25.83,-0.85,-0.39,-0.46,57.35,53.14,48.93,3661,5728,0.64,475.64,63.92,1.38,2.73,2026-03-16,2026-03-16 10:47:25
2636,台驊控股,71.0,77.62,61.3,66.67,0.77,0.13,0.63,70.03,65.86,61.69,972,864,1.12,97.24,9.17,6.0,8.45,2026-03-16,2026-03-16 10:47:26
2637,慧洋-KY,70.9,26.62,25.84,50.0,-0.42,-0.09,-0.33,75.08,70.48,65.89,3576,2476,1.44,529.2,17.13,5.0,7.05,2026-03-16,2026-03-16 10:47:26
2642,宅配通,23.7,24.78,29.7,34.0,-0.43,-0.39,-0.04,25.27,24.44,23.62,76,44,1.71,22.63,32.92,0.5,2.11,2026-03-16,2026-03-16 10:47:28
2645,長榮航太,162.0,36.49,30.86,39.58,-0.31,1.02,-1.33,178.96,164.68,150.39,1171,1200,0.98,606.8,30.8,4.5,2.78,2026-03-16,2026-03-16 10:47:28
2646,星宇航空,21.65,37.56,31.51,34.18,-0.4,-0.33,-0.07,23.6,22.36,21.12,3892,3806,1.02,651.39,433.0,,,2026-03-16,2026-03-16 10:47:29
2701,萬企,10.7,8.33,16.76,30.0,-0.07,-0.04,-0.03,11.22,10.94,10.66,185,101,1.83,48.15,21.4,0.28,2.62,2026-03-16,2026-03-16 10:47:30
2702,華園,11.25,20.17,23.24,31.71,-0.13,-0.08,-0.05,12.22,11.7,11.19,91,60,1.51,17.62,,,,2026-03-16,2026-03-16 10:47:31
2704,國賓,42.35,34.53,41.34,46.75,-0.14,-0.08,-0.06,44.09,43.02,41.94,96,131,0.73,155.39,114.46,0.5,1.18,2026-03-16,2026-03-16 10:47:31
2705,六福,16.65,85.81,71.17,59.09,0.0,-0.06,0.07,16.59,16.2,15.81,161,180,0.9,31.85,138.75,,,2026-03-16,2026-03-16 10:47:32
2706,第一店,12.45,10.89,17.99,29.17,-0.1,-0.06,-0.03,13.09,12.75,12.41,107,127,0.84,62.25,21.47,0.35,2.81,2026-03-16,2026-03-16 10:47:33
2707,晶華,185.5,51.39,39.43,36.36,-1.14,-1.02,-0.12,191.87,187.05,182.23,135,128,1.05,236.33,16.79,14.36,7.74,2026-03-16,2026-03-16 10:47:33
2712,遠雄來,15.6,14.3,17.52,8.7,-0.46,-0.33,-0.13,18.1,16.91,15.71,45,37,1.22,16.38,,,,2026-03-16,2026-03-16 10:47:34
2722,夏都,23.0,11.26,15.62,19.32,-0.58,-0.42,-0.16,26.56,24.62,22.68,71,48,1.48,32.93,,0.15,0.65,2026-03-16,2026-03-16 10:47:36
2723,美食-KY,72.7,66.29,58.54,44.86,-0.24,-0.53,0.29,78.42,72.5,66.57,322,693,0.46,130.86,13.53,3.0,4.13,2026-03-16,2026-03-16 10:47:37
2727,王品,225.5,74.35,75.28,56.16,3.06,2.23,0.83,232.07,221.18,210.28,288,546,0.53,186.85,14.5,14.59,6.47,2026-03-16,2026-03-16 10:47:38
2731,雄獅,172.5,73.58,65.05,44.66,0.29,0.09,0.19,185.29,173.32,161.36,608,898,0.68,160.9,11.17,7.5,4.35,2026-03-16,2026-03-16 10:47:39
2739,寒舍,34.1,77.8,68.14,50.65,-0.12,-0.27,0.14,34.98,33.68,32.38,90,149,0.61,31.21,14.51,1.0,2.93,2026-03-16,2026-03-16 10:47:40
2748,雲品,40.1,55.33,45.4,44.1,-0.36,-0.39,0.03,42.03,40.47,38.91,69,91,0.76,42.42,18.48,2.0,4.99,2026-03-16,2026-03-16 10:47:40
2753,八方雲集,186.5,49.5,54.87,51.56,0.94,0.41,0.52,190.23,184.45,178.67,216,578,0.37,124.29,15.91,10.0,5.36,2026-03-16,2026-03-16 10:47:41
2762,世界健身-KY,74.0,62.29,68.31,58.88,0.9,0.78,0.12,77.34,72.77,68.19,21,87,0.25,80.82,19.79,9.64,13.03,2026-03-16,2026-03-16 10:47:42
2801,彰銀,20.6,39.59,33.0,33.33,-0.02,0.04,-0.06,21.79,20.85,19.91,11478,15424,0.74,2423.81,13.73,0.5,2.43,2026-03-16,2026-03-16 10:47:42
2812,台中銀,20.6,64.8,56.52,47.62,0.02,-0.0,0.03,21.16,20.61,20.06,10296,9839,1.05,1240.45,14.11,0.39,1.89,2026-03-16,2026-03-16 10:47:43
2816,旺旺保,30.2,41.01,47.19,49.6,0.29,0.3,-0.01,31.65,29.88,28.11,125,180,0.69,67.53,6.97,1.5,4.97,2026-03-16,2026-03-16 10:47:45
2820,華票,16.85,51.39,50.14,34.21,0.09,0.12,-0.02,17.57,16.96,16.35,1089,1079,1.01,226.29,13.37,0.78,4.63,2026-03-16,2026-03-16 10:47:46
2832,台產,47.85,17.48,27.63,38.05,-0.37,-0.24,-0.12,50.39,48.87,47.36,246,185,1.33,84.92,10.4,7.14,14.92,2026-03-16,2026-03-16 10:47:46
2834,臺企銀,15.0,4.35,10.81,26.09,-0.2,-0.12,-0.07,16.43,15.55,14.66,26229,27828,0.94,1457.71,12.1,0.2,1.33,2026-03-16,2026-03-16 10:47:47
2836,高雄銀,12.1,18.38,27.79,35.14,-0.01,0.05,-0.05,12.88,12.39,11.91,1386,1605,0.86,216.15,18.06,0.3,2.48,2026-03-16,2026-03-16 10:47:49
2838,聯邦銀,20.15,77.85,67.12,46.58,0.25,0.23,0.02,20.68,19.72,18.77,1627,1948,0.84,874.62,17.99,0.35,1.74,2026-03-16,2026-03-16 10:47:49
2845,遠東銀,12.4,33.8,29.16,37.93,-0.07,-0.06,-0.01,12.9,12.51,12.13,4022,5851,0.69,603.3,14.42,0.5,4.03,2026-03-16,2026-03-16 10:47:50
2849,安泰銀,12.95,22.63,25.47,37.78,-0.11,-0.04,-0.07,14.08,13.36,12.64,237,232,1.02,253.51,18.77,0.38,2.93,2026-03-16,2026-03-16 10:47:51
2850,新產,117.5,63.51,58.78,56.6,0.72,0.43,0.29,120.23,116.0,111.77,700,441,1.59,371.26,10.66,7.15,6.09,2026-03-16,2026-03-16 10:47:52
2851,中再保,29.3,79.73,64.07,63.64,0.45,0.26,0.2,29.2,27.64,26.09,2448,2844,0.86,234.51,11.67,1.9,6.48,2026-03-16,2026-03-16 10:47:52
2852,第一保,26.1,21.71,33.46,38.14,-0.28,-0.2,-0.08,27.95,27.01,26.08,679,1190,0.57,78.6,9.16,2.1,8.05,2026-03-16,2026-03-16 10:47:53
2855,統一證,30.75,65.6,52.56,52.51,0.55,0.67,-0.12,32.04,30.11,28.19,5460,4997,1.09,492.44,10.28,1.1,3.58,2026-03-16,2026-03-16 10:47:54
2867,三商壽,7.73,21.51,32.36,30.84,-0.02,0.03,-0.04,8.29,8.02,7.76,17402,13050,1.33,456.03,128.83,,,2026-03-16,2026-03-16 10:47:54
2880,華南金,33.5,28.95,33.67,27.46,0.1,0.48,-0.39,38.01,35.13,32.25,12594,11485,1.1,4662.18,18.51,1.25,3.73,2026-03-16,2026-03-16 10:47:55
2881,富邦金,88.8,48.56,40.16,29.59,-1.45,-1.17,-0.28,97.04,91.62,86.21,13119,17113,0.77,12438.54,10.66,4.15,4.67,2026-03-16,2026-03-16 10:47:56
2882,國泰金,72.4,41.47,34.35,32.0,-1.16,-0.66,-0.5,81.46,75.24,69.02,29995,19613,1.53,10620.51,13.53,3.5,4.83,2026-03-16,2026-03-16 10:47:56
2883,凱基金,20.5,48.82,42.12,49.61,0.47,0.58,-0.11,22.01,20.06,18.12,46350,36555,1.27,3479.84,15.19,0.84,4.1,2026-03-16,2026-03-16 10:47:57
2884,玉山金,32.2,17.06,26.71,19.54,-0.19,0.06,-0.25,35.51,33.95,32.4,67940,37178,1.83,5208.03,16.6,1.2,3.73,2026-03-16,2026-03-16 10:47:58
2885,元大金,44.6,22.34,23.5,42.47,0.41,0.83,-0.42,48.74,45.2,41.67,23715,19634,1.21,5945.69,16.77,1.5,3.36,2026-03-16,2026-03-16 10:47:58
2886,兆豐金,39.0,40.8,39.6,26.51,-0.28,-0.18,-0.1,41.09,39.71,38.33,12777,17956,0.71,5804.52,17.11,1.6,4.1,2026-03-16,2026-03-16 10:48:00
2887,台新新光金,24.8,66.99,56.74,45.28,0.52,0.63,-0.11,25.8,24.47,23.14,55948,62950,0.89,6166.84,16.32,0.9,3.63,2026-03-16,2026-03-16 10:48:01
2889,國票金,16.6,68.31,50.14,37.5,-0.09,-0.08,-0.01,17.56,16.58,15.59,2410,3874,0.62,603.17,28.14,0.3,1.81,2026-03-16,2026-03-16 10:48:03
2890,永豐金,31.5,49.37,48.53,38.54,0.53,0.67,-0.14,33.82,31.58,29.34,16655,19859,0.84,4565.08,17.12,0.91,2.89,2026-03-16,2026-03-16 10:48:03
2891,中信金,51.9,47.83,36.32,40.57,0.09,0.33,-0.24,54.96,52.25,49.53,33028,41531,0.8,10212.79,13.88,2.3,4.43,2026-03-16,2026-03-16 10:48:04
2892,第一金,28.85,53.43,53.08,34.78,-0.1,-0.03,-0.07,30.12,29.3,28.47,15450,17065,0.91,4148.48,15.77,0.95,3.29,2026-03-16,2026-03-16 10:48:05
2897,王道銀行,9.94,76.8,73.95,56.56,0.16,0.15,0.01,10.12,9.69,9.26,4756,5536,0.86,276.57,15.06,0.5,5.03,2026-03-16,2026-03-16 10:48:05
2901,欣欣,23.4,26.92,35.38,39.71,-0.22,-0.2,-0.02,24.82,24.04,23.25,41,29,1.4,17.09,68.82,0.37,1.58,2026-03-16,2026-03-16 10:48:06
2903,遠百,23.2,83.62,71.8,57.45,0.16,0.11,0.04,23.62,22.92,22.22,1146,2320,0.49,326.83,13.98,1.35,5.82,2026-03-16,2026-03-16 10:48:08
2904,匯僑,16.9,22.34,40.5,47.06,0.03,0.07,-0.05,17.73,17.24,16.76,83,84,0.99,13.15,11.82,1.0,5.92,2026-03-16,2026-03-16 10:48:08
2905,三商,14.85,38.73,44.31,36.9,-0.09,-0.03,-0.06,16.43,15.67,14.91,2850,1010,2.82,156.41,39.08,0.3,2.02,2026-03-16,2026-03-16 10:48:09
2906,高林,12.6,57.06,59.76,52.38,0.03,0.01,0.02,12.89,12.55,12.22,153,148,1.04,26.35,33.16,0.6,4.76,2026-03-16,2026-03-16 10:48:11
2908,特力,20.0,20.19,21.62,13.04,-0.1,-0.05,-0.05,21.0,20.34,19.69,99,115,0.86,101.98,153.85,0.9,4.5,2026-03-16,2026-03-16 10:48:12
2910,統領,20.55,14.39,22.51,39.26,-0.13,0.11,-0.24,23.63,21.69,19.75,15,19,0.77,36.05,17.12,1.04,5.06,2026-03-16,2026-03-16 10:48:13
2911,麗嬰房,5.3,88.22,73.9,53.7,0.04,0.02,0.02,5.34,5.13,4.92,71,50,1.41,5.57,,,,2026-03-16,2026-03-16 10:48:14
2912,統一超,220.0,47.38,39.27,42.86,-0.35,-0.11,-0.24,225.49,220.45,215.41,2364,2590,0.91,2287.17,20.47,9.0,4.09,2026-03-16,2026-03-16 10:48:15
2913,農林,12.3,16.76,17.78,32.5,-0.24,-0.19,-0.05,13.44,12.74,12.05,1253,1161,1.08,97.17,,,,2026-03-16,2026-03-16 10:48:15
2915,潤泰全,49.75,27.71,35.97,31.09,-0.35,-0.18,-0.16,54.17,52.08,49.98,7009,2645,2.65,531.19,5.8,2.5,5.03,2026-03-16,2026-03-16 10:48:16
2923,鼎固-KY,17.75,8.09,15.17,26.25,-0.74,0.05,-0.8,28.67,22.04,15.42,274,277,0.99,308.9,29.58,0.24,1.35,2026-03-16,2026-03-16 10:48:17
2929,淘帝-KY,6.69,7.42,10.12,19.23,-0.23,-0.18,-0.05,7.99,7.33,6.68,1046,401,2.61,7.33,47.79,,,2026-03-16,2026-03-16 10:48:17
2939,永邑-KY,26.95,78.03,66.04,59.68,0.68,0.25,0.43,27.09,23.88,20.68,273,120,2.27,12.28,,,,2026-03-16,2026-03-16 10:48:18
2945,三商家購,40.7,34.71,28.13,29.82,-0.14,0.17,-0.31,43.7,41.46,39.22,31,24,1.29,27.47,19.11,1.5,3.69,2026-03-16,2026-03-16 10:48:19
3002,歐格,20.5,29.12,30.15,41.21,-0.64,-0.64,0.0,22.61,21.17,19.73,218,285,0.77,20.77,47.67,0.7,3.41,2026-03-16,2026-03-16 10:48:20
3003,健和興,49.7,62.12,60.9,51.1,0.46,0.46,0.01,52.34,49.54,46.75,200,390,0.51,77.36,34.28,2.0,4.02,2026-03-16,2026-03-16 10:48:20
3004,豐達科,107.5,51.36,49.96,36.92,-1.01,-0.56,-0.45,117.33,110.3,103.27,182,267,0.68,68.77,18.63,2.55,2.37,2026-03-16,2026-03-16 10:48:21
3005,神基,135.5,88.57,85.98,85.71,5.24,3.17,2.08,139.38,120.65,101.92,5080,7754,0.66,843.46,16.31,6.79,5.01,2026-03-16,2026-03-16 10:48:22
3006,晶豪科,177.0,71.46,51.92,58.66,2.99,2.24,0.75,177.72,157.1,136.48,18945,24008,0.79,481.74,203.45,1.0,0.56,2026-03-16,2026-03-16 10:48:22
3008,大立光,2305.0,40.79,39.8,45.7,-12.74,-5.62,-7.12,2492.27,2360.0,2227.73,457,780,0.59,3014.9,14.67,80.0,3.47,2026-03-16,2026-03-16 10:48:23
3010,華立,134.0,78.97,64.01,62.5,2.84,1.99,0.85,133.79,123.55,113.31,2510,1922,1.31,347.65,16.3,5.3,3.96,2026-03-16,2026-03-16 10:48:24
3011,今皓,12.2,30.37,31.23,37.04,-0.39,-0.38,-0.01,13.6,12.73,11.86,599,523,1.14,15.27,,,,2026-03-16,2026-03-16 10:48:24
3013,晟銘電,98.0,36.11,26.96,37.85,-5.78,-5.59,-0.19,118.64,103.81,88.99,4545,3961,1.15,201.04,25.26,0.6,0.61,2026-03-16,2026-03-16 10:48:25
3014,聯陽,117.5,56.73,51.66,42.59,-0.14,0.2,-0.34,124.38,119.5,114.62,737,1017,0.73,195.07,12.41,9.0,7.66,2026-03-16,2026-03-16 10:48:26
3015,全漢,51.1,26.46,28.95,27.93,-0.67,-0.37,-0.3,56.56,52.91,49.27,219,281,0.78,95.69,29.54,3.0,5.87,2026-03-16,2026-03-16 10:48:27
3016,嘉晶,62.4,68.74,54.24,55.63,-0.11,-0.51,0.4,63.05,58.08,53.11,2940,1675,1.75,180.05,6240.0,0.5,0.8,2026-03-16,2026-03-16 10:48:28
3017,奇鋐,1830.0,63.78,65.01,68.24,90.36,84.84,5.52,1945.02,1716.25,1487.48,4274,5572,0.77,7150.04,49.06,9.93,0.54,2026-03-16,2026-03-16 10:48:29
3018,隆銘綠能,13.05,42.95,35.79,45.9,0.16,0.22,-0.06,13.8,12.77,11.74,24,17,1.39,9.84,1.46,,,2026-03-16,2026-03-16 10:48:29
3019,亞光,134.0,38.0,27.48,36.28,-4.79,-3.48,-1.31,160.55,140.85,121.15,4032,2866,1.41,374.19,19.73,4.0,2.99,2026-03-16,2026-03-16 10:48:30
3021,鴻名,16.25,38.53,34.15,39.29,-0.42,-0.37,-0.04,18.0,16.88,15.76,37,81,0.46,15.42,49.24,0.3,1.85,2026-03-16,2026-03-16 10:48:31
3022,威強電,61.2,74.32,66.41,52.35,-0.89,-1.29,0.4,63.65,60.39,57.14,642,566,1.13,108.08,11.27,4.5,7.35,2026-03-16,2026-03-16 10:48:32
3023,信邦,240.0,69.54,58.02,50.29,4.96,5.31,-0.35,250.61,235.8,220.99,1237,1445,0.86,576.17,18.43,10.25,4.27,2026-03-16,2026-03-16 10:48:37
3024,憶聲,10.2,35.54,36.06,41.67,-0.15,-0.16,0.01,10.71,10.34,9.97,407,579,0.7,28.27,12.91,0.4,3.92,2026-03-16,2026-03-16 10:48:38
3025,星通,60.5,77.98,69.76,63.55,-1.31,-2.15,0.84,64.81,58.21,51.62,487,621,0.78,34.33,29.23,3.3,5.45,2026-03-16,2026-03-16 10:48:39
3026,禾伸堂,108.0,44.55,37.47,41.33,-0.01,0.59,-0.59,120.19,109.08,97.96,778,968,0.8,179.16,16.59,5.5,5.09,2026-03-16,2026-03-16 10:48:39
3027,盛達,21.3,17.9,21.87,31.4,-0.8,-0.65,-0.14,24.7,22.76,20.82,346,340,1.02,24.47,9.51,,,2026-03-16,2026-03-16 10:48:40
3028,增你強,51.5,38.3,38.7,54.59,1.74,2.23,-0.49,57.73,50.0,42.27,5367,5958,0.9,122.18,17.94,2.1,4.08,2026-03-16,2026-03-16 10:48:41
3029,零壹,115.0,27.85,34.15,51.67,0.69,0.99,-0.31,122.49,115.0,107.51,774,1272,0.61,192.06,17.67,5.5,4.78,2026-03-16,2026-03-16 10:48:41
3030,德律,250.0,73.67,78.08,66.46,20.34,17.08,3.26,287.96,225.05,162.14,10220,9116,1.12,590.54,23.83,5.0,2.0,2026-03-16,2026-03-16 10:48:42
3031,佰鴻,21.35,72.18,56.79,59.06,0.17,-0.02,0.18,21.36,20.01,18.65,1485,1274,1.16,36.98,21.14,1.0,4.68,2026-03-16,2026-03-16 10:48:44
3032,偉訓,64.0,35.65,26.27,37.22,-2.61,-2.27,-0.34,77.97,69.04,60.11,2462,1485,1.66,72.5,,2.73,4.27,2026-03-16,2026-03-16 10:48:45
3033,威健,31.85,59.72,46.7,49.67,-0.09,-0.15,0.06,32.54,30.67,28.79,6420,2801,2.29,152.84,22.12,2.08,6.53,2026-03-16,2026-03-16 10:48:45
3034,聯詠,378.5,78.21,74.13,50.38,1.22,0.61,0.61,396.25,379.38,362.5,2881,2895,1.0,2303.22,13.2,28.0,7.4,2026-03-16,2026-03-16 10:48:46
3035,智原,155.5,36.45,29.07,37.5,-4.13,-3.54,-0.59,173.91,159.47,145.04,2252,2025,1.11,405.16,55.54,3.0,1.93,2026-03-16,2026-03-16 10:48:47
3036,文曄,235.0,91.28,92.18,89.66,20.15,16.07,4.09,250.19,194.53,138.86,8679,13841,0.63,2971.78,22.84,6.0,2.55,2026-03-16,2026-03-16 10:48:47
3037,欣興,549.0,80.57,65.81,68.19,43.09,38.02,5.07,545.02,432.2,319.38,17707,16443,1.08,8644.49,127.08,1.49,0.27,2026-03-16,2026-03-16 10:48:49
3038,全台,22.95,74.68,60.79,51.64,-0.17,-0.23,0.06,23.9,22.77,21.64,407,274,1.48,32.32,19.62,1.2,5.23,2026-03-16,2026-03-16 10:48:50
3040,遠見,48.15,84.23,67.1,67.89,-1.03,-2.39,1.36,48.26,41.71,35.15,522,495,1.05,28.82,92.6,1.0,2.08,2026-03-16,2026-03-16 10:48:52
3041,揚智,23.4,53.18,40.66,39.62,-0.66,-0.66,-0.0,26.35,24.16,21.96,567,536,1.06,32.81,24.12,,,2026-03-16,2026-03-16 10:48:52
3042,晶技,92.5,73.05,68.72,54.66,1.6,1.53,0.07,95.22,90.45,85.69,1696,2431,0.7,314.49,16.76,5.2,5.62,2026-03-16,2026-03-16 10:48:53
3043,科風,21.1,37.76,35.03,36.99,-0.31,-0.25,-0.06,22.75,21.71,20.67,106,80,1.31,8.22,,,,2026-03-16,2026-03-16 10:48:54
3044,健鼎,362.0,40.65,36.37,42.44,0.98,4.53,-3.55,404.43,376.1,347.77,6268,4785,1.31,1902.69,19.16,10.3,2.85,2026-03-16,2026-03-16 10:48:54
3045,台灣大,108.0,44.0,37.51,52.94,0.09,0.14,-0.05,109.38,107.0,104.62,6225,6947,0.9,3266.47,23.58,4.5,4.17,2026-03-16,2026-03-16 10:48:55
3046,建碁,47.8,62.68,45.61,45.72,-1.3,-1.4,0.1,52.15,48.24,44.33,156,221,0.71,37.5,12.23,3.0,6.28,2026-03-16,2026-03-16 10:48:56
3047,訊舟,16.15,31.26,25.57,29.9,-0.65,-0.58,-0.08,18.66,16.95,15.24,698,780,0.9,35.9,,0.3,1.86,2026-03-16,2026-03-16 10:48:56
3048,益登,39.05,67.59,51.56,48.99,-0.59,-0.82,0.22,40.95,37.75,34.55,3206,2538,1.26,105.37,33.09,,,2026-03-16,2026-03-16 10:48:57
3049,精金,12.4,50.55,64.42,65.52,1.1,1.11,-0.01,15.14,11.37,7.6,11217,14413,0.78,99.45,40.0,,,2026-03-16,2026-03-16 10:48:59
3050,鈺德,12.8,40.02,36.48,43.42,-0.24,-0.21,-0.03,13.97,13.15,12.33,509,602,0.85,19.84,,0.5,3.91,2026-03-16,2026-03-16 10:49:01
3051,力特,21.55,41.72,29.72,41.96,-0.5,-0.38,-0.13,24.22,22.06,19.9,654,658,0.99,35.56,18.74,1.52,7.05,2026-03-16,2026-03-16 10:49:02
3052,夆典,11.1,32.23,40.51,28.0,-0.11,-0.08,-0.04,11.8,11.45,11.1,485,846,0.57,22.64,9.33,0.5,4.5,2026-03-16,2026-03-16 10:49:04
3054,立萬利,79.4,98.14,94.08,92.02,10.07,6.02,4.05,73.83,43.93,14.02,413,1062,0.39,64.04,40.93,,,2026-03-16,2026-03-16 10:49:05
3055,蔚華科,58.8,10.78,14.45,30.84,-3.05,-2.53,-0.52,71.43,63.81,56.19,202,258,0.78,65.64,,1.0,1.7,2026-03-16,2026-03-16 10:49:06
3056,富華新,14.85,10.54,17.29,14.29,-0.54,-0.34,-0.2,18.06,16.54,15.03,3598,2940,1.22,71.36,2.53,1.48,9.97,2026-03-16,2026-03-16 10:49:07
3057,喬鼎,14.8,22.32,23.04,38.28,-0.74,-0.73,-0.01,17.21,15.81,14.4,160,161,0.99,8.93,37.0,,,2026-03-16,2026-03-16 10:49:08
3058,立德,9.12,13.58,18.97,26.16,-0.24,-0.16,-0.08,10.59,9.78,8.97,695,917,0.76,18.27,,,,2026-03-16,2026-03-16 10:49:09
3059,華晶科,38.45,63.41,49.78,42.4,-0.65,-0.69,0.03,40.63,38.32,36.01,1487,1255,1.18,118.1,30.28,1.0,2.6,2026-03-16,2026-03-16 10:49:10
3060,銘異,28.1,16.34,19.31,38.46,-1.2,-0.86,-0.34,34.56,30.44,26.33,2079,2421,0.86,38.66,,0.35,1.25,2026-03-16,2026-03-16 10:49:11
3062,建漢,23.9,19.73,20.58,33.9,-0.46,-0.21,-0.25,27.47,24.92,22.38,2021,2228,0.91,78.42,16.95,,,2026-03-16,2026-03-16 10:49:12
3090,日電貿,94.2,60.41,45.76,44.83,-1.24,-1.23,-0.01,101.56,93.82,86.08,1839,2365,0.78,204.03,17.41,4.2,4.46,2026-03-16,2026-03-16 10:49:13
3092,鴻碩,35.3,32.82,38.39,70.14,2.17,2.19,-0.02,40.44,30.28,20.11,1092,711,1.54,37.61,,,,2026-03-16,2026-03-16 10:49:13
3094,聯傑,23.6,42.1,33.91,40.74,-0.54,-0.44,-0.1,26.19,24.18,22.17,214,234,0.91,19.62,90.77,0.17,0.72,2026-03-16,2026-03-16 10:49:14
3130,一零四,224.5,39.03,35.02,52.17,0.13,0.22,-0.09,225.87,224.1,222.33,34,25,1.37,74.51,15.4,14.14,6.3,2026-03-16,2026-03-16 10:49:17
3135,凌航,110.0,24.56,28.64,47.29,0.43,1.95,-1.53,127.92,114.65,101.38,4803,4837,0.99,84.86,56.12,1.32,1.2,2026-03-16,2026-03-16 10:49:17
3138,耀登,187.0,33.62,31.31,56.59,5.64,7.82,-2.17,214.16,182.18,150.19,4700,4821,0.97,90.22,158.47,2.56,1.37,2026-03-16,2026-03-16 10:49:18
3149,正達,47.0,15.8,19.33,34.32,-0.54,0.41,-0.95,55.79,50.47,45.15,7100,5300,1.34,106.33,,,,2026-03-16,2026-03-16 10:49:19
3150,鈺寶-創,15.9,17.47,18.61,24.05,-0.75,-0.7,-0.04,18.44,16.94,15.45,87,66,1.31,7.06,106.0,1.0,6.29,2026-03-16,2026-03-16 10:49:19
3164,景岳,18.1,87.64,80.53,54.05,-0.01,-0.04,0.04,18.24,17.94,17.63,28,69,0.41,15.57,46.41,0.6,3.31,2026-03-16,2026-03-16 10:49:20
3167,大量,367.0,83.19,73.95,67.94,30.51,21.44,9.07,377.94,291.88,205.81,15813,6650,2.38,324.81,59.1,1.0,0.27,2026-03-16,2026-03-16 10:49:21
3168,眾福科,41.0,56.62,55.43,48.89,0.08,0.02,0.06,42.39,40.6,38.81,17,19,0.89,30.79,15.83,3.04,7.41,2026-03-16,2026-03-16 10:49:22
3189,景碩,337.0,62.43,49.34,60.98,21.43,22.01,-0.58,342.88,289.62,236.37,91709,43794,2.09,1592.77,100.0,0.97,0.29,2026-03-16,2026-03-16 10:49:22
3209,全科,41.9,76.72,62.72,66.32,1.2,0.73,0.47,40.22,36.47,32.72,7842,4291,1.83,98.63,19.13,2.48,5.92,2026-03-16,2026-03-16 10:49:24
3229,晟鈦,18.8,27.19,27.79,32.56,-1.07,-0.95,-0.12,23.25,20.73,18.21,142,240,0.59,12.08,,,,2026-03-16,2026-03-16 10:49:25
3231,緯創,135.0,68.03,55.14,57.14,-0.95,-1.87,0.92,137.72,131.22,124.73,42525,32529,1.31,4293.56,16.56,3.8,2.81,2026-03-16,2026-03-16 10:49:25
3257,虹冠電,56.2,33.23,26.29,36.08,-2.62,-2.5,-0.11,65.11,58.87,52.63,252,238,1.06,44.72,17.73,2.8,4.98,2026-03-16,2026-03-16 10:49:26
3266,昇陽,13.0,22.93,31.52,29.82,-0.17,-0.08,-0.09,14.48,13.7,12.93,56,72,0.78,45.8,7.6,0.75,5.77,2026-03-16,2026-03-16 10:49:27
3296,勝德,21.7,28.27,26.13,31.4,-0.61,-0.46,-0.15,24.94,23.07,21.19,52,58,0.91,20.99,18.39,,,2026-03-16,2026-03-16 10:49:27
3305,昇貿,102.5,33.7,32.07,41.38,-2.78,-1.93,-0.85,120.16,108.35,96.55,1968,2120,0.93,133.15,35.47,2.25,2.2,2026-03-16,2026-03-16 10:49:28
3308,聯德,21.9,21.29,33.75,51.61,0.11,0.43,-0.32,26.3,23.51,20.71,477,370,1.29,13.14,44.69,,,2026-03-16,2026-03-16 10:49:29
3311,閎暉,31.95,38.63,37.05,51.48,-0.16,-0.09,-0.07,33.99,31.99,29.99,191,236,0.81,31.95,19.13,0.3,0.94,2026-03-16,2026-03-16 10:49:29
3312,弘憶股,33.55,34.35,24.19,32.11,-1.67,-1.48,-0.19,40.56,35.7,30.84,418,503,0.83,61.27,26.21,1.39,4.14,2026-03-16,2026-03-16 10:49:30
3321,同泰,15.3,9.3,13.72,17.59,-0.8,-0.59,-0.21,19.63,17.21,14.79,335,296,1.13,13.18,,,,2026-03-16,2026-03-16 10:49:32
3338,泰碩,57.2,59.04,66.17,64.23,1.62,1.61,0.01,61.7,55.85,50.0,1057,933,1.13,49.66,31.96,2.01,3.51,2026-03-16,2026-03-16 10:49:33
3346,麗清,19.6,40.27,32.0,33.66,-0.41,-0.29,-0.12,21.99,20.34,18.68,197,202,0.98,23.61,11.53,1.21,6.17,2026-03-16,2026-03-16 10:49:33
3356,奇偶,49.25,72.59,56.28,58.1,-0.14,-0.54,0.4,49.83,46.52,43.21,876,641,1.37,39.37,9.33,4.0,8.12,2026-03-16,2026-03-16 10:49:34
3357,臺慶科,161.0,36.39,29.12,51.44,-0.76,0.01,-0.77,189.01,160.25,131.49,3631,3431,1.06,164.28,17.11,5.0,3.11,2026-03-16,2026-03-16 10:49:35
3376,新日興,216.5,59.29,43.27,60.12,-2.23,-3.67,1.44,215.05,199.97,184.9,12380,5046,2.45,423.83,79.6,6.0,2.77,2026-03-16,2026-03-16 10:49:36
3380,明泰,35.15,70.97,70.06,57.11,0.76,0.48,0.29,37.72,33.25,28.78,6924,11401,0.61,190.41,21.97,1.0,2.84,2026-03-16,2026-03-16 10:49:37
3406,玉晶光,438.5,71.8,53.08,51.04,-6.24,-7.7,1.46,460.32,428.75,397.18,1538,999,1.54,494.38,14.63,18.0,4.1,2026-03-16,2026-03-16 10:49:38
3413,京鼎,308.0,66.59,56.24,47.57,4.16,4.19,-0.02,322.35,301.55,280.75,1019,1449,0.7,338.25,14.85,11.0,3.57,2026-03-16,2026-03-16 10:49:39
3416,融程電,150.5,67.52,58.28,57.97,-0.22,-0.77,0.55,152.44,145.8,139.16,910,358,2.54,121.05,21.23,5.5,3.65,2026-03-16,2026-03-16 10:49:39
3419,譁裕,14.7,18.65,32.21,43.33,0.17,0.34,-0.17,16.74,15.49,14.24,218,276,0.79,17.71,27.74,,,2026-03-16,2026-03-16 10:49:40
3432,台端,16.7,60.77,55.57,32.31,-0.12,0.0,-0.12,18.53,17.19,15.85,63,65,0.97,7.05,,,,2026-03-16,2026-03-16 10:49:41
3437,榮創,21.3,84.25,63.97,74.32,0.77,0.21,0.56,19.45,16.06,12.67,1870,3876,0.48,30.79,,,,2026-03-16,2026-03-16 10:49:41
3443,創意,2260.0,29.12,26.35,46.31,-56.07,-30.59,-25.48,2697.42,2407.75,2118.08,1376,1660,0.83,3028.65,80.4,16.0,0.71,2026-03-16,2026-03-16 10:49:42
3447,展達,42.0,67.0,53.98,52.38,-0.91,-1.33,0.42,43.63,41.23,38.83,172,230,0.75,32.53,22.58,1.1,2.62,2026-03-16,2026-03-16 10:49:43
3450,聯鈞,289.5,42.25,39.52,56.22,4.76,5.45,-0.69,325.45,274.7,223.95,20871,22166,0.94,421.75,52.83,0.5,0.17,2026-03-16,2026-03-16 10:49:43
3454,晶睿,99.4,58.72,51.36,50.0,0.1,0.11,-0.01,99.58,99.32,99.05,165,170,0.98,86.05,16.19,2.3,2.31,2026-03-16,2026-03-16 10:49:44
3481,群創,27.3,61.68,69.74,58.28,1.96,1.73,0.23,32.41,25.78,19.16,1000443,1297627,0.77,2178.83,25.51,1.0,3.66,2026-03-16,2026-03-16 10:49:45
3494,誠研,8.49,53.47,45.05,48.68,-0.18,-0.17,-0.0,9.13,8.59,8.04,156,152,1.03,8.05,,,,2026-03-16,2026-03-16 10:49:45
3498,陽程,75.0,82.67,76.38,80.28,5.47,3.36,2.11,75.97,57.51,39.04,7566,7536,1.0,45.31,,,,2026-03-16,2026-03-16 10:49:46
3501,維熹,48.8,34.43,35.26,34.44,-0.64,-0.46,-0.18,52.58,50.46,48.34,298,203,1.47,57.71,10.77,4.0,8.2,2026-03-16,2026-03-16 10:49:47
3504,揚明光,59.5,40.02,35.77,57.93,0.72,1.05,-0.33,65.23,58.11,51.0,414,443,0.94,67.87,238.0,,,2026-03-16,2026-03-16 10:49:48
3515,華擎,210.5,20.9,27.98,40.71,-4.72,-4.03,-0.69,231.44,218.28,205.11,264,596,0.44,260.07,13.87,5.3,2.52,2026-03-16,2026-03-16 10:49:49
3518,柏騰,20.2,39.09,33.64,42.58,-0.34,-0.25,-0.08,22.14,20.84,19.54,216,178,1.22,20.26,,,,2026-03-16,2026-03-16 10:49:50
3528,安馳,62.5,17.79,20.69,24.04,-1.61,-0.75,-0.86,74.77,67.98,61.2,139,311,0.45,41.64,57.87,3.0,4.8,2026-03-16,2026-03-16 10:49:51
3530,晶相光,59.8,58.04,41.81,46.32,-2.66,-3.04,0.38,64.97,60.35,55.73,112,111,1.01,46.33,16.43,,,2026-03-16,2026-03-16 10:49:51
3532,台勝科,133.0,59.19,41.78,41.03,-1.76,-0.95,-0.81,151.79,131.75,111.71,2492,1873,1.33,515.84,73.48,1.8,1.35,2026-03-16,2026-03-16 10:49:52
3533,嘉澤,1685.0,64.97,54.76,52.86,53.1,51.61,1.49,1821.73,1644.75,1467.77,1432,2118,0.68,1890.99,22.98,41.72,2.48,2026-03-16,2026-03-16 10:49:53
3535,晶彩科,124.5,34.11,48.77,60.0,7.23,8.28,-1.06,151.13,122.38,93.62,5598,14497,0.39,98.42,565.91,0.5,0.4,2026-03-16,2026-03-16 10:49:55
3543,州巧,49.7,57.31,46.94,55.15,0.95,0.9,0.05,55.27,47.85,40.43,2423,2454,0.99,54.3,,0.48,0.97,2026-03-16,2026-03-16 10:49:55
3545,敦泰,44.0,16.75,17.34,20.8,-2.65,-2.01,-0.64,57.05,48.81,40.57,852,1202,0.71,95.79,,1.74,3.95,2026-03-16,2026-03-16 10:49:57
3550,聯穎,20.15,66.24,43.75,55.71,0.31,0.28,0.03,21.06,18.04,15.01,7108,3322,2.14,21.67,,,,2026-03-16,2026-03-16 10:49:58
3557,嘉威,30.35,12.91,15.18,18.49,-1.3,-1.09,-0.21,36.12,32.7,29.29,28,87,0.33,25.59,37.47,2.5,8.24,2026-03-16,2026-03-16 10:49:58
3563,牧德,701.0,78.22,69.21,70.74,44.49,33.26,11.23,728.29,577.27,426.26,2713,3178,0.85,448.37,44.45,5.55,0.79,2026-03-16,2026-03-16 10:50:00
3576,聯合再生,25.75,66.87,58.33,69.87,2.98,2.93,0.05,28.36,20.43,12.51,38873,31547,1.23,418.88,19.81,,,2026-03-16,2026-03-16 10:50:01
3583,辛耘,405.5,79.04,68.44,65.54,12.93,7.93,5.0,403.69,351.07,298.46,5435,2876,1.89,325.76,32.6,6.0,1.48,2026-03-16,2026-03-16 10:50:01
3588,通嘉,50.4,54.25,37.07,44.72,-0.84,-0.76,-0.08,54.96,50.68,46.39,304,215,1.41,31.26,91.64,1.2,2.38,2026-03-16,2026-03-16 10:50:02
3591,艾笛森,20.2,70.34,55.45,55.46,-0.08,-0.28,0.2,20.56,18.68,16.79,3888,1447,2.69,28.57,35.44,0.74,3.66,2026-03-16,2026-03-16 10:50:03
3592,瑞鼎,218.0,42.31,35.23,42.52,-2.87,-2.0,-0.87,237.19,223.57,209.96,314,424,0.74,165.36,12.17,22.2,10.18,2026-03-16,2026-03-16 10:50:04
3593,力銘,13.0,78.73,72.53,70.37,0.11,-0.02,0.13,12.97,12.24,11.51,18,21,0.83,7.91,,,,2026-03-13,2026-03-16 10:50:06
3596,智易,208.5,75.31,73.05,67.57,6.79,5.5,1.3,213.98,194.1,174.22,3137,2965,1.06,459.44,16.77,9.0,4.32,2026-03-16,2026-03-16 10:50:07
3605,宏致,60.3,27.87,29.31,41.75,-0.98,-0.56,-0.42,66.79,62.39,57.99,878,1102,0.8,98.3,14.26,0.72,1.19,2026-03-16,2026-03-16 10:50:07
3607,谷崧,14.3,62.27,49.44,56.63,-0.08,-0.17,0.09,14.62,13.89,13.17,396,358,1.11,17.4,29.79,0.7,4.9,2026-03-16,2026-03-16 10:50:08
3615,安可,35.3,69.92,63.99,66.08,2.2,1.77,0.43,37.8,30.76,23.72,5927,7307,0.81,24.17,168.1,0.3,0.85,2026-03-16,2026-03-16 10:50:09
3617,碩天,177.0,23.42,31.7,34.19,-3.79,-2.82,-0.97,200.28,187.35,174.42,173,277,0.62,166.67,9.49,15.0,8.47,2026-03-16,2026-03-16 10:50:10
3622,洋華,60.4,76.87,62.07,53.85,-1.16,-1.51,0.35,62.69,59.57,56.44,324,396,0.82,91.4,10.79,3.0,4.97,2026-03-16,2026-03-16 10:50:10
3645,達邁,83.2,84.83,80.72,79.28,5.46,3.41,2.05,85.34,66.33,47.32,28182,29669,0.95,113.78,74.29,1.19,1.43,2026-03-16,2026-03-16 10:50:11
3652,精聯,27.4,62.23,47.22,36.17,-0.38,-0.39,0.01,29.24,27.71,26.18,31,45,0.69,20.58,20.45,0.6,2.19,2026-03-16,2026-03-16 10:50:12
3653,健策,3390.0,73.92,71.32,57.52,140.57,128.51,12.05,3561.25,3184.75,2808.25,1805,2358,0.77,4911.09,99.5,14.5,0.43,2026-03-16,2026-03-16 10:50:12
3661,世芯-KY,3125.0,40.22,41.47,43.77,-43.03,-30.46,-12.57,3561.35,3280.0,2998.65,1219,1612,0.76,2531.72,43.16,36.74,1.18,2026-03-16,2026-03-16 10:50:13
3665,貿聯-KY,1645.0,55.32,62.85,68.39,67.08,53.9,13.18,1832.92,1491.25,1149.58,5039,4662,1.08,3207.09,35.55,10.51,0.64,2026-03-16,2026-03-16 10:50:14
3669,圓展,33.7,67.43,63.2,51.2,-0.46,-0.58,0.12,35.78,33.76,31.74,52,63,0.83,31.31,67.4,1.7,5.04,2026-03-16,2026-03-16 10:50:15
3673,TPK-KY,38.55,33.85,35.63,43.22,-0.52,-0.43,-0.09,42.86,39.67,36.47,1748,1509,1.16,156.77,18.71,0.8,2.08,2026-03-16,2026-03-16 10:50:16
3679,新至陞,118.5,33.23,34.45,50.0,0.59,0.72,-0.12,121.32,116.83,112.33,74,80,0.93,74.68,12.18,10.0,8.44,2026-03-16,2026-03-16 10:50:17
3686,達能,18.6,26.33,24.13,44.16,-0.3,-0.1,-0.21,22.33,19.69,17.05,255,273,0.93,14.23,,,,2026-03-16,2026-03-16 10:50:17
3694,海華,55.4,34.14,33.32,31.84,-1.3,-1.02,-0.29,63.23,58.25,53.27,814,868,0.94,85.86,14.32,1.48,2.67,2026-03-16,2026-03-16 10:50:18
3701,大眾控,64.8,40.52,36.93,61.62,2.15,2.02,0.14,69.93,57.29,44.66,25261,12491,2.02,153.27,64.16,0.2,0.31,2026-03-16,2026-03-16 10:50:19
3702,大聯大,81.9,93.51,87.45,82.24,3.19,2.14,1.05,78.39,68.94,59.49,27272,13995,1.95,1375.15,16.68,3.2,3.91,2026-03-16,2026-03-16 10:50:19
3703,欣陸,22.2,59.45,49.82,46.36,-0.21,-0.22,0.01,23.24,22.35,21.46,1337,2330,0.57,182.75,12.33,1.05,4.73,2026-03-16,2026-03-16 10:50:20
3704,合勤控,33.2,58.8,46.4,48.02,-0.68,-0.7,0.02,34.97,32.96,30.94,2814,1892,1.49,134.31,21.28,0.3,0.9,2026-03-16,2026-03-16 10:50:21
3705,永信,53.5,28.17,23.25,26.83,-0.79,-0.68,-0.11,56.42,54.52,52.61,137,361,0.38,142.51,14.78,3.0,5.61,2026-03-16,2026-03-16 10:50:21
3706,神達,83.6,84.41,74.96,58.6,0.16,-0.6,0.76,84.39,79.71,75.03,16928,16564,1.02,1109.55,16.3,1.0,1.2,2026-03-16,2026-03-16 10:50:22
3708,上緯投控,125.5,76.35,74.67,63.44,3.28,1.98,1.3,133.97,117.47,100.98,1829,2526,0.72,122.07,21.13,2.35,1.87,2026-03-16,2026-03-16 10:50:23
3711,日月光投控,337.5,46.71,41.56,47.23,8.59,13.09,-4.5,396.75,344.45,292.15,12340,16626,0.74,14762.55,38.01,5.3,1.57,2026-03-16,2026-03-16 10:50:23
3712,永崴投控,23.85,41.9,27.02,42.16,-0.82,-0.75,-0.08,26.86,24.11,21.36,972,660,1.47,58.73,,3.0,12.58,2026-03-16,2026-03-16 10:50:24
3714,富采,47.0,85.07,76.14,73.92,1.88,1.09,0.79,44.33,38.53,32.74,23439,20938,1.12,345.63,4700.0,0.9,1.91,2026-03-16,2026-03-16 10:50:25
3715,定穎投控,161.5,67.78,53.72,62.21,4.66,3.86,0.79,163.91,149.35,134.79,65065,36469,1.78,457.97,53.83,1.5,0.93,2026-03-16,2026-03-16 10:50:25
3716,中化控股,33.6,41.63,43.51,38.46,-0.07,-0.02,-0.05,34.38,33.85,33.32,112,119,0.94,49.24,12.87,1.02,3.04,2026-03-16,2026-03-16 10:50:26
3717,聯嘉投控,19.2,79.75,71.8,64.86,0.27,0.06,0.21,19.08,17.72,16.37,1054,1023,1.03,39.91,,0.3,1.56,2026-03-16,2026-03-16 10:50:27
4102,永日,19.3,26.69,32.47,16.67,-0.2,-0.12,-0.08,20.61,19.98,19.35,65,56,1.16,8.18,,1.15,5.96,2026-03-16,2026-03-16 10:50:28
4104,佳醫,75.8,20.04,26.02,26.32,-0.66,-0.53,-0.14,79.2,77.21,75.22,229,299,0.77,142.78,16.48,3.56,4.7,2026-03-16,2026-03-16 10:50:29
4105,東洋,80.5,13.29,19.69,28.87,-0.74,-0.34,-0.4,86.32,83.44,80.57,1103,854,1.29,200.16,12.86,4.5,5.59,2026-03-16,2026-03-16 10:50:30
4106,雃博,22.2,41.09,46.65,32.08,-0.12,-0.05,-0.07,23.42,22.8,22.18,79,64,1.23,22.4,18.66,0.8,3.6,2026-03-16,2026-03-16 10:50:31
4107,邦特,120.5,50.75,47.65,54.35,-0.25,-0.16,-0.09,124.1,120.65,117.2,35,41,0.86,83.5,16.2,5.0,4.15,2026-03-16,2026-03-16 10:50:32
4108,懷特,13.4,42.23,34.66,27.45,-0.17,-0.12,-0.05,14.68,13.82,12.96,93,144,0.65,26.61,,,,2026-03-16,2026-03-16 10:50:33
4109,加捷生醫,13.9,57.6,41.75,51.25,-0.34,-0.36,0.02,14.43,13.52,12.61,254,169,1.5,16.5,,0.5,3.6,2026-03-16,2026-03-16 10:50:33
4111,濟生,29.45,36.11,47.39,46.99,-0.04,0.02,-0.06,30.31,29.74,29.17,91,295,0.31,17.62,10.71,1.0,3.4,2026-03-16,2026-03-16 10:50:34
4113,聯上,19.0,61.06,49.07,30.53,-0.69,-0.72,0.03,21.16,19.73,18.31,121,209,0.58,43.92,271.43,0.85,4.47,2026-03-16,2026-03-16 10:50:35
4114,健喬,31.5,44.04,33.83,39.18,-0.34,-0.3,-0.04,33.08,31.84,30.59,546,631,0.86,158.67,20.06,0.6,1.9,2026-03-16,2026-03-16 10:50:36
4115,善德生技,7.03,41.41,30.72,27.96,-0.37,-0.33,-0.04,8.68,7.54,6.4,16,49,0.32,4.22,,,,2026-03-16,2026-03-16 10:50:37
4116,明基醫,39.65,23.41,24.2,32.19,-0.95,-0.85,-0.1,43.89,41.34,38.78,42,39,1.06,17.67,22.66,1.65,4.16,2026-03-16,2026-03-16 10:50:38
4117,普生,4.15,12.76,16.83,8.11,-1.93,-1.09,-0.83,16.2,10.07,3.94,0,2808,0.0,2.94,,,,2026-03-13,2026-03-16 10:50:38
4119,旭富,54.8,75.29,65.92,57.04,0.57,0.37,0.2,55.22,52.75,50.29,302,297,1.02,65.49,57.08,1.5,2.74,2026-03-16,2026-03-16 10:50:39
4120,友華,46.25,60.16,50.25,62.73,0.41,0.11,0.29,46.79,44.53,42.27,45,85,0.54,40.12,,1.0,2.16,2026-03-16,2026-03-16 10:50:40
4121,優盛,19.85,67.23,67.99,57.66,0.73,0.8,-0.08,21.39,19.26,17.13,1166,845,1.38,16.43,,,,2026-03-16,2026-03-16 10:50:42
4123,晟德,44.4,22.59,34.54,55.59,1.02,1.23,-0.21,49.65,43.63,37.61,3477,4804,0.72,331.46,3.88,0.76,1.71,2026-03-16,2026-03-16 10:50:43
4126,太醫,82.2,81.43,73.73,53.16,-0.12,-0.41,0.29,82.44,80.93,79.41,66,74,0.89,59.68,14.92,5.0,6.08,2026-03-16,2026-03-16 10:50:44
4127,天良,36.1,43.09,40.19,37.66,0.07,0.36,-0.29,39.26,36.96,34.67,36,71,0.5,16.52,,,,2026-03-16,2026-03-16 10:50:45
4128,中天,17.55,36.56,25.33,38.74,-0.58,-0.58,0.0,19.44,18.05,16.66,1621,1757,0.92,103.22,,,,2026-03-16,2026-03-16 10:50:45
4129,聯合,111.5,73.72,65.87,53.7,0.47,-0.58,1.05,116.31,109.2,102.09,637,475,1.34,107.53,19.73,4.0,3.59,2026-03-16,2026-03-16 10:50:47
4130,健亞,34.6,59.47,56.87,63.19,0.67,0.62,0.05,35.2,32.49,29.78,4165,2571,1.62,47.32,346.0,0.1,0.29,2026-03-16,2026-03-16 10:50:48
4131,浩泰,36.5,37.77,41.79,32.45,-0.72,-0.61,-0.12,40.28,38.04,35.81,119,94,1.27,14.42,,,,2026-03-16,2026-03-16 10:50:49
4132,國鼎,12.95,16.74,14.99,14.47,-1.49,-1.52,0.03,18.02,14.73,11.44,539,558,0.97,23.6,,,,2026-03-16,2026-03-16 10:50:51
4133,亞諾法,23.3,13.58,14.49,25.84,-0.42,-0.2,-0.22,26.47,24.53,22.6,63,79,0.8,14.11,19.1,0.9,3.86,2026-03-16,2026-03-16 10:50:52
4137,麗豐-KY,107.0,18.11,30.55,45.9,0.99,1.8,-0.81,116.59,109.95,103.31,279,422,0.66,88.27,18.74,10.0,9.35,2026-03-16,2026-03-16 10:50:53
4138,曜亞,61.8,84.88,78.75,70.42,0.45,0.02,0.43,62.52,59.78,57.04,30,34,0.88,24.68,14.14,3.77,6.1,2026-03-16,2026-03-16 10:50:54
4139,馬光-KY,24.1,68.72,51.44,58.82,-0.1,-0.17,0.07,24.31,23.78,23.24,16,9,1.74,10.85,,,,2026-03-16,2026-03-16 10:50:55
4142,國光生,17.5,36.05,36.08,42.03,-0.4,-0.41,0.01,18.56,17.9,17.24,695,1172,0.59,73.76,5.18,,,2026-03-16,2026-03-16 10:50:55
4147,中裕,51.5,20.66,21.91,48.89,-1.76,-1.94,0.19,55.56,52.31,49.06,561,646,0.87,140.7,,,,2026-03-16,2026-03-16 10:50:56
4148,全宇生技-KY,43.45,73.62,59.29,72.63,0.49,-0.17,0.66,40.91,37.36,33.82,452,238,1.89,29.21,21.2,0.5,1.15,2026-03-16,2026-03-16 10:50:57
4150,優你康,6.52,27.79,29.11,29.93,-0.16,-0.14,-0.02,7.18,6.87,6.56,388,404,0.96,9.6,,,,2026-03-16,2026-03-16 10:50:58
4153,鈺緯,34.4,50.18,47.66,56.9,0.03,-0.03,0.06,34.47,33.98,33.49,27,17,1.54,20.18,22.34,2.0,5.81,2026-03-16,2026-03-16 10:50:59
4154,樂威科-KY,10.25,28.51,25.83,13.11,-0.94,-0.86,-0.08,13.92,11.74,9.57,6,21,0.3,3.59,,,,2026-03-16,2026-03-16 10:51:00
4155,訊映,13.35,19.77,24.54,20.59,-0.28,-0.2,-0.07,14.72,14.04,13.37,266,316,0.84,19.23,28.4,0.3,2.25,2026-03-16,2026-03-16 10:51:01
4157,太景*-KY,11.2,17.05,19.92,36.47,-0.53,-0.47,-0.06,12.92,11.95,10.97,1120,1230,0.91,79.73,,,,2026-03-16,2026-03-16 10:51:02
4160,訊聯基因,46.65,17.21,24.34,26.48,-1.15,-0.97,-0.18,52.07,49.11,46.15,56,42,1.31,12.45,95.2,1.85,3.97,2026-03-16,2026-03-16 10:51:03
4161,聿新科,25.05,26.97,27.81,37.14,-0.25,-0.13,-0.12,27.37,25.83,24.29,11,33,0.33,14.98,20.04,0.3,1.2,2026-03-16,2026-03-16 10:51:03
4162,智擎,57.1,11.21,13.43,14.07,-2.73,-2.3,-0.43,68.55,62.16,55.78,404,380,1.06,80.9,4.91,6.0,10.51,2026-03-16,2026-03-16 10:51:04
4163,鐿鈦,105.5,63.57,59.27,56.52,2.7,2.92,-0.21,111.43,104.4,97.37,25,36,0.7,52.44,21.18,3.5,3.32,2026-03-16,2026-03-16 10:51:05
4164,承業醫,30.8,33.79,31.17,33.13,-1.03,-1.01,-0.02,34.26,32.07,29.88,393,584,0.67,60.16,34.22,1.36,4.42,2026-03-16,2026-03-16 10:51:06
4166,友霖,25.7,57.82,35.69,44.12,-0.51,-0.55,0.04,27.74,25.37,23.0,160,163,0.98,62.46,45.09,,,2026-03-16,2026-03-16 10:51:06
4167,松瑞藥,21.0,79.86,69.88,66.38,0.27,0.09,0.17,21.35,19.64,17.93,2923,2165,1.35,65.19,13.38,0.41,1.95,2026-03-16,2026-03-16 10:51:07
4168,醣聯,24.2,48.27,40.78,24.74,-0.73,-0.58,-0.14,27.65,25.44,23.24,187,167,1.12,26.79,,,,2026-03-16,2026-03-16 10:51:10
4169,泰宗,219.0,49.68,60.33,69.62,11.2,10.55,0.65,245.83,205.22,164.62,161,251,0.64,129.32,625.71,0.35,0.16,2026-03-16,2026-03-16 10:51:11
4170,鑫品生醫,13.3,31.78,43.34,38.46,-0.13,-0.07,-0.06,14.25,13.76,13.27,44,44,0.99,5.82,,,,2026-03-16,2026-03-16 10:51:13
4171,瑞基,19.05,19.39,18.2,39.1,-0.49,-0.37,-0.12,21.72,19.88,18.05,68,89,0.76,10.99,,,,2026-03-16,2026-03-16 10:51:14
4172,因華,14.95,58.97,48.82,39.78,-0.39,-0.41,0.01,16.31,15.35,14.39,265,208,1.27,19.67,,,,2026-03-16,2026-03-16 10:51:14
4173,久裕,20.45,11.16,19.81,32.31,-0.24,-0.11,-0.13,22.32,21.31,20.29,159,177,0.9,15.25,15.26,1.19,5.82,2026-03-16,2026-03-16 10:51:15
4174,浩鼎,39.45,40.98,28.73,39.02,-3.16,-3.38,0.23,48.42,41.51,34.6,245,281,0.87,51.87,,,,2026-03-16,2026-03-16 10:51:16
4175,杏一,52.5,8.54,7.51,12.5,-1.58,-1.19,-0.39,60.51,55.65,50.79,131,98,1.33,22.22,13.67,1.6,3.05,2026-03-16,2026-03-16 10:51:18
4178,永笙-KY,26.3,42.27,41.71,31.11,-0.85,-0.85,-0.0,28.84,27.41,25.98,229,147,1.56,50.56,,,,2026-03-16,2026-03-16 10:51:19
4183,福永生技,16.0,28.0,38.32,50.0,-0.06,-0.07,0.01,16.41,16.14,15.86,0,1,0.0,3.81,,0.67,4.19,2026-03-13,2026-03-16 10:51:19
4186,尖端醫,10.45,56.68,46.55,40.43,-0.23,-0.24,0.0,11.23,10.65,10.07,77,93,0.83,9.4,40.19,,,2026-03-16,2026-03-16 10:51:21
4188,安克,13.0,33.33,28.43,17.14,-0.36,-0.32,-0.03,14.46,13.54,12.62,25,33,0.75,8.23,,,,2026-03-16,2026-03-16 10:51:22
4190,佐登-KY,28.5,13.74,19.75,33.33,-0.23,-0.18,-0.05,29.6,29.04,28.48,81,31,2.54,17.01,21.11,0.5,1.75,2026-03-16,2026-03-16 10:51:23
4192,杏國,21.0,65.77,53.03,39.47,-0.68,-0.77,0.08,22.89,21.36,19.83,1,1,0.86,7.38,,,,2026-03-16,2026-03-16 10:51:25
4194,禾生技,7.12,57.53,57.39,40.77,-0.15,-0.13,-0.02,8.06,7.43,6.79,51,56,0.9,10.39,,,,2026-03-16,2026-03-16 10:51:25
4195,基米,24.05,53.43,43.2,36.36,-0.23,-0.22,-0.02,25.7,24.48,23.25,129,133,0.97,17.42,,,,2026-03-16,2026-03-16 10:51:26
4197,暐世,9.42,64.54,54.22,43.84,-0.11,-0.08,-0.03,10.01,9.55,9.09,0,32,0.02,2.84,,,,2026-03-16,2026-03-16 10:51:27
4198,欣大健康,39.4,50.53,57.93,57.32,1.49,1.58,-0.09,43.23,37.98,32.73,20,9,2.04,9.5,,,,2026-03-16,2026-03-16 10:51:29
4205,中華食,75.9,24.99,19.04,22.73,-1.02,-0.95,-0.07,79.22,77.01,74.8,41,32,1.27,74.12,17.99,2.0,2.64,2026-03-16,2026-03-16 10:51:30
4207,環泰,19.95,48.79,53.49,58.14,0.27,0.31,-0.04,20.67,19.78,18.89,167,394,0.43,39.61,12.24,1.2,6.02,2026-03-16,2026-03-16 10:51:30
4303,信立,60.2,77.99,60.46,55.65,-0.17,-1.01,0.84,61.4,56.03,50.66,1494,2156,0.69,56.95,2.85,1.0,1.66,2026-03-16,2026-03-16 10:51:31
4304,勝昱,29.0,28.76,37.86,41.27,-0.23,-0.17,-0.06,31.65,29.99,28.32,93,37,2.48,17.7,,,,2026-03-16,2026-03-16 10:51:32
4305,世坤,43.95,38.71,40.51,60.67,0.3,0.29,0.01,44.14,43.1,42.06,7,4,1.6,24.18,11.94,3.2,7.28,2026-03-16,2026-03-16 10:51:33
4306,炎洲,13.45,27.72,30.82,46.51,-0.11,-0.12,0.01,13.84,13.45,13.07,1733,1103,1.57,88.5,64.05,1.0,7.43,2026-03-16,2026-03-16 10:51:34
4401,東隆興,15.0,16.73,14.05,23.81,-0.43,-0.37,-0.06,16.69,15.62,14.55,82,82,1.0,18.4,18.29,0.7,4.67,2026-03-16,2026-03-16 10:51:34
4402,郡都開發,18.0,24.87,28.17,15.09,-0.42,-0.29,-0.13,20.3,19.03,17.76,26,49,0.53,12.24,180.0,,,2026-03-16,2026-03-16 10:51:36
4406,新昕纖,10.05,60.71,57.23,51.94,-0.02,-0.03,0.01,10.34,10.07,9.8,8,48,0.17,5.22,,,,2026-03-16,2026-03-16 10:51:38
4413,飛寶企業,17.9,16.39,30.23,42.86,-0.03,0.0,-0.03,18.46,17.99,17.52,20,16,1.19,5.61,34.42,0.2,1.12,2026-03-16,2026-03-16 10:51:40
4414,如興,11.05,66.55,57.86,62.5,0.07,-0.07,0.14,11.02,10.29,9.56,2384,989,2.41,29.15,5.39,,,2026-03-16,2026-03-16 10:51:40
4416,三圓,15.0,12.47,8.01,10.9,-4.02,-3.35,-0.66,33.13,21.62,10.1,201,1260,0.16,10.29,,1.0,6.67,2026-03-16,2026-03-16 10:51:41
4417,金洲,52.0,35.66,40.27,46.75,-0.1,-0.06,-0.04,53.52,52.41,51.29,196,251,0.78,43.66,8.54,2.8,5.38,2026-03-16,2026-03-16 10:51:43
4419,皇家美食,45.2,73.17,58.04,44.19,-0.55,-0.7,0.14,46.36,44.97,43.59,7,16,0.42,76.46,,,,2026-03-16,2026-03-16 10:51:45
4420,光明,50.1,19.3,28.65,43.64,-0.11,-0.01,-0.1,51.63,50.69,49.75,108,63,1.7,20.27,8.27,3.0,5.99,2026-03-16,2026-03-16 10:51:46
4426,利勤,9.1,19.03,23.13,28.87,-0.1,-0.08,-0.02,9.58,9.27,8.96,105,84,1.25,15.71,,,,2026-03-16,2026-03-16 10:51:46
4430,耀億,18.1,26.33,41.16,30.0,0.06,0.15,-0.09,19.09,18.59,18.1,6,6,0.97,10.19,,0.5,2.76,2026-03-16,2026-03-16 10:51:48
4431,敏成健康,19.1,82.83,75.33,55.77,0.25,0.23,0.03,19.15,18.45,17.75,66,64,1.03,6.98,,,,2026-03-16,2026-03-16 10:51:49
4432,銘旺實,15.35,57.04,44.26,35.09,-0.35,-0.33,-0.02,16.71,15.68,14.64,26,19,1.31,7.77,12.69,1.0,6.51,2026-03-16,2026-03-16 10:51:50
4433,興采,21.2,50.79,46.66,45.16,-0.19,-0.26,0.07,22.58,21.25,19.92,34,31,1.08,12.81,424.0,1.0,4.72,2026-03-16,2026-03-16 10:51:51
4438,廣越,59.3,8.35,12.39,13.67,-2.71,-2.08,-0.63,72.27,65.8,59.33,99,162,0.61,66.81,24.01,3.2,5.4,2026-03-16,2026-03-16 10:51:53
4439,冠星-KY,85.9,18.51,19.41,21.97,-4.47,-2.83,-1.64,112.39,96.96,81.53,48,98,0.49,32.67,11.91,2.0,2.33,2026-03-16,2026-03-16 10:51:53
4440,宜新實業,18.1,77.17,67.04,69.23,0.13,0.06,0.07,18.06,17.51,16.96,102,107,0.95,12.24,19.89,1.0,5.52,2026-03-16,2026-03-16 10:51:54
4441,振大環球,209.5,14.02,18.5,25.99,-10.77,-7.17,-3.61,267.89,237.28,206.66,187,111,1.68,142.5,16.04,9.15,4.37,2026-03-16,2026-03-16 10:51:55
4442,竣邦-KY,61.7,89.45,81.59,84.54,0.83,0.04,0.79,61.42,56.88,52.33,188,138,1.36,18.81,13.27,3.5,5.67,2026-03-16,2026-03-16 10:51:56
4502,健信,15.8,62.05,66.63,55.56,-0.04,-0.05,0.01,15.9,15.8,15.69,52,43,1.19,8.88,,,,2026-03-16,2026-03-16 10:51:58
4503,金雨,38.45,71.87,57.99,46.22,-0.56,-0.8,0.24,40.19,37.88,35.57,137,215,0.64,30.11,202.37,,,2026-03-16,2026-03-16 10:51:59
4506,崇友,117.5,73.61,68.83,54.55,0.64,0.22,0.41,119.78,115.83,111.87,52,63,0.83,207.99,18.02,4.5,3.83,2026-03-16,2026-03-16 10:52:00
4510,高鋒,43.9,56.57,39.42,39.1,-1.03,-0.91,-0.12,49.58,44.48,39.37,704,646,1.09,47.45,,0.79,1.8,2026-03-16,2026-03-16 10:52:01
4513,福裕,18.7,59.13,44.76,49.38,-0.2,-0.37,0.17,20.13,18.01,15.9,384,798,0.48,21.39,,,,2026-03-16,2026-03-16 10:52:02
4523,永彰,30.35,22.71,34.89,36.94,0.41,0.85,-0.45,37.19,32.39,27.6,321,889,0.36,19.71,1.37,,,2026-03-16,2026-03-16 10:52:04
4526,東台,33.65,64.2,46.32,42.86,-0.41,-0.45,0.04,37.1,33.31,29.52,3344,4261,0.78,84.74,59.04,,,2026-03-16,2026-03-16 10:52:04
4527,方土霖,42.15,61.21,50.78,59.34,0.25,0.19,0.06,42.16,41.32,40.48,46,58,0.78,32.1,12.54,3.2,7.59,2026-03-16,2026-03-16 10:52:06
4528,江興鍛,18.8,55.02,39.07,36.96,-0.11,-0.06,-0.06,19.97,18.96,17.94,15,16,0.92,15.82,17.25,0.2,1.06,2026-03-16,2026-03-16 10:52:07
4530,宏易,31.4,37.28,47.84,51.01,-0.0,-0.01,0.01,3.63,3.37,3.11,43,31,1.36,,,,,2026-03-16,2026-03-16 10:52:08
4532,瑞智,26.4,80.8,70.64,53.76,0.2,0.14,0.06,26.55,25.72,24.89,1154,1241,0.93,128.04,12.88,1.5,5.68,2026-03-16,2026-03-16 10:52:08
4533,協易機,32.95,23.73,28.33,50.26,0.48,0.87,-0.39,36.62,33.35,30.08,2778,4690,0.59,52.2,82.38,1.2,3.64,2026-03-16,2026-03-16 10:52:10
4534,慶騰,30.05,68.77,56.4,65.65,2.14,2.21,-0.07,33.3,26.64,19.98,1377,1060,1.3,26.08,3005.0,,,2026-03-16,2026-03-16 10:52:11
4535,至興,27.15,6.99,12.17,17.02,-0.47,-0.21,-0.26,31.08,28.93,26.78,14,12,1.1,20.54,16.76,1.6,5.89,2026-03-16,2026-03-16 10:52:13
4536,拓凱,158.0,18.62,28.0,34.85,-0.71,0.01,-0.72,170.43,162.75,155.07,300,255,1.18,143.5,8.46,11.0,6.96,2026-03-16,2026-03-16 10:52:14
4537,旭東,80.3,61.65,54.27,39.19,2.61,3.86,-1.25,95.32,83.51,71.71,174,199,0.87,63.31,63.23,0.5,0.62,2026-03-16,2026-03-16 10:52:16
4538,大詠城,19.0,60.62,57.9,62.5,0.31,0.34,-0.03,19.61,18.68,17.75,15,44,0.34,11.29,65.52,0.4,2.11,2026-03-16,2026-03-16 10:52:16
4540,全球傳動,49.3,58.33,46.04,44.53,0.8,1.11,-0.31,53.12,48.16,43.2,1874,1771,1.06,56.79,,,,2026-03-16,2026-03-16 10:52:17
4541,晟田,41.35,14.61,15.48,33.22,-1.08,-0.66,-0.41,47.77,43.28,38.78,692,641,1.08,27.97,25.21,0.75,1.81,2026-03-16,2026-03-16 10:52:18
4542,科嶠,178.0,71.31,63.58,64.76,15.42,14.1,1.32,179.85,151.97,124.1,1401,2135,0.66,57.53,247.22,1.0,0.56,2026-03-16,2026-03-16 10:52:19
4543,萬在,33.4,66.13,52.58,61.69,0.09,-0.28,0.37,33.33,30.23,27.12,1520,626,2.43,19.96,115.17,1.0,2.99,2026-03-16,2026-03-16 10:52:19
4544,春日,16.8,59.25,49.02,66.9,0.4,0.33,0.07,17.68,15.75,13.82,19,16,1.14,10.13,16.47,1.1,6.55,2026-03-16,2026-03-16 10:52:20
4545,銘鈺,31.4,21.76,26.74,28.09,-1.07,-0.9,-0.17,36.31,33.63,30.95,225,139,1.62,24.18,314.0,1.65,5.25,2026-03-16,2026-03-16 10:52:21
4546,長亨,114.5,12.64,15.23,21.05,-6.3,-4.68,-1.61,147.34,128.47,109.61,31,52,0.6,38.67,37.3,,,2026-03-16,2026-03-16 10:52:23
4549,桓達,93.0,20.96,22.33,34.55,-2.97,-2.45,-0.52,106.83,98.65,90.46,65,104,0.62,53.01,25.14,4.02,4.32,2026-03-16,2026-03-16 10:52:23
4550,長佳,25.1,20.4,31.11,26.47,-0.26,-0.1,-0.16,27.32,26.19,25.06,45,21,2.07,9.5,10.2,2.0,7.97,2026-03-16,2026-03-16 10:52:24
4551,智伸科,117.0,42.83,41.06,40.7,-0.33,0.21,-0.54,129.08,121.28,113.47,540,334,1.61,134.81,19.4,4.2,3.59,2026-03-16,2026-03-16 10:52:26
4552,力達-KY,21.0,25.05,31.78,20.83,-0.38,-0.22,-0.16,24.46,23.22,21.98,733,200,3.65,24.36,10.61,1.0,4.76,2026-03-16,2026-03-16 10:52:27
4553,盛復,18.0,37.51,35.49,50.0,-0.11,-0.04,-0.07,19.38,18.39,17.4,10,7,1.43,5.94,,0.3,1.67,2026-03-16,2026-03-16 10:52:28
4554,橙的,27.95,50.22,30.76,57.4,-0.36,-0.43,0.07,28.11,26.29,24.48,91,43,2.09,7.36,17.04,0.35,1.25,2026-03-16,2026-03-16 10:52:28
4555,氣立,34.8,40.78,35.54,29.59,-1.18,-1.03,-0.14,39.96,36.7,33.44,88,65,1.34,24.18,99.43,0.5,1.44,2026-03-16,2026-03-16 10:52:29
4556,旭然,30.0,68.95,54.33,60.84,0.32,0.18,0.14,29.35,27.8,26.25,205,110,1.85,12.69,46.15,0.3,1.0,2026-03-16,2026-03-16 10:52:30
4557,永新-KY,62.0,14.76,17.67,30.86,-2.76,-2.56,-0.2,71.19,65.79,60.38,24,90,0.28,29.74,9.57,6.5,10.48,2026-03-16,2026-03-16 10:52:31
4558,寶緯,18.85,67.63,60.54,41.18,-0.11,-0.13,0.01,19.34,19.0,18.65,14,12,1.15,9.43,,0.5,2.65,2026-03-16,2026-03-16 10:52:31
4559,久裕興,7.9,46.53,31.33,50.0,0.05,0.08,-0.04,8.17,7.9,7.64,7,5,1.37,4.74,790.0,,,2026-03-16,2026-03-16 10:52:33
4560,強信-KY,32.85,45.37,52.22,46.79,0.14,0.16,-0.02,34.13,32.91,31.69,60,248,0.24,22.37,11.49,1.2,3.65,2026-03-16,2026-03-16 10:52:34
4561,健椿,33.75,19.06,17.69,25.53,-1.78,-1.11,-0.67,44.53,37.99,31.44,85,99,0.86,19.75,50.37,1.2,3.56,2026-03-16,2026-03-16 10:52:35
4562,穎漢,33.85,40.48,31.98,32.47,-1.44,-1.26,-0.18,39.57,35.17,30.76,282,249,1.13,29.63,,,,2026-03-16,2026-03-16 10:52:35
4563,百德,43.95,16.14,17.84,21.57,-2.59,-1.87,-0.72,56.62,49.41,42.2,137,120,1.14,24.15,31.62,3.0,6.83,2026-03-16,2026-03-16 10:52:36
4564,元翎,21.35,58.68,53.46,71.43,0.82,0.73,0.09,22.31,19.12,15.94,4028,1731,2.33,49.7,,,,2026-03-16,2026-03-16 10:52:37
4565,宏偉,90.8,40.29,31.79,27.78,-2.1,-1.96,-0.14,99.72,93.63,87.54,22,10,2.24,56.06,13.59,6.0,6.61,2026-03-16,2026-03-16 10:52:38
4566,時碩工業,55.1,37.5,29.45,33.14,-1.07,-0.8,-0.26,61.57,56.81,52.05,233,255,0.91,60.59,114.79,0.68,1.23,2026-03-16,2026-03-16 10:52:38
4568,科際精密,42.95,70.29,52.36,52.17,0.02,-0.03,0.05,43.57,42.25,40.93,8,9,0.87,13.6,26.51,2.0,4.66,2026-03-16,2026-03-16 10:52:39
4569,六方科-KY,139.0,9.71,22.04,41.27,-1.06,0.85,-1.91,168.07,150.05,132.03,40,105,0.38,42.25,30.89,5.71,4.11,2026-03-16,2026-03-16 10:52:40
4570,傑生,66.3,73.09,65.78,48.2,-0.42,-0.51,0.09,68.15,66.3,64.44,4,3,1.05,29.17,57.16,3.0,4.52,2026-03-16,2026-03-16 10:52:41
4571,鈞興-KY,166.5,28.45,22.33,42.96,-3.16,-1.6,-1.56,188.74,172.28,155.81,274,246,1.11,86.45,17.15,5.18,3.11,2026-03-16,2026-03-16 10:52:41
4572,駐龍,145.0,57.17,52.34,43.75,-1.13,-1.22,0.09,151.49,145.93,140.36,28,38,0.73,58.0,48.82,4.74,3.27,2026-03-16,2026-03-16 10:52:42
4573,高明鐵,279.0,84.77,78.06,80.38,37.35,26.95,10.4,258.95,147.84,36.72,4210,2877,1.46,116.33,,,,2026-03-16,2026-03-16 10:52:43
4575,銓寶,19.9,36.9,33.73,46.43,-0.12,-0.11,-0.01,20.69,20.19,19.69,0,33,0.0,7.7,14.85,2.0,10.05,2026-03-16,2026-03-16 10:52:44
4576,大銀微系統,123.0,68.58,59.03,57.0,1.43,1.1,0.34,127.74,117.5,107.26,1205,1058,1.14,147.36,61.5,0.2,0.16,2026-03-16,2026-03-16 10:52:44
4577,達航科技,95.7,74.51,74.71,69.17,9.38,8.28,1.1,108.85,79.6,50.36,628,588,1.07,47.03,,,,2026-03-16,2026-03-16 10:52:45
4580,捷流閥業,80.5,39.79,38.74,40.74,-0.41,-0.3,-0.11,82.95,81.08,79.22,54,80,0.68,37.68,12.68,5.0,6.21,2026-03-16,2026-03-16 10:52:46
4581,光隆精密-KY,49.75,65.83,56.2,36.08,-0.45,-0.41,-0.04,51.57,50.34,49.12,21,16,1.26,16.86,11.08,3.2,6.43,2026-03-16,2026-03-16 10:52:48
4582,聚恆,32.0,81.61,66.67,53.85,1.58,1.76,-0.18,32.31,30.66,29.01,77,104,0.74,21.31,34.04,0.2,0.62,2026-03-16,2026-03-16 10:52:48
4583,台灣精銳,629.0,42.85,39.89,30.05,-22.23,-18.08,-4.16,724.06,666.15,608.24,89,152,0.58,504.28,52.46,10.0,1.59,2026-03-16,2026-03-16 10:52:49
4584,君帆,43.9,41.25,40.7,41.92,-0.55,-0.63,0.08,47.21,44.64,42.07,2,1,1.36,13.17,12.69,2.2,5.01,2026-03-16,2026-03-16 10:52:50
4585,達明,313.5,37.0,27.14,36.16,-10.85,-8.34,-2.5,370.59,331.05,291.51,195,195,1.0,327.95,252.82,,,2026-03-16,2026-03-16 10:52:50
4587,寶元數控,25.8,38.59,42.58,54.89,0.44,0.48,-0.04,27.49,25.61,23.74,26,12,2.03,8.51,,,,2026-03-16,2026-03-16 10:52:51
4588,玖鼎電力,59.8,25.42,22.43,26.95,-1.67,-1.16,-0.51,68.85,63.18,57.51,67,97,0.7,25.71,18.81,3.0,5.02,2026-03-16,2026-03-16 10:52:52
4589,碩陽電機,34.0,27.05,34.33,50.0,-0.22,-0.15,-0.07,35.86,34.69,33.53,4,5,0.75,8.75,44.74,1.69,4.97,2026-03-16,2026-03-16 10:52:53
4590,富田-創,77.8,43.61,30.36,48.69,-3.25,-3.3,0.05,83.07,76.88,70.7,270,140,1.93,42.66,119.69,3.0,3.86,2026-03-16,2026-03-16 10:52:53
4609,唐鋒,4.68,30.83,38.21,23.9,-0.2,-0.17,-0.03,5.88,5.25,4.62,6,5,1.2,2.24,,,,2026-03-13,2026-03-16 10:52:55
4702,中美實,10.0,54.75,56.77,56.76,0.03,0.02,0.01,10.22,9.91,9.6,172,145,1.18,7.23,18.52,,,2026-03-16,2026-03-16 10:52:57
4706,大恭,29.65,40.35,38.62,44.16,-0.06,0.03,-0.09,30.89,30.12,29.35,44,13,3.29,23.43,164.72,0.7,2.36,2026-03-16,2026-03-16 10:52:59
4707,磐亞,10.65,76.04,68.15,66.67,0.11,0.06,0.05,10.6,10.23,9.85,2303,1136,2.03,43.0,12.24,0.25,2.35,2026-03-16,2026-03-16 10:53:00
4711,永純,16.5,61.13,48.44,81.25,0.07,-0.03,0.1,15.79,15.1,14.41,1167,258,4.51,10.07,82.5,0.5,3.03,2026-03-16,2026-03-16 10:53:00
4714,永捷,15.1,29.05,30.16,27.08,-0.43,-0.34,-0.09,17.52,16.14,14.76,1369,1511,0.91,26.89,16.41,0.2,1.32,2026-03-16,2026-03-16 10:53:02
4716,大立,14.15,23.27,29.64,36.25,-0.34,-0.32,-0.03,15.53,14.75,13.98,448,313,1.43,13.36,,0.2,1.41,2026-03-16,2026-03-16 10:53:03
4720,德淵,17.1,56.12,44.04,55.41,-0.07,-0.11,0.03,17.15,16.2,15.26,4489,1328,3.38,19.58,23.11,1.0,5.85,2026-03-16,2026-03-16 10:53:04
4721,美琪瑪,70.9,78.47,64.38,60.73,0.15,-0.48,0.63,70.02,65.65,61.28,1013,480,2.11,53.17,25.23,2.36,3.33,2026-03-16,2026-03-16 10:53:05
4722,國精化,195.0,46.97,34.69,55.52,3.77,3.7,0.08,212.39,180.62,148.86,4265,2827,1.51,198.61,98.48,1.4,0.72,2026-03-16,2026-03-16 10:53:06
4724,宣捷幹細胞,14.65,50.65,57.05,46.61,-0.04,-0.06,0.02,16.22,15.08,13.95,84,91,0.92,14.06,,,,2026-03-16,2026-03-16 10:53:06
4726,永昕,32.0,26.95,28.71,46.23,-0.44,-0.35,-0.09,33.95,32.59,31.23,267,281,0.95,66.34,,,,2026-03-16,2026-03-16 10:53:07
4728,雙美,390.0,37.57,46.78,48.48,-0.17,-0.11,-0.06,396.06,391.18,386.29,1,2,0.69,212.41,29.26,11.6,2.97,2026-03-16,2026-03-16 10:53:09
4729,熒茂,20.5,23.23,24.86,36.89,-0.51,-0.42,-0.09,22.98,21.38,19.79,208,193,1.08,16.24,66.13,0.5,2.44,2026-03-16,2026-03-16 10:53:10
4732,彥臣,20.0,65.3,50.97,41.27,-0.17,-0.2,0.03,20.68,19.94,19.2,130,39,3.3,9.64,,,,2026-03-16,2026-03-16 10:53:11
4735,豪展,31.3,42.0,27.6,43.64,-0.49,-0.46,-0.03,32.85,31.39,29.93,21,14,1.52,12.05,13.49,2.31,7.38,2026-03-16,2026-03-16 10:53:12
4736,泰博,126.0,51.18,56.43,53.97,-0.31,-0.31,-0.01,130.54,125.95,121.36,251,340,0.74,120.17,8.33,10.0,7.94,2026-03-16,2026-03-16 10:53:12
4737,華廣,60.2,71.58,71.96,67.68,1.56,1.03,0.53,63.07,56.64,50.2,141,285,0.49,46.53,19.29,,,2026-03-16,2026-03-16 10:53:13
4738,大同精化,5.15,39.18,44.54,32.43,-0.38,-0.24,-0.14,7.19,6.09,4.99,395,280,1.41,4.0,39.62,,,2026-03-16,2026-03-16 10:53:14
4739,康普,78.2,71.78,58.93,58.35,1.4,0.7,0.7,81.86,72.03,62.19,2821,2054,1.37,97.48,55.46,0.94,1.2,2026-03-16,2026-03-16 10:53:14
4741,泓瀚,22.3,31.45,36.9,55.0,0.13,0.17,-0.04,23.53,22.34,21.15,31,47,0.66,7.76,41.3,1.2,5.38,2026-03-16,2026-03-16 10:53:15
4743,合一,54.9,44.42,29.52,37.14,-2.52,-2.56,0.05,62.61,56.66,50.71,4106,3025,1.36,263.17,,,,2026-03-16,2026-03-16 10:53:17
4744,皇將,35.4,73.44,55.47,61.34,0.74,0.52,0.22,34.63,32.08,29.52,1603,561,2.86,18.94,17.35,0.4,1.13,2026-03-16,2026-03-16 10:53:19
4745,合富-KY,19.15,23.93,27.53,29.6,-0.86,-0.79,-0.06,22.85,20.62,18.39,139,117,1.19,14.83,,,,2026-03-16,2026-03-16 10:53:20
4746,台耀,54.5,53.19,35.08,40.76,-1.47,-1.54,0.08,59.76,54.92,50.08,1183,1119,1.06,65.54,27.39,3.0,5.5,2026-03-16,2026-03-16 10:53:20
4747,強生,55.7,62.48,61.7,40.58,-0.58,-0.64,0.06,57.88,56.52,55.16,17,15,1.15,25.03,46.81,1.75,3.14,2026-03-16,2026-03-16 10:53:21
4749,新應材,933.0,50.47,57.05,55.67,23.96,21.6,2.36,1017.22,903.55,789.88,2884,3679,0.78,865.2,88.44,5.99,0.64,2026-03-16,2026-03-16 10:53:22
4754,國碳科,37.9,36.29,41.43,33.33,-0.14,-0.1,-0.04,39.0,38.38,37.76,64,42,1.52,11.48,13.35,2.0,5.28,2026-03-16,2026-03-16 10:53:24
4755,三福化,153.0,69.88,71.32,59.69,8.44,7.22,1.21,165.56,141.57,117.59,5922,2839,2.09,154.08,45.81,3.5,2.29,2026-03-16,2026-03-16 10:53:24
4760,勤凱,182.0,56.91,43.22,50.82,-1.57,-1.4,-0.16,199.29,179.55,159.81,238,250,0.95,58.69,26.07,4.5,2.47,2026-03-16,2026-03-16 10:53:25
4763,材料*-KY,46.4,51.6,34.48,44.81,-1.76,-1.84,0.08,52.93,46.4,39.88,14757,6532,2.26,458.96,6.09,5.41,11.66,2026-03-16,2026-03-16 10:53:26
4764,雙鍵,159.0,83.52,81.6,70.85,10.77,6.96,3.81,168.82,128.93,89.03,10756,8169,1.32,136.01,178.65,,,2026-03-16,2026-03-16 10:53:26
4765,磐采,11.95,37.71,29.73,22.22,-0.29,-0.27,-0.03,13.4,12.42,11.45,4,23,0.17,3.84,,,,2026-03-13,2026-03-16 10:53:27
4766,南寶,322.5,49.42,45.46,50.31,-0.51,-0.18,-0.33,333.17,318.25,303.33,712,464,1.53,388.84,15.42,19.0,5.89,2026-03-16,2026-03-16 10:53:28
4767,誠泰科技,25.75,67.9,58.04,59.52,-0.13,-0.25,0.11,25.69,24.99,24.29,26,15,1.65,8.09,20.6,1.8,6.99,2026-03-16,2026-03-16 10:53:29
4768,晶呈科技,450.0,37.33,33.71,60.1,13.78,14.88,-1.1,507.15,432.95,358.75,556,575,0.97,213.7,1097.56,4.0,0.89,2026-03-16,2026-03-16 10:53:30
4770,上品,259.5,75.06,63.59,56.7,3.81,0.98,2.83,267.3,242.75,218.2,1019,1957,0.52,207.54,19.12,6.0,2.31,2026-03-16,2026-03-16 10:53:30
4771,望隼,179.0,62.39,52.28,48.48,-0.3,-0.17,-0.13,183.17,177.95,172.73,144,104,1.38,104.77,14.95,5.52,3.08,2026-03-16,2026-03-16 10:53:31
4773,高福,28.15,65.61,56.64,50.94,-0.2,-1.89,1.69,348.97,321.23,293.48,2728,2600,1.05,,,,,2026-03-16,2026-03-16 10:53:33
4804,大略-KY,5.0,6.46,9.4,17.31,-0.4,-0.33,-0.07,6.76,5.77,4.79,81,82,0.99,3.6,,,,2026-03-16,2026-03-16 10:53:34
4806,桂田文創,12.1,55.84,53.02,43.12,0.48,0.46,0.02,13.65,11.72,9.79,5,22,0.24,12.09,,,,2026-03-16,2026-03-16 10:53:35
4807,日成-KY,16.0,21.02,29.16,24.14,-0.39,-0.29,-0.11,18.42,17.27,16.11,129,40,3.21,6.4,400.0,,,2026-03-16,2026-03-16 10:53:36
4903,聯光通,43.7,62.38,49.57,54.34,0.49,0.3,0.19,45.23,41.82,38.4,3507,3568,0.98,46.04,42.84,0.3,0.69,2026-03-16,2026-03-16 10:53:37
4904,遠傳,93.5,53.95,43.09,45.81,0.47,0.62,-0.15,95.16,92.6,90.04,3624,4932,0.73,3372.57,24.67,3.56,3.81,2026-03-16,2026-03-16 10:53:37
4905,台聯電,61.1,11.24,14.43,43.69,-0.2,0.02,-0.22,64.86,62.56,60.25,8,8,0.97,17.88,22.71,1.5,2.45,2026-03-16,2026-03-16 10:53:39
4906,正文,28.75,61.13,46.99,58.55,-0.14,-0.28,0.14,28.3,26.74,25.17,10707,4850,2.21,122.98,15.97,1.5,5.22,2026-03-16,2026-03-16 10:53:41
4907,富宇,40.7,65.0,52.89,37.29,-0.63,-0.72,0.08,42.5,40.97,39.44,32,20,1.58,48.09,24.08,1.8,4.42,2026-03-16,2026-03-16 10:53:42
4908,前鼎,104.5,63.28,59.33,66.25,6.3,5.21,1.09,112.24,89.6,66.96,10196,6238,1.63,81.74,43.18,1.75,1.67,2026-03-16,2026-03-16 10:53:43
4909,新復興,62.5,26.75,34.16,58.18,1.39,1.69,-0.29,71.51,60.89,50.27,2343,2880,0.81,58.35,347.22,6.0,9.6,2026-03-16,2026-03-16 10:53:44
4912,聯德控股-KY,90.9,45.54,32.23,43.2,-1.42,-1.01,-0.41,101.24,91.08,80.92,365,286,1.27,60.99,22.12,1.21,1.33,2026-03-16,2026-03-16 10:53:44
4915,致伸,73.0,26.35,19.54,30.8,-1.99,-1.41,-0.57,85.67,76.84,68.0,3233,3114,1.04,343.93,12.97,4.2,5.75,2026-03-16,2026-03-16 10:53:45
4916,事欣科,59.7,49.83,43.34,41.87,-0.65,-0.43,-0.22,65.73,61.06,56.4,2101,2738,0.77,73.5,38.03,0.38,0.64,2026-03-16,2026-03-16 10:53:46
4919,新唐,84.5,65.38,68.09,68.96,6.73,6.04,0.69,94.34,73.76,53.19,10183,22896,0.44,354.7,37.22,0.4,0.47,2026-03-16,2026-03-16 10:53:46
4923,力士,34.15,64.15,46.24,54.76,-0.26,-0.36,0.1,34.49,31.38,28.26,240,81,2.95,11.18,,,,2026-03-16,2026-03-16 10:53:47
4924,欣厚-KY,10.5,33.4,31.08,43.55,-0.2,-0.16,-0.03,11.34,10.75,10.16,49,38,1.29,3.9,37.5,,,2026-03-16,2026-03-16 10:53:48
4925,智微,91.9,61.18,50.16,39.02,7.85,8.76,-0.91,112.28,85.8,59.32,384,499,0.77,64.74,,,,2026-03-16,2026-03-16 10:53:49
4927,泰鼎-KY,45.05,53.8,52.45,65.5,2.55,2.54,0.01,52.38,40.97,29.57,3852,3284,1.17,119.35,5.62,,,2026-03-16,2026-03-16 10:53:49
4930,燦星網,20.5,15.71,18.26,9.76,-0.35,-0.24,-0.1,22.41,21.4,20.39,114,71,1.61,16.4,16.67,0.6,2.93,2026-03-16,2026-03-16 10:53:51
4931,新盛力,146.0,60.26,41.06,51.63,-4.44,-6.03,1.59,156.73,139.18,121.62,6730,4425,1.52,95.8,63.76,2.0,1.37,2026-03-16,2026-03-16 10:53:53
4933,友輝,60.8,49.62,43.26,55.15,-0.2,-0.14,-0.06,61.76,57.93,54.1,765,415,1.84,49.91,10.76,5.99,9.85,2026-03-16,2026-03-16 10:53:54
4934,太極,19.2,44.61,40.02,57.65,0.79,0.88,-0.09,21.01,18.39,15.76,1671,1745,0.96,43.2,,,,2026-03-16,2026-03-16 10:53:54
4935,茂林-KY,35.7,11.75,14.12,21.05,-1.05,-0.82,-0.24,40.74,37.95,35.16,133,141,0.95,46.0,17.08,2.2,6.16,2026-03-16,2026-03-16 10:53:55
4938,和碩,77.0,68.85,56.55,63.8,1.16,0.51,0.65,76.58,71.59,66.6,16413,23481,0.7,2065.27,16.11,4.5,5.84,2026-03-16,2026-03-16 10:53:56
4939,亞電,32.15,42.36,36.63,42.42,-1.33,-1.42,0.09,36.32,33.31,30.31,2594,2796,0.93,31.57,,0.5,1.56,2026-03-16,2026-03-16 10:53:57
4942,嘉彰,37.8,51.79,51.53,48.8,-0.14,-0.15,0.02,38.74,37.72,36.7,109,130,0.84,53.82,12.73,2.0,5.29,2026-03-16,2026-03-16 10:53:57
4943,康控-KY,11.95,39.78,40.59,51.55,-0.01,-0.04,0.03,12.69,11.85,11.01,6,10,0.61,15.14,0.98,,,2026-03-16,2026-03-16 10:53:58
4946,辣椒,144.0,46.87,54.69,61.98,8.69,9.65,-0.96,172.36,139.4,106.44,141,238,0.59,12.75,,,,2026-03-16,2026-03-16 10:54:00
4949,有成精密,66.4,85.52,80.12,80.0,4.81,2.91,1.91,64.95,50.97,36.99,15046,8329,1.81,44.6,33.37,1.4,2.11,2026-03-16,2026-03-16 10:54:00
4950,金耘國際,15.05,37.81,40.86,35.92,-0.73,-0.74,0.02,17.94,16.12,14.31,9,23,0.39,8.69,5.81,,,2026-03-16,2026-03-16 10:54:01
4951,精拓科,69.8,72.1,65.68,49.72,0.83,0.84,-0.02,72.87,70.15,67.44,172,140,1.23,23.84,11.91,3.2,4.58,2026-03-16,2026-03-16 10:54:03
4952,凌通,44.25,41.57,50.47,55.02,1.56,1.75,-0.19,48.94,43.42,37.9,570,1024,0.56,48.15,42.96,2.25,5.08,2026-03-16,2026-03-16 10:54:04
4953,緯軟,116.5,82.49,67.23,53.45,-2.22,-3.23,1.01,120.08,114.7,109.32,249,318,0.78,85.22,17.71,3.99,3.42,2026-03-16,2026-03-16 10:54:05
4956,光鋐,32.45,78.73,62.24,66.48,1.63,1.0,0.63,30.86,26.0,21.14,37489,15220,2.46,32.58,18.98,,,2026-03-16,2026-03-16 10:54:05
4958,臻鼎-KY,196.5,54.55,37.89,50.45,1.98,2.99,-1.02,213.21,185.85,158.49,46519,20729,2.24,2043.99,24.41,4.8,2.44,2026-03-16,2026-03-16 10:54:06
4960,誠美材,25.55,96.24,90.11,92.88,2.24,1.18,1.05,23.32,16.37,9.41,6667,24227,0.28,144.54,,,,2026-03-16,2026-03-16 10:54:07
4961,天鈺,142.0,46.55,48.16,45.92,-0.87,-0.54,-0.33,152.23,145.57,138.92,552,559,0.99,170.05,14.81,12.87,9.06,2026-03-16,2026-03-16 10:54:08
4966,譜瑞-KY,520.0,68.96,65.57,51.74,-8.88,-11.53,2.65,545.27,521.45,497.63,393,482,0.81,402.82,15.16,17.99,3.46,2026-03-16,2026-03-16 10:54:08
4967,十銓,208.5,60.55,43.59,50.25,-3.51,-3.32,-0.18,225.83,199.85,173.87,12775,7574,1.69,177.15,16.11,3.0,1.44,2026-03-16,2026-03-16 10:54:09
4968,立積,104.0,10.5,16.05,19.67,-5.09,-3.76,-1.34,131.81,115.67,99.54,632,1081,0.58,95.9,39.25,1.1,1.06,2026-03-16,2026-03-16 10:54:10
4971,IET-KY,464.0,52.03,44.71,57.22,25.12,28.39,-3.27,525.23,440.68,356.12,255,2375,0.11,185.53,108.16,,,2026-03-16,2026-03-16 10:54:11
4972,湯石照明,17.9,64.42,50.54,53.85,-0.06,-0.08,0.02,18.1,17.84,17.58,13,29,0.45,10.18,,0.8,4.47,2026-03-16,2026-03-16 10:54:11
4973,廣穎,73.9,93.1,80.98,80.97,4.55,1.55,3.0,66.64,48.81,30.98,19792,13839,1.43,48.33,,1.0,1.35,2026-03-16,2026-03-16 10:54:12
4974,亞泰,73.0,60.12,42.36,39.35,-0.5,-0.22,-0.28,79.62,74.21,68.8,105,120,0.87,52.92,14.31,5.45,7.47,2026-03-16,2026-03-16 10:54:13
4976,佳凌,29.55,46.96,40.24,38.92,-0.5,-0.39,-0.1,32.36,30.21,28.07,257,349,0.74,41.47,19.57,,,2026-03-16,2026-03-16 10:54:14
4977,眾達-KY,186.0,69.19,60.23,73.22,11.38,8.91,2.48,194.07,155.35,116.63,24621,15335,1.61,146.5,33.7,2.25,1.21,2026-03-16,2026-03-16 10:54:16
4979,華星光,427.0,48.66,39.12,61.01,21.08,22.67,-1.59,471.23,381.3,291.37,4103,3633,1.13,601.39,80.57,1.54,0.36,2026-03-16,2026-03-16 10:54:17
4980,佐臻,25.6,40.76,37.78,35.09,-1.03,-0.92,-0.12,29.98,27.41,24.85,31,41,0.75,11.54,,,,2026-03-16,2026-03-16 10:54:18
4987,科誠,81.1,70.97,66.84,69.23,0.52,0.66,-0.15,81.38,80.64,79.89,32,21,1.47,25.85,13.43,5.2,6.41,2026-03-16,2026-03-16 10:54:19
4989,榮科,67.4,60.62,63.22,64.39,3.99,3.48,0.51,79.79,61.38,42.96,23484,34301,0.68,92.86,,,,2026-03-16,2026-03-16 10:54:20
4991,環宇-KY,344.0,55.34,49.92,63.77,24.92,27.31,-2.4,385.79,315.5,245.21,825,915,0.9,412.56,64.72,,,2026-03-16,2026-03-16 10:54:21
4994,傳奇,96.4,13.14,23.78,26.09,-0.94,-0.11,-0.83,105.96,101.41,96.85,25,28,0.89,63.99,49.44,9.0,9.34,2026-03-16,2026-03-16 10:54:21
4995,晶達,40.55,27.7,31.99,54.44,-0.04,0.01,-0.04,42.52,40.83,39.15,58,29,1.99,17.19,18.27,4.0,9.86,2026-03-16,2026-03-16 10:54:22
4999,鑫禾,22.1,24.06,21.66,32.43,-0.36,-0.29,-0.06,24.03,22.88,21.73,79,100,0.79,16.27,16.49,1.0,4.52,2026-03-16,2026-03-16 10:54:24
5007,三星,55.7,26.59,23.72,23.3,-0.69,-0.22,-0.47,62.49,58.01,53.52,180,70,2.56,164.28,20.48,3.0,5.39,2026-03-16,2026-03-16 10:54:24
5009,榮剛,32.85,14.25,24.7,25.0,-0.11,0.19,-0.29,36.11,34.28,32.46,1714,2264,0.76,183.43,19.21,1.2,3.65,2026-03-16,2026-03-16 10:54:25
5011,久陽,14.0,28.12,45.29,60.0,0.66,0.73,-0.06,16.8,13.62,10.44,323,651,0.5,14.09,,0.2,1.43,2026-03-16,2026-03-16 10:54:27
5013,強新,29.0,39.86,44.8,38.89,-0.02,-0.0,-0.02,31.02,29.82,28.63,49,13,3.66,38.69,17.47,0.8,2.76,2026-03-16,2026-03-16 10:54:28
5014,建錩,10.5,14.39,19.9,38.46,-0.15,-0.1,-0.05,11.36,10.87,10.38,210,218,0.96,19.24,,0.3,2.86,2026-03-16,2026-03-16 10:54:29
5015,華祺,26.35,16.33,17.34,19.05,-0.52,-0.35,-0.18,29.38,27.73,26.07,107,57,1.86,15.98,439.17,2.3,8.73,2026-03-16,2026-03-16 10:54:31
5016,松和,24.75,52.88,39.74,46.32,-0.16,-0.14,-0.01,25.71,24.87,24.03,4,4,1.11,12.28,17.93,1.2,4.85,2026-03-16,2026-03-16 10:54:32
5201,凱衛,39.7,42.47,36.86,44.17,-0.87,-1.0,0.13,41.59,40.22,38.84,57,64,0.89,15.35,33.64,1.26,3.17,2026-03-16,2026-03-16 10:54:33
5202,力新,14.7,52.97,38.73,53.01,-0.32,-0.43,0.11,15.14,14.41,13.68,194,252,0.77,13.1,,0.5,3.4,2026-03-16,2026-03-16 10:54:34
5203,訊連,65.0,52.83,31.93,27.02,-5.39,-5.58,0.19,84.44,69.48,54.52,356,305,1.17,51.47,18.31,3.9,6.0,2026-03-16,2026-03-16 10:54:35
5205,中茂,28.9,76.41,81.54,64.19,-0.12,-0.36,0.24,29.47,27.93,26.39,10,6,1.66,3.9,,,,2026-03-16,2026-03-16 10:54:36
5206,坤悅,28.2,18.8,18.19,19.35,-0.61,-0.53,-0.09,30.84,29.34,27.83,59,66,0.9,48.37,8.1,0.5,1.77,2026-03-16,2026-03-16 10:54:36
5209,新鼎,168.5,64.86,62.39,57.14,-0.86,-1.24,0.38,172.99,167.7,162.41,12,62,0.2,47.9,12.23,11.33,6.72,2026-03-16,2026-03-16 10:54:37
5210,寶碩,21.3,49.36,50.12,39.29,-0.19,-0.18,-0.01,22.21,21.39,20.58,139,101,1.38,17.5,25.36,,,2026-03-16,2026-03-16 10:54:38
5211,蒙恬,22.85,21.55,17.84,30.51,-0.76,-0.79,0.03,24.96,23.58,22.2,41,41,1.0,7.32,,,,2026-03-16,2026-03-16 10:54:39
5212,凌網,54.0,81.08,78.47,63.51,0.2,-0.05,0.25,53.76,52.29,50.82,41,33,1.24,18.7,15.88,4.2,7.78,2026-03-16,2026-03-16 10:54:40
5213,亞昕,27.2,77.22,76.59,74.4,0.67,0.46,0.21,27.87,25.39,22.9,1201,1259,0.95,195.82,8.89,1.24,4.56,2026-03-16,2026-03-16 10:54:43
5215,科嘉-KY,37.05,26.11,28.42,29.25,-0.13,0.13,-0.26,40.35,38.05,35.75,23,50,0.46,23.84,16.18,2.5,6.75,2026-03-16,2026-03-16 10:54:43
5220,萬達光電,19.9,40.69,41.56,61.64,0.39,0.38,0.0,20.45,19.39,18.32,30,216,0.14,7.83,,0.5,2.51,2026-03-16,2026-03-16 10:54:45
5222,全訊,135.0,26.86,27.73,44.58,-0.92,-0.26,-0.66,146.67,136.95,127.23,455,636,0.72,122.78,47.54,2.5,1.85,2026-03-16,2026-03-16 10:54:46
5223,安力-KY,30.05,43.62,47.02,63.79,0.39,0.35,0.05,30.91,29.37,27.82,58,77,0.75,13.39,273.18,,,2026-03-16,2026-03-16 10:54:47
5225,東科-KY,93.4,41.13,30.01,23.28,-2.23,-2.03,-0.2,102.68,95.78,88.88,201,231,0.87,73.47,9.18,7.21,7.72,2026-03-16,2026-03-16 10:54:48
5227,立凱-KY,26.35,61.92,43.7,58.0,-0.17,-0.32,0.15,26.46,25.25,24.04,247,159,1.55,17.92,10.42,,,2026-03-16,2026-03-16 10:54:48
5228,鈺鎧,21.6,27.48,31.83,38.65,-0.44,-0.23,-0.21,24.97,22.71,20.45,76,89,0.86,8.22,,,,2026-03-16,2026-03-16 10:54:49
5230,雷笛克光學,16.6,45.97,33.56,41.75,-0.46,-0.45,-0.01,18.2,16.87,15.53,142,102,1.4,9.09,11.37,0.51,3.07,2026-03-16,2026-03-16 10:54:50
5234,達興材料,399.5,59.46,46.4,47.88,8.55,9.83,-1.28,445.4,390.45,335.5,1554,1264,1.23,410.35,54.43,6.5,1.63,2026-03-16,2026-03-16 10:54:51
5236,凌陽創新,129.0,62.71,62.65,58.0,2.35,2.39,-0.05,134.28,126.85,119.42,126,126,1.0,77.41,15.05,7.73,5.99,2026-03-16,2026-03-16 10:54:51
5240,建騰,27.55,82.1,77.39,71.88,1.58,0.38,1.21,26.68,19.74,12.79,224,220,1.02,7.32,,0.4,1.45,2026-03-16,2026-03-16 10:54:52
5243,乙盛-KY,72.7,37.4,30.25,33.62,-3.0,-2.26,-0.75,91.14,78.88,66.63,1584,947,1.67,122.52,16.75,1.5,2.06,2026-03-16,2026-03-16 10:54:53
5244,弘凱,36.4,35.25,26.6,43.48,-0.86,-0.76,-0.1,40.3,37.14,33.98,332,391,0.85,24.84,28.0,1.5,4.12,2026-03-16,2026-03-16 10:54:54
5245,智晶,25.6,26.62,23.7,42.66,-0.36,-0.02,-0.34,30.62,27.51,24.4,108,88,1.23,11.08,,,,2026-03-16,2026-03-16 10:54:55
5246,勵威,167.5,74.63,78.26,88.24,29.73,20.01,9.72,177.78,90.42,3.06,2638,2339,1.13,65.66,,,,2026-03-16,2026-03-16 10:54:56
5248,景傳,20.1,25.08,38.28,31.25,-0.42,-0.18,-0.24,23.9,22.29,20.68,37,51,0.73,4.92,25.12,1.1,5.47,2026-03-16,2026-03-16 10:54:57
5251,天鉞電,30.5,36.98,35.98,41.36,-0.85,-0.82,-0.03,34.0,31.93,29.86,155,99,1.57,10.29,305.0,,,2026-03-16,2026-03-16 10:54:58
5254,欣訊科技,32.2,58.1,55.51,46.34,0.23,0.38,-0.15,33.91,32.55,31.18,1,0,4.98,7.28,14.38,2.0,6.21,2026-03-16,2026-03-16 10:54:59
5258,虹堡,44.1,15.5,20.64,28.54,-3.76,-3.51,-0.25,57.58,50.51,43.44,919,1164,0.79,48.32,13.45,2.52,5.71,2026-03-16,2026-03-16 10:55:00
5262,立達,59.2,91.49,86.69,84.29,3.99,2.7,1.29,57.73,46.03,34.33,763,469,1.63,31.2,85.8,2.67,4.51,2026-03-16,2026-03-16 10:55:01
5263,智崴,99.9,50.04,40.66,49.86,-1.94,-2.16,0.21,105.42,100.44,95.45,107,138,0.78,70.79,26.57,0.94,0.94,2026-03-16,2026-03-16 10:55:02
5267,龍翩,25.95,19.93,23.37,33.66,-0.65,-0.55,-0.1,28.85,27.14,25.43,8,14,0.55,6.51,35.55,3.01,11.6,2026-03-13,2026-03-16 10:55:02
5269,祥碩,1210.0,38.87,42.6,50.47,-14.77,-9.95,-4.82,1329.21,1250.0,1170.79,636,1030,0.62,904.8,16.71,30.0,2.48,2026-03-16,2026-03-16 10:55:03
5271,紘通,18.9,68.06,55.97,79.42,1.09,0.31,0.78,14.86,10.03,5.19,14496,5084,2.85,12.0,,,,2026-03-16,2026-03-16 10:55:04
5272,笙科,21.35,31.5,38.33,55.87,0.3,0.36,-0.05,23.75,21.51,19.27,193,188,1.03,11.8,,,,2026-03-16,2026-03-16 10:55:05
5274,信驊,10295.0,74.25,66.83,56.62,394.12,346.5,47.63,10568.83,9609.5,8650.17,149,285,0.52,3891.79,99.09,52.0,0.51,2026-03-16,2026-03-16 10:55:06
5276,達輝-KY,15.4,28.87,30.56,39.13,-0.06,-0.01,-0.06,16.2,15.73,15.26,9,11,0.79,6.08,15.1,0.6,3.9,2026-03-16,2026-03-16 10:55:06
5278,尚凡*,25.05,16.27,19.78,37.21,-1.24,-0.91,-0.32,30.64,27.41,24.17,385,1192,0.32,75.15,26.37,0.71,2.83,2026-03-16,2026-03-16 10:55:07
5283,禾聯碩,56.3,12.79,13.69,14.29,-1.05,-0.82,-0.23,61.67,58.55,55.43,90,82,1.1,49.32,11.13,0.7,1.24,2026-03-16,2026-03-16 10:55:08
5284,jpp-KY,264.5,53.11,54.08,51.75,-0.61,-1.74,1.13,279.61,263.2,246.79,559,1187,0.47,139.12,24.7,1.48,0.56,2026-03-16,2026-03-16 10:55:08
5285,界霖,46.8,29.72,26.57,29.05,-1.33,-1.1,-0.23,53.58,49.51,45.45,141,130,1.09,47.76,30.59,2.0,4.27,2026-03-16,2026-03-16 10:55:11
5287,數字,168.0,68.31,50.95,55.32,-0.06,-0.95,0.89,170.34,164.18,158.01,98,137,0.72,101.32,12.91,10.25,6.1,2026-03-16,2026-03-16 10:55:12
5288,豐祥-KY,137.5,52.39,47.34,32.76,-1.77,-1.28,-0.49,151.23,142.22,133.22,165,137,1.2,95.9,9.4,8.51,6.19,2026-03-16,2026-03-16 10:55:13
5289,宜鼎,1060.0,84.87,74.74,74.04,77.2,53.62,23.58,1049.36,836.75,624.14,3907,4419,0.88,1010.66,49.03,9.38,0.88,2026-03-16,2026-03-16 10:55:14
5291,邑昇,58.4,58.99,53.24,69.12,4.57,4.42,0.15,64.37,48.43,32.48,1510,888,1.7,23.3,188.39,,,2026-03-16,2026-03-16 10:55:15
5292,華懋,179.0,52.52,47.72,43.68,-1.74,-1.48,-0.26,189.82,181.2,172.58,90,153,0.59,75.37,18.49,4.09,2.28,2026-03-16,2026-03-16 10:55:17
5297,廣化,56.0,79.17,63.2,88.92,3.93,1.59,2.34,45.64,31.48,17.32,5976,3409,1.75,20.81,164.71,0.9,1.61,2026-03-16,2026-03-16 10:55:18
5299,杰力,77.3,59.81,46.33,52.08,0.36,0.21,0.14,79.59,75.06,70.53,186,169,1.1,39.34,16.99,3.66,4.73,2026-03-16,2026-03-16 10:55:20
5301,寶得利,9.13,9.14,18.08,12.2,-0.44,-0.21,-0.23,12.78,10.87,8.96,4,30,0.14,6.02,,,,2026-03-16,2026-03-16 10:55:20
5302,太欣,11.2,25.82,27.83,48.54,-0.05,0.07,-0.12,12.79,11.65,10.52,540,522,1.03,17.91,,,,2026-03-16,2026-03-16 10:55:21
5306,桂盟,89.0,27.17,21.64,32.82,-1.08,-0.68,-0.4,95.9,90.87,85.84,117,104,1.12,112.14,12.06,4.14,4.65,2026-03-16,2026-03-16 10:55:23
5309,系統電,61.5,48.93,35.9,39.29,-1.8,-1.48,-0.32,71.53,63.53,55.54,3376,4238,0.8,124.77,279.55,0.7,1.14,2026-03-16,2026-03-16 10:55:24
5310,天剛,27.0,38.22,43.42,49.54,0.27,0.25,0.03,29.76,26.85,23.94,7,12,0.62,7.81,46.55,,,2026-03-16,2026-03-16 10:55:25
5312,寶島科,98.0,38.53,42.16,51.26,-0.16,-0.17,0.0,100.07,98.56,97.05,50,55,0.91,58.86,14.14,7.5,7.65,2026-03-16,2026-03-16 10:55:25
5314,世紀*,81.0,30.58,19.73,34.5,-5.02,-4.55,-0.47,98.14,84.0,69.85,4081,3678,1.11,236.52,26.13,0.27,0.33,2026-03-16,2026-03-16 10:55:26
5315,光聯,23.0,49.87,35.26,35.92,-0.46,-0.37,-0.09,25.79,23.85,21.9,660,472,1.4,24.46,12.17,1.5,6.52,2026-03-16,2026-03-16 10:55:27
5321,美而快,24.75,25.64,17.49,24.41,-1.82,-1.9,0.08,29.66,26.22,22.78,32,95,0.34,13.16,38.67,,,2026-03-16,2026-03-16 10:55:28
5324,士開,10.8,87.08,68.14,57.14,-0.03,-0.1,0.07,11.0,10.45,9.89,382,302,1.26,24.45,40.0,,,2026-03-16,2026-03-16 10:55:30
5328,華容,27.85,54.6,42.26,53.25,0.2,0.27,-0.07,30.1,26.44,22.79,6257,4831,1.3,48.1,59.26,0.6,2.15,2026-03-16,2026-03-16 10:55:30
5340,建榮,117.0,65.41,61.48,60.13,6.51,6.41,0.09,123.45,108.79,94.13,11091,13288,0.83,228.03,98.32,0.2,0.17,2026-03-16,2026-03-16 10:55:31
5344,立衛,14.0,65.08,53.22,42.42,-0.19,-0.2,0.01,14.78,14.18,13.59,11,29,0.39,11.12,,,,2026-03-16,2026-03-16 10:55:32
5345,馥鴻,23.05,48.61,63.22,55.38,-0.13,-0.17,0.04,23.9,23.16,22.41,10,11,0.91,8.71,,,,2026-03-16,2026-03-16 10:55:33
5347,世界,116.0,33.31,24.33,43.18,-3.87,-2.3,-1.57,138.11,121.03,103.94,16426,19786,0.83,2232.31,27.49,4.5,3.88,2026-03-16,2026-03-16 10:55:34
5348,正能量智能,17.25,74.21,71.54,48.44,0.05,0.03,0.02,17.71,17.23,16.76,6,5,1.18,2.55,,,,2026-03-16,2026-03-16 10:55:35
5351,鈺創,70.1,85.63,71.46,64.95,1.76,0.4,1.36,66.83,57.31,47.8,48382,38555,1.25,228.24,,,,2026-03-16,2026-03-16 10:55:36
5353,台林,24.6,59.91,39.19,42.7,-0.52,-0.56,0.04,26.06,24.55,23.05,64,54,1.18,18.57,17.96,1.3,5.28,2026-03-16,2026-03-16 10:55:38
5355,佳總,7.22,42.33,51.37,42.53,0.07,0.09,-0.02,7.73,7.38,7.03,204,249,0.82,11.99,,,,2026-03-16,2026-03-16 10:55:40
5356,協益,24.65,31.32,27.39,42.19,-0.3,-0.25,-0.04,25.75,25.05,24.34,72,82,0.88,25.4,47.4,2.3,9.33,2026-03-16,2026-03-16 10:55:41
5364,力麗店,11.85,12.43,13.16,9.68,-0.49,-0.44,-0.05,13.53,12.61,11.68,30,70,0.43,7.57,,,,2026-03-16,2026-03-16 10:55:43
5371,中光電,80.9,40.46,33.61,40.47,-2.42,-2.24,-0.18,90.92,83.39,75.87,2353,2838,0.83,316.3,85.16,1.5,1.85,2026-03-16,2026-03-16 10:55:44
5381,合正,25.1,14.54,26.19,49.21,-0.39,-0.26,-0.14,28.11,26.07,24.03,1210,1177,1.03,61.38,25.35,,,2026-03-16,2026-03-16 10:55:46
5386,青雲,345.0,87.37,87.39,82.57,55.33,45.45,9.88,363.99,222.3,80.61,607,863,0.7,124.48,40.12,0.59,0.17,2026-03-16,2026-03-16 10:55:47
5388,中磊,78.8,38.16,29.29,35.12,-1.19,-0.87,-0.32,85.95,80.66,75.37,1188,1744,0.68,235.88,16.66,2.5,3.17,2026-03-16,2026-03-16 10:55:48
5392,能率,40.2,39.57,32.15,35.06,-1.88,-1.73,-0.15,46.88,42.17,37.46,736,747,0.99,70.56,,0.2,0.5,2026-03-16,2026-03-16 10:55:49
5398,慕康生醫,20.55,12.15,17.36,40.35,-0.54,-0.42,-0.12,24.31,21.78,19.26,73,63,1.15,10.17,73.39,,,2026-03-16,2026-03-16 10:55:50
5403,中菲,110.5,77.54,68.14,52.38,-0.59,-0.86,0.27,111.8,110.1,108.4,99,212,0.47,86.39,12.98,6.5,5.88,2026-03-16,2026-03-16 10:55:51
5410,國眾,30.95,86.35,80.24,59.34,0.16,0.05,0.11,31.34,30.32,29.3,158,227,0.69,28.49,13.76,1.5,4.85,2026-03-16,2026-03-16 10:55:52
5425,台半,60.2,63.06,50.59,50.18,-0.65,-0.74,0.09,63.97,59.57,55.17,9704,5311,1.83,147.2,32.54,2.02,3.36,2026-03-16,2026-03-16 10:55:52
5426,振發,20.4,46.11,33.28,44.72,-0.13,-0.09,-0.04,21.67,19.96,18.25,470,406,1.16,29.34,28.33,0.5,2.45,2026-03-16,2026-03-16 10:55:54
5432,新門,151.5,56.35,45.02,48.39,-4.16,-5.03,0.87,158.51,149.4,140.29,155,136,1.14,31.34,105.94,1.5,0.99,2026-03-16,2026-03-16 10:55:55
5434,崇越,327.0,64.12,54.16,46.09,1.27,1.95,-0.68,350.35,328.88,307.4,493,499,0.99,625.69,16.44,11.99,3.67,2026-03-16,2026-03-16 10:55:56
5438,東友,20.4,21.8,28.11,40.43,-0.46,-0.37,-0.09,22.72,21.32,19.92,211,158,1.33,22.96,17.44,0.65,3.19,2026-03-16,2026-03-16 10:55:57
5439,高技,274.0,53.05,37.46,40.83,-10.25,-10.1,-0.15,321.72,283.25,244.78,1267,2688,0.47,254.75,26.22,2.2,0.8,2026-03-16,2026-03-16 10:55:57
5443,均豪,106.0,83.54,75.0,72.31,2.29,0.81,1.47,102.02,91.2,80.38,12480,6217,2.01,170.98,41.73,2.0,1.89,2026-03-16,2026-03-16 10:55:58
5450,南良,15.0,76.85,65.59,64.71,0.13,0.08,0.05,15.06,14.49,13.93,104,77,1.35,18.36,53.57,0.5,3.33,2026-03-16,2026-03-16 10:55:59
5452,佶優,33.15,44.83,42.67,55.65,0.78,0.73,0.05,35.42,31.61,27.8,2866,3960,0.72,48.88,100.45,0.25,0.75,2026-03-16,2026-03-16 10:56:01
5455,昇益,23.75,13.54,24.01,19.31,-1.0,-0.59,-0.41,30.12,27.14,24.16,4,56,0.07,15.56,6.86,,,2026-03-13,2026-03-16 10:56:02
5457,宣德,33.7,42.29,31.86,37.02,-1.3,-1.32,0.01,38.6,34.89,31.18,701,1069,0.66,59.78,17.19,1.28,3.8,2026-03-16,2026-03-16 10:56:03
5460,同協,14.5,31.96,26.38,24.44,-0.3,-0.24,-0.05,16.12,15.06,13.99,15,29,0.53,8.52,,,,2026-03-16,2026-03-16 10:56:04
5464,霖宏,27.65,63.02,56.87,58.82,0.37,0.36,0.0,28.25,27.0,25.75,123,96,1.28,19.65,,1.0,3.62,2026-03-16,2026-03-16 10:56:04
5465,富驊,27.1,24.58,22.75,32.28,-0.7,-0.55,-0.15,30.97,28.57,26.18,165,143,1.15,40.02,14.57,1.8,6.64,2026-03-16,2026-03-16 10:56:05
5468,凱鈺,15.5,19.85,20.03,33.68,-0.78,-0.75,-0.04,18.4,16.72,15.04,91,59,1.54,9.13,,,,2026-03-16,2026-03-16 10:56:06
5469,瀚宇博,87.7,51.81,40.16,34.99,-2.93,-2.56,-0.36,101.64,91.62,81.6,1930,2670,0.72,422.11,13.47,2.52,2.87,2026-03-16,2026-03-16 10:56:07
5471,松翰,41.6,31.23,34.55,51.04,1.42,1.77,-0.35,46.96,41.36,35.75,483,654,0.74,69.84,58.59,1.0,2.4,2026-03-16,2026-03-16 10:56:07
5474,聰泰,145.0,60.18,43.36,40.24,-3.98,-4.31,0.34,155.91,145.38,134.84,401,202,1.98,57.65,26.41,4.0,2.76,2026-03-16,2026-03-16 10:56:09
5475,德宏,202.0,59.02,60.76,55.87,22.63,23.04,-0.41,242.7,185.6,128.5,7312,3388,2.16,256.8,,,,2026-03-16,2026-03-16 10:56:11
5478,智冠,112.0,76.73,74.94,69.39,2.68,1.75,0.92,114.15,105.42,96.7,301,533,0.56,167.81,14.21,7.5,6.7,2026-03-16,2026-03-16 10:56:12
5481,新華,21.7,45.72,44.55,46.03,-0.28,-0.25,-0.03,23.04,22.01,20.97,153,183,0.84,14.41,,,,2026-03-16,2026-03-16 10:56:13
5483,中美晶,112.0,40.56,38.27,48.62,-1.73,-1.12,-0.61,122.3,113.65,105.0,8433,7251,1.16,687.87,24.35,3.5,3.12,2026-03-16,2026-03-16 10:56:14
5484,慧友,40.4,69.35,56.68,55.03,-0.1,-0.6,0.49,42.11,38.1,34.1,509,663,0.77,26.99,58.55,,,2026-03-16,2026-03-16 10:56:14
5487,通泰,28.35,49.51,30.08,52.1,-0.31,-0.31,0.0,29.33,28.07,26.82,18,28,0.64,6.87,,,,2026-03-16,2026-03-16 10:56:15
5488,松普,9.95,72.27,56.42,50.28,-0.04,-0.04,-0.01,10.29,9.85,9.4,261,260,1.0,9.11,,,,2026-03-16,2026-03-16 10:56:17
5489,彩富,40.0,41.86,31.12,37.5,-0.43,-0.38,-0.05,41.95,40.39,38.83,32,15,2.05,39.41,18.02,1.82,4.55,2026-03-16,2026-03-16 10:56:18
5490,同亨,26.65,65.25,58.26,56.35,0.06,-0.09,0.15,26.98,25.88,24.79,341,392,0.87,24.83,18.13,0.35,1.31,2026-03-16,2026-03-16 10:56:19
5493,三聯,82.2,37.94,30.64,38.33,-1.71,-1.38,-0.33,93.46,85.37,77.28,108,89,1.21,35.91,19.12,2.6,3.16,2026-03-16,2026-03-16 10:56:20
5498,凱崴,62.0,50.24,42.29,55.03,0.89,1.05,-0.16,67.47,59.77,52.06,6314,7464,0.85,119.84,,0.15,0.24,2026-03-16,2026-03-16 10:56:20
5508,永信建,53.8,56.94,38.41,35.92,-2.05,-2.25,0.19,60.24,55.14,50.04,321,323,0.99,116.98,17.52,14.5,26.95,2026-03-16,2026-03-16 10:56:21
5511,德昌,73.1,79.3,67.11,74.17,1.19,0.4,0.8,73.14,67.99,62.84,553,715,0.77,82.92,6.91,3.8,5.2,2026-03-16,2026-03-16 10:56:22
5512,力麒,8.01,59.28,66.98,54.96,0.04,0.03,0.01,8.21,7.99,7.78,880,1337,0.66,60.86,72.82,0.18,2.25,2026-03-16,2026-03-16 10:56:23
5514,三豐,15.8,43.91,46.63,50.0,-0.05,-0.07,0.02,16.08,15.84,15.61,2,4,0.43,35.81,,,,2026-03-16,2026-03-16 10:56:24
5515,建國,37.25,76.58,63.83,67.45,0.45,-0.1,0.54,36.2,33.18,30.17,1822,990,1.84,75.1,9.75,2.15,5.77,2026-03-16,2026-03-16 10:56:26
5516,雙喜,13.2,23.09,30.1,31.25,-0.28,-0.18,-0.1,15.68,14.34,13.01,42,104,0.41,6.8,,0.2,1.52,2026-03-16,2026-03-16 10:56:27
5519,隆大,34.1,71.24,73.4,64.32,0.63,0.34,0.28,34.89,32.17,29.45,688,1509,0.46,74.75,5.43,3.0,8.8,2026-03-16,2026-03-16 10:56:27
5520,力泰,90.0,67.67,56.71,66.1,0.25,-0.0,0.25,90.28,88.68,87.08,21,17,1.23,53.98,9.0,7.0,7.78,2026-03-16,2026-03-16 10:56:28
5521,工信,14.0,6.36,14.09,27.08,-1.97,-0.9,-1.07,28.63,20.68,12.74,5951,18249,0.33,68.92,26.92,,,2026-03-16,2026-03-16 10:56:30
5522,遠雄,68.1,63.11,45.37,50.44,-0.44,-0.59,0.15,69.03,66.67,64.32,827,893,0.93,532.27,25.99,5.5,8.08,2026-03-16,2026-03-16 10:56:30
5523,豐謙,30.6,73.1,69.99,58.33,0.05,0.05,0.0,30.65,30.51,30.38,67,25,2.6,47.43,,0.5,1.63,2026-03-16,2026-03-16 10:56:31
5525,順天,24.4,28.07,33.51,26.09,-0.48,-0.4,-0.08,27.0,25.56,24.12,94,83,1.13,75.15,41.36,0.75,3.07,2026-03-16,2026-03-16 10:56:32
5529,鉅陞,25.9,38.96,30.95,13.11,-0.51,-0.42,-0.09,28.22,26.53,24.83,33,49,0.68,26.38,,,,2026-03-16,2026-03-16 10:56:33
5530,龍巖,49.0,14.94,17.3,13.29,-0.6,-0.17,-0.42,54.56,51.15,47.74,656,496,1.32,205.84,14.08,,,2026-03-16,2026-03-16 10:56:34
5531,鄉林,9.05,77.87,72.65,50.67,-0.02,-0.02,0.0,9.1,8.98,8.86,1014,531,1.91,88.47,36.2,,,2026-03-16,2026-03-16 10:56:34
5533,皇鼎,14.35,47.74,40.79,51.85,-0.01,-0.01,-0.0,14.58,14.29,14.01,415,261,1.59,40.93,19.13,1.0,6.97,2026-03-16,2026-03-16 10:56:35
5534,長虹,75.3,57.84,44.91,39.6,-1.04,-1.21,0.17,78.22,75.97,73.72,616,562,1.1,221.94,10.39,5.42,7.2,2026-03-16,2026-03-16 10:56:36
5536,聖暉*,686.0,65.07,60.39,54.61,-1.38,-6.15,4.77,732.43,668.15,603.87,1673,1430,1.17,851.2,26.1,5.5,0.8,2026-03-16,2026-03-16 10:56:36
5538,東明-KY,30.1,13.05,23.56,26.26,-0.32,-0.07,-0.25,33.84,31.52,29.19,77,54,1.41,60.56,11.11,1.5,4.98,2026-03-16,2026-03-16 10:56:37
5543,桓鼎-KY,25.0,44.17,44.24,31.31,-1.22,-1.17,-0.05,30.62,27.0,23.37,26,24,1.07,11.37,3.62,0.09,0.36,2026-03-16,2026-03-16 10:56:38
5546,永固-KY,17.0,8.73,13.51,14.91,-1.22,-0.78,-0.44,24.52,20.77,17.03,37,57,0.66,14.0,,2.0,11.76,2026-03-16,2026-03-16 10:56:39
5547,久舜,23.05,74.24,58.96,58.67,-0.54,-0.75,0.21,23.39,22.59,21.8,63,107,0.59,10.44,8.67,0.72,3.12,2026-03-16,2026-03-16 10:56:40
5548,安倉,23.7,79.91,65.19,50.0,0.02,-0.07,0.08,24.0,23.28,22.57,31,39,0.78,13.71,11.39,1.4,5.91,2026-03-16,2026-03-16 10:56:41
5601,台聯櫃,36.75,45.21,58.77,46.43,0.02,0.08,-0.06,37.5,36.94,36.38,2,8,0.25,23.81,94.23,0.35,0.95,2026-03-16,2026-03-16 10:56:42
5603,陸海,17.8,31.45,31.18,53.7,-0.12,-0.15,0.03,18.2,17.7,17.19,132,66,2.0,18.67,,1.0,5.62,2026-03-16,2026-03-16 10:56:43
5604,中連,35.1,40.03,33.62,34.33,-0.32,-0.21,-0.11,38.13,35.99,33.84,23,19,1.23,38.18,41.79,2.0,5.7,2026-03-16,2026-03-16 10:56:44
5607,遠雄港,48.85,17.9,29.5,39.88,0.29,0.8,-0.51,56.67,51.07,45.47,578,705,0.82,181.02,19.01,1.1,2.25,2026-03-16,2026-03-16 10:56:45
5608,四維航,17.0,13.57,15.45,43.16,-0.26,-0.16,-0.09,18.52,17.44,16.37,2723,2389,1.14,66.18,1.54,,,2026-03-16,2026-03-16 10:56:45
5609,中菲行,80.6,72.46,56.19,63.04,0.2,-0.11,0.3,80.62,78.69,76.76,162,175,0.92,113.44,10.44,5.2,6.45,2026-03-16,2026-03-16 10:56:47
5701,劍湖山,3.76,58.02,52.11,38.18,-0.05,-0.05,-0.0,3.97,3.84,3.71,36,53,0.67,5.38,,,,2026-03-16,2026-03-16 10:56:48
5703,亞都,14.5,62.18,51.51,45.45,-0.14,-0.15,0.01,14.93,14.45,13.96,3,5,0.52,10.18,27.36,,,2026-03-16,2026-03-16 10:56:49
5704,老爺知,21.9,63.93,56.08,40.0,-0.59,-0.74,0.15,22.69,22.09,21.48,5,27,0.21,12.89,8.8,,,2026-03-16,2026-03-16 10:56:51
5706,鳳凰,51.8,88.83,74.66,55.04,0.11,-0.18,0.29,53.38,50.19,47.0,392,284,1.38,43.98,15.46,2.75,5.31,2026-03-16,2026-03-16 10:56:51
5859,遠壽,15.8,49.54,48.71,47.22,-0.04,-0.04,-0.0,16.02,15.76,15.51,116,144,0.81,229.14,23.58,0.37,2.34,2026-03-16,2026-03-16 10:56:52
5863,瑞興銀,11.55,49.96,45.11,44.0,-0.06,-0.04,-0.01,11.99,11.62,11.25,21,21,0.98,36.98,11.21,0.4,3.46,2026-03-16,2026-03-16 10:56:53
5864,致和證,24.05,31.43,33.28,52.55,0.74,1.11,-0.37,27.07,24.29,21.51,2490,3777,0.66,109.31,35.37,0.4,1.66,2026-03-16,2026-03-16 10:56:54
5871,中租-KY,105.5,64.19,50.06,42.22,-0.57,-0.7,0.13,109.03,103.8,98.57,12348,7249,1.7,1805.55,9.39,6.1,5.78,2026-03-16,2026-03-16 10:56:55
5876,上海商銀,39.15,66.99,52.75,33.7,-0.21,-0.2,-0.01,40.99,39.58,38.18,6399,6992,0.92,1898.87,12.79,1.8,4.6,2026-03-16,2026-03-16 10:56:56
5878,台名,41.7,68.48,66.54,53.09,0.06,0.04,0.02,42.04,41.57,41.09,19,9,2.1,10.44,15.5,2.3,5.52,2026-03-16,2026-03-16 10:56:57
5880,合庫金,23.05,32.09,31.03,21.43,-0.22,-0.16,-0.07,24.41,23.6,22.79,13674,12706,1.08,3614.46,18.59,0.7,3.04,2026-03-16,2026-03-16 10:56:58
5906,台南-KY,48.9,15.46,23.63,29.65,-0.51,-0.21,-0.3,53.55,50.98,48.41,12,7,1.7,17.48,42.52,0.8,1.64,2026-03-16,2026-03-16 10:56:59
5907,大洋-KY,5.97,53.56,45.18,49.66,0.01,0.01,0.0,6.08,5.89,5.7,191,243,0.79,11.45,,,,2026-03-16,2026-03-16 10:56:59
6005,群益證,27.65,13.84,20.09,34.41,-0.11,0.31,-0.42,32.1,29.34,26.58,7354,8671,0.85,600.26,11.82,1.5,5.42,2026-03-16,2026-03-16 10:57:00
6015,宏遠證,13.3,45.3,38.92,48.95,0.11,0.22,-0.11,14.81,13.59,12.37,1829,2133,0.86,52.08,66.5,0.5,3.76,2026-03-16,2026-03-16 10:57:01
6016,康和證,17.2,70.35,60.77,56.2,0.38,0.41,-0.03,18.02,16.81,15.59,8328,8660,0.96,118.09,12.65,0.23,1.34,2026-03-16,2026-03-16 10:57:02
6020,大展證,19.05,25.68,26.54,45.16,-0.02,-0.01,-0.02,19.44,19.17,18.9,10,5,1.72,48.07,82.83,0.27,1.42,2026-03-16,2026-03-16 10:57:04
6021,美好證,31.65,39.84,39.7,49.47,0.51,0.79,-0.28,34.8,32.13,29.45,382,267,1.43,98.91,11.47,2.0,6.32,2026-03-16,2026-03-16 10:57:06
6023,元大期,95.9,44.14,38.36,54.37,-0.07,-0.2,0.13,96.17,94.65,93.13,289,272,1.06,306.86,11.6,4.8,5.01,2026-03-16,2026-03-16 10:57:07
6024,群益期,55.2,83.13,78.78,65.43,0.92,0.58,0.34,55.98,52.92,49.87,698,952,0.73,137.97,10.09,2.83,5.13,2026-03-16,2026-03-16 10:57:08
6026,福邦證,14.65,75.02,58.24,57.0,0.01,-0.03,0.04,15.1,14.16,13.21,2336,2154,1.08,58.04,18.54,1.1,7.51,2026-03-16,2026-03-16 10:57:09
6027,德信,9.47,40.37,38.34,45.81,0.05,0.09,-0.04,10.13,9.71,9.29,16,36,0.47,14.75,,,,2026-03-16,2026-03-16 10:57:10
6028,公勝保經,105.5,22.43,36.91,47.06,0.43,1.5,-1.07,120.81,110.28,99.74,42,25,1.66,23.21,13.49,6.82,6.46,2026-03-16,2026-03-16 10:57:11
6035,悠遊卡,52.7,55.69,59.26,38.46,-0.8,-0.83,0.03,54.96,53.39,51.82,24,11,2.17,37.39,17.34,2.95,5.6,2026-03-16,2026-03-16 10:57:11
6101,寬魚國際,37.75,74.63,66.83,42.86,-0.11,-0.11,0.01,39.37,37.93,36.49,37,79,0.46,43.27,,,,2026-03-16,2026-03-16 10:57:13
6103,合邦,49.7,99.87,80.07,100.0,2.11,0.65,1.45,44.71,36.63,28.55,8,9,0.85,6.76,,0.19,0.38,2026-03-16,2026-03-16 10:57:14
6104,創惟,94.4,52.13,41.56,46.58,-1.35,-1.21,-0.14,102.13,95.88,89.62,431,601,0.72,86.03,15.97,4.5,4.77,2026-03-16,2026-03-16 10:57:15
6108,競國,15.8,68.7,72.49,64.77,0.3,0.22,0.07,16.5,15.17,13.83,439,661,0.66,24.41,5.32,1.0,6.33,2026-03-16,2026-03-16 10:57:16
6109,亞元,12.2,57.17,47.04,60.73,0.01,0.02,-0.01,13.0,12.22,11.43,242,264,0.92,8.56,,,,2026-03-16,2026-03-16 10:57:16
6111,光聚晶電,43.5,61.91,50.56,48.99,-0.69,-0.84,0.16,45.13,43.41,41.69,242,231,1.05,41.88,,,,2026-03-16,2026-03-16 10:57:17
6112,邁達特,47.0,63.44,55.42,56.19,0.34,-0.0,0.34,49.08,45.46,41.84,571,1060,0.54,88.53,25.97,0.6,1.28,2026-03-16,2026-03-16 10:57:18
6113,亞矽,20.95,49.01,46.78,39.67,-0.12,-0.11,-0.01,22.73,21.4,20.06,116,141,0.83,11.01,,0.5,2.39,2026-03-16,2026-03-16 10:57:19
6114,久威,30.3,28.61,22.88,37.7,-0.49,-0.4,-0.09,32.78,30.95,29.12,20,27,0.72,13.31,9.35,0.5,1.65,2026-03-16,2026-03-16 10:57:20
6115,鎰勝,46.7,41.23,37.34,37.21,-0.13,-0.06,-0.07,48.4,47.09,45.79,147,89,1.64,87.64,15.31,3.2,6.85,2026-03-16,2026-03-16 10:57:20
6116,彩晶,8.53,42.78,47.18,47.85,0.01,-0.01,0.02,9.49,8.72,7.95,23802,43284,0.55,243.84,31.59,,,2026-03-16,2026-03-16 10:57:21
6117,迎廣,71.0,56.66,40.12,38.02,-2.2,-2.2,0.01,79.5,72.84,66.17,265,421,0.63,66.19,22.12,2.17,3.06,2026-03-16,2026-03-16 10:57:22
6118,建達,18.15,45.36,43.84,42.06,-0.24,-0.23,-0.01,19.64,18.52,17.41,111,207,0.54,16.5,35.59,,,2026-03-16,2026-03-16 10:57:23
6120,達運,12.9,55.43,52.98,48.76,0.0,-0.0,0.0,13.95,13.05,12.14,1860,2723,0.68,77.27,,0.28,2.17,2026-03-16,2026-03-16 10:57:23
6121,新普,347.5,84.11,67.23,54.69,-0.77,-4.41,3.64,357.3,333.6,309.9,363,837,0.43,642.77,11.78,30.0,8.63,2026-03-16,2026-03-16 10:57:25
6122,擎邦,51.3,54.68,56.15,46.04,-0.21,-0.25,0.03,53.95,51.8,49.65,372,581,0.64,40.06,11.77,3.27,6.37,2026-03-16,2026-03-16 10:57:26
6123,上奇,43.5,65.33,46.69,41.3,-0.58,-0.74,0.16,45.27,43.44,41.6,48,46,1.04,26.31,14.95,5.05,11.61,2026-03-16,2026-03-16 10:57:27
6124,業強,35.1,33.75,40.44,63.95,1.6,1.6,-0.0,38.99,32.42,25.85,304,244,1.25,64.05,,,,2026-03-16,2026-03-16 10:57:28
6125,廣運,61.0,59.38,46.39,46.61,-2.1,-2.27,0.16,66.66,61.75,56.84,973,1336,0.73,158.0,435.71,0.7,1.15,2026-03-16,2026-03-16 10:57:28
6126,信音,32.3,44.1,34.87,32.69,-1.1,-0.66,-0.44,41.81,35.39,28.97,1243,1222,1.02,40.89,35.49,0.76,2.35,2026-03-16,2026-03-16 10:57:29
6127,九豪,36.4,40.26,36.77,53.11,-0.18,-0.05,-0.14,40.23,36.1,31.97,2082,1911,1.09,39.34,46.08,0.4,1.1,2026-03-16,2026-03-16 10:57:30
6128,上福,22.8,9.75,14.72,33.59,-0.17,0.12,-0.28,26.46,24.24,22.01,135,112,1.2,29.09,,2.5,10.96,2026-03-16,2026-03-16 10:57:31
6129,普誠,14.55,36.69,36.95,40.71,-0.2,-0.14,-0.07,16.13,15.07,14.01,508,363,1.4,26.33,,,,2026-03-16,2026-03-16 10:57:32
6130,上亞科技,30.55,16.98,19.25,16.92,-2.67,-2.05,-0.62,43.33,36.63,29.94,74,230,0.32,13.53,,,,2026-03-16,2026-03-16 10:57:32
6133,金橋,23.7,22.63,31.36,50.57,0.26,0.48,-0.22,27.0,24.24,21.49,1849,2830,0.65,27.73,43.09,0.3,1.27,2026-03-16,2026-03-16 10:57:33
6134,萬旭,30.45,27.54,32.63,45.96,0.06,0.38,-0.32,34.17,31.51,28.85,743,954,0.78,24.93,1015.0,0.2,0.66,2026-03-16,2026-03-16 10:57:35
6136,富爾特,23.95,65.87,57.83,47.06,-0.06,-0.07,0.01,24.27,23.86,23.45,250,166,1.51,27.67,23.71,1.15,4.8,2026-03-16,2026-03-16 10:57:37
6138,茂達,223.5,57.96,48.95,41.5,-3.29,-2.55,-0.74,247.51,230.5,213.49,269,295,0.91,165.43,17.53,8.6,3.85,2026-03-16,2026-03-16 10:57:38
6139,亞翔,570.0,59.96,44.1,54.76,-6.19,-8.57,2.38,576.97,534.85,492.73,5253,2122,2.48,1331.56,25.3,13.89,2.44,2026-03-16,2026-03-16 10:57:39
6140,訊達,21.7,51.73,42.74,36.3,-0.75,-0.86,0.11,23.97,22.23,20.48,139,188,0.74,11.91,,,,2026-03-16,2026-03-16 10:57:40
6141,柏承,22.0,96.56,93.52,90.94,2.28,1.57,0.71,22.14,14.68,7.22,2680,2478,1.08,24.94,8.63,,,2026-03-16,2026-03-16 10:57:41
6142,友勁,9.56,44.07,44.2,45.65,-0.04,-0.02,-0.02,10.06,9.71,9.36,301,340,0.89,31.62,,,,2026-03-16,2026-03-16 10:57:42
6143,振曜,100.0,32.67,33.4,47.09,-2.66,-2.66,0.0,108.8,102.53,96.26,554,801,0.69,86.06,16.67,7.0,7.0,2026-03-16,2026-03-16 10:57:43
6144,得利影,16.55,26.27,23.79,20.75,-0.56,-0.54,-0.02,18.33,17.31,16.29,20,17,1.17,6.33,,,,2026-03-16,2026-03-16 10:57:43
6146,耕興,198.0,73.01,76.32,54.29,6.69,6.6,0.08,208.47,191.47,174.48,430,692,0.62,201.7,18.45,10.1,5.1,2026-03-16,2026-03-16 10:57:44
6147,頎邦,59.5,70.09,57.76,60.43,0.67,-0.09,0.76,59.94,54.55,49.15,15372,13510,1.14,443.06,16.17,3.75,6.3,2026-03-16,2026-03-16 10:57:45
6148,驊宏資,34.85,53.55,44.75,52.2,-0.64,-1.15,0.51,37.23,33.79,30.34,682,1940,0.35,16.24,25.62,1.23,3.53,2026-03-16,2026-03-16 10:57:47
6150,撼訊,59.5,67.88,51.95,47.95,-1.27,-1.7,0.43,62.74,57.93,53.13,359,265,1.36,28.77,330.56,,,2026-03-16,2026-03-16 10:57:48
6151,晉倫,29.65,42.47,34.78,37.19,-0.25,-0.17,-0.08,31.6,29.86,28.12,152,145,1.05,16.38,21.8,1.5,5.06,2026-03-16,2026-03-16 10:57:50
6152,百一,18.8,40.56,49.8,60.68,1.43,1.57,-0.14,22.08,17.92,13.76,4918,5981,0.82,31.53,,,,2026-03-16,2026-03-16 10:57:50
6153,嘉聯益,16.6,72.64,60.87,50.0,0.06,-0.04,0.1,17.29,15.96,14.62,5426,5691,0.95,105.61,4.47,,,2026-03-16,2026-03-16 10:57:51
6154,順發,13.45,57.69,58.57,46.15,-0.02,-0.02,-0.0,13.77,13.54,13.32,24,21,1.18,10.77,,0.6,4.46,2026-03-16,2026-03-16 10:57:52
6155,鈞寶,44.75,26.6,23.47,38.27,-1.87,-1.48,-0.39,53.08,47.0,40.93,951,814,1.17,39.39,61.3,1.0,2.23,2026-03-16,2026-03-16 10:57:53
6156,松上,19.6,24.25,26.96,29.51,-0.54,-0.44,-0.1,22.31,20.63,18.95,190,261,0.73,21.14,19.03,1.0,5.1,2026-03-16,2026-03-16 10:57:53
6158,禾昌,18.55,14.09,18.79,8.77,-0.59,-0.44,-0.15,21.58,20.08,18.58,83,117,0.71,10.19,168.64,1.01,5.44,2026-03-16,2026-03-16 10:57:54
6160,欣技,16.0,47.37,44.43,39.74,-0.34,-0.33,-0.01,17.48,16.55,15.63,118,109,1.08,10.96,,,,2026-03-16,2026-03-16 10:57:55
6161,捷波,41.55,34.56,31.25,34.39,-0.64,-0.57,-0.08,44.82,42.67,40.53,88,84,1.05,23.37,15.39,3.0,7.22,2026-03-16,2026-03-16 10:57:57
6163,華電網,50.6,47.93,38.39,39.44,-1.99,-2.07,0.08,56.86,52.46,48.06,4021,2778,1.45,71.86,56.85,0.45,0.89,2026-03-16,2026-03-16 10:57:59
6164,華興,13.0,58.93,42.65,57.47,-0.03,-0.11,0.09,13.01,12.05,11.08,4469,2155,2.07,10.4,108.33,0.5,3.85,2026-03-16,2026-03-16 10:58:00
6165,浪凡,47.45,76.26,65.44,59.94,0.34,-0.38,0.72,47.07,43.11,39.15,2301,1324,1.74,34.92,15.16,0.59,1.24,2026-03-16,2026-03-16 10:58:00
6166,凌華,60.1,40.34,44.36,38.97,-0.63,-0.46,-0.16,65.88,61.79,57.69,236,353,0.67,130.83,25.68,0.93,1.55,2026-03-16,2026-03-16 10:58:01
6167,久正,14.5,73.94,54.95,70.34,0.21,0.01,0.2,13.56,12.16,10.77,5143,2239,2.3,19.06,111.54,1.33,9.17,2026-03-16,2026-03-16 10:58:03
6169,昱泉,16.9,31.93,28.62,44.59,-0.49,-0.52,0.02,18.25,17.25,16.24,24,16,1.5,3.95,,,,2026-03-16,2026-03-16 10:58:04
6170,統振,51.1,81.15,66.41,63.46,0.13,-0.2,0.33,50.96,48.92,46.87,1389,517,2.68,49.7,10.71,3.11,6.09,2026-03-16,2026-03-16 10:58:05
6171,大城地產,27.3,55.16,48.17,39.71,-0.16,-0.15,-0.02,28.39,27.65,26.92,25,13,1.89,27.3,3.83,2.5,9.16,2026-03-16,2026-03-16 10:58:06
6173,信昌電,63.3,41.62,35.5,43.96,-1.67,-1.4,-0.26,74.14,65.17,56.21,1087,1649,0.66,108.37,23.19,1.41,2.23,2026-03-16,2026-03-16 10:58:08
6174,安碁,21.25,25.02,30.71,34.92,-0.21,-0.06,-0.15,23.05,22.05,21.05,68,49,1.38,10.62,37.95,0.4,1.88,2026-03-16,2026-03-16 10:58:09
6175,立敦,52.4,73.89,55.75,61.57,-0.58,-1.42,0.84,50.72,45.8,40.88,9568,3369,2.84,78.66,19.55,1.75,3.34,2026-03-16,2026-03-16 10:58:11
6176,瑞儀,96.7,13.33,12.28,18.17,-7.34,-5.62,-1.73,141.39,112.18,82.98,3455,4024,0.86,445.05,10.4,10.61,10.97,2026-03-16,2026-03-16 10:58:11
6177,達麗,46.5,52.51,37.82,34.32,-0.9,-0.92,0.02,49.5,47.02,44.54,571,598,0.96,219.42,12.6,3.5,7.53,2026-03-16,2026-03-16 10:58:12
6179,亞通,26.9,56.82,44.97,53.47,-0.51,-0.75,0.24,28.35,26.32,24.29,2110,3096,0.68,35.57,16.81,0.48,1.78,2026-03-16,2026-03-16 10:58:13
6182,合晶,32.8,14.79,16.49,25.8,-1.93,-1.05,-0.87,56.32,49.96,43.59,938,1378,0.68,188.15,11.19,,,2026-03-16,2026-03-16 10:58:14
6183,關貿,92.5,42.2,54.65,35.71,-0.45,-0.24,-0.21,96.72,94.76,92.8,84,60,1.4,138.75,23.78,3.2,3.46,2026-03-16,2026-03-16 10:58:14
6184,大豐電,47.7,63.95,63.55,42.59,-0.09,-0.08,-0.01,48.39,47.94,47.48,61,67,0.91,72.6,16.06,3.19,6.69,2026-03-16,2026-03-16 10:58:15
6185,幃翔,14.15,53.83,40.25,32.65,-0.23,-0.22,-0.01,15.39,14.46,13.54,148,133,1.11,21.21,64.32,0.39,2.76,2026-03-16,2026-03-16 10:58:16
6186,新潤,42.35,50.7,33.21,31.15,-1.86,-1.98,0.11,47.71,43.53,39.36,269,246,1.09,82.54,4.0,1.52,3.59,2026-03-16,2026-03-16 10:58:17
6187,萬潤,732.0,86.88,81.63,79.46,70.16,53.66,16.5,736.5,522.33,308.15,1048,1242,0.84,705.56,47.56,10.19,1.39,2026-03-16,2026-03-16 10:58:19
6188,廣明,96.2,57.58,41.38,39.53,-2.93,-3.1,0.16,104.02,97.1,90.17,1266,1059,1.2,267.78,26.72,5.2,5.41,2026-03-16,2026-03-16 10:58:21
6189,豐藝,46.1,66.68,44.99,46.12,-0.55,-0.54,-0.01,50.25,45.67,41.09,1230,882,1.4,121.6,17.01,4.0,8.68,2026-03-16,2026-03-16 10:58:21
6190,萬泰科,50.3,65.36,54.37,48.76,0.27,0.22,0.05,53.47,49.29,45.11,2495,4292,0.58,91.33,23.62,1.9,3.78,2026-03-16,2026-03-16 10:58:22
6191,精成科,99.4,49.75,38.07,40.43,-3.71,-3.65,-0.06,113.14,102.17,91.21,3939,6136,0.64,496.31,16.54,3.01,3.03,2026-03-16,2026-03-16 10:58:23
6192,巨路,119.0,27.3,31.64,44.9,0.13,1.38,-1.24,132.12,123.38,114.63,254,567,0.45,114.43,10.95,5.8,4.87,2026-03-16,2026-03-16 10:58:24
6194,育富,31.85,51.15,39.32,43.37,-0.59,-0.64,0.05,33.6,32.15,30.7,82,59,1.39,15.29,9.62,2.1,6.59,2026-03-16,2026-03-16 10:58:24
6195,詩肯,24.85,41.89,53.3,42.62,-0.04,-0.04,-0.01,25.64,25.22,24.8,45,28,1.63,12.47,15.83,1.5,6.04,2026-03-16,2026-03-16 10:58:25
6196,帆宣,280.0,58.79,51.16,50.35,-0.34,-0.07,-0.28,304.05,277.73,251.4,837,1231,0.68,612.06,19.1,5.9,2.11,2026-03-16,2026-03-16 10:58:26
6197,佳必琪,175.5,84.35,73.22,72.73,6.3,3.43,2.87,173.96,153.47,132.99,4250,5456,0.78,214.26,22.79,7.0,3.99,2026-03-16,2026-03-16 10:58:27
6198,瑞築,22.0,34.26,26.17,17.58,-1.18,-1.07,-0.12,27.05,23.74,20.42,7,24,0.28,37.71,,,,2026-03-16,2026-03-16 10:58:28
6199,天品,97.5,39.08,32.64,48.68,-2.0,-2.32,0.31,99.59,96.0,92.41,185,86,2.15,60.22,256.58,,,2026-03-16,2026-03-16 10:58:28
6201,亞弘電,51.1,15.31,21.5,17.39,-0.86,-0.68,-0.18,55.28,53.16,51.05,43,48,0.9,45.58,11.41,4.0,7.83,2026-03-16,2026-03-16 10:58:29
6202,盛群,54.2,30.96,32.36,35.53,1.95,3.07,-1.12,66.13,56.09,46.05,2801,3475,0.81,124.87,71.32,,,2026-03-16,2026-03-16 10:58:30
6203,海韻電,65.5,58.22,48.49,42.44,-0.74,-0.78,0.04,70.4,65.86,61.32,94,123,0.77,53.97,15.71,3.5,5.34,2026-03-16,2026-03-16 10:58:31
6204,艾華,63.0,28.28,24.68,28.33,-3.67,-3.57,-0.11,74.78,67.06,59.34,22,52,0.42,14.55,45.32,0.3,0.48,2026-03-16,2026-03-16 10:58:31
6205,詮欣,54.5,45.01,41.71,58.16,0.37,-0.06,0.43,56.51,51.55,46.6,1959,919,2.13,44.0,30.11,1.63,2.99,2026-03-16,2026-03-16 10:58:32
6206,飛捷,103.5,78.54,73.81,66.12,2.57,1.34,1.23,104.55,95.21,85.88,1610,2576,0.62,148.07,13.87,6.0,5.8,2026-03-16,2026-03-16 10:58:33
6207,雷科,52.5,27.3,32.09,49.69,-0.09,0.28,-0.38,58.3,53.67,49.04,892,857,1.04,41.83,58.33,1.5,2.86,2026-03-16,2026-03-16 10:58:34
6208,日揚,47.2,75.28,68.1,70.37,0.39,0.31,0.08,46.9,45.61,44.33,143,120,1.19,44.59,17.81,2.0,4.24,2026-03-16,2026-03-16 10:58:35
6209,今國光,52.4,14.33,14.76,35.07,-2.82,-2.17,-0.64,65.81,57.25,48.69,1252,1634,0.77,91.4,194.07,,,2026-03-16,2026-03-16 10:58:35
6210,慶生,20.1,28.24,29.01,44.68,-0.13,-0.06,-0.07,21.16,20.49,19.82,17,17,0.96,7.04,,,,2026-03-13,2026-03-16 10:58:36
6212,理銘,29.0,11.56,14.51,1.42,-2.15,-1.62,-0.54,39.89,34.61,29.32,45,39,1.17,29.58,3.97,3.5,12.07,2026-03-16,2026-03-16 10:58:37
6213,聯茂,140.0,67.51,54.04,59.2,4.44,3.68,0.76,146.85,128.0,109.15,22245,15694,1.42,508.78,39.22,1.8,1.29,2026-03-16,2026-03-16 10:58:39
6214,精誠,113.0,64.58,48.99,56.36,-1.1,-1.52,0.43,114.47,110.95,107.43,529,525,1.01,283.44,16.69,5.2,4.6,2026-03-16,2026-03-16 10:58:39
6215,和椿,113.0,64.91,50.03,50.99,-0.95,-1.19,0.24,119.3,109.86,100.42,1268,1483,0.86,93.55,60.75,1.5,1.33,2026-03-16,2026-03-16 10:58:40
6216,居易,25.65,22.01,19.42,25.32,-0.5,-0.38,-0.12,28.11,26.58,25.05,115,116,0.99,24.88,35.14,2.53,9.86,2026-03-16,2026-03-16 10:58:41
6217,中探針,138.5,91.89,90.55,80.3,17.37,13.09,4.29,142.6,92.68,42.76,10531,4378,2.41,157.91,34.8,,,2026-03-16,2026-03-16 10:58:42
6218,豪勉,23.1,31.66,35.94,37.82,-0.17,-0.07,-0.1,25.55,23.65,21.74,109,119,0.92,14.84,,,,2026-03-16,2026-03-16 10:58:42
6219,富旺,14.5,31.72,37.88,41.87,-0.5,-0.54,0.04,16.99,15.55,14.11,577,782,0.74,18.12,17.26,0.67,4.62,2026-03-16,2026-03-16 10:58:43
6220,岳豐,34.45,39.3,65.6,55.69,3.01,3.37,-0.36,47.25,36.29,25.34,3814,3252,1.17,50.46,44.17,0.7,2.03,2026-03-16,2026-03-16 10:58:44
6221,晉泰,27.2,20.92,24.03,40.96,-0.73,-0.64,-0.09,29.97,28.36,26.75,147,239,0.62,45.86,10.26,,,2026-03-16,2026-03-16 10:58:46
6222,立軒,19.6,80.31,67.85,61.29,0.14,0.1,0.05,19.76,19.14,18.53,40,22,1.8,13.84,,,,2026-03-16,2026-03-16 10:58:47
6223,旺矽,3565.0,89.23,84.0,66.1,232.6,157.92,74.68,3558.59,2934.75,2310.91,755,1282,0.59,3384.3,116.77,16.01,0.45,2026-03-16,2026-03-16 10:58:49
6224,聚鼎,40.4,20.96,30.85,39.04,-0.36,-0.17,-0.19,43.93,41.78,39.63,119,121,0.99,34.2,27.3,0.5,1.24,2026-03-16,2026-03-16 10:58:49
6225,天瀚,24.0,74.11,72.76,78.92,1.59,1.12,0.47,24.85,20.11,15.38,11,20,0.57,6.67,,,,2026-03-16,2026-03-16 10:58:51
6226,光鼎,11.05,79.04,60.03,72.71,0.29,0.13,0.16,10.21,9.02,7.82,2097,1080,1.94,12.77,,,,2026-03-16,2026-03-16 10:58:52
6227,茂綸,83.3,49.73,42.27,38.16,-0.9,-0.89,-0.01,87.99,83.53,79.06,153,282,0.54,63.4,12.13,3.8,4.56,2026-03-16,2026-03-16 10:58:52
6228,全譜,24.25,55.38,44.63,46.79,-0.39,-0.41,0.02,26.31,24.59,22.88,9,7,1.21,6.3,,,,2026-03-16,2026-03-16 10:58:53
6229,研通,21.45,19.3,24.69,36.23,-0.32,-0.2,-0.12,23.3,22.32,21.34,107,116,0.92,8.66,1072.5,1.0,4.66,2026-03-16,2026-03-16 10:58:54
6230,尼得科超眾,172.5,47.36,57.91,72.43,13.27,12.53,0.74,199.01,152.5,105.99,91,136,0.67,148.94,26.95,0.22,0.13,2026-03-16,2026-03-16 10:58:55
6231,系微,215.5,84.0,74.24,61.94,0.6,-2.52,3.12,214.77,196.95,179.13,985,593,1.66,98.38,32.55,6.5,3.02,2026-03-16,2026-03-16 10:58:56
6233,旺玖,28.35,68.61,57.78,63.49,0.85,0.68,0.17,28.91,25.81,22.71,713,913,0.78,22.4,,0.36,1.27,2026-03-16,2026-03-16 10:58:56
6234,高僑,27.75,71.07,56.67,52.41,-0.04,-0.19,0.16,28.79,26.71,24.63,687,429,1.6,27.86,,0.45,1.62,2026-03-16,2026-03-16 10:58:58
6235,華孚,49.75,32.23,25.0,25.46,-2.9,-2.55,-0.35,62.79,54.05,45.31,335,498,0.67,99.45,18.7,1.2,2.41,2026-03-16,2026-03-16 10:59:00
6236,中湛,21.6,0.49,1.32,20.0,-1.14,-1.01,-0.13,28.43,23.46,18.49,0,0,,9.0,240.0,,,2026-03-13,2026-03-16 10:59:01
6237,驊訊,37.5,47.52,38.22,43.17,-0.72,-0.76,0.04,40.36,38.11,35.87,142,144,0.99,29.87,,0.25,0.67,2026-03-16,2026-03-16 10:59:02
6239,力成,204.0,16.37,18.67,29.73,-8.35,-3.2,-5.15,270.98,231.22,191.47,8590,9489,0.91,1507.15,29.35,7.0,3.43,2026-03-16,2026-03-16 10:59:02
6240,松崗,18.95,79.67,64.58,54.26,-0.09,-0.16,0.07,19.43,18.49,17.56,7,5,1.35,4.33,,,,2026-03-16,2026-03-16 10:59:03
6241,易通展,12.25,54.63,38.57,44.23,-0.23,-0.26,0.03,12.93,12.03,11.13,97,72,1.34,5.97,,,,2026-03-16,2026-03-16 10:59:04
6242,立康,37.4,45.9,41.84,32.0,-0.35,-0.32,-0.04,38.91,37.99,37.08,30,14,2.08,11.9,14.55,2.0,5.35,2026-03-16,2026-03-16 10:59:05
6243,迅杰,31.6,16.86,21.87,37.12,-0.71,-0.49,-0.21,36.05,33.63,31.21,144,120,1.2,14.3,316.0,1.2,3.8,2026-03-16,2026-03-16 10:59:06
6244,茂迪,31.15,33.12,38.81,57.14,2.0,2.32,-0.33,37.4,30.78,24.15,19021,24929,0.76,120.56,222.5,0.36,1.16,2026-03-16,2026-03-16 10:59:08
6245,立端,65.0,74.52,65.05,56.35,-0.76,-1.29,0.52,68.21,63.64,59.07,456,496,0.92,95.3,14.01,4.0,6.15,2026-03-16,2026-03-16 10:59:08
6246,臺龍,16.7,84.65,83.67,88.54,0.64,0.19,0.45,16.3,13.61,10.91,293,435,0.67,6.32,37.11,,,2026-03-16,2026-03-16 10:59:09
6248,沛波,20.3,29.29,27.42,30.59,-0.28,-0.16,-0.12,22.73,21.05,19.37,87,112,0.78,19.88,18.62,1.8,8.87,2026-03-16,2026-03-16 10:59:12
6257,矽格,130.0,47.97,39.4,50.59,0.77,1.45,-0.68,143.89,130.05,116.21,5590,6606,0.85,622.42,23.9,4.04,3.11,2026-03-16,2026-03-16 10:59:13
6259,百徽,17.8,57.04,41.46,53.75,0.01,-0.0,0.02,18.32,17.53,16.74,28,33,0.84,4.76,31.79,0.1,0.56,2026-03-16,2026-03-16 10:59:14
6261,久元,67.5,23.4,26.6,36.36,-1.08,-0.21,-0.88,78.24,71.77,65.3,431,795,0.54,86.74,16.07,4.0,5.93,2026-03-16,2026-03-16 10:59:15
6263,普萊德,124.0,65.43,54.77,60.0,-0.52,-0.96,0.44,125.81,122.12,118.44,44,47,0.93,77.5,14.99,7.9,6.37,2026-03-16,2026-03-16 10:59:15
6264,富裔,6.74,56.19,53.39,46.85,-0.08,-0.08,0.0,7.12,6.86,6.6,32,28,1.11,9.19,,,,2026-03-16,2026-03-16 10:59:16
6265,方土昶,44.1,74.69,54.71,57.42,-0.01,-0.51,0.5,44.21,38.5,32.79,17571,12976,1.35,52.11,,,,2026-03-16,2026-03-16 10:59:17
6266,泰詠,28.55,49.31,48.28,46.15,-0.17,-0.16,-0.01,29.3,28.7,28.1,214,185,1.16,43.93,14.35,1.79,6.27,2026-03-16,2026-03-16 10:59:18
6269,台郡,55.8,26.05,22.46,34.06,-1.35,-0.64,-0.71,66.81,59.16,51.51,1677,3080,0.54,178.49,33.51,,,2026-03-16,2026-03-16 10:59:20
6270,倍微,23.5,49.94,36.49,37.5,-0.51,-0.34,-0.17,27.14,24.46,21.78,150,227,0.66,16.95,17.94,1.0,4.26,2026-03-16,2026-03-16 10:59:20
6271,同欣電,152.5,24.92,21.08,42.7,1.19,3.69,-2.5,181.72,158.45,135.18,3583,4103,0.87,318.81,21.21,3.0,1.97,2026-03-16,2026-03-16 10:59:21
6272,驊陞,36.75,40.16,29.21,36.82,-1.72,-1.7,-0.02,42.44,38.25,34.07,620,449,1.38,30.2,9.47,0.8,2.18,2026-03-16,2026-03-16 10:59:22
6274,台燿,503.0,40.22,29.06,44.25,-5.69,-0.18,-5.51,581.8,514.75,447.7,16936,16257,1.04,1421.91,46.57,7.51,1.49,2026-03-16,2026-03-16 10:59:23
6275,元山,50.0,52.19,41.0,37.75,-0.91,-0.78,-0.13,54.77,51.05,47.33,311,386,0.81,39.63,18.18,2.26,4.52,2026-03-16,2026-03-16 10:59:23
6276,安鈦克,30.55,14.33,18.68,32.95,-1.61,-1.29,-0.32,38.04,33.91,29.79,18,47,0.39,6.73,36.81,,,2026-03-16,2026-03-16 10:59:24
6277,宏正,59.8,72.17,61.63,51.14,-0.19,-0.34,0.15,60.98,59.51,58.04,65,71,0.92,71.44,16.38,4.8,8.03,2026-03-16,2026-03-16 10:59:25
6278,台表科,100.0,68.25,58.79,51.97,0.78,0.72,0.05,103.31,98.69,94.07,896,1095,0.82,289.13,10.73,5.5,5.5,2026-03-16,2026-03-16 10:59:26
6279,胡連,114.0,58.64,51.47,55.06,-1.47,-2.19,0.72,118.35,112.65,106.95,272,486,0.56,135.68,12.46,6.0,5.26,2026-03-16,2026-03-16 10:59:28
6281,全國電,60.1,75.63,66.24,45.83,-0.38,-0.46,0.08,61.15,60.32,59.49,99,88,1.13,59.6,16.38,3.3,5.49,2026-03-16,2026-03-16 10:59:28
6282,康舒,45.75,42.43,36.3,39.65,-1.22,-0.9,-0.32,53.11,47.85,42.59,8503,10184,0.83,392.75,32.68,0.5,1.09,2026-03-16,2026-03-16 10:59:29
6283,淳安,21.2,47.41,37.57,39.62,-0.67,-0.71,0.04,22.96,21.61,20.25,86,144,0.6,31.14,22.8,,,2026-03-16,2026-03-16 10:59:30
6284,佳邦,75.2,18.77,18.85,35.29,-2.84,-2.02,-0.82,89.76,80.34,70.93,501,613,0.82,110.3,17.95,2.7,3.59,2026-03-16,2026-03-16 10:59:30
6285,啟碁,175.0,54.24,35.7,46.71,3.43,6.04,-2.61,194.92,172.93,150.93,17233,15113,1.14,847.04,27.56,4.8,2.74,2026-03-16,2026-03-16 10:59:31
6290,良維,222.5,47.54,51.58,59.64,11.45,11.8,-0.36,248.18,207.75,167.32,10244,11124,0.92,359.83,26.74,5.0,2.25,2026-03-16,2026-03-16 10:59:33
6291,沛亨,340.5,76.86,64.5,64.37,25.77,20.62,5.15,342.45,275.4,208.35,1834,1855,0.99,177.06,71.38,5.8,1.7,2026-03-16,2026-03-16 10:59:34
6292,迅德,42.0,70.2,70.91,62.26,0.28,0.13,0.15,42.44,41.14,39.84,45,61,0.73,19.57,21.11,4.0,9.52,2026-03-16,2026-03-16 10:59:35
6294,智基,40.85,47.26,39.28,29.68,-0.89,-0.83,-0.06,45.42,42.59,39.76,34,22,1.53,10.64,13.48,3.2,7.83,2026-03-16,2026-03-16 10:59:35
6405,悅城,30.55,32.49,31.15,48.94,0.07,0.36,-0.29,35.11,31.51,27.9,217,548,0.4,20.1,,0.1,0.33,2026-03-16,2026-03-16 10:59:36
6407,相互,19.35,71.01,54.95,68.66,0.02,-0.13,0.15,18.87,18.1,17.32,461,166,2.78,14.54,17.92,1.0,5.17,2026-03-16,2026-03-16 10:59:37
6409,旭隼,779.0,17.18,19.55,24.57,-40.03,-32.08,-7.95,968.37,865.25,762.13,566,702,0.81,683.27,19.45,43.0,5.52,2026-03-16,2026-03-16 10:59:38
6411,晶焱,78.2,36.14,35.36,36.62,-0.57,0.0,-0.57,88.71,81.5,74.3,439,353,1.24,76.44,21.54,3.18,4.07,2026-03-16,2026-03-16 10:59:38
6412,群電,80.0,9.15,17.6,26.51,-1.74,-0.12,-1.61,100.9,89.34,77.79,985,1773,0.56,320.62,15.53,3.7,4.62,2026-03-16,2026-03-16 10:59:39
6414,樺漢,274.5,65.31,54.3,46.53,-3.64,-4.1,0.46,290.31,276.62,262.94,462,436,1.06,377.55,13.66,12.2,4.44,2026-03-16,2026-03-16 10:59:40
6415,矽力*-KY,262.5,62.35,51.88,42.76,1.8,2.73,-0.93,295.87,265.98,236.08,9779,8411,1.16,1018.1,40.38,2.55,0.97,2026-03-16,2026-03-16 10:59:41
6416,瑞祺電通,81.1,71.42,60.34,47.16,-1.15,-1.42,0.26,86.05,81.4,76.76,109,146,0.75,59.49,20.33,2.9,3.58,2026-03-16,2026-03-16 10:59:42
6417,韋僑,106.5,49.36,46.12,46.67,-0.73,-0.69,-0.04,110.94,107.05,103.16,75,63,1.19,45.02,22.1,2.2,2.07,2026-03-16,2026-03-16 10:59:43
6418,詠昇,31.3,43.17,38.3,39.93,-1.72,-1.88,0.16,35.79,32.65,29.51,107,168,0.64,10.81,28.72,1.1,3.51,2026-03-16,2026-03-16 10:59:44
6419,京晨科,88.2,74.77,59.73,66.46,2.2,0.38,1.82,85.29,73.6,61.91,270,349,0.77,11.61,14.7,2.7,3.06,2026-03-16,2026-03-16 10:59:45
6423,億而得,85.9,42.29,46.25,56.93,0.73,0.7,0.02,95.96,87.52,79.07,113,190,0.6,26.0,126.32,0.97,1.13,2026-03-13,2026-03-16 10:59:47
6425,易發,66.0,23.57,24.48,45.86,-2.22,-2.5,0.28,72.98,67.7,62.43,313,261,1.2,32.01,,1.0,1.52,2026-03-16,2026-03-16 10:59:48
6426,統新,156.0,47.36,32.08,46.25,5.93,9.38,-3.45,193.13,149.18,105.22,1383,946,1.46,60.07,,0.5,0.32,2026-03-16,2026-03-16 10:59:49
6428,淘米,11.9,51.37,43.79,39.29,-0.08,-0.02,-0.05,12.71,11.97,11.22,0,0,0.21,2.1,17.0,,,2026-03-13,2026-03-16 10:59:50
6431,光麗-KY,23.0,20.65,27.43,19.12,-1.0,-0.88,-0.13,27.58,25.22,22.87,184,154,1.19,22.4,,,,2026-03-16,2026-03-16 10:59:52
6432,今展科,36.7,38.4,34.45,61.64,0.17,0.07,0.11,38.41,33.78,29.14,827,300,2.76,12.23,71.96,1.4,3.81,2026-03-16,2026-03-16 10:59:53
6434,達輝光電,6.09,47.43,48.64,54.52,0.21,0.26,-0.04,6.72,5.87,5.02,740,1020,0.73,28.23,,,,2026-03-16,2026-03-16 10:59:54
6435,大中,169.0,78.78,75.46,66.67,7.64,5.62,2.02,169.53,146.18,122.82,2506,2357,1.06,63.31,18.15,4.3,2.54,2026-03-16,2026-03-16 10:59:54
6438,迅得,147.0,47.12,48.06,44.68,0.09,0.66,-0.57,156.13,149.12,142.12,519,754,0.69,120.84,18.7,5.83,3.97,2026-03-16,2026-03-16 10:59:55
6441,廣錠,19.7,9.33,11.35,32.67,-0.55,-0.35,-0.19,23.18,21.29,19.4,101,96,1.05,10.5,,,,2026-03-16,2026-03-16 10:59:56
6442,光聖,1735.0,14.76,19.3,38.0,27.99,92.67,-64.68,2343.41,1926.5,1509.59,686,852,0.81,1351.1,90.04,8.62,0.5,2026-03-16,2026-03-16 10:59:56
6443,元晶,51.4,64.47,65.43,69.24,3.7,3.53,0.18,55.68,45.37,35.05,98003,154262,0.64,263.58,23.69,,,2026-03-16,2026-03-16 10:59:57
6446,藥華藥,649.0,18.55,23.17,35.0,2.01,14.41,-12.4,759.3,698.25,637.2,1592,1671,0.95,2408.83,47.72,0.99,0.15,2026-03-16,2026-03-16 10:59:59
6449,鈺邦,160.0,36.54,29.98,46.33,-3.2,-2.52,-0.68,186.22,164.45,142.68,306,380,0.81,145.44,23.92,3.48,2.17,2026-03-16,2026-03-16 11:00:01
6451,訊芯-KY,237.0,71.33,53.39,67.41,10.13,7.72,2.41,228.94,193.07,157.21,12492,5466,2.29,251.63,,0.36,0.15,2026-03-16,2026-03-16 11:00:01
6456,GIS-KY,59.8,73.47,81.29,66.28,5.16,4.15,1.02,68.88,51.83,34.78,12068,14180,0.85,199.78,21.51,,,2026-03-16,2026-03-16 11:00:02
6461,益得,19.45,11.61,17.91,38.71,-0.26,0.2,-0.46,24.93,21.76,18.58,306,333,0.92,31.87,,,,2026-03-16,2026-03-16 11:00:04
6462,神盾,102.0,30.1,28.6,39.18,-3.54,-2.84,-0.7,122.27,109.38,96.48,927,720,1.29,93.08,,,,2026-03-16,2026-03-16 11:00:06
6464,台數科,75.7,32.55,35.55,32.97,-0.29,0.1,-0.39,80.65,77.65,74.66,20,25,0.79,97.49,13.69,3.22,4.25,2026-03-16,2026-03-16 11:00:06
6465,威潤,33.8,24.79,29.76,53.54,-0.42,-0.39,-0.03,35.93,33.4,30.86,165,142,1.16,14.43,,,,2026-03-16,2026-03-16 11:00:07
6467,泰合,142.5,52.46,41.95,64.23,1.21,0.18,1.03,140.93,130.07,119.22,716,298,2.4,74.61,,,,2026-03-16,2026-03-16 11:00:08
6469,大樹,85.0,39.07,27.11,43.04,-2.65,-2.5,-0.14,94.26,86.83,79.41,335,408,0.82,127.24,21.85,2.92,3.44,2026-03-16,2026-03-16 11:00:09
6470,宇智,51.9,34.37,37.58,25.71,0.7,1.23,-0.53,54.58,53.33,52.08,114,189,0.61,19.56,13.55,2.5,4.82,2026-03-16,2026-03-16 11:00:09
6472,保瑞,477.0,44.85,30.33,45.15,-19.35,-16.46,-2.88,569.91,497.23,424.54,761,836,0.91,605.73,14.68,11.67,2.45,2026-03-16,2026-03-16 11:00:10
6473,美賣*,7.87,17.57,17.47,50.0,-0.02,0.06,-0.08,8.72,8.06,7.4,12,37,0.32,3.15,,,,2026-03-16,2026-03-16 11:00:11
6474,華豫寧,35.25,32.55,33.12,37.21,-0.2,-0.07,-0.13,37.03,35.87,34.71,13,18,0.75,18.52,10.25,2.5,7.09,2026-03-16,2026-03-16 11:00:12
6477,安集,38.4,59.37,53.47,58.31,0.92,0.69,0.23,41.06,36.85,32.63,1213,2114,0.57,47.53,16.27,0.3,0.78,2026-03-16,2026-03-16 11:00:12
6482,弘煜科,31.05,20.73,23.43,36.29,-1.4,-1.32,-0.08,36.31,33.46,30.6,23,28,0.82,8.89,10.93,1.0,3.22,2026-03-16,2026-03-16 11:00:13
6483,原創生醫,16.15,26.3,30.6,43.64,0.38,0.59,-0.2,19.28,16.76,14.25,219,193,1.13,10.72,,,,2026-03-16,2026-03-16 11:00:14
6485,點序,90.3,57.41,39.8,47.76,-3.58,-3.91,0.33,98.35,86.76,75.17,2321,894,2.6,40.86,,0.5,0.55,2026-03-16,2026-03-16 11:00:16
6486,互動,85.5,52.87,55.4,63.06,0.97,0.87,0.1,89.49,83.76,78.03,141,176,0.8,43.51,14.95,5.87,6.87,2026-03-16,2026-03-16 11:00:17
6491,晶碩,279.0,40.44,35.28,32.58,-2.08,-0.98,-1.1,298.53,285.7,272.87,138,130,1.06,217.62,13.52,11.0,3.94,2026-03-16,2026-03-16 11:00:18
6492,生華科,50.1,25.87,26.93,43.2,-0.56,-0.08,-0.48,55.84,51.41,46.98,262,211,1.24,44.78,,,,2026-03-16,2026-03-16 11:00:18
6493,雷虎生,25.95,16.61,24.39,26.04,-0.44,-0.22,-0.22,30.0,27.52,25.04,33,35,0.95,7.8,,0.2,0.77,2026-03-16,2026-03-16 11:00:19
6494,九齊,45.9,48.6,42.63,49.6,1.68,1.96,-0.27,51.04,44.55,38.05,122,125,0.97,14.49,,2.36,5.14,2026-03-16,2026-03-16 11:00:20
6496,科懋,26.75,48.14,46.72,49.37,-0.33,-0.44,0.11,27.76,26.81,25.86,1,18,0.09,12.5,,,,2026-03-16,2026-03-16 11:00:21
6498,久禾光,91.3,71.15,56.02,59.6,0.16,-0.35,0.52,91.57,87.4,83.24,87,48,1.81,43.06,13.9,2.64,2.89,2026-03-16,2026-03-16 11:00:22
6499,益安,101.5,78.87,60.09,57.01,-0.23,-1.4,1.17,100.54,90.44,80.34,595,716,0.83,98.4,,,,2026-03-16,2026-03-16 11:00:23
6504,南六,39.0,26.8,23.63,28.35,-0.85,-0.67,-0.19,43.22,40.59,37.95,51,42,1.21,28.31,13.93,1.0,2.56,2026-03-16,2026-03-16 11:00:24
6505,台塑化,58.0,32.9,47.58,57.86,2.49,2.58,-0.09,66.27,55.89,45.5,26626,48362,0.55,5525.06,55.77,0.8,1.38,2026-03-16,2026-03-16 11:00:25
6506,雙邦,16.35,75.36,65.68,57.78,0.13,0.09,0.04,16.45,15.91,15.36,73,59,1.23,13.47,15.87,0.8,4.89,2026-03-16,2026-03-16 11:00:26
6508,惠光,29.3,71.06,68.77,75.0,1.22,0.82,0.4,29.47,25.37,21.28,728,637,1.14,25.36,108.52,1.0,3.41,2026-03-16,2026-03-16 11:00:27
6509,聚和,41.6,61.85,56.23,55.56,1.43,1.42,0.01,43.91,38.81,33.7,5185,3566,1.45,81.76,16.91,1.32,3.17,2026-03-16,2026-03-16 11:00:28
6510,精測,3735.0,56.14,47.67,47.87,158.54,188.92,-30.38,4137.49,3739.25,3341.01,375,705,0.53,1224.67,122.66,7.8,0.21,2026-03-16,2026-03-16 11:00:29
6512,啟發電,19.75,33.2,33.84,41.18,-0.16,-0.15,-0.01,20.7,20.04,19.38,11,5,1.89,4.99,,,,2026-03-16,2026-03-16 11:00:30
6515,穎崴,6160.0,87.17,82.06,70.78,545.85,440.63,105.22,6313.79,5115.75,3917.71,440,554,0.8,2220.19,142.03,25.0,0.41,2026-03-16,2026-03-16 11:00:32
6516,勤崴國際,62.0,37.15,29.64,33.33,-0.65,-0.46,-0.19,65.83,63.07,60.3,30,38,0.79,34.62,41.06,2.21,3.56,2026-03-16,2026-03-16 11:00:34
6517,保勝光學,58.2,49.35,36.43,36.36,-2.58,-2.67,0.09,65.54,60.07,54.6,172,145,1.18,17.8,35.27,1.5,2.58,2026-03-16,2026-03-16 11:00:35
6518,康科特,27.0,28.2,32.54,66.67,0.17,0.17,0.0,27.67,26.6,25.52,11,2,4.23,9.0,16.46,1.1,4.07,2026-03-16,2026-03-16 11:00:35
6523,達爾膚,117.5,79.44,73.0,42.86,-0.14,-0.22,0.09,118.49,117.3,116.11,19,20,0.96,52.93,15.14,8.0,6.81,2026-03-16,2026-03-16 11:00:36
6525,捷敏-KY,84.0,75.94,66.5,57.33,1.18,0.88,0.3,85.6,81.02,76.43,274,430,0.64,108.4,14.46,4.2,5.0,2026-03-16,2026-03-16 11:00:37
6526,達發,519.0,53.84,51.06,59.82,18.8,17.25,1.56,569.34,493.77,418.21,486,860,0.57,869.35,29.97,12.5,2.41,2026-03-16,2026-03-16 11:00:38
6527,明達醫,73.4,26.58,37.72,38.32,-0.55,-0.48,-0.07,76.76,74.79,72.81,23,17,1.38,18.6,12.88,2.25,3.07,2026-03-16,2026-03-16 11:00:39
6530,創威,79.0,65.21,63.19,61.63,4.23,3.81,0.42,86.4,72.47,58.54,4422,3909,1.13,26.66,42.47,1.55,1.96,2026-03-16,2026-03-16 11:00:39
6531,愛普*,528.0,84.85,74.77,73.63,15.25,2.12,13.13,510.41,432.9,355.39,9314,8656,1.08,858.86,68.57,6.99,1.32,2026-03-16,2026-03-16 11:00:40
6532,瑞耘,71.3,88.64,83.83,78.8,2.93,1.29,1.64,69.59,58.7,47.82,1705,1476,1.16,26.7,9.88,2.6,3.65,2026-03-16,2026-03-16 11:00:41
6533,晶心科,187.5,22.96,21.31,25.32,-12.67,-11.65,-1.03,239.89,207.8,175.71,413,415,1.0,95.81,11.42,,,2026-03-16,2026-03-16 11:00:42
6534,正瀚-創,80.8,53.93,52.2,40.3,-1.26,-1.46,0.2,86.25,82.57,78.9,1245,438,2.84,83.06,19.01,4.8,5.94,2026-03-16,2026-03-16 11:00:42
6535,順藥,154.0,23.39,18.32,22.92,-7.61,-6.32,-1.29,193.22,167.47,141.73,119,111,1.08,257.93,,,,2026-03-16,2026-03-16 11:00:43
6538,倉和,67.9,31.02,26.45,39.13,-0.23,-0.14,-0.09,16.2,15.06,13.93,17,10,1.65,,,,,2026-03-16,2026-03-16 11:00:44
6539,麗彤,53.4,22.7,21.02,37.5,-1.24,-0.87,-0.36,60.38,56.22,52.06,0,4,0.01,13.0,20.7,2.37,4.44,2026-03-16,2026-03-16 11:00:47
6541,泰福-KY,41.4,10.94,13.61,16.6,-2.6,-2.23,-0.36,52.61,46.42,40.23,609,405,1.5,109.63,,,,2026-03-16,2026-03-16 11:00:47
6542,隆中,46.2,9.35,16.28,11.98,-0.53,0.2,-0.72,55.73,51.59,47.45,12,11,1.1,19.4,,1.83,3.96,2026-03-16,2026-03-16 11:00:48
6543,普惠醫工,24.8,36.17,36.61,29.34,-0.63,-0.37,-0.25,29.34,27.38,25.43,123,79,1.56,13.85,19.08,2.11,8.51,2026-03-16,2026-03-16 11:00:49
6546,正基,77.2,36.2,46.55,62.38,3.81,3.86,-0.05,92.1,72.88,53.67,1351,1808,0.75,51.61,28.07,3.5,4.53,2026-03-16,2026-03-16 11:00:50
6547,高端疫苗,36.3,48.74,51.22,51.33,-0.12,-0.26,0.14,37.43,36.24,35.06,996,1366,0.73,119.34,,,,2026-03-16,2026-03-16 11:00:51
6548,長科*,46.2,65.98,60.6,46.96,-0.85,-0.88,0.03,51.3,47.59,43.87,7257,6399,1.13,426.45,28.52,1.8,3.9,2026-03-16,2026-03-16 11:00:51
6549,景凱,7.78,52.67,45.34,40.6,-0.09,-0.05,-0.03,8.18,7.78,7.38,185,151,1.23,6.23,,,,2026-03-16,2026-03-16 11:00:52
6550,北極星藥業-KY,21.7,6.87,14.55,23.64,-1.56,-0.59,-0.96,36.17,29.91,23.65,884,1208,0.73,186.6,,,,2026-03-16,2026-03-16 11:00:54
6552,易華電,27.05,35.1,25.69,39.07,-0.62,-0.28,-0.35,32.7,28.61,24.52,140,117,1.2,22.45,5.27,0.2,0.74,2026-03-16,2026-03-16 11:00:55
6555,榮炭,21.45,16.96,11.02,27.13,-1.56,-1.2,-0.36,28.56,23.71,18.87,424,279,1.52,25.57,,,,2026-03-16,2026-03-16 11:00:55
6556,勝品,68.0,80.43,74.1,46.92,-0.32,-0.48,0.17,69.74,67.68,65.62,4,4,1.08,19.55,11.09,4.2,6.18,2026-03-16,2026-03-16 11:00:57
6558,興能高,29.7,32.05,25.41,28.57,-1.72,-1.6,-0.12,36.41,32.13,27.84,366,385,0.95,27.86,30.94,0.3,1.01,2026-03-16,2026-03-16 11:00:58
6559,研晶,12.6,53.17,51.02,50.0,-0.16,-0.14,-0.01,13.34,12.44,11.53,83,55,1.49,2.92,,,,2026-03-16,2026-03-16 11:01:00
6560,欣普羅,40.75,22.42,26.99,38.76,-0.23,0.14,-0.37,45.96,42.11,38.26,56,80,0.71,13.23,,,,2026-03-16,2026-03-16 11:01:01
6561,是方,350.5,31.15,39.27,56.6,4.17,4.15,0.03,385.21,347.6,309.99,201,93,2.15,273.24,22.37,14.2,4.05,2026-03-16,2026-03-16 11:01:01
6564,安特羅,16.5,53.68,45.26,19.57,-0.37,-0.34,-0.03,29.14,27.7,26.26,71,40,1.8,11.9,,,,2026-03-16,2026-03-16 11:01:02
6565,物聯,16.5,83.29,72.04,42.62,-0.17,-0.26,0.08,16.98,16.32,15.67,10,12,0.88,4.47,16.5,,,2026-03-16,2026-03-16 11:01:04
6568,宏觀,207.5,84.59,74.55,64.23,13.24,10.16,3.08,199.78,170.62,141.47,1830,2227,0.82,63.97,52.4,2.0,0.96,2026-03-16,2026-03-16 11:01:05
6569,醫揚,96.5,50.24,33.66,43.87,-2.8,-3.08,0.28,104.77,97.79,90.8,25,25,1.02,37.7,33.62,3.96,4.1,2026-03-16,2026-03-16 11:01:07
6570,維田,40.25,71.21,58.83,52.17,-0.21,-0.25,0.04,40.71,39.33,37.95,123,116,1.06,14.94,36.59,1.5,3.73,2026-03-16,2026-03-16 11:01:08
6572,博錸,6.83,29.56,31.11,21.85,-0.36,-0.24,-0.12,8.93,7.8,6.66,167,317,0.53,7.08,,,,2026-03-16,2026-03-16 11:01:09
6573,虹揚-KY,13.75,46.88,39.01,38.32,-0.42,-0.4,-0.02,15.45,14.3,13.16,281,143,1.97,11.07,14.95,,,2026-03-16,2026-03-16 11:01:09
6574,霈方,98.7,84.23,67.01,87.18,4.23,2.55,1.68,90.3,78.82,67.33,121,76,1.59,21.7,17.88,2.2,2.23,2026-03-16,2026-03-16 11:01:10
6576,逸達,79.2,30.66,34.01,31.2,-0.71,-0.19,-0.51,87.8,82.83,77.86,134,153,0.87,124.67,,,,2026-03-16,2026-03-16 11:01:11
6577,勁豐,77.2,67.57,56.04,67.43,1.23,0.99,0.24,78.07,73.61,69.15,37,33,1.13,46.37,14.96,6.0,7.77,2026-03-16,2026-03-16 11:01:12
6578,達邦蛋白,18.45,52.3,40.49,37.5,-0.36,-0.37,0.01,19.9,18.57,17.25,79,60,1.31,13.27,,0.4,2.17,2026-03-16,2026-03-16 11:01:12
6579,研揚,112.0,64.2,47.16,49.37,-1.02,-1.02,-0.01,118.29,111.28,104.26,225,151,1.49,189.79,20.07,5.15,4.6,2026-03-16,2026-03-16 11:01:14
6580,台睿,16.65,25.66,27.31,16.85,-1.16,-1.03,-0.12,21.22,18.56,15.9,139,115,1.21,18.65,,,,2026-03-16,2026-03-16 11:01:15
6581,鋼聯,109.5,51.7,54.75,50.0,0.71,0.82,-0.11,112.29,109.38,106.46,38,18,2.11,121.84,17.8,5.3,4.84,2026-03-16,2026-03-16 11:01:16
6582,申豐,31.2,33.67,27.93,26.92,-0.34,-0.22,-0.12,33.93,32.17,30.41,45,49,0.92,33.13,,1.0,3.21,2026-03-16,2026-03-16 11:01:16
6583,友松,11.75,63.88,46.97,43.08,-0.36,-0.43,0.07,12.56,11.86,11.16,1,10,0.14,1.87,,2.0,17.02,2026-03-16,2026-03-16 11:01:17
6584,南俊國際,391.0,50.67,41.04,39.77,10.47,14.34,-3.87,458.85,393.75,328.65,1288,1723,0.75,272.3,103.71,1.5,0.38,2026-03-16,2026-03-16 11:01:18
6585,鼎基,86.3,52.91,43.77,44.73,-1.54,-1.32,-0.22,94.33,87.7,81.06,49,72,0.69,62.25,15.86,7.92,9.18,2026-03-16,2026-03-16 11:01:19
6586,醣基,24.95,44.04,39.42,42.33,-0.63,-0.71,0.08,27.99,25.71,23.42,423,566,0.75,53.4,,,,2026-03-16,2026-03-16 11:01:20
6588,東典光電,86.5,35.83,27.74,41.26,3.94,6.77,-2.83,118.36,88.8,59.24,616,533,1.16,30.02,,,,2026-03-16,2026-03-16 11:01:21
6589,台康生技,56.9,15.81,24.38,35.33,-1.51,-1.31,-0.21,63.19,59.78,56.36,417,412,1.01,172.21,,,,2026-03-16,2026-03-16 11:01:22
6590,普鴻,72.7,34.75,38.24,55.14,-0.13,-0.45,0.32,73.54,71.65,69.76,28,29,0.96,18.15,14.17,2.8,3.85,2026-03-16,2026-03-16 11:01:24
6591,動力-KY,63.5,37.17,35.8,43.35,-1.65,-1.73,0.08,68.21,65.05,61.9,233,268,0.87,26.11,12.24,2.31,3.64,2026-03-16,2026-03-16 11:01:26
6592,和潤企業,65.0,82.79,73.65,65.03,0.68,0.11,0.57,64.59,60.74,56.9,5548,1971,2.81,405.05,16.67,3.0,4.62,2026-03-16,2026-03-16 11:01:26
6593,台灣銘板,38.8,21.93,25.67,38.54,0.25,0.42,-0.17,41.53,39.24,36.94,45,62,0.72,11.61,,0.45,1.16,2026-03-16,2026-03-16 11:01:27
6595,光禹國際,32.55,74.88,78.55,26.47,-0.29,-0.29,-0.0,33.54,33.05,32.56,78,27,2.89,16.19,95.74,0.25,0.77,2026-03-16,2026-03-16 11:01:28
6596,寬宏藝術,148.5,56.95,63.28,57.78,1.85,1.68,0.17,152.31,146.03,139.74,879,1369,0.64,56.43,8.01,18.7,12.59,2026-03-16,2026-03-16 11:01:29
6597,立誠,59.6,33.22,35.38,48.81,0.15,0.54,-0.39,64.37,60.64,56.92,2,3,0.7,17.4,23.84,2.63,4.41,2026-03-16,2026-03-16 11:01:29
6598,ABC-KY,24.8,57.75,53.15,52.03,0.24,0.28,-0.03,25.87,24.58,23.29,167,237,0.71,25.49,,,,2026-03-16,2026-03-16 11:01:30
6599,普達系統,58.7,18.33,22.0,39.71,-0.51,-0.27,-0.24,63.01,60.53,58.05,5,2,2.27,12.33,21.9,2.22,3.78,2026-03-16,2026-03-16 11:01:31
6603,富強鑫,22.4,29.31,29.1,38.65,-1.24,-1.21,-0.03,26.02,23.94,21.86,533,680,0.78,37.11,36.72,0.3,1.34,2026-03-16,2026-03-16 11:01:32
6604,儒億,22.95,55.79,72.53,41.53,-0.06,-0.05,-0.01,24.62,23.82,23.01,9,18,0.51,10.04,,0.5,2.18,2026-03-16,2026-03-16 11:01:33
6605,帝寶,134.0,50.89,41.02,35.29,-4.05,-3.59,-0.46,150.37,139.25,128.13,380,347,1.09,222.19,9.9,9.0,6.72,2026-03-16,2026-03-16 11:01:33
6606,建德工業,24.55,55.82,50.94,29.17,-0.23,-0.19,-0.05,25.63,25.05,24.47,65,80,0.82,27.08,25.84,1.03,4.2,2026-03-16,2026-03-16 11:01:34
6609,瀧澤科,35.0,25.36,21.15,22.38,-1.48,-1.16,-0.32,41.97,37.62,33.27,147,127,1.16,25.36,,0.77,2.2,2026-03-16,2026-03-16 11:01:36
6610,安成生技,20.1,24.86,30.97,38.02,0.03,0.25,-0.22,22.6,21.12,19.63,233,162,1.44,41.32,,,,2026-03-16,2026-03-16 11:01:37
6612,奈米醫材,70.1,69.63,60.48,54.59,-1.8,-2.34,0.54,75.94,70.03,64.11,22,35,0.64,33.31,52.31,0.3,0.43,2026-03-16,2026-03-16 11:01:38
6613,朋億*,194.0,61.09,50.66,50.0,-1.02,-1.03,0.02,203.88,191.93,179.97,220,202,1.09,150.93,14.59,12.0,6.19,2026-03-16,2026-03-16 11:01:38
6614,資拓宏宇,42.6,23.95,26.46,30.65,-1.13,-1.1,-0.03,46.84,44.35,41.86,57,78,0.73,31.07,19.28,1.5,3.52,2026-03-16,2026-03-16 11:01:39
6615,慧智,34.7,15.43,22.08,56.08,0.75,0.97,-0.22,36.26,34.74,33.21,4,14,0.33,7.49,,0.3,0.86,2026-03-16,2026-03-16 11:01:40
6617,共信-KY,77.4,41.21,38.43,49.17,0.04,0.03,0.0,10.61,10.22,9.83,28,42,0.67,,,,,2026-03-16,2026-03-16 11:01:41
6618,永虹先進,20.0,56.27,58.94,53.38,-0.03,-0.2,0.17,21.09,19.7,18.31,868,936,0.93,20.96,,,,2026-03-16,2026-03-16 11:01:41
6620,漢達,74.8,25.15,31.36,13.33,-2.12,-2.1,-0.02,82.44,78.48,74.51,453,422,1.07,126.06,16.62,1.51,2.02,2026-03-16,2026-03-16 11:01:42
6621,華宇藥,14.0,88.33,76.97,77.14,0.18,0.02,0.15,13.43,12.49,11.55,324,222,1.46,5.05,,,,2026-03-16,2026-03-16 11:01:44
6622,百聿數碼,8.25,33.43,36.91,36.58,-0.15,-0.04,-0.1,9.46,8.72,7.98,7,19,0.36,2.83,,,,2026-03-16,2026-03-16 11:01:45
6624,萬年清,60.8,54.32,38.47,34.18,-1.25,-0.97,-0.28,69.47,62.52,55.58,8,49,0.16,12.7,168.89,0.55,0.9,2026-03-16,2026-03-16 11:01:47
6625,必應,78.1,26.62,37.46,41.61,-1.28,-1.11,-0.17,83.61,80.64,77.66,161,404,0.4,45.28,9.2,4.0,5.12,2026-03-16,2026-03-16 11:01:47
6629,泰金-KY,106.5,45.38,44.01,35.82,-3.83,-3.92,0.09,125.05,111.33,97.6,17,47,0.37,40.81,14.79,6.2,5.82,2026-03-16,2026-03-16 11:01:49
6634,欣耀,33.35,21.15,24.56,25.84,-1.11,-0.72,-0.39,40.34,36.39,32.44,36,42,0.86,23.78,,,,2026-03-16,2026-03-16 11:01:50
6637,醫影,74.4,47.05,48.29,51.15,-0.65,-0.87,0.22,78.44,74.65,70.85,23,85,0.27,19.95,10.42,3.63,4.88,2026-03-16,2026-03-16 11:01:52
6638,沅聖,34.9,81.22,77.36,73.12,1.48,0.3,1.18,34.02,27.31,20.61,223,154,1.44,10.47,,1.0,2.87,2026-03-16,2026-03-16 11:01:53
6639,源大環能,7.7,14.83,22.98,23.63,-0.28,-0.11,-0.17,9.76,8.66,7.55,44,46,0.95,4.44,,,,2026-03-16,2026-03-16 11:01:55
6640,均華,1065.0,90.59,82.53,75.48,62.6,39.37,23.23,1018.81,829.85,640.89,1150,1059,1.09,301.51,86.52,15.0,1.41,2026-03-16,2026-03-16 11:01:55
6641,基士德-KY,18.9,9.72,12.22,26.21,-0.78,-0.55,-0.23,22.85,20.58,18.31,15,35,0.44,6.9,145.38,1.0,5.29,2026-03-16,2026-03-16 11:01:56
6642,富致,55.9,42.48,42.32,38.0,0.19,0.5,-0.31,58.73,56.64,54.56,147,127,1.16,20.91,21.58,1.8,3.22,2026-03-16,2026-03-16 11:01:57
6643,M31,460.5,65.96,64.91,61.97,6.64,5.07,1.57,494.9,451.65,408.4,734,1157,0.63,192.45,272.49,2.0,0.43,2026-03-16,2026-03-16 11:01:59
6645,金萬林-創,14.05,5.91,6.38,9.52,-0.93,-0.65,-0.28,19.1,16.36,13.63,94,75,1.24,8.52,,,,2026-03-16,2026-03-16 11:01:59
6649,台生材,40.0,6.46,11.87,13.42,-1.49,-1.03,-0.46,25.99,22.02,18.05,109,108,1.01,,,,,2026-03-16,2026-03-16 11:02:00
6650,帝圖,27.15,31.82,28.35,35.0,-1.31,-1.25,-0.06,31.72,28.92,26.12,2,9,0.21,8.44,30.51,4.0,14.73,2026-03-16,2026-03-16 11:02:02
6651,全宇昕,96.1,51.71,46.51,42.34,1.12,2.23,-1.11,104.8,97.5,90.2,222,197,1.13,33.25,15.25,4.0,4.16,2026-03-16,2026-03-16 11:02:03
6652,雅祥生醫,5.85,41.62,46.77,20.65,-0.18,-0.08,-0.1,7.74,6.7,5.66,132,67,1.97,8.01,,,,2026-03-16,2026-03-16 11:02:04
6654,天正國際,91.6,62.91,59.26,42.55,0.11,0.29,-0.19,96.99,92.85,88.71,12,19,0.64,34.13,,,,2026-03-16,2026-03-16 11:02:06
6655,科定,128.0,62.45,67.26,44.44,2.04,2.53,-0.49,136.72,128.55,120.38,7,13,0.56,100.55,35.85,2.4,1.88,2026-03-16,2026-03-16 11:02:07
6657,華安,47.85,50.71,40.03,49.53,0.1,0.19,-0.09,49.96,47.26,44.57,332,345,0.96,41.99,,,,2026-03-16,2026-03-16 11:02:08
6658,聯策,67.5,72.31,66.19,70.79,2.6,1.42,1.18,67.17,58.1,49.02,3192,1908,1.67,24.55,55.79,1.08,1.6,2026-03-16,2026-03-16 11:02:09
6659,天明製藥,21.0,31.61,33.55,22.67,-0.91,-0.92,0.01,24.19,22.31,20.43,20,35,0.57,18.03,,,,2026-03-16,2026-03-16 11:02:09
6661,威健生技,18.75,76.48,64.0,55.81,-0.09,-0.09,-0.0,19.42,18.76,18.1,3,3,0.94,4.37,267.86,,,2026-03-16,2026-03-16 11:02:10
6662,樂斯科,29.6,58.53,63.24,53.33,-0.14,-0.17,0.03,30.31,29.81,29.31,20,11,1.76,7.58,16.91,1.5,5.07,2026-03-16,2026-03-16 11:02:11
6664,群翊,278.0,52.21,39.08,48.53,-4.99,-4.57,-0.42,306.18,279.9,253.62,693,453,1.53,165.63,19.25,9.93,3.57,2026-03-16,2026-03-16 11:02:12
6665,康聯生醫,20.4,76.48,76.99,45.71,-0.1,-0.07,-0.04,21.03,20.54,20.05,3,15,0.2,9.25,58.29,0.7,3.43,2026-03-16,2026-03-16 11:02:13
6666,羅麗芬-KY,40.3,7.71,11.65,14.73,-0.99,-0.71,-0.27,45.91,42.98,40.04,15,20,0.79,19.1,16.93,2.0,4.96,2026-03-16,2026-03-16 11:02:13
6667,信紘科,247.0,25.33,36.61,50.31,-1.27,-0.41,-0.86,273.49,251.93,230.36,256,417,0.61,121.72,19.49,8.43,3.41,2026-03-16,2026-03-16 11:02:14
6668,中揚光,34.6,33.27,31.21,35.26,-0.84,-0.74,-0.1,38.37,36.05,33.74,208,200,1.04,37.06,,,,2026-03-16,2026-03-16 11:02:15
6669,緯穎,4005.0,52.2,56.88,55.33,46.3,30.95,15.36,4352.07,3945.25,3538.43,1196,1301,0.92,7442.92,15.09,74.0,1.85,2026-03-16,2026-03-16 11:02:15
6670,復盛應用,278.5,78.26,67.3,55.05,1.47,0.65,0.82,280.14,270.65,261.16,249,194,1.28,388.19,11.78,19.65,7.06,2026-03-16,2026-03-16 11:02:16
6671,三能-KY,30.1,17.82,23.34,19.35,-1.31,-0.56,-0.75,40.32,35.75,31.18,219,368,0.6,18.29,11.49,2.6,8.64,2026-03-16,2026-03-16 11:02:17
6672,騰輝電子-KY,100.5,54.58,41.61,52.68,0.25,0.21,0.04,105.27,97.7,90.14,1551,978,1.59,71.79,21.94,3.35,3.33,2026-03-16,2026-03-16 11:02:18
6673,和詮,9.77,66.04,53.95,51.53,0.02,0.02,0.0,9.9,9.49,9.09,362,137,2.64,2.6,,,,2026-03-16,2026-03-16 11:02:19
6674,鋐寶科技,18.25,28.36,34.9,23.94,-0.52,-0.39,-0.13,20.78,19.38,17.98,28,19,1.48,12.54,,,,2026-03-16,2026-03-16 11:02:20
6676,祥翊,15.65,17.29,21.44,42.86,0.05,0.31,-0.25,18.37,16.56,14.75,95,137,0.7,23.42,,,,2026-03-16,2026-03-16 11:02:21
6677,瑩碩生技,19.6,21.04,29.87,51.72,0.05,0.13,-0.09,21.75,20.06,18.38,29,44,0.67,10.95,,,,2026-03-16,2026-03-16 11:02:22
6679,鈺太,246.5,84.24,82.76,68.22,16.0,13.46,2.54,264.69,219.68,174.66,377,757,0.5,131.35,36.25,9.17,3.72,2026-03-16,2026-03-16 11:02:23
6682,華旭先進,38.25,26.29,25.64,17.31,-1.69,-0.99,-0.71,68.66,63.12,57.57,18,11,1.69,,,,,2026-03-16,2026-03-16 11:02:23
6683,雍智科技,1130.0,79.9,82.91,68.06,138.26,116.21,22.05,1181.4,884.0,586.6,342,1335,0.26,311.4,74.1,10.0,0.88,2026-03-16,2026-03-16 11:02:24
6684,安格,45.3,47.55,36.94,42.09,-1.09,-1.11,0.02,49.82,46.39,42.96,66,108,0.62,20.19,21.27,,,2026-03-16,2026-03-16 11:02:25
6689,伊雲谷,71.2,67.9,67.76,69.58,2.64,2.18,0.46,76.85,66.14,55.43,390,603,0.65,48.27,42.89,2.0,2.81,2026-03-16,2026-03-16 11:02:26
6690,安碁資訊,169.0,66.97,58.71,57.5,0.46,-0.32,0.78,170.91,164.35,157.79,53,61,0.88,50.7,16.67,9.0,5.33,2026-03-16,2026-03-16 11:02:26
6691,洋基工程,615.0,38.97,39.17,52.11,6.07,9.12,-3.06,676.7,621.3,565.9,413,488,0.85,741.67,27.8,16.0,2.6,2026-03-16,2026-03-16 11:02:27
6692,進能服,30.7,44.24,41.67,50.83,-0.01,-0.06,0.05,32.15,30.72,29.3,39,112,0.35,18.06,133.48,0.5,1.63,2026-03-16,2026-03-16 11:02:28
6693,廣閎科,96.0,76.27,69.1,61.08,2.42,1.21,1.21,98.84,88.61,78.37,1548,2011,0.77,43.24,30.87,2.0,2.08,2026-03-16,2026-03-16 11:02:29
6695,芯鼎,41.6,56.11,40.51,43.13,-0.85,-0.9,0.05,44.39,41.37,38.34,371,211,1.76,40.13,,,,2026-03-16,2026-03-16 11:02:29
6696,仁新,388.0,14.89,20.87,46.25,0.18,2.5,-2.32,421.22,401.48,381.73,416,485,0.86,321.62,,,,2026-03-16,2026-03-16 11:02:30
6697,東捷資訊,44.95,58.86,50.69,46.86,-0.35,-0.6,0.24,45.94,44.2,42.47,89,79,1.12,12.28,14.32,2.6,5.78,2026-03-16,2026-03-16 11:02:31
6698,旭暉應材,30.15,16.73,18.12,31.5,-0.95,-0.6,-0.35,35.74,32.33,28.93,115,152,0.76,19.84,,,,2026-03-16,2026-03-16 11:02:32
6703,軒郁,119.0,80.38,76.94,72.41,3.16,1.76,1.4,121.33,109.62,97.92,126,201,0.63,38.95,14.78,9.6,8.07,2026-03-16,2026-03-16 11:02:33
6704,國璽幹細胞,23.0,29.4,27.41,37.88,-0.49,-0.49,0.0,24.36,23.54,22.71,74,71,1.05,22.07,,,,2026-03-16,2026-03-16 11:02:34
6705,振躍精密,65.1,83.3,74.73,63.93,0.07,-0.5,0.57,64.56,60.4,56.23,27,33,0.84,11.72,22.6,2.2,3.38,2026-03-16,2026-03-16 11:02:34
6706,惠特,124.5,46.12,40.29,55.49,0.63,0.44,0.2,138.94,120.97,103.01,7624,6655,1.15,97.82,20.72,,,2026-03-16,2026-03-16 11:02:35
6707,富基電通,28.95,81.74,70.89,83.47,1.41,0.61,0.8,26.59,21.72,16.84,1606,1116,1.44,17.08,55.67,,,2026-03-16,2026-03-16 11:02:36
6709,昱厚生技,30.95,30.07,25.58,16.94,-0.01,0.33,-0.34,35.14,32.06,28.98,31,25,1.24,18.38,,,,2026-03-16,2026-03-16 11:02:38
6712,長聖,140.5,19.29,21.69,22.0,-4.32,-3.86,-0.46,158.86,148.0,137.14,144,286,0.5,123.07,23.85,4.66,3.32,2026-03-16,2026-03-16 11:02:39
6715,嘉基,309.0,95.27,95.87,92.7,44.85,32.55,12.3,319.58,202.05,84.52,554,1305,0.42,204.07,160.94,3.92,1.27,2026-03-16,2026-03-16 11:02:41
6716,應廣,78.5,22.83,26.02,48.13,4.46,6.7,-2.24,103.78,79.04,54.3,123,191,0.65,23.77,36.34,3.38,4.31,2026-03-16,2026-03-16 11:02:42
6719,力智,172.5,42.47,32.23,38.18,-5.62,-5.07,-0.55,197.74,180.35,162.96,186,220,0.85,181.93,26.95,1.7,0.99,2026-03-16,2026-03-16 11:02:42
6720,久昌,170.0,38.97,37.79,42.62,4.37,6.24,-1.87,182.09,167.68,153.26,166,140,1.19,51.07,38.12,3.5,2.06,2026-03-16,2026-03-16 11:02:43
6721,信實,60.4,24.83,34.07,19.23,-0.38,-0.21,-0.18,62.87,61.52,60.17,8,30,0.27,13.59,12.56,3.0,4.97,2026-03-16,2026-03-16 11:02:44
6722,輝創,40.4,63.36,57.37,40.12,-1.68,-2.04,0.35,44.77,41.81,38.84,22,116,0.19,35.71,17.26,1.5,3.71,2026-03-16,2026-03-16 11:02:45
6723,傑智環境,40.0,66.06,61.02,56.25,-1.36,-1.54,0.17,43.36,40.49,37.63,58,67,0.86,12.02,14.08,,,2026-03-16,2026-03-16 11:02:47
6725,矽科宏晟,220.0,37.88,36.56,40.08,-8.46,-7.77,-0.69,261.62,236.65,211.68,119,233,0.51,81.69,13.6,8.0,3.64,2026-03-16,2026-03-16 11:02:47
6727,亞泰金屬,287.0,84.98,69.32,76.75,17.39,9.73,7.66,262.62,207.7,152.78,1004,1827,0.55,77.16,54.98,3.0,1.05,2026-03-16,2026-03-16 11:02:49
6728,上洋,128.0,28.81,33.73,32.26,-2.16,-1.57,-0.6,139.33,133.32,127.32,43,41,1.04,38.54,11.64,8.0,6.25,2026-03-16,2026-03-16 11:02:51
6730,常廣,36.2,50.19,41.58,61.54,4.02,4.09,-0.07,66.5,56.85,47.2,533,198,2.68,13.18,17.16,1.0,2.76,2026-03-16,2026-03-16 11:02:52
6732,昇佳電子,163.5,33.05,34.65,44.25,-2.87,-2.37,-0.5,179.03,170.2,161.37,169,148,1.14,79.97,25.08,10.0,6.12,2026-03-16,2026-03-16 11:02:54
6733,博晟生醫,35.2,31.43,35.22,34.06,-0.48,-0.41,-0.07,37.8,36.33,34.87,175,189,0.92,43.9,,,,2026-03-16,2026-03-16 11:02:55
6734,安盛生,6.21,18.39,19.7,30.5,-0.33,-0.16,-0.17,8.87,7.39,5.92,151,100,1.5,2.52,,,,2026-03-16,2026-03-16 11:02:55
6735,美達科技,55.7,37.46,30.5,43.39,-1.62,-1.35,-0.28,63.05,57.51,51.97,27,36,0.75,25.72,,1.8,3.23,2026-03-16,2026-03-16 11:02:56
6737,秀育,37.0,21.86,28.4,12.58,-1.34,-0.92,-0.42,45.39,41.15,36.91,26,24,1.08,22.22,5.82,1.6,4.32,2026-03-16,2026-03-16 11:02:57
6738,鼎��,73.3,53.49,46.36,40.43,-0.78,-0.75,-0.03,75.97,74.25,72.53,96,63,1.51,27.21,,,,2026-03-16,2026-03-16 11:02:59
6739,竹陞科技,1205.0,78.23,67.83,64.92,75.62,59.28,16.34,1184.84,977.45,770.06,1196,1151,1.04,280.9,102.21,5.0,0.41,2026-03-16,2026-03-16 11:03:00
6741,91APP*-KY,62.0,59.04,48.31,44.74,-1.88,-2.13,0.25,66.33,62.44,58.54,996,415,2.4,70.99,14.52,1.74,2.81,2026-03-16,2026-03-16 11:03:01
6742,澤米,43.7,64.67,50.83,45.09,-0.75,-0.97,0.22,46.13,42.64,39.15,701,419,1.67,30.81,,0.3,0.69,2026-03-16,2026-03-16 11:03:02
6743,安普新,23.5,12.53,12.31,19.49,-1.01,-0.77,-0.23,28.28,25.5,22.73,123,183,0.67,34.66,97.92,1.5,6.38,2026-03-16,2026-03-16 11:03:04
6744,豐技生技,15.5,23.54,28.82,33.8,-0.36,-0.24,-0.12,18.11,16.82,15.54,15,10,1.52,2.39,15.35,0.95,6.13,2026-03-16,2026-03-16 11:03:05
6748,亞果生醫,65.0,54.22,42.51,45.77,-0.68,-0.62,-0.06,71.44,64.21,56.98,531,221,2.4,46.29,,,,2026-03-16,2026-03-16 11:03:06
6750,泰創工程,67.1,39.97,50.31,68.17,3.84,4.07,-0.23,74.52,62.46,50.4,338,328,1.03,30.0,17.21,2.0,2.98,2026-03-16,2026-03-16 11:03:08
6751,智聯服務,53.3,26.38,24.91,44.63,-1.61,-1.34,-0.27,58.57,54.82,51.07,38,24,1.56,11.83,9.52,3.0,5.63,2026-03-16,2026-03-16 11:03:09
6752,叡揚,118.0,51.07,42.57,53.09,-0.66,-0.95,0.28,123.83,117.12,110.42,28,42,0.67,43.83,17.08,4.5,3.81,2026-03-16,2026-03-16 11:03:10
6753,龍德造船,136.0,30.79,25.89,33.33,-2.12,-0.89,-1.23,156.43,141.18,125.92,720,625,1.15,159.45,29.89,1.25,0.92,2026-03-16,2026-03-16 11:03:11
6754,匯僑設計,44.6,75.64,65.35,54.05,-0.28,-0.57,0.29,45.83,43.37,40.9,24,40,0.61,29.44,12.15,4.0,8.97,2026-03-16,2026-03-16 11:03:11
6755,連鋐科技,17.35,65.33,41.62,46.27,-0.5,-0.72,0.21,19.04,16.11,13.19,206,86,2.37,6.91,13.14,,,2026-03-16,2026-03-16 11:03:13
6756,威鋒電子,78.3,65.25,49.46,49.12,-1.17,-1.47,0.3,83.51,77.46,71.4,237,190,1.25,54.72,74.57,0.9,1.15,2026-03-16,2026-03-16 11:03:14
6757,台灣虎航,53.6,36.03,27.09,23.19,-3.72,-3.13,-0.59,71.3,59.44,47.59,1246,2680,0.47,246.31,10.89,6.05,11.29,2026-03-16,2026-03-16 11:03:14
6758,冠亞,40.0,76.47,78.9,59.88,0.46,0.38,0.08,40.92,39.19,37.45,0,3,0.0,5.39,54.05,1.0,2.5,2026-03-13,2026-03-16 11:03:16
6761,穩得,166.5,57.35,54.42,56.69,5.58,5.03,0.55,173.37,155.35,137.33,2187,1895,1.15,57.91,23.25,6.0,3.6,2026-03-16,2026-03-16 11:03:18
6762,達亞,165.0,67.99,66.45,52.85,-1.56,-2.06,0.5,174.43,166.93,159.42,5,7,0.64,58.03,242.65,0.3,0.18,2026-03-13,2026-03-16 11:03:19
6763,綠界科技*,50.2,40.45,33.35,39.6,-1.15,-1.18,0.03,53.88,51.17,48.45,199,308,0.65,92.39,11.57,1.65,3.29,2026-03-16,2026-03-16 11:03:20
6767,台微醫,28.85,33.41,43.65,41.27,0.13,0.25,-0.13,30.2,29.38,28.56,15,31,0.48,11.3,,,,2026-03-16,2026-03-16 11:03:20
6768,志強-KY,95.8,51.24,36.29,36.96,-3.1,-3.1,0.0,105.76,97.11,88.46,1220,665,1.83,191.69,12.74,6.18,6.45,2026-03-16,2026-03-16 11:03:21
6770,力積電,65.2,44.81,34.46,48.02,1.23,2.29,-1.06,76.54,66.27,55.99,254193,173623,1.46,2760.47,32.78,,,2026-03-16,2026-03-16 11:03:22
6771,平和環保-創,44.3,43.31,36.78,50.77,-0.14,-0.25,0.1,45.1,43.94,42.79,16,23,0.67,13.81,11.57,3.2,7.22,2026-03-16,2026-03-16 11:03:23
6775,穎台科技,24.0,36.99,23.57,58.38,-0.71,-0.97,0.26,24.1,21.92,19.74,345,138,2.49,23.55,,,,2026-03-16,2026-03-16 11:03:24
6776,展碁國際,58.8,71.8,51.85,48.15,-0.36,-0.45,0.09,61.42,56.81,52.19,1271,730,1.74,53.85,14.31,3.0,5.1,2026-03-16,2026-03-16 11:03:25
6780,學習王,32.7,77.94,71.3,72.37,0.37,0.19,0.19,32.61,31.05,29.49,0,0,0.08,5.32,23.19,0.8,2.45,2026-03-16,2026-03-16 11:03:26
6781,AES-KY,1005.0,32.07,27.68,23.29,-51.84,-44.62,-7.22,1255.42,1094.5,933.58,629,702,0.9,858.46,27.03,12.5,1.24,2026-03-16,2026-03-16 11:03:26
6782,視陽,204.0,77.29,74.14,69.35,5.22,3.93,1.28,202.65,184.6,166.55,896,337,2.65,128.52,14.59,5.1,2.5,2026-03-16,2026-03-16 11:03:27
6785,昱展新藥,184.5,27.46,36.57,50.57,0.09,0.21,-0.12,20.38,18.62,16.86,70,35,1.97,,,,,2026-03-16,2026-03-16 11:03:28
6786,芯測,93.3,70.31,49.06,69.08,1.7,0.35,1.34,87.58,75.06,62.54,2699,1018,2.65,28.96,,,,2026-03-16,2026-03-16 11:03:30
6787,晶瑞光,24.9,34.13,34.54,51.55,-0.03,0.01,-0.04,25.81,24.29,22.76,739,348,2.12,20.16,,,,2026-03-16,2026-03-16 11:03:30
6788,華景電,346.0,65.0,60.32,58.62,5.55,3.41,2.15,361.43,325.93,290.42,1765,1902,0.93,134.04,21.28,10.0,2.89,2026-03-16,2026-03-16 11:03:31
6789,采鈺,338.5,47.76,51.56,62.08,15.02,15.4,-0.38,385.81,324.52,263.24,4247,4614,0.92,1078.08,84.41,3.0,0.89,2026-03-16,2026-03-16 11:03:32
6790,永豐實,40.2,80.58,72.37,67.37,0.45,0.39,0.06,41.18,39.24,37.29,228,250,0.91,107.39,13.31,2.55,6.34,2026-03-16,2026-03-16 11:03:33
6791,虎門科技,100.5,42.66,39.81,41.86,-1.2,-1.18,-0.02,106.11,102.7,99.29,59,28,2.07,20.95,24.81,3.48,3.46,2026-03-16,2026-03-16 11:03:34
6792,詠業,56.7,13.45,23.79,44.38,0.47,1.13,-0.66,64.16,58.88,53.59,100,82,1.22,26.58,21.48,2.5,4.41,2026-03-16,2026-03-16 11:03:35
6793,天力離岸,6.05,45.08,44.37,31.11,0.02,0.11,-0.08,7.07,6.47,5.88,169,100,1.68,4.57,,,,2026-03-16,2026-03-16 11:03:36
6794,向榮生技,81.3,18.86,16.92,36.43,-1.76,-1.05,-0.72,92.04,85.34,78.64,49,60,0.82,51.74,,,,2026-03-16,2026-03-16 11:03:36
6796,晉弘,77.4,12.74,11.61,27.27,-3.12,-2.81,-0.31,89.86,82.22,74.57,86,86,0.99,31.14,297.69,0.49,0.63,2026-03-16,2026-03-16 11:03:37
6797,圓點奈米,13.6,35.4,42.08,24.24,-0.41,-0.33,-0.08,15.61,14.73,13.84,39,30,1.29,4.09,,,,2026-03-16,2026-03-16 11:03:38
6798,展逸,38.8,82.04,63.17,42.19,-0.95,-0.86,-0.08,41.88,39.52,37.15,1,0,4.21,7.59,,0.49,1.26,2026-03-16,2026-03-16 11:03:40
6799,來頡,79.3,58.26,41.85,43.16,-2.13,-2.16,0.04,86.86,79.25,71.65,200,120,1.66,33.9,21.85,1.99,2.51,2026-03-16,2026-03-16 11:03:42
6803,崑鼎,296.0,65.84,56.49,43.9,-1.37,-1.34,-0.03,302.59,297.25,291.91,71,54,1.31,215.05,16.08,15.24,5.15,2026-03-16,2026-03-16 11:03:42
6804,明係,17.0,73.24,62.31,56.52,-0.13,-0.19,0.06,17.01,16.75,16.48,127,59,2.13,8.08,,0.98,5.76,2026-03-16,2026-03-16 11:03:43
6805,富世達,1750.0,58.0,64.77,62.39,82.05,75.95,6.1,1913.12,1666.5,1419.88,1526,2028,0.75,1199.69,67.39,8.0,0.46,2026-03-16,2026-03-16 11:03:44
6806,森崴能源,41.9,28.39,20.01,45.08,-1.27,-0.96,-0.31,47.56,43.22,38.88,3033,1610,1.88,115.08,4.65,1.23,2.94,2026-03-16,2026-03-16 11:03:44
6807,峰源-KY,43.1,24.54,28.65,15.79,-0.56,-0.28,-0.28,47.41,45.26,43.11,23,20,1.14,23.27,6.63,4.5,10.44,2026-03-16,2026-03-16 11:03:46
6808,三鼎生技,35.6,20.22,17.91,13.33,-2.09,-1.88,-0.21,43.52,39.3,35.07,357,207,1.73,27.41,19.35,0.53,1.49,2026-03-16,2026-03-16 11:03:47
6810,新穎生醫,17.7,29.55,31.63,26.09,-0.66,-0.6,-0.06,20.88,18.94,17.01,93,67,1.4,8.75,,,,2026-03-16,2026-03-16 11:03:48
6811,宏碁資訊,193.5,49.08,39.25,39.56,-3.86,-3.58,-0.28,212.35,199.55,186.75,63,102,0.62,80.2,14.2,10.5,5.43,2026-03-16,2026-03-16 11:03:49
6812,梭特,43.9,29.53,28.12,36.77,-1.34,-1.13,-0.2,51.71,46.86,42.0,76,66,1.14,13.44,29.27,,,2026-03-16,2026-03-16 11:03:49
6814,路迦生醫,26.4,53.31,51.76,38.6,-0.77,-0.76,-0.01,29.09,27.22,25.35,14,20,0.7,11.12,,,,2026-03-16,2026-03-16 11:03:50
6815,晶鑽生醫,45.7,18.87,21.94,21.73,-4.11,-3.86,-0.26,62.86,52.32,41.78,66,67,0.98,18.05,52.53,0.2,0.44,2026-03-16,2026-03-16 11:03:51
6816,捷智商訊,38.0,62.61,56.88,44.08,-0.38,-0.45,0.07,40.19,38.04,35.9,3,2,1.12,4.63,21.59,2.3,6.05,2026-03-16,2026-03-16 11:03:52
6817,溫士頓,73.5,19.52,17.45,10.29,-2.35,-1.42,-0.94,87.75,80.72,73.69,94,107,0.88,13.54,10.12,7.0,9.52,2026-03-16,2026-03-16 11:03:53
6818,連騰,52.4,66.96,61.81,58.75,1.61,1.06,0.55,54.31,48.59,42.87,348,253,1.38,13.36,18.99,1.5,2.86,2026-03-16,2026-03-16 11:03:54
6819,眾智,21.4,45.68,34.95,44.94,-0.4,-0.43,0.04,22.89,21.22,19.55,22,7,2.87,7.27,,,,2026-03-16,2026-03-16 11:03:55
6820,連訊,125.5,38.84,48.09,63.87,13.15,12.18,0.97,156.25,101.8,47.35,273,261,1.04,26.96,35.27,2.0,1.61,2026-03-16,2026-03-16 11:03:56
6821,聯寶,36.9,48.18,49.58,45.45,-0.17,-0.15,-0.02,37.72,36.97,36.23,57,49,1.16,11.23,25.27,0.99,2.68,2026-03-16,2026-03-16 11:03:57
6823,濾能,65.9,59.99,57.31,56.88,-0.34,-1.64,1.29,67.68,61.97,56.26,409,789,0.52,20.09,,,,2026-03-16,2026-03-16 11:03:58
6825,和暢科技,38.2,68.86,55.51,64.18,0.19,-0.56,0.75,36.61,32.71,28.82,145,62,2.35,10.89,21.7,0.15,0.39,2026-03-16,2026-03-16 11:03:58
6826,和淞,509.0,50.65,44.81,49.59,-0.99,-1.34,0.35,555.35,512.02,468.7,135,184,0.74,435.4,23.59,8.46,1.66,2026-03-16,2026-03-16 11:03:59
6827,巨生醫,11.0,26.4,24.07,32.79,-0.34,-0.29,-0.05,12.48,11.57,10.65,43,52,0.82,8.75,,,,2026-03-16,2026-03-16 11:04:00
6829,千附精密,110.0,36.1,32.95,44.83,-0.63,-0.61,-0.02,113.78,108.9,104.02,219,175,1.25,65.09,23.97,5.0,4.55,2026-03-16,2026-03-16 11:04:01
6830,汎銓,355.0,67.63,78.86,74.48,46.72,43.95,2.77,443.55,303.32,163.1,838,839,1.0,183.83,72.6,1.0,0.28,2026-03-16,2026-03-16 11:04:02
6831,邁科,319.5,58.25,51.39,56.93,12.46,11.01,1.45,333.75,291.27,248.8,1012,1043,0.97,216.33,86.59,1.25,0.39,2026-03-16,2026-03-16 11:04:02
6832,金鼎科,62.0,55.82,57.17,62.12,1.52,1.17,0.35,63.66,57.12,50.59,62,37,1.65,16.37,21.31,1.7,2.74,2026-03-16,2026-03-16 11:04:03
6833,太康精密,24.65,44.25,28.85,35.34,-0.52,-0.3,-0.22,29.68,24.46,19.24,71,34,2.08,12.32,,,,2026-03-16,2026-03-16 11:04:05
6834,天二科技,31.15,55.34,39.08,50.19,-0.63,-0.64,0.02,32.65,29.7,26.76,528,233,2.26,27.56,62.3,0.5,1.61,2026-03-16,2026-03-16 11:04:08
6835,圓裕,38.95,54.7,48.02,42.29,-0.12,-0.01,-0.11,41.14,39.48,37.81,29,198,0.15,25.6,41.44,2.0,5.13,2026-03-16,2026-03-16 11:04:08
6838,台新藥,25.4,9.08,13.59,33.8,-0.67,-0.47,-0.2,28.96,27.01,25.06,167,191,0.88,38.35,,,,2026-03-16,2026-03-16 11:04:09
6839,開陽能源,13.1,77.64,78.4,72.73,0.17,0.08,0.09,14.17,12.74,11.3,37,76,0.48,10.74,,,,2026-03-16,2026-03-16 11:04:10
6840,東研信超,60.2,51.04,41.4,41.77,-1.83,-1.68,-0.15,67.57,61.97,56.37,91,145,0.63,18.25,62.06,0.3,0.5,2026-03-16,2026-03-16 11:04:11
6841,長佳智能,59.3,27.29,22.51,31.65,-2.24,-1.94,-0.31,69.59,62.81,56.04,162,253,0.64,56.01,50.68,1.02,1.72,2026-03-16,2026-03-16 11:04:11
6842,一元素,72.8,78.04,73.72,72.54,4.57,3.78,0.79,72.7,63.6,54.51,286,445,0.64,16.74,80.0,,,2026-03-16,2026-03-16 11:04:12
6843,進典,47.25,39.83,42.05,47.02,-0.83,-1.0,0.17,50.3,48.27,46.24,3,9,0.33,15.74,20.37,2.0,4.23,2026-03-16,2026-03-16 11:04:13
6844,諾貝兒,64.6,87.58,80.03,47.83,-1.19,-1.54,0.36,67.55,64.74,61.92,1,8,0.14,24.18,27.49,5.1,7.89,2026-03-16,2026-03-16 11:04:14
6846,綠茵,70.7,44.69,42.2,40.2,-0.76,-0.73,-0.04,74.38,72.07,69.76,45,40,1.13,19.1,15.54,3.6,5.09,2026-03-16,2026-03-16 11:04:14
6847,普瑞博,72.8,41.79,38.37,47.6,-0.47,-0.31,-0.16,76.02,73.0,69.98,9,6,1.35,10.36,,,,2026-03-16,2026-03-16 11:04:15
6848,拉法醫,15.7,51.33,51.89,36.73,-0.15,-0.13,-0.02,16.83,16.27,15.71,13,7,1.9,2.24,11.54,0.3,1.91,2026-03-16,2026-03-16 11:04:16
6849,奇鼎科技,158.0,71.52,76.48,73.31,27.62,25.03,2.58,213.11,120.37,27.63,843,831,1.02,66.23,,,,2026-03-16,2026-03-16 11:04:17
6850,光鼎生技,43.2,31.84,37.26,41.11,-0.16,0.01,-0.16,45.05,43.84,42.63,42,25,1.66,14.29,67.5,0.3,0.69,2026-03-16,2026-03-16 11:04:18
6854,錼創科技-KY創,139.0,55.96,49.95,56.58,3.6,2.95,0.65,152.17,132.93,113.68,751,1027,0.73,162.73,,,,2026-03-16,2026-03-16 11:04:18
6855,數泓科,116.5,79.73,58.26,43.86,-0.65,-0.82,0.17,124.26,114.53,104.79,15,3,4.17,27.09,14.96,6.0,5.15,2026-03-16,2026-03-16 11:04:20
6856,鑫傳,54.0,76.45,69.08,36.84,-0.41,-0.42,0.01,57.73,54.95,52.18,3,5,0.58,15.23,23.68,3.4,6.3,2026-03-16,2026-03-16 11:04:21
6857,宏�硒撢�,97.0,16.4,18.24,36.49,-1.68,-1.6,-0.07,103.3,99.87,96.43,0,2,0.01,14.77,,,,2026-03-16,2026-03-16 11:04:22
6858,愛比科技,20.75,21.29,24.28,26.26,-0.74,-0.71,-0.03,24.26,22.16,20.07,0,2,0.0,5.65,,,,2026-03-16,2026-03-16 11:04:23
6859,伯特光,124.0,55.42,63.77,60.44,3.26,2.62,0.64,130.11,116.95,103.79,82,282,0.29,51.42,41.33,2.5,2.02,2026-03-16,2026-03-16 11:04:24
6861,睿生光電,156.5,80.72,88.21,74.03,24.96,21.39,3.57,195.58,121.65,47.72,545,539,1.01,65.1,45.36,1.8,1.15,2026-03-16,2026-03-16 11:04:24
6862,三集瑞-KY,207.0,51.32,38.0,56.71,3.15,3.38,-0.23,223.44,191.7,159.96,1035,791,1.31,103.5,23.26,6.0,2.9,2026-03-16,2026-03-16 11:04:25
6863,永道-KY,89.9,18.82,19.29,14.63,-6.19,-4.89,-1.3,122.1,102.53,82.96,80,74,1.07,67.32,29.97,5.5,6.12,2026-03-16,2026-03-16 11:04:26
6864,元樟生技,58.9,33.56,17.04,40.18,-5.3,-4.83,-0.47,78.48,62.64,46.81,148,95,1.55,23.29,,,,2026-03-16,2026-03-16 11:04:27
6865,偉康科技,35.3,43.17,27.04,26.09,-2.76,-2.78,0.02,45.75,37.91,30.08,7,13,0.53,5.52,15.35,1.4,3.97,2026-03-16,2026-03-16 11:04:27
6867,坦德科技,21.35,22.54,30.69,18.35,-0.53,-0.12,-0.41,26.4,23.88,21.36,15,60,0.26,7.47,,3.59,16.81,2026-03-16,2026-03-16 11:04:28
6868,采威國際,24.75,64.18,57.5,50.0,-0.16,-0.18,0.02,25.73,24.91,24.08,0,2,0.0,6.2,25.26,1.2,4.85,2026-03-16,2026-03-16 11:04:29
6869,雲豹能源,102.5,26.1,36.6,50.0,0.04,0.85,-0.81,113.35,106.9,100.45,720,1043,0.69,136.75,11.28,5.01,4.89,2026-03-16,2026-03-16 11:04:30
6870,騰雲,197.5,71.46,62.8,55.56,-1.24,-3.82,2.58,205.34,191.55,177.76,120,82,1.46,46.11,29.88,4.22,2.14,2026-03-16,2026-03-16 11:04:30
6872,浩宇生醫,17.0,18.65,27.64,17.95,-0.7,-0.49,-0.22,20.69,18.83,16.97,87,131,0.66,12.03,,,,2026-03-16,2026-03-16 11:04:31
6873,泓德能源,98.7,28.92,25.58,35.34,-3.26,-2.36,-0.9,119.46,106.29,93.12,573,534,1.07,139.42,16.26,4.61,4.67,2026-03-16,2026-03-16 11:04:32
6874,倍力,91.3,93.86,86.3,88.45,4.15,2.15,2.01,84.74,71.39,58.04,425,162,2.62,19.69,27.09,4.04,4.42,2026-03-16,2026-03-16 11:04:33
6875,國邑*,42.2,71.74,59.83,56.94,-1.35,-1.88,0.53,42.93,40.72,38.5,193,114,1.69,54.47,,,,2026-03-16,2026-03-16 11:04:34
6876,朗齊生醫*,23.1,62.53,59.5,71.11,0.18,0.06,0.13,22.92,22.18,21.44,407,280,1.46,11.14,,,,2026-03-16,2026-03-16 11:04:34
6877,鏵友益,118.0,59.5,56.75,72.85,6.42,5.03,1.39,125.09,98.04,71.0,395,314,1.26,54.95,200.0,0.1,0.08,2026-03-16,2026-03-16 11:04:35
6878,歐付寶,11.9,50.2,32.91,35.64,-0.71,-0.71,0.0,14.44,12.2,9.96,57,35,1.6,8.64,,,,2026-03-16,2026-03-16 11:04:38
6879,大江基因,35.45,46.25,35.01,31.29,-0.52,-0.28,-0.24,40.25,36.76,33.27,6,4,1.32,9.38,26.26,2.0,5.64,2026-03-16,2026-03-16 11:04:39
6881,潤德,240.0,78.21,62.84,68.52,1.07,-0.07,1.13,234.34,227.62,220.91,53,19,2.8,36.0,13.9,15.0,6.25,2026-03-16,2026-03-16 11:04:40
6882,甲尚,14.95,40.22,48.97,35.43,-0.4,-0.28,-0.13,18.38,16.67,14.96,155,62,2.5,3.47,,0.5,3.34,2026-03-16,2026-03-16 11:04:40
6883,微電能源,15.8,41.44,31.47,17.86,-4.57,-4.8,0.23,29.2,20.02,10.84,29,68,0.43,12.05,,,,2026-03-16,2026-03-16 11:04:41
6884,海柏特,34.75,31.57,32.17,43.2,-0.74,-0.87,0.13,37.0,35.52,34.03,13,8,1.48,6.39,18.1,1.5,4.32,2026-03-16,2026-03-16 11:04:42
6885,全福生技,25.1,25.02,18.26,11.0,-0.86,-0.66,-0.2,30.03,26.8,23.58,235,305,0.77,33.44,,,,2026-03-16,2026-03-16 11:04:43
6886,遠東生技,47.7,35.72,49.01,44.12,-0.02,0.12,-0.15,51.19,49.57,47.95,6,2,2.2,15.15,25.92,1.0,2.1,2026-03-16,2026-03-16 11:04:43
6887,寶綠特-KY,43.3,41.29,37.06,24.71,-3.56,-3.56,0.0,55.26,47.9,40.53,22,23,0.97,32.09,5.78,3.96,9.15,2026-03-16,2026-03-16 11:04:44
6890,來億-KY,172.0,23.89,14.75,25.32,-17.0,-16.06,-0.94,224.89,188.78,152.66,934,763,1.22,428.97,12.27,9.0,5.23,2026-03-16,2026-03-16 11:04:45
6891,樂迦再生,25.8,43.39,41.38,38.46,-0.55,-0.51,-0.04,28.27,26.61,24.96,211,292,0.72,51.62,,,,2026-03-16,2026-03-16 11:04:47
6892,台寶生醫,27.25,23.52,24.2,17.54,-0.36,-0.2,-0.16,29.86,28.48,27.1,107,122,0.88,25.23,,,,2026-03-16,2026-03-16 11:04:47
6894,衛司特,324.0,74.7,74.14,69.23,23.49,19.6,3.89,349.77,280.82,211.88,329,404,0.82,77.11,32.37,8.5,2.62,2026-03-16,2026-03-16 11:04:48
6895,宏碩系統,157.0,33.03,29.88,37.5,-7.21,-6.71,-0.5,185.03,167.85,150.67,55,49,1.13,53.54,43.61,2.9,1.85,2026-03-16,2026-03-16 11:04:50
6898,程曦資訊,113.5,41.93,37.78,26.47,-2.1,-0.98,-1.12,134.41,121.03,107.64,33,23,1.41,32.93,21.06,3.46,3.05,2026-03-16,2026-03-16 11:04:51
6899,創為精密,50.8,53.25,51.4,46.81,-0.4,-0.46,0.05,52.11,51.26,50.41,22,9,2.44,21.28,14.51,2.43,4.78,2026-03-16,2026-03-16 11:04:52
6901,鑽石投資,14.35,11.31,14.7,23.36,-0.62,-0.41,-0.2,17.98,15.98,13.97,840,738,1.14,122.26,,,,2026-03-16,2026-03-16 11:04:53
6902,GOGOLOOK,77.9,51.81,46.98,47.68,-0.09,-0.19,0.1,80.16,77.23,74.29,31,69,0.45,27.54,49.62,,,2026-03-16,2026-03-16 11:04:54
6903,巨漢,311.0,71.3,66.73,57.05,13.77,11.65,2.12,333.76,284.15,234.54,2059,2401,0.86,204.79,44.24,8.0,2.57,2026-03-16,2026-03-16 11:04:56
6904,伯鑫,125.0,90.07,77.97,35.71,0.03,0.28,-0.25,128.28,125.2,122.12,1,3,0.33,23.12,18.04,5.0,4.0,2026-03-16,2026-03-16 11:04:59
6906,現觀科,71.1,43.73,37.17,47.93,-2.01,-2.01,-0.0,78.95,72.63,66.32,12,39,0.32,22.92,29.38,3.33,4.68,2026-03-16,2026-03-16 11:04:59
6908,宏�砦C戲,63.2,80.03,68.76,59.28,0.19,-0.13,0.32,63.68,60.89,58.1,20,15,1.33,22.12,43.89,1.24,1.96,2026-03-16,2026-03-16 11:05:01
6909,創控,46.4,75.83,63.15,60.22,0.12,-0.48,0.6,45.42,41.48,37.54,2452,2150,1.14,31.19,47.35,1.0,2.16,2026-03-16,2026-03-16 11:05:02
6910,德鴻,33.0,56.04,35.01,44.16,-1.1,-1.25,0.15,36.18,32.87,29.57,112,89,1.26,10.07,14.16,1.75,5.3,2026-03-16,2026-03-16 11:05:02
6911,群運,32.5,26.28,27.16,47.81,-0.84,-0.75,-0.09,35.62,33.44,31.25,69,41,1.67,7.28,15.85,2.0,6.15,2026-03-16,2026-03-16 11:05:03
6912,益鈞環科*,19.5,28.53,30.42,64.04,0.56,0.53,0.03,21.19,19.07,16.94,350,307,1.14,28.08,,,,2026-03-16,2026-03-16 11:05:04
6913,鴻呈,105.5,24.23,27.23,32.18,-2.91,-1.65,-1.26,125.4,114.78,104.15,117,170,0.69,46.26,,,,2026-03-16,2026-03-16 11:05:07
6914,阜爾運通,149.5,72.72,67.14,65.31,1.44,0.35,1.09,150.61,143.53,136.44,128,193,0.67,99.01,16.13,6.0,4.01,2026-03-16,2026-03-16 11:05:09
6915,美強光,34.15,61.73,51.16,72.43,0.73,0.14,0.6,30.96,26.97,22.97,326,107,3.03,12.05,,,,2026-03-16,2026-03-16 11:05:10
6916,華凌,18.15,47.56,48.69,47.12,-0.04,-0.05,0.01,19.19,18.27,17.36,21,101,0.21,12.25,,0.28,1.54,2026-03-16,2026-03-16 11:05:10
6917,竟天,23.0,66.3,47.83,50.58,-0.41,-0.62,0.21,24.54,22.29,20.04,145,245,0.59,12.71,,,,2026-03-16,2026-03-16 11:05:11
6918,愛派司,85.7,78.79,67.41,50.72,0.12,-0.18,0.3,86.52,83.42,80.33,87,59,1.47,29.2,15.93,3.5,4.08,2026-03-16,2026-03-16 11:05:12
6919,康霈*,123.0,11.84,13.79,20.29,-9.52,-6.25,-3.27,180.37,148.38,116.38,8377,8165,1.03,1910.16,22.91,,,2026-03-16,2026-03-16 11:05:12
6920,恆勁科技,44.9,83.55,70.76,80.58,1.98,0.49,1.5,39.64,31.37,23.09,4489,1925,2.33,93.04,,,,2026-03-16,2026-03-16 11:05:13
6921,嘉雨思-創,69.9,17.7,26.58,36.22,-0.21,1.19,-1.39,87.21,78.28,69.35,63,50,1.25,22.25,101.3,,,2026-03-16,2026-03-16 11:05:14
6922,宸曜,166.5,53.91,41.13,48.7,-1.73,-1.92,0.19,172.66,159.15,145.64,183,55,3.29,45.21,24.52,4.79,2.88,2026-03-16,2026-03-16 11:05:14
6923,中台,86.8,24.11,23.89,34.82,-2.85,-2.72,-0.13,96.76,90.2,83.64,158,207,0.77,79.41,30.14,4.02,4.63,2026-03-16,2026-03-16 11:05:15
6924,榮惠-KY創,75.0,83.48,68.0,68.0,1.17,-0.67,1.84,73.49,62.73,51.97,31,45,0.68,15.64,17.69,5.5,7.33,2026-03-16,2026-03-16 11:05:16
6925,意藍,72.1,40.49,32.74,31.82,-4.03,-4.18,0.15,83.79,75.26,66.72,50,62,0.8,14.42,24.69,2.0,2.77,2026-03-16,2026-03-16 11:05:17
6926,聖安生醫,65.5,49.24,55.59,42.94,-0.76,-0.63,-0.12,70.38,67.68,64.98,16,21,0.75,32.62,,,,2026-03-16,2026-03-16 11:05:17
6927,聯合聚晶,39.1,29.35,25.97,46.58,-0.83,-0.68,-0.15,43.24,40.43,37.62,9,17,0.51,14.99,,0.25,0.64,2026-03-16,2026-03-16 11:05:18
6928,攸泰科技,48.65,34.75,33.47,32.24,-0.82,-0.62,-0.2,54.0,50.62,47.24,87,73,1.19,41.84,,0.5,1.03,2026-03-16,2026-03-16 11:05:19
6929,佑全,32.3,79.58,64.57,49.62,-0.31,-0.32,0.01,33.67,32.19,30.7,8,9,0.83,14.49,,,,2026-03-16,2026-03-16 11:05:21
6931,青松健康,51.1,30.22,27.5,20.29,-1.69,-1.68,-0.01,56.11,53.05,49.99,80,161,0.5,33.8,50.1,0.72,1.41,2026-03-16,2026-03-16 11:05:21
6932,水星生醫*,8.19,39.41,40.1,44.35,-0.17,-0.16,-0.01,9.14,8.48,7.82,304,442,0.69,33.87,,,,2026-03-16,2026-03-16 11:05:22
6933,AMAX-KY,128.5,35.33,38.13,44.22,-2.59,-2.73,0.15,146.09,134.38,122.66,127,232,0.55,54.43,23.49,2.0,1.56,2026-03-16,2026-03-16 11:05:23
6934,心誠鎂,84.0,20.45,12.08,27.15,-17.12,-15.34,-1.78,147.74,105.72,63.69,168,189,0.89,30.22,,,,2026-03-16,2026-03-16 11:05:24
6935,王子製藥,28.75,52.87,43.86,50.79,-0.42,-0.46,0.03,30.19,28.64,27.1,0,15,0.0,10.76,,,,2026-03-16,2026-03-16 11:05:24
6936,永鴻生技,34.1,9.98,13.11,20.78,-0.45,-0.25,-0.2,37.16,35.43,33.69,20,48,0.42,24.83,18.74,1.69,4.96,2026-03-16,2026-03-16 11:05:25
6937,天虹,265.5,75.76,73.06,65.52,10.87,7.29,3.58,275.78,240.4,205.02,2066,1542,1.34,178.94,65.07,2.1,0.79,2026-03-16,2026-03-16 11:05:26
6938,藍新資訊,84.1,65.32,61.7,65.49,0.99,0.71,0.28,88.63,79.97,71.3,12,21,0.56,10.57,12.26,5.0,5.95,2026-03-16,2026-03-16 11:05:27
6939,啟弘生技,18.8,9.41,12.18,31.08,-0.36,-0.33,-0.03,20.62,19.47,18.33,2,5,0.36,6.58,,,,2026-03-16,2026-03-16 11:05:27
6940,格斯科技*,22.1,37.61,45.08,41.67,-1.01,-1.11,0.1,26.37,23.58,20.79,649,661,0.98,66.23,,,,2026-03-16,2026-03-16 11:05:28
6944,兆聯實業,800.0,75.94,67.95,63.1,17.64,8.03,9.61,804.29,720.45,636.61,1290,1666,0.77,613.5,27.88,14.0,1.75,2026-03-16,2026-03-16 11:05:29
6945,圓祥生技,205.0,59.74,42.79,75.91,2.46,0.31,2.16,188.4,171.5,154.6,2773,845,3.28,175.0,,,,2026-03-16,2026-03-16 11:05:31
6946,三地能源,11.05,14.02,27.83,55.56,-0.41,-0.36,-0.04,12.7,11.48,10.26,122,113,1.08,35.78,,,,2026-03-16,2026-03-16 11:05:32
6947,台鎔科技,80.8,75.54,59.62,52.06,-0.42,-0.88,0.46,83.26,78.05,72.84,378,270,1.4,76.22,224.44,0.6,0.74,2026-03-16,2026-03-16 11:05:32
6949,沛爾生醫-創,565.0,34.3,30.93,30.45,11.94,30.26,-18.32,738.04,632.95,527.86,122,178,0.68,366.53,,,,2026-03-16,2026-03-16 11:05:33
6951,青新-創,80.0,83.07,67.51,58.17,0.67,0.23,0.44,80.29,76.64,72.98,129,109,1.19,36.8,14.95,3.8,4.75,2026-03-16,2026-03-16 11:05:35
6952,大武山,40.05,24.45,19.93,20.47,-0.91,-0.62,-0.29,45.53,42.22,38.91,8,16,0.51,26.97,,2.0,4.99,2026-03-16,2026-03-16 11:05:35
6953,家碩,220.5,51.56,45.74,43.84,-3.43,-2.94,-0.49,237.25,224.25,211.25,18,36,0.51,66.18,28.75,6.0,2.72,2026-03-16,2026-03-16 11:05:36
6955,邦睿生技-創,174.0,65.48,57.96,54.43,1.21,1.64,-0.43,176.57,169.95,163.33,25,15,1.68,43.15,42.23,1.5,0.86,2026-03-16,2026-03-16 11:05:37
6957,裕慶-KY,164.0,38.14,36.19,36.7,-5.98,-5.48,-0.5,190.06,174.22,158.39,67,47,1.43,89.92,14.24,13.16,8.02,2026-03-16,2026-03-16 11:05:37
6958,日盛台駿,17.25,60.34,55.8,48.51,0.39,0.42,-0.03,19.28,16.89,14.5,144,164,0.88,76.47,,0.2,1.16,2026-03-16,2026-03-16 11:05:38
6959,兆捷科技,82.8,60.92,52.76,75.6,0.5,-0.82,1.32,77.21,69.95,62.68,723,342,2.11,32.43,,,,2026-03-16,2026-03-16 11:05:39
6961,旅天下,59.6,83.76,74.76,56.43,-1.12,-2.09,0.97,62.15,57.86,53.57,47,103,0.46,15.99,13.67,5.0,8.39,2026-03-16,2026-03-16 11:05:40
6962,奕力-KY,31.8,27.28,16.31,28.93,-2.12,-1.87,-0.25,40.02,34.01,27.99,3362,2250,1.49,156.58,11.12,2.0,6.29,2026-03-16,2026-03-16 11:05:40
6963,品元,28.5,8.69,15.05,45.83,-0.93,-0.86,-0.07,31.68,29.67,27.65,1,0,2.17,4.55,40.14,,,2026-03-11,2026-03-16 11:05:41
6965,中傑-KY,83.7,79.82,66.88,45.55,-0.39,-0.77,0.38,86.25,82.22,78.19,70,100,0.7,130.87,14.16,6.0,7.17,2026-03-16,2026-03-16 11:05:42
6967,汎瑋材料,70.3,60.76,50.08,54.26,-0.71,-1.04,0.32,71.31,67.71,64.11,109,95,1.15,17.16,20.09,3.7,5.26,2026-03-16,2026-03-16 11:05:44
6968,萬達寵物,47.5,53.02,41.88,40.65,-1.14,-1.28,0.13,50.56,48.08,45.6,10,21,0.49,23.49,19.47,1.0,2.11,2026-03-16,2026-03-16 11:05:44
6969,成信實業*-創,28.25,12.33,18.36,29.17,-0.92,-0.61,-0.31,33.0,30.46,27.91,80,168,0.48,10.89,,,,2026-03-16,2026-03-16 11:05:45
6971,惠民實業,30.25,32.74,29.99,55.93,-0.03,-0.06,0.03,30.33,30.01,29.7,32,29,1.07,11.7,12.71,,,2026-03-16,2026-03-16 11:05:46
6972,博瑞達應材,24.5,20.21,34.22,43.75,-0.23,0.04,-0.26,27.98,26.1,24.21,5,14,0.36,5.62,,,,2026-03-16,2026-03-16 11:05:46
6973,永立榮,38.9,86.02,70.3,71.22,0.41,-0.35,0.76,38.41,34.49,30.57,53,82,0.65,15.0,,,,2026-03-16,2026-03-16 11:05:47
6976,育世博-KY,12.05,16.21,21.2,21.43,-0.53,-0.48,-0.05,14.46,13.21,11.96,654,447,1.46,70.02,,,,2026-03-16,2026-03-16 11:05:49
6977,聯純,204.0,61.9,68.37,62.02,7.68,3.94,3.74,213.12,183.3,153.48,187,368,0.51,27.75,21.77,2.0,0.98,2026-03-16,2026-03-16 11:05:50
6979,勝釩,104.5,59.81,46.33,50.85,-0.93,-0.92,-0.01,107.65,102.75,97.85,29,24,1.21,12.54,19.83,,,2026-03-16,2026-03-16 11:05:51
6980,鐳洋科技,122.0,36.18,33.35,26.8,-1.02,1.79,-2.81,155.42,134.35,113.28,213,151,1.41,35.38,,,,2026-03-16,2026-03-16 11:05:51
6982,大井泵浦,51.7,20.59,23.0,28.74,-2.52,-2.13,-0.38,63.09,56.56,50.04,84,62,1.35,21.02,63.05,2.1,4.06,2026-03-16,2026-03-16 11:05:52
6983,華洋精機,487.0,94.46,89.87,88.15,57.13,37.49,19.64,429.74,262.82,95.91,443,343,1.29,77.43,82.12,,,2026-03-16,2026-03-16 11:05:53
6984,ACPAY,23.05,18.09,20.35,19.88,-0.66,-0.39,-0.27,28.9,26.05,23.2,14,4,2.92,4.43,192.08,,,2026-03-16,2026-03-16 11:05:54
6986,和迅,55.0,65.29,43.04,42.06,-1.68,-1.9,0.22,60.28,54.84,49.4,46,56,0.82,25.3,22.54,,,2026-03-16,2026-03-16 11:05:55
6987,寶晶能源*,20.8,45.93,47.85,56.85,-0.11,-0.13,0.01,22.2,20.76,19.33,28,40,0.7,46.16,29.71,0.52,2.5,2026-03-16,2026-03-16 11:05:56
6988,威力暘-創,14.4,39.28,30.47,29.95,-0.79,-0.56,-0.23,21.03,16.61,12.19,38,27,1.39,6.69,,0.45,3.12,2026-03-16,2026-03-16 11:05:57
6990,華鉬,24.4,59.1,41.84,65.57,-0.37,-0.66,0.29,23.3,21.05,18.8,106,24,4.3,15.39,,,,2026-03-16,2026-03-16 11:05:58
6994,富威電力,82.0,24.91,30.44,50.52,-1.92,-1.57,-0.36,97.98,86.57,75.16,517,897,0.58,57.81,13.25,0.95,1.16,2026-03-16,2026-03-16 11:05:58
6995,野獸國,56.3,30.51,35.28,45.88,-0.52,-0.5,-0.02,58.65,57.38,56.1,17,33,0.53,14.26,42.01,0.15,0.27,2026-03-16,2026-03-16 11:05:59
6996,力領科技,171.5,59.18,57.93,56.67,2.85,2.69,0.16,177.66,168.2,158.74,69,112,0.62,72.04,14.27,10.0,5.83,2026-03-16,2026-03-16 11:06:00
6997,博弘,82.5,15.83,24.09,29.91,-1.67,-1.37,-0.29,91.13,85.87,80.61,3,1,3.02,18.23,20.27,5.0,6.06,2026-03-16,2026-03-16 11:06:01
6999,瀚醫生技,31.0,34.6,43.39,37.7,-0.54,-0.43,-0.11,34.23,32.79,31.35,1,2,0.35,6.82,28.44,0.6,1.94,2026-03-16,2026-03-16 11:06:02
7610,聯友金屬-創,310.0,65.18,62.83,55.9,29.67,30.66,-0.99,361.56,288.93,216.29,1936,729,2.65,150.66,166.67,0.2,0.06,2026-03-16,2026-03-16 11:06:02
7631,聚賢研發-創,118.5,71.55,62.11,45.28,-2.06,-2.66,0.6,125.95,117.8,109.65,16,20,0.81,23.87,23.99,3.0,2.53,2026-03-16,2026-03-16 11:06:03
7705,三商餐飲,35.65,18.36,18.58,22.37,-0.98,-0.76,-0.23,41.09,37.98,34.87,44,67,0.65,23.55,28.07,3.8,10.66,2026-03-16,2026-03-16 11:06:04
7711,永擎,203.0,24.56,19.18,36.05,-10.55,-9.12,-1.43,249.09,217.38,185.66,188,255,0.74,126.66,16.11,,,2026-03-16,2026-03-16 11:06:05
7717,萊德光電-KY,635.0,28.07,27.41,45.84,16.57,38.54,-21.97,855.77,669.45,483.13,167,199,0.84,138.78,118.91,,,2026-03-16,2026-03-16 11:06:05
7721,微程式,51.0,32.58,33.96,58.74,0.45,0.61,-0.16,55.78,50.35,44.93,72,88,0.82,28.24,100.0,2.0,3.92,2026-03-16,2026-03-16 11:06:06
7722,LINEPAY,339.0,8.2,7.1,17.54,-35.82,-32.4,-3.42,467.49,397.7,327.91,286,271,1.06,230.52,40.21,1.5,0.44,2026-03-16,2026-03-16 11:06:07
7730,暉盛-創,142.5,88.85,89.33,88.21,10.7,6.89,3.81,145.62,113.78,81.95,141,197,0.72,52.44,83.33,1.0,0.7,2026-03-16,2026-03-16 11:06:07
7732,金興精密,36.2,15.76,25.51,32.03,-0.54,-0.36,-0.17,40.01,37.83,35.66,11,12,0.88,23.05,18.38,1.5,4.14,2026-03-16,2026-03-16 11:06:08
7736,虎山,83.0,33.95,34.55,31.01,-1.36,-0.86,-0.5,92.4,86.99,81.57,26,33,0.81,62.73,14.69,3.8,4.58,2026-03-16,2026-03-16 11:06:09
7740,熙特爾-創,196.5,84.36,86.75,64.96,10.7,8.82,1.88,221.2,178.78,136.35,425,547,0.78,104.54,59.91,,,2026-03-16,2026-03-16 11:06:09
7744,崴寶,475.0,56.83,48.87,58.71,33.38,34.16,-0.78,543.92,438.1,332.28,18,36,0.49,152.0,29.78,5.0,1.05,2026-03-16,2026-03-16 11:06:11
7749,意騰-KY,385.0,23.36,27.33,37.92,-9.16,-6.09,-3.07,453.77,414.07,374.38,171,140,1.22,178.97,34.34,,,2026-03-16,2026-03-16 11:06:12
7750,新代,1340.0,76.12,71.58,59.68,84.38,88.56,-4.18,1413.64,1250.0,1086.36,118,262,0.45,961.42,51.01,16.0,1.19,2026-03-16,2026-03-16 11:06:12
7765,中華資安,227.0,6.55,9.9,17.8,-8.58,-5.89,-2.69,276.65,252.05,227.45,160,137,1.16,92.34,19.86,9.22,4.06,2026-03-16,2026-03-16 11:06:13
7769,鴻勁,4075.0,38.38,38.26,44.23,92.37,147.1,-54.73,4843.12,4197.25,3551.38,1629,1559,1.04,7331.05,62.15,22.5,0.55,2026-03-16,2026-03-16 11:06:14
7780,大研生醫*,19.3,8.83,9.88,21.23,-1.04,-0.42,-0.63,28.17,22.96,17.76,2493,4762,0.52,156.33,386.0,0.34,1.76,2026-03-16,2026-03-16 11:06:14
7786,東方風能,143.5,14.1,23.6,26.39,-2.9,-1.95,-0.94,164.59,152.07,139.56,215,233,0.92,251.64,13.46,2.0,1.39,2026-03-16,2026-03-16 11:06:15
7788,松川精密,152.0,17.12,19.52,42.79,-2.44,1.03,-3.47,191.35,167.9,144.45,489,354,1.38,121.21,36.98,2.5,1.64,2026-03-16,2026-03-16 11:06:16
7791,皇家可口,67.2,60.59,40.67,44.04,-1.36,-1.42,0.05,71.49,67.33,63.17,114,89,1.28,47.04,11.29,,,2026-03-16,2026-03-16 11:06:16
7795,長廣,412.0,64.75,58.2,55.98,13.33,15.94,-2.61,431.9,391.1,350.3,700,650,1.08,324.77,137.33,2.15,0.52,2026-03-16,2026-03-16 11:06:17
7799,禾榮科,412.5,8.57,14.88,36.24,-11.31,-1.4,-9.91,563.95,469.23,374.5,316,439,0.72,649.74,43.1,,,2026-03-16,2026-03-16 11:06:19
8011,台通,20.15,43.02,40.68,42.48,-0.33,-0.34,0.01,21.57,20.55,19.53,649,1608,0.4,33.43,7.6,1.4,6.95,2026-03-16,2026-03-16 11:06:23
8016,矽創,202.0,82.24,70.6,57.69,2.13,1.38,0.75,202.59,193.65,184.71,515,584,0.88,240.33,14.73,12.0,5.94,2026-03-16,2026-03-16 11:06:24
8021,尖點,236.0,49.97,45.87,54.09,7.02,7.94,-0.93,271.71,229.88,188.04,10310,10260,1.0,342.3,118.0,1.2,0.51,2026-03-16,2026-03-16 11:06:24
8024,佑華,13.1,79.59,65.41,52.78,-0.04,-0.06,0.01,13.54,12.97,12.4,18,41,0.44,5.92,,,,2026-03-16,2026-03-16 11:06:25
8027,鈦昇,109.5,80.61,66.02,63.25,-0.26,-2.17,1.92,111.88,98.06,84.24,4320,3275,1.32,114.23,,,,2026-03-16,2026-03-16 11:06:27
8028,昇陽半導體,186.0,64.49,51.12,55.1,1.28,-0.01,1.29,192.45,174.78,157.1,9978,7835,1.27,326.03,44.29,2.2,1.18,2026-03-16,2026-03-16 11:06:28
8032,光菱,35.5,28.74,32.24,40.0,-0.62,-0.51,-0.12,38.37,36.38,34.39,65,95,0.69,18.39,18.21,1.1,3.1,2026-03-16,2026-03-16 11:06:29
8033,雷虎,143.0,25.64,26.68,33.67,-1.55,-0.27,-1.27,166.56,147.9,129.24,439,537,0.82,218.26,246.55,,,2026-03-16,2026-03-16 11:06:29
8034,榮群,24.8,22.46,28.67,45.56,-0.13,0.06,-0.19,28.89,25.52,22.16,530,606,0.87,13.95,17.59,1.8,7.26,2026-03-16,2026-03-16 11:06:30
8039,台虹,122.5,66.4,49.36,51.32,-1.69,-2.04,0.35,47.48,43.24,39.0,1019,638,1.6,322.09,60.05,2.5,2.04,2026-03-16,2026-03-16 11:06:31
8040,九暘,50.3,65.17,55.59,60.42,0.39,0.18,0.21,52.52,48.62,44.72,162,130,1.25,48.5,,,,2026-03-16,2026-03-16 11:06:32
8042,金山電,55.0,52.19,40.97,41.96,-1.67,-1.6,-0.07,61.81,55.78,49.76,833,708,1.18,71.2,171.88,1.5,2.73,2026-03-16,2026-03-16 11:06:33
8043,蜜望實,74.7,58.4,41.19,50.0,-3.11,-3.75,0.64,78.87,71.67,64.46,1650,1046,1.58,59.69,44.73,0.8,1.07,2026-03-16,2026-03-16 11:06:33
8044,網家,23.25,5.93,11.03,13.79,-1.35,-1.01,-0.35,30.3,26.52,22.75,585,594,0.98,47.53,,,,2026-03-16,2026-03-16 11:06:34
8045,達運光電,75.0,25.93,29.93,31.42,-0.8,-0.1,-0.71,86.76,79.67,72.57,146,153,0.96,71.27,91.46,1.97,2.63,2026-03-16,2026-03-16 11:06:35
8046,南電,566.0,62.75,46.07,63.06,35.81,35.66,0.15,581.32,468.98,356.63,30576,8219,3.72,3657.3,189.3,1.0,0.18,2026-03-16,2026-03-16 11:06:36
8047,星雲,53.4,76.23,75.45,67.72,1.64,0.72,0.93,57.1,49.29,41.47,251,328,0.77,22.25,,,,2026-03-16,2026-03-16 11:06:36
8048,德勝,60.9,25.89,31.5,59.04,1.32,1.6,-0.27,68.09,59.67,51.24,868,809,1.07,35.14,25.06,2.2,3.61,2026-03-16,2026-03-16 11:06:37
8049,晶采,25.55,32.66,26.89,36.92,-0.26,-0.19,-0.07,27.21,26.08,24.96,57,86,0.67,30.22,15.03,2.0,7.83,2026-03-16,2026-03-16 11:06:38
8050,廣積,40.95,34.39,34.07,46.7,-0.52,-0.49,-0.02,42.89,41.51,40.13,212,246,0.86,81.56,29.25,3.18,7.77,2026-03-16,2026-03-16 11:06:39
8054,安國,100.0,19.73,16.87,26.39,-7.11,-5.97,-1.13,135.28,113.34,91.4,1316,1344,0.98,105.77,,,,2026-03-16,2026-03-16 11:06:40
8058,耐特,88.2,60.38,66.28,66.73,4.99,4.45,0.54,95.08,78.48,61.89,247,307,0.8,60.68,,2.0,2.27,2026-03-16,2026-03-16 11:06:41
8059,凱碩,17.2,30.01,31.31,35.96,-0.76,-0.71,-0.05,20.33,18.45,16.58,383,365,1.05,33.35,,,,2026-03-16,2026-03-16 11:06:41
8064,東捷,61.8,89.91,79.7,75.86,1.55,0.17,1.38,59.49,50.58,41.66,10091,8980,1.12,101.86,618.0,0.6,0.97,2026-03-16,2026-03-16 11:06:42
8066,來思達,19.6,49.29,38.01,33.33,-0.16,-0.14,-0.03,20.29,19.86,19.43,30,30,0.97,5.83,,,,2026-03-16,2026-03-16 11:06:44
8067,志旭,15.15,49.99,39.26,45.35,0.03,0.0,0.02,15.75,14.81,13.86,5,9,0.56,3.14,,,,2026-03-13,2026-03-16 11:06:45
8068,全達,22.25,54.26,44.35,40.0,-0.59,-0.6,0.0,24.67,22.59,20.52,205,258,0.8,17.97,14.08,,,2026-03-16,2026-03-16 11:06:46
8069,元太,149.0,11.84,19.73,26.67,-6.99,-4.59,-2.4,199.46,171.25,143.04,10882,8873,1.23,1714.82,13.35,4.99,3.35,2026-03-16,2026-03-16 11:06:47
8070,長華*,43.7,82.4,68.41,51.48,-0.56,-0.81,0.25,44.95,42.83,40.71,2818,2903,0.97,308.2,22.3,1.39,3.18,2026-03-16,2026-03-16 11:06:48
8071,能率網通,16.6,46.22,46.35,42.57,-0.3,-0.29,-0.01,17.91,17.02,16.13,117,132,0.89,9.97,,,,2026-03-16,2026-03-16 11:06:49
8072,陞泰,27.9,30.28,26.89,28.21,-0.83,-0.62,-0.21,32.5,29.61,26.71,284,159,1.78,22.32,28.47,1.0,3.58,2026-03-16,2026-03-16 11:06:50
8074,鉅橡,61.8,31.7,27.69,43.94,0.3,1.04,-0.74,70.14,63.17,56.2,2159,2637,0.82,50.04,57.76,1.0,1.62,2026-03-16,2026-03-16 11:06:50
8076,伍豐,25.85,80.07,67.29,64.91,0.36,0.02,0.35,25.43,23.38,21.33,2301,2335,0.99,75.54,,1.1,4.26,2026-03-16,2026-03-16 11:06:51
8077,洛碁,43.05,26.87,16.04,19.75,-0.46,-0.46,-0.0,46.24,43.39,40.54,1,1,1.0,9.45,8.66,2.0,4.65,2026-03-16,2026-03-16 11:06:52
8080,泰霖,30.85,52.6,45.96,49.59,-0.67,-0.77,0.1,32.81,30.97,29.13,64,53,1.2,20.72,154.25,,,2026-03-16,2026-03-16 11:06:53
8081,致新,239.5,65.27,56.9,46.22,2.41,3.26,-0.85,252.48,238.25,224.02,246,353,0.7,205.32,13.49,16.0,6.68,2026-03-16,2026-03-16 11:06:55
8083,瑞穎,167.0,31.61,31.62,28.0,-0.4,0.99,-1.39,181.74,172.95,164.16,24,55,0.43,58.67,17.09,10.0,5.99,2026-03-16,2026-03-16 11:06:55
8084,巨虹,46.0,27.94,39.63,26.47,-1.97,-1.46,-0.51,57.32,52.73,48.14,237,251,0.95,31.98,,,,2026-03-16,2026-03-16 11:06:56
8085,福華,17.1,51.95,41.86,44.63,-0.05,-0.01,-0.04,18.66,17.42,16.19,291,395,0.74,23.94,,,,2026-03-16,2026-03-16 11:06:57
8086,宏捷科,132.5,70.7,69.73,64.75,4.99,4.11,0.89,141.19,124.4,107.61,5278,7679,0.69,260.38,39.67,1.19,0.9,2026-03-16,2026-03-16 11:06:58
8087,麗升能源,32.95,26.14,31.51,55.08,0.7,0.94,-0.23,40.24,32.74,25.25,40,70,0.58,12.58,,1.0,3.03,2026-03-16,2026-03-16 11:07:00
8088,品安,60.4,80.03,61.67,63.07,-0.27,-1.26,0.99,58.93,51.64,44.36,13964,8878,1.57,36.8,47.56,0.5,0.83,2026-03-16,2026-03-16 11:07:01
8089,康全電訊,23.9,26.5,27.0,35.91,-1.04,-0.97,-0.07,27.51,25.28,23.05,116,143,0.81,15.77,,1.25,5.23,2026-03-16,2026-03-16 11:07:02
8091,翔名,133.5,57.78,48.83,45.13,0.71,1.44,-0.73,145.41,135.9,126.39,152,157,0.97,68.53,25.19,8.0,5.99,2026-03-16,2026-03-16 11:07:04
8092,建暐,13.35,30.95,25.48,34.69,-0.29,-0.27,-0.02,14.57,13.71,12.84,50,60,0.83,7.63,,,,2026-03-16,2026-03-16 11:07:05
8093,保銳,20.5,68.48,56.74,62.07,-0.18,-0.36,0.18,20.38,19.29,18.19,14,23,0.61,7.5,,,,2026-03-16,2026-03-16 11:07:07
8096,擎亞,83.2,83.98,67.83,63.06,3.89,2.95,0.94,81.03,68.93,56.83,27727,30868,0.9,124.25,94.55,0.5,0.6,2026-03-16,2026-03-16 11:07:08
8097,常珵,59.2,83.07,73.85,68.37,0.19,-0.55,0.74,59.24,55.71,52.19,133,252,0.53,36.88,,,,2026-03-16,2026-03-16 11:07:09
8098,慶康科技,247.0,78.39,62.32,49.01,1.92,1.05,0.88,260.21,237.25,214.29,31,24,1.3,31.44,15.24,9.0,3.62,2026-03-16,2026-03-16 11:07:10
8099,大世科,59.1,27.02,26.17,25.52,-2.81,-2.51,-0.3,71.59,64.15,56.72,117,99,1.19,59.14,26.62,0.71,1.2,2026-03-16,2026-03-16 11:07:10
8101,華冠,14.95,32.8,35.48,38.83,-0.19,-0.17,-0.02,16.3,15.33,14.35,6,7,0.81,7.17,5.84,,,2026-03-16,2026-03-16 11:07:11
8102,傑霖科技,50.9,56.98,32.13,39.87,-2.45,-2.62,0.17,58.4,51.92,45.43,30,9,3.08,11.89,14.42,1.9,3.73,2026-03-16,2026-03-16 11:07:12
8103,瀚荃,86.5,23.79,21.88,36.93,-2.02,-0.89,-1.13,106.47,93.13,79.78,1055,1673,0.63,57.67,21.62,4.87,5.63,2026-03-16,2026-03-16 11:07:13
8104,錸寶,34.1,26.57,26.12,43.0,-0.46,-0.17,-0.28,38.83,35.67,32.52,523,613,0.85,35.17,97.43,0.1,0.29,2026-03-16,2026-03-16 11:07:13
8105,凌巨,12.75,59.08,57.57,53.41,0.03,-0.01,0.04,13.4,12.5,11.61,1089,2177,0.5,56.3,57.95,0.1,0.78,2026-03-16,2026-03-16 11:07:14
8107,大億金茂,13.5,33.02,29.43,21.43,-0.38,-0.3,-0.08,15.47,14.24,13.01,86,72,1.19,10.12,,1.0,7.41,2026-03-16,2026-03-16 11:07:16
8109,博大,99.6,17.1,25.75,27.42,-1.67,-0.77,-0.9,111.79,105.4,99.02,206,180,1.15,81.83,16.17,4.5,4.52,2026-03-16,2026-03-16 11:07:17
8110,華東,55.4,44.39,32.94,41.1,-3.89,-3.61,-0.28,67.2,58.23,49.26,14067,11701,1.2,280.18,46.17,0.2,0.36,2026-03-16,2026-03-16 11:07:17
8111,立碁,68.4,51.26,38.78,50.0,-0.58,-0.61,0.03,73.02,66.81,60.6,3167,2221,1.43,74.63,180.0,0.9,1.32,2026-03-16,2026-03-16 11:07:18
8112,至上,86.4,81.56,75.46,64.44,2.5,0.41,2.09,88.48,74.79,61.11,42790,53554,0.8,451.26,53.01,3.35,3.88,2026-03-16,2026-03-16 11:07:19
8114,振樺電,175.5,59.26,55.37,49.57,-1.87,-2.36,0.49,180.92,174.25,167.58,315,412,0.77,133.96,9.19,7.76,4.42,2026-03-16,2026-03-16 11:07:19
8119,公信,7.63,45.48,41.9,47.19,-0.03,-0.05,0.01,7.93,7.58,7.23,121,133,0.91,4.85,,,,2026-03-16,2026-03-16 11:07:20
8121,越峰,24.8,27.03,23.34,32.53,-1.12,-1.0,-0.12,28.83,26.08,23.34,340,280,1.21,52.82,,,,2026-03-16,2026-03-16 11:07:21
8131,福懋科,65.3,52.4,42.37,45.19,-1.35,-0.99,-0.36,73.04,65.91,58.78,4318,4678,0.92,288.77,48.01,1.45,2.22,2026-03-16,2026-03-16 11:07:22
8147,正淩,135.0,58.44,45.86,54.17,4.39,4.9,-0.51,140.08,128.25,116.42,739,379,1.95,55.46,44.7,1.99,1.47,2026-03-16,2026-03-16 11:07:23
8150,南茂,61.9,47.94,42.47,56.76,0.85,0.99,-0.14,70.19,59.7,49.2,11036,11895,0.93,430.46,89.71,1.23,1.99,2026-03-16,2026-03-16 11:07:23
8155,博智,215.0,73.2,55.65,52.47,1.33,0.92,0.41,228.12,203.43,178.73,2933,2015,1.46,119.9,49.43,3.8,1.77,2026-03-16,2026-03-16 11:07:24
8162,微矽電子-創,37.3,18.27,25.93,47.98,0.1,0.43,-0.33,42.26,38.29,34.32,85,141,0.6,25.63,23.91,1.0,2.68,2026-03-16,2026-03-16 11:07:26
8163,達方,28.4,29.52,23.91,26.09,-0.76,-0.61,-0.15,32.24,29.78,27.31,594,605,0.98,78.38,55.69,2.0,7.04,2026-03-16,2026-03-16 11:07:27
8171,天宇,25.75,40.99,35.91,34.94,-0.59,-0.39,-0.2,29.52,27.15,24.77,71,86,0.83,28.72,12.62,,,2026-03-16,2026-03-16 11:07:28
8176,智捷,10.9,65.74,61.2,52.5,-0.04,-0.04,0.0,11.15,10.88,10.6,121,99,1.23,7.53,27.25,,,2026-03-16,2026-03-16 11:07:29
8182,加高,26.6,20.96,22.08,43.9,-0.21,-0.11,-0.11,28.56,27.21,25.85,90,62,1.44,28.47,36.44,2.0,7.52,2026-03-16,2026-03-16 11:07:30
8183,精星,36.25,41.12,39.99,57.57,0.7,0.75,-0.05,40.63,35.27,29.91,315,388,0.81,43.77,14.86,1.3,3.59,2026-03-16,2026-03-16 11:07:31
8201,無敵,13.5,39.37,31.03,40.3,-0.26,-0.23,-0.03,14.59,13.77,12.96,58,72,0.81,8.42,,,,2026-03-16,2026-03-16 11:07:31
8210,勤誠,888.0,28.39,28.77,49.69,-14.98,-12.01,-2.96,1025.72,922.4,819.08,1538,2670,0.58,1112.83,37.48,7.49,0.84,2026-03-16,2026-03-16 11:07:32
8213,志超,33.2,13.21,23.64,35.06,-0.24,0.29,-0.53,39.36,36.26,33.16,1545,1384,1.12,87.77,14.76,1.38,4.16,2026-03-16,2026-03-16 11:07:33
8215,明基材,22.2,64.54,52.14,58.55,0.25,0.05,0.21,22.19,20.52,18.85,9778,3551,2.75,71.19,12.4,0.62,2.79,2026-03-16,2026-03-16 11:07:33
8222,寶一,37.85,31.23,26.35,37.38,-0.93,-0.82,-0.11,41.62,39.09,36.57,181,262,0.69,25.96,68.82,0.7,1.85,2026-03-16,2026-03-16 11:07:34
8227,巨有科技,128.0,36.49,30.29,38.82,-4.15,-3.73,-0.42,145.57,133.53,121.48,206,219,0.94,50.62,62.14,1.6,1.25,2026-03-16,2026-03-16 11:07:35
8234,新漢,66.6,51.38,35.58,40.38,-2.23,-2.19,-0.04,73.56,66.76,59.95,820,481,1.7,94.06,82.22,0.6,0.9,2026-03-16,2026-03-16 11:07:37
8240,華宏,49.3,81.7,68.91,68.47,1.4,0.51,0.89,46.84,41.13,35.41,10069,4321,2.33,49.3,29.35,1.6,3.25,2026-03-16,2026-03-16 11:07:38
8249,菱光,51.5,12.89,13.61,21.47,-1.78,-0.82,-0.96,65.9,57.02,48.14,641,1104,0.58,69.52,11.76,2.02,3.92,2026-03-16,2026-03-16 11:07:38
8255,朋程,130.0,67.04,50.76,52.75,-0.16,-0.45,0.29,134.15,125.58,117.0,349,247,1.41,132.34,21.07,4.19,3.22,2026-03-16,2026-03-16 11:07:39
8261,富鼎,112.5,81.08,74.58,74.72,3.72,2.19,1.52,109.78,97.5,85.21,16176,7143,2.26,133.74,19.77,3.19,2.84,2026-03-16,2026-03-16 11:07:40
8271,宇瞻,190.5,95.29,86.74,83.25,13.01,5.7,7.31,172.24,127.67,83.11,14520,14721,0.99,244.09,28.65,2.21,1.16,2026-03-16,2026-03-16 11:07:41
8272,全景軟體,74.4,50.26,49.04,40.6,-1.11,-0.95,-0.16,79.35,76.46,73.56,21,14,1.47,14.13,15.93,2.4,3.23,2026-03-16,2026-03-16 11:07:42
8277,商丞,8.35,40.0,33.31,30.48,-0.33,-0.24,-0.08,9.79,8.93,8.06,291,820,0.36,7.65,,,,2026-03-16,2026-03-16 11:07:43
8279,生展,111.5,19.37,13.3,25.0,-3.98,-3.34,-0.65,130.66,117.53,104.39,18,45,0.41,30.22,11.14,5.0,4.48,2026-03-16,2026-03-16 11:07:44
8284,三竹,64.1,66.46,48.3,60.0,-0.03,-0.22,0.19,64.11,62.53,60.94,23,23,0.99,30.35,14.28,4.0,6.24,2026-03-16,2026-03-16 11:07:45
8289,泰藝,38.0,45.61,41.13,66.79,2.54,2.67,-0.13,41.14,32.87,24.59,981,568,1.73,25.97,,0.3,0.79,2026-03-16,2026-03-16 11:07:46
8291,尚茂,13.9,28.23,21.29,27.14,-0.8,-0.66,-0.14,18.12,15.45,12.78,9,11,0.88,2.43,,,,2026-03-16,2026-03-16 11:07:47
8298,威睿,30.5,31.88,38.57,48.76,0.2,0.37,-0.17,33.48,30.84,28.21,15,7,1.95,7.82,190.62,0.2,0.66,2026-03-16,2026-03-16 11:07:47
8299,群聯,1980.0,68.89,52.0,51.94,-7.83,-5.42,-2.4,2078.09,1855.5,1632.91,9422,6545,1.44,4120.48,49.77,31.31,1.58,2026-03-16,2026-03-16 11:07:49
8329,台視,10.0,17.97,22.73,50.0,-0.06,-0.06,-0.0,10.29,10.11,9.93,119,103,1.15,28.06,2.67,0.75,7.5,2026-03-16,2026-03-16 11:07:50
8341,日友,77.0,40.26,41.77,50.0,-0.43,-0.41,-0.02,79.99,77.2,74.42,146,150,0.98,100.1,17.26,3.8,4.94,2026-03-16,2026-03-16 11:07:51
8342,益張,84.0,17.17,15.05,18.03,-0.48,-0.28,-0.2,87.75,85.13,82.52,1,1,0.68,28.17,13.25,5.0,5.95,2026-03-13,2026-03-16 11:07:54
8345,超秦,53.5,56.41,53.93,61.82,0.45,0.34,0.11,54.91,52.23,49.54,0,5,0.0,27.82,11.78,1.0,1.87,2026-03-16,2026-03-16 11:07:55
8349,恒耀,42.85,78.72,62.75,54.82,-0.38,-0.78,0.4,44.53,41.31,38.1,291,329,0.88,89.48,20.02,1.82,4.25,2026-03-16,2026-03-16 11:07:56
8354,冠好,15.4,65.67,54.44,48.65,-0.07,-0.12,0.05,15.58,15.27,14.97,14,59,0.25,12.09,,0.6,3.9,2026-03-16,2026-03-16 11:07:59
8358,金居,250.0,31.78,23.83,41.39,-7.68,-4.86,-2.82,302.82,257.5,212.18,2169,4034,0.54,631.23,71.84,1.5,0.6,2026-03-16,2026-03-16 11:07:59
8359,錢櫃,63.1,89.19,87.81,71.43,0.31,0.03,0.27,63.47,61.84,60.2,39,60,0.66,86.13,11.93,6.0,9.51,2026-03-16,2026-03-16 11:08:01
8367,建新國際,46.0,53.57,60.37,75.28,0.72,0.61,0.11,47.16,44.64,42.12,44,51,0.86,42.4,14.02,2.85,6.2,2026-03-16,2026-03-16 11:08:02
8374,羅昇,74.7,30.65,23.61,30.09,-3.64,-2.75,-0.89,93.82,80.94,68.07,282,245,1.15,83.85,67.91,0.45,0.6,2026-03-16,2026-03-16 11:08:04
8383,千附,43.25,73.69,57.23,58.58,0.12,-0.08,0.2,42.82,41.12,39.42,972,457,2.13,48.79,14.76,2.5,5.78,2026-03-16,2026-03-16 11:08:04
8390,金益鼎,98.5,56.27,47.72,44.68,0.43,0.59,-0.17,107.55,99.46,91.37,908,1160,0.78,94.67,16.04,2.5,2.54,2026-03-16,2026-03-16 11:08:05
8401,白紗科,26.9,29.54,34.8,27.37,-0.53,-0.3,-0.23,30.29,28.44,26.59,54,293,0.18,19.01,10.27,1.2,4.46,2026-03-16,2026-03-16 11:08:06
8403,盛弘,22.5,11.21,14.46,22.73,-0.28,-0.2,-0.08,23.99,23.21,22.43,148,201,0.73,30.97,17.58,0.5,2.22,2026-03-16,2026-03-16 11:08:08
8404,百和興業-KY,20.05,4.26,5.38,5.43,-0.91,-0.65,-0.26,25.03,22.29,19.55,783,577,1.36,84.2,15.66,0.15,0.75,2026-03-16,2026-03-16 11:08:09
8409,商之器,20.45,29.54,30.27,39.53,-0.19,-0.18,-0.01,21.11,20.56,20.01,11,16,0.7,6.54,14.1,,,2026-03-16,2026-03-16 11:08:09
8410,森田,36.95,69.82,55.79,41.03,-0.19,-0.21,0.01,38.34,37.02,35.7,19,44,0.43,13.52,9.38,3.0,8.12,2026-03-16,2026-03-16 11:08:11
8411,福貞-KY,12.05,47.52,51.31,32.26,-0.01,0.03,-0.03,12.62,12.26,11.89,62,60,1.05,26.32,21.52,0.05,0.41,2026-03-16,2026-03-16 11:08:12
8415,大國鋼,33.7,47.78,52.41,40.0,-0.08,-0.04,-0.04,34.48,34.01,33.54,318,247,1.29,340.66,12.77,1.5,4.45,2026-03-16,2026-03-16 11:08:13
8416,實威,169.0,38.83,30.26,31.91,-2.96,-3.0,0.04,179.82,171.78,163.73,8,7,1.24,47.68,13.36,8.0,4.73,2026-03-16,2026-03-16 11:08:14
8421,旭源,13.6,48.95,46.53,56.82,0.09,0.06,0.04,13.69,13.33,12.96,39,46,0.85,7.28,,,,2026-03-16,2026-03-16 11:08:14
8422,可寧衛*,30.55,23.77,21.77,40.0,-1.44,-1.2,-0.24,36.16,32.58,28.99,9746,10183,0.96,347.29,25.46,0.99,3.24,2026-03-16,2026-03-16 11:08:15
8423,保綠-KY,18.5,40.02,46.88,47.41,0.04,0.08,-0.03,19.3,18.69,18.08,2,15,0.18,7.72,27.21,0.6,3.24,2026-03-16,2026-03-16 11:08:16
8424,惠普,74.6,26.28,45.32,59.32,0.44,0.51,-0.06,76.88,74.67,72.47,5,13,0.37,26.9,13.94,4.4,5.9,2026-03-16,2026-03-16 11:08:17
8426,紅木-KY,26.0,39.58,35.82,29.73,-0.44,-0.39,-0.05,28.21,26.82,25.43,172,182,0.94,13.06,14.05,2.5,9.62,2026-03-16,2026-03-16 11:08:18
8429,金麗-KY,7.03,12.61,15.76,24.68,-0.12,-0.1,-0.02,7.57,7.27,6.98,137,147,0.93,13.06,58.58,,,2026-03-16,2026-03-16 11:08:18
8431,匯鑽科,66.8,53.84,50.48,52.96,0.94,0.67,0.27,73.41,65.53,57.65,1159,2605,0.44,31.57,,0.09,0.13,2026-03-16,2026-03-16 11:08:19
8432,東生華,51.5,14.86,12.39,14.29,-1.32,-1.09,-0.23,58.21,53.88,49.55,23,21,1.06,19.77,15.85,2.12,4.12,2026-03-16,2026-03-16 11:08:20
8433,弘帆,61.2,79.05,66.23,70.27,0.67,0.26,0.41,58.43,55.3,52.17,261,73,3.55,33.36,16.36,6.47,10.57,2026-03-16,2026-03-16 11:08:22
8435,鉅邁,56.2,25.7,31.55,48.51,0.55,0.81,-0.26,59.85,56.75,53.66,26,38,0.69,19.78,15.48,3.2,5.69,2026-03-16,2026-03-16 11:08:23
8436,大江,125.0,30.22,18.29,26.87,-4.18,-3.0,-1.18,147.34,130.65,113.96,500,592,0.84,137.73,14.81,10.0,8.0,2026-03-16,2026-03-16 11:08:24
8437,大地-KY,13.15,12.94,16.68,8.33,-0.7,-0.57,-0.13,16.55,14.82,13.1,173,90,1.91,6.18,1.44,1.02,7.76,2026-03-16,2026-03-16 11:08:24
8438,昶昕,68.6,47.4,50.81,59.0,3.45,3.58,-0.13,77.16,63.62,50.07,3203,2343,1.37,47.98,41.83,1.3,1.9,2026-03-16,2026-03-16 11:08:25
8440,綠電,24.2,27.2,34.45,39.29,-0.46,-0.4,-0.07,26.08,25.07,24.06,125,109,1.15,12.16,134.44,0.15,0.62,2026-03-16,2026-03-16 11:08:26
8442,威宏-KY,57.5,19.16,19.67,21.83,-2.38,-1.85,-0.53,72.17,65.34,58.52,347,102,3.4,40.35,10.27,6.41,11.15,2026-03-16,2026-03-16 11:08:26
8443,阿瘦,11.8,66.26,75.35,55.56,0.11,0.12,-0.01,12.01,11.75,11.48,27,37,0.73,7.88,,0.2,1.69,2026-03-16,2026-03-16 11:08:27
8444,綠河-KY,8.7,17.71,16.29,21.1,-0.5,-0.47,-0.03,10.5,9.39,8.28,27,21,1.24,9.57,,,,2026-03-16,2026-03-16 11:08:28
8446,華研,96.7,81.76,78.53,65.38,0.51,0.23,0.28,97.32,95.09,92.86,69,144,0.48,51.17,9.31,8.0,8.27,2026-03-16,2026-03-16 11:08:30
8450,霹靂,17.0,55.15,53.8,47.83,-0.0,-0.01,0.0,17.2,17.03,16.86,18,27,0.67,8.72,,,,2026-03-16,2026-03-16 11:08:31
8454,富邦媒,176.0,18.11,18.82,27.12,-5.25,-4.72,-0.53,196.34,184.0,171.66,455,504,0.9,466.36,15.59,12.19,6.93,2026-03-16,2026-03-16 11:08:31
8455,大拓-KY,21.85,57.88,70.41,56.16,0.26,0.24,0.02,23.43,21.74,20.05,6,5,1.11,5.51,,,,2026-03-16,2026-03-16 11:08:33
8458,影一,17.55,63.71,47.45,45.45,-0.44,-0.53,0.09,18.45,17.2,15.95,0,22,0.0,6.29,159.55,,,2026-03-16,2026-03-16 11:08:35
8462,柏文,149.5,68.79,50.18,55.22,-0.62,-1.79,1.17,148.34,141.68,135.01,301,177,1.7,118.54,20.51,4.2,2.81,2026-03-16,2026-03-16 11:08:35
8463,潤泰材,24.9,37.28,39.34,28.44,-0.17,-0.06,-0.11,27.89,26.78,25.68,680,185,3.66,37.35,11.69,1.1,4.42,2026-03-16,2026-03-16 11:08:37
8464,億豐,401.0,66.61,46.09,46.21,-5.32,-5.81,0.48,434.75,394.77,354.8,1159,1058,1.1,1175.01,17.85,16.0,3.99,2026-03-16,2026-03-16 11:08:38
8466,美吉吉-KY,19.15,22.56,21.17,11.58,-0.81,-0.57,-0.24,23.88,21.17,18.45,33,23,1.44,15.21,34.2,1.2,6.27,2026-03-16,2026-03-16 11:08:39
8467,波力-KY,155.5,17.05,15.16,27.16,-6.47,-4.88,-1.59,192.12,168.18,144.23,16,39,0.42,75.22,12.28,4.06,2.61,2026-03-16,2026-03-16 11:08:39
8472,夠麻吉,78.3,80.57,70.36,74.01,2.59,-0.08,2.67,75.88,61.75,47.62,131,124,1.06,13.89,,,,2026-03-16,2026-03-16 11:08:40
8473,山林水,38.35,58.63,43.39,53.81,-0.08,-0.17,0.1,38.79,37.22,35.65,671,537,1.25,69.36,18.89,0.73,1.9,2026-03-16,2026-03-16 11:08:42
8476,台境*,19.15,58.35,51.25,46.87,-0.08,-0.09,0.01,20.1,18.99,17.87,808,566,1.43,30.88,212.78,1.02,5.33,2026-03-16,2026-03-16 11:08:42
8477,創業家,13.7,62.67,51.18,57.84,0.16,0.14,0.02,14.1,13.13,12.16,69,54,1.28,8.79,,,,2026-03-16,2026-03-16 11:08:43
8478,東哥遊艇,163.5,45.95,45.84,44.04,-5.27,-5.66,0.4,183.84,169.95,156.06,68,176,0.39,153.64,12.61,5.0,3.06,2026-03-16,2026-03-16 11:08:44
8481,政伸,41.65,55.61,48.43,40.22,-0.01,0.02,-0.03,42.6,41.75,40.89,20,23,0.87,27.74,12.78,2.55,6.12,2026-03-16,2026-03-16 11:08:44
8482,商億-KY,47.6,31.04,32.97,34.52,-0.35,0.14,-0.48,55.64,50.51,45.37,27,13,2.11,50.02,16.25,4.36,9.16,2026-03-16,2026-03-16 11:08:45
8487,愛爾達-創,79.3,15.51,27.95,35.58,0.11,0.54,-0.44,84.55,81.97,79.4,36,24,1.47,21.04,17.16,5.2,6.56,2026-03-16,2026-03-16 11:08:46
8488,吉源-KY,9.72,23.83,30.7,28.8,-0.04,-0.01,-0.03,10.23,9.95,9.67,13,10,1.23,7.14,,,,2026-03-16,2026-03-16 11:08:46
8489,三貝德,27.6,37.66,20.72,31.92,-3.58,-3.45,-0.12,42.3,30.3,18.3,1139,990,1.15,16.37,,,,2026-03-16,2026-03-16 11:08:47
8499,鼎炫-KY,278.0,46.23,39.58,48.19,-9.09,-10.67,1.58,302.06,277.77,253.49,200,139,1.44,114.44,25.88,8.06,2.9,2026-03-16,2026-03-16 11:08:48
8906,花王,30.25,25.2,23.61,20.69,-1.21,-1.03,-0.18,35.95,32.72,29.5,23,22,1.01,12.75,,0.1,0.33,2026-03-16,2026-03-16 11:08:49
8908,欣雄,42.5,25.76,33.89,52.67,0.14,0.21,-0.08,46.88,42.69,38.49,283,658,0.43,133.62,19.32,1.5,3.53,2026-03-16,2026-03-16 11:08:50
8916,光隆,47.0,49.55,48.31,45.05,-0.48,-0.52,0.04,48.93,47.56,46.19,53,156,0.34,70.6,16.38,3.59,7.64,2026-03-16,2026-03-16 11:08:51
8917,欣泰,55.6,20.04,34.38,48.66,0.2,0.49,-0.28,64.88,57.82,50.77,42,200,0.21,90.43,25.98,2.2,3.96,2026-03-16,2026-03-16 11:08:52
8921,沈氏,17.2,42.29,41.53,31.37,-0.29,-0.17,-0.12,19.03,17.88,16.72,0,3,0.0,8.01,,0.22,1.28,2026-03-13,2026-03-16 11:08:53
8923,時報,20.0,85.03,72.96,50.89,0.03,-0.05,0.08,20.53,19.69,18.85,1,9,0.1,6.08,21.51,0.85,4.25,2026-03-16,2026-03-16 11:08:54
8924,大田,68.6,35.2,40.33,41.94,-0.81,-0.78,-0.03,71.45,69.62,67.79,81,137,0.59,57.49,12.92,4.3,6.27,2026-03-16,2026-03-16 11:08:55
8926,台汽電,47.3,54.39,44.56,55.45,0.76,0.81,-0.05,48.27,45.67,43.07,2614,1976,1.32,345.42,19.87,2.1,4.44,2026-03-16,2026-03-16 11:08:57
8928,鉅明,23.3,17.83,19.77,16.67,-0.51,-0.36,-0.15,26.44,24.91,23.38,32,24,1.35,11.85,16.52,1.7,7.3,2026-03-16,2026-03-16 11:08:59
8929,富堡,15.85,50.27,51.23,38.98,-0.15,-0.12,-0.03,16.81,16.34,15.87,46,37,1.24,8.02,,,,2026-03-16,2026-03-16 11:09:00
8930,青鋼,32.2,66.87,66.57,55.24,0.33,0.21,0.12,33.2,31.54,29.87,63,90,0.7,25.85,13.47,2.2,6.83,2026-03-16,2026-03-16 11:09:01
8931,大汽電,46.1,16.53,32.07,48.18,0.33,0.41,-0.07,48.65,46.38,44.11,48,46,1.03,56.36,18.74,2.0,4.34,2026-03-16,2026-03-16 11:09:02
8932,智通*,88.0,31.48,46.91,36.16,-0.77,0.5,-1.27,103.64,96.0,88.35,2768,3437,0.81,310.68,47.31,0.14,0.16,2026-03-16,2026-03-16 11:09:03
8933,愛地雅,6.81,45.73,36.99,45.35,-0.08,-0.06,-0.01,7.35,6.83,6.31,372,372,1.0,22.25,,,,2026-03-16,2026-03-16 11:09:04
8935,邦泰,18.85,22.55,20.52,25.23,-0.38,-0.11,-0.26,23.07,20.45,17.83,468,394,1.19,21.39,,,,2026-03-16,2026-03-16 11:09:05
8936,國統,52.7,63.94,56.52,48.12,-0.05,-0.32,0.27,54.63,51.9,49.16,2184,2084,1.05,130.74,13.11,2.0,3.8,2026-03-16,2026-03-16 11:09:06
8937,合騏,161.0,68.75,70.36,63.04,4.19,2.57,1.61,166.61,148.32,130.04,1245,889,1.4,172.57,,0.1,0.06,2026-03-16,2026-03-16 11:09:06
8938,明安,69.3,73.44,62.51,54.92,-0.54,-0.76,0.22,70.12,68.17,66.22,308,283,1.09,105.15,11.53,4.0,5.77,2026-03-16,2026-03-16 11:09:07
8940,新天地,19.35,38.12,31.76,38.98,-0.34,-0.32,-0.03,20.5,19.55,18.61,84,70,1.2,13.06,35.18,,,2026-03-16,2026-03-16 11:09:08
8941,關中,45.95,74.07,68.67,41.24,0.06,0.15,-0.09,47.05,46.28,45.5,39,10,3.75,16.07,37.98,1.5,3.26,2026-03-16,2026-03-16 11:09:09
8942,森鉅,35.2,37.73,36.97,32.92,-0.55,-0.4,-0.14,38.71,36.6,34.49,174,230,0.76,69.99,10.67,3.5,9.94,2026-03-16,2026-03-16 11:09:10
8996,高力,925.0,73.55,56.26,53.83,31.52,29.52,1.99,987.5,849.45,711.4,3607,3231,1.12,848.68,141.01,4.56,0.49,2026-03-16,2026-03-16 11:09:10
8999,台灣積層,37.25,25.91,41.3,49.66,-0.12,0.04,-0.16,40.72,38.44,36.16,0,0,0.0,13.41,14.9,2.0,5.37,2026-03-13,2026-03-16 11:09:11
9103,美德醫療-DR,5.1,26.46,25.01,50.64,-0.01,0.04,-0.05,5.84,5.3,4.77,748,680,1.1,27.79,,,,2026-03-16,2026-03-16 11:09:13
9105,泰金寶-DR,5.69,52.95,39.39,41.67,-0.11,-0.09,-0.01,6.27,5.84,5.41,5369,9138,0.59,594.61,28.45,0.15,2.64,2026-03-16,2026-03-16 11:09:13
9110,越南控-DR,3.05,45.1,50.06,45.97,0.0,0.0,-0.0,3.27,3.13,2.98,6,15,0.4,27.68,,,,2026-03-16,2026-03-16 11:09:14
9136,巨騰-DR,9.23,67.93,71.81,75.37,0.37,0.19,0.18,9.55,8.08,6.61,3387,7370,0.46,78.05,,,,2026-03-16,2026-03-16 11:09:15
9802,鈺齊-KY,84.2,21.25,21.02,20.18,-3.01,-2.65,-0.36,96.1,89.06,82.02,1168,1148,1.02,169.24,14.34,5.1,6.06,2026-03-16,2026-03-16 11:09:15
9902,台火,14.8,6.01,10.34,23.29,-0.56,-0.44,-0.13,17.55,16.01,14.46,192,301,0.64,14.51,493.33,0.3,2.03,2026-03-16,2026-03-16 11:09:16
9904,寶成,29.15,28.12,33.65,34.13,-0.37,-0.28,-0.09,31.73,30.32,28.9,10490,8397,1.25,858.99,7.71,1.7,5.83,2026-03-16,2026-03-16 11:09:17
9905,大華,21.7,65.14,58.05,76.0,0.27,0.17,0.1,21.47,20.56,19.66,403,272,1.48,66.19,16.69,1.2,5.53,2026-03-16,2026-03-16 11:09:19
9906,欣巴巴,42.25,59.69,46.79,43.56,-1.23,-1.4,0.17,46.16,42.71,39.26,113,130,0.87,38.18,51.52,6.5,15.38,2026-03-16,2026-03-16 11:09:19
9907,統一實,18.1,13.63,25.96,35.09,-0.03,0.07,-0.09,19.62,18.55,17.49,2623,3366,0.78,285.83,13.31,0.97,5.36,2026-03-16,2026-03-16 11:09:21
9908,大台北,30.45,27.44,35.31,52.13,0.27,0.32,-0.05,32.74,30.56,28.39,2001,3272,0.61,152.51,17.81,1.2,3.94,2026-03-16,2026-03-16 11:09:23
9910,豐泰,83.5,10.76,17.44,27.47,-3.74,-3.34,-0.41,98.22,91.18,84.14,1998,2774,0.72,824.55,15.9,5.1,6.11,2026-03-16,2026-03-16 11:09:24
9911,櫻花,92.0,88.0,84.46,71.43,1.85,1.41,0.45,92.9,87.94,82.97,333,481,0.69,202.47,15.54,5.0,5.43,2026-03-16,2026-03-16 11:09:24
9912,偉聯,12.45,71.2,67.73,66.67,0.06,0.03,0.03,12.37,12.13,11.89,265,169,1.56,6.74,,,,2026-03-16,2026-03-16 11:09:26
9914,美利達,70.4,47.71,32.74,23.61,-4.05,-3.89,-0.17,86.66,74.93,63.21,3437,1799,1.91,210.48,9.09,4.0,5.68,2026-03-16,2026-03-16 11:09:27
9917,中保科,115.0,79.46,62.73,75.0,1.4,0.32,1.08,113.43,107.08,100.72,799,1244,0.64,510.66,17.45,5.2,4.52,2026-03-16,2026-03-16 11:09:27
9918,欣天然,46.9,42.3,60.4,58.83,2.81,2.72,0.09,58.52,45.42,32.32,1207,2030,0.59,83.49,27.11,1.6,3.41,2026-03-16,2026-03-16 11:09:28
9919,康那香,15.4,13.0,16.43,26.0,-0.34,-0.25,-0.09,17.26,16.24,15.22,449,333,1.35,30.09,,0.2,1.3,2026-03-16,2026-03-16 11:09:30
9921,巨大,74.8,18.32,12.57,30.08,-4.74,-4.19,-0.55,92.33,80.43,68.54,4971,2841,1.75,293.26,13.54,2.2,2.94,2026-03-16,2026-03-16 11:09:31
9924,福興,45.25,15.78,16.33,10.84,-1.12,-1.02,-0.1,49.41,46.86,44.3,98,89,1.09,68.22,14.93,5.88,12.99,2026-03-16,2026-03-16 11:09:31
9925,新保,40.75,38.63,38.79,40.74,-0.01,0.0,-0.02,41.14,40.83,40.53,130,229,0.57,156.56,16.57,2.0,4.91,2026-03-16,2026-03-16 11:09:32
9926,新海,50.5,33.71,40.26,50.5,0.48,0.56,-0.07,54.23,50.66,47.1,112,478,0.24,90.65,19.27,2.0,3.96,2026-03-16,2026-03-16 11:09:34
9927,泰銘,68.2,29.62,24.6,43.16,-0.63,-0.51,-0.13,70.98,68.45,65.93,303,121,2.51,81.84,12.29,2.83,4.15,2026-03-16,2026-03-16 11:09:34
9928,中視,17.9,60.82,55.82,41.67,-0.11,-0.12,0.01,18.41,17.99,17.57,13,18,0.72,12.66,,,,2026-03-16,2026-03-16 11:09:35
9929,秋雨,10.35,37.28,38.44,41.79,-0.09,-0.07,-0.02,10.87,10.46,10.05,38,16,2.26,10.48,,,,2026-03-16,2026-03-16 11:09:36
9930,中聯資源,70.0,22.94,33.66,45.78,-0.04,0.07,-0.12,72.45,70.57,68.68,69,86,0.81,173.98,14.17,4.0,5.71,2026-03-16,2026-03-16 11:09:37
9931,欣高,38.9,42.87,60.86,56.59,2.11,2.09,0.02,48.76,38.45,28.14,670,1155,0.58,46.82,14.25,1.8,4.63,2026-03-16,2026-03-16 11:09:38
9933,中鼎,34.35,82.32,67.85,67.88,0.42,-0.03,0.45,34.01,31.43,28.86,6994,9909,0.71,306.18,107.34,1.0,2.91,2026-03-16,2026-03-16 11:09:39
9934,成霖,9.49,41.35,36.53,34.95,-0.14,-0.13,-0.01,10.2,9.76,9.32,494,468,1.06,39.01,55.82,0.35,3.69,2026-03-16,2026-03-16 11:09:40
9935,慶豐富,19.8,77.8,60.05,55.79,-0.13,-0.29,0.16,20.11,19.04,17.97,252,419,0.6,35.21,12.0,1.8,9.09,2026-03-16,2026-03-16 11:09:40
9937,全國,57.0,32.33,38.53,45.38,-0.08,0.15,-0.24,61.06,58.2,55.33,359,389,0.92,176.15,24.05,2.1,3.68,2026-03-16,2026-03-16 11:09:41
9938,百和,48.7,43.36,39.14,27.38,-0.84,-0.63,-0.21,53.58,50.68,47.78,1102,1608,0.69,145.11,11.33,3.0,6.16,2026-03-16,2026-03-16 11:09:42
9939,宏全,123.0,64.07,57.63,47.92,0.35,0.39,-0.03,124.87,121.22,117.58,850,1169,0.73,363.82,14.04,6.2,5.04,2026-03-16,2026-03-16 11:09:42
9940,信義,20.2,27.25,22.2,16.13,-0.54,-0.46,-0.08,22.77,21.12,19.47,344,416,0.83,148.84,50.5,1.8,8.91,2026-03-16,2026-03-16 11:09:43
9941,裕融,76.8,80.05,65.87,55.48,-1.03,-1.59,0.56,79.23,75.43,71.63,1266,1374,0.92,442.09,11.1,4.38,5.7,2026-03-16,2026-03-16 11:09:45
9942,茂順,115.5,40.64,42.87,45.45,1.13,1.6,-0.47,121.5,116.33,111.15,35,76,0.46,96.05,13.87,7.0,6.06,2026-03-16,2026-03-16 11:09:47
9943,好樂迪,58.0,60.74,44.35,36.84,-0.57,-0.62,0.05,60.9,58.49,56.07,73,114,0.64,72.6,11.69,4.8,8.28,2026-03-16,2026-03-16 11:09:47
9944,新麗,16.45,48.17,43.86,39.39,-0.11,-0.09,-0.02,17.03,16.64,16.25,39,48,0.82,17.42,,0.3,1.82,2026-03-16,2026-03-16 11:09:48
9945,潤泰新,26.7,22.97,29.02,23.64,-0.48,-0.31,-0.17,30.31,28.65,26.99,17731,7593,2.34,756.81,7.78,1.1,4.12,2026-03-16,2026-03-16 11:09:49
9946,三發地產,18.45,90.86,81.66,69.41,0.13,-0.11,0.24,18.15,16.99,15.82,451,493,0.91,59.86,102.5,1.04,5.64,2026-03-16,2026-03-16 11:09:49
9955,佳龍,34.9,51.61,42.26,53.31,0.19,0.1,0.09,36.72,34.09,31.47,577,1066,0.54,36.46,,,,2026-03-16,2026-03-16 11:09:50
9958,世紀鋼,129.5,66.03,59.19,47.31,-1.77,-2.69,0.92,134.14,126.62,119.11,676,1417,0.48,319.73,20.05,4.16,3.21,2026-03-16,2026-03-16 11:09:51
1785,光洋科,82.4,88.64,84.37,78.31,4.77,2.3,2.47,83.99,66.28,48.57,38868,63683,0.61,593.6,42.56,2.0,2.01,2026-03-16,2026-03-18 23:22:12
1799,易威,36.05,73.36,51.42,66.81,-0.27,-0.8,0.54,34.88,31.16,27.45,165,90,1.83,54.36,,,,2026-03-16,2026-03-18 23:22:12
3105,穩懋,303.5,53.67,46.39,58.13,18.05,20.1,-2.05,355.05,286.9,218.75,7206,6759,1.07,1367.21,80.83,1.0,0.31,2026-03-16,2026-03-18 23:22:12
3176,基亞,29.4,35.89,37.6,31.91,-0.62,-0.56,-0.06,32.27,30.45,28.63,142,197,0.72,45.62,,,,2026-03-16,2026-03-18 23:22:12
3260,威剛,395.0,89.52,76.72,72.24,15.93,6.94,8.99,375.55,310.6,245.65,28190,31987,0.88,1518.36,20.77,17.0,3.56,2026-03-16,2026-03-18 23:22:12
3289,宜特,124.5,26.78,28.99,47.01,-0.03,1.36,-1.39,139.0,129.05,119.1,1341,1421,0.94,117.31,25.76,4.12,3.03,2026-03-16,2026-03-18 23:22:12
3499,環天科,17.4,47.07,47.08,55.26,-0.0,-0.02,0.02,18.42,17.35,16.29,114,155,0.74,10.66,,,,2026-03-16,2026-03-18 23:22:13
3508,位速,39.4,55.73,47.8,54.65,2.74,2.92,-0.19,41.31,36.83,32.34,2958,3002,0.99,49.14,,,,2026-03-16,2026-03-18 23:22:13
3555,博士旺,178.0,85.2,68.25,72.16,13.99,9.61,4.38,163.33,126.35,89.37,584,362,1.61,81.8,159.77,,,2026-03-16,2026-03-18 23:22:13
3689,湧德,103.5,35.36,31.4,32.95,-3.34,-2.5,-0.84,122.7,109.55,96.4,1113,1352,0.82,106.24,16.62,2.92,2.41,2026-03-16,2026-03-18 23:22:13
3693,營邦,489.0,68.53,55.23,70.88,21.68,18.5,3.18,486.76,413.3,339.84,7270,3298,2.2,227.85,34.57,11.0,2.08,2026-03-16,2026-03-18 23:22:13
7751,竑騰,1400.0,78.3,72.28,71.75,128.0,109.04,18.96,1477.5,1109.2,740.9,189,161,1.17,420.81,91.52,10.0,0.64,2026-03-16,2026-03-18 23:22:13
8176,智捷,13.1,65.74,61.2,52.5,-0.04,-0.04,0.0,11.15,10.88,10.6,120,98,1.21,9.05,32.75,,,2026-03-16,2026-03-18 23:25:42
8240,華宏,59.6,81.7,68.91,68.47,1.4,0.52,0.88,46.84,41.13,35.41,10029,4314,2.32,59.6,27.72,1.6,2.68,2026-03-16,2026-03-18 23:25:43
3093,港建*,44.6,94.2,86.83,86.13,3.56,2.03,1.52,40.99,30.32,19.64,4501,4900,0.92,72.58,40.98,1.15,2.3,2026-03-16,2026-03-18 23:25:43
3234,光環,85.5,51.79,43.05,54.18,6.19,7.42,-1.22,103.21,82.41,61.61,2852,2782,1.03,104.23,779.17,,,2026-03-16,2026-03-19 23:07:29
3587,閎康,187.41,15.38,18.98,36.92,-4.03,-0.52,-3.5,230.08,205.0,179.92,580,1285,0.45,140.55,35.24,6.92,3.69,2026-03-16,2026-03-19 23:07:29
6907,雅特力-KY,121.0,93.98,90.31,84.41,15.93,13.21,2.72,132.33,83.99,35.65,778,567,1.37,,,1.0,0.83,2026-03-16,2026-03-19 23:07:29
7718,友鋮,46.95,87.97,79.82,69.35,0.37,0.17,0.21,46.8,45.28,43.75,12,17,0.69,25.06,15.28,3.5,7.45,2026-03-16,2026-03-19 23:07:29
7547,碩網,61.8,65.15,51.52,65.32,0.13,-1.06,1.18,61.55,54.8,48.05,690,219,3.15,23.3,27.07,1.35,2.18,2026-03-16,2026-03-19 23:07:29
3221,台嘉碩,27.7,16.46,24.12,51.71,0.43,0.91,-0.48,33.31,29.34,25.37,1597,1317,1.21,35.14,1672.5,0.9,3.25,2026-03-16,2026-03-19 23:07:29
3066,李洲,19.55,81.49,67.98,73.26,0.77,0.42,0.35,18.23,15.72,13.21,2060,1037,1.99,19.94,,,,2026-03-16,2026-03-19 23:07:29
3071,協禧,25.3,72.54,65.71,62.05,0.35,0.21,0.14,26.08,24.01,21.94,421,634,0.66,31.52,50.26,0.81,3.2,2026-03-16,2026-03-20 23:36:32
3259,鑫創,17.0,68.37,53.52,47.46,-0.75,-0.88,0.13,18.64,17.2,15.77,42,25,1.67,13.35,,,,2026-03-16,2026-03-20 23:36:32
7728,光焱科技,710.0,27.3,25.94,35.55,5.23,24.25,-19.02,914.74,783.3,651.86,938,411,2.28,112.22,234.1,7.03,0.99,2026-03-16,2026-03-20 23:36:32
3363,上詮,630.0,54.51,51.39,63.69,43.84,41.72,2.12,695.93,551.15,406.37,7323,2826,2.59,834.12,5646.15,,,2026-03-16,2026-03-20 23:36:32
3521,台鋼建設,14.1,9.09,11.7,11.63,-0.24,-0.08,-0.16,16.72,15.1,13.48,29,102,0.28,21.94,,,,2026-03-16,2026-03-20 23:36:32
7810,捷創科技,210.0,57.7,39.55,51.39,-8.82,-10.96,2.13,231.1,199.38,167.65,114,136,0.83,45.26,35.99,4.0,1.9,2026-03-16,2026-03-20 23:36:32
7846,德揚,52.6,69.83,62.67,74.59,2.85,1.68,1.17,53.4,44.23,35.05,60,88,0.68,27.94,55.62,1.0,1.9,2026-03-16,2026-03-22 23:21:44
7890,明曜科技,75.0,45.22,44.81,48.91,-4.5,-5.78,1.28,83.21,77.42,71.64,11,14,0.77,15.6,,,,2026-03-16,2026-03-22 23:21:44
3595,山太士,1435.0,94.33,89.83,91.12,177.48,124.36,53.12,1261.51,792.65,323.79,1360,1105,1.23,635.87,3348.21,,,2026-03-16,2026-03-22 23:21:44
3629,地心引力,17.8,13.84,23.45,29.25,-0.81,-0.8,-0.0,20.75,18.89,17.04,1,0,2.5,6.53,,,,2026-03-16,2026-03-28 23:18:02
3710,連展投控,6.29,34.72,38.91,37.02,-0.03,0.02,-0.05,7.07,6.59,6.11,310,255,1.22,18.53,,,,2026-03-16,2026-03-28 23:18:02
3577,泓格,62.7,74.76,60.01,46.27,-0.25,-0.48,0.23,66.02,61.89,57.76,51,93,0.55,46.95,31.1,1.5,2.39,2026-03-16,2026-03-28 23:18:02
3349,寶德,27.3,21.1,27.46,32.98,-0.52,-0.21,-0.31,31.71,29.23,26.76,180,360,0.5,12.67,,,,2026-03-16,2026-03-31 02:08:32
7709,榮田,54.4,48.64,36.67,37.14,0.28,1.41,-1.13,72.12,59.05,45.98,130,167,0.78,28.39,29.63,2.3,4.23,2026-03-16,2026-03-31 02:08:32
3228,金麗科,128.5,29.84,30.18,51.04,-0.19,0.24,-0.42,140.36,129.88,119.39,222,190,1.16,99.04,,,,2026-03-16,2026-03-31 02:08:32
7770,君曜,49.4,69.15,54.19,43.21,-1.87,-2.3,0.42,53.33,49.77,46.21,14,16,0.83,16.17,18.05,4.0,8.1,2026-03-16,2026-03-31 02:08:32
3552,同致,48.25,52.29,42.67,36.48,-2.35,-2.6,0.25,54.35,50.24,46.13,122,122,1.0,51.41,78.36,0.77,1.6,2026-03-16,2026-03-31 02:08:32
7734,印能科技,1745.0,53.56,49.24,61.71,129.52,143.05,-13.53,1885.85,1602.0,1318.15,454,409,1.11,561.94,60.65,21.72,1.24,2026-03-16,2026-03-31 02:08:32
3163,波若威,960.0,78.01,64.97,74.11,102.44,88.66,13.78,967.12,707.45,447.78,7067,2396,2.95,634.66,126.89,3.0,0.31,2026-03-16,2026-03-31 23:58:09
3205,佰研,50.7,42.61,51.05,37.25,0.38,0.43,-0.05,53.76,50.65,47.54,73,73,0.99,42.22,,,,2026-03-16,2026-03-31 23:58:09
3491,昇達科,1355.0,30.9,27.74,44.16,51.5,91.55,-40.05,1721.73,1397.25,1072.77,341,615,0.55,980.47,187.99,6.49,0.48,2026-03-16,2026-03-31 23:58:09
