股票代號,股票名稱,收盤價,開盤價,最高價,最低價,K值,D值,RSI,DIF,MACD,柱狀圖,BB上軌,BB中軌,BB下軌,成交量張,5日均量張,量比,市值億,本益比,每股配息,殖利率,交易日,更新時間
0050,元大台灣50,101.45,101.3,101.6,100.05,48.54,45.96,39.24,-0.49,0.03,-0.52,110.17,104.63,99.1,109387,89911,1.22,,30.76,,,2026-07-27,2026-07-27 07:30:55
0051,元大中型100,137.0,136.5,137.0,135.0,46.72,43.43,38.78,-1.42,-0.63,-0.8,151.98,142.65,133.33,64,55,1.17,,22.91,,,2026-07-27,2026-07-27 07:30:56
0052,富邦科技,59.3,59.2,59.45,58.5,45.63,43.41,37.82,-0.44,-0.09,-0.35,65.38,61.55,57.73,15978,21683,0.74,,32.1,,,2026-07-27,2026-07-27 07:30:57
0053,元大電子,227.15,227.05,227.15,224.2,48.73,45.45,40.72,-2.43,-1.24,-1.19,253.29,236.93,220.57,27,27,0.99,,33.38,,,2026-07-27,2026-07-27 07:30:58
0055,元大MSCI金融,43.29,42.5,43.3,42.5,73.14,59.2,58.52,0.64,0.75,-0.11,43.3,42.24,41.17,505,261,1.93,,17.4,,,2026-07-27,2026-07-27 07:30:59
0056,元大高股息,50.0,50.15,50.25,49.32,58.21,53.21,45.81,0.1,0.31,-0.21,52.45,50.76,49.06,58364,46872,1.25,,19.56,,,2026-07-27,2026-07-27 07:31:00
0057,富邦摩台,301.4,299.95,301.95,299.95,46.72,45.94,37.94,-1.53,0.13,-1.66,329.04,312.3,295.56,9,5,1.66,,30.29,,,2026-07-27,2026-07-27 07:31:00
0061,元大寶滬深,24.83,24.82,25.0,24.8,60.48,55.35,49.01,-0.06,-0.06,-0.01,25.81,25.01,24.22,32,254,0.13,,20.33,,,2026-07-27,2026-07-27 07:31:01
1101,台泥,24.4,24.05,24.5,23.9,79.52,71.04,61.36,0.17,0.05,0.12,24.47,23.45,22.44,34486,19491,1.77,1828.34,18.17,0.8,3.28,2026-07-27,2026-07-27 07:31:02
1102,亞泥,33.1,33.1,33.15,32.7,54.5,48.97,42.03,-0.03,0.02,-0.05,34.28,33.1,31.92,7614,10786,0.71,1173.91,11.07,2.3,6.95,2026-07-27,2026-07-27 07:31:03
1103,嘉泥,13.25,13.25,13.5,13.15,61.41,58.87,62.99,0.05,0.03,0.02,13.28,13.03,12.78,1012,723,1.4,87.29,15.77,0.52,3.92,2026-07-27,2026-07-27 07:31:04
1104,環泥,26.7,26.95,26.95,26.65,31.42,27.92,33.96,-0.07,-0.02,-0.05,27.56,26.93,26.29,342,492,0.7,183.34,10.47,1.85,6.93,2026-07-27,2026-07-27 07:31:05
1108,幸福,12.1,12.2,12.2,12.0,12.2,12.52,20.35,-0.18,-0.13,-0.05,13.17,12.56,11.95,419,260,1.61,48.97,5.6,1.0,8.26,2026-07-27,2026-07-27 07:31:06
1109,信大,13.8,13.8,13.85,13.8,47.74,51.5,50.2,0.01,0.0,0.01,13.94,13.79,13.63,94,115,0.83,47.08,13.4,0.9,6.52,2026-07-27,2026-07-27 07:31:07
1110,東泥,16.0,16.0,16.05,15.85,61.64,64.85,63.83,0.24,0.24,-0.0,16.29,15.75,15.21,165,157,1.05,91.27,44.44,0.3,1.88,2026-07-27,2026-07-27 07:31:08
1201,味全,12.3,12.55,12.55,12.25,43.92,52.0,53.41,0.06,0.06,-0.0,12.6,12.34,12.08,271,356,0.76,62.25,30.75,0.21,1.71,2026-07-27,2026-07-27 07:31:09
1203,味王,47.2,46.8,47.2,46.65,84.58,84.13,77.56,1.08,0.78,0.31,48.22,44.7,41.19,26,24,1.07,112.2,26.08,1.2,2.54,2026-07-27,2026-07-27 07:31:10
1210,大成,58.1,57.8,58.2,57.7,46.13,41.13,48.72,0.62,0.73,-0.11,59.17,57.48,55.78,1312,1544,0.85,486.13,13.45,3.0,5.16,2026-07-27,2026-07-27 07:31:11
1213,大飲,7.24,7.24,7.24,7.24,44.33,50.65,39.61,-0.2,-0.2,-0.01,8.1,7.61,7.12,13,11,1.14,4.1,,0.35,4.83,2026-07-27,2026-07-27 07:31:11
1215,卜蜂,105.5,109.5,109.5,105.0,23.26,31.56,28.57,-2.46,-2.35,-0.11,115.32,111.28,107.23,2099,1013,2.07,311.0,11.38,7.0,6.64,2026-07-27,2026-07-27 07:31:12
1216,統一,77.1,78.7,79.0,77.1,41.09,54.27,43.66,0.69,1.02,-0.32,81.06,77.71,74.36,14199,20086,0.71,4380.83,22.41,3.0,3.89,2026-07-27,2026-07-27 07:31:13
1217,愛之味,9.98,9.98,9.99,9.92,36.21,34.82,48.21,0.03,0.03,-0.01,10.16,9.98,9.81,362,320,1.13,49.35,23.76,0.25,2.51,2026-07-27,2026-07-27 07:31:14
1218,泰山,15.8,16.05,16.05,15.7,19.62,22.91,28.36,-0.43,-0.37,-0.06,17.96,16.7,15.43,2051,1348,1.52,76.84,9.94,1.32,8.35,2026-07-27,2026-07-27 07:31:15
1219,福壽,11.65,11.85,11.85,11.6,24.79,30.42,35.56,-0.19,-0.15,-0.04,12.7,12.08,11.47,465,643,0.72,39.75,25.89,0.5,4.29,2026-07-27,2026-07-27 07:31:16
1220,台榮,11.3,11.4,11.4,11.25,60.72,59.92,31.84,-0.05,-0.06,0.01,11.66,11.39,11.12,67,45,1.48,19.93,141.25,0.2,1.77,2026-07-27,2026-07-27 07:31:17
1225,福懋油,26.65,26.65,26.75,26.1,36.76,34.81,30.38,-0.84,-0.85,0.01,29.39,27.52,25.65,116,73,1.58,64.56,16.45,0.14,0.53,2026-07-27,2026-07-27 07:31:18
1227,佳格,29.2,29.4,29.5,29.2,72.47,65.98,58.45,0.31,0.29,0.02,29.42,28.64,27.85,638,1401,0.46,265.26,21.95,1.34,4.59,2026-07-27,2026-07-27 07:31:19
1229,聯華,41.7,42.5,42.6,41.25,60.28,53.67,60.73,0.52,0.42,0.09,42.05,40.66,39.28,2453,4535,0.54,760.82,16.55,1.8,4.32,2026-07-27,2026-07-27 07:31:20
1231,聯華食,91.0,93.5,93.5,91.0,75.16,73.36,58.82,1.13,0.8,0.33,93.37,89.0,84.64,497,395,1.26,271.59,23.88,1.5,1.65,2026-07-27,2026-07-27 07:31:21
1232,大統益,153.5,154.0,155.0,152.5,23.39,37.42,57.0,3.34,3.55,-0.2,166.05,151.28,136.5,326,389,0.84,245.56,17.81,7.2,4.69,2026-07-27,2026-07-27 07:31:22
1233,天仁,29.05,29.05,29.05,29.0,62.24,60.67,62.3,0.29,0.18,0.12,29.3,28.31,27.31,11,17,0.63,26.3,38.73,0.2,0.69,2026-07-27,2026-07-27 07:31:22
1234,黑松,33.8,33.7,33.9,33.65,63.05,62.09,59.62,0.12,0.1,0.02,34.02,33.45,32.88,101,103,0.98,135.83,20.12,1.65,4.88,2026-07-27,2026-07-27 07:31:23
1235,興泰,37.0,36.4,37.0,36.1,50.56,49.49,55.0,-0.37,-0.52,0.15,37.71,36.55,35.38,26,21,1.22,16.82,,0.5,1.35,2026-07-27,2026-07-27 07:31:24
1236,宏亞,23.5,23.55,23.55,23.35,42.32,36.87,37.57,-0.11,-0.07,-0.04,24.76,23.81,22.85,39,34,1.14,20.37,,1.65,7.02,2026-07-27,2026-07-27 07:31:25
1240,茂生農經,54.5,54.7,55.2,54.5,33.27,54.38,44.54,-0.04,0.01,-0.04,55.59,55.01,54.43,17,8,1.96,24.11,11.26,3.0,5.5,2026-07-27,2026-07-27 07:31:27
1256,鮮活果汁-KY,184.5,184.0,184.5,182.5,31.52,31.74,38.02,1.46,2.39,-0.93,199.46,187.08,174.71,18,54,0.34,66.0,16.53,6.6,3.58,2026-07-27,2026-07-27 07:31:27
1259,安心,59.9,60.8,60.8,59.4,85.84,85.44,66.99,0.78,0.58,0.2,60.97,58.32,55.66,7,23,0.3,19.4,24.45,1.2,2.0,2026-07-24,2026-07-27 07:31:29
1264,德麥,257.5,257.5,258.0,257.5,55.56,58.87,55.7,0.68,0.57,0.11,259.62,256.78,253.94,8,16,0.53,95.41,12.6,15.0,5.83,2026-07-27,2026-07-27 07:31:30
1268,漢來美食,172.5,172.0,173.0,172.0,61.02,62.28,52.27,1.3,0.95,0.35,175.96,169.85,163.74,20,27,0.73,72.84,17.08,7.5,4.35,2026-07-27,2026-07-27 07:31:31
1294,漢田生技,55.8,56.0,56.0,55.8,31.72,26.7,30.53,-1.62,-1.49,-0.13,63.58,58.53,53.48,7,12,0.62,20.27,14.76,3.0,5.38,2026-07-27,2026-07-27 07:31:32
1295,生合,48.6,47.5,48.6,47.2,26.78,24.65,47.8,-0.3,-0.28,-0.03,50.89,48.98,47.08,25,22,1.17,16.8,9.24,2.99,6.15,2026-07-27,2026-07-27 07:31:33
1301,台塑,61.7,62.3,62.5,59.8,42.49,54.56,57.33,3.03,3.23,-0.2,68.27,60.57,52.88,38113,77099,0.49,3927.66,29.12,0.5,0.81,2026-07-27,2026-07-27 07:31:34
1303,南亞,174.0,173.5,179.0,166.0,25.56,41.57,52.61,12.68,18.13,-5.45,224.85,191.51,158.17,73184,100084,0.73,13799.63,305.26,0.8,0.46,2026-07-27,2026-07-27 07:31:35
1304,台聚,12.25,12.7,12.75,11.95,20.1,21.96,29.02,-0.11,0.02,-0.13,14.8,13.48,12.17,8580,6965,1.23,131.36,,0.15,1.22,2026-07-27,2026-07-27 07:31:36
1305,華夏,11.85,12.35,12.35,11.65,24.41,26.55,28.18,-0.2,-0.1,-0.09,14.21,12.92,11.63,4486,3115,1.44,68.85,,0.1,0.84,2026-07-27,2026-07-27 07:31:37
1307,三芳,31.45,32.05,32.1,31.3,42.58,45.74,35.51,-0.08,0.03,-0.11,33.42,32.4,31.38,664,514,1.29,125.11,11.52,2.2,7.0,2026-07-27,2026-07-27 07:31:39
1308,亞聚,13.3,14.0,14.0,13.15,20.81,24.42,31.3,0.01,0.14,-0.13,15.49,14.42,13.35,3953,3182,1.24,78.97,49.26,0.2,1.5,2026-07-27,2026-07-27 07:31:40
1309,台達化,13.85,14.5,14.55,13.65,26.58,28.98,38.43,-0.18,-0.18,0.0,15.9,14.78,13.65,5821,7583,0.77,55.07,,0.15,1.08,2026-07-27,2026-07-27 07:31:41
1310,台苯,8.97,8.97,9.01,8.97,12.77,17.48,19.48,0.02,0.21,-0.19,11.62,10.42,9.21,5630,4765,1.18,47.35,34.5,,,2026-07-27,2026-07-27 07:31:42
1312,國喬,12.25,12.95,12.95,11.95,30.5,34.33,32.99,-0.08,0.04,-0.12,14.84,13.56,12.28,22716,28014,0.81,186.79,18.56,,,2026-07-27,2026-07-27 07:31:43
1313,聯成,11.3,11.8,11.8,11.1,23.67,26.39,28.92,-0.01,0.17,-0.17,13.86,12.53,11.2,7211,5309,1.36,150.39,,0.1,0.88,2026-07-27,2026-07-27 07:31:44
1314,中石化,8.04,8.21,8.21,7.92,9.2,12.5,18.08,0.01,0.16,-0.15,10.12,8.86,7.61,34238,35245,0.97,304.3,4.62,,,2026-07-27,2026-07-27 07:31:45
1315,達新,64.5,63.7,64.5,63.6,49.81,52.03,58.62,0.5,0.55,-0.05,65.27,63.83,62.38,21,19,1.09,61.61,41.61,4.5,6.98,2026-07-27,2026-07-27 07:31:45
1316,上曜,10.15,10.25,10.25,10.1,38.22,38.45,43.33,-0.1,-0.1,-0.0,10.78,10.37,9.95,562,878,0.64,36.1,46.14,,,2026-07-27,2026-07-27 07:31:46
1319,東陽,73.0,72.7,73.1,72.0,22.78,23.97,25.53,-2.59,-2.58,-0.01,78.7,75.11,71.52,1490,1906,0.78,431.78,13.11,5.0,6.85,2026-07-27,2026-07-27 07:31:47
1321,大洋,32.55,32.2,32.6,32.2,82.05,74.29,63.77,0.36,0.33,0.03,32.57,31.71,30.85,243,129,1.88,71.83,,0.38,1.17,2026-07-27,2026-07-27 07:31:48
1323,永裕,19.9,19.75,19.95,19.7,34.84,36.95,41.94,0.03,0.08,-0.05,20.6,20.09,19.57,17,52,0.34,18.16,76.54,0.9,4.52,2026-07-27,2026-07-27 07:31:49
1324,地球,10.35,10.15,10.35,10.15,59.69,48.74,35.71,-0.05,-0.04,-0.01,10.72,10.41,10.1,44,54,0.82,7.78,,0.2,1.93,2026-07-27,2026-07-27 07:31:50
1325,恆大,27.75,27.85,28.75,27.35,69.72,66.99,73.68,0.47,0.06,0.41,27.94,25.4,22.85,959,1764,0.54,23.67,,0.3,1.08,2026-07-27,2026-07-27 07:31:51
1326,台化,65.0,65.9,67.4,62.6,40.35,52.55,52.25,3.48,3.82,-0.34,74.41,65.09,55.77,50739,91593,0.55,3801.86,406.25,0.6,0.92,2026-07-27,2026-07-27 07:31:52
1336,台翰,15.45,15.6,15.6,15.2,43.33,48.04,58.26,0.39,0.34,0.05,16.63,15.0,13.38,136,636,0.22,11.99,22.07,0.26,1.68,2026-07-27,2026-07-27 07:31:53
1337,再生-KY,4.79,4.86,4.86,4.76,10.55,11.43,25.64,-0.05,-0.02,-0.03,5.49,5.06,4.63,444,316,1.4,12.88,,,,2026-07-27,2026-07-27 07:31:54
1338,廣華-KY,15.5,15.7,15.7,15.35,20.68,28.79,21.15,-0.18,-0.05,-0.13,17.48,16.48,15.49,79,69,1.14,12.52,1.8,0.31,2.0,2026-07-27,2026-07-27 07:31:55
1339,昭輝,44.55,44.3,44.9,43.95,54.17,52.14,43.43,0.24,0.29,-0.05,45.62,44.58,43.53,59,69,0.85,33.02,18.49,2.5,5.61,2026-07-27,2026-07-27 07:31:55
1340,勝悅-KY,5.28,5.3,5.31,5.25,45.22,30.53,25.84,-0.09,-0.08,-0.01,5.82,5.4,4.98,80,240,0.33,8.07,,,,2026-07-27,2026-07-27 07:31:56
1341,富林-KY,58.7,58.7,58.7,58.7,59.27,57.75,62.79,0.17,0.16,0.0,60.2,58.63,57.06,1,2,0.38,31.02,15.86,4.0,6.81,2026-07-27,2026-07-27 07:31:57
1342,八貫,110.0,110.0,110.5,108.0,31.72,41.57,43.75,0.76,1.61,-0.86,118.43,113.08,107.72,372,282,1.32,85.8,19.68,6.0,5.45,2026-07-27,2026-07-27 07:31:58
1402,遠東新,27.45,27.45,27.7,27.4,63.0,61.37,54.58,0.23,0.24,-0.0,28.29,27.08,25.86,16654,19228,0.87,1469.15,16.15,1.25,4.55,2026-07-27,2026-07-27 07:31:59
1409,新纖,22.6,23.0,23.1,22.1,18.83,20.65,11.76,-0.63,-0.01,-0.62,31.47,26.28,21.08,13266,10911,1.22,361.58,18.99,0.6,2.65,2026-07-27,2026-07-27 07:32:00
1410,南染,25.85,26.4,27.45,25.75,32.32,46.11,41.84,0.2,0.24,-0.03,27.66,26.32,24.98,257,244,1.05,16.03,44.57,0.2,0.77,2026-07-27,2026-07-27 07:32:01
1413,宏洲,11.0,10.0,11.3,10.0,79.49,73.29,86.85,0.18,0.04,0.14,10.34,9.54,8.74,1025,302,3.39,14.53,24.44,,,2026-07-27,2026-07-27 07:32:02
1414,東和,18.3,17.8,18.3,17.7,34.39,30.14,34.62,0.12,0.33,-0.21,20.1,18.82,17.54,493,248,1.98,36.23,96.32,0.2,1.09,2026-07-27,2026-07-27 07:32:03
1416,廣豐,10.95,10.95,10.95,10.85,38.73,46.16,41.18,0.01,0.03,-0.03,11.28,11.06,10.84,316,190,1.66,20.29,13.52,0.57,5.21,2026-07-27,2026-07-27 07:32:04
1417,嘉裕,8.39,8.53,8.53,8.33,36.65,39.46,34.03,0.03,0.06,-0.03,8.93,8.56,8.19,78,162,0.48,15.94,13.53,0.25,2.98,2026-07-27,2026-07-27 07:32:05
1418,東華,18.7,18.5,18.7,18.5,52.95,44.11,54.65,0.08,0.06,0.03,19.32,18.49,17.67,4,34,0.14,10.16,,,,2026-07-27,2026-07-27 07:32:05
1419,新紡,69.5,67.0,69.7,66.7,65.74,52.28,70.59,0.42,0.28,0.14,68.59,66.43,64.27,303,129,2.33,207.97,16.95,1.8,2.59,2026-07-27,2026-07-27 07:32:06
1423,利華,35.7,35.65,35.7,35.4,14.26,17.85,24.07,-0.63,-0.57,-0.06,37.65,36.68,35.72,16,31,0.52,35.57,8.24,3.6,10.08,2026-07-27,2026-07-27 07:32:07
1432,大魯閣,15.05,15.0,15.05,14.95,39.6,36.34,43.75,-0.06,-0.03,-0.02,15.35,15.14,14.93,101,91,1.11,16.25,2.5,2.0,13.29,2026-07-27,2026-07-27 07:32:08
1434,福懋,18.5,19.1,19.1,18.2,41.19,52.31,56.92,0.69,0.69,-0.0,20.14,18.2,16.27,5886,12184,0.48,311.26,30.83,0.5,2.7,2026-07-27,2026-07-27 07:32:09
1435,中福,25.5,25.5,25.5,25.5,45.1,26.3,46.7,0.68,1.45,-0.76,33.42,25.8,18.18,20,37,0.53,35.64,,,,2026-07-27,2026-07-27 07:32:10
1436,華友聯,37.3,38.15,38.15,36.95,16.6,25.05,29.59,-0.56,-0.35,-0.21,41.39,39.75,38.11,689,876,0.79,72.42,9.16,5.05,13.54,2026-07-27,2026-07-27 07:32:11
1437,勤益控,30.9,30.9,30.9,30.55,68.53,69.04,52.5,0.31,0.35,-0.04,31.48,30.79,30.11,161,196,0.82,62.22,12.87,0.96,3.11,2026-07-27,2026-07-27 07:32:12
1438,三地開發,22.05,22.3,22.3,21.5,69.0,56.4,46.48,-0.07,-0.09,0.03,23.13,21.98,20.82,35,47,0.74,24.52,13.36,0.2,0.91,2026-07-27,2026-07-27 07:32:13
1439,雋揚,26.75,26.8,27.2,26.65,81.08,76.48,65.64,0.47,0.19,0.27,27.29,24.95,22.6,19,54,0.35,24.61,8.33,0.5,1.87,2026-07-27,2026-07-27 07:32:14
1440,南紡,12.7,12.8,12.8,12.6,14.02,16.3,26.03,-0.07,0.01,-0.08,14.15,13.2,12.26,1223,1558,0.79,210.42,60.48,0.3,2.36,2026-07-27,2026-07-27 07:32:15
1441,大東,9.08,8.97,9.08,8.97,45.58,39.69,34.09,-0.07,-0.06,-0.01,9.6,9.22,8.85,10,19,0.55,6.51,,,,2026-07-27,2026-07-27 07:32:16
1442,名軒,30.35,29.9,30.45,29.65,80.27,75.82,74.07,0.65,0.55,0.1,30.68,28.89,27.09,902,464,1.94,111.15,15.48,4.5,14.83,2026-07-27,2026-07-27 07:32:16
1443,立益物流,26.35,27.0,27.0,26.0,47.76,50.63,45.33,-0.0,0.05,-0.05,27.02,26.42,25.81,7,14,0.48,35.66,23.32,,,2026-07-27,2026-07-27 07:32:17
1444,力麗,7.73,7.9,7.9,7.68,17.66,22.49,29.31,0.09,0.24,-0.14,9.86,8.54,7.22,1568,2026,0.77,76.09,27.61,,,2026-07-27,2026-07-27 07:32:18
1445,大宇,10.65,10.75,10.85,10.65,13.58,15.65,23.91,-0.17,-0.07,-0.09,12.44,11.46,10.47,24,89,0.27,13.92,,0.5,4.69,2026-07-27,2026-07-27 07:32:19
1446,宏和,14.05,14.05,14.35,14.0,26.06,19.6,9.76,-0.33,-0.22,-0.1,16.55,14.86,13.18,330,194,1.7,19.35,8.67,1.5,10.68,2026-07-27,2026-07-27 07:32:20
1447,力鵬,7.34,7.5,7.53,7.0,15.46,17.56,27.07,0.15,0.37,-0.21,9.75,8.33,6.91,2062,3644,0.57,61.92,20.39,,,2026-07-27,2026-07-27 07:32:21
1449,佳和,12.7,12.7,12.75,12.6,24.98,23.0,17.02,-0.37,-0.25,-0.12,14.95,13.59,12.23,246,398,0.62,16.14,105.83,,,2026-07-27,2026-07-27 07:32:22
1451,年興,17.4,17.4,17.4,17.25,80.67,78.34,61.9,0.13,0.12,0.0,17.56,17.27,16.99,118,123,0.96,34.45,9.89,1.0,5.75,2026-07-27,2026-07-27 07:32:23
1452,宏益,11.6,11.65,11.65,11.5,34.29,35.75,44.83,0.17,0.2,-0.03,12.26,11.57,10.88,85,59,1.44,15.39,5.86,0.2,1.72,2026-07-27,2026-07-27 07:32:24
1453,大將,11.25,11.3,11.35,11.2,41.55,36.63,42.86,-0.07,-0.08,0.01,11.49,11.23,10.96,19,56,0.35,12.74,281.25,,,2026-07-27,2026-07-27 07:32:24
1454,台富,12.65,12.75,12.75,12.3,39.67,43.12,43.18,-0.06,-0.05,-0.02,13.14,12.81,12.48,22,20,1.05,15.45,,0.25,1.98,2026-07-27,2026-07-27 07:32:25
1455,集盛,8.96,9.16,9.16,8.93,19.15,20.93,22.53,-0.11,-0.03,-0.09,10.78,9.56,8.33,530,633,0.84,47.64,12.44,0.16,1.79,2026-07-27,2026-07-27 07:32:26
1456,怡華,13.9,13.35,14.05,13.35,45.84,37.5,47.5,-0.1,-0.07,-0.03,14.48,13.88,13.28,134,70,1.91,13.03,4.09,,,2026-07-27,2026-07-27 07:32:27
1457,宜進,14.35,14.3,14.4,14.2,70.82,58.45,47.83,-0.02,-0.03,0.01,14.65,14.31,13.96,85,95,0.89,33.51,12.16,1.0,6.97,2026-07-27,2026-07-27 07:32:28
1459,聯發,11.85,15.8,15.8,15.8,78.88,58.35,78.12,0.38,0.12,0.26,15.1,13.47,11.85,0,69,0.0,28.22,6.41,2.5,21.1,2026-07-24,2026-07-27 07:32:29
1460,宏遠,6.88,6.94,6.94,6.84,15.21,14.25,18.88,-0.09,-0.04,-0.05,8.18,7.27,6.36,229,422,0.54,46.4,10.58,,,2026-07-27,2026-07-27 07:32:30
1463,強盛新,17.85,17.9,18.0,17.8,70.55,69.04,51.43,0.05,0.03,0.02,18.17,17.78,17.38,66,74,0.89,30.63,137.31,2.1,11.76,2026-07-27,2026-07-27 07:32:31
1464,得力,10.45,10.4,10.5,10.3,43.26,41.75,40.88,0.07,0.08,-0.02,10.81,10.45,10.09,465,349,1.33,44.21,29.86,0.25,2.39,2026-07-27,2026-07-27 07:32:32
1465,偉全,12.85,13.05,13.05,12.75,48.62,45.01,37.5,0.06,0.09,-0.03,13.5,12.9,12.29,87,102,0.85,13.31,,0.3,2.33,2026-07-27,2026-07-27 07:32:33
1466,聚隆,16.65,16.9,16.9,16.2,21.89,31.0,34.81,0.44,0.64,-0.19,19.52,17.47,15.42,482,1139,0.42,18.51,,,,2026-07-27,2026-07-27 07:32:33
1467,南緯,10.15,10.3,10.55,9.99,77.28,73.1,64.0,0.64,0.53,0.12,10.77,9.05,7.34,948,1641,0.58,23.41,,,,2026-07-27,2026-07-27 07:32:34
1468,昶和,13.15,13.1,13.2,12.85,44.44,56.12,57.35,0.37,0.34,0.03,14.39,12.79,11.19,46,61,0.75,21.09,62.62,,,2026-07-27,2026-07-27 07:32:35
1470,大統新創,22.8,22.85,22.85,22.8,66.16,69.01,71.21,0.33,0.26,0.07,23.66,22.02,20.39,3,4,0.71,19.55,29.23,0.65,2.85,2026-07-27,2026-07-27 07:32:36
1471,首利,9.79,9.9,9.9,9.51,24.48,21.89,25.57,-0.3,-0.27,-0.03,11.12,10.28,9.43,260,279,0.93,14.73,326.33,,,2026-07-27,2026-07-27 07:32:37
1472,三洋實業,89.4,89.4,89.4,89.4,63.13,61.58,56.6,0.97,0.99,-0.02,90.31,88.41,86.5,1,45,0.02,46.92,14.7,6.0,6.71,2026-07-27,2026-07-27 07:32:38
1473,台南,20.15,20.35,20.35,20.0,39.64,40.29,39.02,-0.03,-0.03,0.0,20.79,20.28,19.78,46,53,0.88,29.45,35.35,0.5,2.48,2026-07-27,2026-07-27 07:32:39
1474,弘裕,10.4,10.55,10.55,10.35,46.8,48.15,30.0,0.05,0.08,-0.03,11.02,10.51,10.01,44,66,0.67,13.51,31.52,0.25,2.4,2026-07-27,2026-07-27 07:32:40
1475,業旺,27.3,26.65,27.35,26.6,36.69,37.04,52.17,0.02,0.08,-0.05,27.78,27.19,26.6,12,19,0.66,18.02,10.04,1.5,5.49,2026-07-27,2026-07-27 07:32:41
1476,儒鴻,341.5,339.0,341.5,333.0,53.45,51.88,50.75,3.3,3.0,0.3,352.35,332.38,312.4,1068,1408,0.76,936.96,16.55,15.0,4.39,2026-07-27,2026-07-27 07:32:41
1477,聚陽,218.0,215.0,218.0,214.5,35.27,25.89,31.51,-1.57,-0.91,-0.66,231.26,220.93,210.59,775,1149,0.67,537.79,15.82,15.0,6.88,2026-07-27,2026-07-27 07:32:42
1503,士電,202.0,207.0,207.0,199.0,59.4,47.1,35.06,-5.29,-4.34,-0.95,242.55,213.75,184.94,1208,1603,0.75,1052.36,30.1,5.0,2.48,2026-07-27,2026-07-27 07:32:43
1504,東元,67.5,66.8,67.9,64.5,49.1,48.58,42.34,-0.76,-0.71,-0.05,72.3,68.2,64.1,7994,6602,1.21,1583.13,27.89,2.0,2.96,2026-07-27,2026-07-27 07:32:44
1506,正道,10.75,10.8,10.8,10.55,40.75,51.16,58.18,0.13,0.13,0.0,11.25,10.59,9.94,141,211,0.67,32.29,179.17,,,2026-07-27,2026-07-27 07:32:45
1512,瑞利,6.85,6.87,6.89,6.63,53.66,39.46,33.33,-0.05,-0.05,-0.0,7.25,6.88,6.52,16,39,0.41,6.73,36.05,,,2026-07-27,2026-07-27 07:32:46
1513,中興電,158.5,159.0,159.0,155.5,30.15,32.76,37.46,-1.87,-0.59,-1.28,175.77,165.67,155.57,2301,2977,0.77,783.11,19.26,6.0,3.79,2026-07-27,2026-07-27 07:32:47
1514,亞力,105.5,107.0,107.0,103.5,36.1,28.35,26.87,-4.61,-3.74,-0.86,131.73,114.75,97.77,1408,2415,0.58,285.77,31.31,2.0,1.9,2026-07-27,2026-07-27 07:32:48
1515,力山,32.45,33.45,33.8,32.1,14.46,31.1,38.59,1.65,3.22,-1.57,46.82,39.34,31.86,2637,4753,0.55,58.89,33.45,0.6,1.85,2026-07-27,2026-07-27 07:32:49
1516,川飛,16.0,15.8,16.0,15.8,18.8,16.25,18.52,-1.08,-0.99,-0.09,19.97,17.52,15.06,8,51,0.16,4.8,400.0,,,2026-07-27,2026-07-27 07:32:50
1517,利奇,11.7,11.35,12.35,11.3,39.12,43.26,59.46,0.29,0.26,0.02,12.21,11.14,10.08,1746,1120,1.56,25.74,1.77,0.2,1.71,2026-07-27,2026-07-27 07:32:51
1519,華城,727.0,712.0,727.0,704.0,69.77,50.94,45.37,-26.54,-30.92,4.38,793.78,722.35,650.92,1229,905,1.36,2296.45,50.14,11.0,1.51,2026-07-27,2026-07-27 07:32:52
1521,大億,25.25,25.0,25.55,24.65,45.48,48.47,31.91,-0.07,0.0,-0.07,26.35,25.66,24.97,15,9,1.71,19.25,29.02,0.75,2.97,2026-07-27,2026-07-27 07:32:53
1522,堤維西,28.2,28.0,28.2,27.65,19.96,22.24,41.18,-0.33,-0.27,-0.06,29.6,28.82,28.03,316,503,0.63,87.97,201.43,1.2,4.26,2026-07-27,2026-07-27 07:32:53
1524,耿鼎,26.3,26.0,26.45,25.95,15.86,15.66,17.5,-0.86,-0.74,-0.12,30.11,27.8,25.49,393,411,0.96,43.48,13.49,1.4,5.32,2026-07-27,2026-07-27 07:32:54
1525,江申,66.8,66.8,66.8,66.8,43.44,45.95,47.54,0.74,0.9,-0.16,68.23,66.99,65.74,3,5,0.55,49.03,20.81,2.8,4.19,2026-07-27,2026-07-27 07:32:55
1526,日馳,17.7,16.1,17.7,16.1,68.37,64.38,71.43,0.62,0.38,0.24,17.85,15.36,12.88,1210,876,1.38,10.62,,,,2026-07-27,2026-07-27 07:32:56
1527,鑽全,34.0,33.6,34.05,33.6,33.28,30.39,60.0,0.12,0.14,-0.02,34.31,33.71,33.11,194,140,1.38,47.11,22.37,1.5,4.41,2026-07-27,2026-07-27 07:32:57
1528,恩德,19.05,19.1,19.25,18.6,16.78,19.15,13.59,-1.49,-1.28,-0.2,25.26,21.77,18.28,901,940,0.96,36.45,,0.1,0.52,2026-07-27,2026-07-27 07:32:58
1529,樂事綠能,18.25,18.65,18.65,18.2,35.67,35.14,31.77,-0.4,-0.35,-0.04,20.8,19.13,17.45,342,720,0.48,29.72,19.84,0.5,2.74,2026-07-27,2026-07-27 07:32:59
1530,亞崴,28.45,28.8,29.15,28.1,71.89,64.88,74.24,0.27,0.04,0.22,28.58,27.03,25.49,141,108,1.31,29.33,51.73,0.1,0.35,2026-07-27,2026-07-27 07:33:00
1531,高林股,13.1,13.05,13.1,12.95,50.12,45.69,47.37,0.04,0.05,-0.01,13.18,13.02,12.86,73,112,0.65,23.86,13.94,0.4,3.05,2026-07-27,2026-07-27 07:33:01
1532,勤美,22.9,23.35,23.4,22.8,46.33,53.21,41.07,0.13,0.18,-0.05,23.67,23.12,22.58,1279,508,2.52,95.32,23.37,0.8,3.49,2026-07-27,2026-07-27 07:33:02
1533,車王電,33.55,33.15,33.65,33.15,25.75,22.11,26.4,-0.96,-0.77,-0.19,38.43,35.22,32.01,130,115,1.13,33.06,57.84,,,2026-07-27,2026-07-27 07:33:04
1535,中宇,45.75,46.05,46.05,45.7,17.6,22.78,34.91,-0.32,-0.15,-0.17,48.05,46.8,45.54,45,124,0.36,56.61,11.47,3.0,6.56,2026-07-27,2026-07-27 07:33:05
1536,和大,49.75,51.1,51.1,49.1,34.71,37.96,46.31,0.08,0.35,-0.27,56.21,51.6,46.99,1377,1573,0.88,138.78,92.13,0.8,1.61,2026-07-27,2026-07-27 07:33:06
1537,廣隆,127.5,127.0,129.5,127.0,59.93,54.52,57.89,0.13,0.0,0.13,127.42,126.05,124.68,158,116,1.36,104.63,16.08,7.2,5.65,2026-07-27,2026-07-27 07:33:07
1538,正峰,10.0,9.9,10.0,9.9,25.93,20.33,43.99,-0.42,-0.42,-0.0,11.47,10.36,9.24,7,5,1.23,3.23,,,,2026-07-27,2026-07-27 07:33:08
1539,巨庭,16.25,16.3,16.45,16.2,40.91,39.8,56.45,0.1,0.07,0.03,16.61,16.0,15.39,86,75,1.15,10.62,77.38,0.85,5.23,2026-07-27,2026-07-27 07:33:08
1540,喬福,21.35,21.7,21.7,21.25,10.98,18.19,37.11,-0.11,0.04,-0.15,23.4,22.25,21.1,206,257,0.8,18.25,19.23,1.0,4.68,2026-07-27,2026-07-27 07:33:09
1541,錩泰,22.0,22.0,22.15,21.6,59.39,63.38,64.58,0.12,0.08,0.04,22.47,21.75,21.03,21,14,1.42,17.34,9.52,0.5,2.27,2026-07-27,2026-07-27 07:33:10
1558,伸興,89.5,90.2,90.2,89.1,71.87,73.91,59.71,0.88,0.7,0.18,90.7,87.99,85.29,27,149,0.18,57.76,16.27,5.0,5.59,2026-07-27,2026-07-27 07:33:11
1560,中砂,690.0,669.0,701.0,664.0,49.1,46.27,49.16,-2.86,1.03,-3.89,777.27,707.39,637.52,1626,1487,1.09,1037.0,76.07,4.94,0.72,2026-07-27,2026-07-27 07:33:12
1563,巧新,62.0,62.0,62.0,60.6,34.94,30.85,35.32,0.25,0.85,-0.59,69.29,63.37,57.44,519,893,0.58,104.91,126.53,2.0,3.23,2026-07-27,2026-07-27 07:33:13
1565,精華,93.5,95.1,95.1,93.0,20.49,20.54,28.97,-0.67,-0.37,-0.29,99.4,95.67,91.94,58,64,0.91,47.14,10.49,9.5,10.16,2026-07-27,2026-07-27 07:33:14
1568,倉佑,28.6,28.55,28.8,28.0,9.77,10.13,16.17,-2.49,-2.11,-0.38,39.85,32.75,25.65,352,372,0.95,29.48,21.03,1.0,3.5,2026-07-27,2026-07-27 07:33:15
1569,濱川,41.7,42.3,42.3,41.0,9.69,13.72,23.38,-1.81,-1.43,-0.38,50.71,45.74,40.78,299,343,0.87,60.15,,,,2026-07-27,2026-07-27 07:33:16
1570,力肯,36.9,36.95,37.35,36.7,22.99,21.22,25.68,-1.18,-1.01,-0.17,42.98,39.27,35.56,39,62,0.63,19.0,62.54,1.0,2.71,2026-07-27,2026-07-27 07:33:17
1580,新麥,112.0,112.0,112.5,112.0,12.85,25.53,27.82,-0.56,-0.17,-0.39,117.67,114.89,112.11,44,62,0.71,55.26,8.95,8.5,7.59,2026-07-27,2026-07-27 07:33:18
1582,信錦,69.4,69.8,70.0,68.0,14.23,16.16,22.91,-5.36,-5.13,-0.23,86.62,76.62,66.62,578,732,0.79,100.12,20.23,3.0,4.32,2026-07-27,2026-07-27 07:33:19
1583,程泰,49.9,50.0,50.1,49.9,43.74,41.41,53.3,-0.2,-0.29,0.09,51.01,49.51,48.02,4,9,0.44,54.59,12.96,3.03,6.07,2026-07-27,2026-07-27 07:33:20
1584,精剛,18.75,19.25,19.25,18.7,13.69,23.93,44.17,-0.04,0.05,-0.09,20.68,19.61,18.54,795,977,0.81,42.18,42.61,0.26,1.39,2026-07-27,2026-07-27 07:33:21
1586,和勤,18.05,18.25,18.25,17.9,26.96,24.78,31.67,-0.67,-0.71,0.04,20.05,18.67,17.29,332,1121,0.3,22.8,8.24,0.29,1.61,2026-07-27,2026-07-27 07:33:22
1587,吉茂,25.3,25.05,26.0,24.85,16.32,12.44,22.83,-0.9,-0.83,-0.07,28.84,26.4,23.96,244,179,1.36,20.25,68.38,0.5,1.98,2026-07-27,2026-07-27 07:33:23
1589,永冠-KY,5.54,5.54,5.54,5.54,,,,0.0,0.0,0.0,5.54,5.54,5.54,0,0,,8.48,1.21,,,2026-07-24,2026-07-27 07:33:24
1590,亞德客-KY,1440.0,1425.0,1450.0,1405.0,82.51,69.01,58.18,19.14,2.92,16.21,1454.97,1336.42,1217.87,591,871,0.68,2880.0,31.58,29.11,2.02,2026-07-27,2026-07-27 07:33:25
1591,駿吉-KY,45.5,45.5,45.5,45.5,99.98,80.33,100.0,1.04,-0.83,1.88,40.86,32.86,24.86,192,142,1.35,17.31,,,,2026-07-27,2026-07-27 07:33:27
1593,祺驊,30.2,30.2,30.2,30.05,38.12,35.9,50.0,0.04,0.06,-0.02,30.66,30.29,29.92,36,22,1.64,12.02,13.85,2.0,6.62,2026-07-27,2026-07-27 07:33:28
1595,川寶,54.4,53.6,54.9,52.5,10.93,12.24,12.71,-6.22,-5.03,-1.19,85.23,66.61,47.99,264,329,0.8,29.36,,0.5,0.92,2026-07-27,2026-07-27 07:33:29
1597,直得,128.5,125.0,129.0,122.0,42.37,35.07,40.71,-6.81,-6.62,-0.19,156.75,137.4,118.05,534,802,0.67,112.13,141.21,0.7,0.54,2026-07-27,2026-07-27 07:33:30
1598,岱宇,19.6,19.9,19.9,19.4,55.07,61.01,59.26,0.05,0.01,0.05,20.3,19.48,18.66,108,143,0.75,32.03,2.38,0.5,2.55,2026-07-27,2026-07-27 07:33:31
1599,宏佳騰,24.25,23.0,24.35,23.0,66.13,47.97,54.88,-0.05,-0.14,0.08,24.3,23.36,22.43,79,61,1.29,17.47,,0.51,2.1,2026-07-27,2026-07-27 07:33:32
1603,華電,29.3,29.3,29.35,28.9,53.83,41.67,38.21,-0.19,-0.14,-0.04,30.89,29.65,28.42,83,160,0.52,46.54,8.99,2.0,6.83,2026-07-27,2026-07-27 07:33:33
1604,聲寶,23.3,23.3,23.4,23.25,40.52,35.97,41.18,-0.01,0.02,-0.03,23.74,23.4,23.07,250,455,0.55,87.09,13.71,1.5,6.44,2026-07-27,2026-07-27 07:33:34
1605,華新,32.65,33.45,33.75,31.9,40.44,37.85,37.5,-0.96,-0.85,-0.11,37.27,34.35,31.42,21178,16876,1.25,1446.83,23.49,0.5,1.53,2026-07-27,2026-07-27 07:33:35
1608,華榮,29.5,30.3,30.3,28.95,27.38,26.58,28.45,-0.59,-0.43,-0.16,33.26,31.15,29.04,1913,2321,0.82,125.14,5.38,2.0,6.78,2026-07-27,2026-07-27 07:33:36
1609,大亞,36.4,37.35,37.35,35.9,27.77,29.1,26.18,-0.18,0.19,-0.37,42.33,38.71,35.09,2787,2899,0.96,284.99,15.49,0.7,1.92,2026-07-27,2026-07-27 07:33:36
1611,中電,11.95,12.0,12.05,11.85,13.89,16.68,15.38,-0.26,-0.14,-0.12,14.05,12.83,11.61,457,402,1.13,38.57,398.33,0.8,6.69,2026-07-27,2026-07-27 07:33:37
1612,宏泰,31.15,31.1,31.3,30.9,30.31,24.54,23.33,-0.98,-0.84,-0.14,35.96,32.8,29.64,469,683,0.69,98.46,11.33,2.5,8.03,2026-07-27,2026-07-27 07:33:38
1614,三洋電,31.05,31.1,31.15,30.9,42.16,49.54,44.91,0.04,0.06,-0.02,31.45,31.14,30.83,31,39,0.79,80.4,32.34,0.97,3.12,2026-07-27,2026-07-27 07:33:39
1615,大山,43.25,42.9,43.5,42.7,30.5,35.72,55.6,0.29,0.38,-0.1,44.73,43.1,41.47,89,170,0.53,85.91,9.14,2.5,5.78,2026-07-27,2026-07-27 07:33:40
1616,億泰,19.25,19.2,19.4,19.05,8.99,12.34,12.9,-0.45,-0.24,-0.21,22.8,20.85,18.89,257,470,0.55,36.48,12.42,1.36,7.06,2026-07-27,2026-07-27 07:33:41
1617,榮星,17.95,17.7,18.15,17.3,11.06,16.03,19.36,0.07,0.85,-0.78,26.29,21.58,16.86,592,1097,0.54,28.32,26.4,0.6,3.34,2026-07-27,2026-07-27 07:33:42
1618,合機,38.8,38.0,38.8,37.95,62.74,49.98,35.57,-0.71,-0.74,0.03,42.26,39.34,36.41,555,694,0.8,74.76,9.28,1.7,4.38,2026-07-27,2026-07-27 07:33:43
1623,大東電,219.0,218.0,219.0,215.0,16.98,22.55,35.44,-0.82,0.02,-0.84,238.97,223.72,208.48,82,110,0.75,144.54,16.1,8.0,3.65,2026-07-27,2026-07-27 07:33:44
1626,艾美特-KY,9.99,10.0,10.05,9.92,5.96,7.06,17.12,-0.13,-0.05,-0.08,11.8,10.6,9.41,37,48,0.77,14.97,,,,2026-07-27,2026-07-27 07:33:45
1702,南僑,33.3,33.55,33.55,33.2,46.94,59.0,49.21,0.42,0.44,-0.02,34.65,33.03,31.42,163,221,0.74,82.61,29.73,1.6,4.8,2026-07-27,2026-07-27 07:33:45
1707,葡萄王,90.8,91.5,91.6,90.5,27.14,32.75,48.31,-1.49,-1.73,0.24,93.1,91.57,90.04,233,400,0.58,134.51,11.11,6.0,6.61,2026-07-27,2026-07-27 07:33:46
1708,東鹼,52.5,53.5,53.5,50.9,31.91,32.11,20.0,0.81,1.81,-1.0,62.28,55.94,49.59,2253,3326,0.68,130.73,16.15,1.6,3.05,2026-07-27,2026-07-27 07:33:47
1709,和益,25.95,26.55,27.0,25.75,40.58,58.54,56.68,1.39,1.53,-0.14,29.22,25.57,21.92,2487,5242,0.47,123.79,21.1,0.8,3.08,2026-07-27,2026-07-27 07:33:48
1710,東聯,14.65,15.6,15.6,14.2,30.76,39.23,37.84,0.23,0.49,-0.27,19.17,16.85,14.53,12232,13983,0.87,128.48,15.26,,,2026-07-27,2026-07-27 07:33:49
1711,永光,35.4,35.8,36.0,34.25,12.04,15.87,21.58,-2.6,-2.02,-0.58,48.74,41.55,34.36,5054,3648,1.39,193.9,,0.3,0.85,2026-07-27,2026-07-27 07:33:50
1712,興農,39.35,39.35,39.5,39.1,40.47,41.13,44.12,-0.11,-0.08,-0.02,40.28,39.56,38.84,592,1448,0.41,165.46,15.93,2.5,6.35,2026-07-27,2026-07-27 07:33:51
1713,國化,48.0,48.55,48.55,47.95,63.46,54.38,39.22,-0.31,-0.32,0.0,49.82,48.32,46.81,121,127,0.96,72.46,12.47,3.1,6.46,2026-07-27,2026-07-27 07:33:52
1714,和桐,14.45,14.8,14.95,14.05,16.0,16.15,16.67,-0.37,0.15,-0.52,21.98,17.35,12.72,16317,15231,1.07,141.85,28.9,0.21,1.45,2026-07-27,2026-07-27 07:33:53
1717,長興,61.3,61.4,61.5,59.2,13.27,14.68,15.95,-3.69,-2.53,-1.16,84.73,70.47,56.21,8229,8284,0.99,725.94,43.48,1.0,1.63,2026-07-27,2026-07-27 07:33:54
1718,中纖,10.25,10.8,10.8,10.0,9.42,18.39,18.24,0.2,0.84,-0.64,16.29,13.49,10.69,47500,56251,0.84,136.68,113.89,,,2026-07-27,2026-07-27 07:33:55
1720,生達,57.4,56.7,57.6,56.4,60.92,49.17,66.11,0.36,0.32,0.05,56.95,56.07,55.19,422,602,0.7,112.83,12.19,2.0,3.48,2026-07-27,2026-07-27 07:33:56
1721,三晃,21.05,20.35,21.35,20.35,23.38,20.56,21.35,-1.25,-1.03,-0.22,28.31,23.41,18.52,550,665,0.83,38.92,,,,2026-07-27,2026-07-27 07:33:56
1722,台肥,46.7,46.45,46.9,46.35,18.35,16.1,34.74,-0.29,-0.12,-0.16,48.96,47.47,45.98,1634,2304,0.71,457.66,49.16,2.0,4.28,2026-07-27,2026-07-27 07:33:57
1723,中碳,86.4,88.9,88.9,85.3,43.6,52.05,59.17,1.43,1.29,0.14,91.45,84.9,78.36,743,1201,0.62,200.58,34.84,1.85,2.14,2026-07-27,2026-07-27 07:33:58
1725,元禎,29.8,29.95,29.95,29.15,36.5,26.57,24.12,-0.92,-0.72,-0.2,35.82,31.4,26.98,34,45,0.76,54.19,19.48,1.07,3.59,2026-07-27,2026-07-27 07:33:59
1726,永記,76.7,76.0,76.8,76.0,55.04,55.97,70.22,0.43,0.39,0.04,76.87,75.42,73.97,41,52,0.78,124.25,12.98,3.7,4.82,2026-07-27,2026-07-27 07:34:00
1727,中華化,76.0,75.8,76.6,73.1,18.11,22.67,29.08,-3.48,-1.83,-1.66,101.41,87.35,73.29,1383,1434,0.96,97.29,1900.0,0.15,0.2,2026-07-27,2026-07-27 07:34:01
1730,花仙子,51.6,51.9,51.9,51.5,59.85,56.42,59.09,0.3,0.31,-0.02,51.91,51.2,50.49,35,26,1.35,32.63,11.47,3.0,5.81,2026-07-27,2026-07-27 07:34:02
1731,美吾華,20.65,20.65,20.65,20.55,51.3,50.05,50.0,0.02,0.04,-0.02,20.81,20.65,20.5,56,76,0.74,,15.18,1.22,5.91,2026-07-27,2026-07-27 07:34:03
1732,毛寶,27.35,28.35,28.4,27.15,50.31,53.13,59.78,0.26,0.13,0.13,27.72,26.69,25.67,584,1111,0.53,11.61,39.64,0.5,1.83,2026-07-27,2026-07-27 07:34:04
1733,五鼎,32.2,32.05,32.3,31.8,74.1,73.59,77.11,0.73,0.64,0.09,32.67,30.78,28.88,129,218,0.59,32.18,19.88,1.3,4.04,2026-07-27,2026-07-27 07:34:05
1734,杏輝,31.55,31.4,31.75,31.1,71.12,52.54,60.17,0.36,0.27,0.09,31.35,30.19,29.03,279,625,0.45,63.61,17.43,1.0,3.17,2026-07-27,2026-07-27 07:34:05
1735,日勝化,19.85,19.55,19.9,19.3,23.86,22.44,27.97,-0.9,-0.8,-0.1,24.13,21.37,18.61,162,141,1.14,19.73,25.45,0.65,3.27,2026-07-27,2026-07-27 07:34:06
1736,喬山,133.5,135.5,137.5,132.0,53.96,54.76,54.64,3.51,3.48,0.02,139.14,131.47,123.81,280,889,0.32,405.03,14.74,4.5,3.37,2026-07-27,2026-07-27 07:34:07
1737,臺鹽,32.25,32.15,32.25,32.05,68.14,50.58,62.07,0.08,0.06,0.02,32.18,31.96,31.74,119,111,1.08,64.5,16.21,1.3,4.03,2026-07-27,2026-07-27 07:34:08
1742,台蠟,16.15,16.2,16.2,16.15,72.42,72.74,64.41,0.25,0.18,0.07,16.73,15.74,14.74,5,34,0.15,14.97,,,,2026-07-27,2026-07-27 07:34:09
1752,南光,31.6,31.6,32.1,31.45,33.78,32.09,38.64,0.02,0.03,-0.02,32.32,31.8,31.27,38,30,1.27,31.91,13.11,1.6,5.06,2026-07-27,2026-07-27 07:34:10
1760,寶齡富錦,60.5,61.1,61.3,60.4,20.27,23.1,27.27,-0.01,0.18,-0.2,64.9,61.86,58.82,102,143,0.71,51.87,27.38,1.8,2.98,2026-07-27,2026-07-27 07:34:11
1762,中化生,34.0,34.75,34.8,33.95,6.87,10.13,11.72,-0.76,-0.35,-0.41,40.67,36.88,33.09,133,125,1.06,26.15,75.56,0.19,0.56,2026-07-27,2026-07-27 07:34:12
1773,勝一,160.0,165.5,165.5,157.5,13.91,22.42,32.58,-2.27,-0.48,-1.78,185.9,173.07,160.25,764,743,1.03,480.0,22.22,4.0,2.5,2026-07-27,2026-07-27 07:34:13
1776,展宇,17.05,17.3,17.3,17.05,8.96,12.99,3.33,-0.37,-0.09,-0.28,21.2,18.95,16.71,35,71,0.49,10.25,63.15,0.6,3.52,2026-07-27,2026-07-27 07:34:14
1777,生泰,72.2,72.5,72.5,71.6,77.79,84.09,67.33,1.13,1.06,0.07,74.47,70.92,67.36,11,31,0.38,32.2,12.34,4.0,5.54,2026-07-27,2026-07-27 07:34:15
1780,立弘,24.15,23.2,24.15,23.1,68.09,47.41,42.06,-1.16,-1.38,0.22,25.8,23.8,21.79,163,114,1.43,26.34,18.02,1.25,5.18,2026-07-27,2026-07-27 07:34:16
1781,合世,11.6,11.3,11.6,11.3,14.86,18.38,40.63,-0.02,0.04,-0.07,12.2,11.85,11.51,8,28,0.29,5.5,,,,2026-07-27,2026-07-27 07:34:17
1783,和康生,40.9,40.45,40.95,40.05,68.74,59.08,53.16,0.32,0.3,0.01,41.27,40.11,38.94,124,73,1.7,36.69,13.91,2.0,4.89,2026-07-27,2026-07-27 07:34:18
1784,訊聯,59.6,60.1,60.1,58.8,7.52,9.6,11.39,-2.32,-1.68,-0.64,73.58,65.15,56.73,125,108,1.16,29.68,58.43,0.87,1.46,2026-07-27,2026-07-27 07:34:19
1785,光洋科,107.0,105.0,107.0,103.0,28.15,22.71,21.68,-9.63,-7.79,-1.84,161.27,126.38,91.49,4192,4802,0.87,637.7,21.15,2.0,1.87,2026-07-27,2026-07-27 07:34:20
1786,科妍,50.3,49.5,50.4,49.5,23.21,22.82,36.74,-1.28,-1.02,-0.25,56.54,52.66,48.79,88,108,0.82,36.56,23.07,1.91,3.8,2026-07-27,2026-07-27 07:34:21
1788,杏昌,130.5,130.0,130.5,129.5,54.29,56.29,55.56,0.19,0.19,-0.0,130.5,129.82,129.15,21,26,0.82,58.1,15.76,7.0,5.36,2026-07-27,2026-07-27 07:34:22
1789,神隆,19.6,19.7,19.7,19.45,16.81,22.86,34.21,-0.1,0.02,-0.12,21.23,20.3,19.36,312,509,0.61,154.98,150.77,0.29,1.48,2026-07-27,2026-07-27 07:34:22
1795,美時,184.0,185.5,186.5,183.0,8.18,14.44,26.53,-2.86,-1.38,-1.48,211.21,195.75,180.29,1341,1694,0.79,483.57,10.2,5.78,3.14,2026-07-27,2026-07-27 07:34:23
1796,金穎生技,31.0,30.9,31.0,30.9,28.53,28.83,37.2,-0.63,-0.54,-0.1,35.32,32.26,29.19,4,14,0.29,12.85,44.29,0.7,2.26,2026-07-27,2026-07-27 07:34:24
1799,易威,39.3,37.85,39.3,36.05,74.25,59.58,72.09,0.69,0.2,0.5,36.94,33.49,30.05,918,316,2.9,49.0,,,,2026-07-27,2026-07-27 07:34:25
1802,台玻,52.5,51.5,52.9,50.1,12.89,14.33,25.1,-4.14,-3.01,-1.14,76.07,62.12,48.17,14995,16610,0.9,1526.73,403.85,,,2026-07-27,2026-07-27 07:34:26
1805,寶徠,10.05,10.2,10.2,9.95,22.48,27.19,45.37,-0.06,-0.07,0.0,10.44,10.17,9.9,77,69,1.1,13.56,50.25,,,2026-07-27,2026-07-27 07:34:27
1806,冠軍,8.17,8.26,8.26,8.11,51.75,48.58,41.6,0.03,0.03,-0.01,8.42,8.18,7.94,97,243,0.4,31.58,28.17,0.15,1.84,2026-07-27,2026-07-27 07:34:29
1808,潤隆,32.15,32.45,32.45,31.9,77.79,75.65,75.0,0.45,0.33,0.12,32.96,31.06,29.17,553,730,0.76,287.11,12.56,2.22,6.91,2026-07-27,2026-07-27 07:34:30
1809,中釉,36.9,36.9,37.4,35.5,13.79,15.02,15.82,-3.16,-1.98,-1.18,58.35,45.68,33.0,986,1117,0.88,61.64,194.21,0.25,0.68,2026-07-27,2026-07-27 07:34:31
1810,和成,26.5,27.6,27.85,26.2,41.88,61.71,54.48,2.26,2.28,-0.02,33.89,26.4,18.91,12861,28853,0.45,79.99,530.0,0.2,0.75,2026-07-27,2026-07-27 07:34:32
1813,寶利徠,11.85,11.8,11.85,11.8,38.81,48.27,42.86,-0.05,-0.04,-0.01,12.09,11.94,11.79,6,5,1.24,5.53,,,,2026-07-27,2026-07-27 07:34:34
1815,富喬,75.2,73.3,75.2,72.1,13.19,14.5,20.66,-6.69,-5.09,-1.59,112.0,90.53,69.05,7282,9382,0.78,439.83,45.85,,,2026-07-27,2026-07-27 07:34:35
1817,凱撒衛,38.65,38.45,38.65,38.4,47.2,48.97,44.44,0.16,0.22,-0.06,38.9,38.62,38.35,45,57,0.78,28.06,10.77,2.2,5.69,2026-07-27,2026-07-27 07:34:36
1903,士紙,48.7,48.85,48.9,48.4,43.46,44.54,48.35,0.14,0.12,0.01,50.0,48.6,47.21,78,106,0.73,126.64,37.75,,,2026-07-27,2026-07-27 07:34:37
1904,正隆,21.55,21.45,21.7,21.3,21.9,20.42,24.39,-0.01,0.2,-0.21,24.08,22.25,20.42,820,979,0.84,238.83,29.12,0.45,2.09,2026-07-27,2026-07-27 07:34:38
1905,華紙,13.5,14.0,14.0,13.35,8.56,9.73,15.58,-0.32,-0.04,-0.28,17.44,15.21,12.98,2334,1976,1.18,148.88,,,,2026-07-27,2026-07-27 07:34:39
1906,寶隆,11.0,11.05,11.05,10.8,42.97,42.79,40.0,-0.05,-0.02,-0.03,11.52,11.15,10.78,32,47,0.68,16.61,1100.0,0.1,0.91,2026-07-27,2026-07-27 07:34:40
1907,永豐餘,28.05,28.1,28.15,27.9,37.32,46.81,56.97,0.65,0.7,-0.05,29.13,27.49,25.84,1006,971,1.04,465.73,19.89,1.0,3.57,2026-07-27,2026-07-27 07:34:40
1909,榮成,10.05,9.96,10.05,9.93,35.08,34.74,32.5,0.08,0.14,-0.06,10.88,10.2,9.51,1569,2316,0.68,130.59,,,,2026-07-27,2026-07-27 07:34:41
2002,中鋼,19.25,19.25,19.35,19.15,78.15,66.41,71.09,0.06,-0.02,0.09,19.15,18.62,18.09,34191,52039,0.66,2941.4,48.1,0.15,0.78,2026-07-27,2026-07-27 07:34:42
2006,東和鋼鐵,73.0,71.8,73.1,71.6,75.64,67.89,70.71,0.92,0.77,0.15,73.19,70.19,67.19,3170,2650,1.2,533.06,11.34,4.3,5.89,2026-07-27,2026-07-27 07:34:43
2007,燁興,7.13,7.29,7.29,7.08,33.58,31.27,45.16,-0.06,-0.05,-0.0,7.45,7.23,7.01,146,184,0.79,37.84,,,,2026-07-27,2026-07-27 07:34:44
2008,高興昌,31.0,31.0,31.0,30.5,65.37,67.96,74.97,0.55,0.49,0.06,31.82,30.01,28.2,29,33,0.87,59.16,45.59,1.0,3.23,2026-07-27,2026-07-27 07:34:45
2009,第一銅,37.3,37.45,37.85,37.15,59.03,50.55,41.5,-0.51,-0.51,0.0,39.77,38.07,36.37,508,794,0.64,134.14,65.44,0.4,1.07,2026-07-27,2026-07-27 07:34:46
2010,春源,21.15,21.1,21.25,21.05,49.32,41.87,39.02,-0.21,-0.2,-0.0,21.82,21.29,20.75,580,745,0.78,136.98,9.12,2.0,9.46,2026-07-27,2026-07-27 07:34:47
2012,春雨,15.65,15.85,15.85,15.45,36.59,37.56,39.62,0.1,0.17,-0.07,16.8,15.96,15.11,44,35,1.25,43.62,86.94,1.0,6.39,2026-07-27,2026-07-27 07:34:48
2013,中鋼構,41.0,41.4,41.4,40.85,50.95,49.02,46.38,0.0,0.04,-0.04,41.76,41.13,40.5,114,88,1.3,82.0,12.89,2.4,5.85,2026-07-27,2026-07-27 07:34:49
2014,中鴻,17.2,17.55,17.55,17.05,44.71,41.6,50.0,-0.12,-0.15,0.03,17.71,17.24,16.76,2090,3156,0.66,246.91,49.61,,,2026-07-27,2026-07-27 07:34:50
2015,豐興,64.5,64.2,64.8,64.2,71.54,69.4,65.85,0.56,0.41,0.15,65.05,62.76,60.46,461,258,1.79,375.13,16.75,3.3,5.12,2026-07-27,2026-07-27 07:34:51
2017,官田鋼,9.01,8.98,9.11,8.95,34.23,27.11,40.82,-0.07,-0.05,-0.01,9.48,9.1,8.72,375,309,1.21,38.42,,,,2026-07-27,2026-07-27 07:34:52
2020,美亞,21.35,21.35,21.45,21.3,38.4,32.67,46.67,-0.1,-0.09,-0.0,21.73,21.38,21.03,268,202,1.33,57.01,10.02,1.8,8.43,2026-07-27,2026-07-27 07:34:52
2022,聚亨,7.76,7.78,7.79,7.7,38.81,32.03,34.52,-0.04,-0.02,-0.02,8.24,7.9,7.55,314,389,0.81,26.16,,,,2026-07-27,2026-07-27 07:34:53
2023,燁輝,13.75,14.05,14.1,13.75,32.99,33.3,52.63,0.02,0.02,0.0,14.21,13.79,13.38,988,1266,0.78,250.42,36.18,,,2026-07-27,2026-07-27 07:34:54
2024,志聯,13.85,13.85,13.85,13.8,44.95,48.39,48.72,-0.06,-0.06,-0.0,14.16,13.83,13.49,11,9,1.14,13.5,,,,2026-07-27,2026-07-27 07:34:55
2025,千興,11.75,11.7,11.95,11.7,46.88,37.31,37.68,-0.39,-0.37,-0.01,13.78,12.22,10.66,288,346,0.83,20.29,,,,2026-07-27,2026-07-27 07:34:56
2027,大成鋼,44.55,44.4,45.15,43.45,80.41,76.72,73.03,1.1,0.54,0.56,44.6,40.52,36.43,22590,23719,0.95,1047.92,13.22,1.5,3.37,2026-07-27,2026-07-27 07:34:57
2028,威致,15.65,15.6,15.7,15.5,48.33,45.96,43.24,-0.2,-0.22,0.02,16.11,15.76,15.42,100,79,1.26,50.71,55.89,0.2,1.28,2026-07-27,2026-07-27 07:34:58
2029,盛餘,20.8,20.85,20.85,20.7,67.02,65.41,65.68,0.16,0.13,0.03,20.87,20.4,19.93,83,154,0.54,66.81,28.11,0.6,2.88,2026-07-27,2026-07-27 07:34:59
2030,彰源,17.3,17.5,17.55,17.25,43.13,37.54,25.0,-0.24,-0.17,-0.07,19.21,17.88,16.56,461,562,0.82,47.74,49.43,0.5,2.89,2026-07-27,2026-07-27 07:35:00
2031,新光鋼,40.95,40.7,40.95,40.4,73.76,66.68,68.66,0.49,0.36,0.14,41.07,39.19,37.32,824,683,1.21,131.51,8.98,2.5,6.11,2026-07-27,2026-07-27 07:35:01
2032,新鋼,16.05,16.05,16.15,15.95,46.67,40.14,40.91,-0.29,-0.3,0.01,17.04,16.29,15.54,243,255,0.96,20.95,28.66,0.5,3.12,2026-07-27,2026-07-27 07:35:01
2033,佳大,15.3,15.3,15.3,15.1,71.99,52.35,32.65,-0.19,-0.18,-0.01,16.67,15.56,14.45,91,105,0.86,12.35,43.71,0.2,1.31,2026-07-27,2026-07-27 07:35:02
2034,允強,19.2,19.3,19.4,19.05,23.96,34.96,42.16,0.0,0.04,-0.04,20.01,19.47,18.94,834,818,1.02,101.57,96.0,1.0,5.21,2026-07-27,2026-07-27 07:35:03
2035,唐榮,27.15,27.15,27.15,27.15,51.08,48.79,20.0,-0.19,-0.15,-0.04,28.12,27.5,26.89,0,11,0.0,95.02,,,,2026-07-24,2026-07-27 07:35:04
2038,海光,12.7,12.75,12.85,12.6,40.36,34.9,34.21,-0.25,-0.24,-0.01,13.7,13.03,12.35,153,242,0.63,24.66,,,,2026-07-27,2026-07-27 07:35:05
2049,上銀,323.0,316.0,324.5,306.5,50.34,40.22,41.26,-6.23,-5.92,-0.31,361.12,328.22,295.32,1416,1673,0.85,1142.75,70.68,2.0,0.62,2026-07-27,2026-07-27 07:35:06
2059,川湖,8275.0,7780.0,8275.0,7675.0,45.94,46.23,50.21,341.98,439.47,-97.49,8638.81,8035.75,7432.69,530,583,0.91,7885.83,74.81,51.0,0.62,2026-07-27,2026-07-27 07:35:07
2061,風青,54.5,52.1,56.1,49.7,17.91,16.25,20.42,-0.22,2.84,-3.06,86.1,65.11,44.13,2443,2808,0.87,31.27,,,,2026-07-27,2026-07-27 07:35:08
2062,橋椿,18.7,18.85,18.85,18.5,27.35,33.4,42.86,-0.11,-0.08,-0.03,19.47,19.05,18.63,168,171,0.98,37.4,47.95,1.8,9.63,2026-07-27,2026-07-27 07:35:09
2063,世鎧,24.0,24.05,24.05,24.0,37.8,46.47,41.67,-0.17,-0.2,0.03,24.27,24.09,23.9,7,11,0.64,11.54,15.58,8.0,33.33,2026-07-27,2026-07-27 07:35:10
2064,晉椿,12.6,12.95,13.25,12.45,7.51,8.42,25.0,-0.26,-0.19,-0.07,14.08,13.27,12.45,319,179,1.77,8.77,,,,2026-07-27,2026-07-27 07:35:11
2065,世豐,31.8,32.0,32.0,31.6,46.66,44.49,32.56,-0.4,-0.39,-0.01,33.04,32.31,31.58,29,39,0.75,20.2,28.65,1.5,4.72,2026-07-27,2026-07-27 07:35:12
2066,世德,62.0,63.3,63.3,62.0,29.91,32.7,30.56,-0.2,0.55,-0.75,70.05,65.5,60.95,28,24,1.16,27.4,46.62,3.02,4.87,2026-07-27,2026-07-27 07:35:13
2067,嘉鋼,6.57,6.57,6.57,6.57,55.69,53.61,41.23,-0.01,-0.01,-0.0,6.82,6.6,6.39,2,6,0.32,2.97,,,,2026-07-27,2026-07-27 07:35:14
2069,運錩,18.35,18.6,18.6,18.15,64.3,69.41,52.5,-0.0,-0.02,0.02,18.92,18.4,17.88,174,188,0.93,30.53,11.33,1.0,5.45,2026-07-27,2026-07-27 07:35:15
2070,精湛,51.9,51.6,52.1,51.0,10.92,11.94,19.87,-3.27,-2.76,-0.5,66.43,57.65,48.88,104,112,0.93,21.69,23.38,1.49,2.87,2026-07-27,2026-07-27 07:35:16
2072,世紀風電,152.5,148.0,154.5,146.5,57.14,41.27,61.54,-5.48,-7.0,1.52,152.52,145.47,138.43,1025,360,2.84,292.8,10.38,7.08,4.64,2026-07-27,2026-07-27 07:35:17
2073,雄順,28.4,28.4,28.4,28.4,82.74,73.11,61.36,0.43,0.28,0.15,28.4,26.75,25.11,2,5,0.34,7.81,,0.3,1.06,2026-07-27,2026-07-27 07:35:18
2101,南港,33.15,33.2,33.3,32.75,15.55,22.93,39.08,0.23,0.36,-0.14,35.35,33.51,31.66,754,1044,0.72,238.97,32.82,0.7,2.11,2026-07-27,2026-07-27 07:35:19
2102,泰豐,19.15,19.1,19.15,19.0,52.03,52.98,55.77,0.19,0.18,0.01,19.48,18.85,18.21,94,233,0.41,88.01,3.05,,,2026-07-27,2026-07-27 07:35:20
2103,台橡,22.2,23.3,23.3,22.0,14.96,25.42,37.44,0.49,0.72,-0.23,25.98,23.35,20.73,6209,4956,1.25,183.31,33.13,0.27,1.22,2026-07-27,2026-07-27 07:35:21
2104,國際中橡,10.15,10.35,10.35,10.0,20.42,26.31,34.62,-0.03,0.02,-0.05,11.26,10.6,9.93,5873,3637,1.61,98.45,37.59,,,2026-07-27,2026-07-27 07:35:22
2105,正新,30.8,31.0,31.15,30.7,12.25,27.53,33.33,0.09,0.33,-0.24,34.13,32.07,30.0,9114,10755,0.85,998.36,19.01,1.8,5.84,2026-07-27,2026-07-27 07:35:23
2106,建大,18.0,17.85,18.1,17.6,43.36,47.18,54.35,0.2,0.21,-0.01,18.43,17.67,16.9,1057,782,1.35,171.88,100.0,0.65,3.61,2026-07-27,2026-07-27 07:35:24
2107,厚生,25.95,25.95,26.0,25.7,50.91,50.42,59.38,0.2,0.24,-0.04,26.12,25.81,25.5,156,221,0.71,78.78,15.54,1.4,5.39,2026-07-27,2026-07-27 07:35:25
2108,南帝,27.95,28.4,28.4,27.65,46.15,43.84,35.78,-0.09,-0.04,-0.05,29.93,28.5,27.06,705,563,1.25,137.63,32.5,1.0,3.58,2026-07-27,2026-07-27 07:35:26
2109,華豐,14.45,14.5,14.5,14.4,37.36,41.11,30.0,0.0,0.05,-0.05,14.98,14.69,14.4,60,91,0.65,40.37,12.46,1.3,9.0,2026-07-27,2026-07-27 07:35:26
2114,鑫永銓,87.8,87.6,88.2,87.6,28.52,27.33,32.31,-0.24,0.04,-0.28,91.0,88.88,86.75,22,42,0.53,68.48,15.24,5.0,5.69,2026-07-27,2026-07-27 07:35:27
2115,六暉-KY,22.1,22.25,22.3,21.95,67.54,73.09,68.89,0.41,0.39,0.02,22.57,21.55,20.52,58,81,0.72,23.07,13.99,1.5,6.79,2026-07-27,2026-07-27 07:35:28
2201,裕隆,27.65,28.15,28.15,27.65,22.47,35.86,32.43,0.05,0.15,-0.1,29.43,28.24,27.06,1300,1468,0.89,293.77,29.73,0.56,2.03,2026-07-27,2026-07-27 07:35:29
2204,中華,51.8,52.0,52.3,51.6,10.9,20.46,34.61,0.01,0.28,-0.27,54.49,52.93,51.38,497,1461,0.34,286.78,9.42,3.6,6.95,2026-07-27,2026-07-27 07:35:30
2206,三陽工業,63.1,61.8,63.2,61.4,63.17,54.62,64.3,0.77,0.71,0.06,62.91,60.6,58.28,1593,2068,0.77,478.62,11.27,3.06,4.85,2026-07-27,2026-07-27 07:35:31
2207,和泰車,498.0,502.0,503.0,493.0,61.17,59.9,75.96,6.76,5.54,1.22,502.0,481.02,460.05,400,309,1.29,2774.37,14.69,20.0,4.02,2026-07-27,2026-07-27 07:35:32
2208,台船,19.3,19.7,19.85,19.1,14.45,24.01,48.94,0.32,0.48,-0.16,21.82,20.14,18.46,4330,7622,0.57,245.99,,,,2026-07-27,2026-07-27 07:35:33
2211,長榮鋼,88.6,88.3,88.7,87.5,53.76,44.88,50.51,-0.06,-0.01,-0.04,89.91,88.39,86.87,630,586,1.07,369.54,10.83,6.5,7.34,2026-07-27,2026-07-27 07:35:34
2221,大甲,48.5,49.3,50.2,48.35,24.99,39.03,50.73,1.54,1.89,-0.35,55.32,49.13,42.93,289,638,0.45,20.53,21.18,1.5,3.09,2026-07-27,2026-07-27 07:35:35
2227,裕日車,50.5,50.1,50.8,50.0,51.31,51.97,58.0,0.1,0.03,0.08,50.69,49.9,49.1,75,49,1.52,151.5,38.85,0.84,1.66,2026-07-27,2026-07-27 07:35:36
2228,劍麟,80.0,79.9,80.5,79.0,59.55,49.29,45.61,-0.51,-0.46,-0.05,83.3,80.53,77.75,58,64,0.89,63.82,15.72,4.5,5.62,2026-07-27,2026-07-27 07:35:37
2230,泰茂,22.55,22.5,22.55,22.0,39.66,31.0,30.58,-1.03,-1.07,0.04,26.04,23.36,20.69,110,102,1.08,15.12,,0.61,2.71,2026-07-27,2026-07-27 07:35:38
2231,為升,95.2,95.7,95.7,94.0,7.92,16.29,33.33,-1.11,1.41,-2.52,127.91,110.56,93.21,234,834,0.28,129.41,14.87,2.07,2.17,2026-07-27,2026-07-27 07:35:39
2233,宇隆,205.0,204.0,206.5,196.0,22.47,23.68,28.64,-18.2,-17.19,-1.01,276.85,232.7,188.55,443,520,0.85,123.59,30.6,4.0,1.95,2026-07-27,2026-07-27 07:35:39
2235,謚源,27.8,27.8,27.8,27.8,41.84,31.78,42.79,-0.32,-0.27,-0.05,29.22,28.06,26.89,1,2,0.36,9.97,29.26,1.5,5.4,2026-07-27,2026-07-27 07:35:41
2236,百達-KY,146.0,146.5,150.0,142.5,15.71,21.26,5.75,0.25,3.92,-3.67,190.32,164.55,138.78,780,459,1.7,89.65,18.93,0.31,0.21,2026-07-27,2026-07-27 07:35:42
2239,英利-KY,20.0,20.25,20.35,19.8,21.56,15.88,12.07,-0.71,-0.65,-0.06,23.37,21.08,18.79,34,63,0.54,23.54,2.62,,,2026-07-27,2026-07-27 07:35:42
2241,艾姆勒,34.0,35.3,35.3,33.0,10.62,8.31,16.3,-2.1,-1.11,-0.99,49.51,40.36,31.21,1064,799,1.33,35.56,,,,2026-07-27,2026-07-27 07:35:43
2243,宏旭-KY,48.0,50.0,50.4,47.4,33.51,41.77,27.73,1.61,3.04,-1.42,65.7,54.81,43.92,509,703,0.72,33.3,39.34,,,2026-07-27,2026-07-27 07:35:44
2247,汎德永業,225.5,225.5,228.0,223.5,52.55,38.33,49.19,0.17,0.56,-0.38,232.26,224.96,217.65,25,32,0.79,182.0,15.0,33.0,14.63,2026-07-27,2026-07-27 07:35:45
2248,華勝-KY,61.5,62.3,62.9,61.0,33.67,50.58,63.58,2.59,2.51,0.09,68.77,59.13,49.48,78,216,0.36,29.27,11.58,3.11,5.06,2026-07-27,2026-07-27 07:35:46
2250,IKKA-KY,62.0,61.1,62.0,60.6,21.19,18.63,26.06,-0.68,-0.19,-0.49,72.85,64.96,57.07,61,71,0.87,22.56,15.74,3.35,5.4,2026-07-27,2026-07-27 07:35:47
2254,巨鎧精密-創,59.5,59.5,60.5,59.5,39.71,44.91,49.15,-0.28,-0.51,0.23,61.11,59.76,58.41,4,5,0.77,37.93,,,,2026-07-27,2026-07-27 07:35:48
2258,鴻華先進-創,32.0,32.25,32.25,31.55,55.12,56.78,45.57,0.08,0.19,-0.11,33.15,32.26,31.38,324,336,0.96,557.97,,,,2026-07-27,2026-07-27 07:35:49
2301,光寶科,212.0,216.5,216.5,204.0,56.98,49.4,49.38,-1.04,-1.16,0.12,230.11,214.4,198.69,12611,16316,0.77,4811.92,31.36,7.51,3.54,2026-07-27,2026-07-27 07:35:50
2302,麗正,41.5,42.5,42.8,40.2,39.2,33.63,34.05,0.04,0.98,-0.94,54.64,45.67,36.71,3082,5534,0.56,69.02,84.69,0.35,0.84,2026-07-27,2026-07-27 07:35:51
2303,聯電,126.0,123.0,127.0,118.0,19.54,25.4,36.2,-3.53,1.01,-4.54,178.62,150.97,123.31,219215,183208,1.2,15808.51,31.98,2.61,2.07,2026-07-27,2026-07-27 07:35:51
2305,全友,31.85,32.3,32.65,30.15,26.13,26.88,34.22,0.37,1.34,-0.97,41.8,35.79,29.78,6291,5772,1.09,64.57,159.25,,,2026-07-27,2026-07-27 07:35:52
2308,台達電,1755.0,1755.0,1785.0,1695.0,42.55,41.44,38.84,-74.22,-75.11,0.89,2062.25,1881.75,1701.25,9917,8569,1.16,45586.89,64.69,11.6,0.66,2026-07-27,2026-07-27 07:35:53
2312,金寶,31.95,31.85,32.0,30.6,47.46,43.11,41.37,-0.66,-0.47,-0.19,36.38,33.52,30.67,11660,17686,0.66,481.0,30.72,0.6,1.88,2026-07-27,2026-07-27 07:35:54
2313,華通,199.5,202.5,205.0,194.0,24.39,30.51,43.07,-10.58,-8.98,-1.6,247.77,221.07,194.38,30800,29830,1.03,2391.45,35.5,2.78,1.39,2026-07-27,2026-07-27 07:35:55
2314,台揚,12.5,12.2,12.55,12.2,18.68,15.66,28.57,-0.6,-0.54,-0.06,15.07,13.44,11.81,96,122,0.79,23.43,9.19,,,2026-07-27,2026-07-27 07:35:56
2316,楠梓電,155.0,155.0,157.0,148.5,24.21,22.0,25.31,-8.61,-3.21,-5.4,237.24,186.92,136.61,1461,3340,0.44,281.22,10.05,2.0,1.29,2026-07-27,2026-07-27 07:35:57
2317,鴻海,253.0,253.0,254.5,246.0,75.08,66.73,67.02,0.58,-1.81,2.39,255.52,241.9,228.28,35824,49372,0.73,35424.86,18.87,7.17,2.83,2026-07-27,2026-07-27 07:35:58
2321,東訊,15.0,14.95,15.0,14.95,49.63,60.4,59.74,0.44,0.42,0.02,16.74,14.68,12.62,5,5,0.91,4.49,,,,2026-07-27,2026-07-27 07:35:59
2323,中環,10.3,10.4,10.4,10.05,32.93,32.0,28.57,-0.22,-0.13,-0.08,12.03,10.97,9.91,4791,4215,1.14,112.2,6.52,0.3,2.91,2026-07-27,2026-07-27 07:36:00
2324,仁寶,37.15,37.5,37.5,36.05,71.49,58.34,61.94,0.21,0.08,0.13,37.51,35.87,34.23,40141,43843,0.92,1581.52,28.14,1.1,2.96,2026-07-27,2026-07-27 07:36:01
2327,國巨*,625.0,650.0,655.0,590.0,17.86,16.85,21.07,-64.73,-33.55,-31.18,1177.12,840.7,504.28,56791,63015,0.9,12867.07,49.17,6.0,0.96,2026-07-27,2026-07-27 07:36:02
2328,廣宇,45.15,44.9,45.2,44.3,27.16,31.48,35.14,-1.39,-1.14,-0.26,52.8,48.39,43.98,1645,1873,0.88,234.03,46.07,0.9,1.99,2026-07-27,2026-07-27 07:36:02
2329,華泰,44.45,45.05,45.2,43.25,32.2,30.83,32.36,-2.5,-2.11,-0.39,56.59,49.55,42.52,2634,3590,0.73,292.9,22.11,1.0,2.25,2026-07-27,2026-07-27 07:36:03
2330,台積電,2350.0,2330.0,2365.0,2330.0,40.96,42.95,41.67,-1.93,10.19,-12.11,2522.78,2415.75,2308.72,25513,25833,0.99,609410.69,31.95,24.0,1.02,2026-07-27,2026-07-27 07:36:04
2331,精英,19.2,19.5,19.5,18.75,30.05,32.99,34.48,-0.52,-0.42,-0.1,21.78,20.36,18.94,1302,1172,1.11,107.02,13.71,0.21,1.09,2026-07-27,2026-07-27 07:36:05
2332,友訊,24.3,22.3,24.3,22.3,54.14,49.77,61.54,1.35,1.43,-0.09,26.51,21.78,17.06,74519,56465,1.32,145.01,81.0,0.1,0.41,2026-07-27,2026-07-27 07:36:06
2337,旺宏,125.5,123.5,125.5,118.0,30.49,30.68,41.82,-7.41,-6.36,-1.05,156.66,136.9,117.14,37377,48594,0.77,2421.05,3.52,,,2026-07-27,2026-07-27 07:36:07
2338,光罩,41.3,40.85,41.35,40.25,16.78,21.91,29.05,-2.43,-1.82,-0.61,54.52,46.79,39.06,1179,1475,0.8,135.06,137.67,,,2026-07-27,2026-07-27 07:36:08
2340,台亞,30.7,30.8,31.25,30.05,13.72,16.72,25.0,-1.67,-1.14,-0.54,40.57,35.04,29.5,1824,2840,0.64,134.43,55.82,,,2026-07-27,2026-07-27 07:36:09
2342,茂矽,38.3,39.2,39.7,37.1,12.17,14.07,21.28,-2.49,-0.99,-1.49,61.94,48.34,34.75,2294,2633,0.87,60.33,20.82,0.3,0.78,2026-07-27,2026-07-27 07:36:10
2344,華邦電,160.0,155.0,161.0,150.0,35.76,32.73,43.81,-4.9,-2.33,-2.57,200.0,171.8,143.6,110274,119888,0.92,7200.0,47.48,0.5,0.31,2026-07-27,2026-07-27 07:36:11
2345,智邦,2240.0,2280.0,2285.0,2170.0,48.71,39.45,38.74,-64.19,-49.97,-14.23,2782.09,2395.5,2008.91,1808,1956,0.92,12519.54,42.58,15.0,0.67,2026-07-27,2026-07-27 07:36:12
2347,聯強,88.6,88.8,89.4,87.1,76.13,65.19,54.54,0.49,0.26,0.24,91.16,86.63,82.09,2164,4960,0.44,1477.8,15.41,4.2,4.74,2026-07-27,2026-07-27 07:36:13
2348,海悅,77.8,78.8,78.8,77.5,43.74,50.79,61.83,1.49,1.42,0.06,81.22,76.37,71.52,490,443,1.11,118.05,16.73,5.0,6.43,2026-07-27,2026-07-27 07:36:13
2349,錸德,11.05,11.3,11.3,10.85,21.45,20.89,18.64,-0.57,-0.47,-0.1,13.86,12.21,10.56,1709,1481,1.15,76.65,10.33,,,2026-07-27,2026-07-27 07:36:15
2351,順德,160.5,159.5,164.0,154.0,12.87,14.12,25.91,-9.84,-5.19,-4.65,236.06,191.3,146.54,1906,2095,0.91,292.33,74.31,1.03,0.64,2026-07-27,2026-07-27 07:36:16
2352,佳世達,28.75,29.4,29.4,28.25,26.33,27.94,25.33,-0.19,0.14,-0.33,34.09,30.83,27.57,5478,9419,0.58,454.4,48.73,1.0,3.48,2026-07-27,2026-07-27 07:36:17
2353,宏碁,30.1,30.35,30.35,29.6,41.6,32.49,34.68,-0.83,-0.7,-0.12,33.75,31.33,28.91,19609,18458,1.06,904.87,22.98,1.3,4.32,2026-07-27,2026-07-27 07:36:18
2354,鴻準,56.2,57.5,57.5,55.5,67.07,55.95,46.6,0.01,-0.09,0.1,58.75,55.98,53.22,3703,4320,0.86,794.94,26.64,1.5,2.67,2026-07-27,2026-07-27 07:36:19
2355,敬鵬,40.8,41.0,41.15,39.9,23.25,23.49,17.9,-3.32,-2.88,-0.45,55.23,46.92,38.61,3106,3049,1.02,162.12,25.66,1.0,2.45,2026-07-27,2026-07-27 07:36:20
2356,英業達,63.8,64.2,64.6,61.4,63.74,44.4,51.0,-0.3,-0.37,0.07,68.59,63.13,57.67,24076,34235,0.7,2288.81,26.47,2.0,3.13,2026-07-27,2026-07-27 07:36:21
2357,華碩,760.0,778.0,778.0,735.0,82.47,79.21,76.8,15.17,6.25,8.92,777.51,703.5,629.49,3703,4144,0.89,5644.98,13.69,42.0,5.53,2026-07-27,2026-07-27 07:36:22
2359,所羅門,144.5,142.0,144.5,138.5,60.63,55.19,61.43,2.04,1.84,0.2,150.22,140.0,129.78,4277,5031,0.85,247.63,74.48,1.0,0.69,2026-07-27,2026-07-27 07:36:23
2360,致茂,2100.0,2100.0,2115.0,1980.0,72.94,64.15,57.14,-33.49,-67.76,34.27,2337.51,2013.5,1689.49,2200,2741,0.8,8895.41,66.41,19.5,0.93,2026-07-27,2026-07-27 07:36:24
2362,藍天,44.05,44.15,44.4,43.15,80.81,65.86,51.05,0.17,-0.02,0.19,45.12,42.68,40.23,637,758,0.84,254.61,21.59,2.0,4.54,2026-07-27,2026-07-27 07:36:25
2363,矽統,54.6,55.3,55.7,53.2,22.23,24.61,26.97,-2.5,-1.29,-1.21,74.98,63.44,51.9,3982,5320,0.75,278.56,32.12,0.5,0.92,2026-07-27,2026-07-27 07:36:25
2364,倫飛,70.7,71.2,71.5,70.2,71.53,65.85,55.8,0.64,0.38,0.25,72.33,69.24,66.16,103,180,0.57,37.04,16.95,2.0,2.83,2026-07-27,2026-07-27 07:36:26
2365,昆盈,29.55,30.05,30.25,29.2,23.8,25.07,35.44,-1.09,-0.97,-0.11,35.25,31.83,28.42,1307,4568,0.29,65.46,92.34,0.3,1.02,2026-07-27,2026-07-27 07:36:27
2367,燿華,41.95,42.1,43.2,41.15,14.13,18.23,29.93,-4.23,-3.8,-0.43,58.5,49.18,39.86,6154,6471,0.95,296.27,14.52,0.2,0.48,2026-07-27,2026-07-27 07:36:28
2368,金像電,895.0,905.0,907.0,874.0,17.92,19.73,19.85,-94.23,-84.32,-9.91,1315.1,1061.05,807.0,2617,4709,0.56,4523.13,47.08,9.8,1.09,2026-07-27,2026-07-27 07:36:29
2369,菱生,32.45,32.65,33.3,31.4,14.73,19.78,29.78,-1.15,-0.11,-1.04,45.55,38.46,31.36,7134,12174,0.59,121.51,19.32,0.3,0.92,2026-07-27,2026-07-27 07:36:30
2371,大同,25.7,26.0,26.0,25.5,19.82,24.55,35.19,-0.61,-0.53,-0.08,28.54,27.01,25.47,5813,6344,0.92,525.84,10.98,3.11,12.1,2026-07-27,2026-07-27 07:36:31
2373,震旦行,53.8,54.4,54.4,53.5,24.88,30.13,51.16,-0.06,-0.02,-0.04,54.82,54.0,53.17,35,41,0.85,120.35,13.87,3.7,6.88,2026-07-27,2026-07-27 07:36:32
2374,佳能,68.1,68.5,69.5,67.5,32.61,27.53,29.19,-2.38,-1.94,-0.44,80.08,72.19,64.31,3846,2298,1.67,230.17,23.73,2.0,2.94,2026-07-27,2026-07-27 07:36:33
2375,凱美,131.0,131.5,136.5,127.0,7.31,7.99,11.63,-12.49,-5.45,-7.04,240.58,175.8,111.02,5592,5753,0.97,142.36,35.22,1.2,0.92,2026-07-27,2026-07-27 07:36:34
2376,技嘉,349.5,355.0,355.0,338.0,82.22,75.23,64.9,3.04,1.0,2.04,355.15,339.2,323.25,6561,6756,0.97,2341.26,17.39,12.0,3.43,2026-07-27,2026-07-27 07:36:35
2377,微星,146.5,146.5,147.0,137.5,63.11,64.75,60.44,3.55,3.88,-0.33,153.36,145.4,137.44,14191,19289,0.74,1237.71,21.7,5.0,3.41,2026-07-27,2026-07-27 07:36:36
2379,瑞昱,762.0,754.0,783.0,745.0,53.4,38.91,47.52,4.84,12.44,-7.59,852.52,771.0,689.48,4831,3707,1.3,3908.02,27.98,25.5,3.35,2026-07-27,2026-07-27 07:36:37
2380,虹光,19.75,19.1,19.75,19.0,44.78,29.19,42.98,-0.6,-0.58,-0.02,21.89,19.96,18.02,72,67,1.08,3.27,7.6,,,2026-07-27,2026-07-27 07:36:37
2382,廣達,322.0,324.5,326.5,314.5,28.68,29.55,31.73,-6.61,-2.77,-3.85,381.43,347.41,313.39,19748,19883,0.99,12411.55,17.01,15.6,4.84,2026-07-27,2026-07-27 07:36:38
2383,台光電,4815.0,4825.0,4890.0,4640.0,54.67,45.75,41.54,-109.6,-68.04,-41.56,5933.78,5146.75,4359.72,1442,1772,0.81,17253.16,104.4,16.58,0.34,2026-07-27,2026-07-27 07:36:39
2385,群光,106.0,107.0,107.0,105.0,59.43,48.08,46.15,-2.56,-3.38,0.82,108.77,105.78,102.78,2241,4179,0.54,777.36,12.13,7.2,6.79,2026-07-27,2026-07-27 07:36:40
2387,精元,38.5,38.85,39.25,38.3,51.94,43.24,32.08,-0.42,-0.38,-0.03,41.57,39.48,37.38,241,252,0.96,74.51,11.16,4.0,10.39,2026-07-27,2026-07-27 07:36:41
2388,威盛,73.9,74.5,75.2,72.7,72.09,65.27,55.79,0.12,-0.22,0.33,76.78,72.33,67.89,3884,8393,0.46,407.37,615.83,0.05,0.07,2026-07-27,2026-07-27 07:36:42
2390,云辰,10.9,11.1,11.1,10.75,14.04,17.84,20.29,-0.25,-0.05,-0.19,13.63,12.04,10.45,453,445,1.02,21.0,,,,2026-07-27,2026-07-27 07:36:43
2392,正崴,35.7,35.85,35.9,35.05,60.21,50.55,45.0,-0.53,-0.58,0.06,38.32,36.09,33.87,1320,1186,1.11,165.23,7.6,1.0,2.8,2026-07-27,2026-07-27 07:36:44
2393,億光,64.5,65.6,65.6,63.4,27.39,33.19,31.39,-0.71,-0.25,-0.47,71.83,68.33,64.83,3530,2550,1.38,285.99,14.24,4.5,6.98,2026-07-27,2026-07-27 07:36:45
2395,研華,577.0,586.0,588.0,557.0,69.1,64.71,74.22,26.74,20.89,5.85,601.02,529.93,458.83,3908,5059,0.77,5009.83,44.94,11.16,1.93,2026-07-27,2026-07-27 07:36:46
2397,友通,57.5,59.4,59.4,56.9,63.27,58.05,42.26,-0.09,-0.17,0.08,61.84,58.39,54.95,434,527,0.82,65.83,23.19,2.45,4.26,2026-07-27,2026-07-27 07:36:47
2399,映泰,37.5,37.8,38.25,36.3,29.56,23.43,17.91,-2.98,-2.22,-0.75,55.9,44.2,32.5,1659,1890,0.88,66.79,250.0,,,2026-07-27,2026-07-27 07:36:48
2401,凌陽,27.45,28.5,28.5,27.0,32.82,30.2,36.71,-0.76,-0.26,-0.5,35.27,30.6,25.93,2984,5132,0.58,161.53,13.66,,,2026-07-27,2026-07-27 07:36:49
2402,毅嘉,56.7,58.0,58.0,56.1,24.39,25.19,26.04,-2.5,-1.95,-0.55,70.84,62.79,54.73,1317,1223,1.08,174.37,24.44,2.0,3.53,2026-07-27,2026-07-27 07:36:49
2404,漢唐,1115.0,1130.0,1130.0,1085.0,23.32,29.18,38.19,-17.62,-4.11,-13.51,1334.03,1202.99,1071.95,1256,1494,0.84,2106.09,20.87,40.0,3.59,2026-07-27,2026-07-27 07:36:50
2405,輔信,16.35,16.5,16.5,16.0,26.63,30.47,42.42,-0.33,-0.26,-0.07,17.91,17.01,16.12,957,1129,0.85,56.15,,0.1,0.61,2026-07-27,2026-07-27 07:36:51
2406,國碩,33.25,33.65,34.0,32.6,45.43,34.16,32.0,-1.02,-0.6,-0.42,44.11,36.54,28.97,8471,11858,0.71,116.68,,,,2026-07-27,2026-07-27 07:36:52
2408,南亞科,436.0,401.5,440.0,387.0,38.45,36.9,54.57,6.22,9.84,-3.62,470.92,422.74,374.55,81024,75585,1.07,13510.02,40.26,1.35,0.31,2026-07-27,2026-07-27 07:36:53
2409,友達,23.9,25.55,25.6,23.35,15.36,17.15,28.79,-0.57,0.15,-0.72,33.61,28.42,23.23,151796,150259,1.01,1803.76,74.69,0.4,1.67,2026-07-27,2026-07-27 07:36:54
2412,中華電,140.5,139.5,140.5,139.0,85.79,74.28,69.42,0.84,0.32,0.52,140.83,136.24,131.64,22504,16201,1.39,10899.21,27.99,5.2,3.7,2026-07-27,2026-07-27 07:36:55
2413,環科,40.5,40.35,40.8,39.6,28.63,26.34,31.67,-2.76,-2.52,-0.24,50.6,44.4,38.2,381,507,0.75,51.58,98.78,0.5,1.23,2026-07-27,2026-07-27 07:36:56
2414,精技,57.2,55.7,57.8,54.9,32.03,25.86,47.15,0.14,0.69,-0.55,61.69,57.34,52.99,350,542,0.65,92.51,18.16,3.0,5.24,2026-07-27,2026-07-27 07:36:57
2415,錩新,32.2,32.45,32.7,31.5,29.09,31.26,25.78,0.21,0.94,-0.73,40.78,35.99,31.2,289,351,0.82,28.98,17.79,1.2,3.73,2026-07-27,2026-07-27 07:36:58
2417,圓剛,40.95,41.5,41.9,40.15,39.72,31.27,22.67,-1.46,-1.28,-0.18,48.48,43.36,38.23,773,735,1.05,52.62,,0.25,0.61,2026-07-27,2026-07-27 07:36:59
2419,仲琦,24.85,24.65,25.0,24.45,22.25,24.09,22.41,-1.1,-0.93,-0.17,29.94,27.03,24.12,461,508,0.91,79.85,27.92,,,2026-07-27,2026-07-27 07:36:59
2420,新巨,56.9,56.7,57.0,56.2,32.3,30.55,27.4,-1.08,-0.76,-0.32,63.06,59.46,55.85,248,332,0.75,86.86,14.63,3.5,6.15,2026-07-27,2026-07-27 07:37:01
2421,建準,131.5,132.0,132.0,128.0,47.56,39.87,35.29,-4.23,-3.77,-0.45,153.04,137.97,122.91,993,1297,0.77,376.14,15.42,5.24,3.98,2026-07-27,2026-07-27 07:37:01
2423,固緯,73.6,74.6,74.6,71.2,17.07,26.38,51.36,0.23,0.98,-0.76,83.82,76.46,69.1,199,226,0.88,106.75,25.29,2.5,3.4,2026-07-27,2026-07-27 07:37:02
2424,隴華,8.3,7.86,8.5,7.86,14.3,12.96,34.34,-0.93,-0.99,0.06,10.81,9.4,7.99,56,50,1.12,4.95,,,,2026-07-27,2026-07-27 07:37:03
2425,承啟,46.0,46.5,47.6,45.2,67.45,56.5,70.75,1.8,1.58,0.22,47.37,42.92,38.47,6896,7252,0.95,44.39,,0.1,0.22,2026-07-27,2026-07-27 07:37:04
2426,鼎元,62.0,62.0,62.8,59.6,51.06,33.95,33.12,-4.1,-3.58,-0.52,82.97,66.74,50.51,10261,11137,0.92,186.39,50.82,0.1,0.16,2026-07-27,2026-07-27 07:37:05
2427,三商電,23.2,23.2,23.35,22.85,14.74,22.93,34.55,0.12,0.44,-0.31,27.03,24.47,21.91,407,607,0.67,45.94,16.11,0.7,3.02,2026-07-27,2026-07-27 07:37:06
2428,興勤,240.0,241.0,244.5,233.0,10.03,12.24,25.09,-12.13,-3.69,-8.44,356.68,290.07,223.47,533,770,0.69,307.47,21.94,6.1,2.54,2026-07-27,2026-07-27 07:37:07
2429,銘旺科,38.5,39.5,39.5,37.5,9.87,17.29,38.16,-1.07,-0.35,-0.72,50.85,44.04,37.24,486,667,0.73,32.92,,,,2026-07-27,2026-07-27 07:37:08
2430,燦坤,17.5,17.55,17.55,17.45,20.25,19.74,6.67,-0.22,-0.2,-0.02,18.38,17.96,17.55,177,175,1.01,20.44,25.36,0.8,4.57,2026-07-27,2026-07-27 07:37:09
2431,聯昌,10.5,10.7,10.8,10.4,27.92,26.18,23.91,-0.18,-0.1,-0.08,12.23,11.15,10.07,176,166,1.06,11.65,,,,2026-07-27,2026-07-27 07:37:10
2432,倚天酷碁-創,28.35,28.05,28.45,28.05,49.38,51.66,53.7,0.28,0.36,-0.07,28.8,28.36,27.91,14,20,0.7,17.54,15.24,1.7,6.0,2026-07-27,2026-07-27 07:37:10
2433,互盛電,41.9,42.25,42.25,41.8,28.99,25.69,46.81,0.03,0.05,-0.02,42.33,42.01,41.7,31,42,0.73,60.54,13.78,2.7,6.44,2026-07-27,2026-07-27 07:37:11
2434,統懋,65.8,69.7,69.7,64.3,22.69,42.3,60.62,7.36,8.73,-1.37,90.1,65.33,40.55,230,295,0.78,24.35,3290.0,,,2026-07-27,2026-07-27 07:37:12
2436,偉詮電,58.2,58.5,59.3,56.8,35.26,29.63,24.03,-3.21,-2.6,-0.61,78.59,65.44,52.3,1832,1942,0.94,114.81,20.86,1.96,3.37,2026-07-27,2026-07-27 07:37:13
2438,翔耀,17.65,17.8,17.8,17.35,15.88,16.98,14.12,-1.16,-1.01,-0.15,22.67,19.81,16.95,103,136,0.75,12.04,,,,2026-07-27,2026-07-27 07:37:14
2439,美律,83.9,82.9,83.9,82.7,32.82,25.54,28.68,-1.83,-1.48,-0.35,93.34,86.95,80.55,591,790,0.75,208.61,18.0,7.29,8.69,2026-07-27,2026-07-27 07:37:15
2440,太空梭,15.95,15.7,15.95,15.4,32.6,31.28,42.34,-0.35,-0.31,-0.04,17.73,16.45,15.18,205,228,0.9,22.19,,,,2026-07-27,2026-07-27 07:37:16
2441,超豐,119.0,119.5,121.0,114.5,22.64,26.3,40.4,-2.48,0.03,-2.51,151.22,133.38,115.53,3547,4697,0.76,676.93,27.87,3.0,2.52,2026-07-27,2026-07-27 07:37:17
2442,新美齊,19.2,19.35,19.35,19.15,43.29,42.57,44.83,-0.0,0.01,-0.01,19.68,19.34,19.0,540,739,0.73,62.44,4.49,0.08,0.42,2026-07-27,2026-07-27 07:37:18
2444,兆勁,11.25,11.1,11.25,10.95,17.28,16.29,30.51,-0.45,-0.38,-0.07,13.31,12.03,10.76,234,192,1.21,11.43,,,,2026-07-27,2026-07-27 07:37:19
2449,京元電子,276.0,273.5,282.0,265.0,29.77,30.72,37.11,-9.12,-5.03,-4.09,356.09,306.45,256.81,17277,16578,1.04,3374.78,37.7,1.0,0.36,2026-07-27,2026-07-27 07:37:20
2450,神腦,28.75,28.9,28.9,28.7,32.33,31.2,47.06,-0.03,-0.02,-0.01,29.09,28.83,28.57,59,86,0.69,74.25,16.72,1.55,5.39,2026-07-27,2026-07-27 07:37:20
2451,創見,272.0,265.5,272.0,261.5,73.56,53.12,56.61,-7.8,-11.58,3.78,277.65,251.07,224.5,14859,8594,1.73,1173.26,8.81,11.78,4.33,2026-07-27,2026-07-27 07:37:21
2453,凌群,51.9,52.2,52.2,51.6,39.15,34.75,41.01,-0.61,-0.51,-0.1,55.22,52.98,50.74,140,208,0.67,51.9,16.69,2.8,5.39,2026-07-27,2026-07-27 07:37:23
2454,聯發科,3680.0,3655.0,3710.0,3525.0,55.21,46.47,38.92,-99.53,-91.1,-8.43,4419.67,3872.69,3325.71,9073,9118,1.0,58736.85,55.76,53.5,1.45,2026-07-27,2026-07-27 07:37:24
2455,全新,326.5,322.5,338.0,319.0,66.48,53.48,52.45,-11.85,-15.33,3.48,370.57,325.95,281.33,8760,10957,0.8,603.72,104.31,2.62,0.8,2026-07-27,2026-07-27 07:37:25
2457,飛宏,23.65,23.7,23.95,23.35,18.3,19.89,14.29,-1.17,-0.77,-0.4,31.2,26.87,22.54,1370,1351,1.01,100.46,,,,2026-07-27,2026-07-27 07:37:26
2458,義隆,166.0,167.5,171.0,163.5,32.11,30.69,27.08,-0.25,1.95,-2.2,194.5,177.38,160.25,1666,2167,0.77,475.3,19.76,7.07,4.26,2026-07-27,2026-07-27 07:37:27
2459,敦吉,65.1,65.3,65.4,65.0,37.55,43.61,59.09,0.36,0.3,0.06,66.44,64.6,62.76,64,75,0.86,68.74,12.64,4.2,6.45,2026-07-27,2026-07-27 07:37:28
2460,建通,31.2,32.1,32.1,30.6,26.5,24.7,26.01,-1.03,-0.66,-0.37,39.51,34.08,28.65,285,320,0.89,52.79,30.59,,,2026-07-27,2026-07-27 07:37:29
2461,光群雷,16.05,16.0,16.2,15.9,28.3,25.63,23.21,-0.45,-0.35,-0.09,18.26,16.84,15.43,506,525,0.96,32.25,17.07,1.67,10.4,2026-07-27,2026-07-27 07:37:30
2462,良得電,20.7,20.7,20.7,20.15,35.77,28.09,23.81,-0.77,-0.63,-0.15,24.74,22.07,19.4,279,177,1.57,31.21,76.67,0.2,0.97,2026-07-27,2026-07-27 07:37:31
2464,盟立,142.5,144.0,145.5,138.0,34.09,28.71,35.88,-4.67,-2.49,-2.18,187.73,158.97,130.22,3986,4581,0.87,294.05,47.9,0.35,0.25,2026-07-27,2026-07-27 07:37:32
2465,麗臺,79.0,80.5,80.5,77.2,42.13,41.21,55.9,0.43,0.5,-0.07,90.86,79.23,67.6,842,1428,0.59,74.22,141.07,,,2026-07-27,2026-07-27 07:37:32
2466,冠西電,93.9,95.0,104.0,89.0,30.4,52.03,51.13,10.95,13.71,-2.76,132.02,99.58,67.13,4424,2080,2.13,162.88,123.55,,,2026-07-27,2026-07-27 07:37:33
2467,志聖,532.0,526.0,541.0,513.0,21.98,24.58,40.29,-16.36,-10.24,-6.13,671.0,577.6,484.2,1816,1204,1.51,813.81,104.31,5.5,1.03,2026-07-27,2026-07-27 07:37:34
2468,華經,34.65,34.9,34.9,34.1,28.23,29.82,32.16,-0.59,-0.37,-0.22,39.1,36.39,33.69,220,245,0.9,24.24,27.72,0.9,2.6,2026-07-27,2026-07-27 07:37:36
2471,資通,48.6,48.7,49.0,48.4,38.87,35.39,38.37,-0.28,-0.17,-0.11,50.76,49.27,47.78,115,314,0.37,22.97,13.58,3.31,6.81,2026-07-27,2026-07-27 07:37:37
2472,立隆電,260.5,258.0,265.0,250.0,9.88,10.62,27.06,-26.11,-14.32,-11.79,468.92,341.88,214.83,2335,3343,0.7,429.14,30.26,3.5,1.34,2026-07-27,2026-07-27 07:37:37
2474,可成,188.5,191.0,191.0,186.0,46.46,42.1,34.69,-2.63,-2.6,-0.04,200.98,193.14,185.3,1878,3025,0.62,1015.68,19.82,10.27,5.45,2026-07-27,2026-07-27 07:37:38
2476,鉅祥,118.5,118.5,120.0,115.5,45.92,43.18,37.11,-1.94,-0.75,-1.19,139.19,126.0,112.81,1529,1414,1.08,258.43,27.82,3.0,2.53,2026-07-27,2026-07-27 07:37:39
2477,美隆電,21.6,21.45,21.6,21.3,65.21,51.15,48.0,-0.13,-0.16,0.02,22.43,21.49,20.54,99,95,1.04,34.25,12.86,1.4,6.48,2026-07-27,2026-07-27 07:37:40
2478,大毅,128.5,129.5,134.0,122.5,13.7,14.41,26.16,-13.31,-6.72,-6.59,242.91,172.39,101.87,3894,5593,0.7,183.41,37.57,2.0,1.56,2026-07-27,2026-07-27 07:37:41
2480,敦陽科,158.0,160.0,160.0,158.0,40.53,38.13,42.31,1.77,2.44,-0.68,163.86,159.35,154.84,164,161,1.01,168.05,19.82,7.8,4.94,2026-07-27,2026-07-27 07:37:42
2481,強茂,137.0,138.0,142.0,133.0,9.89,12.68,16.53,-8.11,-0.71,-7.4,241.89,180.07,118.26,15933,20115,0.79,523.5,43.63,1.8,1.31,2026-07-27,2026-07-27 07:37:43
2482,連宇,18.0,17.6,18.2,17.3,20.53,28.78,52.8,0.27,0.34,-0.07,19.53,17.86,16.19,181,320,0.57,14.02,,0.1,0.56,2026-07-27,2026-07-27 07:37:44
2483,百容,36.15,39.0,39.65,36.15,3.97,8.06,12.2,-1.76,1.54,-3.3,76.69,53.84,30.99,383,1078,0.36,38.83,60.25,0.3,0.83,2026-07-27,2026-07-27 07:37:45
2484,希華,73.1,71.2,76.0,70.6,17.44,18.49,36.33,0.63,3.31,-2.68,99.84,82.02,64.2,49957,29426,1.7,116.54,112.46,0.7,0.96,2026-07-27,2026-07-27 07:37:46
2485,兆赫,40.6,40.25,41.2,39.75,9.57,12.04,23.14,-5.06,-4.81,-0.26,57.59,47.55,37.51,3568,3933,0.91,128.98,,,,2026-07-27,2026-07-27 07:37:47
2486,一詮,227.5,219.0,230.0,216.5,25.97,30.38,45.65,-6.78,-4.92,-1.86,270.42,241.28,212.13,7107,8348,0.85,529.34,455.0,0.5,0.22,2026-07-27,2026-07-27 07:37:47
2488,漢平,49.7,49.9,49.9,49.6,63.53,55.68,42.42,-0.25,-0.28,0.03,51.95,49.86,47.78,82,95,0.87,39.76,11.07,3.0,6.04,2026-07-27,2026-07-27 07:37:48
2489,瑞軒,30.05,30.1,30.3,28.9,13.09,13.28,14.0,-3.42,-2.87,-0.55,45.23,36.3,27.37,8205,6951,1.18,183.3,24.83,1.2,3.99,2026-07-27,2026-07-27 07:37:49
2491,吉祥全,28.2,29.1,29.1,27.4,10.65,13.2,12.3,-1.32,-0.16,-1.15,42.68,34.85,27.03,285,298,0.95,23.13,19.72,,,2026-07-27,2026-07-27 07:37:50
2492,華新科,272.0,270.0,272.0,247.0,15.04,12.56,9.6,-50.79,-30.12,-20.67,645.97,413.44,180.91,3240,5479,0.59,1318.67,52.21,2.5,0.92,2026-07-27,2026-07-27 07:37:51
2493,揚博,210.0,212.5,220.0,197.5,24.05,26.22,33.61,-2.86,5.47,-8.33,325.98,258.48,190.99,4105,2544,1.61,375.48,48.39,4.0,1.9,2026-07-27,2026-07-27 07:37:52
2495,普安,36.65,37.5,37.6,36.25,16.65,16.46,17.58,-3.04,-1.97,-1.07,56.2,44.62,33.04,1039,1509,0.69,100.26,32.72,0.8,2.18,2026-07-27,2026-07-27 07:37:53
2496,卓越,59.7,60.0,60.0,59.7,27.4,26.03,18.87,-1.14,-1.01,-0.12,65.13,61.78,58.43,5,26,0.21,11.4,9.79,4.5,7.54,2026-07-27,2026-07-27 07:37:54
2497,怡利電,52.8,52.1,52.8,51.5,12.05,12.53,14.97,-1.91,-1.08,-0.83,66.65,58.19,49.73,314,408,0.77,69.11,22.37,2.0,3.79,2026-07-27,2026-07-27 07:37:55
2498,宏達電,41.6,42.2,42.3,41.35,35.07,32.26,34.86,-0.77,-0.53,-0.24,46.25,43.36,40.48,3237,3698,0.88,347.83,20.39,0.5,1.2,2026-07-27,2026-07-27 07:37:56
2501,國建,22.35,22.65,22.65,22.2,62.48,58.57,43.03,-0.16,-0.15,-0.01,23.49,22.65,21.8,4936,2062,2.39,259.16,5.78,1.2,5.37,2026-07-27,2026-07-27 07:37:57
2504,國產,31.9,31.9,31.95,31.6,67.96,56.5,47.9,-0.35,-0.39,0.05,33.37,31.9,30.43,1399,1651,0.85,375.43,9.7,2.6,8.15,2026-07-27,2026-07-27 07:37:58
2505,國揚,18.0,17.75,18.0,17.7,43.88,30.77,51.22,-0.11,-0.11,0.01,18.24,17.89,17.54,402,221,1.82,68.4,7.63,1.0,5.56,2026-07-27,2026-07-27 07:37:58
2506,太設,8.71,8.74,8.75,8.67,50.41,51.7,50.99,0.02,0.02,-0.0,8.85,8.69,8.53,85,169,0.5,31.49,435.5,0.2,2.3,2026-07-27,2026-07-27 07:37:59
2509,全坤建,13.3,13.2,13.3,13.2,29.63,29.25,50.0,-0.03,-0.02,-0.01,13.56,13.26,12.96,52,82,0.64,29.87,,,,2026-07-27,2026-07-27 07:38:00
2511,太子,8.53,8.55,8.57,8.5,47.1,49.55,47.89,0.11,0.12,-0.02,8.75,8.47,8.19,1048,1310,0.8,138.41,24.37,0.3,3.52,2026-07-27,2026-07-27 07:38:01
2514,龍邦,12.8,12.95,12.95,12.7,52.95,51.05,44.44,-0.13,-0.13,-0.0,13.19,12.91,12.63,71,88,0.8,45.84,6.92,,,2026-07-27,2026-07-27 07:38:02
2515,中工,11.9,12.05,12.1,11.75,10.73,14.21,28.04,-0.16,-0.03,-0.13,13.88,12.78,11.68,6971,10175,0.69,200.93,26.44,,,2026-07-27,2026-07-27 07:38:03
2516,新建,14.2,14.3,14.3,14.0,39.78,30.73,57.14,0.17,0.17,-0.0,14.34,13.92,13.51,112,116,0.97,32.13,11.54,,,2026-07-27,2026-07-27 07:38:05
2520,冠德,35.3,34.9,35.5,34.3,38.91,44.99,57.14,0.46,0.6,-0.14,36.32,35.18,34.04,1348,1841,0.73,208.14,14.77,1.62,4.59,2026-07-27,2026-07-27 07:38:06
2524,京城,36.1,35.8,36.15,34.95,34.08,42.36,51.52,0.01,0.1,-0.08,37.94,36.18,34.43,89,87,1.02,132.12,62.24,,,2026-07-27,2026-07-27 07:38:07
2527,宏璟,46.75,46.5,47.1,45.65,59.72,69.46,57.93,2.46,2.5,-0.03,51.94,44.85,37.76,755,1642,0.46,122.37,50.27,2.0,4.28,2026-07-27,2026-07-27 07:38:08
2528,皇普,22.0,22.5,22.6,22.0,64.01,67.38,44.58,0.07,0.07,0.01,23.13,22.21,21.3,957,536,1.79,95.92,6.32,1.5,6.82,2026-07-27,2026-07-27 07:38:09
2530,華建,20.15,20.0,20.2,19.9,67.89,59.2,57.97,0.07,-0.02,0.09,20.3,19.59,18.88,750,899,0.83,169.51,10.44,3.0,14.89,2026-07-27,2026-07-27 07:38:10
2534,宏盛,17.4,17.25,17.45,17.15,85.67,77.87,75.61,0.16,0.09,0.06,17.62,16.88,16.14,357,492,0.73,82.3,8.45,1.5,8.62,2026-07-27,2026-07-27 07:38:11
2535,達欣工,86.3,88.1,88.1,85.8,42.13,43.11,44.76,-0.16,0.25,-0.41,90.98,88.37,85.75,216,215,1.0,224.29,13.32,4.6,5.33,2026-07-27,2026-07-27 07:38:11
2536,宏普,18.2,18.25,18.4,18.15,21.25,33.72,33.85,-0.16,0.01,-0.17,20.16,19.2,18.23,711,1524,0.47,59.48,5.72,2.0,10.99,2026-07-27,2026-07-27 07:38:12
2537,聯上發,11.05,11.05,11.15,11.0,35.19,36.07,50.0,0.06,0.09,-0.03,11.33,11.04,10.76,748,679,1.1,33.21,73.67,,,2026-07-27,2026-07-27 07:38:13
2538,基泰,10.05,9.98,10.15,9.95,72.26,63.62,60.0,0.02,0.0,0.01,10.02,9.88,9.74,912,417,2.19,44.73,29.56,0.5,4.98,2026-07-27,2026-07-27 07:38:14
2539,櫻花建,41.4,40.7,41.4,40.5,61.83,56.83,61.43,0.5,0.44,0.05,41.53,40.02,38.51,1063,711,1.49,493.94,11.97,0.5,1.21,2026-07-27,2026-07-27 07:38:15
2540,愛山林,54.3,54.0,54.3,53.4,52.86,48.56,59.62,0.04,-0.03,0.07,54.5,53.6,52.71,709,443,1.6,513.07,78.7,0.71,1.31,2026-07-27,2026-07-27 07:38:16
2542,興富發,43.5,44.7,44.7,43.5,64.58,66.41,44.32,0.25,0.23,0.01,45.01,43.67,42.34,5167,11587,0.45,918.69,20.71,2.0,4.6,2026-07-27,2026-07-27 07:38:17
2543,皇昌,39.0,40.1,40.8,38.35,36.92,37.98,52.94,-0.9,-1.13,0.23,39.99,38.94,37.89,1383,1057,1.31,200.58,14.55,1.83,4.69,2026-07-27,2026-07-27 07:38:18
2545,皇翔,33.3,33.45,33.45,33.05,8.47,10.19,29.41,-0.42,-0.25,-0.17,36.2,34.63,33.06,163,276,0.59,126.45,21.35,2.8,8.41,2026-07-27,2026-07-27 07:38:19
2546,根基,96.8,96.1,97.2,96.1,64.11,66.78,61.98,1.23,1.21,0.01,98.1,94.76,91.43,131,141,0.93,126.35,10.25,3.2,3.31,2026-07-27,2026-07-27 07:38:20
2547,日勝生,10.15,10.1,10.2,10.1,17.75,19.52,36.27,0.0,0.07,-0.06,10.77,10.37,9.97,1447,1830,0.79,105.06,3.57,0.8,7.88,2026-07-27,2026-07-27 07:38:21
2548,華固,99.4,98.6,99.5,98.3,81.55,72.38,59.99,-0.3,-0.93,0.64,100.04,97.22,94.4,702,1892,0.37,333.48,11.88,7.62,7.67,2026-07-27,2026-07-27 07:38:21
2596,綠意,31.25,31.35,31.35,30.9,48.3,46.37,46.03,0.25,0.34,-0.09,32.18,31.4,30.61,4,7,0.6,31.25,16.8,1.5,4.8,2026-07-27,2026-07-27 07:38:22
2597,潤弘,163.0,162.0,164.0,161.0,35.73,25.56,39.47,-1.91,-1.25,-0.66,173.03,165.28,157.52,345,367,0.94,506.47,14.36,9.67,5.93,2026-07-27,2026-07-27 07:38:23
2601,益航,6.5,6.75,6.8,6.46,10.94,17.78,44.54,0.19,0.3,-0.1,8.19,6.72,5.26,2077,2684,0.77,53.61,12.75,,,2026-07-27,2026-07-27 07:38:24
2603,長榮,203.5,203.5,206.0,202.5,74.06,75.57,70.67,2.47,1.15,1.32,209.33,196.2,183.07,6708,9618,0.7,4405.86,6.43,16.0,7.86,2026-07-27,2026-07-27 07:38:25
2605,新興,31.6,32.3,32.5,31.15,63.83,67.26,61.59,0.4,0.23,0.17,32.65,30.75,28.85,4773,8327,0.57,184.97,15.12,1.0,3.16,2026-07-27,2026-07-27 07:38:26
2606,裕民,62.8,64.3,64.5,62.6,58.47,58.21,52.08,0.15,0.0,0.14,65.24,62.44,59.65,2544,4016,0.63,530.7,12.08,2.8,4.46,2026-07-27,2026-07-27 07:38:27
2607,榮運,47.55,47.8,47.8,47.3,80.44,73.26,62.79,0.33,0.21,0.12,47.95,46.62,45.29,191,350,0.54,253.71,13.39,2.7,5.68,2026-07-27,2026-07-27 07:38:28
2608,嘉里大榮,29.55,29.5,29.6,29.25,47.51,44.03,60.0,0.15,0.18,-0.02,29.64,29.25,28.85,317,163,1.94,138.0,14.7,1.65,5.58,2026-07-27,2026-07-27 07:38:29
2609,陽明,51.1,51.0,51.3,50.6,77.5,71.52,58.9,0.4,0.19,0.21,51.94,49.86,47.78,11294,18996,0.59,1784.47,16.59,2.0,3.91,2026-07-27,2026-07-27 07:38:30
2610,華航,21.25,20.85,21.25,20.8,45.25,44.17,50.8,0.13,0.23,-0.11,22.36,21.19,20.01,33977,33078,1.03,1292.39,8.37,0.81,3.81,2026-07-27,2026-07-27 07:38:31
2611,志信,13.9,14.3,14.3,13.8,32.5,39.98,42.86,0.08,0.14,-0.05,14.8,14.21,13.62,226,218,1.04,26.27,26.73,0.52,3.74,2026-07-27,2026-07-27 07:38:32
2612,中航,51.7,52.9,52.9,51.6,29.26,34.48,38.61,-0.48,-0.37,-0.11,55.65,53.09,50.52,265,250,1.06,102.1,9.49,2.2,4.26,2026-07-27,2026-07-27 07:38:33
2613,中櫃,20.95,21.0,21.0,20.75,13.66,15.12,35.85,-0.24,-0.18,-0.06,22.34,21.52,20.7,114,259,0.44,28.76,18.38,1.0,4.77,2026-07-27,2026-07-27 07:38:34
2614,東森,18.15,18.25,18.25,18.1,42.98,44.83,48.65,-0.11,-0.13,0.02,18.57,18.27,17.97,415,379,1.1,59.4,9.12,0.25,1.38,2026-07-27,2026-07-27 07:38:35
2615,萬海,84.0,86.0,86.0,83.0,69.87,72.17,66.51,1.87,1.28,0.58,87.0,80.58,74.16,10934,16702,0.65,2357.16,7.76,3.0,3.57,2026-07-27,2026-07-27 07:38:35
2616,山隆,13.8,13.9,13.9,13.75,54.67,56.64,60.87,0.04,0.0,0.04,13.91,13.63,13.35,125,221,0.57,18.76,,0.3,2.17,2026-07-27,2026-07-27 07:38:36
2617,台航,28.8,29.3,29.3,28.7,60.93,63.33,47.24,0.18,0.18,-0.0,29.49,28.83,28.16,567,632,0.9,120.18,9.09,1.5,5.21,2026-07-27,2026-07-27 07:38:37
2618,長榮航,41.95,41.5,42.15,41.3,46.79,53.22,59.39,0.74,0.92,-0.18,43.09,41.25,39.42,48651,38357,1.27,2265.49,8.02,2.0,4.77,2026-07-27,2026-07-27 07:38:38
2630,亞航,51.2,53.3,53.6,50.4,18.51,29.2,46.39,1.97,2.84,-0.87,61.29,54.74,48.18,4130,12197,0.34,107.23,53.89,0.9,1.76,2026-07-27,2026-07-27 07:38:39
2633,台灣高鐵,26.05,26.0,26.15,25.95,69.25,70.37,68.33,0.29,0.28,0.01,26.31,25.68,25.05,2793,4149,0.67,1466.17,22.26,1.15,4.41,2026-07-27,2026-07-27 07:38:40
2634,漢翔,61.8,65.4,65.4,61.3,31.37,46.67,54.35,3.6,4.02,-0.42,70.86,61.6,52.34,46173,90454,0.51,582.07,79.23,0.78,1.26,2026-07-27,2026-07-27 07:38:41
2636,台驊控股,65.9,66.4,66.4,65.5,77.05,62.73,52.09,0.21,0.09,0.12,67.04,64.97,62.9,158,231,0.69,90.26,8.51,5.0,7.59,2026-07-27,2026-07-27 07:38:42
2637,慧洋-KY,82.3,84.5,84.5,81.9,55.5,50.48,57.4,1.84,1.86,-0.02,88.48,79.95,71.41,2065,2475,0.83,614.29,14.94,3.5,4.25,2026-07-27,2026-07-27 07:38:43
2640,大車隊,147.0,148.0,148.5,147.0,54.89,50.95,42.44,-0.88,-0.81,-0.07,154.22,149.15,144.08,9,21,0.45,87.12,16.37,8.0,5.44,2026-07-27,2026-07-27 07:38:44
2641,正德,17.25,17.25,17.3,17.0,46.37,37.38,38.89,-0.22,-0.18,-0.04,18.46,17.6,16.74,869,892,0.97,56.98,9.38,0.5,2.9,2026-07-27,2026-07-27 07:38:45
2642,宅配通,20.7,20.55,20.7,20.35,58.42,49.77,49.21,-0.1,-0.1,-0.01,21.27,20.73,20.2,43,42,1.02,19.76,28.75,0.5,2.42,2026-07-27,2026-07-27 07:38:46
2643,捷迅,59.4,58.5,59.4,58.5,28.39,22.66,37.04,-0.95,-0.77,-0.18,63.56,60.41,57.25,10,79,0.13,20.79,9.46,4.5,7.58,2026-07-27,2026-07-27 07:38:47
2645,長榮航太,194.0,197.5,197.5,188.0,12.88,21.54,43.37,4.72,10.82,-6.1,256.34,215.95,175.55,2865,6118,0.47,726.67,35.66,5.0,2.58,2026-07-27,2026-07-27 07:38:47
2646,星宇航空,21.6,21.3,21.6,21.2,43.22,46.4,54.84,0.13,0.14,-0.01,21.73,21.29,20.84,3931,6169,0.64,649.89,240.0,,,2026-07-27,2026-07-27 07:38:48
2701,萬企,10.8,10.8,10.9,10.75,55.37,66.29,54.55,0.07,0.08,-0.01,10.98,10.79,10.59,61,54,1.13,48.6,19.29,0.28,2.59,2026-07-27,2026-07-27 07:38:49
2702,華園,12.85,13.0,13.0,12.8,29.36,33.39,42.31,-0.04,-0.04,-0.0,13.51,13.0,12.48,46,42,1.1,20.12,,,,2026-07-27,2026-07-27 07:38:50
2704,國賓,46.0,46.45,46.45,45.65,61.83,67.37,68.09,0.61,0.58,0.04,46.66,44.94,43.23,49,124,0.4,168.78,25.84,0.5,1.09,2026-07-27,2026-07-27 07:38:51
2705,六福,16.3,16.4,16.4,16.2,44.17,43.63,42.86,0.06,0.07,-0.02,16.58,16.28,15.99,55,129,0.43,31.18,18.74,,,2026-07-27,2026-07-27 07:38:52
2706,第一店,12.75,12.75,12.85,12.7,36.91,45.78,57.14,0.11,0.11,-0.0,12.91,12.68,12.45,127,93,1.37,63.75,19.62,0.35,2.75,2026-07-27,2026-07-27 07:38:53
2707,晶華,179.5,179.0,181.0,179.0,56.09,52.32,50.0,0.23,0.45,-0.22,181.42,179.5,177.58,157,163,0.96,228.69,12.89,10.75,5.99,2026-07-27,2026-07-27 07:38:54
2712,遠雄來,14.95,15.2,15.2,14.95,43.14,41.13,53.03,-0.07,-0.1,0.03,15.37,14.91,14.45,3,3,1.02,15.7,,,,2026-07-27,2026-07-27 07:38:55
2718,全心投控,45.3,45.8,45.8,45.2,16.33,19.57,17.09,-0.87,-0.39,-0.47,53.66,48.73,43.8,23,32,0.71,38.82,2.69,4.51,9.96,2026-07-27,2026-07-27 07:38:56
2719,燦星旅,22.35,22.7,23.4,22.35,19.19,27.11,43.54,-0.54,-0.46,-0.08,25.75,23.79,21.83,38,22,1.7,15.46,,,,2026-07-27,2026-07-27 07:38:57
2722,夏都,21.6,22.25,22.25,21.45,16.35,21.49,22.22,-0.29,-0.19,-0.09,23.41,22.53,21.65,72,54,1.32,30.92,,0.15,0.69,2026-07-27,2026-07-27 07:38:57
2723,美食-KY,62.5,62.3,62.6,61.9,12.85,14.35,22.45,-0.96,-0.49,-0.47,69.28,65.29,61.3,190,248,0.77,112.5,10.21,3.0,4.8,2026-07-27,2026-07-27 07:38:58
2724,藝舍-KY,11.85,11.85,11.85,11.85,62.23,59.07,54.12,-0.24,-0.38,0.14,12.65,11.62,10.58,1,11,0.09,7.07,,,,2026-07-24,2026-07-27 07:38:59
2726,雅茗-KY,9.0,9.15,9.15,9.0,65.64,54.62,63.16,-0.17,-0.2,0.03,9.62,9.08,8.55,9,18,0.5,3.39,,,,2026-07-27,2026-07-27 07:39:00
2727,王品,225.5,222.0,226.0,221.0,58.11,48.57,46.54,-0.89,-0.95,0.06,233.35,223.8,214.24,446,488,0.91,186.85,13.97,16.12,7.15,2026-07-27,2026-07-27 07:39:01
2729,瓦城,162.0,161.0,163.0,161.0,77.43,61.06,71.43,-0.21,-0.8,0.59,162.12,158.55,154.98,24,37,0.65,69.07,24.0,7.34,4.53,2026-07-27,2026-07-27 07:39:02
2731,雄獅,146.0,145.5,147.0,145.0,57.15,45.13,43.75,-1.56,-1.71,0.15,150.81,146.35,141.89,322,336,0.96,136.19,8.42,12.8,8.77,2026-07-27,2026-07-27 07:39:03
2732,六角,64.4,64.2,64.4,64.1,41.16,39.16,38.1,-0.14,-0.09,-0.05,65.97,64.91,63.85,11,15,0.74,28.78,59.08,3.5,5.43,2026-07-27,2026-07-27 07:39:04
2734,易飛網,15.1,15.05,15.3,14.95,17.96,21.59,51.02,-0.07,-0.06,-0.01,15.6,15.22,14.84,100,57,1.74,8.65,,,,2026-07-27,2026-07-27 07:39:05
2736,富野,11.9,11.95,12.0,11.75,59.57,52.13,50.0,-0.04,-0.07,0.02,12.07,11.86,11.65,44,49,0.89,9.52,,,,2026-07-27,2026-07-27 07:39:07
2739,寒舍,34.95,34.65,35.2,34.65,60.35,59.34,51.0,0.25,0.28,-0.02,35.65,34.8,33.95,74,69,1.07,31.99,14.87,2.58,7.38,2026-07-27,2026-07-27 07:39:08
2740,華軒,33.75,33.75,33.75,33.75,17.08,37.24,75.0,0.6,0.55,0.05,35.96,33.2,30.44,1,1,0.73,5.66,,,,2026-07-27,2026-07-27 07:39:09
2743,山富,61.0,61.8,61.9,60.2,33.3,24.02,33.33,-1.83,-1.69,-0.14,69.07,63.34,57.62,60,51,1.18,28.56,15.56,2.0,3.28,2026-07-27,2026-07-27 07:39:10
2745,五福,93.9,94.6,94.6,93.8,26.2,25.94,29.85,-0.96,-0.62,-0.34,101.06,96.66,92.26,161,268,0.6,31.75,9.45,7.5,7.99,2026-07-27,2026-07-27 07:39:11
2748,雲品,39.95,39.85,40.15,39.8,52.01,50.74,60.66,0.0,-0.01,0.02,40.34,39.79,39.24,120,105,1.15,42.26,18.41,1.75,4.38,2026-07-27,2026-07-27 07:39:12
2751,王座,52.0,52.7,52.7,51.5,47.0,42.24,43.75,-0.2,-0.14,-0.06,53.85,52.57,51.29,11,9,1.2,10.28,11.56,3.99,7.67,2026-07-27,2026-07-27 07:39:13
2752,豆府,176.0,175.5,177.0,175.5,35.2,43.84,45.45,-0.47,-0.35,-0.12,179.94,177.3,174.66,5,4,1.15,46.98,11.71,13.5,7.67,2026-07-27,2026-07-27 07:39:14
2753,八方雲集,177.5,179.0,179.0,177.0,58.7,49.77,47.83,-0.16,0.01,-0.17,182.47,178.05,173.64,137,206,0.67,118.29,14.01,7.5,4.23,2026-07-27,2026-07-27 07:39:15
2754,亞洲藏壽司,68.3,68.0,68.3,67.4,45.52,44.72,47.46,-0.03,0.01,-0.04,69.77,68.8,67.82,21,18,1.14,32.01,29.19,1.0,1.46,2026-07-27,2026-07-27 07:39:16
2755,揚秦,104.0,105.0,105.0,103.5,40.74,34.64,35.73,-0.74,-0.42,-0.32,109.96,106.41,102.87,18,31,0.6,48.45,20.93,3.45,3.32,2026-07-27,2026-07-27 07:39:17
2756,聯發國際,58.6,59.7,59.7,57.1,50.75,57.7,46.51,-0.38,-0.34,-0.04,60.46,59.47,58.48,16,13,1.16,14.21,15.92,8.0,13.65,2026-07-27,2026-07-27 07:39:18
2762,世界健身-KY,87.5,86.0,88.6,86.0,74.53,70.65,64.97,0.72,0.38,0.35,87.4,83.76,80.12,169,76,2.22,95.57,23.4,9.59,10.96,2026-07-27,2026-07-27 07:39:19
2801,彰銀,24.7,24.55,24.85,24.35,79.2,75.27,69.35,0.48,0.49,-0.0,24.7,23.93,23.16,35926,34517,1.04,2906.21,16.47,0.8,3.24,2026-07-27,2026-07-27 07:39:20
2812,台中銀,20.75,20.45,20.8,20.45,64.33,54.41,53.57,0.19,0.21,-0.02,20.86,20.43,20.0,35359,22552,1.57,1249.49,13.56,0.39,1.88,2026-07-27,2026-07-27 07:39:21
2816,旺旺保,33.7,33.7,33.9,33.55,22.1,24.29,34.62,0.23,0.43,-0.2,35.24,34.2,33.16,78,151,0.52,75.36,7.26,1.5,4.45,2026-07-27,2026-07-27 07:39:22
2820,華票,16.55,16.55,16.7,16.5,31.73,26.19,25.0,-0.04,0.01,-0.05,17.27,16.77,16.26,1570,1490,1.05,222.26,12.35,0.9,5.44,2026-07-27,2026-07-27 07:39:23
2832,台產,56.6,56.4,56.6,55.9,44.28,48.82,50.0,0.65,0.87,-0.22,57.5,56.57,55.63,110,151,0.73,143.5,14.51,3.5,6.18,2026-07-27,2026-07-27 07:39:24
2834,臺企銀,18.2,18.1,18.2,18.0,83.49,76.66,52.5,0.19,0.22,-0.03,18.3,17.95,17.59,46221,35419,1.3,1768.69,14.56,0.3,1.65,2026-07-27,2026-07-27 07:39:25
2836,高雄銀,12.9,12.85,12.95,12.75,85.73,78.93,73.68,0.17,0.14,0.03,12.97,12.54,12.12,7668,5869,1.31,237.35,19.25,0.4,3.1,2026-07-27,2026-07-27 07:39:27
2838,聯邦銀,20.45,20.55,20.55,20.2,14.23,14.82,15.43,-0.05,0.14,-0.19,22.68,21.13,19.58,3058,2543,1.2,942.3,16.76,0.46,2.25,2026-07-27,2026-07-27 07:39:27
2845,遠東銀,13.4,13.45,13.45,13.3,50.12,53.83,57.69,0.14,0.16,-0.03,13.57,13.27,12.96,5609,7859,0.71,651.95,14.57,0.5,3.73,2026-07-27,2026-07-27 07:39:28
2849,安泰銀,14.9,14.55,14.95,14.45,57.15,62.77,66.2,0.27,0.27,0.01,15.29,14.42,13.55,328,236,1.39,291.68,18.86,0.51,3.42,2026-07-27,2026-07-27 07:39:29
2850,新產,158.0,152.5,160.0,151.5,64.66,57.61,74.51,2.92,2.45,0.47,153.08,146.03,138.97,1201,370,3.25,499.22,12.86,7.27,4.6,2026-07-27,2026-07-27 07:39:30
2851,中再保,35.35,35.25,35.35,34.8,14.35,19.62,23.08,-0.03,0.4,-0.42,39.56,37.03,34.51,1075,1694,0.63,282.94,9.66,2.2,6.22,2026-07-27,2026-07-27 07:39:31
2852,第一保,26.8,26.65,26.8,26.65,66.63,57.72,54.76,0.13,0.18,-0.05,27.07,26.74,26.41,158,232,0.68,80.71,9.18,1.66,6.19,2026-07-27,2026-07-27 07:39:32
2855,統一證,45.0,44.4,45.0,43.9,32.8,23.93,23.71,-1.11,-0.54,-0.57,54.0,47.76,41.51,2682,3010,0.89,720.64,15.05,2.11,4.69,2026-07-27,2026-07-27 07:39:33
2867,三商壽,9.31,9.3,9.37,9.2,64.45,70.26,72.31,0.25,0.23,0.02,9.56,8.89,8.23,26543,15937,1.67,549.24,46.55,,,2026-07-27,2026-07-27 07:39:34
2880,華南金,41.4,41.1,41.95,40.35,87.05,87.48,68.7,1.24,1.16,0.08,42.1,39.28,36.45,21930,25758,0.85,5761.62,21.79,1.25,3.02,2026-07-27,2026-07-27 07:39:35
2881,富邦金,130.0,129.0,130.0,127.0,74.83,60.98,63.46,2.35,2.54,-0.2,130.29,124.89,119.49,15614,18411,0.85,17765.44,15.55,4.25,3.27,2026-07-27,2026-07-27 07:39:36
2882,國泰金,98.5,97.9,98.5,96.7,62.23,51.63,55.64,0.45,0.6,-0.15,99.31,96.09,92.87,15828,17702,0.89,14449.17,13.95,3.5,3.55,2026-07-27,2026-07-27 07:39:37
2883,凱基金,30.7,30.95,30.95,30.5,66.97,63.14,55.56,0.9,1.01,-0.11,31.5,29.76,28.01,29795,41349,0.72,5211.28,17.64,1.0,3.26,2026-07-27,2026-07-27 07:39:38
2884,玉山金,36.4,36.35,36.4,35.9,68.15,69.77,68.63,0.85,0.78,0.06,36.98,34.85,32.72,29542,36702,0.8,5887.34,17.17,1.4,3.85,2026-07-27,2026-07-27 07:39:38
2885,元大金,64.7,63.9,64.8,63.2,46.85,34.14,39.37,0.17,0.59,-0.42,68.81,64.71,60.62,29706,34618,0.86,8625.25,23.61,1.8,2.78,2026-07-27,2026-07-27 07:39:39
2886,兆豐金,49.4,49.0,49.8,48.3,82.73,79.91,72.81,1.18,1.13,0.06,49.24,47.11,44.99,30952,26977,1.15,7327.69,20.93,1.6,3.24,2026-07-27,2026-07-27 07:39:40
2887,台新新光金,34.95,34.5,35.0,34.05,58.93,52.81,59.77,1.31,1.56,-0.26,36.18,33.97,31.76,40403,54872,0.74,8777.67,18.49,1.0,2.86,2026-07-27,2026-07-27 07:39:41
2889,國票金,15.7,15.75,15.75,15.55,47.05,49.41,64.29,0.19,0.2,-0.01,16.27,15.53,14.78,3992,5411,0.74,570.47,24.92,0.3,1.91,2026-07-27,2026-07-27 07:39:42
2890,永豐金,39.6,39.7,39.8,38.85,64.78,49.14,53.49,0.97,1.16,-0.19,39.64,38.41,37.19,45935,56405,0.81,5853.74,20.52,1.1,2.78,2026-07-27,2026-07-27 07:39:44
2891,中信金,63.0,63.6,63.6,62.5,36.72,27.35,30.48,-0.56,-0.07,-0.49,70.6,65.52,60.45,26818,32057,0.84,12396.45,15.52,2.5,3.97,2026-07-27,2026-07-27 07:39:45
2892,第一金,34.8,34.6,35.1,34.1,77.96,76.92,66.67,0.8,0.83,-0.03,35.04,33.62,32.21,38701,35184,1.1,5004.06,18.61,0.95,2.73,2026-07-27,2026-07-27 07:39:46
2897,王道銀行,10.3,10.15,10.35,10.1,78.49,65.51,64.53,0.06,0.04,0.02,10.2,10.0,9.8,6993,8079,0.87,286.59,18.39,0.52,5.05,2026-07-27,2026-07-27 07:39:47
2901,欣欣,24.25,24.0,24.3,24.0,64.05,55.85,50.77,0.18,0.16,0.02,24.61,24.03,23.45,7,14,0.54,17.71,63.82,0.37,1.53,2026-07-27,2026-07-27 07:39:48
2903,遠百,22.3,22.25,22.45,22.2,60.78,61.31,48.28,0.08,0.11,-0.02,22.64,22.18,21.71,2659,2586,1.03,314.15,13.85,1.25,5.61,2026-07-27,2026-07-27 07:39:49
2904,匯僑,13.55,13.55,13.55,13.45,13.83,19.92,16.67,-0.04,-0.0,-0.04,14.17,13.78,13.39,20,28,0.72,10.55,13.83,0.7,5.17,2026-07-27,2026-07-27 07:39:50
2905,三商,16.15,16.15,16.25,15.95,80.27,74.47,71.11,0.34,0.29,0.05,16.24,15.41,14.58,1053,1379,0.76,170.1,22.75,0.3,1.86,2026-07-27,2026-07-27 07:39:51
2906,高林,13.4,13.2,13.4,13.15,51.88,49.92,44.11,0.14,0.2,-0.06,13.86,13.47,13.08,161,334,0.48,28.02,28.51,0.6,4.48,2026-07-27,2026-07-27 07:39:52
2908,特力,21.8,21.7,21.8,21.6,44.84,51.46,67.65,0.17,0.22,-0.04,22.15,21.65,21.16,91,164,0.56,111.16,94.78,0.55,2.52,2026-07-27,2026-07-27 07:39:52
2910,統領,25.9,23.7,25.9,23.7,36.09,44.04,58.89,0.77,0.68,0.08,27.48,23.84,20.19,74,205,0.36,45.43,21.06,1.04,4.02,2026-07-27,2026-07-27 07:39:53
2911,麗嬰房,7.04,7.2,7.2,7.01,7.04,10.55,20.69,-0.16,-0.09,-0.06,8.15,7.43,6.72,121,162,0.75,7.4,3.27,,,2026-07-27,2026-07-27 07:39:54
2912,統一超,239.5,240.5,241.5,237.5,44.35,48.73,48.94,3.13,3.69,-0.56,251.48,238.35,225.22,3401,4099,0.83,2489.9,22.28,9.0,3.76,2026-07-27,2026-07-27 07:39:55
2913,農林,11.2,11.15,11.2,11.1,21.82,27.48,53.19,0.03,0.05,-0.02,11.74,11.23,10.73,807,1538,0.52,88.48,,,,2026-07-27,2026-07-27 07:39:56
2915,潤泰全,51.5,51.7,51.9,51.3,64.9,65.84,61.24,0.86,0.89,-0.03,52.22,50.46,48.71,1121,1732,0.65,549.88,3.79,1.9,3.69,2026-07-27,2026-07-27 07:39:57
2916,滿心,39.75,39.6,39.95,39.6,37.01,31.01,31.51,-0.61,-0.61,0.01,41.63,40.29,38.94,58,81,0.72,25.69,10.06,3.6,9.06,2026-07-27,2026-07-27 07:39:58
2923,鼎固-KY,34.45,34.85,35.0,30.05,55.27,62.62,66.44,2.21,2.12,0.09,37.94,30.62,23.31,315,229,1.38,599.53,57.42,0.24,0.7,2026-07-27,2026-07-27 07:39:59
2924,宏太-KY,18.45,18.45,18.45,18.45,78.11,61.98,46.67,0.14,0.12,0.01,18.95,18.21,17.46,1,1,1.0,9.6,,,,2026-07-27,2026-07-27 07:40:00
2926,誠品生活,31.45,31.55,31.95,30.85,37.5,36.66,33.33,-0.71,-0.71,0.0,33.98,32.38,30.78,10,16,0.61,14.9,58.24,0.46,1.46,2026-07-27,2026-07-27 07:40:01
2929,淘帝-KY,5.84,5.83,5.88,5.77,55.37,61.04,50.0,0.02,0.02,0.0,6.03,5.83,5.62,56,182,0.31,6.39,0.46,,,2026-07-27,2026-07-27 07:40:02
2937,集雅社,47.7,47.7,47.7,47.7,59.09,52.47,54.26,-0.11,-0.06,-0.05,48.84,47.8,46.75,0,3,0.0,20.77,11.81,2.1,4.4,2026-07-24,2026-07-27 07:40:03
2939,永邑-KY,20.2,18.55,20.2,18.55,62.26,53.14,59.76,-0.41,-0.58,0.16,19.98,19.2,18.41,185,57,3.2,9.2,,,,2026-07-27,2026-07-27 07:40:04
2941,米斯特,32.85,30.8,32.85,30.8,31.21,25.48,40.27,-0.49,-0.3,-0.18,36.74,33.13,29.52,2,1,1.11,5.06,13.98,2.28,6.94,2026-07-27,2026-07-27 07:40:05
2945,三商家購,41.55,41.6,41.65,40.9,71.51,65.19,48.65,0.15,0.17,-0.01,42.28,41.26,40.23,7,9,0.75,28.05,19.51,1.5,3.61,2026-07-27,2026-07-27 07:40:06
2947,振宇五金,65.2,67.9,67.9,65.0,7.99,4.39,26.55,-2.93,-2.63,-0.3,76.39,69.04,61.69,6,13,0.47,15.41,22.64,2.0,3.07,2026-07-27,2026-07-27 07:40:07
2948,寶陞,37.2,37.15,37.2,37.15,13.67,22.29,26.67,-0.1,-0.0,-0.1,39.36,37.58,35.8,2,1,1.41,11.53,17.38,1.93,5.19,2026-07-24,2026-07-27 07:40:08
2949,欣新網,65.0,65.8,65.8,65.0,7.17,11.61,34.92,-0.82,0.65,-1.46,82.83,71.22,59.62,2,1,1.12,19.29,18.11,2.03,3.12,2026-07-27,2026-07-27 07:40:09
3002,歐格,17.35,17.35,17.65,17.05,15.42,16.51,8.59,-0.62,-0.33,-0.29,22.37,19.45,16.53,173,186,0.93,17.69,48.19,0.33,1.9,2026-07-27,2026-07-27 07:40:10
3003,健和興,60.0,59.6,60.1,58.3,23.98,25.94,35.12,-1.3,-0.69,-0.61,69.19,63.5,57.81,290,295,0.98,93.39,60.61,1.0,1.67,2026-07-27,2026-07-27 07:40:11
3004,豐達科,135.0,136.0,136.0,132.5,13.48,20.85,36.47,0.55,2.87,-2.32,161.29,144.78,128.26,332,530,0.63,86.89,23.4,2.55,1.89,2026-07-27,2026-07-27 07:40:12
3005,神基,112.5,114.0,114.0,111.0,43.26,50.42,60.38,2.54,2.6,-0.05,119.27,110.67,102.08,2539,4490,0.57,702.35,13.92,6.79,6.04,2026-07-27,2026-07-27 07:40:13
3006,晶豪科,212.0,205.0,212.5,198.5,45.22,41.94,47.85,-4.33,-3.17,-1.15,242.52,216.62,190.72,7218,7553,0.96,601.53,243.68,1.0,0.47,2026-07-27,2026-07-27 07:40:13
3008,大立光,4090.0,4005.0,4150.0,3905.0,37.09,33.48,54.95,-40.53,-13.81,-26.72,4418.4,4097.5,3776.6,2212,1766,1.25,5349.65,26.28,80.0,1.96,2026-07-27,2026-07-27 07:40:14
3010,華立,117.5,119.5,119.5,116.0,65.34,55.27,40.91,-2.33,-2.56,0.23,130.37,120.35,110.33,704,918,0.77,304.84,12.68,5.3,4.51,2026-07-27,2026-07-27 07:40:15
3011,今皓,12.3,12.05,12.3,11.8,37.17,26.29,30.0,-0.53,-0.47,-0.06,14.74,12.96,11.17,402,324,1.24,15.95,,,,2026-07-27,2026-07-27 07:40:16
3013,晟銘電,84.9,85.5,85.5,83.0,28.44,27.84,18.84,-6.37,-5.27,-1.09,115.9,97.78,79.67,1189,1207,0.99,174.16,18.74,0.4,0.47,2026-07-27,2026-07-27 07:40:17
3014,聯陽,131.0,130.0,131.5,128.5,49.52,37.63,31.46,-3.78,-2.79,-0.99,157.54,138.43,119.31,708,1265,0.56,217.4,14.15,8.5,6.49,2026-07-27,2026-07-27 07:40:18
3015,全漢,55.1,55.0,55.8,53.8,17.95,17.36,18.13,-1.38,-0.2,-1.18,72.93,61.66,50.39,392,906,0.43,103.18,29.78,2.2,3.99,2026-07-27,2026-07-27 07:40:19
3016,嘉晶,94.2,94.5,95.8,90.5,11.71,15.11,31.05,-6.43,-3.17,-3.26,143.73,116.78,89.82,3547,6987,0.51,271.81,1345.71,0.5,0.53,2026-07-27,2026-07-27 07:40:20
3017,奇鋐,2400.0,2375.0,2420.0,2310.0,69.79,57.83,47.66,-39.67,-58.3,18.62,2772.95,2383.25,1993.55,2361,4172,0.57,9421.03,40.01,9.93,0.41,2026-07-27,2026-07-27 07:40:21
3018,隆銘綠能,14.3,14.3,14.3,14.3,67.75,45.46,81.69,0.36,0.21,0.15,13.26,12.09,10.91,76,65,1.17,10.78,1.6,,,2026-07-27,2026-07-27 07:40:22
3019,亞光,133.5,133.0,137.0,131.5,37.58,34.68,38.2,-3.31,-2.34,-0.97,154.45,141.38,128.3,2417,2500,0.97,372.79,19.75,4.6,3.45,2026-07-27,2026-07-27 07:40:23
3021,鴻名,21.35,21.55,22.2,21.0,27.51,24.85,22.49,-1.62,-1.17,-0.45,31.62,25.26,18.9,250,381,0.66,20.26,64.7,0.6,2.81,2026-07-27,2026-07-27 07:40:24
3022,威強電,91.7,95.1,95.6,89.2,74.33,59.87,54.8,2.22,1.81,0.41,95.8,87.35,78.89,4532,3800,1.19,161.94,26.2,4.5,4.91,2026-07-27,2026-07-27 07:40:25
3023,信邦,291.5,285.5,291.5,280.5,25.05,26.84,34.12,-5.73,-2.02,-3.71,345.34,317.02,288.71,1748,1858,0.94,699.8,22.83,9.1,3.12,2026-07-27,2026-07-27 07:40:26
3024,憶聲,13.05,13.3,13.3,12.85,35.63,50.39,63.19,0.17,0.1,0.08,14.23,12.8,11.36,1215,2721,0.45,36.17,48.33,0.22,1.69,2026-07-27,2026-07-27 07:40:27
3025,星通,56.3,57.0,57.0,55.1,36.5,30.14,27.73,-3.11,-2.98,-0.13,69.66,60.37,51.08,115,118,0.97,31.94,16.46,3.3,5.86,2026-07-27,2026-07-27 07:40:27
3026,禾伸堂,585.0,640.0,640.0,576.0,8.76,13.13,32.24,-32.62,6.42,-39.03,1092.64,816.15,539.66,2099,5441,0.39,970.46,76.17,5.8,0.99,2026-07-27,2026-07-27 07:40:28
3027,盛達,19.35,19.1,19.45,19.0,57.86,47.05,34.85,-0.38,-0.3,-0.08,22.82,20.18,17.54,204,278,0.73,24.96,8.64,,,2026-07-27,2026-07-27 07:40:29
3028,增你強,64.1,67.8,67.8,63.1,20.92,23.57,31.49,-2.84,-1.96,-0.89,85.34,73.02,60.69,2030,1455,1.4,154.43,20.74,2.95,4.6,2026-07-27,2026-07-27 07:40:30
3029,零壹,104.0,104.5,104.5,103.0,52.97,58.46,53.33,0.8,0.69,0.1,106.27,102.98,99.7,516,855,0.6,171.81,15.38,5.5,5.29,2026-07-27,2026-07-27 07:40:31
3030,德律,296.5,292.0,298.5,283.5,50.54,45.27,50.27,-11.16,-12.48,1.31,336.5,303.95,271.4,1196,1121,1.07,700.38,25.67,7.0,2.36,2026-07-27,2026-07-27 07:40:32
3031,佰鴻,23.15,23.55,23.7,22.8,9.52,11.81,5.37,-1.61,-1.02,-0.59,35.06,28.19,21.32,597,651,0.92,40.1,21.44,1.0,4.32,2026-07-27,2026-07-27 07:40:33
3032,偉訓,81.9,78.6,84.7,77.5,52.73,47.4,60.31,-0.53,-0.73,0.21,82.98,79.05,75.11,1383,457,3.02,92.78,,2.73,3.33,2026-07-27,2026-07-27 07:40:34
3033,威健,48.95,50.1,50.1,48.05,29.85,31.87,48.79,0.16,0.43,-0.27,53.77,50.28,46.78,5936,6360,0.93,236.29,21.28,1.92,3.92,2026-07-27,2026-07-27 07:40:35
3034,聯詠,518.0,510.0,525.0,507.0,76.87,58.91,53.3,2.59,0.91,1.68,543.65,497.29,450.92,3666,4559,0.8,3152.09,19.31,23.0,4.44,2026-07-27,2026-07-27 07:40:36
3035,智原,200.5,195.5,200.5,192.0,56.61,46.61,50.93,-2.81,-1.34,-1.47,228.72,205.45,182.18,5084,4344,1.17,522.4,106.65,1.8,0.9,2026-07-27,2026-07-27 07:40:37
3036,文曄,203.5,208.0,208.5,199.5,62.2,44.13,40.19,-7.73,-9.32,1.58,225.73,206.32,186.92,6548,6763,0.97,2590.29,14.35,7.8,3.83,2026-07-27,2026-07-27 07:40:38
3037,欣興,848.0,850.0,854.0,804.0,47.88,43.03,50.7,-24.79,-22.47,-2.31,1046.87,893.69,740.5,15639,20004,0.78,13348.76,120.28,1.98,0.23,2026-07-27,2026-07-27 07:40:40
3038,全台,20.55,20.65,20.75,20.4,24.45,23.69,22.58,-0.55,-0.51,-0.04,22.89,21.41,19.92,135,137,0.99,29.6,18.68,1.2,5.84,2026-07-27,2026-07-27 07:40:40
3040,遠見,36.0,35.85,36.9,35.8,28.19,40.65,40.15,-0.53,-0.38,-0.15,39.06,37.54,36.03,120,134,0.89,22.67,112.5,1.0,2.78,2026-07-27,2026-07-27 07:40:41
3041,揚智,23.1,23.45,23.55,22.75,23.91,23.91,24.11,-0.91,-0.56,-0.35,29.74,25.86,21.99,982,996,0.99,32.82,23.81,,,2026-07-27,2026-07-27 07:40:42
3042,晶技,158.5,163.0,165.0,154.5,18.52,19.09,19.88,-10.64,-6.67,-3.97,240.79,190.72,140.66,10973,10753,1.02,538.89,30.31,4.8,3.03,2026-07-27,2026-07-27 07:40:43
3043,科風,20.7,20.45,20.7,20.3,26.34,26.97,40.32,-0.39,-0.25,-0.15,23.41,21.75,20.08,54,69,0.78,8.07,,,,2026-07-27,2026-07-27 07:40:44
3044,健鼎,390.5,400.0,400.0,385.0,30.58,27.95,24.25,-25.39,-21.2,-4.18,520.95,440.59,360.23,1352,2372,0.57,2052.49,19.07,12.7,3.25,2026-07-27,2026-07-27 07:40:45
3045,台灣大,113.5,113.5,114.0,112.5,84.87,74.45,58.92,0.33,-0.02,0.34,114.79,111.19,107.58,9941,12306,0.81,3439.99,23.45,4.74,4.18,2026-07-27,2026-07-27 07:40:46
3046,建碁,54.7,55.4,55.9,54.2,67.85,60.35,38.22,0.53,0.47,0.06,57.83,54.02,50.21,229,404,0.57,42.91,13.68,3.0,5.48,2026-07-27,2026-07-27 07:40:47
3047,訊舟,14.95,14.65,15.15,14.55,33.07,31.41,36.27,-0.24,-0.11,-0.14,17.16,15.7,14.24,710,684,1.04,33.38,,0.3,2.01,2026-07-27,2026-07-27 07:40:48
3048,益登,49.85,50.5,50.9,48.6,20.87,19.42,20.17,-3.77,-3.05,-0.72,67.63,56.75,45.87,1472,1377,1.07,134.51,24.93,1.0,2.01,2026-07-27,2026-07-27 07:40:49
3049,精金,10.7,10.9,10.95,10.5,11.23,15.32,22.54,-0.69,-0.57,-0.12,13.87,12.14,10.4,2414,2276,1.06,85.82,34.52,,,2026-07-27,2026-07-27 07:40:50
3050,鈺德,11.6,11.55,11.6,11.35,35.09,34.25,36.54,-0.28,-0.23,-0.05,13.07,12.15,11.23,514,468,1.1,17.98,290.0,0.25,2.16,2026-07-27,2026-07-27 07:40:50
3051,力特,22.65,22.45,22.65,22.1,21.21,20.28,18.85,-1.17,-0.99,-0.19,28.62,24.81,21.0,438,515,0.85,37.37,22.43,0.5,2.21,2026-07-27,2026-07-27 07:40:51
3052,夆典,10.7,10.7,10.75,10.65,21.69,22.39,33.33,-0.02,0.01,-0.02,11.05,10.82,10.6,237,216,1.09,21.83,9.82,0.5,4.67,2026-07-27,2026-07-27 07:40:52
3054,立萬利,53.0,53.4,53.4,51.0,17.07,18.25,24.36,-3.15,-2.7,-0.44,66.52,59.17,51.82,101,68,1.47,42.75,27.32,0.8,1.51,2026-07-27,2026-07-27 07:40:53
3055,蔚華科,126.0,129.0,134.5,122.0,13.72,28.27,31.75,8.43,14.65,-6.21,196.08,156.76,117.44,5791,2236,2.59,142.04,,0.5,0.4,2026-07-27,2026-07-27 07:40:54
3056,富華新,14.15,14.15,14.25,13.85,52.44,48.4,49.05,0.04,0.05,-0.02,14.42,14.09,13.75,533,841,0.63,67.29,13.22,0.62,4.38,2026-07-27,2026-07-27 07:40:55
3057,喬鼎,15.7,15.65,15.7,15.2,29.04,24.41,26.87,-1.02,-0.91,-0.12,20.58,17.57,14.56,150,83,1.8,10.65,39.25,,,2026-07-27,2026-07-27 07:40:56
3058,立德,8.5,8.5,8.6,8.42,11.87,11.82,33.5,-0.19,-0.11,-0.08,9.81,9.03,8.25,271,411,0.66,17.03,,,,2026-07-27,2026-07-27 07:40:57
3059,華晶科,40.35,40.0,40.85,39.85,12.7,14.39,18.47,-1.76,-1.08,-0.69,52.23,45.06,37.89,1443,1863,0.78,124.12,32.8,1.0,2.48,2026-07-27,2026-07-27 07:40:58
3060,銘異,28.6,28.9,29.05,27.95,16.96,17.95,23.91,-1.39,-0.62,-0.76,39.88,33.26,26.64,1260,1474,0.85,39.34,,0.2,0.7,2026-07-27,2026-07-27 07:40:59
3062,建漢,20.7,20.6,20.95,20.3,16.54,18.11,17.31,-1.34,-1.2,-0.13,26.14,23.05,19.96,1770,1443,1.23,67.48,30.44,,,2026-07-27,2026-07-27 07:41:00
3064,泰偉,18.0,18.0,18.0,18.0,7.36,8.17,4.55,-0.35,-0.19,-0.16,20.59,19.05,17.5,0,5,0.0,2.34,,,,2026-07-24,2026-07-27 07:41:01
3066,李洲,22.25,22.2,22.3,21.5,15.68,16.07,7.49,-0.24,0.32,-0.57,30.08,24.98,19.87,323,388,0.83,18.48,,,,2026-07-27,2026-07-27 07:41:02
3067,全域,18.0,18.0,18.0,18.0,7.13,13.72,0.0,-0.2,-0.16,-0.05,19.18,18.39,17.59,0,13,0.0,3.6,,,,2026-07-24,2026-07-27 07:41:03
3071,協禧,25.7,25.85,25.85,25.1,21.83,20.05,13.89,-1.47,-1.18,-0.28,33.34,28.66,23.98,203,163,1.25,28.27,45.09,0.8,3.11,2026-07-27,2026-07-27 07:41:04
3078,僑威,52.3,52.7,53.0,51.9,37.8,33.27,29.37,-0.8,-0.58,-0.22,58.97,54.52,50.08,425,576,0.74,118.93,10.74,4.0,7.65,2026-07-27,2026-07-27 07:41:06
3081,聯亞,1805.0,1825.0,1895.0,1740.0,60.85,49.22,53.27,-94.29,-125.44,31.15,2004.69,1739.95,1475.2,6198,4153,1.49,1836.93,263.12,3.0,0.17,2026-07-27,2026-07-27 07:41:07
3083,網龍,25.15,24.9,25.55,24.9,27.97,27.97,25.95,-0.67,-0.56,-0.11,28.43,26.39,24.36,35,56,0.62,21.75,58.49,0.33,1.31,2026-07-27,2026-07-27 07:41:08
3085,新零售,12.3,12.3,12.3,12.3,95.7,90.08,54.84,0.01,-0.04,0.05,12.44,12.12,11.81,0,0,0.0,8.49,,,,2026-07-24,2026-07-27 07:41:09
3086,華義*,28.6,28.95,29.25,28.4,16.53,23.98,34.29,-1.43,-1.32,-0.11,34.0,31.1,28.19,212,182,1.16,78.0,,0.02,0.07,2026-07-27,2026-07-27 07:41:10
3088,艾訊,141.5,150.5,151.5,138.5,64.45,59.41,53.16,2.1,1.06,1.04,153.32,138.89,124.46,2857,4436,0.64,157.17,31.66,2.93,2.07,2026-07-27,2026-07-27 07:41:12
3090,日電貿,156.0,162.0,162.0,148.0,9.64,9.57,4.55,-27.31,-13.83,-13.48,373.55,246.27,118.98,2056,2745,0.75,448.6,28.68,4.8,3.08,2026-07-27,2026-07-27 07:41:12
3092,鴻碩,24.8,24.5,24.8,23.95,23.36,15.26,15.48,-1.67,-1.42,-0.25,34.24,27.6,20.97,160,180,0.89,26.45,,,,2026-07-27,2026-07-27 07:41:13
3093,港建*,47.35,48.35,49.3,46.3,35.63,27.24,17.66,-4.24,-3.35,-0.89,75.99,56.56,37.14,395,451,0.88,68.73,38.81,1.15,2.43,2026-07-27,2026-07-27 07:41:14
3094,聯傑,35.55,36.85,36.85,35.0,31.66,37.15,41.86,-0.16,0.5,-0.67,43.06,38.85,34.64,1050,2364,0.44,29.55,148.12,0.25,0.7,2026-07-27,2026-07-27 07:41:15
3095,及成,38.0,38.1,38.1,38.0,49.59,51.13,51.21,-0.37,-0.52,0.15,39.75,38.27,36.78,10,8,1.22,3.8,,,,2026-07-27,2026-07-27 07:41:16
3105,穩懋,355.0,313.5,368.0,307.5,43.62,33.39,36.8,-32.29,-32.66,0.37,451.33,383.18,315.02,37361,21249,1.76,286.93,68.01,2.0,0.56,2026-07-27,2026-07-27 07:41:18
3114,好德,31.65,31.8,31.85,31.0,9.1,9.08,9.96,-2.77,-1.71,-1.06,50.41,38.69,26.97,360,388,0.93,20.39,14.32,1.2,3.79,2026-07-27,2026-07-27 07:41:19
3115,富榮綱,9.5,9.61,9.61,9.5,74.79,60.14,54.42,0.02,-0.04,0.07,9.68,8.82,7.96,23,11,2.07,6.91,,,,2026-07-27,2026-07-27 07:41:20
3118,進階,31.95,31.8,31.95,31.8,67.68,64.14,48.48,0.08,0.1,-0.02,32.14,31.86,31.58,12,11,1.1,10.37,13.09,2.2,6.89,2026-07-27,2026-07-27 07:41:21
3122,笙泉,25.25,25.3,25.6,24.8,13.63,14.37,14.48,-1.57,-1.25,-0.32,33.26,28.61,23.96,92,82,1.12,10.29,,,,2026-07-27,2026-07-27 07:41:22
3128,昇銳,21.95,21.85,22.5,21.8,32.54,28.98,29.37,-0.63,-0.47,-0.16,25.85,23.32,20.8,141,89,1.59,10.39,17.15,0.19,0.87,2026-07-27,2026-07-27 07:41:23
3130,一零四,206.0,206.0,207.0,205.5,59.31,42.84,51.26,-0.52,-0.72,0.2,208.24,205.44,202.64,114,152,0.75,68.37,14.13,14.7,7.14,2026-07-27,2026-07-27 07:41:24
3131,弘塑,2780.0,2865.0,2865.0,2700.0,25.77,29.33,36.63,-122.08,-72.27,-49.81,3864.18,3227.5,2590.82,306,320,0.96,781.62,63.01,46.08,1.66,2026-07-27,2026-07-27 07:41:25
3135,凌航,160.0,157.0,160.5,154.0,60.16,42.39,40.82,-10.46,-11.08,0.62,191.01,163.57,136.14,1866,1332,1.4,143.55,26.14,1.32,0.83,2026-07-27,2026-07-27 07:41:26
3138,耀登,97.5,96.7,97.5,95.1,29.64,28.78,29.07,-9.3,-9.62,0.32,123.48,108.29,93.11,195,244,0.8,48.46,65.0,1.55,1.59,2026-07-27,2026-07-27 07:41:26
3141,晶宏,67.5,67.0,68.3,65.5,48.65,36.06,32.08,-2.22,-1.49,-0.73,84.21,71.41,58.61,480,446,1.08,50.21,127.36,0.51,0.76,2026-07-27,2026-07-27 07:41:28
3147,大綜,230.0,227.5,233.0,225.0,64.74,56.84,51.85,-9.7,-9.34,-0.36,252.69,232.15,211.61,738,1045,0.71,100.48,27.32,5.0,2.17,2026-07-27,2026-07-27 07:41:29
3149,正達,68.4,68.3,71.0,67.2,9.34,13.84,34.06,-3.85,-1.5,-2.35,99.39,82.15,64.92,5643,8617,0.65,164.77,,,,2026-07-27,2026-07-27 07:41:29
3150,鈺寶-創,16.7,16.8,17.0,16.7,18.43,20.4,25.13,-0.45,-0.37,-0.08,18.91,17.63,16.35,7,24,0.29,7.41,,0.5,2.99,2026-07-27,2026-07-27 07:41:30
3152,璟德,232.0,231.5,233.0,227.0,24.49,19.63,22.67,-25.34,-23.44,-1.9,316.55,261.3,206.05,86,111,0.78,160.12,13.97,7.11,3.06,2026-07-27,2026-07-27 07:41:31
3158,嘉實,82.6,82.6,82.6,82.6,43.4,42.36,35.48,-0.56,-0.57,0.02,84.33,83.09,81.84,0,10,0.0,25.02,11.99,6.5,7.87,2026-07-24,2026-07-27 07:41:32
3162,精確,64.1,65.5,65.6,62.6,9.64,13.07,0.52,-4.43,-2.94,-1.49,90.77,76.28,61.8,855,763,1.12,98.87,38.61,0.87,1.36,2026-07-27,2026-07-27 07:41:33
3163,波若威,743.0,708.0,766.0,695.0,59.26,49.62,50.1,-42.9,-53.68,10.78,836.0,738.45,640.9,4905,4721,1.04,598.42,86.4,1.75,0.24,2026-07-27,2026-07-27 07:41:34
3164,景岳,16.55,16.4,16.55,16.4,64.5,57.98,52.17,-0.0,-0.03,0.02,16.75,16.36,15.97,31,20,1.54,14.23,25.08,0.8,4.83,2026-07-27,2026-07-27 07:41:35
3167,大量,595.0,605.0,605.0,558.0,10.4,16.99,24.95,-42.78,-18.0,-24.78,956.89,784.92,612.96,1188,2824,0.42,532.61,74.38,3.91,0.66,2026-07-27,2026-07-27 07:41:36
3168,眾福科,44.0,43.95,44.0,43.4,32.18,29.68,48.21,-0.17,-0.17,-0.01,45.37,43.82,42.28,30,34,0.87,33.04,16.99,3.0,6.82,2026-07-27,2026-07-27 07:41:37
3169,亞信,100.5,102.5,102.5,99.4,44.67,44.71,40.8,-1.42,-1.35,-0.07,109.61,104.02,98.42,116,183,0.63,63.42,28.96,3.2,3.18,2026-07-27,2026-07-27 07:41:38
3171,炎洲流通,64.9,65.9,65.9,63.8,46.34,46.66,54.24,-0.07,-0.19,0.11,66.0,64.61,63.22,12,14,0.87,19.55,15.68,4.64,7.15,2026-07-27,2026-07-27 07:41:39
3176,基亞,33.4,32.85,33.4,32.75,12.05,14.71,26.79,-0.2,0.18,-0.37,38.77,35.16,31.55,233,235,0.99,46.53,,,,2026-07-27,2026-07-27 07:41:40
3178,公準,62.7,63.6,63.6,61.8,28.99,41.63,48.21,-0.47,-0.18,-0.29,70.27,65.97,61.67,42,89,0.47,28.25,,0.5,0.8,2026-07-27,2026-07-27 07:41:41
3188,鑫龍騰,23.35,23.5,23.5,23.25,39.3,41.83,38.1,-0.14,-0.11,-0.03,24.46,23.84,23.22,138,118,1.16,43.98,6.26,3.2,13.7,2026-07-27,2026-07-27 07:41:43
3189,景碩,710.0,702.0,718.0,673.0,38.94,43.5,52.07,2.14,14.63,-12.49,904.45,779.65,654.85,11387,14445,0.79,3741.1,181.59,1.52,0.21,2026-07-27,2026-07-27 07:41:44
3191,雲嘉南,18.05,17.35,18.1,17.35,57.57,52.6,40.35,-0.22,-0.17,-0.06,19.21,18.52,17.83,15,50,0.3,7.87,35.39,,,2026-07-27,2026-07-27 07:41:45
3205,佰研,49.75,49.55,50.0,49.5,40.01,30.99,24.27,-0.9,-0.87,-0.02,53.54,51.06,48.59,65,47,1.36,33.6,,,,2026-07-27,2026-07-27 07:41:46
3206,志豐,33.3,33.8,34.35,33.0,19.11,19.88,15.85,-0.83,-0.58,-0.25,38.59,35.43,32.26,27,75,0.36,19.62,16.57,1.5,4.5,2026-07-27,2026-07-27 07:41:47
3207,耀勝,44.0,46.45,46.45,42.35,6.38,5.6,5.81,-5.11,-3.69,-1.43,71.63,56.78,41.94,552,311,1.77,29.23,,,,2026-07-27,2026-07-27 07:41:48
3209,全科,57.2,57.9,58.2,55.9,42.23,40.51,45.75,-1.49,-1.68,0.18,61.21,58.38,55.54,1182,1189,0.99,134.64,19.13,2.48,4.34,2026-07-27,2026-07-27 07:41:49
3211,順達,374.0,381.5,386.0,365.5,27.63,28.27,46.77,-7.25,-1.66,-5.58,466.43,408.22,350.02,2768,3568,0.78,577.1,37.51,11.47,3.07,2026-07-27,2026-07-27 07:41:50
3213,茂訊,126.5,130.0,130.0,124.5,63.89,53.83,36.49,1.0,1.52,-0.52,140.25,128.72,117.2,277,357,0.78,74.24,17.31,7.0,5.53,2026-07-27,2026-07-27 07:41:51
3217,優群,152.0,151.5,152.0,149.0,49.23,37.22,32.16,-4.57,-4.15,-0.42,174.34,158.75,143.17,259,324,0.8,136.96,12.11,10.0,6.58,2026-07-27,2026-07-27 07:41:52
3218,大學光,139.0,136.5,139.0,135.5,55.14,45.39,36.17,0.49,0.87,-0.38,144.67,139.1,133.53,127,202,0.63,117.77,12.31,7.75,5.58,2026-07-27,2026-07-27 07:41:53
3219,倚強科,61.7,62.6,64.3,60.5,10.76,14.66,24.81,-2.95,-1.94,-1.01,81.87,70.29,58.71,104,150,0.69,44.29,40.59,1.36,2.2,2026-07-27,2026-07-27 07:41:54
3221,台嘉碩,50.5,50.6,52.3,48.85,29.7,20.68,37.08,-2.58,-1.84,-0.73,67.07,54.5,41.94,10493,4294,2.44,53.06,631.25,0.28,0.55,2026-07-27,2026-07-27 07:41:55
3224,三顧,35.3,35.55,36.1,35.3,35.89,31.2,29.23,-0.83,-0.81,-0.02,39.03,36.67,34.3,59,39,1.5,27.58,,,,2026-07-27,2026-07-27 07:41:56
3226,龍鋒,46.2,46.2,46.2,46.2,38.41,36.4,0.0,0.06,0.15,-0.09,47.12,46.15,45.18,0,0,,29.77,192.5,0.5,1.08,2026-07-24,2026-07-27 07:41:57
3227,原相,198.5,200.0,202.5,194.5,69.67,51.75,33.79,-4.75,-4.58,-0.17,235.91,206.28,176.66,752,1353,0.56,301.55,16.51,10.01,5.04,2026-07-27,2026-07-27 07:41:59
3228,金麗科,153.0,157.0,157.5,152.0,17.63,21.99,25.49,-7.09,-5.84,-1.25,190.25,170.38,150.5,177,153,1.15,109.41,,,,2026-07-27,2026-07-27 07:42:00
3229,晟鈦,38.8,40.8,40.8,36.5,45.36,50.02,49.36,-0.64,-0.86,0.22,44.34,40.04,35.73,234,578,0.41,24.93,,,,2026-07-27,2026-07-27 07:42:01
3230,錦明,39.7,39.15,40.0,38.45,11.21,20.43,31.59,0.62,2.56,-1.94,58.25,48.42,38.58,967,2512,0.39,33.79,,0.35,0.88,2026-07-27,2026-07-27 07:42:02
3231,緯創,177.0,180.0,180.5,167.5,79.65,66.78,72.13,5.0,1.15,3.85,176.06,152.72,129.39,108792,126046,0.86,5628.69,18.65,5.5,3.11,2026-07-27,2026-07-27 07:42:02
3232,昱捷,20.7,21.15,21.15,20.5,33.69,34.44,20.51,-0.45,-0.36,-0.08,22.83,21.55,20.27,7,30,0.23,9.64,71.38,0.5,2.42,2026-07-27,2026-07-27 07:42:04
3234,光環,105.5,104.5,109.5,103.0,42.79,33.89,35.14,-5.18,-3.89,-1.28,138.35,115.83,93.3,820,1438,0.57,117.61,879.17,,,2026-07-27,2026-07-27 07:42:05
3236,千如,42.75,41.6,43.6,41.05,8.0,8.65,12.18,-4.55,-2.49,-2.06,76.91,56.57,36.24,3478,3376,1.03,44.89,133.59,0.35,0.82,2026-07-27,2026-07-27 07:42:06
3252,海灣,16.45,16.7,16.7,16.35,14.02,18.72,18.92,-0.28,-0.21,-0.08,18.24,17.41,16.57,38,69,0.55,8.26,126.54,,,2026-07-27,2026-07-27 07:42:07
3257,虹冠電,51.2,50.8,51.8,50.7,11.86,12.76,11.92,-2.87,-1.55,-1.32,74.73,60.52,46.32,231,283,0.82,40.74,16.15,2.8,5.47,2026-07-27,2026-07-27 07:42:08
3259,鑫創,15.25,14.75,15.35,14.6,38.39,32.16,38.1,-0.33,-0.33,0.0,16.6,15.66,14.72,15,23,0.66,11.13,,,,2026-07-27,2026-07-27 07:42:09
3260,威剛,402.0,386.0,403.0,378.5,58.72,48.53,49.25,-8.05,-8.16,0.11,431.68,395.43,359.17,6896,6543,1.05,1269.45,17.49,17.0,4.23,2026-07-27,2026-07-27 07:42:10
3264,欣銓,206.0,215.0,216.5,199.0,31.06,32.06,38.77,-3.99,-1.38,-2.61,256.45,225.85,195.25,8362,6129,1.36,976.28,34.62,4.2,2.04,2026-07-27,2026-07-27 07:42:11
3265,台星科,161.5,160.0,162.0,154.5,52.29,44.11,41.3,-4.35,-3.62,-0.73,190.22,169.88,149.54,635,604,1.05,220.06,28.48,4.1,2.54,2026-07-27,2026-07-27 07:42:12
3266,昇陽,13.6,13.8,13.8,13.55,78.89,75.25,67.77,0.18,0.16,0.02,13.77,13.25,12.74,31,47,0.66,47.91,23.45,0.5,3.68,2026-07-27,2026-07-27 07:42:13
3268,海德威,19.9,19.9,20.25,19.45,50.19,42.44,36.15,-0.2,-0.07,-0.13,22.92,20.67,18.42,63,132,0.48,6.91,,,,2026-07-27,2026-07-27 07:42:14
3272,東碩,14.7,14.8,14.8,14.65,8.65,11.84,17.95,-0.45,-0.43,-0.02,16.25,15.42,14.58,56,44,1.27,8.81,,,,2026-07-27,2026-07-27 07:42:15
3276,宇環,15.6,16.7,16.7,15.15,44.84,57.74,45.11,0.35,0.43,-0.08,17.95,16.61,15.27,1076,1132,0.95,10.88,74.29,0.06,0.38,2026-07-27,2026-07-27 07:42:16
3284,太普高,21.2,21.45,21.45,20.5,9.78,12.07,9.07,-0.41,0.56,-0.98,31.92,26.14,20.37,465,425,1.1,23.0,9.34,0.5,2.36,2026-07-27,2026-07-27 07:42:17
3285,微端,38.85,39.9,40.5,38.05,60.93,49.42,45.03,-0.34,0.06,-0.41,48.31,40.81,33.31,28,27,1.03,16.6,55.5,0.5,1.29,2026-07-27,2026-07-27 07:42:18
3287,廣寰科,28.9,28.95,29.35,28.9,35.58,32.27,22.61,-1.08,-1.0,-0.08,33.73,30.56,27.39,52,48,1.08,12.71,19.27,1.5,5.19,2026-07-27,2026-07-27 07:42:19
3288,點晶,24.9,24.9,24.9,24.9,48.78,58.93,66.02,1.24,1.02,0.22,28.45,21.89,15.33,43,153,0.28,4.08,,,,2026-07-27,2026-07-27 07:42:20
3289,宜特,147.5,151.0,151.0,147.0,41.63,35.15,34.83,-6.13,-5.15,-0.99,185.68,160.12,134.57,408,638,0.64,127.55,30.92,4.79,3.25,2026-07-27,2026-07-27 07:42:21
3290,東浦,59.6,59.5,60.0,58.0,24.02,29.4,31.55,-0.14,1.22,-1.36,72.07,65.28,58.49,475,493,0.96,53.77,29.65,1.5,2.52,2026-07-27,2026-07-27 07:42:23
3293,鈊象,719.0,717.0,727.0,713.0,57.33,43.09,44.0,-6.6,-5.43,-1.17,779.81,730.0,680.19,983,842,1.17,2026.15,19.0,36.0,5.01,2026-07-27,2026-07-27 07:42:24
3294,英濟,30.6,30.0,30.6,29.9,15.56,17.13,11.48,-1.91,-1.29,-0.62,41.78,35.22,28.67,367,398,0.92,40.4,,0.38,1.24,2026-07-27,2026-07-27 07:42:25
3296,勝德,25.2,26.4,26.4,25.1,41.26,36.57,39.13,-0.03,0.32,-0.34,30.45,27.29,24.13,64,69,0.93,24.37,41.31,,,2026-07-27,2026-07-27 07:42:26
3297,杭特,29.35,29.35,29.95,29.25,17.43,20.77,45.93,-0.46,-0.39,-0.06,32.1,30.41,28.71,40,135,0.3,10.58,62.45,,,2026-07-27,2026-07-27 07:42:27
3303,岱稜,51.5,51.2,51.6,50.9,11.88,20.59,44.24,-0.35,0.44,-0.79,60.13,54.71,49.29,291,409,0.71,48.17,12.17,3.0,5.83,2026-07-27,2026-07-27 07:42:28
3305,昇貿,108.0,109.5,109.5,105.0,35.77,31.48,25.33,-7.04,-6.16,-0.88,141.02,121.02,101.02,1264,1376,0.92,151.52,36.0,2.28,2.11,2026-07-27,2026-07-27 07:42:29
3306,鼎天,45.0,44.55,45.0,44.05,43.1,34.89,30.13,-0.94,-0.64,-0.29,52.29,47.19,42.08,136,122,1.11,22.77,23.2,1.7,3.78,2026-07-27,2026-07-27 07:42:30
3308,聯德,20.4,20.4,20.7,19.7,35.99,31.71,36.25,-0.28,-0.16,-0.12,22.81,21.14,19.48,32,43,0.75,12.24,30.0,,,2026-07-27,2026-07-27 07:42:30
3310,佳穎,66.0,66.6,66.6,65.4,26.93,31.62,29.51,0.01,0.2,-0.19,69.83,67.76,65.69,15,8,1.88,41.45,20.43,3.5,5.3,2026-07-27,2026-07-27 07:42:31
3311,閎暉,34.5,34.3,34.55,33.9,33.44,26.74,36.42,-0.75,-0.5,-0.25,39.36,35.97,32.59,147,207,0.71,34.5,20.66,0.6,1.74,2026-07-27,2026-07-27 07:42:32
3312,弘憶股,47.75,47.25,47.75,46.0,21.3,19.91,20.69,-2.73,-1.9,-0.83,63.36,53.64,43.92,621,723,0.86,87.2,27.92,1.39,2.91,2026-07-27,2026-07-27 07:42:34
3313,斐成,11.5,11.5,11.6,11.35,26.28,35.98,36.67,-0.01,0.03,-0.05,12.34,11.75,11.15,45,55,0.82,25.43,,,,2026-07-27,2026-07-27 07:42:35
3317,尼克森,74.3,75.2,75.6,72.4,7.92,11.66,17.34,-2.57,0.0,-2.57,106.95,88.97,71.0,1159,1379,0.84,66.87,45.3,0.4,0.54,2026-07-27,2026-07-27 07:42:36
3321,同泰,18.5,18.75,18.8,18.1,21.23,18.46,15.38,-0.95,-0.54,-0.41,25.78,21.15,16.51,118,199,0.59,15.93,,,,2026-07-27,2026-07-27 07:42:37
3322,建舜電,12.4,12.3,12.4,12.1,34.21,27.39,33.33,-0.49,-0.41,-0.07,14.78,13.19,11.59,199,280,0.71,17.06,,,,2026-07-27,2026-07-27 07:42:38
3323,加百裕,29.95,29.25,29.95,29.2,27.95,25.63,21.47,-1.38,-1.02,-0.36,37.44,32.93,28.42,233,275,0.85,29.77,,0.5,1.67,2026-07-27,2026-07-27 07:42:39
3324,雙鴻,930.0,943.0,943.0,890.0,64.63,58.05,44.19,-27.44,-33.23,5.79,1044.76,939.65,834.54,1828,2575,0.71,851.65,27.09,11.9,1.28,2026-07-27,2026-07-27 07:42:41
3325,旭品,12.3,12.3,12.35,12.05,29.65,31.32,35.42,-0.1,-0.04,-0.06,13.51,12.82,12.14,196,127,1.54,13.55,,,,2026-07-27,2026-07-27 07:42:42
3332,幸康,63.6,65.0,65.0,63.4,23.26,33.13,39.31,0.06,0.25,-0.19,68.02,65.6,63.19,43,16,2.64,30.59,18.02,2.0,3.14,2026-07-27,2026-07-27 07:42:43
3338,泰碩,63.6,63.2,64.3,62.1,37.59,39.49,42.15,-2.0,-1.79,-0.21,74.02,68.0,61.98,235,718,0.33,55.22,35.53,1.3,2.04,2026-07-27,2026-07-27 07:42:44
3339,泰谷,36.3,34.0,36.45,33.7,37.28,32.45,44.61,-2.69,-2.86,0.16,43.88,37.91,31.94,437,475,0.92,24.78,,,,2026-07-27,2026-07-27 07:42:45
3346,麗清,20.45,20.7,20.8,20.25,17.7,16.85,12.22,-0.96,-0.38,-0.58,30.62,24.23,17.83,277,339,0.82,24.64,185.91,1.21,5.92,2026-07-27,2026-07-27 07:42:45
3349,寶德,23.25,23.3,23.3,22.35,39.11,42.76,49.65,0.9,1.01,-0.11,26.26,22.89,19.51,64,60,1.06,10.71,,,,2026-07-27,2026-07-27 07:42:47
3354,律勝,21.4,21.5,21.9,21.25,26.9,26.01,26.13,-1.74,-1.55,-0.2,29.11,24.72,20.34,88,162,0.54,15.0,,0.2,0.93,2026-07-27,2026-07-27 07:42:49
3356,奇偶,59.2,58.3,59.2,58.3,56.33,44.76,45.13,-0.33,-0.15,-0.18,63.47,59.49,55.52,330,292,1.13,40.58,9.55,3.5,5.91,2026-07-27,2026-07-27 07:42:50
3357,臺慶科,212.0,207.0,212.0,202.0,17.7,15.79,28.33,-19.54,-13.94,-5.61,325.23,253.55,181.87,1705,2151,0.79,216.31,22.41,5.08,2.4,2026-07-27,2026-07-27 07:42:51
3360,尚立,16.75,16.9,17.0,16.45,8.31,16.15,38.24,-0.01,0.61,-0.62,23.24,19.93,16.62,957,1759,0.54,12.8,,,,2026-07-27,2026-07-27 07:42:52
3362,先進光,165.5,153.0,165.5,153.0,32.91,26.07,51.83,-2.86,-0.1,-2.76,197.53,170.18,142.82,6915,2991,2.31,244.02,,0.99,0.6,2026-07-27,2026-07-27 07:42:53
3363,上詮,598.0,574.0,598.0,566.0,65.53,54.82,51.64,-31.8,-42.82,11.02,644.97,571.95,498.93,4081,4154,0.98,679.57,34.98,,,2026-07-27,2026-07-27 07:42:54
3372,典範,16.35,16.55,16.65,16.05,23.43,18.82,21.49,-1.02,-0.81,-0.21,21.74,18.53,15.31,827,657,1.26,29.86,,,,2026-07-27,2026-07-27 07:42:55
3373,熱映,17.85,17.95,18.3,17.5,64.52,53.96,66.67,0.18,0.02,0.16,17.65,16.75,15.84,408,750,0.54,8.5,,0.1,0.56,2026-07-27,2026-07-27 07:42:56
3374,精材,345.0,365.0,375.0,330.5,47.68,62.09,58.09,26.21,29.13,-2.92,425.76,350.48,275.19,22505,24361,0.92,936.21,67.51,2.5,0.72,2026-07-27,2026-07-27 07:42:57
3376,新日興,184.5,186.0,188.5,181.0,21.98,24.9,36.11,-4.38,-3.91,-0.46,204.0,193.62,183.25,2859,1837,1.56,361.21,283.85,4.0,2.17,2026-07-27,2026-07-27 07:42:58
3379,彬台,29.25,29.95,30.8,29.0,21.97,21.04,27.66,-1.31,-1.2,-0.1,35.12,31.62,28.12,92,104,0.89,11.13,13.86,1.2,4.1,2026-07-27,2026-07-27 07:42:59
3380,明泰,30.3,29.8,30.45,29.5,34.41,30.14,32.44,-1.07,-0.89,-0.18,35.79,32.21,28.62,2397,1566,1.53,164.14,18.94,0.5,1.65,2026-07-27,2026-07-27 07:43:00
3388,崇越電,73.5,74.1,74.5,72.7,30.07,27.12,30.39,-4.16,-4.09,-0.07,87.7,78.99,70.27,428,528,0.81,54.44,19.6,3.34,4.54,2026-07-27,2026-07-27 07:43:01
3390,旭軟,23.6,23.55,23.85,23.15,22.66,24.35,20.18,-1.03,-0.8,-0.23,29.14,25.93,22.72,281,194,1.45,18.63,,0.2,0.85,2026-07-27,2026-07-27 07:43:02
3402,漢科,130.0,136.5,136.5,126.5,31.39,38.43,41.24,-0.36,0.86,-1.22,152.07,141.13,130.2,1256,844,1.49,94.96,17.47,6.0,4.62,2026-07-27,2026-07-27 07:43:03
3406,玉晶光,517.0,509.0,522.0,508.0,18.37,16.18,27.0,-36.49,-28.3,-8.19,689.75,581.4,473.05,1186,1177,1.01,582.88,15.76,17.0,3.29,2026-07-27,2026-07-27 07:43:04
3413,京鼎,329.0,324.5,330.0,320.5,34.41,48.33,45.59,5.42,8.12,-2.71,372.7,341.18,309.65,1229,3695,0.33,363.78,17.41,10.98,3.34,2026-07-27,2026-07-27 07:43:05
3416,融程電,173.0,186.0,186.0,171.5,56.42,50.19,44.08,0.83,1.11,-0.28,193.21,178.25,163.29,619,797,0.78,139.25,24.44,5.1,2.95,2026-07-27,2026-07-27 07:43:06
3419,譁裕,12.3,12.4,12.4,12.05,20.7,17.78,24.56,-0.47,-0.41,-0.06,14.56,13.14,11.71,63,124,0.51,14.82,23.21,,,2026-07-27,2026-07-27 07:43:06
3430,奇鈦科,111.5,107.5,112.0,103.5,13.77,19.7,38.97,-6.57,-4.62,-1.95,148.14,128.58,109.03,399,434,0.92,37.59,35.51,1.6,1.43,2026-07-27,2026-07-27 07:43:08
3432,台端,17.0,17.15,17.15,17.0,50.92,48.54,35.71,-0.31,-0.28,-0.03,18.89,17.84,16.78,6,25,0.24,7.18,,,,2026-07-27,2026-07-27 07:43:09
3434,哲固,29.9,29.5,29.95,29.5,63.69,56.33,51.14,-0.14,-0.17,0.03,30.63,29.76,28.9,133,97,1.37,10.69,65.0,0.44,1.47,2026-07-27,2026-07-27 07:43:10
3437,榮創,17.65,17.75,17.8,17.2,20.7,19.54,18.18,-1.24,-1.11,-0.13,23.0,19.79,16.59,378,461,0.82,25.51,,,,2026-07-27,2026-07-27 07:43:11
3438,類比科,54.5,54.1,55.5,53.7,22.85,20.5,16.69,-3.48,-2.5,-0.98,75.91,63.02,50.13,59,122,0.49,25.71,55.05,1.5,2.75,2026-07-27,2026-07-27 07:43:12
3441,聯一光,70.7,65.0,70.7,65.0,46.25,28.08,49.57,-0.98,-0.17,-0.81,81.97,70.48,59.0,12391,5450,2.27,28.31,66.7,0.85,1.2,2026-07-27,2026-07-27 07:43:13
3443,創意,4050.0,4080.0,4080.0,3855.0,59.44,52.09,39.41,-144.83,-134.64,-10.18,5210.69,4379.25,3547.81,1820,1740,1.05,5427.45,122.84,20.0,0.49,2026-07-27,2026-07-27 07:43:14
3444,利機,71.4,71.5,72.5,70.4,10.47,13.63,24.22,-4.64,-4.03,-0.62,90.95,80.25,69.55,88,104,0.85,32.13,33.36,1.8,2.52,2026-07-27,2026-07-27 07:43:15
3447,展達,29.45,29.45,29.75,28.85,15.51,14.91,15.03,-2.13,-1.67,-0.46,40.23,33.77,27.31,160,156,1.02,22.81,18.52,1.1,3.74,2026-07-27,2026-07-27 07:43:16
3450,聯鈞,438.0,423.5,442.0,416.0,41.99,36.29,40.89,-18.07,-11.95,-6.11,559.54,480.05,400.56,9541,12381,0.77,638.08,131.53,1.0,0.23,2026-07-27,2026-07-27 07:43:17
3455,由田,185.5,190.5,190.5,180.0,15.42,18.76,23.76,-13.46,-9.52,-3.94,270.4,222.28,174.15,928,1098,0.85,111.02,70.0,7.0,3.77,2026-07-27,2026-07-27 07:43:26
3465,進泰電子,30.7,30.35,30.7,30.1,32.09,24.43,33.41,-0.87,-0.51,-0.36,36.74,32.69,28.64,46,55,0.83,11.06,767.5,1.96,6.38,2026-07-27,2026-07-27 07:43:27
3466,德晉,29.05,29.9,29.9,28.85,17.69,18.58,2.08,-1.06,-0.83,-0.23,35.47,31.55,27.63,63,105,0.6,22.63,,,,2026-07-27,2026-07-27 07:43:28
3467,台灣精材,49.8,49.25,50.6,49.25,21.81,23.67,25.43,-3.35,-3.05,-0.3,64.2,55.77,47.34,30,43,0.69,15.49,85.86,0.5,1.0,2026-07-27,2026-07-27 07:43:29
3479,安勤,147.5,154.0,155.5,145.0,68.73,67.61,59.84,5.52,5.33,0.19,155.92,143.52,131.13,2960,4379,0.68,106.48,24.3,4.62,3.13,2026-07-27,2026-07-27 07:43:30
3481,群創,47.35,49.7,50.2,45.6,11.11,12.07,17.41,-2.19,-0.15,-2.04,74.23,59.39,44.55,350841,277249,1.27,3779.03,1578.33,1.0,2.11,2026-07-27,2026-07-27 07:43:31
3483,力致,77.8,78.1,78.3,76.7,32.68,27.7,19.19,-3.89,-3.36,-0.53,96.42,84.51,72.6,304,243,1.25,76.28,21.08,3.0,3.86,2026-07-27,2026-07-27 07:43:32
3484,崧騰,48.5,48.0,49.2,47.85,20.8,18.23,36.25,-0.46,0.14,-0.6,55.21,50.41,45.62,306,192,1.6,38.23,12.19,2.44,5.03,2026-07-27,2026-07-27 07:43:33
3485,敘豐,222.5,220.5,224.5,215.0,19.24,20.23,25.1,-20.66,-16.73,-3.93,336.75,269.7,202.65,110,134,0.82,85.86,38.1,4.5,2.02,2026-07-27,2026-07-27 07:43:35
3489,森寶,19.5,19.25,19.9,19.05,23.76,15.61,17.11,-0.24,-0.09,-0.15,21.98,20.16,18.35,171,142,1.2,17.64,,3.0,15.38,2026-07-27,2026-07-27 07:43:36
3490,單井,27.75,27.1,27.8,26.55,23.14,20.63,23.32,-1.5,-1.28,-0.22,34.93,30.18,25.44,672,461,1.46,15.26,555.0,0.5,1.8,2026-07-27,2026-07-27 07:43:37
3491,昇達科,1155.0,1205.0,1220.0,1115.0,27.57,35.29,47.73,-78.67,-90.48,11.81,1367.44,1252.87,1138.3,977,1251,0.78,794.7,126.09,6.8,0.59,2026-07-27,2026-07-27 07:43:38
3492,長盛,22.65,22.2,23.0,22.2,46.05,38.05,47.69,-0.11,-0.08,-0.03,23.37,22.61,21.85,49,31,1.57,8.05,12.87,1.0,4.42,2026-07-27,2026-07-27 07:43:39
3494,誠研,7.38,7.33,7.44,7.05,32.74,32.51,29.41,-0.16,-0.12,-0.04,8.15,7.7,7.25,66,60,1.09,7.0,,,,2026-07-27,2026-07-27 07:43:40
3498,陽程,108.0,111.0,112.0,106.5,20.32,22.62,40.13,-3.5,-2.2,-1.3,133.7,119.22,104.75,627,1161,0.54,65.24,225.0,,,2026-07-27,2026-07-27 07:43:41
3499,環天科,13.7,13.65,13.75,13.45,17.81,22.13,21.62,-0.29,-0.2,-0.09,15.34,14.37,13.4,17,29,0.59,7.53,,,,2026-07-27,2026-07-27 07:43:42
3501,維熹,40.4,40.55,40.8,40.15,48.45,46.29,48.33,-0.32,-0.37,0.06,41.23,40.5,39.76,192,143,1.35,47.78,13.56,2.0,4.95,2026-07-27,2026-07-27 07:43:43
3504,揚明光,65.1,63.3,68.3,62.9,23.63,19.19,38.75,-4.41,-3.47,-0.95,85.86,71.78,57.7,2082,871,2.39,74.25,260.4,,,2026-07-27,2026-07-27 07:43:44
3508,位速,16.0,15.35,16.0,15.3,26.9,23.0,34.65,-0.84,-0.76,-0.08,19.3,17.21,15.12,79,90,0.88,16.52,,,,2026-07-27,2026-07-27 07:43:45
3511,矽瑪,20.2,20.25,20.4,19.9,16.33,15.15,7.94,-1.04,-0.6,-0.44,28.45,23.24,18.02,238,236,1.01,16.15,,,,2026-07-27,2026-07-27 07:43:47
3512,皇龍,19.65,19.7,19.75,19.45,45.67,44.67,61.26,0.18,0.15,0.03,19.99,19.29,18.59,69,67,1.02,22.22,8.09,1.8,9.16,2026-07-27,2026-07-27 07:43:48
3515,華擎,205.5,207.5,208.5,202.0,56.87,49.91,41.25,-4.93,-5.38,0.45,221.36,209.97,198.59,233,279,0.83,253.88,13.54,11.0,5.35,2026-07-27,2026-07-27 07:43:49
3516,亞帝歐,25.65,26.0,26.0,25.5,53.52,49.22,38.41,-0.04,0.11,-0.14,29.06,26.52,23.99,10,143,0.07,15.28,95.0,0.2,0.78,2026-07-27,2026-07-27 07:43:50
3518,柏騰,26.3,26.45,26.45,25.85,20.54,18.91,7.55,-1.34,-0.97,-0.37,36.43,29.75,23.07,295,293,1.01,26.48,,,,2026-07-27,2026-07-27 07:43:51
3520,華盈,17.1,17.65,17.95,17.05,70.81,60.11,50.65,0.17,0.11,0.05,18.6,16.93,15.26,610,658,0.93,11.77,,0.1,0.58,2026-07-27,2026-07-27 07:43:52
3521,台鋼建設,13.35,12.2,13.4,12.2,48.18,35.18,57.84,-0.03,-0.05,0.02,13.67,12.68,11.69,170,63,2.7,24.8,,,,2026-07-27,2026-07-27 07:43:53
3522,御嵿,12.9,13.25,13.25,12.7,50.29,50.14,40.0,-0.01,0.06,-0.07,14.71,13.22,11.74,29,55,0.52,13.43,,,,2026-07-27,2026-07-27 07:43:54
3523,迎輝,16.8,18.55,18.55,16.8,68.51,54.32,58.39,-0.01,-0.21,0.2,18.09,15.9,13.71,185,130,1.42,10.8,,,,2026-07-27,2026-07-27 07:43:55
3526,凡甲,310.0,309.0,312.5,306.0,66.43,53.97,48.33,-6.05,-7.1,1.05,338.2,313.88,289.55,106,191,0.56,203.43,19.31,16.84,5.43,2026-07-27,2026-07-27 07:43:56
3527,聚積,54.9,56.4,56.5,54.7,27.02,25.34,30.41,-2.02,-1.34,-0.67,68.42,60.52,52.62,74,135,0.55,24.4,2.91,1.0,1.82,2026-07-27,2026-07-27 07:43:57
3528,安馳,84.7,85.1,86.0,83.3,36.36,27.24,30.63,-5.66,-5.23,-0.43,105.77,92.03,78.29,118,198,0.6,56.43,37.15,3.0,3.54,2026-07-27,2026-07-27 07:43:58
3529,力旺,2430.0,2500.0,2550.0,2395.0,50.66,44.93,36.4,-184.52,-204.16,19.64,3008.75,2605.0,2201.25,257,588,0.44,1814.89,95.52,20.5,0.84,2026-07-27,2026-07-27 07:43:59
3530,晶相光,56.8,57.8,58.4,56.2,26.69,24.66,20.57,-2.66,-2.03,-0.62,72.56,62.9,53.25,96,110,0.87,44.01,32.64,0.8,1.41,2026-07-27,2026-07-27 07:44:00
3531,先益,22.8,22.8,22.8,22.8,66.12,58.7,39.02,-0.02,-0.01,-0.0,23.37,22.76,22.15,0,2,0.0,13.95,78.62,0.5,2.19,2026-07-24,2026-07-27 07:44:01
3532,台勝科,379.5,372.0,380.5,357.5,18.79,31.65,49.69,16.75,29.61,-12.87,515.8,429.46,343.11,6702,12339,0.54,1471.88,238.68,1.0,0.26,2026-07-27,2026-07-27 07:44:02
3533,嘉澤,1955.0,1970.0,1975.0,1890.0,55.63,52.94,49.28,-74.88,-89.09,14.21,2196.53,2016.5,1836.47,572,717,0.8,2193.95,27.88,34.93,1.79,2026-07-27,2026-07-27 07:44:03
3535,晶彩科,87.7,90.0,90.9,86.4,20.23,19.95,13.5,-8.78,-8.03,-0.75,121.99,100.77,79.56,894,712,1.26,69.33,398.64,0.5,0.57,2026-07-27,2026-07-27 07:44:05
3537,堡達,54.4,54.6,55.8,53.5,14.95,15.59,20.25,-4.96,-3.71,-1.25,81.73,65.13,48.53,433,560,0.77,30.6,21.76,2.0,3.68,2026-07-27,2026-07-27 07:44:06
3540,曜越,21.5,21.6,21.65,21.25,36.48,27.9,17.02,-1.09,-1.03,-0.06,26.68,23.17,19.66,190,359,0.53,18.16,29.86,0.26,1.21,2026-07-27,2026-07-27 07:44:07
3541,西柏,21.6,21.6,21.6,21.5,23.07,27.36,33.33,-0.12,-0.1,-0.02,22.44,21.96,21.47,29,20,1.44,12.04,,,,2026-07-27,2026-07-27 07:44:08
3543,州巧,28.0,27.55,28.05,26.9,11.33,14.19,36.9,-1.04,-0.84,-0.2,33.58,29.98,26.37,409,410,1.0,30.59,,0.6,2.14,2026-07-27,2026-07-27 07:44:09
3545,敦泰,47.95,48.8,49.6,47.6,24.65,23.77,24.51,-2.17,-1.54,-0.63,61.38,53.62,45.86,684,778,0.88,103.54,,0.81,1.69,2026-07-27,2026-07-27 07:44:10
3546,宇峻,74.5,76.2,77.1,74.0,57.32,47.61,50.68,-0.55,-0.65,0.1,78.26,74.11,69.96,163,159,1.03,45.71,39.84,2.0,2.68,2026-07-27,2026-07-27 07:44:11
3548,兆利,76.0,74.5,76.5,74.0,34.13,28.39,27.18,-3.96,-3.88,-0.08,89.29,80.4,71.52,166,142,1.17,51.49,37.25,1.0,1.32,2026-07-27,2026-07-27 07:44:12
3550,聯穎,21.4,21.95,22.2,21.0,13.97,13.98,11.59,-1.95,-1.17,-0.77,36.29,27.0,17.7,974,1334,0.73,23.02,,,,2026-07-27,2026-07-27 07:44:13
3551,世禾,183.5,185.0,185.0,179.5,14.16,22.08,40.43,-3.15,-1.05,-2.1,215.54,197.07,178.6,437,467,0.94,113.29,22.14,4.8,2.62,2026-07-27,2026-07-27 07:44:14
3552,同致,46.5,47.3,47.6,46.0,60.43,43.9,46.94,-1.0,-1.29,0.29,48.72,46.42,44.11,104,115,0.9,45.53,69.4,0.5,1.08,2026-07-27,2026-07-27 07:44:15
3555,博士旺,156.0,166.0,166.0,154.0,50.86,35.75,35.26,-12.65,-13.64,0.99,207.83,167.1,126.37,50,127,0.4,62.4,120.93,,,2026-07-27,2026-07-27 07:44:16
3556,禾瑞亞,61.6,62.1,62.8,60.6,22.39,22.37,24.58,-1.86,-0.58,-1.28,79.17,68.83,58.49,309,439,0.7,39.24,28.92,1.95,3.17,2026-07-27,2026-07-27 07:44:17
3557,嘉威,25.95,26.1,26.1,25.55,53.81,54.58,52.48,0.11,0.08,0.04,26.79,25.92,25.05,27,40,0.66,21.88,2595.0,0.3,1.16,2026-07-27,2026-07-27 07:44:18
3558,神準,127.5,128.0,130.5,127.0,18.27,25.36,47.31,-1.18,0.12,-1.3,145.68,134.35,123.02,148,106,1.39,75.3,24.57,3.0,2.35,2026-07-27,2026-07-27 07:44:19
3563,牧德,669.0,670.0,693.0,660.0,53.41,44.11,40.27,-22.69,-22.41,-0.29,810.31,703.85,597.39,487,487,1.0,427.9,42.86,13.0,1.94,2026-07-27,2026-07-27 07:44:20
3564,其陽,47.6,48.6,48.75,45.2,30.49,29.72,43.19,0.14,0.6,-0.45,56.85,49.54,42.24,122,182,0.67,28.14,73.23,0.27,0.57,2026-07-27,2026-07-27 07:44:21
3567,逸昌,27.0,27.2,27.3,26.9,32.33,30.5,27.08,-0.23,-0.02,-0.21,30.64,28.44,26.25,61,52,1.18,9.17,25.47,1.0,3.7,2026-07-27,2026-07-27 07:44:22
3570,大塚,164.5,165.0,165.0,164.5,60.42,54.21,53.85,-0.48,-0.63,0.15,168.0,164.56,161.12,7,16,0.45,28.12,11.88,9.7,5.9,2026-07-27,2026-07-27 07:44:24
3576,聯合再生,17.85,18.0,18.15,17.6,45.28,56.75,67.33,0.25,0.11,0.14,19.36,17.45,15.54,7519,34111,0.22,290.37,13.73,,,2026-07-27,2026-07-27 07:44:24
3577,泓格,136.0,147.0,148.0,132.0,54.01,65.27,58.46,6.26,4.85,1.41,159.35,134.15,108.95,2424,4835,0.5,86.99,57.63,2.0,1.47,2026-07-27,2026-07-27 07:44:25
3580,友威科,80.8,79.8,80.8,78.8,14.07,15.74,23.16,-4.36,-3.24,-1.12,103.98,90.09,76.2,240,296,0.81,31.87,41.87,1.2,1.49,2026-07-27,2026-07-27 07:44:27
3581,博磊,112.0,114.0,114.0,107.0,28.59,27.63,34.62,-12.67,-13.13,0.46,149.44,127.32,105.2,187,288,0.65,57.13,138.27,0.6,0.54,2026-07-27,2026-07-27 07:44:28
3583,辛耘,749.0,715.0,754.0,703.0,27.42,30.04,42.99,-28.33,-21.58,-6.75,923.86,805.1,686.34,899,857,1.05,601.9,52.38,5.75,0.77,2026-07-27,2026-07-27 07:44:28
3587,閎康,246.5,251.5,253.0,243.0,37.39,33.13,29.56,-13.51,-12.28,-1.23,310.86,271.28,231.7,518,516,1.0,172.12,41.57,4.21,1.71,2026-07-27,2026-07-27 07:44:29
3588,通嘉,53.8,54.6,54.6,52.6,19.24,19.02,21.69,-2.67,-1.43,-1.24,75.4,62.55,49.69,239,269,0.89,33.35,107.6,0.5,0.93,2026-07-27,2026-07-27 07:44:30
3591,艾笛森,20.55,21.1,21.3,20.25,14.95,14.62,13.82,-1.25,-0.81,-0.45,29.01,23.96,18.92,1208,1001,1.21,29.18,36.05,0.74,3.6,2026-07-27,2026-07-27 07:44:31
3592,瑞鼎,239.0,241.0,243.5,236.5,35.55,29.27,25.0,-6.6,-4.26,-2.34,288.53,254.47,220.42,292,554,0.53,181.29,15.22,14.6,6.11,2026-07-27,2026-07-27 07:44:32
3593,力銘,13.6,13.6,13.6,13.0,19.24,30.02,43.53,-0.58,-0.39,-0.19,17.24,15.18,13.12,22,17,1.24,8.27,,,,2026-07-27,2026-07-27 07:44:33
3594,磐儀,57.9,55.1,57.9,53.2,76.72,59.24,60.62,1.07,0.59,0.48,59.55,53.04,46.52,3015,2715,1.11,55.23,118.16,0.8,1.38,2026-07-27,2026-07-27 07:44:34
3595,山太士,1875.0,2000.0,2000.0,1770.0,51.59,48.85,45.57,-36.01,-39.15,3.14,2180.67,1964.8,1748.92,463,348,1.33,763.05,501.34,1.0,0.05,2026-07-27,2026-07-27 07:44:35
3596,智易,185.0,185.5,188.0,182.5,54.1,47.11,39.51,-1.02,-0.11,-0.91,201.04,190.18,179.31,384,540,0.71,407.65,14.84,9.0,4.86,2026-07-27,2026-07-27 07:44:36
3597,映興,26.1,27.4,27.4,26.05,54.49,52.12,38.83,0.0,0.02,-0.01,27.78,26.75,25.72,48,25,1.93,10.18,76.76,0.4,1.53,2026-07-27,2026-07-27 07:44:37
3605,宏致,91.0,90.0,92.7,89.6,76.12,63.49,57.28,2.62,2.26,0.36,97.0,87.21,77.42,5287,9366,0.56,148.96,22.81,1.68,1.85,2026-07-27,2026-07-27 07:44:38
3607,谷崧,14.2,14.55,14.55,14.2,10.47,17.13,16.67,-0.31,-0.1,-0.21,17.24,15.62,13.99,335,259,1.3,17.28,710.0,0.8,5.63,2026-07-27,2026-07-27 07:44:39
3609,三一東林,26.25,25.4,26.25,25.0,23.68,27.14,19.54,-0.24,0.01,-0.25,29.33,27.44,25.55,81,74,1.09,10.05,4.09,,,2026-07-27,2026-07-27 07:44:40
3611,鼎翰,186.0,186.0,187.0,185.0,48.5,39.87,39.69,0.06,0.6,-0.54,194.36,188.28,182.2,36,32,1.13,88.32,9.54,10.0,5.38,2026-07-27,2026-07-27 07:44:41
3615,安可,37.0,37.25,37.55,35.85,11.97,14.61,27.15,-3.1,-2.09,-1.01,55.25,45.04,34.84,589,769,0.77,25.33,45.12,0.7,1.89,2026-07-27,2026-07-27 07:44:42
3617,碩天,212.5,213.5,213.5,207.5,62.0,47.57,53.56,1.4,1.88,-0.48,231.6,211.35,191.11,203,402,0.5,201.38,14.78,9.94,4.68,2026-07-27,2026-07-27 07:44:43
3622,洋華,54.3,53.9,54.3,53.0,40.97,29.11,31.34,-0.84,-0.68,-0.16,59.58,55.5,51.41,101,177,0.57,82.17,8.93,3.0,5.52,2026-07-27,2026-07-27 07:44:44
3623,富晶通,21.4,21.5,21.5,21.3,34.43,30.38,26.0,-0.62,-0.44,-0.19,25.54,22.97,20.4,12,26,0.46,6.25,,,,2026-07-27,2026-07-27 07:44:45
3624,光頡,76.8,84.4,84.4,76.0,4.19,6.68,18.19,-11.83,-5.6,-6.22,174.48,120.72,66.96,1415,2498,0.57,90.12,41.51,1.1,1.43,2026-07-27,2026-07-27 07:44:46
3625,西勝,17.3,17.45,17.85,17.0,43.76,49.95,43.08,0.45,0.48,-0.03,19.27,17.32,15.38,367,948,0.39,19.02,,,,2026-07-27,2026-07-27 07:44:47
3628,盈正,66.5,66.8,67.0,65.7,36.48,37.83,36.29,-0.27,0.15,-0.42,75.28,69.83,64.38,81,115,0.71,29.92,16.62,3.25,4.89,2026-07-27,2026-07-27 07:44:48
3629,地心引力,13.45,13.0,13.45,13.0,18.06,25.08,25.86,-0.57,-0.47,-0.1,15.66,14.44,13.21,7,8,0.88,4.43,,,,2026-07-27,2026-07-27 07:44:49
3630,新鉅科,26.45,25.0,27.1,25.0,29.16,18.28,39.26,-1.14,-0.97,-0.17,30.83,27.38,23.93,2143,730,2.94,54.01,14.22,,,2026-07-27,2026-07-27 07:44:50
3631,晟楠,32.7,32.85,32.85,32.35,61.52,58.48,41.33,-0.45,-0.55,0.1,34.45,33.06,31.67,32,30,1.08,26.76,,,,2026-07-27,2026-07-27 07:44:51
3632,研勤,8.7,8.75,8.75,8.7,49.21,42.25,53.3,0.02,0.01,0.02,8.77,8.2,7.62,10,5,1.92,1.91,,,,2026-07-27,2026-07-27 07:44:52
3645,達邁,68.5,69.3,69.3,66.3,22.39,21.74,20.14,-6.39,-5.86,-0.53,95.75,78.84,61.93,1453,1263,1.15,93.68,44.77,1.2,1.75,2026-07-27,2026-07-27 07:44:53
3646,艾恩特,23.1,22.95,23.1,22.9,41.25,36.75,25.0,-0.09,-0.07,-0.03,23.73,23.35,22.97,6,20,0.29,9.08,41.25,1.65,7.14,2026-07-24,2026-07-27 07:44:54
3652,精聯,31.4,32.35,32.35,31.1,46.08,43.68,42.18,-0.73,-0.67,-0.05,37.74,32.96,28.17,228,1350,0.17,23.58,23.43,1.2,3.82,2026-07-27,2026-07-27 07:44:55
3653,健策,3525.0,3475.0,3580.0,3420.0,66.44,65.1,61.17,-25.7,-83.39,57.7,3658.21,3327.98,2997.75,785,1685,0.47,5172.33,97.86,21.72,0.62,2026-07-27,2026-07-27 07:44:56
3661,世芯-KY,3460.0,3385.0,3470.0,3285.0,26.34,21.53,31.75,-230.61,-186.65,-43.96,4811.48,3928.75,3046.02,1455,1399,1.04,2840.36,51.58,36.74,1.06,2026-07-27,2026-07-27 07:44:57
3663,鑫科,66.0,65.5,67.0,64.8,15.85,20.06,21.45,-2.96,-1.76,-1.2,88.17,75.73,63.29,425,541,0.79,71.61,75.0,0.4,0.61,2026-07-27,2026-07-27 07:44:58
3664,安瑞-KY,6.1,6.1,6.1,6.1,31.99,26.07,37.65,-0.34,-0.25,-0.09,8.49,6.99,5.48,20,21,0.94,4.63,,,,2026-07-27,2026-07-27 07:44:59
3665,貿聯-KY,2150.0,2225.0,2225.0,2075.0,74.17,67.45,57.52,21.72,-29.02,50.74,2241.95,1958.95,1675.95,2114,3559,0.59,4194.19,46.43,15.18,0.71,2026-07-27,2026-07-27 07:45:00
3666,光耀,25.05,24.8,25.05,24.75,61.93,55.34,63.46,-0.23,-0.29,0.07,25.57,24.97,24.37,14,51,0.27,22.43,,,,2026-07-24,2026-07-27 07:45:01
3669,圓展,42.55,42.55,44.0,40.4,79.13,63.4,75.86,0.87,0.03,0.85,40.23,35.62,31.01,5773,2138,2.7,39.54,37.65,1.0,2.35,2026-07-27,2026-07-27 07:45:02
3672,康聯訊,14.1,13.5,14.1,13.4,47.54,40.94,48.52,0.31,0.36,-0.04,14.69,13.27,11.84,237,105,2.25,5.75,,,,2026-07-27,2026-07-27 07:45:03
3673,TPK-KY,61.4,62.1,62.6,59.8,16.19,17.85,26.33,-4.1,-2.94,-1.16,84.93,71.61,58.29,4308,4431,0.97,249.69,22.66,1.8,2.93,2026-07-27,2026-07-27 07:45:04
3675,德微,240.0,240.0,244.0,235.0,5.28,7.89,17.26,-30.24,-15.12,-15.12,481.88,342.27,202.67,173,491,0.35,127.34,90.23,5.15,2.15,2026-07-27,2026-07-27 07:45:05
3679,新至陞,109.5,109.0,110.0,108.5,53.1,53.74,54.55,-0.41,-0.53,0.12,111.81,109.6,107.39,25,24,1.05,69.01,11.25,9.0,8.22,2026-07-27,2026-07-27 07:45:05
3680,家登,450.5,454.0,459.5,438.0,33.21,36.82,40.21,-15.05,-10.35,-4.7,568.07,501.62,435.18,1078,1615,0.67,432.66,46.21,6.9,1.53,2026-07-27,2026-07-27 07:45:07
3684,榮昌,50.8,49.9,51.0,49.9,64.84,56.8,33.96,-1.15,-1.26,0.11,54.31,51.84,49.36,10,21,0.47,15.39,14.9,2.77,5.45,2026-07-24,2026-07-27 07:45:08
3685,元創精密,39.0,40.1,40.1,37.5,77.65,77.92,69.7,2.49,2.03,0.46,43.29,34.19,25.09,1767,1871,0.94,31.03,,,,2026-07-27,2026-07-27 07:45:10
3686,達能,15.5,15.25,15.5,15.15,22.96,21.22,23.26,-0.41,-0.36,-0.06,17.6,16.29,14.99,75,106,0.71,11.86,,,,2026-07-27,2026-07-27 07:45:11
3687,歐買尬,69.3,69.3,70.3,67.7,35.12,42.39,38.57,-0.47,0.08,-0.55,77.84,73.8,69.76,109,210,0.52,20.83,18.38,2.0,2.89,2026-07-27,2026-07-27 07:45:12
3689,湧德,110.0,107.5,110.0,106.0,41.7,35.21,29.03,-3.72,-3.11,-0.61,130.17,116.67,103.18,657,662,0.99,98.4,15.11,3.65,3.32,2026-07-27,2026-07-27 07:45:13
3691,碩禾,113.0,114.5,115.0,110.0,9.85,10.18,13.4,-10.1,-7.8,-2.3,165.27,134.22,103.18,458,605,0.76,103.83,,,,2026-07-27,2026-07-27 07:45:14
3693,營邦,494.5,505.0,508.0,485.0,58.0,50.43,39.96,-8.34,-12.86,4.52,542.25,494.35,446.45,575,827,0.7,212.59,57.84,11.0,2.22,2026-07-27,2026-07-27 07:45:15
3694,海華,59.4,60.5,61.0,58.9,32.03,37.79,50.36,-0.0,0.23,-0.23,66.44,61.87,57.29,947,2381,0.4,92.03,14.89,2.3,3.87,2026-07-27,2026-07-27 07:45:16
3701,大眾控,40.1,39.5,40.4,38.6,52.51,44.18,40.08,-2.46,-2.76,0.3,45.72,41.59,37.46,751,745,1.01,94.89,,0.2,0.5,2026-07-27,2026-07-27 07:45:17
3702,大聯大,116.0,118.0,118.5,113.5,63.8,58.96,56.86,1.83,1.06,0.77,122.0,111.97,101.95,5951,11623,0.51,1947.78,20.75,3.2,2.76,2026-07-27,2026-07-27 07:45:17
3703,欣陸,20.8,20.8,20.85,20.7,74.38,66.24,51.28,0.1,0.1,-0.0,20.93,20.64,20.34,828,843,0.98,171.23,10.0,1.05,5.05,2026-07-27,2026-07-27 07:45:18
3704,合勤控,46.25,46.8,46.8,44.7,43.94,45.33,54.27,0.37,0.51,-0.14,49.61,46.32,43.03,1871,2653,0.71,187.1,29.65,0.4,0.86,2026-07-27,2026-07-27 07:45:19
3705,永信,53.8,54.4,54.4,53.8,24.56,37.3,42.86,0.08,0.22,-0.14,55.49,54.42,53.36,160,149,1.08,143.3,18.11,3.0,5.58,2026-07-27,2026-07-27 07:45:20
3706,神達,91.2,91.7,91.8,89.6,71.85,62.5,62.9,0.92,0.78,0.13,93.27,90.08,86.88,8101,13169,0.62,1210.42,17.47,1.0,1.1,2026-07-27,2026-07-27 07:45:21
3707,漢磊,60.9,61.1,61.7,58.7,8.47,9.92,24.12,-5.13,-3.02,-2.11,95.75,76.42,57.09,4437,7077,0.63,241.45,203.0,,,2026-07-27,2026-07-27 07:45:22
3708,上緯投控,98.4,100.0,100.0,97.8,42.06,36.19,31.03,-3.02,-2.82,-0.19,115.01,104.07,93.13,402,370,1.09,88.15,16.57,6.5,6.61,2026-07-27,2026-07-27 07:45:23
3709,鑫聯大投控,73.0,72.3,73.3,71.7,20.86,25.16,47.11,-1.11,-0.81,-0.29,80.89,75.5,70.1,523,822,0.64,93.79,10.5,0.98,1.34,2026-07-27,2026-07-27 07:45:24
3710,連展投控,5.58,5.53,5.58,5.36,27.02,25.09,41.53,-0.15,-0.15,0.0,6.02,5.75,5.48,145,138,1.05,16.03,,,,2026-07-27,2026-07-27 07:45:25
3711,日月光投控,608.0,601.0,613.0,590.0,38.31,43.14,43.84,1.71,10.44,-8.73,722.87,656.39,589.92,16167,16853,0.96,26678.38,59.72,6.58,1.08,2026-07-27,2026-07-27 07:45:26
3712,永崴投控,18.55,18.8,18.8,17.95,84.16,68.96,60.0,0.03,-0.18,0.2,19.5,17.65,15.8,574,989,0.58,45.68,,3.0,16.17,2026-07-27,2026-07-27 07:45:27
3713,新晶投控,14.0,14.0,14.35,13.85,47.32,46.75,31.37,-0.22,-0.19,-0.03,15.13,14.57,14.01,24,29,0.82,12.33,,,,2026-07-27,2026-07-27 07:45:28
3714,富采,52.6,54.3,54.4,51.5,28.64,24.55,30.14,-3.43,-3.01,-0.42,68.11,58.8,49.48,5186,5570,0.93,387.48,5260.0,0.9,1.71,2026-07-27,2026-07-27 07:45:29
3715,定穎投控,114.0,116.5,116.5,109.5,12.23,13.16,13.27,-14.01,-11.45,-2.56,185.3,143.79,102.28,4965,4674,1.06,323.28,42.22,1.08,0.95,2026-07-27,2026-07-27 07:45:30
3716,中化控股,33.3,33.65,33.65,33.0,33.12,31.23,32.21,-0.12,-0.04,-0.07,34.62,33.75,32.87,115,146,0.79,48.89,13.99,1.0,3.0,2026-07-27,2026-07-27 07:45:31
3717,聯嘉投控,22.1,22.25,22.5,21.55,17.19,15.85,16.9,-0.54,-0.05,-0.49,30.3,25.0,19.7,1758,2825,0.62,45.93,,0.3,1.36,2026-07-27,2026-07-27 07:45:31
4102,永日,19.55,19.7,19.8,19.4,38.35,58.42,43.48,0.28,0.44,-0.15,20.96,20.04,19.12,25,44,0.57,8.28,,1.15,5.88,2026-07-27,2026-07-27 07:45:33
4104,佳醫,70.7,71.6,71.6,70.4,38.99,52.11,58.33,0.31,0.29,0.02,72.42,70.35,68.28,77,130,0.6,133.18,15.61,4.3,6.08,2026-07-27,2026-07-27 07:45:34
4105,東洋,76.8,77.1,77.3,76.4,33.41,42.75,44.44,0.49,0.75,-0.25,79.26,77.53,75.8,358,1084,0.33,190.96,11.87,4.5,5.86,2026-07-27,2026-07-27 07:45:35
4106,雃博,24.9,24.9,24.9,24.55,45.42,53.32,67.11,0.39,0.36,0.03,25.76,24.33,22.91,106,171,0.62,25.13,20.92,1.0,4.02,2026-07-27,2026-07-27 07:45:35
4107,邦特,119.5,119.0,119.5,118.5,71.01,63.25,60.87,0.7,0.57,0.13,120.64,117.58,114.51,141,60,2.32,82.81,15.44,5.5,4.6,2026-07-27,2026-07-27 07:45:37
4108,懷特,11.65,11.75,11.75,11.55,21.76,21.91,28.12,-0.12,-0.09,-0.03,12.46,11.95,11.45,166,152,1.09,23.14,,,,2026-07-27,2026-07-27 07:45:38
4109,加捷生醫,11.5,11.65,11.65,11.4,27.43,24.77,34.15,-0.09,-0.03,-0.06,12.62,11.86,11.1,84,144,0.58,13.65,26.74,0.5,4.35,2026-07-27,2026-07-27 07:45:39
4111,濟生,30.1,30.05,30.15,30.05,42.97,38.85,35.0,0.0,0.02,-0.02,30.61,30.15,29.7,45,43,1.05,18.01,11.07,1.0,3.32,2026-07-27,2026-07-27 07:45:40
4113,聯上,14.8,14.65,14.8,14.6,55.73,52.1,46.67,-0.19,-0.19,0.0,15.18,14.89,14.6,57,82,0.69,34.21,,0.85,5.74,2026-07-27,2026-07-27 07:45:41
4114,健喬,29.5,29.6,29.6,29.2,30.8,37.01,48.66,0.37,0.46,-0.09,30.8,29.46,28.12,1146,1221,0.94,160.59,19.16,0.85,2.88,2026-07-27,2026-07-27 07:45:42
4115,善德生技,7.43,7.43,7.43,7.43,33.74,46.63,41.74,-0.09,-0.08,-0.01,8.11,7.77,7.42,1,28,0.05,4.46,,,,2026-07-27,2026-07-27 07:45:43
4116,明基醫,38.3,38.6,38.6,38.3,52.64,57.33,52.46,0.56,0.58,-0.02,39.44,38.09,36.74,6,23,0.26,17.07,21.89,2.0,5.22,2026-07-27,2026-07-27 07:45:44
4117,普生,10.85,10.65,10.85,10.15,30.57,30.64,55.0,0.43,0.63,-0.2,11.44,10.69,9.94,44,159,0.28,7.68,1.46,,,2026-07-27,2026-07-27 07:45:45
4119,旭富,51.7,52.8,53.6,50.3,85.43,83.6,79.57,1.93,1.35,0.57,51.34,46.56,41.78,611,414,1.47,61.79,57.44,0.75,1.45,2026-07-27,2026-07-27 07:45:46
4120,友華,47.0,46.1,47.0,45.85,84.47,77.59,82.19,1.07,0.73,0.33,46.97,43.78,40.59,67,70,0.95,40.77,,4.0,8.51,2026-07-27,2026-07-27 07:45:47
4121,優盛,13.3,13.4,13.55,13.3,34.25,37.68,40.0,-0.07,-0.11,0.03,13.79,13.4,13.02,62,154,0.41,11.01,,,,2026-07-27,2026-07-27 07:45:48
4123,晟德,38.4,38.35,38.5,38.1,69.28,55.32,39.81,-0.01,-0.01,0.0,39.91,38.41,36.91,996,1398,0.71,291.15,2.91,1.75,4.56,2026-07-27,2026-07-27 07:45:49
4126,太醫,76.3,76.5,76.5,76.2,25.87,39.29,48.69,0.25,0.36,-0.11,77.88,76.71,75.54,38,39,0.99,55.39,14.56,4.5,5.9,2026-07-27,2026-07-27 07:45:50
4127,天良,77.4,78.8,82.5,77.4,34.33,37.66,55.65,2.95,3.41,-0.46,83.87,75.19,66.51,370,294,1.26,35.42,,,,2026-07-27,2026-07-27 07:45:51
4128,中天,14.95,14.9,15.15,14.8,5.68,8.0,18.6,-0.17,0.05,-0.22,18.12,16.15,14.17,925,1164,0.79,87.93,,,,2026-07-27,2026-07-27 07:45:52
4129,聯合,88.1,88.1,88.5,87.5,68.99,53.18,42.65,0.08,0.03,0.05,90.21,87.97,85.72,98,175,0.56,84.96,15.54,4.5,5.11,2026-07-27,2026-07-27 07:45:53
4130,健亞,26.7,26.7,26.7,26.7,26.01,30.74,32.26,0.05,0.14,-0.09,28.65,27.11,25.56,0,70,0.0,36.51,267.0,0.1,0.37,2026-07-24,2026-07-27 07:45:54
4131,浩泰,34.3,34.9,34.9,34.0,84.87,81.39,62.73,0.06,-0.22,0.28,35.22,33.44,31.67,5,3,1.64,13.65,,,,2026-07-27,2026-07-27 07:45:56
4133,亞諾法,21.8,21.75,22.15,21.35,42.22,43.49,54.35,0.3,0.18,0.12,22.63,21.15,19.67,302,837,0.36,13.2,17.87,0.11,0.5,2026-07-27,2026-07-27 07:46:04
4137,麗豐-KY,95.1,94.5,95.7,94.5,30.34,28.01,47.54,-0.94,-0.82,-0.12,99.49,96.09,92.69,80,123,0.65,78.45,13.99,10.0,10.52,2026-07-27,2026-07-27 07:46:05
4138,曜亞,51.0,51.2,51.2,50.9,54.31,50.31,41.67,-0.15,-0.21,0.06,51.65,51.08,50.5,12,22,0.57,20.36,13.46,4.2,8.24,2026-07-27,2026-07-27 07:46:06
4139,馬光-KY,39.95,40.0,40.0,39.95,86.02,91.66,84.55,4.44,3.3,1.14,45.45,31.12,16.79,16,86,0.19,17.98,,,,2026-07-27,2026-07-27 07:46:07
4142,國光生,17.1,17.45,17.55,17.1,34.51,33.52,37.5,-0.12,-0.1,-0.02,18.03,17.33,16.63,992,1112,0.89,72.08,5.06,,,2026-07-27,2026-07-27 07:46:08
4147,中裕,58.9,58.5,59.6,58.3,9.6,11.67,14.14,-0.47,0.85,-1.32,74.42,64.46,54.5,551,844,0.65,159.44,,,,2026-07-27,2026-07-27 07:46:09
4148,全宇生技-KY,31.7,31.3,31.7,31.2,92.28,82.95,82.61,0.22,-0.04,0.25,31.44,30.14,28.84,30,23,1.28,21.31,13.96,1.0,3.15,2026-07-27,2026-07-27 07:46:10
4150,優你康,4.52,4.5,4.62,4.32,20.58,19.04,6.4,-0.15,-0.11,-0.04,5.63,4.98,4.32,617,355,1.74,6.65,,,,2026-07-27,2026-07-27 07:46:12
4153,鈺緯,31.6,31.3,31.85,31.3,38.85,37.6,56.67,0.35,0.36,-0.02,31.99,31.02,30.06,10,6,1.52,18.54,20.52,2.0,6.33,2026-07-27,2026-07-27 07:46:13
4154,樂威科-KY,12.35,12.5,12.5,11.75,80.42,79.63,62.5,-0.1,-0.21,0.11,12.8,12.13,11.46,4,2,1.69,4.74,,,,2026-07-27,2026-07-27 07:46:14
4155,訊映,15.4,15.35,15.45,15.2,31.53,43.7,45.95,0.15,0.23,-0.08,16.22,15.64,15.06,214,247,0.86,20.94,27.02,0.3,1.95,2026-07-27,2026-07-27 07:46:15
4157,太景*-KY,8.3,8.38,8.38,8.3,10.23,18.86,30.16,-0.13,-0.08,-0.05,9.39,8.78,8.18,497,597,0.83,59.08,138.33,,,2026-07-27,2026-07-27 07:46:16
4160,訊聯基因,39.65,39.3,39.9,39.05,18.3,18.69,22.3,-0.23,-0.1,-0.14,42.69,40.65,38.61,20,17,1.16,10.58,49.56,1.85,4.67,2026-07-27,2026-07-27 07:46:17
4161,聿新科,22.3,22.4,22.4,22.3,41.0,54.06,44.14,0.01,0.02,-0.01,22.8,22.47,22.14,6,13,0.51,13.34,18.43,0.7,3.14,2026-07-27,2026-07-27 07:46:18
4162,智擎,65.8,65.6,66.1,65.3,43.11,50.52,55.62,1.99,2.13,-0.13,68.89,64.79,60.68,372,921,0.4,94.54,24.46,6.0,9.12,2026-07-27,2026-07-27 07:46:19
4163,鐿鈦,123.0,124.0,124.0,122.0,36.42,32.68,23.91,0.75,1.66,-0.91,133.75,126.35,118.95,28,42,0.67,62.34,24.21,3.5,2.85,2026-07-27,2026-07-27 07:46:20
4164,承業醫,27.15,27.45,27.45,27.0,24.45,19.66,25.53,-0.5,-0.38,-0.12,30.16,28.14,26.12,211,287,0.74,52.62,27.15,1.11,4.09,2026-07-27,2026-07-27 07:46:21
4166,友霖,25.55,25.0,25.65,24.75,27.78,32.9,34.86,0.07,0.28,-0.21,27.74,26.22,24.7,84,259,0.33,62.1,28.39,,,2026-07-27,2026-07-27 07:46:22
4167,松瑞藥,20.4,20.6,20.8,20.35,22.58,30.71,38.36,0.16,0.25,-0.09,21.5,20.78,20.06,1253,954,1.31,63.33,11.93,0.8,3.92,2026-07-27,2026-07-27 07:46:23
4168,醣聯,22.85,23.2,23.2,22.8,10.84,14.81,18.28,-0.63,-0.46,-0.17,26.64,24.49,22.34,76,118,0.65,25.71,,,,2026-07-27,2026-07-27 07:46:24
4169,泰宗,223.0,223.0,223.0,223.0,42.04,58.75,36.88,16.52,21.41,-4.88,298.62,248.98,199.34,64,240,0.27,148.14,696.88,0.32,0.14,2026-07-27,2026-07-27 07:46:25
4170,鑫品生醫,13.5,13.8,13.9,12.45,33.23,39.18,58.18,0.21,0.09,0.13,14.41,12.82,11.23,207,185,1.12,5.91,6.16,,,2026-07-27,2026-07-27 07:46:26
4171,瑞基,18.8,19.15,19.75,18.7,63.68,65.12,63.64,0.44,0.21,0.23,19.72,17.68,15.63,285,541,0.53,10.69,,,,2026-07-27,2026-07-27 07:46:28
4172,因華,11.45,11.5,11.55,11.05,26.44,34.22,43.7,-0.1,-0.1,-0.01,12.69,11.72,10.74,110,97,1.13,13.69,,,,2026-07-27,2026-07-27 07:46:29
4173,久裕,17.9,18.0,18.0,17.8,63.88,55.06,40.91,-0.08,-0.08,0.01,18.31,18.0,17.68,29,41,0.72,13.35,15.43,1.04,5.81,2026-07-27,2026-07-27 07:46:30
4174,浩鼎,27.1,27.25,27.4,27.0,9.21,14.08,33.56,-0.5,-0.34,-0.16,30.85,28.87,26.89,263,215,1.22,35.66,,,,2026-07-27,2026-07-27 07:46:31
4175,杏一,50.5,50.3,50.5,50.2,42.77,35.21,37.21,0.0,-0.01,0.01,51.28,50.45,49.62,22,13,1.67,21.37,13.87,3.0,5.94,2026-07-27,2026-07-27 07:46:32
4178,永笙-KY,18.5,18.55,18.75,18.35,39.29,50.83,48.72,0.14,0.12,0.01,19.89,18.73,17.57,134,341,0.39,39.72,,,,2026-07-27,2026-07-27 07:46:33
4183,福永生技,14.9,14.9,14.9,14.9,89.98,80.51,53.66,0.26,0.22,0.04,15.4,14.4,13.4,0,1,0.0,3.55,,0.67,4.5,2026-07-24,2026-07-27 07:46:34
4186,尖端醫,9.49,9.55,9.7,9.0,41.69,44.04,40.15,-0.17,-0.13,-0.05,10.37,9.88,9.38,117,223,0.53,8.54,30.61,,,2026-07-27,2026-07-27 07:46:35
4188,安克,9.99,10.25,10.25,9.95,23.2,18.66,27.8,-0.22,-0.2,-0.02,11.25,10.41,9.57,11,22,0.48,6.33,,,,2026-07-27,2026-07-27 07:46:36
4190,佐登-KY,26.7,26.15,26.7,25.65,69.44,60.97,55.08,0.42,0.33,0.09,26.99,25.88,24.78,34,43,0.79,15.87,19.78,0.5,1.87,2026-07-27,2026-07-27 07:46:37
4192,杏國,19.2,19.2,19.2,19.2,16.39,20.77,25.58,-0.32,-0.21,-0.1,21.21,20.02,18.82,2,4,0.43,6.75,,,,2026-07-24,2026-07-27 07:46:38
4194,禾生技,6.55,6.84,6.84,6.46,26.49,32.59,33.5,-0.13,-0.09,-0.04,7.57,7.02,6.46,51,47,1.07,9.56,,,,2026-07-27,2026-07-27 07:46:39
4195,基米-創,16.3,16.15,16.3,15.7,24.41,25.3,21.33,-0.26,-0.26,0.0,18.34,16.84,15.33,111,96,1.16,13.04,,,,2026-07-27,2026-07-27 07:46:40
4197,暐世,8.93,8.52,8.93,8.52,33.1,34.09,50.3,-0.14,-0.16,0.02,9.65,9.0,8.35,4,15,0.25,2.7,52.53,,,2026-07-27,2026-07-27 07:46:41
4198,欣大健康,41.9,40.9,41.9,40.0,55.08,49.84,50.39,0.52,0.72,-0.19,45.78,41.65,37.51,9,11,0.79,10.1,,,,2026-07-27,2026-07-27 07:46:42
4205,中華食,70.5,70.5,70.5,70.2,51.13,56.89,58.96,0.24,0.19,0.05,71.26,70.15,69.05,24,23,1.06,68.84,17.03,3.5,4.96,2026-07-27,2026-07-27 07:46:43
4207,環泰,19.7,19.7,19.75,19.65,37.63,40.9,42.86,0.1,0.13,-0.04,20.21,19.83,19.45,30,67,0.45,39.11,11.26,1.2,6.09,2026-07-27,2026-07-27 07:46:44
4303,信立,43.7,43.15,43.95,42.75,43.66,35.43,39.09,-1.0,-0.97,-0.04,47.93,44.89,41.84,219,276,0.8,41.34,3.93,1.0,2.29,2026-07-27,2026-07-27 07:46:45
4304,勝昱,17.0,18.75,18.75,17.0,13.68,21.6,33.87,-1.45,-1.51,0.06,20.84,18.95,17.05,45,26,1.73,10.38,,,,2026-07-27,2026-07-27 07:46:46
4305,世坤,41.0,41.3,41.3,41.0,35.05,33.38,5.56,-0.1,-0.01,-0.1,43.22,41.82,40.42,13,3,4.06,22.56,10.76,3.1,7.56,2026-07-27,2026-07-27 07:46:47
4306,炎洲,14.45,14.7,14.7,14.4,23.09,24.3,33.66,-0.06,0.04,-0.1,15.83,14.95,14.08,496,740,0.67,95.08,55.58,0.7,4.84,2026-07-27,2026-07-27 07:46:48
4401,東隆興,14.8,15.0,15.0,14.75,50.46,48.53,47.5,0.17,0.19,-0.02,15.6,14.8,14.01,33,29,1.14,18.16,20.27,0.6,4.05,2026-07-27,2026-07-27 07:46:49
4402,郡都開發,16.0,16.1,16.1,16.0,42.44,43.71,60.0,0.09,0.22,-0.13,17.8,16.47,15.13,4,20,0.2,10.88,,,,2026-07-27,2026-07-27 07:46:51
4406,新昕纖,9.76,9.76,9.76,9.76,17.14,24.71,37.29,-0.03,-0.02,-0.0,9.99,9.86,9.72,3,9,0.32,5.07,,,,2026-07-27,2026-07-27 07:46:52
4413,飛寶企業,14.25,14.25,14.25,14.25,43.48,47.1,40.47,-0.38,-0.44,0.06,14.85,14.42,13.98,7,9,0.74,4.46,27.4,0.3,2.11,2026-07-27,2026-07-27 07:46:53
4414,如興,8.58,8.6,8.62,8.48,43.17,31.77,40.17,-0.03,-0.03,-0.0,9.13,8.65,8.18,80,100,0.8,24.74,12.81,0.01,0.12,2026-07-27,2026-07-27 07:46:54
4416,三圓,10.5,10.6,10.6,10.35,37.65,32.1,47.14,-0.21,-0.21,0.0,11.76,10.83,9.89,99,246,0.4,7.66,,1.0,9.52,2026-07-27,2026-07-27 07:46:55
4417,金洲,43.3,43.15,43.4,43.1,16.69,15.27,10.63,-0.06,0.08,-0.14,45.22,44.08,42.93,43,39,1.09,36.36,7.11,3.5,8.08,2026-07-27,2026-07-27 07:46:56
4419,皇家美食,45.15,45.1,45.15,45.1,19.56,29.72,33.33,-0.38,-0.18,-0.2,48.56,46.45,44.34,3,1,1.65,76.38,,,,2026-07-27,2026-07-27 07:46:57
4420,光明,35.25,36.3,36.3,35.1,16.99,21.04,24.71,-0.68,-0.66,-0.01,38.06,36.15,34.24,32,29,1.09,14.26,6.39,3.0,8.51,2026-07-27,2026-07-27 07:46:59
4426,利勤,8.31,8.36,8.36,8.18,45.98,44.16,45.16,0.05,0.06,-0.01,8.82,8.32,7.82,65,91,0.72,14.35,,,,2026-07-27,2026-07-27 07:47:00
4430,耀億,16.95,16.9,17.2,16.8,58.93,51.48,43.24,-0.1,-0.11,0.01,17.51,17.06,16.61,29,46,0.65,9.54,,0.5,2.95,2026-07-27,2026-07-27 07:47:01
4431,敏成健康,17.5,17.15,17.75,17.05,34.34,37.85,52.46,0.15,0.12,0.03,17.88,17.22,16.55,4,48,0.1,6.39,,,,2026-07-27,2026-07-27 07:47:02
4432,銘旺實,15.95,15.95,16.2,15.95,31.08,33.62,35.9,-0.06,-0.02,-0.04,16.92,16.17,15.43,23,22,1.03,8.07,18.12,0.4,2.51,2026-07-27,2026-07-27 07:47:04
4433,興采,19.6,19.6,19.6,19.6,19.3,24.46,27.22,-0.06,0.02,-0.08,20.82,20.07,19.33,5,9,0.58,11.85,18.67,1.0,5.1,2026-07-27,2026-07-27 07:47:05
4438,廣越,61.1,61.6,61.6,60.6,41.39,42.4,39.06,0.16,0.26,-0.09,62.83,61.17,59.51,15,30,0.51,68.84,21.0,2.3,3.76,2026-07-27,2026-07-27 07:47:06
4439,冠星-KY,100.0,99.3,100.0,99.3,34.23,45.73,76.62,3.15,3.06,0.1,108.45,96.28,84.11,10,18,0.54,37.62,13.87,4.05,4.05,2026-07-27,2026-07-27 07:47:07
4440,宜新實業,17.45,17.5,17.55,17.45,45.1,39.01,39.13,-0.04,-0.02,-0.01,18.23,17.56,16.88,26,32,0.81,11.8,15.31,1.0,5.73,2026-07-27,2026-07-27 07:47:08
4441,振大環球,175.5,176.5,178.0,174.0,24.79,22.58,25.42,-5.38,-5.02,-0.36,196.84,183.28,169.71,44,87,0.51,119.65,12.1,9.15,5.21,2026-07-27,2026-07-27 07:47:10
4442,竣邦-KY,59.7,59.4,59.8,56.1,82.76,60.34,78.53,1.44,0.27,1.18,58.11,50.95,43.79,566,434,1.31,19.21,12.68,3.4,5.7,2026-07-27,2026-07-27 07:47:11
4502,健信,15.8,15.7,15.8,15.65,84.94,82.55,60.0,-0.01,-0.02,0.01,15.83,15.74,15.65,13,15,0.86,8.76,,,,2026-07-27,2026-07-27 07:47:12
4503,金雨,36.15,36.45,36.45,35.55,27.99,26.61,20.08,-1.09,-0.61,-0.48,47.21,40.31,33.41,101,144,0.7,28.31,26.39,,,2026-07-27,2026-07-27 07:47:13
4506,崇友,120.5,120.0,121.5,120.0,70.55,68.05,64.29,1.47,1.24,0.23,121.04,117.87,114.71,47,145,0.33,213.3,18.48,5.3,4.4,2026-07-27,2026-07-27 07:47:14
4510,高鋒,38.7,39.3,39.3,37.65,25.35,24.85,30.05,-1.7,-1.55,-0.14,45.44,41.24,37.04,294,369,0.8,42.17,,0.79,2.04,2026-07-27,2026-07-27 07:47:15
4513,福裕,20.3,20.55,20.55,19.5,43.79,56.54,58.86,1.29,1.23,0.06,23.56,19.03,14.51,1092,2205,0.5,23.22,,,,2026-07-27,2026-07-27 07:47:16
4523,永彰,24.8,23.9,25.3,23.9,42.91,29.25,36.61,-0.72,-0.66,-0.06,27.95,25.37,22.79,117,76,1.54,16.11,1.13,2.64,10.65,2026-07-27,2026-07-27 07:47:17
4526,東台,30.3,30.8,30.85,29.8,11.28,13.88,16.79,-2.34,-1.71,-0.63,44.19,36.09,27.99,1586,1254,1.26,76.3,16.74,1.0,3.3,2026-07-27,2026-07-27 07:47:18
4527,方土霖,39.2,39.3,39.3,39.2,15.34,18.04,45.45,-0.31,-0.34,0.04,39.92,39.41,38.91,8,10,0.81,29.85,11.67,3.0,7.65,2026-07-27,2026-07-27 07:47:19
4528,江興鍛,15.5,15.35,15.65,15.35,26.35,29.54,48.78,-0.05,-0.06,0.01,15.89,15.47,15.05,19,20,0.95,13.05,14.22,0.2,1.29,2026-07-27,2026-07-27 07:47:20
4529,淳紳,4.45,4.33,4.73,4.18,40.94,36.97,51.46,-0.09,-0.09,0.01,4.91,4.42,3.93,29,18,1.55,3.76,,,,2026-07-27,2026-07-27 07:47:21
4530,宏易,24.8,24.8,24.8,24.8,28.27,36.73,36.42,-0.18,0.03,-0.21,28.12,26.15,24.18,1,9,0.11,8.88,20.33,,,2026-07-24,2026-07-27 07:47:22
4532,瑞智,24.4,24.55,24.65,24.1,15.3,14.93,14.56,-0.26,0.04,-0.3,29.64,26.24,22.84,751,1017,0.74,118.62,13.63,1.5,6.15,2026-07-27,2026-07-27 07:47:23
4533,協易機,25.75,26.6,26.6,25.45,22.02,22.84,19.42,-1.1,-0.89,-0.2,31.8,28.21,24.63,437,370,1.18,40.8,128.75,1.2,4.66,2026-07-27,2026-07-27 07:47:24
4534,慶騰,36.75,40.8,40.8,36.75,49.48,58.1,58.11,2.14,2.12,0.02,43.2,36.15,29.11,3223,3331,0.97,31.89,3675.0,,,2026-07-27,2026-07-27 07:47:25
4535,至興,27.8,27.8,28.5,27.8,42.12,36.6,43.33,0.21,0.27,-0.06,29.25,27.7,26.15,12,12,1.0,21.03,21.38,0.8,2.88,2026-07-27,2026-07-27 07:47:26
4536,拓凱,165.5,166.0,166.0,164.5,67.27,62.88,50.37,2.09,2.26,-0.17,168.11,163.61,159.1,224,261,0.86,150.31,12.42,8.0,4.83,2026-07-27,2026-07-27 07:47:27
4537,旭東,139.5,150.0,150.5,127.0,19.11,19.9,15.79,-6.05,-3.44,-2.61,183.99,165.93,147.86,452,160,2.83,109.98,181.17,0.5,0.36,2026-07-27,2026-07-27 07:47:28
4538,大詠城,17.4,17.05,17.4,17.05,23.99,28.5,17.5,-0.24,-0.08,-0.16,19.32,18.35,17.38,13,21,0.6,10.35,60.0,1.0,5.75,2026-07-27,2026-07-27 07:47:29
4540,全球傳動,51.0,50.5,51.0,49.3,28.9,26.38,26.08,-2.94,-2.56,-0.38,65.3,56.36,47.42,686,873,0.79,58.75,100.0,,,2026-07-27,2026-07-27 07:47:30
4541,晟田,66.8,71.4,71.4,65.4,35.8,52.09,57.0,5.18,5.6,-0.42,78.83,65.57,52.31,5535,13763,0.4,45.19,33.07,1.4,2.1,2026-07-27,2026-07-27 07:47:31
4542,科嶠,311.5,331.0,331.0,310.0,28.7,28.01,30.09,-11.02,-0.37,-10.65,496.98,376.57,256.17,76,125,0.61,107.74,239.62,0.93,0.3,2026-07-27,2026-07-27 07:47:32
4543,萬在,31.4,31.05,31.4,30.5,23.19,23.1,22.76,-1.61,-1.42,-0.19,38.02,33.98,29.95,74,93,0.8,18.77,59.25,1.0,3.18,2026-07-27,2026-07-27 07:47:33
4544,春日,14.35,14.35,14.35,14.35,56.72,55.14,48.08,0.1,0.07,0.03,15.04,14.08,13.12,0,1,0.0,8.65,53.15,0.5,3.48,2026-07-24,2026-07-27 07:47:34
4545,銘鈺,33.6,33.3,33.6,33.1,36.32,28.6,27.55,-0.86,-0.52,-0.34,40.16,35.89,31.63,45,65,0.69,25.87,197.65,0.13,0.39,2026-07-27,2026-07-27 07:47:35
4546,長亨,43.1,40.5,43.65,36.0,8.43,11.17,7.56,-18.0,-10.41,-7.59,160.02,92.8,25.59,864,1373,0.63,14.56,7.91,1.0,2.32,2026-07-27,2026-07-27 07:47:36
4549,桓達,96.0,96.9,97.0,95.5,49.74,40.91,40.09,-2.49,-2.6,0.11,104.38,98.28,92.18,91,62,1.47,54.72,29.0,3.0,3.12,2026-07-27,2026-07-27 07:47:37
4550,長佳,24.6,24.6,24.6,24.6,24.21,31.12,35.82,0.06,0.18,-0.12,25.98,25.04,24.09,1,5,0.19,9.31,18.5,1.22,4.96,2026-07-27,2026-07-27 07:47:38
4551,智伸科,182.0,184.0,184.0,175.5,20.8,17.83,10.0,-5.66,1.0,-6.65,278.01,215.68,153.34,926,1066,0.87,209.7,30.13,4.2,2.31,2026-07-27,2026-07-27 07:47:40
4552,力達-KY,18.5,18.95,18.95,18.45,8.53,11.98,27.12,-0.41,-0.35,-0.07,20.41,19.5,18.59,220,95,2.3,21.46,8.94,1.0,5.41,2026-07-27,2026-07-27 07:47:41
4553,盛復,16.95,16.85,16.95,16.85,52.95,56.22,52.94,-0.24,-0.35,0.1,17.4,16.87,16.34,10,21,0.47,5.6,,0.2,1.18,2026-07-27,2026-07-27 07:47:42
4554,橙的,30.75,30.95,31.0,30.7,23.97,26.16,40.86,0.01,0.12,-0.1,32.25,31.39,30.52,25,33,0.75,8.1,14.57,0.35,1.14,2026-07-27,2026-07-27 07:47:43
4555,氣立,45.95,45.45,45.95,44.7,26.06,26.28,38.91,-0.61,-0.31,-0.31,51.26,47.92,44.58,92,109,0.84,31.93,241.84,0.5,1.09,2026-07-27,2026-07-27 07:47:44
4556,旭然,117.0,132.0,132.0,116.0,64.22,73.55,66.26,15.54,15.41,0.13,145.81,105.3,64.79,134,163,0.82,49.49,127.17,0.6,0.51,2026-07-27,2026-07-27 07:47:45
4557,永新-KY,51.8,52.2,52.5,51.1,76.27,74.86,64.37,1.39,1.27,0.12,53.45,50.31,47.17,52,60,0.86,24.85,7.99,2.0,3.86,2026-07-27,2026-07-27 07:47:46
4558,寶緯,16.7,16.7,16.8,16.7,9.76,13.49,28.57,-0.48,-0.38,-0.09,19.12,17.86,16.6,26,28,0.93,8.35,,0.5,2.99,2026-07-27,2026-07-27 07:47:47
4559,久裕興,9.0,9.05,9.1,8.76,48.6,49.98,38.51,0.19,0.24,-0.05,10.82,9.31,7.79,23,89,0.26,5.4,52.94,,,2026-07-27,2026-07-27 07:47:48
4560,強信-KY,31.65,31.5,32.0,31.15,33.35,41.43,51.61,0.11,0.18,-0.07,32.59,31.82,31.05,177,219,0.81,21.55,10.48,2.0,6.32,2026-07-27,2026-07-27 07:47:49
4561,健椿,35.8,36.3,36.3,34.75,26.98,26.18,22.32,-1.74,-1.56,-0.18,43.94,39.01,34.08,109,100,1.09,20.95,55.08,0.2,0.56,2026-07-27,2026-07-27 07:47:50
4562,穎漢,31.2,31.85,31.85,30.7,29.64,26.17,29.71,-1.27,-1.18,-0.09,36.85,33.42,30.0,112,150,0.75,27.31,,,,2026-07-27,2026-07-27 07:47:51
4563,百德,39.75,39.1,40.45,39.1,34.75,34.35,37.44,-1.04,-1.0,-0.04,44.04,41.42,38.81,72,72,0.99,21.84,15.96,3.0,7.55,2026-07-27,2026-07-27 07:47:52
4564,元翎,17.3,17.75,17.75,16.9,14.83,28.36,48.79,0.4,0.74,-0.34,21.94,18.77,15.6,1443,3379,0.43,40.27,,,,2026-07-27,2026-07-27 07:47:53
4565,宏偉,127.5,126.0,127.5,125.0,66.36,55.18,73.08,1.58,1.62,-0.04,128.82,124.28,119.73,13,10,1.26,78.72,18.59,6.0,4.71,2026-07-27,2026-07-27 07:47:54
4566,時碩工業,73.3,70.6,73.8,68.3,70.31,62.53,67.9,1.64,0.73,0.91,73.02,66.11,59.2,3723,5346,0.7,80.76,54.3,0.68,0.93,2026-07-27,2026-07-27 07:47:55
4568,科際精密,39.45,39.6,39.6,39.45,59.82,62.52,46.96,0.1,0.12,-0.02,40.21,39.51,38.8,4,5,0.77,12.6,19.73,1.98,5.02,2026-07-27,2026-07-27 07:47:56
4569,六方科-KY,157.0,153.5,159.0,152.0,23.16,24.77,32.84,-4.74,-4.0,-0.75,179.04,165.43,151.81,69,67,1.03,47.72,37.92,3.25,2.07,2026-07-27,2026-07-27 07:47:57
4570,傑生,68.0,69.0,70.9,68.0,8.21,16.53,50.0,-0.19,-0.14,-0.04,70.56,68.44,66.32,2,0,2.37,29.92,26.36,3.0,4.41,2026-07-27,2026-07-27 07:47:58
4571,鈞興-KY,153.5,153.0,153.5,150.0,37.28,31.0,28.17,-6.7,-6.49,-0.21,179.77,162.12,144.48,68,109,0.63,79.7,16.04,5.27,3.43,2026-07-27,2026-07-27 07:47:59
4572,駐龍,143.0,143.5,144.0,142.0,21.09,32.28,51.84,0.77,1.14,-0.36,149.3,144.51,139.71,9,30,0.32,57.2,48.31,5.0,3.5,2026-07-27,2026-07-27 07:47:59
4573,高明鐵,353.5,380.0,385.0,344.5,45.89,32.14,40.88,-19.1,-17.73,-1.37,442.38,378.18,313.97,296,422,0.7,161.54,,,,2026-07-27,2026-07-27 07:48:00
4575,銓寶,23.1,23.1,23.1,23.1,28.6,23.69,37.72,-1.09,-1.03,-0.06,27.06,24.29,21.53,0,9,0.0,8.93,21.39,1.3,5.63,2026-07-27,2026-07-27 07:48:01
4576,大銀微系統,196.5,191.5,196.5,186.0,38.05,32.43,33.03,-7.33,-6.21,-1.12,237.59,209.11,180.63,612,694,0.88,235.41,77.67,0.8,0.41,2026-07-27,2026-07-27 07:48:02
4577,達航科技,70.3,69.7,70.4,66.6,25.44,21.16,21.03,-7.99,-8.02,0.03,96.97,80.05,63.13,157,265,0.59,34.54,,,,2026-07-27,2026-07-27 07:48:03
4580,捷流閥業,80.9,81.2,81.6,80.7,44.63,44.41,38.24,-0.22,-0.17,-0.05,82.83,81.64,80.46,15,17,0.9,37.86,16.24,4.0,4.94,2026-07-27,2026-07-27 07:48:04
4581,光隆精密-KY,51.2,50.7,51.2,50.6,51.89,52.52,61.29,0.26,0.22,0.04,51.39,50.63,49.88,4,11,0.36,17.36,13.51,3.0,5.86,2026-07-27,2026-07-27 07:48:05
4582,聚恆-創,27.95,28.7,28.7,27.5,61.91,65.13,55.14,0.41,0.22,0.18,29.12,27.26,25.4,147,176,0.84,21.1,18.27,0.2,0.72,2026-07-27,2026-07-27 07:48:06
4583,台灣精銳,579.0,577.0,583.0,561.0,49.98,46.45,37.01,-16.35,-17.28,0.93,634.21,596.75,559.29,37,43,0.86,464.19,50.88,10.0,1.73,2026-07-27,2026-07-27 07:48:07
4584,君帆,40.5,40.55,40.55,40.5,59.23,45.2,55.56,-0.23,-0.35,0.12,40.92,39.99,39.06,2,1,1.54,12.15,11.84,2.0,4.94,2026-07-24,2026-07-27 07:48:08
4585,達明,302.5,300.0,302.5,297.0,23.34,25.01,39.64,-4.66,-4.13,-0.53,337.2,311.82,286.45,105,145,0.72,316.44,210.07,1.0,0.33,2026-07-27,2026-07-27 07:48:09
4587,寶元數控,42.6,43.4,43.4,42.6,8.26,9.25,21.24,-4.06,-3.44,-0.61,60.22,49.76,39.29,2,21,0.11,14.06,,,,2026-07-24,2026-07-27 07:48:10
4588,玖鼎電力,51.4,51.7,51.7,50.8,13.28,15.23,31.73,-1.08,-0.75,-0.33,58.22,54.16,50.1,27,36,0.74,22.09,16.16,3.0,5.84,2026-07-27,2026-07-27 07:48:11
4589,碩陽電機,33.7,33.55,34.3,32.75,21.94,24.23,20.14,-1.0,-0.64,-0.36,41.41,37.28,33.14,27,20,1.35,8.68,41.6,0.5,1.48,2026-07-27,2026-07-27 07:48:12
4590,富田-創,83.5,86.5,86.5,82.1,25.89,37.01,47.7,2.21,3.45,-1.25,98.54,88.51,78.47,265,296,0.89,45.79,30.81,2.3,2.75,2026-07-27,2026-07-27 07:48:13
4609,唐鋒,4.76,5.0,5.0,4.75,25.97,39.79,36.41,-0.08,-0.05,-0.03,5.47,5.12,4.76,5,7,0.69,2.28,,,,2026-07-27,2026-07-27 07:48:14
4702,中美實,9.42,9.64,9.64,9.4,25.44,28.16,33.33,-0.01,0.03,-0.04,10.03,9.71,9.39,176,67,2.62,6.81,10.7,0.5,5.31,2026-07-27,2026-07-27 07:48:15
4706,大恭,33.5,34.0,34.0,33.5,76.62,73.82,61.54,0.42,0.22,0.2,34.0,32.46,30.91,16,28,0.56,26.48,95.71,0.7,2.09,2026-07-27,2026-07-27 07:48:16
4707,磐亞,31.8,34.6,35.8,31.8,18.45,31.23,43.44,2.37,3.66,-1.28,44.02,35.65,27.29,9776,4913,1.99,128.38,35.73,0.25,0.79,2026-07-27,2026-07-27 07:48:17
4711,永純,16.15,16.5,16.5,16.0,45.39,41.69,35.57,-0.09,-0.04,-0.06,17.27,16.63,16.0,92,60,1.51,9.86,107.67,0.5,3.1,2026-07-27,2026-07-27 07:48:18
4714,永捷,10.65,10.8,10.8,10.55,23.05,23.53,11.43,-0.56,-0.54,-0.02,13.01,11.6,10.19,651,738,0.88,23.63,,0.19,1.78,2026-07-27,2026-07-27 07:48:19
4716,大立,17.85,18.05,18.2,17.7,6.78,9.28,4.65,-0.51,0.13,-0.64,25.65,21.05,16.44,647,997,0.65,16.86,,0.2,1.12,2026-07-27,2026-07-27 07:48:20
4720,德淵,19.55,20.0,20.0,19.3,13.85,16.29,13.76,-1.2,-0.93,-0.27,26.51,22.44,18.37,346,466,0.74,22.39,26.42,0.4,2.05,2026-07-27,2026-07-27 07:48:21
4721,美琪瑪,72.4,73.1,73.7,71.4,41.25,33.93,19.54,-4.27,-3.76,-0.5,94.71,80.22,65.73,426,363,1.17,54.29,24.05,2.3,3.18,2026-07-27,2026-07-27 07:48:22
4722,國精化,204.5,204.5,209.5,198.0,11.56,15.55,31.8,-14.41,-8.1,-6.31,300.98,247.6,194.22,855,891,0.96,210.11,120.29,1.18,0.58,2026-07-27,2026-07-27 07:48:23
4724,宣捷幹細胞,9.4,9.72,9.72,9.24,49.17,53.66,30.56,-0.31,-0.33,0.02,10.39,9.93,9.46,40,56,0.72,9.02,,,,2026-07-27,2026-07-27 07:48:24
4726,永昕,24.95,25.0,25.2,24.8,38.88,33.88,36.61,-0.33,-0.36,0.03,26.72,25.31,23.9,95,71,1.33,51.66,,,,2026-07-27,2026-07-27 07:48:25
4728,雙美,383.0,374.0,383.0,373.0,43.66,29.9,44.78,-0.32,-0.28,-0.04,387.24,380.15,373.06,9,5,1.73,208.59,28.91,12.1,3.16,2026-07-24,2026-07-27 07:48:26
4729,熒茂,19.6,18.85,19.6,18.7,36.46,26.67,27.19,-0.92,-0.82,-0.1,23.74,20.74,17.73,180,188,0.96,15.53,122.5,0.5,2.55,2026-07-27,2026-07-27 07:48:27
4732,彥臣,16.7,16.55,16.8,16.0,43.0,39.78,46.25,-0.36,-0.36,0.0,17.62,16.93,16.24,49,23,2.1,8.07,,,,2026-07-27,2026-07-27 07:48:28
4735,豪展,30.7,30.6,30.7,30.3,55.65,57.76,45.45,0.07,0.08,-0.0,31.38,30.94,30.49,26,10,2.56,11.82,12.48,2.6,8.47,2026-07-27,2026-07-27 07:48:29
4736,泰博,131.0,130.0,131.5,129.0,66.21,68.6,69.57,1.51,1.19,0.32,132.0,127.35,122.7,259,250,1.04,123.19,8.72,10.0,7.63,2026-07-27,2026-07-27 07:48:30
4737,華廣,57.3,56.5,57.3,55.5,21.61,17.8,51.01,-0.2,-0.04,-0.16,61.53,57.21,52.88,55,54,1.02,44.28,18.37,,,2026-07-27,2026-07-27 07:48:31
4738,大同精化,6.36,6.36,6.67,6.24,35.71,41.91,34.3,-0.3,-0.3,0.0,7.26,6.82,6.38,119,140,0.85,4.94,33.47,,,2026-07-27,2026-07-27 07:48:32
4739,康普,81.8,81.8,82.3,79.9,20.17,17.24,18.58,-7.84,-6.41,-1.43,122.34,96.46,70.58,818,1210,0.68,101.96,58.01,1.0,1.22,2026-07-27,2026-07-27 07:48:33
4741,泓瀚,45.7,45.55,45.9,44.6,30.65,25.97,19.03,-4.11,-3.91,-0.21,60.94,51.18,41.42,82,143,0.57,15.91,157.59,0.3,0.66,2026-07-27,2026-07-27 07:48:34
4743,合一,46.25,46.55,46.8,45.9,5.23,7.09,13.33,-1.19,-0.49,-0.71,59.13,51.36,43.6,1212,1791,0.68,221.71,,,,2026-07-27,2026-07-27 07:48:35
4744,皇將,29.5,29.8,29.8,29.15,47.03,63.2,51.91,0.37,0.14,0.23,34.04,28.99,23.94,12,129,0.09,16.36,12.09,0.4,1.36,2026-07-27,2026-07-27 07:48:36
4745,合富-KY,12.6,13.15,13.2,12.55,6.93,12.87,19.64,-0.5,-0.47,-0.03,14.89,13.93,12.98,221,112,1.98,8.34,,,,2026-07-27,2026-07-27 07:48:37
4746,台耀,51.6,51.2,51.7,50.7,18.76,18.55,27.27,-0.39,-0.08,-0.3,56.4,53.36,50.33,244,466,0.52,62.05,14.18,3.0,5.81,2026-07-27,2026-07-27 07:48:38
4747,強生,49.95,49.8,49.95,49.1,70.4,57.38,61.48,-0.44,-0.7,0.26,50.61,49.01,47.41,15,14,1.09,45.42,41.97,1.05,2.1,2026-07-27,2026-07-27 07:48:39
4749,新應材,773.0,779.0,789.0,762.0,20.26,25.91,23.97,-41.53,-37.63,-3.89,946.32,852.4,758.48,602,542,1.11,719.2,61.35,8.0,1.03,2026-07-27,2026-07-27 07:48:40
4754,國碳科,36.75,36.9,36.9,36.7,43.98,46.54,46.15,0.08,0.12,-0.03,37.21,36.88,36.55,19,21,0.9,11.13,12.94,2.3,6.26,2026-07-27,2026-07-27 07:48:42
4755,三福化,115.0,116.0,116.0,112.0,12.62,17.31,30.69,-5.04,-3.51,-1.52,144.71,129.67,114.62,403,476,0.85,115.81,31.17,3.7,3.22,2026-07-27,2026-07-27 07:48:43
4760,勤凱,241.0,241.0,245.5,232.0,17.67,16.45,26.6,-28.5,-23.93,-4.57,371.19,291.43,211.66,361,420,0.86,77.65,34.58,4.5,1.87,2026-07-27,2026-07-27 07:48:44
4763,材料*-KY,49.7,50.4,50.9,49.0,57.44,54.3,51.7,1.1,0.99,0.11,51.87,48.58,45.28,6482,11887,0.55,491.61,9.61,5.41,10.89,2026-07-27,2026-07-27 07:48:45
4764,雙鍵,294.5,281.5,301.0,272.0,27.9,32.43,49.6,-3.34,0.17,-3.51,350.38,306.16,261.94,2374,2628,0.9,255.2,245.42,0.99,0.34,2026-07-27,2026-07-27 07:48:45
4765,磐采,14.0,14.55,15.0,13.8,22.39,24.4,18.75,-0.72,-0.7,-0.02,17.09,15.8,14.51,34,10,3.31,4.5,,,,2026-07-24,2026-07-27 07:48:46
4766,南寶,328.5,332.5,332.5,325.5,30.46,29.13,23.01,-5.61,-4.28,-1.33,369.41,342.3,315.19,202,184,1.09,396.07,16.26,18.0,5.48,2026-07-27,2026-07-27 07:48:47
4767,誠泰科技,26.2,25.55,26.2,25.55,77.14,70.52,47.0,0.05,0.06,-0.01,26.54,26.23,25.93,7,6,1.04,8.23,21.13,1.1,4.2,2026-07-27,2026-07-27 07:48:48
4768,晶呈科技,312.5,328.5,333.0,301.0,49.3,38.91,43.63,-21.89,-23.56,1.68,388.91,336.75,284.59,521,438,1.19,148.4,801.28,4.0,1.28,2026-07-27,2026-07-27 07:48:49
4770,上品,223.0,229.0,229.0,221.0,57.58,56.4,55.56,1.01,-0.5,1.51,229.62,219.43,209.23,257,483,0.53,178.35,21.93,6.0,2.69,2026-07-27,2026-07-27 07:48:50
4771,望隼,187.5,184.0,188.5,182.0,19.44,20.85,21.48,-0.85,1.04,-1.89,211.68,195.69,179.7,108,185,0.58,110.08,14.92,6.97,3.72,2026-07-27,2026-07-27 07:48:51
4772,台特化,247.0,232.0,247.0,230.0,28.56,25.33,36.14,-10.22,-8.54,-1.68,291.37,260.76,230.16,590,432,1.36,364.77,51.46,3.0,1.21,2026-07-27,2026-07-27 07:48:52
4804,大略-KY,3.27,3.27,3.27,3.27,,,,0.0,0.0,0.0,3.27,3.27,3.27,0,0,,2.35,,,,2026-07-24,2026-07-27 07:49:01
4806,桂田文創,10.0,10.0,10.0,10.0,51.54,55.82,26.42,-0.05,-0.04,-0.01,10.35,10.09,9.84,4,5,0.82,9.99,,,,2026-07-27,2026-07-27 07:49:02
4807,日成-KY,39.05,38.2,39.5,37.9,30.89,33.3,48.39,0.76,1.23,-0.47,42.25,38.96,35.66,139,231,0.6,19.13,9.15,,,2026-07-27,2026-07-27 07:49:03
4903,聯光通,38.8,38.25,40.35,38.25,57.15,41.47,48.43,-1.14,-1.33,0.19,42.85,38.48,34.11,3230,2342,1.38,40.87,38.04,0.3,0.77,2026-07-27,2026-07-27 07:49:04
4904,遠傳,107.5,105.5,107.5,104.5,82.94,73.18,64.69,1.48,0.62,0.86,107.77,99.96,92.15,10931,13435,0.81,3878.28,27.28,3.81,3.54,2026-07-27,2026-07-27 07:49:05
4905,台聯電,65.4,65.4,65.4,65.4,17.78,27.37,43.33,-1.66,-1.84,0.18,69.49,67.38,65.27,5,4,1.14,19.14,23.78,1.5,2.29,2026-07-27,2026-07-27 07:49:06
4906,正文,34.05,34.0,34.4,33.25,25.41,24.57,26.82,-2.19,-1.78,-0.41,44.86,38.46,32.05,2514,2698,0.93,145.6,18.92,0.47,1.38,2026-07-27,2026-07-27 07:49:07
4907,富宇,41.5,40.6,41.5,40.6,79.76,62.48,44.55,0.25,0.28,-0.02,42.32,41.0,39.68,29,65,0.44,49.03,34.02,1.8,4.34,2026-07-27,2026-07-27 07:49:08
4908,前鼎,143.0,139.5,146.5,138.5,42.27,33.69,34.43,-15.48,-15.87,0.39,189.31,157.7,126.09,1392,1617,0.86,111.85,72.59,1.75,1.22,2026-07-27,2026-07-27 07:49:10
4909,新復興,38.55,37.9,38.75,37.8,31.56,27.26,30.47,-2.65,-2.62,-0.03,47.07,41.55,36.03,226,262,0.86,35.99,,6.0,15.56,2026-07-27,2026-07-27 07:49:11
4911,德英,35.15,35.0,35.6,34.7,76.8,74.49,59.84,0.76,0.61,0.16,36.25,33.61,30.98,42,39,1.1,22.4,16.12,1.17,3.33,2026-07-27,2026-07-27 07:49:12
4912,聯德控股-KY,83.6,83.0,84.0,82.5,45.09,44.11,44.8,-1.78,-1.91,0.13,89.91,85.91,81.91,84,126,0.67,56.01,42.44,4.0,4.78,2026-07-27,2026-07-27 07:49:13
4915,致伸,65.1,65.7,65.7,64.6,34.11,32.39,36.36,-0.99,-0.86,-0.14,69.33,66.72,64.11,2125,2090,1.02,307.19,12.26,4.57,7.02,2026-07-27,2026-07-27 07:49:14
4916,事欣科,102.0,103.0,103.5,99.7,34.11,35.99,45.18,-0.12,1.12,-1.23,118.91,108.26,97.61,2139,4700,0.46,126.19,64.97,0.5,0.49,2026-07-27,2026-07-27 07:49:15
4919,新唐,132.5,136.0,136.0,127.0,21.37,24.33,28.86,-11.06,-8.66,-2.4,188.38,157.12,125.87,6151,4946,1.24,556.19,52.89,0.4,0.3,2026-07-27,2026-07-27 07:49:15
4923,力士,43.25,43.8,44.35,42.55,6.06,9.43,24.96,-2.35,-0.18,-2.17,71.11,55.52,39.94,258,347,0.74,14.16,,,,2026-07-27,2026-07-27 07:49:16
4924,欣厚-KY,9.95,9.86,9.95,9.8,10.03,8.88,16.1,-0.73,-0.51,-0.23,15.15,11.74,8.34,12,32,0.38,3.7,26.18,,,2026-07-27,2026-07-27 07:49:18
4925,智微,111.5,117.5,117.5,106.0,36.4,36.68,28.36,-9.04,-7.38,-1.67,160.26,132.57,104.89,115,208,0.56,78.68,,,,2026-07-27,2026-07-27 07:49:19
4927,泰鼎-KY,34.1,34.25,34.3,33.15,17.76,19.9,17.08,-3.78,-3.46,-0.32,49.56,40.33,31.1,1941,2227,0.87,90.34,4.26,,,2026-07-27,2026-07-27 07:49:19
4930,燦星網,16.35,16.3,16.35,16.2,13.82,16.15,22.22,-0.23,-0.19,-0.04,17.39,16.83,16.27,125,95,1.32,13.08,27.25,0.6,3.67,2026-07-27,2026-07-27 07:49:20
4931,新盛力,203.0,196.0,206.0,196.0,35.92,30.74,34.16,-8.85,-4.64,-4.21,272.55,228.82,185.1,2562,2641,0.97,133.1,65.06,2.5,1.23,2026-07-27,2026-07-27 07:49:22
4933,友輝,55.7,56.1,56.5,55.1,46.54,34.46,24.48,-2.48,-2.41,-0.07,66.71,59.1,51.48,120,96,1.25,45.84,9.69,2.89,5.19,2026-07-27,2026-07-27 07:49:23
4934,太極,14.75,15.25,15.25,14.6,12.46,15.12,27.17,-0.58,-0.38,-0.2,18.93,16.62,14.31,665,655,1.02,33.19,,,,2026-07-27,2026-07-27 07:49:24
4935,茂林-KY,35.45,35.95,35.95,35.1,61.51,55.73,44.35,-0.49,-0.49,-0.0,37.39,36.05,34.71,35,65,0.54,45.68,26.65,1.0,2.82,2026-07-27,2026-07-27 07:49:25
4938,和碩,87.4,89.4,89.4,86.6,67.38,57.34,65.09,0.7,0.08,0.63,87.62,83.61,79.6,12598,17327,0.73,2344.11,20.23,4.01,4.59,2026-07-27,2026-07-27 07:49:26
4939,亞電,60.4,62.4,63.9,57.8,46.54,57.97,51.35,1.99,2.06,-0.07,72.19,62.26,52.33,12750,42136,0.3,59.31,,0.25,0.41,2026-07-27,2026-07-27 07:49:28
4942,嘉彰,37.0,37.35,37.35,36.95,22.23,21.49,40.85,-0.21,-0.18,-0.03,38.14,37.3,36.46,101,94,1.07,52.68,12.17,2.0,5.41,2026-07-27,2026-07-27 07:49:28
4943,康控-KY,8.86,8.51,8.86,8.51,53.35,48.85,56.97,-0.05,-0.09,0.04,9.4,8.82,8.23,3,6,0.48,11.23,0.73,,,2026-07-27,2026-07-27 07:49:29
4946,辣椒,80.1,83.6,83.6,80.1,3.21,5.32,8.7,-6.19,-4.4,-1.78,113.35,95.46,77.57,14,27,0.53,7.09,25.51,,,2026-07-27,2026-07-27 07:49:30
4949,有成精密,66.5,65.7,67.0,65.1,17.42,22.42,40.13,-4.9,-4.49,-0.41,84.37,74.32,64.28,397,494,0.8,45.02,35.19,1.4,2.11,2026-07-27,2026-07-27 07:49:31
4950,金耘國際,16.55,16.55,16.55,16.55,75.91,57.13,54.29,0.01,-0.03,0.05,16.66,16.23,15.8,2,18,0.11,9.55,,,,2026-07-27,2026-07-27 07:49:32
4951,精拓科,80.7,82.1,83.0,80.4,49.18,36.88,26.12,-5.5,-5.68,0.18,100.52,86.87,73.22,269,285,0.94,27.56,13.77,4.5,5.58,2026-07-27,2026-07-27 07:49:33
4952,凌通,48.5,49.15,49.15,47.95,23.86,23.18,29.62,-1.58,-0.71,-0.86,62.59,53.97,45.36,321,326,0.98,52.78,47.09,1.0,2.06,2026-07-27,2026-07-27 07:49:34
4953,緯軟,123.0,123.5,124.0,121.0,46.72,45.65,42.59,-0.22,-0.07,-0.16,129.53,124.8,120.07,218,253,0.86,87.73,14.73,5.14,4.18,2026-07-27,2026-07-27 07:49:35
4956,光鋐,29.15,29.45,29.8,28.8,24.76,20.66,16.06,-2.95,-2.68,-0.27,42.14,34.15,26.16,584,1544,0.38,29.27,17.05,,,2026-07-27,2026-07-27 07:49:36
4958,臻鼎-KY,470.5,480.0,484.5,451.0,16.45,23.63,41.08,-17.03,-1.41,-15.62,674.15,565.45,456.75,34404,40290,0.85,5078.67,69.7,3.42,0.73,2026-07-27,2026-07-27 07:49:37
4960,誠美材,20.8,21.0,21.0,20.2,26.54,26.38,26.67,-2.06,-2.13,0.07,27.01,23.33,19.64,1544,2306,0.67,117.67,,,,2026-07-27,2026-07-27 07:49:38
4961,天鈺,159.0,161.5,162.0,157.0,48.25,43.83,31.4,-1.24,-0.02,-1.21,181.49,166.21,150.93,245,386,0.64,190.41,19.39,7.72,4.86,2026-07-27,2026-07-27 07:49:39
4966,譜瑞-KY,615.0,613.0,619.0,593.0,57.03,47.15,39.88,-19.34,-20.3,0.97,681.2,627.5,573.8,706,560,1.26,469.64,18.81,17.66,2.87,2026-07-27,2026-07-27 07:49:40
4967,十銓,223.5,219.0,223.5,213.5,56.08,42.46,31.69,-13.08,-13.23,0.15,268.47,232.93,197.38,1717,1968,0.87,189.89,17.27,3.0,1.34,2026-07-27,2026-07-27 07:49:41
4968,立積,98.0,97.4,98.0,95.4,20.71,19.09,20.35,-3.77,-2.84,-0.93,119.88,106.59,93.29,458,471,0.97,90.37,33.22,1.6,1.63,2026-07-27,2026-07-27 07:49:42
4971,IET-KY,433.0,402.5,440.0,388.5,68.01,52.38,48.04,-39.62,-48.69,9.07,502.43,430.14,357.84,1157,1206,0.96,173.14,262.42,0.85,0.2,2026-07-27,2026-07-27 07:49:43
4972,湯石照明,16.5,16.5,16.5,16.45,17.93,19.46,29.17,-0.05,0.01,-0.06,17.33,16.88,16.44,26,11,2.22,9.22,,0.8,4.85,2026-07-27,2026-07-27 07:49:44
4973,廣穎,142.5,143.0,143.0,137.0,33.7,29.89,35.29,-6.35,-4.11,-2.25,179.07,155.38,131.68,856,1128,0.76,93.04,67.86,1.0,0.7,2026-07-27,2026-07-27 07:49:45
4974,亞泰,68.1,67.0,68.1,67.0,39.23,36.75,42.28,-0.83,-0.7,-0.13,72.48,69.47,66.45,112,76,1.47,49.37,13.35,3.9,5.73,2026-07-27,2026-07-27 07:49:46
4976,佳凌,33.9,31.1,33.9,30.95,20.77,12.78,38.38,-1.14,-0.58,-0.55,41.18,35.54,29.89,2790,976,2.86,47.56,22.45,,,2026-07-27,2026-07-27 07:49:47
4977,眾達-KY,133.5,135.0,138.5,130.0,50.32,41.34,36.49,-12.12,-13.0,0.88,167.72,145.07,122.42,4351,3589,1.21,110.39,30.2,2.18,1.63,2026-07-27,2026-07-27 07:49:48
4979,華星光,448.5,434.0,467.5,421.5,65.57,45.67,55.13,-28.72,-38.09,9.38,490.66,416.91,343.15,35382,17356,2.04,632.64,82.75,2.15,0.48,2026-07-27,2026-07-27 07:49:49
4980,佐臻,41.5,42.7,43.0,40.5,26.95,33.98,46.95,-0.34,-0.07,-0.27,47.14,43.73,40.33,97,64,1.51,18.7,377.27,,,2026-07-27,2026-07-27 07:49:50
4989,榮科,65.3,64.3,66.0,63.1,14.49,15.9,15.4,-6.75,-4.73,-2.02,113.89,84.08,54.26,3318,6202,0.53,94.3,,,,2026-07-27,2026-07-27 07:49:58
4991,環宇-KY,433.5,411.0,447.5,404.0,62.29,44.92,43.85,-43.62,-50.01,6.39,577.42,453.15,328.88,6873,7834,0.88,525.37,173.4,,,2026-07-27,2026-07-27 07:49:59
4994,傳奇,93.2,92.3,94.5,91.0,79.82,77.39,70.27,0.78,0.61,0.17,93.83,91.45,89.08,22,20,1.08,61.87,47.79,3.0,3.22,2026-07-27,2026-07-27 07:50:00
4995,晶達,48.5,50.7,50.7,48.25,61.18,57.1,65.09,0.89,0.51,0.38,49.44,46.17,42.91,130,249,0.53,20.58,21.85,1.99,4.1,2026-07-27,2026-07-27 07:50:01
4999,鑫禾,19.35,19.3,19.4,19.15,24.11,25.45,37.51,-0.23,-0.2,-0.02,20.29,19.71,19.14,32,33,0.96,14.24,14.44,0.25,1.29,2026-07-27,2026-07-27 07:50:02
5007,三星,56.7,56.8,56.8,56.2,71.94,58.48,60.0,0.01,-0.11,0.12,56.81,56.04,55.26,30,26,1.13,167.23,18.71,3.0,5.29,2026-07-27,2026-07-27 07:50:03
5009,榮剛,33.45,33.35,33.75,32.95,27.25,32.25,50.63,-0.06,-0.04,-0.02,35.52,33.61,31.71,1787,1795,1.0,183.29,17.42,1.2,3.59,2026-07-27,2026-07-27 07:50:04
5011,久陽,20.25,19.8,20.25,19.6,25.63,18.88,19.2,-0.41,0.04,-0.45,25.99,22.08,18.17,315,272,1.16,20.39,,0.2,0.99,2026-07-27,2026-07-27 07:50:05
5013,強新,25.0,25.35,25.35,24.8,18.94,16.16,29.41,-0.72,-0.57,-0.15,28.16,26.19,24.23,26,32,0.79,33.35,17.24,0.8,3.2,2026-07-24,2026-07-27 07:50:06
5014,建錩,11.3,11.25,11.5,11.2,57.15,54.52,64.0,0.08,0.07,0.01,11.35,11.04,10.73,445,315,1.41,20.71,,0.5,4.42,2026-07-27,2026-07-27 07:50:07
5015,華祺,21.6,21.3,21.6,21.3,52.21,42.5,43.75,-0.35,-0.39,0.04,22.41,21.67,20.93,8,16,0.53,13.1,360.0,0.5,2.31,2026-07-27,2026-07-27 07:50:08
5016,松和,24.0,24.1,24.1,24.0,39.85,36.49,48.28,-0.07,-0.09,0.02,24.54,24.17,23.8,10,10,0.97,11.91,16.0,1.0,4.17,2026-07-27,2026-07-27 07:50:09
5201,凱衛,27.6,27.7,27.7,27.05,84.81,76.92,58.24,-0.13,-0.27,0.14,27.74,27.08,26.42,17,37,0.46,10.67,,0.5,1.81,2026-07-27,2026-07-27 07:50:10
5202,力新,12.5,12.3,12.55,12.25,12.49,12.94,13.56,-0.5,-0.31,-0.19,15.86,13.93,12.0,145,156,0.93,11.14,,0.5,4.0,2026-07-27,2026-07-27 07:50:11
5203,訊連,68.9,67.0,69.9,66.9,56.8,42.85,53.98,-0.32,-0.32,-0.0,70.67,67.59,64.51,357,150,2.37,53.29,19.41,3.9,5.66,2026-07-27,2026-07-27 07:50:12
5205,中茂,22.05,22.05,22.05,22.05,69.89,60.14,42.25,-0.44,-0.39,-0.05,24.8,22.85,20.9,1,3,0.32,2.98,,,,2026-07-27,2026-07-27 07:50:13
5206,坤悅,20.4,20.35,20.5,20.35,38.66,36.39,35.95,-0.14,-0.12,-0.02,21.18,20.63,20.08,53,39,1.36,36.74,6.22,1.0,4.9,2026-07-27,2026-07-27 07:50:14
5209,新鼎,153.5,152.5,154.0,152.5,28.55,25.8,32.14,-1.49,-1.05,-0.44,161.95,156.34,150.74,37,27,1.36,43.67,10.03,12.95,8.44,2026-07-27,2026-07-27 07:50:15
5210,寶碩,29.25,28.8,29.6,28.6,17.9,26.74,40.61,-0.05,0.19,-0.23,31.52,30.02,28.53,157,315,0.5,24.04,40.07,,,2026-07-27,2026-07-27 07:50:16
5211,蒙恬,19.45,19.25,19.45,19.1,10.39,11.35,38.3,-0.31,-0.01,-0.3,23.88,20.99,18.11,21,45,0.47,6.23,,,,2026-07-27,2026-07-27 07:50:17
5212,凌網,47.5,47.5,47.5,47.5,52.0,49.3,45.61,0.07,0.13,-0.06,48.41,47.53,46.65,3,4,0.74,16.45,10.04,4.2,8.84,2026-07-27,2026-07-27 07:50:18
5213,亞昕,22.05,22.15,22.15,21.95,36.42,39.0,47.37,-0.21,-0.24,0.02,22.64,22.23,21.83,157,174,0.9,158.74,15.0,2.8,12.7,2026-07-27,2026-07-27 07:50:20
5215,科嘉-KY,38.4,38.1,38.95,38.0,18.9,20.95,16.16,-1.04,-0.75,-0.3,44.81,40.97,37.14,49,54,0.9,24.71,19.01,2.0,5.21,2026-07-27,2026-07-27 07:50:20
5220,萬達光電,20.8,20.55,21.0,20.55,60.05,61.14,51.61,-0.06,-0.1,0.04,21.09,20.8,20.51,27,27,1.02,8.19,,0.3,1.44,2026-07-27,2026-07-27 07:50:22
5222,全訊,115.0,117.5,117.5,113.0,16.84,20.85,33.33,-1.72,-0.83,-0.89,131.43,121.97,112.52,215,272,0.79,104.76,46.18,2.5,2.17,2026-07-27,2026-07-27 07:50:22
5223,安力-KY,23.2,23.5,23.5,22.7,38.62,36.8,33.91,-0.58,-0.43,-0.15,26.2,24.35,22.5,10,17,0.59,10.34,,,,2026-07-27,2026-07-27 07:50:23
5225,東科-KY,72.8,72.7,73.3,72.4,72.68,56.2,38.98,-0.3,-0.3,0.0,76.73,73.07,69.42,92,112,0.82,57.28,7.16,7.21,9.9,2026-07-27,2026-07-27 07:50:24
5227,立凱-KY,41.6,40.4,42.6,40.15,85.8,72.66,71.26,2.09,1.28,0.82,41.56,34.45,27.34,2137,2086,1.02,30.76,260.0,,,2026-07-27,2026-07-27 07:50:25
5228,鈺鎧,41.0,40.5,41.9,39.1,15.05,14.1,11.34,-5.75,-4.5,-1.25,72.65,52.73,32.82,283,328,0.86,15.6,,,,2026-07-27,2026-07-27 07:50:26
5230,雷笛克光學,18.2,18.2,18.55,17.9,21.38,19.95,39.13,-0.36,-0.06,-0.3,22.15,19.7,17.25,183,195,0.94,9.96,12.47,0.5,2.75,2026-07-27,2026-07-27 07:50:27
5234,達興材料,329.5,335.0,335.0,319.5,12.79,13.91,24.23,-16.85,-13.31,-3.55,419.84,367.57,315.31,334,256,1.3,338.45,44.83,6.5,1.97,2026-07-27,2026-07-27 07:50:28
5236,凌陽創新,148.0,150.0,150.0,146.5,45.73,38.33,26.98,-4.51,-3.68,-0.82,173.76,157.18,140.59,106,95,1.12,88.81,17.25,9.0,6.08,2026-07-27,2026-07-27 07:50:29
5240,建騰,16.8,16.3,17.0,16.3,22.33,19.55,27.94,-1.55,-1.57,0.02,21.6,18.65,15.69,3,9,0.33,4.47,33.6,0.5,2.98,2026-07-24,2026-07-27 07:50:30
5243,乙盛-KY,86.5,86.3,86.6,84.2,24.52,26.95,32.31,-5.19,-4.78,-0.41,106.79,95.2,83.6,902,932,0.97,145.78,19.75,1.5,1.73,2026-07-27,2026-07-27 07:50:31
5244,弘凱,32.1,31.65,32.15,31.3,46.18,36.98,26.5,-1.41,-1.42,0.02,36.86,33.53,30.19,72,147,0.49,21.91,64.2,0.4,1.25,2026-07-27,2026-07-27 07:50:32
5245,智晶,23.45,23.1,23.6,23.0,10.83,12.13,25.45,-0.8,-0.59,-0.21,28.01,25.31,22.61,27,59,0.47,10.15,,,,2026-07-27,2026-07-27 07:50:33
5246,勵威,88.3,90.5,90.7,84.0,21.06,22.16,23.46,-21.91,-20.82,-1.09,169.99,120.83,71.66,347,459,0.75,39.22,,,,2026-07-27,2026-07-27 07:50:34
5248,景傳,43.5,43.6,44.2,42.35,61.77,62.01,66.86,1.88,0.62,1.27,49.11,36.84,24.58,182,886,0.21,10.66,,1.1,2.53,2026-07-27,2026-07-27 07:50:35
5251,天鉞電,27.25,27.15,27.6,26.95,29.57,26.36,27.61,-0.86,-0.65,-0.21,32.8,29.15,25.5,46,102,0.45,9.19,908.33,,,2026-07-27,2026-07-27 07:50:36
5254,欣訊科技,36.0,35.5,36.0,34.55,18.88,16.45,26.92,-1.99,-1.72,-0.27,44.56,39.01,33.46,36,22,1.61,8.14,15.32,2.0,5.56,2026-07-27,2026-07-27 07:50:37
5258,虹堡,52.2,52.2,53.3,51.3,44.87,49.94,53.45,0.5,0.5,0.0,55.33,52.26,49.18,321,406,0.79,57.2,12.43,2.52,4.83,2026-07-27,2026-07-27 07:50:38
5262,立達,40.85,42.15,42.8,40.85,14.96,20.85,28.32,-1.23,-1.11,-0.12,46.61,43.66,40.72,89,69,1.29,21.53,30.49,0.7,1.71,2026-07-27,2026-07-27 07:50:39
5263,智崴,95.8,96.5,96.5,94.1,42.41,35.02,36.11,-1.49,-1.37,-0.12,103.68,98.27,92.87,81,96,0.84,68.37,25.48,0.93,0.97,2026-07-27,2026-07-27 07:50:40
5267,龍翩,48.35,48.4,50.5,46.15,27.4,27.11,53.51,-1.25,-1.53,0.28,56.99,49.2,41.41,51,61,0.85,12.1,48.35,3.01,6.23,2026-07-27,2026-07-27 07:50:41
5269,祥碩,1385.0,1380.0,1390.0,1340.0,46.97,50.6,37.83,-2.86,6.87,-9.73,1505.36,1438.58,1371.79,358,393,0.91,1027.07,19.12,45.38,3.28,2026-07-27,2026-07-27 07:50:42
5271,紘通,11.0,11.45,11.55,10.5,15.98,15.47,16.36,-1.54,-1.5,-0.04,16.48,13.32,10.16,1031,562,1.83,6.98,366.67,,,2026-07-27,2026-07-27 07:50:43
5272,笙科,18.3,18.25,18.4,18.0,18.6,18.98,26.53,-0.82,-0.72,-0.1,22.06,19.92,17.79,67,60,1.12,10.12,,,,2026-07-27,2026-07-27 07:50:44
5274,信驊,14695.0,14850.0,14935.0,14245.0,67.58,61.23,52.06,-210.21,-396.6,186.39,16344.45,14383.73,12423.01,145,316,0.46,6110.61,155.88,72.73,0.49,2026-07-27,2026-07-27 07:50:45
5276,達輝-KY,18.5,19.65,19.65,18.15,70.78,75.21,42.08,0.19,0.16,0.02,19.23,18.6,17.97,10,7,1.43,7.31,16.37,0.8,4.32,2026-07-27,2026-07-27 07:50:47
5278,尚凡*,23.85,23.75,24.0,23.7,28.77,39.65,39.73,0.04,0.15,-0.12,25.12,24.41,23.7,44,107,0.41,69.94,22.71,0.72,3.02,2026-07-27,2026-07-27 07:50:48
5283,禾聯碩,53.2,53.4,53.4,52.8,38.78,37.66,45.1,-0.11,-0.05,-0.05,54.25,53.27,52.3,51,51,1.0,46.6,9.52,0.7,1.32,2026-07-27,2026-07-27 07:50:49
5284,jpp-KY,285.0,290.0,290.0,275.5,25.49,22.08,17.89,-22.96,-21.27,-1.69,389.58,320.9,252.23,188,342,0.55,150.74,20.86,5.0,1.75,2026-07-27,2026-07-27 07:50:50
5285,界霖,76.5,77.5,78.0,74.3,8.83,11.12,19.11,-3.57,-1.1,-2.47,109.25,91.08,72.9,749,838,0.89,78.06,50.0,1.5,1.96,2026-07-27,2026-07-27 07:50:51
5287,數字,147.0,147.0,147.0,146.0,33.11,30.95,27.78,-0.53,-0.27,-0.26,153.22,149.4,145.58,40,42,0.95,88.66,10.64,10.25,6.97,2026-07-27,2026-07-27 07:50:52
5288,豐祥-KY,194.5,197.5,197.5,192.5,71.8,69.37,57.43,4.49,4.17,0.32,198.86,187.88,176.89,135,218,0.62,135.56,16.02,6.5,3.34,2026-07-27,2026-07-27 07:50:53
5289,宜鼎,1330.0,1355.0,1355.0,1270.0,42.74,34.06,30.0,-99.88,-92.91,-6.97,1747.13,1469.75,1192.37,2201,1966,1.12,1281.29,17.81,9.38,0.71,2026-07-27,2026-07-27 07:50:55
5291,邑昇,51.2,53.4,53.4,49.95,52.13,49.18,42.02,-2.62,-2.83,0.22,61.64,55.36,49.09,512,834,0.61,21.45,165.16,,,2026-07-27,2026-07-27 07:50:56
5292,華懋,166.5,164.5,167.0,164.0,24.06,22.58,21.57,-7.85,-6.43,-1.42,209.9,182.25,154.6,53,134,0.39,77.12,18.52,5.5,3.3,2026-07-27,2026-07-27 07:50:57
5297,廣化,69.9,68.5,70.7,65.2,19.92,23.99,41.12,-7.34,-7.52,0.18,93.88,78.56,63.24,318,351,0.91,26.32,170.49,0.3,0.43,2026-07-27,2026-07-27 07:50:58
5299,杰力,91.0,92.4,92.6,88.1,16.05,15.99,13.82,-5.55,-2.93,-2.62,137.92,109.29,80.66,378,309,1.22,46.31,18.92,3.66,4.02,2026-07-27,2026-07-27 07:50:59
5301,寶得利,5.51,5.83,5.83,5.44,8.25,16.97,21.57,-0.25,-0.22,-0.02,6.5,6.11,5.71,4,5,0.72,3.63,,,,2026-07-27,2026-07-27 07:51:00
5302,太欣,10.3,10.55,10.55,10.2,6.93,9.76,3.57,-0.48,-0.16,-0.32,15.18,12.32,9.47,536,669,0.8,16.47,,,,2026-07-27,2026-07-27 07:51:01
5306,桂盟,91.1,91.4,91.8,89.3,35.13,48.78,60.89,1.94,2.01,-0.07,97.28,89.54,81.79,194,156,1.24,114.79,12.45,3.81,4.18,2026-07-27,2026-07-27 07:51:02
5309,系統電,52.6,52.2,53.2,50.8,23.47,21.64,16.56,-3.69,-3.05,-0.63,69.8,59.52,49.24,1235,1174,1.05,120.23,202.31,0.5,0.95,2026-07-27,2026-07-27 07:51:03
5310,天剛,24.5,24.5,24.5,24.5,59.64,61.13,43.21,0.09,0.12,-0.03,25.84,24.6,23.36,7,35,0.2,7.09,47.12,,,2026-07-27,2026-07-27 07:51:04
5312,寶島科,91.4,98.4,98.4,91.0,59.16,65.7,53.31,1.45,0.68,0.77,97.43,90.44,83.46,752,487,1.55,54.89,14.28,6.5,7.11,2026-07-27,2026-07-27 07:51:05
5314,世紀*,56.7,56.5,57.0,55.4,8.51,11.51,28.57,-1.71,-0.7,-1.02,73.05,63.73,54.4,1959,3582,0.55,164.15,11.03,0.27,0.48,2026-07-27,2026-07-27 07:51:06
5315,光聯,19.1,19.35,19.35,19.05,18.96,19.48,20.0,-0.49,-0.4,-0.09,21.77,20.13,18.49,307,219,1.4,20.31,10.11,1.6,8.38,2026-07-27,2026-07-27 07:51:07
5321,美而快,55.0,57.6,63.0,54.3,39.76,36.22,43.5,1.56,2.56,-1.0,64.07,58.0,51.92,896,581,1.54,29.25,,,,2026-07-27,2026-07-27 07:51:08
5324,士開,12.0,12.0,12.05,11.95,47.49,48.13,50.0,-0.0,0.02,-0.02,12.27,12.08,11.89,59,102,0.58,27.17,,,,2026-07-27,2026-07-27 07:51:09
5328,華容,67.2,61.0,67.2,60.2,52.14,40.84,41.49,1.99,3.47,-1.48,84.39,69.13,53.87,32133,19336,1.66,116.06,172.31,0.6,0.89,2026-07-27,2026-07-27 07:51:11
5340,建榮,68.9,68.5,68.9,65.5,22.45,22.1,24.23,-6.35,-5.72,-0.63,96.78,79.95,63.12,798,683,1.17,134.28,57.9,0.6,0.87,2026-07-27,2026-07-27 07:51:12
5344,立衛,14.7,14.55,14.7,14.55,18.33,18.75,25.97,-0.33,-0.19,-0.14,17.19,15.7,14.21,3,38,0.08,11.68,,,,2026-07-27,2026-07-27 07:51:13
5345,馥鴻,25.3,27.7,28.45,24.95,69.33,52.05,47.47,-0.74,-1.17,0.43,30.67,24.15,17.63,76,78,0.97,9.56,,,,2026-07-27,2026-07-27 07:51:14
5347,世界,157.0,157.0,157.5,151.0,27.54,31.29,40.62,-4.45,-1.44,-3.01,207.19,176.64,146.09,14848,22045,0.67,2948.99,37.2,4.47,2.85,2026-07-27,2026-07-27 07:51:15
5348,正能量智能,16.5,16.85,16.85,16.0,55.55,53.66,56.12,0.05,0.08,-0.04,17.53,16.43,15.34,20,8,2.38,2.44,,,,2026-07-27,2026-07-27 07:51:16
5351,鈺創,83.6,84.6,84.6,79.6,25.0,33.6,42.66,-0.49,0.93,-1.42,103.72,90.33,76.94,15714,20440,0.77,272.3,,,,2026-07-27,2026-07-27 07:51:17
5353,台林,28.5,28.55,28.65,27.9,60.94,43.78,34.85,-0.53,-0.41,-0.12,32.09,29.22,26.34,65,45,1.44,21.59,20.8,1.0,3.51,2026-07-27,2026-07-27 07:51:18
5355,佳總,6.03,5.75,6.03,5.75,38.42,40.65,44.2,-0.13,-0.13,-0.01,6.36,6.08,5.81,14,39,0.35,10.02,,,,2026-07-27,2026-07-27 07:51:19
5356,協益,24.5,24.7,24.7,24.45,14.36,16.02,23.53,-0.25,-0.13,-0.11,26.34,25.33,24.31,63,78,0.81,25.24,55.68,2.0,8.16,2026-07-27,2026-07-27 07:51:20
5364,力麗店,8.59,8.66,8.66,8.53,21.76,27.32,39.45,-0.06,-0.06,-0.0,8.98,8.72,8.46,16,57,0.28,5.48,,,,2026-07-27,2026-07-27 07:51:22
5371,中光電,80.6,81.9,81.9,77.6,18.37,24.0,37.44,0.98,2.9,-1.92,101.55,89.51,77.47,8805,24566,0.36,315.13,84.84,0.5,0.62,2026-07-27,2026-07-27 07:51:23
5381,光譜,23.6,23.6,23.95,23.3,30.56,27.77,22.94,-1.22,-0.91,-0.31,31.04,26.42,21.8,293,560,0.52,41.66,28.1,,,2026-07-27,2026-07-27 07:51:24
5386,青雲,248.0,256.5,256.5,242.0,48.11,47.18,37.4,-16.41,-18.23,1.81,303.03,260.03,217.02,616,1104,0.56,134.22,43.28,1.5,0.6,2026-07-27,2026-07-27 07:51:25
5388,中磊,90.6,89.8,94.7,89.7,63.78,56.85,66.51,1.47,0.81,0.67,91.05,84.67,78.3,10749,5185,2.07,271.55,22.94,2.5,2.76,2026-07-27,2026-07-27 07:51:26
5392,能率,40.25,41.2,41.85,39.75,14.64,18.83,15.27,-0.99,-0.32,-0.66,50.55,44.93,39.32,1616,980,1.65,70.65,,0.2,0.5,2026-07-27,2026-07-27 07:51:27
5398,慕康生醫,15.45,15.15,15.45,15.05,58.18,46.7,43.88,-0.55,-0.67,0.11,17.03,15.51,13.99,19,61,0.32,7.64,44.14,,,2026-07-27,2026-07-27 07:51:28
5403,中菲,94.3,94.4,94.4,93.9,36.7,50.31,50.0,0.58,0.74,-0.16,96.03,94.47,92.9,52,63,0.83,73.71,11.35,6.5,6.89,2026-07-27,2026-07-27 07:51:29
5410,國眾,36.9,36.9,37.05,36.2,31.41,22.33,18.58,-1.63,-1.11,-0.53,48.13,40.56,32.98,409,315,1.3,33.97,15.97,2.07,5.61,2026-07-27,2026-07-27 07:51:30
5425,台半,82.8,82.5,83.8,80.1,9.68,11.64,17.38,-6.91,-2.58,-4.34,148.35,108.94,69.53,4336,7690,0.56,202.47,40.0,2.02,2.44,2026-07-27,2026-07-27 07:51:31
5426,振發,25.1,26.05,26.05,25.0,24.18,26.45,27.31,-1.11,-0.54,-0.57,34.21,29.05,23.89,576,1098,0.52,36.09,48.27,0.5,1.99,2026-07-27,2026-07-27 07:51:33
5432,新門,117.0,116.0,117.5,114.5,14.08,13.97,11.13,-7.24,-4.93,-2.31,165.87,136.3,106.73,35,37,0.94,24.2,50.87,1.5,1.28,2026-07-27,2026-07-27 07:51:34
5434,崇越,543.0,546.0,555.0,535.0,47.98,54.8,59.02,20.71,22.32,-1.61,587.75,534.9,482.04,852,1061,0.8,1051.56,23.25,13.42,2.47,2026-07-27,2026-07-27 07:51:35
5438,東友,17.3,17.55,17.55,17.1,11.04,14.95,22.86,-0.27,-0.09,-0.18,19.99,18.59,17.18,91,59,1.53,19.47,33.92,0.75,4.34,2026-07-27,2026-07-27 07:51:36
5439,高技,234.0,235.5,236.0,223.0,15.45,16.57,15.76,-25.09,-20.29,-4.8,363.56,289.0,214.45,2284,1650,1.38,217.56,15.55,7.2,3.08,2026-07-27,2026-07-27 07:51:37
5443,均豪,97.0,96.2,97.7,94.6,40.27,38.21,32.29,-3.7,-2.83,-0.87,125.07,107.14,89.21,773,1411,0.55,156.46,38.19,2.2,2.27,2026-07-27,2026-07-27 07:51:38
5450,南良,16.0,15.95,16.5,15.9,38.23,47.7,52.94,0.52,0.53,-0.01,17.96,15.62,13.27,496,1941,0.26,19.58,123.08,0.25,1.56,2026-07-27,2026-07-27 07:51:39
5452,佶優,26.1,26.35,26.35,25.5,24.33,21.45,20.41,-1.84,-1.45,-0.39,36.47,30.1,23.74,350,442,0.79,38.57,79.09,0.25,0.96,2026-07-27,2026-07-27 07:51:40
5455,昇益,28.55,28.5,28.55,28.5,64.43,47.07,71.15,0.45,0.41,0.04,28.48,27.49,26.51,2,30,0.07,18.7,8.25,,,2026-07-27,2026-07-27 07:51:41
5457,宣德,30.15,29.9,30.4,29.7,27.03,21.99,26.22,-1.1,-0.88,-0.22,35.94,32.07,28.21,433,421,1.03,59.22,11.96,1.5,4.98,2026-07-27,2026-07-27 07:51:42
5460,同協,15.95,15.9,16.05,15.9,27.34,34.18,33.68,0.06,0.24,-0.18,19.16,17.03,14.9,76,84,0.9,9.38,,,,2026-07-27,2026-07-27 07:51:43
5464,霖宏,79.8,79.7,81.9,77.0,36.75,32.7,21.66,-1.03,1.21,-2.24,109.26,90.05,70.84,282,340,0.83,56.72,,1.0,1.25,2026-07-27,2026-07-27 07:51:44
5465,富驊,21.7,21.55,22.05,21.55,23.3,28.05,24.61,-0.63,-0.49,-0.14,24.86,23.14,21.43,39,49,0.79,32.05,16.95,1.2,5.53,2026-07-27,2026-07-27 07:51:45
5468,凱鈺,25.4,24.5,25.55,24.15,43.37,32.95,33.54,-0.45,0.2,-0.65,34.96,27.93,20.89,234,282,0.83,14.97,,,,2026-07-27,2026-07-27 07:51:46
5469,瀚宇博,71.4,72.7,72.7,70.3,40.3,30.65,29.45,-3.27,-2.72,-0.55,89.73,77.34,64.94,947,1136,0.83,346.96,12.44,2.52,3.53,2026-07-27,2026-07-27 07:51:47
5471,松翰,54.9,55.3,55.4,53.0,28.31,30.46,40.3,-0.48,0.67,-1.15,68.02,60.15,52.28,1770,2647,0.67,92.16,77.32,0.8,1.46,2026-07-27,2026-07-27 07:51:48
5474,聰泰,146.5,151.0,151.0,145.5,42.22,34.0,30.0,-5.25,-4.53,-0.73,174.79,156.35,137.91,104,156,0.67,58.24,26.68,4.0,2.73,2026-07-27,2026-07-27 07:51:49
5475,德宏,132.0,125.5,133.5,125.0,9.71,10.0,12.87,-31.0,-28.33,-2.68,258.35,185.47,112.6,2940,2751,1.07,167.81,,,,2026-07-27,2026-07-27 07:51:50
5478,智冠,100.0,98.8,100.0,98.8,46.12,36.03,40.38,-0.94,-0.77,-0.16,104.88,100.91,96.93,67,48,1.42,149.83,11.36,7.5,7.5,2026-07-27,2026-07-27 07:51:51
5481,新華,20.85,21.0,21.2,20.75,30.1,37.01,54.72,0.11,0.12,-0.01,21.71,21.01,20.31,109,184,0.59,13.85,,,,2026-07-27,2026-07-27 07:51:52
5483,中美晶,204.0,201.0,205.0,195.0,17.73,32.5,52.15,10.48,15.51,-5.02,263.67,217.26,170.86,15848,28720,0.55,1252.91,30.58,3.5,1.72,2026-07-27,2026-07-27 07:51:54
5484,慧友,40.15,41.0,41.0,39.4,9.1,14.37,33.33,-1.69,-0.98,-0.71,51.78,45.26,38.73,238,265,0.89,26.82,58.19,,,2026-07-27,2026-07-27 07:51:54
5487,通泰,28.15,28.25,28.7,27.85,21.9,25.65,48.28,-0.02,0.03,-0.04,29.3,28.39,27.48,77,93,0.83,6.82,,,,2026-07-27,2026-07-27 07:51:55
5488,松普,13.35,13.5,13.55,13.1,11.47,24.24,47.81,0.26,0.67,-0.41,18.13,15.01,11.89,645,1333,0.48,12.23,121.36,0.06,0.45,2026-07-27,2026-07-27 07:51:56
5489,彩富,44.95,45.9,45.9,44.15,16.38,14.03,9.77,-1.91,-0.11,-1.8,71.51,54.58,37.66,84,147,0.57,44.26,22.59,1.82,4.05,2026-07-27,2026-07-27 07:51:58
5490,同亨,32.7,33.25,33.5,32.15,66.39,62.54,58.33,1.2,0.94,0.27,33.89,30.27,26.66,966,1910,0.51,30.46,19.94,1.5,4.59,2026-07-27,2026-07-27 07:51:59
5493,三聯,79.6,80.8,80.8,78.7,28.9,26.04,24.06,-2.37,-1.88,-0.49,92.33,84.57,76.82,48,72,0.67,34.78,19.04,2.7,3.39,2026-07-27,2026-07-27 07:52:00
5498,凱崴,47.25,46.4,47.9,45.4,20.76,20.71,22.99,-4.41,-3.66,-0.74,66.96,55.15,43.35,1773,1704,1.04,91.45,,0.15,0.32,2026-07-27,2026-07-27 07:52:01
5508,永信建,51.0,51.3,52.2,51.0,20.98,23.56,32.19,-0.14,0.28,-0.42,56.36,52.93,49.5,295,503,0.59,110.89,19.69,2.78,5.45,2026-07-27,2026-07-27 07:52:02
5511,德昌,73.8,75.0,75.0,72.6,89.62,88.42,76.71,3.55,2.85,0.71,76.2,67.18,58.17,273,303,0.9,100.37,8.36,3.6,4.88,2026-07-27,2026-07-27 07:52:03
5512,力麒,7.83,7.89,8.06,7.78,39.91,45.55,41.18,0.02,0.05,-0.03,8.25,7.97,7.69,984,736,1.34,59.49,55.93,0.18,2.3,2026-07-27,2026-07-27 07:52:04
5514,三豐,13.5,13.5,13.5,13.4,29.62,31.25,51.85,-0.16,-0.19,0.03,14.0,13.61,13.22,13,65,0.21,30.6,,,,2026-07-27,2026-07-27 07:52:05
5515,建國,43.6,43.85,44.2,42.85,62.72,66.01,65.13,1.05,0.93,0.12,44.08,41.71,39.33,478,817,0.58,87.9,9.78,3.3,7.57,2026-07-27,2026-07-27 07:52:06
5516,雙喜,10.75,10.8,10.8,10.6,61.15,56.49,80.0,-0.03,-0.07,0.03,10.9,10.52,10.13,23,40,0.57,5.54,67.19,,,2026-07-27,2026-07-27 07:52:07
5519,隆大,27.95,28.4,28.4,27.9,18.93,19.8,29.1,-0.24,-0.11,-0.13,30.17,28.8,27.43,344,341,1.01,64.33,5.96,3.3,11.81,2026-07-27,2026-07-27 07:52:08
5520,力泰,82.6,82.6,82.6,82.6,50.41,43.57,52.0,0.09,0.09,-0.0,83.31,82.48,81.64,0,1,0.0,49.54,8.4,7.0,8.47,2026-07-24,2026-07-27 07:52:10
5521,工信,10.3,10.15,10.3,10.1,49.23,38.61,44.74,-0.06,-0.06,-0.0,10.72,10.34,9.95,1441,1660,0.87,50.7,19.81,0.15,1.46,2026-07-27,2026-07-27 07:52:11
5522,遠雄,66.5,66.7,66.7,65.6,32.52,45.14,59.52,-0.01,-0.05,0.04,69.39,65.95,62.51,327,758,0.43,519.76,8.94,5.5,8.27,2026-07-27,2026-07-27 07:52:12
5523,豐謙,30.35,30.1,30.35,30.1,80.71,87.78,44.44,-0.01,-0.01,-0.01,30.47,30.38,30.29,57,54,1.05,47.04,,0.5,1.65,2026-07-27,2026-07-27 07:52:13
5525,順天,22.85,23.1,23.15,22.85,63.23,64.97,67.69,0.27,0.13,0.13,23.39,22.19,21.0,140,275,0.51,70.22,16.32,1.2,5.25,2026-07-27,2026-07-27 07:52:14
5529,鉅陞,21.7,21.4,21.7,21.3,48.45,47.65,53.85,-0.07,-0.13,0.05,22.32,21.6,20.87,50,25,1.94,22.95,11.19,,,2026-07-27,2026-07-27 07:52:15
5530,龍巖,48.35,48.4,48.7,48.1,61.34,62.87,39.39,-0.05,-0.01,-0.04,49.91,48.69,47.47,190,312,0.61,203.11,17.45,,,2026-07-27,2026-07-27 07:52:16
5531,鄉林,7.73,7.75,7.8,7.67,34.8,34.78,36.36,-0.08,-0.07,-0.01,8.11,7.88,7.64,377,359,1.05,75.57,,,,2026-07-27,2026-07-27 07:52:17
5533,皇鼎,14.3,14.3,14.3,14.25,97.29,91.76,89.31,0.22,0.16,0.07,14.45,13.79,13.13,113,116,0.98,40.79,25.54,0.6,4.2,2026-07-27,2026-07-27 07:52:18
5534,長虹,79.3,80.2,80.2,79.2,29.43,42.08,50.0,0.25,0.38,-0.13,81.53,79.79,78.06,257,415,0.62,250.05,15.16,5.06,6.38,2026-07-27,2026-07-27 07:52:18
5536,聖暉*,1105.0,1120.0,1135.0,1070.0,29.33,34.05,26.98,-13.36,9.09,-22.45,1451.95,1244.72,1037.49,719,603,1.19,1371.09,30.83,20.0,1.81,2026-07-27,2026-07-27 07:52:20
5538,東明-KY,33.95,34.85,34.85,33.65,56.58,65.0,55.36,0.7,0.69,0.0,36.07,33.52,30.98,29,30,0.95,68.31,11.24,1.5,4.42,2026-07-27,2026-07-27 07:52:21
5543,桓鼎-KY,28.35,28.4,28.4,28.0,50.77,56.72,52.83,-0.18,-0.17,-0.01,29.22,28.66,28.09,13,8,1.59,13.24,4.11,,,2026-07-27,2026-07-27 07:52:22
5546,永固-KY,14.25,15.0,15.15,14.15,33.36,50.96,33.74,-0.09,-0.0,-0.08,16.34,15.4,14.45,120,43,2.8,11.74,,1.0,7.02,2026-07-27,2026-07-27 07:52:22
5547,久舜,19.95,19.95,19.95,19.9,26.5,27.74,20.0,0.17,0.24,-0.07,20.48,20.01,19.54,8,10,0.8,10.17,7.36,0.68,3.41,2026-07-27,2026-07-27 07:52:23
5548,安倉,20.85,20.8,20.85,20.75,50.03,53.56,50.92,0.04,0.06,-0.01,21.05,20.87,20.69,15,40,0.39,13.29,11.27,0.99,4.75,2026-07-27,2026-07-27 07:52:25
5601,台聯櫃,30.0,30.5,30.5,30.0,5.83,13.75,24.44,-0.5,-0.38,-0.11,33.12,31.55,29.98,10,17,0.58,19.44,71.43,0.38,1.27,2026-07-27,2026-07-27 07:52:26
5603,陸海,14.8,14.25,15.0,14.25,41.6,32.27,56.0,-0.17,-0.2,0.03,14.95,14.57,14.2,235,84,2.79,15.52,37.0,1.0,6.76,2026-07-27,2026-07-27 07:52:27
5604,中連,30.4,30.35,30.4,30.35,21.17,18.35,37.04,-0.2,-0.18,-0.02,31.14,30.67,30.2,4,20,0.23,33.07,35.76,2.0,6.58,2026-07-27,2026-07-27 07:52:28
5607,遠雄港,49.6,50.0,50.0,49.15,36.76,35.04,41.67,-0.35,-0.24,-0.11,52.31,50.56,48.8,425,339,1.25,183.79,15.31,1.8,3.63,2026-07-27,2026-07-27 07:52:29
5608,四維航,13.65,13.85,13.9,13.6,23.03,22.57,35.09,-0.26,-0.21,-0.06,15.08,14.21,13.33,932,1063,0.88,53.14,1.24,,,2026-07-27,2026-07-27 07:52:30
5609,中菲行,79.4,79.5,80.0,79.1,73.19,64.75,55.38,0.6,0.6,0.0,80.36,78.5,76.63,224,211,1.06,111.75,10.0,5.6,7.05,2026-07-27,2026-07-27 07:52:31
5701,劍湖山,4.62,4.7,4.7,4.44,44.29,42.66,39.86,-0.04,-0.02,-0.02,5.21,4.8,4.38,67,114,0.58,6.61,,,,2026-07-27,2026-07-27 07:52:32
5703,亞都,13.85,13.9,13.9,13.75,53.94,63.85,53.13,-0.03,-0.02,-0.01,14.19,13.88,13.57,33,12,2.57,9.73,26.13,,,2026-07-24,2026-07-27 07:52:33
5704,老爺知,21.7,21.65,21.7,21.6,59.26,61.55,56.0,0.08,0.07,0.01,21.82,21.57,21.32,5,9,0.55,12.77,60.28,,,2026-07-27,2026-07-27 07:52:34
5706,鳳凰,45.5,45.4,45.95,45.0,33.01,31.97,28.26,-0.51,-0.34,-0.16,48.28,46.67,45.05,137,190,0.72,38.11,13.46,4.54,9.98,2026-07-27,2026-07-27 07:52:35
5859,遠壽,13.6,14.2,14.2,13.3,65.67,63.67,52.5,-0.01,-0.07,0.06,14.01,13.59,13.16,128,83,1.54,197.24,4.26,0.37,2.72,2026-07-27,2026-07-27 07:52:36
5863,瑞興銀,11.4,11.5,11.5,11.0,77.7,69.84,65.38,0.08,0.04,0.04,11.35,11.07,10.78,87,65,1.34,36.5,13.73,0.4,3.51,2026-07-27,2026-07-27 07:52:37
5864,致和證,32.75,32.9,32.9,31.85,25.29,21.45,20.06,-1.9,-1.22,-0.68,46.04,37.55,29.06,1572,2137,0.74,165.22,14.24,0.5,1.53,2026-07-27,2026-07-27 07:52:38
5871,中租-KY,120.0,120.0,120.0,119.0,59.96,70.6,67.65,1.55,1.33,0.23,124.13,118.05,111.97,5656,9984,0.57,2053.71,10.64,5.8,4.83,2026-07-27,2026-07-27 07:52:39
5876,上海商銀,47.0,46.3,47.1,46.25,81.71,78.2,85.38,1.15,0.95,0.2,47.17,43.95,40.73,23034,18815,1.22,2279.61,15.36,1.8,3.83,2026-07-27,2026-07-27 07:52:40
5878,台名,38.65,38.65,38.65,38.6,8.65,10.79,32.26,-0.21,-0.23,0.03,39.39,38.86,38.33,6,5,1.2,9.67,13.51,0.21,0.54,2026-07-27,2026-07-27 07:52:41
5880,合庫金,25.95,25.8,25.95,25.55,82.7,77.53,81.82,0.4,0.39,0.01,25.98,25.23,24.49,23235,16647,1.4,4069.2,19.08,0.7,2.7,2026-07-27,2026-07-27 07:52:42
5902,德記,34.3,34.2,34.35,33.75,84.54,79.83,81.25,0.0,-0.08,0.08,34.51,33.93,33.35,17,21,0.78,32.41,15.38,1.65,4.81,2026-07-27,2026-07-27 07:52:43
5903,全家,189.0,188.0,189.5,188.0,66.07,61.63,57.89,0.04,-0.01,0.05,189.72,188.53,187.33,37,21,1.72,421.89,27.31,6.5,3.44,2026-07-27,2026-07-27 07:52:44
5904,寶雅,668.0,656.0,676.0,651.0,62.83,43.64,42.34,7.37,10.65,-3.29,718.05,657.05,596.05,505,314,1.6,711.04,21.38,25.5,3.82,2026-07-27,2026-07-27 07:52:45
5905,南仁湖,8.55,8.52,8.67,8.5,25.08,35.79,47.59,0.07,0.1,-0.03,9.06,8.62,8.19,328,310,1.06,24.08,,,,2026-07-27,2026-07-27 07:52:46
5906,台南-KY,39.0,39.0,39.0,39.0,85.53,91.05,88.89,-0.68,-1.25,0.57,40.06,37.77,35.47,1,1,0.61,13.94,39.8,0.8,2.05,2026-07-27,2026-07-27 07:52:47
5907,大洋-KY,4.88,4.88,4.94,4.81,28.6,26.65,38.0,-0.05,-0.05,-0.0,5.19,4.94,4.7,92,120,0.76,9.36,,,,2026-07-27,2026-07-27 07:52:48
6005,群益證,35.6,35.0,35.65,34.8,64.16,41.5,37.04,-0.81,-0.79,-0.02,39.36,35.69,32.03,8514,9045,0.94,772.84,13.48,0.4,1.12,2026-07-27,2026-07-27 07:52:49
6015,宏遠證,16.1,16.2,16.2,15.8,20.12,22.58,38.18,-0.45,-0.33,-0.12,18.45,17.11,15.76,1277,1121,1.14,63.3,22.68,0.55,3.42,2026-07-27,2026-07-27 07:52:50
6016,康和證,21.65,21.95,22.15,21.2,36.33,29.12,21.11,-0.8,-0.63,-0.17,26.31,23.15,19.99,12184,8068,1.51,167.23,12.3,0.16,0.74,2026-07-27,2026-07-27 07:52:51
6020,大展證,21.4,21.55,21.55,21.3,22.96,28.44,13.89,-0.26,-0.19,-0.07,23.15,22.14,21.13,30,21,1.4,54.0,54.87,0.27,1.26,2026-07-27,2026-07-27 07:52:52
6021,美好證,35.5,35.6,35.6,35.25,9.53,14.7,31.11,-0.78,-0.36,-0.42,41.4,38.24,35.07,56,97,0.58,110.84,9.59,2.0,5.63,2026-07-27,2026-07-27 07:52:53
6023,元大期,87.0,86.9,87.3,86.4,55.96,55.66,54.19,0.89,1.05,-0.16,90.6,86.7,82.79,244,492,0.5,320.14,11.84,4.0,4.6,2026-07-27,2026-07-27 07:52:54
6024,群益期,64.7,64.9,65.2,64.4,71.91,70.45,65.0,1.0,1.08,-0.08,66.2,63.66,61.11,376,341,1.1,161.71,11.83,2.8,4.33,2026-07-27,2026-07-27 07:52:55
6026,福邦證,14.25,14.3,14.3,14.1,28.97,25.34,25.33,-0.34,-0.24,-0.11,16.68,15.14,13.6,772,906,0.85,56.45,8.28,1.36,9.54,2026-07-27,2026-07-27 07:52:56
6027,德信,11.65,11.65,11.7,11.5,52.45,50.81,50.77,-0.04,-0.12,0.07,12.05,11.55,11.05,37,61,0.62,18.14,11.2,,,2026-07-27,2026-07-27 07:52:57
6028,公勝保經,80.1,80.2,80.2,80.1,81.88,69.18,62.79,0.18,0.07,0.11,80.37,79.3,78.24,7,13,0.55,20.02,10.24,6.0,7.49,2026-07-27,2026-07-27 07:52:58
6035,悠遊卡,53.0,50.5,53.0,50.5,63.98,66.21,64.76,0.63,0.51,0.12,53.92,51.4,48.87,0,4,0.0,37.82,12.83,2.28,4.3,2026-07-27,2026-07-27 07:52:59
6101,寬魚國際,38.75,39.0,39.4,37.45,50.77,39.87,39.23,-1.07,-0.88,-0.19,46.02,40.48,34.94,232,672,0.35,44.41,,,,2026-07-27,2026-07-27 07:53:00
6103,合邦,33.1,34.6,36.05,33.1,70.14,60.07,45.34,-0.67,-1.19,0.52,34.13,30.91,27.68,52,13,4.0,4.5,,0.19,0.57,2026-07-27,2026-07-27 07:53:01
6104,創惟,92.8,92.8,93.1,90.8,39.62,34.94,29.95,-2.44,-1.67,-0.77,108.9,98.54,88.18,386,550,0.7,84.57,20.9,4.5,4.85,2026-07-27,2026-07-27 07:53:02
6108,競國,16.9,17.0,17.0,16.6,29.04,22.08,30.67,-0.58,-0.51,-0.07,19.56,17.74,15.92,224,597,0.38,26.11,5.69,1.0,5.92,2026-07-27,2026-07-27 07:53:03
6109,亞元,11.9,11.6,11.9,11.6,32.29,25.59,24.56,-0.15,0.01,-0.15,14.26,12.64,11.03,86,91,0.95,10.45,,,,2026-07-27,2026-07-27 07:53:04
6111,光聚晶電,39.9,41.1,41.1,39.85,39.5,42.38,37.78,-0.97,-0.96,-0.01,44.37,41.66,38.94,165,170,0.97,37.59,,,,2026-07-27,2026-07-27 07:53:06
6112,邁達特,40.55,41.0,41.0,40.3,26.54,34.29,33.29,-0.6,-0.48,-0.12,43.8,42.19,40.58,319,229,1.39,76.38,22.4,1.65,4.07,2026-07-27,2026-07-27 07:53:07
6113,亞矽,22.6,22.9,22.9,22.3,14.99,17.86,35.94,-1.04,-0.72,-0.32,28.7,25.11,21.52,74,71,1.04,11.42,,0.5,2.21,2026-07-27,2026-07-27 07:53:08
6114,久威,27.7,28.6,28.6,27.7,20.11,21.93,23.62,-0.62,-0.45,-0.17,32.62,29.53,26.44,4,17,0.24,12.16,8.74,0.5,1.81,2026-07-27,2026-07-27 07:53:09
6115,鎰勝,46.0,46.1,46.15,45.8,60.15,49.31,55.5,0.09,0.07,0.02,46.28,45.72,45.16,56,101,0.56,86.32,16.2,2.8,6.09,2026-07-27,2026-07-27 07:53:10
6116,彩晶,13.25,13.8,13.85,13.0,9.11,12.48,21.32,-0.82,-0.37,-0.45,19.94,16.33,12.72,28638,23143,1.24,378.77,49.07,,,2026-07-27,2026-07-27 07:53:10
6117,迎廣,68.3,67.0,68.7,67.0,47.28,32.97,32.41,-2.5,-2.72,0.21,75.72,70.05,64.39,197,134,1.46,63.21,18.82,2.0,2.93,2026-07-27,2026-07-27 07:53:11
6118,建達,16.05,16.2,16.2,15.9,35.84,33.26,30.61,-0.3,-0.26,-0.04,17.45,16.62,15.8,54,130,0.42,14.59,40.12,,,2026-07-27,2026-07-27 07:53:12
6120,達運,12.6,13.15,13.15,12.4,23.05,28.68,34.52,-0.31,-0.17,-0.14,15.02,13.81,12.61,3441,1954,1.76,75.47,,0.25,1.98,2026-07-27,2026-07-27 07:53:13
6121,新普,377.0,382.5,387.0,372.0,41.44,29.44,23.13,-6.53,-3.63,-2.91,443.91,396.64,349.38,479,930,0.52,697.34,12.36,21.8,5.78,2026-07-27,2026-07-27 07:53:14
6122,擎邦,50.4,49.8,50.8,49.3,22.57,30.09,50.0,0.46,0.72,-0.26,53.38,50.96,48.54,213,297,0.72,38.57,10.68,3.4,6.75,2026-07-27,2026-07-27 07:53:15
6123,上奇,42.95,43.0,43.1,42.1,63.49,56.79,59.52,0.11,-0.02,0.13,43.11,42.12,41.13,48,54,0.89,25.98,15.79,10.4,24.21,2026-07-27,2026-07-27 07:53:17
6124,業強,25.9,25.9,25.95,25.85,28.86,29.81,25.0,-1.03,-0.89,-0.15,31.09,28.14,25.2,26,16,1.6,47.26,,,,2026-07-27,2026-07-27 07:53:18
6125,廣運,49.55,49.8,49.8,48.6,22.2,22.51,15.19,-2.81,-2.28,-0.53,63.21,55.27,47.33,452,580,0.78,128.34,495.5,0.5,1.01,2026-07-27,2026-07-27 07:53:19
6126,信音,30.8,30.75,30.9,30.2,27.21,23.48,34.27,-1.71,-1.5,-0.21,37.76,33.36,28.97,332,449,0.74,38.99,44.0,0.76,2.47,2026-07-27,2026-07-27 07:53:20
6127,九豪,53.3,52.1,54.9,50.8,9.4,9.3,17.03,-6.29,-3.78,-2.52,99.11,70.98,42.86,4564,3760,1.21,57.61,113.4,,,2026-07-27,2026-07-27 07:53:21
6128,上福,20.2,20.3,20.3,20.15,31.7,38.31,50.0,-0.01,-0.0,-0.01,20.85,20.38,19.9,32,46,0.71,25.77,,0.5,2.48,2026-07-27,2026-07-27 07:53:23
6129,普誠,14.8,14.95,14.95,14.6,9.39,11.66,10.58,-0.68,-0.27,-0.4,21.18,17.37,13.56,499,551,0.91,26.78,,,,2026-07-27,2026-07-27 07:53:24
6130,上亞科技,24.8,24.4,25.05,23.75,26.6,38.07,51.28,0.33,0.54,-0.22,28.22,25.38,22.53,164,256,0.64,11.73,,,,2026-07-27,2026-07-27 07:53:25
6133,金橋,20.8,21.2,21.2,20.6,19.42,19.91,13.64,-0.75,-0.4,-0.35,27.48,23.3,19.12,520,532,0.98,24.34,28.89,0.3,1.44,2026-07-27,2026-07-27 07:53:26
6134,萬旭,27.35,26.5,27.35,26.0,42.55,31.95,23.89,-1.89,-1.7,-0.2,36.39,30.02,23.64,185,234,0.79,22.39,227.92,0.2,0.73,2026-07-27,2026-07-27 07:53:27
6136,富爾特,24.4,24.55,24.55,24.15,60.4,59.69,66.67,0.05,0.03,0.03,24.56,24.24,23.92,86,114,0.76,28.19,27.42,1.16,4.75,2026-07-27,2026-07-27 07:53:28
6138,茂達,318.0,331.0,331.0,311.0,51.54,40.5,30.69,-7.47,-2.33,-5.14,434.51,354.9,275.29,958,1599,0.6,236.52,24.94,10.95,3.44,2026-07-27,2026-07-27 07:53:29
6139,亞翔,762.0,836.0,848.0,756.0,37.62,41.23,36.34,-6.72,5.08,-11.8,970.72,866.3,761.88,10157,5799,1.75,1795.09,21.1,23.0,3.02,2026-07-27,2026-07-27 07:53:30
6140,訊達,17.5,17.15,17.6,17.0,18.6,17.88,22.22,-0.88,-0.74,-0.14,21.78,19.06,16.34,57,49,1.16,9.61,,,,2026-07-27,2026-07-27 07:53:31
6141,柏承,34.95,36.05,37.6,34.8,37.98,53.07,49.93,0.53,0.8,-0.27,43.46,38.69,33.93,4697,3651,1.29,39.62,13.71,,,2026-07-27,2026-07-27 07:53:32
6142,友勁,10.45,9.87,10.6,9.67,49.33,35.65,59.53,0.2,0.25,-0.05,11.16,9.96,8.77,2820,1528,1.85,34.57,,,,2026-07-27,2026-07-27 07:53:32
6143,振曜,93.8,95.9,96.0,93.4,13.79,21.85,24.22,-0.05,1.04,-1.09,109.79,100.02,90.24,426,399,1.07,80.72,14.59,6.0,6.4,2026-07-27,2026-07-27 07:53:34
6144,得利影,13.75,13.4,13.75,13.4,50.93,49.9,39.02,-0.19,-0.19,-0.0,14.82,14.13,13.44,3,5,0.54,5.26,,,,2026-07-27,2026-07-27 07:53:35
6146,耕興,193.0,190.5,193.5,190.5,47.46,34.16,45.95,-2.11,-2.07,-0.03,207.97,194.55,181.13,147,169,0.87,196.6,17.77,12.0,6.22,2026-07-27,2026-07-27 07:53:36
6147,頎邦,155.0,158.0,158.0,142.5,19.3,21.73,36.69,-16.04,-12.18,-3.85,236.26,194.43,152.59,85663,34071,2.51,1154.12,45.99,2.8,1.81,2026-07-27,2026-07-27 07:53:37
6148,驊宏資,28.8,28.15,28.8,28.0,18.98,18.99,23.98,-0.98,-0.7,-0.28,34.66,31.05,27.44,154,160,0.96,13.42,21.18,1.23,4.27,2026-07-27,2026-07-27 07:53:38
6150,撼訊,55.3,55.5,56.3,54.9,32.61,36.33,36.17,-1.74,-1.41,-0.33,64.34,59.69,55.04,206,150,1.37,26.74,21.52,0.6,1.08,2026-07-27,2026-07-27 07:53:39
6151,晉倫,35.8,35.4,35.8,35.35,24.13,23.47,19.83,-1.33,-1.16,-0.17,41.21,37.92,34.64,90,131,0.69,19.78,30.86,1.5,4.19,2026-07-27,2026-07-27 07:53:40
6152,百一,12.1,12.35,12.35,12.0,28.05,27.06,29.31,-0.56,-0.53,-0.03,14.12,12.88,11.64,440,434,1.01,20.3,,,,2026-07-27,2026-07-27 07:53:41
6153,嘉聯益,16.1,16.6,16.6,15.8,21.6,21.49,17.95,-1.16,-0.87,-0.29,22.1,18.7,15.3,3840,2997,1.28,102.42,4.34,,,2026-07-27,2026-07-27 07:53:42
6154,順發,13.8,13.7,13.85,13.65,54.24,40.9,40.0,0.04,0.07,-0.03,13.99,13.75,13.51,71,38,1.87,11.05,27.06,0.51,3.7,2026-07-27,2026-07-27 07:53:43
6155,鈞寶,55.0,56.0,57.3,53.8,10.6,12.7,12.18,-5.82,-3.78,-2.04,93.35,70.42,47.49,1356,1442,0.94,48.41,75.34,0.8,1.45,2026-07-27,2026-07-27 07:53:44
6156,松上,22.7,22.7,23.0,22.0,11.3,13.14,21.59,-0.29,0.47,-0.76,32.21,26.72,21.23,949,1144,0.83,24.49,51.59,0.2,0.88,2026-07-27,2026-07-27 07:53:45
6158,禾昌,17.9,18.1,18.1,17.5,31.8,32.83,20.75,-0.03,0.08,-0.11,19.92,18.45,16.98,94,48,1.94,9.83,162.73,1.01,5.64,2026-07-27,2026-07-27 07:53:46
6160,欣技,15.0,15.5,15.5,14.75,32.61,29.44,30.99,-0.38,-0.31,-0.07,17.1,15.87,14.63,44,40,1.09,10.27,,,,2026-07-27,2026-07-27 07:53:47
6161,捷波,50.4,50.6,51.0,49.15,52.84,48.25,43.39,-0.04,0.05,-0.1,54.97,51.2,47.44,121,152,0.8,28.34,18.67,2.2,4.37,2026-07-27,2026-07-27 07:53:48
6163,華電網,41.0,40.15,41.5,39.4,39.28,37.07,34.88,-2.42,-2.36,-0.06,51.37,45.01,38.66,1474,2362,0.62,60.38,57.75,0.45,1.1,2026-07-27,2026-07-27 07:53:49
6164,華興,11.9,12.2,12.2,11.6,10.71,13.64,18.48,-0.37,-0.06,-0.31,16.87,13.96,11.04,1087,718,1.51,9.52,170.0,0.5,4.2,2026-07-27,2026-07-27 07:53:50
6165,浪凡,49.55,49.95,50.2,48.7,30.28,30.93,38.13,0.21,0.33,-0.12,52.21,49.88,47.55,482,856,0.56,36.46,13.8,0.59,1.19,2026-07-27,2026-07-27 07:53:51
6166,凌華,150.0,163.0,165.5,150.0,72.93,65.71,63.22,4.95,2.23,2.72,159.02,135.51,112.01,7652,6981,1.1,326.76,63.83,1.2,0.8,2026-07-27,2026-07-27 07:53:53
6167,久正,10.55,10.65,10.7,10.45,23.87,23.54,24.14,-0.36,-0.25,-0.11,12.89,11.55,10.22,219,285,0.77,15.4,,1.33,12.61,2026-07-27,2026-07-27 07:53:54
6168,宏齊,23.4,23.85,24.05,22.8,13.71,15.46,30.92,-1.39,-0.86,-0.52,32.58,27.29,22.01,1405,1489,0.94,48.15,468.0,,,2026-07-27,2026-07-27 07:53:55
6169,昱泉,13.75,13.7,13.75,13.7,25.5,28.1,37.1,-0.26,-0.2,-0.06,15.12,14.43,13.74,5,13,0.38,3.22,,,,2026-07-27,2026-07-27 07:53:56
6170,統振,46.8,47.0,47.05,46.65,41.83,43.55,31.71,-0.24,-0.19,-0.05,48.72,47.53,46.33,101,164,0.62,45.52,10.56,4.0,8.55,2026-07-27,2026-07-27 07:53:57
6171,大城地產,23.15,23.15,23.15,23.15,31.09,29.78,35.42,-0.21,-0.18,-0.03,24.12,23.54,22.97,1,6,0.17,23.15,6.06,2.5,10.8,2026-07-27,2026-07-27 07:53:58
6173,信昌電,181.0,159.5,181.0,148.5,18.7,13.53,17.74,-24.08,-13.18,-10.9,366.74,245.7,124.66,1999,2054,0.97,309.87,55.69,1.8,0.99,2026-07-27,2026-07-27 07:53:59
6174,安碁,43.6,43.8,45.8,42.7,9.4,14.67,25.6,-1.43,0.6,-2.03,66.42,54.12,41.81,2430,1425,1.71,21.8,66.06,0.34,0.78,2026-07-27,2026-07-27 07:54:00
6175,立敦,81.7,81.8,84.8,79.3,6.97,10.69,22.91,-4.72,-1.57,-3.15,122.74,101.0,79.27,1787,2856,0.63,122.65,30.6,1.5,1.84,2026-07-27,2026-07-27 07:54:01
6176,瑞儀,87.2,88.1,89.5,85.7,58.15,46.55,37.18,-1.35,-1.54,0.19,92.99,88.23,83.47,3438,3751,0.92,301.0,9.38,3.5,4.01,2026-07-27,2026-07-27 07:54:02
6177,達麗,47.9,48.6,48.85,47.85,74.18,73.71,72.57,0.68,0.49,0.19,49.08,46.6,44.12,860,924,0.93,226.03,12.61,3.0,6.26,2026-07-27,2026-07-27 07:54:03
6179,亞通,24.35,24.7,25.0,24.15,26.38,30.88,33.95,-0.23,0.12,-0.36,29.01,26.34,23.68,489,559,0.88,43.18,487.0,0.5,2.05,2026-07-27,2026-07-27 07:54:04
6180,橘子,43.45,43.25,44.1,43.0,19.45,17.65,28.0,-0.8,-0.33,-0.48,50.41,45.93,41.45,406,508,0.8,76.23,,1.03,2.37,2026-07-27,2026-07-27 07:54:05
6182,合晶,116.0,110.0,116.0,103.5,12.11,20.45,37.86,2.08,10.65,-8.57,196.63,149.88,103.12,24501,86286,0.28,688.58,1288.89,,,2026-07-27,2026-07-27 07:54:06
6183,關貿,91.0,91.8,92.3,90.1,72.48,73.55,57.38,0.22,0.1,0.12,91.75,90.48,89.21,31,20,1.55,136.5,22.58,3.2,3.52,2026-07-27,2026-07-27 07:54:07
6184,大豐電,42.75,42.6,43.0,42.5,19.1,19.75,42.5,-0.22,-0.21,-0.01,43.39,42.92,42.45,57,38,1.51,65.07,18.75,3.0,7.02,2026-07-27,2026-07-27 07:54:08
6185,幃翔,14.15,14.35,14.35,14.05,58.38,46.68,46.34,0.04,0.06,-0.02,14.74,14.21,13.69,192,159,1.2,21.06,64.32,0.39,2.76,2026-07-27,2026-07-27 07:54:09
6186,新潤,42.25,42.2,42.65,42.0,36.79,42.74,42.61,0.25,0.4,-0.15,43.8,42.79,41.77,694,565,1.23,82.35,5.44,5.01,11.86,2026-07-27,2026-07-27 07:54:10
6187,萬潤,1035.0,975.0,1035.0,957.0,46.53,44.74,54.09,-22.47,-25.23,2.77,1102.26,1015.1,927.94,3300,2423,1.36,1007.01,68.23,11.66,1.13,2026-07-27,2026-07-27 07:54:11
6188,廣明,70.6,70.7,70.7,68.8,31.29,28.44,21.17,-2.55,-2.19,-0.36,82.98,75.32,67.67,716,596,1.2,196.52,22.85,5.2,7.37,2026-07-27,2026-07-27 07:54:12
6189,豐藝,48.45,49.35,49.4,48.05,52.41,40.75,34.03,-0.55,-0.38,-0.17,53.81,50.02,46.22,351,443,0.79,127.8,18.63,2.7,5.57,2026-07-27,2026-07-27 07:54:13
6190,萬泰科,71.2,71.2,71.9,68.9,45.78,38.45,30.36,-2.32,-1.64,-0.68,87.63,76.65,65.67,1435,1510,0.95,128.1,32.66,1.93,2.71,2026-07-27,2026-07-27 07:54:14
6191,精成科,88.4,89.6,89.6,87.4,31.27,28.38,22.05,-2.63,-1.43,-1.2,110.02,97.2,84.39,1969,2794,0.7,441.38,13.48,2.6,2.94,2026-07-27,2026-07-27 07:54:15
6192,巨路,114.0,115.0,115.0,113.5,22.74,29.4,34.29,-1.9,-1.53,-0.37,124.04,118.53,113.01,88,91,0.98,109.62,11.47,5.8,5.09,2026-07-27,2026-07-27 07:54:16
6194,育富,30.2,30.2,30.2,30.0,61.51,56.42,45.85,-0.22,-0.29,0.07,31.29,30.27,29.25,31,31,1.01,14.5,13.79,1.5,4.97,2026-07-27,2026-07-27 07:54:17
6195,詩肯,27.05,27.2,27.2,27.0,92.53,91.0,79.07,0.42,0.35,0.07,27.53,26.31,25.09,26,29,0.9,13.58,27.6,1.0,3.7,2026-07-27,2026-07-27 07:54:18
6196,帆宣,510.0,524.0,532.0,494.5,29.24,37.37,38.39,0.93,8.49,-7.56,599.41,553.45,507.49,1561,1225,1.27,1123.68,32.65,6.45,1.26,2026-07-27,2026-07-27 07:54:19
6197,佳必琪,312.0,312.0,315.5,304.0,44.27,34.85,30.65,-3.95,1.56,-5.51,385.32,335.73,286.14,1503,1978,0.76,380.91,31.93,6.92,2.22,2026-07-27,2026-07-27 07:54:20
6198,瑞築,20.25,20.4,20.4,20.25,32.61,26.5,46.39,-0.21,-0.18,-0.03,21.28,20.42,19.56,4,5,0.82,34.71,,,,2026-07-27,2026-07-27 07:54:21
6199,天品,100.0,104.0,104.0,100.0,48.39,45.37,45.04,0.51,0.97,-0.46,108.58,102.85,97.13,90,382,0.24,61.76,322.58,,,2026-07-27,2026-07-27 07:54:22
6201,亞弘電,49.0,49.0,49.0,48.6,59.77,59.87,47.06,0.16,0.14,0.02,49.66,48.81,47.96,19,22,0.84,43.71,13.28,3.1,6.33,2026-07-27,2026-07-27 07:54:23
6202,盛群,53.3,54.2,54.5,51.8,11.55,18.01,34.75,-2.37,-0.52,-1.85,77.17,64.0,50.82,1975,2155,0.92,122.6,70.13,,,2026-07-27,2026-07-27 07:54:24
6203,海韻電,66.7,66.0,67.0,66.0,73.21,57.97,45.45,-0.48,-0.65,0.16,68.65,66.43,64.21,66,86,0.78,54.96,12.15,4.0,6.0,2026-07-27,2026-07-27 07:54:25
6204,艾華,71.4,69.8,73.2,68.9,7.61,7.47,2.8,-9.51,-6.57,-2.94,133.44,94.41,55.38,135,187,0.72,16.49,60.51,0.3,0.42,2026-07-27,2026-07-27 07:54:26
6205,詮欣,60.7,60.4,61.4,59.1,30.7,28.36,25.25,-4.39,-3.95,-0.44,78.7,67.67,56.64,371,444,0.84,49.01,32.81,1.5,2.47,2026-07-27,2026-07-27 07:54:27
6206,飛捷,124.0,133.5,136.0,122.5,64.89,56.99,49.08,0.17,-0.8,0.96,134.2,123.07,111.93,2889,2991,0.97,177.4,17.51,5.5,4.44,2026-07-27,2026-07-27 07:54:28
6207,雷科,108.5,108.0,112.0,103.0,12.82,18.02,36.73,-5.01,-0.55,-4.46,163.91,135.42,106.93,5162,5785,0.89,86.54,120.56,0.6,0.55,2026-07-27,2026-07-27 07:54:29
6208,日揚,82.5,83.3,83.3,81.0,23.23,26.31,35.45,-2.26,-1.5,-0.76,97.74,88.35,78.95,299,348,0.86,77.93,33.0,2.0,2.42,2026-07-27,2026-07-27 07:54:30
6209,今國光,69.2,69.0,72.4,68.5,31.8,29.87,42.05,-3.65,-2.73,-0.92,86.9,75.69,64.47,10268,4623,2.22,121.38,76.89,0.5,0.72,2026-07-27,2026-07-27 07:54:31
6210,慶生,19.35,18.5,19.35,18.4,69.08,64.8,51.52,-0.28,-0.33,0.05,20.39,19.5,18.61,11,3,3.27,6.78,,,,2026-07-27,2026-07-27 07:54:32
6212,理銘,28.95,28.95,28.95,28.95,32.99,31.64,53.7,0.06,0.07,-0.01,29.29,28.69,28.09,1,0,2.5,29.53,7.31,3.5,12.09,2026-07-27,2026-07-27 07:54:33
6213,聯茂,307.0,300.5,309.0,290.0,21.54,26.45,31.73,3.34,11.7,-8.36,412.62,355.32,298.02,14613,19578,0.75,1115.84,75.06,3.0,0.98,2026-07-27,2026-07-27 07:54:34
6214,精誠,145.5,142.0,146.0,140.0,69.1,59.02,70.49,2.45,2.23,0.22,146.81,138.4,129.99,2655,1292,2.06,396.11,18.42,6.0,4.12,2026-07-27,2026-07-27 07:54:36
6215,和椿,95.9,96.8,96.8,93.5,25.2,25.05,25.18,-3.86,-2.88,-0.98,120.12,105.45,90.79,357,623,0.57,79.4,46.55,1.0,1.04,2026-07-27,2026-07-27 07:54:37
6216,居易,22.05,22.15,22.25,22.0,31.31,28.5,32.69,-0.26,-0.21,-0.06,23.51,22.55,21.59,84,75,1.12,21.38,37.37,2.53,11.47,2026-07-27,2026-07-27 07:54:38
6217,中探針,138.0,138.0,138.0,138.0,4.68,8.56,10.15,-27.56,-18.64,-8.91,304.77,220.1,135.43,427,5674,0.08,157.34,34.67,,,2026-07-27,2026-07-27 07:54:40
6218,豪勉,33.8,34.3,34.75,32.5,20.67,23.31,47.69,-0.71,-0.46,-0.25,38.28,35.65,33.02,323,398,0.81,21.72,,,,2026-07-27,2026-07-27 07:54:44
6219,富旺,13.0,13.3,13.3,12.8,47.72,54.85,52.7,0.14,0.1,0.04,13.86,13.03,12.19,124,494,0.25,16.25,2.52,0.67,5.15,2026-07-27,2026-07-27 07:54:45
6220,岳豐,27.5,28.35,28.5,27.25,8.37,14.88,30.21,-1.51,-0.79,-0.71,37.32,32.13,26.94,263,297,0.89,40.28,33.95,0.7,2.55,2026-07-27,2026-07-27 07:54:46
6221,晉泰,21.6,21.3,21.6,21.3,45.2,37.56,34.78,-0.48,-0.52,0.04,22.88,21.94,21.0,10,70,0.15,36.42,10.24,1.2,5.56,2026-07-27,2026-07-27 07:54:47
6222,立軒,20.6,20.45,20.6,20.3,52.83,51.69,50.0,-0.05,-0.04,-0.01,21.28,20.75,20.22,17,5,3.07,19.71,,,,2026-07-27,2026-07-27 07:54:48
6223,旺矽,5720.0,5760.0,5815.0,5475.0,35.81,31.39,42.46,-141.4,-42.45,-98.95,7474.53,6358.99,5243.45,625,857,0.73,5604.53,169.93,22.0,0.38,2026-07-27,2026-07-27 07:54:49
6224,聚鼎,56.1,56.0,56.7,55.0,15.72,14.65,12.0,-5.97,-4.79,-1.18,89.58,68.44,47.3,237,331,0.72,47.49,85.0,1.25,2.23,2026-07-27,2026-07-27 07:54:50
6225,天瀚,24.05,25.65,25.65,24.05,29.93,47.52,55.56,0.49,0.5,-0.01,27.19,24.07,20.94,9,19,0.46,6.69,,,,2026-07-27,2026-07-27 07:54:51
6226,光鼎,18.65,18.1,18.85,17.5,11.67,17.33,36.59,0.34,1.48,-1.14,29.54,23.11,16.67,12600,13521,0.93,21.55,,,,2026-07-27,2026-07-27 07:54:52
6227,茂綸,116.5,113.0,117.0,112.0,67.75,47.87,43.28,-2.51,-2.56,0.05,128.21,116.05,103.89,447,261,1.72,88.67,15.7,3.8,3.26,2026-07-27,2026-07-27 07:54:53
6228,全譜,18.15,18.4,18.4,18.0,26.63,25.03,30.1,-0.55,-0.55,-0.0,20.59,19.17,17.74,3,2,1.25,4.72,,,,2026-07-27,2026-07-27 07:54:54
6229,研通,23.45,23.3,23.45,23.05,26.02,26.4,28.77,-0.73,-0.55,-0.18,27.54,25.12,22.7,41,49,0.84,9.46,469.0,0.6,2.56,2026-07-27,2026-07-27 07:54:55
6230,尼得科超眾,114.5,116.5,116.5,113.0,38.96,35.86,38.89,-4.69,-4.8,0.11,129.87,119.72,109.58,26,58,0.45,98.86,17.89,0.22,0.19,2026-07-27,2026-07-27 07:54:56
6231,系微,223.5,219.5,223.5,214.5,26.71,25.6,24.19,-14.73,-12.65,-2.08,290.46,250.15,209.84,249,225,1.11,102.03,33.86,5.7,2.55,2026-07-27,2026-07-27 07:54:57
6233,旺玖,21.65,22.2,22.9,21.3,15.57,20.51,30.35,-0.66,-0.42,-0.24,26.01,23.72,21.42,710,326,2.18,17.11,,0.75,3.46,2026-07-27,2026-07-27 07:54:58
6234,高僑,35.45,35.9,35.9,34.25,14.21,13.45,23.58,-2.93,-2.27,-0.66,52.07,41.87,31.67,456,539,0.85,35.59,709.0,0.45,1.27,2026-07-27,2026-07-27 07:54:59
6235,華孚,38.75,38.6,38.9,38.2,10.27,15.64,29.95,-0.76,-0.38,-0.38,45.91,41.47,37.03,452,539,0.84,77.46,13.41,1.2,3.1,2026-07-27,2026-07-27 07:55:00
6236,中湛,17.05,17.05,17.05,17.05,0.54,0.63,,-0.39,-0.44,0.05,18.45,17.24,16.04,0,0,,7.1,213.12,,,2026-07-24,2026-07-27 07:55:01
6237,驊訊,34.65,35.0,35.1,34.1,17.73,16.43,14.81,-2.91,-2.45,-0.46,47.91,39.88,31.85,197,233,0.84,27.6,,0.1,0.29,2026-07-27,2026-07-27 07:55:02
6239,力成,279.0,278.0,281.5,269.0,27.51,26.52,32.68,-10.92,-6.79,-4.14,356.98,309.52,262.07,10003,16996,0.59,2061.24,33.37,4.5,1.61,2026-07-27,2026-07-27 07:55:03
6240,松崗,18.05,18.0,18.05,17.8,42.92,51.29,44.78,0.03,0.06,-0.03,18.8,18.3,17.79,7,20,0.34,4.13,,,,2026-07-27,2026-07-27 07:55:04
6241,鑫永洋,16.4,16.0,16.5,15.85,32.45,42.39,58.08,0.79,1.01,-0.22,18.38,16.2,14.02,293,447,0.66,7.99,,,,2026-07-27,2026-07-27 07:55:05
6242,立康,35.35,35.5,35.5,35.35,62.73,65.0,35.56,-0.13,-0.08,-0.04,36.35,35.93,35.51,5,4,1.21,11.24,13.49,2.0,5.66,2026-07-27,2026-07-27 07:55:06
6243,迅杰,49.2,54.9,55.5,48.7,66.52,71.0,62.09,3.5,2.95,0.56,54.02,43.79,33.57,15443,7414,2.08,22.27,,1.2,2.44,2026-07-27,2026-07-27 07:55:07
6244,茂迪,23.5,24.85,24.85,23.1,19.53,26.49,34.82,-0.86,-0.71,-0.16,28.14,26.19,24.23,5071,3400,1.49,90.95,167.86,0.14,0.6,2026-07-27,2026-07-27 07:55:08
6245,立端,83.0,84.7,85.4,81.9,75.24,66.41,56.89,0.06,-0.53,0.59,85.15,80.87,76.58,640,1003,0.64,121.68,20.75,3.8,4.58,2026-07-27,2026-07-27 07:55:09
6246,臺龍,13.1,12.95,13.25,12.95,16.89,16.04,18.42,-0.67,-0.47,-0.2,16.82,14.67,12.53,20,54,0.38,4.96,11.49,,,2026-07-27,2026-07-27 07:55:10
6248,沛波,17.75,17.75,17.75,17.6,42.16,37.13,36.67,-0.18,-0.18,-0.0,18.48,17.97,17.47,66,46,1.43,17.06,11.68,1.8,10.14,2026-07-27,2026-07-27 07:55:11
6257,矽格,215.5,217.0,219.0,207.5,41.17,38.64,34.86,-2.43,0.63,-3.05,263.64,233.74,203.84,4150,4739,0.88,1028.88,32.55,4.25,1.97,2026-07-27,2026-07-27 07:55:12
6259,百徽,31.1,31.6,32.4,30.2,21.75,26.28,20.73,-0.16,0.84,-1.0,42.23,36.29,30.34,540,1769,0.31,8.69,45.07,0.35,1.13,2026-07-27,2026-07-27 07:55:13
6261,久元,81.7,83.4,83.4,80.7,32.58,35.41,28.31,-4.12,-3.8,-0.32,98.46,89.53,80.61,434,454,0.96,104.98,19.45,4.0,4.9,2026-07-27,2026-07-27 07:55:16
6263,普萊德,149.5,151.5,155.0,148.5,29.68,29.91,18.84,-3.12,-1.88,-1.24,173.47,159.78,146.08,80,117,0.69,93.44,18.08,7.8,5.22,2026-07-27,2026-07-27 07:55:18
6264,富裔,6.09,5.91,6.11,5.91,61.12,51.62,43.75,-0.01,-0.01,-0.0,6.21,6.08,5.95,5,16,0.31,8.3,,,,2026-07-27,2026-07-27 07:55:19
6265,方土昶,48.0,46.8,48.0,45.75,35.03,33.54,44.63,-1.58,-1.15,-0.44,55.61,50.36,45.1,1191,1472,0.81,56.72,70.59,,,2026-07-27,2026-07-27 07:55:20
6266,泰詠,24.75,24.85,24.9,24.65,15.54,25.36,42.86,-0.16,-0.09,-0.08,26.28,25.36,24.44,97,121,0.8,38.08,12.44,1.78,7.19,2026-07-27,2026-07-27 07:55:21
6269,台郡,54.1,54.3,55.0,53.0,24.49,25.13,30.73,-3.86,-3.18,-0.68,70.73,60.99,51.25,2302,2629,0.88,173.41,,,,2026-07-27,2026-07-27 07:55:22
6270,倍微,30.1,30.35,30.65,29.8,18.56,19.13,33.95,-1.06,-0.33,-0.74,40.43,34.36,28.28,297,310,0.96,21.72,28.13,1.0,3.32,2026-07-27,2026-07-27 07:55:23
6271,同欣電,183.5,188.0,189.5,178.5,13.35,15.42,18.41,-13.9,-7.37,-6.53,298.24,232.82,167.41,4659,4056,1.15,383.62,27.27,3.0,1.63,2026-07-27,2026-07-27 07:55:24
6272,驊陞,25.95,25.55,26.4,25.5,7.09,8.13,23.2,-1.58,-1.21,-0.37,33.94,29.26,24.58,190,195,0.98,21.05,7.61,2.02,7.78,2026-07-27,2026-07-27 07:55:25
6274,台燿,1255.0,1290.0,1305.0,1205.0,39.34,31.2,34.16,-91.12,-67.24,-23.89,1862.91,1462.0,1061.09,5275,4702,1.12,3623.18,90.42,7.51,0.6,2026-07-27,2026-07-27 07:55:26
6275,元山,43.2,43.6,43.65,42.6,39.02,33.52,29.68,-1.0,-0.83,-0.17,48.87,45.36,41.84,205,235,0.87,34.67,15.65,1.99,4.61,2026-07-27,2026-07-27 07:55:27
6276,安鈦克,19.85,20.1,20.5,19.75,8.65,15.86,18.52,-1.16,-1.16,-0.01,23.5,21.61,19.71,65,48,1.33,4.38,21.81,,,2026-07-27,2026-07-27 07:55:28
6277,宏正,78.9,77.9,79.3,77.2,57.14,59.41,76.03,2.24,1.35,0.89,81.42,72.4,63.38,338,716,0.47,94.26,25.95,5.6,7.1,2026-07-27,2026-07-27 07:55:29
6278,台表科,157.0,159.5,161.0,154.5,19.15,20.57,30.0,-10.15,-7.72,-2.43,219.09,182.56,146.03,1937,2794,0.69,453.71,16.86,5.57,3.55,2026-07-27,2026-07-27 07:55:30
6279,胡連,115.5,116.5,117.5,115.0,43.55,39.11,27.78,-1.04,-0.37,-0.66,125.93,119.25,112.57,233,253,0.92,137.46,12.88,6.0,5.19,2026-07-27,2026-07-27 07:55:31
6281,全國電,52.2,51.9,52.2,51.4,53.92,51.15,52.73,0.12,0.07,0.04,52.4,51.58,50.76,119,58,2.03,51.77,14.22,3.3,6.32,2026-07-27,2026-07-27 07:55:32
6282,康舒,46.8,47.2,47.5,45.65,17.8,19.72,29.3,-2.88,-2.0,-0.88,63.7,54.03,44.37,6925,8069,0.86,400.62,101.74,0.8,1.71,2026-07-27,2026-07-27 07:55:33
6283,淳安,20.5,20.85,21.0,20.1,15.82,15.89,15.48,-0.82,-0.68,-0.14,24.7,22.27,19.83,240,156,1.53,30.11,56.94,,,2026-07-27,2026-07-27 07:55:33
6284,佳邦,79.5,77.6,82.0,77.6,21.31,21.09,29.07,-5.25,-3.7,-1.55,111.7,92.08,72.46,1123,1632,0.69,117.64,18.97,1.89,2.38,2026-07-27,2026-07-27 07:55:35
6285,啟碁,249.5,248.0,255.0,244.0,57.57,52.9,52.61,-3.18,-3.75,0.58,269.46,252.51,235.56,4873,5752,0.85,1206.74,37.18,4.3,1.72,2026-07-27,2026-07-27 07:55:35
6290,良維,233.0,236.0,240.0,227.0,40.16,32.49,23.18,-16.98,-13.77,-3.21,329.92,270.0,210.08,1508,1454,1.04,394.88,27.57,6.19,2.66,2026-07-27,2026-07-27 07:55:37
6291,沛亨,371.0,369.5,373.0,353.5,24.78,19.18,19.71,-46.15,-40.26,-5.89,579.13,442.32,305.52,443,624,0.71,192.92,56.38,6.0,1.62,2026-07-27,2026-07-27 07:55:38
6292,迅德,52.4,49.4,52.4,49.15,28.93,20.28,30.17,-2.43,-1.86,-0.57,66.56,56.11,45.66,61,92,0.67,24.42,26.33,1.8,3.44,2026-07-27,2026-07-27 07:55:40
6294,智基,27.6,27.6,27.6,27.6,48.34,34.97,42.62,-0.25,-0.29,0.04,29.18,27.75,26.32,1,16,0.09,7.19,10.0,3.0,10.87,2026-07-27,2026-07-27 07:55:41
6405,悅城,38.25,39.75,39.75,36.8,5.32,5.49,8.82,-6.4,-5.21,-1.19,67.45,50.86,34.27,917,799,1.15,25.17,,0.1,0.26,2026-07-27,2026-07-27 07:55:42
6407,相互,22.55,22.35,22.9,22.2,7.96,11.18,16.35,-1.74,-1.44,-0.3,30.51,26.03,21.55,186,271,0.69,16.94,14.84,2.0,8.87,2026-07-27,2026-07-27 07:55:43
6409,旭隼,1000.0,1040.0,1040.0,995.0,42.2,32.16,30.19,14.52,29.58,-15.06,1218.68,1049.23,879.78,629,579,1.09,877.03,28.73,36.77,3.68,2026-07-27,2026-07-27 07:55:44
6411,晶焱,79.8,80.6,80.7,78.4,19.28,17.0,15.92,-4.69,-3.35,-1.34,107.47,90.61,73.76,421,400,1.05,78.21,25.58,2.22,2.78,2026-07-27,2026-07-27 07:55:45
6412,群電,82.0,81.9,82.0,81.0,32.4,26.14,28.89,-2.85,-2.38,-0.47,98.84,87.12,75.41,486,612,0.79,328.63,15.92,3.7,4.51,2026-07-27,2026-07-27 07:55:45
6414,樺漢,469.0,508.0,520.0,458.0,79.54,79.74,67.25,29.36,19.81,9.54,499.9,411.65,323.4,7671,6581,1.17,684.21,23.45,13.78,2.94,2026-07-27,2026-07-27 07:55:46
6415,矽力*-KY,449.0,467.5,467.5,437.5,35.24,29.23,27.44,-29.36,-22.76,-6.61,644.83,519.25,393.67,3350,3190,1.05,1743.7,61.17,2.55,0.57,2026-07-27,2026-07-27 07:55:47
6416,瑞祺電通,102.0,103.5,108.0,99.9,65.9,64.86,62.06,4.61,3.7,0.92,111.66,94.04,76.42,1066,1562,0.68,74.81,23.83,2.8,2.75,2026-07-27,2026-07-27 07:55:48
6417,韋僑,118.0,120.0,121.0,116.5,34.12,30.11,26.87,-3.76,-3.0,-0.77,141.32,126.75,112.18,74,80,0.92,49.88,24.48,2.4,2.03,2026-07-27,2026-07-27 07:55:49
6418,詠昇,31.65,30.7,31.75,30.7,46.07,37.03,39.83,-0.33,-0.16,-0.17,35.28,31.91,28.53,55,45,1.21,10.93,43.36,0.38,1.2,2026-07-27,2026-07-27 07:55:50
6419,京晨科,134.5,138.0,138.0,134.0,37.86,34.36,42.24,-2.43,-1.7,-0.73,153.22,141.88,130.53,89,130,0.69,17.7,14.04,2.7,2.01,2026-07-27,2026-07-27 07:55:51
6423,億而得,70.5,68.2,70.5,68.2,40.61,29.47,22.56,-4.65,-4.37,-0.28,91.85,77.17,62.48,37,41,0.9,21.34,121.55,1.0,1.42,2026-07-27,2026-07-27 07:55:52
6425,易發,58.0,57.2,58.1,56.6,18.74,20.47,26.79,-4.95,-4.54,-0.41,76.89,65.82,54.74,178,195,0.91,29.42,,0.99,1.71,2026-07-27,2026-07-27 07:55:53
6426,統新,171.5,164.0,172.0,158.5,47.56,35.79,42.48,-12.87,-13.81,0.94,205.31,177.5,149.69,1033,805,1.28,66.04,,0.5,0.29,2026-07-27,2026-07-27 07:55:54
6428,淘米,23.6,23.6,24.8,23.0,24.17,34.49,49.5,0.7,1.17,-0.46,29.79,25.27,20.74,22,69,0.33,4.17,26.82,,,2026-07-27,2026-07-27 07:55:55
6431,光麗-KY,17.0,16.65,17.0,16.65,29.63,33.25,17.39,-0.44,-0.36,-0.07,19.18,17.96,16.75,51,49,1.04,16.56,,,,2026-07-27,2026-07-27 07:55:56
6432,今展科,76.3,70.5,76.8,70.1,66.99,51.16,51.83,0.21,0.64,-0.44,81.21,73.94,66.67,2176,1179,1.85,26.22,158.96,1.16,1.52,2026-07-27,2026-07-27 07:55:57
6434,達輝光電,11.45,12.35,12.4,11.0,11.9,14.74,5.34,-1.79,-1.43,-0.37,20.41,15.63,10.85,679,553,1.23,53.08,,,,2026-07-27,2026-07-27 07:55:58
6435,大中,260.0,270.0,270.5,250.0,18.62,19.79,17.95,-11.05,0.16,-11.21,423.15,328.64,234.13,603,807,0.75,97.4,27.99,7.5,2.88,2026-07-27,2026-07-27 07:55:59
6438,迅得,143.0,145.0,145.0,141.5,32.62,37.11,38.78,-3.14,-2.53,-0.61,168.96,153.05,137.14,305,289,1.06,117.56,27.45,5.0,3.5,2026-07-27,2026-07-27 07:56:00
6441,廣錠,20.9,20.7,21.45,20.55,17.12,19.91,36.69,-0.6,-0.54,-0.06,23.61,21.95,20.29,40,48,0.83,11.14,,,,2026-07-27,2026-07-27 07:56:01
6442,光聖,1330.0,1345.0,1385.0,1305.0,48.08,41.08,37.69,-122.55,-132.01,9.46,1685.29,1430.33,1175.36,1827,2348,0.78,1035.71,58.03,11.26,0.85,2026-07-27,2026-07-27 07:56:02
6443,元晶,27.35,28.65,28.65,26.95,19.21,20.2,25.28,-2.36,-2.32,-0.04,35.91,31.0,26.08,4907,5318,0.92,140.25,12.6,,,2026-07-27,2026-07-27 07:56:03
6446,藥華藥,1195.0,1155.0,1205.0,1130.0,17.31,17.81,37.06,40.85,68.83,-27.98,1371.4,1238.71,1106.01,2055,2041,1.01,4936.72,82.93,1.49,0.12,2026-07-27,2026-07-27 07:56:04
6449,鈺邦,239.0,240.0,245.0,229.5,15.56,16.84,34.1,-27.99,-20.83,-7.15,384.39,298.45,212.51,923,1057,0.87,217.22,32.97,4.2,1.76,2026-07-27,2026-07-27 07:56:05
6451,訊芯-KY,422.5,440.0,443.5,415.5,32.56,29.15,38.46,-33.67,-29.26,-4.41,577.12,482.25,387.37,2709,3006,0.9,448.58,,0.22,0.05,2026-07-27,2026-07-27 07:56:05
6456,GIS-KY,63.1,64.1,64.4,61.3,30.55,34.21,44.26,-2.13,-1.87,-0.26,74.02,67.48,60.94,1855,3765,0.49,208.36,,,,2026-07-27,2026-07-27 07:56:06
6461,益得,15.85,16.6,16.6,15.75,47.54,40.81,50.43,0.08,-0.02,0.1,16.8,15.72,14.63,835,528,1.58,28.27,,,,2026-07-27,2026-07-27 07:56:07
6462,神盾,98.7,102.0,102.5,97.9,40.05,31.65,23.71,-5.15,-4.82,-0.33,122.59,107.34,92.1,609,613,0.99,90.06,18.41,,,2026-07-27,2026-07-27 07:56:08
6464,台數科,79.6,79.7,79.7,78.9,82.49,79.85,89.78,1.62,1.05,0.57,80.94,75.4,69.86,16,28,0.56,106.61,19.75,1.33,1.67,2026-07-27,2026-07-27 07:56:09
6465,威潤,50.7,50.3,50.7,48.55,14.51,15.83,33.16,-2.09,-0.95,-1.14,66.18,57.35,48.52,349,390,0.89,25.02,61.83,0.19,0.37,2026-07-27,2026-07-27 07:56:10
6467,泰合,112.5,106.0,118.5,105.0,32.69,30.95,50.0,-2.36,-2.43,0.07,118.23,111.22,104.22,341,260,1.31,58.92,,,,2026-07-27,2026-07-27 07:56:11
6469,大樹,79.3,80.2,80.2,78.8,66.96,65.33,64.08,1.07,0.94,0.13,80.19,77.55,74.91,461,473,0.97,118.91,21.67,3.16,3.98,2026-07-27,2026-07-27 07:56:12
6470,宇智,46.85,46.6,46.85,46.6,39.84,35.47,22.73,-0.53,-0.41,-0.12,49.66,47.93,46.21,7,17,0.42,17.66,12.26,2.5,5.34,2026-07-27,2026-07-27 07:56:13
6472,保瑞,396.5,396.0,403.0,390.0,19.36,21.99,39.42,-2.71,1.2,-3.91,445.44,416.4,387.36,459,724,0.63,504.69,11.81,10.0,2.52,2026-07-27,2026-07-27 07:56:14
6473,美賣*,6.82,6.99,6.99,6.82,13.65,24.63,32.91,-0.22,-0.16,-0.06,8.15,7.49,6.82,6,21,0.28,4.09,,,,2026-07-27,2026-07-27 07:56:15
6474,華豫寧,37.4,37.45,37.45,36.9,54.3,45.48,52.14,-0.11,-0.1,-0.01,38.78,37.53,36.29,15,15,0.98,19.64,10.87,2.5,6.68,2026-07-27,2026-07-27 07:56:16
6477,安集,36.55,39.0,39.05,35.85,21.91,37.61,53.74,1.35,1.73,-0.38,44.15,38.4,32.65,2863,9206,0.31,45.24,1827.5,0.35,0.96,2026-07-27,2026-07-27 07:56:17
6482,弘煜科,28.25,28.15,28.25,28.0,37.52,36.46,56.2,-0.13,-0.25,0.13,28.83,27.85,26.88,7,44,0.16,8.09,12.23,1.0,3.54,2026-07-27,2026-07-27 07:56:18
6483,原創生醫,12.5,12.4,12.6,12.2,55.33,38.13,34.62,-0.28,-0.24,-0.03,14.5,12.87,11.24,79,73,1.08,8.32,,,,2026-07-27,2026-07-27 07:56:19
6485,點序,64.4,62.9,64.4,60.3,21.1,17.89,23.29,-6.68,-6.38,-0.3,87.45,72.75,58.05,400,378,1.06,29.14,90.7,0.48,0.75,2026-07-27,2026-07-27 07:56:20
6486,互動,78.5,78.4,78.9,76.5,50.02,44.99,56.72,0.28,0.24,0.04,79.79,77.37,74.96,216,83,2.59,39.95,14.87,6.0,7.64,2026-07-27,2026-07-27 07:56:22
6488,環球晶,1065.0,1030.0,1065.0,1005.0,12.01,22.79,42.82,29.34,78.73,-49.39,1540.14,1249.76,959.38,5766,10004,0.58,5091.91,65.86,7.7,0.72,2026-07-27,2026-07-27 07:56:23
6491,晶碩,338.0,334.5,338.5,332.0,15.44,18.71,23.33,0.64,5.3,-4.66,388.45,353.9,319.35,408,290,1.41,259.58,16.58,10.0,2.96,2026-07-27,2026-07-27 07:56:24
6492,生華科,40.6,40.8,40.8,39.45,26.26,31.91,17.74,-0.8,-0.53,-0.27,45.71,43.25,40.79,153,228,0.67,36.29,,,,2026-07-27,2026-07-27 07:56:25
6493,雷虎生,38.75,41.8,42.5,38.55,22.5,27.31,41.8,1.84,3.31,-1.48,59.07,44.16,29.26,118,274,0.43,11.64,,0.2,0.52,2026-07-27,2026-07-27 07:56:26
6494,九齊,48.7,48.85,49.2,48.1,6.87,9.98,12.33,-3.45,-1.84,-1.61,74.17,59.38,44.59,129,115,1.12,15.37,,1.0,2.05,2026-07-27,2026-07-27 07:56:27
6496,科懋,24.7,24.7,24.7,24.7,32.44,44.83,49.46,-0.01,0.08,-0.09,25.74,24.84,23.95,2,5,0.4,11.48,,,,2026-07-27,2026-07-27 07:56:28
6498,久禾光,78.2,79.0,80.4,78.1,11.11,16.19,24.19,-4.18,-3.43,-0.75,98.26,86.84,75.41,191,94,2.04,36.88,12.28,4.5,5.75,2026-07-27,2026-07-27 07:56:29
6499,益安,63.2,63.2,63.5,62.0,12.48,14.93,26.64,-3.27,-3.06,-0.21,75.44,68.0,60.56,169,178,0.95,61.27,21.42,,,2026-07-27,2026-07-27 07:56:30
6504,南六,40.8,38.5,41.65,37.85,74.46,69.16,80.38,0.54,0.06,0.48,39.1,36.59,34.08,238,130,1.82,29.62,14.57,1.0,2.45,2026-07-27,2026-07-27 07:56:31
6505,台塑化,77.9,81.7,82.9,77.3,67.02,79.82,66.72,8.18,6.82,1.36,94.75,69.41,44.07,40266,85370,0.47,7420.72,27.92,1.2,1.54,2026-07-27,2026-07-27 07:56:32
6506,雙邦,17.3,17.1,17.4,17.05,53.44,43.23,32.2,-0.13,-0.12,-0.01,18.09,17.46,16.83,55,77,0.72,14.25,16.8,1.0,5.78,2026-07-27,2026-07-27 07:56:35
6508,惠光,27.1,27.45,27.8,26.7,79.06,84.52,69.21,0.9,0.66,0.24,27.79,25.27,22.75,105,186,0.56,23.45,100.37,0.5,1.85,2026-07-27,2026-07-27 07:56:36
6509,聚和,46.75,46.95,47.4,46.4,24.27,24.53,10.14,-0.7,-0.04,-0.66,57.13,50.82,44.51,1381,1129,1.22,92.3,17.12,1.39,2.97,2026-07-27,2026-07-27 07:56:37
6510,精測,2660.0,2635.0,2665.0,2535.0,47.78,40.75,41.85,-175.04,-179.39,4.34,3285.63,2834.7,2383.78,261,252,1.04,872.19,87.79,15.23,0.57,2026-07-27,2026-07-27 07:56:38
6512,啟發電,20.2,20.2,20.2,20.2,62.15,58.76,51.61,0.1,0.13,-0.04,20.54,20.17,19.8,6,4,1.3,5.1,,,,2026-07-24,2026-07-27 07:56:40
6515,穎崴,6395.0,6395.0,6415.0,6095.0,35.52,28.79,29.04,-670.91,-614.21,-56.7,9625.4,7427.8,5230.2,182,349,0.52,2304.63,130.24,49.44,0.77,2026-07-27,2026-07-27 07:56:40
6516,勤崴國際,57.6,57.3,57.8,57.2,41.87,40.82,45.71,0.15,0.22,-0.07,58.34,57.57,56.81,18,17,1.06,32.16,38.15,2.34,4.06,2026-07-27,2026-07-27 07:56:41
6517,保勝光學,67.3,65.6,70.6,64.8,22.97,35.77,52.43,0.22,0.85,-0.63,76.46,69.86,63.25,1033,2158,0.48,20.58,41.54,1.5,2.23,2026-07-27,2026-07-27 07:56:42
6518,康科特,31.55,31.4,31.55,31.0,17.85,19.07,32.53,-0.02,0.09,-0.11,33.87,32.22,30.57,7,4,1.75,10.52,15.7,1.5,4.75,2026-07-24,2026-07-27 07:56:44
6523,達爾膚,91.9,90.1,91.9,89.9,21.29,15.92,53.92,-1.21,-1.43,0.21,95.54,91.35,87.17,17,14,1.18,41.4,11.86,8.0,8.71,2026-07-27,2026-07-27 07:56:45
6525,捷敏-KY,142.0,142.0,144.0,137.5,8.12,14.46,13.76,-0.24,7.42,-7.66,222.49,174.62,126.76,1968,3021,0.65,183.25,24.4,5.0,3.52,2026-07-27,2026-07-27 07:56:46
6526,達發,576.0,575.0,585.0,565.0,33.43,30.62,34.62,-20.99,-14.38,-6.6,723.77,631.84,539.9,368,317,1.16,964.83,33.26,13.5,2.34,2026-07-27,2026-07-27 07:56:46
6527,明達醫,68.6,68.6,68.6,68.6,63.19,53.99,38.99,-0.09,-0.02,-0.07,70.76,68.97,67.18,2,18,0.11,17.38,12.04,2.9,4.23,2026-07-27,2026-07-27 07:56:47
6530,創威,74.5,72.5,76.9,71.2,50.79,35.48,28.93,-5.96,-6.31,0.35,91.72,78.59,65.45,914,672,1.36,25.14,38.4,2.0,2.68,2026-07-27,2026-07-27 07:56:48
6531,愛普*,773.0,823.0,826.0,773.0,38.12,42.38,40.0,-36.52,-28.94,-7.58,1025.93,901.45,776.97,4334,2716,1.6,1258.81,79.04,6.99,0.9,2026-07-27,2026-07-27 07:56:49
6532,瑞耘,68.8,68.6,68.8,67.2,30.52,26.43,21.88,-5.56,-5.08,-0.48,95.47,77.86,60.25,118,126,0.93,25.76,9.53,3.0,4.36,2026-07-27,2026-07-27 07:56:50
6533,晶心科,213.5,216.5,217.0,207.0,32.65,46.62,60.0,3.64,2.54,1.1,241.2,210.32,179.45,576,1739,0.33,108.14,30.25,,,2026-07-27,2026-07-27 07:56:51
6534,正瀚-創,92.5,93.0,93.4,92.1,41.24,46.12,57.73,0.15,0.11,0.03,94.72,92.08,89.45,84,88,0.96,93.24,20.56,4.8,5.19,2026-07-27,2026-07-27 07:56:52
6535,順藥,94.0,91.1,94.3,88.0,37.74,21.91,35.41,-4.78,-4.97,0.19,108.5,96.37,84.24,180,191,0.94,157.44,,,,2026-07-27,2026-07-27 07:56:53
6536,碩豐,18.3,18.3,18.3,18.3,7.78,14.84,22.89,-0.97,-0.97,-0.0,21.91,19.8,17.69,0,9,0.0,4.82,140.77,,,2026-07-24,2026-07-27 07:56:54
6538,倉和,126.5,132.0,134.5,126.0,19.66,34.26,50.57,4.32,6.7,-2.37,155.63,138.05,120.47,1152,1748,0.66,47.17,112.95,1.53,1.21,2026-07-27,2026-07-27 07:56:55
6539,麗彤,41.0,41.0,41.0,41.0,39.25,58.08,41.13,-0.2,-0.08,-0.12,43.28,41.89,40.5,0,1,0.01,9.98,124.24,0.6,1.46,2026-07-27,2026-07-27 07:56:56
6541,泰福-KY,39.5,39.3,40.75,38.65,41.66,38.67,40.43,-0.31,-0.19,-0.12,41.89,40.2,38.5,297,337,0.88,104.67,,,,2026-07-27,2026-07-27 07:56:57
6542,隆中,48.15,48.2,48.2,47.5,81.12,69.98,60.1,0.26,-0.2,0.46,48.87,45.84,42.8,5,6,0.73,19.74,2407.5,0.02,0.04,2026-07-27,2026-07-27 07:56:58
6543,普惠醫工,18.35,18.2,18.5,18.15,77.38,69.3,100.0,-0.33,-0.44,0.11,18.59,18.25,17.9,109,58,1.86,10.41,19.52,0.2,1.09,2026-07-27,2026-07-27 07:57:00
6546,正基,59.9,59.8,60.2,59.0,29.12,26.82,24.69,-2.79,-2.36,-0.43,72.5,64.72,56.94,213,168,1.26,40.04,22.02,2.5,4.17,2026-07-27,2026-07-27 07:57:01
6547,高端疫苗,47.35,48.0,48.35,47.2,67.1,62.12,50.48,0.17,0.1,0.07,48.61,46.76,44.9,2287,1749,1.31,155.66,32.43,,,2026-07-27,2026-07-27 07:57:02
6548,長科*,68.2,67.6,68.7,65.7,18.23,18.63,20.28,-3.52,-1.59,-1.93,96.69,79.67,62.64,3004,4314,0.7,629.51,40.36,1.8,2.64,2026-07-27,2026-07-27 07:57:03
6549,景凱,7.0,6.83,7.14,6.78,51.15,41.92,50.77,-0.13,-0.16,0.02,7.3,7.05,6.81,100,98,1.02,5.61,,,,2026-07-27,2026-07-27 07:57:04
6550,北極星藥業-KY,11.9,12.15,12.15,11.9,9.49,14.58,24.62,-0.47,-0.45,-0.03,14.05,12.78,11.51,836,1065,0.78,106.48,,,,2026-07-27,2026-07-27 07:57:05
6552,易華電,25.25,25.25,25.3,24.8,13.16,14.61,19.23,-1.44,-1.17,-0.27,32.51,28.06,23.62,140,127,1.1,20.96,4.92,0.2,0.79,2026-07-27,2026-07-27 07:57:05
6555,榮炭,16.9,16.9,16.95,16.8,42.44,36.37,39.13,-0.88,-0.94,0.07,20.6,17.97,15.33,20,91,0.23,20.15,,,,2026-07-27,2026-07-27 07:57:07
6556,勝品,66.0,65.3,66.0,65.3,47.67,31.59,32.4,-0.79,-0.66,-0.13,69.79,66.63,63.48,3,9,0.4,18.98,9.81,3.5,5.3,2026-07-27,2026-07-27 07:57:08
6558,興能高,26.8,27.0,27.0,26.5,27.82,27.37,20.54,-0.93,-0.76,-0.18,31.65,28.84,26.03,164,173,0.95,25.14,27.92,0.3,1.12,2026-07-27,2026-07-27 07:57:09
6559,研晶,15.6,15.05,15.6,14.85,43.51,42.32,26.71,-1.58,-1.55,-0.03,20.33,17.18,14.04,17,65,0.26,3.62,52.0,0.2,1.28,2026-07-27,2026-07-27 07:57:10
6560,欣普羅,32.45,32.5,33.1,32.35,23.52,22.99,20.94,-1.49,-1.13,-0.36,41.53,36.19,30.84,23,42,0.54,10.54,,,,2026-07-27,2026-07-27 07:57:11
6561,是方,322.0,322.5,323.5,320.5,66.48,59.6,41.25,-3.01,-3.49,0.48,335.34,326.39,317.44,36,27,1.32,247.81,20.52,14.3,4.44,2026-07-27,2026-07-27 07:57:12
6563,映智,28.0,28.6,28.6,26.65,48.49,44.34,55.1,0.03,-0.04,0.07,30.1,28.04,25.98,44,364,0.12,8.33,,,,2026-07-27,2026-07-27 07:57:13
6564,安特羅,16.15,16.2,16.8,16.15,59.96,69.68,45.83,-0.08,-0.11,0.02,17.07,16.43,15.79,21,65,0.32,11.65,,,,2026-07-27,2026-07-27 07:57:14
6565,物聯,17.25,16.6,17.3,16.6,38.71,37.13,29.55,-0.86,-0.86,-0.01,20.41,18.38,16.34,7,33,0.21,4.68,17.25,,,2026-07-27,2026-07-27 07:57:15
6568,宏觀,141.0,140.5,142.5,139.0,34.59,32.02,34.04,-10.59,-11.23,0.64,169.47,152.15,134.83,79,81,0.98,43.43,35.61,2.0,1.42,2026-07-27,2026-07-27 07:57:17
6569,醫揚,104.0,104.5,104.5,103.5,58.99,45.34,38.84,-0.69,-0.82,0.13,109.71,103.43,97.15,24,55,0.45,40.63,36.24,3.0,2.88,2026-07-27,2026-07-27 07:57:18
6570,維田,49.8,50.6,52.4,49.45,59.22,52.46,41.89,-0.6,-0.69,0.09,55.55,51.02,46.49,125,237,0.53,18.49,38.91,1.1,2.21,2026-07-27,2026-07-27 07:57:19
6572,博錸,7.54,7.53,7.66,7.31,36.41,49.41,55.89,0.03,0.01,0.03,8.79,7.6,6.42,61,130,0.47,7.82,,,,2026-07-27,2026-07-27 07:57:20
6573,虹揚-KY,18.3,18.85,19.0,17.7,13.89,19.73,29.48,0.02,0.99,-0.97,29.42,23.07,16.73,397,502,0.79,14.73,14.88,,,2026-07-27,2026-07-27 07:57:21
6574,霈方,124.5,126.0,127.0,122.5,30.64,43.18,54.84,2.97,3.71,-0.73,138.07,125.72,113.38,109,71,1.52,27.38,18.34,2.2,1.77,2026-07-27,2026-07-27 07:57:22
6576,逸達,81.6,81.4,81.9,80.8,66.19,59.98,35.65,0.52,0.63,-0.12,84.89,82.08,79.28,86,121,0.72,128.55,,,,2026-07-27,2026-07-27 07:57:23
6577,勁豐,89.5,96.0,96.8,86.6,71.9,61.28,69.08,2.92,1.45,1.47,89.62,78.86,68.1,2615,1060,2.47,53.75,16.04,5.0,5.59,2026-07-27,2026-07-27 07:57:24
6578,達邦蛋白,16.35,16.1,16.4,16.1,19.02,22.24,45.95,-0.08,-0.06,-0.02,16.93,16.38,15.82,90,47,1.9,11.76,,0.4,2.45,2026-07-27,2026-07-27 07:57:25
6579,研揚,169.5,178.5,181.5,165.5,67.14,58.61,44.38,3.46,2.27,1.19,183.19,164.82,146.46,1686,2156,0.78,287.22,23.25,3.75,2.21,2026-07-27,2026-07-27 07:57:26
6580,台睿,13.85,13.8,13.85,13.4,48.61,45.07,53.57,-0.16,-0.35,0.19,14.42,13.14,11.86,28,280,0.1,15.53,,,,2026-07-27,2026-07-27 07:57:27
6581,鋼聯,108.5,107.0,108.5,107.0,43.47,44.87,60.0,-0.04,-0.12,0.08,108.81,107.28,105.74,28,31,0.91,120.73,17.64,5.3,4.88,2026-07-27,2026-07-27 07:57:28
6582,申豐,32.05,33.15,33.15,31.8,41.03,40.44,38.96,0.01,0.12,-0.11,33.51,32.65,31.79,36,40,0.9,34.03,,1.0,3.12,2026-07-27,2026-07-27 07:57:29
6583,友松,11.75,11.75,11.75,11.75,41.15,38.75,15.0,-0.14,-0.13,-0.02,13.31,12.16,11.0,1,4,0.22,1.87,,2.0,17.02,2026-07-24,2026-07-27 07:57:30
6584,南俊國際,519.0,535.0,535.0,500.0,9.61,10.17,17.57,-36.66,-22.29,-14.37,779.23,635.4,491.57,330,281,1.17,366.52,97.74,1.5,0.29,2026-07-27,2026-07-27 07:57:31
6585,鼎基,121.0,121.5,122.5,119.0,44.64,48.28,49.15,0.76,1.94,-1.19,132.82,126.05,119.28,346,269,1.29,87.28,22.24,4.5,3.72,2026-07-27,2026-07-27 07:57:32
6586,醣基,133.5,118.0,133.5,117.5,62.93,55.82,61.46,7.07,8.24,-1.18,138.5,122.05,105.6,1611,915,1.76,285.7,,,,2026-07-27,2026-07-27 07:57:33
6588,東典光電,89.6,85.5,89.6,78.1,72.18,49.49,60.19,-5.93,-8.14,2.21,92.08,79.79,67.5,4473,1462,3.06,31.09,,,,2026-07-27,2026-07-27 07:57:34
6589,台康生技,47.05,46.2,47.45,45.65,38.45,26.82,38.7,-0.18,0.11,-0.29,51.78,47.69,43.6,622,434,1.43,142.51,,,,2026-07-27,2026-07-27 07:57:34
6590,普鴻,66.1,66.2,66.2,66.1,5.65,14.54,28.07,-0.24,-0.08,-0.16,68.99,66.91,64.83,4,9,0.4,16.5,12.99,2.8,4.24,2026-07-27,2026-07-27 07:57:36
6591,動力-KY,45.05,45.3,45.8,44.85,42.75,29.91,23.79,-1.73,-1.59,-0.14,53.51,47.47,41.44,124,110,1.13,18.53,9.08,4.0,8.88,2026-07-27,2026-07-27 07:57:36
6592,和潤企業,60.5,61.3,61.3,60.2,50.84,50.19,45.88,0.32,0.35,-0.03,62.15,60.29,58.42,337,339,0.99,388.32,12.45,3.0,4.96,2026-07-27,2026-07-27 07:57:37
6593,台灣銘板,33.4,33.2,33.4,33.0,20.94,25.1,44.19,-0.3,-0.28,-0.02,34.6,33.65,32.71,18,28,0.65,10.64,,0.45,1.35,2026-07-27,2026-07-27 07:57:38
6595,光禹國際,30.0,30.0,30.0,30.0,68.94,70.86,47.5,-0.22,-0.25,0.03,30.48,30.05,29.62,0,47,0.0,14.93,,0.25,0.83,2026-07-27,2026-07-27 07:57:39
6596,寬宏藝術,88.0,87.6,88.9,87.5,39.1,30.95,29.6,-1.84,-1.74,-0.09,96.0,90.47,84.93,79,85,0.93,33.44,4.68,18.7,21.25,2026-07-27,2026-07-27 07:57:40
6597,立誠,62.6,62.6,62.6,62.6,38.06,36.72,44.64,-1.99,-1.58,-0.41,70.49,64.68,58.87,1,3,0.31,18.28,25.04,1.0,1.6,2026-07-27,2026-07-27 07:57:41
6598,ABC-KY,30.0,27.7,30.45,27.7,82.77,79.95,73.9,1.31,0.77,0.54,29.81,25.04,20.26,1300,943,1.38,30.85,,,,2026-07-27,2026-07-27 07:57:42
6599,普達系統,38.0,38.0,38.1,38.0,0.46,1.2,1.43,-1.33,-1.2,-0.13,43.22,40.23,37.24,4,3,1.17,7.98,14.67,2.1,5.53,2026-07-27,2026-07-27 07:57:43
6603,富強鑫,25.9,24.6,25.9,24.5,55.47,42.93,50.67,0.17,0.23,-0.06,26.84,24.98,23.12,2845,1034,2.75,43.0,42.46,0.3,1.16,2026-07-27,2026-07-27 07:57:44
6604,儒億,33.9,34.8,34.8,33.9,39.07,39.21,28.71,-0.2,0.19,-0.4,39.28,36.19,33.1,20,40,0.51,,,1.3,3.83,2026-07-27,2026-07-27 07:57:45
6605,帝寶,132.5,131.5,133.0,130.5,68.69,68.06,56.43,0.48,-0.05,0.54,134.73,129.68,124.62,268,425,0.63,219.71,10.07,6.5,4.91,2026-07-27,2026-07-27 07:57:46
6606,建德工業,26.05,25.7,26.15,25.4,64.63,61.77,66.67,0.3,0.26,0.04,26.38,25.45,24.51,49,67,0.73,28.73,24.12,1.03,3.95,2026-07-27,2026-07-27 07:57:47
6609,瀧澤科,38.1,38.4,38.9,37.6,19.94,26.81,45.91,-0.84,-0.54,-0.3,44.96,40.59,36.21,122,170,0.72,27.61,,0.77,2.02,2026-07-27,2026-07-27 07:57:49
6610,安成生技,27.1,26.95,27.2,26.0,23.01,27.16,51.45,-0.0,0.08,-0.08,29.23,27.33,25.43,447,585,0.76,56.25,,,,2026-07-27,2026-07-27 07:57:50
6612,奈米醫材,69.6,70.7,72.1,69.4,30.3,29.68,11.48,-0.61,-0.21,-0.4,77.17,72.55,67.93,46,20,2.28,32.82,64.44,0.3,0.43,2026-07-27,2026-07-27 07:57:51
6613,朋億*,307.0,303.0,307.0,296.5,16.98,25.53,42.71,-0.95,6.04,-6.98,385.28,339.07,292.87,357,308,1.16,238.85,23.07,10.0,3.26,2026-07-27,2026-07-27 07:57:52
6614,資拓宏宇,38.55,38.1,38.55,37.9,32.86,34.38,52.23,0.03,0.04,-0.01,39.15,38.5,37.84,43,43,1.02,31.09,18.71,1.65,4.28,2026-07-27,2026-07-27 07:57:53
6615,慧智,33.6,33.5,33.6,33.5,17.63,23.5,23.2,-0.32,-0.01,-0.3,37.96,35.51,33.07,5,9,0.53,7.26,,0.3,0.89,2026-07-27,2026-07-27 07:57:54
6616,特昇-KY,8.95,8.98,8.99,8.95,45.3,55.8,53.24,-0.09,-0.1,0.01,9.24,9.02,8.8,4,9,0.51,3.18,,,,2026-07-27,2026-07-27 07:57:55
6617,共信-KY,84.1,88.9,90.2,83.1,10.48,23.31,29.37,3.79,7.36,-3.57,125.25,98.72,72.2,451,490,0.92,101.86,,,,2026-07-27,2026-07-27 07:57:56
6618,永虹先進,19.7,19.75,20.05,19.35,19.24,24.07,44.67,0.05,0.31,-0.26,23.31,21.12,18.92,269,396,0.68,20.65,,,,2026-07-27,2026-07-27 07:57:57
6620,漢達,89.0,82.9,89.9,82.9,30.59,22.17,27.8,0.09,1.74,-1.65,110.32,93.39,76.46,842,511,1.65,144.65,18.43,2.07,2.33,2026-07-27,2026-07-27 07:57:58
6621,華宇藥,11.05,11.05,11.55,11.05,32.84,35.51,44.71,-0.1,-0.08,-0.02,11.98,11.39,10.81,11,27,0.41,3.98,,,,2026-07-27,2026-07-27 07:57:59
6622,百聿數碼,6.98,6.65,6.98,6.65,49.15,48.24,47.77,-0.04,-0.05,0.02,7.21,6.99,6.77,4,5,0.68,2.39,,,,2026-07-27,2026-07-27 07:58:00
6624,萬年清,39.5,39.5,39.5,39.5,27.7,38.03,32.53,-0.72,-0.59,-0.14,46.02,41.7,37.37,1,3,0.29,8.25,109.72,0.28,0.71,2026-07-24,2026-07-27 07:58:01
6625,必應,75.0,75.2,75.9,74.8,11.09,18.63,23.46,-0.52,0.03,-0.55,81.17,77.75,74.34,57,94,0.61,43.48,8.25,5.0,6.67,2026-07-27,2026-07-27 07:58:02
6629,泰金-KY,105.5,106.0,106.0,105.5,70.68,55.79,29.41,-1.39,-1.53,0.13,109.94,107.0,104.06,4,8,0.46,40.48,17.04,6.2,5.88,2026-07-27,2026-07-27 07:58:03
6634,欣耀,60.9,61.0,62.1,59.4,21.21,24.31,43.33,-0.9,0.15,-1.05,74.07,66.36,58.65,86,76,1.13,43.41,,,,2026-07-27,2026-07-27 07:58:04
6637,醫影,62.9,63.3,63.5,62.6,34.44,33.22,52.2,-0.39,-0.35,-0.04,66.98,63.91,60.84,21,24,0.88,16.86,8.81,3.63,5.77,2026-07-27,2026-07-27 07:58:05
6638,沅聖,55.1,54.1,55.1,53.0,78.39,67.87,61.05,0.34,-0.62,0.96,54.94,49.02,43.1,11,18,0.6,16.53,,1.0,1.81,2026-07-27,2026-07-27 07:58:06
6639,源大環能,5.05,5.15,5.15,4.8,22.97,29.56,25.77,-0.33,-0.27,-0.05,6.46,5.78,5.11,101,120,0.84,2.91,,,,2026-07-27,2026-07-27 07:58:07
6640,均華,942.0,905.0,945.0,882.0,37.06,35.23,42.69,-51.21,-54.53,3.32,1156.32,1000.6,844.88,140,123,1.13,270.16,76.65,15.0,1.59,2026-07-27,2026-07-27 07:58:08
6641,基士德-KY,17.75,17.55,17.9,17.55,33.35,31.45,25.64,-0.05,-0.01,-0.04,18.86,18.08,17.3,22,40,0.55,6.48,38.59,0.4,2.25,2026-07-27,2026-07-27 07:58:09
6642,富致,75.5,76.4,77.1,74.2,42.59,35.52,39.34,-1.74,-1.21,-0.53,86.06,79.25,72.43,158,158,1.0,28.24,29.15,1.8,2.38,2026-07-27,2026-07-27 07:58:10
6643,M31,435.5,418.0,439.0,412.0,62.44,45.78,41.15,-21.61,-24.51,2.91,508.82,444.46,380.11,411,402,1.02,183.27,10887.5,1.19,0.27,2026-07-27,2026-07-27 07:58:11
6645,金萬林-創,13.5,13.85,13.95,13.5,15.4,14.07,18.42,-0.3,-0.05,-0.25,16.97,14.86,12.74,17,37,0.46,8.15,,,,2026-07-27,2026-07-27 07:58:12
6648,斯其大,15.25,15.35,15.35,14.8,63.99,45.38,43.33,-0.45,-0.5,0.05,16.63,15.44,14.25,4,21,0.19,8.01,,,,2026-07-27,2026-07-27 07:58:13
6649,台生材,37.8,36.6,38.0,35.5,33.07,34.57,48.81,-0.27,-0.07,-0.19,40.21,38.43,36.65,132,110,1.19,15.88,27.0,1.0,2.65,2026-07-24,2026-07-27 07:58:14
6650,帝圖,29.0,29.0,29.0,29.0,63.1,59.73,42.11,0.3,0.31,-0.02,30.09,29.08,28.08,0,0,0.0,9.02,27.36,1.05,3.62,2026-07-24,2026-07-27 07:58:15
6651,全宇昕,122.5,120.5,123.0,118.5,26.09,20.57,18.03,-6.51,-3.66,-2.86,175.76,140.88,105.99,142,124,1.14,42.39,19.44,4.0,3.27,2026-07-27,2026-07-27 07:58:16
6654,天正國際,172.0,177.0,177.0,171.0,21.63,25.33,19.78,0.16,3.25,-3.1,204.22,185.55,166.88,35,28,1.25,64.09,8600.0,,,2026-07-27,2026-07-27 07:58:24
6655,科定,118.0,117.0,118.0,117.0,49.23,52.73,42.86,-0.82,-0.86,0.04,122.19,118.81,115.43,4,5,0.72,92.7,30.18,6.0,5.08,2026-07-27,2026-07-27 07:58:25
6657,華安,33.05,33.55,33.8,32.9,38.42,49.24,33.58,-0.63,-0.57,-0.06,37.75,35.41,33.06,137,138,0.99,29.05,,,,2026-07-27,2026-07-27 07:58:26
6658,聯策,155.5,154.0,157.5,152.5,19.47,18.58,16.38,-10.51,-7.22,-3.29,243.42,184.28,125.13,249,463,0.54,56.56,127.46,1.2,0.77,2026-07-27,2026-07-27 07:58:27
6659,天明製藥,19.85,19.85,19.85,19.0,54.43,49.03,45.37,-0.19,-0.19,0.01,20.78,20.01,19.24,7,17,0.4,,,,,2026-07-27,2026-07-27 07:58:28
6661,威健生技,17.9,17.9,17.9,17.9,25.27,29.82,46.03,0.08,0.17,-0.09,18.63,18.04,17.45,2,5,0.41,4.17,298.33,,,2026-07-27,2026-07-27 07:58:29
6662,樂斯科,29.5,30.0,30.0,29.5,55.9,65.03,48.94,0.13,0.11,0.02,30.71,29.79,28.87,2,6,0.34,7.56,17.88,1.55,5.25,2026-07-27,2026-07-27 07:58:30
6664,群翊,371.0,352.5,374.0,352.0,36.8,35.35,50.36,-8.19,-7.54,-0.65,409.7,377.6,345.5,443,282,1.57,225.59,25.71,10.14,2.73,2026-07-27,2026-07-27 07:58:31
6665,康聯生醫,19.0,18.6,19.0,18.4,36.34,35.63,43.26,-0.25,-0.2,-0.05,21.0,19.66,18.32,62,28,2.17,8.62,100.0,0.15,0.79,2026-07-27,2026-07-27 07:58:32
6666,羅麗芬-KY,44.9,43.85,44.9,43.85,51.23,57.27,63.54,0.5,0.6,-0.1,45.43,44.26,43.08,14,22,0.63,21.28,18.55,2.0,4.45,2026-07-27,2026-07-27 07:58:33
6667,信紘科,243.0,235.0,243.0,233.0,36.15,33.54,34.0,-5.82,-4.3,-1.51,275.93,253.97,232.02,168,129,1.3,119.75,17.78,11.71,4.82,2026-07-27,2026-07-27 07:58:34
6668,中揚光,34.7,33.8,36.7,33.7,25.83,20.11,28.15,-1.47,-1.24,-0.23,40.61,36.61,32.61,905,399,2.26,37.17,70.82,,,2026-07-27,2026-07-27 07:58:35
6669,緯穎,5745.0,5700.0,5780.0,5480.0,80.86,67.84,67.63,159.84,70.81,89.03,5732.45,5107.0,4481.55,1818,2217,0.82,32029.66,21.65,144.39,2.51,2026-07-27,2026-07-27 07:58:36
6670,復盛應用,273.0,270.0,273.5,268.0,85.53,77.66,78.43,2.36,1.3,1.06,269.68,260.62,251.57,490,424,1.15,380.53,12.31,16.0,5.86,2026-07-27,2026-07-27 07:58:37
6671,三能-KY,22.4,22.35,22.45,22.2,29.85,25.03,33.62,-0.55,-0.58,0.02,23.93,23.05,22.17,14,53,0.27,13.61,9.53,1.2,5.36,2026-07-27,2026-07-27 07:58:38
6672,騰輝電子-KY,221.0,225.5,228.0,217.0,12.03,14.91,19.85,-8.23,0.42,-8.65,336.64,269.43,202.21,1742,3335,0.52,157.87,46.04,3.35,1.52,2026-07-27,2026-07-27 07:58:38
6673,和詮,13.9,13.8,14.05,13.45,26.59,27.12,34.38,-1.11,-1.04,-0.06,18.55,15.68,12.82,121,143,0.85,3.68,,,,2026-07-27,2026-07-27 07:58:40
6674,鋐寶科技,15.95,16.05,16.05,15.6,29.76,30.43,35.82,-0.37,-0.34,-0.03,17.46,16.55,15.64,13,21,0.6,10.93,,,,2026-07-27,2026-07-27 07:58:40
6676,祥翊,13.25,13.15,13.35,12.65,22.5,24.87,53.27,-0.05,-0.02,-0.03,14.33,13.26,12.19,178,314,0.57,22.48,,,,2026-07-27,2026-07-27 07:58:41
6677,瑩碩生技,16.15,16.2,16.2,16.15,10.83,14.2,32.84,-0.32,-0.24,-0.08,18.06,16.85,15.64,9,37,0.24,9.04,,,,2026-07-27,2026-07-27 07:58:42
6679,鈺太,221.0,222.5,224.0,216.5,40.82,38.08,31.82,-13.95,-13.27,-0.68,278.1,242.9,207.7,285,255,1.12,117.77,32.55,6.5,2.94,2026-07-27,2026-07-27 07:58:43
6680,鑫創電子,55.2,55.0,55.9,55.0,65.9,70.42,67.0,0.98,0.5,0.48,59.16,52.53,45.91,5,7,0.71,13.22,,3.05,5.53,2026-07-27,2026-07-27 07:58:44
6682,華旭先進,39.0,40.7,40.7,39.0,33.02,28.88,28.46,-4.85,-4.65,-0.2,55.88,45.27,34.66,233,330,0.7,59.32,,,,2026-07-27,2026-07-27 07:58:45
6683,雍智科技,1155.0,1195.0,1195.0,1080.0,15.43,14.66,21.79,-146.55,-109.85,-36.7,2018.23,1496.5,974.77,106,406,0.26,318.29,65.59,9.0,0.78,2026-07-27,2026-07-27 07:58:47
6684,安格,49.0,49.25,49.25,48.0,29.76,27.91,32.28,-1.27,-0.5,-0.76,63.02,53.71,44.4,76,162,0.47,21.83,31.21,,,2026-07-27,2026-07-27 07:58:48
6689,伊雲谷,61.1,60.9,61.1,59.8,34.16,35.3,39.66,-1.36,-1.32,-0.04,65.43,62.74,60.06,71,70,1.02,41.43,26.57,2.0,3.27,2026-07-27,2026-07-27 07:58:48
6690,安碁資訊,162.5,162.5,163.0,162.0,61.61,60.02,41.03,-0.55,-0.42,-0.13,168.74,164.25,159.76,12,32,0.39,48.75,16.03,9.0,5.54,2026-07-27,2026-07-27 07:58:49
6691,洋基工程,696.0,726.0,726.0,687.0,32.23,38.08,43.28,0.42,5.7,-5.28,775.29,728.3,681.31,695,494,1.41,839.36,25.83,16.0,2.3,2026-07-27,2026-07-27 07:58:50
6692,進能服,23.05,23.05,23.75,22.95,30.02,32.79,43.49,-0.81,-0.74,-0.07,26.52,24.41,22.3,5,10,0.51,13.36,100.22,0.2,0.87,2026-07-27,2026-07-27 07:58:51
6693,廣閎科,172.5,179.0,181.5,168.0,17.37,19.39,15.15,-6.29,1.57,-7.86,278.24,219.64,161.05,760,699,1.09,77.7,55.47,0.6,0.35,2026-07-27,2026-07-27 07:58:53
6695,芯鼎,51.0,52.1,52.6,50.2,34.77,42.02,42.02,-0.98,-0.46,-0.52,60.77,55.29,49.82,639,1390,0.46,49.2,,,,2026-07-27,2026-07-27 07:58:54
6696,仁新,701.0,703.0,726.0,677.0,67.87,73.4,66.36,75.19,72.23,2.96,841.97,615.27,388.58,966,1097,0.88,581.27,,,,2026-07-27,2026-07-27 07:58:55
6697,東捷資訊,40.4,40.55,40.6,40.0,33.43,34.0,42.22,-0.28,-0.27,-0.01,41.71,40.92,40.12,16,21,0.77,11.04,13.38,2.6,6.44,2026-07-27,2026-07-27 07:58:56
6698,旭暉應材,33.7,34.2,34.3,33.05,13.16,14.19,13.04,-1.47,-0.79,-0.68,44.21,38.34,32.47,183,179,1.02,22.17,,0.5,1.48,2026-07-27,2026-07-27 07:58:57
6703,軒郁,106.0,107.0,107.0,106.0,67.73,60.51,53.27,1.09,1.14,-0.05,109.71,105.72,101.74,14,35,0.41,38.17,11.79,8.73,8.24,2026-07-27,2026-07-27 07:58:58
6704,國璽幹細胞,20.5,20.4,20.7,19.6,70.54,58.01,55.71,-0.22,-0.32,0.1,21.24,20.02,18.79,68,109,0.63,21.72,,,,2026-07-27,2026-07-27 07:58:59
6705,振躍精密,87.1,90.0,90.0,87.1,22.1,27.27,38.25,-0.51,-0.25,-0.25,96.16,91.44,86.72,9,29,0.32,15.68,32.14,2.3,2.64,2026-07-27,2026-07-27 07:59:00
6706,惠特,107.5,105.5,109.5,104.0,21.94,20.66,25.0,-13.84,-12.8,-1.04,162.31,129.32,96.34,1617,1848,0.87,84.44,17.89,,,2026-07-27,2026-07-27 07:59:01
6707,富基電通,32.0,32.2,32.2,31.05,66.82,59.98,49.24,-0.41,-0.46,0.05,33.25,32.16,31.06,97,67,1.43,18.88,12.26,,,2026-07-27,2026-07-27 07:59:02
6708,天擎,38.15,37.5,38.15,36.7,33.93,28.4,46.45,-0.62,-0.51,-0.1,41.19,38.94,36.69,12,5,2.15,10.91,152.6,,,2026-07-27,2026-07-27 07:59:03
6709,昱厚生技,23.9,23.75,23.9,23.7,40.89,43.12,34.21,-0.24,-0.19,-0.05,25.62,24.67,23.72,22,14,1.5,16.58,,,,2026-07-27,2026-07-27 07:59:04
6712,長聖,148.0,149.5,151.5,147.5,5.56,10.22,18.28,-0.26,2.64,-2.89,181.95,159.43,136.9,336,346,0.97,141.55,31.83,3.33,2.25,2026-07-27,2026-07-27 07:59:05
6715,嘉基,398.0,415.0,418.5,388.0,55.22,50.93,38.84,-11.91,-13.92,2.01,483.04,413.11,343.17,819,1046,0.78,265.83,223.6,1.94,0.49,2026-07-27,2026-07-27 07:59:06
6716,應廣,82.4,81.1,83.0,80.8,20.73,20.77,33.63,-3.73,-2.45,-1.28,107.14,91.95,76.75,87,140,0.62,24.92,38.15,1.6,1.94,2026-07-27,2026-07-27 07:59:07
6719,力智,222.5,230.5,232.0,218.5,39.82,35.87,28.47,-6.2,-1.95,-4.25,307.02,253.86,200.71,1243,1813,0.69,234.7,31.88,4.6,2.07,2026-07-27,2026-07-27 07:59:08
6720,久昌,136.5,133.0,137.0,132.0,62.14,56.61,38.24,-2.56,-2.5,-0.06,147.65,139.88,132.1,100,37,2.67,40.51,35.45,3.5,2.56,2026-07-27,2026-07-27 07:59:09
6721,信實,52.6,52.6,53.0,52.5,16.49,13.69,14.71,-0.77,-0.65,-0.12,56.21,53.89,51.57,8,5,1.47,11.83,11.31,3.3,6.27,2026-07-27,2026-07-27 07:59:10
6722,輝創,34.15,34.4,34.4,33.7,60.8,55.66,42.31,-0.45,-0.52,0.07,35.78,34.58,33.37,20,26,0.77,30.19,11.82,2.0,5.86,2026-07-27,2026-07-27 07:59:11
6723,傑智環境,38.15,38.15,38.3,37.3,85.29,78.08,50.0,-0.17,-0.24,0.07,38.77,37.97,37.16,25,18,1.4,11.46,9.76,2.5,6.55,2026-07-27,2026-07-27 07:59:12
6725,矽科宏晟,290.0,299.5,299.5,286.0,31.61,34.32,40.87,-6.93,-4.84,-2.09,351.21,315.68,280.14,136,80,1.7,107.33,22.52,7.0,2.41,2026-07-27,2026-07-27 07:59:13
6727,亞泰金屬,381.0,372.5,382.5,370.5,35.48,25.81,32.51,-24.63,-19.11,-5.52,543.01,422.44,301.88,174,389,0.45,102.43,56.19,4.5,1.18,2026-07-27,2026-07-27 07:59:14
6728,上洋,110.0,109.5,110.0,109.5,73.54,70.67,52.63,-0.21,-0.36,0.14,110.97,109.45,107.93,9,12,0.77,33.13,11.45,6.5,5.91,2026-07-27,2026-07-27 07:59:15
6729,機光科技,48.5,46.5,48.5,46.5,29.77,33.48,33.76,-1.21,-1.04,-0.17,54.97,51.22,47.48,15,22,0.71,13.42,64.67,0.95,1.96,2026-07-27,2026-07-27 07:59:17
6730,常廣,34.05,34.5,34.95,33.65,19.81,24.12,27.48,-0.51,-0.15,-0.35,38.94,36.16,33.37,17,77,0.22,12.36,16.14,1.5,4.41,2026-07-27,2026-07-27 07:59:18
6732,昇佳電子,168.5,171.0,173.5,166.5,12.5,25.9,32.52,2.15,6.57,-4.42,220.96,191.15,161.34,310,669,0.46,82.42,27.13,5.5,3.26,2026-07-27,2026-07-27 07:59:19
6733,博晟生醫,23.95,23.9,24.05,23.8,12.35,15.71,18.67,-0.45,-0.34,-0.11,26.95,24.98,23.01,95,95,1.0,32.17,,,,2026-07-27,2026-07-27 07:59:20
6734,安盛生,6.83,6.46,6.83,6.46,45.91,45.61,50.67,-0.07,-0.07,-0.0,7.13,6.77,6.41,15,13,1.14,2.84,,,,2026-07-27,2026-07-27 07:59:22
6735,美達科技,66.0,66.5,66.5,64.2,22.84,20.96,14.84,-7.09,-6.82,-0.27,92.37,76.13,59.88,101,103,0.98,30.48,206.25,0.7,1.06,2026-07-27,2026-07-27 07:59:23
6737,秀育,30.2,30.2,30.2,29.4,90.36,78.09,54.0,-0.14,-0.26,0.12,30.82,29.96,29.11,3,6,0.47,18.14,10.34,1.6,5.3,2026-07-27,2026-07-27 07:59:24
6738,鼎��,71.2,71.9,72.2,69.0,82.62,82.32,74.6,0.76,-0.1,0.86,70.41,65.89,61.37,317,408,0.78,26.42,,,,2026-07-27,2026-07-27 07:59:25
6739,竹陞科技,1045.0,1055.0,1080.0,1025.0,41.25,51.74,39.55,-15.87,-14.84,-1.02,1302.79,1138.5,974.21,167,265,0.63,243.27,65.23,13.0,1.24,2026-07-27,2026-07-27 07:59:26
6741,91APP*-KY,55.3,55.0,55.5,54.3,17.54,18.59,29.06,-1.46,-1.14,-0.32,62.6,58.48,54.35,218,437,0.5,61.33,12.57,2.05,3.71,2026-07-27,2026-07-27 07:59:27
6742,澤米,43.25,42.05,43.9,42.05,6.51,6.01,7.65,-4.73,-3.28,-1.46,71.65,54.09,36.53,493,472,1.04,30.49,,0.3,0.69,2026-07-27,2026-07-27 07:59:28
6743,安普新,30.9,30.5,30.9,30.15,63.05,41.79,51.19,0.13,0.17,-0.05,31.87,30.62,29.38,176,169,1.04,45.58,43.52,3.0,9.71,2026-07-27,2026-07-27 07:59:28
6744,豐技生技,15.2,15.8,15.8,15.8,95.12,86.92,82.23,0.25,0.11,0.15,15.94,14.94,13.95,0,44,0.0,2.34,16.17,0.84,5.53,2026-07-24,2026-07-27 07:59:29
6748,亞果生醫,192.5,177.0,209.5,172.0,24.98,37.13,50.23,17.56,25.9,-8.34,284.61,204.88,125.14,812,1603,0.51,137.09,,,,2026-07-27,2026-07-27 07:59:30
6750,泰創工程,56.8,56.9,57.5,55.5,31.37,31.35,36.68,-1.57,-1.06,-0.51,66.07,60.74,55.41,28,65,0.44,25.39,11.38,3.5,6.16,2026-07-27,2026-07-27 07:59:31
6751,智聯服務,40.4,40.4,40.4,40.4,28.24,23.62,30.14,-1.22,-1.18,-0.04,45.64,42.17,38.69,13,7,1.7,8.97,7.8,3.0,7.43,2026-07-27,2026-07-27 07:59:32
6752,叡揚,98.8,99.9,99.9,98.0,38.55,41.98,47.58,-0.46,-0.44,-0.02,102.88,99.87,96.86,7,6,1.18,36.7,13.44,4.5,4.55,2026-07-27,2026-07-27 07:59:34
6753,龍德造船,138.0,139.5,139.5,132.5,20.96,26.07,44.16,2.13,4.13,-1.99,161.45,146.68,131.9,1505,4134,0.36,161.81,24.08,1.25,0.91,2026-07-27,2026-07-27 07:59:35
6754,匯僑設計,42.25,42.05,42.55,41.8,36.07,36.49,52.53,0.15,0.14,0.01,43.23,42.08,40.94,19,18,1.02,27.88,12.43,3.5,8.28,2026-07-27,2026-07-27 07:59:35
6755,連鋐科技,14.4,14.45,14.45,13.85,25.76,17.61,27.93,-0.85,-0.83,-0.02,17.26,15.21,13.16,3,48,0.06,5.73,,,,2026-07-27,2026-07-27 07:59:36
6756,威鋒電子,95.0,96.1,97.0,93.6,53.05,46.98,45.89,-0.91,-0.61,-0.3,103.73,97.59,91.45,117,112,1.04,66.49,86.36,0.9,0.95,2026-07-27,2026-07-27 07:59:37
6757,台灣虎航,55.5,54.9,55.9,54.7,24.8,25.35,33.57,-0.66,-0.08,-0.58,62.74,58.42,54.11,1643,1805,0.91,255.04,8.94,2.42,4.36,2026-07-27,2026-07-27 07:59:38
6758,冠亞,29.25,29.25,29.25,29.25,34.15,37.53,0.0,-0.33,-0.34,0.02,30.42,29.66,28.9,0,0,0.0,3.94,26.35,1.0,3.42,2026-07-24,2026-07-27 07:59:39
6761,穩得,151.5,154.0,154.5,148.5,25.01,23.16,19.47,-11.98,-10.2,-1.78,207.73,173.3,138.87,101,167,0.61,52.69,21.19,6.0,3.96,2026-07-27,2026-07-27 07:59:40
6762,達亞,179.0,174.0,179.0,174.0,79.42,71.32,71.4,2.13,1.15,0.98,180.16,167.66,155.17,3,5,0.66,66.11,275.38,0.5,0.28,2026-07-27,2026-07-27 07:59:41
6763,綠界科技*,42.55,42.7,42.7,42.3,47.19,38.11,38.31,-0.56,-0.48,-0.07,45.51,43.53,41.55,84,148,0.57,78.31,10.13,3.0,7.05,2026-07-27,2026-07-27 07:59:42
6767,台微醫,24.8,24.9,24.9,24.25,34.02,26.26,6.06,-0.22,-0.09,-0.13,27.67,25.71,23.74,9,9,0.98,9.72,,,,2026-07-27,2026-07-27 07:59:43
6768,志強-KY,72.0,69.9,72.9,69.1,41.16,28.12,50.98,-2.32,-2.66,0.35,74.41,71.35,68.3,471,420,1.12,144.07,10.86,5.16,7.17,2026-07-27,2026-07-27 07:59:44
6770,力積電,61.9,61.6,62.1,59.0,17.14,24.4,38.55,-2.5,-1.31,-1.19,80.1,70.17,60.24,104504,133390,0.78,2641.5,36.85,,,2026-07-27,2026-07-27 07:59:45
6771,平和環保-創,38.5,38.5,38.6,38.45,25.01,21.35,32.43,-0.16,-0.09,-0.07,40.1,39.03,37.96,39,33,1.19,12.0,11.67,3.2,8.31,2026-07-27,2026-07-27 07:59:46
6775,穎台科技,28.35,28.5,28.6,28.2,45.72,37.62,28.0,-3.44,-3.33,-0.11,42.66,33.31,23.96,63,212,0.3,28.45,,,,2026-07-27,2026-07-27 07:59:47
6776,展碁國際,54.0,54.2,54.5,53.7,55.03,53.52,40.26,-0.26,-0.23,-0.03,56.14,54.67,53.2,131,168,0.78,49.45,13.01,3.0,5.56,2026-07-27,2026-07-27 07:59:48
6780,學習王,39.9,39.9,40.05,39.9,46.13,41.67,51.28,0.03,0.02,0.01,40.69,40.08,39.46,12,19,0.62,6.49,27.9,1.3,3.26,2026-07-27,2026-07-27 07:59:49
6781,AES-KY,990.0,995.0,997.0,967.0,41.72,32.28,27.34,-43.13,-34.11,-9.02,1262.39,1080.58,898.77,406,440,0.92,845.65,25.34,19.1,1.93,2026-07-27,2026-07-27 07:59:50
6782,視陽,184.5,183.5,186.0,182.0,15.24,17.44,26.29,-1.39,-0.24,-1.15,203.73,191.38,179.04,95,249,0.38,116.23,13.2,8.4,4.55,2026-07-27,2026-07-27 07:59:51
6784,天凱科技,22.65,23.85,23.85,22.0,80.45,78.74,61.54,-0.35,-0.8,0.46,22.78,21.07,19.35,21,328,0.06,4.32,47.19,0.3,1.32,2026-07-27,2026-07-27 07:59:52
6785,昱展新藥,109.5,107.5,110.0,107.0,30.55,28.91,20.9,-3.12,-2.76,-0.36,126.35,115.5,104.65,23,33,0.7,73.15,,0.25,0.23,2026-07-27,2026-07-27 07:59:53
6786,芯測,55.6,57.1,59.0,53.2,42.06,34.38,26.61,-6.54,-6.54,0.0,81.08,64.94,48.79,96,134,0.72,17.15,,,,2026-07-27,2026-07-27 07:59:54
6787,晶瑞光,35.85,37.8,37.9,34.85,57.65,48.1,53.69,0.25,-0.18,0.44,40.97,35.18,29.38,856,2177,0.39,29.04,,,,2026-07-27,2026-07-27 07:59:55
6788,華景電,341.5,352.0,352.0,332.5,22.57,22.41,20.97,-21.91,-17.03,-4.88,464.75,390.6,316.45,277,281,0.98,132.3,19.82,15.0,4.39,2026-07-27,2026-07-27 07:59:56
6789,采鈺,461.5,465.5,474.0,452.0,35.87,37.49,42.72,-11.96,-7.67,-4.29,554.31,503.52,452.74,1090,1343,0.81,1468.95,99.25,3.0,0.65,2026-07-27,2026-07-27 07:59:57
6790,永豐實,39.0,38.75,39.0,38.7,59.4,61.75,70.15,0.34,0.34,0.01,39.24,38.4,37.55,92,150,0.62,104.18,12.91,2.65,6.79,2026-07-27,2026-07-27 07:59:58
6791,虎門科技,104.5,106.0,106.0,102.5,53.97,41.84,31.11,-1.23,-1.29,0.06,114.55,106.53,98.5,27,30,0.89,21.79,25.12,3.5,3.35,2026-07-27,2026-07-27 07:59:59
6792,詠業,52.0,52.1,52.6,52.0,15.37,16.23,18.24,-3.11,-2.44,-0.66,68.81,58.91,49.01,50,48,1.04,24.38,23.53,2.5,4.81,2026-07-27,2026-07-27 07:59:59
6793,天力離岸,6.15,6.0,6.21,5.52,52.05,50.92,68.28,0.18,0.17,0.01,6.82,5.79,4.76,238,193,1.23,4.65,,,,2026-07-27,2026-07-27 08:00:01
6794,向榮生技,77.5,78.6,78.6,76.7,23.35,21.51,16.52,-0.79,-0.55,-0.24,84.25,79.52,74.78,15,30,0.51,49.32,,,,2026-07-27,2026-07-27 08:00:02
6796,晉弘,58.2,57.5,59.0,57.5,50.33,49.88,51.95,-0.26,-0.48,0.22,60.27,58.31,56.35,19,36,0.52,23.42,291.0,0.25,0.43,2026-07-27,2026-07-27 08:00:02
6797,圓點奈米,13.15,13.15,13.65,13.0,43.75,45.04,32.2,-0.21,-0.17,-0.04,14.37,13.5,12.63,19,34,0.55,3.95,,,,2026-07-27,2026-07-27 08:00:03
6798,展逸,56.3,56.3,56.3,56.3,35.89,42.74,69.17,1.57,1.67,-0.11,59.26,54.46,49.65,0,1,0.0,11.02,73.12,1.0,1.78,2026-07-27,2026-07-27 08:00:04
6799,來頡,81.8,82.2,82.2,80.2,22.29,20.04,16.11,-4.36,-2.89,-1.47,111.29,93.17,75.05,184,231,0.8,35.48,22.53,1.99,2.43,2026-07-27,2026-07-27 08:00:05
6803,崑鼎,273.5,273.5,274.0,271.5,72.07,53.59,44.19,-0.25,-0.27,0.02,278.89,273.1,267.3,30,46,0.66,199.09,14.86,15.78,5.77,2026-07-27,2026-07-27 08:00:06
6804,明係,18.9,18.25,18.9,18.25,78.46,66.42,83.91,0.5,0.26,0.24,17.89,16.27,14.65,488,234,2.08,8.98,,0.5,2.65,2026-07-27,2026-07-27 08:00:07
6805,富世達,1455.0,1410.0,1455.0,1360.0,70.36,54.54,47.77,-83.42,-98.99,15.57,1706.77,1468.75,1230.73,566,871,0.65,997.46,37.12,8.0,0.55,2026-07-27,2026-07-27 08:00:08
6807,峰源-KY,33.85,34.1,34.15,33.5,79.83,80.78,56.41,0.09,0.01,0.08,34.26,33.61,32.95,8,5,1.54,18.28,7.26,2.5,7.39,2026-07-27,2026-07-27 08:00:09
6808,三鼎生技,40.15,40.0,40.15,38.85,67.26,73.2,73.04,2.72,2.74,-0.02,43.36,37.49,31.63,255,334,0.76,30.91,47.8,0.13,0.32,2026-07-27,2026-07-27 08:00:10
6810,新穎生醫,22.6,23.0,23.0,22.0,19.48,28.57,54.98,-0.68,-0.75,0.07,26.63,22.94,19.26,37,36,1.02,11.18,,,,2026-07-27,2026-07-27 08:00:11
6811,宏碁資訊,232.5,238.0,238.0,229.0,60.25,65.28,58.28,6.36,5.36,1.0,247.27,226.55,205.83,260,292,0.89,96.37,16.36,10.5,4.52,2026-07-27,2026-07-27 08:00:12
6812,梭特,57.8,60.1,60.2,57.8,16.9,23.34,17.72,-3.18,-2.5,-0.68,73.94,65.28,56.62,13,38,0.36,17.69,180.62,,,2026-07-27,2026-07-27 08:00:13
6814,路迦生醫,24.6,24.6,24.6,24.6,58.65,59.02,45.83,-0.1,-0.04,-0.06,25.95,24.81,23.68,0,6,0.0,10.3,,,,2026-07-27,2026-07-27 08:00:14
6815,晶鑽生醫,27.9,27.85,27.95,27.0,27.98,37.76,56.52,-0.4,-0.54,0.14,29.84,27.84,25.83,4,19,0.22,11.02,,0.2,0.72,2026-07-27,2026-07-27 08:00:15
6816,捷智商訊,37.5,37.5,37.5,37.5,47.32,51.02,42.63,-0.05,0.06,-0.11,40.51,37.76,35.0,0,0,0.01,4.57,14.88,2.3,6.13,2026-07-27,2026-07-27 08:00:17
6817,溫士頓,55.9,55.9,55.9,53.3,32.36,37.75,26.14,-0.79,-0.36,-0.43,61.9,59.04,56.17,2,14,0.2,10.3,8.78,5.0,8.94,2026-07-27,2026-07-27 08:00:18
6818,連騰,47.25,47.85,47.85,45.55,17.35,20.13,17.44,-3.41,-2.92,-0.48,62.08,53.36,44.65,13,36,0.36,12.05,26.4,1.0,2.12,2026-07-27,2026-07-27 08:00:19
6819,眾智,39.35,39.95,39.95,38.0,40.51,43.01,57.19,-0.29,-0.78,0.49,41.58,38.01,34.44,18,35,0.53,13.37,,,,2026-07-27,2026-07-27 08:00:20
6820,連訊,257.5,258.0,270.0,246.0,44.64,46.06,56.09,-4.45,-6.7,2.24,276.71,255.05,233.39,22,37,0.61,57.19,887.93,0.3,0.12,2026-07-27,2026-07-27 08:00:21
6821,聯寶,42.5,43.4,43.4,41.4,13.62,13.2,7.36,-5.05,-4.47,-0.58,65.49,50.84,36.2,117,154,0.76,13.02,37.95,1.09,2.56,2026-07-27,2026-07-27 08:00:22
6823,濾能,66.3,64.3,69.7,64.0,36.09,26.0,46.22,-2.06,-2.17,0.12,72.7,66.1,59.49,294,129,2.28,20.23,,,,2026-07-27,2026-07-27 08:00:23
6825,和暢科技,40.2,40.2,40.2,40.2,14.79,12.81,29.35,-1.27,-0.93,-0.34,46.48,42.6,38.72,5,11,0.42,13.53,15.06,0.15,0.37,2026-07-27,2026-07-27 08:00:24
6826,和淞,493.5,498.5,502.0,489.0,15.97,22.15,33.46,-10.99,-7.93,-3.07,560.13,523.77,487.42,88,89,0.99,422.14,18.28,14.0,2.84,2026-07-27,2026-07-27 08:00:25
6827,巨生醫,10.7,10.75,10.75,10.45,28.25,25.42,34.78,-0.45,-0.42,-0.03,12.64,11.37,10.11,37,84,0.44,8.49,,,,2026-07-27,2026-07-27 08:00:26
6829,千附精密,190.5,196.0,196.0,186.0,11.4,20.93,45.28,-4.0,0.45,-4.45,253.75,217.34,180.92,712,1020,0.7,112.72,48.23,3.5,1.84,2026-07-27,2026-07-27 08:00:27
6830,汎銓,374.5,360.0,386.0,351.5,41.84,32.5,36.51,-49.43,-55.49,6.06,485.12,402.73,320.33,1441,1651,0.87,193.92,25.56,1.0,0.27,2026-07-27,2026-07-27 08:00:28
6831,邁科,630.0,678.0,678.0,620.0,43.36,32.93,36.35,-39.61,-27.65,-11.97,976.67,742.5,508.33,391,455,0.86,426.57,127.27,3.0,0.48,2026-07-27,2026-07-27 08:00:29
6832,金鼎科,72.0,70.0,72.0,69.7,30.26,35.73,40.96,-2.41,-2.12,-0.29,83.04,76.47,69.89,12,17,0.69,19.02,22.93,1.7,2.36,2026-07-27,2026-07-27 08:00:30
6833,太康精密,23.5,22.65,23.5,22.65,63.14,59.75,55.36,-0.15,-0.28,0.13,23.78,22.97,22.16,7,24,0.28,11.93,,,,2026-07-27,2026-07-27 08:00:31
6834,天二科技,91.4,88.3,96.6,88.1,14.81,17.68,28.99,-1.7,3.17,-4.87,144.26,113.75,83.24,3524,4617,0.76,80.86,182.8,0.4,0.44,2026-07-27,2026-07-27 08:00:31
6835,圓裕,31.65,31.7,32.3,31.05,18.17,16.77,19.51,-1.1,-0.97,-0.13,36.25,33.33,30.41,85,44,1.92,20.8,33.67,1.01,3.19,2026-07-27,2026-07-27 08:00:32
6838,台新藥,24.3,24.3,24.3,23.8,56.92,43.69,49.0,-0.26,-0.34,0.08,24.95,24.0,23.05,121,100,1.21,36.69,,,,2026-07-27,2026-07-27 08:00:33
6839,開陽能源,12.15,12.1,12.2,12.0,55.07,47.39,41.03,-0.15,-0.14,-0.02,12.94,12.37,11.79,16,22,0.74,9.87,,,,2026-07-27,2026-07-27 08:00:34
6840,東研信超,62.0,61.2,62.0,60.0,35.41,26.73,37.25,-1.02,-0.88,-0.14,66.97,62.48,58.0,52,44,1.17,19.07,39.74,1.0,1.61,2026-07-27,2026-07-27 08:00:35
6841,長佳智能,57.0,57.6,57.6,56.8,6.12,10.88,3.48,-0.94,-0.13,-0.82,68.47,61.75,55.04,176,218,0.81,53.84,64.04,1.0,1.75,2026-07-27,2026-07-27 08:00:36
6842,一元素,72.3,71.7,72.9,70.3,46.81,33.21,27.11,-6.56,-6.91,0.36,95.38,79.3,63.22,33,60,0.55,16.65,19.28,2.0,2.77,2026-07-27,2026-07-27 08:00:37
6843,進典,40.0,39.55,40.0,39.5,77.14,79.37,68.58,0.16,-0.01,0.17,40.28,39.07,37.85,12,17,0.68,13.32,18.87,2.0,5.0,2026-07-27,2026-07-27 08:00:39
6844,諾貝兒,61.5,62.1,62.1,61.1,57.93,49.58,44.74,0.1,0.19,-0.09,63.13,62.0,60.88,48,40,1.2,23.02,26.17,4.0,6.5,2026-07-27,2026-07-27 08:00:40
6846,綠茵,63.8,62.9,64.3,62.7,35.49,34.89,49.54,-0.17,-0.12,-0.06,66.64,64.22,61.8,11,9,1.21,17.27,14.02,3.94,6.18,2026-07-27,2026-07-27 08:00:41
6847,普瑞博,72.5,71.4,72.5,70.6,44.66,54.27,29.21,-0.72,0.03,-0.75,82.81,77.21,71.6,21,9,2.11,10.32,,,,2026-07-27,2026-07-27 08:00:42
6848,拉法醫,19.45,20.1,20.1,19.2,40.83,38.09,26.96,0.02,0.2,-0.19,22.92,20.58,18.23,22,13,1.63,2.78,11.86,1.2,6.17,2026-07-27,2026-07-27 08:00:43
6850,光鼎生技,33.85,33.05,33.9,33.05,42.58,34.07,44.14,-0.27,-0.26,-0.01,35.54,34.13,32.73,13,5,2.41,11.2,846.25,0.3,0.89,2026-07-27,2026-07-27 08:00:45
6854,錼創科技-KY創,96.2,98.8,99.1,95.0,11.11,13.47,13.2,-8.8,-8.5,-0.29,128.5,110.17,91.85,284,251,1.13,112.62,59.02,,,2026-07-27,2026-07-27 08:00:46
6855,數泓科,114.0,114.0,114.0,114.0,22.27,27.97,24.0,-1.29,-0.48,-0.81,125.46,119.05,112.64,2,9,0.2,26.5,14.63,5.5,4.82,2026-07-24,2026-07-27 08:00:47
6856,鑫傳,45.35,45.35,45.35,45.35,79.33,76.61,62.05,0.29,-0.06,0.35,46.14,43.58,41.01,1,4,0.23,12.79,17.31,3.0,6.62,2026-07-27,2026-07-27 08:00:48
6857,宏�硒撢�,92.5,92.5,92.5,92.5,35.33,38.73,41.86,-0.62,-0.53,-0.09,95.34,93.66,91.97,0,0,1.3,14.08,,,,2026-07-27,2026-07-27 08:00:49
6858,愛比科技,21.6,21.55,21.6,21.55,28.69,31.97,39.78,-0.41,-0.34,-0.07,24.97,22.97,20.96,9,25,0.35,5.88,,,,2026-07-27,2026-07-27 08:00:50
6859,伯特光,98.9,98.0,98.9,96.2,15.33,12.89,13.79,-6.92,-5.55,-1.38,133.47,111.66,89.85,24,45,0.53,41.13,34.7,2.0,2.02,2026-07-27,2026-07-27 08:00:51
6861,睿生光電,207.0,206.0,209.0,200.0,10.53,9.57,14.74,-34.38,-30.16,-4.22,362.03,265.55,169.07,376,341,1.1,86.11,54.62,2.0,0.97,2026-07-27,2026-07-27 08:00:51
6862,三集瑞-KY,142.0,141.0,144.0,138.5,14.5,15.95,20.42,-11.85,-8.83,-3.02,206.3,169.39,132.49,164,221,0.74,71.0,17.21,5.0,3.52,2026-07-27,2026-07-27 08:00:52
6863,永道-KY,125.5,117.5,126.0,117.5,85.65,75.86,86.1,4.8,1.75,3.05,118.75,99.08,79.41,834,428,1.95,93.98,115.14,1.5,1.2,2026-07-27,2026-07-27 08:00:53
6864,元樟生技,42.05,41.85,42.1,41.0,43.21,42.79,38.39,-1.49,-1.68,0.2,44.87,42.98,41.08,14,24,0.59,15.87,,,,2026-07-27,2026-07-27 08:00:54
6865,偉康科技,25.05,25.05,25.05,25.05,17.65,16.76,14.0,-0.81,-0.71,-0.1,29.3,26.58,23.86,4,3,1.33,3.88,16.59,1.4,5.59,2026-07-27,2026-07-27 08:00:55
6867,坦德科技,25.3,25.0,25.5,24.95,23.66,39.67,46.43,-0.09,0.3,-0.39,31.32,27.57,23.83,35,20,1.72,6.2,,4.29,16.96,2026-07-27,2026-07-27 08:00:56
6868,采威國際,25.2,24.5,25.2,24.5,9.38,8.93,12.16,-1.12,-1.03,-0.09,29.51,27.01,24.52,4,3,1.47,6.31,,1.2,4.76,2026-07-24,2026-07-27 08:00:57
6869,雲豹能源,68.4,67.3,68.4,66.4,25.11,21.39,35.06,-2.42,-2.61,0.2,73.66,69.74,65.82,395,297,1.33,91.21,6.69,5.01,7.32,2026-07-27,2026-07-27 08:00:58
6870,騰雲,258.0,253.0,262.5,235.0,33.76,41.64,51.12,5.38,8.53,-3.15,296.44,268.56,240.69,129,127,1.01,66.19,39.09,3.21,1.24,2026-07-27,2026-07-27 08:00:59
6872,浩宇生醫,15.95,15.95,15.95,15.8,36.09,34.06,38.3,-0.32,-0.29,-0.03,17.22,16.42,15.62,14,21,0.66,11.28,,,,2026-07-27,2026-07-27 08:01:00
6873,泓德能源,85.3,85.8,85.9,83.5,46.13,43.58,42.86,0.09,0.14,-0.05,91.4,85.84,80.27,315,326,0.97,119.22,26.33,4.61,5.4,2026-07-27,2026-07-27 08:01:01
6874,倍力,78.8,79.0,79.0,77.9,16.78,22.21,37.9,-1.15,-0.78,-0.37,85.37,81.58,77.8,24,17,1.41,16.99,25.5,4.04,5.13,2026-07-27,2026-07-27 08:01:02
6875,國邑*,35.3,35.85,35.85,34.9,22.68,16.17,22.43,-0.42,-0.23,-0.19,39.09,36.56,34.04,24,45,0.53,45.6,,,,2026-07-27,2026-07-27 08:01:03
6876,朗齊生醫*,14.45,14.7,14.8,14.0,17.97,21.19,13.73,-0.58,-0.5,-0.07,16.94,15.76,14.58,261,207,1.26,10.22,,,,2026-07-27,2026-07-27 08:01:04
6877,鏵友益,122.5,119.0,124.0,117.0,29.88,36.36,45.0,-3.85,-3.73,-0.12,140.18,129.26,118.33,95,45,2.08,57.53,207.63,0.5,0.41,2026-07-27,2026-07-27 08:01:05
6878,歐付寶,22.0,24.95,24.95,20.8,55.15,62.42,65.4,4.06,2.76,1.3,30.39,15.01,-0.37,172,539,0.32,15.98,,,,2026-07-27,2026-07-27 08:01:06
6879,大江基因,34.0,33.0,34.0,33.0,29.93,42.15,11.54,-0.66,-0.33,-0.33,38.57,36.19,33.81,5,3,1.3,9.0,22.37,2.0,5.88,2026-07-24,2026-07-27 08:01:07
6881,潤德,204.0,204.0,204.0,204.0,28.51,18.67,22.08,-9.57,-9.3,-0.28,239.36,215.47,191.59,1,5,0.21,30.6,10.53,18.5,9.07,2026-07-27,2026-07-27 08:01:08
6882,甲尚,15.3,15.25,15.3,13.95,28.97,30.0,34.71,-0.82,-0.64,-0.18,18.79,16.89,15.0,52,40,1.3,3.55,,0.5,3.27,2026-07-27,2026-07-27 08:01:09
6883,微電能源,1.74,1.85,1.85,1.85,11.63,13.57,13.43,-2.75,-2.68,-0.06,12.42,5.44,-1.54,0,333,0.0,1.33,,,,2026-07-22,2026-07-27 08:01:10
6884,海柏特,31.0,30.7,31.0,30.7,27.36,37.6,28.24,-0.24,-0.05,-0.19,33.67,32.55,31.44,5,5,0.98,5.7,15.42,1.5,4.84,2026-07-27,2026-07-27 08:01:12
6885,全福生技,21.05,20.8,21.3,20.8,22.96,22.33,36.76,-0.36,-0.36,-0.0,22.22,21.32,20.43,195,212,0.92,28.0,,,,2026-07-27,2026-07-27 08:01:13
6886,遠東生技,46.35,47.8,47.8,46.35,66.69,72.71,51.6,-0.05,-0.02,-0.03,49.21,47.53,45.85,0,0,1.11,14.74,24.65,1.0,2.16,2026-07-27,2026-07-27 08:01:14
6887,寶綠特-KY,37.5,37.85,38.0,37.5,82.3,79.16,67.26,1.28,0.86,0.42,39.76,34.7,29.64,18,29,0.61,27.79,8.28,2.42,6.45,2026-07-27,2026-07-27 08:01:15
6890,來億-KY,175.5,175.0,183.5,172.5,27.27,18.26,27.26,-8.57,-7.33,-1.24,209.04,184.2,159.36,570,271,2.1,437.7,17.48,8.97,5.11,2026-07-27,2026-07-27 08:01:15
6891,樂迦再生,39.4,40.0,40.15,38.9,10.37,15.08,24.35,-2.4,-2.17,-0.23,48.89,43.7,38.51,247,270,0.92,79.02,,,,2026-07-27,2026-07-27 08:01:16
6892,台寶生醫,26.1,26.1,26.2,25.35,44.92,42.33,38.89,-0.16,-0.06,-0.1,27.43,26.62,25.81,16,45,0.36,24.17,,,,2026-07-27,2026-07-27 08:01:18
6894,衛司特,327.5,331.0,334.0,327.5,48.34,41.98,32.75,-9.62,-7.81,-1.82,376.98,345.32,313.67,26,25,1.05,77.95,29.99,8.5,2.6,2026-07-27,2026-07-27 08:01:19
6895,宏碩系統,121.0,120.5,121.0,118.0,17.11,16.61,20.59,-8.49,-7.96,-0.53,153.7,133.28,112.85,69,42,1.65,41.26,33.52,2.9,2.4,2026-07-27,2026-07-27 08:01:20
6898,程曦資訊,81.5,83.0,83.0,80.7,21.94,25.55,22.65,-3.27,-3.08,-0.2,94.29,86.95,79.61,26,21,1.24,23.65,13.79,5.3,6.5,2026-07-27,2026-07-27 08:01:21
6899,創為精密,50.8,53.0,53.0,50.8,33.56,28.52,23.57,-1.42,-1.31,-0.12,56.92,53.27,49.63,11,24,0.48,21.28,14.23,2.8,5.51,2026-07-27,2026-07-27 08:01:22
6901,鑽石投資,17.4,16.5,17.45,16.4,14.84,12.99,39.39,0.08,0.5,-0.42,21.06,18.64,16.23,2159,2109,1.02,148.4,,,,2026-07-27,2026-07-27 08:01:22
6902,GOGOLOOK,120.5,122.0,122.0,117.5,19.23,21.26,29.85,-3.39,-1.82,-1.56,143.12,129.28,115.43,62,94,0.66,42.81,77.24,,,2026-07-27,2026-07-27 08:01:23
6903,巨漢,343.5,356.5,357.0,337.0,24.22,31.31,41.24,-8.81,-4.88,-3.92,420.04,378.35,336.66,664,537,1.24,226.19,32.38,8.5,2.47,2026-07-27,2026-07-27 08:01:24
6904,伯鑫,125.0,125.0,125.0,125.0,94.65,93.02,67.12,1.59,1.71,-0.12,124.4,122.2,120.0,1,1,0.62,23.12,23.02,5.0,4.0,2026-07-24,2026-07-27 08:01:25
6906,現觀科,71.0,70.8,71.3,69.8,26.62,21.67,17.43,-4.06,-3.57,-0.49,91.88,77.89,63.9,30,39,0.76,22.89,37.97,1.8,2.54,2026-07-27,2026-07-27 08:01:26
6907,雅特力-KY,197.0,200.0,200.0,189.5,36.15,54.28,52.92,16.98,19.26,-2.28,255.52,193.4,131.28,476,720,0.66,,,1.0,0.51,2026-07-27,2026-07-27 08:01:27
6908,宏碁遊戲-創,35.5,35.0,35.5,35.0,28.04,30.98,35.29,-0.54,-0.43,-0.11,38.23,36.63,35.03,2,16,0.13,13.2,24.65,1.24,3.49,2026-07-27,2026-07-27 08:01:28
6909,創控,41.45,42.0,42.25,40.6,10.63,11.44,9.84,-3.09,-2.14,-0.94,62.51,49.66,36.81,348,328,1.06,27.86,41.87,1.0,2.41,2026-07-27,2026-07-27 08:01:29
6910,德鴻,24.6,24.55,24.6,24.55,6.75,9.56,24.42,-0.86,-0.73,-0.13,28.33,26.11,23.9,8,18,0.43,7.51,12.42,1.75,7.11,2026-07-27,2026-07-27 08:01:30
6911,群運,30.0,30.1,30.6,30.0,51.85,37.73,34.04,-0.41,-0.35,-0.06,32.74,30.6,28.46,13,51,0.25,6.72,24.0,2.0,6.67,2026-07-27,2026-07-27 08:01:31
6912,益鈞環科*,12.05,12.05,12.05,11.75,69.28,68.4,50.0,-0.32,-0.43,0.11,12.27,12.0,11.73,1,57,0.02,19.05,,,,2026-07-27,2026-07-27 08:01:32
6913,鴻呈,123.0,123.0,123.0,119.5,60.55,57.42,45.83,-0.52,-0.78,0.26,129.82,123.4,116.98,69,108,0.64,,14.04,2.5,2.03,2026-07-27,2026-07-27 08:01:33
6914,阜爾運通,145.0,145.0,145.5,144.5,48.57,52.75,59.09,0.54,0.47,0.07,146.44,144.22,142.01,41,35,1.18,96.03,15.14,6.0,4.14,2026-07-27,2026-07-27 08:01:34
6915,美強光,41.9,41.95,41.95,39.9,17.8,23.53,45.89,-3.21,-3.33,0.11,51.71,45.57,39.43,5,12,0.42,14.79,,,,2026-07-27,2026-07-27 08:01:35
6916,華凌,18.95,19.95,19.95,18.9,19.94,24.95,33.33,-0.17,-0.04,-0.14,21.09,20.04,19.0,76,40,1.89,12.79,,0.28,1.48,2026-07-27,2026-07-27 08:01:36
6917,竟天,32.55,32.4,32.75,31.8,31.26,41.87,57.04,0.27,0.21,0.06,35.68,32.16,28.65,121,195,0.62,17.99,,,,2026-07-27,2026-07-27 08:01:37
6918,愛派司,72.1,72.4,72.8,72.0,32.4,31.99,28.85,-0.33,-0.23,-0.09,75.14,73.17,71.19,11,14,0.75,24.57,14.0,5.0,6.93,2026-07-27,2026-07-27 08:01:38
6919,康霈*,102.0,98.7,103.0,98.3,18.04,25.33,40.1,0.24,1.19,-0.95,113.29,104.08,94.87,3006,3548,0.85,1587.52,18.99,,,2026-07-27,2026-07-27 08:01:39
6920,恆勁科技,70.3,73.1,74.3,69.5,14.86,20.95,22.27,-8.02,-6.17,-1.85,110.39,89.27,68.15,1407,1295,1.09,145.67,,,,2026-07-27,2026-07-27 08:01:40
6921,嘉雨思-創,64.4,64.9,67.5,64.4,51.1,47.78,38.71,-2.06,-2.13,0.07,70.68,66.53,62.38,21,13,1.52,20.5,184.0,,,2026-07-27,2026-07-27 08:01:40
6922,宸曜,183.5,189.0,189.5,180.0,64.98,59.21,53.28,1.99,0.3,1.69,194.33,178.32,162.32,107,307,0.35,49.83,26.99,4.83,2.63,2026-07-27,2026-07-27 08:01:42
6923,中台,77.6,79.9,79.9,77.6,39.48,43.4,43.33,0.5,0.43,0.06,81.16,77.35,73.54,104,116,0.89,70.18,25.61,3.03,3.9,2026-07-27,2026-07-27 08:01:42
6924,榮惠-KY創,102.0,103.5,103.5,101.5,9.04,16.36,32.99,-5.7,-4.2,-1.5,133.83,115.34,96.84,6,13,0.47,21.04,18.05,5.0,4.9,2026-07-27,2026-07-27 08:01:43
6925,意藍,54.6,53.6,54.6,53.1,42.32,38.13,33.85,-1.92,-1.78,-0.14,62.68,57.79,52.89,6,25,0.25,10.92,17.56,2.0,3.66,2026-07-27,2026-07-27 08:01:45
6926,聖安生醫,63.0,63.0,63.0,63.0,61.93,68.68,41.54,-0.11,0.07,-0.18,65.91,64.16,62.41,0,8,0.0,31.37,,,,2026-07-27,2026-07-27 08:01:46
6927,聯合聚晶,71.5,71.8,71.8,69.7,32.64,37.41,34.76,1.3,2.19,-0.89,78.5,74.17,69.84,71,66,1.07,27.37,,0.25,0.35,2026-07-27,2026-07-27 08:01:47
6928,攸泰科技,50.5,51.6,51.6,49.55,34.13,39.69,45.05,0.83,1.27,-0.44,58.12,53.76,49.4,343,785,0.44,43.43,,0.5,0.99,2026-07-27,2026-07-27 08:01:48
6929,佑全,22.85,21.35,23.5,21.35,42.21,42.1,42.19,-0.25,-0.26,0.01,24.25,23.07,21.9,6,4,1.35,10.3,,,,2026-07-24,2026-07-27 08:01:49
6931,青松健康,39.15,38.95,39.15,38.9,25.44,24.08,41.95,-0.41,-0.46,0.05,40.38,39.5,38.61,29,31,0.94,25.9,28.17,1.08,2.76,2026-07-27,2026-07-27 08:01:50
6932,水星生醫*,5.67,5.67,5.67,5.41,59.83,57.01,28.38,-0.23,-0.23,0.0,6.27,5.91,5.56,55,88,0.63,23.65,,,,2026-07-27,2026-07-27 08:01:51
6933,AMAX-KY,161.0,167.0,167.5,160.5,58.57,66.55,59.53,3.24,2.19,1.06,178.89,156.69,134.5,252,700,0.36,68.24,32.72,2.5,1.55,2026-07-27,2026-07-27 08:01:52
6934,心誠鎂,79.6,79.0,79.9,77.7,71.31,73.99,73.57,2.26,1.98,0.28,87.27,75.43,63.6,13,16,0.81,28.63,,,,2026-07-27,2026-07-27 08:01:53
6935,王子製藥,29.7,29.7,29.7,29.65,40.49,41.15,46.89,0.01,0.09,-0.09,31.28,29.89,28.5,3,5,0.56,11.11,11.38,0.5,1.68,2026-07-27,2026-07-27 08:01:54
6936,永鴻生技,31.8,31.6,31.8,31.6,16.57,17.57,30.65,-0.26,-0.2,-0.07,33.34,32.34,31.33,17,38,0.45,23.15,17.47,1.51,4.75,2026-07-27,2026-07-27 08:01:55
6937,天虹,276.0,286.0,290.0,270.5,65.9,65.96,56.17,1.05,-2.13,3.19,297.54,271.56,245.58,483,626,0.77,186.23,84.92,1.4,0.51,2026-07-27,2026-07-27 08:01:56
6938,藍新資訊,99.2,94.8,99.3,94.7,40.49,30.05,54.07,0.45,0.56,-0.11,100.83,97.84,94.84,10,9,1.18,12.47,16.34,5.0,5.04,2026-07-27,2026-07-27 08:01:57
6939,啟弘生技,21.5,21.5,21.5,21.5,36.88,41.21,54.94,0.25,0.14,0.12,22.32,20.75,19.19,0,32,0.0,7.53,,,,2026-07-27,2026-07-27 08:01:58
6940,格斯科技*,21.75,21.55,22.3,21.25,20.55,15.07,14.68,-1.04,-0.77,-0.27,27.47,23.88,20.3,307,332,0.93,69.71,,,,2026-07-27,2026-07-27 08:01:59
6944,兆聯實業,786.0,805.0,827.0,775.0,65.05,61.96,57.29,13.7,10.22,3.49,814.22,756.22,698.21,828,1045,0.79,783.6,32.47,17.0,2.16,2026-07-27,2026-07-27 08:02:00
6945,圓祥生技,94.4,95.4,95.9,92.9,8.0,14.2,25.43,-4.79,-4.48,-0.31,118.13,103.68,89.23,192,176,1.09,92.03,,,,2026-07-27,2026-07-27 08:02:01
6946,三地能源,9.85,10.75,10.75,9.85,24.76,29.82,37.11,-0.28,-0.2,-0.08,12.14,11.04,9.93,26,34,0.76,31.89,,,,2026-07-27,2026-07-27 08:02:02
6947,台鎔科技,76.0,82.5,83.4,75.8,27.59,34.0,37.34,-2.25,-1.74,-0.5,89.4,82.41,75.41,1640,1414,1.16,71.69,108.57,0.6,0.79,2026-07-27,2026-07-27 08:02:03
6949,沛爾生醫-創,989.0,1000.0,1010.0,983.0,46.18,54.9,57.52,49.41,54.64,-5.22,1079.83,959.0,838.17,77,169,0.46,648.19,,,,2026-07-27,2026-07-27 08:02:04
6951,青新-創,71.9,71.9,72.0,71.8,32.38,45.88,63.09,0.78,0.77,0.01,74.02,71.04,68.05,23,19,1.22,33.07,15.2,3.54,4.92,2026-07-27,2026-07-27 08:02:05
6952,大武山,35.05,35.2,35.2,35.05,60.21,68.13,44.44,-0.17,-0.19,0.02,36.1,35.47,34.84,8,22,0.36,23.6,,2.0,5.71,2026-07-27,2026-07-27 08:02:06
6953,家碩,216.5,213.5,220.0,213.0,47.75,47.61,41.61,-4.68,-4.35,-0.33,245.18,227.6,210.02,25,46,0.54,64.98,27.23,6.0,2.77,2026-07-27,2026-07-27 08:02:07
6955,邦睿生技-創,115.0,115.5,115.5,115.0,76.84,58.2,38.1,-4.88,-5.98,1.1,123.62,116.42,109.23,11,4,2.36,28.52,27.91,1.5,1.3,2026-07-27,2026-07-27 08:02:08
6957,裕慶-KY,235.5,240.0,240.0,232.5,59.67,73.26,70.5,14.9,14.71,0.19,269.23,222.85,176.47,142,257,0.55,129.12,23.13,9.1,3.86,2026-07-27,2026-07-27 08:02:08
6958,日盛台駿,18.0,18.05,18.1,17.8,51.53,58.5,63.22,0.26,0.18,0.08,18.81,17.42,16.03,34,41,0.82,79.43,,0.2,1.11,2026-07-27,2026-07-27 08:02:09
6959,兆捷科技,120.0,118.0,120.5,114.5,51.86,40.59,35.0,-4.47,-4.31,-0.17,141.49,125.67,109.86,59,61,0.97,47.0,,,,2026-07-27,2026-07-27 08:02:10
6961,旅天下,52.6,52.1,52.6,52.0,27.69,26.65,25.93,-0.54,-0.46,-0.08,54.65,53.44,52.22,14,18,0.79,14.11,12.43,5.0,9.51,2026-07-27,2026-07-27 08:02:11
6962,奕力-KY,32.15,33.1,33.1,31.95,22.5,22.73,21.84,-1.32,-1.0,-0.32,40.36,35.4,30.44,1480,1365,1.08,158.31,21.72,1.0,3.11,2026-07-27,2026-07-27 08:02:12
6963,品元,26.0,25.4,26.4,25.2,76.91,69.51,50.0,-0.24,-0.42,0.18,27.33,25.47,23.61,12,8,1.41,4.15,,,,2026-07-27,2026-07-27 08:02:13
6965,中傑-KY,78.5,77.8,78.5,77.8,51.55,59.73,45.35,0.22,0.45,-0.23,80.78,78.73,76.68,16,26,0.61,122.74,22.43,5.0,6.37,2026-07-27,2026-07-27 08:02:14
6967,汎瑋材料,70.4,71.4,71.4,69.6,42.64,55.47,50.0,0.44,0.53,-0.1,77.82,72.68,67.54,76,140,0.54,17.88,18.29,3.55,5.04,2026-07-27,2026-07-27 08:02:15
6968,萬達寵物,43.8,44.4,44.4,43.5,65.07,63.36,54.32,0.23,0.11,0.11,44.76,43.27,41.78,41,58,0.71,21.66,17.8,1.0,2.28,2026-07-27,2026-07-27 08:02:16
6969,成信實業*-創,34.7,39.75,39.8,34.7,82.12,77.69,68.03,2.09,0.75,1.33,35.94,27.42,18.91,990,930,1.06,15.22,,,,2026-07-27,2026-07-27 08:02:17
6971,惠民實業,26.75,26.55,26.8,26.55,17.4,22.08,48.15,-0.18,-0.12,-0.06,28.11,27.29,26.47,22,33,0.66,10.34,11.1,,,2026-07-27,2026-07-27 08:02:18
6972,博瑞達應材,24.2,24.2,24.2,24.2,49.14,40.73,34.82,-0.18,-0.09,-0.09,26.45,24.42,22.38,0,4,0.0,,,,,2026-07-27,2026-07-27 08:02:19
6973,永立榮,37.0,36.35,37.0,36.35,76.7,69.33,71.59,0.81,0.36,0.45,37.29,34.03,30.77,13,79,0.17,14.26,,,,2026-07-27,2026-07-27 08:02:20
6976,育世博-KY,12.45,12.85,12.85,12.45,27.01,33.37,14.81,-0.07,0.02,-0.09,13.58,13.04,12.51,97,363,0.27,72.54,,,,2026-07-27,2026-07-27 08:02:21
6977,聯純,197.5,206.0,206.0,193.5,29.62,23.39,23.29,-21.14,-20.13,-1.01,283.02,227.75,172.48,23,19,1.18,26.87,12.19,2.0,1.01,2026-07-27,2026-07-27 08:02:22
6979,勝釩,149.0,149.5,150.0,144.0,40.28,34.78,17.05,-10.56,-10.03,-0.53,188.97,164.78,140.58,2,4,0.55,17.88,25.25,,,2026-07-27,2026-07-27 08:02:23
6980,鐳洋科技,114.0,113.0,114.5,110.5,24.56,22.85,19.75,-9.22,-8.56,-0.67,149.47,128.38,107.28,27,34,0.8,33.24,112.87,,,2026-07-27,2026-07-27 08:02:24
6982,大井泵浦,49.0,49.6,49.85,48.05,28.28,26.38,20.91,-1.4,-1.22,-0.18,55.31,51.73,48.16,48,27,1.77,20.0,816.67,1.6,3.27,2026-07-27,2026-07-27 08:02:25
6983,華洋精機,322.0,311.0,332.5,311.0,26.38,28.25,32.88,-11.2,-9.55,-1.65,375.62,345.3,314.98,14,21,0.68,58.02,72.52,3.0,0.93,2026-07-27,2026-07-27 08:02:27
6984,ACPAY,16.9,16.9,16.9,16.9,46.59,62.88,51.61,-0.37,-0.33,-0.04,19.23,17.75,16.26,0,1,0.0,3.25,,,,2026-07-24,2026-07-27 08:02:28
6986,和迅,45.3,44.85,45.8,44.2,31.11,20.52,20.28,-2.66,-2.97,0.31,50.44,46.55,42.66,104,64,1.63,23.62,18.64,0.19,0.42,2026-07-27,2026-07-27 08:02:29
6987,寶晶能源*,19.3,19.3,19.4,19.1,71.63,73.52,60.57,0.05,0.01,0.04,19.54,19.09,18.64,45,43,1.04,43.08,18.56,0.9,4.66,2026-07-27,2026-07-27 08:02:30
6988,威力暘-創,12.85,12.65,12.85,12.6,39.42,42.27,36.73,-0.35,-0.34,-0.01,13.94,13.31,12.68,14,27,0.51,5.83,,0.45,3.5,2026-07-24,2026-07-27 08:02:31
6990,華鉬,147.5,150.0,153.5,145.0,29.43,41.37,49.02,-2.25,-0.32,-1.93,174.75,155.97,137.19,158,245,0.65,94.54,191.56,0.3,0.2,2026-07-27,2026-07-27 08:02:32
6994,富威電力,40.45,40.2,40.95,39.9,42.06,33.9,30.93,-3.16,-3.67,0.51,46.1,41.81,37.52,243,293,0.83,29.27,6.53,0.95,2.35,2026-07-27,2026-07-27 08:02:32
6995,野獸國,56.0,55.4,57.0,55.4,31.04,49.99,65.62,2.74,3.09,-0.35,63.9,55.06,46.22,7,19,0.37,15.12,66.67,0.07,0.12,2026-07-27,2026-07-27 08:02:34
6996,力領科技,177.5,176.5,178.0,176.0,48.21,33.25,28.81,-5.02,-4.0,-1.02,208.87,186.03,163.18,31,32,0.99,74.55,14.77,10.0,5.63,2026-07-27,2026-07-27 08:02:35
6997,博弘,71.2,72.1,72.1,69.0,20.42,19.04,47.46,-0.36,-0.29,-0.07,75.13,72.74,70.34,19,4,4.13,15.74,13.96,4.6,6.46,2026-07-24,2026-07-27 08:02:36
6999,瀚醫生技,29.5,30.4,30.4,29.5,45.95,44.91,42.19,-0.21,-0.18,-0.03,30.87,29.82,28.76,3,4,0.7,6.49,28.92,0.5,1.69,2026-07-24,2026-07-27 08:02:37
7402,邑錡,105.0,109.0,109.0,103.0,8.99,16.18,38.97,0.05,3.72,-3.67,147.67,124.87,102.08,505,1480,0.34,37.05,1050.0,0.5,0.48,2026-07-27,2026-07-27 08:02:38
7547,碩網,52.7,54.6,54.6,51.0,27.9,20.63,28.72,-1.95,-1.88,-0.07,60.15,55.65,51.16,9,12,0.74,17.72,20.59,1.35,2.56,2026-07-27,2026-07-27 08:02:39
7556,意德士,218.0,217.0,218.5,212.0,25.04,21.7,19.55,-12.02,-9.26,-2.76,288.44,243.98,199.51,39,29,1.32,60.42,33.96,4.04,1.85,2026-07-27,2026-07-27 08:02:40
7584,樂意,25.85,27.15,27.15,25.85,17.65,21.84,39.43,-0.55,-0.24,-0.31,32.15,28.49,24.83,2,1,1.25,4.15,,4.0,15.47,2026-07-27,2026-07-27 08:02:41
7610,聯友金屬-創,1495.0,1495.0,1495.0,1495.0,9.51,25.52,35.3,11.53,134.92,-123.39,2671.85,2087.78,1503.72,160,905,0.18,871.67,333.71,0.5,0.03,2026-07-27,2026-07-27 08:02:42
7631,聚賢研發-創,138.5,139.0,139.0,136.5,20.34,21.28,18.0,-1.0,1.08,-2.08,164.52,148.07,131.63,28,49,0.59,27.9,21.44,6.4,4.62,2026-07-27,2026-07-27 08:02:43
7642,昶瑞機電,81.8,81.0,81.8,77.2,52.83,56.51,68.75,2.71,2.8,-0.09,85.31,78.97,72.63,31,37,0.84,24.66,24.86,3.0,3.67,2026-07-27,2026-07-27 08:02:44
7703,銳澤,179.0,180.0,180.0,176.0,16.57,19.59,39.1,-4.83,-3.26,-1.57,209.61,193.82,178.04,105,60,1.74,62.19,20.6,7.0,3.91,2026-07-27,2026-07-27 08:02:45
7704,明遠精密,53.4,54.2,55.0,52.8,27.42,23.22,25.17,-2.2,-1.73,-0.47,66.3,57.87,49.43,53,27,1.92,18.03,26.05,1.8,3.37,2026-07-27,2026-07-27 08:02:46
7705,三商餐飲,30.4,30.3,30.5,30.3,20.07,25.36,43.55,0.04,0.08,-0.04,31.39,30.66,29.94,40,26,1.55,20.08,15.83,1.6,5.26,2026-07-27,2026-07-27 08:02:47
7708,全家餐飲,94.1,94.3,94.3,94.1,59.72,61.25,47.73,0.24,0.26,-0.02,94.84,94.07,93.29,13,15,0.85,24.0,14.63,5.5,5.84,2026-07-27,2026-07-27 08:02:48
7709,榮田,68.4,70.0,71.8,66.7,43.77,42.05,38.11,-6.25,-6.59,0.34,90.45,76.16,61.87,48,108,0.45,26.75,27.92,1.5,2.19,2026-07-27,2026-07-27 08:02:49
7711,永擎,302.0,291.0,302.5,290.0,47.2,44.59,44.37,-10.59,-11.4,0.82,328.81,310.7,292.59,214,142,1.51,216.39,23.93,8.99,2.98,2026-07-27,2026-07-27 08:02:49
7712,博盛半導體,141.5,142.0,142.5,136.0,18.96,16.68,11.36,-9.52,-4.87,-4.65,223.05,171.72,120.4,161,297,0.54,46.08,26.25,4.0,2.83,2026-07-27,2026-07-27 08:02:50
7713,威力德生醫,70.4,70.6,70.8,70.0,36.6,41.56,33.33,0.04,0.1,-0.06,71.02,70.59,70.16,19,13,1.41,32.02,15.58,4.1,5.82,2026-07-27,2026-07-27 08:02:51
7714,創泓科技,157.5,174.0,176.5,157.0,18.58,38.87,54.72,9.91,13.2,-3.29,213.55,172.78,132.0,376,403,0.93,33.08,25.16,5.0,3.17,2026-07-27,2026-07-27 08:02:52
7715,裕山,30.5,31.65,31.65,30.35,12.66,23.71,40.36,-0.05,0.69,-0.74,38.16,34.37,30.59,27,82,0.33,9.99,10.0,1.8,5.9,2026-07-27,2026-07-27 08:02:54
7716,昱臺國際,24.9,24.9,24.9,24.9,82.36,72.08,52.08,0.19,0.2,-0.01,25.51,24.72,23.93,1,1,0.62,5.6,11.17,1.7,6.83,2026-07-27,2026-07-27 08:02:55
7717,萊德光電-KY,438.5,434.5,446.0,420.0,30.52,33.82,50.85,-24.56,-29.95,5.39,504.63,446.06,387.5,118,228,0.52,108.65,72.24,3.29,0.75,2026-07-27,2026-07-27 08:02:56
7718,友鋮,47.5,46.75,47.65,46.75,31.91,34.26,60.58,0.06,0.07,-0.01,47.83,47.06,46.29,58,20,2.82,21.64,12.7,2.5,5.26,2026-07-27,2026-07-27 08:02:57
7721,微程式,63.1,61.8,63.4,61.5,23.53,19.42,26.17,-2.92,-2.67,-0.25,75.23,67.1,58.98,50,77,0.64,34.94,114.73,1.0,1.58,2026-07-27,2026-07-27 08:02:57
7722,LINEPAY,293.5,292.0,294.5,289.0,56.67,47.93,43.6,-0.31,0.96,-1.27,313.38,298.32,283.25,27,64,0.42,209.56,42.85,1.43,0.49,2026-07-27,2026-07-27 08:02:58
7723,築間,20.25,20.4,20.4,20.0,15.08,14.2,13.43,-0.9,-0.83,-0.07,23.97,21.67,19.37,47,46,1.02,9.64,,10.0,49.38,2026-07-27,2026-07-27 08:02:59
7728,光焱科技,614.0,609.0,614.0,592.0,28.05,31.75,43.71,-18.44,-16.61,-1.82,692.03,650.95,609.87,18,19,0.97,85.06,124.8,5.0,0.81,2026-07-27,2026-07-27 08:03:00
7730,暉盛-創,163.0,162.0,164.0,159.5,22.03,25.03,33.33,-5.22,-3.98,-1.24,196.64,178.1,159.56,75,60,1.25,59.98,95.32,1.0,0.61,2026-07-27,2026-07-27 08:03:01
7732,金興精密,36.0,35.8,36.2,35.8,75.03,72.39,59.26,0.03,0.0,0.02,36.05,35.75,35.44,31,29,1.07,22.92,20.81,1.5,4.17,2026-07-27,2026-07-27 08:03:02
7734,印能科技,3430.0,3460.0,3500.0,3140.0,81.75,71.28,72.0,36.55,-37.0,73.55,3465.9,3026.34,2586.79,299,374,0.8,951.83,102.2,19.85,0.58,2026-07-27,2026-07-27 08:03:03
7736,虎山,70.1,70.4,70.4,70.1,18.14,19.09,38.98,-0.48,-0.53,0.05,71.44,70.59,69.74,15,21,0.7,52.98,13.94,3.8,5.42,2026-07-27,2026-07-27 08:03:04
7738,東聯互動,167.5,167.0,168.5,166.0,40.86,41.76,40.54,-0.55,-0.59,0.04,173.25,168.5,163.75,13,16,0.82,45.82,11.49,4.5,2.69,2026-07-27,2026-07-27 08:03:05
7740,熙特爾-創,146.0,145.0,147.5,141.0,79.09,73.57,66.0,0.81,-1.05,1.87,146.96,134.61,122.26,116,216,0.54,87.6,33.72,2.05,1.4,2026-07-27,2026-07-27 08:03:06
7743,金利食安,21.0,21.0,21.0,21.0,50.66,43.6,54.35,0.32,0.3,0.02,21.42,20.54,19.65,3,8,0.37,7.66,36.84,1.4,6.67,2026-07-27,2026-07-27 08:03:07
7744,崴寶,408.5,418.0,418.0,401.0,16.85,21.25,22.22,-15.25,-12.03,-3.22,485.06,445.4,405.74,40,32,1.24,130.72,25.2,7.0,1.71,2026-07-27,2026-07-27 08:03:09
7747,昕奇雲端,117.0,117.0,117.0,117.0,84.05,71.43,54.16,0.48,0.29,0.18,117.42,115.04,112.66,2,3,0.55,35.3,31.88,3.0,2.56,2026-07-27,2026-07-27 08:03:10
7749,意騰-KY,357.5,355.0,357.5,348.5,21.06,21.25,28.95,-23.9,-23.05,-0.85,436.91,387.61,338.31,90,99,0.91,166.19,29.57,9.0,2.52,2026-07-27,2026-07-27 08:03:11
7750,新代,2060.0,2050.0,2080.0,1975.0,64.1,54.45,49.69,-40.86,-56.74,15.89,2220.21,2046.75,1873.29,123,163,0.76,1478.01,49.63,16.0,0.78,2026-07-27,2026-07-27 08:03:12
7751,竑騰,1255.0,1195.0,1255.0,1145.0,58.13,43.81,44.33,-82.38,-90.92,8.54,1524.59,1282.5,1040.41,331,208,1.59,337.45,53.47,18.0,1.43,2026-07-27,2026-07-27 08:03:13
7753,星亞,40.2,41.4,41.4,40.0,33.4,28.41,29.66,-0.58,-0.46,-0.12,44.13,41.63,39.14,24,25,0.96,10.05,9.73,1.5,3.73,2026-07-27,2026-07-27 08:03:14
7757,金色三麥,91.6,91.0,91.6,91.0,19.73,17.91,40.21,-1.78,-1.77,-0.01,96.56,93.08,89.61,5,10,0.51,22.08,10.22,7.75,8.46,2026-07-27,2026-07-27 08:03:15
7760,享溫馨,34.0,34.85,34.85,33.0,53.26,52.26,26.74,0.49,0.68,-0.19,36.67,34.92,33.17,82,52,1.58,22.47,50.75,2.0,5.88,2026-07-27,2026-07-27 08:03:16
7765,中華資安,229.0,226.5,232.0,226.5,66.25,61.8,60.0,-0.55,-1.63,1.09,229.96,223.88,217.79,49,33,1.48,93.16,20.02,9.67,4.22,2026-07-27,2026-07-27 08:03:17
7767,仁大資訊,47.5,46.0,49.9,45.6,69.12,73.78,76.04,1.68,1.36,0.32,49.29,43.22,37.14,61,48,1.26,14.3,11.45,3.0,6.32,2026-07-27,2026-07-27 08:03:18
7768,頌勝科技,275.0,275.0,276.5,269.0,15.65,19.63,17.78,-21.27,-17.34,-3.93,376.24,322.35,268.46,101,111,0.91,192.68,94.83,3.5,1.27,2026-07-27,2026-07-27 08:03:19
7769,鴻勁,6110.0,6075.0,6205.0,5860.0,40.81,44.17,48.92,-160.54,-129.97,-30.57,7138.51,6490.25,5841.99,579,513,1.13,10993.72,80.72,64.99,1.06,2026-07-27,2026-07-27 08:03:20
7770,君曜,40.9,40.45,40.9,40.45,54.97,60.19,47.4,-0.11,-0.11,0.0,42.38,40.81,39.23,2,12,0.16,12.3,13.72,2.0,4.89,2026-07-24,2026-07-27 08:03:21
7772,耀穎,93.3,91.0,93.3,88.8,20.92,18.02,7.24,-14.09,-13.89,-0.2,142.43,112.63,82.83,74,60,1.22,,,1.5,1.61,2026-07-27,2026-07-27 08:03:22
7777,能率亞洲,40.0,40.0,40.0,38.75,52.5,52.09,44.89,0.18,0.44,-0.26,43.33,40.55,37.77,1674,2360,0.71,74.64,70.18,0.03,0.07,2026-07-27,2026-07-27 08:03:23
7780,大研生醫*,17.2,17.35,17.4,17.15,15.28,18.52,26.47,-0.17,-0.09,-0.08,18.49,17.75,17.02,509,656,0.78,138.56,344.0,3.57,20.76,2026-07-27,2026-07-27 08:03:24
7782,光速火箭,26.45,26.45,26.45,26.45,43.73,38.52,47.86,-0.09,-0.04,-0.05,27.66,26.66,25.65,0,3,0.0,6.11,12.48,5.03,19.02,2026-07-24,2026-07-27 08:03:25
7786,東方風能,128.0,128.0,128.5,126.0,31.67,40.67,59.65,0.92,1.22,-0.3,135.83,128.22,120.62,233,189,1.23,224.46,11.69,5.6,4.38,2026-07-27,2026-07-27 08:03:25
7788,松川精密,207.5,207.0,213.5,204.0,14.61,25.49,40.82,-5.61,0.44,-6.06,275.39,241.29,207.19,665,1085,0.61,165.47,57.32,2.0,0.96,2026-07-27,2026-07-27 08:03:26
7791,皇家可口,61.7,61.3,62.3,61.1,33.65,44.54,34.55,-0.06,0.08,-0.14,63.72,62.53,61.33,17,23,0.72,49.36,11.02,3.81,6.18,2026-07-27,2026-07-27 08:03:27
7792,安葆,215.0,205.0,215.0,203.0,29.01,22.58,30.49,-13.86,-13.03,-0.83,267.36,231.9,196.44,235,116,2.02,100.32,24.66,8.0,3.72,2026-07-27,2026-07-27 08:03:28
7795,長廣,402.5,392.5,408.0,387.0,7.65,11.53,20.48,-15.86,8.95,-24.8,699.21,531.75,364.29,522,870,0.6,317.28,129.84,2.15,0.53,2026-07-27,2026-07-27 08:03:30
7799,禾榮科,396.0,404.0,407.5,394.5,23.67,34.0,29.77,5.51,11.01,-5.49,456.34,416.12,375.91,259,434,0.6,625.66,60.46,,,2026-07-27,2026-07-27 08:03:31
7803,雲象科技-創,20.85,21.15,21.6,20.5,19.94,23.41,30.84,-0.53,-0.35,-0.18,24.55,22.41,20.27,32,66,0.48,,,,,2026-07-27,2026-07-27 08:03:32
7805,威聯通,603.0,605.0,611.0,600.0,42.17,39.26,31.2,-22.1,-22.54,0.44,681.89,634.4,586.91,23,16,1.42,199.74,13.62,40.0,6.63,2026-07-27,2026-07-27 08:03:33
7810,捷創科技,194.5,191.0,198.5,190.5,26.35,26.56,34.62,-3.88,-4.06,0.18,209.06,200.9,192.74,42,36,1.15,39.39,31.32,5.0,2.57,2026-07-27,2026-07-27 08:03:34
7811,民盛,72.0,72.0,72.0,72.0,39.14,28.99,33.26,-0.51,-0.5,-0.01,75.16,72.7,70.25,9,6,1.5,24.03,8.91,5.67,7.88,2026-07-27,2026-07-27 08:03:35
7814,海昌生技,31.0,30.5,31.0,30.05,26.3,36.56,39.93,-1.83,-1.27,-0.56,41.69,35.97,30.26,72,206,0.35,13.95,,,,2026-07-27,2026-07-27 08:03:36
7818,溢泰實業,67.6,68.0,68.0,66.6,40.9,51.44,24.39,-0.11,-0.19,0.08,72.32,68.75,65.19,86,92,0.93,113.53,11.99,1.5,2.22,2026-07-27,2026-07-27 08:03:37
7819,精誠金融,35.6,35.5,36.7,35.5,12.12,13.24,43.91,-2.24,-2.42,0.18,41.45,37.94,34.43,21,37,0.57,8.99,12.28,1.74,4.89,2026-07-27,2026-07-27 08:03:38
7820,立盈,106.0,106.0,106.0,106.0,32.32,32.26,15.0,-3.95,-3.37,-0.58,126.11,114.65,103.19,2,10,0.22,40.03,60.92,1.5,1.42,2026-07-27,2026-07-27 08:03:39
7821,神數,41.1,40.8,41.3,40.5,43.42,39.11,52.68,-0.68,-0.82,0.14,42.33,41.08,39.83,105,115,0.92,50.11,14.32,2.0,4.87,2026-07-27,2026-07-27 08:03:40
7822,倍利科,865.0,879.0,879.0,834.0,18.91,18.5,26.22,-71.07,-62.45,-8.62,1199.26,980.65,762.04,112,125,0.9,394.1,61.92,7.0,0.81,2026-07-27,2026-07-27 08:03:40
7823,奧義賽博-KY創,81.5,82.9,82.9,81.0,21.17,28.69,53.73,-0.59,-0.63,0.05,89.37,83.14,76.91,16,12,1.29,26.75,,,,2026-07-27,2026-07-27 08:03:41
7827,漢康-KY創,141.5,136.0,142.0,132.0,19.78,22.79,31.01,-3.95,-0.19,-3.76,187.09,162.9,138.71,316,382,0.83,197.54,,,,2026-07-27,2026-07-27 08:03:42
7828,創新服務,1585.0,1720.0,1720.0,1560.0,16.75,24.44,41.44,-32.42,26.62,-59.04,2322.97,1977.75,1632.53,433,295,1.47,641.83,234.81,4.53,0.29,2026-07-27,2026-07-27 08:03:43
7839,達人網,45.6,45.3,45.6,45.0,78.05,71.18,57.78,-1.0,-1.66,0.66,47.09,44.5,41.92,7,16,0.43,6.88,17.81,2.04,4.47,2026-07-27,2026-07-27 08:03:44
7842,天能綠電,88.9,89.5,89.5,86.0,29.59,31.89,26.88,-3.68,-3.65,-0.02,100.46,94.81,89.16,18,13,1.37,16.22,22.23,3.2,3.6,2026-07-27,2026-07-27 08:03:46
7846,德揚,68.4,67.0,68.4,66.6,72.86,65.83,55.1,-0.32,-0.58,0.27,73.16,68.51,63.85,19,20,0.91,23.54,46.85,1.0,1.46,2026-07-27,2026-07-27 08:03:47
7890,明曜科技,92.1,94.5,94.5,90.1,14.29,19.13,19.11,-5.35,-3.6,-1.75,122.56,106.56,90.57,4,6,0.64,,,,,2026-07-27,2026-07-27 08:03:48
8011,台通,16.2,16.1,16.2,16.0,21.31,24.66,32.89,-0.38,-0.3,-0.08,18.31,17.1,15.89,328,751,0.44,26.88,12.46,0.7,4.32,2026-07-27,2026-07-27 08:03:49
8016,矽創,293.5,296.5,300.0,286.5,37.77,29.42,27.76,-3.99,0.97,-4.96,372.84,318.05,263.26,1098,979,1.12,345.35,20.17,11.5,3.92,2026-07-27,2026-07-27 08:03:50
8021,尖點,390.5,372.0,390.5,360.5,13.6,15.51,35.4,-31.98,-16.72,-15.26,612.7,483.2,353.69,6718,7376,0.91,566.39,144.63,1.97,0.5,2026-07-27,2026-07-27 08:03:50
8024,佑華,15.0,15.45,15.5,14.35,30.79,36.99,48.1,0.34,0.62,-0.27,17.39,15.98,14.57,48,119,0.41,6.77,,,,2026-07-27,2026-07-27 08:03:51
8027,鈦昇,193.5,198.0,198.0,185.5,22.15,28.89,41.44,-9.67,-6.01,-3.65,261.74,223.95,186.16,561,529,1.06,206.9,,,,2026-07-27,2026-07-27 08:03:52
8028,昇陽半導體,311.0,301.0,311.0,301.0,34.77,38.08,50.45,0.19,1.95,-1.76,339.83,312.88,285.92,1904,4714,0.4,565.43,74.4,2.7,0.87,2026-07-27,2026-07-27 08:03:53
8032,光菱,36.3,35.6,36.45,35.55,22.05,21.33,19.68,-1.7,-1.34,-0.36,45.13,39.71,34.28,45,37,1.2,18.81,16.73,1.2,3.31,2026-07-27,2026-07-27 08:03:54
8033,雷虎,186.0,187.0,187.0,172.5,14.48,24.91,43.67,8.71,16.96,-8.25,269.14,214.0,158.86,2095,15951,0.13,306.21,286.15,,,2026-07-27,2026-07-27 08:03:55
8034,榮群,19.95,20.0,20.15,19.6,54.99,39.54,26.03,-0.65,-0.64,-0.01,22.72,20.68,18.65,107,79,1.35,11.22,14.15,1.2,6.02,2026-07-27,2026-07-27 08:03:57
8038,長園科,36.3,36.35,36.4,34.95,20.63,19.52,31.85,-1.21,-0.82,-0.38,44.6,39.45,34.31,257,217,1.19,22.61,39.46,,,2026-07-27,2026-07-27 08:03:58
8039,台虹,216.0,235.0,244.0,216.0,76.45,86.02,70.95,23.03,16.86,6.18,252.73,180.5,108.27,42715,37367,1.14,569.53,105.88,1.99,0.92,2026-07-27,2026-07-27 08:03:59
8040,九暘,72.5,72.2,74.0,70.1,17.62,17.66,12.58,-7.13,-5.45,-1.68,111.81,87.93,64.06,513,475,1.08,69.9,,,,2026-07-27,2026-07-27 08:04:00
8042,金山電,117.5,114.0,117.5,109.5,10.14,9.38,27.04,-13.15,-6.96,-6.18,221.19,157.12,93.06,4320,4753,0.91,152.12,132.02,1.2,1.02,2026-07-27,2026-07-27 08:04:01
8043,蜜望實,143.0,138.0,146.0,134.0,33.87,26.77,25.17,-9.67,-6.07,-3.6,214.94,166.4,117.86,8290,6795,1.22,114.27,85.63,0.8,0.56,2026-07-27,2026-07-27 08:04:02
8044,網家,26.8,26.2,26.9,26.0,47.36,42.83,44.68,-0.5,-0.46,-0.04,28.33,27.12,25.91,401,332,1.21,54.37,,,,2026-07-27,2026-07-27 08:04:03
8045,達運光電,60.7,61.0,62.6,59.6,53.67,55.53,52.66,-0.08,-0.67,0.59,65.08,60.02,54.96,240,665,0.36,57.69,94.84,1.0,1.65,2026-07-27,2026-07-27 08:04:04
8046,南電,1075.0,1090.0,1110.0,1045.0,25.42,39.21,52.0,44.28,67.9,-23.61,1374.74,1187.25,999.76,12109,15021,0.81,6946.28,225.37,2.0,0.19,2026-07-27,2026-07-27 08:04:05
8047,星雲,43.0,43.85,43.9,43.0,62.07,51.46,41.28,-1.4,-1.5,0.1,48.84,44.3,39.76,27,18,1.43,17.92,,,,2026-07-27,2026-07-27 08:04:06
8048,德勝,52.4,51.5,52.4,50.9,30.33,28.92,31.02,-1.85,-1.51,-0.33,60.62,55.51,50.41,97,194,0.5,31.14,20.31,2.0,3.82,2026-07-27,2026-07-27 08:04:07
8049,晶采,25.65,26.0,26.25,25.65,33.52,35.11,32.26,-0.3,-0.22,-0.09,27.59,26.48,25.38,119,111,1.07,30.34,15.09,2.0,7.8,2026-07-27,2026-07-27 08:04:08
8050,廣積,61.3,59.6,63.0,58.2,69.3,60.08,61.99,1.81,1.47,0.34,62.93,56.56,50.2,4703,4336,1.08,122.11,43.79,2.15,3.51,2026-07-27,2026-07-27 08:04:09
8054,安國,91.8,95.6,96.2,91.0,50.29,44.19,34.03,-4.35,-3.76,-0.58,118.83,100.3,81.77,642,1558,0.41,97.1,,,,2026-07-27,2026-07-27 08:04:10
8058,耐特,90.5,91.8,92.3,89.7,11.84,19.09,18.01,-1.74,-0.97,-0.77,110.43,97.02,83.61,48,118,0.41,,,1.3,1.44,2026-07-27,2026-07-27 08:04:11
8059,凱碩,15.3,15.55,15.6,15.25,8.18,14.18,42.06,-0.54,-0.54,-0.0,17.26,16.19,15.12,111,112,1.0,29.69,,,,2026-07-27,2026-07-27 08:04:12
8064,東捷,104.5,105.0,105.5,100.0,12.26,15.67,32.89,-8.76,-5.9,-2.86,156.85,127.35,97.85,2811,2848,0.99,193.13,76.84,0.98,0.94,2026-07-27,2026-07-27 08:04:13
8066,來思達,14.8,15.35,15.35,14.8,32.46,36.46,41.67,-0.16,-0.21,0.05,15.26,14.96,14.66,18,11,1.53,5.42,,,,2026-07-27,2026-07-27 08:04:14
8067,志旭,12.9,13.0,13.2,12.9,26.4,41.8,43.9,-0.02,0.02,-0.04,14.03,13.21,12.4,4,27,0.16,2.67,,,,2026-07-27,2026-07-27 08:04:15
8068,全達,18.25,18.2,18.4,18.1,30.19,37.35,47.0,-0.25,-0.26,0.0,19.68,18.77,17.86,100,214,0.47,14.74,14.96,,,2026-07-27,2026-07-27 08:04:16
8069,元太,184.5,194.5,194.5,182.0,56.06,48.61,42.35,-2.18,-2.35,0.17,208.78,191.21,173.64,5187,7626,0.68,2126.12,20.34,5.89,3.19,2026-07-27,2026-07-27 08:04:17
8070,長華*,47.1,47.85,47.9,46.4,24.1,23.42,26.32,-1.68,-1.1,-0.58,58.22,51.55,44.89,2076,2585,0.8,331.74,44.43,2.71,5.75,2026-07-27,2026-07-27 08:04:18
8071,能率網通,22.75,23.1,23.2,22.2,5.45,7.71,6.56,-0.95,0.01,-0.96,35.36,28.16,20.95,772,963,0.8,13.67,,,,2026-07-27,2026-07-27 08:04:19
8072,陞泰,26.95,26.7,26.95,26.55,19.63,23.09,33.63,-0.36,-0.16,-0.2,29.84,28.07,26.3,93,92,1.01,21.56,24.28,1.0,3.71,2026-07-27,2026-07-27 08:04:20
8074,鉅橡,54.4,54.7,55.1,53.1,32.42,30.19,25.0,-4.26,-3.87,-0.39,72.42,61.77,51.11,388,968,0.4,47.31,41.53,1.1,2.02,2026-07-27,2026-07-27 08:04:21
8076,伍豐,23.55,23.5,23.65,23.15,44.3,35.92,33.83,-0.5,-0.36,-0.14,27.13,24.71,22.29,348,561,0.62,68.82,168.21,1.1,4.67,2026-07-27,2026-07-27 08:04:22
8077,洛碁,44.0,44.0,44.0,44.0,3.65,9.46,25.53,-1.15,-0.9,-0.25,49.42,46.08,42.73,1,0,1.76,9.66,7.3,2.0,4.55,2026-07-27,2026-07-27 08:04:23
8080,泰霖,28.0,28.0,28.0,28.0,38.63,34.24,53.49,0.01,-0.1,0.11,28.71,27.66,26.62,2,17,0.12,18.81,233.33,,,2026-07-27,2026-07-27 08:04:24
8081,致新,259.0,260.0,262.0,253.0,54.12,36.45,28.91,-8.4,-5.91,-2.49,330.38,275.74,221.1,1370,1524,0.9,221.93,14.77,16.0,6.18,2026-07-27,2026-07-27 08:04:25
8083,瑞穎,157.0,156.5,157.0,155.0,59.96,51.67,41.18,-1.5,-1.47,-0.03,164.1,158.6,153.1,74,65,1.13,55.16,14.78,8.8,5.61,2026-07-27,2026-07-27 08:04:27
8084,巨虹,43.0,43.5,43.6,42.0,21.54,26.1,24.39,-1.18,-0.68,-0.5,51.32,46.58,41.84,153,227,0.67,29.89,,,,2026-07-27,2026-07-27 08:04:28
8085,福華,12.45,11.25,12.45,11.25,55.35,36.41,60.0,-0.21,-0.29,0.07,12.59,11.71,10.83,600,323,1.85,17.43,,,,2026-07-27,2026-07-27 08:04:29
8086,宏捷科,121.5,117.0,122.0,116.5,41.56,34.0,35.35,-8.2,-7.66,-0.53,152.95,131.72,110.5,1842,1972,0.93,238.77,27.36,1.19,0.98,2026-07-27,2026-07-27 08:04:31
8087,麗升能源,28.5,28.1,28.5,28.0,36.13,25.83,29.76,-1.45,-1.31,-0.14,34.35,30.23,26.11,15,14,1.03,10.88,,1.0,3.51,2026-07-24,2026-07-27 08:04:32
8088,品安,46.6,46.55,46.95,44.85,26.2,22.44,23.35,-3.55,-2.86,-0.7,64.75,53.21,41.66,380,574,0.66,28.39,27.57,1.5,3.22,2026-07-27,2026-07-27 08:04:33
8089,康全電訊,19.05,18.45,19.15,18.3,49.35,39.9,30.11,-0.43,-0.39,-0.04,21.23,19.65,18.07,79,130,0.61,12.57,,1.25,6.56,2026-07-27,2026-07-27 08:04:34
8091,翔名,233.5,243.5,244.5,230.0,15.18,23.82,38.38,-4.57,1.61,-6.18,309.3,270.38,231.45,627,833,0.75,124.65,42.07,4.22,1.81,2026-07-27,2026-07-27 08:04:35
8093,保銳,19.95,19.95,20.2,19.85,61.91,60.01,49.56,0.29,0.29,-0.01,20.81,20.09,19.37,17,12,1.38,7.3,,,,2026-07-24,2026-07-27 08:04:37
8096,擎亞,140.0,137.0,140.0,132.0,47.01,39.06,39.57,-0.98,1.62,-2.6,175.26,150.18,125.09,418,737,0.57,209.08,157.3,0.5,0.36,2026-07-27,2026-07-27 08:04:38
8097,常珵,52.1,52.1,52.4,51.8,18.94,19.18,11.27,-1.59,-1.16,-0.42,60.76,55.46,50.17,30,33,0.89,30.64,,,,2026-07-27,2026-07-27 08:04:39
8098,慶康科技,386.0,380.5,393.5,380.5,42.47,48.91,52.75,2.04,4.24,-2.2,419.55,391.23,362.9,6,22,0.27,48.84,26.21,9.0,2.33,2026-07-27,2026-07-27 08:04:40
8099,大世科,58.0,58.6,58.6,57.2,58.82,48.36,46.96,-0.6,-0.69,0.09,60.32,58.38,56.44,20,63,0.32,58.04,23.02,2.1,3.62,2026-07-27,2026-07-27 08:04:41
8101,華冠,12.2,12.2,12.2,12.2,40.94,63.28,41.33,-0.24,-0.21,-0.03,13.92,13.16,12.41,1,4,0.2,6.03,12.98,,,2026-07-27,2026-07-27 08:04:42
8102,傑霖科技,73.5,72.4,73.7,72.0,45.81,58.24,66.83,1.15,0.91,0.24,78.22,71.44,64.66,8,13,0.64,17.17,32.96,1.9,2.59,2026-07-27,2026-07-27 08:04:43
8103,瀚荃,78.5,79.4,79.7,77.0,24.43,20.27,20.79,-5.01,-4.35,-0.65,104.5,87.55,70.59,488,448,1.09,61.57,20.13,2.8,3.57,2026-07-27,2026-07-27 08:04:44
8104,錸寶,32.8,32.9,33.45,32.5,8.2,13.36,20.65,-1.62,-0.95,-0.67,43.61,37.36,31.11,299,363,0.82,34.13,93.71,0.1,0.3,2026-07-27,2026-07-27 08:04:45
8105,凌巨,16.8,16.9,17.0,16.35,35.29,28.34,24.14,-0.99,-0.67,-0.32,23.49,19.2,14.91,2731,4073,0.67,74.18,76.36,,,2026-07-27,2026-07-27 08:04:46
8107,大億金茂,11.9,11.8,11.9,11.75,39.06,31.38,31.25,-0.11,-0.07,-0.04,13.08,12.28,11.48,21,25,0.83,8.92,,1.0,8.4,2026-07-27,2026-07-27 08:04:47
8109,博大,126.0,131.0,131.0,124.0,13.33,15.83,12.63,0.08,2.34,-2.26,160.26,137.1,113.94,304,303,1.0,102.53,20.45,4.5,3.57,2026-07-27,2026-07-27 08:04:48
8110,華東,41.4,41.05,41.6,39.3,16.72,18.37,29.61,-3.21,-2.46,-0.75,57.16,47.89,38.61,3642,3857,0.94,213.1,16.76,1.49,3.6,2026-07-27,2026-07-27 08:04:49
8111,立碁,63.3,59.9,66.6,57.9,79.29,64.0,68.39,0.17,-1.71,1.88,60.52,51.71,42.9,16853,9755,1.73,69.06,166.58,0.6,0.95,2026-07-27,2026-07-27 08:04:50
8112,至上,84.3,88.0,88.0,81.9,48.27,45.35,40.26,-0.53,-0.55,0.02,91.23,86.41,81.59,20396,20142,1.01,440.29,10.38,3.8,4.51,2026-07-27,2026-07-27 08:04:51
8114,振樺電,217.5,228.0,231.0,210.5,63.89,58.15,50.52,4.67,1.1,3.57,232.65,202.78,172.9,1959,2673,0.73,165.94,11.94,11.47,5.27,2026-07-27,2026-07-27 08:04:52
8119,公信,9.48,9.49,9.49,9.17,33.55,31.3,11.18,-0.25,-0.23,-0.02,10.72,9.82,8.91,13,64,0.2,6.03,,,,2026-07-27,2026-07-27 08:04:53
8121,越峰,31.7,31.5,31.95,30.55,9.57,10.24,16.52,-3.27,-1.99,-1.28,53.37,40.78,28.2,1142,1191,0.96,67.52,,,,2026-07-27,2026-07-27 08:04:54
8131,福懋科,64.6,63.6,64.6,60.8,20.22,26.16,33.92,-1.25,0.08,-1.33,82.2,72.34,62.48,4655,5968,0.78,285.68,47.5,1.0,1.55,2026-07-27,2026-07-27 08:04:55
8147,正淩,125.5,122.0,126.5,121.5,13.36,16.2,17.08,-6.24,-4.84,-1.4,159.94,140.29,120.64,149,209,0.71,52.25,43.58,3.0,2.39,2026-07-27,2026-07-27 08:04:56
8150,南茂,89.9,90.0,90.8,85.8,12.92,22.76,37.93,-0.86,2.29,-3.15,124.13,106.85,89.56,34485,67079,0.51,625.18,71.92,1.23,1.37,2026-07-27,2026-07-27 08:04:57
8155,博智,304.5,308.0,310.5,300.0,40.25,33.17,37.9,-18.79,-17.11,-1.68,394.38,336.32,278.26,598,1064,0.56,184.81,50.41,5.16,1.69,2026-07-27,2026-07-27 08:04:58
8162,微矽電子-創,57.5,59.0,59.6,56.7,9.19,12.68,16.04,-3.67,-1.57,-2.11,88.37,71.49,54.62,208,197,1.06,39.5,36.86,1.5,2.61,2026-07-27,2026-07-27 08:04:59
8163,達方,31.35,32.3,32.3,30.8,15.16,16.55,15.53,-2.11,-1.52,-0.59,43.97,36.42,28.87,989,866,1.14,86.53,61.47,0.5,1.59,2026-07-27,2026-07-27 08:05:00
8171,天宇,20.4,20.4,20.45,20.25,43.13,45.01,44.0,-0.38,-0.46,0.08,21.59,20.74,19.89,36,83,0.43,22.79,10.0,,,2026-07-27,2026-07-27 08:05:01
8176,智捷,9.94,9.93,9.95,9.78,39.02,34.87,36.15,-0.08,-0.05,-0.03,10.87,10.24,9.62,122,87,1.39,6.88,24.85,,,2026-07-27,2026-07-27 08:05:02
8182,加高,40.25,40.2,41.95,39.7,15.23,14.71,25.34,-2.47,-1.34,-1.13,59.71,47.36,35.02,2777,1567,1.77,43.08,91.48,0.25,0.62,2026-07-27,2026-07-27 08:05:03
8183,精星,30.25,30.65,30.75,29.95,28.56,27.85,37.26,-0.5,-0.18,-0.32,35.5,32.39,29.28,153,227,0.67,36.53,12.71,0.8,2.64,2026-07-27,2026-07-27 08:05:04
8201,無敵,12.05,12.05,12.1,12.0,11.38,12.96,30.95,-0.28,-0.23,-0.05,13.42,12.62,11.83,30,38,0.79,7.52,,,,2026-07-27,2026-07-27 08:05:05
8210,勤誠,1120.0,1120.0,1120.0,1085.0,50.55,47.74,44.55,-47.34,-47.67,0.33,1332.4,1182.75,1033.1,519,1007,0.52,1403.57,33.31,14.0,1.25,2026-07-27,2026-07-27 08:05:05
8213,志超,30.9,31.85,31.85,30.7,25.81,27.69,32.02,-1.04,-0.94,-0.09,35.66,32.92,30.17,485,527,0.92,81.68,13.73,1.14,3.69,2026-07-27,2026-07-27 08:05:06
8215,明基材,23.8,24.35,24.35,23.45,17.22,20.2,22.55,-1.25,-0.92,-0.33,31.09,26.95,22.81,676,546,1.24,76.32,13.3,0.3,1.26,2026-07-27,2026-07-27 08:05:07
8222,寶一,37.75,38.55,38.55,37.1,23.4,28.07,40.27,0.38,0.78,-0.4,43.77,40.18,36.59,806,2612,0.31,25.89,68.64,0.35,0.93,2026-07-27,2026-07-27 08:05:08
8227,巨有科技,150.5,146.0,152.0,145.5,30.3,23.07,25.45,-12.05,-9.42,-2.63,224.45,175.38,126.3,539,411,1.31,59.51,72.71,1.7,1.13,2026-07-27,2026-07-27 08:05:09
8234,新漢,63.4,65.0,65.1,63.0,43.06,34.92,41.47,-1.37,-0.84,-0.54,76.15,67.55,58.95,352,659,0.53,89.54,162.56,0.6,0.95,2026-07-27,2026-07-27 08:05:10
8240,華宏,41.3,41.3,41.3,40.4,13.86,15.4,15.16,-3.62,-3.35,-0.27,55.2,46.98,38.75,240,229,1.05,41.3,19.21,1.3,3.15,2026-07-27,2026-07-27 08:05:11
8249,菱光,43.15,43.05,43.4,42.5,10.76,13.08,21.57,-1.52,-1.21,-0.32,50.31,46.23,42.16,125,176,0.71,58.25,10.84,2.08,4.82,2026-07-27,2026-07-27 08:05:12
8255,朋程,146.5,144.5,147.0,142.0,14.11,13.88,18.97,-8.0,-4.57,-3.43,203.55,168.7,133.85,456,497,0.92,149.13,26.49,3.5,2.39,2026-07-27,2026-07-27 08:05:13
8261,富鼎,216.5,216.5,219.0,196.0,13.17,16.21,21.48,-1.48,12.87,-14.35,371.66,285.13,198.59,2888,2295,1.26,257.37,37.2,5.0,2.31,2026-07-27,2026-07-27 08:05:14
8271,宇瞻,218.0,211.0,218.0,206.0,80.83,70.18,72.41,1.39,-3.52,4.91,213.72,190.4,167.09,6344,6407,0.99,279.32,10.89,4.45,2.04,2026-07-27,2026-07-27 08:05:15
8272,全景軟體,68.4,71.2,71.2,66.6,56.1,46.51,53.26,-0.27,-0.38,0.11,69.52,67.35,65.18,10,4,2.27,12.99,14.87,2.8,4.09,2026-07-27,2026-07-27 08:05:16
8277,商丞,8.19,8.03,8.39,8.03,33.51,28.97,33.8,-0.35,-0.32,-0.03,9.65,8.54,7.44,46,117,0.4,7.5,,,,2026-07-27,2026-07-27 08:05:17
8279,生展,90.0,90.1,90.2,88.1,67.84,57.48,68.12,-0.5,-0.81,0.31,89.64,88.21,86.78,14,6,2.13,24.39,8.99,5.0,5.56,2026-07-27,2026-07-27 08:05:18
8284,三竹,62.0,62.0,62.1,61.9,28.61,41.99,73.7,0.43,0.49,-0.06,63.52,61.85,60.18,27,19,1.41,29.35,13.14,4.0,6.45,2026-07-27,2026-07-27 08:05:19
8289,泰藝,43.6,44.0,45.5,43.0,8.74,10.1,3.83,-5.1,-3.96,-1.13,69.45,53.95,38.46,991,797,1.24,29.79,1090.0,0.15,0.34,2026-07-27,2026-07-27 08:05:20
8291,尚茂,43.9,39.95,43.9,39.95,79.28,70.96,62.2,-2.4,-4.9,2.5,46.9,35.07,23.23,91,120,0.76,7.67,,,,2026-07-27,2026-07-27 08:05:22
8298,威睿,47.3,46.1,47.35,44.65,37.17,24.62,31.08,-1.47,-1.14,-0.32,55.28,48.08,40.88,24,11,2.14,12.12,19.87,2.0,4.23,2026-07-27,2026-07-27 08:05:23
8299,群聯,1820.0,1805.0,1820.0,1730.0,28.16,26.19,33.16,-133.19,-112.04,-21.15,2465.89,2068.25,1670.61,4214,3752,1.12,4023.77,45.74,35.15,1.93,2026-07-27,2026-07-27 08:05:24
8329,台視,10.5,10.55,10.6,10.5,39.25,49.66,43.48,0.05,0.06,-0.01,10.88,10.51,10.15,32,27,1.16,29.46,8.08,0.75,7.14,2026-07-27,2026-07-27 08:05:25
8341,日友,77.4,77.5,77.9,77.1,71.46,62.08,54.22,0.46,0.47,-0.01,77.61,76.41,75.21,201,192,1.04,100.62,17.35,4.0,5.17,2026-07-27,2026-07-27 08:05:26
8342,益張,89.0,89.0,89.0,89.0,23.28,43.63,37.5,0.9,1.21,-0.31,92.35,90.7,89.05,3,0,3.75,29.85,14.93,5.0,5.62,2026-07-27,2026-07-27 08:05:27
8345,超秦,51.5,51.0,51.5,51.0,50.16,40.25,35.09,0.24,0.42,-0.18,53.71,52.12,50.52,13,11,1.17,30.9,14.88,1.3,2.52,2026-07-27,2026-07-27 08:05:28
8349,恒耀,40.0,40.15,40.15,39.55,63.9,60.45,56.79,0.01,-0.08,0.09,40.45,39.77,39.1,44,66,0.67,81.57,20.83,1.54,3.85,2026-07-27,2026-07-27 08:05:29
8354,冠好,15.5,15.75,15.75,15.5,12.65,17.58,12.9,-0.24,-0.12,-0.12,17.72,16.45,15.19,62,46,1.34,12.17,110.71,0.11,0.71,2026-07-27,2026-07-27 08:05:30
8358,金居,371.0,369.0,375.0,347.0,16.05,14.78,21.82,-50.7,-39.06,-11.64,638.85,478.56,318.27,8512,9190,0.93,936.74,71.21,2.0,0.54,2026-07-27,2026-07-27 08:05:31
8359,錢櫃,59.8,61.4,61.4,59.6,50.7,46.17,37.31,-0.16,-0.09,-0.07,62.67,60.88,59.09,28,22,1.26,80.9,10.79,5.04,8.43,2026-07-27,2026-07-27 08:05:32
8367,建新國際,40.4,40.15,40.6,40.15,33.05,38.33,55.56,-0.02,-0.05,0.03,40.82,40.43,40.04,34,20,1.71,37.24,10.66,2.85,7.05,2026-07-27,2026-07-27 08:05:33
8374,羅昇,78.0,78.3,78.3,76.2,31.56,25.9,30.66,-3.54,-3.22,-0.32,94.12,83.54,72.96,141,199,0.71,87.56,,0.2,0.26,2026-07-27,2026-07-27 08:05:34
8383,千附,84.6,92.2,92.2,81.4,60.51,68.2,70.2,7.14,6.28,0.85,98.61,75.09,51.56,2204,2608,0.85,95.44,25.03,2.5,2.96,2026-07-27,2026-07-27 08:05:35
8390,金益鼎,93.1,94.1,95.0,91.7,25.17,26.21,34.89,-3.21,-3.03,-0.19,105.21,98.08,90.96,570,328,1.74,89.48,14.19,3.8,4.08,2026-07-27,2026-07-27 08:05:36
8401,白紗科,22.9,22.8,22.9,22.8,45.27,47.16,47.62,-0.03,-0.05,0.01,23.12,22.95,22.77,13,22,0.6,16.18,8.74,1.2,5.24,2026-07-27,2026-07-27 08:05:37
8403,盛弘,19.2,19.2,19.3,19.0,43.27,44.08,48.15,-0.07,-0.09,0.02,19.63,19.31,18.99,233,114,2.04,26.43,18.64,0.5,2.6,2026-07-27,2026-07-27 08:05:38
8404,百和興業-KY,16.65,16.65,16.9,16.6,34.7,33.12,51.35,0.01,0.02,-0.01,17.17,16.82,16.47,129,237,0.55,69.92,11.73,0.5,3.0,2026-07-27,2026-07-27 08:05:39
8409,商之器,19.1,19.4,19.4,19.1,48.33,41.71,48.65,-0.06,-0.06,-0.0,19.35,19.06,18.77,3,5,0.58,6.11,79.58,,,2026-07-27,2026-07-27 08:05:40
8410,森田,31.8,31.5,31.8,31.5,28.45,29.68,40.3,-0.53,-0.52,-0.01,33.69,32.44,31.19,49,28,1.71,11.64,9.81,3.0,9.43,2026-07-27,2026-07-27 08:05:41
8411,福貞-KY,13.15,13.1,13.15,12.9,94.03,89.0,78.62,0.25,0.17,0.08,13.18,12.5,11.82,72,122,0.59,28.72,23.48,0.1,0.76,2026-07-27,2026-07-27 08:05:42
8415,大國鋼,38.2,38.35,38.7,37.95,86.84,85.33,79.82,1.04,0.77,0.26,38.48,35.64,32.81,892,825,1.08,383.14,11.44,1.5,3.93,2026-07-27,2026-07-27 08:05:43
8416,實威,168.0,168.5,168.5,168.0,38.03,38.77,43.75,-0.61,-0.38,-0.23,172.83,169.53,166.22,5,2,2.08,47.39,12.5,8.5,5.06,2026-07-27,2026-07-27 08:05:44
8421,旭源,14.7,15.15,15.15,13.95,29.61,38.04,52.28,0.45,0.52,-0.06,17.1,14.65,12.2,252,380,0.66,7.87,,,,2026-07-27,2026-07-27 08:05:45
8422,可寧衛*,25.7,26.25,26.25,25.4,34.63,34.51,31.58,-0.34,-0.22,-0.12,28.5,26.79,25.08,6639,4915,1.35,292.16,26.77,1.2,4.67,2026-07-27,2026-07-27 08:05:46
8423,保綠-KY,17.5,17.55,17.6,17.5,13.33,18.44,46.34,-0.01,-0.01,-0.0,18.03,17.72,17.41,23,15,1.5,7.3,23.97,0.6,3.43,2026-07-27,2026-07-27 08:05:47
8424,惠普,68.7,68.7,68.7,68.7,54.47,48.42,43.75,-0.04,-0.01,-0.03,69.16,68.79,68.41,17,11,1.45,24.77,11.89,5.0,7.28,2026-07-27,2026-07-27 08:05:48
8426,紅木-KY,20.9,20.55,21.0,20.35,64.51,58.89,66.67,0.08,-0.07,0.15,20.78,19.96,19.14,56,42,1.34,10.5,11.3,0.8,3.83,2026-07-27,2026-07-27 08:05:49
8429,金麗-KY,6.11,6.07,6.14,6.06,20.77,22.08,31.67,-0.08,-0.07,-0.01,6.45,6.22,6.0,84,128,0.66,11.35,50.92,,,2026-07-27,2026-07-27 08:05:50
8431,匯鑽科,49.4,48.75,51.0,48.0,69.28,57.19,45.07,-1.37,-1.69,0.32,54.28,49.67,45.05,515,409,1.26,24.1,,0.09,0.18,2026-07-27,2026-07-27 08:05:51
8432,東生華,50.3,50.3,50.5,50.1,50.12,42.5,52.5,0.05,0.12,-0.07,51.98,50.68,49.39,10,19,0.54,19.31,13.9,2.61,5.19,2026-07-27,2026-07-27 08:05:53
8433,弘帆,54.0,53.7,54.2,53.7,27.3,31.03,57.47,0.28,0.29,-0.0,55.77,53.66,51.56,22,11,1.86,29.43,17.7,4.2,7.78,2026-07-27,2026-07-27 08:05:54
8435,鉅邁,52.7,52.6,52.8,52.6,35.75,33.35,48.39,-0.08,-0.06,-0.02,53.51,52.88,52.26,11,11,1.03,18.55,13.51,3.2,6.07,2026-07-27,2026-07-27 08:05:55
8436,大江,115.5,117.0,117.0,115.0,65.99,61.83,56.1,-0.34,-0.76,0.42,117.33,114.42,111.52,345,473,0.73,127.26,12.41,6.0,5.19,2026-07-27,2026-07-27 08:05:56
8437,大地-KY,9.87,9.88,9.98,9.7,32.57,30.2,34.44,-0.17,-0.21,0.04,10.16,9.97,9.78,21,18,1.19,4.64,1.08,1.02,10.33,2026-07-27,2026-07-27 08:05:57
8438,昶昕,65.0,66.4,66.4,63.4,3.37,4.56,1.58,-6.51,-3.55,-2.96,112.01,85.7,59.39,385,341,1.13,45.46,31.1,1.3,2.0,2026-07-27,2026-07-27 08:05:58
8440,綠電,19.95,19.85,19.95,19.6,21.43,20.82,13.51,-0.52,-0.44,-0.08,22.18,20.87,19.55,136,95,1.43,10.03,64.35,0.2,1.0,2026-07-27,2026-07-27 08:05:59
8442,威宏-KY,45.9,46.3,46.3,45.45,74.38,65.01,67.58,0.98,0.89,0.1,47.89,44.43,40.98,45,59,0.76,32.21,11.42,3.0,6.54,2026-07-27,2026-07-27 08:06:00
8443,阿瘦,11.45,11.4,11.5,11.4,74.83,70.89,44.44,-0.01,-0.01,0.0,11.52,11.42,11.31,19,14,1.33,7.65,,0.2,1.75,2026-07-27,2026-07-27 08:06:00
8444,綠河-KY,5.07,5.07,5.07,5.07,38.8,61.85,47.9,-0.05,-0.01,-0.05,6.01,5.5,4.99,1,2,0.36,5.61,,,,2026-07-27,2026-07-27 08:06:01
8446,華研,86.3,86.7,86.7,86.0,39.58,40.14,38.37,-0.21,-0.14,-0.07,89.19,87.05,84.92,61,51,1.21,45.66,8.4,8.0,9.27,2026-07-27,2026-07-27 08:06:03
8450,霹靂,15.05,15.2,15.4,14.75,51.96,48.24,31.82,-0.16,-0.16,0.01,15.58,15.19,14.79,29,23,1.23,7.72,,,,2026-07-27,2026-07-27 08:06:04
8454,富邦媒,244.5,240.0,244.5,235.5,15.52,12.41,23.0,-12.89,-9.5,-3.39,297.02,264.9,232.78,640,730,0.88,647.86,23.35,10.0,4.09,2026-07-27,2026-07-27 08:06:04
8455,大拓-KY,27.0,27.0,27.0,27.0,74.13,60.77,51.03,-1.01,-1.33,0.32,28.83,26.61,24.4,1,9,0.11,6.81,1350.0,,,2026-07-27,2026-07-27 08:06:05
8458,影一,15.2,15.2,15.2,15.2,51.96,41.03,51.61,-0.14,-0.14,-0.0,16.16,14.88,13.6,0,19,0.0,5.45,,,,2026-07-27,2026-07-27 08:06:07
8462,柏文,158.5,157.0,159.0,156.0,27.01,32.57,55.56,4.18,4.96,-0.77,167.61,154.95,142.29,108,104,1.04,127.4,19.1,7.28,4.59,2026-07-27,2026-07-27 08:06:07
8463,潤泰材,21.55,21.4,21.55,21.35,51.87,49.5,46.51,0.03,0.04,-0.01,21.78,21.45,21.13,20,30,0.67,32.32,11.65,0.8,3.71,2026-07-27,2026-07-27 08:06:09
8464,億豐,379.0,376.5,380.0,373.0,70.66,55.42,57.14,5.65,5.17,0.48,380.08,363.6,347.12,579,332,1.74,1110.55,17.19,16.0,4.22,2026-07-27,2026-07-27 08:06:10
8466,美吉吉-KY,17.3,16.85,17.3,16.75,44.49,46.66,51.9,0.26,0.31,-0.05,17.82,17.29,16.75,26,55,0.47,13.74,3.16,1.2,6.94,2026-07-27,2026-07-27 08:06:11
8467,波力-KY,103.0,100.5,103.0,100.5,35.39,33.57,33.87,-5.37,-5.35,-0.02,119.32,109.08,98.83,6,13,0.44,49.82,10.45,5.0,4.85,2026-07-27,2026-07-27 08:06:12
8472,夠麻吉,68.9,70.9,70.9,68.9,6.67,13.28,25.69,-3.21,-1.85,-1.36,88.18,78.0,67.82,3,37,0.08,12.22,,,,2026-07-27,2026-07-27 08:06:13
8473,山林水,43.7,44.25,44.5,43.3,28.23,28.8,40.95,-1.04,-0.83,-0.21,50.01,45.81,41.62,335,375,0.89,79.12,17.69,0.73,1.67,2026-07-27,2026-07-27 08:06:14
8476,台境*,21.5,23.45,23.45,21.2,47.81,59.99,43.18,0.58,0.92,-0.35,25.39,23.58,21.77,1470,1495,0.98,34.67,41.35,0.2,0.93,2026-07-27,2026-07-27 08:06:15
8477,創業家,15.7,15.7,15.7,15.7,51.62,43.24,46.15,-0.32,-0.35,0.03,16.57,15.88,15.19,7,11,0.6,10.07,,,,2026-07-27,2026-07-27 08:06:16
8478,東哥遊艇,153.0,150.5,153.5,149.5,23.4,18.49,41.3,-1.13,-0.84,-0.29,160.59,154.07,147.56,144,147,0.99,143.78,11.81,6.5,4.25,2026-07-27,2026-07-27 08:06:17
8481,政伸,40.25,40.0,40.25,40.0,51.54,54.19,56.7,0.36,0.35,0.01,41.12,39.72,38.32,5,9,0.52,26.81,12.42,2.75,6.83,2026-07-27,2026-07-27 08:06:18
8482,商億-KY,48.4,49.9,49.9,48.4,59.71,60.86,45.03,0.36,0.35,0.01,49.69,48.5,47.31,8,5,1.5,50.86,21.04,1.96,4.05,2026-07-27,2026-07-27 08:06:19
8487,愛爾達-創,75.3,75.5,75.5,75.3,46.92,40.77,33.78,-0.31,0.07,-0.39,79.6,76.87,74.14,19,28,0.67,19.98,21.33,4.81,6.39,2026-07-27,2026-07-27 08:06:20
8488,吉源-KY,10.3,10.15,10.55,10.15,50.18,42.2,56.2,0.03,0.02,0.02,10.37,10.16,9.94,15,7,2.03,7.57,,,,2026-07-27,2026-07-27 08:06:20
8489,三貝德,22.9,22.8,22.9,22.8,33.77,42.93,59.09,0.09,-0.01,0.09,23.93,22.51,21.09,21,35,0.6,13.71,,,,2026-07-27,2026-07-27 08:06:21
8499,鼎炫-KY,261.0,263.0,265.5,257.5,7.84,11.17,31.54,-7.37,-3.71,-3.66,318.6,286.89,255.17,41,43,0.97,107.44,25.82,8.0,3.07,2026-07-27,2026-07-27 08:06:22
8905,裕國,30.5,30.5,30.5,30.5,69.88,63.26,59.13,0.02,-0.17,0.19,30.7,29.75,28.79,0,6,0.0,35.17,50.0,0.71,2.33,2026-07-24,2026-07-27 08:06:23
8906,花王,26.4,25.95,26.4,25.95,30.57,22.2,25.0,-0.43,-0.18,-0.26,30.54,27.69,24.84,8,10,0.76,11.13,,0.1,0.38,2026-07-27,2026-07-27 08:06:24
8908,欣雄,39.95,39.5,40.0,39.5,60.08,43.25,59.09,-0.44,-0.51,0.08,41.27,39.59,37.92,34,34,0.99,123.81,18.58,1.5,3.75,2026-07-27,2026-07-27 08:06:25
8916,光隆,42.3,42.6,42.7,41.95,36.73,24.92,25.32,-0.63,-0.58,-0.05,44.68,43.08,41.47,92,278,0.33,62.83,17.13,3.0,7.09,2026-07-27,2026-07-27 08:06:27
8917,欣泰,52.8,53.1,53.1,52.0,68.36,57.13,50.0,0.45,0.53,-0.08,53.99,52.8,51.61,7,8,0.85,85.88,23.68,2.1,3.98,2026-07-27,2026-07-27 08:06:28
8921,沈氏,17.65,17.65,17.65,17.1,67.36,63.82,48.84,-0.06,-0.05,-0.0,18.13,17.72,17.31,6,2,3.0,8.22,,0.27,1.53,2026-07-24,2026-07-27 08:06:29
8923,時報,19.0,19.0,19.0,19.0,49.49,62.14,53.57,0.1,0.12,-0.02,19.6,19.1,18.61,1,3,0.29,5.77,19.79,0.9,4.74,2026-07-27,2026-07-27 08:06:30
8924,大田,56.9,58.0,58.0,56.8,52.6,43.81,44.59,-0.28,-0.37,0.09,60.11,57.26,54.41,71,78,0.92,47.68,10.16,4.3,7.56,2026-07-27,2026-07-27 08:06:32
8926,台汽電,63.5,65.2,65.3,63.3,10.29,11.78,10.53,-1.95,-0.78,-1.17,81.67,70.34,59.0,3340,3388,0.99,527.23,26.79,2.12,3.34,2026-07-27,2026-07-27 08:06:33
8927,北基,20.05,19.95,20.2,19.75,18.06,18.23,25.61,-0.23,-0.04,-0.19,22.84,21.08,19.33,214,171,1.25,84.02,40.92,0.3,1.5,2026-07-27,2026-07-27 08:06:34
8928,鉅明,22.9,22.95,22.95,22.9,42.66,56.1,60.0,0.4,0.45,-0.05,24.27,22.73,21.19,27,25,1.05,11.65,16.24,1.7,7.42,2026-07-27,2026-07-27 08:06:35
8929,富堡,13.9,13.9,13.9,13.9,21.89,18.2,39.22,-0.12,-0.05,-0.07,15.07,14.19,13.32,3,13,0.27,7.03,,,,2026-07-27,2026-07-27 08:06:36
8930,青鋼,30.8,31.0,31.05,30.8,53.74,65.31,58.89,0.75,0.77,-0.02,33.25,30.27,27.29,14,49,0.29,24.73,12.89,2.2,7.14,2026-07-27,2026-07-27 08:06:37
8931,大汽電,42.4,42.45,42.45,42.1,54.22,40.36,46.0,-0.08,-0.06,-0.02,43.72,42.31,40.91,15,50,0.3,51.84,22.67,1.6,3.77,2026-07-27,2026-07-27 08:06:38
8932,智通*,109.0,111.0,111.0,106.5,25.83,39.66,43.75,2.17,3.66,-1.5,127.58,115.42,103.27,3072,3126,0.98,386.0,118.48,0.14,0.13,2026-07-27,2026-07-27 08:06:39
8933,愛地雅,4.42,4.55,4.56,4.42,52.56,55.63,44.38,-0.05,-0.06,0.01,4.77,4.55,4.34,34,93,0.36,14.44,,,,2026-07-27,2026-07-27 08:06:41
8935,邦泰,18.1,18.65,18.65,18.0,5.8,9.04,13.01,-0.86,-0.47,-0.39,25.02,21.08,17.14,271,235,1.15,20.54,,,,2026-07-27,2026-07-27 08:06:42
8936,國統,53.1,53.4,53.4,52.1,34.51,27.33,32.93,-1.08,-0.72,-0.36,61.78,55.35,48.93,740,778,0.95,131.73,13.08,2.0,3.77,2026-07-27,2026-07-27 08:06:43
8937,合騏*,24.6,23.95,24.7,23.5,40.43,37.35,27.27,-0.87,-0.88,0.01,28.52,25.83,23.14,53,73,0.72,104.49,,0.03,0.12,2026-07-27,2026-07-27 08:06:44
8938,明安,57.0,56.8,57.0,56.5,78.99,76.79,70.27,0.73,0.46,0.27,57.45,55.14,52.84,60,153,0.4,86.49,9.48,4.0,7.02,2026-07-27,2026-07-27 08:06:45
8940,新天地,16.05,16.0,16.1,16.0,13.37,10.64,28.57,-0.18,-0.16,-0.01,16.79,16.3,15.81,15,31,0.49,10.83,29.18,,,2026-07-27,2026-07-27 08:06:46
8941,關中,43.5,43.5,43.5,43.5,87.61,87.15,67.5,0.22,0.2,0.02,43.96,43.23,42.5,3,3,0.89,15.21,37.5,1.0,2.3,2026-07-27,2026-07-27 08:06:47
8942,森鉅,37.3,37.55,37.55,37.15,16.05,19.8,25.79,-0.73,-0.61,-0.12,40.82,38.82,36.81,159,183,0.87,74.17,20.38,1.0,2.68,2026-07-27,2026-07-27 08:06:48
8996,高力,995.0,1055.0,1085.0,969.0,27.71,23.8,21.57,-83.48,-56.72,-26.76,1587.19,1214.45,841.71,2478,2502,0.99,924.23,71.22,4.56,0.46,2026-07-27,2026-07-27 08:06:49
8999,台灣積層,38.75,38.75,38.75,37.05,76.72,57.71,72.58,0.37,0.11,0.26,37.71,35.91,34.11,4,2,1.48,13.95,16.92,2.0,5.16,2026-07-27,2026-07-27 08:06:50
9103,美德醫療-DR,5.34,5.4,5.55,5.27,52.69,55.69,58.29,0.05,0.0,0.05,5.58,5.19,4.8,1562,3523,0.44,29.1,,,,2026-07-27,2026-07-27 08:06:51
9105,泰金寶-DR,8.39,8.5,8.5,8.25,47.15,45.27,39.8,-0.14,-0.08,-0.06,9.53,8.84,8.15,17453,19099,0.91,876.76,46.61,0.15,1.79,2026-07-27,2026-07-27 08:06:52
9110,越南控-DR,3.15,3.15,3.15,3.15,87.29,74.92,37.7,-0.03,-0.03,-0.0,3.41,3.19,2.96,21,17,1.19,28.59,18.53,,,2026-07-27,2026-07-27 08:06:53
9136,巨騰-DR,11.9,10.9,12.1,10.8,26.11,19.53,36.23,-0.76,-0.65,-0.11,14.38,12.49,10.59,891,654,1.36,100.63,,,,2026-07-27,2026-07-27 08:06:54
9802,鈺齊-KY,74.3,72.5,74.5,72.1,39.7,41.02,52.26,-0.59,-0.6,0.02,76.06,73.9,71.74,878,695,1.26,149.34,13.48,5.1,6.86,2026-07-27,2026-07-27 08:06:55
9902,台火,13.7,13.85,13.85,13.45,42.31,43.15,48.72,-0.03,-0.03,-0.0,14.14,13.78,13.43,155,133,1.17,13.43,,0.3,2.19,2026-07-27,2026-07-27 08:06:56
9904,寶成,24.3,24.35,24.45,24.2,27.38,32.26,48.39,-0.05,-0.07,0.02,24.68,24.28,23.88,12200,15267,0.8,716.07,5.96,1.3,5.35,2026-07-27,2026-07-27 08:06:57
9905,大華,20.75,20.65,20.75,20.6,69.92,69.8,77.22,0.18,0.18,0.0,20.91,20.46,20.0,88,96,0.91,63.29,15.96,1.1,5.3,2026-07-27,2026-07-27 08:06:58
9906,欣巴巴,40.7,40.85,41.0,40.0,48.14,47.08,43.59,-0.16,-0.04,-0.12,42.66,40.98,39.29,47,89,0.53,36.78,452.22,6.5,15.97,2026-07-27,2026-07-27 08:06:59
9907,統一實,15.1,15.15,15.2,14.95,47.09,47.71,37.5,-0.05,-0.05,-0.01,15.51,15.23,14.96,2561,2766,0.93,238.45,13.6,1.18,7.81,2026-07-27,2026-07-27 08:07:00
9908,大台北,29.4,29.45,29.45,28.95,68.48,64.8,69.58,0.24,0.2,0.04,29.51,28.88,28.25,159,203,0.78,147.25,16.61,1.2,4.08,2026-07-27,2026-07-27 08:07:00
9910,豐泰,69.2,69.4,69.8,68.6,46.17,38.27,56.72,-0.86,-1.2,0.35,69.93,68.07,66.21,1003,1753,0.57,683.34,14.98,4.1,5.92,2026-07-27,2026-07-27 08:07:01
9911,櫻花,82.8,83.3,83.3,82.6,19.67,21.88,38.33,-0.2,-0.02,-0.17,85.12,83.55,81.99,270,356,0.76,182.22,12.98,5.0,6.04,2026-07-27,2026-07-27 08:07:02
9912,偉聯,12.7,12.5,12.7,12.5,50.59,44.37,50.0,0.01,0.02,-0.01,12.84,12.62,12.41,15,29,0.52,6.88,,,,2026-07-27,2026-07-27 08:07:03
9914,美利達,78.0,80.0,80.0,77.0,36.99,45.01,56.64,1.93,2.16,-0.24,83.71,77.45,71.18,1417,2195,0.65,233.21,21.2,2.8,3.59,2026-07-27,2026-07-27 08:07:04
9917,中保科,110.5,111.0,111.0,109.5,69.44,64.95,76.19,0.28,-0.16,0.44,110.6,107.3,104.0,386,421,0.92,490.68,16.3,5.7,5.16,2026-07-27,2026-07-27 08:07:05
9918,欣天然,43.45,43.7,43.7,42.8,49.81,50.0,66.64,0.32,0.19,0.14,43.46,42.31,41.15,18,38,0.47,77.34,27.16,1.5,3.45,2026-07-27,2026-07-27 08:07:06
9919,康那香,14.15,14.6,14.65,14.1,40.27,47.36,54.72,0.08,0.01,0.07,14.52,13.97,13.42,671,2404,0.28,27.64,,0.2,1.41,2026-07-27,2026-07-27 08:07:07
9921,巨大,85.5,88.7,88.7,84.7,62.98,66.12,64.85,3.3,2.77,0.53,90.8,80.43,70.07,2299,2558,0.9,331.8,219.23,2.2,2.57,2026-07-27,2026-07-27 08:07:08
9924,福興,39.7,39.6,39.95,39.6,22.52,28.89,43.75,-0.12,-0.06,-0.06,40.81,40.08,39.34,119,163,0.73,59.85,13.1,2.5,6.3,2026-07-27,2026-07-27 08:07:09
9925,新保,40.2,40.4,40.5,40.2,76.19,72.39,75.78,0.31,0.23,0.09,40.1,39.21,38.32,413,806,0.51,154.45,16.75,2.0,4.98,2026-07-27,2026-07-27 08:07:10
9926,新海,49.5,49.65,49.7,49.25,90.93,87.67,81.64,0.55,0.37,0.18,49.85,48.18,46.5,20,26,0.77,88.85,18.47,2.1,4.24,2026-07-27,2026-07-27 08:07:11
9927,泰銘,70.5,69.7,70.5,69.6,65.26,54.39,63.24,0.24,0.13,0.11,70.4,69.1,67.8,219,87,2.49,84.6,16.59,3.94,5.59,2026-07-27,2026-07-27 08:07:11
9928,中視,18.05,18.1,18.15,18.0,52.85,44.16,41.3,-0.08,-0.03,-0.05,19.02,18.33,17.64,12,40,0.31,12.77,,,,2026-07-27,2026-07-27 08:07:12
9929,秋雨,11.75,11.75,11.9,11.45,85.17,81.85,61.22,0.02,-0.07,0.08,11.71,11.24,10.76,19,10,1.79,11.9,,,,2026-07-27,2026-07-27 08:07:13
9930,中聯資源,64.0,63.6,64.0,63.2,60.13,49.7,57.14,-0.48,-0.53,0.04,65.83,63.9,61.96,172,172,1.0,159.07,13.59,4.0,6.25,2026-07-27,2026-07-27 08:07:14
9931,欣高,34.0,34.25,34.25,33.85,64.99,63.46,66.04,0.24,0.19,0.05,34.28,33.56,32.85,23,27,0.86,40.93,13.93,1.8,5.29,2026-07-27,2026-07-27 08:07:15
9933,中鼎,39.85,40.55,40.55,39.45,53.78,47.14,36.43,-0.33,-0.23,-0.11,42.0,40.57,39.14,1256,1797,0.7,375.81,23.17,1.0,2.51,2026-07-27,2026-07-27 08:07:17
9934,成霖,10.6,10.75,10.75,10.55,32.1,48.29,54.76,0.15,0.17,-0.02,11.11,10.55,9.98,505,989,0.51,43.57,6.35,0.1,0.94,2026-07-27,2026-07-27 08:07:18
9935,慶豐富,19.35,19.6,19.6,19.25,75.93,70.13,60.34,0.32,0.27,0.05,19.7,18.84,17.98,226,293,0.77,34.03,12.17,1.2,6.2,2026-07-27,2026-07-27 08:07:19
9937,全國,55.3,55.6,55.6,55.0,53.11,61.88,75.19,0.53,0.4,0.13,56.35,54.18,52.0,30,32,0.94,170.9,22.39,2.2,3.98,2026-07-27,2026-07-27 08:07:20
9938,百和,47.15,47.0,47.45,46.85,67.87,68.05,66.15,0.62,0.54,0.08,47.75,46.09,44.43,1495,2195,0.68,140.49,11.53,3.0,6.36,2026-07-27,2026-07-27 08:07:21
9939,宏全,129.0,129.5,130.0,128.0,67.16,76.74,64.52,2.22,1.83,0.4,132.94,125.38,117.82,950,1874,0.51,381.56,14.35,6.2,4.81,2026-07-27,2026-07-27 08:07:22
9940,信義,20.25,20.35,20.35,20.15,63.04,67.38,61.11,0.28,0.26,0.02,20.64,19.83,19.03,177,352,0.5,149.21,53.29,0.6,2.96,2026-07-27,2026-07-27 08:07:23
9941,裕融,82.4,82.5,82.7,81.8,36.73,43.2,52.38,0.51,0.62,-0.11,83.94,81.92,79.91,883,750,1.18,474.32,11.27,4.38,5.32,2026-07-27,2026-07-27 08:07:23
9942,茂順,123.0,124.0,124.0,123.0,57.53,64.6,66.67,1.34,1.16,0.18,126.01,121.08,116.14,105,91,1.14,102.29,15.17,7.0,5.69,2026-07-27,2026-07-27 08:07:24
9943,好樂迪,52.8,53.1,53.1,52.7,22.66,21.44,31.03,-0.12,-0.06,-0.06,53.94,53.21,52.49,35,47,0.76,66.09,9.78,3.5,6.63,2026-07-27,2026-07-27 08:07:25
9944,新麗,17.75,17.9,17.9,17.7,40.61,56.06,41.18,0.18,0.22,-0.05,18.3,17.9,17.5,30,54,0.55,18.8,,0.3,1.69,2026-07-27,2026-07-27 08:07:26
9945,潤泰新,26.35,26.35,26.35,25.95,55.12,60.9,56.98,0.38,0.43,-0.05,26.87,25.97,25.06,4176,5022,0.83,746.89,6.7,1.1,4.17,2026-07-27,2026-07-27 08:07:27
9946,三發地產,18.1,17.95,18.15,17.85,25.34,22.08,27.78,-0.18,-0.0,-0.18,20.59,18.94,17.29,139,304,0.46,58.18,11.91,1.04,5.75,2026-07-27,2026-07-27 08:07:28
9949,琉園,23.7,23.7,23.7,23.3,8.71,8.78,17.81,-0.61,-0.2,-0.4,30.31,26.05,21.8,36,52,0.69,10.63,4.58,2.2,9.28,2026-07-27,2026-07-27 08:07:29
9950,萬國通,10.45,10.75,10.75,10.4,51.93,42.22,50.0,-0.08,-0.09,0.01,10.79,10.48,10.16,6,22,0.27,17.53,,,,2026-07-27,2026-07-27 08:07:30
9951,皇田,53.4,53.2,53.4,53.0,63.23,48.03,50.0,-0.08,-0.07,-0.01,54.35,53.29,52.22,28,40,0.69,38.32,10.21,2.32,4.34,2026-07-27,2026-07-27 08:07:31
9955,佳龍,23.9,24.05,24.2,23.7,25.26,24.57,24.24,-0.85,-0.77,-0.08,27.69,25.4,23.11,197,152,1.29,24.96,44.26,,,2026-07-27,2026-07-27 08:07:33
9958,世紀鋼,109.0,112.0,112.0,107.5,46.48,45.14,40.34,0.16,0.76,-0.6,116.56,111.98,107.4,2816,1766,1.59,269.12,16.82,4.5,4.13,2026-07-27,2026-07-27 08:07:34
9960,邁達康,32.45,32.45,32.6,32.0,36.74,44.66,40.54,0.06,0.22,-0.16,34.13,33.14,32.15,25,13,1.95,10.9,18.65,1.55,4.78,2026-07-27,2026-07-27 08:07:35
9962,有益,9.88,9.87,9.88,9.87,68.96,66.02,57.41,0.02,0.02,0.0,9.97,9.81,9.64,7,38,0.19,8.91,,0.5,5.06,2026-07-27,2026-07-27 08:07:36
