股票代號,股票名稱,收盤價,開盤價,最高價,最低價,K值,D值,RSI,DIF,MACD,柱狀圖,BB上軌,BB中軌,BB下軌,成交量張,5日均量張,量比,市值億,本益比,每股配息,殖利率,交易日,更新時間
0050,元大台灣50,105.5,105.25,106.7,104.5,85.7,77.05,68.06,4.1,3.63,0.47,105.03,97.71,90.39,134889,110399,1.22,,34.52,,,2026-06-01,2026-06-01 13:06:27
0051,元大中型100,145.0,142.4,145.5,142.4,86.53,78.05,66.15,5.02,4.4,0.62,144.78,134.41,124.04,158,121,1.3,,28.52,,,2026-06-01,2026-06-01 13:06:28
0052,富邦科技,62.05,62.15,63.2,62.0,84.28,76.9,68.73,2.51,2.28,0.23,61.84,57.51,53.17,34700,33969,1.02,,36.22,,,2026-06-01,2026-06-01 13:06:29
0053,元大電子,244.75,246.15,246.15,244.05,88.1,80.82,66.36,10.28,9.37,0.91,244.47,225.95,207.42,37,25,1.43,,41.24,,,2026-06-01,2026-06-01 13:06:30
0055,元大MSCI金融,35.9,35.11,36.05,34.98,85.55,75.88,87.93,0.47,0.31,0.17,35.39,34.13,32.86,499,574,0.87,,14.5,,,2026-06-01,2026-06-01 13:06:31
0056,元大高股息,51.9,50.5,51.9,50.5,93.01,86.17,78.11,2.36,1.91,0.46,51.16,46.19,41.21,58680,56955,1.03,,20.75,,,2026-06-01,2026-06-01 13:06:32
0057,富邦摩台,313.4,311.55,314.0,311.55,89.3,79.74,67.28,11.83,10.74,1.09,311.59,291.08,270.58,19,38,0.51,,34.0,,,2026-06-01,2026-06-01 13:06:33
0061,元大寶滬深,24.98,25.25,25.25,24.83,52.88,43.77,44.41,0.19,0.23,-0.04,25.42,24.96,24.5,435,428,1.01,,20.45,,,2026-06-01,2026-06-01 13:06:34
1101,台泥,24.55,24.4,24.7,24.2,53.34,36.58,43.33,-0.12,-0.12,-0.0,25.46,24.44,23.41,35493,36235,0.98,1839.58,16.52,1.0,4.07,2026-06-01,2026-06-01 13:06:35
1102,亞泥,33.8,34.0,34.15,33.65,34.36,24.58,44.44,-0.46,-0.36,-0.1,35.95,34.36,32.77,16346,55546,0.29,1198.74,11.3,2.2,6.51,2026-06-01,2026-06-01 13:06:36
1103,嘉泥,13.3,13.45,13.45,13.0,80.52,71.96,50.0,-0.07,-0.12,0.05,13.56,13.21,12.86,605,398,1.52,87.61,15.83,0.55,4.14,2026-06-01,2026-06-01 13:06:37
1104,環泥,27.9,27.65,27.95,27.6,53.13,35.07,43.18,-0.33,-0.39,0.05,28.58,27.74,26.91,967,823,1.17,,10.94,1.7,6.09,2026-06-01,2026-06-01 13:06:38
1108,幸福,13.8,13.75,13.85,13.65,53.45,32.84,33.33,-0.27,-0.28,0.01,14.79,13.96,13.13,339,290,1.17,55.85,6.39,0.75,5.43,2026-06-01,2026-06-01 13:06:39
1109,信大,14.65,14.6,14.8,14.35,51.08,34.51,29.03,-0.23,-0.21,-0.02,15.73,14.89,14.06,147,133,1.11,49.98,14.22,0.9,6.14,2026-06-01,2026-06-01 13:06:40
1110,東泥,14.6,14.6,14.7,14.3,60.86,39.11,41.67,-0.23,-0.28,0.05,15.4,14.48,13.56,575,274,2.1,83.29,40.56,0.3,2.05,2026-06-01,2026-06-01 13:06:41
1201,味全,12.3,12.05,12.35,11.95,56.39,43.83,55.17,-0.2,-0.26,0.06,12.43,12.17,11.9,941,598,1.57,62.25,30.75,0.5,4.07,2026-06-01,2026-06-01 13:06:42
1203,味王,43.65,43.55,44.3,43.55,78.71,69.86,57.28,0.23,0.16,0.07,44.56,42.77,40.97,35,23,1.51,103.76,24.12,1.2,2.75,2026-06-01,2026-06-01 13:06:43
1210,大成,52.5,52.4,52.5,51.9,29.54,24.76,54.55,-0.29,-0.3,0.01,53.36,52.46,51.56,2900,2389,1.21,439.27,12.15,3.0,5.71,2026-06-01,2026-06-01 13:06:45
1213,大飲,8.5,8.57,8.57,8.1,44.26,37.9,45.19,-0.22,-0.23,0.01,9.15,8.58,8.01,26,21,1.21,4.81,,0.35,4.12,2026-06-01,2026-06-01 13:06:46
1215,卜蜂,121.5,125.0,125.0,120.5,24.3,42.65,35.68,-1.89,-0.91,-0.98,139.77,131.27,122.77,3325,3625,0.92,358.17,11.71,7.0,5.76,2026-06-01,2026-06-01 13:06:47
1216,統一,73.7,72.1,74.3,72.1,38.02,26.49,52.38,-0.01,0.11,-0.12,76.76,72.45,68.15,18304,23556,0.78,4187.65,21.42,3.0,4.07,2026-06-01,2026-06-01 13:06:48
1217,愛之味,9.82,9.74,9.86,9.73,65.45,50.31,57.58,-0.06,-0.11,0.05,9.86,9.58,9.3,926,829,1.12,48.56,23.38,0.25,2.55,2026-06-01,2026-06-01 13:06:49
1218,泰山,19.3,18.85,19.4,18.85,62.02,43.35,59.52,-0.05,-0.1,0.05,19.27,18.73,18.18,2219,995,2.23,93.86,14.85,1.32,6.84,2026-06-01,2026-06-01 13:06:50
1219,福壽,12.7,12.65,12.75,12.55,60.5,36.84,34.37,-0.29,-0.31,0.02,13.63,12.84,12.05,716,450,1.59,43.34,28.22,0.5,3.94,2026-06-01,2026-06-01 13:06:51
1220,台榮,11.7,11.75,11.75,11.6,14.43,12.72,12.5,-0.21,-0.19,-0.02,12.51,12.01,11.5,182,119,1.54,20.64,146.25,0.7,5.98,2026-06-01,2026-06-01 13:06:52
1225,福懋油,29.7,29.6,30.15,29.4,45.21,36.62,35.2,-0.7,-0.7,-0.0,33.24,30.37,27.49,240,180,1.33,71.95,18.33,0.14,0.47,2026-06-01,2026-06-01 13:06:53
1227,佳格,28.2,27.95,28.3,27.85,20.93,17.45,38.0,-0.37,-0.37,0.0,29.15,28.48,27.81,2464,1576,1.56,256.17,21.2,1.4,4.96,2026-06-01,2026-06-01 13:06:54
1229,聯華,40.4,40.0,40.45,40.0,75.01,55.79,49.18,-0.74,-0.98,0.24,42.3,39.97,37.65,3417,3716,0.92,722.64,15.72,1.3,3.22,2026-06-01,2026-06-01 13:06:55
1231,聯華食,86.0,85.8,86.2,84.7,39.87,38.27,48.28,-0.74,-0.81,0.07,87.65,86.14,84.63,572,421,1.36,256.67,22.57,1.6,1.86,2026-06-01,2026-06-01 13:06:56
1232,大統益,147.5,148.0,148.5,147.0,17.33,21.85,50.0,-0.41,-0.42,0.01,148.8,147.95,147.1,339,164,2.06,235.96,17.88,7.2,4.88,2026-06-01,2026-06-01 13:06:57
1233,天仁,27.8,27.9,28.0,27.6,20.3,20.82,28.21,-0.32,-0.26,-0.05,29.29,28.56,27.84,44,34,1.29,25.17,37.07,0.2,0.72,2026-06-01,2026-06-01 13:06:58
1234,黑松,34.55,34.55,34.55,34.35,81.71,64.32,45.57,-0.31,-0.41,0.11,35.5,34.35,33.2,131,174,0.76,138.85,17.27,1.65,4.78,2026-06-01,2026-06-01 13:06:59
1235,興泰,41.1,41.1,41.7,40.55,76.14,56.06,39.68,-0.8,-0.94,0.14,46.55,40.96,35.37,324,72,4.5,18.68,,0.5,1.22,2026-06-01,2026-06-01 13:07:00
1236,宏亞,24.6,24.4,24.6,24.3,62.03,51.22,42.03,-0.42,-0.49,0.08,26.7,24.73,22.75,71,32,2.22,21.32,,1.65,6.71,2026-06-01,2026-06-01 13:07:01
1240,茂生農經,57.3,57.3,57.7,57.3,22.18,25.5,40.91,-0.44,-0.37,-0.07,59.33,58.14,56.95,14,16,0.89,25.35,11.84,2.7,4.71,2026-06-01,2026-06-01 13:07:03
1256,鮮活果汁-KY,209.5,212.0,218.5,205.0,75.04,68.9,66.2,10.04,8.2,1.84,209.05,185.1,161.15,385,259,1.49,74.94,18.77,4.66,2.22,2026-06-01,2026-06-01 13:07:04
1259,安心,58.0,57.1,58.0,56.8,74.29,57.84,42.11,-0.25,-0.41,0.16,59.43,57.66,55.89,18,10,1.81,18.79,23.67,1.2,2.07,2026-06-01,2026-06-01 13:07:07
1264,德麥,267.0,270.0,270.0,260.0,29.07,31.34,22.73,-1.44,-1.26,-0.18,274.24,271.57,268.91,188,58,3.25,98.93,13.08,14.5,5.43,2026-06-01,2026-06-01 13:07:08
1268,漢來美食,169.0,168.5,171.0,168.5,64.3,67.56,73.17,3.21,2.59,0.62,174.44,162.75,151.06,41,32,1.29,71.36,16.75,7.5,4.44,2026-06-01,2026-06-01 13:07:10
1294,漢田生技,78.0,77.2,78.0,76.5,47.13,33.28,36.0,-0.73,-0.86,0.13,79.53,77.97,76.41,23,19,1.21,23.61,17.18,2.84,3.64,2026-06-01,2026-06-01 13:07:11
1295,生合,50.0,50.2,50.4,49.8,27.19,30.65,45.9,-2.15,-2.4,0.25,55.67,51.96,48.24,76,74,1.03,17.24,9.47,3.0,6.0,2026-06-01,2026-06-01 13:07:13
1301,台塑,50.0,47.9,50.3,46.4,63.9,41.02,61.58,-0.67,-0.97,0.31,51.27,47.07,42.87,65830,34342,1.92,3182.87,36.44,0.5,1.0,2026-06-01,2026-06-01 13:07:14
1303,南亞,107.5,98.7,107.5,97.5,84.5,69.36,69.91,2.91,1.14,1.77,101.93,89.73,77.53,111806,114593,0.98,8525.63,188.6,0.7,0.65,2026-06-01,2026-06-01 13:07:15
1304,台聚,13.0,12.3,13.1,12.15,54.93,35.78,53.62,-0.47,-0.57,0.1,13.54,12.57,11.61,10415,7824,1.33,139.4,,0.2,1.54,2026-06-01,2026-06-01 13:07:16
1305,華夏,12.85,12.3,12.95,12.2,51.32,32.98,47.76,-0.55,-0.64,0.09,13.67,12.73,11.78,3570,4477,0.8,74.66,,0.15,1.17,2026-06-01,2026-06-01 13:07:17
1307,三芳,32.5,31.15,32.55,30.8,44.5,25.23,52.33,-0.19,-0.25,0.06,32.67,31.57,30.47,1880,1052,1.79,129.29,11.44,2.7,8.31,2026-06-01,2026-06-01 13:07:18
1308,亞聚,13.65,13.2,13.7,13.0,56.56,39.1,53.57,-0.47,-0.58,0.11,14.01,13.36,12.7,4035,3777,1.07,81.05,50.56,0.25,1.83,2026-06-01,2026-06-01 13:07:19
1309,台達化,16.2,15.85,16.3,15.55,59.05,38.13,46.56,-0.86,-0.96,0.1,18.5,16.31,14.13,5915,7579,0.78,64.41,,0.2,1.23,2026-06-01,2026-06-01 13:07:20
1310,台苯,8.33,8.05,8.38,7.97,59.83,37.88,45.54,-0.42,-0.5,0.09,9.0,8.24,7.49,4925,4399,1.12,43.97,32.04,,,2026-06-01,2026-06-01 13:07:21
1312,國喬,12.05,11.5,12.2,11.1,65.29,40.99,56.56,-0.39,-0.59,0.2,12.39,10.99,9.6,23763,15678,1.52,135.54,18.26,,,2026-06-01,2026-06-01 13:07:22
1313,聯成,10.95,10.7,11.05,10.5,58.33,40.18,43.9,-0.25,-0.32,0.07,11.31,10.75,10.18,7104,3911,1.82,145.73,,0.1,0.91,2026-06-01,2026-06-01 13:07:23
1314,中石化,7.1,7.1,7.2,7.02,58.64,56.13,50.68,-0.14,-0.19,0.05,7.34,7.05,6.76,26962,19890,1.36,268.72,4.08,,,2026-06-01,2026-06-01 13:07:24
1315,達新,62.3,62.1,62.3,62.0,59.07,50.11,56.45,-0.07,-0.21,0.14,62.63,61.36,60.09,58,56,1.03,59.51,40.19,4.5,7.22,2026-06-01,2026-06-01 13:07:25
1316,上曜,10.35,10.15,10.45,10.05,20.08,17.73,29.63,-0.39,-0.38,-0.01,11.76,10.76,9.76,2687,2269,1.18,36.81,47.05,,,2026-06-01,2026-06-01 13:07:27
1319,東陽,87.5,91.1,92.6,86.9,69.96,69.34,61.61,1.96,0.66,1.3,89.61,81.08,72.55,18918,7783,2.43,517.54,13.61,5.0,5.71,2026-06-01,2026-06-01 13:07:28
1321,大洋,28.5,28.85,28.85,28.05,27.58,29.76,26.83,-0.7,-0.74,0.04,29.99,29.31,28.62,399,261,1.53,62.9,,0.38,1.33,2026-06-01,2026-06-01 13:07:29
1323,永裕,20.95,20.1,21.0,20.1,82.57,77.85,78.85,0.01,-0.12,0.13,20.71,19.81,18.91,286,130,2.2,19.12,80.58,0.9,4.3,2026-06-01,2026-06-01 13:07:31
1324,地球,10.35,10.3,10.5,10.15,53.43,38.76,61.54,-0.14,-0.18,0.04,10.41,10.25,10.1,146,101,1.45,7.78,,0.2,1.93,2026-06-01,2026-06-01 13:07:33
1325,恆大,26.8,27.25,27.25,26.8,27.16,26.88,47.19,0.01,0.01,0.0,27.63,26.98,26.34,428,380,1.13,22.86,,0.3,1.12,2026-06-01,2026-06-01 13:07:35
1326,台化,53.8,51.4,54.5,50.0,75.35,57.0,71.7,0.08,-0.59,0.67,52.49,46.96,41.43,74300,41173,1.8,3146.77,36.67,0.6,1.12,2026-06-01,2026-06-01 13:07:36
1336,台翰,13.55,13.4,13.65,13.25,57.94,40.1,42.86,-0.2,-0.25,0.04,14.09,13.41,12.73,222,118,1.88,10.52,19.36,0.95,7.01,2026-06-01,2026-06-01 13:07:37
1337,再生-KY,4.93,4.84,5.09,4.78,51.45,38.94,45.98,-0.14,-0.18,0.04,5.08,4.85,4.63,1358,838,1.62,13.26,,,,2026-06-01,2026-06-01 13:07:38
1338,廣華-KY,16.35,16.45,16.8,16.2,61.65,51.52,48.33,-0.03,-0.1,0.07,16.57,15.9,15.23,703,385,1.82,13.2,1.9,0.78,4.77,2026-06-01,2026-06-01 13:07:40
1339,昭輝,44.35,45.9,45.9,44.25,69.37,67.52,72.54,0.66,0.13,0.53,44.54,41.26,37.98,482,663,0.73,32.87,18.4,3.0,6.76,2026-06-01,2026-06-01 13:07:41
1340,勝悅-KY,5.47,5.42,5.51,5.35,61.53,53.5,50.0,-0.17,-0.21,0.04,5.71,5.5,5.29,375,529,0.71,8.36,,,,2026-06-01,2026-06-01 13:07:42
1341,富林-KY,62.0,61.0,62.0,61.0,48.76,45.79,57.33,0.27,0.3,-0.03,62.56,61.41,60.27,32,11,2.93,32.77,16.76,5.2,8.39,2026-06-01,2026-06-01 13:07:43
1342,八貫,92.8,91.3,93.0,91.0,36.54,35.68,39.22,-0.06,0.24,-0.3,95.8,93.33,90.86,338,271,1.25,72.38,16.6,6.0,6.47,2026-06-01,2026-06-01 13:07:44
1402,遠東新,25.05,25.6,25.6,24.65,46.49,50.38,41.21,-0.3,-0.14,-0.16,27.9,26.11,24.32,78296,145679,0.54,1340.7,16.16,1.6,6.39,2026-06-01,2026-06-01 13:07:45
1409,新纖,25.05,25.05,25.05,25.05,91.36,78.58,93.62,1.37,0.6,0.77,22.53,17.98,13.43,8602,36788,0.23,400.78,21.05,0.6,2.4,2026-06-01,2026-06-01 13:07:47
1410,南染,25.9,26.1,26.9,25.8,17.17,18.79,38.46,-0.94,-1.02,0.09,28.67,26.93,25.19,83,75,1.1,16.06,44.66,0.51,1.97,2026-06-01,2026-06-01 13:07:49
1413,宏洲,9.42,9.34,9.43,9.23,36.94,35.51,48.0,-0.09,-0.08,-0.0,9.7,9.48,9.26,70,54,1.3,12.44,20.93,,,2026-06-01,2026-06-01 13:07:49
1414,東和,15.0,14.6,15.0,14.55,29.62,22.29,37.14,-0.6,-0.54,-0.05,17.08,15.53,13.98,259,212,1.22,29.7,78.95,0.2,1.33,2026-06-01,2026-06-01 13:07:51
1416,廣豐,11.25,11.1,11.35,11.1,56.62,47.85,53.85,-0.08,-0.1,0.02,11.39,11.18,10.98,450,328,1.37,20.85,13.89,0.57,5.07,2026-06-01,2026-06-01 13:07:52
1417,嘉裕,8.2,8.06,8.22,8.06,42.22,28.0,27.27,-0.19,-0.19,-0.0,8.91,8.37,7.83,190,165,1.15,15.58,13.23,,,2026-06-01,2026-06-01 13:07:53
1418,東華,19.1,18.2,20.0,18.2,60.17,45.69,57.14,-0.08,-0.17,0.09,19.51,18.37,17.24,54,70,0.78,10.37,,,,2026-06-01,2026-06-01 13:07:54
1419,新紡,66.0,64.6,66.8,64.3,35.41,32.93,58.14,0.36,0.21,0.15,66.85,64.0,61.15,345,274,1.26,197.5,16.1,1.5,2.27,2026-06-01,2026-06-01 13:07:55
1423,利華,41.45,41.45,41.9,41.2,47.31,50.47,61.26,0.21,0.16,0.05,41.93,40.97,40.02,131,137,0.95,41.3,9.57,0.8,1.93,2026-06-01,2026-06-01 13:07:57
1432,大魯閣,16.8,17.0,17.0,16.75,54.39,36.59,52.63,-0.14,-0.21,0.07,17.03,16.51,15.99,606,502,1.21,18.14,2.79,2.0,11.9,2026-06-01,2026-06-01 13:07:59
1434,福懋,15.55,15.4,15.7,15.2,58.83,37.15,45.71,-0.25,-0.31,0.05,16.16,15.43,14.7,4215,2943,1.43,261.62,30.49,0.8,5.14,2026-06-01,2026-06-01 13:08:01
1435,中福,12.85,12.85,12.85,12.85,9.16,9.17,,-0.48,-0.64,0.16,12.85,12.85,12.85,0,0,,17.96,,,,2026-05-29,2026-06-01 13:08:02
1436,華友聯,44.7,44.25,44.7,44.0,20.7,15.32,17.12,-1.8,-1.78,-0.02,50.53,46.6,42.68,474,275,1.72,86.79,9.35,7.53,16.85,2026-06-01,2026-06-01 13:08:04
1437,勤益控,28.4,28.35,28.45,28.25,59.4,49.84,42.42,-0.43,-0.5,0.07,29.32,28.55,27.77,528,342,1.54,57.33,11.83,1.83,6.44,2026-06-01,2026-06-01 13:08:05
1438,三地開發,20.0,20.1,20.1,19.75,31.58,35.13,30.77,-1.34,-1.56,0.23,21.47,20.57,19.67,62,46,1.34,22.24,12.12,,,2026-06-01,2026-06-01 13:08:06
1439,雋揚,25.6,25.6,25.9,25.5,50.42,51.02,38.16,-0.36,-0.39,0.04,27.0,25.93,24.85,11,52,0.21,23.55,7.98,0.3,1.17,2026-06-01,2026-06-01 13:08:07
1440,南紡,12.95,12.45,13.3,12.15,74.75,58.76,63.24,-0.09,-0.26,0.17,12.92,11.94,10.97,7672,4337,1.77,214.56,61.67,0.3,2.32,2026-06-01,2026-06-01 13:08:09
1441,大東,9.37,9.21,9.38,9.21,31.26,18.3,26.67,-0.28,-0.27,-0.01,10.05,9.55,9.05,61,46,1.32,6.72,,,,2026-06-01,2026-06-01 13:08:10
1442,名軒,26.8,25.95,26.85,25.8,40.56,23.74,48.0,-0.34,-0.36,0.02,27.29,26.34,25.38,790,396,1.99,98.14,8.87,4.5,16.79,2026-06-01,2026-06-01 13:08:10
1443,立益物流,25.1,25.15,25.2,24.8,29.23,32.3,14.29,0.3,0.5,-0.19,28.19,25.83,23.46,17,24,0.72,33.97,22.21,,,2026-06-01,2026-06-01 13:08:11
1444,力麗,6.74,6.26,6.78,6.25,76.24,62.6,76.47,0.01,-0.07,0.08,6.39,5.99,5.59,5023,2650,1.9,66.35,24.07,,,2026-06-01,2026-06-01 13:08:12
1445,大宇,11.6,11.6,11.7,11.6,32.59,35.04,38.89,-0.27,-0.28,0.0,12.91,11.93,10.96,124,116,1.06,15.16,,0.5,4.31,2026-06-01,2026-06-01 13:08:13
1446,宏和,16.1,16.0,16.1,15.75,70.49,66.37,61.7,-0.04,-0.14,0.1,16.1,15.56,15.03,306,246,1.24,22.17,9.94,2.0,12.42,2026-06-01,2026-06-01 13:08:14
1447,力鵬,6.33,6.21,6.46,6.12,77.14,72.44,78.46,0.23,0.16,0.08,6.44,5.49,4.53,3402,3180,1.07,53.4,17.58,,,2026-06-01,2026-06-01 13:08:15
1449,佳和,14.05,13.25,14.05,13.2,53.52,30.2,53.41,-0.12,-0.2,0.08,14.1,12.84,11.58,4140,1771,2.34,17.86,117.08,,,2026-06-01,2026-06-01 13:08:16
1451,年興,16.65,16.55,16.9,16.55,34.22,26.35,42.31,-0.12,-0.12,-0.01,17.08,16.73,16.37,377,254,1.48,32.97,9.46,1.0,6.01,2026-06-01,2026-06-01 13:08:17
1452,宏益,10.55,10.5,10.6,10.45,38.04,23.37,29.17,-0.27,-0.26,-0.01,11.43,10.78,10.14,276,130,2.13,13.99,5.33,0.5,4.74,2026-06-01,2026-06-01 13:08:18
1453,大將,11.15,11.15,11.25,11.0,29.83,31.84,30.0,-0.2,-0.21,0.01,11.79,11.37,10.96,178,75,2.36,12.63,278.75,,,2026-06-01,2026-06-01 13:08:19
1454,台富,13.0,12.6,13.3,12.3,29.56,19.87,37.93,-0.19,-0.15,-0.04,14.22,13.14,12.06,301,109,2.74,15.88,,0.25,1.92,2026-06-01,2026-06-01 13:08:20
1455,集盛,9.02,8.61,9.07,8.52,78.27,71.21,79.11,0.03,-0.08,0.11,8.71,8.2,7.69,1415,1216,1.16,47.96,12.53,,,2026-06-01,2026-06-01 13:08:21
1456,怡華,12.5,12.45,12.6,12.1,28.53,25.5,13.64,-0.3,-0.25,-0.06,14.46,13.29,12.12,116,95,1.22,11.72,3.68,,,2026-06-01,2026-06-01 13:08:22
1457,宜進,14.0,14.0,14.05,13.9,53.33,38.79,31.25,-0.19,-0.19,0.01,14.63,14.18,13.72,207,155,1.34,32.69,11.86,1.0,7.14,2026-06-01,2026-06-01 13:08:23
1459,聯發,11.55,11.65,11.7,11.3,49.43,35.48,43.02,-0.01,-0.0,-0.01,11.87,11.63,11.39,534,318,1.68,36.67,8.31,0.2,1.73,2026-06-01,2026-06-01 13:08:24
1460,宏遠,7.0,6.94,7.03,6.86,47.08,35.65,48.0,-0.02,-0.01,-0.01,7.25,7.03,6.82,843,679,1.24,47.21,10.77,,,2026-06-01,2026-06-01 13:08:25
1463,強盛新,17.8,17.95,17.95,17.8,22.23,18.23,40.0,-0.12,-0.08,-0.03,18.55,18.0,17.45,60,45,1.33,30.54,136.92,2.1,11.8,2026-06-01,2026-06-01 13:08:27
1464,得力,10.25,10.3,10.3,10.1,62.17,48.22,45.45,-0.02,-0.05,0.03,10.32,10.1,9.87,454,499,0.91,43.36,29.29,0.5,4.88,2026-06-01,2026-06-01 13:08:30
1465,偉全,12.5,12.25,12.5,12.25,65.69,54.3,69.57,0.01,-0.05,0.06,12.49,12.15,11.81,103,121,0.85,12.95,,0.6,4.8,2026-06-01,2026-06-01 13:08:31
1466,聚隆,14.2,14.05,14.3,13.75,32.5,26.09,33.85,-0.6,-0.58,-0.02,16.22,14.81,13.39,302,327,0.93,15.78,,,,2026-06-01,2026-06-01 13:08:32
1467,南緯,7.37,6.92,7.38,6.9,47.46,28.7,65.38,-0.04,-0.06,0.02,7.3,7.05,6.8,797,414,1.92,17.0,,,,2026-06-01,2026-06-01 13:08:33
1468,昶和,12.1,11.95,12.1,11.75,74.49,62.09,31.82,-0.06,-0.06,-0.0,12.55,12.16,11.76,56,53,1.04,19.41,57.62,,,2026-06-01,2026-06-01 13:08:34
1470,大統新創,22.65,22.5,22.65,22.4,84.9,71.81,53.4,-0.03,-0.14,0.11,22.92,22.01,21.1,12,11,1.09,19.43,29.04,0.65,2.87,2026-06-01,2026-06-01 13:08:35
1471,首利,12.25,11.55,12.25,11.55,65.07,46.28,65.91,-0.17,-0.35,0.18,11.87,10.77,9.68,3635,1519,2.39,18.43,408.33,,,2026-06-01,2026-06-01 13:08:36
1472,三洋實業,90.0,89.8,90.9,89.8,70.1,61.58,58.0,-0.66,-0.94,0.27,91.4,89.72,88.05,78,38,2.05,47.24,14.8,3.0,3.33,2026-06-01,2026-06-01 13:08:37
1473,台南,21.2,21.0,21.2,20.7,62.2,39.5,57.75,-0.44,-0.61,0.18,21.22,20.55,19.87,106,144,0.74,30.98,37.19,0.5,2.36,2026-06-01,2026-06-01 13:08:39
1474,弘裕,10.2,9.87,10.5,9.77,48.61,34.77,59.06,-0.05,-0.07,0.02,10.17,9.91,9.65,506,238,2.12,13.25,30.91,0.4,3.92,2026-06-01,2026-06-01 13:08:40
1475,業旺,25.1,24.6,25.2,24.5,24.22,18.37,9.09,-0.76,-0.67,-0.09,28.42,26.17,23.91,102,66,1.54,16.57,9.23,1.5,5.98,2026-06-01,2026-06-01 13:08:41
1476,儒鴻,353.0,342.5,353.0,339.0,76.02,61.68,54.7,-0.17,-2.11,1.94,354.01,338.45,322.89,2952,2236,1.32,968.52,17.56,17.0,4.82,2026-06-01,2026-06-01 13:08:42
1477,聚陽,222.5,216.5,223.5,215.5,61.4,46.11,43.75,-2.38,-3.72,1.34,228.33,217.72,207.12,2958,2771,1.07,548.89,15.25,15.0,6.74,2026-06-01,2026-06-01 13:08:43
1503,士電,220.5,220.5,225.0,218.0,67.17,62.5,60.96,5.43,2.19,3.24,224.26,200.65,177.04,5738,12595,0.46,1148.74,35.22,4.5,2.04,2026-06-01,2026-06-01 13:08:44
1504,東元,78.7,76.0,80.0,74.4,70.0,59.07,65.2,2.15,1.65,0.51,77.0,71.55,66.1,59013,58652,1.01,1845.81,32.52,2.0,2.54,2026-06-01,2026-06-01 13:08:45
1506,正道,10.1,10.15,10.2,10.0,24.5,28.57,41.27,-0.17,-0.19,0.02,10.86,10.34,9.83,842,498,1.69,30.34,168.33,,,2026-06-01,2026-06-01 13:08:46
1512,瑞利,6.8,6.74,6.8,6.5,37.85,36.58,32.26,-0.14,-0.13,-0.02,7.4,7.04,6.67,263,164,1.61,6.68,35.79,,,2026-06-01,2026-06-01 13:08:47
1513,中興電,168.5,167.5,171.0,166.5,68.31,65.25,64.94,3.52,1.85,1.67,170.41,157.53,144.64,9829,23265,0.42,832.51,20.85,6.0,3.56,2026-06-01,2026-06-01 13:08:48
1514,亞力,126.5,126.0,129.0,124.0,58.1,55.87,56.25,2.92,2.27,0.65,129.44,120.83,112.21,5061,11895,0.43,342.65,39.16,1.7,1.34,2026-06-01,2026-06-01 13:08:49
1515,力山,22.1,21.8,22.2,21.5,32.05,31.99,39.77,-0.24,-0.25,0.01,23.44,22.33,21.22,1311,1148,1.14,40.11,22.78,0.6,2.71,2026-06-01,2026-06-01 13:08:50
1516,川飛,21.0,19.35,21.2,19.35,29.75,25.51,43.33,-0.07,0.01,-0.08,22.25,21.35,20.46,110,110,1.0,8.4,525.0,,,2026-06-01,2026-06-01 13:08:52
1517,利奇,10.2,10.0,10.2,10.0,50.21,28.92,58.82,-0.17,-0.22,0.05,10.25,10.08,9.91,354,345,1.03,22.44,1.55,0.2,1.96,2026-06-01,2026-06-01 13:08:53
1519,華城,870.0,870.0,888.0,861.0,60.17,50.6,43.04,-5.51,-10.59,5.08,944.42,856.2,767.98,2608,4488,0.58,2748.16,62.23,9.0,1.03,2026-06-01,2026-06-01 13:08:55
1521,大億,28.35,29.8,29.8,27.8,68.2,49.93,67.84,0.6,0.11,0.49,28.12,25.24,22.36,600,256,2.34,21.61,32.59,1.0,3.53,2026-06-01,2026-06-01 13:08:57
1522,堤維西,32.85,33.95,33.95,32.65,63.87,44.22,56.28,-0.17,-0.69,0.52,34.22,30.76,27.3,5186,4795,1.08,102.48,19.1,3.0,9.13,2026-06-01,2026-06-01 13:08:58
1524,耿鼎,32.7,33.45,33.65,32.55,71.98,68.69,70.52,0.83,0.4,0.44,32.51,29.57,26.64,5037,6514,0.77,54.06,16.77,1.4,4.28,2026-06-01,2026-06-01 13:08:59
1525,江申,70.2,68.9,71.0,67.9,78.42,72.42,71.83,2.22,1.17,1.05,73.12,63.58,54.03,60,95,0.63,51.53,21.87,2.8,3.99,2026-06-01,2026-06-01 13:09:00
1526,日馳,14.65,14.45,14.65,14.3,44.15,29.72,33.33,-0.53,-0.57,0.04,16.15,14.93,13.7,168,124,1.36,8.79,,,,2026-06-01,2026-06-01 13:09:01
1527,鑽全,33.5,33.0,33.7,32.65,68.84,65.63,66.18,0.11,0.02,0.09,33.27,32.64,32.0,448,444,1.01,46.42,22.04,2.2,6.57,2026-06-01,2026-06-01 13:09:02
1528,恩德,27.35,26.3,27.35,26.25,51.76,42.76,53.98,-0.24,-0.21,-0.02,28.61,26.22,23.84,10347,6038,1.71,52.33,,0.1,0.37,2026-06-01,2026-06-01 13:09:03
1529,樂事綠能,22.6,22.15,22.9,22.05,66.15,57.07,53.28,-0.26,-0.54,0.28,23.57,21.63,19.69,981,1404,0.7,35.05,22.38,0.2,0.88,2026-06-01,2026-06-01 13:09:04
1530,亞崴,34.1,35.2,35.2,33.95,83.12,85.42,83.19,1.93,1.03,0.9,35.34,28.71,22.07,561,1333,0.42,32.26,56.83,1.53,4.49,2026-06-01,2026-06-01 13:09:05
1531,高林股,12.4,12.15,12.45,12.15,38.35,28.07,45.0,-0.18,-0.17,-0.02,13.15,12.52,11.89,212,239,0.89,22.58,13.19,0.4,3.23,2026-06-01,2026-06-01 13:09:06
1532,勤美,21.7,21.0,21.8,20.9,67.77,55.75,73.21,-0.07,-0.23,0.16,21.28,20.68,20.08,1737,946,1.84,90.33,22.14,1.73,7.97,2026-06-01,2026-06-01 13:09:07
1533,車王電,39.85,39.35,40.2,38.75,72.98,74.55,72.28,2.02,1.77,0.25,41.68,36.31,30.94,656,839,0.78,39.27,68.71,,,2026-06-01,2026-06-01 13:09:09
1535,中宇,50.0,49.6,50.2,49.5,55.44,39.52,56.76,-0.44,-0.53,0.1,50.8,49.62,48.45,101,105,0.96,61.87,12.53,3.0,6.0,2026-06-01,2026-06-01 13:09:11
1536,和大,53.9,53.5,55.6,52.7,66.09,55.34,51.08,0.01,-0.21,0.22,56.7,52.15,47.61,6306,6063,1.04,150.36,99.81,0.8,1.48,2026-06-01,2026-06-01 13:09:12
1537,廣隆,126.0,126.0,126.0,125.0,79.4,71.24,58.33,0.49,0.45,0.04,127.54,124.97,122.41,162,106,1.53,103.4,15.89,10.5,8.33,2026-06-01,2026-06-01 13:09:13
1538,正峰,11.7,11.15,11.7,11.15,49.66,53.96,28.57,-0.49,-0.53,0.04,13.04,12.18,11.32,4,7,0.53,3.78,,,,2026-06-01,2026-06-01 13:09:14
1539,巨庭,16.2,16.6,16.65,16.05,63.97,56.93,60.0,-0.02,-0.14,0.12,16.38,15.77,15.15,201,183,1.1,10.59,77.14,0.85,5.25,2026-06-01,2026-06-01 13:09:15
1540,喬福,22.2,21.2,22.25,21.2,67.59,57.39,65.56,0.01,-0.14,0.15,21.84,21.04,20.24,778,512,1.52,18.98,20.0,1.6,7.21,2026-06-01,2026-06-01 13:09:16
1541,錩泰,21.95,22.35,22.35,21.3,64.49,48.38,47.57,-0.79,-0.99,0.2,23.97,21.56,19.14,54,62,0.87,17.3,9.5,0.5,2.28,2026-06-01,2026-06-01 13:09:17
1558,伸興,91.6,91.8,91.8,90.6,44.62,42.81,52.78,-0.25,-0.48,0.23,92.27,90.91,89.56,106,88,1.2,59.11,16.65,6.0,6.55,2026-06-01,2026-06-01 13:09:18
1560,中砂,717.0,721.0,727.0,709.0,80.36,81.44,59.18,47.87,44.77,3.11,768.15,655.95,543.75,1097,1660,0.66,1067.79,78.62,3.99,0.56,2026-06-01,2026-06-01 13:09:19
1563,巧新,69.9,65.6,72.5,60.7,93.28,90.1,96.42,5.29,2.68,2.61,64.92,48.5,32.08,7961,6086,1.31,151.74,49.23,2.27,3.25,2026-06-01,2026-06-01 13:09:20
1565,精華,94.3,93.5,94.4,93.0,30.03,24.48,36.3,-2.62,-2.69,0.07,103.78,96.42,89.06,139,158,0.88,47.54,10.58,9.5,10.07,2026-06-01,2026-06-01 13:09:21
1568,倉佑,49.8,46.5,49.8,45.1,95.37,84.81,93.4,4.46,2.37,2.09,44.86,31.46,18.06,3700,4351,0.85,51.34,36.62,1.0,2.01,2026-06-01,2026-06-01 13:09:22
1569,濱川,51.2,51.7,52.5,51.0,27.72,29.76,32.08,-1.2,-0.95,-0.25,60.8,53.57,46.34,817,824,0.99,73.85,,,,2026-06-01,2026-06-01 13:09:23
1570,力肯,53.0,52.3,53.5,51.1,86.99,81.38,87.37,4.16,2.88,1.28,54.29,42.54,30.79,393,976,0.4,27.3,89.83,1.3,2.45,2026-06-01,2026-06-01 13:09:25
1580,新麥,123.0,122.5,123.5,122.0,55.78,46.14,50.0,-0.82,-1.0,0.18,124.43,122.65,120.87,97,88,1.11,60.69,9.83,9.16,7.45,2026-06-01,2026-06-01 13:09:26
1582,信錦,114.0,121.0,121.5,112.0,61.24,66.43,67.24,5.6,4.55,1.06,126.72,103.73,80.74,10126,11923,0.85,164.47,33.24,5.5,4.82,2026-06-01,2026-06-01 13:09:27
1583,程泰,57.3,63.0,63.0,57.0,71.94,63.21,69.03,2.51,1.32,1.18,58.1,49.86,41.61,275,311,0.89,62.69,14.88,3.03,5.29,2026-06-01,2026-06-01 13:09:28
1584,精剛,19.85,19.8,20.1,19.5,44.52,40.4,46.34,-0.27,-0.35,0.08,20.38,19.88,19.39,1332,1095,1.22,44.65,45.11,0.25,1.26,2026-06-01,2026-06-01 13:09:30
1586,和勤,21.85,21.95,22.25,21.7,26.9,43.36,53.66,-0.07,-0.04,-0.03,23.18,22.11,21.04,423,328,1.29,22.13,9.98,0.3,1.37,2026-06-01,2026-06-01 13:09:32
1587,吉茂,30.65,31.45,31.45,30.3,67.88,53.64,56.8,-0.82,-1.34,0.52,33.6,29.99,26.37,1427,1655,0.86,24.54,82.84,0.5,1.63,2026-06-01,2026-06-01 13:09:33
1589,永冠-KY,5.54,5.54,5.54,5.54,0.51,0.51,,-0.17,-0.25,0.07,5.54,5.54,5.54,0,0,,8.48,1.21,,,2026-05-29,2026-06-01 13:09:34
1590,亞德客-KY,1350.0,1365.0,1385.0,1340.0,25.91,32.45,23.19,20.79,43.27,-22.48,1545.78,1448.5,1351.22,987,1063,0.93,2700.0,32.14,29.11,2.16,2026-06-01,2026-06-01 13:09:35
1591,駿吉-KY,41.95,40.9,42.0,40.3,48.01,40.63,29.9,-4.15,-3.38,-0.78,71.54,50.01,28.48,154,281,0.55,15.96,,,,2026-06-01,2026-06-01 13:09:36
1593,祺驊,31.2,31.4,31.4,31.15,33.93,28.47,40.54,-0.34,-0.38,0.04,32.15,31.36,30.58,43,30,1.41,12.41,14.31,1.6,5.13,2026-06-01,2026-06-01 13:09:37
1595,川寶,80.0,86.2,87.5,77.8,25.9,42.63,40.67,5.6,8.34,-2.74,102.29,91.35,80.41,4389,3468,1.27,43.17,,0.5,0.62,2026-06-01,2026-06-01 13:09:38
1597,直得,180.5,180.5,187.0,179.0,43.23,52.94,47.69,14.76,17.96,-3.2,208.01,183.68,159.34,5020,7532,0.67,157.51,196.2,0.7,0.39,2026-06-01,2026-06-01 13:09:39
1598,岱宇,20.65,20.5,20.75,20.05,67.19,48.29,56.76,0.0,0.02,-0.01,21.64,20.47,19.3,503,330,1.52,33.75,2.51,0.5,2.42,2026-06-01,2026-06-01 13:09:40
1599,宏佳騰,23.5,23.4,23.6,23.3,26.78,24.0,35.0,-0.48,-0.51,0.03,25.08,23.9,22.71,92,66,1.39,16.93,,0.51,2.17,2026-06-01,2026-06-01 13:09:41
1603,華電,32.0,32.1,32.3,31.55,77.82,62.17,47.83,-0.26,-0.49,0.23,33.48,31.28,29.07,502,524,0.96,50.83,9.82,1.5,4.69,2026-06-01,2026-06-01 13:09:42
1604,聲寶,23.2,23.35,23.35,23.0,73.66,81.05,66.67,0.03,-0.03,0.05,23.5,23.04,22.59,624,470,1.33,86.71,13.65,1.5,6.47,2026-06-01,2026-06-01 13:09:43
1605,華新,39.7,39.3,41.4,38.3,78.86,74.54,67.57,1.54,1.16,0.38,39.5,35.5,31.51,114485,70634,1.62,1759.24,52.93,0.5,1.26,2026-06-01,2026-06-01 13:09:44
1608,華榮,34.8,34.8,35.0,34.1,80.3,67.18,56.76,0.26,0.04,0.22,35.29,33.26,31.24,5210,5612,0.93,147.62,6.35,1.0,2.87,2026-06-01,2026-06-01 13:09:45
1609,大亞,39.0,39.1,39.65,38.25,82.34,74.01,68.32,1.03,0.54,0.49,38.76,35.24,31.73,17333,17775,0.98,305.35,24.22,0.7,1.79,2026-06-01,2026-06-01 13:09:46
1611,中電,12.35,11.9,12.55,11.8,76.34,62.88,62.96,-0.06,-0.17,0.11,12.2,11.53,10.86,2679,1153,2.32,39.86,411.67,0.8,6.48,2026-06-01,2026-06-01 13:09:47
1612,宏泰,37.65,37.25,38.1,37.15,74.59,67.53,61.33,0.37,0.28,0.09,37.75,36.62,35.5,1934,1493,1.3,119.0,13.69,2.1,5.58,2026-06-01,2026-06-01 13:09:48
1614,三洋電,32.15,31.85,32.8,31.8,65.92,50.01,58.33,-0.16,-0.29,0.13,32.36,31.29,30.22,55,67,0.82,83.25,33.49,0.58,1.8,2026-06-01,2026-06-01 13:09:49
1615,大山,43.9,43.4,43.9,43.25,46.31,29.8,50.55,-0.67,-0.79,0.12,46.01,43.7,41.38,358,261,1.37,86.34,9.18,2.0,4.56,2026-06-01,2026-06-01 13:09:50
1616,億泰,22.15,22.0,22.5,21.9,68.59,60.2,46.43,-0.33,-0.48,0.16,22.97,21.72,20.47,716,710,1.01,41.97,14.29,1.8,8.13,2026-06-01,2026-06-01 13:09:53
1617,榮星,16.9,17.0,17.45,16.0,72.52,59.93,71.13,0.13,-0.08,0.21,16.13,14.9,13.66,1284,506,2.54,26.67,24.85,0.5,2.96,2026-06-01,2026-06-01 13:09:54
1618,合機,42.6,42.5,42.95,41.8,72.14,65.38,77.27,0.68,0.19,0.49,42.68,39.51,36.35,1207,2484,0.49,82.09,10.19,1.5,3.52,2026-06-01,2026-06-01 13:09:55
1623,大東電,240.0,244.0,244.0,239.0,64.41,54.99,56.3,4.41,3.75,0.66,254.16,233.28,212.39,254,441,0.58,158.4,17.63,8.0,3.33,2026-06-01,2026-06-01 13:09:57
1626,艾美特-KY,10.0,10.0,10.15,9.99,19.29,15.93,19.39,-0.21,-0.2,-0.02,11.2,10.29,9.37,168,164,1.02,14.98,,,,2026-06-01,2026-06-01 13:09:58
1702,南僑,30.8,31.1,31.15,30.6,38.38,43.24,32.28,-0.67,-0.69,0.02,33.14,31.75,30.36,1278,755,1.69,76.41,27.5,1.6,5.19,2026-06-01,2026-06-01 13:10:00
1707,葡萄王,100.5,101.0,101.0,99.7,13.91,10.18,13.77,-4.06,-3.79,-0.27,116.14,106.23,96.32,372,487,0.76,148.88,12.3,6.0,5.97,2026-06-01,2026-06-01 13:10:01
1708,東鹼,38.6,38.3,38.9,38.0,48.0,32.13,41.49,-0.26,-0.27,0.01,40.1,37.92,35.74,2364,3346,0.71,96.11,11.88,1.6,4.15,2026-06-01,2026-06-01 13:10:02
1709,和益,19.5,19.25,19.7,19.15,80.73,74.65,72.41,0.24,0.12,0.12,19.65,18.66,17.67,1028,1231,0.84,93.02,15.85,0.8,4.1,2026-06-01,2026-06-01 13:10:03
1710,東聯,13.65,13.95,14.05,13.5,74.76,76.51,65.91,0.08,-0.14,0.22,13.92,12.58,11.24,11793,7548,1.56,119.71,14.22,,,2026-06-01,2026-06-01 13:10:04
1711,永光,49.35,49.1,51.3,49.0,46.12,44.39,34.78,0.04,0.76,-0.72,61.35,52.36,43.38,12376,14138,0.88,270.32,,0.3,0.61,2026-06-01,2026-06-01 13:10:05
1712,興農,39.0,38.9,39.15,38.3,15.68,10.3,18.06,-0.92,-0.8,-0.13,42.88,40.58,38.28,1324,1300,1.02,163.99,15.0,2.5,6.41,2026-06-01,2026-06-01 13:10:07
1713,國化,49.5,49.5,49.9,49.4,70.52,67.51,67.24,0.54,0.32,0.22,49.74,47.91,46.07,297,336,0.88,74.72,12.86,7.5,15.15,2026-06-01,2026-06-01 13:10:08
1714,和桐,9.81,9.66,9.96,9.51,39.5,28.87,39.52,-0.02,-0.01,-0.01,10.2,9.61,9.02,8116,3989,2.03,96.3,19.62,0.21,2.14,2026-06-01,2026-06-01 13:10:09
1717,長興,81.5,82.0,84.4,81.1,60.09,61.09,47.89,1.9,1.93,-0.03,86.16,79.83,73.51,23099,44001,0.52,955.38,57.8,1.0,1.23,2026-06-01,2026-06-01 13:10:10
1718,中纖,7.28,6.81,7.28,6.68,64.78,43.21,62.78,-0.03,-0.11,0.08,6.93,6.51,6.09,17981,7361,2.44,97.07,80.89,,,2026-06-01,2026-06-01 13:10:11
1720,生達,61.6,61.6,61.8,61.0,41.72,41.32,58.7,-0.11,-0.15,0.04,62.26,61.48,60.71,346,297,1.16,110.08,11.89,2.8,4.55,2026-06-01,2026-06-01 13:10:12
1721,三晃,28.1,28.5,29.0,28.1,27.52,31.74,28.47,1.02,1.62,-0.6,34.06,29.78,25.5,2991,4855,0.62,51.95,,,,2026-06-01,2026-06-01 13:10:13
1722,台肥,47.05,46.6,47.2,46.1,66.85,48.22,50.51,-0.0,-0.06,0.05,47.5,46.34,45.19,4234,3221,1.31,461.09,49.53,2.0,4.25,2026-06-01,2026-06-01 13:10:14
1723,中碳,83.9,82.3,84.5,82.0,76.9,70.07,60.28,0.93,0.63,0.31,83.93,80.6,77.27,1257,870,1.44,194.77,31.66,1.85,2.21,2026-06-01,2026-06-01 13:10:15
1725,元禎,32.3,32.45,33.1,32.0,53.66,45.03,46.77,0.12,0.03,0.09,32.79,31.31,29.84,199,235,0.85,58.73,21.11,1.25,3.87,2026-06-01,2026-06-01 13:10:16
1726,永記,77.8,77.8,78.6,77.1,48.48,44.31,72.5,0.36,0.27,0.09,77.78,76.72,75.67,65,59,1.1,126.04,14.17,3.6,4.63,2026-06-01,2026-06-01 13:10:17
1727,中華化,95.4,94.5,99.3,93.8,49.36,59.24,68.67,7.7,7.98,-0.28,105.95,87.34,68.73,8619,10091,0.85,122.13,2385.0,0.5,0.52,2026-06-01,2026-06-01 13:10:18
1730,花仙子,52.5,52.4,52.5,52.3,12.72,13.98,37.5,-0.07,-0.05,-0.03,53.06,52.69,52.32,65,44,1.49,33.2,11.67,3.0,5.71,2026-06-01,2026-06-01 13:10:20
1731,美吾華,21.4,21.4,21.4,21.25,35.58,32.12,40.0,-0.09,-0.08,-0.02,21.8,21.55,21.3,249,226,1.1,28.44,15.74,1.2,5.61,2026-06-01,2026-06-01 13:10:21
1732,毛寶,26.45,26.35,26.6,26.25,25.15,28.38,47.54,0.07,0.09,-0.02,26.93,26.48,26.03,266,227,1.17,11.23,38.33,0.5,1.89,2026-06-01,2026-06-01 13:10:22
1733,五鼎,30.1,29.9,30.25,29.9,76.71,74.85,72.37,0.24,0.12,0.12,30.51,29.15,27.8,241,225,1.07,30.09,18.58,1.3,4.32,2026-06-01,2026-06-01 13:10:23
1734,杏輝,31.0,30.65,31.0,30.5,66.86,56.39,51.72,-0.16,-0.2,0.04,31.19,30.73,30.28,677,461,1.47,58.96,16.15,0.95,3.06,2026-06-01,2026-06-01 13:10:24
1735,日勝化,25.3,25.05,25.65,24.7,27.66,31.25,34.52,-0.34,-0.19,-0.15,27.86,26.03,24.2,374,590,0.63,25.15,32.44,0.8,3.16,2026-06-01,2026-06-01 13:10:25
1736,喬山,118.5,120.5,123.0,116.0,33.46,33.99,47.17,-1.28,-0.98,-0.3,128.89,121.17,113.46,1154,684,1.69,359.52,13.08,4.0,3.38,2026-06-01,2026-06-01 13:10:27
1737,臺鹽,31.6,31.55,31.65,31.45,53.26,48.62,60.0,-0.05,-0.07,0.02,31.64,31.52,31.41,169,185,0.91,63.2,15.88,1.3,4.11,2026-06-01,2026-06-01 13:10:28
1742,台蠟,15.4,15.5,15.9,15.35,38.42,28.6,46.3,-0.21,-0.26,0.04,15.79,15.28,14.78,46,31,1.46,14.27,,,,2026-06-01,2026-06-01 13:10:31
1752,南光,32.95,33.2,33.2,32.85,42.37,29.67,40.0,-0.52,-0.62,0.1,33.93,32.98,32.03,62,90,0.69,33.28,13.67,1.6,4.86,2026-06-01,2026-06-01 13:10:32
1760,寶齡富錦,60.7,60.9,61.0,59.8,25.08,19.36,33.33,-1.04,-0.87,-0.17,66.14,62.19,58.24,204,233,0.87,52.04,27.47,1.8,2.97,2026-06-01,2026-06-01 13:10:33
1762,中化生,38.75,38.85,39.4,38.0,66.28,70.94,65.02,2.32,2.38,-0.06,42.73,37.2,31.67,494,505,0.98,29.81,86.11,0.19,0.49,2026-06-01,2026-06-01 13:10:34
1773,勝一,185.0,188.0,189.5,184.0,61.01,62.7,54.2,5.93,5.55,0.37,194.89,178.8,162.71,748,1704,0.44,555.0,27.25,4.0,2.16,2026-06-01,2026-06-01 13:10:35
1776,展宇,18.35,18.2,18.6,18.2,35.01,36.55,63.16,0.47,0.51,-0.03,19.3,17.87,16.44,139,143,0.98,11.03,67.96,0.6,3.27,2026-06-01,2026-06-01 13:10:36
1777,生泰,71.6,71.1,71.7,71.1,63.17,66.22,56.52,0.08,0.02,0.07,71.96,71.27,70.58,31,29,1.07,31.93,12.24,5.3,7.4,2026-06-01,2026-06-01 13:10:38
1781,合世,10.95,10.55,10.95,10.55,66.19,57.73,55.1,-0.13,-0.21,0.08,11.16,10.67,10.19,30,54,0.56,5.19,,,,2026-06-01,2026-06-01 13:10:39
1783,和康生,38.8,38.8,39.0,38.1,45.37,34.9,50.65,-0.54,-0.66,0.12,39.75,38.87,38.0,97,127,0.76,34.8,13.2,0.83,2.14,2026-06-01,2026-06-01 13:10:40
1784,訊聯,66.2,67.1,67.2,65.2,19.33,14.9,35.81,-3.02,-2.73,-0.28,77.08,70.75,64.43,217,420,0.52,34.73,64.9,0.87,1.31,2026-06-01,2026-06-01 13:10:42
1785,光洋科,157.0,160.0,168.0,156.0,60.25,48.22,48.87,2.96,4.01,-1.05,175.99,153.43,130.86,47838,42236,1.13,935.69,50.32,2.0,1.27,2026-06-01,2026-06-01 13:10:44
1786,科妍,54.8,53.6,55.0,52.8,19.84,27.81,51.34,-1.5,-1.3,-0.2,61.3,55.97,50.64,396,316,1.25,41.01,25.14,1.91,3.49,2026-06-01,2026-06-01 13:10:44
1788,杏昌,134.0,134.0,134.0,133.5,26.38,31.34,37.5,-0.42,-0.32,-0.09,136.02,135.03,134.03,106,68,1.55,59.66,16.2,7.0,5.22,2026-06-01,2026-06-01 13:10:46
1789,神隆,19.7,19.75,19.85,19.5,66.93,50.86,68.42,-0.31,-0.42,0.12,20.29,19.41,18.52,810,822,0.99,155.78,115.88,0.29,1.47,2026-06-01,2026-06-01 13:10:47
1795,美時,198.5,196.0,199.0,193.5,42.0,32.66,39.82,-8.1,-8.39,0.29,237.64,204.7,171.76,1397,1806,0.77,521.68,11.0,5.78,2.91,2026-06-01,2026-06-01 13:10:48
1796,金穎生技,35.5,35.5,35.85,35.0,18.57,24.72,45.19,-0.68,-0.65,-0.03,38.87,36.67,34.47,25,16,1.55,14.72,50.71,,,2026-06-01,2026-06-01 13:10:50
1799,易威,33.05,33.25,33.3,32.0,15.84,11.07,19.47,-1.32,-1.13,-0.19,38.36,35.24,32.11,221,149,1.48,41.21,,,,2026-06-01,2026-06-01 13:10:54
1802,台玻,74.8,72.0,78.1,71.0,54.94,51.24,56.78,1.9,1.5,0.4,76.18,69.51,62.84,180589,179512,1.01,2175.23,22.26,,,2026-06-01,2026-06-01 13:10:55
1805,寶徠,10.05,10.05,10.05,9.98,49.8,42.63,32.14,-0.17,-0.18,0.0,10.8,10.27,9.74,143,111,1.29,13.56,50.25,,,2026-06-01,2026-06-01 13:10:56
1806,冠軍,8.09,7.99,8.09,7.95,30.65,18.71,43.33,-0.1,-0.1,0.01,8.29,8.1,7.9,458,408,1.12,31.27,27.9,1.0,12.36,2026-06-01,2026-06-01 13:10:56
1808,潤隆,29.1,29.0,29.3,28.5,55.0,39.89,53.04,-0.19,-0.26,0.07,29.68,28.86,28.03,2265,1747,1.3,259.87,21.4,2.22,7.63,2026-06-01,2026-06-01 13:10:57
1809,中釉,47.9,43.55,47.9,42.65,64.56,64.01,63.07,4.1,3.75,0.36,49.12,40.01,30.9,13569,10720,1.27,80.01,252.11,0.25,0.52,2026-06-01,2026-06-01 13:10:59
1810,和成,20.05,19.75,20.4,19.35,65.54,63.96,69.7,0.45,0.33,0.12,20.03,18.88,17.73,6178,6675,0.93,60.52,401.0,0.19,0.95,2026-06-01,2026-06-01 13:10:59
1813,寶利徠,11.9,12.0,12.0,11.9,35.03,28.99,38.46,-0.21,-0.22,0.01,12.51,12.19,11.88,51,86,0.6,5.55,,,,2026-06-01,2026-06-01 13:11:02
1815,富喬,109.0,108.0,113.0,107.0,52.38,46.9,51.52,-0.91,-1.26,0.35,114.85,106.6,98.35,57239,41776,1.37,636.87,66.46,,,2026-06-01,2026-06-01 13:11:03
1817,凱撒衛,39.55,39.25,39.95,39.25,16.61,15.36,58.65,0.14,0.16,-0.02,40.24,39.23,38.21,57,40,1.43,28.71,11.02,2.4,6.07,2026-06-01,2026-06-01 13:11:04
1903,士紙,49.4,49.2,49.4,48.6,35.62,35.4,56.72,-0.05,-0.22,0.17,50.39,48.77,47.15,227,320,0.71,128.46,38.29,,,2026-06-01,2026-06-01 13:11:05
1904,正隆,19.65,19.2,19.85,19.05,58.81,47.14,65.0,0.22,0.16,0.06,20.41,18.66,16.92,3018,1701,1.77,217.78,26.55,0.45,2.29,2026-06-01,2026-06-01 13:11:06
1905,華紙,12.15,11.95,12.2,11.8,40.8,33.62,54.55,-0.33,-0.38,0.05,12.73,12.16,11.59,4180,3820,1.09,133.99,,,,2026-06-01,2026-06-01 13:11:07
1906,寶隆,10.3,10.1,10.3,10.1,28.16,23.16,29.17,-0.33,-0.32,-0.01,11.33,10.61,9.88,109,159,0.69,15.55,1030.0,0.1,0.97,2026-06-01,2026-06-01 13:11:08
1907,永豐餘,24.45,24.45,24.6,23.95,35.41,32.59,56.31,-0.09,-0.13,0.04,24.97,24.29,23.6,1533,1409,1.09,405.96,20.55,0.8,3.27,2026-06-01,2026-06-01 13:11:09
1909,榮成,9.04,8.89,9.07,8.88,50.94,36.65,40.0,-0.11,-0.12,0.02,9.23,9.02,8.8,4041,3525,1.15,116.74,,,,2026-06-01,2026-06-01 13:11:10
2002,中鋼,19.1,19.2,19.25,18.9,36.12,35.68,57.89,-0.01,-0.13,0.12,19.67,18.67,17.67,66859,121437,0.55,2918.48,48.54,0.33,1.73,2026-06-01,2026-06-01 13:11:11
2006,東和鋼鐵,67.6,67.9,67.9,66.8,74.3,56.91,57.61,-0.41,-0.78,0.37,68.21,66.28,64.36,1855,2997,0.62,493.62,10.5,4.3,6.36,2026-06-01,2026-06-01 13:11:12
2007,燁興,7.64,7.51,7.67,7.45,51.44,45.07,60.47,-0.04,-0.13,0.09,7.78,7.27,6.75,732,786,0.93,40.54,,,,2026-06-01,2026-06-01 13:11:13
2008,高興昌,29.0,28.85,29.05,28.8,75.3,59.78,78.85,0.21,0.06,0.15,28.74,27.89,27.04,31,27,1.13,55.35,42.65,0.5,1.72,2026-06-01,2026-06-01 13:11:15
2009,第一銅,40.05,40.05,40.5,39.4,55.29,47.26,45.97,-0.03,-0.19,0.15,41.39,39.23,37.07,2545,2036,1.25,144.03,117.79,0.5,1.25,2026-06-01,2026-06-01 13:11:16
2010,春源,23.75,23.3,23.8,23.1,75.74,56.57,57.65,-0.32,-0.44,0.12,24.82,23.2,21.58,2282,1907,1.2,153.82,10.24,1.3,5.47,2026-06-01,2026-06-01 13:11:17
2012,春雨,14.5,14.35,14.5,14.2,28.49,25.35,41.86,-0.23,-0.25,0.03,15.26,14.69,14.12,134,94,1.42,40.42,80.56,1.0,6.9,2026-06-01,2026-06-01 13:11:18
2013,中鋼構,42.55,42.5,42.7,42.05,54.62,48.33,49.15,-0.2,-0.28,0.08,43.19,42.44,41.68,132,125,1.06,85.1,13.38,2.0,4.7,2026-06-01,2026-06-01 13:11:19
2014,中鴻,18.5,18.45,18.75,18.15,49.66,43.47,55.91,0.07,-0.05,0.12,18.84,17.8,16.76,9114,13291,0.69,265.58,54.41,,,2026-06-01,2026-06-01 13:11:20
2015,豐興,62.9,63.0,63.0,62.3,52.24,43.3,46.27,0.04,-0.08,0.12,64.35,62.52,60.7,530,459,1.15,365.83,16.34,3.3,5.25,2026-06-01,2026-06-01 13:11:21
2017,官田鋼,9.04,8.99,9.13,8.79,55.91,47.47,52.72,-0.04,-0.11,0.07,9.25,8.79,8.33,1340,1118,1.2,38.55,,,,2026-06-01,2026-06-01 13:11:22
2020,美亞,21.25,21.1,21.25,20.95,21.47,22.7,36.21,-0.31,-0.31,-0.0,22.28,21.56,20.85,1238,678,1.83,56.74,9.98,1.8,8.47,2026-06-01,2026-06-01 13:11:23
2022,聚亨,7.84,7.68,7.86,7.5,31.16,28.97,42.44,-0.19,-0.22,0.03,8.39,7.86,7.32,1807,1341,1.35,26.43,,,,2026-06-01,2026-06-01 13:11:24
2023,燁輝,13.95,13.65,14.05,13.6,41.21,35.88,51.61,-0.1,-0.12,0.02,14.25,13.84,13.43,3628,2773,1.31,254.06,36.71,,,2026-06-01,2026-06-01 13:11:25
2024,志聯,14.1,14.35,14.35,14.1,67.8,67.2,60.38,-0.06,-0.14,0.08,14.53,13.87,13.21,18,26,0.69,13.75,,,,2026-06-01,2026-06-01 13:11:26
2025,千興,11.9,11.9,11.95,11.7,33.93,38.59,48.75,0.12,0.13,-0.01,12.82,11.86,10.91,370,337,1.1,20.55,,,,2026-06-01,2026-06-01 13:11:27
2027,大成鋼,43.2,42.05,43.2,41.6,58.05,61.87,61.74,1.21,1.06,0.14,43.97,40.57,37.16,27972,25597,1.09,1016.17,15.05,1.1,2.55,2026-06-01,2026-06-01 13:11:28
2028,威致,17.1,16.85,17.2,16.8,29.93,38.36,51.55,-0.22,-0.27,0.05,17.83,16.98,16.13,198,231,0.86,55.41,61.07,0.6,3.51,2026-06-01,2026-06-01 13:11:29
2029,盛餘,20.5,20.35,20.6,20.25,36.39,40.55,55.56,0.01,-0.02,0.03,20.68,20.33,19.98,456,430,1.06,65.84,27.7,1.25,6.1,2026-06-01,2026-06-01 13:11:31
2030,彰源,18.3,18.2,18.45,17.8,66.02,60.52,53.54,0.45,0.39,0.05,18.96,17.38,15.8,1653,1564,1.06,50.5,52.29,0.71,3.88,2026-06-01,2026-06-01 13:11:32
2031,新光鋼,39.8,39.3,39.9,38.65,57.96,43.72,55.88,-0.16,-0.3,0.13,40.48,39.03,37.58,1190,1195,1.0,127.82,12.13,2.5,6.28,2026-06-01,2026-06-01 13:11:33
2032,新鋼,18.2,18.0,18.3,17.7,58.3,53.49,58.89,0.47,0.34,0.13,18.64,16.99,15.35,1213,2227,0.54,23.76,32.5,0.5,2.75,2026-06-01,2026-06-01 13:11:34
2033,佳大,15.35,15.25,15.4,15.1,51.19,55.89,57.89,-0.12,-0.18,0.06,15.62,15.2,14.78,136,146,0.93,12.39,43.86,0.2,1.3,2026-06-01,2026-06-01 13:11:35
2034,允強,20.2,20.2,20.35,19.9,40.53,37.32,48.39,-0.15,-0.16,0.01,21.5,20.32,19.14,2232,1854,1.2,106.86,101.0,1.0,4.95,2026-06-01,2026-06-01 13:11:36
2035,唐榮,28.0,27.95,28.0,27.95,67.56,76.51,46.15,0.01,0.02,-0.01,28.66,28.14,27.61,2,5,0.36,98.0,,,,2026-06-01,2026-06-01 13:11:37
2038,海光,13.95,13.95,14.2,13.6,38.95,36.49,50.7,-0.18,-0.28,0.09,14.44,13.72,13.01,675,1418,0.48,27.08,,,,2026-06-01,2026-06-01 13:11:38
2049,上銀,387.5,392.5,398.5,387.0,54.78,63.22,57.25,25.5,27.21,-1.71,427.17,368.3,309.43,5563,7963,0.7,1370.94,89.7,2.4,0.62,2026-06-01,2026-06-01 13:11:39
2059,川湖,5215.0,5285.0,5345.0,5110.0,64.57,54.57,45.66,255.08,283.09,-28.01,5634.59,4920.0,4205.41,720,566,1.27,4969.74,51.74,32.2,0.62,2026-06-01,2026-06-01 13:11:40
2061,風青,39.9,37.4,39.9,37.4,95.82,91.2,93.81,4.57,3.02,1.55,37.89,25.58,13.28,1431,3987,0.36,22.89,,,,2026-06-01,2026-06-01 13:11:41
2062,橋椿,18.85,18.7,18.85,18.4,48.82,28.42,26.42,-0.67,-0.67,0.01,21.29,19.32,17.36,337,516,0.65,37.7,48.33,1.8,9.55,2026-06-01,2026-06-01 13:11:42
2063,世鎧,25.2,25.2,25.2,25.1,53.14,47.93,45.95,-0.29,-0.33,0.04,25.88,25.33,24.78,26,29,0.91,12.12,16.36,8.0,31.75,2026-06-01,2026-06-01 13:11:44
2064,晉椿,15.15,14.4,15.15,13.75,85.99,77.31,87.93,0.55,0.39,0.16,14.45,13.08,11.7,88,44,1.99,10.55,,,,2026-06-01,2026-06-01 13:11:46
2065,世豐,36.0,36.5,36.5,36.0,90.7,91.94,94.79,1.52,1.27,0.25,38.21,33.18,28.14,133,161,0.83,22.87,32.43,1.5,4.17,2026-06-01,2026-06-01 13:11:48
2066,世德,58.4,61.0,61.0,58.0,57.96,58.8,71.53,2.61,2.29,0.32,65.1,53.45,41.8,148,173,0.85,25.81,43.91,3.02,5.17,2026-06-01,2026-06-01 13:11:49
2067,嘉鋼,6.5,6.5,6.7,6.42,17.95,23.56,17.86,-0.22,-0.21,-0.01,7.37,6.89,6.41,109,69,1.57,2.93,,,,2026-06-01,2026-06-01 13:11:51
2069,運錩,19.6,19.1,19.65,19.1,28.59,21.52,39.66,0.08,0.13,-0.05,20.4,19.44,18.47,345,440,0.79,32.61,12.1,0.9,4.59,2026-06-01,2026-06-01 13:11:52
2070,精湛,75.5,77.6,77.6,74.6,70.7,68.91,59.49,6.0,5.7,0.3,80.46,69.39,58.33,1364,5159,0.26,31.55,33.86,1.49,1.97,2026-06-01,2026-06-01 13:11:53
2072,世紀風電,174.0,171.0,174.5,170.0,50.44,34.84,45.05,-4.19,-4.83,0.64,183.38,173.43,163.47,614,509,1.21,334.08,14.57,7.08,4.07,2026-06-01,2026-06-01 13:11:54
2073,雄順,25.95,25.85,25.95,25.85,91.32,80.79,86.36,-0.13,-0.18,0.04,27.24,26.01,24.77,8,2,3.96,7.14,,0.7,2.7,2026-06-01,2026-06-01 13:11:56
2101,南港,32.0,30.3,32.35,29.95,41.47,23.88,41.95,-0.97,-1.02,0.05,35.06,31.72,28.38,6984,3292,2.12,231.38,31.68,0.7,2.19,2026-06-01,2026-06-01 13:11:57
2102,泰豐,17.95,18.05,18.05,17.75,34.06,36.52,35.71,-0.29,-0.3,0.01,18.82,18.24,17.65,446,430,1.04,82.49,2.86,,,2026-06-01,2026-06-01 13:11:58
2103,台橡,19.45,19.05,19.55,18.85,22.73,19.2,31.31,-0.17,0.01,-0.18,21.93,20.11,18.29,3616,3995,0.91,160.6,36.02,0.63,3.24,2026-06-01,2026-06-01 13:11:59
2104,國際中橡,10.5,10.25,10.5,10.1,74.58,58.77,58.54,-0.24,-0.35,0.1,10.51,10.08,9.65,4253,3126,1.36,101.85,38.89,,,2026-06-01,2026-06-01 13:12:00
2105,正新,33.0,32.4,33.05,32.2,60.28,47.33,61.17,0.18,0.13,0.05,32.95,31.96,30.96,14449,11971,1.21,1069.67,22.0,1.8,5.45,2026-06-01,2026-06-01 13:12:02
2106,建大,17.05,16.9,17.05,16.7,61.16,43.77,50.0,-0.28,-0.34,0.06,17.5,16.94,16.37,2260,1129,2.0,162.81,131.15,1.1,6.45,2026-06-01,2026-06-01 13:12:03
2107,厚生,25.65,25.3,25.65,25.25,58.69,36.61,45.59,-0.18,-0.18,0.0,26.49,25.43,24.37,378,265,1.42,77.87,15.36,1.4,5.46,2026-06-01,2026-06-01 13:12:04
2108,南帝,27.25,27.2,27.65,27.0,29.2,28.72,44.05,0.15,0.28,-0.13,28.74,27.49,26.24,1167,1267,0.92,134.18,32.83,1.0,3.67,2026-06-01,2026-06-01 13:12:06
2109,華豐,14.05,14.1,14.1,14.0,65.1,55.86,47.83,-0.09,-0.12,0.03,14.15,14.01,13.86,221,193,1.14,39.25,12.11,1.3,9.25,2026-06-01,2026-06-01 13:12:07
2114,鑫永銓,94.4,94.8,95.3,94.3,87.1,84.15,94.52,1.24,0.65,0.59,93.83,89.63,85.44,337,191,1.76,73.62,16.39,5.0,5.3,2026-06-01,2026-06-01 13:12:08
2115,六暉-KY,21.65,21.65,21.75,21.35,70.73,68.3,61.84,0.01,-0.18,0.18,21.91,20.84,19.76,151,221,0.68,22.6,13.7,1.5,6.93,2026-06-01,2026-06-01 13:12:09
2201,裕隆,27.85,27.35,28.05,26.75,68.83,53.16,51.52,-0.03,-0.12,0.1,28.13,27.18,26.24,5766,4007,1.44,295.9,29.95,0.56,2.01,2026-06-01,2026-06-01 13:12:10
2204,中華,53.6,54.1,54.1,53.2,74.23,64.57,46.43,-0.28,-0.45,0.17,54.95,53.19,51.42,1539,1776,0.87,296.74,9.8,3.6,6.72,2026-06-01,2026-06-01 13:12:11
2206,三陽工業,61.0,60.6,61.1,60.3,90.12,85.12,67.21,0.65,0.4,0.24,61.02,58.97,56.92,1387,1877,0.74,471.74,10.57,3.03,4.97,2026-06-01,2026-06-01 13:12:12
2207,和泰車,473.5,478.0,484.0,470.0,53.47,40.24,52.07,-5.92,-7.94,2.02,487.66,470.35,453.04,951,1351,0.7,2637.88,13.96,20.0,4.22,2026-06-01,2026-06-01 13:12:13
2208,台船,18.3,17.8,18.4,17.75,19.91,11.85,28.21,-0.68,-0.62,-0.05,21.39,19.15,16.9,10243,8347,1.23,233.24,,,,2026-06-01,2026-06-01 13:12:14
2211,長榮鋼,93.9,92.9,93.9,92.4,59.73,36.58,38.26,-1.69,-1.79,0.09,100.27,94.65,89.04,1176,796,1.48,391.65,10.92,5.0,5.32,2026-06-01,2026-06-01 13:12:15
2221,大甲,43.65,43.25,44.45,41.8,36.95,37.95,61.46,1.88,2.2,-0.32,48.8,41.57,34.34,522,477,1.09,18.47,19.06,1.3,2.98,2026-06-01,2026-06-01 13:12:17
2227,裕日車,50.0,50.5,50.5,49.75,53.33,33.26,34.67,-0.87,-0.93,0.06,54.06,50.34,46.61,73,60,1.23,150.0,38.46,3.9,7.8,2026-06-01,2026-06-01 13:12:19
2228,劍麟,85.2,85.1,86.0,84.3,60.14,49.11,49.11,-1.23,-1.58,0.35,90.57,84.79,79.01,227,316,0.72,67.97,16.74,9.0,10.56,2026-06-01,2026-06-01 13:12:20
2230,泰茂,28.15,28.25,28.7,27.85,18.54,23.55,31.11,-0.7,-0.65,-0.05,33.61,29.85,26.09,278,315,0.88,18.87,,1.0,3.55,2026-06-01,2026-06-01 13:12:22
2231,為升,109.0,106.5,111.0,106.0,40.48,28.09,43.75,-2.87,-2.91,0.04,118.4,108.78,99.15,1555,897,1.73,148.16,17.03,2.07,1.9,2026-06-01,2026-06-01 13:12:23
2233,宇隆,355.0,353.0,361.5,344.0,56.09,66.41,67.38,25.92,25.48,0.44,389.95,327.73,265.5,1180,2173,0.54,214.02,52.91,7.0,1.97,2026-06-01,2026-06-01 13:12:24
2235,謚源,30.5,30.3,30.8,30.05,59.34,53.09,53.24,-0.3,-0.58,0.28,32.1,30.43,28.76,20,10,1.89,10.94,32.11,3.0,9.84,2026-06-01,2026-06-01 13:12:25
2236,百達-KY,140.5,140.0,141.5,136.0,48.08,50.13,51.16,3.03,3.58,-0.55,146.69,137.97,129.26,378,472,0.8,86.27,18.22,0.31,0.22,2026-06-01,2026-06-01 13:12:26
2239,英利-KY,24.5,24.35,24.95,24.0,72.54,64.11,74.76,0.26,-0.1,0.36,24.25,22.37,20.48,92,148,0.62,28.84,3.21,,,2026-06-01,2026-06-01 13:12:27
2241,艾姆勒,34.65,34.6,35.7,33.45,44.45,56.2,51.26,1.51,1.55,-0.04,39.41,34.08,28.74,2543,5058,0.5,36.24,,,,2026-06-01,2026-06-01 13:12:28
2243,宏旭-KY,29.95,27.3,30.0,27.2,89.34,76.89,82.98,0.98,0.36,0.62,28.57,23.61,18.65,3607,1734,2.08,20.78,24.55,,,2026-06-01,2026-06-01 13:12:29
2247,汎德永業,217.5,225.0,225.0,216.5,61.91,51.15,60.0,-2.65,-5.09,2.44,220.66,209.97,199.29,167,258,0.65,175.54,12.34,33.0,15.17,2026-06-01,2026-06-01 13:12:30
2248,華勝-KY,55.1,54.8,55.7,54.7,56.86,49.54,60.87,0.17,0.3,-0.13,56.46,54.85,53.24,67,68,0.98,26.23,10.38,2.73,4.95,2026-06-01,2026-06-01 13:12:31
2250,IKKA-KY,64.3,65.2,65.3,63.9,42.28,29.88,55.36,-0.17,-0.38,0.2,65.95,62.93,59.92,141,168,0.84,23.4,16.32,3.35,5.21,2026-06-01,2026-06-01 13:12:32
2254,巨鎧精密-創,67.0,70.0,70.0,67.0,79.14,67.51,63.72,-1.08,-2.33,1.24,72.44,62.89,53.34,28,29,0.94,42.72,,,,2026-06-01,2026-06-01 13:12:33
2258,鴻華先進-創,32.95,30.4,33.05,30.3,75.56,64.06,65.59,0.43,-0.06,0.49,31.62,28.64,25.66,2234,1236,1.81,574.53,,,,2026-06-01,2026-06-01 13:12:34
2301,光寶科,234.5,239.0,241.5,231.0,58.24,59.31,50.0,15.4,14.07,1.33,252.38,214.35,176.32,35685,53240,0.67,5321.05,35.58,7.51,3.2,2026-06-01,2026-06-01 13:12:35
2302,麗正,38.25,37.35,40.65,36.85,85.81,85.54,85.27,4.37,3.13,1.24,38.87,27.0,15.14,10536,15696,0.67,63.61,78.06,0.58,1.52,2026-06-01,2026-06-01 13:12:36
2303,聯電,146.0,143.0,155.5,140.0,84.74,85.85,79.35,17.09,14.24,2.84,152.2,113.59,74.97,288406,326012,0.88,18317.79,37.06,2.85,1.95,2026-06-01,2026-06-01 13:12:38
2305,全友,23.05,23.85,24.4,23.05,81.22,76.94,78.46,1.69,1.01,0.67,24.01,18.63,13.26,6462,10587,0.61,46.73,115.25,,,2026-06-01,2026-06-01 13:12:39
2308,台達電,2420.0,2450.0,2520.0,2410.0,75.98,69.17,60.27,126.82,106.27,20.56,2541.37,2204.0,1866.63,8797,11785,0.75,62860.55,105.31,7.0,0.29,2026-06-01,2026-06-01 13:12:40
2312,金寶,40.6,39.9,42.0,39.8,85.29,81.35,76.48,3.36,2.4,0.96,41.25,31.79,22.33,120622,151623,0.8,611.23,39.04,0.6,1.48,2026-06-01,2026-06-01 13:12:41
2313,華通,282.0,288.5,291.5,278.5,59.02,60.61,56.11,8.92,6.78,2.15,297.89,262.2,226.51,72232,83867,0.86,3360.93,51.37,2.8,0.99,2026-06-01,2026-06-01 13:12:42
2314,台揚,16.15,16.0,16.15,16.0,64.9,65.59,71.72,0.31,-0.04,0.35,17.35,14.25,11.14,577,509,1.13,7.22,11.88,,,2026-06-01,2026-06-01 13:12:43
2316,楠梓電,166.0,171.5,175.0,164.0,68.48,74.35,69.68,14.37,12.02,2.35,183.5,142.38,101.25,6631,8682,0.76,301.18,12.43,0.5,0.3,2026-06-01,2026-06-01 13:12:44
2317,鴻海,293.5,302.0,304.5,293.0,82.54,74.37,77.36,14.01,10.76,3.25,283.22,255.07,226.93,198976,136833,1.45,41095.64,21.89,5.8,1.98,2026-06-01,2026-06-01 13:12:45
2321,東訊,14.95,15.0,15.0,14.95,79.79,72.15,75.0,0.36,0.04,0.32,15.2,13.34,11.47,3,17,0.18,4.48,,,,2026-06-01,2026-06-01 13:12:46
2323,中環,10.55,10.45,10.75,10.4,62.36,54.5,49.33,-0.07,-0.15,0.08,11.1,10.23,9.36,12826,8864,1.45,114.93,6.68,0.3,2.84,2026-06-01,2026-06-01 13:12:47
2324,仁寶,40.35,40.05,40.35,40.05,86.12,73.99,75.68,1.78,0.8,0.97,37.76,31.31,24.86,104649,259484,0.4,1733.35,29.45,1.1,2.73,2026-06-01,2026-06-01 13:12:49
2327,國巨*,790.0,765.0,811.0,765.0,90.83,91.52,90.32,110.2,85.57,24.63,825.72,531.88,238.03,32016,26864,1.19,16263.97,68.64,6.0,0.76,2026-06-01,2026-06-01 13:12:50
2328,廣宇,61.0,57.0,61.0,56.4,75.28,64.25,64.83,2.11,1.7,0.41,58.52,53.59,48.66,26816,14699,1.82,316.19,39.1,0.9,1.48,2026-06-01,2026-06-01 13:12:51
2329,華泰,61.0,61.3,62.3,60.6,75.54,63.0,52.43,0.59,0.02,0.57,64.83,57.85,50.87,16859,26187,0.64,401.96,31.61,1.0,1.64,2026-06-01,2026-06-01 13:12:52
2330,台積電,2355.0,2355.0,2415.0,2350.0,72.39,64.11,61.63,57.36,56.57,0.79,2357.13,2267.25,2177.37,37791,43077,0.88,610707.31,31.95,24.0,1.02,2026-06-01,2026-06-01 13:12:53
2331,精英,24.4,24.0,24.4,23.85,79.02,63.82,67.74,0.23,-0.23,0.46,23.19,20.58,17.97,7485,6490,1.15,136.01,17.43,0.21,0.86,2026-06-01,2026-06-01 13:12:54
2332,友訊,16.7,17.1,17.1,16.55,80.67,76.04,78.49,0.49,0.16,0.32,16.79,14.69,12.58,6968,10373,0.67,99.67,55.67,0.1,0.6,2026-06-01,2026-06-01 13:12:55
2337,旺宏,167.5,169.5,175.0,166.0,65.63,52.57,59.01,4.29,3.81,0.48,176.34,158.0,139.66,189468,194935,0.97,3231.29,4.78,,,2026-06-01,2026-06-01 13:12:56
2338,光罩,57.2,59.0,60.0,56.9,69.96,68.37,67.36,2.34,1.72,0.62,59.14,52.3,45.45,11233,12151,0.92,187.06,190.67,,,2026-06-01,2026-06-01 13:12:57
2340,台亞,36.6,38.2,38.7,36.6,57.07,60.59,45.51,0.92,1.09,-0.18,42.24,37.6,32.96,8183,9518,0.86,160.26,66.55,,,2026-06-01,2026-06-01 13:12:58
2342,茂矽,41.7,42.55,43.3,41.5,49.06,51.25,42.98,2.03,2.26,-0.22,45.87,41.89,37.9,5194,11425,0.45,65.69,22.66,0.3,0.72,2026-06-01,2026-06-01 13:12:59
2344,華邦電,168.0,168.0,173.5,166.0,86.71,78.91,71.04,13.96,9.9,4.06,163.69,127.49,91.29,294631,332716,0.89,7560.0,190.91,0.5,0.3,2026-06-01,2026-06-01 13:13:00
2345,智邦,2510.0,2460.0,2540.0,2430.0,46.58,49.52,49.38,98.38,127.23,-28.85,2669.42,2499.5,2329.58,2500,4063,0.62,14028.59,53.52,11.0,0.44,2026-06-01,2026-06-01 13:13:01
2347,聯強,86.5,85.4,86.9,84.4,63.36,58.25,58.7,1.17,1.04,0.13,87.03,84.1,81.17,6337,4631,1.37,1442.77,17.03,4.2,4.86,2026-06-01,2026-06-01 13:13:02
2348,海悅,69.9,68.2,69.9,68.2,42.55,23.33,42.65,-1.48,-1.66,0.18,72.21,69.63,67.05,337,284,1.19,106.06,10.22,9.0,12.88,2026-06-01,2026-06-01 13:13:03
2349,錸德,14.3,14.25,14.7,14.0,72.11,61.7,59.81,0.26,0.06,0.2,14.38,12.99,11.6,12896,11735,1.1,99.2,13.36,,,2026-06-01,2026-06-01 13:13:05
2351,順德,202.0,211.0,211.0,198.5,67.59,74.4,59.71,17.94,17.56,0.38,226.54,188.28,150.01,6983,9644,0.72,367.92,123.17,1.1,0.54,2026-06-01,2026-06-01 13:13:06
2352,佳世達,30.65,29.4,31.5,29.2,79.25,73.85,74.74,1.13,0.79,0.35,29.99,26.66,23.33,27332,13959,1.96,484.43,47.89,3.55,11.58,2026-06-01,2026-06-01 13:13:07
2353,宏碁,38.7,38.7,38.7,38.7,84.77,72.37,84.67,1.86,0.93,0.93,35.77,29.75,23.74,27374,72196,0.38,1163.4,30.96,1.3,3.36,2026-06-01,2026-06-01 13:13:08
2354,鴻準,62.8,61.6,64.0,61.4,67.78,58.34,50.9,1.49,1.5,-0.01,64.18,60.35,56.51,32537,16825,1.93,888.3,27.19,1.4,2.23,2026-06-01,2026-06-01 13:13:09
2355,敬鵬,60.2,63.0,63.0,60.0,46.23,60.7,60.39,3.23,3.1,0.13,69.89,58.13,46.37,38082,27160,1.4,239.29,37.86,1.85,3.07,2026-06-01,2026-06-01 13:13:10
2356,英業達,77.2,71.5,77.2,69.2,87.64,80.27,86.63,6.01,4.01,2.0,72.54,56.13,39.72,240995,172770,1.39,2769.53,32.03,1.7,2.2,2026-06-01,2026-06-01 13:13:11
2357,華碩,837.0,837.0,837.0,837.0,88.89,78.87,76.11,40.84,28.02,12.82,781.19,675.2,569.21,4019,5980,0.67,6216.9,14.06,34.0,4.06,2026-06-01,2026-06-01 13:13:12
2359,所羅門,150.5,147.0,154.5,145.5,73.74,71.14,65.96,7.05,5.85,1.2,151.94,132.8,113.66,15613,8414,1.86,257.91,122.36,1.0,0.66,2026-06-01,2026-06-01 13:13:13
2360,致茂,2580.0,2520.0,2710.0,2500.0,72.51,69.97,56.25,144.66,129.2,15.46,2674.1,2347.0,2019.9,2955,3454,0.86,10928.65,93.92,9.0,0.35,2026-06-01,2026-06-01 13:13:14
2362,藍天,47.25,45.2,48.45,43.9,80.39,71.57,77.26,1.32,0.68,0.64,44.71,40.47,36.23,8678,3829,2.27,273.1,23.16,2.53,5.35,2026-06-01,2026-06-01 13:13:15
2363,矽統,67.1,67.9,68.8,66.5,60.72,61.59,57.2,3.32,3.15,0.18,70.27,62.58,54.9,16136,20449,0.79,345.56,43.86,0.5,0.75,2026-06-01,2026-06-01 13:13:17
2364,倫飛,71.6,69.8,71.8,69.1,63.72,51.08,52.12,1.21,1.09,0.12,72.37,67.68,62.98,549,285,1.93,37.51,17.17,2.0,2.79,2026-06-01,2026-06-01 13:13:18
2365,昆盈,38.0,38.5,39.2,38.0,54.49,55.74,56.09,0.79,0.73,0.06,39.48,36.87,34.26,7489,6956,1.08,84.18,118.75,0.6,1.58,2026-06-01,2026-06-01 13:13:19
2367,燿華,67.4,68.6,69.2,66.2,53.33,57.41,54.48,0.63,-0.02,0.65,69.78,64.42,59.05,45167,51869,0.87,476.01,99.12,0.7,1.04,2026-06-01,2026-06-01 13:13:20
2368,金像電,1325.0,1345.0,1350.0,1300.0,42.63,45.32,45.7,27.89,41.99,-14.09,1502.54,1357.25,1211.96,4805,5304,0.91,6696.26,69.7,10.0,0.75,2026-06-01,2026-06-01 13:13:21
2369,菱生,39.7,40.9,40.9,39.5,84.13,77.63,76.73,2.31,1.22,1.09,41.28,33.11,24.94,23823,55122,0.43,148.65,23.63,0.3,0.76,2026-06-01,2026-06-01 13:13:22
2371,大同,30.25,30.2,30.9,29.85,53.61,44.46,50.98,-0.37,-0.54,0.18,31.37,29.64,27.91,22165,19396,1.14,618.93,12.93,3.11,10.28,2026-06-01,2026-06-01 13:13:23
2373,震旦行,58.4,58.2,58.4,58.0,87.48,72.84,68.75,0.31,0.09,0.21,58.4,56.87,55.34,81,71,1.13,130.64,15.09,3.7,6.34,2026-06-01,2026-06-01 13:13:25
2374,佳能,84.7,84.2,86.4,83.3,59.77,53.71,54.66,1.9,1.95,-0.05,84.77,81.1,77.43,21461,14559,1.47,286.28,35.0,0.6,0.71,2026-06-01,2026-06-01 13:13:27
2375,凱美,164.0,163.5,175.0,158.0,88.67,89.3,89.14,19.13,13.24,5.89,170.86,116.36,61.85,7966,26827,0.3,178.23,44.2,1.5,0.91,2026-06-01,2026-06-01 13:13:28
2376,技嘉,387.0,385.0,396.0,376.5,80.51,68.99,72.45,21.27,17.01,4.26,371.75,324.75,277.75,38843,21568,1.8,2592.47,22.54,10.0,2.58,2026-06-01,2026-06-01 13:13:29
2377,微星,141.5,136.0,144.0,134.5,77.43,70.82,79.67,9.19,7.19,2.0,139.06,115.01,90.96,79673,41470,1.92,1195.47,20.96,5.0,3.53,2026-06-01,2026-06-01 13:13:30
2379,瑞昱,609.0,595.0,610.0,583.0,66.72,65.48,63.78,16.71,14.88,1.84,615.72,570.25,524.78,5696,5106,1.12,3123.34,21.7,25.5,4.19,2026-06-01,2026-06-01 13:13:31
2380,虹光,5.33,5.35,5.35,5.3,7.26,16.25,37.88,-0.03,0.05,-0.08,6.33,5.81,5.29,410,355,1.16,3.2,7.4,,,2026-06-01,2026-06-01 13:13:32
2382,廣達,372.5,366.0,372.5,361.0,76.61,57.74,60.87,4.56,0.82,3.74,367.34,324.27,281.21,76663,58660,1.31,14358.08,19.69,13.0,3.49,2026-06-01,2026-06-01 13:13:33
2383,台光電,5070.0,5130.0,5280.0,4985.0,61.1,62.44,53.74,292.88,318.9,-26.01,5466.95,4906.0,4345.05,2271,2418,0.94,18166.87,110.03,16.58,0.33,2026-06-01,2026-06-01 13:13:35
2385,群光,141.5,136.5,142.5,136.0,80.62,71.63,57.47,2.71,1.8,0.91,139.69,131.1,122.51,6634,4608,1.44,1029.68,15.85,7.2,5.09,2026-06-01,2026-06-01 13:13:37
2387,精元,42.45,41.1,43.1,41.1,79.15,70.59,75.16,0.27,-0.05,0.33,42.59,39.89,37.19,2117,1250,1.69,82.15,12.3,4.0,9.42,2026-06-01,2026-06-01 13:13:38
2388,威盛,74.8,77.4,77.5,74.6,22.53,35.32,49.86,2.25,3.5,-1.25,86.33,77.73,69.12,8676,12032,0.72,415.84,623.33,0.05,0.07,2026-06-01,2026-06-01 13:13:39
2390,云辰,11.25,10.8,11.4,10.7,78.21,74.96,79.68,0.25,0.12,0.14,11.19,10.08,8.97,1995,1481,1.35,21.67,,,,2026-06-01,2026-06-01 13:13:41
2392,正崴,41.85,40.05,42.2,39.7,85.59,76.87,61.97,0.62,0.17,0.45,42.11,37.62,33.13,5753,3895,1.48,193.69,8.9,2.5,5.97,2026-06-01,2026-06-01 13:13:42
2393,億光,64.4,62.8,64.5,62.6,44.47,37.93,29.95,-1.81,-1.5,-0.31,76.36,66.92,57.49,3517,3161,1.11,285.55,14.22,5.31,8.25,2026-06-01,2026-06-01 13:13:43
2395,研華,517.0,505.0,525.0,505.0,69.42,67.41,58.06,31.66,31.03,0.62,532.93,471.25,409.57,3808,5408,0.7,4488.87,42.62,8.39,1.62,2026-06-01,2026-06-01 13:13:44
2397,友通,64.8,64.4,65.4,64.1,66.65,64.34,64.37,1.51,1.17,0.34,65.11,60.96,56.81,888,550,1.61,74.19,26.13,3.4,5.25,2026-06-01,2026-06-01 13:13:45
2399,映泰,50.2,48.7,52.4,48.5,69.55,64.02,58.7,2.51,2.5,0.01,50.92,45.9,40.88,13388,14811,0.9,89.41,334.67,,,2026-06-01,2026-06-01 13:13:46
2401,凌陽,29.65,30.2,30.2,29.2,67.33,71.65,65.81,1.78,1.56,0.22,32.15,27.21,22.27,11129,18756,0.59,174.47,14.75,,,2026-06-01,2026-06-01 13:13:47
2402,毅嘉,69.9,69.3,71.5,69.3,72.31,60.68,48.21,0.6,0.47,0.13,73.7,67.52,61.34,10880,13829,0.79,214.97,30.13,1.97,2.82,2026-06-01,2026-06-01 13:13:48
2404,漢唐,1175.0,1170.0,1175.0,1135.0,55.77,62.63,67.77,59.03,49.62,9.41,1273.04,1080.8,888.56,2586,4446,0.58,2219.42,24.63,28.0,2.38,2026-06-01,2026-06-01 13:13:49
2405,輔信,18.4,17.8,18.75,17.45,78.29,70.56,78.38,0.54,0.26,0.28,17.85,15.89,13.94,15171,8943,1.7,63.19,,0.17,0.92,2026-06-01,2026-06-01 13:13:50
2406,國碩,35.9,34.55,36.65,34.2,71.87,60.3,53.87,0.58,0.19,0.38,36.45,33.1,29.74,22786,18472,1.23,125.98,,,,2026-06-01,2026-06-01 13:13:53
2408,南亞科,381.5,362.0,381.5,359.5,80.92,65.39,63.6,24.76,19.56,5.19,364.13,305.85,247.57,129017,168882,0.76,11821.27,179.95,1.35,0.35,2026-06-01,2026-06-01 13:13:54
2409,友達,23.8,23.8,24.8,23.1,62.32,62.03,61.23,1.32,1.03,0.29,24.31,20.31,16.31,563805,592345,0.95,1796.21,26.44,1.2,5.04,2026-06-01,2026-06-01 13:13:56
2412,中華電,140.5,137.0,142.0,137.0,28.89,23.62,61.9,0.49,0.43,0.06,140.71,137.22,133.74,26980,20956,1.29,10899.21,28.04,5.0,3.56,2026-06-01,2026-06-01 13:13:57
2413,環科,53.2,52.1,53.9,51.6,76.41,73.2,73.03,1.17,0.5,0.67,54.63,48.0,41.37,9029,5258,1.72,67.75,129.76,0.5,0.94,2026-06-01,2026-06-01 13:13:58
2414,精技,51.5,50.8,51.9,50.8,83.21,79.19,71.75,1.38,1.29,0.1,51.95,49.16,46.37,358,304,1.18,83.29,16.35,2.5,4.85,2026-06-01,2026-06-01 13:13:59
2415,錩新,27.15,27.0,27.35,26.85,58.59,50.43,52.31,-0.24,-0.33,0.09,27.89,26.97,26.06,222,150,1.48,24.44,15.0,1.2,4.42,2026-06-01,2026-06-01 13:14:01
2417,圓剛,53.9,49.8,53.9,49.8,66.73,58.11,57.68,1.86,2.05,-0.19,55.27,50.39,45.5,13052,4883,2.67,69.27,,0.2,0.37,2026-06-01,2026-06-01 13:14:02
2419,仲琦,33.0,33.4,34.55,32.65,67.6,65.8,64.47,0.06,-0.32,0.39,32.92,30.66,28.4,5296,4862,1.09,106.03,37.08,,,2026-06-01,2026-06-01 13:14:04
2420,新巨,63.7,64.6,64.7,63.7,76.65,80.55,67.07,2.5,2.13,0.37,66.61,59.56,52.5,719,992,0.73,97.24,16.38,3.5,5.49,2026-06-01,2026-06-01 13:14:05
2421,建準,165.0,161.0,166.0,159.5,81.52,75.68,64.55,4.84,3.57,1.27,167.65,151.85,136.05,7778,7574,1.03,471.97,20.91,5.24,3.18,2026-06-01,2026-06-01 13:14:07
2423,固緯,80.7,82.3,84.7,79.5,67.4,73.47,75.58,6.47,6.0,0.47,87.76,72.83,57.9,335,525,0.64,117.05,27.73,2.0,2.48,2026-06-01,2026-06-01 13:14:08
2424,隴華,12.95,12.4,12.95,12.3,8.8,10.12,24.25,-2.84,-2.32,-0.51,26.27,17.93,9.58,111,356,0.31,7.72,,,,2026-06-01,2026-06-01 13:14:09
2425,承啟,36.7,35.85,37.0,35.85,75.85,69.51,60.47,1.42,1.29,0.13,37.24,33.87,30.51,1317,1209,1.09,35.42,,0.15,0.41,2026-06-01,2026-06-01 13:14:10
2426,鼎元,77.0,81.9,81.9,75.0,62.17,66.91,58.48,6.84,6.9,-0.05,85.39,72.45,59.51,19338,23217,0.83,231.48,63.11,0.1,0.13,2026-06-01,2026-06-01 13:14:11
2427,三商電,22.05,20.6,22.1,20.6,55.05,34.98,60.27,-0.33,-0.49,0.17,22.09,20.91,19.73,2331,983,2.37,43.66,15.31,0.7,3.17,2026-06-01,2026-06-01 13:14:12
2428,興勤,283.0,291.0,304.5,278.0,79.82,86.46,86.22,26.72,19.71,7.01,297.41,225.93,154.44,3956,3894,1.02,362.56,24.17,6.1,2.16,2026-06-01,2026-06-01 13:14:13
2429,銘旺科,48.85,47.5,49.9,47.5,41.15,33.05,44.94,-0.37,0.08,-0.45,55.03,50.21,45.39,717,867,0.83,41.77,,,,2026-06-01,2026-06-01 13:14:14
2430,燦坤,18.35,18.25,18.45,18.2,29.06,26.94,29.69,-0.64,-0.7,0.06,20.3,18.86,17.43,285,202,1.41,21.43,26.59,0.8,4.36,2026-06-01,2026-06-01 13:14:15
2431,聯昌,10.9,10.45,11.2,10.35,53.44,45.66,54.0,-0.21,-0.3,0.09,11.04,10.5,9.96,1515,732,2.07,12.09,,,,2026-06-01,2026-06-01 13:14:16
2432,倚天酷碁-創,26.65,26.55,26.65,26.2,72.83,61.23,46.87,-0.31,-0.34,0.03,28.28,26.69,25.1,99,52,1.9,16.49,14.33,1.7,6.38,2026-06-01,2026-06-01 13:14:18
2433,互盛電,43.5,43.0,43.5,42.95,19.95,14.67,18.75,-0.6,-0.45,-0.15,46.41,44.67,42.93,59,95,0.63,62.86,14.31,3.0,6.9,2026-06-01,2026-06-01 13:14:19
2434,統懋,37.15,39.75,39.75,36.15,79.5,67.78,70.0,1.48,0.63,0.85,37.6,32.01,26.41,640,492,1.3,13.75,1857.5,,,2026-06-01,2026-06-01 13:14:19
2436,偉詮電,75.9,78.2,78.6,75.5,62.15,66.06,48.65,2.12,2.15,-0.04,81.04,74.69,68.33,6495,9826,0.66,149.73,27.2,1.5,1.98,2026-06-01,2026-06-01 13:14:22
2438,翔耀,26.95,28.2,28.9,26.4,81.59,77.74,75.69,1.13,0.45,0.68,27.56,23.09,18.62,928,1363,0.68,18.38,,,,2026-06-01,2026-06-01 13:14:23
2439,美律,91.6,92.0,93.0,91.0,81.94,77.66,72.06,1.17,0.44,0.72,93.12,87.47,81.82,3221,5487,0.59,227.76,18.25,7.29,7.96,2026-06-01,2026-06-01 13:14:24
2440,太空梭,18.15,17.75,18.7,17.6,49.04,44.04,59.56,0.33,0.4,-0.07,18.65,17.56,16.46,1339,868,1.54,25.25,,,,2026-06-01,2026-06-01 13:14:25
2441,超豐,137.5,143.0,143.0,135.0,84.95,87.0,85.34,12.39,8.69,3.7,147.99,110.84,73.69,14940,20633,0.72,782.16,32.2,3.0,2.18,2026-06-01,2026-06-01 13:14:27
2442,新美齊,18.9,18.7,18.95,18.55,73.3,60.42,52.63,-0.12,-0.21,0.09,18.92,18.53,18.13,2758,2167,1.27,53.14,4.42,0.08,0.42,2026-06-01,2026-06-01 13:14:28
2444,兆勁,12.5,12.55,12.7,12.1,23.44,16.88,41.07,-0.23,-0.16,-0.07,13.96,12.96,11.96,1173,859,1.37,12.7,,,,2026-06-01,2026-06-01 13:14:29
2449,京元電子,318.0,328.5,329.5,317.0,62.05,58.15,55.82,6.36,4.27,2.08,350.53,310.73,270.92,51259,75761,0.68,3888.33,48.92,4.0,1.26,2026-06-01,2026-06-01 13:14:30
2450,神腦,30.8,29.9,31.15,29.85,66.54,51.26,69.09,0.03,-0.09,0.12,30.37,29.52,28.66,1068,457,2.33,79.54,17.91,1.55,5.03,2026-06-01,2026-06-01 13:14:32
2451,創見,357.5,351.0,360.0,343.0,66.89,49.07,52.3,16.21,15.82,0.39,359.46,322.15,284.84,8634,7618,1.13,1542.15,27.61,6.09,1.7,2026-06-01,2026-06-01 13:14:33
2453,凌群,63.9,61.4,64.5,61.3,72.06,69.89,75.41,2.05,1.25,0.8,63.14,56.78,50.42,4136,4419,0.94,63.9,20.55,2.6,4.07,2026-06-01,2026-06-01 13:14:34
2454,聯發科,4555.0,4440.0,4710.0,4440.0,83.56,78.01,64.82,512.52,461.77,50.75,4725.44,3749.75,2774.06,18087,17653,1.02,72702.82,69.08,53.5,1.17,2026-06-01,2026-06-01 13:14:35
2455,全新,415.5,428.0,428.5,410.5,58.12,65.93,58.9,26.28,26.86,-0.58,448.36,386.82,325.29,1665,4239,0.39,768.28,140.85,3.22,0.77,2026-06-01,2026-06-01 13:14:37
2457,飛宏,26.85,27.0,27.4,26.4,66.08,61.36,57.78,0.25,0.05,0.2,26.96,25.27,23.57,5174,3967,1.3,114.05,,,,2026-06-01,2026-06-01 13:14:38
2458,義隆,167.0,164.0,168.0,161.0,79.4,77.56,70.87,7.34,6.38,0.96,171.35,152.88,134.4,4358,3176,1.37,478.16,19.86,7.07,4.23,2026-06-01,2026-06-01 13:14:39
2459,敦吉,67.3,67.5,67.5,66.8,80.65,75.82,57.69,0.15,0.05,0.09,67.51,66.53,65.55,325,312,1.04,71.07,13.07,4.0,5.94,2026-06-01,2026-06-01 13:14:40
2460,建通,32.8,33.05,33.05,32.35,50.58,40.89,53.16,-0.21,-0.09,-0.12,34.58,32.55,30.52,737,700,1.05,55.5,32.16,,,2026-06-01,2026-06-01 13:14:42
2461,光群雷,16.8,16.35,17.2,16.15,50.26,44.42,58.42,-0.18,-0.24,0.07,17.27,16.32,15.37,1795,1261,1.42,33.75,17.87,1.67,9.94,2026-06-01,2026-06-01 13:14:43
2462,良得電,23.1,21.15,23.1,21.15,79.05,64.8,72.48,-0.09,-0.35,0.26,22.26,20.77,19.29,1269,665,1.91,34.83,85.56,0.81,3.51,2026-06-01,2026-06-01 13:14:44
2464,盟立,199.0,194.5,202.0,191.5,92.31,89.16,79.14,23.05,17.87,5.18,194.69,139.38,84.06,23145,20883,1.11,410.64,49.08,0.35,0.18,2026-06-01,2026-06-01 13:14:45
2465,麗臺,88.5,83.8,90.8,83.8,69.36,64.69,54.65,4.05,4.37,-0.32,91.87,83.28,74.68,4081,2511,1.62,83.14,158.04,,,2026-06-01,2026-06-01 13:14:46
2466,冠西電,47.0,47.85,48.35,46.65,25.73,34.99,39.04,-1.89,-1.87,-0.02,54.02,49.24,44.46,275,275,1.0,81.53,188.0,,,2026-06-01,2026-06-01 13:14:47
2467,志聖,637.0,634.0,647.0,625.0,60.24,61.55,47.96,29.32,30.94,-1.62,680.09,603.2,526.31,1404,2526,0.56,973.8,125.39,5.5,0.86,2026-06-01,2026-06-01 13:14:48
2468,華經,36.5,34.15,36.5,34.15,67.88,57.92,66.86,-0.07,-0.33,0.26,36.11,33.75,31.4,988,394,2.5,25.54,29.2,0.9,2.47,2026-06-01,2026-06-01 13:14:49
2471,資通,54.6,51.3,56.2,51.3,72.51,63.56,72.0,-0.04,-0.35,0.31,53.89,51.22,48.55,2244,649,3.46,25.8,15.25,3.06,5.6,2026-06-01,2026-06-01 13:14:50
2472,立隆電,392.0,383.0,408.0,383.0,90.88,90.49,88.41,49.13,35.39,13.74,386.05,261.7,137.35,3692,12164,0.3,645.76,44.95,3.1,0.79,2026-06-01,2026-06-01 13:14:51
2474,可成,223.5,223.5,223.5,223.5,65.88,47.12,58.91,0.33,-2.24,2.57,221.8,197.78,173.75,7963,25814,0.31,1204.27,19.76,11.49,5.14,2026-06-01,2026-06-01 13:14:52
2476,鉅祥,122.0,124.5,127.0,121.0,51.52,60.02,54.55,4.02,4.38,-0.36,129.2,119.3,109.4,3303,7491,0.44,266.06,29.26,3.5,2.87,2026-06-01,2026-06-01 13:14:53
2477,美隆電,22.15,21.6,22.4,21.6,72.27,60.81,64.86,-0.09,-0.27,0.18,21.75,20.94,20.13,703,384,1.83,35.12,13.18,1.4,6.32,2026-06-01,2026-06-01 13:14:54
2478,大毅,144.0,140.5,152.5,140.5,86.91,85.64,89.51,16.69,12.53,4.16,147.54,101.12,54.71,3465,4180,0.83,205.53,42.11,1.82,1.26,2026-06-01,2026-06-01 13:14:55
2480,敦陽科,161.0,150.0,161.0,150.0,56.52,40.78,72.41,2.14,1.54,0.6,154.97,148.7,142.43,1938,763,2.54,171.24,20.2,7.42,4.61,2026-06-01,2026-06-01 13:14:56
2481,強茂,157.0,163.5,163.5,151.0,83.86,81.75,80.29,13.49,10.43,3.06,165.44,127.2,88.96,61165,62183,0.98,599.92,50.65,1.8,1.15,2026-06-01,2026-06-01 13:14:57
2482,連宇,16.75,16.25,16.95,16.25,43.03,40.78,53.45,-0.12,-0.15,0.03,17.01,16.5,16.0,376,218,1.72,13.05,,0.61,3.64,2026-06-01,2026-06-01 13:14:58
2483,百容,25.5,26.0,26.5,25.3,60.61,60.48,55.49,0.79,0.73,0.06,26.33,24.47,22.61,684,694,0.99,27.39,42.5,0.3,1.18,2026-06-01,2026-06-01 13:14:59
2484,希華,53.2,54.7,55.2,52.6,79.87,79.47,73.44,4.34,3.4,0.95,58.59,45.36,32.14,13806,29808,0.46,84.81,81.85,0.7,1.32,2026-06-01,2026-06-01 13:15:00
2485,兆赫,72.6,74.6,74.8,72.5,48.68,55.92,58.25,1.4,1.1,0.3,76.68,70.81,64.94,21839,28361,0.77,230.64,,,,2026-06-01,2026-06-01 13:15:01
2486,一詮,266.5,267.0,270.0,256.0,36.0,47.77,48.73,12.53,16.49,-3.96,303.51,271.45,239.4,11600,9959,1.16,620.08,1269.05,0.5,0.19,2026-06-01,2026-06-01 13:15:03
2488,漢平,54.1,53.1,54.1,53.1,70.75,68.01,67.19,0.76,0.7,0.06,54.33,52.37,50.41,165,189,0.87,43.28,12.05,3.0,5.55,2026-06-01,2026-06-01 13:15:04
2489,瑞軒,48.65,50.1,50.4,48.65,57.68,64.06,61.55,2.47,2.11,0.36,54.93,45.52,36.12,31283,68993,0.45,296.77,40.21,1.0,2.06,2026-06-01,2026-06-01 13:15:05
2491,吉祥全,25.6,23.55,25.6,23.55,81.9,73.87,65.2,1.75,1.5,0.26,24.95,21.26,17.56,2096,1357,1.54,20.99,17.9,,,2026-06-01,2026-06-01 13:15:06
2492,華新科,416.0,408.0,433.0,408.0,94.52,96.29,94.52,63.76,45.64,18.12,429.19,252.32,75.46,4950,6758,0.73,2016.79,87.95,2.41,0.58,2026-06-01,2026-06-01 13:15:07
2493,揚博,153.0,159.0,159.0,150.0,67.19,69.03,66.04,8.35,6.36,1.98,165.48,141.12,116.77,4519,8301,0.54,273.56,35.25,4.0,2.61,2026-06-01,2026-06-01 13:15:08
2495,普安,50.9,50.6,52.6,49.05,88.91,82.65,76.15,2.97,1.62,1.35,52.77,41.44,30.11,15130,21686,0.7,139.24,45.45,1.3,2.55,2026-06-01,2026-06-01 13:15:10
2496,卓越,64.7,64.8,64.8,64.5,43.57,39.84,30.0,-0.15,-0.19,0.04,65.91,64.86,63.8,15,14,1.04,12.36,10.61,4.5,6.96,2026-06-01,2026-06-01 13:15:11
2497,怡利電,65.6,60.1,65.6,60.1,72.53,60.32,68.21,1.77,1.37,0.4,63.28,58.27,53.26,5007,2149,2.33,85.86,27.8,2.0,3.05,2026-06-01,2026-06-01 13:15:12
2498,宏達電,45.5,45.5,45.95,45.2,39.45,47.49,64.19,1.13,1.06,0.06,48.31,43.45,38.58,8909,11627,0.77,380.44,6.36,0.5,1.1,2026-06-01,2026-06-01 13:15:13
2501,國建,22.95,22.65,23.0,22.35,71.12,48.09,60.0,-0.3,-0.4,0.1,23.27,22.38,21.48,5065,3880,1.31,266.12,8.11,1.0,4.36,2026-06-01,2026-06-01 13:15:14
2504,國產,35.5,34.95,35.65,34.95,69.89,67.21,63.24,-0.2,-0.33,0.13,35.37,34.71,34.04,3238,2463,1.31,417.79,10.79,,,2026-06-01,2026-06-01 13:15:15
2505,國揚,17.45,17.4,17.55,17.25,23.45,31.36,34.29,-0.25,-0.24,-0.01,18.17,17.77,17.37,369,374,0.99,66.31,7.39,1.0,5.73,2026-06-01,2026-06-01 13:15:17
2506,太設,8.72,8.65,8.73,8.6,75.14,68.38,66.67,-0.04,-0.06,0.02,8.76,8.66,8.56,227,147,1.54,31.53,436.0,0.2,2.29,2026-06-01,2026-06-01 13:15:18
2509,全坤建,12.3,12.2,12.35,12.2,26.98,27.22,25.0,-0.38,-0.36,-0.02,13.72,12.85,11.99,227,223,1.02,27.62,,,,2026-06-01,2026-06-01 13:15:19
2511,太子,7.81,7.7,7.88,7.69,61.04,50.84,59.09,-0.07,-0.1,0.02,7.92,7.71,7.5,2453,1427,1.72,126.73,23.67,0.3,3.84,2026-06-01,2026-06-01 13:15:20
2514,龍邦,13.65,12.95,13.9,12.95,49.46,37.04,70.37,-0.08,-0.13,0.05,13.5,13.1,12.69,1389,370,3.75,48.88,7.38,,,2026-06-01,2026-06-01 13:15:21
2515,中工,12.8,12.95,13.1,12.8,38.93,42.26,47.52,-0.17,-0.21,0.04,13.78,12.94,12.1,8428,8364,1.01,205.81,32.82,,,2026-06-01,2026-06-01 13:15:22
2516,新建,12.6,12.75,12.8,12.5,40.58,38.09,45.45,-0.19,-0.23,0.04,13.71,12.83,11.96,148,629,0.24,28.51,10.24,,,2026-06-01,2026-06-01 13:15:23
2520,冠德,30.9,29.9,30.9,29.8,48.38,38.23,57.32,-0.11,-0.15,0.03,31.51,30.26,29.01,1722,1543,1.12,182.19,11.84,3.1,10.03,2026-06-01,2026-06-01 13:15:24
2524,京城,35.45,34.45,35.5,34.45,61.89,40.42,45.31,-0.9,-1.09,0.19,37.47,34.8,32.14,183,108,1.7,129.74,20.73,,,2026-06-01,2026-06-01 13:15:25
2527,宏璟,36.75,36.75,37.25,36.2,77.98,68.61,75.63,0.7,0.4,0.31,36.97,34.46,31.95,437,637,0.69,96.2,39.52,2.0,5.44,2026-06-01,2026-06-01 13:15:27
2528,皇普,20.15,21.1,21.1,20.0,20.63,29.25,16.67,-0.59,-0.49,-0.1,23.11,22.01,20.9,2260,1358,1.66,87.85,5.79,1.5,7.44,2026-06-01,2026-06-01 13:15:28
2530,華建,19.7,18.9,19.7,18.5,32.92,24.81,35.45,-0.9,-0.82,-0.08,22.52,20.35,18.17,1601,1957,0.82,165.73,9.9,3.0,15.23,2026-06-01,2026-06-01 13:15:30
2534,宏盛,17.3,17.3,17.3,17.05,27.97,28.24,24.14,-0.49,-0.47,-0.02,19.19,18.02,16.85,1195,1405,0.85,81.83,8.4,1.0,5.78,2026-06-01,2026-06-01 13:15:31
2535,達欣工,82.4,81.0,83.0,79.9,86.12,78.54,75.33,2.1,1.55,0.55,80.97,75.84,70.71,627,613,1.02,214.15,12.72,4.6,5.58,2026-06-01,2026-06-01 13:15:32
2536,宏普,19.75,19.5,19.8,19.4,36.1,22.83,34.21,-0.55,-0.56,0.01,21.0,20.07,19.15,308,450,0.68,65.73,6.21,0.5,2.53,2026-06-01,2026-06-01 13:15:33
2537,聯上發,10.05,9.42,10.1,9.42,41.27,25.02,48.74,-0.18,-0.19,0.01,10.53,9.86,9.2,1980,1271,1.56,30.21,67.0,,,2026-06-01,2026-06-01 13:15:34
2538,基泰,9.64,9.31,9.8,9.29,43.41,32.04,46.92,-0.14,-0.16,0.02,10.01,9.54,9.08,3663,1024,3.57,42.9,28.35,0.7,7.26,2026-06-01,2026-06-01 13:15:35
2539,櫻花建,36.7,36.7,37.55,35.35,41.91,28.1,39.46,-2.06,-2.13,0.08,41.6,37.81,34.02,3246,3483,0.93,437.87,10.61,0.5,1.36,2026-06-01,2026-06-01 13:15:36
2540,愛山林,54.2,55.0,55.0,54.0,44.81,40.05,62.21,0.4,0.62,-0.22,58.33,53.83,49.33,670,943,0.71,512.12,78.55,0.71,1.31,2026-06-01,2026-06-01 13:15:37
2542,興富發,42.6,41.9,42.6,41.3,28.66,35.14,59.15,1.08,1.37,-0.29,45.3,42.22,39.13,10085,11561,0.87,899.69,20.29,2.0,4.69,2026-06-01,2026-06-01 13:15:38
2543,皇昌,47.0,46.5,48.1,46.1,59.08,49.74,58.69,-1.7,-2.87,1.17,47.8,42.44,37.08,3998,3370,1.19,245.13,17.54,1.0,2.13,2026-06-01,2026-06-01 13:15:39
2545,皇翔,36.95,36.35,37.1,36.15,41.41,28.57,32.94,-0.28,-0.13,-0.15,39.5,37.51,35.52,397,441,0.9,140.31,19.24,4.5,12.18,2026-06-01,2026-06-01 13:15:40
2546,根基,87.3,87.6,87.6,86.3,75.33,65.5,71.19,0.62,0.31,0.31,87.65,85.34,83.02,214,160,1.33,113.95,9.25,3.2,3.67,2026-06-01,2026-06-01 13:15:41
2547,日勝生,9.92,9.87,9.95,9.82,31.41,31.67,35.06,-0.16,-0.17,0.01,10.33,10.04,9.76,2282,2273,1.0,102.68,3.49,0.58,5.85,2026-06-01,2026-06-01 13:15:43
2548,華固,122.5,119.5,123.0,117.5,34.82,25.69,46.43,-1.07,-0.61,-0.46,128.4,123.65,118.9,4848,3596,1.35,391.41,13.92,8.0,6.53,2026-06-01,2026-06-01 13:15:44
2596,綠意,27.85,27.5,27.85,26.9,36.26,27.68,37.5,-0.83,-0.81,-0.02,30.17,28.44,26.71,174,215,0.81,27.85,14.97,1.0,3.59,2026-06-01,2026-06-01 13:15:45
2597,潤弘,166.5,164.5,169.0,163.5,62.69,52.6,56.67,1.56,1.17,0.4,167.42,160.05,152.68,1024,848,1.21,517.34,15.5,6.42,3.86,2026-06-01,2026-06-01 13:15:46
2601,益航,5.76,5.24,5.76,5.15,85.68,73.84,78.62,-0.01,-0.12,0.1,5.42,4.99,4.56,5888,3379,1.74,47.51,11.29,,,2026-06-01,2026-06-01 13:15:47
2603,長榮,224.0,217.0,225.0,216.5,73.98,66.83,57.81,3.02,2.09,0.94,223.66,210.9,198.14,35078,30799,1.14,4849.7,7.08,32.5,14.51,2026-06-01,2026-06-01 13:15:48
2605,新興,33.2,30.5,33.2,30.5,64.53,52.2,50.9,-0.94,-1.24,0.29,35.49,31.9,28.32,16550,7745,2.14,194.34,22.9,1.3,3.92,2026-06-01,2026-06-01 13:15:49
2606,裕民,71.9,68.8,72.1,68.5,81.67,79.84,71.51,2.24,1.6,0.64,72.28,66.1,59.92,6674,9042,0.74,607.6,16.72,2.8,3.89,2026-06-01,2026-06-01 13:15:50
2607,榮運,48.55,48.0,48.6,47.7,57.91,55.73,55.65,-0.4,-0.62,0.22,48.69,47.62,46.56,807,878,0.92,259.05,13.68,10.0,20.6,2026-06-01,2026-06-01 13:15:51
2608,嘉里大榮,29.4,29.1,29.55,28.8,51.31,29.43,40.48,-0.39,-0.42,0.04,30.33,29.35,28.37,580,678,0.86,137.3,14.92,1.65,5.61,2026-06-01,2026-06-01 13:15:52
2609,陽明,54.9,53.6,55.7,53.6,79.82,74.84,70.17,0.59,0.02,0.57,54.3,50.84,47.38,50244,28651,1.75,1917.17,11.23,7.5,13.66,2026-06-01,2026-06-01 13:15:53
2610,華航,19.55,19.2,19.6,19.15,70.57,55.4,60.94,0.15,0.06,0.09,19.36,18.62,17.87,75449,107133,0.7,1189.0,8.21,0.8,4.09,2026-06-01,2026-06-01 13:15:54
2611,志信,13.65,13.0,13.65,12.95,79.24,59.85,52.27,-0.17,-0.25,0.08,13.75,13.15,12.56,1116,626,1.78,25.8,26.25,0.52,3.81,2026-06-01,2026-06-01 13:15:55
2612,中航,57.3,55.8,57.7,55.3,78.61,67.16,70.83,0.35,-0.03,0.38,57.11,54.5,51.9,1288,1008,1.28,113.16,10.51,2.2,3.84,2026-06-01,2026-06-01 13:15:56
2613,中櫃,22.8,21.9,22.95,21.8,49.47,38.59,62.12,-0.22,-0.32,0.1,22.8,21.92,21.05,1141,530,2.15,31.3,20.0,1.0,4.39,2026-06-01,2026-06-01 13:15:58
2614,東森,18.7,18.35,18.85,18.25,64.17,43.01,29.63,-0.49,-0.54,0.05,20.65,18.85,17.05,1083,1028,1.05,61.2,9.4,0.25,1.34,2026-06-01,2026-06-01 13:15:59
2615,萬海,84.4,83.6,85.9,83.6,69.92,70.13,67.28,1.73,1.27,0.46,85.7,79.29,72.88,17875,10780,1.66,2368.39,7.54,3.5,4.15,2026-06-01,2026-06-01 13:16:00
2616,山隆,13.65,13.7,13.8,13.55,49.89,41.1,48.39,-0.38,-0.47,0.09,14.14,13.67,13.21,430,450,0.96,18.55,,0.3,2.2,2026-06-01,2026-06-01 13:16:01
2617,台航,29.65,28.95,29.7,28.95,66.0,55.5,61.7,-0.21,-0.3,0.09,29.72,29.1,28.48,1670,924,1.81,123.73,9.35,1.5,5.06,2026-06-01,2026-06-01 13:16:02
2618,長榮航,37.7,36.45,37.85,36.3,70.65,57.77,67.57,0.39,0.15,0.24,36.85,35.11,33.37,80325,84620,0.95,2035.97,7.85,2.4,6.37,2026-06-01,2026-06-01 13:16:03
2630,亞航,43.7,43.25,44.4,42.8,43.94,24.98,41.71,-1.47,-1.49,0.02,50.44,44.54,38.65,1464,1218,1.2,91.52,43.7,0.9,2.06,2026-06-01,2026-06-01 13:16:04
2633,台灣高鐵,25.1,25.2,25.4,25.0,14.23,13.76,26.76,-0.4,-0.31,-0.09,27.05,25.82,24.6,14492,57053,0.25,1412.7,21.45,1.05,4.18,2026-06-01,2026-06-01 13:16:05
2634,漢翔,47.75,47.5,48.3,47.05,49.6,33.89,59.29,-0.53,-0.71,0.17,49.95,47.03,44.1,7530,5812,1.3,449.74,61.22,0.78,1.63,2026-06-01,2026-06-01 13:16:06
2636,台驊控股,69.8,68.4,70.2,67.8,79.75,66.73,58.42,0.1,-0.24,0.34,69.9,67.03,64.17,1179,540,2.18,95.6,9.02,5.0,7.16,2026-06-01,2026-06-01 13:16:07
2637,慧洋-KY,78.8,75.7,79.8,75.2,74.37,64.48,65.43,1.04,0.6,0.44,78.39,74.28,70.17,5251,4511,1.16,588.17,14.73,3.5,4.44,2026-06-01,2026-06-01 13:16:09
2640,大車隊,160.5,160.0,160.5,159.5,19.08,27.68,42.5,-2.43,-1.86,-0.57,174.53,165.15,155.77,22,32,0.69,95.12,17.85,7.0,4.36,2026-06-01,2026-06-01 13:16:10
2641,正德,19.35,17.7,19.4,17.7,65.91,57.09,69.74,0.09,-0.05,0.13,18.71,17.81,16.91,15367,4688,3.28,63.92,10.52,0.5,2.58,2026-06-01,2026-06-01 13:16:11
2642,宅配通,20.95,21.3,21.3,20.7,43.41,30.59,41.51,-0.43,-0.55,0.12,21.92,20.86,19.81,200,183,1.09,20.0,29.1,0.5,2.39,2026-06-01,2026-06-01 13:16:13
2643,捷迅,66.9,66.4,66.9,65.8,30.36,29.37,48.98,-0.45,-0.53,0.07,67.66,66.78,65.89,54,53,1.02,23.42,10.65,4.5,6.73,2026-06-01,2026-06-01 13:16:14
2645,長榮航太,172.5,167.0,174.5,166.0,78.97,69.12,68.67,2.4,0.78,1.62,170.3,158.7,147.1,3112,2089,1.49,646.13,31.71,4.5,2.61,2026-06-01,2026-06-01 13:16:15
2646,星宇航空,20.7,20.5,20.8,20.25,62.99,51.92,56.1,-0.1,-0.16,0.07,20.74,20.33,19.91,11661,7881,1.48,622.81,230.0,,,2026-06-01,2026-06-01 13:16:17
2701,萬企,10.3,10.3,10.35,10.2,31.68,16.94,33.33,-0.13,-0.13,0.0,10.82,10.4,9.98,86,153,0.57,46.35,18.39,0.28,2.72,2026-06-01,2026-06-01 13:16:18
2702,華園,13.5,14.15,14.15,13.3,30.22,18.03,51.06,-0.4,-0.38,-0.02,15.61,13.56,11.51,275,103,2.67,21.14,,,,2026-06-01,2026-06-01 13:16:19
2704,國賓,42.3,42.4,42.45,42.15,40.6,33.97,43.42,-0.07,-0.11,0.04,43.02,42.15,41.28,108,137,0.78,155.21,74.21,0.5,1.18,2026-06-01,2026-06-01 13:16:21
2705,六福,15.3,15.15,15.4,15.1,37.58,23.87,34.38,-0.36,-0.36,0.01,16.36,15.49,14.63,314,281,1.12,29.27,17.59,,,2026-06-01,2026-06-01 13:16:22
2706,第一店,11.9,11.95,12.05,11.9,26.33,21.0,23.08,-0.14,-0.13,-0.01,12.55,12.11,11.68,194,166,1.17,59.5,18.31,0.35,2.94,2026-06-01,2026-06-01 13:16:23
2707,晶華,173.5,172.5,174.0,172.5,39.07,35.59,52.94,-0.38,-0.58,0.2,175.47,172.38,169.28,252,210,1.2,221.04,15.26,10.75,6.2,2026-06-01,2026-06-01 13:16:24
2712,遠雄來,15.35,14.6,15.4,14.6,34.35,18.16,33.77,-0.48,-0.39,-0.09,17.84,15.82,13.8,21,12,1.7,16.12,,,,2026-06-01,2026-06-01 13:16:25
2718,全心投控,46.55,46.6,46.6,45.5,66.67,57.23,77.3,0.16,-0.07,0.22,48.44,44.83,41.21,93,76,1.22,40.59,2.76,4.51,9.69,2026-06-01,2026-06-01 13:16:26
2719,燦星旅,25.1,24.9,25.3,24.9,29.23,34.34,32.69,-0.52,-0.49,-0.03,26.89,25.89,24.89,31,19,1.57,17.36,,,,2026-06-01,2026-06-01 13:16:30
2722,夏都,22.5,22.3,22.6,22.15,26.83,23.04,34.48,-0.34,-0.32,-0.01,23.91,22.89,21.87,45,51,0.89,32.21,,0.15,0.67,2026-06-01,2026-06-01 13:16:31
2723,美食-KY,62.1,61.2,62.4,60.9,28.99,18.11,24.74,-1.48,-1.35,-0.13,68.88,63.91,58.94,379,484,0.78,111.78,10.15,3.0,4.83,2026-06-01,2026-06-01 13:16:32
2724,藝舍-KY,13.05,13.05,13.05,13.0,40.3,46.17,33.33,-0.78,-0.83,0.04,14.84,14.02,13.19,16,7,2.22,7.79,,,,2026-06-01,2026-06-01 13:16:33
2726,雅茗-KY,10.45,10.4,10.5,10.0,79.78,65.34,61.11,0.0,-0.08,0.09,10.69,9.91,9.14,68,59,1.16,3.94,,,,2026-06-01,2026-06-01 13:16:34
2727,王品,236.0,233.0,236.5,232.0,60.66,45.39,51.11,1.14,1.3,-0.16,238.38,233.38,228.37,464,401,1.16,195.55,15.19,16.12,6.83,2026-06-01,2026-06-01 13:16:35
2729,瓦城,158.0,159.0,159.0,157.0,21.06,28.13,19.05,-2.45,-2.28,-0.17,166.85,162.12,157.4,70,41,1.7,67.36,23.37,7.34,4.65,2026-06-01,2026-06-01 13:16:37
2731,雄獅,169.5,168.0,170.0,167.5,80.97,70.54,76.74,1.5,0.38,1.12,168.76,161.93,155.09,1224,1618,0.76,158.11,9.78,12.8,7.55,2026-06-01,2026-06-01 13:16:39
2732,六角,65.0,64.2,65.8,63.5,45.27,30.4,45.45,-0.42,-0.32,-0.1,66.84,64.97,63.11,67,65,1.04,29.05,59.63,3.5,5.38,2026-06-01,2026-06-01 13:16:40
2734,易飛網,15.1,14.85,15.15,14.8,21.18,17.97,33.33,-0.36,-0.34,-0.02,16.19,15.45,14.72,188,150,1.25,8.65,,,,2026-06-01,2026-06-01 13:16:41
2736,富野,12.0,12.0,12.1,12.0,32.9,38.32,37.5,-0.23,-0.25,0.01,12.87,12.26,11.64,58,81,0.72,9.6,,,,2026-06-01,2026-06-01 13:16:42
2739,寒舍,35.35,35.0,35.35,34.6,59.46,46.9,63.41,0.07,0.02,0.05,35.32,34.72,34.11,156,113,1.38,32.35,15.04,1.0,2.83,2026-06-01,2026-06-01 13:16:43
2740,華軒,34.35,34.85,34.85,31.8,43.62,42.9,0.0,-1.22,-0.95,-0.27,41.73,37.42,33.11,5,7,0.68,5.76,,,,2026-06-01,2026-06-01 13:16:45
2743,山富,69.2,67.5,69.5,67.2,59.92,43.83,48.19,-0.9,-1.12,0.23,70.89,68.48,66.07,310,149,2.08,32.4,17.65,2.0,2.89,2026-06-01,2026-06-01 13:16:47
2745,五福,104.0,102.5,104.0,102.5,67.49,54.1,63.16,-0.11,-0.44,0.32,103.68,101.8,99.92,249,176,1.42,35.16,10.46,6.5,6.25,2026-06-01,2026-06-01 13:16:50
2748,雲品,39.4,39.05,39.4,39.0,34.75,21.96,36.59,-0.37,-0.34,-0.03,41.26,39.7,38.15,143,155,0.93,41.68,18.16,2.0,5.08,2026-06-01,2026-06-01 13:16:51
2751,王座,52.5,53.0,54.3,52.3,41.87,32.95,37.5,-0.94,-1.02,0.09,55.47,53.02,50.58,13,15,0.87,10.38,11.67,3.99,7.6,2026-06-01,2026-06-01 13:16:53
2752,豆府,171.0,172.5,172.5,170.5,11.22,13.99,23.08,-4.41,-4.13,-0.28,187.04,177.97,168.91,105,34,3.08,45.65,11.38,13.5,7.89,2026-06-01,2026-06-01 13:16:54
2753,八方雲集,177.0,175.5,178.0,174.5,49.55,29.89,44.83,-1.47,-1.66,0.18,182.1,176.4,170.7,312,298,1.05,117.96,13.97,10.0,5.65,2026-06-01,2026-06-01 13:16:55
2754,亞洲藏壽司,68.3,68.0,68.5,66.6,13.92,23.49,42.49,-0.19,0.22,-0.41,74.99,70.29,65.6,90,93,0.96,32.01,29.19,0.8,1.17,2026-06-01,2026-06-01 13:16:57
2755,揚秦,134.0,135.0,135.5,134.0,67.87,59.84,60.0,-0.83,-1.22,0.4,136.89,133.1,129.31,32,28,1.13,49.59,21.61,2.48,1.85,2026-06-01,2026-06-01 13:17:00
2756,聯發國際,60.2,59.5,60.2,59.0,29.81,31.33,31.88,-1.96,-2.14,0.18,66.52,61.83,57.13,44,19,2.28,14.6,16.36,8.0,13.29,2026-06-01,2026-06-01 13:17:01
2762,世界健身-KY,85.5,83.4,85.8,83.3,58.34,53.09,72.4,2.36,2.3,0.06,88.59,80.15,71.71,257,135,1.9,93.38,22.86,9.64,11.27,2026-06-01,2026-06-01 13:17:02
2801,彰銀,20.45,20.3,20.55,20.15,33.62,18.27,45.16,-0.19,-0.19,0.0,21.04,20.45,19.87,26951,30605,0.88,2406.16,13.63,0.5,2.44,2026-06-01,2026-06-01 13:17:04
2812,台中銀,18.4,18.45,18.45,18.1,21.0,23.58,25.0,-0.42,-0.39,-0.03,20.06,19.11,18.16,41637,22408,1.86,1107.98,12.03,0.39,2.12,2026-06-01,2026-06-01 13:17:05
2816,旺旺保,33.3,32.7,33.5,32.65,82.8,70.58,70.37,0.49,0.26,0.22,32.92,31.19,29.47,456,358,1.27,74.46,7.18,1.5,4.5,2026-06-01,2026-06-01 13:17:06
2820,華票,16.75,16.8,16.8,16.7,45.54,46.22,40.0,-0.05,-0.04,-0.0,17.02,16.83,16.63,2177,1338,1.63,224.95,12.5,0.78,4.66,2026-06-01,2026-06-01 13:17:07
2832,台產,53.6,53.1,53.9,53.0,38.87,30.07,50.0,0.61,0.79,-0.18,54.2,53.19,52.17,313,211,1.48,135.9,13.74,7.14,13.32,2026-06-01,2026-06-01 13:17:08
2834,臺企銀,16.2,16.25,16.25,16.05,62.91,52.13,56.25,0.04,0.04,-0.0,16.31,16.06,15.82,32606,38355,0.85,1574.33,12.96,0.2,1.23,2026-06-01,2026-06-01 13:17:09
2836,高雄銀,11.7,11.7,11.75,11.55,25.69,27.47,38.46,-0.07,-0.07,-0.0,11.96,11.82,11.68,2989,1713,1.74,215.27,17.46,0.3,2.56,2026-06-01,2026-06-01 13:17:10
2838,聯邦銀,20.5,20.4,20.5,20.05,75.45,57.51,48.89,-0.02,-0.05,0.03,20.79,20.36,19.93,2433,1791,1.36,889.81,15.89,0.35,1.71,2026-06-01,2026-06-01 13:17:11
2845,遠東銀,12.1,11.95,12.2,11.85,32.68,23.31,47.62,-0.11,-0.11,0.01,12.3,12.07,11.83,19157,13716,1.4,588.7,13.15,0.5,4.13,2026-06-01,2026-06-01 13:17:12
2849,安泰銀,14.0,14.05,14.05,13.8,81.5,69.05,61.54,0.04,-0.02,0.07,14.23,13.57,12.9,125,127,0.99,274.07,17.72,0.38,2.71,2026-06-01,2026-06-01 13:17:13
2850,新產,142.5,142.0,143.5,139.0,75.53,76.39,64.62,4.13,3.8,0.33,144.27,136.07,127.88,1075,817,1.32,450.25,11.6,7.27,5.1,2026-06-01,2026-06-01 13:17:14
2851,中再保,35.15,35.1,35.25,34.8,67.89,75.41,58.02,1.15,1.14,0.01,37.17,33.78,30.38,2192,2257,0.97,281.34,9.6,1.9,5.41,2026-06-01,2026-06-01 13:17:15
2852,第一保,27.1,27.0,27.25,27.0,60.01,60.49,76.47,0.21,0.18,0.03,27.42,26.61,25.81,719,419,1.71,81.62,9.28,2.1,7.75,2026-06-01,2026-06-01 13:17:16
2855,統一證,48.2,47.75,49.35,47.75,84.98,74.17,74.62,2.74,2.19,0.55,47.26,41.75,36.23,11271,12002,0.94,771.88,16.12,2.11,4.38,2026-06-01,2026-06-01 13:17:17
2867,三商壽,7.63,7.52,7.65,7.46,31.33,24.25,45.78,-0.06,-0.05,-0.01,7.88,7.66,7.45,16754,10731,1.56,450.13,38.15,,,2026-06-01,2026-06-01 13:17:18
2880,華南金,32.85,30.55,33.45,30.55,35.19,17.62,52.05,-0.77,-0.79,0.02,34.29,31.96,29.63,92437,94580,0.98,4571.72,17.29,1.25,3.81,2026-06-01,2026-06-01 13:17:19
2881,富邦金,110.5,109.5,112.0,107.0,87.85,81.8,85.59,4.79,3.26,1.52,111.26,98.59,85.93,87504,100565,0.87,15100.62,13.2,4.15,3.76,2026-06-01,2026-06-01 13:17:20
2882,國泰金,88.2,86.6,89.4,85.3,88.55,83.2,85.98,2.71,1.85,0.86,87.07,80.06,73.05,56721,62761,0.9,12938.24,12.49,3.5,3.97,2026-06-01,2026-06-01 13:17:21
2883,凱基金,22.65,22.45,22.9,22.3,64.75,48.35,64.38,0.29,0.25,0.04,22.95,22.01,21.07,82606,91092,0.91,3844.8,13.02,0.84,3.71,2026-06-01,2026-06-01 13:17:24
2884,玉山金,31.45,30.95,31.5,30.8,27.26,18.23,44.78,-0.34,-0.31,-0.03,32.57,31.62,30.66,59665,69277,0.86,5086.72,14.83,1.2,3.82,2026-06-01,2026-06-01 13:17:25
2885,元大金,59.2,59.3,59.6,58.3,81.75,73.86,73.0,2.02,1.81,0.21,59.78,56.3,52.83,31100,47137,0.66,7892.04,21.61,1.5,2.53,2026-06-01,2026-06-01 13:17:26
2886,兆豐金,41.45,40.2,41.45,40.1,48.56,33.34,71.43,0.19,0.09,0.1,40.94,39.81,38.69,49553,53297,0.93,6148.44,17.56,1.6,3.86,2026-06-01,2026-06-01 13:17:27
2887,台新新光金,24.6,23.35,24.7,23.25,48.27,39.23,66.67,-0.08,-0.15,0.08,24.38,23.59,22.79,184661,180338,1.02,6117.1,12.88,0.9,3.66,2026-06-01,2026-06-01 13:17:28
2889,國票金,14.75,14.7,14.75,14.55,52.94,45.81,47.37,-0.1,-0.15,0.05,14.81,14.63,14.46,4532,3265,1.39,535.95,23.41,0.3,2.03,2026-06-01,2026-06-01 13:17:29
2890,永豐金,30.45,30.0,30.65,29.85,59.86,39.86,48.61,-0.45,-0.53,0.09,31.35,30.14,28.93,40567,39715,1.02,4412.91,15.46,0.91,2.99,2026-06-01,2026-06-01 13:17:30
2891,中信金,62.1,60.5,62.6,60.5,84.19,78.5,93.0,1.74,1.19,0.54,61.32,56.66,52.0,43869,68494,0.64,12219.92,15.3,2.3,3.7,2026-06-01,2026-06-01 13:17:32
2892,第一金,27.75,27.45,27.85,27.3,23.23,19.1,27.4,-0.36,-0.24,-0.12,30.17,28.46,26.75,52164,58001,0.9,3990.3,14.84,0.95,3.42,2026-06-01,2026-06-01 13:17:34
2897,王道銀行,9.94,9.92,9.98,9.88,18.66,21.94,32.43,-0.04,-0.03,-0.02,10.24,10.05,9.86,9524,4411,2.16,276.57,17.75,0.5,5.03,2026-06-01,2026-06-01 13:17:35
2901,欣欣,23.5,23.3,23.7,23.2,56.25,37.12,56.1,-0.13,-0.2,0.07,24.21,23.13,22.05,33,23,1.42,17.17,61.84,0.37,1.57,2026-06-01,2026-06-01 13:17:36
2903,遠百,21.9,21.8,21.95,21.65,28.55,24.86,43.33,-0.17,-0.15,-0.02,22.55,22.16,21.77,3510,2597,1.35,308.51,14.04,1.35,6.16,2026-06-01,2026-06-01 13:17:37
2904,匯僑,14.2,14.05,14.45,14.0,27.02,18.41,21.28,-0.58,-0.58,-0.01,16.45,14.84,13.22,137,74,1.84,11.05,14.49,1.0,7.04,2026-06-01,2026-06-01 13:17:38
2905,三商,13.7,13.65,13.75,13.5,58.72,52.97,62.86,-0.11,-0.19,0.08,13.79,13.45,13.1,1314,675,1.95,144.3,19.3,0.3,2.19,2026-06-01,2026-06-01 13:17:39
2906,高林,12.55,12.4,12.6,12.3,35.7,34.97,56.76,-0.06,-0.05,-0.01,12.92,12.5,12.07,261,274,0.95,26.24,26.7,0.6,4.78,2026-06-01,2026-06-01 13:17:40
2908,特力,21.55,21.45,21.6,21.35,88.95,88.71,100.0,0.26,0.21,0.05,21.59,21.01,20.43,349,441,0.79,109.88,93.7,0.55,2.55,2026-06-01,2026-06-01 13:17:41
2910,統領,22.0,21.6,22.7,21.6,61.98,48.8,53.23,-0.06,-0.07,0.01,22.76,21.73,20.69,8,13,0.62,38.59,17.89,1.04,4.73,2026-06-01,2026-06-01 13:17:42
2911,麗嬰房,7.68,8.2,8.21,7.67,51.27,68.87,71.23,0.91,0.78,0.13,10.26,6.73,3.2,660,1417,0.47,8.07,3.57,,,2026-06-01,2026-06-01 13:17:43
2912,統一超,227.5,217.0,230.5,215.5,42.13,22.82,51.55,-3.23,-2.82,-0.41,237.32,221.88,206.43,14879,14391,1.03,2365.14,21.18,9.0,3.96,2026-06-01,2026-06-01 13:17:44
2913,農林,11.1,10.8,11.2,10.75,45.13,30.54,46.15,-0.21,-0.25,0.04,11.37,10.98,10.59,3469,2385,1.45,87.69,,,,2026-06-01,2026-06-01 13:17:45
2915,潤泰全,45.25,44.0,45.35,43.9,61.45,47.06,59.46,-0.29,-0.57,0.28,45.03,43.7,42.36,3328,3492,0.95,483.15,4.88,2.5,5.52,2026-06-01,2026-06-01 13:17:46
2916,滿心,43.45,43.5,43.6,43.35,38.85,56.11,80.34,0.28,0.21,0.07,45.17,42.9,40.64,94,312,0.3,28.08,11.0,3.6,8.29,2026-06-01,2026-06-01 13:17:48
2923,鼎固-KY,25.7,25.05,26.25,24.3,77.88,61.34,50.64,0.35,0.06,0.29,28.41,23.67,18.93,148,118,1.25,447.26,42.83,0.24,0.93,2026-06-01,2026-06-01 13:17:49
2924,宏太-KY,15.8,15.7,16.0,15.7,38.46,30.55,30.14,-1.18,-1.07,-0.11,22.44,17.44,12.45,10,5,1.79,8.22,,,,2026-06-01,2026-06-01 13:17:51
2926,誠品生活,34.9,35.0,35.0,34.75,15.96,23.94,35.11,-0.48,-0.3,-0.18,38.0,36.4,34.8,34,36,0.95,16.54,64.63,0.46,1.32,2026-06-01,2026-06-01 13:17:53
2929,淘帝-KY,5.79,5.9,5.97,5.7,55.44,57.36,54.41,0.01,-0.07,0.08,6.31,5.64,4.98,594,1263,0.47,6.34,0.46,,,2026-06-01,2026-06-01 13:17:54
2937,集雅社,48.6,48.65,48.9,48.0,67.34,69.72,98.65,1.09,0.84,0.24,49.8,46.23,42.65,8,8,0.99,21.16,12.03,2.1,4.32,2026-06-01,2026-06-01 13:17:55
2939,永邑-KY,21.0,21.1,21.1,21.0,9.59,14.57,6.98,-0.89,-0.69,-0.2,25.83,23.39,20.96,15,15,0.95,9.57,,,,2026-06-01,2026-06-01 13:17:56
2941,米斯特,31.0,32.6,32.6,31.0,56.0,54.51,56.28,-0.54,-0.77,0.23,32.89,31.03,29.17,7,6,1.13,4.77,13.19,2.28,7.35,2026-06-01,2026-06-01 13:17:57
2945,三商家購,41.7,41.0,41.8,40.6,76.72,70.27,52.32,-0.06,-0.13,0.07,41.82,40.93,40.04,45,14,3.13,28.15,19.58,1.5,3.6,2026-06-01,2026-06-01 13:17:58
2947,振宇五金,77.5,77.2,77.5,77.2,36.33,40.13,20.0,-0.14,-0.04,-0.1,79.0,78.15,77.31,6,18,0.36,16.66,24.53,2.2,2.84,2026-06-01,2026-06-01 13:18:00
2948,寶陞,38.0,38.0,38.0,38.0,68.67,61.23,49.63,-0.35,-0.42,0.06,39.45,37.67,35.89,3,4,0.64,11.78,17.76,1.82,4.79,2026-05-29,2026-06-01 13:18:02
2949,欣新網,63.5,63.4,63.5,63.1,98.12,93.95,84.0,1.64,1.0,0.63,67.42,58.84,50.26,10,8,1.24,19.14,17.69,0.83,1.31,2026-06-01,2026-06-01 13:18:03
3002,歐格,19.45,17.65,19.45,17.65,78.27,63.22,66.67,-0.17,-0.42,0.25,18.93,17.45,15.97,1249,494,2.53,19.83,54.03,0.7,3.6,2026-06-01,2026-06-01 13:18:04
3003,健和興,62.1,63.2,63.4,62.0,58.17,63.84,56.89,2.14,2.05,0.09,64.59,59.59,54.58,978,1851,0.53,96.66,62.73,2.0,3.22,2026-06-01,2026-06-01 13:18:05
3004,豐達科,123.5,123.5,125.0,120.0,31.11,44.35,56.67,2.86,3.57,-0.7,138.19,123.42,108.66,671,1089,0.62,79.49,21.4,2.55,2.06,2026-06-01,2026-06-01 13:18:06
3005,神基,107.0,104.5,108.0,104.5,74.34,64.07,68.56,0.95,0.11,0.84,106.58,100.96,95.35,6775,5218,1.3,668.01,12.88,6.79,6.35,2026-06-01,2026-06-01 13:18:07
3006,晶豪科,250.0,251.5,262.0,247.5,62.41,56.21,63.16,16.89,16.74,0.15,266.45,226.93,187.4,25815,25640,1.01,709.35,290.7,1.0,0.4,2026-06-01,2026-06-01 13:18:08
3008,大立光,3835.0,3630.0,3835.0,3630.0,69.57,69.05,70.63,287.4,258.2,29.19,4093.0,3181.25,2269.5,1301,1171,1.11,5016.11,24.41,80.0,2.09,2026-06-01,2026-06-01 13:18:10
3010,華立,138.5,139.0,140.0,137.0,75.98,72.97,46.91,1.87,1.26,0.61,145.08,134.55,124.02,1225,1395,0.88,359.32,15.85,5.3,3.83,2026-06-01,2026-06-01 13:18:11
3011,今皓,14.5,13.25,14.5,13.25,68.26,57.84,61.54,0.07,-0.01,0.08,14.34,13.3,12.26,7267,2464,2.95,18.8,,,,2026-06-01,2026-06-01 13:18:12
3013,晟銘電,123.5,123.5,127.0,122.0,81.33,71.47,63.64,3.92,2.07,1.85,126.95,110.18,93.42,8429,8014,1.05,253.35,30.8,0.6,0.49,2026-06-01,2026-06-01 13:18:13
3014,聯陽,152.5,154.0,154.0,149.5,83.78,80.25,65.82,6.91,6.02,0.9,157.03,141.5,125.97,2898,3018,0.96,253.13,16.47,9.0,5.9,2026-06-01,2026-06-01 13:18:15
3015,全漢,55.2,51.1,55.2,51.1,68.1,64.0,69.38,0.41,0.11,0.3,53.56,51.06,48.57,2365,1103,2.14,103.37,29.84,2.2,3.99,2026-06-01,2026-06-01 13:18:16
3016,嘉晶,126.0,138.5,141.0,125.0,63.03,61.97,52.66,12.49,12.66,-0.17,139.52,120.08,100.63,15747,18434,0.85,363.56,1800.0,0.5,0.4,2026-06-01,2026-06-01 13:18:17
3017,奇鋐,2785.0,2705.0,2835.0,2705.0,71.49,60.96,62.68,63.46,50.51,12.94,2792.12,2544.0,2295.88,4920,5585,0.88,10932.32,57.73,9.93,0.36,2026-06-01,2026-06-01 13:18:18
3018,隆銘綠能,9.54,9.42,9.56,9.4,31.53,26.38,31.21,-0.4,-0.42,0.02,10.93,9.9,8.88,42,22,1.88,7.19,1.06,,,2026-06-01,2026-06-01 13:18:19
3019,亞光,155.0,155.5,156.5,153.0,59.77,62.37,63.41,4.4,4.39,0.0,158.08,148.43,138.77,6335,8546,0.74,432.83,23.85,4.6,2.97,2026-06-01,2026-06-01 13:18:21
3021,鴻名,33.1,33.1,33.1,33.1,96.97,89.48,98.57,3.27,1.64,1.62,30.06,19.68,9.29,1113,734,1.52,31.41,100.3,0.6,1.81,2026-06-01,2026-06-01 13:18:21
3022,威強電,75.9,75.5,77.3,75.4,81.54,75.51,69.38,1.72,1.27,0.44,77.86,71.54,65.23,1492,1263,1.18,134.04,16.5,4.5,5.93,2026-06-01,2026-06-01 13:18:23
3023,信邦,318.0,316.5,321.5,313.0,73.32,71.8,58.82,9.02,9.04,-0.01,324.68,304.75,284.82,1832,1662,1.1,763.42,24.46,10.25,3.22,2026-06-01,2026-06-01 13:18:24
3024,憶聲,14.0,14.75,14.75,13.95,13.54,29.66,45.03,0.62,1.05,-0.43,18.49,15.74,12.99,4905,3165,1.55,38.8,51.85,0.4,2.86,2026-06-01,2026-06-01 13:18:25
3025,星通,72.5,74.5,74.5,72.5,62.84,65.8,65.48,3.61,2.51,1.1,80.56,66.65,52.75,1386,2901,0.48,41.13,21.2,3.3,4.55,2026-06-01,2026-06-01 13:18:26
3026,禾伸堂,672.0,671.0,699.0,665.0,94.62,94.61,90.81,105.13,79.84,25.29,689.74,423.43,157.11,1630,2122,0.77,1114.78,102.75,5.8,0.86,2026-06-01,2026-06-01 13:18:27
3027,盛達,19.75,19.5,19.95,19.35,71.56,62.71,66.3,0.05,-0.23,0.27,19.96,18.43,16.89,663,844,0.79,25.48,8.82,,,2026-06-01,2026-06-01 13:18:28
3028,增你強,81.1,81.5,82.2,80.5,30.46,43.35,68.21,4.16,4.82,-0.65,86.75,79.21,71.66,2547,3525,0.72,192.4,25.83,2.1,2.59,2026-06-01,2026-06-01 13:18:29
3029,零壹,105.5,96.9,105.5,96.9,56.0,39.05,64.57,-0.08,-0.69,0.61,103.31,97.7,92.09,5785,1851,3.12,174.29,16.21,5.5,5.21,2026-06-01,2026-06-01 13:18:31
3030,德律,408.0,415.0,417.5,401.0,57.73,56.8,50.0,18.79,21.26,-2.47,437.85,399.77,361.7,3595,4974,0.72,963.76,38.89,7.0,1.72,2026-06-01,2026-06-01 13:18:32
3031,佰鴻,32.4,32.5,33.7,32.0,60.8,60.63,60.49,0.83,0.83,-0.0,33.99,30.84,27.7,3455,3429,1.01,56.12,30.0,1.0,3.09,2026-06-01,2026-06-01 13:18:33
3032,偉訓,91.0,91.1,92.4,90.3,83.82,82.33,71.58,6.29,5.43,0.86,97.24,80.81,64.39,1745,2219,0.79,103.09,,2.73,3.0,2026-06-01,2026-06-01 13:18:34
3033,威健,48.85,50.3,50.5,48.05,36.15,53.94,60.53,3.41,3.74,-0.33,55.43,47.41,39.38,17849,15045,1.19,235.81,30.34,2.08,4.26,2026-06-01,2026-06-01 13:18:35
3034,聯詠,496.5,484.0,497.0,480.0,68.24,63.5,54.26,16.5,18.23,-1.73,517.0,477.18,437.35,6934,6307,1.1,3021.26,18.48,28.0,5.64,2026-06-01,2026-06-01 13:18:36
3035,智原,211.0,209.5,214.0,205.0,56.78,59.68,51.35,10.05,9.96,0.09,222.4,197.47,172.55,11434,15351,0.74,549.76,75.63,1.8,0.85,2026-06-01,2026-06-01 13:18:37
3036,文曄,287.5,286.5,291.5,281.0,61.31,69.1,56.59,17.37,16.97,0.4,325.45,269.62,213.8,8838,8049,1.1,3659.49,27.91,7.8,2.71,2026-06-01,2026-06-01 13:18:38
3037,欣興,1050.0,1070.0,1100.0,1025.0,78.04,76.46,69.15,85.01,76.1,8.9,1110.24,921.1,731.96,19093,23751,0.8,16532.45,242.49,1.49,0.14,2026-06-01,2026-06-01 13:18:39
3038,全台,23.8,23.3,24.3,23.25,75.67,71.55,66.67,0.27,0.21,0.06,23.9,22.93,21.96,1093,616,1.77,32.52,21.64,1.2,5.04,2026-06-01,2026-06-01 13:18:40
3040,遠見,41.65,39.75,42.5,39.75,49.37,43.89,65.5,-1.05,-1.38,0.34,42.85,40.32,37.8,275,160,1.72,26.23,130.16,1.0,2.4,2026-06-01,2026-06-01 13:18:41
3041,揚智,25.65,25.85,26.05,25.3,63.3,64.72,55.85,0.62,0.53,0.09,27.22,24.81,22.41,1268,1774,0.71,35.97,26.44,,,2026-06-01,2026-06-01 13:18:42
3042,晶技,202.5,217.0,227.5,198.0,79.26,78.14,74.09,18.4,13.92,4.48,220.48,169.35,118.22,34756,35762,0.97,688.49,38.65,4.8,2.37,2026-06-01,2026-06-01 13:18:43
3043,科風,21.55,21.0,21.8,20.8,59.27,56.76,64.65,0.19,0.08,0.11,21.82,20.44,19.06,409,256,1.6,8.4,,,,2026-06-01,2026-06-01 13:18:44
3044,健鼎,518.0,530.0,540.0,512.0,67.5,58.19,57.81,19.43,19.5,-0.07,533.4,493.77,454.15,4682,4835,0.97,2722.64,26.73,10.3,1.99,2026-06-01,2026-06-01 13:18:45
3045,台灣大,114.0,112.5,115.0,112.0,33.2,29.5,60.53,0.27,0.42,-0.15,116.3,112.08,107.85,15413,18876,0.82,3454.95,24.2,4.5,3.95,2026-06-01,2026-06-01 13:18:48
3046,建碁,64.0,58.0,64.0,57.3,87.8,82.06,86.59,2.44,1.47,0.97,59.47,52.67,45.88,4369,1853,2.36,50.21,16.0,3.0,4.69,2026-06-01,2026-06-01 13:18:49
3047,訊舟,15.45,15.15,15.65,15.0,65.43,60.57,60.47,-0.02,-0.16,0.13,15.59,14.72,13.86,2195,1784,1.23,34.5,,0.3,1.94,2026-06-01,2026-06-01 13:18:50
3048,益登,68.4,72.0,73.0,67.5,61.18,72.02,75.97,8.3,7.42,0.88,83.35,57.86,32.37,14864,18271,0.81,184.56,34.2,1.0,1.46,2026-06-01,2026-06-01 13:18:52
3049,精金,13.1,12.95,13.5,12.7,52.84,40.93,52.17,-0.03,-0.08,0.05,13.52,12.57,11.62,18121,10851,1.67,105.06,42.26,,,2026-06-01,2026-06-01 13:18:53
3050,鈺德,12.75,12.5,12.8,12.4,70.69,64.63,58.0,-0.04,-0.13,0.1,12.84,12.28,11.73,1086,1168,0.93,19.76,318.75,0.5,3.92,2026-06-01,2026-06-01 13:18:54
3051,力特,28.8,27.85,28.95,27.4,57.27,54.38,59.46,1.04,1.01,0.03,30.23,26.94,23.65,4986,4659,1.07,47.52,28.51,1.52,5.28,2026-06-01,2026-06-01 13:18:56
3052,夆典,10.65,10.5,10.7,10.45,52.02,35.83,45.45,-0.1,-0.11,0.02,10.9,10.59,10.28,1052,739,1.42,21.72,9.77,0.5,4.69,2026-06-01,2026-06-01 13:18:57
3054,立萬利,68.5,66.7,68.9,66.7,24.59,27.18,50.0,-0.23,-0.13,-0.11,73.22,68.45,63.67,208,262,0.79,55.25,35.31,0.8,1.17,2026-06-01,2026-06-01 13:18:58
3055,蔚華科,108.5,109.0,113.5,107.0,33.17,48.15,48.94,8.54,10.36,-1.82,132.09,106.18,80.27,3385,3632,0.93,122.31,,1.0,0.92,2026-06-01,2026-06-01 13:18:59
3056,富華新,13.4,13.2,13.55,13.15,26.14,28.78,50.85,-0.25,-0.27,0.02,13.92,13.48,13.05,2166,1494,1.45,64.39,12.52,1.48,11.04,2026-06-01,2026-06-01 13:19:00
3057,喬鼎,22.4,20.45,22.45,20.45,80.7,66.86,62.58,0.53,0.39,0.13,22.41,20.09,17.76,1588,588,2.7,15.2,56.0,,,2026-06-01,2026-06-01 13:19:01
3058,立德,9.36,8.7,9.36,8.7,58.62,39.57,60.21,-0.08,-0.2,0.12,8.94,8.34,7.74,3240,1613,2.01,18.76,,,,2026-06-01,2026-06-01 13:19:02
3059,華晶科,46.45,42.45,46.5,42.45,59.21,54.65,75.27,1.28,1.1,0.17,45.39,41.64,37.9,23456,10542,2.22,142.89,37.76,1.0,2.15,2026-06-01,2026-06-01 13:19:03
3060,銘異,29.65,30.5,30.9,29.55,69.61,65.15,56.32,0.07,-0.23,0.3,30.14,28.25,26.36,3283,3751,0.88,40.79,,0.35,1.18,2026-06-01,2026-06-01 13:19:04
3062,建漢,31.1,31.5,31.95,30.8,72.52,68.48,59.13,0.74,0.43,0.32,31.5,28.43,25.36,16711,12612,1.32,101.39,45.74,,,2026-06-01,2026-06-01 13:19:05
3064,泰偉,19.2,19.15,19.2,19.15,57.12,44.01,37.98,-1.12,-1.35,0.23,21.66,19.55,17.45,2,6,0.29,2.5,,,,2026-05-29,2026-06-01 13:19:06
3066,李洲,21.35,21.45,22.2,21.15,74.19,75.78,71.97,0.61,0.39,0.21,22.24,19.65,17.05,605,702,0.86,17.74,,,,2026-06-01,2026-06-01 13:19:07
3067,全域,19.5,19.5,19.5,19.3,89.41,77.04,77.78,0.28,0.02,0.26,19.3,17.85,16.41,24,19,1.26,3.9,,,,2026-06-01,2026-06-01 13:19:08
3071,協禧,33.45,32.2,33.8,32.2,74.8,70.66,65.3,0.82,0.56,0.26,33.6,30.75,27.9,1733,1619,1.07,36.8,58.68,0.81,2.42,2026-06-01,2026-06-01 13:19:10
3078,僑威,58.9,58.1,58.9,57.7,83.45,71.57,58.11,0.25,-0.2,0.45,59.85,56.06,52.27,1944,1445,1.35,133.93,9.82,4.0,6.79,2026-06-01,2026-06-01 13:19:13
3081,聯亞,2685.0,2620.0,2740.0,2585.0,36.37,43.63,41.7,78.52,114.83,-36.31,3096.74,2749.25,2401.76,1637,2422,0.68,2484.09,570.06,0.5,0.02,2026-06-01,2026-06-01 13:19:15
3083,網龍,28.1,27.8,28.75,27.5,52.65,47.85,61.02,0.09,-0.01,0.1,28.23,27.16,26.08,408,223,1.83,24.3,65.35,0.33,1.17,2026-06-01,2026-06-01 13:19:16
3085,新零售,12.5,11.95,12.5,11.95,49.01,46.24,35.09,0.07,0.03,0.04,13.66,12.39,11.12,43,45,0.95,8.63,,,,2026-06-01,2026-06-01 13:19:18
3086,華義*,33.8,30.75,33.8,30.55,22.41,13.04,30.4,-1.08,-0.15,-0.92,44.3,37.06,29.82,490,957,0.51,92.18,,0.02,0.06,2026-06-01,2026-06-01 13:19:19
3088,艾訊,141.5,142.5,144.5,141.0,57.2,66.1,65.08,9.94,10.47,-0.53,149.26,133.2,117.14,1405,2082,0.67,153.74,31.66,4.33,3.06,2026-06-01,2026-06-01 13:19:20
3090,日電貿,233.5,225.0,251.0,225.0,84.21,88.58,83.43,33.17,27.0,6.17,267.9,167.3,66.7,2069,3586,0.58,671.47,43.24,4.8,2.06,2026-06-01,2026-06-01 13:19:21
3092,鴻碩,31.95,29.45,32.05,29.3,54.81,42.41,55.61,-0.37,-0.52,0.15,32.51,30.11,27.7,1589,743,2.14,34.07,,,,2026-06-01,2026-06-01 13:19:22
3093,港建*,52.0,52.5,53.1,51.6,42.65,43.47,40.14,-1.22,-1.05,-0.17,65.15,54.86,44.57,923,1879,0.49,75.48,42.62,1.15,2.21,2026-06-01,2026-06-01 13:19:23
3094,聯傑,34.0,33.7,34.55,33.4,38.84,57.33,60.08,2.03,2.31,-0.28,38.0,33.27,28.54,1803,2630,0.69,28.26,141.67,0.17,0.5,2026-06-01,2026-06-01 13:19:24
3095,及成,44.0,43.2,44.4,42.25,34.67,44.24,44.26,1.42,2.06,-0.64,48.01,44.78,41.55,49,39,1.25,4.4,,,,2026-06-01,2026-06-01 13:19:25
3105,穩懋,530.0,528.0,546.0,522.0,63.6,62.45,53.9,15.89,14.26,1.63,579.7,507.02,434.35,23687,35296,0.67,2246.88,132.17,2.0,0.38,2026-06-01,2026-06-01 13:19:28
3114,好德,33.1,32.45,34.35,31.75,80.35,74.9,82.79,1.16,0.62,0.54,31.33,27.57,23.8,4157,1437,2.89,21.33,14.98,1.2,3.63,2026-06-01,2026-06-01 13:19:29
3115,富榮綱,8.63,8.11,8.63,8.11,44.37,26.22,31.68,-0.44,-0.38,-0.05,10.45,8.97,7.49,8,27,0.32,6.27,,,,2026-06-01,2026-06-01 13:19:31
3118,進階,33.6,33.7,33.7,33.25,54.79,40.33,48.94,-0.01,-0.01,-0.0,33.9,33.57,33.23,90,44,2.04,10.9,13.77,1.8,5.36,2026-06-01,2026-06-01 13:19:32
3122,笙泉,31.8,32.75,32.75,31.6,8.51,13.49,9.2,0.34,1.22,-0.88,40.7,35.86,31.02,506,503,1.01,12.96,,,,2026-06-01,2026-06-01 13:19:35
3128,昇銳,23.5,23.0,23.6,22.85,56.92,58.79,52.69,-0.22,-0.28,0.06,24.77,23.34,21.91,209,219,0.96,11.12,18.36,0.19,0.81,2026-06-01,2026-06-01 13:19:36
3130,一零四,221.5,220.5,221.5,220.0,32.73,23.39,47.06,-0.14,-0.06,-0.07,222.92,221.57,220.23,60,33,1.78,73.52,15.19,14.7,6.64,2026-06-01,2026-06-01 13:19:37
3131,弘塑,3265.0,3420.0,3420.0,3235.0,67.21,64.43,53.15,105.4,46.53,58.86,3587.7,3024.75,2461.8,546,949,0.58,923.54,73.94,22.0,0.67,2026-06-01,2026-06-01 13:19:38
3135,凌航,250.5,259.5,266.0,250.0,82.52,75.41,64.57,26.36,22.89,3.46,264.52,208.62,152.73,6610,3743,1.77,224.75,40.93,1.32,0.53,2026-06-01,2026-06-01 13:19:39
3138,耀登,167.0,169.5,171.0,166.0,44.25,54.4,54.36,0.22,-1.0,1.22,176.38,161.93,147.47,1128,1429,0.79,82.95,111.33,2.56,1.53,2026-06-01,2026-06-01 13:19:40
3141,晶宏,78.0,80.1,80.1,78.0,86.51,87.78,72.87,8.12,7.16,0.96,87.87,67.2,46.53,2437,5546,0.44,58.02,147.17,0.51,0.65,2026-06-01,2026-06-01 13:19:41
3147,大綜,200.5,182.5,200.5,182.0,64.74,59.84,69.17,4.43,3.34,1.09,193.1,180.45,167.8,2509,737,3.4,87.59,23.84,5.0,2.49,2026-06-01,2026-06-01 13:19:43
3149,正達,78.3,76.0,78.3,75.8,89.84,85.11,82.25,6.35,4.57,1.78,75.06,58.48,41.91,6956,26922,0.26,177.14,,,,2026-06-01,2026-06-01 13:19:44
3150,鈺寶-創,20.4,20.25,20.8,20.25,69.86,59.43,64.66,0.29,0.17,0.13,20.7,19.14,17.58,65,93,0.7,9.05,,1.0,4.9,2026-06-01,2026-06-01 13:19:45
3152,璟德,186.5,200.0,200.0,184.0,64.6,67.06,55.79,8.32,6.8,1.51,205.49,179.32,153.16,2195,2757,0.8,72.77,19.84,5.59,3.0,2026-06-01,2026-06-01 13:19:46
3158,嘉實,85.3,85.5,85.8,85.3,9.94,11.84,29.17,-1.0,-0.87,-0.13,90.2,87.02,83.84,20,15,1.34,25.83,12.38,6.5,7.62,2026-06-01,2026-06-01 13:19:47
3162,精確,86.1,85.8,87.8,85.6,39.75,44.02,46.37,2.68,3.78,-1.1,93.75,86.96,80.17,3470,5722,0.61,132.83,51.87,0.49,0.57,2026-06-01,2026-06-01 13:19:49
3163,波若威,1060.0,1035.0,1100.0,1015.0,50.9,56.08,49.65,4.5,4.13,0.38,1247.82,1058.6,869.38,2920,3879,0.75,853.73,171.52,3.0,0.28,2026-06-01,2026-06-01 13:19:51
3164,景岳,16.4,16.7,16.7,16.2,33.23,23.99,26.92,-0.33,-0.28,-0.05,17.94,16.98,16.02,112,118,0.95,14.11,24.85,0.8,4.88,2026-06-01,2026-06-01 13:19:52
3167,大量,786.0,809.0,809.0,780.0,41.13,55.33,53.37,41.19,49.76,-8.57,865.26,775.75,686.24,667,634,1.05,703.6,97.88,4.0,0.51,2026-06-01,2026-06-01 13:19:55
3168,眾福科,48.95,48.85,49.05,48.15,58.15,64.38,62.68,1.27,1.03,0.24,50.71,46.3,41.89,74,205,0.36,36.76,18.9,3.04,6.21,2026-06-01,2026-06-01 13:19:56
3169,亞信,119.0,121.0,122.5,117.0,67.32,68.34,59.49,4.33,4.22,0.11,124.96,114.65,104.34,564,952,0.59,75.1,32.78,3.2,2.69,2026-06-01,2026-06-01 13:19:58
3171,炎洲流通,69.5,70.1,70.8,69.2,48.06,52.13,59.5,0.83,0.8,0.03,71.55,68.34,65.13,44,26,1.7,20.93,16.79,4.64,6.68,2026-06-01,2026-06-01 13:19:59
3176,基亞,32.45,32.85,33.0,32.1,13.24,28.08,51.64,0.39,0.8,-0.41,38.88,34.23,29.57,625,776,0.81,45.21,,,,2026-06-01,2026-06-01 13:20:01
3178,公準,70.0,71.0,71.3,69.4,51.49,53.15,55.21,1.0,0.98,0.02,74.68,69.4,64.12,230,268,0.86,31.53,,0.5,0.71,2026-06-01,2026-06-01 13:20:03
3188,鑫龍騰,22.55,22.45,22.65,22.2,10.77,13.09,34.62,-0.92,-0.84,-0.07,25.9,23.99,22.08,429,417,1.03,42.47,6.05,3.2,14.19,2026-06-01,2026-06-01 13:20:05
3189,景碩,774.0,740.0,775.0,740.0,88.97,84.66,83.98,73.95,54.3,19.65,769.33,569.92,370.52,6127,19914,0.31,4078.33,231.04,0.97,0.13,2026-06-01,2026-06-01 13:20:06
3191,雲嘉南,24.7,28.0,28.0,24.3,89.32,89.14,83.99,2.63,1.44,1.19,25.25,16.8,8.35,1373,751,1.83,10.77,48.43,,,2026-06-01,2026-06-01 13:20:07
3205,佰研,53.3,53.6,54.4,52.6,30.64,28.3,40.51,-0.85,-0.86,0.01,56.78,54.34,51.91,186,128,1.45,36.0,,,,2026-06-01,2026-06-01 13:20:10
3206,志豐,40.4,40.1,41.2,39.3,59.28,49.64,52.23,0.88,0.5,0.38,41.88,37.81,33.75,668,826,0.81,23.8,20.1,2.5,6.19,2026-06-01,2026-06-01 13:20:12
3207,耀勝,67.9,65.1,67.9,64.6,85.2,73.78,68.77,0.25,-0.93,1.17,67.29,60.97,54.66,751,1020,0.74,45.11,,,,2026-06-01,2026-06-01 13:20:14
3209,全科,75.3,76.5,78.3,75.0,51.79,70.7,61.28,7.06,7.28,-0.22,88.8,69.56,50.31,3677,5135,0.72,177.25,25.18,2.48,3.29,2026-06-01,2026-06-01 13:20:15
3211,順達,436.0,439.5,456.0,431.0,65.31,63.43,57.52,20.54,14.54,6.0,470.82,396.05,321.28,7891,13564,0.58,672.77,48.55,12.5,2.87,2026-06-01,2026-06-01 13:20:18
3213,茂訊,122.0,123.0,124.5,121.5,75.48,72.59,70.27,3.75,3.47,0.28,124.45,116.55,108.65,700,648,1.08,71.6,16.69,6.0,4.92,2026-06-01,2026-06-01 13:20:20
3217,優群,193.5,191.5,195.0,191.5,36.67,49.45,57.75,6.67,7.28,-0.61,205.73,187.28,168.82,991,2373,0.42,174.35,15.25,8.81,4.55,2026-06-01,2026-06-01 13:20:21
3218,大學光,140.0,137.5,141.0,135.0,76.81,60.57,62.75,0.79,-0.15,0.94,139.13,131.78,124.42,600,492,1.22,118.61,11.43,7.75,5.54,2026-06-01,2026-06-01 13:20:22
3219,倚強科,80.8,85.0,85.9,80.5,19.74,38.22,47.74,4.07,4.87,-0.81,97.64,81.39,65.14,872,707,1.23,58.0,53.16,0.27,0.33,2026-06-01,2026-06-01 13:20:24
3221,台嘉碩,57.5,60.0,60.8,57.0,77.82,78.12,70.63,4.67,3.7,0.97,63.98,49.65,35.31,8509,14027,0.61,60.41,718.75,0.28,0.49,2026-06-01,2026-06-01 13:20:25
3224,三顧,38.65,39.25,39.6,38.65,7.79,12.23,10.11,-1.28,-0.87,-0.41,46.79,42.15,37.51,225,140,1.6,30.2,,,,2026-06-01,2026-06-01 13:20:26
3226,龍鋒,45.25,45.0,45.4,45.0,84.75,71.88,70.73,0.24,-0.4,0.65,44.28,41.25,38.22,7,12,0.56,29.16,188.54,0.5,1.1,2026-06-01,2026-06-01 13:20:27
3227,原相,233.0,227.5,233.0,221.5,59.38,62.28,53.85,6.19,6.71,-0.52,238.2,225.47,212.75,3254,2962,1.1,350.67,19.4,10.0,4.29,2026-06-01,2026-06-01 13:20:28
3228,金麗科,196.5,203.0,205.0,196.0,39.46,46.36,38.46,5.36,9.54,-4.19,254.36,215.15,175.94,852,960,0.89,140.52,,,,2026-06-01,2026-06-01 13:20:30
3229,晟鈦,54.4,51.7,54.4,51.7,82.53,67.65,56.96,3.97,3.25,0.72,52.82,42.93,33.05,2088,1376,1.52,34.96,,,,2026-06-01,2026-06-01 13:20:31
3230,錦明,30.7,30.45,31.25,30.25,21.45,27.58,39.2,-1.71,-1.74,0.03,35.54,32.35,29.16,568,772,0.74,26.13,,0.35,1.14,2026-06-01,2026-06-01 13:20:32
3231,緯創,174.0,174.0,174.0,172.5,85.67,72.69,77.31,5.19,2.46,2.73,162.6,143.88,125.15,94563,63631,1.49,5533.92,20.71,3.8,2.18,2026-06-01,2026-06-01 13:20:34
3232,昱捷,23.2,23.5,23.5,22.6,63.08,59.98,65.73,0.26,-0.03,0.29,23.3,21.44,19.58,382,490,0.78,10.8,80.0,0.5,2.16,2026-06-01,2026-06-01 13:20:35
3234,光環,118.5,118.5,118.5,118.5,77.42,65.93,58.75,1.57,0.19,1.38,114.56,102.24,89.92,3496,2904,1.2,132.1,987.5,,,2026-06-01,2026-06-01 13:20:36
3236,千如,57.3,56.8,58.8,56.0,76.35,80.67,80.79,6.41,5.15,1.26,63.92,44.16,24.39,2914,9181,0.32,60.17,179.06,0.35,0.61,2026-06-01,2026-06-01 13:20:38
3252,海灣,17.75,18.3,18.3,17.75,43.59,45.54,29.82,-0.4,-0.41,0.0,19.2,18.32,17.45,28,14,1.9,8.91,136.54,,,2026-06-01,2026-06-01 13:20:39
3257,虹冠電,66.7,67.1,67.9,66.1,82.13,79.83,79.37,3.45,1.68,1.77,66.75,55.28,43.8,1935,4098,0.47,53.07,21.04,2.8,4.2,2026-06-01,2026-06-01 13:20:40
3259,鑫創,16.75,16.75,16.75,16.05,61.72,47.23,41.18,-0.24,-0.28,0.05,18.1,16.74,15.37,85,78,1.09,12.22,,,,2026-06-01,2026-06-01 13:20:41
3260,威剛,427.0,422.0,432.5,420.5,55.35,42.47,44.01,0.85,3.5,-2.65,470.23,427.43,384.62,16012,14641,1.09,1354.3,18.57,,,2026-06-01,2026-06-01 13:20:42
3264,欣銓,223.0,245.0,245.0,219.5,55.48,56.88,47.06,8.74,9.8,-1.05,246.07,227.55,209.03,26986,17769,1.52,1056.84,37.54,4.2,1.88,2026-06-01,2026-06-01 13:20:44
3265,台星科,185.0,192.5,193.5,183.0,58.6,61.82,56.7,5.36,5.54,-0.19,195.57,183.4,171.23,2305,2456,0.94,252.08,33.94,4.6,2.49,2026-06-01,2026-06-01 13:20:45
3266,昇陽,13.0,12.65,13.0,12.6,77.78,61.15,46.0,-0.19,-0.24,0.05,13.87,12.91,11.94,112,104,1.08,45.8,22.41,0.75,5.77,2026-06-01,2026-06-01 13:20:46
3268,海德威,17.55,18.55,18.55,17.55,40.0,37.05,47.44,0.17,0.22,-0.05,18.82,17.68,16.53,213,163,1.31,6.09,,,,2026-06-01,2026-06-01 13:20:47
3272,東碩,18.2,17.1,18.6,16.85,46.61,25.78,46.15,-0.09,-0.08,-0.01,19.26,17.73,16.19,737,273,2.69,10.9,,,,2026-06-01,2026-06-01 13:20:48
3276,宇環,14.8,14.2,15.0,14.2,51.81,35.07,33.71,-0.15,-0.09,-0.06,16.5,14.78,13.05,407,203,2.0,10.32,70.48,0.02,0.14,2026-06-01,2026-06-01 13:20:50
3284,太普高,15.85,16.0,16.3,15.8,20.42,27.05,39.76,-0.41,-0.47,0.05,17.56,16.29,15.02,294,209,1.41,17.19,6.98,0.8,5.05,2026-06-01,2026-06-01 13:20:52
3285,微端,30.6,31.25,31.25,30.5,56.73,61.87,66.67,0.62,0.35,0.27,31.47,29.29,27.12,65,147,0.44,13.08,43.71,1.0,3.27,2026-06-01,2026-06-01 13:20:53
3287,廣寰科,38.45,38.85,39.0,37.95,80.29,75.52,81.15,2.16,1.37,0.79,38.68,32.09,25.5,897,2001,0.45,16.91,25.63,,,2026-06-01,2026-06-01 13:20:55
3288,點晶,18.25,18.25,18.25,18.25,81.35,65.44,84.88,0.3,0.03,0.27,16.87,15.27,13.67,141,68,2.07,2.99,,,,2026-06-01,2026-06-01 13:20:57
3289,宜特,166.5,169.0,170.0,166.0,44.11,41.07,32.95,-1.32,-0.19,-1.13,187.7,171.75,155.8,1397,1874,0.75,143.98,34.91,4.78,2.87,2026-06-01,2026-06-01 13:20:58
3290,東浦,48.75,48.8,50.4,48.3,64.71,62.38,54.07,0.3,0.17,0.13,49.38,47.49,45.59,1611,1103,1.46,43.98,24.25,4.29,8.8,2026-06-01,2026-06-01 13:20:59
3293,鈊象,769.0,754.0,770.0,753.0,79.69,69.67,63.72,2.69,-1.56,4.24,763.37,736.3,709.23,2261,2638,0.86,2167.05,20.32,29.0,3.77,2026-06-01,2026-06-01 13:21:00
3294,英濟,40.2,41.0,42.95,40.15,43.24,56.46,77.08,2.16,1.83,0.33,45.55,36.31,27.06,2514,2628,0.96,53.07,,0.38,0.95,2026-06-01,2026-06-01 13:21:02
3296,勝德,21.8,19.9,21.8,19.9,55.22,35.77,50.0,-0.23,-0.33,0.1,23.08,20.61,18.13,296,178,1.67,21.09,35.74,,,2026-06-01,2026-06-01 13:21:03
3297,杭特,31.1,29.6,31.6,29.5,32.03,19.32,37.59,-0.92,-1.01,0.08,32.89,30.96,29.04,211,116,1.82,11.21,66.17,,,2026-06-01,2026-06-01 13:21:05
3303,岱稜,49.2,49.35,49.5,48.75,45.24,39.69,46.05,0.16,0.32,-0.16,52.91,49.9,46.89,423,363,1.17,46.02,11.63,3.0,6.1,2026-06-01,2026-06-01 13:21:07
3305,昇貿,167.5,160.5,167.5,154.0,82.29,80.93,78.26,12.83,10.29,2.54,174.34,138.15,101.96,12676,12141,1.04,235.0,56.02,2.25,1.34,2026-06-01,2026-06-01 13:21:08
3306,鼎天,48.9,47.45,50.4,47.4,73.28,68.14,69.44,0.12,-0.2,0.32,48.86,46.42,43.99,626,361,1.73,24.75,25.21,2.1,4.29,2026-06-01,2026-06-01 13:21:10
3308,聯德,21.1,21.0,21.4,20.0,58.62,50.61,50.57,-0.17,-0.27,0.1,21.59,20.4,19.22,290,204,1.42,12.66,31.03,,,2026-06-01,2026-06-01 13:21:11
3310,佳穎,72.8,72.4,76.4,71.6,57.12,65.51,57.3,0.77,0.39,0.38,76.02,70.9,65.79,1123,951,1.18,45.72,22.54,3.5,4.81,2026-06-01,2026-06-01 13:21:12
3311,閎暉,35.95,36.15,37.8,35.9,68.93,67.61,63.64,1.02,0.55,0.47,36.75,32.92,29.1,1067,2080,0.51,35.95,21.53,0.3,0.83,2026-06-01,2026-06-01 13:21:14
3312,弘憶股,55.1,50.9,55.1,49.75,73.64,67.52,70.39,2.81,2.36,0.45,54.31,47.02,39.74,6596,5598,1.18,100.63,32.22,1.39,2.52,2026-06-01,2026-06-01 13:21:16
3313,斐成,11.15,11.1,11.35,10.8,26.16,33.62,44.83,-0.28,-0.27,-0.01,12.1,11.47,10.83,445,269,1.65,24.66,,,,2026-06-01,2026-06-01 13:21:17
3317,尼克森,79.8,83.5,84.0,79.7,65.67,73.01,70.03,6.62,6.44,0.18,88.6,74.11,59.61,4851,7250,0.67,71.82,48.66,0.4,0.5,2026-06-01,2026-06-01 13:21:19
3321,同泰,19.8,19.95,20.2,19.55,79.31,69.16,72.31,0.75,0.28,0.47,19.85,16.8,13.76,1169,1662,0.7,17.05,,,,2026-06-01,2026-06-01 13:21:20
3322,建舜電,13.5,13.1,13.6,13.1,60.18,47.51,47.0,-0.11,-0.17,0.06,13.97,13.1,12.22,1023,896,1.14,18.57,,,,2026-06-01,2026-06-01 13:21:21
3323,加百裕,39.6,38.5,40.5,38.45,75.86,67.78,60.24,0.98,0.6,0.38,39.15,36.0,32.85,8638,5044,1.71,39.36,,0.5,1.26,2026-06-01,2026-06-01 13:21:22
3324,雙鴻,1145.0,1085.0,1165.0,1080.0,73.05,57.47,60.44,0.24,-9.09,9.33,1155.36,1040.6,925.84,6055,3386,1.79,1048.53,41.52,12.0,1.05,2026-06-01,2026-06-01 13:21:23
3325,旭品,12.1,11.8,12.15,11.65,34.86,27.29,45.24,-0.29,-0.31,0.02,13.02,12.21,11.41,451,339,1.33,13.33,,,,2026-06-01,2026-06-01 13:21:25
3332,幸康,65.7,66.8,66.8,65.0,38.96,34.04,49.63,0.76,0.86,-0.1,66.9,65.0,63.09,33,40,0.83,31.6,18.61,1.1,1.67,2026-06-01,2026-06-01 13:21:26
3338,泰碩,80.7,80.7,80.7,80.7,58.94,53.62,61.98,1.84,1.84,0.0,79.85,74.06,68.27,1668,1715,0.97,70.07,45.08,2.01,2.49,2026-06-01,2026-06-01 13:21:27
3339,泰谷,44.1,45.55,45.55,43.8,22.4,32.53,31.78,-1.69,-0.81,-0.88,61.79,50.64,39.49,2230,2729,0.82,30.11,,,,2026-06-01,2026-06-01 13:21:28
3346,麗清,23.55,23.55,23.55,23.55,90.66,75.36,84.31,0.7,-0.13,0.83,21.33,17.17,13.02,1473,952,1.55,28.37,214.09,1.21,5.14,2026-06-01,2026-06-01 13:21:36
3349,寶德,17.9,17.8,17.95,17.5,22.91,26.95,17.19,-2.03,-2.07,0.04,24.69,20.0,15.32,131,211,0.62,8.25,,,,2026-06-01,2026-06-01 13:21:37
3354,律勝,34.6,31.8,34.85,31.05,41.46,40.64,49.71,1.04,1.25,-0.21,36.51,33.09,29.67,2594,1967,1.32,24.26,,0.2,0.58,2026-06-01,2026-06-01 13:21:38
3356,奇偶,62.2,63.5,63.5,61.9,41.59,53.51,54.14,2.53,2.75,-0.22,66.82,60.8,54.78,948,1132,0.84,49.72,10.03,3.5,5.63,2026-06-01,2026-06-01 13:21:39
3357,臺慶科,284.5,298.0,314.5,282.0,78.51,80.39,77.85,29.59,24.62,4.97,316.05,231.53,147.0,9198,8614,1.07,290.29,30.04,5.0,1.76,2026-06-01,2026-06-01 13:21:42
3360,尚立,14.1,14.15,14.3,14.0,11.26,16.58,32.08,-0.03,0.04,-0.07,16.27,14.54,12.82,602,452,1.33,10.77,,,,2026-06-01,2026-06-01 13:21:43
3362,先進光,121.0,113.0,121.0,112.5,46.03,43.23,65.14,2.38,2.38,0.0,123.78,111.75,99.72,3333,1401,2.38,173.06,,0.99,0.82,2026-06-01,2026-06-01 13:21:44
3363,上詮,809.0,801.0,833.0,787.0,35.32,38.9,38.06,8.16,15.89,-7.73,913.41,835.3,757.19,2740,3234,0.85,919.35,5056.25,,,2026-06-01,2026-06-01 13:21:45
3372,典範,22.0,22.0,22.2,21.7,73.77,71.01,73.11,0.59,0.3,0.3,22.57,20.21,17.85,1465,2082,0.7,38.57,,,,2026-06-01,2026-06-01 13:21:46
3373,熱映,16.9,16.95,17.1,16.75,31.88,22.04,55.56,-0.04,-0.04,0.0,17.09,16.86,16.64,77,87,0.88,8.05,,,,2026-06-01,2026-06-01 13:21:49
3374,精材,260.5,262.0,265.0,253.0,59.14,53.71,51.66,15.19,15.99,-0.8,285.88,243.25,200.62,15484,18503,0.84,706.9,52.41,2.5,0.96,2026-06-01,2026-06-01 13:21:50
3376,新日興,215.0,205.0,222.5,204.5,46.95,53.18,57.24,1.44,0.93,0.51,220.82,206.68,192.53,8539,5838,1.46,420.89,132.72,6.0,2.79,2026-06-01,2026-06-01 13:21:51
3379,彬台,41.35,41.9,42.5,41.15,51.35,59.49,65.12,0.95,0.82,0.13,44.59,39.36,34.14,833,596,1.4,15.73,19.6,0.8,1.93,2026-06-01,2026-06-01 13:21:53
3380,明泰,38.8,39.1,39.65,38.1,84.76,78.76,81.73,0.56,-0.3,0.86,38.38,33.61,28.84,7944,7686,1.03,210.19,24.25,1.0,2.58,2026-06-01,2026-06-01 13:21:54
3388,崇越電,106.0,109.5,109.5,105.5,59.87,48.83,38.28,2.24,2.75,-0.52,122.1,106.19,90.28,1932,3484,0.55,78.51,28.27,3.5,3.3,2026-06-01,2026-06-01 13:21:55
3390,旭軟,28.75,28.3,29.5,28.2,60.29,64.97,55.44,0.89,0.9,-0.0,29.92,27.73,25.53,1455,2338,0.62,22.7,,1.0,3.48,2026-06-01,2026-06-01 13:21:56
3402,漢科,146.0,147.0,147.0,143.0,57.98,60.58,58.14,3.92,3.27,0.65,154.22,141.55,128.88,962,2806,0.34,106.65,19.62,5.0,3.42,2026-06-01,2026-06-01 13:21:57
3406,玉晶光,603.0,609.0,628.0,598.0,69.74,68.12,69.05,24.74,22.87,1.88,624.94,556.5,488.06,2850,1927,1.48,679.84,18.38,17.0,2.82,2026-06-01,2026-06-01 13:21:59
3413,京鼎,316.5,322.0,322.0,315.0,45.8,53.28,59.19,4.49,4.08,0.42,333.68,312.24,290.81,2807,4850,0.58,349.96,15.26,10.98,3.47,2026-06-01,2026-06-01 13:22:00
3416,融程電,184.0,184.5,188.0,181.5,63.84,64.44,60.47,6.96,6.21,0.75,192.73,173.55,154.37,533,727,0.73,148.11,25.99,5.5,2.99,2026-06-01,2026-06-01 13:22:01
3419,譁裕,14.25,14.05,14.4,14.0,52.79,41.19,52.5,-0.37,-0.42,0.05,15.08,14.16,13.23,445,464,0.96,17.17,26.89,,,2026-06-01,2026-06-01 13:22:02
3426,台興,47.8,47.75,47.8,47.75,35.29,39.88,62.5,0.04,0.04,-0.0,47.79,47.73,47.66,4,5,0.72,12.62,20.17,2.5,5.23,2026-06-01,2026-06-01 13:22:04
3430,奇鈦科,164.0,170.0,171.0,163.0,45.69,51.24,41.57,13.66,17.06,-3.4,187.34,166.45,145.56,1313,2204,0.6,55.29,52.23,2.5,1.52,2026-06-01,2026-06-01 13:22:05
3432,台端,18.8,18.8,19.2,18.7,18.57,23.09,45.0,0.04,0.23,-0.19,21.54,19.62,17.7,59,83,0.72,7.94,,,,2026-06-01,2026-06-01 13:22:06
3434,哲固,30.15,29.45,30.45,29.45,58.75,53.78,73.44,0.06,-0.12,0.18,29.94,28.85,27.77,143,110,1.31,10.78,65.54,0.44,1.46,2026-06-01,2026-06-01 13:22:07
3437,榮創,24.35,24.05,24.9,23.7,32.22,36.25,39.57,-0.07,0.17,-0.24,27.64,25.06,22.47,1809,2126,0.85,35.2,,,,2026-06-01,2026-06-01 13:22:08
3438,類比科,74.4,70.9,75.8,69.1,77.21,74.89,67.79,5.0,4.9,0.1,75.9,67.44,58.98,943,907,1.04,35.09,75.15,1.5,2.02,2026-06-01,2026-06-01 13:22:09
3441,聯一光,54.2,53.4,55.4,52.2,68.06,72.62,70.55,4.94,4.48,0.46,59.53,46.47,33.4,2262,3116,0.73,21.7,51.13,0.75,1.38,2026-06-01,2026-06-01 13:22:10
3443,創意,4655.0,4655.0,4790.0,4540.0,39.33,44.45,33.45,231.46,356.83,-125.38,5737.57,5031.25,4324.93,3311,3591,0.92,6238.21,166.13,20.0,0.43,2026-06-01,2026-06-01 13:22:11
3444,利機,104.5,107.0,110.5,102.0,63.32,70.86,58.65,6.82,6.19,0.63,114.87,97.83,80.8,1545,2546,0.61,47.02,48.83,2.0,1.91,2026-06-01,2026-06-01 13:22:13
3447,展達,38.6,36.9,39.0,36.9,60.5,51.51,49.53,-0.32,-0.46,0.14,39.97,37.53,35.09,460,291,1.58,29.9,24.28,1.1,2.85,2026-06-01,2026-06-01 13:22:14
3450,聯鈞,539.0,497.5,539.0,497.0,81.94,77.16,59.74,45.25,39.07,6.19,550.03,440.55,331.07,10672,11187,0.95,785.22,107.8,0.5,0.09,2026-06-01,2026-06-01 13:22:15
3455,由田,244.0,242.5,247.0,240.0,14.71,26.02,34.11,8.31,17.75,-9.44,314.53,275.77,237.02,1550,2552,0.61,146.04,91.73,7.0,2.87,2026-06-01,2026-06-01 13:22:24
3465,進泰電子,29.8,28.65,29.8,28.65,60.21,47.59,63.72,-1.29,-1.87,0.58,29.51,27.82,26.14,35,48,0.73,10.53,745.0,2.0,6.71,2026-06-01,2026-06-01 13:22:25
3466,德晉,32.6,32.9,33.1,32.55,7.83,9.36,24.51,-1.5,-1.04,-0.47,42.3,36.4,30.5,414,686,0.6,25.39,,,,2026-06-01,2026-06-01 13:22:27
3467,台灣精材,71.6,76.6,76.6,71.2,65.39,62.35,50.85,4.14,3.89,0.25,78.14,68.08,58.02,468,1002,0.47,22.27,123.45,0.82,1.15,2026-06-01,2026-06-01 13:22:28
3479,安勤,132.0,136.0,137.0,130.5,80.87,85.83,82.63,11.29,8.73,2.56,145.48,112.15,78.82,2085,2997,0.7,95.77,21.71,5.2,3.94,2026-06-01,2026-06-01 13:22:30
3481,群創,56.1,54.5,56.1,53.7,89.29,86.17,74.12,6.3,4.85,1.45,56.06,39.41,22.76,477616,1087822,0.44,4477.37,1870.0,1.0,1.78,2026-06-01,2026-06-01 13:22:31
3483,力致,103.0,97.3,104.0,97.0,73.42,66.36,66.67,2.29,1.49,0.8,101.67,92.59,83.51,3170,1505,2.11,100.99,27.91,3.5,3.4,2026-06-01,2026-06-01 13:22:34
3484,崧騰,44.4,43.7,44.5,43.7,62.36,59.33,61.9,-0.34,-0.46,0.12,45.64,43.81,41.98,276,266,1.04,35.0,11.16,2.44,5.5,2026-06-01,2026-06-01 13:22:35
3485,敘豐,367.0,341.0,367.0,337.5,86.35,73.98,64.39,13.5,5.5,8.0,364.54,295.45,226.36,1419,1119,1.27,141.63,62.74,5.5,1.5,2026-06-01,2026-06-01 13:22:36
3489,森寶,21.7,21.8,21.95,21.5,26.82,28.07,39.02,-0.18,-0.17,-0.01,22.34,21.93,21.53,345,176,1.96,19.63,,0.5,2.3,2026-06-01,2026-06-01 13:22:37
3490,單井,38.0,38.5,38.9,37.55,35.12,51.89,67.77,2.65,2.81,-0.16,45.09,36.14,27.18,2210,2987,0.74,20.9,760.0,1.0,2.63,2026-06-01,2026-06-01 13:22:40
3491,昇達科,2165.0,2180.0,2200.0,2085.0,88.05,82.8,67.54,129.55,93.93,35.62,2231.84,1848.75,1465.66,1300,916,1.42,1489.63,289.44,6.49,0.3,2026-06-01,2026-06-01 13:22:43
3492,長盛,23.4,23.5,23.55,23.3,67.35,61.65,60.56,0.04,-0.14,0.18,23.66,22.71,21.76,138,218,0.63,8.31,13.3,1.0,4.27,2026-06-01,2026-06-01 13:22:44
3494,誠研,8.05,8.16,8.16,8.0,82.89,79.05,61.54,0.02,-0.04,0.05,8.35,7.87,7.38,163,187,0.87,7.63,,,,2026-06-01,2026-06-01 13:22:45
3498,陽程,144.0,146.5,149.5,144.0,46.13,63.52,65.52,16.22,16.96,-0.74,178.92,132.71,86.5,1439,1019,1.41,86.99,300.0,,,2026-06-01,2026-06-01 13:22:46
3499,環天科,14.75,15.0,15.0,14.6,46.37,46.64,48.48,-0.42,-0.5,0.08,15.59,14.91,14.22,118,129,0.92,8.11,,,,2026-06-01,2026-06-01 13:22:47
3501,維熹,41.3,40.0,41.45,39.8,53.21,36.44,33.95,-1.79,-1.92,0.13,48.93,42.22,35.51,676,423,1.6,48.84,13.86,4.0,9.69,2026-06-01,2026-06-01 13:22:48
3504,揚明光,78.4,78.2,80.8,78.2,29.2,45.45,68.71,4.15,4.44,-0.29,89.4,74.05,58.69,1514,1641,0.92,89.42,313.6,,,2026-06-01,2026-06-01 13:22:50
3508,位速,19.9,20.75,20.75,19.85,37.3,40.41,43.62,-1.7,-2.15,0.45,22.41,20.61,18.82,267,407,0.66,20.54,,,,2026-06-01,2026-06-01 13:22:51
3511,矽瑪,21.85,20.9,21.85,20.5,62.24,47.11,56.38,0.01,-0.02,0.03,23.09,20.94,18.79,819,407,2.01,17.47,,,,2026-06-01,2026-06-01 13:22:54
3512,皇龍,20.6,20.55,20.7,20.5,66.37,64.45,69.23,-0.15,-0.21,0.06,20.68,20.41,20.13,114,81,1.4,23.29,8.48,1.2,5.83,2026-06-01,2026-06-01 13:22:55
3515,華擎,253.5,247.0,258.0,242.5,77.2,68.02,65.71,4.29,2.68,1.61,254.71,234.88,215.04,2531,1238,2.04,313.18,16.71,11.0,4.34,2026-06-01,2026-06-01 13:22:56
3516,亞帝歐,23.25,22.95,23.5,22.95,22.97,33.35,60.0,0.8,0.87,-0.08,25.61,22.62,19.62,163,152,1.07,13.85,86.11,0.25,1.08,2026-06-01,2026-06-01 13:22:57
3518,柏騰,31.9,33.45,34.05,31.15,31.91,41.44,33.04,1.08,1.75,-0.67,39.58,35.23,30.89,3703,1960,1.89,32.72,,,,2026-06-01,2026-06-01 13:22:58
3520,華盈,14.45,14.65,14.65,14.35,17.92,22.06,30.77,-0.06,0.04,-0.1,15.77,15.03,14.29,269,263,1.03,9.95,,0.1,0.69,2026-06-01,2026-06-01 13:22:59
3521,台鋼建設,11.95,12.1,12.1,11.95,3.02,7.64,23.68,-0.47,-0.37,-0.1,14.43,13.04,11.66,164,124,1.32,22.2,,,,2026-06-01,2026-06-01 13:23:01
3522,御嵿,11.5,11.75,11.8,11.3,12.76,16.9,23.08,-0.29,-0.21,-0.08,13.12,12.35,11.59,235,173,1.36,11.97,,,,2026-06-01,2026-06-01 13:23:02
3523,迎輝,17.5,17.5,17.5,17.5,89.43,71.85,75.25,0.49,-0.3,0.78,16.28,12.22,8.16,146,199,0.73,11.25,,,,2026-06-01,2026-06-01 13:23:03
3526,凡甲,364.0,369.0,369.5,363.0,46.78,47.3,32.26,14.21,18.42,-4.22,399.04,371.95,344.86,547,1024,0.53,238.86,23.61,16.84,4.63,2026-06-01,2026-06-01 13:23:04
3527,聚積,56.7,57.2,57.9,56.5,34.95,39.88,37.5,-0.12,0.33,-0.45,64.34,59.61,54.88,403,240,1.68,25.2,3.0,,,2026-06-01,2026-06-01 13:23:05
3528,安馳,129.0,129.0,129.0,129.0,91.24,82.4,89.06,10.3,6.41,3.89,119.19,91.79,64.39,1449,2442,0.59,85.95,56.58,3.0,2.33,2026-06-01,2026-06-01 13:23:06
3529,力旺,3280.0,3480.0,3505.0,3215.0,25.31,28.22,28.97,-90.56,-10.42,-80.14,4718.83,3805.25,2891.67,1103,1087,1.01,2449.73,128.23,22.0,0.67,2026-06-01,2026-06-01 13:23:08
3530,晶相光,68.0,67.8,69.3,67.3,46.07,48.41,44.51,1.06,1.36,-0.3,71.58,68.05,64.52,345,342,1.01,52.68,39.08,,,2026-06-01,2026-06-01 13:23:09
3531,先益,23.7,23.15,23.7,23.15,67.74,61.14,63.04,0.22,0.25,-0.03,23.68,23.23,22.77,31,15,1.99,14.5,81.72,0.5,2.11,2026-06-01,2026-06-01 13:23:10
3532,台勝科,350.5,350.5,350.5,350.5,89.47,78.58,68.61,31.81,23.48,8.34,334.56,258.6,182.64,1074,5497,0.2,1359.41,219.06,1.8,0.51,2026-06-01,2026-06-01 13:23:11
3533,嘉澤,2675.0,2675.0,2735.0,2605.0,73.98,64.56,44.49,44.89,44.55,0.34,2910.72,2577.25,2243.78,794,1086,0.73,3001.96,38.24,41.72,1.56,2026-06-01,2026-06-01 13:23:12
3535,晶彩科,134.5,124.5,134.5,123.0,58.65,50.94,55.65,0.43,0.39,0.04,140.13,127.55,114.97,6975,3531,1.98,106.32,611.36,0.5,0.37,2026-06-01,2026-06-01 13:23:13
3537,堡達,79.1,80.8,84.7,79.1,85.61,85.41,78.15,8.1,5.93,2.16,83.1,58.53,33.95,9821,7796,1.26,44.49,31.77,2.3,2.91,2026-06-01,2026-06-01 13:23:15
3540,曜越,27.5,26.3,27.6,26.3,62.02,47.99,46.02,-0.24,-0.35,0.12,28.42,26.75,25.08,508,402,1.26,19.93,37.16,0.3,1.09,2026-06-01,2026-06-01 13:23:16
3541,西柏,21.9,22.3,22.3,21.8,13.14,17.68,15.79,-0.38,-0.33,-0.05,23.6,22.8,22.0,213,100,2.13,12.21,,,,2026-06-01,2026-06-01 13:23:17
3543,州巧,36.0,35.95,36.65,35.5,40.45,35.76,36.69,-1.76,-1.97,0.22,40.4,37.08,33.75,722,821,0.88,39.33,,0.6,1.67,2026-06-01,2026-06-01 13:23:18
3545,敦泰,59.6,60.9,61.7,58.5,57.03,63.79,54.4,2.17,2.31,-0.13,62.99,57.67,52.36,3045,2629,1.16,127.87,,1.74,2.92,2026-06-01,2026-06-01 13:23:19
3546,宇峻,81.7,82.2,83.0,81.7,68.15,72.67,83.85,3.1,2.66,0.44,88.25,75.88,63.51,485,424,1.15,47.74,41.68,4.1,5.02,2026-06-01,2026-06-01 13:23:21
3548,兆利,96.5,95.5,98.3,94.7,36.38,44.79,42.06,-0.38,0.07,-0.45,104.8,97.95,91.1,558,593,0.94,65.37,47.3,2.0,2.07,2026-06-01,2026-06-01 13:23:22
3550,聯穎,21.45,20.95,22.3,20.85,39.58,34.27,57.82,0.17,0.23,-0.06,22.83,21.02,19.22,4842,2508,1.93,23.07,,,,2026-06-01,2026-06-01 13:23:23
3551,世禾,218.5,226.0,226.0,216.5,59.98,50.19,51.8,4.6,3.52,1.08,225.11,208.9,192.69,2163,3306,0.65,134.9,26.39,3.34,1.53,2026-06-01,2026-06-01 13:23:25
3552,同致,54.5,56.4,56.4,53.3,51.44,41.81,43.36,-0.12,-0.29,0.17,57.02,53.94,50.87,509,617,0.83,53.37,81.34,0.77,1.41,2026-06-01,2026-06-01 13:23:27
3555,博士旺,211.0,211.0,214.0,210.0,35.64,41.37,45.81,-0.09,1.9,-2.0,261.03,222.43,183.82,127,264,0.48,84.4,164.84,,,2026-06-01,2026-06-01 13:23:28
3556,禾瑞亞,73.9,73.9,73.9,73.9,90.12,78.67,83.55,3.97,2.23,1.74,67.06,55.53,44.0,614,1453,0.42,47.08,34.69,1.95,2.64,2026-06-01,2026-06-01 13:23:29
3557,嘉威,23.9,23.8,24.0,23.3,12.44,12.32,38.99,-1.6,-1.46,-0.13,30.78,26.35,21.93,226,204,1.11,20.15,2390.0,2.5,10.46,2026-06-01,2026-06-01 13:23:30
3558,神準,140.5,143.5,144.0,139.5,74.92,76.69,69.92,6.93,4.19,2.73,145.71,122.17,98.64,595,1223,0.49,82.98,27.12,3.0,2.14,2026-06-01,2026-06-01 13:23:32
3563,牧德,825.0,833.0,833.0,823.0,22.0,36.72,51.45,-0.27,7.03,-7.3,922.9,848.75,774.6,669,1416,0.47,527.68,52.28,13.0,1.58,2026-06-01,2026-06-01 13:23:33
3564,其陽,52.4,48.55,52.4,48.55,81.95,71.92,81.18,1.91,0.86,1.05,50.25,43.23,36.21,1342,659,2.03,30.98,80.62,0.89,1.7,2026-06-01,2026-06-01 13:23:35
3567,逸昌,29.3,29.45,29.5,29.0,55.19,49.07,52.46,0.41,0.43,-0.02,30.61,29.04,27.46,220,190,1.16,9.95,27.64,1.8,6.14,2026-06-01,2026-06-01 13:23:39
3570,大塚,179.5,174.0,179.5,174.0,56.36,40.97,65.0,2.05,1.54,0.5,179.22,171.3,163.38,178,85,2.09,30.69,12.95,9.7,5.4,2026-06-01,2026-06-01 13:23:40
3576,聯合再生,18.5,18.4,18.9,18.0,42.01,49.29,56.06,0.25,0.08,0.17,19.88,17.78,15.67,20893,27733,0.75,300.94,14.23,,,2026-06-01,2026-06-01 13:23:41
3577,泓格,153.0,158.0,168.5,151.5,73.85,81.19,78.01,19.52,16.8,2.72,177.92,122.17,66.43,1336,1833,0.73,97.87,64.83,1.5,0.98,2026-06-01,2026-06-01 13:23:42
3580,友威科,113.0,105.0,114.0,104.5,66.31,63.07,56.59,6.12,6.25,-0.13,116.26,101.81,87.35,4977,3221,1.55,44.57,58.55,3.0,2.65,2026-06-01,2026-06-01 13:23:51
3581,博磊,244.0,236.5,250.0,233.5,48.98,58.28,52.96,25.03,28.45,-3.41,272.2,233.8,195.4,910,2242,0.41,124.45,305.0,0.5,0.2,2026-06-01,2026-06-01 13:23:52
3583,辛耘,867.0,867.0,880.0,851.0,41.75,43.36,36.68,39.74,52.4,-12.66,971.95,869.9,767.85,1596,2909,0.55,696.73,64.94,6.0,0.69,2026-06-01,2026-06-01 13:23:53
3587,閎康,323.5,327.0,329.0,321.5,17.49,22.55,25.78,3.98,9.13,-5.15,382.69,340.62,298.56,1198,1350,0.89,225.89,54.65,6.92,2.14,2026-06-01,2026-06-01 13:23:54
3588,通嘉,63.6,61.8,64.5,61.8,57.45,60.93,53.59,1.37,1.56,-0.19,65.49,61.98,58.47,1013,868,1.17,39.43,127.2,1.2,1.89,2026-06-01,2026-06-01 13:23:55
3591,艾笛森,25.85,26.25,26.7,25.8,53.11,63.46,61.02,0.78,0.79,-0.01,27.21,25.05,22.9,1374,1900,0.72,36.7,45.35,0.74,2.86,2026-06-01,2026-06-01 13:23:57
3592,瑞鼎,285.0,272.0,285.0,272.0,87.01,81.67,64.29,11.5,9.88,1.62,293.0,262.45,231.9,1341,1223,1.1,216.19,15.9,22.2,7.79,2026-06-01,2026-06-01 13:23:58
3593,力銘,16.85,16.65,16.85,16.0,36.08,37.88,34.72,-0.15,0.11,-0.26,19.45,17.88,16.3,50,42,1.2,10.25,,,,2026-06-01,2026-06-01 13:23:58
3594,磐儀,51.1,50.8,51.4,50.2,54.46,49.96,43.81,0.53,0.95,-0.42,57.31,52.31,47.3,326,538,0.61,48.74,104.29,0.8,1.57,2026-06-01,2026-06-01 13:24:00
3595,山太士,2605.0,2680.0,2715.0,2585.0,44.69,53.74,36.76,100.08,142.12,-42.04,2952.52,2664.5,2376.48,354,379,0.94,883.44,605.81,1.0,0.04,2026-06-01,2026-06-01 13:24:01
3596,智易,193.5,191.0,195.5,188.0,73.83,72.56,64.04,4.57,3.75,0.82,197.33,182.03,166.72,2393,1758,1.36,426.38,15.57,9.0,4.65,2026-06-01,2026-06-01 13:24:03
3597,映興,27.5,28.1,28.1,27.0,40.98,46.68,49.55,0.75,0.79,-0.04,29.05,27.24,25.43,84,174,0.48,10.72,80.88,0.85,3.09,2026-06-01,2026-06-01 13:24:04
3605,宏致,79.2,79.8,80.8,79.2,53.53,56.02,42.86,1.25,2.05,-0.8,88.9,81.17,73.44,2850,4091,0.7,137.3,19.8,0.71,0.9,2026-06-01,2026-06-01 13:24:06
3607,谷崧,16.2,15.7,16.35,15.55,84.84,77.1,79.03,0.28,0.12,0.16,15.81,14.72,13.64,1427,845,1.69,19.71,810.0,0.7,4.32,2026-06-01,2026-06-01 13:24:07
3609,三一東林,29.5,27.85,30.2,27.2,54.23,59.2,71.57,0.93,0.67,0.26,32.25,26.59,20.93,726,436,1.67,11.29,4.6,,,2026-06-01,2026-06-01 13:24:08
3611,鼎翰,192.0,190.0,192.5,189.5,55.24,38.67,59.26,0.17,-0.13,0.3,191.88,188.9,185.92,99,56,1.75,91.17,9.86,9.98,5.2,2026-06-01,2026-06-01 13:24:09
3615,安可,50.7,49.1,53.5,48.65,75.65,79.39,76.76,4.54,3.72,0.82,55.55,41.45,27.35,11444,11132,1.03,34.71,61.83,0.3,0.59,2026-06-01,2026-06-01 13:24:11
3617,碩天,212.0,210.5,213.5,210.0,76.45,73.44,69.57,6.15,4.61,1.55,216.15,199.32,182.5,291,567,0.51,200.9,14.74,15.0,7.08,2026-06-01,2026-06-01 13:24:12
3622,洋華,58.4,56.8,58.6,56.6,68.21,62.86,56.52,0.29,-0.08,0.37,58.9,55.95,53.0,581,694,0.84,88.38,9.61,3.0,5.14,2026-06-01,2026-06-01 13:24:13
3623,富晶通,23.25,23.8,23.8,23.05,42.24,48.36,52.34,0.01,-0.01,0.01,24.11,23.13,22.15,111,77,1.44,6.79,,,,2026-06-01,2026-06-01 13:24:15
3624,光頡,113.0,114.0,121.0,113.0,85.27,85.06,96.61,13.12,10.44,2.67,117.76,81.24,44.73,4615,5931,0.78,132.6,61.08,1.23,1.09,2026-06-01,2026-06-01 13:24:17
3625,西勝,15.5,14.5,15.85,14.5,67.73,61.73,60.76,-0.46,-0.6,0.14,16.11,14.75,13.39,1156,650,1.78,17.04,,,,2026-06-01,2026-06-01 13:24:20
3628,盈正,69.2,68.9,69.9,67.4,75.82,62.49,56.92,-0.11,-0.62,0.52,70.52,65.93,61.33,256,163,1.57,31.14,17.3,2.0,2.89,2026-06-01,2026-06-01 13:24:21
3629,地心引力,16.45,16.45,16.45,16.45,18.1,20.1,38.81,-0.28,-0.29,0.01,18.05,16.71,15.36,1,16,0.06,5.42,,,,2026-05-29,2026-06-01 13:24:22
3630,新鉅科,26.5,26.3,26.9,26.05,43.78,48.97,51.49,-0.49,-0.57,0.08,28.32,26.58,24.84,820,708,1.16,54.11,14.25,,,2026-06-01,2026-06-01 13:24:23
3631,晟楠,36.4,36.45,36.7,36.2,10.63,13.71,8.94,0.49,1.12,-0.63,41.33,38.44,35.55,123,201,0.61,29.78,,,,2026-06-01,2026-06-01 13:24:24
3632,研勤,7.94,8.12,8.12,7.93,49.31,45.24,45.72,-0.15,-0.25,0.1,9.26,8.18,7.11,39,84,0.46,3.25,,,,2026-06-01,2026-06-01 13:24:25
3645,達邁,107.0,107.0,108.0,104.5,33.18,44.22,49.5,3.46,4.43,-0.97,118.37,106.25,94.12,4125,9441,0.44,146.33,69.93,1.19,1.11,2026-06-01,2026-06-01 13:24:27
3646,艾恩特,23.6,23.9,24.5,23.6,29.66,27.35,55.13,0.03,-0.03,0.06,24.09,23.47,22.85,11,35,0.31,9.27,42.14,1.65,6.99,2026-06-01,2026-06-01 13:24:28
3652,精聯,36.4,35.4,36.45,34.8,78.84,67.56,82.02,1.43,0.89,0.54,35.25,31.2,27.14,460,566,0.81,27.34,27.16,0.6,1.65,2026-06-01,2026-06-01 13:24:29
3653,健策,3840.0,3550.0,3895.0,3550.0,70.66,62.36,48.36,-177.37,-209.71,32.34,4474.24,3664.0,2853.76,2416,2028,1.19,5634.54,106.19,14.5,0.38,2026-06-01,2026-06-01 13:24:30
3661,世芯-KY,4855.0,4485.0,4855.0,4450.0,43.0,36.72,41.33,167.13,237.86,-70.73,5322.5,4716.5,4110.5,2422,2078,1.17,3985.53,71.87,36.74,0.76,2026-06-01,2026-06-01 13:24:31
3663,鑫科,89.5,88.6,93.8,88.6,74.77,77.14,74.37,5.07,3.94,1.13,96.82,78.86,60.9,8166,6122,1.33,97.1,101.7,0.4,0.45,2026-06-01,2026-06-01 13:24:32
3664,安瑞-KY,7.8,8.2,8.2,7.7,13.78,19.82,38.58,-0.15,-0.12,-0.03,10.48,8.22,5.96,64,34,1.87,5.61,,,,2026-06-01,2026-06-01 13:24:33
3665,貿聯-KY,2120.0,2150.0,2180.0,2095.0,45.12,43.69,29.07,-75.7,-38.86,-36.84,3011.52,2356.0,1700.48,1480,2058,0.72,4135.67,45.8,10.51,0.5,2026-06-01,2026-06-01 13:24:34
3666,光耀,27.2,28.15,28.15,27.2,46.79,50.35,38.1,0.4,0.45,-0.05,29.71,27.69,25.67,81,213,0.38,24.35,,,,2026-06-01,2026-06-01 13:24:35
3669,圓展,41.6,39.0,41.95,39.0,68.9,56.75,63.78,0.36,0.22,0.14,42.0,38.82,35.63,695,352,1.98,38.65,36.81,1.7,4.09,2026-06-01,2026-06-01 13:24:37
3672,康聯訊,11.2,10.95,11.2,10.55,39.24,38.79,50.0,-0.14,-0.12,-0.02,12.43,11.33,10.22,53,56,0.94,4.57,,,,2026-06-01,2026-06-01 13:24:38
3673,TPK-KY,89.5,87.5,94.9,87.4,76.79,78.35,76.42,7.53,6.03,1.5,93.12,71.8,50.48,48140,44038,1.09,363.96,33.03,0.8,0.89,2026-06-01,2026-06-01 13:24:39
3675,德微,372.0,413.0,413.0,372.0,85.89,89.76,77.62,43.25,32.87,10.38,411.58,292.2,172.82,1600,1447,1.11,197.38,138.81,5.15,1.38,2026-06-01,2026-06-01 13:24:41
3679,新至陞,124.5,121.5,125.0,121.5,73.22,64.87,71.43,0.55,0.01,0.53,122.82,119.38,115.93,170,99,1.71,78.46,12.81,9.0,7.23,2026-06-01,2026-06-01 13:24:42
3680,家登,536.0,554.0,554.0,527.0,43.43,47.82,37.69,15.99,23.7,-7.71,617.84,560.63,503.42,1763,2367,0.74,514.78,57.02,6.9,1.29,2026-06-01,2026-06-01 13:24:43
3684,榮昌,59.7,59.1,60.9,59.1,37.8,44.8,55.12,0.15,0.23,-0.08,62.05,59.61,57.18,94,113,0.83,18.09,17.51,2.8,4.69,2026-06-01,2026-06-01 13:24:44
3685,元創精密,27.8,28.0,28.0,27.0,47.8,52.27,41.07,-0.66,-0.71,0.05,30.99,28.71,26.43,419,363,1.15,22.12,,,,2026-06-01,2026-06-01 13:24:45
3686,達能,17.6,17.8,17.8,17.2,42.71,39.27,56.18,-0.06,-0.11,0.05,18.33,17.46,16.58,287,325,0.88,13.46,,,,2026-06-01,2026-06-01 13:24:46
3687,歐買尬,76.4,78.0,78.1,75.5,83.26,77.32,76.11,1.49,0.4,1.09,74.88,67.49,60.1,944,484,1.95,22.97,20.27,1.56,2.04,2026-06-01,2026-06-01 13:24:50
3689,湧德,137.5,139.0,144.0,136.0,77.85,70.7,71.43,1.57,-0.12,1.69,141.69,126.62,111.56,6931,6921,1.0,120.19,18.86,2.92,2.12,2026-06-01,2026-06-01 13:24:51
3691,碩禾,169.5,170.0,173.0,161.0,68.31,55.73,58.19,9.52,8.26,1.26,167.55,147.22,126.9,6121,4992,1.23,155.74,,,,2026-06-01,2026-06-01 13:24:52
3693,營邦,632.0,588.0,639.0,583.0,65.73,55.73,55.49,0.27,-2.59,2.86,677.74,587.0,496.26,2522,1440,1.75,271.7,41.2,11.0,1.74,2026-06-01,2026-06-01 13:24:54
3694,海華,68.9,69.0,69.9,68.4,61.72,70.58,74.62,2.67,2.29,0.38,75.54,64.16,52.78,1666,2765,0.6,106.75,17.27,1.48,2.15,2026-06-01,2026-06-01 13:24:55
3701,大眾控,55.7,53.3,56.9,53.3,47.84,43.06,36.47,-2.15,-1.93,-0.23,66.39,57.9,49.42,1980,1906,1.04,131.81,,0.2,0.36,2026-06-01,2026-06-01 13:24:57
3702,大聯大,118.5,117.5,120.0,116.5,53.54,61.03,55.29,5.58,5.92,-0.34,127.49,114.28,101.06,8491,9835,0.86,1989.76,21.2,3.2,2.7,2026-06-01,2026-06-01 13:24:58
3703,欣陸,20.4,20.2,20.65,20.15,55.29,46.45,47.37,-0.28,-0.35,0.07,20.83,20.32,19.81,1499,1960,0.76,167.94,11.33,1.05,5.15,2026-06-01,2026-06-01 13:24:59
3704,合勤控,46.8,46.85,47.2,46.25,89.88,87.32,88.24,2.9,2.13,0.76,48.58,39.88,31.19,5815,7558,0.77,189.32,30.0,0.3,0.64,2026-06-01,2026-06-01 13:25:00
3705,永信,56.0,56.0,56.1,55.5,51.91,42.13,61.54,0.16,0.18,-0.02,56.22,55.67,55.12,246,220,1.12,149.16,16.92,3.0,5.36,2026-06-01,2026-06-01 13:25:01
3706,神達,93.5,90.8,94.5,90.8,75.75,66.12,62.18,1.62,0.9,0.73,92.25,84.97,77.68,62011,35678,1.74,1240.94,18.23,1.0,1.07,2026-06-01,2026-06-01 13:25:02
3707,漢磊,83.3,90.0,90.9,83.0,60.27,62.91,55.83,6.17,5.94,0.23,90.68,79.26,67.84,22318,34224,0.65,330.26,277.67,,,2026-06-01,2026-06-01 13:25:04
3708,上緯投控,119.0,124.5,125.0,119.0,41.41,52.73,47.19,1.28,1.12,0.16,131.69,121.78,111.86,1915,2818,0.68,107.15,20.03,2.35,1.97,2026-06-01,2026-06-01 13:25:07
3709,鑫聯大投控,86.7,87.0,88.6,86.6,66.49,65.51,60.09,2.78,2.96,-0.18,92.88,85.42,77.95,2023,2256,0.9,108.87,12.19,1.0,1.15,2026-06-01,2026-06-01 13:25:08
3710,連展投控,6.25,6.11,6.28,6.11,36.08,37.35,46.11,-0.13,-0.13,-0.0,6.66,6.3,5.94,694,494,1.4,17.95,,,,2026-06-01,2026-06-01 13:25:09
3711,日月光投控,601.0,603.0,615.0,599.0,72.64,71.27,57.52,39.93,35.68,4.24,652.68,553.65,454.62,24076,33066,0.73,26371.23,58.92,5.3,0.88,2026-06-01,2026-06-01 13:25:10
3712,永崴投控,19.9,19.5,20.05,18.55,77.96,56.98,50.0,-0.68,-1.03,0.34,22.12,17.85,13.58,3242,1727,1.88,49.0,,3.0,15.08,2026-06-01,2026-06-01 13:25:11
3713,新晶投控,16.05,15.05,16.5,15.05,73.11,64.41,70.33,0.05,-0.35,0.4,16.09,14.08,12.08,193,431,0.45,14.14,,,,2026-06-01,2026-06-01 13:25:12
3714,富采,71.6,73.5,74.2,71.5,38.31,47.24,46.79,2.32,2.9,-0.59,80.81,72.28,63.74,19819,31530,0.63,527.45,7160.0,0.9,1.26,2026-06-01,2026-06-01 13:25:13
3715,定穎投控,182.0,176.0,185.5,173.5,57.6,52.03,50.94,-0.81,-1.31,0.5,195.11,177.62,160.14,15032,13985,1.07,516.11,67.16,1.5,0.82,2026-06-01,2026-06-01 13:25:14
3716,中化控股,34.4,34.2,34.4,33.7,42.77,44.72,48.72,0.33,0.36,-0.03,35.61,34.23,32.84,288,254,1.13,50.27,14.45,1.02,2.97,2026-06-01,2026-06-01 13:25:15
3717,聯嘉投控,22.4,22.85,23.15,22.05,26.97,29.65,47.24,0.2,0.33,-0.12,24.31,22.73,21.15,2239,2370,0.94,46.56,,0.3,1.34,2026-06-01,2026-06-01 13:25:16
4102,永日,16.75,16.8,16.8,16.6,25.59,34.2,31.25,-0.43,-0.44,0.01,17.99,17.31,16.63,109,82,1.33,7.1,,1.15,6.87,2026-06-01,2026-06-01 13:25:17
4104,佳醫,70.1,70.1,70.1,69.5,70.58,70.86,52.86,-0.53,-0.71,0.18,71.61,69.85,68.1,341,332,1.03,132.05,15.21,4.3,6.13,2026-06-01,2026-06-01 13:25:18
4105,東洋,73.7,73.9,74.0,73.4,26.26,20.9,35.71,-0.27,-0.17,-0.11,76.03,74.32,72.61,1326,799,1.66,183.25,11.77,4.5,6.11,2026-06-01,2026-06-01 13:25:19
4106,雃博,24.4,24.65,24.7,23.85,82.81,80.57,82.35,0.43,0.28,0.15,24.41,23.02,21.64,359,293,1.23,24.62,20.5,0.8,3.28,2026-06-01,2026-06-01 13:25:20
4107,邦特,114.0,114.5,114.5,114.0,31.48,27.73,19.05,-1.06,-0.7,-0.36,121.12,116.7,112.28,70,156,0.45,79.0,14.73,5.5,4.82,2026-06-01,2026-06-01 13:25:22
4108,懷特,12.15,12.25,12.25,12.0,48.99,50.85,55.38,-0.02,-0.09,0.07,12.78,12.09,11.41,437,284,1.53,24.13,,,,2026-06-01,2026-06-01 13:25:23
4109,加捷生醫,11.5,11.2,11.55,11.2,51.35,55.34,51.16,-0.2,-0.24,0.04,11.75,11.39,11.02,309,256,1.21,13.65,26.74,0.5,4.35,2026-06-01,2026-06-01 13:25:24
4111,濟生,30.05,30.05,30.1,29.95,35.75,30.97,51.72,0.11,0.14,-0.04,30.58,30.04,29.51,43,73,0.6,17.98,11.05,1.0,3.33,2026-06-01,2026-06-01 13:25:26
4113,聯上,14.45,14.25,14.55,14.05,18.75,22.52,43.86,-0.36,-0.38,0.02,16.08,14.93,13.78,361,324,1.12,33.4,,0.85,5.88,2026-06-01,2026-06-01 13:25:28
4114,健喬,30.1,30.05,30.15,29.9,14.11,15.39,21.62,-0.26,-0.2,-0.06,31.32,30.66,30.01,1426,1467,0.97,151.98,18.13,0.6,1.99,2026-06-01,2026-06-01 13:25:29
4115,善德生技,7.75,7.43,8.26,7.06,20.31,18.47,29.66,-0.32,-0.14,-0.18,10.46,8.77,7.09,212,264,0.8,4.65,,,,2026-06-01,2026-06-01 13:25:31
4116,明基醫,37.35,37.0,37.5,37.0,24.56,27.3,30.14,-0.62,-0.6,-0.03,39.91,38.17,36.42,74,60,1.23,16.65,21.34,1.65,4.42,2026-06-01,2026-06-01 13:25:32
4117,普生,4.15,4.3,4.3,4.3,42.02,42.02,,-0.1,-0.14,0.04,4.3,4.3,4.3,0,0,,2.94,0.56,,,2026-05-29,2026-06-01 13:25:33
4119,旭富,41.9,40.45,41.9,40.35,33.32,30.86,48.73,-1.8,-1.96,0.16,47.5,42.81,38.13,337,239,1.41,50.07,46.56,1.5,3.58,2026-06-01,2026-06-01 13:25:36
4120,友華,44.1,44.6,44.6,44.1,7.74,9.64,12.5,-0.59,-0.36,-0.23,47.6,45.85,44.1,89,64,1.38,38.26,,1.0,2.27,2026-06-01,2026-06-01 13:25:37
4121,優盛,14.2,14.0,14.35,14.0,27.94,33.86,49.09,-0.28,-0.36,0.08,14.84,14.24,13.63,287,228,1.26,11.75,,,,2026-06-01,2026-06-01 13:25:39
4123,晟德,38.4,38.55,38.55,37.9,46.86,32.69,50.41,-0.47,-0.58,0.11,39.14,38.21,37.29,2225,2238,0.99,291.15,3.36,0.76,1.98,2026-06-01,2026-06-01 13:25:41
4126,太醫,79.2,79.0,79.5,79.0,30.72,25.98,42.31,-0.21,-0.19,-0.03,80.3,79.54,78.78,45,30,1.49,57.5,15.11,5.0,6.31,2026-06-01,2026-06-01 13:25:42
4127,天良,68.7,71.7,71.7,68.6,78.16,81.35,72.49,7.95,6.15,1.8,76.62,52.42,28.22,301,578,0.52,31.44,,,,2026-06-01,2026-06-01 13:25:44
4128,中天,14.55,14.45,14.7,14.25,17.45,24.23,46.67,-0.42,-0.42,0.0,15.99,14.95,13.92,1821,1659,1.1,85.58,,,,2026-06-01,2026-06-01 13:25:45
4129,聯合,88.8,90.2,90.2,88.5,10.3,10.69,27.27,-2.95,-2.92,-0.03,100.57,93.09,85.61,381,342,1.12,85.64,15.66,4.0,4.5,2026-06-01,2026-06-01 13:25:47
4130,健亞,26.2,26.35,27.0,26.1,29.13,28.33,31.53,-0.97,-1.0,0.03,28.74,27.2,25.66,259,233,1.11,35.83,262.0,0.1,0.38,2026-06-01,2026-06-01 13:25:48
4131,浩泰,33.05,33.05,33.05,33.05,18.4,25.35,25.69,-0.58,-0.41,-0.17,36.52,34.78,33.03,1,68,0.02,13.13,,,,2026-06-01,2026-06-01 13:25:49
4133,亞諾法,21.0,21.2,21.2,20.85,40.8,33.48,43.75,-0.36,-0.38,0.02,22.09,21.26,20.43,203,169,1.2,12.72,17.21,0.9,4.29,2026-06-01,2026-06-01 13:25:51
4137,麗豐-KY,106.5,103.5,106.5,103.0,47.77,28.98,54.84,-0.9,-1.03,0.13,108.29,104.7,101.11,489,288,1.7,87.85,15.66,10.0,9.39,2026-06-01,2026-06-01 13:25:52
4138,曜亞,50.7,50.3,50.8,50.3,29.42,30.91,31.25,-1.51,-1.54,0.03,55.78,52.22,48.67,51,33,1.54,20.24,13.38,4.2,8.28,2026-06-01,2026-06-01 13:25:53
4139,馬光-KY,22.75,22.8,22.8,22.35,22.82,25.08,43.59,-0.32,-0.25,-0.07,24.46,23.52,22.59,16,15,1.07,10.24,,,,2026-06-01,2026-06-01 13:25:54
4142,國光生,17.2,17.15,17.35,17.15,27.17,21.44,43.4,-0.23,-0.21,-0.02,18.15,17.5,16.85,1054,1296,0.81,72.5,5.09,,,2026-06-01,2026-06-01 13:25:55
4147,中裕,53.2,50.1,54.1,48.85,45.36,28.55,57.18,-0.29,-0.54,0.24,52.81,49.7,46.59,4189,2782,1.51,144.01,,,,2026-06-01,2026-06-01 13:25:56
4148,全宇生技-KY,30.4,30.45,30.7,30.1,4.32,6.12,9.25,-1.9,-1.55,-0.36,39.15,34.33,29.51,64,62,1.03,20.44,13.39,1.0,3.29,2026-06-01,2026-06-01 13:25:57
4150,優你康,5.3,5.31,5.51,5.22,18.65,23.81,18.38,-0.16,-0.09,-0.07,6.76,5.89,5.03,424,551,0.77,7.8,,,,2026-06-01,2026-06-01 13:25:58
4153,鈺緯,31.85,32.5,32.5,31.75,59.77,59.35,72.73,-0.02,-0.25,0.23,31.71,30.68,29.64,84,43,1.95,18.69,20.68,2.0,6.28,2026-06-01,2026-06-01 13:26:00
4154,樂威科-KY,12.9,12.5,12.9,12.5,27.73,37.45,53.17,-0.02,0.06,-0.08,15.13,13.22,11.3,56,34,1.62,4.95,,,,2026-06-01,2026-06-01 13:26:01
4155,訊映,14.65,14.8,14.9,14.4,46.75,59.51,72.37,0.4,0.38,0.02,15.84,14.21,12.59,620,516,1.2,20.66,25.7,0.3,2.05,2026-06-01,2026-06-01 13:26:03
4157,太景*-KY,9.06,9.19,9.21,9.03,16.31,16.71,41.05,-0.33,-0.37,0.04,9.79,9.26,8.74,1945,1577,1.23,64.49,151.0,,,2026-06-01,2026-06-01 13:26:04
4160,訊聯基因,39.7,39.9,39.9,39.4,10.05,12.69,33.33,-1.11,-0.99,-0.12,44.41,41.8,39.2,98,94,1.04,10.6,49.62,1.85,4.66,2026-06-01,2026-06-01 13:26:05
4161,聿新科,23.0,22.95,23.05,22.8,25.81,37.54,51.11,-0.23,-0.24,0.01,23.75,23.21,22.66,55,80,0.69,13.76,19.01,0.3,1.3,2026-06-01,2026-06-01 13:26:07
4162,智擎,54.3,53.9,54.9,53.1,23.16,28.22,40.0,-0.79,-0.65,-0.14,58.37,55.68,52.99,514,531,0.97,78.02,20.19,,,2026-06-01,2026-06-01 13:26:08
4163,鐿鈦,121.0,117.5,122.0,114.0,69.02,58.16,67.47,3.54,2.34,1.2,126.76,107.6,88.45,207,216,0.96,61.28,23.77,3.5,2.89,2026-06-01,2026-06-01 13:26:10
4164,承業醫,28.55,28.05,28.6,27.95,30.02,27.35,50.67,-0.5,-0.58,0.08,29.46,28.51,27.56,868,649,1.34,55.76,28.55,1.36,4.76,2026-06-01,2026-06-01 13:26:11
4166,友霖,23.5,24.1,24.1,23.15,19.86,17.26,28.23,-0.6,-0.41,-0.19,27.49,25.14,22.79,345,421,0.82,57.11,26.11,,,2026-06-01,2026-06-01 13:26:12
4167,松瑞藥,20.05,19.85,20.15,19.6,75.92,64.07,65.08,-0.0,-0.15,0.14,19.74,19.06,18.39,1502,1305,1.15,62.24,11.73,0.41,2.04,2026-06-01,2026-06-01 13:26:13
4168,醣聯,26.15,25.4,26.5,25.4,49.78,65.07,66.22,0.9,0.73,0.17,28.9,24.88,20.85,394,690,0.57,29.42,,,,2026-06-01,2026-06-01 13:26:14
4169,泰宗,158.5,160.0,160.5,156.5,59.73,52.33,54.84,-0.75,-1.42,0.68,161.15,154.45,147.75,162,126,1.29,105.29,511.29,0.35,0.22,2026-06-01,2026-06-01 13:26:15
4170,鑫品生醫,13.55,13.55,13.55,12.95,54.48,51.52,56.6,-0.07,-0.09,0.02,13.99,13.4,12.81,19,46,0.43,5.93,6.19,,,2026-06-01,2026-06-01 13:26:16
4171,瑞基,17.85,18.0,18.0,17.75,16.57,18.77,41.18,-0.31,-0.3,-0.02,18.83,18.18,17.54,108,153,0.71,10.23,,,,2026-06-01,2026-06-01 13:26:18
4172,因華,12.2,12.6,12.6,11.7,21.65,26.14,25.35,-0.54,-0.39,-0.15,15.11,13.69,12.28,701,518,1.35,14.59,,,,2026-06-01,2026-06-01 13:26:19
4173,久裕,18.0,17.95,18.0,17.9,16.04,16.46,23.53,-0.29,-0.28,-0.01,18.82,18.35,17.88,116,118,0.98,13.42,15.52,1.04,5.78,2026-06-01,2026-06-01 13:26:20
4174,浩鼎,28.55,28.85,29.2,28.35,8.25,9.29,13.68,-1.74,-1.47,-0.27,36.37,31.92,27.47,404,535,0.76,37.57,,,,2026-06-01,2026-06-01 13:26:21
4175,杏一,53.6,53.6,54.5,53.6,29.15,25.63,50.0,-0.3,-0.42,0.12,54.32,53.48,52.64,42,41,1.04,22.69,14.73,1.6,2.99,2026-06-01,2026-06-01 13:26:23
4178,永笙-KY,18.9,18.65,19.1,18.65,38.55,40.54,42.11,-1.09,-1.31,0.22,19.2,18.94,18.68,613,502,1.22,40.58,,,,2026-06-01,2026-06-01 13:26:23
4183,福永生技,13.0,13.0,13.15,12.1,76.84,62.07,34.88,-0.49,-0.57,0.08,14.46,13.29,12.12,22,29,0.75,3.09,,0.67,5.15,2026-05-29,2026-06-01 13:26:25
4186,尖端醫,10.2,9.95,10.2,9.9,48.05,44.23,32.5,-0.15,-0.13,-0.02,10.84,10.37,9.9,511,228,2.24,9.18,32.9,,,2026-06-01,2026-06-01 13:26:26
4188,安克,11.05,11.4,11.4,10.95,18.57,22.49,38.46,-0.26,-0.26,0.0,12.01,11.44,10.88,97,69,1.41,7.0,,,,2026-06-01,2026-06-01 13:26:28
4190,佐登-KY,24.3,24.3,24.65,24.25,38.76,45.72,44.74,-0.43,-0.49,0.06,25.02,24.61,24.2,38,48,0.8,14.44,18.0,0.5,2.06,2026-06-01,2026-06-01 13:26:29
4192,杏國,19.8,20.0,20.0,19.8,59.58,50.23,26.0,-0.14,-0.09,-0.05,21.19,20.24,19.29,9,15,0.62,6.96,,,,2026-06-01,2026-06-01 13:26:30
4194,禾生技,7.21,7.08,7.24,7.0,59.67,48.93,33.14,-0.1,-0.08,-0.03,7.81,7.37,6.93,70,68,1.02,10.52,,,,2026-06-01,2026-06-01 13:26:31
4197,暐世,9.19,8.98,9.2,8.54,36.04,36.43,43.15,-0.57,-0.52,-0.05,11.74,9.85,7.96,160,144,1.11,2.77,54.06,,,2026-06-01,2026-06-01 13:26:33
4198,欣大健康,38.65,38.0,39.15,37.0,56.49,66.51,54.62,-0.05,-0.04,-0.01,40.63,38.5,36.36,21,22,0.93,9.32,,,,2026-06-01,2026-06-01 13:26:35
4205,中華食,72.2,72.4,72.4,72.0,17.24,16.68,20.83,-0.83,-0.86,0.03,74.32,73.15,71.98,71,52,1.38,70.5,17.44,2.0,2.77,2026-06-01,2026-06-01 13:26:37
4207,環泰,19.65,19.5,19.9,19.4,71.24,75.08,70.21,0.39,0.34,0.05,20.33,18.89,17.44,401,284,1.41,39.01,11.23,1.2,6.11,2026-06-01,2026-06-01 13:26:38
4303,信立,48.3,47.2,48.65,46.95,40.14,38.4,41.24,-1.51,-1.57,0.06,53.69,49.3,44.92,736,762,0.97,45.69,4.35,1.0,2.07,2026-06-01,2026-06-01 13:26:39
4304,勝昱,27.0,28.0,28.0,26.6,15.35,14.26,23.21,-0.53,-0.28,-0.25,31.32,28.89,26.47,54,26,2.04,16.48,,,,2026-06-01,2026-06-01 13:26:40
4305,世坤,43.95,43.9,44.0,43.9,21.3,27.02,40.0,0.05,0.08,-0.03,44.49,44.06,43.64,20,9,2.19,24.18,11.54,3.2,7.28,2026-06-01,2026-06-01 13:26:42
4306,炎洲,14.25,14.15,14.5,14.15,73.5,73.77,76.19,0.17,0.1,0.07,14.35,13.56,12.77,2858,1813,1.58,93.76,54.81,0.7,4.91,2026-06-01,2026-06-01 13:26:44
4401,東隆興,13.6,13.65,13.7,13.5,10.11,14.35,45.45,-0.26,-0.23,-0.04,14.7,14.03,13.36,105,110,0.95,16.69,18.63,0.7,5.15,2026-06-01,2026-06-01 13:26:45
4402,郡都開發,12.1,11.95,12.1,11.9,31.55,25.25,44.44,-0.87,-1.02,0.15,14.23,12.41,10.6,138,88,1.56,8.23,,,,2026-06-01,2026-06-01 13:26:46
4406,新昕纖,9.8,9.65,9.8,9.65,27.66,36.84,32.76,-0.03,-0.02,-0.01,10.09,9.98,9.87,13,74,0.17,5.09,,,,2026-06-01,2026-06-01 13:26:47
4413,飛寶企業,16.7,16.5,17.05,16.5,28.59,30.26,18.75,-0.43,-0.26,-0.17,19.46,17.94,16.42,7,11,0.62,5.23,32.12,0.2,1.2,2026-06-01,2026-06-01 13:26:51
4414,如興,7.86,7.95,8.07,7.75,15.62,10.38,23.65,-0.73,-0.67,-0.06,10.95,8.92,6.88,659,547,1.2,20.73,11.73,,,2026-06-01,2026-06-01 13:26:52
4416,三圓,11.45,10.9,11.5,10.9,42.82,37.16,42.31,-0.69,-0.74,0.05,13.11,11.78,10.45,398,878,0.45,8.35,,1.0,8.73,2026-06-01,2026-06-01 13:26:53
4417,金洲,45.65,45.95,45.95,45.3,55.4,43.95,42.53,-0.64,-0.87,0.23,47.06,45.59,44.12,223,181,1.23,38.33,7.5,,,2026-06-01,2026-06-01 13:26:54
4419,皇家美食,46.8,46.1,46.8,45.8,65.15,44.47,48.46,-0.13,-0.23,0.1,47.37,45.99,44.61,70,24,2.93,79.17,,,,2026-06-01,2026-06-01 13:26:55
4420,光明,38.2,38.2,38.45,38.0,11.51,8.98,9.2,-1.23,-1.14,-0.09,42.79,40.03,37.27,64,81,0.79,15.45,6.92,3.0,7.85,2026-06-01,2026-06-01 13:26:57
4426,利勤,7.76,7.73,7.86,7.5,45.8,32.82,35.0,-0.21,-0.24,0.03,8.22,7.85,7.48,652,266,2.45,13.4,,,,2026-06-01,2026-06-01 13:26:58
4430,耀億,16.9,16.95,17.1,16.85,60.77,58.78,47.73,-0.14,-0.19,0.05,17.25,16.95,16.66,41,85,0.49,9.51,,0.5,2.96,2026-06-01,2026-06-01 13:26:59
4431,敏成健康,16.45,16.5,16.6,15.95,35.53,40.83,41.41,-0.25,-0.24,-0.01,17.68,16.93,16.18,35,48,0.73,6.01,,,,2026-06-01,2026-06-01 13:27:01
4432,銘旺實,17.35,17.05,17.95,17.05,58.54,55.9,79.09,0.56,0.49,0.07,18.77,16.09,13.41,165,76,2.15,8.78,19.72,1.0,5.76,2026-06-01,2026-06-01 13:27:02
4433,興采,21.1,21.2,21.2,20.75,47.58,50.27,59.76,0.21,0.12,0.09,21.75,20.62,19.49,46,72,0.64,12.75,20.1,1.0,4.74,2026-06-01,2026-06-01 13:27:04
4438,廣越,61.1,61.0,61.9,60.2,81.93,70.73,68.25,0.51,0.11,0.39,61.1,58.49,55.87,171,101,1.68,68.84,21.0,3.2,5.24,2026-06-01,2026-06-01 13:27:05
4439,冠星-KY,91.8,92.2,92.2,90.5,39.71,32.71,32.33,-1.24,-0.89,-0.35,100.45,94.54,88.63,14,11,1.23,34.53,12.73,2.0,2.18,2026-06-01,2026-06-01 13:27:06
4440,宜新實業,17.75,17.75,17.75,17.45,24.67,23.11,47.44,-0.0,0.1,-0.1,19.05,18.12,17.19,161,84,1.9,12.0,15.57,1.0,5.63,2026-06-01,2026-06-01 13:27:07
4441,振大環球,210.5,203.0,212.5,203.0,64.76,54.08,45.65,1.98,1.54,0.44,216.63,203.68,190.72,150,123,1.22,143.51,14.51,9.15,4.35,2026-06-01,2026-06-01 13:27:08
4442,竣邦-KY,50.6,50.5,50.7,50.4,25.98,23.53,17.07,-1.7,-1.71,0.0,57.2,52.52,47.85,9,86,0.1,16.29,10.74,3.5,6.92,2026-06-01,2026-06-01 13:27:09
4502,健信,15.7,15.75,15.95,15.6,55.18,55.2,45.45,-0.03,-0.01,-0.02,16.3,15.88,15.47,46,54,0.85,8.71,,,,2026-06-01,2026-06-01 13:27:10
4503,金雨,39.1,39.0,39.7,38.6,11.97,13.04,21.54,-0.87,-0.15,-0.72,47.71,42.77,37.83,271,308,0.88,30.62,28.54,,,2026-06-01,2026-06-01 13:27:11
4506,崇友,117.0,117.0,119.0,116.5,29.99,35.04,42.86,-0.25,-0.07,-0.18,119.69,118.3,116.91,187,142,1.32,207.1,17.94,4.5,3.85,2026-06-01,2026-06-01 13:27:12
4510,高鋒,54.3,51.0,54.9,50.2,66.6,59.27,61.58,1.32,0.98,0.34,52.58,48.49,44.4,11840,7908,1.5,59.18,,0.79,1.45,2026-06-01,2026-06-01 13:27:14
4513,福裕,14.8,14.95,15.2,14.7,45.17,38.88,48.39,-0.34,-0.42,0.08,15.37,14.66,13.96,388,440,0.88,16.93,,,,2026-06-01,2026-06-01 13:27:15
4523,永彰,30.2,30.0,31.0,29.4,71.5,58.05,52.53,-0.28,-0.47,0.19,31.54,29.35,27.16,322,258,1.25,19.61,1.38,2.64,8.74,2026-06-01,2026-06-01 13:27:18
4526,東台,42.8,39.25,42.8,39.1,54.94,59.21,62.75,1.54,1.26,0.27,43.19,38.19,33.19,15962,17588,0.91,107.78,23.65,1.0,2.34,2026-06-01,2026-06-01 13:27:19
4527,方土霖,42.5,42.25,42.75,42.0,80.18,77.83,70.62,0.59,0.4,0.19,42.65,40.98,39.3,150,159,0.94,32.36,12.65,3.0,7.06,2026-06-01,2026-06-01 13:27:20
4528,江興鍛,15.45,15.5,15.7,15.3,27.28,26.41,43.18,-0.27,-0.3,0.03,16.14,15.65,15.17,86,67,1.27,13.0,14.17,0.2,1.29,2026-06-01,2026-06-01 13:27:22
4529,淳紳,4.71,4.93,4.93,4.68,12.69,28.57,54.93,0.17,0.32,-0.15,6.22,5.16,4.11,66,124,0.54,3.98,,,,2026-06-01,2026-06-01 13:27:23
4530,宏易,24.5,25.0,25.0,24.5,51.04,47.87,35.54,-0.59,-0.6,0.01,26.3,25.35,24.4,11,8,1.35,8.77,20.08,,,2026-06-01,2026-06-01 13:27:24
4532,瑞智,24.3,23.8,24.3,23.8,67.6,58.62,63.53,0.02,-0.11,0.13,24.1,23.34,22.58,2183,1395,1.56,118.14,11.91,1.5,6.17,2026-06-01,2026-06-01 13:27:26
4533,協易機,32.7,32.6,33.15,32.25,41.92,49.03,59.64,0.35,0.31,0.04,34.01,32.09,30.17,2853,4407,0.65,51.81,163.5,1.2,3.67,2026-06-01,2026-06-01 13:27:27
4534,慶騰,27.45,29.2,29.85,27.0,74.98,67.95,67.09,0.55,-0.04,0.6,28.01,24.23,20.46,3504,2556,1.37,23.82,2745.0,,,2026-06-01,2026-06-01 13:27:28
4535,至興,27.3,27.3,27.3,27.0,28.35,25.97,47.5,-0.15,-0.16,0.01,27.74,27.38,27.02,19,21,0.88,20.66,21.0,0.8,2.93,2026-06-01,2026-06-01 13:27:29
4536,拓凱,162.0,161.5,162.5,160.0,67.23,66.28,71.74,2.01,1.43,0.57,164.48,155.97,147.47,231,274,0.84,147.13,10.94,8.0,4.94,2026-06-01,2026-06-01 13:27:31
4537,旭東,161.5,158.5,164.0,158.0,36.54,36.7,28.28,3.51,6.66,-3.16,185.12,170.55,155.98,85,170,0.5,127.33,204.43,0.5,0.31,2026-06-01,2026-06-01 13:27:32
4538,大詠城,17.6,17.9,17.9,17.6,57.37,55.6,62.04,-0.01,-0.04,0.03,17.69,17.46,17.23,47,71,0.66,10.47,60.69,1.0,5.68,2026-06-01,2026-06-01 13:27:34
4540,全球傳動,75.4,70.8,75.4,70.8,42.33,39.18,58.31,3.12,3.67,-0.55,75.92,69.82,63.72,18059,10253,1.76,86.85,109.28,,,2026-06-01,2026-06-01 13:27:35
4541,晟田,46.7,45.85,48.0,45.45,57.05,42.1,61.97,-0.25,-0.38,0.13,50.21,45.46,40.71,2446,1450,1.69,31.59,23.12,0.75,1.61,2026-06-01,2026-06-01 13:27:36
4542,科嶠,262.0,274.0,282.0,262.0,64.9,69.31,66.67,21.33,19.31,2.03,293.92,236.68,179.43,752,1117,0.67,90.62,206.3,0.93,0.35,2026-06-01,2026-06-01 13:27:37
4543,萬在,42.15,41.5,44.1,40.85,67.57,60.3,71.76,0.93,0.77,0.16,42.28,39.09,35.9,1129,682,1.65,25.19,79.53,1.0,2.37,2026-06-01,2026-06-01 13:27:38
4544,春日,14.3,14.3,14.3,13.6,31.39,25.15,34.74,-0.51,-0.45,-0.06,16.41,14.95,13.48,5,5,0.92,8.62,52.96,1.1,7.69,2026-06-01,2026-06-01 13:27:40
4545,銘鈺,42.05,38.6,42.35,38.6,89.04,81.54,83.99,2.09,0.89,1.2,39.75,32.4,25.05,1085,892,1.22,32.38,247.35,1.65,3.92,2026-06-01,2026-06-01 13:27:42
4546,長亨,101.5,102.0,102.0,98.6,34.88,28.77,25.27,-7.55,-6.8,-0.74,127.34,111.3,95.27,41,74,0.56,34.28,18.62,,,2026-06-01,2026-06-01 13:27:43
4549,桓達,136.5,130.5,136.5,122.5,91.33,80.08,83.88,5.64,2.34,3.3,125.45,105.18,84.92,2925,1377,2.12,77.81,41.24,4.02,2.95,2026-06-01,2026-06-01 13:27:45
4550,長佳,24.9,25.45,25.45,24.75,54.41,59.64,63.93,0.11,0.06,0.05,25.37,24.73,24.08,63,42,1.48,9.42,18.72,1.22,4.9,2026-06-01,2026-06-01 13:27:46
4551,智伸科,153.5,158.0,158.0,152.0,50.04,55.54,47.73,4.74,4.9,-0.16,164.88,149.68,134.47,908,1036,0.88,176.87,25.46,4.2,2.74,2026-06-01,2026-06-01 13:27:47
4552,力達-KY,20.55,19.95,20.6,19.95,70.99,63.44,62.5,-0.15,-0.25,0.1,20.36,19.96,19.57,306,167,1.83,23.84,9.93,1.0,4.87,2026-06-01,2026-06-01 13:27:48
4553,盛復,18.1,17.85,18.1,17.7,30.86,21.34,24.32,-1.15,-1.1,-0.05,22.81,19.24,15.66,13,7,1.75,5.98,,0.3,1.66,2026-06-01,2026-06-01 13:27:50
4554,橙的,30.25,30.3,30.5,30.0,26.26,35.39,45.67,0.21,0.38,-0.18,32.74,30.84,28.93,85,58,1.45,7.96,14.34,0.35,1.16,2026-06-01,2026-06-01 13:27:51
4555,氣立,57.1,58.5,60.2,57.0,82.61,79.71,77.97,4.57,3.22,1.36,59.97,46.82,33.67,1522,2824,0.54,39.68,300.53,0.5,0.88,2026-06-01,2026-06-01 13:27:52
4556,旭然,39.95,40.4,40.95,39.2,38.58,32.44,35.67,1.04,1.58,-0.54,45.06,40.62,36.19,441,342,1.29,16.9,43.42,0.3,0.75,2026-06-01,2026-06-01 13:27:53
4557,永新-KY,42.65,43.6,43.6,42.4,8.47,8.22,18.37,-2.71,-2.4,-0.32,55.59,48.28,40.96,235,209,1.13,20.46,6.58,6.5,15.24,2026-06-01,2026-06-01 13:27:55
4558,寶緯,19.2,19.65,19.7,19.1,20.93,27.8,40.0,0.04,0.1,-0.06,20.54,19.72,18.89,120,76,1.57,9.6,,0.5,2.6,2026-06-01,2026-06-01 13:27:56
4559,久裕興,8.1,8.0,8.23,7.98,13.15,22.08,32.38,-0.25,-0.07,-0.17,10.18,9.05,7.91,29,22,1.28,4.86,47.65,,,2026-06-01,2026-06-01 13:27:57
4560,強信-KY,32.35,32.0,32.45,31.85,25.23,17.8,18.35,-0.59,-0.37,-0.22,36.65,33.78,30.91,143,174,0.82,22.03,10.71,1.2,3.71,2026-06-01,2026-06-01 13:27:58
4561,健椿,56.8,53.3,56.8,53.3,63.49,53.15,62.41,3.34,3.27,0.07,54.88,49.25,43.61,2793,1818,1.54,33.24,87.38,1.2,2.11,2026-06-01,2026-06-01 13:27:59
4562,穎漢,45.55,41.95,45.55,41.85,67.28,62.73,68.61,2.05,1.85,0.2,45.4,40.07,34.74,3403,2431,1.4,,,,,2026-06-01,2026-06-01 13:28:00
4563,百德,50.2,48.3,50.9,48.3,49.88,50.42,54.26,0.94,1.04,-0.1,51.33,48.88,46.44,440,314,1.4,27.58,20.16,3.0,5.98,2026-06-01,2026-06-01 13:28:01
4564,元翎,15.65,15.5,15.8,15.4,25.23,16.66,27.94,-0.86,-0.82,-0.04,19.02,16.63,14.24,886,996,0.89,36.43,,,,2026-06-01,2026-06-01 13:28:02
4565,宏偉,118.5,117.0,120.0,117.0,55.74,51.64,60.0,3.31,3.78,-0.48,124.35,115.58,106.8,35,20,1.7,73.16,17.27,6.0,5.06,2026-06-01,2026-06-01 13:28:04
4566,時碩工業,71.6,72.8,74.5,71.6,73.11,60.5,61.79,0.62,-0.13,0.75,72.31,65.2,58.09,5864,3877,1.51,78.68,53.04,0.68,0.95,2026-06-01,2026-06-01 13:28:05
4568,科際精密,41.0,40.65,41.0,40.65,73.58,58.16,64.06,-0.29,-0.38,0.09,41.15,40.42,39.7,17,8,2.15,12.96,20.5,2.0,4.88,2026-06-01,2026-06-01 13:28:07
4569,六方科-KY,170.5,180.0,180.5,170.0,28.89,35.55,51.83,1.48,2.96,-1.49,197.01,179.15,161.29,294,162,1.82,51.83,41.28,5.71,3.35,2026-06-01,2026-06-01 13:28:08
4570,傑生,71.0,71.4,71.4,70.1,13.53,15.48,65.38,0.68,0.86,-0.17,71.33,70.47,69.61,2,1,1.64,31.24,27.52,3.0,4.23,2026-06-01,2026-06-01 13:28:09
4571,鈞興-KY,217.5,223.5,225.0,216.0,42.66,50.86,60.09,11.51,12.63,-1.12,238.83,210.6,182.37,746,1188,0.63,112.93,22.73,5.18,2.38,2026-06-01,2026-06-01 13:28:10
4572,駐龍,149.0,150.0,150.0,146.0,57.96,43.81,59.57,0.22,-0.17,0.39,150.98,145.82,140.67,48,78,0.62,59.6,50.17,4.74,3.18,2026-06-01,2026-06-01 13:28:11
4573,高明鐵,419.0,434.0,444.5,414.5,44.16,49.03,37.59,2.07,7.2,-5.13,510.01,442.4,374.79,635,595,1.07,174.71,,,,2026-06-01,2026-06-01 13:28:12
4575,銓寶,30.3,30.7,30.8,29.4,66.19,56.77,76.12,0.97,0.68,0.29,29.93,27.04,24.16,128,116,1.1,11.72,28.06,1.3,4.29,2026-06-01,2026-06-01 13:28:14
4576,大銀微系統,263.0,268.0,273.0,263.0,58.73,63.66,51.55,18.48,20.79,-2.31,284.4,253.97,223.55,3145,4832,0.65,315.08,131.5,0.8,0.3,2026-06-01,2026-06-01 13:28:16
4577,達航科技,110.0,113.5,113.5,109.0,16.3,26.31,28.29,-6.09,-2.65,-3.44,164.71,133.95,103.19,954,1510,0.63,54.05,,,,2026-06-01,2026-06-01 13:28:17
4580,捷流閥業,83.7,82.5,83.9,82.3,66.84,59.74,64.56,0.55,0.48,0.07,83.3,82.1,80.9,120,86,1.4,39.17,16.81,5.0,5.97,2026-06-01,2026-06-01 13:28:18
4581,光隆精密-KY,49.8,49.3,50.0,49.3,41.71,41.06,50.0,-0.08,-0.08,-0.0,50.9,49.87,48.85,22,32,0.69,16.88,13.14,3.2,6.43,2026-06-01,2026-06-01 13:28:19
4583,台灣精銳,715.0,735.0,735.0,715.0,37.48,34.68,37.08,-3.34,2.41,-5.74,798.05,738.5,678.95,112,194,0.58,573.23,59.53,10.0,1.4,2026-06-01,2026-06-01 13:28:21
4584,君帆,43.0,46.3,46.7,42.65,33.43,47.3,57.58,0.51,0.5,0.0,46.71,42.67,38.63,23,14,1.64,12.9,12.57,2.2,5.12,2026-06-01,2026-06-01 13:28:22
4585,達明,371.5,365.0,376.0,357.0,60.49,52.09,60.58,9.34,8.32,1.03,366.04,342.87,319.69,1443,875,1.65,388.62,257.99,1.0,0.27,2026-06-01,2026-06-01 13:28:23
4587,寶元數控,64.2,64.5,64.5,61.3,33.61,44.69,58.18,4.16,5.37,-1.21,75.41,64.28,53.15,98,184,0.53,21.19,,,,2026-06-01,2026-06-01 13:28:25
4588,玖鼎電力,58.0,58.5,59.9,56.8,54.28,45.53,53.03,-0.8,-1.08,0.28,60.97,56.66,52.35,270,194,1.39,24.93,18.24,3.0,5.17,2026-06-01,2026-06-01 13:28:26
4589,碩陽電機,39.7,39.8,39.95,39.0,62.73,55.63,48.06,0.23,0.21,0.02,40.16,38.66,37.17,17,51,0.34,10.22,49.01,0.5,1.26,2026-06-01,2026-06-01 13:28:27
4590,富田-創,73.0,72.5,73.4,71.9,22.86,21.35,35.09,-0.9,-0.69,-0.22,79.64,74.59,69.55,174,230,0.76,40.03,26.94,3.0,4.11,2026-06-01,2026-06-01 13:28:28
4609,唐鋒,5.51,5.95,5.95,5.36,51.0,51.75,57.43,0.19,0.17,0.02,5.97,5.37,4.77,16,36,0.44,2.64,,,,2026-06-01,2026-06-01 13:28:29
4702,中美實,9.77,9.69,9.82,9.64,39.65,35.87,44.12,-0.04,-0.05,0.01,9.87,9.73,9.58,120,112,1.08,7.07,11.1,,,2026-06-01,2026-06-01 13:28:30
4706,大恭,31.5,32.5,32.5,31.5,65.71,59.15,40.38,0.02,0.03,-0.01,32.82,31.62,30.43,2,20,0.1,24.89,90.0,,,2026-06-01,2026-06-01 13:28:32
4707,磐亞,17.9,17.8,17.9,17.3,73.47,51.24,61.18,0.51,0.37,0.14,17.08,15.25,13.43,5505,2846,1.93,72.27,20.11,0.25,1.4,2026-06-01,2026-06-01 13:28:33
4711,永純,16.6,16.95,16.95,16.4,32.05,38.76,48.08,0.22,0.22,-0.01,17.35,16.48,15.61,358,432,0.83,10.14,110.67,0.5,3.01,2026-06-01,2026-06-01 13:28:35
4714,永捷,13.5,13.5,13.65,13.35,33.46,33.2,39.76,-0.37,-0.39,0.02,15.28,13.91,12.53,804,1917,0.42,24.04,,0.2,1.48,2026-06-01,2026-06-01 13:28:37
4716,大立,15.05,14.8,15.4,14.75,55.85,50.15,48.48,-0.03,-0.02,-0.01,15.46,14.91,14.37,958,498,1.92,14.21,,0.2,1.33,2026-06-01,2026-06-01 13:28:38
4720,德淵,25.4,25.25,25.75,24.9,40.52,38.23,42.29,0.48,0.8,-0.32,27.96,26.01,24.07,2505,5908,0.42,29.09,34.32,1.0,3.94,2026-06-01,2026-06-01 13:28:39
4721,美琪瑪,91.6,95.1,96.4,90.8,62.32,55.11,40.99,1.55,1.93,-0.38,97.88,91.08,84.28,2114,1635,1.29,68.69,30.43,2.36,2.58,2026-06-01,2026-06-01 13:28:40
4722,國精化,286.0,287.0,288.5,274.0,79.1,75.82,60.15,22.38,21.23,1.15,309.04,253.12,197.21,821,914,0.9,293.84,143.0,1.2,0.42,2026-06-01,2026-06-01 13:28:42
4724,宣捷幹細胞,12.05,12.3,12.3,11.55,35.46,45.36,39.58,-0.26,-0.23,-0.04,13.78,12.77,11.76,110,247,0.44,11.57,,,,2026-06-01,2026-06-01 13:28:43
4726,永昕,27.0,27.2,27.65,26.15,16.74,14.58,26.53,-0.68,-0.59,-0.09,29.79,28.32,26.85,417,315,1.32,55.96,,,,2026-06-01,2026-06-01 13:28:44
4728,雙美,379.0,377.5,380.0,377.5,60.01,67.61,41.67,-1.65,-1.32,-0.34,385.85,382.27,378.7,13,9,1.33,206.41,28.5,12.1,3.19,2026-06-01,2026-06-01 13:28:46
4729,熒茂,25.2,25.1,25.5,24.5,63.36,67.36,70.21,1.26,1.04,0.23,27.1,22.59,18.08,1277,1268,1.01,19.97,157.5,0.5,1.98,2026-06-01,2026-06-01 13:28:47
4732,彥臣,19.15,19.05,19.15,18.95,55.4,42.98,47.32,-0.16,-0.2,0.04,19.65,18.86,18.07,21,9,2.19,9.25,,,,2026-06-01,2026-06-01 13:28:48
4735,豪展,31.05,30.8,31.35,30.7,54.55,59.44,60.0,0.14,0.12,0.02,31.39,30.7,30.0,59,40,1.46,11.96,12.62,2.0,6.44,2026-06-01,2026-06-01 13:28:49
4736,泰博,124.0,123.0,124.0,123.0,54.96,43.82,52.94,-0.65,-0.75,0.1,127.7,123.4,119.1,274,167,1.64,116.61,8.26,10.0,8.06,2026-06-01,2026-06-01 13:28:51
4737,華廣,56.9,55.3,57.0,55.3,59.75,62.58,47.0,-1.08,-1.27,0.19,60.66,58.05,55.43,105,139,0.75,43.98,18.24,,,2026-06-01,2026-06-01 13:28:53
4738,大同精化,7.9,8.08,8.08,7.15,33.52,23.38,33.67,-0.31,-0.17,-0.14,9.95,8.54,7.13,813,408,1.99,6.13,41.58,,,2026-06-01,2026-06-01 13:28:55
4739,康普,109.0,115.0,118.5,108.0,70.7,66.4,58.73,4.58,3.82,0.76,110.65,98.18,85.72,12930,6689,1.93,135.87,77.3,1.0,0.92,2026-06-01,2026-06-01 13:28:56
4741,泓瀚,59.3,60.8,61.9,59.3,57.92,58.72,39.11,2.41,3.17,-0.75,67.3,60.91,54.53,444,871,0.51,20.64,204.48,1.2,2.02,2026-06-01,2026-06-01 13:28:57
4743,合一,51.1,50.7,51.9,49.85,28.82,30.42,50.33,-0.59,-0.58,-0.01,55.2,51.59,47.97,2825,2576,1.1,244.96,,,,2026-06-01,2026-06-01 13:28:58
4744,皇將,36.7,34.6,37.15,34.25,66.69,60.7,74.31,0.55,0.26,0.29,35.77,33.63,31.49,873,365,2.39,19.64,15.04,0.4,1.09,2026-06-01,2026-06-01 13:29:00
4745,合富-KY,15.85,15.95,16.1,15.8,12.81,10.24,6.86,-0.94,-0.71,-0.23,21.75,18.02,14.28,253,157,1.61,11.05,,,,2026-06-01,2026-06-01 13:29:01
4746,台耀,53.3,52.4,53.8,51.3,46.22,26.82,45.0,-0.58,-0.57,-0.02,56.37,53.0,49.63,1483,1131,1.31,64.1,14.64,3.0,5.63,2026-06-01,2026-06-01 13:29:02
4747,強生,56.9,56.8,57.2,56.1,61.93,62.34,60.5,0.56,0.58,-0.02,59.21,56.19,53.17,42,55,0.76,25.87,47.82,1.75,3.08,2026-06-01,2026-06-01 13:29:03
4749,新應材,1065.0,1065.0,1080.0,1055.0,47.2,52.96,38.54,29.62,36.25,-6.63,1216.09,1077.85,939.61,1387,1998,0.69,987.61,93.92,8.0,0.75,2026-06-01,2026-06-01 13:29:04
4754,國碳科,37.65,37.85,37.95,37.65,13.27,25.15,40.32,0.09,0.13,-0.05,38.83,37.86,36.9,42,32,1.32,11.4,13.26,2.0,5.31,2026-06-01,2026-06-01 13:29:07
4755,三福化,152.0,151.5,155.5,148.5,63.59,65.9,60.58,1.4,-0.12,1.52,159.9,144.1,128.3,517,1213,0.43,153.07,41.08,3.5,2.3,2026-06-01,2026-06-01 13:29:08
4760,勤凱,429.0,478.0,510.0,426.0,82.76,83.84,70.51,47.54,34.84,12.71,456.16,328.57,200.99,4621,2751,1.68,138.22,61.55,4.5,1.05,2026-06-01,2026-06-01 13:29:10
4763,材料*-KY,42.6,41.2,42.6,40.9,33.71,30.2,53.24,-0.44,-0.48,0.04,43.64,41.98,40.31,8765,7094,1.24,421.38,7.0,5.41,12.7,2026-06-01,2026-06-01 13:29:11
4764,雙鍵,320.0,310.0,335.0,305.0,44.83,50.53,48.71,22.59,28.78,-6.19,350.78,320.4,290.02,2406,3130,0.77,273.73,262.3,1.0,0.31,2026-06-01,2026-06-01 13:29:12
4765,磐采,19.1,19.4,19.4,18.9,49.64,53.3,43.66,-0.58,-0.5,-0.08,21.4,20.18,18.97,87,61,1.44,6.14,,,,2026-06-01,2026-06-01 13:29:13
4766,南寶,372.5,363.5,374.5,361.5,32.76,33.25,49.58,3.46,5.69,-2.23,392.52,371.5,350.48,879,867,1.01,449.12,18.43,19.0,5.1,2026-06-01,2026-06-01 13:29:14
4767,誠泰科技,26.85,27.0,27.0,26.75,58.71,55.57,53.7,0.12,0.11,0.01,27.16,26.66,26.16,13,16,0.8,8.43,21.65,1.8,6.7,2026-06-01,2026-06-01 13:29:17
4768,晶呈科技,491.5,472.0,494.0,465.0,59.68,55.3,49.69,0.02,-3.91,3.93,544.65,474.15,403.65,1442,2231,0.65,233.4,1293.42,4.0,0.81,2026-06-01,2026-06-01 13:29:18
4770,上品,254.5,256.0,257.0,251.0,61.82,61.51,65.79,7.22,4.38,2.84,265.81,237.2,208.59,645,1497,0.43,203.54,25.07,6.0,2.36,2026-06-01,2026-06-01 13:29:19
4771,望隼,199.5,199.5,200.0,196.0,62.83,59.54,71.23,2.79,1.86,0.94,203.83,191.82,179.82,206,329,0.63,117.12,15.88,5.52,2.77,2026-06-01,2026-06-01 13:29:20
4772,台特化,303.0,305.0,306.5,300.0,46.12,43.74,38.89,-1.93,-1.83,-0.09,319.93,304.52,289.12,1071,1653,0.65,447.48,72.66,3.0,0.99,2026-06-01,2026-06-01 13:29:22
4804,大略-KY,3.27,3.27,3.27,3.27,0.54,0.54,,-0.14,-0.19,0.05,3.27,3.27,3.27,0,0,,2.35,,,,2026-05-29,2026-06-01 13:29:30
4806,桂田文創,9.8,9.97,9.99,9.8,35.35,32.01,31.45,-0.16,-0.16,0.0,10.89,10.24,9.58,14,25,0.55,9.79,,,,2026-06-01,2026-06-01 13:29:31
4807,日成-KY,28.7,27.9,29.95,27.4,73.73,58.61,64.9,2.11,1.84,0.27,28.0,23.89,19.79,749,774,0.97,14.06,6.72,,,2026-06-01,2026-06-01 13:29:32
4903,聯光通,44.4,44.95,45.35,44.35,20.26,27.11,50.0,-0.36,-0.13,-0.23,49.34,45.71,42.08,1719,2558,0.67,46.77,43.53,0.3,0.68,2026-06-01,2026-06-01 13:29:34
4904,遠傳,97.1,95.4,97.6,94.6,31.89,23.03,55.41,-0.11,0.06,-0.17,98.86,95.83,92.81,10004,11959,0.84,3503.08,25.55,3.81,3.92,2026-06-01,2026-06-01 13:29:35
4905,台聯電,87.8,80.2,88.1,80.2,63.53,51.68,63.81,0.23,-0.35,0.58,84.23,79.75,75.28,106,53,2.0,25.69,31.93,1.5,1.71,2026-06-01,2026-06-01 13:29:36
4906,正文,53.4,50.4,54.6,49.35,85.75,77.27,80.35,3.24,1.93,1.31,50.44,41.07,31.7,57585,51158,1.13,228.34,29.67,0.5,0.94,2026-06-01,2026-06-01 13:29:37
4907,富宇,37.5,36.15,37.85,35.55,31.1,24.71,37.39,-0.74,-0.6,-0.14,40.19,37.84,35.5,229,177,1.29,44.3,30.74,1.8,4.8,2026-06-01,2026-06-01 13:29:38
4908,前鼎,227.5,234.5,237.5,227.0,25.51,44.1,46.98,16.93,23.02,-6.09,282.03,245.43,208.82,2815,4115,0.68,177.94,114.9,1.75,0.77,2026-06-01,2026-06-01 13:29:39
4909,新復興,54.0,55.5,55.5,53.3,54.13,55.2,49.22,-0.86,-1.26,0.4,57.83,53.57,49.3,1224,1227,1.0,50.41,,6.0,11.11,2026-06-01,2026-06-01 13:29:40
4911,德英,32.0,31.35,32.1,31.35,47.54,42.03,36.21,-0.91,-1.03,0.11,35.13,32.55,29.97,31,25,1.25,20.39,14.68,0.76,2.38,2026-06-01,2026-06-01 13:29:41
4912,聯德控股-KY,113.5,116.5,117.0,111.5,72.58,68.79,67.62,5.87,4.89,0.98,120.25,101.85,83.46,3209,2066,1.55,76.04,57.61,4.0,3.52,2026-06-01,2026-06-01 13:29:42
4915,致伸,76.0,75.1,76.5,74.6,60.84,48.4,70.25,0.05,-0.33,0.38,75.33,72.4,69.48,10340,6071,1.7,358.63,13.5,4.2,5.53,2026-06-01,2026-06-01 13:29:43
4916,事欣科,119.0,117.0,123.5,115.5,91.8,90.29,90.68,12.51,9.01,3.49,121.46,83.37,45.27,6349,5489,1.16,147.22,75.32,0.38,0.32,2026-06-01,2026-06-01 13:29:44
4919,新唐,208.0,199.5,208.0,199.5,67.16,66.93,58.82,17.63,16.84,0.79,221.99,179.25,136.51,3759,23144,0.16,873.11,83.03,0.4,0.19,2026-06-01,2026-06-01 13:29:45
4923,力士,45.1,47.0,47.15,45.1,74.46,76.14,66.17,2.96,2.06,0.9,49.07,40.09,31.12,1187,2393,0.5,14.77,,,,2026-06-01,2026-06-01 13:29:47
4924,欣厚-KY,12.85,12.2,13.05,11.9,61.07,57.39,69.44,0.47,0.37,0.1,13.04,11.27,9.5,550,210,2.61,4.78,33.82,,,2026-06-01,2026-06-01 13:29:48
4925,智微,165.5,167.0,170.5,162.0,56.22,51.77,29.52,6.11,10.56,-4.45,209.89,180.85,151.81,441,426,1.04,117.12,,,,2026-06-01,2026-06-01 13:29:49
4927,泰鼎-KY,55.8,56.2,59.9,55.4,54.74,59.43,55.12,1.74,1.56,0.18,63.23,54.49,45.76,12609,18726,0.67,147.84,6.97,,,2026-06-01,2026-06-01 13:29:51
4930,燦星網,17.85,17.75,17.95,17.75,49.88,43.08,51.25,-0.28,-0.44,0.16,18.51,17.43,16.35,88,92,0.95,14.28,29.75,0.6,3.36,2026-06-01,2026-06-01 13:29:52
4931,新盛力,238.5,241.5,249.5,233.0,73.62,67.66,65.13,17.65,14.78,2.87,239.96,195.62,151.29,19148,13791,1.39,156.37,76.44,2.5,1.05,2026-06-01,2026-06-01 13:29:53
4933,友輝,76.4,78.0,78.6,75.8,76.1,71.79,76.26,2.71,2.45,0.27,77.93,71.87,65.81,1144,1200,0.95,62.88,13.29,5.99,7.84,2026-06-01,2026-06-01 13:29:54
4934,太極,17.3,17.3,17.95,17.15,41.74,43.13,40.18,0.04,0.05,-0.01,18.94,17.54,16.15,1775,1612,1.1,38.92,,,,2026-06-01,2026-06-01 13:29:55
4935,茂林-KY,41.65,40.9,42.75,40.6,75.13,64.68,88.36,0.51,-0.0,0.52,40.29,37.23,34.16,843,359,2.35,53.67,31.32,2.2,5.28,2026-06-01,2026-06-01 13:29:56
4938,和碩,91.2,92.0,92.1,89.5,85.35,72.72,74.4,1.52,0.43,1.09,89.37,81.59,73.81,38060,22695,1.68,2446.02,17.08,4.0,4.39,2026-06-01,2026-06-01 13:29:57
4939,亞電,55.5,55.0,55.5,54.5,87.68,74.28,86.56,2.71,1.35,1.36,51.13,41.77,32.41,4868,17263,0.28,54.5,,0.5,0.9,2026-06-01,2026-06-01 13:29:59
4942,嘉彰,38.25,37.6,38.75,37.35,59.9,53.92,55.13,-0.03,-0.12,0.09,38.49,37.63,36.77,268,155,1.73,54.46,12.58,2.0,5.23,2026-06-01,2026-06-01 13:30:00
4943,康控-KY,9.29,9.3,9.3,8.77,69.5,54.84,58.65,-0.29,-0.37,0.08,9.51,9.13,8.75,57,59,0.96,11.77,0.77,,,2026-06-01,2026-06-01 13:30:01
4946,辣椒,105.0,102.0,109.5,102.0,31.32,28.78,45.24,-2.7,-2.89,0.18,110.91,105.47,100.04,110,73,1.51,9.3,33.44,,,2026-06-01,2026-06-01 13:30:02
4949,有成精密,103.5,97.5,104.0,95.7,57.7,57.63,53.75,3.71,3.71,0.0,109.07,95.33,81.6,4358,4063,1.07,70.07,54.76,1.4,1.35,2026-06-01,2026-06-01 13:30:04
4950,金耘國際,16.0,16.1,16.5,15.95,21.41,27.35,44.44,-0.11,0.03,-0.14,18.39,16.96,15.52,45,44,1.04,9.24,,,,2026-06-01,2026-06-01 13:30:05
4951,精拓科,123.5,127.0,128.0,123.0,30.62,40.29,43.7,7.48,10.03,-2.56,140.48,127.5,114.52,823,1276,0.65,42.17,21.08,4.5,3.64,2026-06-01,2026-06-01 13:30:07
4952,凌通,51.9,52.8,53.3,51.5,54.47,62.12,52.57,1.88,1.97,-0.09,56.35,51.25,46.15,1022,2556,0.4,56.48,50.39,2.25,4.34,2026-06-01,2026-06-01 13:30:08
4953,緯軟,132.0,125.0,134.0,125.0,76.48,69.4,70.97,1.55,0.73,0.82,127.68,120.6,113.52,2707,873,3.1,94.15,15.81,3.99,3.02,2026-06-01,2026-06-01 13:30:10
4956,光鋐,45.5,45.4,47.15,45.2,40.62,47.12,46.3,0.71,0.99,-0.28,52.53,46.2,39.86,2836,5151,0.55,45.69,26.61,,,2026-06-01,2026-06-01 13:30:11
4958,臻鼎-KY,548.0,542.0,555.0,541.0,77.7,75.28,69.75,51.59,48.4,3.19,565.89,456.85,347.81,12569,24926,0.5,5915.23,81.19,3.42,0.62,2026-06-01,2026-06-01 13:30:12
4960,誠美材,33.75,32.1,34.8,32.1,23.8,28.13,37.98,-0.19,0.56,-0.75,43.1,36.07,29.03,12301,9982,1.23,190.93,,,,2026-06-01,2026-06-01 13:30:14
4961,天鈺,175.0,171.5,175.0,168.0,49.26,51.76,47.06,4.1,4.64,-0.55,182.58,170.7,158.82,1760,1199,1.47,209.57,18.21,12.87,7.35,2026-06-01,2026-06-01 13:30:15
4966,譜瑞-KY,859.0,879.0,902.0,830.0,70.56,74.04,63.1,67.23,64.65,2.58,941.23,759.85,578.47,6244,4604,1.36,655.97,25.06,17.66,2.06,2026-06-01,2026-06-01 13:30:16
4967,十銓,289.0,280.0,290.0,278.0,66.43,49.87,52.38,4.88,6.1,-1.23,303.01,278.88,254.74,12026,9024,1.33,245.54,22.33,3.0,1.04,2026-06-01,2026-06-01 13:30:18
4968,立積,117.0,117.5,119.0,116.0,57.02,57.61,43.64,0.46,0.58,-0.11,123.59,116.8,110.01,1173,1301,0.9,107.89,44.32,1.1,0.94,2026-06-01,2026-06-01 13:30:19
4971,IET-KY,789.0,749.0,789.0,749.0,75.87,62.14,49.38,12.53,13.19,-0.66,826.21,741.4,656.59,376,274,1.37,315.49,478.18,1.0,0.13,2026-06-01,2026-06-01 13:30:20
4972,湯石照明,16.55,16.45,16.8,16.45,66.17,66.32,60.0,-0.1,-0.15,0.05,16.52,16.44,16.36,85,67,1.26,9.25,,0.8,4.83,2026-06-01,2026-06-01 13:30:21
4973,廣穎,156.5,158.0,167.0,155.5,85.13,78.47,74.17,16.58,12.69,3.89,158.91,118.55,78.19,10433,9634,1.08,102.18,74.52,1.0,0.64,2026-06-01,2026-06-01 13:30:24
4974,亞泰,77.8,78.0,78.5,77.5,69.03,67.26,75.61,1.32,1.0,0.31,78.11,75.0,71.9,250,516,0.49,56.41,15.25,5.45,7.01,2026-06-01,2026-06-01 13:30:25
4976,佳凌,32.3,31.5,32.45,31.3,42.98,47.76,64.8,0.63,0.59,0.04,33.47,30.83,28.18,1054,1109,0.95,45.32,21.39,,,2026-06-01,2026-06-01 13:30:27
4977,眾達-KY,217.0,210.5,219.5,210.5,33.34,33.12,30.26,0.54,2.77,-2.23,258.6,224.75,190.9,3930,4808,0.82,173.57,49.1,2.25,1.04,2026-06-01,2026-06-01 13:30:28
4979,華星光,650.0,622.0,679.0,618.0,60.85,58.83,49.01,19.16,20.74,-1.57,740.44,626.6,512.76,9196,8966,1.03,916.86,122.64,1.54,0.24,2026-06-01,2026-06-01 13:30:30
4980,佐臻,48.45,48.3,50.2,47.55,39.58,50.8,64.11,3.91,4.24,-0.34,56.2,45.04,33.88,165,316,0.52,21.83,440.45,,,2026-06-01,2026-06-01 13:30:32
4987,科誠,81.6,81.6,81.6,81.6,95.28,84.78,66.67,0.06,0.07,-0.01,81.66,81.54,81.42,0,0,,26.01,12.95,5.2,6.37,2026-05-28,2026-06-01 13:30:33
4989,榮科,107.0,105.0,111.5,104.5,79.06,73.7,67.51,3.06,2.36,0.7,110.3,97.82,85.34,15400,18117,0.85,147.42,,,,2026-06-01,2026-06-01 13:30:34
4991,環宇-KY,735.0,730.0,754.0,709.0,43.86,58.08,49.58,40.95,48.47,-7.52,848.15,728.05,607.95,4994,5786,0.86,888.93,4900.0,,,2026-06-01,2026-06-01 13:30:35
4994,傳奇,90.1,91.3,91.3,87.5,33.77,32.21,35.44,-1.9,-1.78,-0.13,99.82,93.21,86.61,45,29,1.56,59.81,46.21,3.0,3.33,2026-06-01,2026-06-01 13:30:36
4995,晶達,45.9,45.1,47.0,44.5,47.77,53.98,60.06,1.22,1.15,0.07,47.27,43.89,40.5,78,101,0.77,19.47,20.68,1.99,4.34,2026-06-01,2026-06-01 13:30:37
4999,鑫禾,20.4,20.0,20.5,19.9,49.69,31.26,42.42,-0.43,-0.48,0.05,21.5,20.3,19.11,141,141,1.0,15.02,15.22,1.0,4.9,2026-06-01,2026-06-01 13:30:39
5007,三星,58.0,57.8,58.0,57.0,89.72,75.12,54.1,0.1,0.01,0.09,58.85,57.27,55.69,90,72,1.24,171.07,19.21,3.0,5.17,2026-06-01,2026-06-01 13:30:40
5009,榮剛,36.3,36.1,36.85,35.75,40.97,31.32,37.41,0.51,0.66,-0.15,38.93,36.31,33.69,3661,3779,0.97,198.91,17.79,1.2,3.31,2026-06-01,2026-06-01 13:30:41
5011,久陽,19.35,18.7,20.0,18.55,79.26,75.69,75.76,1.18,0.84,0.35,19.63,16.28,12.92,1536,2335,0.66,19.48,,0.2,1.03,2026-06-01,2026-06-01 13:30:45
5013,強新,28.1,27.5,28.1,27.5,52.72,50.06,51.97,-0.23,-0.38,0.15,29.29,27.81,26.32,8,6,1.17,37.49,19.38,0.8,2.85,2026-06-01,2026-06-01 13:30:47
5014,建錩,11.1,11.15,11.3,11.05,63.81,65.35,68.89,0.27,0.16,0.11,11.52,10.34,9.17,507,438,1.16,20.34,,0.3,2.7,2026-06-01,2026-06-01 13:30:49
5015,華祺,24.8,24.25,25.0,24.25,53.8,48.95,75.93,0.05,-0.32,0.37,25.06,22.99,20.91,58,78,0.75,15.04,413.33,2.3,9.27,2026-06-01,2026-06-01 13:30:52
5016,松和,25.2,25.6,25.6,25.15,28.4,36.1,50.88,-0.3,-0.4,0.1,26.8,25.5,24.21,120,240,0.5,12.5,16.8,1.2,4.76,2026-06-01,2026-06-01 13:30:54
5201,凱衛,29.0,28.3,29.5,27.95,48.97,42.16,32.56,-1.37,-1.6,0.23,31.15,29.44,27.74,91,93,0.97,11.22,,0.5,1.72,2026-06-01,2026-06-01 13:30:57
5202,力新,12.8,12.3,13.1,12.3,59.37,40.42,48.86,-0.29,-0.37,0.09,13.54,12.36,11.17,596,609,0.98,11.4,,0.5,3.91,2026-06-01,2026-06-01 13:30:58
5203,訊連,70.0,65.5,71.0,65.5,56.52,50.49,74.56,0.47,0.14,0.33,67.92,65.08,62.24,1512,477,3.17,55.54,19.72,3.9,5.57,2026-06-01,2026-06-01 13:31:00
5205,中茂,23.3,23.3,23.3,23.3,88.03,87.01,53.98,-0.34,-0.66,0.32,24.46,22.72,20.98,1,3,0.3,3.15,,,,2026-06-01,2026-06-01 13:31:02
5206,坤悅,21.7,21.6,21.8,21.5,13.24,14.17,6.9,-0.94,-0.93,-0.01,24.93,22.99,21.04,144,78,1.84,37.22,6.31,0.5,2.3,2026-06-01,2026-06-01 13:31:03
5209,新鼎,171.5,170.0,172.5,170.0,86.05,81.51,80.95,1.4,0.68,0.72,171.49,166.6,161.71,47,50,0.94,48.79,11.22,11.33,6.61,2026-06-01,2026-06-01 13:31:05
5210,寶碩,29.25,29.5,29.9,29.2,66.02,60.36,70.39,1.17,1.02,0.15,29.5,27.18,24.86,1097,1105,0.99,24.04,40.07,,,2026-06-01,2026-06-01 13:31:07
5211,蒙恬,18.45,18.5,18.6,18.3,39.99,26.05,37.41,-0.87,-0.89,0.02,21.55,19.09,16.63,51,74,0.69,5.91,,,,2026-06-01,2026-06-01 13:31:08
5212,凌網,46.75,47.45,47.5,46.25,53.0,44.41,36.61,-0.5,-0.53,0.03,48.27,46.82,45.37,52,35,1.49,16.19,9.88,4.2,8.98,2026-06-01,2026-06-01 13:31:09
5213,亞昕,26.75,26.5,26.75,26.25,58.69,56.5,66.18,0.07,0.0,0.06,26.84,26.11,25.37,1118,884,1.26,192.58,8.74,2.8,10.47,2026-06-01,2026-06-01 13:31:11
5215,科嘉-KY,50.3,50.2,51.2,49.5,80.77,70.3,75.15,2.61,2.15,0.46,51.76,44.04,36.31,331,341,0.97,32.36,24.9,2.5,4.97,2026-06-01,2026-06-01 13:31:13
5220,萬達光電,23.35,23.5,23.55,23.05,48.84,56.27,66.04,0.82,0.76,0.06,24.76,22.08,19.39,85,178,0.48,9.19,,0.5,2.14,2026-06-01,2026-06-01 13:31:15
5222,全訊,126.5,127.5,128.0,126.0,45.4,38.68,44.44,-1.96,-1.95,-0.01,138.21,127.97,117.74,514,485,1.06,115.24,50.8,2.5,1.98,2026-06-01,2026-06-01 13:31:16
5223,安力-KY,25.55,25.0,25.75,24.9,47.42,45.39,56.64,-0.14,-0.31,0.17,26.09,24.78,23.47,58,53,1.09,11.38,,,,2026-06-01,2026-06-01 13:31:18
5225,東科-KY,71.6,70.9,71.9,70.1,52.18,43.28,50.0,-1.77,-2.09,0.31,76.94,72.13,67.31,549,390,1.41,56.34,7.04,7.21,10.07,2026-06-01,2026-06-01 13:31:19
5227,立凱-KY,24.7,24.55,25.0,24.4,42.4,56.56,70.62,0.73,0.61,0.12,27.45,23.32,19.19,145,174,0.84,16.8,145.29,,,2026-06-01,2026-06-01 13:31:21
5228,鈺鎧,64.7,66.0,70.4,64.6,87.33,88.15,79.22,7.55,6.27,1.28,67.89,49.11,30.33,3536,1055,3.35,24.62,,,,2026-06-01,2026-06-01 13:31:22
5230,雷笛克光學,17.45,17.4,17.6,17.25,45.14,42.58,62.69,0.01,-0.03,0.04,17.55,16.94,16.32,194,207,0.94,9.55,11.95,0.5,2.87,2026-06-01,2026-06-01 13:31:23
5234,達興材料,412.5,411.0,415.0,406.0,36.83,46.86,43.05,1.22,2.63,-1.42,447.21,416.9,386.59,414,715,0.58,423.7,56.05,6.5,1.58,2026-06-01,2026-06-01 13:31:24
5236,凌陽創新,182.0,184.5,184.5,181.0,61.45,70.87,63.96,8.19,8.07,0.12,191.73,172.75,153.77,533,544,0.98,109.21,21.21,9.0,4.95,2026-06-01,2026-06-01 13:31:26
5240,建騰,25.0,25.0,25.2,24.5,31.28,31.53,26.51,-0.76,-0.51,-0.25,29.84,26.63,23.42,5,13,0.37,6.65,50.0,0.4,1.6,2026-06-01,2026-06-01 13:31:27
5243,乙盛-KY,124.0,128.5,132.0,123.0,59.1,64.47,62.89,5.79,4.61,1.18,135.34,113.4,91.46,5902,10101,0.58,208.98,28.31,1.5,1.21,2026-06-01,2026-06-01 13:31:28
5244,弘凱,38.65,38.4,39.25,38.4,28.29,32.49,41.63,-0.56,-0.47,-0.09,42.53,39.54,36.55,317,398,0.8,26.38,77.3,0.4,1.03,2026-06-01,2026-06-01 13:31:29
5245,智晶,27.6,27.15,28.15,27.15,54.97,52.15,69.29,0.54,0.38,0.16,27.82,25.87,23.92,237,269,0.88,11.95,,,,2026-06-01,2026-06-01 13:31:31
5246,勵威,187.0,175.5,197.5,174.0,51.23,47.68,43.38,-8.11,-9.41,1.3,236.8,182.43,128.05,604,840,0.72,83.06,,,,2026-06-01,2026-06-01 13:31:32
5248,景傳,43.6,41.0,43.6,40.9,30.4,34.19,37.65,-1.03,0.04,-1.07,58.72,47.45,36.19,97,152,0.64,10.68,,1.1,2.52,2026-06-01,2026-06-01 13:31:34
5251,天鉞電,29.35,26.45,29.35,26.45,55.31,41.2,57.14,-0.47,-0.66,0.18,29.54,27.65,25.76,401,167,2.39,9.9,978.33,,,2026-06-01,2026-06-01 13:31:35
5254,欣訊科技,52.4,46.45,52.6,46.45,55.71,40.75,54.26,2.46,2.59,-0.13,58.06,45.21,32.35,348,192,1.81,11.85,22.3,2.0,3.82,2026-06-01,2026-06-01 13:31:36
5258,虹堡,52.5,50.5,52.5,50.1,20.56,30.8,48.74,0.74,1.56,-0.82,61.57,54.23,46.9,1300,1925,0.68,57.53,12.5,2.52,4.8,2026-06-01,2026-06-01 13:31:37
5262,立達,51.5,51.5,52.5,50.5,32.08,31.97,41.9,-0.51,-0.43,-0.08,57.5,52.74,47.98,215,165,1.3,27.14,38.15,2.67,5.18,2026-06-01,2026-06-01 13:31:39
5263,智崴,101.0,104.0,104.0,100.5,28.09,47.23,48.53,2.01,2.92,-0.91,113.92,105.62,97.33,238,265,0.9,71.61,26.86,0.94,0.93,2026-06-01,2026-06-01 13:31:40
5267,龍翩,63.6,64.6,64.6,61.5,49.65,52.82,49.39,3.56,3.98,-0.42,75.51,62.4,49.29,118,432,0.28,15.91,63.6,3.01,4.73,2026-06-01,2026-06-01 13:31:41
5269,祥碩,1520.0,1470.0,1520.0,1465.0,63.45,62.54,49.56,52.94,54.29,-1.36,1565.72,1439.0,1312.28,1414,1692,0.84,1127.18,21.0,30.0,1.97,2026-06-01,2026-06-01 13:31:43
5271,紘通,16.85,18.0,18.0,16.45,12.56,17.87,35.65,-1.46,-1.06,-0.4,23.67,20.16,16.64,2335,1432,1.63,10.7,561.67,,,2026-06-01,2026-06-01 13:31:44
5272,笙科,22.5,22.15,22.75,22.0,31.6,38.06,40.4,-0.31,-0.22,-0.09,24.8,23.04,21.28,304,303,1.0,12.44,,,,2026-06-01,2026-06-01 13:31:45
5274,信驊,18500.0,19325.0,19325.0,18225.0,75.25,68.42,53.03,825.06,824.6,0.46,19337.45,17516.25,15695.05,372,327,1.14,6993.5,177.49,52.0,0.28,2026-06-01,2026-06-01 13:31:46
5276,達輝-KY,19.7,20.25,20.25,19.1,45.59,39.87,54.6,0.36,0.53,-0.17,21.58,19.86,18.14,23,31,0.74,7.78,17.43,0.6,3.05,2026-06-01,2026-06-01 13:31:48
5278,尚凡*,22.65,22.25,23.4,22.25,16.32,22.38,44.76,-0.35,-0.21,-0.14,25.0,23.41,21.81,439,434,1.01,66.42,21.57,0.67,2.96,2026-06-01,2026-06-01 13:31:49
5283,禾聯碩,53.4,52.1,53.6,52.1,77.19,67.38,78.38,-0.39,-0.61,0.22,53.16,52.22,51.29,163,156,1.04,46.78,9.55,0.7,1.31,2026-06-01,2026-06-01 13:31:50
5284,jpp-KY,446.5,451.0,454.5,441.0,76.84,75.77,69.03,29.2,23.97,5.23,459.3,394.05,328.8,715,1587,0.45,236.16,37.02,1.48,0.33,2026-06-01,2026-06-01 13:31:51
5285,界霖,89.4,89.5,90.0,85.2,75.55,79.72,79.22,8.74,7.77,0.97,98.77,75.89,53.0,3787,6989,0.54,91.22,58.43,2.0,2.24,2026-06-01,2026-06-01 13:31:53
5287,數字,145.0,146.5,147.0,144.0,9.96,15.61,32.14,-2.36,-2.15,-0.21,154.1,150.12,146.15,277,151,1.83,87.45,10.5,10.25,7.07,2026-06-01,2026-06-01 13:31:54
5288,豐祥-KY,161.0,159.0,162.5,156.0,73.72,59.73,56.67,-0.35,-1.03,0.68,164.88,153.8,142.72,246,178,1.38,112.21,13.25,8.51,5.29,2026-06-01,2026-06-01 13:31:55
5289,宜鼎,1905.0,1855.0,1950.0,1830.0,62.12,48.5,56.55,132.16,142.35,-10.18,1955.04,1710.5,1465.96,4944,4096,1.21,1835.23,88.44,9.38,0.49,2026-06-01,2026-06-01 13:31:56
5291,邑昇,71.5,71.8,72.9,70.6,39.72,51.7,51.16,1.75,2.06,-0.31,79.47,71.47,63.48,714,1260,0.57,28.52,230.65,,,2026-06-01,2026-06-01 13:31:58
5292,華懋,229.5,227.5,232.0,221.5,59.64,52.36,46.32,-0.77,-0.96,0.19,234.32,225.7,217.08,235,260,0.91,96.64,23.23,4.09,1.78,2026-06-01,2026-06-01 13:31:59
5297,廣化,108.5,125.5,127.0,106.5,46.29,50.3,33.08,-4.89,-2.27,-2.62,177.48,132.97,88.47,1889,1197,1.58,40.31,264.63,0.9,0.83,2026-06-01,2026-06-01 13:32:00
5299,杰力,115.0,121.0,121.0,113.0,54.52,64.94,62.77,8.38,7.41,0.97,126.41,105.06,83.7,926,2563,0.36,58.52,25.27,3.66,3.18,2026-06-01,2026-06-01 13:32:03
5301,寶得利,6.79,6.83,6.84,6.69,28.14,21.31,25.37,-0.52,-0.55,0.03,8.1,7.22,6.34,22,22,0.98,4.47,,,,2026-06-01,2026-06-01 13:32:04
5302,太欣,11.0,10.55,11.35,10.55,56.63,45.16,51.47,-0.15,-0.24,0.09,12.03,10.66,9.29,1117,1145,0.98,17.59,,,,2026-06-01,2026-06-01 13:32:05
5306,桂盟,84.3,83.4,84.5,83.0,59.22,45.23,55.65,-0.09,-0.37,0.27,85.15,82.5,79.84,191,157,1.22,106.22,11.52,3.81,4.52,2026-06-01,2026-06-01 13:32:06
5309,系統電,75.9,72.4,75.9,72.4,71.72,64.4,69.42,2.43,1.91,0.52,72.75,66.82,60.89,17408,11995,1.45,173.49,291.92,0.5,0.66,2026-06-01,2026-06-01 13:32:07
5310,天剛,24.7,23.0,24.7,22.95,52.9,39.68,47.4,-0.3,-0.31,0.01,26.46,24.2,21.95,11,19,0.57,7.15,47.5,,,2026-06-01,2026-06-01 13:32:09
5312,寶島科,93.9,94.0,94.1,93.6,35.85,30.07,32.1,-0.94,-0.92,-0.02,97.96,95.1,92.24,83,46,1.79,56.4,14.67,6.5,6.92,2026-06-01,2026-06-01 13:32:10
5314,世紀*,65.3,64.3,65.5,63.1,20.37,19.26,40.06,-3.21,-3.11,-0.1,76.67,67.76,58.85,3921,3477,1.13,189.04,11.77,0.27,0.41,2026-06-01,2026-06-01 13:32:12
5315,光聯,22.55,22.4,22.65,22.35,76.89,65.85,57.45,-0.1,-0.19,0.09,22.61,22.06,21.52,1079,668,1.61,23.98,11.93,1.5,6.65,2026-06-01,2026-06-01 13:32:13
5321,美而快,57.4,57.4,57.4,56.4,92.66,92.39,93.3,7.7,4.81,2.89,58.16,33.28,8.39,852,697,1.22,30.53,,,,2026-06-01,2026-06-01 13:32:14
5324,士開,11.9,11.9,11.95,11.85,77.67,84.71,83.33,0.2,0.15,0.05,12.57,11.44,10.31,201,243,0.83,26.94,,,,2026-06-01,2026-06-01 13:32:15
5328,華容,39.8,41.7,43.35,39.8,80.21,77.46,87.62,3.17,2.28,0.9,40.4,31.52,22.64,44881,34134,1.31,68.74,102.05,0.6,1.51,2026-06-01,2026-06-01 13:32:17
5340,建榮,105.0,102.5,107.0,101.5,29.73,31.01,44.05,-2.55,-2.42,-0.13,121.13,107.18,93.24,4296,3911,1.1,204.64,88.24,0.6,0.57,2026-06-01,2026-06-01 13:32:18
5344,立衛,15.85,15.6,16.0,15.3,32.76,27.14,48.08,-0.03,0.08,-0.11,16.92,16.02,15.13,126,109,1.15,12.59,,,,2026-06-01,2026-06-01 13:32:19
5345,馥鴻,24.65,21.2,24.65,20.75,72.14,48.94,62.98,-0.22,-0.6,0.38,23.84,21.01,18.17,214,90,2.38,9.32,,,,2026-06-01,2026-06-01 13:32:20
5347,世界,179.0,175.0,184.5,174.5,62.83,50.86,56.43,6.51,7.14,-0.63,183.14,167.45,151.76,68044,39122,1.74,3364.43,42.42,4.5,2.51,2026-06-01,2026-06-01 13:32:22
5348,正能量智能,15.3,15.35,15.35,15.3,23.12,41.7,52.27,-0.19,-0.2,0.0,17.25,15.62,13.98,7,12,0.58,2.26,,,,2026-05-29,2026-06-01 13:32:23
5351,鈺創,89.7,87.5,93.8,87.1,67.45,56.03,57.36,3.46,3.15,0.32,92.05,81.62,71.2,37041,28016,1.32,292.17,,,,2026-06-01,2026-06-01 13:32:24
5353,台林,32.0,30.45,32.2,30.35,85.21,71.58,91.55,0.87,0.39,0.47,29.74,26.77,23.8,1586,554,2.86,24.24,23.36,1.3,4.06,2026-06-01,2026-06-01 13:32:26
5355,佳總,6.4,6.28,6.51,6.2,57.55,54.63,32.34,-0.09,-0.08,-0.0,7.11,6.61,6.12,249,159,1.56,10.63,,,,2026-06-01,2026-06-01 13:32:28
5356,協益,27.35,27.05,27.65,26.9,69.72,63.14,61.54,0.22,0.2,0.02,27.44,26.76,26.07,169,105,1.62,28.18,62.16,2.3,8.41,2026-06-01,2026-06-01 13:32:29
5364,力麗店,8.84,8.79,8.88,8.74,35.08,25.65,18.57,-0.5,-0.53,0.03,10.16,9.26,8.36,50,163,0.31,5.64,,,,2026-06-01,2026-06-01 13:32:30
5371,中光電,73.9,73.0,76.0,71.8,60.84,57.73,60.1,-0.39,-0.9,0.51,75.48,71.48,67.47,7958,5410,1.47,295.38,77.79,1.5,2.03,2026-06-01,2026-06-01 13:32:31
5381,光譜,26.55,25.7,27.4,25.65,43.62,41.53,61.03,0.2,0.05,0.15,27.35,25.27,23.19,1634,1356,1.21,46.9,31.61,,,2026-06-01,2026-06-01 13:32:33
5386,青雲,581.0,616.0,619.0,578.0,80.08,77.19,70.27,53.73,43.08,10.65,614.14,487.15,360.16,2876,3163,0.91,209.63,67.56,0.59,0.1,2026-06-01,2026-06-01 13:32:34
5388,中磊,90.1,88.0,91.9,86.6,79.08,70.1,53.24,1.82,1.13,0.69,90.62,82.8,74.98,11263,5756,1.96,270.05,22.81,2.5,2.77,2026-06-01,2026-06-01 13:32:35
5392,能率,48.9,46.4,49.0,44.8,69.58,57.14,70.96,1.28,0.91,0.36,46.37,42.52,38.67,20125,8596,2.34,85.84,,0.2,0.41,2026-06-01,2026-06-01 13:32:36
5398,慕康生醫,17.0,16.85,17.0,16.75,8.57,7.69,10.81,-0.99,-0.8,-0.19,21.47,18.82,16.16,56,79,0.71,8.41,48.57,,,2026-06-01,2026-06-01 13:32:38
5403,中菲,89.1,85.5,89.3,85.5,46.16,24.72,43.17,-2.31,-2.63,0.32,96.52,88.54,80.56,175,147,1.2,69.64,10.72,6.5,7.3,2026-06-01,2026-06-01 13:32:40
5410,國眾,41.75,41.65,42.15,41.0,85.95,80.04,76.0,1.79,1.62,0.17,41.08,37.65,34.22,4242,1595,2.66,38.43,18.07,1.5,3.59,2026-06-01,2026-06-01 13:32:41
5425,台半,106.5,115.5,115.5,105.0,78.32,83.78,68.09,11.85,9.08,2.76,116.88,86.09,55.31,43657,56350,0.77,260.42,51.45,2.02,1.9,2026-06-01,2026-06-01 13:32:42
5426,振發,20.5,20.5,20.5,20.5,67.41,58.68,73.21,0.16,-0.06,0.22,19.71,18.39,17.07,503,477,1.05,29.48,39.42,0.5,2.44,2026-06-01,2026-06-01 13:32:44
5432,新門,135.5,139.0,140.5,135.5,9.05,12.71,28.3,-1.19,0.04,-1.23,151.26,142.0,132.74,99,82,1.22,28.03,58.91,1.5,1.11,2026-06-01,2026-06-01 13:32:45
5434,崇越,453.0,456.0,456.0,448.5,63.51,64.21,59.31,17.01,15.17,1.84,486.39,430.85,375.31,631,935,0.67,877.27,21.19,11.99,2.65,2026-06-01,2026-06-01 13:32:46
5438,東友,19.35,19.0,19.5,19.0,39.89,40.25,57.38,-0.04,-0.12,0.08,20.0,19.08,18.17,132,252,0.53,21.78,37.94,0.65,3.36,2026-06-01,2026-06-01 13:32:47
5439,高技,380.0,386.5,389.5,379.5,47.8,40.55,49.69,3.29,6.22,-2.93,411.56,386.75,361.94,1806,2330,0.78,353.31,28.19,2.2,0.58,2026-06-01,2026-06-01 13:32:49
5443,均豪,127.0,126.5,131.5,124.5,57.26,52.46,49.06,2.32,2.79,-0.47,135.33,125.62,115.92,4700,6050,0.78,204.85,50.0,2.2,1.73,2026-06-01,2026-06-01 13:32:51
5450,南良,12.8,12.95,12.95,12.7,37.0,33.72,51.28,-0.22,-0.28,0.06,13.08,12.77,12.46,51,64,0.79,15.67,98.46,0.5,3.91,2026-06-01,2026-06-01 13:32:52
5452,佶優,35.1,35.3,35.95,34.7,66.08,57.24,57.02,0.28,0.05,0.23,35.28,33.19,31.11,5746,3983,1.44,51.87,106.36,0.25,0.71,2026-06-01,2026-06-01 13:32:55
5455,昇益,24.6,23.1,24.9,23.1,37.75,26.25,42.64,-0.43,-0.37,-0.06,26.53,24.38,22.22,21,41,0.53,16.11,7.11,,,2026-06-01,2026-06-01 13:32:56
5457,宣德,30.05,30.5,30.5,29.75,34.99,28.18,30.04,-1.82,-1.75,-0.07,38.98,32.22,25.46,673,1169,0.58,59.03,11.92,1.28,4.26,2026-06-01,2026-06-01 13:32:59
5460,同協,14.8,15.0,15.45,14.6,22.49,31.8,44.12,0.02,0.06,-0.05,15.52,15.1,14.69,211,85,2.48,8.7,,,,2026-06-01,2026-06-01 13:33:00
5464,霖宏,80.5,88.0,91.0,74.9,81.87,85.98,71.83,10.76,9.72,1.04,87.06,63.37,39.68,5941,2760,2.15,57.21,,1.0,1.24,2026-06-01,2026-06-01 13:33:01
5465,富驊,27.1,26.3,27.6,26.3,71.02,65.74,65.15,0.2,-0.08,0.28,26.77,25.19,23.62,295,287,1.03,40.02,21.17,1.8,6.64,2026-06-01,2026-06-01 13:33:03
5468,凱鈺,18.25,17.5,18.5,17.2,57.14,49.52,51.25,-0.1,-0.12,0.02,18.45,17.71,16.96,171,91,1.88,10.75,,,,2026-06-01,2026-06-01 13:33:04
5469,瀚宇博,86.0,86.0,86.2,84.5,64.34,61.68,58.33,-0.42,-1.17,0.75,87.53,82.73,77.94,3648,5772,0.63,417.91,14.26,2.52,2.93,2026-06-01,2026-06-01 13:33:05
5471,松翰,53.1,54.4,54.5,52.7,66.81,74.25,51.64,2.8,2.72,0.08,58.09,50.65,43.21,2989,6002,0.5,89.14,74.79,1.0,1.88,2026-06-01,2026-06-01 13:33:07
5474,聰泰,198.0,190.5,198.0,187.0,74.93,61.01,74.82,7.59,6.09,1.49,186.34,169.57,152.81,5382,1760,3.06,78.72,36.2,4.0,2.02,2026-06-01,2026-06-01 13:33:08
5475,德宏,297.0,274.5,297.0,263.0,42.33,31.06,43.07,-8.52,-4.16,-4.35,374.07,309.07,244.08,7708,5589,1.38,377.57,,,,2026-06-01,2026-06-01 13:33:10
5478,智冠,100.0,99.0,101.5,98.7,57.38,51.5,63.28,0.22,-0.02,0.24,100.64,97.96,95.28,348,186,1.86,149.83,12.67,7.5,7.5,2026-06-01,2026-06-01 13:33:11
5481,新華,17.75,18.0,18.15,17.7,11.75,20.54,2.04,-0.79,-0.61,-0.18,21.72,19.78,17.85,136,128,1.06,11.79,,,,2026-06-01,2026-06-01 13:33:12
5483,中美晶,168.5,174.5,179.5,167.0,76.99,68.8,58.94,8.67,6.95,1.73,173.19,151.62,130.06,25863,29827,0.87,1034.88,25.26,3.5,2.08,2026-06-01,2026-06-01 13:33:14
5484,慧友,53.6,48.7,53.6,47.8,80.62,74.39,74.33,2.98,1.8,1.17,52.98,42.73,32.48,2306,2584,0.89,35.81,77.68,,,2026-06-01,2026-06-01 13:33:15
5487,通泰,27.6,27.4,27.65,27.2,43.61,43.36,53.77,-0.29,-0.27,-0.01,28.97,27.71,26.45,103,98,1.05,6.69,,,,2026-06-01,2026-06-01 13:33:17
5488,松普,13.4,13.0,13.4,12.85,85.22,78.45,81.73,0.61,0.41,0.2,12.95,11.03,9.11,4563,1604,2.84,12.27,121.82,,,2026-06-01,2026-06-01 13:33:18
5489,彩富,38.85,39.0,39.35,38.6,13.61,22.24,29.69,-0.39,-0.26,-0.13,40.99,39.87,38.74,69,57,1.22,38.26,19.52,1.82,4.68,2026-06-01,2026-06-01 13:33:20
5490,同亨,29.25,28.75,29.45,28.45,38.47,41.49,59.78,0.48,0.48,0.01,29.72,28.58,27.43,626,550,1.14,27.25,17.41,1.5,5.13,2026-06-01,2026-06-01 13:33:21
5493,三聯,95.3,89.1,95.4,88.1,46.24,36.93,60.25,1.37,1.62,-0.25,96.79,90.88,84.97,778,373,2.09,41.64,22.8,2.6,2.73,2026-06-01,2026-06-01 13:33:23
5508,永信建,46.85,46.25,47.25,45.95,20.1,17.81,32.39,-1.01,-0.9,-0.11,50.59,48.19,45.78,603,595,1.01,101.87,15.26,2.78,5.93,2026-06-01,2026-06-01 13:33:27
5511,德昌,71.4,71.0,71.8,70.9,52.52,52.63,44.0,0.07,0.08,-0.02,73.06,71.46,69.85,238,153,1.55,81.0,6.75,3.8,5.32,2026-06-01,2026-06-01 13:33:28
5512,力麒,7.38,7.05,7.39,6.98,76.66,66.49,72.38,-0.1,-0.17,0.07,7.21,6.95,6.68,3247,2229,1.46,56.07,52.71,0.18,2.44,2026-06-01,2026-06-01 13:33:29
5514,三豐,13.95,13.75,14.65,13.7,12.9,16.5,3.33,-0.38,-0.25,-0.13,16.13,15.12,14.11,110,126,0.87,31.62,,,,2026-06-01,2026-06-01 13:33:31
5515,建國,41.55,40.8,41.75,40.75,71.76,59.34,75.0,0.41,0.32,0.09,41.63,39.99,38.35,754,516,1.46,83.76,9.32,2.15,5.17,2026-06-01,2026-06-01 13:33:32
5516,雙喜,10.2,10.4,10.4,10.2,16.41,19.38,40.32,-0.43,-0.42,-0.01,11.48,10.75,10.02,17,19,0.86,5.26,63.75,,,2026-06-01,2026-06-01 13:33:33
5519,隆大,31.95,32.1,32.1,31.85,21.15,32.18,35.29,-0.2,-0.16,-0.03,33.18,32.43,31.68,1071,545,1.97,70.03,6.49,3.0,9.39,2026-06-01,2026-06-01 13:33:34
5520,力泰,81.3,81.0,82.7,81.0,53.29,65.16,62.22,0.29,0.22,0.07,83.64,81.44,79.25,6,9,0.7,48.76,8.27,7.0,8.61,2026-06-01,2026-06-01 13:33:37
5521,工信,10.2,10.3,10.35,10.15,15.51,17.59,29.69,-0.59,-0.64,0.06,12.29,10.87,9.44,4223,3602,1.17,50.21,19.62,0.15,1.47,2026-06-01,2026-06-01 13:33:39
5522,遠雄,74.2,72.8,74.2,71.9,82.88,66.7,71.15,0.63,0.29,0.34,73.55,70.8,68.06,1483,1207,1.23,579.94,9.97,5.5,7.41,2026-06-01,2026-06-01 13:33:41
5523,豐謙,30.5,30.5,30.5,30.3,18.18,24.72,63.64,0.05,0.04,0.02,30.55,30.35,30.14,19,80,0.24,47.28,,0.5,1.64,2026-06-01,2026-06-01 13:33:42
5525,順天,21.8,21.15,21.9,20.85,39.42,29.22,28.57,-0.75,-0.72,-0.03,24.12,22.35,20.58,136,206,0.66,66.99,15.57,0.75,3.44,2026-06-01,2026-06-01 13:33:43
5529,鉅陞,22.2,22.25,22.3,22.0,23.03,35.24,56.66,-0.03,-0.11,0.08,24.36,21.98,19.61,61,106,0.58,23.48,11.44,,,2026-06-01,2026-06-01 13:33:46
5530,龍巖,49.0,46.55,50.1,46.55,36.26,26.87,52.9,0.31,0.23,0.08,49.88,46.88,43.87,1911,1573,1.22,205.84,17.88,,,2026-06-01,2026-06-01 13:33:47
5531,鄉林,7.85,7.68,7.93,7.6,36.99,22.03,34.55,-0.23,-0.23,0.0,8.58,7.98,7.38,942,721,1.31,76.74,,,,2026-06-01,2026-06-01 13:33:48
5533,皇鼎,13.95,14.0,14.0,13.8,71.3,61.16,45.45,-0.1,-0.12,0.02,14.19,13.96,13.73,101,104,0.97,39.79,24.91,,,2026-06-01,2026-06-01 13:33:49
5534,長虹,74.7,74.3,74.8,73.7,21.36,18.62,15.38,-0.97,-0.8,-0.17,79.61,76.41,73.21,1096,977,1.12,235.55,12.64,5.42,7.26,2026-06-01,2026-06-01 13:33:51
5536,聖暉*,1005.0,998.0,1025.0,988.0,51.96,56.25,60.42,47.38,46.08,1.3,1093.27,952.6,811.93,1200,2370,0.51,1247.01,35.51,20.0,1.99,2026-06-01,2026-06-01 13:33:52
5538,東明-KY,36.0,36.65,36.65,35.7,64.21,59.5,68.86,1.03,0.87,0.16,37.33,33.56,29.8,44,44,0.99,72.43,11.92,1.5,4.17,2026-06-01,2026-06-01 13:33:53
5543,桓鼎-KY,29.95,30.0,30.0,29.0,60.93,60.59,56.1,0.42,0.43,-0.01,30.53,29.62,28.72,39,26,1.5,13.99,4.34,0.09,0.3,2026-06-01,2026-06-01 13:33:55
5546,永固-KY,16.8,16.9,17.6,16.8,65.02,62.72,58.11,-0.05,-0.16,0.1,17.15,16.42,15.68,88,42,2.09,13.84,,2.0,11.9,2026-06-01,2026-06-01 13:33:56
5547,久舜,21.85,21.85,21.85,21.75,76.42,62.71,44.83,-0.01,-0.08,0.06,22.01,21.61,21.21,23,25,0.92,9.9,7.16,0.72,3.3,2026-06-01,2026-06-01 13:33:57
5548,安倉,23.3,23.3,23.3,23.1,23.3,24.67,50.0,-0.16,-0.16,0.0,23.82,23.46,23.11,154,69,2.22,13.47,11.59,1.4,6.01,2026-06-01,2026-06-01 13:33:59
5601,台聯櫃,32.2,32.05,32.2,32.05,8.53,10.05,12.2,-0.88,-0.56,-0.32,37.09,34.64,32.19,21,31,0.68,20.87,76.67,0.35,1.09,2026-06-01,2026-06-01 13:34:00
5603,陸海,15.25,15.0,15.25,14.95,20.47,21.55,32.35,-0.36,-0.33,-0.03,16.3,15.66,15.02,148,167,0.89,15.99,38.12,1.0,6.56,2026-06-01,2026-06-01 13:34:02
5604,中連,30.8,31.0,31.0,30.6,17.38,20.44,28.0,-0.6,-0.64,0.04,32.08,31.43,30.78,67,36,1.83,33.51,36.24,2.0,6.49,2026-06-01,2026-06-01 13:34:03
5607,遠雄港,51.8,50.5,52.3,50.3,68.84,58.55,61.67,0.66,0.44,0.22,52.03,49.37,46.72,1606,807,1.99,191.95,18.7,1.1,2.12,2026-06-01,2026-06-01 13:34:04
5608,四維航,15.0,14.4,15.15,14.35,55.22,43.91,49.09,-0.31,-0.4,0.09,15.61,14.69,13.76,3858,2004,1.93,58.39,1.36,,,2026-06-01,2026-06-01 13:34:05
5609,中菲行,81.3,81.0,81.4,80.5,54.89,62.43,63.49,0.49,0.37,0.12,81.47,79.9,78.33,324,251,1.29,114.42,10.24,5.6,6.89,2026-06-01,2026-06-01 13:34:07
5701,劍湖山,4.4,4.4,4.4,4.4,83.8,69.42,78.41,0.1,-0.0,0.1,4.01,3.48,2.95,304,206,1.48,6.29,,,,2026-06-01,2026-06-01 13:34:08
5703,亞都,13.85,13.85,13.85,13.85,63.47,58.55,47.37,-0.12,-0.12,0.01,14.21,13.85,13.5,13,6,2.1,9.73,26.13,,,2026-06-01,2026-06-01 13:34:10
5704,老爺知,21.15,21.1,21.4,21.0,35.09,31.57,43.9,-0.14,-0.14,-0.0,21.76,21.38,21.0,17,23,0.74,12.45,58.75,,,2026-06-01,2026-06-01 13:34:12
5706,鳳凰,51.6,50.7,51.9,50.5,61.62,42.94,61.46,-0.2,-0.35,0.15,51.98,50.52,49.05,526,334,1.57,43.22,15.27,2.75,5.33,2026-06-01,2026-06-01 13:34:14
5859,遠壽,13.65,13.5,13.7,13.3,34.09,34.51,37.29,-0.45,-0.4,-0.05,15.35,14.34,13.33,438,215,2.04,197.96,4.28,0.37,2.71,2026-06-01,2026-06-01 13:34:16
5863,瑞興銀,11.0,10.55,11.0,10.5,48.5,38.27,57.69,-0.07,-0.1,0.03,11.13,10.85,10.57,26,31,0.85,35.22,13.25,0.4,3.64,2026-06-01,2026-06-01 13:34:18
5864,致和證,43.4,43.6,44.5,42.55,89.26,78.51,78.34,3.37,2.39,0.99,42.44,34.34,26.25,10786,12732,0.85,197.25,17.02,0.4,0.92,2026-06-01,2026-06-01 13:34:20
5871,中租-KY,108.5,108.5,110.0,107.5,20.24,25.75,47.06,-1.4,-1.11,-0.29,115.86,110.05,104.24,10442,11921,0.88,1856.89,9.65,6.1,5.62,2026-06-01,2026-06-01 13:34:21
5876,上海商銀,39.8,39.5,40.0,39.2,34.24,31.51,46.74,0.02,0.07,-0.05,40.95,39.63,38.31,13423,16407,0.82,1930.39,13.01,1.8,4.52,2026-06-01,2026-06-01 13:34:22
5878,台名,40.8,41.2,41.2,40.75,45.64,43.4,52.17,-0.0,-0.06,0.06,41.16,40.76,40.36,31,17,1.85,10.21,14.27,0.21,0.51,2026-06-01,2026-06-01 13:34:23
5880,合庫金,22.85,22.85,22.95,22.6,48.43,33.37,52.63,-0.12,-0.16,0.03,23.05,22.81,22.57,29085,30342,0.96,3583.09,16.8,0.7,3.06,2026-06-01,2026-06-01 13:34:24
5902,德記,34.45,34.9,34.9,34.0,27.06,35.33,10.47,-0.78,-0.46,-0.32,39.56,37.27,34.99,115,234,0.49,32.56,15.45,1.65,4.79,2026-06-01,2026-06-01 13:34:26
5903,全家,187.0,187.0,187.0,185.5,25.83,18.19,27.27,-0.81,-0.67,-0.14,190.64,188.53,186.41,92,51,1.8,417.42,24.77,6.5,3.48,2026-06-01,2026-06-01 13:34:27
5904,寶雅,569.0,571.0,575.0,564.0,75.58,64.66,53.85,6.74,7.64,-0.91,594.63,564.3,533.97,231,276,0.84,605.67,19.4,23.0,4.04,2026-06-01,2026-06-01 13:34:28
5905,南仁湖,7.86,7.84,8.0,7.81,15.37,14.82,32.28,-0.09,-0.05,-0.04,8.63,8.09,7.55,716,630,1.14,22.14,,,,2026-06-01,2026-06-01 13:34:30
5906,台南-KY,47.0,47.0,47.0,47.0,27.03,15.33,40.22,-0.72,-0.79,0.07,49.86,46.99,44.12,5,2,2.5,16.8,47.96,0.8,1.7,2026-06-01,2026-06-01 13:34:31
5907,大洋-KY,5.07,4.99,5.14,4.99,65.61,50.49,42.31,-0.14,-0.16,0.02,5.45,5.09,4.74,407,329,1.24,9.73,,,,2026-06-01,2026-06-01 13:34:32
6005,群益證,39.6,39.5,40.3,38.35,89.17,80.71,86.24,2.09,1.3,0.79,37.95,32.52,27.08,20424,19055,1.07,859.68,15.0,1.5,3.79,2026-06-01,2026-06-01 13:34:33
6015,宏遠證,19.75,19.85,20.05,19.2,88.15,76.03,73.1,1.17,0.77,0.4,19.22,16.14,13.06,9964,10788,0.92,77.65,27.82,,,2026-06-01,2026-06-01 13:34:34
6016,康和證,30.2,29.8,30.9,28.9,88.0,76.92,78.44,2.33,1.66,0.67,29.14,23.59,18.04,26366,23432,1.13,207.35,15.25,0.23,0.76,2026-06-01,2026-06-01 13:34:35
6020,大展證,24.1,24.15,24.4,24.05,83.65,71.83,59.2,1.0,0.77,0.23,24.77,21.8,18.83,122,158,0.77,60.82,61.79,0.27,1.12,2026-06-01,2026-06-01 13:34:36
6021,美好證,37.65,38.2,38.5,37.3,82.27,66.98,65.7,1.19,0.75,0.44,37.49,33.51,29.53,657,595,1.1,117.55,10.18,2.0,5.31,2026-06-01,2026-06-01 13:34:38
6023,元大期,100.0,99.7,101.0,99.3,65.88,55.34,51.56,0.11,0.06,0.05,101.3,99.05,96.81,419,249,1.68,319.98,11.83,4.8,4.8,2026-06-01,2026-06-01 13:34:39
6024,群益期,58.2,58.0,58.5,57.5,72.83,53.75,55.56,0.25,0.16,0.09,58.65,56.96,55.27,571,466,1.23,145.46,10.64,2.83,4.86,2026-06-01,2026-06-01 13:34:41
6026,福邦證,17.3,17.2,17.5,17.05,79.78,64.14,63.75,0.37,0.23,0.14,17.28,15.94,14.59,8595,6498,1.32,68.54,10.06,1.1,6.36,2026-06-01,2026-06-01 13:34:42
6027,德信,12.55,12.4,12.55,12.25,60.69,50.88,41.35,0.09,0.15,-0.07,14.13,12.7,11.26,51,87,0.59,19.54,12.07,,,2026-06-01,2026-06-01 13:34:44
6028,公勝保經,79.1,79.1,79.1,78.8,21.95,22.83,32.84,-1.07,-1.26,0.19,82.15,79.93,77.71,32,21,1.53,19.77,10.12,6.0,7.59,2026-06-01,2026-06-01 13:34:45
6035,悠遊卡,51.2,51.4,52.4,49.9,65.0,72.91,42.11,-0.17,-0.11,-0.06,53.74,52.41,51.07,11,6,1.7,36.46,12.4,2.95,5.76,2026-06-01,2026-06-01 13:34:46
6101,寬魚國際,40.25,39.85,42.15,39.85,52.98,56.17,57.21,0.21,0.14,0.07,41.62,39.31,36.99,1418,557,2.54,46.13,,,,2026-06-01,2026-06-01 13:34:49
6103,合邦,39.45,39.7,39.7,39.45,66.26,48.24,46.54,-0.65,-0.82,0.17,40.82,38.43,36.03,3,2,1.19,5.37,,0.19,0.48,2026-06-01,2026-06-01 13:34:50
6104,創惟,101.5,99.1,103.0,98.8,62.75,58.92,49.11,1.18,1.38,-0.2,105.33,99.66,94.0,2001,1735,1.15,92.49,18.73,4.5,4.43,2026-06-01,2026-06-01 13:34:53
6108,競國,19.95,20.2,20.2,19.6,54.93,55.65,45.24,0.32,0.37,-0.05,22.67,19.97,17.26,1852,2234,0.83,30.82,6.72,1.0,5.01,2026-06-01,2026-06-01 13:34:55
6109,亞元,11.15,11.5,11.5,11.1,53.74,36.66,32.76,-0.28,-0.28,0.01,12.82,11.37,9.92,249,279,0.89,9.79,,,,2026-06-01,2026-06-01 13:34:56
6111,光聚晶電,44.1,45.45,45.45,44.1,10.11,17.35,32.91,-0.36,0.08,-0.44,49.61,46.77,43.92,555,413,1.34,41.55,,,,2026-06-01,2026-06-01 13:34:57
6112,邁達特,47.05,43.2,47.05,43.2,62.71,47.3,70.49,-0.47,-0.82,0.36,47.2,43.44,39.67,4144,1229,3.37,88.62,25.99,0.6,1.28,2026-06-01,2026-06-01 13:34:58
6113,亞矽,27.7,28.2,28.85,27.4,74.39,71.23,72.19,1.23,1.04,0.19,28.35,25.22,22.09,846,636,1.33,14.16,,0.5,1.81,2026-06-01,2026-06-01 13:34:59
6114,久威,30.7,30.6,30.7,30.35,25.96,23.43,52.0,-0.04,-0.03,-0.01,31.56,30.56,29.57,34,82,0.41,13.48,9.68,0.5,1.63,2026-06-01,2026-06-01 13:35:01
6115,鎰勝,47.45,47.5,47.6,46.9,80.12,66.32,49.02,-0.03,-0.08,0.05,48.08,47.27,46.46,306,184,1.66,89.05,16.71,3.2,6.74,2026-06-01,2026-06-01 13:35:02
6116,彩晶,18.8,18.25,18.8,18.25,94.77,87.92,86.55,2.0,1.2,0.8,17.42,11.68,5.93,58236,288117,0.2,537.43,69.63,,,2026-06-01,2026-06-01 13:35:04
6117,迎廣,85.8,84.9,86.6,84.1,45.58,51.66,57.11,1.33,1.38,-0.06,92.83,83.92,75.0,970,2107,0.46,79.4,23.64,2.17,2.53,2026-06-01,2026-06-01 13:35:05
6118,建達,17.85,17.7,18.0,17.6,35.53,42.95,55.33,0.07,0.08,-0.01,18.99,17.76,16.53,393,452,0.87,16.22,44.62,,,2026-06-01,2026-06-01 13:35:06
6120,達運,14.9,14.5,15.5,14.3,64.65,60.48,66.09,0.28,0.11,0.17,15.04,13.45,11.86,8138,6255,1.3,89.25,,0.25,1.68,2026-06-01,2026-06-01 13:35:08
6121,新普,396.0,393.0,397.5,388.5,80.15,74.84,60.14,8.6,7.6,0.99,403.25,380.62,358.0,847,935,0.91,732.48,12.98,30.0,7.58,2026-06-01,2026-06-01 13:35:10
6122,擎邦,48.65,47.2,48.8,47.0,49.74,39.69,57.89,-0.61,-0.71,0.1,49.99,47.89,45.78,618,357,1.73,37.23,10.31,3.27,6.72,2026-06-01,2026-06-01 13:35:11
6123,上奇,44.7,43.2,44.7,43.2,44.09,30.73,48.25,0.04,0.15,-0.11,45.97,44.41,42.85,135,101,1.34,27.04,16.43,5.05,11.3,2026-06-01,2026-06-01 13:35:13
6124,業強,30.0,29.8,30.55,29.35,52.45,45.04,48.62,-0.32,-0.4,0.08,31.31,29.71,28.1,133,94,1.42,54.74,,,,2026-06-01,2026-06-01 13:35:14
6125,廣運,73.3,69.4,73.3,69.4,78.98,68.13,70.59,2.97,1.67,1.3,70.62,61.16,51.7,8360,6908,1.21,189.86,733.0,0.7,0.95,2026-06-01,2026-06-01 13:35:16
6126,信音,37.25,36.95,37.85,36.35,73.71,71.78,73.84,1.01,0.77,0.24,37.36,34.26,31.16,3842,2215,1.73,47.16,53.21,0.76,2.04,2026-06-01,2026-06-01 13:35:17
6127,九豪,74.0,74.0,74.0,73.2,90.77,81.3,85.83,5.22,3.04,2.18,67.48,52.52,37.55,9350,29953,0.31,79.98,157.45,,,2026-06-01,2026-06-01 13:35:18
6128,上福,19.5,19.45,19.6,19.1,38.76,26.58,39.39,-0.39,-0.47,0.07,21.01,19.61,18.21,217,230,0.94,24.88,,0.5,2.56,2026-06-01,2026-06-01 13:35:19
6129,普誠,16.9,17.3,17.45,16.75,67.9,54.76,58.16,-0.06,-0.17,0.1,17.7,15.96,14.21,3460,1385,2.5,30.58,,,,2026-06-01,2026-06-01 13:35:20
6130,上亞科技,23.25,22.25,24.1,21.65,55.93,50.04,50.54,-0.9,-1.13,0.23,24.25,22.78,21.3,549,295,1.86,11.0,,,,2026-06-01,2026-06-01 13:35:23
6133,金橋,23.55,23.6,23.85,23.35,59.73,65.48,59.6,0.25,0.13,0.12,24.86,22.7,20.54,1173,1329,0.88,27.56,32.71,0.3,1.27,2026-06-01,2026-06-01 13:35:25
6134,萬旭,39.8,39.75,39.8,39.45,83.5,68.61,72.95,1.18,0.46,0.72,36.94,32.49,28.05,1806,3029,0.6,32.59,331.67,0.2,0.5,2026-06-01,2026-06-01 13:35:27
6136,富爾特,26.05,25.6,26.2,25.6,80.97,72.9,63.49,0.18,0.12,0.06,26.23,25.3,24.37,419,361,1.16,30.1,29.27,1.15,4.41,2026-06-01,2026-06-01 13:35:28
6138,茂達,353.0,349.5,354.5,342.0,70.96,74.68,65.45,28.28,24.5,3.78,378.99,305.05,231.11,1266,2514,0.5,262.55,27.69,8.6,2.44,2026-06-01,2026-06-01 13:35:29
6139,亞翔,777.0,791.0,792.0,765.0,59.31,67.03,64.31,34.47,33.32,1.15,834.1,740.4,646.7,2752,4493,0.61,1830.43,25.54,13.89,1.79,2026-06-01,2026-06-01 13:35:32
6140,訊達,20.65,20.0,20.65,19.9,40.78,25.3,47.29,-0.05,-0.01,-0.05,22.54,20.18,17.82,446,198,2.26,11.34,,,,2026-06-01,2026-06-01 13:35:33
6141,柏承,44.4,46.05,46.05,41.4,86.55,82.76,69.91,3.56,2.41,1.14,45.35,34.92,24.48,7274,6637,1.1,50.33,17.41,,,2026-06-01,2026-06-01 13:35:34
6142,友勁,8.52,8.39,8.79,8.27,58.67,44.74,50.0,-0.21,-0.28,0.07,9.05,8.32,7.59,1212,841,1.44,28.18,,,,2026-06-01,2026-06-01 13:35:35
6143,振曜,99.4,99.9,101.0,98.8,62.61,61.05,49.21,1.95,1.63,0.32,103.71,96.89,90.07,967,1473,0.66,85.54,15.46,6.0,6.04,2026-06-01,2026-06-01 13:35:37
6144,得利影,14.4,14.85,15.2,14.3,24.69,35.97,43.08,-0.31,-0.33,0.01,15.37,14.74,14.11,42,20,2.07,5.51,,,,2026-06-01,2026-06-01 13:35:38
6146,耕興,227.5,233.0,233.0,225.5,71.75,67.06,64.71,3.54,2.69,0.84,231.42,220.1,208.78,773,1213,0.64,231.75,21.18,12.0,5.27,2026-06-01,2026-06-01 13:35:40
6147,頎邦,285.5,313.0,313.5,284.0,85.82,87.04,76.09,37.44,31.62,5.82,297.13,220.68,144.22,88443,69456,1.27,2125.81,77.79,2.8,0.98,2026-06-01,2026-06-01 13:35:42
6148,驊宏資,31.65,29.25,31.65,29.25,63.42,48.04,59.86,-0.62,-0.89,0.27,32.41,29.64,26.86,648,304,2.13,14.75,23.27,1.23,3.89,2026-06-01,2026-06-01 13:35:43
6150,撼訊,69.1,70.5,71.9,68.6,48.99,43.96,54.81,2.23,2.55,-0.32,73.7,68.16,62.62,1196,920,1.3,33.41,26.89,0.6,0.87,2026-06-01,2026-06-01 13:35:44
6151,晉倫,45.6,44.2,45.7,43.55,39.4,51.13,57.79,2.55,2.75,-0.2,50.7,42.32,33.95,1185,1432,0.83,25.2,39.31,1.5,3.29,2026-06-01,2026-06-01 13:35:45
6152,百一,15.1,15.1,15.3,14.85,29.61,40.78,42.28,-0.12,-0.19,0.07,16.5,15.02,13.55,1798,1587,1.13,25.33,,,,2026-06-01,2026-06-01 13:35:47
6153,嘉聯益,18.5,18.1,18.9,17.95,43.83,48.94,50.34,0.11,0.13,-0.02,19.44,18.17,16.9,5474,4576,1.2,117.69,4.99,,,2026-06-01,2026-06-01 13:35:49
6154,順發,13.35,13.3,13.5,13.25,39.39,47.49,64.71,0.05,0.02,0.03,13.67,13.19,12.71,83,48,1.73,10.69,26.18,0.6,4.49,2026-06-01,2026-06-01 13:35:50
6155,鈞寶,69.0,63.0,69.0,63.0,78.19,73.46,75.9,4.33,3.1,1.23,67.77,55.46,43.16,20678,12546,1.65,60.74,94.52,1.0,1.45,2026-06-01,2026-06-01 13:35:51
6156,松上,19.15,18.5,19.3,18.3,41.44,39.64,44.9,-0.35,-0.35,0.0,20.81,19.19,17.56,734,692,1.06,20.66,43.52,1.0,5.22,2026-06-01,2026-06-01 13:35:52
6158,禾昌,18.25,17.95,18.6,17.9,45.41,39.55,57.58,-0.21,-0.23,0.02,18.88,18.15,17.42,152,89,1.69,10.02,165.91,1.01,5.53,2026-06-01,2026-06-01 13:35:53
6160,欣技,17.1,17.5,17.65,17.05,48.69,36.29,61.54,0.18,0.09,0.09,17.27,16.29,15.31,335,325,1.03,11.71,,,,2026-06-01,2026-06-01 13:35:55
6161,捷波,58.4,59.2,59.5,57.8,69.17,78.09,72.66,4.61,3.74,0.88,65.1,51.07,37.04,825,2385,0.35,32.84,21.63,3.0,5.14,2026-06-01,2026-06-01 13:35:56
6163,華電網,53.4,53.4,53.9,51.9,48.36,30.84,41.85,-2.32,-2.25,-0.07,62.47,54.71,46.95,5057,3993,1.27,78.65,75.21,0.45,0.84,2026-06-01,2026-06-01 13:35:58
6164,華興,12.65,12.2,12.7,12.0,52.01,45.96,56.36,0.0,-0.05,0.05,12.97,12.22,11.47,1427,735,1.94,10.12,180.71,0.5,3.95,2026-06-01,2026-06-01 13:35:59
6165,浪凡,48.25,48.6,48.9,48.2,28.34,28.0,41.15,-0.14,0.1,-0.24,52.55,49.45,46.35,741,591,1.25,35.51,13.44,0.59,1.22,2026-06-01,2026-06-01 13:36:00
6166,凌華,133.5,135.0,142.0,131.5,71.02,78.63,84.78,14.59,13.6,0.99,149.26,111.97,74.69,3692,3289,1.12,290.82,57.05,0.93,0.7,2026-06-01,2026-06-01 13:36:01
6167,久正,11.9,11.7,12.2,11.6,35.39,38.27,49.53,-0.26,-0.33,0.07,12.71,11.84,10.97,914,1197,0.76,15.64,,1.33,11.18,2026-06-01,2026-06-01 13:36:03
6168,宏齊,28.2,28.0,29.2,27.7,39.2,45.99,55.34,0.63,0.62,0.0,30.29,27.4,24.5,4129,5299,0.78,58.02,564.0,,,2026-06-01,2026-06-01 13:36:04
6169,昱泉,13.75,13.65,14.05,13.6,16.37,15.99,25.84,-0.71,-0.63,-0.09,17.24,15.04,12.85,30,35,0.86,3.22,,,,2026-06-01,2026-06-01 13:36:05
6170,統振,52.0,51.5,52.1,51.1,67.12,46.77,69.44,-0.05,-0.17,0.12,52.56,50.9,49.23,445,330,1.35,50.58,11.74,3.11,5.98,2026-06-01,2026-06-01 13:36:07
6171,大城地產,23.15,23.1,23.4,23.05,15.4,20.34,32.14,-0.59,-0.6,0.01,24.71,23.88,23.05,18,38,0.48,23.15,6.06,2.5,10.8,2026-06-01,2026-06-01 13:36:08
6173,信昌電,237.0,237.0,256.5,237.0,86.75,88.78,80.0,36.42,30.89,5.53,260.38,170.08,79.79,1410,1552,0.91,405.74,72.92,1.41,0.59,2026-06-01,2026-06-01 13:36:09
6174,安碁,45.35,47.05,47.5,45.0,63.95,70.24,64.42,4.09,4.17,-0.09,49.44,42.48,35.52,1749,4061,0.43,22.68,68.71,0.4,0.88,2026-06-01,2026-06-01 13:36:10
6175,立敦,99.8,104.5,110.0,99.6,78.58,85.53,81.66,10.67,8.51,2.16,108.78,80.61,52.45,8868,11868,0.75,149.82,37.38,1.75,1.75,2026-06-01,2026-06-01 13:36:12
6176,瑞儀,105.0,104.0,105.5,102.0,65.66,58.27,59.0,1.7,1.48,0.21,105.15,100.17,95.2,9763,7685,1.27,483.25,11.29,3.5,3.33,2026-06-01,2026-06-01 13:36:14
6177,達麗,43.6,42.45,43.7,42.1,27.77,17.89,27.04,-0.95,-0.74,-0.21,48.15,44.74,41.33,1548,2227,0.69,205.74,11.47,3.5,8.03,2026-06-01,2026-06-01 13:36:15
6179,亞通,23.8,24.0,24.6,23.65,19.63,31.56,45.89,-0.14,-0.07,-0.07,25.68,24.32,22.96,1605,1510,1.06,42.2,476.0,0.48,2.02,2026-06-01,2026-06-01 13:36:16
6180,橘子,42.0,41.8,42.1,40.9,82.13,75.49,62.9,-0.11,-0.56,0.44,41.25,39.4,37.56,1035,926,1.12,74.74,,6.0,14.29,2026-06-01,2026-06-01 13:36:17
6182,合晶,97.0,100.0,101.5,96.6,91.75,89.75,88.76,13.32,9.71,3.61,99.92,66.74,33.57,9753,54433,0.18,560.1,1077.78,,,2026-06-01,2026-06-01 13:36:19
6183,關貿,91.5,90.1,91.7,90.1,47.08,28.1,38.1,-0.51,-0.48,-0.02,92.73,91.75,90.78,56,68,0.82,137.25,23.52,3.2,3.5,2026-06-01,2026-06-01 13:36:20
6184,大豐電,45.95,46.05,46.05,45.8,41.53,36.6,37.5,-0.32,-0.33,0.01,47.03,46.29,45.56,113,75,1.5,69.94,20.15,3.0,6.53,2026-06-01,2026-06-01 13:36:21
6185,幃翔,13.95,13.8,13.95,13.7,35.49,38.98,48.28,-0.05,-0.04,-0.0,14.16,13.92,13.67,316,214,1.47,20.91,63.41,0.39,2.8,2026-06-01,2026-06-01 13:36:23
6186,新潤,39.4,39.6,39.6,38.9,39.93,45.7,54.2,-0.26,-0.29,0.03,40.68,39.62,38.57,719,747,0.96,76.79,5.07,1.52,3.86,2026-06-01,2026-06-01 13:36:24
6187,萬潤,1070.0,1090.0,1100.0,1040.0,36.98,43.24,38.46,12.34,25.41,-13.07,1291.5,1153.5,1015.5,4471,4173,1.07,1033.91,69.75,10.19,0.95,2026-06-01,2026-06-01 13:36:25
6188,廣明,87.4,85.3,88.2,85.2,59.6,50.97,53.52,-0.38,-0.78,0.4,88.72,84.68,80.64,4973,3080,1.61,243.29,24.28,5.2,5.95,2026-06-01,2026-06-01 13:36:26
6189,豐藝,49.9,50.3,50.9,49.6,48.39,60.37,61.63,0.83,0.87,-0.04,52.45,49.48,46.5,1162,1238,0.94,131.63,18.48,,,2026-06-01,2026-06-01 13:36:29
6190,萬泰科,91.6,92.0,99.6,90.0,72.87,68.13,72.0,5.12,4.4,0.73,89.59,79.99,70.39,16985,13899,1.22,166.22,42.02,1.9,2.07,2026-06-01,2026-06-01 13:36:31
6191,精成科,96.2,97.6,98.0,96.2,55.15,59.77,57.32,-0.79,-1.23,0.44,101.29,95.58,89.87,5549,9590,0.58,480.33,14.71,3.01,3.13,2026-06-01,2026-06-01 13:36:33
6192,巨路,129.0,128.5,130.0,128.0,51.65,53.74,45.59,2.66,3.02,-0.36,135.07,127.6,120.13,413,447,0.92,124.04,12.96,5.8,4.5,2026-06-01,2026-06-01 13:36:34
6194,育富,34.15,34.75,34.9,33.55,60.39,60.07,65.69,0.53,0.33,0.2,35.4,33.1,30.79,231,141,1.63,16.39,15.59,2.1,6.15,2026-06-01,2026-06-01 13:36:35
6195,詩肯,26.15,26.2,26.45,26.0,53.18,52.12,51.95,0.42,0.43,-0.01,28.32,25.63,22.95,55,33,1.65,13.13,26.68,1.5,5.74,2026-06-01,2026-06-01 13:36:36
6196,帆宣,513.0,518.0,518.0,505.0,82.46,77.01,74.54,37.72,31.15,6.57,529.45,438.93,348.4,1674,3330,0.5,1130.29,34.97,5.9,1.15,2026-06-01,2026-06-01 13:36:37
6197,佳必琪,309.0,300.5,318.0,297.0,88.96,81.72,83.78,25.3,19.17,6.13,305.94,246.9,187.86,7207,7002,1.03,377.25,37.27,7.0,2.27,2026-06-01,2026-06-01 13:36:38
6198,瑞築,20.4,20.3,20.8,20.2,16.82,20.9,30.26,-0.29,-0.15,-0.14,22.64,21.67,20.7,18,31,0.57,34.97,,,,2026-06-01,2026-06-01 13:36:39
6199,天品,89.9,91.0,92.0,89.9,7.31,18.39,35.57,-2.21,-1.37,-0.84,105.43,97.41,89.38,318,488,0.65,55.52,290.0,,,2026-06-01,2026-06-01 13:36:41
6201,亞弘電,48.5,48.6,48.6,48.05,38.31,32.81,41.83,-0.59,-0.73,0.14,51.41,48.68,45.95,65,63,1.02,43.26,13.14,4.0,8.25,2026-06-01,2026-06-01 13:36:42
6202,盛群,58.1,58.8,59.6,57.5,56.19,61.0,49.74,1.27,1.15,0.13,62.93,57.36,51.78,2776,4602,0.6,133.64,76.45,,,2026-06-01,2026-06-01 13:36:43
6203,海韻電,72.0,71.3,72.3,70.9,62.29,57.76,50.79,0.98,1.02,-0.04,75.73,71.14,66.54,377,291,1.29,59.33,13.11,3.5,4.86,2026-06-01,2026-06-01 13:36:45
6204,艾華,102.0,101.5,102.0,99.9,81.29,75.15,77.9,6.7,5.57,1.14,99.3,83.61,67.93,1257,952,1.32,23.56,86.44,0.3,0.29,2026-06-01,2026-06-01 13:36:46
6205,詮欣,81.2,78.0,81.5,77.7,47.57,46.58,44.28,1.0,1.86,-0.87,95.73,82.38,69.04,1377,1873,0.74,65.56,43.89,1.5,1.85,2026-06-01,2026-06-01 13:36:47
6206,飛捷,141.5,136.5,145.5,136.5,68.43,68.62,52.11,7.71,7.9,-0.19,152.34,132.0,111.66,3169,2596,1.22,202.43,20.66,6.0,4.24,2026-06-01,2026-06-01 13:36:48
6207,雷科,122.5,114.0,122.5,114.0,90.88,87.66,86.73,13.67,10.22,3.44,120.59,85.0,49.42,8492,18456,0.46,97.71,136.11,1.5,1.22,2026-06-01,2026-06-01 13:36:50
6208,日揚,92.8,96.1,96.4,92.7,23.66,36.26,54.49,5.7,7.2,-1.51,111.39,91.84,72.28,1146,1340,0.86,87.66,37.12,2.0,2.16,2026-06-01,2026-06-01 13:36:51
6209,今國光,84.5,83.9,86.4,83.4,62.6,67.31,71.26,5.62,5.07,0.55,91.22,74.57,57.93,16639,13636,1.22,148.22,93.89,0.5,0.59,2026-06-01,2026-06-01 13:36:53
6210,慶生,20.75,20.4,21.0,20.35,32.43,37.77,51.76,0.15,0.21,-0.06,22.04,20.97,19.9,32,33,0.97,7.27,,,,2026-06-01,2026-06-01 13:36:54
6212,理銘,27.6,28.4,28.4,27.4,43.57,36.67,21.43,-0.33,-0.35,0.02,29.68,28.1,26.53,6,9,0.65,28.15,6.97,3.5,12.68,2026-06-01,2026-06-01 13:36:55
6213,聯茂,295.0,283.0,295.0,282.0,70.36,57.46,53.43,8.35,8.73,-0.38,309.09,270.48,231.86,31052,24620,1.26,1072.23,72.3,3.0,1.02,2026-06-01,2026-06-01 13:36:56
6214,精誠,144.0,137.5,144.0,137.5,83.04,73.63,87.04,3.78,2.66,1.12,136.77,126.9,117.03,4016,2023,1.99,392.03,18.25,5.2,3.61,2026-06-01,2026-06-01 13:36:57
6215,和椿,129.0,129.0,133.0,127.5,53.08,59.93,52.73,5.24,5.54,-0.31,138.43,124.0,109.57,3958,3888,1.02,106.8,62.32,1.5,1.16,2026-06-01,2026-06-01 13:36:58
6216,居易,23.0,22.4,23.1,22.2,41.3,34.92,48.65,-0.53,-0.64,0.11,24.01,22.79,21.57,535,414,1.29,22.31,38.98,2.53,11.0,2026-06-01,2026-06-01 13:36:59
6217,中探針,305.0,300.0,305.0,295.5,75.91,57.66,48.86,9.47,11.42,-1.95,333.48,285.52,237.57,1428,1228,1.16,347.75,76.63,,,2026-06-01,2026-06-01 13:37:00
6218,豪勉,38.35,39.05,39.5,38.3,23.42,33.48,44.07,1.16,1.69,-0.53,43.67,39.83,35.99,1341,3117,0.43,24.64,,,,2026-06-01,2026-06-01 13:37:02
6219,富旺,12.1,12.15,12.55,12.05,49.87,43.8,43.75,-0.4,-0.46,0.05,13.08,12.28,11.49,614,443,1.38,15.12,2.34,0.67,5.54,2026-06-01,2026-06-01 13:37:04
6220,岳豐,33.65,33.9,33.9,32.9,72.36,69.39,70.22,0.46,-0.06,0.52,34.07,31.04,28.01,894,1189,0.75,49.28,41.54,0.7,2.08,2026-06-01,2026-06-01 13:37:05
6221,晉泰,23.85,23.15,24.45,23.15,61.02,52.99,45.68,-0.73,-0.86,0.13,25.95,23.74,21.53,598,261,2.29,40.21,10.19,1.2,5.03,2026-06-01,2026-06-01 13:37:07
6222,立軒,20.65,21.0,21.0,20.6,32.72,30.06,29.07,-0.16,-0.04,-0.12,23.21,21.5,19.79,15,30,0.49,19.76,,,,2026-06-01,2026-06-01 13:37:09
6223,旺矽,5680.0,6015.0,6015.0,5645.0,37.62,50.3,52.88,327.94,380.85,-52.91,6655.41,5699.5,4743.59,1396,2192,0.64,5565.34,170.16,16.01,0.28,2026-06-01,2026-06-01 13:37:10
6224,聚鼎,88.1,93.7,93.7,88.1,72.05,68.19,60.91,7.01,6.77,0.24,94.05,81.1,68.16,3309,3808,0.87,74.57,133.48,1.25,1.42,2026-06-01,2026-06-01 13:37:11
6225,天瀚,24.45,25.2,25.7,24.45,10.19,15.51,45.66,0.85,1.51,-0.66,32.99,26.58,20.17,15,30,0.49,6.8,,,,2026-06-01,2026-06-01 13:37:13
6226,光鼎,13.55,13.05,13.85,13.05,63.37,61.95,59.43,0.21,0.11,0.1,13.87,12.65,11.44,2773,2306,1.2,15.65,,,,2026-06-01,2026-06-01 13:37:14
6227,茂綸,132.0,136.5,136.5,130.0,68.4,71.32,71.64,9.5,8.26,1.24,141.34,115.82,90.29,1895,2818,0.67,100.47,17.79,3.8,2.88,2026-06-01,2026-06-01 13:37:16
6228,全譜,20.95,20.65,21.0,20.55,21.68,28.0,45.95,-0.74,-0.67,-0.07,23.83,21.91,19.99,32,21,1.47,5.45,,,,2026-06-01,2026-06-01 13:37:17
6229,研通,27.1,26.65,27.45,26.65,44.36,38.79,30.41,0.37,0.63,-0.26,30.66,27.67,24.67,316,317,1.0,10.94,542.0,1.0,3.69,2026-06-01,2026-06-01 13:37:18
6230,尼得科超眾,141.5,140.5,144.5,137.5,56.65,47.37,42.2,-4.38,-4.76,0.38,161.95,142.05,122.15,186,141,1.32,122.18,22.11,0.22,0.16,2026-06-01,2026-06-01 13:37:20
6231,系微,312.5,292.0,312.5,292.0,63.54,50.46,50.46,1.66,2.36,-0.7,329.45,298.95,268.45,2165,1057,2.05,142.66,47.35,5.7,1.82,2026-06-01,2026-06-01 13:37:21
6233,旺玖,25.65,26.3,26.35,25.35,32.96,39.12,44.52,-0.38,-0.31,-0.06,28.03,26.05,24.07,533,458,1.16,20.27,,0.36,1.4,2026-06-01,2026-06-01 13:37:22
6234,高僑,49.3,49.8,51.4,49.0,44.96,46.17,40.16,1.89,2.9,-1.01,62.77,53.13,43.49,2138,5482,0.39,49.49,986.0,0.45,0.91,2026-06-01,2026-06-01 13:37:23
6235,華孚,47.2,44.5,47.65,43.3,75.56,58.76,64.8,-0.18,-0.98,0.8,46.01,42.08,38.15,4213,3489,1.21,94.36,16.33,1.2,2.54,2026-06-01,2026-06-01 13:37:24
6236,中湛,20.0,20.0,20.0,20.0,99.99,99.56,100.0,0.09,-0.07,0.16,20.31,19.38,18.45,0,0,,8.33,250.0,,,2026-05-29,2026-06-01 13:37:26
6237,驊訊,49.9,50.8,51.4,49.6,43.5,56.39,63.84,3.14,3.18,-0.05,57.41,47.5,37.6,1271,1785,0.71,39.74,,0.25,0.5,2026-06-01,2026-06-01 13:37:27
6239,力成,366.0,382.0,386.0,366.0,90.15,88.51,81.63,37.73,24.52,13.21,382.44,271.18,159.91,14324,48768,0.29,2704.0,49.0,7.0,1.91,2026-06-01,2026-06-01 13:37:28
6240,松崗,18.3,17.95,18.3,17.2,56.78,52.89,54.0,-0.15,-0.19,0.04,18.74,18.06,17.38,79,298,0.27,4.18,,,,2026-06-01,2026-06-01 13:37:30
6241,鑫永洋,10.2,9.91,10.3,9.91,21.01,28.42,69.29,-0.05,-0.07,0.02,11.37,10.05,8.73,135,185,0.73,4.97,,,,2026-06-01,2026-06-01 13:37:32
6242,立康,37.9,38.15,38.15,37.2,57.98,58.85,53.45,0.03,-0.02,0.05,38.46,37.81,37.16,15,19,0.78,12.05,14.47,2.0,5.28,2026-06-01,2026-06-01 13:37:34
6243,迅杰,33.85,33.7,34.7,33.3,29.48,40.58,47.88,0.34,0.53,-0.19,36.14,34.41,32.68,463,360,1.28,15.32,,1.2,3.55,2026-06-01,2026-06-01 13:37:35
6244,茂迪,30.6,30.6,31.7,30.0,59.55,55.48,56.67,0.48,0.3,0.18,31.18,29.16,27.15,12202,11423,1.07,118.43,218.57,0.36,1.18,2026-06-01,2026-06-01 13:37:37
6245,立端,89.8,88.2,91.0,87.2,61.25,64.01,65.62,2.9,2.74,0.17,91.68,84.56,77.44,1612,1866,0.86,131.65,20.79,4.0,4.45,2026-06-01,2026-06-01 13:37:38
6246,臺龍,15.35,14.95,15.4,14.95,43.61,45.29,41.24,-0.19,-0.15,-0.04,17.74,15.92,14.1,86,65,1.33,5.81,13.46,,,2026-06-01,2026-06-01 13:37:40
6248,沛波,18.55,18.45,18.65,18.4,32.02,32.19,42.59,-0.33,-0.36,0.04,19.73,18.77,17.81,226,134,1.68,17.83,12.2,1.8,9.7,2026-06-01,2026-06-01 13:37:41
6257,矽格,219.5,230.0,230.0,218.0,57.4,64.96,56.74,12.1,13.08,-0.99,237.89,216.95,196.01,13294,12994,1.02,1050.92,36.16,4.2,1.91,2026-06-01,2026-06-01 13:37:42
6259,百徽,26.55,27.0,27.95,26.35,69.25,65.62,59.64,1.55,1.38,0.16,28.71,24.34,19.96,849,877,0.97,7.42,38.48,0.1,0.38,2026-06-01,2026-06-01 13:37:43
6261,久元,118.5,123.0,123.0,118.0,49.74,50.34,47.67,6.42,7.66,-1.24,129.16,119.25,109.34,4710,5203,0.91,152.27,28.28,4.0,3.38,2026-06-01,2026-06-01 13:37:45
6263,普萊德,175.5,182.0,182.0,173.0,57.41,64.27,41.67,9.84,10.93,-1.09,203.17,170.97,138.78,496,339,1.46,109.69,21.25,7.9,4.5,2026-06-01,2026-06-01 13:37:46
6264,富裔,6.06,6.05,6.09,5.95,42.19,42.76,37.74,-0.04,-0.05,0.01,6.2,6.1,5.99,92,88,1.04,8.26,,,,2026-06-01,2026-06-01 13:37:47
6265,方土昶,56.0,56.0,57.9,54.9,82.54,77.65,69.6,3.64,2.6,1.04,57.19,47.34,37.49,13206,15364,0.86,66.18,82.35,,,2026-06-01,2026-06-01 13:37:49
6266,泰詠,28.1,28.0,28.2,27.8,71.0,67.45,60.49,-0.0,-0.18,0.18,28.56,27.34,26.13,423,471,0.9,43.24,14.12,1.78,6.33,2026-06-01,2026-06-01 13:37:50
6269,台郡,69.1,69.1,69.1,69.1,76.37,66.08,70.18,0.44,-0.39,0.83,70.2,61.49,52.78,3698,3312,1.12,221.49,283.66,,,2026-06-01,2026-06-01 13:37:51
6270,倍微,28.15,27.95,29.0,27.55,69.1,62.87,59.65,0.29,0.2,0.09,28.3,26.94,25.59,1162,627,1.85,20.31,26.31,1.0,3.55,2026-06-01,2026-06-01 13:37:52
6271,同欣電,247.5,252.0,252.0,245.0,79.73,82.46,76.99,20.16,14.87,5.28,269.07,205.65,142.23,2599,10495,0.25,517.42,32.52,3.0,1.21,2026-06-01,2026-06-01 13:37:54
6272,驊陞,34.95,34.4,36.0,34.4,76.88,73.56,78.88,0.53,0.13,0.41,35.08,32.36,29.63,620,412,1.51,28.58,10.25,0.8,2.29,2026-06-01,2026-06-01 13:37:56
6274,台燿,1705.0,1690.0,1815.0,1650.0,79.59,74.2,63.21,167.26,152.8,14.46,1744.35,1433.75,1123.15,8976,8743,1.03,4922.33,123.02,7.51,0.44,2026-06-01,2026-06-01 13:37:57
6275,元山,53.3,50.0,54.1,49.75,72.34,56.75,63.2,-0.37,-0.75,0.38,54.41,49.31,44.2,4038,1265,3.19,42.77,19.31,2.26,4.24,2026-06-01,2026-06-01 13:37:59
6276,安鈦克,28.3,27.5,29.4,27.5,28.06,21.49,42.04,-1.01,-0.99,-0.02,31.39,28.93,26.47,66,74,0.89,6.24,31.1,,,2026-06-01,2026-06-01 13:38:01
6277,宏正,81.0,77.9,82.3,77.1,81.3,77.77,78.98,2.32,1.76,0.56,79.56,73.65,67.73,869,653,1.33,96.77,26.64,4.8,5.93,2026-06-01,2026-06-01 13:38:02
6278,台表科,219.0,221.5,225.5,212.5,46.57,58.13,51.52,19.25,22.41,-3.16,255.6,214.82,174.05,12261,15964,0.77,632.88,23.47,5.5,2.51,2026-06-01,2026-06-01 13:38:04
6279,胡連,119.0,122.5,122.5,119.0,53.01,55.37,50.0,2.36,2.27,0.09,125.66,118.22,110.79,1101,1473,0.75,141.63,11.64,6.0,5.04,2026-06-01,2026-06-01 13:38:05
6281,全國電,50.9,50.7,51.4,50.1,47.87,39.72,49.02,-0.39,-0.58,0.19,51.92,50.59,49.25,201,177,1.13,50.48,13.87,3.3,6.48,2026-06-01,2026-06-01 13:38:07
6282,康舒,65.8,61.2,65.8,61.1,79.01,72.56,64.67,3.34,2.36,0.98,65.05,54.79,44.53,102938,76078,1.35,563.27,438.67,0.5,0.76,2026-06-01,2026-06-01 13:38:09
6283,淳安,25.1,24.0,25.65,23.9,40.82,30.43,51.8,0.4,0.56,-0.17,26.64,24.7,22.75,611,408,1.5,36.86,69.72,,,2026-06-01,2026-06-01 13:38:10
6284,佳邦,116.0,120.0,130.5,115.0,78.62,82.82,77.24,9.69,6.43,3.27,126.84,94.74,62.65,9052,10338,0.88,170.72,27.68,2.7,2.33,2026-06-01,2026-06-01 13:38:11
6285,啟碁,314.0,321.0,321.0,308.5,68.6,70.92,62.6,22.35,20.26,2.09,331.51,279.38,227.24,16988,24647,0.69,1518.7,50.0,4.8,1.53,2026-06-01,2026-06-01 13:38:12
6290,良維,367.0,360.5,375.0,358.0,85.96,80.09,79.81,22.73,15.04,7.69,355.58,292.43,229.27,8469,11244,0.75,621.98,44.06,5.0,1.36,2026-06-01,2026-06-01 13:38:15
6291,沛亨,648.0,662.0,666.0,647.0,80.13,78.11,65.55,58.02,42.39,15.63,676.63,524.88,373.12,677,3067,0.22,336.96,98.33,6.0,0.93,2026-06-01,2026-06-01 13:38:16
6292,迅德,67.8,69.9,70.3,66.6,79.42,76.17,69.71,4.83,3.31,1.52,69.12,55.99,42.86,1572,2037,0.77,31.6,34.07,4.0,5.9,2026-06-01,2026-06-01 13:38:17
6294,智基,27.65,27.45,27.9,27.15,35.38,33.94,26.5,-1.96,-2.18,0.22,33.16,29.01,24.86,66,31,2.14,7.2,10.02,3.0,10.85,2026-06-01,2026-06-01 13:38:19
6405,悅城,79.7,86.0,86.0,77.9,74.84,71.16,74.38,8.88,7.28,1.6,82.95,63.95,44.94,682,4848,0.14,52.44,,0.1,0.13,2026-06-01,2026-06-01 13:38:20
6407,相互,32.85,34.2,34.35,32.45,46.17,52.78,43.94,-0.82,-0.64,-0.18,41.73,34.87,28.01,1495,1768,0.85,24.68,21.61,1.0,3.04,2026-06-01,2026-06-01 13:38:21
6409,旭隼,713.0,713.0,718.0,697.0,57.84,44.06,38.77,-18.01,-19.42,1.41,818.33,727.2,636.07,980,1087,0.9,625.32,17.8,43.0,6.03,2026-06-01,2026-06-01 13:38:23
6411,晶焱,106.5,112.0,114.5,105.0,79.97,81.46,76.19,7.21,4.89,2.32,111.35,90.35,69.35,5149,6421,0.8,104.09,34.13,3.18,2.99,2026-06-01,2026-06-01 13:38:24
6412,群電,106.0,104.5,112.0,103.5,71.24,71.69,62.94,5.24,4.54,0.7,107.34,95.08,82.82,7784,3717,2.09,424.82,20.58,3.7,3.49,2026-06-01,2026-06-01 13:38:25
6414,樺漢,375.5,364.0,379.5,362.0,83.43,76.91,54.67,12.88,12.01,0.87,377.91,349.02,320.14,2629,1679,1.57,544.65,18.8,14.0,3.73,2026-06-01,2026-06-01 13:38:26
6415,矽力*-KY,606.0,600.0,636.0,593.0,70.18,77.54,65.74,63.81,58.96,4.85,678.86,522.7,366.54,5647,8762,0.64,2353.42,96.19,2.55,0.42,2026-06-01,2026-06-01 13:38:27
6416,瑞祺電通,91.5,89.9,92.3,89.5,50.39,56.16,67.43,2.23,2.21,0.01,94.14,88.15,82.15,441,445,0.99,67.11,21.33,2.9,3.17,2026-06-01,2026-06-01 13:38:28
6417,韋僑,141.0,142.5,142.5,136.0,69.63,68.37,44.86,6.54,6.05,0.49,153.98,134.47,114.97,139,273,0.51,59.61,29.25,2.2,1.56,2026-06-01,2026-06-01 13:38:30
6418,詠昇,29.9,29.55,31.5,29.55,20.01,23.16,38.89,-0.5,-0.35,-0.16,33.42,30.95,28.48,203,166,1.22,10.32,40.96,0.38,1.27,2026-06-01,2026-06-01 13:38:32
6419,京晨科,142.0,139.0,144.5,138.5,13.36,18.66,46.89,3.42,7.55,-4.13,183.3,152.07,120.85,389,658,0.59,18.69,14.84,2.7,1.9,2026-06-01,2026-06-01 13:38:34
6423,億而得,94.9,96.4,96.4,93.2,14.42,15.7,20.81,-2.05,-0.31,-1.75,123.54,105.36,87.18,149,175,0.85,28.73,163.62,1.0,1.05,2026-06-01,2026-06-01 13:38:35
6425,易發,93.0,95.1,98.3,92.3,46.94,57.82,54.57,4.14,4.09,0.05,101.69,89.7,77.7,3355,5615,0.6,47.17,,1.0,1.08,2026-06-01,2026-06-01 13:38:36
6426,統新,267.0,270.0,281.0,266.5,58.11,59.49,50.48,13.73,15.89,-2.17,290.51,262.15,233.79,1414,2065,0.68,102.82,,0.5,0.19,2026-06-01,2026-06-01 13:38:37
6428,淘米,13.65,13.6,13.65,13.6,34.47,40.31,49.37,0.18,0.22,-0.05,14.23,13.78,13.33,10,2,4.89,2.41,15.51,,,2026-05-29,2026-06-01 13:38:39
6431,光麗-KY,18.85,18.65,19.55,18.55,18.19,29.49,26.67,-0.5,-0.31,-0.19,22.36,20.35,18.34,217,156,1.39,18.36,,,,2026-06-01,2026-06-01 13:38:40
6432,今展科,68.1,71.1,73.0,68.1,87.5,88.17,80.59,7.15,5.5,1.64,71.74,53.75,35.76,3270,5118,0.64,23.4,141.88,1.4,2.06,2026-06-01,2026-06-01 13:38:41
6434,達輝光電,17.2,17.0,17.85,15.85,31.47,41.89,32.02,-0.55,0.35,-0.9,28.21,21.54,14.87,2271,1648,1.38,79.74,,,,2026-06-01,2026-06-01 13:38:42
6435,大中,289.0,290.0,292.0,278.0,76.47,72.1,64.73,24.46,20.37,4.09,297.32,243.8,190.28,920,1649,0.56,108.26,31.11,4.3,1.49,2026-06-01,2026-06-01 13:38:44
6438,迅得,172.5,176.0,176.5,171.0,69.28,66.98,51.32,0.14,-0.61,0.75,181.28,170.5,159.72,1373,1551,0.89,141.81,33.05,5.83,3.38,2026-06-01,2026-06-01 13:38:45
6441,廣錠,24.3,24.5,24.6,24.2,31.97,34.27,37.99,0.05,0.33,-0.28,28.78,25.59,22.41,193,499,0.39,12.96,,,,2026-06-01,2026-06-01 13:38:47
6442,光聖,1885.0,1855.0,1930.0,1835.0,37.72,45.4,49.29,-20.89,-28.38,7.49,2199.41,1920.5,1641.59,1934,4265,0.45,1467.91,82.39,8.62,0.46,2026-06-01,2026-06-01 13:38:48
6443,元晶,42.1,40.85,43.2,40.2,42.13,43.97,51.87,0.5,0.29,0.21,43.54,40.44,37.34,25920,23522,1.1,215.89,19.4,,,2026-06-01,2026-06-01 13:38:49
6446,藥華藥,962.0,958.0,978.0,930.0,84.79,79.97,85.15,64.61,50.11,14.5,968.38,792.0,615.62,3925,3716,1.06,3575.08,70.84,1.5,0.16,2026-06-01,2026-06-01 13:38:50
6449,鈺邦,411.0,403.5,434.5,403.5,89.54,90.58,90.02,56.15,41.43,14.72,429.77,270.6,111.43,611,549,1.11,373.54,56.53,3.48,0.85,2026-06-01,2026-06-01 13:38:51
6451,訊芯-KY,627.0,573.0,627.0,573.0,70.84,68.17,67.67,46.22,40.89,5.34,640.91,525.5,410.09,5767,6316,0.91,665.71,2162.07,0.22,0.04,2026-06-01,2026-06-01 13:38:52
6456,GIS-KY,83.9,78.4,84.1,78.0,71.23,65.39,64.72,2.59,1.69,0.9,83.88,72.08,60.29,36072,29308,1.23,277.05,30.18,,,2026-06-01,2026-06-01 13:38:53
6461,益得,15.3,15.3,15.45,15.2,9.36,14.83,24.07,-0.71,-0.68,-0.03,17.61,16.28,14.95,223,242,0.92,27.29,,,,2026-06-01,2026-06-01 13:38:56
6462,神盾,123.0,126.0,126.5,121.0,19.38,36.83,44.29,2.64,4.99,-2.35,149.38,133.2,117.02,2296,4579,0.5,112.24,22.95,,,2026-06-01,2026-06-01 13:38:57
6464,台數科,78.0,77.4,78.2,77.4,83.31,87.08,80.0,0.41,0.36,0.05,78.88,77.31,75.74,39,61,0.64,100.45,18.62,3.22,4.13,2026-06-01,2026-06-01 13:38:59
6465,威潤,48.45,47.75,50.2,47.7,41.59,54.19,60.05,0.93,1.07,-0.15,53.36,48.27,43.18,238,356,0.67,22.81,56.34,0.2,0.41,2026-06-01,2026-06-01 13:39:00
6467,泰合,123.5,127.5,128.5,122.5,25.03,23.65,42.74,-0.17,1.65,-1.83,148.61,131.85,115.09,183,205,0.89,64.68,,,,2026-06-01,2026-06-01 13:39:01
6469,大樹,71.5,71.5,71.9,70.4,56.89,42.85,47.06,-2.06,-2.3,0.24,78.07,72.49,66.91,676,576,1.17,107.21,18.38,2.92,4.08,2026-06-01,2026-06-01 13:39:02
6470,宇智,48.95,48.3,49.1,48.3,77.71,69.94,68.8,0.12,-0.1,0.22,49.01,47.61,46.21,89,110,0.81,18.45,12.81,2.5,5.11,2026-06-01,2026-06-01 13:39:04
6472,保瑞,356.5,348.0,359.5,342.0,28.07,30.62,36.99,-18.49,-16.62,-1.88,431.98,379.77,327.57,1044,1229,0.85,454.11,10.62,11.67,3.27,2026-06-01,2026-06-01 13:39:05
6473,美賣*,8.03,8.83,8.83,7.74,37.46,39.6,26.68,-0.19,-0.1,-0.09,10.01,8.99,7.97,2179,682,3.19,3.21,,,,2026-06-01,2026-06-01 13:39:07
6474,華豫寧,37.85,37.65,38.2,37.65,28.25,32.37,36.0,0.1,0.26,-0.15,40.18,38.52,36.85,68,87,0.78,19.88,11.0,2.5,6.61,2026-06-01,2026-06-01 13:39:08
6477,安集,34.25,33.95,35.0,33.75,36.04,40.15,47.06,-0.13,-0.13,0.0,35.96,34.3,32.63,656,638,1.03,42.4,1712.5,0.3,0.88,2026-06-01,2026-06-01 13:39:09
6482,弘煜科,28.6,28.1,28.6,28.1,20.92,23.68,50.83,-0.53,-0.56,0.03,30.3,29.08,27.86,22,20,1.12,8.19,12.38,1.0,3.5,2026-06-01,2026-06-01 13:39:10
6483,原創生醫,13.65,13.45,13.65,13.35,66.2,43.23,44.93,-0.5,-0.58,0.09,14.98,13.59,12.2,70,80,0.88,9.06,,,,2026-06-01,2026-06-01 13:39:13
6485,點序,115.5,105.5,115.5,105.5,46.57,51.24,68.66,6.97,6.26,0.71,123.1,99.24,75.39,3050,3595,0.85,52.26,162.68,0.5,0.43,2026-06-01,2026-06-01 13:39:14
6486,互動,82.5,81.6,82.7,81.1,62.88,47.44,49.3,-0.98,-1.11,0.12,84.87,82.36,79.85,102,128,0.8,41.99,14.42,5.87,7.12,2026-06-01,2026-06-01 13:39:16
6488,環球晶,950.0,1015.0,1040.0,936.0,82.05,75.29,62.3,90.01,70.21,19.8,998.02,787.25,576.48,4417,12320,0.36,4542.08,62.38,7.7,0.81,2026-06-01,2026-06-01 13:39:18
6491,晶碩,322.5,323.5,323.5,315.5,84.02,83.72,78.69,9.74,7.11,2.64,332.47,300.3,268.13,364,683,0.53,247.68,15.65,10.0,3.1,2026-06-01,2026-06-01 13:39:19
6492,生華科,45.15,44.05,45.15,43.0,35.04,24.32,26.0,-1.73,-1.61,-0.12,52.57,47.33,42.1,337,273,1.24,40.36,,,,2026-06-01,2026-06-01 13:39:20
6493,雷虎生,28.55,28.7,29.2,27.95,29.23,20.78,32.58,-0.02,0.29,-0.31,31.71,29.52,27.33,81,68,1.2,8.58,,0.2,0.7,2026-06-01,2026-06-01 13:39:21
6494,九齊,57.2,59.3,60.5,57.2,66.06,66.96,52.68,1.58,1.43,0.15,60.48,55.86,51.25,291,474,0.62,18.05,,2.36,4.13,2026-06-01,2026-06-01 13:39:23
6496,科懋,24.1,22.8,24.5,22.5,23.19,19.02,49.0,-0.53,-0.54,0.01,25.05,24.03,23.01,79,25,3.11,11.23,,,,2026-06-01,2026-06-01 13:39:24
6498,久禾光,105.5,105.0,107.0,103.5,31.61,34.37,62.44,3.0,3.44,-0.44,113.0,102.7,92.4,247,239,1.03,49.76,16.54,4.5,4.27,2026-06-01,2026-06-01 13:39:26
6499,益安,83.3,85.0,85.6,83.3,20.5,39.25,53.57,0.1,0.44,-0.34,95.62,86.41,77.2,385,516,0.75,80.76,28.24,,,2026-06-01,2026-06-01 13:39:27
6504,南六,36.5,36.65,36.65,36.2,6.94,6.27,7.35,-0.84,-0.63,-0.2,40.82,38.6,36.38,79,114,0.7,26.5,13.04,1.0,2.74,2026-06-01,2026-06-01 13:39:29
6505,台塑化,53.3,51.6,53.8,50.7,54.93,34.22,51.16,-0.75,-0.91,0.16,55.31,51.94,48.56,11485,9302,1.23,5077.34,51.25,1.2,2.25,2026-06-01,2026-06-01 13:39:31
6506,雙邦,19.45,19.0,19.6,18.85,51.24,49.31,64.56,0.46,0.51,-0.05,20.26,18.78,17.29,436,242,1.8,16.02,18.88,0.8,4.11,2026-06-01,2026-06-01 13:39:32
6508,惠光,23.15,23.35,23.35,23.15,24.14,30.95,38.03,-0.64,-0.65,0.01,25.16,23.95,22.74,140,91,1.53,20.03,85.74,1.0,4.32,2026-06-01,2026-06-01 13:39:33
6509,聚和,51.5,50.8,52.7,50.2,74.14,76.42,69.8,2.04,1.71,0.34,54.56,47.19,39.82,3610,3372,1.07,101.22,18.86,1.32,2.56,2026-06-01,2026-06-01 13:39:34
6510,精測,3290.0,3150.0,3320.0,3060.0,21.43,16.15,35.75,-111.58,-63.78,-47.8,4080.3,3558.75,3037.2,658,764,0.86,1078.76,108.01,7.8,0.24,2026-06-01,2026-06-01 13:39:36
6512,啟發電,19.05,19.2,19.2,19.0,33.43,44.42,45.95,-0.05,-0.06,0.02,19.61,19.21,18.82,18,9,1.92,4.81,,,,2026-06-01,2026-06-01 13:39:37
6515,穎崴,8705.0,8820.0,8895.0,8575.0,16.22,20.59,40.6,-107.89,63.52,-171.42,10705.36,9548.5,8391.64,307,456,0.67,3137.11,186.04,25.0,0.29,2026-06-01,2026-06-01 13:39:38
6516,勤崴國際,58.1,56.6,58.9,56.6,49.84,35.27,51.72,-1.06,-1.25,0.18,60.44,57.24,54.04,159,135,1.18,32.44,38.48,2.34,4.03,2026-06-01,2026-06-01 13:39:39
6517,保勝光學,60.5,59.6,61.4,58.0,37.32,42.95,62.65,0.35,0.43,-0.08,63.16,59.41,55.66,294,261,1.13,18.5,37.35,1.5,2.48,2026-06-01,2026-06-01 13:39:41
6518,康科特,30.7,30.7,30.8,29.7,46.3,31.45,46.06,-0.31,-0.1,-0.21,33.81,31.38,28.96,44,26,1.64,,15.27,1.5,4.89,2026-06-01,2026-06-01 13:39:42
6523,達爾膚,97.7,98.2,98.2,97.2,22.55,32.37,42.11,-1.73,-2.09,0.36,100.28,98.93,97.58,70,38,1.82,44.01,12.61,8.0,8.19,2026-06-01,2026-06-01 13:39:44
6525,捷敏-KY,120.5,124.0,124.5,119.0,56.86,68.85,59.56,7.96,7.7,0.26,131.7,114.08,96.45,1401,2912,0.48,155.5,20.74,5.0,4.15,2026-06-01,2026-06-01 13:39:45
6526,達發,673.0,667.0,682.0,661.0,31.23,38.58,39.93,24.78,35.31,-10.52,773.13,692.35,611.57,748,1261,0.59,1127.31,38.83,12.5,1.86,2026-06-01,2026-06-01 13:39:46
6527,明達醫,70.0,70.0,70.3,69.5,46.15,49.17,50.0,-0.1,-0.15,0.05,71.52,70.1,68.69,49,39,1.26,17.74,12.28,2.25,3.21,2026-06-01,2026-06-01 13:39:47
6530,創威,107.0,106.0,110.0,106.0,39.38,41.38,36.19,0.32,1.25,-0.93,122.84,111.0,99.16,991,1433,0.69,36.11,55.44,1.55,1.45,2026-06-01,2026-06-01 13:39:48
6531,愛普*,1125.0,1240.0,1305.0,1115.0,70.0,66.94,54.68,94.09,94.8,-0.72,1197.62,1024.2,850.78,11947,11284,1.06,1832.03,145.54,7.0,0.62,2026-06-01,2026-06-01 13:39:49
6532,瑞耘,101.0,98.7,102.5,97.5,27.05,21.33,47.37,1.98,3.61,-1.63,113.98,102.81,91.64,1135,1144,0.99,37.82,13.99,2.6,2.57,2026-06-01,2026-06-01 13:39:51
6533,晶心科,221.0,220.0,222.5,217.5,28.61,36.0,36.16,0.35,2.97,-2.63,255.24,232.68,210.11,502,710,0.71,111.94,26.48,,,2026-06-01,2026-06-01 13:39:53
6534,正瀚-創,93.0,96.3,96.3,93.0,37.7,52.77,37.23,0.26,0.67,-0.4,98.71,95.73,92.74,213,275,0.77,95.6,20.67,4.8,5.16,2026-06-01,2026-06-01 13:39:55
6535,順藥,124.0,127.0,133.0,123.0,13.16,13.49,36.21,-3.79,-3.5,-0.29,138.73,129.12,119.52,499,285,1.75,207.68,,,,2026-06-01,2026-06-01 13:39:56
6536,碩豐,21.35,21.8,21.8,20.2,16.68,18.2,48.57,-0.61,0.11,-0.72,30.12,24.7,19.29,45,20,2.16,5.62,164.23,,,2026-06-01,2026-06-01 13:39:57
6538,倉和,126.0,120.5,127.5,120.5,74.71,78.52,76.99,13.26,11.32,1.94,142.35,101.03,59.7,546,775,0.7,46.98,112.5,7.0,5.56,2026-06-01,2026-06-01 13:39:58
6539,麗彤,42.0,42.3,43.3,41.85,29.85,35.49,24.46,-1.6,-1.48,-0.12,48.87,45.49,42.1,8,4,1.99,10.23,127.27,0.6,1.43,2026-06-01,2026-06-01 13:40:00
6541,泰福-KY,41.4,39.55,41.4,39.0,53.82,30.71,58.61,-0.41,-0.68,0.27,41.12,39.03,36.94,913,502,1.82,109.7,,,,2026-06-01,2026-06-01 13:40:01
6542,隆中,46.15,46.3,46.9,45.2,52.69,52.04,43.35,-1.06,-1.2,0.14,50.05,47.22,44.38,18,9,2.03,18.92,2307.5,0.02,0.04,2026-06-01,2026-06-01 13:40:02
6543,普惠醫工,20.95,20.55,21.2,20.5,22.87,28.66,34.15,-0.44,-0.34,-0.1,23.18,22.06,20.93,5,17,0.29,11.7,22.05,0.2,0.95,2026-06-01,2026-06-01 13:40:03
6546,正基,85.4,84.5,90.8,83.0,83.56,83.75,74.41,3.98,2.41,1.57,86.9,73.24,59.57,2731,1997,1.37,57.09,31.4,3.5,4.1,2026-06-01,2026-06-01 13:40:05
6547,高端疫苗,46.0,45.5,46.3,44.8,18.88,16.31,39.53,-0.99,-0.68,-0.3,50.67,47.65,44.63,1702,1895,0.9,151.22,31.51,,,2026-06-01,2026-06-01 13:40:06
6548,長科*,75.0,71.3,75.0,71.3,92.82,81.63,86.32,4.19,1.81,2.39,69.75,55.02,40.3,12234,24327,0.5,692.28,46.3,1.8,2.4,2026-06-01,2026-06-01 13:40:09
6549,景凱,7.86,7.82,8.0,7.64,25.75,31.73,41.05,-0.07,-0.03,-0.04,8.32,7.98,7.64,518,261,1.98,6.3,,,,2026-06-01,2026-06-01 13:40:10
6550,北極星藥業-KY,13.1,13.3,13.5,12.8,9.0,12.55,29.49,-1.32,-1.11,-0.21,19.16,16.21,13.27,4588,5411,0.85,117.22,,,,2026-06-01,2026-06-01 13:40:11
6552,易華電,33.65,35.35,35.35,33.2,67.16,66.9,61.44,1.45,1.02,0.42,37.06,31.31,25.56,556,1307,0.43,27.93,6.56,0.2,0.59,2026-06-01,2026-06-01 13:40:12
6555,榮炭,20.4,20.1,20.85,19.9,23.11,24.06,37.59,-1.13,-1.0,-0.13,25.39,22.07,18.76,149,184,0.81,24.32,,,,2026-06-01,2026-06-01 13:40:13
6556,勝品,72.7,70.0,72.8,70.0,46.0,34.74,66.67,0.51,0.44,0.07,71.61,70.13,68.65,37,14,2.57,20.9,10.8,4.2,5.78,2026-06-01,2026-06-01 13:40:15
6558,興能高,34.35,32.8,34.5,32.6,67.89,62.29,65.04,0.9,0.67,0.23,34.25,31.18,28.11,2450,1601,1.53,32.22,35.78,0.3,0.87,2026-06-01,2026-06-01 13:40:16
6559,研晶,22.7,23.2,23.55,21.2,32.0,39.8,34.38,-1.27,-0.78,-0.49,32.47,26.55,20.62,176,258,0.68,5.26,75.67,,,2026-06-01,2026-06-01 13:40:17
6560,欣普羅,38.0,38.05,38.6,37.95,48.45,50.31,42.86,-0.16,-0.24,0.08,39.76,38.4,37.05,135,102,1.32,12.34,,,,2026-06-01,2026-06-01 13:40:19
6561,是方,361.0,359.0,362.0,357.5,78.74,73.49,64.86,1.45,-0.27,1.73,366.8,348.02,329.25,150,147,1.02,277.82,23.04,14.3,3.96,2026-06-01,2026-06-01 13:40:20
6563,映智,29.9,30.1,30.6,28.4,28.27,29.58,30.83,0.1,0.46,-0.36,33.17,31.39,29.61,235,195,1.21,8.89,,,,2026-06-01,2026-06-01 13:40:21
6564,安特羅,17.35,17.0,17.45,17.0,24.26,28.76,39.51,-0.33,-0.18,-0.16,19.5,18.27,17.03,115,117,0.98,12.52,,,,2026-06-01,2026-06-01 13:40:22
6565,物聯,22.45,21.1,22.6,20.8,55.67,42.69,43.56,-0.35,-0.09,-0.26,25.69,22.6,19.5,195,136,1.43,6.09,22.45,,,2026-06-01,2026-06-01 13:40:23
6568,宏觀,238.5,233.0,243.0,227.5,65.1,59.25,57.41,0.87,-0.51,1.39,257.15,225.53,193.9,755,757,1.0,73.5,60.23,2.0,0.84,2026-06-01,2026-06-01 13:40:26
6569,醫揚,102.5,101.0,105.5,101.0,59.77,42.4,54.98,0.0,-0.33,0.34,106.7,99.42,92.14,156,111,1.41,40.05,35.71,3.96,3.86,2026-06-01,2026-06-01 13:40:27
6570,維田,60.5,59.8,61.2,59.8,81.54,81.71,75.76,5.48,4.05,1.43,65.03,48.73,32.44,441,1309,0.34,22.46,47.27,1.1,1.82,2026-06-01,2026-06-01 13:40:28
6572,博錸,8.0,8.2,8.2,7.5,25.04,31.23,32.81,-0.32,-0.14,-0.17,10.99,9.2,7.4,401,212,1.89,8.29,,,,2026-06-01,2026-06-01 13:40:30
6573,虹揚-KY,15.75,15.7,16.55,14.7,80.08,73.03,65.52,0.55,0.26,0.29,15.61,13.58,11.56,2252,1191,1.89,12.68,12.8,,,2026-06-01,2026-06-01 13:40:34
6574,霈方,115.5,120.0,120.0,115.0,55.19,51.81,48.18,2.81,3.17,-0.37,127.42,115.92,104.43,65,92,0.71,25.4,16.99,2.2,1.9,2026-06-01,2026-06-01 13:40:35
6576,逸達,76.8,76.5,77.0,75.6,16.43,22.75,34.31,-0.49,-0.04,-0.45,82.37,79.44,76.5,208,153,1.36,120.99,,,,2026-06-01,2026-06-01 13:40:36
6577,勁豐,80.4,80.5,80.9,80.4,66.18,63.88,51.85,0.41,0.4,0.01,82.87,79.9,76.94,52,45,1.17,48.29,14.41,5.0,6.22,2026-06-01,2026-06-01 13:40:37
6578,達邦蛋白,16.35,16.6,16.6,16.0,41.31,54.94,64.66,0.03,-0.05,0.08,17.85,16.16,14.47,228,114,2.0,11.76,,0.4,2.45,2026-06-01,2026-06-01 13:40:39
6579,研揚,167.5,172.5,174.0,165.5,61.6,71.98,70.23,12.09,10.72,1.38,179.37,151.72,124.08,891,1500,0.59,283.83,30.02,5.15,3.07,2026-06-01,2026-06-01 13:40:40
6580,台睿,15.05,15.05,15.15,14.5,19.25,24.91,36.71,-0.34,-0.21,-0.13,17.03,15.85,14.67,179,145,1.23,16.87,,,,2026-06-01,2026-06-01 13:40:41
6581,鋼聯,113.0,110.5,115.0,110.0,59.24,40.21,72.73,0.35,0.04,0.31,111.07,107.9,104.73,241,74,3.25,125.74,18.37,5.3,4.69,2026-06-01,2026-06-01 13:40:42
6582,申豐,31.45,30.7,32.9,30.7,42.8,42.58,60.47,-0.23,-0.33,0.1,31.51,30.8,30.09,97,77,1.25,33.39,,1.0,3.18,2026-06-01,2026-06-01 13:40:43
6583,友松,11.9,11.8,11.9,11.8,26.43,21.59,36.84,-0.25,-0.16,-0.09,13.31,12.46,11.61,9,10,0.84,1.9,,2.0,16.81,2026-06-01,2026-06-01 13:40:45
6584,南俊國際,731.0,799.0,818.0,710.0,67.86,64.08,60.96,15.59,12.01,3.59,742.07,684.5,626.93,5110,1841,2.78,516.23,138.45,1.5,0.21,2026-06-01,2026-06-01 13:40:46
6585,鼎基,98.0,97.9,99.9,96.8,75.3,73.29,74.44,2.04,1.5,0.55,100.38,92.97,85.56,187,164,1.15,70.69,18.01,4.5,4.59,2026-06-01,2026-06-01 13:40:49
6586,醣基,70.3,68.3,70.8,68.0,51.48,51.8,63.26,5.49,6.1,-0.62,77.51,63.06,48.61,661,667,0.99,150.45,,,,2026-06-01,2026-06-01 13:40:51
6588,東典光電,107.5,112.5,113.5,106.0,12.56,19.17,24.24,-5.11,-1.93,-3.18,159.16,132.9,106.64,1781,1437,1.24,37.3,,,,2026-06-01,2026-06-01 13:40:53
6589,台康生技,44.0,42.35,44.15,42.35,49.85,38.81,51.41,-1.78,-2.11,0.34,46.99,43.47,39.95,1568,2433,0.64,133.27,,,,2026-06-01,2026-06-01 13:40:54
6590,普鴻,66.0,65.3,66.1,65.0,18.2,14.08,26.79,-1.1,-0.92,-0.18,70.94,67.52,64.1,20,20,1.0,16.48,12.97,2.8,4.24,2026-06-01,2026-06-01 13:41:00
6591,動力-KY,58.2,57.2,58.9,57.2,77.81,67.97,59.72,-0.5,-1.19,0.69,59.51,54.9,50.28,791,643,1.23,23.93,11.73,4.0,6.87,2026-06-01,2026-06-01 13:41:01
6592,和潤企業,61.4,60.7,61.9,60.3,53.36,47.2,62.5,-0.38,-0.49,0.11,62.01,60.68,59.35,1251,804,1.55,382.61,13.04,3.0,4.89,2026-06-01,2026-06-01 13:41:02
6593,台灣銘板,35.15,35.2,35.2,34.7,35.82,33.24,43.24,-0.45,-0.54,0.08,35.69,35.21,34.72,59,71,0.82,11.2,,0.45,1.28,2026-06-01,2026-06-01 13:41:03
6595,光禹國際,31.25,31.2,31.25,29.45,55.88,55.45,44.33,-0.23,-0.16,-0.06,33.08,31.75,30.41,53,18,2.91,15.55,,0.25,0.8,2026-06-01,2026-06-01 13:41:04
6596,寬宏藝術,97.3,96.1,97.5,96.1,28.41,26.86,23.85,-1.9,-2.17,0.27,102.28,98.21,94.14,193,201,0.96,36.97,5.18,18.7,19.22,2026-06-01,2026-06-01 13:41:06
6597,立誠,73.0,71.0,73.0,71.0,27.87,29.94,45.07,2.15,2.75,-0.6,77.79,73.24,68.69,25,14,1.76,21.32,29.2,1.0,1.37,2026-06-01,2026-06-01 13:41:07
6598,ABC-KY,24.2,24.75,24.95,24.15,33.81,45.71,60.49,0.47,0.43,0.04,25.64,23.94,22.24,376,223,1.68,24.88,,,,2026-06-01,2026-06-01 13:41:08
6599,普達系統,44.85,44.85,44.85,44.85,51.81,36.26,37.88,-2.59,-2.84,0.26,51.91,46.23,40.55,0,2,0.01,9.42,17.32,2.1,4.68,2026-06-01,2026-06-01 13:41:10
6603,富強鑫,24.9,25.5,26.15,24.75,67.52,55.11,55.56,0.04,-0.24,0.29,26.08,23.35,20.63,2981,3434,0.87,41.34,40.82,0.3,1.2,2026-06-01,2026-06-01 13:41:11
6604,儒億,35.6,39.15,40.4,32.45,65.44,63.15,67.33,1.67,1.18,0.49,36.1,31.09,26.08,800,495,1.62,,,1.3,3.65,2026-06-01,2026-06-01 13:41:13
6605,帝寶,141.5,145.0,145.0,137.0,63.05,57.38,68.57,2.18,0.49,1.69,141.62,131.5,121.38,1592,1420,1.12,234.63,10.25,9.0,6.36,2026-06-01,2026-06-01 13:41:14
6606,建德工業,26.35,25.9,26.35,25.0,91.53,79.78,70.0,0.35,0.21,0.14,26.23,25.08,23.93,302,288,1.05,29.07,24.4,1.03,3.91,2026-06-01,2026-06-01 13:41:15
6609,瀧澤科,47.85,46.35,49.8,45.35,66.64,64.81,65.35,1.97,1.66,0.3,49.15,43.78,38.41,1814,1546,1.17,34.67,,0.77,1.61,2026-06-01,2026-06-01 13:41:17
6610,安成生技,26.2,27.5,27.65,25.2,18.25,21.32,25.15,0.41,1.06,-0.64,30.88,28.6,26.32,224,282,0.79,53.86,,,,2026-06-01,2026-06-01 13:41:18
6612,奈米醫材,72.5,71.9,72.5,70.7,53.45,56.02,63.23,1.15,0.87,0.28,76.55,70.13,63.71,62,54,1.15,34.32,67.13,0.3,0.41,2026-06-01,2026-06-01 13:41:19
6613,朋億*,261.0,266.5,267.5,261.0,58.41,67.81,67.11,10.06,9.8,0.26,279.93,253.6,227.27,205,349,0.59,203.06,19.62,10.0,3.83,2026-06-01,2026-06-01 13:41:20
6614,資拓宏宇,40.0,39.25,40.8,39.0,40.1,24.92,44.79,-0.57,-0.61,0.04,41.91,39.95,37.98,155,119,1.3,32.26,19.42,1.5,3.75,2026-06-01,2026-06-01 13:41:22
6615,慧智,32.8,32.95,33.0,32.8,46.54,45.28,50.0,-0.14,-0.21,0.07,33.17,32.76,32.35,42,23,1.79,7.08,,0.3,0.91,2026-06-01,2026-06-01 13:41:24
6616,特昇-KY,8.99,9.26,9.26,8.9,14.5,23.22,28.29,-0.19,-0.12,-0.07,10.37,9.72,9.06,126,77,1.62,3.19,,,,2026-06-01,2026-06-01 13:41:25
6617,共信-KY,69.0,72.2,72.2,69.0,53.98,61.65,61.06,0.78,-0.07,0.85,72.8,66.09,59.38,220,453,0.49,,,,,2026-06-01,2026-06-01 13:41:26
6618,永虹先進,18.95,19.1,19.1,18.5,19.18,23.44,38.61,-0.42,-0.3,-0.12,22.36,19.91,17.46,441,775,0.57,19.86,,,,2026-06-01,2026-06-01 13:41:27
6620,漢達,72.1,72.0,72.5,71.2,24.83,33.52,55.84,-0.31,-0.24,-0.07,76.59,72.27,67.95,410,339,1.21,120.07,14.93,1.51,2.09,2026-06-01,2026-06-01 13:41:29
6621,華宇藥,11.9,12.0,12.0,11.8,42.9,38.32,38.89,-0.21,-0.22,0.01,12.37,12.12,11.86,51,82,0.62,4.29,,,,2026-06-01,2026-06-01 13:41:31
6622,百聿數碼,7.49,7.23,7.51,7.22,60.17,61.1,53.05,-0.08,-0.12,0.03,8.11,7.47,6.84,7,19,0.37,2.57,,,,2026-06-01,2026-06-01 13:41:33
6624,萬年清,39.9,39.9,40.2,39.9,10.84,16.34,15.42,-3.5,-3.05,-0.45,53.68,46.2,38.72,4,69,0.06,8.33,110.83,0.55,1.38,2026-05-29,2026-06-01 13:41:34
6625,必應,73.6,73.1,73.6,72.8,42.58,38.22,55.41,-0.2,-0.32,0.11,74.48,72.94,71.41,147,163,0.9,42.67,8.1,5.0,6.79,2026-06-01,2026-06-01 13:41:35
6629,泰金-KY,116.0,116.5,117.5,115.5,10.26,15.79,33.33,-0.04,1.11,-1.15,128.47,121.08,113.68,67,122,0.55,44.51,18.74,6.2,5.34,2026-06-01,2026-06-01 13:41:36
6634,欣耀,67.0,68.0,68.0,64.7,52.99,48.27,50.74,6.19,7.06,-0.87,79.64,64.12,48.59,177,151,1.17,47.76,,,,2026-06-01,2026-06-01 13:41:37
6637,醫影,66.4,66.3,67.0,66.0,37.64,38.19,44.62,-1.37,-1.45,0.08,72.57,67.7,62.83,26,32,0.8,17.8,9.3,3.63,5.47,2026-06-01,2026-06-01 13:41:39
6638,沅聖,53.2,51.7,53.5,51.0,31.9,47.65,59.91,3.86,4.28,-0.42,66.32,50.36,34.39,68,54,1.26,15.96,,1.0,1.88,2026-06-01,2026-06-01 13:41:41
6639,源大環能,7.05,7.0,7.21,6.87,25.71,21.57,45.7,-0.29,-0.28,-0.01,8.18,7.44,6.69,61,26,2.3,4.06,,,,2026-06-01,2026-06-01 13:41:42
6640,均華,1315.0,1370.0,1370.0,1285.0,41.47,46.09,39.33,-12.43,-4.87,-7.56,1523.89,1389.75,1255.61,594,418,1.42,372.28,107.08,15.0,1.14,2026-06-01,2026-06-01 13:41:43
6641,基士德-KY,18.6,18.35,18.6,18.3,64.23,43.24,51.35,-0.09,-0.1,0.01,19.46,18.55,17.64,95,59,1.62,6.79,40.43,1.0,5.38,2026-06-01,2026-06-01 13:41:44
6642,富致,85.0,90.6,90.7,84.8,50.86,69.4,70.89,7.86,7.18,0.69,99.63,76.43,53.22,1858,2420,0.77,31.79,32.82,1.8,2.12,2026-06-01,2026-06-01 13:41:46
6643,M31,576.0,580.0,595.0,572.0,32.93,32.74,27.0,5.94,15.29,-9.35,693.56,615.8,538.04,512,846,0.61,242.4,342.86,2.0,0.35,2026-06-01,2026-06-01 13:41:47
6645,金萬林-創,11.7,11.95,11.95,11.5,42.64,39.46,14.71,-0.39,-0.4,0.01,13.23,12.27,11.32,110,65,1.67,7.06,,,,2026-06-01,2026-06-01 13:41:48
6648,斯其大,15.85,15.95,16.2,15.8,38.87,42.45,34.26,-0.68,-0.69,0.01,18.71,17.04,15.36,92,61,1.51,7.53,,,,2026-06-01,2026-06-01 13:41:50
6649,台生材,38.05,38.3,38.4,37.35,17.93,19.43,30.77,-0.51,-0.45,-0.06,40.18,39.09,38.0,177,74,2.37,15.98,27.18,1.0,2.63,2026-06-01,2026-06-01 13:41:51
6650,帝圖,29.45,28.3,29.55,28.0,46.44,40.34,31.39,-0.76,-0.45,-0.31,34.6,31.07,27.53,18,13,1.31,9.16,27.78,4.0,13.58,2026-05-29,2026-06-01 13:41:52
6651,全宇昕,141.5,151.0,151.0,141.5,67.8,71.76,54.49,11.63,10.55,1.08,160.72,129.57,98.43,410,709,0.58,48.96,22.46,4.0,2.83,2026-06-01,2026-06-01 13:41:55
6652,雅祥生醫,1.96,2.25,2.28,1.89,6.72,8.04,9.55,-1.23,-1.06,-0.17,8.0,4.18,0.37,7274,2007,3.62,2.69,,,,2026-04-09,2026-06-01 13:41:57
6654,天正國際,169.0,169.0,169.0,169.0,95.58,86.88,94.42,14.6,7.18,7.42,152.6,106.33,60.07,151,311,0.49,62.97,8450.0,,,2026-06-01,2026-06-01 13:41:58
6655,科定,130.5,130.0,132.0,130.0,20.95,20.25,17.39,-1.21,-0.67,-0.54,140.46,134.3,128.14,15,11,1.37,102.52,33.38,6.0,4.6,2026-06-01,2026-06-01 13:41:59
6657,華安,38.05,38.65,38.8,35.6,24.74,21.41,38.46,-1.09,-1.07,-0.01,41.68,39.64,37.6,554,253,2.19,33.45,,,,2026-06-01,2026-06-01 13:42:00
6658,聯策,207.5,221.5,222.0,207.0,63.83,67.44,53.8,25.42,26.4,-0.99,241.13,192.53,143.92,1433,1868,0.77,75.47,171.49,1.2,0.58,2026-06-01,2026-06-01 13:42:01
6659,天明製藥,20.45,18.9,20.45,18.9,45.88,43.9,41.18,-0.24,-0.18,-0.06,21.77,20.61,19.45,68,160,0.42,,,,,2026-06-01,2026-06-01 13:42:02
6661,威健生技,16.6,17.05,17.05,16.6,15.14,30.04,28.57,-0.32,-0.26,-0.06,18.22,17.5,16.77,29,10,2.9,3.87,276.67,,,2026-06-01,2026-06-01 13:42:04
6662,樂斯科,28.8,29.0,29.0,28.8,35.61,30.68,38.24,-0.25,-0.16,-0.09,30.54,29.38,28.22,7,16,0.42,7.38,17.45,1.5,5.21,2026-06-01,2026-06-01 13:42:06
6664,群翊,429.5,438.0,444.0,429.5,52.6,51.6,41.34,8.12,11.35,-3.23,488.41,440.77,393.14,802,1452,0.55,261.17,29.76,9.93,2.31,2026-06-01,2026-06-01 13:42:08
6665,康聯生醫,19.6,19.7,19.8,18.75,27.96,30.74,20.87,-0.58,-0.24,-0.34,25.11,22.1,19.09,323,81,3.99,8.89,103.16,0.7,3.57,2026-06-01,2026-06-01 13:42:09
6666,羅麗芬-KY,39.95,39.7,40.4,39.7,20.81,21.0,43.85,-0.35,-0.3,-0.05,41.8,40.51,39.22,20,19,1.05,18.93,16.51,2.0,5.01,2026-06-01,2026-06-01 13:42:10
6667,信紘科,278.5,284.0,284.5,277.0,77.57,72.14,73.04,3.26,0.3,2.96,281.73,261.02,240.32,1496,1792,0.84,137.24,20.39,8.43,3.03,2026-06-01,2026-06-01 13:42:12
6668,中揚光,40.3,39.55,40.55,39.25,52.4,55.86,68.72,1.13,1.04,0.1,41.62,38.43,35.25,548,999,0.55,43.17,82.24,,,2026-06-01,2026-06-01 13:42:13
6669,緯穎,5515.0,5715.0,5795.0,5460.0,51.33,46.41,45.17,229.18,263.28,-34.1,5821.55,5235.0,4648.45,2247,2186,1.03,10249.12,20.75,145.0,2.63,2026-06-01,2026-06-01 13:42:14
6670,復盛應用,272.0,262.5,274.0,261.5,51.41,35.94,47.62,0.54,-0.29,0.83,271.49,261.25,251.01,591,596,0.99,379.13,12.26,16.0,5.88,2026-06-01,2026-06-01 13:42:15
6671,三能-KY,27.2,27.0,27.2,26.95,11.57,8.57,22.5,-0.95,-0.87,-0.09,30.79,28.57,26.35,27,150,0.18,16.52,11.57,2.6,9.56,2026-06-01,2026-06-01 13:42:16
6672,騰輝電子-KY,220.0,223.0,226.0,218.0,85.33,73.41,58.43,9.74,8.71,1.03,235.81,202.95,170.09,5715,7456,0.77,157.16,45.74,3.35,1.52,2026-06-01,2026-06-01 13:42:17
6673,和詮,15.9,16.95,17.2,15.25,21.89,31.72,21.77,-1.04,-0.24,-0.79,27.19,21.14,15.09,1049,737,1.42,4.19,,,,2026-06-01,2026-06-01 13:42:18
6674,鋐寶科技,18.15,18.3,18.5,17.65,74.91,64.28,52.75,-0.11,-0.23,0.12,18.97,17.8,16.63,87,42,2.07,12.44,,,,2026-06-01,2026-06-01 13:42:19
6676,祥翊,13.85,13.85,14.0,13.45,22.43,30.16,33.8,-0.14,-0.06,-0.07,15.33,14.27,13.21,450,395,1.14,23.5,,,,2026-06-01,2026-06-01 13:42:20
6677,瑩碩生技,17.7,17.7,17.7,17.1,35.98,33.37,43.75,-0.43,-0.41,-0.02,19.18,18.17,17.15,73,95,0.77,9.91,,,,2026-06-01,2026-06-01 13:42:22
6679,鈺太,305.0,314.0,316.5,303.0,41.25,57.87,43.62,11.46,14.39,-2.93,343.37,314.23,285.08,449,566,0.79,162.53,44.92,6.5,2.13,2026-06-01,2026-06-01 13:42:24
6680,鑫創電子,57.8,56.4,58.3,56.4,86.95,80.34,67.29,0.65,0.09,0.56,58.94,55.24,51.53,6,5,1.04,13.85,,3.05,5.28,2026-06-01,2026-06-01 13:42:25
6682,華旭先進,71.2,64.5,71.9,62.0,81.29,71.27,66.79,4.63,3.98,0.65,67.49,57.72,47.95,8138,4640,1.75,104.74,,,,2026-06-01,2026-06-01 13:42:26
6683,雍智科技,1715.0,1660.0,1775.0,1650.0,36.15,35.87,28.66,-41.95,-0.06,-41.89,2562.51,1950.0,1337.49,1221,1310,0.93,472.61,113.2,10.0,0.58,2026-06-01,2026-06-01 13:42:28
6684,安格,44.3,44.7,44.7,44.1,20.71,33.16,37.32,-0.44,-0.14,-0.31,50.22,46.51,42.81,222,239,0.93,19.74,28.22,,,2026-06-01,2026-06-01 13:42:29
6689,伊雲谷,71.5,65.9,71.5,65.9,52.08,38.7,57.07,-0.96,-1.37,0.41,72.22,67.4,62.58,578,306,1.89,48.48,31.09,,,2026-06-01,2026-06-01 13:42:30
6690,安碁資訊,187.5,174.0,187.5,174.0,77.49,67.19,84.21,1.96,0.68,1.27,178.56,169.82,161.09,645,192,3.35,56.25,18.49,9.0,4.8,2026-06-01,2026-06-01 13:42:31
6691,洋基工程,648.0,650.0,650.0,636.0,59.07,55.91,55.32,3.25,1.84,1.42,677.24,641.25,605.26,554,734,0.75,781.47,26.23,16.0,2.47,2026-06-01,2026-06-01 13:42:32
6692,進能服,25.4,26.75,26.8,25.25,5.92,10.24,10.26,-1.28,-0.96,-0.32,32.61,29.09,25.56,109,58,1.87,14.72,110.43,0.5,1.97,2026-06-01,2026-06-01 13:42:33
6693,廣閎科,152.0,150.0,153.0,148.0,59.3,55.22,41.53,3.5,3.84,-0.35,161.51,148.4,135.29,837,1314,0.64,68.47,48.87,2.0,1.32,2026-06-01,2026-06-01 13:42:34
6695,芯鼎,57.2,58.1,58.5,56.5,51.98,58.15,59.25,3.75,3.56,0.2,63.32,53.95,44.58,1756,4920,0.36,55.19,,,,2026-06-01,2026-06-01 13:42:35
6696,仁新,386.5,380.0,386.5,370.5,28.04,19.3,24.06,-7.37,-5.6,-1.77,415.68,392.57,369.47,643,503,1.28,320.49,,,,2026-06-01,2026-06-01 13:42:37
6697,東捷資訊,43.7,41.2,44.5,41.2,45.7,38.82,64.36,0.01,-0.17,0.18,42.76,41.3,39.84,285,99,2.86,11.94,14.47,2.6,5.95,2026-06-01,2026-06-01 13:42:39
6698,旭暉應材,39.5,38.5,41.0,38.5,83.64,77.45,83.02,1.67,0.89,0.78,38.4,32.96,27.52,3287,2507,1.31,25.99,,,,2026-06-01,2026-06-01 13:42:40
6703,軒郁,109.5,109.0,110.0,108.5,9.54,12.87,34.15,-1.1,-0.5,-0.6,119.25,112.88,106.5,51,61,0.85,35.84,11.07,9.6,8.77,2026-06-01,2026-06-01 13:42:41
6704,國璽幹細胞,20.0,20.05,21.0,19.1,33.42,33.85,22.95,-0.41,-0.34,-0.07,22.08,21.19,20.3,364,209,1.74,19.19,,,,2026-06-01,2026-06-01 13:42:43
6705,振躍精密,95.0,94.0,96.8,92.4,37.86,32.96,46.23,-0.03,1.46,-1.49,109.2,97.17,85.15,99,64,1.54,17.1,35.06,2.2,2.32,2026-06-01,2026-06-01 13:42:44
6706,惠特,216.5,206.0,225.0,206.0,81.15,77.63,67.91,16.12,12.67,3.45,216.16,180.0,143.84,13679,13688,1.0,170.06,36.02,,,2026-06-01,2026-06-01 13:42:45
6707,富基電通,35.35,35.8,35.85,34.05,50.55,49.81,46.3,1.57,1.9,-0.32,39.74,35.41,31.08,209,335,0.63,20.86,13.54,,,2026-06-01,2026-06-01 13:42:46
6708,天擎,41.1,43.45,43.45,40.9,44.85,39.46,46.43,-0.06,-0.01,-0.05,43.24,41.28,39.32,66,57,1.16,11.75,164.4,,,2026-06-01,2026-06-01 13:42:48
6709,昱厚生技,25.5,25.6,25.75,25.15,27.45,37.24,51.79,-0.23,-0.34,0.11,26.71,25.62,24.54,226,102,2.22,15.22,,,,2026-06-01,2026-06-01 13:42:51
6712,長聖,136.0,133.5,136.5,133.0,60.74,53.6,58.09,0.87,0.55,0.32,135.97,132.32,128.66,360,274,1.31,138.4,29.25,3.33,2.45,2026-06-01,2026-06-01 13:42:52
6715,嘉基,453.0,443.0,455.0,428.0,21.32,22.38,44.51,12.05,20.81,-8.76,513.6,467.43,421.25,382,477,0.8,302.56,253.07,3.92,0.87,2026-06-01,2026-06-01 13:42:55
6716,應廣,104.5,108.5,112.0,104.0,56.07,61.73,54.37,6.73,6.14,0.59,115.72,98.36,81.0,2010,1795,1.12,31.6,48.38,1.6,1.53,2026-06-01,2026-06-01 13:42:56
6719,力智,243.5,249.0,252.5,241.5,59.19,70.38,66.55,19.39,17.45,1.93,274.98,220.0,165.02,1906,5129,0.37,256.85,38.05,1.7,0.7,2026-06-01,2026-06-01 13:42:57
6720,久昌,146.5,150.5,150.5,141.5,34.83,27.21,7.5,-4.29,-3.06,-1.23,168.8,156.75,144.7,90,126,0.72,43.93,38.05,3.5,2.39,2026-06-01,2026-06-01 13:42:59
6721,信實,59.0,58.6,59.0,58.1,34.03,43.4,66.67,0.16,0.06,0.1,59.79,58.35,56.92,3,3,1.01,13.28,12.69,3.0,5.08,2026-06-01,2026-06-01 13:43:00
6722,輝創,37.5,37.15,37.7,37.15,58.44,50.86,35.71,-0.58,-0.56,-0.03,40.85,38.47,36.09,201,133,1.51,33.15,12.98,1.5,4.0,2026-06-01,2026-06-01 13:43:01
6723,傑智環境,39.05,39.3,39.3,38.35,49.72,57.73,46.67,-0.18,-0.1,-0.08,41.83,39.83,37.83,25,53,0.47,11.73,9.99,2.5,6.4,2026-06-01,2026-06-01 13:43:02
6725,矽科宏晟,325.5,337.0,337.0,325.0,59.9,57.46,49.16,1.61,0.13,1.48,356.12,319.57,283.03,217,535,0.41,120.46,25.25,8.0,2.46,2026-06-01,2026-06-01 13:43:05
6727,亞泰金屬,556.0,586.0,596.0,554.0,54.93,66.22,54.88,51.1,53.89,-2.79,674.16,537.3,400.44,1479,2703,0.55,149.48,81.76,3.0,0.54,2026-06-01,2026-06-01 13:43:06
6728,上洋,112.5,111.5,112.5,111.5,57.16,34.41,44.83,-1.84,-2.2,0.36,117.07,112.1,107.13,46,37,1.23,33.88,11.71,8.0,7.11,2026-06-01,2026-06-01 13:43:07
6729,機光科技,61.4,59.6,62.0,58.5,73.77,61.79,64.14,0.23,-0.94,1.17,64.56,56.0,47.44,101,244,0.42,16.98,81.87,0.95,1.55,2026-06-01,2026-06-01 13:43:09
6730,常廣,34.4,34.35,34.4,34.2,22.16,23.72,20.41,-0.67,-0.33,-0.34,39.43,37.16,34.89,11,84,0.13,12.49,16.3,1.0,2.91,2026-06-01,2026-06-01 13:43:10
6732,昇佳電子,174.0,178.0,178.5,171.5,67.05,71.32,56.99,6.05,5.18,0.87,183.57,165.55,147.54,362,460,0.79,85.11,28.11,5.5,3.16,2026-06-01,2026-06-01 13:43:13
6733,博晟生醫,26.05,26.1,26.3,25.6,13.94,15.73,29.41,-1.14,-1.1,-0.04,29.58,27.56,25.55,282,355,0.8,32.49,,,,2026-06-01,2026-06-01 13:43:15
6734,安盛生,6.6,7.05,7.05,6.6,45.94,50.13,48.84,0.06,0.01,0.05,7.58,6.77,5.97,157,289,0.55,2.68,,,,2026-06-01,2026-06-01 13:43:16
6735,美達科技,104.0,107.0,107.0,103.0,18.04,20.89,24.39,1.1,4.7,-3.6,144.18,119.65,95.12,744,865,0.86,48.03,325.0,1.8,1.73,2026-06-01,2026-06-01 13:43:18
6737,秀育,32.05,31.0,32.05,31.0,39.27,43.26,36.18,-1.01,-0.81,-0.2,36.3,33.94,31.58,82,55,1.48,19.25,10.98,1.6,4.99,2026-06-01,2026-06-01 13:43:20
6738,鼎��,68.0,68.0,68.0,68.0,78.33,73.49,14.29,-1.17,-1.23,0.06,71.27,68.93,66.58,1,23,0.04,24.97,,,,2026-06-01,2026-06-01 13:43:21
6739,竹陞科技,1255.0,1235.0,1280.0,1230.0,30.43,35.65,41.18,-34.56,-28.49,-6.06,1452.49,1312.25,1172.01,163,245,0.66,292.15,78.14,,,2026-06-01,2026-06-01 13:43:22
6741,91APP*-KY,64.3,62.4,64.8,62.1,62.4,54.56,45.18,-0.14,-0.09,-0.05,67.63,63.82,60.01,601,463,1.3,72.22,14.61,1.74,2.71,2026-06-01,2026-06-01 13:43:23
6742,澤米,60.3,59.0,60.3,59.0,72.03,76.48,80.67,4.89,3.99,0.9,68.34,49.6,30.85,1166,886,1.32,42.51,,0.3,0.5,2026-06-01,2026-06-01 13:43:25
6743,安普新,30.05,29.9,30.4,29.7,66.69,54.27,50.98,0.73,0.85,-0.11,30.3,29.24,28.17,733,541,1.36,44.32,42.32,3.0,9.98,2026-06-01,2026-06-01 13:43:26
6744,豐技生技,16.0,16.0,16.0,16.0,47.67,52.72,46.15,0.03,0.04,-0.01,17.83,16.34,14.84,0,4,0.0,2.46,17.02,0.95,5.94,2026-05-29,2026-06-01 13:43:27
6748,亞果生醫,74.6,73.7,75.3,71.3,59.62,53.37,56.47,1.17,0.78,0.39,74.4,70.49,66.58,538,624,0.86,53.13,,,,2026-06-01,2026-06-01 13:43:29
6750,泰創工程,67.4,69.2,69.4,67.2,36.54,41.84,47.7,0.57,0.9,-0.33,72.96,68.8,64.65,299,573,0.52,30.13,13.51,2.0,2.97,2026-06-01,2026-06-01 13:43:32
6751,智聯服務,50.5,47.9,51.6,46.95,62.91,55.68,58.5,-0.8,-1.08,0.28,52.19,48.37,44.56,133,42,3.15,11.21,9.75,3.0,5.94,2026-06-01,2026-06-01 13:43:33
6752,叡揚,106.5,101.0,109.0,101.0,63.46,54.3,59.35,-0.99,-1.56,0.57,106.52,101.4,96.28,269,92,2.91,39.56,14.49,4.5,4.23,2026-06-01,2026-06-01 13:43:35
6753,龍德造船,130.0,130.0,132.0,128.0,48.69,29.67,44.83,-2.63,-2.76,0.13,144.31,130.32,116.34,1562,1303,1.2,152.43,22.73,1.25,0.96,2026-06-01,2026-06-01 13:43:36
6754,匯僑設計,46.55,44.0,47.8,44.0,41.17,31.59,59.85,-0.33,-0.45,0.12,46.56,44.6,42.63,119,45,2.64,30.72,13.69,3.5,7.52,2026-06-01,2026-06-01 13:43:37
6755,連鋐科技,17.9,18.05,18.05,16.85,16.34,15.89,22.05,-0.45,-0.03,-0.42,23.0,20.42,17.84,134,102,1.31,7.13,,,,2026-06-01,2026-06-01 13:43:39
6756,威鋒電子,98.5,101.0,101.5,98.3,39.55,51.49,42.7,4.62,5.5,-0.89,111.05,99.58,88.1,433,511,0.85,68.94,89.55,0.9,0.91,2026-06-01,2026-06-01 13:43:40
6757,台灣虎航,58.9,56.7,58.9,56.0,88.21,75.59,69.6,1.32,0.83,0.5,58.34,53.92,49.5,2369,1924,1.23,270.66,10.99,6.05,10.27,2026-06-01,2026-06-01 13:43:41
6758,冠亞,28.5,28.0,28.5,27.5,11.62,10.44,11.94,-2.33,-1.91,-0.42,38.75,32.85,26.95,10,13,0.72,3.84,25.68,1.0,3.51,2026-06-01,2026-06-01 13:43:42
6761,穩得,213.0,217.0,217.0,211.0,64.0,62.19,54.59,6.77,4.96,1.81,232.48,202.88,173.27,719,1921,0.37,74.08,29.83,6.0,2.82,2026-06-01,2026-06-01 13:43:44
6762,達亞,176.0,172.0,176.0,172.0,38.98,51.3,73.53,5.38,5.25,0.13,204.57,168.0,131.43,3,9,0.32,61.9,262.69,0.3,0.17,2026-05-29,2026-06-01 13:43:46
6763,綠界科技*,44.45,43.25,44.8,42.75,27.82,19.4,36.42,-1.13,-1.03,-0.1,48.95,45.48,42.01,784,665,1.18,81.81,10.58,1.65,3.71,2026-06-01,2026-06-01 13:43:47
6767,台微醫,25.9,26.5,26.5,24.25,46.87,44.3,37.84,-0.4,-0.35,-0.05,27.85,26.86,25.88,40,15,2.69,10.15,,,,2026-06-01,2026-06-01 13:43:49
6768,志強-KY,87.0,84.8,87.2,83.9,42.29,25.58,40.45,-0.02,-0.19,0.17,90.85,84.88,78.92,687,479,1.43,174.08,13.12,6.18,7.1,2026-06-01,2026-06-01 13:43:49
6770,力積電,87.0,93.2,94.5,87.0,85.17,78.3,80.0,6.36,3.4,2.96,85.18,65.98,46.79,769579,618902,1.24,3712.61,19.16,,,2026-06-01,2026-06-01 13:43:51
6771,平和環保-創,42.2,42.0,42.3,41.85,46.3,34.81,34.44,-0.63,-0.66,0.02,44.54,42.57,40.59,29,24,1.2,13.16,12.79,,,2026-06-01,2026-06-01 13:43:51
6775,穎台科技,52.0,48.85,52.9,48.8,49.78,33.67,31.2,2.23,3.47,-1.24,67.58,50.53,33.49,1784,1861,0.96,52.18,,,,2026-06-01,2026-06-01 13:43:53
6776,展碁國際,60.0,58.9,60.3,58.9,66.04,59.01,63.27,0.05,-0.19,0.25,59.71,57.99,56.27,641,455,1.41,54.95,14.46,3.0,5.0,2026-06-01,2026-06-01 13:43:54
6780,學習王,40.85,40.95,41.05,40.85,46.48,41.27,45.7,1.79,2.19,-0.4,42.75,40.67,38.59,10,16,0.63,6.64,28.57,1.3,3.18,2026-06-01,2026-06-01 13:43:56
6781,AES-KY,1200.0,1180.0,1225.0,1175.0,45.63,45.49,42.34,20.04,25.49,-5.45,1309.31,1190.75,1072.19,1531,1500,1.02,1025.03,31.45,12.5,1.04,2026-06-01,2026-06-01 13:43:57
6782,視陽,195.0,192.0,196.5,191.0,51.2,38.25,59.62,-4.35,-4.72,0.37,216.48,195.53,174.57,344,296,1.16,122.85,13.96,5.1,2.62,2026-06-01,2026-06-01 13:43:59
6784,天凱科技,26.75,27.5,27.5,25.9,28.73,29.29,50.45,-0.63,-0.5,-0.13,30.72,27.57,24.42,61,77,0.8,4.93,55.73,0.3,1.12,2026-06-01,2026-06-01 13:44:00
6785,昱展新藥,122.0,123.0,124.0,121.0,12.62,18.89,30.0,-9.03,-10.04,1.01,141.66,129.6,117.54,119,92,1.29,81.5,,0.25,0.2,2026-06-01,2026-06-01 13:44:02
6786,芯測,88.8,88.1,90.9,85.1,30.87,35.96,36.05,-3.41,-2.0,-1.41,116.79,98.76,80.73,362,307,1.18,27.38,,,,2026-06-01,2026-06-01 13:44:04
6787,晶瑞光,34.85,32.0,35.15,32.0,41.05,31.19,33.23,-0.71,-0.16,-0.55,42.52,36.14,29.75,922,710,1.3,28.23,,,,2026-06-01,2026-06-01 13:44:05
6788,華景電,425.5,424.5,429.0,420.0,59.46,48.26,34.14,-0.78,1.0,-1.78,474.42,430.12,385.83,885,677,1.31,164.84,24.68,15.0,3.53,2026-06-01,2026-06-01 13:44:08
6789,采鈺,547.0,532.0,550.0,522.0,37.63,34.08,39.37,12.62,22.48,-9.86,619.16,560.9,502.64,2851,3265,0.87,1741.1,136.75,3.0,0.55,2026-06-01,2026-06-01 13:44:09
6790,永豐實,39.5,39.4,39.65,39.1,39.44,29.77,46.43,-0.17,-0.16,-0.01,40.26,39.61,38.97,280,198,1.42,105.52,13.08,2.55,6.46,2026-06-01,2026-06-01 13:44:10
6791,虎門科技,125.0,116.5,125.0,114.0,57.45,38.52,54.64,-0.08,-0.14,0.06,124.99,116.4,107.81,248,104,2.38,26.06,30.05,3.5,2.8,2026-06-01,2026-06-01 13:44:11
6792,詠業,72.0,71.3,73.8,70.6,70.35,72.54,78.48,3.42,2.41,1.01,74.65,63.36,52.08,150,316,0.47,33.75,32.58,2.5,3.47,2026-06-01,2026-06-01 13:44:12
6793,天力離岸,5.05,5.1,5.1,4.71,31.03,25.17,34.55,-0.4,-0.34,-0.06,6.71,5.63,4.54,246,345,0.71,3.82,,,,2026-06-01,2026-06-01 13:44:13
6794,向榮生技,82.7,80.5,84.5,80.2,48.85,35.92,54.48,-0.38,-0.54,0.16,85.02,80.92,76.82,106,54,1.96,52.63,,,,2026-06-01,2026-06-01 13:44:14
6796,晉弘,61.9,61.3,62.3,60.5,55.36,44.33,33.12,-2.58,-2.72,0.14,70.96,64.14,57.33,139,120,1.16,24.9,309.5,0.49,0.79,2026-06-01,2026-06-01 13:44:15
6797,圓點奈米,14.55,14.75,16.0,14.1,38.94,47.12,36.84,-0.05,0.02,-0.07,15.87,14.99,14.12,119,69,1.72,4.37,,,,2026-06-01,2026-06-01 13:44:18
6798,展逸,50.0,50.1,50.1,49.5,45.07,35.53,50.0,0.77,1.07,-0.3,50.77,49.92,49.07,7,4,1.59,9.79,64.94,1.0,2.0,2026-06-01,2026-06-01 13:44:19
6799,來頡,107.5,112.5,115.0,107.0,70.46,73.53,68.04,6.22,5.1,1.12,113.63,97.67,81.7,1181,2525,0.47,46.63,29.61,1.99,1.85,2026-06-01,2026-06-01 13:44:20
6803,崑鼎,286.5,286.0,286.5,285.0,43.2,43.73,50.0,-0.89,-0.91,0.02,290.59,287.55,284.51,184,116,1.59,208.55,15.55,15.24,5.32,2026-06-01,2026-06-01 13:44:21
6804,明係,16.1,16.05,16.1,15.9,58.31,63.1,70.0,0.07,-0.07,0.13,16.54,15.55,14.56,55,36,1.54,7.65,,0.98,6.09,2026-06-01,2026-06-01 13:44:23
6805,富世達,2120.0,2040.0,2120.0,2040.0,75.71,57.1,66.46,-0.19,-23.33,23.14,2067.64,1844.0,1620.36,2962,2700,1.1,1453.34,68.23,8.0,0.38,2026-06-01,2026-06-01 13:44:26
6806,森崴能源,7.38,7.38,7.38,7.38,14.53,6.51,8.9,-4.94,-4.71,-0.23,25.0,13.7,2.41,5912,4742,1.25,20.27,0.82,1.23,16.67,2026-06-01,2026-06-01 13:44:27
6807,峰源-KY,33.45,32.8,33.55,32.8,52.6,40.98,40.24,-1.12,-1.26,0.14,36.34,34.01,31.69,31,20,1.51,18.06,7.18,2.5,7.47,2026-06-01,2026-06-01 13:44:28
6808,三鼎生技,28.35,28.7,29.35,27.15,28.61,34.39,33.08,-1.01,-0.86,-0.15,32.45,30.57,28.69,402,190,2.11,21.82,33.75,0.53,1.87,2026-06-01,2026-06-01 13:44:29
6810,新穎生醫,30.45,30.3,31.0,29.85,64.06,63.31,63.69,1.35,1.61,-0.26,31.84,28.94,26.03,554,292,1.9,15.06,,,,2026-06-01,2026-06-01 13:44:30
6811,宏碁資訊,236.0,221.0,236.0,221.0,70.17,60.13,72.32,5.71,4.42,1.29,225.8,211.62,197.45,682,270,2.52,97.82,16.63,10.5,4.45,2026-06-01,2026-06-01 13:44:31
6812,梭特,69.2,69.4,69.8,66.0,24.73,26.71,44.0,-1.26,-0.33,-0.93,82.19,73.15,64.12,204,187,1.09,21.18,216.25,,,2026-06-01,2026-06-01 13:44:33
6814,路迦生醫,25.0,23.75,25.1,23.75,78.45,66.45,44.83,-0.14,-0.13,-0.0,26.0,25.14,24.28,47,20,2.3,10.47,,,,2026-06-01,2026-06-01 13:44:34
6815,晶鑽生醫,31.5,31.45,32.9,31.35,80.46,79.03,60.63,-0.82,-1.59,0.77,34.42,30.18,25.94,77,51,1.5,12.44,,0.2,0.63,2026-06-01,2026-06-01 13:44:35
6816,捷智商訊,37.8,37.65,38.0,36.0,81.82,88.23,38.53,0.22,0.32,-0.11,40.23,39.01,37.79,26,5,4.94,4.6,15.0,2.3,6.08,2026-06-01,2026-06-01 13:44:37
6817,溫士頓,62.8,62.8,63.5,62.0,54.51,42.62,24.04,-1.94,-1.95,0.0,70.91,65.15,59.39,45,24,1.88,11.57,9.86,7.0,11.15,2026-06-01,2026-06-01 13:44:39
6818,連騰,67.0,65.0,68.4,65.0,59.5,51.73,54.94,-1.49,-2.44,0.94,70.15,62.87,55.6,122,257,0.47,17.09,37.43,1.0,1.49,2026-06-01,2026-06-01 13:44:41
6819,眾智,55.4,54.2,57.0,53.5,40.99,46.4,45.24,5.67,6.88,-1.21,74.63,54.0,33.36,136,207,0.66,18.82,,,,2026-06-01,2026-06-01 13:44:42
6820,連訊,308.0,297.0,311.0,296.0,63.86,60.15,48.53,5.89,4.02,1.87,332.1,282.52,232.95,183,154,1.19,68.41,1026.67,0.3,0.1,2026-06-01,2026-06-01 13:44:43
6821,聯寶,69.0,70.4,70.4,69.0,78.46,78.32,83.22,4.34,2.39,1.95,74.34,57.09,39.84,576,4453,0.13,21.14,61.61,1.09,1.58,2026-06-01,2026-06-01 13:44:45
6823,濾能,74.0,75.0,75.3,72.0,14.53,15.43,22.63,-1.67,0.15,-1.82,100.91,83.55,66.2,190,302,0.63,22.57,,,,2026-06-01,2026-06-01 13:44:46
6825,和暢科技,46.2,46.2,46.8,44.55,70.61,59.21,65.13,1.46,1.37,0.08,46.88,43.86,40.84,60,42,1.42,15.55,17.3,0.15,0.32,2026-06-01,2026-06-01 13:44:47
6826,和淞,549.0,555.0,561.0,543.0,46.12,49.4,46.21,-0.63,-0.55,-0.09,581.81,554.45,527.09,249,285,0.87,469.61,20.36,8.46,1.54,2026-06-01,2026-06-01 13:44:49
6827,巨生醫,13.0,12.55,13.35,12.5,52.79,59.04,55.29,0.27,0.32,-0.05,14.08,12.73,11.38,156,123,1.27,10.31,,,,2026-06-01,2026-06-01 13:44:51
6829,千附精密,245.5,230.0,245.5,225.5,82.66,68.25,61.87,6.51,6.08,0.43,277.91,220.8,163.69,2075,701,2.96,145.26,62.47,5.0,2.04,2026-06-01,2026-06-01 13:44:53
6830,汎銓,683.0,678.0,685.0,650.0,20.75,27.38,35.44,-6.79,7.69,-14.48,909.91,756.5,603.09,1590,2189,0.73,353.67,139.67,1.0,0.15,2026-06-01,2026-06-01 13:44:55
6831,邁科,762.0,752.0,802.0,704.0,57.62,73.8,71.38,76.78,81.1,-4.32,896.72,700.65,504.58,3207,1351,2.37,515.95,153.32,3.0,0.39,2026-06-01,2026-06-01 13:44:56
6832,金鼎科,86.3,86.0,88.0,84.5,23.44,31.56,31.21,2.06,5.26,-3.2,113.14,98.36,83.58,24,100,0.24,22.79,27.48,1.7,1.97,2026-06-01,2026-06-01 13:44:58
6833,太康精密,26.1,25.7,26.3,25.3,37.69,40.19,46.57,-0.09,0.0,-0.09,28.03,26.53,25.03,103,47,2.15,13.04,,,,2026-06-01,2026-06-01 13:44:59
6834,天二科技,77.0,78.0,82.7,76.6,75.78,81.6,79.79,10.26,8.7,1.56,87.84,58.46,29.08,811,1675,0.48,68.12,154.0,0.4,0.52,2026-06-01,2026-06-01 13:45:01
6835,圓裕,38.2,39.3,39.4,38.2,48.38,53.62,43.55,0.05,-0.01,0.06,39.48,38.28,37.08,1356,615,2.21,25.11,40.64,2.0,5.24,2026-06-01,2026-06-01 13:45:02
6838,台新藥,25.15,25.2,25.55,24.9,14.24,11.84,27.27,-0.75,-0.7,-0.05,27.39,26.01,24.63,163,186,0.88,37.97,,,,2026-06-01,2026-06-01 13:45:04
6839,開陽能源,12.15,11.95,12.2,11.9,70.08,59.28,57.14,-0.26,-0.3,0.04,13.22,12.2,11.19,57,106,0.54,9.87,,,,2026-06-01,2026-06-01 13:45:05
6840,東研信超,65.4,63.5,66.0,63.4,62.92,54.36,55.65,-0.74,-0.88,0.14,67.48,63.95,60.42,158,128,1.24,20.11,41.92,0.3,0.46,2026-06-01,2026-06-01 13:45:06
6841,長佳智能,56.4,56.0,56.9,55.7,20.3,23.78,38.89,-0.67,-0.32,-0.36,61.62,58.57,55.52,320,404,0.79,53.27,63.37,1.0,1.77,2026-06-01,2026-06-01 13:45:08
6842,一元素,112.5,115.5,116.5,106.5,47.03,33.95,43.12,-2.79,-1.28,-1.5,155.77,118.88,81.98,223,274,0.82,25.88,29.92,,,2026-06-01,2026-06-01 13:45:09
6843,進典,40.9,41.0,41.2,40.8,16.58,23.69,25.64,-1.23,-1.02,-0.21,48.01,44.01,40.01,39,31,1.26,13.62,19.29,,,2026-06-01,2026-06-01 13:45:11
6844,諾貝兒,64.5,63.8,64.5,63.4,48.18,64.19,48.94,0.38,0.52,-0.14,67.07,65.0,62.93,34,32,1.07,24.14,27.45,5.1,7.91,2026-06-01,2026-06-01 13:45:12
6846,綠茵,67.3,67.4,68.5,66.7,28.62,29.64,29.17,-0.78,-0.56,-0.22,71.14,68.9,66.67,21,23,0.91,18.22,14.79,3.94,5.85,2026-06-01,2026-06-01 13:45:13
6847,普瑞博,87.1,76.3,93.7,76.3,79.61,73.66,81.77,4.82,2.74,2.09,80.37,67.01,53.66,189,91,2.06,12.39,,,,2026-06-01,2026-06-01 13:45:15
6848,拉法醫,19.6,19.6,19.6,19.0,64.93,66.63,56.67,0.31,0.39,-0.08,19.82,19.34,18.86,14,14,0.96,,11.95,0.3,1.53,2026-06-01,2026-06-01 13:45:16
6849,奇鼎科技,204.5,210.0,211.0,201.0,36.27,41.57,31.02,-0.22,4.65,-4.87,260.84,226.95,193.06,334,349,0.96,,,,,2026-06-01,2026-06-01 13:45:17
6850,光鼎生技,35.7,35.5,36.0,34.65,50.59,45.44,67.8,-0.51,-0.74,0.23,35.83,35.01,34.18,61,26,2.3,11.81,892.5,0.3,0.84,2026-06-01,2026-06-01 13:45:18
6854,錼創科技-KY創,148.0,152.0,152.0,146.0,26.64,39.36,50.38,0.13,0.73,-0.6,168.46,153.0,137.54,966,1100,0.88,173.26,90.8,,,2026-06-01,2026-06-01 13:45:19
6855,數泓科,117.5,117.5,117.5,117.5,58.11,48.75,69.23,0.9,-0.44,1.34,113.28,105.72,98.17,31,25,1.25,27.32,15.08,6.0,5.11,2026-06-01,2026-06-01 13:45:21
6856,鑫傳,49.3,49.5,49.6,49.3,44.63,64.94,55.16,-0.12,-0.1,-0.03,53.79,50.74,47.68,5,4,1.25,13.9,18.82,3.4,6.9,2026-06-01,2026-06-01 13:45:22
6857,宏�硒撢�,97.5,95.0,97.5,95.0,63.76,48.01,53.33,-0.42,-0.74,0.32,98.81,95.9,92.99,7,2,3.43,14.85,,,,2026-06-01,2026-06-01 13:45:23
6858,愛比科技,24.2,24.2,24.3,24.15,16.37,22.63,50.39,-0.31,-0.22,-0.08,26.97,24.97,22.97,56,23,2.39,6.59,,,,2026-06-01,2026-06-01 13:45:24
6859,伯特光,132.0,127.0,133.5,124.0,75.38,61.46,70.15,1.81,0.57,1.24,129.2,120.95,112.7,426,225,1.9,54.9,46.48,2.5,1.89,2026-06-01,2026-06-01 13:45:25
6861,睿生光電,396.0,435.0,439.0,396.0,34.63,45.55,45.19,41.79,52.84,-11.05,474.49,421.15,367.81,2236,2163,1.03,164.73,104.76,1.8,0.45,2026-06-01,2026-06-01 13:45:27
6862,三集瑞-KY,214.0,228.0,245.0,209.5,76.44,71.79,70.54,7.79,2.1,5.69,215.79,179.85,143.91,5537,2661,2.08,107.0,25.97,6.0,2.8,2026-06-01,2026-06-01 13:45:28
6863,永道-KY,110.5,110.0,112.0,109.5,57.13,53.85,37.88,2.47,2.91,-0.44,118.8,109.5,100.2,137,122,1.12,82.75,36.83,1.5,1.36,2026-06-01,2026-06-01 13:45:29
6864,元樟生技,50.3,51.7,51.7,50.3,21.03,31.7,22.32,-1.78,-1.42,-0.37,60.01,55.3,50.59,232,83,2.77,18.98,,,,2026-06-01,2026-06-01 13:45:31
6865,偉康科技,26.0,27.55,27.55,26.0,18.09,17.72,8.33,-2.48,-2.14,-0.33,38.39,30.52,22.66,28,36,0.77,4.03,17.22,1.4,5.38,2026-06-01,2026-06-01 13:45:33
6867,坦德科技,21.5,21.25,21.9,21.0,51.73,40.07,26.58,-0.66,-0.54,-0.12,24.85,22.44,20.03,43,30,1.43,7.52,,3.59,16.7,2026-06-01,2026-06-01 13:45:34
6868,采威國際,34.5,34.2,34.5,33.55,75.51,73.82,67.26,0.96,0.19,0.77,37.61,30.81,24.01,7,36,0.21,8.64,,1.2,3.48,2026-06-01,2026-06-01 13:45:36
6869,雲豹能源,85.3,85.4,85.9,84.2,63.26,54.92,50.78,-0.58,-1.31,0.73,89.28,83.34,77.39,813,1020,0.8,113.75,8.34,5.01,5.87,2026-06-01,2026-06-01 13:45:37
6870,騰雲,292.5,278.0,292.5,278.0,95.37,93.63,94.17,21.53,12.64,8.89,279.28,212.72,146.17,232,296,0.79,68.29,42.95,4.22,1.44,2026-06-01,2026-06-01 13:45:38
6872,浩宇生醫,17.1,17.4,17.4,17.1,12.05,14.65,24.44,-0.17,-0.04,-0.12,18.73,18.05,17.37,45,55,0.82,12.1,,,,2026-06-01,2026-06-01 13:45:39
6873,泓德能源,90.2,89.9,90.9,88.1,58.98,56.28,50.2,-0.03,-0.5,0.47,95.18,88.76,82.35,684,999,0.68,128.67,25.2,4.61,5.11,2026-06-01,2026-06-01 13:45:40
6874,倍力,82.0,80.6,82.6,80.3,41.29,22.61,42.33,-1.91,-1.77,-0.13,91.22,82.65,74.09,149,65,2.29,17.68,26.54,4.04,4.93,2026-06-01,2026-06-01 13:45:41
6875,國邑*,35.6,38.0,38.0,35.0,16.64,21.18,46.43,-0.33,-0.17,-0.16,39.78,36.94,34.11,149,145,1.03,45.99,,,,2026-06-01,2026-06-01 13:45:43
6876,朗齊生醫*,16.8,17.2,17.85,16.4,23.44,26.87,16.07,-0.8,-0.59,-0.22,21.66,19.54,17.43,677,548,1.23,11.88,,,,2026-06-01,2026-06-01 13:45:45
6877,鏵友益,162.0,164.5,169.0,161.5,57.33,57.37,44.78,3.11,3.77,-0.66,180.86,162.68,144.49,250,623,0.4,76.09,274.58,0.1,0.06,2026-06-01,2026-06-01 13:45:46
6878,歐付寶,9.66,10.05,10.05,9.66,44.42,52.53,40.52,-0.2,-0.21,0.01,10.5,10.05,9.6,111,50,2.22,7.02,,,,2026-06-01,2026-06-01 13:45:47
6879,大江基因,37.0,35.5,37.0,35.5,87.78,81.56,64.29,0.18,0.13,0.04,37.69,36.22,34.76,1,5,0.21,9.79,24.34,2.0,5.41,2026-06-01,2026-06-01 13:45:48
6881,潤德,267.0,255.0,268.5,255.0,57.91,54.96,39.62,3.61,5.07,-1.47,275.22,270.98,266.73,13,8,1.63,40.05,13.77,15.0,5.62,2026-06-01,2026-06-01 13:45:51
6882,甲尚,20.6,20.1,21.55,19.65,41.61,40.22,59.41,0.7,0.83,-0.13,21.74,19.73,17.72,79,61,1.28,4.78,,0.5,2.43,2026-06-01,2026-06-01 13:45:53
6883,微電能源,14.75,15.4,15.45,14.25,12.56,11.78,14.58,-0.63,0.1,-0.73,26.56,18.77,10.97,67,85,0.79,11.25,,,,2026-06-01,2026-06-01 13:45:54
6884,海柏特,33.35,33.2,33.35,33.15,39.35,31.64,48.89,-0.38,-0.38,-0.0,34.73,33.6,32.48,16,10,1.5,6.13,16.59,1.5,4.5,2026-06-01,2026-06-01 13:45:55
6885,全福生技,22.35,20.7,22.7,20.7,38.11,30.09,52.63,-0.56,-0.57,0.02,23.66,22.08,20.5,824,535,1.54,29.73,,,,2026-06-01,2026-06-01 13:45:56
6886,遠東生技,47.95,47.95,47.95,46.0,49.74,52.8,46.27,-0.5,-0.42,-0.08,50.12,47.96,45.8,0,3,0.09,15.25,25.51,1.0,2.09,2026-06-01,2026-06-01 13:45:58
6887,寶綠特-KY,36.95,33.5,37.95,33.5,64.06,43.74,45.59,-1.57,-1.85,0.28,41.23,36.06,30.89,50,69,0.72,27.39,8.16,3.96,10.72,2026-06-01,2026-06-01 13:45:59
6890,來億-KY,174.5,169.0,177.0,169.0,54.11,50.91,59.09,2.11,1.07,1.04,176.16,164.68,153.19,928,551,1.69,435.2,13.47,9.0,5.16,2026-06-01,2026-06-01 13:46:00
6891,樂迦再生,55.2,53.3,55.7,51.0,54.29,54.41,42.44,0.41,1.07,-0.66,64.7,55.06,45.42,837,809,1.04,,,,,2026-06-01,2026-06-01 13:46:01
6892,台寶生醫,27.1,28.0,28.1,25.65,58.59,67.9,69.09,0.41,0.26,0.15,29.29,26.74,24.18,303,237,1.28,25.1,,,,2026-06-01,2026-06-01 13:46:03
6894,衛司特,409.0,394.5,409.5,385.5,82.37,71.25,74.64,11.74,6.41,5.33,394.64,355.75,316.86,297,234,1.27,97.34,37.49,8.5,2.08,2026-06-01,2026-06-01 13:46:04
6895,宏碩系統,146.5,145.5,146.5,141.5,18.31,16.94,26.79,-5.33,-4.65,-0.68,171.42,156.38,141.33,112,117,0.96,49.96,40.81,2.9,1.98,2026-06-01,2026-06-01 13:46:05
6898,程曦資訊,99.2,98.1,99.3,96.1,49.65,43.76,32.74,-2.75,-2.48,-0.27,110.72,103.44,96.16,78,47,1.65,28.78,16.79,5.3,5.34,2026-06-01,2026-06-01 13:46:06
6899,創為精密,66.1,65.5,68.4,64.1,66.84,56.49,64.02,2.71,2.24,0.47,68.56,60.04,51.52,375,417,0.9,27.69,18.52,2.43,3.68,2026-06-01,2026-06-01 13:46:09
6901,鑽石投資,13.15,12.55,13.15,12.4,24.11,20.29,47.5,-0.35,-0.26,-0.09,14.75,13.42,12.08,1429,1962,0.73,112.15,,,,2026-06-01,2026-06-01 13:46:11
6902,GOGOLOOK,147.0,147.0,149.0,142.0,77.67,74.45,84.33,12.04,10.18,1.85,154.19,120.12,86.06,398,428,0.93,52.23,93.63,,,2026-06-01,2026-06-01 13:46:12
6903,巨漢,401.0,399.5,406.5,392.5,43.59,44.07,43.31,6.77,9.12,-2.35,439.42,405.0,370.58,675,1275,0.53,264.05,37.83,8.0,2.0,2026-06-01,2026-06-01 13:46:13
6904,伯鑫,118.0,116.0,118.0,116.0,80.21,73.86,64.29,-0.43,-0.95,0.51,118.17,115.28,112.38,3,1,1.67,21.83,21.77,5.0,4.24,2026-06-01,2026-06-01 13:46:14
6906,現觀科,105.0,109.5,111.5,101.0,86.4,85.76,84.29,10.53,6.28,4.25,114.06,78.15,42.23,359,584,0.62,33.85,56.15,3.33,3.17,2026-06-01,2026-06-01 13:46:15
6907,雅特力-KY,128.0,124.5,130.5,122.0,67.09,53.79,52.13,-0.12,-0.57,0.45,135.55,122.1,108.65,1960,1139,1.72,,,,,2026-06-01,2026-06-01 13:46:16
6908,宏碁遊戲-創,40.95,39.0,41.6,39.0,54.13,38.58,60.0,-0.92,-1.35,0.44,41.12,39.05,36.97,105,45,2.3,15.23,28.44,1.24,3.03,2026-06-01,2026-06-01 13:46:17
6909,創控,52.8,53.3,54.5,52.4,51.99,46.29,40.57,-0.5,-0.3,-0.2,58.53,53.33,48.13,635,810,0.78,35.49,53.33,1.0,1.89,2026-06-01,2026-06-01 13:46:18
6910,德鴻,29.0,28.0,29.1,28.0,67.1,55.22,57.04,-0.29,-0.46,0.17,29.74,27.92,26.11,96,46,2.09,8.85,14.65,1.75,6.03,2026-06-01,2026-06-01 13:46:21
6911,群運,32.1,31.9,32.1,31.5,42.35,34.22,53.85,-0.28,-0.29,0.01,32.91,32.12,31.32,123,78,1.57,7.19,25.68,2.0,6.23,2026-06-01,2026-06-01 13:46:22
6912,益鈞環科*,13.7,14.25,14.25,13.35,16.0,18.5,28.32,-1.06,-0.86,-0.21,18.86,15.98,13.11,344,307,1.12,21.66,,,,2026-06-01,2026-06-01 13:46:24
6913,鴻呈,140.0,142.5,142.5,136.5,59.34,63.9,50.43,3.84,3.81,0.04,148.34,136.35,124.36,372,875,0.43,,17.31,2.5,1.79,2026-06-01,2026-06-01 13:46:25
6914,阜爾運通,141.0,141.5,141.5,138.5,24.12,20.79,28.57,-1.71,-1.6,-0.12,147.31,143.28,139.24,229,126,1.82,93.38,14.73,6.0,4.26,2026-06-01,2026-06-01 13:46:26
6915,美強光,62.0,65.3,65.3,61.7,38.43,44.46,39.05,0.76,2.45,-1.7,90.75,70.93,51.11,114,76,1.49,21.89,,,,2026-06-01,2026-06-01 13:46:27
6916,華凌,18.55,18.6,18.6,18.2,58.42,50.02,50.0,-0.08,-0.15,0.07,19.19,18.03,16.87,64,45,1.4,12.52,,0.28,1.51,2026-06-01,2026-06-01 13:46:28
6917,竟天,33.0,29.95,33.2,29.95,26.19,24.5,37.54,-0.59,0.21,-0.8,41.5,35.24,28.98,505,550,0.92,18.24,,,,2026-06-01,2026-06-01 13:46:30
6918,愛派司,73.5,73.9,73.9,72.2,26.08,21.68,25.93,-0.64,-0.53,-0.11,77.94,74.63,71.32,77,44,1.74,25.04,14.27,5.0,6.8,2026-06-01,2026-06-01 13:46:31
6919,康霈*,98.6,101.5,102.5,98.5,21.4,32.88,51.87,-1.45,-1.65,0.2,106.97,100.6,94.22,5043,6341,0.8,1534.58,18.36,,,2026-06-01,2026-06-01 13:46:32
6920,恆勁科技,126.5,120.0,131.0,118.0,62.37,57.7,59.63,8.66,8.28,0.38,134.56,111.08,87.6,4463,5678,0.79,262.13,,,,2026-06-01,2026-06-01 13:46:33
6921,嘉雨思-創,75.5,75.0,75.9,75.0,28.59,27.65,26.71,-2.37,-1.76,-0.62,92.66,80.42,68.19,19,43,0.46,24.04,215.71,,,2026-06-01,2026-06-01 13:46:34
6922,宸曜,212.0,211.0,218.0,208.0,70.38,60.86,73.39,7.25,5.69,1.56,203.35,187.45,171.55,1475,589,2.5,57.57,31.13,4.79,2.26,2026-06-01,2026-06-01 13:46:35
6923,中台,77.3,77.6,77.7,76.6,41.38,40.97,25.53,-1.2,-1.01,-0.19,84.76,79.81,74.87,165,175,0.94,70.72,25.51,4.02,5.2,2026-06-01,2026-06-01 13:46:36
6924,榮惠-KY創,176.0,181.5,181.5,169.0,80.62,87.33,82.47,22.29,19.8,2.49,203.52,139.26,75.0,157,102,1.54,36.3,31.21,5.5,3.12,2026-06-01,2026-06-01 13:46:37
6925,意藍,62.8,57.2,62.8,57.2,44.19,23.96,52.47,-2.56,-2.88,0.32,67.48,61.11,54.75,468,159,2.93,12.56,20.19,2.0,3.18,2026-06-01,2026-06-01 13:46:39
6926,聖安生醫,64.0,61.9,64.7,61.9,69.96,69.04,51.06,-0.43,-0.52,0.09,65.4,64.29,63.17,25,23,1.08,31.87,,,,2026-06-01,2026-06-01 13:46:40
6927,聯合聚晶,65.2,61.5,65.7,61.1,58.17,48.06,63.67,3.1,3.39,-0.29,69.91,58.6,47.29,244,155,1.57,24.96,,0.25,0.38,2026-06-01,2026-06-01 13:46:41
6928,攸泰科技,48.2,47.7,49.55,47.1,57.5,53.01,53.33,-0.24,-0.35,0.12,51.5,47.56,43.62,325,181,1.79,41.45,,0.5,1.04,2026-06-01,2026-06-01 13:46:42
6929,佑全,22.05,21.9,22.05,21.9,19.03,16.33,19.72,-1.6,-1.65,0.05,25.87,23.35,20.83,7,13,0.57,9.94,,,,2026-06-01,2026-06-01 13:46:43
6931,青松健康,40.0,40.0,40.55,39.55,19.66,22.94,33.85,-2.04,-2.18,0.14,44.37,41.47,38.56,85,88,0.96,26.46,28.78,0.96,2.4,2026-06-01,2026-06-01 13:46:44
6932,水星生醫*,6.91,7.21,7.21,6.65,51.55,40.12,30.94,-0.27,-0.26,-0.01,8.14,7.26,6.39,536,500,1.07,28.82,,,,2026-06-01,2026-06-01 13:46:46
6933,AMAX-KY,189.5,189.0,189.5,188.5,69.76,48.87,56.0,1.75,0.45,1.3,185.18,167.35,149.52,650,349,1.86,80.32,38.52,2.0,1.06,2026-06-01,2026-06-01 13:46:47
6934,心誠鎂,72.6,74.0,74.0,72.0,42.31,49.3,37.29,-2.37,-2.5,0.14,80.67,75.65,70.63,87,72,1.21,26.12,,,,2026-06-01,2026-06-01 13:46:48
6935,王子製藥,30.3,30.0,30.3,29.9,43.03,41.03,49.7,0.0,0.05,-0.05,31.47,29.98,28.5,61,23,2.58,11.34,11.61,,,2026-06-01,2026-06-01 13:46:50
6936,永鴻生技,33.4,32.95,33.4,32.95,23.35,17.19,42.25,-0.41,-0.4,-0.01,34.78,33.6,32.42,34,61,0.55,24.32,18.35,1.51,4.52,2026-06-01,2026-06-01 13:46:50
6937,天虹,311.0,303.0,312.0,295.0,47.0,51.75,53.44,4.8,5.24,-0.44,346.81,308.4,269.99,1017,990,1.03,209.85,103.67,2.1,0.68,2026-06-01,2026-06-01 13:46:51
6938,藍新資訊,100.5,100.0,103.5,98.0,66.75,58.08,50.73,1.76,2.16,-0.39,114.08,101.13,88.17,28,26,1.07,12.63,16.56,5.0,4.98,2026-06-01,2026-06-01 13:46:53
6939,啟弘生技,20.45,20.45,20.45,20.45,16.86,15.0,29.69,-0.49,-0.03,-0.45,26.53,22.58,18.62,0,16,0.01,7.16,,,,2026-06-01,2026-06-01 13:46:55
6940,格斯科技*,30.35,29.0,30.55,28.7,88.84,78.9,87.67,1.62,0.7,0.91,28.57,22.94,17.31,4943,4003,1.23,94.75,,,,2026-06-01,2026-06-01 13:46:56
6944,兆聯實業,932.0,959.0,959.0,922.0,54.54,52.9,55.05,9.85,10.88,-1.03,976.66,928.85,881.04,504,683,0.74,714.73,29.67,14.0,1.5,2026-06-01,2026-06-01 13:46:57
6945,圓祥生技,126.5,125.5,126.5,122.5,10.85,13.25,25.95,-15.34,-11.73,-3.61,197.62,157.05,116.48,466,792,0.59,108.25,,,,2026-06-01,2026-06-01 13:46:59
6946,三地能源,11.0,11.0,11.0,10.5,44.8,40.34,31.11,-0.68,-0.59,-0.09,13.99,12.04,10.09,58,129,0.45,35.62,,,,2026-06-01,2026-06-01 13:47:01
6947,台鎔科技,81.3,80.0,82.3,79.9,70.88,65.16,60.53,0.29,0.09,0.2,81.49,79.21,76.93,814,344,2.36,76.69,116.14,0.6,0.74,2026-06-01,2026-06-01 13:47:02
6949,沛爾生醫-創,644.0,667.0,667.0,607.0,23.49,25.46,43.18,-14.0,-8.82,-5.18,742.38,683.45,624.52,291,225,1.29,422.08,,,,2026-06-01,2026-06-01 13:47:04
6951,青新-創,81.1,83.0,83.0,81.1,59.49,59.08,60.0,0.38,0.32,0.06,82.48,80.85,79.22,125,50,2.47,37.31,15.16,4.0,4.93,2026-06-01,2026-06-01 13:47:05
6952,大武山,37.0,36.55,37.45,36.55,34.12,23.63,50.0,-0.48,-0.56,0.08,37.7,36.96,36.22,25,34,0.73,24.92,,2.0,5.41,2026-06-01,2026-06-01 13:47:06
6953,家碩,247.0,242.0,251.5,242.0,21.13,27.42,35.15,-0.95,2.43,-3.38,294.61,261.82,229.04,108,141,0.77,74.14,31.11,6.0,2.43,2026-06-01,2026-06-01 13:47:07
6955,邦睿生技-創,145.0,145.0,145.0,141.5,25.14,25.88,8.57,-4.18,-3.62,-0.56,163.79,153.72,143.66,23,16,1.37,35.96,35.19,1.5,1.03,2026-06-01,2026-06-01 13:47:08
6957,裕慶-KY,171.5,168.0,172.5,166.0,79.13,72.25,73.58,1.59,0.4,1.19,168.65,161.5,154.35,222,154,1.45,94.03,16.86,13.16,7.67,2026-06-01,2026-06-01 13:47:09
6958,日盛台駿,17.4,17.35,17.65,17.0,58.22,44.43,41.67,-0.42,-0.43,0.01,19.54,17.62,15.7,78,75,1.03,69.82,,0.2,1.15,2026-06-01,2026-06-01 13:47:11
6959,兆捷科技,135.5,129.0,140.5,129.0,74.55,71.26,65.54,1.43,0.15,1.27,139.86,121.83,103.79,345,447,0.77,53.07,,,,2026-06-01,2026-06-01 13:47:12
6961,旅天下,60.2,60.5,60.6,60.1,68.66,48.71,58.33,0.32,0.22,0.11,60.8,59.16,57.52,154,94,1.63,16.15,14.23,5.0,8.31,2026-06-01,2026-06-01 13:47:13
6962,奕力-KY,38.1,38.45,38.95,37.9,45.58,51.33,51.76,0.78,0.87,-0.09,40.25,37.6,34.96,4969,5080,0.98,187.6,13.32,2.0,5.25,2026-06-01,2026-06-01 13:47:14
6963,品元,27.1,27.1,27.1,27.1,81.66,58.61,49.06,-0.15,-0.31,0.16,27.83,26.51,25.2,2,0,4.06,4.33,,,,2026-06-01,2026-06-01 13:47:15
6965,中傑-KY,79.1,77.9,79.5,76.0,65.59,46.18,35.0,-2.07,-2.3,0.23,87.42,79.54,71.66,148,80,1.83,123.68,22.6,6.0,7.59,2026-06-01,2026-06-01 13:47:16
6967,汎瑋材料,70.9,71.4,72.8,70.9,15.94,22.42,32.48,-0.51,0.1,-0.61,83.35,74.63,65.91,98,101,0.96,17.3,17.68,3.7,5.22,2026-06-01,2026-06-01 13:47:18
6968,萬達寵物,43.0,42.6,43.2,42.6,14.44,20.17,45.9,-0.44,-0.46,0.02,44.8,43.4,42.0,141,127,1.11,21.26,17.48,1.0,2.33,2026-06-01,2026-06-01 13:47:19
6969,成信實業*-創,28.2,27.6,28.2,27.6,42.34,32.01,41.94,-0.29,-0.31,0.02,29.0,28.26,27.52,121,85,1.43,12.37,,,,2026-06-01,2026-06-01 13:47:22
6971,惠民實業,27.05,27.05,27.15,27.0,41.5,50.61,39.42,-0.47,-0.49,0.02,29.34,27.69,26.04,49,52,0.94,10.46,11.22,,,2026-06-01,2026-06-01 13:47:23
6972,博瑞達應材,23.8,23.9,23.9,22.65,50.87,56.89,38.81,-0.51,-0.48,-0.03,25.14,24.18,23.23,18,14,1.27,,,,,2026-06-01,2026-06-01 13:47:24
6973,永立榮,33.1,34.0,34.0,32.85,33.78,38.4,38.6,-0.72,-0.73,0.01,35.8,34.3,32.79,33,26,1.27,12.76,,,,2026-06-01,2026-06-01 13:47:25
6976,育世博-KY,12.8,12.4,13.6,12.05,26.58,24.86,47.44,-0.03,0.06,-0.09,13.63,12.89,12.14,884,990,0.89,74.38,,,,2026-06-01,2026-06-01 13:47:26
6977,聯純,287.0,291.0,291.5,285.5,33.21,29.79,20.88,-7.16,-2.66,-4.5,374.54,315.88,257.21,95,63,1.51,39.04,17.71,2.0,0.7,2026-06-01,2026-06-01 13:47:28
6979,勝釩,205.0,213.0,220.0,194.5,29.46,36.49,29.53,4.96,11.59,-6.63,272.1,239.68,207.25,44,36,1.22,24.6,34.75,,,2026-06-01,2026-06-01 13:47:29
6980,鐳洋科技,158.5,165.0,169.0,158.5,26.07,41.7,42.64,-3.61,-1.71,-1.89,191.13,171.55,151.97,154,161,0.96,45.96,155.39,,,2026-06-01,2026-06-01 13:47:30
6982,大井泵浦,55.1,56.0,56.0,54.7,49.77,50.32,61.0,0.43,0.1,0.33,57.53,53.71,49.89,71,99,0.72,22.49,918.33,1.6,2.9,2026-06-01,2026-06-01 13:47:31
6983,華洋精機,370.5,380.0,398.0,361.5,35.06,40.97,48.06,-11.12,-9.78,-1.34,479.1,401.62,324.15,192,382,0.5,66.76,83.63,3.0,0.81,2026-06-01,2026-06-01 13:47:33
6984,ACPAY,17.0,20.5,20.5,16.4,51.87,52.88,44.2,-0.67,-1.22,0.55,23.75,18.17,12.59,51,62,0.84,3.27,,,,2026-06-01,2026-06-01 13:47:34
6986,和迅,62.3,63.7,64.7,61.7,53.95,44.67,54.26,0.22,0.04,0.17,63.18,60.98,58.79,169,129,1.31,28.66,25.64,0.22,0.35,2026-06-01,2026-06-01 13:47:35
6987,寶晶能源*,21.0,20.45,21.1,20.45,69.61,54.33,68.52,-0.03,-0.13,0.1,20.58,20.01,19.45,291,187,1.56,46.87,20.19,0.52,2.48,2026-06-01,2026-06-01 13:47:36
6988,威力暘-創,15.35,15.75,16.1,15.3,19.09,35.11,53.09,0.37,0.46,-0.1,17.9,15.84,13.78,77,87,0.89,7.12,,0.45,2.93,2026-06-01,2026-06-01 13:47:38
6990,華鉬,129.5,143.5,148.0,127.5,50.72,59.41,60.71,16.97,16.07,0.9,183.61,114.61,45.6,825,637,1.29,,,0.48,0.37,2026-06-01,2026-06-01 13:47:40
6994,富威電力,66.0,64.8,67.0,63.0,79.51,62.91,53.38,-1.3,-2.88,1.58,70.32,59.49,48.65,1017,951,1.07,47.76,10.66,0.95,1.44,2026-06-01,2026-06-01 13:47:41
6995,野獸國,46.35,46.6,46.75,46.35,26.05,37.57,44.1,-1.17,-1.2,0.03,49.42,47.85,46.28,46,31,1.47,11.74,51.5,0.15,0.32,2026-06-01,2026-06-01 13:47:42
6996,力領科技,189.5,191.5,191.5,185.5,41.04,49.71,50.42,4.39,4.97,-0.58,196.84,187.97,179.11,198,200,0.99,79.59,15.75,10.0,5.28,2026-06-01,2026-06-01 13:47:44
6997,博弘,77.5,71.5,78.6,71.5,61.39,41.16,54.55,-1.97,-2.79,0.81,78.51,71.45,64.39,33,13,2.55,17.13,15.2,5.0,6.45,2026-06-01,2026-06-01 13:47:45
6999,瀚醫生技,31.0,31.0,31.0,31.0,86.17,80.79,57.94,0.17,0.06,0.11,32.17,30.73,29.29,0,1,0.04,6.82,30.39,0.6,1.94,2026-06-01,2026-06-01 13:47:46
7402,邑錡,104.0,102.0,108.0,102.0,53.12,38.73,37.46,-5.41,-6.03,0.62,127.61,105.2,82.8,635,460,1.38,36.69,1040.0,1.8,1.73,2026-06-01,2026-06-01 13:47:48
7547,碩網,63.4,61.8,64.9,61.3,14.48,13.84,40.07,-2.23,-1.35,-0.88,76.97,68.45,59.93,143,173,0.82,21.32,24.77,1.35,2.13,2026-06-01,2026-06-01 13:47:49
7556,意德士,278.5,286.0,288.0,277.5,56.95,55.35,52.83,6.29,7.94,-1.65,298.51,274.9,251.29,113,155,0.73,76.09,41.32,,,2026-06-01,2026-06-01 13:47:52
7584,樂意,23.6,24.25,24.25,23.5,20.54,15.61,18.66,-2.33,-1.89,-0.43,35.36,28.46,21.57,13,34,0.38,3.79,,4.0,16.95,2026-06-01,2026-06-01 13:47:54
7610,聯友金屬-創,1615.0,1580.0,1620.0,1515.0,95.93,93.37,95.56,217.79,175.66,42.13,1589.59,1054.8,520.01,343,265,1.29,784.66,304.14,0.2,0.01,2026-06-01,2026-06-01 13:47:55
7631,聚賢研發-創,125.0,126.0,127.5,125.0,57.25,59.35,44.68,0.06,0.32,-0.27,129.42,125.4,121.38,20,31,0.67,25.18,19.35,3.0,2.4,2026-06-01,2026-06-01 13:47:56
7642,昶瑞機電,66.8,66.6,67.0,66.4,21.06,22.85,36.55,-1.06,-0.86,-0.2,74.9,69.11,63.31,27,25,1.09,20.14,20.3,,,2026-06-01,2026-06-01 13:47:58
7703,銳澤,208.5,206.5,208.5,204.5,32.74,35.68,49.0,-1.73,-1.63,-0.09,219.61,211.43,203.24,370,287,1.29,72.44,23.99,7.0,3.36,2026-06-01,2026-06-01 13:48:00
7704,明遠精密,62.4,59.8,62.4,59.8,23.11,27.77,52.48,0.89,1.68,-0.79,70.16,63.15,56.14,109,256,0.43,21.07,30.44,1.8,2.88,2026-06-01,2026-06-01 13:48:01
7705,三商餐飲,31.35,30.9,31.45,30.7,45.64,41.26,53.93,-0.69,-0.83,0.14,32.64,31.29,29.94,59,47,1.25,20.71,16.33,3.8,12.12,2026-06-01,2026-06-01 13:48:03
7708,全家餐飲,91.9,92.4,92.4,91.5,63.54,51.45,53.66,0.02,0.02,0.0,93.74,92.03,90.31,24,12,2.0,23.43,14.29,5.5,5.98,2026-06-01,2026-06-01 13:48:05
7709,榮田,121.5,121.5,121.5,121.5,89.25,77.45,81.91,8.7,5.86,2.84,111.64,89.47,67.29,158,369,0.43,47.51,49.59,1.5,1.23,2026-06-01,2026-06-01 13:48:06
7711,永擎,413.0,418.0,424.5,406.0,63.84,50.01,49.5,9.42,12.78,-3.37,464.24,401.8,339.36,1553,998,1.56,296.06,32.78,9.0,2.18,2026-06-01,2026-06-01 13:48:07
7712,博盛半導體,161.5,168.0,172.5,161.0,41.03,56.29,49.78,11.81,12.47,-0.66,190.94,154.9,118.86,885,1765,0.5,52.59,29.96,4.0,2.48,2026-06-01,2026-06-01 13:48:08
7713,威力德生醫,73.9,67.2,73.9,66.9,64.12,49.75,77.0,0.39,0.07,0.33,71.09,68.06,65.03,212,62,3.38,33.61,16.35,4.1,5.55,2026-06-01,2026-06-01 13:48:09
7714,創泓科技,125.5,117.5,126.5,117.5,50.92,42.2,51.86,-2.09,-1.98,-0.11,131.84,123.76,115.69,160,113,1.41,26.36,20.02,5.0,3.98,2026-06-01,2026-06-01 13:48:11
7715,裕山,27.95,27.65,28.0,27.5,48.3,52.32,59.06,0.25,0.19,0.07,28.99,27.49,25.98,31,71,0.45,9.15,9.16,1.8,6.44,2026-06-01,2026-06-01 13:48:12
7716,昱臺國際,26.2,25.2,26.2,25.2,89.84,81.44,71.15,0.06,-0.08,0.14,26.18,25.17,24.15,10,3,2.63,5.9,11.75,2.0,7.63,2026-06-01,2026-06-01 13:48:14
7717,萊德光電-KY,669.0,710.0,710.0,643.0,38.52,43.95,51.34,-17.54,-20.62,3.08,731.18,670.8,610.42,717,462,1.55,165.76,110.21,,,2026-06-01,2026-06-01 13:48:15
7718,友鋮,49.7,49.0,49.7,48.8,48.23,46.8,55.65,0.34,0.36,-0.01,50.12,48.91,47.69,62,37,1.65,22.64,13.29,2.5,5.03,2026-06-01,2026-06-01 13:48:17
7721,微程式,80.0,74.1,80.0,73.6,44.46,40.53,47.22,0.58,0.68,-0.09,82.76,75.94,69.12,1787,810,2.21,44.3,145.45,2.0,2.5,2026-06-01,2026-06-01 13:48:18
7722,LINEPAY,280.0,263.5,280.5,263.0,61.0,42.85,56.62,-8.33,-11.51,3.18,287.05,266.95,246.85,254,130,1.96,190.4,38.94,1.5,0.54,2026-06-01,2026-06-01 13:48:19
7723,築間,22.65,23.05,23.05,22.3,8.25,6.47,13.18,-2.19,-2.1,-0.09,29.52,25.48,21.44,191,154,1.24,10.79,,10.0,44.15,2026-06-01,2026-06-01 13:48:20
7728,光焱科技,740.0,752.0,770.0,740.0,59.92,60.62,47.84,-1.41,-6.2,4.79,815.2,747.35,679.5,89,147,0.61,102.52,150.1,7.03,0.95,2026-06-01,2026-06-01 13:48:22
7730,暉盛-創,215.0,214.0,223.0,213.0,37.98,53.37,71.74,12.67,12.12,0.56,244.41,196.78,149.14,106,119,0.89,79.11,124.28,1.0,0.47,2026-06-01,2026-06-01 13:48:23
7732,金興精密,36.05,36.0,36.5,35.9,74.58,66.77,64.94,0.11,0.01,0.1,36.39,35.46,34.53,69,30,2.25,22.96,20.84,1.5,4.16,2026-06-01,2026-06-01 13:48:24
7734,印能科技,3415.0,3595.0,3675.0,3400.0,43.87,43.04,38.77,132.72,197.33,-64.61,4187.86,3681.25,3174.64,240,305,0.79,947.66,102.12,21.72,0.64,2026-06-01,2026-06-01 13:48:25
7736,虎山,74.3,75.0,77.2,74.0,36.88,26.66,48.51,-1.14,-1.63,0.49,76.62,73.13,69.64,69,59,1.17,56.15,14.77,3.8,5.11,2026-06-01,2026-06-01 13:48:26
7738,東聯互動,174.0,172.0,175.0,172.0,60.73,47.14,47.78,-2.52,-3.38,0.87,183.32,171.8,160.28,51,58,0.87,47.6,11.93,4.5,2.59,2026-06-01,2026-06-01 13:48:27
7740,熙特爾-創,172.0,191.0,191.0,172.0,49.73,49.91,51.09,-1.02,-2.34,1.32,185.17,171.38,157.58,777,775,1.0,91.5,35.25,2.05,1.19,2026-06-01,2026-06-01 13:48:28
7743,金利食安,19.05,19.0,19.05,19.0,26.15,19.73,28.99,-0.32,-0.25,-0.07,20.78,19.6,18.42,5,16,0.3,6.95,33.42,1.4,7.35,2026-06-01,2026-06-01 13:48:30
7744,崴寶,504.0,493.0,520.0,493.0,26.15,18.39,40.73,-5.83,1.42,-7.25,608.21,533.3,458.39,301,253,1.19,161.28,31.13,7.0,1.39,2026-06-01,2026-06-01 13:48:32
7747,昕奇雲端,128.5,128.5,128.5,128.5,77.97,71.87,44.44,0.22,0.44,-0.22,133.4,128.8,124.2,1,2,0.38,35.24,31.97,3.45,2.68,2026-06-01,2026-06-01 13:48:33
7749,意騰-KY,499.0,510.0,533.0,494.0,32.54,39.32,48.11,15.88,20.79,-4.9,542.84,506.43,470.01,865,692,1.25,231.96,44.75,7.0,1.4,2026-06-01,2026-06-01 13:48:34
7750,新代,2250.0,2400.0,2425.0,2220.0,21.82,28.46,24.69,69.26,139.59,-70.33,2938.02,2560.75,2183.48,981,570,1.72,1614.33,66.29,16.0,0.71,2026-06-01,2026-06-01 13:48:35
7751,竑騰,1830.0,1830.0,1940.0,1745.0,66.92,59.85,49.82,-60.5,-58.92,-1.58,2386.74,1828.5,1270.26,1058,318,3.32,492.06,89.4,18.0,0.98,2026-06-01,2026-06-01 13:48:36
7753,星亞,43.55,44.55,44.55,43.4,58.26,55.6,58.08,0.34,0.22,0.12,44.1,42.4,40.71,71,58,1.23,10.89,10.54,1.33,3.05,2026-06-01,2026-06-01 13:48:37
7757,金色三麥,110.0,106.0,112.0,106.0,46.23,33.05,67.74,-0.28,-0.81,0.53,107.48,104.58,101.67,105,40,2.6,26.51,12.28,9.0,8.18,2026-06-01,2026-06-01 13:48:39
7760,享溫馨,32.3,30.3,32.8,30.3,28.16,22.59,10.0,-0.99,-1.0,0.01,35.17,33.73,32.3,190,169,1.13,21.35,48.21,1.95,6.04,2026-06-01,2026-06-01 13:48:40
7765,中華資安,271.0,247.5,272.0,247.5,68.17,58.23,74.77,5.62,4.24,1.38,262.12,245.68,229.23,448,161,2.78,110.25,23.71,9.22,3.4,2026-06-01,2026-06-01 13:48:41
7767,仁大資訊,41.6,42.3,42.3,41.3,8.75,12.05,18.07,-0.55,-0.37,-0.18,45.2,43.7,42.19,92,54,1.7,12.52,10.02,3.0,7.21,2026-06-01,2026-06-01 13:48:43
7768,頌勝科技,416.0,400.0,416.0,400.0,76.77,70.97,71.51,-5.33,-10.06,4.73,434.07,376.8,319.53,1077,421,2.55,291.47,142.96,3.45,0.83,2026-06-01,2026-06-01 13:48:44
7769,鴻勁,7515.0,8090.0,8165.0,7515.0,71.22,75.65,56.97,725.35,728.3,-2.95,8669.82,7027.25,5384.68,1260,968,1.3,13521.74,99.97,22.5,0.3,2026-06-01,2026-06-01 13:48:45
7770,君曜,44.05,44.0,44.8,42.1,54.68,51.03,39.51,-1.1,-1.31,0.21,50.01,45.01,40.0,19,50,0.38,13.24,14.78,4.0,9.08,2026-06-01,2026-06-01 13:48:46
7772,耀穎,146.5,148.0,153.0,141.0,26.48,33.02,36.87,-7.93,-3.99,-3.95,218.18,170.0,121.82,261,312,0.84,,,1.5,1.02,2026-06-01,2026-06-01 13:48:47
7777,能率亞洲,43.55,45.75,45.8,43.0,82.09,75.98,82.71,3.09,2.18,0.91,42.06,33.69,25.32,18575,9024,2.06,79.48,75.09,,,2026-06-01,2026-06-01 13:48:48
7780,大研生醫*,17.6,17.65,17.9,17.55,17.36,25.16,40.0,-0.47,-0.47,-0.0,19.04,18.23,17.41,1891,2213,0.85,141.78,352.0,0.34,1.93,2026-06-01,2026-06-01 13:48:49
7782,光速火箭,25.65,25.5,25.7,25.5,22.14,26.04,32.86,-0.3,-0.15,-0.15,28.1,26.65,25.2,15,31,0.48,5.92,12.1,5.03,19.61,2026-06-01,2026-06-01 13:48:50
7786,東方風能,115.0,118.5,118.5,114.0,20.49,19.26,21.69,-5.4,-4.85,-0.56,145.18,125.2,105.22,432,272,1.59,201.67,10.5,2.0,1.74,2026-06-01,2026-06-01 13:48:52
7788,松川精密,189.5,195.0,195.0,187.5,25.52,26.92,52.85,5.85,7.78,-1.94,215.17,188.4,161.63,621,738,0.84,151.12,52.2,2.5,1.32,2026-06-01,2026-06-01 13:48:54
7791,皇家可口,68.0,68.4,68.4,67.5,84.22,72.2,83.33,0.47,-0.14,0.61,67.64,64.48,61.32,66,110,0.6,54.4,12.14,3.81,5.6,2026-06-01,2026-06-01 13:48:55
7792,安葆,295.0,307.0,309.5,289.5,48.79,29.06,42.79,-15.76,-16.93,1.16,344.05,292.02,240.0,818,307,2.66,137.65,33.91,9.0,3.05,2026-06-01,2026-06-01 13:48:56
7794,宏碁智新,29.8,28.9,29.8,28.7,53.97,30.8,40.0,-2.58,-3.16,0.58,32.56,29.9,27.24,82,56,1.46,,8.14,,,2026-06-01,2026-06-01 13:48:58
7795,長廣,410.0,407.5,430.0,405.5,66.85,63.43,52.69,7.01,2.75,4.26,437.8,383.52,329.25,486,437,1.11,323.2,132.26,2.15,0.52,2026-06-01,2026-06-01 13:48:59
7799,禾榮科,330.0,318.0,341.0,307.5,52.16,47.77,48.85,-12.88,-15.82,2.93,360.54,327.9,295.26,460,329,1.4,521.39,34.48,,,2026-06-01,2026-06-01 13:49:00
7805,威聯通,799.0,806.0,816.0,791.0,78.68,70.41,71.17,25.2,18.43,6.78,809.26,740.1,670.94,185,166,1.11,264.67,18.06,40.0,5.01,2026-06-01,2026-06-01 13:49:04
7810,捷創科技,244.0,235.5,246.0,232.0,44.06,32.8,53.18,0.91,0.4,0.51,252.69,231.62,210.56,346,203,1.7,49.41,39.42,4.0,1.64,2026-06-01,2026-06-01 13:49:06
7811,民盛,79.3,79.2,80.0,79.2,59.16,51.3,46.1,-2.21,-2.87,0.66,83.3,79.85,76.4,10,46,0.22,26.47,9.81,6.0,7.57,2026-06-01,2026-06-01 13:49:07
7819,精誠金融,45.75,45.65,46.0,45.4,4.13,6.13,20.47,-6.75,-5.48,-1.27,76.08,59.15,42.21,233,403,0.58,11.56,15.78,1.74,3.8,2026-06-01,2026-06-01 13:49:09
7820,立盈,127.5,124.0,127.5,120.0,16.55,12.48,26.58,-9.94,-10.24,0.3,150.99,136.85,122.71,138,103,1.34,48.15,73.28,1.5,1.18,2026-06-01,2026-06-01 13:49:11
7821,神數,46.2,44.7,46.65,44.15,56.99,45.81,60.9,-2.26,-3.06,0.8,46.96,44.5,42.04,698,366,1.91,56.32,16.1,2.0,4.33,2026-06-01,2026-06-01 13:49:12
7822,倍利科,1095.0,1060.0,1095.0,1045.0,37.66,39.62,34.23,-82.23,-89.15,6.92,1384.46,1178.0,971.54,244,323,0.76,498.89,78.33,7.0,0.64,2026-06-01,2026-06-01 13:49:13
7823,奧義賽博-KY創,98.9,99.7,99.9,95.0,39.84,51.15,64.4,4.02,4.61,-0.59,110.5,97.49,84.48,39,43,0.91,33.12,,,,2026-06-01,2026-06-01 13:49:14
7827,漢康-KY創,153.5,137.0,155.0,135.0,67.54,53.13,61.48,1.01,-0.71,1.72,149.01,136.9,124.79,1578,1369,1.15,214.29,,,,2026-06-01,2026-06-01 13:49:16
7828,創新服務,1450.0,1425.0,1480.0,1420.0,78.7,72.22,55.93,33.73,0.78,32.96,1517.67,1258.5,999.33,243,500,0.49,587.16,233.87,4.53,0.31,2026-06-01,2026-06-01 13:49:17
7842,天能綠電,113.0,110.0,114.5,110.0,54.05,48.43,44.95,-9.86,-11.24,1.38,154.6,118.65,82.7,85,137,0.62,20.62,28.25,3.2,2.83,2026-06-01,2026-06-01 13:49:18
7846,德揚,71.9,74.4,74.4,70.9,15.55,17.29,12.8,-2.7,-0.65,-2.05,98.13,84.82,71.5,23,29,0.78,24.74,49.25,1.0,1.39,2026-06-01,2026-06-01 13:49:19
7890,明曜科技,112.0,113.0,113.0,108.5,26.93,25.03,33.33,-1.98,-1.07,-0.91,123.44,116.12,108.81,12,18,0.67,,,,,2026-06-01,2026-06-01 13:49:20
8011,台通,18.8,18.15,18.95,18.1,53.4,38.92,50.0,-0.47,-0.55,0.08,20.02,18.49,16.95,2360,1463,1.61,31.19,14.46,0.7,3.72,2026-06-01,2026-06-01 13:49:21
8016,矽創,309.0,306.0,310.0,298.0,91.01,85.23,66.51,19.5,18.94,0.56,320.56,281.02,241.49,3648,3243,1.12,363.58,21.25,12.0,3.88,2026-06-01,2026-06-01 13:49:22
8021,尖點,464.0,466.0,475.0,463.5,75.87,64.56,49.05,18.38,19.26,-0.88,495.48,430.57,365.67,1795,1767,1.02,673.0,171.85,1.2,0.26,2026-06-01,2026-06-01 13:49:23
8024,佑華,12.4,12.4,12.5,12.0,49.12,53.59,48.57,-0.03,-0.06,0.03,12.98,12.45,11.93,72,66,1.09,5.6,,,,2026-06-01,2026-06-01 13:49:26
8027,鈦昇,283.0,266.5,283.0,266.5,57.55,46.79,62.93,23.39,24.39,-1.0,290.89,241.85,192.81,2298,1511,1.52,302.61,,,,2026-06-01,2026-06-01 13:49:27
8028,昇陽半導體,356.5,329.0,359.5,327.5,81.7,78.76,79.65,30.26,23.58,6.67,353.66,275.05,196.44,15176,14365,1.06,648.16,85.08,2.7,0.76,2026-06-01,2026-06-01 13:49:28
8032,光菱,43.75,43.2,45.3,43.0,58.03,62.74,54.07,1.55,1.61,-0.06,46.1,42.79,39.49,416,417,1.0,22.67,20.16,1.1,2.51,2026-06-01,2026-06-01 13:49:29
8033,雷虎,141.0,146.0,147.5,139.5,50.74,40.06,52.17,-1.85,-2.24,0.39,153.53,140.5,127.46,6787,4382,1.55,218.16,247.37,,,2026-06-01,2026-06-01 13:49:30
8034,榮群,24.25,23.95,24.45,23.95,40.39,38.18,40.91,-0.13,-0.14,0.01,25.23,24.19,23.16,592,414,1.43,13.64,17.2,1.8,7.42,2026-06-01,2026-06-01 13:49:31
8038,長園科,41.55,41.15,42.2,41.05,47.08,41.09,42.24,-0.5,-0.45,-0.05,44.97,41.9,38.83,497,454,1.1,25.88,45.16,,,2026-06-01,2026-06-01 13:49:33
8039,台虹,153.0,161.5,161.5,149.0,70.43,65.84,57.59,6.12,4.85,1.28,163.48,143.65,123.82,32699,27043,1.21,403.41,75.0,2.5,1.63,2026-06-01,2026-06-01 13:49:34
8040,九暘,112.5,112.0,117.5,111.0,61.4,69.79,72.14,12.55,11.98,0.56,128.47,96.52,64.57,2477,3630,0.68,108.47,,,,2026-06-01,2026-06-01 13:49:36
8042,金山電,169.0,164.0,169.5,164.0,93.27,90.98,86.71,23.23,18.57,4.66,172.13,115.25,58.36,1583,1404,1.13,218.79,187.78,1.2,0.71,2026-06-01,2026-06-01 13:49:38
8043,蜜望實,155.0,155.0,155.0,148.0,84.97,79.28,79.5,14.33,11.31,3.02,152.44,113.81,75.18,10711,18727,0.57,123.86,93.37,0.8,0.52,2026-06-01,2026-06-01 13:49:41
8044,網家,29.0,29.0,31.2,28.9,71.01,74.64,71.37,1.41,1.1,0.31,31.25,25.95,20.65,2693,1843,1.46,58.83,,,,2026-06-01,2026-06-01 13:49:42
8045,達運光電,71.3,66.0,71.7,64.9,38.65,28.84,45.02,-1.95,-1.68,-0.26,77.62,71.2,64.78,710,485,1.46,67.76,111.41,1.0,1.4,2026-06-01,2026-06-01 13:49:43
8046,南電,905.0,842.0,923.0,838.0,55.87,54.29,50.52,25.32,32.82,-7.5,991.06,879.85,768.64,21400,20435,1.05,5847.8,304.71,2.0,0.22,2026-06-01,2026-06-01 13:49:44
8047,星雲,44.0,42.9,44.0,42.9,26.34,20.62,29.52,-2.89,-2.42,-0.48,59.26,48.79,38.32,61,47,1.29,18.33,,,,2026-06-01,2026-06-01 13:49:46
8048,德勝,62.0,61.5,63.6,61.3,35.85,41.29,45.68,0.15,0.28,-0.13,64.2,62.15,60.11,281,371,0.76,35.78,23.4,2.2,3.55,2026-06-01,2026-06-01 13:49:47
8049,晶采,27.0,27.0,27.3,26.85,75.35,73.23,64.18,0.41,0.31,0.09,27.5,26.16,24.82,467,401,1.16,31.94,15.88,2.0,7.41,2026-06-01,2026-06-01 13:49:49
8050,廣積,58.7,59.4,61.4,58.3,64.34,72.18,77.7,4.14,3.33,0.81,61.81,51.01,40.21,2238,5249,0.43,116.93,41.93,3.18,5.42,2026-06-01,2026-06-01 13:49:51
8054,安國,102.0,103.0,103.5,101.5,23.48,37.95,49.25,0.06,0.65,-0.58,115.29,106.25,97.21,1827,2644,0.69,107.89,,,,2026-06-01,2026-06-01 13:49:53
8058,耐特,99.1,102.0,103.0,97.5,44.82,56.49,38.29,-3.73,-3.52,-0.21,121.32,106.5,91.68,223,214,1.04,,,1.3,1.31,2026-06-01,2026-06-01 13:49:55
8059,凱碩,19.1,19.3,19.3,18.8,44.75,42.79,33.08,-0.19,-0.13,-0.06,21.6,19.64,17.69,552,474,1.17,37.06,,,,2026-06-01,2026-06-01 13:49:56
8064,東捷,157.0,145.0,157.0,142.0,78.51,73.01,67.58,14.79,13.85,0.94,156.98,127.55,98.12,17692,16018,1.1,290.16,115.44,,,2026-06-01,2026-06-01 13:49:57
8066,來思達,16.0,15.65,16.0,15.05,24.56,26.95,39.62,-0.53,-0.52,-0.01,17.64,16.5,15.36,148,82,1.81,5.86,,,,2026-06-01,2026-06-01 13:49:59
8067,志旭,13.4,13.35,13.4,13.35,45.0,51.47,59.52,0.04,-0.01,0.05,14.36,13.26,12.17,3,10,0.3,2.77,,,,2026-06-01,2026-06-01 13:50:00
8068,全達,20.0,20.1,20.2,19.8,16.71,12.01,20.39,-0.8,-0.66,-0.15,24.66,21.41,18.16,306,404,0.76,16.15,16.39,,,2026-06-01,2026-06-01 13:50:01
8069,元太,225.0,220.5,228.5,212.5,50.92,68.96,61.13,19.32,19.58,-0.26,273.72,207.35,140.98,8723,10412,0.84,2592.83,24.75,4.99,2.22,2026-06-01,2026-06-01 13:50:03
8070,長華*,52.8,53.8,54.7,52.5,79.12,68.0,67.22,1.2,0.37,0.83,53.45,47.4,41.35,8531,10364,0.82,371.89,51.76,1.39,2.63,2026-06-01,2026-06-01 13:50:04
8071,能率網通,23.4,21.8,23.4,21.75,74.42,66.83,75.37,1.26,0.97,0.28,22.92,19.15,15.39,5272,2572,2.05,14.06,,,,2026-06-01,2026-06-01 13:50:06
8072,陞泰,28.4,27.5,28.75,27.5,60.2,54.74,57.8,-0.13,-0.21,0.08,28.94,27.72,26.51,594,332,1.79,22.72,25.59,1.0,3.52,2026-06-01,2026-06-01 13:50:07
8074,鉅橡,76.5,75.5,77.8,74.2,38.79,42.41,36.94,0.83,1.63,-0.8,88.18,79.1,70.02,1614,1902,0.85,61.95,57.09,1.1,1.44,2026-06-01,2026-06-01 13:50:08
8076,伍豐,24.9,24.2,25.5,23.9,50.26,39.44,50.48,0.17,0.11,0.06,25.24,23.88,22.52,2843,1623,1.75,72.76,177.86,1.1,4.42,2026-06-01,2026-06-01 13:50:09
8077,洛碁,48.65,48.3,48.8,46.0,93.34,88.38,70.96,1.32,0.68,0.65,48.74,43.52,38.3,34,10,3.1,10.68,8.07,2.0,4.11,2026-06-01,2026-06-01 13:50:10
8080,泰霖,28.15,28.05,29.0,27.7,46.69,38.62,48.28,-0.24,-0.34,0.09,29.72,28.14,26.56,33,35,0.93,18.91,234.58,,,2026-06-01,2026-06-01 13:50:13
8081,致新,290.0,282.0,290.0,280.5,68.62,70.75,69.74,10.54,9.26,1.28,296.9,271.25,245.6,1447,1611,0.9,248.49,16.35,16.0,5.52,2026-06-01,2026-06-01 13:50:15
8083,瑞穎,168.0,168.0,169.0,167.0,29.1,22.1,25.0,-1.61,-1.15,-0.47,178.19,171.2,164.21,55,62,0.89,59.02,17.16,8.8,5.24,2026-06-01,2026-06-01 13:50:17
8084,巨虹,49.0,47.4,49.1,46.5,75.98,65.6,72.11,0.39,-0.26,0.65,47.87,44.7,41.53,193,136,1.42,34.06,,,,2026-06-01,2026-06-01 13:50:18
8085,福華,12.15,11.4,12.15,11.4,45.67,32.1,49.38,-0.64,-0.77,0.13,12.78,11.76,10.75,646,546,1.18,17.01,,,,2026-06-01,2026-06-01 13:50:19
8086,宏捷科,166.0,171.0,171.0,165.5,64.52,62.72,55.41,6.61,5.65,0.96,177.22,158.18,139.13,3757,9630,0.39,326.22,49.55,1.19,0.72,2026-06-01,2026-06-01 13:50:21
8087,麗升能源,33.85,33.3,34.8,32.9,21.69,21.72,54.09,-0.24,-0.19,-0.05,35.08,33.49,31.9,124,63,1.95,12.93,,1.0,2.95,2026-06-01,2026-06-01 13:50:22
8088,品安,59.7,60.7,61.9,59.7,60.23,59.89,67.42,2.02,1.46,0.57,62.59,56.11,49.63,3788,8503,0.45,36.37,35.33,0.5,0.84,2026-06-01,2026-06-01 13:50:23
8089,康全電訊,20.45,19.9,20.5,19.85,30.7,25.11,40.91,-0.43,-0.51,0.08,21.57,20.42,19.27,254,213,1.19,13.5,,1.25,6.11,2026-06-01,2026-06-01 13:50:24
8091,翔名,265.5,263.0,269.0,262.5,64.74,72.43,76.68,22.37,21.75,0.63,302.38,234.32,166.27,503,416,1.21,141.74,47.84,4.5,1.69,2026-06-01,2026-06-01 13:50:26
8093,保銳,18.6,18.4,18.6,17.75,32.54,29.73,45.16,-0.39,-0.37,-0.02,20.08,18.71,17.34,38,23,1.62,6.8,,,,2026-06-01,2026-06-01 13:50:28
8096,擎亞,134.5,124.0,134.5,123.5,86.23,81.79,84.43,9.0,6.69,2.31,132.89,107.75,82.61,11026,12685,0.87,200.87,152.84,0.5,0.37,2026-06-01,2026-06-01 13:50:29
8097,常珵,59.8,58.8,61.2,58.6,82.39,82.17,85.59,1.51,0.98,0.53,60.94,55.12,49.31,138,91,1.52,36.36,,,,2026-06-01,2026-06-01 13:50:32
8098,慶康科技,377.0,390.0,390.0,370.0,57.74,57.14,36.96,1.32,3.51,-2.19,413.47,384.12,354.78,32,33,0.96,47.7,25.61,9.0,2.39,2026-06-01,2026-06-01 13:50:33
8099,大世科,62.2,61.9,64.9,61.9,61.0,53.12,61.96,-0.86,-1.14,0.29,63.29,60.73,58.17,185,135,1.37,62.25,24.68,0.71,1.14,2026-06-01,2026-06-01 13:50:35
8101,華冠,14.55,13.25,14.55,13.25,73.2,64.8,65.04,0.12,-0.04,0.16,14.27,13.12,11.97,58,17,3.44,7.2,15.48,,,2026-06-01,2026-06-01 13:50:36
8102,傑霖科技,73.4,71.2,73.7,71.2,77.4,62.7,66.91,0.66,0.23,0.43,72.58,65.47,58.36,235,68,3.46,17.15,32.91,1.9,2.59,2026-06-01,2026-06-01 13:50:40
8103,瀚荃,113.5,115.0,119.5,111.5,59.66,45.64,44.44,0.9,1.32,-0.42,124.03,110.22,96.42,5049,2873,1.76,88.54,29.1,5.13,4.52,2026-06-01,2026-06-01 13:50:41
8104,錸寶,41.5,41.25,43.0,40.05,77.14,68.47,75.84,1.37,0.53,0.84,40.73,35.64,30.54,7191,6591,1.09,43.18,118.57,0.1,0.24,2026-06-01,2026-06-01 13:50:42
8105,凌巨,19.3,17.8,19.3,17.4,73.28,65.94,77.91,1.06,0.82,0.24,19.01,15.77,12.53,20013,9858,2.03,85.22,87.73,,,2026-06-01,2026-06-01 13:50:43
8107,大億金茂,12.55,13.0,13.1,12.4,56.93,44.75,64.62,-0.13,-0.3,0.17,12.9,11.88,10.85,931,577,1.61,9.41,,1.0,7.97,2026-06-01,2026-06-01 13:50:44
8109,博大,126.5,125.5,127.5,123.5,55.89,54.09,64.52,3.21,2.99,0.22,130.47,120.78,111.08,471,381,1.24,102.94,20.54,4.5,3.56,2026-06-01,2026-06-01 13:50:46
8110,華東,65.2,65.6,69.5,64.0,80.69,72.26,76.09,3.18,1.2,1.98,64.22,52.53,40.84,56014,68771,0.81,329.74,26.4,0.2,0.31,2026-06-01,2026-06-01 13:50:47
8111,立碁,66.0,66.0,67.9,66.0,58.05,57.09,48.13,-0.48,-0.68,0.2,71.24,65.72,60.2,1823,2047,0.89,72.01,173.68,0.9,1.36,2026-06-01,2026-06-01 13:50:49
8112,至上,91.4,89.3,92.7,88.3,77.03,66.85,71.62,1.12,0.59,0.53,90.43,85.34,80.25,48361,34707,1.39,477.37,19.24,3.35,3.67,2026-06-01,2026-06-01 13:50:50
8114,振樺電,259.5,247.0,264.0,238.5,68.09,70.94,57.19,17.98,16.65,1.33,284.97,229.0,173.03,2144,1386,1.55,197.99,14.26,7.76,2.99,2026-06-01,2026-06-01 13:50:52
8119,公信,11.35,11.05,11.45,11.0,58.27,58.41,60.81,-0.06,-0.03,-0.03,13.06,11.38,9.71,222,360,0.62,7.22,,,,2026-06-01,2026-06-01 13:50:53
8121,越峰,39.6,40.45,40.55,39.4,73.38,75.97,62.79,3.19,2.98,0.22,43.91,36.12,28.33,1728,2816,0.61,84.35,,,,2026-06-01,2026-06-01 13:50:54
8131,福懋科,75.5,74.6,79.2,73.5,78.14,67.55,66.41,1.96,0.9,1.06,75.06,67.01,58.95,17448,13061,1.34,333.88,55.51,1.45,1.92,2026-06-01,2026-06-01 13:50:55
8147,正淩,171.5,176.5,176.5,170.0,22.03,31.28,43.98,4.13,5.95,-1.82,193.5,174.78,156.05,625,888,0.7,70.95,59.34,1.99,1.16,2026-06-01,2026-06-01 13:50:56
8150,南茂,106.5,113.0,114.0,103.0,84.52,73.18,65.4,7.62,5.26,2.36,109.06,88.52,67.97,108277,73407,1.48,740.62,85.2,1.23,1.15,2026-06-01,2026-06-01 13:50:57
8155,博智,398.5,397.0,409.5,394.5,33.02,39.33,41.22,8.35,15.11,-6.75,454.94,416.73,378.51,1038,1544,0.67,241.86,65.76,3.8,0.95,2026-06-01,2026-06-01 13:51:00
8162,微矽電子-創,80.8,74.3,80.8,73.5,90.55,84.14,78.79,7.4,5.33,2.07,79.35,60.38,41.4,792,1517,0.52,55.51,51.79,1.5,1.86,2026-06-01,2026-06-01 13:51:00
8163,達方,41.8,39.3,42.9,39.0,83.37,80.1,87.42,2.77,2.02,0.76,41.11,33.29,25.47,8240,7239,1.14,119.55,81.96,0.5,1.2,2026-06-01,2026-06-01 13:51:01
8171,天宇,24.7,25.0,25.55,24.35,43.8,33.9,50.78,-0.06,-0.2,0.14,24.81,23.38,21.94,533,292,1.83,27.6,12.11,,,2026-06-01,2026-06-01 13:51:03
8176,智捷,10.25,10.3,10.35,10.15,58.52,40.43,41.01,-0.14,-0.19,0.05,10.47,10.16,9.86,240,232,1.04,7.1,25.62,,,2026-06-01,2026-06-01 13:51:04
8182,加高,44.35,47.5,47.85,44.3,78.47,78.29,64.69,2.8,2.13,0.67,48.92,40.19,31.46,3692,6348,0.58,47.47,100.8,2.0,4.51,2026-06-01,2026-06-01 13:51:05
8183,精星,32.05,32.15,32.35,31.9,65.92,63.21,50.47,-0.54,-0.79,0.24,34.33,31.78,29.23,516,603,0.86,38.7,13.47,1.3,4.06,2026-06-01,2026-06-01 13:51:06
8201,無敵,13.7,13.4,13.7,13.1,66.65,61.1,63.86,0.12,0.0,0.11,13.81,12.88,11.95,217,239,0.91,8.54,,,,2026-06-01,2026-06-01 13:51:07
8210,勤誠,1400.0,1395.0,1450.0,1375.0,50.48,45.42,37.7,62.69,80.28,-17.58,1559.82,1391.0,1222.18,896,1232,0.73,1754.47,49.31,7.49,0.53,2026-06-01,2026-06-01 13:51:09
8213,志超,38.85,39.0,39.5,38.6,51.85,53.88,39.37,0.64,0.65,-0.01,41.43,38.53,35.63,1105,1541,0.72,102.7,17.27,1.14,2.93,2026-06-01,2026-06-01 13:51:11
8215,明基材,32.35,29.2,32.35,29.2,80.04,68.84,74.48,1.1,0.85,0.25,31.6,28.46,25.33,18518,6729,2.75,103.74,18.07,0.62,1.92,2026-06-01,2026-06-01 13:51:12
8222,寶一,38.25,37.05,38.95,36.65,52.83,36.38,62.56,-0.01,-0.2,0.19,38.26,36.13,34.0,1688,854,1.98,26.23,69.55,0.7,1.83,2026-06-01,2026-06-01 13:51:13
8227,巨有科技,219.0,212.0,229.5,210.5,49.04,53.02,52.45,15.44,17.32,-1.88,243.66,210.4,177.14,1810,2362,0.77,86.6,106.31,1.6,0.73,2026-06-01,2026-06-01 13:51:14
8234,新漢,75.9,72.0,76.2,72.0,66.01,54.85,57.48,1.7,1.47,0.24,76.67,70.91,65.16,3944,1860,2.12,107.19,194.62,0.6,0.79,2026-06-01,2026-06-01 13:51:15
8240,華宏,63.8,63.7,65.4,63.6,37.44,45.29,39.44,0.36,0.91,-0.55,71.74,66.17,60.61,807,2441,0.33,63.8,29.67,1.3,2.04,2026-06-01,2026-06-01 13:51:16
8249,菱光,55.8,56.0,56.5,55.7,65.8,65.85,65.57,1.56,1.02,0.54,58.05,52.1,46.15,1194,3845,0.31,75.32,14.02,2.02,3.62,2026-06-01,2026-06-01 13:51:17
8255,朋程,186.0,196.5,196.5,183.5,77.63,80.5,71.43,14.14,10.39,3.75,196.68,159.38,122.07,5233,6398,0.82,189.34,30.49,4.19,2.25,2026-06-01,2026-06-01 13:51:19
8261,富鼎,174.0,182.5,188.5,172.0,66.74,76.36,72.87,17.32,14.2,3.12,200.85,150.57,100.3,8988,15022,0.6,206.85,30.63,3.19,1.83,2026-06-01,2026-06-01 13:51:20
8271,宇瞻,248.5,248.5,256.0,245.5,68.1,51.86,49.67,9.19,10.54,-1.35,263.94,238.5,213.06,6609,5696,1.16,,12.42,2.21,0.89,2026-06-01,2026-06-01 13:51:21
8272,全景軟體,73.9,72.5,76.3,70.0,26.52,18.01,41.46,-0.34,-0.32,-0.02,77.67,72.04,66.41,73,24,2.97,14.04,16.07,2.4,3.25,2026-06-01,2026-06-01 13:51:22
8277,商丞,9.47,9.47,9.47,9.34,94.35,83.72,82.93,0.22,-0.06,0.28,8.62,7.25,5.88,1382,815,1.69,8.68,,,,2026-06-01,2026-06-01 13:51:23
8279,生展,96.7,96.4,96.7,96.3,21.05,25.01,49.47,-1.74,-2.11,0.37,98.86,97.06,95.26,9,12,0.75,26.21,9.66,5.0,5.17,2026-06-01,2026-06-01 13:51:25
8284,三竹,63.3,62.8,63.3,62.6,46.9,43.37,48.98,-0.14,-0.09,-0.05,64.3,63.51,62.72,47,23,1.98,29.97,13.41,4.0,6.32,2026-06-01,2026-06-01 13:51:26
8289,泰藝,70.1,74.6,75.5,70.0,79.75,82.19,71.23,7.02,5.76,1.26,77.42,59.19,40.96,4951,8753,0.57,47.9,1752.5,0.15,0.21,2026-06-01,2026-06-01 13:51:27
8291,尚茂,108.0,108.0,108.0,108.0,81.05,92.17,78.31,25.12,20.64,4.48,140.59,71.66,2.72,50,227,0.22,18.88,,,,2026-06-01,2026-06-01 13:51:29
8298,威睿,50.4,50.5,50.5,48.85,73.2,62.8,45.26,0.47,0.65,-0.18,53.87,49.95,46.03,14,35,0.42,12.92,21.18,0.2,0.4,2026-06-01,2026-06-01 13:51:32
8299,群聯,2770.0,2655.0,2825.0,2625.0,62.02,48.78,51.27,148.51,158.76,-10.25,2892.55,2514.75,2136.95,8810,7527,1.17,6124.08,69.84,31.31,1.13,2026-06-01,2026-06-01 13:51:34
8329,台視,10.35,10.25,10.35,10.15,54.74,46.75,45.71,-0.04,-0.04,-0.0,10.65,10.33,10.01,11,33,0.33,29.04,7.96,0.75,7.25,2026-06-01,2026-06-01 13:51:35
8341,日友,76.6,75.3,76.6,74.9,44.15,30.36,53.33,-0.0,0.0,-0.01,77.03,75.82,74.61,351,220,1.6,99.58,17.17,3.8,4.96,2026-06-01,2026-06-01 13:51:36
8342,益張,89.9,91.0,91.1,88.9,43.24,52.87,49.25,0.39,0.46,-0.07,92.83,89.86,86.89,7,3,2.19,30.15,15.08,5.0,5.56,2026-06-01,2026-06-01 13:51:37
8345,超秦,56.0,55.5,56.5,54.9,57.47,46.26,57.32,0.08,0.01,0.08,56.45,55.12,53.8,21,30,0.71,29.12,14.04,1.3,2.32,2026-06-01,2026-06-01 13:51:39
8349,恒耀,41.7,41.7,41.8,41.4,50.84,37.1,45.83,-0.63,-0.59,-0.03,44.78,42.04,39.3,142,254,0.56,85.04,21.72,1.82,4.36,2026-06-01,2026-06-01 13:51:40
8354,冠好,16.8,16.95,17.15,16.8,58.29,51.18,54.46,0.2,0.19,0.02,17.84,16.45,15.07,171,170,1.01,13.19,120.0,0.6,3.57,2026-06-01,2026-06-01 13:51:42
8358,金居,668.0,637.0,668.0,636.0,94.77,88.61,73.64,62.88,48.83,14.05,629.92,491.52,353.13,9986,8250,1.21,1686.64,159.05,1.5,0.22,2026-06-01,2026-06-01 13:51:44
8359,錢櫃,65.2,65.2,65.3,64.3,73.95,70.88,58.82,-0.61,-0.7,0.09,66.14,65.2,64.27,26,56,0.47,89.0,11.77,6.0,9.2,2026-06-01,2026-06-01 13:51:46
8367,建新國際,41.2,40.5,41.3,40.5,41.55,32.28,34.69,-0.49,-0.46,-0.03,42.74,41.5,40.26,62,31,1.98,37.97,10.87,2.85,6.92,2026-06-01,2026-06-01 13:51:47
8374,羅昇,112.0,108.0,114.0,106.0,58.1,59.0,63.72,6.86,6.64,0.22,117.77,99.95,82.14,4605,2903,1.59,125.72,,0.45,0.4,2026-06-01,2026-06-01 13:51:48
8383,千附,64.2,62.6,65.5,62.6,69.94,61.79,69.04,1.14,0.84,0.3,66.9,59.1,51.3,3488,1923,1.81,72.42,18.99,2.5,3.89,2026-06-01,2026-06-01 13:51:50
8390,金益鼎,120.5,123.0,123.5,119.5,54.46,59.72,65.62,7.29,6.99,0.29,134.32,111.98,89.65,791,1013,0.78,115.82,18.37,2.5,2.07,2026-06-01,2026-06-01 13:51:51
8401,白紗科,22.9,23.0,23.0,22.75,20.75,17.81,29.09,-0.46,-0.47,0.0,24.81,23.57,22.34,91,67,1.35,16.18,8.74,1.2,5.24,2026-06-01,2026-06-01 13:51:52
8403,盛弘,19.55,19.45,19.65,19.3,28.99,24.08,34.78,-0.6,-0.61,0.01,21.41,20.09,18.78,267,250,1.07,26.91,18.98,0.5,2.56,2026-06-01,2026-06-01 13:51:54
8404,百和興業-KY,16.7,16.35,16.75,16.35,36.64,25.13,48.0,-0.35,-0.42,0.07,17.43,16.68,15.92,552,461,1.2,70.13,11.76,0.15,0.9,2026-06-01,2026-06-01 13:51:55
8409,商之器,18.95,19.05,19.3,18.95,13.77,23.71,46.81,-0.27,-0.28,0.0,20.03,19.34,18.65,12,14,0.86,6.06,78.96,,,2026-06-01,2026-06-01 13:51:56
8410,森田,34.9,33.45,35.15,33.2,42.35,31.41,38.3,-0.67,-0.57,-0.1,37.59,35.36,33.14,119,100,1.19,12.77,10.77,3.0,8.6,2026-06-01,2026-06-01 13:51:58
8411,福貞-KY,12.15,12.1,12.15,11.95,63.14,46.71,48.65,-0.05,-0.06,0.01,12.42,12.11,11.8,163,157,1.04,26.54,21.7,0.05,0.41,2026-06-01,2026-06-01 13:51:59
8415,大國鋼,34.95,34.35,35.05,34.15,26.14,37.92,52.99,0.21,0.34,-0.13,36.58,34.95,33.32,758,650,1.17,350.55,11.46,1.5,4.29,2026-06-01,2026-06-01 13:52:00
8416,實威,181.5,179.5,182.0,177.0,62.03,55.7,59.7,2.58,1.38,1.2,184.55,174.78,165.0,67,66,1.0,51.2,13.49,8.0,4.41,2026-06-01,2026-06-01 13:52:02
8421,旭源,13.35,13.3,13.6,13.3,38.39,36.87,10.0,-0.06,-0.02,-0.04,13.88,13.59,13.3,34,43,0.79,7.15,,,,2026-06-01,2026-06-01 13:52:03
8422,可寧衛*,27.7,27.0,28.4,27.0,58.57,50.66,51.22,-0.4,-0.6,0.19,28.81,27.06,25.31,15482,9829,1.58,314.89,24.95,0.99,3.57,2026-06-01,2026-06-01 13:52:06
8423,保綠-KY,17.7,17.7,17.75,17.7,31.93,23.37,42.31,-0.14,-0.15,0.0,18.09,17.79,17.49,19,32,0.62,7.38,24.25,0.6,3.39,2026-06-01,2026-06-01 13:52:08
8424,惠普,73.0,72.6,73.1,72.6,44.78,39.45,33.33,-0.35,-0.35,-0.0,74.41,73.36,72.32,54,38,1.39,26.32,12.63,5.0,6.85,2026-06-01,2026-06-01 13:52:09
8426,紅木-KY,21.7,21.8,21.8,21.6,44.22,50.13,45.09,-0.57,-0.64,0.07,23.59,22.22,20.84,46,40,1.14,10.9,11.73,2.5,11.52,2026-06-01,2026-06-01 13:52:10
8429,金麗-KY,6.17,6.23,6.28,6.13,29.68,31.36,39.47,-0.12,-0.14,0.02,6.6,6.27,5.95,528,450,1.17,11.46,51.42,,,2026-06-01,2026-06-01 13:52:11
8431,匯鑽科,55.8,56.1,56.6,55.3,14.02,21.93,33.33,-1.89,-1.7,-0.18,63.35,59.03,54.71,507,643,0.79,27.22,,0.09,0.16,2026-06-01,2026-06-01 13:52:12
8432,東生華,49.75,50.2,51.0,49.35,39.13,53.73,51.52,-0.14,-0.16,0.02,51.77,50.34,48.91,157,60,2.59,19.1,13.74,2.61,5.25,2026-06-01,2026-06-01 13:52:14
8433,弘帆,52.0,52.1,52.4,52.0,17.19,24.02,32.26,-0.85,-0.8,-0.05,54.9,53.16,51.42,51,38,1.33,28.34,17.05,4.2,8.08,2026-06-01,2026-06-01 13:52:15
8435,鉅邁,56.0,56.0,56.0,55.5,48.14,30.74,53.85,-0.27,-0.32,0.05,56.73,55.67,54.61,51,42,1.21,19.71,14.36,3.2,5.71,2026-06-01,2026-06-01 13:52:16
8436,大江,120.0,120.0,120.5,118.5,66.85,58.65,51.61,-0.68,-0.93,0.24,122.48,119.58,116.67,518,618,0.84,132.22,13.9,10.0,8.33,2026-06-01,2026-06-01 13:52:18
8437,大地-KY,10.8,11.35,11.35,10.55,21.63,30.81,41.18,-0.28,-0.27,-0.0,12.24,11.57,10.9,334,101,3.29,5.08,1.18,1.02,9.44,2026-06-01,2026-06-01 13:52:19
8438,昶昕,87.0,88.0,88.2,85.4,27.25,28.64,27.15,0.39,1.79,-1.4,103.09,91.99,80.9,321,418,0.77,60.85,41.63,1.3,1.49,2026-06-01,2026-06-01 13:52:20
8440,綠電,23.15,23.6,23.6,22.85,44.95,45.8,61.11,0.27,0.12,0.16,24.82,22.31,19.79,262,701,0.37,11.63,74.68,0.15,0.65,2026-06-01,2026-06-01 13:52:22
8442,威宏-KY,39.55,40.0,40.0,39.4,19.6,17.04,7.17,-3.12,-3.04,-0.09,53.64,44.01,34.39,114,111,1.03,27.75,9.84,3.0,7.59,2026-06-01,2026-06-01 13:52:23
8443,阿瘦,11.25,11.15,11.25,11.15,27.45,24.98,30.0,-0.17,-0.15,-0.01,11.88,11.46,11.04,30,35,0.86,7.52,,0.2,1.78,2026-06-01,2026-06-01 13:52:24
8444,綠河-KY,5.0,5.02,5.13,5.0,3.86,11.39,29.67,-0.32,-0.09,-0.23,8.95,6.83,4.71,50,37,1.34,5.53,,,,2026-06-01,2026-06-01 13:52:26
8446,華研,84.6,85.9,85.9,84.4,42.94,50.91,57.14,-0.38,-0.64,0.25,86.09,84.6,83.11,166,137,1.21,44.77,8.24,8.0,9.46,2026-06-01,2026-06-01 13:52:27
8450,霹靂,15.6,15.25,15.6,15.1,34.46,36.76,34.48,-0.3,-0.3,0.01,16.46,15.91,15.35,121,67,1.8,8.0,,,,2026-06-01,2026-06-01 13:52:29
8454,富邦媒,241.5,240.0,254.0,236.5,71.7,56.54,78.07,9.97,5.39,4.58,226.59,195.97,165.36,6200,2654,2.34,639.92,21.37,10.0,4.14,2026-06-01,2026-06-01 13:52:30
8455,大拓-KY,41.8,44.8,44.8,41.75,57.78,67.67,70.07,5.2,4.7,0.5,50.16,35.15,20.14,142,150,0.94,10.54,2090.0,,,2026-06-01,2026-06-01 13:52:31
8458,影一,14.2,14.0,14.4,13.8,29.26,42.18,38.57,-0.35,-0.32,-0.02,16.26,14.99,13.72,8,7,1.02,5.09,,,,2026-06-01,2026-06-01 13:52:32
8462,柏文,141.5,139.5,142.0,138.5,61.49,39.2,36.11,-1.45,-1.26,-0.18,150.57,142.18,133.78,181,139,1.3,112.2,17.05,4.2,2.97,2026-06-01,2026-06-01 13:52:33
8463,潤泰材,21.7,21.7,21.9,21.5,59.81,47.82,43.4,-0.29,-0.39,0.1,22.55,21.73,20.91,69,93,0.74,32.55,11.73,1.1,5.07,2026-06-01,2026-06-01 13:52:35
8464,億豐,324.0,321.0,325.5,318.0,57.14,38.93,42.86,-9.39,-10.39,1.0,346.88,323.43,299.97,932,878,1.06,949.39,14.41,16.0,4.94,2026-06-01,2026-06-01 13:52:36
8466,美吉吉-KY,16.2,16.5,16.6,16.0,72.78,69.03,56.0,-0.19,-0.56,0.36,16.99,15.1,13.2,88,365,0.24,12.87,2.96,1.2,7.41,2026-06-01,2026-06-01 13:52:37
8467,波力-KY,131.5,128.0,132.0,127.0,50.71,39.78,42.42,-4.6,-5.45,0.85,139.88,130.88,121.87,36,31,1.16,63.61,13.34,4.06,3.09,2026-06-01,2026-06-01 13:52:38
8472,夠麻吉,85.9,85.9,85.9,82.9,74.57,57.28,78.09,1.31,-0.07,1.38,79.49,71.62,63.74,163,77,2.11,15.24,,,,2026-06-01,2026-06-01 13:52:41
8473,山林水,55.4,52.4,55.4,50.8,95.71,90.53,95.17,3.36,1.5,1.86,51.07,39.11,27.14,6373,4191,1.52,100.31,22.43,0.73,1.32,2026-06-01,2026-06-01 13:52:43
8476,台境*,15.6,15.4,15.85,15.3,25.43,17.78,26.67,-0.67,-0.67,0.0,17.68,16.19,14.7,445,435,1.02,25.16,30.0,1.02,6.54,2026-06-01,2026-06-01 13:52:44
8477,創業家,19.35,19.8,19.95,19.05,63.66,66.02,62.13,1.45,1.09,0.35,21.04,16.65,12.26,235,336,0.7,12.42,,,,2026-06-01,2026-06-01 13:52:45
8478,東哥遊艇,155.5,154.0,159.0,151.5,42.63,25.75,42.37,-3.86,-3.79,-0.07,171.94,157.55,143.16,295,224,1.31,146.13,11.99,5.0,3.22,2026-06-01,2026-06-01 13:52:46
8481,政伸,40.95,41.0,41.25,40.95,73.8,69.28,60.94,-0.1,-0.25,0.15,41.47,40.48,39.48,43,32,1.35,27.27,12.64,2.55,6.23,2026-06-01,2026-06-01 13:52:47
8482,商億-KY,49.0,49.0,49.55,48.65,47.4,48.45,53.68,-0.16,-0.17,0.01,50.14,48.91,47.68,18,9,1.88,51.49,21.3,4.36,8.9,2026-06-01,2026-06-01 13:52:48
8487,愛爾達-創,82.0,82.2,82.2,81.1,71.8,71.81,84.38,0.72,0.35,0.37,82.58,79.18,75.78,97,72,1.35,21.76,20.55,5.2,6.34,2026-06-01,2026-06-01 13:52:50
8488,吉源-KY,10.15,9.9,10.15,9.9,43.76,25.2,53.85,-0.05,-0.05,0.0,10.47,9.97,9.47,22,8,2.62,7.46,,,,2026-06-01,2026-06-01 13:52:51
8489,三貝德,23.3,22.9,23.4,22.7,15.91,16.51,38.96,-0.9,-0.76,-0.14,26.6,24.46,22.31,95,93,1.02,13.95,,,,2026-06-01,2026-06-01 13:52:54
8499,鼎炫-KY,301.5,321.5,322.0,299.0,64.54,66.01,48.55,11.4,9.81,1.59,340.41,294.98,249.54,175,198,0.88,124.11,29.82,8.06,2.67,2026-06-01,2026-06-01 13:52:55
8905,裕國,29.25,29.15,29.25,29.15,32.14,41.06,35.67,-2.19,-2.29,0.1,38.28,31.71,25.14,2,5,0.4,33.73,47.95,1.0,3.42,2026-06-01,2026-06-01 13:52:56
8906,花王,23.9,23.85,24.0,23.35,36.82,48.94,39.36,-0.72,-0.78,0.06,26.44,25.0,23.57,133,64,2.05,10.08,,0.1,0.42,2026-06-01,2026-06-01 13:52:57
8908,欣雄,40.9,40.85,40.9,40.6,98.18,95.37,95.0,0.2,0.08,0.12,41.59,40.09,38.59,272,302,0.9,128.18,19.02,1.5,3.67,2026-06-01,2026-06-01 13:52:58
8916,光隆,44.95,44.95,44.95,44.3,16.98,16.96,11.11,-0.61,-0.44,-0.17,47.98,46.33,44.68,368,198,1.86,66.76,18.2,3.59,7.99,2026-06-01,2026-06-01 13:52:59
8917,欣泰,52.0,52.6,53.1,52.0,44.34,49.11,45.21,-0.21,-0.23,0.02,53.84,52.79,51.74,28,16,1.67,84.58,23.32,2.2,4.23,2026-06-01,2026-06-01 13:53:01
8921,沈氏,18.0,18.7,18.7,18.0,75.13,81.1,54.0,0.1,0.12,-0.02,18.84,18.25,17.66,6,2,2.5,8.39,,0.22,1.22,2026-06-01,2026-06-01 13:53:02
8923,時報,18.9,19.1,19.3,18.9,50.87,70.11,40.74,-0.0,0.01,-0.01,20.23,19.5,18.78,19,8,2.16,5.74,19.69,0.85,4.5,2026-06-01,2026-06-01 13:53:03
8924,大田,59.3,60.0,60.0,58.7,36.93,35.22,39.44,-0.83,-0.9,0.07,62.11,60.02,57.93,616,383,1.61,49.69,10.59,4.3,7.25,2026-06-01,2026-06-01 13:53:05
8926,台汽電,67.2,67.0,69.9,66.0,73.99,80.17,72.03,5.47,4.71,0.76,73.96,58.47,42.99,10970,17655,0.62,557.95,28.35,2.04,3.04,2026-06-01,2026-06-01 13:53:06
8927,北基,18.9,18.8,18.9,18.35,36.95,33.95,38.95,-0.96,-1.0,0.04,21.74,19.54,17.35,884,689,1.28,80.01,54.0,0.3,1.59,2026-06-01,2026-06-01 13:53:07
8928,鉅明,20.85,20.95,20.95,20.7,13.36,20.36,45.28,-0.34,-0.35,0.01,21.97,21.25,20.53,56,47,1.19,10.6,14.79,1.7,8.15,2026-06-01,2026-06-01 13:53:08
8929,富堡,13.55,13.75,13.75,13.5,11.18,15.64,32.65,-0.42,-0.37,-0.05,15.12,14.28,13.45,52,50,1.05,6.85,,,,2026-06-01,2026-06-01 13:53:10
8930,青鋼,28.2,28.45,28.45,28.15,18.37,23.66,28.13,-0.35,-0.34,-0.01,29.81,28.81,27.81,76,59,1.3,,11.8,2.2,7.8,2026-06-01,2026-06-01 13:53:11
8931,大汽電,42.3,42.3,42.8,42.1,37.56,40.58,58.47,-0.0,-0.1,0.1,43.12,42.1,41.09,111,138,0.81,51.71,22.62,1.6,3.78,2026-06-01,2026-06-01 13:53:12
8932,智通*,103.5,101.0,106.0,100.0,46.08,49.33,64.14,2.76,2.74,0.01,106.5,97.94,89.38,3913,3872,1.01,366.53,112.5,0.14,0.14,2026-06-01,2026-06-01 13:53:14
8933,愛地雅,4.6,4.72,4.8,4.49,40.73,25.95,27.98,-0.44,-0.44,0.0,6.42,5.14,3.85,383,459,0.83,15.03,,,,2026-06-01,2026-06-01 13:53:15
8935,邦泰,20.85,21.3,21.3,20.45,64.74,59.54,72.04,0.42,0.29,0.13,21.15,19.56,17.98,911,732,1.24,23.66,,,,2026-06-01,2026-06-01 13:53:17
8936,國統,53.4,52.5,54.5,51.5,64.98,52.58,75.94,0.21,-0.15,0.36,53.31,50.83,48.34,6911,4856,1.42,132.47,13.15,2.0,3.75,2026-06-01,2026-06-01 13:53:19
8937,合騏*,26.75,27.45,27.45,25.8,13.46,15.39,16.58,-1.99,-1.54,-0.46,37.03,31.85,26.67,544,484,1.13,113.62,,0.03,0.11,2026-06-01,2026-06-01 13:53:20
8938,明安,52.4,53.3,53.3,52.0,18.6,17.39,17.31,-1.85,-1.86,0.01,57.73,54.7,51.68,585,450,1.3,79.51,8.72,4.0,7.63,2026-06-01,2026-06-01 13:53:23
8940,新天地,16.6,16.45,16.7,16.45,19.72,20.5,31.03,-0.34,-0.31,-0.03,18.51,17.25,15.99,72,68,1.07,11.2,30.18,,,2026-06-01,2026-06-01 13:53:24
8941,關中,43.6,43.5,43.7,43.5,39.86,48.36,32.88,-0.3,-0.26,-0.04,44.92,44.23,43.54,5,9,0.52,15.25,37.59,1.5,3.44,2026-06-01,2026-06-01 13:53:25
8942,森鉅,41.7,41.8,42.1,41.2,48.27,32.2,36.08,-0.17,0.02,-0.19,45.34,42.41,39.48,486,474,1.02,82.92,22.79,1.0,2.4,2026-06-01,2026-06-01 13:53:28
8996,高力,1045.0,1080.0,1100.0,1040.0,43.91,54.92,49.26,11.26,15.6,-4.33,1233.17,1091.2,949.23,2386,3465,0.69,970.67,116.89,4.56,0.44,2026-06-01,2026-06-01 13:53:30
8999,台灣積層,38.3,37.05,38.3,37.0,38.13,40.52,53.23,-0.1,-0.08,-0.03,38.89,37.67,36.46,6,2,2.34,13.79,16.72,2.0,5.22,2026-06-01,2026-06-01 13:53:32
9103,美德醫療-DR,5.16,5.27,5.27,5.12,48.84,56.62,54.04,0.11,0.08,0.03,5.53,5.0,4.48,1935,2319,0.83,28.12,,,,2026-06-01,2026-06-01 13:53:33
9105,泰金寶-DR,9.68,9.0,9.68,9.0,89.97,82.24,93.46,0.83,0.46,0.37,9.33,6.63,3.93,192756,184317,1.05,1011.56,53.78,0.15,1.55,2026-06-01,2026-06-01 13:53:34
9110,越南控-DR,3.04,3.0,3.04,2.99,68.16,50.11,65.71,-0.05,-0.09,0.04,3.07,2.76,2.44,59,66,0.9,27.59,19.0,,,2026-06-01,2026-06-01 13:53:35
9136,巨騰-DR,12.15,11.1,12.2,10.85,42.06,24.77,50.0,0.09,0.17,-0.08,12.8,11.69,10.59,2078,1386,1.5,102.75,,,,2026-06-01,2026-06-01 13:53:36
9802,鈺齊-KY,77.7,74.5,77.8,73.7,43.86,25.31,40.62,-1.16,-1.13,-0.03,83.18,77.15,71.11,1649,1653,1.0,156.17,13.24,5.1,6.56,2026-06-01,2026-06-01 13:53:37
9902,台火,13.8,13.75,13.9,13.75,31.36,27.1,38.46,-0.21,-0.22,0.01,14.44,13.93,13.43,225,171,1.32,13.53,,0.3,2.17,2026-06-01,2026-06-01 13:53:38
9904,寶成,25.8,25.5,25.8,25.4,30.19,20.47,49.15,-0.4,-0.47,0.07,26.3,25.76,25.23,17128,14846,1.15,760.27,6.32,1.7,6.59,2026-06-01,2026-06-01 13:53:39
9905,大華,20.85,20.85,20.9,20.65,59.47,41.83,36.84,-0.13,-0.12,-0.01,21.47,20.94,20.41,195,102,1.91,63.59,16.04,1.2,5.76,2026-06-01,2026-06-01 13:53:40
9906,欣巴巴,35.9,34.5,36.15,33.6,78.12,65.73,57.21,-1.11,-1.55,0.43,38.04,34.39,30.73,234,193,1.21,32.44,398.89,6.5,18.11,2026-06-01,2026-06-01 13:53:42
9907,統一實,16.2,16.1,16.25,16.05,39.82,20.61,33.33,-0.46,-0.5,0.04,17.54,16.37,15.2,4818,3574,1.35,255.82,11.91,0.97,5.99,2026-06-01,2026-06-01 13:53:43
9908,大台北,29.3,29.2,29.4,29.1,44.5,29.9,50.0,-0.14,-0.16,0.03,29.56,29.25,28.94,350,278,1.26,146.75,17.03,1.2,4.1,2026-06-01,2026-06-01 13:53:44
9910,豐泰,71.9,70.0,72.0,69.3,59.33,35.73,43.65,-1.6,-2.07,0.47,74.24,70.14,66.03,3158,3092,1.02,710.0,14.1,5.1,7.09,2026-06-01,2026-06-01 13:53:45
9911,櫻花,82.0,82.0,82.5,81.6,27.13,22.78,43.9,-0.37,-0.34,-0.04,83.9,82.6,81.3,410,349,1.17,180.46,13.12,5.0,6.1,2026-06-01,2026-06-01 13:53:46
9912,偉聯,12.45,12.15,12.5,12.15,44.51,49.97,60.0,-0.01,-0.01,-0.0,12.81,12.49,12.17,52,49,1.06,6.74,,,,2026-06-01,2026-06-01 13:53:47
9914,美利達,68.0,67.0,68.0,66.0,48.86,52.6,68.56,1.55,1.32,0.23,74.38,64.23,54.07,1157,1798,0.64,203.31,17.0,4.0,5.88,2026-06-01,2026-06-01 13:53:48
9917,中保科,115.0,114.0,115.0,113.5,81.65,69.22,61.9,0.12,-0.11,0.23,114.76,113.03,111.29,831,486,1.71,510.66,17.01,5.2,4.52,2026-06-01,2026-06-01 13:53:50
9918,欣天然,43.5,43.2,44.2,43.05,44.2,50.09,54.55,-0.12,-0.24,0.12,44.05,43.32,42.6,109,102,1.08,77.43,27.19,1.6,3.68,2026-06-01,2026-06-01 13:53:51
9919,康那香,14.15,14.1,14.3,14.0,21.53,21.44,47.62,-0.16,-0.18,0.03,14.55,14.25,13.95,955,574,1.66,27.64,,0.2,1.41,2026-06-01,2026-06-01 13:53:52
9921,巨大,69.8,69.4,70.5,68.2,35.28,25.81,44.75,-0.41,-0.19,-0.22,75.7,70.28,64.85,2297,2007,1.14,273.66,37.93,2.2,3.15,2026-06-01,2026-06-01 13:53:53
9924,福興,42.65,42.5,42.8,42.25,64.62,44.35,57.38,-0.53,-0.68,0.15,43.57,42.4,41.23,145,195,0.75,64.3,14.08,2.5,5.86,2026-06-01,2026-06-01 13:53:54
9925,新保,40.25,40.5,40.5,40.15,43.4,35.64,46.43,-0.07,-0.09,0.03,40.48,40.26,40.04,383,317,1.21,154.64,17.06,2.0,4.97,2026-06-01,2026-06-01 13:53:56
9926,新海,49.0,49.3,49.45,49.0,31.62,29.51,46.67,-0.14,-0.18,0.04,49.51,49.13,48.74,32,36,0.91,87.96,18.28,2.0,4.08,2026-06-01,2026-06-01 13:53:57
9927,泰銘,68.3,68.0,68.7,67.8,74.02,59.64,51.06,-0.22,-0.33,0.11,69.23,67.8,66.37,125,109,1.15,81.96,16.07,3.94,5.77,2026-06-01,2026-06-01 13:53:58
9928,中視,17.9,17.55,17.9,17.5,50.4,53.55,68.75,0.04,0.01,0.03,17.99,17.75,17.52,130,51,2.51,12.66,,,,2026-06-01,2026-06-01 13:53:59
9929,秋雨,11.6,11.5,11.8,11.45,45.23,42.09,45.83,-0.12,-0.12,-0.0,12.39,11.68,10.97,14,18,0.8,11.75,,,,2026-06-01,2026-06-01 13:54:00
9930,中聯資源,69.0,69.2,69.2,68.7,71.41,51.78,45.1,-0.41,-0.52,0.11,70.56,68.77,66.97,94,86,1.09,171.49,13.97,4.0,5.8,2026-06-01,2026-06-01 13:54:01
9931,欣高,34.75,34.05,34.95,34.05,59.8,42.05,60.0,-0.44,-0.6,0.16,34.88,34.15,33.43,48,48,1.0,41.83,14.24,1.8,5.18,2026-06-01,2026-06-01 13:54:02
9933,中鼎,39.65,39.8,40.1,39.35,66.3,69.38,64.57,0.88,0.79,0.09,40.8,38.12,35.44,3978,5391,0.74,373.44,23.05,1.0,2.52,2026-06-01,2026-06-01 13:54:04
9934,成霖,9.96,9.78,9.97,9.7,58.35,47.0,58.52,0.07,0.05,0.02,10.08,9.58,9.08,1811,727,2.49,40.94,5.96,0.35,3.51,2026-06-01,2026-06-01 13:54:05
9935,慶豐富,18.9,18.95,19.0,18.6,70.43,67.42,51.28,0.03,-0.04,0.07,18.99,18.48,17.97,556,462,1.2,33.23,11.89,1.8,9.52,2026-06-01,2026-06-01 13:54:07
9937,全國,55.7,55.6,55.7,55.1,42.38,33.48,34.78,-0.37,-0.33,-0.04,57.21,56.1,54.98,53,46,1.14,172.14,23.7,2.1,3.77,2026-06-01,2026-06-01 13:54:09
9938,百和,44.05,43.3,44.3,43.05,40.6,22.08,43.97,-0.67,-0.72,0.05,46.1,43.9,41.71,2875,3397,0.85,131.25,10.77,3.0,6.81,2026-06-01,2026-06-01 13:54:10
9939,宏全,124.5,124.0,124.5,122.0,39.22,46.97,53.85,2.15,2.09,0.06,131.59,120.88,110.16,1105,1018,1.09,368.25,13.71,6.2,4.98,2026-06-01,2026-06-01 13:54:12
9940,信義,19.1,18.65,19.15,18.55,62.23,51.46,53.06,-0.28,-0.34,0.06,19.86,18.93,18.0,942,588,1.6,140.74,68.21,0.6,3.14,2026-06-01,2026-06-01 13:54:13
9941,裕融,73.6,73.1,73.8,72.5,34.11,22.56,44.62,-0.95,-0.96,0.01,76.32,73.95,71.58,1980,1750,1.13,423.67,10.05,4.38,5.95,2026-06-01,2026-06-01 13:54:14
9942,茂順,120.0,119.5,120.5,118.5,66.17,49.38,52.63,0.39,0.22,0.17,121.65,118.47,115.3,146,132,1.1,99.79,14.8,7.0,5.83,2026-06-01,2026-06-01 13:54:15
9943,好樂迪,55.6,55.7,55.8,55.3,67.71,57.7,48.94,-0.28,-0.36,0.08,56.88,55.76,54.65,130,90,1.44,69.6,10.3,4.8,8.63,2026-06-01,2026-06-01 13:54:16
9944,新麗,16.9,16.9,17.0,16.6,52.03,53.13,40.91,0.11,0.12,-0.01,17.39,16.9,16.4,140,139,1.01,17.9,,0.3,1.78,2026-06-01,2026-06-01 13:54:18
9945,潤泰新,23.7,23.3,23.8,23.15,42.82,32.68,53.16,-0.29,-0.4,0.11,23.9,23.41,22.92,9443,8141,1.16,671.78,6.03,1.1,4.64,2026-06-01,2026-06-01 13:54:19
9946,三發地產,16.55,16.45,16.55,16.2,37.79,35.67,45.45,-0.05,-0.06,0.01,17.26,16.47,15.68,555,393,1.41,53.69,10.89,1.04,6.28,2026-06-01,2026-06-01 13:54:20
9949,琉園,23.25,23.0,23.25,22.6,40.21,31.75,34.85,-1.46,-1.61,0.15,25.05,23.69,22.32,62,45,1.38,10.43,4.49,2.2,9.46,2026-06-01,2026-06-01 13:54:22
9950,萬國通,11.0,11.0,11.25,10.85,34.78,30.04,56.25,-0.02,-0.0,-0.01,11.71,10.9,10.09,83,72,1.14,18.45,,,,2026-06-01,2026-06-01 13:54:23
9951,皇田,52.4,52.6,52.6,52.2,41.74,34.45,36.84,-0.44,-0.39,-0.05,54.68,53.18,51.69,151,206,0.74,38.13,10.02,2.32,4.43,2026-06-01,2026-06-01 13:54:25
9955,佳龍,28.85,28.0,29.1,27.85,44.84,31.86,43.42,-0.61,-0.7,0.09,30.35,28.76,27.16,613,454,1.35,30.13,53.43,,,2026-06-01,2026-06-01 13:54:26
9958,世紀鋼,105.0,104.0,107.0,104.0,34.88,26.54,50.85,-1.05,-1.49,0.44,107.88,103.83,99.77,2189,2339,0.94,259.24,16.23,4.16,3.96,2026-06-01,2026-06-01 13:54:27
9960,邁達康,30.4,30.0,30.7,30.0,28.34,24.33,19.87,0.12,0.74,-0.63,37.04,32.7,28.36,29,40,0.73,10.21,17.47,1.7,5.59,2026-06-01,2026-06-01 13:54:29
9962,有益,9.66,9.69,9.69,9.62,54.33,53.53,50.96,-0.11,-0.17,0.06,9.77,9.56,9.35,91,75,1.21,8.72,,0.5,5.18,2026-06-01,2026-06-01 13:54:31
