股票代號,股票名稱,收盤價,K值,D值,KD狀態,RSI,DIF,MACD,柱狀圖,MACD狀態,BB上軌,BB中軌,BB下軌,BB位置,成交量張,5日均量張,量比,市值億,本益比,每股配息,殖利率,更新時間,交易日
1101,台泥,25.41,43.89,62.87,K<D,57.33,0.75,0.83,-0.08,DIF<MACD,27.3,25.41,23.52,61.27,33297,39364,1.29,1918.25,16.75,1.0,3.91,2026-02-03 23:23:37,
1102,亞泥,35.33,3.06,13.34,K<D,17.42,-0.61,-0.45,-0.16,DIF<MACD,38.02,36.12,34.23,13.41,6763,8303,0.64,1220.02,9.72,2.2,6.4,2026-02-03 23:23:39,
1103,嘉泥,14.09,36.9,51.8,K<D,46.45,0.05,0.06,-0.01,DIF<MACD,14.31,14.05,13.78,25.08,297,364,0.89,91.57,33.1,0.55,3.96,2026-02-03 23:23:40,
1104,環泥,29.72,21.84,25.95,黃金交叉,30.94,-0.18,-0.13,-0.05,DIF<MACD,30.68,30.03,29.37,22.59,311,555,0.97,202.91,12.68,1.7,5.75,2026-02-03 23:23:41,
1108,幸福,14.74,27.3,30.93,K<D,53.38,0.03,0.04,-0.01,DIF<MACD,15.23,15.05,14.87,43.73,111,167,0.18,60.91,6.46,0.75,4.98,2026-02-03 23:23:42,
1109,信大,15.03,39.83,54.77,K<D,43.59,-0.02,-0.02,-0.0,DIF<MACD,15.55,15.45,15.35,0.75,90,109,1.13,52.37,14.08,0.9,5.86,2026-02-03 23:23:44,
1110,東泥,15.72,21.45,24.42,黃金交叉,47.31,-0.09,-0.06,-0.03,DIF<MACD,16.67,16.33,15.99,25.94,114,172,1.11,92.04,40.38,0.3,1.86,2026-02-03 23:23:45,
1201,味全,14.67,46.27,54.25,K<D,45.54,-0.05,-0.05,0.01,DIF>MACD,14.64,14.46,14.28,20.43,186,263,0.3,72.62,25.62,0.5,3.48,2026-02-03 23:23:46,
1203,味王,39.84,34.87,42.69,K<D,51.11,-0.04,-0.02,-0.02,DIF<MACD,39.97,39.62,39.26,45.93,10,10,0.61,94.13,19.22,1.2,3.03,2026-02-03 23:23:47,
1210,大成,51.33,15.85,24.34,K<D,30.89,-0.15,0.01,-0.16,DIF<MACD,52.84,51.72,50.6,1.06,1520,1959,1.24,424.21,12.93,2.83,5.58,2026-02-03 23:23:48,
1213,大飲,9.56,49.42,57.72,K<D,50.16,-0.09,-0.08,-0.01,DIF<MACD,10.38,10.08,9.79,1.44,21,12,1.67,5.57,1.12,0.35,3.56,2026-02-03 23:23:49,
1215,卜蜂,152.69,20.2,35.44,K<D,46.79,2.54,3.04,-0.5,DIF<MACD,159.1,148.2,137.3,49.23,505,596,0.36,437.76,14.56,4.5,3.03,2026-02-03 23:23:50,
1216,統一,73.95,19.67,8.97,黃金交叉,26.08,-1.15,-0.92,-0.24,DIF<MACD,77.08,74.17,71.26,14.55,6171,9195,0.43,4119.46,20.89,3.0,4.14,2026-02-03 23:23:51,
1217,愛之味,10.27,20.89,29.74,K<D,41.05,0.01,0.04,-0.02,DIF<MACD,10.77,10.56,10.35,28.89,230,547,0.37,51.68,38.7,0.37,3.54,2026-02-03 23:23:53,
1218,泰山,17.8,20.93,37.75,K<D,38.49,0.02,0.06,-0.04,DIF<MACD,18.63,18.34,18.05,10.88,645,525,1.42,88.27,13.96,1.35,7.44,2026-02-03 23:23:54,
1219,福壽,13.24,57.88,56.77,K>D,40.4,-0.0,-0.01,0.01,DIF>MACD,13.66,13.49,13.31,44.67,126,238,0.76,46.07,32.14,0.5,3.7,2026-02-03 23:23:55,
1220,台榮,12.7,71.15,65.79,K<D,56.56,0.08,0.07,0.01,DIF>MACD,13.07,12.72,12.37,69.65,64,139,0.96,22.67,51.4,0.7,5.45,2026-02-03 23:23:56,
1225,福懋油,28.24,37.07,40.79,K<D,49.88,-0.23,-0.25,0.02,DIF>MACD,28.87,28.37,27.86,35.2,94,141,0.46,68.32,20.14,0.14,0.5,2026-02-03 23:23:58,
1227,佳格,28.58,20.9,27.2,K<D,23.53,-0.34,-0.31,-0.03,DIF<MACD,29.96,29.36,28.75,2.94,684,873,0.82,260.72,19.66,1.4,4.88,2026-02-03 23:23:59,
1229,聯華,44.63,15.77,27.37,K<D,21.28,-0.36,-0.25,-0.11,DIF<MACD,47.41,46.43,45.45,0.0,1476,1809,0.85,808.5,17.73,1.3,2.88,2026-02-03 23:24:00,
1231,聯華食,94.13,27.39,32.54,K<D,37.4,-0.79,-0.86,0.06,DIF>MACD,95.81,94.51,93.22,7.61,296,351,0.75,279.05,25.9,1.6,1.71,2026-02-03 23:24:01,
1232,大統益,142.35,29.64,30.85,K<D,40.84,0.17,0.22,-0.05,DIF<MACD,147.27,145.6,143.93,53.06,51,57,0.57,232.76,18.12,7.0,4.81,2026-02-03 23:24:03,
1233,天仁,31.65,15.46,22.24,K<D,30.48,0.03,0.07,-0.04,DIF<MACD,32.42,32.19,31.96,20.51,26,33,1.25,29.02,40.06,0.95,2.96,2026-02-03 23:24:04,
1234,黑松,36.65,38.36,28.91,K>D,32.37,-0.18,-0.17,-0.01,DIF<MACD,37.59,37.17,36.76,14.79,33,75,0.8,148.49,18.85,1.9,5.14,2026-02-03 23:24:05,
1235,興泰,40.54,58.48,52.09,K>D,33.24,-1.18,-1.25,0.06,DIF>MACD,46.99,43.14,39.29,18.92,13,9,1.48,18.48,,0.5,1.23,2026-02-03 23:24:06,
1236,宏亞,26.8,80.54,76.46,K>D,74.21,0.23,0.06,0.17,DIF>MACD,26.54,25.3,24.06,100.0,197,193,1.12,22.84,,0.6,2.28,2026-02-03 23:24:07,
1256,鮮活果汁-KY,155.15,25.69,26.67,黃金交叉,35.87,2.78,3.7,-0.92,DIF<MACD,167.66,159.05,150.44,41.83,31,60,0.26,56.52,16.48,4.66,2.95,2026-02-03 23:24:08,
1301,台塑,44.99,42.76,63.57,K<D,55.08,1.76,1.71,0.05,DIF>MACD,51.18,44.23,37.28,51.13,27766,56612,0.53,2861.4,79.87,0.5,1.11,2026-02-03 23:24:10,
1303,南亞,73.4,29.11,48.31,K<D,57.56,3.81,4.53,-0.72,DIF<MACD,85.58,72.51,59.44,44.77,62745,81229,0.96,5789.5,35.38,0.7,0.96,2026-02-03 23:24:11,
1304,台聚,10.75,24.88,48.2,K<D,44.38,0.12,0.19,-0.07,DIF<MACD,12.58,11.64,10.71,11.33,4751,8115,0.61,118.49,,0.2,1.81,2026-02-03 23:24:12,
1305,華夏,11.47,24.88,46.51,K<D,49.04,0.2,0.26,-0.07,DIF<MACD,12.92,11.93,10.94,21.86,2341,5189,0.94,66.24,,0.15,1.32,2026-02-03 23:24:13,
1307,三芳,30.44,27.8,43.17,K<D,37.07,-0.22,-0.11,-0.11,DIF<MACD,33.07,31.98,30.89,9.41,525,781,0.78,123.52,10.53,2.7,8.7,2026-02-03 23:24:14,
1308,亞聚,12.66,25.16,42.81,K<D,35.31,0.05,0.13,-0.07,DIF<MACD,14.42,13.64,12.86,0.61,1240,2688,0.33,77.19,48.15,0.25,1.92,2026-02-03 23:24:15,
1309,台達化,12.07,27.36,41.63,K<D,47.59,0.16,0.21,-0.05,DIF<MACD,12.72,11.93,11.14,47.39,904,1903,0.75,46.72,,0.2,1.7,2026-02-03 23:24:16,
1310,台苯,9.08,41.83,47.07,K<D,44.74,0.05,0.06,-0.01,DIF<MACD,9.21,8.91,8.6,42.5,1577,2790,0.24,46.61,33.96,,,2026-02-03 23:24:18,
1312,國喬,12.88,33.87,42.4,K<D,45.2,0.34,0.46,-0.12,DIF<MACD,14.2,13.09,11.99,31.73,5790,8705,0.55,145.11,19.17,,,2026-02-03 23:24:19,
1313,聯成,10.08,37.36,53.12,K<D,50.43,0.1,0.14,-0.03,DIF<MACD,11.47,10.63,9.78,31.37,3406,5998,0.42,135.75,,0.15,1.47,2026-02-03 23:24:20,
1314,中石化,7.65,20.83,23.74,K<D,41.54,-0.01,0.02,-0.03,DIF<MACD,8.4,8.11,7.81,0.0,12952,22258,0.51,296.73,4.51,,,2026-02-03 23:24:21,
1315,達新,65.11,38.31,41.0,K<D,58.07,0.02,0.04,-0.02,DIF<MACD,65.12,64.34,63.55,53.64,7,17,0.7,61.52,39.27,4.5,6.99,2026-02-03 23:24:22,
1316,上曜,13.65,12.73,19.46,K<D,19.16,-0.32,-0.28,-0.05,DIF<MACD,15.02,14.32,13.63,7.8,1686,2360,0.69,46.49,62.27,,,2026-02-03 23:24:23,
1319,東陽,108.48,44.31,48.26,K<D,64.64,3.62,3.65,-0.03,DIF<MACD,119.82,105.57,91.32,75.67,2329,3411,0.97,656.54,17.0,5.3,4.77,2026-02-03 23:24:25,
1321,大洋,33.19,30.24,36.44,K<D,32.91,-0.47,-0.44,-0.03,DIF<MACD,35.26,33.92,32.59,28.57,98,165,0.67,73.27,,0.38,1.14,2026-02-03 23:24:26,
1323,永裕,18.13,35.96,46.05,K<D,42.58,-0.17,-0.16,-0.01,DIF<MACD,19.5,18.94,18.39,19.24,31,59,0.37,17.02,186.5,0.9,4.83,2026-02-03 23:24:27,
1324,地球,10.86,24.41,28.81,K<D,34.37,-0.02,0.05,-0.07,DIF<MACD,11.49,11.03,10.58,11.22,43,45,1.27,7.96,,0.2,1.89,2026-02-03 23:24:28,
1325,恆大,29.71,30.77,42.9,K<D,47.53,0.17,0.05,0.12,DIF>MACD,33.66,30.38,27.1,38.99,1221,3457,0.1,25.71,,0.3,1.0,2026-02-03 23:24:29,
1326,台化,39.78,56.71,72.18,K<D,69.13,2.34,1.86,0.48,DIF>MACD,44.47,36.15,27.83,77.0,24312,63674,0.1,2304.51,44.73,0.5,1.27,2026-02-03 23:24:30,
1337,再生-KY,5.43,40.83,55.13,K<D,60.1,0.21,0.19,0.02,DIF>MACD,6.21,5.28,4.34,70.82,1115,1682,0.66,14.77,,,,2026-02-03 23:24:32,
1338,廣華-KY,19.72,10.16,12.06,K<D,46.02,-0.14,-0.06,-0.09,DIF<MACD,21.15,20.32,19.49,6.24,106,111,0.72,15.91,2.29,0.78,3.96,2026-02-03 23:24:33,
1339,昭輝,42.92,28.33,25.01,K<D,56.72,-0.2,-0.09,-0.1,DIF<MACD,46.11,43.26,40.41,46.34,46,54,0.37,31.73,20.78,3.0,7.01,2026-02-03 23:24:34,
1340,勝悅-KY,6.37,14.09,29.55,K<D,40.15,-0.12,-0.08,-0.04,DIF<MACD,7.21,6.83,6.45,0.0,109,169,0.79,9.92,,,,2026-02-03 23:24:35,
1341,富林-KY,60.25,57.99,51.64,黃金交叉,45.33,-0.04,-0.05,0.01,黃金交叉,59.13,58.17,57.2,70.71,2,3,0.64,30.97,14.69,5.2,8.87,2026-02-03 23:24:36,
1342,八貫,95.65,31.15,38.55,K<D,44.27,1.08,1.6,-0.51,DIF<MACD,97.37,94.91,92.45,33.83,102,163,0.57,73.4,17.43,4.79,5.09,2026-02-03 23:24:37,
1402,遠東新,28.53,21.78,35.89,K<D,39.23,-0.03,0.06,-0.09,DIF<MACD,28.92,28.29,27.66,12.51,5262,9423,1.03,1487.88,16.75,1.6,5.76,2026-02-03 23:24:39,
1409,新纖,15.05,20.42,30.81,K<D,36.55,-0.04,0.03,-0.07,DIF<MACD,15.76,15.15,14.54,21.72,2366,3254,0.8,237.22,12.25,0.6,4.08,2026-02-03 23:24:40,
1410,南染,33.5,16.67,15.21,K<D,25.46,-0.19,-0.16,-0.03,DIF<MACD,34.28,33.79,33.3,3.25,38,46,1.17,20.65,59.46,0.51,1.53,2026-02-03 23:24:41,
1413,宏洲,10.05,38.36,48.53,K<D,48.13,-0.02,-0.02,0.0,DIF>MACD,10.08,9.92,9.77,10.23,9,19,0.1,12.95,22.27,,,2026-02-03 23:24:42,
1414,東和,18.68,58.43,59.31,K<D,53.01,0.18,0.21,-0.02,DIF<MACD,20.11,19.31,18.51,45.99,1083,620,1.82,34.13,147.31,0.26,1.36,2026-02-03 23:24:43,
1416,廣豐,11.54,43.82,50.86,K<D,42.67,-0.01,-0.01,-0.0,DIF<MACD,11.91,11.76,11.62,54.01,45,420,0.48,21.78,15.06,0.56,4.77,2026-02-03 23:24:44,
1417,嘉裕,8.32,32.14,46.62,K<D,23.57,-0.04,-0.02,-0.03,DIF<MACD,8.94,8.79,8.64,0.0,178,119,1.57,16.24,,,,2026-02-03 23:24:45,
1418,東華,19.64,22.22,32.44,K<D,43.71,-0.01,0.01,-0.02,DIF<MACD,20.15,19.94,19.73,37.85,19,20,1.19,10.78,,,,2026-02-03 23:24:47,
1419,新紡,69.93,28.49,43.26,K<D,44.95,0.75,1.62,-0.87,DIF<MACD,80.59,74.22,67.84,11.82,427,372,1.02,210.66,15.78,1.5,2.13,2026-02-03 23:24:48,
1423,利華,37.48,31.58,36.67,K<D,35.86,-0.09,-0.08,-0.01,DIF<MACD,38.49,38.14,37.78,37.09,9,13,0.24,37.87,8.94,0.8,2.11,2026-02-03 23:24:49,
1432,大魯閣,18.86,50.89,55.46,K<D,55.18,0.11,0.1,0.01,DIF>MACD,18.79,18.26,17.72,68.21,139,217,0.6,19.98,,,,2026-02-03 23:24:50,
1434,福懋,16.8,54.39,60.49,K<D,62.93,0.27,0.25,0.02,DIF>MACD,17.54,16.57,15.61,62.14,3255,4315,0.64,285.18,48.43,0.8,4.72,2026-02-03 23:24:51,
1435,中福,21.22,60.83,56.68,K>D,42.66,-0.32,-0.38,0.06,DIF>MACD,22.37,21.5,20.63,48.8,14,7,2.28,30.05,,,,2026-02-03 23:24:52,
1436,華友聯,60.05,18.32,25.12,K<D,30.51,-0.71,-0.52,-0.19,DIF<MACD,63.39,61.68,59.97,0.68,190,238,0.54,103.45,9.9,7.53,12.57,2026-02-03 23:24:54,
1437,勤益控,31.51,41.26,61.08,K<D,47.81,-0.15,-0.16,0.0,DIF>MACD,33.0,32.45,31.9,25.32,98,97,1.48,65.0,15.41,1.83,5.68,2026-02-03 23:24:55,
1438,三地開發,32.33,37.63,40.17,K<D,35.05,-0.31,-0.24,-0.07,DIF<MACD,33.66,32.93,32.19,0.0,32,28,1.59,35.31,,,,2026-02-03 23:24:56,
1439,雋揚,29.14,62.73,54.01,K>D,28.81,0.2,0.29,-0.09,DIF<MACD,30.63,29.94,29.25,49.29,12,25,0.22,27.51,10.76,0.3,1.0,2026-02-03 23:24:57,
1440,南紡,13.69,31.1,40.2,K<D,44.75,0.02,0.04,-0.02,DIF<MACD,14.02,13.55,13.07,32.25,796,1342,0.44,220.36,63.33,0.3,2.26,2026-02-03 23:24:59,
1441,大東,10.12,7.72,19.83,K<D,22.73,-0.12,-0.1,-0.03,DIF<MACD,10.52,10.22,9.93,3.16,17,30,0.97,7.15,,,,2026-02-03 23:25:00,
1442,名軒,28.97,55.8,48.68,K>D,43.66,-0.31,-0.36,0.05,DIF>MACD,30.72,29.8,28.88,28.23,692,657,1.52,108.03,7.78,4.5,15.25,2026-02-03 23:25:01,
1443,立益物流,26.44,59.39,57.04,K<D,50.93,0.01,-0.03,0.04,DIF>MACD,27.46,27.01,26.55,76.05,4,16,0.2,36.88,35.39,,,2026-02-03 23:25:03,
1444,力麗,6.39,33.76,48.43,K<D,57.09,0.11,0.11,0.0,DIF>MACD,6.89,6.32,5.75,36.47,467,1380,0.16,61.72,22.39,,,2026-02-03 23:25:04,
1445,大宇,15.74,76.25,74.22,K>D,85.39,0.45,0.24,0.21,DIF>MACD,15.68,13.5,11.33,100.0,609,248,2.49,20.32,,0.5,3.22,2026-02-03 23:25:05,
1446,宏和,16.98,12.15,18.62,K<D,29.36,-0.32,-0.21,-0.12,DIF<MACD,18.71,17.68,16.65,11.33,86,212,0.6,23.07,5.94,2.0,11.94,2026-02-03 23:25:06,
1447,力鵬,5.5,33.06,48.39,K<D,53.7,0.05,0.03,0.01,DIF>MACD,5.94,5.38,4.82,54.06,752,2553,0.1,45.64,15.03,,,2026-02-03 23:25:07,
1449,佳和,10.87,7.75,16.6,K<D,21.6,0.02,0.17,-0.16,DIF<MACD,12.76,11.81,10.87,12.06,492,575,1.09,14.17,5.52,0.33,2.96,2026-02-03 23:25:08,
1451,年興,17.4,27.95,32.42,K<D,52.92,0.11,0.14,-0.04,DIF<MACD,18.33,17.69,17.05,45.0,59,98,0.15,34.75,9.97,1.0,5.7,2026-02-03 23:25:09,
1452,宏益,11.48,32.41,43.14,K<D,49.51,0.01,0.01,-0.0,DIF<MACD,12.06,11.81,11.55,39.79,31,75,0.1,15.59,5.93,0.5,4.26,2026-02-03 23:25:11,
1453,大將,13.33,61.37,59.59,K>D,55.97,0.24,0.12,0.12,DIF>MACD,13.63,12.52,11.41,80.32,156,609,0.15,14.78,,,,2026-02-03 23:25:12,
1454,台富,16.72,92.07,80.44,K>D,94.66,0.52,0.12,0.39,DIF>MACD,15.46,13.3,11.14,100.0,3158,1108,2.7,20.27,,0.25,1.51,2026-02-03 23:25:13,
1455,集盛,8.38,41.0,56.12,K<D,61.35,0.31,0.3,0.01,DIF>MACD,9.88,8.38,6.87,58.69,1182,1894,0.44,45.03,11.76,,,2026-02-03 23:25:14,
1456,怡華,12.76,75.55,56.15,K>D,45.37,0.01,0.03,-0.01,DIF<MACD,13.6,13.14,12.67,47.97,4,15,0.26,12.28,10.31,,,2026-02-03 23:25:15,
1457,宜進,14.88,24.31,34.43,K<D,30.9,-0.14,-0.12,-0.02,DIF<MACD,15.83,15.42,15.01,3.68,67,84,0.61,35.14,35.83,1.0,6.64,2026-02-03 23:25:16,
1459,聯發,11.58,37.41,40.95,K<D,45.55,-0.01,-0.0,-0.01,DIF<MACD,11.98,11.8,11.62,31.96,69,137,0.2,37.15,5.52,,,2026-02-03 23:25:17,
1460,宏遠,6.64,65.65,75.37,K<D,60.85,0.1,0.11,-0.01,DIF<MACD,6.75,6.52,6.28,58.22,372,608,0.42,44.18,10.08,,,2026-02-03 23:25:19,
1463,強盛新,17.95,79.39,60.54,K>D,64.63,-0.24,-0.34,0.1,DIF>MACD,17.84,17.46,17.08,97.2,43,49,1.34,30.54,4.7,2.1,11.8,2026-02-03 23:25:20,
1464,得力,11.36,15.02,18.52,K<D,31.51,0.01,0.08,-0.07,DIF<MACD,12.02,11.47,10.92,10.91,275,406,0.59,47.05,28.46,0.5,4.5,2026-02-03 23:25:21,
1465,偉全,12.33,29.11,42.38,K<D,29.0,-0.06,-0.06,-0.01,DIF<MACD,12.62,12.5,12.37,0.0,24,41,0.53,12.8,,0.6,4.86,2026-02-03 23:25:23,
1466,聚隆,14.41,63.07,54.04,黃金交叉,61.55,0.12,0.07,0.05,DIF>MACD,14.92,14.38,13.85,85.53,173,247,0.78,16.4,,,,2026-02-03 23:25:24,
1467,南緯,7.54,17.67,23.33,K<D,27.46,0.05,0.13,-0.08,DIF<MACD,8.25,7.83,7.4,0.0,139,237,1.07,17.38,,,,2026-02-03 23:25:25,
1468,昶和,13.05,60.4,69.95,K<D,68.42,0.32,0.28,0.04,DIF>MACD,13.6,12.39,11.18,60.19,37,43,0.6,20.61,128.5,,,2026-02-03 23:25:26,
1471,首利,12.9,56.54,65.02,K<D,71.2,1.0,0.88,0.11,DIF>MACD,14.48,11.17,7.86,77.39,1151,3565,0.5,19.33,,,,2026-02-03 23:25:27,
1472,三洋實業,89.02,30.34,32.48,K<D,34.86,-0.53,-0.48,-0.04,DIF<MACD,90.14,88.18,86.22,40.47,3,18,0.38,45.98,13.84,3.0,3.42,2026-02-03 23:25:28,
1473,台南,25.09,37.14,56.2,K<D,60.68,0.33,0.35,-0.03,DIF<MACD,27.62,25.18,22.74,48.87,148,206,0.83,36.68,20.24,2.0,7.97,2026-02-03 23:25:29,
1474,弘裕,10.31,35.04,44.17,K<D,47.91,-0.12,-0.15,0.02,DIF>MACD,10.58,10.36,10.13,32.14,137,108,0.86,13.38,31.21,0.4,3.88,2026-02-03 23:25:31,
1475,業旺,30.72,10.76,16.47,K<D,32.39,-0.1,-0.05,-0.06,DIF<MACD,33.61,32.14,30.68,9.23,74,33,2.38,20.37,8.99,3.6,11.67,2026-02-03 23:25:32,
1476,儒鴻,394.92,31.45,35.16,K<D,52.67,0.72,2.0,-1.28,DIF<MACD,425.81,407.9,389.99,37.7,602,479,0.82,1115.3,19.78,17.0,4.18,2026-02-03 23:25:33,
1477,聚陽,307.59,25.6,25.58,黃金交叉,41.83,2.24,4.06,-1.83,DIF<MACD,335.85,317.18,298.5,43.04,748,937,0.9,777.09,21.01,16.1,5.11,2026-02-03 23:25:34,
1503,士電,210.41,37.29,59.82,K<D,62.98,13.51,13.81,-0.3,DIF<MACD,256.78,208.47,160.17,51.57,4958,10157,0.73,1127.9,34.42,4.5,2.08,2026-02-03 23:25:36,
1504,東元,82.37,11.84,23.74,K<D,37.42,-1.17,-0.59,-0.59,DIF<MACD,91.9,85.38,78.86,15.49,12915,20376,0.34,1915.57,32.17,2.2,2.69,2026-02-03 23:25:37,
1506,正道,11.67,24.09,39.74,K<D,48.8,0.11,0.19,-0.09,DIF<MACD,13.4,12.32,11.24,19.85,214,295,1.07,35.45,147.5,,,2026-02-03 23:25:38,
1512,瑞利,8.0,15.5,25.49,K<D,57.08,0.13,0.17,-0.04,DIF<MACD,9.11,7.97,6.83,49.13,93,105,0.42,7.85,,,,2026-02-03 23:25:39,
1513,中興電,173.13,44.1,51.37,K<D,55.83,5.86,6.64,-0.78,DIF<MACD,194.64,165.18,135.71,47.52,7693,14304,0.88,834.99,21.89,4.6,2.72,2026-02-03 23:25:41,
1514,亞力,124.1,35.93,48.62,K<D,59.74,7.18,7.91,-0.73,DIF<MACD,153.44,119.95,86.46,56.96,9052,11413,0.75,341.3,43.15,1.7,1.35,2026-02-03 23:25:42,
1515,力山,25.96,11.5,22.72,K<D,30.34,-0.3,-0.09,-0.22,DIF<MACD,29.17,27.47,25.76,10.33,305,428,0.43,47.36,8.42,1.0,3.83,2026-02-03 23:25:43,
1516,川飛,21.98,32.09,36.14,K<D,44.58,0.17,0.28,-0.12,DIF<MACD,22.84,21.95,21.06,32.87,27,31,0.51,8.66,,,,2026-02-03 23:25:44,
1517,利奇,11.8,24.99,37.04,K<D,53.41,0.22,0.3,-0.08,DIF<MACD,13.61,12.03,10.44,46.86,493,466,1.51,26.4,1.82,0.2,1.67,2026-02-03 23:25:45,
1519,華城,922.96,28.34,48.85,K<D,59.26,50.79,59.66,-8.88,DIF<MACD,1143.02,936.1,729.18,59.38,5958,4097,1.02,2991.39,69.84,9.0,0.95,2026-02-03 23:25:47,
1521,大億,26.12,14.6,35.93,K<D,62.56,0.66,0.87,-0.21,DIF<MACD,30.93,26.44,21.96,43.01,8,51,0.1,20.16,41.98,1.0,3.78,2026-02-03 23:25:48,
1522,堤維西,48.0,20.68,30.8,K<D,56.64,0.59,0.84,-0.24,DIF<MACD,54.21,49.15,44.1,48.61,623,1323,0.32,152.86,51.04,3.0,6.12,2026-02-03 23:25:49,
1524,耿鼎,33.95,25.47,41.09,K<D,58.52,1.21,1.34,-0.13,DIF<MACD,37.2,32.83,28.45,44.34,1498,2646,0.69,54.72,13.03,2.3,6.95,2026-02-03 23:25:50,
1525,江申,63.66,26.52,35.06,K<D,43.27,-0.18,-0.17,-0.01,DIF<MACD,64.55,63.23,61.9,13.92,19,31,0.65,45.88,16.19,3.1,4.96,2026-02-03 23:25:51,
1526,日馳,21.52,30.52,45.19,K<D,64.82,1.05,1.13,-0.08,DIF<MACD,24.89,19.82,14.74,66.58,727,382,1.53,12.81,,,,2026-02-03 23:25:52,
1527,鑽全,34.91,19.52,24.65,K<D,53.21,0.36,0.59,-0.24,DIF<MACD,38.01,34.74,31.47,42.32,187,273,0.48,47.32,24.93,2.2,6.44,2026-02-03 23:25:53,
1528,恩德,27.59,26.93,26.38,K<D,52.19,1.95,2.5,-0.54,DIF<MACD,33.26,26.64,20.01,61.06,2571,2667,0.7,51.85,,0.1,0.37,2026-02-03 23:25:55,
1529,樂事綠能,22.96,17.0,43.72,K<D,60.88,1.21,1.41,-0.2,DIF<MACD,28.32,23.14,17.96,53.66,1034,1753,0.3,36.29,31.2,0.2,0.85,2026-02-03 23:25:56,
1530,亞崴,29.63,41.65,44.08,K<D,57.85,0.48,0.52,-0.04,DIF<MACD,30.77,28.74,26.71,64.4,36,58,0.54,27.39,48.25,1.53,5.28,2026-02-03 23:25:57,
1531,高林股,12.08,13.37,27.57,K<D,47.54,0.06,0.12,-0.06,DIF<MACD,12.85,12.29,11.73,19.77,77,64,1.4,21.94,12.82,0.4,3.32,2026-02-03 23:25:58,
1532,勤美,24.54,9.08,20.4,K<D,16.07,-0.52,-0.45,-0.07,DIF<MACD,26.07,25.07,24.07,0.0,753,694,0.81,100.32,120.5,1.73,7.18,2026-02-03 23:26:00,
1533,車王電,31.33,11.57,19.77,K<D,39.12,-0.39,-0.19,-0.2,DIF<MACD,33.87,32.1,30.34,0.0,82,130,0.5,30.16,51.86,,,2026-02-03 23:26:01,
1535,中宇,49.11,15.73,20.86,K<D,18.73,-0.6,-0.31,-0.29,DIF<MACD,54.66,52.62,50.59,0.0,202,132,1.42,61.44,12.51,3.0,6.04,2026-02-03 23:26:02,
1536,和大,58.4,21.61,43.42,K<D,56.97,1.02,1.38,-0.35,DIF<MACD,68.68,60.51,52.35,46.43,1478,4007,0.85,166.82,398.67,0.8,1.34,2026-02-03 23:26:04,
1537,廣隆,120.5,25.23,31.63,K<D,38.88,-0.24,-0.08,-0.16,DIF<MACD,125.27,123.7,122.13,14.71,49,68,1.17,100.53,14.87,10.5,8.57,2026-02-03 23:26:05,
1538,正峰,25.74,30.52,41.25,K<D,35.29,0.0,0.04,-0.04,DIF<MACD,26.62,26.25,25.88,0.0,2,4,0.76,8.35,,,,2026-02-03 23:26:06,
1539,巨庭,18.34,14.64,29.08,K<D,52.98,0.27,0.5,-0.23,DIF<MACD,21.54,18.71,15.88,46.42,129,172,0.5,11.77,72.0,0.85,4.72,2026-02-03 23:26:07,
1540,喬福,24.98,7.81,24.81,K<D,40.43,0.4,0.72,-0.33,DIF<MACD,28.73,25.28,21.83,44.84,351,458,0.34,20.9,23.51,1.6,6.54,2026-02-03 23:26:09,
1541,錩泰,23.97,14.12,26.78,K<D,59.44,0.38,0.59,-0.2,DIF<MACD,29.28,25.16,21.04,40.43,45,64,0.53,19.46,17.03,0.5,2.02,2026-02-03 23:26:10,
1558,伸興,95.06,6.73,3.14,K<D,25.2,-1.57,-0.97,-0.6,DIF<MACD,105.89,99.63,93.37,4.54,36,33,0.85,61.31,17.18,6.0,6.32,2026-02-03 23:26:11,
1560,中砂,411.95,38.07,33.07,K>D,47.05,8.82,13.21,-4.39,DIF<MACD,436.48,421.7,406.92,17.3,2027,2239,0.92,608.34,55.13,3.99,0.96,2026-02-03 23:26:12,
1563,巧新,44.99,19.63,25.14,K<D,37.58,0.2,0.67,-0.47,DIF<MACD,49.49,47.46,45.43,0.34,374,448,1.12,101.68,21.68,2.27,4.96,2026-02-03 23:26:13,
1568,倉佑,22.92,9.21,24.05,K<D,47.3,0.29,0.55,-0.26,DIF<MACD,26.66,24.2,21.74,27.27,131,142,1.28,24.17,20.57,1.2,5.12,2026-02-03 23:26:14,
1582,信錦,65.46,24.39,43.31,K<D,55.13,0.6,0.77,-0.16,DIF<MACD,72.51,67.02,61.53,41.97,643,1191,0.88,95.36,14.62,5.5,8.32,2026-02-03 23:26:15,
1583,程泰,49.38,25.61,35.68,K<D,61.76,0.83,0.87,-0.04,DIF<MACD,51.79,47.59,43.39,50.92,19,28,0.55,52.62,22.17,3.03,6.3,2026-02-03 23:26:17,
1587,吉茂,43.73,1.84,13.24,K<D,39.4,-0.97,0.11,-1.08,DIF<MACD,56.0,50.17,44.35,0.0,464,921,0.69,35.38,221.0,0.5,1.13,2026-02-03 23:26:18,
1589,永冠-KY,16.37,11.12,23.12,K<D,36.88,-0.05,0.11,-0.16,DIF<MACD,18.95,17.48,16.0,21.79,1423,1021,1.2,25.04,3.58,,,2026-02-03 23:26:19,
1590,亞德客-KY,1189.31,81.95,72.24,K>D,88.2,45.13,29.51,15.61,DIF>MACD,1149.82,1031.95,914.08,100.0,1437,1436,0.56,2350.0,29.89,20.01,1.7,2026-02-03 23:26:20,
1597,直得,76.47,26.5,40.62,K<D,47.28,1.47,2.15,-0.68,DIF<MACD,87.45,79.29,71.12,45.58,160,617,0.46,67.28,97.59,0.7,0.91,2026-02-03 23:26:21,
1598,岱宇,20.72,34.67,26.15,K>D,23.63,-0.25,-0.24,-0.01,DIF<MACD,21.99,20.49,18.98,31.75,144,284,0.1,33.51,38.75,0.5,2.48,2026-02-03 23:26:23,
1603,華電,40.9,30.75,56.55,K<D,53.15,0.88,1.02,-0.14,DIF<MACD,43.97,40.43,36.88,38.84,833,827,0.92,63.22,10.84,1.5,3.77,2026-02-03 23:26:24,
1604,聲寶,23.49,41.37,55.17,K<D,51.32,-0.08,-0.1,0.02,DIF>MACD,24.16,23.99,23.82,9.99,234,195,1.03,86.76,14.54,1.5,6.29,2026-02-03 23:26:25,
1605,華新,36.59,35.07,44.75,K<D,36.83,1.55,2.17,-0.62,DIF<MACD,45.09,40.69,36.29,0.0,209284,257362,1.0,1621.87,101.67,0.5,1.37,2026-02-03 23:26:26,
1608,華榮,33.59,22.12,40.73,K<D,29.4,-0.26,0.26,-0.52,DIF<MACD,41.6,38.38,35.17,0.0,7872,17115,0.73,144.23,6.98,1.0,2.94,2026-02-03 23:26:27,
1609,大亞,38.45,15.73,31.56,K<D,49.12,0.54,0.94,-0.4,DIF<MACD,45.96,41.31,36.67,27.91,6630,10639,0.42,304.96,21.64,0.75,1.93,2026-02-03 23:26:29,
1611,中電,12.49,8.14,20.32,K<D,25.16,0.05,0.2,-0.16,DIF<MACD,14.44,13.54,12.63,15.04,337,534,0.94,41.47,75.59,0.8,6.23,2026-02-03 23:26:30,
1612,宏泰,35.73,25.81,35.1,K<D,49.83,0.38,0.56,-0.19,DIF<MACD,39.35,36.25,33.15,36.12,734,1443,0.3,112.21,13.45,2.1,5.92,2026-02-03 23:26:31,
1614,三洋電,33.36,51.73,50.44,K<D,34.68,-0.08,-0.05,-0.03,DIF<MACD,34.59,33.95,33.32,2.29,106,140,0.71,86.35,32.38,0.58,1.74,2026-02-03 23:26:32,
1615,大山,46.71,19.77,34.76,K<D,37.0,-0.03,0.15,-0.18,DIF<MACD,50.57,49.11,47.65,10.31,197,165,1.42,94.4,11.32,2.0,4.17,2026-02-03 23:26:33,
1616,億泰,27.13,16.02,31.05,K<D,38.28,-0.1,0.06,-0.15,DIF<MACD,30.69,28.75,26.8,8.48,1088,1424,0.95,52.11,7.33,1.8,6.55,2026-02-03 23:26:35,
1617,榮星,16.55,20.54,32.02,K<D,61.64,0.48,0.58,-0.1,DIF<MACD,18.51,16.17,13.83,46.31,147,424,0.84,25.48,,0.5,3.1,2026-02-03 23:26:36,
1618,合機,44.1,25.44,38.84,K<D,60.99,0.96,1.18,-0.23,DIF<MACD,50.73,45.0,39.26,41.84,1002,2013,0.23,86.33,10.57,1.5,3.35,2026-02-03 23:26:37,
1626,艾美特-KY,10.62,26.31,48.11,K<D,44.3,-0.05,-0.08,0.03,DIF>MACD,11.72,11.14,10.57,16.47,114,442,0.42,16.26,,,,2026-02-03 23:26:38,
1702,南僑,37.43,30.2,25.94,K<D,32.07,-0.3,-0.23,-0.06,DIF<MACD,39.1,38.03,36.96,32.23,160,290,0.66,92.91,20.81,2.5,6.68,2026-02-03 23:26:39,
1707,葡萄王,125.55,39.37,36.23,黃金交叉,40.21,-0.77,-0.72,-0.04,DIF<MACD,125.0,122.69,120.38,37.09,79,87,1.33,180.73,14.9,6.4,5.25,2026-02-03 23:26:41,
1708,東鹼,33.03,47.02,53.03,K<D,59.24,0.3,0.27,0.02,DIF>MACD,34.31,33.16,32.02,71.47,794,1617,0.15,83.54,11.26,2.0,5.96,2026-02-03 23:26:42,
1709,和益,16.92,29.08,42.0,K<D,39.46,0.04,0.09,-0.04,DIF<MACD,17.38,17.03,16.68,6.31,352,308,1.39,79.9,16.42,0.8,4.78,2026-02-03 23:26:43,
1710,東聯,12.9,32.75,42.35,K<D,50.84,0.21,0.24,-0.03,DIF<MACD,13.91,12.95,12.0,34.46,2124,3767,0.63,111.38,13.23,,,2026-02-03 23:26:44,
1711,永光,21.41,21.47,14.96,黃金交叉,35.56,0.3,0.61,-0.31,DIF<MACD,24.23,22.14,20.05,35.44,10789,6893,1.34,119.14,,0.3,1.38,2026-02-03 23:26:46,
1712,興農,46.43,29.37,39.88,K<D,59.14,0.4,0.53,-0.13,DIF<MACD,46.77,45.62,44.46,49.84,389,516,0.72,192.59,17.48,2.5,5.46,2026-02-03 23:26:47,
1713,國化,47.77,21.88,18.76,黃金交叉,19.1,0.58,1.02,-0.44,DIF<MACD,52.82,49.76,46.7,17.28,257,495,0.35,72.68,4.92,7.5,15.58,2026-02-03 23:26:48,
1714,和桐,9.16,38.83,40.07,K<D,50.49,0.19,0.21,-0.03,DIF<MACD,9.55,9.07,8.59,58.35,3111,3912,0.88,89.24,21.14,0.21,2.31,2026-02-03 23:26:49,
1717,長興,57.05,15.28,26.55,K<D,41.63,3.35,4.98,-1.63,DIF<MACD,73.44,61.77,50.09,31.45,27434,46434,0.98,663.49,37.99,1.2,2.12,2026-02-03 23:26:50,
1718,中纖,6.89,20.56,26.53,K<D,44.98,0.03,0.07,-0.04,DIF<MACD,7.45,7.12,6.79,14.14,3212,5568,0.65,92.3,,,,2026-02-03 23:26:52,
1720,生達,58.72,25.11,42.9,K<D,47.51,0.18,0.26,-0.08,DIF<MACD,62.48,60.88,59.27,28.5,137,197,0.83,107.57,12.04,2.8,4.65,2026-02-03 23:26:53,
1721,三晃,17.04,6.95,21.9,K<D,46.88,0.8,1.31,-0.5,DIF<MACD,22.13,18.07,14.01,41.55,1245,1387,0.92,30.88,,,,2026-02-03 23:26:54,
1722,台肥,45.21,10.62,32.82,K<D,39.72,-0.23,-0.11,-0.12,DIF<MACD,47.8,46.71,45.62,0.0,1476,2466,0.15,447.86,29.11,2.0,4.38,2026-02-03 23:26:55,
1723,中碳,71.04,67.96,76.42,K<D,54.21,0.81,0.62,0.19,DIF>MACD,74.69,71.69,68.69,57.41,217,388,0.29,168.08,22.91,4.5,6.22,2026-02-03 23:26:56,
1725,元禎,26.35,9.65,17.33,K<D,27.5,0.03,0.38,-0.35,DIF<MACD,30.79,28.82,26.84,3.5,53,68,0.77,49.28,16.83,1.25,4.61,2026-02-03 23:26:58,
1726,永記,76.52,43.12,31.07,黃金交叉,47.19,-0.01,0.0,-0.01,DIF<MACD,76.29,75.98,75.67,75.15,6,23,0.1,123.28,13.3,3.6,4.73,2026-02-03 23:26:59,
1727,中華化,43.0,16.26,24.48,K<D,29.93,-0.12,0.73,-0.85,DIF<MACD,50.89,46.34,41.78,18.25,1942,3023,0.32,53.34,472.78,0.5,1.18,2026-02-03 23:27:00,
1730,花仙子,51.56,50.22,48.53,K<D,61.29,0.07,-0.0,0.08,DIF>MACD,53.34,52.7,52.06,76.11,27,52,0.53,33.58,11.99,3.0,5.65,2026-02-03 23:27:02,
1731,美吾華,21.87,28.58,40.68,K<D,49.24,0.03,0.03,-0.01,DIF<MACD,22.1,21.91,21.72,41.29,70,126,0.38,29.04,16.68,1.2,5.49,2026-02-03 23:27:03,
1732,毛寶,27.74,33.99,42.23,K<D,53.72,0.2,0.14,0.06,DIF>MACD,31.21,28.28,25.35,55.21,523,3364,0.1,11.97,78.33,0.5,1.77,2026-02-03 23:27:04,
1733,五鼎,29.1,23.4,24.94,K<D,40.07,-0.34,-0.32,-0.03,DIF<MACD,30.34,29.57,28.8,0.0,173,203,0.81,28.84,19.23,1.2,4.16,2026-02-03 23:27:05,
1734,杏輝,30.1,43.46,55.85,K<D,48.06,0.09,0.09,-0.01,DIF<MACD,31.4,30.84,30.28,35.29,129,232,0.19,58.39,16.96,0.95,3.09,2026-02-03 23:27:07,
1735,日勝化,18.71,48.87,25.96,K>D,44.54,0.05,0.1,-0.05,DIF<MACD,18.77,17.27,15.76,89.09,1090,352,3.53,18.39,41.11,0.8,4.32,2026-02-03 23:27:08,
1736,喬山,145.01,31.17,30.48,K>D,34.04,-1.34,-0.83,-0.51,DIF<MACD,157.92,150.03,142.13,34.06,275,768,0.73,442.82,15.63,4.0,2.74,2026-02-03 23:27:09,
1737,臺鹽,32.33,38.18,52.9,K<D,44.85,-0.01,0.0,-0.01,DIF<MACD,31.8,31.62,31.44,9.52,50,76,0.88,63.0,18.98,1.3,4.13,2026-02-03 23:27:10,
1752,南光,35.61,42.48,50.92,K<D,43.68,-0.24,-0.28,0.04,DIF>MACD,37.4,36.66,35.93,38.18,40,83,0.1,36.76,14.33,1.6,4.4,2026-02-03 23:27:11,
1760,寶齡富錦,62.5,23.47,49.11,K<D,42.3,0.15,0.27,-0.13,DIF<MACD,67.63,64.85,62.07,15.28,196,225,1.15,54.1,31.08,1.8,2.85,2026-02-03 23:27:12,
1762,中化生,25.49,46.75,54.46,K<D,55.95,0.44,0.42,0.02,DIF>MACD,27.51,25.83,24.15,62.72,40,98,0.73,20.08,58.0,0.19,0.73,2026-02-03 23:27:14,
1773,勝一,144.08,7.69,6.47,K<D,20.14,-1.28,1.37,-2.65,DIF<MACD,172.06,154.97,137.89,6.0,418,665,0.9,421.5,21.55,2.5,1.78,2026-02-03 23:27:15,
1776,展宇,15.39,30.49,37.42,K<D,34.05,-0.02,0.05,-0.07,DIF<MACD,15.78,15.44,15.1,0.0,25,41,0.23,9.05,83.61,0.8,5.32,2026-02-03 23:27:16,
1783,和康生,45.38,28.68,42.3,K<D,56.62,0.7,0.87,-0.17,DIF<MACD,47.98,46.17,44.37,53.25,59,101,0.72,41.3,17.78,0.83,1.8,2026-02-03 23:27:17,
1786,科妍,76.83,9.02,25.32,K<D,37.55,0.45,0.84,-0.39,DIF<MACD,83.04,78.93,74.83,21.58,173,443,0.72,56.94,34.43,3.24,4.26,2026-02-03 23:27:18,
1789,神隆,24.66,15.93,35.54,K<D,50.38,1.34,1.84,-0.5,DIF<MACD,28.72,25.05,21.38,45.73,1707,3747,0.54,191.36,100.83,0.35,1.45,2026-02-03 23:27:19,
1795,美時,363.2,88.1,83.33,K>D,67.52,17.98,13.51,4.46,DIF>MACD,374.91,321.15,267.39,79.19,6918,7178,1.11,951.37,20.07,5.78,1.6,2026-02-03 23:27:20,
1802,台玻,49.49,34.41,48.53,K<D,71.13,3.57,3.7,-0.13,DIF<MACD,59.16,44.39,29.62,70.84,32262,25942,1.2,1436.58,14.7,,,2026-02-03 23:27:21,
1805,寶徠,11.62,52.52,55.97,K<D,36.07,0.03,0.07,-0.04,DIF<MACD,12.37,12.03,11.7,8.0,41,62,0.7,15.93,5.78,,,2026-02-03 23:27:23,
1806,冠軍,8.62,10.39,20.05,K<D,43.98,-0.04,-0.01,-0.02,DIF<MACD,9.28,9.0,8.71,21.02,310,444,0.23,34.17,27.63,1.0,11.31,2026-02-03 23:27:24,
1808,潤隆,32.66,30.95,27.47,K>D,38.66,-0.65,-0.59,-0.06,DIF<MACD,35.58,32.92,30.26,31.77,1162,1287,1.04,256.39,14.98,2.22,6.96,2026-02-03 23:27:25,
1809,中釉,27.03,31.42,43.19,K<D,63.56,1.8,1.91,-0.1,DIF<MACD,30.35,23.54,16.74,69.05,10453,5827,1.37,44.1,155.29,0.25,0.95,2026-02-03 23:27:26,
1810,和成,18.65,12.93,17.53,K<D,45.19,0.19,0.44,-0.25,DIF<MACD,20.93,19.43,17.93,19.39,805,1628,0.43,55.84,462.5,0.19,1.03,2026-02-03 23:27:27,
1817,凱撒衛,38.08,34.34,49.92,K<D,50.79,0.04,0.06,-0.02,DIF<MACD,38.91,38.52,38.13,51.23,59,35,1.46,27.91,9.56,2.4,6.24,2026-02-03 23:27:28,
1903,士紙,54.11,27.91,43.37,K<D,48.31,0.24,0.53,-0.29,DIF<MACD,59.61,56.55,53.49,10.9,228,488,0.52,141.98,118.7,,,2026-02-03 23:27:29,
1904,正隆,17.79,25.77,27.25,K<D,41.45,-0.02,-0.0,-0.02,DIF<MACD,18.22,17.76,17.29,31.11,363,771,0.1,194.5,65.0,0.45,2.56,2026-02-03 23:27:30,
1905,華紙,12.39,28.17,32.79,K<D,41.24,0.08,0.11,-0.02,DIF<MACD,12.64,12.22,11.8,33.72,1594,2304,0.88,133.44,,,,2026-02-03 23:27:32,
1906,寶隆,11.87,14.4,28.25,K<D,16.15,-0.07,-0.03,-0.04,DIF<MACD,12.26,11.97,11.69,0.0,88,49,2.08,17.52,96.67,0.1,0.86,2026-02-03 23:27:33,
1907,永豐餘,25.22,25.21,29.82,K<D,29.0,-0.28,-0.25,-0.03,DIF<MACD,26.12,25.32,24.53,10.17,1051,912,0.81,411.77,20.67,0.8,3.23,2026-02-03 23:27:34,
1909,榮成,9.68,18.96,23.45,K<D,31.09,-0.08,-0.06,-0.02,DIF<MACD,10.3,9.95,9.6,8.29,2785,2105,0.92,125.92,,,,2026-02-03 23:27:35,
2002,中鋼,20.13,68.9,61.73,K>D,68.73,0.47,0.31,0.15,DIF>MACD,20.91,19.62,18.33,97.49,101280,165955,0.26,3165.19,62.93,0.33,1.6,2026-02-03 23:27:36,
2006,東和鋼鐵,68.58,34.64,47.42,K<D,40.54,0.82,0.99,-0.17,DIF<MACD,72.42,69.85,67.28,61.04,923,1227,1.13,511.15,11.48,4.0,5.71,2026-02-03 23:27:38,
2007,燁興,8.59,48.39,47.06,K<D,58.61,0.26,0.22,0.04,DIF>MACD,8.86,8.23,7.61,72.33,790,2221,0.39,44.52,,,,2026-02-03 23:27:39,
2008,高興昌,29.49,46.19,49.73,K<D,56.01,0.13,0.11,0.02,DIF>MACD,29.91,29.29,28.68,44.77,12,28,0.4,55.92,48.83,0.5,1.71,2026-02-03 23:27:40,
2009,第一銅,43.82,26.13,38.45,K<D,41.53,0.4,1.11,-0.71,DIF<MACD,54.09,49.71,45.33,0.0,9492,24865,0.1,162.37,136.82,0.5,1.11,2026-02-03 23:27:41,
2010,春源,21.62,65.07,55.77,K>D,69.79,0.25,0.18,0.07,DIF>MACD,21.92,21.27,20.63,100.0,2601,3092,0.99,143.46,9.98,1.3,5.87,2026-02-03 23:27:43,
2012,春雨,17.22,38.54,32.89,K>D,47.41,0.28,0.34,-0.07,DIF<MACD,17.54,17.15,16.76,36.98,58,107,0.91,47.52,51.67,1.0,5.87,2026-02-03 23:27:44,
2013,中鋼構,40.56,27.1,29.78,K<D,35.91,0.03,0.06,-0.03,DIF<MACD,43.23,42.3,41.38,21.27,183,322,0.9,83.6,14.17,2.0,4.78,2026-02-03 23:27:45,
2014,中鴻,19.05,70.24,65.06,K>D,71.55,0.88,0.57,0.31,DIF>MACD,19.63,17.24,14.84,93.46,35218,60834,0.71,279.21,52.21,,,2026-02-03 23:27:46,
2015,豐興,65.29,66.84,64.63,K>D,42.88,0.54,0.44,0.1,DIF>MACD,65.84,64.02,62.2,81.58,166,291,0.15,378.62,16.23,3.5,5.38,2026-02-03 23:27:47,
2017,官田鋼,8.88,19.3,28.45,K<D,36.48,0.06,0.08,-0.02,DIF<MACD,9.18,8.94,8.7,17.41,788,2670,0.1,37.52,,,,2026-02-03 23:27:49,
2020,美亞,24.02,42.08,48.2,K<D,43.24,0.13,0.13,0.0,DIF>MACD,24.39,23.86,23.32,38.13,339,947,0.1,63.55,12.53,2.2,9.24,2026-02-03 23:27:50,
2022,聚亨,8.62,35.31,46.36,K<D,57.78,0.17,0.18,-0.01,DIF<MACD,9.29,8.8,8.31,46.33,714,1292,0.31,29.57,,,,2026-02-03 23:27:51,
2023,燁輝,14.99,36.25,40.15,K<D,47.6,0.05,0.03,0.03,DIF>MACD,15.37,14.92,14.47,37.67,2062,4915,0.1,277.68,38.95,,,2026-02-03 23:27:52,
2024,志聯,15.7,45.33,31.15,K>D,52.82,-0.04,-0.06,0.03,DIF>MACD,16.69,16.0,15.31,47.81,16,20,0.53,15.55,,,,2026-02-03 23:27:53,
2025,千興,12.37,33.65,47.26,K<D,54.43,0.57,0.72,-0.15,DIF<MACD,14.18,12.81,11.44,33.0,309,420,0.63,21.58,,,,2026-02-03 23:27:54,
2027,大成鋼,38.71,57.16,67.92,K<D,55.94,0.65,0.41,0.24,DIF>MACD,39.71,37.17,34.62,74.15,30427,55049,0.99,897.99,14.62,1.1,2.88,2026-02-03 23:27:55,
2028,威致,19.42,46.18,46.77,K>D,40.1,0.57,0.51,0.05,DIF>MACD,20.36,18.76,17.16,55.7,288,1596,0.29,62.37,87.5,0.6,3.12,2026-02-03 23:27:57,
2029,盛餘,21.64,42.88,54.97,K<D,53.66,0.1,0.08,0.02,DIF>MACD,21.78,21.22,20.65,45.8,287,449,0.97,68.09,20.19,1.25,5.9,2026-02-03 23:27:58,
2030,彰源,16.86,52.17,58.45,K<D,56.97,0.64,0.6,0.04,DIF>MACD,17.67,16.31,14.95,69.9,3351,5171,0.86,46.09,53.87,0.71,4.25,2026-02-03 23:27:59,
2031,新光鋼,39.01,34.34,38.95,K<D,54.32,0.22,0.22,0.0,DIF>MACD,40.11,38.95,37.79,46.88,1088,2068,0.14,124.77,16.19,2.5,6.44,2026-02-03 23:28:00,
2032,新鋼,16.39,39.87,49.77,K<D,49.42,0.53,0.52,0.01,DIF>MACD,17.67,16.64,15.61,53.02,1296,3935,0.57,21.93,34.29,0.38,2.26,2026-02-03 23:28:01,
2033,佳大,15.97,34.55,33.0,K<D,54.93,0.12,0.12,0.0,DIF>MACD,16.87,16.25,15.63,41.7,188,452,0.2,12.99,55.52,0.2,1.24,2026-02-03 23:28:03,
2034,允強,21.59,47.08,52.36,K<D,58.75,0.39,0.31,0.08,DIF>MACD,22.56,21.35,20.14,74.15,2712,6413,0.56,115.85,27.72,1.0,4.57,2026-02-03 23:28:04,
2038,海光,15.75,48.8,40.3,K>D,56.31,0.41,0.3,0.11,DIF>MACD,16.46,15.31,14.17,85.82,3021,7486,0.24,31.06,,0.2,1.25,2026-02-03 23:28:05,
2049,上銀,240.64,38.65,51.94,K<D,63.26,11.55,11.48,0.07,DIF>MACD,268.76,226.7,184.64,63.4,4870,9516,1.01,827.87,59.54,2.4,1.03,2026-02-03 23:28:06,
2059,川湖,3085.08,17.96,26.02,K<D,44.26,-93.79,-61.27,-32.52,DIF<MACD,3668.25,3348.0,3027.75,14.3,1157,1016,0.9,2958.97,35.67,32.2,1.04,2026-02-03 23:28:07,
2062,橋椿,22.21,11.9,19.49,K<D,38.84,0.24,0.36,-0.12,DIF<MACD,23.82,22.03,20.24,40.46,362,331,0.87,43.4,30.14,1.8,8.29,2026-02-03 23:28:08,
2069,運錩,19.55,49.39,66.35,K<D,51.4,0.62,0.65,-0.03,DIF<MACD,20.75,19.51,18.26,38.36,1556,1399,1.54,32.28,12.28,0.9,4.64,2026-02-03 23:28:10,
2101,南港,35.62,11.58,23.41,K<D,22.48,-0.48,-0.28,-0.2,DIF<MACD,38.19,36.77,35.34,0.0,1145,1406,0.33,254.61,72.92,1.77,5.06,2026-02-03 23:28:11,
2102,泰豐,19.95,70.22,63.58,K>D,49.79,0.07,0.06,0.01,DIF>MACD,20.46,19.95,19.45,48.18,341,512,0.87,91.69,,,,2026-02-03 23:28:12,
2103,台橡,14.52,27.04,33.68,K<D,39.65,-0.1,-0.03,-0.07,DIF<MACD,15.91,15.24,14.56,0.0,3859,4400,1.11,119.32,120.42,0.63,4.36,2026-02-03 23:28:13,
2104,國際中橡,10.95,18.1,38.18,K<D,43.4,0.1,0.25,-0.15,DIF<MACD,12.91,11.82,10.74,9.97,4319,5046,1.2,106.21,40.56,,,2026-02-03 23:28:14,
2105,正新,29.35,23.1,29.59,K<D,40.73,-0.01,0.09,-0.1,DIF<MACD,32.0,30.82,29.65,6.46,11641,9298,1.72,969.18,19.04,2.4,8.03,2026-02-03 23:28:15,
2106,建大,19.51,16.46,37.76,K<D,44.54,-0.06,0.03,-0.09,DIF<MACD,21.12,19.93,18.74,11.43,1357,897,1.99,183.82,71.3,1.1,5.71,2026-02-03 23:28:16,
2107,厚生,24.47,20.49,37.55,K<D,50.97,0.14,0.19,-0.05,DIF<MACD,25.42,24.91,24.4,38.92,121,197,0.19,75.29,15.31,1.4,5.65,2026-02-03 23:28:18,
2108,南帝,22.78,20.59,32.28,K<D,37.61,0.12,0.25,-0.12,DIF<MACD,24.84,24.13,23.42,0.0,769,1586,0.8,115.47,25.49,1.0,4.26,2026-02-03 23:28:19,
2109,華豐,14.93,30.72,34.87,K<D,40.0,-0.04,-0.03,-0.01,DIF<MACD,15.08,14.96,14.84,0.0,174,169,1.18,41.34,11.75,1.5,10.14,2026-02-03 23:28:20,
2114,鑫永銓,87.47,26.22,28.65,K<D,41.75,-0.13,-0.06,-0.07,DIF<MACD,90.34,89.77,89.2,0.0,25,33,0.91,69.57,16.37,5.0,5.61,2026-02-03 23:28:21,
2115,六暉-KY,25.1,16.16,25.32,K<D,50.74,0.01,0.1,-0.09,DIF<MACD,26.58,25.0,23.42,34.2,79,80,0.62,25.52,12.1,1.5,6.13,2026-02-03 23:28:22,
2201,裕隆,31.13,10.56,17.92,K<D,29.12,-0.64,-0.58,-0.06,DIF<MACD,32.71,31.65,30.59,0.0,4012,4309,1.08,321.93,22.78,1.3,4.29,2026-02-03 23:28:23,
2204,中華,56.37,9.44,5.79,K<D,27.77,-0.99,-0.79,-0.2,DIF<MACD,59.65,57.12,54.59,1.59,675,769,1.36,304.49,10.74,4.2,7.64,2026-02-03 23:28:25,
2206,三陽工業,59.23,75.21,71.84,K>D,45.55,-0.28,-0.31,0.04,DIF>MACD,60.75,59.82,58.89,43.03,891,973,1.33,464.67,10.08,3.03,5.08,2026-02-03 23:28:26,
2207,和泰車,510.71,51.15,50.76,K<D,30.83,-8.15,-8.89,0.74,DIF>MACD,556.68,539.3,521.92,3.53,155,329,0.41,2930.36,16.04,20.0,3.8,2026-02-03 23:28:27,
2208,台船,21.9,21.54,40.76,K<D,51.22,0.43,0.51,-0.08,DIF<MACD,23.66,21.7,19.74,43.61,7069,9962,0.25,272.11,,,,2026-02-03 23:28:28,
2211,長榮鋼,101.56,68.18,63.38,K>D,57.25,-0.79,-1.3,0.51,DIF>MACD,103.51,101.37,99.23,65.71,688,1032,0.53,425.43,12.06,5.0,4.9,2026-02-03 23:28:29,
2227,裕日車,54.48,19.9,30.65,K<D,37.77,-0.41,-0.29,-0.11,DIF<MACD,55.79,54.3,52.82,4.25,31,54,0.91,159.0,30.81,3.9,7.36,2026-02-03 23:28:30,
2228,劍麟,97.95,7.1,11.7,K<D,15.42,-2.59,-1.37,-1.22,DIF<MACD,112.86,103.38,93.9,7.83,219,506,0.63,76.03,14.42,9.0,9.44,2026-02-03 23:28:31,
2231,為升,90.27,6.94,14.47,K<D,35.51,-1.07,0.13,-1.2,DIF<MACD,104.92,97.09,89.25,2.53,1158,575,1.97,120.15,56.31,2.07,2.34,2026-02-03 23:28:32,
2233,宇隆,258.77,72.9,68.84,K<D,59.96,16.05,12.48,3.56,DIF>MACD,284.54,239.6,194.66,68.83,10578,8635,0.78,157.95,35.45,7.0,2.67,2026-02-03 23:28:33,
2236,百達-KY,111.23,54.01,65.37,K<D,53.3,0.67,1.14,-0.46,DIF<MACD,116.47,113.08,109.68,24.65,193,340,0.5,68.77,20.78,0.31,0.28,2026-02-03 23:28:34,
2239,英利-KY,28.44,8.53,8.04,黃金交叉,7.43,-1.6,-1.44,-0.16,DIF<MACD,34.56,30.44,26.33,25.73,133,81,1.62,32.78,3.65,,,2026-02-03 23:28:36,
2241,艾姆勒,30.46,2.9,10.91,K<D,24.89,-1.32,-0.87,-0.45,DIF<MACD,38.17,34.31,30.45,6.04,205,390,0.96,32.22,,,,2026-02-03 23:28:37,
2243,宏旭-KY,11.08,30.76,34.59,黃金交叉,47.65,-0.02,-0.0,-0.02,DIF<MACD,11.84,11.44,11.03,41.11,153,186,0.96,7.84,36.45,,,2026-02-03 23:28:38,
2247,汎德永業,268.41,16.46,22.24,K<D,30.0,-2.22,-1.5,-0.72,DIF<MACD,283.67,275.12,266.58,7.34,87,62,1.2,215.9,13.26,25.0,9.35,2026-02-03 23:28:39,
2248,華勝-KY,48.85,10.34,14.88,K<D,25.72,-0.4,-0.21,-0.19,DIF<MACD,50.47,49.03,47.59,6.4,12,21,0.59,22.66,9.39,2.73,5.74,2026-02-03 23:28:40,
2250,IKKA-KY,72.14,23.1,26.8,K<D,38.39,-0.16,0.37,-0.53,DIF<MACD,79.2,74.32,69.44,17.59,52,102,0.1,25.94,18.71,3.35,4.7,2026-02-03 23:28:41,
2254,巨鎧精密-創,59.55,56.68,62.35,K<D,47.32,-0.0,0.02,-0.02,DIF<MACD,59.94,59.53,59.12,26.7,113,108,1.52,37.81,,,,2026-02-03 23:28:42,
2258,鴻華先進-創,36.89,10.17,11.22,K<D,18.0,-0.62,-0.48,-0.14,DIF<MACD,40.92,39.11,37.3,22.06,482,497,0.83,658.22,,,,2026-02-03 23:28:43,
2301,光寶科,171.68,36.11,39.4,K<D,49.41,1.17,1.43,-0.26,DIF<MACD,174.94,165.82,156.71,77.04,22720,21142,1.05,3869.96,27.37,6.51,3.82,2026-02-03 23:28:45,
2302,麗正,19.61,22.39,35.92,K<D,53.68,0.4,0.57,-0.16,DIF<MACD,22.06,19.57,17.07,33.22,423,1134,0.23,31.68,24.74,0.58,3.04,2026-02-03 23:28:46,
2303,聯電,59.49,27.7,44.76,K<D,58.55,3.65,4.46,-0.81,DIF<MACD,76.9,62.21,47.52,40.58,183987,309837,0.77,7653.6,17.99,2.85,4.69,2026-02-03 23:28:47,
2305,全友,13.46,24.56,20.15,K<D,33.4,0.47,0.71,-0.23,DIF<MACD,16.28,13.76,11.24,37.87,851,1330,0.8,27.27,,,,2026-02-03 23:28:48,
2308,台達電,1242.51,53.67,67.84,K<D,68.72,63.19,63.36,-0.18,DIF<MACD,1334.24,1144.25,954.26,63.54,11361,11551,1.2,31560.15,63.45,7.0,0.58,2026-02-03 23:28:49,
2312,金寶,26.17,7.41,18.83,K<D,37.77,0.38,1.14,-0.76,DIF<MACD,36.37,28.25,20.13,31.03,57290,31403,1.59,388.41,25.54,0.6,2.33,2026-02-03 23:28:51,
2313,華通,183.65,75.25,73.71,K<D,78.9,19.68,18.41,1.28,DIF>MACD,197.61,149.68,101.74,84.3,130606,105955,1.05,2163.15,36.37,2.4,1.32,2026-02-03 23:28:52,
2314,台揚,20.95,17.25,14.08,K<D,40.77,-0.33,-0.18,-0.16,DIF<MACD,23.65,21.74,19.82,24.66,123,201,0.24,9.25,15.22,,,2026-02-03 23:28:53,
2316,楠梓電,96.08,34.03,28.69,黃金交叉,41.74,-1.25,-1.04,-0.21,DIF<MACD,102.03,98.23,94.43,31.03,3045,3799,0.96,175.81,8.02,0.5,0.52,2026-02-03 23:28:54,
2317,鴻海,213.82,15.95,21.74,K<D,23.24,-2.86,-1.72,-1.13,DIF<MACD,238.75,226.18,213.6,13.81,41408,60778,0.22,30229.33,16.12,5.8,2.68,2026-02-03 23:28:55,
2321,東訊,16.35,51.18,50.65,黃金交叉,31.58,-0.28,-0.15,-0.13,DIF<MACD,18.46,17.04,15.63,6.53,7,9,0.8,4.81,,,,2026-02-03 23:28:56,
2323,中環,10.49,10.94,23.34,K<D,27.42,-0.01,0.08,-0.1,DIF<MACD,11.42,10.86,10.3,0.0,6753,6825,1.36,112.2,,0.3,2.91,2026-02-03 23:28:58,
2324,仁寶,32.7,28.31,39.65,K<D,55.94,0.5,0.54,-0.03,DIF<MACD,33.78,31.71,29.64,50.44,36788,41528,1.28,1394.28,21.33,1.4,4.38,2026-02-03 23:28:59,
2327,國巨*,273.11,21.36,34.52,K<D,48.66,8.15,11.71,-3.56,DIF<MACD,310.26,273.57,236.89,40.76,22030,33761,0.6,5522.93,26.7,5.0,1.88,2026-02-03 23:29:00,
2328,廣宇,50.93,24.98,43.34,K<D,60.61,0.81,1.06,-0.26,DIF<MACD,55.62,51.04,46.46,42.78,4300,6366,0.64,263.84,28.28,1.1,2.16,2026-02-03 23:29:01,
2329,華泰,53.4,16.29,22.02,K<D,45.37,0.75,2.23,-1.48,DIF<MACD,68.93,60.61,52.28,2.37,14519,18147,0.38,299.16,32.76,1.0,1.87,2026-02-03 23:29:03,
2330,台積電,1832.22,58.92,68.27,K<D,63.6,59.17,64.3,-5.13,DIF<MACD,1833.83,1744.25,1654.67,79.11,27763,31673,1.05,466785.43,27.19,20.5,1.14,2026-02-03 23:29:04,
2331,精英,26.69,27.41,36.86,K<D,40.88,0.97,1.33,-0.37,DIF<MACD,31.42,27.1,22.78,48.74,5093,9331,0.87,147.43,22.23,0.21,0.79,2026-02-03 23:29:05,
2332,友訊,15.89,19.21,28.67,K<D,28.25,0.07,0.17,-0.1,DIF<MACD,17.36,16.09,14.82,24.88,2513,2273,0.85,93.71,52.33,0.1,0.64,2026-02-03 23:29:06,
2337,旺宏,86.0,72.65,76.44,K<D,68.25,10.63,9.84,0.79,DIF>MACD,94.58,72.36,50.14,80.29,401515,340976,1.1,1566.52,7.79,,,2026-02-03 23:29:08,
2338,光罩,39.35,25.13,38.57,K<D,49.51,0.64,1.06,-0.42,DIF<MACD,43.23,39.6,35.96,37.58,1153,2430,0.81,106.52,128.17,1.5,3.9,2026-02-03 23:29:09,
2340,台亞,25.1,17.52,19.57,K<D,30.53,-0.33,0.09,-0.42,DIF<MACD,29.82,27.44,25.05,12.27,1845,2849,1.03,111.0,46.09,,,2026-02-03 23:29:10,
2342,茂矽,31.81,8.12,21.85,K<D,47.3,0.5,1.08,-0.59,DIF<MACD,38.37,34.45,30.52,28.06,2075,3152,0.4,50.5,1068.33,0.3,0.94,2026-02-03 23:29:12,
2344,華邦電,102.93,54.27,59.56,K<D,54.27,9.02,9.89,-0.88,DIF<MACD,129.6,109.91,90.21,29.2,448969,285830,1.62,4747.5,10.07,,,2026-02-03 23:29:13,
2345,智邦,1190.57,43.84,25.28,K>D,46.64,-0.39,6.35,-6.74,DIF<MACD,1257.89,1183.25,1108.61,44.28,5506,4342,0.96,6623.06,29.62,11.0,0.93,2026-02-03 23:29:14,
2347,聯強,64.16,57.03,66.42,K<D,47.99,1.4,1.58,-0.18,DIF<MACD,68.14,65.39,62.64,68.82,3781,3971,0.55,1100.85,12.74,4.0,6.06,2026-02-03 23:29:15,
2348,海悅,76.14,27.95,19.74,K>D,24.41,-1.26,-1.02,-0.24,DIF<MACD,83.2,79.03,74.86,16.47,409,463,1.29,115.77,15.93,9.0,11.8,2026-02-03 23:29:16,
2349,錸德,13.23,5.65,3.94,K<D,3.43,-0.13,0.24,-0.37,DIF<MACD,16.91,14.91,12.92,8.39,5194,6203,1.16,91.57,12.34,,,2026-02-03 23:29:17,
2351,順德,86.87,48.48,63.72,K<D,65.13,3.31,2.69,0.62,DIF>MACD,97.1,82.63,68.16,71.86,1488,4291,0.61,160.28,55.0,2.5,2.84,2026-02-03 23:29:19,
2352,佳世達,25.34,16.77,26.12,K<D,45.53,0.02,0.03,-0.01,DIF<MACD,27.2,25.35,23.5,49.48,2964,4806,0.17,326.6,27.1,3.55,14.09,2026-02-03 23:29:20,
2353,宏碁,25.46,37.42,26.75,K>D,41.63,-0.18,-0.17,-0.0,DIF<MACD,27.78,26.47,25.16,48.23,103986,80416,1.63,787.63,19.12,1.7,6.49,2026-02-03 23:29:21,
2354,鴻準,55.13,15.46,30.81,K<D,31.81,-1.14,-0.99,-0.15,DIF<MACD,61.25,59.08,56.91,5.14,3418,5474,0.56,802.01,24.55,1.4,2.47,2026-02-03 23:29:22,
2355,敬鵬,40.57,54.3,51.33,K<D,71.47,1.61,1.42,0.19,DIF>MACD,40.79,35.83,30.86,94.4,27578,11217,2.3,158.2,27.07,1.85,4.65,2026-02-03 23:29:23,
2356,英業達,43.68,13.68,25.21,K<D,51.27,0.33,0.61,-0.28,DIF<MACD,48.94,45.03,41.12,33.24,23462,24246,1.02,1580.28,17.62,1.7,3.86,2026-02-03 23:29:25,
2357,華碩,489.79,23.5,21.16,K>D,29.58,-15.21,-16.47,1.26,DIF>MACD,542.91,514.73,486.54,33.2,3175,3744,0.44,3721.23,10.75,34.0,6.79,2026-02-03 23:29:26,
2359,所羅門,125.67,25.34,41.41,K<D,43.93,0.29,1.17,-0.88,DIF<MACD,139.75,132.05,124.35,0.0,1495,4528,0.59,215.07,134.95,1.0,0.8,2026-02-03 23:29:27,
2360,致茂,1056.85,48.16,53.89,K<D,60.35,45.34,50.6,-5.26,DIF<MACD,1064.77,987.65,910.53,78.52,3190,2504,1.35,4405.52,41.68,9.0,0.87,2026-02-03 23:29:28,
2362,藍天,36.47,20.76,28.87,K<D,24.93,-0.45,-0.31,-0.14,DIF<MACD,39.83,38.43,37.02,10.75,526,699,0.44,214.44,15.72,2.53,6.82,2026-02-03 23:29:29,
2363,矽統,50.87,19.24,45.93,K<D,54.15,1.25,1.59,-0.34,DIF<MACD,59.42,52.19,44.95,33.42,5358,22653,0.1,260.07,33.89,0.5,0.99,2026-02-03 23:29:30,
2364,倫飛,60.07,12.06,13.15,K<D,22.29,-1.26,-0.89,-0.38,DIF<MACD,68.38,65.07,61.76,0.0,101,150,0.36,32.27,16.51,,,2026-02-03 23:29:32,
2365,昆盈,36.0,38.2,56.4,K<D,55.27,0.85,0.89,-0.04,DIF<MACD,41.66,37.26,32.86,39.76,2836,9245,0.1,81.97,119.35,0.6,1.62,2026-02-03 23:29:33,
2367,燿華,54.2,85.18,85.71,黃金交叉,90.5,6.07,5.05,1.03,DIF>MACD,56.95,41.13,25.31,98.18,148851,144543,1.12,382.08,41.62,0.7,1.29,2026-02-03 23:29:34,
2368,金像電,756.84,76.24,68.79,K>D,57.07,23.17,15.6,7.57,DIF>MACD,741.43,665.2,588.97,100.0,11280,10631,1.4,3674.5,47.75,6.0,0.79,2026-02-03 23:29:35,
2369,菱生,25.41,15.05,20.92,K<D,49.61,0.71,1.31,-0.6,DIF<MACD,31.98,27.77,23.56,23.0,8567,14967,0.1,94.36,15.0,0.3,1.19,2026-02-03 23:29:36,
2371,大同,38.87,16.9,32.73,K<D,54.33,1.6,1.85,-0.25,DIF<MACD,44.97,37.72,30.46,49.18,15974,29122,0.1,784.66,8.64,3.11,8.11,2026-02-03 23:29:37,
2373,震旦行,55.75,27.03,24.65,K<D,34.46,-0.48,-0.43,-0.05,DIF<MACD,56.57,55.23,53.89,16.76,21,41,0.58,121.25,14.11,3.7,6.83,2026-02-03 23:29:38,
2374,佳能,79.68,33.71,52.59,K<D,49.4,1.47,1.83,-0.35,DIF<MACD,92.6,82.85,73.1,38.5,11476,33207,0.67,258.37,42.8,0.6,0.75,2026-02-03 23:29:40,
2375,凱美,84.39,10.49,25.22,K<D,34.18,-0.91,1.21,-2.12,DIF<MACD,110.5,97.18,83.85,1.65,2058,3096,0.49,92.7,22.21,1.5,1.76,2026-02-03 23:29:41,
2376,技嘉,232.04,19.92,26.14,K<D,18.48,-3.06,-1.82,-1.25,DIF<MACD,249.99,239.05,228.11,0.0,3247,3911,0.68,1527.35,13.34,10.0,4.39,2026-02-03 23:29:42,
2377,微星,88.76,9.81,20.48,K<D,16.44,-2.01,-1.03,-0.98,DIF<MACD,104.65,97.35,90.05,0.0,7824,10167,0.87,760.37,16.67,5.0,5.56,2026-02-03 23:29:43,
2379,瑞昱,485.22,26.06,31.0,K<D,30.96,-5.23,-0.83,-4.4,DIF<MACD,559.59,516.02,472.46,26.23,3424,4638,0.51,2510.54,16.38,25.5,5.24,2026-02-03 23:29:44,
2380,虹光,4.8,38.89,35.93,K>D,23.12,-0.01,0.02,-0.03,DIF<MACD,5.51,5.14,4.78,22.51,137,151,0.44,10.66,,,,2026-02-03 23:29:46,
2382,廣達,268.63,34.51,43.61,K<D,45.32,0.33,1.11,-0.78,DIF<MACD,290.88,281.38,271.87,33.09,13858,14646,1.19,10657.74,15.93,13.0,4.7,2026-02-03 23:29:47,
2383,台光電,1906.49,63.51,63.39,黃金交叉,62.64,65.3,52.35,12.96,DIF>MACD,1905.62,1682.5,1459.38,84.77,4097,3805,1.21,6632.28,49.26,16.58,0.89,2026-02-03 23:29:48,
2385,群光,119.36,29.31,32.06,K<D,41.88,-0.08,0.13,-0.21,DIF<MACD,120.6,117.8,115.0,41.34,2333,3045,0.85,813.53,10.47,10.0,8.55,2026-02-03 23:29:49,
2387,精元,38.35,24.54,24.93,K<D,29.89,-0.31,-0.14,-0.18,DIF<MACD,40.43,38.9,37.38,22.42,380,780,0.73,73.34,7.42,4.0,10.55,2026-02-03 23:29:50,
2388,威盛,51.72,26.66,40.65,K<D,48.33,-0.16,0.02,-0.17,DIF<MACD,56.83,52.91,49.0,42.13,1876,3560,0.71,288.95,577.78,0.2,0.38,2026-02-03 23:29:51,
2390,云辰,10.15,25.87,40.87,K<D,35.0,0.16,0.24,-0.08,DIF<MACD,11.32,10.54,9.76,47.01,335,541,0.33,19.94,,,,2026-02-03 23:29:52,
2392,正崴,38.39,24.71,39.0,K<D,46.82,0.3,0.4,-0.1,DIF<MACD,42.2,39.41,36.62,44.07,689,1076,0.49,181.43,8.34,2.5,6.38,2026-02-03 23:29:54,
2393,億光,56.34,51.15,47.02,K<D,52.05,0.61,0.64,-0.03,DIF<MACD,57.84,56.2,54.56,73.11,3889,4851,0.43,253.62,11.13,5.31,9.28,2026-02-03 23:29:55,
2395,研華,290.86,53.45,62.96,K<D,47.69,2.24,1.5,0.74,DIF>MACD,302.13,289.2,276.27,56.53,2465,4018,0.24,2509.05,24.94,8.39,2.89,2026-02-03 23:29:57,
2397,友通,59.46,27.41,31.12,K<D,26.26,-0.44,-0.23,-0.21,DIF<MACD,62.56,60.74,58.92,0.0,120,169,0.89,67.2,14.57,3.4,5.79,2026-02-03 23:29:58,
2399,映泰,23.37,11.27,16.95,K<D,29.34,-0.34,0.19,-0.54,DIF<MACD,28.61,25.75,22.88,6.2,4706,3820,1.59,41.23,77.17,,,2026-02-03 23:29:59,
2401,凌陽,21.27,27.63,45.62,K<D,44.43,0.35,0.5,-0.16,DIF<MACD,23.75,21.91,20.08,34.24,1945,2941,1.12,126.81,10.72,,,2026-02-03 23:30:00,
2402,毅嘉,57.01,40.2,40.7,黃金交叉,40.52,-0.96,-0.68,-0.28,DIF<MACD,58.71,55.82,52.93,44.59,9133,6286,1.58,170.68,21.85,1.97,3.55,2026-02-03 23:30:02,
2404,漢唐,949.36,12.3,10.59,黃金交叉,18.58,-7.82,11.32,-19.14,DIF<MACD,1158.84,1008.9,858.96,21.94,1760,2759,0.32,1765.17,21.16,28.0,2.99,2026-02-03 23:30:03,
2405,輔信,16.25,13.24,24.3,K<D,30.53,-0.37,-0.23,-0.14,DIF<MACD,18.28,17.2,16.13,1.85,1266,1958,0.26,55.64,,0.17,1.05,2026-02-03 23:30:04,
2406,國碩,28.04,19.5,30.77,K<D,36.82,0.64,1.16,-0.52,DIF<MACD,33.46,28.98,24.49,40.4,15207,12556,1.52,97.73,,,,2026-02-03 23:30:05,
2408,南亞科,276.16,65.79,76.72,K<D,59.4,26.22,26.09,0.13,DIF>MACD,320.15,264.2,208.25,66.8,177341,128807,1.46,8598.69,15.85,,,2026-02-03 23:30:07,
2409,友達,13.59,9.09,14.13,K<D,37.93,0.16,0.53,-0.37,DIF<MACD,17.2,15.1,13.0,13.64,92553,144240,0.76,1041.5,18.9,1.2,8.7,2026-02-03 23:30:09,
2412,中華電,132.35,37.61,49.57,K<D,56.83,0.43,0.52,-0.1,DIF<MACD,134.09,133.38,132.66,56.81,8627,10427,1.11,10356.19,27.08,5.0,3.75,2026-02-03 23:30:10,
2413,環科,45.24,30.95,20.51,黃金交叉,41.82,0.95,2.07,-1.13,DIF<MACD,51.15,45.2,39.25,39.98,7761,4696,1.85,56.74,,0.2,0.45,2026-02-03 23:30:11,
2414,精技,39.42,29.48,36.28,K<D,35.99,-0.07,-0.03,-0.04,DIF<MACD,41.36,40.9,40.45,10.77,94,96,1.31,65.66,13.22,2.5,6.16,2026-02-03 23:30:12,
2415,錩新,25.65,14.17,23.5,K<D,39.6,0.06,0.26,-0.2,DIF<MACD,28.37,27.05,25.72,25.77,50,83,0.17,23.63,16.2,1.2,4.57,2026-02-03 23:30:13,
2417,圓剛,37.89,27.62,41.77,K<D,40.08,0.34,0.59,-0.26,DIF<MACD,41.63,39.73,37.84,37.49,471,1961,0.49,51.33,,0.2,0.51,2026-02-03 23:30:15,
2419,仲琦,31.17,27.19,37.94,K<D,45.37,1.51,1.75,-0.23,DIF<MACD,35.35,30.5,25.66,63.4,9151,10008,1.26,102.98,36.01,,,2026-02-03 23:30:16,
2420,新巨,51.17,17.96,26.23,K<D,33.62,-0.01,0.37,-0.38,DIF<MACD,54.47,51.77,49.07,24.13,163,299,0.34,76.48,13.69,3.5,6.99,2026-02-03 23:30:17,
2421,建準,150.82,35.46,33.91,黃金交叉,42.04,-2.91,-2.47,-0.44,DIF<MACD,159.27,151.8,144.33,39.14,2279,2671,0.99,406.08,20.58,3.71,2.49,2026-02-03 23:30:19,
2423,固緯,48.62,11.01,20.91,K<D,11.92,-1.36,-0.65,-0.72,DIF<MACD,57.81,53.23,48.65,7.52,83,176,0.28,70.64,17.27,2.0,4.11,2026-02-03 23:30:20,
2424,隴華,36.89,52.71,60.69,K<D,53.55,0.66,0.24,0.42,DIF>MACD,41.51,36.03,30.55,59.76,26,156,0.63,22.52,,,,2026-02-03 23:30:21,
2425,承啟,28.69,17.6,13.22,黃金交叉,37.41,-0.35,0.03,-0.38,DIF<MACD,32.85,30.48,28.1,21.73,126,248,0.1,27.7,,0.15,0.52,2026-02-03 23:30:23,
2426,鼎元,19.02,39.78,44.36,K<D,54.8,0.54,0.54,0.0,DIF>MACD,20.57,18.36,16.15,63.13,1368,2268,0.68,57.27,15.61,0.1,0.52,2026-02-03 23:30:24,
2427,三商電,24.9,16.93,13.25,K<D,25.57,-0.34,-0.21,-0.13,DIF<MACD,27.36,26.33,25.3,1.78,363,737,0.16,50.29,17.76,0.7,2.76,2026-02-03 23:30:25,
2428,興勤,168.83,19.94,28.55,K<D,42.94,-2.41,-1.59,-0.82,DIF<MACD,182.37,173.95,165.53,14.85,402,495,1.02,217.15,14.7,6.1,3.6,2026-02-03 23:30:26,
2429,銘旺科,57.45,3.05,5.38,K<D,8.39,-4.64,-3.21,-1.44,DIF<MACD,83.21,71.15,59.09,0.0,555,733,0.44,49.42,,,,2026-02-03 23:30:28,
2430,燦坤,22.76,22.63,30.17,K<D,27.08,-0.11,-0.12,0.02,DIF>MACD,22.91,22.68,22.45,25.38,424,120,3.27,26.4,22.83,1.5,6.64,2026-02-03 23:30:29,
2431,聯昌,15.42,54.88,67.49,K<D,64.62,1.06,0.93,0.14,DIF>MACD,17.5,13.81,10.11,65.17,2591,5918,0.43,16.97,,,,2026-02-03 23:30:30,
2432,倚天酷碁-創,24.17,47.49,43.3,K>D,45.85,-0.26,-0.31,0.04,DIF>MACD,25.19,24.85,24.51,46.34,23,33,1.09,15.37,14.97,1.7,6.84,2026-02-03 23:30:31,
2433,互盛電,46.3,47.07,42.42,K>D,49.2,-0.2,-0.22,0.02,DIF>MACD,47.17,46.78,46.39,39.08,19,53,0.1,67.41,15.25,3.0,6.43,2026-02-03 23:30:33,
2434,統懋,30.13,38.29,38.2,黃金交叉,51.76,-0.33,-0.35,0.02,黃金交叉,30.97,30.0,29.04,52.21,16,32,0.14,11.06,,,,2026-02-03 23:30:34,
2436,偉詮電,50.61,34.43,55.08,K<D,52.74,0.98,1.04,-0.06,DIF<MACD,54.51,50.28,46.05,49.85,2220,5438,0.67,99.74,27.96,1.5,2.96,2026-02-03 23:30:35,
2438,翔耀,21.96,21.63,40.73,K<D,49.25,-0.07,-0.02,-0.05,DIF<MACD,23.41,22.1,20.8,34.07,46,105,0.44,13.37,,,,2026-02-03 23:30:36,
2439,美律,100.65,16.56,22.78,K<D,28.18,0.01,0.88,-0.87,DIF<MACD,111.48,103.9,96.33,29.34,869,940,1.34,253.13,16.64,7.29,7.31,2026-02-03 23:30:37,
2440,太空梭,14.21,18.62,40.76,K<D,39.44,0.24,0.49,-0.25,DIF<MACD,17.17,15.49,13.81,25.69,208,360,0.23,20.17,,,,2026-02-03 23:30:39,
2441,超豐,84.17,13.05,24.13,K<D,39.94,0.86,3.11,-2.25,DIF<MACD,107.9,95.47,83.04,6.43,7850,14890,0.68,491.48,20.77,3.0,3.47,2026-02-03 23:30:40,
2442,新美齊,21.18,5.78,9.78,K<D,14.7,-0.91,-0.72,-0.18,DIF<MACD,25.04,22.78,20.51,14.61,2094,2282,0.65,57.82,25.0,0.08,0.38,2026-02-03 23:30:41,
2444,兆勁,12.34,16.76,31.2,K<D,52.78,0.38,0.48,-0.1,DIF<MACD,14.68,12.71,10.74,58.6,529,798,0.32,12.9,,,,2026-02-03 23:30:42,
2449,京元電子,295.01,56.49,59.7,K<D,57.32,14.21,14.57,-0.37,DIF<MACD,310.51,280.35,250.19,75.45,12464,18677,0.85,3588.76,52.32,4.0,1.36,2026-02-03 23:30:43,
2450,神腦,29.41,29.06,42.42,K<D,47.43,0.0,0.02,-0.02,DIF<MACD,29.19,28.86,28.53,14.53,110,98,1.2,73.99,18.02,1.65,5.76,2026-02-03 23:30:44,
2451,創見,232.05,31.26,43.71,K<D,44.68,11.1,13.8,-2.7,DIF<MACD,265.09,244.62,224.16,16.71,14635,18152,1.06,994.92,36.21,6.09,2.64,2026-02-03 23:30:46,
2453,凌群,54.13,21.91,32.98,K<D,47.06,0.66,1.02,-0.36,DIF<MACD,61.2,56.19,51.17,36.11,467,1045,0.26,54.5,17.19,2.6,4.77,2026-02-03 23:30:47,
2454,聯發科,1810.43,85.75,82.78,黃金交叉,72.63,97.35,78.87,18.48,DIF>MACD,1871.3,1584.75,1298.2,86.91,11607,10136,1.1,28650.61,26.92,54.0,3.01,2026-02-03 23:30:48,
2455,全新,171.57,37.26,34.58,K<D,56.17,4.69,5.93,-1.25,DIF<MACD,185.58,166.28,146.97,57.2,15837,12849,1.14,316.3,65.4,3.22,1.87,2026-02-03 23:30:49,
2457,飛宏,28.98,11.73,29.71,K<D,49.27,0.21,0.76,-0.54,DIF<MACD,37.46,31.2,24.93,27.94,8150,11528,1.19,122.76,,,,2026-02-03 23:30:50,
2458,義隆,122.67,38.88,42.16,黃金交叉,60.31,-1.03,-1.41,0.38,DIF>MACD,120.05,117.7,115.35,94.35,1505,1745,0.65,342.16,15.01,6.41,5.36,2026-02-03 23:30:51,
2459,敦吉,65.25,18.76,34.18,K<D,29.91,0.07,0.34,-0.27,DIF<MACD,68.98,67.22,65.45,14.23,79,80,0.78,69.38,11.99,4.0,6.09,2026-02-03 23:30:53,
2460,建通,21.79,25.33,38.92,K<D,34.64,0.33,0.68,-0.36,DIF<MACD,24.21,22.87,21.52,0.0,322,337,0.8,35.87,20.78,,,2026-02-03 23:30:54,
2461,光群雷,16.44,18.98,28.4,K<D,22.77,0.11,0.26,-0.16,DIF<MACD,17.58,16.73,15.88,19.05,203,337,0.66,27.52,17.07,1.67,10.4,2026-02-03 23:30:55,
2462,良得電,24.94,17.91,33.18,K<D,53.36,0.53,0.71,-0.17,DIF<MACD,27.43,25.13,22.83,52.48,605,786,0.52,38.3,70.56,0.81,3.19,2026-02-03 23:30:56,
2464,盟立,67.61,34.37,42.89,K<D,51.18,1.27,1.56,-0.29,DIF<MACD,71.56,67.61,63.65,75.95,6622,5303,1.67,143.28,29.53,0.35,0.5,2026-02-03 23:30:57,
2465,麗臺,51.05,20.88,14.01,黃金交叉,23.74,-1.47,-0.92,-0.55,DIF<MACD,60.92,56.77,52.61,1.24,177,280,0.4,49.13,,,,2026-02-03 23:30:58,
2466,冠西電,59.04,29.21,20.49,K>D,39.94,-1.06,-0.53,-0.53,DIF<MACD,69.3,62.96,56.63,39.14,798,1186,1.07,105.46,38.97,,,2026-02-03 23:31:00,
2467,志聖,260.02,58.75,44.2,K>D,60.35,2.92,3.54,-0.63,DIF<MACD,269.2,250.28,231.35,100.0,7408,3485,1.73,406.48,52.56,5.0,1.88,2026-02-03 23:31:01,
2468,華經,37.71,12.12,14.53,K<D,23.47,-0.93,-0.61,-0.32,DIF<MACD,42.64,40.18,37.73,0.0,155,351,0.6,26.1,32.72,0.9,2.41,2026-02-03 23:31:02,
2471,資通,49.59,12.59,28.65,K<D,41.38,0.21,0.51,-0.3,DIF<MACD,54.33,51.82,49.32,38.77,76,133,0.98,24.05,15.96,3.06,6.01,2026-02-03 23:31:03,
2472,立隆電,107.32,20.1,25.83,K<D,30.28,-0.16,1.64,-1.8,DIF<MACD,125.88,114.65,103.42,15.23,3520,2823,0.92,178.74,15.03,3.1,2.86,2026-02-03 23:31:04,
2474,可成,206.18,21.52,17.45,黃金交叉,27.16,-0.11,0.89,-1.0,DIF<MACD,212.66,205.43,198.19,30.4,1129,2241,0.97,1139.29,15.59,11.49,5.69,2026-02-03 23:31:06,
2476,鉅祥,80.33,15.84,18.21,K<D,27.77,-1.4,-0.19,-1.22,DIF<MACD,97.41,90.2,83.0,2.74,767,1648,0.42,179.15,21.82,3.5,4.23,2026-02-03 23:31:07,
2477,美隆電,24.5,13.19,29.82,K<D,44.76,0.13,0.37,-0.24,DIF<MACD,26.86,25.31,23.76,12.85,390,299,1.75,38.14,14.06,1.3,5.41,2026-02-03 23:31:08,
2478,大毅,60.5,15.41,28.3,K<D,31.21,0.91,2.27,-1.35,DIF<MACD,76.77,68.15,59.54,5.25,940,1923,0.67,87.49,17.92,1.82,2.97,2026-02-03 23:31:09,
2480,敦陽科,136.3,46.65,32.85,K>D,34.41,-2.67,-2.64,-0.03,DIF<MACD,150.78,142.45,134.12,39.76,241,298,0.61,148.37,17.7,7.42,5.32,2026-02-03 23:31:11,
2481,強茂,89.75,31.09,42.82,K<D,53.5,2.05,2.36,-0.32,DIF<MACD,100.51,88.76,77.01,43.08,26979,30408,0.58,338.94,32.85,1.4,1.58,2026-02-03 23:31:12,
2482,連宇,17.79,32.25,36.71,K<D,34.71,0.14,0.24,-0.1,DIF<MACD,19.15,18.07,17.0,21.37,62,135,0.26,13.75,,0.61,3.46,2026-02-03 23:31:13,
2483,百容,19.53,25.29,43.35,K<D,37.1,0.14,0.25,-0.11,DIF<MACD,20.75,19.6,18.45,32.75,146,237,0.21,20.52,34.11,0.3,1.57,2026-02-03 23:31:15,
2484,希華,27.89,35.95,55.46,K<D,54.79,1.82,2.05,-0.23,DIF<MACD,33.82,26.67,19.52,55.31,1510,5292,0.1,43.84,49.11,0.7,2.55,2026-02-03 23:31:16,
2485,兆赫,41.9,83.12,82.63,K<D,68.44,3.54,3.25,0.3,DIF>MACD,45.15,34.8,24.45,87.68,81273,29255,2.38,130.73,,,,2026-02-03 23:31:17,
2486,一詮,127.31,84.85,85.65,K>D,86.32,9.67,6.56,3.11,DIF>MACD,138.34,104.85,71.35,83.77,3957,17607,0.14,299.23,645.0,0.5,0.39,2026-02-03 23:31:18,
2488,漢平,44.62,34.35,54.91,K<D,52.14,0.08,0.12,-0.04,DIF<MACD,47.09,45.83,44.57,30.17,87,164,0.83,36.4,9.29,3.2,7.03,2026-02-03 23:31:19,
2489,瑞軒,21.67,47.11,54.48,K<D,62.97,1.6,1.62,-0.02,DIF<MACD,25.29,19.28,13.28,73.93,4100,7350,0.2,130.24,14.93,1.0,4.68,2026-02-03 23:31:20,
2491,吉祥全,17.26,5.5,6.51,K<D,23.21,-0.5,-0.17,-0.33,DIF<MACD,21.44,19.03,16.63,7.68,337,439,0.4,13.9,23.87,,,2026-02-03 23:31:22,
2492,華新科,132.8,21.19,39.39,K<D,43.01,3.29,5.81,-2.51,DIF<MACD,159.83,138.32,116.82,22.08,6210,12091,0.65,625.4,26.76,2.41,1.87,2026-02-03 23:31:23,
2493,揚博,108.93,17.0,14.85,K>D,24.87,-0.61,1.29,-1.9,DIF<MACD,131.56,118.4,105.24,20.61,774,798,0.67,195.79,24.83,4.0,3.65,2026-02-03 23:31:24,
2495,普安,32.3,35.74,50.32,K<D,54.3,1.01,1.24,-0.23,DIF<MACD,36.51,33.38,30.26,36.92,5241,12908,0.1,89.04,34.26,1.3,3.99,2026-02-03 23:31:25,
2496,卓越,71.36,58.25,69.87,K<D,69.34,0.55,0.48,0.07,DIF>MACD,71.24,69.4,67.56,73.89,15,24,0.3,13.41,10.8,7.18,10.23,2026-02-03 23:31:26,
2497,怡利電,47.84,14.7,18.84,K<D,32.53,0.05,0.88,-0.84,DIF<MACD,55.44,52.15,48.86,0.0,350,393,1.31,57.04,19.8,2.0,4.14,2026-02-03 23:31:27,
2498,宏達電,45.6,12.99,29.07,K<D,35.28,-0.99,-0.82,-0.17,DIF<MACD,48.25,46.15,44.05,16.07,5209,7090,1.05,367.61,6.52,,,2026-02-03 23:31:28,
2501,國建,22.47,13.62,13.93,K<D,25.09,-0.27,-0.14,-0.14,DIF<MACD,24.31,22.92,21.53,23.39,1061,1472,0.57,255.1,9.05,1.0,4.55,2026-02-03 23:31:30,
2504,國產,35.0,16.96,14.35,黃金交叉,10.11,-0.45,-0.2,-0.25,DIF<MACD,38.83,36.7,34.56,17.99,1015,1356,0.91,413.67,10.85,2.8,7.97,2026-02-03 23:31:31,
2505,國揚,18.98,7.55,7.75,黃金交叉,21.13,-0.22,-0.06,-0.16,DIF<MACD,20.5,19.5,18.49,2.41,205,369,0.6,71.06,11.13,0.4,2.14,2026-02-03 23:31:32,
2506,太設,9.17,78.1,50.23,K>D,38.91,-0.08,-0.1,0.02,DIF>MACD,9.17,9.02,8.87,60.78,235,245,1.14,32.65,,0.4,4.43,2026-02-03 23:31:33,
2509,全坤建,14.35,22.44,25.92,K<D,20.71,-0.16,-0.1,-0.06,DIF<MACD,15.67,15.11,14.56,15.82,66,191,0.53,33.01,,,,2026-02-03 23:31:34,
2511,太子,8.57,39.47,43.23,K<D,32.67,0.02,0.04,-0.01,DIF<MACD,8.59,8.46,8.34,15.54,727,1014,0.85,135.82,28.86,0.3,3.58,2026-02-03 23:31:36,
2514,龍邦,14.75,30.35,41.56,K<D,40.65,0.01,0.05,-0.03,DIF<MACD,15.33,14.95,14.57,21.06,79,242,0.1,52.82,8.99,,,2026-02-03 23:31:37,
2515,中工,13.82,29.86,32.92,K<D,45.06,0.07,0.03,0.04,DIF>MACD,14.29,13.5,12.72,60.59,4526,12194,0.1,217.87,34.74,0.52,3.84,2026-02-03 23:31:38,
2516,新建,14.34,36.76,41.16,K<D,45.22,-0.07,-0.07,0.0,DIF>MACD,14.84,14.56,14.29,43.11,163,306,0.49,32.81,15.43,,,2026-02-03 23:31:39,
2520,冠德,32.55,33.97,28.53,K>D,39.8,-0.48,-0.36,-0.12,DIF<MACD,34.14,32.47,30.8,22.25,1645,2066,1.19,189.41,9.14,3.1,9.75,2026-02-03 23:31:40,
2524,京城,40.43,14.03,23.92,K<D,32.83,-0.25,-0.11,-0.14,DIF<MACD,43.19,41.78,40.36,10.06,102,97,1.11,148.96,5.94,,,2026-02-03 23:31:41,
2527,宏璟,27.71,16.04,23.98,K<D,39.44,-0.06,0.21,-0.27,DIF<MACD,31.88,29.8,27.71,27.83,267,269,1.32,74.73,6.95,2.0,7.01,2026-02-03 23:31:42,
2528,皇普,27.91,12.85,16.78,K<D,17.03,-0.74,-0.48,-0.26,DIF<MACD,31.41,29.19,26.96,0.0,430,846,1.0,118.27,3.84,1.9,6.97,2026-02-03 23:31:44,
2530,華建,24.83,12.42,11.65,K<D,2.3,-0.62,-0.33,-0.29,DIF<MACD,30.37,27.85,25.33,11.73,960,960,0.66,213.78,10.22,3.0,11.79,2026-02-03 23:31:45,
2534,宏盛,19.63,47.96,42.8,K<D,27.2,-0.13,-0.11,-0.03,DIF<MACD,20.56,20.18,19.81,9.18,988,650,1.71,93.89,8.0,1.0,5.04,2026-02-03 23:31:46,
2535,達欣工,70.45,32.15,39.65,K<D,54.91,1.29,1.47,-0.19,DIF<MACD,72.2,67.91,63.61,60.73,219,287,0.93,178.29,11.32,3.75,5.47,2026-02-03 23:31:47,
2536,宏普,23.21,15.67,9.37,黃金交叉,21.31,-0.84,-0.75,-0.08,DIF<MACD,25.85,23.8,21.74,16.31,237,507,0.95,75.21,14.3,0.5,2.21,2026-02-03 23:31:49,
2537,聯上發,10.5,12.59,8.81,K<D,7.24,-0.24,-0.16,-0.08,DIF<MACD,12.18,11.05,9.93,18.28,604,1044,1.07,31.41,19.0,,,2026-02-03 23:31:50,
2538,基泰,10.73,15.72,22.82,K<D,19.4,-0.11,-0.09,-0.02,DIF<MACD,11.21,10.89,10.58,20.54,167,221,0.95,47.4,12.1,0.7,6.57,2026-02-03 23:31:51,
2539,櫻花建,46.46,20.56,19.11,K<D,29.8,-0.2,0.03,-0.23,DIF<MACD,49.46,48.01,46.56,0.0,979,808,0.95,555.99,10.5,0.5,1.07,2026-02-03 23:31:52,
2540,愛山林,45.82,10.48,25.68,K<D,46.66,-0.46,-0.12,-0.34,DIF<MACD,50.94,47.9,44.85,30.91,459,535,1.16,438.42,46.4,0.71,1.53,2026-02-03 23:31:54,
2542,興富發,37.07,16.58,9.98,K>D,24.75,-0.41,-0.26,-0.15,DIF<MACD,40.21,38.42,36.63,20.66,1702,3632,0.1,791.65,15.16,2.0,5.34,2026-02-03 23:31:55,
2543,皇昌,63.25,42.88,53.05,K<D,45.5,0.51,0.54,-0.02,DIF<MACD,66.11,63.58,61.04,23.59,2088,1818,1.43,330.87,18.74,1.0,1.6,2026-02-03 23:31:56,
2545,皇翔,37.2,15.73,22.28,K<D,22.72,-0.49,-0.35,-0.14,DIF<MACD,39.79,38.02,36.25,1.51,371,374,1.4,139.17,9.67,4.5,12.28,2026-02-03 23:31:57,
2546,根基,87.4,15.74,17.7,K<D,28.38,-0.43,-0.04,-0.39,DIF<MACD,90.92,88.19,85.45,9.09,45,81,0.45,112.12,9.05,3.2,3.73,2026-02-03 23:31:58,
2547,日勝生,10.89,21.76,38.54,K<D,34.68,-0.01,0.02,-0.04,DIF<MACD,11.13,10.88,10.64,22.32,959,1321,0.86,110.76,3.61,0.58,5.42,2026-02-03 23:31:59,
2548,華固,103.4,18.25,19.63,K<D,28.74,-1.23,-0.64,-0.59,DIF<MACD,116.82,109.75,102.68,20.88,427,563,0.69,338.69,90.6,5.5,5.19,2026-02-03 23:32:00,
2597,潤弘,167.94,13.81,14.89,K<D,18.33,-0.6,0.73,-1.33,DIF<MACD,184.23,174.45,164.67,14.14,153,310,0.43,522.0,15.94,6.42,3.82,2026-02-03 23:32:01,
2601,益航,5.23,14.56,26.51,K<D,32.74,-0.01,0.01,-0.02,DIF<MACD,5.76,5.56,5.37,0.0,1310,1924,0.49,44.29,,,,2026-02-03 23:32:03,
2603,長榮,185.55,18.81,29.16,K<D,31.37,-0.59,0.44,-1.04,DIF<MACD,197.98,190.8,183.62,10.01,7805,9347,1.09,4005.33,4.41,32.5,17.57,2026-02-03 23:32:04,
2605,新興,28.55,25.55,47.47,K<D,57.26,0.62,0.73,-0.11,DIF<MACD,30.56,28.59,26.61,50.41,14381,28032,0.95,167.7,34.52,1.3,4.54,2026-02-03 23:32:05,
2606,裕民,63.03,20.18,37.23,K<D,55.91,0.43,0.6,-0.16,DIF<MACD,64.88,62.15,59.41,47.6,3457,15298,0.67,520.55,16.04,3.2,5.19,2026-02-03 23:32:06,
2607,榮運,55.7,17.73,18.22,K<D,32.85,-0.33,-0.12,-0.21,DIF<MACD,59.15,57.57,56.0,6.51,505,695,0.4,299.87,8.31,10.0,17.79,2026-02-03 23:32:07,
2608,嘉里大榮,31.75,26.23,21.05,K<D,21.73,-0.18,-0.13,-0.05,DIF<MACD,33.39,32.95,32.51,0.0,96,214,0.82,151.77,15.55,1.65,5.08,2026-02-03 23:32:09,
2609,陽明,51.28,14.94,22.81,K<D,28.23,-0.3,0.09,-0.39,DIF<MACD,57.43,54.85,52.26,0.0,6999,10904,0.88,1829.86,6.71,7.5,14.31,2026-02-03 23:32:10,
2610,華航,22.65,36.6,50.2,K<D,64.05,0.57,0.61,-0.04,DIF<MACD,23.35,21.7,20.06,77.75,34330,34812,0.74,1356.25,9.18,0.8,3.59,2026-02-03 23:32:11,
2611,志信,14.6,18.47,28.71,K<D,34.22,-0.01,0.05,-0.06,DIF<MACD,15.44,15.03,14.62,0.0,444,623,0.28,27.41,76.32,1.64,11.31,2026-02-03 23:32:13,
2612,中航,60.61,37.96,43.19,K<D,49.04,0.52,0.45,0.07,DIF>MACD,63.5,61.43,59.35,57.67,1369,3746,0.14,122.64,8.67,2.1,3.38,2026-02-03 23:32:14,
2613,中櫃,23.5,18.92,30.25,K<D,39.86,0.09,0.11,-0.02,DIF<MACD,24.93,24.36,23.8,29.96,316,763,0.82,33.08,28.69,1.0,4.15,2026-02-03 23:32:15,
2614,東森,20.54,0.94,12.73,K<D,22.81,-0.5,-0.31,-0.19,DIF<MACD,23.49,21.7,19.91,12.81,588,797,0.87,66.43,10.3,0.25,1.23,2026-02-03 23:32:16,
2615,萬海,71.71,8.68,9.5,K<D,18.32,-1.43,-1.14,-0.29,DIF<MACD,81.18,76.58,71.99,15.8,3593,6430,0.78,2065.32,6.05,3.5,4.76,2026-02-03 23:32:17,
2616,山隆,13.76,32.6,55.98,K<D,47.91,0.01,0.02,-0.01,DIF<MACD,14.0,13.62,13.25,31.84,52,69,0.51,18.35,,0.3,2.22,2026-02-03 23:32:18,
2617,台航,30.98,19.98,31.84,K<D,43.85,0.06,0.14,-0.08,DIF<MACD,31.92,31.16,30.41,18.4,394,1208,0.55,127.69,9.9,1.5,4.9,2026-02-03 23:32:20,
2618,長榮航,37.09,33.69,41.12,K<D,55.07,0.45,0.56,-0.11,DIF<MACD,39.22,37.65,36.09,56.51,32563,26565,0.76,2054.87,7.98,2.4,6.31,2026-02-03 23:32:21,
2630,亞航,47.88,9.11,13.14,K<D,31.42,-0.55,0.24,-0.79,DIF<MACD,57.8,53.42,49.03,7.21,958,2027,0.35,102.83,48.61,0.62,1.26,2026-02-03 23:32:22,
2633,台灣高鐵,27.89,44.15,45.07,K<D,41.35,-0.14,-0.15,0.01,DIF>MACD,27.96,27.35,26.73,32.97,4502,5797,0.91,1525.27,23.98,1.05,3.87,2026-02-03 23:32:23,
2634,漢翔,52.9,19.09,28.25,K<D,41.26,0.38,0.9,-0.52,DIF<MACD,58.43,55.06,51.69,22.28,4725,8184,0.23,502.02,67.47,1.38,2.59,2026-02-03 23:32:24,
2636,台驊控股,64.5,26.97,27.63,K<D,37.99,-0.31,-0.05,-0.26,DIF<MACD,68.31,66.57,64.83,4.16,257,421,0.93,89.02,7.95,6.0,9.23,2026-02-03 23:32:25,
2637,慧洋-KY,71.01,16.3,24.78,K<D,37.82,0.52,0.89,-0.37,DIF<MACD,73.13,71.04,68.95,13.03,2040,4677,0.18,520.25,17.08,5.0,7.17,2026-02-03 23:32:27,
2642,宅配通,25.93,25.45,32.64,K<D,36.71,-0.19,-0.19,-0.0,DIF<MACD,26.23,25.76,25.3,0.04,81,94,1.01,24.11,35.07,0.5,1.98,2026-02-03 23:32:28,
2645,長榮航太,164.15,20.39,37.8,K<D,55.55,4.17,5.27,-1.1,DIF<MACD,181.31,159.68,138.04,49.86,1653,3691,0.36,597.44,30.27,4.5,2.82,2026-02-03 23:32:29,
2646,星宇航空,23.15,10.01,20.56,K<D,30.0,-0.14,-0.07,-0.07,DIF<MACD,23.71,23.25,22.79,0.0,3686,4587,0.9,685.99,456.0,,,2026-02-03 23:32:30,
2701,萬企,10.82,16.48,33.03,K<D,46.67,-0.02,-0.02,-0.0,DIF<MACD,11.08,10.99,10.9,3.82,36,57,0.25,49.05,21.8,0.28,2.57,2026-02-03 23:32:31,
2702,華園,11.41,14.87,26.48,K<D,44.36,-0.02,0.01,-0.02,DIF<MACD,12.01,11.85,11.68,15.71,19,35,0.1,18.32,,,,2026-02-03 23:32:32,
2704,國賓,43.61,31.43,44.47,K<D,41.59,0.06,0.14,-0.08,DIF<MACD,44.74,43.34,41.94,33.01,88,141,1.03,157.41,115.95,0.5,1.17,2026-02-03 23:32:34,
2705,六福,16.26,32.59,40.77,K<D,33.28,-0.08,-0.06,-0.02,DIF<MACD,16.71,16.44,16.16,16.31,104,157,0.43,30.99,135.0,,,2026-02-03 23:32:35,
2706,第一店,12.74,44.16,31.51,K>D,36.71,-0.03,-0.03,-0.0,DIF<MACD,12.95,12.86,12.76,16.7,55,90,0.93,64.0,22.07,0.35,2.73,2026-02-03 23:32:36,
2707,晶華,192.07,20.94,34.08,K<D,37.41,-0.49,-0.25,-0.24,DIF<MACD,191.36,189.22,187.09,0.79,65,133,0.99,238.88,16.97,14.36,7.66,2026-02-03 23:32:37,
2712,遠雄來,16.75,21.26,22.79,K<D,19.62,-0.26,-0.23,-0.03,DIF<MACD,18.28,17.73,17.18,0.0,8,14,0.28,18.01,,,,2026-02-03 23:32:38,
2722,夏都,24.79,31.77,39.17,K<D,37.53,-0.35,-0.42,0.07,DIF>MACD,25.88,25.16,24.44,23.37,26,40,0.42,35.51,,0.15,0.6,2026-02-03 23:32:39,
2723,美食-KY,73.87,52.34,60.09,K<D,60.72,1.48,1.61,-0.13,DIF<MACD,78.66,74.51,70.37,63.49,505,355,1.58,136.98,13.7,3.0,3.94,2026-02-03 23:32:40,
2727,王品,213.1,18.61,23.95,K<D,29.72,-0.69,0.14,-0.83,DIF<MACD,222.35,217.3,212.25,2.4,199,309,1.11,176.9,14.41,14.59,6.83,2026-02-03 23:32:41,
2731,雄獅,163.53,32.28,44.33,K<D,43.0,0.49,1.04,-0.55,DIF<MACD,175.04,170.45,165.86,31.6,363,521,1.12,156.71,10.87,7.5,4.46,2026-02-03 23:32:43,
2739,寒舍,33.22,26.37,28.5,黃金交叉,38.65,-0.42,-0.4,-0.02,DIF<MACD,35.53,34.49,33.44,33.78,73,87,0.84,31.12,19.88,1.0,2.94,2026-02-03 23:32:44,
2748,雲品,39.03,15.05,15.23,K<D,28.44,-0.63,-0.51,-0.13,DIF<MACD,43.07,41.5,39.93,5.55,94,140,0.97,42.26,17.37,2.0,5.01,2026-02-03 23:32:45,
2753,八方雲集,180.1,20.39,16.11,黃金交叉,29.54,-3.24,-2.58,-0.66,DIF<MACD,193.94,183.88,173.81,16.66,150,262,0.21,118.96,15.23,10.0,5.6,2026-02-03 23:32:46,
2762,世界健身-KY,73.27,13.4,15.14,K<D,19.53,-1.0,-0.81,-0.18,DIF<MACD,77.74,74.94,72.14,0.0,92,44,2.57,78.86,26.16,7.78,10.78,2026-02-03 23:32:47,
2801,彰銀,20.55,45.47,42.41,黃金交叉,54.08,-0.04,-0.05,0.0,黃金交叉,20.6,20.39,20.18,56.25,13651,16986,1.26,2406.16,13.54,0.5,2.44,2026-02-03 23:32:49,
2812,台中銀,20.55,17.87,9.63,K>D,9.38,-0.26,-0.21,-0.05,DIF<MACD,21.15,20.5,19.84,16.58,7336,14143,0.18,1204.33,13.79,0.39,1.95,2026-02-03 23:32:50,
2816,旺旺保,28.14,18.23,15.84,K<D,22.54,-0.17,-0.06,-0.1,DIF<MACD,29.99,29.07,28.16,19.18,135,132,0.82,63.39,6.55,1.5,5.29,2026-02-03 23:32:51,
2820,華票,16.09,33.28,27.26,K>D,35.07,-0.1,-0.1,-0.0,DIF<MACD,16.5,16.35,16.2,31.11,1458,1385,0.65,218.9,12.94,0.78,4.79,2026-02-03 23:32:52,
2832,台產,49.52,17.66,17.41,K<D,25.68,-0.45,-0.36,-0.09,DIF<MACD,50.58,49.54,48.51,0.0,128,189,0.45,85.99,10.53,7.14,14.74,2026-02-03 23:32:53,
2834,臺企銀,15.1,10.47,14.86,黃金交叉,20.54,-0.16,-0.1,-0.06,DIF<MACD,16.27,15.75,15.23,11.55,8533,20067,0.75,1491.72,12.38,0.2,1.3,2026-02-03 23:32:54,
2836,高雄銀,12.38,33.79,32.65,黃金交叉,39.04,-0.05,-0.04,-0.01,DIF<MACD,12.24,12.1,11.96,29.28,803,1370,0.47,221.71,19.44,0.3,2.49,2026-02-03 23:32:56,
2838,聯邦銀,18.01,60.15,43.94,K>D,35.5,-0.17,-0.19,0.01,DIF>MACD,19.11,18.68,18.25,32.1,818,1205,0.27,805.17,16.56,0.35,1.89,2026-02-03 23:32:57,
2845,遠東銀,12.65,4.89,13.29,K<D,11.34,-0.1,-0.05,-0.04,DIF<MACD,12.96,12.66,12.35,0.0,6023,11544,0.36,598.43,14.3,0.5,4.07,2026-02-03 23:32:58,
2849,安泰銀,12.79,28.83,38.32,K<D,37.5,-0.03,-0.01,-0.02,DIF<MACD,13.58,13.35,13.12,10.37,39,73,1.02,257.43,19.06,0.38,2.89,2026-02-03 23:32:59,
2850,新產,115.65,24.25,16.59,黃金交叉,22.51,-1.03,-0.66,-0.37,DIF<MACD,118.57,115.38,112.18,5.01,150,386,0.52,357.04,10.26,7.15,6.33,2026-02-03 23:33:00,
2851,中再保,26.69,31.63,36.79,K>D,37.43,0.07,0.14,-0.07,DIF<MACD,27.41,26.89,26.37,17.61,776,990,0.7,213.3,10.62,1.9,7.13,2026-02-03 23:33:01,
2852,第一保,27.85,16.61,12.53,K<D,30.06,-0.19,-0.11,-0.09,DIF<MACD,28.32,27.61,26.9,20.69,240,422,0.24,81.46,9.49,2.1,7.76,2026-02-03 23:33:03,
2855,統一證,27.87,37.89,61.1,K<D,56.77,1.07,1.11,-0.04,DIF<MACD,30.61,28.07,25.53,55.15,3524,8382,0.91,458.0,13.36,1.1,3.85,2026-02-03 23:33:04,
2867,三商壽,7.9,54.61,53.43,K<D,62.53,0.03,0.05,-0.02,DIF<MACD,8.02,7.85,7.68,47.48,10626,11706,1.23,464.29,131.17,,,2026-02-03 23:33:05,
2880,華南金,34.03,50.02,59.18,K<D,57.25,0.45,0.52,-0.07,DIF<MACD,34.12,32.79,31.45,55.5,8162,12198,0.45,4606.52,18.29,1.25,3.78,2026-02-03 23:33:06,
2881,富邦金,91.93,24.9,17.03,黃金交叉,40.31,-1.05,-0.74,-0.31,DIF<MACD,96.99,93.64,90.29,13.38,13776,18224,0.33,12858.76,11.01,4.15,4.52,2026-02-03 23:33:07,
2882,國泰金,75.28,30.54,30.28,K<D,46.25,0.47,0.92,-0.45,DIF<MACD,77.66,75.95,74.24,11.34,14064,19538,0.28,10957.9,13.96,3.5,4.69,2026-02-03 23:33:09,
2883,凱基金,18.46,62.17,61.56,黃金交叉,69.4,0.26,0.27,-0.01,DIF<MACD,18.41,17.86,17.3,91.35,52515,41751,0.88,3097.91,13.52,0.84,4.6,2026-02-03 23:33:10,
2884,玉山金,33.31,68.08,69.71,K<D,67.74,0.21,0.23,-0.02,DIF<MACD,34.0,33.1,32.2,63.62,27924,30712,0.99,5402.12,17.22,1.2,3.59,2026-02-03 23:33:11,
2885,元大金,42.32,64.68,67.8,K<D,59.57,0.82,0.9,-0.08,DIF<MACD,43.33,41.7,40.07,58.08,19124,25208,1.19,5599.08,15.79,1.5,3.57,2026-02-03 23:33:13,
2886,兆豐金,39.1,19.87,17.95,K>D,19.89,-0.4,-0.27,-0.13,DIF<MACD,41.23,39.91,38.6,15.01,11337,24535,0.46,5789.63,17.06,1.6,4.11,2026-02-03 23:33:14,
2887,台新新光金,23.3,54.55,58.96,K<D,69.92,0.6,0.63,-0.03,DIF<MACD,23.72,22.04,20.36,71.28,46627,56404,1.17,5657.08,14.97,0.9,3.96,2026-02-03 23:33:15,
2889,國票金,15.9,47.23,54.5,K<D,33.87,0.0,0.04,-0.04,DIF<MACD,17.12,16.66,16.19,24.13,4449,3875,1.1,594.09,27.71,0.3,1.83,2026-02-03 23:33:16,
2890,永豐金,28.42,37.22,40.36,黃金交叉,48.29,0.09,0.19,-0.09,DIF<MACD,29.45,28.98,28.51,38.32,22813,21849,1.25,4173.79,15.65,0.91,3.16,2026-02-03 23:33:17,
2891,中信金,52.48,45.74,52.42,K<D,59.71,0.74,0.86,-0.12,DIF<MACD,51.99,50.51,49.04,60.1,19090,29298,0.88,10055.36,13.66,2.3,4.5,2026-02-03 23:33:19,
2892,第一金,29.63,29.57,24.56,K>D,42.29,-0.09,0.01,-0.1,DIF<MACD,30.01,29.32,28.63,28.56,10972,19692,0.23,4162.86,15.82,0.95,3.28,2026-02-03 23:33:20,
2897,王道銀行,9.13,68.14,62.36,K>D,60.25,0.0,0.0,0.0,DIF>MACD,9.16,9.14,9.11,76.71,2272,3422,0.52,254.59,13.86,0.5,5.46,2026-02-03 23:33:21,
2901,欣欣,24.93,33.33,34.97,K<D,53.45,-0.06,-0.05,-0.0,DIF<MACD,25.07,24.68,24.28,68.88,40,26,1.66,18.08,72.79,0.37,1.49,2026-02-03 23:33:22,
2903,遠百,21.95,53.4,41.42,黃金交叉,58.21,-0.07,-0.12,0.05,DIF>MACD,22.4,22.08,21.76,76.46,2103,1835,0.72,313.44,13.4,1.35,6.07,2026-02-03 23:33:23,
2904,匯僑,16.73,23.5,33.31,K<D,45.51,-0.01,-0.01,-0.0,DIF<MACD,17.19,17.07,16.96,48.84,34,21,1.47,13.27,11.92,1.0,5.87,2026-02-03 23:33:24,
2905,三商,15.17,23.84,27.08,K<D,33.6,-0.17,-0.12,-0.05,DIF<MACD,16.14,15.6,15.07,17.39,495,815,0.64,160.1,40.0,0.3,1.97,2026-02-03 23:33:26,
2906,高林,12.24,35.97,41.49,K<D,37.94,-0.1,-0.11,0.01,DIF>MACD,12.69,12.51,12.33,1.57,81,95,1.36,25.83,32.5,0.6,4.86,2026-02-03 23:33:27,
2908,特力,20.35,51.12,66.36,K<D,57.24,-0.02,-0.01,-0.0,DIF<MACD,20.39,20.24,20.1,53.37,66,64,1.0,103.25,155.77,0.9,4.44,2026-02-03 23:33:28,
2910,統領,20.57,79.79,72.71,K>D,64.33,0.04,0.0,0.04,DIF>MACD,21.15,20.88,20.62,100.0,4,3,1.54,37.01,17.58,0.95,4.5,2026-02-03 23:33:29,
2911,麗嬰房,5.35,59.99,48.87,K>D,53.21,0.07,0.08,-0.01,DIF<MACD,5.32,5.12,4.93,76.75,41,38,1.01,5.47,,,,2026-02-03 23:33:30,
2912,統一超,220.76,51.68,33.69,K>D,38.42,-3.28,-3.37,0.1,黃金交叉,226.27,216.88,207.48,29.35,1749,3233,0.84,2229.99,20.03,9.0,4.2,2026-02-03 23:33:31,
2913,農林,12.9,12.05,28.5,K<D,35.11,-0.15,-0.1,-0.04,DIF<MACD,13.68,13.23,12.78,0.53,1602,1764,1.01,100.73,,,,2026-02-03 23:33:32,
2915,潤泰全,50.31,8.19,12.82,K<D,15.96,-0.96,-0.83,-0.13,DIF<MACD,53.92,51.85,49.79,6.91,1444,2327,1.01,536.0,5.85,2.5,4.98,2026-02-03 23:33:34,
2923,鼎固-KY,19.72,48.53,55.61,K<D,48.74,-0.1,-0.09,-0.01,DIF<MACD,21.44,20.12,18.8,33.74,21,31,0.6,347.19,33.25,0.24,1.2,2026-02-03 23:33:35,
2929,淘帝-KY,7.82,26.74,41.38,K<D,52.33,-0.03,-0.02,-0.0,DIF<MACD,8.03,7.79,7.54,26.17,176,223,0.89,8.41,54.86,,,2026-02-03 23:33:36,
2939,永邑-KY,20.37,7.42,20.12,K<D,25.36,-0.88,-0.71,-0.18,DIF<MACD,24.94,22.24,19.54,5.9,27,19,1.51,9.18,,,,2026-02-03 23:33:37,
2945,三商家購,40.76,50.84,58.22,K<D,67.28,1.08,0.86,0.23,DIF>MACD,43.95,39.62,35.29,79.28,19,86,0.15,28.08,20.9,1.5,3.61,2026-02-03 23:33:38,
3002,歐格,22.08,18.47,11.01,黃金交叉,29.22,-0.99,-0.85,-0.15,DIF<MACD,24.99,23.02,21.05,9.45,577,600,0.6,21.84,50.12,0.7,3.25,2026-02-03 23:33:40,
3003,健和興,47.91,21.11,33.16,K<D,40.24,-0.03,0.25,-0.27,DIF<MACD,50.92,48.16,45.41,35.45,170,297,0.16,73.16,32.41,2.0,4.26,2026-02-03 23:33:41,
3004,豐達科,116.05,27.41,33.71,黃金交叉,48.86,1.12,2.17,-1.05,DIF<MACD,120.29,114.3,108.31,29.21,421,478,0.4,72.28,18.46,2.95,2.61,2026-02-03 23:33:42,
3005,神基,113.52,10.67,19.76,K<D,32.6,-1.71,-1.41,-0.3,DIF<MACD,119.52,115.35,111.18,5.96,3170,3300,1.33,695.35,14.07,5.99,5.35,2026-02-03 23:33:43,
3006,晶豪科,169.65,73.1,68.07,K<D,59.46,16.61,15.53,1.08,DIF>MACD,186.24,155.5,124.76,65.92,76258,59689,1.02,459.47,1296.15,1.0,0.59,2026-02-03 23:33:45,
3008,大立光,2338.47,24.33,28.67,K<D,36.75,13.19,34.46,-21.28,DIF<MACD,2535.63,2440.75,2345.87,0.0,605,749,0.52,3073.76,13.69,85.5,3.64,2026-02-03 23:33:46,
3010,華立,124.65,52.05,68.17,K<D,59.56,3.13,2.71,0.41,DIF>MACD,127.29,116.85,106.41,63.66,1675,2148,1.02,315.22,14.78,5.3,4.36,2026-02-03 23:33:47,
3011,今皓,13.44,8.25,19.14,K<D,38.92,-0.19,0.0,-0.19,DIF<MACD,15.24,14.17,13.11,0.0,456,1227,0.19,16.46,,,,2026-02-03 23:33:48,
3013,晟銘電,108.46,15.7,14.89,黃金交叉,20.76,-4.11,-3.22,-0.89,DIF<MACD,128.91,119.42,109.94,9.31,1666,2474,0.68,228.73,28.74,0.6,0.54,2026-02-03 23:33:49,
3014,聯陽,114.65,35.37,45.01,K<D,56.09,0.75,0.79,-0.04,DIF<MACD,123.07,118.2,113.33,43.73,577,910,0.29,195.9,12.46,9.0,7.63,2026-02-03 23:33:50,
3015,全漢,51.22,11.34,15.39,K<D,39.33,-0.41,-0.05,-0.37,DIF<MACD,57.38,53.44,49.5,25.05,290,408,1.17,96.63,29.83,3.0,5.81,2026-02-03 23:33:51,
3016,嘉晶,59.69,29.53,40.89,K<D,47.96,2.17,3.27,-1.1,DIF<MACD,73.86,63.04,52.23,26.94,7235,6123,1.53,169.09,5860.0,0.5,0.85,2026-02-03 23:33:53,
3017,奇鋐,1682.8,85.83,77.83,K>D,65.38,29.44,2.61,26.83,DIF>MACD,1562.22,1394.25,1226.28,100.0,14925,8370,2.14,6388.15,43.72,9.93,0.61,2026-02-03 23:33:54,
3018,隆銘綠能,11.26,50.23,61.04,K<D,52.6,0.01,0.03,-0.02,DIF<MACD,12.29,11.72,11.16,38.11,8,7,1.01,8.67,1.28,,,2026-02-03 23:33:55,
3019,亞光,159.4,51.32,62.87,K<D,68.19,4.55,3.49,1.06,DIF>MACD,163.62,147.45,131.28,84.06,16419,29395,0.82,442.6,23.34,4.0,2.52,2026-02-03 23:33:56,
3021,鴻名,17.18,14.65,19.16,K<D,14.88,-0.05,0.12,-0.17,DIF<MACD,19.22,18.28,17.35,0.0,175,134,0.95,16.42,44.36,0.3,1.73,2026-02-03 23:33:57,
3022,威強電,65.8,15.41,20.85,K<D,20.86,-0.41,-0.02,-0.39,DIF<MACD,69.41,66.2,62.98,7.94,307,716,0.1,113.02,11.79,4.5,7.03,2026-02-03 23:33:58,
3023,信邦,234.72,88.27,82.94,K>D,71.4,7.75,3.11,4.64,DIF>MACD,239.46,204.3,169.14,95.57,2356,4632,0.1,552.16,17.72,10.25,4.46,2026-02-03 23:33:59,
3024,憶聲,10.41,17.62,13.32,K<D,26.24,-0.18,-0.05,-0.13,DIF<MACD,11.85,11.07,10.29,0.0,636,744,0.95,28.27,12.91,0.4,3.92,2026-02-03 23:34:00,
3025,星通,67.87,27.99,38.3,K<D,35.8,1.7,2.9,-1.2,DIF<MACD,77.29,72.11,66.94,6.15,947,2559,0.33,38.58,32.85,3.3,4.85,2026-02-03 23:34:02,
3026,禾伸堂,102.97,22.53,33.54,K<D,38.78,0.0,0.57,-0.57,DIF<MACD,110.33,106.1,101.87,15.16,853,1205,0.73,171.7,17.08,5.5,5.31,2026-02-03 23:34:03,
3027,盛達,23.97,13.76,24.61,K<D,42.49,0.2,0.56,-0.36,DIF<MACD,28.33,25.71,23.1,19.41,293,499,0.1,27.92,56.51,0.37,1.52,2026-02-03 23:34:04,
3028,增你強,54.12,85.85,67.97,K>D,87.58,2.62,1.35,1.27,DIF>MACD,50.37,42.33,34.29,100.0,6029,10398,0.5,131.91,19.37,2.1,3.78,2026-02-03 23:34:05,
3029,零壹,113.43,25.3,41.75,K<D,38.17,-0.09,0.03,-0.12,DIF<MACD,115.05,112.25,109.45,33.36,664,818,1.03,185.38,17.73,5.0,4.5,2026-02-03 23:34:07,
3030,德律,184.91,43.23,56.31,K<D,65.29,1.89,1.94,-0.05,DIF<MACD,187.64,177.97,168.31,60.65,7794,4438,1.7,428.73,18.52,5.0,2.75,2026-02-03 23:34:08,
3031,佰鴻,20.39,17.57,34.29,K<D,44.18,0.1,0.18,-0.08,DIF<MACD,21.06,20.11,19.17,36.0,234,524,0.68,34.29,19.6,1.0,5.05,2026-02-03 23:34:09,
3032,偉訓,75.9,36.89,28.48,黃金交叉,50.65,-1.35,-1.66,0.31,DIF>MACD,76.03,73.34,70.65,49.18,729,670,0.82,83.49,,2.73,3.7,2026-02-03 23:34:10,
3033,威健,31.05,22.94,22.87,黃金交叉,48.06,-0.02,0.04,-0.05,DIF<MACD,32.02,30.95,29.89,41.31,11835,6063,2.26,148.52,21.49,2.08,6.72,2026-02-03 23:34:11,
3034,聯詠,379.53,21.94,36.0,K<D,44.09,-0.79,0.95,-1.74,DIF<MACD,401.64,384.7,367.76,25.09,2061,4207,0.58,2272.79,13.03,28.0,7.5,2026-02-03 23:34:12,
3035,智原,165.81,23.71,40.5,K<D,40.58,-0.81,0.44,-1.24,DIF<MACD,179.85,170.4,160.95,0.0,1474,3912,0.1,420.79,55.5,3.0,1.86,2026-02-03 23:34:14,
3036,文曄,159.78,48.96,52.84,K<D,54.47,2.84,2.26,0.58,DIF>MACD,162.04,151.3,140.56,80.63,8202,10298,0.54,1899.95,15.21,6.0,3.83,2026-02-03 23:34:15,
3037,欣興,379.16,82.13,87.3,K<D,83.08,39.75,33.88,5.87,DIF>MACD,414.13,303.68,193.22,87.69,68687,67022,1.15,6062.17,185.1,1.49,0.39,2026-02-03 23:34:16,
3038,全台,23.33,24.62,33.8,K<D,35.07,0.2,0.37,-0.17,DIF<MACD,24.56,23.85,23.14,9.76,233,327,1.04,34.03,20.0,1.5,6.41,2026-02-03 23:34:17,
3040,遠見,52.8,64.26,46.75,K>D,57.59,-0.88,-1.62,0.75,DIF>MACD,56.12,50.74,45.35,89.41,1229,1051,1.09,34.02,103.85,1.0,1.85,2026-02-03 23:34:18,
3041,揚智,26.04,16.86,30.2,K<D,45.86,0.15,0.37,-0.22,DIF<MACD,28.63,26.45,24.26,19.84,520,1127,0.22,35.55,26.13,,,2026-02-03 23:34:20,
3042,晶技,85.94,25.07,44.02,K<D,59.28,1.17,1.3,-0.14,DIF<MACD,92.3,85.4,78.5,57.19,728,1762,0.78,290.35,15.47,5.2,6.09,2026-02-03 23:34:21,
3043,科風,21.25,14.29,27.3,K<D,46.25,0.17,0.35,-0.19,DIF<MACD,24.93,22.49,20.04,25.28,84,117,0.89,8.42,,,,2026-02-03 23:34:22,
3044,健鼎,411.19,86.48,76.07,K>D,76.28,21.44,14.71,6.73,DIF>MACD,413.47,344.38,275.28,100.0,8707,6944,1.2,2139.22,21.53,10.3,2.53,2026-02-03 23:34:24,
3045,台灣大,105.74,5.3,8.05,K<D,19.34,-0.54,-0.23,-0.31,DIF<MACD,109.0,106.95,104.9,0.0,3822,5815,0.65,3175.74,22.93,4.5,4.29,2026-02-03 23:34:25,
3046,建碁,52.05,28.56,29.1,K<D,39.14,0.18,0.51,-0.34,DIF<MACD,55.51,53.45,51.4,27.04,270,298,0.61,41.19,13.43,2.7,5.14,2026-02-03 23:34:26,
3047,訊舟,17.53,10.22,18.01,K<D,27.49,-0.07,0.15,-0.21,DIF<MACD,20.42,18.92,17.42,22.99,1202,1487,0.94,39.91,,0.3,1.67,2026-02-03 23:34:27,
3048,益登,37.73,5.53,15.1,K<D,32.9,-0.61,-0.11,-0.51,DIF<MACD,43.78,40.85,37.93,0.0,1955,4387,0.31,100.78,31.65,,,2026-02-03 23:34:28,
3049,精金,9.54,39.55,38.65,K<D,64.71,0.65,0.62,0.04,DIF>MACD,11.11,8.6,6.09,76.68,25066,14773,2.2,76.43,30.74,,,2026-02-03 23:34:29,
3050,鈺德,13.52,14.42,18.62,K<D,25.39,0.06,0.27,-0.2,DIF<MACD,15.36,14.14,12.91,22.29,656,795,0.81,20.61,,0.5,3.76,2026-02-03 23:34:30,
3051,力特,24.98,26.03,39.06,K<D,71.3,1.49,1.68,-0.19,DIF<MACD,29.6,23.86,18.12,67.26,2078,1783,1.16,41.17,21.7,1.52,6.09,2026-02-03 23:34:31,
3052,夆典,11.59,12.78,8.52,K<D,9.25,-0.09,-0.03,-0.06,DIF<MACD,12.08,11.71,11.33,0.0,242,565,0.5,23.15,9.54,0.5,4.41,2026-02-03 23:34:32,
3054,立萬利,31.35,60.88,52.87,黃金交叉,62.74,0.64,0.79,-0.15,DIF<MACD,32.3,30.59,28.89,64.98,102,48,2.55,25.2,50.4,,,2026-02-03 23:34:34,
3055,蔚華科,65.84,11.6,19.12,K<D,26.98,-1.38,-0.43,-0.95,DIF<MACD,76.56,71.48,66.39,0.0,331,415,1.1,73.23,,1.0,1.52,2026-02-03 23:34:35,
3056,富華新,16.92,6.99,13.36,K<D,15.33,-0.34,-0.26,-0.08,DIF<MACD,18.32,17.45,16.59,0.0,1269,1736,0.68,79.53,2.81,1.48,8.94,2026-02-03 23:34:36,
3057,喬鼎,16.26,19.85,23.07,K<D,29.61,-0.47,-0.07,-0.39,DIF<MACD,22.36,19.01,15.65,8.27,355,615,0.8,9.86,40.88,,,2026-02-03 23:34:37,
3058,立德,9.62,22.23,32.2,K<D,43.76,-0.04,-0.02,-0.03,DIF<MACD,11.03,10.08,9.14,38.19,789,919,0.95,19.72,,,,2026-02-03 23:34:38,
3059,華晶科,37.17,12.0,29.4,K<D,41.18,-0.49,-0.11,-0.38,DIF<MACD,44.33,40.78,37.23,7.6,2254,4731,0.47,117.48,30.12,1.0,2.61,2026-02-03 23:34:40,
3060,銘異,31.17,22.43,22.55,K<D,40.74,0.11,0.6,-0.49,DIF<MACD,37.91,34.29,30.67,4.22,9542,17246,0.24,42.23,,0.35,1.14,2026-02-03 23:34:41,
3062,建漢,25.58,26.87,42.72,K<D,41.2,0.45,0.52,-0.07,DIF<MACD,27.61,25.51,23.41,40.75,3387,4051,0.8,83.35,18.01,,,2026-02-03 23:34:42,
3090,日電貿,91.51,9.58,15.67,K<D,28.84,-1.36,0.34,-1.7,DIF<MACD,108.12,99.22,90.33,0.0,1867,3045,0.36,195.8,17.66,4.2,4.65,2026-02-03 23:34:43,
3092,鴻碩,23.49,12.38,23.54,K<D,28.6,0.77,1.49,-0.72,DIF<MACD,30.12,26.72,23.33,8.47,512,1501,0.75,25.47,,,,2026-02-03 23:34:44,
3094,聯傑,24.41,19.23,35.49,K<D,47.09,0.31,0.47,-0.16,DIF<MACD,27.56,25.6,23.64,39.43,193,665,0.13,20.74,95.96,0.17,0.68,2026-02-03 23:34:45,
3130,一零四,215.05,15.84,13.34,K<D,14.22,-0.71,-0.57,-0.14,DIF<MACD,224.78,222.8,220.82,21.99,15,14,1.51,73.52,15.55,14.14,6.38,2026-02-03 23:34:47,
3135,凌航,107.03,18.54,36.17,K<D,43.97,8.78,12.0,-3.22,DIF<MACD,139.93,115.8,91.68,36.71,3928,3001,1.34,83.31,55.1,1.32,1.22,2026-02-03 23:34:48,
3138,耀登,180.97,60.0,71.92,K<D,67.8,17.4,18.2,-0.8,DIF<MACD,207.09,159.18,111.26,64.82,4503,3262,1.51,86.84,152.54,2.56,1.42,2026-02-03 23:34:50,
3149,正達,51.07,32.85,50.2,K<D,59.95,4.18,4.7,-0.52,DIF<MACD,63.38,50.1,36.83,55.84,7725,17300,0.49,116.28,,,,2026-02-03 23:34:51,
3150,鈺寶-創,17.58,18.16,24.11,K<D,5.26,-0.49,-0.21,-0.29,DIF<MACD,21.72,19.62,17.52,0.0,95,102,0.56,7.83,117.67,1.0,5.67,2026-02-03 23:34:52,
3164,景岳,18.39,58.43,59.52,K<D,40.36,-0.04,-0.03,-0.01,DIF<MACD,18.47,18.17,17.87,11.25,42,45,0.81,15.44,46.03,0.8,4.46,2026-02-03 23:34:53,
3167,大量,203.63,20.99,28.19,K<D,34.85,-2.53,0.32,-2.85,DIF<MACD,243.21,223.8,204.39,1.17,2694,3658,0.34,181.88,33.09,1.0,0.49,2026-02-03 23:34:54,
3168,眾福科,39.03,1.91,13.27,K<D,36.13,-0.65,-0.51,-0.13,DIF<MACD,42.16,40.79,39.43,0.0,23,12,2.06,29.29,15.48,3.04,7.79,2026-02-03 23:34:56,
3189,景碩,250.19,87.61,86.76,K<D,73.23,22.53,18.55,3.98,DIF>MACD,259.25,202.83,146.4,83.78,68864,58967,1.12,1162.38,166.22,0.97,0.39,2026-02-03 23:34:57,
3209,全科,32.99,31.23,33.69,K<D,45.81,0.24,0.31,-0.07,DIF<MACD,34.34,33.19,32.04,59.61,386,375,1.31,78.15,15.16,2.48,7.47,2026-02-03 23:34:58,
3229,晟鈦,22.46,22.69,16.9,K>D,22.96,-0.43,-0.07,-0.36,DIF<MACD,26.62,23.86,21.11,30.67,153,171,0.62,14.33,,,,2026-02-03 23:34:59,
3231,緯創,131.29,13.13,4.57,黃金交叉,22.5,-4.3,-3.06,-1.24,DIF<MACD,155.57,139.38,123.18,13.45,26191,32434,0.47,4086.83,15.77,3.8,2.96,2026-02-03 23:35:01,
3257,虹冠電,66.86,25.28,38.35,K<D,51.83,0.18,0.68,-0.5,DIF<MACD,72.8,67.61,62.41,16.76,413,1141,0.27,51.8,23.76,2.0,3.07,2026-02-03 23:35:02,
3266,昇陽,13.46,26.51,27.82,黃金交叉,36.67,-0.05,-0.02,-0.02,DIF<MACD,14.22,13.91,13.6,17.58,40,52,1.19,48.44,8.04,0.75,5.45,2026-02-03 23:35:04,
3296,勝德,24.77,34.86,51.32,K<D,47.18,0.3,0.43,-0.13,DIF<MACD,25.69,24.47,23.25,34.74,57,105,0.76,23.36,20.47,,,2026-02-03 23:35:05,
3305,昇貿,106.95,24.64,30.93,K<D,40.25,0.88,2.92,-2.04,DIF<MACD,130.11,117.33,104.54,18.56,4439,9353,0.39,138.99,37.02,2.25,2.1,2026-02-03 23:35:06,
3308,聯德,22.03,19.97,21.85,黃金交叉,47.89,0.84,1.39,-0.55,DIF<MACD,26.02,22.97,19.92,32.72,170,196,0.89,13.41,45.61,,,2026-02-03 23:35:07,
3311,閎暉,32.12,25.19,27.32,K<D,46.94,0.27,0.42,-0.15,DIF<MACD,34.69,32.91,31.14,35.17,277,267,0.62,32.2,18.83,0.3,0.93,2026-02-03 23:35:08,
3312,弘憶股,39.81,18.36,21.66,K<D,28.59,0.28,0.8,-0.52,DIF<MACD,43.98,41.29,38.61,0.0,588,1055,1.04,70.68,30.23,1.39,3.59,2026-02-03 23:35:10,
3321,同泰,17.14,11.88,13.59,K<D,29.63,-0.34,-0.03,-0.31,DIF<MACD,21.25,19.13,17.02,12.83,512,468,1.26,14.77,,,,2026-02-03 23:35:11,
3338,泰碩,50.67,14.19,36.79,K<D,54.22,0.66,0.94,-0.28,DIF<MACD,57.45,51.68,45.92,43.43,246,590,0.21,44.45,21.88,2.01,3.93,2026-02-03 23:35:12,
3346,麗清,21.57,27.82,48.85,K<D,58.34,0.67,0.77,-0.1,DIF<MACD,24.42,21.21,17.99,58.5,302,404,0.84,25.78,12.59,1.21,5.65,2026-02-03 23:35:13,
3356,奇偶,47.55,16.24,25.08,K<D,50.47,0.39,0.62,-0.23,DIF<MACD,51.24,48.73,46.22,38.25,194,356,0.16,38.61,9.15,4.0,8.28,2026-02-03 23:35:15,
3376,新日興,197.83,12.16,22.84,K<D,38.45,-0.66,2.61,-3.27,DIF<MACD,238.9,220.75,202.6,3.65,6461,5695,1.6,397.4,74.91,6.0,2.96,2026-02-03 23:35:16,
3380,明泰,33.93,39.59,47.5,K<D,45.63,0.6,0.73,-0.12,DIF<MACD,36.01,33.87,31.73,63.34,6474,3550,1.49,187.98,38.56,1.0,2.88,2026-02-03 23:35:17,
3406,玉晶光,447.78,38.76,44.95,K<D,54.16,4.5,6.07,-1.56,DIF<MACD,476.2,455.73,435.25,48.52,717,620,1.31,516.36,15.29,18.0,3.93,2026-02-03 23:35:19,
3413,京鼎,277.58,26.8,36.28,K<D,42.49,-0.59,-1.01,0.42,DIF>MACD,299.59,284.7,269.81,54.76,828,2084,0.15,307.63,13.3,14.42,5.09,2026-02-03 23:35:20,
3416,融程電,141.86,13.0,21.75,K<D,41.0,-0.98,-0.09,-0.89,DIF<MACD,156.91,149.53,142.14,27.65,150,244,0.84,115.63,21.14,5.5,3.79,2026-02-03 23:35:21,
3419,譁裕,15.13,65.39,60.23,黃金交叉,60.47,0.36,0.36,-0.01,DIF<MACD,15.26,14.43,13.6,92.05,793,407,2.23,18.07,28.3,,,2026-02-03 23:35:22,
3432,台端,17.46,31.14,39.06,K<D,64.18,0.93,1.07,-0.14,DIF<MACD,21.66,17.18,12.7,59.41,73,80,1.08,7.52,,,,2026-02-03 23:35:23,
3437,榮創,15.6,38.15,43.72,K<D,48.98,0.37,0.36,0.01,DIF>MACD,16.48,15.55,14.62,66.77,1354,4290,0.43,22.77,,,,2026-02-03 23:35:25,
3443,創意,2769.4,55.8,53.79,K<D,66.21,119.08,125.1,-6.02,DIF<MACD,2797.76,2570.25,2342.74,70.98,4519,4133,1.48,3625.0,96.88,16.0,0.59,2026-02-03 23:35:26,
3447,展達,42.93,20.94,21.28,K<D,31.13,-1.37,-1.07,-0.29,DIF<MACD,49.71,46.55,43.39,0.0,230,528,0.1,33.3,23.12,0.8,1.86,2026-02-03 23:35:27,
3450,聯鈞,252.51,31.52,41.48,K<D,41.41,-1.66,-0.98,-0.68,DIF<MACD,263.69,254.25,244.81,23.77,4756,9406,0.34,364.2,45.79,0.5,0.2,2026-02-03 23:35:28,
3454,晶睿,97.05,35.81,34.27,K<D,46.73,0.64,0.89,-0.25,DIF<MACD,99.18,98.96,98.74,61.81,65,142,0.21,85.7,81.15,2.3,2.32,2026-02-03 23:35:30,
3481,群創,20.56,15.97,16.06,K<D,38.66,1.02,1.88,-0.86,DIF<MACD,28.54,23.55,18.57,21.02,309411,544972,1.06,1672.03,19.58,1.0,4.77,2026-02-03 23:35:31,
3494,誠研,8.76,8.63,30.14,K<D,52.73,0.16,0.25,-0.09,DIF<MACD,10.64,9.29,7.93,32.67,143,193,0.63,8.54,,,,2026-02-03 23:35:32,
3501,維熹,49.59,14.01,23.43,K<D,49.43,0.58,1.22,-0.64,DIF<MACD,59.77,52.75,45.73,36.63,199,361,0.78,59.84,11.17,4.0,7.91,2026-02-03 23:35:33,
3504,揚明光,53.28,11.72,30.1,K<D,57.59,0.74,1.14,-0.41,DIF<MACD,59.76,54.7,49.64,49.39,280,278,1.19,61.59,135.0,,,2026-02-03 23:35:34,
3515,華擎,217.7,31.32,24.91,K>D,37.13,-7.38,-7.12,-0.26,DIF<MACD,247.02,229.97,212.93,24.24,330,515,0.35,274.27,15.28,5.3,2.39,2026-02-03 23:35:36,
3518,柏騰,20.38,11.06,21.69,K<D,43.43,0.03,0.24,-0.2,DIF<MACD,23.22,21.79,20.36,11.45,115,265,0.17,20.96,,,,2026-02-03 23:35:37,
3528,安馳,66.55,43.84,54.75,K<D,43.63,0.11,0.23,-0.12,DIF<MACD,71.78,68.78,65.79,32.53,93,204,0.24,45.37,63.06,3.0,4.41,2026-02-03 23:35:38,
3530,晶相光,62.45,10.43,6.59,K<D,17.45,-1.56,0.1,-1.67,DIF<MACD,82.15,73.41,64.66,0.0,301,412,0.64,48.5,17.2,,,2026-02-03 23:35:39,
3532,台勝科,136.55,38.64,49.92,K<D,50.65,9.71,11.04,-1.33,DIF<MACD,159.59,134.93,110.26,54.3,5072,4768,0.79,539.11,76.8,1.8,1.29,2026-02-03 23:35:40,
3533,嘉澤,1591.93,74.22,61.65,黃金交叉,62.7,49.38,39.94,9.44,DIF>MACD,1559.25,1431.0,1302.75,100.0,3995,2042,1.48,1801.21,21.9,41.72,2.6,2026-02-03 23:35:41,
3535,晶彩科,95.42,22.72,31.0,K<D,50.54,2.08,3.22,-1.14,DIF<MACD,112.78,98.02,83.26,43.12,4918,6351,1.15,75.42,433.64,0.5,0.52,2026-02-03 23:35:42,
3543,州巧,43.19,7.75,23.07,K<D,47.92,0.1,0.67,-0.57,DIF<MACD,51.18,45.94,40.7,23.02,1502,2420,1.09,46.66,,0.48,1.12,2026-02-03 23:35:43,
3545,敦泰,51.92,26.78,43.12,K<D,49.97,0.47,0.78,-0.3,DIF<MACD,57.78,54.45,51.13,31.35,944,1176,0.64,116.26,22.63,1.74,3.26,2026-02-03 23:35:44,
3550,聯穎,16.8,44.13,54.81,K<D,56.56,0.56,0.51,0.05,DIF>MACD,17.09,15.73,14.36,84.78,2448,7571,0.16,17.75,,,,2026-02-03 23:35:46,
3557,嘉威,34.11,9.11,14.52,K<D,7.16,-0.52,-0.19,-0.34,DIF<MACD,38.55,36.19,33.83,0.0,63,82,0.28,28.54,41.79,2.5,7.39,2026-02-03 23:35:47,
3563,牧德,469.42,20.94,19.84,K<D,41.07,-5.72,-3.48,-2.24,DIF<MACD,516.59,492.35,468.11,26.98,742,647,1.33,307.97,32.78,5.55,1.15,2026-02-03 23:35:48,
3576,聯合再生,12.58,78.73,65.63,K>D,65.83,0.77,0.75,0.02,黃金交叉,12.23,10.58,8.93,100.0,45003,24887,2.14,200.09,9.46,,,2026-02-03 23:35:49,
3583,辛耘,328.59,22.74,30.0,K<D,37.56,-1.91,-0.19,-1.73,DIF<MACD,354.39,333.93,313.46,10.8,364,1145,0.1,257.47,25.7,4.5,1.4,2026-02-03 23:35:50,
3588,通嘉,50.83,31.48,43.15,K<D,49.95,1.11,1.47,-0.37,DIF<MACD,57.54,53.34,49.13,28.7,878,1132,0.44,32.37,96.67,1.2,2.3,2026-02-03 23:35:51,
3591,艾笛森,18.65,12.89,28.19,K<D,55.97,0.18,0.35,-0.17,DIF<MACD,21.63,19.56,17.49,41.77,220,507,0.72,26.76,378.0,0.74,3.92,2026-02-03 23:35:52,
3592,瑞鼎,234.23,38.87,47.01,K<D,53.1,2.15,2.85,-0.7,DIF<MACD,244.33,229.7,215.07,47.86,431,686,0.75,174.47,11.91,22.2,9.65,2026-02-03 23:35:53,
3593,力銘,12.89,57.96,40.24,K>D,49.65,-0.07,-0.12,0.04,DIF>MACD,13.23,12.41,11.6,71.18,22,24,0.48,7.72,,,,2026-02-03 23:35:54,
3596,智易,177.08,28.83,39.11,K<D,57.72,0.05,-0.33,0.39,DIF>MACD,184.93,177.47,170.02,60.81,1058,989,1.19,397.74,14.81,7.5,4.16,2026-02-03 23:35:56,
3605,宏致,63.77,41.09,48.47,K<D,58.74,0.94,0.79,0.15,DIF>MACD,68.14,63.61,59.07,68.1,2336,5067,0.27,105.37,15.31,0.72,1.11,2026-02-03 23:35:57,
3607,谷崧,14.14,22.74,28.52,K<D,36.31,0.03,0.17,-0.15,DIF<MACD,15.69,14.74,13.78,20.82,164,260,0.5,17.34,29.69,0.7,4.91,2026-02-03 23:35:58,
3617,碩天,194.82,38.2,34.58,黃金交叉,47.09,-3.59,-3.89,0.3,黃金交叉,200.37,191.97,183.58,59.11,369,359,1.3,183.62,10.45,15.0,7.69,2026-02-03 23:35:59,
3622,洋華,64.86,15.94,26.24,K<D,39.16,0.04,0.62,-0.59,DIF<MACD,71.04,66.74,62.43,25.1,441,657,0.98,97.46,11.5,3.0,4.66,2026-02-03 23:36:00,
3645,達邁,59.03,23.98,42.48,K<D,56.13,2.44,3.12,-0.68,DIF<MACD,75.27,61.64,48.01,36.92,4918,5014,0.88,81.37,53.12,1.19,2.0,2026-02-03 23:36:01,
3652,精聯,28.24,29.69,36.41,K<D,37.82,-0.09,-0.04,-0.05,DIF<MACD,29.24,28.7,28.16,10.94,39,36,1.52,21.25,21.12,0.6,2.12,2026-02-03 23:36:02,
3653,健策,3186.62,87.47,75.86,K>D,79.75,95.04,30.68,64.36,DIF>MACD,3081.71,2620.5,2159.29,97.91,2911,2118,1.28,4548.92,92.41,14.5,0.46,2026-02-03 23:36:04,
3661,世芯-KY,3227.71,21.8,25.14,黃金交叉,41.91,-39.69,-10.28,-29.41,DIF<MACD,3739.88,3411.25,3082.62,29.04,2350,2047,1.42,2689.7,45.97,36.74,1.11,2026-02-03 23:36:05,
3665,貿聯-KY,1389.06,41.58,42.55,黃金交叉,42.87,-29.34,-28.92,-0.41,DIF<MACD,1504.21,1395.0,1285.79,52.86,3539,3099,1.12,2748.94,34.66,10.51,0.75,2026-02-03 23:36:06,
3669,圓展,35.6,4.99,12.59,K<D,21.32,0.64,1.48,-0.84,DIF<MACD,42.25,38.79,35.32,0.0,50,111,0.86,32.66,70.3,1.7,4.84,2026-02-03 23:36:07,
3673,TPK-KY,39.11,12.48,16.87,K<D,20.5,-0.7,-0.12,-0.58,DIF<MACD,45.36,41.77,38.18,8.52,1184,2061,0.98,155.35,18.54,0.8,2.09,2026-02-03 23:36:08,
3679,新至陞,113.58,28.52,39.14,K<D,46.85,-0.09,-0.12,0.03,DIF>MACD,116.41,114.28,112.14,22.02,50,47,0.64,71.53,10.14,10.0,8.81,2026-02-03 23:36:09,
3686,達能,21.59,70.45,52.62,黃金交叉,67.47,0.39,0.24,0.15,DIF>MACD,20.74,19.21,17.68,100.0,5353,1366,4.36,16.48,,,,2026-02-03 23:36:10,
3694,海華,56.73,12.95,26.18,K<D,38.75,-0.53,-0.14,-0.39,DIF<MACD,65.58,61.0,56.42,10.76,814,2321,0.68,90.04,15.01,1.48,2.55,2026-02-03 23:36:12,
3701,大眾控,57.02,45.88,40.11,K>D,53.92,2.55,3.1,-0.55,DIF<MACD,59.72,54.56,49.4,71.75,13966,11314,1.52,135.29,56.63,0.2,0.35,2026-02-03 23:36:13,
3702,大聯大,64.13,53.55,51.71,K<D,36.19,0.66,0.65,0.01,DIF>MACD,65.93,64.06,62.2,56.82,4722,5979,0.49,1074.6,13.03,3.2,5.0,2026-02-03 23:36:14,
3703,欣陸,22.05,12.63,15.77,K<D,18.92,-0.04,0.11,-0.14,DIF<MACD,24.2,23.13,22.06,9.13,702,871,1.12,184.4,29.47,1.05,4.69,2026-02-03 23:36:15,
3704,合勤控,36.04,31.52,55.74,K<D,65.55,1.0,1.0,0.0,DIF>MACD,40.99,35.64,30.29,67.82,3452,4701,1.08,147.86,15.36,0.3,0.82,2026-02-03 23:36:16,
3705,永信,54.89,16.4,20.16,K<D,25.32,-0.26,-0.05,-0.21,DIF<MACD,58.04,56.78,55.53,0.0,396,671,0.38,147.3,15.28,3.0,5.42,2026-02-03 23:36:17,
3706,神達,76.14,10.44,10.82,黃金交叉,24.07,-2.23,-1.62,-0.62,DIF<MACD,92.0,83.84,75.68,21.53,9523,11730,1.26,1040.53,17.66,1.0,1.28,2026-02-03 23:36:19,
3708,上緯投控,111.3,22.32,32.39,K<D,47.3,0.77,2.06,-1.29,DIF<MACD,129.01,118.1,107.19,25.23,829,1231,0.22,118.51,70.75,2.35,2.09,2026-02-03 23:36:20,
3711,日月光投控,296.77,46.51,52.43,K<D,53.37,12.51,14.73,-2.22,DIF<MACD,320.46,295.73,270.99,70.39,20280,19542,0.69,13176.87,39.02,5.3,1.75,2026-02-03 23:36:21,
3712,永崴投控,25.14,12.76,24.39,K<D,43.98,0.01,0.13,-0.12,DIF<MACD,28.4,26.23,24.05,32.08,294,643,0.5,62.55,,3.0,11.81,2026-02-03 23:36:22,
3714,富采,35.28,30.36,39.33,K<D,54.6,0.51,0.62,-0.1,DIF<MACD,37.67,35.79,33.9,59.09,3247,4145,0.86,265.47,,0.9,2.49,2026-02-03 23:36:23,
3715,定穎投控,146.86,48.14,49.51,K<D,64.0,5.66,6.02,-0.35,DIF<MACD,155.55,138.1,120.65,59.41,18282,27922,0.8,406.93,47.67,1.5,1.05,2026-02-03 23:36:24,
3716,中化控股,33.89,38.51,51.42,K<D,48.62,0.06,0.06,-0.01,DIF<MACD,34.22,33.81,33.39,30.32,57,72,0.32,49.39,12.91,1.02,3.03,2026-02-03 23:36:25,
3717,聯嘉投控,17.18,5.19,28.13,K<D,41.75,0.05,0.28,-0.23,DIF<MACD,20.19,18.15,16.11,30.13,569,591,1.42,35.33,,0.3,1.76,2026-02-03 23:36:26,
4104,佳醫,77.73,32.99,40.95,K<D,17.9,-0.69,-0.56,-0.12,DIF<MACD,80.51,78.93,77.35,0.0,1265,413,2.6,143.91,16.61,3.56,4.66,2026-02-03 23:36:27,
4106,雃博,23.05,32.91,53.11,K<D,55.7,0.26,0.29,-0.03,DIF<MACD,23.84,22.89,21.94,55.74,45,155,0.1,23.26,16.82,0.8,3.47,2026-02-03 23:36:28,
4108,懷特,13.51,30.11,44.45,K<D,45.41,0.08,0.09,-0.01,DIF<MACD,14.72,14.01,13.29,44.3,131,362,0.1,27.51,,,,2026-02-03 23:36:29,
4119,旭富,51.21,32.04,42.33,K<D,43.02,0.63,0.91,-0.28,DIF<MACD,55.37,52.34,49.3,26.38,107,124,0.93,61.07,53.23,1.5,2.94,2026-02-03 23:36:31,
4133,亞諾法,25.63,51.69,69.49,K<D,63.78,0.96,0.76,0.2,DIF>MACD,28.17,24.59,21.01,71.74,553,1648,0.77,15.44,637.5,0.9,3.53,2026-02-03 23:36:32,
4137,麗豐-KY,104.52,20.35,34.08,K<D,40.75,0.73,1.19,-0.46,DIF<MACD,107.7,104.7,101.7,26.46,80,109,0.9,84.97,18.04,10.0,9.71,2026-02-03 23:36:33,
4142,國光生,18.52,5.11,21.37,K<D,26.62,-0.13,0.03,-0.16,DIF<MACD,21.03,19.81,18.58,2.55,2916,4636,0.95,78.4,5.5,,,2026-02-03 23:36:35,
4148,全宇生技-KY,37.44,23.56,23.1,黃金交叉,35.39,-0.24,-0.18,-0.06,DIF<MACD,39.52,38.46,37.4,50.12,1,19,0.1,25.75,18.68,0.5,1.31,2026-02-03 23:36:36,
4155,訊映,14.21,17.96,34.63,K<D,32.09,-0.05,-0.02,-0.02,DIF<MACD,14.95,14.65,14.35,0.0,85,161,0.57,20.74,30.64,0.3,2.08,2026-02-03 23:36:37,
4164,承業醫,33.18,18.98,26.79,K<D,17.21,-0.97,-0.88,-0.1,DIF<MACD,37.29,35.31,33.33,0.0,691,877,0.75,65.33,37.17,1.36,4.07,2026-02-03 23:36:38,
4190,佐登-KY,29.56,6.96,17.43,K<D,41.18,-0.17,-0.14,-0.03,DIF<MACD,30.12,29.71,29.3,0.0,22,29,0.78,17.49,21.7,0.5,1.71,2026-02-03 23:36:40,
4306,炎洲,13.41,9.46,12.33,K<D,31.72,-0.15,-0.06,-0.09,DIF<MACD,14.54,13.94,13.34,0.0,579,837,0.26,87.84,60.68,1.0,7.49,2026-02-03 23:36:41,
4414,如興,10.01,18.78,14.59,K<D,17.79,-0.23,-0.15,-0.08,DIF<MACD,11.4,10.71,10.02,10.38,265,414,0.82,26.64,4.93,,,2026-02-03 23:36:42,
4426,利勤,9.67,31.3,41.24,K<D,53.24,0.0,-0.02,0.02,DIF>MACD,9.98,9.4,8.82,58.28,63,133,0.48,16.23,,,,2026-02-03 23:36:43,
4438,廣越,67.63,12.29,10.37,K<D,15.97,-2.23,-2.01,-0.23,DIF<MACD,75.74,71.26,66.78,3.18,48,77,0.89,75.72,27.21,3.2,4.76,2026-02-03 23:36:44,
4439,冠星-KY,100.88,40.69,38.63,K>D,34.16,-0.09,-0.01,-0.08,DIF<MACD,105.14,102.33,99.51,49.94,36,22,1.61,38.99,19.34,2.0,1.95,2026-02-03 23:36:45,
4440,宜新實業,16.69,19.28,34.51,K<D,36.05,-0.11,-0.09,-0.01,DIF<MACD,17.73,17.39,17.04,18.33,54,70,0.42,11.56,18.79,1.6,9.36,2026-02-03 23:36:47,
4441,振大環球,247.73,23.4,30.11,K<D,43.66,1.24,3.07,-1.83,DIF<MACD,284.07,259.9,235.73,34.6,55,53,1.2,172.09,19.36,9.15,3.62,2026-02-03 23:36:48,
4526,東台,31.32,16.52,33.47,K<D,38.44,0.52,1.08,-0.56,DIF<MACD,39.06,34.57,30.08,18.98,3511,2789,0.93,80.08,55.79,,,2026-02-03 23:36:49,
4532,瑞智,25.08,34.6,55.68,K<D,67.29,0.35,0.39,-0.03,DIF<MACD,26.47,25.23,23.99,61.83,670,1041,1.01,124.16,12.49,1.5,5.86,2026-02-03 23:36:50,
4536,拓凱,155.03,24.58,26.43,K<D,26.13,-1.32,-0.38,-0.94,DIF<MACD,170.98,163.53,156.07,21.09,124,334,0.48,143.5,8.45,11.0,6.96,2026-02-03 23:36:51,
4540,全球傳動,46.15,38.27,62.65,K<D,68.67,3.14,3.16,-0.02,DIF<MACD,55.2,43.67,32.14,64.78,1634,4317,0.1,53.85,,,,2026-02-03 23:36:52,
4545,銘鈺,33.48,5.66,13.85,K<D,30.15,-0.53,-0.05,-0.48,DIF<MACD,40.5,37.41,34.33,2.34,201,993,0.66,26.3,341.5,1.65,4.83,2026-02-03 23:36:53,
4551,智伸科,125.42,34.78,38.03,黃金交叉,48.52,0.32,0.71,-0.4,DIF<MACD,127.36,120.15,112.94,72.54,384,494,0.8,141.15,17.06,4.2,3.43,2026-02-03 23:36:54,
4552,力達-KY,22.71,14.25,28.02,K<D,45.86,-0.01,0.12,-0.13,DIF<MACD,24.7,23.94,23.17,5.14,122,100,0.79,27.03,11.77,1.0,4.29,2026-02-03 23:36:55,
4555,氣立,38.41,21.71,27.89,K<D,38.69,-0.08,0.11,-0.19,DIF<MACD,41.78,39.92,38.06,6.57,118,149,0.93,26.65,109.57,0.5,1.3,2026-02-03 23:36:57,
4557,永新-KY,67.63,8.51,8.27,K<D,15.13,-2.14,-1.2,-0.94,DIF<MACD,82.2,74.67,67.15,12.57,119,114,0.79,32.62,234.48,6.5,9.56,2026-02-03 23:36:58,
4560,強信-KY,32.98,36.15,31.72,黃金交叉,36.68,-0.14,-0.06,-0.08,DIF<MACD,33.35,32.49,31.64,21.17,402,271,1.78,21.83,11.21,1.2,3.74,2026-02-03 23:36:59,
4562,穎漢,36.87,10.7,27.07,K<D,46.08,0.5,0.89,-0.39,DIF<MACD,43.27,39.49,35.7,32.88,232,722,0.64,33.05,,,,2026-02-03 23:37:00,
4564,元翎,17.34,52.84,39.67,K>D,50.57,-0.05,-0.05,-0.0,DIF<MACD,17.79,17.08,16.37,84.72,1502,1236,1.69,40.62,,,,2026-02-03 23:37:01,
4566,時碩工業,58.5,22.37,39.17,K<D,34.11,0.34,0.92,-0.58,DIF<MACD,63.31,59.0,54.68,28.16,255,524,0.49,62.56,118.54,1.5,2.64,2026-02-03 23:37:03,
4569,六方科-KY,144.6,7.63,8.93,黃金交叉,28.59,-1.99,-0.99,-1.0,DIF<MACD,156.1,148.55,141.0,8.13,16,20,0.74,43.01,31.51,5.71,4.04,2026-02-03 23:37:04,
4571,鈞興-KY,185.97,50.06,61.4,K<D,60.06,5.67,4.68,0.99,DIF>MACD,195.83,175.18,154.52,73.8,636,2438,0.51,94.75,18.8,5.18,2.84,2026-02-03 23:37:05,
4572,駐龍,144.37,29.01,23.0,黃金交叉,37.91,-1.53,-1.03,-0.5,DIF<MACD,153.73,149.3,144.87,25.3,35,81,0.1,58.6,40.81,4.74,3.24,2026-02-03 23:37:06,
4576,大銀微系統,109.79,21.07,41.7,K<D,41.91,2.1,3.59,-1.5,DIF<MACD,132.72,117.8,102.88,28.5,577,2048,0.33,134.18,72.73,0.2,0.18,2026-02-03 23:37:07,
4581,光隆精密-KY,51.21,19.15,18.88,K<D,45.32,-0.21,-0.09,-0.12,DIF<MACD,53.0,51.69,50.39,3.03,10,25,0.45,17.19,11.29,3.2,6.31,2026-02-03 23:37:08,
4583,台灣精銳,749.83,32.39,49.25,K<D,55.99,27.16,31.13,-3.97,DIF<MACD,829.76,743.8,657.84,40.64,430,560,0.36,586.05,65.33,12.0,1.64,2026-02-03 23:37:09,
4585,達明,363.23,44.28,54.62,K<D,56.71,9.62,7.67,1.95,DIF>MACD,393.14,351.82,310.51,65.78,555,1649,0.26,372.14,294.31,,,2026-02-03 23:37:11,
4588,玖鼎電力,67.79,15.56,33.02,K<D,52.84,1.32,1.56,-0.24,DIF<MACD,74.23,66.32,58.41,56.51,182,123,1.83,29.01,20.33,3.0,4.44,2026-02-03 23:37:12,
4590,富田-創,80.33,26.94,31.95,K<D,26.42,-0.86,0.74,-1.6,DIF<MACD,99.17,91.41,83.66,0.0,232,626,0.73,44.64,125.23,3.0,3.69,2026-02-03 23:37:13,
4720,德淵,16.41,19.39,15.79,黃金交叉,17.55,0.05,0.32,-0.26,DIF<MACD,18.77,17.19,15.61,14.34,750,739,0.62,18.49,19.7,1.0,6.19,2026-02-03 23:37:14,
4722,國精化,153.56,18.44,14.79,K<D,43.76,-3.92,-2.37,-1.55,DIF<MACD,176.02,164.5,152.98,17.99,1018,1303,0.37,159.4,89.94,1.4,0.89,2026-02-03 23:37:15,
4736,泰博,130.11,62.46,69.71,K<D,63.1,2.69,2.44,0.26,DIF>MACD,137.8,128.72,119.65,59.03,196,271,0.48,125.42,8.69,10.0,7.6,2026-02-03 23:37:16,
4737,華廣,52.17,31.07,46.28,K<D,41.77,-1.17,-1.05,-0.12,DIF<MACD,56.65,54.39,52.13,10.99,125,261,0.85,35.6,16.79,,,2026-02-03 23:37:17,
4739,康普,66.93,12.94,24.35,K<D,38.9,-0.15,1.03,-1.18,DIF<MACD,79.93,72.32,64.7,15.31,1087,1266,0.49,83.39,96.96,0.94,1.41,2026-02-03 23:37:19,
4746,台耀,55.33,21.42,29.04,K<D,41.95,-0.71,-0.5,-0.21,DIF<MACD,61.77,59.16,56.56,0.0,1125,1105,1.24,67.58,28.24,3.0,5.34,2026-02-03 23:37:20,
4755,三福化,122.6,39.85,41.97,K<D,50.21,4.2,4.55,-0.35,DIF<MACD,133.32,121.58,109.83,62.54,201,304,0.26,126.39,37.69,3.5,2.79,2026-02-03 23:37:21,
4763,材料*-KY,50.43,22.81,14.05,K>D,27.02,-0.84,-0.8,-0.04,DIF<MACD,53.19,51.09,48.98,31.57,6617,6926,1.08,495.56,6.57,5.41,10.8,2026-02-03 23:37:22,
4764,雙鍵,110.09,20.54,25.64,K<D,44.28,1.9,4.63,-2.72,DIF<MACD,134.94,122.38,109.81,6.35,973,2150,0.31,95.38,126.7,,,2026-02-03 23:37:23,
4766,南寶,305.48,10.89,22.11,K<D,25.7,-3.36,-1.8,-1.57,DIF<MACD,330.58,318.75,306.92,0.0,242,400,0.9,366.53,14.53,19.0,6.25,2026-02-03 23:37:24,
4770,上品,233.06,36.96,46.53,K<D,55.43,2.11,2.29,-0.18,DIF<MACD,259.9,240.85,221.8,51.85,797,687,0.89,190.34,17.53,12.0,5.04,2026-02-03 23:37:26,
4771,望隼,175.3,38.16,39.5,K<D,37.24,-0.09,0.13,-0.22,DIF<MACD,180.7,176.95,173.2,35.0,44,45,1.11,102.72,14.66,5.52,3.15,2026-02-03 23:37:27,
4807,日成-KY,17.88,17.13,20.78,K<D,41.01,-0.04,-0.01,-0.02,DIF<MACD,18.39,18.03,17.66,34.84,5,14,0.15,6.85,446.25,,,2026-02-03 23:37:28,
4904,遠傳,88.26,51.8,43.62,K>D,62.1,0.21,0.2,0.01,黃金交叉,91.27,89.74,88.2,80.04,7672,6363,1.42,3271.57,23.93,3.56,3.93,2026-02-03 23:37:29,
4906,正文,28.42,51.71,58.41,K<D,50.29,0.29,0.24,0.06,DIF>MACD,29.2,27.84,26.48,81.0,6890,4928,1.77,122.76,15.94,1.5,5.23,2026-02-03 23:37:30,
4912,聯德控股-KY,86.56,18.7,26.35,K<D,50.51,0.13,1.53,-1.4,DIF<MACD,104.91,94.31,83.71,30.56,450,620,0.36,59.38,21.53,1.21,1.37,2026-02-03 23:37:32,
4915,致伸,76.35,40.32,42.38,K<D,43.32,-0.15,-0.04,-0.12,DIF<MACD,81.17,79.18,77.2,30.8,1998,2444,1.19,369.4,13.71,4.2,5.36,2026-02-03 23:37:33,
4916,事欣科,66.4,31.75,39.63,K<D,52.52,2.21,2.62,-0.41,DIF<MACD,69.76,63.23,56.7,63.85,9655,11578,0.92,79.41,39.33,0.38,0.59,2026-02-03 23:37:34,
4919,新唐,59.06,40.45,50.13,K<D,51.67,2.08,2.0,0.07,DIF>MACD,64.57,58.13,51.69,57.24,2889,10275,0.1,250.6,20.38,0.4,0.67,2026-02-03 23:37:35,
4927,泰鼎-KY,32.54,13.93,13.43,黃金交叉,25.49,-0.06,0.94,-1.0,DIF<MACD,40.92,35.88,30.83,10.03,4495,6007,0.68,84.65,3.99,,,2026-02-03 23:37:36,
4930,燦星網,21.38,15.16,20.54,黃金交叉,14.25,-0.1,-0.02,-0.08,DIF<MACD,22.74,22.1,21.46,11.27,89,63,1.07,17.36,17.64,1.6,7.37,2026-02-03 23:37:37,
4934,太極,16.28,32.18,44.77,K<D,50.36,0.45,0.55,-0.09,DIF<MACD,17.48,15.43,13.38,60.42,3243,2148,1.71,36.23,,,,2026-02-03 23:37:39,
4935,茂林-KY,39.61,13.97,22.29,K<D,27.84,-0.34,-0.19,-0.15,DIF<MACD,41.53,40.42,39.31,0.0,163,117,1.65,50.26,18.66,2.2,5.64,2026-02-03 23:37:40,
4938,和碩,69.7,39.79,48.84,K<D,31.77,-0.07,-0.02,-0.05,DIF<MACD,71.74,70.19,68.64,11.99,7407,6757,0.71,1858.77,14.5,4.5,6.49,2026-02-03 23:37:41,
4942,嘉彰,37.04,17.44,19.62,K<D,16.14,-0.47,-0.31,-0.15,DIF<MACD,40.05,38.43,36.81,18.45,85,137,0.63,52.82,12.49,2.0,5.39,2026-02-03 23:37:42,
4943,康控-KY,11.49,25.98,29.76,K<D,46.43,-0.31,-0.32,0.01,DIF>MACD,12.7,12.12,11.53,0.0,15,16,1.24,14.63,0.95,,,2026-02-03 23:37:43,
4949,有成精密,45.98,60.34,64.26,K<D,63.95,2.38,2.04,0.34,DIF>MACD,51.07,42.73,34.38,75.27,1857,2124,1.31,31.17,23.32,1.1,2.37,2026-02-03 23:37:44,
4952,凌通,39.9,43.21,58.69,K<D,60.04,1.02,0.9,0.12,DIF>MACD,41.65,38.18,34.7,67.18,144,1162,0.13,42.33,36.7,2.25,5.78,2026-02-03 23:37:46,
4956,光鋐,24.63,71.19,60.66,K>D,67.13,0.55,0.28,0.27,DIF>MACD,23.33,21.3,19.28,100.0,7552,7208,1.5,24.25,14.12,,,2026-02-03 23:37:47,
4958,臻鼎-KY,186.05,65.06,60.53,K>D,59.11,8.97,7.31,1.66,DIF>MACD,192.86,167.1,141.34,70.06,57962,50023,1.2,1882.76,22.51,4.8,2.65,2026-02-03 23:37:48,
4960,誠美材,12.95,14.51,14.06,K<D,27.19,-0.06,0.03,-0.09,DIF<MACD,14.35,13.75,13.15,12.96,725,988,0.62,74.96,,,,2026-02-03 23:37:49,
4961,天鈺,147.52,22.88,35.04,K<D,48.37,0.72,1.84,-1.12,DIF<MACD,157.21,150.12,143.04,19.41,413,641,0.99,176.42,12.32,12.87,8.85,2026-02-03 23:37:50,
4967,十銓,227.33,58.09,63.98,K<D,58.38,17.95,18.15,-0.21,DIF<MACD,257.62,216.28,174.93,60.93,17955,20569,0.86,188.19,80.55,3.0,1.35,2026-02-03 23:37:51,
4968,立積,116.23,17.89,26.69,K<D,43.86,-2.66,-2.17,-0.48,DIF<MACD,130.57,123.62,116.68,18.49,898,1276,0.67,109.27,55.12,1.1,0.93,2026-02-03 23:37:52,
4976,佳凌,29.17,18.32,29.92,K<D,44.27,0.04,0.25,-0.22,DIF<MACD,33.73,31.22,28.71,34.21,729,1129,0.64,42.04,19.83,,,2026-02-03 23:37:53,
4977,眾達-KY,134.92,52.04,51.82,K<D,66.12,0.65,-0.48,1.13,DIF>MACD,138.0,126.12,114.25,80.47,6707,11974,0.91,104.76,24.14,2.25,1.69,2026-02-03 23:37:55,
4989,榮科,51.03,19.44,24.64,K<D,32.89,1.27,3.02,-1.75,DIF<MACD,69.59,57.66,45.73,18.03,11732,17073,1.02,69.99,,,,2026-02-03 23:37:56,
4994,傳奇,105.11,47.35,49.88,K<D,45.48,1.41,1.73,-0.32,DIF<MACD,106.6,103.03,99.45,52.67,16,17,0.85,68.37,37.05,9.0,8.74,2026-02-03 23:37:57,
4999,鑫禾,23.09,32.2,40.07,K<D,42.03,0.03,0.08,-0.05,DIF<MACD,24.45,23.78,23.11,27.97,31,64,0.32,17.37,17.61,1.0,4.24,2026-02-03 23:37:58,
5007,三星,60.45,56.44,65.78,K<D,72.99,1.06,0.73,0.33,DIF>MACD,60.13,56.72,53.31,97.25,300,325,0.91,175.19,21.84,3.0,5.05,2026-02-03 23:37:59,
5203,訊連,83.87,26.24,27.73,黃金交叉,27.45,-1.53,-1.49,-0.05,DIF<MACD,90.07,86.87,83.67,19.39,255,344,0.81,67.62,23.66,3.9,4.57,2026-02-03 23:38:00,
5215,科嘉-KY,36.74,50.31,61.23,K<D,59.6,0.58,0.57,0.01,DIF>MACD,39.62,37.13,34.65,53.96,38,50,0.51,24.13,16.38,2.5,6.67,2026-02-03 23:38:01,
5222,全訊,134.73,19.85,34.27,K<D,49.03,1.62,2.79,-1.16,DIF<MACD,153.95,139.62,125.3,48.91,1215,842,1.73,125.05,48.25,3.64,2.65,2026-02-03 23:38:03,
5225,東科-KY,98.02,3.04,19.5,K<D,21.96,-0.95,0.25,-1.21,DIF<MACD,111.63,103.33,95.02,9.05,508,763,0.66,75.13,8.21,10.39,10.8,2026-02-03 23:38:04,
5234,達興材料,345.39,30.91,23.52,K>D,30.56,-4.44,-2.54,-1.9,DIF<MACD,377.49,347.9,318.31,37.87,939,812,0.99,351.29,48.51,5.0,1.46,2026-02-03 23:38:05,
5243,乙盛-KY,85.72,40.2,45.12,K<D,50.33,1.18,1.21,-0.03,DIF<MACD,89.45,83.54,77.64,66.87,2732,3835,0.32,144.26,19.72,1.5,1.75,2026-02-03 23:38:06,
5244,弘凱,37.33,22.43,26.33,K<D,41.5,-0.47,-0.33,-0.14,DIF<MACD,40.34,38.86,37.37,16.39,145,257,0.31,25.69,28.74,1.5,3.98,2026-02-03 23:38:07,
5258,虹堡,57.06,4.52,7.4,K<D,9.36,-2.73,-2.22,-0.51,DIF<MACD,66.98,61.52,56.07,0.0,314,558,1.01,61.15,17.01,2.52,4.52,2026-02-03 23:38:08,
5269,祥碩,1306.51,38.45,49.88,K<D,43.72,16.96,21.81,-4.85,DIF<MACD,1423.4,1318.25,1213.1,55.89,944,926,0.83,983.32,20.27,30.0,2.28,2026-02-03 23:38:09,
5283,禾聯碩,60.63,32.33,55.92,K<D,38.22,-0.2,-0.2,-0.0,DIF<MACD,61.58,60.19,58.79,17.26,53,71,0.41,52.12,11.76,0.5,0.84,2026-02-03 23:38:11,
5284,jpp-KY,272.5,56.42,55.25,黃金交叉,48.3,-3.55,-4.4,0.85,DIF>MACD,279.42,270.85,262.28,71.04,1152,863,1.3,143.85,25.54,1.48,0.54,2026-02-03 23:38:12,
5285,界霖,53.4,42.59,54.93,K<D,64.24,1.08,1.06,0.02,DIF>MACD,57.41,52.81,48.22,67.65,270,490,0.36,54.9,29.24,2.0,3.72,2026-02-03 23:38:13,
5288,豐祥-KY,139.69,14.95,22.32,K<D,36.33,0.02,2.28,-2.26,DIF<MACD,162.18,149.53,136.87,6.04,91,213,0.1,97.65,9.57,8.51,6.08,2026-02-03 23:38:14,
5292,華懋,188.72,15.73,32.26,K<D,46.17,7.93,11.24,-3.31,DIF<MACD,225.36,195.38,165.39,41.31,91,189,0.3,80.43,19.69,4.09,2.14,2026-02-03 23:38:16,
5306,桂盟,93.57,18.73,27.6,K<D,48.04,0.57,0.98,-0.41,DIF<MACD,96.86,92.27,87.68,42.51,119,100,1.23,116.17,12.49,4.14,4.49,2026-02-03 23:38:17,
5388,中磊,84.01,50.68,54.38,K<D,63.83,0.96,0.55,0.4,DIF>MACD,86.24,81.35,76.45,81.23,5799,7248,0.85,251.44,17.76,4.6,5.48,2026-02-03 23:38:18,
5434,崇越,323.71,50.11,52.04,K<D,48.64,5.88,6.46,-0.57,DIF<MACD,344.89,322.25,299.61,65.61,540,539,0.86,629.52,16.53,11.99,3.64,2026-02-03 23:38:19,
5469,瀚宇博,101.07,27.78,35.57,K<D,54.21,0.91,1.47,-0.56,DIF<MACD,107.45,99.16,90.88,49.91,5947,8314,0.67,475.05,15.16,2.52,2.55,2026-02-03 23:38:20,
5471,松翰,35.55,37.24,58.38,K<D,57.95,0.89,0.82,0.07,DIF>MACD,39.08,35.04,31.0,53.33,389,2127,0.65,60.1,50.42,1.0,2.79,2026-02-03 23:38:21,
5484,慧友,39.1,17.28,42.7,K<D,43.26,0.59,0.99,-0.4,DIF<MACD,45.38,41.1,36.81,19.73,284,524,0.42,26.05,56.52,,,2026-02-03 23:38:22,
5515,建國,32.73,15.34,9.74,K<D,17.34,-0.71,-0.34,-0.37,DIF<MACD,39.52,34.52,29.53,15.03,249,450,0.31,64.41,8.36,2.15,6.73,2026-02-03 23:38:24,
5519,隆大,30.48,5.32,5.34,K<D,17.74,-0.46,-0.25,-0.21,DIF<MACD,33.49,31.86,30.23,0.0,370,298,0.98,66.31,4.82,3.0,9.92,2026-02-03 23:38:25,
5521,工信,21.4,15.57,10.91,K<D,18.64,-0.06,0.53,-0.6,DIF<MACD,27.79,23.76,19.74,27.99,3927,3873,0.97,107.81,57.63,,,2026-02-03 23:38:26,
5522,遠雄,68.77,43.36,36.35,K>D,33.32,-0.91,-0.44,-0.47,DIF<MACD,75.2,69.2,63.2,38.86,349,951,0.63,523.67,25.57,3.1,4.63,2026-02-03 23:38:27,
5525,順天,25.49,12.66,15.38,K<D,7.26,-0.68,-0.6,-0.08,DIF<MACD,28.32,26.51,24.69,20.14,69,74,0.64,77.92,42.88,0.75,2.96,2026-02-03 23:38:28,
5531,鄉林,8.91,46.15,48.35,K<D,45.46,-0.03,-0.02,-0.0,DIF<MACD,9.08,9.01,8.93,43.91,422,345,1.43,87.98,36.0,,,2026-02-03 23:38:30,
5533,皇鼎,13.89,49.66,64.88,K<D,49.13,-0.03,-0.03,0.0,DIF>MACD,14.37,14.26,14.15,32.66,65,88,0.26,40.5,18.93,1.0,7.04,2026-02-03 23:38:31,
5534,長虹,79.07,17.87,17.75,K>D,24.03,-1.28,-0.77,-0.51,DIF<MACD,86.57,80.92,75.27,25.88,370,617,0.52,225.58,10.56,5.5,7.08,2026-02-03 23:38:32,
5538,東明-KY,31.22,14.21,18.36,K<D,25.8,0.16,0.45,-0.29,DIF<MACD,33.79,32.42,31.05,6.8,18,42,0.7,62.37,11.44,1.5,4.84,2026-02-03 23:38:33,
5546,永固-KY,22.5,48.86,41.11,K>D,28.84,-0.1,-0.06,-0.04,DIF<MACD,23.51,22.57,21.63,44.35,14,14,0.79,18.49,,2.0,8.91,2026-02-03 23:38:34,
5607,遠雄港,47.75,22.31,17.55,黃金交叉,20.21,-0.6,-0.35,-0.25,DIF<MACD,50.52,48.12,45.73,14.38,219,342,0.7,172.86,18.15,1.1,2.36,2026-02-03 23:38:35,
5608,四維航,18.21,22.36,33.67,K<D,51.68,-0.0,-0.0,-0.0,DIF<MACD,18.11,17.83,17.55,53.36,1676,4049,0.11,69.68,1.62,,,2026-02-03 23:38:37,
5706,鳳凰,49.64,60.58,50.31,K>D,53.37,0.01,-0.13,0.14,DIF>MACD,51.1,50.21,49.31,82.02,188,335,0.8,43.05,15.18,2.75,5.42,2026-02-03 23:38:38,
5871,中租-KY,103.32,32.6,34.71,K<D,43.29,-0.18,-0.01,-0.17,DIF<MACD,106.76,104.75,102.74,36.23,4713,6664,0.26,1788.44,9.61,6.1,5.84,2026-02-03 23:38:39,
5876,上海商銀,38.9,37.14,42.71,K<D,49.36,-0.19,-0.17,-0.02,DIF<MACD,40.55,39.71,38.86,33.76,3657,5176,1.06,1915.83,12.5,1.8,4.56,2026-02-03 23:38:40,
5880,合庫金,23.84,24.81,14.72,黃金交叉,30.59,-0.18,-0.14,-0.04,DIF<MACD,24.23,23.83,23.42,10.85,12515,19814,0.33,3685.02,18.95,0.7,2.98,2026-02-03 23:38:42,
5906,台南-KY,50.06,60.62,64.49,K<D,53.59,0.08,0.06,0.02,DIF>MACD,52.32,51.38,50.44,57.69,2,74,0.4,18.41,44.78,0.8,1.55,2026-02-03 23:38:43,
5907,大洋-KY,5.81,25.26,37.3,K<D,56.39,0.08,0.08,0.0,DIF>MACD,6.26,5.79,5.33,51.61,427,602,0.56,11.11,,,,2026-02-03 23:38:44,
6005,群益證,29.15,47.85,59.12,K<D,55.71,1.07,1.05,0.01,DIF>MACD,30.58,28.1,25.61,55.53,7610,10524,0.94,623.05,12.26,1.5,5.23,2026-02-03 23:38:46,
6024,群益期,52.15,34.5,48.19,K<D,41.36,0.04,0.18,-0.14,DIF<MACD,52.52,51.7,50.88,4.69,252,287,0.7,127.47,10.12,2.83,5.55,2026-02-03 23:38:47,
6108,競國,14.31,35.96,49.9,K<D,39.8,0.14,0.23,-0.09,DIF<MACD,15.79,14.98,14.17,19.84,129,219,1.0,22.32,4.87,1.0,6.92,2026-02-03 23:38:48,
6112,邁達特,44.39,9.1,21.29,K<D,28.38,-0.68,-0.2,-0.47,DIF<MACD,49.86,46.94,44.02,1.3,334,558,0.23,82.03,77.77,0.6,1.38,2026-02-03 23:38:50,
6115,鎰勝,45.07,9.35,19.1,K<D,28.22,-0.15,-0.02,-0.13,DIF<MACD,47.83,47.02,46.22,0.25,181,148,0.9,86.61,15.13,3.2,6.93,2026-02-03 23:38:51,
6116,彩晶,8.44,10.16,3.7,K<D,30.45,-0.06,0.22,-0.28,DIF<MACD,11.57,9.63,7.7,23.25,19596,25924,0.75,236.41,30.63,,,2026-02-03 23:38:52,
6117,迎廣,74.89,20.48,28.04,K<D,36.27,-1.17,-0.64,-0.53,DIF<MACD,83.9,79.37,74.85,24.64,508,517,0.56,71.41,23.86,2.17,2.83,2026-02-03 23:38:53,
6120,達運,12.77,16.97,26.24,K<D,41.67,0.1,0.21,-0.11,DIF<MACD,13.97,13.19,12.4,30.33,2647,5256,0.2,69.27,51.4,0.28,2.18,2026-02-03 23:38:54,
6128,上福,24.22,59.78,69.5,K<D,68.46,0.37,0.25,0.12,DIF>MACD,25.08,23.25,21.42,58.94,43,101,0.87,30.37,,2.5,10.5,2026-02-03 23:38:56,
6133,金橋,23.2,44.55,56.28,K<D,53.01,1.26,1.32,-0.06,DIF<MACD,28.29,23.34,18.4,56.93,4546,12777,0.84,27.73,43.09,0.3,1.27,2026-02-03 23:38:57,
6136,富爾特,23.41,20.52,16.62,黃金交叉,35.79,-0.06,0.0,-0.06,DIF<MACD,24.53,24.09,23.65,19.27,70,145,0.36,27.5,23.56,1.15,4.83,2026-02-03 23:38:58,
6139,亞翔,567.47,41.39,31.77,K>D,34.25,3.09,7.27,-4.18,DIF<MACD,624.62,579.55,534.48,30.35,3218,6988,0.88,1308.2,24.86,13.89,2.48,2026-02-03 23:38:59,
6141,柏承,11.09,15.07,33.26,K<D,38.92,0.01,0.12,-0.11,DIF<MACD,12.37,11.6,10.83,7.8,175,237,0.78,12.41,4.29,,,2026-02-03 23:39:00,
6142,友勁,9.73,10.99,34.63,K<D,46.44,0.13,0.19,-0.06,DIF<MACD,10.82,9.83,8.84,41.37,435,505,0.63,31.92,,,,2026-02-03 23:39:02,
6152,百一,13.35,19.79,30.97,K<D,61.39,0.67,0.87,-0.2,DIF<MACD,15.75,12.91,10.06,51.89,2001,1792,1.32,22.14,,,,2026-02-03 23:39:03,
6153,嘉聯益,16.19,20.83,32.72,K<D,50.43,0.24,0.3,-0.06,DIF<MACD,17.64,16.14,14.64,50.69,3101,4895,0.79,102.74,4.35,,,2026-02-03 23:39:04,
6155,鈞寶,48.76,12.97,27.59,K<D,40.65,1.85,3.26,-1.41,DIF<MACD,64.81,54.6,44.4,18.95,2396,2803,1.34,43.57,99.0,1.0,2.02,2026-02-03 23:39:05,
6164,華興,11.99,23.58,43.99,K<D,47.36,0.14,0.27,-0.13,DIF<MACD,13.08,12.47,11.87,25.4,413,511,0.58,9.68,100.83,0.5,4.13,2026-02-03 23:39:06,
6165,浪凡,41.3,16.51,10.3,黃金交叉,18.59,-1.44,-1.25,-0.19,DIF<MACD,48.63,44.67,40.7,11.32,206,336,0.78,31.4,13.45,0.59,1.4,2026-02-03 23:39:07,
6166,凌華,63.62,35.31,35.0,K<D,42.0,-0.28,-0.01,-0.27,DIF<MACD,66.85,63.17,59.48,27.3,330,468,0.26,135.19,26.54,0.93,1.5,2026-02-03 23:39:09,
6176,瑞儀,122.11,35.7,40.38,K<D,47.89,-0.0,0.52,-0.52,DIF<MACD,127.1,123.6,120.1,18.72,1176,2016,0.19,559.93,10.83,10.61,8.73,2026-02-03 23:39:11,
6177,達麗,46.97,15.0,13.55,K<D,25.68,-0.97,-0.42,-0.55,DIF<MACD,55.77,50.55,45.34,21.47,817,1073,0.26,222.96,12.84,3.5,7.41,2026-02-03 23:39:12,
6183,關貿,94.78,6.65,16.6,K<D,21.36,-0.15,-0.02,-0.13,DIF<MACD,97.83,95.78,93.73,29.75,34,50,1.19,142.5,24.87,3.2,3.37,2026-02-03 23:39:13,
6184,大豐電,49.03,26.34,31.73,K<D,44.99,-0.01,0.03,-0.05,DIF<MACD,49.14,48.06,46.98,31.24,53,99,0.84,72.68,16.08,3.19,6.68,2026-02-03 23:39:14,
6189,豐藝,50.62,62.63,49.59,K>D,71.01,0.68,0.19,0.49,DIF>MACD,48.97,45.5,42.03,100.0,10156,3326,3.34,136.37,19.08,4.0,7.74,2026-02-03 23:39:15,
6191,精成科,109.06,24.24,32.45,K<D,44.41,-1.65,-0.84,-0.82,DIF<MACD,120.98,113.4,105.82,14.64,5137,6321,0.82,541.74,18.05,3.01,2.77,2026-02-03 23:39:17,
6192,巨路,121.04,39.59,46.01,K<D,49.75,3.1,3.74,-0.64,DIF<MACD,128.25,118.97,109.7,69.56,184,299,0.42,116.35,11.14,5.5,4.55,2026-02-03 23:39:18,
6196,帆宣,282.88,20.86,24.59,K<D,41.6,3.66,7.03,-3.38,DIF<MACD,310.24,291.1,271.96,32.05,992,1806,0.2,612.58,21.55,5.9,2.1,2026-02-03 23:39:19,
6197,佳必琪,144.21,38.84,28.78,K>D,48.36,0.7,1.14,-0.44,DIF<MACD,151.05,147.0,142.95,68.55,1640,1220,1.12,181.3,19.26,7.0,4.71,2026-02-03 23:39:20,
6201,亞弘電,55.0,34.26,42.18,K<D,39.72,-0.46,-0.35,-0.1,DIF<MACD,55.96,54.92,53.88,0.0,18,39,0.34,47.99,12.01,4.0,7.43,2026-02-03 23:39:21,
6202,盛群,48.01,59.95,71.9,K<D,63.42,2.56,2.18,0.38,DIF>MACD,51.89,42.69,33.48,77.04,3402,6069,0.82,107.82,75.48,0.45,0.96,2026-02-03 23:39:22,
6205,詮欣,51.7,15.28,12.2,K<D,21.0,0.3,1.88,-1.58,DIF<MACD,65.71,57.5,49.29,4.13,285,571,0.54,41.58,28.45,1.63,3.17,2026-02-03 23:39:23,
6206,飛捷,91.16,25.72,19.29,K<D,18.7,-0.61,-0.27,-0.35,DIF<MACD,96.45,92.91,89.37,9.8,291,677,0.1,128.9,12.08,6.0,6.66,2026-02-03 23:39:25,
6209,今國光,61.83,20.9,45.82,K<D,54.17,1.15,1.7,-0.55,DIF<MACD,75.06,63.36,51.66,33.63,5327,13193,0.1,105.18,223.33,0.5,0.83,2026-02-03 23:39:26,
6213,聯茂,108.84,17.21,30.12,K<D,41.32,-1.14,0.39,-1.53,DIF<MACD,123.81,114.6,105.39,19.91,3803,8782,0.1,390.67,30.11,1.8,1.67,2026-02-03 23:39:27,
6214,精誠,112.11,18.25,29.97,K<D,42.07,-0.97,-0.71,-0.26,DIF<MACD,121.76,117.47,113.19,5.54,742,742,0.91,287.2,16.94,5.2,4.54,2026-02-03 23:39:28,
6215,和椿,111.51,28.02,43.13,K<D,41.75,2.19,3.23,-1.04,DIF<MACD,128.2,114.88,101.55,36.56,1783,3589,0.93,91.9,59.68,1.5,1.35,2026-02-03 23:39:29,
6216,居易,27.63,22.45,35.2,K<D,24.7,0.27,0.4,-0.13,DIF<MACD,29.67,27.83,25.98,44.61,79,149,0.67,26.62,37.6,2.53,9.22,2026-02-03 23:39:31,
6224,聚鼎,40.27,16.04,25.07,K<D,32.91,-0.62,-0.25,-0.37,DIF<MACD,45.38,42.51,39.64,13.9,123,235,0.83,34.24,27.33,1.75,4.33,2026-02-03 23:39:32,
6225,天瀚,17.8,51.23,48.59,K<D,47.78,0.06,0.02,0.05,DIF>MACD,18.11,17.23,16.35,59.91,8,12,0.6,4.88,,,,2026-02-03 23:39:33,
6226,光鼎,8.85,18.12,26.97,K<D,59.6,0.36,0.48,-0.11,DIF<MACD,10.54,8.71,6.87,57.45,246,412,0.46,9.97,,,,2026-02-03 23:39:34,
6230,尼得科超眾,118.45,31.82,39.35,K<D,38.16,0.43,1.02,-0.59,DIF<MACD,126.98,119.33,111.67,25.36,58,67,0.47,99.73,18.05,0.22,0.19,2026-02-03 23:39:35,
6235,華孚,58.93,19.93,16.19,黃金交叉,33.93,-0.89,-0.32,-0.57,DIF<MACD,65.33,61.48,57.63,21.38,1122,943,1.57,118.14,22.22,1.22,2.06,2026-02-03 23:39:36,
6239,力成,251.04,41.05,49.49,K<D,47.79,17.17,19.66,-2.49,DIF<MACD,286.09,244.68,203.26,59.63,15693,21566,1.01,1898.71,36.87,7.0,2.72,2026-02-03 23:39:37,
6243,迅杰,34.78,19.72,31.02,K<D,40.33,-0.1,0.26,-0.36,DIF<MACD,36.97,35.24,33.5,8.27,135,274,0.16,15.3,338.0,1.2,3.55,2026-02-03 23:39:39,
6257,矽格,129.07,18.82,29.31,K<D,46.8,4.83,6.77,-1.94,DIF<MACD,144.61,129.72,114.84,37.78,4041,6329,0.65,605.66,23.3,4.04,3.19,2026-02-03 23:39:40,
6269,台郡,57.87,42.47,51.75,K<D,50.14,0.4,0.5,-0.1,DIF<MACD,61.55,58.83,56.11,48.3,1251,1724,0.72,189.36,42.05,,,2026-02-03 23:39:41,
6271,同欣電,146.61,45.31,55.02,K<D,61.11,4.31,4.27,0.04,DIF>MACD,158.11,136.32,114.54,57.42,5600,7783,0.85,298.95,19.89,3.0,2.1,2026-02-03 23:39:42,
6272,驊陞,42.17,47.56,41.66,K>D,29.55,-1.35,-1.52,0.17,DIF>MACD,44.12,42.25,40.38,29.95,436,654,1.12,33.9,10.63,0.8,1.94,2026-02-03 23:39:43,
6277,宏正,58.97,18.9,36.04,K<D,32.43,-0.32,-0.16,-0.16,DIF<MACD,62.02,60.61,59.2,0.0,232,166,1.48,70.37,16.14,4.8,8.15,2026-02-03 23:39:44,
6278,台表科,94.11,16.84,18.26,K<D,40.63,-1.11,-0.81,-0.3,DIF<MACD,98.9,95.53,92.16,15.2,1213,1793,0.72,273.68,10.12,5.5,5.88,2026-02-03 23:39:46,
6281,全國電,60.13,9.92,17.99,K<D,11.3,-0.54,-0.39,-0.15,DIF<MACD,63.31,62.03,60.75,0.0,61,93,0.21,60.0,16.26,4.0,6.61,2026-02-03 23:39:47,
6282,康舒,46.72,8.9,24.2,K<D,37.48,1.65,3.18,-1.53,DIF<MACD,65.34,53.34,41.34,33.07,24705,41449,0.16,412.07,34.29,0.5,1.04,2026-02-03 23:39:48,
6283,淳安,22.23,12.37,21.79,K<D,28.03,-0.62,-0.45,-0.17,DIF<MACD,25.64,23.98,22.32,0.0,173,244,0.4,32.97,24.14,,,2026-02-03 23:39:49,
6285,啟碁,199.56,85.58,92.02,黃金交叉,93.29,21.32,14.88,6.44,DIF>MACD,201.69,137.55,73.41,97.14,50866,51614,0.52,948.68,30.87,4.8,2.45,2026-02-03 23:39:50,
6405,悅城,28.57,23.28,30.78,K<D,45.31,0.47,0.86,-0.39,DIF<MACD,32.64,30.85,29.06,3.28,449,768,0.82,19.38,,0.1,0.34,2026-02-03 23:39:52,
6409,旭隼,909.82,34.15,24.84,黃金交叉,37.11,-31.65,-24.97,-6.68,DIF<MACD,1070.8,963.2,855.6,20.23,921,1167,1.01,806.06,20.37,43.0,4.68,2026-02-03 23:39:53,
6412,群電,83.59,35.7,43.87,K<D,57.5,-1.34,-1.57,0.23,DIF>MACD,85.52,82.79,80.05,65.05,1178,748,1.21,337.05,13.81,6.0,7.13,2026-02-03 23:39:54,
6414,樺漢,285.64,22.01,19.04,黃金交叉,42.71,-1.48,-0.37,-1.12,DIF<MACD,301.39,290.9,280.41,28.58,346,648,0.88,391.99,14.19,12.2,4.28,2026-02-03 23:39:55,
6415,矽力*-KY,303.46,73.27,76.13,K<D,72.41,22.45,18.67,3.78,DIF>MACD,312.36,254.1,195.84,78.36,16219,17703,0.57,1148.03,45.47,2.4,0.81,2026-02-03 23:39:56,
6416,瑞祺電通,85.7,26.79,20.05,黃金交叉,31.85,-0.07,0.26,-0.32,DIF<MACD,89.65,86.83,84.01,35.0,179,180,0.8,63.45,21.68,2.9,3.35,2026-02-03 23:39:57,
6426,統新,129.8,86.96,71.01,K>D,86.05,7.63,3.53,4.1,DIF>MACD,124.42,97.32,70.22,100.0,12587,12691,0.74,50.45,,0.5,0.38,2026-02-03 23:39:59,
6431,光麗-KY,28.5,51.86,39.33,K>D,39.3,0.19,0.36,-0.17,DIF<MACD,29.74,28.19,26.63,54.18,375,569,0.53,27.37,,,,2026-02-03 23:40:00,
6438,迅得,144.09,26.33,41.04,K<D,54.83,2.38,3.41,-1.02,DIF<MACD,163.74,147.85,131.96,34.75,1647,1308,1.01,118.79,18.38,5.83,4.03,2026-02-03 23:40:01,
6442,光聖,1799.76,83.68,82.61,K>D,70.75,121.83,70.93,50.9,DIF>MACD,1805.2,1423.5,1041.8,100.0,5921,4970,1.18,1387.14,94.72,8.62,0.47,2026-02-03 23:40:02,
6443,元晶,42.08,54.31,57.38,黃金交叉,54.74,3.89,4.33,-0.44,DIF<MACD,45.4,37.96,30.52,69.3,211699,134183,1.49,216.4,19.45,0.4,0.95,2026-02-03 23:40:03,
6446,藥華藥,762.21,97.87,92.64,K>D,86.91,67.04,46.55,20.49,DIF>MACD,806.67,610.6,414.53,91.88,2306,6032,0.87,2599.88,60.06,0.99,0.13,2026-02-03 23:40:04,
6449,鈺邦,158.36,12.77,19.66,K<D,27.85,-1.52,1.55,-3.07,DIF<MACD,196.89,176.2,155.51,16.05,359,746,0.1,146.83,24.14,3.48,2.15,2026-02-03 23:40:05,
6451,訊芯-KY,189.48,74.44,68.06,K>D,78.77,4.01,0.14,3.87,DIF>MACD,176.99,155.32,133.66,100.0,4250,4583,0.57,201.2,,0.36,0.19,2026-02-03 23:40:06,
6456,GIS-KY,39.95,19.15,15.58,黃金交叉,39.33,-0.91,-0.57,-0.34,DIF<MACD,44.92,41.98,39.05,15.45,1277,1512,0.39,134.13,129.52,,,2026-02-03 23:40:08,
6464,台數科,75.53,12.83,19.29,K<D,24.48,-0.64,-0.37,-0.27,DIF<MACD,78.2,76.12,74.05,0.0,40,26,1.63,94.91,13.3,3.22,4.37,2026-02-03 23:40:09,
6472,保瑞,581.16,67.98,63.38,K<D,66.86,20.28,13.23,7.06,DIF>MACD,614.72,543.0,471.28,72.13,1353,2785,0.1,744.15,18.0,11.67,1.99,2026-02-03 23:40:10,
6477,安集,35.32,21.89,32.52,K<D,46.23,-0.13,-0.0,-0.13,DIF<MACD,36.74,35.36,33.99,39.64,1799,1593,1.47,43.51,14.89,0.3,0.85,2026-02-03 23:40:11,
6491,晶碩,291.8,64.14,58.36,黃金交叉,55.93,-0.79,-1.88,1.09,DIF>MACD,291.65,285.12,278.6,75.49,411,375,1.11,225.81,14.22,11.0,3.8,2026-02-03 23:40:13,
6504,南六,41.06,23.6,31.19,K<D,51.11,0.34,0.21,0.12,DIF>MACD,46.08,42.19,38.3,56.73,267,559,0.51,30.71,15.11,1.0,2.36,2026-02-03 23:40:14,
6505,台塑化,49.23,50.1,54.59,K<D,51.77,0.51,0.29,0.21,DIF>MACD,53.5,48.99,44.48,56.63,9060,14221,0.7,4643.91,76.17,0.8,1.64,2026-02-03 23:40:15,
6515,穎崴,4378.75,74.37,79.01,黃金交叉,74.18,324.1,298.66,25.45,DIF>MACD,4413.45,3736.75,3060.05,100.0,1330,903,1.14,1609.28,103.74,25.0,0.56,2026-02-03 23:40:16,
6525,捷敏-KY,82.01,39.01,43.52,K<D,57.17,0.94,1.0,-0.07,DIF<MACD,82.2,78.44,74.68,75.4,133,207,0.34,102.98,13.64,4.2,5.26,2026-02-03 23:40:18,
6526,達發,441.98,33.25,36.99,K<D,52.32,0.96,1.01,-0.05,DIF<MACD,475.42,442.95,410.48,65.22,544,493,0.92,756.29,25.41,12.5,2.77,2026-02-03 23:40:19,
6531,愛普*,427.8,15.16,18.28,K<D,36.67,-1.72,6.78,-8.5,DIF<MACD,514.28,462.93,411.57,21.92,3781,4449,0.94,699.45,70.61,6.99,1.63,2026-02-03 23:40:20,
6533,晶心科,228.67,22.09,29.79,K<D,42.98,-2.76,-2.51,-0.25,DIF<MACD,253.44,243.18,232.91,3.4,359,414,0.58,119.83,28.95,,,2026-02-03 23:40:21,
6534,正瀚-創,87.23,16.56,18.25,K<D,32.19,-1.39,-1.22,-0.18,DIF<MACD,92.27,87.81,83.35,17.72,43,95,0.1,87.07,19.93,4.1,4.84,2026-02-03 23:40:22,
6541,泰福-KY,50.41,31.85,44.22,K<D,44.56,-0.91,-1.01,0.1,DIF>MACD,54.89,52.02,49.15,20.81,613,1328,0.93,133.47,,,,2026-02-03 23:40:23,
6550,北極星藥業-KY,30.57,26.23,30.27,K<D,35.17,-0.05,0.08,-0.13,DIF<MACD,33.0,31.27,29.54,24.44,1301,1378,0.46,261.41,,,,2026-02-03 23:40:24,
6552,易華電,32.97,80.8,74.12,K>D,81.82,1.79,1.09,0.7,DIF>MACD,33.19,27.9,22.62,100.0,2667,1632,1.93,28.1,6.6,0.2,0.59,2026-02-03 23:40:25,
6558,興能高,36.03,18.78,37.2,K<D,45.79,-0.3,-0.15,-0.15,DIF<MACD,38.95,36.94,34.92,10.04,1135,2685,0.71,33.3,36.98,0.3,0.85,2026-02-03 23:40:26,
6573,虹揚-KY,15.13,17.52,20.55,K<D,51.93,0.04,0.1,-0.05,DIF<MACD,17.07,15.64,14.22,37.76,229,594,0.19,12.4,16.74,,,2026-02-03 23:40:28,
6579,研揚,121.84,68.36,65.82,K>D,59.94,2.71,1.62,1.08,DIF>MACD,123.14,114.25,105.36,85.19,443,596,0.38,201.65,20.66,5.15,4.33,2026-02-03 23:40:29,
6581,鋼聯,105.6,65.89,59.08,K>D,37.47,0.17,0.05,0.12,DIF>MACD,109.29,106.53,103.76,58.72,4,6,0.31,119.62,15.86,6.0,5.58,2026-02-03 23:40:30,
6582,申豐,31.6,26.36,36.9,K<D,53.18,0.04,-0.05,0.09,DIF>MACD,34.04,32.26,30.48,47.91,86,476,0.38,34.19,,1.0,3.11,2026-02-03 23:40:31,
6585,鼎基,85.94,14.17,21.58,K<D,33.4,0.09,0.63,-0.53,DIF<MACD,97.38,91.27,85.16,34.76,24,42,0.71,63.77,15.11,7.92,8.96,2026-02-03 23:40:32,
6589,台康生技,60.2,15.74,26.78,K<D,32.79,-1.07,-0.82,-0.24,DIF<MACD,67.2,63.77,60.34,1.61,632,662,1.23,182.47,,,,2026-02-03 23:40:33,
6591,動力-KY,66.56,5.09,7.78,黃金交叉,20.07,-2.27,-1.76,-0.51,DIF<MACD,76.23,71.1,65.96,4.23,210,342,1.05,27.26,12.77,2.31,3.48,2026-02-03 23:40:34,
6592,和潤企業,59.51,32.93,34.86,K<D,43.39,-0.05,-0.0,-0.05,DIF<MACD,62.72,61.09,59.45,45.49,1358,2096,0.84,380.74,15.67,3.0,4.91,2026-02-03 23:40:36,
6598,ABC-KY,24.5,36.8,38.3,K<D,49.95,0.44,0.51,-0.08,DIF<MACD,25.05,23.86,22.67,56.97,181,171,0.72,24.78,,,,2026-02-03 23:40:37,
6605,帝寶,150.58,17.59,31.55,K<D,56.41,2.71,4.09,-1.38,DIF<MACD,172.02,152.82,133.63,52.24,342,546,0.37,250.38,11.15,9.0,5.96,2026-02-03 23:40:38,
6606,建德工業,25.69,12.18,22.35,K<D,53.34,0.17,0.23,-0.06,DIF<MACD,26.89,25.82,24.76,42.98,59,85,1.03,28.29,27.0,3.0,11.7,2026-02-03 23:40:39,
6614,資拓宏宇,45.19,12.16,17.63,K<D,20.45,-1.08,-0.86,-0.22,DIF<MACD,51.03,48.36,45.68,0.0,98,135,0.44,33.08,20.52,1.5,3.31,2026-02-03 23:40:41,
6625,必應,83.0,23.03,25.04,K<D,29.12,0.42,0.9,-0.48,DIF<MACD,91.1,85.94,80.79,18.29,332,279,0.76,48.41,9.84,4.0,4.79,2026-02-03 23:40:42,
6641,基士德-KY,21.68,19.86,25.66,K<D,31.17,0.51,0.89,-0.38,DIF<MACD,27.46,23.07,18.68,23.52,48,162,0.5,7.88,166.15,1.0,4.63,2026-02-03 23:40:43,
6645,金萬林-創,16.99,28.22,40.23,K<D,46.79,-0.17,-0.17,0.0,DIF>MACD,18.33,17.82,17.3,14.07,22,24,0.82,10.52,,,,2026-02-03 23:40:44,
6655,科定,119.18,72.83,70.31,黃金交叉,66.74,0.91,1.12,-0.21,DIF<MACD,122.18,120.0,117.82,82.04,12,10,1.53,95.45,34.03,2.4,1.98,2026-02-03 23:40:45,
6657,華安,48.68,46.13,57.25,K<D,61.05,2.36,2.19,0.17,DIF>MACD,57.53,46.76,35.99,56.16,767,2119,0.51,41.82,,,,2026-02-03 23:40:46,
6658,聯策,53.08,16.0,24.07,K<D,17.24,-0.32,0.49,-0.81,DIF<MACD,59.64,55.89,52.13,0.0,138,227,0.2,18.8,42.73,1.08,2.09,2026-02-03 23:40:47,
6666,羅麗芬-KY,43.86,38.28,40.08,K<D,39.81,-0.21,-0.18,-0.03,DIF<MACD,46.52,44.92,43.32,31.06,11,14,1.22,20.95,18.57,2.0,4.52,2026-02-03 23:40:48,
6668,中揚光,36.84,21.71,31.33,K<D,37.59,-0.21,0.07,-0.28,DIF<MACD,41.48,38.56,35.64,37.95,251,348,0.48,40.01,,,,2026-02-03 23:40:49,
6669,緯穎,3757.18,27.32,32.25,黃金交叉,41.11,-168.26,-164.39,-3.87,DIF<MACD,4510.04,3880.5,3250.96,39.11,1259,1381,0.75,6922.57,16.15,74.0,1.99,2026-02-03 23:40:50,
6670,復盛應用,269.02,25.33,23.3,黃金交叉,40.89,2.7,4.34,-1.65,DIF<MACD,285.58,272.6,259.62,34.42,264,320,0.73,377.04,11.44,19.65,7.26,2026-02-03 23:40:52,
6671,三能-KY,36.04,31.59,33.18,黃金交叉,48.81,0.3,0.37,-0.07,DIF<MACD,39.05,37.31,35.56,45.73,10,11,0.46,22.54,14.16,2.6,7.01,2026-02-03 23:40:53,
6672,騰輝電子-KY,85.69,17.21,19.59,K<D,27.33,-0.48,1.12,-1.6,DIF<MACD,105.64,95.32,84.99,17.53,747,1129,0.66,62.51,19.1,3.35,3.83,2026-02-03 23:40:54,
6674,鋐寶科技,20.31,15.32,20.51,K<D,25.88,-0.08,0.05,-0.13,DIF<MACD,22.04,20.62,19.19,28.33,26,45,0.19,13.77,,,,2026-02-03 23:40:55,
6689,伊雲谷,60.07,23.87,32.01,K<D,42.29,-0.34,-0.29,-0.05,DIF<MACD,63.12,60.94,58.77,24.4,278,255,0.99,40.34,35.84,2.0,3.36,2026-02-03 23:40:56,
6691,洋基工程,586.86,45.74,39.95,黃金交叉,43.25,9.59,12.18,-2.59,DIF<MACD,622.55,597.0,571.45,66.67,472,761,0.47,728.41,27.29,16.0,2.65,2026-02-03 23:40:58,
6695,芯鼎,41.05,20.43,28.57,K<D,38.84,-0.53,-0.3,-0.23,DIF<MACD,45.69,43.75,41.81,6.38,191,320,0.87,40.27,,,,2026-02-03 23:40:59,
6698,旭暉應材,33.4,19.35,36.45,K<D,49.65,0.78,1.13,-0.35,DIF<MACD,37.6,34.72,31.84,39.17,137,254,0.84,22.34,,,,2026-02-03 23:41:00,
6706,惠特,110.12,18.22,25.24,K<D,47.7,-1.19,0.34,-1.53,DIF<MACD,132.07,118.25,104.43,9.13,5035,7294,0.34,85.64,18.14,,,2026-02-03 23:41:01,
6715,嘉基,136.45,82.42,79.63,K>D,85.8,7.75,4.86,2.9,DIF>MACD,132.74,110.75,88.76,100.0,426,541,0.66,92.79,72.8,3.92,2.79,2026-02-03 23:41:02,
6719,力智,200.13,53.94,67.2,K<D,66.42,3.81,2.04,1.78,DIF>MACD,214.96,192.78,170.59,71.54,453,955,0.35,216.21,50.37,1.7,0.83,2026-02-03 23:41:03,
6722,輝創,44.13,54.5,39.64,K>D,8.62,-3.76,-3.76,0.0,黃金交叉,59.87,47.83,35.8,39.58,227,234,0.62,38.32,18.53,1.5,3.46,2026-02-03 23:41:05,
6742,澤米,42.17,14.15,25.88,K<D,37.47,-0.41,0.01,-0.42,DIF<MACD,48.84,45.83,42.82,8.21,154,813,0.49,30.31,,0.3,0.7,2026-02-03 23:41:06,
6743,安普新,27.1,30.6,36.97,K<D,42.29,-0.09,-0.07,-0.02,DIF<MACD,28.62,27.52,26.42,22.93,111,181,0.83,39.6,111.88,1.5,5.59,2026-02-03 23:41:07,
6753,龍德造船,138.29,30.44,41.13,K<D,54.03,3.37,4.61,-1.24,DIF<MACD,161.46,143.3,125.14,38.32,1954,4031,0.17,164.72,30.81,1.25,0.89,2026-02-03 23:41:08,
6754,匯僑設計,42.84,25.38,18.87,K>D,0.0,-0.84,-0.58,-0.26,DIF<MACD,49.05,46.22,43.38,2.78,13,19,0.56,28.97,11.96,4.0,9.11,2026-02-03 23:41:09,
6756,威鋒電子,76.7,28.2,35.74,K<D,38.38,-0.67,0.11,-0.78,DIF<MACD,87.03,82.0,76.96,14.43,105,222,0.1,54.44,74.19,1.8,2.31,2026-02-03 23:41:10,
6757,台灣虎航,65.06,13.13,24.63,K<D,39.08,-0.04,0.4,-0.44,DIF<MACD,71.45,67.71,63.97,2.58,2208,1418,1.69,295.02,13.05,6.05,9.42,2026-02-03 23:41:11,
6768,志強-KY,103.67,19.25,25.44,K<D,28.82,-1.93,-1.58,-0.35,DIF<MACD,110.55,105.42,100.3,6.22,231,448,0.14,203.1,13.5,6.18,6.09,2026-02-03 23:41:12,
6770,力積電,60.88,49.62,65.92,K<D,62.89,5.63,6.01,-0.39,DIF<MACD,72.06,58.12,44.18,58.03,307664,407213,1.25,2527.61,,,,2026-02-03 23:41:13,
6771,平和環保-創,43.83,24.92,35.94,K<D,26.39,-0.32,-0.31,-0.01,DIF<MACD,46.67,44.83,42.98,21.11,6,20,0.58,13.75,11.51,3.5,7.94,2026-02-03 23:41:15,
6776,展碁國際,60.2,36.64,44.95,K<D,53.3,1.83,2.04,-0.21,DIF<MACD,62.42,59.05,55.67,54.72,2373,3691,0.53,54.58,14.5,2.97,4.98,2026-02-03 23:41:16,
6781,AES-KY,1139.47,32.81,35.51,K<D,40.93,-36.67,-33.58,-3.09,DIF<MACD,1306.4,1202.5,1098.6,28.87,1523,1456,1.13,990.86,31.24,12.5,1.08,2026-02-03 23:41:17,
6782,視陽,170.85,29.93,21.21,黃金交叉,32.36,-1.34,-0.69,-0.65,DIF<MACD,182.74,175.72,168.71,23.56,217,201,1.49,108.99,14.44,5.1,2.95,2026-02-03 23:41:18,
6789,采鈺,290.75,60.5,60.43,K<D,62.3,4.41,3.86,0.55,DIF>MACD,294.34,277.3,260.26,79.39,1575,2054,0.82,904.5,62.56,3.0,1.06,2026-02-03 23:41:19,
6790,永豐實,36.84,39.51,49.3,K<D,24.91,-0.06,-0.04,-0.02,DIF<MACD,38.57,38.21,37.86,7.08,148,113,0.99,101.38,13.41,2.55,6.72,2026-02-03 23:41:20,
6792,詠業,54.12,17.14,28.24,K<D,43.82,1.17,1.45,-0.28,DIF<MACD,61.19,55.46,49.72,43.01,34,58,0.46,26.02,21.02,2.5,4.5,2026-02-03 23:41:21,
6794,向榮生技,87.44,57.88,58.86,K<D,49.26,1.22,1.56,-0.33,DIF<MACD,90.94,88.08,85.23,60.07,83,67,1.58,56.64,,,,2026-02-03 23:41:23,
6796,晉弘,85.6,42.29,35.73,K>D,33.06,-1.54,-1.59,0.05,DIF>MACD,92.94,89.46,85.98,35.88,58,154,0.52,35.45,326.3,0.49,0.56,2026-02-03 23:41:24,
6799,來頡,81.71,23.5,43.41,K<D,40.29,0.59,1.2,-0.6,DIF<MACD,90.94,86.39,81.83,14.61,130,255,0.66,35.61,28.33,1.99,2.39,2026-02-03 23:41:25,
6805,富世達,1542.65,75.69,78.48,K>D,68.05,1.13,-20.49,21.62,DIF>MACD,1526.51,1373.5,1220.49,100.0,3769,2448,1.91,1052.3,59.06,8.0,0.52,2026-02-03 23:41:26,
6806,森崴能源,46.83,22.67,33.06,K<D,57.92,2.03,2.47,-0.44,DIF<MACD,58.02,47.01,36.01,40.62,1137,1617,1.09,129.22,6.6,1.23,2.61,2026-02-03 23:41:27,
6807,峰源-KY,46.52,10.27,21.82,K<D,44.12,-0.07,-0.03,-0.04,DIF<MACD,46.37,45.69,45.01,22.99,16,10,2.04,24.54,6.99,4.5,9.9,2026-02-03 23:41:28,
6830,汎銓,192.09,54.44,36.27,K>D,52.2,1.91,2.1,-0.19,DIF<MACD,190.28,181.82,173.37,88.42,3617,1491,2.02,97.61,38.55,1.0,0.53,2026-02-03 23:41:29,
6831,邁科,233.76,19.82,30.3,K<D,45.3,-4.81,-1.84,-2.97,DIF<MACD,276.39,249.2,222.01,32.03,398,577,0.73,159.8,64.31,1.25,0.53,2026-02-03 23:41:30,
6834,天二科技,29.62,15.23,17.34,K<D,41.28,0.41,1.05,-0.64,DIF<MACD,37.51,32.61,27.71,31.6,361,556,0.89,26.59,100.17,0.5,1.66,2026-02-03 23:41:32,
6835,圓裕,39.02,34.82,23.3,K>D,51.57,-0.14,-0.07,-0.08,DIF<MACD,40.33,38.94,37.56,54.63,120,112,1.33,25.83,16.11,2.0,5.09,2026-02-03 23:41:33,
6838,台新藥,27.55,12.6,30.86,K<D,51.66,0.32,0.58,-0.26,DIF<MACD,31.76,28.74,25.73,28.47,310,286,1.2,41.37,,,,2026-02-03 23:41:34,
6854,錼創科技-KY創,118.33,52.01,48.02,K>D,34.22,-2.73,-3.0,0.27,DIF>MACD,135.97,122.72,109.48,47.96,336,530,0.3,140.48,363.64,,,2026-02-03 23:41:35,
6861,睿生光電,62.97,18.5,16.58,K<D,27.9,0.31,1.09,-0.78,DIF<MACD,69.18,65.61,62.03,4.36,101,117,1.16,26.0,18.12,1.8,2.88,2026-02-03 23:41:36,
6862,三集瑞-KY,188.47,41.16,53.05,K<D,57.49,6.7,6.81,-0.11,DIF<MACD,207.59,184.47,161.36,67.49,528,844,0.85,94.75,21.29,6.0,3.17,2026-02-03 23:41:38,
6863,永道-KY,105.83,11.99,10.66,K<D,14.54,-2.57,-0.97,-1.6,DIF<MACD,130.64,117.45,104.26,0.0,142,131,0.67,79.01,17.07,5.5,5.21,2026-02-03 23:41:39,
6869,雲豹能源,106.59,34.42,50.41,K<D,62.46,4.11,4.22,-0.11,DIF<MACD,124.12,104.69,85.25,64.71,724,1368,0.49,142.75,11.77,5.01,4.68,2026-02-03 23:41:40,
6873,泓德能源,117.04,40.19,43.05,K<D,60.75,4.09,3.76,0.32,DIF>MACD,129.99,111.48,92.96,74.03,985,916,0.74,167.39,19.52,4.61,3.89,2026-02-03 23:41:41,
6885,全福生技,27.73,19.94,20.95,黃金交叉,34.89,-0.56,-0.43,-0.13,DIF<MACD,29.46,27.93,26.4,28.33,241,409,0.43,35.97,,,,2026-02-03 23:41:42,
6887,寶綠特-KY,60.14,33.48,42.63,K<D,27.66,-0.3,-0.18,-0.12,DIF<MACD,64.26,60.9,57.55,28.13,22,12,1.28,43.88,7.9,3.96,6.69,2026-02-03 23:41:44,
6890,來億-KY,210.36,8.87,9.61,K<D,19.76,-7.3,-5.08,-2.22,DIF<MACD,260.71,240.05,219.39,0.0,1375,958,1.33,536.21,15.32,9.0,4.19,2026-02-03 23:41:45,
6901,鑽石投資,16.76,13.79,30.88,K<D,31.9,0.04,0.21,-0.17,DIF<MACD,18.69,17.41,16.12,19.66,347,699,0.55,139.72,,,,2026-02-03 23:41:46,
6902,GOGOLOOK,79.04,70.45,82.07,K<D,76.74,0.82,0.59,0.23,DIF>MACD,81.64,77.24,72.83,66.71,38,36,1.18,27.97,659.17,,,2026-02-03 23:41:48,
6906,現觀科,79.74,27.27,31.7,K<D,50.46,-0.93,-1.13,0.2,DIF>MACD,84.03,78.2,72.37,44.04,40,27,1.64,25.11,32.19,3.33,4.27,2026-02-03 23:41:49,
6909,創控,42.09,6.41,3.7,K<D,6.43,0.13,1.38,-1.25,DIF<MACD,54.72,47.0,39.28,17.42,275,360,1.1,27.8,42.19,1.0,2.42,2026-02-03 23:41:50,
6914,阜爾運通,138.38,8.71,12.2,K<D,12.87,-1.47,-0.96,-0.51,DIF<MACD,148.04,143.6,139.16,3.51,26,74,0.1,92.05,14.99,6.0,4.32,2026-02-03 23:41:51,
6916,華凌,17.48,10.75,21.26,K<D,43.78,-0.08,0.11,-0.18,DIF<MACD,20.11,18.73,17.35,32.19,35,53,0.28,12.15,,0.28,1.56,2026-02-03 23:41:52,
6918,愛派司,84.71,64.4,51.29,K>D,64.06,-0.33,-1.05,0.72,DIF>MACD,86.82,82.71,78.6,83.0,88,106,1.18,29.27,15.97,4.0,4.66,2026-02-03 23:41:54,
6919,康霈*,167.92,62.15,50.73,K>D,61.32,3.0,2.5,0.5,DIF>MACD,177.79,158.95,140.11,78.66,5021,6710,0.41,2601.24,70.97,,,2026-02-03 23:41:55,
6923,中台,95.16,19.23,14.84,K>D,12.06,-1.54,-0.84,-0.7,DIF<MACD,107.09,99.88,92.67,16.77,397,345,1.62,86.36,32.78,4.02,4.26,2026-02-03 23:41:56,
6924,榮惠-KY創,58.73,10.73,8.85,K<D,0.0,-1.77,-0.13,-1.64,DIF<MACD,81.39,69.94,58.49,0.0,35,15,2.68,12.43,14.06,5.5,9.23,2026-02-03 23:41:57,
6928,攸泰科技,49.41,11.08,20.02,K<D,43.33,-0.21,0.47,-0.68,DIF<MACD,58.3,53.36,48.42,18.84,186,190,0.98,43.43,,0.5,0.99,2026-02-03 23:41:59,
6931,青松健康,56.72,10.81,14.0,K<D,36.87,-1.65,-1.6,-0.05,DIF<MACD,61.73,57.88,54.04,15.96,81,477,0.65,36.78,54.51,0.72,1.29,2026-02-03 23:42:00,
6933,AMAX-KY,138.41,12.44,9.41,黃金交叉,19.86,-4.64,-3.82,-0.82,DIF<MACD,155.55,144.68,133.8,0.0,102,136,0.35,56.97,24.63,2.0,1.49,2026-02-03 23:42:01,
6936,永鴻生技,35.65,37.8,47.31,K<D,48.76,0.04,0.04,0.0,DIF>MACD,36.17,35.72,35.27,46.26,35,52,0.48,25.92,20.58,1.69,4.75,2026-02-03 23:42:02,
6937,天虹,205.37,20.7,13.27,K>D,19.4,-5.2,-2.94,-2.26,DIF<MACD,247.31,224.15,200.99,21.26,144,237,0.75,141.2,51.47,2.1,1.0,2026-02-03 23:42:04,
6944,兆聯實業,694.38,21.81,17.06,黃金交叉,32.72,5.24,15.37,-10.13,DIF<MACD,783.52,735.9,688.28,20.85,383,636,0.45,539.88,24.55,14.0,1.99,2026-02-03 23:42:05,
6949,沛爾生醫-創,571.98,87.28,93.44,K<D,89.93,62.86,41.4,21.46,DIF>MACD,643.44,436.35,229.26,96.43,83,291,0.72,381.42,,,,2026-02-03 23:42:06,
6951,青新-創,79.43,43.99,44.46,K>D,47.34,0.96,0.86,0.1,DIF>MACD,79.81,76.2,72.58,65.64,82,163,0.1,35.65,13.64,3.8,4.9,2026-02-03 23:42:07,
6952,大武山,42.31,37.04,41.47,K<D,53.51,0.11,0.03,0.08,DIF>MACD,44.25,43.16,42.07,62.44,32,67,0.53,29.16,,2.0,4.62,2026-02-03 23:42:08,
6955,邦睿生技-創,168.77,81.83,82.7,K<D,57.36,3.4,2.23,1.16,DIF>MACD,172.38,162.9,153.42,75.59,2,14,0.23,41.67,42.75,1.3,0.77,2026-02-03 23:42:09,
6957,裕慶-KY,183.97,39.88,28.96,K>D,27.43,-4.17,-4.08,-0.08,DIF<MACD,201.56,189.95,178.34,42.49,85,72,1.34,102.26,16.19,13.16,7.06,2026-02-03 23:42:11,
6958,日盛台駿,15.05,14.45,35.42,K<D,44.51,-0.18,-0.18,-0.0,DIF<MACD,15.53,15.24,14.96,1.11,19,33,0.35,66.49,,0.2,1.33,2026-02-03 23:42:12,
6962,奕力-KY,39.05,42.86,60.16,K<D,54.23,0.1,0.01,0.08,DIF>MACD,40.79,38.97,37.15,51.55,1895,3150,0.46,190.56,10.38,2.0,5.17,2026-02-03 23:42:13,
6965,中傑-KY,82.81,8.93,16.73,K<D,30.13,-0.75,-0.28,-0.47,DIF<MACD,89.3,84.86,80.43,3.08,91,128,1.05,126.96,13.74,6.0,7.39,2026-02-03 23:42:14,
6969,成信實業*-創,30.6,22.95,28.47,K<D,27.44,0.0,0.38,-0.37,DIF<MACD,38.46,33.06,27.66,28.82,7,23,0.1,11.88,,,,2026-02-03 23:42:15,
6988,威力暘-創,19.17,90.04,89.29,K>D,74.54,1.4,1.25,0.15,DIF>MACD,21.43,17.49,13.54,83.82,64,91,1.04,9.4,,0.45,2.28,2026-02-03 23:42:16,
6994,富威電力,84.62,9.81,24.33,K<D,32.5,-1.31,-0.51,-0.8,DIF<MACD,97.97,92.83,87.68,0.0,240,363,0.72,60.98,49.15,0.95,1.1,2026-02-03 23:42:18,
7610,聯友金屬-創,200.19,46.72,59.34,K<D,52.57,15.43,17.54,-2.11,DIF<MACD,222.58,190.15,157.72,60.36,728,1423,0.77,94.98,105.68,0.2,0.1,2026-02-03 23:42:19,
7631,聚賢研發-創,123.2,44.28,38.8,K>D,14.8,-2.5,-1.92,-0.58,DIF<MACD,141.7,127.38,113.05,24.89,6,21,0.49,24.27,24.44,3.18,2.64,2026-02-03 23:42:20,
7705,三商餐飲,39.63,38.37,49.51,K<D,33.92,-0.06,-0.09,0.03,DIF>MACD,40.33,39.7,39.07,31.15,113,65,1.44,26.03,31.02,3.8,9.64,2026-02-03 23:42:21,
7711,永擎,218.81,21.24,17.44,K>D,19.32,-13.29,-12.48,-0.81,DIF<MACD,271.2,241.1,211.0,5.37,138,268,0.58,135.71,18.4,4.0,1.84,2026-02-03 23:42:22,
7721,微程式,48.17,17.53,32.8,K<D,45.77,-0.47,-0.47,-0.01,DIF<MACD,49.21,48.22,47.22,15.27,54,66,1.19,26.41,93.53,2.0,4.19,2026-02-03 23:42:23,
7722,LINEPAY,450.06,11.5,13.93,K<D,31.32,-23.81,-20.52,-3.29,DIF<MACD,571.46,501.27,431.09,15.9,203,207,0.91,312.12,54.51,1.5,0.33,2026-02-03 23:42:24,
7730,暉盛-創,103.0,36.3,26.93,K<D,49.06,1.49,2.36,-0.88,DIF<MACD,105.24,99.85,94.45,55.59,54,36,1.95,36.98,58.43,1.0,1.0,2026-02-03 23:42:25,
7732,金興精密,36.77,12.45,10.19,黃金交叉,26.75,-0.79,-0.55,-0.24,DIF<MACD,40.86,38.58,36.3,7.66,15,9,1.53,23.53,18.76,2.0,5.41,2026-02-03 23:42:27,
7736,虎山,85.69,19.01,17.18,K<D,47.83,-0.53,-0.31,-0.22,DIF<MACD,93.42,88.68,83.93,22.1,29,23,0.92,65.22,15.27,3.52,4.08,2026-02-03 23:42:28,
7740,熙特爾-創,145.67,2.57,12.67,K<D,26.28,-2.39,0.27,-2.66,DIF<MACD,182.28,162.85,143.42,3.4,98,98,0.89,77.41,44.36,,,2026-02-03 23:42:29,
7749,意騰-KY,409.56,21.51,22.47,黃金交叉,48.36,-7.04,-4.99,-2.06,DIF<MACD,465.17,431.45,397.73,25.65,234,186,1.71,195.7,37.66,5.25,1.25,2026-02-03 23:42:30,
7750,新代,976.06,85.79,82.15,K>D,76.26,38.22,28.26,9.96,DIF>MACD,1016.12,905.35,794.58,92.57,348,340,0.84,714.61,37.97,11.0,1.1,2026-02-03 23:42:32,
7765,中華資安,264.73,33.96,23.85,黃金交叉,39.1,-5.02,-4.26,-0.75,DIF<MACD,282.95,265.77,248.6,43.79,52,47,1.46,106.17,22.56,9.22,3.53,2026-02-03 23:42:33,
7769,鴻勁,3758.5,87.23,80.08,K<D,74.08,153.37,148.83,4.54,DIF>MACD,3977.19,3580.75,3184.31,77.63,823,732,1.5,6935.26,58.74,22.5,0.58,2026-02-03 23:42:34,
7780,大研生醫*,26.21,44.99,65.81,K<D,72.68,2.42,2.22,0.2,DIF>MACD,31.27,22.66,14.04,71.66,3287,5570,0.44,211.01,57.89,0.34,1.31,2026-02-03 23:42:35,
7786,東方風能,149.68,16.73,23.8,K<D,16.11,-2.38,-1.42,-0.96,DIF<MACD,173.03,160.7,148.37,17.99,83,220,0.1,266.55,14.26,2.0,1.32,2026-02-03 23:42:36,
7788,松川精密,180.79,74.92,79.66,K<D,72.64,14.94,12.12,2.82,DIF>MACD,205.13,157.18,109.22,74.29,653,1143,0.79,145.14,44.5,2.5,1.37,2026-02-03 23:42:37,
7791,皇家可口,69.41,19.78,18.62,K<D,23.89,-0.46,-0.4,-0.07,DIF<MACD,72.7,71.41,70.13,10.52,44,95,0.27,49.21,11.82,3.3,4.69,2026-02-03 23:42:38,
7795,長廣,409.92,78.3,83.9,K<D,70.36,47.34,40.18,7.16,DIF>MACD,469.3,341.07,212.85,76.41,1268,2083,0.89,325.96,137.38,3.0,0.73,2026-02-03 23:42:40,
7799,禾榮科,479.72,67.8,48.16,K>D,62.14,-7.5,-17.94,10.44,DIF>MACD,475.95,425.77,375.6,97.69,1948,1005,1.88,745.82,,,,2026-02-03 23:42:41,
8011,台通,20.4,13.88,22.73,K<D,18.93,-0.38,-0.16,-0.22,DIF<MACD,23.49,21.91,20.33,0.25,902,1571,0.56,34.26,7.79,1.4,6.78,2026-02-03 23:42:42,
8016,矽創,193.77,49.33,65.79,K<D,48.6,2.76,2.89,-0.13,DIF<MACD,197.35,190.85,184.35,70.33,463,631,1.01,229.62,14.09,12.0,6.22,2026-02-03 23:42:43,
8021,尖點,202.71,19.04,33.63,K<D,41.7,8.11,13.72,-5.61,DIF<MACD,245.26,216.76,188.25,29.13,3916,3909,0.88,290.24,101.0,1.2,0.59,2026-02-03 23:42:44,
8028,昇陽半導體,171.67,15.33,12.78,黃金交叉,33.61,-2.07,0.16,-2.23,DIF<MACD,198.82,180.8,162.78,10.77,2856,4535,0.57,295.93,41.46,2.2,1.29,2026-02-03 23:42:45,
8033,雷虎,142.13,20.95,38.27,K<D,32.41,-0.09,2.06,-2.15,DIF<MACD,162.96,151.15,139.34,0.0,3977,8682,0.34,211.39,148.92,,,2026-02-03 23:42:46,
8039,台虹,87.0,22.16,36.77,K<D,49.63,0.53,1.17,-0.65,DIF<MACD,94.23,87.99,81.76,41.98,6411,12141,0.4,225.43,68.1,2.5,2.91,2026-02-03 23:42:47,
8045,達運光電,75.78,43.63,45.11,K<D,57.2,1.28,0.96,0.31,DIF>MACD,88.97,77.87,66.77,44.91,313,415,0.78,73.26,94.02,1.97,2.56,2026-02-03 23:42:48,
8046,南電,383.4,78.68,83.62,K<D,82.44,35.08,30.32,4.76,DIF>MACD,448.14,325.75,203.36,78.14,2960,3101,1.26,2549.12,273.96,1.0,0.25,2026-02-03 23:42:49,
8070,長華*,45.64,31.27,46.75,K<D,45.27,0.65,0.93,-0.28,DIF<MACD,49.82,47.15,44.49,42.2,2584,5401,0.34,326.54,23.62,2.71,5.85,2026-02-03 23:42:51,
8072,陞泰,29.97,8.86,21.2,K<D,41.09,-0.06,0.24,-0.3,DIF<MACD,33.49,31.46,29.42,13.65,119,236,0.53,23.84,30.41,1.0,3.36,2026-02-03 23:42:52,
8081,致新,234.03,55.49,60.11,K<D,61.21,7.93,6.85,1.08,DIF>MACD,251.81,227.78,203.74,78.14,582,1023,0.74,206.18,13.81,16.0,6.65,2026-02-03 23:42:53,
8101,華冠,15.05,35.06,41.86,K<D,10.56,-0.22,-0.19,-0.04,DIF<MACD,16.7,15.81,14.92,13.36,1,8,0.1,7.22,5.88,,,2026-02-03 23:42:54,
8103,瀚荃,91.23,19.01,24.86,K<D,45.29,-0.16,1.03,-1.19,DIF<MACD,102.06,94.25,86.43,34.59,2244,2822,0.58,60.47,22.68,4.87,5.37,2026-02-03 23:42:55,
8104,錸寶,36.58,44.11,54.12,K<D,57.31,1.61,1.66,-0.05,DIF<MACD,42.74,36.54,30.33,52.44,2560,6872,0.8,38.11,105.57,0.1,0.27,2026-02-03 23:42:56,
8105,凌巨,12.14,7.22,13.47,K<D,32.38,-0.07,0.29,-0.37,DIF<MACD,15.68,13.65,11.63,7.4,1759,3533,0.72,52.76,54.32,0.1,0.84,2026-02-03 23:42:57,
8110,華東,65.32,18.58,38.96,K<D,33.57,3.8,6.27,-2.47,DIF<MACD,88.06,78.03,67.99,0.0,69362,60798,1.22,338.34,55.75,0.2,0.3,2026-02-03 23:42:59,
8112,至上,68.9,37.75,42.32,K<D,38.65,0.52,1.08,-0.56,DIF<MACD,85.33,78.24,71.16,6.13,57604,57107,1.16,369.26,43.37,3.35,4.74,2026-02-03 23:43:00,
8114,振樺電,186.01,19.95,18.93,K<D,35.58,0.52,2.51,-1.99,DIF<MACD,207.84,190.22,172.61,34.84,743,904,0.35,140.07,9.62,7.76,4.23,2026-02-03 23:43:02,
8131,福懋科,66.78,33.8,54.27,K<D,45.74,4.39,5.7,-1.31,DIF<MACD,84.58,72.42,60.26,18.56,17660,17244,1.14,295.4,85.64,1.45,2.17,2026-02-03 23:43:03,
8150,南茂,56.94,21.6,27.45,K<D,45.45,2.54,4.19,-1.64,DIF<MACD,73.1,62.34,51.59,29.16,30653,31701,0.98,391.52,82.79,1.23,2.18,2026-02-03 23:43:04,
8162,微矽電子-創,36.46,30.54,35.59,K<D,49.78,0.35,0.6,-0.25,DIF<MACD,39.77,37.42,35.07,32.21,61,110,0.61,25.14,18.21,1.0,2.73,2026-02-03 23:43:05,
8163,達方,30.38,21.14,25.96,K<D,35.34,0.04,0.18,-0.14,DIF<MACD,33.41,31.59,29.77,21.18,466,572,0.67,85.15,35.87,2.0,6.48,2026-02-03 23:43:06,
8201,無敵,14.37,27.39,39.1,K<D,53.01,0.13,0.22,-0.08,DIF<MACD,15.99,14.62,13.26,31.79,320,186,1.3,8.79,,,,2026-02-03 23:43:08,
8210,勤誠,972.16,40.44,42.9,黃金交叉,49.38,-2.62,-1.38,-1.24,DIF<MACD,990.06,935.2,880.34,66.34,2165,2045,0.75,1196.8,40.35,7.49,0.78,2026-02-03 23:43:09,
8213,志超,35.86,46.14,61.64,K<D,57.73,0.58,0.63,-0.05,DIF<MACD,36.78,35.07,33.36,68.65,476,732,1.1,93.71,13.79,1.38,3.89,2026-02-03 23:43:10,
8215,明基材,18.79,7.46,16.54,K<D,30.71,-0.09,0.15,-0.24,DIF<MACD,22.04,20.56,19.08,0.0,569,601,0.86,61.09,952.5,0.62,3.25,2026-02-03 23:43:11,
8222,寶一,40.42,2.05,9.27,K<D,26.59,-0.23,0.15,-0.38,DIF<MACD,45.11,42.38,39.64,16.73,326,477,0.65,27.57,65.9,0.7,1.74,2026-02-03 23:43:12,
8249,菱光,57.02,35.1,55.75,K<D,53.21,1.99,2.03,-0.04,DIF<MACD,64.39,56.51,48.63,57.45,1608,5562,0.1,77.62,13.13,2.02,3.51,2026-02-03 23:43:13,
8261,富鼎,86.23,21.71,37.09,K<D,40.94,0.18,0.91,-0.73,DIF<MACD,100.32,92.88,85.44,10.99,905,2179,0.1,105.09,15.79,3.19,3.61,2026-02-03 23:43:14,
8271,宇瞻,108.65,18.7,28.14,K<D,34.86,1.22,3.45,-2.23,DIF<MACD,135.44,121.5,107.56,3.84,8457,11248,0.97,135.82,28.65,2.21,2.08,2026-02-03 23:43:16,
8341,日友,74.15,5.96,13.01,黃金交叉,0.06,-0.95,-0.3,-0.65,DIF<MACD,88.78,80.34,71.89,23.35,311,398,0.82,98.54,16.51,3.8,5.01,2026-02-03 23:43:17,
8367,建新國際,44.16,43.83,51.57,K<D,43.28,-0.09,-0.1,0.01,DIF>MACD,43.7,43.07,42.43,40.72,40,35,1.16,39.63,13.11,2.8,6.51,2026-02-03 23:43:18,
8374,羅昇,83.43,24.42,45.03,K<D,47.12,1.61,2.45,-0.84,DIF<MACD,97.07,88.57,80.06,20.79,502,1725,0.1,93.95,76.09,0.45,0.54,2026-02-03 23:43:19,
8404,百和興業-KY,22.37,8.22,14.24,K<D,24.55,-0.28,-0.15,-0.13,DIF<MACD,25.13,23.93,22.73,10.06,299,402,0.98,95.74,17.81,0.15,0.66,2026-02-03 23:43:20,
8411,福貞-KY,12.03,74.66,75.95,K>D,39.12,-0.05,-0.06,0.01,DIF>MACD,12.23,12.06,11.89,27.9,63,53,0.84,26.21,21.43,0.05,0.42,2026-02-03 23:43:22,
8422,可寧衛*,36.19,6.3,17.57,K<D,20.54,1.41,2.83,-1.42,DIF<MACD,49.78,40.98,32.18,12.15,51401,60815,0.54,402.43,29.5,0.99,2.8,2026-02-03 23:43:23,
8429,金麗-KY,7.55,19.68,31.6,K<D,36.08,-0.02,-0.01,-0.01,DIF<MACD,7.77,7.59,7.4,6.28,219,555,0.36,13.84,186.25,,,2026-02-03 23:43:24,
8438,昶昕,58.25,29.46,48.54,K<D,51.58,5.27,6.82,-1.56,DIF<MACD,71.78,59.29,46.8,37.56,1352,1428,0.74,40.01,34.88,1.3,2.27,2026-02-03 23:43:25,
8442,威宏-KY,69.15,16.13,25.9,K<D,26.19,-0.24,0.03,-0.27,DIF<MACD,73.2,70.71,68.21,11.5,68,75,0.66,48.07,12.23,6.41,9.36,2026-02-03 23:43:26,
8443,阿瘦,11.43,57.54,62.79,K<D,54.26,0.05,0.06,-0.02,DIF<MACD,11.68,11.33,10.97,45.93,3,9,0.51,7.55,,0.2,1.77,2026-02-03 23:43:28,
8454,富邦媒,191.94,25.24,20.98,K>D,9.07,-5.82,-5.49,-0.33,DIF<MACD,212.07,197.57,183.08,11.55,245,429,0.72,498.15,15.65,12.19,6.48,2026-02-03 23:43:30,
8462,柏文,136.42,24.84,20.89,K>D,9.86,-3.34,-2.0,-1.34,DIF<MACD,163.35,149.88,136.4,1.12,163,258,0.95,109.82,19.0,4.2,3.03,2026-02-03 23:43:31,
8463,潤泰材,26.48,29.85,39.2,K<D,29.38,-0.05,-0.01,-0.03,DIF<MACD,27.16,26.75,26.35,15.45,57,69,0.75,39.75,12.44,1.1,4.15,2026-02-03 23:43:33,
8464,億豐,406.58,49.89,57.74,K<D,57.46,9.81,10.37,-0.56,DIF<MACD,442.77,408.82,374.88,65.7,865,1620,0.1,1211.64,18.49,14.5,3.51,2026-02-03 23:43:34,
8466,美吉吉-KY,22.64,15.54,22.49,K<D,52.77,0.0,0.09,-0.09,DIF<MACD,24.11,22.41,20.72,34.66,33,26,1.03,17.48,39.29,1.2,5.45,2026-02-03 23:43:35,
8467,波力-KY,194.55,45.02,50.08,K<D,69.56,5.54,6.49,-0.95,DIF<MACD,198.54,182.6,166.66,81.36,28,63,0.92,93.52,14.97,4.06,2.14,2026-02-03 23:43:36,
8473,山林水,35.35,0.01,11.63,K<D,33.77,-0.02,0.45,-0.47,DIF<MACD,42.27,38.63,34.99,18.4,355,593,0.7,65.74,17.91,0.73,2.01,2026-02-03 23:43:37,
8476,台境*,18.12,0.28,14.83,K<D,35.15,-0.01,0.51,-0.51,DIF<MACD,25.17,20.32,15.47,18.58,1022,1495,0.89,28.87,198.89,1.02,5.7,2026-02-03 23:43:38,
8478,東哥遊艇,186.13,21.27,27.1,K<D,28.18,-2.6,-1.75,-0.86,DIF<MACD,196.4,189.4,182.4,1.42,133,213,0.14,170.56,24.83,5.0,2.75,2026-02-03 23:43:39,
8481,政伸,41.15,24.55,40.24,K<D,62.05,0.36,0.41,-0.05,DIF<MACD,43.59,41.91,40.24,50.31,40,18,2.15,27.94,12.87,2.55,6.08,2026-02-03 23:43:41,
8482,商億-KY,48.8,64.5,48.15,K>D,41.36,-0.24,-0.17,-0.06,DIF<MACD,50.9,48.96,47.03,44.79,3,5,0.13,51.07,16.59,4.36,8.97,2026-02-03 23:43:42,
8487,愛爾達-創,81.99,24.25,33.57,K<D,59.06,0.48,0.59,-0.11,DIF<MACD,81.28,80.15,79.02,53.07,21,27,0.85,21.23,17.32,5.2,6.5,2026-02-03 23:43:43,
8488,吉源-KY,9.67,10.94,13.53,黃金交叉,45.7,-0.03,-0.02,-0.01,DIF<MACD,10.13,9.97,9.82,33.7,19,10,2.21,7.31,,,,2026-02-03 23:43:44,
8499,鼎炫-KY,295.96,20.52,29.24,K<D,37.87,-8.81,-7.17,-1.64,DIF<MACD,336.12,311.52,286.93,3.23,46,110,0.89,120.41,27.18,8.06,2.76,2026-02-03 23:43:45,
8926,台汽電,42.48,24.49,37.3,K<D,61.27,0.43,0.46,-0.03,DIF<MACD,45.11,42.73,40.35,60.11,521,994,0.56,314.02,18.07,2.1,4.88,2026-02-03 23:43:47,
8940,新天地,20.61,15.01,20.33,K>D,35.53,-0.09,-0.03,-0.06,DIF<MACD,21.09,20.53,19.97,7.14,33,54,0.57,13.57,26.45,,,2026-02-03 23:43:48,
8996,高力,840.09,83.43,71.62,K>D,60.77,51.59,47.65,3.95,DIF>MACD,839.49,714.45,589.41,84.69,5181,3340,2.0,749.59,124.35,4.02,0.49,2026-02-03 23:43:49,
9103,美德醫療-DR,5.95,80.99,79.23,K>D,73.57,0.38,0.22,0.16,DIF>MACD,6.32,5.01,3.7,70.89,2596,7393,0.52,31.6,,,,2026-02-03 23:43:50,
9105,泰金寶-DR,6.04,13.31,19.19,K<D,33.27,0.03,0.07,-0.04,DIF<MACD,6.67,6.18,5.68,27.84,14600,26375,0.11,632.23,28.81,0.18,2.98,2026-02-03 23:43:51,
9110,越南控-DR,3.22,59.52,58.07,黃金交叉,53.84,0.01,0.0,0.0,DIF>MACD,3.21,3.09,2.96,79.79,16,39,0.38,28.59,,,,2026-02-03 23:43:52,
9136,巨騰-DR,7.68,8.03,12.59,K<D,32.87,0.01,0.13,-0.12,DIF<MACD,8.89,8.17,7.45,0.0,277,380,0.47,63.59,,,,2026-02-03 23:43:53,
9801,9801,10.99,63.56,52.17,黃金交叉,42.54,-0.04,-0.05,0.01,黃金交叉,11.34,11.06,10.78,58.55,2105,2419,0.84,,,,,2026-02-03 23:43:54,
9802,鈺齊-KY,95.04,9.89,12.0,K<D,19.95,-2.58,-2.23,-0.34,DIF<MACD,104.42,98.45,92.47,8.22,1434,1292,1.07,187.32,12.98,5.1,5.47,2026-02-03 23:43:55,
9902,台火,15.99,19.67,32.75,K<D,42.42,-0.03,0.09,-0.13,DIF<MACD,18.28,17.29,16.3,6.17,235,392,0.68,16.13,548.33,0.3,1.82,2026-02-03 23:43:57,
9904,寶成,30.58,21.08,23.16,K<D,29.93,-0.03,0.08,-0.12,DIF<MACD,32.06,31.12,30.19,1.64,5053,7463,0.54,895.82,8.04,1.7,5.59,2026-02-03 23:43:58,
9905,大華,19.63,38.85,58.12,K<D,42.57,0.01,0.03,-0.01,DIF<MACD,20.21,20.05,19.89,24.17,63,79,0.46,60.85,15.47,1.2,6.02,2026-02-03 23:43:59,
9906,欣巴巴,43.44,23.78,14.05,黃金交叉,4.81,-1.38,-1.05,-0.33,DIF<MACD,51.09,47.08,43.08,7.31,383,257,1.49,40.17,54.21,6.5,14.62,2026-02-03 23:44:00,
9907,統一實,17.4,10.22,17.83,K<D,11.06,-0.12,-0.02,-0.1,DIF<MACD,19.2,18.48,17.76,11.44,2332,2383,1.31,281.88,13.03,0.97,5.43,2026-02-03 23:44:01,
9908,大台北,30.05,23.09,32.48,K<D,34.46,-0.04,-0.04,-0.0,DIF<MACD,29.98,29.84,29.69,11.47,167,175,1.11,148.76,17.37,1.2,4.04,2026-02-03 23:44:02,
9910,豐泰,91.91,13.34,13.95,K<D,18.8,-5.45,-5.25,-0.2,DIF<MACD,111.69,100.69,89.68,12.86,1131,2024,0.4,916.38,17.68,5.1,5.5,2026-02-03 23:44:03,
9911,櫻花,84.63,27.98,28.44,K<D,41.6,-0.06,0.06,-0.12,DIF<MACD,85.4,83.92,82.44,36.51,98,163,1.04,183.76,14.1,4.7,5.63,2026-02-03 23:44:05,
9912,偉聯,11.69,24.44,27.44,K<D,35.81,-0.06,-0.05,-0.01,DIF<MACD,12.21,12.03,11.86,39.54,19,42,0.87,6.5,,,,2026-02-03 23:44:06,
9914,美利達,87.91,39.04,24.46,黃金交叉,51.54,0.28,0.24,0.04,黃金交叉,94.01,86.62,79.23,63.18,2355,1610,1.17,265.8,13.45,4.0,4.5,2026-02-03 23:44:07,
9917,中保科,105.25,11.99,8.32,K<D,22.49,-0.67,-0.31,-0.36,DIF<MACD,111.17,107.72,104.28,18.15,410,696,0.13,466.25,15.96,5.2,4.95,2026-02-03 23:44:08,
9918,欣天然,40.34,69.9,70.3,K<D,52.56,-0.02,-0.02,0.01,黃金交叉,39.92,39.58,39.24,68.58,12,11,1.29,70.58,22.92,1.6,4.04,2026-02-03 23:44:10,
9919,康那香,16.96,34.69,38.44,K<D,52.17,0.25,0.17,0.08,DIF>MACD,18.56,16.88,15.2,54.72,1139,5351,0.54,33.5,,0.2,1.17,2026-02-03 23:44:11,
9921,巨大,93.4,28.97,31.32,黃金交叉,46.15,-0.61,-0.52,-0.09,DIF<MACD,97.12,92.31,87.51,56.3,2588,2306,1.59,363.44,15.15,2.2,2.37,2026-02-03 23:44:12,
9924,福興,48.65,10.35,16.55,K<D,25.87,-1.08,-0.93,-0.15,DIF<MACD,51.28,49.42,47.56,8.24,63,104,1.0,71.69,10.86,5.88,12.37,2026-02-03 23:44:13,
9925,新保,40.98,25.41,31.65,K<D,36.8,-0.02,0.0,-0.02,DIF<MACD,41.01,40.78,40.55,42.04,127,228,0.66,156.37,16.54,2.0,4.91,2026-02-03 23:44:15,
9926,新海,48.56,45.42,26.36,黃金交叉,46.2,-0.07,-0.08,0.01,DIF>MACD,49.53,49.3,49.08,60.68,3,15,0.22,88.59,18.84,2.0,4.05,2026-02-03 23:44:16,
9927,泰銘,67.52,28.56,38.77,K<D,43.22,0.3,0.4,-0.1,DIF<MACD,72.23,69.97,67.72,38.56,51,89,0.11,83.4,12.52,2.83,4.07,2026-02-03 23:44:17,
9928,中視,18.6,44.86,45.96,K>D,56.54,-0.07,-0.09,0.02,DIF>MACD,18.48,18.18,17.87,49.77,26,56,0.22,12.87,,,,2026-02-03 23:44:18,
9929,秋雨,10.59,96.56,89.54,K>D,59.89,0.05,0.02,0.03,DIF>MACD,10.92,10.64,10.36,100.0,8,6,1.35,11.04,,,,2026-02-03 23:44:20,
9930,中聯資源,71.06,18.99,18.53,K<D,8.12,-0.24,-0.09,-0.15,DIF<MACD,71.94,70.58,69.22,3.06,70,127,0.68,172.74,13.84,4.0,5.76,2026-02-03 23:44:21,
9931,欣高,34.41,49.89,49.12,黃金交叉,57.85,0.04,0.02,0.02,DIF>MACD,34.4,33.97,33.55,96.2,2,5,0.47,41.35,12.58,1.8,5.24,2026-02-03 23:44:22,
9933,中鼎,31.92,13.59,11.21,K<D,30.45,-0.2,0.02,-0.22,DIF<MACD,34.04,32.24,30.43,14.25,2450,2926,1.08,277.21,97.19,1.0,3.22,2026-02-03 23:44:23,
9934,成霖,10.15,15.35,23.9,K<D,45.84,0.03,0.09,-0.06,DIF<MACD,10.83,10.22,9.61,24.68,528,562,0.72,40.98,58.65,0.35,3.51,2026-02-03 23:44:24,
9935,慶豐富,20.19,14.53,24.77,K<D,39.88,-0.11,-0.03,-0.08,DIF<MACD,20.9,20.12,19.35,14.3,128,207,0.68,34.86,11.88,1.8,9.18,2026-02-03 23:44:26,
9937,全國,56.89,37.81,43.27,K<D,59.82,-0.06,0.04,-0.1,DIF<MACD,59.26,57.84,56.41,44.68,5,40,0.1,177.39,24.22,2.1,3.66,2026-02-03 23:44:27,
9938,百和,51.82,16.91,14.77,黃金交叉,30.95,-0.57,-0.38,-0.19,DIF<MACD,54.67,52.17,49.66,17.8,1165,1489,0.69,151.96,11.86,3.0,5.88,2026-02-03 23:44:28,
9939,宏全,117.31,35.09,48.11,K<D,46.05,-0.11,-0.07,-0.04,DIF<MACD,122.97,119.33,115.68,33.37,838,1341,0.88,349.03,13.47,6.2,5.25,2026-02-03 23:44:29,
9940,信義,21.57,14.6,20.7,K<D,10.44,-0.24,-0.17,-0.07,DIF<MACD,23.13,22.33,21.53,0.0,484,438,1.29,159.16,54.0,1.8,8.33,2026-02-03 23:44:30,
9941,裕融,78.6,26.62,23.71,K<D,24.55,-2.36,-2.64,0.29,DIF>MACD,82.4,79.59,76.77,14.99,859,1180,1.22,449.0,11.27,4.38,5.62,2026-02-03 23:44:32,
9942,茂順,114.0,60.45,72.27,K<D,67.47,1.58,1.54,0.05,DIF>MACD,115.08,109.9,104.72,64.29,97,128,0.54,92.72,13.39,7.0,6.28,2026-02-03 23:44:33,
9943,好樂迪,60.82,19.05,20.11,K<D,19.15,-0.34,-0.3,-0.05,DIF<MACD,60.68,59.91,59.14,0.0,36,52,0.7,73.98,11.92,4.8,8.12,2026-02-03 23:44:34,
9944,新麗,16.92,20.66,37.23,K<D,45.81,-0.02,0.01,-0.03,DIF<MACD,17.27,16.88,16.5,15.18,40,95,0.25,17.63,,0.3,1.8,2026-02-03 23:44:35,
9945,潤泰新,28.06,8.69,19.89,K<D,21.87,-0.31,-0.19,-0.11,DIF<MACD,30.37,29.38,28.38,0.0,11650,8900,1.25,799.33,8.22,1.1,3.9,2026-02-03 23:44:37,
9946,三發地產,16.72,11.4,10.06,黃金交叉,16.44,-0.43,-0.29,-0.14,DIF<MACD,19.42,17.84,16.26,8.84,153,197,1.14,54.5,93.33,1.04,6.19,2026-02-03 23:44:38,
9955,佳龍,33.32,25.86,39.26,K<D,31.74,0.86,1.41,-0.55,DIF<MACD,41.29,35.58,29.86,22.16,1369,2910,0.65,34.32,,,,2026-02-03 23:44:39,
9958,世紀鋼,129.93,17.92,25.57,K<D,33.41,-1.4,-0.59,-0.8,DIF<MACD,147.24,138.75,130.26,19.53,1232,1889,1.03,325.9,25.73,4.16,3.15,2026-02-03 23:44:40,
2230,C.T.I. TRAFFIC INDUSTRIES CO. L,89.3,33.98,26.07,,26.42,-1.8,-1.77,-0.03,,94.86,90.95,87.04,,1162,388,2.99,23.16,50.07,1.0,265.0,2026-03-03 19:39:40,2026-02-02
3357,TAI-TECH ADVANCED ELECTRONICS C,146.0,9.84,23.19,,34.92,0.3,3.13,-2.83,,181.12,165.55,149.98,,1898,2167,0.88,185.19,19.29,5.0,248.0,2026-03-03 19:39:42,2026-02-02
3498,USUN TECHNOLOGY CO LTD,48.6,25.87,26.41,,37.3,-0.11,0.2,-0.31,,55.83,51.77,47.71,,1086,2029,0.54,36.55,,,,2026-03-03 19:39:44,2026-02-02
3615,AIMCORE TECHNOLOGY CO LTD,25.0,30.61,36.93,,48.87,0.24,0.41,-0.17,,26.95,25.96,24.97,,782,706,1.11,24.34,169.29,0.3,93.0,2026-03-03 19:39:46,2026-02-02
7717,LIGHTEL CORPORATION,589.0,82.16,84.15,,79.39,59.92,53.21,6.71,,641.18,482.95,324.72,,159,702,0.23,174.19,147.59,,,2026-03-03 19:39:48,2026-02-02
7744,WB,293.0,16.23,17.75,,26.53,-2.12,2.85,-4.97,,358.88,326.9,294.92,,183,103,1.78,152.48,29.93,5.0,95.0,2026-03-03 19:39:49,2026-02-02
