股票代號,股票名稱,收盤價,開盤價,最高價,最低價,K值,D值,RSI,DIF,MACD,柱狀圖,BB上軌,BB中軌,BB下軌,成交量張,5日均量張,量比,市值億,本益比,每股配息,殖利率,交易日,更新時間
50,元大台灣50,106.0,105.5,105.5,102.25,30.65,38.59,41.27,0.97,1.67,-0.7,110.95,106.96,102.96,258973,92628,2.8,,30.96,,,2026-07-14,2026-07-14 07:31:19
51,元大中型100,143.8,142.2,142.2,136.25,23.99,31.86,32.36,0.76,1.97,-1.21,152.13,146.09,140.05,176,78,2.25,,28.28,,,2026-07-14,2026-07-14 07:31:20
52,富邦科技,62.1,61.6,61.8,59.85,28.93,35.9,40.21,0.56,0.98,-0.43,65.21,62.76,60.31,38833,20524,1.89,,36.25,,,2026-07-14,2026-07-14 07:31:21
53,元大電子,239.2,238.5,238.5,228.75,21.16,29.35,40.34,0.85,2.78,-1.93,254.09,242.55,231.01,93,30,3.02,,40.3,,,2026-07-14,2026-07-14 07:31:22
55,元大MSCI金融,42.61,42.55,42.55,41.52,65.62,66.04,47.72,1.03,1.28,-0.25,43.49,42.33,41.17,264,217,1.21,,17.21,,,2026-07-14,2026-07-14 07:31:23
56,元大高股息,52.4,52.3,52.35,50.5,38.67,41.63,40.54,0.7,1.03,-0.33,54.01,52.61,51.21,129588,50155,2.58,,20.95,,,2026-07-14,2026-07-14 07:31:23
57,富邦摩台,315.15,309.5,311.35,303.95,29.47,40.89,40.92,2.9,5.02,-2.12,328.24,316.91,305.59,59,15,3.93,,34.19,,,2026-07-14,2026-07-14 07:31:24
61,元大寶滬深,24.64,24.64,25.01,24.45,23.12,23.93,46.13,-0.02,0.06,-0.08,25.93,25.28,24.62,219,114,1.92,,20.18,,,2026-07-14,2026-07-14 07:31:25
1101,台泥,22.85,22.85,22.9,22.4,15.45,17.93,39.03,-0.19,-0.12,-0.07,24.03,23.3,22.57,26607,22091,1.2,1712.19,17.01,0.8,3.5,2026-07-14,2026-07-14 07:31:26
1102,亞泥,34.9,35.0,35.0,34.2,22.02,38.77,32.35,0.08,0.27,-0.19,36.9,35.72,34.54,23858,13568,1.76,1237.75,11.67,2.3,6.59,2026-07-14,2026-07-14 07:31:27
1103,嘉泥,13.55,13.55,13.55,13.35,31.38,35.49,42.86,-0.0,0.01,-0.02,13.86,13.55,13.24,515,331,1.56,89.26,16.13,0.52,3.84,2026-07-14,2026-07-14 07:31:28
1104,環泥,27.1,27.2,27.2,26.45,42.18,50.84,48.08,0.08,0.12,-0.04,27.61,27.06,26.51,1086,608,1.79,,10.63,1.85,6.83,2026-07-14,2026-07-14 07:31:29
1108,幸福,13.65,13.7,13.7,13.45,15.4,26.91,38.46,-0.06,-0.04,-0.02,14.07,13.79,13.52,853,631,1.35,55.25,6.32,1.0,7.33,2026-07-14,2026-07-14 07:31:30
1109,信大,14.65,14.7,14.7,14.5,50.23,62.61,53.85,-0.02,-0.03,0.01,14.81,14.61,14.42,221,121,1.83,49.98,14.22,0.9,6.14,2026-07-14,2026-07-14 07:31:31
1110,東泥,15.7,15.8,15.85,15.6,69.28,69.63,61.25,0.22,0.19,0.02,15.98,15.36,14.74,256,150,1.7,89.56,43.61,0.3,1.91,2026-07-14,2026-07-14 07:31:32
1201,味全,12.55,12.65,12.65,12.35,52.24,51.31,55.56,0.04,0.02,0.01,12.69,12.44,12.19,766,351,2.18,63.51,31.38,0.21,1.67,2026-07-14,2026-07-14 07:31:33
1203,味王,42.85,43.5,44.55,43.25,61.65,57.5,56.76,0.14,0.1,0.04,43.91,43.18,42.44,104,36,2.86,101.86,23.67,1.2,2.8,2026-07-14,2026-07-14 07:31:33
1210,大成,57.9,58.1,58.1,56.7,50.63,57.57,63.22,0.88,0.87,0.01,59.0,56.27,53.55,2027,2153,0.94,484.45,13.19,3.0,5.18,2026-07-14,2026-07-14 07:31:34
1213,大飲,7.53,7.3,7.48,7.3,23.62,25.03,40.18,-0.24,-0.22,-0.02,8.54,7.86,7.18,6,5,1.19,4.26,,0.35,4.65,2026-07-14,2026-07-14 07:31:35
1215,卜蜂,113.5,113.5,113.5,111.0,65.55,49.27,43.33,-2.36,-2.87,0.51,117.12,113.72,110.33,1252,966,1.3,334.59,10.92,7.0,6.17,2026-07-14,2026-07-14 07:31:36
1216,統一,78.5,78.6,78.6,77.5,83.11,79.18,70.73,1.22,1.0,0.23,79.55,76.25,72.94,18040,15808,1.14,4460.38,22.82,3.0,3.82,2026-07-14,2026-07-14 07:31:37
1217,愛之味,10.0,10.0,10.0,9.89,41.61,52.44,53.85,0.05,0.05,-0.0,10.15,9.92,9.69,669,399,1.68,49.45,23.81,0.25,2.5,2026-07-14,2026-07-14 07:31:38
1218,泰山,16.2,16.1,16.15,15.9,10.5,15.75,10.2,-0.35,-0.18,-0.18,18.64,17.45,16.26,2310,2343,0.99,78.78,10.19,1.32,8.15,2026-07-14,2026-07-14 07:31:39
1219,福壽,11.9,11.9,11.9,11.65,27.88,35.76,26.09,-0.12,-0.06,-0.06,12.79,12.36,11.93,984,1118,0.88,40.61,26.44,0.5,4.2,2026-07-14,2026-07-14 07:31:40
1220,台榮,11.45,11.5,11.5,11.35,38.08,49.77,42.86,-0.07,-0.06,-0.01,11.9,11.64,11.37,65,115,0.57,20.2,143.12,0.2,1.75,2026-07-14,2026-07-14 07:31:41
1225,福懋油,26.4,26.4,26.65,26.05,13.29,12.15,14.29,-0.89,-0.62,-0.27,32.83,29.3,25.77,135,175,0.77,63.96,16.3,0.14,0.53,2026-07-14,2026-07-14 07:31:42
1227,佳格,30.1,30.2,30.2,29.65,56.63,60.64,59.76,0.31,0.28,0.03,30.46,29.48,28.49,1245,857,1.45,273.43,22.63,1.34,4.45,2026-07-14,2026-07-14 07:31:43
1229,聯華,40.3,40.4,40.4,39.7,26.16,34.36,53.99,0.32,0.38,-0.06,41.2,39.98,38.76,2850,2139,1.33,735.28,15.99,1.8,4.47,2026-07-14,2026-07-14 07:31:43
1231,聯華食,86.5,87.5,87.5,85.1,21.99,30.82,38.04,-0.2,0.05,-0.25,89.16,87.44,85.72,431,353,1.22,258.16,22.7,1.6,1.85,2026-07-14,2026-07-14 07:31:44
1232,大統益,151.0,151.0,153.0,150.0,61.31,52.09,72.5,1.88,1.12,0.76,150.81,144.38,137.94,598,349,1.71,241.56,18.33,7.2,4.77,2026-07-14,2026-07-14 07:31:45
1233,天仁,28.1,28.5,28.5,28.1,37.48,40.78,50.0,-0.02,-0.02,0.0,28.48,28.11,27.73,22,17,1.28,25.44,37.47,0.2,0.71,2026-07-14,2026-07-14 07:31:46
1234,黑松,33.3,33.45,33.45,33.3,57.23,41.8,48.9,0.02,0.02,-0.0,33.57,33.3,33.03,250,136,1.84,133.82,16.65,1.65,4.95,2026-07-14,2026-07-14 07:31:47
1235,興泰,35.9,37.15,37.15,35.3,21.92,29.41,31.86,-0.8,-0.81,0.01,38.16,36.73,35.3,24,26,0.91,16.32,,0.5,1.39,2026-07-14,2026-07-14 07:31:48
1236,宏亞,23.3,23.3,23.3,22.95,19.51,33.36,28.2,0.01,0.13,-0.12,24.88,24.09,23.31,94,143,0.66,20.2,,1.65,7.08,2026-07-14,2026-07-14 07:31:49
1240,茂生農經,58.3,58.4,58.4,57.6,74.42,70.6,46.87,0.01,-0.02,0.02,58.65,58.04,57.43,55,27,2.05,25.79,12.05,3.0,5.15,2026-07-14,2026-07-14 07:31:50
1256,鮮活果汁-KY,192.0,188.0,191.5,181.0,63.82,72.94,63.79,4.52,3.35,1.17,200.8,181.32,161.84,93,124,0.76,68.68,17.2,6.6,3.44,2026-07-14,2026-07-14 07:31:51
1259,安心,58.8,58.4,59.3,56.0,70.38,77.32,51.52,0.33,0.21,0.12,58.93,57.19,55.46,19,16,1.16,19.05,24.0,1.2,2.04,2026-07-14,2026-07-14 07:31:52
1264,德麥,269.5,269.0,272.0,269.0,50.36,53.28,65.22,0.05,-0.13,0.18,273.23,270.2,267.17,91,46,1.96,99.86,13.24,15.0,5.57,2026-07-14,2026-07-14 07:31:53
1268,漢來美食,165.5,165.5,165.5,164.5,33.76,40.55,32.26,-0.18,0.56,-0.75,172.7,168.78,164.85,11,30,0.38,69.88,16.39,7.5,4.53,2026-07-14,2026-07-14 07:31:55
1294,漢田生技,57.7,57.6,57.6,56.5,5.11,9.19,14.96,-1.29,-0.69,-0.6,65.96,61.47,56.98,64,51,1.25,20.96,15.22,3.0,5.2,2026-07-14,2026-07-14 07:31:56
1295,生合,51.3,51.3,51.3,49.0,52.08,56.47,54.52,-0.15,-0.53,0.39,51.04,48.89,46.74,72,97,0.75,17.74,9.75,2.99,5.83,2026-07-14,2026-07-14 07:31:57
1301,台塑,60.2,61.5,63.6,59.4,64.33,56.55,62.82,2.99,2.58,0.42,64.61,55.08,45.55,140303,58546,2.4,3832.18,36.75,0.5,0.83,2026-07-14,2026-07-14 07:31:58
1303,南亞,199.5,203.0,210.0,188.5,84.74,77.14,70.68,22.01,20.4,1.62,217.89,166.8,115.71,155245,92544,1.68,15821.99,343.97,0.8,0.4,2026-07-14,2026-07-14 07:31:59
1304,台聚,13.55,13.8,14.1,13.25,21.41,33.13,49.5,0.14,0.18,-0.05,14.89,13.62,12.35,9393,6546,1.43,145.3,,0.15,1.11,2026-07-14,2026-07-14 07:32:00
1305,華夏,12.95,13.2,13.35,12.4,15.41,26.72,44.0,-0.03,0.04,-0.07,14.29,13.2,12.12,5114,3540,1.44,75.25,,0.1,0.77,2026-07-14,2026-07-14 07:32:01
1307,三芳,32.35,32.5,32.5,31.8,24.46,25.85,39.62,0.11,0.3,-0.19,34.7,32.99,31.27,730,825,0.89,128.69,11.39,2.2,6.8,2026-07-14,2026-07-14 07:32:02
1308,亞聚,14.8,15.3,15.3,14.4,32.87,41.98,53.49,0.26,0.24,0.02,15.65,14.37,13.09,3391,2835,1.2,87.87,54.81,0.2,1.35,2026-07-14,2026-07-14 07:32:03
1309,台達化,14.8,15.45,15.8,14.9,24.16,30.7,50.0,-0.28,-0.36,0.08,15.94,14.85,13.76,9220,4278,2.16,58.84,,0.15,1.01,2026-07-14,2026-07-14 07:32:04
1310,台苯,10.35,10.35,10.7,10.0,23.57,38.4,54.07,0.42,0.48,-0.06,11.81,10.2,8.6,6213,6386,0.97,54.63,39.81,,,2026-07-14,2026-07-14 07:32:06
1312,國喬,13.35,13.45,13.7,12.85,12.79,21.95,39.02,0.15,0.33,-0.18,14.79,13.83,12.87,17953,11440,1.57,203.57,20.23,,,2026-07-14,2026-07-14 07:32:07
1313,聯成,12.3,12.5,12.65,12.1,20.74,36.52,54.17,0.36,0.45,-0.09,13.97,12.37,10.77,6016,7624,0.79,163.69,,0.1,0.81,2026-07-14,2026-07-14 07:32:08
1314,中石化,8.85,8.93,9.24,8.53,33.05,48.71,58.91,0.38,0.41,-0.04,10.23,8.6,6.97,79064,122246,0.65,334.96,5.09,,,2026-07-14,2026-07-14 07:32:10
1315,達新,63.7,63.7,64.1,63.4,55.42,55.9,67.44,0.55,0.47,0.08,64.54,62.83,61.11,65,23,2.76,60.85,41.1,4.5,7.06,2026-07-14,2026-07-14 07:32:11
1316,上曜,10.3,10.35,10.35,10.0,17.8,24.35,46.15,-0.11,-0.09,-0.02,11.05,10.49,9.93,2484,1177,2.11,36.63,46.82,,,2026-07-14,2026-07-14 07:32:11
1319,東陽,75.2,75.5,75.6,73.7,29.26,29.09,33.33,-2.68,-2.14,-0.54,94.13,80.17,66.21,2675,1965,1.36,444.79,11.7,5.0,6.65,2026-07-14,2026-07-14 07:32:12
1321,大洋,31.15,31.35,31.35,30.85,40.53,50.74,52.46,0.25,0.31,-0.06,32.2,31.34,30.49,152,108,1.4,68.74,,0.38,1.22,2026-07-14,2026-07-14 07:32:13
1323,永裕,20.1,20.1,20.25,19.9,54.27,61.93,50.91,0.13,0.11,0.01,20.61,19.97,19.33,118,79,1.5,18.35,77.31,0.9,4.48,2026-07-14,2026-07-14 07:32:14
1324,地球,10.35,10.3,10.4,10.25,21.89,31.95,50.0,-0.02,-0.01,-0.01,10.72,10.46,10.19,64,49,1.32,7.78,,0.2,1.93,2026-07-14,2026-07-14 07:32:15
1325,恆大,24.25,24.25,24.35,23.9,25.97,30.62,35.29,-0.5,-0.5,0.0,26.43,24.96,23.48,376,155,2.43,20.68,,0.3,1.24,2026-07-14,2026-07-14 07:32:16
1326,台化,65.0,65.3,67.2,63.8,55.29,54.98,61.83,3.75,3.39,0.37,69.9,59.05,48.2,94485,64525,1.46,3801.86,44.3,0.6,0.92,2026-07-14,2026-07-14 07:32:17
1336,台翰,14.5,15.35,15.95,14.85,42.5,23.32,55.7,0.14,0.16,-0.01,15.97,14.97,13.96,1590,370,4.3,11.25,20.71,0.26,1.79,2026-07-14,2026-07-14 07:32:20
1337,再生-KY,5.0,5.06,5.06,4.94,16.24,29.18,51.19,0.03,0.04,-0.01,5.48,5.07,4.66,421,484,0.87,13.45,,,,2026-07-14,2026-07-14 07:32:21
1338,廣華-KY,16.05,16.35,16.75,15.7,37.3,46.85,45.73,0.08,0.16,-0.08,17.42,16.71,16.0,338,140,2.4,12.96,1.86,0.31,1.93,2026-07-14,2026-07-14 07:32:22
1339,昭輝,44.5,44.5,44.5,43.55,41.28,53.06,49.02,0.41,0.49,-0.07,45.58,44.28,42.97,136,86,1.57,32.99,18.46,3.0,6.74,2026-07-14,2026-07-14 07:32:23
1340,勝悅-KY,5.33,5.31,5.39,5.26,19.71,30.96,42.75,-0.05,-0.03,-0.01,5.94,5.52,5.11,218,160,1.36,8.15,,,,2026-07-14,2026-07-14 07:32:23
1341,富林-KY,58.2,59.0,59.0,59.0,42.21,37.85,54.35,0.11,0.11,0.0,60.03,58.24,56.46,1,2,0.45,30.76,15.73,4.0,6.87,2026-07-14,2026-07-14 07:32:24
1342,八貫,114.5,114.5,118.0,112.5,70.63,59.97,53.85,2.44,2.93,-0.49,119.4,113.88,108.35,1335,471,2.83,89.31,20.48,6.0,5.24,2026-07-14,2026-07-14 07:32:25
1402,遠東新,26.85,25.75,26.7,25.75,17.44,22.0,42.45,0.05,0.27,-0.22,28.21,27.04,25.87,42798,28346,1.51,1437.04,17.32,1.25,4.66,2026-07-14,2026-07-14 07:32:26
1409,新纖,25.8,25.45,26.8,24.9,21.95,33.56,45.35,0.92,1.44,-0.52,31.22,27.58,23.94,38108,51461,0.74,412.78,21.68,0.6,2.33,2026-07-14,2026-07-14 07:32:27
1410,南染,25.4,25.2,26.05,25.1,47.16,56.92,61.5,0.1,-0.04,0.14,27.1,25.37,23.64,57,207,0.27,15.75,43.79,0.2,0.79,2026-07-14,2026-07-14 07:32:28
1413,宏洲,9.43,9.43,9.49,9.21,57.64,58.91,48.72,-0.02,-0.03,0.0,9.51,9.39,9.27,20,17,1.15,12.46,20.96,,,2026-07-14,2026-07-14 07:32:29
1414,東和,19.3,19.3,19.3,18.55,56.86,75.02,73.13,0.71,0.75,-0.04,20.43,18.49,16.54,325,152,2.13,38.21,101.58,0.2,1.04,2026-07-14,2026-07-14 07:32:30
1416,廣豐,11.05,11.25,11.25,10.95,61.02,58.14,72.22,0.06,0.05,0.01,11.31,11.01,10.7,492,246,2.0,20.48,13.64,0.57,5.16,2026-07-14,2026-07-14 07:32:31
1417,嘉裕,8.81,8.87,8.87,8.58,33.78,49.14,55.9,0.09,0.1,-0.01,9.23,8.68,8.13,356,272,1.31,16.73,14.21,0.25,2.84,2026-07-14,2026-07-14 07:32:31
1418,東華,18.5,18.75,18.75,18.2,43.66,46.43,56.72,0.09,0.01,0.08,19.17,18.31,17.45,35,26,1.36,10.05,,,,2026-07-14,2026-07-14 07:32:32
1419,新紡,66.2,66.6,66.6,65.2,33.03,36.64,46.81,0.29,0.33,-0.04,68.06,66.26,64.46,122,94,1.3,198.09,16.15,1.5,2.27,2026-07-14,2026-07-14 07:32:33
1423,利華,36.9,37.2,39.05,36.5,17.54,19.73,32.95,-0.6,-0.52,-0.08,40.64,37.75,34.86,86,53,1.62,36.77,8.52,3.6,9.76,2026-07-14,2026-07-14 07:32:34
1432,大魯閣,15.2,15.3,15.3,15.0,18.95,15.55,22.73,-0.01,0.03,-0.04,15.9,15.36,14.83,238,136,1.74,16.42,2.52,2.0,13.16,2026-07-14,2026-07-14 07:32:35
1434,福懋,18.5,18.7,18.8,18.15,56.56,56.17,61.34,0.51,0.48,0.04,18.99,17.49,15.98,5686,3782,1.5,311.26,36.27,0.5,2.7,2026-07-14,2026-07-14 07:32:36
1435,中福,26.95,27.95,27.95,26.0,35.6,52.22,65.23,3.53,3.64,-0.11,36.27,23.6,10.93,11,24,0.47,37.67,,,,2026-07-14,2026-07-14 07:32:37
1436,華友聯,44.9,45.2,45.2,44.4,22.69,31.93,38.98,-0.4,-0.4,0.01,46.78,45.33,43.87,490,264,1.86,87.17,9.39,5.05,11.25,2026-07-14,2026-07-14 07:32:38
1437,勤益控,30.55,30.55,30.65,30.15,39.13,54.01,56.67,0.38,0.41,-0.03,31.39,30.32,29.25,188,156,1.2,61.52,12.73,0.96,3.14,2026-07-14,2026-07-14 07:32:39
1438,三地開發,21.85,22.0,22.0,21.05,22.87,28.52,33.33,-0.04,0.1,-0.14,23.68,22.35,21.03,66,27,2.38,24.3,13.24,0.2,0.92,2026-07-14,2026-07-14 07:32:39
1439,雋揚,24.8,25.1,25.15,23.9,41.05,39.63,46.24,-0.36,-0.41,0.05,25.25,24.25,23.25,31,25,1.22,22.82,7.73,0.3,1.21,2026-07-14,2026-07-14 07:32:40
1440,南紡,13.35,13.5,13.5,13.1,17.61,30.02,49.3,0.12,0.21,-0.08,14.44,13.54,12.64,2142,2191,0.98,221.18,63.57,0.3,2.25,2026-07-14,2026-07-14 07:32:41
1441,大東,9.27,9.14,9.15,9.0,32.1,39.93,48.39,-0.03,-0.04,0.02,9.59,9.22,8.84,50,15,3.18,6.65,,,,2026-07-14,2026-07-14 07:32:42
1442,名軒,28.75,28.85,28.95,28.3,83.36,78.41,70.27,0.42,0.33,0.09,29.22,27.88,26.53,322,211,1.52,105.29,9.52,4.5,15.65,2026-07-14,2026-07-14 07:32:43
1443,立益物流,26.3,26.35,26.35,26.0,39.98,46.12,37.66,0.0,0.11,-0.1,28.03,26.67,25.32,14,9,1.54,35.6,23.27,,,2026-07-14,2026-07-14 07:32:44
1444,力麗,8.07,8.23,8.32,7.82,19.9,36.8,61.48,0.41,0.53,-0.12,10.18,8.1,6.02,3553,3452,1.03,79.44,28.82,,,2026-07-14,2026-07-14 07:32:45
1445,大宇,11.5,11.7,11.7,11.4,16.42,28.12,56.25,0.01,0.0,0.01,12.46,11.35,10.24,70,61,1.14,15.03,,0.5,4.35,2026-07-14,2026-07-14 07:32:47
1446,宏和,14.6,14.8,14.8,14.35,17.53,32.94,38.29,-0.0,0.16,-0.16,16.3,15.34,14.39,412,634,0.65,20.11,9.01,1.5,10.27,2026-07-14,2026-07-14 07:32:48
1447,力鵬,8.43,8.43,8.5,7.98,24.96,45.22,65.72,0.65,0.67,-0.01,10.29,7.55,4.81,3091,2677,1.15,71.11,23.42,,,2026-07-14,2026-07-14 07:32:49
1449,佳和,13.6,13.6,13.6,13.05,13.83,17.5,30.67,-0.05,0.09,-0.14,15.07,14.22,13.38,662,588,1.12,17.29,113.33,,,2026-07-14,2026-07-14 07:32:49
1451,年興,17.2,17.35,17.35,16.95,44.59,52.74,50.0,0.11,0.11,-0.0,17.48,17.06,16.64,191,134,1.42,34.06,9.83,1.0,5.81,2026-07-14,2026-07-14 07:32:50
1452,宏益,11.6,11.6,11.75,11.55,66.29,67.03,71.22,0.27,0.21,0.06,12.19,11.18,10.18,134,99,1.35,15.39,5.86,0.2,1.72,2026-07-14,2026-07-14 07:32:52
1453,大將,11.15,11.3,11.3,11.0,20.89,29.72,33.33,-0.09,-0.06,-0.03,11.91,11.4,10.89,110,44,2.48,12.63,278.75,,,2026-07-14,2026-07-14 07:32:53
1454,台富,12.65,12.85,12.85,12.6,23.4,36.94,45.45,-0.05,-0.04,-0.01,13.07,12.82,12.58,35,19,1.83,15.45,,0.25,1.98,2026-07-14,2026-07-14 07:32:54
1455,集盛,9.12,9.1,9.16,8.92,11.52,23.85,46.2,0.08,0.24,-0.15,10.81,9.73,8.66,1555,2005,0.78,48.49,12.67,0.16,1.75,2026-07-14,2026-07-14 07:32:55
1456,怡華,13.95,13.95,14.0,13.4,21.19,22.87,32.31,-0.09,0.02,-0.11,15.6,14.35,13.1,143,109,1.31,13.07,4.1,,,2026-07-14,2026-07-14 07:32:56
1457,宜進,14.25,14.25,14.25,14.1,18.74,29.75,47.5,-0.05,-0.03,-0.02,14.66,14.28,13.9,103,72,1.42,33.28,12.08,1.0,7.02,2026-07-14,2026-07-14 07:32:57
1459,聯發,11.7,11.8,11.8,11.55,18.76,31.73,46.88,0.01,0.04,-0.03,12.06,11.76,11.46,106,107,1.0,37.15,8.42,2.5,21.37,2026-07-14,2026-07-14 07:32:58
1460,宏遠,7.1,7.24,7.24,6.92,14.16,27.02,48.77,0.03,0.09,-0.06,8.17,7.33,6.48,1109,1153,0.96,47.89,10.92,,,2026-07-14,2026-07-14 07:32:58
1463,強盛新,17.8,18.05,18.05,17.45,49.16,60.35,50.0,0.01,-0.01,0.02,18.05,17.62,17.18,53,62,0.85,30.54,136.92,2.1,11.8,2026-07-14,2026-07-14 07:32:59
1464,得力,10.65,10.8,10.8,10.5,37.2,46.62,60.0,0.1,0.11,-0.01,11.11,10.49,9.87,491,320,1.53,45.05,30.43,0.25,2.35,2026-07-14,2026-07-14 07:33:01
1465,偉全,12.5,12.65,13.0,12.6,30.26,39.95,52.63,0.13,0.15,-0.02,13.45,12.74,12.04,88,92,0.96,12.95,,0.6,4.8,2026-07-14,2026-07-14 07:33:03
1466,聚隆,16.85,16.95,18.5,16.5,52.72,59.8,72.36,0.83,0.66,0.17,19.72,16.0,12.29,4697,2938,1.6,18.73,,,,2026-07-14,2026-07-14 07:33:04
1467,南緯,8.21,8.23,8.58,8.11,34.51,46.76,65.14,0.33,0.31,0.02,9.61,7.92,6.24,685,516,1.33,18.94,,,,2026-07-14,2026-07-14 07:33:05
1468,昶和,12.15,12.15,13.35,12.15,74.1,70.7,85.71,0.15,0.05,0.09,12.76,12.11,11.47,54,34,1.56,19.49,57.86,,,2026-07-14,2026-07-14 07:33:06
1470,大統新創,21.45,21.55,21.55,21.5,70.0,68.55,49.69,-0.04,-0.06,0.02,22.35,21.51,20.68,4,3,1.05,18.4,27.5,0.65,3.03,2026-07-14,2026-07-14 07:33:07
1471,首利,10.25,10.2,10.25,9.92,9.65,15.95,30.0,-0.2,-0.14,-0.07,11.46,10.74,10.03,856,452,1.89,15.42,341.67,,,2026-07-14,2026-07-14 07:33:08
1472,三洋實業,86.8,88.1,88.1,86.0,50.4,61.68,63.57,0.87,0.87,0.0,90.66,86.41,82.15,37,50,0.73,45.56,14.28,6.0,6.91,2026-07-14,2026-07-14 07:33:08
1473,台南,20.15,20.35,20.35,19.85,35.52,41.52,59.52,-0.04,-0.06,0.02,20.87,20.19,19.51,100,49,2.04,29.45,35.35,0.5,2.48,2026-07-14,2026-07-14 07:33:09
1474,弘裕,10.4,10.5,10.5,10.15,30.44,38.15,55.32,0.11,0.12,-0.01,11.0,10.36,9.72,144,86,1.66,13.51,31.52,0.25,2.4,2026-07-14,2026-07-14 07:33:10
1475,業旺,27.15,27.15,27.15,26.6,41.37,53.48,47.69,0.14,0.2,-0.06,27.72,27.22,26.72,12,14,0.87,17.92,9.98,1.5,5.52,2026-07-14,2026-07-14 07:33:11
1476,儒鴻,341.0,341.0,345.0,338.0,73.38,66.74,66.0,3.73,1.13,2.59,345.73,325.32,304.92,1405,1291,1.09,935.59,16.98,15.0,4.4,2026-07-14,2026-07-14 07:33:13
1477,聚陽,226.0,226.0,226.0,217.5,38.34,50.49,52.83,0.98,1.12,-0.14,231.31,221.62,211.94,1978,2072,0.95,557.53,15.48,15.0,6.64,2026-07-14,2026-07-14 07:33:15
1503,士電,220.0,217.0,218.5,200.0,10.95,16.89,15.32,-1.39,2.98,-4.37,255.11,233.55,211.99,4359,2076,2.1,1146.14,35.09,5.0,2.27,2026-07-14,2026-07-14 07:33:16
1504,東元,66.5,66.4,66.4,61.8,14.33,21.41,30.33,-0.95,-0.26,-0.69,73.91,69.42,64.94,14567,11757,1.24,1559.68,27.48,2.0,3.01,2026-07-14,2026-07-14 07:33:17
1506,正道,10.35,10.45,10.9,10.3,69.51,60.63,66.39,0.07,0.01,0.06,10.77,10.29,9.81,771,343,2.24,31.09,172.5,,,2026-07-14,2026-07-14 07:33:18
1512,瑞利,6.88,6.78,6.88,6.6,42.05,48.59,48.09,-0.01,-0.0,-0.0,7.31,6.95,6.58,131,121,1.09,6.75,36.21,,,2026-07-14,2026-07-14 07:33:19
1513,中興電,168.0,168.0,168.0,159.0,25.64,24.66,23.38,1.16,2.45,-1.29,178.64,170.14,161.65,4749,3121,1.52,830.04,20.84,6.0,3.57,2026-07-14,2026-07-14 07:33:19
1514,亞力,120.5,120.0,120.5,108.5,21.8,31.6,29.67,-1.2,-0.11,-1.09,130.19,122.1,114.01,19983,5762,3.47,326.4,37.31,2.0,1.66,2026-07-14,2026-07-14 07:33:20
1515,力山,41.15,41.65,41.65,38.7,64.02,72.21,78.0,4.54,4.12,0.42,47.5,34.1,20.7,1949,1569,1.24,74.68,42.42,0.6,1.46,2026-07-14,2026-07-14 07:33:22
1516,川飛,18.05,18.0,18.0,17.25,14.68,17.18,8.57,-0.76,-0.63,-0.12,21.08,19.18,17.29,16,14,1.1,5.42,451.25,,,2026-07-14,2026-07-14 07:33:23
1517,利奇,10.45,10.65,10.8,10.4,37.14,46.77,55.56,0.1,0.11,-0.01,11.2,10.63,10.05,518,289,1.79,22.99,1.58,0.2,1.91,2026-07-14,2026-07-14 07:33:24
1519,華城,727.0,720.0,727.0,656.0,14.6,11.05,14.12,-29.92,-23.57,-6.35,850.7,772.45,694.2,3689,1521,2.42,2296.45,52.08,11.0,1.51,2026-07-14,2026-07-14 07:33:25
1521,大億,25.7,25.7,25.8,24.6,53.18,60.29,47.67,0.1,0.15,-0.04,26.33,25.72,25.11,26,23,1.13,19.59,29.54,0.75,2.92,2026-07-14,2026-07-14 07:33:26
1522,堤維西,30.4,30.6,30.6,29.8,20.13,23.1,41.77,-0.28,-0.26,-0.02,31.7,30.47,29.23,1044,466,2.24,94.84,17.67,1.2,3.95,2026-07-14,2026-07-14 07:33:28
1524,耿鼎,27.8,28.0,28.0,26.95,11.51,16.58,26.58,-0.52,-0.37,-0.15,30.23,28.94,27.65,768,418,1.83,45.96,14.26,1.4,5.04,2026-07-14,2026-07-14 07:33:29
1525,江申,66.3,67.7,67.7,65.1,38.2,50.62,60.9,1.02,1.05,-0.03,69.35,65.14,60.93,13,8,1.52,48.66,20.65,2.8,4.22,2026-07-14,2026-07-14 07:33:30
1526,日馳,14.2,14.2,14.2,13.8,29.97,38.2,45.83,-0.11,-0.12,0.01,14.94,14.41,13.89,119,69,1.73,8.52,,,,2026-07-14,2026-07-14 07:33:31
1527,鑽全,33.95,34.0,34.0,33.45,42.36,39.8,56.72,0.19,0.17,0.02,34.12,33.49,32.86,324,191,1.7,47.04,22.34,1.5,4.42,2026-07-14,2026-07-14 07:33:32
1528,恩德,22.5,22.35,22.65,21.05,11.52,13.39,26.98,-0.96,-0.84,-0.12,26.12,23.8,21.48,1934,1162,1.66,43.05,,0.1,0.44,2026-07-14,2026-07-14 07:33:33
1529,樂事綠能,21.45,21.8,21.8,20.2,21.23,27.89,33.65,-0.24,-0.06,-0.17,23.55,22.39,21.22,975,578,1.69,33.27,21.24,0.5,2.33,2026-07-14,2026-07-14 07:33:34
1530,亞崴,29.05,29.3,29.35,28.65,30.01,28.75,50.49,-0.28,-0.27,-0.01,30.72,29.24,27.77,116,49,2.33,27.48,48.42,0.1,0.34,2026-07-14,2026-07-14 07:33:36
1531,高林股,13.05,13.1,13.1,12.8,47.94,53.27,56.25,0.07,0.07,-0.0,13.17,12.95,12.74,144,142,1.01,23.77,13.88,0.4,3.07,2026-07-14,2026-07-14 07:33:38
1532,勤美,22.75,22.95,22.95,22.45,32.15,42.79,42.0,0.17,0.29,-0.12,24.02,23.14,22.26,508,281,1.81,94.7,23.21,1.73,7.6,2026-07-14,2026-07-14 07:33:40
1533,車王電,36.05,36.35,36.35,34.0,28.9,39.71,36.26,-0.29,-0.08,-0.21,38.82,36.75,34.68,258,248,1.04,35.53,63.25,,,2026-07-14,2026-07-14 07:33:41
1535,中宇,50.3,50.6,50.6,49.65,40.01,42.92,47.14,-0.02,-0.02,-0.0,50.5,50.05,49.61,117,55,2.12,62.24,12.61,3.0,5.96,2026-07-14,2026-07-14 07:33:42
1536,和大,56.1,55.4,56.7,52.2,74.45,71.52,61.58,1.1,0.45,0.65,56.08,50.53,44.97,5636,6944,0.81,156.5,103.89,0.8,1.43,2026-07-14,2026-07-14 07:33:43
1537,廣隆,126.5,126.5,126.5,125.0,45.46,46.63,46.67,-0.03,0.02,-0.05,127.54,126.1,124.66,125,58,2.16,103.81,15.95,10.5,8.3,2026-07-14,2026-07-14 07:33:44
1538,正峰,10.0,10.0,10.6,10.0,19.36,13.07,26.42,-0.45,-0.38,-0.07,12.42,11.06,9.7,7,5,1.31,3.23,,,,2026-07-14,2026-07-14 07:33:45
1539,巨庭,15.7,15.65,15.65,15.4,28.85,39.03,48.28,-0.02,-0.02,-0.0,16.1,15.75,15.4,97,96,1.0,10.26,74.76,0.85,5.41,2026-07-14,2026-07-14 07:33:46
1540,喬福,22.3,22.3,23.05,22.2,47.49,48.49,65.79,0.25,0.21,0.04,23.16,22.18,21.21,691,311,2.22,19.06,20.09,1.0,4.48,2026-07-14,2026-07-14 07:33:47
1541,錩泰,21.65,21.85,21.85,20.4,48.27,37.55,40.38,-0.07,-0.1,0.03,22.38,21.65,20.91,47,21,2.18,17.06,9.37,0.5,2.31,2026-07-14,2026-07-14 07:33:47
1558,伸興,92.6,92.1,92.6,91.0,83.05,80.93,67.39,0.41,0.26,0.16,93.21,91.45,89.68,103,50,2.06,59.76,16.84,5.0,5.4,2026-07-14,2026-07-14 07:33:48
1560,中砂,700.0,694.0,700.0,648.0,24.59,31.47,33.77,6.09,15.37,-9.27,778.4,719.5,660.6,1101,747,1.47,1052.03,76.92,4.94,0.71,2026-07-14,2026-07-14 07:33:50
1563,巧新,64.3,65.3,66.3,63.1,38.25,49.33,49.19,2.04,2.74,-0.7,72.02,66.09,60.16,2037,2050,0.99,139.59,45.28,2.0,3.11,2026-07-14,2026-07-14 07:33:51
1565,精華,96.1,96.1,96.1,94.3,27.84,41.6,56.49,0.25,0.23,0.02,99.34,95.73,92.12,95,71,1.33,48.45,10.79,9.5,9.89,2026-07-14,2026-07-14 07:33:52
1568,倉佑,32.4,33.0,33.2,29.2,9.31,10.25,17.61,-1.61,-0.49,-1.12,47.08,38.22,29.36,3557,1202,2.96,33.4,24.18,1.0,3.09,2026-07-14,2026-07-14 07:33:53
1569,濱川,48.45,48.2,48.7,45.7,47.06,48.5,49.43,-0.7,-1.0,0.3,49.96,47.45,44.95,717,344,2.08,69.89,,,,2026-07-14,2026-07-14 07:33:54
1570,力肯,39.4,39.0,39.0,37.0,19.79,28.69,47.09,-0.64,-0.46,-0.18,42.77,40.38,37.99,152,99,1.54,20.29,66.78,1.0,2.54,2026-07-14,2026-07-14 07:33:55
1580,新麥,123.5,115.5,116.5,115.0,65.46,61.47,67.15,0.2,0.02,0.19,117.07,115.05,113.03,200,104,1.91,60.93,9.87,8.5,6.88,2026-07-14,2026-07-14 07:33:56
1582,信錦,78.5,78.8,78.8,73.6,15.1,12.47,15.61,-4.66,-4.37,-0.28,95.26,84.36,73.46,1452,722,2.01,113.25,22.89,3.0,3.82,2026-07-14,2026-07-14 07:33:58
1583,程泰,49.05,49.6,49.75,48.05,17.25,19.86,36.08,-0.56,-0.41,-0.15,51.48,49.75,48.01,26,18,1.42,53.66,12.74,3.03,6.18,2026-07-14,2026-07-14 07:34:00
1584,精剛,20.95,20.7,20.7,19.75,53.41,52.34,56.9,0.13,-0.01,0.13,20.49,19.41,18.33,1752,1023,1.71,47.13,47.61,0.26,1.24,2026-07-14,2026-07-14 07:34:01
1586,和勤,18.0,18.0,18.05,17.8,9.74,12.0,21.74,-0.74,-0.63,-0.11,21.49,19.7,17.91,551,438,1.26,18.84,8.22,0.29,1.61,2026-07-14,2026-07-14 07:34:02
1587,吉茂,26.45,26.9,26.9,25.55,20.55,29.81,39.67,-0.66,-0.62,-0.04,28.76,27.43,26.1,498,271,1.83,21.17,71.49,0.5,1.89,2026-07-14,2026-07-14 07:34:03
1589,永冠-KY,5.54,5.54,5.54,5.54,,,,0.0,0.0,0.0,5.54,5.54,5.54,0,0,,8.48,1.21,,,2026-07-13,2026-07-14 07:34:04
1590,亞德客-KY,1320.0,1330.0,1330.0,1245.0,17.19,22.67,37.97,-11.95,-2.68,-9.28,1442.18,1353.75,1265.32,602,423,1.42,2640.0,31.44,29.11,2.21,2026-07-14,2026-07-14 07:34:06
1591,駿吉-KY,31.15,31.15,31.15,31.15,0.55,0.55,,-2.19,-2.87,0.68,31.15,31.15,31.15,0,0,,11.85,,,,2026-07-13,2026-07-14 07:34:09
1593,祺驊,30.4,30.4,30.4,30.05,20.74,26.71,44.44,0.09,0.13,-0.03,30.73,30.31,29.9,46,32,1.44,12.09,13.94,2.0,6.58,2026-07-14,2026-07-14 07:34:11
1595,川寶,67.0,66.9,66.9,60.3,14.59,15.46,21.35,-2.92,-1.55,-1.37,86.84,76.17,65.5,914,647,1.41,36.16,,0.5,0.75,2026-07-14,2026-07-14 07:34:12
1597,直得,140.0,139.0,139.5,126.0,18.07,22.79,37.31,-5.6,-4.73,-0.87,162.27,146.32,130.38,1317,761,1.73,122.17,153.85,0.7,0.5,2026-07-14,2026-07-14 07:34:13
1598,岱宇,19.2,19.3,19.5,18.85,34.15,35.15,56.91,-0.18,-0.2,0.03,20.01,19.24,18.46,212,96,2.21,31.38,2.33,0.5,2.6,2026-07-14,2026-07-14 07:34:14
1599,宏佳騰,23.15,23.15,23.2,22.75,29.7,38.68,45.0,-0.12,-0.08,-0.04,24.05,23.44,22.82,56,58,0.97,16.67,,0.51,2.2,2026-07-14,2026-07-14 07:34:15
1603,華電,31.85,29.85,30.0,29.05,24.24,40.77,47.95,0.03,0.08,-0.05,30.74,29.82,28.89,597,292,2.04,50.59,9.77,2.0,6.28,2026-07-14,2026-07-14 07:34:17
1604,聲寶,23.45,23.55,23.55,23.25,39.0,41.15,56.1,0.06,0.04,0.01,23.7,23.33,22.96,637,331,1.92,87.65,13.79,1.5,6.4,2026-07-14,2026-07-14 07:34:18
1605,華新,33.9,34.3,34.4,32.25,13.02,14.06,26.67,-0.73,-0.29,-0.44,40.5,36.46,32.42,23364,14725,1.59,1502.22,45.2,0.5,1.47,2026-07-14,2026-07-14 07:34:19
1608,華榮,33.6,33.65,33.7,32.25,21.98,31.72,37.5,-0.16,-0.03,-0.13,35.59,34.11,32.62,3551,1921,1.85,142.53,6.13,2.0,5.95,2026-07-14,2026-07-14 07:34:20
1609,大亞,40.1,39.35,39.8,37.55,33.88,46.75,53.33,0.87,0.93,-0.06,42.34,38.5,34.67,7970,8888,0.9,313.96,24.91,0.7,1.75,2026-07-14,2026-07-14 07:34:22
1611,中電,12.9,13.15,13.15,12.3,18.64,28.91,39.34,0.05,0.17,-0.12,13.81,13.22,12.62,1080,551,1.96,41.63,430.0,0.8,6.2,2026-07-14,2026-07-14 07:34:22
1612,宏泰,32.8,32.8,32.8,31.0,10.38,14.86,13.2,-0.55,-0.2,-0.35,36.6,34.51,32.42,2335,1305,1.79,103.67,11.93,2.5,7.62,2026-07-14,2026-07-14 07:34:23
1614,三洋電,32.0,32.0,32.15,31.7,62.15,61.9,54.17,0.07,0.06,0.01,32.37,31.94,31.52,108,43,2.47,82.86,33.33,0.97,3.03,2026-07-14,2026-07-14 07:34:24
1615,大山,46.85,47.7,47.7,46.1,59.28,51.72,71.03,0.52,0.29,0.22,46.92,45.31,43.7,218,279,0.78,92.14,9.8,2.5,5.34,2026-07-14,2026-07-14 07:34:25
1616,億泰,21.25,21.2,21.3,20.4,33.4,50.57,47.03,0.1,0.15,-0.05,22.34,21.26,20.17,876,572,1.53,40.27,13.71,1.36,6.4,2026-07-14,2026-07-14 07:34:26
1617,榮星,24.5,24.4,24.5,22.9,57.34,67.1,71.8,2.17,1.99,0.18,28.23,20.55,12.87,863,908,0.95,38.66,36.03,0.6,2.45,2026-07-14,2026-07-14 07:34:27
1618,合機,38.65,38.7,38.7,37.25,18.24,28.44,29.56,-0.67,-0.26,-0.4,43.46,40.76,38.07,1070,988,1.08,74.48,9.25,1.7,4.4,2026-07-14,2026-07-14 07:34:29
1623,大東電,231.5,229.0,236.0,223.5,59.39,53.44,61.87,2.4,0.27,2.13,237.38,220.43,203.47,515,343,1.5,152.79,17.03,8.0,3.46,2026-07-14,2026-07-14 07:34:31
1626,艾美特-KY,10.25,10.45,10.45,10.05,14.32,26.88,53.24,0.11,0.18,-0.07,11.9,10.55,9.21,70,45,1.54,15.36,,,,2026-07-14,2026-07-14 07:34:33
1702,南僑,32.7,32.85,32.85,32.45,50.9,54.42,63.83,0.32,0.22,0.11,33.66,32.09,30.52,332,242,1.37,81.13,29.2,1.6,4.89,2026-07-14,2026-07-14 07:34:34
1707,葡萄王,91.5,91.8,91.8,90.2,32.19,27.35,27.35,-2.24,-2.29,0.05,100.9,94.29,87.68,480,344,1.39,135.55,11.2,6.0,6.56,2026-07-14,2026-07-14 07:34:35
1708,東鹼,55.8,55.8,57.0,54.2,48.46,59.11,60.89,3.56,3.89,-0.33,63.89,54.5,45.11,6717,5926,1.13,138.94,17.17,1.6,2.87,2026-07-14,2026-07-14 07:34:36
1709,和益,26.8,28.3,28.3,26.8,87.28,80.5,86.49,1.59,1.17,0.42,27.15,22.99,18.84,16872,8436,2.0,127.84,21.79,0.8,2.99,2026-07-14,2026-07-14 07:34:37
1710,東聯,16.1,15.9,16.05,15.1,24.79,43.56,59.41,0.68,0.85,-0.17,19.63,15.78,11.92,9513,6950,1.37,141.2,16.77,,,2026-07-14,2026-07-14 07:34:38
1711,永光,41.9,41.9,42.2,39.0,19.25,23.07,33.04,-1.2,-1.0,-0.21,48.86,44.63,40.4,8868,4942,1.79,229.51,,0.3,0.72,2026-07-14,2026-07-14 07:34:40
1712,興農,39.45,39.75,39.75,39.2,33.32,40.54,54.1,-0.08,-0.12,0.04,40.23,39.47,38.72,911,491,1.85,165.88,15.17,2.5,6.34,2026-07-14,2026-07-14 07:34:41
1713,國化,47.8,48.5,48.5,46.8,12.18,10.99,16.67,-0.33,-0.04,-0.29,51.16,49.24,47.32,319,190,1.68,72.16,12.42,3.1,6.49,2026-07-14,2026-07-14 07:34:42
1714,和桐,16.65,16.45,17.6,16.15,11.12,22.0,41.67,0.94,1.6,-0.66,21.84,18.84,15.84,46805,31047,1.51,163.45,33.3,0.21,1.26,2026-07-14,2026-07-14 07:34:43
1717,長興,72.6,72.9,72.9,66.6,22.1,33.12,45.75,-0.33,0.01,-0.34,81.88,74.12,66.36,19028,13614,1.4,852.87,51.49,1.0,1.38,2026-07-14,2026-07-14 07:34:44
1718,中纖,14.35,14.35,14.35,13.3,52.99,64.0,74.15,1.53,1.53,0.01,16.8,12.31,7.81,15815,11771,1.34,191.35,159.44,,,2026-07-14,2026-07-14 07:34:45
1720,生達,64.2,64.4,64.4,63.5,64.65,69.68,60.61,0.4,0.37,0.03,64.34,63.33,62.32,299,237,1.26,114.72,12.32,2.0,3.12,2026-07-14,2026-07-14 07:34:46
1721,三晃,23.35,23.5,23.5,22.0,22.83,33.47,43.51,-0.46,-0.32,-0.14,27.92,24.61,21.3,1669,1881,0.89,43.17,,,,2026-07-14,2026-07-14 07:34:48
1722,台肥,47.2,47.45,47.7,47.1,20.46,30.12,48.54,0.07,0.19,-0.12,48.99,47.92,46.86,2028,1477,1.37,462.56,49.68,2.0,4.24,2026-07-14,2026-07-14 07:34:49
1723,中碳,86.5,86.5,86.5,83.7,65.08,55.92,51.97,0.61,0.31,0.29,88.17,83.39,78.62,858,658,1.3,200.81,32.64,1.85,2.14,2026-07-14,2026-07-14 07:34:50
1725,元禎,30.2,30.8,30.8,28.9,8.71,15.19,27.03,-0.32,0.36,-0.68,38.4,33.78,29.17,221,213,1.04,54.91,19.74,1.07,3.54,2026-07-14,2026-07-14 07:34:52
1726,永記,78.7,78.8,79.8,78.4,73.19,63.85,55.17,0.27,0.26,0.01,79.24,78.56,77.88,79,30,2.57,127.49,14.34,3.7,4.7,2026-07-14,2026-07-14 07:34:52
1727,中華化,89.5,89.8,89.9,83.3,25.84,30.82,39.93,0.36,1.18,-0.82,100.63,92.25,83.87,3306,2792,1.18,114.58,2237.5,0.15,0.17,2026-07-14,2026-07-14 07:34:53
1730,花仙子,51.5,51.5,51.5,50.9,60.61,63.88,59.8,0.36,0.33,0.04,51.71,50.75,49.78,88,71,1.24,32.57,11.44,3.0,5.83,2026-07-14,2026-07-14 07:34:54
1731,美吾華,20.6,20.65,20.65,20.45,30.13,34.23,53.73,0.05,0.07,-0.02,20.8,20.61,20.43,179,93,1.91,27.38,15.15,1.22,5.92,2026-07-14,2026-07-14 07:34:57
1732,毛寶,25.95,25.85,25.95,25.4,44.42,55.77,46.03,0.02,0.05,-0.03,26.99,26.38,25.77,186,259,0.72,11.01,37.61,0.5,1.93,2026-07-14,2026-07-14 07:34:58
1733,五鼎,30.65,30.75,30.8,30.3,72.84,74.95,64.94,0.44,0.37,0.07,30.71,29.7,28.69,397,206,1.92,30.63,18.92,1.3,4.24,2026-07-14,2026-07-14 07:34:59
1734,杏輝,32.95,33.2,33.2,32.4,31.83,47.29,56.72,0.44,0.48,-0.04,33.96,32.66,31.37,310,245,1.26,62.67,17.16,1.0,3.03,2026-07-14,2026-07-14 07:35:00
1735,日勝化,21.3,21.05,21.1,19.95,14.88,24.96,36.42,-0.58,-0.48,-0.1,24.0,22.3,20.61,340,184,1.84,21.17,27.31,0.65,3.05,2026-07-14,2026-07-14 07:35:01
1736,喬山,128.0,130.5,130.5,127.0,42.96,61.48,63.41,3.34,3.09,0.25,137.95,124.92,111.9,469,272,1.72,388.35,14.13,4.0,3.12,2026-07-14,2026-07-14 07:35:02
1737,臺鹽,32.0,32.1,32.2,31.85,55.16,59.88,47.83,0.06,0.07,-0.0,32.07,31.87,31.67,212,95,2.22,64.0,16.08,1.3,4.06,2026-07-14,2026-07-14 07:35:03
1742,台蠟,15.25,15.75,15.75,15.0,55.78,60.76,53.85,-0.04,-0.04,0.0,15.64,15.31,14.98,21,8,2.39,14.13,,,,2026-07-14,2026-07-14 07:35:04
1752,南光,31.7,32.0,32.0,31.3,27.05,42.49,52.84,0.06,0.07,-0.01,32.42,31.59,30.76,73,46,1.6,32.01,13.15,1.6,5.05,2026-07-14,2026-07-14 07:35:06
1760,寶齡富錦,60.9,61.5,61.6,60.3,24.53,40.93,47.73,0.5,0.61,-0.11,64.98,61.49,57.99,166,214,0.78,52.22,27.56,1.8,2.96,2026-07-14,2026-07-14 07:35:07
1762,中化生,37.9,38.0,38.0,37.1,33.28,44.61,45.58,0.38,0.43,-0.05,40.39,37.38,34.37,321,260,1.24,29.15,84.22,0.19,0.5,2026-07-14,2026-07-14 07:35:07
1773,勝一,176.5,177.0,177.0,169.5,39.87,44.65,50.55,0.85,0.81,0.05,182.91,174.18,165.44,502,398,1.26,529.5,24.51,4.0,2.27,2026-07-14,2026-07-14 07:35:08
1776,展宇,19.0,19.2,19.2,18.15,19.63,28.82,48.42,0.34,0.55,-0.21,20.83,19.52,18.21,254,144,1.77,11.42,70.37,0.6,3.16,2026-07-14,2026-07-14 07:35:10
1777,生泰,75.1,75.0,75.1,73.7,84.17,81.56,75.41,0.91,0.59,0.32,76.04,72.84,69.63,59,46,1.28,33.49,12.84,4.0,5.33,2026-07-14,2026-07-14 07:35:11
1780,立弘,23.5,23.35,23.35,22.5,25.66,27.49,10.0,-1.44,-1.35,-0.09,28.52,25.53,22.55,208,131,1.58,25.63,17.54,1.25,5.32,2026-07-14,2026-07-14 07:35:13
1781,合世,12.0,11.8,11.8,11.7,44.17,53.21,45.45,0.1,0.14,-0.04,12.14,11.9,11.67,70,44,1.59,5.69,,,,2026-07-14,2026-07-14 07:35:14
1783,和康生,40.0,40.4,40.55,39.15,53.58,64.35,61.54,0.32,0.22,0.1,41.03,39.33,37.63,97,67,1.46,35.88,13.7,2.0,5.0,2026-07-14,2026-07-14 07:35:16
1784,訊聯,66.5,67.0,67.0,61.3,28.25,39.06,34.36,-0.33,-0.14,-0.19,71.96,67.93,63.9,335,263,1.27,33.11,65.2,0.87,1.31,2026-07-14,2026-07-14 07:35:18
1785,光洋科,129.0,126.5,127.0,116.5,17.61,29.4,33.56,-2.82,-0.48,-2.35,159.5,143.25,127.0,24530,14468,1.7,768.81,25.49,2.0,1.55,2026-07-14,2026-07-14 07:35:19
1786,科妍,53.8,53.8,53.8,51.4,42.56,52.48,45.39,-0.44,-0.46,0.03,55.92,53.86,51.8,352,256,1.37,39.37,24.68,1.91,3.55,2026-07-14,2026-07-14 07:35:20
1788,杏昌,129.5,129.5,129.5,129.0,42.17,37.42,33.33,0.17,0.31,-0.14,131.16,130.1,129.04,27,23,1.2,57.65,15.64,7.0,5.41,2026-07-14,2026-07-14 07:35:21
1789,神隆,20.0,20.2,20.2,19.6,31.52,45.87,49.77,0.13,0.2,-0.07,21.16,20.35,19.53,768,582,1.32,158.15,117.65,0.29,1.45,2026-07-14,2026-07-14 07:35:22
1795,美時,196.5,202.0,203.5,195.5,48.47,57.18,55.17,1.09,0.01,1.08,209.81,195.62,181.44,2831,2843,1.0,516.42,10.89,5.78,2.94,2026-07-14,2026-07-14 07:35:23
1796,金穎生技,33.0,32.6,32.6,31.9,40.91,46.03,50.71,-0.32,-0.55,0.23,35.56,32.63,29.71,22,75,0.29,13.68,47.14,0.7,2.12,2026-07-14,2026-07-14 07:35:26
1799,易威,33.5,33.65,33.7,32.0,68.22,71.16,73.39,0.14,-0.22,0.36,34.68,32.04,29.4,182,111,1.63,41.77,,,,2026-07-14,2026-07-14 07:35:28
1802,台玻,64.2,64.1,64.5,58.4,19.83,20.65,37.5,-1.06,-0.27,-0.78,75.49,68.42,61.34,48418,32314,1.5,1866.97,19.11,,,2026-07-14,2026-07-14 07:35:29
1805,寶徠,9.96,9.96,10.0,9.9,18.24,27.65,23.38,-0.1,-0.06,-0.04,10.54,10.26,9.97,129,88,1.46,13.44,49.8,,,2026-07-14,2026-07-14 07:35:30
1806,冠軍,8.26,8.42,8.42,8.16,42.21,50.13,51.49,0.05,0.05,0.0,8.55,8.26,7.97,406,282,1.44,31.93,28.48,0.15,1.82,2026-07-14,2026-07-14 07:35:31
1808,潤隆,30.8,31.0,31.0,30.4,42.5,37.18,45.38,-0.0,0.03,-0.03,32.3,30.67,29.05,1099,533,2.06,275.05,22.65,2.22,7.21,2026-07-14,2026-07-14 07:35:32
1809,中釉,47.65,47.55,47.95,42.9,16.46,23.34,33.6,0.06,1.22,-1.16,57.36,51.37,45.39,3881,2167,1.79,79.6,250.79,0.25,0.52,2026-07-14,2026-07-14 07:35:33
1810,和成,26.2,27.5,28.8,26.65,83.51,73.67,85.37,1.67,1.07,0.61,27.21,22.11,17.01,48833,23885,2.04,79.09,524.0,0.2,0.76,2026-07-14,2026-07-14 07:35:34
1813,寶利徠,11.95,11.85,11.9,11.8,57.14,61.23,33.33,-0.03,-0.04,0.01,12.14,11.96,11.78,21,6,3.31,5.57,,,,2026-07-14,2026-07-14 07:35:35
1815,富喬,94.6,93.6,94.3,85.2,11.96,15.25,31.11,-2.42,-1.36,-1.07,110.49,99.48,88.48,23065,11966,1.93,553.86,57.68,,,2026-07-14,2026-07-14 07:35:37
1817,凱撒衛,38.55,38.85,38.85,38.3,54.0,67.31,57.84,0.31,0.33,-0.03,39.09,38.42,37.75,100,33,3.03,27.99,10.74,2.2,5.71,2026-07-14,2026-07-14 07:35:38
1903,士紙,48.85,49.2,49.2,47.6,41.68,49.87,55.03,0.12,0.02,0.11,49.91,48.04,46.17,189,98,1.92,127.03,37.87,,,2026-07-14,2026-07-14 07:35:41
1904,正隆,21.9,22.0,22.35,21.75,47.69,54.4,51.08,0.57,0.68,-0.11,24.16,22.4,20.64,2102,2307,0.91,242.71,29.59,0.45,2.05,2026-07-14,2026-07-14 07:35:41
1905,華紙,15.1,15.2,15.35,14.55,10.74,18.85,26.36,0.37,0.69,-0.33,18.28,16.31,14.33,4329,3413,1.27,166.53,,,,2026-07-14,2026-07-14 07:35:42
1906,寶隆,11.05,11.2,11.2,10.8,29.34,39.5,40.62,0.02,0.06,-0.04,11.55,11.26,10.96,364,115,3.16,16.69,1105.0,0.1,0.9,2026-07-14,2026-07-14 07:35:43
1907,永豐餘,27.05,27.45,27.65,27.1,60.81,56.18,62.91,0.61,0.62,-0.01,27.72,26.65,25.59,1876,1178,1.59,449.13,22.73,1.0,3.7,2026-07-14,2026-07-14 07:35:44
1909,榮成,10.25,10.3,10.4,10.1,52.59,58.31,60.0,0.23,0.22,0.01,10.9,10.04,9.17,3416,5842,0.58,132.37,,,,2026-07-14,2026-07-14 07:35:45
2002,中鋼,18.4,18.55,18.55,18.25,13.79,13.05,30.23,-0.12,-0.06,-0.05,19.45,18.85,18.24,42217,26288,1.61,2811.52,45.98,0.15,0.82,2026-07-14,2026-07-14 07:35:46
2006,東和鋼鐵,69.9,70.9,70.9,69.4,70.22,61.88,52.56,0.57,0.5,0.07,70.96,69.37,67.79,2394,2215,1.08,510.42,10.85,4.3,6.15,2026-07-14,2026-07-14 07:35:47
2007,燁興,7.22,7.3,7.3,7.11,24.24,32.7,45.38,-0.05,-0.05,-0.0,7.55,7.29,7.03,296,210,1.41,38.31,,,,2026-07-14,2026-07-14 07:35:49
2008,高興昌,29.25,29.85,29.9,29.15,46.41,37.62,48.4,0.2,0.3,-0.1,30.47,29.5,28.53,20,14,1.39,55.82,43.01,1.0,3.42,2026-07-14,2026-07-14 07:35:50
2009,第一銅,37.95,38.55,38.55,37.35,15.54,22.7,34.34,-0.47,-0.37,-0.09,40.28,38.79,37.3,1260,723,1.74,136.48,111.62,0.4,1.05,2026-07-14,2026-07-14 07:35:51
2010,春源,21.15,21.35,21.35,20.95,26.36,26.34,34.59,-0.19,-0.11,-0.08,22.95,21.85,20.74,1344,981,1.37,136.98,9.2,2.0,9.46,2026-07-14,2026-07-14 07:35:53
2012,春雨,15.7,15.85,15.95,15.25,23.93,31.53,59.15,0.26,0.35,-0.08,17.25,15.66,14.07,77,74,1.04,43.76,87.22,1.0,6.37,2026-07-14,2026-07-14 07:35:53
2013,中鋼構,40.65,41.3,41.3,40.35,36.78,48.37,37.54,0.12,0.21,-0.09,41.9,41.18,40.45,141,92,1.53,81.3,12.78,2.4,5.9,2026-07-14,2026-07-14 07:35:55
2014,中鴻,16.9,17.2,17.25,16.65,21.93,23.35,32.61,-0.21,-0.17,-0.04,18.06,17.45,16.84,3123,2031,1.54,242.61,48.75,,,2026-07-14,2026-07-14 07:35:56
2015,豐興,62.8,63.0,63.2,62.4,72.45,62.15,67.16,0.09,-0.09,0.19,63.25,61.57,59.88,357,304,1.18,365.24,16.31,3.3,5.25,2026-07-14,2026-07-14 07:35:57
2017,官田鋼,8.98,9.1,9.1,8.9,17.04,27.38,40.91,-0.03,0.01,-0.04,9.53,9.21,8.89,492,351,1.4,38.29,,,,2026-07-14,2026-07-14 07:35:58
2020,美亞,21.2,21.65,21.65,21.1,33.38,38.73,33.33,-0.07,-0.05,-0.02,21.92,21.56,21.2,524,239,2.19,56.61,9.95,1.8,8.49,2026-07-14,2026-07-14 07:35:58
2022,聚亨,7.91,7.99,8.02,7.7,41.48,53.0,53.66,0.03,0.02,0.01,8.25,7.88,7.51,511,498,1.03,26.67,,,,2026-07-14,2026-07-14 07:35:59
2023,燁輝,14.25,14.35,14.55,14.0,72.3,68.76,64.52,0.05,-0.01,0.06,14.18,13.77,13.37,3040,2093,1.45,259.53,37.5,,,2026-07-14,2026-07-14 07:36:00
2024,志聯,13.95,14.0,14.0,13.95,55.41,38.42,48.94,-0.09,-0.08,-0.01,14.35,13.94,13.52,11,8,1.37,13.6,,,,2026-07-14,2026-07-14 07:36:02
2025,千興,11.7,11.55,11.8,11.45,15.1,21.59,26.88,-0.32,-0.06,-0.25,14.84,13.15,11.46,564,377,1.5,20.2,,,,2026-07-14,2026-07-14 07:36:03
2027,大成鋼,38.75,38.45,39.2,38.2,35.41,36.75,50.69,-0.3,-0.21,-0.09,40.32,39.11,37.9,17208,11170,1.54,911.49,13.5,1.5,3.87,2026-07-14,2026-07-14 07:36:04
2028,威致,15.55,15.85,15.85,15.35,30.22,31.87,26.79,-0.24,-0.23,-0.01,16.71,16.07,15.44,149,79,1.88,50.39,55.54,0.2,1.29,2026-07-14,2026-07-14 07:36:05
2029,盛餘,20.35,20.5,20.5,20.25,49.59,45.52,54.84,0.06,0.06,0.0,20.42,20.19,19.96,229,196,1.16,65.36,27.13,0.6,2.95,2026-07-14,2026-07-14 07:36:06
2030,彰源,17.45,17.3,17.65,17.1,15.32,23.71,27.38,-0.07,0.16,-0.23,20.04,18.56,17.09,997,1329,0.75,48.16,49.86,0.5,2.87,2026-07-14,2026-07-14 07:36:07
2031,新光鋼,39.2,39.65,39.85,38.8,68.79,56.29,53.92,0.17,0.13,0.04,39.68,38.68,37.68,747,667,1.12,125.89,11.56,2.5,6.38,2026-07-14,2026-07-14 07:36:08
2032,新鋼,16.05,16.1,16.55,15.6,24.19,28.53,30.67,-0.3,-0.2,-0.09,17.96,16.86,15.76,467,248,1.88,20.95,29.18,0.5,3.12,2026-07-14,2026-07-14 07:36:09
2033,佳大,15.45,15.35,15.45,14.9,15.38,27.91,21.05,-0.08,0.07,-0.15,17.02,16.06,15.11,174,94,1.84,12.47,44.14,0.2,1.29,2026-07-14,2026-07-14 07:36:09
2034,允強,20.2,20.5,20.6,20.1,59.92,57.96,52.17,0.03,0.01,0.02,21.03,20.43,19.84,2413,1131,2.13,106.86,101.0,1.0,4.95,2026-07-14,2026-07-14 07:36:10
2035,唐榮,27.6,27.55,27.6,27.35,63.87,64.89,32.43,-0.09,-0.08,-0.01,28.31,27.75,27.19,17,4,3.54,96.6,,,,2026-07-13,2026-07-14 07:36:12
2038,海光,13.0,13.25,13.25,12.75,18.71,27.97,32.5,-0.19,-0.16,-0.03,14.06,13.43,12.79,457,236,1.94,25.24,,,,2026-07-14,2026-07-14 07:36:13
2049,上銀,313.0,334.5,334.5,300.0,33.16,45.33,45.21,-2.43,-1.27,-1.16,359.94,333.24,306.53,3771,2097,1.8,1107.37,72.45,2.0,0.64,2026-07-14,2026-07-14 07:36:14
2059,川湖,7855.0,7915.0,8000.0,7580.0,66.4,73.21,58.78,581.53,620.38,-38.85,8647.19,7584.5,6521.81,391,438,0.89,7485.58,77.77,51.0,0.65,2026-07-14,2026-07-14 07:36:17
2061,風青,66.9,65.9,69.9,63.7,39.65,60.31,53.56,8.73,9.88,-1.15,86.8,65.81,44.82,4199,3736,1.12,38.39,,,,2026-07-14,2026-07-14 07:36:18
2062,橋椿,19.0,19.3,19.3,18.8,54.26,61.97,51.16,-0.01,-0.04,0.03,19.41,19.11,18.81,364,218,1.67,38.0,48.72,1.8,9.47,2026-07-14,2026-07-14 07:36:19
2063,世鎧,24.05,24.05,24.1,23.9,55.84,53.18,41.46,-0.27,-0.3,0.03,24.84,24.28,23.71,37,16,2.28,11.57,15.62,8.0,33.26,2026-07-14,2026-07-14 07:36:21
2064,晉椿,13.65,13.35,13.65,13.1,16.95,22.54,41.18,-0.07,-0.01,-0.06,14.03,13.6,13.17,260,103,2.5,9.5,,,,2026-07-14,2026-07-14 07:36:22
2065,世豐,32.5,32.1,32.2,31.55,15.31,12.93,22.22,-0.37,-0.27,-0.1,34.67,33.12,31.57,29,28,1.02,20.64,29.28,1.5,4.62,2026-07-14,2026-07-14 07:36:23
2066,世德,63.9,65.1,65.2,62.5,23.54,25.03,41.54,1.51,2.35,-0.84,72.39,67.16,61.93,247,93,2.63,28.24,48.05,3.02,4.73,2026-07-14,2026-07-14 07:36:24
2067,嘉鋼,6.43,6.4,6.63,6.34,36.43,37.79,48.47,-0.01,-0.02,0.0,6.86,6.59,6.33,6,30,0.21,2.9,,,,2026-07-14,2026-07-14 07:36:26
2069,運錩,17.8,17.8,18.0,17.6,19.88,22.08,29.79,-0.16,-0.09,-0.07,19.2,18.48,17.75,371,265,1.4,29.62,10.99,1.0,5.62,2026-07-14,2026-07-14 07:36:27
2070,精湛,56.4,60.0,60.0,53.8,15.59,17.11,20.81,-1.67,-0.96,-0.7,69.84,63.15,56.46,426,177,2.41,23.57,25.29,1.49,2.64,2026-07-14,2026-07-14 07:36:29
2072,世紀風電,140.5,147.0,147.0,138.5,12.71,11.53,13.19,-8.55,-7.5,-1.05,184.43,157.5,130.57,613,482,1.27,269.76,11.77,7.08,5.04,2026-07-14,2026-07-14 07:36:31
2073,雄順,26.7,27.45,27.45,27.45,70.06,58.46,50.57,0.33,0.24,0.09,28.25,26.53,24.81,1,1,0.71,7.34,,0.3,1.12,2026-07-14,2026-07-14 07:36:32
2101,南港,34.55,34.95,34.95,33.9,76.9,71.86,71.21,0.53,0.3,0.24,35.2,32.78,30.36,2709,1756,1.54,249.06,34.21,0.7,2.03,2026-07-14,2026-07-14 07:36:33
2102,泰豐,19.05,19.2,19.2,18.65,73.38,75.82,60.98,0.19,0.12,0.07,19.31,18.47,17.63,391,242,1.62,87.55,3.03,,,2026-07-14,2026-07-14 07:36:34
2103,台橡,25.1,23.9,25.3,23.55,65.8,61.2,65.48,0.89,0.69,0.21,25.17,22.17,19.17,15669,6599,2.37,207.25,45.64,0.27,1.08,2026-07-14,2026-07-14 07:36:36
2104,國際中橡,10.4,10.6,10.65,10.15,29.55,40.65,53.31,0.04,0.05,-0.01,11.22,10.46,9.7,3710,2818,1.32,100.88,38.52,,,2026-07-14,2026-07-14 07:36:37
2105,正新,32.5,33.0,33.0,32.3,80.82,76.9,80.91,0.48,0.26,0.22,33.81,31.04,28.27,9668,6439,1.5,1053.46,21.67,1.8,5.54,2026-07-14,2026-07-14 07:36:38
2106,建大,17.55,17.8,17.8,17.3,54.9,58.37,63.04,0.15,0.14,0.01,17.96,17.28,16.59,752,523,1.44,167.58,135.0,0.65,3.7,2026-07-14,2026-07-14 07:36:39
2107,厚生,25.85,26.05,26.15,25.6,56.92,50.19,54.55,0.29,0.31,-0.02,26.08,25.64,25.21,489,255,1.92,78.48,15.48,1.4,5.42,2026-07-14,2026-07-14 07:36:40
2108,南帝,28.1,28.35,28.55,27.65,41.85,50.26,47.11,0.09,0.14,-0.05,30.17,28.56,26.95,1484,744,1.99,138.37,33.86,1.0,3.56,2026-07-14,2026-07-14 07:36:41
2109,華豐,14.7,14.75,14.75,14.4,41.72,49.67,50.0,0.11,0.12,-0.01,14.96,14.66,14.36,143,100,1.43,41.06,12.67,1.3,8.84,2026-07-14,2026-07-14 07:36:42
2114,鑫永銓,89.6,90.3,90.3,88.1,24.01,31.84,44.62,0.5,0.69,-0.19,90.59,89.37,88.15,87,42,2.05,69.88,15.56,5.0,5.58,2026-07-14,2026-07-14 07:36:43
2115,六暉-KY,21.5,21.85,21.85,21.4,70.76,66.24,82.35,0.34,0.28,0.06,21.77,20.91,20.04,90,75,1.19,22.44,13.61,1.5,6.98,2026-07-14,2026-07-14 07:36:44
2201,裕隆,27.85,28.4,28.4,27.55,49.72,54.99,54.05,0.21,0.19,0.02,29.35,27.91,26.47,2023,1467,1.38,295.9,29.95,0.56,2.01,2026-07-14,2026-07-14 07:36:56
2204,中華,56.7,57.5,57.5,56.4,73.59,74.04,62.3,0.67,0.63,0.05,58.08,56.25,54.42,1281,768,1.67,313.9,10.37,3.6,6.35,2026-07-14,2026-07-14 07:36:57
2206,三陽工業,63.7,63.7,63.8,63.2,78.46,77.99,66.15,0.83,0.74,0.09,65.03,62.39,59.75,959,740,1.3,483.17,11.04,3.06,4.8,2026-07-14,2026-07-14 07:36:58
2207,和泰車,480.0,484.5,484.5,477.0,65.95,56.5,52.17,3.31,3.34,-0.02,488.49,474.95,461.41,353,240,1.47,2674.09,14.15,20.0,4.17,2026-07-14,2026-07-14 07:36:59
2208,台船,21.55,22.1,22.85,20.7,61.42,58.97,66.83,0.66,0.36,0.3,21.73,18.95,16.17,40452,16780,2.41,274.66,,,,2026-07-14,2026-07-14 07:37:00
2211,長榮鋼,94.7,96.0,96.0,94.1,37.03,43.48,51.47,0.19,0.15,0.05,96.64,94.95,93.26,771,415,1.86,394.99,11.01,6.5,6.86,2026-07-14,2026-07-14 07:37:01
2221,大甲,49.4,48.4,51.5,48.0,51.88,50.51,51.53,1.3,1.46,-0.17,52.01,48.1,44.19,583,362,1.61,20.91,21.57,1.5,3.04,2026-07-14,2026-07-14 07:37:02
2227,裕日車,50.0,50.4,50.4,49.35,71.86,67.97,51.58,-0.02,-0.11,0.09,50.47,49.59,48.71,55,20,2.74,150.0,38.46,0.84,1.68,2026-07-14,2026-07-14 07:37:03
2228,劍麟,84.1,86.0,86.0,83.0,17.12,25.29,34.38,-0.3,-0.0,-0.3,89.39,86.44,83.49,266,103,2.56,67.09,16.52,4.5,5.35,2026-07-14,2026-07-14 07:37:04
2230,泰茂,23.45,23.65,23.65,22.05,4.7,11.62,21.04,-1.02,-0.84,-0.18,27.09,24.85,22.62,308,194,1.59,15.72,,0.61,2.6,2026-07-14,2026-07-14 07:37:06
2231,為升,116.5,113.0,122.5,113.0,58.25,64.15,70.34,3.91,2.27,1.64,126.89,103.89,80.88,2892,1972,1.47,158.36,18.2,2.07,1.78,2026-07-14,2026-07-14 07:37:08
2233,宇隆,229.5,242.0,242.0,222.0,37.84,50.36,42.79,-14.09,-14.51,0.42,323.77,256.15,188.53,567,361,1.57,138.36,34.3,4.0,1.74,2026-07-14,2026-07-14 07:37:09
2235,謚源,30.1,30.1,30.6,28.5,32.36,31.65,32.32,-0.19,-0.15,-0.04,31.08,30.1,29.13,91,21,4.25,10.8,31.68,1.5,4.98,2026-07-14,2026-07-14 07:37:11
2236,百達-KY,161.5,173.0,173.5,159.0,61.05,73.63,74.07,10.48,9.46,1.02,196.52,156.65,116.78,1020,678,1.5,99.16,20.94,0.31,0.19,2026-07-14,2026-07-14 07:37:13
2239,英利-KY,20.8,21.45,21.45,20.0,12.78,18.3,36.11,-0.42,-0.26,-0.16,23.49,22.14,20.79,209,85,2.46,24.48,2.72,,,2026-07-14,2026-07-14 07:37:14
2241,艾姆勒,40.25,40.5,41.0,38.2,10.29,15.16,24.38,0.47,1.64,-1.17,51.31,45.31,39.31,1638,1102,1.49,42.1,,,,2026-07-14,2026-07-14 07:37:16
2243,宏旭-KY,48.8,48.6,51.7,47.65,21.15,36.1,50.27,4.61,6.51,-1.9,66.65,53.95,41.25,1368,1307,1.05,33.85,40.0,,,2026-07-14,2026-07-14 07:37:17
2247,汎德永業,231.0,235.5,235.5,227.0,17.1,22.93,42.42,1.49,2.8,-1.31,241.38,235.05,228.72,79,38,2.06,186.44,13.11,33.0,14.29,2026-07-14,2026-07-14 07:37:18
2248,華勝-KY,61.2,61.4,61.4,58.4,83.71,76.28,93.97,1.33,0.71,0.63,58.7,54.05,49.4,1276,288,4.42,29.13,11.53,3.11,5.08,2026-07-14,2026-07-14 07:37:19
2250,IKKA-KY,64.1,65.6,65.6,62.7,23.51,35.3,55.3,0.83,1.09,-0.26,72.96,64.54,56.12,166,144,1.16,23.32,16.27,3.35,5.23,2026-07-14,2026-07-14 07:37:20
2254,巨鎧精密-創,59.4,59.4,59.4,58.6,50.57,49.97,50.0,-0.86,-1.04,0.18,61.89,59.77,57.65,3,1,1.88,37.87,,,,2026-07-14,2026-07-14 07:37:21
2258,鴻華先進-創,31.85,32.2,32.75,31.4,32.4,29.29,33.33,0.25,0.49,-0.24,34.44,32.59,30.74,1061,479,2.21,555.35,,,,2026-07-14,2026-07-14 07:37:22
2301,光寶科,211.5,221.5,222.5,203.5,36.8,39.23,47.44,0.28,0.91,-0.63,229.76,216.12,202.49,24656,16065,1.53,4799.15,32.09,7.51,3.55,2026-07-14,2026-07-14 07:37:23
2302,麗正,43.3,44.0,45.3,40.5,15.19,25.84,35.7,2.61,4.07,-1.46,54.19,47.5,40.82,5835,3919,1.49,72.01,88.37,0.35,0.81,2026-07-14,2026-07-14 07:37:24
2303,聯電,149.5,150.5,151.0,140.0,33.59,36.08,31.78,6.55,9.72,-3.16,179.35,158.5,137.66,87674,58892,1.49,18756.92,37.94,2.61,1.75,2026-07-14,2026-07-14 07:37:25
2305,全友,37.3,40.35,40.35,35.65,43.86,47.84,46.49,3.11,3.73,-0.63,42.45,36.72,30.98,10542,4904,2.15,75.62,186.5,,,2026-07-14,2026-07-14 07:37:26
2308,台達電,1840.0,1900.0,1905.0,1780.0,21.82,26.88,40.14,-74.88,-65.1,-9.78,2219.74,1985.42,1751.1,10848,7493,1.45,47794.8,79.79,11.6,0.63,2026-07-14,2026-07-14 07:37:27
2312,金寶,33.2,34.25,34.55,31.5,20.32,22.08,25.47,-0.13,0.19,-0.32,36.89,34.66,32.42,24240,16068,1.51,499.82,31.92,0.6,1.81,2026-07-14,2026-07-14 07:37:28
2313,華通,229.5,233.0,237.5,218.0,41.57,36.72,43.0,-8.09,-8.54,0.45,261.44,234.05,206.67,49413,33228,1.49,2751.07,42.11,2.78,1.21,2026-07-14,2026-07-14 07:37:29
2314,台揚,13.85,13.4,13.85,13.15,12.81,15.82,39.18,-0.41,-0.31,-0.1,15.76,14.29,12.81,78,84,0.93,25.96,10.18,,,2026-07-14,2026-07-14 07:37:29
2316,楠梓電,175.0,180.0,184.0,169.0,20.65,24.8,35.38,7.11,12.86,-5.75,240.32,207.99,175.65,4463,2477,1.8,317.51,14.67,2.0,1.14,2026-07-14,2026-07-14 07:37:31
2317,鴻海,234.0,236.0,237.0,230.0,24.02,20.84,29.37,-4.7,-3.56,-1.13,264.4,245.29,226.17,48012,32062,1.5,32764.49,17.45,7.17,3.06,2026-07-14,2026-07-14 07:37:33
2321,東訊,16.4,16.2,16.7,15.55,74.05,64.35,69.41,0.21,0.05,0.16,15.1,13.92,12.74,57,19,2.9,4.91,,,,2026-07-14,2026-07-14 07:37:34
2323,中環,10.7,10.9,10.95,10.35,20.71,31.44,36.9,-0.0,0.11,-0.11,12.1,11.34,10.57,9727,5912,1.65,116.56,6.77,0.3,2.8,2026-07-14,2026-07-14 07:37:35
2324,仁寶,35.55,36.8,36.85,34.7,50.88,47.94,37.57,0.06,0.12,-0.07,38.4,36.09,33.78,45624,40287,1.13,1513.41,25.95,1.1,3.09,2026-07-14,2026-07-14 07:37:36
2327,國巨*,784.0,798.0,823.0,737.0,10.58,16.68,30.29,14.61,61.76,-47.15,1201.21,995.2,789.19,81495,53385,1.53,16140.45,61.98,6.0,0.77,2026-07-14,2026-07-14 07:37:37
2328,廣宇,47.25,49.15,49.15,45.3,22.17,28.39,39.19,-0.9,-0.64,-0.26,53.41,49.98,46.56,4160,2255,1.84,244.92,30.29,0.9,1.9,2026-07-14,2026-07-14 07:37:38
2329,華泰,48.85,50.5,51.0,46.2,13.73,14.64,26.17,-1.31,-0.85,-0.46,58.19,53.5,48.8,8530,4505,1.89,321.9,25.31,1.0,2.05,2026-07-14,2026-07-14 07:37:39
2330,台積電,2415.0,2410.0,2430.0,2390.0,34.35,44.72,53.49,29.87,37.94,-8.06,2518.3,2428.25,2338.2,40414,24772,1.63,626266.71,32.77,24.0,0.99,2026-07-14,2026-07-14 07:37:40
2331,精英,20.55,21.05,21.05,19.75,27.35,23.53,36.08,-0.27,-0.18,-0.09,22.65,21.24,19.82,3257,1752,1.86,114.55,14.68,0.21,1.02,2026-07-14,2026-07-14 07:37:41
2332,友訊,24.25,25.9,25.9,23.4,84.9,81.53,69.18,2.05,1.44,0.62,25.26,19.83,14.4,60741,46924,1.29,144.71,80.83,0.1,0.41,2026-07-14,2026-07-14 07:37:42
2337,旺宏,139.0,140.5,143.0,130.5,28.33,23.06,20.72,-4.75,-3.0,-1.75,182.36,154.12,125.89,67663,46681,1.45,2681.49,3.9,,,2026-07-14,2026-07-14 07:37:42
2338,光罩,44.9,46.85,49.75,43.2,29.63,25.72,43.08,-0.86,-0.53,-0.32,55.07,50.34,45.6,6567,2581,2.54,146.84,149.67,,,2026-07-14,2026-07-14 07:37:43
2340,台亞,35.15,37.1,37.2,33.55,27.63,27.86,34.24,-0.17,0.13,-0.3,42.98,38.26,33.54,8944,5360,1.67,153.91,63.91,,,2026-07-14,2026-07-14 07:37:44
2342,茂矽,46.3,49.15,50.8,44.75,12.85,23.58,35.37,1.22,2.67,-1.45,60.96,53.33,45.69,7340,5609,1.31,72.93,25.16,0.3,0.65,2026-07-14,2026-07-14 07:37:46
2344,華邦電,166.0,170.0,172.5,156.0,16.06,17.47,29.02,0.79,6.81,-6.02,229.84,192.88,155.91,135270,116860,1.16,7470.0,186.52,0.5,0.3,2026-07-14,2026-07-14 07:37:47
2345,智邦,2300.0,2350.0,2415.0,2195.0,21.87,33.39,45.41,-4.46,22.89,-27.35,2745.19,2486.75,2228.31,3085,2268,1.36,12854.89,49.04,15.0,0.65,2026-07-14,2026-07-14 07:37:49
2347,聯強,81.4,81.5,84.3,80.3,18.26,22.24,37.55,-0.16,0.75,-0.92,91.94,87.24,82.54,11887,11890,1.0,1357.71,16.02,4.2,5.16,2026-07-14,2026-07-14 07:37:50
2348,海悅,76.4,77.5,78.4,75.0,63.2,59.88,68.15,1.07,0.72,0.35,78.98,73.95,68.92,728,474,1.54,115.93,11.17,9.0,11.78,2026-07-14,2026-07-14 07:37:51
2349,錸德,12.05,12.55,12.55,11.6,15.48,19.22,26.09,-0.27,-0.15,-0.12,14.12,13.12,12.12,4431,2851,1.55,83.59,11.26,,,2026-07-14,2026-07-14 07:37:52
2351,順德,202.5,209.5,211.5,189.5,25.6,36.52,41.29,3.53,5.4,-1.87,228.29,203.62,178.96,7344,5146,1.43,368.83,123.48,1.1,0.54,2026-07-14,2026-07-14 07:37:53
2352,佳世達,30.3,30.7,31.05,29.5,29.93,45.88,50.0,0.71,1.02,-0.31,35.23,31.91,28.59,11110,17233,0.64,478.89,47.34,1.0,3.3,2026-07-14,2026-07-14 07:37:53
2353,宏碁,30.75,31.95,31.95,29.9,23.08,24.01,30.06,-0.39,-0.08,-0.31,36.05,33.07,30.09,41643,34129,1.22,924.41,24.6,1.3,4.23,2026-07-14,2026-07-14 07:37:54
2354,鴻準,55.9,57.1,57.1,54.5,43.44,48.24,47.34,0.06,-0.09,0.15,58.66,55.77,52.88,4737,3444,1.38,790.7,24.2,1.5,2.68,2026-07-14,2026-07-14 07:37:55
2355,敬鵬,47.15,49.0,49.25,45.4,17.13,17.7,23.31,-2.11,-1.55,-0.56,59.71,53.42,47.12,7239,4016,1.8,187.35,29.65,1.0,2.12,2026-07-14,2026-07-14 07:37:56
2356,英業達,63.3,65.0,65.3,60.9,37.06,45.86,43.48,0.47,0.98,-0.51,70.0,66.57,63.15,37916,53422,0.71,2270.87,26.27,2.0,3.16,2026-07-14,2026-07-14 07:37:57
2357,華碩,699.0,710.0,710.0,690.0,70.39,60.55,43.18,-4.78,-4.97,0.2,763.09,696.41,629.73,4851,4173,1.16,5191.89,11.75,42.0,6.01,2026-07-14,2026-07-14 07:37:58
2359,所羅門,140.5,147.5,147.5,136.5,59.35,55.72,55.13,2.19,1.39,0.8,147.59,135.87,124.15,6100,5561,1.1,240.78,114.23,1.0,0.71,2026-07-14,2026-07-14 07:37:59
2360,致茂,1795.0,1885.0,1905.0,1730.0,14.45,19.2,33.5,-115.61,-76.38,-39.23,2472.91,2104.78,1736.64,2625,2671,0.98,7603.46,55.76,19.5,1.09,2026-07-14,2026-07-14 07:38:00
2362,藍天,41.55,42.7,42.7,40.5,32.0,36.98,39.24,-0.09,0.15,-0.24,46.71,43.32,39.93,820,718,1.14,240.16,20.37,2.0,4.81,2026-07-14,2026-07-14 07:38:01
2363,矽統,62.3,65.0,65.2,59.1,17.21,22.73,39.34,0.61,1.54,-0.94,75.74,67.12,58.51,12814,8552,1.5,320.84,40.72,0.5,0.8,2026-07-14,2026-07-14 07:38:02
2364,倫飛,67.8,69.2,69.2,66.5,47.67,50.49,55.7,0.07,-0.07,0.15,70.66,67.85,65.05,265,149,1.78,35.52,16.26,2.0,2.95,2026-07-14,2026-07-14 07:38:03
2365,昆盈,31.85,32.4,33.2,31.0,27.63,35.34,40.84,-0.71,-0.61,-0.11,35.37,33.33,31.29,3619,2568,1.41,70.56,99.53,0.3,0.94,2026-07-14,2026-07-14 07:38:03
2367,燿華,48.2,50.1,50.8,46.2,16.96,17.25,28.14,-3.27,-2.87,-0.4,63.25,55.2,47.16,17172,10312,1.67,340.41,70.88,0.7,1.45,2026-07-14,2026-07-14 07:38:05
2368,金像電,1010.0,1040.0,1070.0,955.0,11.36,15.08,28.95,-66.67,-44.38,-22.29,1424.71,1210.58,996.45,6193,4331,1.43,5104.32,53.1,9.8,0.97,2026-07-14,2026-07-14 07:38:06
2369,菱生,38.6,40.6,41.25,37.05,42.22,51.38,37.65,1.46,1.77,-0.31,45.98,40.29,34.59,21379,28676,0.75,144.54,22.98,0.3,0.78,2026-07-14,2026-07-14 07:38:08
2371,大同,27.55,28.25,28.25,26.9,43.25,48.3,47.52,-0.37,-0.48,0.11,28.61,27.56,26.52,10821,7524,1.44,563.69,11.77,3.11,11.29,2026-07-14,2026-07-14 07:38:09
2373,震旦行,53.6,54.8,55.0,53.6,29.38,31.32,37.92,-0.03,0.04,-0.08,54.87,54.15,53.43,84,34,2.45,119.91,13.85,3.7,6.9,2026-07-14,2026-07-14 07:38:10
2374,佳能,73.6,76.1,76.1,69.7,36.28,37.31,43.39,-0.67,-0.56,-0.12,78.62,75.39,72.15,5655,3290,1.72,248.76,30.16,0.6,0.82,2026-07-14,2026-07-14 07:38:11
2375,凱美,175.5,181.5,188.5,167.0,12.66,22.55,33.61,6.26,13.25,-6.99,232.75,202.07,171.4,11223,9422,1.19,190.72,47.18,1.5,0.85,2026-07-14,2026-07-14 07:38:12
2376,技嘉,330.0,339.0,339.0,323.5,47.99,48.54,46.67,-0.59,0.17,-0.76,350.49,336.32,322.16,4891,3539,1.38,2210.63,19.21,12.0,3.64,2026-07-14,2026-07-14 07:38:15
2377,微星,144.0,148.0,148.0,140.5,71.3,70.46,66.67,4.53,4.51,0.02,150.78,140.28,129.77,14447,17353,0.83,1216.59,21.3,5.0,3.47,2026-07-14,2026-07-14 07:38:16
2379,瑞昱,761.0,751.0,769.0,741.0,31.71,42.26,43.73,32.67,43.67,-11.01,895.16,796.3,697.44,4039,4750,0.85,3902.89,27.13,25.5,3.35,2026-07-14,2026-07-14 07:38:17
2380,虹光,19.7,18.9,18.9,18.85,13.59,23.94,31.59,-0.53,-0.15,-0.38,25.58,21.86,18.13,46,46,1.02,3.27,7.58,,,2026-07-14,2026-07-14 07:38:18
2382,廣達,372.5,378.0,380.0,368.0,46.04,45.84,57.84,5.19,5.86,-0.68,383.23,372.57,361.92,22415,13291,1.69,14358.08,19.71,15.6,4.19,2026-07-14,2026-07-14 07:38:19
2383,台光電,5020.0,5050.0,5160.0,4745.0,13.9,20.43,39.11,36.93,124.26,-87.33,5975.13,5435.25,4895.37,2513,1739,1.44,17987.71,108.82,16.58,0.33,2026-07-14,2026-07-14 07:38:21
2385,群光,105.5,106.5,106.5,103.5,38.11,46.49,40.48,-4.24,-4.61,0.37,116.19,107.85,99.51,5178,3372,1.54,773.69,11.81,7.2,6.82,2026-07-14,2026-07-14 07:38:21
2387,精元,38.35,39.25,39.25,38.05,22.72,37.46,46.92,-0.24,-0.1,-0.14,41.45,39.71,37.97,764,354,2.15,74.22,11.12,4.0,10.43,2026-07-14,2026-07-14 07:38:22
2388,威盛,71.6,70.3,73.3,70.3,49.99,43.3,37.88,-0.4,-0.25,-0.14,82.26,73.78,65.3,7754,5827,1.33,398.05,596.67,0.05,0.07,2026-07-14,2026-07-14 07:38:23
2390,云辰,11.85,12.2,12.2,11.45,27.81,41.25,44.79,0.25,0.36,-0.11,13.36,12.35,11.35,1168,1122,1.04,22.83,,,,2026-07-14,2026-07-14 07:38:26
2392,正崴,36.25,37.5,37.5,35.0,13.28,20.25,34.5,-0.53,-0.24,-0.29,41.03,38.34,35.66,2746,1388,1.98,167.77,7.71,1.0,2.76,2026-07-14,2026-07-14 07:38:27
2393,億光,67.3,69.5,69.5,66.4,48.76,57.97,43.05,0.37,0.48,-0.11,72.21,69.46,66.72,3407,2709,1.26,298.4,14.86,4.5,6.69,2026-07-14,2026-07-14 07:38:28
2395,研華,519.0,552.0,553.0,508.0,56.6,68.22,64.8,16.38,13.48,2.9,554.66,502.98,451.29,2602,4281,0.61,4506.24,40.52,11.16,2.15,2026-07-14,2026-07-14 07:38:29
2397,友通,57.1,59.4,59.4,55.9,39.65,48.96,51.22,0.03,0.03,0.0,61.51,58.16,54.8,681,326,2.09,65.37,23.02,2.45,4.29,2026-07-14,2026-07-14 07:38:30
2399,映泰,41.6,43.5,43.9,39.8,13.86,22.25,28.76,-0.54,0.54,-1.08,56.09,49.71,43.33,6929,5815,1.19,74.09,277.33,,,2026-07-14,2026-07-14 07:38:31
2401,凌陽,31.1,32.05,32.85,29.55,31.86,35.18,37.32,0.79,1.12,-0.32,35.01,32.49,29.97,8712,7705,1.13,183.0,15.47,,,2026-07-14,2026-07-14 07:38:32
2402,毅嘉,60.6,62.2,63.6,59.8,20.95,25.6,38.76,-0.79,-0.34,-0.46,72.04,66.8,61.56,3635,2293,1.59,186.37,26.12,2.0,3.3,2026-07-14,2026-07-14 07:38:33
2404,漢唐,1180.0,1210.0,1225.0,1140.0,20.17,24.88,43.75,6.28,28.95,-22.68,1399.34,1281.5,1163.66,2407,1597,1.51,2228.86,24.73,40.0,3.39,2026-07-14,2026-07-14 07:38:35
2405,輔信,16.85,17.1,17.3,16.5,49.28,47.71,32.2,-0.18,-0.08,-0.11,19.22,17.71,16.2,2985,2010,1.48,57.87,,0.1,0.59,2026-07-14,2026-07-14 07:38:36
2406,國碩,36.0,36.35,37.15,33.5,18.19,30.44,51.37,0.64,1.13,-0.49,43.03,37.57,32.12,19006,13930,1.36,126.33,,,,2026-07-14,2026-07-14 07:38:36
2408,南亞科,432.0,432.0,449.0,415.5,55.75,44.34,51.32,15.89,20.17,-4.27,488.87,436.75,384.64,123043,79301,1.55,13386.07,39.89,1.35,0.31,2026-07-14,2026-07-14 07:38:37
2409,友達,27.95,29.05,29.4,26.5,28.87,38.55,42.64,1.32,1.8,-0.48,33.71,29.6,25.48,356344,338870,1.05,2109.41,87.34,1.2,4.29,2026-07-14,2026-07-14 07:38:38
2412,中華電,133.5,134.0,134.0,132.0,12.53,9.72,13.6,-0.65,-0.02,-0.63,141.29,136.62,131.94,28407,26572,1.07,10356.19,26.59,5.2,3.9,2026-07-14,2026-07-14 07:38:39
2413,環科,45.75,45.4,46.9,43.0,18.32,18.59,23.08,-2.06,-1.44,-0.62,58.85,49.62,40.39,3362,1686,1.99,58.27,111.59,0.5,1.09,2026-07-14,2026-07-14 07:38:40
2414,精技,61.3,61.8,63.8,60.4,53.92,53.08,64.49,2.0,2.11,-0.11,64.03,61.16,58.29,1139,570,2.0,99.14,19.46,3.0,4.89,2026-07-14,2026-07-14 07:38:41
2415,錩新,35.0,36.9,36.9,34.1,32.75,49.47,61.84,2.19,2.43,-0.24,42.34,35.16,27.99,767,746,1.03,31.5,19.34,1.2,3.43,2026-07-14,2026-07-14 07:38:42
2417,圓剛,43.8,45.3,45.3,41.8,29.81,36.29,44.86,-0.54,-0.49,-0.04,48.19,45.17,42.14,1127,786,1.43,56.29,,0.25,0.57,2026-07-14,2026-07-14 07:38:43
2419,仲琦,27.05,27.55,27.7,26.15,19.14,27.81,39.64,-0.65,-0.62,-0.03,30.02,28.3,26.58,1288,717,1.8,86.92,30.39,,,2026-07-14,2026-07-14 07:38:45
2420,新巨,59.4,60.9,60.9,58.0,26.66,27.41,36.36,-0.14,0.05,-0.19,63.13,60.98,58.84,814,353,2.3,90.67,15.27,3.5,5.89,2026-07-14,2026-07-14 07:38:46
2421,建準,136.0,138.5,140.0,128.0,27.51,37.74,29.63,-2.11,-1.09,-1.02,152.87,143.82,134.78,2909,1499,1.94,389.01,17.78,5.24,3.85,2026-07-14,2026-07-14 07:38:47
2423,固緯,77.0,79.7,81.7,76.0,76.27,60.61,56.32,1.68,1.23,0.45,81.69,75.79,69.89,400,289,1.38,111.69,26.46,2.5,3.25,2026-07-14,2026-07-14 07:38:48
2424,隴華,9.45,9.61,9.61,9.02,28.18,34.22,34.86,-1.04,-1.24,0.2,11.32,10.25,9.18,97,182,0.53,5.63,,,,2026-07-14,2026-07-14 07:38:48
2425,承啟,44.5,46.45,48.05,43.3,45.25,38.81,62.64,1.62,1.65,-0.03,45.02,41.09,37.17,10220,2960,3.45,42.94,,0.1,0.22,2026-07-14,2026-07-14 07:38:49
2426,鼎元,63.4,67.5,68.3,60.4,9.67,13.91,17.03,-1.25,0.78,-2.03,93.92,77.2,60.49,18223,12484,1.46,190.59,51.97,0.1,0.16,2026-07-14,2026-07-14 07:38:50
2427,三商電,25.15,25.4,25.75,24.5,68.02,65.83,68.51,0.93,0.73,0.2,27.09,23.66,20.23,2997,2754,1.09,49.8,17.47,0.7,2.78,2026-07-14,2026-07-14 07:38:51
2428,興勤,291.0,292.5,302.5,279.5,24.34,35.24,46.49,10.05,15.0,-4.95,340.55,308.82,277.1,2227,2086,1.07,372.81,24.87,6.1,2.1,2026-07-14,2026-07-14 07:38:53
2429,銘旺科,43.0,43.45,47.75,42.55,43.47,46.79,61.28,0.44,-0.0,0.44,50.08,42.86,35.64,1693,682,2.48,36.76,,,,2026-07-14,2026-07-14 07:38:54
2430,燦坤,17.95,18.0,18.0,17.85,9.99,13.92,33.33,-0.2,-0.21,0.01,18.54,18.2,17.86,206,190,1.08,20.97,26.01,0.8,4.46,2026-07-14,2026-07-14 07:38:56
2431,聯昌,10.75,10.9,11.05,10.5,25.65,38.91,39.13,0.05,0.15,-0.1,12.24,11.48,10.72,449,314,1.43,11.92,,,,2026-07-14,2026-07-14 07:38:58
2432,倚天酷碁-創,27.85,28.05,28.35,27.8,31.9,38.97,31.62,0.44,0.54,-0.1,29.7,28.0,26.3,49,28,1.72,17.23,14.97,1.7,6.1,2026-07-14,2026-07-14 07:38:59
2433,互盛電,42.3,42.6,42.6,41.8,28.77,36.47,44.04,0.08,0.07,0.01,42.35,41.91,41.47,75,34,2.2,61.12,13.91,2.7,6.38,2026-07-14,2026-07-14 07:39:00
2434,統懋,74.0,74.5,75.1,72.0,96.46,91.51,77.5,8.26,5.9,2.36,71.74,50.06,28.39,2711,1372,1.98,27.38,3700.0,,,2026-07-14,2026-07-14 07:39:00
2436,偉詮電,62.0,65.0,66.1,59.0,13.39,21.96,29.97,-1.12,0.03,-1.15,79.46,70.77,62.08,4730,3431,1.38,122.31,22.22,1.96,3.16,2026-07-14,2026-07-14 07:39:01
2438,翔耀,19.25,19.45,19.75,18.8,11.96,11.79,23.85,-0.79,-0.61,-0.19,23.36,21.4,19.44,264,168,1.57,13.13,,,,2026-07-14,2026-07-14 07:39:03
2439,美律,86.4,86.9,87.5,84.9,11.06,17.96,26.61,-0.65,-0.09,-0.56,93.91,90.22,86.53,1878,1120,1.68,214.83,18.54,7.29,8.44,2026-07-14,2026-07-14 07:39:04
2440,太空梭,16.4,16.9,16.9,15.5,24.01,33.52,38.71,-0.23,-0.15,-0.07,17.75,16.84,15.92,721,427,1.69,22.82,,,,2026-07-14,2026-07-14 07:39:05
2441,超豐,132.0,137.5,138.0,124.0,32.96,43.24,40.0,3.51,4.9,-1.39,149.04,137.05,125.06,9480,8774,1.08,750.88,32.43,3.0,2.27,2026-07-14,2026-07-14 07:39:06
2442,新美齊,19.25,19.35,19.35,19.05,17.39,27.93,44.74,-0.01,0.04,-0.05,19.94,19.41,18.88,1278,826,1.55,54.13,4.5,0.08,0.42,2026-07-14,2026-07-14 07:39:07
2444,兆勁,11.95,12.35,12.35,11.55,12.65,17.77,28.99,-0.24,-0.14,-0.1,13.69,12.75,11.82,900,435,2.07,12.14,,,,2026-07-14,2026-07-14 07:39:08
2449,京元電子,292.5,311.0,311.0,278.5,17.23,27.13,37.93,0.24,4.42,-4.18,359.88,318.0,276.12,30062,18648,1.61,3576.53,44.93,1.0,0.34,2026-07-14,2026-07-14 07:39:09
2450,神腦,28.7,29.15,29.15,28.6,34.5,31.38,43.33,0.01,0.05,-0.04,29.32,28.96,28.6,217,110,1.96,74.12,16.69,1.55,5.4,2026-07-14,2026-07-14 07:39:10
2451,創見,245.0,252.0,254.0,230.5,25.79,26.98,28.77,-12.74,-10.37,-2.37,309.85,270.99,232.13,5422,3236,1.68,1056.8,18.95,11.78,4.81,2026-07-14,2026-07-14 07:39:12
2453,凌群,53.6,54.5,54.6,52.1,43.49,46.86,43.17,-0.17,-0.18,0.01,55.08,53.72,52.35,487,377,1.29,53.6,17.23,2.8,5.22,2026-07-14,2026-07-14 07:39:12
2454,聯發科,3720.0,3830.0,3860.0,3515.0,15.61,23.04,30.95,-46.54,35.4,-81.94,4658.23,4152.17,3646.11,12442,6047,2.06,59375.3,57.89,53.5,1.44,2026-07-14,2026-07-14 07:39:13
2455,全新,314.0,331.0,340.0,300.0,22.73,22.88,27.56,-14.7,-10.46,-4.24,430.04,360.74,291.45,7167,5110,1.4,580.6,100.32,2.62,0.83,2026-07-14,2026-07-14 07:39:14
2457,飛宏,26.9,27.55,27.9,25.5,19.01,26.07,35.53,-0.09,0.28,-0.37,31.19,28.8,26.42,4213,2031,2.07,114.26,,,,2026-07-14,2026-07-14 07:39:15
2458,義隆,180.0,183.0,183.5,173.5,39.2,49.35,60.13,6.55,7.22,-0.66,197.61,177.22,156.84,4493,5338,0.84,515.38,21.43,7.07,3.93,2026-07-14,2026-07-14 07:39:16
2459,敦吉,64.0,64.8,64.8,63.6,46.11,41.03,50.0,0.02,0.05,-0.04,65.09,64.08,63.07,126,85,1.48,67.58,12.43,4.2,6.56,2026-07-14,2026-07-14 07:39:17
2460,建通,32.5,33.4,33.65,30.9,15.02,24.11,28.28,0.02,0.68,-0.66,40.37,36.14,31.92,1253,1064,1.18,54.99,31.86,,,2026-07-14,2026-07-14 07:39:18
2461,光群雷,16.65,16.85,17.0,16.25,22.22,30.62,35.29,-0.19,-0.07,-0.12,18.67,17.56,16.45,1115,639,1.74,33.45,17.71,1.67,10.03,2026-07-14,2026-07-14 07:39:19
2462,良得電,21.55,22.15,22.15,20.8,15.21,18.2,23.44,-0.3,0.06,-0.36,26.03,23.79,21.54,484,291,1.66,32.49,82.88,0.2,0.93,2026-07-14,2026-07-14 07:39:20
2464,盟立,159.0,166.0,167.5,152.5,16.37,21.92,42.05,2.0,4.56,-2.56,186.71,168.93,151.14,9408,7181,1.31,328.1,53.45,0.35,0.22,2026-07-14,2026-07-14 07:39:21
2465,麗臺,82.2,88.0,89.4,79.1,73.0,67.56,58.84,1.66,0.11,1.55,90.3,78.2,66.09,3961,4726,0.84,77.22,146.79,,,2026-07-14,2026-07-14 07:39:22
2466,冠西電,103.0,105.0,105.0,100.0,92.9,90.62,93.89,13.66,10.43,3.24,114.85,74.01,33.17,1384,1294,1.07,178.66,412.0,,,2026-07-14,2026-07-14 07:39:23
2467,志聖,536.0,586.0,586.0,536.0,21.3,32.25,43.72,-3.91,3.44,-7.34,664.88,592.56,520.24,1973,1832,1.08,819.93,99.08,5.5,1.03,2026-07-14,2026-07-14 07:39:24
2468,華經,36.9,38.4,38.4,35.5,36.68,41.7,48.18,-0.03,0.03,-0.06,39.63,36.94,34.25,653,465,1.4,25.82,29.52,0.9,2.44,2026-07-14,2026-07-14 07:39:25
2471,資通,52.1,52.6,52.7,51.7,37.07,47.84,41.54,0.05,0.16,-0.12,54.52,53.11,51.7,301,116,2.6,24.62,14.55,3.31,6.35,2026-07-14,2026-07-14 07:39:26
2472,立隆電,323.5,334.0,346.5,310.0,13.45,22.54,43.81,4.92,18.12,-13.19,452.21,384.52,316.84,10820,6657,1.63,532.92,37.14,3.1,0.96,2026-07-14,2026-07-14 07:39:27
2474,可成,189.5,192.5,192.5,186.0,18.37,19.79,33.91,-2.29,-1.54,-0.75,203.87,196.89,189.91,4931,3426,1.44,1021.07,16.74,10.27,5.42,2026-07-14,2026-07-14 07:39:28
2476,鉅祥,122.0,126.5,127.0,117.0,33.17,46.13,42.86,1.47,2.55,-1.08,136.4,128.12,119.85,4919,3453,1.42,266.06,29.26,3.5,2.87,2026-07-14,2026-07-14 07:39:29
2477,美隆電,20.85,21.3,21.3,20.6,30.37,40.86,42.11,-0.15,-0.05,-0.09,22.61,21.7,20.79,228,118,1.93,33.06,12.41,1.4,6.71,2026-07-14,2026-07-14 07:39:31
2478,大毅,159.5,162.0,167.5,148.0,8.3,15.7,23.22,2.37,13.6,-11.23,260.86,208.44,156.03,7230,5936,1.22,227.66,46.64,2.0,1.25,2026-07-14,2026-07-14 07:39:32
2480,敦陽科,160.0,165.0,165.0,157.0,54.14,64.6,62.12,3.73,3.69,0.04,166.28,155.8,145.32,372,274,1.36,170.18,20.1,7.8,4.88,2026-07-14,2026-07-14 07:39:33
2481,強茂,177.0,188.0,188.0,173.0,35.44,57.33,43.99,13.5,16.48,-2.97,237.89,189.47,141.06,28548,12368,2.31,676.34,56.91,1.8,1.02,2026-07-14,2026-07-14 07:39:34
2482,連宇,17.9,18.2,18.2,17.5,58.37,50.42,56.94,0.28,0.16,0.12,18.3,17.29,16.27,586,463,1.26,13.94,,0.1,0.56,2026-07-14,2026-07-14 07:39:36
2483,百容,55.2,56.8,56.8,55.1,41.67,63.96,59.11,7.8,8.54,-0.74,77.09,54.9,32.72,2161,1641,1.32,59.29,92.0,0.3,0.54,2026-07-14,2026-07-14 07:39:37
2484,希華,80.0,83.7,84.7,76.3,42.81,60.24,58.16,7.83,8.58,-0.75,100.5,79.21,57.91,24266,35420,0.69,127.54,123.08,0.7,0.87,2026-07-14,2026-07-14 07:39:38
2485,兆赫,47.4,49.5,50.0,45.25,14.08,12.57,23.26,-4.34,-4.12,-0.22,63.69,54.43,45.16,7539,4627,1.63,150.58,,,,2026-07-14,2026-07-14 07:39:38
2486,一詮,239.0,251.0,253.5,226.0,48.56,54.19,43.05,-2.0,-1.92,-0.09,277.66,249.1,220.54,12810,7404,1.73,556.09,1039.13,0.5,0.21,2026-07-14,2026-07-14 07:39:39
2488,漢平,48.35,49.3,49.3,47.9,21.14,23.58,29.14,-0.32,0.04,-0.36,52.92,50.71,48.51,442,384,1.15,38.68,10.77,3.0,6.2,2026-07-14,2026-07-14 07:39:41
2489,瑞軒,36.4,38.35,39.25,34.45,15.12,13.95,15.14,-1.83,-1.16,-0.67,49.83,42.42,35.0,17048,9474,1.8,222.04,30.08,1.2,3.3,2026-07-14,2026-07-14 07:39:42
2491,吉祥全,33.2,34.0,34.65,31.9,14.65,17.39,30.1,1.41,2.67,-1.25,43.68,38.87,34.06,588,477,1.23,27.23,23.22,,,2026-07-14,2026-07-14 07:39:43
2492,華新科,398.0,406.0,422.5,377.5,10.56,20.51,25.13,7.91,35.87,-27.96,650.67,527.61,404.55,25167,15689,1.6,1929.52,84.14,2.5,0.63,2026-07-14,2026-07-14 07:39:44
2493,揚博,247.0,259.5,265.0,232.0,19.63,32.9,44.92,18.1,26.92,-8.82,315.89,272.93,229.98,6886,3745,1.84,441.64,56.78,4.0,1.62,2026-07-14,2026-07-14 07:39:46
2495,普安,44.5,46.0,46.3,42.7,29.16,39.41,28.05,0.25,1.1,-0.85,55.38,51.02,46.66,7364,9531,0.77,121.73,39.73,0.8,1.8,2026-07-14,2026-07-14 07:39:47
2496,卓越,61.2,61.1,61.2,60.8,13.06,19.59,26.03,-0.9,-0.56,-0.34,66.57,63.63,60.7,7,38,0.19,11.69,10.03,4.5,7.35,2026-07-14,2026-07-14 07:39:48
2497,怡利電,59.4,63.3,63.3,57.5,36.67,44.3,51.53,0.42,0.37,0.05,65.96,59.91,53.86,704,682,1.03,77.75,25.17,2.0,3.37,2026-07-14,2026-07-14 07:39:49
2498,宏達電,43.3,44.15,44.7,41.7,31.51,34.39,36.43,-0.07,0.14,-0.21,48.63,45.03,41.42,7233,4630,1.56,362.04,6.06,0.5,1.15,2026-07-14,2026-07-14 07:39:50
2501,國建,22.2,22.2,22.6,21.5,22.65,31.08,33.77,-0.19,0.03,-0.21,25.17,23.24,21.31,10896,5388,2.02,257.42,7.84,1.2,5.41,2026-07-14,2026-07-14 07:39:51
2504,國產,30.9,31.45,31.45,30.3,3.29,8.22,25.0,-0.48,-0.22,-0.25,34.34,32.64,30.95,3591,2413,1.49,363.66,9.39,2.6,8.41,2026-07-14,2026-07-14 07:39:52
2505,國揚,17.8,18.05,18.05,17.6,18.7,21.15,32.61,-0.12,-0.06,-0.06,18.88,18.2,17.52,292,160,1.82,67.64,7.54,1.0,5.62,2026-07-14,2026-07-14 07:39:54
2506,太設,8.83,8.95,8.95,8.82,57.18,57.31,48.39,0.01,0.01,-0.0,9.07,8.88,8.68,392,212,1.85,31.93,441.5,0.2,2.27,2026-07-14,2026-07-14 07:39:54
2509,全坤建,13.15,13.35,13.35,13.1,28.56,34.63,48.39,-0.03,0.01,-0.04,14.18,13.43,12.67,135,78,1.72,29.53,,,,2026-07-14,2026-07-14 07:39:56
2511,太子,8.45,8.56,8.56,8.4,60.84,65.34,65.56,0.14,0.13,0.01,8.67,8.28,7.9,1430,1102,1.3,137.12,25.61,0.3,3.55,2026-07-14,2026-07-14 07:39:57
2514,龍邦,12.7,12.85,12.85,12.45,23.18,21.19,34.29,-0.15,-0.11,-0.04,13.85,13.18,12.51,313,376,0.83,45.48,6.86,,,2026-07-14,2026-07-14 07:39:58
2515,中工,13.4,13.45,13.65,13.2,29.83,45.48,52.54,0.18,0.2,-0.02,14.39,13.51,12.62,9544,9924,0.96,215.46,34.36,,,2026-07-14,2026-07-14 07:39:59
2516,新建,13.65,13.9,15.05,13.65,37.57,37.6,62.5,0.21,0.21,0.0,14.31,13.78,13.26,2685,634,4.23,30.89,11.1,,,2026-07-14,2026-07-14 07:40:01
2520,冠德,35.0,35.25,35.75,34.85,73.24,73.46,62.35,0.65,0.72,-0.08,36.12,34.77,33.42,1542,906,1.7,206.37,13.41,1.62,4.63,2026-07-14,2026-07-14 07:40:02
2524,京城,35.8,36.05,36.05,35.3,26.75,24.84,39.5,-0.14,-0.04,-0.1,38.74,36.37,33.99,123,61,2.01,131.02,20.94,,,2026-07-14,2026-07-14 07:40:03
2527,宏璟,43.8,45.65,45.8,41.4,61.86,71.61,57.19,1.66,1.57,0.08,44.23,41.0,37.76,2329,1481,1.57,114.65,47.1,2.0,4.57,2026-07-14,2026-07-14 07:40:04
2528,皇普,21.4,21.8,21.8,21.2,45.87,57.48,53.21,0.02,0.04,-0.02,23.25,21.97,20.68,360,469,0.77,93.3,6.15,1.5,7.01,2026-07-14,2026-07-14 07:40:05
2530,華建,19.55,19.8,19.85,19.05,46.08,49.89,50.96,-0.09,-0.14,0.05,20.48,19.44,18.4,1064,493,2.16,164.47,9.82,3.0,15.35,2026-07-14,2026-07-14 07:40:06
2534,宏盛,16.6,16.7,16.7,16.3,28.57,30.9,45.45,-0.05,-0.03,-0.01,17.11,16.69,16.26,639,333,1.91,78.52,8.06,1.5,9.04,2026-07-14,2026-07-14 07:40:07
2535,達欣工,87.5,90.8,90.8,86.7,27.54,24.26,26.39,0.67,1.65,-0.98,97.95,91.53,85.1,340,187,1.82,227.41,13.5,4.6,5.26,2026-07-14,2026-07-14 07:40:09
2536,宏普,19.45,19.5,19.6,19.25,59.92,54.37,50.38,0.12,0.13,-0.0,19.94,19.36,18.78,979,867,1.13,64.73,6.12,2.0,10.28,2026-07-14,2026-07-14 07:40:10
2537,聯上發,11.0,10.95,11.05,10.9,38.87,44.33,43.33,0.11,0.16,-0.05,11.81,11.12,10.44,919,812,1.13,33.06,73.33,,,2026-07-14,2026-07-14 07:40:10
2538,基泰,9.81,9.8,9.83,9.74,31.69,41.19,36.26,-0.01,0.01,-0.02,10.16,9.93,9.69,401,269,1.49,43.66,28.85,0.7,7.14,2026-07-14,2026-07-14 07:40:11
2539,櫻花建,40.75,41.2,41.2,40.15,71.71,67.12,60.9,0.39,0.22,0.17,40.61,39.32,38.02,1274,742,1.72,486.19,11.78,0.5,1.23,2026-07-14,2026-07-14 07:40:12
2540,愛山林,53.8,54.0,54.0,53.2,32.44,27.3,52.54,-0.09,-0.08,-0.02,54.87,53.56,52.26,721,335,2.15,508.34,77.97,0.71,1.32,2026-07-14,2026-07-14 07:40:13
2542,興富發,43.0,42.95,43.4,42.6,48.44,52.1,52.38,0.16,0.26,-0.1,45.29,43.58,41.86,7881,4056,1.94,908.13,20.48,2.0,4.65,2026-07-14,2026-07-14 07:40:14
2543,皇昌,39.45,40.7,40.7,38.4,33.94,30.83,48.67,-1.56,-1.69,0.12,45.71,40.25,34.79,1493,926,1.61,203.23,14.35,1.0,2.53,2026-07-14,2026-07-14 07:40:17
2545,皇翔,34.3,35.0,35.0,34.1,13.58,24.38,38.46,-0.09,0.06,-0.15,36.19,35.22,34.26,489,397,1.23,130.25,17.86,2.8,8.16,2026-07-14,2026-07-14 07:40:18
2546,根基,92.4,94.0,94.1,92.0,40.16,39.32,56.38,0.8,1.21,-0.41,96.0,93.62,91.25,192,98,1.95,120.6,9.79,3.2,3.46,2026-07-14,2026-07-14 07:40:19
2547,日勝生,11.2,11.35,11.35,11.1,39.74,52.2,58.82,0.18,0.21,-0.02,11.62,11.18,10.74,4809,3164,1.52,115.93,3.94,0.8,7.14,2026-07-14,2026-07-14 07:40:20
2548,華固,99.3,100.5,100.5,98.6,17.51,25.83,38.04,-1.92,-2.04,0.11,105.84,102.14,98.44,2556,1288,1.98,317.28,11.3,8.0,8.06,2026-07-14,2026-07-14 07:40:21
2596,綠意,31.85,31.3,31.9,30.95,48.29,55.06,70.97,0.5,0.5,0.01,32.27,30.98,29.69,72,26,2.73,31.85,17.12,1.0,3.14,2026-07-14,2026-07-14 07:40:22
2597,潤弘,165.0,168.5,168.5,162.0,44.27,51.92,37.29,0.06,1.12,-1.06,178.54,169.72,160.91,451,203,2.22,512.68,15.38,9.67,5.86,2026-07-14,2026-07-14 07:40:23
2601,益航,7.08,7.37,7.45,6.91,73.3,74.02,72.8,0.52,0.34,0.17,8.06,6.21,4.37,12542,19658,0.64,58.39,13.88,,,2026-07-14,2026-07-14 07:40:23
2603,長榮,194.5,196.5,197.5,192.0,72.65,67.08,60.53,-1.02,-1.95,0.93,202.48,190.93,179.37,9317,7836,1.19,4211.01,6.15,16.0,8.23,2026-07-14,2026-07-14 07:40:24
2605,新興,30.35,30.95,31.2,29.8,56.22,57.1,48.36,-0.09,-0.23,0.13,31.8,30.14,28.49,4957,3163,1.57,177.65,20.93,1.0,3.29,2026-07-14,2026-07-14 07:40:25
2606,裕民,62.8,64.5,64.5,61.9,73.27,72.51,55.67,-0.11,-0.4,0.29,64.12,61.64,59.17,2815,2747,1.02,530.7,14.6,2.8,4.46,2026-07-14,2026-07-14 07:40:26
2607,榮運,46.3,46.95,46.95,45.6,55.12,52.25,48.91,0.04,0.04,-0.0,47.26,46.36,45.45,537,253,2.12,247.04,13.04,2.7,5.83,2026-07-14,2026-07-14 07:40:27
2608,嘉里大榮,29.3,29.5,29.5,29.05,74.14,78.93,52.94,0.23,0.23,-0.0,29.53,29.09,28.65,199,204,0.98,136.83,14.87,1.65,5.63,2026-07-14,2026-07-14 07:40:28
2609,陽明,48.0,49.0,49.4,47.25,25.41,35.88,43.53,-0.18,-0.02,-0.15,50.86,49.34,47.81,34958,19042,1.84,1676.21,9.82,2.0,4.17,2026-07-14,2026-07-14 07:40:30
2610,華航,20.45,20.85,20.9,20.1,38.81,33.04,42.18,0.46,0.64,-0.19,22.19,20.8,19.4,55216,40461,1.36,1243.74,8.59,0.81,3.96,2026-07-14,2026-07-14 07:40:31
2611,志信,14.3,14.75,14.75,14.05,66.29,67.39,60.0,0.22,0.17,0.05,14.77,14.02,13.26,368,360,1.02,27.03,27.5,0.52,3.64,2026-07-14,2026-07-14 07:40:32
2612,中航,53.8,55.1,55.2,52.6,69.84,66.67,49.43,-0.08,-0.26,0.18,55.89,53.52,51.14,398,267,1.49,106.25,9.87,2.2,4.09,2026-07-14,2026-07-14 07:40:33
2613,中櫃,21.55,22.0,22.05,21.2,20.65,33.22,43.06,-0.1,-0.08,-0.02,22.26,21.74,21.22,303,172,1.76,29.58,18.9,1.0,4.64,2026-07-14,2026-07-14 07:40:34
2614,東森,18.2,18.4,18.4,17.85,27.04,28.82,43.75,-0.17,-0.17,0.0,18.9,18.4,17.89,628,349,1.8,59.56,9.15,0.25,1.37,2026-07-14,2026-07-14 07:40:34
2615,萬海,79.5,80.3,81.0,78.1,69.44,66.12,59.79,0.44,0.14,0.3,81.51,77.55,73.6,7811,5971,1.31,2230.89,7.1,3.0,3.77,2026-07-14,2026-07-14 07:40:35
2616,山隆,13.7,13.8,13.8,13.3,34.27,38.73,51.85,-0.05,-0.07,0.02,13.86,13.57,13.28,297,168,1.76,18.62,,0.3,2.19,2026-07-14,2026-07-14 07:40:37
2617,台航,30.05,30.2,30.4,29.65,52.06,60.65,52.11,0.18,0.19,-0.01,30.87,30.06,29.25,1623,808,2.01,125.4,9.48,1.5,4.99,2026-07-14,2026-07-14 07:40:39
2618,長榮航,40.45,40.5,41.05,39.9,42.09,38.03,41.45,0.97,1.35,-0.38,43.29,40.91,38.53,81249,71185,1.14,2184.48,8.43,2.0,4.94,2026-07-14,2026-07-14 07:40:41
2630,亞航,61.4,57.5,62.3,56.7,81.35,77.41,81.16,4.11,2.88,1.23,63.15,48.67,34.19,41237,15733,2.62,128.59,61.4,0.9,1.47,2026-07-14,2026-07-14 07:40:42
2633,台灣高鐵,25.5,25.55,25.6,25.2,62.19,65.14,63.59,0.21,0.19,0.02,25.78,25.21,24.65,18744,8769,2.14,1435.21,21.79,1.15,4.51,2026-07-14,2026-07-14 07:40:43
2634,漢翔,66.4,66.0,69.5,64.0,79.06,74.29,79.65,4.17,3.04,1.12,66.49,54.1,41.71,139237,51986,2.68,625.4,85.13,0.78,1.17,2026-07-14,2026-07-14 07:40:45
2636,台驊控股,68.8,69.9,69.9,68.2,32.65,47.77,45.26,0.19,0.39,-0.21,71.82,70.11,68.41,1139,501,2.27,94.23,8.89,5.0,7.27,2026-07-14,2026-07-14 07:40:47
2637,慧洋-KY,83.1,86.6,86.6,81.5,81.95,77.42,69.19,2.35,1.4,0.95,85.58,77.25,68.93,4022,4475,0.9,620.27,15.28,3.5,4.21,2026-07-14,2026-07-14 07:40:49
2640,大車隊,157.5,157.5,157.5,155.5,34.79,48.56,60.0,-0.41,-0.94,0.53,162.83,155.38,147.92,35,40,0.88,93.34,17.6,8.0,5.08,2026-07-14,2026-07-14 07:40:50
2641,正德,17.55,17.8,17.85,17.15,28.16,35.6,39.68,-0.06,-0.0,-0.06,18.53,17.97,17.41,1977,933,2.12,57.97,9.54,0.5,2.85,2026-07-14,2026-07-14 07:40:52
2642,宅配通,20.6,20.95,20.95,20.05,39.26,43.64,38.64,-0.07,-0.03,-0.04,21.41,20.91,20.42,106,62,1.7,19.67,28.61,0.5,2.43,2026-07-14,2026-07-14 07:40:53
2643,捷迅,60.0,60.2,62.0,60.0,48.86,31.43,49.26,-0.18,-0.17,-0.01,63.27,61.98,60.69,96,38,2.51,21.0,9.55,4.5,7.5,2026-07-14,2026-07-14 07:40:54
2645,長榮航太,241.0,247.0,253.5,236.5,81.98,82.68,72.71,20.76,15.39,5.38,259.22,196.59,133.96,10414,8393,1.24,902.72,44.38,5.0,2.07,2026-07-14,2026-07-14 07:40:56
2646,星宇航空,21.15,21.35,21.45,20.9,39.22,36.84,35.14,0.12,0.15,-0.04,21.71,21.23,20.76,5952,3653,1.63,636.35,235.0,,,2026-07-14,2026-07-14 07:40:58
2701,萬企,10.75,10.75,10.8,10.65,74.13,74.85,57.14,0.08,0.07,0.01,10.87,10.66,10.44,62,51,1.2,48.37,19.2,0.28,2.6,2026-07-14,2026-07-14 07:40:58
2702,華園,13.0,13.25,13.3,12.9,52.79,53.0,52.83,-0.02,-0.09,0.07,13.56,12.91,12.26,39,37,1.05,20.36,,,,2026-07-14,2026-07-14 07:40:59
2704,國賓,45.5,46.1,46.1,45.05,75.2,65.31,52.63,0.52,0.51,0.02,46.38,45.02,43.67,120,74,1.62,166.95,79.82,0.5,1.1,2026-07-14,2026-07-14 07:41:00
2705,六福,16.15,16.35,16.35,15.95,27.3,32.47,51.43,0.1,0.13,-0.02,16.57,16.27,15.96,221,106,2.09,30.9,18.56,,,2026-07-14,2026-07-14 07:41:01
2706,第一店,12.6,12.65,12.65,12.5,43.61,55.02,54.55,0.08,0.09,-0.01,12.69,12.53,12.37,237,99,2.38,63.0,19.38,0.35,2.78,2026-07-14,2026-07-14 07:41:02
2707,晶華,179.0,180.5,180.5,178.0,50.28,50.78,50.0,0.82,0.92,-0.1,181.42,179.57,177.73,214,98,2.17,228.05,15.74,10.75,6.01,2026-07-14,2026-07-14 07:41:03
2712,遠雄來,15.15,15.4,15.4,14.7,44.6,34.2,52.94,-0.1,-0.13,0.03,15.38,15.01,14.65,10,5,1.96,15.91,,,,2026-07-14,2026-07-14 07:41:04
2718,全心投控,47.65,48.15,48.15,46.65,16.05,28.69,36.09,0.33,0.87,-0.54,52.99,50.27,47.54,77,36,2.12,40.83,2.82,4.51,9.46,2026-07-14,2026-07-14 07:41:05
2719,燦星旅,22.55,23.0,23.05,21.5,13.56,18.57,18.11,-0.6,-0.42,-0.18,26.24,24.45,22.66,40,16,2.5,15.6,,,,2026-07-14,2026-07-14 07:41:06
2722,夏都,22.5,22.85,22.9,22.25,26.93,24.55,46.34,-0.08,-0.05,-0.03,23.32,22.92,22.52,55,32,1.7,32.21,,0.15,0.67,2026-07-14,2026-07-14 07:41:07
2723,美食-KY,64.3,66.4,66.4,63.6,25.91,33.12,36.36,0.19,0.54,-0.35,68.93,66.98,65.03,296,200,1.48,115.74,10.51,3.0,4.67,2026-07-14,2026-07-14 07:41:08
2724,藝舍-KY,11.15,11.15,11.15,11.15,52.69,59.19,28.89,-0.47,-0.49,0.02,12.66,11.92,11.19,1,5,0.19,6.65,,,,2026-07-14,2026-07-14 07:41:10
2726,雅茗-KY,8.99,8.99,8.99,8.7,30.42,26.49,31.6,-0.25,-0.21,-0.04,10.19,9.42,8.65,22,37,0.59,3.39,,,,2026-07-14,2026-07-14 07:41:11
2727,王品,235.0,239.0,239.0,232.0,8.88,17.35,25.0,-0.61,1.2,-1.8,252.61,244.55,236.49,1044,536,1.95,194.72,15.1,16.12,6.86,2026-07-14,2026-07-14 07:41:13
2729,瓦城,156.0,157.0,157.0,156.0,16.53,17.47,5.56,-1.17,-0.8,-0.37,165.46,160.45,155.44,37,25,1.47,66.51,23.11,7.34,4.71,2026-07-14,2026-07-14 07:41:14
2731,雄獅,145.5,146.5,146.5,143.5,9.13,11.61,29.03,-1.88,-1.33,-0.55,154.4,149.07,143.75,615,551,1.12,135.72,8.4,12.8,8.8,2026-07-14,2026-07-14 07:41:14
2732,六角,64.4,64.6,64.8,64.2,24.82,41.8,52.17,-0.03,0.03,-0.06,66.06,64.88,63.7,49,20,2.42,28.78,59.08,3.5,5.43,2026-07-14,2026-07-14 07:41:16
2734,易飛網,15.2,15.3,15.35,14.85,21.45,25.14,34.88,-0.08,-0.07,-0.01,15.73,15.31,14.9,133,72,1.85,8.7,,,,2026-07-14,2026-07-14 07:41:17
2736,富野,11.7,11.75,11.75,11.5,21.89,26.99,42.11,-0.09,-0.09,-0.0,12.11,11.9,11.68,165,77,2.14,9.36,,,,2026-07-14,2026-07-14 07:41:20
2739,寒舍,34.0,34.55,34.55,33.8,28.48,30.85,50.61,0.26,0.43,-0.16,35.86,34.54,33.21,139,177,0.78,31.12,14.53,2.58,7.59,2026-07-14,2026-07-14 07:41:21
2740,華軒,34.1,34.1,34.1,34.1,97.56,93.09,71.43,0.54,-0.12,0.66,36.04,30.87,25.7,1,1,0.81,5.72,,,,2026-07-14,2026-07-14 07:41:22
2743,山富,63.3,64.3,64.3,60.5,10.05,15.23,16.98,-1.15,-0.74,-0.41,70.35,66.47,62.6,313,102,3.06,29.63,16.15,2.0,3.16,2026-07-14,2026-07-14 07:41:24
2745,五福,103.0,103.5,104.5,101.0,19.75,27.91,36.67,-0.07,0.5,-0.56,109.45,106.38,103.3,252,148,1.7,34.82,10.36,7.5,7.28,2026-07-14,2026-07-14 07:41:26
2748,雲品,39.45,40.0,40.0,39.15,32.1,36.58,44.44,-0.1,-0.06,-0.04,40.64,39.85,39.06,285,95,2.98,41.73,18.18,2.0,5.07,2026-07-14,2026-07-14 07:41:28
2751,王座,53.4,52.4,52.7,52.3,44.5,45.3,40.3,0.06,-0.01,0.07,53.95,52.62,51.29,4,2,1.59,10.55,11.87,3.99,7.47,2026-07-14,2026-07-14 07:41:29
2752,豆府,176.0,178.0,178.0,175.0,37.75,44.87,35.29,-0.4,-0.33,-0.07,180.48,178.1,175.72,17,11,1.48,46.98,11.71,13.5,7.67,2026-07-14,2026-07-14 07:41:31
2753,八方雲集,175.5,178.0,178.0,174.0,17.04,24.26,28.07,0.21,1.23,-1.02,184.87,180.07,175.27,436,242,1.8,116.96,13.85,7.5,4.27,2026-07-14,2026-07-14 07:41:33
2754,亞洲藏壽司,68.9,69.1,69.1,68.3,41.18,50.64,39.56,0.08,0.03,0.06,70.19,68.62,67.05,15,18,0.83,32.29,29.44,0.8,1.16,2026-07-14,2026-07-14 07:41:34
2755,揚秦,137.0,137.5,137.5,135.5,16.76,23.15,30.56,0.24,0.81,-0.57,145.25,139.72,134.2,115,57,2.02,51.2,22.1,3.45,2.52,2026-07-14,2026-07-14 07:41:36
2756,聯發國際,59.6,59.6,60.5,59.1,53.95,46.24,50.0,-0.4,-0.52,0.13,60.36,59.59,58.82,12,7,1.62,14.45,16.2,8.0,13.42,2026-07-14,2026-07-14 07:41:37
2762,世界健身-KY,81.6,82.0,82.3,80.7,31.95,38.7,37.14,-0.44,-0.13,-0.31,86.4,83.16,79.92,255,112,2.28,89.13,21.82,9.64,11.81,2026-07-14,2026-07-14 07:41:38
2801,彰銀,23.45,24.0,24.0,23.35,61.1,65.5,60.94,0.53,0.59,-0.06,24.29,23.45,22.6,16465,16267,1.01,2759.14,15.63,0.5,2.13,2026-07-14,2026-07-14 07:41:41
2812,台中銀,20.4,20.75,20.75,20.2,78.16,80.1,67.57,0.3,0.27,0.03,20.88,20.17,19.45,15847,7848,2.02,1228.41,13.33,0.39,1.91,2026-07-14,2026-07-14 07:41:43
2816,旺旺保,34.25,34.85,34.85,33.95,46.93,59.99,55.45,0.71,0.8,-0.09,35.3,33.95,32.6,236,177,1.33,76.59,7.38,1.5,4.38,2026-07-14,2026-07-14 07:41:44
2820,華票,16.65,16.65,16.75,16.55,35.72,52.03,45.01,0.11,0.17,-0.05,17.24,16.91,16.58,3071,2646,1.16,223.6,12.43,0.9,5.41,2026-07-14,2026-07-14 07:41:45
2832,台產,55.6,56.8,56.8,55.3,53.05,61.59,49.28,1.13,1.39,-0.26,57.58,56.28,54.98,534,225,2.37,140.97,14.26,3.5,6.29,2026-07-14,2026-07-14 07:41:46
2834,臺企銀,17.45,17.75,17.75,17.3,50.86,61.95,46.15,0.27,0.33,-0.07,18.22,17.79,17.36,44820,31785,1.41,1695.8,13.96,0.2,1.15,2026-07-14,2026-07-14 07:41:47
2836,高雄銀,12.5,12.6,12.65,12.4,72.4,65.72,65.0,0.11,0.1,0.01,12.59,12.35,12.1,4117,2819,1.46,229.99,18.66,0.4,3.2,2026-07-14,2026-07-14 07:41:48
2838,聯邦銀,22.95,24.05,24.05,22.8,47.49,63.68,53.92,0.59,0.63,-0.04,24.47,23.01,21.55,5399,3056,1.77,996.16,17.79,0.46,2.0,2026-07-14,2026-07-14 07:41:49
2845,遠東銀,13.2,13.4,13.4,13.1,76.09,69.03,63.64,0.18,0.19,-0.0,13.4,13.12,12.83,11563,7336,1.58,642.22,14.35,0.5,3.79,2026-07-14,2026-07-14 07:41:50
2849,安泰銀,14.35,14.5,14.65,14.3,83.51,73.8,60.03,0.18,0.17,0.01,14.41,14.07,13.74,759,249,3.05,280.92,18.16,0.51,3.55,2026-07-14,2026-07-14 07:41:52
2850,新產,144.0,146.0,146.0,143.0,65.02,61.72,60.98,2.37,2.62,-0.25,147.5,142.9,138.3,335,184,1.82,454.99,11.73,7.27,5.05,2026-07-14,2026-07-14 07:41:53
2851,中再保,37.45,38.05,38.25,37.15,64.98,69.87,57.75,1.05,1.13,-0.08,39.57,37.17,34.77,1795,1303,1.38,299.75,10.23,2.2,5.87,2026-07-14,2026-07-14 07:41:55
2852,第一保,26.75,27.1,27.1,26.65,50.56,56.1,58.49,0.28,0.3,-0.02,27.08,26.6,26.13,392,260,1.5,80.56,9.16,1.66,6.21,2026-07-14,2026-07-14 07:42:28
2855,統一證,47.25,49.75,49.75,46.2,19.02,30.4,38.74,0.76,1.43,-0.66,52.36,50.16,47.96,11504,5122,2.25,756.67,15.8,2.11,4.47,2026-07-14,2026-07-14 07:42:29
2867,三商壽,8.68,8.83,8.85,8.65,79.13,75.12,64.81,0.19,0.18,0.01,9.0,8.63,8.25,14823,11937,1.24,512.08,43.4,,,2026-07-14,2026-07-14 07:42:30
2880,華南金,38.75,39.25,39.3,38.35,78.51,74.95,62.57,1.07,1.06,0.02,39.79,38.0,36.22,23412,12908,1.81,5392.82,20.39,1.25,3.23,2026-07-14,2026-07-14 07:42:31
2881,富邦金,123.0,127.0,127.0,121.5,55.56,45.97,40.89,3.05,4.13,-1.08,135.49,126.72,117.95,26693,20397,1.31,16808.84,14.7,4.25,3.46,2026-07-14,2026-07-14 07:42:32
2882,國泰金,94.5,97.6,97.6,94.0,46.21,35.76,28.77,0.94,2.12,-1.18,113.26,100.7,88.13,22342,19417,1.15,13862.4,13.39,3.5,3.7,2026-07-14,2026-07-14 07:42:33
2883,凱基金,29.1,30.1,30.1,28.9,60.76,61.4,55.55,1.18,1.35,-0.17,30.63,29.22,27.81,49204,39633,1.24,4939.68,16.72,1.0,3.44,2026-07-14,2026-07-14 07:42:34
2884,玉山金,34.0,34.8,34.8,33.95,71.35,69.83,62.67,0.67,0.67,-0.0,35.22,34.0,32.78,66964,36817,1.82,5499.16,16.11,1.4,4.12,2026-07-14,2026-07-14 07:42:37
2885,元大金,67.0,69.9,69.9,66.3,44.09,53.25,52.38,1.76,2.12,-0.35,70.57,67.4,64.23,33652,21850,1.54,8931.87,24.45,1.8,2.69,2026-07-14,2026-07-14 07:42:38
2886,兆豐金,46.75,47.2,47.2,46.35,80.24,74.68,73.79,1.14,1.22,-0.08,47.62,45.98,44.35,25582,17516,1.46,6934.6,19.81,1.6,3.42,2026-07-14,2026-07-14 07:42:40
2887,台新新光金,34.5,36.15,36.15,34.4,70.6,78.78,76.19,2.07,2.06,0.01,37.11,33.68,30.25,86977,72299,1.2,8578.87,18.06,1.0,2.9,2026-07-14,2026-07-14 07:42:41
2889,國票金,15.7,15.95,15.95,15.5,77.39,74.18,74.19,0.22,0.14,0.09,15.94,15.2,14.46,10252,11938,0.86,570.47,24.92,0.3,1.91,2026-07-14,2026-07-14 07:42:42
2890,永豐金,39.35,40.6,40.6,39.0,40.35,54.79,50.69,1.67,1.96,-0.28,42.59,39.65,36.71,35441,24817,1.43,5702.73,19.97,1.1,2.8,2026-07-14,2026-07-14 07:42:45
2891,中信金,64.5,67.5,67.5,63.5,38.52,41.6,50.05,1.48,1.91,-0.43,67.34,65.85,64.36,80082,59557,1.34,12691.6,15.89,2.5,3.88,2026-07-14,2026-07-14 07:42:47
2892,第一金,33.2,33.85,33.85,33.1,74.57,73.73,62.93,0.91,0.95,-0.04,34.12,32.87,31.63,24971,18049,1.38,4773.98,17.75,0.95,2.86,2026-07-14,2026-07-14 07:42:48
2897,王道銀行,10.4,10.55,10.55,10.3,45.24,51.88,38.46,0.05,0.07,-0.02,10.65,10.53,10.4,7170,3580,2.0,289.37,18.57,0.52,5.0,2026-07-14,2026-07-14 07:42:49
2901,欣欣,24.1,24.1,24.1,23.55,13.43,24.4,48.15,0.09,0.13,-0.05,24.29,23.87,23.45,20,10,1.89,17.6,63.42,0.37,1.54,2026-07-14,2026-07-14 07:42:50
2903,遠百,21.95,22.0,22.0,21.55,45.48,52.3,46.77,0.09,0.15,-0.06,22.8,22.18,21.55,2078,1178,1.76,309.22,14.07,1.25,5.69,2026-07-14,2026-07-14 07:42:51
2904,匯僑,13.85,13.95,13.95,13.8,68.76,75.84,61.38,0.06,-0.0,0.06,14.17,13.68,13.19,46,22,2.09,10.78,14.13,0.7,5.05,2026-07-14,2026-07-14 07:42:51
2905,三商,15.35,15.5,15.5,15.05,76.67,72.62,62.5,0.26,0.26,-0.0,15.58,15.11,14.64,1035,762,1.36,161.68,21.62,0.3,1.95,2026-07-14,2026-07-14 07:42:52
2906,高林,13.85,14.0,14.0,13.55,19.16,27.44,58.1,0.29,0.36,-0.07,15.29,13.79,12.3,625,384,1.63,28.96,29.47,0.6,4.33,2026-07-14,2026-07-14 07:42:53
2908,特力,21.9,21.95,22.0,21.7,81.03,81.04,71.87,0.26,0.23,0.04,22.0,21.34,20.68,299,194,1.54,111.67,95.22,0.55,2.51,2026-07-14,2026-07-14 07:42:54
2910,統領,22.5,22.9,24.55,22.45,52.32,34.88,71.76,0.22,0.15,0.07,23.88,22.75,21.63,220,121,1.82,39.47,18.29,1.04,4.62,2026-07-14,2026-07-14 07:42:56
2911,麗嬰房,7.64,7.63,7.77,7.29,42.39,52.97,51.05,0.03,0.06,-0.04,8.31,7.63,6.95,182,263,0.69,8.03,3.55,,,2026-07-14,2026-07-14 07:42:57
2912,統一超,239.5,242.0,242.0,238.5,83.04,78.19,80.36,4.14,2.71,1.43,246.35,230.85,215.35,2716,2038,1.33,2489.9,22.28,9.0,3.76,2026-07-14,2026-07-14 07:42:58
2913,農林,11.15,11.2,11.25,11.05,48.47,54.06,54.55,0.07,0.02,0.05,11.67,11.09,10.52,3311,7585,0.44,88.08,,,,2026-07-14,2026-07-14 07:43:00
2915,潤泰全,50.7,51.0,51.3,50.3,25.27,28.01,39.13,0.73,1.13,-0.4,53.42,52.08,50.74,4344,2340,1.86,541.34,5.46,1.9,3.75,2026-07-14,2026-07-14 07:43:01
2916,滿心,39.5,40.2,40.2,39.2,27.0,27.13,29.33,-0.6,-0.52,-0.08,42.38,41.15,39.93,548,240,2.28,25.53,10.0,3.6,9.11,2026-07-14,2026-07-14 07:43:02
2923,鼎固-KY,30.1,29.5,31.5,28.6,76.95,71.29,69.46,1.28,0.95,0.34,30.13,26.49,22.86,762,223,3.41,523.83,50.17,0.24,0.8,2026-07-14,2026-07-14 07:43:03
2924,宏太-KY,17.85,17.85,17.85,17.85,55.04,63.88,58.51,0.24,0.23,0.01,19.06,17.93,16.79,1,1,1.0,9.29,,,,2026-07-13,2026-07-14 07:43:04
2926,誠品生活,31.9,31.95,32.0,31.2,41.23,37.06,16.05,-0.7,-0.59,-0.11,35.57,33.6,31.63,36,16,2.2,15.12,59.07,0.46,1.44,2026-07-14,2026-07-14 07:43:05
2929,淘帝-KY,5.78,5.9,5.9,5.61,40.85,44.01,45.0,-0.01,-0.01,0.0,6.03,5.8,5.57,369,159,2.32,6.33,0.46,,,2026-07-14,2026-07-14 07:43:07
2937,集雅社,47.6,47.6,47.6,47.5,46.28,45.94,32.38,-0.04,0.13,-0.17,50.34,48.44,46.55,2,8,0.24,20.73,11.78,2.1,4.41,2026-07-14,2026-07-14 07:43:10
2939,永邑-KY,18.7,18.9,19.5,18.65,32.53,36.24,33.33,-0.72,-0.78,0.05,21.87,19.84,17.8,27,17,1.57,8.52,,,,2026-07-14,2026-07-14 07:43:12
2941,米斯特,32.45,31.8,31.8,31.45,12.38,26.5,33.57,-0.09,0.45,-0.54,37.98,34.66,31.34,2,2,0.91,4.99,13.81,2.28,7.03,2026-07-14,2026-07-14 07:43:13
2945,三商家購,41.0,40.9,41.5,40.7,51.48,55.86,46.86,0.23,0.27,-0.05,42.37,41.31,40.25,14,7,1.93,27.68,19.25,1.5,3.66,2026-07-14,2026-07-14 07:43:14
2947,振宇五金,69.7,70.0,70.0,68.2,7.31,10.79,28.18,-2.3,-1.63,-0.67,82.81,74.39,65.98,14,10,1.39,16.48,24.2,2.0,2.87,2026-07-14,2026-07-14 07:43:17
2948,寶陞,38.75,38.5,38.8,38.5,91.26,78.81,55.32,0.3,0.09,0.21,39.57,37.63,35.69,3,0,3.75,12.01,18.11,1.82,4.7,2026-07-14,2026-07-14 07:43:18
2949,欣新網,71.4,76.9,76.9,68.2,65.57,78.95,56.95,3.68,3.28,0.4,82.06,71.75,61.45,17,38,0.45,21.52,19.89,2.03,2.84,2026-07-14,2026-07-14 07:43:20
3002,歐格,19.8,20.05,20.05,18.4,13.69,16.17,28.57,0.16,0.49,-0.33,23.22,21.16,19.09,445,298,1.5,20.19,55.0,0.33,1.67,2026-07-14,2026-07-14 07:43:21
3003,健和興,64.1,63.0,64.2,60.3,27.97,33.4,17.97,0.29,0.98,-0.69,70.41,66.59,62.77,1107,689,1.61,99.77,66.77,2.0,3.12,2026-07-14,2026-07-14 07:43:22
3004,豐達科,154.5,153.0,155.5,144.0,69.01,68.02,66.67,6.75,5.42,1.33,161.41,140.53,119.64,1604,1263,1.27,99.44,26.82,2.55,1.65,2026-07-14,2026-07-14 07:43:23
3005,神基,115.0,114.5,115.0,110.5,77.96,71.62,70.27,2.81,1.47,1.33,116.13,104.66,93.19,6977,6358,1.1,717.96,13.84,6.79,5.9,2026-07-14,2026-07-14 07:43:23
3006,晶豪科,228.0,227.0,231.0,205.5,56.29,53.51,36.46,0.28,0.7,-0.43,251.26,227.62,203.99,13464,13144,1.02,646.93,262.07,1.0,0.44,2026-07-14,2026-07-14 07:43:24
3008,大立光,4345.0,4485.0,4485.0,4150.0,40.99,25.58,35.27,29.33,108.75,-79.42,5437.07,4509.0,3580.93,4758,1731,2.75,5683.18,27.62,80.0,1.84,2026-07-14,2026-07-14 07:43:25
3010,華立,118.5,119.0,119.0,112.0,16.26,21.27,33.33,-2.56,-1.56,-0.99,131.58,123.85,116.12,1575,1051,1.5,307.43,13.54,5.3,4.47,2026-07-14,2026-07-14 07:43:26
3011,今皓,12.85,12.85,12.95,12.25,9.39,12.37,24.24,-0.32,-0.11,-0.21,15.34,13.97,12.6,1224,757,1.62,16.65,,,,2026-07-14,2026-07-14 07:43:27
3013,晟銘電,99.5,99.0,99.5,90.5,21.16,26.8,29.86,-3.22,-2.15,-1.06,115.87,106.6,97.34,2554,1346,1.9,204.11,24.81,0.4,0.4,2026-07-14,2026-07-14 07:43:28
3014,聯陽,138.0,138.5,138.5,129.5,18.62,20.81,25.78,-0.22,2.13,-2.35,160.37,147.4,134.43,2345,2469,0.95,229.02,14.9,8.5,6.16,2026-07-14,2026-07-14 07:43:30
3015,全漢,63.2,62.8,63.4,59.4,25.27,41.13,47.35,2.04,2.86,-0.82,71.66,63.66,55.66,1616,1428,1.13,118.35,34.16,2.2,3.48,2026-07-14,2026-07-14 07:43:31
3016,嘉晶,133.5,131.0,134.5,120.5,35.84,32.41,43.18,2.12,3.31,-1.19,145.5,128.24,110.98,20509,11694,1.75,385.2,1907.14,0.5,0.37,2026-07-14,2026-07-14 07:43:32
3017,奇鋐,2225.0,2185.0,2220.0,2015.0,19.16,32.5,36.05,-60.36,-21.86,-38.5,2772.9,2435.25,2097.6,4392,2672,1.64,8734.08,37.03,9.93,0.45,2026-07-14,2026-07-14 07:43:33
3018,隆銘綠能,12.0,12.0,12.0,11.65,34.83,46.39,24.0,0.22,0.3,-0.08,12.35,11.95,11.55,29,27,1.05,9.05,1.34,,,2026-07-14,2026-07-14 07:43:34
3019,亞光,147.5,146.5,148.0,137.5,32.01,34.14,39.09,-0.33,0.26,-0.59,161.11,148.25,135.38,4827,3062,1.58,411.88,22.69,4.6,3.12,2026-07-14,2026-07-14 07:43:35
3021,鴻名,24.9,24.9,24.9,23.3,11.85,16.04,30.8,-0.36,0.42,-0.78,32.65,28.47,24.3,415,346,1.2,23.63,75.45,0.6,2.41,2026-07-14,2026-07-14 07:43:35
3022,威強電,88.3,86.2,87.6,84.0,44.47,54.74,57.03,2.69,2.86,-0.17,91.92,85.35,78.78,2098,3300,0.64,155.94,19.2,4.5,5.1,2026-07-14,2026-07-14 07:43:36
3023,信邦,324.0,325.5,329.0,310.0,22.99,32.46,47.4,2.63,4.29,-1.66,339.93,323.38,306.82,1547,1193,1.3,777.82,25.37,10.25,3.16,2026-07-14,2026-07-14 07:43:37
3024,憶聲,12.3,12.45,12.65,12.15,80.11,72.81,57.59,-0.2,-0.33,0.13,12.59,12.16,11.72,2183,1695,1.29,34.09,45.56,0.22,1.79,2026-07-14,2026-07-14 07:43:38
3025,星通,59.4,59.2,59.2,55.5,11.23,13.4,17.28,-2.69,-1.51,-1.18,75.3,66.18,57.07,716,442,1.62,33.7,17.37,3.3,5.56,2026-07-14,2026-07-14 07:43:39
3026,禾伸堂,905.0,884.0,924.0,815.0,43.21,62.45,51.23,75.73,90.7,-14.96,1038.96,875.21,711.46,15308,13531,1.13,1501.31,138.8,5.8,0.64,2026-07-14,2026-07-14 07:43:40
3027,盛達,20.0,20.0,20.2,18.0,20.34,29.15,39.16,-0.03,0.25,-0.28,22.69,20.93,19.17,754,339,2.22,25.8,8.93,,,2026-07-14,2026-07-14 07:43:41
3028,增你強,71.2,71.6,72.0,67.6,13.15,20.97,31.92,-0.61,0.71,-1.32,85.91,77.7,69.49,2441,1837,1.33,168.92,22.68,3.0,4.21,2026-07-14,2026-07-14 07:43:42
3029,零壹,102.0,102.0,103.0,98.9,47.14,54.91,56.96,0.36,0.26,0.1,105.39,101.02,96.64,1462,838,1.74,168.51,15.67,5.5,5.39,2026-07-14,2026-07-14 07:43:43
3030,德律,299.0,299.5,299.5,280.0,14.83,14.77,35.36,-13.85,-11.58,-2.27,357.32,320.55,283.78,3466,1712,2.02,706.29,28.5,7.0,2.34,2026-07-14,2026-07-14 07:43:44
3031,佰鴻,29.05,29.3,29.35,27.7,15.16,28.46,41.26,-0.0,0.4,-0.4,35.21,31.02,26.83,1791,1405,1.27,50.32,26.9,1.0,3.44,2026-07-14,2026-07-14 07:43:45
3032,偉訓,79.9,79.3,82.0,76.9,61.05,49.72,47.21,-0.7,-0.77,0.07,86.29,80.3,74.3,861,552,1.56,90.52,,2.73,3.42,2026-07-14,2026-07-14 07:43:45
3033,威健,50.9,51.1,51.7,49.75,33.11,34.29,55.36,0.54,0.62,-0.09,51.19,49.79,48.38,11490,8535,1.35,245.71,31.61,2.08,4.09,2026-07-14,2026-07-14 07:43:46
3034,聯詠,467.5,463.0,469.0,451.0,40.57,49.42,42.15,8.58,12.69,-4.11,524.49,489.24,453.99,11701,7362,1.59,2844.79,17.42,23.0,4.92,2026-07-14,2026-07-14 07:43:47
3035,智原,213.0,212.0,214.0,194.0,50.99,50.07,37.3,3.62,5.21,-1.59,235.29,214.93,194.56,7957,6325,1.26,554.97,113.9,1.8,0.85,2026-07-14,2026-07-14 07:43:48
3036,文曄,211.0,209.0,210.0,200.5,21.33,28.34,34.02,-8.9,-9.03,0.13,227.12,215.85,204.58,9863,5810,1.7,2685.75,18.35,7.8,3.7,2026-07-14,2026-07-14 07:43:49
3037,欣興,903.0,896.0,914.0,826.0,20.93,21.2,44.98,-15.57,-1.42,-14.15,1075.03,949.83,824.64,28305,24994,1.13,14214.54,208.55,1.98,0.22,2026-07-14,2026-07-14 07:43:51
3038,全台,21.3,21.25,21.25,20.3,22.97,31.0,31.46,-0.39,-0.28,-0.12,23.38,22.21,21.05,456,213,2.14,29.1,19.36,1.2,5.63,2026-07-14,2026-07-14 07:43:52
3040,遠見,38.1,38.7,38.7,35.5,49.24,40.77,47.25,-0.44,-0.56,0.12,38.75,37.9,37.04,335,103,3.25,23.99,119.06,1.0,2.62,2026-07-14,2026-07-14 07:43:53
3041,揚智,25.8,26.95,27.85,24.55,16.13,18.55,25.0,0.0,0.45,-0.44,31.36,27.99,24.62,3736,1474,2.53,36.66,26.6,,,2026-07-14,2026-07-14 07:43:55
3042,晶技,193.5,193.0,194.5,179.0,19.79,32.51,48.1,0.81,4.65,-3.84,240.82,205.07,169.33,13972,16441,0.85,657.89,37.07,4.8,2.48,2026-07-14,2026-07-14 07:43:57
3043,科風,22.8,23.15,23.15,21.55,24.57,28.25,44.0,-0.02,0.1,-0.12,24.16,22.54,20.92,177,115,1.55,8.89,,,,2026-07-14,2026-07-14 07:43:59
3044,健鼎,439.0,439.0,439.0,402.0,10.16,10.0,22.67,-13.85,-3.97,-9.88,572.26,494.43,416.61,3583,2915,1.23,2307.41,22.68,12.7,2.89,2026-07-14,2026-07-14 07:44:00
3045,台灣大,109.5,110.0,110.0,107.5,30.07,27.28,31.32,-0.56,0.11,-0.67,116.86,112.24,107.61,21855,22646,0.97,3318.76,22.62,4.74,4.33,2026-07-14,2026-07-14 07:44:01
3046,建碁,54.3,54.3,54.6,52.2,54.15,59.53,50.84,0.61,0.52,0.09,57.36,53.26,49.17,528,872,0.61,42.6,13.57,3.0,5.52,2026-07-14,2026-07-14 07:44:02
3047,訊舟,16.15,16.25,16.25,15.15,45.08,55.07,47.86,0.18,0.2,-0.01,17.27,16.02,14.77,1995,1886,1.06,36.06,,0.3,1.86,2026-07-14,2026-07-14 07:44:03
3048,益登,57.4,57.0,58.0,52.2,16.16,15.53,21.97,-1.73,-0.45,-1.28,73.74,63.99,54.24,3878,2360,1.64,154.88,28.7,1.0,1.74,2026-07-14,2026-07-14 07:44:04
3049,精金,12.1,12.1,12.1,11.3,17.49,17.26,18.67,-0.4,-0.21,-0.19,14.93,13.31,11.68,5358,3240,1.65,97.04,39.03,,,2026-07-14,2026-07-14 07:44:06
3050,鈺德,12.1,12.15,12.15,11.4,27.83,35.03,35.14,-0.16,-0.08,-0.08,13.25,12.57,11.89,1236,648,1.91,18.75,302.5,0.5,4.13,2026-07-14,2026-07-14 07:44:07
3051,力特,24.65,24.7,24.8,22.65,11.04,13.31,15.38,-0.64,-0.22,-0.42,29.45,26.76,24.07,1276,965,1.32,40.67,24.41,1.52,6.17,2026-07-14,2026-07-14 07:44:08
3052,夆典,10.85,10.95,10.95,10.75,42.18,49.93,61.11,0.04,0.04,0.0,11.08,10.81,10.53,473,212,2.23,22.13,9.95,0.5,4.61,2026-07-14,2026-07-14 07:44:09
3054,立萬利,60.3,61.2,61.2,57.0,35.15,39.11,35.1,-1.86,-1.67,-0.19,68.1,63.35,58.59,104,45,2.29,48.63,31.08,0.8,1.33,2026-07-14,2026-07-14 07:44:10
3055,蔚華科,163.0,166.0,175.5,157.5,86.88,86.38,80.76,19.69,15.03,4.66,194.1,126.57,59.03,1026,1178,0.87,183.75,,0.5,0.31,2026-07-14,2026-07-14 07:44:11
3056,富華新,14.65,14.8,14.8,14.35,39.39,46.15,45.71,0.09,0.14,-0.05,15.31,14.8,14.29,1727,729,2.37,69.67,13.82,0.62,4.23,2026-07-14,2026-07-14 07:44:12
3057,喬鼎,17.2,17.2,17.2,16.05,15.5,21.86,24.14,-0.63,-0.35,-0.28,21.13,19.18,17.22,303,219,1.39,11.67,43.0,,,2026-07-14,2026-07-14 07:44:13
3058,立德,9.14,9.27,9.27,8.77,21.28,26.56,42.75,0.02,0.07,-0.04,9.73,9.32,8.9,1219,796,1.53,18.31,,,,2026-07-14,2026-07-14 07:44:14
3059,華晶科,45.95,46.05,46.15,42.45,15.24,21.51,37.75,0.07,0.73,-0.67,51.24,48.13,45.02,4858,2916,1.67,141.34,37.66,1.0,2.18,2026-07-14,2026-07-14 07:44:15
3060,銘異,34.35,34.35,34.6,32.3,38.46,42.43,37.15,0.86,1.35,-0.49,40.22,36.59,32.95,3707,4363,0.85,47.25,,0.35,1.02,2026-07-14,2026-07-14 07:44:16
3062,建漢,23.35,23.35,23.7,22.55,20.85,25.38,31.0,-0.92,-0.89,-0.04,26.17,24.67,23.17,3225,1855,1.74,76.12,34.34,,,2026-07-14,2026-07-14 07:44:17
3064,泰偉,19.2,19.2,19.2,19.2,23.67,39.2,34.62,0.04,0.1,-0.06,20.54,19.52,18.5,0,0,0.0,2.5,,,,2026-07-13,2026-07-14 07:44:18
3066,李洲,26.3,26.05,26.1,23.9,42.71,58.92,54.55,1.56,1.6,-0.04,30.41,24.78,19.14,1129,1360,0.83,21.85,,,,2026-07-14,2026-07-14 07:44:20
3067,全域,18.5,18.0,18.0,18.0,46.75,57.59,41.67,-0.08,0.02,-0.09,19.41,18.74,18.08,10,3,3.33,3.7,,,,2026-07-14,2026-07-14 07:44:21
3071,協禧,29.6,29.5,29.5,26.8,19.04,24.21,24.4,-0.57,-0.18,-0.39,33.92,31.15,28.38,524,338,1.55,32.56,51.93,0.8,2.7,2026-07-14,2026-07-14 07:44:23
3078,僑威,55.3,55.3,55.3,53.0,38.83,55.11,47.34,0.05,0.03,0.02,58.99,55.09,51.18,1318,2623,0.5,125.75,9.22,4.0,7.23,2026-07-14,2026-07-14 07:44:25
3081,聯亞,1990.0,1950.0,2040.0,1795.0,42.32,41.88,37.63,-126.64,-133.01,6.38,2403.09,2096.75,1790.41,1967,1471,1.34,1841.09,263.23,3.0,0.15,2026-07-14,2026-07-14 07:44:27
3083,網龍,26.65,26.55,26.55,25.6,9.15,11.92,17.72,-0.44,-0.17,-0.26,30.09,28.01,25.93,214,136,1.57,23.05,61.98,0.33,1.24,2026-07-14,2026-07-14 07:44:28
3085,新零售,11.75,11.9,11.9,11.9,72.94,80.77,56.76,-0.09,-0.08,-0.01,12.49,12.06,11.63,1,4,0.45,8.11,,,,2026-07-14,2026-07-14 07:44:30
3086,華義*,31.1,30.75,30.75,28.0,10.66,9.77,16.11,-1.4,-1.14,-0.26,36.83,33.07,29.3,647,215,3.0,84.81,,0.02,0.06,2026-07-14,2026-07-14 07:44:31
3088,艾訊,139.5,138.5,139.5,128.0,43.3,53.77,43.33,1.23,2.36,-1.14,148.8,141.35,133.9,1476,1300,1.14,154.94,31.28,2.93,2.1,2026-07-14,2026-07-14 07:44:32
3090,日電貿,258.0,245.0,247.5,232.5,14.34,29.18,33.17,9.85,22.77,-12.92,351.11,300.75,250.38,12422,7125,1.74,741.92,47.6,4.8,1.86,2026-07-14,2026-07-14 07:44:33
3092,鴻碩,26.55,26.55,27.65,24.65,13.27,21.88,34.77,-0.65,-0.09,-0.56,34.22,30.39,26.56,859,706,1.22,28.32,,,,2026-07-14,2026-07-14 07:44:34
3093,港建*,54.3,53.8,54.2,48.9,9.01,16.76,17.65,-1.4,0.94,-2.34,78.05,64.83,51.6,2946,1474,2.0,78.82,46.41,1.15,2.12,2026-07-14,2026-07-14 07:44:35
3094,聯傑,38.4,38.0,38.55,35.0,29.13,35.73,34.26,1.23,1.85,-0.62,44.62,40.1,35.58,2036,2640,0.77,31.92,160.0,0.25,0.65,2026-07-14,2026-07-14 07:44:37
3095,及成,37.55,37.1,40.3,36.0,46.25,31.59,55.38,-0.63,-0.86,0.23,40.01,38.52,37.02,26,16,1.57,3.75,,,,2026-07-14,2026-07-14 07:44:39
3105,穩懋,403.0,401.0,404.5,363.0,14.34,14.27,18.01,-26.42,-22.42,-4.0,544.91,444.15,343.39,22261,12914,1.72,1708.48,77.5,2.0,0.5,2026-07-14,2026-07-14 07:44:40
3114,好德,38.35,38.0,38.15,35.4,5.93,9.75,26.14,-0.07,1.86,-1.93,56.63,45.86,35.09,1043,800,1.3,24.71,17.35,1.2,3.13,2026-07-14,2026-07-14 07:44:41
3115,富榮綱,9.11,9.0,9.0,8.36,69.19,67.68,48.67,-0.01,-0.05,0.04,9.54,8.9,8.25,28,15,1.8,6.62,,,,2026-07-14,2026-07-14 07:44:43
3118,進階,32.0,31.5,32.0,31.3,44.25,41.39,55.56,0.12,0.11,0.01,32.16,31.73,31.31,11,10,1.11,10.38,13.11,2.2,6.88,2026-07-14,2026-07-14 07:44:44
3122,笙泉,29.5,29.35,29.4,27.55,14.09,16.1,18.14,-0.62,-0.41,-0.21,33.61,30.97,28.34,183,121,1.51,12.03,,,,2026-07-14,2026-07-14 07:44:46
3128,昇銳,23.55,23.5,23.5,22.05,19.41,25.79,26.92,-0.11,0.08,-0.18,25.68,24.37,23.06,271,149,1.81,11.14,18.4,0.19,0.81,2026-07-14,2026-07-14 07:44:48
3130,一零四,221.0,207.5,207.5,203.0,23.33,24.03,27.9,-0.6,-0.32,-0.28,210.15,207.04,203.94,312,119,2.61,73.35,15.15,14.7,6.65,2026-07-14,2026-07-14 07:44:49
3131,弘塑,3210.0,3205.0,3210.0,2900.0,19.38,26.54,37.09,-13.87,51.98,-65.85,3900.55,3439.5,2978.45,583,412,1.41,902.52,72.99,46.22,1.44,2026-07-14,2026-07-14 07:44:50
3135,凌航,165.0,162.0,162.5,148.5,25.63,31.16,24.66,-9.48,-6.99,-2.49,207.58,182.05,156.52,3097,1270,2.44,148.04,26.96,1.32,0.8,2026-07-14,2026-07-14 07:44:51
3138,耀登,113.5,113.0,113.5,103.0,24.87,24.94,25.0,-9.75,-9.95,0.2,139.79,121.67,103.56,837,356,2.35,56.41,75.67,1.55,1.37,2026-07-14,2026-07-14 07:44:51
3141,晶宏,71.9,72.4,72.4,65.7,23.29,33.27,40.88,0.55,1.67,-1.12,82.31,75.18,68.05,1044,775,1.35,53.48,135.66,0.51,0.71,2026-07-14,2026-07-14 07:44:52
3147,大綜,240.5,238.5,238.5,216.5,26.14,22.01,16.33,-9.76,-0.93,-8.84,372.5,276.02,179.55,439,204,2.15,105.07,28.56,5.0,2.08,2026-07-14,2026-07-14 07:44:53
3149,正達,92.3,93.0,93.3,84.6,27.84,24.11,34.46,2.35,4.1,-1.75,104.34,92.96,81.58,8507,9177,0.93,208.81,,,,2026-07-14,2026-07-14 07:44:55
3150,鈺寶-創,18.05,17.9,17.9,17.1,11.86,14.08,23.5,-0.27,-0.15,-0.12,19.6,18.35,17.1,57,49,1.15,8.01,,0.5,2.77,2026-07-14,2026-07-14 07:44:56
3152,璟德,262.0,262.5,264.0,247.5,9.63,8.2,2.18,-19.24,-10.91,-8.33,406.79,318.55,230.31,371,195,1.9,102.22,15.77,7.69,2.94,2026-07-14,2026-07-14 07:44:58
3158,嘉實,83.3,83.1,83.3,82.4,54.35,41.64,36.59,-0.54,-0.62,0.08,84.55,83.56,82.57,22,14,1.52,25.23,12.09,6.5,7.8,2026-07-14,2026-07-14 07:45:00
3162,精確,81.3,81.5,82.3,75.4,43.15,51.06,41.45,-0.32,-0.11,-0.22,86.21,81.84,77.47,1236,957,1.29,125.4,48.68,0.87,1.07,2026-07-14,2026-07-14 07:45:01
3163,波若威,750.0,735.0,761.0,677.0,27.89,33.27,37.37,-56.45,-59.27,2.82,917.28,795.2,673.12,2445,2507,0.98,604.06,120.39,1.75,0.23,2026-07-14,2026-07-14 07:45:02
3164,景岳,16.4,16.5,16.5,16.4,70.69,64.3,59.26,-0.02,-0.09,0.07,16.72,16.28,15.84,35,29,1.21,14.11,24.85,0.8,4.88,2026-07-14,2026-07-14 07:45:03
3167,大量,826.0,820.0,900.0,784.0,38.75,35.51,58.5,6.01,5.37,0.64,886.91,811.0,735.09,6118,3038,2.01,739.41,103.12,3.91,0.47,2026-07-14,2026-07-14 07:45:03
3168,眾福科,43.4,43.35,44.15,42.8,36.26,40.96,45.95,-0.13,-0.04,-0.09,47.49,44.41,41.33,27,14,1.86,32.59,16.76,3.0,6.91,2026-07-14,2026-07-14 07:45:05
3169,亞信,103.5,104.5,104.5,98.2,23.96,27.78,30.0,-1.19,-0.68,-0.52,112.65,106.5,100.35,486,229,2.11,65.32,29.83,3.2,3.09,2026-07-14,2026-07-14 07:45:06
3171,炎洲流通,64.8,63.3,64.6,62.5,39.61,40.68,37.95,-0.34,-0.28,-0.07,67.28,65.04,62.81,46,31,1.49,19.52,15.65,4.64,7.16,2026-07-14,2026-07-14 07:45:08
3176,基亞,36.0,36.0,36.0,34.5,51.06,66.53,55.22,0.88,0.75,0.13,38.78,34.79,30.79,630,796,0.79,50.15,,,,2026-07-14,2026-07-14 07:45:10
3178,公準,64.7,63.6,64.3,59.8,37.08,38.06,40.87,-0.55,-0.58,0.02,69.34,65.46,61.58,201,110,1.83,29.15,,0.5,0.77,2026-07-14,2026-07-14 07:45:11
3188,鑫龍騰,24.1,24.0,24.2,23.6,37.82,38.9,59.65,-0.08,-0.07,-0.0,24.96,24.01,23.06,291,246,1.18,45.39,6.46,3.2,13.28,2026-07-14,2026-07-14 07:45:12
3189,景碩,819.0,793.0,805.0,738.0,51.83,45.39,56.27,34.36,40.89,-6.52,906.47,779.97,653.47,3705,2725,1.36,4315.44,243.75,1.52,0.19,2026-07-14,2026-07-14 07:45:13
3191,雲嘉南,18.45,18.5,18.5,18.25,23.96,25.17,28.79,-0.09,0.06,-0.15,20.08,19.06,18.04,40,55,0.72,8.04,36.18,,,2026-07-14,2026-07-14 07:45:15
3205,佰研,50.9,50.9,51.1,49.7,13.42,17.68,33.33,-0.7,-0.6,-0.1,53.65,52.21,50.78,216,96,2.23,34.38,,,,2026-07-14,2026-07-14 07:45:17
3206,志豐,37.55,37.25,37.25,36.45,34.39,47.08,41.74,-0.06,0.05,-0.12,39.45,38.07,36.69,74,72,1.04,22.12,18.68,1.5,3.99,2026-07-14,2026-07-14 07:45:18
3207,耀勝,60.5,60.0,60.0,57.1,7.82,8.35,18.28,-1.43,-0.67,-0.76,70.71,64.65,58.58,314,216,1.45,40.19,,,,2026-07-14,2026-07-14 07:45:19
3209,全科,59.9,60.0,60.1,57.4,41.91,40.93,41.45,-1.79,-1.92,0.12,62.85,59.83,56.8,1484,1387,1.07,141.0,20.03,2.48,4.14,2026-07-14,2026-07-14 07:45:20
3211,順達,457.5,451.0,452.0,412.0,59.76,58.05,57.73,11.28,6.6,4.68,464.21,416.72,369.23,8031,11059,0.73,705.95,50.78,11.47,2.51,2026-07-14,2026-07-14 07:45:21
3213,茂訊,130.5,129.0,131.0,122.0,40.26,51.97,55.23,3.46,3.78,-0.32,141.36,126.88,112.41,696,458,1.52,76.58,17.85,7.0,5.36,2026-07-14,2026-07-14 07:45:22
3217,優群,160.0,159.5,159.5,153.0,44.75,42.07,50.32,-0.3,-0.62,0.32,165.82,157.04,148.25,692,633,1.09,144.17,12.61,10.0,6.25,2026-07-14,2026-07-14 07:45:23
3218,大學光,140.5,139.5,139.5,134.5,46.19,57.26,58.93,1.97,1.9,0.07,145.64,137.45,129.26,277,233,1.19,119.04,11.45,7.75,5.52,2026-07-14,2026-07-14 07:45:24
3219,倚強科,79.7,81.6,81.6,71.8,55.03,57.84,53.61,0.34,-0.14,0.48,80.81,74.28,67.75,591,339,1.74,57.21,52.43,1.36,1.71,2026-07-14,2026-07-14 07:45:25
3221,台嘉碩,56.0,54.8,55.6,50.4,16.94,25.18,42.83,0.08,1.15,-1.07,64.96,58.45,51.95,3656,3444,1.06,58.83,700.0,0.28,0.5,2026-07-14,2026-07-14 07:45:26
3224,三顧,36.45,36.6,37.15,35.6,26.16,28.36,37.9,-0.61,-0.61,0.01,39.05,37.71,36.36,91,58,1.57,28.48,,,,2026-07-14,2026-07-14 07:45:28
3226,龍鋒,46.5,46.5,46.5,46.5,41.76,38.36,36.7,0.21,0.37,-0.16,50.15,46.9,43.64,0,1,0.0,29.96,193.75,0.5,1.08,2026-07-13,2026-07-14 07:45:29
3227,原相,201.0,201.5,203.0,188.5,20.19,31.03,37.37,-1.28,1.28,-2.55,232.52,215.47,198.43,3351,2746,1.22,305.35,16.72,10.01,4.98,2026-07-14,2026-07-14 07:45:30
3228,金麗科,171.0,171.0,174.5,161.5,14.17,18.54,39.32,-3.86,-3.0,-0.86,194.34,180.65,166.96,369,251,1.47,122.28,,,,2026-07-14,2026-07-14 07:45:31
3229,晟鈦,38.3,39.45,39.45,35.15,17.09,15.84,16.88,-1.48,-0.71,-0.77,48.98,42.24,35.49,271,259,1.05,24.61,,,,2026-07-14,2026-07-14 07:45:32
3230,錦明,55.4,57.6,57.6,50.2,81.04,86.66,84.31,5.66,4.8,0.86,62.52,43.77,25.03,1102,763,1.44,47.15,,0.35,0.63,2026-07-14,2026-07-14 07:45:33
3231,緯創,143.5,144.0,145.0,139.0,14.72,19.46,33.02,-1.72,-0.21,-1.5,159.64,150.72,141.8,27880,28170,0.99,4563.89,17.1,5.5,3.83,2026-07-14,2026-07-14 07:45:34
3232,昱捷,21.6,21.6,21.8,20.8,31.43,30.53,40.0,-0.22,-0.12,-0.1,23.21,22.27,21.33,76,43,1.75,10.06,74.48,0.5,2.31,2026-07-14,2026-07-14 07:45:35
3234,光環,121.5,120.0,124.0,109.5,27.22,35.9,27.74,0.17,2.44,-2.27,145.96,128.8,111.64,2668,1288,2.07,135.44,1012.5,,,2026-07-14,2026-07-14 07:45:37
3236,千如,57.2,56.5,58.4,51.9,12.67,21.65,39.06,0.77,2.98,-2.21,74.72,65.15,55.58,5874,5109,1.15,60.06,178.75,0.35,0.61,2026-07-14,2026-07-14 07:45:38
3252,海灣,17.5,17.5,17.5,17.25,26.44,25.9,48.78,-0.12,-0.13,0.01,18.04,17.65,17.25,52,36,1.44,8.78,134.62,,,2026-07-14,2026-07-14 07:45:39
3257,虹冠電,61.3,61.3,61.3,56.2,14.32,25.91,30.61,0.87,2.13,-1.27,75.72,65.33,54.95,966,643,1.5,48.77,19.34,2.8,4.57,2026-07-14,2026-07-14 07:45:40
3259,鑫創,15.2,15.25,15.7,15.0,20.65,21.92,41.67,-0.31,-0.25,-0.06,17.07,16.15,15.23,69,32,2.15,11.09,,,,2026-07-14,2026-07-14 07:45:41
3260,威剛,405.0,406.0,409.0,389.0,59.9,58.07,45.99,-3.08,-3.07,-0.01,426.38,409.75,393.12,7581,5469,1.39,1278.93,17.64,17.0,4.2,2026-07-14,2026-07-14 07:45:42
3264,欣銓,225.0,219.0,225.0,206.0,27.48,39.69,44.68,2.89,4.62,-1.73,254.75,228.77,202.79,6858,4494,1.53,1066.32,37.88,4.2,1.87,2026-07-14,2026-07-14 07:45:43
3265,台星科,168.0,168.0,171.0,153.0,19.12,24.32,33.96,-1.79,-0.0,-1.78,193.9,177.04,160.18,1376,1060,1.3,228.92,30.88,4.1,2.44,2026-07-14,2026-07-14 07:45:45
3266,昇陽,13.6,13.7,13.7,13.3,35.32,33.78,46.15,0.08,0.11,-0.03,13.75,13.56,13.36,78,42,1.84,47.91,23.45,0.5,3.68,2026-07-14,2026-07-14 07:45:46
3268,海德威,20.5,19.15,20.35,18.8,19.85,30.7,29.53,0.21,0.58,-0.37,23.59,21.56,19.52,300,121,2.47,7.12,,,,2026-07-14,2026-07-14 07:45:48
3272,東碩,15.7,15.7,15.7,15.1,23.74,31.67,30.23,-0.36,-0.35,-0.01,16.88,15.98,15.08,68,70,0.97,9.4,,,,2026-07-14,2026-07-14 07:45:50
3276,宇環,16.35,16.3,16.45,15.4,37.28,42.9,53.85,0.33,0.4,-0.07,17.09,16.1,15.11,387,261,1.48,11.4,77.86,0.06,0.37,2026-07-14,2026-07-14 07:45:51
3284,太普高,25.65,25.2,25.8,24.2,20.31,34.23,47.4,1.9,2.51,-0.61,32.74,26.81,20.89,916,712,1.29,27.83,12.51,0.5,1.95,2026-07-14,2026-07-14 07:45:53
3285,微端,39.3,38.5,39.2,37.55,10.79,15.14,38.84,0.7,2.06,-1.37,52.54,44.61,36.69,84,84,1.0,16.79,56.14,0.5,1.27,2026-07-14,2026-07-14 07:45:54
3287,廣寰科,30.5,30.1,30.55,29.05,17.56,23.11,25.0,-0.82,-0.46,-0.36,35.2,32.38,29.57,124,140,0.89,13.41,20.47,1.5,4.92,2026-07-14,2026-07-14 07:45:55
3288,點晶,18.25,19.4,20.05,19.4,44.02,28.88,30.61,-0.33,0.04,-0.37,24.2,20.63,17.06,38,15,2.55,2.99,,,,2026-07-14,2026-07-14 07:45:57
3289,宜特,162.5,161.0,162.5,150.0,20.34,27.87,43.17,-2.25,-0.9,-1.35,185.78,168.22,150.67,1775,1136,1.56,140.52,34.0,4.78,2.94,2026-07-14,2026-07-14 07:45:58
3290,東浦,65.2,63.3,67.8,63.2,40.49,44.09,49.69,3.08,3.86,-0.77,70.47,66.99,63.52,2129,1486,1.43,58.82,32.44,1.5,2.3,2026-07-14,2026-07-14 07:46:00
3293,鈊象,729.0,731.0,733.0,701.0,23.8,37.31,47.14,0.55,4.34,-3.79,776.28,740.4,704.53,1900,1251,1.52,2054.33,19.27,36.0,4.94,2026-07-14,2026-07-14 07:46:02
3294,英濟,37.1,37.0,37.2,34.5,27.38,35.05,34.82,-0.14,0.14,-0.28,41.28,38.21,35.14,1157,962,1.2,48.98,,0.38,1.02,2026-07-14,2026-07-14 07:46:03
3296,勝德,27.3,27.6,27.6,25.25,24.85,30.95,42.86,0.93,1.43,-0.51,31.14,28.32,25.49,177,119,1.49,26.41,44.75,,,2026-07-14,2026-07-14 07:46:04
3297,杭特,30.3,30.1,30.15,29.3,12.89,14.83,26.71,-0.36,-0.24,-0.12,32.82,31.09,29.37,130,55,2.36,10.92,64.47,,,2026-07-14,2026-07-14 07:46:05
3303,岱稜,56.0,56.5,58.0,55.4,71.69,55.54,58.72,1.78,1.59,0.2,57.06,53.38,49.7,1942,1388,1.4,52.38,13.24,3.0,5.36,2026-07-14,2026-07-14 07:46:06
3305,昇貿,123.5,121.5,124.0,114.0,14.25,17.65,28.24,-4.4,-2.64,-1.77,148.72,134.6,120.48,3540,2669,1.33,173.27,41.17,2.28,1.85,2026-07-14,2026-07-14 07:46:06
3306,鼎天,47.65,47.5,47.7,44.65,23.91,38.65,42.9,0.12,0.43,-0.31,51.63,48.47,45.3,454,266,1.71,24.11,24.56,2.1,4.41,2026-07-14,2026-07-14 07:46:08
3308,聯德,21.1,21.4,21.4,20.0,22.8,27.49,41.84,0.09,0.21,-0.11,22.76,21.6,20.44,107,69,1.54,12.66,31.03,,,2026-07-14,2026-07-14 07:46:08
3310,佳穎,69.2,67.7,68.8,67.1,73.0,83.26,76.67,0.47,0.14,0.33,70.08,66.69,63.3,17,11,1.55,43.46,21.42,3.5,5.06,2026-07-14,2026-07-14 07:46:09
3311,閎暉,36.85,37.4,37.4,34.95,25.15,32.1,40.26,0.08,0.42,-0.34,39.84,37.57,35.29,460,377,1.22,36.85,22.07,0.6,1.63,2026-07-14,2026-07-14 07:46:11
3312,弘憶股,55.5,56.1,56.1,50.5,18.85,19.41,26.9,-0.32,0.79,-1.11,66.07,59.19,52.32,1875,1148,1.63,101.36,32.46,1.39,2.5,2026-07-14,2026-07-14 07:46:12
3313,斐成,11.6,11.5,11.85,11.4,32.0,37.75,49.12,0.04,0.04,0.0,12.35,11.67,10.98,118,71,1.65,25.65,,,,2026-07-14,2026-07-14 07:46:13
3317,尼克森,92.0,91.1,93.1,84.9,35.82,46.78,46.86,4.02,4.94,-0.92,105.23,92.25,79.27,3422,3766,0.91,82.8,56.1,0.4,0.43,2026-07-14,2026-07-14 07:46:15
3321,同泰,20.4,20.0,20.45,19.3,10.81,17.21,23.23,0.12,0.87,-0.75,27.67,23.75,19.83,851,973,0.87,17.57,,,,2026-07-14,2026-07-14 07:46:16
3322,建舜電,13.35,13.1,13.2,12.6,13.96,17.56,27.5,-0.24,-0.07,-0.17,15.33,14.09,12.85,772,411,1.88,18.37,,,,2026-07-14,2026-07-14 07:46:17
3323,加百裕,34.75,34.7,34.7,32.1,33.46,38.0,43.75,-0.28,-0.28,-0.0,36.99,34.64,32.29,896,1600,0.56,34.54,,0.5,1.44,2026-07-14,2026-07-14 07:46:19
3324,雙鴻,905.0,899.0,904.0,819.0,15.97,19.17,21.15,-38.6,-24.21,-14.39,1113.4,994.1,874.81,2491,1658,1.5,828.75,32.79,11.9,1.31,2026-07-14,2026-07-14 07:46:20
3325,旭品,13.0,13.0,13.1,12.6,33.51,48.85,49.33,0.07,0.08,-0.01,13.53,12.78,12.04,290,148,1.95,14.32,,,,2026-07-14,2026-07-14 07:46:21
3332,幸康,67.0,69.0,69.0,65.7,62.99,65.41,54.76,0.41,0.26,0.16,67.23,65.04,62.85,7,17,0.45,32.23,18.98,1.1,1.64,2026-07-14,2026-07-14 07:46:22
3338,泰碩,68.2,68.5,68.5,63.5,27.07,30.57,31.1,-1.57,-1.08,-0.5,76.08,70.94,65.79,883,584,1.51,59.22,38.1,1.3,1.91,2026-07-14,2026-07-14 07:46:23
3339,泰谷,36.35,36.4,36.4,33.0,12.35,10.81,11.22,-2.9,-2.26,-0.64,51.64,42.83,34.01,1321,885,1.49,24.82,,,,2026-07-14,2026-07-14 07:46:24
3346,麗清,23.85,23.75,23.8,22.05,22.28,37.66,42.29,0.75,1.36,-0.61,29.39,25.73,22.07,1183,1156,1.02,28.73,216.82,1.21,5.07,2026-07-14,2026-07-14 07:46:25
3349,寶德,23.7,23.3,23.65,22.2,76.59,79.17,83.85,1.27,0.76,0.51,25.8,20.5,15.2,151,140,1.08,10.92,,,,2026-07-14,2026-07-14 07:46:26
3354,律勝,25.3,25.3,25.4,23.3,18.89,21.48,31.4,-1.07,-0.96,-0.1,29.25,26.95,24.65,327,315,1.04,17.74,,0.2,0.79,2026-07-14,2026-07-14 07:46:27
3356,奇偶,60.4,61.0,61.0,58.2,34.51,38.75,45.62,0.59,0.82,-0.24,62.92,60.35,57.78,627,366,1.71,48.65,9.74,3.5,5.79,2026-07-14,2026-07-14 07:46:28
3357,臺慶科,258.0,255.5,260.0,235.0,14.3,15.93,27.47,-3.67,4.75,-8.41,345.98,294.88,243.79,3233,2376,1.36,263.25,27.27,5.08,1.97,2026-07-14,2026-07-14 07:46:29
3360,尚立,20.15,20.3,21.85,19.8,46.11,40.12,56.23,1.25,1.35,-0.1,23.47,19.54,15.6,5425,4128,1.31,15.4,,,,2026-07-14,2026-07-14 07:46:31
3362,先進光,188.5,187.5,189.5,170.0,45.74,40.14,42.0,6.16,9.82,-3.66,215.22,187.53,159.83,6450,5479,1.18,277.93,,0.99,0.53,2026-07-14,2026-07-14 07:46:32
3363,上詮,601.0,596.0,608.0,541.0,61.47,56.68,36.96,-43.54,-50.28,6.74,734.9,618.2,501.5,2903,3544,0.82,682.98,3338.89,,,2026-07-14,2026-07-14 07:46:33
3372,典範,18.15,18.0,18.2,17.25,11.62,19.01,24.98,-0.45,-0.16,-0.28,22.37,20.14,17.92,1137,1023,1.11,33.15,,,,2026-07-14,2026-07-14 07:46:34
3373,熱映,16.5,16.5,16.5,16.2,29.31,39.12,35.71,-0.08,-0.06,-0.02,16.93,16.63,16.33,104,53,1.96,7.86,,0.1,0.61,2026-07-14,2026-07-14 07:46:35
3374,精材,358.0,358.0,370.0,337.5,83.89,80.34,64.99,28.21,22.52,5.69,379.75,303.51,227.28,21401,15948,1.34,971.48,71.89,2.5,0.7,2026-07-14,2026-07-14 07:46:36
3376,新日興,194.0,195.5,197.5,190.0,20.97,17.02,46.15,-3.45,-3.49,0.04,207.09,198.35,189.61,3444,1846,1.86,379.78,303.12,4.0,2.06,2026-07-14,2026-07-14 07:46:37
3379,彬台,33.5,33.5,33.5,31.8,24.38,31.48,39.32,-0.95,-0.98,0.03,37.01,34.29,31.58,202,133,1.52,12.74,15.88,1.2,3.58,2026-07-14,2026-07-14 07:46:38
3380,明泰,33.65,34.15,34.15,31.7,28.56,40.75,41.42,-0.44,-0.33,-0.1,36.35,34.07,31.79,2423,1604,1.51,182.29,21.03,0.5,1.49,2026-07-14,2026-07-14 07:46:40
3388,崇越電,79.1,79.6,79.9,75.0,21.01,22.73,27.53,-3.43,-3.18,-0.26,91.24,84.21,77.19,473,321,1.47,58.58,21.79,3.34,4.22,2026-07-14,2026-07-14 07:46:41
3390,旭軟,25.9,25.9,26.0,24.05,23.4,22.34,26.32,-0.4,-0.12,-0.28,29.83,27.66,25.49,992,508,1.95,20.45,,1.0,3.86,2026-07-14,2026-07-14 07:46:44
3402,漢科,148.0,148.0,148.5,138.5,27.23,32.45,53.92,1.4,1.85,-0.46,154.95,145.2,135.45,963,639,1.51,108.11,19.89,6.0,4.05,2026-07-14,2026-07-14 07:46:45
3406,玉晶光,609.0,614.0,615.0,569.0,15.33,14.63,21.48,-10.61,3.74,-14.35,794.89,673.25,551.61,2271,1729,1.31,686.61,18.59,17.0,2.79,2026-07-14,2026-07-14 07:46:47
3413,京鼎,334.0,330.5,339.0,313.0,51.2,54.88,65.87,6.34,5.19,1.15,348.38,325.23,302.07,3631,2262,1.61,369.31,16.1,10.98,3.29,2026-07-14,2026-07-14 07:46:48
3416,融程電,185.0,187.5,187.5,175.0,48.54,57.91,63.05,4.1,3.48,0.62,193.46,175.24,157.02,494,425,1.16,148.91,26.09,5.1,2.76,2026-07-14,2026-07-14 07:46:49
3419,譁裕,13.15,13.2,13.2,12.45,14.14,21.17,27.4,-0.26,-0.15,-0.11,14.75,13.87,12.99,425,300,1.42,15.84,24.81,,,2026-07-14,2026-07-14 07:46:50
3430,奇鈦科,120.5,124.0,130.5,120.5,20.62,17.61,28.79,-4.18,-2.79,-1.39,155.76,136.98,118.2,1168,412,2.83,40.63,38.25,1.6,1.33,2026-07-14,2026-07-14 07:46:58
3432,台端,18.2,17.95,18.3,17.5,36.72,48.12,29.69,-0.19,-0.16,-0.04,18.98,18.26,17.54,28,26,1.08,7.69,,,,2026-07-14,2026-07-14 07:46:59
3434,哲固,30.05,30.0,30.0,29.05,45.6,43.14,30.25,-0.1,-0.09,-0.01,31.21,29.93,28.66,225,105,2.15,10.74,65.33,0.44,1.46,2026-07-14,2026-07-14 07:47:00
3437,榮創,20.25,20.5,20.5,18.7,12.77,14.28,22.39,-0.7,-0.59,-0.11,23.45,21.5,19.56,1190,663,1.8,29.27,,,,2026-07-14,2026-07-14 07:47:01
3438,類比科,67.8,67.8,67.9,61.1,19.18,26.35,31.17,-0.16,0.62,-0.79,76.09,69.32,62.55,258,236,1.09,31.98,68.48,1.5,2.21,2026-07-14,2026-07-14 07:47:02
3441,聯一光,74.3,73.2,73.8,66.9,17.21,17.77,29.09,1.49,4.18,-2.69,95.7,79.31,62.92,4949,2914,1.7,29.75,70.09,0.85,1.14,2026-07-14,2026-07-14 07:47:03
3443,創意,4270.0,4275.0,4275.0,3845.0,11.5,18.82,33.96,-91.77,-2.1,-89.67,5350.52,4681.0,4011.48,2804,1556,1.8,5722.27,128.19,20.0,0.47,2026-07-14,2026-07-14 07:47:04
3444,利機,85.3,84.9,84.9,79.9,17.97,18.09,23.29,-3.11,-2.47,-0.64,97.56,88.89,80.21,254,164,1.55,38.38,39.86,1.8,2.11,2026-07-14,2026-07-14 07:47:06
3447,展達,35.75,36.05,36.05,32.2,19.68,26.49,24.54,-0.7,-0.32,-0.38,40.38,37.2,34.02,872,309,2.82,27.69,22.48,1.1,3.08,2026-07-14,2026-07-14 07:47:08
3450,聯鈞,515.0,503.0,511.0,463.5,26.91,28.82,31.45,2.47,10.95,-8.47,597.86,527.17,456.49,2837,1449,1.96,750.26,103.0,1.0,0.19,2026-07-14,2026-07-14 07:47:10
3455,由田,219.0,217.0,224.5,200.0,32.26,38.56,38.27,-2.12,-0.24,-1.89,270.86,241.25,211.64,1743,1259,1.38,131.07,82.64,7.0,3.2,2026-07-14,2026-07-14 07:47:18
3465,進泰電子,34.85,33.45,33.55,31.35,22.73,23.78,16.82,0.21,0.76,-0.55,40.52,35.28,30.04,136,119,1.14,12.55,871.25,1.96,5.62,2026-07-14,2026-07-14 07:47:19
3466,德晉,33.1,32.05,32.55,30.65,43.93,53.21,52.13,-0.16,-0.3,0.14,35.57,32.48,29.39,819,293,2.79,25.78,,,,2026-07-14,2026-07-14 07:47:20
3467,台灣精材,56.3,54.4,54.8,51.3,21.32,21.0,3.66,-2.28,-1.53,-0.75,67.92,61.16,54.39,136,70,1.93,17.51,97.07,0.5,0.89,2026-07-14,2026-07-14 07:47:21
3479,安勤,142.5,142.5,143.5,136.0,62.64,62.58,60.72,5.66,5.97,-0.31,149.54,136.72,123.89,2003,1879,1.07,102.87,23.44,4.62,3.24,2026-07-14,2026-07-14 07:47:22
3481,群創,61.0,60.2,61.1,54.9,19.48,29.09,30.7,3.05,4.88,-1.83,73.6,64.88,56.17,509301,339642,1.5,4868.44,2033.33,1.0,1.64,2026-07-14,2026-07-14 07:47:23
3483,力致,85.5,85.5,86.4,80.3,19.55,27.21,31.98,-1.91,-1.23,-0.68,95.87,89.91,83.96,748,448,1.67,83.83,23.17,3.0,3.51,2026-07-14,2026-07-14 07:47:24
3484,崧騰,52.6,53.0,53.0,50.3,38.24,44.86,46.39,1.38,1.64,-0.26,54.85,51.91,48.98,491,356,1.38,41.46,13.22,2.44,4.64,2026-07-14,2026-07-14 07:47:25
3485,敘豐,278.0,273.0,281.0,251.0,20.12,30.8,41.21,-8.33,-5.0,-3.34,333.27,295.15,257.03,374,209,1.78,107.28,47.6,4.5,1.62,2026-07-14,2026-07-14 07:47:26
3489,森寶,20.45,20.45,20.45,19.4,74.62,79.78,69.39,0.73,0.49,0.24,20.52,18.28,16.04,371,475,0.78,18.5,,3.0,14.67,2026-07-14,2026-07-14 07:47:27
3490,單井,31.4,30.9,31.1,29.05,26.03,38.3,39.94,-0.7,-0.57,-0.13,34.25,31.83,29.4,528,357,1.48,17.27,628.0,0.5,1.59,2026-07-14,2026-07-14 07:47:29
3491,昇達科,1260.0,1255.0,1260.0,1155.0,33.1,33.24,34.44,-121.91,-127.23,5.31,1572.89,1338.75,1104.61,1115,903,1.23,866.94,166.67,6.8,0.54,2026-07-14,2026-07-14 07:47:31
3492,長盛,22.95,22.65,22.8,22.4,54.93,57.89,55.22,0.06,0.01,0.05,23.34,22.7,22.06,95,104,0.91,8.15,13.04,1.0,4.36,2026-07-14,2026-07-14 07:47:33
3494,誠研,7.84,8.06,8.06,7.71,43.04,43.3,29.41,-0.05,-0.03,-0.02,8.17,7.94,7.72,101,68,1.49,7.43,,,,2026-07-14,2026-07-14 07:47:33
3498,陽程,131.0,140.0,140.0,118.0,41.84,47.89,46.88,0.05,-0.5,0.55,129.71,121.35,112.99,4642,3994,1.16,79.14,272.92,,,2026-07-14,2026-07-14 07:47:34
3499,環天科,14.75,14.8,14.8,14.45,56.43,61.45,42.86,-0.05,-0.07,0.02,14.98,14.67,14.35,58,37,1.55,8.11,,,,2026-07-14,2026-07-14 07:47:37
3501,維熹,40.45,40.85,40.85,39.2,23.33,26.49,43.3,-0.45,-0.47,0.02,42.62,40.9,39.18,390,181,2.15,47.84,13.57,4.0,9.89,2026-07-14,2026-07-14 07:47:37
3504,揚明光,76.4,76.6,77.3,68.8,38.53,38.81,30.24,-0.91,0.16,-1.07,93.64,81.57,69.49,1395,1485,0.94,87.14,305.6,,,2026-07-14,2026-07-14 07:47:39
3508,位速,17.75,17.65,17.8,16.5,32.64,33.08,35.45,-0.55,-0.62,0.07,19.43,18.3,17.17,249,164,1.51,18.32,,,,2026-07-14,2026-07-14 07:47:40
3511,矽瑪,23.85,23.4,23.8,21.65,23.56,36.45,41.43,0.36,0.66,-0.3,27.54,24.79,22.04,1096,1170,0.94,19.07,,,,2026-07-14,2026-07-14 07:47:41
3512,皇龍,21.45,19.5,19.65,19.05,66.1,68.05,67.69,0.12,0.04,0.08,19.58,18.94,18.31,388,217,1.79,24.25,8.83,1.8,8.39,2026-07-14,2026-07-14 07:47:42
3515,華擎,212.5,213.5,213.5,200.0,14.33,12.43,25.42,-5.69,-3.99,-1.7,240.84,220.84,200.84,1106,395,2.8,262.53,14.01,11.0,5.18,2026-07-14,2026-07-14 07:47:43
3516,亞帝歐,25.25,24.85,24.95,24.0,12.54,21.08,35.9,0.32,0.85,-0.53,29.57,27.31,25.05,102,79,1.29,15.04,93.52,0.2,0.79,2026-07-14,2026-07-14 07:47:44
3518,柏騰,29.65,29.65,29.8,28.0,19.76,35.47,48.06,-0.07,0.15,-0.22,35.87,30.74,25.61,753,1055,0.71,29.85,,,,2026-07-14,2026-07-14 07:47:45
3520,華盈,16.45,16.65,16.65,15.9,24.2,35.49,50.34,0.16,0.3,-0.14,18.59,16.77,14.96,354,276,1.28,11.33,,0.1,0.61,2026-07-14,2026-07-14 07:47:47
3521,台鋼建設,13.05,12.95,12.95,11.9,56.09,61.69,51.96,0.08,0.04,0.05,13.61,12.6,11.6,121,193,0.63,24.24,,,,2026-07-14,2026-07-14 07:47:48
3522,御嵿,12.5,12.85,12.95,12.0,13.68,21.48,30.09,0.07,0.3,-0.23,15.49,13.35,11.2,178,272,0.65,13.01,,,,2026-07-14,2026-07-14 07:47:49
3523,迎輝,15.4,15.0,15.9,14.55,19.02,15.77,8.4,-0.24,0.14,-0.38,20.29,16.98,13.67,21,17,1.22,9.9,,,,2026-07-14,2026-07-14 07:47:50
3526,凡甲,315.0,311.5,312.0,294.0,23.14,28.77,43.75,-7.49,-7.16,-0.33,339.68,317.35,295.02,1072,435,2.46,206.71,20.4,16.84,5.35,2026-07-14,2026-07-14 07:47:51
3527,聚積,61.7,61.7,61.9,58.5,13.86,18.02,28.89,-0.07,0.73,-0.8,71.49,65.4,59.31,219,124,1.77,27.42,3.27,1.0,1.62,2026-07-14,2026-07-14 07:47:52
3528,安馳,92.8,92.3,94.2,88.1,16.28,18.87,29.12,-3.85,-2.37,-1.48,119.31,102.18,85.04,670,452,1.48,61.83,40.7,3.0,3.23,2026-07-14,2026-07-14 07:47:53
3529,力旺,2550.0,2510.0,2515.0,2295.0,10.49,10.99,17.94,-209.95,-176.85,-33.1,3411.75,2906.3,2400.86,1045,689,1.52,1904.52,100.0,20.5,0.8,2026-07-14,2026-07-14 07:47:54
3530,晶相光,62.3,63.5,63.5,58.2,11.77,15.12,17.35,-0.85,0.18,-1.03,75.2,68.2,61.21,390,215,1.81,48.27,35.8,0.8,1.28,2026-07-14,2026-07-14 07:47:55
3531,先益,22.9,22.6,22.95,22.6,42.68,43.46,48.68,-0.0,-0.0,0.0,23.49,22.84,22.2,7,4,1.62,14.01,78.97,0.5,2.18,2026-07-14,2026-07-14 07:47:57
3532,台勝科,465.5,459.0,510.0,430.5,76.35,65.64,71.35,40.35,33.42,6.92,481.07,397.57,314.08,19177,7237,2.65,1805.43,270.64,1.0,0.21,2026-07-14,2026-07-14 07:47:58
3533,嘉澤,1980.0,2000.0,2000.0,1840.0,11.96,13.32,24.17,-110.36,-97.11,-13.25,2394.29,2132.5,1870.71,810,590,1.37,2222.01,28.25,34.93,1.76,2026-07-14,2026-07-14 07:48:00
3535,晶彩科,100.0,101.0,101.5,91.5,15.58,11.99,15.34,-6.53,-4.92,-1.6,136.61,115.47,94.33,2293,1174,1.95,79.05,454.55,0.5,0.5,2026-07-14,2026-07-14 07:48:02
3537,堡達,66.0,65.9,66.7,60.6,12.61,13.92,19.72,-1.7,0.43,-2.13,89.19,75.43,61.67,1088,876,1.24,37.12,26.4,2.0,3.03,2026-07-14,2026-07-14 07:48:04
3540,曜越,23.35,22.85,22.85,21.1,16.93,22.25,33.33,-0.72,-0.51,-0.21,26.84,24.74,22.64,2128,570,3.73,19.72,32.43,0.26,1.11,2026-07-14,2026-07-14 07:48:05
3541,西柏,22.25,22.1,22.1,21.75,40.26,53.88,50.0,-0.05,-0.09,0.04,22.43,21.95,21.48,50,22,2.2,12.4,,,,2026-07-14,2026-07-14 07:48:06
3543,州巧,30.75,31.3,31.45,29.2,54.59,53.72,54.93,-0.48,-0.96,0.49,33.42,30.44,27.46,1161,1326,0.88,33.6,,0.6,1.95,2026-07-14,2026-07-14 07:48:07
3545,敦泰,55.5,56.3,56.3,51.5,29.48,36.26,30.29,-0.18,0.16,-0.34,61.08,57.15,53.23,1489,1163,1.28,119.85,,1.74,3.14,2026-07-14,2026-07-14 07:48:08
3546,宇峻,73.4,72.4,73.0,70.0,19.73,25.48,28.53,-0.56,0.24,-0.8,81.43,76.51,71.58,370,230,1.6,45.03,39.46,2.0,2.72,2026-07-14,2026-07-14 07:48:09
3548,兆利,80.8,80.7,81.3,75.9,16.22,19.74,30.37,-3.1,-2.86,-0.24,91.27,85.23,79.2,602,266,2.26,54.74,39.61,1.0,1.24,2026-07-14,2026-07-14 07:48:10
3550,聯穎,27.0,26.05,26.7,24.3,7.5,13.82,26.82,0.15,1.4,-1.25,38.7,31.9,25.1,5213,2782,1.87,29.04,,,,2026-07-14,2026-07-14 07:48:11
3551,世禾,203.0,202.0,207.5,200.0,41.33,44.48,54.17,0.84,0.4,0.43,212.37,202.55,192.73,1141,775,1.47,125.33,24.52,4.8,2.36,2026-07-14,2026-07-14 07:48:12
3552,同致,46.75,46.75,46.75,44.8,10.7,12.06,22.09,-1.34,-1.26,-0.08,52.04,48.67,45.29,302,130,2.31,45.78,69.78,0.5,1.07,2026-07-14,2026-07-14 07:48:14
3555,博士旺,162.0,159.0,162.0,146.0,12.47,19.74,29.08,-10.62,-7.93,-2.69,212.92,186.7,160.48,268,130,2.07,64.8,126.56,,,2026-07-14,2026-07-14 07:48:16
3556,禾瑞亞,70.4,70.2,70.2,65.3,38.86,51.2,43.29,1.77,2.58,-0.82,78.44,72.69,66.94,1150,1811,0.64,44.85,33.05,1.95,2.77,2026-07-14,2026-07-14 07:48:17
3557,嘉威,26.2,26.95,26.95,25.75,46.25,50.68,52.57,0.0,-0.06,0.06,26.88,25.77,24.65,137,73,1.88,22.09,2620.0,0.3,1.15,2026-07-14,2026-07-14 07:48:18
3558,神準,143.0,141.0,143.0,136.5,68.28,63.74,48.35,2.61,2.18,0.43,144.92,135.8,126.68,324,647,0.5,84.46,27.61,3.0,2.1,2026-07-14,2026-07-14 07:48:20
3563,牧德,691.0,689.0,700.0,635.0,23.88,35.81,45.08,-14.82,-13.21,-1.61,798.87,715.58,632.28,988,587,1.68,441.97,43.87,13.0,1.88,2026-07-14,2026-07-14 07:48:21
3564,其陽,52.4,52.4,52.9,48.3,57.92,61.16,63.52,1.89,1.24,0.65,56.93,48.21,39.49,460,1061,0.43,30.98,80.62,0.27,0.52,2026-07-14,2026-07-14 07:48:24
3567,逸昌,29.8,29.45,29.45,27.75,19.51,33.6,52.7,0.39,0.47,-0.08,30.65,28.6,26.56,307,180,1.71,10.12,28.11,1.0,3.36,2026-07-14,2026-07-14 07:48:26
3570,大塚,163.0,168.0,169.0,161.0,40.43,32.94,45.26,-0.79,-0.54,-0.25,170.89,165.96,161.04,131,44,2.98,27.87,11.76,9.7,5.95,2026-07-14,2026-07-14 07:48:27
3576,聯合再生,16.7,16.85,18.1,16.75,40.1,26.38,47.27,-0.34,-0.35,0.01,18.93,17.21,15.5,36005,13209,2.73,271.66,12.85,,,2026-07-14,2026-07-14 07:48:28
3577,泓格,132.5,130.0,131.0,117.5,39.41,40.99,52.0,0.86,0.89,-0.03,137.16,123.06,108.96,650,496,1.31,84.75,56.14,2.0,1.51,2026-07-14,2026-07-14 07:48:29
3580,友威科,92.7,93.5,95.7,84.6,31.69,37.98,41.56,-1.13,-0.69,-0.44,102.55,95.73,88.91,1021,579,1.76,36.57,48.03,1.2,1.29,2026-07-14,2026-07-14 07:48:30
3581,博磊,134.0,130.5,133.5,120.5,26.82,27.35,27.53,-12.63,-12.65,0.01,175.77,145.15,114.53,678,405,1.67,68.35,167.5,0.6,0.45,2026-07-14,2026-07-14 07:48:32
3583,辛耘,794.0,796.0,800.0,719.0,22.16,26.68,37.43,-12.44,-1.49,-10.95,930.32,845.0,759.68,1163,903,1.29,638.18,59.17,6.0,0.76,2026-07-14,2026-07-14 07:48:32
3587,閎康,276.5,272.0,276.5,252.0,27.33,34.47,32.11,-7.93,-6.24,-1.69,319.03,293.38,267.72,1277,719,1.77,193.07,46.71,4.21,1.52,2026-07-14,2026-07-14 07:48:33
3588,通嘉,64.6,64.0,64.8,59.0,17.8,26.15,29.82,1.03,1.95,-0.92,76.66,66.85,57.03,835,532,1.57,40.05,129.2,0.5,0.77,2026-07-14,2026-07-14 07:48:34
3591,艾笛森,24.5,24.85,24.9,23.15,17.0,26.14,30.91,0.12,0.41,-0.28,28.72,25.79,22.86,1593,1184,1.34,34.79,42.98,0.74,3.02,2026-07-14,2026-07-14 07:48:35
3592,瑞鼎,255.5,256.0,256.0,241.0,52.62,65.87,41.82,2.33,4.22,-1.88,281.01,265.06,249.12,706,555,1.27,193.81,14.27,14.6,5.71,2026-07-14,2026-07-14 07:48:37
3593,力銘,17.45,17.45,17.45,16.05,74.98,66.26,54.41,-0.17,-0.39,0.22,17.02,15.61,14.2,59,32,1.82,10.61,,,,2026-07-14,2026-07-14 07:48:38
3594,磐儀,53.5,53.6,54.5,51.6,37.59,47.06,55.61,1.12,1.03,0.09,58.24,51.13,44.02,3572,1184,3.02,51.03,109.18,0.8,1.5,2026-07-14,2026-07-14 07:48:40
3595,山太士,2430.0,2370.0,2430.0,2275.0,42.65,50.1,41.0,-24.48,-26.07,1.59,2671.66,2434.0,2196.34,290,256,1.13,824.09,559.91,1.0,0.04,2026-07-14,2026-07-14 07:48:41
3596,智易,197.0,195.5,197.0,185.0,45.32,55.81,49.11,2.32,2.6,-0.28,200.86,191.53,182.19,1182,818,1.44,434.1,15.85,9.0,4.57,2026-07-14,2026-07-14 07:48:42
3597,映興,26.75,26.55,26.7,25.9,31.62,39.88,50.45,0.1,0.08,0.02,27.79,26.56,25.33,90,39,2.27,10.43,78.68,0.4,1.5,2026-07-14,2026-07-14 07:48:43
3605,宏致,89.7,89.4,89.9,83.7,54.05,65.16,63.24,3.4,2.81,0.59,95.46,82.94,70.43,7208,12056,0.6,146.84,22.43,0.71,0.79,2026-07-14,2026-07-14 07:48:44
3607,谷崧,16.2,16.2,16.2,15.4,39.29,42.49,50.5,0.23,0.27,-0.04,16.95,16.03,15.11,757,469,1.61,19.71,810.0,0.8,4.94,2026-07-14,2026-07-14 07:48:45
3609,三一東林,28.3,27.75,28.65,27.45,60.09,64.28,60.0,0.33,0.21,0.12,29.39,27.29,25.2,200,143,1.4,10.83,4.41,,,2026-07-14,2026-07-14 07:48:47
3611,鼎翰,200.0,201.0,201.0,197.0,44.85,59.95,61.54,2.27,2.51,-0.24,205.38,197.97,190.57,54,40,1.37,94.97,10.27,10.0,5.0,2026-07-14,2026-07-14 07:48:48
3615,安可,47.55,47.0,47.6,42.8,16.06,18.02,18.2,-0.66,0.52,-1.18,59.27,51.72,44.17,2314,1437,1.61,32.56,57.99,0.7,1.47,2026-07-14,2026-07-14 07:48:49
3617,碩天,230.5,230.0,230.5,221.0,55.62,62.83,57.95,6.52,5.57,0.95,241.19,220.22,199.26,574,1264,0.45,218.44,16.03,9.94,4.31,2026-07-14,2026-07-14 07:48:51
3622,洋華,55.8,56.1,56.1,53.3,25.69,35.18,43.7,-0.16,0.06,-0.22,58.92,56.42,53.93,445,193,2.3,84.44,9.18,3.0,5.38,2026-07-14,2026-07-14 07:48:52
3623,富晶通,22.8,22.85,22.85,22.2,18.19,28.08,33.09,-0.07,0.11,-0.18,25.56,23.81,22.07,166,64,2.59,6.65,,,,2026-07-14,2026-07-14 07:48:53
3624,光頡,130.0,128.5,133.0,117.0,22.64,32.58,35.4,4.83,10.01,-5.18,170.3,145.87,121.43,9852,4043,2.44,152.54,70.27,1.1,0.85,2026-07-14,2026-07-14 07:48:56
3625,西勝,16.85,16.8,16.8,15.8,33.34,45.77,48.99,0.38,0.43,-0.04,18.36,16.55,14.75,558,648,0.86,18.52,,,,2026-07-14,2026-07-14 07:48:58
3628,盈正,73.3,73.9,74.6,71.3,28.82,37.14,54.51,1.04,1.27,-0.24,79.03,73.08,67.12,217,130,1.66,32.99,18.32,3.25,4.43,2026-07-14,2026-07-14 07:48:59
3629,地心引力,14.8,14.8,14.8,14.8,71.57,56.85,5.0,-0.37,-0.37,-0.01,16.51,15.26,14.0,3,1,3.0,4.88,,,,2026-07-13,2026-07-14 07:49:00
3630,新鉅科,27.8,27.8,28.0,26.05,14.53,14.46,20.0,-0.52,-0.03,-0.49,35.51,30.47,25.42,927,684,1.36,56.77,14.95,,,2026-07-14,2026-07-14 07:49:01
3631,晟楠,32.2,32.0,32.3,30.8,28.79,32.9,26.92,-0.65,-0.54,-0.11,35.22,33.68,32.15,78,38,2.04,26.35,,,,2026-07-14,2026-07-14 07:49:02
3632,研勤,8.24,8.0,8.06,8.0,71.4,77.66,52.08,0.03,-0.01,0.04,8.67,8.12,7.56,13,16,0.77,1.81,,,,2026-07-14,2026-07-14 07:49:03
3645,達邁,79.5,78.3,78.4,70.9,13.37,17.03,22.09,-4.4,-3.36,-1.04,98.06,87.55,77.03,3705,1657,2.24,108.72,51.96,1.2,1.51,2026-07-14,2026-07-14 07:49:04
3646,艾恩特,23.5,23.7,23.8,23.1,36.54,39.86,53.57,0.0,-0.02,0.02,23.69,23.42,23.15,49,16,3.0,9.23,41.96,1.65,7.02,2026-07-14,2026-07-14 07:49:05
3652,精聯,32.4,32.4,32.4,30.8,9.76,12.46,14.8,-0.47,0.5,-0.98,43.46,37.43,31.4,220,183,1.2,24.33,24.18,1.2,3.7,2026-07-14,2026-07-14 07:49:07
3653,健策,3195.0,3205.0,3250.0,2990.0,17.95,17.77,21.21,-167.05,-141.12,-25.93,4027.57,3464.5,2901.43,1075,608,1.77,4688.11,88.5,21.72,0.68,2026-07-14,2026-07-14 07:49:09
3661,世芯-KY,4135.0,4090.0,4100.0,3725.0,18.13,29.48,39.93,-75.32,-31.79,-43.53,4760.62,4245.0,3729.38,3306,1530,2.16,3394.48,61.39,36.74,0.89,2026-07-14,2026-07-14 07:49:10
3663,鑫科,78.4,79.9,79.9,71.1,26.51,37.24,41.24,0.14,0.64,-0.51,88.93,79.51,70.09,1318,1018,1.29,85.06,89.09,0.4,0.51,2026-07-14,2026-07-14 07:49:11
3664,安瑞-KY,7.4,6.66,7.0,6.66,39.24,51.51,44.68,0.01,-0.0,0.01,8.41,7.31,6.21,64,25,2.55,5.62,,,,2026-07-14,2026-07-14 07:49:11
3665,貿聯-KY,1865.0,1865.0,1880.0,1725.0,18.37,26.84,32.84,-85.93,-79.0,-6.94,2140.97,1955.75,1770.53,2792,1772,1.58,3638.21,40.32,15.18,0.81,2026-07-14,2026-07-14 07:49:12
3666,光耀,25.25,25.0,25.25,24.1,53.53,49.96,48.89,-0.33,-0.42,0.09,25.95,25.18,24.41,48,43,1.11,22.61,,,,2026-07-14,2026-07-14 07:49:13
3669,圓展,35.35,35.65,35.75,33.9,33.97,40.61,53.42,-0.3,-0.44,0.14,36.05,34.62,33.18,168,89,1.88,32.85,31.28,1.0,2.83,2026-07-14,2026-07-14 07:49:14
3672,康聯訊,13.3,13.2,13.45,12.45,50.27,61.21,52.94,0.5,0.47,0.03,14.49,12.68,10.87,85,126,0.68,5.43,,,,2026-07-14,2026-07-14 07:49:15
3673,TPK-KY,78.0,77.8,77.8,70.2,21.74,26.81,35.38,-0.85,0.16,-1.01,88.58,80.23,71.89,9469,6338,1.49,317.2,28.78,1.8,2.31,2026-07-14,2026-07-14 07:49:16
3675,德微,356.5,345.0,352.0,321.0,27.01,44.25,38.84,11.43,20.62,-9.19,463.03,387.32,311.62,2295,1461,1.57,189.15,133.52,5.15,1.44,2026-07-14,2026-07-14 07:49:18
3679,新至陞,110.0,109.5,110.0,107.5,33.99,43.09,41.67,-0.85,-0.77,-0.08,112.77,109.88,106.98,94,36,2.58,69.32,11.29,9.0,8.18,2026-07-14,2026-07-14 07:49:22
3680,家登,523.0,521.0,527.0,472.0,34.18,38.8,47.02,-3.8,-1.76,-2.04,562.79,517.6,472.41,2564,1358,1.89,502.29,55.58,6.9,1.32,2026-07-14,2026-07-14 07:49:23
3684,榮昌,51.8,51.0,51.0,49.2,27.14,30.56,26.53,-1.44,-1.12,-0.33,58.55,53.92,49.3,43,23,1.84,15.7,15.19,2.77,5.35,2026-07-14,2026-07-14 07:49:24
3685,元創精密,33.5,33.55,36.85,32.5,91.42,79.83,78.17,0.98,0.35,0.63,34.28,30.39,26.5,2083,1113,1.87,26.66,,,,2026-07-14,2026-07-14 07:49:25
3686,達能,16.2,16.2,16.25,15.6,19.68,24.34,31.25,-0.24,-0.15,-0.09,17.76,16.93,16.1,291,140,2.08,12.39,,,,2026-07-14,2026-07-14 07:49:26
3687,歐買尬,76.8,77.6,77.6,73.4,49.53,52.22,44.06,0.73,1.05,-0.32,79.44,76.76,74.08,258,180,1.43,23.09,20.37,2.0,2.6,2026-07-14,2026-07-14 07:49:27
3689,湧德,119.5,119.0,120.5,111.0,34.26,48.64,45.9,-1.08,-1.11,0.03,126.92,120.0,113.08,1919,1579,1.22,104.46,16.41,3.66,3.06,2026-07-14,2026-07-14 07:49:28
3691,碩禾,143.0,140.0,140.0,129.0,12.06,17.52,26.32,-3.32,-0.99,-2.33,164.22,150.32,136.43,1991,871,2.29,131.39,,,,2026-07-14,2026-07-14 07:49:29
3693,營邦,489.0,485.5,495.5,462.5,34.56,45.51,44.11,-11.38,-13.35,1.97,533.05,499.82,466.6,741,966,0.77,210.22,31.86,11.0,2.25,2026-07-14,2026-07-14 07:49:31
3694,海華,67.6,66.6,68.1,63.1,73.05,68.76,59.33,0.76,0.19,0.56,69.15,62.46,55.78,4121,2905,1.42,104.73,16.94,2.3,3.4,2026-07-14,2026-07-14 07:49:32
3701,大眾控,40.65,41.45,41.95,39.0,19.24,16.55,29.74,-2.93,-2.96,0.03,49.87,44.68,39.49,1123,610,1.84,96.19,,0.2,0.49,2026-07-14,2026-07-14 07:49:34
3702,大聯大,117.0,116.5,119.5,112.5,71.03,54.97,70.97,0.69,-0.4,1.09,116.64,109.1,101.56,27582,10425,2.65,1964.57,19.06,3.2,2.74,2026-07-14,2026-07-14 07:49:35
3703,欣陸,20.55,20.7,20.7,20.15,32.35,40.76,54.34,0.1,0.14,-0.04,20.95,20.55,20.14,933,569,1.64,169.17,11.42,1.05,5.11,2026-07-14,2026-07-14 07:49:36
3704,合勤控,49.85,50.3,50.9,46.9,65.29,53.89,51.06,0.77,0.66,0.11,50.42,46.44,42.45,13136,6647,1.98,201.66,31.96,0.4,0.8,2026-07-14,2026-07-14 07:49:37
3705,永信,54.9,55.0,55.0,54.3,73.51,65.56,57.5,0.31,0.27,0.03,54.96,54.21,53.46,250,144,1.74,146.23,16.59,3.0,5.46,2026-07-14,2026-07-14 07:49:38
3706,神達,90.8,90.3,90.4,87.2,44.92,47.65,56.76,0.77,0.69,0.08,92.99,87.98,82.96,12564,12653,0.99,1205.11,17.7,1.0,1.1,2026-07-14,2026-07-14 07:49:38
3707,漢磊,85.5,81.0,83.7,77.0,19.97,25.89,38.5,0.37,1.46,-1.09,95.88,84.63,73.38,23802,14616,1.63,338.98,285.0,,,2026-07-14,2026-07-14 07:49:40
3708,上緯投控,105.0,106.0,106.0,99.5,18.52,28.27,40.74,-1.84,-1.31,-0.53,114.78,108.07,101.36,1101,857,1.29,94.06,17.68,6.5,6.19,2026-07-14,2026-07-14 07:49:40
3709,鑫聯大投控,81.4,81.4,81.5,76.6,59.21,52.32,59.73,-0.05,-0.91,0.86,80.38,75.62,70.87,1532,2088,0.73,104.58,11.71,0.98,1.2,2026-07-14,2026-07-14 07:49:43
3710,連展投控,5.81,5.73,5.83,5.58,28.65,34.41,31.01,-0.14,-0.13,-0.01,6.48,6.0,5.52,534,273,1.95,16.69,,,,2026-07-14,2026-07-14 07:49:44
3711,日月光投控,670.0,655.0,672.0,610.0,42.89,50.38,49.01,22.36,27.4,-5.04,721.9,651.52,581.14,23727,21418,1.11,29398.88,65.82,6.58,0.98,2026-07-14,2026-07-14 07:49:45
3712,永崴投控,16.85,16.9,16.9,16.15,14.84,27.83,38.71,-0.28,-0.08,-0.2,19.29,17.85,16.41,1157,1951,0.59,41.49,,3.0,17.8,2026-07-14,2026-07-14 07:49:46
3713,新晶投控,14.7,14.5,14.8,14.25,32.99,36.85,53.85,-0.18,-0.14,-0.04,15.65,14.83,14.01,85,72,1.18,12.95,,,,2026-07-14,2026-07-14 07:49:48
3714,富采,60.9,60.9,61.4,57.0,23.64,25.52,30.48,-1.58,-1.34,-0.24,70.67,64.05,57.42,10916,6578,1.66,448.62,6090.0,0.9,1.48,2026-07-14,2026-07-14 07:49:49
3715,定穎投控,144.0,144.0,147.0,133.5,11.79,13.51,21.86,-7.22,-4.09,-3.13,193.84,166.69,139.55,8946,6820,1.31,408.35,53.14,1.08,0.75,2026-07-14,2026-07-14 07:49:51
3716,中化控股,34.95,35.2,35.2,34.25,39.34,48.04,41.1,0.12,0.18,-0.06,35.57,34.98,34.38,251,162,1.55,51.32,14.68,1.0,2.86,2026-07-14,2026-07-14 07:49:52
3717,聯嘉投控,25.4,25.6,25.7,23.1,21.91,37.05,58.92,0.92,1.18,-0.26,30.37,25.04,19.71,5751,4835,1.19,52.79,,0.3,1.18,2026-07-14,2026-07-14 07:49:53
4102,永日,20.35,20.25,20.25,19.4,87.29,92.37,78.05,0.58,0.52,0.06,20.73,19.52,18.31,152,145,1.05,8.62,,1.15,5.65,2026-07-14,2026-07-14 07:49:54
4104,佳醫,70.7,71.0,71.4,70.4,87.72,78.6,76.6,0.1,-0.17,0.27,70.73,69.41,68.08,399,227,1.75,133.18,15.37,4.3,6.08,2026-07-14,2026-07-14 07:49:55
4105,東洋,78.4,78.4,78.4,77.2,61.63,66.59,66.3,0.95,0.8,0.15,79.53,75.96,72.4,704,700,1.01,194.94,12.52,4.5,5.74,2026-07-14,2026-07-14 07:49:56
4106,雃博,25.1,25.3,25.3,24.6,71.37,75.94,79.66,0.25,0.11,0.14,24.6,23.58,22.56,576,379,1.52,25.33,21.09,0.8,3.19,2026-07-14,2026-07-14 07:49:56
4107,邦特,120.0,120.0,120.0,118.0,78.09,74.13,58.33,0.53,0.17,0.36,119.06,116.45,113.84,77,68,1.13,83.16,15.5,5.5,4.58,2026-07-14,2026-07-14 07:49:59
4108,懷特,11.9,12.15,12.15,11.7,17.51,27.36,45.45,-0.05,-0.03,-0.02,12.39,12.06,11.73,207,178,1.16,23.64,,,,2026-07-14,2026-07-14 07:50:01
4109,加捷生醫,11.9,11.95,11.95,11.8,38.89,47.25,50.75,0.06,0.06,-0.0,12.69,11.91,11.14,244,160,1.52,14.13,27.67,0.5,4.2,2026-07-14,2026-07-14 07:50:02
4111,濟生,30.25,30.2,30.25,29.8,43.24,51.86,50.98,0.09,0.09,0.0,30.65,30.12,29.59,113,49,2.3,18.1,11.12,1.0,3.31,2026-07-14,2026-07-14 07:50:04
4113,聯上,14.9,14.8,14.9,14.45,35.91,37.69,17.5,-0.22,-0.13,-0.09,17.17,15.53,13.88,206,115,1.79,34.44,,0.85,5.7,2026-07-14,2026-07-14 07:50:05
4114,健喬,33.3,33.5,33.5,32.85,80.08,82.31,73.68,0.72,0.51,0.21,34.02,31.79,29.55,2195,1881,1.17,167.88,20.06,0.85,2.55,2026-07-14,2026-07-14 07:50:06
4115,善德生技,7.86,7.85,7.85,7.53,29.24,28.15,53.73,-0.05,-0.09,0.04,8.05,7.77,7.5,18,14,1.26,4.72,,,,2026-07-14,2026-07-14 07:50:07
4116,明基醫,38.35,38.15,38.5,37.3,61.88,64.73,75.31,0.62,0.43,0.19,39.11,36.86,34.6,92,45,2.02,17.09,21.91,2.0,5.22,2026-07-14,2026-07-14 07:50:08
4117,普生,11.25,11.25,11.25,10.15,41.48,40.27,36.47,0.87,1.14,-0.27,13.2,11.28,9.35,569,313,1.82,7.97,1.51,,,2026-07-14,2026-07-14 07:50:09
4119,旭富,45.5,45.8,45.8,44.5,59.42,67.5,60.96,0.74,0.64,0.1,46.47,44.05,41.62,137,91,1.5,54.38,50.56,0.75,1.65,2026-07-14,2026-07-14 07:50:10
4120,友華,47.5,47.5,47.7,47.05,68.7,66.79,68.25,0.49,0.25,0.24,48.22,46.02,43.82,69,35,1.94,41.2,,4.0,8.42,2026-07-14,2026-07-14 07:50:12
4121,優盛,13.3,13.4,13.4,13.05,20.6,28.64,48.39,-0.15,-0.16,0.01,13.8,13.43,13.05,84,64,1.31,11.01,,,,2026-07-14,2026-07-14 07:50:14
4123,晟德,38.05,38.15,38.15,37.05,28.92,45.84,43.09,0.12,0.16,-0.04,40.03,38.17,36.3,2081,1626,1.28,288.5,3.33,0.76,2.0,2026-07-14,2026-07-14 07:50:17
4126,太醫,81.0,81.0,81.3,80.5,51.51,57.01,65.0,0.37,0.3,0.07,81.66,80.59,79.52,95,50,1.88,58.81,15.46,4.5,5.56,2026-07-14,2026-07-14 07:50:18
4127,天良,72.0,72.0,74.8,70.7,43.48,55.59,64.41,3.3,3.39,-0.09,78.64,69.86,61.07,246,649,0.38,32.95,,,,2026-07-14,2026-07-14 07:50:19
4128,中天,16.15,16.15,16.25,15.45,30.2,46.73,54.14,0.42,0.45,-0.03,18.21,16.05,13.89,2635,5148,0.51,94.99,,,,2026-07-14,2026-07-14 07:50:24
4129,聯合,91.5,91.5,91.9,90.9,22.91,40.09,51.15,0.18,0.19,-0.0,95.2,91.82,88.45,128,72,1.76,88.24,16.14,4.5,4.92,2026-07-14,2026-07-14 07:50:25
4130,健亞,28.15,28.55,28.95,26.0,50.3,59.47,59.44,0.32,0.13,0.19,28.88,26.51,24.13,206,119,1.73,38.5,281.5,0.1,0.36,2026-07-14,2026-07-14 07:50:26
4131,浩泰,33.05,33.2,33.2,32.1,55.06,41.31,40.43,-0.58,-0.51,-0.07,37.22,34.01,30.8,19,12,1.51,13.15,,,,2026-07-14,2026-07-14 07:50:27
4133,亞諾法,20.15,20.55,20.6,20.0,26.57,41.02,40.68,-0.08,-0.06,-0.02,21.21,20.68,20.15,317,139,2.27,,,,,2026-07-14,2026-07-14 07:51:06
4137,麗豐-KY,95.8,95.9,95.9,93.9,16.87,20.47,34.47,-0.74,-0.25,-0.49,102.24,98.16,94.09,238,219,1.09,79.03,14.09,10.0,10.44,2026-07-14,2026-07-14 07:51:07
4138,曜亞,51.2,50.7,50.8,50.6,34.15,42.35,47.06,-0.24,-0.29,0.05,51.9,51.14,50.38,13,12,1.07,20.44,13.51,4.2,8.2,2026-07-14,2026-07-14 07:51:08
4139,馬光-KY,26.0,26.35,28.6,26.35,97.52,93.05,83.74,0.65,0.35,0.3,26.79,24.78,22.78,125,55,2.25,11.7,,,,2026-07-14,2026-07-14 07:51:09
4142,國光生,17.05,17.15,17.15,16.65,31.06,46.3,43.55,-0.05,-0.0,-0.05,18.03,17.41,16.79,1554,1014,1.53,71.87,5.04,,,2026-07-14,2026-07-14 07:51:10
4147,中裕,64.3,64.4,65.2,63.2,37.03,55.33,49.46,3.19,3.65,-0.46,74.54,64.47,54.4,1246,1719,0.72,174.06,,,,2026-07-14,2026-07-14 07:51:11
4148,全宇生技-KY,29.6,30.05,30.05,29.55,52.89,55.05,51.67,-0.36,-0.57,0.21,30.39,29.58,28.78,29,22,1.3,19.9,13.04,1.0,3.38,2026-07-14,2026-07-14 07:51:12
4150,優你康,5.08,5.07,5.07,4.83,30.07,38.7,51.42,-0.03,-0.06,0.04,5.62,5.06,4.51,162,364,0.44,7.48,,,,2026-07-14,2026-07-14 07:51:13
4153,鈺緯,31.85,31.35,31.95,31.0,74.92,74.77,66.67,0.45,0.36,0.09,31.71,30.45,29.2,13,17,0.77,18.69,20.68,2.0,6.28,2026-07-14,2026-07-14 07:51:15
4154,樂威科-KY,11.9,11.8,11.8,11.2,39.15,35.89,30.61,-0.4,-0.36,-0.05,13.35,12.37,11.39,8,7,1.08,4.57,,,,2026-07-14,2026-07-14 07:51:18
4155,訊映,15.65,15.75,15.75,15.2,62.72,68.27,63.04,0.24,0.23,0.01,15.97,15.27,14.57,268,317,0.84,21.86,27.46,0.3,1.92,2026-07-14,2026-07-14 07:51:19
4157,太景*-KY,8.93,8.86,8.89,8.5,42.41,56.31,53.3,-0.01,-0.04,0.03,9.38,8.77,8.15,844,606,1.39,63.57,148.83,,,2026-07-14,2026-07-14 07:51:20
4160,訊聯基因,41.15,41.0,41.0,39.7,34.71,46.69,50.56,0.14,0.02,0.12,42.78,40.51,38.25,51,45,1.12,10.98,51.44,1.85,4.5,2026-07-14,2026-07-14 07:51:22
4161,聿新科,22.85,22.8,22.95,22.55,37.53,46.31,46.67,-0.03,-0.01,-0.02,23.42,23.08,22.74,37,23,1.58,,,,,2026-07-14,2026-07-14 07:51:54
4162,智擎,66.0,65.9,65.9,64.2,68.04,71.75,67.79,2.2,1.84,0.36,67.42,60.95,54.49,880,1171,0.75,94.83,24.54,6.0,9.09,2026-07-14,2026-07-14 07:51:55
4163,鐿鈦,126.0,127.5,127.5,124.0,27.05,38.76,45.92,3.22,3.57,-0.35,137.15,125.1,113.05,148,441,0.34,63.86,24.75,3.5,2.78,2026-07-14,2026-07-14 07:52:29
4164,承業醫,28.75,28.55,28.65,27.1,22.2,30.25,33.06,-0.06,0.11,-0.17,30.22,29.08,27.94,1578,590,2.67,55.72,28.75,1.11,3.86,2026-07-14,2026-07-14 07:52:30
4166,友霖,26.95,26.75,26.85,25.6,57.74,64.5,58.91,0.52,0.41,0.1,27.63,25.74,23.85,195,253,0.77,65.5,29.94,,,2026-07-14,2026-07-14 07:52:31
4167,松瑞藥,20.65,20.5,20.9,20.2,40.08,53.45,65.43,0.31,0.28,0.03,21.65,20.23,18.8,891,1103,0.81,64.11,12.08,0.41,1.99,2026-07-14,2026-07-14 07:52:32
4168,醣聯,24.7,24.4,24.4,23.6,17.69,28.81,34.65,-0.18,-0.01,-0.17,26.37,25.31,24.26,394,199,1.98,27.79,,,,2026-07-14,2026-07-14 07:52:33
4169,泰宗,243.0,236.0,243.0,219.0,65.43,76.89,65.92,25.16,22.23,2.93,292.81,214.43,136.04,605,669,0.9,161.43,759.38,0.32,0.13,2026-07-14,2026-07-14 07:52:34
4170,鑫品生醫,12.4,12.3,12.8,12.05,64.23,59.78,48.15,-0.16,-0.21,0.04,12.79,12.41,12.04,66,34,1.9,5.43,5.66,,,2026-07-14,2026-07-14 07:52:35
4171,瑞基,16.7,16.7,17.0,16.35,45.06,45.31,53.19,-0.2,-0.24,0.04,17.49,17.04,16.59,144,59,2.41,9.5,,,,2026-07-14,2026-07-14 07:52:36
4172,因華,11.7,11.7,11.7,10.8,43.63,53.08,55.07,-0.15,-0.21,0.06,12.34,11.55,10.76,447,206,2.17,13.99,,,,2026-07-14,2026-07-14 07:52:37
4173,久裕,18.05,17.95,17.95,17.8,41.84,49.42,48.39,-0.06,-0.07,0.01,18.32,18.07,17.81,61,48,1.27,13.46,15.56,1.04,5.76,2026-07-14,2026-07-14 07:52:39
4174,浩鼎,28.95,28.95,28.95,28.0,29.88,44.1,46.35,-0.1,-0.2,0.1,30.94,28.96,26.98,395,295,1.34,38.09,,,,2026-07-14,2026-07-14 07:52:40
4175,杏一,50.7,51.0,51.0,50.1,40.98,48.46,50.88,0.05,-0.0,0.05,51.31,50.35,49.4,47,32,1.47,21.46,13.93,3.0,5.92,2026-07-14,2026-07-14 07:52:42
4178,永笙-KY,18.1,18.45,18.45,17.75,50.65,61.11,58.26,-0.03,-0.15,0.13,19.37,18.05,16.73,255,373,0.68,38.86,,,,2026-07-14,2026-07-14 07:52:43
4183,福永生技,14.8,14.25,14.8,14.25,71.59,65.68,57.26,0.17,0.13,0.04,14.91,14.01,13.1,4,5,0.69,3.52,,0.67,4.53,2026-07-13,2026-07-14 07:52:44
4186,尖端醫,10.1,10.1,10.15,9.8,53.97,51.98,46.95,-0.05,-0.06,0.01,10.38,10.07,9.77,88,78,1.13,9.09,32.58,,,2026-07-14,2026-07-14 07:52:44
4188,安克,10.3,10.25,10.25,10.05,17.59,31.51,40.82,-0.12,-0.1,-0.02,11.11,10.6,10.09,17,27,0.64,6.52,,,,2026-07-14,2026-07-14 07:52:46
4190,佐登-KY,25.55,25.4,25.45,25.0,38.8,52.89,66.23,0.24,0.18,0.06,26.54,25.03,23.51,23,21,1.09,15.19,18.93,0.5,1.96,2026-07-14,2026-07-14 07:52:47
4192,杏國,20.2,19.8,19.8,19.7,32.85,46.09,44.68,-0.07,-0.0,-0.07,21.29,20.46,19.64,10,10,1.0,7.1,,,,2026-07-14,2026-07-14 07:52:48
4194,禾生技,7.09,6.78,7.05,6.6,23.0,35.57,43.84,-0.04,-0.01,-0.04,7.57,7.16,6.75,124,68,1.81,10.35,,,,2026-07-14,2026-07-14 07:52:49
4195,基米-創,17.15,17.4,17.4,16.25,60.23,65.19,61.72,-0.1,-0.43,0.33,18.5,16.36,14.22,187,234,0.8,13.72,,,,2026-07-14,2026-07-14 07:52:50
4197,暐世,8.7,9.04,9.04,8.68,29.24,27.72,49.28,-0.12,-0.12,0.01,9.74,9.03,8.32,4,20,0.19,2.63,48.33,,,2026-07-14,2026-07-14 07:52:51
4198,欣大健康,45.3,41.95,44.35,41.95,83.41,88.26,67.15,1.6,1.08,0.52,45.84,40.39,34.94,9,18,0.5,10.92,,,,2026-07-14,2026-07-14 07:52:53
4205,中華食,73.2,73.2,73.2,72.6,73.48,73.54,48.15,0.01,-0.03,0.03,73.74,73.15,72.56,44,16,2.66,71.48,17.68,3.5,4.78,2026-07-14,2026-07-14 07:52:55
4207,環泰,19.95,20.05,20.05,19.6,59.64,66.92,59.38,0.17,0.17,0.01,20.17,19.64,19.12,301,173,1.74,39.61,11.4,1.2,6.02,2026-07-14,2026-07-14 07:52:57
4303,信立,45.6,45.6,45.6,43.5,14.77,20.02,37.62,-0.7,-0.68,-0.02,48.3,46.26,44.22,725,359,2.02,43.14,4.1,1.0,2.19,2026-07-14,2026-07-14 07:53:00
4304,勝昱,19.8,19.45,20.0,19.45,56.75,39.76,28.76,-1.63,-1.82,0.19,24.71,20.9,17.08,6,21,0.29,12.09,,,,2026-07-14,2026-07-14 07:53:01
4305,世坤,41.3,41.25,41.25,41.05,29.03,48.98,51.38,0.18,0.29,-0.11,43.28,41.76,40.25,7,8,0.86,22.72,10.84,3.1,7.51,2026-07-14,2026-07-14 07:53:03
4306,炎洲,14.75,14.45,14.8,14.4,13.53,24.82,32.31,0.14,0.31,-0.17,15.84,15.21,14.58,2153,1637,1.32,97.05,56.73,0.7,4.75,2026-07-14,2026-07-14 07:53:04
4401,東隆興,14.8,14.85,14.85,14.65,48.05,55.25,58.57,0.23,0.18,0.05,15.48,14.41,13.35,67,59,1.14,18.16,20.27,0.7,4.73,2026-07-14,2026-07-14 07:53:05
4402,郡都開發,16.0,15.8,16.3,15.8,22.6,27.25,43.64,0.32,0.56,-0.24,18.04,16.68,15.32,267,68,3.9,10.88,,,,2026-07-14,2026-07-14 07:53:06
4406,新昕纖,9.85,9.85,9.93,9.85,74.18,73.87,44.44,-0.02,-0.01,-0.0,10.02,9.9,9.77,119,47,2.49,5.11,,,,2026-07-14,2026-07-14 07:53:07
4413,飛寶企業,14.7,14.7,14.9,14.15,66.84,52.99,39.39,-0.53,-0.58,0.05,16.82,15.32,13.82,8,3,2.51,4.6,28.27,0.3,2.04,2026-07-14,2026-07-14 07:53:08
4414,如興,8.47,8.69,8.69,8.44,19.87,33.89,50.66,-0.01,-0.01,0.0,9.14,8.61,8.08,251,176,1.42,24.42,12.64,0.01,0.12,2026-07-14,2026-07-14 07:53:10
4416,三圓,11.0,11.1,11.1,10.15,26.29,30.47,44.7,-0.1,-0.07,-0.03,12.73,11.01,9.3,679,631,1.08,8.02,,1.0,9.09,2026-07-14,2026-07-14 07:53:11
4417,金洲,44.15,44.5,44.5,43.75,28.12,51.31,49.82,0.33,0.41,-0.08,45.26,44.12,42.97,141,145,0.97,37.07,7.25,3.5,7.93,2026-07-14,2026-07-14 07:53:12
4419,皇家美食,46.25,46.25,46.25,45.25,25.3,27.45,41.24,-0.08,0.16,-0.24,50.58,47.24,43.89,3,2,1.36,78.24,,,,2026-07-14,2026-07-14 07:53:14
4420,光明,36.25,37.4,37.4,35.35,46.47,58.4,45.4,-0.54,-0.58,0.04,38.43,36.78,35.13,41,15,2.65,14.66,6.57,3.0,8.28,2026-07-14,2026-07-14 07:53:15
4426,利勤,8.13,8.2,8.2,8.01,21.72,34.66,55.33,0.06,0.06,-0.0,8.83,8.1,7.37,165,149,1.11,14.04,,,,2026-07-14,2026-07-14 07:53:17
4430,耀億,17.0,16.6,17.2,16.5,21.08,30.5,31.58,-0.12,-0.05,-0.08,17.83,17.31,16.79,88,32,2.72,9.57,,0.5,2.94,2026-07-14,2026-07-14 07:53:19
4431,敏成健康,17.55,16.95,17.5,16.65,40.49,45.99,64.18,0.11,0.07,0.04,17.5,17.03,16.56,52,33,1.53,6.41,,,,2026-07-14,2026-07-14 07:53:21
4432,銘旺實,16.5,16.3,16.4,16.05,63.33,63.62,60.34,0.06,0.01,0.05,17.02,16.12,15.22,23,18,1.27,8.35,18.75,0.4,2.42,2026-07-14,2026-07-14 07:53:22
4433,興采,20.0,20.0,20.5,19.7,56.89,64.47,64.19,0.18,0.17,0.02,20.89,19.99,19.09,40,31,1.26,12.09,19.05,1.0,5.0,2026-07-14,2026-07-14 07:53:24
4438,廣越,61.0,61.1,61.2,60.3,55.84,62.35,56.79,0.36,0.36,-0.0,63.15,60.7,58.25,59,40,1.48,68.73,20.96,2.3,3.77,2026-07-14,2026-07-14 07:53:26
4439,冠星-KY,104.0,104.0,114.0,104.0,81.63,82.78,96.3,2.88,1.07,1.81,104.13,93.72,83.3,194,112,1.73,39.12,14.42,4.05,3.89,2026-07-14,2026-07-14 07:53:27
4440,宜新實業,17.25,17.3,17.3,17.05,39.3,55.27,51.85,0.02,-0.0,0.02,18.22,17.42,16.61,107,104,1.03,11.66,15.13,1.0,5.8,2026-07-14,2026-07-14 07:53:28
4441,振大環球,187.5,186.0,187.0,179.0,33.43,42.46,28.07,-3.48,-3.01,-0.48,203.02,191.72,180.43,133,61,2.17,127.83,12.92,9.15,4.88,2026-07-14,2026-07-14 07:53:29
4442,竣邦-KY,49.6,49.5,50.0,49.0,13.66,21.88,27.21,-0.19,0.02,-0.22,53.18,50.94,48.69,19,9,2.02,15.96,10.53,3.4,6.85,2026-07-14,2026-07-14 07:53:30
4502,健信,15.65,15.65,15.65,15.5,48.94,57.11,28.57,-0.03,-0.02,-0.01,15.87,15.76,15.65,18,11,1.61,8.68,,,,2026-07-14,2026-07-14 07:53:31
4503,金雨,39.75,39.95,40.45,37.1,35.49,52.11,56.1,0.55,0.65,-0.1,46.88,40.53,34.19,301,275,1.09,31.13,29.01,,,2026-07-14,2026-07-14 07:53:32
4506,崇友,122.5,121.5,122.0,121.0,61.35,73.08,66.67,1.15,1.07,0.08,124.52,120.7,116.88,118,71,1.66,216.84,18.79,5.3,4.33,2026-07-14,2026-07-14 07:53:33
4510,高鋒,42.6,42.8,42.8,40.05,35.07,37.01,41.79,-1.12,-1.15,0.03,46.66,43.34,40.03,953,848,1.12,46.42,,0.79,1.85,2026-07-14,2026-07-14 07:53:35
4513,福裕,18.5,18.5,20.35,17.9,75.76,59.97,80.0,0.72,0.46,0.26,19.04,17.02,15.0,4831,2202,2.19,21.16,,,,2026-07-14,2026-07-14 07:53:37
4523,永彰,24.85,25.0,25.3,24.65,12.54,18.95,18.68,-0.46,-0.2,-0.26,28.54,26.68,24.82,154,136,1.13,16.14,1.13,2.64,10.62,2026-07-14,2026-07-14 07:53:39
4526,東台,37.15,36.6,36.75,33.6,17.83,24.57,27.5,-0.68,-0.05,-0.62,43.68,39.49,35.3,3872,3373,1.15,93.55,20.52,1.0,2.69,2026-07-14,2026-07-14 07:53:40
4527,方土霖,39.55,39.6,39.65,39.05,13.63,14.37,33.33,-0.4,-0.39,-0.01,41.01,39.82,38.64,38,18,2.09,30.12,11.77,3.0,7.59,2026-07-14,2026-07-14 07:53:41
4528,江興鍛,15.3,15.4,15.45,15.2,33.48,37.07,42.42,-0.12,-0.11,-0.01,15.97,15.53,15.09,20,17,1.23,12.88,14.04,0.2,1.31,2026-07-14,2026-07-14 07:53:42
4529,淳紳,4.85,4.85,4.85,4.37,74.84,69.02,44.72,-0.04,-0.09,0.05,5.13,4.57,4.0,77,27,2.81,4.1,,,,2026-07-14,2026-07-14 07:53:43
4530,宏易,26.25,26.25,26.25,26.25,22.38,27.31,59.82,0.19,0.19,-0.0,28.47,25.81,23.15,1,2,0.38,9.4,21.52,,,2026-07-13,2026-07-14 07:53:47
4532,瑞智,26.2,26.4,26.4,25.0,19.18,36.1,56.72,0.58,0.8,-0.22,29.92,26.01,22.1,2478,2068,1.2,127.37,12.84,1.5,5.73,2026-07-14,2026-07-14 07:53:48
4533,協易機,29.1,29.1,29.15,27.55,28.24,38.64,44.83,-0.42,-0.4,-0.02,31.54,29.36,27.18,705,623,1.13,46.1,145.5,1.2,4.12,2026-07-14,2026-07-14 07:53:49
4534,慶騰,34.9,36.0,36.0,32.95,59.91,57.66,60.82,1.31,1.29,0.02,36.47,32.83,29.18,1511,866,1.74,30.29,3490.0,,,2026-07-14,2026-07-14 07:53:50
4535,至興,28.05,28.05,28.05,27.55,56.57,63.58,59.05,0.46,0.34,0.12,29.1,27.2,25.3,6,14,0.41,21.22,21.58,0.8,2.85,2026-07-14,2026-07-14 07:53:51
4536,拓凱,171.5,173.0,173.0,167.0,40.9,54.97,59.09,2.65,2.83,-0.18,175.53,168.07,160.62,792,321,2.47,155.76,11.57,8.0,4.66,2026-07-14,2026-07-14 07:53:52
4537,旭東,172.0,173.0,173.0,165.0,39.5,43.51,39.18,-0.33,0.33,-0.66,182.56,173.58,164.59,116,66,1.74,135.6,223.38,0.5,0.29,2026-07-14,2026-07-14 07:53:53
4538,大詠城,18.4,18.1,18.5,18.0,37.96,30.26,16.67,0.08,0.16,-0.08,19.04,18.75,18.45,17,10,1.65,10.94,63.45,1.0,5.43,2026-07-14,2026-07-14 07:53:54
4540,全球傳動,58.5,58.3,58.3,52.7,30.96,38.86,39.38,-1.48,-1.38,-0.1,64.62,59.32,54.03,3790,1760,2.15,67.38,114.71,,,2026-07-14,2026-07-14 07:53:56
4541,晟田,67.1,68.3,73.8,65.7,81.82,78.54,77.98,5.33,3.95,1.39,70.99,55.11,39.22,36755,13619,2.7,45.39,33.22,1.4,2.09,2026-07-14,2026-07-14 07:53:57
4542,科嶠,354.0,360.5,373.0,319.0,12.05,23.09,43.28,14.79,31.29,-16.5,489.81,402.88,315.94,2241,1283,1.75,122.43,278.74,0.93,0.26,2026-07-14,2026-07-14 07:53:58
4543,萬在,34.65,34.0,34.4,32.5,31.28,37.15,33.52,-0.94,-0.84,-0.11,38.18,35.97,33.76,200,132,1.52,20.71,65.38,1.0,2.89,2026-07-14,2026-07-14 07:53:59
4544,春日,14.55,14.8,14.8,13.7,78.06,77.98,57.92,0.1,-0.01,0.11,14.83,13.85,12.87,14,8,1.6,8.77,53.89,0.5,3.44,2026-07-14,2026-07-14 07:54:00
4545,銘鈺,36.35,36.85,36.85,34.25,27.61,39.57,40.7,0.23,0.6,-0.37,39.7,37.47,35.25,222,145,1.53,27.99,213.82,0.13,0.36,2026-07-14,2026-07-14 07:54:00
4546,長亨,115.0,112.0,115.0,104.0,50.08,62.17,58.47,2.29,1.82,0.48,126.96,111.1,95.24,192,67,2.85,38.84,21.1,1.0,0.87,2026-07-14,2026-07-14 07:54:02
4549,桓達,99.6,98.5,99.0,93.8,25.32,29.57,31.93,-2.4,-2.08,-0.32,107.93,101.8,95.68,298,119,2.5,56.77,30.09,3.0,3.01,2026-07-14,2026-07-14 07:54:05
4550,長佳,25.55,25.3,25.45,25.0,73.88,72.09,72.73,0.41,0.35,0.06,25.96,24.89,23.82,42,40,1.05,9.67,19.21,1.22,4.77,2026-07-14,2026-07-14 07:54:06
4551,智伸科,214.0,214.0,221.0,198.0,22.18,37.94,38.89,14.02,20.44,-6.41,277.06,232.43,187.79,2450,1927,1.27,246.58,35.49,4.2,1.96,2026-07-14,2026-07-14 07:54:08
4552,力達-KY,19.45,19.8,19.8,19.1,6.77,10.86,6.67,-0.32,-0.19,-0.13,21.8,20.32,18.85,129,81,1.6,22.56,9.4,1.0,5.14,2026-07-14,2026-07-14 07:54:08
4553,盛復,16.5,16.6,16.6,16.5,19.3,29.36,26.54,-0.42,-0.42,0.01,18.01,17.16,16.3,13,9,1.38,5.45,,0.2,1.21,2026-07-14,2026-07-14 07:54:09
4554,橙的,31.35,31.9,32.4,31.05,19.16,31.31,52.38,0.22,0.28,-0.06,32.56,31.17,29.78,106,65,1.61,8.25,14.86,0.35,1.12,2026-07-14,2026-07-14 07:54:10
4555,氣立,48.5,48.6,48.6,45.3,26.04,35.72,53.14,0.18,0.33,-0.15,50.79,48.14,45.49,387,202,1.91,33.7,255.26,0.5,1.03,2026-07-14,2026-07-14 07:54:11
4556,旭然,111.0,116.5,122.0,100.0,93.13,84.15,84.32,14.23,11.04,3.19,112.91,82.76,52.6,2782,852,3.26,46.96,120.65,0.6,0.54,2026-07-14,2026-07-14 07:54:12
4557,永新-KY,49.3,50.0,50.0,48.7,46.95,54.23,60.67,0.93,0.87,0.06,50.82,48.37,45.93,50,28,1.74,23.65,7.61,2.0,4.06,2026-07-14,2026-07-14 07:54:13
4558,寶緯,18.2,18.3,18.3,17.9,19.07,24.25,42.11,-0.23,-0.24,0.01,18.82,18.38,17.93,66,22,2.92,9.1,,0.5,2.75,2026-07-14,2026-07-14 07:54:14
4559,久裕興,8.8,8.8,9.15,8.71,29.71,36.83,57.7,0.22,0.16,0.06,10.43,8.7,6.96,63,88,0.72,5.28,51.76,,,2026-07-14,2026-07-14 07:54:16
4560,強信-KY,33.85,33.85,33.85,33.0,59.94,68.4,57.89,0.28,0.21,0.06,34.7,33.35,32.01,193,135,1.42,23.05,11.21,2.0,5.91,2026-07-14,2026-07-14 07:54:17
4561,健椿,40.3,39.8,40.0,36.35,24.82,31.5,42.24,-1.12,-1.07,-0.05,44.3,40.98,37.65,329,220,1.49,23.58,62.0,0.2,0.5,2026-07-14,2026-07-14 07:54:18
4562,穎漢,34.1,34.2,34.3,31.95,19.1,24.85,40.99,-0.92,-0.9,-0.02,36.99,34.64,32.28,400,307,1.3,,,,,2026-07-14,2026-07-14 07:54:19
4563,百德,43.0,42.3,42.4,40.05,38.54,42.49,51.35,-0.85,-1.03,0.19,44.11,42.0,39.9,170,113,1.5,23.63,17.27,3.0,6.98,2026-07-14,2026-07-14 07:54:20
4564,元翎,21.0,21.7,22.5,20.1,84.22,77.92,80.41,1.13,0.58,0.55,21.15,17.27,13.39,18748,9031,2.08,48.89,,,,2026-07-14,2026-07-14 07:54:21
4565,宏偉,127.5,127.0,127.0,122.0,57.62,53.35,48.89,2.12,1.96,0.16,129.63,123.1,116.57,7,15,0.49,78.72,18.59,6.0,4.71,2026-07-14,2026-07-14 07:54:22
4566,時碩工業,64.8,65.4,66.9,63.3,42.96,42.62,55.75,0.05,-0.14,0.2,68.65,63.87,59.1,2466,850,2.9,71.4,48.0,0.68,1.05,2026-07-14,2026-07-14 07:54:23
4568,科際精密,41.8,41.4,41.5,41.15,65.57,64.91,47.73,0.14,0.14,0.0,42.28,41.38,40.48,8,6,1.24,13.35,20.9,1.98,4.74,2026-07-14,2026-07-14 07:54:24
4569,六方科-KY,163.0,166.0,166.0,154.0,21.21,22.46,27.71,-2.55,-1.23,-1.33,190.16,174.05,157.94,114,66,1.71,49.55,39.56,5.71,3.5,2026-07-14,2026-07-14 07:54:25
4570,傑生,68.0,68.1,68.1,68.1,22.6,14.74,43.94,-0.2,-0.31,0.11,69.94,68.52,67.1,1,0,1.66,29.92,26.36,3.0,4.41,2026-07-14,2026-07-14 07:54:27
4571,鈞興-KY,165.0,165.0,165.0,153.5,20.87,30.74,36.73,-5.21,-4.8,-0.41,180.95,169.82,158.69,488,206,2.37,86.13,17.24,5.27,3.19,2026-07-14,2026-07-14 07:54:28
4572,駐龍,150.5,150.5,151.5,148.5,42.23,41.77,68.29,1.24,0.8,0.45,152.31,146.53,140.74,76,39,1.95,60.2,50.84,5.0,3.32,2026-07-14,2026-07-14 07:54:30
4573,高明鐵,387.0,390.0,395.0,365.5,27.52,29.32,31.4,-6.79,-4.76,-2.03,467.49,409.15,350.81,327,228,1.43,164.17,,,,2026-07-14,2026-07-14 07:54:32
4575,銓寶,25.0,24.4,24.4,24.35,31.97,30.82,25.26,-0.62,-0.46,-0.16,27.85,25.95,24.05,5,11,0.45,9.67,23.15,1.3,5.2,2026-07-14,2026-07-14 07:54:34
4576,大銀微系統,209.5,208.5,210.5,190.0,29.41,41.0,43.25,-2.69,-1.82,-0.87,239.24,216.74,194.24,2098,1329,1.58,250.98,104.23,0.8,0.38,2026-07-14,2026-07-14 07:54:35
4577,達航科技,81.8,81.0,81.9,73.9,11.63,11.45,16.14,-6.87,-6.77,-0.11,106.37,90.7,75.03,776,373,2.08,40.19,,,,2026-07-14,2026-07-14 07:54:37
4580,捷流閥業,81.5,81.4,81.6,80.3,34.13,37.89,44.74,-0.07,0.01,-0.08,83.26,81.98,80.7,55,25,2.15,38.14,16.37,5.0,6.13,2026-07-14,2026-07-14 07:54:39
4581,光隆精密-KY,51.0,50.6,50.6,50.1,67.44,66.67,56.0,0.21,0.16,0.05,50.88,50.22,49.56,12,13,0.93,17.29,13.46,3.2,6.27,2026-07-14,2026-07-14 07:54:40
4582,聚恆-創,26.9,26.9,27.15,25.65,45.84,48.61,60.58,-0.12,-0.37,0.25,27.97,26.13,24.28,207,126,1.65,20.3,17.58,0.2,0.74,2026-07-14,2026-07-14 07:54:40
4583,台灣精銳,607.0,615.0,616.0,581.0,44.52,49.69,43.86,-15.29,-18.52,3.23,640.43,609.65,578.87,98,45,2.18,486.64,50.5,10.0,1.65,2026-07-14,2026-07-14 07:54:42
4584,君帆,39.05,39.35,39.7,39.1,8.64,10.24,35.8,-0.53,-0.52,-0.01,40.96,40.11,39.27,14,6,2.06,11.72,11.42,2.2,5.63,2026-07-14,2026-07-14 07:54:44
4585,達明,305.0,300.5,303.5,295.5,23.86,35.13,47.62,-3.16,-2.84,-0.32,336.79,312.05,287.31,351,236,1.48,319.06,213.29,1.0,0.33,2026-07-14,2026-07-14 07:54:45
4587,寶元數控,51.0,49.65,49.8,49.05,9.21,13.63,22.64,-2.61,-1.89,-0.72,63.23,55.31,47.4,18,10,1.78,16.83,,,,2026-07-14,2026-07-14 07:54:47
4588,玖鼎電力,58.7,55.7,55.7,53.7,17.31,22.68,38.37,-0.17,0.06,-0.23,57.92,55.74,53.57,150,84,1.78,25.23,18.46,3.0,5.11,2026-07-14,2026-07-14 07:54:48
4589,碩陽電機,37.3,37.3,37.3,36.25,22.03,37.13,47.1,-0.14,0.09,-0.23,40.91,38.24,35.57,21,24,0.86,9.6,46.05,0.5,1.34,2026-07-14,2026-07-14 07:54:49
4590,富田-創,93.4,92.7,95.0,90.0,74.48,71.57,72.11,5.12,3.89,1.23,98.58,82.42,66.25,590,464,1.27,51.22,34.46,2.3,2.46,2026-07-14,2026-07-14 07:54:50
4609,唐鋒,5.28,5.28,5.28,5.28,85.15,75.11,59.31,-0.02,-0.05,0.03,5.62,5.14,4.66,1,2,0.45,2.53,,,,2026-07-14,2026-07-14 07:54:51
4702,中美實,9.85,9.75,9.75,9.62,51.07,63.22,55.36,0.09,0.09,-0.0,10.01,9.69,9.38,98,104,0.94,7.12,11.19,0.5,5.08,2026-07-14,2026-07-14 07:54:52
4706,大恭,31.9,32.0,32.0,31.9,32.15,30.35,46.15,0.03,0.07,-0.04,32.88,32.08,31.28,10,17,0.59,25.21,91.14,0.7,2.19,2026-07-14,2026-07-14 07:54:53
4707,磐亞,38.4,40.0,40.0,37.5,87.09,87.7,83.04,4.9,4.31,0.59,42.66,29.94,17.21,1642,4102,0.4,155.03,43.15,0.25,0.65,2026-07-14,2026-07-14 07:54:54
4711,永純,16.7,16.7,16.75,16.1,36.08,45.0,49.07,0.06,0.09,-0.04,17.27,16.72,16.16,144,80,1.8,10.2,111.33,0.5,2.99,2026-07-14,2026-07-14 07:54:56
4714,永捷,11.4,11.3,11.6,10.95,10.68,16.1,33.78,-0.46,-0.39,-0.07,13.41,12.33,11.25,1451,1062,1.37,20.86,,0.19,1.67,2026-07-14,2026-07-14 07:54:57
4716,大立,22.5,22.2,22.35,20.4,25.93,33.67,45.3,1.33,1.68,-0.35,26.4,22.01,17.62,2325,1740,1.34,21.25,,0.2,0.89,2026-07-14,2026-07-14 07:54:59
4720,德淵,22.9,23.0,23.0,21.3,17.16,28.5,43.08,-0.37,-0.2,-0.17,25.71,23.77,21.83,1760,945,1.86,26.22,30.95,0.4,1.75,2026-07-14,2026-07-14 07:55:00
4721,美琪瑪,81.0,81.4,82.2,76.1,10.3,15.88,30.74,-2.57,-0.88,-1.69,104.74,91.31,77.88,1117,1012,1.1,60.74,26.91,2.3,2.84,2026-07-14,2026-07-14 07:55:01
4722,國精化,247.0,246.0,270.0,238.0,24.02,20.99,34.29,0.02,4.06,-4.03,306.28,271.51,236.74,2930,1324,2.21,253.78,123.5,1.18,0.48,2026-07-14,2026-07-14 07:55:02
4724,宣捷幹細胞,10.05,9.99,10.05,9.55,54.21,48.35,27.78,-0.34,-0.43,0.09,10.64,10.03,9.41,99,82,1.21,9.65,,,,2026-07-14,2026-07-14 07:55:04
4726,永昕,24.75,24.75,24.8,24.2,24.9,41.69,48.09,-0.34,-0.37,0.02,26.82,25.27,23.72,186,121,1.53,51.24,,,,2026-07-14,2026-07-14 07:55:05
4728,雙美,381.0,389.0,389.0,381.0,46.17,54.16,56.0,0.24,0.08,0.17,387.42,379.25,371.08,2,0,3.31,207.5,28.65,12.1,3.18,2026-07-13,2026-07-14 07:55:06
4729,熒茂,20.3,20.4,20.45,19.3,13.18,18.62,30.43,-0.54,-0.28,-0.26,24.1,22.12,20.15,558,325,1.72,16.08,126.88,0.5,2.46,2026-07-14,2026-07-14 07:55:07
4732,彥臣,17.0,17.3,17.3,17.3,67.0,54.73,42.59,-0.37,-0.38,0.01,18.83,17.57,16.3,0,2,0.01,8.21,,,,2026-07-14,2026-07-14 07:55:08
4735,豪展,30.85,30.65,31.0,30.5,37.28,50.38,55.0,0.07,0.12,-0.06,31.38,30.82,30.26,30,15,1.99,11.88,12.54,2.6,8.43,2026-07-14,2026-07-14 07:55:09
4736,泰博,126.5,126.5,127.0,125.0,77.79,71.97,68.18,0.58,0.34,0.25,127.75,125.0,122.25,163,89,1.82,118.96,8.42,10.0,7.91,2026-07-14,2026-07-14 07:55:10
4737,華廣,63.6,69.8,69.9,62.2,70.28,66.93,69.17,0.85,0.12,0.73,61.42,57.51,53.6,1631,402,4.05,49.15,20.38,,,2026-07-14,2026-07-14 07:55:13
4738,大同精化,6.93,6.93,6.93,6.6,49.66,42.89,37.76,-0.28,-0.3,0.03,7.83,7.15,6.47,181,108,1.67,5.38,36.47,,,2026-07-14,2026-07-14 07:55:14
4739,康普,94.9,93.5,95.3,88.0,12.33,19.74,25.93,-3.55,-0.5,-3.05,130.81,111.16,91.51,3711,3486,1.06,118.29,67.3,1.0,1.05,2026-07-14,2026-07-14 07:55:15
4741,泓瀚,52.0,50.4,50.9,48.55,14.04,16.49,25.75,-3.36,-2.35,-1.0,70.8,58.36,45.92,555,275,2.02,18.1,179.31,0.3,0.58,2026-07-14,2026-07-14 07:55:16
4743,合一,51.0,51.0,51.5,48.65,21.6,39.74,49.23,0.7,0.93,-0.23,58.83,51.61,44.38,4263,3322,1.28,244.48,,,,2026-07-14,2026-07-14 07:55:17
4744,皇將,27.7,27.15,29.05,26.95,78.3,74.57,64.38,-0.83,-1.34,0.52,29.94,26.79,23.65,131,62,2.11,15.37,11.35,0.4,1.44,2026-07-14,2026-07-14 07:55:18
4745,合富-KY,13.8,14.0,14.0,13.7,18.64,28.65,39.22,-0.56,-0.63,0.07,14.81,14.2,13.59,57,52,1.09,9.14,,,,2026-07-14,2026-07-14 07:55:19
4746,台耀,53.8,53.8,53.8,51.8,40.53,58.68,48.72,0.46,0.5,-0.04,56.35,53.33,50.32,671,503,1.33,64.7,14.78,3.0,5.58,2026-07-14,2026-07-14 07:55:21
4747,強生,49.95,49.95,49.95,49.95,63.24,56.76,48.65,-0.86,-1.17,0.31,52.67,49.63,46.59,2,5,0.36,45.42,41.97,1.05,2.1,2026-07-14,2026-07-14 07:55:22
4749,新應材,851.0,837.0,850.0,793.0,15.43,21.19,27.23,-33.57,-29.38,-4.2,985.35,903.9,822.45,1774,724,2.45,789.16,75.18,8.0,0.94,2026-07-14,2026-07-14 07:55:24
4754,國碳科,36.75,36.85,37.2,36.55,19.55,32.25,39.29,0.11,0.2,-0.09,37.31,36.9,36.49,60,25,2.34,11.13,12.94,2.3,6.26,2026-07-14,2026-07-14 07:55:25
4755,三福化,137.5,134.5,135.0,125.0,36.07,37.16,44.59,-1.67,-1.68,0.02,145.54,135.72,125.91,921,501,1.84,138.47,37.16,3.7,2.69,2026-07-14,2026-07-14 07:55:26
4760,勤凱,300.5,300.5,303.0,270.5,19.39,23.03,34.53,-13.84,-7.93,-5.91,390.64,337.18,283.71,1314,745,1.76,96.82,43.11,4.5,1.5,2026-07-14,2026-07-14 07:55:27
4763,材料*-KY,47.25,47.65,47.65,45.15,28.94,46.02,52.38,0.96,1.26,-0.3,51.28,46.96,42.63,7673,5748,1.33,467.37,7.76,5.41,11.45,2026-07-14,2026-07-14 07:55:29
4764,雙鍵,302.5,298.5,332.5,288.5,68.43,62.59,52.66,7.52,5.82,1.7,351.16,312.65,274.14,5595,3683,1.52,258.76,250.0,1.0,0.33,2026-07-14,2026-07-14 07:55:31
4765,磐采,15.85,15.85,15.9,15.5,15.14,15.25,35.38,-0.68,-0.76,0.08,17.31,16.39,15.47,10,2,4.93,5.09,,,,2026-07-14,2026-07-14 07:55:33
4766,南寶,339.0,342.0,342.0,327.5,20.1,30.67,43.15,-1.82,0.32,-2.14,369.08,349.3,329.52,440,376,1.17,408.73,16.78,18.0,5.31,2026-07-14,2026-07-14 07:55:34
4767,誠泰科技,27.6,27.4,27.4,27.4,77.72,80.55,55.0,0.11,0.1,0.01,27.63,27.26,26.89,1,5,0.21,8.67,22.26,1.1,3.99,2026-07-14,2026-07-14 07:55:35
4768,晶呈科技,349.0,342.5,348.0,316.0,35.49,36.51,33.54,-20.65,-21.65,1.0,397.58,363.75,329.92,582,467,1.25,165.73,918.42,4.0,1.15,2026-07-14,2026-07-14 07:55:36
4770,上品,216.5,216.5,217.5,207.0,39.72,47.5,50.0,-2.75,-3.48,0.73,220.17,214.9,209.63,272,162,1.67,173.15,21.33,6.0,2.77,2026-07-14,2026-07-14 07:55:36
4771,望隼,209.5,209.0,209.0,197.5,58.0,67.92,66.67,4.99,4.11,0.87,221.43,199.78,178.12,361,241,1.5,123.0,16.67,6.97,3.33,2026-07-14,2026-07-14 07:55:37
4772,台特化,270.5,269.0,272.5,252.5,31.62,39.33,45.63,-4.04,-4.49,0.44,283.02,271.51,260.0,969,498,1.94,399.48,56.47,3.0,1.11,2026-07-14,2026-07-14 07:55:39
4804,大略-KY,3.27,3.27,3.27,3.27,0.0,0.0,,-0.01,-0.02,0.01,3.27,3.27,3.27,0,0,,2.35,,,,2026-07-13,2026-07-14 07:55:48
4806,桂田文創,10.05,9.82,9.99,9.71,51.48,55.66,45.12,-0.02,-0.01,-0.01,10.5,10.17,9.84,11,4,2.33,10.04,,,,2026-07-14,2026-07-14 07:55:49
4807,日成-KY,41.4,44.65,44.65,39.2,61.65,51.21,45.96,1.7,2.07,-0.37,45.05,39.83,34.6,721,366,1.97,20.28,9.7,,,2026-07-14,2026-07-14 07:55:50
4903,聯光通,39.0,39.3,39.85,36.9,17.82,20.74,40.0,-0.91,-0.91,0.01,42.03,39.9,37.76,1185,1084,1.09,41.08,38.24,0.3,0.77,2026-07-14,2026-07-14 07:55:51
4904,遠傳,96.1,96.5,96.9,95.0,31.22,25.72,30.61,-0.96,0.09,-1.05,108.81,100.59,92.38,15078,16323,0.92,3467.0,25.29,3.81,3.96,2026-07-14,2026-07-14 07:55:52
4905,台聯電,67.7,66.0,66.3,66.0,42.72,41.65,19.64,-2.41,-2.63,0.22,72.09,68.7,65.31,14,8,1.8,19.81,24.62,1.5,2.22,2026-07-14,2026-07-14 07:55:53
4906,正文,38.75,38.8,39.2,36.15,16.76,19.56,26.84,-1.12,-0.54,-0.58,46.71,42.04,37.37,8481,5028,1.69,165.69,21.53,0.47,1.21,2026-07-14,2026-07-14 07:55:54
4907,富宇,40.85,40.8,40.8,39.7,44.86,55.78,48.39,0.52,0.68,-0.16,42.5,41.26,40.01,109,66,1.64,48.26,33.48,1.8,4.41,2026-07-14,2026-07-14 07:55:55
4908,前鼎,159.0,159.0,164.0,143.5,16.92,16.26,24.06,-14.24,-12.32,-1.92,217.51,182.3,147.09,1722,1129,1.52,124.37,80.71,1.75,1.1,2026-07-14,2026-07-14 07:55:56
4909,新復興,42.4,42.4,42.45,39.6,11.98,11.34,25.0,-2.34,-2.18,-0.17,51.22,45.43,39.65,789,435,1.81,39.58,,6.0,14.15,2026-07-14,2026-07-14 07:55:57
4911,德英,32.5,32.4,32.4,31.2,45.13,54.93,56.29,0.15,0.05,0.1,33.98,31.99,30.0,46,35,1.32,20.71,14.91,1.17,3.6,2026-07-14,2026-07-14 07:55:58
4912,聯德控股-KY,87.2,87.3,87.5,82.0,38.49,42.73,42.91,-1.96,-2.17,0.21,90.76,87.24,83.71,468,287,1.63,58.42,44.26,4.0,4.59,2026-07-14,2026-07-14 07:55:59
4915,致伸,67.9,68.4,68.5,66.5,47.01,51.08,40.71,-0.5,-0.5,0.0,72.35,68.53,64.72,2484,2254,1.1,320.41,12.06,4.57,6.73,2026-07-14,2026-07-14 07:56:00
4916,事欣科,118.0,115.0,117.0,106.5,56.88,59.77,57.44,3.36,3.41,-0.06,119.44,105.95,92.47,16063,9712,1.65,145.98,75.16,0.38,0.32,2026-07-14,2026-07-14 07:56:02
4919,新唐,163.5,163.5,167.5,148.0,22.85,21.35,33.33,-4.81,-2.46,-2.34,205.85,176.4,146.95,10229,7103,1.44,686.32,65.27,0.4,0.24,2026-07-14,2026-07-14 07:56:04
4923,力士,60.8,59.2,60.8,54.8,39.26,53.62,46.32,3.7,4.41,-0.71,68.74,59.63,50.53,1331,2144,0.62,19.91,,,,2026-07-14,2026-07-14 07:56:05
4924,欣厚-KY,11.4,11.4,11.4,10.4,9.16,21.06,26.54,-0.06,0.3,-0.36,15.13,12.94,10.75,164,266,0.62,4.24,30.0,,,2026-07-14,2026-07-14 07:56:07
4925,智微,133.0,136.5,138.5,122.0,32.04,36.77,36.21,-4.18,-3.34,-0.84,156.19,144.1,132.01,300,116,2.56,93.85,,,,2026-07-14,2026-07-14 07:56:08
4927,泰鼎-KY,40.65,40.85,40.85,36.95,15.29,13.97,24.78,-2.85,-2.28,-0.57,53.57,45.95,38.34,6387,3464,1.84,107.7,5.07,,,2026-07-14,2026-07-14 07:56:08
4930,燦星網,16.85,16.85,16.9,16.6,17.05,20.47,38.24,-0.17,-0.17,-0.0,17.63,17.11,16.59,41,29,1.39,13.48,28.08,0.6,3.56,2026-07-14,2026-07-14 07:56:09
4931,新盛力,237.0,233.5,235.5,213.5,33.29,43.52,39.06,3.75,7.29,-3.54,274.2,247.0,219.79,5965,10014,0.6,155.39,75.72,2.5,1.05,2026-07-14,2026-07-14 07:56:12
4933,友輝,61.6,61.4,61.4,58.4,16.06,24.29,23.57,-1.99,-1.36,-0.63,70.86,65.98,61.11,452,254,1.78,50.7,10.71,2.89,4.69,2026-07-14,2026-07-14 07:56:14
4934,太極,17.0,17.2,17.25,16.05,26.71,32.95,43.88,-0.02,0.08,-0.1,18.46,17.38,16.3,1222,642,1.9,38.25,,,,2026-07-14,2026-07-14 07:56:14
4935,茂林-KY,36.3,36.4,36.4,35.05,23.45,23.39,33.83,-0.45,-0.29,-0.16,39.9,37.2,34.51,168,91,1.84,46.78,27.29,1.0,2.75,2026-07-14,2026-07-14 07:56:16
4938,和碩,82.6,83.7,83.7,80.6,26.97,29.63,44.81,-0.28,-0.05,-0.23,85.35,82.92,80.49,8905,6165,1.44,2215.37,15.47,4.01,4.85,2026-07-14,2026-07-14 07:56:17
4939,亞電,57.2,57.0,59.2,53.2,13.31,18.26,35.46,0.49,1.91,-1.42,66.95,60.85,54.76,4975,2518,1.98,56.17,,0.25,0.44,2026-07-14,2026-07-14 07:56:20
4942,嘉彰,37.0,37.35,37.7,36.8,22.51,25.8,41.07,-0.13,-0.08,-0.05,38.08,37.56,37.04,205,84,2.44,52.68,12.17,2.0,5.41,2026-07-14,2026-07-14 07:56:21
4943,康控-KY,8.6,8.6,8.6,8.5,8.26,17.98,42.02,-0.15,-0.1,-0.05,9.52,8.9,8.29,64,30,2.14,10.9,0.71,,,2026-07-14,2026-07-14 07:56:22
4946,辣椒,99.2,99.2,99.2,96.5,4.47,5.91,20.83,-1.95,-1.21,-0.74,111.77,104.31,96.86,45,25,1.79,8.78,32.0,,,2026-07-14,2026-07-14 07:56:23
4949,有成精密,80.7,82.0,84.3,76.0,52.32,41.53,33.97,-3.51,-3.79,0.28,92.46,81.34,70.23,2255,1370,1.65,54.64,42.7,1.4,1.73,2026-07-14,2026-07-14 07:56:24
4950,金耘國際,16.45,16.45,16.5,15.8,60.32,55.95,66.67,0.02,-0.03,0.05,16.57,16.18,15.79,72,29,2.45,9.5,,,,2026-07-14,2026-07-14 07:56:25
4951,精拓科,85.9,86.0,86.9,81.0,14.25,14.21,20.8,-5.02,-4.19,-0.83,104.61,94.89,85.16,451,384,1.18,29.33,14.66,4.5,5.24,2026-07-14,2026-07-14 07:56:27
4952,凌通,55.5,55.2,57.1,51.2,33.57,41.62,41.95,1.08,1.66,-0.58,60.53,57.05,53.57,969,1070,0.91,60.39,53.88,1.0,1.8,2026-07-14,2026-07-14 07:56:28
4953,緯軟,124.5,124.0,124.5,119.5,43.89,56.34,49.49,0.22,0.6,-0.38,131.54,124.74,117.93,411,254,1.62,88.8,14.91,5.14,4.13,2026-07-14,2026-07-14 07:56:29
4956,光鋐,34.95,34.6,34.95,31.75,13.19,17.82,25.79,-1.68,-1.41,-0.27,42.17,38.05,33.93,1594,1242,1.28,35.09,20.44,,,2026-07-14,2026-07-14 07:56:30
4958,臻鼎-KY,646.0,643.0,644.0,591.0,61.57,45.86,56.4,23.06,25.34,-2.27,657.25,602.15,547.05,57471,37850,1.52,6973.06,95.28,3.42,0.53,2026-07-14,2026-07-14 07:56:32
4960,誠美材,23.35,22.95,23.6,21.75,13.52,12.46,26.22,-2.07,-1.96,-0.11,30.77,26.19,21.6,4728,2633,1.8,132.1,,,,2026-07-14,2026-07-14 07:56:33
4961,天鈺,171.0,171.0,171.0,159.0,55.23,59.47,48.57,3.1,2.85,0.24,180.64,167.54,154.45,1055,766,1.38,204.78,17.83,7.72,4.51,2026-07-14,2026-07-14 07:56:35
4966,譜瑞-KY,647.0,648.0,649.0,611.0,55.14,58.68,40.72,-14.91,-16.23,1.32,695.78,652.15,608.52,1784,1158,1.54,494.08,19.76,17.66,2.73,2026-07-14,2026-07-14 07:56:36
4967,十銓,229.5,230.0,231.0,215.5,13.13,15.8,14.09,-11.89,-7.81,-4.08,295.61,258.07,220.54,2649,2810,0.94,194.99,17.74,3.0,1.31,2026-07-14,2026-07-14 07:56:37
4968,立積,108.5,110.0,110.0,103.0,19.62,27.41,33.07,-0.49,-0.01,-0.48,117.97,110.6,103.23,931,512,1.82,100.05,40.94,1.6,1.47,2026-07-14,2026-07-14 07:56:38
4971,IET-KY,428.0,428.0,439.0,385.5,9.24,10.04,21.81,-55.36,-53.62,-1.75,589.68,486.0,382.32,1327,807,1.65,171.14,256.29,0.85,0.2,2026-07-14,2026-07-14 07:56:40
4972,湯石照明,16.9,16.9,16.9,16.8,10.29,19.44,48.39,0.06,0.09,-0.03,17.26,16.94,16.62,36,18,1.94,9.45,,0.8,4.73,2026-07-14,2026-07-14 07:56:42
4973,廣穎,163.0,158.0,160.0,147.0,34.3,32.53,31.06,0.29,4.15,-3.86,198.38,173.6,148.82,2702,1737,1.56,106.43,77.99,1.0,0.61,2026-07-14,2026-07-14 07:56:43
4974,亞泰,70.8,69.6,69.7,68.0,30.54,34.11,46.73,-0.32,-0.26,-0.05,73.15,70.67,68.2,187,93,2.01,51.33,13.88,3.9,5.51,2026-07-14,2026-07-14 07:56:44
4976,佳凌,37.0,36.7,37.5,34.65,29.84,33.74,43.47,0.65,1.16,-0.51,42.99,38.76,34.54,1525,1496,1.02,51.91,24.5,,,2026-07-14,2026-07-14 07:56:45
4977,眾達-KY,151.5,150.0,155.0,138.0,21.25,18.16,21.6,-12.44,-12.07,-0.37,194.07,166.32,138.58,2162,1236,1.75,125.28,34.28,2.18,1.44,2026-07-14,2026-07-14 07:56:47
4979,華星光,419.0,420.0,442.0,382.5,14.35,14.13,25.01,-36.79,-33.92,-2.87,573.55,472.34,371.13,6617,4188,1.58,591.02,78.76,2.15,0.51,2026-07-14,2026-07-14 07:56:50
4980,佐臻,47.1,45.9,46.5,43.0,41.47,37.32,56.41,-0.04,-0.13,0.09,48.61,44.13,39.64,152,114,1.34,21.23,362.31,,,2026-07-14,2026-07-14 07:56:52
4989,榮科,82.7,83.0,83.5,74.8,24.6,40.69,43.66,-0.29,0.82,-1.11,109.67,90.22,70.78,10713,10674,1.0,119.42,,,,2026-07-14,2026-07-14 07:56:54
4991,環宇-KY,450.5,440.0,458.0,405.5,10.37,19.08,31.61,-46.17,-40.06,-6.11,616.64,518.35,420.06,4604,4128,1.12,544.85,3217.86,,,2026-07-14,2026-07-14 07:56:55
4994,傳奇,89.8,89.7,90.9,88.3,33.24,35.17,40.5,0.18,0.32,-0.14,93.26,91.04,88.82,15,10,1.45,59.61,46.05,3.0,3.34,2026-07-14,2026-07-14 07:56:56
4995,晶達,46.7,46.7,46.7,45.25,52.88,55.45,50.54,0.34,0.29,0.06,46.44,45.35,44.27,54,69,0.79,19.81,21.04,1.99,4.26,2026-07-14,2026-07-14 07:56:57
4999,鑫禾,19.85,20.0,20.0,19.35,20.31,22.86,33.3,-0.17,-0.14,-0.03,20.62,20.03,19.45,130,51,2.55,14.61,14.81,0.25,1.26,2026-07-14,2026-07-14 07:56:58
5007,三星,55.8,55.9,56.6,55.5,31.47,27.83,44.44,-0.25,-0.28,0.03,56.55,55.97,55.39,186,47,3.93,164.58,18.48,3.0,5.38,2026-07-14,2026-07-14 07:57:00
5009,榮剛,34.4,34.3,35.9,33.7,55.52,49.02,50.18,-0.02,-0.19,0.16,35.83,33.51,31.18,5970,3324,1.8,188.5,16.86,1.2,3.49,2026-07-14,2026-07-14 07:57:01
5011,久陽,21.85,22.9,22.9,20.9,16.32,20.69,29.7,0.95,1.48,-0.53,27.06,23.54,20.03,1083,706,1.53,22.0,,0.2,0.92,2026-07-14,2026-07-14 07:57:02
5013,強新,26.0,26.0,26.0,25.35,21.99,27.11,28.75,-0.34,-0.26,-0.08,28.13,27.14,26.15,53,12,4.14,34.69,17.93,0.8,3.08,2026-07-14,2026-07-14 07:57:03
5014,建錩,11.2,11.3,11.3,11.0,62.47,52.83,64.0,0.06,0.05,0.01,11.25,10.98,10.71,770,334,2.3,20.53,,0.3,2.68,2026-07-14,2026-07-14 07:57:04
5015,華祺,21.45,21.45,21.45,21.0,4.83,7.63,19.92,-0.46,-0.34,-0.12,23.84,22.4,20.96,18,14,1.33,13.01,357.5,0.5,2.33,2026-07-14,2026-07-14 07:57:05
5016,松和,24.6,24.0,24.75,23.95,21.85,29.97,45.0,-0.13,-0.13,0.01,24.56,24.2,23.85,20,14,1.35,12.21,16.4,1.0,4.07,2026-07-14,2026-07-14 07:57:07
5201,凱衛,26.25,26.55,27.35,25.95,63.42,55.67,50.0,-0.42,-0.53,0.11,27.87,27.12,26.37,50,38,1.3,10.15,,0.5,1.9,2026-07-14,2026-07-14 07:57:08
5202,力新,14.15,14.15,14.2,13.5,9.82,17.43,33.67,-0.02,0.19,-0.21,16.07,14.83,13.59,476,274,1.74,12.61,,0.5,3.53,2026-07-14,2026-07-14 07:57:09
5203,訊連,66.5,68.1,68.1,65.4,30.52,39.21,46.67,0.09,0.34,-0.25,70.49,68.38,66.28,202,116,1.74,51.43,18.73,3.9,5.86,2026-07-14,2026-07-14 07:57:10
5205,中茂,23.1,23.1,23.1,23.1,37.85,43.14,48.48,-0.18,-0.03,-0.14,25.8,23.94,22.07,1,2,0.42,3.12,,,,2026-07-13,2026-07-14 07:57:12
5206,坤悅,22.55,22.75,22.75,22.05,22.92,32.49,28.26,-0.13,-0.08,-0.05,23.79,23.05,22.3,338,133,2.53,38.68,6.56,1.0,4.43,2026-07-14,2026-07-14 07:57:13
5209,新鼎,157.0,158.0,158.0,155.0,26.59,33.51,36.34,-0.16,0.29,-0.45,162.33,159.07,155.8,75,29,2.52,44.66,10.27,12.95,8.25,2026-07-14,2026-07-14 07:57:15
5210,寶碩,30.1,29.2,30.5,29.2,59.72,58.47,48.28,0.4,0.53,-0.12,31.95,30.16,28.37,666,411,1.62,24.74,41.23,,,2026-07-14,2026-07-14 07:57:16
5211,蒙恬,20.4,20.7,20.7,20.2,22.27,39.93,54.14,0.52,0.66,-0.14,24.31,20.94,17.58,74,74,1.0,6.53,,,,2026-07-14,2026-07-14 07:57:17
5212,凌網,48.4,48.4,48.4,47.0,26.71,46.25,59.41,0.15,0.13,0.01,48.68,47.11,45.54,13,6,2.04,16.76,10.23,4.2,8.68,2026-07-14,2026-07-14 07:57:19
5213,亞昕,21.85,22.1,22.1,21.75,22.3,27.04,37.14,-0.31,-0.29,-0.01,23.11,22.44,21.76,543,327,1.66,157.3,7.14,2.8,12.81,2026-07-14,2026-07-14 07:57:20
5215,科嘉-KY,40.5,40.55,41.25,39.6,28.2,38.43,41.68,-0.16,0.02,-0.18,44.27,42.33,40.38,186,120,1.55,26.06,20.05,2.0,4.94,2026-07-14,2026-07-14 07:57:21
5220,萬達光電,20.7,21.05,21.1,20.35,37.78,38.61,46.53,-0.18,-0.2,0.02,21.28,20.8,20.32,77,53,1.44,8.15,,0.3,1.45,2026-07-14,2026-07-14 07:57:23
5222,全訊,124.0,126.5,129.0,121.5,38.88,44.93,61.29,1.13,0.58,0.55,131.48,121.8,112.12,934,431,2.17,112.96,49.8,2.5,2.02,2026-07-14,2026-07-14 07:57:24
5223,安力-KY,23.8,24.3,24.3,23.2,17.94,24.14,32.22,-0.25,-0.1,-0.15,26.22,25.15,24.09,75,45,1.67,10.6,,,,2026-07-14,2026-07-14 07:57:25
5225,東科-KY,71.8,73.2,73.2,70.3,29.81,42.52,44.54,0.03,0.21,-0.18,76.43,73.58,70.72,344,170,2.02,56.5,7.06,7.21,10.04,2026-07-14,2026-07-14 07:57:26
5227,立凱-KY,30.9,30.95,31.75,30.25,17.93,15.63,33.55,0.62,1.57,-0.95,39.96,34.63,29.29,1062,809,1.31,22.85,193.12,,,2026-07-14,2026-07-14 07:57:28
5228,鈺鎧,49.35,50.8,52.3,47.25,8.99,12.21,26.49,-2.29,0.1,-2.39,78.27,63.65,49.03,848,623,1.36,18.78,,,,2026-07-14,2026-07-14 07:57:29
5230,雷笛克光學,19.4,20.1,20.15,19.05,28.09,29.85,49.42,0.52,0.8,-0.28,22.95,20.81,18.67,556,675,0.82,10.62,13.29,0.5,2.58,2026-07-14,2026-07-14 07:57:30
5234,達興材料,353.5,372.5,372.5,347.5,16.64,23.59,36.98,-6.74,-4.67,-2.07,410.05,387.38,364.7,610,361,1.69,363.1,48.1,6.5,1.84,2026-07-14,2026-07-14 07:57:32
5236,凌陽創新,152.5,156.5,157.0,149.5,20.65,23.24,12.31,-1.46,0.33,-1.79,179.83,166.45,153.07,309,225,1.37,91.51,17.79,9.0,5.9,2026-07-14,2026-07-14 07:57:34
5240,建騰,18.9,18.2,18.2,17.1,19.58,19.64,28.39,-1.52,-1.37,-0.15,24.23,20.69,17.15,22,11,1.87,5.02,37.8,0.5,2.65,2026-07-14,2026-07-14 07:57:35
5243,乙盛-KY,91.7,94.2,96.0,88.5,17.2,18.79,30.93,-4.15,-3.59,-0.56,110.81,101.72,92.63,2487,1412,1.76,154.54,20.94,1.5,1.64,2026-07-14,2026-07-14 07:57:37
5244,弘凱,32.6,33.85,33.9,31.8,26.67,29.57,14.06,-1.16,-0.94,-0.22,38.7,35.79,32.88,400,236,1.7,22.25,65.2,0.4,1.23,2026-07-14,2026-07-14 07:57:37
5245,智晶,25.3,25.7,25.7,25.0,13.04,17.38,20.0,-0.24,-0.02,-0.22,28.05,26.54,25.03,46,31,1.48,10.95,,,,2026-07-14,2026-07-14 07:57:39
5246,勵威,106.5,117.0,128.5,97.7,15.63,12.47,10.5,-16.47,-12.18,-4.29,211.3,159.53,107.75,1386,617,2.25,47.3,,,,2026-07-14,2026-07-14 07:57:41
5248,景傳,32.7,33.55,35.8,31.15,44.52,41.65,56.17,-0.72,-1.9,1.18,40.51,32.49,24.48,805,1186,0.68,8.01,,1.1,3.36,2026-07-14,2026-07-14 07:57:42
5251,天鉞電,28.3,28.95,29.0,27.4,10.52,12.66,22.37,-0.22,0.21,-0.43,33.61,30.82,28.04,201,114,1.76,9.55,943.33,,,2026-07-14,2026-07-14 07:57:48
5254,欣訊科技,39.0,39.0,40.25,39.0,17.54,30.9,33.94,-1.06,-0.76,-0.3,44.73,41.66,38.6,12,13,0.93,8.82,16.6,2.0,5.13,2026-07-14,2026-07-14 07:57:49
5258,虹堡,51.8,54.6,54.6,51.1,75.32,75.15,58.7,0.56,0.09,0.47,54.45,50.68,46.91,812,533,1.52,56.76,12.33,2.52,4.86,2026-07-14,2026-07-14 07:57:50
5262,立達,45.1,45.0,45.2,43.35,46.44,49.82,55.33,-0.82,-1.13,0.31,46.27,44.36,42.46,101,69,1.46,23.77,33.41,0.7,1.55,2026-07-14,2026-07-14 07:57:51
5263,智崴,99.1,101.0,101.0,98.0,46.06,50.4,45.1,-0.48,-0.73,0.25,103.24,100.29,97.34,241,168,1.43,70.26,26.36,0.94,0.95,2026-07-14,2026-07-14 07:57:52
5267,龍翩,50.9,58.0,60.9,49.6,42.21,26.28,55.54,-1.17,-2.27,1.1,58.36,49.91,41.47,261,155,1.68,12.74,50.9,3.01,5.91,2026-07-14,2026-07-14 07:57:53
5269,祥碩,1470.0,1490.0,1525.0,1445.0,52.77,55.81,62.5,23.32,20.37,2.95,1564.89,1468.25,1371.61,1127,694,1.62,1090.1,20.32,45.38,3.09,2026-07-14,2026-07-14 07:57:55
5271,紘通,13.35,13.5,13.55,12.25,15.16,14.65,8.08,-1.08,-1.03,-0.05,17.86,15.25,12.65,860,420,2.05,8.47,445.0,,,2026-07-14,2026-07-14 07:57:56
5272,笙科,19.8,20.4,20.4,19.55,10.94,14.74,24.76,-0.47,-0.4,-0.07,22.36,21.05,19.73,258,134,1.92,10.94,,,,2026-07-14,2026-07-14 07:57:57
5274,信驊,12730.0,13485.0,13485.0,12200.0,18.04,22.53,28.11,-623.7,-345.76,-277.94,17977.81,15215.21,12452.61,485,279,1.74,5293.51,134.51,72.73,0.57,2026-07-14,2026-07-14 07:57:58
5276,達輝-KY,19.0,18.55,19.3,18.55,64.41,72.5,59.04,0.15,0.11,0.04,20.02,18.93,17.84,12,8,1.5,7.5,16.81,0.8,4.21,2026-07-14,2026-07-14 07:57:59
5278,尚凡*,23.75,24.4,24.4,23.45,23.38,33.45,50.0,0.2,0.32,-0.11,25.1,24.36,23.62,226,111,2.04,69.64,22.62,0.72,3.03,2026-07-14,2026-07-14 07:58:00
5283,禾聯碩,52.9,53.8,53.8,52.7,27.18,29.24,27.66,-0.01,0.12,-0.13,57.24,53.94,50.64,102,54,1.89,46.34,9.46,0.7,1.32,2026-07-14,2026-07-14 07:58:01
5284,jpp-KY,296.0,310.0,313.0,286.5,10.65,12.48,26.78,-16.48,-9.75,-6.72,412.66,359.72,306.78,915,493,1.85,156.56,24.54,5.0,1.69,2026-07-14,2026-07-14 07:58:03
5285,界霖,88.4,96.0,96.0,86.9,25.56,33.94,31.44,2.54,4.27,-1.73,108.79,97.48,86.16,3144,2061,1.53,90.2,57.78,1.5,1.7,2026-07-14,2026-07-14 07:58:05
5287,數字,149.0,149.5,149.5,148.5,34.85,49.39,51.85,0.28,0.24,0.04,153.0,149.45,145.9,31,20,1.53,89.86,10.78,10.25,6.88,2026-07-14,2026-07-14 07:58:06
5288,豐祥-KY,180.5,180.0,184.5,177.5,52.32,60.27,51.43,3.89,4.62,-0.73,193.24,184.03,174.81,368,146,2.51,125.81,14.86,8.51,4.71,2026-07-14,2026-07-14 07:58:07
5289,宜鼎,1425.0,1520.0,1535.0,1370.0,19.49,21.5,25.69,-66.2,-37.28,-28.93,2008.7,1682.0,1355.3,3584,2210,1.62,1372.81,66.25,9.38,0.66,2026-07-14,2026-07-14 07:58:08
5291,邑昇,52.8,54.0,54.4,50.9,25.76,31.21,36.29,-3.01,-2.8,-0.21,66.13,58.94,51.76,450,242,1.86,21.19,170.32,,,2026-07-14,2026-07-14 07:58:10
5292,華懋,171.0,183.5,183.5,167.5,27.45,42.2,33.67,-2.86,-1.01,-1.85,209.35,193.99,178.62,338,359,0.94,79.21,19.04,5.5,3.22,2026-07-14,2026-07-14 07:58:11
5297,廣化,68.4,73.0,73.0,66.6,11.43,15.33,12.92,-7.85,-6.91,-0.94,117.21,87.41,57.61,775,450,1.72,25.75,166.83,0.3,0.44,2026-07-14,2026-07-14 07:58:14
5299,杰力,105.0,110.5,111.0,101.0,18.27,31.03,36.75,1.84,4.32,-2.49,137.22,118.45,99.68,1022,733,1.4,52.42,21.46,3.66,3.55,2026-07-14,2026-07-14 07:58:16
5301,寶得利,6.15,6.29,6.3,6.02,70.2,47.92,35.64,-0.22,-0.26,0.04,7.06,6.43,5.79,15,9,1.63,4.05,,,,2026-07-14,2026-07-14 07:58:17
5302,太欣,12.6,12.95,12.95,11.85,25.55,36.46,38.04,0.42,0.58,-0.16,14.91,13.19,11.47,1847,1465,1.26,20.15,,,,2026-07-14,2026-07-14 07:58:18
5306,桂盟,88.1,88.8,89.4,87.6,79.47,66.72,72.9,1.03,0.78,0.26,88.61,86.01,83.41,270,141,1.91,111.01,12.04,3.81,4.32,2026-07-14,2026-07-14 07:58:18
5309,系統電,59.3,61.2,61.7,56.3,17.64,22.92,32.22,-1.71,-1.18,-0.54,70.84,64.87,58.9,5564,4470,1.24,135.55,228.08,0.5,0.84,2026-07-14,2026-07-14 07:58:19
5310,天剛,24.1,24.1,24.95,24.1,45.13,47.62,62.75,0.04,0.0,0.04,25.67,24.18,22.7,4,11,0.36,6.98,46.35,,,2026-07-14,2026-07-14 07:58:21
5312,寶島科,88.2,87.9,89.9,87.9,28.5,34.98,42.5,-0.17,-0.08,-0.09,91.38,89.38,87.39,69,35,1.96,52.97,13.78,6.5,7.37,2026-07-14,2026-07-14 07:58:23
5314,世紀*,66.0,65.0,68.5,64.1,36.17,47.11,62.43,1.11,0.54,0.57,72.72,63.26,53.8,11646,7004,1.66,191.07,11.89,0.27,0.41,2026-07-14,2026-07-14 07:58:24
5315,光聯,19.55,20.05,20.05,19.3,12.68,11.74,17.42,-0.24,-0.05,-0.19,22.27,21.07,19.87,1123,569,1.97,20.79,10.34,1.6,8.18,2026-07-14,2026-07-14 07:58:26
5321,美而快,55.4,57.9,59.9,54.0,45.39,46.11,54.22,4.63,5.32,-0.7,73.8,55.58,37.35,959,327,2.93,29.46,,,,2026-07-14,2026-07-14 07:58:27
5324,士開,12.0,12.05,12.05,11.95,40.02,46.39,44.44,0.03,0.07,-0.03,12.29,12.13,11.96,84,236,0.36,27.17,,,,2026-07-14,2026-07-14 07:58:28
5328,華容,63.7,65.2,67.4,60.5,23.0,39.92,55.49,6.67,8.63,-1.96,87.02,66.96,46.9,23660,18839,1.26,110.02,163.33,0.6,0.94,2026-07-14,2026-07-14 07:58:29
5340,建榮,76.0,80.5,81.1,73.8,11.52,12.4,22.92,-4.43,-3.59,-0.84,100.88,88.94,76.99,1627,824,1.97,148.12,63.87,0.6,0.79,2026-07-14,2026-07-14 07:58:31
5344,立衛,15.7,15.9,15.9,15.45,34.56,44.32,39.2,0.04,0.08,-0.03,17.41,16.13,14.86,57,83,0.69,12.47,,,,2026-07-14,2026-07-14 07:58:32
5345,馥鴻,20.0,21.55,21.55,19.65,7.99,11.45,17.41,-1.08,0.05,-1.13,34.57,27.85,21.14,84,46,1.82,7.56,,,,2026-07-14,2026-07-14 07:58:34
5347,世界,171.5,178.5,182.0,163.5,22.42,23.69,39.5,2.0,5.39,-3.38,214.97,185.47,155.98,21019,18974,1.11,3221.35,40.74,4.47,2.61,2026-07-14,2026-07-14 07:58:36
5348,正能量智能,16.9,17.2,17.2,16.35,66.29,51.55,53.61,0.2,0.14,0.06,18.17,16.62,15.07,5,27,0.19,2.5,,,,2026-07-14,2026-07-14 07:58:37
5351,鈺創,95.8,102.0,103.5,90.0,74.51,68.81,53.32,2.73,1.99,0.75,102.21,91.33,80.45,51274,39086,1.31,312.04,,,,2026-07-14,2026-07-14 07:58:39
5353,台林,27.5,27.5,28.5,27.15,17.69,20.06,35.79,-0.1,0.36,-0.47,32.42,30.49,28.55,244,155,1.57,20.84,20.07,1.0,3.64,2026-07-14,2026-07-14 07:58:40
5355,佳總,5.93,5.93,5.93,5.91,34.26,38.79,22.38,-0.16,-0.13,-0.03,7.01,6.33,5.64,7,13,0.52,9.85,,,,2026-07-14,2026-07-14 07:58:41
5356,協益,25.4,25.45,25.55,25.2,26.02,37.37,46.68,0.09,0.13,-0.05,26.18,25.7,25.21,140,129,1.08,26.17,57.73,2.0,7.87,2026-07-14,2026-07-14 07:58:42
5364,力麗店,8.69,8.69,8.69,8.52,36.93,47.32,47.37,-0.06,-0.09,0.03,8.97,8.72,8.48,103,59,1.74,5.55,,,,2026-07-14,2026-07-14 07:58:43
5371,中光電,94.8,97.0,99.3,91.1,59.77,67.18,61.66,6.23,5.37,0.86,105.71,84.09,62.47,50069,43753,1.14,378.92,99.79,0.5,0.53,2026-07-14,2026-07-14 07:58:44
5381,光譜,25.2,26.05,26.25,24.5,9.17,16.28,26.75,-0.41,0.09,-0.5,31.02,28.28,25.55,1374,824,1.67,44.49,30.0,,,2026-07-14,2026-07-14 07:58:45
5386,青雲,343.5,357.0,360.5,330.0,10.81,13.96,28.23,-35.4,-21.3,-14.1,583.38,453.1,322.82,1512,1611,0.94,123.94,39.94,1.5,0.44,2026-07-14,2026-07-14 07:58:46
5388,中磊,84.4,84.4,85.8,82.8,68.97,63.7,61.36,0.3,-0.33,0.63,87.37,82.13,76.89,4432,3666,1.21,252.96,21.37,2.5,2.96,2026-07-14,2026-07-14 07:58:47
5392,能率,43.9,45.7,46.0,42.7,35.85,48.39,55.41,0.74,1.02,-0.28,49.97,45.76,41.55,2265,2621,0.86,77.06,,0.2,0.46,2026-07-14,2026-07-14 07:58:48
5398,慕康生醫,14.9,14.9,14.9,14.5,6.61,4.84,12.99,-0.79,-0.64,-0.15,18.68,16.6,14.52,50,87,0.58,7.37,42.57,,,2026-07-14,2026-07-14 07:58:50
5403,中菲,94.5,95.0,95.0,94.0,74.75,76.16,70.45,0.77,0.8,-0.03,95.86,93.83,91.8,51,38,1.33,73.86,11.36,6.5,6.88,2026-07-14,2026-07-14 07:58:52
5410,國眾,37.55,38.6,38.6,37.2,18.54,29.71,25.0,0.09,0.98,-0.89,47.84,44.02,40.21,2286,907,2.52,34.57,16.26,2.07,5.51,2026-07-14,2026-07-14 07:58:53
5425,台半,106.0,113.0,113.0,106.0,29.73,49.29,38.25,5.81,8.71,-2.9,147.26,123.79,100.32,24653,10320,2.39,259.2,56.68,2.02,1.91,2026-07-14,2026-07-14 07:58:55
5426,振發,28.0,29.8,29.8,27.05,10.32,12.09,23.83,0.24,1.26,-1.02,39.75,33.08,26.41,1237,897,1.38,40.26,53.85,0.5,1.79,2026-07-14,2026-07-14 07:58:57
5432,新門,132.0,138.5,138.5,131.0,7.38,13.67,12.65,-1.1,1.87,-2.98,169.79,150.01,130.22,40,56,0.71,27.31,57.64,1.5,1.14,2026-07-14,2026-07-14 07:58:58
5434,崇越,537.0,545.0,563.0,523.0,54.11,42.64,64.88,19.72,19.43,0.29,566.37,513.62,460.88,2813,1598,1.76,1039.94,25.08,13.42,2.5,2026-07-14,2026-07-14 07:59:00
5438,東友,18.6,18.75,18.85,18.45,31.95,43.22,51.54,0.16,0.17,-0.01,19.67,18.74,17.81,128,66,1.92,20.93,36.47,0.75,4.03,2026-07-14,2026-07-14 07:59:02
5439,高技,293.5,310.5,311.5,281.0,27.53,39.25,40.42,-9.7,-8.59,-1.1,355.21,324.25,293.29,2471,1696,1.46,272.88,21.77,7.2,2.45,2026-07-14,2026-07-14 07:59:03
5443,均豪,102.0,107.0,109.0,99.2,23.56,34.19,49.03,-1.18,-0.57,-0.61,123.37,109.5,95.63,2523,1401,1.8,164.53,40.16,2.2,2.16,2026-07-14,2026-07-14 07:59:05
5450,南良,14.25,14.25,14.35,13.85,25.67,39.96,37.93,0.18,0.34,-0.15,15.78,14.87,13.95,47,88,0.53,17.44,109.62,0.25,1.75,2026-07-14,2026-07-14 07:59:06
5452,佶優,29.15,30.6,30.6,28.0,13.71,20.06,33.78,-0.63,-0.23,-0.41,36.03,32.86,29.68,2405,1237,1.94,43.07,88.33,0.25,0.86,2026-07-14,2026-07-14 07:59:07
5455,昇益,27.3,27.35,27.5,27.2,43.34,44.92,52.78,0.49,0.55,-0.06,27.79,27.27,26.76,10,28,0.35,17.88,7.89,,,2026-07-14,2026-07-14 07:59:08
5457,宣德,30.6,32.15,32.3,29.85,11.08,14.82,16.95,-0.38,0.1,-0.48,38.46,34.7,30.94,1032,553,1.87,60.11,12.14,1.5,4.9,2026-07-14,2026-07-14 07:59:09
5460,同協,15.65,16.35,16.35,15.35,20.62,34.84,51.59,0.38,0.54,-0.16,19.24,16.56,13.89,315,336,0.94,9.2,,,,2026-07-14,2026-07-14 07:59:10
5464,霖宏,81.7,85.0,88.9,78.3,19.83,30.66,38.4,5.26,7.79,-2.54,114.81,92.78,70.74,3762,1099,3.42,58.07,,1.0,1.22,2026-07-14,2026-07-14 07:59:11
5465,富驊,23.1,24.2,24.2,23.0,29.84,34.05,34.68,-0.27,-0.23,-0.04,24.86,23.97,23.08,221,113,1.95,34.11,18.05,1.2,5.19,2026-07-14,2026-07-14 07:59:14
5468,凱鈺,25.25,26.25,26.8,24.35,14.9,25.67,27.86,1.45,2.54,-1.09,36.11,30.49,24.88,762,716,1.06,14.88,,,,2026-07-14,2026-07-14 07:59:16
5469,瀚宇博,75.5,80.2,80.2,72.7,15.53,19.68,28.61,-0.94,0.02,-0.96,89.14,83.22,77.31,5458,2545,2.14,366.88,12.52,2.52,3.34,2026-07-14,2026-07-14 07:59:17
5471,松翰,62.1,63.8,66.2,58.6,60.89,64.17,51.55,2.87,2.94,-0.07,66.8,61.61,56.41,6534,7415,0.88,104.25,87.46,0.8,1.29,2026-07-14,2026-07-14 07:59:18
5474,聰泰,151.0,159.5,159.5,147.0,13.57,18.97,33.32,-2.37,-0.75,-1.61,180.88,166.06,151.25,240,136,1.76,60.03,27.5,4.0,2.65,2026-07-14,2026-07-14 07:59:19
5475,德宏,175.0,177.0,186.0,166.0,10.35,11.62,20.9,-23.31,-18.62,-4.69,292.35,230.75,169.15,4097,3718,1.1,222.47,,,,2026-07-14,2026-07-14 07:59:20
5478,智冠,99.0,100.5,100.5,98.1,14.14,18.68,30.43,-0.43,0.21,-0.64,107.05,103.28,99.5,166,78,2.12,148.33,12.55,7.5,7.58,2026-07-14,2026-07-14 07:59:21
5481,新華,20.45,20.5,21.0,20.4,38.7,36.8,42.37,0.11,0.19,-0.08,22.94,21.34,19.75,108,154,0.7,13.58,,,,2026-07-14,2026-07-14 07:59:22
5483,中美晶,239.5,232.5,253.0,230.5,89.64,81.67,82.56,18.47,13.65,4.82,240.74,193.75,146.76,84313,33988,2.48,1470.94,35.8,3.5,1.46,2026-07-14,2026-07-14 07:59:24
5484,慧友,47.35,47.5,48.3,46.0,56.01,58.65,51.54,0.25,0.09,0.16,50.16,46.85,43.54,544,556,0.98,31.63,68.62,,,2026-07-14,2026-07-14 07:59:25
5487,通泰,28.1,28.7,29.0,27.7,36.19,47.37,43.59,0.12,0.18,-0.05,29.59,28.49,27.38,144,98,1.47,6.81,,,,2026-07-14,2026-07-14 07:59:26
5488,松普,17.2,18.55,18.6,16.55,89.63,83.93,75.65,1.24,0.82,0.42,17.56,14.08,10.6,10228,6207,1.65,15.75,156.36,0.06,0.35,2026-07-14,2026-07-14 07:59:27
5489,彩富,51.0,51.9,52.9,50.1,21.26,41.15,37.34,3.54,5.06,-1.53,74.11,58.06,42.0,592,311,1.9,50.22,25.63,1.82,3.57,2026-07-14,2026-07-14 07:59:28
5490,同亨,29.2,30.2,30.2,28.75,52.79,57.39,69.2,0.76,0.62,0.14,31.42,28.47,25.53,837,662,1.27,27.2,17.8,1.5,5.14,2026-07-14,2026-07-14 07:59:29
5493,三聯,83.3,85.2,85.4,81.4,16.64,19.66,41.03,-0.88,-0.3,-0.58,91.87,87.88,83.89,180,110,1.64,36.39,19.93,2.7,3.24,2026-07-14,2026-07-14 07:59:32
5498,凱崴,55.0,57.0,57.9,52.3,28.98,34.82,26.9,-1.97,-1.56,-0.41,68.84,61.67,54.5,3248,1965,1.65,106.45,,0.15,0.27,2026-07-14,2026-07-14 07:59:34
5508,永信建,55.6,56.8,56.9,54.8,54.69,60.77,55.66,1.15,1.3,-0.15,61.24,56.61,51.98,515,435,1.18,120.89,18.11,2.78,5.0,2026-07-14,2026-07-14 07:59:35
5511,德昌,66.9,68.9,69.6,65.6,80.57,81.79,73.11,1.99,1.55,0.44,67.37,62.53,57.69,593,798,0.74,90.98,7.58,3.6,5.38,2026-07-14,2026-07-14 07:59:37
5512,力麒,7.7,7.86,7.86,7.64,19.72,30.75,40.94,0.07,0.13,-0.06,8.23,7.98,7.73,1190,772,1.54,58.51,55.0,0.18,2.34,2026-07-14,2026-07-14 07:59:38
5514,三豐,13.55,13.4,13.4,13.4,19.14,22.35,20.69,-0.25,-0.24,-0.01,14.44,13.86,13.28,1,7,0.21,30.71,,,,2026-07-14,2026-07-14 07:59:39
5515,建國,41.15,42.25,42.25,40.7,68.82,69.67,72.8,0.76,0.73,0.03,42.2,40.19,38.19,470,291,1.61,82.96,9.23,3.3,8.02,2026-07-14,2026-07-14 07:59:40
5516,雙喜,10.5,10.5,10.5,10.3,51.51,43.03,39.13,-0.12,-0.11,-0.01,11.29,10.67,10.05,23,39,0.59,5.41,65.62,,,2026-07-14,2026-07-14 07:59:41
5519,隆大,28.3,28.9,28.9,28.05,70.03,67.31,69.62,0.67,0.45,0.21,28.71,26.78,24.84,936,997,0.94,65.13,6.05,3.3,11.66,2026-07-14,2026-07-14 07:59:42
5520,力泰,82.1,82.3,82.3,82.1,11.91,20.56,42.86,0.08,0.17,-0.09,83.34,82.51,81.68,7,3,2.3,49.24,8.35,7.0,8.53,2026-07-13,2026-07-14 07:59:43
5521,工信,10.15,10.35,10.35,10.05,36.65,49.44,47.06,-0.03,-0.03,0.0,10.73,10.39,10.04,4177,3586,1.16,49.97,19.52,0.15,1.48,2026-07-14,2026-07-14 07:59:44
5522,遠雄,67.3,66.1,67.6,66.1,70.05,48.66,58.43,-0.61,-0.79,0.18,69.79,65.8,61.82,1719,746,2.3,526.01,9.05,5.5,8.17,2026-07-14,2026-07-14 07:59:44
5523,豐謙,30.4,30.3,30.4,30.2,84.61,89.35,37.5,-0.01,0.0,-0.01,30.48,30.4,30.31,39,14,2.64,47.12,,0.5,1.64,2026-07-14,2026-07-14 07:59:45
5525,順天,22.15,22.35,22.35,21.7,63.02,57.5,53.66,-0.06,-0.14,0.07,22.48,21.86,21.24,126,99,1.27,68.06,15.82,0.75,3.39,2026-07-14,2026-07-14 07:59:47
5529,鉅陞,21.05,21.2,21.2,20.6,20.95,22.16,49.25,-0.27,-0.23,-0.04,22.46,21.58,20.71,70,28,2.45,22.26,10.85,,,2026-07-14,2026-07-14 07:59:49
5530,龍巖,48.0,48.8,48.8,45.95,54.49,61.25,44.53,0.07,0.14,-0.08,50.48,48.75,47.02,513,272,1.89,201.64,17.52,,,2026-07-14,2026-07-14 07:59:52
5531,鄉林,7.88,7.95,7.95,7.69,26.44,31.33,33.65,-0.05,-0.03,-0.02,8.28,8.01,7.74,658,418,1.58,77.03,,,,2026-07-14,2026-07-14 07:59:52
5533,皇鼎,13.65,13.65,13.65,13.5,67.49,66.92,69.44,0.04,0.03,0.02,13.66,13.46,13.27,280,254,1.1,38.94,24.38,0.6,4.4,2026-07-14,2026-07-14 07:59:53
5534,長虹,79.2,79.0,79.4,78.9,43.3,42.47,51.92,0.19,0.31,-0.12,83.34,79.81,76.28,492,257,1.91,249.74,13.4,5.42,6.84,2026-07-14,2026-07-14 07:59:56
5536,聖暉*,1145.0,1180.0,1200.0,1110.0,17.17,31.99,39.64,33.1,65.41,-32.31,1450.21,1277.2,1104.19,836,866,0.97,1420.73,40.43,20.0,1.75,2026-07-14,2026-07-14 07:59:58
5538,東明-KY,33.4,33.9,33.9,33.2,69.97,70.73,72.9,0.42,0.22,0.21,33.92,31.86,29.8,43,25,1.69,67.2,11.06,1.5,4.49,2026-07-14,2026-07-14 07:59:59
5543,桓鼎-KY,28.55,28.5,28.55,28.1,28.91,30.25,38.46,-0.26,-0.22,-0.04,29.93,28.93,27.92,7,6,1.13,13.33,4.14,,,2026-07-14,2026-07-14 08:00:00
5546,永固-KY,16.45,16.7,17.4,16.25,42.52,44.93,44.09,-0.1,-0.07,-0.02,17.25,16.48,15.71,34,26,1.31,13.55,,2.0,12.16,2026-07-14,2026-07-14 08:00:01
5547,久舜,20.2,19.9,20.25,19.9,55.03,64.83,75.69,0.36,0.33,0.03,20.69,19.65,18.6,16,25,0.65,10.3,7.45,0.68,3.37,2026-07-14,2026-07-14 08:00:02
5548,安倉,23.75,23.8,23.9,23.7,47.73,43.48,50.0,0.05,0.05,-0.0,24.0,23.75,23.5,49,34,1.45,13.9,11.82,0.99,4.17,2026-07-14,2026-07-14 08:00:03
5601,台聯櫃,31.5,31.5,31.5,31.5,18.72,25.65,45.54,-0.32,-0.32,-0.0,33.08,32.05,31.02,0,5,0.0,20.41,75.0,0.38,1.21,2026-07-13,2026-07-14 08:00:04
5603,陸海,14.6,14.55,14.6,14.35,24.97,27.21,25.0,-0.2,-0.2,0.01,15.18,14.81,14.44,451,149,3.02,15.31,36.5,1.0,6.85,2026-07-14,2026-07-14 08:00:05
5604,中連,30.7,30.7,30.8,30.6,24.77,33.64,29.63,-0.16,-0.17,0.01,31.25,30.91,30.58,26,8,3.14,33.4,36.12,2.0,6.51,2026-07-14,2026-07-14 08:00:06
5607,遠雄港,49.95,50.7,51.1,49.5,33.4,41.64,44.3,-0.03,0.12,-0.15,52.58,51.13,49.67,822,370,2.22,185.09,18.03,1.8,3.6,2026-07-14,2026-07-14 08:00:07
5608,四維航,14.2,14.6,14.65,14.05,24.49,33.55,42.86,-0.1,-0.09,-0.01,15.16,14.56,13.95,1758,900,1.95,55.28,1.29,,,2026-07-14,2026-07-14 08:00:08
5609,中菲行,78.0,78.5,78.7,77.7,68.82,71.11,65.71,0.79,0.71,0.07,79.91,77.58,75.24,163,113,1.43,109.78,9.82,5.6,7.18,2026-07-14,2026-07-14 08:00:09
5701,劍湖山,4.4,4.69,4.69,4.35,22.95,24.97,30.25,0.01,0.11,-0.1,5.82,5.1,4.38,197,137,1.44,6.29,,,,2026-07-14,2026-07-14 08:00:11
5703,亞都,13.45,13.8,14.0,13.45,93.84,81.95,36.0,-0.01,-0.04,0.03,14.35,13.88,13.4,10,9,1.11,9.45,25.38,,,2026-07-14,2026-07-14 08:00:12
5704,老爺知,21.5,21.5,21.65,21.5,65.15,60.23,66.67,0.07,0.04,0.03,21.7,21.44,21.17,26,20,1.28,12.66,59.72,,,2026-07-14,2026-07-14 08:00:13
5706,鳳凰,46.3,47.45,47.45,45.9,32.36,39.7,29.62,-0.14,0.01,-0.14,49.29,47.64,46.0,343,169,2.03,38.78,13.7,4.54,9.81,2026-07-14,2026-07-14 08:00:14
5859,遠壽,13.7,13.7,13.8,13.25,41.36,43.41,38.24,-0.15,-0.16,0.01,14.14,13.66,13.18,93,70,1.32,198.69,4.29,0.37,2.7,2026-07-14,2026-07-14 08:00:16
5863,瑞興銀,10.9,11.05,11.1,10.65,57.7,54.78,58.82,0.02,0.02,-0.0,11.21,11.02,10.82,43,62,0.69,34.9,13.13,0.4,3.67,2026-07-14,2026-07-14 08:00:17
5864,致和證,35.2,36.8,37.2,34.3,12.56,22.3,32.57,0.02,1.14,-1.12,46.88,41.64,36.4,7129,4530,1.57,177.58,15.3,0.5,1.42,2026-07-14,2026-07-14 08:00:21
5871,中租-KY,116.0,117.0,118.5,115.5,58.75,45.55,60.47,0.35,0.3,0.05,118.16,115.42,112.69,7926,5425,1.46,1985.25,10.32,5.8,5.0,2026-07-14,2026-07-14 08:00:23
5876,上海商銀,43.9,44.4,44.7,43.55,88.2,77.36,77.88,0.66,0.5,0.16,44.09,42.5,40.9,17251,12028,1.43,2129.25,14.35,1.8,4.1,2026-07-14,2026-07-14 08:00:24
5878,台名,38.7,38.8,38.8,38.6,10.36,23.39,40.0,-0.28,-0.28,-0.0,39.51,39.02,38.53,2,2,0.76,9.68,13.53,0.21,0.54,2026-07-14,2026-07-14 08:00:25
5880,合庫金,24.95,25.3,25.3,24.85,87.59,82.71,68.18,0.38,0.38,-0.01,25.34,24.83,24.33,20412,16382,1.25,3912.39,18.35,0.7,2.81,2026-07-14,2026-07-14 08:00:26
5902,德記,33.85,34.1,34.15,33.6,65.84,55.88,59.09,-0.21,-0.29,0.07,34.9,33.96,33.03,54,34,1.58,31.99,14.98,1.65,4.87,2026-07-14,2026-07-14 08:00:27
5903,全家,187.5,188.5,188.5,187.5,53.63,54.18,47.37,-0.05,-0.04,-0.01,189.58,188.5,187.42,32,23,1.38,418.54,24.8,6.5,3.47,2026-07-14,2026-07-14 08:00:28
5904,寶雅,651.0,665.0,668.0,645.0,35.83,53.81,49.53,24.86,30.04,-5.18,751.32,673.75,596.18,647,494,1.31,692.95,22.43,25.5,3.92,2026-07-14,2026-07-14 08:00:29
5905,南仁湖,8.48,8.31,8.78,8.31,35.84,40.49,56.63,0.07,0.09,-0.01,8.92,8.48,8.05,1207,581,2.08,23.88,,,,2026-07-14,2026-07-14 08:00:30
5906,台南-KY,37.0,36.8,37.0,36.8,67.18,57.13,36.84,-2.27,-2.34,0.07,45.13,38.9,32.67,2,6,0.3,13.22,37.76,0.8,2.16,2026-07-13,2026-07-14 08:00:32
5907,大洋-KY,4.89,4.99,4.99,4.8,30.43,39.27,42.28,-0.04,-0.03,-0.0,5.25,5.0,4.74,284,219,1.29,9.38,,,,2026-07-14,2026-07-14 08:00:34
6005,群益證,35.35,35.5,35.5,33.55,12.82,17.76,24.86,-0.45,0.16,-0.61,41.0,37.88,34.75,13002,10502,1.24,767.42,13.39,1.5,4.24,2026-07-14,2026-07-14 08:00:35
6015,宏遠證,17.3,17.25,17.35,16.3,24.98,29.01,35.29,-0.16,-0.01,-0.15,18.92,17.84,16.75,4004,3352,1.19,68.01,24.37,0.55,3.18,2026-07-14,2026-07-14 08:00:37
6016,康和證,26.0,25.6,26.05,24.5,13.49,19.52,30.19,-0.32,0.19,-0.5,30.42,28.0,25.58,9135,7584,1.2,178.51,13.13,0.16,0.62,2026-07-14,2026-07-14 08:00:39
6020,大展證,22.15,22.0,22.0,21.3,27.19,37.88,28.0,-0.09,0.04,-0.13,23.21,22.58,21.95,67,57,1.16,55.9,56.79,0.27,1.22,2026-07-14,2026-07-14 08:00:42
6021,美好證,37.95,37.75,38.3,36.75,16.15,17.95,29.03,0.02,0.54,-0.53,42.9,40.04,37.18,352,221,1.59,118.49,10.26,2.0,5.27,2026-07-14,2026-07-14 08:00:43
6023,元大期,105.0,105.0,105.0,102.5,66.98,78.21,62.34,1.61,1.2,0.41,107.71,101.94,96.17,1242,638,1.95,335.98,12.43,4.0,3.81,2026-07-14,2026-07-14 08:00:44
6024,群益期,63.8,64.1,64.1,62.6,72.53,75.4,67.61,1.15,1.07,0.08,64.73,62.33,59.92,514,507,1.01,159.46,11.66,2.83,4.44,2026-07-14,2026-07-14 08:00:45
6026,福邦證,15.3,15.45,15.45,14.45,25.97,40.5,39.4,-0.01,0.11,-0.12,16.37,15.61,14.86,2976,1677,1.77,60.61,8.9,1.36,8.89,2026-07-14,2026-07-14 08:00:46
6027,德信,11.45,11.45,12.0,10.95,50.3,43.48,48.39,-0.18,-0.19,0.02,12.26,11.66,11.06,212,104,2.02,17.83,11.01,,,2026-07-14,2026-07-14 08:00:47
6028,公勝保經,79.3,78.9,79.5,78.8,74.7,58.48,57.58,-0.03,-0.12,0.09,79.96,79.14,78.32,10,10,1.04,19.83,10.14,6.0,7.57,2026-07-14,2026-07-14 08:00:48
6035,悠遊卡,52.9,52.4,52.6,51.2,65.74,65.83,60.29,0.11,0.09,0.03,53.76,52.5,51.24,32,29,1.08,37.75,12.81,2.28,4.31,2026-07-14,2026-07-14 08:00:50
6101,寬魚國際,39.4,38.65,40.25,38.65,15.85,18.25,24.14,-0.33,0.41,-0.74,48.77,43.24,37.71,533,327,1.63,45.16,,,,2026-07-14,2026-07-14 08:00:52
6103,合邦,30.6,28.25,28.25,28.25,25.26,35.97,33.91,-1.64,-1.56,-0.08,35.14,31.78,28.41,1,3,0.42,4.16,,0.19,0.62,2026-07-14,2026-07-14 08:00:53
6104,創惟,101.5,100.5,104.0,97.3,35.18,40.06,44.11,0.36,0.65,-0.29,107.9,102.53,97.15,2171,1110,1.95,92.49,18.73,4.5,4.43,2026-07-14,2026-07-14 08:00:55
6108,競國,18.15,18.3,18.3,17.1,24.58,32.19,36.0,-0.26,-0.18,-0.07,19.56,18.61,17.66,846,554,1.53,28.04,6.11,1.0,5.51,2026-07-14,2026-07-14 08:00:57
6109,亞元,12.65,12.65,12.65,12.05,22.07,35.5,44.09,0.34,0.45,-0.1,14.5,12.84,11.18,370,371,1.0,11.11,,,,2026-07-14,2026-07-14 08:00:58
6111,光聚晶電,40.85,40.55,41.4,39.15,15.98,22.91,30.81,-0.97,-0.71,-0.26,45.73,43.1,40.47,294,167,1.76,38.49,,,,2026-07-14,2026-07-14 08:01:00
6112,邁達特,44.6,44.6,44.6,42.6,46.81,53.52,46.94,-0.34,-0.31,-0.03,45.99,44.4,42.81,592,310,1.91,84.01,24.64,1.65,3.7,2026-07-14,2026-07-14 08:01:01
6113,亞矽,26.45,26.35,26.45,24.25,43.3,41.4,36.22,-0.06,0.12,-0.18,30.17,27.22,24.26,397,518,0.77,13.37,,0.5,1.89,2026-07-14,2026-07-14 08:01:02
6114,久威,28.95,29.0,29.0,28.0,18.41,33.2,44.29,-0.16,0.06,-0.22,32.38,30.17,27.95,70,43,1.61,12.71,9.13,0.5,1.73,2026-07-14,2026-07-14 08:01:03
6115,鎰勝,45.75,46.35,46.35,45.1,36.78,46.63,45.06,0.08,0.12,-0.05,46.18,45.66,45.13,301,278,1.08,85.86,16.11,2.8,6.12,2026-07-14,2026-07-14 08:01:04
6116,彩晶,16.6,16.3,16.5,15.15,13.53,17.06,24.31,0.21,0.72,-0.51,20.47,18.15,15.82,53440,39067,1.37,474.54,61.48,,,2026-07-14,2026-07-14 08:01:05
6117,迎廣,69.4,70.0,70.0,65.8,19.67,22.58,24.32,-2.53,-2.29,-0.24,77.92,73.34,68.77,491,301,1.63,64.23,19.12,2.17,3.13,2026-07-14,2026-07-14 08:01:07
6118,建達,16.9,16.9,17.45,16.4,23.08,26.46,38.71,-0.18,-0.18,0.0,17.75,17.01,16.28,494,189,2.61,15.36,42.25,,,2026-07-14,2026-07-14 08:01:09
6120,達運,13.9,14.0,14.0,13.2,32.48,35.87,40.0,0.0,0.08,-0.08,15.19,14.3,13.4,3981,2627,1.52,83.26,,0.25,1.8,2026-07-14,2026-07-14 08:01:10
6121,新普,399.5,397.5,399.0,374.0,21.34,34.34,43.52,4.09,8.0,-3.91,439.59,409.4,379.2,2032,1341,1.52,738.96,13.11,21.8,5.46,2026-07-14,2026-07-14 08:01:11
6122,擎邦,52.0,52.6,53.2,51.2,71.88,77.96,67.14,1.09,0.82,0.28,53.68,49.31,44.93,869,618,1.41,39.8,11.02,3.4,6.54,2026-07-14,2026-07-14 08:01:12
6123,上奇,41.7,41.7,41.95,41.15,41.54,40.97,42.11,-0.15,-0.11,-0.04,43.28,42.18,41.07,88,42,2.08,25.23,15.33,10.4,24.94,2026-07-14,2026-07-14 08:01:13
6124,業強,28.6,28.05,28.05,26.6,7.85,9.1,18.94,-0.66,-0.4,-0.26,31.5,29.66,27.82,35,25,1.37,52.19,,,,2026-07-14,2026-07-14 08:01:14
6125,廣運,57.4,57.4,57.7,54.0,29.66,33.84,34.03,-1.14,-0.84,-0.31,63.06,59.24,55.43,1586,814,1.95,148.67,574.0,0.5,0.87,2026-07-14,2026-07-14 08:01:15
6126,信音,33.6,33.6,33.6,31.2,20.19,21.38,25.17,-1.04,-0.52,-0.52,41.79,36.75,31.72,1324,1575,0.84,42.54,48.0,0.76,2.26,2026-07-14,2026-07-14 08:01:17
6127,九豪,70.1,70.0,71.7,64.1,8.97,15.64,34.95,0.08,3.44,-3.36,99.01,82.75,66.49,6715,5461,1.23,75.76,149.15,,,2026-07-14,2026-07-14 08:01:18
6128,上福,20.15,20.4,20.4,19.75,25.53,29.4,44.0,-0.03,0.03,-0.06,21.15,20.48,19.81,116,63,1.83,25.71,,0.5,2.48,2026-07-14,2026-07-14 08:01:19
6129,普誠,18.0,18.0,18.15,16.45,25.76,37.36,42.45,0.52,0.71,-0.19,20.96,18.24,15.52,1340,1146,1.17,32.57,,,,2026-07-14,2026-07-14 08:01:20
6130,上亞科技,26.0,26.0,28.6,25.7,78.5,67.99,82.54,0.8,0.41,0.39,27.12,24.57,22.02,2139,696,3.07,12.3,,,,2026-07-14,2026-07-14 08:01:21
6133,金橋,24.0,24.05,24.4,22.05,36.6,48.08,50.6,0.33,0.42,-0.09,26.95,23.91,20.88,1558,1357,1.15,28.08,33.33,0.3,1.25,2026-07-14,2026-07-14 08:01:21
6134,萬旭,29.65,29.4,29.9,27.5,9.87,13.4,33.63,-1.16,-0.48,-0.68,37.91,33.39,28.88,704,506,1.39,24.28,247.08,0.2,0.67,2026-07-14,2026-07-14 08:01:24
6136,富爾特,24.4,24.6,24.6,24.0,55.12,52.18,56.56,-0.01,-0.03,0.03,24.4,24.1,23.81,246,133,1.84,28.19,27.42,1.16,4.75,2026-07-14,2026-07-14 08:01:24
6138,茂達,348.0,347.0,351.0,317.0,24.06,38.54,44.95,10.67,17.95,-7.28,431.66,369.35,307.04,2430,2001,1.21,258.83,27.32,8.6,2.47,2026-07-14,2026-07-14 08:01:25
6139,亞翔,883.0,871.0,886.0,804.0,23.56,34.36,52.2,22.83,33.46,-10.63,974.93,871.9,768.87,4761,2860,1.66,2080.14,29.07,23.0,2.6,2026-07-14,2026-07-14 08:01:26
6140,訊達,19.1,19.0,19.0,18.05,13.67,24.84,34.12,-0.48,-0.25,-0.23,22.01,20.28,18.55,138,84,1.64,10.49,,,,2026-07-14,2026-07-14 08:01:27
6141,柏承,38.05,38.2,38.55,34.25,49.36,49.78,43.58,0.45,0.66,-0.21,41.47,37.48,33.48,1790,1135,1.58,43.13,14.92,,,2026-07-14,2026-07-14 08:01:28
6142,友勁,10.65,10.05,10.6,9.9,60.78,67.8,58.26,0.49,0.39,0.1,11.1,9.68,8.26,3943,4702,0.84,35.23,,,,2026-07-14,2026-07-14 08:01:29
6143,振曜,101.5,102.5,102.5,97.1,55.7,67.19,65.74,2.69,2.14,0.56,111.04,96.43,81.83,1078,739,1.46,87.35,15.81,6.0,5.91,2026-07-14,2026-07-14 08:01:31
6144,得利影,13.95,13.6,14.05,13.55,32.1,37.33,26.67,-0.18,-0.13,-0.06,14.97,14.44,13.91,14,10,1.41,5.34,,,,2026-07-14,2026-07-14 08:01:32
6146,耕興,198.0,195.0,196.5,187.0,41.4,53.64,50.0,-0.32,-0.99,0.67,207.76,195.5,183.24,691,676,1.02,201.7,18.45,12.0,6.06,2026-07-14,2026-07-14 08:01:33
6147,頎邦,198.0,196.5,198.0,178.5,22.3,25.14,24.8,-7.99,-3.89,-4.09,267.72,222.51,177.3,28337,25437,1.11,1474.3,53.8,2.8,1.41,2026-07-14,2026-07-14 08:01:35
6148,驊宏資,31.25,31.2,31.25,29.6,26.13,34.31,39.45,-0.2,0.01,-0.21,34.88,32.39,29.9,433,259,1.67,14.56,22.98,1.23,3.94,2026-07-14,2026-07-14 08:01:36
6150,撼訊,61.6,61.6,61.8,58.0,27.89,29.3,38.06,-1.04,-0.94,-0.1,65.12,62.36,59.61,254,144,1.76,29.78,23.97,0.6,0.97,2026-07-14,2026-07-14 08:01:37
6151,晉倫,38.5,38.9,38.9,36.9,21.97,24.01,29.03,-0.74,-0.64,-0.1,41.66,39.68,37.7,491,220,2.23,21.27,33.19,1.5,3.9,2026-07-14,2026-07-14 08:01:39
6152,百一,13.2,13.3,13.3,12.3,29.73,32.51,33.33,-0.44,-0.43,-0.01,14.63,13.62,12.62,1334,638,2.09,22.14,,,,2026-07-14,2026-07-14 08:01:39
6153,嘉聯益,19.05,18.95,19.1,17.7,14.1,13.92,18.83,-0.38,0.07,-0.45,25.26,21.44,17.63,7408,4737,1.56,121.19,5.13,,,2026-07-14,2026-07-14 08:01:40
6154,順發,13.7,13.8,13.8,13.65,43.24,54.27,52.0,0.13,0.17,-0.04,14.02,13.79,13.56,13,18,0.73,10.97,26.86,0.51,3.72,2026-07-14,2026-07-14 08:01:43
6155,鈞寶,70.2,68.8,71.3,63.5,8.86,11.93,28.86,-0.79,2.4,-3.19,100.11,83.41,66.7,2845,2398,1.19,61.79,96.16,0.8,1.14,2026-07-14,2026-07-14 08:01:45
6156,松上,28.35,27.95,27.95,25.9,23.66,34.56,53.94,1.69,2.02,-0.33,31.98,26.95,21.93,3211,3291,0.98,30.58,64.43,0.2,0.71,2026-07-14,2026-07-14 08:01:46
6158,禾昌,19.05,19.05,19.05,18.0,56.77,60.72,70.15,0.33,0.2,0.12,19.97,18.12,16.26,106,69,1.53,10.46,173.18,1.01,5.3,2026-07-14,2026-07-14 08:01:47
6160,欣技,16.05,16.3,16.3,15.35,23.33,28.48,25.0,-0.14,-0.06,-0.08,17.1,16.46,15.82,108,49,2.19,10.99,,,,2026-07-14,2026-07-14 08:01:48
6161,捷波,54.6,54.6,54.8,51.1,37.9,47.69,51.2,0.49,0.55,-0.06,56.67,53.09,49.51,266,172,1.54,30.71,20.22,2.2,4.03,2026-07-14,2026-07-14 08:01:51
6163,華電網,45.7,45.65,45.8,42.0,21.18,21.51,23.61,-1.88,-1.67,-0.21,52.32,48.41,44.5,1598,855,1.87,67.31,64.37,0.45,0.98,2026-07-14,2026-07-14 08:01:52
6164,華興,14.35,14.35,14.55,12.95,33.94,46.74,50.74,0.48,0.58,-0.1,16.64,14.18,11.72,2632,2203,1.2,11.48,205.0,0.5,3.48,2026-07-14,2026-07-14 08:01:52
6165,浪凡,50.8,51.3,51.5,49.1,59.71,61.02,66.49,0.57,0.32,0.25,52.16,48.95,45.73,624,535,1.17,37.38,14.15,0.59,1.16,2026-07-14,2026-07-14 08:01:53
6166,凌華,134.5,135.0,135.0,125.5,51.57,43.22,27.78,1.49,3.26,-1.76,157.28,139.07,120.86,1124,1230,0.91,293.0,57.48,1.2,0.89,2026-07-14,2026-07-14 08:01:55
6167,久正,11.7,11.7,11.85,11.2,12.26,20.51,35.38,-0.06,0.0,-0.06,12.62,12.04,11.46,965,466,2.07,17.08,,1.33,11.37,2026-07-14,2026-07-14 08:01:57
6168,宏齊,28.35,28.35,28.6,25.6,18.95,20.46,20.68,0.05,0.51,-0.46,34.31,30.03,25.76,3413,2802,1.22,58.33,567.0,,,2026-07-14,2026-07-14 08:01:58
6169,昱泉,14.9,14.9,14.9,14.45,32.46,33.31,39.34,-0.12,-0.11,-0.01,15.39,14.82,14.26,20,16,1.27,3.49,,,,2026-07-14,2026-07-14 08:01:59
6170,統振,47.05,47.05,47.05,46.4,17.36,23.4,39.93,-0.16,0.02,-0.18,49.11,48.05,46.99,401,428,0.94,45.76,10.62,4.0,8.5,2026-07-14,2026-07-14 08:02:00
6171,大城地產,24.0,23.4,23.4,23.25,11.83,13.14,35.71,-0.13,-0.09,-0.04,24.71,23.97,23.23,18,6,2.81,24.0,6.28,2.5,10.42,2026-07-14,2026-07-14 08:02:02
6173,信昌電,247.5,240.5,257.0,224.0,14.44,26.03,38.03,7.54,19.99,-12.45,347.64,293.12,238.61,17744,9941,1.78,423.72,76.39,1.8,0.73,2026-07-14,2026-07-14 08:02:04
6174,安碁,56.5,56.2,56.2,51.9,42.13,51.44,58.12,3.14,3.43,-0.29,63.59,54.57,45.55,819,2301,0.36,28.25,85.61,0.34,0.6,2026-07-14,2026-07-14 08:02:05
6175,立敦,101.5,99.9,104.5,97.0,19.54,24.46,35.87,2.21,4.41,-2.2,119.2,108.9,98.61,4831,3510,1.38,152.37,38.01,1.5,1.48,2026-07-14,2026-07-14 08:02:06
6176,瑞儀,90.0,89.5,89.5,85.4,48.33,53.55,41.3,-1.17,-1.5,0.33,92.57,89.19,85.82,7698,3819,2.02,414.22,9.68,3.5,3.89,2026-07-14,2026-07-14 08:02:07
6177,達麗,46.1,46.4,46.4,45.55,52.01,42.31,49.09,0.0,0.04,-0.04,48.58,46.09,43.61,1605,845,1.9,217.54,12.13,3.0,6.51,2026-07-14,2026-07-14 08:02:09
6179,亞通,27.85,27.8,27.8,26.5,62.94,60.83,51.68,0.8,0.7,0.1,28.57,26.74,24.91,1943,2280,0.85,49.38,557.0,0.5,1.8,2026-07-14,2026-07-14 08:02:11
6180,橘子,45.35,45.15,45.8,44.1,14.71,16.77,35.16,0.43,1.1,-0.67,51.84,48.47,45.1,827,573,1.44,79.57,,1.0,2.21,2026-07-14,2026-07-14 08:02:12
6182,合晶,189.5,185.0,194.5,171.0,89.69,86.62,75.64,24.03,20.13,3.9,193.53,139.82,86.12,177814,113272,1.57,1124.87,2105.56,,,2026-07-14,2026-07-14 08:02:13
6183,關貿,90.2,90.4,91.4,89.7,57.29,54.59,50.0,-0.1,-0.23,0.12,90.86,89.98,89.1,102,37,2.72,135.3,23.19,3.2,3.55,2026-07-14,2026-07-14 08:02:14
6184,大豐電,42.8,43.6,43.6,42.55,16.65,15.37,13.04,-0.22,-0.14,-0.08,44.49,43.46,42.42,54,37,1.45,65.15,18.85,3.0,7.01,2026-07-14,2026-07-14 08:02:16
6185,幃翔,14.3,14.2,14.2,13.85,48.48,54.62,51.98,0.15,0.16,-0.01,14.76,14.14,13.53,381,209,1.82,21.29,65.0,0.39,2.73,2026-07-14,2026-07-14 08:02:20
6186,新潤,42.55,42.6,42.6,41.7,40.33,53.07,58.65,0.58,0.64,-0.06,44.12,42.19,40.27,616,454,1.36,82.93,5.48,5.01,11.77,2026-07-14,2026-07-14 08:02:21
6187,萬潤,1035.0,1020.0,1050.0,933.0,43.04,39.99,43.59,-28.89,-26.17,-2.72,1239.03,1068.1,897.17,2029,1781,1.14,1007.01,67.12,11.69,1.13,2026-07-14,2026-07-14 08:02:22
6188,廣明,77.7,78.1,78.1,72.7,39.92,52.8,40.0,-1.16,-1.18,0.02,81.83,78.06,74.29,1448,788,1.84,216.28,21.58,5.2,6.69,2026-07-14,2026-07-14 08:02:24
6189,豐藝,49.9,50.1,50.1,48.0,19.19,29.94,41.3,0.09,0.54,-0.44,54.0,51.26,48.53,942,585,1.61,131.63,18.48,2.7,5.41,2026-07-14,2026-07-14 08:02:25
6190,萬泰科,78.4,78.0,79.1,73.0,25.76,40.42,35.32,-0.01,0.93,-0.94,88.22,82.04,75.87,2809,1935,1.45,141.06,35.96,1.93,2.46,2026-07-14,2026-07-14 08:02:27
6191,精成科,101.5,101.0,101.5,93.6,25.88,35.9,50.34,1.16,1.75,-0.59,107.13,100.54,93.95,8960,6034,1.48,506.79,15.52,2.6,2.56,2026-07-14,2026-07-14 08:02:28
6192,巨路,121.0,122.0,122.0,116.0,47.29,46.79,44.44,-0.91,-0.96,0.05,123.32,119.92,116.53,252,128,1.96,116.35,12.19,5.8,4.79,2026-07-14,2026-07-14 08:02:29
6194,育富,31.0,31.0,31.0,30.25,14.96,22.13,26.23,-0.4,-0.28,-0.12,33.07,32.09,31.11,128,71,1.8,14.88,14.16,1.5,4.84,2026-07-14,2026-07-14 08:02:31
6195,詩肯,26.35,26.3,26.3,26.0,68.19,67.94,53.94,0.22,0.2,0.02,27.11,25.8,24.49,15,13,1.19,13.23,26.35,1.0,3.8,2026-07-14,2026-07-14 08:02:34
6196,帆宣,551.0,554.0,557.0,510.0,34.21,40.37,49.69,14.91,21.49,-6.58,586.83,552.41,517.99,1676,1421,1.18,1214.02,37.59,6.45,1.17,2026-07-14,2026-07-14 08:02:35
6197,佳必琪,328.5,328.0,331.5,307.5,24.76,37.97,39.84,12.1,19.05,-6.94,382.93,348.6,314.28,3311,2935,1.13,401.05,39.53,6.92,2.11,2026-07-14,2026-07-14 08:02:36
6198,瑞築,21.15,21.05,21.05,20.5,17.32,24.48,48.31,-0.1,-0.12,0.03,21.23,20.7,20.16,12,5,2.22,36.25,,,,2026-07-14,2026-07-14 08:02:37
6199,天品,106.0,106.0,106.5,101.0,61.54,66.05,62.2,2.31,2.05,0.26,109.72,101.74,93.76,749,881,0.85,65.47,341.94,,,2026-07-14,2026-07-14 08:02:38
6201,亞弘電,48.8,49.4,49.4,47.9,44.16,46.09,53.47,0.09,0.03,0.06,49.3,48.48,47.67,53,23,2.26,43.53,13.22,3.1,6.35,2026-07-14,2026-07-14 08:02:39
6202,盛群,70.2,69.2,71.8,63.7,57.66,56.75,45.39,2.62,2.72,-0.1,75.17,68.03,60.88,8438,11995,0.7,161.47,92.37,,,2026-07-14,2026-07-14 08:02:39
6203,海韻電,65.8,65.6,65.8,64.6,26.0,34.79,40.23,-0.61,-0.55,-0.05,68.79,67.03,65.27,248,133,1.87,54.22,11.99,3.5,5.32,2026-07-14,2026-07-14 08:02:41
6204,艾華,93.5,93.1,93.7,84.2,10.65,18.49,25.74,-1.4,3.06,-4.46,133.93,111.8,89.67,397,328,1.21,21.6,79.24,0.3,0.32,2026-07-14,2026-07-14 08:02:44
6205,詮欣,68.6,68.6,68.6,61.8,14.83,15.05,25.09,-2.86,-1.94,-0.93,83.92,74.79,65.65,1687,740,2.28,55.38,37.08,1.5,2.19,2026-07-14,2026-07-14 08:02:44
6206,飛捷,128.5,128.0,128.5,121.5,44.08,53.93,41.89,-0.54,-0.08,-0.46,136.16,130.07,123.99,1458,1112,1.31,183.83,18.76,5.5,4.28,2026-07-14,2026-07-14 08:02:45
6207,雷科,140.5,138.0,146.5,126.5,27.1,29.99,38.81,4.07,7.75,-3.68,170.78,149.05,127.32,10165,10320,0.99,112.06,156.11,0.6,0.43,2026-07-14,2026-07-14 08:02:46
6208,日揚,85.7,85.7,85.8,81.0,16.47,20.6,24.17,-0.5,1.08,-1.58,106.11,94.0,81.9,597,383,1.56,80.95,34.28,2.0,2.33,2026-07-14,2026-07-14 08:02:47
6209,今國光,82.8,81.5,82.4,74.6,50.28,41.91,34.6,-0.64,0.12,-0.75,98.85,84.6,70.35,6289,5555,1.13,145.24,92.0,0.5,0.6,2026-07-14,2026-07-14 08:02:48
6210,慶生,19.5,19.3,19.6,18.1,55.83,49.03,32.69,-0.34,-0.31,-0.03,21.09,20.05,19.01,26,13,1.87,6.83,,,,2026-07-14,2026-07-14 08:02:49
6212,理銘,28.8,28.1,28.9,28.1,64.66,62.78,82.61,0.15,0.14,0.01,29.17,28.61,28.05,4,1,4.0,29.38,7.27,3.5,12.15,2026-07-14,2026-07-14 08:02:52
6213,聯茂,359.5,358.0,365.0,325.0,42.53,57.5,60.96,26.59,28.41,-1.82,432.23,341.71,251.18,20515,22804,0.9,1306.66,88.55,3.0,0.83,2026-07-14,2026-07-14 08:02:52
6214,精誠,141.0,141.0,143.0,137.5,67.21,67.51,63.77,2.66,1.96,0.7,143.77,134.6,125.43,1791,1942,0.92,383.86,17.85,6.0,4.26,2026-07-14,2026-07-14 08:02:53
6215,和椿,111.0,111.0,112.0,102.0,48.47,61.63,48.51,-0.56,-0.87,0.31,119.28,108.9,98.52,1395,1540,0.91,91.9,53.88,1.0,0.9,2026-07-14,2026-07-14 08:02:54
6216,居易,22.55,22.85,22.85,22.1,33.79,43.43,39.44,-0.06,-0.05,-0.01,23.55,22.9,22.24,235,161,1.46,21.87,38.22,2.53,11.22,2026-07-14,2026-07-14 08:02:55
6217,中探針,242.5,243.0,243.0,218.5,27.2,35.81,41.16,-4.9,-3.1,-1.8,280.49,252.78,225.06,1966,964,2.04,276.49,60.93,,,2026-07-14,2026-07-14 08:02:56
6218,豪勉,36.6,36.15,36.45,33.9,44.13,43.06,32.32,-0.19,-0.16,-0.03,40.28,36.75,33.21,573,909,0.63,23.52,,,,2026-07-14,2026-07-14 08:02:57
6219,富旺,13.0,13.0,13.0,12.5,37.57,38.34,43.48,0.01,0.04,-0.03,13.25,12.93,12.6,404,200,2.02,16.25,2.52,0.67,5.15,2026-07-14,2026-07-14 08:02:58
6220,岳豐,34.0,35.6,36.85,34.75,48.79,35.05,41.88,0.13,0.25,-0.12,39.37,35.06,30.75,1877,549,3.42,49.8,41.98,0.7,2.06,2026-07-14,2026-07-14 08:03:00
6221,晉泰,22.05,22.05,22.05,21.4,19.94,25.27,25.86,-0.5,-0.46,-0.04,24.35,22.76,21.18,265,153,1.73,37.17,9.42,1.2,5.44,2026-07-14,2026-07-14 08:03:02
6222,立軒,21.05,21.05,21.05,21.05,69.29,55.58,48.05,0.04,-0.0,0.04,21.27,20.81,20.36,1,11,0.09,20.14,,,,2026-07-14,2026-07-14 08:03:04
6223,旺矽,6640.0,6525.0,6630.0,5980.0,38.35,46.7,41.93,179.95,234.97,-55.02,7409.3,6642.44,5875.58,815,577,1.41,6505.96,200.0,22.0,0.33,2026-07-14,2026-07-14 08:03:05
6224,聚鼎,67.3,68.3,68.3,62.2,18.91,30.45,36.46,-2.11,-0.48,-1.63,88.67,77.34,66.01,942,832,1.13,56.97,101.97,1.25,1.86,2026-07-14,2026-07-14 08:03:06
6225,天瀚,24.2,24.0,25.5,24.0,70.78,65.05,70.09,0.12,-0.23,0.35,25.4,22.57,19.75,21,11,1.76,6.73,,,,2026-07-14,2026-07-14 08:03:07
6226,光鼎,25.65,26.4,26.4,24.05,60.14,67.43,77.22,3.35,2.95,0.4,31.54,20.33,9.13,2882,2894,1.0,29.63,,,,2026-07-14,2026-07-14 08:03:08
6227,茂綸,114.0,114.5,115.5,108.5,27.11,35.45,40.62,-1.1,-0.0,-1.09,127.4,120.7,114.0,434,424,1.02,86.77,15.36,3.8,3.33,2026-07-14,2026-07-14 08:03:09
6228,全譜,19.7,18.65,18.75,18.65,18.68,23.51,36.6,-0.54,-0.51,-0.03,21.26,19.84,18.42,6,7,0.81,5.12,,,,2026-07-14,2026-07-14 08:03:11
6229,研通,25.8,25.55,25.55,24.65,16.49,21.63,22.12,-0.25,-0.03,-0.22,28.57,26.87,25.16,199,115,1.72,10.41,516.0,0.6,2.33,2026-07-14,2026-07-14 08:03:12
6230,尼得科超眾,120.0,122.0,122.0,112.5,24.23,24.27,28.12,-4.33,-4.04,-0.29,137.18,126.45,115.72,85,46,1.84,103.61,18.75,0.22,0.18,2026-07-14,2026-07-14 08:03:13
6231,系微,259.5,261.5,262.0,236.5,14.58,13.93,10.53,-8.79,-5.64,-3.15,314.41,280.18,245.94,649,346,1.88,118.47,39.2,5.7,2.2,2026-07-14,2026-07-14 08:03:14
6233,旺玖,24.55,24.35,24.55,22.9,28.76,29.95,24.31,-0.06,-0.0,-0.06,25.99,24.53,23.08,529,311,1.7,19.4,,0.75,3.05,2026-07-14,2026-07-14 08:03:16
6234,高僑,44.7,44.25,44.5,40.25,17.52,24.92,35.81,-0.86,-0.38,-0.48,51.18,45.74,40.29,1402,1533,0.91,44.87,894.0,0.45,1.01,2026-07-14,2026-07-14 08:03:18
6235,華孚,42.25,42.6,42.75,40.2,37.97,43.25,54.05,0.19,0.05,0.13,45.31,41.51,37.71,1032,974,1.06,84.46,14.62,1.2,2.84,2026-07-14,2026-07-14 08:03:19
6236,中湛,17.05,17.05,17.05,17.05,0.54,4.03,0.0,-0.57,-0.47,-0.11,20.11,18.12,16.13,0,0,0.0,7.1,213.12,,,2026-07-13,2026-07-14 08:03:20
6237,驊訊,41.3,40.95,41.4,37.9,10.41,14.05,19.53,-1.5,-0.9,-0.59,49.43,44.51,39.6,857,463,1.85,32.89,,0.1,0.24,2026-07-14,2026-07-14 08:03:21
6239,力成,312.5,308.5,316.5,287.0,23.13,29.44,34.96,-0.02,5.35,-5.36,365.97,332.05,298.13,25009,13848,1.81,2308.74,37.29,4.5,1.44,2026-07-14,2026-07-14 08:03:23
6240,松崗,18.5,18.05,18.4,17.65,59.71,55.78,56.9,0.08,0.03,0.05,18.77,18.2,17.63,19,8,2.38,4.23,,,,2026-07-14,2026-07-14 08:03:24
6241,鑫永洋,17.3,18.15,18.95,15.7,76.68,68.79,69.12,1.2,1.09,0.11,17.23,15.18,13.13,2514,1092,2.3,8.43,,,,2026-07-14,2026-07-14 08:03:25
6242,立康,35.8,35.8,36.05,35.5,35.78,30.76,38.89,-0.06,-0.03,-0.03,36.87,36.21,35.56,9,4,1.86,11.39,13.66,2.0,5.59,2026-07-14,2026-07-14 08:03:26
6243,迅杰,36.05,38.0,39.65,37.0,31.82,31.33,35.15,1.12,1.55,-0.43,46.48,39.3,32.12,1855,521,3.56,16.32,,1.2,3.33,2026-07-14,2026-07-14 08:03:27
6244,茂迪,26.3,26.35,27.2,25.5,30.16,31.74,40.59,-0.63,-0.57,-0.06,29.23,27.33,25.42,4799,2851,1.68,101.79,187.86,0.14,0.53,2026-07-14,2026-07-14 08:03:28
6245,立端,80.7,80.7,81.8,77.4,43.86,49.63,48.6,-0.72,-0.81,0.09,83.21,80.57,77.93,851,459,1.85,118.31,18.68,4.0,4.96,2026-07-14,2026-07-14 08:03:29
6246,臺龍,14.95,14.55,15.0,14.2,26.19,24.35,39.08,-0.14,-0.06,-0.08,16.49,15.59,14.69,46,53,0.86,5.66,13.11,,,2026-07-14,2026-07-14 08:03:32
6248,沛波,17.85,17.85,17.9,17.6,17.16,26.92,35.14,-0.17,-0.14,-0.02,18.56,18.19,17.81,215,95,2.25,17.16,11.74,1.8,10.08,2026-07-14,2026-07-14 08:03:33
6257,矽格,234.5,233.5,235.5,214.0,30.72,45.47,44.04,6.05,8.12,-2.06,263.33,235.76,208.19,8410,5701,1.47,1122.74,38.63,4.25,1.81,2026-07-14,2026-07-14 08:03:34
6259,百徽,37.6,38.1,40.1,37.0,32.22,48.95,54.81,2.46,3.04,-0.57,43.15,37.75,32.35,2437,2268,1.07,10.51,54.49,0.35,0.93,2026-07-14,2026-07-14 08:03:35
6261,久元,92.4,92.0,92.4,84.3,24.86,24.18,28.4,-3.26,-3.25,-0.01,100.7,94.17,87.65,1978,735,2.69,118.73,22.0,4.0,4.33,2026-07-14,2026-07-14 08:03:36
6263,普萊德,162.5,163.5,163.5,154.0,36.1,41.03,35.35,0.71,1.31,-0.6,174.08,164.35,154.62,260,228,1.14,101.56,19.65,7.8,4.8,2026-07-14,2026-07-14 08:03:37
6264,富裔,6.11,6.03,6.14,5.9,56.04,57.92,38.0,0.01,0.01,-0.0,6.22,6.1,5.97,85,29,2.88,8.33,,,,2026-07-14,2026-07-14 08:03:40
6265,方土昶,54.1,53.7,54.4,49.2,50.69,44.99,38.5,-0.29,0.01,-0.3,59.09,53.67,48.25,3883,3189,1.22,63.93,79.56,,,2026-07-14,2026-07-14 08:03:41
6266,泰詠,26.2,26.2,26.2,25.1,58.36,52.28,52.13,-0.01,-0.08,0.07,26.33,25.45,24.58,334,264,1.26,40.31,13.17,1.78,6.79,2026-07-14,2026-07-14 08:03:44
6269,台郡,61.9,62.5,62.6,58.0,9.6,8.85,17.47,-2.29,-0.86,-1.44,86.62,70.39,54.16,5048,2620,1.93,198.41,,,,2026-07-14,2026-07-14 08:03:44
6270,倍微,35.6,35.0,35.5,32.5,30.59,32.11,41.57,0.99,1.69,-0.7,41.51,36.97,32.42,1187,1692,0.7,25.68,33.27,1.0,2.81,2026-07-14,2026-07-14 08:03:45
6271,同欣電,236.0,233.5,239.0,212.5,18.87,28.95,43.53,3.53,9.02,-5.5,288.71,253.05,217.39,9715,8302,1.17,493.38,33.1,3.0,1.27,2026-07-14,2026-07-14 08:03:46
6272,驊陞,30.0,30.6,30.6,28.0,17.66,26.25,31.74,-0.59,-0.32,-0.27,33.29,31.32,29.35,411,217,1.89,24.34,8.8,2.02,6.73,2026-07-14,2026-07-14 08:03:47
6274,台燿,1550.0,1515.0,1530.0,1395.0,12.51,23.61,31.12,-3.97,33.8,-37.77,1887.2,1656.75,1426.3,5226,3920,1.33,4474.85,111.11,7.51,0.48,2026-07-14,2026-07-14 08:03:48
6275,元山,47.8,48.2,48.2,46.15,16.58,20.51,28.57,-0.36,-0.13,-0.23,52.5,49.07,45.64,363,236,1.54,38.36,17.32,1.99,4.16,2026-07-14,2026-07-14 08:03:49
6276,安鈦克,21.75,22.75,22.75,20.5,40.27,37.06,46.41,-1.17,-1.33,0.15,25.27,22.78,20.29,89,48,1.85,4.79,23.9,,,2026-07-14,2026-07-14 08:03:50
6277,宏正,74.8,75.3,75.3,72.1,61.3,57.95,63.3,-0.26,-0.77,0.5,74.21,71.12,68.04,479,255,1.88,89.36,23.23,5.6,7.49,2026-07-14,2026-07-14 08:03:51
6278,台表科,180.5,177.5,181.0,164.5,24.57,34.78,39.67,-2.94,-0.24,-2.7,214.8,196.36,177.91,8602,6227,1.38,521.62,19.39,5.57,3.09,2026-07-14,2026-07-14 08:03:53
6279,胡連,121.5,121.5,121.5,118.5,48.02,50.73,53.12,1.04,1.0,0.04,125.39,120.28,115.16,516,499,1.04,144.6,11.89,6.0,4.94,2026-07-14,2026-07-14 08:03:54
6281,全國電,51.0,51.6,51.6,50.8,33.91,48.01,47.73,0.05,0.09,-0.04,52.23,51.43,50.63,75,48,1.55,50.58,13.9,3.3,6.47,2026-07-14,2026-07-14 08:03:55
6282,康舒,58.0,57.2,57.9,52.3,36.56,40.93,35.71,-0.29,0.09,-0.37,63.01,58.17,53.33,26542,23781,1.12,496.5,386.67,0.5,0.86,2026-07-14,2026-07-14 08:03:57
6283,淳安,21.8,22.2,22.2,20.9,19.39,28.6,28.24,-0.45,-0.23,-0.21,25.08,23.47,21.87,271,136,1.98,32.02,60.56,,,2026-07-14,2026-07-14 08:03:59
6284,佳邦,97.9,96.6,97.6,88.2,26.75,40.83,36.67,-0.66,0.51,-1.17,108.36,99.58,90.81,3330,2603,1.28,144.87,23.37,1.89,1.93,2026-07-14,2026-07-14 08:04:00
6285,啟碁,259.0,254.5,261.5,238.5,48.11,55.24,48.45,-3.34,-3.98,0.64,273.72,253.92,234.11,10101,11175,0.9,1252.69,41.31,4.3,1.66,2026-07-14,2026-07-14 08:04:01
6290,良維,282.0,282.5,282.5,254.0,14.2,25.97,29.73,-5.85,-0.99,-4.86,331.1,303.48,275.85,4606,2844,1.62,477.93,33.89,6.19,2.2,2026-07-14,2026-07-14 08:04:02
6291,沛亨,453.5,450.0,455.5,408.5,10.18,11.89,30.88,-26.54,-12.04,-14.5,644.75,528.17,411.6,824,638,1.29,235.82,68.92,6.0,1.32,2026-07-14,2026-07-14 08:04:03
6292,迅德,57.1,56.0,57.6,52.1,13.29,21.33,36.18,-0.5,0.59,-1.09,68.39,61.07,53.75,338,148,2.28,26.61,28.69,1.8,3.15,2026-07-14,2026-07-14 08:04:04
6294,智基,27.6,27.65,28.2,27.25,19.07,28.51,50.34,-0.25,-0.3,0.05,29.48,27.91,26.35,31,16,1.92,7.19,10.0,3.0,10.87,2026-07-14,2026-07-14 08:04:05
6405,悅城,54.6,53.5,54.0,49.3,15.42,16.76,18.4,-3.23,-2.01,-1.23,72.13,60.94,49.74,1187,1198,0.99,35.93,,0.1,0.18,2026-07-14,2026-07-14 08:04:38
6407,相互,27.8,27.8,27.95,25.25,34.04,37.76,35.46,-0.7,-0.78,0.08,29.53,28.0,26.48,700,397,1.76,20.89,18.29,2.0,7.19,2026-07-14,2026-07-14 08:04:39
6409,旭隼,1055.0,1055.0,1090.0,1045.0,23.92,39.97,62.23,69.63,82.96,-13.33,1294.12,1056.95,819.78,1203,887,1.36,925.27,30.3,36.77,3.49,2026-07-14,2026-07-14 08:04:40
6411,晶焱,93.2,93.1,93.4,85.2,14.9,17.94,28.68,-0.6,0.88,-1.48,110.59,99.57,88.56,1147,690,1.66,91.34,29.87,2.22,2.38,2026-07-14,2026-07-14 08:04:41
6412,群電,86.7,87.4,87.9,82.2,13.21,22.0,35.31,-1.16,-0.08,-1.09,98.66,91.8,84.95,1735,1215,1.43,347.47,16.83,3.7,4.27,2026-07-14,2026-07-14 08:04:42
6414,樺漢,388.5,384.0,386.0,366.0,44.7,54.08,53.76,8.73,9.34,-0.6,403.24,378.8,354.36,1915,1578,1.21,563.51,19.45,13.78,3.55,2026-07-14,2026-07-14 08:04:43
6415,矽力*-KY,524.0,513.0,530.0,472.0,10.62,16.99,30.61,-7.59,7.54,-15.13,677.07,585.33,493.58,6596,4140,1.59,2034.97,83.31,2.55,0.49,2026-07-14,2026-07-14 08:04:43
6416,瑞祺電通,96.7,98.1,98.1,92.3,82.15,77.76,80.46,3.26,1.26,2.01,100.77,86.17,71.57,1234,1826,0.68,70.93,22.54,2.8,2.9,2026-07-14,2026-07-14 08:04:44
6417,韋僑,131.0,129.5,129.5,122.0,48.52,60.73,40.43,-0.25,0.13,-0.38,136.68,131.6,126.52,196,69,2.81,55.38,27.18,2.2,1.68,2026-07-14,2026-07-14 08:04:45
6418,詠昇,32.5,31.8,31.8,30.45,37.55,48.24,52.04,0.42,0.47,-0.04,34.87,32.2,29.52,106,64,1.64,11.22,44.52,0.38,1.17,2026-07-14,2026-07-14 08:04:46
6419,京晨科,146.0,144.5,146.5,133.5,32.62,36.65,35.11,0.01,0.45,-0.44,155.95,145.53,135.1,310,209,1.48,19.21,15.24,2.7,1.85,2026-07-14,2026-07-14 08:04:47
6423,億而得,80.2,80.3,80.3,72.2,33.61,50.39,35.96,-2.28,-2.46,0.18,89.12,82.38,75.64,424,384,1.1,24.28,138.28,1.0,1.25,2026-07-14,2026-07-14 08:04:48
6425,易發,67.0,67.1,67.3,60.5,19.47,20.51,25.0,-3.49,-3.13,-0.36,80.48,72.47,64.46,953,456,2.09,34.05,,0.99,1.48,2026-07-14,2026-07-14 08:04:50
6426,統新,182.0,183.0,186.0,164.0,25.93,27.55,27.16,-11.8,-11.4,-0.41,220.3,195.65,171.0,941,434,2.17,70.09,,0.5,0.27,2026-07-14,2026-07-14 08:04:51
6428,淘米,25.7,25.9,26.0,23.95,44.25,29.89,37.26,1.16,1.92,-0.76,40.01,27.41,14.8,53,33,1.61,4.54,29.2,,,2026-07-14,2026-07-14 08:04:52
6431,光麗-KY,18.3,18.3,18.4,17.5,40.42,44.77,51.19,-0.24,-0.29,0.05,19.61,18.53,17.44,55,39,1.38,17.82,,,,2026-07-14,2026-07-14 08:04:53
6432,今展科,73.7,72.3,75.9,70.3,33.77,41.15,49.05,2.32,3.53,-1.21,84.23,76.7,69.17,2019,1867,1.08,25.33,153.54,1.16,1.57,2026-07-14,2026-07-14 08:04:54
6434,達輝光電,17.5,16.8,17.45,15.0,25.16,25.55,29.6,-0.56,-0.44,-0.12,19.88,17.88,15.88,1062,449,2.37,81.13,,,,2026-07-14,2026-07-14 08:04:56
6435,大中,342.5,331.0,349.0,315.0,28.61,45.45,44.94,21.78,28.64,-6.85,426.66,354.62,282.59,1741,1560,1.12,128.3,36.83,7.5,2.19,2026-07-14,2026-07-14 08:04:57
6438,迅得,153.5,154.0,154.0,141.0,22.04,30.93,45.08,-1.93,-1.25,-0.67,169.01,154.97,140.94,799,391,2.04,126.19,29.52,5.0,3.26,2026-07-14,2026-07-14 08:04:58
6441,廣錠,22.0,21.95,22.05,21.35,25.5,38.87,44.63,-0.36,-0.38,0.01,23.41,22.44,21.47,84,47,1.79,11.73,,,,2026-07-14,2026-07-14 08:04:59
6442,光聖,1375.0,1380.0,1425.0,1250.0,13.39,14.05,12.65,-139.9,-108.15,-31.75,2108.23,1678.0,1247.77,2670,1918,1.39,1070.76,60.23,11.26,0.82,2026-07-14,2026-07-14 08:05:00
6443,元晶,30.4,30.45,31.0,28.8,9.9,9.31,14.07,-2.34,-1.88,-0.46,41.26,34.86,28.47,8640,5558,1.55,155.89,14.01,,,2026-07-14,2026-07-14 08:05:01
6446,藥華藥,1250.0,1260.0,1260.0,1165.0,42.06,62.79,63.33,112.53,120.56,-8.03,1454.91,1151.11,847.31,4030,3607,1.12,5153.01,102.04,1.49,0.12,2026-07-14,2026-07-14 08:05:02
6449,鈺邦,317.0,317.0,322.5,285.5,33.9,34.87,32.09,-6.79,1.73,-8.52,440.69,358.7,276.72,2448,1845,1.33,288.11,43.66,4.2,1.32,2026-07-14,2026-07-14 08:05:03
6451,訊芯-KY,490.0,491.5,502.0,441.0,14.88,18.99,18.57,-19.93,-8.46,-11.47,641.54,547.2,452.86,4187,3339,1.25,520.25,1960.0,0.22,0.04,2026-07-14,2026-07-14 08:05:03
6456,GIS-KY,70.6,70.8,71.4,64.7,61.7,59.0,43.97,-1.09,-1.28,0.19,77.65,70.68,63.71,4463,3643,1.23,233.13,,,,2026-07-14,2026-07-14 08:05:05
6461,益得,16.0,15.75,15.75,15.35,51.1,53.31,53.33,0.01,-0.1,0.1,16.34,15.48,14.61,266,134,1.98,28.54,,,,2026-07-14,2026-07-14 08:05:07
6462,神盾,107.0,107.0,108.0,98.7,11.54,13.16,13.95,-3.46,-2.28,-1.17,129.16,115.72,102.29,1490,693,2.15,97.64,19.96,,,2026-07-14,2026-07-14 08:05:08
6464,台數科,78.0,77.9,78.0,77.8,77.99,74.42,53.19,0.04,0.02,0.02,78.46,77.74,77.03,201,128,1.56,100.45,18.62,1.33,1.71,2026-07-14,2026-07-14 08:05:09
6465,威潤,59.6,59.5,60.6,55.6,41.18,36.31,35.91,0.95,1.79,-0.84,70.33,62.89,55.44,168,315,0.53,29.41,72.68,0.19,0.32,2026-07-14,2026-07-14 08:05:10
6467,泰合,113.5,113.5,114.5,109.0,48.93,45.25,34.25,-2.81,-3.18,0.37,131.23,115.95,100.67,186,111,1.68,59.44,,,,2026-07-14,2026-07-14 08:05:12
6469,大樹,78.5,78.5,78.5,76.5,75.59,78.15,64.46,0.92,0.65,0.27,78.89,75.7,72.5,422,342,1.23,117.71,20.18,3.16,4.03,2026-07-14,2026-07-14 08:05:13
6470,宇智,47.95,47.95,47.95,47.0,23.51,25.75,33.33,-0.18,0.01,-0.2,50.54,49.04,47.53,32,21,1.49,18.07,12.55,2.5,5.21,2026-07-14,2026-07-14 08:05:14
6472,保瑞,422.0,424.5,425.0,411.5,15.02,25.35,37.75,6.91,9.54,-2.63,444.92,424.85,404.78,863,856,1.01,537.15,12.58,10.0,2.37,2026-07-14,2026-07-14 08:05:16
6473,美賣*,7.78,7.52,7.8,7.51,78.26,76.09,60.99,-0.05,-0.14,0.09,8.03,7.54,7.04,24,36,0.66,4.67,,,,2026-07-14,2026-07-14 08:05:17
6474,華豫寧,38.45,38.45,38.45,37.0,58.84,54.36,50.44,0.08,-0.03,0.11,38.83,37.67,36.51,57,76,0.76,20.2,11.18,2.5,6.5,2026-07-14,2026-07-14 08:05:19
6477,安集,40.55,40.7,44.2,40.45,78.16,76.99,71.45,1.96,1.03,0.93,42.14,34.52,26.89,15403,8563,1.8,50.2,2027.5,0.06,0.15,2026-07-14,2026-07-14 08:05:19
6482,弘煜科,27.45,27.45,28.0,27.0,14.6,19.81,35.66,-0.49,-0.44,-0.05,29.85,28.2,26.56,40,14,2.75,7.86,11.88,1.0,3.64,2026-07-14,2026-07-14 08:05:20
6483,原創生醫,13.15,12.65,13.15,11.75,23.11,33.08,51.3,-0.04,0.03,-0.06,14.92,13.05,11.18,159,66,2.41,8.73,,,,2026-07-14,2026-07-14 08:05:22
6485,點序,74.6,74.2,74.4,67.3,15.33,12.88,12.38,-5.26,-4.64,-0.62,92.9,82.28,71.67,974,426,2.29,33.75,105.07,0.48,0.64,2026-07-14,2026-07-14 08:05:24
6486,互動,83.0,83.0,84.9,81.5,68.35,59.96,67.62,0.37,0.1,0.28,84.54,82.35,80.16,422,125,3.36,42.24,14.51,6.0,7.23,2026-07-14,2026-07-14 08:05:25
6488,環球晶,1485.0,1495.0,1575.0,1385.0,89.37,85.0,75.94,145.96,113.41,32.55,1514.94,1163.8,812.66,24952,8535,2.92,7099.99,97.06,7.7,0.52,2026-07-14,2026-07-14 08:05:27
6491,晶碩,365.5,367.5,367.5,350.0,59.52,70.6,67.4,14.36,13.54,0.83,393.15,345.55,297.95,762,511,1.49,280.7,17.73,10.0,2.74,2026-07-14,2026-07-14 08:05:27
6492,生華科,44.3,43.95,43.95,42.0,54.29,58.22,55.65,-0.21,-0.45,0.24,45.3,43.6,41.9,240,145,1.65,39.6,,,,2026-07-14,2026-07-14 08:05:28
6493,雷虎生,55.0,55.0,55.2,49.4,75.29,76.19,70.56,6.82,4.86,1.96,61.32,37.56,13.8,444,692,0.64,16.53,,0.2,0.36,2026-07-14,2026-07-14 08:05:29
6494,九齊,63.8,63.5,65.0,57.5,29.68,36.71,31.2,1.22,2.15,-0.93,71.12,66.09,61.06,408,350,1.17,20.14,,1.0,1.57,2026-07-14,2026-07-14 08:05:30
6496,科懋,25.4,24.35,25.1,24.35,82.28,72.86,52.0,0.18,0.14,0.05,25.83,24.89,23.95,4,4,1.06,11.8,,,,2026-07-14,2026-07-14 08:05:31
6498,久禾光,88.9,89.7,89.7,82.0,28.8,28.05,30.9,-1.97,-1.26,-0.71,103.56,94.08,84.59,153,86,1.76,41.93,13.96,4.5,5.06,2026-07-14,2026-07-14 08:05:35
6499,益安,69.8,69.6,70.1,63.9,23.74,32.75,34.96,-2.63,-2.69,0.06,75.9,71.45,67.0,764,298,2.56,67.67,23.66,,,2026-07-14,2026-07-14 08:05:35
6504,南六,35.6,36.3,36.3,35.0,49.99,50.63,41.43,-0.3,-0.37,0.07,36.55,36.06,35.58,51,28,1.82,25.85,12.71,1.0,2.81,2026-07-14,2026-07-14 08:05:36
6505,台塑化,63.1,64.8,67.2,63.3,81.85,76.33,73.5,2.69,1.82,0.87,64.38,56.45,48.52,49702,21159,2.35,6010.88,60.67,1.2,1.9,2026-07-14,2026-07-14 08:05:38
6506,雙邦,18.45,18.3,18.4,18.0,38.78,46.89,43.48,-0.07,-0.05,-0.02,19.26,18.63,18.0,142,127,1.12,15.2,17.91,1.0,5.42,2026-07-14,2026-07-14 08:05:39
6508,惠光,25.1,25.5,25.65,24.65,63.24,61.08,62.67,0.29,0.2,0.1,25.52,24.47,23.42,44,46,0.95,21.72,92.96,0.5,1.99,2026-07-14,2026-07-14 08:05:40
6509,聚和,51.2,50.8,51.1,49.1,32.12,47.57,56.51,1.18,1.3,-0.13,56.94,50.72,44.5,2495,2383,1.05,100.63,18.75,1.4,2.73,2026-07-14,2026-07-14 08:05:41
6510,精測,2775.0,2815.0,2815.0,2540.0,19.11,20.57,24.67,-175.9,-127.1,-48.81,3789.47,3177.13,2564.8,744,314,2.37,909.89,91.74,15.23,0.55,2026-07-14,2026-07-14 08:05:42
6512,啟發電,20.45,20.4,20.45,20.4,81.33,78.16,76.19,0.21,0.19,0.03,20.55,19.99,19.42,2,3,0.62,5.17,,,,2026-07-13,2026-07-14 08:05:43
6515,穎崴,7375.0,7290.0,7400.0,6665.0,13.43,22.76,30.63,-426.11,-240.26,-185.85,10461.5,8666.75,6872.0,468,294,1.59,2657.81,158.74,49.44,0.67,2026-07-14,2026-07-14 08:05:45
6516,勤崴國際,57.8,57.1,58.0,57.1,42.45,46.71,55.56,0.37,0.33,0.04,58.91,57.35,55.79,63,63,1.01,32.27,38.28,2.34,4.05,2026-07-14,2026-07-14 08:05:47
6517,保勝光學,72.0,73.1,75.6,70.1,41.41,28.65,48.87,0.65,1.07,-0.43,79.98,71.29,62.6,3933,1226,3.21,22.02,44.44,1.5,2.08,2026-07-14,2026-07-14 08:05:48
6518,康科特,31.6,32.55,32.55,32.55,42.62,47.81,58.29,0.58,0.5,0.07,34.45,31.65,28.84,0,4,0.0,,15.72,1.5,4.75,2026-07-14,2026-07-14 08:05:49
6523,達爾膚,90.1,90.0,90.2,89.3,10.31,13.98,28.63,-1.77,-1.43,-0.34,98.59,93.67,88.75,34,27,1.23,40.59,11.63,8.0,8.88,2026-07-14,2026-07-14 08:05:51
6525,捷敏-KY,192.5,194.0,194.0,173.5,62.87,71.96,55.48,19.02,18.43,0.59,222.59,169.03,115.46,5409,6521,0.83,248.42,33.13,5.0,2.6,2026-07-14,2026-07-14 08:05:51
6526,達發,682.0,675.0,680.0,616.0,45.02,48.95,41.74,2.45,4.64,-2.19,712.2,665.1,617.99,857,496,1.73,1142.39,39.38,13.5,1.98,2026-07-14,2026-07-14 08:05:52
6527,明達醫,71.1,70.1,71.1,70.0,39.83,52.82,36.11,0.19,0.45,-0.26,73.98,72.35,70.72,20,26,0.77,18.02,12.47,2.9,4.08,2026-07-14,2026-07-14 08:05:54
6530,創威,79.1,79.1,80.3,72.6,11.56,12.64,23.51,-5.38,-4.96,-0.43,98.54,87.31,76.08,752,496,1.52,26.7,40.77,2.0,2.53,2026-07-14,2026-07-14 08:05:55
6531,愛普*,893.0,899.0,915.0,814.0,16.5,17.62,24.88,-22.17,-7.1,-15.08,1112.73,972.22,831.71,3762,2351,1.6,1454.22,116.28,6.99,0.78,2026-07-14,2026-07-14 08:05:56
6532,瑞耘,75.8,75.7,76.4,69.9,10.93,18.08,20.07,-4.02,-2.44,-1.59,98.86,86.47,74.09,497,379,1.31,28.38,10.5,3.0,3.96,2026-07-14,2026-07-14 08:05:58
6533,晶心科,210.5,216.0,228.0,211.0,61.05,42.13,63.95,-1.94,-4.92,2.97,216.83,200.25,183.67,3117,813,3.83,106.62,25.22,,,2026-07-14,2026-07-14 08:05:59
6534,正瀚-創,93.0,93.0,93.5,91.7,60.98,48.75,60.76,0.08,-0.39,0.46,94.3,91.59,88.88,107,79,1.36,93.74,20.67,4.8,5.16,2026-07-14,2026-07-14 08:06:00
6535,順藥,98.3,98.0,98.0,93.8,13.62,21.7,39.76,-4.12,-4.59,0.47,107.25,101.07,94.88,265,147,1.8,164.64,,,,2026-07-14,2026-07-14 08:06:02
6536,碩豐,20.55,20.55,20.55,18.7,35.16,39.37,37.63,-0.56,-0.56,-0.01,22.66,20.62,18.59,17,4,4.22,5.41,158.08,,,2026-07-14,2026-07-14 08:06:03
6538,倉和,149.5,147.0,158.0,135.0,74.58,61.07,64.33,9.07,7.4,1.67,156.0,129.02,102.04,4052,1449,2.8,55.74,133.48,1.53,1.02,2026-07-14,2026-07-14 08:06:04
6539,麗彤,42.5,42.5,42.5,42.5,92.12,89.6,69.23,-0.08,-0.39,0.31,42.86,41.34,39.82,0,1,0.55,10.35,128.79,0.6,1.41,2026-07-13,2026-07-14 08:06:05
6541,泰福-KY,40.1,40.8,40.8,39.1,28.71,38.75,27.42,-0.02,0.14,-0.16,43.97,40.95,37.94,343,285,1.2,106.26,,,,2026-07-14,2026-07-14 08:06:06
6542,隆中,43.15,43.5,43.5,40.85,20.98,25.53,19.94,-0.9,-0.62,-0.28,48.85,46.08,43.31,15,10,1.41,17.69,2157.5,0.02,0.05,2026-07-14,2026-07-14 08:06:07
6543,普惠醫工,18.4,18.4,18.4,17.9,23.1,21.9,34.69,-0.59,-0.65,0.06,19.37,18.58,17.78,32,30,1.06,10.44,19.57,0.2,1.09,2026-07-14,2026-07-14 08:06:08
6546,正基,67.1,66.6,67.1,61.8,32.34,37.62,35.81,-1.3,-1.01,-0.29,73.57,68.7,63.84,497,243,2.04,44.86,24.67,2.5,3.73,2026-07-14,2026-07-14 08:06:09
6547,高端疫苗,45.85,46.15,46.2,44.1,25.2,31.78,44.98,-0.14,-0.19,0.05,48.05,46.1,44.15,2504,1509,1.66,150.73,31.4,,,2026-07-14,2026-07-14 08:06:10
6548,長科*,84.7,83.6,83.9,76.3,20.47,24.36,35.79,1.8,3.61,-1.81,96.08,87.46,78.83,10511,6786,1.55,781.82,52.28,1.8,2.13,2026-07-14,2026-07-14 08:06:12
6549,景凱,7.13,7.13,7.13,6.91,53.98,50.95,36.08,-0.14,-0.15,0.01,7.6,7.25,6.9,45,58,0.77,5.71,,,,2026-07-14,2026-07-14 08:06:14
6550,北極星藥業-KY,12.55,12.8,12.8,12.05,19.4,32.22,36.46,-0.4,-0.4,-0.0,14.03,13.2,12.38,1428,1040,1.37,112.3,,,,2026-07-14,2026-07-14 08:06:15
6552,易華電,28.3,28.7,28.7,26.3,19.56,26.09,31.78,-0.61,-0.36,-0.25,32.73,30.12,27.52,331,187,1.76,23.49,5.52,0.2,0.71,2026-07-14,2026-07-14 08:06:16
6555,榮炭,18.5,18.35,18.35,16.95,19.38,18.89,25.77,-0.73,-0.7,-0.03,20.7,19.28,17.86,365,126,2.88,22.06,,,,2026-07-14,2026-07-14 08:06:17
6556,勝品,69.3,66.4,66.4,65.7,23.18,37.79,30.46,-0.3,0.07,-0.36,70.39,68.22,66.05,12,18,0.65,19.92,10.3,3.5,5.05,2026-07-14,2026-07-14 08:06:18
6558,興能高,29.6,30.25,30.25,28.05,33.12,38.69,46.41,-0.35,-0.36,0.0,31.81,29.86,27.92,456,420,1.09,27.76,30.83,0.3,1.01,2026-07-14,2026-07-14 08:06:19
6559,研晶,17.75,17.75,17.75,15.35,53.68,57.12,33.26,-1.21,-1.35,0.15,21.19,18.88,16.58,100,45,2.22,4.12,59.17,0.2,1.13,2026-07-14,2026-07-14 08:06:20
6560,欣普羅,36.95,36.2,36.45,34.2,11.5,14.69,21.59,-0.43,-0.07,-0.36,40.94,38.39,35.83,147,82,1.79,12.0,,,,2026-07-14,2026-07-14 08:06:21
6561,是方,326.5,325.0,325.0,318.0,54.33,68.01,42.1,-3.39,-3.38,-0.01,335.23,329.42,323.6,85,46,1.82,251.27,20.84,14.3,4.38,2026-07-14,2026-07-14 08:06:22
6563,映智,29.25,29.25,29.25,25.9,41.26,49.85,47.18,-0.05,-0.25,0.21,29.76,27.76,25.75,163,207,0.79,8.7,,,,2026-07-14,2026-07-14 08:06:23
6564,安特羅,16.7,16.25,16.65,16.25,82.53,80.5,54.55,-0.17,-0.29,0.12,16.92,16.27,15.61,71,49,1.43,12.05,,,,2026-07-14,2026-07-14 08:06:25
6565,物聯,18.2,18.15,18.15,17.25,22.22,25.71,24.69,-0.84,-0.7,-0.14,21.41,19.55,17.7,44,41,1.09,4.94,18.2,,,2026-07-14,2026-07-14 08:06:27
6568,宏觀,161.5,161.5,161.5,147.0,33.39,28.24,27.0,-10.77,-11.97,1.2,182.35,164.78,147.2,298,133,2.23,49.74,40.78,2.0,1.24,2026-07-14,2026-07-14 08:06:28
6569,醫揚,102.0,102.0,102.0,98.2,21.74,28.79,34.73,-0.23,0.72,-0.94,112.95,106.68,100.41,66,54,1.23,39.85,35.54,3.0,2.94,2026-07-14,2026-07-14 08:06:30
6570,維田,49.7,49.7,49.7,46.2,27.76,38.08,35.98,-0.54,-0.01,-0.53,56.4,52.24,48.09,149,115,1.29,18.45,38.83,1.1,2.21,2026-07-14,2026-07-14 08:06:31
6572,博錸,7.47,7.46,7.67,6.68,72.73,72.39,55.0,-0.15,-0.26,0.11,7.74,7.22,6.7,271,130,2.08,7.74,,,,2026-07-14,2026-07-14 08:06:32
6573,虹揚-KY,26.0,25.5,25.5,23.4,65.07,74.01,55.99,2.81,2.68,0.13,30.65,22.11,13.57,1784,1762,1.01,20.93,21.14,,,2026-07-14,2026-07-14 08:06:33
6574,霈方,130.0,132.5,132.5,126.0,79.95,81.76,69.33,4.52,2.69,1.82,134.75,117.75,100.75,179,141,1.27,28.59,19.12,2.2,1.69,2026-07-14,2026-07-14 08:06:35
6576,逸達,82.0,81.1,81.3,79.6,42.58,54.23,56.25,1.01,1.0,0.01,85.2,80.95,76.69,191,231,0.83,129.18,,,,2026-07-14,2026-07-14 08:06:36
6577,勁豐,79.5,78.9,79.9,77.3,67.72,72.3,67.72,1.18,0.64,0.54,80.93,75.88,70.82,103,82,1.26,47.75,14.25,5.0,6.29,2026-07-14,2026-07-14 08:06:37
6578,達邦蛋白,16.3,16.35,16.35,15.85,34.24,42.2,42.86,-0.07,-0.05,-0.02,16.69,16.37,16.05,123,94,1.31,11.73,,0.4,2.45,2026-07-14,2026-07-14 08:06:38
6579,研揚,161.0,160.5,162.0,152.0,39.88,51.79,50.0,2.77,3.49,-0.72,176.01,162.54,149.07,735,778,0.94,272.82,28.85,3.75,2.33,2026-07-14,2026-07-14 08:06:40
6580,台睿,12.95,12.95,13.0,12.3,34.21,33.91,17.78,-0.51,-0.49,-0.02,14.51,13.52,12.53,80,85,0.95,14.52,,,,2026-07-14,2026-07-14 08:06:41
6581,鋼聯,108.0,108.5,108.5,107.5,71.09,49.91,63.64,-0.2,-0.35,0.15,109.43,107.33,105.22,17,14,1.21,120.17,17.56,5.3,4.91,2026-07-14,2026-07-14 08:06:42
6582,申豐,32.6,32.6,32.6,31.7,22.23,27.01,43.84,0.26,0.37,-0.12,33.89,32.64,31.38,54,34,1.56,34.61,,1.0,3.07,2026-07-14,2026-07-14 08:06:43
6583,友松,11.85,11.8,11.8,11.8,10.8,18.37,49.32,-0.11,-0.03,-0.08,13.38,12.28,11.17,1,9,0.11,1.89,,2.0,16.88,2026-07-14,2026-07-14 08:06:43
6584,南俊國際,666.0,666.0,684.0,649.0,18.51,25.29,51.27,2.98,6.16,-3.18,750.36,675.55,600.74,510,286,1.78,470.33,124.95,1.5,0.23,2026-07-14,2026-07-14 08:06:45
6585,鼎基,124.0,124.0,126.5,122.0,29.76,29.49,34.62,2.92,5.11,-2.19,142.4,130.53,118.66,325,298,1.09,89.45,22.79,4.5,3.63,2026-07-14,2026-07-14 08:06:45
6586,醣基,111.0,111.0,112.0,99.0,23.4,34.98,36.63,9.67,13.25,-3.58,151.26,115.24,79.22,2325,1214,1.91,237.55,,,,2026-07-14,2026-07-14 08:06:47
6588,東典光電,78.0,77.0,77.9,70.2,10.36,7.71,16.01,-9.39,-9.05,-0.34,113.36,90.76,68.17,855,371,2.3,27.07,,,,2026-07-14,2026-07-14 08:06:48
6589,台康生技,50.6,49.6,49.6,45.85,31.93,41.5,48.85,0.92,1.04,-0.11,51.65,47.9,44.15,1863,1011,1.84,153.26,,,,2026-07-14,2026-07-14 08:06:51
6590,普鴻,68.2,68.0,68.0,66.8,56.83,60.03,43.42,0.21,0.08,0.12,69.6,67.31,65.03,6,9,0.73,17.03,13.4,2.8,4.11,2026-07-14,2026-07-14 08:06:53
6591,動力-KY,47.75,47.75,47.75,44.8,21.15,35.13,25.49,-0.9,-0.51,-0.39,53.04,50.12,47.21,296,225,1.31,19.64,9.63,4.0,8.38,2026-07-14,2026-07-14 08:06:54
6592,和潤企業,59.7,60.2,60.9,59.0,30.48,36.69,46.03,0.25,0.44,-0.18,61.76,60.05,58.35,959,1081,0.89,383.18,13.06,3.0,5.03,2026-07-14,2026-07-14 08:06:55
6593,台灣銘板,34.0,33.3,34.5,33.05,45.67,38.22,50.53,-0.23,-0.35,0.12,35.31,34.03,32.74,86,62,1.39,10.83,,0.45,1.32,2026-07-14,2026-07-14 08:06:56
6595,光禹國際,30.0,28.5,30.0,28.35,79.03,76.01,41.23,-0.29,-0.3,0.01,31.57,30.35,29.14,55,25,2.18,14.93,,0.25,0.83,2026-07-14,2026-07-14 08:06:58
6596,寬宏藝術,90.0,90.1,90.8,88.5,12.46,21.11,35.25,-1.27,-1.03,-0.24,95.91,92.84,89.77,209,133,1.57,34.2,4.79,18.7,20.78,2026-07-14,2026-07-14 08:06:59
6597,立誠,67.2,64.0,66.4,63.0,51.57,50.25,38.73,-0.79,-0.85,0.06,70.6,67.35,64.1,6,2,2.5,19.62,26.88,1.0,1.49,2026-07-14,2026-07-14 08:07:02
6598,ABC-KY,24.85,25.05,25.4,23.5,53.6,46.47,55.77,-0.1,-0.23,0.12,24.67,23.32,21.97,488,297,1.64,25.55,,,,2026-07-14,2026-07-14 08:07:03
6599,普達系統,40.3,40.3,40.3,40.3,3.09,3.5,15.62,-1.03,-0.89,-0.13,45.31,42.4,39.49,1,1,0.62,8.46,15.56,2.1,5.21,2026-07-13,2026-07-14 08:07:04
6603,富強鑫,25.2,25.3,25.45,23.5,52.52,61.86,52.53,0.56,0.53,0.04,27.21,24.48,21.74,1235,818,1.51,41.84,41.31,0.3,1.19,2026-07-14,2026-07-14 08:07:05
6604,儒億,37.5,37.25,37.4,35.9,56.44,67.72,50.79,0.92,1.03,-0.11,39.14,36.59,34.04,64,61,1.04,,,1.3,3.47,2026-07-14,2026-07-14 08:07:06
6605,帝寶,127.5,128.5,128.5,125.0,31.32,27.53,41.97,-1.16,-0.64,-0.52,136.72,130.47,124.22,484,679,0.71,211.42,9.24,6.5,5.1,2026-07-14,2026-07-14 08:07:07
6606,建德工業,25.4,25.4,25.6,24.85,76.15,75.68,69.23,0.14,0.12,0.01,25.34,24.95,24.55,141,106,1.32,28.02,23.52,1.03,4.06,2026-07-14,2026-07-14 08:07:10
6609,瀧澤科,43.75,43.75,46.3,41.3,67.59,49.9,69.52,0.0,-0.51,0.51,44.31,41.03,37.75,3788,1154,3.28,31.7,,0.77,1.76,2026-07-14,2026-07-14 08:07:12
6610,安成生技,29.3,29.4,29.4,27.55,74.94,66.21,62.03,0.38,0.07,0.31,29.35,27.26,25.16,362,504,0.72,60.82,,,,2026-07-14,2026-07-14 08:07:13
6612,奈米醫材,73.5,73.0,73.8,70.7,34.67,45.21,50.0,0.6,0.69,-0.08,76.92,73.19,69.45,31,32,0.97,34.66,68.06,0.3,0.41,2026-07-14,2026-07-14 08:07:14
6613,朋億*,353.0,350.0,369.5,344.5,47.33,37.53,51.91,13.04,17.56,-4.52,388.41,350.9,313.4,1232,413,2.98,274.64,26.52,10.0,2.83,2026-07-14,2026-07-14 08:07:16
6614,資拓宏宇,40.75,39.5,40.35,39.4,30.49,29.67,50.68,0.02,0.0,0.01,41.03,40.11,39.19,108,54,2.0,32.87,19.78,1.65,4.05,2026-07-14,2026-07-14 08:07:16
6615,慧智,35.45,34.3,34.85,34.3,42.2,53.32,25.47,0.48,0.73,-0.26,38.28,36.16,34.05,21,13,1.6,7.65,,0.3,0.85,2026-07-14,2026-07-14 08:07:17
6616,特昇-KY,8.83,8.88,9.05,8.76,41.69,39.01,43.97,-0.16,-0.16,-0.0,9.62,9.13,8.64,27,22,1.22,3.13,,,,2026-07-14,2026-07-14 08:07:19
6617,共信-KY,105.0,107.0,109.0,97.0,74.95,81.42,77.79,11.16,8.34,2.82,124.04,83.98,43.92,471,599,0.79,,,,,2026-07-14,2026-07-14 08:07:20
6618,永虹先進,22.3,22.3,23.0,20.5,50.11,50.73,66.8,0.7,0.55,0.15,23.87,20.19,16.51,1472,986,1.49,23.37,,,,2026-07-14,2026-07-14 08:07:21
6620,漢達,90.1,88.3,90.8,82.8,29.31,49.33,38.42,5.27,6.91,-1.63,114.63,93.39,72.15,1738,1021,1.7,146.44,18.65,2.07,2.3,2026-07-14,2026-07-14 08:07:56
6621,華宇藥,12.0,12.0,12.25,11.0,65.72,70.74,51.92,-0.02,-0.11,0.09,12.09,11.45,10.81,241,107,2.25,4.32,,,,2026-07-14,2026-07-14 08:07:57
6622,百聿數碼,7.02,7.1,7.1,6.68,34.17,55.73,29.63,-0.07,-0.07,-0.0,7.23,7.0,6.76,38,8,4.63,2.41,,,,2026-07-14,2026-07-14 08:07:58
6624,萬年清,38.35,40.0,40.0,39.0,16.25,26.19,48.06,-0.98,-0.83,-0.15,45.8,41.69,37.58,4,3,1.16,8.01,106.53,0.55,1.43,2026-07-14,2026-07-14 08:07:59
6625,必應,80.1,76.6,78.8,75.8,64.48,65.25,51.65,0.89,1.06,-0.18,80.17,78.75,77.34,578,234,2.47,46.44,8.81,5.0,6.24,2026-07-14,2026-07-14 08:08:00
6629,泰金-KY,108.0,107.5,107.5,103.5,14.4,16.19,16.67,-1.37,-1.27,-0.1,112.3,109.03,105.76,65,23,2.81,41.44,17.45,6.2,5.74,2026-07-14,2026-07-14 08:08:01
6634,欣耀,65.2,65.2,66.0,62.4,34.54,39.5,52.24,1.61,2.39,-0.78,77.33,67.81,58.29,145,126,1.15,46.48,,,,2026-07-14,2026-07-14 08:08:02
6637,醫影,64.7,64.1,64.8,63.1,39.76,45.83,50.32,-0.14,-0.47,0.32,66.74,63.83,60.93,110,208,0.53,17.35,9.06,3.63,5.61,2026-07-14,2026-07-14 08:08:06
6638,沅聖,49.4,47.05,48.0,46.55,54.16,55.1,34.59,-0.97,-0.71,-0.26,55.23,50.3,45.37,39,13,2.86,14.82,,1.0,2.02,2026-07-14,2026-07-14 08:08:07
6639,源大環能,6.25,5.97,6.1,5.7,74.41,69.38,46.05,-0.21,-0.28,0.07,6.57,6.08,5.58,31,26,1.17,3.6,,,,2026-07-14,2026-07-14 08:08:09
6640,均華,968.0,960.0,973.0,873.0,13.48,21.2,37.24,-59.72,-54.51,-5.21,1183.77,1050.2,916.63,365,201,1.81,277.62,78.76,15.0,1.55,2026-07-14,2026-07-14 08:08:11
6641,基士德-KY,18.2,18.4,18.4,17.55,36.74,42.01,50.62,0.1,0.08,0.02,18.88,18.06,17.25,71,56,1.27,6.64,39.57,0.4,2.2,2026-07-14,2026-07-14 08:08:11
6642,富致,79.9,78.1,80.7,76.0,26.69,35.13,37.43,-0.17,0.59,-0.75,90.91,83.1,75.28,401,316,1.27,29.88,30.85,1.8,2.25,2026-07-14,2026-07-14 08:08:13
6643,M31,440.5,442.0,442.0,403.0,10.71,16.27,28.3,-23.61,-20.49,-3.12,524.83,474.75,424.67,507,332,1.53,185.38,263.77,1.19,0.27,2026-07-14,2026-07-14 08:08:15
6645,金萬林-創,15.6,15.55,15.55,14.6,26.71,33.38,32.35,0.46,0.65,-0.19,16.69,15.7,14.7,59,32,1.8,9.42,,,,2026-07-14,2026-07-14 08:08:17
6648,斯其大,15.0,15.4,15.45,14.85,23.99,23.16,36.25,-0.49,-0.4,-0.09,17.56,16.26,14.95,43,43,0.99,7.12,,,,2026-07-14,2026-07-14 08:08:18
6649,台生材,38.55,38.35,40.8,37.4,62.13,63.92,68.18,0.14,-0.04,0.19,40.01,38.21,36.41,208,66,3.15,16.19,27.54,1.0,2.59,2026-07-14,2026-07-14 08:08:20
6650,帝圖,29.5,28.4,29.45,28.0,46.46,59.02,59.39,0.32,0.21,0.11,30.91,27.91,24.9,32,11,2.7,9.17,27.83,1.05,3.56,2026-07-14,2026-07-14 08:08:22
6651,全宇昕,143.0,140.0,142.0,130.5,23.03,36.57,34.36,2.84,5.64,-2.79,171.46,152.72,133.99,305,311,0.98,49.48,22.66,4.0,2.8,2026-07-14,2026-07-14 08:08:24
6654,天正國際,184.0,184.0,184.0,172.0,23.94,31.99,40.3,7.2,11.7,-4.5,221.7,195.8,169.9,122,58,2.1,68.56,9200.0,,,2026-07-14,2026-07-14 08:08:33
6655,科定,118.0,114.0,120.0,114.0,32.26,44.21,44.9,-1.11,-1.11,0.0,122.4,118.92,115.43,9,6,1.44,92.7,30.18,6.0,5.08,2026-07-14,2026-07-14 08:08:34
6657,華安,34.75,34.75,34.75,33.0,17.23,30.22,41.94,-0.7,-0.63,-0.07,37.63,35.84,34.05,119,85,1.39,30.55,,,,2026-07-14,2026-07-14 08:08:35
6658,聯策,175.5,174.0,177.5,163.0,10.85,19.12,45.7,-1.71,4.09,-5.8,243.0,199.53,156.05,794,744,1.07,63.83,145.04,1.2,0.68,2026-07-14,2026-07-14 08:08:35
6659,天明製藥,19.7,19.7,20.05,19.7,54.8,64.31,44.78,-0.08,-0.06,-0.02,20.72,20.29,19.85,4,183,0.02,,,,,2026-07-14,2026-07-14 08:08:36
6661,威健生技,18.0,17.35,18.0,17.35,50.84,56.13,53.28,0.33,0.29,0.03,19.59,17.6,15.6,3,5,0.52,4.19,300.0,,,2026-07-13,2026-07-14 08:08:37
6662,樂斯科,29.4,30.15,30.15,29.7,49.74,44.91,49.18,-0.03,-0.01,-0.02,30.23,29.64,29.05,2,1,1.27,7.53,17.82,1.5,5.1,2026-07-14,2026-07-14 08:08:40
6664,群翊,387.0,392.0,392.0,361.0,37.96,36.72,47.79,-5.67,-6.73,1.06,405.17,382.77,360.38,603,408,1.48,235.32,26.8,10.14,2.62,2026-07-14,2026-07-14 08:08:42
6665,康聯生醫,20.1,19.2,19.7,19.0,54.04,64.74,51.4,0.0,-0.08,0.08,21.2,19.9,18.6,25,25,0.99,9.12,105.79,0.15,0.75,2026-07-14,2026-07-14 08:08:43
6666,羅麗芬-KY,44.35,45.0,45.0,43.7,67.23,62.17,60.87,0.66,0.65,0.01,44.64,43.57,42.49,63,32,1.97,21.02,18.33,2.0,4.51,2026-07-14,2026-07-14 08:08:44
6667,信紘科,255.5,254.0,254.0,241.5,21.03,21.73,27.08,-1.49,0.72,-2.21,280.41,264.62,248.83,384,235,1.63,125.91,18.69,11.71,4.58,2026-07-14,2026-07-14 08:08:45
6668,中揚光,37.9,38.15,38.15,34.65,22.15,19.52,21.53,-0.68,-0.21,-0.47,46.66,40.31,33.96,865,498,1.74,40.6,77.35,,,2026-07-14,2026-07-14 08:08:45
6669,緯穎,4960.0,4930.0,4985.0,4755.0,50.18,61.79,58.62,31.36,20.79,10.57,5366.73,4869.26,4371.79,1094,1041,1.05,27653.11,18.69,144.39,2.91,2026-07-14,2026-07-14 08:08:46
6670,復盛應用,259.5,261.5,261.5,254.0,73.68,69.91,74.24,0.62,0.6,0.03,280.4,260.1,239.8,483,257,1.88,361.71,11.69,16.0,6.17,2026-07-14,2026-07-14 08:08:47
6671,三能-KY,24.4,24.9,24.9,24.2,32.87,40.83,31.82,-0.64,-0.72,0.09,26.03,24.86,23.68,9,5,1.56,14.82,10.38,1.2,4.92,2026-07-14,2026-07-14 08:08:48
6672,騰輝電子-KY,275.0,276.0,280.0,250.5,26.64,42.54,49.36,15.84,20.76,-4.92,333.73,278.73,223.72,3509,2895,1.21,196.45,57.17,3.35,1.22,2026-07-14,2026-07-14 08:08:49
6673,和詮,15.9,15.9,15.9,14.45,24.15,22.64,24.0,-0.61,-0.43,-0.17,21.37,17.36,13.36,200,116,1.72,4.21,,,,2026-07-14,2026-07-14 08:08:50
6674,鋐寶科技,16.4,16.4,16.45,15.9,29.15,28.41,28.95,-0.3,-0.24,-0.06,17.87,17.1,16.32,45,30,1.49,11.24,,,,2026-07-14,2026-07-14 08:08:51
6676,祥翊,14.05,14.05,14.05,12.7,49.79,52.34,54.32,0.06,-0.09,0.15,14.14,13.1,12.06,772,1087,0.71,23.84,,,,2026-07-14,2026-07-14 08:08:52
6677,瑩碩生技,17.6,17.4,17.55,17.05,58.63,63.99,52.86,-0.02,-0.11,0.09,17.82,17.07,16.32,23,51,0.45,9.85,,,,2026-07-14,2026-07-14 08:08:54
6679,鈺太,238.5,238.5,238.5,223.0,16.25,16.92,20.37,-11.67,-9.06,-2.61,297.73,265.1,232.47,413,217,1.9,127.09,35.07,6.5,2.73,2026-07-14,2026-07-14 08:08:56
6680,鑫創電子,49.6,49.0,49.75,49.0,36.17,38.87,42.38,-1.16,-1.27,0.11,53.41,50.43,47.46,9,2,3.22,11.88,,3.05,6.15,2026-07-14,2026-07-14 08:08:57
6682,華旭先進,43.0,43.0,43.25,38.55,12.26,10.29,19.31,-4.17,-2.64,-1.52,68.47,54.34,40.21,2012,1086,1.85,63.91,,,,2026-07-14,2026-07-14 08:08:59
6683,雍智科技,1675.0,1630.0,1720.0,1510.0,24.81,35.72,26.87,-15.71,-1.73,-13.98,1907.57,1716.06,1524.55,772,397,1.94,461.58,109.91,9.0,0.54,2026-07-14,2026-07-14 08:09:00
6684,安格,51.6,51.3,51.7,48.85,11.76,19.4,28.75,0.68,2.09,-1.41,67.02,56.93,46.83,469,350,1.34,22.99,32.87,,,2026-07-14,2026-07-14 08:09:03
6689,伊雲谷,64.7,64.2,64.2,60.9,48.79,43.28,33.61,-1.21,-1.27,0.06,68.39,64.71,61.04,207,105,1.96,43.87,28.13,2.0,3.09,2026-07-14,2026-07-14 08:09:04
6690,安碁資訊,165.0,165.0,165.0,160.0,50.18,55.38,45.83,-0.11,0.12,-0.23,171.32,165.59,159.87,98,51,1.92,49.5,16.26,9.0,5.45,2026-07-14,2026-07-14 08:09:06
6691,洋基工程,725.0,728.0,728.0,689.0,25.19,28.35,36.82,9.42,18.96,-9.54,802.9,739.6,676.3,839,616,1.36,874.33,29.33,16.0,2.21,2026-07-14,2026-07-14 08:09:07
6692,進能服,24.6,24.15,24.3,23.9,24.64,24.38,34.29,-0.6,-0.59,-0.01,27.08,25.59,24.09,19,10,1.82,14.25,106.96,0.2,0.81,2026-07-14,2026-07-14 08:09:08
6693,廣閎科,232.5,228.0,234.0,209.5,27.66,42.44,39.82,15.34,20.08,-4.74,275.9,232.78,189.66,1771,1063,1.67,104.73,74.76,0.6,0.26,2026-07-14,2026-07-14 08:09:10
6695,芯鼎,54.1,54.1,54.2,49.0,13.68,14.1,8.54,-0.38,0.69,-1.07,67.07,58.16,49.25,1231,672,1.83,52.19,,,,2026-07-14,2026-07-14 08:09:11
6696,仁新,608.0,602.0,652.0,586.0,81.39,81.09,85.46,60.01,39.04,20.97,670.19,474.0,277.81,1599,1780,0.9,504.15,,,,2026-07-14,2026-07-14 08:09:13
6697,東捷資訊,41.25,41.2,41.2,40.5,24.83,27.53,34.18,-0.28,-0.22,-0.06,42.15,41.36,40.57,29,12,2.38,11.27,13.66,2.6,6.3,2026-07-14,2026-07-14 08:09:15
6698,旭暉應材,39.9,39.2,39.4,37.1,16.13,16.48,19.78,0.27,0.96,-0.69,46.11,41.43,36.75,421,273,1.54,26.25,,0.5,1.25,2026-07-14,2026-07-14 08:09:16
6703,軒郁,118.0,118.0,118.0,115.0,65.0,71.03,63.27,1.74,1.28,0.46,121.46,113.22,104.99,86,44,1.95,38.63,11.93,9.6,8.14,2026-07-14,2026-07-14 08:09:18
6704,國璽幹細胞,19.7,20.25,20.5,19.4,27.61,31.09,32.32,-0.33,-0.22,-0.11,22.31,20.79,19.27,78,75,1.05,18.9,,,,2026-07-14,2026-07-14 08:09:20
6705,振躍精密,95.3,92.3,95.3,90.7,52.9,48.85,72.06,0.56,-0.14,0.7,96.51,90.77,85.04,8,18,0.5,17.16,35.17,2.3,2.41,2026-07-14,2026-07-14 08:09:22
6706,惠特,131.0,130.0,132.5,118.5,15.41,17.58,26.06,-10.0,-8.09,-1.91,176.21,150.03,123.84,2952,1440,2.05,102.9,21.8,,,2026-07-14,2026-07-14 08:09:23
6707,富基電通,33.0,33.0,33.0,30.85,53.03,51.95,30.65,-0.45,-0.38,-0.06,34.84,32.97,31.1,260,119,2.17,19.47,12.64,,,2026-07-14,2026-07-14 08:09:25
6708,天擎,39.9,39.2,40.2,38.0,31.56,35.12,38.35,-0.23,-0.17,-0.06,41.06,39.84,38.62,35,23,1.47,11.41,159.6,,,2026-07-14,2026-07-14 08:09:27
6709,昱厚生技,24.9,24.6,24.6,24.0,53.12,56.63,45.37,-0.09,-0.1,0.01,25.59,24.95,24.32,27,25,1.05,17.28,,,,2026-07-14,2026-07-14 08:09:29
6712,長聖,168.0,167.5,168.0,160.0,55.49,69.07,56.55,8.71,8.23,0.48,184.5,157.07,129.65,1602,1867,0.86,170.96,36.13,3.33,1.98,2026-07-14,2026-07-14 08:09:30
6715,嘉基,373.0,367.0,380.0,341.5,9.94,14.28,24.14,-15.37,-3.94,-11.43,549.39,450.41,351.42,603,552,1.09,249.13,208.38,1.94,0.52,2026-07-14,2026-07-14 08:09:32
6716,應廣,98.0,94.9,98.2,88.2,40.02,50.52,38.52,0.47,0.85,-0.38,106.36,98.09,89.82,627,552,1.13,29.64,45.37,1.6,1.63,2026-07-14,2026-07-14 08:09:33
6719,力智,252.5,252.5,256.0,231.0,18.04,29.73,34.93,6.2,12.63,-6.43,316.71,274.02,231.34,3319,2550,1.3,266.35,39.51,4.6,1.82,2026-07-14,2026-07-14 08:09:35
6720,久昌,138.0,131.0,138.5,131.0,23.27,27.9,46.74,-2.54,-2.68,0.15,148.05,141.15,134.25,49,26,1.88,40.95,35.84,3.5,2.54,2026-07-14,2026-07-14 08:09:36
6721,信實,54.2,54.1,54.2,54.0,32.17,23.14,25.0,-0.32,-0.19,-0.13,56.19,55.17,54.16,5,11,0.46,12.2,11.66,3.3,6.09,2026-07-14,2026-07-14 08:09:37
6722,輝創,34.35,35.0,35.0,33.5,42.06,51.37,39.83,-0.56,-0.48,-0.08,37.91,35.53,33.15,52,25,2.04,30.37,11.89,2.0,5.82,2026-07-14,2026-07-14 08:09:38
6723,傑智環境,38.05,38.05,38.05,35.7,67.78,74.9,22.45,-0.24,-0.21,-0.03,39.14,38.18,37.22,53,29,1.79,11.43,9.73,2.5,6.57,2026-07-14,2026-07-14 08:09:40
6725,矽科宏晟,325.5,323.5,324.0,300.0,19.52,20.82,38.69,-1.78,1.12,-2.9,364.19,329.65,295.11,262,124,2.11,120.46,25.25,8.0,2.46,2026-07-14,2026-07-14 08:09:41
6727,亞泰金屬,465.5,431.0,446.5,419.0,47.8,60.23,48.51,3.59,-0.35,3.95,538.9,450.1,361.3,1353,2138,0.63,125.15,68.46,4.5,0.97,2026-07-14,2026-07-14 08:09:43
6728,上洋,110.0,109.0,109.0,107.0,70.55,75.43,44.44,-0.45,-0.62,0.16,111.73,109.42,107.12,27,9,2.96,33.13,11.45,8.0,7.27,2026-07-14,2026-07-14 08:09:45
6729,機光科技,51.0,51.0,51.5,48.0,29.31,34.33,51.37,-0.98,-0.91,-0.07,55.77,52.24,48.71,62,42,1.47,14.11,68.0,0.95,1.86,2026-07-14,2026-07-14 08:09:47
6730,常廣,37.1,36.7,37.0,36.45,51.31,58.95,57.6,0.45,0.41,0.04,37.91,36.76,35.61,6,10,0.58,13.47,17.58,1.5,4.04,2026-07-14,2026-07-14 08:09:48
6732,昇佳電子,197.5,201.5,210.0,192.5,77.78,75.1,72.67,10.43,7.73,2.69,215.54,179.0,142.46,1534,755,2.03,96.6,31.85,5.5,2.78,2026-07-14,2026-07-14 08:09:49
6733,博晟生醫,26.0,26.0,26.0,25.2,55.32,59.8,60.83,-0.04,-0.28,0.24,26.94,25.0,23.06,182,146,1.25,34.92,,,,2026-07-14,2026-07-14 08:09:50
6734,安盛生,6.7,6.7,6.83,6.38,52.83,66.55,39.22,-0.04,-0.01,-0.03,7.18,6.85,6.53,18,15,1.19,2.78,,,,2026-07-14,2026-07-14 08:09:51
6735,美達科技,77.8,77.9,78.1,70.5,10.88,9.24,11.9,-5.77,-5.05,-0.72,99.07,86.99,74.92,254,135,1.88,35.93,243.13,0.7,0.9,2026-07-14,2026-07-14 08:09:54
6737,秀育,30.0,28.9,30.0,28.5,59.9,65.55,50.0,-0.37,-0.57,0.21,31.02,29.8,28.57,16,11,1.35,18.02,10.27,1.6,5.33,2026-07-14,2026-07-14 08:09:55
6738,鼎��,65.2,65.3,65.3,60.8,82.75,71.04,42.37,-0.64,-0.81,0.17,66.25,65.27,64.3,365,146,2.49,24.19,,,,2026-07-14,2026-07-14 08:09:56
6739,竹陞科技,1050.0,1030.0,1100.0,969.0,23.63,30.65,47.33,-32.41,-30.36,-2.05,1287.9,1121.3,954.7,308,227,1.36,244.43,65.38,13.0,1.24,2026-07-14,2026-07-14 08:09:57
6741,91APP*-KY,59.2,59.2,59.8,56.4,15.68,15.91,14.29,-0.64,-0.31,-0.34,63.87,60.9,57.94,1059,475,2.23,65.66,13.45,2.05,3.46,2026-07-14,2026-07-14 08:09:58
6742,澤米,55.9,55.5,56.1,50.4,7.03,10.72,16.97,-0.76,1.21,-1.97,75.0,63.88,52.75,1679,980,1.71,39.41,,0.3,0.54,2026-07-14,2026-07-14 08:09:58
6743,安普新,30.35,30.8,30.8,29.9,23.68,31.66,54.05,0.4,0.5,-0.1,32.26,30.38,28.5,351,213,1.64,44.77,42.75,3.0,9.88,2026-07-14,2026-07-14 08:09:59
6744,豐技生技,15.5,15.5,16.1,15.5,60.89,62.78,76.6,-0.01,-0.11,0.1,15.95,15.24,14.53,70,69,1.01,2.39,16.49,0.84,5.42,2026-07-14,2026-07-14 08:10:00
6748,亞果生醫,226.0,226.0,263.0,218.0,86.84,82.07,82.65,30.03,23.74,6.29,237.06,165.55,94.04,2328,1465,1.59,160.95,,,,2026-07-14,2026-07-14 08:10:01
6750,泰創工程,62.6,64.0,64.0,59.3,50.3,50.84,45.08,0.03,-0.1,0.13,64.37,62.47,60.57,226,108,2.08,27.99,12.55,3.5,5.59,2026-07-14,2026-07-14 08:10:03
6751,智聯服務,41.85,41.7,41.8,40.5,8.18,10.89,14.2,-1.01,-0.66,-0.35,47.31,44.36,41.41,27,15,1.76,9.29,8.08,3.0,7.17,2026-07-14,2026-07-14 08:10:04
6752,叡揚,99.7,99.0,99.0,97.0,26.51,37.85,46.71,-0.49,-0.39,-0.1,103.64,100.12,96.6,33,14,2.39,37.03,13.56,4.5,4.51,2026-07-14,2026-07-14 08:10:05
6753,龍德造船,159.5,159.5,169.0,151.5,63.78,63.74,72.41,7.91,5.65,2.25,166.04,137.55,109.06,12683,6236,2.03,187.02,27.84,1.25,0.78,2026-07-14,2026-07-14 08:10:06
6754,匯僑設計,41.5,41.55,42.8,41.55,22.77,31.99,48.33,0.01,0.03,-0.02,42.79,41.76,40.73,15,15,1.0,27.39,12.21,3.5,8.43,2026-07-14,2026-07-14 08:10:09
6755,連鋐科技,15.35,15.5,15.5,15.0,18.27,23.81,40.62,-0.58,-0.64,0.05,17.06,16.13,15.19,21,28,0.78,6.11,,,,2026-07-14,2026-07-14 08:10:11
6756,威鋒電子,100.5,100.5,100.5,92.0,43.18,44.54,40.75,0.46,0.74,-0.29,106.97,99.96,92.96,348,197,1.77,70.34,91.36,0.9,0.9,2026-07-14,2026-07-14 08:10:12
6757,台灣虎航,58.1,58.1,58.1,56.8,8.07,13.7,29.63,0.52,1.23,-0.71,64.62,60.19,55.76,1618,1374,1.18,266.99,10.84,2.42,4.17,2026-07-14,2026-07-14 08:10:14
6758,冠亞,30.0,30.0,30.0,28.8,72.19,89.12,10.53,-0.29,-0.36,0.08,30.29,29.96,29.62,1,1,0.9,4.04,27.03,1.0,3.33,2026-07-14,2026-07-14 08:10:15
6761,穩得,175.0,173.5,174.0,158.5,16.23,20.63,33.86,-6.27,-4.17,-2.1,216.28,191.15,166.02,550,362,1.52,60.87,24.44,6.0,3.43,2026-07-14,2026-07-14 08:10:16
6762,達亞,170.0,175.0,175.0,170.0,67.19,59.99,59.64,0.79,0.35,0.44,177.26,164.21,151.16,2,7,0.28,62.78,261.54,0.5,0.29,2026-07-13,2026-07-14 08:10:17
6763,綠界科技*,43.7,43.8,44.5,42.2,11.57,15.06,35.27,-0.31,-0.09,-0.22,45.9,44.52,43.14,638,370,1.72,80.43,10.4,3.0,6.86,2026-07-14,2026-07-14 08:10:19
6767,台微醫,26.4,25.5,25.5,25.45,54.37,65.72,56.13,0.15,0.02,0.13,27.71,25.51,23.3,5,4,1.25,10.34,,,,2026-07-14,2026-07-14 08:10:20
6768,志強-KY,71.0,71.9,71.9,69.4,13.43,11.73,10.49,-3.13,-2.59,-0.54,84.98,75.87,66.77,396,250,1.58,142.07,10.71,5.16,7.27,2026-07-14,2026-07-14 08:10:21
6770,力積電,69.0,69.0,70.4,63.4,27.69,24.77,13.66,-0.55,0.66,-1.21,84.89,74.9,64.92,175067,115909,1.51,2944.48,41.07,,,2026-07-14,2026-07-14 08:10:22
6771,平和環保-創,39.1,39.5,39.7,38.3,41.69,51.97,51.54,0.1,0.05,0.05,40.1,39.03,37.96,26,13,1.91,12.19,11.85,3.2,8.18,2026-07-14,2026-07-14 08:10:23
6775,穎台科技,31.95,31.8,31.85,28.3,9.27,12.24,13.29,-2.93,-1.96,-0.96,47.18,39.04,30.9,846,505,1.67,32.06,,,,2026-07-14,2026-07-14 08:10:24
6776,展碁國際,54.7,55.2,55.2,53.3,40.45,44.46,45.76,-0.22,-0.26,0.04,56.73,54.93,53.14,329,168,1.96,50.1,13.18,3.0,5.48,2026-07-14,2026-07-14 08:10:25
6780,學習王,40.0,40.0,40.0,40.0,28.92,24.15,35.35,0.01,0.15,-0.14,41.71,40.36,39.01,0,1,0.0,6.5,27.97,1.3,3.25,2026-07-13,2026-07-14 08:10:27
6781,AES-KY,1105.0,1120.0,1120.0,1000.0,20.49,32.11,39.78,-6.87,3.56,-10.43,1226.98,1148.54,1070.1,1216,887,1.37,943.88,28.99,19.1,1.73,2026-07-14,2026-07-14 08:10:27
6782,視陽,202.0,202.0,202.5,194.0,44.36,58.54,54.55,2.3,1.96,0.34,213.31,199.1,184.89,278,293,0.95,127.26,14.45,8.4,4.16,2026-07-14,2026-07-14 08:10:29
6784,天凱科技,20.7,20.7,20.8,19.9,48.7,34.48,32.76,-1.32,-1.44,0.11,24.32,21.51,18.71,22,28,0.77,3.95,43.13,0.3,1.45,2026-07-14,2026-07-14 08:10:30
6785,昱展新藥,114.0,113.0,115.0,111.0,16.61,27.79,42.7,-2.03,-2.0,-0.04,126.29,118.62,110.96,112,114,0.98,76.15,,0.25,0.22,2026-07-14,2026-07-14 08:10:31
6786,芯測,68.9,68.9,68.9,59.1,17.15,21.99,30.07,-5.46,-5.15,-0.31,83.89,73.57,63.25,295,136,2.17,21.25,,,,2026-07-14,2026-07-14 08:10:33
6787,晶瑞光,32.5,32.5,32.8,31.25,16.51,26.92,44.9,-0.18,0.26,-0.44,39.44,35.3,31.16,613,377,1.62,26.33,,,,2026-07-14,2026-07-14 08:10:34
6788,華景電,394.5,395.0,396.5,355.5,9.77,13.81,19.49,-8.0,-1.1,-6.9,466.47,425.62,384.78,1109,539,2.06,152.83,22.88,15.0,3.8,2026-07-14,2026-07-14 08:10:35
6789,采鈺,535.0,523.0,524.0,481.5,33.23,39.32,35.95,-1.43,0.46,-1.9,561.94,518.69,475.44,5308,2375,2.23,1702.9,133.42,3.0,0.56,2026-07-14,2026-07-14 08:10:36
6790,永豐實,38.2,38.55,38.55,38.2,61.8,61.39,63.29,0.25,0.23,0.02,38.53,37.82,37.11,224,317,0.71,102.04,12.65,2.65,6.94,2026-07-14,2026-07-14 08:10:38
6791,虎門科技,107.5,107.5,107.5,102.0,38.57,50.74,54.41,-0.19,-0.62,0.43,114.56,105.97,97.39,117,70,1.66,22.41,25.84,3.5,3.26,2026-07-14,2026-07-14 08:10:39
6792,詠業,59.6,59.1,59.6,55.9,11.37,16.65,26.98,-1.2,-0.3,-0.9,70.4,64.24,58.08,162,83,1.96,27.94,26.97,2.5,4.19,2026-07-14,2026-07-14 08:10:41
6793,天力離岸,6.42,6.42,6.63,5.37,68.13,59.95,60.47,0.2,0.05,0.15,6.58,5.53,4.48,621,662,0.94,4.85,,,,2026-07-14,2026-07-14 08:10:42
6794,向榮生技,79.8,79.8,79.8,77.5,44.98,55.0,48.82,0.12,0.12,0.0,84.01,80.07,76.13,41,46,0.88,50.78,,,,2026-07-14,2026-07-14 08:10:43
6796,晉弘,58.4,59.2,59.2,56.5,45.38,51.14,48.03,-0.75,-1.01,0.26,60.82,58.4,55.97,112,47,2.35,23.5,292.0,0.25,0.43,2026-07-14,2026-07-14 08:10:44
6797,圓點奈米,13.2,13.2,13.2,12.55,41.1,52.78,52.11,-0.1,-0.11,0.0,14.35,13.55,12.75,28,34,0.84,3.97,,,,2026-07-14,2026-07-14 08:10:45
6798,展逸,55.3,56.2,60.5,54.9,78.73,90.15,84.15,1.68,1.23,0.46,56.23,51.64,47.05,114,38,2.94,10.82,71.82,1.0,1.81,2026-07-14,2026-07-14 08:10:46
6799,來頡,95.8,96.0,97.1,87.5,18.53,29.39,33.62,0.15,1.3,-1.15,111.51,100.08,88.64,734,510,1.44,41.55,26.39,1.99,2.08,2026-07-14,2026-07-14 08:10:47
6803,崑鼎,274.0,272.5,273.5,269.0,31.99,46.95,50.03,0.4,0.69,-0.29,278.44,273.26,268.09,196,102,1.91,199.45,14.88,15.78,5.76,2026-07-14,2026-07-14 08:10:48
6804,明係,15.6,15.9,15.9,15.5,53.21,59.5,48.73,0.05,0.07,-0.02,16.08,15.8,15.52,40,22,1.82,7.41,,0.5,3.21,2026-07-14,2026-07-14 08:10:49
6805,富世達,1410.0,1375.0,1405.0,1270.0,17.33,19.27,18.3,-115.43,-87.89,-27.54,1916.17,1619.25,1322.33,1063,1397,0.76,966.61,45.45,8.0,0.57,2026-07-14,2026-07-14 08:10:50
6807,峰源-KY,33.3,33.6,33.6,33.0,59.84,58.77,43.75,-0.14,-0.18,0.04,33.91,33.39,32.87,8,5,1.48,17.98,7.15,2.5,7.51,2026-07-14,2026-07-14 08:10:50
6808,三鼎生技,38.55,38.15,38.25,37.3,70.87,74.07,83.61,2.63,1.85,0.78,42.17,31.94,21.7,795,604,1.32,29.68,45.89,0.13,0.34,2026-07-14,2026-07-14 08:10:52
6810,新穎生醫,21.55,21.55,28.0,21.55,46.32,26.95,59.47,-1.18,-1.5,0.32,29.09,23.9,18.72,795,173,4.6,10.66,,,,2026-07-14,2026-07-14 08:10:54
6811,宏碁資訊,220.0,220.0,220.0,212.0,56.39,66.52,51.96,2.65,2.67,-0.02,230.19,217.05,203.91,140,118,1.18,91.19,15.5,10.5,4.77,2026-07-14,2026-07-14 08:10:55
6812,梭特,68.2,65.0,68.2,62.6,43.12,34.74,22.63,-0.81,-0.6,-0.2,76.42,69.42,62.41,108,38,2.84,20.87,213.12,,,2026-07-14,2026-07-14 08:10:58
6814,路迦生醫,25.3,25.3,25.3,21.95,60.79,61.7,38.64,0.2,0.21,-0.01,26.19,24.99,23.79,47,18,2.55,10.59,,,,2026-07-14,2026-07-14 08:11:00
6815,晶鑽生醫,27.15,27.05,27.55,26.95,34.6,25.13,32.92,-1.22,-1.12,-0.09,32.16,28.62,25.08,72,51,1.39,10.72,,0.2,0.74,2026-07-14,2026-07-14 08:11:01
6816,捷智商訊,39.45,39.45,39.45,38.0,95.53,88.28,57.32,0.41,0.02,0.4,40.26,37.49,34.72,1,2,0.35,4.81,15.65,2.3,5.83,2026-07-14,2026-07-14 08:11:02
6817,溫士頓,60.2,60.2,60.8,58.7,80.25,71.48,52.54,0.1,0.03,0.07,61.32,60.09,58.86,5,6,0.83,11.09,9.45,5.0,8.31,2026-07-14,2026-07-14 08:11:03
6818,連騰,55.4,56.0,56.0,50.3,36.86,36.72,22.55,-1.73,-1.51,-0.22,61.78,57.83,53.88,113,65,1.73,14.13,30.95,1.0,1.81,2026-07-14,2026-07-14 08:11:04
6819,眾智,36.3,36.3,37.0,34.7,49.22,44.18,39.8,-1.86,-2.14,0.28,39.24,37.02,34.8,58,33,1.74,12.33,,,,2026-07-14,2026-07-14 08:11:05
6820,連訊,260.0,260.0,260.0,238.5,55.55,43.57,38.03,-9.89,-9.83,-0.07,303.25,264.0,224.75,59,58,1.02,57.75,896.55,0.3,0.12,2026-07-14,2026-07-14 08:11:06
6821,聯寶,51.1,51.0,51.6,46.5,7.05,8.33,20.65,-3.32,-1.85,-1.47,70.9,59.26,47.63,802,381,2.1,15.66,45.62,1.09,2.13,2026-07-14,2026-07-14 08:11:07
6823,濾能,65.1,66.0,66.3,63.8,11.58,20.54,32.06,-1.85,-1.73,-0.12,73.46,68.41,63.37,96,81,1.18,19.86,,,,2026-07-14,2026-07-14 08:11:08
6825,和暢科技,44.1,43.3,43.5,42.6,22.3,35.27,35.06,-0.25,-0.01,-0.25,46.17,44.51,42.85,11,12,0.94,14.84,16.52,0.15,0.34,2026-07-14,2026-07-14 08:11:09
6826,和淞,524.0,522.0,529.0,503.0,30.93,39.38,29.66,-3.7,-1.2,-2.5,557.12,539.28,521.45,190,93,2.03,448.23,19.41,14.0,2.67,2026-07-14,2026-07-14 08:11:10
6827,巨生醫,11.35,11.2,11.2,10.7,17.1,18.71,21.15,-0.36,-0.22,-0.13,13.33,12.14,10.96,337,192,1.76,9.0,,,,2026-07-14,2026-07-14 08:11:11
6829,千附精密,233.5,229.5,256.5,227.5,72.39,57.96,63.93,7.51,4.34,3.17,243.88,216.98,190.07,7908,2503,3.16,138.16,59.11,3.5,1.5,2026-07-14,2026-07-14 08:11:12
6830,汎銓,394.5,392.0,396.5,355.5,11.17,10.0,8.92,-58.83,-56.0,-2.83,605.88,478.1,350.32,2099,1108,1.89,204.28,26.93,1.0,0.25,2026-07-14,2026-07-14 08:11:14
6831,邁科,724.0,729.0,740.0,654.0,14.7,25.38,37.07,3.89,27.57,-23.68,957.99,813.65,669.31,1361,822,1.66,490.22,147.15,3.0,0.41,2026-07-14,2026-07-14 08:11:15
6832,金鼎科,79.0,75.6,76.0,73.2,53.39,55.59,45.36,-2.61,-3.07,0.46,85.98,78.03,70.07,15,21,0.69,20.86,25.16,1.7,2.15,2026-07-14,2026-07-14 08:11:18
6833,太康精密,23.05,22.7,23.6,22.7,67.92,63.81,51.14,-0.4,-0.54,0.14,24.05,23.01,21.98,3,5,0.69,11.7,,,,2026-07-14,2026-07-14 08:11:19
6834,天二科技,129.0,126.0,135.5,116.5,41.59,55.62,47.17,12.17,14.04,-1.87,144.85,118.35,91.84,9528,4906,1.94,114.13,258.0,0.4,0.31,2026-07-14,2026-07-14 08:11:20
6835,圓裕,33.75,34.05,34.05,32.4,23.62,29.35,28.17,-0.63,-0.53,-0.1,36.21,34.79,33.38,134,93,1.43,22.18,35.9,1.01,2.99,2026-07-14,2026-07-14 08:11:21
6838,台新藥,24.0,24.45,24.45,23.3,22.83,31.25,47.13,-0.36,-0.4,0.04,25.22,24.25,23.28,228,116,1.96,36.23,,,,2026-07-14,2026-07-14 08:11:22
6839,開陽能源,12.25,12.2,12.45,11.95,36.71,34.84,54.76,-0.04,-0.0,-0.04,13.03,12.56,12.09,16,7,2.17,9.95,,,,2026-07-14,2026-07-14 08:11:23
6840,東研信超,62.7,61.2,61.2,59.5,38.24,52.08,39.23,-0.28,-0.18,-0.1,67.9,63.74,59.58,117,86,1.36,19.28,40.19,1.0,1.59,2026-07-14,2026-07-14 08:11:24
6841,長佳智能,63.5,63.5,64.5,61.5,45.32,54.43,54.8,1.36,1.29,0.08,67.55,62.33,57.11,909,835,1.09,59.98,71.35,1.0,1.57,2026-07-14,2026-07-14 08:11:25
6842,一元素,80.2,80.1,80.1,72.5,11.39,19.27,21.25,-5.68,-5.0,-0.68,101.3,87.9,74.49,170,102,1.66,18.47,21.39,,,2026-07-14,2026-07-14 08:11:26
6843,進典,38.75,38.95,39.0,37.6,43.58,29.04,53.66,-0.29,-0.38,0.09,40.5,38.71,36.92,54,19,2.72,12.91,18.28,2.0,5.16,2026-07-14,2026-07-14 08:11:28
6844,諾貝兒,62.6,61.8,62.2,61.1,48.78,59.25,60.56,0.41,0.32,0.08,63.16,61.81,60.46,33,25,1.31,23.43,26.64,4.0,6.39,2026-07-14,2026-07-14 08:11:29
6846,綠茵,64.4,63.3,63.7,62.2,51.24,58.22,50.46,0.14,0.09,0.05,66.75,64.12,61.48,23,22,1.02,17.43,14.15,3.94,6.12,2026-07-14,2026-07-14 08:11:31
6847,普瑞博,73.7,74.1,75.6,70.7,52.77,58.86,55.61,0.71,1.46,-0.75,84.19,77.32,70.45,43,49,0.89,10.49,,,,2026-07-14,2026-07-14 08:11:33
6848,拉法醫,20.8,21.05,21.1,20.15,46.47,57.2,57.16,0.65,0.72,-0.07,23.03,20.34,17.65,44,43,1.02,,12.68,1.2,5.77,2026-07-14,2026-07-14 08:11:35
6849,奇鼎科技,156.5,153.0,155.0,139.5,39.59,47.06,50.0,-9.85,-11.01,1.15,187.19,159.62,132.06,267,201,1.33,,,,,2026-07-14,2026-07-14 08:11:36
6850,光鼎生技,35.0,35.6,35.6,35.6,76.86,65.74,72.86,0.01,-0.16,0.17,35.45,34.56,33.67,0,8,0.01,11.58,875.0,0.3,0.86,2026-07-14,2026-07-14 08:11:38
6854,錼創科技-KY創,109.0,110.0,110.5,102.5,14.71,16.4,20.9,-7.54,-6.76,-0.78,135.78,121.67,107.57,521,399,1.31,127.61,66.87,,,2026-07-14,2026-07-14 08:11:40
6855,數泓科,122.0,118.0,119.0,117.0,72.35,72.71,45.65,0.74,1.19,-0.45,124.2,120.9,117.6,9,4,2.19,28.36,15.64,5.5,4.51,2026-07-14,2026-07-14 08:11:41
6856,鑫傳,43.0,41.7,42.25,41.5,57.27,65.92,44.79,-0.63,-0.83,0.2,44.07,42.7,41.32,35,35,0.98,12.13,16.41,3.0,6.98,2026-07-14,2026-07-14 08:11:42
6857,宏�硒撢�,95.0,93.7,94.3,93.7,77.23,75.28,50.0,-0.28,-0.47,0.2,95.43,94.01,92.59,1,0,1.65,14.46,,,,2026-07-14,2026-07-14 08:11:43
6858,愛比科技,23.1,23.1,23.1,23.0,29.77,41.36,50.0,-0.22,-0.27,0.05,24.23,23.31,22.4,5,1,4.11,6.29,,,,2026-07-14,2026-07-14 08:11:44
6859,伯特光,115.5,114.5,114.5,107.0,16.74,21.24,22.12,-2.19,-0.61,-1.58,137.26,124.38,111.5,145,65,2.22,48.04,40.53,2.0,1.73,2026-07-14,2026-07-14 08:11:45
6861,睿生光電,263.0,247.0,253.0,237.0,4.48,10.96,19.79,-21.45,-13.37,-8.08,389.98,321.1,252.22,898,655,1.37,109.41,69.39,2.0,0.76,2026-07-14,2026-07-14 08:12:18
6862,三集瑞-KY,172.5,171.5,174.0,160.0,13.48,16.1,28.92,-3.68,-0.69,-3.0,216.86,189.86,162.85,648,402,1.61,86.25,20.91,5.0,2.9,2026-07-14,2026-07-14 08:12:19
6863,永道-KY,102.0,108.0,109.0,101.0,67.95,52.79,75.32,-0.67,-2.32,1.65,101.69,94.1,86.5,627,159,3.92,76.39,34.0,1.5,1.47,2026-07-14,2026-07-14 08:12:20
6864,元樟生技,43.95,43.95,43.95,42.65,78.92,72.55,51.22,-1.79,-2.16,0.38,48.14,44.51,40.87,26,20,1.31,16.58,,,,2026-07-14,2026-07-14 08:12:21
6865,偉康科技,27.15,26.6,27.25,26.5,23.99,31.27,51.28,-0.36,-0.41,0.05,29.1,27.39,25.67,8,3,2.62,4.21,17.98,1.4,5.16,2026-07-14,2026-07-14 08:12:22
6867,坦德科技,21.3,30.0,30.0,30.0,80.11,64.79,74.93,0.47,0.09,0.39,30.01,27.47,24.93,0,1,0.0,5.22,,4.29,20.14,2026-07-13,2026-07-14 08:12:23
6868,采威國際,27.6,27.6,27.6,26.6,34.12,56.07,30.85,-0.74,-0.74,-0.0,28.96,27.94,26.93,13,9,1.38,6.91,,1.2,4.35,2026-07-14,2026-07-14 08:12:24
6869,雲豹能源,69.1,72.3,75.5,68.5,33.89,35.45,39.31,-2.64,-2.7,0.05,79.53,73.17,66.82,1364,525,2.6,92.14,6.75,5.01,7.25,2026-07-14,2026-07-14 08:12:25
6870,騰雲,295.5,303.0,303.0,292.0,49.3,53.91,58.81,9.6,10.18,-0.58,318.88,282.7,246.52,108,46,2.35,68.99,40.76,3.21,1.09,2026-07-14,2026-07-14 08:12:26
6872,浩宇生醫,16.65,16.6,16.6,16.3,38.18,40.85,32.65,-0.21,-0.19,-0.02,17.64,16.93,16.22,20,32,0.62,11.78,,,,2026-07-14,2026-07-14 08:12:27
6873,泓德能源,90.0,90.8,90.9,85.0,56.06,62.5,56.83,0.64,-0.03,0.68,91.52,83.58,75.63,680,419,1.62,125.79,25.14,4.61,5.12,2026-07-14,2026-07-14 08:12:29
6874,倍力,84.2,83.7,83.7,81.6,65.85,52.94,43.4,-0.14,-0.16,0.02,86.48,83.67,80.85,31,32,0.97,18.16,27.25,4.04,4.8,2026-07-14,2026-07-14 08:12:31
6875,國邑*,37.25,37.35,37.35,35.5,13.53,24.03,34.06,0.16,0.34,-0.17,38.98,37.29,35.59,165,96,1.72,48.12,,,,2026-07-14,2026-07-14 08:12:32
6876,朗齊生醫*,16.0,15.95,16.25,15.9,40.71,41.58,50.82,-0.45,-0.56,0.1,16.73,16.16,15.6,114,137,0.83,11.31,,,,2026-07-14,2026-07-14 08:12:34
6877,鏵友益,130.0,133.0,135.0,124.0,59.27,56.1,46.56,-3.18,-4.44,1.25,141.88,130.82,119.77,141,98,1.44,61.06,220.34,0.5,0.38,2026-07-14,2026-07-14 08:12:36
6878,歐付寶,9.27,9.22,9.24,8.89,34.08,44.77,19.27,-0.15,-0.12,-0.03,9.95,9.61,9.26,21,8,2.59,6.73,,,,2026-07-14,2026-07-14 08:12:38
6879,大江基因,37.0,35.15,37.0,35.15,88.84,92.82,0.0,0.09,0.14,-0.06,37.52,36.91,36.3,17,3,5.0,9.79,24.34,2.0,5.41,2026-07-14,2026-07-14 08:12:41
6881,潤德,216.0,216.0,216.0,209.0,3.44,7.36,10.29,-7.46,-5.64,-1.82,251.44,231.32,211.21,30,19,1.53,32.4,11.13,18.5,8.56,2026-07-14,2026-07-14 08:12:43
6882,甲尚,17.55,17.55,17.6,16.2,51.17,44.97,43.88,-0.42,-0.4,-0.01,18.78,17.82,16.86,39,22,1.75,4.07,,0.5,2.85,2026-07-14,2026-07-14 08:12:45
6883,微電能源,2.72,2.68,3.43,2.44,19.27,21.61,17.21,-2.74,-2.27,-0.48,13.99,7.84,1.7,858,1107,0.77,2.07,,,,2026-07-14,2026-07-14 08:12:47
6884,海柏特,32.75,33.1,33.5,33.1,67.05,60.13,61.43,0.15,0.1,0.05,33.63,32.61,31.6,6,12,0.48,6.02,16.29,1.5,4.58,2026-07-14,2026-07-14 08:12:48
6885,全福生技,21.4,21.5,21.5,20.7,38.49,48.23,44.59,-0.34,-0.35,0.01,22.6,21.61,20.61,367,200,1.83,28.47,,,,2026-07-14,2026-07-14 08:12:50
6886,遠東生技,48.0,46.0,48.0,46.0,84.71,79.47,63.24,0.13,0.04,0.09,49.23,47.29,45.35,3,0,4.26,15.27,25.53,1.0,2.08,2026-07-14,2026-07-14 08:12:52
6887,寶綠特-KY,37.15,40.85,40.85,34.5,43.89,34.27,51.15,-0.12,-0.3,0.18,37.25,35.08,32.92,1103,234,4.7,27.54,8.2,2.42,6.51,2026-07-14,2026-07-14 08:12:53
6890,來億-KY,181.5,181.5,186.5,178.0,16.51,23.52,30.49,-4.36,0.17,-4.53,240.59,205.59,170.58,436,488,0.89,452.66,14.03,8.97,4.94,2026-07-14,2026-07-14 08:12:54
6891,樂迦再生,43.35,43.15,44.1,40.8,15.32,13.99,18.15,-1.68,-1.42,-0.27,52.69,46.69,40.7,600,240,2.5,86.95,,,,2026-07-14,2026-07-14 08:12:55
6892,台寶生醫,27.0,27.0,27.1,26.0,39.32,41.46,44.62,0.07,0.09,-0.01,27.85,26.8,25.74,84,70,1.2,25.38,,,,2026-07-14,2026-07-14 08:12:56
6894,衛司特,349.0,341.5,344.5,327.0,23.14,22.81,29.81,-3.37,-1.22,-2.14,387.24,362.27,337.31,96,49,1.96,83.06,31.96,8.5,2.44,2026-07-14,2026-07-14 08:12:57
6895,宏碩系統,135.0,135.0,135.0,124.5,10.97,14.13,15.22,-6.57,-4.7,-1.86,168.38,147.82,127.27,205,80,2.54,46.04,37.5,2.9,2.15,2026-07-14,2026-07-14 08:12:58
6898,程曦資訊,88.9,88.9,88.9,81.7,34.26,36.16,20.89,-2.71,-2.35,-0.36,98.91,92.05,85.18,22,18,1.22,25.8,15.04,5.3,5.96,2026-07-14,2026-07-14 08:12:59
6899,創為精密,53.8,53.8,53.8,50.7,22.51,26.09,30.99,-0.94,-0.71,-0.23,58.77,55.56,52.36,102,39,2.59,22.54,15.07,2.8,5.2,2026-07-14,2026-07-14 08:13:02
6901,鑽石投資,18.75,18.55,19.15,18.0,40.85,53.37,58.03,1.16,1.22,-0.06,21.32,18.37,15.42,4734,10118,0.47,159.91,,,,2026-07-14,2026-07-14 08:13:04
6902,GOGOLOOK,134.0,134.0,134.0,127.0,51.0,59.27,41.3,1.04,1.69,-0.65,140.85,133.4,125.95,93,78,1.18,47.61,85.35,,,2026-07-14,2026-07-14 08:13:05
6903,巨漢,391.0,387.5,389.0,356.0,44.11,45.13,48.14,0.53,0.85,-0.31,407.97,384.94,361.9,1080,687,1.57,257.47,36.89,8.5,2.17,2026-07-14,2026-07-14 08:13:06
6904,伯鑫,126.0,126.0,126.0,126.0,80.81,89.32,59.09,1.94,2.1,-0.16,129.12,125.28,121.43,1,1,0.65,23.31,23.25,5.0,3.97,2026-07-14,2026-07-14 08:13:06
6906,現觀科,80.3,77.0,78.2,72.2,12.22,16.39,23.87,-2.25,-0.64,-1.62,94.09,85.18,76.27,168,112,1.5,25.89,43.88,1.8,2.24,2026-07-14,2026-07-14 08:13:07
6907,雅特力-KY,192.5,211.5,211.5,202.5,89.32,79.74,69.31,16.62,11.37,5.25,207.7,159.4,111.09,4773,3089,1.55,,,1.0,0.52,2026-07-14,2026-07-14 08:13:08
6908,宏碁遊戲-創,36.8,37.45,37.5,36.1,25.63,23.93,45.21,-0.28,-0.19,-0.09,38.36,37.37,36.39,17,9,1.74,13.68,25.56,1.24,3.37,2026-07-14,2026-07-14 08:13:09
6909,創控,49.85,48.25,48.75,45.3,10.31,16.62,25.38,-0.34,0.73,-1.07,64.05,54.44,44.83,1270,652,1.95,33.51,50.35,1.0,2.01,2026-07-14,2026-07-14 08:13:10
6910,德鴻,26.5,26.35,26.35,25.9,14.29,19.95,23.94,-0.47,-0.37,-0.11,28.49,27.36,26.23,28,11,2.38,8.09,13.38,1.75,6.6,2026-07-14,2026-07-14 08:13:13
6911,群運,31.0,31.0,31.0,30.4,35.93,53.67,44.84,0.04,0.09,-0.05,32.06,31.15,30.23,18,25,0.74,6.95,24.8,2.0,6.45,2026-07-14,2026-07-14 08:13:14
6912,益鈞環科*,12.1,12.1,12.1,11.65,59.44,65.41,21.43,-0.58,-0.69,0.1,12.97,12.22,11.46,82,43,1.9,19.13,,,,2026-07-14,2026-07-14 08:13:15
6913,鴻呈,125.5,125.5,125.5,118.5,53.41,51.96,54.76,-0.9,-1.75,0.85,130.15,123.3,116.45,282,266,1.06,,14.33,2.5,1.99,2026-07-14,2026-07-14 08:13:17
6914,阜爾運通,144.0,143.5,144.0,142.0,39.73,42.99,61.11,0.14,0.08,0.06,144.8,143.07,141.35,87,48,1.81,95.37,15.03,6.0,4.17,2026-07-14,2026-07-14 08:13:19
6915,美強光,43.2,41.5,43.95,39.95,24.96,20.86,27.27,-3.59,-3.53,-0.06,57.04,48.69,40.34,23,17,1.32,15.25,,,,2026-07-14,2026-07-14 08:13:20
6916,華凌,19.8,20.2,20.9,19.5,16.75,27.19,32.48,0.06,0.26,-0.21,22.42,20.71,19.01,77,41,1.85,13.36,,0.28,1.41,2026-07-14,2026-07-14 08:13:21
6917,竟天,33.7,33.45,33.45,30.95,41.4,37.02,48.8,-0.23,-0.46,0.23,33.08,31.31,29.55,306,263,1.16,18.63,,,,2026-07-14,2026-07-14 08:13:23
6918,愛派司,74.0,74.0,74.3,73.1,33.06,35.63,48.53,0.02,-0.06,0.08,75.1,73.57,72.04,42,20,2.04,25.21,14.37,5.0,6.76,2026-07-14,2026-07-14 08:13:24
6919,康霈*,107.5,109.5,109.5,105.0,71.24,62.15,55.35,2.02,1.26,0.75,115.37,103.59,91.82,6203,6409,0.97,1673.12,20.02,,,2026-07-14,2026-07-14 08:13:25
6920,恆勁科技,92.0,91.7,92.3,84.6,27.22,26.04,27.49,-3.33,-2.34,-0.99,113.58,100.91,88.25,2100,1304,1.61,190.64,,,,2026-07-14,2026-07-14 08:13:26
6921,嘉雨思-創,67.8,66.6,67.1,65.3,32.72,33.2,24.27,-1.79,-1.92,0.13,71.59,68.85,66.11,34,19,1.77,21.59,193.71,,,2026-07-14,2026-07-14 08:13:28
6922,宸曜,180.0,181.0,183.0,171.5,44.88,48.48,50.95,-0.49,-1.01,0.52,186.35,176.2,166.04,216,140,1.54,48.88,26.47,4.83,2.68,2026-07-14,2026-07-14 08:13:29
6923,中台,78.7,79.9,79.9,76.4,53.43,54.59,50.67,0.3,0.13,0.18,80.4,76.48,72.55,145,129,1.12,71.18,25.97,3.03,3.85,2026-07-14,2026-07-14 08:13:30
6924,榮惠-KY創,125.0,122.0,122.0,112.5,62.35,69.51,48.3,-1.19,-1.98,0.79,131.97,119.17,106.38,81,76,1.06,25.78,22.12,5.0,4.0,2026-07-14,2026-07-14 08:13:31
6925,意藍,59.4,58.5,58.5,55.0,20.24,20.85,39.08,-1.45,-1.15,-0.3,64.78,60.65,56.52,94,43,2.18,11.88,19.1,2.0,3.37,2026-07-14,2026-07-14 08:13:32
6926,聖安生醫,65.1,64.0,65.2,64.0,93.36,89.42,55.93,0.31,0.1,0.21,65.8,63.89,61.98,15,6,2.23,32.42,,,,2026-07-14,2026-07-14 08:13:33
6927,聯合聚晶,75.8,74.8,75.7,71.5,59.19,70.18,70.83,3.66,3.55,0.11,81.99,70.02,58.05,90,47,1.92,29.02,,0.25,0.33,2026-07-14,2026-07-14 08:13:34
6928,攸泰科技,53.8,54.5,59.1,53.6,43.51,48.99,64.44,1.96,1.8,0.16,58.3,51.84,45.38,1743,486,3.58,46.27,,0.5,0.93,2026-07-14,2026-07-14 08:13:35
6929,佑全,22.4,22.3,22.3,22.3,25.74,37.6,38.32,-0.38,-0.27,-0.11,24.86,23.4,21.94,1,4,0.27,10.1,,,,2026-07-14,2026-07-14 08:13:36
6931,青松健康,39.55,39.35,39.55,39.15,14.78,19.9,40.4,-0.49,-0.51,0.02,41.03,40.12,39.21,42,30,1.39,26.16,28.45,1.08,2.73,2026-07-14,2026-07-14 08:13:37
6932,水星生醫*,6.09,6.09,6.09,5.76,55.35,48.53,15.18,-0.22,-0.23,0.01,6.72,6.23,5.74,455,184,2.46,25.4,,,,2026-07-14,2026-07-14 08:13:38
6933,AMAX-KY,173.0,164.5,166.5,156.0,79.05,71.66,57.74,0.2,-2.77,2.97,168.87,151.15,133.43,1208,348,3.47,73.33,35.23,2.5,1.45,2026-07-14,2026-07-14 08:13:40
6934,心誠鎂,79.4,77.7,78.0,72.4,84.18,78.32,74.55,1.54,-0.2,1.73,80.29,70.11,59.94,66,93,0.71,28.56,,,,2026-07-14,2026-07-14 08:13:41
6935,王子製藥,30.25,30.25,30.25,30.25,53.27,51.79,56.9,0.24,0.17,0.07,31.33,29.72,28.12,0,3,0.07,11.32,11.59,0.5,1.65,2026-07-14,2026-07-14 08:13:43
6936,永鴻生技,32.3,32.3,32.55,31.75,34.24,47.0,35.29,-0.08,0.01,-0.09,33.65,32.77,31.89,62,58,1.07,23.52,17.75,1.51,4.67,2026-07-14,2026-07-14 08:13:44
6937,天虹,255.0,253.0,257.5,233.5,19.34,25.02,40.23,-7.57,-6.58,-0.99,290.77,267.76,244.76,580,329,1.76,172.06,85.0,1.4,0.55,2026-07-14,2026-07-14 08:13:45
6938,藍新資訊,100.0,97.7,98.0,97.5,44.65,53.39,50.3,0.96,0.97,-0.01,101.06,97.9,94.74,19,17,1.11,12.57,16.47,5.0,5.0,2026-07-14,2026-07-14 08:13:46
6939,啟弘生技,21.0,20.2,20.4,20.05,55.66,75.17,52.27,-0.03,-0.09,0.06,21.04,20.25,19.47,19,7,2.68,7.35,,,,2026-07-14,2026-07-14 08:13:47
6940,格斯科技*,24.4,24.4,24.4,23.0,11.22,14.28,22.41,-0.21,0.15,-0.36,28.22,25.95,23.67,1290,754,1.71,76.17,,,,2026-07-14,2026-07-14 08:13:48
6944,兆聯實業,1045.0,1020.0,1030.0,950.0,54.63,48.38,47.87,10.15,11.39,-1.24,1067.25,1000.95,934.65,716,550,1.3,801.39,33.23,17.0,1.63,2026-07-14,2026-07-14 08:13:50
6945,圓祥生技,108.0,108.0,111.5,104.0,57.32,64.72,57.29,-3.46,-6.37,2.91,116.36,103.4,90.44,290,551,0.53,105.29,,,,2026-07-14,2026-07-14 08:13:51
6946,三地能源,10.6,11.05,11.35,10.45,35.03,41.05,52.29,-0.06,-0.07,0.02,12.02,11.24,10.46,70,47,1.49,34.32,,,,2026-07-14,2026-07-14 08:13:53
6947,台鎔科技,83.8,83.8,84.0,78.7,28.49,21.95,26.61,-1.35,-0.32,-1.03,98.32,88.18,78.03,1359,1133,1.2,79.05,119.71,0.6,0.72,2026-07-14,2026-07-14 08:13:55
6949,沛爾生醫-創,900.0,899.0,935.0,872.0,57.04,62.55,61.61,47.62,49.65,-2.03,962.94,891.75,820.56,287,243,1.18,589.86,,,,2026-07-14,2026-07-14 08:13:56
6951,青新-創,72.1,72.0,72.2,71.6,76.27,72.67,76.07,0.57,0.31,0.26,71.71,69.47,67.23,64,52,1.23,33.17,15.24,3.54,4.91,2026-07-14,2026-07-14 08:13:57
6952,大武山,34.9,35.15,35.55,35.05,48.89,48.4,36.54,-0.35,-0.33,-0.02,36.34,35.61,34.88,15,13,1.18,23.5,,2.0,5.73,2026-07-14,2026-07-14 08:13:57
6953,家碩,228.5,224.0,224.5,214.0,26.57,33.0,42.48,-3.45,-3.03,-0.41,243.5,231.97,220.45,60,35,1.69,68.58,28.81,6.0,2.63,2026-07-14,2026-07-14 08:13:59
6955,邦睿生技-創,114.0,113.5,113.5,109.5,7.06,11.41,2.78,-7.32,-7.07,-0.25,135.82,123.03,110.23,24,13,1.82,28.27,27.67,1.5,1.32,2026-07-14,2026-07-14 08:14:00
6957,裕慶-KY,211.5,216.0,232.0,214.0,74.75,66.11,78.87,9.73,7.46,2.27,222.05,197.95,173.85,633,194,3.25,115.96,20.8,9.11,4.31,2026-07-14,2026-07-14 08:14:01
6958,日盛台駿,17.1,17.15,17.15,16.75,70.02,54.3,45.31,-0.09,-0.15,0.06,17.62,16.95,16.28,65,37,1.74,75.46,,0.2,1.17,2026-07-14,2026-07-14 08:14:02
6959,兆捷科技,125.5,125.5,126.0,112.0,23.52,31.51,30.19,-1.89,-0.17,-1.71,147.06,133.78,120.49,448,187,2.39,49.16,,,,2026-07-14,2026-07-14 08:14:03
6961,旅天下,53.6,53.6,54.0,53.0,16.27,14.43,30.3,-0.36,-0.25,-0.11,56.0,54.38,52.75,53,20,2.65,14.38,12.67,5.0,9.33,2026-07-14,2026-07-14 08:14:04
6962,奕力-KY,34.9,35.2,35.2,33.05,12.96,20.7,26.56,-0.48,0.04,-0.52,41.07,37.78,34.48,3056,2654,1.15,171.85,12.2,1.0,2.87,2026-07-14,2026-07-14 08:14:05
6963,品元,24.0,24.0,24.0,24.0,2.16,6.07,1.39,-0.69,-0.36,-0.33,28.96,26.4,23.84,3,5,0.57,3.83,,,,2026-07-14,2026-07-14 08:14:06
6965,中傑-KY,80.0,80.7,80.7,75.6,74.42,72.73,37.23,0.73,0.67,0.06,81.36,78.48,75.59,123,34,3.58,125.09,22.86,5.0,6.25,2026-07-14,2026-07-14 08:14:07
6967,汎瑋材料,75.8,75.8,75.8,69.9,40.4,35.88,52.73,0.06,-0.08,0.14,74.9,71.53,68.17,174,105,1.64,18.5,18.9,3.7,4.88,2026-07-14,2026-07-14 08:14:09
6968,萬達寵物,42.9,42.9,42.9,41.8,40.26,43.81,45.37,-0.09,-0.11,0.02,44.21,43.01,41.81,96,45,2.1,21.21,17.44,1.0,2.33,2026-07-14,2026-07-14 08:14:10
6969,成信實業*-創,24.6,24.8,25.75,24.5,56.59,58.69,50.63,-0.37,-0.54,0.18,27.53,25.39,23.25,24,119,0.2,10.79,,,,2026-07-14,2026-07-14 08:14:11
6971,惠民實業,27.1,27.0,27.1,26.85,25.28,27.63,29.79,-0.1,-0.04,-0.07,28.63,27.62,26.61,9,5,1.81,10.48,11.24,,,2026-07-14,2026-07-14 08:14:12
6972,博瑞達應材,25.5,25.5,25.5,23.4,64.1,75.14,53.85,0.32,0.21,0.11,26.36,24.43,22.5,9,9,1.03,,,,,2026-07-14,2026-07-14 08:14:13
6973,永立榮,32.95,33.0,33.0,32.0,47.22,52.66,55.26,-0.1,-0.15,0.05,34.48,33.11,31.73,27,28,0.96,12.7,,,,2026-07-14,2026-07-14 08:14:14
6976,育世博-KY,13.0,13.15,13.15,12.85,39.05,49.37,61.54,0.13,0.13,-0.01,13.69,13.01,12.33,275,359,0.76,75.59,,,,2026-07-14,2026-07-14 08:14:15
6977,聯純,229.0,227.5,229.5,212.0,10.94,14.16,12.79,-16.81,-12.56,-4.25,309.03,262.73,216.42,57,37,1.55,31.15,14.14,2.0,0.87,2026-07-14,2026-07-14 08:14:18
6979,勝釩,166.0,158.0,163.0,151.0,24.99,24.87,29.94,-8.97,-7.96,-1.01,201.6,179.15,156.7,22,11,1.88,19.92,28.18,,,2026-07-14,2026-07-14 08:14:19
6980,鐳洋科技,132.5,131.0,131.5,126.0,29.47,38.97,35.79,-6.22,-6.35,0.13,155.5,139.88,124.25,60,40,1.49,38.43,129.9,,,2026-07-14,2026-07-14 08:14:20
6982,大井泵浦,52.5,52.0,52.0,50.1,20.56,20.64,26.5,-0.89,-0.53,-0.36,58.14,54.25,50.35,61,35,1.72,21.43,875.0,1.6,3.05,2026-07-14,2026-07-14 08:14:21
6983,華洋精機,352.5,358.5,358.5,340.0,17.64,19.69,38.46,-6.75,-7.11,0.36,381.06,356.77,332.49,79,30,2.6,63.52,79.39,3.0,0.85,2026-07-14,2026-07-14 08:14:22
6984,ACPAY,17.65,17.65,17.65,16.85,29.75,23.43,30.53,-0.38,-0.25,-0.12,20.42,18.48,16.54,0,2,0.04,3.4,,,,2026-07-13,2026-07-14 08:14:23
6986,和迅,46.2,46.0,46.35,45.0,19.43,27.22,26.67,-3.31,-3.15,-0.16,59.73,50.63,41.54,170,100,1.7,24.09,19.01,0.22,0.48,2026-07-14,2026-07-14 08:14:24
6987,寶晶能源*,19.7,19.75,19.85,19.5,70.45,66.29,50.0,-0.08,-0.08,-0.0,20.14,19.87,19.6,41,28,1.44,43.97,18.94,0.9,4.57,2026-07-14,2026-07-14 08:14:25
6988,威力暘-創,13.6,13.35,13.4,13.2,46.52,50.91,34.62,-0.31,-0.35,0.05,14.04,13.61,13.19,56,27,2.06,6.17,,0.45,3.31,2026-07-14,2026-07-14 08:14:26
6990,華鉬,154.5,155.0,155.0,130.5,37.2,29.59,35.51,-2.23,0.72,-2.96,193.54,164.19,134.83,452,271,1.67,98.76,200.65,0.3,0.19,2026-07-14,2026-07-14 08:14:27
6994,富威電力,41.7,41.75,41.95,39.75,20.47,22.42,27.53,-4.3,-4.1,-0.2,57.13,46.86,36.58,745,740,1.01,30.17,6.74,0.95,2.28,2026-07-14,2026-07-14 08:14:29
6995,野獸國,56.8,57.6,60.0,57.6,91.65,83.0,82.26,3.46,2.16,1.3,60.37,49.36,38.34,44,40,1.09,15.33,67.62,0.07,0.12,2026-07-14,2026-07-14 08:14:30
6996,力領科技,185.5,182.5,185.5,172.0,19.3,31.71,30.77,-0.71,1.45,-2.17,206.06,194.72,183.39,224,128,1.74,77.91,15.43,10.0,5.39,2026-07-14,2026-07-14 08:14:31
6997,博弘,75.0,72.0,72.3,72.0,17.31,14.11,43.48,-0.37,-0.43,0.06,76.09,73.26,70.42,5,2,2.1,16.58,14.71,4.6,6.13,2026-07-14,2026-07-14 08:14:33
6999,瀚醫生技,30.0,30.45,30.45,30.45,91.82,79.04,55.06,-0.01,-0.11,0.11,31.13,30.06,29.0,0,0,0.0,6.6,29.41,0.6,2.0,2026-07-13,2026-07-14 08:14:34
7402,邑錡,145.0,143.5,149.5,138.0,71.36,71.56,72.32,10.15,7.43,2.72,153.12,116.48,79.85,7824,3551,2.2,51.16,1450.0,0.5,0.34,2026-07-14,2026-07-14 08:14:35
7547,碩網,56.7,56.7,56.7,54.0,17.99,28.87,34.96,-1.6,-1.7,0.1,60.24,57.73,55.21,18,12,1.47,19.07,22.15,1.35,2.38,2026-07-14,2026-07-14 08:14:36
7556,意德士,244.0,245.0,245.0,226.5,21.83,30.04,30.41,-1.93,1.05,-2.98,279.27,261.73,244.19,115,83,1.39,70.94,38.01,4.04,1.66,2026-07-14,2026-07-14 08:14:38
7584,樂意,27.0,29.0,29.05,27.0,22.02,36.07,40.09,0.33,0.57,-0.24,32.23,29.3,26.36,18,12,1.45,4.34,,4.0,14.81,2026-07-13,2026-07-14 08:14:40
7610,聯友金屬-創,2485.0,2465.0,2530.0,2345.0,87.11,84.5,68.23,250.46,235.02,15.45,2451.61,2009.97,1568.33,867,714,1.21,1448.89,568.65,0.5,0.02,2026-07-14,2026-07-14 08:14:41
7631,聚賢研發-創,142.5,143.0,148.0,135.5,31.19,34.83,49.62,5.11,7.05,-1.94,176.03,150.44,124.85,141,94,1.51,28.7,22.02,6.4,4.49,2026-07-14,2026-07-14 08:14:42
7642,昶瑞機電,79.0,78.9,80.1,75.7,57.02,60.44,72.02,2.33,2.05,0.28,81.61,73.53,65.46,106,43,2.45,23.82,24.01,3.0,3.8,2026-07-14,2026-07-14 08:14:43
7703,銳澤,200.5,200.0,204.0,191.0,39.85,35.52,37.9,-0.72,-0.66,-0.05,214.58,202.38,190.17,294,219,1.34,69.66,23.07,7.0,3.49,2026-07-14,2026-07-14 08:14:45
7704,明遠精密,59.0,58.8,59.0,53.8,11.54,19.22,14.05,-0.57,0.17,-0.74,66.32,61.21,56.09,133,53,2.5,19.92,28.78,1.8,3.05,2026-07-14,2026-07-14 08:14:46
7705,三商餐飲,30.45,30.45,30.45,30.25,21.83,36.2,52.55,0.08,0.11,-0.02,31.29,30.46,29.63,49,45,1.08,20.12,15.86,1.6,5.25,2026-07-14,2026-07-14 08:14:47
7708,全家餐飲,94.0,94.0,94.0,93.5,44.24,61.36,53.13,0.28,0.35,-0.08,94.86,93.8,92.73,11,8,1.4,23.97,14.62,5.5,5.85,2026-07-14,2026-07-14 08:14:48
7709,榮田,72.4,72.9,73.5,68.6,8.05,8.89,16.67,-7.16,-5.01,-2.15,114.12,88.66,63.21,100,78,1.28,28.31,29.55,1.5,2.07,2026-07-14,2026-07-14 08:14:49
7711,永擎,319.0,320.5,324.5,300.0,34.33,26.1,34.62,-12.26,-12.59,0.33,356.98,325.18,293.37,292,155,1.88,228.57,25.28,8.99,2.82,2026-07-14,2026-07-14 08:14:50
7712,博盛半導體,168.5,169.0,171.5,156.5,18.14,27.95,29.95,4.36,9.35,-4.99,222.06,190.62,159.19,818,721,1.13,54.87,31.26,4.0,2.37,2026-07-14,2026-07-14 08:14:51
7713,威力德生醫,70.6,70.6,71.0,70.6,42.46,42.06,34.78,0.13,0.25,-0.12,71.89,70.9,69.92,7,10,0.68,32.11,15.62,4.1,5.81,2026-07-14,2026-07-14 08:14:52
7714,創泓科技,194.0,190.0,202.0,181.0,92.15,84.99,78.8,14.14,8.66,5.48,190.95,147.75,104.55,2341,1221,1.92,40.74,30.94,5.0,2.58,2026-07-14,2026-07-14 08:14:54
7715,裕山,36.1,36.15,37.15,35.05,43.67,35.17,44.19,1.4,1.55,-0.15,38.45,34.54,30.62,305,202,1.51,11.82,11.84,1.8,4.99,2026-07-14,2026-07-14 08:14:56
7716,昱臺國際,25.0,25.0,25.0,25.0,78.76,77.55,65.46,0.34,0.26,0.08,25.64,24.35,23.05,1,0,2.5,5.62,11.21,1.7,6.8,2026-07-14,2026-07-14 08:14:58
7717,萊德光電-KY,437.0,467.5,498.0,419.5,58.76,35.98,48.63,-40.12,-50.22,10.11,564.13,470.15,376.17,550,184,2.98,108.28,72.35,3.29,0.75,2026-07-14,2026-07-14 08:14:59
7718,友鋮,47.5,47.7,48.4,47.3,45.84,36.43,58.23,0.06,0.09,-0.02,47.92,47.09,46.25,91,38,2.36,21.64,12.7,2.5,5.26,2026-07-13,2026-07-14 08:15:00
7721,微程式,68.6,69.3,69.3,65.0,23.51,25.56,40.17,-1.81,-1.52,-0.3,78.33,72.55,66.78,376,168,2.23,37.98,124.73,1.0,1.46,2026-07-14,2026-07-14 08:15:01
7722,LINEPAY,308.5,308.0,309.5,297.5,20.68,27.39,50.45,3.13,6.18,-3.05,336.62,318.2,299.78,131,152,0.86,209.78,42.85,1.5,0.49,2026-07-14,2026-07-14 08:15:02
7723,築間,22.1,22.05,22.15,20.4,21.71,27.8,30.3,-0.59,-0.58,-0.01,24.28,22.91,21.54,128,45,2.83,10.52,,10.0,45.25,2026-07-14,2026-07-14 08:15:03
7728,光焱科技,673.0,673.0,673.0,642.0,44.95,37.21,41.34,-16.12,-17.7,1.58,724.75,673.93,623.1,30,22,1.32,93.24,137.07,5.0,0.74,2026-07-14,2026-07-14 08:15:05
7730,暉盛-創,176.5,174.5,177.0,169.0,30.12,40.45,45.38,-2.06,-1.53,-0.53,194.62,182.12,169.63,118,93,1.27,64.95,107.62,1.0,0.57,2026-07-14,2026-07-14 08:15:05
7732,金興精密,35.75,35.75,35.75,35.5,58.98,56.25,44.68,-0.01,0.01,-0.02,36.15,35.8,35.45,17,16,1.06,22.77,20.66,1.5,4.2,2026-07-14,2026-07-14 08:15:06
7734,印能科技,2805.0,2745.0,2820.0,2530.0,26.81,24.87,34.29,-129.59,-98.73,-30.86,3612.49,3088.59,2564.68,270,83,3.22,778.39,83.68,19.85,0.71,2026-07-14,2026-07-14 08:15:07
7736,虎山,71.8,71.5,71.5,70.1,26.29,23.48,38.96,-0.6,-0.68,0.08,73.31,71.36,69.4,39,20,1.88,54.26,14.27,3.8,5.29,2026-07-14,2026-07-14 08:15:09
7738,東聯互動,169.0,167.5,167.5,164.0,26.03,31.12,45.28,-0.59,-0.57,-0.02,174.58,169.35,164.12,83,41,1.99,46.23,11.59,4.5,2.66,2026-07-14,2026-07-14 08:15:10
7740,熙特爾-創,152.5,156.0,156.0,148.5,45.0,38.68,44.95,-4.88,-5.67,0.79,164.37,151.85,139.33,147,124,1.19,81.13,31.25,2.05,1.34,2026-07-14,2026-07-14 08:15:11
7743,金利食安,20.6,20.6,20.6,20.0,21.65,29.7,54.69,0.26,0.26,-0.0,20.9,20.11,19.31,7,6,1.17,7.52,36.14,1.4,6.8,2026-07-14,2026-07-14 08:15:13
7744,崴寶,448.0,451.0,453.0,434.0,27.68,34.69,47.83,-7.24,-8.31,1.07,487.65,460.55,433.45,64,39,1.64,143.36,27.62,7.0,1.56,2026-07-14,2026-07-14 08:15:14
7747,昕奇雲端,115.0,114.0,114.0,111.0,49.51,58.32,56.53,0.39,0.47,-0.08,118.09,114.41,110.73,12,9,1.33,34.69,31.34,2.37,2.06,2026-07-14,2026-07-14 08:15:15
7749,意騰-KY,403.5,408.0,408.0,380.0,12.02,12.08,20.97,-21.53,-17.38,-4.15,503.62,436.8,369.98,334,159,2.1,187.57,36.16,9.0,2.23,2026-07-14,2026-07-14 08:15:16
7750,新代,2020.0,2030.0,2045.0,1835.0,41.28,41.53,40.15,-54.84,-52.33,-2.51,2333.09,2128.75,1924.41,379,156,2.42,1449.31,59.59,16.0,0.79,2026-07-14,2026-07-14 08:15:17
7751,竑騰,1215.0,1230.0,1255.0,1135.0,11.6,23.27,30.34,-89.46,-78.65,-10.81,1581.77,1393.0,1204.23,391,204,1.91,326.7,59.53,18.0,1.48,2026-07-14,2026-07-14 08:15:18
7753,星亞,42.45,42.1,42.1,40.2,21.79,23.24,29.08,-0.06,0.05,-0.11,44.81,42.63,40.45,30,13,2.25,10.61,10.28,1.33,3.13,2026-07-14,2026-07-14 08:15:19
7757,金色三麥,93.7,93.7,93.7,91.3,13.95,13.49,26.21,-1.66,-1.39,-0.27,101.4,96.02,90.65,33,11,2.85,22.58,10.46,7.75,8.27,2026-07-14,2026-07-14 08:15:20
7760,享溫馨,35.0,34.25,34.65,33.45,52.67,69.45,64.23,1.02,0.97,0.05,37.63,33.77,29.91,78,100,0.78,23.13,52.24,2.0,5.71,2026-07-14,2026-07-14 08:15:21
7765,中華資安,222.5,221.0,221.0,217.0,31.41,30.86,44.68,-3.44,-3.48,0.04,238.34,225.06,211.79,110,42,2.61,90.52,19.45,9.67,4.35,2026-07-14,2026-07-14 08:15:22
7767,仁大資訊,43.7,44.8,45.95,42.85,79.38,64.86,74.84,0.73,0.19,0.54,43.75,40.59,37.42,195,71,2.75,13.15,10.53,3.0,6.86,2026-07-14,2026-07-14 08:15:24
7768,頌勝科技,346.0,346.0,346.0,318.5,31.77,37.9,41.92,-10.77,-10.77,-0.01,379.87,351.18,322.48,140,75,1.87,242.42,118.9,3.5,1.01,2026-07-14,2026-07-14 08:15:24
7769,鴻勁,6640.0,6750.0,6750.0,6050.0,46.14,45.27,44.48,-104.62,-70.32,-34.3,7413.34,6737.0,6060.66,598,497,1.2,11947.35,87.63,64.99,0.98,2026-07-14,2026-07-14 08:15:25
7770,君曜,41.6,41.6,42.0,41.3,80.2,70.34,56.56,-0.07,-0.32,0.25,42.25,40.61,38.97,44,18,2.36,12.51,13.96,2.0,4.81,2026-07-14,2026-07-14 08:15:59
7772,耀穎,108.5,110.0,110.0,101.0,8.96,12.8,21.77,-10.62,-8.96,-1.67,154.71,131.82,108.94,211,141,1.5,,,1.5,1.38,2026-07-14,2026-07-14 08:16:00
7777,能率亞洲,38.95,39.0,39.15,35.6,16.13,18.91,41.96,0.58,1.28,-0.7,44.15,41.18,38.22,1771,1221,1.45,72.68,68.33,0.03,0.08,2026-07-14,2026-07-14 08:16:01
7780,大研生醫*,17.75,17.9,17.9,17.55,19.18,24.7,35.0,0.02,0.08,-0.06,18.59,18.11,17.63,1853,996,1.86,142.99,355.0,3.57,20.11,2026-07-14,2026-07-14 08:16:02
7782,光速火箭,27.35,26.6,26.6,26.6,41.19,39.67,51.96,0.08,0.14,-0.06,28.23,27.1,25.96,1,4,0.23,6.31,12.9,5.03,18.39,2026-07-14,2026-07-14 08:16:03
7786,東方風能,129.5,134.0,134.0,128.5,65.29,57.7,60.34,1.7,0.74,0.95,134.38,126.95,119.52,289,283,1.02,227.09,11.83,5.6,4.32,2026-07-14,2026-07-14 08:16:03
7788,松川精密,268.0,258.0,277.5,255.5,64.08,44.27,53.74,7.16,8.68,-1.53,290.86,259.55,228.24,5799,2276,2.55,213.72,73.83,2.0,0.75,2026-07-14,2026-07-14 08:16:04
7791,皇家可口,63.4,63.6,63.6,62.1,53.72,56.57,56.9,0.11,0.08,0.03,63.3,62.33,61.35,65,40,1.61,50.72,11.32,3.81,6.01,2026-07-14,2026-07-14 08:16:05
7792,安葆,240.5,241.0,241.0,225.0,12.64,10.1,20.44,-9.65,-8.21,-1.44,283.16,253.97,224.79,98,70,1.39,112.22,27.61,8.0,3.33,2026-07-14,2026-07-14 08:16:06
7794,宏碁智新,29.8,29.0,29.45,28.5,25.56,20.77,26.74,-0.62,-0.6,-0.02,32.11,30.62,29.13,29,42,0.7,,8.14,,,2026-07-14,2026-07-14 08:16:09
7795,長廣,555.0,555.0,555.0,506.0,31.95,48.16,69.35,44.91,47.96,-3.04,692.11,517.12,342.14,564,483,1.17,437.5,179.61,2.15,0.39,2026-07-14,2026-07-14 08:16:11
7799,禾榮科,403.0,402.5,408.0,380.0,35.76,48.2,46.56,16.47,18.66,-2.19,463.14,404.43,345.71,669,1096,0.61,636.72,42.1,,,2026-07-14,2026-07-14 08:16:12
7803,雲象科技-創,22.45,22.75,22.75,22.1,23.27,37.37,52.21,-0.08,0.0,-0.09,24.19,22.91,21.62,164,117,1.39,,,,,2026-07-14,2026-07-14 08:16:13
7805,威聯通,630.0,630.0,630.0,605.0,21.16,23.61,26.23,-21.81,-19.52,-2.28,701.82,662.15,622.48,104,52,1.97,208.69,14.24,40.0,6.35,2026-07-14,2026-07-14 08:16:15
7810,捷創科技,202.5,203.5,203.5,195.5,35.15,40.24,45.68,-3.86,-4.75,0.88,210.81,203.47,196.14,59,45,1.3,41.01,32.61,5.0,2.47,2026-07-14,2026-07-14 08:16:16
7811,民盛,73.7,73.7,73.7,71.7,44.9,58.68,38.11,-0.2,-0.26,0.06,75.33,73.45,71.56,21,23,0.92,24.6,9.12,5.67,7.69,2026-07-14,2026-07-14 08:16:17
7818,溢泰實業,69.5,70.6,70.6,68.6,90.53,90.13,82.83,0.07,-1.2,1.27,73.18,65.99,58.8,208,202,1.03,116.72,12.32,1.5,2.16,2026-07-14,2026-07-14 08:16:18
7819,精誠金融,37.2,37.6,38.6,36.6,31.02,31.65,35.0,-2.6,-3.06,0.46,44.23,40.26,36.28,102,141,0.73,9.4,12.83,1.74,4.68,2026-07-14,2026-07-14 08:16:19
7820,立盈,119.0,119.5,119.5,112.5,33.49,39.48,52.94,-1.85,-2.94,1.09,125.46,117.25,109.04,15,12,1.2,44.94,68.39,1.5,1.26,2026-07-14,2026-07-14 08:16:21
7821,神數,41.2,41.0,41.2,39.55,20.84,19.9,25.45,-1.14,-1.13,-0.01,44.81,42.18,39.55,158,73,2.16,50.23,14.36,2.0,4.85,2026-07-14,2026-07-14 08:16:23
7822,倍利科,965.0,978.0,978.0,873.0,9.83,13.33,19.39,-49.16,-30.39,-18.77,1297.83,1106.1,914.37,302,166,1.81,439.66,68.68,7.0,0.73,2026-07-14,2026-07-14 08:16:23
7823,奧義賽博-KY創,86.0,85.0,86.5,83.5,67.49,67.98,58.65,-0.62,-1.83,1.21,88.39,81.81,75.23,36,60,0.6,28.23,,,,2026-07-14,2026-07-14 08:16:24
7827,漢康-KY創,167.5,171.0,171.0,162.0,58.43,64.58,52.46,4.92,5.38,-0.47,183.63,168.2,152.77,354,553,0.64,233.84,,,,2026-07-14,2026-07-14 08:16:25
7828,創新服務,1935.0,1915.0,2045.0,1835.0,29.24,32.25,41.98,88.24,124.58,-36.35,2359.8,2079.0,1798.2,410,325,1.26,783.56,316.18,4.53,0.23,2026-07-14,2026-07-14 08:16:26
7839,達人網,43.2,43.2,44.75,41.5,58.32,57.69,55.69,-2.36,-2.93,0.57,47.14,44.24,41.35,8,11,0.75,6.52,16.88,2.04,4.72,2026-07-14,2026-07-14 08:16:27
7842,天能綠電,97.0,94.2,94.2,93.5,22.64,27.76,38.61,-3.87,-4.59,0.72,101.86,97.77,93.68,14,7,1.96,17.7,24.25,3.2,3.3,2026-07-14,2026-07-14 08:16:28
7846,德揚,70.7,70.0,70.3,65.2,75.09,74.25,59.49,-0.27,-1.35,1.08,72.44,67.83,63.21,55,36,1.53,24.33,48.42,1.0,1.41,2026-07-14,2026-07-14 08:16:29
7890,明曜科技,110.5,110.5,111.0,107.5,41.77,45.6,37.14,-1.23,-1.09,-0.15,116.47,112.88,109.28,15,11,1.33,,,,,2026-07-14,2026-07-14 08:16:31
8011,台通,16.35,17.05,17.05,16.3,30.0,40.05,39.76,-0.16,-0.1,-0.06,18.35,17.58,16.8,1142,1273,0.9,27.13,12.58,0.7,4.28,2026-07-14,2026-07-14 08:16:32
8016,矽創,300.5,323.5,324.0,296.0,42.38,59.24,48.36,14.34,16.93,-2.59,369.5,325.73,281.95,3198,2630,1.22,353.58,20.65,11.5,3.83,2026-07-14,2026-07-14 08:16:33
8021,尖點,463.5,508.0,508.0,460.5,23.2,26.58,34.17,5.0,15.32,-10.32,590.36,537.77,485.19,1098,688,1.6,672.27,172.3,1.97,0.43,2026-07-14,2026-07-14 08:16:35
8024,佑華,16.0,17.0,17.55,15.8,64.19,61.86,58.86,0.95,0.88,0.06,18.61,15.23,11.84,243,252,0.97,7.23,,,,2026-07-14,2026-07-14 08:16:36
8027,鈦昇,221.5,239.0,239.0,221.5,60.65,61.28,50.96,-0.72,-1.58,0.86,261.41,233.28,205.14,1678,6341,0.26,236.84,,,,2026-07-14,2026-07-14 08:16:37
8028,昇陽半導體,280.5,298.5,302.5,276.0,23.36,32.77,43.57,1.74,5.07,-3.33,334.95,310.2,285.45,4710,3882,1.21,509.98,67.11,2.7,0.96,2026-07-14,2026-07-14 08:16:38
8032,光菱,37.7,39.7,39.7,37.7,15.23,20.64,29.37,-0.63,-0.09,-0.55,47.01,43.0,39.0,156,104,1.5,19.53,17.37,1.2,3.18,2026-07-14,2026-07-14 08:16:39
8033,雷虎,253.0,256.0,265.5,235.0,94.63,92.04,89.24,28.79,20.02,8.77,270.64,180.43,90.21,9527,5825,1.64,416.51,443.86,,,2026-07-14,2026-07-14 08:16:40
8034,榮群,19.75,20.5,20.5,19.7,14.51,21.46,20.73,-0.46,-0.33,-0.13,22.79,21.68,20.58,209,141,1.48,11.11,14.01,1.2,6.08,2026-07-14,2026-07-14 08:16:41
8038,長園科,37.65,39.75,39.75,37.05,32.39,43.01,44.55,0.02,0.04,-0.02,44.25,40.7,37.16,675,839,0.8,23.45,40.92,,,2026-07-14,2026-07-14 08:16:43
8039,台虹,182.0,173.0,185.5,169.0,82.09,67.23,72.19,6.39,2.85,3.55,171.45,148.28,125.12,48864,15689,3.11,479.88,89.22,1.99,1.09,2026-07-14,2026-07-14 08:16:45
8040,九暘,81.3,88.1,89.9,80.8,13.24,14.14,18.0,-2.39,0.13,-2.52,120.84,100.89,80.93,1308,1135,1.15,78.38,,,,2026-07-14,2026-07-14 08:16:46
8042,金山電,146.5,158.5,164.0,144.5,16.85,26.91,38.37,3.85,10.58,-6.73,216.37,184.43,152.48,9123,6871,1.33,189.66,166.48,1.2,0.82,2026-07-14,2026-07-14 08:16:47
8043,蜜望實,150.5,161.5,167.0,149.5,11.0,18.85,32.18,0.67,8.21,-7.54,231.63,192.9,154.17,6916,6637,1.04,120.26,90.12,0.8,0.53,2026-07-14,2026-07-14 08:16:48
8044,網家,26.7,26.65,27.15,26.3,9.48,8.73,31.29,-0.48,-0.17,-0.31,31.25,28.38,25.51,705,326,2.16,54.17,,,,2026-07-14,2026-07-14 08:16:49
8045,達運光電,55.3,60.1,60.1,54.7,21.09,26.65,32.37,-1.74,-1.81,0.06,62.27,59.49,56.72,211,115,1.84,52.56,86.41,1.0,1.81,2026-07-14,2026-07-14 08:16:50
8046,南電,1195.0,1290.0,1305.0,1170.0,73.49,65.77,70.62,91.45,75.01,16.44,1353.39,1075.89,798.38,23025,17978,1.28,7721.68,391.8,2.0,0.17,2026-07-14,2026-07-14 08:16:51
8047,星雲,41.1,43.8,43.8,41.05,14.39,18.07,27.62,-1.63,-1.04,-0.59,52.1,47.01,41.92,59,57,1.04,17.12,,,,2026-07-14,2026-07-14 08:16:52
8048,德勝,59.0,60.8,61.2,58.2,21.34,14.63,32.59,-0.79,-0.46,-0.34,67.22,62.77,58.31,335,160,2.09,34.05,22.26,2.0,3.39,2026-07-14,2026-07-14 08:16:53
8049,晶采,25.75,26.2,26.2,25.7,15.69,15.47,33.33,-0.11,0.06,-0.17,28.31,27.21,26.12,270,128,2.11,30.46,15.15,2.0,7.77,2026-07-14,2026-07-14 08:16:55
8050,廣積,59.1,65.0,65.0,57.5,73.87,73.23,64.16,1.47,0.99,0.48,61.28,55.82,50.36,3578,2338,1.53,117.73,42.21,2.15,3.64,2026-07-14,2026-07-14 08:16:56
8054,安國,91.2,97.2,97.8,89.4,8.77,10.68,11.01,-2.68,0.07,-2.75,134.69,110.5,86.32,2271,1854,1.23,96.46,,,,2026-07-14,2026-07-14 08:16:57
8058,耐特,96.0,104.5,104.5,95.0,77.64,77.62,60.83,1.16,-0.4,1.55,110.74,96.05,81.36,268,228,1.18,,,1.3,1.35,2026-07-14,2026-07-14 08:16:58
8059,凱碩,16.05,17.55,17.95,16.0,40.33,31.76,47.0,-0.54,-0.66,0.12,17.65,16.65,15.65,1280,463,2.76,31.15,,,,2026-07-14,2026-07-14 08:16:59
8064,東捷,122.5,135.0,138.0,121.5,29.19,30.09,35.08,-1.67,0.57,-2.24,162.77,142.21,121.65,6330,6435,0.98,226.4,90.07,0.98,0.8,2026-07-14,2026-07-14 08:17:00
8066,來思達,14.8,14.8,14.8,14.75,18.14,21.7,17.65,-0.28,-0.29,0.02,15.54,15.15,14.75,5,14,0.35,5.42,,,,2026-07-14,2026-07-14 08:17:01
8067,志旭,13.1,13.45,13.45,13.1,32.73,35.05,48.04,-0.05,-0.01,-0.04,14.15,13.15,12.16,8,9,0.96,2.71,,,,2026-07-14,2026-07-14 08:17:02
8068,全達,18.9,19.45,20.0,18.8,28.99,25.85,49.44,-0.36,-0.41,0.05,19.86,18.88,17.9,2342,552,4.24,15.26,15.49,,,2026-07-14,2026-07-14 08:17:03
8069,元太,190.0,196.0,196.5,184.5,17.27,21.33,47.62,-1.15,0.16,-1.31,214.38,201.43,188.47,7281,4207,1.73,2189.5,20.95,5.89,3.1,2026-07-14,2026-07-14 08:17:05
8070,長華*,49.05,52.3,52.8,48.55,14.86,19.42,28.16,-0.13,0.66,-0.79,58.95,54.66,50.36,5815,3344,1.74,345.48,48.09,2.71,5.52,2026-07-14,2026-07-14 08:17:06
8071,能率網通,26.7,28.3,28.75,26.5,24.4,41.01,48.42,1.54,2.24,-0.7,33.81,30.07,26.33,2699,3700,0.73,16.04,,,,2026-07-14,2026-07-14 08:17:08
8072,陞泰,27.1,28.25,28.45,27.0,36.59,41.45,33.69,0.19,0.3,-0.11,30.18,28.69,27.19,331,197,1.68,21.68,24.41,1.0,3.69,2026-07-14,2026-07-14 08:17:09
8074,鉅橡,58.4,62.3,62.5,57.0,15.65,16.67,28.33,-2.95,-2.23,-0.71,78.38,68.7,59.02,1215,702,1.73,50.79,43.58,1.1,1.88,2026-07-14,2026-07-14 08:17:10
8076,伍豐,23.7,25.1,25.1,23.5,48.47,56.6,41.55,0.08,0.15,-0.06,26.9,25.42,23.94,2704,1393,1.94,69.25,169.29,1.1,4.64,2026-07-14,2026-07-14 08:17:11
8077,洛碁,46.95,46.45,46.95,46.45,51.55,53.79,33.87,-0.47,-0.1,-0.38,51.79,48.38,44.96,12,4,2.86,10.3,7.79,2.0,4.26,2026-07-14,2026-07-14 08:17:13
8080,泰霖,27.35,27.95,27.95,27.2,11.17,18.62,37.1,-0.17,-0.11,-0.06,28.66,27.89,27.12,45,20,2.24,18.37,227.92,,,2026-07-14,2026-07-14 08:17:14
8081,致新,258.5,276.5,277.5,252.5,18.22,29.05,32.24,2.48,8.25,-5.76,331.67,296.39,261.12,1901,1231,1.54,221.5,14.56,16.0,6.19,2026-07-14,2026-07-14 08:17:15
8083,瑞穎,155.0,158.0,159.0,154.5,26.02,28.01,28.07,-1.19,-0.6,-0.59,166.0,161.47,156.95,126,108,1.17,54.46,14.58,8.8,5.68,2026-07-14,2026-07-14 08:17:16
8084,巨虹,43.35,47.1,48.2,42.35,22.25,27.25,15.35,-0.11,0.43,-0.54,52.27,48.49,44.7,513,241,2.12,30.13,,,,2026-07-14,2026-07-14 08:17:18
8085,福華,11.1,11.8,11.8,11.05,31.16,38.13,36.62,-0.25,-0.21,-0.04,13.0,12.13,11.26,519,226,2.3,15.54,,,,2026-07-14,2026-07-14 08:17:21
8086,宏捷科,123.5,134.0,136.0,122.5,15.43,15.55,25.47,-5.82,-4.15,-1.67,169.16,146.93,124.69,3466,2068,1.68,242.7,36.87,1.19,0.96,2026-07-14,2026-07-14 08:17:22
8087,麗升能源,29.1,30.6,30.6,29.0,16.53,17.51,21.77,-0.87,-0.66,-0.21,34.34,32.26,30.19,37,15,2.47,11.11,,1.0,3.44,2026-07-14,2026-07-14 08:17:23
8088,品安,49.1,52.4,53.5,48.9,12.59,13.28,18.33,-1.48,-0.15,-1.33,69.7,60.6,51.5,1556,1046,1.49,29.91,29.05,1.5,3.05,2026-07-14,2026-07-14 08:17:24
8089,康全電訊,19.05,19.9,19.9,18.95,22.68,31.78,36.05,-0.19,-0.12,-0.07,21.53,20.36,19.19,488,265,1.84,12.57,,1.25,6.56,2026-07-14,2026-07-14 08:17:25
8091,翔名,258.0,277.5,278.5,254.0,52.08,60.07,46.13,10.07,11.34,-1.27,301.65,275.55,249.45,1845,1583,1.17,137.73,46.49,4.22,1.64,2026-07-14,2026-07-14 08:17:26
8093,保銳,20.0,20.0,20.0,19.5,27.85,48.86,55.32,0.29,0.34,-0.05,20.81,19.66,18.5,3,3,0.92,7.31,,,,2026-07-14,2026-07-14 08:17:29
8096,擎亞,144.5,159.5,162.0,143.0,50.62,59.34,50.97,8.72,9.69,-0.98,170.74,155.78,140.81,13769,14124,0.97,215.8,162.36,0.5,0.35,2026-07-14,2026-07-14 08:17:30
8097,常珵,54.0,56.2,56.2,53.8,14.18,15.62,23.33,-0.4,0.07,-0.47,61.35,58.33,55.31,89,39,2.27,31.75,,,,2026-07-14,2026-07-14 08:17:32
8098,慶康科技,388.0,409.5,409.5,378.5,71.42,66.08,62.11,7.8,4.02,3.78,413.51,380.0,346.49,89,54,1.63,49.09,26.38,9.0,2.32,2026-07-14,2026-07-14 08:17:33
8099,大世科,57.9,59.3,59.3,57.0,37.65,41.93,44.05,-0.58,-0.73,0.14,60.74,58.99,57.24,310,331,0.94,57.94,22.98,0.71,1.23,2026-07-14,2026-07-14 08:17:34
8101,華冠,13.2,13.15,13.2,13.05,59.27,54.09,35.8,-0.33,-0.28,-0.05,14.8,13.54,12.28,17,11,1.5,6.53,14.04,,,2026-07-14,2026-07-14 08:17:34
8102,傑霖科技,72.0,75.5,77.0,71.7,75.35,66.23,64.89,0.33,-0.14,0.47,74.1,69.67,65.23,96,46,2.06,16.82,32.29,1.9,2.64,2026-07-14,2026-07-14 08:17:35
8103,瀚荃,81.7,89.4,89.6,80.3,14.2,20.33,36.77,-2.5,-1.5,-1.0,103.22,93.96,84.71,2743,1083,2.53,63.74,20.95,2.8,3.43,2026-07-14,2026-07-14 08:17:36
8104,錸寶,37.4,39.75,40.5,37.0,52.12,56.06,45.05,0.41,0.44,-0.02,43.41,39.75,36.1,1293,3594,0.36,38.92,106.86,0.1,0.27,2026-07-14,2026-07-14 08:17:37
8105,凌巨,18.0,18.75,18.9,17.65,11.74,14.06,25.24,-0.06,0.58,-0.64,24.76,21.63,18.49,5741,4974,1.15,79.48,81.82,,,2026-07-14,2026-07-14 08:17:38
8107,大億金茂,11.9,12.15,12.2,11.85,22.13,33.73,51.52,0.06,0.09,-0.04,13.08,12.36,11.63,139,66,2.08,8.92,,1.0,8.4,2026-07-14,2026-07-14 08:17:39
8109,博大,134.5,140.0,142.0,130.5,51.5,64.73,60.54,6.83,6.13,0.7,162.2,132.62,103.05,820,942,0.87,109.45,21.83,4.5,3.35,2026-07-14,2026-07-14 08:17:40
8110,華東,44.75,48.4,49.3,44.25,20.89,18.32,34.88,-1.33,-0.49,-0.84,61.45,53.93,46.42,7790,4571,1.7,230.35,18.12,1.49,3.33,2026-07-14,2026-07-14 08:17:41
8111,立碁,45.75,49.15,49.8,45.45,12.53,14.8,25.26,-2.8,-2.66,-0.14,57.64,52.57,47.49,1360,727,1.87,49.91,120.39,0.6,1.31,2026-07-14,2026-07-14 08:17:42
8112,至上,83.2,87.1,87.8,82.5,30.0,30.61,36.19,-0.43,0.23,-0.66,95.84,89.16,82.47,12628,12713,0.99,434.55,17.52,3.8,4.57,2026-07-14,2026-07-14 08:17:43
8114,振樺電,192.5,199.5,200.0,190.0,50.67,54.84,50.7,-0.32,-1.41,1.1,215.7,197.02,178.34,591,488,1.21,146.87,10.57,11.47,5.96,2026-07-14,2026-07-14 08:17:44
8119,公信,9.5,10.2,10.2,9.35,44.14,45.08,49.28,-0.13,-0.23,0.1,10.85,9.97,9.09,313,138,2.27,6.04,,,,2026-07-14,2026-07-14 08:17:46
8121,越峰,39.6,41.1,42.05,39.1,11.88,15.21,32.4,-0.0,1.33,-1.33,54.9,47.46,40.01,2420,1754,1.38,84.35,,,,2026-07-14,2026-07-14 08:17:47
8131,福懋科,71.4,77.6,78.2,70.2,45.85,48.17,50.0,1.61,1.69,-0.08,81.39,74.9,68.4,7761,7489,1.04,315.75,52.5,1.0,1.4,2026-07-14,2026-07-14 08:17:48
8147,正淩,134.0,142.5,143.0,133.0,34.96,47.11,48.1,-2.02,-2.45,0.43,155.52,144.68,133.84,428,287,1.49,55.79,46.37,3.0,2.24,2026-07-14,2026-07-14 08:17:49
8150,南茂,103.5,113.5,115.5,103.5,55.77,68.26,51.46,5.18,5.13,0.04,121.21,104.74,88.27,62315,55035,1.13,719.76,82.8,1.23,1.19,2026-07-14,2026-07-14 08:17:50
8155,博智,316.0,333.5,337.0,312.0,14.84,19.06,25.72,-10.78,-6.65,-4.13,414.39,370.45,326.5,1226,534,2.29,191.79,52.15,5.16,1.63,2026-07-14,2026-07-14 08:17:51
8162,微矽電子-創,67.7,71.1,71.7,65.8,21.4,28.86,29.03,1.6,3.37,-1.77,88.56,78.62,68.68,521,352,1.48,46.51,43.4,1.5,2.22,2026-07-14,2026-07-14 08:17:52
8163,達方,34.0,36.3,36.3,33.6,8.95,13.31,28.13,-0.69,0.39,-1.09,47.03,40.88,34.73,1982,1336,1.48,97.24,66.67,0.5,1.47,2026-07-14,2026-07-14 08:17:53
8171,天宇,19.85,20.45,20.45,19.7,20.66,26.92,42.0,-0.61,-0.6,-0.01,22.08,21.01,19.94,251,109,2.29,22.18,9.73,,,2026-07-14,2026-07-14 08:17:54
8176,智捷,10.1,10.0,10.25,9.85,23.35,29.87,51.87,0.02,0.04,-0.02,10.85,10.25,9.65,180,123,1.46,6.99,25.25,,,2026-07-14,2026-07-14 08:17:56
8182,加高,44.4,47.7,48.25,43.75,22.68,35.98,45.73,0.88,1.96,-1.08,57.77,51.24,44.71,1606,2487,0.65,47.53,100.91,0.25,0.56,2026-07-14,2026-07-14 08:17:57
8183,精星,32.4,35.0,35.0,31.95,42.68,44.76,60.66,0.55,0.48,0.07,34.89,32.79,30.7,1330,953,1.39,39.12,13.61,0.8,2.47,2026-07-14,2026-07-14 08:17:58
8201,無敵,12.55,12.5,12.75,12.5,11.83,18.02,39.29,-0.15,-0.09,-0.06,13.7,13.06,12.43,27,43,0.63,7.83,,,,2026-07-14,2026-07-14 08:17:59
8210,勤誠,1080.0,1140.0,1160.0,1065.0,14.9,19.85,26.68,-49.69,-30.71,-18.98,1407.9,1257.99,1108.07,1100,745,1.48,1353.45,38.05,14.0,1.3,2026-07-14,2026-07-14 08:17:59
8213,志超,32.9,34.55,34.55,32.7,11.69,13.36,23.29,-0.82,-0.58,-0.24,38.22,35.78,33.34,1391,592,2.35,86.97,14.62,1.14,3.47,2026-07-14,2026-07-14 08:18:00
8215,明基材,25.8,27.8,27.8,25.55,14.65,19.8,33.62,-0.43,-0.05,-0.38,32.1,29.38,26.66,1912,1139,1.68,82.73,14.41,0.3,1.16,2026-07-14,2026-07-14 08:18:01
8222,寶一,41.0,41.2,44.3,40.3,36.44,49.09,65.84,1.46,1.29,0.17,45.16,38.62,32.08,4377,2348,1.86,28.12,74.55,0.35,0.85,2026-07-14,2026-07-14 08:18:02
8227,巨有科技,160.5,175.5,176.0,158.5,13.42,25.02,41.89,-3.0,0.24,-3.24,216.75,190.57,164.4,1570,941,1.67,63.47,78.29,1.7,1.06,2026-07-14,2026-07-14 08:18:04
8234,新漢,67.7,70.8,71.2,66.5,41.18,49.22,47.48,0.93,0.78,0.15,75.04,68.52,61.99,1044,2192,0.48,95.61,173.59,0.6,0.89,2026-07-14,2026-07-14 08:18:06
8240,華宏,44.7,47.65,47.65,44.3,14.0,15.47,22.0,-2.78,-2.49,-0.29,58.33,51.9,45.47,530,334,1.59,44.7,20.79,1.3,2.91,2026-07-14,2026-07-14 08:18:07
8249,菱光,45.7,46.2,46.95,45.35,24.7,28.23,32.14,-0.73,-0.58,-0.14,51.5,48.48,45.47,619,267,2.31,61.69,11.48,2.08,4.55,2026-07-14,2026-07-14 08:18:09
8255,朋程,164.5,175.0,176.0,162.0,16.29,23.66,38.1,1.73,4.43,-2.71,205.39,183.4,161.41,1480,1000,1.48,167.46,26.92,3.5,2.13,2026-07-14,2026-07-14 08:18:10
8261,富鼎,268.0,278.0,307.0,263.5,48.21,62.78,64.47,36.97,38.41,-1.43,379.5,276.06,172.63,6391,5895,1.08,318.59,46.05,5.0,1.87,2026-07-14,2026-07-14 08:18:11
8271,宇瞻,168.0,182.0,183.0,166.0,28.53,31.07,30.58,-8.52,-7.56,-0.96,212.33,192.02,171.71,2477,1604,1.54,,8.4,4.45,2.65,2026-07-14,2026-07-14 08:18:11
8272,全景軟體,68.3,67.0,68.3,67.0,50.42,50.55,59.05,-0.1,-0.19,0.09,69.11,67.83,66.55,2,4,0.43,12.98,14.85,2.8,4.1,2026-07-14,2026-07-14 08:18:12
8277,商丞,8.2,8.15,8.29,8.15,10.13,11.4,3.32,-0.31,-0.06,-0.25,11.43,9.53,7.64,207,180,1.15,7.51,,,,2026-07-14,2026-07-14 08:18:14
8279,生展,86.5,86.9,86.9,86.3,23.68,26.96,33.68,-1.23,-1.14,-0.1,92.41,89.25,86.09,15,12,1.3,23.44,8.64,5.0,5.78,2026-07-14,2026-07-14 08:18:16
8284,三竹,61.5,61.5,61.6,61.3,59.87,55.71,50.38,0.33,0.41,-0.08,62.98,61.3,59.62,18,44,0.4,29.12,13.03,4.0,6.5,2026-07-14,2026-07-14 08:18:17
8289,泰藝,51.7,55.0,55.8,50.6,20.84,26.93,34.12,-1.6,-0.63,-0.97,69.04,61.16,53.27,1271,1441,0.88,35.33,1292.5,0.15,0.29,2026-07-14,2026-07-14 08:18:18
8291,尚茂,26.0,27.0,28.3,26.0,2.54,6.16,2.67,-7.85,-6.93,-0.92,54.06,39.62,25.19,66,53,1.24,4.54,,,,2026-07-14,2026-07-14 08:18:20
8298,威睿,49.85,50.6,50.6,47.55,51.74,56.07,58.39,0.52,0.51,0.01,54.49,50.67,46.86,20,17,1.13,12.78,20.95,2.0,4.01,2026-07-14,2026-07-14 08:18:21
8299,群聯,1990.0,2175.0,2200.0,1955.0,26.28,26.8,25.61,-61.21,-35.29,-25.91,2574.48,2306.82,2039.17,6732,3273,2.06,4399.61,50.11,35.15,1.77,2026-07-14,2026-07-14 08:18:23
8329,台視,10.35,10.5,10.6,10.35,44.88,50.07,48.15,0.09,0.06,0.02,10.88,10.42,9.97,29,16,1.76,29.04,7.96,0.75,7.25,2026-07-14,2026-07-14 08:18:24
8341,日友,74.7,76.7,76.7,74.5,40.03,52.96,56.83,0.54,0.68,-0.14,77.53,75.78,74.04,389,188,2.07,97.11,16.75,4.0,5.35,2026-07-14,2026-07-14 08:18:25
8342,益張,91.0,91.0,91.0,91.0,83.93,81.77,67.59,1.53,1.38,0.14,93.96,88.65,83.34,2,1,1.11,30.52,15.27,5.0,5.49,2026-07-14,2026-07-14 08:18:26
8345,超秦,53.0,53.0,53.0,51.8,31.96,46.53,40.85,0.82,1.09,-0.28,54.24,52.76,51.29,2,1,1.14,31.8,15.32,1.3,2.45,2026-07-14,2026-07-14 08:18:27
8349,恒耀,39.2,39.7,39.7,39.0,41.2,40.44,51.5,-0.14,-0.19,0.05,40.27,39.59,38.91,113,55,2.04,79.94,20.42,1.54,3.93,2026-07-14,2026-07-14 08:18:28
8354,冠好,16.55,16.55,17.0,16.15,29.88,41.21,52.94,0.08,0.09,-0.01,17.58,16.6,15.63,155,224,0.69,13.0,118.21,0.6,3.63,2026-07-14,2026-07-14 08:18:29
8358,金居,450.5,495.5,504.0,448.5,10.3,14.36,24.28,-17.03,0.57,-17.6,712.92,584.2,455.48,11649,7363,1.58,1137.47,106.5,2.0,0.44,2026-07-14,2026-07-14 08:18:30
8359,錢櫃,61.1,61.1,61.1,59.3,29.34,40.36,48.32,0.11,0.17,-0.06,62.55,60.89,59.23,42,23,1.85,82.66,11.03,5.04,8.25,2026-07-14,2026-07-14 08:18:31
8367,建新國際,40.4,41.3,41.3,40.25,59.89,65.04,51.79,-0.11,-0.18,0.08,40.73,40.32,39.91,31,17,1.75,37.24,10.66,2.85,7.05,2026-07-14,2026-07-14 08:18:32
8374,羅昇,79.8,88.0,88.0,79.1,17.97,24.66,35.97,-2.21,-1.86,-0.35,94.99,87.93,80.86,586,377,1.55,89.58,,0.2,0.25,2026-07-14,2026-07-14 08:18:33
8383,千附,84.2,83.0,84.2,80.4,89.57,76.72,75.97,3.98,2.09,1.89,77.16,64.76,52.36,9825,4617,2.13,94.99,24.91,2.5,2.97,2026-07-14,2026-07-14 08:18:34
8390,金益鼎,100.0,103.0,103.0,99.2,15.17,17.99,34.62,-3.01,-2.27,-0.74,116.89,107.3,97.71,646,420,1.54,96.12,15.24,3.8,3.8,2026-07-14,2026-07-14 08:18:36
8401,白紗科,22.95,22.95,22.95,22.7,38.68,40.95,54.17,-0.06,-0.09,0.03,23.11,22.93,22.75,37,23,1.61,16.22,8.76,1.2,5.23,2026-07-14,2026-07-14 08:18:37
8403,盛弘,19.2,19.5,19.5,19.15,43.25,43.45,50.0,-0.11,-0.17,0.05,19.61,19.3,19.0,144,65,2.23,26.43,18.64,0.5,2.6,2026-07-14,2026-07-14 08:18:39
8404,百和興業-KY,16.85,17.1,17.25,16.65,37.25,44.4,56.25,-0.02,-0.06,0.03,17.04,16.66,16.29,490,280,1.75,70.76,11.87,0.5,2.97,2026-07-14,2026-07-14 08:18:40
8409,商之器,18.9,19.0,19.0,18.85,12.56,23.67,53.33,-0.06,-0.06,-0.0,19.38,19.08,18.78,7,6,1.14,6.05,78.75,,,2026-07-14,2026-07-14 08:18:41
8410,森田,31.75,32.25,32.6,31.55,37.08,35.11,53.45,-0.43,-0.49,0.06,33.49,32.86,32.23,77,32,2.39,11.62,9.8,3.0,9.45,2026-07-14,2026-07-14 08:18:42
8411,福貞-KY,12.45,12.5,12.65,12.35,96.69,92.95,78.26,0.1,0.06,0.04,12.65,12.22,11.79,247,85,2.89,27.19,22.23,0.1,0.8,2026-07-14,2026-07-14 08:18:43
8415,大國鋼,35.4,34.9,35.8,34.9,93.61,88.11,77.78,0.42,0.28,0.14,35.53,34.12,32.71,2027,666,3.04,355.06,11.61,1.5,4.24,2026-07-14,2026-07-14 08:18:45
8416,實威,169.0,169.5,170.0,169.0,56.23,53.83,43.48,0.16,0.27,-0.11,173.3,170.9,168.5,7,3,2.15,47.68,12.57,8.5,5.03,2026-07-14,2026-07-14 08:18:46
8421,旭源,16.75,16.8,16.85,15.45,81.88,71.65,85.71,0.54,0.2,0.34,15.65,13.64,11.63,3003,1014,2.96,8.97,,,,2026-07-14,2026-07-14 08:18:47
8422,可寧衛*,25.7,26.65,26.65,25.5,16.45,24.19,39.64,-0.06,0.13,-0.19,28.52,27.3,26.08,11681,7816,1.49,292.16,23.15,1.2,4.67,2026-07-14,2026-07-14 08:18:48
8423,保綠-KY,17.55,17.55,17.55,17.55,22.18,38.42,48.15,-0.03,-0.03,-0.01,17.92,17.72,17.51,1,8,0.21,7.32,24.04,0.6,3.42,2026-07-14,2026-07-14 08:18:50
8424,惠普,68.7,69.0,69.0,68.6,38.86,41.29,61.54,0.07,0.1,-0.03,69.29,68.94,68.58,13,3,3.44,24.77,11.89,5.0,7.28,2026-07-14,2026-07-14 08:18:51
8426,紅木-KY,19.45,19.7,19.7,19.25,43.73,50.93,35.03,-0.26,-0.33,0.06,20.18,19.69,19.2,43,30,1.4,9.77,10.51,0.8,4.11,2026-07-14,2026-07-14 08:18:53
8429,金麗-KY,6.19,6.28,6.28,6.15,23.63,33.44,40.51,-0.06,-0.05,-0.01,6.64,6.33,6.02,519,186,2.78,11.5,51.58,,,2026-07-14,2026-07-14 08:18:54
8431,匯鑽科,45.55,48.5,48.5,45.0,16.31,16.19,21.75,-1.77,-1.38,-0.39,58.86,52.74,46.63,505,333,1.52,22.22,,0.09,0.2,2026-07-14,2026-07-14 08:18:55
8432,東生華,49.8,50.2,50.3,49.8,24.82,33.76,44.83,0.27,0.44,-0.18,51.99,50.84,49.7,52,35,1.49,19.12,13.76,2.61,5.24,2026-07-14,2026-07-14 08:18:57
8433,弘帆,53.8,54.1,54.5,53.7,56.87,57.71,67.57,0.21,-0.06,0.27,54.78,53.01,51.24,19,51,0.37,29.32,17.64,4.2,7.81,2026-07-14,2026-07-14 08:18:58
8435,鉅邁,52.8,52.7,52.9,52.6,60.42,61.22,44.68,0.01,-0.0,0.01,54.11,53.13,52.15,21,17,1.2,18.59,13.54,3.2,6.06,2026-07-14,2026-07-14 08:18:59
8436,大江,112.5,112.5,115.0,111.5,29.08,28.68,44.44,-1.54,-1.49,-0.05,119.52,115.2,110.88,752,613,1.23,123.96,13.02,6.0,5.33,2026-07-14,2026-07-14 08:19:00
8437,大地-KY,9.93,9.95,9.95,9.81,9.71,13.18,36.71,-0.26,-0.29,0.03,10.51,10.13,9.74,43,36,1.18,4.67,1.08,1.02,10.27,2026-07-14,2026-07-14 08:19:02
8438,昶昕,87.3,90.9,93.8,86.5,16.77,28.01,41.23,1.3,2.28,-0.98,106.18,95.2,84.22,424,298,1.42,61.06,41.77,1.3,1.49,2026-07-14,2026-07-14 08:19:03
8440,綠電,20.6,21.0,21.0,20.6,13.94,22.13,39.39,-0.31,-0.25,-0.06,22.4,21.55,20.71,122,58,2.09,10.35,66.45,0.2,0.97,2026-07-14,2026-07-14 08:19:06
8442,威宏-KY,44.45,44.5,45.8,43.5,60.35,63.79,67.73,0.86,0.31,0.55,46.34,42.25,38.16,157,260,0.6,31.19,11.06,3.0,6.75,2026-07-14,2026-07-14 08:19:08
8443,阿瘦,11.3,11.5,11.5,11.1,63.83,72.11,40.0,-0.01,-0.0,-0.01,11.54,11.44,11.34,17,11,1.44,7.55,,0.2,1.77,2026-07-14,2026-07-14 08:19:09
8444,綠河-KY,5.54,5.67,5.67,5.67,65.43,44.14,42.75,-0.04,-0.06,0.03,6.63,5.52,4.41,1,2,0.45,6.13,,,,2026-07-14,2026-07-14 08:19:10
8446,華研,87.0,86.2,87.5,86.2,46.56,41.04,47.52,0.02,0.22,-0.2,89.36,87.61,85.87,99,98,1.01,46.04,8.47,8.0,9.2,2026-07-14,2026-07-14 08:19:11
8450,霹靂,15.0,15.4,15.4,14.7,50.95,54.72,31.71,-0.15,-0.16,0.0,16.08,15.43,14.79,63,28,2.25,7.7,,,,2026-07-14,2026-07-14 08:19:12
8454,富邦媒,255.5,262.0,264.0,253.5,10.5,8.01,14.52,-6.57,2.04,-8.61,358.99,299.48,239.96,997,583,1.71,677.01,22.63,10.0,3.91,2026-07-14,2026-07-14 08:19:14
8455,大拓-KY,24.6,26.0,26.0,24.6,25.63,27.85,34.34,-1.58,-1.48,-0.1,31.81,28.14,24.46,9,7,1.29,6.2,1230.0,,,2026-07-14,2026-07-14 08:19:16
8458,影一,14.9,14.9,15.5,14.3,52.85,64.45,44.35,0.01,-0.01,0.02,16.18,15.0,13.82,17,4,3.85,5.34,,,,2026-07-13,2026-07-14 08:19:18
8462,柏文,165.5,160.5,167.5,160.5,95.7,93.21,97.01,6.87,4.7,2.17,165.93,146.22,126.51,994,363,2.73,133.03,19.94,7.28,4.4,2026-07-14,2026-07-14 08:19:18
8463,潤泰材,20.95,21.4,21.4,20.95,32.01,44.01,38.71,0.03,0.07,-0.04,21.72,21.4,21.07,109,64,1.68,31.43,11.32,0.8,3.82,2026-07-14,2026-07-14 08:19:19
8464,億豐,362.0,375.0,375.0,361.0,54.15,57.06,58.86,7.27,7.47,-0.2,377.95,357.62,337.3,574,373,1.54,1060.73,16.1,16.0,4.42,2026-07-14,2026-07-14 08:19:20
8466,美吉吉-KY,17.0,17.6,17.6,16.35,51.35,58.12,62.32,0.39,0.36,0.03,18.16,16.65,15.13,55,40,1.37,13.51,3.11,1.2,7.06,2026-07-14,2026-07-14 08:19:21
8467,波力-KY,105.0,110.0,111.0,105.0,26.73,31.22,16.67,-4.93,-4.52,-0.41,130.01,117.55,105.09,19,10,1.76,50.79,10.65,5.0,4.76,2026-07-14,2026-07-14 08:19:22
8472,夠麻吉,78.1,78.8,82.9,77.0,40.02,30.76,46.55,-0.31,0.18,-0.49,87.09,82.62,78.14,11,22,0.51,13.85,,,,2026-07-14,2026-07-14 08:19:23
8473,山林水,43.1,45.35,45.35,42.8,8.36,9.86,24.25,-0.71,0.15,-0.86,52.7,48.21,43.72,987,555,1.78,78.04,17.45,0.73,1.69,2026-07-14,2026-07-14 08:19:24
8476,台境*,22.0,21.9,22.45,21.5,36.1,50.47,41.71,1.14,1.52,-0.38,26.0,23.1,20.19,1012,1213,0.83,35.48,42.31,0.2,0.91,2026-07-14,2026-07-14 08:19:25
8477,創業家,16.0,15.6,16.35,15.6,42.7,34.23,28.57,-0.34,-0.28,-0.06,17.81,16.51,15.21,35,34,1.04,13.47,,,,2026-07-14,2026-07-14 08:19:26
8478,東哥遊艇,154.0,157.5,159.0,153.0,28.04,39.72,53.42,-0.01,-0.32,0.31,160.45,153.7,146.95,263,131,2.01,144.72,11.87,5.0,3.25,2026-07-14,2026-07-14 08:19:27
8481,政伸,42.25,41.95,42.4,41.8,83.1,83.47,63.89,0.26,0.24,0.02,42.56,42.0,41.45,25,17,1.44,28.14,13.04,2.75,6.51,2026-07-14,2026-07-14 08:19:29
8482,商億-KY,48.8,48.8,48.8,48.8,70.17,72.0,61.53,0.38,0.38,-0.0,49.48,47.96,46.43,1,2,0.43,51.28,21.22,1.96,4.02,2026-07-14,2026-07-14 08:19:29
8487,愛爾達-創,75.9,76.8,77.6,75.8,33.23,43.12,32.1,0.69,1.3,-0.61,79.78,78.2,76.62,40,41,0.96,20.14,21.5,4.81,6.34,2026-07-14,2026-07-14 08:19:30
8488,吉源-KY,10.15,10.2,10.2,10.05,22.68,27.41,45.28,-0.01,0.01,-0.03,10.52,10.18,9.84,4,54,0.07,7.46,,,,2026-07-14,2026-07-14 08:19:31
8489,三貝德,22.45,23.2,23.35,22.0,52.71,48.17,56.58,-0.22,-0.42,0.2,22.93,22.08,21.23,123,105,1.17,13.44,,,,2026-07-14,2026-07-14 08:19:32
8499,鼎炫-KY,279.5,290.5,297.5,277.0,22.01,29.14,45.33,1.01,3.02,-2.01,314.6,297.78,280.96,59,39,1.49,115.06,27.59,8.0,2.86,2026-07-14,2026-07-14 08:19:34
8905,裕國,29.15,29.15,29.7,29.15,56.36,70.06,48.15,-0.34,-0.47,0.13,30.06,29.57,29.08,12,3,3.34,33.61,47.79,1.0,3.43,2026-07-14,2026-07-14 08:19:36
8906,花王,27.0,27.45,27.55,27.0,24.22,31.34,35.9,0.36,0.68,-0.32,31.28,29.16,27.04,36,20,1.8,11.38,,0.1,0.37,2026-07-14,2026-07-14 08:19:37
8908,欣雄,39.0,38.85,39.5,38.85,12.86,16.88,20.62,-0.61,-0.33,-0.29,43.43,40.82,38.21,50,75,0.67,120.86,18.14,1.5,3.85,2026-07-14,2026-07-14 08:19:38
8916,光隆,42.95,43.05,43.25,42.7,39.79,51.33,51.76,-0.4,-0.46,0.07,44.86,43.69,42.51,53,49,1.08,63.79,17.39,3.59,8.36,2026-07-14,2026-07-14 08:19:39
8917,欣泰,52.4,52.4,52.4,52.4,35.02,45.53,61.4,0.7,0.61,0.09,54.36,51.76,49.16,3,2,1.53,85.23,23.5,2.1,4.01,2026-07-14,2026-07-14 08:19:41
8921,沈氏,17.8,17.8,17.9,17.8,57.54,59.65,52.76,-0.02,-0.03,0.01,18.18,17.79,17.41,2,2,1.0,8.29,,0.27,1.52,2026-07-14,2026-07-14 08:19:42
8923,時報,18.75,19.0,19.0,18.7,69.49,80.1,46.05,0.13,0.14,-0.01,19.49,18.94,18.4,13,5,2.37,5.7,19.53,0.9,4.8,2026-07-14,2026-07-14 08:19:43
8924,大田,55.7,56.4,56.4,55.7,24.52,39.13,48.54,-0.28,-0.26,-0.02,60.05,57.05,54.04,46,34,1.35,46.68,9.95,4.3,7.72,2026-07-14,2026-07-14 08:19:46
8926,台汽電,66.3,68.6,69.0,65.3,25.43,36.94,30.39,1.37,2.88,-1.51,82.19,75.47,68.75,10958,9019,1.21,550.48,27.97,2.12,3.2,2026-07-14,2026-07-14 08:19:46
8927,北基,20.8,21.45,21.55,20.7,44.2,62.69,45.35,0.36,0.38,-0.02,22.66,21.26,19.86,353,323,1.1,87.17,59.43,0.3,1.44,2026-07-14,2026-07-14 08:19:48
8928,鉅明,22.5,22.75,23.0,22.5,78.59,75.19,69.16,0.51,0.32,0.19,23.83,21.78,19.74,76,47,1.61,11.44,15.96,1.7,7.56,2026-07-14,2026-07-14 08:19:49
8929,富堡,14.3,14.4,14.4,14.1,51.27,63.41,58.49,0.11,0.02,0.09,15.05,14.12,13.2,23,54,0.43,7.23,,,,2026-07-14,2026-07-14 08:19:50
8930,青鋼,30.8,30.9,31.45,30.45,87.76,80.45,81.15,0.69,0.29,0.4,31.42,28.53,25.65,237,143,1.65,,12.89,2.2,7.14,2026-07-14,2026-07-14 08:19:51
8931,大汽電,41.75,42.3,42.3,41.4,53.64,63.92,53.4,0.17,0.13,0.04,43.62,42.3,40.98,81,62,1.3,51.04,22.33,1.6,3.83,2026-07-14,2026-07-14 08:19:53
8932,智通*,111.5,113.0,115.0,110.0,60.8,61.9,61.29,4.32,3.84,0.48,123.07,109.15,95.23,4237,5041,0.84,394.86,121.2,0.14,0.13,2026-07-14,2026-07-14 08:19:55
8933,愛地雅,4.35,4.43,4.58,4.19,31.0,31.33,37.65,-0.1,-0.11,0.01,4.9,4.62,4.34,321,145,2.21,14.21,,,,2026-07-14,2026-07-14 08:19:56
8935,邦泰,20.5,22.0,22.0,20.4,30.91,42.26,52.38,0.27,0.41,-0.14,24.35,22.04,19.72,534,354,1.51,23.27,,,,2026-07-14,2026-07-14 08:19:58
8936,國統,53.6,55.1,55.1,53.2,8.43,12.37,40.1,-0.08,0.7,-0.78,62.76,57.69,52.63,2321,1316,1.76,132.97,13.2,2.0,3.73,2026-07-14,2026-07-14 08:19:59
8937,合騏*,23.9,24.7,24.8,23.65,8.21,12.37,24.88,-0.97,-0.7,-0.26,31.31,27.63,23.95,145,102,1.42,101.51,,0.03,0.13,2026-07-14,2026-07-14 08:20:00
8938,明安,53.9,54.6,54.6,53.8,44.22,51.32,55.06,0.12,-0.02,0.14,55.54,53.89,52.25,88,69,1.26,81.78,8.97,4.0,7.42,2026-07-14,2026-07-14 08:20:01
8940,新天地,16.3,16.3,16.85,16.2,10.35,17.31,36.36,-0.14,-0.12,-0.02,16.95,16.54,16.13,109,42,2.57,11.0,29.64,,,2026-07-14,2026-07-14 08:20:02
8941,關中,42.15,43.15,43.15,42.15,86.3,86.2,69.36,0.13,0.04,0.1,43.74,42.6,41.46,3,4,0.79,14.74,36.34,1.0,2.37,2026-07-14,2026-07-14 08:20:03
8942,森鉅,39.15,40.2,40.2,39.15,13.73,16.01,23.19,-0.43,-0.27,-0.17,42.59,41.03,39.48,237,162,1.46,77.85,21.39,1.0,2.55,2026-07-14,2026-07-14 08:20:04
8996,高力,1120.0,1225.0,1235.0,1120.0,10.42,14.71,32.26,-4.87,36.84,-41.71,1648.14,1405.0,1161.86,2555,1643,1.55,1040.34,125.42,4.56,0.41,2026-07-14,2026-07-14 08:20:05
8999,台灣積層,37.15,37.15,37.15,37.15,29.15,35.39,27.12,-0.09,-0.07,-0.02,38.57,37.58,36.59,1,1,1.15,13.37,16.22,2.0,5.38,2026-07-13,2026-07-14 08:20:08
9103,美德醫療-DR,4.81,4.95,5.0,4.79,17.1,20.89,33.0,-0.09,-0.06,-0.04,5.41,5.16,4.91,1326,697,1.9,26.21,,,,2026-07-14,2026-07-14 08:20:10
9105,泰金寶-DR,8.35,8.88,8.95,8.29,26.75,22.79,20.0,-0.02,0.13,-0.15,10.02,9.24,8.47,30793,28554,1.08,872.58,46.39,0.15,1.8,2026-07-14,2026-07-14 08:20:11
9110,越南控-DR,2.98,2.98,3.18,2.98,39.84,42.94,44.34,-0.03,0.01,-0.04,3.54,3.27,3.0,52,38,1.36,27.05,18.62,,,2026-07-14,2026-07-14 08:20:12
9136,巨騰-DR,12.45,13.0,13.0,12.3,17.45,14.43,6.41,-0.47,-0.15,-0.33,17.48,14.36,11.24,342,319,1.07,105.28,,,,2026-07-14,2026-07-14 08:20:14
9802,鈺齊-KY,73.3,75.0,75.0,72.7,54.53,48.63,46.62,-0.73,-0.88,0.15,77.78,74.5,71.23,529,491,1.08,147.33,12.49,5.1,6.96,2026-07-14,2026-07-14 08:20:15
9902,台火,13.4,13.75,13.8,13.3,32.66,36.93,48.94,-0.02,-0.03,0.01,14.09,13.74,13.4,270,121,2.23,13.14,,0.3,2.24,2026-07-14,2026-07-14 08:20:15
9904,寶成,23.95,24.35,24.45,23.9,39.7,42.88,37.71,-0.15,-0.15,-0.0,25.06,24.37,23.69,21788,13341,1.63,705.76,5.87,1.3,5.43,2026-07-14,2026-07-14 08:20:16
9905,大華,20.5,20.75,20.75,20.2,72.17,71.85,73.27,0.16,0.12,0.04,20.56,20.15,19.75,329,256,1.29,62.52,15.77,1.1,5.37,2026-07-14,2026-07-14 08:20:17
9906,欣巴巴,39.9,41.05,41.05,38.25,33.81,35.44,34.59,0.04,0.49,-0.45,46.26,42.26,38.26,99,87,1.15,36.06,443.33,6.5,16.29,2026-07-14,2026-07-14 08:20:18
9907,統一實,15.05,15.3,15.3,15.0,31.84,38.68,52.83,-0.06,-0.05,-0.0,15.65,15.29,14.92,4024,2810,1.43,237.66,11.07,1.18,7.84,2026-07-14,2026-07-14 08:20:19
9908,大台北,29.8,29.85,29.9,29.7,65.15,64.1,53.57,0.1,0.1,0.0,29.99,29.74,29.49,525,196,2.68,149.26,17.33,1.2,4.03,2026-07-14,2026-07-14 08:20:20
9910,豐泰,66.7,67.9,67.9,66.5,19.33,22.44,30.4,-1.7,-1.33,-0.38,75.15,69.81,64.46,1596,908,1.76,658.65,13.08,4.1,6.15,2026-07-14,2026-07-14 08:20:21
9911,櫻花,83.9,84.9,84.9,83.3,39.58,44.53,55.43,0.19,0.16,0.02,84.96,83.45,81.94,254,184,1.38,184.64,13.42,5.0,5.96,2026-07-14,2026-07-14 08:20:22
9912,偉聯,12.55,12.85,12.9,12.35,49.3,53.67,64.71,0.05,0.03,0.01,12.82,12.59,12.36,56,24,2.33,6.8,,,,2026-07-14,2026-07-14 08:20:23
9914,美利達,75.6,76.0,77.0,73.8,36.93,32.73,61.98,1.44,1.82,-0.37,78.63,74.51,70.39,2078,1090,1.91,226.03,18.9,2.8,3.7,2026-07-14,2026-07-14 08:20:25
9917,中保科,105.5,107.5,107.5,105.0,62.6,52.06,51.85,-0.78,-0.84,0.06,112.33,107.49,102.64,646,447,1.44,468.47,15.61,5.7,5.4,2026-07-14,2026-07-14 08:20:26
9918,欣天然,43.35,43.5,44.0,43.05,74.73,64.71,55.41,0.05,-0.03,0.07,44.01,43.39,42.77,61,32,1.89,77.17,27.09,1.5,3.46,2026-07-14,2026-07-14 08:20:27
9919,康那香,13.5,13.9,13.9,13.5,26.91,36.8,37.5,-0.1,-0.1,-0.0,14.17,13.86,13.55,329,187,1.75,26.37,,0.2,1.48,2026-07-14,2026-07-14 08:20:29
9921,巨大,80.8,79.2,82.2,77.4,59.15,42.99,66.81,1.3,1.12,0.18,80.48,75.91,71.34,4125,2010,2.05,313.56,43.91,2.2,2.72,2026-07-14,2026-07-14 08:20:29
9924,福興,39.9,40.3,40.5,39.8,46.08,44.07,50.88,-0.08,-0.09,0.02,40.71,40.15,39.59,128,95,1.34,60.15,13.17,2.5,6.27,2026-07-14,2026-07-14 08:20:30
9925,新保,41.05,41.45,41.45,41.0,68.24,71.51,66.67,0.18,0.13,0.05,41.3,40.76,40.22,354,393,0.9,157.72,17.39,2.0,4.87,2026-07-14,2026-07-14 08:20:32
9926,新海,49.9,50.4,50.4,49.3,79.35,80.67,52.31,0.11,0.08,0.03,50.11,49.57,49.02,25,10,2.34,89.57,18.62,2.1,4.21,2026-07-14,2026-07-14 08:20:34
9927,泰銘,68.8,69.8,69.8,68.8,50.87,39.39,47.92,0.01,0.0,0.0,69.97,68.96,67.94,151,78,1.92,82.56,16.19,3.94,5.73,2026-07-14,2026-07-14 08:20:35
9928,中視,18.4,18.7,18.8,18.25,24.52,27.53,40.0,0.11,0.15,-0.05,18.97,18.59,18.21,80,32,2.48,13.01,,,,2026-07-14,2026-07-14 08:20:36
9929,秋雨,11.3,11.35,11.35,10.65,51.45,49.54,32.35,-0.19,-0.16,-0.03,12.46,11.39,10.31,24,14,1.62,11.44,,,,2026-07-14,2026-07-14 08:20:37
9930,中聯資源,63.2,63.6,63.6,62.7,18.58,21.08,19.35,-0.61,-0.31,-0.3,67.88,65.15,62.42,139,144,0.97,157.08,12.79,4.0,6.33,2026-07-14,2026-07-14 08:20:38
9931,欣高,33.1,33.45,33.45,33.05,35.47,37.68,51.88,0.07,0.08,-0.01,33.57,33.25,32.93,52,48,1.08,39.84,13.57,1.8,5.44,2026-07-14,2026-07-14 08:20:40
9933,中鼎,39.9,40.85,40.85,39.3,26.74,26.87,29.41,-0.04,0.27,-0.31,44.02,41.83,39.65,3203,1972,1.62,376.28,23.2,1.0,2.51,2026-07-14,2026-07-14 08:20:41
9934,成霖,10.65,10.95,11.1,10.55,65.24,59.82,63.33,0.16,0.12,0.04,10.79,10.26,9.73,2161,1480,1.46,43.77,6.38,0.1,0.94,2026-07-14,2026-07-14 08:20:43
9935,慶豐富,18.5,18.95,18.95,18.45,40.04,45.12,60.31,0.2,0.2,-0.0,19.17,18.38,17.59,303,280,1.08,32.53,11.64,1.2,6.49,2026-07-14,2026-07-14 08:20:45
9937,全國,55.8,56.1,57.1,55.4,77.65,76.07,72.41,0.01,-0.12,0.12,56.01,55.39,54.77,156,50,3.08,172.45,23.74,2.2,3.94,2026-07-14,2026-07-14 08:20:46
9938,百和,45.3,46.1,46.35,45.1,57.66,64.12,58.75,0.39,0.28,0.11,46.66,44.88,43.09,1076,1038,1.04,134.98,11.08,3.0,6.62,2026-07-14,2026-07-14 08:20:47
9939,宏全,123.5,124.0,125.0,123.0,77.26,68.5,57.21,0.89,1.0,-0.11,128.12,123.49,118.86,946,1006,0.94,365.3,13.6,6.2,5.02,2026-07-14,2026-07-14 08:20:47
9940,信義,19.55,19.85,19.85,19.4,72.85,74.77,60.0,0.16,0.16,-0.0,20.15,19.51,18.86,546,264,2.07,144.05,69.82,0.6,3.07,2026-07-14,2026-07-14 08:20:48
9941,裕融,80.7,81.6,82.2,80.6,35.59,44.1,51.4,0.49,0.69,-0.19,83.04,81.09,79.13,943,761,1.24,464.54,11.02,4.38,5.43,2026-07-14,2026-07-14 08:20:49
9942,茂順,120.5,122.0,122.0,119.0,75.52,68.79,70.0,0.54,0.2,0.34,121.11,118.62,116.14,199,113,1.76,100.21,14.86,7.0,5.81,2026-07-14,2026-07-14 08:20:50
9943,好樂迪,52.9,53.3,53.6,52.6,28.69,32.71,50.38,0.05,0.11,-0.06,54.24,53.56,52.88,152,91,1.66,66.22,9.8,3.5,6.62,2026-07-14,2026-07-14 08:20:51
9944,新麗,17.95,18.1,18.1,17.75,58.61,65.44,57.58,0.23,0.27,-0.03,18.12,17.67,17.22,41,40,1.02,19.01,,0.3,1.67,2026-07-14,2026-07-14 08:20:52
9945,潤泰新,25.5,25.75,25.85,25.2,42.06,36.85,55.39,0.37,0.46,-0.09,26.17,25.69,25.21,6216,4435,1.4,722.8,6.49,1.1,4.31,2026-07-14,2026-07-14 08:20:53
9946,三發地產,18.25,18.7,18.8,18.2,30.61,44.82,30.88,0.33,0.56,-0.23,20.69,19.7,18.71,590,502,1.17,58.66,12.01,1.04,5.7,2026-07-14,2026-07-14 08:20:55
9949,琉園,25.1,27.4,27.4,25.05,38.63,53.08,51.15,0.78,0.8,-0.02,30.0,26.64,23.27,116,874,0.13,11.26,4.85,2.2,8.76,2026-07-14,2026-07-14 08:20:56
9950,萬國通,10.55,10.6,10.6,10.5,27.84,36.14,45.45,-0.06,-0.08,0.02,10.82,10.56,10.3,98,73,1.34,17.69,,,,2026-07-14,2026-07-14 08:20:57
9951,皇田,52.7,53.1,53.3,52.6,30.94,37.9,50.0,0.07,0.11,-0.04,54.18,53.49,52.79,58,33,1.74,37.82,10.08,2.32,4.4,2026-07-14,2026-07-14 08:20:59
9955,佳龍,24.5,25.55,25.85,24.4,13.14,23.18,24.73,-0.59,-0.48,-0.11,27.78,26.51,25.24,538,256,2.1,25.59,45.37,,,2026-07-14,2026-07-14 08:21:00
9958,世紀鋼,112.0,117.0,117.5,111.5,33.9,42.42,53.33,1.77,2.19,-0.43,121.27,116.62,111.98,2181,1324,1.65,276.52,17.31,4.5,4.02,2026-07-14,2026-07-14 08:21:01
9960,邁達康,32.0,31.6,32.95,31.6,31.04,33.69,58.77,0.38,0.46,-0.09,34.36,32.82,31.29,30,18,1.68,10.75,18.39,1.7,5.31,2026-07-14,2026-07-14 08:21:03
9962,有益,9.8,9.83,9.83,9.66,84.44,80.94,56.36,0.02,0.01,0.02,9.94,9.77,9.59,54,61,0.89,8.84,,0.5,5.1,2026-07-14,2026-07-14 08:21:04
