股票代號,股票名稱,收盤價,K值,D值,KD狀態,RSI,DIF,MACD,柱狀圖,MACD狀態,BB上軌,BB中軌,BB下軌,BB位置,成交量張,5日均量張,量比,市值億,本益比,EPS,每股配息,殖利率,更新時間
1101,台泥,25.7,33.42,47.1,K<D,57.45,0.63,0.76,-0.13,DIF<MACD,27.03,25.63,24.23,52.4,27568,33778,0.82,1925.75,16.82,,1.0,3.89,2026-02-05 20:04:41
1102,亞泥,35.35,26.81,16.39,K>D,35.35,-0.57,-0.5,-0.06,DIF<MACD,37.83,35.94,34.06,34.2,5975,7504,0.8,1253.71,9.99,3.54,2.2,6.22,2026-02-05 20:04:42
1103,嘉泥,13.9,29.57,43.49,K<D,40.0,0.02,0.05,-0.03,DIF<MACD,14.28,14.06,13.85,12.1,421,348,1.21,91.57,33.1,0.42,0.55,3.96,2026-02-05 20:04:44
1104,環泥,29.8,38.2,30.61,K>D,40.82,-0.16,-0.14,-0.02,DIF<MACD,30.68,30.03,29.39,31.9,201,423,0.48,204.63,12.79,2.33,1.7,5.7,2026-02-05 20:04:45
1108,幸福,15.1,46.65,39.57,K>D,50.0,0.03,0.03,-0.0,DIF<MACD,15.22,15.07,14.91,60.6,112,157,0.71,61.12,6.48,2.33,0.75,4.97,2026-02-05 20:04:46
1109,信大,15.45,48.63,48.5,黃金交叉,40.0,-0.02,-0.02,-0.0,DIF<MACD,15.55,15.45,15.35,51.3,55,83,0.66,52.71,14.17,1.09,0.9,5.83,2026-02-05 20:04:47
1110,東泥,16.25,51.56,36.86,K>D,41.94,-0.07,-0.07,-0.0,DIF<MACD,16.67,16.33,15.99,38.6,128,176,0.73,92.61,40.62,0.4,0.3,1.85,2026-02-05 20:04:48
1201,味全,14.55,44.32,46.07,K<D,53.57,-0.04,-0.05,0.01,DIF>MACD,14.62,14.47,14.31,76.7,254,206,1.23,73.63,25.98,0.56,0.5,3.44,2026-02-05 20:04:49
1203,味王,39.5,42.16,42.03,K>D,48.21,-0.02,-0.02,-0.0,DIF<MACD,39.99,39.61,39.24,35.0,8,10,0.81,93.89,19.17,2.06,1.2,3.04,2026-02-05 20:04:51
1210,大成,51.3,24.23,23.95,黃金交叉,36.36,-0.17,-0.05,-0.11,DIF<MACD,52.85,51.7,50.55,32.7,1475,1729,0.85,429.23,13.09,3.92,2.83,5.52,2026-02-05 20:04:52
1213,大飲,10.05,50.8,53.47,K<D,52.25,-0.08,-0.08,-0.0,DIF<MACD,10.37,10.08,9.79,44.7,9,10,0.87,5.69,1.14,8.8,0.35,3.48,2026-02-05 20:04:53
1215,卜蜂,149.0,35.23,33.18,黃金交叉,36.73,2.21,2.78,-0.56,DIF<MACD,157.17,149.43,141.68,47.3,383,477,0.8,439.24,14.61,10.2,4.5,3.02,2026-02-05 20:04:55
1216,統一,73.3,35.29,20.03,K>D,33.33,-1.03,-0.96,-0.07,DIF<MACD,76.82,73.89,70.97,39.8,8259,7947,1.04,4164.92,21.12,3.47,3.0,4.09,2026-02-05 20:04:56
1217,愛之味,10.5,20.36,24.95,K<D,42.86,0.0,0.03,-0.02,DIF<MACD,10.76,10.57,10.37,33.1,268,460,0.58,51.92,38.89,0.27,0.37,3.52,2026-02-05 20:04:57
1218,泰山,18.3,29.18,32.09,K<D,48.15,0.01,0.04,-0.03,DIF<MACD,18.61,18.35,18.1,39.4,481,452,1.06,89.0,14.08,1.3,1.35,7.38,2026-02-05 20:04:58
1219,福壽,13.55,66.09,58.94,K>D,50.0,0.0,-0.01,0.01,DIF>MACD,13.65,13.51,13.37,65.3,140,250,0.56,46.24,32.26,0.42,0.5,3.69,2026-02-05 20:05:00
1220,台榮,12.8,64.01,66.47,K<D,59.26,0.07,0.07,0.0,DIF>MACD,13.08,12.75,12.41,57.9,68,101,0.68,22.58,51.2,0.25,0.7,5.47,2026-02-05 20:05:01
1225,福懋油,28.35,48.75,47.63,K>D,47.37,-0.18,-0.23,0.05,DIF>MACD,28.91,28.41,27.9,44.6,177,169,1.05,68.68,20.25,1.4,0.14,0.49,2026-02-05 20:05:02
1227,佳格,29.0,27.21,24.84,黃金交叉,36.11,-0.33,-0.32,-0.01,DIF<MACD,29.89,29.27,28.66,27.9,641,827,0.78,263.44,19.86,1.46,1.4,4.83,2026-02-05 20:05:03
1229,聯華,45.45,12.88,17.45,K<D,31.43,-0.43,-0.31,-0.12,DIF<MACD,47.55,46.33,45.11,13.8,1036,1801,0.58,812.97,17.82,2.55,1.3,2.86,2026-02-05 20:05:04
1231,聯華食,94.4,35.22,35.14,黃金交叉,46.38,-0.69,-0.8,0.11,DIF>MACD,95.79,94.51,93.23,45.7,279,302,0.92,281.74,26.22,3.6,1.6,1.69,2026-02-05 20:05:05
1232,大統益,146.5,33.21,32.97,黃金交叉,50.0,0.29,0.24,0.06,DIF>MACD,147.46,145.82,144.19,70.7,61,51,1.18,234.36,18.22,8.04,7.0,4.78,2026-02-05 20:05:06
1233,天仁,32.2,41.4,31.66,K>D,42.11,0.03,0.06,-0.03,DIF<MACD,32.4,32.21,32.02,48.0,54,32,1.67,29.16,40.25,0.8,0.95,2.95,2026-02-05 20:05:08
1234,黑松,37.0,50.0,40.51,K>D,33.33,-0.16,-0.17,0.01,DIF>MACD,37.49,37.13,36.76,32.6,76,74,1.02,148.69,18.88,1.96,1.9,5.14,2026-02-05 20:05:09
1235,興泰,40.35,33.39,44.74,K<D,30.36,-1.28,-1.26,-0.02,DIF<MACD,46.43,42.65,38.88,19.5,20,9,2.11,18.34,,,0.5,1.24,2026-02-05 20:05:10
1236,宏亞,26.65,86.78,80.2,K>D,83.05,0.33,0.15,0.18,DIF>MACD,26.9,25.43,23.95,91.5,86,143,0.6,23.1,,,0.6,2.25,2026-02-05 20:05:11
1256,鮮活果汁-KY,164.0,37.05,29.78,K>D,48.78,2.88,3.37,-0.49,DIF<MACD,167.38,159.95,152.52,77.3,235,87,2.69,58.67,17.1,9.59,4.66,2.84,2026-02-05 20:05:12
1301,台塑,47.2,41.03,50.79,K<D,59.59,1.67,1.69,-0.02,DIF<MACD,51.61,44.81,38.02,67.5,25592,35224,0.73,3004.63,83.86,,0.5,1.06,2026-02-05 20:05:13
1303,南亞,74.5,37.99,43.76,K<D,50.8,3.45,4.18,-0.73,DIF<MACD,85.92,73.53,61.14,53.9,56741,64618,0.88,5908.46,36.1,,0.7,0.94,2026-02-05 20:05:14
1304,台聚,11.65,30.73,36.6,K<D,50.59,0.09,0.15,-0.06,DIF<MACD,12.57,11.68,10.79,48.2,3217,6114,0.53,124.92,,,0.2,1.72,2026-02-05 20:05:16
1305,華夏,11.8,25.27,35.08,K<D,48.78,0.13,0.22,-0.08,DIF<MACD,12.89,11.98,11.06,40.3,1202,3286,0.37,68.56,,,0.15,1.27,2026-02-05 20:05:17
1307,三芳,31.75,36.34,35.96,黃金交叉,48.28,-0.23,-0.17,-0.05,DIF<MACD,33.06,31.95,30.84,41.0,565,751,0.75,126.31,10.76,2.95,2.7,8.5,2026-02-05 20:05:18
1308,亞聚,13.65,31.44,35.0,K<D,48.0,0.03,0.09,-0.05,DIF<MACD,14.42,13.65,12.88,50.0,1201,1858,0.65,81.05,50.56,,0.25,1.83,2026-02-05 20:05:19
1309,台達化,12.25,42.41,43.05,K<D,54.43,0.18,0.2,-0.02,DIF<MACD,12.76,12.02,11.28,65.8,1135,1575,0.72,48.7,,,0.2,1.63,2026-02-05 20:05:20
1310,台苯,8.9,35.51,39.95,K<D,52.99,0.03,0.05,-0.01,DIF<MACD,9.21,8.91,8.61,48.7,1531,1937,0.79,46.98,34.23,,,,2026-02-05 20:05:22
1312,國喬,12.75,22.55,33.07,K<D,40.96,0.25,0.39,-0.14,DIF<MACD,14.0,13.18,12.35,24.1,3201,6809,0.47,146.26,19.32,,,,2026-02-05 20:05:23
1313,聯成,10.4,26.45,38.19,K<D,48.48,0.05,0.11,-0.06,DIF<MACD,11.47,10.64,9.82,35.1,2056,3832,0.54,138.41,,,0.15,1.44,2026-02-05 20:05:24
1314,中石化,8.01,24.78,25.61,K<D,46.05,-0.02,0.01,-0.02,DIF<MACD,8.4,8.11,7.81,33.7,10535,15763,0.67,303.17,4.6,,,,2026-02-05 20:05:25
1315,達新,64.0,32.62,40.4,K<D,34.37,-0.02,0.01,-0.04,DIF<MACD,65.12,64.36,63.59,26.9,10,6,1.62,61.14,39.02,1.64,4.5,7.03,2026-02-05 20:05:26
1316,上曜,13.95,31.43,23.7,K>D,42.11,-0.28,-0.28,-0.01,DIF<MACD,14.89,14.25,13.61,26.8,2530,2095,1.21,47.34,63.41,,,,2026-02-05 20:05:27
1319,東陽,109.5,34.92,42.43,K<D,45.76,3.17,3.5,-0.33,DIF<MACD,119.39,106.99,94.59,60.1,2574,2866,0.9,647.67,16.77,6.53,5.3,4.84,2026-02-05 20:05:29
1321,大洋,33.35,35.29,33.68,黃金交叉,38.67,-0.43,-0.44,0.01,黃金交叉,34.91,33.76,32.61,32.2,230,175,1.31,73.6,,,0.38,1.14,2026-02-05 20:05:30
1323,永裕,18.8,36.57,41.06,K<D,48.48,-0.16,-0.17,0.0,黃金交叉,19.3,18.87,18.43,42.2,12,37,0.33,17.16,188.0,0.1,0.9,4.79,2026-02-05 20:05:31
1324,地球,10.6,16.39,21.71,K<D,31.03,-0.05,0.01,-0.07,DIF<MACD,11.44,10.96,10.48,12.2,31,36,0.86,7.96,,,0.2,1.89,2026-02-05 20:05:33
1325,恆大,30.35,25.37,33.19,K<D,51.95,0.08,0.07,0.01,DIF>MACD,33.67,30.4,27.13,49.3,778,1801,0.43,25.88,,,0.3,0.99,2026-02-05 20:05:34
1326,台化,40.25,50.73,61.28,K<D,65.58,2.22,1.99,0.23,DIF>MACD,45.23,36.94,28.64,70.0,22959,37775,0.61,2354.23,45.7,,0.5,1.24,2026-02-05 20:05:35
1337,再生-KY,5.45,23.47,40.12,K<D,61.84,0.18,0.19,-0.01,DIF<MACD,6.23,5.34,4.44,56.2,481,932,0.52,14.66,,,,,2026-02-05 20:05:36
1338,廣華-KY,19.55,6.22,10.78,K<D,8.33,-0.19,-0.09,-0.1,DIF<MACD,21.2,20.28,19.35,10.7,119,111,1.07,15.79,2.27,,0.78,3.99,2026-02-05 20:05:37
1339,昭輝,42.25,28.2,29.77,K<D,18.98,-0.3,-0.18,-0.12,DIF<MACD,46.08,43.32,40.56,30.6,29,50,0.59,31.32,20.51,2.06,3.0,7.1,2026-02-05 20:05:38
1340,勝悅-KY,6.56,17.82,23.88,K<D,42.11,-0.14,-0.11,-0.03,DIF<MACD,7.21,6.8,6.39,21.0,139,125,1.11,10.03,,,,,2026-02-05 20:05:39
1341,富林-KY,58.9,79.65,64.26,K>D,53.23,0.07,-0.01,0.08,DIF>MACD,59.23,58.3,57.37,82.3,3,4,0.69,31.13,14.76,3.99,5.2,8.83,2026-02-05 20:05:40
1342,八貫,96.9,59.33,44.78,K>D,53.06,1.17,1.4,-0.23,DIF<MACD,97.55,95.17,92.78,86.4,158,201,0.78,75.58,17.94,5.4,4.79,4.94,2026-02-05 20:05:42
1402,遠東新,28.6,43.57,36.04,K>D,52.44,0.01,0.04,-0.02,DIF<MACD,28.95,28.31,27.68,72.6,9324,8479,1.1,1530.7,17.23,1.66,1.6,5.59,2026-02-05 20:05:43
1409,新纖,15.05,29.16,28.25,黃金交叉,43.28,-0.03,0.0,-0.03,DIF<MACD,15.77,15.18,14.59,39.2,2320,3458,0.67,242.87,12.54,1.2,0.6,3.99,2026-02-05 20:05:44
1410,南染,33.45,21.42,14.94,黃金交叉,40.0,-0.22,-0.18,-0.04,DIF<MACD,34.24,33.7,33.15,27.2,122,53,2.29,20.74,59.73,0.56,0.51,1.52,2026-02-05 20:05:45
1413,宏洲,9.94,35.44,40.76,K<D,49.66,-0.01,-0.02,0.01,DIF>MACD,10.08,9.93,9.77,54.5,3,7,0.4,13.13,22.59,0.44,,,2026-02-05 20:05:46
1414,東和,19.15,38.12,49.94,K<D,38.71,0.12,0.18,-0.06,DIF<MACD,20.09,19.29,18.48,41.5,600,736,0.82,34.13,147.31,0.13,0.26,1.36,2026-02-05 20:05:47
1416,廣豐,11.75,41.01,44.09,K<D,50.0,-0.01,-0.01,-0.0,DIF<MACD,11.91,11.76,11.62,44.7,96,176,0.54,21.78,15.06,0.78,0.56,4.77,2026-02-05 20:05:49
1417,嘉裕,8.74,43.33,42.34,黃金交叉,45.76,-0.05,-0.03,-0.01,DIF<MACD,8.94,8.79,8.63,35.6,163,132,1.23,16.6,,,,,2026-02-05 20:05:50
1418,東華,19.9,29.3,29.98,K<D,50.0,-0.0,0.01,-0.02,DIF<MACD,20.15,19.94,19.73,41.1,5,9,0.63,10.81,,,,,2026-02-05 20:05:51
1419,新紡,68.8,22.4,34.51,K<D,43.28,-0.02,1.04,-1.06,DIF<MACD,80.73,74.08,67.42,10.4,134,290,0.46,205.88,15.43,4.46,1.5,2.18,2026-02-05 20:05:52
1423,利華,38.0,47.19,40.53,黃金交叉,45.83,-0.09,-0.08,-0.01,DIF<MACD,38.4,38.11,37.81,31.8,7,12,0.56,37.87,8.94,4.25,0.8,2.11,2026-02-05 20:05:53
1432,大魯閣,18.95,66.69,61.35,K>D,62.96,0.18,0.13,0.06,DIF>MACD,19.01,18.38,17.74,95.0,392,369,1.06,20.47,,,,,2026-02-05 20:05:54
1434,福懋,17.5,67.32,61.45,K>D,64.63,0.32,0.27,0.05,DIF>MACD,17.77,16.7,15.63,87.4,3921,4119,0.95,294.43,50.0,0.35,0.8,4.57,2026-02-05 20:05:55
1435,中福,20.5,53.2,57.83,K<D,41.89,-0.35,-0.37,0.02,DIF>MACD,22.44,21.46,20.49,0.5,3,6,0.48,28.65,,,,,2026-02-05 20:05:57
1436,華友聯,60.4,29.62,27.74,K>D,39.39,-0.69,-0.56,-0.13,DIF<MACD,63.24,61.5,59.76,18.5,198,209,0.95,104.31,10.0,6.04,7.53,12.47,2026-02-05 20:05:58
1437,勤益控,32.05,23.47,40.12,K<D,43.11,-0.2,-0.18,-0.02,DIF<MACD,32.95,32.38,31.82,20.5,55,81,0.68,64.7,15.33,2.09,1.83,5.71,2026-02-05 20:05:59
1438,三地開發,31.5,25.96,34.78,K<D,30.99,-0.44,-0.3,-0.14,DIF<MACD,33.88,32.75,31.63,-5.7,13,28,0.46,35.03,,,,,2026-02-05 20:06:00
1439,雋揚,29.85,76.06,65.8,K>D,33.33,0.17,0.25,-0.08,DIF<MACD,30.48,30.0,29.52,34.1,20,14,1.4,27.46,10.74,2.78,0.3,1.01,2026-02-05 20:06:01
1440,南紡,13.7,36.51,39.19,K<D,52.5,0.03,0.03,-0.01,DIF<MACD,14.02,13.59,13.16,62.9,1518,1295,1.17,226.98,65.24,,0.3,2.19,2026-02-05 20:06:02
1441,大東,9.99,7.24,11.82,K<D,27.54,-0.12,-0.11,-0.02,DIF<MACD,10.5,10.19,9.88,18.2,17,11,1.55,7.17,,,,,2026-02-05 20:06:03
1442,名軒,29.95,67.12,56.13,K>D,51.43,-0.21,-0.31,0.1,DIF>MACD,30.72,29.8,28.88,58.3,587,664,0.88,109.68,7.9,3.79,4.5,15.03,2026-02-05 20:06:05
1443,立益物流,26.85,53.59,58.11,K<D,47.78,0.01,-0.01,0.02,DIF>MACD,27.5,27.02,26.54,32.4,10,14,0.68,36.34,34.87,0.77,,,2026-02-05 20:06:06
1444,力麗,6.39,23.57,33.87,K<D,55.88,0.08,0.1,-0.01,DIF<MACD,6.9,6.35,5.79,53.8,383,732,0.52,62.9,22.82,,,,2026-02-05 20:06:07
1445,大宇,15.8,81.79,78.2,K>D,81.82,0.58,0.35,0.23,DIF>MACD,16.23,13.81,11.4,91.1,213,264,0.81,20.65,,,0.5,3.16,2026-02-05 20:06:08
1446,宏和,16.9,17.17,15.0,黃金交叉,26.0,-0.35,-0.26,-0.08,DIF<MACD,18.65,17.55,16.46,20.2,108,181,0.6,23.27,5.99,2.82,2.0,11.83,2026-02-05 20:06:09
1447,力鵬,5.45,26.45,35.92,K<D,54.67,0.04,0.04,0.0,DIF>MACD,5.96,5.41,4.86,53.7,513,786,0.65,45.97,15.14,,,,2026-02-05 20:06:10
1449,佳和,11.4,24.39,18.11,K>D,33.33,-0.01,0.11,-0.12,DIF<MACD,12.75,11.82,10.89,27.3,516,480,1.08,14.49,5.64,,0.33,2.89,2026-02-05 20:06:11
1451,年興,17.55,20.96,29.19,K<D,48.94,0.07,0.13,-0.05,DIF<MACD,18.31,17.72,17.13,35.4,214,119,1.8,34.75,9.97,1.76,1.0,5.7,2026-02-05 20:06:12
1452,宏益,11.75,26.28,32.55,K<D,47.83,0.0,0.01,-0.01,DIF<MACD,12.06,11.81,11.56,38.2,31,55,0.56,15.59,5.93,,0.5,4.26,2026-02-05 20:06:14
1453,大將,13.05,54.94,56.54,K<D,58.51,0.23,0.16,0.07,DIF>MACD,13.75,12.6,11.46,69.5,76,299,0.25,14.78,,,,,2026-02-05 20:06:15
1454,台富,14.65,66.26,75.98,K<D,63.78,0.56,0.29,0.28,DIF>MACD,15.85,13.54,11.22,74.0,422,1353,0.31,17.89,,,0.25,1.71,2026-02-05 20:06:16
1455,集盛,8.76,28.71,40.6,K<D,58.79,0.27,0.29,-0.02,DIF<MACD,9.93,8.48,7.03,59.6,725,1051,0.69,46.58,12.17,,,,2026-02-05 20:06:17
1456,怡華,12.85,66.16,64.05,K>D,35.14,-0.02,0.01,-0.03,DIF<MACD,13.55,13.14,12.74,13.7,43,24,1.76,12.04,10.12,1.27,,,2026-02-05 20:06:18
1457,宜進,15.0,10.48,20.63,K<D,33.33,-0.17,-0.14,-0.03,DIF<MACD,15.84,15.37,14.9,10.8,87,93,0.94,35.03,35.71,0.42,1.0,6.67,2026-02-05 20:06:19
1459,聯發,11.7,21.93,33.3,K<D,42.86,-0.02,-0.01,-0.01,DIF<MACD,11.96,11.78,11.6,27.6,46,113,0.41,37.15,5.52,2.12,,,2026-02-05 20:06:21
1460,宏遠,6.71,67.66,68.86,K<D,64.86,0.1,0.1,-0.01,DIF<MACD,6.78,6.54,6.31,86.0,523,466,1.12,45.26,10.32,,,,2026-02-05 20:06:22
1463,強盛新,17.75,73.8,69.26,K>D,55.56,-0.16,-0.28,0.12,DIF>MACD,17.92,17.47,17.03,81.0,14,39,0.38,30.46,4.68,3.79,2.1,11.83,2026-02-05 20:06:23
1464,得力,11.25,20.58,20.48,黃金交叉,26.92,-0.02,0.04,-0.06,DIF<MACD,12.0,11.48,10.96,27.7,234,307,0.76,47.68,28.85,0.39,0.5,4.44,2026-02-05 20:06:24
1465,偉全,12.35,27.42,36.41,K<D,36.36,-0.07,-0.06,-0.01,DIF<MACD,12.62,12.48,12.34,4.3,24,34,0.72,12.8,,,0.6,4.86,2026-02-05 20:06:25
1466,聚隆,15.15,66.06,61.43,K>D,66.04,0.16,0.09,0.07,DIF>MACD,15.06,14.47,13.89,107.9,1309,512,2.55,16.84,,,,,2026-02-05 20:06:26
1467,南緯,7.42,12.09,18.01,K<D,30.92,0.02,0.09,-0.07,DIF<MACD,8.25,7.79,7.33,9.6,276,237,1.16,17.33,,,,,2026-02-05 20:06:27
1468,昶和,12.85,51.0,63.19,K<D,66.04,0.29,0.28,0.01,DIF>MACD,13.68,12.5,11.32,64.9,41,40,1.02,20.61,128.5,0.1,,,2026-02-05 20:06:29
1471,首利,12.85,42.79,53.88,K<D,65.17,1.0,0.93,0.07,DIF>MACD,14.88,11.51,8.13,69.9,689,1076,0.64,19.33,,,,,2026-02-05 20:06:30
1472,三洋實業,89.6,61.34,46.67,K>D,48.24,-0.21,-0.41,0.2,DIF>MACD,90.3,88.27,86.25,82.7,43,22,1.96,47.03,14.15,6.33,3.0,3.35,2026-02-05 20:06:31
1473,台南,25.0,20.87,39.14,K<D,57.76,0.19,0.3,-0.11,DIF<MACD,27.6,25.27,22.94,44.2,61,107,0.57,36.54,20.16,1.24,2.0,8.0,2026-02-05 20:06:32
1474,弘裕,10.35,34.69,38.65,K<D,50.0,-0.1,-0.13,0.03,DIF>MACD,10.56,10.35,10.14,50.0,492,207,2.38,13.44,31.36,0.33,0.4,3.86,2026-02-05 20:06:33
1475,業旺,31.0,21.73,21.38,K>D,25.96,-0.21,-0.1,-0.11,DIF<MACD,33.52,32.18,30.84,5.9,41,38,1.07,20.47,9.04,3.43,3.6,11.61,2026-02-05 20:06:35
1476,儒鴻,413.0,40.73,33.7,黃金交叉,45.33,0.52,1.04,-0.52,DIF<MACD,424.96,408.88,392.79,62.8,1672,757,2.21,1133.14,20.12,20.53,17.0,4.12,2026-02-05 20:06:36
1477,聚陽,319.0,41.4,29.28,K>D,44.7,2.0,3.13,-1.12,DIF<MACD,334.35,318.38,302.4,52.0,1330,1038,1.28,786.95,21.3,14.98,16.1,5.05,2026-02-05 20:06:37
1503,士電,211.5,23.18,40.77,K<D,55.6,11.05,13.16,-2.11,DIF<MACD,254.41,212.95,171.49,48.3,3568,4943,0.72,1101.86,33.62,6.29,4.5,2.13,2026-02-05 20:06:38
1504,東元,79.8,18.73,20.91,K<D,34.58,-1.45,-0.84,-0.61,DIF<MACD,92.08,85.29,78.5,9.5,9149,16019,0.57,1871.02,31.42,2.54,2.2,2.76,2026-02-05 20:06:40
1506,正道,11.85,21.48,28.11,K<D,33.33,0.02,0.13,-0.12,DIF<MACD,13.37,12.34,11.31,26.1,164,239,0.68,35.6,148.13,0.08,,,2026-02-05 20:06:41
1512,瑞利,7.85,14.98,21.96,K<D,48.93,0.09,0.15,-0.06,DIF<MACD,9.09,8.02,6.96,41.8,116,111,1.05,7.71,,,,,2026-02-05 20:06:42
1513,中興電,164.5,29.54,42.93,K<D,53.02,4.56,6.09,-1.53,DIF<MACD,193.65,167.38,141.1,44.5,5806,8283,0.7,812.75,21.34,7.71,4.6,2.8,2026-02-05 20:06:43
1514,亞力,120.5,23.65,37.66,K<D,54.61,5.72,7.37,-1.64,DIF<MACD,152.11,122.62,93.12,46.4,3871,6579,0.59,326.4,41.27,2.92,1.7,1.41,2026-02-05 20:06:44
1515,力山,26.65,28.51,23.22,K>D,35.05,-0.32,-0.17,-0.15,DIF<MACD,29.18,27.44,25.71,27.1,280,401,0.7,48.36,8.6,,1.0,3.75,2026-02-05 20:06:46
1516,川飛,21.5,24.34,32.0,K<D,44.44,0.06,0.21,-0.15,DIF<MACD,22.75,21.92,21.08,25.1,40,29,1.38,8.6,,,,,2026-02-05 20:06:47
1517,利奇,11.95,25.62,30.67,K<D,46.74,0.17,0.26,-0.09,DIF<MACD,13.55,12.13,10.71,43.8,138,276,0.5,26.29,1.81,,0.2,1.67,2026-02-05 20:06:48
1519,華城,955.0,27.15,35.11,K<D,48.72,43.91,55.13,-11.22,DIF<MACD,1119.89,958.9,797.91,48.8,4033,4083,0.99,3016.66,70.32,13.58,9.0,0.94,2026-02-05 20:06:49
1521,大億,26.45,23.31,27.48,K<D,48.42,0.53,0.76,-0.23,DIF<MACD,30.74,26.78,22.83,45.8,37,29,1.26,20.16,41.98,0.63,1.0,3.78,2026-02-05 20:06:50
1522,堤維西,49.0,20.39,24.82,K<D,40.54,0.46,0.74,-0.28,DIF<MACD,53.68,49.58,45.47,43.0,767,848,0.9,152.86,51.04,0.96,3.0,6.12,2026-02-05 20:06:51
1524,耿鼎,32.55,14.6,29.93,K<D,47.96,0.95,1.23,-0.28,DIF<MACD,37.11,33.11,29.11,43.0,1257,1731,0.73,53.81,12.81,2.54,2.3,7.07,2026-02-05 20:06:52
1525,江申,62.9,17.91,24.16,K<D,50.89,-0.22,-0.19,-0.03,DIF<MACD,64.45,63.14,61.82,41.1,18,22,0.8,46.17,16.3,3.86,3.1,4.93,2026-02-05 20:06:54
1526,日馳,20.75,31.64,37.67,K<D,56.55,0.92,1.07,-0.15,DIF<MACD,24.87,20.24,15.61,55.5,182,316,0.58,12.45,,,,,2026-02-05 20:06:55
1527,鑽全,34.4,20.43,23.51,K<D,41.84,0.22,0.47,-0.24,DIF<MACD,37.88,34.9,31.92,41.6,120,188,0.64,47.67,25.11,1.37,2.2,6.4,2026-02-05 20:06:56
1528,恩德,29.45,49.79,35.76,黃金交叉,52.93,1.81,2.24,-0.43,DIF<MACD,32.99,27.3,21.62,68.9,13688,4776,2.87,56.35,,,0.1,0.34,2026-02-05 20:06:57
1529,樂事綠能,23.3,13.85,26.63,K<D,54.81,1.0,1.29,-0.29,DIF<MACD,27.99,23.62,19.25,46.4,991,1250,0.79,36.14,31.07,0.75,0.2,0.86,2026-02-05 20:06:59
1530,亞崴,28.9,28.69,35.95,K<D,37.5,0.4,0.49,-0.09,DIF<MACD,30.63,28.92,27.21,49.4,24,58,0.42,27.34,48.17,0.6,1.53,5.29,2026-02-05 20:07:00
1531,高林股,12.25,23.76,22.0,黃金交叉,39.29,0.04,0.1,-0.05,DIF<MACD,12.85,12.3,11.75,45.4,107,78,1.37,22.31,13.03,,0.4,3.27,2026-02-05 20:07:01
1532,勤美,24.25,26.02,21.28,K>D,33.33,-0.5,-0.47,-0.03,DIF<MACD,25.83,24.92,24.01,13.2,320,524,0.61,100.94,121.25,0.2,1.73,7.13,2026-02-05 20:07:02
1533,車王電,30.7,16.69,17.57,K<D,35.14,-0.47,-0.3,-0.17,DIF<MACD,33.44,31.86,30.29,12.9,48,94,0.52,30.25,52.03,0.59,,,2026-02-05 20:07:03
1535,中宇,48.95,7.47,14.17,K<D,15.27,-0.91,-0.51,-0.41,DIF<MACD,55.16,52.23,49.29,-5.8,129,176,0.74,60.57,12.33,3.97,3.0,6.13,2026-02-05 20:07:05
1536,和大,59.7,24.67,34.62,K<D,36.7,0.76,1.19,-0.43,DIF<MACD,68.47,61.07,53.68,40.7,1737,2578,0.67,166.54,398.0,,0.8,1.34,2026-02-05 20:07:06
1537,廣隆,123.5,34.92,32.6,黃金交叉,46.15,-0.25,-0.15,-0.11,DIF<MACD,125.24,123.67,122.11,44.4,27,54,0.5,101.35,14.99,8.24,10.5,8.5,2026-02-05 20:07:07
1538,正峰,26.25,41.75,40.62,黃金交叉,45.95,0.0,0.03,-0.03,DIF<MACD,26.59,26.26,25.94,47.7,10,9,1.11,8.48,,,,,2026-02-05 20:07:08
1539,巨庭,18.25,17.25,20.83,K<D,39.53,0.16,0.38,-0.22,DIF<MACD,21.45,18.83,16.22,38.8,23,99,0.23,11.93,73.0,0.25,0.85,4.66,2026-02-05 20:07:09
1540,喬福,24.6,15.86,19.0,K<D,20.69,0.25,0.56,-0.31,DIF<MACD,28.52,25.47,22.42,35.8,605,409,1.48,21.03,23.65,1.04,1.6,6.5,2026-02-05 20:07:11
1541,錩泰,25.1,17.66,18.96,K<D,47.75,0.28,0.48,-0.2,DIF<MACD,29.23,25.36,21.48,46.7,8,38,0.21,19.78,17.31,1.45,0.5,1.99,2026-02-05 20:07:12
1558,伸興,95.2,7.51,6.18,K>D,13.33,-1.63,-1.22,-0.41,DIF<MACD,104.83,98.82,92.81,19.9,29,27,1.08,61.44,17.22,5.53,6.0,6.3,2026-02-05 20:07:13
1560,中砂,405.0,23.2,28.18,K<D,39.05,5.65,10.8,-5.15,DIF<MACD,437.94,420.55,403.16,5.3,1484,2082,0.71,595.11,53.86,7.52,3.99,0.99,2026-02-05 20:07:14
1563,巧新,45.6,12.6,17.84,K<D,26.47,-0.01,0.45,-0.46,DIF<MACD,49.42,47.18,44.94,14.8,294,342,0.86,99.24,21.61,2.11,2.27,4.98,2026-02-05 20:07:15
1568,倉佑,23.55,16.19,18.85,K<D,27.55,0.18,0.43,-0.25,DIF<MACD,26.51,24.31,22.12,32.6,27,93,0.29,24.28,20.66,1.14,1.2,5.1,2026-02-05 20:07:16
1582,信錦,67.6,19.68,29.47,K<D,56.13,0.47,0.67,-0.2,DIF<MACD,72.54,67.32,62.11,52.6,552,754,0.73,97.53,14.96,4.52,5.5,8.14,2026-02-05 20:07:18
1583,程泰,48.1,30.95,36.08,K<D,47.0,0.74,0.84,-0.1,DIF<MACD,51.49,48.04,44.6,50.8,32,24,1.33,52.62,22.17,2.17,3.03,6.3,2026-02-05 20:07:19
1587,吉茂,44.0,5.95,9.51,K<D,16.99,-1.4,-0.41,-0.99,DIF<MACD,56.4,49.55,42.71,9.4,340,581,0.59,35.22,220.0,0.2,0.5,1.14,2026-02-05 20:07:20
1589,永冠-KY,16.75,15.16,19.83,K<D,40.74,-0.14,0.03,-0.17,DIF<MACD,18.97,17.46,15.94,26.8,785,946,0.83,25.65,3.67,,,,2026-02-05 20:07:22
1590,亞德客-KY,1245.0,86.61,79.88,K>D,89.47,60.76,39.47,21.28,DIF>MACD,1219.3,1056.6,893.9,107.9,1954,1821,1.07,2490.0,31.66,39.33,20.01,1.61,2026-02-05 20:07:23
1597,直得,80.2,31.13,34.44,K<D,46.56,1.25,1.83,-0.58,DIF<MACD,86.93,79.96,72.98,51.8,476,420,1.13,69.98,101.52,0.79,0.7,0.87,2026-02-05 20:07:24
1598,岱宇,20.45,53.59,38.03,K>D,39.62,-0.21,-0.24,0.03,DIF>MACD,22.0,20.52,19.03,47.8,206,228,0.9,34.01,39.33,0.52,0.5,2.44,2026-02-05 20:07:25
1603,華電,38.85,17.0,34.06,K<D,46.41,0.52,0.89,-0.37,DIF<MACD,43.68,40.61,37.54,21.4,696,756,0.92,61.71,10.59,3.67,1.5,3.86,2026-02-05 20:07:26
1604,聲寶,23.9,36.06,45.33,K<D,40.0,-0.09,-0.09,0.01,DIF>MACD,24.16,23.99,23.83,22.2,104,152,0.68,86.94,14.57,1.64,1.5,6.28,2026-02-05 20:07:27
1605,華新,36.25,16.73,29.85,K<D,33.08,0.84,1.75,-0.91,DIF<MACD,45.37,40.49,35.6,6.6,56465,175994,0.32,1606.36,97.97,0.37,0.5,1.38,2026-02-05 20:07:29
1608,華榮,33.6,12.98,26.52,K<D,30.0,-0.74,-0.05,-0.69,DIF<MACD,41.98,37.9,33.82,-2.7,4872,10354,0.47,142.53,6.9,4.87,1.0,2.98,2026-02-05 20:07:30
1609,大亞,38.4,10.04,19.76,K<D,44.44,0.11,0.7,-0.59,DIF<MACD,45.95,41.32,36.69,18.4,6367,7367,0.86,300.65,21.33,1.8,0.75,1.95,2026-02-05 20:07:31
1611,中電,13.45,27.94,24.2,黃金交叉,45.61,0.04,0.14,-0.11,DIF<MACD,14.42,13.57,12.71,43.3,409,490,0.83,43.41,79.12,0.17,0.8,5.95,2026-02-05 20:07:32
1612,宏泰,36.35,28.31,31.22,K<D,54.59,0.28,0.48,-0.2,DIF<MACD,39.25,36.42,33.59,48.7,1619,1261,1.28,114.9,13.77,2.64,2.1,5.78,2026-02-05 20:07:33
1614,三洋電,33.65,48.85,50.04,K<D,43.86,-0.11,-0.07,-0.04,DIF<MACD,34.57,33.91,33.24,30.6,24,93,0.26,87.13,32.67,1.03,0.58,1.72,2026-02-05 20:07:34
1615,大山,47.7,19.89,27.6,K<D,41.03,-0.17,0.05,-0.22,DIF<MACD,50.59,49.0,47.41,9.1,172,166,1.04,93.81,11.25,4.24,2.0,4.19,2026-02-05 20:07:35
1616,億泰,28.1,24.22,28.68,K<D,44.96,-0.17,-0.01,-0.16,DIF<MACD,30.58,28.81,27.04,29.9,789,1148,0.69,53.25,7.49,3.75,1.8,6.41,2026-02-05 20:07:37
1617,榮星,16.0,17.09,25.72,K<D,40.0,0.35,0.51,-0.16,DIF<MACD,18.38,16.33,14.28,42.0,108,319,0.34,25.25,,,0.5,3.12,2026-02-05 20:07:38
1618,合機,44.15,13.23,26.8,K<D,51.49,0.62,1.03,-0.41,DIF<MACD,50.58,45.25,39.92,39.7,861,1270,0.68,85.07,10.41,4.24,1.5,3.4,2026-02-05 20:07:39
1626,艾美特-KY,10.95,18.83,31.08,K<D,47.46,-0.07,-0.07,0.0,DIF>MACD,11.71,11.14,10.57,33.1,72,150,0.48,16.41,,,,,2026-02-05 20:07:40
1702,南僑,37.8,40.63,33.2,K>D,48.15,-0.26,-0.26,-0.0,DIF<MACD,38.9,37.93,36.96,43.3,269,253,1.06,93.78,21.0,1.8,2.5,6.61,2026-02-05 20:07:41
1707,葡萄王,122.0,48.68,41.23,K>D,42.86,-0.73,-0.73,0.0,黃金交叉,124.37,122.38,120.38,40.6,59,76,0.78,180.73,14.9,8.19,6.4,5.25,2026-02-05 20:07:43
1708,東鹼,34.4,60.22,58.85,K>D,56.38,0.45,0.33,0.12,DIF>MACD,34.95,33.37,31.79,82.6,1630,1683,0.97,85.66,11.54,2.98,2.0,5.81,2026-02-05 20:07:44
1709,和益,17.0,30.21,33.87,K<D,42.42,0.03,0.06,-0.04,DIF<MACD,17.38,17.03,16.69,44.9,360,321,1.12,81.09,16.67,1.02,0.8,4.71,2026-02-05 20:07:45
1710,東聯,12.9,26.89,35.87,K<D,51.76,0.16,0.21,-0.05,DIF<MACD,13.92,12.97,12.03,46.2,1026,2137,0.48,113.14,13.44,,,,2026-02-05 20:07:46
1711,永光,23.1,54.06,36.35,K>D,50.26,0.51,0.56,-0.06,DIF<MACD,24.47,22.35,20.23,67.7,49730,26288,1.89,126.53,,,0.3,1.3,2026-02-05 20:07:47
1712,興農,46.55,50.46,42.76,黃金交叉,62.65,0.43,0.49,-0.06,DIF<MACD,46.82,45.77,44.72,87.0,507,498,1.02,195.74,17.77,2.62,2.5,5.37,2026-02-05 20:07:49
1713,國化,47.0,18.2,21.66,K<D,21.52,0.27,0.78,-0.51,DIF<MACD,52.73,49.51,46.3,10.9,566,337,1.68,70.95,4.81,9.78,7.5,15.96,2026-02-05 20:07:50
1714,和桐,9.2,41.68,42.47,K<D,54.41,0.17,0.2,-0.03,DIF<MACD,9.34,9.13,8.92,66.5,1569,2687,0.58,90.31,21.4,0.43,0.21,2.28,2026-02-05 20:07:51
1717,長興,57.0,16.22,22.89,K<D,35.81,2.48,4.17,-1.69,DIF<MACD,72.83,62.23,51.63,25.3,19159,30603,0.63,668.18,38.26,1.49,1.2,2.11,2026-02-05 20:07:52
1718,中纖,7.09,25.19,27.3,K<D,48.81,0.02,0.05,-0.03,DIF<MACD,7.46,7.13,6.81,43.6,1956,3782,0.52,95.12,,,,,2026-02-05 20:07:53
1720,生達,60.5,22.73,33.74,K<D,40.43,0.07,0.19,-0.12,DIF<MACD,62.41,60.94,59.46,35.3,106,155,0.68,108.11,12.1,5.0,2.8,4.63,2026-02-05 20:07:54
1721,三晃,19.5,43.9,30.48,K>D,45.42,0.83,1.13,-0.3,DIF<MACD,22.11,18.41,14.7,64.8,5418,2202,2.46,36.05,,,,,2026-02-05 20:07:55
1722,台肥,46.6,22.97,24.51,K<D,46.77,-0.22,-0.16,-0.07,DIF<MACD,47.81,46.7,45.58,45.8,1586,2284,0.69,456.68,29.68,1.57,2.0,4.29,2026-02-05 20:07:56
1723,中碳,72.4,49.11,64.25,K<D,54.55,0.75,0.68,0.07,DIF>MACD,74.69,72.04,69.39,56.8,352,328,1.07,168.08,22.91,3.16,4.5,6.22,2026-02-05 20:07:58
1725,元禎,26.8,11.44,14.96,K<D,32.85,-0.13,0.21,-0.34,DIF<MACD,30.65,28.57,26.49,7.5,81,60,1.35,48.73,16.65,1.61,1.25,4.66,2026-02-05 20:07:59
1726,永記,75.8,30.68,32.15,K<D,39.13,-0.04,-0.01,-0.02,DIF<MACD,76.3,75.97,75.63,25.2,11,16,0.68,122.8,13.25,5.72,3.6,4.75,2026-02-05 20:08:00
1727,中華化,42.5,23.03,21.87,K>D,33.7,-0.35,0.36,-0.71,DIF<MACD,49.82,45.7,41.59,11.1,1260,2198,0.57,53.28,472.22,0.09,0.5,1.18,2026-02-05 20:08:02
1730,花仙子,53.1,35.88,42.65,K<D,60.0,0.09,0.03,0.06,DIF>MACD,53.41,52.74,52.06,77.2,45,45,1.0,33.58,11.99,4.43,3.0,5.65,2026-02-05 20:08:03
1731,美吾華,21.9,27.23,35.04,K<D,47.37,0.02,0.03,-0.01,DIF<MACD,22.1,21.91,21.72,47.3,25,57,0.44,29.11,16.72,1.31,1.2,5.48,2026-02-05 20:08:04
1732,毛寶,27.9,20.87,30.99,K<D,49.81,0.08,0.13,-0.05,DIF<MACD,31.22,28.31,25.41,42.9,550,1465,0.38,11.84,77.5,0.36,0.5,1.79,2026-02-05 20:08:05
1733,五鼎,30.05,47.49,35.64,K>D,56.58,-0.23,-0.3,0.06,DIF>MACD,30.24,29.53,28.83,86.7,258,220,1.17,30.04,20.03,1.5,1.2,3.99,2026-02-05 20:08:06
1734,杏輝,30.75,29.22,42.77,K<D,41.94,0.05,0.08,-0.03,DIF<MACD,31.32,30.89,30.46,33.9,93,158,0.59,58.49,16.99,1.81,0.95,3.09,2026-02-05 20:08:07
1735,日勝化,17.55,48.16,39.69,K>D,47.06,0.2,0.14,0.06,DIF>MACD,19.08,17.38,15.69,54.9,721,1106,0.65,17.44,39.0,0.45,0.8,4.56,2026-02-05 20:08:09
1736,喬山,140.5,21.14,25.18,K<D,23.68,-1.93,-1.16,-0.77,DIF<MACD,158.6,149.55,140.5,-0.0,823,555,1.48,426.14,15.04,9.34,4.0,2.85,2026-02-05 20:08:10
1737,臺鹽,31.6,37.04,43.47,K<D,45.0,-0.01,-0.0,-0.01,DIF<MACD,31.8,31.62,31.45,43.5,67,81,0.83,63.2,19.04,1.66,1.3,4.11,2026-02-05 20:08:11
1752,南光,36.5,43.34,46.28,K<D,51.28,-0.22,-0.26,0.04,DIF>MACD,37.0,36.56,36.12,43.2,62,78,0.79,36.86,14.37,2.54,1.6,4.38,2026-02-05 20:08:12
1760,寶齡富錦,62.9,15.5,29.79,K<D,38.46,-0.13,0.16,-0.29,DIF<MACD,67.7,64.79,61.88,17.5,138,149,0.93,53.93,30.99,2.03,1.8,2.86,2026-02-05 20:08:13
1762,中化生,26.1,30.03,44.78,K<D,60.58,0.37,0.41,-0.04,DIF<MACD,27.54,25.96,24.37,54.5,30,39,0.76,20.08,58.0,,0.19,0.73,2026-02-05 20:08:14
1773,勝一,141.5,12.34,10.44,K>D,22.73,-1.91,0.26,-2.17,DIF<MACD,169.23,152.53,135.82,17.0,358,596,0.6,424.5,21.67,6.53,2.5,1.77,2026-02-05 20:08:16
1776,展宇,15.0,24.61,32.03,K<D,37.5,-0.05,0.01,-0.07,DIF<MACD,15.81,15.4,15.0,0.0,28,36,0.78,9.02,83.33,0.18,0.8,5.33,2026-02-05 20:08:17
1783,和康生,45.6,23.94,33.37,K<D,39.8,0.52,0.76,-0.24,DIF<MACD,47.69,46.31,44.94,24.1,82,88,0.93,40.89,17.61,2.59,0.83,1.82,2026-02-05 20:08:18
1786,科妍,75.1,7.62,16.38,K<D,37.93,-0.1,0.55,-0.66,DIF<MACD,83.24,78.84,74.44,7.5,161,218,0.74,56.2,33.98,2.21,3.24,4.31,2026-02-05 20:08:19
1789,神隆,23.5,14.42,23.12,K<D,38.49,1.0,1.56,-0.57,DIF<MACD,28.22,25.27,22.32,19.9,1716,2115,0.81,185.82,97.92,0.24,0.35,1.49,2026-02-05 20:08:20
1795,美時,350.0,78.75,81.68,K<D,55.27,17.72,15.19,2.54,DIF>MACD,379.66,328.4,277.14,71.1,4132,5616,0.74,919.83,19.4,18.04,5.78,1.65,2026-02-05 20:08:21
1802,台玻,52.8,68.11,56.24,K>D,65.76,3.82,3.73,0.08,DIF>MACD,60.33,46.16,31.99,73.4,23388,27875,0.84,1535.46,15.71,,,,2026-02-05 20:08:22
1805,寶徠,11.95,52.33,55.38,K<D,46.87,0.01,0.03,-0.02,DIF<MACD,12.35,12.02,11.68,40.2,146,67,2.17,16.13,5.86,2.04,,,2026-02-05 20:08:24
1806,冠軍,8.92,26.87,21.78,K>D,38.89,-0.03,-0.02,-0.01,DIF<MACD,9.27,9.01,8.75,33.0,188,304,0.62,34.48,27.88,0.32,1.0,11.21,2026-02-05 20:08:25
1808,潤隆,32.0,46.03,35.16,K>D,42.06,-0.55,-0.55,0.01,黃金交叉,35.16,32.68,30.21,36.1,663,1077,0.62,257.19,15.02,,2.22,6.94,2026-02-05 20:08:26
1809,中釉,24.9,27.38,33.98,K<D,55.47,1.61,1.82,-0.21,DIF<MACD,30.27,24.19,18.11,55.8,3130,6538,0.48,41.59,146.47,0.17,0.25,1.0,2026-02-05 20:08:27
1810,和成,18.6,23.9,23.03,K>D,40.82,0.11,0.33,-0.22,DIF<MACD,20.85,19.48,18.1,18.2,698,1057,0.66,56.15,465.0,0.04,0.19,1.02,2026-02-05 20:08:28
1817,凱撒衛,38.7,49.84,47.97,黃金交叉,54.84,0.06,0.05,0.0,黃金交叉,38.93,38.56,38.19,68.6,20,35,0.57,28.1,9.63,4.02,2.4,6.2,2026-02-05 20:08:29
1903,士紙,54.5,22.8,35.25,K<D,47.62,-0.03,0.34,-0.37,DIF<MACD,59.65,56.5,53.35,18.3,212,361,0.59,141.72,118.48,0.46,,,2026-02-05 20:08:30
1904,正隆,17.95,52.95,40.15,K>D,50.94,0.01,-0.01,0.01,黃金交叉,18.23,17.81,17.38,67.2,893,680,1.31,198.94,66.48,0.27,0.45,2.51,2026-02-05 20:08:31
1905,華紙,12.05,27.65,33.11,K<D,46.51,0.05,0.08,-0.03,DIF<MACD,12.58,12.25,11.92,19.5,950,1580,0.6,132.89,,,,,2026-02-05 20:08:32
1906,寶隆,11.7,27.19,26.89,黃金交叉,25.0,-0.08,-0.05,-0.03,DIF<MACD,12.28,11.95,11.63,11.2,26,43,0.62,17.67,97.5,0.12,0.1,0.85,2026-02-05 20:08:34
1907,永豐餘,25.75,57.32,40.72,K>D,52.38,-0.19,-0.24,0.06,DIF>MACD,26.1,25.31,24.52,77.8,1597,1105,1.44,427.55,21.46,1.2,0.8,3.11,2026-02-05 20:08:35
1909,榮成,9.7,20.42,23.37,K<D,41.18,-0.1,-0.08,-0.02,DIF<MACD,10.31,9.95,9.58,16.0,1237,1835,0.67,127.23,,,,,2026-02-05 20:08:36
2002,中鋼,20.95,71.44,67.42,K>D,68.48,0.53,0.39,0.14,DIF>MACD,21.28,19.79,18.29,88.9,45901,132266,0.35,3211.17,63.85,,0.33,1.58,2026-02-05 20:08:37
2006,東和鋼鐵,70.3,48.06,48.55,K<D,50.47,0.81,0.92,-0.11,DIF<MACD,72.05,70.22,68.38,52.3,1256,1329,0.95,513.34,11.32,6.21,4.0,5.69,2026-02-05 20:08:38
2007,燁興,8.35,37.27,43.4,K<D,53.85,0.23,0.23,0.0,DIF>MACD,8.89,8.26,7.62,57.5,401,1544,0.26,44.31,,,,,2026-02-05 20:08:39
2008,高興昌,29.15,32.63,44.43,K<D,51.16,0.1,0.11,-0.01,DIF<MACD,29.95,29.31,28.68,37.2,7,20,0.38,55.63,47.79,0.61,0.5,1.72,2026-02-05 20:08:40
2009,第一銅,44.5,13.77,26.63,K<D,40.77,-0.18,0.7,-0.88,DIF<MACD,54.31,49.3,44.29,2.1,6560,17702,0.37,160.03,130.88,0.34,0.5,1.12,2026-02-05 20:08:42
2010,春源,22.1,77.26,67.16,K>D,61.9,0.33,0.22,0.11,DIF>MACD,22.3,21.41,20.53,89.0,2515,3135,0.8,143.13,9.78,2.26,1.3,5.88,2026-02-05 20:08:43
2012,春雨,16.95,31.41,35.61,K<D,40.0,0.23,0.31,-0.08,DIF<MACD,17.54,17.14,16.74,26.0,16,69,0.23,47.25,51.36,0.33,1.0,5.9,2026-02-05 20:08:44
2013,中鋼構,41.7,20.24,27.49,K<D,37.33,-0.05,0.02,-0.07,DIF<MACD,43.16,42.21,41.27,22.9,101,218,0.47,83.4,14.14,2.95,2.0,4.8,2026-02-05 20:08:46
2014,中鴻,18.9,65.17,67.06,K<D,67.97,0.91,0.69,0.21,DIF>MACD,20.1,17.46,14.82,77.2,13881,61136,0.23,271.32,50.74,,,,2026-02-05 20:08:47
2015,豐興,65.7,74.21,68.08,K>D,62.86,0.66,0.5,0.16,DIF>MACD,66.17,64.36,62.56,86.9,158,237,0.67,382.11,16.14,4.07,3.5,5.33,2026-02-05 20:08:48
2017,官田鋼,8.88,21.42,23.92,K<D,44.93,0.05,0.07,-0.02,DIF<MACD,9.13,8.92,8.71,40.2,367,1513,0.24,37.95,,,,,2026-02-05 20:08:49
2020,美亞,24.15,52.04,49.54,K>D,53.85,0.16,0.14,0.02,DIF>MACD,24.48,23.89,23.3,71.9,269,629,0.43,64.49,12.38,1.95,2.2,9.11,2026-02-05 20:08:50
2022,聚亨,8.77,23.47,35.4,K<D,45.12,0.13,0.17,-0.03,DIF<MACD,9.29,8.82,8.35,44.4,556,921,0.6,29.57,,,,,2026-02-05 20:08:51
2023,燁輝,14.9,23.63,31.47,K<D,52.27,0.03,0.03,0.0,DIF>MACD,15.33,14.91,14.48,49.4,899,3328,0.27,279.56,39.21,,,,2026-02-05 20:08:53
2024,志聯,16.0,44.88,41.31,K>D,38.0,-0.03,-0.05,0.03,DIF>MACD,16.51,15.96,15.41,53.9,1,8,0.12,15.6,,,,,2026-02-05 20:08:54
2025,千興,12.15,26.86,37.47,K<D,30.21,0.43,0.63,-0.2,DIF<MACD,14.14,12.81,11.48,25.1,139,311,0.45,20.98,,,,,2026-02-05 20:08:55
2027,大成鋼,37.6,47.15,57.04,K<D,55.61,0.59,0.48,0.11,DIF>MACD,39.9,37.33,34.75,55.3,19980,32987,0.61,885.04,14.14,2.66,1.1,2.93,2026-02-05 20:08:56
2028,威致,18.95,37.73,42.42,K<D,47.93,0.49,0.51,-0.02,DIF<MACD,20.4,18.85,17.29,53.4,108,1206,0.09,61.4,86.14,0.22,0.6,3.17,2026-02-05 20:08:57
2029,盛餘,21.8,50.77,49.95,黃金交叉,61.11,0.14,0.1,0.05,DIF>MACD,21.82,21.23,20.63,98.4,157,309,0.51,70.02,20.57,1.06,1.25,5.73,2026-02-05 20:08:59
2030,彰源,16.85,46.76,52.59,K<D,53.28,0.61,0.61,-0.0,DIF<MACD,17.82,16.45,15.07,64.7,1214,3649,0.33,46.5,52.66,0.32,0.71,4.21,2026-02-05 20:09:00
2031,新光鋼,39.05,38.55,41.58,K<D,51.01,0.24,0.23,0.01,DIF>MACD,39.94,38.94,37.95,55.3,609,1330,0.46,125.41,15.94,2.45,2.5,6.4,2026-02-05 20:09:01
2032,新鋼,16.5,29.4,38.92,K<D,47.27,0.44,0.5,-0.06,DIF<MACD,17.69,16.67,15.64,41.8,776,2784,0.28,21.54,33.67,0.49,0.38,2.3,2026-02-05 20:09:02
2033,佳大,16.45,39.33,39.0,K>D,51.47,0.14,0.13,0.02,DIF>MACD,16.77,16.25,15.72,69.5,69,352,0.2,13.27,54.83,0.3,0.2,1.22,2026-02-05 20:09:03
2034,允強,21.95,42.6,48.2,K<D,60.44,0.38,0.33,0.05,DIF>MACD,22.66,21.42,20.19,71.2,1507,4968,0.3,116.11,27.78,,1.0,4.56,2026-02-05 20:09:04
2038,海光,15.7,40.09,43.0,K<D,54.88,0.38,0.33,0.05,DIF>MACD,16.55,15.37,14.2,63.9,898,5248,0.17,30.48,,,0.2,1.27,2026-02-05 20:09:05
2049,上銀,229.0,23.82,40.67,K<D,54.77,9.42,11.01,-1.59,DIF<MACD,266.96,230.65,194.34,47.7,4066,6781,0.6,810.18,56.82,4.03,2.4,1.05,2026-02-05 20:09:07
2059,川湖,3020.0,8.63,17.67,K<D,35.0,-114.66,-77.52,-37.14,DIF<MACD,3693.07,3332.25,2971.43,6.7,839,883,0.95,2877.97,35.08,86.1,32.2,1.07,2026-02-05 20:09:08
2062,橋椿,21.9,27.46,24.41,K>D,43.02,0.19,0.31,-0.11,DIF<MACD,23.74,22.16,20.57,42.0,96,246,0.39,43.8,29.59,0.74,1.8,8.22,2026-02-05 20:09:09
2069,運錩,19.3,32.14,50.49,K<D,48.98,0.49,0.61,-0.12,DIF<MACD,20.73,19.59,18.45,37.3,555,902,0.61,32.11,11.91,1.62,0.9,4.66,2026-02-05 20:09:10
2101,南港,35.35,19.77,20.51,K<D,25.0,-0.55,-0.38,-0.17,DIF<MACD,38.18,36.56,34.94,12.6,1268,1362,0.93,256.38,73.65,,1.77,5.01,2026-02-05 20:09:11
2102,泰豐,20.05,63.54,66.3,K<D,45.45,0.07,0.06,0.0,DIF>MACD,20.39,20.01,19.62,55.8,505,422,1.2,92.14,,,,,2026-02-05 20:09:12
2103,台橡,15.25,35.55,34.79,黃金交叉,51.06,-0.09,-0.05,-0.04,DIF<MACD,15.91,15.22,14.54,52.0,4034,4069,0.99,125.92,127.08,0.12,0.63,4.13,2026-02-05 20:09:14
2104,國際中橡,11.2,22.47,29.22,K<D,38.89,-0.0,0.17,-0.17,DIF<MACD,12.91,11.81,10.71,22.2,2390,4385,0.54,108.64,41.48,,,,2026-02-05 20:09:15
2105,正新,30.75,27.59,27.3,黃金交叉,47.71,-0.03,0.05,-0.08,DIF<MACD,31.97,30.86,29.74,45.2,6024,9590,0.63,996.74,19.34,1.59,2.4,7.8,2026-02-05 20:09:16
2106,建大,19.45,23.52,28.6,K<D,45.45,-0.12,-0.03,-0.1,DIF<MACD,21.09,19.95,18.82,27.9,701,843,0.83,185.73,72.04,0.27,1.1,5.66,2026-02-05 20:09:17
2107,厚生,24.8,14.98,24.99,K<D,43.33,0.1,0.16,-0.06,DIF<MACD,25.42,24.93,24.44,37.0,76,128,0.59,75.29,15.31,1.62,1.4,5.65,2026-02-05 20:09:18
2108,南帝,23.9,26.57,27.16,K<D,44.58,0.11,0.2,-0.09,DIF<MACD,24.79,24.1,23.41,35.3,385,798,0.48,117.69,25.43,0.94,1.0,4.18,2026-02-05 20:09:19
2109,華豐,14.75,20.47,26.7,K<D,33.33,-0.06,-0.04,-0.02,DIF<MACD,15.1,14.94,14.78,-7.9,175,147,1.19,41.2,11.71,1.26,1.5,10.17,2026-02-05 20:09:21
2114,鑫永銓,89.3,28.56,29.31,K<D,35.48,-0.14,-0.09,-0.05,DIF<MACD,90.35,89.74,89.13,13.7,7,23,0.31,69.65,16.33,5.47,5.0,5.6,2026-02-05 20:09:22
2115,六暉-KY,24.35,10.19,16.85,K<D,48.67,-0.07,0.05,-0.12,DIF<MACD,26.58,25.01,23.45,28.7,51,67,0.76,25.41,12.0,2.03,1.5,6.16,2026-02-05 20:09:23
2201,裕隆,31.0,25.3,21.96,K>D,40.18,-0.61,-0.61,-0.0,DIF<MACD,32.64,31.55,30.46,24.8,2071,3587,0.58,329.37,22.79,1.36,1.3,4.19,2026-02-05 20:09:24
2204,中華,56.1,35.55,20.26,K>D,30.16,-0.88,-0.84,-0.04,DIF<MACD,59.42,56.91,54.41,33.7,578,716,0.81,310.58,10.77,5.21,4.2,7.49,2026-02-05 20:09:25
2206,三陽工業,60.6,83.76,76.54,K>D,58.82,-0.16,-0.28,0.12,DIF>MACD,60.8,59.83,58.85,89.6,1341,932,1.44,471.68,10.22,5.93,3.03,5.0,2026-02-05 20:09:26
2207,和泰車,521.0,24.53,39.16,K<D,30.99,-9.07,-8.92,-0.15,DIF<MACD,557.45,537.4,517.35,9.1,233,282,0.83,2902.51,15.96,32.65,20.0,3.84,2026-02-05 20:09:28
2208,台船,21.0,13.76,25.6,K<D,46.67,0.27,0.44,-0.17,DIF<MACD,23.42,21.84,20.26,23.4,4214,7062,0.6,267.65,,,,,2026-02-05 20:09:29
2211,長榮鋼,103.5,80.75,69.46,K>D,53.79,-0.48,-1.05,0.57,DIF>MACD,103.88,101.5,99.11,92.1,757,836,0.91,431.69,12.18,8.5,5.0,4.83,2026-02-05 20:09:30
2227,裕日車,52.8,14.09,20.98,K<D,32.26,-0.49,-0.36,-0.13,DIF<MACD,55.86,54.17,52.49,9.3,44,43,1.02,158.4,30.52,1.73,3.9,7.39,2026-02-05 20:09:31
2228,劍麟,96.0,9.65,8.39,K>D,14.71,-2.72,-1.83,-0.89,DIF<MACD,111.57,102.06,92.55,18.1,230,302,0.76,76.59,14.39,6.67,9.0,9.38,2026-02-05 20:09:32
2231,為升,90.7,13.37,13.25,黃金交叉,38.35,-1.51,-0.39,-1.12,DIF<MACD,105.4,96.66,87.91,16.0,327,514,0.64,123.28,56.34,1.61,2.07,2.28,2026-02-05 20:09:33
2233,宇隆,233.0,41.29,58.25,K<D,48.46,12.14,12.78,-0.64,DIF<MACD,283.38,243.15,202.92,37.4,4753,8514,0.56,140.47,32.41,7.19,7.0,3.0,2026-02-05 20:09:35
2236,百達-KY,113.5,60.59,62.14,K<D,46.67,0.62,0.94,-0.32,DIF<MACD,115.96,112.95,109.94,59.1,164,212,0.77,69.69,20.79,5.46,0.31,0.27,2026-02-05 20:09:36
2239,英利-KY,28.05,23.85,16.28,K>D,12.68,-1.57,-1.49,-0.08,DIF<MACD,32.42,29.71,27.01,19.2,178,98,1.82,33.02,3.67,,,,2026-02-05 20:09:37
2241,艾姆勒,30.3,5.27,7.48,K<D,5.19,-1.48,-1.06,-0.42,DIF<MACD,38.42,33.89,29.37,10.3,290,350,0.83,31.69,,,,,2026-02-05 20:09:38
2243,宏旭-KY,11.7,55.92,43.59,K>D,47.92,0.02,0.01,0.02,DIF>MACD,11.9,11.47,11.05,76.8,255,186,1.37,8.12,36.56,0.32,,,2026-02-05 20:09:39
2247,汎德永業,275.0,44.82,29.4,K>D,43.55,-1.87,-1.69,-0.18,DIF<MACD,283.69,274.95,266.21,50.3,56,63,0.9,221.95,13.46,20.43,25.0,9.09,2026-02-05 20:09:40
2248,華勝-KY,47.7,19.96,17.14,黃金交叉,23.81,-0.46,-0.29,-0.17,DIF<MACD,50.52,48.87,47.22,14.5,17,10,1.57,22.71,9.41,5.07,2.73,5.72,2026-02-05 20:09:41
2250,IKKA-KY,72.4,26.03,27.68,K<D,34.39,-0.28,0.15,-0.44,DIF<MACD,79.0,74.49,69.98,26.8,56,82,0.69,26.34,18.42,3.93,3.35,4.63,2026-02-05 20:09:43
2254,巨鎧精密-創,58.5,35.79,51.88,K<D,34.37,-0.09,-0.01,-0.08,DIF<MACD,60.06,59.46,58.85,-28.7,122,121,1.01,37.3,,,,,2026-02-05 20:09:44
2258,鴻華先進-創,37.85,19.21,17.83,K>D,29.89,-0.61,-0.54,-0.08,DIF<MACD,40.52,38.87,37.22,19.1,308,433,0.71,659.09,,,,,2026-02-05 20:09:45
2301,光寶科,165.5,40.26,38.45,K>D,49.64,1.33,1.47,-0.14,DIF<MACD,175.93,166.53,157.12,44.5,20791,22099,0.94,3756.47,26.15,6.33,6.51,3.93,2026-02-05 20:09:46
2302,麗正,19.15,15.96,26.0,K<D,50.34,0.26,0.47,-0.21,DIF<MACD,21.96,19.68,17.4,38.3,407,686,0.59,31.85,24.55,0.78,0.58,3.03,2026-02-05 20:09:47
2303,聯電,61.5,19.82,33.21,K<D,53.59,2.75,3.93,-1.18,DIF<MACD,76.47,63.03,49.59,44.3,92485,188055,0.49,7741.72,17.88,3.44,2.85,4.63,2026-02-05 20:09:49
2305,全友,13.15,30.7,28.32,K>D,29.76,0.36,0.59,-0.23,DIF<MACD,16.03,13.93,11.84,31.3,894,966,0.93,26.66,,,,,2026-02-05 20:09:50
2308,台達電,1150.0,33.65,50.74,K<D,52.87,51.66,60.47,-8.82,DIF<MACD,1331.7,1160.25,988.8,47.0,15782,11306,1.4,29871.75,60.15,19.12,7.0,0.61,2026-02-05 20:09:51
2312,金寶,25.3,20.63,18.97,K>D,24.85,0.09,0.79,-0.7,DIF<MACD,36.1,28.49,20.89,29.0,40383,36362,1.11,380.88,24.8,1.02,0.6,2.37,2026-02-05 20:09:52
2313,華通,176.0,64.94,72.54,K<D,65.89,19.54,18.97,0.56,DIF>MACD,200.11,157.3,114.49,71.8,96184,112421,0.86,2097.6,33.33,5.28,2.4,1.36,2026-02-05 20:09:53
2314,台揚,20.9,22.95,21.04,K>D,28.44,-0.35,-0.25,-0.1,DIF<MACD,23.64,21.76,19.87,27.2,219,170,1.29,9.34,15.37,,,,2026-02-05 20:09:54
2316,楠梓電,95.2,39.55,36.19,K>D,39.46,-1.18,-1.07,-0.11,DIF<MACD,102.18,98.27,94.36,10.7,3052,3174,0.96,172.73,7.72,12.33,0.5,0.53,2026-02-05 20:09:55
2317,鴻海,215.5,18.92,21.88,K<D,28.89,-3.16,-2.17,-0.99,DIF<MACD,236.61,224.5,212.39,12.9,43214,48214,0.9,30089.7,15.87,13.58,5.8,2.69,2026-02-05 20:09:56
2321,東訊,16.9,66.64,55.53,K>D,49.32,-0.24,-0.19,-0.05,DIF<MACD,18.39,16.94,15.5,48.4,10,8,1.24,5.06,,,,,2026-02-05 20:09:58
2323,中環,10.2,19.26,22.74,K<D,34.62,-0.05,0.04,-0.09,DIF<MACD,11.3,10.78,10.26,-5.7,8845,7720,1.15,111.11,,,0.3,2.94,2026-02-05 20:09:59
2324,仁寶,31.3,23.84,33.37,K<D,52.46,0.38,0.5,-0.12,DIF<MACD,33.75,31.84,29.93,35.8,37398,40142,0.93,1363.78,20.59,1.52,1.4,4.47,2026-02-05 20:10:00
2327,國巨*,258.0,17.79,27.79,K<D,39.75,5.14,9.63,-4.49,DIF<MACD,307.4,275.3,243.2,23.1,18962,23690,0.8,5346.78,25.77,10.01,5.0,1.94,2026-02-05 20:10:01
2328,廣宇,50.6,27.2,33.12,K<D,48.78,0.69,0.96,-0.27,DIF<MACD,55.61,51.37,47.13,40.9,5281,5722,0.92,262.28,27.06,1.87,1.1,2.17,2026-02-05 20:10:02
2329,華泰,52.7,9.82,16.2,K<D,35.16,-0.19,1.43,-1.62,DIF<MACD,69.42,60.33,51.23,8.1,8664,13600,0.64,295.24,31.94,1.65,1.0,1.9,2026-02-05 20:10:04
2330,台積電,1765.0,42.46,55.34,K<D,54.1,51.83,60.53,-8.7,DIF<MACD,1833.35,1753.75,1674.15,57.1,28316,30217,0.94,457709.04,26.87,65.69,20.5,1.16,2026-02-05 20:10:05
2331,精英,26.1,21.3,31.39,K<D,45.66,0.73,1.14,-0.41,DIF<MACD,31.05,27.41,23.77,32.0,4605,5701,0.81,145.48,21.22,1.23,0.21,0.8,2026-02-05 20:10:06
2332,友訊,15.65,22.41,26.01,K<D,41.67,0.02,0.12,-0.1,DIF<MACD,17.31,16.14,14.98,28.7,1902,2117,0.9,93.41,52.17,,0.1,0.64,2026-02-05 20:10:07
2337,旺宏,87.9,74.08,77.63,K<D,68.56,10.41,10.05,0.36,DIF>MACD,97.8,75.2,52.59,78.1,229702,303475,0.76,1629.55,7.62,,,,2026-02-05 20:10:08
2338,光罩,37.0,17.82,28.3,K<D,39.79,0.24,0.8,-0.56,DIF<MACD,43.27,39.53,35.79,16.2,1052,1438,0.73,102.5,123.33,,1.5,4.05,2026-02-05 20:10:10
2340,台亞,25.55,21.57,17.88,K>D,36.31,-0.43,-0.09,-0.33,DIF<MACD,29.84,27.22,24.6,18.2,1298,1980,0.66,111.88,46.45,,,,2026-02-05 20:10:11
2342,茂矽,31.85,13.78,17.95,K<D,43.46,0.19,0.79,-0.6,DIF<MACD,38.24,34.17,30.1,21.5,1151,2027,0.57,50.19,1061.67,0.03,0.3,0.94,2026-02-05 20:10:12
2344,華邦電,102.5,29.44,47.67,K<D,47.62,6.5,8.88,-2.38,DIF<MACD,129.62,109.71,89.79,31.9,146932,242611,0.61,4612.5,9.37,,,,2026-02-05 20:10:13
2345,智邦,1125.0,45.06,40.72,K>D,36.0,-1.92,4.29,-6.21,DIF<MACD,1242.41,1175.25,1108.09,12.6,3542,4063,0.87,6287.72,28.09,40.05,11.0,0.98,2026-02-05 20:10:15
2347,聯強,66.0,51.54,59.44,K<D,54.12,1.24,1.46,-0.22,DIF<MACD,67.77,65.73,63.69,56.6,4257,3861,1.1,1100.85,12.69,5.2,4.0,6.06,2026-02-05 20:10:16
2348,海悅,77.5,48.01,35.52,K>D,42.75,-1.07,-1.04,-0.03,DIF<MACD,82.32,78.62,74.91,35.0,178,317,0.56,117.59,15.82,4.9,9.0,11.61,2026-02-05 20:10:17
2349,錸德,13.5,25.4,18.03,K>D,25.45,-0.15,0.11,-0.25,DIF<MACD,16.76,14.76,12.75,18.7,13389,8098,1.65,93.65,12.62,,,,2026-02-05 20:10:18
2351,順德,88.1,34.02,47.08,K<D,64.34,3.02,2.85,0.17,DIF>MACD,97.77,83.89,70.02,65.2,1497,1634,0.92,160.47,55.06,1.6,2.5,2.84,2026-02-05 20:10:19
2352,佳世達,25.35,13.37,19.57,K<D,51.5,0.03,0.03,-0.01,DIF<MACD,27.19,25.47,23.76,46.4,4214,4163,1.01,328.54,26.68,0.95,3.55,14.0,2026-02-05 20:10:20
2353,宏碁,26.85,52.89,41.63,K>D,48.0,-0.06,-0.14,0.08,DIF>MACD,27.8,26.49,25.18,63.6,69234,95624,0.72,807.17,19.04,1.41,1.7,6.33,2026-02-05 20:10:21
2354,鴻準,56.8,20.21,23.91,K<D,32.95,-1.16,-1.05,-0.11,DIF<MACD,61.09,58.81,56.53,6.0,3655,4470,0.82,803.43,24.17,2.35,1.4,2.46,2026-02-05 20:10:23
2355,敬鵬,40.1,61.39,60.3,K>D,62.86,2.02,1.64,0.38,DIF>MACD,42.34,36.84,31.35,79.6,49030,30000,1.63,159.4,24.91,1.61,1.85,4.61,2026-02-05 20:10:24
2356,英業達,44.05,10.04,14.75,K<D,49.12,0.18,0.48,-0.3,DIF<MACD,48.9,45.13,41.37,35.6,14194,17744,0.8,1580.28,17.34,2.54,1.7,3.86,2026-02-05 20:10:25
2357,華碩,502.0,37.45,29.4,K>D,43.33,-13.71,-15.44,1.73,DIF>MACD,535.67,511.27,486.88,31.0,4206,3667,1.15,3728.66,10.75,46.69,34.0,6.77,2026-02-05 20:10:26
2359,所羅門,126.0,18.84,27.95,K<D,42.25,-0.42,0.67,-1.09,DIF<MACD,139.76,131.47,123.19,17.0,1392,1950,0.71,215.93,135.48,0.93,1.0,0.79,2026-02-05 20:10:28
2360,致茂,974.0,38.15,47.47,K<D,48.18,39.11,47.54,-8.43,DIF<MACD,1061.61,995.5,929.39,33.7,3049,2600,1.17,4125.94,39.4,24.72,9.0,0.92,2026-02-05 20:10:29
2362,藍天,37.65,30.15,27.44,K>D,39.29,-0.45,-0.37,-0.08,DIF<MACD,39.84,38.41,36.98,23.5,753,747,1.01,217.62,15.56,2.42,2.53,6.72,2026-02-05 20:10:30
2363,矽統,50.1,13.41,26.88,K<D,51.01,0.71,1.32,-0.61,DIF<MACD,59.26,52.41,45.57,33.1,3344,5679,0.59,258.01,33.18,1.51,0.5,1.0,2026-02-05 20:10:31
2364,倫飛,63.3,23.83,18.14,K>D,39.58,-1.2,-1.01,-0.2,DIF<MACD,67.92,64.67,61.41,29.0,148,126,1.17,33.16,16.7,3.79,,,2026-02-05 20:10:32
2365,昆盈,36.9,23.36,37.34,K<D,52.13,0.6,0.82,-0.22,DIF<MACD,41.64,37.45,33.27,43.4,2647,4329,0.61,81.74,115.31,0.32,0.6,1.63,2026-02-05 20:10:33
2367,燿華,57.6,85.4,87.56,K<D,82.99,6.87,5.67,1.2,DIF>MACD,61.21,43.92,26.64,89.6,223860,155062,1.44,406.8,40.28,1.43,0.7,1.22,2026-02-05 20:10:35
2368,金像電,760.0,81.33,77.15,K>D,60.72,32.21,21.25,10.95,DIF>MACD,780.23,679.3,578.37,90.0,9243,9891,0.93,3698.84,45.4,16.74,6.0,0.79,2026-02-05 20:10:36
2369,菱生,25.45,14.38,18.17,K<D,42.24,0.38,1.0,-0.62,DIF<MACD,31.92,27.78,23.64,21.9,4714,8136,0.58,95.3,15.15,,0.3,1.18,2026-02-05 20:10:37
2371,大同,36.75,15.4,24.38,K<D,42.16,1.19,1.65,-0.46,DIF<MACD,43.92,38.4,32.88,35.0,22282,22452,0.99,751.93,8.26,4.45,3.11,8.46,2026-02-05 20:10:38
2373,震旦行,54.5,36.13,33.11,K>D,38.78,-0.43,-0.43,0.01,DIF>MACD,56.23,55.08,53.93,24.9,20,39,0.52,121.92,13.97,3.9,3.7,6.79,2026-02-05 20:10:39
2374,佳能,80.0,23.15,36.81,K<D,46.95,0.62,1.4,-0.78,DIF<MACD,92.06,82.89,73.72,34.2,20465,20332,1.01,260.87,42.78,1.87,0.6,0.75,2026-02-05 20:10:41
2375,凱美,83.7,9.5,17.02,K<D,18.86,-2.14,0.12,-2.26,DIF<MACD,111.45,96.56,81.68,6.8,1455,2383,0.61,90.96,21.57,3.88,1.5,1.79,2026-02-05 20:10:42
2376,技嘉,226.0,13.73,18.88,K<D,21.13,-3.86,-2.51,-1.36,DIF<MACD,249.51,237.3,225.09,3.7,3048,3463,0.88,1513.95,13.18,17.15,10.0,4.42,2026-02-05 20:10:43
2377,微星,89.8,9.37,13.12,K<D,23.26,-2.47,-1.6,-0.87,DIF<MACD,105.26,96.73,88.2,9.4,5780,8145,0.71,758.68,16.51,5.44,5.0,5.57,2026-02-05 20:10:44
2379,瑞昱,463.0,13.57,23.09,K<D,35.06,-9.41,-3.57,-5.84,DIF<MACD,561.0,510.02,459.05,3.9,4845,4380,1.11,2386.82,15.94,29.04,25.5,5.51,2026-02-05 20:10:45
2380,虹光,4.96,43.76,40.65,K>D,31.71,-0.02,0.01,-0.03,DIF<MACD,5.45,5.11,4.78,27.4,158,128,1.24,10.75,,,,,2026-02-05 20:10:46
2382,廣達,273.0,24.41,35.91,K<D,35.65,-0.42,0.67,-1.09,DIF<MACD,290.8,281.18,271.55,7.5,11560,13647,0.85,10522.84,15.64,17.46,13.0,4.76,2026-02-05 20:10:48
2383,台光電,1950.0,76.04,72.19,K>D,64.32,89.61,65.43,24.18,DIF>MACD,2004.47,1725.75,1447.03,90.2,5976,4499,1.33,6971.94,47.09,41.41,16.58,0.85,2026-02-05 20:10:49
2385,群光,119.0,46.85,40.03,K>D,50.0,0.08,0.1,-0.02,DIF<MACD,120.6,118.05,115.5,68.6,4645,3332,1.39,827.44,10.56,11.27,10.0,8.4,2026-02-05 20:10:50
2387,精元,38.35,31.78,28.12,黃金交叉,37.5,-0.29,-0.2,-0.09,DIF<MACD,40.42,38.88,37.34,32.8,351,558,0.63,74.22,7.4,5.18,4.0,10.43,2026-02-05 20:10:51
2388,威盛,51.1,24.92,34.37,K<D,47.66,-0.32,-0.08,-0.25,DIF<MACD,56.81,53.01,49.21,24.8,1906,2381,0.8,283.95,567.78,0.09,0.2,0.39,2026-02-05 20:10:52
2390,云辰,10.6,32.62,33.48,K<D,46.94,0.14,0.2,-0.06,DIF<MACD,11.3,10.6,9.9,50.0,283,417,0.68,20.42,,,,,2026-02-05 20:10:54
2392,正崴,39.5,36.47,37.78,K<D,49.3,0.31,0.38,-0.06,DIF<MACD,41.97,39.74,37.5,44.7,1375,1205,1.14,182.82,8.4,,2.5,6.33,2026-02-05 20:10:55
2393,億光,56.8,53.53,51.71,K>D,52.55,0.65,0.67,-0.03,DIF<MACD,57.96,56.29,54.63,65.2,2707,3240,0.84,251.85,10.97,5.18,5.31,9.35,2026-02-05 20:10:56
2395,研華,287.5,32.08,48.07,K<D,50.0,1.35,1.55,-0.2,DIF<MACD,302.11,289.25,276.39,43.2,1361,2837,0.48,2487.42,24.93,11.53,8.39,2.92,2026-02-05 20:10:57
2397,友通,61.1,51.07,42.77,K>D,51.33,-0.16,-0.21,0.05,DIF>MACD,62.73,60.81,58.89,57.6,227,270,0.84,69.95,14.18,4.31,3.4,5.56,2026-02-05 20:10:59
2399,映泰,22.95,14.42,15.98,K<D,33.33,-0.54,-0.05,-0.49,DIF<MACD,28.78,25.55,22.31,9.9,1548,2759,0.56,40.87,76.5,,,,2026-02-05 20:11:00
2401,凌陽,21.95,35.26,38.61,K<D,51.56,0.28,0.43,-0.15,DIF<MACD,23.69,22.01,20.33,48.2,2434,2300,1.06,129.16,10.92,,,,2026-02-05 20:11:01
2402,毅嘉,52.5,39.91,42.31,K<D,40.23,-1.05,-0.76,-0.28,DIF<MACD,58.37,55.44,52.51,-0.1,4082,5790,0.71,161.46,20.92,2.51,1.97,3.75,2026-02-05 20:11:03
2404,漢唐,931.0,27.12,19.27,K>D,16.33,-11.0,3.74,-14.73,DIF<MACD,1158.86,1001.6,844.34,27.6,3076,2342,1.31,1755.74,21.1,44.13,28.0,3.01,2026-02-05 20:11:04
2405,輔信,16.2,16.35,17.84,K<D,34.33,-0.4,-0.29,-0.11,DIF<MACD,18.15,17.05,15.95,11.2,1237,1448,0.85,55.64,,,0.17,1.05,2026-02-05 20:11:05
2406,國碩,32.65,59.07,40.26,K>D,57.56,0.94,1.04,-0.1,DIF<MACD,33.33,29.62,25.91,90.9,73582,31463,2.34,114.57,,,,,2026-02-05 20:11:06
2408,南亞科,275.0,45.49,62.07,K<D,55.46,22.93,25.27,-2.35,DIF<MACD,323.82,268.57,213.33,55.8,87684,117458,0.75,8521.23,15.71,,,,2026-02-05 20:11:07
2409,友達,15.6,46.95,29.03,K>D,49.38,0.29,0.43,-0.14,DIF<MACD,16.98,15.02,13.06,64.7,561978,222796,2.52,1177.35,19.5,0.8,1.2,7.69,2026-02-05 20:11:08
2412,中華電,132.5,17.83,33.38,K<D,46.15,0.28,0.44,-0.17,DIF<MACD,134.14,133.32,132.51,-0.8,14664,11336,1.29,10278.62,26.99,4.91,5.0,3.77,2026-02-05 20:11:10
2413,環科,44.7,54.31,40.07,K>D,44.86,1.17,1.76,-0.59,DIF<MACD,51.44,45.59,39.74,42.4,6119,8559,0.71,56.93,,,0.2,0.45,2026-02-05 20:11:11
2414,精技,40.65,27.62,32.08,K<D,38.78,-0.08,-0.05,-0.03,DIF<MACD,41.35,40.92,40.48,19.4,66,90,0.73,65.75,13.2,3.08,2.5,6.15,2026-02-05 20:11:12
2415,錩新,26.55,28.15,27.82,黃金交叉,37.37,0.03,0.18,-0.15,DIF<MACD,28.33,27.1,25.86,27.9,91,74,1.23,23.89,15.99,1.66,1.2,4.52,2026-02-05 20:11:13
2417,圓剛,39.45,35.74,38.33,K<D,50.0,0.29,0.5,-0.21,DIF<MACD,41.61,39.73,37.85,42.6,562,621,0.9,51.99,,,0.2,0.51,2026-02-05 20:11:14
2419,仲琦,29.0,19.22,29.33,K<D,42.81,1.1,1.56,-0.46,DIF<MACD,34.66,30.88,27.1,25.1,3499,5898,0.59,93.18,32.58,,,,2026-02-05 20:11:15
2420,新巨,50.7,22.58,25.17,K<D,38.89,-0.08,0.22,-0.29,DIF<MACD,54.42,51.82,49.22,28.4,126,251,0.5,77.39,13.52,3.75,3.5,6.9,2026-02-05 20:11:16
2421,建準,149.5,51.77,40.54,K>D,45.21,-2.49,-2.64,0.15,DIF>MACD,158.44,151.35,144.26,37.0,2929,2645,1.11,407.45,20.28,7.37,3.71,2.48,2026-02-05 20:11:17
2423,固緯,47.8,9.79,13.63,K<D,17.45,-1.61,-0.97,-0.64,DIF<MACD,57.87,52.6,47.33,4.4,398,213,1.87,69.33,16.77,2.85,2.0,4.18,2026-02-05 20:11:19
2424,隴華,38.45,42.98,50.67,K<D,53.77,0.72,0.44,0.28,DIF>MACD,41.84,36.55,31.26,68.0,9,55,0.17,22.91,,,,,2026-02-05 20:11:20
2425,承啟,28.7,27.26,20.2,K>D,37.14,-0.41,-0.12,-0.29,DIF<MACD,32.91,30.37,27.83,17.1,170,180,0.94,27.7,,,0.15,0.52,2026-02-05 20:11:21
2426,鼎元,19.15,47.01,43.37,K>D,62.1,0.51,0.53,-0.03,DIF<MACD,20.61,18.57,16.53,64.2,2177,2442,0.89,57.57,15.7,,0.1,0.52,2026-02-05 20:11:22
2427,三商電,25.4,17.0,16.87,黃金交叉,31.34,-0.37,-0.27,-0.1,DIF<MACD,27.4,26.23,25.07,14.2,460,536,0.86,50.29,17.64,1.44,0.7,2.76,2026-02-05 20:11:23
2428,興勤,169.0,34.27,29.38,K>D,39.77,-2.33,-1.86,-0.46,DIF<MACD,182.11,173.55,164.99,23.4,262,379,0.69,216.51,14.53,11.63,6.1,3.61,2026-02-05 20:11:24
2429,銘旺科,56.4,6.03,8.08,K<D,14.18,-5.21,-3.86,-1.36,DIF<MACD,83.48,69.37,55.27,4.0,569,694,0.82,48.22,,,,,2026-02-05 20:11:26
2430,燦坤,22.7,39.02,31.76,K>D,42.86,-0.09,-0.12,0.02,DIF>MACD,22.91,22.68,22.45,53.8,57,120,0.48,26.51,22.93,0.99,1.5,6.61,2026-02-05 20:11:27
2431,聯昌,16.05,46.13,57.1,K<D,66.5,1.04,0.97,0.07,DIF>MACD,17.81,14.19,10.57,75.7,8830,5116,1.73,17.8,,,,,2026-02-05 20:11:28
2432,倚天酷碁-創,24.6,44.2,42.17,K>D,40.82,-0.26,-0.29,0.03,DIF>MACD,25.17,24.82,24.48,17.7,9,24,0.37,15.22,15.0,1.64,1.7,6.91,2026-02-05 20:11:29
2433,互盛電,46.75,49.93,43.02,K>D,48.65,-0.18,-0.21,0.03,DIF>MACD,47.08,46.74,46.41,51.1,1,37,0.03,67.55,15.28,3.06,3.0,6.42,2026-02-05 20:11:30
2434,統懋,29.8,43.36,43.21,K>D,45.45,-0.27,-0.33,0.05,DIF>MACD,30.65,29.9,29.16,43.1,16,29,0.54,11.03,,,,,2026-02-05 20:11:31
2436,偉詮電,52.7,44.44,48.61,K<D,62.68,1.05,1.05,0.0,黃金交叉,54.89,50.66,46.44,74.1,2789,2823,0.99,103.87,28.03,1.88,1.5,2.85,2026-02-05 20:11:32
2438,翔耀,22.05,27.49,31.31,K<D,51.02,-0.05,-0.03,-0.02,DIF<MACD,23.44,22.15,20.87,46.0,72,81,0.89,13.71,,,,,2026-02-05 20:11:34
2439,美律,97.9,7.13,14.84,K<D,29.72,-0.61,0.37,-0.98,DIF<MACD,111.34,103.9,96.46,9.7,810,917,0.88,248.56,16.43,5.96,7.29,7.45,2026-02-05 20:11:35
2440,太空梭,14.8,21.98,28.88,K<D,40.57,0.13,0.37,-0.24,DIF<MACD,17.12,15.54,13.97,26.4,192,254,0.76,20.59,,,,,2026-02-05 20:11:36
2441,超豐,86.2,10.7,16.37,K<D,28.42,-0.31,1.95,-2.26,DIF<MACD,108.27,95.26,82.25,15.2,9472,7527,1.26,490.35,20.92,4.12,3.0,3.48,2026-02-05 20:11:37
2442,新美齊,21.6,26.12,17.66,K>D,29.52,-0.85,-0.78,-0.07,DIF<MACD,24.93,22.59,20.26,28.8,1213,2258,0.54,59.47,25.12,0.86,0.08,0.37,2026-02-05 20:11:38
2444,兆勁,13.0,22.53,26.58,K<D,52.63,0.33,0.43,-0.1,DIF<MACD,14.58,12.88,11.19,53.4,760,630,1.21,13.2,,,,,2026-02-05 20:11:39
2449,京元電子,280.5,35.66,50.91,K<D,53.15,12.12,14.03,-1.91,DIF<MACD,311.73,282.75,253.77,46.1,18230,15143,1.2,3429.8,49.47,5.67,4.0,1.43,2026-02-05 20:11:41
2450,神腦,28.9,37.91,36.79,黃金交叉,50.0,-0.0,0.0,-0.01,DIF<MACD,29.18,28.89,28.59,52.1,58,72,0.81,74.64,18.06,1.6,1.65,5.71,2026-02-05 20:11:42
2451,創見,219.0,22.69,33.96,K<D,36.94,6.48,11.39,-4.92,DIF<MACD,265.54,242.22,218.91,0.2,7033,13534,0.52,943.24,34.6,6.33,6.09,2.78,2026-02-05 20:11:43
2453,凌群,53.9,9.96,21.05,K<D,45.92,0.25,0.79,-0.53,DIF<MACD,61.07,56.3,51.53,24.8,629,681,0.92,53.9,16.95,3.18,2.6,4.82,2026-02-05 20:11:44
2454,聯發科,1770.0,79.2,82.63,K<D,73.87,98.38,86.74,11.64,DIF>MACD,1914.57,1616.5,1318.43,75.7,16223,11596,1.4,28251.58,26.5,66.78,54.0,3.05,2026-02-05 20:11:45
2455,全新,170.5,52.07,43.77,K>D,50.0,4.99,5.58,-0.59,DIF<MACD,186.38,168.68,150.97,55.2,17992,15762,1.14,313.54,61.33,2.78,3.22,1.89,2026-02-05 20:11:46
2457,飛宏,29.1,10.63,17.85,K<D,42.86,-0.06,0.49,-0.56,DIF<MACD,37.43,31.27,25.11,32.4,4994,8350,0.6,123.61,,,,,2026-02-05 20:11:48
2458,義隆,117.5,41.99,40.89,K>D,56.25,-0.86,-1.24,0.38,DIF>MACD,120.26,117.78,115.29,44.5,3040,1848,1.64,336.43,14.76,7.96,6.41,5.46,2026-02-05 20:11:49
2459,敦吉,65.8,14.61,24.57,K<D,31.48,-0.07,0.21,-0.29,DIF<MACD,69.0,67.21,65.41,10.9,47,75,0.64,69.48,11.92,5.52,4.0,6.08,2026-02-05 20:11:51
2460,建通,21.45,21.82,28.12,K<D,37.36,0.14,0.5,-0.36,DIF<MACD,24.03,22.63,21.23,7.8,237,307,0.77,36.29,21.03,,,,2026-02-05 20:11:52
2461,光群雷,16.35,33.25,27.85,黃金交叉,36.59,0.05,0.19,-0.14,DIF<MACD,17.6,16.7,15.81,30.3,216,220,0.98,28.03,17.39,,1.67,10.21,2026-02-05 20:11:53
2462,良得電,25.55,27.81,29.58,K<D,53.8,0.51,0.64,-0.13,DIF<MACD,27.42,25.32,23.21,55.6,347,542,0.64,38.53,69.05,0.37,0.81,3.17,2026-02-05 20:11:54
2464,盟立,69.0,49.56,44.52,K>D,53.61,1.43,1.53,-0.1,DIF<MACD,72.22,67.93,63.63,62.5,6779,8333,0.81,142.45,29.36,,0.35,0.51,2026-02-05 20:11:55
2465,麗臺,54.9,34.29,24.57,K>D,37.1,-1.38,-1.09,-0.29,DIF<MACD,60.36,56.27,52.18,33.3,471,308,1.53,51.58,,,,,2026-02-05 20:11:57
2466,冠西電,56.4,25.75,27.75,K<D,28.36,-1.29,-0.77,-0.52,DIF<MACD,68.42,62.11,55.81,4.7,771,1046,0.74,97.83,35.92,1.57,,,2026-02-05 20:11:58
2467,志聖,276.5,74.34,57.98,K>D,61.28,6.52,4.39,2.13,DIF>MACD,275.95,251.75,227.55,101.1,5346,5053,1.06,421.73,52.27,5.29,5.0,1.81,2026-02-05 20:11:59
2468,華經,37.6,8.8,11.63,K<D,27.69,-1.03,-0.75,-0.28,DIF<MACD,42.73,39.88,37.02,10.1,293,313,0.94,26.31,32.41,1.16,0.9,2.39,2026-02-05 20:12:00
2471,資通,50.4,17.77,21.27,K<D,38.75,0.04,0.36,-0.32,DIF<MACD,54.14,51.92,49.7,15.7,104,121,0.85,23.82,15.75,3.2,3.06,6.07,2026-02-05 20:12:01
2472,立隆電,107.5,29.85,25.82,K>D,32.89,-0.58,0.92,-1.51,DIF<MACD,125.78,114.7,103.62,17.5,1492,2471,0.6,177.09,14.63,7.35,3.1,2.88,2026-02-05 20:12:03
2474,可成,205.5,49.57,34.73,K>D,38.78,0.22,0.65,-0.43,DIF<MACD,212.47,205.3,198.13,51.4,1285,1866,0.69,1155.72,15.62,13.16,11.49,5.59,2026-02-05 20:12:04
2476,鉅祥,81.2,11.73,13.48,K<D,26.34,-2.0,-0.77,-1.23,DIF<MACD,98.16,89.35,80.54,3.7,937,1323,0.71,175.9,21.42,3.79,3.5,4.31,2026-02-05 20:12:05
2477,美隆電,23.9,10.58,20.07,K<D,38.46,-0.05,0.23,-0.28,DIF<MACD,26.93,25.18,23.43,13.4,201,274,0.73,37.9,13.98,1.71,1.3,5.44,2026-02-05 20:12:06
2478,大毅,60.1,8.8,18.4,K<D,30.86,-0.02,1.54,-1.56,DIF<MACD,76.97,68.06,59.16,5.3,821,1140,0.72,85.78,17.22,3.49,1.82,3.03,2026-02-05 20:12:07
2480,敦陽科,139.0,52.96,42.86,K>D,40.0,-2.42,-2.55,0.14,DIF>MACD,148.52,141.47,134.43,32.4,322,255,1.26,147.84,17.57,7.91,7.42,5.34,2026-02-05 20:12:09
2481,強茂,92.4,32.83,33.51,K<D,50.81,1.81,2.15,-0.35,DIF<MACD,100.05,89.79,79.52,62.7,29177,22908,1.27,353.07,34.35,2.69,1.4,1.52,2026-02-05 20:12:10
2482,連宇,17.85,40.72,41.39,K<D,40.63,0.11,0.2,-0.09,DIF<MACD,19.01,18.18,17.34,30.5,70,111,0.63,13.9,,,0.61,3.42,2026-02-05 20:12:11
2483,百容,21.15,49.03,40.94,黃金交叉,64.76,0.22,0.22,0.0,黃金交叉,20.97,19.74,18.51,107.5,1461,429,3.4,22.72,37.77,0.56,0.3,1.42,2026-02-05 20:12:12
2484,希華,27.3,31.31,42.65,K<D,52.57,1.53,1.89,-0.36,DIF<MACD,33.28,27.38,21.48,49.3,1786,3106,0.58,43.52,47.07,0.58,0.7,2.56,2026-02-05 20:12:13
2485,兆赫,46.05,81.69,82.14,K<D,74.77,4.15,3.52,0.63,DIF>MACD,47.19,36.75,26.31,94.6,165502,72192,2.29,146.3,,,,,2026-02-05 20:12:14
2486,一詮,142.0,89.59,85.82,K>D,89.36,11.06,8.02,3.05,DIF>MACD,146.55,109.17,71.78,93.9,11011,6403,1.72,329.38,676.19,0.21,0.5,0.35,2026-02-05 20:12:15
2488,漢平,45.9,37.62,46.53,K<D,58.9,0.03,0.07,-0.04,DIF<MACD,47.0,45.78,44.57,54.8,53,92,0.58,36.72,9.33,4.92,3.2,6.97,2026-02-05 20:12:17
2489,瑞軒,22.9,53.97,54.02,K<D,69.58,1.68,1.64,0.04,DIF>MACD,25.91,19.94,13.97,74.8,7135,6405,1.11,139.69,15.07,1.52,1.0,4.37,2026-02-05 20:12:18
2491,吉祥全,16.75,5.47,6.97,K<D,13.39,-0.63,-0.32,-0.3,DIF<MACD,21.59,18.89,16.2,10.3,437,408,1.07,13.74,23.26,0.72,,,2026-02-05 20:12:19
2492,華新科,125.0,11.92,24.1,K<D,44.72,1.3,4.36,-3.06,DIF<MACD,159.61,138.4,117.19,18.4,5259,7718,0.68,606.01,25.51,4.9,2.41,1.93,2026-02-05 20:12:20
2493,揚博,108.5,18.72,17.95,K>D,22.64,-1.22,0.44,-1.66,DIF<MACD,130.48,116.85,103.22,19.4,586,692,0.85,194.0,24.89,4.36,4.0,3.69,2026-02-05 20:12:21
2495,普安,31.75,19.29,36.34,K<D,53.82,0.61,1.04,-0.42,DIF<MACD,36.52,33.29,30.07,26.1,3550,6581,0.54,86.85,33.42,0.95,1.3,4.09,2026-02-05 20:12:22
2496,卓越,69.8,40.36,53.28,K<D,55.88,0.4,0.4,-0.01,DIF<MACD,71.08,69.6,68.12,56.8,12,25,0.5,13.33,10.8,6.46,7.18,10.29,2026-02-05 20:12:23
2497,怡利電,47.6,8.85,16.45,K<D,18.04,-0.38,0.47,-0.85,DIF<MACD,55.57,51.62,47.67,-0.8,329,365,0.9,56.21,19.35,2.46,2.0,4.2,2026-02-05 20:12:25
2498,宏達電,44.8,28.21,26.32,K>D,44.35,-0.89,-0.82,-0.07,DIF<MACD,48.0,45.98,43.95,21.0,5270,6343,0.83,370.51,6.37,7.03,,,2026-02-05 20:12:26
2501,國建,22.25,29.09,20.25,K>D,37.04,-0.26,-0.18,-0.08,DIF<MACD,23.89,22.74,21.58,29.0,1032,1201,0.86,258.0,9.04,2.46,1.0,4.49,2026-02-05 20:12:27
2504,國產,35.25,21.24,16.38,K>D,17.57,-0.47,-0.3,-0.17,DIF<MACD,38.73,36.51,34.28,21.9,950,1197,0.79,414.85,10.81,3.26,2.8,7.94,2026-02-05 20:12:28
2505,國揚,18.95,26.55,17.29,K>D,26.67,-0.23,-0.13,-0.1,DIF<MACD,20.51,19.44,18.36,27.5,350,293,1.19,72.01,11.21,1.69,0.4,2.11,2026-02-05 20:12:29
2506,太設,9.08,84.9,70.44,K>D,47.73,-0.06,-0.09,0.03,DIF>MACD,9.16,9.01,8.87,73.2,99,186,0.53,32.83,,,0.4,4.41,2026-02-05 20:12:30
2509,全坤建,14.6,16.56,20.27,K<D,23.81,-0.19,-0.13,-0.06,DIF<MACD,15.61,15.03,14.45,12.8,126,145,0.87,32.78,,,,,2026-02-05 20:12:31
2511,太子,8.37,32.56,36.66,K<D,45.76,0.02,0.03,-0.02,DIF<MACD,8.58,8.45,8.33,16.9,780,877,0.89,135.82,28.86,0.29,0.3,3.58,2026-02-05 20:12:33
2514,龍邦,14.8,21.87,29.76,K<D,39.47,-0.01,0.03,-0.04,DIF<MACD,15.33,14.95,14.58,29.7,55,177,0.31,53.0,9.02,1.64,,,2026-02-05 20:12:34
2515,中工,13.9,28.85,32.09,K<D,54.84,0.08,0.04,0.04,DIF>MACD,14.3,13.58,12.86,72.0,8831,6631,1.33,223.5,35.64,0.39,0.52,3.74,2026-02-05 20:12:35
2516,新建,14.45,35.73,36.95,K<D,36.36,-0.07,-0.07,0.0,DIF>MACD,14.83,14.57,14.3,27.9,419,307,1.36,32.7,15.37,0.94,,,2026-02-05 20:12:36
2520,冠德,32.8,55.22,38.52,K>D,53.21,-0.33,-0.36,0.03,黃金交叉,34.13,32.45,30.78,60.3,2836,2181,1.3,195.37,9.29,3.53,3.1,9.45,2026-02-05 20:12:37
2524,京城,41.05,19.01,20.13,K<D,43.84,-0.29,-0.18,-0.11,DIF<MACD,43.21,41.76,40.31,25.6,83,101,0.82,150.24,5.94,6.91,,,2026-02-05 20:12:38
2527,宏璟,28.45,21.09,21.46,K<D,31.3,-0.15,0.09,-0.24,DIF<MACD,31.93,29.75,27.57,20.2,214,235,0.91,74.47,6.87,4.14,2.0,7.03,2026-02-05 20:12:39
2528,皇普,27.55,17.91,14.66,黃金交叉,20.55,-0.75,-0.57,-0.19,DIF<MACD,31.35,28.94,26.52,21.4,491,735,0.67,119.57,3.89,7.09,1.9,6.9,2026-02-05 20:12:40
2530,華建,25.4,11.08,10.73,K>D,0.0,-0.73,-0.46,-0.27,DIF<MACD,30.22,27.48,24.73,12.2,588,800,0.74,213.36,10.2,2.49,3.0,11.81,2026-02-05 20:12:42
2534,宏盛,20.2,63.54,53.69,K>D,46.67,-0.11,-0.11,0.0,黃金交叉,20.5,20.15,19.8,56.8,420,568,0.74,95.55,8.08,2.5,1.0,4.95,2026-02-05 20:12:43
2535,達欣工,68.6,31.94,35.35,K<D,46.92,1.15,1.38,-0.23,DIF<MACD,71.77,68.39,65.01,53.1,181,233,0.78,178.29,11.25,6.1,3.75,5.47,2026-02-05 20:12:44
2536,宏普,22.7,25.64,19.3,K>D,25.0,-0.79,-0.77,-0.01,DIF<MACD,25.35,23.52,21.69,27.5,93,178,0.52,75.55,14.37,1.58,0.5,2.2,2026-02-05 20:12:45
2537,聯上發,10.55,24.09,16.22,K>D,31.25,-0.23,-0.19,-0.04,DIF<MACD,11.92,10.92,9.92,31.6,450,815,0.55,31.71,19.18,0.55,,,2026-02-05 20:12:47
2538,基泰,10.65,16.61,20.04,K<D,30.77,-0.12,-0.1,-0.02,DIF<MACD,11.13,10.84,10.55,17.1,256,195,1.31,47.4,12.1,0.88,0.7,6.57,2026-02-05 20:12:48
2539,櫻花建,47.5,42.4,30.59,K>D,46.67,-0.22,-0.06,-0.16,DIF<MACD,49.47,48.0,46.52,33.1,473,736,0.64,566.72,10.63,4.47,0.5,1.05,2026-02-05 20:12:49
2540,愛山林,46.25,17.57,22.47,K<D,28.76,-0.52,-0.25,-0.27,DIF<MACD,50.95,47.88,44.82,23.4,460,507,0.91,437.0,45.34,1.02,0.71,1.54,2026-02-05 20:12:50
2542,興富發,38.1,51.1,30.41,K>D,41.67,-0.33,-0.29,-0.03,DIF<MACD,40.03,38.31,36.59,43.9,2639,2960,0.89,805.39,15.24,2.5,2.0,5.25,2026-02-05 20:12:52
2543,皇昌,61.5,21.99,36.87,K<D,45.62,0.15,0.43,-0.28,DIF<MACD,66.17,63.54,60.92,11.0,1077,1608,0.67,325.05,18.41,3.34,1.0,1.63,2026-02-05 20:12:53
2545,皇翔,37.3,36.96,25.41,K>D,41.1,-0.46,-0.39,-0.06,DIF<MACD,39.62,37.86,36.1,34.1,297,335,0.89,141.64,9.74,3.83,4.5,12.06,2026-02-05 20:12:54
2546,根基,85.9,16.38,18.96,K<D,30.59,-0.55,-0.23,-0.32,DIF<MACD,91.04,88.07,85.1,13.5,55,70,0.79,112.12,8.99,9.56,3.2,3.73,2026-02-05 20:12:55
2547,日勝生,10.8,29.56,30.37,K<D,47.62,-0.02,0.01,-0.03,DIF<MACD,11.12,10.89,10.65,31.3,810,1199,0.68,111.79,3.64,2.97,0.58,5.37,2026-02-05 20:12:57
2548,華固,107.0,33.03,25.71,K>D,42.86,-1.15,-0.82,-0.34,DIF<MACD,115.54,109.03,102.51,34.5,435,493,0.88,341.88,90.68,1.18,5.5,5.14,2026-02-05 20:12:58
2597,潤弘,166.5,16.19,17.19,K<D,21.28,-1.05,0.12,-1.17,DIF<MACD,184.3,173.72,163.15,15.8,177,231,0.77,517.34,15.78,10.55,6.42,3.86,2026-02-05 20:12:59
2601,益航,5.45,16.78,22.97,K<D,44.68,-0.02,-0.0,-0.02,DIF<MACD,5.76,5.55,5.35,24.8,833,1284,0.65,44.95,,,,,2026-02-05 20:13:00
2603,長榮,187.0,35.13,31.93,K>D,45.31,-0.61,0.07,-0.67,DIF<MACD,197.03,190.12,183.22,27.4,4635,7509,0.62,4048.63,4.38,42.71,32.5,17.38,2026-02-05 20:13:02
2605,新興,28.5,26.99,35.53,K<D,53.2,0.51,0.67,-0.15,DIF<MACD,30.43,28.76,27.08,42.3,6632,14742,0.45,166.83,33.93,0.84,1.3,4.56,2026-02-05 20:13:03
2606,裕民,61.6,16.85,25.67,K<D,51.7,0.32,0.51,-0.19,DIF<MACD,64.91,62.22,59.53,38.5,3167,5376,0.59,520.55,15.84,3.89,3.2,5.19,2026-02-05 20:13:04
2607,榮運,56.2,21.94,21.69,黃金交叉,35.19,-0.39,-0.22,-0.18,DIF<MACD,59.19,57.45,55.71,14.2,602,722,0.83,299.87,8.26,6.8,10.0,17.79,2026-02-05 20:13:05
2608,嘉里大榮,32.5,38.53,33.24,K>D,29.41,-0.17,-0.14,-0.03,DIF<MACD,33.39,32.91,32.43,6.9,116,176,0.66,151.77,15.4,2.11,1.65,5.08,2026-02-05 20:13:07
2609,陽明,52.8,18.9,20.66,K<D,38.67,-0.42,-0.09,-0.33,DIF<MACD,56.81,54.43,52.05,15.7,7022,8689,0.81,1843.83,6.71,7.87,7.5,14.2,2026-02-05 20:13:08
2610,華航,22.75,47.27,48.39,K<D,65.82,0.58,0.6,-0.02,DIF<MACD,23.46,21.92,20.37,77.0,21727,29723,0.73,1383.62,9.21,2.47,0.8,3.52,2026-02-05 20:13:09
2611,志信,14.7,18.45,24.03,K<D,43.48,-0.04,0.02,-0.06,DIF<MACD,15.46,15.02,14.57,14.1,118,280,0.42,27.78,77.37,0.19,1.64,11.16,2026-02-05 20:13:10
2612,中航,61.2,32.99,39.85,K<D,54.97,0.45,0.47,-0.01,DIF<MACD,63.65,61.52,59.39,42.5,1168,1738,0.67,120.86,8.46,7.23,2.1,3.43,2026-02-05 20:13:12
2613,中櫃,24.6,28.01,27.56,K>D,51.35,0.14,0.12,0.01,DIF>MACD,25.01,24.44,23.86,64.2,870,517,1.68,33.77,28.28,0.87,1.0,4.07,2026-02-05 20:13:13
2614,東森,21.0,26.05,15.89,K>D,35.71,-0.46,-0.38,-0.08,DIF<MACD,23.32,21.55,19.77,34.6,1015,678,1.5,68.73,10.4,2.02,0.25,1.19,2026-02-05 20:13:14
2615,萬海,74.8,35.91,21.84,K>D,37.5,-1.25,-1.21,-0.04,DIF<MACD,80.16,76.09,72.02,34.2,3293,5365,0.61,2099.0,6.03,12.41,3.5,4.68,2026-02-05 20:13:15
2616,山隆,13.7,41.28,44.54,K<D,45.0,0.01,0.02,-0.01,DIF<MACD,13.99,13.65,13.32,57.1,54,63,0.86,18.62,,,0.3,2.19,2026-02-05 20:13:16
2617,台航,30.4,14.38,24.33,K<D,45.3,-0.01,0.1,-0.11,DIF<MACD,31.95,31.12,30.29,6.6,597,580,1.03,126.86,9.74,3.12,1.5,4.93,2026-02-05 20:13:18
2618,長榮航,38.45,50.98,44.26,黃金交叉,58.49,0.47,0.53,-0.06,DIF<MACD,39.27,37.84,36.41,71.3,25983,25303,1.03,2076.47,7.98,4.82,2.4,6.24,2026-02-05 20:13:19
2630,亞航,48.7,11.19,13.85,K<D,31.21,-0.84,-0.1,-0.74,DIF<MACD,58.15,53.16,48.17,5.3,991,1384,0.72,102.0,47.28,1.03,0.62,1.27,2026-02-05 20:13:20
2633,台灣高鐵,27.1,36.5,40.27,K<D,42.86,-0.15,-0.15,0.0,DIF>MACD,27.77,27.27,26.76,33.5,3581,4617,0.78,1525.27,23.98,1.13,1.05,3.87,2026-02-05 20:13:21
2634,漢翔,52.1,15.68,20.68,K<D,38.3,0.12,0.67,-0.55,DIF<MACD,58.35,55.04,51.73,5.6,6299,6162,1.02,490.71,65.12,0.8,1.38,2.65,2026-02-05 20:13:22
2636,台驊控股,65.7,33.05,28.99,K>D,45.9,-0.34,-0.16,-0.18,DIF<MACD,68.2,66.4,64.6,30.5,252,317,0.79,89.98,8.0,8.21,6.0,9.13,2026-02-05 20:13:24
2637,慧洋-KY,69.2,17.54,22.43,K<D,43.88,0.37,0.73,-0.36,DIF<MACD,73.05,71.15,69.25,-1.4,2665,2597,1.03,516.52,16.44,4.21,5.0,7.23,2026-02-05 20:13:25
2642,宅配通,25.15,14.51,22.87,K<D,37.29,-0.23,-0.19,-0.04,DIF<MACD,26.29,25.72,25.14,0.8,52,72,0.73,24.01,34.93,,0.5,1.99,2026-02-05 20:13:26
2645,長榮航太,161.5,30.54,35.95,K<D,54.72,3.82,4.88,-1.06,DIF<MACD,181.36,161.35,141.34,50.4,2060,2662,0.77,604.93,29.31,5.51,4.5,2.79,2026-02-05 20:13:27
2646,星宇航空,22.95,27.32,21.18,K>D,32.26,-0.13,-0.09,-0.04,DIF<MACD,23.71,23.22,22.73,22.3,3073,3989,0.77,690.5,459.0,0.05,,,2026-02-05 20:13:28
2701,萬企,11.0,39.14,33.36,黃金交叉,50.0,-0.02,-0.02,0.0,黃金交叉,11.08,10.99,10.9,56.9,88,70,1.25,49.5,22.0,0.5,0.28,2.55,2026-02-05 20:13:30
2702,華園,11.9,19.78,22.22,K<D,53.33,-0.01,-0.0,-0.01,DIF<MACD,12.02,11.85,11.69,64.2,155,60,2.55,18.64,,,,,2026-02-05 20:13:31
2704,國賓,43.25,28.38,35.28,K<D,50.43,0.03,0.1,-0.07,DIF<MACD,44.71,43.42,42.13,43.4,123,127,0.97,158.69,116.89,0.37,0.5,1.16,2026-02-05 20:13:32
2705,六福,16.4,35.38,37.26,K<D,41.67,-0.07,-0.06,-0.01,DIF<MACD,16.71,16.42,16.13,46.5,530,223,2.38,31.38,136.67,0.12,,,2026-02-05 20:13:33
2706,第一店,12.9,51.62,43.65,K>D,50.0,-0.02,-0.03,0.01,DIF>MACD,12.95,12.86,12.76,72.8,322,152,2.12,64.5,22.24,0.58,0.35,2.71,2026-02-05 20:13:34
2707,晶華,189.5,41.82,33.88,黃金交叉,50.0,-0.42,-0.34,-0.08,DIF<MACD,191.43,189.18,186.92,57.2,156,133,1.17,241.43,17.16,11.04,14.36,7.58,2026-02-05 20:13:35
2712,遠雄來,17.35,32.52,28.79,K>D,33.33,-0.24,-0.23,-0.01,DIF<MACD,18.23,17.67,17.12,20.6,15,21,0.71,18.22,,,,,2026-02-05 20:13:37
2722,夏都,25.8,31.83,31.99,K<D,53.52,-0.26,-0.36,0.1,DIF>MACD,25.98,25.2,24.42,88.7,362,93,3.86,36.94,,,0.15,0.58,2026-02-05 20:13:38
2723,美食-KY,76.5,58.6,57.25,黃金交叉,54.78,1.42,1.54,-0.12,DIF<MACD,78.27,75.1,71.93,72.1,398,413,0.96,137.7,13.77,,3.0,3.92,2026-02-05 20:13:39
2727,王品,216.5,36.11,25.96,黃金交叉,40.0,-0.71,-0.19,-0.51,DIF<MACD,222.5,217.25,212.0,42.9,359,279,1.28,179.39,14.65,14.78,14.59,6.74,2026-02-05 20:13:40
2731,雄獅,176.0,50.26,44.24,黃金交叉,57.14,0.72,0.76,-0.03,DIF<MACD,175.43,171.05,166.67,106.6,2386,818,2.92,164.17,11.35,15.5,7.5,4.26,2026-02-05 20:13:41
2739,寒舍,34.9,37.79,31.64,K>D,52.58,-0.31,-0.38,0.06,黃金交叉,35.38,34.41,33.43,75.3,547,174,3.13,31.94,20.41,1.71,1.0,2.87,2026-02-05 20:13:42
2748,雲品,41.5,43.87,28.2,K>D,47.62,-0.54,-0.54,-0.01,DIF<MACD,42.87,41.35,39.82,55.1,499,200,2.49,43.9,17.89,2.32,2.0,4.82,2026-02-05 20:13:44
2753,八方雲集,182.5,43.27,25.52,K>D,44.0,-2.76,-2.73,-0.03,DIF<MACD,192.09,182.88,173.66,48.0,322,234,1.38,121.63,15.56,11.73,10.0,5.48,2026-02-05 20:13:45
2762,世界健身-KY,73.3,30.67,22.86,K>D,34.48,-0.97,-0.87,-0.09,DIF<MACD,77.54,74.66,71.78,26.3,63,43,1.46,80.06,26.27,2.79,7.78,10.61,2026-02-05 20:13:46
2801,彰銀,20.5,63.27,52.15,K>D,55.56,-0.02,-0.04,0.02,DIF>MACD,20.6,20.39,20.18,76.8,11030,17510,0.63,2412.04,13.58,1.51,0.5,2.44,2026-02-05 20:13:47
2812,台中銀,20.5,51.15,29.54,K>D,40.0,-0.21,-0.22,0.01,黃金交叉,21.09,20.46,19.82,53.5,12242,11869,1.03,1234.43,13.95,1.47,0.39,1.9,2026-02-05 20:13:48
2816,旺旺保,28.45,20.67,19.54,黃金交叉,21.05,-0.2,-0.11,-0.09,DIF<MACD,30.02,29.03,28.04,20.6,82,107,0.77,63.62,6.56,4.34,1.5,5.27,2026-02-05 20:13:49
2820,華票,16.45,65.8,44.29,K>D,57.14,-0.07,-0.09,0.02,DIF>MACD,16.5,16.35,16.2,83.6,842,1157,0.73,220.92,13.06,1.26,0.78,4.74,2026-02-05 20:13:51
2832,台產,48.5,16.49,18.81,K<D,26.56,-0.49,-0.41,-0.08,DIF<MACD,50.59,49.4,48.21,12.3,139,163,0.85,86.08,10.57,4.59,7.14,14.72,2026-02-05 20:13:52
2834,臺企銀,15.45,27.55,18.81,K>D,28.57,-0.16,-0.13,-0.03,DIF<MACD,16.18,15.68,15.18,26.8,10907,17721,0.62,1501.44,12.46,1.24,0.2,1.29,2026-02-05 20:13:53
2836,高雄銀,12.15,57.71,44.27,K>D,53.85,-0.04,-0.04,0.0,黃金交叉,12.24,12.1,11.95,69.5,1040,1147,0.91,223.55,19.6,0.62,0.3,2.47,2026-02-05 20:13:54
2838,聯邦銀,18.8,70.38,61.26,K>D,48.57,-0.13,-0.17,0.04,DIF>MACD,19.02,18.66,18.29,69.7,2238,1369,1.63,816.02,16.64,1.13,0.35,1.86,2026-02-05 20:13:55
2845,遠東銀,12.45,22.11,16.89,K>D,28.57,-0.1,-0.07,-0.03,DIF<MACD,12.93,12.62,12.31,22.1,5292,9922,0.53,605.73,14.31,0.87,0.5,4.02,2026-02-05 20:13:56
2849,安泰銀,13.15,21.04,33.07,K<D,42.42,-0.04,-0.02,-0.02,DIF<MACD,13.56,13.33,13.09,11.9,148,71,2.07,257.43,18.79,0.7,0.38,2.89,2026-02-05 20:13:57
2850,新產,113.0,36.11,28.4,K>D,27.78,-1.0,-0.81,-0.19,DIF<MACD,118.54,115.17,111.81,17.6,208,240,0.87,357.04,10.13,11.15,7.15,6.33,2026-02-05 20:13:59
2851,中再保,27.2,62.19,47.45,K>D,54.39,0.1,0.12,-0.02,DIF<MACD,27.43,26.95,26.46,76.6,1772,1000,1.77,217.71,10.71,2.54,1.9,6.99,2026-02-05 20:14:00
2852,第一保,27.35,35.27,24.59,K>D,33.33,-0.18,-0.14,-0.04,DIF<MACD,28.3,27.56,26.83,35.4,167,290,0.58,82.37,9.53,2.87,2.1,7.68,2026-02-05 20:14:02
2855,統一證,29.05,27.94,42.08,K<D,57.94,0.96,1.06,-0.1,DIF<MACD,30.42,28.37,26.32,66.6,10336,6412,1.61,465.21,13.45,2.16,1.1,3.79,2026-02-05 20:14:03
2867,三商壽,7.96,66.66,60.76,黃金交叉,60.47,0.03,0.04,-0.01,DIF<MACD,8.04,7.86,7.68,78.1,13471,11245,1.2,469.6,132.67,0.06,,,2026-02-05 20:14:04
2880,華南金,33.6,60.08,58.59,黃金交叉,55.7,0.44,0.49,-0.05,DIF<MACD,34.01,32.98,31.94,80.0,8793,11101,0.79,4676.1,18.56,1.81,1.25,3.72,2026-02-05 20:14:06
2881,富邦金,93.5,51.43,31.65,K>D,41.38,-0.81,-0.79,-0.03,DIF<MACD,96.0,93.3,90.59,53.8,14362,18071,0.79,13096.89,11.1,8.42,4.15,4.44,2026-02-05 20:14:07
2882,國泰金,76.0,50.14,40.54,K>D,49.06,0.48,0.77,-0.29,DIF<MACD,77.66,75.96,74.26,51.2,11254,18471,0.61,11148.6,13.92,5.46,3.5,4.61,2026-02-05 20:14:08
2883,凱基金,18.4,74.9,70.57,K>D,65.12,0.28,0.28,0.0,黃金交叉,18.54,17.94,17.35,88.4,54708,46049,1.19,3123.37,13.53,1.36,0.84,4.57,2026-02-05 20:14:09
2884,玉山金,33.95,80.24,74.41,K>D,72.41,0.25,0.24,0.02,黃金交叉,34.17,33.18,32.18,88.9,33417,30610,1.09,5491.07,17.32,1.96,1.2,3.53,2026-02-05 20:14:10
2885,元大金,42.75,63.18,65.26,K<D,58.72,0.78,0.86,-0.08,DIF<MACD,43.41,41.89,40.38,78.3,12948,20970,0.62,5699.07,15.95,2.68,1.5,3.51,2026-02-05 20:14:12
2886,兆豐金,39.7,48.38,29.08,K>D,30.0,-0.34,-0.3,-0.04,DIF<MACD,41.13,39.82,38.5,45.6,19229,21990,0.87,5908.7,17.34,2.29,1.6,4.03,2026-02-05 20:14:13
2887,台新新光金,23.1,63.15,60.91,黃金交叉,63.74,0.61,0.62,-0.02,DIF<MACD,23.82,22.27,20.71,76.7,46543,54488,0.85,5744.11,15.0,1.54,0.9,3.9,2026-02-05 20:14:14
2889,國票金,16.5,38.73,44.13,K<D,40.48,-0.01,0.02,-0.03,DIF<MACD,17.11,16.64,16.16,35.6,4625,4305,1.07,599.54,27.5,0.6,0.3,1.82,2026-02-05 20:14:15
2890,永豐金,29.4,70.25,52.34,K>D,51.79,0.14,0.17,-0.02,DIF<MACD,29.53,29.01,28.49,87.8,19448,23843,0.82,4260.74,15.64,1.88,0.91,3.1,2026-02-05 20:14:16
2891,中信金,51.7,55.91,53.13,黃金交叉,60.71,0.72,0.81,-0.09,DIF<MACD,52.07,50.72,49.38,86.3,26562,26567,1.0,10173.43,13.79,3.75,2.3,4.45,2026-02-05 20:14:18
2892,第一金,29.2,49.9,33.47,K>D,35.0,-0.08,-0.02,-0.06,DIF<MACD,29.92,29.26,28.6,45.7,15252,18668,0.82,4198.81,16.04,1.82,0.95,3.25,2026-02-05 20:14:19
2897,王道銀行,9.21,75.12,69.7,K>D,80.0,0.01,0.0,0.01,DIF>MACD,9.18,9.14,9.1,131.3,5854,3708,1.58,256.26,13.95,0.66,0.5,5.43,2026-02-05 20:14:20
2901,欣欣,24.8,38.94,34.31,K>D,54.55,-0.03,-0.05,0.02,DIF>MACD,25.09,24.69,24.3,63.4,20,27,0.73,18.11,72.94,0.34,0.37,1.49,2026-02-05 20:14:21
2903,遠百,23.2,74.29,59.42,K>D,81.58,0.08,-0.06,0.14,DIF>MACD,22.88,22.17,21.46,122.4,4224,3537,1.19,326.83,13.49,1.72,1.35,5.82,2026-02-05 20:14:22
2904,匯僑,17.05,28.32,30.08,K<D,52.94,-0.01,-0.01,-0.0,DIF<MACD,17.19,17.08,16.96,38.0,25,23,1.05,13.27,11.92,1.43,1.0,5.87,2026-02-05 20:14:23
2905,三商,15.4,35.7,30.73,K>D,41.67,-0.16,-0.14,-0.02,DIF<MACD,16.12,15.57,15.02,34.7,802,713,1.12,162.2,40.53,0.38,0.3,1.95,2026-02-05 20:14:24
2906,高林,12.55,62.89,52.22,K>D,47.37,-0.08,-0.1,0.02,DIF>MACD,12.7,12.51,12.33,60.1,85,118,0.73,26.24,32.18,0.39,0.6,4.78,2026-02-05 20:14:26
2908,特力,20.2,50.39,58.05,K<D,43.75,-0.02,-0.02,-0.0,DIF<MACD,20.39,20.25,20.11,33.0,51,56,0.91,103.0,155.38,0.13,0.9,4.46,2026-02-05 20:14:27
2910,統領,21.1,69.83,69.32,黃金交叉,55.17,0.05,0.02,0.03,DIF>MACD,21.17,20.91,20.65,86.2,2,5,0.37,37.01,17.73,1.19,0.95,4.5,2026-02-05 20:14:28
2911,麗嬰房,5.09,58.15,58.3,K<D,47.12,0.06,0.08,-0.01,DIF<MACD,5.27,5.11,4.95,43.6,16,29,0.56,5.35,,,,,2026-02-05 20:14:29
2912,統一超,219.0,71.29,53.73,K>D,48.48,-2.44,-3.11,0.67,DIF>MACD,225.98,216.6,207.22,62.8,2759,2144,1.29,2276.77,20.51,10.68,9.0,4.11,2026-02-05 20:14:31
2913,農林,13.05,23.15,23.6,K<D,43.9,-0.14,-0.12,-0.02,DIF<MACD,13.66,13.2,12.73,34.3,1347,1802,0.75,103.09,,,,,2026-02-05 20:14:32
2915,潤泰全,51.8,37.48,20.95,K>D,40.0,-0.8,-0.84,0.03,黃金交叉,53.48,51.66,49.84,53.9,2192,1915,1.14,553.08,5.97,8.68,2.5,4.83,2026-02-05 20:14:33
2923,鼎固-KY,20.2,55.4,53.19,K>D,42.22,-0.06,-0.09,0.03,DIF>MACD,21.47,20.15,18.82,52.0,2,20,0.12,351.54,33.67,,0.24,1.19,2026-02-05 20:14:34
2929,淘帝-KY,7.78,25.03,31.09,K<D,50.41,-0.03,-0.03,-0.0,DIF<MACD,8.03,7.79,7.54,48.7,194,219,0.89,8.52,55.57,0.14,,,2026-02-05 20:14:35
2939,永邑-KY,24.2,58.52,34.84,K>D,58.24,-0.48,-0.67,0.19,黃金交叉,24.26,22.07,19.89,98.7,295,107,2.76,11.02,,,,,2026-02-05 20:14:37
2945,三商家購,42.05,39.89,48.48,K<D,60.0,1.05,0.92,0.13,DIF>MACD,44.32,40.02,35.73,73.6,26,41,0.64,28.38,21.24,1.98,1.5,3.57,2026-02-05 20:14:38
3002,歐格,21.05,18.51,16.72,K>D,29.23,-1.04,-0.95,-0.09,DIF<MACD,24.74,22.73,20.73,8.0,198,528,0.38,21.33,48.95,0.43,0.7,3.33,2026-02-05 20:14:39
3003,健和興,48.15,37.95,36.24,黃金交叉,46.47,-0.02,0.15,-0.17,DIF<MACD,50.86,48.31,45.77,46.8,129,246,0.53,74.95,32.32,1.49,2.0,4.15,2026-02-05 20:14:40
3004,豐達科,109.5,36.2,35.08,K>D,40.68,0.79,1.77,-0.98,DIF<MACD,120.41,114.33,108.24,10.4,285,385,0.74,70.04,17.75,6.17,2.95,2.69,2026-02-05 20:14:41
3005,神基,112.0,19.63,18.45,黃金交叉,36.84,-1.74,-1.51,-0.22,DIF<MACD,119.69,115.05,110.41,17.2,2598,2952,0.88,695.35,14.07,7.96,5.99,5.35,2026-02-05 20:14:42
3006,晶豪科,169.5,62.12,68.02,K<D,55.4,15.16,15.49,-0.33,DIF<MACD,189.46,157.97,126.49,68.3,18412,50682,0.36,462.2,1303.85,,1.0,0.59,2026-02-05 20:14:43
3008,大立光,2300.0,16.59,24.42,K<D,26.79,-0.45,23.29,-23.74,DIF<MACD,2524.03,2422.75,2321.47,-10.6,444,608,0.73,3008.36,13.32,172.64,85.5,3.72,2026-02-05 20:14:45
3010,華立,116.5,36.33,51.72,K<D,50.82,2.59,2.73,-0.14,DIF<MACD,127.47,117.88,108.28,42.8,1696,1634,1.04,302.24,13.94,8.36,5.3,4.55,2026-02-05 20:14:46
3011,今皓,13.45,16.55,17.43,K<D,39.22,-0.21,-0.07,-0.14,DIF<MACD,15.22,14.09,12.97,21.4,257,716,0.36,16.83,,,,,2026-02-05 20:14:47
3013,晟銘電,111.0,21.7,18.95,K>D,28.0,-4.19,-3.6,-0.59,DIF<MACD,127.96,118.15,108.34,13.6,2082,2052,1.01,227.7,28.39,3.91,0.6,0.54,2026-02-05 20:14:48
3014,聯陽,117.5,38.18,42.38,K<D,55.88,0.56,0.7,-0.14,DIF<MACD,123.24,118.4,113.56,40.7,623,950,0.66,195.07,12.19,9.64,9.0,7.66,2026-02-05 20:14:49
3015,全漢,51.8,16.48,16.94,K<D,33.08,-0.52,-0.22,-0.3,DIF<MACD,57.34,53.48,49.62,28.2,194,319,0.61,97.0,29.6,1.75,3.0,5.79,2026-02-05 20:14:50
3016,嘉晶,57.3,14.78,28.61,K<D,50.0,1.16,2.59,-1.43,DIF<MACD,73.94,62.95,51.97,24.3,1909,4172,0.46,165.33,5730.0,0.01,0.5,0.87,2026-02-05 20:14:52
3017,奇鋐,1630.0,84.68,83.33,K>D,71.43,52.7,19.23,33.47,DIF>MACD,1652.4,1423.0,1193.6,95.1,6487,8593,0.75,6368.62,42.49,38.36,9.93,0.61,2026-02-05 20:14:53
3018,隆銘綠能,12.05,60.34,54.35,黃金交叉,48.84,0.01,0.01,-0.0,DIF<MACD,12.3,11.77,11.25,76.3,6,7,0.93,9.08,1.34,,,,2026-02-05 20:14:55
3019,亞光,149.5,33.68,48.09,K<D,57.97,3.82,3.72,0.1,DIF>MACD,164.49,148.15,131.81,54.1,16443,26334,0.62,417.47,22.55,6.63,4.0,2.68,2026-02-05 20:14:56
3021,鴻名,17.8,35.85,27.56,K>D,34.55,-0.05,0.06,-0.11,DIF<MACD,19.22,18.28,17.34,24.4,69,138,0.5,16.89,43.41,0.41,0.3,1.69,2026-02-05 20:14:57
3022,威強電,64.1,19.37,18.58,K>D,26.74,-0.51,-0.21,-0.3,DIF<MACD,69.38,66.22,63.05,16.6,366,615,0.6,113.2,11.65,5.5,4.5,7.02,2026-02-05 20:14:58
3023,信邦,239.0,91.16,85.66,K>D,77.85,9.46,5.22,4.25,DIF>MACD,247.8,208.9,170.0,88.7,2820,4156,0.68,573.76,18.07,13.23,10.25,4.29,2026-02-05 20:15:00
3024,憶聲,10.45,23.51,19.3,K>D,32.56,-0.2,-0.1,-0.1,DIF<MACD,11.76,10.96,10.17,17.8,554,814,0.68,28.96,12.9,0.81,0.4,3.83,2026-02-05 20:15:01
3025,星通,67.7,29.92,32.96,K<D,39.42,0.96,2.25,-1.29,DIF<MACD,77.67,71.77,65.88,15.4,802,1814,0.44,38.41,33.19,2.04,3.3,4.87,2026-02-05 20:15:02
3026,禾伸堂,104.0,33.44,32.88,黃金交叉,45.83,-0.11,0.4,-0.5,DIF<MACD,110.33,106.0,101.67,26.9,672,943,0.71,172.53,16.99,6.12,5.5,5.29,2026-02-05 20:15:03
3027,盛達,24.45,16.06,17.81,K<D,29.08,0.07,0.38,-0.32,DIF<MACD,28.32,25.65,22.98,27.6,263,358,0.73,28.09,55.57,0.44,0.37,1.51,2026-02-05 20:15:04
3028,增你強,45.1,61.99,69.46,K<D,57.71,2.57,1.83,0.74,DIF>MACD,51.69,42.98,34.28,62.2,18196,12657,1.44,107.0,17.41,2.59,2.1,4.66,2026-02-05 20:15:05
3029,零壹,109.5,23.58,32.18,K<D,41.38,-0.34,-0.08,-0.25,DIF<MACD,115.17,112.12,109.08,6.8,1294,782,1.65,182.87,17.33,6.32,5.0,4.57,2026-02-05 20:15:06
3030,德律,188.0,55.72,54.67,黃金交叉,69.86,2.51,2.07,0.44,DIF>MACD,189.61,179.6,169.59,91.9,6389,4659,1.37,444.09,18.61,10.1,5.0,2.66,2026-02-05 20:15:08
3031,佰鴻,20.25,27.18,30.57,K<D,54.02,0.09,0.14,-0.05,DIF<MACD,21.06,20.16,19.27,54.9,616,374,1.65,35.07,19.66,1.03,1.0,4.94,2026-02-05 20:15:09
3032,偉訓,74.3,52.14,42.37,K>D,54.39,-0.92,-1.38,0.46,DIF>MACD,75.54,73.24,70.94,73.1,622,630,0.99,84.17,,,2.73,3.67,2026-02-05 20:15:10
3033,威健,30.5,26.58,24.81,K>D,49.43,-0.04,0.01,-0.05,DIF<MACD,31.39,30.8,30.21,24.3,2146,6126,0.35,146.36,21.33,1.43,2.08,6.82,2026-02-05 20:15:12
3034,聯詠,361.0,12.14,22.77,K<D,40.76,-3.08,-0.18,-2.9,DIF<MACD,400.97,381.77,362.58,-4.1,3556,3905,0.91,2196.73,12.79,28.22,28.0,7.76,2026-02-05 20:15:13
3035,智原,162.0,21.87,31.67,K<D,44.16,-1.56,-0.23,-1.34,DIF<MACD,179.3,169.3,159.3,13.5,1848,2470,0.75,422.09,55.1,2.94,3.0,1.85,2026-02-05 20:15:14
3036,文曄,155.5,52.73,52.67,K>D,56.19,3.0,2.62,0.37,DIF>MACD,163.27,152.4,141.53,64.3,4161,5969,0.7,1887.81,14.81,10.5,6.0,3.86,2026-02-05 20:15:15
3037,欣興,365.5,76.23,83.73,K<D,70.65,38.91,35.98,2.94,DIF>MACD,423.86,318.68,213.49,72.3,72058,80755,0.89,5755.12,174.05,2.1,1.49,0.41,2026-02-05 20:15:16
3038,全台,23.8,35.69,32.64,黃金交叉,45.0,0.17,0.29,-0.12,DIF<MACD,24.53,23.85,23.18,45.9,202,251,0.81,34.61,20.0,1.19,1.5,6.3,2026-02-05 20:15:18
3040,遠見,47.2,52.25,54.2,K<D,43.58,-0.96,-1.35,0.38,DIF>MACD,55.69,50.38,45.07,20.1,640,1312,0.49,28.48,94.4,0.5,1.0,2.12,2026-02-05 20:15:19
3041,揚智,25.7,14.76,19.92,K<D,46.82,0.04,0.26,-0.22,DIF<MACD,28.55,26.51,24.47,30.1,406,765,0.53,36.04,26.49,,,,2026-02-05 20:15:20
3042,晶技,85.5,25.54,36.2,K<D,50.0,0.93,1.18,-0.25,DIF<MACD,91.83,86.06,80.28,45.2,894,922,0.97,290.69,15.19,5.63,5.2,6.08,2026-02-05 20:15:21
3043,科風,23.15,38.09,31.92,K>D,57.99,0.23,0.31,-0.07,DIF<MACD,25.06,22.66,20.26,60.2,351,182,1.93,9.02,,,,,2026-02-05 20:15:23
3044,健鼎,395.0,77.03,80.52,K<D,72.94,23.46,18.06,5.4,DIF>MACD,429.29,353.25,277.21,77.5,4373,6133,0.71,2076.14,20.41,19.35,10.3,2.61,2026-02-05 20:15:24
3045,台灣大,105.0,6.45,8.01,K<D,20.0,-0.68,-0.4,-0.28,DIF<MACD,109.18,106.72,104.27,14.9,4616,4858,0.95,3175.74,23.03,4.56,4.5,4.29,2026-02-05 20:15:25
3046,建碁,52.5,35.01,31.51,K>D,39.74,0.1,0.38,-0.28,DIF<MACD,55.29,53.41,51.53,25.8,231,237,0.98,41.19,13.39,3.92,2.7,5.14,2026-02-05 20:15:27
3047,訊舟,17.9,14.29,17.39,K<D,32.56,-0.14,0.05,-0.19,DIF<MACD,20.42,18.92,17.42,16.1,1135,1296,0.88,39.8,,,0.3,1.68,2026-02-05 20:15:28
3048,益登,37.25,8.42,10.73,K<D,36.82,-0.82,-0.34,-0.49,DIF<MACD,43.61,40.39,37.17,1.3,1287,2238,0.58,100.51,30.79,1.21,,,2026-02-05 20:15:29
3049,精金,9.31,38.47,40.75,K<D,59.06,0.61,0.62,-0.01,DIF<MACD,11.2,8.85,6.5,59.9,5624,13699,0.41,74.67,30.03,,,,2026-02-05 20:15:31
3050,鈺德,13.75,33.52,26.95,K>D,40.66,0.08,0.2,-0.13,DIF<MACD,15.37,14.18,12.99,31.8,1513,1369,1.11,21.31,,,0.5,3.64,2026-02-05 20:15:32
3051,力特,24.2,20.12,30.28,K<D,57.52,1.23,1.54,-0.31,DIF<MACD,29.54,24.26,18.99,49.4,1003,1412,0.71,39.93,21.04,1.15,1.52,6.28,2026-02-05 20:15:34
3052,夆典,11.55,33.82,22.3,K>D,37.5,-0.08,-0.05,-0.03,DIF<MACD,12.05,11.67,11.29,33.8,539,514,1.05,23.56,9.55,1.21,0.5,4.33,2026-02-05 20:15:35
3054,立萬利,31.45,63.27,59.87,K>D,60.83,0.65,0.74,-0.09,DIF<MACD,31.91,30.51,29.11,83.4,29,39,0.74,25.36,50.73,0.62,,,2026-02-05 20:15:36
3055,蔚華科,65.0,21.82,22.89,K<D,38.3,-1.53,-0.82,-0.71,DIF<MACD,77.03,71.21,65.38,-3.3,2178,1011,2.15,72.56,,,1.0,1.54,2026-02-05 20:15:37
3056,富華新,16.95,32.3,21.68,K>D,29.73,-0.32,-0.28,-0.03,DIF<MACD,18.22,17.36,16.5,26.2,964,1421,0.68,81.45,2.82,6.02,1.48,8.73,2026-02-05 20:15:38
3057,喬鼎,16.4,14.19,19.08,K<D,34.78,-0.63,-0.26,-0.37,DIF<MACD,20.9,18.37,15.84,11.0,225,457,0.49,9.89,41.0,,,,2026-02-05 20:15:40
3058,立德,10.15,24.67,26.94,K<D,49.32,-0.05,-0.03,-0.02,DIF<MACD,10.98,10.15,9.32,50.2,1696,1032,1.64,20.34,,,,,2026-02-05 20:15:41
3059,華晶科,38.4,15.99,21.76,K<D,44.11,-0.65,-0.29,-0.37,DIF<MACD,44.37,40.59,36.81,21.0,1532,2977,0.51,117.94,29.77,1.29,1.0,2.6,2026-02-05 20:15:42
3060,銘異,29.8,14.64,21.96,K<D,36.84,-0.28,0.3,-0.58,DIF<MACD,37.62,33.75,29.88,-1.0,6464,11842,0.55,40.99,,,0.35,1.17,2026-02-05 20:15:43
3062,建漢,25.15,24.18,34.67,K<D,47.66,0.36,0.48,-0.12,DIF<MACD,27.35,25.72,24.09,32.5,3014,3251,0.93,82.53,17.34,1.45,,,2026-02-05 20:15:44
3090,日電貿,92.5,18.43,13.62,K>D,34.85,-1.72,-0.37,-1.36,DIF<MACD,107.75,98.15,88.54,20.6,4171,2661,1.57,200.35,18.03,5.13,4.2,4.54,2026-02-05 20:15:45
3092,鴻碩,24.8,18.59,19.99,K<D,41.4,0.52,1.16,-0.64,DIF<MACD,29.9,26.37,22.84,27.7,543,633,0.86,26.42,,,,,2026-02-05 20:15:47
3094,聯傑,24.9,18.03,25.38,K<D,48.9,0.17,0.37,-0.2,DIF<MACD,27.53,25.56,23.59,33.3,185,229,0.81,20.7,95.77,0.26,0.17,0.68,2026-02-05 20:15:48
3130,一零四,223.0,44.79,29.22,K>D,37.5,-0.53,-0.58,0.05,黃金交叉,224.76,222.78,220.79,55.7,24,15,1.56,74.02,15.58,14.31,14.14,6.34,2026-02-05 20:15:49
3135,凌航,106.0,16.48,24.32,K<D,34.62,6.15,10.04,-3.89,DIF<MACD,137.36,117.1,96.84,22.6,1436,2539,0.57,81.77,53.81,1.97,1.32,1.25,2026-02-05 20:15:50
3138,耀登,184.0,63.59,68.0,K<D,63.48,17.72,18.12,-0.4,DIF<MACD,204.36,167.43,130.49,72.4,16835,7455,2.26,88.77,140.46,1.31,2.56,1.39,2026-02-05 20:15:51
3149,正達,50.8,18.44,33.79,K<D,58.84,3.41,4.29,-0.88,DIF<MACD,62.65,51.24,39.84,48.1,6417,8498,0.76,114.93,,,,,2026-02-05 20:15:52
3150,鈺寶-創,17.65,12.14,15.43,K<D,9.09,-0.59,-0.35,-0.25,DIF<MACD,21.28,19.24,17.21,10.8,59,83,0.71,7.83,117.67,0.15,1.0,5.67,2026-02-05 20:15:53
3164,景岳,17.95,43.94,55.83,K<D,47.5,-0.06,-0.04,-0.02,DIF<MACD,18.43,18.14,17.85,17.1,38,44,0.85,15.44,46.03,0.39,0.8,4.46,2026-02-05 20:15:55
3167,大量,208.5,22.74,27.7,K<D,40.12,-3.55,-0.94,-2.61,DIF<MACD,243.74,223.45,203.16,13.2,2430,3031,0.8,184.53,32.38,6.44,1.0,0.48,2026-02-05 20:15:56
3168,眾福科,39.5,14.76,11.58,黃金交叉,31.48,-0.69,-0.58,-0.11,DIF<MACD,42.22,40.64,39.06,13.8,11,15,0.71,29.66,15.49,2.55,3.04,7.7,2026-02-05 20:15:58
3189,景碩,263.5,86.99,85.85,K>D,72.15,25.53,20.97,4.56,DIF>MACD,276.37,212.48,148.58,89.9,56980,64699,0.88,1245.07,159.7,1.65,0.97,0.37,2026-02-05 20:15:59
3209,全科,35.45,62.7,48.96,K>D,70.79,0.49,0.35,0.14,DIF>MACD,34.97,33.5,32.03,116.4,3234,1378,2.35,83.45,15.35,2.31,2.48,7.0,2026-02-05 20:16:00
3229,晟鈦,22.7,37.71,28.25,K>D,34.4,-0.41,-0.2,-0.21,DIF<MACD,26.41,23.71,21.0,31.4,114,154,0.74,14.59,,,,,2026-02-05 20:16:01
3231,緯創,127.5,13.65,11.94,K>D,15.69,-4.53,-3.56,-0.97,DIF<MACD,150.13,136.72,123.32,15.6,32850,28765,1.14,4055.03,15.59,8.18,3.8,2.98,2026-02-05 20:16:02
3257,虹冠電,65.8,25.18,32.07,K<D,48.47,-0.03,0.5,-0.54,DIF<MACD,72.73,67.46,62.19,34.2,262,522,0.5,52.35,23.5,2.8,2.0,3.04,2026-02-05 20:16:03
3266,昇陽,13.65,23.45,25.68,K<D,37.04,-0.06,-0.03,-0.02,DIF<MACD,14.16,13.87,13.58,12.2,33,50,0.65,48.09,7.94,1.72,0.75,5.49,2026-02-05 20:16:05
3296,勝德,24.2,31.52,41.41,K<D,46.67,0.2,0.35,-0.15,DIF<MACD,25.63,24.53,23.43,34.9,121,96,1.27,23.41,20.34,1.19,,,2026-02-05 20:16:06
3305,昇貿,109.0,27.37,30.23,K<D,36.67,0.24,2.01,-1.77,DIF<MACD,129.75,117.67,105.6,14.1,4373,6239,0.7,141.59,35.05,3.11,2.25,2.06,2026-02-05 20:16:07
3308,聯德,23.8,53.78,38.46,K>D,49.5,0.94,1.22,-0.28,DIF<MACD,26.15,23.26,20.36,59.4,823,387,2.13,14.28,44.07,0.54,,,2026-02-05 20:16:08
3311,閎暉,31.8,20.21,26.11,K<D,32.65,0.09,0.32,-0.23,DIF<MACD,34.64,32.94,31.24,16.4,166,218,0.76,31.8,18.71,1.7,0.3,0.94,2026-02-05 20:16:10
3312,弘憶股,38.45,11.71,17.66,K<D,37.8,-0.01,0.53,-0.54,DIF<MACD,44.02,40.95,37.88,9.3,464,623,0.74,70.22,30.04,1.28,1.39,3.62,2026-02-05 20:16:11
3321,同泰,18.05,27.14,18.77,K>D,22.35,-0.37,-0.19,-0.19,DIF<MACD,21.2,18.99,16.78,28.8,849,481,1.76,15.54,,,,,2026-02-05 20:16:12
3338,泰碩,52.5,23.37,26.55,K<D,55.66,0.61,0.83,-0.22,DIF<MACD,57.57,51.96,46.34,54.8,319,402,0.79,45.58,21.88,2.4,2.01,3.83,2026-02-05 20:16:14
3346,麗清,21.6,28.43,36.17,K<D,50.35,0.56,0.71,-0.14,DIF<MACD,24.29,21.48,18.66,52.2,194,323,0.6,26.02,12.71,,1.21,5.6,2026-02-05 20:16:15
3356,奇偶,48.25,17.71,23.57,K<D,44.19,0.3,0.52,-0.23,DIF<MACD,51.12,48.87,46.62,36.2,243,262,0.93,38.57,9.05,5.33,4.0,8.29,2026-02-05 20:16:16
3376,新日興,204.0,20.21,20.27,K<D,41.36,-1.44,1.32,-2.75,DIF<MACD,239.04,219.32,199.61,11.1,5764,5677,1.02,399.36,71.33,2.86,6.0,2.94,2026-02-05 20:16:17
3380,明泰,31.1,20.76,33.69,K<D,39.38,0.18,0.57,-0.39,DIF<MACD,36.11,33.84,31.57,-10.4,3866,4595,0.84,168.47,34.56,,1.0,3.22,2026-02-05 20:16:18
3406,玉晶光,460.5,44.2,43.02,K>D,55.83,4.71,5.51,-0.8,DIF<MACD,472.58,458.73,444.87,56.4,716,656,1.09,519.18,15.09,30.51,18.0,3.91,2026-02-05 20:16:19
3413,京鼎,284.0,27.11,32.22,K<D,46.43,-0.09,-0.39,0.3,DIF>MACD,300.38,285.45,270.52,45.1,1238,1269,0.98,308.17,12.93,21.96,14.42,5.08,2026-02-05 20:16:21
3416,融程電,145.0,19.89,20.82,K<D,44.44,-1.17,-0.44,-0.73,DIF<MACD,156.98,149.3,141.62,22.0,153,203,0.76,115.63,20.86,6.95,5.5,3.79,2026-02-05 20:16:22
3419,譁裕,15.1,79.15,70.78,K>D,61.7,0.38,0.37,0.01,DIF>MACD,15.24,14.6,13.95,89.2,288,445,0.65,18.19,28.49,,,,2026-02-05 20:16:23
3432,台端,18.7,40.74,38.88,黃金交叉,54.44,0.81,0.97,-0.16,DIF<MACD,21.54,17.55,13.57,64.4,645,194,3.32,7.9,,,,,2026-02-05 20:16:24
3437,榮創,16.95,47.34,44.04,黃金交叉,61.11,0.42,0.37,0.05,黃金交叉,16.76,15.65,14.53,108.3,8657,4141,2.09,24.5,,,,,2026-02-05 20:16:25
3443,創意,2340.0,25.09,41.76,K<D,43.2,73.54,110.24,-36.69,DIF<MACD,2809.26,2566.75,2324.24,3.3,3967,4427,0.9,3135.86,88.94,26.31,16.0,0.68,2026-02-05 20:16:26
3447,展達,43.7,19.87,20.29,K<D,37.09,-1.44,-1.19,-0.25,DIF<MACD,49.28,46.05,42.83,13.4,131,337,0.39,33.85,23.12,1.89,0.8,1.83,2026-02-05 20:16:27
3450,聯鈞,254.0,43.66,42.15,K>D,52.15,-0.78,-0.94,0.16,DIF>MACD,263.98,254.2,244.42,49.0,16818,8583,1.96,370.03,44.1,5.76,0.5,0.2,2026-02-05 20:16:28
3454,晶睿,99.0,30.4,31.91,K<D,50.0,0.54,0.76,-0.22,DIF<MACD,99.17,98.98,98.79,55.3,93,105,0.89,85.7,81.15,1.22,2.3,2.32,2026-02-05 20:16:30
3481,群創,21.8,26.39,23.32,K>D,34.42,0.84,1.53,-0.69,DIF<MACD,28.5,23.65,18.8,30.9,600062,524260,1.14,1739.87,18.47,1.18,1.0,4.59,2026-02-05 20:16:31
3494,誠研,9.1,21.03,21.46,K<D,50.58,0.08,0.19,-0.11,DIF<MACD,10.62,9.31,7.99,42.1,195,187,1.04,8.63,,,,,2026-02-05 20:16:32
3501,維熹,51.5,16.91,17.69,K<D,28.76,0.4,0.95,-0.55,DIF<MACD,59.5,53.11,46.72,37.4,221,263,0.84,60.9,10.98,4.69,4.0,7.77,2026-02-05 20:16:33
3504,揚明光,54.4,20.42,22.83,K<D,45.8,0.57,0.96,-0.39,DIF<MACD,59.37,55.08,50.79,42.1,114,239,0.48,62.05,136.0,0.4,,,2026-02-05 20:16:34
3515,華擎,215.5,28.74,26.25,K>D,31.31,-7.11,-6.94,-0.17,DIF<MACD,243.79,227.62,211.46,12.5,382,448,0.85,266.24,14.84,14.52,5.3,2.46,2026-02-05 20:16:35
3518,柏騰,21.3,21.18,20.41,黃金交叉,47.71,-0.01,0.15,-0.16,DIF<MACD,23.21,21.76,20.3,34.3,95,199,0.48,21.36,,,,,2026-02-05 20:16:36
3528,安馳,68.5,44.12,47.2,K<D,45.14,0.13,0.21,-0.08,DIF<MACD,71.32,69.1,66.89,36.4,116,141,0.82,45.64,61.71,1.11,3.0,4.38,2026-02-05 20:16:38
3530,晶相光,63.1,8.56,9.68,K<D,22.94,-2.27,-0.72,-1.55,DIF<MACD,82.15,72.04,61.93,5.8,126,425,0.3,48.89,17.34,,,,2026-02-05 20:16:39
3532,台勝科,134.0,25.44,38.63,K<D,50.35,7.98,10.13,-2.15,DIF<MACD,158.07,136.97,115.88,42.9,3986,3878,1.03,519.72,74.03,1.81,1.8,1.34,2026-02-05 20:16:40
3533,嘉澤,1570.0,70.97,69.62,K>D,62.99,63.43,48.47,14.96,DIF>MACD,1623.77,1455.5,1287.23,84.0,2331,2687,0.87,1761.94,20.57,76.32,41.72,2.66,2026-02-05 20:16:41
3535,晶彩科,109.0,53.3,39.85,黃金交叉,58.78,2.62,2.91,-0.29,DIF<MACD,114.18,99.16,84.14,82.8,18043,8087,2.23,86.17,495.45,,0.5,0.46,2026-02-05 20:16:42
3543,州巧,42.8,9.73,17.84,K<D,47.78,-0.21,0.39,-0.6,DIF<MACD,51.11,46.0,40.89,18.7,1492,1975,0.76,46.76,,,0.48,1.12,2026-02-05 20:16:44
3545,敦泰,52.8,19.9,30.78,K<D,49.62,0.22,0.62,-0.39,DIF<MACD,57.77,54.43,51.1,25.5,999,980,1.02,114.95,22.37,2.36,1.74,3.3,2026-02-05 20:16:45
3550,聯穎,17.05,47.62,49.07,K<D,62.93,0.58,0.53,0.05,DIF>MACD,17.34,15.88,14.43,90.1,2979,7037,0.42,18.34,,,,,2026-02-05 20:16:46
3557,嘉威,34.1,7.52,10.03,K<D,6.76,-0.63,-0.34,-0.29,DIF<MACD,38.71,36.01,33.31,14.6,49,66,0.76,28.75,42.1,0.81,2.5,7.33,2026-02-05 20:16:47
3563,牧德,505.0,38.88,28.96,K>D,57.26,-3.57,-3.71,0.14,黃金交叉,511.66,490.55,469.44,84.2,3408,1160,2.94,323.0,34.35,14.7,5.55,1.1,2026-02-05 20:16:48
3576,聯合再生,14.85,88.43,75.63,K>D,81.02,1.12,0.85,0.28,DIF>MACD,13.66,11.06,8.46,122.8,59389,37876,1.57,241.57,11.42,,,,2026-02-05 20:16:49
3583,辛耘,315.0,15.63,22.72,K<D,42.45,-3.1,-1.02,-2.07,DIF<MACD,351.66,331.27,310.89,10.1,414,505,0.82,253.05,25.06,12.57,4.5,1.43,2026-02-05 20:16:50
3588,通嘉,53.0,24.66,33.4,K<D,52.12,0.8,1.21,-0.41,DIF<MACD,57.21,53.43,49.65,44.3,578,614,0.94,32.87,98.15,0.54,1.2,2.26,2026-02-05 20:16:52
3591,艾笛森,19.35,24.86,24.72,黃金交叉,27.71,0.12,0.27,-0.15,DIF<MACD,21.57,19.65,17.73,42.1,305,429,0.71,27.4,387.0,0.05,0.74,3.82,2026-02-05 20:16:53
3592,瑞鼎,223.5,22.85,36.92,K<D,49.28,1.14,2.47,-1.33,DIF<MACD,244.18,230.1,216.02,26.6,429,554,0.77,169.54,11.62,19.24,22.2,9.93,2026-02-05 20:16:54
3593,力銘,12.3,52.62,48.67,K>D,54.22,-0.06,-0.1,0.04,DIF>MACD,13.1,12.36,11.63,45.7,7,12,0.59,7.48,,,,,2026-02-05 20:16:55
3596,智易,178.0,31.1,34.5,K<D,56.25,0.29,-0.04,0.33,DIF>MACD,185.53,178.07,170.62,49.5,1287,1038,1.24,392.23,14.35,12.4,7.5,4.21,2026-02-05 20:16:56
3605,宏致,61.8,22.92,37.75,K<D,48.76,0.54,0.74,-0.19,DIF<MACD,68.16,63.76,59.36,27.7,2028,2087,0.97,100.33,14.68,4.21,0.72,1.17,2026-02-05 20:16:57
3607,谷崧,14.35,27.45,27.97,K<D,42.86,-0.0,0.11,-0.11,DIF<MACD,15.69,14.75,13.8,28.9,182,235,0.77,17.46,29.29,0.49,0.7,4.88,2026-02-05 20:16:58
3617,碩天,193.0,58.16,44.67,K>D,53.85,-2.61,-3.38,0.77,DIF>MACD,197.86,191.5,185.14,61.8,163,311,0.53,181.74,10.37,18.61,15.0,7.77,2026-02-05 20:16:59
3622,洋華,62.5,11.4,18.34,K<D,38.99,-0.36,0.28,-0.64,DIF<MACD,71.15,66.7,62.24,2.9,599,545,1.1,94.58,11.1,5.63,3.0,4.8,2026-02-05 20:17:01
3645,達邁,58.4,14.51,30.12,K<D,46.67,1.47,2.62,-1.14,DIF<MACD,74.64,62.31,49.99,34.1,2482,3666,0.68,79.86,51.68,1.13,1.19,2.04,2026-02-05 20:17:02
3652,精聯,28.55,39.77,38.15,黃金交叉,41.18,-0.1,-0.06,-0.04,DIF<MACD,29.23,28.66,28.1,39.7,22,35,0.63,21.44,21.31,1.34,0.6,2.1,2026-02-05 20:17:03
3653,健策,3000.0,79.66,82.17,K<D,71.85,115.59,59.39,56.2,DIF>MACD,3197.64,2679.5,2161.36,80.9,1381,1825,0.76,4346.1,89.31,33.59,14.5,0.48,2026-02-05 20:17:05
3661,世芯-KY,3245.0,34.81,30.15,K>D,46.52,-37.63,-21.15,-16.49,DIF<MACD,3673.38,3378.75,3084.12,27.3,2726,2169,1.26,2628.94,43.98,73.79,36.74,1.13,2026-02-05 20:17:06
3665,貿聯-KY,1260.0,29.66,38.42,K<D,40.91,-38.15,-31.45,-6.69,DIF<MACD,1507.45,1383.0,1258.55,0.6,3759,3405,1.1,2456.5,32.65,38.59,10.51,0.83,2026-02-05 20:17:07
3669,圓展,37.2,26.7,20.36,K>D,33.84,0.54,1.15,-0.61,DIF<MACD,42.18,38.59,35.0,30.6,111,91,1.21,34.57,70.19,0.53,1.7,4.57,2026-02-05 20:17:08
3673,TPK-KY,38.2,10.52,11.71,K<D,23.16,-0.89,-0.4,-0.49,DIF<MACD,45.52,41.45,37.39,10.0,1439,1524,0.94,155.35,18.19,2.1,0.8,2.09,2026-02-05 20:17:09
3679,新至陞,113.0,19.86,30.5,K<D,46.43,-0.19,-0.14,-0.05,DIF<MACD,116.21,114.17,112.14,21.1,12,31,0.41,71.22,10.01,11.29,10.0,8.85,2026-02-05 20:17:11
3686,達能,23.3,79.3,67.2,K>D,76.97,0.84,0.42,0.42,DIF>MACD,22.49,19.68,16.87,114.4,2867,2730,1.05,17.82,,,,,2026-02-05 20:17:12
3694,海華,59.2,16.31,20.86,K<D,47.3,-0.52,-0.21,-0.31,DIF<MACD,65.51,61.09,56.68,28.6,895,1254,0.71,91.75,14.69,4.03,1.48,2.5,2026-02-05 20:17:13
3701,大眾控,53.5,46.92,44.84,K>D,44.11,2.2,2.83,-0.63,DIF<MACD,59.48,55.0,50.53,33.2,4657,7374,0.63,126.54,53.5,1.0,0.2,0.37,2026-02-05 20:17:14
3702,大聯大,63.1,37.48,48.74,K<D,41.46,0.49,0.61,-0.12,DIF<MACD,65.59,64.19,62.79,11.0,3872,4995,0.78,1059.48,12.83,4.92,3.2,5.07,2026-02-05 20:17:15
3703,欣陸,22.85,29.25,22.53,K>D,34.04,-0.05,0.04,-0.09,DIF<MACD,24.12,23.18,22.25,32.2,597,737,0.81,188.1,29.68,0.77,1.05,4.6,2026-02-05 20:17:16
3704,合勤控,34.7,20.16,36.85,K<D,57.99,0.69,0.93,-0.24,DIF<MACD,41.0,35.89,30.78,38.3,3625,3392,1.07,140.37,14.52,2.39,0.3,0.86,2026-02-05 20:17:17
3705,永信,56.1,29.37,23.4,黃金交叉,32.5,-0.28,-0.13,-0.14,DIF<MACD,58.03,56.68,55.34,28.2,204,639,0.32,149.43,15.37,3.65,3.0,5.35,2026-02-05 20:17:19
3706,神達,77.2,18.34,15.26,K>D,32.77,-2.32,-1.82,-0.49,DIF<MACD,89.08,82.46,75.83,10.4,7115,9497,0.75,1024.61,17.23,4.48,1.0,1.3,2026-02-05 20:17:20
3708,上緯投控,113.0,24.42,29.01,K<D,39.39,0.31,1.56,-1.25,DIF<MACD,128.32,118.62,108.93,21.0,984,1085,0.91,119.04,68.48,1.65,2.35,2.08,2026-02-05 20:17:21
3711,日月光投控,284.0,35.06,47.26,K<D,40.0,9.77,13.34,-3.57,DIF<MACD,318.63,297.62,276.62,17.6,39674,22281,1.78,12391.49,36.55,7.77,5.3,1.87,2026-02-05 20:17:22
3712,永崴投控,26.0,21.46,23.37,K<D,46.31,-0.02,0.08,-0.11,DIF<MACD,28.23,26.37,24.51,40.0,589,599,0.98,64.02,,,3.0,11.54,2026-02-05 20:17:23
3714,富采,37.15,45.3,41.59,黃金交叉,60.32,0.58,0.59,-0.01,DIF<MACD,37.86,35.88,33.9,82.0,6507,4585,1.42,273.19,,,0.9,2.42,2026-02-05 20:17:24
3715,定穎投控,151.0,62.49,58.25,K>D,61.38,6.64,6.22,0.42,DIF>MACD,157.3,141.32,125.35,80.3,38665,31347,1.23,428.2,45.9,3.29,1.5,0.99,2026-02-05 20:17:26
3716,中化控股,33.95,45.5,49.2,K<D,48.0,0.06,0.06,-0.0,DIF<MACD,34.19,33.86,33.52,64.1,84,68,1.22,49.76,12.96,2.62,1.02,3.0,2026-02-05 20:17:27
3717,聯嘉投控,17.55,14.97,17.99,K<D,22.22,-0.04,0.16,-0.21,DIF<MACD,20.18,18.17,16.16,34.7,385,500,0.77,36.48,,,0.3,1.71,2026-02-05 20:17:28
4104,佳醫,76.2,24.28,29.89,K<D,23.33,-0.92,-0.68,-0.25,DIF<MACD,80.97,78.7,76.44,-5.3,229,447,0.51,143.54,16.6,4.59,3.56,4.67,2026-02-05 20:17:29
4106,雃博,23.45,42.62,45.16,K<D,59.18,0.27,0.28,-0.01,DIF<MACD,23.83,23.02,22.22,76.5,52,58,0.89,23.66,16.99,1.38,0.8,3.41,2026-02-05 20:17:30
4108,懷特,13.9,22.59,31.5,K<D,49.25,0.05,0.08,-0.03,DIF<MACD,14.72,14.02,13.32,41.4,64,139,0.47,27.61,,,,,2026-02-05 20:17:31
4119,旭富,52.3,34.01,38.13,K<D,41.89,0.52,0.78,-0.26,DIF<MACD,54.66,52.67,50.67,40.9,62,106,0.59,62.5,53.37,0.98,1.5,2.87,2026-02-05 20:17:32
4133,亞諾法,26.05,48.0,56.04,K<D,59.05,0.88,0.81,0.07,DIF>MACD,28.32,24.94,21.55,66.5,146,520,0.28,15.77,651.25,0.04,0.9,3.45,2026-02-05 20:17:34
4137,麗豐-KY,104.0,21.75,27.82,K<D,40.91,0.45,0.9,-0.44,DIF<MACD,107.59,104.78,101.96,36.3,156,112,1.39,85.79,18.31,5.68,10.0,9.62,2026-02-05 20:17:35
4142,國光生,18.65,7.72,11.74,K<D,25.97,-0.23,-0.06,-0.17,DIF<MACD,21.14,19.72,18.3,12.4,1481,2584,0.57,78.61,5.52,,,,2026-02-05 20:17:36
4148,全宇生技-KY,37.3,20.18,20.72,K<D,33.33,-0.32,-0.23,-0.09,DIF<MACD,39.61,38.41,37.22,3.5,12,18,0.71,25.08,18.56,2.01,0.5,1.34,2026-02-05 20:17:37
4155,訊映,14.4,19.16,26.37,K<D,31.82,-0.06,-0.03,-0.03,DIF<MACD,14.94,14.65,14.36,6.4,105,131,0.8,20.74,30.64,0.47,0.3,2.08,2026-02-05 20:17:39
4164,承業醫,32.85,14.94,18.25,K<D,20.69,-1.06,-0.9,-0.16,DIF<MACD,37.3,34.98,32.67,3.9,810,1101,0.74,64.16,37.33,0.88,1.36,4.14,2026-02-05 20:17:40
4190,佐登-KY,29.15,5.73,11.26,K<D,35.0,-0.2,-0.16,-0.04,DIF<MACD,30.15,29.64,29.14,1.2,25,26,0.94,17.4,21.59,,0.5,1.72,2026-02-05 20:17:41
4306,炎洲,13.6,19.51,15.85,黃金交叉,40.54,-0.16,-0.1,-0.06,DIF<MACD,14.44,13.86,13.27,28.1,739,669,1.1,89.48,61.82,0.22,1.0,7.35,2026-02-05 20:17:42
4414,如興,10.2,20.43,17.21,K>D,22.58,-0.24,-0.18,-0.06,DIF<MACD,11.37,10.64,9.9,20.6,116,283,0.41,26.91,4.95,2.06,,,2026-02-05 20:17:43
4426,利勤,9.48,21.43,30.88,K<D,55.63,0.0,-0.01,0.01,DIF>MACD,9.99,9.44,8.88,53.6,61,101,0.61,16.37,,,,,2026-02-05 20:17:44
4438,廣越,68.5,25.41,18.65,K>D,30.91,-2.12,-2.06,-0.06,DIF<MACD,75.43,70.77,66.1,25.7,58,75,0.78,77.18,27.4,2.5,3.2,4.67,2026-02-05 20:17:46
4439,冠星-KY,103.5,57.83,46.85,K>D,52.63,0.1,0.0,0.1,DIF>MACD,105.26,102.55,99.84,67.5,24,22,1.05,39.37,19.42,5.33,2.0,1.93,2026-02-05 20:17:47
4440,宜新實業,17.15,25.11,26.52,K<D,28.57,-0.12,-0.1,-0.02,DIF<MACD,17.74,17.38,17.02,18.0,30,64,0.46,11.59,18.85,0.91,1.6,9.33,2026-02-05 20:17:48
4441,振大環球,251.0,18.53,24.58,K<D,39.84,-0.47,1.84,-2.3,DIF<MACD,282.21,260.77,239.34,27.2,95,63,1.52,170.73,19.81,12.67,9.15,3.65,2026-02-05 20:17:49
4526,東台,36.1,43.43,34.09,黃金交叉,51.0,0.57,0.88,-0.31,DIF<MACD,38.84,34.98,31.12,64.5,23449,7146,3.28,90.91,59.18,0.61,,,2026-02-05 20:17:50
4532,瑞智,25.95,54.9,51.95,黃金交叉,63.64,0.36,0.37,-0.01,DIF<MACD,26.55,25.39,24.22,74.2,754,983,0.77,125.86,12.48,2.08,1.5,5.78,2026-02-05 20:17:51
4536,拓凱,160.0,34.42,27.16,K>D,21.95,-1.39,-0.76,-0.63,DIF<MACD,171.03,163.18,155.32,29.8,146,227,0.64,145.31,8.51,18.81,11.0,6.88,2026-02-05 20:17:52
4540,全球傳動,45.8,27.96,43.49,K<D,63.8,2.75,3.07,-0.32,DIF<MACD,55.48,44.62,33.76,55.4,1609,2326,0.69,52.76,,,,,2026-02-05 20:17:54
4545,銘鈺,34.15,13.07,13.55,K<D,36.86,-0.73,-0.3,-0.43,DIF<MACD,39.85,36.88,33.92,3.9,175,486,0.36,26.3,341.5,0.1,1.65,4.83,2026-02-05 20:17:55
4551,智伸科,117.5,39.7,37.17,K>D,42.47,0.22,0.61,-0.4,DIF<MACD,127.0,120.58,114.15,26.1,463,390,1.18,135.39,16.57,7.09,4.2,3.57,2026-02-05 20:17:56
4552,力達-KY,23.55,22.37,22.38,K<D,38.0,-0.07,0.05,-0.12,DIF<MACD,24.72,23.91,23.09,28.3,46,83,0.56,27.32,11.89,1.98,1.0,4.25,2026-02-05 20:17:58
4555,氣立,38.4,14.29,22.47,K<D,40.94,-0.25,-0.02,-0.23,DIF<MACD,41.79,39.77,37.75,16.1,34,94,0.37,26.68,109.71,,0.5,1.3,2026-02-05 20:17:59
4557,永新-KY,68.6,13.06,10.08,K>D,16.42,-2.3,-1.59,-0.71,DIF<MACD,81.88,73.77,65.66,18.1,35,99,0.36,32.91,236.55,0.29,6.5,9.48,2026-02-05 20:18:00
4560,強信-KY,31.9,35.24,32.92,K>D,23.26,-0.17,-0.1,-0.07,DIF<MACD,33.36,32.44,31.52,20.5,171,258,0.66,21.72,11.19,2.85,1.2,3.76,2026-02-05 20:18:01
4562,穎漢,37.1,10.73,20.31,K<D,39.79,0.18,0.67,-0.49,DIF<MACD,43.28,39.42,35.57,19.9,329,377,0.87,32.48,,,,,2026-02-05 20:18:03
4564,元翎,17.3,66.16,53.49,K>D,50.56,0.01,-0.03,0.04,DIF>MACD,17.84,17.1,16.36,63.5,1197,1233,0.97,40.27,,,,,2026-02-05 20:18:04
4566,時碩工業,59.0,36.84,36.04,黃金交叉,41.54,0.34,0.71,-0.37,DIF<MACD,63.02,59.34,55.66,45.4,439,401,1.1,64.87,118.0,0.5,1.5,2.54,2026-02-05 20:18:05
4569,六方科-KY,140.0,12.91,12.62,K>D,17.39,-2.59,-1.54,-1.05,DIF<MACD,156.96,147.85,138.74,6.9,11,17,0.65,42.55,31.32,4.47,5.71,4.08,2026-02-05 20:18:06
4571,鈞興-KY,176.0,37.76,50.12,K<D,51.05,4.51,4.76,-0.26,DIF<MACD,196.3,176.43,156.55,48.9,460,766,0.6,91.38,18.22,9.66,5.18,2.94,2026-02-05 20:18:07
4572,駐龍,146.0,36.42,28.03,K>D,30.43,-1.56,-1.18,-0.38,DIF<MACD,153.82,148.9,143.98,20.5,19,39,0.48,58.4,41.01,3.56,4.74,3.25,2026-02-05 20:18:09
4576,大銀微系統,112.5,23.68,32.51,K<D,33.73,1.26,2.84,-1.58,DIF<MACD,131.24,118.72,106.21,25.1,671,1175,0.57,134.78,69.88,1.61,0.2,0.18,2026-02-05 20:18:10
4581,光隆精密-KY,51.0,26.88,24.77,黃金交叉,29.63,-0.24,-0.14,-0.1,DIF<MACD,53.02,51.66,50.31,25.5,4,16,0.24,17.29,11.28,4.52,3.2,6.27,2026-02-05 20:18:11
4583,台灣精銳,692.0,17.6,35.45,K<D,39.0,15.51,26.58,-11.07,DIF<MACD,821.68,747.1,672.52,13.1,363,377,0.96,554.79,62.79,11.02,12.0,1.73,2026-02-05 20:18:12
4585,達明,363.0,42.19,49.61,K<D,56.1,9.03,8.33,0.7,DIF>MACD,395.66,355.07,314.49,59.8,399,753,0.53,379.73,288.1,1.26,,,2026-02-05 20:18:13
4588,玖鼎電力,66.6,22.13,25.74,K<D,46.3,1.18,1.47,-0.29,DIF<MACD,73.82,67.09,60.36,46.4,74,92,0.8,28.63,19.65,3.39,3.0,4.5,2026-02-05 20:18:14
4590,富田-創,80.0,13.03,23.42,K<D,21.0,-1.9,-0.13,-1.77,DIF<MACD,100.05,90.05,80.05,-0.3,178,401,0.44,43.87,123.08,0.65,3.0,3.75,2026-02-05 20:18:16
4720,德淵,16.1,29.07,22.73,K>D,25.37,0.01,0.21,-0.2,DIF<MACD,18.19,16.94,15.7,16.1,450,619,0.73,18.44,19.17,0.84,1.0,6.21,2026-02-05 20:18:17
4722,國精化,155.5,20.8,19.09,K>D,40.78,-3.9,-2.87,-1.03,DIF<MACD,174.36,163.18,151.99,15.7,491,1111,0.44,158.38,87.85,1.77,1.4,0.9,2026-02-05 20:18:18
4736,泰博,131.0,35.96,53.53,K<D,58.7,2.2,2.37,-0.17,DIF<MACD,137.49,129.55,121.61,59.1,66,185,0.36,124.94,8.76,14.96,10.0,7.63,2026-02-05 20:18:19
4737,華廣,52.6,30.49,35.71,K<D,40.0,-1.23,-1.12,-0.11,DIF<MACD,56.71,54.12,51.53,20.7,133,207,0.64,35.74,16.86,,,,2026-02-05 20:18:20
4739,康普,64.5,10.45,16.5,K<D,32.85,-0.87,0.4,-1.27,DIF<MACD,80.38,72.02,63.66,5.0,1270,1074,1.18,80.4,92.14,0.7,0.94,1.46,2026-02-05 20:18:21
4746,台耀,57.9,32.77,32.96,K<D,43.54,-0.6,-0.52,-0.08,DIF<MACD,61.7,59.06,56.43,27.9,731,1026,0.71,69.63,27.44,2.11,3.0,5.18,2026-02-05 20:18:22
4755,三福化,126.0,51.0,46.3,K>D,65.31,3.92,4.35,-0.43,DIF<MACD,132.73,123.03,113.32,65.3,520,294,1.77,126.89,37.61,3.35,3.5,2.78,2026-02-05 20:18:23
4763,材料*-KY,53.2,51.72,36.44,K>D,62.5,-0.34,-0.65,0.31,DIF>MACD,53.41,51.15,48.88,95.4,18090,10748,1.68,526.23,6.63,8.02,5.41,10.17,2026-02-05 20:18:25
4764,雙鍵,109.0,19.96,24.09,K<D,30.39,0.85,3.41,-2.57,DIF<MACD,134.23,121.0,107.77,4.6,1838,2024,0.91,93.24,115.96,0.94,,,2026-02-05 20:18:26
4766,南寶,309.5,23.26,21.24,黃金交叉,36.05,-3.52,-2.32,-1.2,DIF<MACD,330.62,317.62,304.63,18.7,201,351,0.57,373.16,14.54,21.29,19.0,6.14,2026-02-05 20:18:27
4770,上品,238.5,27.5,39.63,K<D,61.82,1.68,2.15,-0.48,DIF<MACD,259.92,240.93,221.93,43.6,472,612,0.77,190.74,17.18,13.88,12.0,5.03,2026-02-05 20:18:28
4771,望隼,181.5,51.75,46.4,K>D,58.97,0.48,0.24,0.24,黃金交叉,181.17,177.47,173.78,104.5,640,174,3.68,106.23,14.91,12.17,5.52,3.04,2026-02-05 20:18:30
4807,日成-KY,17.9,15.66,18.54,K<D,50.0,-0.04,-0.02,-0.02,DIF<MACD,18.38,18.01,17.64,35.4,20,10,1.9,6.87,447.5,0.04,,,2026-02-05 20:18:31
4904,遠傳,91.1,62.01,49.85,K>D,50.0,0.29,0.21,0.09,DIF>MACD,91.47,89.87,88.27,88.5,5594,6845,0.82,3286.0,24.23,3.76,3.56,3.91,2026-02-05 20:18:32
4906,正文,27.35,34.25,46.6,K<D,51.35,0.21,0.24,-0.03,DIF<MACD,29.14,27.96,26.78,24.2,5204,5138,1.01,116.99,15.19,,1.5,5.48,2026-02-05 20:18:33
4912,聯德控股-KY,90.4,25.05,28.01,K<D,49.47,-0.01,1.01,-1.02,DIF<MACD,102.97,93.44,83.9,34.1,331,554,0.6,60.65,20.59,4.39,1.21,1.34,2026-02-05 20:18:34
4915,致伸,77.3,31.29,35.82,K<D,39.13,-0.35,-0.15,-0.2,DIF<MACD,81.21,79.12,77.03,6.4,1090,2323,0.47,364.22,13.66,5.66,4.2,5.43,2026-02-05 20:18:36
4916,事欣科,62.2,23.48,33.22,K<D,52.17,1.88,2.42,-0.54,DIF<MACD,69.46,63.9,58.34,34.7,8317,9262,0.9,76.58,36.59,1.7,0.38,0.61,2026-02-05 20:18:37
4919,新唐,59.6,24.14,37.43,K<D,55.35,1.77,1.95,-0.18,DIF<MACD,64.7,58.58,52.45,58.4,4072,4752,0.86,250.18,20.34,,0.4,0.67,2026-02-05 20:18:38
4927,泰鼎-KY,33.0,27.81,19.34,K>D,26.58,-0.11,0.57,-0.68,DIF<MACD,40.48,35.43,30.37,26.0,5830,6417,0.91,87.43,4.12,,,,2026-02-05 20:18:39
4930,燦星網,21.85,36.19,25.15,K>D,23.08,-0.1,-0.05,-0.05,DIF<MACD,22.73,22.07,21.41,33.3,48,62,0.77,17.48,17.62,1.24,1.6,7.32,2026-02-05 20:18:40
4934,太極,18.25,56.23,46.56,K>D,66.67,0.71,0.59,0.12,DIF>MACD,18.19,15.77,13.35,101.2,8879,4503,1.97,41.06,,,,,2026-02-05 20:18:42
4935,茂林-KY,38.95,16.94,18.89,K<D,23.38,-0.44,-0.28,-0.17,DIF<MACD,41.69,40.28,38.86,3.1,26,86,0.3,50.19,18.64,2.09,2.2,5.65,2026-02-05 20:18:43
4938,和碩,69.5,31.82,41.14,K<D,39.02,-0.12,-0.04,-0.07,DIF<MACD,71.71,70.14,68.57,29.6,4834,5955,0.81,1864.14,14.48,4.8,4.5,6.47,2026-02-05 20:18:44
4942,嘉彰,37.45,36.85,26.25,K>D,25.81,-0.42,-0.33,-0.09,DIF<MACD,39.61,38.22,36.82,22.6,34,109,0.31,53.32,12.36,3.03,2.0,5.34,2026-02-05 20:18:45
4943,康控-KY,11.4,30.69,32.51,K<D,43.02,-0.32,-0.33,0.0,DIF>MACD,12.65,12.03,11.42,-1.4,23,14,1.64,14.44,0.94,,,,2026-02-05 20:18:46
4949,有成精密,51.5,67.87,63.18,黃金交叉,74.49,2.64,2.21,0.43,DIF>MACD,52.36,43.91,35.45,94.9,5176,2588,2.0,34.59,25.62,2.01,1.1,2.14,2026-02-05 20:18:47
4952,凌通,40.5,46.65,52.2,K<D,63.75,1.06,0.96,0.1,DIF>MACD,42.12,38.53,34.94,77.4,581,395,1.47,44.07,36.82,1.1,2.25,5.56,2026-02-05 20:18:48
4956,光鋐,26.05,80.72,70.05,K>D,76.04,0.93,0.47,0.45,DIF>MACD,24.85,21.75,18.64,119.2,16548,9648,1.72,26.16,15.23,,,,2026-02-05 20:18:49
4958,臻鼎-KY,190.0,72.24,68.95,K>D,57.69,10.47,8.45,2.02,DIF>MACD,198.3,171.97,145.65,84.2,50643,57697,0.88,1976.38,21.49,8.84,4.8,2.53,2026-02-05 20:18:50
4960,誠美材,14.8,45.96,31.91,K>D,64.81,0.1,0.04,0.06,黃金交叉,14.66,13.85,13.04,108.4,26567,7374,3.6,83.73,,,,,2026-02-05 20:18:52
4961,天鈺,144.5,22.4,26.59,K<D,44.71,0.15,1.34,-1.19,DIF<MACD,157.23,149.68,142.12,15.8,639,525,1.22,175.21,12.14,11.9,12.87,8.91,2026-02-05 20:18:53
4967,十銓,227.0,42.94,56.24,K<D,58.08,15.52,17.39,-1.87,DIF<MACD,259.67,218.55,177.43,60.3,7592,13589,0.56,192.87,79.09,2.87,3.0,1.32,2026-02-05 20:18:54
4968,立積,129.0,44.11,31.63,黃金交叉,57.89,-1.94,-2.2,0.26,黃金交叉,130.95,123.35,115.75,87.2,3022,1514,2.0,118.95,60.56,2.13,1.1,0.85,2026-02-05 20:18:55
4976,佳凌,30.65,23.36,27.68,K<D,47.91,0.01,0.18,-0.17,DIF<MACD,33.73,31.31,28.88,36.5,878,1192,0.74,43.02,20.3,,,,2026-02-05 20:18:56
4977,眾達-KY,135.5,60.69,58.43,K>D,67.35,1.48,0.18,1.3,DIF>MACD,140.01,126.8,113.59,82.9,16549,8490,1.95,106.73,24.07,5.63,2.25,1.66,2026-02-05 20:18:58
4989,榮科,49.9,13.54,21.39,K<D,27.86,0.29,2.11,-1.82,DIF<MACD,69.44,57.76,46.09,16.3,9380,11005,0.85,68.75,,,,,2026-02-05 20:18:59
4994,傳奇,101.5,25.93,40.9,K<D,42.86,1.03,1.53,-0.5,DIF<MACD,105.97,103.22,100.48,18.6,11,16,0.66,67.38,36.91,2.75,9.0,8.87,2026-02-05 20:19:00
4999,鑫禾,24.0,44.37,38.76,黃金交叉,49.02,0.05,0.06,-0.01,DIF<MACD,24.32,23.85,23.39,65.8,63,45,1.38,17.67,17.91,,1.0,4.17,2026-02-05 20:19:01
5007,三星,59.3,54.91,61.57,K<D,71.59,1.1,0.86,0.23,DIF>MACD,60.69,57.13,53.57,80.5,49,194,0.25,174.9,21.8,2.72,3.0,5.06,2026-02-05 20:19:03
5203,訊連,83.0,25.18,25.02,K>D,29.41,-1.74,-1.62,-0.12,DIF<MACD,90.16,86.38,82.6,5.3,127,295,0.43,65.72,22.99,3.61,3.9,4.7,2026-02-05 20:19:04
5215,科嘉-KY,37.6,52.76,55.85,K<D,55.68,0.49,0.56,-0.06,DIF<MACD,39.41,37.4,35.38,55.1,61,46,1.31,24.19,16.42,2.29,2.5,6.65,2026-02-05 20:19:05
5222,全訊,136.0,28.67,32.63,K<D,50.0,1.25,2.33,-1.08,DIF<MACD,153.5,140.57,127.65,32.3,1280,1158,1.11,123.69,47.72,2.85,3.64,2.68,2026-02-05 20:19:06
5225,東科-KY,96.5,6.4,12.19,K<D,25.0,-1.38,-0.23,-1.15,DIF<MACD,111.98,103.07,94.16,13.2,276,513,0.54,75.36,8.23,11.72,10.39,10.77,2026-02-05 20:19:07
5234,達興材料,350.5,56.37,41.15,K>D,46.32,-2.09,-2.41,0.32,黃金交叉,373.37,346.35,319.33,57.7,1856,988,1.88,360.02,49.65,7.06,5.0,1.43,2026-02-05 20:19:08
5243,乙盛-KY,84.8,41.11,42.37,K<D,52.04,1.27,1.25,0.01,DIF>MACD,89.53,84.25,78.98,55.2,2523,2818,0.9,142.91,19.54,4.34,1.5,1.77,2026-02-05 20:19:10
5244,弘凱,38.15,24.49,25.83,K<D,41.48,-0.48,-0.38,-0.1,DIF<MACD,40.3,38.8,37.29,28.5,95,132,0.72,26.03,28.9,1.32,1.5,3.93,2026-02-05 20:19:11
5258,虹堡,56.3,10.05,9.5,K>D,20.0,-2.77,-2.41,-0.35,DIF<MACD,67.01,60.9,54.78,12.4,374,512,0.73,61.69,17.16,3.28,2.52,4.48,2026-02-05 20:19:12
5269,祥碩,1255.0,29.1,39.52,K<D,46.09,11.69,19.06,-7.38,DIF<MACD,1426.1,1318.75,1211.4,20.3,1915,1059,1.81,938.45,19.34,64.88,30.0,2.39,2026-02-05 20:19:13
5283,禾聯碩,60.3,41.96,46.14,K<D,46.15,-0.14,-0.17,0.03,DIF>MACD,61.59,60.29,58.98,50.6,51,69,0.74,52.82,11.92,5.06,0.5,0.83,2026-02-05 20:19:14
5284,jpp-KY,260.5,43.85,49.45,K<D,44.09,-4.02,-4.27,0.25,DIF>MACD,278.64,269.8,260.96,-2.6,944,832,1.13,137.01,24.3,10.72,1.48,0.57,2026-02-05 20:19:15
5285,界霖,53.3,32.58,44.38,K<D,56.45,0.91,1.04,-0.13,DIF<MACD,57.45,53.15,48.85,51.7,238,291,0.82,54.39,28.97,1.84,2.0,3.75,2026-02-05 20:19:17
5288,豐祥-KY,139.5,23.97,21.63,K>D,14.04,-0.66,1.32,-1.97,DIF<MACD,162.4,148.6,134.8,17.0,136,166,0.82,97.3,9.53,14.64,8.51,6.1,2026-02-05 20:19:18
5292,華懋,189.0,14.85,23.18,K<D,44.6,5.85,9.47,-3.62,DIF<MACD,223.65,196.9,170.15,35.2,80,120,0.67,79.58,19.57,9.66,4.09,2.16,2026-02-05 20:19:19
5306,桂盟,93.3,44.93,34.26,K>D,48.68,0.59,0.83,-0.25,DIF<MACD,96.72,92.63,88.55,58.1,165,113,1.46,117.56,12.64,7.38,4.14,4.44,2026-02-05 20:19:20
5388,中磊,83.7,41.58,50.75,K<D,64.09,1.08,0.77,0.31,DIF>MACD,87.04,81.91,76.78,67.4,4580,7395,0.62,250.55,17.7,4.73,4.6,5.5,2026-02-05 20:19:21
5434,崇越,325.0,51.91,52.28,K<D,41.35,5.34,6.15,-0.81,DIF<MACD,343.72,324.6,305.48,51.0,487,563,0.87,621.86,16.33,19.9,11.99,3.69,2026-02-05 20:19:22
5469,瀚宇博,97.7,38.84,39.74,K<D,46.54,0.91,1.32,-0.41,DIF<MACD,107.02,100.05,93.09,33.1,8065,7407,1.09,470.24,15.01,6.51,2.52,2.58,2026-02-05 20:19:23
5471,松翰,36.6,32.68,45.59,K<D,58.33,0.83,0.83,0.01,DIF>MACD,39.31,35.35,31.39,65.7,445,553,0.81,61.44,51.55,0.71,1.0,2.73,2026-02-05 20:19:25
5484,慧友,39.1,13.49,25.83,K<D,47.26,0.22,0.74,-0.52,DIF<MACD,45.36,41.06,36.77,27.1,181,316,0.57,26.12,56.67,,,,2026-02-05 20:19:26
5515,建國,31.95,8.2,10.39,K<D,23.29,-0.78,-0.5,-0.28,DIF<MACD,38.17,33.85,29.54,27.9,211,322,0.66,64.41,8.36,3.82,2.15,6.73,2026-02-05 20:19:27
5519,隆大,30.65,18.93,13.53,K>D,33.77,-0.49,-0.34,-0.15,DIF<MACD,33.23,31.63,30.03,19.3,246,268,0.92,67.18,4.88,6.28,3.0,9.79,2026-02-05 20:19:28
5521,工信,20.85,10.99,13.52,K<D,15.69,-0.26,0.26,-0.52,DIF<MACD,27.87,23.57,19.28,18.3,3179,3942,0.81,102.64,54.87,0.38,,,2026-02-05 20:19:29
5522,遠雄,66.2,38.82,36.37,K>D,36.84,-0.98,-0.65,-0.33,DIF<MACD,73.67,68.44,63.21,28.6,325,721,0.45,517.42,25.27,2.62,3.1,4.68,2026-02-05 20:19:30
5525,順天,25.6,28.29,20.4,K>D,25.0,-0.64,-0.62,-0.02,DIF<MACD,27.89,26.27,24.64,29.5,38,62,0.61,78.85,42.67,0.6,0.75,2.93,2026-02-05 20:19:32
5531,鄉林,8.98,53.98,51.45,K>D,48.15,-0.03,-0.03,0.0,DIF>MACD,9.07,9.0,8.93,35.0,324,326,1.0,87.79,35.92,0.25,,,2026-02-05 20:19:33
5533,皇鼎,14.25,51.53,56.25,K<D,45.45,-0.03,-0.03,0.0,DIF>MACD,14.37,14.26,14.15,45.3,70,63,1.11,40.65,19.0,0.75,1.0,7.02,2026-02-05 20:19:34
5534,長虹,77.9,32.73,22.11,K>D,34.92,-1.38,-1.11,-0.27,DIF<MACD,85.75,79.89,74.02,33.1,891,596,1.5,229.61,10.74,7.25,5.42,6.96,2026-02-05 20:19:35
5538,東明-KY,30.4,7.82,13.38,K<D,23.76,-0.03,0.29,-0.32,DIF<MACD,33.97,32.24,30.52,-3.4,45,35,1.28,61.17,11.22,2.71,1.5,4.93,2026-02-05 20:19:36
5546,永固-KY,23.0,71.89,55.53,K>D,52.94,-0.01,-0.05,0.03,黃金交叉,23.44,22.69,21.94,70.9,7,13,0.55,18.94,,,2.0,8.7,2026-02-05 20:19:37
5607,遠雄港,47.35,52.38,34.27,K>D,40.0,-0.46,-0.42,-0.05,DIF<MACD,50.46,48.06,45.65,35.3,253,372,0.68,175.46,18.42,2.57,1.1,2.32,2026-02-05 20:19:39
5608,四維航,17.9,29.56,31.12,K<D,51.79,0.03,0.01,0.02,DIF>MACD,18.14,17.84,17.54,59.7,1304,1987,0.66,69.68,1.62,,,,2026-02-05 20:19:40
5706,鳳凰,52.4,65.01,59.19,K>D,69.3,0.22,-0.04,0.26,DIF>MACD,51.76,50.36,48.97,123.1,1049,497,2.11,44.49,15.69,3.34,2.75,5.25,2026-02-05 20:19:41
5871,中租-KY,106.0,46.49,37.34,K>D,57.69,-0.04,-0.06,0.02,黃金交叉,106.76,104.75,102.74,81.0,3300,5702,0.58,1814.11,9.76,10.86,6.1,5.75,2026-02-05 20:19:42
5876,上海商銀,39.95,53.79,45.58,黃金交叉,55.22,-0.14,-0.16,0.03,黃金交叉,40.34,39.64,38.94,72.4,4986,5222,0.95,1937.66,12.64,3.16,1.8,4.51,2026-02-05 20:19:43
5880,合庫金,23.75,43.15,27.94,K>D,43.75,-0.16,-0.15,-0.01,DIF<MACD,24.19,23.79,23.39,45.3,13768,18009,0.76,3724.22,19.15,1.24,0.7,2.95,2026-02-05 20:19:45
5906,台南-KY,51.0,50.3,58.56,K<D,47.3,0.03,0.06,-0.02,DIF<MACD,52.3,51.35,50.4,31.5,2,4,0.46,18.23,44.35,1.15,0.8,1.57,2026-02-05 20:19:46
5907,大洋-KY,5.95,22.82,31.06,K<D,62.07,0.07,0.08,-0.0,DIF<MACD,6.27,5.83,5.39,63.6,345,453,0.76,11.42,,,,,2026-02-05 20:19:47
6005,群益證,28.7,24.93,43.91,K<D,55.47,0.92,1.01,-0.09,DIF<MACD,30.41,28.36,26.31,58.3,13524,8899,1.52,623.05,12.26,2.34,1.5,5.23,2026-02-05 20:19:48
6024,群益期,51.0,27.67,36.72,K<D,40.0,-0.02,0.12,-0.13,DIF<MACD,52.49,51.65,50.8,12.0,217,266,0.82,127.47,10.12,5.04,2.83,5.55,2026-02-05 20:19:49
6108,競國,14.6,27.17,40.59,K<D,41.82,0.07,0.18,-0.11,DIF<MACD,15.75,15.0,14.26,22.8,49,156,0.32,22.56,4.92,,1.0,6.85,2026-02-05 20:19:50
6112,邁達特,44.25,17.3,19.12,K<D,32.54,-0.8,-0.39,-0.41,DIF<MACD,49.86,46.6,43.33,14.0,348,493,0.71,83.35,79.02,0.56,0.6,1.36,2026-02-05 20:19:51
6115,鎰勝,46.4,13.29,14.89,K<D,31.11,-0.2,-0.08,-0.12,DIF<MACD,47.89,46.97,46.05,19.1,86,149,0.58,87.08,15.21,3.05,3.2,6.9,2026-02-05 20:19:53
6116,彩晶,8.32,17.49,13.75,K>D,35.23,-0.09,0.11,-0.21,DIF<MACD,11.08,9.38,7.67,19.0,44418,46588,0.95,237.84,30.81,,,,2026-02-05 20:19:54
6117,迎廣,77.2,36.14,29.55,K>D,41.51,-1.08,-0.82,-0.26,DIF<MACD,83.45,79.0,74.55,29.8,548,460,1.19,71.97,24.05,3.21,2.17,2.81,2026-02-05 20:19:55
6120,達運,13.5,36.89,32.06,K>D,52.83,0.15,0.18,-0.03,DIF<MACD,13.98,13.22,12.46,68.5,2644,3446,0.77,72.78,54.0,0.25,0.28,2.07,2026-02-05 20:19:56
6128,上福,23.45,35.0,55.09,K<D,59.05,0.29,0.27,0.02,DIF>MACD,25.13,23.36,21.6,52.4,39,71,0.55,29.92,,,2.5,10.66,2026-02-05 20:19:57
6133,金橋,23.45,32.13,45.77,K<D,52.71,0.98,1.23,-0.24,DIF<MACD,28.21,23.67,19.13,47.6,2780,4181,0.67,27.44,42.64,0.55,0.3,1.28,2026-02-05 20:19:59
6136,富爾特,23.7,23.2,21.97,K>D,28.13,-0.08,-0.03,-0.06,DIF<MACD,24.54,24.07,23.6,10.7,100,124,0.81,27.38,23.47,1.01,1.15,4.85,2026-02-05 20:20:00
6139,亞翔,544.0,25.77,32.3,K<D,40.57,-0.49,4.77,-5.26,DIF<MACD,622.89,575.3,527.71,17.1,2404,3366,0.71,1270.82,24.16,22.52,13.89,2.55,2026-02-05 20:20:01
6141,柏承,11.1,22.67,26.1,K<D,40.68,-0.03,0.07,-0.1,DIF<MACD,12.31,11.59,10.87,16.0,79,204,0.39,12.58,4.35,,,,2026-02-05 20:20:02
6142,友勁,9.9,25.05,25.34,K<D,50.0,0.11,0.16,-0.05,DIF<MACD,10.78,9.91,9.03,49.7,370,413,0.89,32.75,,,,,2026-02-05 20:20:03
6152,百一,15.95,61.62,44.96,K>D,59.89,0.88,0.85,0.03,黃金交叉,16.2,13.33,10.46,95.7,6980,3847,1.81,26.75,,,,,2026-02-05 20:20:05
6153,嘉聯益,16.3,17.53,24.0,K<D,53.21,0.24,0.28,-0.05,DIF<MACD,17.68,16.24,14.8,52.1,3064,3996,0.77,103.7,4.39,,,,2026-02-05 20:20:06
6155,鈞寶,47.95,9.04,17.16,K<D,40.05,0.93,2.51,-1.59,DIF<MACD,64.28,54.92,45.57,12.7,1996,2673,0.75,42.21,95.9,0.5,1.0,2.09,2026-02-05 20:20:07
6164,華興,12.5,40.91,40.39,黃金交叉,50.85,0.14,0.22,-0.08,DIF<MACD,13.1,12.5,11.89,50.4,721,710,1.02,10.0,104.17,0.12,0.5,4.0,2026-02-05 20:20:08
6165,浪凡,41.95,17.6,14.62,K>D,13.54,-1.42,-1.31,-0.11,DIF<MACD,47.14,44.01,40.88,17.1,218,258,0.84,31.29,13.4,3.13,0.59,1.41,2026-02-05 20:20:09
6166,凌華,60.7,25.05,31.12,K<D,31.62,-0.57,-0.22,-0.35,DIF<MACD,66.1,62.85,59.6,17.0,315,396,0.8,132.14,25.94,2.34,0.93,1.53,2026-02-05 20:20:10
6176,瑞儀,121.5,35.45,38.43,K<D,40.0,-0.19,0.26,-0.45,DIF<MACD,127.09,123.47,119.86,22.7,1728,1834,0.94,559.93,10.83,11.22,10.61,8.73,2026-02-05 20:20:13
6177,達麗,47.75,18.35,14.42,K>D,38.2,-0.96,-0.6,-0.35,DIF<MACD,54.5,49.88,45.25,27.0,607,873,0.7,225.32,12.98,3.68,3.5,7.33,2026-02-05 20:20:14
6183,關貿,94.9,15.92,13.41,黃金交叉,31.43,-0.22,-0.1,-0.12,DIF<MACD,97.83,95.77,93.72,28.8,16,40,0.41,142.35,24.84,3.82,3.2,3.37,2026-02-05 20:20:15
6184,大豐電,48.1,33.33,32.97,黃金交叉,31.82,-0.02,0.02,-0.04,DIF<MACD,49.07,48.14,47.2,48.0,18,39,0.46,73.21,16.2,2.97,3.19,6.63,2026-02-05 20:20:16
6189,豐藝,50.6,63.42,58.89,K>D,65.04,1.37,0.59,0.78,DIF>MACD,51.64,46.24,40.84,90.4,3983,7082,0.56,133.47,18.67,2.71,4.0,7.91,2026-02-05 20:20:18
6191,精成科,106.5,25.44,28.01,K<D,37.78,-1.79,-1.17,-0.62,DIF<MACD,121.22,113.4,105.58,5.9,6818,6577,1.04,531.76,17.75,6.0,3.01,2.83,2026-02-05 20:20:19
6192,巨路,121.5,47.32,44.46,K>D,40.91,2.89,3.45,-0.56,DIF<MACD,126.85,120.2,113.55,59.8,174,223,0.78,116.83,11.18,10.87,5.5,4.53,2026-02-05 20:20:20
6196,帆宣,265.5,10.23,15.59,K<D,32.98,0.73,5.1,-4.37,DIF<MACD,310.58,288.62,266.67,-2.7,1475,1359,1.09,578.79,20.34,13.05,5.9,2.22,2026-02-05 20:20:21
6197,佳必琪,152.0,51.43,38.82,K>D,57.41,1.26,1.18,0.08,黃金交叉,151.54,147.1,142.66,105.1,4846,2001,2.42,185.57,19.71,7.71,7.0,4.61,2026-02-05 20:20:22
6201,亞弘電,54.2,44.9,43.14,黃金交叉,45.1,-0.47,-0.4,-0.07,DIF<MACD,55.97,54.83,53.68,22.6,55,33,1.65,48.35,12.1,4.48,4.0,7.38,2026-02-05 20:20:24
6202,盛群,48.0,51.47,60.52,K<D,66.97,2.51,2.3,0.21,DIF>MACD,52.81,43.55,34.29,74.0,5011,3736,1.34,110.59,77.42,0.62,0.45,0.94,2026-02-05 20:20:25
6205,詮欣,50.1,11.9,11.9,K>D,29.63,-0.23,1.19,-1.42,DIF<MACD,65.63,56.64,47.66,13.6,290,418,0.69,40.45,27.68,1.81,1.63,3.25,2026-02-05 20:20:26
6206,飛捷,91.3,29.69,25.8,K>D,27.17,-0.64,-0.38,-0.26,DIF<MACD,96.41,92.94,89.46,26.5,321,425,0.76,130.62,12.24,7.46,6.0,6.57,2026-02-05 20:20:27
6209,今國光,58.3,13.23,28.89,K<D,47.36,0.11,1.19,-1.08,DIF<MACD,75.08,63.19,51.3,29.4,4901,6744,0.73,101.69,215.93,0.27,0.5,0.86,2026-02-05 20:20:29
6213,聯茂,116.5,46.75,36.13,K>D,50.98,-0.29,0.1,-0.39,DIF<MACD,124.31,115.0,105.69,58.1,27802,11895,2.34,423.38,32.54,3.58,1.8,1.55,2026-02-05 20:20:30
6214,精誠,110.0,14.24,23.62,K<D,33.33,-1.65,-1.0,-0.65,DIF<MACD,122.69,117.08,111.46,-13.0,1755,1077,1.63,275.92,16.27,6.76,5.2,4.73,2026-02-05 20:20:31
6215,和椿,108.5,19.52,30.18,K<D,36.0,1.13,2.62,-1.49,DIF<MACD,127.5,115.42,103.35,21.3,959,1688,0.57,89.83,58.33,1.86,1.5,1.38,2026-02-05 20:20:33
6216,居易,27.6,21.03,26.58,K<D,37.7,0.18,0.32,-0.15,DIF<MACD,29.54,27.94,26.33,39.5,111,120,0.93,26.77,37.81,0.73,2.53,9.17,2026-02-05 20:20:34
6224,聚鼎,41.7,49.22,35.75,K>D,41.51,-0.39,-0.3,-0.09,DIF<MACD,45.26,42.42,39.58,37.3,170,250,0.68,35.3,28.18,1.48,1.75,4.2,2026-02-05 20:20:35
6225,天瀚,18.6,59.75,55.88,K>D,57.02,0.19,0.06,0.13,DIF>MACD,18.48,17.36,16.25,105.6,11,20,0.58,5.17,,,,,2026-02-05 20:20:36
6226,光鼎,9.03,38.27,34.04,K>D,48.74,0.36,0.44,-0.08,DIF<MACD,10.55,8.88,7.21,54.5,996,585,1.7,10.43,,,,,2026-02-05 20:20:37
6230,尼得科超眾,126.0,54.03,46.57,K>D,59.15,1.32,1.08,0.23,黃金交叉,128.01,120.65,113.29,86.4,633,239,2.64,108.79,19.69,,0.22,0.17,2026-02-05 20:20:38
6235,華孚,58.3,34.81,27.5,K>D,38.07,-0.87,-0.49,-0.38,DIF<MACD,65.29,61.22,57.15,14.1,801,932,0.86,116.55,21.92,2.66,1.22,2.09,2026-02-05 20:20:39
6239,力成,244.0,30.28,39.64,K<D,41.67,14.4,18.06,-3.66,DIF<MACD,280.03,249.07,218.12,41.8,9514,11974,0.79,1802.66,35.01,6.97,7.0,2.87,2026-02-05 20:20:40
6243,迅杰,35.4,32.34,29.04,黃金交叉,46.54,-0.04,0.14,-0.19,DIF<MACD,36.95,35.24,33.52,54.8,210,174,1.2,16.03,354.0,0.1,1.2,3.39,2026-02-05 20:20:42
6257,矽格,123.5,17.67,25.92,K<D,25.0,3.57,5.79,-2.21,DIF<MACD,142.72,130.75,118.78,19.7,7936,6057,1.31,591.29,22.7,5.44,4.04,3.27,2026-02-05 20:20:43
6269,台郡,59.5,46.37,50.21,K<D,51.59,0.59,0.59,-0.01,DIF<MACD,61.85,59.19,56.54,55.7,2854,2530,1.13,190.32,42.27,,,,2026-02-05 20:20:44
6271,同欣電,152.0,56.33,55.3,黃金交叉,64.2,5.54,4.74,0.8,DIF>MACD,162.29,139.15,116.01,77.8,9475,7623,1.24,317.77,21.14,7.19,3.0,1.97,2026-02-05 20:20:46
6272,驊陞,41.6,46.5,44.7,K>D,42.36,-1.22,-1.42,0.2,DIF>MACD,43.78,42.07,40.36,36.2,383,495,0.77,34.18,10.72,3.88,0.8,1.92,2026-02-05 20:20:47
6277,宏正,59.5,19.49,25.33,K<D,40.3,-0.38,-0.25,-0.13,DIF<MACD,62.06,60.58,59.1,13.5,81,145,0.56,71.09,16.3,3.65,4.8,8.07,2026-02-05 20:20:48
6278,台表科,94.1,33.98,23.95,K>D,40.15,-0.91,-0.83,-0.07,DIF<MACD,98.72,95.35,91.99,31.4,1200,1512,0.79,275.15,10.17,9.25,5.5,5.84,2026-02-05 20:20:49
6281,全國電,60.8,15.52,14.94,黃金交叉,17.24,-0.59,-0.46,-0.13,DIF<MACD,63.4,61.88,60.35,14.9,33,59,0.56,60.3,16.34,3.72,4.0,6.58,2026-02-05 20:20:50
6282,康舒,48.6,11.94,16.89,K<D,40.84,0.96,2.44,-1.47,DIF<MACD,64.11,54.02,43.93,23.1,34495,38969,0.89,417.22,34.71,,0.5,1.03,2026-02-05 20:20:51
6283,淳安,22.65,22.76,22.25,黃金交叉,32.47,-0.64,-0.52,-0.12,DIF<MACD,25.25,23.72,22.19,15.0,88,257,0.34,33.27,24.35,0.93,,,2026-02-05 20:20:53
6285,啟碁,187.0,82.4,86.96,K<D,81.1,23.2,18.06,5.14,DIF>MACD,216.29,146.88,77.46,78.9,34056,48455,0.7,905.12,29.45,6.35,4.8,2.57,2026-02-05 20:20:54
6405,悅城,30.15,26.33,26.71,K<D,41.72,0.34,0.68,-0.34,DIF<MACD,32.61,30.83,29.05,30.8,297,431,0.69,19.84,,,0.1,0.33,2026-02-05 20:20:55
6409,旭隼,920.0,49.85,36.92,K>D,40.29,-26.38,-25.92,-0.46,DIF<MACD,1062.88,956.85,850.82,32.6,1071,1099,0.97,806.94,20.41,45.08,43.0,4.67,2026-02-05 20:20:56
6412,群電,94.9,63.66,52.4,K>D,76.64,0.4,-0.97,1.37,DIF>MACD,91.06,83.74,76.42,126.2,10701,4586,2.33,380.33,15.58,6.09,6.0,6.32,2026-02-05 20:20:58
6414,樺漢,282.5,30.65,27.21,K>D,31.93,-1.75,-0.83,-0.92,DIF<MACD,301.62,290.52,279.43,13.8,523,615,0.85,388.55,14.05,20.11,12.2,4.32,2026-02-05 20:20:59
6415,矽力*-KY,273.0,54.43,65.25,K<D,66.77,20.06,19.38,0.68,DIF>MACD,316.17,259.73,203.28,61.8,10529,13047,0.81,1058.82,42.0,6.5,2.4,0.88,2026-02-05 20:21:00
6416,瑞祺電通,86.5,45.39,34.87,K>D,38.32,0.1,0.24,-0.14,DIF<MACD,89.26,86.72,84.17,45.8,343,240,1.43,63.45,21.68,3.99,2.9,3.35,2026-02-05 20:21:01
6426,統新,121.5,82.82,79.23,K>D,75.61,8.88,5.44,3.45,DIF>MACD,132.11,100.85,69.6,83.0,1570,11907,0.13,46.79,,,0.5,0.41,2026-02-05 20:21:03
6431,光麗-KY,27.0,41.72,42.61,K<D,31.07,0.05,0.26,-0.21,DIF<MACD,29.73,28.2,26.67,10.9,316,578,0.55,26.3,,,,,2026-02-05 20:21:04
6438,迅得,144.0,18.6,27.31,K<D,36.0,1.5,2.85,-1.35,DIF<MACD,162.75,148.7,134.65,33.3,672,1034,0.65,118.38,18.34,7.85,5.83,4.05,2026-02-05 20:21:05
6442,光聖,1755.0,87.94,84.71,K>D,73.81,138.53,94.93,43.6,DIF>MACD,1912.67,1473.0,1033.33,82.1,1135,3936,0.29,1330.29,90.74,19.34,8.62,0.49,2026-02-05 20:21:06
6443,元晶,42.15,62.26,59.48,K>D,60.51,3.85,4.17,-0.33,DIF<MACD,44.82,39.29,33.76,75.8,109019,169028,0.64,216.14,19.42,,0.4,0.95,2026-02-05 20:21:08
6446,藥華藥,734.0,86.73,89.92,K<D,69.39,66.19,53.91,12.28,DIF>MACD,834.34,634.15,433.96,74.9,1835,3712,0.49,2449.69,56.68,12.95,0.99,0.13,2026-02-05 20:21:09
6449,鈺邦,160.0,16.06,17.71,K<D,36.3,-2.54,0.3,-2.84,DIF<MACD,197.45,175.7,153.95,13.9,289,450,0.64,145.47,23.95,6.68,3.48,2.17,2026-02-05 20:21:10
6451,訊芯-KY,198.0,80.24,74.18,K>D,74.27,9.03,3.07,5.96,DIF>MACD,196.74,160.15,123.56,101.7,17102,8279,2.07,210.22,,,0.36,0.18,2026-02-05 20:21:11
6456,GIS-KY,40.95,39.52,28.0,K>D,40.8,-0.69,-0.62,-0.08,DIF<MACD,44.84,41.9,38.97,33.8,1430,1882,0.76,136.8,132.1,0.31,,,2026-02-05 20:21:12
6464,台數科,76.4,45.62,29.83,K>D,47.67,-0.49,-0.44,-0.06,DIF<MACD,78.14,76.03,73.91,58.9,28,24,1.15,98.39,13.79,5.54,3.22,4.21,2026-02-05 20:21:13
6472,保瑞,573.0,53.69,61.22,K<D,55.96,19.13,15.56,3.57,DIF>MACD,620.07,549.0,477.93,66.9,1474,1787,0.82,727.64,17.68,32.41,11.67,2.04,2026-02-05 20:21:15
6477,安集,36.8,45.99,37.13,K>D,58.71,0.11,0.02,0.09,黃金交叉,37.08,35.54,34.0,90.8,6053,3164,1.91,45.55,15.59,,0.3,0.82,2026-02-05 20:21:16
6491,晶碩,287.5,49.16,52.66,K<D,54.95,-0.44,-1.3,0.86,DIF>MACD,291.28,285.12,278.97,69.3,173,414,0.42,224.25,14.12,20.36,11.0,3.83,2026-02-05 20:21:17
6504,南六,41.6,16.64,24.52,K<D,50.0,0.16,0.21,-0.06,DIF<MACD,46.02,42.13,38.25,43.1,68,169,0.4,30.2,14.86,,1.0,2.4,2026-02-05 20:21:18
6505,台塑化,49.65,40.29,50.33,K<D,53.8,0.37,0.29,0.08,DIF>MACD,53.63,49.2,44.77,55.1,5435,10948,0.5,4729.64,77.58,0.64,0.8,1.61,2026-02-05 20:21:20
6515,穎崴,4425.0,76.04,76.79,K<D,70.23,353.89,318.11,35.78,DIF>MACD,4587.79,3861.75,3135.71,88.8,508,799,0.64,1594.86,102.26,43.27,25.0,0.56,2026-02-05 20:21:21
6525,捷敏-KY,77.9,31.53,40.68,K<D,54.55,0.7,0.92,-0.22,DIF<MACD,81.92,78.73,75.55,36.9,151,166,0.91,100.53,13.32,5.85,4.2,5.39,2026-02-05 20:21:22
6526,達發,452.0,37.11,36.05,K>D,55.56,2.38,1.51,0.87,DIF>MACD,477.9,444.2,410.5,61.6,522,507,1.03,757.13,25.48,17.74,12.5,2.77,2026-02-05 20:21:23
6531,愛普*,413.0,7.78,11.22,K<D,29.79,-5.43,2.65,-8.08,DIF<MACD,517.37,459.38,401.38,10.0,3059,3206,0.95,671.8,67.7,6.1,6.99,1.69,2026-02-05 20:21:24
6533,晶心科,229.0,14.48,22.32,K<D,41.23,-3.86,-2.9,-0.96,DIF<MACD,252.34,241.18,230.01,-4.5,399,337,1.18,117.02,28.27,,,,2026-02-05 20:21:25
6534,正瀚-創,86.5,25.36,21.26,黃金交叉,38.51,-1.29,-1.28,-0.01,DIF<MACD,91.39,87.31,83.22,40.1,112,89,1.26,88.92,20.35,4.25,4.1,4.74,2026-02-05 20:21:26
6541,泰福-KY,50.9,21.42,31.84,K<D,45.79,-0.92,-0.98,0.06,DIF>MACD,54.55,51.82,49.09,33.2,470,734,0.64,134.79,,,,,2026-02-05 20:21:27
6550,北極星藥業-KY,31.1,37.47,32.32,K>D,39.33,-0.01,0.06,-0.07,DIF<MACD,32.95,31.38,29.81,41.1,1628,1300,1.25,267.43,,,,,2026-02-05 20:21:28
6552,易華電,32.7,70.97,72.68,K<D,69.59,1.9,1.38,0.52,DIF>MACD,34.28,28.55,22.82,86.2,525,1252,0.42,27.14,6.37,,0.2,0.61,2026-02-05 20:21:30
6558,興能高,35.85,16.21,23.82,K<D,45.5,-0.39,-0.22,-0.17,DIF<MACD,38.94,36.85,34.77,26.0,2153,1621,1.33,33.62,37.34,,0.3,0.84,2026-02-05 20:21:31
6573,虹揚-KY,15.15,21.89,24.22,K<D,50.63,-0.02,0.04,-0.06,DIF<MACD,17.05,15.64,14.24,32.4,285,526,0.54,12.2,16.47,0.92,,,2026-02-05 20:21:32
6579,研揚,116.0,50.43,59.58,K<D,53.95,2.47,2.03,0.44,DIF>MACD,123.85,114.83,105.8,56.5,145,530,0.28,196.56,20.14,5.76,5.15,4.44,2026-02-05 20:21:33
6581,鋼聯,107.0,58.16,59.61,K<D,52.38,0.21,0.1,0.11,DIF>MACD,108.9,106.88,104.85,53.1,5,4,1.04,119.06,15.78,6.78,6.0,5.61,2026-02-05 20:21:34
6582,申豐,32.55,19.63,26.16,K<D,52.44,0.02,-0.03,0.05,DIF>MACD,34.08,32.32,30.56,56.5,42,109,0.38,34.56,,,1.0,3.07,2026-02-05 20:21:35
6585,鼎基,91.8,34.58,27.52,黃金交叉,35.42,0.07,0.4,-0.33,DIF<MACD,96.38,91.84,87.29,49.6,60,43,1.4,66.22,15.69,5.85,7.92,8.63,2026-02-05 20:21:37
6589,台康生技,62.1,23.72,22.56,黃金交叉,35.88,-1.02,-0.88,-0.14,DIF<MACD,67.24,63.67,60.11,27.9,380,569,0.67,187.91,,,,,2026-02-05 20:21:38
6591,動力-KY,66.2,14.63,11.17,K>D,20.39,-2.32,-1.96,-0.37,DIF<MACD,75.95,70.41,64.86,12.1,184,256,0.72,27.22,12.78,5.18,2.31,3.49,2026-02-05 20:21:39
6592,和潤企業,61.3,39.24,36.87,黃金交叉,44.44,-0.03,-0.03,0.0,黃金交叉,62.71,61.15,59.59,54.8,1145,1333,0.86,381.99,15.72,3.9,3.0,4.89,2026-02-05 20:21:40
6598,ABC-KY,24.3,45.7,43.57,K>D,48.65,0.43,0.48,-0.05,DIF<MACD,24.9,24.03,23.16,65.7,71,140,0.51,24.98,,,,,2026-02-05 20:21:41
6605,帝寶,148.5,13.92,20.67,K<D,35.14,1.67,3.33,-1.66,DIF<MACD,170.33,154.03,137.72,33.1,416,421,0.99,246.24,10.96,13.55,9.0,6.06,2026-02-05 20:21:43
6606,建德工業,25.5,12.04,18.66,K<D,46.67,0.1,0.19,-0.09,DIF<MACD,26.89,25.85,24.81,33.1,56,70,0.79,28.13,26.84,0.95,3.0,11.76,2026-02-05 20:21:44
6614,資拓宏宇,45.15,7.39,13.31,K<D,19.3,-1.23,-0.99,-0.25,DIF<MACD,50.98,47.9,44.83,5.3,159,132,1.2,32.93,20.43,2.21,1.5,3.32,2026-02-05 20:21:45
6625,必應,82.2,13.96,20.5,K<D,25.35,-0.06,0.6,-0.66,DIF<MACD,90.88,86.04,81.2,10.4,293,296,0.99,47.65,9.68,8.49,4.0,4.87,2026-02-05 20:21:46
6641,基士德-KY,21.6,19.32,20.53,K<D,35.05,0.26,0.68,-0.42,DIF<MACD,26.97,23.32,19.67,26.4,63,75,0.84,7.88,166.15,0.13,1.0,4.63,2026-02-05 20:21:47
6645,金萬林-創,17.8,44.11,40.64,K>D,42.59,-0.13,-0.15,0.02,DIF>MACD,18.32,17.84,17.37,45.3,18,19,0.97,10.79,,,,,2026-02-05 20:21:49
6655,科定,120.5,74.44,71.62,K>D,52.63,0.86,1.06,-0.19,DIF<MACD,122.13,120.0,117.87,61.8,13,9,1.44,94.66,33.75,3.57,2.4,1.99,2026-02-05 20:21:50
6657,華安,47.2,24.09,42.44,K<D,55.79,1.76,2.09,-0.33,DIF<MACD,57.47,47.4,37.33,49.0,299,764,0.39,41.42,,,,,2026-02-05 20:21:51
6658,聯策,51.5,17.17,20.04,K<D,21.78,-0.67,0.1,-0.77,DIF<MACD,59.65,55.31,50.97,6.1,166,165,1.01,18.73,42.56,1.21,1.08,2.1,2026-02-05 20:21:52
6666,羅麗芬-KY,44.25,32.13,35.77,K<D,44.66,-0.24,-0.22,-0.02,DIF<MACD,46.35,44.79,43.23,32.7,5,8,0.59,20.97,18.59,2.38,2.0,4.52,2026-02-05 20:21:54
6668,中揚光,37.55,32.86,30.13,K>D,42.35,-0.22,-0.02,-0.2,DIF<MACD,41.09,38.76,36.42,24.2,149,272,0.55,40.22,,,,,2026-02-05 20:21:55
6669,緯穎,3610.0,26.41,28.68,K<D,40.77,-158.69,-161.74,3.06,DIF>MACD,4126.75,3779.0,3431.25,25.7,1315,1157,1.14,6708.85,15.65,230.74,74.0,2.05,2026-02-05 20:21:56
6670,復盛應用,278.5,58.72,42.68,K>D,44.29,3.25,3.88,-0.63,DIF<MACD,284.61,274.27,263.94,70.4,242,297,0.82,388.19,11.78,23.64,19.65,7.06,2026-02-05 20:21:57
6671,三能-KY,37.4,43.53,36.59,K>D,53.3,0.25,0.33,-0.08,DIF<MACD,39.0,37.41,35.81,49.8,8,13,0.6,22.72,14.27,2.62,2.6,6.95,2026-02-05 20:21:59
6672,騰輝電子-KY,105.5,52.62,34.67,K>D,58.33,0.74,0.84,-0.11,DIF<MACD,106.85,96.45,86.06,93.5,7285,2441,2.98,75.36,23.03,4.58,3.35,3.18,2026-02-05 20:22:00
6674,鋐寶科技,20.0,15.79,18.27,K<D,40.51,-0.11,0.0,-0.11,DIF<MACD,22.0,20.65,19.31,25.8,26,24,1.09,13.74,,,,,2026-02-05 20:22:01
6689,伊雲谷,62.9,34.49,31.95,黃金交叉,59.2,-0.12,-0.25,0.13,黃金交叉,63.4,61.12,58.85,89.0,321,269,1.19,42.65,37.89,1.66,2.0,3.18,2026-02-05 20:22:02
6691,洋基工程,587.0,41.21,43.31,K<D,47.37,7.51,10.71,-3.2,DIF<MACD,619.86,598.8,577.74,22.0,767,641,1.2,707.9,26.54,22.12,16.0,2.73,2026-02-05 20:22:03
6695,芯鼎,42.8,28.34,27.9,黃金交叉,45.5,-0.56,-0.4,-0.16,DIF<MACD,45.63,43.61,41.58,30.1,213,268,0.8,41.28,,,,,2026-02-05 20:22:05
6698,旭暉應材,33.65,15.93,25.09,K<D,48.99,0.52,0.93,-0.42,DIF<MACD,37.48,34.79,32.1,28.8,205,185,1.11,22.14,,,,,2026-02-05 20:22:06
6706,惠特,127.0,48.65,34.06,黃金交叉,53.37,-0.25,-0.11,-0.14,DIF<MACD,130.98,117.7,104.42,85.0,3694,5370,0.69,99.78,21.13,,,,2026-02-05 20:22:07
6715,嘉基,147.5,88.4,83.37,K>D,82.35,10.82,6.82,4.0,DIF>MACD,146.42,115.55,84.68,101.7,414,818,0.51,97.41,76.03,1.94,3.92,2.66,2026-02-05 20:22:08
6719,力智,199.5,37.87,53.56,K<D,64.8,3.35,2.65,0.7,DIF>MACD,216.11,194.38,172.64,61.8,362,601,0.6,210.41,49.14,4.06,1.7,0.85,2026-02-05 20:22:09
6722,輝創,44.1,78.47,61.1,K>D,38.36,-3.34,-3.65,0.31,DIF>MACD,57.36,46.62,35.88,38.3,317,233,1.36,38.98,18.85,2.34,1.5,3.4,2026-02-05 20:22:10
6742,澤米,43.0,13.04,18.1,K<D,34.81,-0.62,-0.19,-0.43,DIF<MACD,48.99,45.71,42.43,8.7,118,240,0.49,30.31,,,0.3,0.7,2026-02-05 20:22:11
6743,安普新,27.1,23.13,30.69,K<D,49.52,-0.14,-0.1,-0.05,DIF<MACD,28.57,27.48,26.39,32.5,46,116,0.39,39.97,112.92,0.24,1.5,5.54,2026-02-05 20:22:13
6753,龍德造船,136.0,17.76,29.94,K<D,49.75,2.03,3.88,-1.85,DIF<MACD,160.87,144.0,127.13,26.3,2249,3030,0.74,159.45,29.89,4.55,1.25,0.92,2026-02-05 20:22:14
6754,匯僑設計,43.3,14.41,17.17,K<D,3.23,-0.95,-0.7,-0.25,DIF<MACD,48.87,45.81,42.75,9.0,18,13,1.32,28.58,11.8,3.67,4.0,9.24,2026-02-05 20:22:15
6756,威鋒電子,80.0,39.48,37.78,黃金交叉,43.25,-0.63,-0.15,-0.47,DIF<MACD,86.88,81.82,76.75,32.1,119,172,0.7,55.9,76.19,1.05,1.8,2.25,2026-02-05 20:22:17
6757,台灣虎航,66.2,23.58,23.82,K<D,46.88,-0.3,0.16,-0.46,DIF<MACD,71.58,67.61,63.64,32.2,1306,1491,0.88,304.21,13.46,4.92,6.05,9.14,2026-02-05 20:22:18
6768,志強-KY,101.5,19.29,22.69,K<D,29.03,-1.97,-1.67,-0.31,DIF<MACD,110.74,105.25,99.76,15.9,364,448,0.81,203.1,13.5,7.52,6.18,6.09,2026-02-05 20:22:19
6770,力積電,62.8,47.36,54.54,K<D,55.73,5.22,5.78,-0.55,DIF<MACD,72.63,59.6,46.57,62.3,203090,302196,0.67,2658.86,32.28,,,,2026-02-05 20:22:20
6771,平和環保-創,44.5,33.53,33.42,黃金交叉,44.44,-0.29,-0.3,0.01,DIF>MACD,46.65,44.88,43.1,39.4,12,23,0.53,13.88,11.62,3.83,3.5,7.87,2026-02-05 20:22:21
6776,展碁國際,58.0,24.22,34.47,K<D,49.18,1.45,1.87,-0.43,DIF<MACD,62.28,59.23,56.17,30.0,600,3723,0.16,53.12,14.11,4.11,2.97,5.12,2026-02-05 20:22:22
6781,AES-KY,1150.0,26.35,29.39,K<D,46.3,-36.24,-33.58,-2.67,DIF<MACD,1291.24,1189.75,1088.26,30.4,1112,1338,0.83,982.32,30.97,37.13,12.5,1.09,2026-02-05 20:22:24
6782,視陽,172.0,40.99,31.82,K>D,36.36,-1.44,-0.92,-0.52,DIF<MACD,181.95,174.9,167.85,29.4,186,212,0.88,108.36,14.35,11.99,5.1,2.97,2026-02-05 20:22:25
6789,采鈺,283.5,51.82,58.46,K<D,58.39,4.44,4.13,0.32,DIF>MACD,296.35,278.1,259.85,64.8,1604,1759,0.91,902.91,62.44,4.54,3.0,1.06,2026-02-05 20:22:26
6790,永豐實,37.95,33.58,40.41,K<D,36.0,-0.08,-0.05,-0.02,DIF<MACD,38.55,38.22,37.88,10.9,141,120,1.18,101.38,13.41,2.83,2.55,6.72,2026-02-05 20:22:27
6792,詠業,55.0,18.67,25.67,K<D,46.63,0.97,1.31,-0.34,DIF<MACD,60.73,55.97,51.2,39.9,29,44,0.66,25.78,20.83,2.64,2.5,4.55,2026-02-05 20:22:28
6794,向榮生技,87.9,48.53,56.05,K<D,44.29,1.01,1.37,-0.36,DIF<MACD,90.57,88.35,86.13,39.8,25,52,0.48,55.94,,,,,2026-02-05 20:22:29
6796,晉弘,87.6,40.88,40.21,K>D,36.19,-1.48,-1.56,0.08,DIF>MACD,92.02,89.02,86.01,26.5,45,82,0.55,35.24,336.92,0.26,0.49,0.56,2026-02-05 20:22:31
6799,來頡,84.5,29.16,35.67,K<D,44.78,0.31,0.94,-0.63,DIF<MACD,90.78,86.46,82.13,27.4,118,189,0.63,36.12,28.74,2.94,1.99,2.36,2026-02-05 20:22:32
6805,富世達,1550.0,81.92,78.27,K>D,70.54,16.8,-8.26,25.05,DIF>MACD,1572.05,1388.75,1205.45,94.0,2579,2374,1.09,1062.59,59.43,26.08,8.0,0.52,2026-02-05 20:22:33
6806,森崴能源,47.55,16.85,26.33,K<D,51.12,1.63,2.21,-0.58,DIF<MACD,57.02,48.01,39.0,47.5,833,1143,0.73,130.59,6.67,,1.23,2.59,2026-02-05 20:22:34
6807,峰源-KY,45.85,34.74,24.44,黃金交叉,36.11,-0.04,-0.04,-0.01,DIF<MACD,46.36,45.73,45.1,59.5,13,10,1.25,24.76,7.05,6.5,4.5,9.81,2026-02-05 20:22:35
6830,汎銓,227.5,79.67,59.55,K>D,74.07,7.01,3.44,3.57,DIF>MACD,209.66,185.32,160.99,136.7,5548,3377,1.64,117.8,46.52,,1.0,0.44,2026-02-05 20:22:36
6831,邁科,254.5,43.35,32.4,K>D,51.98,-3.2,-2.53,-0.67,DIF<MACD,268.66,246.72,224.79,67.7,1640,702,2.34,172.32,68.97,3.69,1.25,0.49,2026-02-05 20:22:38
6834,天二科技,29.95,10.47,15.43,K<D,27.74,0.08,0.73,-0.65,DIF<MACD,36.93,32.84,28.76,14.6,344,376,0.91,26.5,99.83,0.3,0.5,1.67,2026-02-05 20:22:39
6835,圓裕,39.75,64.41,44.49,K>D,48.78,0.04,-0.04,0.08,DIF>MACD,40.55,39.05,37.55,73.4,54,129,0.42,26.13,16.29,2.44,2.0,5.03,2026-02-05 20:22:40
6838,台新藥,28.25,19.81,22.98,K<D,42.69,0.2,0.45,-0.26,DIF<MACD,31.67,28.87,26.07,38.9,122,216,0.57,42.65,,,,,2026-02-05 20:22:41
6854,錼創科技-KY創,124.5,58.43,51.88,K>D,51.52,-1.95,-2.75,0.79,DIF>MACD,132.01,121.65,111.29,63.8,384,364,1.05,145.75,377.27,,,,2026-02-05 20:22:42
6861,睿生光電,74.9,60.86,37.64,K>D,65.97,1.4,1.09,0.31,黃金交叉,71.79,66.17,60.55,127.7,3574,886,4.03,31.16,21.71,3.45,1.8,2.4,2026-02-05 20:22:43
6862,三集瑞-KY,181.0,31.53,43.5,K<D,54.95,4.98,6.37,-1.39,DIF<MACD,207.46,185.43,163.39,40.0,518,642,0.81,90.5,20.31,8.91,6.0,3.31,2026-02-05 20:22:44
6863,永道-KY,106.5,15.33,13.28,K>D,25.0,-3.02,-1.64,-1.38,DIF<MACD,131.08,116.35,101.62,16.6,65,123,0.53,79.76,17.23,6.18,5.5,5.16,2026-02-05 20:22:45
6869,雲豹能源,111.5,34.2,42.16,K<D,56.73,3.82,4.13,-0.31,DIF<MACD,123.94,106.66,89.37,64.0,1095,1024,1.07,148.76,12.27,9.09,5.01,4.49,2026-02-05 20:22:47
6873,泓德能源,120.0,57.31,50.46,K>D,57.61,4.25,3.97,0.28,DIF>MACD,129.77,114.02,98.26,69.0,921,1046,0.88,169.51,19.8,6.06,4.61,3.84,2026-02-05 20:22:48
6885,全福生技,26.65,25.75,23.66,K>D,28.04,-0.58,-0.48,-0.1,DIF<MACD,29.43,27.77,26.11,16.3,175,266,0.66,35.5,,,,,2026-02-05 20:22:49
6887,寶綠特-KY,56.8,26.74,36.59,K<D,21.19,-0.69,-0.34,-0.36,DIF<MACD,64.55,60.78,57.02,-3.0,39,20,1.91,42.1,7.58,7.49,3.96,6.97,2026-02-05 20:22:50
6890,來億-KY,215.0,10.08,10.87,K<D,27.61,-8.49,-6.11,-2.38,DIF<MACD,262.95,237.7,212.45,5.0,791,927,0.85,536.21,15.31,14.04,9.0,4.19,2026-02-05 20:22:51
6901,鑽石投資,16.4,11.18,19.96,K<D,34.07,-0.07,0.12,-0.19,DIF<MACD,18.7,17.4,16.11,11.2,434,487,0.89,139.72,,,,,2026-02-05 20:22:52
6902,GOGOLOOK,78.8,61.29,70.05,K<D,68.97,0.78,0.69,0.1,DIF>MACD,81.93,77.62,73.31,63.7,35,30,1.15,27.86,656.67,0.12,,,2026-02-05 20:22:54
6906,現觀科,77.9,24.55,26.29,K<D,50.58,-1.03,-1.09,0.06,DIF>MACD,83.94,78.4,72.86,45.5,101,47,2.12,25.11,32.19,2.42,3.33,4.27,2026-02-05 20:22:55
6909,創控,42.1,11.99,9.68,K>D,13.22,-0.2,0.84,-1.04,DIF<MACD,54.76,46.59,38.42,22.5,331,312,1.06,28.3,42.96,0.98,1.0,2.38,2026-02-05 20:22:56
6914,阜爾運通,142.0,34.09,23.55,K>D,27.27,-1.35,-1.14,-0.21,DIF<MACD,148.04,143.4,138.76,34.9,57,52,1.11,94.04,15.33,9.26,6.0,4.23,2026-02-05 20:22:57
6916,華凌,17.8,9.76,13.18,K<D,32.0,-0.15,0.02,-0.17,DIF<MACD,20.13,18.67,17.21,20.3,24,32,0.75,12.01,,,0.28,1.57,2026-02-05 20:22:58
6918,愛派司,85.0,66.77,61.3,K>D,56.67,-0.05,-0.73,0.68,DIF>MACD,86.88,82.73,78.58,77.3,27,98,0.27,28.96,15.8,5.38,4.0,4.71,2026-02-05 20:22:59
6919,康霈*,167.0,66.04,60.89,K>D,46.94,3.27,2.86,0.41,DIF>MACD,176.94,161.57,146.21,67.7,5313,6560,0.81,2593.47,70.76,,,,2026-02-05 20:23:01
6921,嘉雨思-創,86.4,79.85,75.61,K>D,80.28,4.49,2.62,1.87,DIF>MACD,89.09,68.67,48.26,93.4,217,164,1.32,27.51,125.22,0.69,,,2026-02-05 20:23:02
6923,中台,95.0,25.31,19.55,K>D,31.2,-1.69,-1.19,-0.5,DIF<MACD,106.67,99.17,91.67,22.2,87,280,0.31,86.91,32.99,2.88,4.02,4.23,2026-02-05 20:23:03
6924,榮惠-KY創,57.2,3.81,5.72,K<D,1.82,-2.62,-0.95,-1.67,DIF<MACD,81.24,68.2,55.17,7.8,13,15,0.84,11.93,13.49,4.24,5.5,9.62,2026-02-05 20:23:04
6928,攸泰科技,50.7,25.48,22.37,K>D,34.32,-0.33,0.22,-0.54,DIF<MACD,58.26,53.44,48.62,21.6,49,175,0.28,43.6,,,0.5,0.99,2026-02-05 20:23:05
6931,青松健康,55.1,17.84,17.04,K>D,36.44,-1.64,-1.61,-0.03,DIF<MACD,60.88,57.33,53.79,18.5,647,293,2.21,36.45,54.02,1.02,0.72,1.31,2026-02-05 20:23:07
6933,AMAX-KY,132.0,15.52,15.99,K<D,21.43,-4.92,-4.15,-0.78,DIF<MACD,155.65,143.25,130.85,4.6,68,103,0.66,55.91,24.22,5.45,2.0,1.52,2026-02-05 20:23:08
6936,永鴻生技,36.15,41.3,40.63,黃金交叉,53.85,0.06,0.04,0.02,黃金交叉,36.19,35.72,35.24,95.9,113,51,2.22,26.32,20.9,1.73,1.69,4.67,2026-02-05 20:23:09
6937,天虹,228.0,55.22,36.0,K>D,49.19,-2.8,-3.02,0.22,黃金交叉,244.3,223.07,201.85,61.6,1478,528,2.8,153.66,56.16,4.06,2.1,0.92,2026-02-05 20:23:10
6944,兆聯實業,678.0,13.02,15.2,K<D,35.0,-0.37,10.31,-10.67,DIF<MACD,788.14,731.05,673.96,3.5,484,624,0.78,519.94,23.63,28.69,14.0,2.06,2026-02-05 20:23:12
6949,沛爾生醫-創,648.0,94.72,92.89,K>D,92.6,70.87,51.23,19.64,DIF>MACD,692.26,466.6,240.94,90.2,121,180,0.67,419.63,,,,,2026-02-05 20:23:13
6951,青新-創,78.0,51.43,47.38,K>D,61.7,1.01,0.92,0.09,DIF>MACD,79.71,76.7,73.68,71.6,65,85,0.77,35.88,13.73,5.68,3.8,4.87,2026-02-05 20:23:14
6952,大武山,44.3,36.63,39.6,K<D,62.07,0.23,0.1,0.13,DIF>MACD,44.58,43.32,42.06,89.0,16,27,0.59,29.83,,,2.0,4.51,2026-02-05 20:23:15
6955,邦睿生技-創,174.0,87.11,85.69,黃金交叉,66.18,3.81,2.55,1.26,DIF>MACD,174.19,163.5,152.81,99.1,38,20,1.84,43.15,44.27,3.93,1.3,0.75,2026-02-05 20:23:16
6957,裕慶-KY,190.0,65.79,46.96,K>D,45.07,-3.13,-3.9,0.77,DIF>MACD,200.0,189.32,178.65,53.2,120,88,1.36,104.18,16.49,11.52,13.16,6.93,2026-02-05 20:23:17
6958,日盛台駿,15.0,12.06,22.16,K<D,37.5,-0.18,-0.18,-0.0,DIF<MACD,15.51,15.21,14.92,14.2,41,31,1.33,66.49,,,0.2,1.33,2026-02-05 20:23:19
6962,奕力-KY,38.55,29.48,43.13,K<D,53.04,-0.02,-0.01,-0.01,DIF<MACD,40.78,39.01,37.24,37.1,1643,2224,0.74,189.82,10.34,3.73,2.0,5.19,2026-02-05 20:23:20
6965,中傑-KY,82.6,15.88,17.25,K<D,40.0,-0.84,-0.48,-0.36,DIF<MACD,88.65,84.32,80.0,30.1,44,84,0.52,129.15,13.98,5.91,6.0,7.26,2026-02-05 20:23:21
6969,成信實業*-創,31.05,26.75,29.25,K<D,34.6,-0.18,0.19,-0.37,DIF<MACD,38.2,33.24,28.28,27.9,20,22,0.91,11.97,,,,,2026-02-05 20:23:22
6988,威力暘-創,20.0,85.64,86.4,K<D,85.47,1.39,1.3,0.09,DIF>MACD,21.46,18.1,14.73,78.3,57,84,0.68,9.52,,,0.45,2.25,2026-02-05 20:23:24
6994,富威電力,88.6,22.55,21.34,黃金交叉,40.26,-1.55,-0.88,-0.67,DIF<MACD,98.0,92.29,86.57,17.8,163,346,0.47,62.46,50.34,1.76,0.95,1.07,2026-02-05 20:23:25
7610,聯友金屬-創,205.0,52.18,53.66,K<D,54.9,14.77,16.6,-1.83,DIF<MACD,216.49,195.5,174.51,72.6,892,1133,0.79,99.63,111.41,1.84,0.2,0.1,2026-02-05 20:23:26
7631,聚賢研發-創,121.0,43.89,43.06,K>D,18.18,-2.51,-2.11,-0.4,DIF<MACD,139.24,125.85,112.46,31.9,5,21,0.25,24.37,24.59,4.92,3.18,2.63,2026-02-05 20:23:27
7705,三商餐飲,39.9,43.79,43.91,K<D,52.54,-0.06,-0.07,0.01,黃金交叉,40.35,39.72,39.09,64.1,43,61,0.69,26.36,31.42,1.27,3.8,9.52,2026-02-05 20:23:28
7711,永擎,218.5,19.94,18.01,K>D,28.38,-12.96,-12.61,-0.35,DIF<MACD,266.2,236.93,207.65,18.5,207,231,0.89,136.33,18.45,11.84,4.0,1.83,2026-02-05 20:23:30
7721,微程式,47.4,20.75,25.39,K<D,32.46,-0.49,-0.47,-0.02,DIF<MACD,49.25,48.18,47.1,14.1,32,48,0.67,26.25,92.94,0.51,2.0,4.22,2026-02-05 20:23:31
7722,LINEPAY,449.5,7.22,11.11,K<D,35.47,-24.14,-21.77,-2.37,DIF<MACD,557.09,491.45,425.81,18.0,376,274,1.37,305.66,53.38,8.42,1.5,0.33,2026-02-05 20:23:32
7730,暉盛-創,100.0,42.14,36.83,K>D,42.94,1.4,2.05,-0.65,DIF<MACD,105.13,100.14,95.15,48.6,30,39,0.76,36.8,58.14,1.72,1.0,1.0,2026-02-05 20:23:33
7732,金興精密,37.15,27.45,17.79,K>D,34.74,-0.77,-0.64,-0.13,DIF<MACD,40.5,38.29,36.09,24.1,1,7,0.14,23.66,18.86,1.97,2.0,5.38,2026-02-05 20:23:34
7736,虎山,85.9,12.55,15.42,K<D,18.93,-0.78,-0.46,-0.32,DIF<MACD,93.46,88.49,83.51,24.0,22,19,1.17,64.92,15.2,5.65,3.52,4.1,2026-02-05 20:23:36
7740,熙特爾-創,145.0,8.05,10.8,K<D,25.49,-3.54,-0.96,-2.57,DIF<MACD,183.34,162.07,140.81,9.8,61,77,0.8,77.14,44.34,3.27,,,2026-02-05 20:23:37
7749,意騰-KY,405.5,19.46,19.35,K>D,37.69,-8.22,-6.26,-1.96,DIF<MACD,454.04,425.9,397.76,13.8,122,186,0.66,188.5,36.24,11.19,5.25,1.29,2026-02-05 20:23:38
7750,新代,1070.0,88.37,86.42,K>D,80.29,50.74,35.35,15.39,DIF>MACD,1073.41,927.2,780.99,98.8,497,495,1.0,767.7,40.78,26.24,11.0,1.03,2026-02-05 20:23:39
7765,中華資安,259.0,49.72,35.29,K>D,37.5,-4.61,-4.52,-0.08,DIF<MACD,276.18,263.43,250.67,32.7,31,46,0.67,105.35,22.39,11.57,9.22,3.56,2026-02-05 20:23:40
7769,鴻勁,3705.0,57.92,73.31,K<D,63.16,137.8,146.82,-9.03,DIF<MACD,3953.25,3633.75,3314.25,61.2,1030,965,1.07,6665.41,56.28,65.83,22.5,0.61,2026-02-05 20:23:42
7780,大研生醫*,27.3,49.75,54.82,K<D,73.53,2.33,2.26,0.07,DIF>MACD,31.69,23.61,15.54,72.8,5693,4291,1.33,221.14,60.67,0.45,0.34,1.25,2026-02-05 20:23:43
7786,東方風能,150.5,12.92,16.66,K<D,22.0,-2.75,-1.86,-0.9,DIF<MACD,172.23,159.68,147.12,13.5,135,181,0.75,263.92,14.12,10.66,2.0,1.33,2026-02-05 20:23:44
7788,松川精密,177.0,57.16,70.89,K<D,69.59,13.38,12.72,0.65,DIF>MACD,207.88,161.65,115.42,66.6,788,926,0.85,141.15,43.28,4.09,2.5,1.41,2026-02-05 20:23:45
7791,皇家可口,70.2,14.3,19.03,K<D,27.27,-0.5,-0.42,-0.08,DIF<MACD,72.76,71.29,69.83,12.7,46,69,0.67,49.14,11.8,5.95,3.3,4.7,2026-02-05 20:23:47
7795,長廣,395.5,63.38,74.19,K<D,67.39,42.2,41.3,0.89,DIF>MACD,475.97,353.57,231.18,67.1,1810,1692,1.07,311.77,131.4,3.01,3.0,0.76,2026-02-05 20:23:48
7799,禾榮科,440.5,48.26,52.2,K<D,53.39,-5.68,-13.39,7.71,DIF>MACD,476.67,431.65,386.63,59.8,520,1099,0.47,693.84,,,,,2026-02-05 20:23:49
8011,台通,20.6,16.35,18.4,K<D,28.05,-0.42,-0.24,-0.17,DIF<MACD,23.54,21.82,20.11,14.4,1129,1422,0.79,34.18,7.77,2.65,1.4,6.8,2026-02-05 20:23:51
8016,矽創,190.0,39.55,52.01,K<D,51.67,2.31,2.77,-0.46,DIF<MACD,196.73,191.53,186.32,35.4,460,491,0.94,226.05,13.87,13.7,12.0,6.32,2026-02-05 20:23:52
8021,尖點,209.0,34.41,33.21,黃金交叉,44.73,6.51,11.22,-4.71,DIF<MACD,242.64,218.53,194.43,30.2,1788,3723,0.48,298.81,104.5,2.0,1.2,0.57,2026-02-05 20:23:53
8028,昇陽半導體,164.0,15.59,16.59,K<D,24.18,-2.95,-0.8,-2.15,DIF<MACD,195.49,177.97,160.46,10.1,2355,3153,0.75,285.48,40.2,4.08,2.2,1.34,2026-02-05 20:23:54
8033,雷虎,136.0,13.5,26.3,K<D,34.74,-1.49,0.97,-2.46,DIF<MACD,163.42,149.8,136.18,-0.7,2905,5127,0.57,207.58,144.68,0.94,,,2026-02-05 20:23:55
8039,台虹,85.8,25.45,30.21,K<D,49.36,0.28,0.9,-0.62,DIF<MACD,94.11,88.26,82.42,28.9,7620,8897,0.86,225.43,68.1,1.26,2.5,2.91,2026-02-05 20:23:57
8045,達運光電,76.8,23.98,37.35,K<D,51.2,0.54,0.84,-0.31,DIF<MACD,88.94,78.15,67.37,43.7,286,240,1.19,72.98,93.66,0.82,1.97,2.57,2026-02-05 20:23:58
8046,南電,397.5,82.46,83.23,K<D,72.31,35.76,32.35,3.41,DIF>MACD,457.38,342.2,227.02,74.0,2338,2928,0.8,2568.51,276.04,1.44,1.0,0.25,2026-02-05 20:23:59
8070,長華*,44.5,17.77,32.12,K<D,42.67,0.28,0.73,-0.45,DIF<MACD,49.81,47.18,44.55,-1.0,2822,3010,0.94,313.85,22.7,1.96,2.71,6.09,2026-02-05 20:24:00
8072,陞泰,30.2,18.53,18.59,K<D,33.61,-0.17,0.1,-0.27,DIF<MACD,33.54,31.4,29.26,21.9,134,159,0.84,24.16,30.82,0.98,1.0,3.31,2026-02-05 20:24:02
8081,致新,230.0,30.13,47.28,K<D,57.89,6.39,6.84,-0.45,DIF<MACD,251.93,229.65,207.37,50.8,480,570,0.84,197.18,13.2,17.43,16.0,6.96,2026-02-05 20:24:03
8101,華冠,15.1,17.93,28.49,K<D,17.65,-0.27,-0.22,-0.05,DIF<MACD,16.5,15.66,14.82,16.6,4,7,0.52,7.24,5.9,2.56,,,2026-02-05 20:24:04
8103,瀚荃,87.2,27.94,29.3,K<D,42.08,-0.4,0.66,-1.06,DIF<MACD,102.07,93.75,85.44,10.6,1365,2243,0.61,58.14,21.8,4.0,4.87,5.58,2026-02-05 20:24:06
8104,錸寶,36.45,25.57,41.92,K<D,41.29,1.27,1.55,-0.28,DIF<MACD,42.49,37.03,31.56,44.7,2603,6402,0.41,37.6,104.14,,0.1,0.27,2026-02-05 20:24:07
8105,凌巨,12.0,12.76,11.23,K>D,29.52,-0.16,0.14,-0.3,DIF<MACD,15.52,13.41,11.3,16.6,2435,3389,0.72,52.99,54.55,,0.1,0.83,2026-02-05 20:24:08
8110,華東,61.9,12.52,24.46,K<D,32.43,1.48,4.7,-3.22,DIF<MACD,90.18,77.05,63.92,-7.7,28774,45964,0.63,313.05,51.58,1.2,0.2,0.32,2026-02-05 20:24:09
8112,至上,70.7,25.33,36.99,K<D,40.22,-0.35,0.61,-0.97,DIF<MACD,84.32,77.16,70.01,4.8,13815,43157,0.32,369.26,43.37,1.63,3.35,4.74,2026-02-05 20:24:10
8114,振樺電,174.5,14.99,19.53,K<D,30.0,-0.91,1.46,-2.38,DIF<MACD,207.46,190.43,173.39,3.3,717,777,0.92,133.2,9.14,19.09,7.76,4.45,2026-02-05 20:24:11
8131,福懋科,66.2,21.29,39.3,K<D,47.23,2.86,4.79,-1.92,DIF<MACD,84.62,72.42,60.23,24.5,5442,11669,0.47,292.75,84.87,0.78,1.45,2.19,2026-02-05 20:24:13
8150,南茂,53.1,9.81,19.69,K<D,19.58,1.18,3.22,-2.04,DIF<MACD,72.77,62.5,52.24,4.2,14238,23057,0.62,369.27,78.09,0.68,1.23,2.32,2026-02-05 20:24:14
8162,微矽電子-創,36.85,22.46,29.49,K<D,52.26,0.22,0.47,-0.25,DIF<MACD,39.71,37.34,34.97,39.7,38,73,0.52,25.32,18.33,2.01,1.0,2.71,2026-02-05 20:24:15
8163,達方,31.8,34.04,30.52,黃金交叉,50.46,0.04,0.11,-0.07,DIF<MACD,33.36,31.7,30.04,52.9,827,622,1.33,87.77,36.98,0.86,2.0,6.29,2026-02-05 20:24:16
8201,無敵,14.2,28.58,33.09,K<D,48.96,0.05,0.16,-0.12,DIF<MACD,15.92,14.62,13.32,34.0,76,157,0.49,8.86,,,,,2026-02-05 20:24:17
8210,勤誠,1085.0,72.52,55.27,K>D,72.11,12.74,1.69,11.05,DIF>MACD,1031.31,944.05,856.79,130.8,7757,3450,2.25,1359.71,45.76,23.71,7.49,0.69,2026-02-05 20:24:18
8213,志超,36.6,63.75,62.19,K>D,63.4,0.73,0.66,0.07,DIF>MACD,37.34,35.4,33.45,81.0,1433,1284,1.12,96.75,14.24,2.57,1.38,3.77,2026-02-05 20:24:20
8215,明基材,20.85,43.33,28.94,K>D,49.14,0.05,0.11,-0.06,DIF<MACD,21.76,20.49,19.22,64.3,6513,1969,3.31,66.86,1042.5,0.02,0.62,2.97,2026-02-05 20:24:21
8222,寶一,40.1,6.91,10.3,K<D,26.52,-0.39,-0.02,-0.37,DIF<MACD,45.11,42.37,39.64,8.5,293,376,0.78,27.5,65.74,0.61,0.7,1.75,2026-02-05 20:24:22
8249,菱光,62.0,57.41,52.35,黃金交叉,64.9,2.2,2.06,0.14,DIF>MACD,64.9,57.64,50.39,80.0,3592,4503,0.8,83.69,14.16,4.38,2.02,3.26,2026-02-05 20:24:23
8261,富鼎,93.1,26.99,28.09,K<D,53.96,0.01,0.61,-0.6,DIF<MACD,100.3,93.06,85.81,50.3,3706,1551,2.39,110.68,16.62,5.6,3.19,3.43,2026-02-05 20:24:24
8271,宇瞻,102.5,12.75,19.02,K<D,26.72,-0.84,1.98,-2.82,DIF<MACD,136.82,119.62,102.43,0.2,3188,7758,0.41,131.33,27.7,3.7,2.21,2.16,2026-02-05 20:24:25
8341,日友,76.3,18.93,13.76,K>D,8.82,-1.1,-0.55,-0.55,DIF<MACD,88.83,80.28,71.72,26.8,147,319,0.46,99.19,16.62,4.59,3.8,4.98,2026-02-05 20:24:26
8367,建新國際,42.85,29.13,39.86,K<D,41.18,-0.1,-0.1,0.0,DIF>MACD,43.63,43.11,42.6,24.1,26,29,0.9,39.5,13.06,3.28,2.8,6.53,2026-02-05 20:24:28
8374,羅昇,87.5,28.93,36.09,K<D,48.52,1.3,2.08,-0.77,DIF<MACD,96.85,88.57,80.29,43.5,518,890,0.58,98.22,79.55,1.1,0.45,0.51,2026-02-05 20:24:29
8404,百和興業-KY,22.95,11.6,13.81,K<D,32.14,-0.32,-0.21,-0.12,DIF<MACD,25.2,23.87,22.53,15.8,246,340,0.72,96.37,17.93,1.28,0.15,0.65,2026-02-05 20:24:30
8411,福貞-KY,12.15,81.96,77.87,K>D,56.25,-0.03,-0.05,0.02,DIF>MACD,12.2,12.05,11.91,83.2,77,56,1.38,26.54,21.7,,0.05,0.41,2026-02-05 20:24:31
8422,可寧衛*,35.8,12.83,13.68,K<D,29.81,0.82,2.15,-1.33,DIF<MACD,49.64,41.06,32.48,19.4,26874,46008,0.58,406.97,29.59,1.21,0.99,2.77,2026-02-05 20:24:33
8429,金麗-KY,7.48,12.3,20.25,K<D,43.48,-0.03,-0.02,-0.02,DIF<MACD,7.77,7.57,7.38,26.4,302,322,0.94,13.89,187.0,0.04,,,2026-02-05 20:24:34
8438,昶昕,52.9,17.31,32.56,K<D,41.21,3.65,5.82,-2.18,DIF<MACD,71.28,59.66,48.04,20.9,801,1115,0.72,37.0,32.26,1.64,1.3,2.46,2026-02-05 20:24:35
8442,威宏-KY,68.7,19.34,25.17,K<D,34.25,-0.37,-0.11,-0.26,DIF<MACD,73.21,70.69,68.17,10.5,14,50,0.29,48.21,12.27,5.6,6.41,9.33,2026-02-05 20:24:36
8443,阿瘦,11.6,65.38,63.17,黃金交叉,60.0,0.06,0.06,0.0,黃金交叉,11.71,11.37,11.02,84.4,304,67,4.49,7.75,,,0.2,1.72,2026-02-05 20:24:37
8454,富邦媒,187.0,22.49,19.98,K>D,17.07,-5.86,-5.7,-0.16,DIF<MACD,209.81,195.62,181.44,19.6,434,426,1.02,495.5,15.58,12.0,12.19,6.52,2026-02-05 20:24:38
8462,柏文,142.5,34.48,25.92,K>D,28.85,-3.29,-2.46,-0.83,DIF<MACD,162.0,148.38,134.75,28.4,99,173,0.58,112.99,19.55,7.29,4.2,2.95,2026-02-05 20:24:40
8463,潤泰材,26.6,47.76,43.03,K>D,38.89,-0.05,-0.02,-0.02,DIF<MACD,27.13,26.78,26.42,25.4,43,59,0.72,39.9,12.49,2.13,1.1,4.14,2026-02-05 20:24:41
8464,億豐,416.0,40.05,50.71,K<D,48.91,8.68,9.86,-1.18,DIF<MACD,438.39,412.88,387.36,56.1,916,1361,0.67,1218.96,18.61,22.35,14.5,3.49,2026-02-05 20:24:42
8466,美吉吉-KY,22.1,9.2,15.82,K<D,10.87,-0.03,0.06,-0.09,DIF<MACD,24.06,22.48,20.9,38.1,16,21,0.74,17.56,39.46,0.56,1.2,5.43,2026-02-05 20:24:43
8467,波力-KY,193.5,64.73,55.16,K>D,65.91,5.83,6.22,-0.39,DIF<MACD,199.55,184.8,170.05,79.5,115,68,1.68,95.5,15.3,12.65,4.06,2.1,2026-02-05 20:24:44
8473,山林水,37.0,20.62,15.15,K>D,19.88,-0.13,0.25,-0.38,DIF<MACD,42.05,38.77,35.49,23.1,304,551,0.55,66.92,18.23,2.03,0.73,1.97,2026-02-05 20:24:45
8476,台境*,18.55,11.62,10.91,黃金交叉,30.16,-0.18,0.27,-0.45,DIF<MACD,24.88,20.5,16.12,27.7,808,1096,0.74,29.92,206.11,0.09,1.02,5.5,2026-02-05 20:24:47
8478,東哥遊艇,183.5,29.52,28.34,K>D,38.33,-2.61,-2.02,-0.58,DIF<MACD,196.22,188.72,181.23,15.1,160,150,1.07,172.44,25.1,7.31,5.0,2.72,2026-02-05 20:24:48
8481,政伸,41.75,9.09,23.37,K<D,33.33,0.25,0.36,-0.11,DIF<MACD,43.43,42.04,40.65,39.7,20,23,0.87,27.81,12.81,3.26,2.55,6.11,2026-02-05 20:24:49
8482,商億-KY,48.75,68.07,56.47,K>D,40.65,-0.22,-0.2,-0.02,DIF<MACD,50.85,48.93,47.01,45.4,4,4,0.89,51.23,16.64,2.93,4.36,8.94,2026-02-05 20:24:50
8487,愛爾達-創,80.3,28.74,30.6,K<D,48.0,0.46,0.55,-0.08,DIF<MACD,81.38,80.2,79.01,54.4,6,18,0.37,21.31,17.38,4.62,5.2,6.48,2026-02-05 20:24:51
8488,吉源-KY,9.74,10.02,12.21,K<D,39.6,-0.05,-0.03,-0.02,DIF<MACD,10.16,9.95,9.74,-0.9,38,77,0.49,7.16,,,,,2026-02-05 20:24:52
8499,鼎炫-KY,270.0,10.76,20.43,K<D,34.17,-11.19,-8.2,-2.99,DIF<MACD,338.06,307.7,277.34,-12.1,289,136,2.13,111.15,25.14,10.74,8.06,2.99,2026-02-05 20:24:54
8926,台汽電,43.65,30.87,32.09,K<D,60.36,0.45,0.46,-0.01,DIF<MACD,45.02,43.03,41.04,65.6,556,819,0.68,318.77,18.34,2.38,2.1,4.81,2026-02-05 20:24:55
8940,新天地,20.4,27.67,20.28,K>D,44.44,-0.1,-0.06,-0.04,DIF<MACD,20.83,20.45,20.06,44.1,106,62,1.71,13.77,26.84,0.76,,,2026-02-05 20:24:56
8996,高力,809.0,70.79,75.0,K<D,67.87,55.51,50.44,5.07,DIF>MACD,840.44,740.0,639.56,84.3,2891,4918,0.59,742.25,123.89,6.53,4.02,0.5,2026-02-05 20:24:57
9103,美德醫療-DR,5.93,71.68,74.09,K<D,72.1,0.39,0.28,0.11,DIF>MACD,6.53,5.16,3.79,78.2,1073,6252,0.17,32.31,,,,,2026-02-05 20:24:58
9105,泰金寶-DR,5.99,22.66,22.71,K<D,38.55,0.02,0.05,-0.04,DIF<MACD,6.65,6.2,5.75,26.5,22748,18958,1.2,625.96,28.52,0.21,0.18,3.01,2026-02-05 20:25:00
9110,越南控-DR,3.1,39.82,48.39,K<D,47.83,-0.0,0.0,-0.0,DIF<MACD,3.21,3.09,2.97,52.9,69,47,1.46,28.14,,,,,2026-02-05 20:25:01
9136,巨騰-DR,7.54,11.66,13.87,K<D,14.98,-0.05,0.07,-0.12,DIF<MACD,8.93,8.13,7.32,13.6,286,276,1.04,63.76,,,,,2026-02-05 20:25:02
9801,9801,10.87,44.34,50.89,K<D,40.24,-0.05,-0.04,-0.0,DIF<MACD,11.33,11.04,10.76,19.6,1566,2375,0.66,,,,,,2026-02-05 20:25:03
9802,鈺齊-KY,94.9,22.45,16.41,K>D,30.28,-2.42,-2.31,-0.11,DIF<MACD,104.19,97.94,91.68,25.7,1090,1154,0.94,190.74,13.22,7.18,5.1,5.37,2026-02-05 20:25:04
9902,台火,16.65,16.2,25.94,K<D,43.82,-0.12,0.01,-0.12,DIF<MACD,18.3,17.27,16.24,20.1,110,265,0.42,16.33,555.0,0.03,0.3,1.8,2026-02-05 20:25:05
9904,寶成,30.95,27.99,24.7,黃金交叉,40.79,-0.03,0.04,-0.06,DIF<MACD,32.05,31.12,30.18,41.2,5656,5972,0.95,912.03,8.19,3.78,1.7,5.49,2026-02-05 20:25:07
9905,大華,20.0,38.56,45.48,K<D,42.86,0.0,0.02,-0.01,DIF<MACD,20.2,20.06,19.92,29.3,30,66,0.46,61.0,15.5,1.29,1.2,6.0,2026-02-05 20:25:08
9906,欣巴巴,46.35,45.81,29.84,K>D,33.56,-1.16,-1.11,-0.05,DIF<MACD,50.31,46.68,43.05,45.5,296,340,0.87,41.89,56.52,0.82,6.5,14.02,2026-02-05 20:25:09
9907,統一實,17.9,13.29,13.83,K<D,18.52,-0.15,-0.07,-0.08,DIF<MACD,19.24,18.44,17.64,16.3,1610,2179,0.74,282.67,13.07,1.37,0.97,5.42,2026-02-05 20:25:10
9908,大台北,29.8,34.01,33.06,黃金交叉,42.11,-0.04,-0.04,0.0,黃金交叉,29.98,29.83,29.68,39.8,126,123,1.02,149.26,17.43,1.71,1.2,4.03,2026-02-05 20:25:11
9910,豐泰,94.0,15.59,13.12,黃金交叉,24.23,-5.17,-5.25,0.09,黃金交叉,109.17,99.15,89.12,24.4,1798,1514,1.19,928.23,17.9,5.25,5.1,5.43,2026-02-05 20:25:12
9911,櫻花,85.4,49.19,37.18,K>D,59.62,0.08,0.05,0.03,黃金交叉,85.44,84.12,82.8,98.5,720,256,2.81,187.95,14.43,5.92,4.7,5.5,2026-02-05 20:25:14
9912,偉聯,12.0,27.55,28.9,K<D,50.0,-0.05,-0.05,-0.0,DIF<MACD,12.16,12.02,11.87,44.0,15,19,0.82,6.5,,,,,2026-02-05 20:25:15
9914,美利達,86.4,36.04,32.17,K>D,35.38,0.12,0.21,-0.09,DIF<MACD,93.37,87.18,80.98,43.7,1203,1675,0.72,258.32,13.07,,4.0,4.63,2026-02-05 20:25:16
9917,中保科,105.5,11.86,10.74,黃金交叉,33.33,-0.75,-0.48,-0.27,DIF<MACD,110.87,107.33,103.78,24.2,477,653,0.73,468.47,16.03,6.58,5.2,4.93,2026-02-05 20:25:17
9918,欣天然,39.75,81.32,76.85,K>D,51.28,0.01,-0.02,0.02,DIF>MACD,39.93,39.59,39.24,73.8,2,9,0.24,70.76,22.98,1.73,1.6,4.03,2026-02-05 20:25:19
9919,康那香,16.95,21.8,29.3,K<D,52.29,0.19,0.18,0.0,DIF>MACD,18.59,16.94,15.28,50.4,543,1890,0.29,33.11,,,0.2,1.18,2026-02-05 20:25:20
9921,巨大,90.0,29.75,29.28,K>D,35.63,-0.79,-0.58,-0.21,DIF<MACD,97.07,92.35,87.64,25.0,1750,2160,0.81,352.86,14.71,,2.2,2.44,2026-02-05 20:25:22
9924,福興,48.1,25.18,18.68,K>D,27.91,-1.03,-0.97,-0.06,DIF<MACD,51.13,49.19,47.26,21.7,66,78,0.85,72.52,10.98,4.38,5.88,12.22,2026-02-05 20:25:23
9925,新保,40.65,28.57,29.12,K<D,44.0,-0.03,-0.01,-0.02,DIF<MACD,41.01,40.78,40.54,23.1,108,200,0.54,156.18,16.52,2.46,2.0,4.92,2026-02-05 20:25:24
9926,新海,49.1,42.9,38.01,K>D,44.44,-0.08,-0.08,0.0,DIF>MACD,49.5,49.28,49.06,9.9,8,10,0.78,88.14,18.74,2.62,2.0,4.07,2026-02-05 20:25:25
9927,泰銘,69.4,15.71,28.12,K<D,39.62,0.17,0.33,-0.16,DIF<MACD,71.85,70.15,68.45,27.9,37,63,0.6,83.28,12.5,5.55,2.83,4.08,2026-02-05 20:25:26
9928,中視,18.15,33.1,41.32,K<D,39.13,-0.07,-0.08,0.01,DIF>MACD,18.47,18.19,17.9,43.4,47,53,0.88,12.84,,,,,2026-02-05 20:25:28
9929,秋雨,10.5,62.12,81.99,K<D,47.62,0.03,0.03,-0.0,DIF<MACD,10.96,10.66,10.37,22.7,2,2,0.73,10.63,,,,,2026-02-05 20:25:29
9930,中聯資源,69.7,24.3,20.86,K>D,21.43,-0.29,-0.16,-0.12,DIF<MACD,71.98,70.54,69.1,20.8,31,102,0.31,173.23,13.88,5.02,4.0,5.74,2026-02-05 20:25:30
9931,欣高,33.95,34.03,43.25,K<D,45.0,0.03,0.03,-0.0,DIF<MACD,34.34,34.02,33.69,40.0,10,6,1.57,40.87,12.44,2.73,1.8,5.3,2026-02-05 20:25:31
9933,中鼎,31.3,20.1,16.19,K>D,23.47,-0.24,-0.08,-0.15,DIF<MACD,34.03,32.24,30.45,23.8,2293,2804,0.82,278.99,97.81,0.32,1.0,3.19,2026-02-05 20:25:32
9934,成霖,10.0,12.42,18.47,K<D,50.0,-0.0,0.06,-0.06,DIF<MACD,10.83,10.23,9.63,30.8,302,451,0.67,41.1,58.82,0.17,0.35,3.5,2026-02-05 20:25:34
9935,慶豐富,19.8,24.62,21.92,黃金交叉,38.64,-0.14,-0.07,-0.06,DIF<MACD,20.89,20.12,19.36,28.8,51,165,0.31,35.21,12.0,1.65,1.8,9.09,2026-02-05 20:25:35
9937,全國,57.2,26.95,33.32,K<D,43.64,-0.14,-0.02,-0.11,DIF<MACD,59.18,57.73,56.28,31.7,19,28,0.69,176.77,24.14,2.37,2.1,3.67,2026-02-05 20:25:36
9938,百和,51.7,41.54,27.06,K>D,37.31,-0.43,-0.39,-0.04,DIF<MACD,54.65,52.12,49.59,41.7,1699,1451,1.17,154.05,12.02,4.3,3.0,5.8,2026-02-05 20:25:37
9939,宏全,120.0,31.63,36.59,K<D,56.41,-0.1,-0.08,-0.02,DIF<MACD,123.04,119.4,115.76,58.3,804,1123,0.72,354.94,13.7,8.76,6.2,5.17,2026-02-05 20:25:38
9940,信義,21.85,22.16,17.8,黃金交叉,26.47,-0.24,-0.2,-0.05,DIF<MACD,23.12,22.26,21.4,26.1,257,364,0.71,161.0,54.62,0.4,1.8,8.24,2026-02-05 20:25:40
9941,裕融,78.7,33.45,28.59,K>D,40.54,-2.09,-2.47,0.39,DIF>MACD,81.79,79.28,76.76,38.6,1221,1051,1.16,453.03,11.37,6.92,4.38,5.57,2026-02-05 20:25:41
9942,茂順,111.5,58.51,67.01,K<D,54.84,1.46,1.54,-0.07,DIF<MACD,115.14,110.47,105.81,61.0,47,97,0.49,92.72,13.39,8.33,7.0,6.28,2026-02-05 20:25:42
9943,好樂迪,59.5,32.32,24.91,K>D,28.0,-0.33,-0.32,-0.02,DIF<MACD,60.66,59.85,59.04,28.4,40,44,0.91,74.48,12.0,4.96,4.8,8.07,2026-02-05 20:25:43
9944,新麗,16.65,16.91,24.38,K<D,48.84,-0.05,-0.01,-0.04,DIF<MACD,17.27,16.86,16.45,24.2,32,58,0.55,17.63,,,0.3,1.8,2026-02-05 20:25:45
9945,潤泰新,29.05,35.47,23.65,K>D,41.56,-0.29,-0.23,-0.06,DIF<MACD,30.33,29.3,28.27,37.7,5193,7524,0.69,823.43,8.47,3.43,1.1,3.79,2026-02-05 20:25:46
9946,三發地產,16.5,14.74,15.27,K<D,17.78,-0.47,-0.35,-0.12,DIF<MACD,19.06,17.59,16.13,12.7,668,290,2.3,53.53,91.67,0.18,1.04,6.3,2026-02-05 20:25:47
9955,佳龍,32.9,17.46,28.92,K<D,45.02,0.42,1.09,-0.67,DIF<MACD,40.83,35.83,30.84,20.6,717,1601,0.45,34.37,,,,,2026-02-05 20:25:48
9958,世紀鋼,128.5,15.36,20.39,K<D,22.67,-2.3,-1.1,-1.2,DIF<MACD,148.16,137.97,127.79,3.5,1415,1763,0.8,317.26,25.1,5.12,4.16,3.24,2026-02-05 20:25:49
